z (mm) - Bz on axis	Total potential (T) - Bz on axis	z (mm) - Min |B| on wall	Total potential (T) - Min |B| on wall	
-2229	6.82861E-6	-1000	0.818806	
-2226	4.61356E-5	-999.5	0.819963	
-2223	8.58046E-5	-999	0.821118	
-2220	0.00012584	-998.5	0.82227	
-2217	0.000166247	-998	0.823419	
-2214	0.000207029	-997.5	0.824566	
-2211	0.000248192	-997	0.825711	
-2208	0.00028974	-996.5	0.826853	
-2205	0.000331679	-996	0.827993	
-2202	0.000374013	-995.5	0.82913	
-2199	0.000416748	-995	0.830265	
-2196	0.000459888	-994.5	0.831398	
-2193	0.000503439	-994	0.832527	
-2190	0.000547406	-993.5	0.833655	
-2187	0.000591794	-993	0.834779	
-2184	0.00063661	-992.5	0.835901	
-2181	0.000681857	-992	0.837021	
-2178	0.000727543	-991.5	0.838138	
-2175	0.000773673	-991	0.839252	
-2172	0.000820251	-990.5	0.840364	
-2169	0.000867286	-990	0.841473	
-2166	0.000914781	-989.5	0.842579	
-2163	0.000962744	-989	0.843683	
-2160	0.00101118	-988.5	0.844784	
-2157	0.0010601	-988	0.845882	
-2154	0.0011095	-987.5	0.846978	
-2151	0.00115939	-987	0.848071	
-2148	0.00120979	-986.5	0.849161	
-2145	0.00126069	-986	0.850248	
-2142	0.0013121	-985.5	0.851333	
-2139	0.00136403	-985	0.852415	
-2136	0.00141649	-984.5	0.853494	
-2133	0.00146948	-984	0.854571	
-2130	0.00152301	-983.5	0.855644	
-2127	0.00157708	-983	0.856715	
-2124	0.00163172	-982.5	0.857783	
-2121	0.00168691	-982	0.858848	
-2118	0.00174268	-981.5	0.85991	
-2115	0.00179902	-981	0.86097	
-2112	0.00185595	-980.5	0.862026	
-2109	0.00191347	-980	0.86308	
-2106	0.00197159	-979.5	0.86413	
-2103	0.00203032	-979	0.865178	
-2100	0.00208967	-978.5	0.866223	
-2097	0.00214965	-978	0.867265	
-2094	0.00221026	-977.5	0.868304	
-2091	0.00227152	-977	0.86934	
-2088	0.00233342	-976.5	0.870373	
-2085	0.00239599	-976	0.871403	
-2082	0.00245924	-975.5	0.872431	
-2079	0.00252316	-975	0.873455	
-2076	0.00258777	-974.5	0.874476	
-2073	0.00265308	-974	0.875494	
-2070	0.00271909	-973.5	0.876509	
-2067	0.00278583	-973	0.877521	
-2064	0.0028533	-972.5	0.87853	
-2061	0.0029215	-972	0.879536	
-2058	0.00299046	-971.5	0.880539	
-2055	0.00306017	-971	0.881539	
-2052	0.00313065	-970.5	0.882536	
-2049	0.00320192	-970	0.88353	
-2046	0.00327398	-969.5	0.88452	
-2043	0.00334684	-969	0.885508	
-2040	0.00342052	-968.5	0.886492	
-2037	0.00349503	-968	0.887474	
-2034	0.00357037	-967.5	0.888452	
-2031	0.00364657	-967	0.889427	
-2028	0.00372362	-966.5	0.890399	
-2025	0.00380156	-966	0.891367	
-2022	0.00388038	-965.5	0.892333	
-2019	0.0039601	-965	0.893295	
-2016	0.00404074	-964.5	0.894254	
-2013	0.0041223	-964	0.89521	
-2010	0.0042048	-963.5	0.896163	
-2007	0.00428826	-963	0.897113	
-2004	0.00437269	-962.5	0.898059	
-2001	0.0044581	-962	0.899002	
-1998	0.0045445	-961.5	0.899942	
-1995	0.00463192	-961	0.900879	
-1992	0.00472036	-960.5	0.901812	
-1989	0.00480984	-960	0.902742	
-1986	0.00490038	-959.5	0.903669	
-1983	0.004992	-959	0.904593	
-1980	0.0050847	-958.5	0.905513	
-1977	0.0051785	-958	0.906431	
-1974	0.00527343	-957.5	0.907344	
-1971	0.00536949	-957	0.908255	
-1968	0.00546671	-956.5	0.909162	
-1965	0.0055651	-956	0.910066	
-1962	0.00566467	-955.5	0.910967	
-1959	0.00576546	-955	0.911864	
-1956	0.00586747	-954.5	0.912758	
-1953	0.00597073	-954	0.913649	
-1950	0.00607524	-953.5	0.914537	
-1947	0.00618104	-953	0.915421	
-1944	0.00628814	-952.5	0.916301	
-1941	0.00639657	-952	0.917179	
-1938	0.00650633	-951.5	0.918053	
-1935	0.00661746	-951	0.918924	
-1932	0.00672996	-950.5	0.919791	
-1929	0.00684388	-950	0.920655	
-1926	0.00695921	-949.5	0.921516	
-1923	0.007076	-949	0.922373	
-1920	0.00719425	-948.5	0.923227	
-1917	0.007314	-948	0.924078	
-1914	0.00743526	-947.5	0.924925	
-1911	0.00755806	-947	0.925769	
-1908	0.00768243	-946.5	0.926609	
-1905	0.00780838	-946	0.927446	
-1902	0.00793595	-945.5	0.92828	
-1899	0.00806515	-945	0.92911	
-1896	0.00819602	-944.5	0.929937	
-1893	0.00832858	-944	0.93076	
-1890	0.00846285	-943.5	0.93158	
-1887	0.00859887	-943	0.932397	
-1884	0.00873666	-942.5	0.93321	
-1881	0.00887625	-942	0.93402	
-1878	0.00901766	-941.5	0.934826	
-1875	0.00916093	-941	0.935629	
-1872	0.00930609	-940.5	0.936429	
-1869	0.00945317	-940	0.937225	
-1866	0.00960219	-939.5	0.938018	
-1863	0.0097532	-939	0.938807	
-1860	0.00990621	-938.5	0.939593	
-1857	0.0100613	-938	0.940376	
-1854	0.0102184	-937.5	0.941155	
-1851	0.0103776	-937	0.94193	
-1848	0.010539	-936.5	0.942702	
-1845	0.0107026	-936	0.943471	
-1842	0.0108684	-935.5	0.944237	
-1839	0.0110364	-935	0.944999	
-1836	0.0112067	-934.5	0.945757	
-1833	0.0113794	-934	0.946512	
-1830	0.0115544	-933.5	0.947264	
-1827	0.0117318	-933	0.948012	
-1824	0.0119117	-932.5	0.948757	
-1821	0.012094	-932	0.949498	
-1818	0.0122789	-931.5	0.950236	
-1815	0.0124663	-931	0.95097	
-1812	0.0126563	-930.5	0.951702	
-1809	0.012849	-930	0.952429	
-1806	0.0130444	-929.5	0.953153	
-1803	0.0132425	-929	0.953874	
-1800	0.0134434	-928.5	0.954591	
-1797	0.0136472	-928	0.955305	
-1794	0.0138538	-927.5	0.956016	
-1791	0.0140634	-927	0.956723	
-1788	0.0142759	-926.5	0.957427	
-1785	0.0144915	-926	0.958127	
-1782	0.0147101	-925.5	0.958824	
-1779	0.0149319	-925	0.959517	
-1776	0.0151569	-924.5	0.960207	
-1773	0.0153851	-924	0.960894	
-1770	0.0156166	-923.5	0.961577	
-1767	0.0158515	-923	0.962257	
-1764	0.0160898	-922.5	0.962933	
-1761	0.0163315	-922	0.963606	
-1758	0.0165768	-921.5	0.964276	
-1755	0.0168257	-921	0.964942	
-1752	0.0170783	-920.5	0.965604	
-1749	0.0173345	-920	0.966264	
-1746	0.0175945	-919.5	0.96692	
-1743	0.0178584	-919	0.967572	
-1740	0.0181262	-918.5	0.968222	
-1737	0.018398	-918	0.968868	
-1734	0.0186739	-917.5	0.96951	
-1731	0.0189538	-917	0.970149	
-1728	0.019238	-916.5	0.970785	
-1725	0.0195264	-916	0.971417	
-1722	0.0198192	-915.5	0.972046	
-1719	0.0201164	-915	0.972672	
-1716	0.0204182	-914.5	0.973294	
-1713	0.0207245	-914	0.973913	
-1710	0.0210354	-913.5	0.974529	
-1707	0.0213511	-913	0.975141	
-1704	0.0216717	-912.5	0.97575	
-1701	0.0219971	-912	0.976355	
-1698	0.0223276	-911.5	0.976958	
-1695	0.0226632	-911	0.977557	
-1692	0.023004	-910.5	0.978152	
-1689	0.02335	-910	0.978745	
-1686	0.0237014	-909.5	0.979334	
-1683	0.0240583	-909	0.979919	
-1680	0.0244208	-908.5	0.980502	
-1677	0.024789	-908	0.981081	
-1674	0.0251629	-907.5	0.981657	
-1671	0.0255427	-907	0.982229	
-1668	0.0259285	-906.5	0.982799	
-1665	0.0263204	-906	0.983365	
-1662	0.0267186	-905.5	0.983927	
-1659	0.027123	-905	0.984487	
-1656	0.0275339	-904.5	0.985043	
-1653	0.0279514	-904	0.985596	
-1650	0.0283755	-903.5	0.986146	
-1647	0.0288065	-903	0.986692	
-1644	0.0292444	-902.5	0.987236	
-1641	0.0296893	-902	0.987776	
-1638	0.0301415	-901.5	0.988313	
-1635	0.030601	-901	0.988846	
-1632	0.0310679	-900.5	0.989377	
-1629	0.0315424	-900	0.989904	
-1626	0.0320247	-899.5	0.990428	
-1623	0.0325149	-899	0.990949	
-1620	0.0330131	-898.5	0.991467	
-1617	0.0335195	-898	0.991982	
-1614	0.0340343	-897.5	0.992493	
-1611	0.0345575	-897	0.993001	
-1608	0.0350894	-896.5	0.993506	
-1605	0.0356301	-896	0.994008	
-1602	0.0361799	-895.5	0.994507	
-1599	0.0367387	-895	0.995003	
-1596	0.0373069	-894.5	0.995496	
-1593	0.0378847	-894	0.995985	
-1590	0.0384721	-893.5	0.996472	
-1587	0.0390694	-893	0.996955	
-1584	0.0396767	-892.5	0.997436	
-1581	0.0402943	-892	0.997913	
-1578	0.0409224	-891.5	0.998387	
-1575	0.0415611	-891	0.998858	
-1572	0.0422106	-890.5	0.999326	
-1569	0.0428713	-890	0.999791	
-1566	0.0435432	-889.5	1.00025	
-1563	0.0442265	-889	1.00071	
-1560	0.0449216	-888.5	1.00117	
-1557	0.0456287	-888	1.00162	
-1554	0.0463479	-887.5	1.00207	
-1551	0.0470795	-887	1.00252	
-1548	0.0478237	-886.5	1.00296	
-1545	0.0485808	-886	1.0034	
-1542	0.0493511	-885.5	1.00384	
-1539	0.0501347	-885	1.00428	
-1536	0.050932	-884.5	1.00471	
-1533	0.0517432	-884	1.00514	
-1530	0.0525685	-883.5	1.00556	
-1527	0.0534083	-883	1.00599	
-1524	0.0542629	-882.5	1.00641	
-1521	0.0551325	-882	1.00683	
-1518	0.0560173	-881.5	1.00724	
-1515	0.0569178	-881	1.00765	
-1512	0.0578342	-880.5	1.00806	
-1509	0.0587668	-880	1.00847	
-1506	0.0597159	-879.5	1.00887	
-1503	0.0606819	-879	1.00927	
-1500	0.0616651	-878.5	1.00967	
-1497	0.0626658	-878	1.01006	
-1494	0.0636843	-877.5	1.01046	
-1491	0.0647211	-877	1.01085	
-1488	0.0657764	-876.5	1.01123	
-1485	0.0668506	-876	1.01162	
-1482	0.0679441	-875.5	1.012	
-1479	0.0690572	-875	1.01238	
-1476	0.0701904	-874.5	1.01275	
-1473	0.0713441	-874	1.01312	
-1470	0.0725185	-873.5	1.01349	
-1467	0.0737142	-873	1.01386	
-1464	0.0749315	-872.5	1.01423	
-1461	0.0761709	-872	1.01459	
-1458	0.0774327	-871.5	1.01495	
-1455	0.0787175	-871	1.0153	
-1452	0.0800256	-870.5	1.01566	
-1449	0.0813576	-870	1.01601	
-1446	0.0827138	-869.5	1.01636	
-1443	0.0840948	-869	1.0167	
-1440	0.0855009	-868.5	1.01705	
-1437	0.0869328	-868	1.01739	
-1434	0.0883908	-867.5	1.01773	
-1431	0.0898756	-867	1.01806	
-1428	0.0913875	-866.5	1.01839	
-1425	0.0929271	-866	1.01872	
-1422	0.094495	-865.5	1.01905	
-1419	0.0960917	-865	1.01938	
-1416	0.0977177	-864.5	1.0197	
-1413	0.0993735	-864	1.02002	
-1410	0.10106	-863.5	1.02034	
-1407	0.102777	-863	1.02065	
-1404	0.104526	-862.5	1.02097	
-1401	0.106307	-862	1.02128	
-1398	0.108121	-861.5	1.02158	
-1395	0.109968	-861	1.02189	
-1392	0.11185	-860.5	1.02219	
-1389	0.113765	-860	1.02249	
-1386	0.115717	-859.5	1.02279	
-1383	0.117704	-859	1.02309	
-1380	0.119727	-858.5	1.02338	
-1377	0.121788	-858	1.02367	
-1374	0.123887	-857.5	1.02396	
-1371	0.126024	-857	1.02425	
-1368	0.128201	-856.5	1.02453	
-1365	0.130418	-856	1.02481	
-1362	0.132675	-855.5	1.02509	
-1359	0.134974	-855	1.02537	
-1356	0.137314	-854.5	1.02564	
-1353	0.139698	-854	1.02592	
-1350	0.142125	-853.5	1.02619	
-1347	0.144597	-853	1.02645	
-1344	0.147114	-852.5	1.02672	
-1341	0.149676	-852	1.02698	
-1338	0.152285	-851.5	1.02724	
-1335	0.154942	-851	1.0275	
-1332	0.157647	-850.5	1.02776	
-1329	0.1604	-850	1.02801	
-1326	0.163204	-849.5	1.02827	
-1323	0.166058	-849	1.02852	
-1320	0.168963	-848.5	1.02876	
-1317	0.17192	-848	1.02901	
-1314	0.174931	-847.5	1.02925	
-1311	0.177995	-847	1.02949	
-1308	0.181114	-846.5	1.02973	
-1305	0.184288	-846	1.02997	
-1302	0.187519	-845.5	1.03021	
-1299	0.190806	-845	1.03044	
-1296	0.194151	-844.5	1.03067	
-1293	0.197556	-844	1.0309	
-1290	0.201019	-843.5	1.03113	
-1287	0.204543	-843	1.03135	
-1284	0.208128	-842.5	1.03157	
-1281	0.211774	-842	1.0318	
-1278	0.215484	-841.5	1.03201	
-1275	0.219257	-841	1.03223	
-1272	0.223094	-840.5	1.03245	
-1269	0.226996	-840	1.03266	
-1266	0.230964	-839.5	1.03287	
-1263	0.234999	-839	1.03308	
-1260	0.239101	-838.5	1.03329	
-1257	0.243271	-838	1.03349	
-1254	0.247509	-837.5	1.03369	
-1251	0.251817	-837	1.0339	
-1248	0.256195	-836.5	1.0341	
-1245	0.260644	-836	1.03429	
-1242	0.265163	-835.5	1.03449	
-1239	0.269755	-835	1.03468	
-1236	0.27442	-834.5	1.03488	
-1233	0.279157	-834	1.03507	
-1230	0.283968	-833.5	1.03525	
-1227	0.288853	-833	1.03544	
-1224	0.293812	-832.5	1.03563	
-1221	0.298846	-832	1.03581	
-1218	0.303956	-831.5	1.03599	
-1215	0.309141	-831	1.03617	
-1212	0.314402	-830.5	1.03635	
-1209	0.319739	-830	1.03652	
-1206	0.325152	-829.5	1.0367	
-1203	0.330642	-829	1.03687	
-1200	0.336209	-828.5	1.03704	
-1197	0.341852	-828	1.03721	
-1194	0.347572	-827.5	1.03738	
-1191	0.353368	-827	1.03755	
-1188	0.359241	-826.5	1.03771	
-1185	0.36519	-826	1.03787	
-1182	0.371215	-825.5	1.03803	
-1179	0.377316	-825	1.03819	
-1176	0.383492	-824.5	1.03835	
-1173	0.389743	-824	1.03851	
-1170	0.396068	-823.5	1.03866	
-1167	0.402467	-823	1.03881	
-1164	0.408939	-822.5	1.03897	
-1161	0.415483	-822	1.03912	
-1158	0.422098	-821.5	1.03926	
-1155	0.428784	-821	1.03941	
-1152	0.435539	-820.5	1.03956	
-1149	0.442362	-820	1.0397	
-1146	0.449253	-819.5	1.03984	
-1143	0.456209	-819	1.03998	
-1140	0.463229	-818.5	1.04012	
-1137	0.470313	-818	1.04026	
-1134	0.477458	-817.5	1.0404	
-1131	0.484662	-817	1.04053	
-1128	0.491924	-816.5	1.04067	
-1125	0.499242	-816	1.0408	
-1122	0.506614	-815.5	1.04093	
-1119	0.514038	-815	1.04106	
-1116	0.521512	-814.5	1.04119	
-1113	0.529033	-814	1.04131	
-1110	0.536599	-813.5	1.04144	
-1107	0.544208	-813	1.04156	
-1104	0.551857	-812.5	1.04169	
-1101	0.559543	-812	1.04181	
-1098	0.567264	-811.5	1.04193	
-1095	0.575017	-811	1.04205	
-1092	0.582799	-810.5	1.04216	
-1089	0.590607	-810	1.04228	
-1086	0.598438	-809.5	1.04239	
-1083	0.606288	-809	1.04251	
-1080	0.614155	-808.5	1.04262	
-1077	0.622035	-808	1.04273	
-1074	0.629924	-807.5	1.04284	
-1071	0.63782	-807	1.04295	
-1068	0.645719	-806.5	1.04306	
-1065	0.653616	-806	1.04316	
-1062	0.661509	-805.5	1.04327	
-1059	0.669394	-805	1.04337	
-1056	0.677267	-804.5	1.04347	
-1053	0.685125	-804	1.04358	
-1050	0.692963	-803.5	1.04368	
-1047	0.700777	-803	1.04378	
-1044	0.708565	-802.5	1.04387	
-1041	0.716322	-802	1.04397	
-1038	0.724044	-801.5	1.04407	
-1035	0.731727	-801	1.04416	
-1032	0.739368	-800.5	1.04425	
-1029	0.746963	-800	1.04435	
-1026	0.754508	-799.5	1.04444	
-1023	0.761999	-799	1.04453	
-1020	0.769432	-798.5	1.04462	
-1017	0.776804	-798	1.04471	
-1014	0.784112	-797.5	1.04479	
-1011	0.791351	-797	1.04488	
-1008	0.798518	-796.5	1.04497	
-1005	0.80561	-796	1.04505	
-1002	0.812624	-795.5	1.04513	
-1000	0.817254	-795	1.04522	
-999.5	0.818406	-794.5	1.0453	
-999	0.819555	-794	1.04538	
-998.5	0.820703	-793.5	1.04546	
-998	0.821847	-793	1.04554	
-997.5	0.82299	-792.5	1.04562	
-997	0.824129	-792	1.04569	
-996.5	0.825267	-791.5	1.04577	
-996	0.826402	-791	1.04585	
-995.5	0.827535	-790.5	1.04592	
-995	0.828665	-790	1.046	
-994.5	0.829792	-789.5	1.04607	
-994	0.830918	-789	1.04614	
-993.5	0.83204	-788.5	1.04621	
-993	0.83316	-788	1.04629	
-992.5	0.834278	-787.5	1.04636	
-992	0.835393	-787	1.04643	
-991.5	0.836506	-786.5	1.0465	
-991	0.837616	-786	1.04657	
-990.5	0.838723	-785.5	1.04664	
-990	0.839828	-785	1.04671	
-989.5	0.84093	-784.5	1.04677	
-989	0.842029	-784	1.04684	
-988.5	0.843126	-783.5	1.04691	
-988	0.844221	-783	1.04698	
-987.5	0.845312	-782.5	1.04705	
-987	0.846401	-782	1.04711	
-986.5	0.847487	-781.5	1.04717	
-986	0.848571	-781	1.04722	
-985.5	0.849652	-780.5	1.04728	
-985	0.85073	-780	1.04733	
-984.5	0.851805	-779.5	1.04738	
-984	0.852878	-779	1.04743	
-983.5	0.853948	-778.5	1.04748	
-983	0.855015	-778	1.04752	
-982.5	0.856079	-777.5	1.04757	
-982	0.857141	-777	1.04761	
-981.5	0.858199	-776.5	1.04765	
-981	0.859255	-776	1.04768	
-980.5	0.860308	-775.5	1.04772	
-980	0.861359	-775	1.04775	
-979.5	0.862406	-774.5	1.04778	
-979	0.863451	-774	1.04781	
-978.5	0.864492	-773.5	1.04783	
-978	0.865531	-773	1.04785	
-977.5	0.866567	-772.5	1.04786	
-977	0.8676	-772	1.04787	
-976.5	0.86863	-771.5	1.04788	
-976	0.869657	-771	1.04788	
-975.5	0.870681	-770.5	1.04788	
-975	0.871703	-770	1.04787	
-974.5	0.872721	-769.5	1.04786	
-974	0.873736	-769	1.04784	
-973.5	0.874749	-768.5	1.04782	
-973	0.875758	-768	1.04778	
-972.5	0.876765	-767.5	1.04774	
-972	0.877768	-767	1.0477	
-971.5	0.878768	-766.5	1.04764	
-971	0.879766	-766	1.04758	
-970.5	0.88076	-765.5	1.04751	
-970	0.881752	-765	1.04743	
-969.5	0.88274	-764.5	1.04734	
-969	0.883725	-764	1.04725	
-968.5	0.884707	-763.5	1.04714	
-968	0.885686	-763	1.04703	
-967.5	0.886662	-762.5	1.0469	
-967	0.887635	-762	1.04677	
-966.5	0.888605	-761.5	1.04663	
-966	0.889572	-761	1.04647	
-965.5	0.890535	-760.5	1.04631	
-965	0.891496	-760	1.04614	
-964.5	0.892453	-759.5	1.04596	
-964	0.893407	-759	1.04577	
-963.5	0.894358	-758.5	1.04557	
-963	0.895306	-758	1.04537	
-962.5	0.896251	-757.5	1.04515	
-962	0.897192	-757	1.04493	
-961.5	0.898131	-756.5	1.04471	
-961	0.899066	-756	1.04447	
-960.5	0.899998	-755.5	1.04423	
-960	0.900927	-755	1.04398	
-959.5	0.901852	-754.5	1.04372	
-959	0.902775	-754	1.04346	
-958.5	0.903694	-753.5	1.04319	
-958	0.90461	-753	1.04291	
-957.5	0.905523	-752.5	1.04262	
-957	0.906432	-752	1.04232	
-956.5	0.907338	-751.5	1.04201	
-956	0.908241	-751	1.04168	
-955.5	0.909141	-750.5	1.04135	
-955	0.910038	-750	1.041	
-954.5	0.910931	-749.5	1.04063	
-954	0.911821	-749	1.04025	
-953.5	0.912708	-748.5	1.03984	
-953	0.913591	-748	1.03942	
-952.5	0.914471	-747.5	1.03897	
-952	0.915348	-747	1.0385	
-951.5	0.916222	-746.5	1.038	
-951	0.917092	-746	1.03747	
-950.5	0.917959	-745.5	1.03691	
-950	0.918823	-745	1.03631	
-949.5	0.919683	-744.5	1.03568	
-949	0.92054	-744	1.035	
-948.5	0.921394	-743.5	1.03428	
-948	0.922244	-743	1.0335	
-947.5	0.923091	-742.5	1.03265	
-947	0.923935	-742	1.03172	
-946.5	0.924775	-741.5	1.0307	
-946	0.925612	-741	1.02956	
-945.5	0.926446	-740.5	1.02829	
-945	0.927277	-740	1.02686	
-944.5	0.928104	-739.5	1.02524	
-944	0.928927	-739	1.02342	
-943.5	0.929748	-738.5	1.02139	
-943	0.930565	-738	1.01917	
-942.5	0.931378	-737.5	1.01679	
-942	0.932189	-737	1.01434	
-941.5	0.932996	-736.5	1.01194	
-941	0.933799	-736	1.00969	
-940.5	0.9346	-735.5	1.00768	
-940	0.935396	-735	1.00596	
-939.5	0.93619	-734.5	1.00457	
-939	0.93698	-734	1.0035	
-938.5	0.937767	-733.5	1.00273	
-938	0.93855	-733	1.00223	
-937.5	0.93933	-732.5	1.00195	
-937	0.940107	-732	1.00189	
-936.5	0.94088	-731.5	1.00203	
-936	0.94165	-731	1.00235	
-935.5	0.942416	-730.5	1.00281	
-935	0.943179	-730	1.0034	
-934.5	0.943939	-729.5	1.00412	
-934	0.944696	-729	1.00493	
-933.5	0.945449	-728.5	1.00583	
-933	0.946198	-728	1.00681	
-932.5	0.946944	-727.5	1.00786	
-932	0.947687	-727	1.00897	
-931.5	0.948427	-726.5	1.01014	
-931	0.949163	-726	1.01136	
-930.5	0.949895	-725.5	1.01262	
-930	0.950625	-725	1.01387	
-929.5	0.951351	-724.5	1.01513	
-929	0.952073	-724	1.01641	
-928.5	0.952792	-723.5	1.01774	
-928	0.953508	-723	1.0191	
-927.5	0.954221	-722.5	1.0205	
-927	0.95493	-722	1.02195	
-926.5	0.955635	-721.5	1.02347	
-926	0.956338	-721	1.02505	
-925.5	0.957037	-720.5	1.0267	
-925	0.957732	-720	1.02845	
-924.5	0.958424	-719.5	1.03031	
-924	0.959113	-719	1.03229	
-923.5	0.959799	-718.5	1.0344	
-923	0.960481	-718	1.03667	
-922.5	0.961159	-717.5	1.0391	
-922	0.961835	-717	1.0417	
-921.5	0.962507	-716.5	1.04448	
-921	0.963176	-716	1.04741	
-920.5	0.963841	-715.5	1.05045	
-920	0.964503	-715	1.05354	
-919.5	0.965161	-714.5	1.05659	
-919	0.965817	-714	1.0594	
-918.5	0.966469	-713.5	1.06111	
-918	0.967117	-713	1.06281	
-917.5	0.967763	-712.5	1.06453	
-917	0.968405	-712	1.06628	
-916.5	0.969043	-711.5	1.06802	
-916	0.969679	-711	1.06973	
-915.5	0.970311	-710.5	1.07133	
-915	0.970939	-710	1.07281	
-914.5	0.971565	-709.5	1.07415	
-914	0.972187	-709	1.07533	
-913.5	0.972805	-708.5	1.07637	
-913	0.973421	-708	1.07727	
-912.5	0.974033	-707.5	1.07806	
-912	0.974642	-707	1.07875	
-911.5	0.975248	-706.5	1.07935	
-911	0.97585	-706	1.07988	
-910.5	0.976449	-705.5	1.08034	
-910	0.977045	-705	1.08075	
-909.5	0.977637	-704.5	1.08111	
-909	0.978226	-704	1.08142	
-908.5	0.978812	-703.5	1.08171	
-908	0.979395	-703	1.08196	
-907.5	0.979975	-702.5	1.08219	
-907	0.980551	-702	1.08239	
-906.5	0.981124	-701.5	1.08258	
-906	0.981694	-701	1.08275	
-905.5	0.98226	-700.5	1.0829	
-905	0.982824	-700	1.08304	
-904.5	0.983384	-699.5	1.08317	
-904	0.983941	-699	1.08329	
-903.5	0.984494	-698.5	1.0834	
-903	0.985045	-698	1.0835	
-902.5	0.985592	-697.5	1.08356	
-902	0.986136	-697	1.08361	
-901.5	0.986677	-696.5	1.08362	
-901	0.987215	-696	1.08363	
-900.5	0.98775	-695.5	1.08364	
-900	0.988281	-695	1.08366	
-899.5	0.98881	-694.5	1.08368	
-899	0.989335	-694	1.08371	
-898.5	0.989857	-693.5	1.08374	
-898	0.990376	-693	1.08377	
-897.5	0.990891	-692.5	1.08381	
-897	0.991404	-692	1.08385	
-896.5	0.991914	-691.5	1.08389	
-896	0.99242	-691	1.08393	
-895.5	0.992924	-690.5	1.08398	
-895	0.993424	-690	1.08402	
-894.5	0.993921	-689.5	1.08407	
-894	0.994415	-689	1.08412	
-893.5	0.994906	-688.5	1.08417	
-893	0.995394	-688	1.08423	
-892.5	0.995879	-687.5	1.08428	
-892	0.996361	-687	1.08433	
-891.5	0.99684	-686.5	1.08439	
-891	0.997316	-686	1.08444	
-890.5	0.997789	-685.5	1.0845	
-890	0.998259	-685	1.08456	
-889.5	0.998725	-684.5	1.08461	
-889	0.999189	-684	1.08467	
-888.5	0.99965	-683.5	1.08472	
-888	1.00011	-683	1.08478	
-887.5	1.00056	-682.5	1.08483	
-887	1.00101	-682	1.08489	
-886.5	1.00146	-681.5	1.08494	
-886	1.00191	-681	1.08499	
-885.5	1.00235	-680.5	1.08505	
-885	1.00279	-680	1.0851	
-884.5	1.00323	-679.5	1.08515	
-884	1.00367	-679	1.0852	
-883.5	1.0041	-678.5	1.08525	
-883	1.00453	-678	1.0853	
-882.5	1.00495	-677.5	1.08534	
-882	1.00537	-677	1.08539	
-881.5	1.00579	-676.5	1.08544	
-881	1.00621	-676	1.08548	
-880.5	1.00663	-675.5	1.08552	
-880	1.00704	-675	1.08556	
-879.5	1.00745	-674.5	1.0856	
-879	1.00785	-674	1.08564	
-878.5	1.00825	-673.5	1.08568	
-878	1.00865	-673	1.08572	
-877.5	1.00905	-672.5	1.08575	
-877	1.00945	-672	1.08579	
-876.5	1.00984	-671.5	1.08582	
-876	1.01023	-671	1.08585	
-875.5	1.01061	-670.5	1.08588	
-875	1.011	-670	1.08591	
-874.5	1.01138	-669.5	1.08593	
-874	1.01176	-669	1.08596	
-873.5	1.01213	-668.5	1.08598	
-873	1.01251	-668	1.08601	
-872.5	1.01288	-667.5	1.08603	
-872	1.01324	-667	1.08605	
-871.5	1.01361	-666.5	1.08607	
-871	1.01397	-666	1.08609	
-870.5	1.01433	-665.5	1.0861	
-870	1.01469	-665	1.08612	
-869.5	1.01504	-664.5	1.08613	
-869	1.01539	-664	1.08615	
-868.5	1.01574	-663.5	1.08616	
-868	1.01609	-663	1.08617	
-867.5	1.01643	-662.5	1.08618	
-867	1.01677	-662	1.08619	
-866.5	1.01711	-661.5	1.0862	
-866	1.01745	-661	1.08621	
-865.5	1.01778	-660.5	1.08621	
-865	1.01811	-660	1.08622	
-864.5	1.01844	-659.5	1.08622	
-864	1.01877	-659	1.08623	
-863.5	1.01909	-658.5	1.08623	
-863	1.01941	-658	1.08624	
-862.5	1.01973	-657.5	1.08624	
-862	1.02005	-657	1.08624	
-861.5	1.02036	-656.5	1.08624	
-861	1.02067	-656	1.08625	
-860.5	1.02098	-655.5	1.08625	
-860	1.02129	-655	1.08625	
-859.5	1.02159	-654.5	1.08625	
-859	1.02189	-654	1.08626	
-858.5	1.02219	-653.5	1.08626	
-858	1.02249	-653	1.08626	
-857.5	1.02278	-652.5	1.08627	
-857	1.02308	-652	1.08627	
-856.5	1.02337	-651.5	1.08628	
-856	1.02365	-651	1.08628	
-855.5	1.02394	-650.5	1.08629	
-855	1.02422	-650	1.0863	
-854.5	1.0245	-649.5	1.08631	
-854	1.02478	-649	1.08632	
-853.5	1.02506	-648.5	1.08633	
-853	1.02533	-648	1.08634	
-852.5	1.0256	-647.5	1.08636	
-852	1.02587	-647	1.08638	
-851.5	1.02614	-646.5	1.08639	
-851	1.0264	-646	1.08641	
-850.5	1.02666	-645.5	1.08644	
-850	1.02692	-645	1.08646	
-849.5	1.02718	-644.5	1.08649	
-849	1.02744	-644	1.08652	
-848.5	1.02769	-643.5	1.08655	
-848	1.02794	-643	1.08658	
-847.5	1.02819	-642.5	1.08661	
-847	1.02844	-642	1.08665	
-846.5	1.02869	-641.5	1.08669	
-846	1.02893	-641	1.08673	
-845.5	1.02917	-640.5	1.08678	
-845	1.02941	-640	1.08683	
-844.5	1.02965	-639.5	1.08688	
-844	1.02988	-639	1.08693	
-843.5	1.03012	-638.5	1.08699	
-843	1.03035	-638	1.08705	
-842.5	1.03058	-637.5	1.08711	
-842	1.0308	-637	1.08717	
-841.5	1.03103	-636.5	1.08724	
-841	1.03125	-636	1.08731	
-840.5	1.03147	-635.5	1.08738	
-840	1.03169	-635	1.08745	
-839.5	1.03191	-634.5	1.08753	
-839	1.03212	-634	1.08761	
-838.5	1.03233	-633.5	1.0877	
-838	1.03255	-633	1.08778	
-837.5	1.03276	-632.5	1.08787	
-837	1.03296	-632	1.08796	
-836.5	1.03317	-631.5	1.08806	
-836	1.03337	-631	1.08815	
-835.5	1.03357	-630.5	1.08825	
-835	1.03377	-630	1.08835	
-834.5	1.03397	-629.5	1.08845	
-834	1.03417	-629	1.08856	
-833.5	1.03436	-628.5	1.08867	
-833	1.03455	-628	1.08877	
-832.5	1.03475	-627.5	1.08888	
-832	1.03493	-627	1.089	
-831.5	1.03512	-626.5	1.08911	
-831	1.03531	-626	1.08922	
-830.5	1.03549	-625.5	1.08934	
-830	1.03567	-625	1.08946	
-829.5	1.03585	-624.5	1.08957	
-829	1.03603	-624	1.08969	
-828.5	1.03621	-623.5	1.08981	
-828	1.03638	-623	1.08993	
-827.5	1.03656	-622.5	1.09004	
-827	1.03673	-622	1.09016	
-826.5	1.0369	-621.5	1.09028	
-826	1.03707	-621	1.0904	
-825.5	1.03724	-620.5	1.09051	
-825	1.0374	-620	1.09063	
-824.5	1.03757	-619.5	1.09074	
-824	1.03773	-619	1.09085	
-823.5	1.03789	-618.5	1.09096	
-823	1.03805	-618	1.09107	
-822.5	1.0382	-617.5	1.09118	
-822	1.03836	-617	1.09129	
-821.5	1.03851	-616.5	1.09139	
-821	1.03867	-616	1.09149	
-820.5	1.03882	-615.5	1.09159	
-820	1.03897	-615	1.09168	
-819.5	1.03912	-614.5	1.09178	
-819	1.03926	-614	1.09186	
-818.5	1.03941	-613.5	1.09195	
-818	1.03955	-613	1.09203	
-817.5	1.0397	-612.5	1.09211	
-817	1.03984	-612	1.09219	
-816.5	1.03998	-611.5	1.09226	
-816	1.04011	-611	1.09233	
-815.5	1.04025	-610.5	1.0924	
-815	1.04039	-610	1.09246	
-814.5	1.04052	-609.5	1.09252	
-814	1.04065	-609	1.09258	
-813.5	1.04079	-608.5	1.09263	
-813	1.04092	-608	1.09268	
-812.5	1.04104	-607.5	1.09272	
-812	1.04117	-607	1.09276	
-811.5	1.0413	-606.5	1.09279	
-811	1.04142	-606	1.09282	
-810.5	1.04155	-605.5	1.09285	
-810	1.04167	-605	1.09287	
-809.5	1.04179	-604.5	1.09289	
-809	1.04191	-604	1.09288	
-808.5	1.04203	-603.5	1.09286	
-808	1.04214	-603	1.09283	
-807.5	1.04226	-602.5	1.0928	
-807	1.04238	-602	1.09277	
-806.5	1.04249	-601.5	1.09273	
-806	1.0426	-601	1.09269	
-805.5	1.04271	-600.5	1.09264	
-805	1.04282	-600	1.09259	
-804.5	1.04293	-599.5	1.09254	
-804	1.04304	-599	1.09248	
-803.5	1.04315	-598.5	1.09242	
-803	1.04325	-598	1.09236	
-802.5	1.04336	-597.5	1.09229	
-802	1.04346	-597	1.09222	
-801.5	1.04356	-596.5	1.09215	
-801	1.04366	-596	1.09208	
-800.5	1.04377	-595.5	1.092	
-800	1.04386	-595	1.09192	
-799.5	1.04396	-594.5	1.09184	
-799	1.04406	-594	1.09175	
-798.5	1.04416	-593.5	1.09167	
-798	1.04425	-593	1.09158	
-797.5	1.04435	-592.5	1.09149	
-797	1.04444	-592	1.0914	
-796.5	1.04453	-591.5	1.0913	
-796	1.04462	-591	1.09121	
-795.5	1.04471	-590.5	1.09112	
-795	1.0448	-590	1.09102	
-794.5	1.04489	-589.5	1.09092	
-794	1.04498	-589	1.09083	
-793.5	1.04507	-588.5	1.09073	
-793	1.04516	-588	1.09063	
-792.5	1.04524	-587.5	1.09054	
-792	1.04533	-587	1.09044	
-791.5	1.04541	-586.5	1.09034	
-791	1.04549	-586	1.09025	
-790.5	1.04558	-585.5	1.09015	
-790	1.04566	-585	1.09006	
-789.5	1.04574	-584.5	1.08997	
-789	1.04582	-584	1.08988	
-788.5	1.0459	-583.5	1.08978	
-788	1.04598	-583	1.08969	
-787.5	1.04605	-582.5	1.08961	
-787	1.04613	-582	1.08952	
-786.5	1.04621	-581.5	1.08943	
-786	1.04628	-581	1.08935	
-785.5	1.04636	-580.5	1.08927	
-785	1.04643	-580	1.08919	
-784.5	1.04651	-579.5	1.08911	
-784	1.04658	-579	1.08903	
-783.5	1.04666	-578.5	1.08895	
-783	1.04673	-578	1.08888	
-782.5	1.0468	-577.5	1.0888	
-782	1.04687	-577	1.08873	
-781.5	1.04694	-576.5	1.08866	
-781	1.04701	-576	1.08859	
-780.5	1.04708	-575.5	1.08853	
-780	1.04715	-575	1.08846	
-779.5	1.04722	-574.5	1.0884	
-779	1.04729	-574	1.08833	
-778.5	1.04736	-573.5	1.08827	
-778	1.04742	-573	1.08821	
-777.5	1.04749	-572.5	1.08815	
-777	1.04756	-572	1.0881	
-776.5	1.04762	-571.5	1.08804	
-776	1.04769	-571	1.08799	
-775.5	1.04775	-570.5	1.08793	
-775	1.04782	-570	1.08788	
-774.5	1.04788	-569.5	1.08783	
-774	1.04795	-569	1.08778	
-773.5	1.04801	-568.5	1.08773	
-773	1.04807	-568	1.08768	
-772.5	1.04813	-567.5	1.08764	
-772	1.0482	-567	1.08759	
-771.5	1.04826	-566.5	1.08755	
-771	1.04832	-566	1.08751	
-770.5	1.04838	-565.5	1.08747	
-770	1.04844	-565	1.08743	
-769.5	1.0485	-564.5	1.08739	
-769	1.04856	-564	1.08735	
-768.5	1.04861	-563.5	1.08732	
-768	1.04867	-563	1.08728	
-767.5	1.04873	-562.5	1.08725	
-767	1.04878	-562	1.08722	
-766.5	1.04884	-561.5	1.08718	
-766	1.0489	-561	1.08715	
-765.5	1.04895	-560.5	1.08713	
-765	1.049	-560	1.0871	
-764.5	1.04905	-559.5	1.08707	
-764	1.04911	-559	1.08705	
-763.5	1.04916	-558.5	1.08703	
-763	1.04921	-558	1.087	
-762.5	1.04925	-557.5	1.08698	
-762	1.0493	-557	1.08696	
-761.5	1.04935	-556.5	1.08695	
-761	1.04939	-556	1.08693	
-760.5	1.04944	-555.5	1.08691	
-760	1.04948	-555	1.0869	
-759.5	1.04952	-554.5	1.08689	
-759	1.04956	-554	1.08687	
-758.5	1.0496	-553.5	1.08686	
-758	1.04963	-553	1.08685	
-757.5	1.04967	-552.5	1.08684	
-757	1.0497	-552	1.08683	
-756.5	1.04973	-551.5	1.08683	
-756	1.04976	-551	1.08682	
-755.5	1.04979	-550.5	1.08681	
-755	1.04981	-550	1.08681	
-754.5	1.04984	-549.5	1.08681	
-754	1.04986	-549	1.0868	
-753.5	1.04988	-548.5	1.0868	
-753	1.04989	-548	1.0868	
-752.5	1.04991	-547.5	1.0868	
-752	1.04992	-547	1.08679	
-751.5	1.04993	-546.5	1.08679	
-751	1.04994	-546	1.08679	
-750.5	1.04995	-545.5	1.0868	
-750	1.04995	-545	1.0868	
-749.5	1.04995	-544.5	1.0868	
-749	1.04995	-544	1.0868	
-748.5	1.04994	-543.5	1.0868	
-748	1.04994	-543	1.08681	
-747.5	1.04993	-542.5	1.08681	
-747	1.04992	-542	1.08681	
-746.5	1.0499	-541.5	1.08681	
-746	1.04989	-541	1.08681	
-745.5	1.04987	-540.5	1.08681	
-745	1.04985	-540	1.08681	
-744.5	1.04983	-539.5	1.08681	
-744	1.04981	-539	1.08681	
-743.5	1.04979	-538.5	1.08681	
-743	1.04976	-538	1.08681	
-742.5	1.04973	-537.5	1.08681	
-742	1.0497	-537	1.08681	
-741.5	1.04968	-536.5	1.08681	
-741	1.04965	-536	1.08681	
-740.5	1.04961	-535.5	1.08682	
-740	1.04958	-535	1.08682	
-739.5	1.04955	-534.5	1.08683	
-739	1.04952	-534	1.08683	
-738.5	1.04949	-533.5	1.08684	
-738	1.04946	-533	1.08685	
-737.5	1.04943	-532.5	1.08686	
-737	1.0494	-532	1.08687	
-736.5	1.04937	-531.5	1.08688	
-736	1.04935	-531	1.08689	
-735.5	1.04932	-530.5	1.0869	
-735	1.0493	-530	1.08692	
-734.5	1.04928	-529.5	1.08693	
-734	1.04926	-529	1.08695	
-733.5	1.04924	-528.5	1.08696	
-733	1.04923	-528	1.08698	
-732.5	1.04922	-527.5	1.087	
-732	1.04921	-527	1.08702	
-731.5	1.04921	-526.5	1.08705	
-731	1.04921	-526	1.08707	
-730.5	1.04921	-525.5	1.08709	
-730	1.04922	-525	1.08712	
-729.5	1.04923	-524.5	1.08715	
-729	1.04924	-524	1.08717	
-728.5	1.04926	-523.5	1.0872	
-728	1.04928	-523	1.08723	
-727.5	1.04931	-522.5	1.08726	
-727	1.04934	-522	1.0873	
-726.5	1.04937	-521.5	1.08733	
-726	1.04941	-521	1.08737	
-725.5	1.04945	-520.5	1.0874	
-725	1.0495	-520	1.08744	
-724.5	1.04955	-519.5	1.08748	
-724	1.0496	-519	1.08752	
-723.5	1.04966	-518.5	1.08756	
-723	1.04972	-518	1.0876	
-722.5	1.04979	-517.5	1.08764	
-722	1.04985	-517	1.08768	
-721.5	1.04992	-516.5	1.08773	
-721	1.05	-516	1.08778	
-720.5	1.05007	-515.5	1.08782	
-720	1.05015	-515	1.08787	
-719.5	1.05023	-514.5	1.08792	
-719	1.05031	-514	1.08797	
-718.5	1.0504	-513.5	1.08802	
-718	1.05048	-513	1.08807	
-717.5	1.05057	-512.5	1.08813	
-717	1.05066	-512	1.08818	
-716.5	1.05075	-511.5	1.08824	
-716	1.05084	-511	1.0883	
-715.5	1.05093	-510.5	1.08836	
-715	1.05102	-510	1.08842	
-714.5	1.05111	-509.5	1.08848	
-714	1.0512	-509	1.08854	
-713.5	1.05129	-508.5	1.08861	
-713	1.05138	-508	1.08868	
-712.5	1.05147	-507.5	1.08874	
-712	1.05157	-507	1.08881	
-711.5	1.05166	-506.5	1.08888	
-711	1.05174	-506	1.08896	
-710.5	1.05183	-505.5	1.08903	
-710	1.05192	-505	1.0891	
-709.5	1.05201	-504.5	1.08918	
-709	1.05209	-504	1.08926	
-708.5	1.05218	-503.5	1.08934	
-708	1.05226	-503	1.08942	
-707.5	1.05234	-502.5	1.0895	
-707	1.05243	-502	1.08959	
-706.5	1.05251	-501.5	1.08967	
-706	1.05258	-501	1.08976	
-705.5	1.05266	-500.5	1.08984	
-705	1.05274	-500	1.08993	
-704.5	1.05281	-499.5	1.09002	
-704	1.05289	-499	1.09011	
-703.5	1.05296	-498.5	1.0902	
-703	1.05303	-498	1.09029	
-702.5	1.0531	-497.5	1.09038	
-702	1.05317	-497	1.09047	
-701.5	1.05324	-496.5	1.09056	
-701	1.05331	-496	1.09065	
-700.5	1.05337	-495.5	1.09074	
-700	1.05344	-495	1.09083	
-699.5	1.0535	-494.5	1.09091	
-699	1.05357	-494	1.091	
-698.5	1.05363	-493.5	1.09109	
-698	1.05369	-493	1.09117	
-697.5	1.05375	-492.5	1.09126	
-697	1.05381	-492	1.09134	
-696.5	1.05387	-491.5	1.09142	
-696	1.05393	-491	1.0915	
-695.5	1.05398	-490.5	1.09158	
-695	1.05404	-490	1.09165	
-694.5	1.0541	-489.5	1.09172	
-694	1.05415	-489	1.09179	
-693.5	1.05421	-488.5	1.09186	
-693	1.05426	-488	1.09192	
-692.5	1.05432	-487.5	1.09199	
-692	1.05437	-487	1.09205	
-691.5	1.05442	-486.5	1.0921	
-691	1.05447	-486	1.09216	
-690.5	1.05453	-485.5	1.0922	
-690	1.05458	-485	1.09225	
-689.5	1.05463	-484.5	1.09229	
-689	1.05468	-484	1.09233	
-688.5	1.05473	-483.5	1.09237	
-688	1.05478	-483	1.0924	
-687.5	1.05483	-482.5	1.09243	
-687	1.05487	-482	1.09246	
-686.5	1.05492	-481.5	1.09248	
-686	1.05497	-481	1.09247	
-685.5	1.05502	-480.5	1.09245	
-685	1.05506	-480	1.09243	
-684.5	1.05511	-479.5	1.0924	
-684	1.05515	-479	1.09237	
-683.5	1.0552	-478.5	1.09234	
-683	1.05524	-478	1.09231	
-682.5	1.05529	-477.5	1.09226	
-682	1.05533	-477	1.09222	
-681.5	1.05537	-476.5	1.09217	
-681	1.05541	-476	1.09212	
-680.5	1.05546	-475.5	1.09207	
-680	1.0555	-475	1.09201	
-679.5	1.05554	-474.5	1.09194	
-679	1.05558	-474	1.09188	
-678.5	1.05562	-473.5	1.09181	
-678	1.05566	-473	1.09174	
-677.5	1.0557	-472.5	1.09166	
-677	1.05573	-472	1.09158	
-676.5	1.05577	-471.5	1.0915	
-676	1.05581	-471	1.09142	
-675.5	1.05585	-470.5	1.09133	
-675	1.05588	-470	1.09124	
-674.5	1.05592	-469.5	1.09115	
-674	1.05595	-469	1.09105	
-673.5	1.05599	-468.5	1.09095	
-673	1.05602	-468	1.09085	
-672.5	1.05605	-467.5	1.09075	
-672	1.05609	-467	1.09065	
-671.5	1.05612	-466.5	1.09055	
-671	1.05615	-466	1.09044	
-670.5	1.05618	-465.5	1.09033	
-670	1.05621	-465	1.09022	
-669.5	1.05624	-464.5	1.09012	
-669	1.05627	-464	1.09001	
-668.5	1.0563	-463.5	1.0899	
-668	1.05633	-463	1.08978	
-667.5	1.05636	-462.5	1.08967	
-667	1.05639	-462	1.08956	
-666.5	1.05642	-461.5	1.08945	
-666	1.05645	-461	1.08934	
-665.5	1.05648	-460.5	1.08923	
-665	1.0565	-460	1.08913	
-664.5	1.05653	-459.5	1.08902	
-664	1.05656	-459	1.08891	
-663.5	1.05658	-458.5	1.08881	
-663	1.05661	-458	1.0887	
-662.5	1.05664	-457.5	1.0886	
-662	1.05666	-457	1.0885	
-661.5	1.05669	-456.5	1.0884	
-661	1.05672	-456	1.0883	
-660.5	1.05674	-455.5	1.08821	
-660	1.05677	-455	1.08812	
-659.5	1.0568	-454.5	1.08803	
-659	1.05683	-454	1.08794	
-658.5	1.05685	-453.5	1.08785	
-658	1.05688	-453	1.08777	
-657.5	1.05691	-452.5	1.08769	
-657	1.05694	-452	1.08761	
-656.5	1.05696	-451.5	1.08754	
-656	1.05699	-451	1.08746	
-655.5	1.05702	-450.5	1.08739	
-655	1.05705	-450	1.08733	
-654.5	1.05708	-449.5	1.08726	
-654	1.05711	-449	1.0872	
-653.5	1.05714	-448.5	1.08714	
-653	1.05717	-448	1.08708	
-652.5	1.05721	-447.5	1.08703	
-652	1.05724	-447	1.08698	
-651.5	1.05727	-446.5	1.08693	
-651	1.05731	-446	1.08688	
-650.5	1.05734	-445.5	1.08684	
-650	1.05738	-445	1.08679	
-649.5	1.05742	-444.5	1.08675	
-649	1.05745	-444	1.08672	
-648.5	1.05749	-443.5	1.08668	
-648	1.05753	-443	1.08665	
-647.5	1.05757	-442.5	1.08662	
-647	1.05761	-442	1.0866	
-646.5	1.05766	-441.5	1.08657	
-646	1.0577	-441	1.08655	
-645.5	1.05774	-440.5	1.08653	
-645	1.05779	-440	1.08651	
-644.5	1.05784	-439.5	1.08649	
-644	1.05788	-439	1.08647	
-643.5	1.05793	-438.5	1.08646	
-643	1.05798	-438	1.08645	
-642.5	1.05803	-437.5	1.08644	
-642	1.05808	-437	1.08643	
-641.5	1.05814	-436.5	1.08642	
-641	1.05819	-436	1.08641	
-640.5	1.05825	-435.5	1.0864	
-640	1.0583	-435	1.0864	
-639.5	1.05836	-434.5	1.0864	
-639	1.05842	-434	1.08639	
-638.5	1.05848	-433.5	1.08639	
-638	1.05854	-433	1.08639	
-637.5	1.0586	-432.5	1.08639	
-637	1.05866	-432	1.08639	
-636.5	1.05872	-431.5	1.08639	
-636	1.05879	-431	1.08639	
-635.5	1.05885	-430.5	1.08638	
-635	1.05892	-430	1.08638	
-634.5	1.05898	-429.5	1.08638	
-634	1.05905	-429	1.08638	
-633.5	1.05912	-428.5	1.08638	
-633	1.05919	-428	1.08638	
-632.5	1.05926	-427.5	1.08638	
-632	1.05933	-427	1.08638	
-631.5	1.0594	-426.5	1.08637	
-631	1.05947	-426	1.08637	
-630.5	1.05954	-425.5	1.08637	
-630	1.05961	-425	1.08636	
-629.5	1.05968	-424.5	1.08636	
-629	1.05976	-424	1.08635	
-628.5	1.05983	-423.5	1.08634	
-628	1.0599	-423	1.08633	
-627.5	1.05997	-422.5	1.08632	
-627	1.06005	-422	1.08631	
-626.5	1.06012	-421.5	1.0863	
-626	1.06019	-421	1.08629	
-625.5	1.06026	-420.5	1.08627	
-625	1.06034	-420	1.08626	
-624.5	1.06041	-419.5	1.08624	
-624	1.06048	-419	1.08622	
-623.5	1.06055	-418.5	1.0862	
-623	1.06062	-418	1.08618	
-622.5	1.06069	-417.5	1.08616	
-622	1.06075	-417	1.08614	
-621.5	1.06082	-416.5	1.08611	
-621	1.06089	-416	1.08609	
-620.5	1.06095	-415.5	1.08606	
-620	1.06102	-415	1.08603	
-619.5	1.06108	-414.5	1.086	
-619	1.06114	-414	1.08597	
-618.5	1.06121	-413.5	1.08594	
-618	1.06127	-413	1.0859	
-617.5	1.06132	-412.5	1.08587	
-617	1.06138	-412	1.08583	
-616.5	1.06144	-411.5	1.08579	
-616	1.06149	-411	1.08575	
-615.5	1.06154	-410.5	1.08571	
-615	1.06159	-410	1.08567	
-614.5	1.06164	-409.5	1.08563	
-614	1.06169	-409	1.08558	
-613.5	1.06173	-408.5	1.08554	
-613	1.06177	-408	1.08549	
-612.5	1.06181	-407.5	1.08544	
-612	1.06185	-407	1.08539	
-611.5	1.06189	-406.5	1.08534	
-611	1.06192	-406	1.08529	
-610.5	1.06196	-405.5	1.08524	
-610	1.06199	-405	1.08519	
-609.5	1.06202	-404.5	1.08514	
-609	1.06204	-404	1.08508	
-608.5	1.06207	-403.5	1.08503	
-608	1.06209	-403	1.08498	
-607.5	1.06211	-402.5	1.08492	
-607	1.06212	-402	1.08487	
-606.5	1.06214	-401.5	1.08481	
-606	1.06215	-401	1.08476	
-605.5	1.06216	-400.5	1.0847	
-605	1.06217	-400	1.08465	
-604.5	1.06217	-399.5	1.08459	
-604	1.06217	-399	1.08454	
-603.5	1.06217	-398.5	1.08448	
-603	1.06217	-398	1.08443	
-602.5	1.06217	-397.5	1.08438	
-602	1.06216	-397	1.08433	
-601.5	1.06215	-396.5	1.08428	
-601	1.06214	-396	1.08423	
-600.5	1.06213	-395.5	1.08419	
-600	1.06211	-395	1.08414	
-599.5	1.06209	-394.5	1.0841	
-599	1.06207	-394	1.08406	
-598.5	1.06205	-393.5	1.08402	
-598	1.06203	-393	1.08399	
-597.5	1.062	-392.5	1.08396	
-597	1.06197	-392	1.08393	
-596.5	1.06195	-391.5	1.08391	
-596	1.06191	-391	1.08389	
-595.5	1.06188	-390.5	1.08388	
-595	1.06184	-390	1.08387	
-594.5	1.06181	-389.5	1.08387	
-594	1.06177	-389	1.08387	
-593.5	1.06173	-388.5	1.08388	
-593	1.06169	-388	1.08379	
-592.5	1.06164	-387.5	1.08369	
-592	1.0616	-387	1.08359	
-591.5	1.06155	-386.5	1.08348	
-591	1.0615	-386	1.08336	
-590.5	1.06146	-385.5	1.08323	
-590	1.06141	-385	1.08309	
-589.5	1.06135	-384.5	1.08294	
-589	1.0613	-384	1.08277	
-588.5	1.06125	-383.5	1.08259	
-588	1.06119	-383	1.08239	
-587.5	1.06114	-382.5	1.08216	
-587	1.06108	-382	1.08191	
-586.5	1.06103	-381.5	1.08164	
-586	1.06097	-381	1.08133	
-585.5	1.06091	-380.5	1.08099	
-585	1.06085	-380	1.0806	
-584.5	1.0608	-379.5	1.08017	
-584	1.06074	-379	1.07968	
-583.5	1.06068	-378.5	1.07913	
-583	1.06062	-378	1.07851	
-582.5	1.06056	-377.5	1.0778	
-582	1.0605	-377	1.077	
-581.5	1.06044	-376.5	1.07608	
-581	1.06038	-376	1.07503	
-580.5	1.06032	-375.5	1.07383	
-580	1.06025	-375	1.07246	
-579.5	1.06019	-374.5	1.07089	
-579	1.06013	-374	1.0691	
-578.5	1.06007	-373.5	1.06707	
-578	1.06001	-373	1.06479	
-577.5	1.05995	-372.5	1.06226	
-577	1.05989	-372	1.0595	
-576.5	1.05984	-371.5	1.05656	
-576	1.05978	-371	1.05351	
-575.5	1.05972	-370.5	1.05043	
-575	1.05966	-370	1.04741	
-574.5	1.0596	-369.5	1.04451	
-574	1.05955	-369	1.04176	
-573.5	1.05949	-368.5	1.03918	
-573	1.05944	-368	1.03678	
-572.5	1.05938	-367.5	1.03453	
-572	1.05933	-367	1.03244	
-571.5	1.05927	-366.5	1.03048	
-571	1.05922	-366	1.02864	
-570.5	1.05917	-365.5	1.02689	
-570	1.05912	-365	1.02524	
-569.5	1.05907	-364.5	1.02366	
-569	1.05902	-364	1.02215	
-568.5	1.05897	-363.5	1.02069	
-568	1.05892	-363	1.01928	
-567.5	1.05887	-362.5	1.01791	
-567	1.05882	-362	1.01658	
-566.5	1.05878	-361.5	1.01528	
-566	1.05873	-361	1.01401	
-565.5	1.05869	-360.5	1.01278	
-565	1.05865	-360	1.01157	
-564.5	1.0586	-359.5	1.01041	
-564	1.05856	-359	1.00928	
-563.5	1.05852	-358.5	1.00821	
-563	1.05848	-358	1.00718	
-562.5	1.05844	-357.5	1.00622	
-562	1.05841	-357	1.00533	
-561.5	1.05837	-356.5	1.00452	
-561	1.05833	-356	1.00382	
-560.5	1.0583	-355.5	1.00323	
-560	1.05827	-355	1.00277	
-559.5	1.05823	-354.5	1.00246	
-559	1.0582	-354	1.00232	
-558.5	1.05817	-353.5	1.00238	
-558	1.05814	-353	1.00267	
-557.5	1.05811	-352.5	1.00321	
-557	1.05808	-352	1.00404	
-556.5	1.05806	-351.5	1.00516	
-556	1.05803	-351	1.00661	
-555.5	1.05801	-350.5	1.00838	
-555	1.05798	-350	1.01043	
-554.5	1.05796	-349.5	1.01272	
-554	1.05794	-349	1.01515	
-553.5	1.05792	-348.5	1.0176	
-553	1.0579	-348	1.01998	
-552.5	1.05788	-347.5	1.0222	
-552	1.05786	-347	1.02422	
-551.5	1.05784	-346.5	1.02604	
-551	1.05783	-346	1.02765	
-550.5	1.05781	-345.5	1.02908	
-550	1.0578	-345	1.03035	
-549.5	1.05778	-344.5	1.03149	
-549	1.05777	-344	1.03252	
-548.5	1.05776	-343.5	1.03345	
-548	1.05775	-343	1.03431	
-547.5	1.05774	-342.5	1.0351	
-547	1.05773	-342	1.03583	
-546.5	1.05772	-341.5	1.03652	
-546	1.05771	-341	1.03716	
-545.5	1.05771	-340.5	1.03777	
-545	1.0577	-340	1.03834	
-544.5	1.0577	-339.5	1.03888	
-544	1.05769	-339	1.03939	
-543.5	1.05769	-338.5	1.03988	
-543	1.05769	-338	1.04034	
-542.5	1.05769	-337.5	1.04077	
-542	1.05769	-337	1.04119	
-541.5	1.05769	-336.5	1.04159	
-541	1.05769	-336	1.04197	
-540.5	1.0577	-335.5	1.04233	
-540	1.0577	-335	1.04268	
-539.5	1.0577	-334.5	1.04301	
-539	1.05771	-334	1.04334	
-538.5	1.05772	-333.5	1.04365	
-538	1.05772	-333	1.04395	
-537.5	1.05773	-332.5	1.04425	
-537	1.05774	-332	1.04454	
-536.5	1.05775	-331.5	1.04482	
-536	1.05776	-331	1.04509	
-535.5	1.05777	-330.5	1.04536	
-535	1.05779	-330	1.04562	
-534.5	1.0578	-329.5	1.04587	
-534	1.05781	-329	1.04612	
-533.5	1.05783	-328.5	1.04636	
-533	1.05785	-328	1.04659	
-532.5	1.05786	-327.5	1.04681	
-532	1.05788	-327	1.04703	
-531.5	1.0579	-326.5	1.04724	
-531	1.05792	-326	1.04744	
-530.5	1.05794	-325.5	1.04764	
-530	1.05796	-325	1.04782	
-529.5	1.05799	-324.5	1.048	
-529	1.05801	-324	1.04816	
-528.5	1.05804	-323.5	1.04832	
-528	1.05806	-323	1.04847	
-527.5	1.05809	-322.5	1.04861	
-527	1.05812	-322	1.04874	
-526.5	1.05814	-321.5	1.04887	
-526	1.05817	-321	1.04898	
-525.5	1.0582	-320.5	1.04909	
-525	1.05823	-320	1.04919	
-524.5	1.05827	-319.5	1.04928	
-524	1.0583	-319	1.04937	
-523.5	1.05833	-318.5	1.04944	
-523	1.05837	-318	1.04952	
-522.5	1.0584	-317.5	1.04958	
-522	1.05844	-317	1.04964	
-521.5	1.05848	-316.5	1.04969	
-521	1.05852	-316	1.04974	
-520.5	1.05855	-315.5	1.04978	
-520	1.05859	-315	1.04982	
-519.5	1.05863	-314.5	1.04986	
-519	1.05868	-314	1.04989	
-518.5	1.05872	-313.5	1.04992	
-518	1.05876	-313	1.04994	
-517.5	1.05881	-312.5	1.04996	
-517	1.05885	-312	1.04998	
-516.5	1.0589	-311.5	1.04999	
-516	1.05894	-311	1.05001	
-515.5	1.05899	-310.5	1.05002	
-515	1.05904	-310	1.05003	
-514.5	1.05909	-309.5	1.05003	
-514	1.05914	-309	1.05004	
-513.5	1.05918	-308.5	1.05004	
-513	1.05924	-308	1.05004	
-512.5	1.05929	-307.5	1.05004	
-512	1.05934	-307	1.05004	
-511.5	1.05939	-306.5	1.05004	
-511	1.05944	-306	1.05004	
-510.5	1.0595	-305.5	1.05004	
-510	1.05955	-305	1.05004	
-509.5	1.0596	-304.5	1.05003	
-509	1.05966	-304	1.05003	
-508.5	1.05971	-303.5	1.05001	
-508	1.05977	-303	1.05	
-507.5	1.05982	-302.5	1.04999	
-507	1.05988	-302	1.04997	
-506.5	1.05993	-301.5	1.04996	
-506	1.05999	-301	1.04995	
-505.5	1.06005	-300.5	1.04994	
-505	1.0601	-300	1.04993	
-504.5	1.06016	-299.5	1.04992	
-504	1.06022	-299	1.04991	
-503.5	1.06027	-298.5	1.0499	
-503	1.06033	-298	1.04989	
-502.5	1.06038	-297.5	1.04988	
-502	1.06044	-297	1.04987	
-501.5	1.06049	-296.5	1.04986	
-501	1.06055	-296	1.04985	
-500.5	1.0606	-295.5	1.04985	
-500	1.06066	-295	1.04984	
-499.5	1.06071	-294.5	1.04983	
-499	1.06076	-294	1.04982	
-498.5	1.06082	-293.5	1.04982	
-498	1.06087	-293	1.04981	
-497.5	1.06092	-292.5	1.0498	
-497	1.06097	-292	1.0498	
-496.5	1.06102	-291.5	1.04979	
-496	1.06107	-291	1.04978	
-495.5	1.06112	-290.5	1.04978	
-495	1.06116	-290	1.04977	
-494.5	1.06121	-289.5	1.04976	
-494	1.06125	-289	1.04976	
-493.5	1.06129	-288.5	1.04975	
-493	1.06134	-288	1.04974	
-492.5	1.06138	-287.5	1.04974	
-492	1.06142	-287	1.04973	
-491.5	1.06145	-286.5	1.04972	
-491	1.06149	-286	1.04972	
-490.5	1.06152	-285.5	1.04971	
-490	1.06156	-285	1.0497	
-489.5	1.06159	-284.5	1.0497	
-489	1.06162	-284	1.04969	
-488.5	1.06164	-283.5	1.04968	
-488	1.06167	-283	1.04968	
-487.5	1.06169	-282.5	1.04967	
-487	1.06172	-282	1.04967	
-486.5	1.06174	-281.5	1.04966	
-486	1.06176	-281	1.04965	
-485.5	1.06177	-280.5	1.04965	
-485	1.06179	-280	1.04964	
-484.5	1.0618	-279.5	1.04963	
-484	1.06181	-279	1.04963	
-483.5	1.06182	-278.5	1.04962	
-483	1.06182	-278	1.04961	
-482.5	1.06183	-277.5	1.04961	
-482	1.06183	-277	1.0496	
-481.5	1.06183	-276.5	1.0496	
-481	1.06182	-276	1.04959	
-480.5	1.06182	-275.5	1.04958	
-480	1.06181	-275	1.04958	
-479.5	1.0618	-274.5	1.04957	
-479	1.06179	-274	1.04956	
-478.5	1.06178	-273.5	1.04956	
-478	1.06176	-273	1.04955	
-477.5	1.06174	-272.5	1.04954	
-477	1.06172	-272	1.04954	
-476.5	1.0617	-271.5	1.04953	
-476	1.06168	-271	1.04953	
-475.5	1.06165	-270.5	1.04952	
-475	1.06162	-270	1.04951	
-474.5	1.06159	-269.5	1.04951	
-474	1.06156	-269	1.0495	
-473.5	1.06153	-268.5	1.04949	
-473	1.06149	-268	1.04949	
-472.5	1.06145	-267.5	1.04948	
-472	1.06141	-267	1.04947	
-471.5	1.06137	-266.5	1.04947	
-471	1.06133	-266	1.04946	
-470.5	1.06128	-265.5	1.04945	
-470	1.06123	-265	1.04945	
-469.5	1.06118	-264.5	1.04944	
-469	1.06113	-264	1.04943	
-468.5	1.06108	-263.5	1.04943	
-468	1.06103	-263	1.04942	
-467.5	1.06098	-262.5	1.04941	
-467	1.06092	-262	1.04941	
-466.5	1.06086	-261.5	1.0494	
-466	1.06081	-261	1.04939	
-465.5	1.06075	-260.5	1.04939	
-465	1.06069	-260	1.04938	
-464.5	1.06062	-259.5	1.04937	
-464	1.06056	-259	1.04937	
-463.5	1.0605	-258.5	1.04936	
-463	1.06044	-258	1.04935	
-462.5	1.06037	-257.5	1.04935	
-462	1.06031	-257	1.04934	
-461.5	1.06024	-256.5	1.04933	
-461	1.06018	-256	1.04933	
-460.5	1.06011	-255.5	1.04932	
-460	1.06004	-255	1.04931	
-459.5	1.05998	-254.5	1.04931	
-459	1.05991	-254	1.0493	
-458.5	1.05984	-253.5	1.04929	
-458	1.05978	-253	1.04929	
-457.5	1.05971	-252.5	1.04928	
-457	1.05964	-252	1.04927	
-456.5	1.05957	-251.5	1.04926	
-456	1.05951	-251	1.04926	
-455.5	1.05944	-250.5	1.04925	
-455	1.05938	-250	1.04924	
-454.5	1.05931	-249.5	1.04924	
-454	1.05924	-249	1.04923	
-453.5	1.05918	-248.5	1.04922	
-453	1.05912	-248	1.04921	
-452.5	1.05905	-247.5	1.04921	
-452	1.05899	-247	1.0492	
-451.5	1.05893	-246.5	1.04919	
-451	1.05886	-246	1.04919	
-450.5	1.0588	-245.5	1.04918	
-450	1.05874	-245	1.04917	
-449.5	1.05868	-244.5	1.04916	
-449	1.05863	-244	1.04916	
-448.5	1.05857	-243.5	1.04915	
-448	1.05851	-243	1.04914	
-447.5	1.05846	-242.5	1.04914	
-447	1.0584	-242	1.04913	
-446.5	1.05835	-241.5	1.04912	
-446	1.05829	-241	1.04911	
-445.5	1.05824	-240.5	1.04911	
-445	1.05819	-240	1.0491	
-444.5	1.05814	-239.5	1.04909	
-444	1.05809	-239	1.04908	
-443.5	1.05805	-238.5	1.04908	
-443	1.058	-238	1.04907	
-442.5	1.05795	-237.5	1.04906	
-442	1.05791	-237	1.04906	
-441.5	1.05786	-236.5	1.04905	
-441	1.05782	-236	1.04904	
-440.5	1.05778	-235.5	1.04903	
-440	1.05774	-235	1.04903	
-439.5	1.0577	-234.5	1.04902	
-439	1.05766	-234	1.04901	
-438.5	1.05762	-233.5	1.049	
-438	1.05759	-233	1.04899	
-437.5	1.05755	-232.5	1.04899	
-437	1.05751	-232	1.04898	
-436.5	1.05748	-231.5	1.04897	
-436	1.05745	-231	1.04896	
-435.5	1.05741	-230.5	1.04896	
-435	1.05738	-230	1.04895	
-434.5	1.05735	-229.5	1.04894	
-434	1.05732	-229	1.04893	
-433.5	1.05729	-228.5	1.04893	
-433	1.05726	-228	1.04892	
-432.5	1.05723	-227.5	1.04891	
-432	1.0572	-227	1.0489	
-431.5	1.05717	-226.5	1.04889	
-431	1.05715	-226	1.04889	
-430.5	1.05712	-225.5	1.04888	
-430	1.05709	-225	1.04887	
-429.5	1.05706	-224.5	1.04886	
-429	1.05704	-224	1.04886	
-428.5	1.05701	-223.5	1.04885	
-428	1.05699	-223	1.04884	
-427.5	1.05696	-222.5	1.04883	
-427	1.05694	-222	1.04882	
-426.5	1.05691	-221.5	1.04882	
-426	1.05689	-221	1.04881	
-425.5	1.05686	-220.5	1.0488	
-425	1.05684	-220	1.04879	
-424.5	1.05681	-219.5	1.04878	
-424	1.05679	-219	1.04878	
-423.5	1.05676	-218.5	1.04877	
-423	1.05674	-218	1.04876	
-422.5	1.05671	-217.5	1.04875	
-422	1.05669	-217	1.04874	
-421.5	1.05666	-216.5	1.04873	
-421	1.05664	-216	1.04873	
-420.5	1.05661	-215.5	1.04872	
-420	1.05658	-215	1.04871	
-419.5	1.05656	-214.5	1.0487	
-419	1.05653	-214	1.04869	
-418.5	1.0565	-213.5	1.04869	
-418	1.05647	-213	1.04868	
-417.5	1.05645	-212.5	1.04867	
-417	1.05642	-212	1.04866	
-416.5	1.05639	-211.5	1.04865	
-416	1.05636	-211	1.04864	
-415.5	1.05633	-210.5	1.04864	
-415	1.0563	-210	1.04863	
-414.5	1.05627	-209.5	1.04862	
-414	1.05624	-209	1.04861	
-413.5	1.0562	-208.5	1.0486	
-413	1.05617	-208	1.04859	
-412.5	1.05614	-207.5	1.04859	
-412	1.0561	-207	1.04858	
-411.5	1.05607	-206.5	1.04857	
-411	1.05604	-206	1.04856	
-410.5	1.056	-205.5	1.04855	
-410	1.05596	-205	1.04854	
-409.5	1.05593	-204.5	1.04853	
-409	1.05589	-204	1.04853	
-408.5	1.05585	-203.5	1.04852	
-408	1.05582	-203	1.04851	
-407.5	1.05578	-202.5	1.0485	
-407	1.05574	-202	1.04849	
-406.5	1.0557	-201.5	1.04848	
-406	1.05566	-201	1.04847	
-405.5	1.05562	-200.5	1.04847	
-405	1.05557	-200	1.04846	
-404.5	1.05553	-199.5	1.04845	
-404	1.05549	-199	1.04844	
-403.5	1.05545	-198.5	1.04843	
-403	1.0554	-198	1.04842	
-402.5	1.05536	-197.5	1.04841	
-402	1.05532	-197	1.0484	
-401.5	1.05527	-196.5	1.0484	
-401	1.05522	-196	1.04839	
-400.5	1.05518	-195.5	1.04838	
-400	1.05513	-195	1.04837	
-399.5	1.05508	-194.5	1.04836	
-399	1.05504	-194	1.04835	
-398.5	1.05499	-193.5	1.04834	
-398	1.05494	-193	1.04833	
-397.5	1.05489	-192.5	1.04832	
-397	1.05484	-192	1.04832	
-396.5	1.05479	-191.5	1.04831	
-396	1.05474	-191	1.0483	
-395.5	1.05469	-190.5	1.04829	
-395	1.05464	-190	1.04828	
-394.5	1.05459	-189.5	1.04827	
-394	1.05453	-189	1.04826	
-393.5	1.05448	-188.5	1.04825	
-393	1.05443	-188	1.04824	
-392.5	1.05437	-187.5	1.04824	
-392	1.05432	-187	1.04823	
-391.5	1.05426	-186.5	1.04822	
-391	1.0542	-186	1.04821	
-390.5	1.05415	-185.5	1.0482	
-390	1.05409	-185	1.04819	
-389.5	1.05403	-184.5	1.04818	
-389	1.05397	-184	1.04817	
-388.5	1.05391	-183.5	1.04816	
-388	1.05385	-183	1.04815	
-387.5	1.05379	-182.5	1.04815	
-387	1.05373	-182	1.04814	
-386.5	1.05366	-181.5	1.04813	
-386	1.0536	-181	1.04812	
-385.5	1.05353	-180.5	1.04811	
-385	1.05347	-180	1.0481	
-384.5	1.0534	-179.5	1.04809	
-384	1.05333	-179	1.04808	
-383.5	1.05326	-178.5	1.04807	
-383	1.05319	-178	1.04806	
-382.5	1.05312	-177.5	1.04805	
-382	1.05305	-177	1.04804	
-381.5	1.05297	-176.5	1.04804	
-381	1.0529	-176	1.04803	
-380.5	1.05282	-175.5	1.04802	
-380	1.05274	-175	1.04801	
-379.5	1.05266	-174.5	1.048	
-379	1.05258	-174	1.04799	
-378.5	1.0525	-173.5	1.04798	
-378	1.05242	-173	1.04797	
-377.5	1.05233	-172.5	1.04796	
-377	1.05225	-172	1.04795	
-376.5	1.05216	-171.5	1.04794	
-376	1.05207	-171	1.04793	
-375.5	1.05199	-170.5	1.04793	
-375	1.0519	-170	1.04792	
-374.5	1.05181	-169.5	1.04791	
-374	1.05172	-169	1.0479	
-373.5	1.05163	-168.5	1.04789	
-373	1.05154	-168	1.04788	
-372.5	1.05145	-167.5	1.04787	
-372	1.05136	-167	1.04786	
-371.5	1.05127	-166.5	1.04785	
-371	1.05118	-166	1.04784	
-370.5	1.05109	-165.5	1.04783	
-370	1.051	-165	1.04782	
-369.5	1.05091	-164.5	1.04781	
-369	1.05083	-164	1.0478	
-368.5	1.05074	-163.5	1.0478	
-368	1.05066	-163	1.04779	
-367.5	1.05057	-162.5	1.04778	
-367	1.05049	-162	1.04777	
-366.5	1.05042	-161.5	1.04776	
-366	1.05034	-161	1.04775	
-365.5	1.05027	-160.5	1.04774	
-365	1.0502	-160	1.04773	
-364.5	1.05013	-159.5	1.04772	
-364	1.05007	-159	1.04771	
-363.5	1.05001	-158.5	1.0477	
-363	1.04995	-158	1.04769	
-362.5	1.0499	-157.5	1.04768	
-362	1.04985	-157	1.04767	
-361.5	1.0498	-156.5	1.04766	
-361	1.04976	-156	1.04766	
-360.5	1.04972	-155.5	1.04765	
-360	1.04969	-155	1.04764	
-359.5	1.04966	-154.5	1.04763	
-359	1.04963	-154	1.04762	
-358.5	1.04961	-153.5	1.04761	
-358	1.04959	-153	1.0476	
-357.5	1.04958	-152.5	1.04759	
-357	1.04957	-152	1.04758	
-356.5	1.04957	-151.5	1.04757	
-356	1.04957	-151	1.04756	
-355.5	1.04957	-150.5	1.04755	
-355	1.04958	-150	1.04754	
-354.5	1.04959	-149.5	1.04753	
-354	1.04961	-149	1.04753	
-353.5	1.04963	-148.5	1.04752	
-353	1.04965	-148	1.04751	
-352.5	1.04968	-147.5	1.0475	
-352	1.0497	-147	1.04749	
-351.5	1.04974	-146.5	1.04748	
-351	1.04977	-146	1.04747	
-350.5	1.04981	-145.5	1.04746	
-350	1.04984	-145	1.04745	
-349.5	1.04988	-144.5	1.04744	
-349	1.04993	-144	1.04743	
-348.5	1.04997	-143.5	1.04742	
-348	1.05001	-143	1.04741	
-347.5	1.05006	-142.5	1.04741	
-347	1.0501	-142	1.0474	
-346.5	1.05015	-141.5	1.04739	
-346	1.0502	-141	1.04738	
-345.5	1.05024	-140.5	1.04737	
-345	1.05029	-140	1.04736	
-344.5	1.05034	-139.5	1.04735	
-344	1.05038	-139	1.04734	
-343.5	1.05042	-138.5	1.04733	
-343	1.05047	-138	1.04732	
-342.5	1.05051	-137.5	1.04731	
-342	1.05055	-137	1.0473	
-341.5	1.05059	-136.5	1.0473	
-341	1.05063	-136	1.04729	
-340.5	1.05067	-135.5	1.04728	
-340	1.0507	-135	1.04727	
-339.5	1.05074	-134.5	1.04726	
-339	1.05077	-134	1.04725	
-338.5	1.0508	-133.5	1.04724	
-338	1.05082	-133	1.04723	
-337.5	1.05085	-132.5	1.04722	
-337	1.05087	-132	1.04721	
-336.5	1.0509	-131.5	1.04721	
-336	1.05092	-131	1.0472	
-335.5	1.05093	-130.5	1.04719	
-335	1.05095	-130	1.04718	
-334.5	1.05096	-129.5	1.04717	
-334	1.05097	-129	1.04716	
-333.5	1.05098	-128.5	1.04715	
-333	1.05099	-128	1.04714	
-332.5	1.051	-127.5	1.04713	
-332	1.051	-127	1.04712	
-331.5	1.05101	-126.5	1.04712	
-331	1.05101	-126	1.04711	
-330.5	1.05101	-125.5	1.0471	
-330	1.051	-125	1.04709	
-329.5	1.051	-124.5	1.04708	
-329	1.05099	-124	1.04707	
-328.5	1.05099	-123.5	1.04706	
-328	1.05098	-123	1.04705	
-327.5	1.05097	-122.5	1.04705	
-327	1.05096	-122	1.04704	
-326.5	1.05095	-121.5	1.04703	
-326	1.05094	-121	1.04702	
-325.5	1.05092	-120.5	1.04701	
-325	1.05091	-120	1.047	
-324.5	1.0509	-119.5	1.04699	
-324	1.05088	-119	1.04699	
-323.5	1.05086	-118.5	1.04698	
-323	1.05085	-118	1.04697	
-322.5	1.05083	-117.5	1.04696	
-322	1.05081	-117	1.04695	
-321.5	1.05079	-116.5	1.04694	
-321	1.05078	-116	1.04693	
-320.5	1.05076	-115.5	1.04693	
-320	1.05074	-115	1.04692	
-319.5	1.05072	-114.5	1.04691	
-319	1.0507	-114	1.0469	
-318.5	1.05068	-113.5	1.04689	
-318	1.05066	-113	1.04688	
-317.5	1.05064	-112.5	1.04688	
-317	1.05062	-112	1.04687	
-316.5	1.0506	-111.5	1.04686	
-316	1.05058	-111	1.04685	
-315.5	1.05056	-110.5	1.04684	
-315	1.05054	-110	1.04683	
-314.5	1.05052	-109.5	1.04683	
-314	1.0505	-109	1.04682	
-313.5	1.05048	-108.5	1.04681	
-313	1.05046	-108	1.0468	
-312.5	1.05045	-107.5	1.04679	
-312	1.05043	-107	1.04679	
-311.5	1.05041	-106.5	1.04678	
-311	1.05039	-106	1.04677	
-310.5	1.05037	-105.5	1.04676	
-310	1.05035	-105	1.04675	
-309.5	1.05034	-104.5	1.04675	
-309	1.05032	-104	1.04674	
-308.5	1.0503	-103.5	1.04673	
-308	1.05029	-103	1.04672	
-307.5	1.05027	-102.5	1.04671	
-307	1.05025	-102	1.04671	
-306.5	1.05024	-101.5	1.0467	
-306	1.05022	-101	1.04669	
-305.5	1.05021	-100.5	1.04668	
-305	1.05019	-100	1.04667	
-304.5	1.05018	-99.5	1.04667	
-304	1.05016	-99	1.04666	
-303.5	1.05015	-98.5	1.04665	
-303	1.05013	-98	1.04664	
-302.5	1.05012	-97.5	1.04664	
-302	1.05011	-97	1.04663	
-301.5	1.05009	-96.5	1.04662	
-301	1.05008	-96	1.04661	
-300.5	1.05007	-95.5	1.04661	
-300	1.05006	-95	1.0466	
-299.5	1.05004	-94.5	1.04659	
-299	1.05003	-94	1.04658	
-298.5	1.05002	-93.5	1.04658	
-298	1.05001	-93	1.04657	
-297.5	1.04999	-92.5	1.04656	
-297	1.04998	-92	1.04656	
-296.5	1.04997	-91.5	1.04655	
-296	1.04996	-91	1.04654	
-295.5	1.04995	-90.5	1.04653	
-295	1.04994	-90	1.04653	
-294.5	1.04993	-89.5	1.04652	
-294	1.04992	-89	1.04651	
-293.5	1.04991	-88.5	1.04651	
-293	1.0499	-88	1.0465	
-292.5	1.04989	-87.5	1.04649	
-292	1.04988	-87	1.04649	
-291.5	1.04987	-86.5	1.04648	
-291	1.04986	-86	1.04647	
-290.5	1.04985	-85.5	1.04646	
-290	1.04984	-85	1.04646	
-289.5	1.04983	-84.5	1.04645	
-289	1.04982	-84	1.04644	
-288.5	1.04981	-83.5	1.04644	
-288	1.0498	-83	1.04643	
-287.5	1.04979	-82.5	1.04643	
-287	1.04979	-82	1.04642	
-286.5	1.04978	-81.5	1.04641	
-286	1.04977	-81	1.04641	
-285.5	1.04976	-80.5	1.0464	
-285	1.04975	-80	1.04639	
-284.5	1.04974	-79.5	1.04639	
-284	1.04974	-79	1.04638	
-283.5	1.04973	-78.5	1.04637	
-283	1.04972	-78	1.04637	
-282.5	1.04971	-77.5	1.04636	
-282	1.0497	-77	1.04636	
-281.5	1.04969	-76.5	1.04635	
-281	1.04969	-76	1.04634	
-280.5	1.04968	-75.5	1.04634	
-280	1.04967	-75	1.04633	
-279.5	1.04966	-74.5	1.04633	
-279	1.04966	-74	1.04632	
-278.5	1.04965	-73.5	1.04631	
-278	1.04964	-73	1.04631	
-277.5	1.04963	-72.5	1.0463	
-277	1.04963	-72	1.0463	
-276.5	1.04962	-71.5	1.04629	
-276	1.04961	-71	1.04628	
-275.5	1.0496	-70.5	1.04628	
-275	1.0496	-70	1.04627	
-274.5	1.04959	-69.5	1.04627	
-274	1.04958	-69	1.04626	
-273.5	1.04957	-68.5	1.04626	
-273	1.04957	-68	1.04625	
-272.5	1.04956	-67.5	1.04625	
-272	1.04955	-67	1.04624	
-271.5	1.04954	-66.5	1.04624	
-271	1.04954	-66	1.04623	
-270.5	1.04953	-65.5	1.04623	
-270	1.04952	-65	1.04622	
-269.5	1.04952	-64.5	1.04622	
-269	1.04951	-64	1.04621	
-268.5	1.0495	-63.5	1.04621	
-268	1.04949	-63	1.0462	
-267.5	1.04949	-62.5	1.0462	
-267	1.04948	-62	1.04619	
-266.5	1.04947	-61.5	1.04619	
-266	1.04947	-61	1.04618	
-265.5	1.04946	-60.5	1.04618	
-265	1.04945	-60	1.04617	
-264.5	1.04944	-59.5	1.04617	
-264	1.04944	-59	1.04616	
-263.5	1.04943	-58.5	1.04616	
-263	1.04942	-58	1.04615	
-262.5	1.04942	-57.5	1.04615	
-262	1.04941	-57	1.04614	
-261.5	1.0494	-56.5	1.04614	
-261	1.0494	-56	1.04614	
-260.5	1.04939	-55.5	1.04613	
-260	1.04938	-55	1.04613	
-259.5	1.04937	-54.5	1.04612	
-259	1.04937	-54	1.04612	
-258.5	1.04936	-53.5	1.04611	
-258	1.04935	-53	1.04611	
-257.5	1.04935	-52.5	1.04611	
-257	1.04934	-52	1.0461	
-256.5	1.04933	-51.5	1.0461	
-256	1.04932	-51	1.04609	
-255.5	1.04932	-50.5	1.04609	
-255	1.04931	-50	1.04609	
-254.5	1.0493	-49.5	1.04608	
-254	1.0493	-49	1.04608	
-253.5	1.04929	-48.5	1.04608	
-253	1.04928	-48	1.04607	
-252.5	1.04927	-47.5	1.04607	
-252	1.04927	-47	1.04607	
-251.5	1.04926	-46.5	1.04606	
-251	1.04925	-46	1.04606	
-250.5	1.04925	-45.5	1.04606	
-250	1.04924	-45	1.04605	
-249.5	1.04923	-44.5	1.04605	
-249	1.04922	-44	1.04605	
-248.5	1.04922	-43.5	1.04604	
-248	1.04921	-43	1.04604	
-247.5	1.0492	-42.5	1.04604	
-247	1.0492	-42	1.04603	
-246.5	1.04919	-41.5	1.04603	
-246	1.04918	-41	1.04603	
-245.5	1.04917	-40.5	1.04603	
-245	1.04917	-40	1.04602	
-244.5	1.04916	-39.5	1.04602	
-244	1.04915	-39	1.04602	
-243.5	1.04914	-38.5	1.04602	
-243	1.04914	-38	1.04601	
-242.5	1.04913	-37.5	1.04601	
-242	1.04912	-37	1.04601	
-241.5	1.04912	-36.5	1.04601	
-241	1.04911	-36	1.046	
-240.5	1.0491	-35.5	1.046	
-240	1.04909	-35	1.046	
-239.5	1.04909	-34.5	1.046	
-239	1.04908	-34	1.04599	
-238.5	1.04907	-33.5	1.04599	
-238	1.04906	-33	1.04599	
-237.5	1.04906	-32.5	1.04599	
-237	1.04905	-32	1.04599	
-236.5	1.04904	-31.5	1.04598	
-236	1.04903	-31	1.04598	
-235.5	1.04903	-30.5	1.04598	
-235	1.04902	-30	1.04598	
-234.5	1.04901	-29.5	1.04598	
-234	1.049	-29	1.04598	
-233.5	1.049	-28.5	1.04597	
-233	1.04899	-28	1.04597	
-232.5	1.04898	-27.5	1.04597	
-232	1.04897	-27	1.04597	
-231.5	1.04896	-26.5	1.04597	
-231	1.04896	-26	1.04597	
-230.5	1.04895	-25.5	1.04597	
-230	1.04894	-25	1.04596	
-229.5	1.04893	-24.5	1.04596	
-229	1.04893	-24	1.04596	
-228.5	1.04892	-23.5	1.04596	
-228	1.04891	-23	1.04596	
-227.5	1.0489	-22.5	1.04596	
-227	1.04889	-22	1.04596	
-226.5	1.04889	-21.5	1.04596	
-226	1.04888	-21	1.04596	
-225.5	1.04887	-20.5	1.04596	
-225	1.04886	-20	1.04596	
-224.5	1.04886	-19.5	1.04596	
-224	1.04885	-19	1.04595	
-223.5	1.04884	-18.5	1.04595	
-223	1.04883	-18	1.04595	
-222.5	1.04882	-17.5	1.04595	
-222	1.04882	-17	1.04595	
-221.5	1.04881	-16.5	1.04595	
-221	1.0488	-16	1.04595	
-220.5	1.04879	-15.5	1.04595	
-220	1.04878	-15	1.04595	
-219.5	1.04878	-14.5	1.04595	
-219	1.04877	-14	1.04595	
-218.5	1.04876	-13.5	1.04595	
-218	1.04875	-13	1.04595	
-217.5	1.04874	-12.5	1.04595	
-217	1.04874	-12	1.04595	
-216.5	1.04873	-11.5	1.04595	
-216	1.04872	-11	1.04595	
-215.5	1.04871	-10.5	1.04595	
-215	1.0487	-10	1.04595	
-214.5	1.04869	-9.5	1.04595	
-214	1.04869	-9	1.04596	
-213.5	1.04868	-8.5	1.04596	
-213	1.04867	-8	1.04596	
-212.5	1.04866	-7.5	1.04596	
-212	1.04865	-7	1.04596	
-211.5	1.04864	-6.5	1.04596	
-211	1.04864	-6	1.04596	
-210.5	1.04863	-5.5	1.04596	
-210	1.04862	-5	1.04596	
-209.5	1.04861	-4.5	1.04596	
-209	1.0486	-4	1.04596	
-208.5	1.04859	-3.5	1.04596	
-208	1.04859	-3	1.04597	
-207.5	1.04858	-2.5	1.04597	
-207	1.04857	-2	1.04597	
-206.5	1.04856	-1.5	1.04597	
-206	1.04855	-1	1.04597	
-205.5	1.04854	-0.5	1.04597	
-205	1.04854	0	1.04597	
-204.5	1.04853	0.5	1.04598	
-204	1.04852	1	1.04598	
-203.5	1.04851	1.5	1.04598	
-203	1.0485	2	1.04598	
-202.5	1.04849	2.5	1.04598	
-202	1.04848	3	1.04598	
-201.5	1.04848	3.5	1.04599	
-201	1.04847	4	1.04599	
-200.5	1.04846	4.5	1.04599	
-200	1.04845	5	1.04599	
-199.5	1.04844	5.5	1.04599	
-199	1.04843	6	1.046	
-198.5	1.04842	6.5	1.046	
-198	1.04842	7	1.046	
-197.5	1.04841	7.5	1.046	
-197	1.0484	8	1.046	
-196.5	1.04839	8.5	1.04601	
-196	1.04838	9	1.04601	
-195.5	1.04837	9.5	1.04601	
-195	1.04836	10	1.04601	
-194.5	1.04835	10.5	1.04602	
-194	1.04835	11	1.04602	
-193.5	1.04834	11.5	1.04602	
-193	1.04833	12	1.04602	
-192.5	1.04832	12.5	1.04603	
-192	1.04831	13	1.04603	
-191.5	1.0483	13.5	1.04603	
-191	1.04829	14	1.04603	
-190.5	1.04828	14.5	1.04604	
-190	1.04828	15	1.04604	
-189.5	1.04827	15.5	1.04604	
-189	1.04826	16	1.04605	
-188.5	1.04825	16.5	1.04605	
-188	1.04824	17	1.04605	
-187.5	1.04823	17.5	1.04606	
-187	1.04822	18	1.04606	
-186.5	1.04821	18.5	1.04606	
-186	1.0482	19	1.04607	
-185.5	1.04819	19.5	1.04607	
-185	1.04819	20	1.04607	
-184.5	1.04818	20.5	1.04608	
-184	1.04817	21	1.04608	
-183.5	1.04816	21.5	1.04608	
-183	1.04815	22	1.04609	
-182.5	1.04814	22.5	1.04609	
-182	1.04813	23	1.04609	
-181.5	1.04812	23.5	1.0461	
-181	1.04811	24	1.0461	
-180.5	1.04811	24.5	1.04611	
-180	1.0481	25	1.04611	
-179.5	1.04809	25.5	1.04611	
-179	1.04808	26	1.04612	
-178.5	1.04807	26.5	1.04612	
-178	1.04806	27	1.04613	
-177.5	1.04805	27.5	1.04613	
-177	1.04804	28	1.04613	
-176.5	1.04803	28.5	1.04614	
-176	1.04802	29	1.04614	
-175.5	1.04801	29.5	1.04615	
-175	1.04801	30	1.04615	
-174.5	1.048	30.5	1.04616	
-174	1.04799	31	1.04616	
-173.5	1.04798	31.5	1.04616	
-173	1.04797	32	1.04617	
-172.5	1.04796	32.5	1.04617	
-172	1.04795	33	1.04618	
-171.5	1.04794	33.5	1.04618	
-171	1.04793	34	1.04619	
-170.5	1.04792	34.5	1.04619	
-170	1.04791	35	1.0462	
-169.5	1.0479	35.5	1.0462	
-169	1.0479	36	1.04621	
-168.5	1.04789	36.5	1.04621	
-168	1.04788	37	1.04622	
-167.5	1.04787	37.5	1.04622	
-167	1.04786	38	1.04623	
-166.5	1.04785	38.5	1.04623	
-166	1.04784	39	1.04624	
-165.5	1.04783	39.5	1.04624	
-165	1.04782	40	1.04625	
-164.5	1.04781	40.5	1.04625	
-164	1.0478	41	1.04626	
-163.5	1.04779	41.5	1.04626	
-163	1.04779	42	1.04627	
-162.5	1.04778	42.5	1.04627	
-162	1.04777	43	1.04628	
-161.5	1.04776	43.5	1.04628	
-161	1.04775	44	1.04629	
-160.5	1.04774	44.5	1.0463	
-160	1.04773	45	1.0463	
-159.5	1.04772	45.5	1.04631	
-159	1.04771	46	1.04631	
-158.5	1.0477	46.5	1.04632	
-158	1.04769	47	1.04632	
-157.5	1.04768	47.5	1.04633	
-157	1.04767	48	1.04633	
-156.5	1.04767	48.5	1.04634	
-156	1.04766	49	1.04635	
-155.5	1.04765	49.5	1.04635	
-155	1.04764	50	1.04636	
-154.5	1.04763	50.5	1.04636	
-154	1.04762	51	1.04637	
-153.5	1.04761	51.5	1.04638	
-153	1.0476	52	1.04638	
-152.5	1.04759	52.5	1.04639	
-152	1.04758	53	1.04639	
-151.5	1.04757	53.5	1.0464	
-151	1.04756	54	1.04641	
-150.5	1.04756	54.5	1.04641	
-150	1.04755	55	1.04642	
-149.5	1.04754	55.5	1.04643	
-149	1.04753	56	1.04643	
-148.5	1.04752	56.5	1.04644	
-148	1.04751	57	1.04644	
-147.5	1.0475	57.5	1.04645	
-147	1.04749	58	1.04646	
-146.5	1.04748	58.5	1.04646	
-146	1.04747	59	1.04647	
-145.5	1.04746	59.5	1.04648	
-145	1.04745	60	1.04648	
-144.5	1.04745	60.5	1.04649	
-144	1.04744	61	1.0465	
-143.5	1.04743	61.5	1.0465	
-143	1.04742	62	1.04651	
-142.5	1.04741	62.5	1.04652	
-142	1.0474	63	1.04652	
-141.5	1.04739	63.5	1.04653	
-141	1.04738	64	1.04654	
-140.5	1.04737	64.5	1.04654	
-140	1.04736	65	1.04655	
-139.5	1.04735	65.5	1.04656	
-139	1.04735	66	1.04656	
-138.5	1.04734	66.5	1.04657	
-138	1.04733	67	1.04658	
-137.5	1.04732	67.5	1.04658	
-137	1.04731	68	1.04659	
-136.5	1.0473	68.5	1.0466	
-136	1.04729	69	1.0466	
-135.5	1.04728	69.5	1.04661	
-135	1.04727	70	1.04662	
-134.5	1.04726	70.5	1.04663	
-134	1.04726	71	1.04663	
-133.5	1.04725	71.5	1.04664	
-133	1.04724	72	1.04665	
-132.5	1.04723	72.5	1.04665	
-132	1.04722	73	1.04666	
-131.5	1.04721	73.5	1.04667	
-131	1.0472	74	1.04668	
-130.5	1.04719	74.5	1.04668	
-130	1.04718	75	1.04669	
-129.5	1.04718	75.5	1.0467	
-129	1.04717	76	1.04671	
-128.5	1.04716	76.5	1.04671	
-128	1.04715	77	1.04672	
-127.5	1.04714	77.5	1.04673	
-127	1.04713	78	1.04673	
-126.5	1.04712	78.5	1.04674	
-126	1.04711	79	1.04675	
-125.5	1.04711	79.5	1.04676	
-125	1.0471	80	1.04676	
-124.5	1.04709	80.5	1.04677	
-124	1.04708	81	1.04678	
-123.5	1.04707	81.5	1.04679	
-123	1.04706	82	1.04679	
-122.5	1.04705	82.5	1.0468	
-122	1.04705	83	1.04681	
-121.5	1.04704	83.5	1.04682	
-121	1.04703	84	1.04683	
-120.5	1.04702	84.5	1.04683	
-120	1.04701	85	1.04684	
-119.5	1.047	85.5	1.04685	
-119	1.04699	86	1.04686	
-118.5	1.04699	86.5	1.04686	
-118	1.04698	87	1.04687	
-117.5	1.04697	87.5	1.04688	
-117	1.04696	88	1.04689	
-116.5	1.04695	88.5	1.04689	
-116	1.04694	89	1.0469	
-115.5	1.04694	89.5	1.04691	
-115	1.04693	90	1.04692	
-114.5	1.04692	90.5	1.04693	
-114	1.04691	91	1.04693	
-113.5	1.0469	91.5	1.04694	
-113	1.04689	92	1.04695	
-112.5	1.04689	92.5	1.04696	
-112	1.04688	93	1.04696	
-111.5	1.04687	93.5	1.04697	
-111	1.04686	94	1.04698	
-110.5	1.04685	94.5	1.04699	
-110	1.04685	95	1.047	
-109.5	1.04684	95.5	1.047	
-109	1.04683	96	1.04701	
-108.5	1.04682	96.5	1.04702	
-108	1.04681	97	1.04703	
-107.5	1.04681	97.5	1.04704	
-107	1.0468	98	1.04704	
-106.5	1.04679	98.5	1.04705	
-106	1.04678	99	1.04706	
-105.5	1.04677	99.5	1.04707	
-105	1.04677	100	1.04708	
-104.5	1.04676	100.5	1.04708	
-104	1.04675	101	1.04709	
-103.5	1.04674	101.5	1.0471	
-103	1.04673	102	1.04711	
-102.5	1.04673	102.5	1.04712	
-102	1.04672	103	1.04712	
-101.5	1.04671	103.5	1.04713	
-101	1.0467	104	1.04714	
-100.5	1.0467	104.5	1.04715	
-100	1.04669	105	1.04716	
-99.5	1.04668	105.5	1.04716	
-99	1.04667	106	1.04717	
-98.5	1.04667	106.5	1.04718	
-98	1.04666	107	1.04719	
-97.5	1.04665	107.5	1.0472	
-97	1.04664	108	1.0472	
-96.5	1.04664	108.5	1.04721	
-96	1.04663	109	1.04722	
-95.5	1.04662	109.5	1.04723	
-95	1.04661	110	1.04724	
-94.5	1.04661	110.5	1.04725	
-94	1.0466	111	1.04725	
-93.5	1.04659	111.5	1.04726	
-93	1.04659	112	1.04727	
-92.5	1.04658	112.5	1.04728	
-92	1.04657	113	1.04729	
-91.5	1.04656	113.5	1.04729	
-91	1.04656	114	1.0473	
-90.5	1.04655	114.5	1.04731	
-90	1.04654	115	1.04732	
-89.5	1.04654	115.5	1.04733	
-89	1.04653	116	1.04733	
-88.5	1.04652	116.5	1.04734	
-88	1.04652	117	1.04735	
-87.5	1.04651	117.5	1.04736	
-87	1.0465	118	1.04737	
-86.5	1.0465	118.5	1.04738	
-86	1.04649	119	1.04738	
-85.5	1.04648	119.5	1.04739	
-85	1.04648	120	1.0474	
-84.5	1.04647	120.5	1.04741	
-84	1.04646	121	1.04742	
-83.5	1.04646	121.5	1.04742	
-83	1.04645	122	1.04743	
-82.5	1.04644	122.5	1.04744	
-82	1.04644	123	1.04745	
-81.5	1.04643	123.5	1.04746	
-81	1.04642	124	1.04746	
-80.5	1.04642	124.5	1.04747	
-80	1.04641	125	1.04748	
-79.5	1.04641	125.5	1.04749	
-79	1.0464	126	1.0475	
-78.5	1.04639	126.5	1.04751	
-78	1.04639	127	1.04751	
-77.5	1.04638	127.5	1.04752	
-77	1.04637	128	1.04753	
-76.5	1.04637	128.5	1.04754	
-76	1.04636	129	1.04755	
-75.5	1.04636	129.5	1.04755	
-75	1.04635	130	1.04756	
-74.5	1.04634	130.5	1.04757	
-74	1.04634	131	1.04758	
-73.5	1.04633	131.5	1.04759	
-73	1.04633	132	1.04759	
-72.5	1.04632	132.5	1.0476	
-72	1.04632	133	1.04761	
-71.5	1.04631	133.5	1.04762	
-71	1.04631	134	1.04763	
-70.5	1.0463	134.5	1.04763	
-70	1.04629	135	1.04764	
-69.5	1.04629	135.5	1.04765	
-69	1.04628	136	1.04766	
-68.5	1.04628	136.5	1.04767	
-68	1.04627	137	1.04767	
-67.5	1.04627	137.5	1.04768	
-67	1.04626	138	1.04769	
-66.5	1.04626	138.5	1.0477	
-66	1.04625	139	1.04771	
-65.5	1.04625	139.5	1.04771	
-65	1.04624	140	1.04772	
-64.5	1.04624	140.5	1.04773	
-64	1.04623	141	1.04774	
-63.5	1.04623	141.5	1.04775	
-63	1.04622	142	1.04775	
-62.5	1.04622	142.5	1.04776	
-62	1.04621	143	1.04777	
-61.5	1.04621	143.5	1.04778	
-61	1.0462	144	1.04779	
-60.5	1.0462	144.5	1.04779	
-60	1.04619	145	1.0478	
-59.5	1.04619	145.5	1.04781	
-59	1.04618	146	1.04782	
-58.5	1.04618	146.5	1.04783	
-58	1.04618	147	1.04783	
-57.5	1.04617	147.5	1.04784	
-57	1.04617	148	1.04785	
-56.5	1.04616	148.5	1.04786	
-56	1.04616	149	1.04786	
-55.5	1.04615	149.5	1.04787	
-55	1.04615	150	1.04788	
-54.5	1.04615	150.5	1.04789	
-54	1.04614	151	1.0479	
-53.5	1.04614	151.5	1.0479	
-53	1.04613	152	1.04791	
-52.5	1.04613	152.5	1.04792	
-52	1.04613	153	1.04793	
-51.5	1.04612	153.5	1.04793	
-51	1.04612	154	1.04794	
-50.5	1.04611	154.5	1.04795	
-50	1.04611	155	1.04796	
-49.5	1.04611	155.5	1.04796	
-49	1.0461	156	1.04797	
-48.5	1.0461	156.5	1.04798	
-48	1.0461	157	1.04799	
-47.5	1.04609	157.5	1.048	
-47	1.04609	158	1.048	
-46.5	1.04609	158.5	1.04801	
-46	1.04608	159	1.04802	
-45.5	1.04608	159.5	1.04803	
-45	1.04608	160	1.04803	
-44.5	1.04607	160.5	1.04804	
-44	1.04607	161	1.04805	
-43.5	1.04607	161.5	1.04806	
-43	1.04606	162	1.04806	
-42.5	1.04606	162.5	1.04807	
-42	1.04606	163	1.04808	
-41.5	1.04606	163.5	1.04809	
-41	1.04605	164	1.04809	
-40.5	1.04605	164.5	1.0481	
-40	1.04605	165	1.04811	
-39.5	1.04605	165.5	1.04812	
-39	1.04604	166	1.04812	
-38.5	1.04604	166.5	1.04813	
-38	1.04604	167	1.04814	
-37.5	1.04604	167.5	1.04815	
-37	1.04603	168	1.04815	
-36.5	1.04603	168.5	1.04816	
-36	1.04603	169	1.04817	
-35.5	1.04603	169.5	1.04817	
-35	1.04602	170	1.04818	
-34.5	1.04602	170.5	1.04819	
-34	1.04602	171	1.0482	
-33.5	1.04602	171.5	1.0482	
-33	1.04602	172	1.04821	
-32.5	1.04601	172.5	1.04822	
-32	1.04601	173	1.04823	
-31.5	1.04601	173.5	1.04823	
-31	1.04601	174	1.04824	
-30.5	1.04601	174.5	1.04825	
-30	1.046	175	1.04825	
-29.5	1.046	175.5	1.04826	
-29	1.046	176	1.04827	
-28.5	1.046	176.5	1.04828	
-28	1.046	177	1.04828	
-27.5	1.046	177.5	1.04829	
-27	1.046	178	1.0483	
-26.5	1.04599	178.5	1.0483	
-26	1.04599	179	1.04831	
-25.5	1.04599	179.5	1.04832	
-25	1.04599	180	1.04833	
-24.5	1.04599	180.5	1.04833	
-24	1.04599	181	1.04834	
-23.5	1.04599	181.5	1.04835	
-23	1.04599	182	1.04835	
-22.5	1.04599	182.5	1.04836	
-22	1.04598	183	1.04837	
-21.5	1.04598	183.5	1.04837	
-21	1.04598	184	1.04838	
-20.5	1.04598	184.5	1.04839	
-20	1.04598	185	1.0484	
-19.5	1.04598	185.5	1.0484	
-19	1.04598	186	1.04841	
-18.5	1.04598	186.5	1.04842	
-18	1.04598	187	1.04842	
-17.5	1.04598	187.5	1.04843	
-17	1.04598	188	1.04844	
-16.5	1.04598	188.5	1.04844	
-16	1.04598	189	1.04845	
-15.5	1.04598	189.5	1.04846	
-15	1.04598	190	1.04846	
-14.5	1.04598	190.5	1.04847	
-14	1.04598	191	1.04848	
-13.5	1.04598	191.5	1.04848	
-13	1.04598	192	1.04849	
-12.5	1.04598	192.5	1.0485	
-12	1.04598	193	1.0485	
-11.5	1.04598	193.5	1.04851	
-11	1.04598	194	1.04852	
-10.5	1.04598	194.5	1.04852	
-10	1.04598	195	1.04853	
-9.5	1.04598	195.5	1.04854	
-9	1.04598	196	1.04854	
-8.5	1.04598	196.5	1.04855	
-8	1.04598	197	1.04856	
-7.5	1.04598	197.5	1.04856	
-7	1.04598	198	1.04857	
-6.5	1.04598	198.5	1.04858	
-6	1.04598	199	1.04858	
-5.5	1.04599	199.5	1.04859	
-5	1.04599	200	1.0486	
-4.5	1.04599	200.5	1.0486	
-4	1.04599	201	1.04861	
-3.5	1.04599	201.5	1.04862	
-3	1.04599	202	1.04862	
-2.5	1.04599	202.5	1.04863	
-2	1.04599	203	1.04864	
-1.5	1.04599	203.5	1.04864	
-1	1.046	204	1.04865	
-0.5	1.046	204.5	1.04865	
0	1.046	205	1.04866	
0.5	1.046	205.5	1.04867	
1	1.046	206	1.04867	
1.5	1.046	206.5	1.04868	
2	1.046	207	1.04869	
2.5	1.04601	207.5	1.04869	
3	1.04601	208	1.0487	
3.5	1.04601	208.5	1.04871	
4	1.04601	209	1.04871	
4.5	1.04601	209.5	1.04872	
5	1.04602	210	1.04872	
5.5	1.04602	210.5	1.04873	
6	1.04602	211	1.04874	
6.5	1.04602	211.5	1.04874	
7	1.04602	212	1.04875	
7.5	1.04603	212.5	1.04876	
8	1.04603	213	1.04876	
8.5	1.04603	213.5	1.04877	
9	1.04603	214	1.04877	
9.5	1.04604	214.5	1.04878	
10	1.04604	215	1.04879	
10.5	1.04604	215.5	1.04879	
11	1.04604	216	1.0488	
11.5	1.04604	216.5	1.0488	
12	1.04605	217	1.04881	
12.5	1.04605	217.5	1.04882	
13	1.04605	218	1.04882	
13.5	1.04606	218.5	1.04883	
14	1.04606	219	1.04883	
14.5	1.04606	219.5	1.04884	
15	1.04606	220	1.04885	
15.5	1.04607	220.5	1.04885	
16	1.04607	221	1.04886	
16.5	1.04607	221.5	1.04886	
17	1.04608	222	1.04887	
17.5	1.04608	222.5	1.04888	
18	1.04608	223	1.04888	
18.5	1.04609	223.5	1.04889	
19	1.04609	224	1.04889	
19.5	1.04609	224.5	1.0489	
20	1.0461	225	1.04891	
20.5	1.0461	225.5	1.04891	
21	1.0461	226	1.04892	
21.5	1.04611	226.5	1.04892	
22	1.04611	227	1.04893	
22.5	1.04611	227.5	1.04894	
23	1.04612	228	1.04894	
23.5	1.04612	228.5	1.04895	
24	1.04612	229	1.04895	
24.5	1.04613	229.5	1.04896	
25	1.04613	230	1.04896	
25.5	1.04614	230.5	1.04897	
26	1.04614	231	1.04898	
26.5	1.04614	231.5	1.04898	
27	1.04615	232	1.04899	
27.5	1.04615	232.5	1.04899	
28	1.04616	233	1.049	
28.5	1.04616	233.5	1.04901	
29	1.04616	234	1.04901	
29.5	1.04617	234.5	1.04902	
30	1.04617	235	1.04902	
30.5	1.04618	235.5	1.04903	
31	1.04618	236	1.04903	
31.5	1.04619	236.5	1.04904	
32	1.04619	237	1.04905	
32.5	1.04619	237.5	1.04905	
33	1.0462	238	1.04906	
33.5	1.0462	238.5	1.04906	
34	1.04621	239	1.04907	
34.5	1.04621	239.5	1.04907	
35	1.04622	240	1.04908	
35.5	1.04622	240.5	1.04908	
36	1.04623	241	1.04909	
36.5	1.04623	241.5	1.0491	
37	1.04624	242	1.0491	
37.5	1.04624	242.5	1.04911	
38	1.04625	243	1.04911	
38.5	1.04625	243.5	1.04912	
39	1.04626	244	1.04912	
39.5	1.04626	244.5	1.04913	
40	1.04627	245	1.04913	
40.5	1.04627	245.5	1.04914	
41	1.04628	246	1.04915	
41.5	1.04628	246.5	1.04915	
42	1.04629	247	1.04916	
42.5	1.04629	247.5	1.04916	
43	1.0463	248	1.04917	
43.5	1.0463	248.5	1.04917	
44	1.04631	249	1.04918	
44.5	1.04631	249.5	1.04918	
45	1.04632	250	1.04919	
45.5	1.04632	250.5	1.04919	
46	1.04633	251	1.0492	
46.5	1.04633	251.5	1.04921	
47	1.04634	252	1.04921	
47.5	1.04635	252.5	1.04922	
48	1.04635	253	1.04922	
48.5	1.04636	253.5	1.04923	
49	1.04636	254	1.04923	
49.5	1.04637	254.5	1.04924	
50	1.04637	255	1.04924	
50.5	1.04638	255.5	1.04925	
51	1.04639	256	1.04925	
51.5	1.04639	256.5	1.04926	
52	1.0464	257	1.04926	
52.5	1.0464	257.5	1.04927	
53	1.04641	258	1.04927	
53.5	1.04642	258.5	1.04928	
54	1.04642	259	1.04928	
54.5	1.04643	259.5	1.04929	
55	1.04643	260	1.0493	
55.5	1.04644	260.5	1.0493	
56	1.04645	261	1.04931	
56.5	1.04645	261.5	1.04931	
57	1.04646	262	1.04932	
57.5	1.04647	262.5	1.04932	
58	1.04647	263	1.04933	
58.5	1.04648	263.5	1.04933	
59	1.04648	264	1.04934	
59.5	1.04649	264.5	1.04934	
60	1.0465	265	1.04935	
60.5	1.0465	265.5	1.04935	
61	1.04651	266	1.04936	
61.5	1.04652	266.5	1.04936	
62	1.04652	267	1.04937	
62.5	1.04653	267.5	1.04937	
63	1.04654	268	1.04938	
63.5	1.04654	268.5	1.04938	
64	1.04655	269	1.04939	
64.5	1.04656	269.5	1.04939	
65	1.04656	270	1.0494	
65.5	1.04657	270.5	1.0494	
66	1.04658	271	1.04941	
66.5	1.04658	271.5	1.04941	
67	1.04659	272	1.04942	
67.5	1.0466	272.5	1.04942	
68	1.0466	273	1.04943	
68.5	1.04661	273.5	1.04943	
69	1.04662	274	1.04944	
69.5	1.04662	274.5	1.04944	
70	1.04663	275	1.04945	
70.5	1.04664	275.5	1.04945	
71	1.04664	276	1.04946	
71.5	1.04665	276.5	1.04946	
72	1.04666	277	1.04947	
72.5	1.04667	277.5	1.04947	
73	1.04667	278	1.04948	
73.5	1.04668	278.5	1.04948	
74	1.04669	279	1.04949	
74.5	1.04669	279.5	1.04949	
75	1.0467	280	1.0495	
75.5	1.04671	280.5	1.0495	
76	1.04672	281	1.04951	
76.5	1.04672	281.5	1.04951	
77	1.04673	282	1.04952	
77.5	1.04674	282.5	1.04952	
78	1.04674	283	1.04953	
78.5	1.04675	283.5	1.04953	
79	1.04676	284	1.04954	
79.5	1.04677	284.5	1.04954	
80	1.04677	285	1.04955	
80.5	1.04678	285.5	1.04955	
81	1.04679	286	1.04956	
81.5	1.0468	286.5	1.04956	
82	1.0468	287	1.04957	
82.5	1.04681	287.5	1.04957	
83	1.04682	288	1.04958	
83.5	1.04683	288.5	1.04958	
84	1.04683	289	1.04959	
84.5	1.04684	289.5	1.04959	
85	1.04685	290	1.0496	
85.5	1.04686	290.5	1.0496	
86	1.04686	291	1.04961	
86.5	1.04687	291.5	1.04961	
87	1.04688	292	1.04962	
87.5	1.04689	292.5	1.04962	
88	1.04689	293	1.04963	
88.5	1.0469	293.5	1.04963	
89	1.04691	294	1.04964	
89.5	1.04692	294.5	1.04964	
90	1.04692	295	1.04964	
90.5	1.04693	295.5	1.04965	
91	1.04694	296	1.04965	
91.5	1.04695	296.5	1.04966	
92	1.04695	297	1.04966	
92.5	1.04696	297.5	1.04967	
93	1.04697	298	1.04967	
93.5	1.04698	298.5	1.04968	
94	1.04699	299	1.04968	
94.5	1.04699	299.5	1.04969	
95	1.047	300	1.04969	
95.5	1.04701	300.5	1.0497	
96	1.04702	301	1.0497	
96.5	1.04702	301.5	1.04971	
97	1.04703	302	1.04971	
97.5	1.04704	302.5	1.04972	
98	1.04705	303	1.04972	
98.5	1.04706	303.5	1.04972	
99	1.04706	304	1.04973	
99.5	1.04707	304.5	1.04973	
100	1.04708	305	1.04974	
100.5	1.04709	305.5	1.04974	
101	1.0471	306	1.04975	
101.5	1.0471	306.5	1.04975	
102	1.04711	307	1.04976	
102.5	1.04712	307.5	1.04976	
103	1.04713	308	1.04977	
103.5	1.04714	308.5	1.04977	
104	1.04714	309	1.04978	
104.5	1.04715	309.5	1.04978	
105	1.04716	310	1.04978	
105.5	1.04717	310.5	1.04979	
106	1.04718	311	1.04979	
106.5	1.04718	311.5	1.0498	
107	1.04719	312	1.0498	
107.5	1.0472	312.5	1.04981	
108	1.04721	313	1.04981	
108.5	1.04721	313.5	1.04982	
109	1.04722	314	1.04982	
109.5	1.04723	314.5	1.04982	
110	1.04724	315	1.04983	
110.5	1.04725	315.5	1.04983	
111	1.04726	316	1.04984	
111.5	1.04726	316.5	1.04984	
112	1.04727	317	1.04985	
112.5	1.04728	317.5	1.04985	
113	1.04729	318	1.04986	
113.5	1.0473	318.5	1.04986	
114	1.0473	319	1.04986	
114.5	1.04731	319.5	1.04987	
115	1.04732	320	1.04987	
115.5	1.04733	320.5	1.04988	
116	1.04734	321	1.04988	
116.5	1.04734	321.5	1.04989	
117	1.04735	322	1.04989	
117.5	1.04736	322.5	1.0499	
118	1.04737	323	1.0499	
118.5	1.04738	323.5	1.0499	
119	1.04738	324	1.04991	
119.5	1.04739	324.5	1.04991	
120	1.0474	325	1.04992	
120.5	1.04741	325.5	1.04992	
121	1.04742	326	1.04993	
121.5	1.04742	326.5	1.04993	
122	1.04743	327	1.04993	
122.5	1.04744	327.5	1.04994	
123	1.04745	328	1.04994	
123.5	1.04746	328.5	1.04995	
124	1.04746	329	1.04995	
124.5	1.04747	329.5	1.04996	
125	1.04748	330	1.04996	
125.5	1.04749	330.5	1.04996	
126	1.0475	331	1.04997	
126.5	1.0475	331.5	1.04997	
127	1.04751	332	1.04998	
127.5	1.04752	332.5	1.04998	
128	1.04753	333	1.04999	
128.5	1.04754	333.5	1.04999	
129	1.04754	334	1.04999	
129.5	1.04755	334.5	1.05	
130	1.04756	335	1.05	
130.5	1.04757	335.5	1.05001	
131	1.04758	336	1.05001	
131.5	1.04758	336.5	1.05001	
132	1.04759	337	1.05002	
132.5	1.0476	337.5	1.05002	
133	1.04761	338	1.05003	
133.5	1.04762	338.5	1.05003	
134	1.04762	339	1.05003	
134.5	1.04763	339.5	1.05004	
135	1.04764	340	1.05004	
135.5	1.04765	340.5	1.05005	
136	1.04766	341	1.05005	
136.5	1.04766	341.5	1.05006	
137	1.04767	342	1.05006	
137.5	1.04768	342.5	1.05006	
138	1.04769	343	1.05007	
138.5	1.0477	343.5	1.05007	
139	1.0477	344	1.05008	
139.5	1.04771	344.5	1.05008	
140	1.04772	345	1.05008	
140.5	1.04773	345.5	1.05009	
141	1.04773	346	1.05009	
141.5	1.04774	346.5	1.0501	
142	1.04775	347	1.0501	
142.5	1.04776	347.5	1.0501	
143	1.04777	348	1.05011	
143.5	1.04777	348.5	1.05011	
144	1.04778	349	1.05011	
144.5	1.04779	349.5	1.05012	
145	1.0478	350	1.05012	
145.5	1.04781	350.5	1.05013	
146	1.04781	351	1.05013	
146.5	1.04782	351.5	1.05013	
147	1.04783	352	1.05014	
147.5	1.04784	352.5	1.05014	
148	1.04784	353	1.05015	
148.5	1.04785	353.5	1.05015	
149	1.04786	354	1.05015	
149.5	1.04787	354.5	1.05016	
150	1.04788	355	1.05016	
150.5	1.04788	355.5	1.05016	
151	1.04789	356	1.05017	
151.5	1.0479	356.5	1.05017	
152	1.04791	357	1.05018	
152.5	1.04791	357.5	1.05018	
153	1.04792	358	1.05018	
153.5	1.04793	358.5	1.05019	
154	1.04794	359	1.05019	
154.5	1.04794	359.5	1.05019	
155	1.04795	360	1.0502	
155.5	1.04796	360.5	1.0502	
156	1.04797	361	1.05021	
156.5	1.04797	361.5	1.05021	
157	1.04798	362	1.05021	
157.5	1.04799	362.5	1.05022	
158	1.048	363	1.05022	
158.5	1.04801	363.5	1.05022	
159	1.04801	364	1.05023	
159.5	1.04802	364.5	1.05023	
160	1.04803	365	1.05023	
160.5	1.04804	365.5	1.05024	
161	1.04804	366	1.05024	
161.5	1.04805	366.5	1.05025	
162	1.04806	367	1.05025	
162.5	1.04807	367.5	1.05025	
163	1.04807	368	1.05026	
163.5	1.04808	368.5	1.05026	
164	1.04809	369	1.05026	
164.5	1.04809	369.5	1.05027	
165	1.0481	370	1.05027	
165.5	1.04811	370.5	1.05027	
166	1.04812	371	1.05028	
166.5	1.04812	371.5	1.05028	
167	1.04813	372	1.05028	
167.5	1.04814	372.5	1.05029	
168	1.04815	373	1.05029	
168.5	1.04815	373.5	1.05029	
169	1.04816	374	1.0503	
169.5	1.04817	374.5	1.0503	
170	1.04818	375	1.0503	
170.5	1.04818	375.5	1.05031	
171	1.04819	376	1.05031	
171.5	1.0482	376.5	1.05031	
172	1.0482	377	1.05032	
172.5	1.04821	377.5	1.05032	
173	1.04822	378	1.05032	
173.5	1.04823	378.5	1.05033	
174	1.04823	379	1.05033	
174.5	1.04824	379.5	1.05033	
175	1.04825	380	1.05034	
175.5	1.04826	380.5	1.05034	
176	1.04826	381	1.05034	
176.5	1.04827	381.5	1.05035	
177	1.04828	382	1.05035	
177.5	1.04828	382.5	1.05035	
178	1.04829	383	1.05036	
178.5	1.0483	383.5	1.05036	
179	1.0483	384	1.05036	
179.5	1.04831	384.5	1.05037	
180	1.04832	385	1.05037	
180.5	1.04833	385.5	1.05037	
181	1.04833	386	1.05038	
181.5	1.04834	386.5	1.05038	
182	1.04835	387	1.05038	
182.5	1.04835	387.5	1.05038	
183	1.04836	388	1.05039	
183.5	1.04837	388.5	1.05039	
184	1.04837	389	1.05039	
184.5	1.04838	389.5	1.0504	
185	1.04839	390	1.0504	
185.5	1.0484	390.5	1.0504	
186	1.0484	391	1.05041	
186.5	1.04841	391.5	1.05041	
187	1.04842	392	1.05041	
187.5	1.04842	392.5	1.05042	
188	1.04843	393	1.05042	
188.5	1.04844	393.5	1.05042	
189	1.04844	394	1.05042	
189.5	1.04845	394.5	1.05043	
190	1.04846	395	1.05043	
190.5	1.04846	395.5	1.05043	
191	1.04847	396	1.05044	
191.5	1.04848	396.5	1.05044	
192	1.04848	397	1.05044	
192.5	1.04849	397.5	1.05044	
193	1.0485	398	1.05045	
193.5	1.0485	398.5	1.05045	
194	1.04851	399	1.05045	
194.5	1.04852	399.5	1.05046	
195	1.04852	400	1.05046	
195.5	1.04853	400.5	1.05046	
196	1.04854	401	1.05046	
196.5	1.04854	401.5	1.05047	
197	1.04855	402	1.05047	
197.5	1.04856	402.5	1.05047	
198	1.04856	403	1.05048	
198.5	1.04857	403.5	1.05048	
199	1.04858	404	1.05048	
199.5	1.04858	404.5	1.05048	
200	1.04859	405	1.05049	
200.5	1.0486	405.5	1.05049	
201	1.0486	406	1.05049	
201.5	1.04861	406.5	1.05049	
202	1.04862	407	1.0505	
202.5	1.04862	407.5	1.0505	
203	1.04863	408	1.0505	
203.5	1.04864	408.5	1.0505	
204	1.04864	409	1.05051	
204.5	1.04865	409.5	1.05051	
205	1.04865	410	1.05051	
205.5	1.04866	410.5	1.05052	
206	1.04867	411	1.05052	
206.5	1.04867	411.5	1.05052	
207	1.04868	412	1.05052	
207.5	1.04869	412.5	1.05053	
208	1.04869	413	1.05053	
208.5	1.0487	413.5	1.05053	
209	1.04871	414	1.05053	
209.5	1.04871	414.5	1.05054	
210	1.04872	415	1.05054	
210.5	1.04872	415.5	1.05054	
211	1.04873	416	1.05054	
211.5	1.04874	416.5	1.05055	
212	1.04874	417	1.05055	
212.5	1.04875	417.5	1.05055	
213	1.04876	418	1.05055	
213.5	1.04876	418.5	1.05056	
214	1.04877	419	1.05056	
214.5	1.04877	419.5	1.05056	
215	1.04878	420	1.05056	
215.5	1.04879	420.5	1.05056	
216	1.04879	421	1.05057	
216.5	1.0488	421.5	1.05057	
217	1.0488	422	1.05057	
217.5	1.04881	422.5	1.05057	
218	1.04882	423	1.05058	
218.5	1.04882	423.5	1.05058	
219	1.04883	424	1.05058	
219.5	1.04884	424.5	1.05058	
220	1.04884	425	1.05059	
220.5	1.04885	425.5	1.05059	
221	1.04885	426	1.05059	
221.5	1.04886	426.5	1.05059	
222	1.04887	427	1.05059	
222.5	1.04887	427.5	1.0506	
223	1.04888	428	1.0506	
223.5	1.04888	428.5	1.0506	
224	1.04889	429	1.0506	
224.5	1.0489	429.5	1.05061	
225	1.0489	430	1.05061	
225.5	1.04891	430.5	1.05061	
226	1.04891	431	1.05061	
226.5	1.04892	431.5	1.05061	
227	1.04892	432	1.05062	
227.5	1.04893	432.5	1.05062	
228	1.04894	433	1.05062	
228.5	1.04894	433.5	1.05062	
229	1.04895	434	1.05062	
229.5	1.04895	434.5	1.05063	
230	1.04896	435	1.05063	
230.5	1.04897	435.5	1.05063	
231	1.04897	436	1.05063	
231.5	1.04898	436.5	1.05063	
232	1.04898	437	1.05064	
232.5	1.04899	437.5	1.05064	
233	1.04899	438	1.05064	
233.5	1.049	438.5	1.05064	
234	1.04901	439	1.05064	
234.5	1.04901	439.5	1.05065	
235	1.04902	440	1.05065	
235.5	1.04902	440.5	1.05065	
236	1.04903	441	1.05065	
236.5	1.04903	441.5	1.05065	
237	1.04904	442	1.05066	
237.5	1.04905	442.5	1.05066	
238	1.04905	443	1.05066	
238.5	1.04906	443.5	1.05066	
239	1.04906	444	1.05066	
239.5	1.04907	444.5	1.05067	
240	1.04907	445	1.05067	
240.5	1.04908	445.5	1.05067	
241	1.04909	446	1.05067	
241.5	1.04909	446.5	1.05067	
242	1.0491	447	1.05068	
242.5	1.0491	447.5	1.05068	
243	1.04911	448	1.05068	
243.5	1.04911	448.5	1.05068	
244	1.04912	449	1.05068	
244.5	1.04912	449.5	1.05068	
245	1.04913	450	1.05069	
245.5	1.04914	450.5	1.05069	
246	1.04914	451	1.05069	
246.5	1.04915	451.5	1.05069	
247	1.04915	452	1.05069	
247.5	1.04916	452.5	1.0507	
248	1.04916	453	1.0507	
248.5	1.04917	453.5	1.0507	
249	1.04917	454	1.0507	
249.5	1.04918	454.5	1.0507	
250	1.04918	455	1.0507	
250.5	1.04919	455.5	1.05071	
251	1.0492	456	1.05071	
251.5	1.0492	456.5	1.05071	
252	1.04921	457	1.05071	
252.5	1.04921	457.5	1.05071	
253	1.04922	458	1.05071	
253.5	1.04922	458.5	1.05072	
254	1.04923	459	1.05072	
254.5	1.04923	459.5	1.05072	
255	1.04924	460	1.05072	
255.5	1.04924	460.5	1.05072	
256	1.04925	461	1.05072	
256.5	1.04925	461.5	1.05073	
257	1.04926	462	1.05073	
257.5	1.04927	462.5	1.05073	
258	1.04927	463	1.05073	
258.5	1.04928	463.5	1.05073	
259	1.04928	464	1.05073	
259.5	1.04929	464.5	1.05074	
260	1.04929	465	1.05074	
260.5	1.0493	465.5	1.05074	
261	1.0493	466	1.05074	
261.5	1.04931	466.5	1.05074	
262	1.04931	467	1.05074	
262.5	1.04932	467.5	1.05074	
263	1.04932	468	1.05075	
263.5	1.04933	468.5	1.05075	
264	1.04933	469	1.05075	
264.5	1.04934	469.5	1.05075	
265	1.04934	470	1.05075	
265.5	1.04935	470.5	1.05075	
266	1.04935	471	1.05076	
266.5	1.04936	471.5	1.05076	
267	1.04936	472	1.05076	
267.5	1.04937	472.5	1.05076	
268	1.04937	473	1.05076	
268.5	1.04938	473.5	1.05076	
269	1.04938	474	1.05076	
269.5	1.04939	474.5	1.05077	
270	1.0494	475	1.05077	
270.5	1.0494	475.5	1.05077	
271	1.04941	476	1.05077	
271.5	1.04941	476.5	1.05077	
272	1.04942	477	1.05077	
272.5	1.04942	477.5	1.05077	
273	1.04943	478	1.05078	
273.5	1.04943	478.5	1.05078	
274	1.04944	479	1.05078	
274.5	1.04944	479.5	1.05078	
275	1.04945	480	1.05078	
275.5	1.04945	480.5	1.05078	
276	1.04946	481	1.05078	
276.5	1.04946	481.5	1.05079	
277	1.04947	482	1.05079	
277.5	1.04947	482.5	1.05079	
278	1.04948	483	1.05079	
278.5	1.04948	483.5	1.05079	
279	1.04949	484	1.05079	
279.5	1.04949	484.5	1.05079	
280	1.0495	485	1.0508	
280.5	1.0495	485.5	1.0508	
281	1.04951	486	1.0508	
281.5	1.04951	486.5	1.0508	
282	1.04952	487	1.0508	
282.5	1.04952	487.5	1.0508	
283	1.04953	488	1.0508	
283.5	1.04953	488.5	1.05081	
284	1.04954	489	1.05081	
284.5	1.04954	489.5	1.05081	
285	1.04955	490	1.05081	
285.5	1.04955	490.5	1.05081	
286	1.04955	491	1.05081	
286.5	1.04956	491.5	1.05081	
287	1.04956	492	1.05082	
287.5	1.04957	492.5	1.05082	
288	1.04957	493	1.05082	
288.5	1.04958	493.5	1.05082	
289	1.04958	494	1.05082	
289.5	1.04959	494.5	1.05082	
290	1.04959	495	1.05082	
290.5	1.0496	495.5	1.05083	
291	1.0496	496	1.05083	
291.5	1.04961	496.5	1.05083	
292	1.04961	497	1.05083	
292.5	1.04962	497.5	1.05083	
293	1.04962	498	1.05083	
293.5	1.04963	498.5	1.05083	
294	1.04963	499	1.05083	
294.5	1.04964	499.5	1.05084	
295	1.04964	500	1.05084	
295.5	1.04965	500.5	1.05084	
296	1.04965	501	1.05084	
296.5	1.04966	501.5	1.05084	
297	1.04966	502	1.05084	
297.5	1.04967	502.5	1.05084	
298	1.04967	503	1.05085	
298.5	1.04967	503.5	1.05085	
299	1.04968	504	1.05085	
299.5	1.04968	504.5	1.05085	
300	1.04969	505	1.05085	
300.5	1.04969	505.5	1.05085	
301	1.0497	506	1.05085	
301.5	1.0497	506.5	1.05086	
302	1.04971	507	1.05086	
302.5	1.04971	507.5	1.05086	
303	1.04972	508	1.05086	
303.5	1.04972	508.5	1.05086	
304	1.04973	509	1.05086	
304.5	1.04973	509.5	1.05086	
305	1.04974	510	1.05086	
305.5	1.04974	510.5	1.05087	
306	1.04974	511	1.05087	
306.5	1.04975	511.5	1.05087	
307	1.04975	512	1.05087	
307.5	1.04976	512.5	1.05087	
308	1.04976	513	1.05087	
308.5	1.04977	513.5	1.05087	
309	1.04977	514	1.05088	
309.5	1.04978	514.5	1.05088	
310	1.04978	515	1.05088	
310.5	1.04979	515.5	1.05088	
311	1.04979	516	1.05088	
311.5	1.04979	516.5	1.05088	
312	1.0498	517	1.05088	
312.5	1.0498	517.5	1.05089	
313	1.04981	518	1.05089	
313.5	1.04981	518.5	1.05089	
314	1.04982	519	1.05089	
314.5	1.04982	519.5	1.05089	
315	1.04983	520	1.05089	
315.5	1.04983	520.5	1.05089	
316	1.04983	521	1.0509	
316.5	1.04984	521.5	1.0509	
317	1.04984	522	1.0509	
317.5	1.04985	522.5	1.0509	
318	1.04985	523	1.0509	
318.5	1.04986	523.5	1.0509	
319	1.04986	524	1.0509	
319.5	1.04987	524.5	1.05091	
320	1.04987	525	1.05091	
320.5	1.04987	525.5	1.05091	
321	1.04988	526	1.05091	
321.5	1.04988	526.5	1.05091	
322	1.04989	527	1.05091	
322.5	1.04989	527.5	1.05092	
323	1.0499	528	1.05092	
323.5	1.0499	528.5	1.05092	
324	1.0499	529	1.05092	
324.5	1.04991	529.5	1.05092	
325	1.04991	530	1.05092	
325.5	1.04992	530.5	1.05093	
326	1.04992	531	1.05093	
326.5	1.04993	531.5	1.05093	
327	1.04993	532	1.05093	
327.5	1.04993	532.5	1.05093	
328	1.04994	533	1.05093	
328.5	1.04994	533.5	1.05093	
329	1.04995	534	1.05094	
329.5	1.04995	534.5	1.05094	
330	1.04996	535	1.05094	
330.5	1.04996	535.5	1.05094	
331	1.04996	536	1.05094	
331.5	1.04997	536.5	1.05094	
332	1.04997	537	1.05095	
332.5	1.04998	537.5	1.05095	
333	1.04998	538	1.05095	
333.5	1.04999	538.5	1.05095	
334	1.04999	539	1.05095	
334.5	1.04999	539.5	1.05096	
335	1.05	540	1.05096	
335.5	1.05	540.5	1.05096	
336	1.05001	541	1.05096	
336.5	1.05001	541.5	1.05096	
337	1.05001	542	1.05096	
337.5	1.05002	542.5	1.05097	
338	1.05002	543	1.05097	
338.5	1.05003	543.5	1.05097	
339	1.05003	544	1.05097	
339.5	1.05003	544.5	1.05097	
340	1.05004	545	1.05098	
340.5	1.05004	545.5	1.05098	
341	1.05005	546	1.05098	
341.5	1.05005	546.5	1.05098	
342	1.05005	547	1.05098	
342.5	1.05006	547.5	1.05098	
343	1.05006	548	1.05099	
343.5	1.05007	548.5	1.05099	
344	1.05007	549	1.05099	
344.5	1.05007	549.5	1.05099	
345	1.05008	550	1.05099	
345.5	1.05008	550.5	1.051	
346	1.05009	551	1.051	
346.5	1.05009	551.5	1.051	
347	1.05009	552	1.051	
347.5	1.0501	552.5	1.05101	
348	1.0501	553	1.05101	
348.5	1.05011	553.5	1.05101	
349	1.05011	554	1.05101	
349.5	1.05011	554.5	1.05101	
350	1.05012	555	1.05102	
350.5	1.05012	555.5	1.05102	
351	1.05013	556	1.05102	
351.5	1.05013	556.5	1.05102	
352	1.05013	557	1.05102	
352.5	1.05014	557.5	1.05103	
353	1.05014	558	1.05103	
353.5	1.05014	558.5	1.05103	
354	1.05015	559	1.05103	
354.5	1.05015	559.5	1.05104	
355	1.05016	560	1.05104	
355.5	1.05016	560.5	1.05104	
356	1.05016	561	1.05104	
356.5	1.05017	561.5	1.05105	
357	1.05017	562	1.05105	
357.5	1.05017	562.5	1.05105	
358	1.05018	563	1.05105	
358.5	1.05018	563.5	1.05106	
359	1.05019	564	1.05106	
359.5	1.05019	564.5	1.05106	
360	1.05019	565	1.05106	
360.5	1.0502	565.5	1.05107	
361	1.0502	566	1.05107	
361.5	1.0502	566.5	1.05107	
362	1.05021	567	1.05107	
362.5	1.05021	567.5	1.05108	
363	1.05022	568	1.05108	
363.5	1.05022	568.5	1.05108	
364	1.05022	569	1.05108	
364.5	1.05023	569.5	1.05109	
365	1.05023	570	1.05109	
365.5	1.05023	570.5	1.05109	
366	1.05024	571	1.0511	
366.5	1.05024	571.5	1.0511	
367	1.05024	572	1.0511	
367.5	1.05025	572.5	1.0511	
368	1.05025	573	1.05111	
368.5	1.05025	573.5	1.05111	
369	1.05026	574	1.05111	
369.5	1.05026	574.5	1.05112	
370	1.05026	575	1.05112	
370.5	1.05027	575.5	1.05112	
371	1.05027	576	1.05112	
371.5	1.05028	576.5	1.05113	
372	1.05028	577	1.05113	
372.5	1.05028	577.5	1.05113	
373	1.05029	578	1.05114	
373.5	1.05029	578.5	1.05114	
374	1.05029	579	1.05114	
374.5	1.0503	579.5	1.05115	
375	1.0503	580	1.05115	
375.5	1.0503	580.5	1.05115	
376	1.05031	581	1.05116	
376.5	1.05031	581.5	1.05116	
377	1.05031	582	1.05116	
377.5	1.05032	582.5	1.05117	
378	1.05032	583	1.05117	
378.5	1.05032	583.5	1.05117	
379	1.05033	584	1.05118	
379.5	1.05033	584.5	1.05118	
380	1.05033	585	1.05118	
380.5	1.05034	585.5	1.05119	
381	1.05034	586	1.05119	
381.5	1.05034	586.5	1.05119	
382	1.05034	587	1.0512	
382.5	1.05035	587.5	1.0512	
383	1.05035	588	1.05121	
383.5	1.05035	588.5	1.05121	
384	1.05036	589	1.05121	
384.5	1.05036	589.5	1.05122	
385	1.05036	590	1.05122	
385.5	1.05037	590.5	1.05122	
386	1.05037	591	1.05123	
386.5	1.05037	591.5	1.05123	
387	1.05038	592	1.05124	
387.5	1.05038	592.5	1.05124	
388	1.05038	593	1.05124	
388.5	1.05039	593.5	1.05125	
389	1.05039	594	1.05125	
389.5	1.05039	594.5	1.05126	
390	1.05039	595	1.05126	
390.5	1.0504	595.5	1.05127	
391	1.0504	596	1.05127	
391.5	1.0504	596.5	1.05127	
392	1.05041	597	1.05128	
392.5	1.05041	597.5	1.05128	
393	1.05041	598	1.05129	
393.5	1.05042	598.5	1.05129	
394	1.05042	599	1.0513	
394.5	1.05042	599.5	1.0513	
395	1.05042	600	1.0513	
395.5	1.05043	600.5	1.05131	
396	1.05043	601	1.05131	
396.5	1.05043	601.5	1.05132	
397	1.05044	602	1.05132	
397.5	1.05044	602.5	1.05133	
398	1.05044	603	1.05133	
398.5	1.05044	603.5	1.05134	
399	1.05045	604	1.05134	
399.5	1.05045	604.5	1.05135	
400	1.05045	605	1.05135	
400.5	1.05046	605.5	1.05136	
401	1.05046	606	1.05136	
401.5	1.05046	606.5	1.05137	
402	1.05046	607	1.05137	
402.5	1.05047	607.5	1.05138	
403	1.05047	608	1.05138	
403.5	1.05047	608.5	1.05139	
404	1.05048	609	1.05139	
404.5	1.05048	609.5	1.0514	
405	1.05048	610	1.0514	
405.5	1.05048	610.5	1.05141	
406	1.05049	611	1.05141	
406.5	1.05049	611.5	1.05142	
407	1.05049	612	1.05142	
407.5	1.05049	612.5	1.05143	
408	1.0505	613	1.05144	
408.5	1.0505	613.5	1.05144	
409	1.0505	614	1.05145	
409.5	1.0505	614.5	1.05145	
410	1.05051	615	1.05146	
410.5	1.05051	615.5	1.05146	
411	1.05051	616	1.05147	
411.5	1.05052	616.5	1.05148	
412	1.05052	617	1.05148	
412.5	1.05052	617.5	1.05149	
413	1.05052	618	1.05149	
413.5	1.05053	618.5	1.0515	
414	1.05053	619	1.05151	
414.5	1.05053	619.5	1.05151	
415	1.05053	620	1.05152	
415.5	1.05054	620.5	1.05152	
416	1.05054	621	1.05153	
416.5	1.05054	621.5	1.05154	
417	1.05054	622	1.05154	
417.5	1.05055	622.5	1.05155	
418	1.05055	623	1.05156	
418.5	1.05055	623.5	1.05156	
419	1.05055	624	1.05157	
419.5	1.05055	624.5	1.05158	
420	1.05056	625	1.05158	
420.5	1.05056	625.5	1.05159	
421	1.05056	626	1.0516	
421.5	1.05056	626.5	1.0516	
422	1.05057	627	1.05161	
422.5	1.05057	627.5	1.05162	
423	1.05057	628	1.05162	
423.5	1.05057	628.5	1.05163	
424	1.05058	629	1.05164	
424.5	1.05058	629.5	1.05164	
425	1.05058	630	1.05165	
425.5	1.05058	630.5	1.05166	
426	1.05058	631	1.05167	
426.5	1.05059	631.5	1.05167	
427	1.05059	632	1.05168	
427.5	1.05059	632.5	1.05169	
428	1.05059	633	1.05169	
428.5	1.0506	633.5	1.0517	
429	1.0506	634	1.05171	
429.5	1.0506	634.5	1.05172	
430	1.0506	635	1.05173	
430.5	1.0506	635.5	1.05173	
431	1.05061	636	1.05174	
431.5	1.05061	636.5	1.05175	
432	1.05061	637	1.05176	
432.5	1.05061	637.5	1.05176	
433	1.05062	638	1.05177	
433.5	1.05062	638.5	1.05178	
434	1.05062	639	1.05179	
434.5	1.05062	639.5	1.0518	
435	1.05062	640	1.0518	
435.5	1.05063	640.5	1.05181	
436	1.05063	641	1.05182	
436.5	1.05063	641.5	1.05183	
437	1.05063	642	1.05184	
437.5	1.05063	642.5	1.05185	
438	1.05064	643	1.05185	
438.5	1.05064	643.5	1.05186	
439	1.05064	644	1.05187	
439.5	1.05064	644.5	1.05188	
440	1.05064	645	1.05189	
440.5	1.05065	645.5	1.0519	
441	1.05065	646	1.05191	
441.5	1.05065	646.5	1.05191	
442	1.05065	647	1.05192	
442.5	1.05065	647.5	1.05193	
443	1.05066	648	1.05194	
443.5	1.05066	648.5	1.05195	
444	1.05066	649	1.05196	
444.5	1.05066	649.5	1.05197	
445	1.05066	650	1.05198	
445.5	1.05067	650.5	1.05199	
446	1.05067	651	1.05199	
446.5	1.05067	651.5	1.052	
447	1.05067	652	1.05201	
447.5	1.05067	652.5	1.05202	
448	1.05068	653	1.05203	
448.5	1.05068	653.5	1.05204	
449	1.05068	654	1.05205	
449.5	1.05068	654.5	1.05206	
450	1.05068	655	1.05207	
450.5	1.05068	655.5	1.05208	
451	1.05069	656	1.05209	
451.5	1.05069	656.5	1.0521	
452	1.05069	657	1.05211	
452.5	1.05069	657.5	1.05212	
453	1.05069	658	1.05213	
453.5	1.0507	658.5	1.05214	
454	1.0507	659	1.05215	
454.5	1.0507	659.5	1.05216	
455	1.0507	660	1.05217	
455.5	1.0507	660.5	1.05218	
456	1.0507	661	1.05219	
456.5	1.05071	661.5	1.0522	
457	1.05071	662	1.05221	
457.5	1.05071	662.5	1.05222	
458	1.05071	663	1.05223	
458.5	1.05071	663.5	1.05224	
459	1.05071	664	1.05225	
459.5	1.05072	664.5	1.05226	
460	1.05072	665	1.05227	
460.5	1.05072	665.5	1.05228	
461	1.05072	666	1.05229	
461.5	1.05072	666.5	1.0523	
462	1.05072	667	1.05232	
462.5	1.05073	667.5	1.05233	
463	1.05073	668	1.05234	
463.5	1.05073	668.5	1.05235	
464	1.05073	669	1.05236	
464.5	1.05073	669.5	1.05237	
465	1.05073	670	1.05238	
465.5	1.05074	670.5	1.05239	
466	1.05074	671	1.0524	
466.5	1.05074	671.5	1.05241	
467	1.05074	672	1.05242	
467.5	1.05074	672.5	1.05244	
468	1.05074	673	1.05245	
468.5	1.05075	673.5	1.05246	
469	1.05075	674	1.05247	
469.5	1.05075	674.5	1.05248	
470	1.05075	675	1.05249	
470.5	1.05075	675.5	1.0525	
471	1.05075	676	1.05251	
471.5	1.05075	676.5	1.05253	
472	1.05076	677	1.05254	
472.5	1.05076	677.5	1.05255	
473	1.05076	678	1.05256	
473.5	1.05076	678.5	1.05257	
474	1.05076	679	1.05258	
474.5	1.05076	679.5	1.0526	
475	1.05077	680	1.05261	
475.5	1.05077	680.5	1.05262	
476	1.05077	681	1.05263	
476.5	1.05077	681.5	1.05264	
477	1.05077	682	1.05265	
477.5	1.05077	682.5	1.05267	
478	1.05077	683	1.05268	
478.5	1.05078	683.5	1.05269	
479	1.05078	684	1.0527	
479.5	1.05078	684.5	1.05271	
480	1.05078	685	1.05272	
480.5	1.05078	685.5	1.05274	
481	1.05078	686	1.05275	
481.5	1.05078	686.5	1.05276	
482	1.05079	687	1.05277	
482.5	1.05079	687.5	1.05278	
483	1.05079	688	1.0528	
483.5	1.05079	688.5	1.05281	
484	1.05079	689	1.05282	
484.5	1.05079	689.5	1.05283	
485	1.05079	690	1.05284	
485.5	1.0508	690.5	1.05286	
486	1.0508	691	1.05287	
486.5	1.0508	691.5	1.05288	
487	1.0508	692	1.05289	
487.5	1.0508	692.5	1.0529	
488	1.0508	693	1.05292	
488.5	1.0508	693.5	1.05293	
489	1.05081	694	1.05294	
489.5	1.05081	694.5	1.05295	
490	1.05081	695	1.05296	
490.5	1.05081	695.5	1.05298	
491	1.05081	696	1.05299	
491.5	1.05081	696.5	1.053	
492	1.05081	697	1.05301	
492.5	1.05082	697.5	1.05302	
493	1.05082	698	1.05303	
493.5	1.05082	698.5	1.05305	
494	1.05082	699	1.05306	
494.5	1.05082	699.5	1.05307	
495	1.05082	700	1.05308	
495.5	1.05082	700.5	1.05309	
496	1.05083	701	1.05311	
496.5	1.05083	701.5	1.05312	
497	1.05083	702	1.05313	
497.5	1.05083	702.5	1.05314	
498	1.05083	703	1.05315	
498.5	1.05083	703.5	1.05316	
499	1.05083	704	1.05318	
499.5	1.05084	704.5	1.05319	
500	1.05084	705	1.0532	
500.5	1.05084	705.5	1.05321	
501	1.05084	706	1.05322	
501.5	1.05084	706.5	1.05323	
502	1.05084	707	1.05324	
502.5	1.05084	707.5	1.05326	
503	1.05085	708	1.05327	
503.5	1.05085	708.5	1.05328	
504	1.05085	709	1.05329	
504.5	1.05085	709.5	1.0533	
505	1.05085	710	1.05331	
505.5	1.05085	710.5	1.05332	
506	1.05085	711	1.05333	
506.5	1.05086	711.5	1.05335	
507	1.05086	712	1.05336	
507.5	1.05086	712.5	1.05337	
508	1.05086	713	1.05338	
508.5	1.05086	713.5	1.05339	
509	1.05086	714	1.0534	
509.5	1.05086	714.5	1.05341	
510	1.05087	715	1.05342	
510.5	1.05087	715.5	1.05343	
511	1.05087	716	1.05344	
511.5	1.05087	716.5	1.05345	
512	1.05087	717	1.05346	
512.5	1.05087	717.5	1.05347	
513	1.05087	718	1.05348	
513.5	1.05088	718.5	1.05349	
514	1.05088	719	1.0535	
514.5	1.05088	719.5	1.05351	
515	1.05088	720	1.05352	
515.5	1.05088	720.5	1.05353	
516	1.05088	721	1.05354	
516.5	1.05089	721.5	1.05355	
517	1.05089	722	1.05355	
517.5	1.05089	722.5	1.05356	
518	1.05089	723	1.05357	
518.5	1.05089	723.5	1.05358	
519	1.05089	724	1.05359	
519.5	1.05089	724.5	1.0536	
520	1.0509	725	1.05361	
520.5	1.0509	725.5	1.05361	
521	1.0509	726	1.05362	
521.5	1.0509	726.5	1.05363	
522	1.0509	727	1.05364	
522.5	1.0509	727.5	1.05365	
523	1.0509	728	1.05365	
523.5	1.05091	728.5	1.05366	
524	1.05091	729	1.05367	
524.5	1.05091	729.5	1.05367	
525	1.05091	730	1.05368	
525.5	1.05091	730.5	1.05369	
526	1.05091	731	1.05369	
526.5	1.05092	731.5	1.0537	
527	1.05092	732	1.05371	
527.5	1.05092	732.5	1.05371	
528	1.05092	733	1.05372	
528.5	1.05092	733.5	1.05372	
529	1.05092	734	1.05373	
529.5	1.05093	734.5	1.05373	
530	1.05093	735	1.05374	
530.5	1.05093	735.5	1.05374	
531	1.05093	736	1.05375	
531.5	1.05093	736.5	1.05375	
532	1.05093	737	1.05376	
532.5	1.05094	737.5	1.05376	
533	1.05094	738	1.05376	
533.5	1.05094	738.5	1.05377	
534	1.05094	739	1.05377	
534.5	1.05094	739.5	1.05377	
535	1.05094	740	1.05377	
535.5	1.05095	740.5	1.05378	
536	1.05095	741	1.05378	
536.5	1.05095	741.5	1.05378	
537	1.05095	742	1.05378	
537.5	1.05095	742.5	1.05378	
538	1.05096	743	1.05378	
538.5	1.05096	743.5	1.05379	
539	1.05096	744	1.05379	
539.5	1.05096	744.5	1.05379	
540	1.05096	745	1.05379	
540.5	1.05096	745.5	1.05379	
541	1.05097	746	1.05379	
541.5	1.05097	746.5	1.05378	
542	1.05097	747	1.05378	
542.5	1.05097	747.5	1.05378	
543	1.05097	748	1.05378	
543.5	1.05098	748.5	1.05378	
544	1.05098	749	1.05378	
544.5	1.05098	749.5	1.05377	
545	1.05098	750	1.05377	
545.5	1.05098	750.5	1.05377	
546	1.05099	751	1.05376	
546.5	1.05099	751.5	1.05376	
547	1.05099	752	1.05375	
547.5	1.05099	752.5	1.05375	
548	1.05099	753	1.05374	
548.5	1.051	753.5	1.05374	
549	1.051	754	1.05373	
549.5	1.051	754.5	1.05372	
550	1.051	755	1.05372	
550.5	1.051	755.5	1.05371	
551	1.05101	756	1.0537	
551.5	1.05101	756.5	1.05369	
552	1.05101	757	1.05369	
552.5	1.05101	757.5	1.05368	
553	1.05102	758	1.05367	
553.5	1.05102	758.5	1.05366	
554	1.05102	759	1.05365	
554.5	1.05102	759.5	1.05364	
555	1.05102	760	1.05363	
555.5	1.05103	760.5	1.05361	
556	1.05103	761	1.0536	
556.5	1.05103	761.5	1.05359	
557	1.05103	762	1.05358	
557.5	1.05104	762.5	1.05356	
558	1.05104	763	1.05355	
558.5	1.05104	763.5	1.05354	
559	1.05104	764	1.05352	
559.5	1.05105	764.5	1.05351	
560	1.05105	765	1.05349	
560.5	1.05105	765.5	1.05347	
561	1.05105	766	1.05346	
561.5	1.05106	766.5	1.05344	
562	1.05106	767	1.05342	
562.5	1.05106	767.5	1.0534	
563	1.05106	768	1.05338	
563.5	1.05107	768.5	1.05336	
564	1.05107	769	1.05334	
564.5	1.05107	769.5	1.05332	
565	1.05107	770	1.0533	
565.5	1.05108	770.5	1.05328	
566	1.05108	771	1.05326	
566.5	1.05108	771.5	1.05323	
567	1.05108	772	1.05321	
567.5	1.05109	772.5	1.05319	
568	1.05109	773	1.05316	
568.5	1.05109	773.5	1.05314	
569	1.0511	774	1.05311	
569.5	1.0511	774.5	1.05308	
570	1.0511	775	1.05306	
570.5	1.0511	775.5	1.05303	
571	1.05111	776	1.053	
571.5	1.05111	776.5	1.05297	
572	1.05111	777	1.05294	
572.5	1.05112	777.5	1.05291	
573	1.05112	778	1.05288	
573.5	1.05112	778.5	1.05285	
574	1.05112	779	1.05281	
574.5	1.05113	779.5	1.05278	
575	1.05113	780	1.05274	
575.5	1.05113	780.5	1.05271	
576	1.05114	781	1.05267	
576.5	1.05114	781.5	1.05264	
577	1.05114	782	1.0526	
577.5	1.05115	782.5	1.05256	
578	1.05115	783	1.05252	
578.5	1.05115	783.5	1.05248	
579	1.05116	784	1.05244	
579.5	1.05116	784.5	1.0524	
580	1.05116	785	1.05236	
580.5	1.05117	785.5	1.05232	
581	1.05117	786	1.05227	
581.5	1.05117	786.5	1.05223	
582	1.05118	787	1.05218	
582.5	1.05118	787.5	1.05214	
583	1.05118	788	1.05209	
583.5	1.05119	788.5	1.05204	
584	1.05119	789	1.05199	
584.5	1.05119	789.5	1.05194	
585	1.0512	790	1.05189	
585.5	1.0512	790.5	1.05184	
586	1.05121	791	1.05179	
586.5	1.05121	791.5	1.05174	
587	1.05121	792	1.05168	
587.5	1.05122	792.5	1.05163	
588	1.05122	793	1.05157	
588.5	1.05122	793.5	1.05151	
589	1.05123	794	1.05146	
589.5	1.05123	794.5	1.0514	
590	1.05124	795	1.05134	
590.5	1.05124	795.5	1.05128	
591	1.05124	796	1.05121	
591.5	1.05125	796.5	1.05115	
592	1.05125	797	1.05109	
592.5	1.05126	797.5	1.05102	
593	1.05126	798	1.05096	
593.5	1.05127	798.5	1.05089	
594	1.05127	799	1.05082	
594.5	1.05127	799.5	1.05075	
595	1.05128	800	1.05068	
595.5	1.05128	800.5	1.05061	
596	1.05129	801	1.05054	
596.5	1.05129	801.5	1.05046	
597	1.0513	802	1.05039	
597.5	1.0513	802.5	1.05031	
598	1.0513	803	1.05024	
598.5	1.05131	803.5	1.05016	
599	1.05131	804	1.05008	
599.5	1.05132	804.5	1.05	
600	1.05132	805	1.04992	
600.5	1.05133	805.5	1.04983	
601	1.05133	806	1.04975	
601.5	1.05134	806.5	1.04966	
602	1.05134	807	1.04958	
602.5	1.05135	807.5	1.04949	
603	1.05135	808	1.0494	
603.5	1.05136	808.5	1.04931	
604	1.05136	809	1.04922	
604.5	1.05137	809.5	1.04913	
605	1.05137	810	1.04903	
605.5	1.05138	810.5	1.04894	
606	1.05138	811	1.04884	
606.5	1.05139	811.5	1.04874	
607	1.05139	812	1.04864	
607.5	1.0514	812.5	1.04854	
608	1.0514	813	1.04844	
608.5	1.05141	813.5	1.04834	
609	1.05141	814	1.04823	
609.5	1.05142	814.5	1.04813	
610	1.05142	815	1.04802	
610.5	1.05143	815.5	1.04791	
611	1.05143	816	1.0478	
611.5	1.05144	816.5	1.04769	
612	1.05145	817	1.04758	
612.5	1.05145	817.5	1.04746	
613	1.05146	818	1.04735	
613.5	1.05146	818.5	1.04723	
614	1.05147	819	1.04711	
614.5	1.05147	819.5	1.04699	
615	1.05148	820	1.04687	
615.5	1.05149	820.5	1.04674	
616	1.05149	821	1.04662	
616.5	1.0515	821.5	1.04649	
617	1.0515	822	1.04636	
617.5	1.05151	822.5	1.04623	
618	1.05152	823	1.0461	
618.5	1.05152	823.5	1.04597	
619	1.05153	824	1.04584	
619.5	1.05153	824.5	1.0457	
620	1.05154	825	1.04556	
620.5	1.05155	825.5	1.04542	
621	1.05155	826	1.04528	
621.5	1.05156	826.5	1.04514	
622	1.05157	827	1.045	
622.5	1.05157	827.5	1.04485	
623	1.05158	828	1.0447	
623.5	1.05159	828.5	1.04455	
624	1.05159	829	1.0444	
624.5	1.0516	829.5	1.04425	
625	1.0516	830	1.0441	
625.5	1.05161	830.5	1.04394	
626	1.05162	831	1.04378	
626.5	1.05163	831.5	1.04362	
627	1.05163	832	1.04346	
627.5	1.05164	832.5	1.0433	
628	1.05165	833	1.04313	
628.5	1.05165	833.5	1.04297	
629	1.05166	834	1.0428	
629.5	1.05167	834.5	1.04263	
630	1.05167	835	1.04246	
630.5	1.05168	835.5	1.04228	
631	1.05169	836	1.04211	
631.5	1.0517	836.5	1.04193	
632	1.0517	837	1.04175	
632.5	1.05171	837.5	1.04157	
633	1.05172	838	1.04138	
633.5	1.05173	838.5	1.0412	
634	1.05173	839	1.04101	
634.5	1.05174	839.5	1.04082	
635	1.05175	840	1.04063	
635.5	1.05176	840.5	1.04044	
636	1.05176	841	1.04024	
636.5	1.05177	841.5	1.04004	
637	1.05178	842	1.03984	
637.5	1.05179	842.5	1.03964	
638	1.0518	843	1.03944	
638.5	1.0518	843.5	1.03923	
639	1.05181	844	1.03903	
639.5	1.05182	844.5	1.03882	
640	1.05183	845	1.0386	
640.5	1.05184	845.5	1.03839	
641	1.05184	846	1.03817	
641.5	1.05185	846.5	1.03796	
642	1.05186	847	1.03774	
642.5	1.05187	847.5	1.03751	
643	1.05188	848	1.03729	
643.5	1.05189	848.5	1.03706	
644	1.05189	849	1.03683	
644.5	1.0519	849.5	1.0366	
645	1.05191	850	1.03637	
645.5	1.05192	850.5	1.03613	
646	1.05193	851	1.0359	
646.5	1.05194	851.5	1.03566	
647	1.05195	852	1.03541	
647.5	1.05195	852.5	1.03517	
648	1.05196	853	1.03492	
648.5	1.05197	853.5	1.03467	
649	1.05198	854	1.03442	
649.5	1.05199	854.5	1.03417	
650	1.052	855	1.03391	
650.5	1.05201	855.5	1.03365	
651	1.05202	856	1.03339	
651.5	1.05203	856.5	1.03313	
652	1.05204	857	1.03287	
652.5	1.05205	857.5	1.0326	
653	1.05205	858	1.03233	
653.5	1.05206	858.5	1.03205	
654	1.05207	859	1.03178	
654.5	1.05208	859.5	1.0315	
655	1.05209	860	1.03122	
655.5	1.0521	860.5	1.03094	
656	1.05211	861	1.03065	
656.5	1.05212	861.5	1.03037	
657	1.05213	862	1.03008	
657.5	1.05214	862.5	1.02979	
658	1.05215	863	1.02949	
658.5	1.05216	863.5	1.02919	
659	1.05217	864	1.02889	
659.5	1.05218	864.5	1.02859	
660	1.05219	865	1.02829	
660.5	1.0522	865.5	1.02798	
661	1.05221	866	1.02767	
661.5	1.05222	866.5	1.02735	
662	1.05223	867	1.02704	
662.5	1.05224	867.5	1.02672	
663	1.05225	868	1.0264	
663.5	1.05226	868.5	1.02608	
664	1.05227	869	1.02575	
664.5	1.05228	869.5	1.02542	
665	1.05229	870	1.02509	
665.5	1.0523	870.5	1.02476	
666	1.05231	871	1.02442	
666.5	1.05232	871.5	1.02408	
667	1.05233	872	1.02374	
667.5	1.05234	872.5	1.02339	
668	1.05235	873	1.02305	
668.5	1.05236	873.5	1.0227	
669	1.05238	874	1.02234	
669.5	1.05239	874.5	1.02199	
670	1.0524	875	1.02163	
670.5	1.05241	875.5	1.02127	
671	1.05242	876	1.0209	
671.5	1.05243	876.5	1.02054	
672	1.05244	877	1.02017	
672.5	1.05245	877.5	1.01979	
673	1.05246	878	1.01942	
673.5	1.05247	878.5	1.01904	
674	1.05248	879	1.01866	
674.5	1.05249	879.5	1.01827	
675	1.05251	880	1.01789	
675.5	1.05252	880.5	1.0175	
676	1.05253	881	1.0171	
676.5	1.05254	881.5	1.01671	
677	1.05255	882	1.01631	
677.5	1.05256	882.5	1.01591	
678	1.05257	883	1.0155	
678.5	1.05258	883.5	1.0151	
679	1.05259	884	1.01468	
679.5	1.05261	884.5	1.01427	
680	1.05262	885	1.01385	
680.5	1.05263	885.5	1.01344	
681	1.05264	886	1.01301	
681.5	1.05265	886.5	1.01259	
682	1.05266	887	1.01216	
682.5	1.05267	887.5	1.01173	
683	1.05268	888	1.01129	
683.5	1.0527	888.5	1.01085	
684	1.05271	889	1.01041	
684.5	1.05272	889.5	1.00997	
685	1.05273	890	1.00952	
685.5	1.05274	890.5	1.00907	
686	1.05275	891	1.00862	
686.5	1.05276	891.5	1.00816	
687	1.05277	892	1.0077	
687.5	1.05279	892.5	1.00724	
688	1.0528	893	1.00678	
688.5	1.05281	893.5	1.00631	
689	1.05282	894	1.00584	
689.5	1.05283	894.5	1.00536	
690	1.05284	895	1.00488	
690.5	1.05285	895.5	1.0044	
691	1.05287	896	1.00392	
691.5	1.05288	896.5	1.00343	
692	1.05289	897	1.00294	
692.5	1.0529	897.5	1.00244	
693	1.05291	898	1.00195	
693.5	1.05292	898.5	1.00144	
694	1.05293	899	1.00094	
694.5	1.05294	899.5	1.00043	
695	1.05296	900	0.999923	
695.5	1.05297	900.5	0.99941	
696	1.05298	901	0.998893	
696.5	1.05299	901.5	0.998373	
697	1.053	902	0.997849	
697.5	1.05301	902.5	0.997323	
698	1.05302	903	0.996793	
698.5	1.05303	903.5	0.996259	
699	1.05305	904	0.995723	
699.5	1.05306	904.5	0.995183	
700	1.05307	905	0.99464	
700.5	1.05308	905.5	0.994093	
701	1.05309	906	0.993543	
701.5	1.0531	906.5	0.99299	
702	1.05311	907	0.992434	
702.5	1.05312	907.5	0.991874	
703	1.05313	908	0.991311	
703.5	1.05314	908.5	0.990744	
704	1.05315	909	0.990174	
704.5	1.05316	909.5	0.989601	
705	1.05318	910	0.989024	
705.5	1.05319	910.5	0.988444	
706	1.0532	911	0.987861	
706.5	1.05321	911.5	0.987274	
707	1.05322	912	0.986684	
707.5	1.05323	912.5	0.98609	
708	1.05324	913	0.985493	
708.5	1.05325	913.5	0.984893	
709	1.05326	914	0.984289	
709.5	1.05327	914.5	0.983681	
710	1.05328	915	0.983071	
710.5	1.05329	915.5	0.982457	
711	1.0533	916	0.981839	
711.5	1.05331	916.5	0.981218	
712	1.05332	917	0.980594	
712.5	1.05333	917.5	0.979966	
713	1.05334	918	0.979334	
713.5	1.05335	918.5	0.9787	
714	1.05336	919	0.978061	
714.5	1.05336	919.5	0.97742	
715	1.05337	920	0.976775	
715.5	1.05338	920.5	0.976126	
716	1.05339	921	0.975474	
716.5	1.0534	921.5	0.974818	
717	1.05341	922	0.974159	
717.5	1.05342	922.5	0.973497	
718	1.05343	923	0.972831	
718.5	1.05343	923.5	0.972161	
719	1.05344	924	0.971488	
719.5	1.05345	924.5	0.970812	
720	1.05346	925	0.970132	
720.5	1.05347	925.5	0.969449	
721	1.05347	926	0.968762	
721.5	1.05348	926.5	0.968071	
722	1.05349	927	0.967377	
722.5	1.0535	927.5	0.96668	
723	1.0535	928	0.965979	
723.5	1.05351	928.5	0.965274	
724	1.05352	929	0.964567	
724.5	1.05353	929.5	0.963855	
725	1.05353	930	0.96314	
725.5	1.05354	930.5	0.962422	
726	1.05355	931	0.9617	
726.5	1.05355	931.5	0.960974	
727	1.05356	932	0.960245	
727.5	1.05356	932.5	0.959513	
728	1.05357	933	0.958777	
728.5	1.05357	933.5	0.958037	
729	1.05358	934	0.957294	
729.5	1.05359	934.5	0.956548	
730	1.05359	935	0.955798	
730.5	1.0536	935.5	0.955044	
731	1.0536	936	0.954287	
731.5	1.0536	936.5	0.953527	
732	1.05361	937	0.952763	
732.5	1.05361	937.5	0.951995	
733	1.05362	938	0.951224	
733.5	1.05362	938.5	0.950449	
734	1.05362	939	0.949671	
734.5	1.05363	939.5	0.94889	
735	1.05363	940	0.948105	
735.5	1.05363	940.5	0.947316	
736	1.05363	941	0.946524	
736.5	1.05364	941.5	0.945728	
737	1.05364	942	0.944929	
737.5	1.05364	942.5	0.944127	
738	1.05364	943	0.943321	
738.5	1.05364	943.5	0.942511	
739	1.05364	944	0.941698	
739.5	1.05365	944.5	0.940882	
740	1.05365	945	0.940062	
740.5	1.05365	945.5	0.939238	
741	1.05365	946	0.938411	
741.5	1.05365	946.5	0.937581	
742	1.05364	947	0.936747	
742.5	1.05364	947.5	0.935909	
743	1.05364	948	0.935069	
743.5	1.05364	948.5	0.934224	
744	1.05364	949	0.933377	
744.5	1.05364	949.5	0.932525	
745	1.05364	950	0.931671	
745.5	1.05363	950.5	0.930813	
746	1.05363	951	0.929951	
746.5	1.05363	951.5	0.929086	
747	1.05362	952	0.928218	
747.5	1.05362	952.5	0.927346	
748	1.05361	953	0.926471	
748.5	1.05361	953.5	0.925592	
749	1.0536	954	0.92471	
749.5	1.0536	954.5	0.923825	
750	1.05359	955	0.922936	
750.5	1.05359	955.5	0.922044	
751	1.05358	956	0.921148	
751.5	1.05357	956.5	0.920249	
752	1.05357	957	0.919347	
752.5	1.05356	957.5	0.918441	
753	1.05355	958	0.917532	
753.5	1.05354	958.5	0.916619	
754	1.05353	959	0.915703	
754.5	1.05352	959.5	0.914784	
755	1.05352	960	0.913861	
755.5	1.05351	960.5	0.912936	
756	1.05349	961	0.912006	
756.5	1.05348	961.5	0.911074	
757	1.05347	962	0.910138	
757.5	1.05346	962.5	0.909199	
758	1.05345	963	0.908256	
758.5	1.05344	963.5	0.907311	
759	1.05342	964	0.906362	
759.5	1.05341	964.5	0.905409	
760	1.0534	965	0.904454	
760.5	1.05338	965.5	0.903495	
761	1.05337	966	0.902533	
761.5	1.05335	966.5	0.901568	
762	1.05333	967	0.900599	
762.5	1.05332	967.5	0.899627	
763	1.0533	968	0.898652	
763.5	1.05328	968.5	0.897674	
764	1.05327	969	0.896693	
764.5	1.05325	969.5	0.895708	
765	1.05323	970	0.89472	
765.5	1.05321	970.5	0.893729	
766	1.05319	971	0.892735	
766.5	1.05317	971.5	0.891738	
767	1.05315	972	0.890737	
767.5	1.05312	972.5	0.889734	
768	1.0531	973	0.888727	
768.5	1.05308	973.5	0.887717	
769	1.05306	974	0.886704	
769.5	1.05303	974.5	0.885688	
770	1.05301	975	0.884669	
770.5	1.05298	975.5	0.883647	
771	1.05296	976	0.882621	
771.5	1.05293	976.5	0.881593	
772	1.0529	977	0.880562	
772.5	1.05287	977.5	0.879527	
773	1.05285	978	0.87849	
773.5	1.05282	978.5	0.877449	
774	1.05279	979	0.876406	
774.5	1.05276	979.5	0.875359	
775	1.05273	980	0.87431	
775.5	1.05269	980.5	0.873257	
776	1.05266	981	0.872202	
776.5	1.05263	981.5	0.871144	
777	1.05259	982	0.870082	
777.5	1.05256	982.5	0.869018	
778	1.05252	983	0.867951	
778.5	1.05249	983.5	0.866881	
779	1.05245	984	0.865808	
779.5	1.05241	984.5	0.864732	
780	1.05238	985	0.863654	
780.5	1.05234	985.5	0.862572	
781	1.0523	986	0.861488	
781.5	1.05226	986.5	0.8604	
782	1.05221	987	0.85931	
782.5	1.05217	987.5	0.858218	
783	1.05213	988	0.857122	
783.5	1.05209	988.5	0.856024	
784	1.05204	989	0.854923	
784.5	1.052	989.5	0.853819	
785	1.05195	990	0.852712	
785.5	1.0519	990.5	0.851603	
786	1.05186	991	0.850491	
786.5	1.05181	991.5	0.849376	
787	1.05176	992	0.848259	
787.5	1.05171	992.5	0.847138	
788	1.05166	993	0.846016	
788.5	1.0516	993.5	0.84489	
789	1.05155	994	0.843762	
789.5	1.0515	994.5	0.842632	
790	1.05144	995	0.841498	
790.5	1.05139	995.5	0.840363	
791	1.05133	996	0.839224	
791.5	1.05127	996.5	0.838083	
792	1.05121	997	0.83694	
792.5	1.05115	997.5	0.835794	
793	1.05109	998	0.834645	
793.5	1.05103	998.5	0.833494	
794	1.05097	999	0.832341	
794.5	1.0509	999.5	0.831185	
795	1.05084	1000	0.830026	
795.5	1.05077			
796	1.05071			
796.5	1.05064			
797	1.05057			
797.5	1.0505			
798	1.05043			
798.5	1.05036			
799	1.05029			
799.5	1.05021			
800	1.05014			
800.5	1.05006			
801	1.04998			
801.5	1.0499			
802	1.04982			
802.5	1.04974			
803	1.04966			
803.5	1.04958			
804	1.04949			
804.5	1.04941			
805	1.04932			
805.5	1.04923			
806	1.04915			
806.5	1.04906			
807	1.04896			
807.5	1.04887			
808	1.04878			
808.5	1.04868			
809	1.04858			
809.5	1.04849			
810	1.04839			
810.5	1.04829			
811	1.04819			
811.5	1.04808			
812	1.04798			
812.5	1.04787			
813	1.04776			
813.5	1.04766			
814	1.04755			
814.5	1.04743			
815	1.04732			
815.5	1.04721			
816	1.04709			
816.5	1.04698			
817	1.04686			
817.5	1.04674			
818	1.04662			
818.5	1.04649			
819	1.04637			
819.5	1.04624			
820	1.04611			
820.5	1.04599			
821	1.04585			
821.5	1.04572			
822	1.04559			
822.5	1.04545			
823	1.04532			
823.5	1.04518			
824	1.04504			
824.5	1.0449			
825	1.04475			
825.5	1.04461			
826	1.04446			
826.5	1.04431			
827	1.04416			
827.5	1.04401			
828	1.04386			
828.5	1.0437			
829	1.04355			
829.5	1.04339			
830	1.04323			
830.5	1.04307			
831	1.0429			
831.5	1.04274			
832	1.04257			
832.5	1.0424			
833	1.04223			
833.5	1.04206			
834	1.04188			
834.5	1.04171			
835	1.04153			
835.5	1.04135			
836	1.04117			
836.5	1.04098			
837	1.0408			
837.5	1.04061			
838	1.04042			
838.5	1.04023			
839	1.04004			
839.5	1.03984			
840	1.03964			
840.5	1.03944			
841	1.03924			
841.5	1.03904			
842	1.03883			
842.5	1.03863			
843	1.03842			
843.5	1.03821			
844	1.03799			
844.5	1.03778			
845	1.03756			
845.5	1.03734			
846	1.03712			
846.5	1.03689			
847	1.03667			
847.5	1.03644			
848	1.03621			
848.5	1.03598			
849	1.03574			
849.5	1.0355			
850	1.03526			
850.5	1.03502			
851	1.03478			
851.5	1.03453			
852	1.03428			
852.5	1.03403			
853	1.03378			
853.5	1.03353			
854	1.03327			
854.5	1.03301			
855	1.03275			
855.5	1.03248			
856	1.03222			
856.5	1.03195			
857	1.03168			
857.5	1.0314			
858	1.03112			
858.5	1.03085			
859	1.03057			
859.5	1.03028			
860	1.03			
860.5	1.02971			
861	1.02942			
861.5	1.02912			
862	1.02883			
862.5	1.02853			
863	1.02823			
863.5	1.02793			
864	1.02762			
864.5	1.02731			
865	1.027			
865.5	1.02669			
866	1.02637			
866.5	1.02605			
867	1.02573			
867.5	1.02541			
868	1.02508			
868.5	1.02475			
869	1.02442			
869.5	1.02408			
870	1.02375			
870.5	1.02341			
871	1.02307			
871.5	1.02272			
872	1.02237			
872.5	1.02202			
873	1.02167			
873.5	1.02131			
874	1.02095			
874.5	1.02059			
875	1.02023			
875.5	1.01986			
876	1.01949			
876.5	1.01912			
877	1.01874			
877.5	1.01836			
878	1.01798			
878.5	1.0176			
879	1.01721			
879.5	1.01682			
880	1.01643			
880.5	1.01603			
881	1.01564			
881.5	1.01524			
882	1.01483			
882.5	1.01442			
883	1.01401			
883.5	1.0136			
884	1.01319			
884.5	1.01277			
885	1.01235			
885.5	1.01192			
886	1.01149			
886.5	1.01106			
887	1.01063			
887.5	1.01019			
888	1.00975			
888.5	1.00931			
889	1.00886			
889.5	1.00841			
890	1.00796			
890.5	1.00751			
891	1.00705			
891.5	1.00659			
892	1.00612			
892.5	1.00566			
893	1.00519			
893.5	1.00471			
894	1.00424			
894.5	1.00376			
895	1.00327			
895.5	1.00279			
896	1.0023			
896.5	1.00181			
897	1.00131			
897.5	1.00081			
898	1.00031			
898.5	0.999805			
899	0.999296			
899.5	0.998785			
900	0.99827			
900.5	0.997752			
901	0.997231			
901.5	0.996707			
902	0.996179			
902.5	0.995648			
903	0.995114			
903.5	0.994577			
904	0.994036			
904.5	0.993492			
905	0.992945			
905.5	0.992395			
906	0.991841			
906.5	0.991284			
907	0.990724			
907.5	0.99016			
908	0.989593			
908.5	0.989023			
909	0.988449			
909.5	0.987872			
910	0.987292			
910.5	0.986708			
911	0.986122			
911.5	0.985531			
912	0.984938			
912.5	0.984341			
913	0.98374			
913.5	0.983136			
914	0.982529			
914.5	0.981919			
915	0.981305			
915.5	0.980688			
916	0.980067			
916.5	0.979443			
917	0.978816			
917.5	0.978185			
918	0.977551			
918.5	0.976913			
919	0.976272			
919.5	0.975628			
920	0.97498			
920.5	0.974328			
921	0.973674			
921.5	0.973015			
922	0.972354			
922.5	0.971689			
923	0.97102			
923.5	0.970349			
924	0.969673			
924.5	0.968994			
925	0.968312			
925.5	0.967627			
926	0.966938			
926.5	0.966245			
927	0.965549			
927.5	0.96485			
928	0.964147			
928.5	0.96344			
929	0.962731			
929.5	0.962017			
930	0.961301			
930.5	0.96058			
931	0.959857			
931.5	0.95913			
932	0.958399			
932.5	0.957665			
933	0.956928			
933.5	0.956187			
934	0.955442			
934.5	0.954694			
935	0.953943			
935.5	0.953188			
936	0.95243			
936.5	0.951669			
937	0.950903			
937.5	0.950135			
938	0.949363			
938.5	0.948587			
939	0.947808			
939.5	0.947026			
940	0.94624			
940.5	0.945451			
941	0.944658			
941.5	0.943862			
942	0.943062			
942.5	0.942259			
943	0.941453			
943.5	0.940643			
944	0.939829			
944.5	0.939012			
945	0.938192			
945.5	0.937368			
946	0.936541			
946.5	0.935711			
947	0.934877			
947.5	0.93404			
948	0.933199			
948.5	0.932355			
949	0.931507			
949.5	0.930656			
950	0.929802			
950.5	0.928944			
951	0.928083			
951.5	0.927219			
952	0.926351			
952.5	0.925479			
953	0.924605			
953.5	0.923727			
954	0.922846			
954.5	0.921961			
955	0.921073			
955.5	0.920181			
956	0.919287			
956.5	0.918389			
957	0.917487			
957.5	0.916583			
958	0.915675			
958.5	0.914763			
959	0.913849			
959.5	0.912931			
960	0.91201			
960.5	0.911085			
961	0.910157			
961.5	0.909226			
962	0.908292			
962.5	0.907355			
963	0.906414			
963.5	0.90547			
964	0.904523			
964.5	0.903572			
965	0.902618			
965.5	0.901661			
966	0.900701			
966.5	0.899738			
967	0.898772			
967.5	0.897802			
968	0.896829			
968.5	0.895853			
969	0.894874			
969.5	0.893892			
970	0.892906			
970.5	0.891918			
971	0.890926			
971.5	0.889931			
972	0.888933			
972.5	0.887932			
973	0.886928			
973.5	0.885921			
974	0.884911			
974.5	0.883898			
975	0.882882			
975.5	0.881862			
976	0.88084			
976.5	0.879815			
977	0.878786			
977.5	0.877755			
978	0.876721			
978.5	0.875684			
979	0.874643			
979.5	0.8736			
980	0.872554			
980.5	0.871505			
981	0.870453			
981.5	0.869398			
982	0.868341			
982.5	0.86728			
983	0.866217			
983.5	0.86515			
984	0.864081			
984.5	0.863009			
985	0.861934			
985.5	0.860857			
986	0.859776			
986.5	0.858693			
987	0.857607			
987.5	0.856518			
988	0.855427			
988.5	0.854333			
989	0.853236			
989.5	0.852136			
990	0.851034			
990.5	0.849929			
991	0.848821			
991.5	0.847711			
992	0.846598			
992.5	0.845482			
993	0.844364			
993.5	0.843243			
994	0.84212			
994.5	0.840994			
995	0.839865			
995.5	0.838734			
996	0.837601			
996.5	0.836465			
997	0.835326			
997.5	0.834185			
998	0.833041			
998.5	0.831895			
999	0.830747			
999.5	0.829596			
1000	0.828442			
1002	0.823805			
1005	0.81678			
1008	0.809673			
1011	0.802489			
1014	0.795231			
1017	0.787902			
1020	0.780506			
1023	0.773047			
1026	0.765529			
1029	0.757955			
1032	0.75033			
1035	0.742656			
1038	0.734938			
1041	0.72718			
1044	0.719385			
1047	0.711558			
1050	0.703703			
1053	0.695823			
1056	0.687922			
1059	0.680005			
1062	0.672074			
1065	0.664134			
1068	0.656189			
1071	0.648241			
1074	0.640296			
1077	0.632355			
1080	0.624424			
1083	0.616505			
1086	0.608602			
1089	0.600718			
1092	0.592856			
1095	0.585019			
1098	0.577212			
1101	0.569435			
1104	0.561693			
1107	0.553988			
1110	0.546323			
1113	0.5387			
1116	0.531122			
1119	0.523592			
1122	0.516112			
1125	0.508683			
1128	0.501308			
1131	0.493989			
1134	0.486729			
1137	0.479528			
1140	0.472388			
1143	0.465312			
1146	0.4583			
1149	0.451354			
1152	0.444476			
1155	0.437666			
1158	0.430926			
1161	0.424256			
1164	0.417659			
1167	0.411134			
1170	0.404682			
1173	0.398305			
1176	0.392002			
1179	0.385775			
1182	0.379624			
1185	0.373549			
1188	0.36755			
1191	0.361628			
1194	0.355783			
1197	0.350016			
1200	0.344325			
1203	0.338712			
1206	0.333176			
1209	0.327718			
1212	0.322336			
1215	0.317031			
1218	0.311802			
1221	0.30665			
1224	0.301574			
1227	0.296573			
1230	0.291647			
1233	0.286796			
1236	0.28202			
1239	0.277317			
1242	0.272687			
1245	0.268129			
1248	0.263644			
1251	0.25923			
1254	0.254887			
1257	0.250613			
1260	0.246409			
1263	0.242274			
1266	0.238207			
1269	0.234206			
1272	0.230272			
1275	0.226404			
1278	0.222601			
1281	0.218862			
1284	0.215186			
1287	0.211573			
1290	0.208021			
1293	0.20453			
1296	0.201099			
1299	0.197728			
1302	0.194415			
1305	0.19116			
1308	0.187961			
1311	0.184818			
1314	0.181731			
1317	0.178698			
1320	0.175718			
1323	0.172791			
1326	0.169916			
1329	0.167092			
1332	0.164318			
1335	0.161594			
1338	0.158918			
1341	0.15629			
1344	0.15371			
1347	0.151175			
1350	0.148687			
1353	0.146243			
1356	0.143843			
1359	0.141486			
1362	0.139172			
1365	0.1369			
1368	0.134669			
1371	0.132478			
1374	0.130327			
1377	0.128215			
1380	0.126141			
1383	0.124105			
1386	0.122106			
1389	0.120143			
1392	0.118216			
1395	0.116324			
1398	0.114466			
1401	0.112642			
1404	0.110851			
1407	0.109092			
1410	0.107366			
1413	0.105671			
1416	0.104006			
1419	0.102372			
1422	0.100767			
1425	0.099192			
1428	0.097645			
1431	0.0961261			
1434	0.0946347			
1437	0.0931703			
1440	0.0917323			
1443	0.0903203			
1446	0.0889338			
1449	0.0875723			
1452	0.0862354			
1455	0.0849225			
1458	0.0836332			
1461	0.0823671			
1464	0.0811238			
1467	0.0799027			
1470	0.0787035			
1473	0.0775258			
1476	0.0763691			
1479	0.0752331			
1482	0.0741173			
1485	0.0730214			
1488	0.071945			
1491	0.0708878			
1494	0.0698493			
1497	0.0688292			
1500	0.0678272			
1503	0.0668428			
1506	0.0658759			
1509	0.064926			
1512	0.0639928			
1515	0.063076			
1518	0.0621752			
1521	0.0612903			
1524	0.0604209			
1527	0.0595666			
1530	0.0587272			
1533	0.0579025			
1536	0.0570921			
1539	0.0562957			
1542	0.0555132			
1545	0.0547442			
1548	0.0539884			
1551	0.0532457			
1554	0.0525158			
1557	0.0517984			
1560	0.0510933			
1563	0.0504003			
1566	0.0497192			
1569	0.0490496			
1572	0.0483915			
1575	0.0477446			
1578	0.0471086			
1581	0.0464834			
1584	0.0458688			
1587	0.0452645			
1590	0.0446705			
1593	0.0440864			
1596	0.0435121			
1599	0.0429474			
1602	0.0423922			
1605	0.0418463			
1608	0.0413094			
1611	0.0407815			
1614	0.0402623			
1617	0.0397517			
1620	0.0392496			
1623	0.0387557			
1626	0.03827			
1629	0.0377923			
1632	0.0373224			
1635	0.0368601			
1638	0.0364055			
1641	0.0359582			
1644	0.0355183			
1647	0.0350855			
1650	0.0346596			
1653	0.0342407			
1656	0.0338286			
1659	0.0334231			
1662	0.0330241			
1665	0.0326315			
1668	0.0322452			
1671	0.031865			
1674	0.031491			
1677	0.0311229			
1680	0.0307606			
1683	0.0304041			
1686	0.0300532			
1689	0.0297079			
1692	0.029368			
1695	0.0290335			
1698	0.0287042			
1701	0.0283801			
1704	0.028061			
1707	0.0277469			
1710	0.0274377			
1713	0.0271333			
1716	0.0268337			
1719	0.0265387			
1722	0.0262482			
1725	0.0259622			
1728	0.0256806			
1731	0.0254034			
1734	0.0251304			
1737	0.0248615			
1740	0.0245968			
1743	0.0243361			
1746	0.0240794			
1749	0.0238265			
1752	0.0235775			
1755	0.0233323			
1758	0.0230907			
1761	0.0228528			
1764	0.0226185			
1767	0.0223877			
1770	0.0221603			
1773	0.0219363			
1776	0.0217157			
1779	0.0214983			
1782	0.0212842			
1785	0.0210733			
1788	0.0208655			
1791	0.0206607			
1794	0.020459			
1797	0.0202602			
1800	0.0200643			
1803	0.0198714			
1806	0.0196812			
1809	0.0194938			
1812	0.0193092			
1815	0.0191272			
1818	0.0189479			
1821	0.0187711			
1824	0.0185969			
1827	0.0184253			
1830	0.0182561			
1833	0.0180893			
1836	0.017925			
1839	0.017763			
1842	0.0176033			
1845	0.0174459			
1848	0.0172907			
1851	0.0171377			
1854	0.016987			
1857	0.0168383			
1860	0.0166917			
1863	0.0165473			
1866	0.0164048			
1869	0.0162644			
1872	0.0161259			
1875	0.0159894			
1878	0.0158548			
1881	0.015722			
1884	0.0155912			
1887	0.0154621			
1890	0.0153348			
1893	0.0152093			
1896	0.0150856			
1899	0.0149635			
1902	0.0148432			
1905	0.0147245			
1908	0.0146074			
1911	0.0144919			
1914	0.014378			
1917	0.0142657			
1920	0.0141549			
1923	0.0140457			
1926	0.0139379			
1929	0.0138316			
1932	0.0137267			
1935	0.0136232			
1938	0.0135212			
1941	0.0134205			
1944	0.0133212			
1947	0.0132232			
1950	0.0131266			
1953	0.0130312			
1956	0.0129371			
1959	0.0128443			
1962	0.0127527			
1965	0.0126624			
1968	0.0125732			
1971	0.0124853			
1974	0.0123985			
1977	0.0123129			
1980	0.0122284			
1983	0.012145			
1986	0.0120627			
1989	0.0119815			
1992	0.0119014			
1995	0.0118223			
1998	0.0117443			
2001	0.0116673			
2004	0.0115913			
2007	0.0115163			
2010	0.0114423			
2013	0.0113692			
2016	0.0112971			
2019	0.011226			
2022	0.0111558			
2025	0.0110864			
2028	0.011018			
2031	0.0109505			
2034	0.0108838			
2037	0.010818			
2040	0.0107531			
2043	0.010689			
2046	0.0106257			
2049	0.0105633			
2052	0.0105016			
2055	0.0104407			
2058	0.0103806			
2061	0.0103213			
2064	0.0102628			
2067	0.010205			
2070	0.0101479			
2073	0.0100916			
2076	0.0100359			
2079	0.00998103			
2082	0.00992682			
2085	0.0098733			
2088	0.00982046			
2091	0.00976828			
2094	0.00971677			
2097	0.00966592			
2100	0.0096157			
2103	0.00956612			
2106	0.00951717			
2109	0.00946884			
2112	0.00942112			
2115	0.00937399			
2118	0.00932746			
2121	0.00928152			
2124	0.00923616			
2127	0.00919136			
2130	0.00914713			
2133	0.00910345			
2136	0.00906032			
2139	0.00901774			
2142	0.00897568			
2145	0.00893415			
2148	0.00889314			
2151	0.00885265			
2154	0.00881266			
2157	0.00877317			
2160	0.00873417			
2163	0.00869566			
2166	0.00865763			
2169	0.00862007			
2172	0.00858298			
2175	0.00854635			
2178	0.00851018			
2181	0.00847446			
2184	0.00843918			
2187	0.00840434			
2190	0.00836994			
2193	0.00833596			
2196	0.0083024			
2199	0.00826926			
2202	0.00823654			
2205	0.00820421			
2208	0.00817229			
2211	0.00814077			
2214	0.00810964			
2217	0.00807889			
2220	0.00804852			
2223	0.00801853			
2226	0.00798891			
2229	0.00795966			
2232	0.00793077			
2235	0.00790224			
2238	0.00787407			
2241	0.00784624			
2244	0.00781876			
2247	0.00779162			
2250	0.00776481			
2253	0.00773834			
2256	0.0077122			
2259	0.00768638			
2262	0.00766088			
2265	0.00763569			
2268	0.00761082			
2271	0.00758626			
2274	0.007562			
2277	0.00753805			
2280	0.00751439			
2283	0.00749103			
2286	0.00746796			
2289	0.00744517			
2292	0.00742267			
2295	0.00740045			
2298	0.0073785			
2301	0.00735683			
2304	0.00733543			
2307	0.0073143			
2310	0.00729343			
2313	0.00727282			
2316	0.00725247			
2319	0.00723237			
2322	0.00721253			
2325	0.00719293			
2328	0.00717358			
2331	0.00715448			
2334	0.00713561			
2337	0.00711698			
2340	0.00709859			
2343	0.00708043			
2346	0.00706249			
2349	0.00704479			
2352	0.0070273			
2355	0.00701004			
2358	0.006993			
2361	0.00697617			
2364	0.00695956			
2367	0.00694316			
2370	0.00692697			
2373	0.00691098			
2376	0.0068952			
2379	0.00687962			
2382	0.00686424			
2385	0.00684906			
2388	0.00683407			
2391	0.00681928			
2394	0.00680467			
2397	0.00679026			
2400	0.00677603			
2403	0.00676199			
2406	0.00674812			
2409	0.00673444			
2412	0.00672094			
2415	0.00670761			
2418	0.00669446			
2421	0.00668148			
2424	0.00666866			
2427	0.00665602			
2430	0.00664355			
2433	0.00663124			
2436	0.00661909			
2439	0.0066071			
2442	0.00659528			
2445	0.00658361			
2448	0.0065721			
2451	0.00656074			
2454	0.00654953			
2457	0.00653848			
2460	0.00652757			
2463	0.00651681			
2466	0.0065062			
2469	0.00649574			
2472	0.00648541			
2475	0.00647523			
2478	0.00646519			
2481	0.00645528			
2484	0.00644551			
2487	0.00643588			
2490	0.00642638			
2493	0.00641702			
2496	0.00640779			
2499	0.00639868			
2502	0.00638971			
2505	0.00638086			
2508	0.00637213			
2511	0.00636354			
2514	0.00635506			
2517	0.00634671			
2520	0.00633847			
2523	0.00633036			
2526	0.00632236			
2529	0.00631448			
2532	0.00630672			
2535	0.00629907			
2538	0.00629153			
2541	0.00628411			
2544	0.0062768			
2547	0.00626959			
2550	0.0062625			
2553	0.00625551			
2556	0.00624863			
2559	0.00624185			
2562	0.00623518			
2565	0.00622861			
2568	0.00622215			
2571	0.00621578			
2574	0.00620951			
2577	0.00620335			
2580	0.00619728			
2583	0.00619131			
2586	0.00618543			
2589	0.00617965			
2592	0.00617396			
2595	0.00616837			
2598	0.00616286			
2601	0.00615745			
2604	0.00615213			
2607	0.0061469			
2610	0.00614176			
2613	0.00613671			
2616	0.00613174			
2619	0.00612686			
2622	0.00612206			
2625	0.00611735			
2628	0.00611272			
2631	0.00610817			
2634	0.0061037			
2637	0.00609932			
2640	0.00609501			
2643	0.00609079			
2646	0.00608664			
2649	0.00608257			
2652	0.00607858			
2655	0.00607467			
2658	0.00607083			
2661	0.00606706			
2664	0.00606337			
2667	0.00605975			
2670	0.00605621			
2673	0.00605273			
2676	0.00604933			
2679	0.006046			
2682	0.00604274			
2685	0.00603955			
2688	0.00603642			
2691	0.00603337			
2694	0.00603038			
2697	0.00602746			
2700	0.0060246			
2703	0.00602181			
2706	0.00601908			
2709	0.00601642			
2712	0.00601382			
2715	0.00601128			
2718	0.00600881			
2721	0.0060064			
2724	0.00600405			
2727	0.00600176			
2730	0.00599953			
2733	0.00599736			
2736	0.00599524			
2739	0.00599319			
2742	0.00599119			
2745	0.00598926			
2748	0.00598737			
2751	0.00598555			
2754	0.00598378			
2757	0.00598206			
2760	0.0059804			
2763	0.00597879			
2766	0.00597724			
2769	0.00597574			
2772	0.00597429			
2775	0.0059729			
2778	0.00597155			
2781	0.00597026			
2784	0.00596902			
2787	0.00596783			
2790	0.00596669			
2793	0.00596559			
2796	0.00596455			
2799	0.00596356			
2802	0.00596261			
2805	0.00596171			
2808	0.00596086			
2811	0.00596005			
2814	0.00595929			
2817	0.00595858			
2820	0.00595791			
2823	0.00595729			
2826	0.00595671			
2829	0.00595617			
2832	0.00595568			
2835	0.00595524			
2838	0.00595483			
2841	0.00595447			
2844	0.00595415			
2847	0.00595387			
2850	0.00595364			
2853	0.00595344			
2856	0.00595329			
2859	0.00595318			
2862	0.0059531			
2865	0.00595307			
2868	0.00595308			
2871	0.00595312			
2874	0.00595321			
2877	0.00595333			
2880	0.00595349			
2883	0.00595369			
2886	0.00595392			
2889	0.00595419			
2892	0.0059545			
2895	0.00595485			
2898	0.00595523			
2901	0.00595565			
2904	0.0059561			
2907	0.00595659			
2910	0.00595711			
2913	0.00595767			
2916	0.00595826			
2919	0.00595889			
2922	0.00595955			
2925	0.00596024			
2928	0.00596097			
2931	0.00596172			
2934	0.00596251			
2937	0.00596334			
2940	0.00596419			
2943	0.00596508			
2946	0.005966			
2949	0.00596695			
2952	0.00596793			
2955	0.00596894			
2958	0.00596998			
2961	0.00597105			
2964	0.00597216			
2967	0.00597329			
2970	0.00597445			
2973	0.00597564			
2976	0.00597686			
2979	0.0059781			
2982	0.00597938			
2985	0.00598068			
2988	0.00598202			
2991	0.00598338			
2994	0.00598476			
2997	0.00598618			
3000	0.00598762			
