z (mm) - Bz on axis	Total potential (T) - Bz on axis	z (mm) - Min |B| on wall	Total potential (T) - Min |B| on wall	
-2229	7.64738E-6	-1000	0.818851	
-2226	4.69588E-5	-999.5	0.820008	
-2223	8.66322E-5	-999	0.821163	
-2220	0.000126672	-998.5	0.822315	
-2217	0.000167083	-998	0.823465	
-2214	0.00020787	-997.5	0.824612	
-2211	0.000249038	-997	0.825757	
-2208	0.000290591	-996.5	0.826899	
-2205	0.000332534	-996	0.828039	
-2202	0.000374873	-995.5	0.829177	
-2199	0.000417612	-995	0.830312	
-2196	0.000460757	-994.5	0.831444	
-2193	0.000504313	-994	0.832574	
-2190	0.000548285	-993.5	0.833701	
-2187	0.000592678	-993	0.834826	
-2184	0.000637498	-992.5	0.835948	
-2181	0.000682751	-992	0.837068	
-2178	0.000728441	-991.5	0.838185	
-2175	0.000774576	-991	0.8393	
-2172	0.00082116	-990.5	0.840412	
-2169	0.000868199	-990	0.841521	
-2166	0.0009157	-989.5	0.842627	
-2163	0.000963668	-989	0.843731	
-2160	0.00101211	-988.5	0.844832	
-2157	0.00106103	-988	0.845931	
-2154	0.00111044	-987.5	0.847027	
-2151	0.00116034	-987	0.84812	
-2148	0.00121074	-986.5	0.84921	
-2145	0.00126164	-986	0.850298	
-2142	0.00131306	-985.5	0.851383	
-2139	0.001365	-985	0.852465	
-2136	0.00141746	-984.5	0.853544	
-2133	0.00147045	-984	0.854621	
-2130	0.00152399	-983.5	0.855694	
-2127	0.00157807	-983	0.856765	
-2124	0.00163271	-982.5	0.857833	
-2121	0.00168791	-982	0.858899	
-2118	0.00174368	-981.5	0.859961	
-2115	0.00180003	-981	0.861021	
-2112	0.00185696	-980.5	0.862077	
-2109	0.00191449	-980	0.863131	
-2106	0.00197262	-979.5	0.864182	
-2103	0.00203136	-979	0.86523	
-2100	0.00209071	-978.5	0.866275	
-2097	0.0021507	-978	0.867317	
-2094	0.00221131	-977.5	0.868357	
-2091	0.00227258	-977	0.869393	
-2088	0.00233449	-976.5	0.870426	
-2085	0.00239707	-976	0.871457	
-2082	0.00246031	-975.5	0.872484	
-2079	0.00252424	-975	0.873508	
-2076	0.00258886	-974.5	0.87453	
-2073	0.00265417	-974	0.875548	
-2070	0.0027202	-973.5	0.876563	
-2067	0.00278694	-973	0.877576	
-2064	0.00285441	-972.5	0.878585	
-2061	0.00292262	-972	0.879591	
-2058	0.00299159	-971.5	0.880594	
-2055	0.00306131	-971	0.881594	
-2052	0.0031318	-970.5	0.882591	
-2049	0.00320307	-970	0.883585	
-2046	0.00327514	-969.5	0.884576	
-2043	0.00334801	-969	0.885564	
-2040	0.00342169	-968.5	0.886548	
-2037	0.00349621	-968	0.88753	
-2034	0.00357156	-967.5	0.888508	
-2031	0.00364776	-967	0.889483	
-2028	0.00372483	-966.5	0.890456	
-2025	0.00380277	-966	0.891424	
-2022	0.0038816	-965.5	0.89239	
-2019	0.00396132	-965	0.893353	
-2016	0.00404197	-964.5	0.894312	
-2013	0.00412354	-964	0.895268	
-2010	0.00420605	-963.5	0.896221	
-2007	0.00428952	-963	0.897171	
-2004	0.00437395	-962.5	0.898118	
-2001	0.00445937	-962	0.899061	
-1998	0.00454578	-961.5	0.900001	
-1995	0.0046332	-961	0.900938	
-1992	0.00472165	-960.5	0.901872	
-1989	0.00481114	-960	0.902802	
-1986	0.00490169	-959.5	0.903729	
-1983	0.00499331	-959	0.904653	
-1980	0.00508602	-958.5	0.905574	
-1977	0.00517984	-958	0.906491	
-1974	0.00527477	-957.5	0.907405	
-1971	0.00537084	-957	0.908316	
-1968	0.00546807	-956.5	0.909224	
-1965	0.00556647	-956	0.910128	
-1962	0.00566605	-955.5	0.911029	
-1959	0.00576685	-955	0.911927	
-1956	0.00586887	-954.5	0.912821	
-1953	0.00597213	-954	0.913712	
-1950	0.00607666	-953.5	0.9146	
-1947	0.00618247	-953	0.915484	
-1944	0.00628958	-952.5	0.916365	
-1941	0.00639801	-952	0.917243	
-1938	0.00650778	-951.5	0.918117	
-1935	0.00661892	-951	0.918988	
-1932	0.00673143	-950.5	0.919856	
-1929	0.00684535	-950	0.92072	
-1926	0.0069607	-949.5	0.921581	
-1923	0.0070775	-949	0.922438	
-1920	0.00719576	-948.5	0.923292	
-1917	0.00731552	-948	0.924143	
-1914	0.00743679	-947.5	0.924991	
-1911	0.0075596	-947	0.925835	
-1908	0.00768398	-946.5	0.926675	
-1905	0.00780994	-946	0.927513	
-1902	0.00793752	-945.5	0.928347	
-1899	0.00806673	-945	0.929177	
-1896	0.00819761	-944.5	0.930004	
-1893	0.00833018	-944	0.930828	
-1890	0.00846446	-943.5	0.931648	
-1887	0.00860049	-943	0.932465	
-1884	0.00873829	-942.5	0.933279	
-1881	0.00887789	-942	0.934089	
-1878	0.00901932	-941.5	0.934896	
-1875	0.0091626	-941	0.935699	
-1872	0.00930777	-940.5	0.936499	
-1869	0.00945486	-940	0.937295	
-1866	0.0096039	-939.5	0.938088	
-1863	0.00975491	-939	0.938878	
-1860	0.00990794	-938.5	0.939664	
-1857	0.010063	-938	0.940447	
-1854	0.0102202	-937.5	0.941226	
-1851	0.0103794	-937	0.942002	
-1848	0.0105408	-936.5	0.942775	
-1845	0.0107044	-936	0.943544	
-1842	0.0108702	-935.5	0.944309	
-1839	0.0110382	-935	0.945072	
-1836	0.0112086	-934.5	0.94583	
-1833	0.0113812	-934	0.946586	
-1830	0.0115562	-933.5	0.947338	
-1827	0.0117337	-933	0.948086	
-1824	0.0119135	-932.5	0.948831	
-1821	0.0120959	-932	0.949573	
-1818	0.0122808	-931.5	0.950311	
-1815	0.0124682	-931	0.951046	
-1812	0.0126583	-930.5	0.951777	
-1809	0.012851	-930	0.952505	
-1806	0.0130464	-929.5	0.95323	
-1803	0.0132445	-929	0.953951	
-1800	0.0134454	-928.5	0.954669	
-1797	0.0136492	-928	0.955383	
-1794	0.0138558	-927.5	0.956094	
-1791	0.0140654	-927	0.956801	
-1788	0.014278	-926.5	0.957505	
-1785	0.0144935	-926	0.958206	
-1782	0.0147122	-925.5	0.958903	
-1779	0.014934	-925	0.959597	
-1776	0.015159	-924.5	0.960287	
-1773	0.0153872	-924	0.960974	
-1770	0.0156188	-923.5	0.961657	
-1767	0.0158537	-923	0.962337	
-1764	0.016092	-922.5	0.963014	
-1761	0.0163337	-922	0.963687	
-1758	0.016579	-921.5	0.964357	
-1755	0.0168279	-921	0.965024	
-1752	0.0170805	-920.5	0.965687	
-1749	0.0173368	-920	0.966347	
-1746	0.0175968	-919.5	0.967003	
-1743	0.0178607	-919	0.967656	
-1740	0.0181285	-918.5	0.968306	
-1737	0.0184003	-918	0.968952	
-1734	0.0186762	-917.5	0.969595	
-1731	0.0189562	-917	0.970234	
-1728	0.0192404	-916.5	0.97087	
-1725	0.0195288	-916	0.971503	
-1722	0.0198216	-915.5	0.972132	
-1719	0.0201189	-915	0.972758	
-1716	0.0204206	-914.5	0.973381	
-1713	0.0207269	-914	0.974	
-1710	0.0210379	-913.5	0.974616	
-1707	0.0213536	-913	0.975229	
-1704	0.0216742	-912.5	0.975838	
-1701	0.0219997	-912	0.976444	
-1698	0.0223302	-911.5	0.977047	
-1695	0.0226658	-911	0.977646	
-1692	0.0230066	-910.5	0.978242	
-1689	0.0233526	-910	0.978835	
-1686	0.0237041	-909.5	0.979424	
-1683	0.024061	-909	0.980011	
-1680	0.0244235	-908.5	0.980593	
-1677	0.0247917	-908	0.981173	
-1674	0.0251656	-907.5	0.981749	
-1671	0.0255455	-907	0.982322	
-1668	0.0259313	-906.5	0.982892	
-1665	0.0263232	-906	0.983458	
-1662	0.0267214	-905.5	0.984021	
-1659	0.0271259	-905	0.984581	
-1656	0.0275368	-904.5	0.985138	
-1653	0.0279543	-904	0.985692	
-1650	0.0283785	-903.5	0.986242	
-1647	0.0288094	-903	0.986789	
-1644	0.0292474	-902.5	0.987332	
-1641	0.0296923	-902	0.987873	
-1638	0.0301445	-901.5	0.98841	
-1635	0.030604	-901	0.988944	
-1632	0.031071	-900.5	0.989475	
-1629	0.0315455	-900	0.990003	
-1626	0.0320278	-899.5	0.990528	
-1623	0.0325181	-899	0.991049	
-1620	0.0330163	-898.5	0.991567	
-1617	0.0335227	-898	0.992082	
-1614	0.0340375	-897.5	0.992594	
-1611	0.0345608	-897	0.993103	
-1608	0.0350927	-896.5	0.993609	
-1605	0.0356335	-896	0.994111	
-1602	0.0361832	-895.5	0.994611	
-1599	0.0367421	-895	0.995107	
-1596	0.0373103	-894.5	0.9956	
-1593	0.0378881	-894	0.99609	
-1590	0.0384755	-893.5	0.996577	
-1587	0.0390729	-893	0.997061	
-1584	0.0396802	-892.5	0.997542	
-1581	0.0402979	-892	0.998019	
-1578	0.040926	-891.5	0.998494	
-1575	0.0415647	-891	0.998966	
-1572	0.0422143	-890.5	0.999434	
-1569	0.0428749	-890	0.9999	
-1566	0.0435469	-889.5	1.00036	
-1563	0.0442303	-889	1.00082	
-1560	0.0449254	-888.5	1.00128	
-1557	0.0456325	-888	1.00173	
-1554	0.0463517	-887.5	1.00218	
-1551	0.0470833	-887	1.00263	
-1548	0.0478276	-886.5	1.00307	
-1545	0.0485848	-886	1.00352	
-1542	0.0493551	-885.5	1.00395	
-1539	0.0501387	-885	1.00439	
-1536	0.050936	-884.5	1.00482	
-1533	0.0517473	-884	1.00525	
-1530	0.0525727	-883.5	1.00568	
-1527	0.0534125	-883	1.0061	
-1524	0.0542671	-882.5	1.00653	
-1521	0.0551367	-882	1.00694	
-1518	0.0560216	-881.5	1.00736	
-1515	0.0569221	-881	1.00777	
-1512	0.0578386	-880.5	1.00818	
-1509	0.0587712	-880	1.00859	
-1506	0.0597204	-879.5	1.00899	
-1503	0.0606864	-879	1.00939	
-1500	0.0616696	-878.5	1.00979	
-1497	0.0626704	-878	1.01019	
-1494	0.063689	-877.5	1.01058	
-1491	0.0647258	-877	1.01097	
-1488	0.0657811	-876.5	1.01136	
-1485	0.0668554	-876	1.01174	
-1482	0.0679489	-875.5	1.01212	
-1479	0.0690621	-875	1.0125	
-1476	0.0701954	-874.5	1.01288	
-1473	0.071349	-874	1.01325	
-1470	0.0725235	-873.5	1.01362	
-1467	0.0737192	-873	1.01399	
-1464	0.0749366	-872.5	1.01435	
-1461	0.076176	-872	1.01472	
-1458	0.0774379	-871.5	1.01508	
-1455	0.0787228	-871	1.01543	
-1452	0.080031	-870.5	1.01579	
-1449	0.081363	-870	1.01614	
-1446	0.0827192	-869.5	1.01649	
-1443	0.0841002	-869	1.01684	
-1440	0.0855065	-868.5	1.01718	
-1437	0.0869384	-868	1.01752	
-1434	0.0883965	-867.5	1.01786	
-1431	0.0898813	-867	1.0182	
-1428	0.0913933	-866.5	1.01853	
-1425	0.092933	-866	1.01886	
-1422	0.0945009	-865.5	1.01919	
-1419	0.0960976	-865	1.01952	
-1416	0.0977237	-864.5	1.01984	
-1413	0.0993796	-864	1.02016	
-1410	0.101066	-863.5	1.02048	
-1407	0.102783	-863	1.0208	
-1404	0.104532	-862.5	1.02111	
-1401	0.106314	-862	1.02142	
-1398	0.108127	-861.5	1.02173	
-1395	0.109975	-861	1.02204	
-1392	0.111856	-860.5	1.02234	
-1389	0.113772	-860	1.02264	
-1386	0.115723	-859.5	1.02294	
-1383	0.11771	-859	1.02324	
-1380	0.119734	-858.5	1.02353	
-1377	0.121795	-858	1.02382	
-1374	0.123894	-857.5	1.02411	
-1371	0.126031	-857	1.0244	
-1368	0.128208	-856.5	1.02468	
-1365	0.130425	-856	1.02497	
-1362	0.132682	-855.5	1.02525	
-1359	0.134981	-855	1.02552	
-1356	0.137322	-854.5	1.0258	
-1353	0.139706	-854	1.02607	
-1350	0.142133	-853.5	1.02634	
-1347	0.144605	-853	1.02661	
-1344	0.147121	-852.5	1.02688	
-1341	0.149684	-852	1.02714	
-1338	0.152293	-851.5	1.0274	
-1335	0.15495	-851	1.02766	
-1332	0.157655	-850.5	1.02792	
-1329	0.160409	-850	1.02818	
-1326	0.163212	-849.5	1.02843	
-1323	0.166066	-849	1.02868	
-1320	0.168972	-848.5	1.02893	
-1317	0.171929	-848	1.02918	
-1314	0.17494	-847.5	1.02942	
-1311	0.178004	-847	1.02966	
-1308	0.181123	-846.5	1.0299	
-1305	0.184297	-846	1.03014	
-1302	0.187528	-845.5	1.03038	
-1299	0.190815	-845	1.03061	
-1296	0.194161	-844.5	1.03084	
-1293	0.197565	-844	1.03107	
-1290	0.201029	-843.5	1.0313	
-1287	0.204553	-843	1.03153	
-1284	0.208138	-842.5	1.03175	
-1281	0.211785	-842	1.03197	
-1278	0.215494	-841.5	1.03219	
-1275	0.219267	-841	1.03241	
-1272	0.223105	-840.5	1.03263	
-1269	0.227007	-840	1.03284	
-1266	0.230975	-839.5	1.03305	
-1263	0.23501	-839	1.03326	
-1260	0.239112	-838.5	1.03347	
-1257	0.243282	-838	1.03368	
-1254	0.24752	-837.5	1.03388	
-1251	0.251828	-837	1.03408	
-1248	0.256207	-836.5	1.03429	
-1245	0.260655	-836	1.03448	
-1242	0.265175	-835.5	1.03468	
-1239	0.269767	-835	1.03488	
-1236	0.274432	-834.5	1.03507	
-1233	0.279169	-834	1.03526	
-1230	0.28398	-833.5	1.03545	
-1227	0.288865	-833	1.03564	
-1224	0.293825	-832.5	1.03582	
-1221	0.298859	-832	1.03601	
-1218	0.303969	-831.5	1.03619	
-1215	0.309154	-831	1.03637	
-1212	0.314416	-830.5	1.03655	
-1209	0.319753	-830	1.03673	
-1206	0.325166	-829.5	1.0369	
-1203	0.330657	-829	1.03708	
-1200	0.336223	-828.5	1.03725	
-1197	0.341867	-828	1.03742	
-1194	0.347587	-827.5	1.03759	
-1191	0.353383	-827	1.03776	
-1188	0.359256	-826.5	1.03792	
-1185	0.365206	-826	1.03809	
-1182	0.371231	-825.5	1.03825	
-1179	0.377332	-825	1.03841	
-1176	0.383508	-824.5	1.03857	
-1173	0.389759	-824	1.03873	
-1170	0.396085	-823.5	1.03888	
-1167	0.402484	-823	1.03904	
-1164	0.408956	-822.5	1.03919	
-1161	0.4155	-822	1.03934	
-1158	0.422116	-821.5	1.03949	
-1155	0.428802	-821	1.03964	
-1152	0.435557	-820.5	1.03979	
-1149	0.442381	-820	1.03993	
-1146	0.449272	-819.5	1.04008	
-1143	0.456228	-819	1.04022	
-1140	0.463249	-818.5	1.04036	
-1137	0.470333	-818	1.0405	
-1134	0.477478	-817.5	1.04064	
-1131	0.484682	-817	1.04077	
-1128	0.491945	-816.5	1.04091	
-1125	0.499263	-816	1.04104	
-1122	0.506635	-815.5	1.04117	
-1119	0.51406	-815	1.0413	
-1116	0.521534	-814.5	1.04143	
-1113	0.529055	-814	1.04156	
-1110	0.536622	-813.5	1.04169	
-1107	0.544231	-813	1.04182	
-1104	0.55188	-812.5	1.04194	
-1101	0.559567	-812	1.04206	
-1098	0.567289	-811.5	1.04218	
-1095	0.575042	-811	1.0423	
-1092	0.582824	-810.5	1.04242	
-1089	0.590633	-810	1.04254	
-1086	0.598464	-809.5	1.04266	
-1083	0.606315	-809	1.04277	
-1080	0.614182	-808.5	1.04289	
-1077	0.622062	-808	1.043	
-1074	0.629952	-807.5	1.04311	
-1071	0.637849	-807	1.04322	
-1068	0.645748	-806.5	1.04333	
-1065	0.653646	-806	1.04344	
-1062	0.661539	-805.5	1.04355	
-1059	0.669425	-805	1.04365	
-1056	0.677298	-804.5	1.04376	
-1053	0.685156	-804	1.04386	
-1050	0.692995	-803.5	1.04396	
-1047	0.70081	-803	1.04406	
-1044	0.708599	-802.5	1.04416	
-1041	0.716356	-802	1.04426	
-1038	0.724079	-801.5	1.04436	
-1035	0.731763	-801	1.04446	
-1032	0.739404	-800.5	1.04455	
-1029	0.747	-800	1.04465	
-1026	0.754545	-799.5	1.04474	
-1023	0.762037	-799	1.04483	
-1020	0.769471	-798.5	1.04492	
-1017	0.776844	-798	1.04501	
-1014	0.784153	-797.5	1.0451	
-1011	0.791393	-797	1.04519	
-1008	0.798561	-796.5	1.04528	
-1005	0.805654	-796	1.04537	
-1002	0.812668	-795.5	1.04545	
-1000	0.817299	-795	1.04554	
-999.5	0.818451	-794.5	1.04562	
-999	0.819601	-794	1.0457	
-998.5	0.820748	-793.5	1.04578	
-998	0.821893	-793	1.04587	
-997.5	0.823035	-792.5	1.04595	
-997	0.824175	-792	1.04603	
-996.5	0.825313	-791.5	1.04611	
-996	0.826448	-791	1.04618	
-995.5	0.827581	-790.5	1.04626	
-995	0.828711	-790	1.04634	
-994.5	0.829839	-789.5	1.04641	
-994	0.830964	-789	1.04649	
-993.5	0.832087	-788.5	1.04656	
-993	0.833208	-788	1.04664	
-992.5	0.834325	-787.5	1.04671	
-992	0.835441	-787	1.04678	
-991.5	0.836553	-786.5	1.04686	
-991	0.837664	-786	1.04693	
-990.5	0.838771	-785.5	1.047	
-990	0.839876	-785	1.04707	
-989.5	0.840978	-784.5	1.04714	
-989	0.842078	-784	1.04722	
-988.5	0.843175	-783.5	1.04729	
-988	0.84427	-783	1.04736	
-987.5	0.845361	-782.5	1.04743	
-987	0.84645	-782	1.04749	
-986.5	0.847537	-781.5	1.04755	
-986	0.848621	-781	1.04761	
-985.5	0.849702	-780.5	1.04767	
-985	0.85078	-780	1.04772	
-984.5	0.851856	-779.5	1.04778	
-984	0.852928	-779	1.04783	
-983.5	0.853998	-778.5	1.04788	
-983	0.855066	-778	1.04793	
-982.5	0.85613	-777.5	1.04798	
-982	0.857192	-777	1.04802	
-981.5	0.858251	-776.5	1.04806	
-981	0.859307	-776	1.0481	
-980.5	0.86036	-775.5	1.04814	
-980	0.861411	-775	1.04818	
-979.5	0.862458	-774.5	1.04821	
-979	0.863503	-774	1.04824	
-978.5	0.864545	-773.5	1.04826	
-978	0.865584	-773	1.04829	
-977.5	0.86662	-772.5	1.04831	
-977	0.867653	-772	1.04832	
-976.5	0.868683	-771.5	1.04833	
-976	0.869711	-771	1.04834	
-975.5	0.870735	-770.5	1.04834	
-975	0.871757	-770	1.04833	
-974.5	0.872775	-769.5	1.04832	
-974	0.873791	-769	1.04831	
-973.5	0.874803	-768.5	1.04829	
-973	0.875813	-768	1.04826	
-972.5	0.87682	-767.5	1.04822	
-972	0.877823	-767	1.04818	
-971.5	0.878824	-766.5	1.04813	
-971	0.879821	-766	1.04807	
-970.5	0.880816	-765.5	1.04801	
-970	0.881807	-765	1.04793	
-969.5	0.882796	-764.5	1.04785	
-969	0.883781	-764	1.04775	
-968.5	0.884764	-763.5	1.04765	
-968	0.885743	-763	1.04754	
-967.5	0.886719	-762.5	1.04742	
-967	0.887692	-762	1.04729	
-966.5	0.888662	-761.5	1.04715	
-966	0.889629	-761	1.047	
-965.5	0.890593	-760.5	1.04685	
-965	0.891554	-760	1.04668	
-964.5	0.892511	-759.5	1.0465	
-964	0.893466	-759	1.04632	
-963.5	0.894417	-758.5	1.04613	
-963	0.895365	-758	1.04593	
-962.5	0.89631	-757.5	1.04572	
-962	0.897252	-757	1.0455	
-961.5	0.89819	-756.5	1.04528	
-961	0.899126	-756	1.04505	
-960.5	0.900058	-755.5	1.04481	
-960	0.900987	-755	1.04457	
-959.5	0.901913	-754.5	1.04432	
-959	0.902836	-754	1.04406	
-958.5	0.903755	-753.5	1.04379	
-958	0.904671	-753	1.04351	
-957.5	0.905584	-752.5	1.04323	
-957	0.906494	-752	1.04294	
-956.5	0.9074	-751.5	1.04263	
-956	0.908304	-751	1.04232	
-955.5	0.909204	-750.5	1.04199	
-955	0.9101	-750	1.04164	
-954.5	0.910994	-749.5	1.04128	
-954	0.911884	-749	1.0409	
-953.5	0.912771	-748.5	1.0405	
-953	0.913655	-748	1.04008	
-952.5	0.914535	-747.5	1.03964	
-952	0.915412	-747	1.03917	
-951.5	0.916286	-746.5	1.03868	
-951	0.917157	-746	1.03816	
-950.5	0.918024	-745.5	1.0376	
-950	0.918888	-745	1.03701	
-949.5	0.919748	-744.5	1.03639	
-949	0.920606	-744	1.03572	
-948.5	0.92146	-743.5	1.035	
-948	0.92231	-743	1.03423	
-947.5	0.923158	-742.5	1.03338	
-947	0.924002	-742	1.03246	
-946.5	0.924843	-741.5	1.03145	
-946	0.92568	-741	1.03032	
-945.5	0.926514	-740.5	1.02906	
-945	0.927345	-740	1.02763	
-944.5	0.928172	-739.5	1.02602	
-944	0.928996	-739	1.02421	
-943.5	0.929817	-738.5	1.02219	
-943	0.930634	-738	1.01997	
-942.5	0.931448	-737.5	1.0176	
-942	0.932258	-737	1.01516	
-941.5	0.933066	-736.5	1.01277	
-941	0.93387	-736	1.01052	
-940.5	0.93467	-735.5	1.00852	
-940	0.935467	-735	1.00682	
-939.5	0.936261	-734.5	1.00543	
-939	0.937051	-734	1.00437	
-938.5	0.937838	-733.5	1.00361	
-938	0.938622	-733	1.00312	
-937.5	0.939402	-732.5	1.00285	
-937	0.940179	-732	1.0028	
-936.5	0.940953	-731.5	1.00295	
-936	0.941723	-731	1.00327	
-935.5	0.94249	-730.5	1.00374	
-935	0.943253	-730	1.00435	
-934.5	0.944013	-729.5	1.00507	
-934	0.94477	-729	1.00589	
-933.5	0.945523	-728.5	1.00681	
-933	0.946273	-728	1.0078	
-932.5	0.94702	-727.5	1.00886	
-932	0.947763	-727	1.00998	
-931.5	0.948503	-726.5	1.01116	
-931	0.949239	-726	1.01238	
-930.5	0.949972	-725.5	1.01366	
-930	0.950702	-725	1.01492	
-929.5	0.951428	-724.5	1.01619	
-929	0.952151	-724	1.01749	
-928.5	0.95287	-723.5	1.01882	
-928	0.953586	-723	1.02019	
-927.5	0.954299	-722.5	1.02161	
-927	0.955009	-722	1.02307	
-926.5	0.955715	-721.5	1.0246	
-926	0.956417	-721	1.02619	
-925.5	0.957116	-720.5	1.02786	
-925	0.957812	-720	1.02962	
-924.5	0.958505	-719.5	1.03149	
-924	0.959194	-719	1.03348	
-923.5	0.95988	-718.5	1.03561	
-923	0.960562	-718	1.03789	
-922.5	0.961241	-717.5	1.04033	
-922	0.961917	-717	1.04295	
-921.5	0.96259	-716.5	1.04574	
-921	0.963259	-716	1.04868	
-920.5	0.963924	-715.5	1.05174	
-920	0.964587	-715	1.05485	
-919.5	0.965246	-714.5	1.05791	
-919	0.965901	-714	1.06073	
-918.5	0.966554	-713.5	1.06246	
-918	0.967203	-713	1.06417	
-917.5	0.967848	-712.5	1.06591	
-917	0.968491	-712	1.06767	
-916.5	0.96913	-711.5	1.06944	
-916	0.969765	-711	1.07115	
-915.5	0.970398	-710.5	1.07278	
-915	0.971027	-710	1.07427	
-914.5	0.971653	-709.5	1.07562	
-914	0.972275	-709	1.07682	
-913.5	0.972894	-708.5	1.07788	
-913	0.97351	-708	1.0788	
-912.5	0.974123	-707.5	1.07961	
-912	0.974732	-707	1.08032	
-911.5	0.975338	-706.5	1.08094	
-911	0.975941	-706	1.08148	
-910.5	0.97654	-705.5	1.08196	
-910	0.977136	-705	1.08239	
-909.5	0.977729	-704.5	1.08277	
-909	0.978319	-704	1.0831	
-908.5	0.978905	-703.5	1.08341	
-908	0.979488	-703	1.08368	
-907.5	0.980068	-702.5	1.08393	
-907	0.980645	-702	1.08416	
-906.5	0.981218	-701.5	1.08436	
-906	0.981789	-701	1.08455	
-905.5	0.982356	-700.5	1.08473	
-905	0.982919	-700	1.08489	
-904.5	0.98348	-699.5	1.08504	
-904	0.984037	-699	1.08517	
-903.5	0.984591	-698.5	1.08525	
-903	0.985142	-698	1.08532	
-902.5	0.98569	-697.5	1.08534	
-902	0.986235	-697	1.08535	
-901.5	0.986776	-696.5	1.08537	
-901	0.987314	-696	1.0854	
-900.5	0.98785	-695.5	1.08544	
-900	0.988381	-695	1.08548	
-899.5	0.98891	-694.5	1.08552	
-899	0.989436	-694	1.08557	
-898.5	0.989958	-693.5	1.08562	
-898	0.990478	-693	1.08568	
-897.5	0.990994	-692.5	1.08574	
-897	0.991507	-692	1.0858	
-896.5	0.992017	-691.5	1.08587	
-896	0.992524	-691	1.08594	
-895.5	0.993028	-690.5	1.08601	
-895	0.993529	-690	1.08608	
-894.5	0.994027	-689.5	1.08616	
-894	0.994521	-689	1.08623	
-893.5	0.995013	-688.5	1.08631	
-893	0.995501	-688	1.08639	
-892.5	0.995987	-687.5	1.08647	
-892	0.996469	-687	1.08655	
-891.5	0.996949	-686.5	1.08664	
-891	0.997425	-686	1.08672	
-890.5	0.997898	-685.5	1.08681	
-890	0.998369	-685	1.08689	
-889.5	0.998836	-684.5	1.08698	
-889	0.999301	-684	1.08707	
-888.5	0.999762	-683.5	1.08715	
-888	1.00022	-683	1.08724	
-887.5	1.00068	-682.5	1.08733	
-887	1.00113	-682	1.08742	
-886.5	1.00158	-681.5	1.08751	
-886	1.00202	-681	1.08759	
-885.5	1.00247	-680.5	1.08768	
-885	1.00291	-680	1.08777	
-884.5	1.00335	-679.5	1.08786	
-884	1.00378	-679	1.08794	
-883.5	1.00421	-678.5	1.08803	
-883	1.00464	-678	1.08812	
-882.5	1.00507	-677.5	1.0882	
-882	1.00549	-677	1.08829	
-881.5	1.00591	-676.5	1.08838	
-881	1.00633	-676	1.08846	
-880.5	1.00675	-675.5	1.08855	
-880	1.00716	-675	1.08863	
-879.5	1.00757	-674.5	1.08871	
-879	1.00797	-674	1.0888	
-878.5	1.00838	-673.5	1.08888	
-878	1.00878	-673	1.08896	
-877.5	1.00918	-672.5	1.08904	
-877	1.00957	-672	1.08913	
-876.5	1.00996	-671.5	1.08921	
-876	1.01035	-671	1.08929	
-875.5	1.01074	-670.5	1.08937	
-875	1.01113	-670	1.08945	
-874.5	1.01151	-669.5	1.08953	
-874	1.01189	-669	1.08961	
-873.5	1.01226	-668.5	1.08968	
-873	1.01264	-668	1.08976	
-872.5	1.01301	-667.5	1.08984	
-872	1.01337	-667	1.08992	
-871.5	1.01374	-666.5	1.09	
-871	1.0141	-666	1.09008	
-870.5	1.01446	-665.5	1.09015	
-870	1.01482	-665	1.09023	
-869.5	1.01518	-664.5	1.09031	
-869	1.01553	-664	1.09039	
-868.5	1.01588	-663.5	1.09046	
-868	1.01622	-663	1.09054	
-867.5	1.01657	-662.5	1.09062	
-867	1.01691	-662	1.0907	
-866.5	1.01725	-661.5	1.09078	
-866	1.01759	-661	1.09086	
-865.5	1.01792	-660.5	1.09094	
-865	1.01825	-660	1.09102	
-864.5	1.01858	-659.5	1.09111	
-864	1.01891	-659	1.09119	
-863.5	1.01923	-658.5	1.09127	
-863	1.01956	-658	1.09136	
-862.5	1.01988	-657.5	1.09145	
-862	1.02019	-657	1.09153	
-861.5	1.02051	-656.5	1.09162	
-861	1.02082	-656	1.09172	
-860.5	1.02113	-655.5	1.09181	
-860	1.02144	-655	1.09191	
-859.5	1.02174	-654.5	1.092	
-859	1.02204	-654	1.0921	
-858.5	1.02234	-653.5	1.09221	
-858	1.02264	-653	1.09231	
-857.5	1.02294	-652.5	1.09242	
-857	1.02323	-652	1.09253	
-856.5	1.02352	-651.5	1.09264	
-856	1.02381	-651	1.09276	
-855.5	1.02409	-650.5	1.09288	
-855	1.02438	-650	1.093	
-854.5	1.02466	-649.5	1.09313	
-854	1.02494	-649	1.09326	
-853.5	1.02522	-648.5	1.0934	
-853	1.02549	-648	1.09354	
-852.5	1.02576	-647.5	1.09368	
-852	1.02603	-647	1.09383	
-851.5	1.0263	-646.5	1.09398	
-851	1.02657	-646	1.09414	
-850.5	1.02683	-645.5	1.0943	
-850	1.02709	-645	1.09447	
-849.5	1.02735	-644.5	1.09464	
-849	1.02761	-644	1.09482	
-848.5	1.02786	-643.5	1.09501	
-848	1.02811	-643	1.0952	
-847.5	1.02837	-642.5	1.09539	
-847	1.02861	-642	1.09559	
-846.5	1.02886	-641.5	1.0958	
-846	1.0291	-641	1.09602	
-845.5	1.02935	-640.5	1.09623	
-845	1.02959	-640	1.09646	
-844.5	1.02982	-639.5	1.09669	
-844	1.03006	-639	1.09693	
-843.5	1.03029	-638.5	1.09718	
-843	1.03053	-638	1.09743	
-842.5	1.03076	-637.5	1.09769	
-842	1.03098	-637	1.09795	
-841.5	1.03121	-636.5	1.09823	
-841	1.03143	-636	1.09851	
-840.5	1.03166	-635.5	1.09879	
-840	1.03188	-635	1.09908	
-839.5	1.03209	-634.5	1.09938	
-839	1.03231	-634	1.09969	
-838.5	1.03252	-633.5	1.1	
-838	1.03274	-633	1.10032	
-837.5	1.03295	-632.5	1.10064	
-837	1.03316	-632	1.10097	
-836.5	1.03336	-631.5	1.10131	
-836	1.03357	-631	1.10165	
-835.5	1.03377	-630.5	1.102	
-835	1.03397	-630	1.10235	
-834.5	1.03417	-629.5	1.10271	
-834	1.03437	-629	1.10307	
-833.5	1.03456	-628.5	1.10343	
-833	1.03476	-628	1.1038	
-832.5	1.03495	-627.5	1.10418	
-832	1.03514	-627	1.10455	
-831.5	1.03533	-626.5	1.10493	
-831	1.03551	-626	1.10531	
-830.5	1.0357	-625.5	1.1057	
-830	1.03588	-625	1.10608	
-829.5	1.03606	-624.5	1.10647	
-829	1.03624	-624	1.10685	
-828.5	1.03642	-623.5	1.10723	
-828	1.0366	-623	1.10762	
-827.5	1.03677	-622.5	1.108	
-827	1.03695	-622	1.10838	
-826.5	1.03712	-621.5	1.10876	
-826	1.03729	-621	1.10913	
-825.5	1.03746	-620.5	1.1095	
-825	1.03762	-620	1.10987	
-824.5	1.03779	-619.5	1.11023	
-824	1.03795	-619	1.11059	
-823.5	1.03811	-618.5	1.11094	
-823	1.03827	-618	1.11128	
-822.5	1.03843	-617.5	1.11162	
-822	1.03859	-617	1.11195	
-821.5	1.03875	-616.5	1.11227	
-821	1.0389	-616	1.11258	
-820.5	1.03905	-615.5	1.11289	
-820	1.03921	-615	1.11319	
-819.5	1.03936	-614.5	1.11347	
-819	1.0395	-614	1.11375	
-818.5	1.03965	-613.5	1.11401	
-818	1.0398	-613	1.11427	
-817.5	1.03994	-612.5	1.11451	
-817	1.04008	-612	1.11475	
-816.5	1.04022	-611.5	1.11497	
-816	1.04036	-611	1.11518	
-815.5	1.0405	-610.5	1.11538	
-815	1.04064	-610	1.11556	
-814.5	1.04077	-609.5	1.11574	
-814	1.04091	-609	1.1159	
-813.5	1.04104	-608.5	1.11605	
-813	1.04117	-608	1.11619	
-812.5	1.0413	-607.5	1.11631	
-812	1.04143	-607	1.11642	
-811.5	1.04156	-606.5	1.11651	
-811	1.04169	-606	1.1166	
-810.5	1.04181	-605.5	1.11667	
-810	1.04194	-605	1.11672	
-809.5	1.04206	-604.5	1.11666	
-809	1.04218	-604	1.11658	
-808.5	1.0423	-603.5	1.11649	
-808	1.04242	-603	1.11638	
-807.5	1.04254	-602.5	1.11627	
-807	1.04266	-602	1.11614	
-806.5	1.04277	-601.5	1.11599	
-806	1.04289	-601	1.11584	
-805.5	1.043	-600.5	1.11567	
-805	1.04311	-600	1.11549	
-804.5	1.04322	-599.5	1.1153	
-804	1.04333	-599	1.1151	
-803.5	1.04344	-598.5	1.11489	
-803	1.04355	-598	1.11466	
-802.5	1.04365	-597.5	1.11443	
-802	1.04376	-597	1.11418	
-801.5	1.04386	-596.5	1.11393	
-801	1.04397	-596	1.11366	
-800.5	1.04407	-595.5	1.11339	
-800	1.04417	-595	1.11311	
-799.5	1.04427	-594.5	1.11282	
-799	1.04437	-594	1.11252	
-798.5	1.04447	-593.5	1.11222	
-798	1.04457	-593	1.11191	
-797.5	1.04466	-592.5	1.11159	
-797	1.04476	-592	1.11127	
-796.5	1.04486	-591.5	1.11094	
-796	1.04495	-591	1.11061	
-795.5	1.04504	-590.5	1.11027	
-795	1.04513	-590	1.10993	
-794.5	1.04523	-589.5	1.10959	
-794	1.04532	-589	1.10924	
-793.5	1.04541	-588.5	1.1089	
-793	1.04549	-588	1.10855	
-792.5	1.04558	-587.5	1.1082	
-792	1.04567	-587	1.10786	
-791.5	1.04576	-586.5	1.10751	
-791	1.04584	-586	1.10717	
-790.5	1.04593	-585.5	1.10682	
-790	1.04601	-585	1.10648	
-789.5	1.04609	-584.5	1.10614	
-789	1.04618	-584	1.1058	
-788.5	1.04626	-583.5	1.10547	
-788	1.04634	-583	1.10514	
-787.5	1.04642	-582.5	1.10481	
-787	1.0465	-582	1.10449	
-786.5	1.04658	-581.5	1.10417	
-786	1.04666	-581	1.10386	
-785.5	1.04674	-580.5	1.10355	
-785	1.04682	-580	1.10325	
-784.5	1.04689	-579.5	1.10295	
-784	1.04697	-579	1.10266	
-783.5	1.04704	-578.5	1.10237	
-783	1.04712	-578	1.10209	
-782.5	1.0472	-577.5	1.10181	
-782	1.04727	-577	1.10154	
-781.5	1.04734	-576.5	1.10128	
-781	1.04742	-576	1.10102	
-780.5	1.04749	-575.5	1.10077	
-780	1.04756	-575	1.10052	
-779.5	1.04763	-574.5	1.10028	
-779	1.04771	-574	1.10004	
-778.5	1.04778	-573.5	1.09981	
-778	1.04785	-573	1.09959	
-777.5	1.04792	-572.5	1.09937	
-777	1.04799	-572	1.09915	
-776.5	1.04806	-571.5	1.09894	
-776	1.04812	-571	1.09874	
-775.5	1.04819	-570.5	1.09854	
-775	1.04826	-570	1.09835	
-774.5	1.04833	-569.5	1.09816	
-774	1.0484	-569	1.09798	
-773.5	1.04846	-568.5	1.0978	
-773	1.04853	-568	1.09763	
-772.5	1.0486	-567.5	1.09747	
-772	1.04866	-567	1.0973	
-771.5	1.04873	-566.5	1.09715	
-771	1.04879	-566	1.09699	
-770.5	1.04885	-565.5	1.09684	
-770	1.04892	-565	1.0967	
-769.5	1.04898	-564.5	1.09656	
-769	1.04904	-564	1.09643	
-768.5	1.04911	-563.5	1.0963	
-768	1.04917	-563	1.09617	
-767.5	1.04923	-562.5	1.09605	
-767	1.04929	-562	1.09594	
-766.5	1.04935	-561.5	1.09583	
-766	1.04941	-561	1.09572	
-765.5	1.04947	-560.5	1.09561	
-765	1.04952	-560	1.09552	
-764.5	1.04958	-559.5	1.09542	
-764	1.04964	-559	1.09533	
-763.5	1.04969	-558.5	1.09524	
-763	1.04974	-558	1.09516	
-762.5	1.0498	-557.5	1.09508	
-762	1.04985	-557	1.09501	
-761.5	1.0499	-556.5	1.09494	
-761	1.04995	-556	1.09487	
-760.5	1.05	-555.5	1.09481	
-760	1.05005	-555	1.09475	
-759.5	1.05009	-554.5	1.09469	
-759	1.05014	-554	1.09464	
-758.5	1.05018	-553.5	1.09459	
-758	1.05022	-553	1.09455	
-757.5	1.05026	-552.5	1.0945	
-757	1.0503	-552	1.09447	
-756.5	1.05033	-551.5	1.09443	
-756	1.05037	-551	1.0944	
-755.5	1.0504	-550.5	1.09437	
-755	1.05043	-550	1.09434	
-754.5	1.05046	-549.5	1.09432	
-754	1.05049	-549	1.0943	
-753.5	1.05051	-548.5	1.09429	
-753	1.05053	-548	1.09427	
-752.5	1.05056	-547.5	1.09426	
-752	1.05057	-547	1.09425	
-751.5	1.05059	-546.5	1.09425	
-751	1.0506	-546	1.09425	
-750.5	1.05061	-545.5	1.09425	
-750	1.05062	-545	1.09425	
-749.5	1.05063	-544.5	1.09426	
-749	1.05064	-544	1.09426	
-748.5	1.05064	-543.5	1.09428	
-748	1.05064	-543	1.09429	
-747.5	1.05064	-542.5	1.0943	
-747	1.05063	-542	1.09428	
-746.5	1.05062	-541.5	1.09427	
-746	1.05062	-541	1.09427	
-745.5	1.05061	-540.5	1.09426	
-745	1.05059	-540	1.09426	
-744.5	1.05058	-539.5	1.09426	
-744	1.05056	-539	1.09426	
-743.5	1.05055	-538.5	1.09427	
-743	1.05053	-538	1.09428	
-742.5	1.05051	-537.5	1.09429	
-742	1.05049	-537	1.0943	
-741.5	1.05047	-536.5	1.09432	
-741	1.05044	-536	1.09434	
-740.5	1.05042	-535.5	1.09436	
-740	1.0504	-535	1.09439	
-739.5	1.05037	-534.5	1.09442	
-739	1.05035	-534	1.09445	
-738.5	1.05033	-533.5	1.09449	
-738	1.0503	-533	1.09453	
-737.5	1.05028	-532.5	1.09457	
-737	1.05026	-532	1.09462	
-736.5	1.05024	-531.5	1.09467	
-736	1.05023	-531	1.09472	
-735.5	1.05021	-530.5	1.09478	
-735	1.0502	-530	1.09484	
-734.5	1.05018	-529.5	1.0949	
-734	1.05017	-529	1.09497	
-733.5	1.05017	-528.5	1.09504	
-733	1.05016	-528	1.09511	
-732.5	1.05016	-527.5	1.09519	
-732	1.05016	-527	1.09527	
-731.5	1.05017	-526.5	1.09536	
-731	1.05018	-526	1.09545	
-730.5	1.05019	-525.5	1.09555	
-730	1.05021	-525	1.09565	
-729.5	1.05023	-524.5	1.09575	
-729	1.05026	-524	1.09586	
-728.5	1.05028	-523.5	1.09597	
-728	1.05032	-523	1.09608	
-727.5	1.05035	-522.5	1.0962	
-727	1.0504	-522	1.09633	
-726.5	1.05044	-521.5	1.09646	
-726	1.05049	-521	1.09659	
-725.5	1.05055	-520.5	1.09673	
-725	1.0506	-520	1.09687	
-724.5	1.05066	-519.5	1.09702	
-724	1.05073	-519	1.09717	
-723.5	1.0508	-518.5	1.09732	
-723	1.05087	-518	1.09749	
-722.5	1.05095	-517.5	1.09765	
-722	1.05103	-517	1.09782	
-721.5	1.05111	-516.5	1.098	
-721	1.0512	-516	1.09818	
-720.5	1.05129	-515.5	1.09836	
-720	1.05138	-515	1.09855	
-719.5	1.05147	-514.5	1.09875	
-719	1.05157	-514	1.09895	
-718.5	1.05166	-513.5	1.09915	
-718	1.05176	-513	1.09936	
-717.5	1.05187	-512.5	1.09958	
-717	1.05197	-512	1.0998	
-716.5	1.05207	-511.5	1.10003	
-716	1.05218	-511	1.10026	
-715.5	1.05228	-510.5	1.1005	
-715	1.05239	-510	1.10075	
-714.5	1.0525	-509.5	1.101	
-714	1.05261	-509	1.10125	
-713.5	1.05271	-508.5	1.10151	
-713	1.05282	-508	1.10178	
-712.5	1.05293	-507.5	1.10205	
-712	1.05304	-507	1.10233	
-711.5	1.05314	-506.5	1.10261	
-711	1.05325	-506	1.1029	
-710.5	1.05336	-505.5	1.10319	
-710	1.05346	-505	1.10349	
-709.5	1.05357	-504.5	1.10379	
-709	1.05367	-504	1.1041	
-708.5	1.05378	-503.5	1.10441	
-708	1.05388	-503	1.10473	
-707.5	1.05398	-502.5	1.10505	
-707	1.05408	-502	1.10537	
-706.5	1.05418	-501.5	1.1057	
-706	1.05428	-501	1.10603	
-705.5	1.05438	-500.5	1.10636	
-705	1.05448	-500	1.1067	
-704.5	1.05457	-499.5	1.10704	
-704	1.05467	-499	1.10737	
-703.5	1.05476	-498.5	1.10771	
-703	1.05486	-498	1.10805	
-702.5	1.05495	-497.5	1.10839	
-702	1.05504	-497	1.10873	
-701.5	1.05514	-496.5	1.10907	
-701	1.05523	-496	1.10941	
-700.5	1.05532	-495.5	1.10974	
-700	1.05541	-495	1.11007	
-699.5	1.0555	-494.5	1.1104	
-699	1.05559	-494	1.11073	
-698.5	1.05567	-493.5	1.11105	
-698	1.05576	-493	1.11136	
-697.5	1.05585	-492.5	1.11167	
-697	1.05594	-492	1.11197	
-696.5	1.05602	-491.5	1.11227	
-696	1.05611	-491	1.11256	
-695.5	1.0562	-490.5	1.11284	
-695	1.05628	-490	1.11312	
-694.5	1.05637	-489.5	1.11339	
-694	1.05645	-489	1.11364	
-693.5	1.05654	-488.5	1.11389	
-693	1.05663	-488	1.11413	
-692.5	1.05671	-487.5	1.11436	
-692	1.0568	-487	1.11458	
-691.5	1.05688	-486.5	1.11479	
-691	1.05697	-486	1.11498	
-690.5	1.05705	-485.5	1.11517	
-690	1.05714	-485	1.11534	
-689.5	1.05723	-484.5	1.11551	
-689	1.05731	-484	1.11566	
-688.5	1.0574	-483.5	1.1158	
-688	1.05748	-483	1.11592	
-687.5	1.05757	-482.5	1.11604	
-687	1.05766	-482	1.11614	
-686.5	1.05774	-481.5	1.11623	
-686	1.05783	-481	1.1163	
-685.5	1.05792	-480.5	1.11634	
-685	1.05801	-480	1.11628	
-684.5	1.05809	-479.5	1.11621	
-684	1.05818	-479	1.11613	
-683.5	1.05827	-478.5	1.11604	
-683	1.05836	-478	1.11593	
-682.5	1.05845	-477.5	1.1158	
-682	1.05854	-477	1.11567	
-681.5	1.05863	-476.5	1.11552	
-681	1.05872	-476	1.11536	
-680.5	1.05881	-475.5	1.11519	
-680	1.0589	-475	1.115	
-679.5	1.05899	-474.5	1.11481	
-679	1.05908	-474	1.1146	
-678.5	1.05917	-473.5	1.11438	
-678	1.05926	-473	1.11414	
-677.5	1.05935	-472.5	1.1139	
-677	1.05945	-472	1.11365	
-676.5	1.05954	-471.5	1.11338	
-676	1.05963	-471	1.11311	
-675.5	1.05973	-470.5	1.11283	
-675	1.05982	-470	1.11253	
-674.5	1.05992	-469.5	1.11223	
-674	1.06001	-469	1.11192	
-673.5	1.06011	-468.5	1.1116	
-673	1.06021	-468	1.11127	
-672.5	1.0603	-467.5	1.11094	
-672	1.0604	-467	1.1106	
-671.5	1.0605	-466.5	1.11025	
-671	1.0606	-466	1.1099	
-670.5	1.0607	-465.5	1.10954	
-670	1.0608	-465	1.10918	
-669.5	1.06091	-464.5	1.10881	
-669	1.06101	-464	1.10844	
-668.5	1.06111	-463.5	1.10807	
-668	1.06122	-463	1.10769	
-667.5	1.06132	-462.5	1.10732	
-667	1.06143	-462	1.10694	
-666.5	1.06154	-461.5	1.10656	
-666	1.06165	-461	1.10618	
-665.5	1.06176	-460.5	1.1058	
-665	1.06187	-460	1.10542	
-664.5	1.06198	-459.5	1.10505	
-664	1.0621	-459	1.10467	
-663.5	1.06221	-458.5	1.1043	
-663	1.06233	-458	1.10393	
-662.5	1.06245	-457.5	1.10357	
-662	1.06257	-457	1.1032	
-661.5	1.06269	-456.5	1.10284	
-661	1.06281	-456	1.10249	
-660.5	1.06294	-455.5	1.10214	
-660	1.06306	-455	1.1018	
-659.5	1.06319	-454.5	1.10146	
-659	1.06332	-454	1.10113	
-658.5	1.06345	-453.5	1.1008	
-658	1.06359	-453	1.10048	
-657.5	1.06372	-452.5	1.10016	
-657	1.06386	-452	1.09985	
-656.5	1.064	-451.5	1.09955	
-656	1.06415	-451	1.09925	
-655.5	1.06429	-450.5	1.09896	
-655	1.06444	-450	1.09868	
-654.5	1.06459	-449.5	1.0984	
-654	1.06474	-449	1.09813	
-653.5	1.0649	-448.5	1.09787	
-653	1.06505	-448	1.09761	
-652.5	1.06521	-447.5	1.09736	
-652	1.06538	-447	1.09712	
-651.5	1.06554	-446.5	1.09688	
-651	1.06571	-446	1.09665	
-650.5	1.06588	-445.5	1.09642	
-650	1.06605	-445	1.0962	
-649.5	1.06623	-444.5	1.09599	
-649	1.06641	-444	1.09578	
-648.5	1.06659	-443.5	1.09558	
-648	1.06677	-443	1.09539	
-647.5	1.06696	-442.5	1.0952	
-647	1.06715	-442	1.09502	
-646.5	1.06734	-441.5	1.09484	
-646	1.06754	-441	1.09467	
-645.5	1.06774	-440.5	1.0945	
-645	1.06794	-440	1.09434	
-644.5	1.06814	-439.5	1.09418	
-644	1.06835	-439	1.09403	
-643.5	1.06856	-438.5	1.09388	
-643	1.06878	-438	1.09374	
-642.5	1.06899	-437.5	1.0936	
-642	1.06921	-437	1.09346	
-641.5	1.06943	-436.5	1.09333	
-641	1.06966	-436	1.09321	
-640.5	1.06988	-435.5	1.09308	
-640	1.07011	-435	1.09296	
-639.5	1.07034	-434.5	1.09285	
-639	1.07058	-434	1.09274	
-638.5	1.07082	-433.5	1.09263	
-638	1.07105	-433	1.09252	
-637.5	1.07129	-432.5	1.09241	
-637	1.07154	-432	1.09231	
-636.5	1.07178	-431.5	1.09221	
-636	1.07203	-431	1.09212	
-635.5	1.07228	-430.5	1.09202	
-635	1.07253	-430	1.09193	
-634.5	1.07278	-429.5	1.09184	
-634	1.07303	-429	1.09175	
-633.5	1.07329	-428.5	1.09166	
-633	1.07354	-428	1.09157	
-632.5	1.0738	-427.5	1.09149	
-632	1.07405	-427	1.0914	
-631.5	1.07431	-426.5	1.09132	
-631	1.07457	-426	1.09124	
-630.5	1.07483	-425.5	1.09116	
-630	1.07508	-425	1.09108	
-629.5	1.07534	-424.5	1.091	
-629	1.0756	-424	1.09092	
-628.5	1.07585	-423.5	1.09084	
-628	1.07611	-423	1.09076	
-627.5	1.07636	-422.5	1.09068	
-627	1.07662	-422	1.09061	
-626.5	1.07687	-421.5	1.09053	
-626	1.07712	-421	1.09045	
-625.5	1.07737	-420.5	1.09037	
-625	1.07761	-420	1.0903	
-624.5	1.07786	-419.5	1.09022	
-624	1.0781	-419	1.09014	
-623.5	1.07834	-418.5	1.09006	
-623	1.07857	-418	1.08999	
-622.5	1.0788	-417.5	1.08991	
-622	1.07903	-417	1.08983	
-621.5	1.07926	-416.5	1.08975	
-621	1.07948	-416	1.08967	
-620.5	1.0797	-415.5	1.08959	
-620	1.07991	-415	1.08951	
-619.5	1.08012	-414.5	1.08943	
-619	1.08032	-414	1.08935	
-618.5	1.08052	-413.5	1.08927	
-618	1.08071	-413	1.08919	
-617.5	1.0809	-412.5	1.08911	
-617	1.08108	-412	1.08902	
-616.5	1.08126	-411.5	1.08894	
-616	1.08143	-411	1.08886	
-615.5	1.0816	-410.5	1.08877	
-615	1.08176	-410	1.08869	
-614.5	1.08191	-409.5	1.0886	
-614	1.08205	-409	1.08852	
-613.5	1.08219	-408.5	1.08843	
-613	1.08232	-408	1.08834	
-612.5	1.08245	-407.5	1.08826	
-612	1.08257	-407	1.08817	
-611.5	1.08268	-406.5	1.08808	
-611	1.08278	-406	1.088	
-610.5	1.08287	-405.5	1.08791	
-610	1.08296	-405	1.08782	
-609.5	1.08304	-404.5	1.08773	
-609	1.08312	-404	1.08765	
-608.5	1.08318	-403.5	1.08756	
-608	1.08324	-403	1.08747	
-607.5	1.08329	-402.5	1.08738	
-607	1.08333	-402	1.08729	
-606.5	1.08336	-401.5	1.08721	
-606	1.08338	-401	1.08712	
-605.5	1.0834	-400.5	1.08704	
-605	1.08341	-400	1.08695	
-604.5	1.08341	-399.5	1.08687	
-604	1.0834	-399	1.08678	
-603.5	1.08339	-398.5	1.0867	
-603	1.08337	-398	1.08662	
-602.5	1.08333	-397.5	1.08654	
-602	1.0833	-397	1.08646	
-601.5	1.08325	-396.5	1.08639	
-601	1.08319	-396	1.08631	
-600.5	1.08313	-395.5	1.08624	
-600	1.08306	-395	1.08617	
-599.5	1.08299	-394.5	1.0861	
-599	1.0829	-394	1.08604	
-598.5	1.08281	-393.5	1.08598	
-598	1.08271	-393	1.08592	
-597.5	1.08261	-392.5	1.08587	
-597	1.0825	-392	1.08582	
-596.5	1.08238	-391.5	1.08577	
-596	1.08226	-391	1.08573	
-595.5	1.08212	-390.5	1.08569	
-595	1.08199	-390	1.08567	
-594.5	1.08184	-389.5	1.08564	
-594	1.0817	-389	1.08563	
-593.5	1.08154	-388.5	1.08562	
-593	1.08138	-388	1.08561	
-592.5	1.08122	-387.5	1.0856	
-592	1.08105	-387	1.08551	
-591.5	1.08087	-386.5	1.08537	
-591	1.0807	-386	1.08523	
-590.5	1.08051	-385.5	1.08508	
-590	1.08033	-385	1.08492	
-589.5	1.08014	-384.5	1.08474	
-589	1.07994	-384	1.08455	
-588.5	1.07974	-383.5	1.08435	
-588	1.07954	-383	1.08413	
-587.5	1.07934	-382.5	1.08388	
-587	1.07913	-382	1.08361	
-586.5	1.07892	-381.5	1.08332	
-586	1.07871	-381	1.08299	
-585.5	1.0785	-380.5	1.08262	
-585	1.07828	-380	1.08222	
-584.5	1.07806	-379.5	1.08177	
-584	1.07784	-379	1.08126	
-583.5	1.07762	-378.5	1.0807	
-583	1.0774	-378	1.08006	
-582.5	1.07718	-377.5	1.07933	
-582	1.07696	-377	1.07851	
-581.5	1.07673	-376.5	1.07758	
-581	1.07651	-376	1.07651	
-580.5	1.07629	-375.5	1.07529	
-580	1.07606	-375	1.0739	
-579.5	1.07584	-374.5	1.07232	
-579	1.07562	-374	1.07051	
-578.5	1.0754	-373.5	1.06847	
-578	1.07518	-373	1.06617	
-577.5	1.07496	-372.5	1.06363	
-577	1.07474	-372	1.06085	
-576.5	1.07452	-371.5	1.0579	
-576	1.0743	-371	1.05483	
-575.5	1.07409	-370.5	1.05174	
-575	1.07388	-370	1.0487	
-574.5	1.07366	-369.5	1.04578	
-574	1.07345	-369	1.04302	
-573.5	1.07325	-368.5	1.04043	
-573	1.07304	-368	1.03801	
-572.5	1.07284	-367.5	1.03576	
-572	1.07264	-367	1.03365	
-571.5	1.07244	-366.5	1.03167	
-571	1.07225	-366	1.02982	
-570.5	1.07205	-365.5	1.02806	
-570	1.07186	-365	1.0264	
-569.5	1.07168	-364.5	1.02481	
-569	1.07149	-364	1.02328	
-568.5	1.07131	-363.5	1.02181	
-568	1.07113	-363	1.02039	
-567.5	1.07096	-362.5	1.01901	
-567	1.07079	-362	1.01766	
-566.5	1.07062	-361.5	1.01635	
-566	1.07045	-361	1.01507	
-565.5	1.07029	-360.5	1.01383	
-565	1.07013	-360	1.01261	
-564.5	1.06997	-359.5	1.01144	
-564	1.06982	-359	1.0103	
-563.5	1.06967	-358.5	1.00921	
-563	1.06953	-358	1.00818	
-562.5	1.06938	-357.5	1.0072	
-562	1.06925	-357	1.0063	
-561.5	1.06911	-356.5	1.00549	
-561	1.06898	-356	1.00477	
-560.5	1.06885	-355.5	1.00417	
-560	1.06873	-355	1.0037	
-559.5	1.06861	-354.5	1.00338	
-559	1.06849	-354	1.00324	
-558.5	1.06838	-353.5	1.00329	
-558	1.06827	-353	1.00357	
-557.5	1.06816	-352.5	1.0041	
-557	1.06806	-352	1.00492	
-556.5	1.06796	-351.5	1.00603	
-556	1.06786	-351	1.00747	
-555.5	1.06777	-350.5	1.00923	
-555	1.06768	-350	1.01127	
-554.5	1.0676	-349.5	1.01355	
-554	1.06752	-349	1.01597	
-553.5	1.06744	-348.5	1.01842	
-553	1.06736	-348	1.02079	
-552.5	1.06729	-347.5	1.023	
-552	1.06723	-347	1.02502	
-551.5	1.06716	-346.5	1.02682	
-551	1.0671	-346	1.02843	
-550.5	1.06705	-345.5	1.02985	
-550	1.067	-345	1.03112	
-549.5	1.06695	-344.5	1.03225	
-549	1.0669	-344	1.03327	
-548.5	1.06686	-343.5	1.0342	
-548	1.06682	-343	1.03504	
-547.5	1.06679	-342.5	1.03583	
-547	1.06675	-342	1.03655	
-546.5	1.06673	-341.5	1.03723	
-546	1.0667	-341	1.03787	
-545.5	1.06668	-340.5	1.03847	
-545	1.06666	-340	1.03904	
-544.5	1.06665	-339.5	1.03957	
-544	1.06664	-339	1.04008	
-543.5	1.06663	-338.5	1.04055	
-543	1.06663	-338	1.04101	
-542.5	1.06663	-337.5	1.04144	
-542	1.06663	-337	1.04185	
-541.5	1.06664	-336.5	1.04224	
-541	1.06665	-336	1.04261	
-540.5	1.06666	-335.5	1.04297	
-540	1.06668	-335	1.04331	
-539.5	1.0667	-334.5	1.04364	
-539	1.06672	-334	1.04396	
-538.5	1.06675	-333.5	1.04427	
-538	1.06678	-333	1.04457	
-537.5	1.06682	-332.5	1.04486	
-537	1.06686	-332	1.04514	
-536.5	1.0669	-331.5	1.04542	
-536	1.06694	-331	1.04568	
-535.5	1.06699	-330.5	1.04595	
-535	1.06704	-330	1.0462	
-534.5	1.0671	-329.5	1.04645	
-534	1.06716	-329	1.04669	
-533.5	1.06722	-328.5	1.04692	
-533	1.06729	-328	1.04715	
-532.5	1.06736	-327.5	1.04737	
-532	1.06743	-327	1.04759	
-531.5	1.06751	-326.5	1.04779	
-531	1.06759	-326	1.04799	
-530.5	1.06767	-325.5	1.04818	
-530	1.06776	-325	1.04836	
-529.5	1.06785	-324.5	1.04853	
-529	1.06795	-324	1.04869	
-528.5	1.06804	-323.5	1.04885	
-528	1.06815	-323	1.04899	
-527.5	1.06825	-322.5	1.04913	
-527	1.06836	-322	1.04926	
-526.5	1.06847	-321.5	1.04938	
-526	1.06859	-321	1.04949	
-525.5	1.06871	-320.5	1.04959	
-525	1.06883	-320	1.04968	
-524.5	1.06896	-319.5	1.04977	
-524	1.06909	-319	1.04985	
-523.5	1.06922	-318.5	1.04993	
-523	1.06936	-318	1.04999	
-522.5	1.0695	-317.5	1.05006	
-522	1.06964	-317	1.05011	
-521.5	1.06979	-316.5	1.05016	
-521	1.06994	-316	1.05021	
-520.5	1.07009	-315.5	1.05024	
-520	1.07025	-315	1.05028	
-519.5	1.07041	-314.5	1.05031	
-519	1.07057	-314	1.05034	
-518.5	1.07074	-313.5	1.05036	
-518	1.07091	-313	1.05038	
-517.5	1.07108	-312.5	1.0504	
-517	1.07126	-312	1.05041	
-516.5	1.07144	-311.5	1.05043	
-516	1.07162	-311	1.05044	
-515.5	1.0718	-310.5	1.05044	
-515	1.07199	-310	1.05045	
-514.5	1.07218	-309.5	1.05045	
-514	1.07237	-309	1.05045	
-513.5	1.07257	-308.5	1.05045	
-513	1.07276	-308	1.05045	
-512.5	1.07296	-307.5	1.05045	
-512	1.07317	-307	1.05045	
-511.5	1.07337	-306.5	1.05044	
-511	1.07358	-306	1.05044	
-510.5	1.07378	-305.5	1.05043	
-510	1.07399	-305	1.05043	
-509.5	1.0742	-304.5	1.05042	
-509	1.07442	-304	1.05041	
-508.5	1.07463	-303.5	1.0504	
-508	1.07485	-303	1.05038	
-507.5	1.07506	-302.5	1.05036	
-507	1.07528	-302	1.05035	
-506.5	1.0755	-301.5	1.05033	
-506	1.07572	-301	1.05032	
-505.5	1.07593	-300.5	1.05031	
-505	1.07615	-300	1.05029	
-504.5	1.07637	-299.5	1.05028	
-504	1.07659	-299	1.05027	
-503.5	1.07681	-298.5	1.05026	
-503	1.07703	-298	1.05024	
-502.5	1.07725	-297.5	1.05023	
-502	1.07746	-297	1.05022	
-501.5	1.07768	-296.5	1.05021	
-501	1.07789	-296	1.0502	
-500.5	1.07811	-295.5	1.05019	
-500	1.07832	-295	1.05018	
-499.5	1.07853	-294.5	1.05017	
-499	1.07874	-294	1.05016	
-498.5	1.07894	-293.5	1.05015	
-498	1.07914	-293	1.05014	
-497.5	1.07934	-292.5	1.05013	
-497	1.07954	-292	1.05012	
-496.5	1.07973	-291.5	1.05011	
-496	1.07992	-291	1.0501	
-495.5	1.08011	-290.5	1.05009	
-495	1.08029	-290	1.05009	
-494.5	1.08047	-289.5	1.05008	
-494	1.08065	-289	1.05007	
-493.5	1.08082	-288.5	1.05006	
-493	1.08098	-288	1.05005	
-492.5	1.08114	-287.5	1.05004	
-492	1.0813	-287	1.05003	
-491.5	1.08145	-286.5	1.05003	
-491	1.08159	-286	1.05002	
-490.5	1.08173	-285.5	1.05001	
-490	1.08186	-285	1.05	
-489.5	1.08199	-284.5	1.04999	
-489	1.08211	-284	1.04998	
-488.5	1.08223	-283.5	1.04998	
-488	1.08234	-283	1.04997	
-487.5	1.08244	-282.5	1.04996	
-487	1.08253	-282	1.04995	
-486.5	1.08262	-281.5	1.04994	
-486	1.0827	-281	1.04993	
-485.5	1.08278	-280.5	1.04993	
-485	1.08284	-280	1.04992	
-484.5	1.0829	-279.5	1.04991	
-484	1.08295	-279	1.0499	
-483.5	1.083	-278.5	1.04989	
-483	1.08303	-278	1.04989	
-482.5	1.08306	-277.5	1.04988	
-482	1.08309	-277	1.04987	
-481.5	1.0831	-276.5	1.04986	
-481	1.0831	-276	1.04985	
-480.5	1.0831	-275.5	1.04984	
-480	1.08309	-275	1.04984	
-479.5	1.08307	-274.5	1.04983	
-479	1.08305	-274	1.04982	
-478.5	1.08301	-273.5	1.04981	
-478	1.08297	-273	1.0498	
-477.5	1.08292	-272.5	1.0498	
-477	1.08287	-272	1.04979	
-476.5	1.0828	-271.5	1.04978	
-476	1.08273	-271	1.04977	
-475.5	1.08265	-270.5	1.04976	
-475	1.08256	-270	1.04976	
-474.5	1.08247	-269.5	1.04975	
-474	1.08236	-269	1.04974	
-473.5	1.08225	-268.5	1.04973	
-473	1.08214	-268	1.04972	
-472.5	1.08201	-267.5	1.04972	
-472	1.08188	-267	1.04971	
-471.5	1.08175	-266.5	1.0497	
-471	1.0816	-266	1.04969	
-470.5	1.08145	-265.5	1.04968	
-470	1.08129	-265	1.04968	
-469.5	1.08113	-264.5	1.04967	
-469	1.08096	-264	1.04966	
-468.5	1.08079	-263.5	1.04965	
-468	1.08061	-263	1.04964	
-467.5	1.08042	-262.5	1.04964	
-467	1.08023	-262	1.04963	
-466.5	1.08003	-261.5	1.04962	
-466	1.07983	-261	1.04961	
-465.5	1.07963	-260.5	1.0496	
-465	1.07942	-260	1.0496	
-464.5	1.0792	-259.5	1.04959	
-464	1.07898	-259	1.04958	
-463.5	1.07876	-258.5	1.04957	
-463	1.07854	-258	1.04956	
-462.5	1.07831	-257.5	1.04956	
-462	1.07808	-257	1.04955	
-461.5	1.07784	-256.5	1.04954	
-461	1.0776	-256	1.04953	
-460.5	1.07736	-255.5	1.04952	
-460	1.07712	-255	1.04952	
-459.5	1.07688	-254.5	1.04951	
-459	1.07663	-254	1.0495	
-458.5	1.07639	-253.5	1.04949	
-458	1.07614	-253	1.04948	
-457.5	1.07589	-252.5	1.04948	
-457	1.07564	-252	1.04947	
-456.5	1.07538	-251.5	1.04946	
-456	1.07513	-251	1.04945	
-455.5	1.07488	-250.5	1.04944	
-455	1.07463	-250	1.04944	
-454.5	1.07438	-249.5	1.04943	
-454	1.07412	-249	1.04942	
-453.5	1.07387	-248.5	1.04941	
-453	1.07362	-248	1.0494	
-452.5	1.07337	-247.5	1.04939	
-452	1.07312	-247	1.04939	
-451.5	1.07287	-246.5	1.04938	
-451	1.07262	-246	1.04937	
-450.5	1.07238	-245.5	1.04936	
-450	1.07213	-245	1.04935	
-449.5	1.07189	-244.5	1.04935	
-449	1.07165	-244	1.04934	
-448.5	1.07141	-243.5	1.04933	
-448	1.07117	-243	1.04932	
-447.5	1.07094	-242.5	1.04931	
-447	1.0707	-242	1.0493	
-446.5	1.07047	-241.5	1.0493	
-446	1.07024	-241	1.04929	
-445.5	1.07002	-240.5	1.04928	
-445	1.06979	-240	1.04927	
-444.5	1.06957	-239.5	1.04926	
-444	1.06935	-239	1.04925	
-443.5	1.06914	-238.5	1.04925	
-443	1.06892	-238	1.04924	
-442.5	1.06871	-237.5	1.04923	
-442	1.0685	-237	1.04922	
-441.5	1.0683	-236.5	1.04921	
-441	1.0681	-236	1.0492	
-440.5	1.0679	-235.5	1.0492	
-440	1.0677	-235	1.04919	
-439.5	1.06751	-234.5	1.04918	
-439	1.06731	-234	1.04917	
-438.5	1.06713	-233.5	1.04916	
-438	1.06694	-233	1.04915	
-437.5	1.06676	-232.5	1.04915	
-437	1.06658	-232	1.04914	
-436.5	1.0664	-231.5	1.04913	
-436	1.06623	-231	1.04912	
-435.5	1.06605	-230.5	1.04911	
-435	1.06589	-230	1.0491	
-434.5	1.06572	-229.5	1.04909	
-434	1.06556	-229	1.04909	
-433.5	1.06539	-228.5	1.04908	
-433	1.06524	-228	1.04907	
-432.5	1.06508	-227.5	1.04906	
-432	1.06493	-227	1.04905	
-431.5	1.06478	-226.5	1.04904	
-431	1.06463	-226	1.04903	
-430.5	1.06448	-225.5	1.04903	
-430	1.06434	-225	1.04902	
-429.5	1.06419	-224.5	1.04901	
-429	1.06406	-224	1.049	
-428.5	1.06392	-223.5	1.04899	
-428	1.06378	-223	1.04898	
-427.5	1.06365	-222.5	1.04897	
-427	1.06352	-222	1.04896	
-426.5	1.06339	-221.5	1.04896	
-426	1.06326	-221	1.04895	
-425.5	1.06313	-220.5	1.04894	
-425	1.06301	-220	1.04893	
-424.5	1.06289	-219.5	1.04892	
-424	1.06277	-219	1.04891	
-423.5	1.06265	-218.5	1.0489	
-423	1.06253	-218	1.04889	
-422.5	1.06241	-217.5	1.04889	
-422	1.0623	-217	1.04888	
-421.5	1.06218	-216.5	1.04887	
-421	1.06207	-216	1.04886	
-420.5	1.06196	-215.5	1.04885	
-420	1.06185	-215	1.04884	
-419.5	1.06174	-214.5	1.04883	
-419	1.06163	-214	1.04882	
-418.5	1.06153	-213.5	1.04881	
-418	1.06142	-213	1.04881	
-417.5	1.06132	-212.5	1.0488	
-417	1.06121	-212	1.04879	
-416.5	1.06111	-211.5	1.04878	
-416	1.06101	-211	1.04877	
-415.5	1.06091	-210.5	1.04876	
-415	1.06081	-210	1.04875	
-414.5	1.06071	-209.5	1.04874	
-414	1.06061	-209	1.04873	
-413.5	1.06051	-208.5	1.04873	
-413	1.06041	-208	1.04872	
-412.5	1.06031	-207.5	1.04871	
-412	1.06022	-207	1.0487	
-411.5	1.06012	-206.5	1.04869	
-411	1.06003	-206	1.04868	
-410.5	1.05993	-205.5	1.04867	
-410	1.05984	-205	1.04866	
-409.5	1.05974	-204.5	1.04865	
-409	1.05965	-204	1.04864	
-408.5	1.05956	-203.5	1.04863	
-408	1.05946	-203	1.04863	
-407.5	1.05937	-202.5	1.04862	
-407	1.05928	-202	1.04861	
-406.5	1.05919	-201.5	1.0486	
-406	1.0591	-201	1.04859	
-405.5	1.05901	-200.5	1.04858	
-405	1.05892	-200	1.04857	
-404.5	1.05883	-199.5	1.04856	
-404	1.05874	-199	1.04855	
-403.5	1.05865	-198.5	1.04854	
-403	1.05856	-198	1.04853	
-402.5	1.05847	-197.5	1.04852	
-402	1.05838	-197	1.04851	
-401.5	1.05829	-196.5	1.04851	
-401	1.05821	-196	1.0485	
-400.5	1.05812	-195.5	1.04849	
-400	1.05803	-195	1.04848	
-399.5	1.05794	-194.5	1.04847	
-399	1.05786	-194	1.04846	
-398.5	1.05777	-193.5	1.04845	
-398	1.05768	-193	1.04844	
-397.5	1.05759	-192.5	1.04843	
-397	1.05751	-192	1.04842	
-396.5	1.05742	-191.5	1.04841	
-396	1.05734	-191	1.0484	
-395.5	1.05725	-190.5	1.04839	
-395	1.05716	-190	1.04838	
-394.5	1.05708	-189.5	1.04837	
-394	1.05699	-189	1.04836	
-393.5	1.0569	-188.5	1.04836	
-393	1.05682	-188	1.04835	
-392.5	1.05673	-187.5	1.04834	
-392	1.05665	-187	1.04833	
-391.5	1.05656	-186.5	1.04832	
-391	1.05647	-186	1.04831	
-390.5	1.05639	-185.5	1.0483	
-390	1.0563	-185	1.04829	
-389.5	1.05621	-184.5	1.04828	
-389	1.05613	-184	1.04827	
-388.5	1.05604	-183.5	1.04826	
-388	1.05595	-183	1.04825	
-387.5	1.05586	-182.5	1.04824	
-387	1.05577	-182	1.04823	
-386.5	1.05568	-181.5	1.04822	
-386	1.05559	-181	1.04821	
-385.5	1.0555	-180.5	1.0482	
-385	1.05541	-180	1.04819	
-384.5	1.05532	-179.5	1.04818	
-384	1.05523	-179	1.04817	
-383.5	1.05513	-178.5	1.04817	
-383	1.05504	-178	1.04816	
-382.5	1.05494	-177.5	1.04815	
-382	1.05485	-177	1.04814	
-381.5	1.05475	-176.5	1.04813	
-381	1.05465	-176	1.04812	
-380.5	1.05456	-175.5	1.04811	
-380	1.05446	-175	1.0481	
-379.5	1.05436	-174.5	1.04809	
-379	1.05426	-174	1.04808	
-378.5	1.05415	-173.5	1.04807	
-378	1.05405	-173	1.04806	
-377.5	1.05395	-172.5	1.04805	
-377	1.05384	-172	1.04804	
-376.5	1.05374	-171.5	1.04803	
-376	1.05363	-171	1.04802	
-375.5	1.05353	-170.5	1.04801	
-375	1.05342	-170	1.048	
-374.5	1.05331	-169.5	1.04799	
-374	1.05321	-169	1.04798	
-373.5	1.0531	-168.5	1.04797	
-373	1.05299	-168	1.04796	
-372.5	1.05289	-167.5	1.04795	
-372	1.05278	-167	1.04794	
-371.5	1.05267	-166.5	1.04793	
-371	1.05257	-166	1.04792	
-370.5	1.05246	-165.5	1.04792	
-370	1.05236	-165	1.04791	
-369.5	1.05225	-164.5	1.0479	
-369	1.05215	-164	1.04789	
-368.5	1.05205	-163.5	1.04788	
-368	1.05195	-163	1.04787	
-367.5	1.05186	-162.5	1.04786	
-367	1.05176	-162	1.04785	
-366.5	1.05167	-161.5	1.04784	
-366	1.05158	-161	1.04783	
-365.5	1.0515	-160.5	1.04782	
-365	1.05141	-160	1.04781	
-364.5	1.05133	-159.5	1.0478	
-364	1.05126	-159	1.04779	
-363.5	1.05118	-158.5	1.04778	
-363	1.05111	-158	1.04777	
-362.5	1.05105	-157.5	1.04776	
-362	1.05098	-157	1.04775	
-361.5	1.05093	-156.5	1.04774	
-361	1.05087	-156	1.04773	
-360.5	1.05082	-155.5	1.04772	
-360	1.05078	-155	1.04771	
-359.5	1.05074	-154.5	1.0477	
-359	1.0507	-154	1.04769	
-358.5	1.05067	-153.5	1.04768	
-358	1.05064	-153	1.04767	
-357.5	1.05062	-152.5	1.04766	
-357	1.0506	-152	1.04766	
-356.5	1.05058	-151.5	1.04765	
-356	1.05057	-151	1.04764	
-355.5	1.05057	-150.5	1.04763	
-355	1.05056	-150	1.04762	
-354.5	1.05057	-149.5	1.04761	
-354	1.05057	-149	1.0476	
-353.5	1.05058	-148.5	1.04759	
-353	1.05059	-148	1.04758	
-352.5	1.05061	-147.5	1.04757	
-352	1.05063	-147	1.04756	
-351.5	1.05065	-146.5	1.04755	
-351	1.05068	-146	1.04754	
-350.5	1.0507	-145.5	1.04753	
-350	1.05073	-145	1.04752	
-349.5	1.05076	-144.5	1.04751	
-349	1.0508	-144	1.0475	
-348.5	1.05083	-143.5	1.04749	
-348	1.05087	-143	1.04748	
-347.5	1.0509	-142.5	1.04747	
-347	1.05094	-142	1.04746	
-346.5	1.05098	-141.5	1.04745	
-346	1.05102	-141	1.04745	
-345.5	1.05106	-140.5	1.04744	
-345	1.0511	-140	1.04743	
-344.5	1.05113	-139.5	1.04742	
-344	1.05117	-139	1.04741	
-343.5	1.05121	-138.5	1.0474	
-343	1.05124	-138	1.04739	
-342.5	1.05128	-137.5	1.04738	
-342	1.05131	-137	1.04737	
-341.5	1.05135	-136.5	1.04736	
-341	1.05138	-136	1.04735	
-340.5	1.05141	-135.5	1.04734	
-340	1.05144	-135	1.04733	
-339.5	1.05146	-134.5	1.04732	
-339	1.05149	-134	1.04731	
-338.5	1.05151	-133.5	1.0473	
-338	1.05153	-133	1.0473	
-337.5	1.05155	-132.5	1.04729	
-337	1.05157	-132	1.04728	
-336.5	1.05158	-131.5	1.04727	
-336	1.0516	-131	1.04726	
-335.5	1.05161	-130.5	1.04725	
-335	1.05162	-130	1.04724	
-334.5	1.05163	-129.5	1.04723	
-334	1.05163	-129	1.04722	
-333.5	1.05164	-128.5	1.04721	
-333	1.05164	-128	1.0472	
-332.5	1.05164	-127.5	1.04719	
-332	1.05164	-127	1.04719	
-331.5	1.05164	-126.5	1.04718	
-331	1.05163	-126	1.04717	
-330.5	1.05162	-125.5	1.04716	
-330	1.05162	-125	1.04715	
-329.5	1.05161	-124.5	1.04714	
-329	1.0516	-124	1.04713	
-328.5	1.05159	-123.5	1.04712	
-328	1.05157	-123	1.04711	
-327.5	1.05156	-122.5	1.0471	
-327	1.05154	-122	1.0471	
-326.5	1.05153	-121.5	1.04709	
-326	1.05151	-121	1.04708	
-325.5	1.05149	-120.5	1.04707	
-325	1.05147	-120	1.04706	
-324.5	1.05145	-119.5	1.04705	
-324	1.05143	-119	1.04704	
-323.5	1.05141	-118.5	1.04703	
-323	1.05139	-118	1.04702	
-322.5	1.05137	-117.5	1.04702	
-322	1.05135	-117	1.04701	
-321.5	1.05132	-116.5	1.047	
-321	1.0513	-116	1.04699	
-320.5	1.05128	-115.5	1.04698	
-320	1.05126	-115	1.04697	
-319.5	1.05123	-114.5	1.04696	
-319	1.05121	-114	1.04696	
-318.5	1.05118	-113.5	1.04695	
-318	1.05116	-113	1.04694	
-317.5	1.05114	-112.5	1.04693	
-317	1.05111	-112	1.04692	
-316.5	1.05109	-111.5	1.04691	
-316	1.05107	-111	1.0469	
-315.5	1.05104	-110.5	1.0469	
-315	1.05102	-110	1.04689	
-314.5	1.05099	-109.5	1.04688	
-314	1.05097	-109	1.04687	
-313.5	1.05095	-108.5	1.04686	
-313	1.05093	-108	1.04685	
-312.5	1.0509	-107.5	1.04685	
-312	1.05088	-107	1.04684	
-311.5	1.05086	-106.5	1.04683	
-311	1.05084	-106	1.04682	
-310.5	1.05082	-105.5	1.04681	
-310	1.0508	-105	1.0468	
-309.5	1.05077	-104.5	1.0468	
-309	1.05075	-104	1.04679	
-308.5	1.05073	-103.5	1.04678	
-308	1.05071	-103	1.04677	
-307.5	1.05069	-102.5	1.04676	
-307	1.05067	-102	1.04676	
-306.5	1.05066	-101.5	1.04675	
-306	1.05064	-101	1.04674	
-305.5	1.05062	-100.5	1.04673	
-305	1.0506	-100	1.04672	
-304.5	1.05058	-99.5	1.04672	
-304	1.05056	-99	1.04671	
-303.5	1.05055	-98.5	1.0467	
-303	1.05053	-98	1.04669	
-302.5	1.05051	-97.5	1.04669	
-302	1.0505	-97	1.04668	
-301.5	1.05048	-96.5	1.04667	
-301	1.05047	-96	1.04666	
-300.5	1.05045	-95.5	1.04665	
-300	1.05043	-95	1.04665	
-299.5	1.05042	-94.5	1.04664	
-299	1.0504	-94	1.04663	
-298.5	1.05039	-93.5	1.04662	
-298	1.05037	-93	1.04662	
-297.5	1.05036	-92.5	1.04661	
-297	1.05035	-92	1.0466	
-296.5	1.05033	-91.5	1.0466	
-296	1.05032	-91	1.04659	
-295.5	1.0503	-90.5	1.04658	
-295	1.05029	-90	1.04657	
-294.5	1.05028	-89.5	1.04657	
-294	1.05027	-89	1.04656	
-293.5	1.05025	-88.5	1.04655	
-293	1.05024	-88	1.04654	
-292.5	1.05023	-87.5	1.04654	
-292	1.05022	-87	1.04653	
-291.5	1.0502	-86.5	1.04652	
-291	1.05019	-86	1.04652	
-290.5	1.05018	-85.5	1.04651	
-290	1.05017	-85	1.0465	
-289.5	1.05016	-84.5	1.0465	
-289	1.05014	-84	1.04649	
-288.5	1.05013	-83.5	1.04648	
-288	1.05012	-83	1.04648	
-287.5	1.05011	-82.5	1.04647	
-287	1.0501	-82	1.04646	
-286.5	1.05009	-81.5	1.04646	
-286	1.05008	-81	1.04645	
-285.5	1.05007	-80.5	1.04644	
-285	1.05006	-80	1.04644	
-284.5	1.05005	-79.5	1.04643	
-284	1.05004	-79	1.04642	
-283.5	1.05003	-78.5	1.04642	
-283	1.05002	-78	1.04641	
-282.5	1.05001	-77.5	1.0464	
-282	1.05	-77	1.0464	
-281.5	1.04999	-76.5	1.04639	
-281	1.04998	-76	1.04639	
-280.5	1.04997	-75.5	1.04638	
-280	1.04996	-75	1.04637	
-279.5	1.04995	-74.5	1.04637	
-279	1.04994	-74	1.04636	
-278.5	1.04993	-73.5	1.04635	
-278	1.04992	-73	1.04635	
-277.5	1.04991	-72.5	1.04634	
-277	1.0499	-72	1.04634	
-276.5	1.04989	-71.5	1.04633	
-276	1.04988	-71	1.04633	
-275.5	1.04987	-70.5	1.04632	
-275	1.04986	-70	1.04631	
-274.5	1.04985	-69.5	1.04631	
-274	1.04984	-69	1.0463	
-273.5	1.04984	-68.5	1.0463	
-273	1.04983	-68	1.04629	
-272.5	1.04982	-67.5	1.04629	
-272	1.04981	-67	1.04628	
-271.5	1.0498	-66.5	1.04628	
-271	1.04979	-66	1.04627	
-270.5	1.04978	-65.5	1.04626	
-270	1.04977	-65	1.04626	
-269.5	1.04976	-64.5	1.04625	
-269	1.04976	-64	1.04625	
-268.5	1.04975	-63.5	1.04624	
-268	1.04974	-63	1.04624	
-267.5	1.04973	-62.5	1.04623	
-267	1.04972	-62	1.04623	
-266.5	1.04971	-61.5	1.04622	
-266	1.0497	-61	1.04622	
-265.5	1.0497	-60.5	1.04621	
-265	1.04969	-60	1.04621	
-264.5	1.04968	-59.5	1.0462	
-264	1.04967	-59	1.0462	
-263.5	1.04966	-58.5	1.04619	
-263	1.04965	-58	1.04619	
-262.5	1.04964	-57.5	1.04619	
-262	1.04964	-57	1.04618	
-261.5	1.04963	-56.5	1.04618	
-261	1.04962	-56	1.04617	
-260.5	1.04961	-55.5	1.04617	
-260	1.0496	-55	1.04616	
-259.5	1.04959	-54.5	1.04616	
-259	1.04959	-54	1.04615	
-258.5	1.04958	-53.5	1.04615	
-258	1.04957	-53	1.04615	
-257.5	1.04956	-52.5	1.04614	
-257	1.04955	-52	1.04614	
-256.5	1.04954	-51.5	1.04613	
-256	1.04954	-51	1.04613	
-255.5	1.04953	-50.5	1.04613	
-255	1.04952	-50	1.04612	
-254.5	1.04951	-49.5	1.04612	
-254	1.0495	-49	1.04612	
-253.5	1.04949	-48.5	1.04611	
-253	1.04949	-48	1.04611	
-252.5	1.04948	-47.5	1.0461	
-252	1.04947	-47	1.0461	
-251.5	1.04946	-46.5	1.0461	
-251	1.04945	-46	1.04609	
-250.5	1.04944	-45.5	1.04609	
-250	1.04944	-45	1.04609	
-249.5	1.04943	-44.5	1.04608	
-249	1.04942	-44	1.04608	
-248.5	1.04941	-43.5	1.04608	
-248	1.0494	-43	1.04607	
-247.5	1.04939	-42.5	1.04607	
-247	1.04939	-42	1.04607	
-246.5	1.04938	-41.5	1.04606	
-246	1.04937	-41	1.04606	
-245.5	1.04936	-40.5	1.04606	
-245	1.04935	-40	1.04606	
-244.5	1.04934	-39.5	1.04605	
-244	1.04933	-39	1.04605	
-243.5	1.04933	-38.5	1.04605	
-243	1.04932	-38	1.04605	
-242.5	1.04931	-37.5	1.04604	
-242	1.0493	-37	1.04604	
-241.5	1.04929	-36.5	1.04604	
-241	1.04928	-36	1.04604	
-240.5	1.04928	-35.5	1.04603	
-240	1.04927	-35	1.04603	
-239.5	1.04926	-34.5	1.04603	
-239	1.04925	-34	1.04603	
-238.5	1.04924	-33.5	1.04602	
-238	1.04923	-33	1.04602	
-237.5	1.04923	-32.5	1.04602	
-237	1.04922	-32	1.04602	
-236.5	1.04921	-31.5	1.04602	
-236	1.0492	-31	1.04601	
-235.5	1.04919	-30.5	1.04601	
-235	1.04918	-30	1.04601	
-234.5	1.04917	-29.5	1.04601	
-234	1.04917	-29	1.04601	
-233.5	1.04916	-28.5	1.04601	
-233	1.04915	-28	1.046	
-232.5	1.04914	-27.5	1.046	
-232	1.04913	-27	1.046	
-231.5	1.04912	-26.5	1.046	
-231	1.04912	-26	1.046	
-230.5	1.04911	-25.5	1.046	
-230	1.0491	-25	1.046	
-229.5	1.04909	-24.5	1.04599	
-229	1.04908	-24	1.04599	
-228.5	1.04907	-23.5	1.04599	
-228	1.04906	-23	1.04599	
-227.5	1.04906	-22.5	1.04599	
-227	1.04905	-22	1.04599	
-226.5	1.04904	-21.5	1.04599	
-226	1.04903	-21	1.04599	
-225.5	1.04902	-20.5	1.04599	
-225	1.04901	-20	1.04599	
-224.5	1.049	-19.5	1.04598	
-224	1.04899	-19	1.04598	
-223.5	1.04899	-18.5	1.04598	
-223	1.04898	-18	1.04598	
-222.5	1.04897	-17.5	1.04598	
-222	1.04896	-17	1.04598	
-221.5	1.04895	-16.5	1.04598	
-221	1.04894	-16	1.04598	
-220.5	1.04893	-15.5	1.04598	
-220	1.04892	-15	1.04598	
-219.5	1.04892	-14.5	1.04598	
-219	1.04891	-14	1.04598	
-218.5	1.0489	-13.5	1.04598	
-218	1.04889	-13	1.04598	
-217.5	1.04888	-12.5	1.04598	
-217	1.04887	-12	1.04598	
-216.5	1.04886	-11.5	1.04598	
-216	1.04885	-11	1.04598	
-215.5	1.04885	-10.5	1.04598	
-215	1.04884	-10	1.04598	
-214.5	1.04883	-9.5	1.04598	
-214	1.04882	-9	1.04598	
-213.5	1.04881	-8.5	1.04598	
-213	1.0488	-8	1.04598	
-212.5	1.04879	-7.5	1.04598	
-212	1.04878	-7	1.04598	
-211.5	1.04877	-6.5	1.04599	
-211	1.04876	-6	1.04599	
-210.5	1.04876	-5.5	1.04599	
-210	1.04875	-5	1.04599	
-209.5	1.04874	-4.5	1.04599	
-209	1.04873	-4	1.04599	
-208.5	1.04872	-3.5	1.04599	
-208	1.04871	-3	1.04599	
-207.5	1.0487	-2.5	1.04599	
-207	1.04869	-2	1.04599	
-206.5	1.04868	-1.5	1.046	
-206	1.04867	-1	1.046	
-205.5	1.04867	-0.5	1.046	
-205	1.04866	0	1.046	
-204.5	1.04865	0.5	1.046	
-204	1.04864	1	1.046	
-203.5	1.04863	1.5	1.046	
-203	1.04862	2	1.04601	
-202.5	1.04861	2.5	1.04601	
-202	1.0486	3	1.04601	
-201.5	1.04859	3.5	1.04601	
-201	1.04858	4	1.04601	
-200.5	1.04857	4.5	1.04601	
-200	1.04857	5	1.04602	
-199.5	1.04856	5.5	1.04602	
-199	1.04855	6	1.04602	
-198.5	1.04854	6.5	1.04602	
-198	1.04853	7	1.04602	
-197.5	1.04852	7.5	1.04603	
-197	1.04851	8	1.04603	
-196.5	1.0485	8.5	1.04603	
-196	1.04849	9	1.04603	
-195.5	1.04848	9.5	1.04604	
-195	1.04847	10	1.04604	
-194.5	1.04846	10.5	1.04604	
-194	1.04845	11	1.04604	
-193.5	1.04845	11.5	1.04605	
-193	1.04844	12	1.04605	
-192.5	1.04843	12.5	1.04605	
-192	1.04842	13	1.04605	
-191.5	1.04841	13.5	1.04606	
-191	1.0484	14	1.04606	
-190.5	1.04839	14.5	1.04606	
-190	1.04838	15	1.04606	
-189.5	1.04837	15.5	1.04607	
-189	1.04836	16	1.04607	
-188.5	1.04835	16.5	1.04607	
-188	1.04834	17	1.04608	
-187.5	1.04833	17.5	1.04608	
-187	1.04832	18	1.04608	
-186.5	1.04831	18.5	1.04609	
-186	1.0483	19	1.04609	
-185.5	1.0483	19.5	1.04609	
-185	1.04829	20	1.0461	
-184.5	1.04828	20.5	1.0461	
-184	1.04827	21	1.0461	
-183.5	1.04826	21.5	1.04611	
-183	1.04825	22	1.04611	
-182.5	1.04824	22.5	1.04611	
-182	1.04823	23	1.04612	
-181.5	1.04822	23.5	1.04612	
-181	1.04821	24	1.04613	
-180.5	1.0482	24.5	1.04613	
-180	1.04819	25	1.04613	
-179.5	1.04818	25.5	1.04614	
-179	1.04817	26	1.04614	
-178.5	1.04816	26.5	1.04614	
-178	1.04815	27	1.04615	
-177.5	1.04814	27.5	1.04615	
-177	1.04813	28	1.04616	
-176.5	1.04812	28.5	1.04616	
-176	1.04812	29	1.04616	
-175.5	1.04811	29.5	1.04617	
-175	1.0481	30	1.04617	
-174.5	1.04809	30.5	1.04618	
-174	1.04808	31	1.04618	
-173.5	1.04807	31.5	1.04619	
-173	1.04806	32	1.04619	
-172.5	1.04805	32.5	1.0462	
-172	1.04804	33	1.0462	
-171.5	1.04803	33.5	1.0462	
-171	1.04802	34	1.04621	
-170.5	1.04801	34.5	1.04621	
-170	1.048	35	1.04622	
-169.5	1.04799	35.5	1.04622	
-169	1.04798	36	1.04623	
-168.5	1.04797	36.5	1.04623	
-168	1.04796	37	1.04624	
-167.5	1.04795	37.5	1.04624	
-167	1.04794	38	1.04625	
-166.5	1.04793	38.5	1.04625	
-166	1.04792	39	1.04626	
-165.5	1.04792	39.5	1.04626	
-165	1.04791	40	1.04627	
-164.5	1.0479	40.5	1.04627	
-164	1.04789	41	1.04628	
-163.5	1.04788	41.5	1.04628	
-163	1.04787	42	1.04629	
-162.5	1.04786	42.5	1.04629	
-162	1.04785	43	1.0463	
-161.5	1.04784	43.5	1.0463	
-161	1.04783	44	1.04631	
-160.5	1.04782	44.5	1.04632	
-160	1.04781	45	1.04632	
-159.5	1.0478	45.5	1.04633	
-159	1.04779	46	1.04633	
-158.5	1.04778	46.5	1.04634	
-158	1.04777	47	1.04634	
-157.5	1.04776	47.5	1.04635	
-157	1.04775	48	1.04635	
-156.5	1.04774	48.5	1.04636	
-156	1.04773	49	1.04637	
-155.5	1.04772	49.5	1.04637	
-155	1.04771	50	1.04638	
-154.5	1.04771	50.5	1.04638	
-154	1.0477	51	1.04639	
-153.5	1.04769	51.5	1.0464	
-153	1.04768	52	1.0464	
-152.5	1.04767	52.5	1.04641	
-152	1.04766	53	1.04641	
-151.5	1.04765	53.5	1.04642	
-151	1.04764	54	1.04643	
-150.5	1.04763	54.5	1.04643	
-150	1.04762	55	1.04644	
-149.5	1.04761	55.5	1.04644	
-149	1.0476	56	1.04645	
-148.5	1.04759	56.5	1.04646	
-148	1.04758	57	1.04646	
-147.5	1.04757	57.5	1.04647	
-147	1.04756	58	1.04648	
-146.5	1.04755	58.5	1.04648	
-146	1.04754	59	1.04649	
-145.5	1.04753	59.5	1.0465	
-145	1.04753	60	1.0465	
-144.5	1.04752	60.5	1.04651	
-144	1.04751	61	1.04651	
-143.5	1.0475	61.5	1.04652	
-143	1.04749	62	1.04653	
-142.5	1.04748	62.5	1.04653	
-142	1.04747	63	1.04654	
-141.5	1.04746	63.5	1.04655	
-141	1.04745	64	1.04655	
-140.5	1.04744	64.5	1.04656	
-140	1.04743	65	1.04657	
-139.5	1.04742	65.5	1.04657	
-139	1.04741	66	1.04658	
-138.5	1.0474	66.5	1.04659	
-138	1.04739	67	1.0466	
-137.5	1.04739	67.5	1.0466	
-137	1.04738	68	1.04661	
-136.5	1.04737	68.5	1.04662	
-136	1.04736	69	1.04662	
-135.5	1.04735	69.5	1.04663	
-135	1.04734	70	1.04664	
-134.5	1.04733	70.5	1.04664	
-134	1.04732	71	1.04665	
-133.5	1.04731	71.5	1.04666	
-133	1.0473	72	1.04667	
-132.5	1.04729	72.5	1.04667	
-132	1.04728	73	1.04668	
-131.5	1.04727	73.5	1.04669	
-131	1.04727	74	1.04669	
-130.5	1.04726	74.5	1.0467	
-130	1.04725	75	1.04671	
-129.5	1.04724	75.5	1.04672	
-129	1.04723	76	1.04672	
-128.5	1.04722	76.5	1.04673	
-128	1.04721	77	1.04674	
-127.5	1.0472	77.5	1.04674	
-127	1.04719	78	1.04675	
-126.5	1.04718	78.5	1.04676	
-126	1.04718	79	1.04677	
-125.5	1.04717	79.5	1.04677	
-125	1.04716	80	1.04678	
-124.5	1.04715	80.5	1.04679	
-124	1.04714	81	1.0468	
-123.5	1.04713	81.5	1.0468	
-123	1.04712	82	1.04681	
-122.5	1.04711	82.5	1.04682	
-122	1.0471	83	1.04683	
-121.5	1.0471	83.5	1.04683	
-121	1.04709	84	1.04684	
-120.5	1.04708	84.5	1.04685	
-120	1.04707	85	1.04686	
-119.5	1.04706	85.5	1.04686	
-119	1.04705	86	1.04687	
-118.5	1.04704	86.5	1.04688	
-118	1.04703	87	1.04689	
-117.5	1.04703	87.5	1.0469	
-117	1.04702	88	1.0469	
-116.5	1.04701	88.5	1.04691	
-116	1.047	89	1.04692	
-115.5	1.04699	89.5	1.04693	
-115	1.04698	90	1.04693	
-114.5	1.04697	90.5	1.04694	
-114	1.04697	91	1.04695	
-113.5	1.04696	91.5	1.04696	
-113	1.04695	92	1.04696	
-112.5	1.04694	92.5	1.04697	
-112	1.04693	93	1.04698	
-111.5	1.04692	93.5	1.04699	
-111	1.04692	94	1.047	
-110.5	1.04691	94.5	1.047	
-110	1.0469	95	1.04701	
-109.5	1.04689	95.5	1.04702	
-109	1.04688	96	1.04703	
-108.5	1.04687	96.5	1.04704	
-108	1.04687	97	1.04704	
-107.5	1.04686	97.5	1.04705	
-107	1.04685	98	1.04706	
-106.5	1.04684	98.5	1.04707	
-106	1.04683	99	1.04708	
-105.5	1.04683	99.5	1.04708	
-105	1.04682	100	1.04709	
-104.5	1.04681	100.5	1.0471	
-104	1.0468	101	1.04711	
-103.5	1.04679	101.5	1.04712	
-103	1.04679	102	1.04712	
-102.5	1.04678	102.5	1.04713	
-102	1.04677	103	1.04714	
-101.5	1.04676	103.5	1.04715	
-101	1.04675	104	1.04716	
-100.5	1.04675	104.5	1.04716	
-100	1.04674	105	1.04717	
-99.5	1.04673	105.5	1.04718	
-99	1.04672	106	1.04719	
-98.5	1.04672	106.5	1.0472	
-98	1.04671	107	1.0472	
-97.5	1.0467	107.5	1.04721	
-97	1.04669	108	1.04722	
-96.5	1.04669	108.5	1.04723	
-96	1.04668	109	1.04724	
-95.5	1.04667	109.5	1.04724	
-95	1.04666	110	1.04725	
-94.5	1.04666	110.5	1.04726	
-94	1.04665	111	1.04727	
-93.5	1.04664	111.5	1.04728	
-93	1.04663	112	1.04728	
-92.5	1.04663	112.5	1.04729	
-92	1.04662	113	1.0473	
-91.5	1.04661	113.5	1.04731	
-91	1.0466	114	1.04732	
-90.5	1.0466	114.5	1.04732	
-90	1.04659	115	1.04733	
-89.5	1.04658	115.5	1.04734	
-89	1.04658	116	1.04735	
-88.5	1.04657	116.5	1.04736	
-88	1.04656	117	1.04737	
-87.5	1.04655	117.5	1.04737	
-87	1.04655	118	1.04738	
-86.5	1.04654	118.5	1.04739	
-86	1.04653	119	1.0474	
-85.5	1.04653	119.5	1.04741	
-85	1.04652	120	1.04741	
-84.5	1.04651	120.5	1.04742	
-84	1.04651	121	1.04743	
-83.5	1.0465	121.5	1.04744	
-83	1.04649	122	1.04745	
-82.5	1.04649	122.5	1.04745	
-82	1.04648	123	1.04746	
-81.5	1.04647	123.5	1.04747	
-81	1.04647	124	1.04748	
-80.5	1.04646	124.5	1.04749	
-80	1.04645	125	1.04749	
-79.5	1.04645	125.5	1.0475	
-79	1.04644	126	1.04751	
-78.5	1.04644	126.5	1.04752	
-78	1.04643	127	1.04753	
-77.5	1.04642	127.5	1.04754	
-77	1.04642	128	1.04754	
-76.5	1.04641	128.5	1.04755	
-76	1.0464	129	1.04756	
-75.5	1.0464	129.5	1.04757	
-75	1.04639	130	1.04758	
-74.5	1.04639	130.5	1.04758	
-74	1.04638	131	1.04759	
-73.5	1.04637	131.5	1.0476	
-73	1.04637	132	1.04761	
-72.5	1.04636	132.5	1.04762	
-72	1.04636	133	1.04762	
-71.5	1.04635	133.5	1.04763	
-71	1.04635	134	1.04764	
-70.5	1.04634	134.5	1.04765	
-70	1.04633	135	1.04766	
-69.5	1.04633	135.5	1.04766	
-69	1.04632	136	1.04767	
-68.5	1.04632	136.5	1.04768	
-68	1.04631	137	1.04769	
-67.5	1.04631	137.5	1.0477	
-67	1.0463	138	1.0477	
-66.5	1.0463	138.5	1.04771	
-66	1.04629	139	1.04772	
-65.5	1.04629	139.5	1.04773	
-65	1.04628	140	1.04774	
-64.5	1.04628	140.5	1.04774	
-64	1.04627	141	1.04775	
-63.5	1.04627	141.5	1.04776	
-63	1.04626	142	1.04777	
-62.5	1.04626	142.5	1.04777	
-62	1.04625	143	1.04778	
-61.5	1.04625	143.5	1.04779	
-61	1.04624	144	1.0478	
-60.5	1.04624	144.5	1.04781	
-60	1.04623	145	1.04781	
-59.5	1.04623	145.5	1.04782	
-59	1.04622	146	1.04783	
-58.5	1.04622	146.5	1.04784	
-58	1.04621	147	1.04785	
-57.5	1.04621	147.5	1.04785	
-57	1.0462	148	1.04786	
-56.5	1.0462	148.5	1.04787	
-56	1.0462	149	1.04788	
-55.5	1.04619	149.5	1.04788	
-55	1.04619	150	1.04789	
-54.5	1.04618	150.5	1.0479	
-54	1.04618	151	1.04791	
-53.5	1.04617	151.5	1.04792	
-53	1.04617	152	1.04792	
-52.5	1.04617	152.5	1.04793	
-52	1.04616	153	1.04794	
-51.5	1.04616	153.5	1.04795	
-51	1.04615	154	1.04795	
-50.5	1.04615	154.5	1.04796	
-50	1.04615	155	1.04797	
-49.5	1.04614	155.5	1.04798	
-49	1.04614	156	1.04798	
-48.5	1.04614	156.5	1.04799	
-48	1.04613	157	1.048	
-47.5	1.04613	157.5	1.04801	
-47	1.04612	158	1.04801	
-46.5	1.04612	158.5	1.04802	
-46	1.04612	159	1.04803	
-45.5	1.04611	159.5	1.04804	
-45	1.04611	160	1.04804	
-44.5	1.04611	160.5	1.04805	
-44	1.0461	161	1.04806	
-43.5	1.0461	161.5	1.04807	
-43	1.0461	162	1.04807	
-42.5	1.0461	162.5	1.04808	
-42	1.04609	163	1.04809	
-41.5	1.04609	163.5	1.0481	
-41	1.04609	164	1.0481	
-40.5	1.04608	164.5	1.04811	
-40	1.04608	165	1.04812	
-39.5	1.04608	165.5	1.04813	
-39	1.04608	166	1.04813	
-38.5	1.04607	166.5	1.04814	
-38	1.04607	167	1.04815	
-37.5	1.04607	167.5	1.04816	
-37	1.04607	168	1.04816	
-36.5	1.04606	168.5	1.04817	
-36	1.04606	169	1.04818	
-35.5	1.04606	169.5	1.04819	
-35	1.04606	170	1.04819	
-34.5	1.04605	170.5	1.0482	
-34	1.04605	171	1.04821	
-33.5	1.04605	171.5	1.04821	
-33	1.04605	172	1.04822	
-32.5	1.04605	172.5	1.04823	
-32	1.04604	173	1.04824	
-31.5	1.04604	173.5	1.04824	
-31	1.04604	174	1.04825	
-30.5	1.04604	174.5	1.04826	
-30	1.04604	175	1.04827	
-29.5	1.04603	175.5	1.04827	
-29	1.04603	176	1.04828	
-28.5	1.04603	176.5	1.04829	
-28	1.04603	177	1.04829	
-27.5	1.04603	177.5	1.0483	
-27	1.04603	178	1.04831	
-26.5	1.04602	178.5	1.04832	
-26	1.04602	179	1.04832	
-25.5	1.04602	179.5	1.04833	
-25	1.04602	180	1.04834	
-24.5	1.04602	180.5	1.04834	
-24	1.04602	181	1.04835	
-23.5	1.04602	181.5	1.04836	
-23	1.04602	182	1.04836	
-22.5	1.04602	182.5	1.04837	
-22	1.04601	183	1.04838	
-21.5	1.04601	183.5	1.04838	
-21	1.04601	184	1.04839	
-20.5	1.04601	184.5	1.0484	
-20	1.04601	185	1.04841	
-19.5	1.04601	185.5	1.04841	
-19	1.04601	186	1.04842	
-18.5	1.04601	186.5	1.04843	
-18	1.04601	187	1.04843	
-17.5	1.04601	187.5	1.04844	
-17	1.04601	188	1.04845	
-16.5	1.04601	188.5	1.04845	
-16	1.04601	189	1.04846	
-15.5	1.04601	189.5	1.04847	
-15	1.04601	190	1.04847	
-14.5	1.04601	190.5	1.04848	
-14	1.04601	191	1.04849	
-13.5	1.04601	191.5	1.04849	
-13	1.04601	192	1.0485	
-12.5	1.04601	192.5	1.04851	
-12	1.04601	193	1.04851	
-11.5	1.04601	193.5	1.04852	
-11	1.04601	194	1.04853	
-10.5	1.04601	194.5	1.04853	
-10	1.04601	195	1.04854	
-9.5	1.04601	195.5	1.04855	
-9	1.04601	196	1.04855	
-8.5	1.04601	196.5	1.04856	
-8	1.04601	197	1.04857	
-7.5	1.04601	197.5	1.04857	
-7	1.04601	198	1.04858	
-6.5	1.04601	198.5	1.04859	
-6	1.04601	199	1.04859	
-5.5	1.04601	199.5	1.0486	
-5	1.04601	200	1.04861	
-4.5	1.04601	200.5	1.04861	
-4	1.04602	201	1.04862	
-3.5	1.04602	201.5	1.04863	
-3	1.04602	202	1.04863	
-2.5	1.04602	202.5	1.04864	
-2	1.04602	203	1.04865	
-1.5	1.04602	203.5	1.04865	
-1	1.04602	204	1.04866	
-0.5	1.04602	204.5	1.04866	
0	1.04602	205	1.04867	
0.5	1.04603	205.5	1.04868	
1	1.04603	206	1.04868	
1.5	1.04603	206.5	1.04869	
2	1.04603	207	1.0487	
2.5	1.04603	207.5	1.0487	
3	1.04603	208	1.04871	
3.5	1.04604	208.5	1.04871	
4	1.04604	209	1.04872	
4.5	1.04604	209.5	1.04873	
5	1.04604	210	1.04873	
5.5	1.04604	210.5	1.04874	
6	1.04604	211	1.04875	
6.5	1.04605	211.5	1.04875	
7	1.04605	212	1.04876	
7.5	1.04605	212.5	1.04876	
8	1.04605	213	1.04877	
8.5	1.04606	213.5	1.04878	
9	1.04606	214	1.04878	
9.5	1.04606	214.5	1.04879	
10	1.04606	215	1.0488	
10.5	1.04606	215.5	1.0488	
11	1.04607	216	1.04881	
11.5	1.04607	216.5	1.04881	
12	1.04607	217	1.04882	
12.5	1.04607	217.5	1.04883	
13	1.04608	218	1.04883	
13.5	1.04608	218.5	1.04884	
14	1.04608	219	1.04884	
14.5	1.04609	219.5	1.04885	
15	1.04609	220	1.04886	
15.5	1.04609	220.5	1.04886	
16	1.04609	221	1.04887	
16.5	1.0461	221.5	1.04887	
17	1.0461	222	1.04888	
17.5	1.0461	222.5	1.04889	
18	1.04611	223	1.04889	
18.5	1.04611	223.5	1.0489	
19	1.04611	224	1.0489	
19.5	1.04612	224.5	1.04891	
20	1.04612	225	1.04892	
20.5	1.04612	225.5	1.04892	
21	1.04613	226	1.04893	
21.5	1.04613	226.5	1.04893	
22	1.04613	227	1.04894	
22.5	1.04614	227.5	1.04894	
23	1.04614	228	1.04895	
23.5	1.04614	228.5	1.04896	
24	1.04615	229	1.04896	
24.5	1.04615	229.5	1.04897	
25	1.04615	230	1.04897	
25.5	1.04616	230.5	1.04898	
26	1.04616	231	1.04899	
26.5	1.04617	231.5	1.04899	
27	1.04617	232	1.049	
27.5	1.04617	232.5	1.049	
28	1.04618	233	1.04901	
28.5	1.04618	233.5	1.04901	
29	1.04619	234	1.04902	
29.5	1.04619	234.5	1.04903	
30	1.04619	235	1.04903	
30.5	1.0462	235.5	1.04904	
31	1.0462	236	1.04904	
31.5	1.04621	236.5	1.04905	
32	1.04621	237	1.04905	
32.5	1.04622	237.5	1.04906	
33	1.04622	238	1.04906	
33.5	1.04622	238.5	1.04907	
34	1.04623	239	1.04908	
34.5	1.04623	239.5	1.04908	
35	1.04624	240	1.04909	
35.5	1.04624	240.5	1.04909	
36	1.04625	241	1.0491	
36.5	1.04625	241.5	1.0491	
37	1.04626	242	1.04911	
37.5	1.04626	242.5	1.04911	
38	1.04627	243	1.04912	
38.5	1.04627	243.5	1.04913	
39	1.04628	244	1.04913	
39.5	1.04628	244.5	1.04914	
40	1.04629	245	1.04914	
40.5	1.04629	245.5	1.04915	
41	1.0463	246	1.04915	
41.5	1.0463	246.5	1.04916	
42	1.04631	247	1.04916	
42.5	1.04631	247.5	1.04917	
43	1.04632	248	1.04918	
43.5	1.04632	248.5	1.04918	
44	1.04633	249	1.04919	
44.5	1.04633	249.5	1.04919	
45	1.04634	250	1.0492	
45.5	1.04634	250.5	1.0492	
46	1.04635	251	1.04921	
46.5	1.04636	251.5	1.04921	
47	1.04636	252	1.04922	
47.5	1.04637	252.5	1.04922	
48	1.04637	253	1.04923	
48.5	1.04638	253.5	1.04923	
49	1.04638	254	1.04924	
49.5	1.04639	254.5	1.04925	
50	1.04639	255	1.04925	
50.5	1.0464	255.5	1.04926	
51	1.04641	256	1.04926	
51.5	1.04641	256.5	1.04927	
52	1.04642	257	1.04927	
52.5	1.04642	257.5	1.04928	
53	1.04643	258	1.04928	
53.5	1.04644	258.5	1.04929	
54	1.04644	259	1.04929	
54.5	1.04645	259.5	1.0493	
55	1.04645	260	1.0493	
55.5	1.04646	260.5	1.04931	
56	1.04647	261	1.04931	
56.5	1.04647	261.5	1.04932	
57	1.04648	262	1.04932	
57.5	1.04648	262.5	1.04933	
58	1.04649	263	1.04933	
58.5	1.0465	263.5	1.04934	
59	1.0465	264	1.04934	
59.5	1.04651	264.5	1.04935	
60	1.04652	265	1.04936	
60.5	1.04652	265.5	1.04936	
61	1.04653	266	1.04937	
61.5	1.04653	266.5	1.04937	
62	1.04654	267	1.04938	
62.5	1.04655	267.5	1.04938	
63	1.04655	268	1.04939	
63.5	1.04656	268.5	1.04939	
64	1.04657	269	1.0494	
64.5	1.04657	269.5	1.0494	
65	1.04658	270	1.04941	
65.5	1.04659	270.5	1.04941	
66	1.04659	271	1.04942	
66.5	1.0466	271.5	1.04942	
67	1.04661	272	1.04943	
67.5	1.04661	272.5	1.04943	
68	1.04662	273	1.04944	
68.5	1.04663	273.5	1.04944	
69	1.04663	274	1.04945	
69.5	1.04664	274.5	1.04945	
70	1.04665	275	1.04946	
70.5	1.04666	275.5	1.04946	
71	1.04666	276	1.04947	
71.5	1.04667	276.5	1.04947	
72	1.04668	277	1.04948	
72.5	1.04668	277.5	1.04948	
73	1.04669	278	1.04949	
73.5	1.0467	278.5	1.04949	
74	1.0467	279	1.0495	
74.5	1.04671	279.5	1.0495	
75	1.04672	280	1.04951	
75.5	1.04673	280.5	1.04951	
76	1.04673	281	1.04952	
76.5	1.04674	281.5	1.04952	
77	1.04675	282	1.04953	
77.5	1.04675	282.5	1.04953	
78	1.04676	283	1.04954	
78.5	1.04677	283.5	1.04954	
79	1.04678	284	1.04955	
79.5	1.04678	284.5	1.04955	
80	1.04679	285	1.04956	
80.5	1.0468	285.5	1.04956	
81	1.04681	286	1.04957	
81.5	1.04681	286.5	1.04957	
82	1.04682	287	1.04958	
82.5	1.04683	287.5	1.04958	
83	1.04683	288	1.04958	
83.5	1.04684	288.5	1.04959	
84	1.04685	289	1.04959	
84.5	1.04686	289.5	1.0496	
85	1.04686	290	1.0496	
85.5	1.04687	290.5	1.04961	
86	1.04688	291	1.04961	
86.5	1.04689	291.5	1.04962	
87	1.04689	292	1.04962	
87.5	1.0469	292.5	1.04963	
88	1.04691	293	1.04963	
88.5	1.04692	293.5	1.04964	
89	1.04693	294	1.04964	
89.5	1.04693	294.5	1.04965	
90	1.04694	295	1.04965	
90.5	1.04695	295.5	1.04966	
91	1.04696	296	1.04966	
91.5	1.04696	296.5	1.04967	
92	1.04697	297	1.04967	
92.5	1.04698	297.5	1.04968	
93	1.04699	298	1.04968	
93.5	1.04699	298.5	1.04968	
94	1.047	299	1.04969	
94.5	1.04701	299.5	1.04969	
95	1.04702	300	1.0497	
95.5	1.04703	300.5	1.0497	
96	1.04703	301	1.04971	
96.5	1.04704	301.5	1.04971	
97	1.04705	302	1.04972	
97.5	1.04706	302.5	1.04972	
98	1.04706	303	1.04973	
98.5	1.04707	303.5	1.04973	
99	1.04708	304	1.04974	
99.5	1.04709	304.5	1.04974	
100	1.0471	305	1.04975	
100.5	1.0471	305.5	1.04975	
101	1.04711	306	1.04975	
101.5	1.04712	306.5	1.04976	
102	1.04713	307	1.04976	
102.5	1.04713	307.5	1.04977	
103	1.04714	308	1.04977	
103.5	1.04715	308.5	1.04978	
104	1.04716	309	1.04978	
104.5	1.04717	309.5	1.04979	
105	1.04717	310	1.04979	
105.5	1.04718	310.5	1.0498	
106	1.04719	311	1.0498	
106.5	1.0472	311.5	1.0498	
107	1.04721	312	1.04981	
107.5	1.04721	312.5	1.04981	
108	1.04722	313	1.04982	
108.5	1.04723	313.5	1.04982	
109	1.04724	314	1.04983	
109.5	1.04725	314.5	1.04983	
110	1.04725	315	1.04984	
110.5	1.04726	315.5	1.04984	
111	1.04727	316	1.04984	
111.5	1.04728	316.5	1.04985	
112	1.04729	317	1.04985	
112.5	1.04729	317.5	1.04986	
113	1.0473	318	1.04986	
113.5	1.04731	318.5	1.04987	
114	1.04732	319	1.04987	
114.5	1.04733	319.5	1.04988	
115	1.04733	320	1.04988	
115.5	1.04734	320.5	1.04988	
116	1.04735	321	1.04989	
116.5	1.04736	321.5	1.04989	
117	1.04737	322	1.0499	
117.5	1.04737	322.5	1.0499	
118	1.04738	323	1.04991	
118.5	1.04739	323.5	1.04991	
119	1.0474	324	1.04991	
119.5	1.04741	324.5	1.04992	
120	1.04741	325	1.04992	
120.5	1.04742	325.5	1.04993	
121	1.04743	326	1.04993	
121.5	1.04744	326.5	1.04994	
122	1.04745	327	1.04994	
122.5	1.04745	327.5	1.04994	
123	1.04746	328	1.04995	
123.5	1.04747	328.5	1.04995	
124	1.04748	329	1.04996	
124.5	1.04749	329.5	1.04996	
125	1.04749	330	1.04997	
125.5	1.0475	330.5	1.04997	
126	1.04751	331	1.04997	
126.5	1.04752	331.5	1.04998	
127	1.04753	332	1.04998	
127.5	1.04753	332.5	1.04999	
128	1.04754	333	1.04999	
128.5	1.04755	333.5	1.05	
129	1.04756	334	1.05	
129.5	1.04757	334.5	1.05	
130	1.04757	335	1.05001	
130.5	1.04758	335.5	1.05001	
131	1.04759	336	1.05002	
131.5	1.0476	336.5	1.05002	
132	1.04761	337	1.05002	
132.5	1.04761	337.5	1.05003	
133	1.04762	338	1.05003	
133.5	1.04763	338.5	1.05004	
134	1.04764	339	1.05004	
134.5	1.04765	339.5	1.05004	
135	1.04765	340	1.05005	
135.5	1.04766	340.5	1.05005	
136	1.04767	341	1.05006	
136.5	1.04768	341.5	1.05006	
137	1.04768	342	1.05007	
137.5	1.04769	342.5	1.05007	
138	1.0477	343	1.05007	
138.5	1.04771	343.5	1.05008	
139	1.04772	344	1.05008	
139.5	1.04772	344.5	1.05009	
140	1.04773	345	1.05009	
140.5	1.04774	345.5	1.05009	
141	1.04775	346	1.0501	
141.5	1.04776	346.5	1.0501	
142	1.04776	347	1.0501	
142.5	1.04777	347.5	1.05011	
143	1.04778	348	1.05011	
143.5	1.04779	348.5	1.05012	
144	1.04779	349	1.05012	
144.5	1.0478	349.5	1.05012	
145	1.04781	350	1.05013	
145.5	1.04782	350.5	1.05013	
146	1.04783	351	1.05014	
146.5	1.04783	351.5	1.05014	
147	1.04784	352	1.05014	
147.5	1.04785	352.5	1.05015	
148	1.04786	353	1.05015	
148.5	1.04786	353.5	1.05016	
149	1.04787	354	1.05016	
149.5	1.04788	354.5	1.05016	
150	1.04789	355	1.05017	
150.5	1.0479	355.5	1.05017	
151	1.0479	356	1.05017	
151.5	1.04791	356.5	1.05018	
152	1.04792	357	1.05018	
152.5	1.04793	357.5	1.05019	
153	1.04793	358	1.05019	
153.5	1.04794	358.5	1.05019	
154	1.04795	359	1.0502	
154.5	1.04796	359.5	1.0502	
155	1.04796	360	1.0502	
155.5	1.04797	360.5	1.05021	
156	1.04798	361	1.05021	
156.5	1.04799	361.5	1.05021	
157	1.04799	362	1.05022	
157.5	1.048	362.5	1.05022	
158	1.04801	363	1.05023	
158.5	1.04802	363.5	1.05023	
159	1.04802	364	1.05023	
159.5	1.04803	364.5	1.05024	
160	1.04804	365	1.05024	
160.5	1.04805	365.5	1.05024	
161	1.04805	366	1.05025	
161.5	1.04806	366.5	1.05025	
162	1.04807	367	1.05025	
162.5	1.04808	367.5	1.05026	
163	1.04808	368	1.05026	
163.5	1.04809	368.5	1.05026	
164	1.0481	369	1.05027	
164.5	1.04811	369.5	1.05027	
165	1.04811	370	1.05028	
165.5	1.04812	370.5	1.05028	
166	1.04813	371	1.05028	
166.5	1.04814	371.5	1.05029	
167	1.04814	372	1.05029	
167.5	1.04815	372.5	1.05029	
168	1.04816	373	1.0503	
168.5	1.04817	373.5	1.0503	
169	1.04817	374	1.0503	
169.5	1.04818	374.5	1.05031	
170	1.04819	375	1.05031	
170.5	1.04819	375.5	1.05031	
171	1.0482	376	1.05032	
171.5	1.04821	376.5	1.05032	
172	1.04822	377	1.05032	
172.5	1.04822	377.5	1.05033	
173	1.04823	378	1.05033	
173.5	1.04824	378.5	1.05033	
174	1.04824	379	1.05034	
174.5	1.04825	379.5	1.05034	
175	1.04826	380	1.05034	
175.5	1.04827	380.5	1.05035	
176	1.04827	381	1.05035	
176.5	1.04828	381.5	1.05035	
177	1.04829	382	1.05036	
177.5	1.04829	382.5	1.05036	
178	1.0483	383	1.05036	
178.5	1.04831	383.5	1.05036	
179	1.04832	384	1.05037	
179.5	1.04832	384.5	1.05037	
180	1.04833	385	1.05037	
180.5	1.04834	385.5	1.05038	
181	1.04834	386	1.05038	
181.5	1.04835	386.5	1.05038	
182	1.04836	387	1.05039	
182.5	1.04836	387.5	1.05039	
183	1.04837	388	1.05039	
183.5	1.04838	388.5	1.0504	
184	1.04839	389	1.0504	
184.5	1.04839	389.5	1.0504	
185	1.0484	390	1.05041	
185.5	1.04841	390.5	1.05041	
186	1.04841	391	1.05041	
186.5	1.04842	391.5	1.05041	
187	1.04843	392	1.05042	
187.5	1.04843	392.5	1.05042	
188	1.04844	393	1.05042	
188.5	1.04845	393.5	1.05043	
189	1.04845	394	1.05043	
189.5	1.04846	394.5	1.05043	
190	1.04847	395	1.05043	
190.5	1.04847	395.5	1.05044	
191	1.04848	396	1.05044	
191.5	1.04849	396.5	1.05044	
192	1.04849	397	1.05045	
192.5	1.0485	397.5	1.05045	
193	1.04851	398	1.05045	
193.5	1.04851	398.5	1.05046	
194	1.04852	399	1.05046	
194.5	1.04853	399.5	1.05046	
195	1.04853	400	1.05046	
195.5	1.04854	400.5	1.05047	
196	1.04855	401	1.05047	
196.5	1.04855	401.5	1.05047	
197	1.04856	402	1.05047	
197.5	1.04857	402.5	1.05048	
198	1.04857	403	1.05048	
198.5	1.04858	403.5	1.05048	
199	1.04859	404	1.05049	
199.5	1.04859	404.5	1.05049	
200	1.0486	405	1.05049	
200.5	1.04861	405.5	1.05049	
201	1.04861	406	1.0505	
201.5	1.04862	406.5	1.0505	
202	1.04863	407	1.0505	
202.5	1.04863	407.5	1.0505	
203	1.04864	408	1.05051	
203.5	1.04865	408.5	1.05051	
204	1.04865	409	1.05051	
204.5	1.04866	409.5	1.05051	
205	1.04866	410	1.05052	
205.5	1.04867	410.5	1.05052	
206	1.04868	411	1.05052	
206.5	1.04868	411.5	1.05053	
207	1.04869	412	1.05053	
207.5	1.0487	412.5	1.05053	
208	1.0487	413	1.05053	
208.5	1.04871	413.5	1.05054	
209	1.04872	414	1.05054	
209.5	1.04872	414.5	1.05054	
210	1.04873	415	1.05054	
210.5	1.04873	415.5	1.05055	
211	1.04874	416	1.05055	
211.5	1.04875	416.5	1.05055	
212	1.04875	417	1.05055	
212.5	1.04876	417.5	1.05055	
213	1.04876	418	1.05056	
213.5	1.04877	418.5	1.05056	
214	1.04878	419	1.05056	
214.5	1.04878	419.5	1.05056	
215	1.04879	420	1.05057	
215.5	1.0488	420.5	1.05057	
216	1.0488	421	1.05057	
216.5	1.04881	421.5	1.05057	
217	1.04881	422	1.05058	
217.5	1.04882	422.5	1.05058	
218	1.04883	423	1.05058	
218.5	1.04883	423.5	1.05058	
219	1.04884	424	1.05059	
219.5	1.04884	424.5	1.05059	
220	1.04885	425	1.05059	
220.5	1.04886	425.5	1.05059	
221	1.04886	426	1.05059	
221.5	1.04887	426.5	1.0506	
222	1.04887	427	1.0506	
222.5	1.04888	427.5	1.0506	
223	1.04889	428	1.0506	
223.5	1.04889	428.5	1.05061	
224	1.0489	429	1.05061	
224.5	1.0489	429.5	1.05061	
225	1.04891	430	1.05061	
225.5	1.04892	430.5	1.05061	
226	1.04892	431	1.05062	
226.5	1.04893	431.5	1.05062	
227	1.04893	432	1.05062	
227.5	1.04894	432.5	1.05062	
228	1.04895	433	1.05062	
228.5	1.04895	433.5	1.05063	
229	1.04896	434	1.05063	
229.5	1.04896	434.5	1.05063	
230	1.04897	435	1.05063	
230.5	1.04897	435.5	1.05063	
231	1.04898	436	1.05064	
231.5	1.04899	436.5	1.05064	
232	1.04899	437	1.05064	
232.5	1.049	437.5	1.05064	
233	1.049	438	1.05065	
233.5	1.04901	438.5	1.05065	
234	1.04901	439	1.05065	
234.5	1.04902	439.5	1.05065	
235	1.04903	440	1.05065	
235.5	1.04903	440.5	1.05065	
236	1.04904	441	1.05066	
236.5	1.04904	441.5	1.05066	
237	1.04905	442	1.05066	
237.5	1.04905	442.5	1.05066	
238	1.04906	443	1.05066	
238.5	1.04907	443.5	1.05067	
239	1.04907	444	1.05067	
239.5	1.04908	444.5	1.05067	
240	1.04908	445	1.05067	
240.5	1.04909	445.5	1.05067	
241	1.04909	446	1.05068	
241.5	1.0491	446.5	1.05068	
242	1.0491	447	1.05068	
242.5	1.04911	447.5	1.05068	
243	1.04912	448	1.05068	
243.5	1.04912	448.5	1.05069	
244	1.04913	449	1.05069	
244.5	1.04913	449.5	1.05069	
245	1.04914	450	1.05069	
245.5	1.04914	450.5	1.05069	
246	1.04915	451	1.05069	
246.5	1.04915	451.5	1.0507	
247	1.04916	452	1.0507	
247.5	1.04917	452.5	1.0507	
248	1.04917	453	1.0507	
248.5	1.04918	453.5	1.0507	
249	1.04918	454	1.0507	
249.5	1.04919	454.5	1.05071	
250	1.04919	455	1.05071	
250.5	1.0492	455.5	1.05071	
251	1.0492	456	1.05071	
251.5	1.04921	456.5	1.05071	
252	1.04921	457	1.05071	
252.5	1.04922	457.5	1.05072	
253	1.04923	458	1.05072	
253.5	1.04923	458.5	1.05072	
254	1.04924	459	1.05072	
254.5	1.04924	459.5	1.05072	
255	1.04925	460	1.05072	
255.5	1.04925	460.5	1.05073	
256	1.04926	461	1.05073	
256.5	1.04926	461.5	1.05073	
257	1.04927	462	1.05073	
257.5	1.04927	462.5	1.05073	
258	1.04928	463	1.05073	
258.5	1.04928	463.5	1.05074	
259	1.04929	464	1.05074	
259.5	1.04929	464.5	1.05074	
260	1.0493	465	1.05074	
260.5	1.0493	465.5	1.05074	
261	1.04931	466	1.05074	
261.5	1.04932	466.5	1.05075	
262	1.04932	467	1.05075	
262.5	1.04933	467.5	1.05075	
263	1.04933	468	1.05075	
263.5	1.04934	468.5	1.05075	
264	1.04934	469	1.05075	
264.5	1.04935	469.5	1.05075	
265	1.04935	470	1.05076	
265.5	1.04936	470.5	1.05076	
266	1.04936	471	1.05076	
266.5	1.04937	471.5	1.05076	
267	1.04937	472	1.05076	
267.5	1.04938	472.5	1.05076	
268	1.04938	473	1.05077	
268.5	1.04939	473.5	1.05077	
269	1.04939	474	1.05077	
269.5	1.0494	474.5	1.05077	
270	1.0494	475	1.05077	
270.5	1.04941	475.5	1.05077	
271	1.04941	476	1.05077	
271.5	1.04942	476.5	1.05078	
272	1.04942	477	1.05078	
272.5	1.04943	477.5	1.05078	
273	1.04943	478	1.05078	
273.5	1.04944	478.5	1.05078	
274	1.04944	479	1.05078	
274.5	1.04945	479.5	1.05078	
275	1.04945	480	1.05079	
275.5	1.04946	480.5	1.05079	
276	1.04946	481	1.05079	
276.5	1.04947	481.5	1.05079	
277	1.04947	482	1.05079	
277.5	1.04948	482.5	1.05079	
278	1.04948	483	1.05079	
278.5	1.04949	483.5	1.0508	
279	1.04949	484	1.0508	
279.5	1.0495	484.5	1.0508	
280	1.0495	485	1.0508	
280.5	1.04951	485.5	1.0508	
281	1.04951	486	1.0508	
281.5	1.04952	486.5	1.0508	
282	1.04952	487	1.05081	
282.5	1.04953	487.5	1.05081	
283	1.04953	488	1.05081	
283.5	1.04954	488.5	1.05081	
284	1.04954	489	1.05081	
284.5	1.04955	489.5	1.05081	
285	1.04955	490	1.05081	
285.5	1.04956	490.5	1.05082	
286	1.04956	491	1.05082	
286.5	1.04957	491.5	1.05082	
287	1.04957	492	1.05082	
287.5	1.04958	492.5	1.05082	
288	1.04958	493	1.05082	
288.5	1.04959	493.5	1.05082	
289	1.04959	494	1.05082	
289.5	1.0496	494.5	1.05083	
290	1.0496	495	1.05083	
290.5	1.04961	495.5	1.05083	
291	1.04961	496	1.05083	
291.5	1.04962	496.5	1.05083	
292	1.04962	497	1.05083	
292.5	1.04962	497.5	1.05083	
293	1.04963	498	1.05084	
293.5	1.04963	498.5	1.05084	
294	1.04964	499	1.05084	
294.5	1.04964	499.5	1.05084	
295	1.04965	500	1.05084	
295.5	1.04965	500.5	1.05084	
296	1.04966	501	1.05084	
296.5	1.04966	501.5	1.05084	
297	1.04967	502	1.05085	
297.5	1.04967	502.5	1.05085	
298	1.04968	503	1.05085	
298.5	1.04968	503.5	1.05085	
299	1.04969	504	1.05085	
299.5	1.04969	504.5	1.05085	
300	1.0497	505	1.05085	
300.5	1.0497	505.5	1.05086	
301	1.0497	506	1.05086	
301.5	1.04971	506.5	1.05086	
302	1.04971	507	1.05086	
302.5	1.04972	507.5	1.05086	
303	1.04972	508	1.05086	
303.5	1.04973	508.5	1.05086	
304	1.04973	509	1.05087	
304.5	1.04974	509.5	1.05087	
305	1.04974	510	1.05087	
305.5	1.04975	510.5	1.05087	
306	1.04975	511	1.05087	
306.5	1.04976	511.5	1.05087	
307	1.04976	512	1.05087	
307.5	1.04976	512.5	1.05088	
308	1.04977	513	1.05088	
308.5	1.04977	513.5	1.05088	
309	1.04978	514	1.05088	
309.5	1.04978	514.5	1.05088	
310	1.04979	515	1.05088	
310.5	1.04979	515.5	1.05088	
311	1.0498	516	1.05088	
311.5	1.0498	516.5	1.05089	
312	1.04981	517	1.05089	
312.5	1.04981	517.5	1.05089	
313	1.04981	518	1.05089	
313.5	1.04982	518.5	1.05089	
314	1.04982	519	1.05089	
314.5	1.04983	519.5	1.05089	
315	1.04983	520	1.0509	
315.5	1.04984	520.5	1.0509	
316	1.04984	521	1.0509	
316.5	1.04985	521.5	1.0509	
317	1.04985	522	1.0509	
317.5	1.04985	522.5	1.0509	
318	1.04986	523	1.05091	
318.5	1.04986	523.5	1.05091	
319	1.04987	524	1.05091	
319.5	1.04987	524.5	1.05091	
320	1.04988	525	1.05091	
320.5	1.04988	525.5	1.05091	
321	1.04988	526	1.05091	
321.5	1.04989	526.5	1.05092	
322	1.04989	527	1.05092	
322.5	1.0499	527.5	1.05092	
323	1.0499	528	1.05092	
323.5	1.04991	528.5	1.05092	
324	1.04991	529	1.05092	
324.5	1.04992	529.5	1.05093	
325	1.04992	530	1.05093	
325.5	1.04992	530.5	1.05093	
326	1.04993	531	1.05093	
326.5	1.04993	531.5	1.05093	
327	1.04994	532	1.05093	
327.5	1.04994	532.5	1.05093	
328	1.04995	533	1.05094	
328.5	1.04995	533.5	1.05094	
329	1.04995	534	1.05094	
329.5	1.04996	534.5	1.05094	
330	1.04996	535	1.05094	
330.5	1.04997	535.5	1.05094	
331	1.04997	536	1.05095	
331.5	1.04997	536.5	1.05095	
332	1.04998	537	1.05095	
332.5	1.04998	537.5	1.05095	
333	1.04999	538	1.05095	
333.5	1.04999	538.5	1.05095	
334	1.05	539	1.05096	
334.5	1.05	539.5	1.05096	
335	1.05	540	1.05096	
335.5	1.05001	540.5	1.05096	
336	1.05001	541	1.05096	
336.5	1.05002	541.5	1.05097	
337	1.05002	542	1.05097	
337.5	1.05002	542.5	1.05097	
338	1.05003	543	1.05097	
338.5	1.05003	543.5	1.05097	
339	1.05004	544	1.05097	
339.5	1.05004	544.5	1.05098	
340	1.05004	545	1.05098	
340.5	1.05005	545.5	1.05098	
341	1.05005	546	1.05098	
341.5	1.05006	546.5	1.05098	
342	1.05006	547	1.05099	
342.5	1.05006	547.5	1.05099	
343	1.05007	548	1.05099	
343.5	1.05007	548.5	1.05099	
344	1.05008	549	1.05099	
344.5	1.05008	549.5	1.051	
345	1.05008	550	1.051	
345.5	1.05009	550.5	1.051	
346	1.05009	551	1.051	
346.5	1.0501	551.5	1.051	
347	1.0501	552	1.05101	
347.5	1.0501	552.5	1.05101	
348	1.05011	553	1.05101	
348.5	1.05011	553.5	1.05101	
349	1.05012	554	1.05101	
349.5	1.05012	554.5	1.05102	
350	1.05012	555	1.05102	
350.5	1.05013	555.5	1.05102	
351	1.05013	556	1.05102	
351.5	1.05014	556.5	1.05103	
352	1.05014	557	1.05103	
352.5	1.05014	557.5	1.05103	
353	1.05015	558	1.05103	
353.5	1.05015	558.5	1.05103	
354	1.05015	559	1.05104	
354.5	1.05016	559.5	1.05104	
355	1.05016	560	1.05104	
355.5	1.05017	560.5	1.05104	
356	1.05017	561	1.05105	
356.5	1.05017	561.5	1.05105	
357	1.05018	562	1.05105	
357.5	1.05018	562.5	1.05105	
358	1.05018	563	1.05106	
358.5	1.05019	563.5	1.05106	
359	1.05019	564	1.05106	
359.5	1.0502	564.5	1.05106	
360	1.0502	565	1.05107	
360.5	1.0502	565.5	1.05107	
361	1.05021	566	1.05107	
361.5	1.05021	566.5	1.05107	
362	1.05021	567	1.05108	
362.5	1.05022	567.5	1.05108	
363	1.05022	568	1.05108	
363.5	1.05022	568.5	1.05108	
364	1.05023	569	1.05109	
364.5	1.05023	569.5	1.05109	
365	1.05023	570	1.05109	
365.5	1.05024	570.5	1.0511	
366	1.05024	571	1.0511	
366.5	1.05025	571.5	1.0511	
367	1.05025	572	1.0511	
367.5	1.05025	572.5	1.05111	
368	1.05026	573	1.05111	
368.5	1.05026	573.5	1.05111	
369	1.05026	574	1.05112	
369.5	1.05027	574.5	1.05112	
370	1.05027	575	1.05112	
370.5	1.05027	575.5	1.05112	
371	1.05028	576	1.05113	
371.5	1.05028	576.5	1.05113	
372	1.05028	577	1.05113	
372.5	1.05029	577.5	1.05114	
373	1.05029	578	1.05114	
373.5	1.05029	578.5	1.05114	
374	1.0503	579	1.05115	
374.5	1.0503	579.5	1.05115	
375	1.0503	580	1.05115	
375.5	1.05031	580.5	1.05116	
376	1.05031	581	1.05116	
376.5	1.05031	581.5	1.05116	
377	1.05032	582	1.05117	
377.5	1.05032	582.5	1.05117	
378	1.05032	583	1.05117	
378.5	1.05033	583.5	1.05118	
379	1.05033	584	1.05118	
379.5	1.05033	584.5	1.05118	
380	1.05034	585	1.05119	
380.5	1.05034	585.5	1.05119	
381	1.05034	586	1.05119	
381.5	1.05035	586.5	1.0512	
382	1.05035	587	1.0512	
382.5	1.05035	587.5	1.0512	
383	1.05036	588	1.05121	
383.5	1.05036	588.5	1.05121	
384	1.05036	589	1.05122	
384.5	1.05037	589.5	1.05122	
385	1.05037	590	1.05122	
385.5	1.05037	590.5	1.05123	
386	1.05038	591	1.05123	
386.5	1.05038	591.5	1.05124	
387	1.05038	592	1.05124	
387.5	1.05038	592.5	1.05124	
388	1.05039	593	1.05125	
388.5	1.05039	593.5	1.05125	
389	1.05039	594	1.05126	
389.5	1.0504	594.5	1.05126	
390	1.0504	595	1.05126	
390.5	1.0504	595.5	1.05127	
391	1.05041	596	1.05127	
391.5	1.05041	596.5	1.05128	
392	1.05041	597	1.05128	
392.5	1.05041	597.5	1.05129	
393	1.05042	598	1.05129	
393.5	1.05042	598.5	1.05129	
394	1.05042	599	1.0513	
394.5	1.05043	599.5	1.0513	
395	1.05043	600	1.05131	
395.5	1.05043	600.5	1.05131	
396	1.05044	601	1.05132	
396.5	1.05044	601.5	1.05132	
397	1.05044	602	1.05133	
397.5	1.05044	602.5	1.05133	
398	1.05045	603	1.05134	
398.5	1.05045	603.5	1.05134	
399	1.05045	604	1.05134	
399.5	1.05046	604.5	1.05135	
400	1.05046	605	1.05135	
400.5	1.05046	605.5	1.05136	
401	1.05046	606	1.05136	
401.5	1.05047	606.5	1.05137	
402	1.05047	607	1.05137	
402.5	1.05047	607.5	1.05138	
403	1.05047	608	1.05138	
403.5	1.05048	608.5	1.05139	
404	1.05048	609	1.0514	
404.5	1.05048	609.5	1.0514	
405	1.05049	610	1.05141	
405.5	1.05049	610.5	1.05141	
406	1.05049	611	1.05142	
406.5	1.05049	611.5	1.05142	
407	1.0505	612	1.05143	
407.5	1.0505	612.5	1.05143	
408	1.0505	613	1.05144	
408.5	1.0505	613.5	1.05144	
409	1.05051	614	1.05145	
409.5	1.05051	614.5	1.05146	
410	1.05051	615	1.05146	
410.5	1.05051	615.5	1.05147	
411	1.05052	616	1.05147	
411.5	1.05052	616.5	1.05148	
412	1.05052	617	1.05148	
412.5	1.05052	617.5	1.05149	
413	1.05053	618	1.0515	
413.5	1.05053	618.5	1.0515	
414	1.05053	619	1.05151	
414.5	1.05053	619.5	1.05151	
415	1.05054	620	1.05152	
415.5	1.05054	620.5	1.05153	
416	1.05054	621	1.05153	
416.5	1.05054	621.5	1.05154	
417	1.05055	622	1.05155	
417.5	1.05055	622.5	1.05155	
418	1.05055	623	1.05156	
418.5	1.05055	623.5	1.05157	
419	1.05056	624	1.05157	
419.5	1.05056	624.5	1.05158	
420	1.05056	625	1.05158	
420.5	1.05056	625.5	1.05159	
421	1.05057	626	1.0516	
421.5	1.05057	626.5	1.0516	
422	1.05057	627	1.05161	
422.5	1.05057	627.5	1.05162	
423	1.05058	628	1.05163	
423.5	1.05058	628.5	1.05163	
424	1.05058	629	1.05164	
424.5	1.05058	629.5	1.05165	
425	1.05058	630	1.05165	
425.5	1.05059	630.5	1.05166	
426	1.05059	631	1.05167	
426.5	1.05059	631.5	1.05168	
427	1.05059	632	1.05168	
427.5	1.0506	632.5	1.05169	
428	1.0506	633	1.0517	
428.5	1.0506	633.5	1.0517	
429	1.0506	634	1.05171	
429.5	1.0506	634.5	1.05172	
430	1.05061	635	1.05173	
430.5	1.05061	635.5	1.05174	
431	1.05061	636	1.05174	
431.5	1.05061	636.5	1.05175	
432	1.05062	637	1.05176	
432.5	1.05062	637.5	1.05177	
433	1.05062	638	1.05177	
433.5	1.05062	638.5	1.05178	
434	1.05062	639	1.05179	
434.5	1.05063	639.5	1.0518	
435	1.05063	640	1.05181	
435.5	1.05063	640.5	1.05181	
436	1.05063	641	1.05182	
436.5	1.05063	641.5	1.05183	
437	1.05064	642	1.05184	
437.5	1.05064	642.5	1.05185	
438	1.05064	643	1.05186	
438.5	1.05064	643.5	1.05186	
439	1.05064	644	1.05187	
439.5	1.05065	644.5	1.05188	
440	1.05065	645	1.05189	
440.5	1.05065	645.5	1.0519	
441	1.05065	646	1.05191	
441.5	1.05065	646.5	1.05192	
442	1.05066	647	1.05192	
442.5	1.05066	647.5	1.05193	
443	1.05066	648	1.05194	
443.5	1.05066	648.5	1.05195	
444	1.05066	649	1.05196	
444.5	1.05067	649.5	1.05197	
445	1.05067	650	1.05198	
445.5	1.05067	650.5	1.05199	
446	1.05067	651	1.052	
446.5	1.05067	651.5	1.05201	
447	1.05068	652	1.05202	
447.5	1.05068	652.5	1.05203	
448	1.05068	653	1.05203	
448.5	1.05068	653.5	1.05204	
449	1.05068	654	1.05205	
449.5	1.05068	654.5	1.05206	
450	1.05069	655	1.05207	
450.5	1.05069	655.5	1.05208	
451	1.05069	656	1.05209	
451.5	1.05069	656.5	1.0521	
452	1.05069	657	1.05211	
452.5	1.0507	657.5	1.05212	
453	1.0507	658	1.05213	
453.5	1.0507	658.5	1.05214	
454	1.0507	659	1.05215	
454.5	1.0507	659.5	1.05216	
455	1.0507	660	1.05217	
455.5	1.05071	660.5	1.05218	
456	1.05071	661	1.05219	
456.5	1.05071	661.5	1.0522	
457	1.05071	662	1.05221	
457.5	1.05071	662.5	1.05222	
458	1.05071	663	1.05223	
458.5	1.05072	663.5	1.05224	
459	1.05072	664	1.05225	
459.5	1.05072	664.5	1.05226	
460	1.05072	665	1.05227	
460.5	1.05072	665.5	1.05229	
461	1.05072	666	1.0523	
461.5	1.05073	666.5	1.05231	
462	1.05073	667	1.05232	
462.5	1.05073	667.5	1.05233	
463	1.05073	668	1.05234	
463.5	1.05073	668.5	1.05235	
464	1.05073	669	1.05236	
464.5	1.05074	669.5	1.05237	
465	1.05074	670	1.05238	
465.5	1.05074	670.5	1.05239	
466	1.05074	671	1.0524	
466.5	1.05074	671.5	1.05242	
467	1.05074	672	1.05243	
467.5	1.05075	672.5	1.05244	
468	1.05075	673	1.05245	
468.5	1.05075	673.5	1.05246	
469	1.05075	674	1.05247	
469.5	1.05075	674.5	1.05248	
470	1.05075	675	1.05249	
470.5	1.05076	675.5	1.05251	
471	1.05076	676	1.05252	
471.5	1.05076	676.5	1.05253	
472	1.05076	677	1.05254	
472.5	1.05076	677.5	1.05255	
473	1.05076	678	1.05256	
473.5	1.05076	678.5	1.05257	
474	1.05077	679	1.05259	
474.5	1.05077	679.5	1.0526	
475	1.05077	680	1.05261	
475.5	1.05077	680.5	1.05262	
476	1.05077	681	1.05263	
476.5	1.05077	681.5	1.05264	
477	1.05078	682	1.05266	
477.5	1.05078	682.5	1.05267	
478	1.05078	683	1.05268	
478.5	1.05078	683.5	1.05269	
479	1.05078	684	1.0527	
479.5	1.05078	684.5	1.05271	
480	1.05078	685	1.05273	
480.5	1.05079	685.5	1.05274	
481	1.05079	686	1.05275	
481.5	1.05079	686.5	1.05276	
482	1.05079	687	1.05277	
482.5	1.05079	687.5	1.05279	
483	1.05079	688	1.0528	
483.5	1.05079	688.5	1.05281	
484	1.0508	689	1.05282	
484.5	1.0508	689.5	1.05283	
485	1.0508	690	1.05285	
485.5	1.0508	690.5	1.05286	
486	1.0508	691	1.05287	
486.5	1.0508	691.5	1.05288	
487	1.0508	692	1.05289	
487.5	1.05081	692.5	1.05291	
488	1.05081	693	1.05292	
488.5	1.05081	693.5	1.05293	
489	1.05081	694	1.05294	
489.5	1.05081	694.5	1.05295	
490	1.05081	695	1.05297	
490.5	1.05081	695.5	1.05298	
491	1.05082	696	1.05299	
491.5	1.05082	696.5	1.053	
492	1.05082	697	1.05301	
492.5	1.05082	697.5	1.05302	
493	1.05082	698	1.05304	
493.5	1.05082	698.5	1.05305	
494	1.05082	699	1.05306	
494.5	1.05083	699.5	1.05307	
495	1.05083	700	1.05308	
495.5	1.05083	700.5	1.0531	
496	1.05083	701	1.05311	
496.5	1.05083	701.5	1.05312	
497	1.05083	702	1.05313	
497.5	1.05083	702.5	1.05314	
498	1.05084	703	1.05315	
498.5	1.05084	703.5	1.05317	
499	1.05084	704	1.05318	
499.5	1.05084	704.5	1.05319	
500	1.05084	705	1.0532	
500.5	1.05084	705.5	1.05321	
501	1.05084	706	1.05322	
501.5	1.05085	706.5	1.05324	
502	1.05085	707	1.05325	
502.5	1.05085	707.5	1.05326	
503	1.05085	708	1.05327	
503.5	1.05085	708.5	1.05328	
504	1.05085	709	1.05329	
504.5	1.05085	709.5	1.0533	
505	1.05086	710	1.05331	
505.5	1.05086	710.5	1.05333	
506	1.05086	711	1.05334	
506.5	1.05086	711.5	1.05335	
507	1.05086	712	1.05336	
507.5	1.05086	712.5	1.05337	
508	1.05086	713	1.05338	
508.5	1.05087	713.5	1.05339	
509	1.05087	714	1.0534	
509.5	1.05087	714.5	1.05341	
510	1.05087	715	1.05342	
510.5	1.05087	715.5	1.05343	
511	1.05087	716	1.05344	
511.5	1.05087	716.5	1.05345	
512	1.05088	717	1.05346	
512.5	1.05088	717.5	1.05347	
513	1.05088	718	1.05348	
513.5	1.05088	718.5	1.05349	
514	1.05088	719	1.0535	
514.5	1.05088	719.5	1.05351	
515	1.05088	720	1.05352	
515.5	1.05089	720.5	1.05353	
516	1.05089	721	1.05354	
516.5	1.05089	721.5	1.05355	
517	1.05089	722	1.05356	
517.5	1.05089	722.5	1.05357	
518	1.05089	723	1.05357	
518.5	1.05089	723.5	1.05358	
519	1.0509	724	1.05359	
519.5	1.0509	724.5	1.0536	
520	1.0509	725	1.05361	
520.5	1.0509	725.5	1.05362	
521	1.0509	726	1.05362	
521.5	1.0509	726.5	1.05363	
522	1.05091	727	1.05364	
522.5	1.05091	727.5	1.05365	
523	1.05091	728	1.05365	
523.5	1.05091	728.5	1.05366	
524	1.05091	729	1.05367	
524.5	1.05091	729.5	1.05368	
525	1.05091	730	1.05368	
525.5	1.05092	730.5	1.05369	
526	1.05092	731	1.0537	
526.5	1.05092	731.5	1.0537	
527	1.05092	732	1.05371	
527.5	1.05092	732.5	1.05371	
528	1.05092	733	1.05372	
528.5	1.05093	733.5	1.05372	
529	1.05093	734	1.05373	
529.5	1.05093	734.5	1.05374	
530	1.05093	735	1.05374	
530.5	1.05093	735.5	1.05374	
531	1.05093	736	1.05375	
531.5	1.05094	736.5	1.05375	
532	1.05094	737	1.05376	
532.5	1.05094	737.5	1.05376	
533	1.05094	738	1.05376	
533.5	1.05094	738.5	1.05377	
534	1.05094	739	1.05377	
534.5	1.05095	739.5	1.05377	
535	1.05095	740	1.05378	
535.5	1.05095	740.5	1.05378	
536	1.05095	741	1.05378	
536.5	1.05095	741.5	1.05378	
537	1.05095	742	1.05378	
537.5	1.05096	742.5	1.05379	
538	1.05096	743	1.05379	
538.5	1.05096	743.5	1.05379	
539	1.05096	744	1.05379	
539.5	1.05096	744.5	1.05379	
540	1.05097	745	1.05379	
540.5	1.05097	745.5	1.05379	
541	1.05097	746	1.05379	
541.5	1.05097	746.5	1.05379	
542	1.05097	747	1.05379	
542.5	1.05098	747.5	1.05378	
543	1.05098	748	1.05378	
543.5	1.05098	748.5	1.05378	
544	1.05098	749	1.05378	
544.5	1.05098	749.5	1.05377	
545	1.05098	750	1.05377	
545.5	1.05099	750.5	1.05377	
546	1.05099	751	1.05376	
546.5	1.05099	751.5	1.05376	
547	1.05099	752	1.05375	
547.5	1.05099	752.5	1.05375	
548	1.051	753	1.05374	
548.5	1.051	753.5	1.05374	
549	1.051	754	1.05373	
549.5	1.051	754.5	1.05373	
550	1.05101	755	1.05372	
550.5	1.05101	755.5	1.05371	
551	1.05101	756	1.0537	
551.5	1.05101	756.5	1.0537	
552	1.05101	757	1.05369	
552.5	1.05102	757.5	1.05368	
553	1.05102	758	1.05367	
553.5	1.05102	758.5	1.05366	
554	1.05102	759	1.05365	
554.5	1.05102	759.5	1.05364	
555	1.05103	760	1.05363	
555.5	1.05103	760.5	1.05362	
556	1.05103	761	1.0536	
556.5	1.05103	761.5	1.05359	
557	1.05104	762	1.05358	
557.5	1.05104	762.5	1.05357	
558	1.05104	763	1.05355	
558.5	1.05104	763.5	1.05354	
559	1.05105	764	1.05352	
559.5	1.05105	764.5	1.05351	
560	1.05105	765	1.05349	
560.5	1.05105	765.5	1.05348	
561	1.05106	766	1.05346	
561.5	1.05106	766.5	1.05344	
562	1.05106	767	1.05342	
562.5	1.05106	767.5	1.0534	
563	1.05107	768	1.05339	
563.5	1.05107	768.5	1.05337	
564	1.05107	769	1.05335	
564.5	1.05107	769.5	1.05333	
565	1.05108	770	1.0533	
565.5	1.05108	770.5	1.05328	
566	1.05108	771	1.05326	
566.5	1.05108	771.5	1.05324	
567	1.05109	772	1.05321	
567.5	1.05109	772.5	1.05319	
568	1.05109	773	1.05316	
568.5	1.0511	773.5	1.05314	
569	1.0511	774	1.05311	
569.5	1.0511	774.5	1.05309	
570	1.0511	775	1.05306	
570.5	1.05111	775.5	1.05303	
571	1.05111	776	1.053	
571.5	1.05111	776.5	1.05297	
572	1.05112	777	1.05294	
572.5	1.05112	777.5	1.05291	
573	1.05112	778	1.05288	
573.5	1.05112	778.5	1.05285	
574	1.05113	779	1.05281	
574.5	1.05113	779.5	1.05278	
575	1.05113	780	1.05275	
575.5	1.05114	780.5	1.05271	
576	1.05114	781	1.05268	
576.5	1.05114	781.5	1.05264	
577	1.05115	782	1.0526	
577.5	1.05115	782.5	1.05256	
578	1.05115	783	1.05252	
578.5	1.05116	783.5	1.05248	
579	1.05116	784	1.05244	
579.5	1.05116	784.5	1.0524	
580	1.05117	785	1.05236	
580.5	1.05117	785.5	1.05232	
581	1.05117	786	1.05227	
581.5	1.05118	786.5	1.05223	
582	1.05118	787	1.05218	
582.5	1.05118	787.5	1.05214	
583	1.05119	788	1.05209	
583.5	1.05119	788.5	1.05204	
584	1.05119	789	1.05199	
584.5	1.0512	789.5	1.05195	
585	1.0512	790	1.05189	
585.5	1.0512	790.5	1.05184	
586	1.05121	791	1.05179	
586.5	1.05121	791.5	1.05174	
587	1.05122	792	1.05168	
587.5	1.05122	792.5	1.05163	
588	1.05122	793	1.05157	
588.5	1.05123	793.5	1.05152	
589	1.05123	794	1.05146	
589.5	1.05124	794.5	1.0514	
590	1.05124	795	1.05134	
590.5	1.05124	795.5	1.05128	
591	1.05125	796	1.05122	
591.5	1.05125	796.5	1.05115	
592	1.05126	797	1.05109	
592.5	1.05126	797.5	1.05102	
593	1.05126	798	1.05096	
593.5	1.05127	798.5	1.05089	
594	1.05127	799	1.05082	
594.5	1.05128	799.5	1.05075	
595	1.05128	800	1.05068	
595.5	1.05128	800.5	1.05061	
596	1.05129	801	1.05054	
596.5	1.05129	801.5	1.05046	
597	1.0513	802	1.05039	
597.5	1.0513	802.5	1.05031	
598	1.05131	803	1.05024	
598.5	1.05131	803.5	1.05016	
599	1.05132	804	1.05008	
599.5	1.05132	804.5	1.05	
600	1.05133	805	1.04992	
600.5	1.05133	805.5	1.04983	
601	1.05133	806	1.04975	
601.5	1.05134	806.5	1.04967	
602	1.05134	807	1.04958	
602.5	1.05135	807.5	1.04949	
603	1.05135	808	1.0494	
603.5	1.05136	808.5	1.04931	
604	1.05136	809	1.04922	
604.5	1.05137	809.5	1.04913	
605	1.05137	810	1.04903	
605.5	1.05138	810.5	1.04894	
606	1.05138	811	1.04884	
606.5	1.05139	811.5	1.04874	
607	1.05139	812	1.04865	
607.5	1.0514	812.5	1.04854	
608	1.0514	813	1.04844	
608.5	1.05141	813.5	1.04834	
609	1.05142	814	1.04823	
609.5	1.05142	814.5	1.04813	
610	1.05143	815	1.04802	
610.5	1.05143	815.5	1.04791	
611	1.05144	816	1.0478	
611.5	1.05144	816.5	1.04769	
612	1.05145	817	1.04758	
612.5	1.05145	817.5	1.04746	
613	1.05146	818	1.04735	
613.5	1.05146	818.5	1.04723	
614	1.05147	819	1.04711	
614.5	1.05148	819.5	1.04699	
615	1.05148	820	1.04687	
615.5	1.05149	820.5	1.04675	
616	1.05149	821	1.04662	
616.5	1.0515	821.5	1.04649	
617	1.05151	822	1.04637	
617.5	1.05151	822.5	1.04624	
618	1.05152	823	1.04611	
618.5	1.05152	823.5	1.04597	
619	1.05153	824	1.04584	
619.5	1.05154	824.5	1.0457	
620	1.05154	825	1.04556	
620.5	1.05155	825.5	1.04543	
621	1.05156	826	1.04528	
621.5	1.05156	826.5	1.04514	
622	1.05157	827	1.045	
622.5	1.05157	827.5	1.04485	
623	1.05158	828	1.04471	
623.5	1.05159	828.5	1.04456	
624	1.05159	829	1.04441	
624.5	1.0516	829.5	1.04425	
625	1.05161	830	1.0441	
625.5	1.05161	830.5	1.04394	
626	1.05162	831	1.04378	
626.5	1.05163	831.5	1.04362	
627	1.05163	832	1.04346	
627.5	1.05164	832.5	1.0433	
628	1.05165	833	1.04314	
628.5	1.05166	833.5	1.04297	
629	1.05166	834	1.0428	
629.5	1.05167	834.5	1.04263	
630	1.05168	835	1.04246	
630.5	1.05168	835.5	1.04228	
631	1.05169	836	1.04211	
631.5	1.0517	836.5	1.04193	
632	1.05171	837	1.04175	
632.5	1.05171	837.5	1.04157	
633	1.05172	838	1.04138	
633.5	1.05173	838.5	1.0412	
634	1.05174	839	1.04101	
634.5	1.05174	839.5	1.04082	
635	1.05175	840	1.04063	
635.5	1.05176	840.5	1.04044	
636	1.05177	841	1.04024	
636.5	1.05177	841.5	1.04004	
637	1.05178	842	1.03985	
637.5	1.05179	842.5	1.03964	
638	1.0518	843	1.03944	
638.5	1.05181	843.5	1.03923	
639	1.05181	844	1.03903	
639.5	1.05182	844.5	1.03882	
640	1.05183	845	1.03861	
640.5	1.05184	845.5	1.03839	
641	1.05185	846	1.03818	
641.5	1.05185	846.5	1.03796	
642	1.05186	847	1.03774	
642.5	1.05187	847.5	1.03752	
643	1.05188	848	1.03729	
643.5	1.05189	848.5	1.03706	
644	1.0519	849	1.03684	
644.5	1.05191	849.5	1.0366	
645	1.05191	850	1.03637	
645.5	1.05192	850.5	1.03614	
646	1.05193	851	1.0359	
646.5	1.05194	851.5	1.03566	
647	1.05195	852	1.03542	
647.5	1.05196	852.5	1.03517	
648	1.05197	853	1.03492	
648.5	1.05198	853.5	1.03468	
649	1.05198	854	1.03442	
649.5	1.05199	854.5	1.03417	
650	1.052	855	1.03391	
650.5	1.05201	855.5	1.03366	
651	1.05202	856	1.0334	
651.5	1.05203	856.5	1.03313	
652	1.05204	857	1.03287	
652.5	1.05205	857.5	1.0326	
653	1.05206	858	1.03233	
653.5	1.05207	858.5	1.03206	
654	1.05208	859	1.03178	
654.5	1.05209	859.5	1.0315	
655	1.0521	860	1.03122	
655.5	1.0521	860.5	1.03094	
656	1.05211	861	1.03066	
656.5	1.05212	861.5	1.03037	
657	1.05213	862	1.03008	
657.5	1.05214	862.5	1.02979	
658	1.05215	863	1.02949	
658.5	1.05216	863.5	1.02919	
659	1.05217	864	1.02889	
659.5	1.05218	864.5	1.02859	
660	1.05219	865	1.02829	
660.5	1.0522	865.5	1.02798	
661	1.05221	866	1.02767	
661.5	1.05222	866.5	1.02736	
662	1.05223	867	1.02704	
662.5	1.05224	867.5	1.02672	
663	1.05225	868	1.0264	
663.5	1.05226	868.5	1.02608	
664	1.05227	869	1.02575	
664.5	1.05228	869.5	1.02542	
665	1.05229	870	1.02509	
665.5	1.0523	870.5	1.02476	
666	1.05231	871	1.02442	
666.5	1.05233	871.5	1.02408	
667	1.05234	872	1.02374	
667.5	1.05235	872.5	1.0234	
668	1.05236	873	1.02305	
668.5	1.05237	873.5	1.0227	
669	1.05238	874	1.02234	
669.5	1.05239	874.5	1.02199	
670	1.0524	875	1.02163	
670.5	1.05241	875.5	1.02127	
671	1.05242	876	1.0209	
671.5	1.05243	876.5	1.02054	
672	1.05244	877	1.02017	
672.5	1.05245	877.5	1.01979	
673	1.05246	878	1.01942	
673.5	1.05247	878.5	1.01904	
674	1.05249	879	1.01866	
674.5	1.0525	879.5	1.01828	
675	1.05251	880	1.01789	
675.5	1.05252	880.5	1.0175	
676	1.05253	881	1.01711	
676.5	1.05254	881.5	1.01671	
677	1.05255	882	1.01631	
677.5	1.05256	882.5	1.01591	
678	1.05257	883	1.0155	
678.5	1.05259	883.5	1.0151	
679	1.0526	884	1.01469	
679.5	1.05261	884.5	1.01427	
680	1.05262	885	1.01386	
680.5	1.05263	885.5	1.01344	
681	1.05264	886	1.01301	
681.5	1.05265	886.5	1.01259	
682	1.05266	887	1.01216	
682.5	1.05267	887.5	1.01173	
683	1.05269	888	1.01129	
683.5	1.0527	888.5	1.01086	
684	1.05271	889	1.01041	
684.5	1.05272	889.5	1.00997	
685	1.05273	890	1.00952	
685.5	1.05274	890.5	1.00907	
686	1.05275	891	1.00862	
686.5	1.05277	891.5	1.00816	
687	1.05278	892	1.00771	
687.5	1.05279	892.5	1.00724	
688	1.0528	893	1.00678	
688.5	1.05281	893.5	1.00631	
689	1.05282	894	1.00584	
689.5	1.05283	894.5	1.00536	
690	1.05284	895	1.00488	
690.5	1.05286	895.5	1.0044	
691	1.05287	896	1.00392	
691.5	1.05288	896.5	1.00343	
692	1.05289	897	1.00294	
692.5	1.0529	897.5	1.00244	
693	1.05291	898	1.00195	
693.5	1.05292	898.5	1.00145	
694	1.05294	899	1.00094	
694.5	1.05295	899.5	1.00043	
695	1.05296	900	0.999925	
695.5	1.05297	900.5	0.999411	
696	1.05298	901	0.998894	
696.5	1.05299	901.5	0.998374	
697	1.053	902	0.997851	
697.5	1.05301	902.5	0.997324	
698	1.05303	903	0.996794	
698.5	1.05304	903.5	0.996261	
699	1.05305	904	0.995724	
699.5	1.05306	904.5	0.995184	
700	1.05307	905	0.994641	
700.5	1.05308	905.5	0.994095	
701	1.05309	906	0.993545	
701.5	1.0531	906.5	0.992991	
702	1.05311	907	0.992435	
702.5	1.05312	907.5	0.991875	
703	1.05313	908	0.991312	
703.5	1.05315	908.5	0.990745	
704	1.05316	909	0.990175	
704.5	1.05317	909.5	0.989602	
705	1.05318	910	0.989025	
705.5	1.05319	910.5	0.988445	
706	1.0532	911	0.987862	
706.5	1.05321	911.5	0.987275	
707	1.05322	912	0.986685	
707.5	1.05323	912.5	0.986091	
708	1.05324	913	0.985494	
708.5	1.05325	913.5	0.984894	
709	1.05326	914	0.98429	
709.5	1.05327	914.5	0.983683	
710	1.05328	915	0.983072	
710.5	1.05329	915.5	0.982458	
711	1.0533	916	0.98184	
711.5	1.05331	916.5	0.981219	
712	1.05332	917	0.980595	
712.5	1.05333	917.5	0.979967	
713	1.05334	918	0.979336	
713.5	1.05335	918.5	0.978701	
714	1.05336	919	0.978063	
714.5	1.05337	919.5	0.977421	
715	1.05338	920	0.976776	
715.5	1.05338	920.5	0.976127	
716	1.05339	921	0.975475	
716.5	1.0534	921.5	0.97482	
717	1.05341	922	0.974161	
717.5	1.05342	922.5	0.973498	
718	1.05343	923	0.972832	
718.5	1.05344	923.5	0.972163	
719	1.05344	924	0.97149	
719.5	1.05345	924.5	0.970813	
720	1.05346	925	0.970133	
720.5	1.05347	925.5	0.96945	
721	1.05348	926	0.968763	
721.5	1.05348	926.5	0.968072	
722	1.05349	927	0.967378	
722.5	1.0535	927.5	0.966681	
723	1.05351	928	0.96598	
723.5	1.05351	928.5	0.965276	
724	1.05352	929	0.964568	
724.5	1.05353	929.5	0.963856	
725	1.05353	930	0.963141	
725.5	1.05354	930.5	0.962423	
726	1.05355	931	0.961701	
726.5	1.05355	931.5	0.960976	
727	1.05356	932	0.960247	
727.5	1.05357	932.5	0.959514	
728	1.05357	933	0.958778	
728.5	1.05358	933.5	0.958039	
729	1.05358	934	0.957296	
729.5	1.05359	934.5	0.956549	
730	1.05359	935	0.955799	
730.5	1.0536	935.5	0.955046	
731	1.0536	936	0.954288	
731.5	1.05361	936.5	0.953528	
732	1.05361	937	0.952764	
732.5	1.05361	937.5	0.951996	
733	1.05362	938	0.951225	
733.5	1.05362	938.5	0.950451	
734	1.05363	939	0.949673	
734.5	1.05363	939.5	0.948891	
735	1.05363	940	0.948106	
735.5	1.05363	940.5	0.947317	
736	1.05364	941	0.946525	
736.5	1.05364	941.5	0.94573	
737	1.05364	942	0.94493	
737.5	1.05364	942.5	0.944128	
738	1.05364	943	0.943322	
738.5	1.05365	943.5	0.942512	
739	1.05365	944	0.941699	
739.5	1.05365	944.5	0.940883	
740	1.05365	945	0.940063	
740.5	1.05365	945.5	0.939239	
741	1.05365	946	0.938412	
741.5	1.05365	946.5	0.937582	
742	1.05365	947	0.936748	
742.5	1.05365	947.5	0.935911	
743	1.05364	948	0.93507	
743.5	1.05364	948.5	0.934225	
744	1.05364	949	0.933378	
744.5	1.05364	949.5	0.932527	
745	1.05364	950	0.931672	
745.5	1.05363	950.5	0.930814	
746	1.05363	951	0.929952	
746.5	1.05363	951.5	0.929087	
747	1.05362	952	0.928219	
747.5	1.05362	952.5	0.927347	
748	1.05362	953	0.926472	
748.5	1.05361	953.5	0.925593	
749	1.05361	954	0.924711	
749.5	1.0536	954.5	0.923826	
750	1.0536	955	0.922937	
750.5	1.05359	955.5	0.922045	
751	1.05358	956	0.921149	
751.5	1.05358	956.5	0.92025	
752	1.05357	957	0.919348	
752.5	1.05356	957.5	0.918442	
753	1.05355	958	0.917533	
753.5	1.05354	958.5	0.91662	
754	1.05354	959	0.915704	
754.5	1.05353	959.5	0.914785	
755	1.05352	960	0.913863	
755.5	1.05351	960.5	0.912937	
756	1.0535	961	0.912008	
756.5	1.05349	961.5	0.911075	
757	1.05347	962	0.910139	
757.5	1.05346	962.5	0.9092	
758	1.05345	963	0.908258	
758.5	1.05344	963.5	0.907312	
759	1.05342	964	0.906363	
759.5	1.05341	964.5	0.905411	
760	1.0534	965	0.904455	
760.5	1.05338	965.5	0.903496	
761	1.05337	966	0.902534	
761.5	1.05335	966.5	0.901569	
762	1.05334	967	0.9006	
762.5	1.05332	967.5	0.899628	
763	1.0533	968	0.898653	
763.5	1.05329	968.5	0.897675	
764	1.05327	969	0.896694	
764.5	1.05325	969.5	0.895709	
765	1.05323	970	0.894721	
765.5	1.05321	970.5	0.89373	
766	1.05319	971	0.892736	
766.5	1.05317	971.5	0.891739	
767	1.05315	972	0.890738	
767.5	1.05313	972.5	0.889735	
768	1.0531	973	0.888728	
768.5	1.05308	973.5	0.887718	
769	1.05306	974	0.886705	
769.5	1.05303	974.5	0.885689	
770	1.05301	975	0.88467	
770.5	1.05298	975.5	0.883648	
771	1.05296	976	0.882622	
771.5	1.05293	976.5	0.881594	
772	1.0529	977	0.880563	
772.5	1.05288	977.5	0.879528	
773	1.05285	978	0.878491	
773.5	1.05282	978.5	0.87745	
774	1.05279	979	0.876407	
774.5	1.05276	979.5	0.87536	
775	1.05273	980	0.874311	
775.5	1.0527	980.5	0.873258	
776	1.05266	981	0.872203	
776.5	1.05263	981.5	0.871145	
777	1.0526	982	0.870083	
777.5	1.05256	982.5	0.869019	
778	1.05253	983	0.867952	
778.5	1.05249	983.5	0.866882	
779	1.05245	984	0.865809	
779.5	1.05242	984.5	0.864733	
780	1.05238	985	0.863655	
780.5	1.05234	985.5	0.862573	
781	1.0523	986	0.861489	
781.5	1.05226	986.5	0.860402	
782	1.05222	987	0.859312	
782.5	1.05217	987.5	0.858219	
783	1.05213	988	0.857123	
783.5	1.05209	988.5	0.856025	
784	1.05204	989	0.854924	
784.5	1.052	989.5	0.85382	
785	1.05195	990	0.852713	
785.5	1.0519	990.5	0.851604	
786	1.05186	991	0.850492	
786.5	1.05181	991.5	0.849377	
787	1.05176	992	0.84826	
787.5	1.05171	992.5	0.84714	
788	1.05166	993	0.846017	
788.5	1.0516	993.5	0.844891	
789	1.05155	994	0.843763	
789.5	1.0515	994.5	0.842633	
790	1.05144	995	0.8415	
790.5	1.05139	995.5	0.840364	
791	1.05133	996	0.839225	
791.5	1.05127	996.5	0.838084	
792	1.05121	997	0.836941	
792.5	1.05115	997.5	0.835795	
793	1.05109	998	0.834646	
793.5	1.05103	998.5	0.833495	
794	1.05097	999	0.832342	
794.5	1.05091	999.5	0.831186	
795	1.05084	1000	0.830027	
795.5	1.05078			
796	1.05071			
796.5	1.05064			
797	1.05057			
797.5	1.0505			
798	1.05043			
798.5	1.05036			
799	1.05029			
799.5	1.05021			
800	1.05014			
800.5	1.05006			
801	1.04998			
801.5	1.04991			
802	1.04983			
802.5	1.04975			
803	1.04966			
803.5	1.04958			
804	1.0495			
804.5	1.04941			
805	1.04932			
805.5	1.04924			
806	1.04915			
806.5	1.04906			
807	1.04897			
807.5	1.04887			
808	1.04878			
808.5	1.04868			
809	1.04859			
809.5	1.04849			
810	1.04839			
810.5	1.04829			
811	1.04819			
811.5	1.04808			
812	1.04798			
812.5	1.04787			
813	1.04777			
813.5	1.04766			
814	1.04755			
814.5	1.04744			
815	1.04732			
815.5	1.04721			
816	1.04709			
816.5	1.04698			
817	1.04686			
817.5	1.04674			
818	1.04662			
818.5	1.04649			
819	1.04637			
819.5	1.04624			
820	1.04612			
820.5	1.04599			
821	1.04586			
821.5	1.04572			
822	1.04559			
822.5	1.04546			
823	1.04532			
823.5	1.04518			
824	1.04504			
824.5	1.0449			
825	1.04476			
825.5	1.04461			
826	1.04446			
826.5	1.04432			
827	1.04417			
827.5	1.04401			
828	1.04386			
828.5	1.04371			
829	1.04355			
829.5	1.04339			
830	1.04323			
830.5	1.04307			
831	1.04291			
831.5	1.04274			
832	1.04257			
832.5	1.0424			
833	1.04223			
833.5	1.04206			
834	1.04189			
834.5	1.04171			
835	1.04153			
835.5	1.04135			
836	1.04117			
836.5	1.04099			
837	1.0408			
837.5	1.04061			
838	1.04042			
838.5	1.04023			
839	1.04004			
839.5	1.03984			
840	1.03965			
840.5	1.03945			
841	1.03924			
841.5	1.03904			
842	1.03884			
842.5	1.03863			
843	1.03842			
843.5	1.03821			
844	1.03799			
844.5	1.03778			
845	1.03756			
845.5	1.03734			
846	1.03712			
846.5	1.03689			
847	1.03667			
847.5	1.03644			
848	1.03621			
848.5	1.03598			
849	1.03574			
849.5	1.0355			
850	1.03527			
850.5	1.03502			
851	1.03478			
851.5	1.03453			
852	1.03429			
852.5	1.03404			
853	1.03378			
853.5	1.03353			
854	1.03327			
854.5	1.03301			
855	1.03275			
855.5	1.03248			
856	1.03222			
856.5	1.03195			
857	1.03168			
857.5	1.0314			
858	1.03113			
858.5	1.03085			
859	1.03057			
859.5	1.03028			
860	1.03			
860.5	1.02971			
861	1.02942			
861.5	1.02912			
862	1.02883			
862.5	1.02853			
863	1.02823			
863.5	1.02793			
864	1.02762			
864.5	1.02731			
865	1.027			
865.5	1.02669			
866	1.02637			
866.5	1.02605			
867	1.02573			
867.5	1.02541			
868	1.02508			
868.5	1.02475			
869	1.02442			
869.5	1.02409			
870	1.02375			
870.5	1.02341			
871	1.02307			
871.5	1.02272			
872	1.02237			
872.5	1.02202			
873	1.02167			
873.5	1.02131			
874	1.02096			
874.5	1.02059			
875	1.02023			
875.5	1.01986			
876	1.01949			
876.5	1.01912			
877	1.01874			
877.5	1.01837			
878	1.01798			
878.5	1.0176			
879	1.01721			
879.5	1.01682			
880	1.01643			
880.5	1.01604			
881	1.01564			
881.5	1.01524			
882	1.01483			
882.5	1.01443			
883	1.01402			
883.5	1.0136			
884	1.01319			
884.5	1.01277			
885	1.01235			
885.5	1.01192			
886	1.01149			
886.5	1.01106			
887	1.01063			
887.5	1.01019			
888	1.00975			
888.5	1.00931			
889	1.00886			
889.5	1.00842			
890	1.00796			
890.5	1.00751			
891	1.00705			
891.5	1.00659			
892	1.00613			
892.5	1.00566			
893	1.00519			
893.5	1.00471			
894	1.00424			
894.5	1.00376			
895	1.00327			
895.5	1.00279			
896	1.0023			
896.5	1.00181			
897	1.00131			
897.5	1.00081			
898	1.00031			
898.5	0.999806			
899	0.999298			
899.5	0.998786			
900	0.998272			
900.5	0.997754			
901	0.997233			
901.5	0.996708			
902	0.996181			
902.5	0.99565			
903	0.995116			
903.5	0.994578			
904	0.994038			
904.5	0.993494			
905	0.992947			
905.5	0.992396			
906	0.991842			
906.5	0.991285			
907	0.990725			
907.5	0.990161			
908	0.989594			
908.5	0.989024			
909	0.988451			
909.5	0.987874			
910	0.987293			
910.5	0.98671			
911	0.986123			
911.5	0.985533			
912	0.984939			
912.5	0.984342			
913	0.983742			
913.5	0.983138			
914	0.982531			
914.5	0.98192			
915	0.981306			
915.5	0.980689			
916	0.980068			
916.5	0.979444			
917	0.978817			
917.5	0.978186			
918	0.977552			
918.5	0.976914			
919	0.976273			
919.5	0.975629			
920	0.974981			
920.5	0.97433			
921	0.973675			
921.5	0.973017			
922	0.972355			
922.5	0.97169			
923	0.971022			
923.5	0.97035			
924	0.969674			
924.5	0.968996			
925	0.968314			
925.5	0.967628			
926	0.966939			
926.5	0.966246			
927	0.96555			
927.5	0.964851			
928	0.964148			
928.5	0.963442			
929	0.962732			
929.5	0.962019			
930	0.961302			
930.5	0.960582			
931	0.959858			
931.5	0.959131			
932	0.9584			
932.5	0.957666			
933	0.956929			
933.5	0.956188			
934	0.955444			
934.5	0.954696			
935	0.953944			
935.5	0.95319			
936	0.952431			
936.5	0.95167			
937	0.950905			
937.5	0.950136			
938	0.949364			
938.5	0.948588			
939	0.947809			
939.5	0.947027			
940	0.946241			
940.5	0.945452			
941	0.944659			
941.5	0.943863			
942	0.943063			
942.5	0.94226			
943	0.941454			
943.5	0.940644			
944	0.93983			
944.5	0.939014			
945	0.938193			
945.5	0.93737			
946	0.936543			
946.5	0.935712			
947	0.934878			
947.5	0.934041			
948	0.9332			
948.5	0.932356			
949	0.931508			
949.5	0.930657			
950	0.929803			
950.5	0.928945			
951	0.928084			
951.5	0.92722			
952	0.926352			
952.5	0.925481			
953	0.924606			
953.5	0.923728			
954	0.922847			
954.5	0.921962			
955	0.921074			
955.5	0.920183			
956	0.919288			
956.5	0.91839			
957	0.917488			
957.5	0.916584			
958	0.915676			
958.5	0.914764			
959	0.91385			
959.5	0.912932			
960	0.912011			
960.5	0.911086			
961	0.910159			
961.5	0.909228			
962	0.908293			
962.5	0.907356			
963	0.906415			
963.5	0.905471			
964	0.904524			
964.5	0.903573			
965	0.90262			
965.5	0.901663			
966	0.900703			
966.5	0.899739			
967	0.898773			
967.5	0.897803			
968	0.89683			
968.5	0.895854			
969	0.894875			
969.5	0.893893			
970	0.892907			
970.5	0.891919			
971	0.890927			
971.5	0.889932			
972	0.888935			
972.5	0.887934			
973	0.88693			
973.5	0.885922			
974	0.884912			
974.5	0.883899			
975	0.882883			
975.5	0.881863			
976	0.880841			
976.5	0.879816			
977	0.878788			
977.5	0.877756			
978	0.876722			
978.5	0.875685			
979	0.874644			
979.5	0.873601			
980	0.872555			
980.5	0.871506			
981	0.870454			
981.5	0.869399			
982	0.868342			
982.5	0.867281			
983	0.866218			
983.5	0.865151			
984	0.864082			
984.5	0.86301			
985	0.861935			
985.5	0.860858			
986	0.859777			
986.5	0.858694			
987	0.857608			
987.5	0.856519			
988	0.855428			
988.5	0.854334			
989	0.853237			
989.5	0.852137			
990	0.851035			
990.5	0.84993			
991	0.848822			
991.5	0.847712			
992	0.846599			
992.5	0.845483			
993	0.844365			
993.5	0.843244			
994	0.842121			
994.5	0.840995			
995	0.839866			
995.5	0.838735			
996	0.837602			
996.5	0.836466			
997	0.835327			
997.5	0.834186			
998	0.833042			
998.5	0.831896			
999	0.830748			
999.5	0.829597			
1000	0.828443			
1002	0.823806			
1005	0.816781			
1008	0.809674			
1011	0.80249			
1014	0.795232			
1017	0.787903			
1020	0.780507			
1023	0.773048			
1026	0.76553			
1029	0.757956			
1032	0.750331			
1035	0.742657			
1038	0.734939			
1041	0.727181			
1044	0.719386			
1047	0.711559			
1050	0.703704			
1053	0.695824			
1056	0.687923			
1059	0.680006			
1062	0.672075			
1065	0.664135			
1068	0.65619			
1071	0.648242			
1074	0.640297			
1077	0.632356			
1080	0.624425			
1083	0.616506			
1086	0.608603			
1089	0.600719			
1092	0.592857			
1095	0.58502			
1098	0.577212			
1101	0.569436			
1104	0.561694			
1107	0.553989			
1110	0.546324			
1113	0.538701			
1116	0.531123			
1119	0.523593			
1122	0.516112			
1125	0.508684			
1128	0.501309			
1131	0.49399			
1134	0.48673			
1137	0.479529			
1140	0.472389			
1143	0.465313			
1146	0.458301			
1149	0.451355			
1152	0.444476			
1155	0.437667			
1158	0.430926			
1161	0.424257			
1164	0.41766			
1167	0.411135			
1170	0.404683			
1173	0.398306			
1176	0.392003			
1179	0.385776			
1182	0.379624			
1185	0.373549			
1188	0.367551			
1191	0.361629			
1194	0.355784			
1197	0.350016			
1200	0.344326			
1203	0.338713			
1206	0.333177			
1209	0.327718			
1212	0.322337			
1215	0.317032			
1218	0.311803			
1221	0.306651			
1224	0.301575			
1227	0.296574			
1230	0.291648			
1233	0.286797			
1236	0.28202			
1239	0.277317			
1242	0.272687			
1245	0.26813			
1248	0.263645			
1251	0.259231			
1254	0.254887			
1257	0.250614			
1260	0.24641			
1263	0.242275			
1266	0.238207			
1269	0.234207			
1272	0.230273			
1275	0.226405			
1278	0.222602			
1281	0.218862			
1284	0.215187			
1287	0.211573			
1290	0.208022			
1293	0.204531			
1296	0.2011			
1299	0.197729			
1302	0.194416			
1305	0.19116			
1308	0.187962			
1311	0.184819			
1314	0.181731			
1317	0.178698			
1320	0.175719			
1323	0.172792			
1326	0.169916			
1329	0.167092			
1332	0.164319			
1335	0.161594			
1338	0.158919			
1341	0.156291			
1344	0.15371			
1347	0.151176			
1350	0.148687			
1353	0.146243			
1356	0.143843			
1359	0.141487			
1362	0.139173			
1365	0.1369			
1368	0.134669			
1371	0.132479			
1374	0.130328			
1377	0.128215			
1380	0.126142			
1383	0.124106			
1386	0.122106			
1389	0.120144			
1392	0.118216			
1395	0.116324			
1398	0.114466			
1401	0.112642			
1404	0.110851			
1407	0.109093			
1410	0.107366			
1413	0.105671			
1416	0.104007			
1419	0.102373			
1422	0.100768			
1425	0.0991925			
1428	0.0976455			
1431	0.0961266			
1434	0.0946352			
1437	0.0931708			
1440	0.0917328			
1443	0.0903208			
1446	0.0889343			
1449	0.0875728			
1452	0.0862359			
1455	0.084923			
1458	0.0836337			
1461	0.0823676			
1464	0.0811242			
1467	0.0799032			
1470	0.078704			
1473	0.0775263			
1476	0.0763696			
1479	0.0752336			
1482	0.0741178			
1485	0.0730219			
1488	0.0719455			
1491	0.0708883			
1494	0.0698498			
1497	0.0688297			
1500	0.0678276			
1503	0.0668433			
1506	0.0658763			
1509	0.0649264			
1512	0.0639932			
1515	0.0630764			
1518	0.0621757			
1521	0.0612908			
1524	0.0604213			
1527	0.059567			
1530	0.0587277			
1533	0.0579029			
1536	0.0570925			
1539	0.0562962			
1542	0.0555136			
1545	0.0547446			
1548	0.0539889			
1551	0.0532462			
1554	0.0525162			
1557	0.0517988			
1560	0.0510938			
1563	0.0504008			
1566	0.0497196			
1569	0.0490501			
1572	0.0483919			
1575	0.047745			
1578	0.047109			
1581	0.0464838			
1584	0.0458692			
1587	0.0452649			
1590	0.0446709			
1593	0.0440868			
1596	0.0435125			
1599	0.0429478			
1602	0.0423926			
1605	0.0418466			
1608	0.0413098			
1611	0.0407819			
1614	0.0402627			
1617	0.0397521			
1620	0.03925			
1623	0.0387561			
1626	0.0382704			
1629	0.0377926			
1632	0.0373227			
1635	0.0368605			
1638	0.0364059			
1641	0.0359586			
1644	0.0355186			
1647	0.0350858			
1650	0.03466			
1653	0.0342411			
1656	0.0338289			
1659	0.0334234			
1662	0.0330244			
1665	0.0326318			
1668	0.0322455			
1671	0.0318654			
1674	0.0314913			
1677	0.0311232			
1680	0.030761			
1683	0.0304045			
1686	0.0300536			
1689	0.0297083			
1692	0.0293684			
1695	0.0290338			
1698	0.0287045			
1701	0.0283804			
1704	0.0280613			
1707	0.0277473			
1710	0.0274381			
1713	0.0271337			
1716	0.026834			
1719	0.026539			
1722	0.0262485			
1725	0.0259625			
1728	0.025681			
1731	0.0254037			
1734	0.0251307			
1737	0.0248618			
1740	0.0245971			
1743	0.0243364			
1746	0.0240797			
1749	0.0238268			
1752	0.0235778			
1755	0.0233326			
1758	0.023091			
1761	0.0228531			
1764	0.0226188			
1767	0.022388			
1770	0.0221606			
1773	0.0219366			
1776	0.021716			
1779	0.0214987			
1782	0.0212845			
1785	0.0210736			
1788	0.0208658			
1791	0.020661			
1794	0.0204593			
1797	0.0202605			
1800	0.0200646			
1803	0.0198717			
1806	0.0196815			
1809	0.0194941			
1812	0.0193095			
1815	0.0191275			
1818	0.0189481			
1821	0.0187714			
1824	0.0185972			
1827	0.0184256			
1830	0.0182564			
1833	0.0180896			
1836	0.0179253			
1839	0.0177633			
1842	0.0176036			
1845	0.0174462			
1848	0.017291			
1851	0.017138			
1854	0.0169872			
1857	0.0168386			
1860	0.016692			
1863	0.0165475			
1866	0.0164051			
1869	0.0162647			
1872	0.0161262			
1875	0.0159897			
1878	0.0158551			
1881	0.0157223			
1884	0.0155914			
1887	0.0154624			
1890	0.0153351			
1893	0.0152096			
1896	0.0150858			
1899	0.0149638			
1902	0.0148434			
1905	0.0147247			
1908	0.0146076			
1911	0.0144922			
1914	0.0143783			
1917	0.014266			
1920	0.0141552			
1923	0.0140459			
1926	0.0139381			
1929	0.0138318			
1932	0.0137269			
1935	0.0136235			
1938	0.0135214			
1941	0.0134208			
1944	0.0133215			
1947	0.0132235			
1950	0.0131268			
1953	0.0130315			
1956	0.0129374			
1959	0.0128446			
1962	0.012753			
1965	0.0126626			
1968	0.0125735			
1971	0.0124855			
1974	0.0123987			
1977	0.0123131			
1980	0.0122286			
1983	0.0121452			
1986	0.0120629			
1989	0.0119817			
1992	0.0119016			
1995	0.0118226			
1998	0.0117445			
2001	0.0116675			
2004	0.0115915			
2007	0.0115165			
2010	0.0114425			
2013	0.0113695			
2016	0.0112974			
2019	0.0112262			
2022	0.011156			
2025	0.0110867			
2028	0.0110183			
2031	0.0109507			
2034	0.0108841			
2037	0.0108183			
2040	0.0107533			
2043	0.0106892			
2046	0.0106259			
2049	0.0105635			
2052	0.0105018			
2055	0.010441			
2058	0.0103809			
2061	0.0103216			
2064	0.010263			
2067	0.0102052			
2070	0.0101481			
2073	0.0100918			
2076	0.0100362			
2079	0.00998125			
2082	0.00992704			
2085	0.00987351			
2088	0.00982067			
2091	0.0097685			
2094	0.00971699			
2097	0.00966613			
2100	0.00961592			
2103	0.00956634			
2106	0.00951738			
2109	0.00946905			
2112	0.00942132			
2115	0.0093742			
2118	0.00932767			
2121	0.00928173			
2124	0.00923636			
2127	0.00919157			
2130	0.00914733			
2133	0.00910366			
2136	0.00906053			
2139	0.00901794			
2142	0.00897588			
2145	0.00893435			
2148	0.00889334			
2151	0.00885285			
2154	0.00881286			
2157	0.00877336			
2160	0.00873437			
2163	0.00869585			
2166	0.00865782			
2169	0.00862026			
2172	0.00858317			
2175	0.00854655			
2178	0.00851037			
2181	0.00847465			
2184	0.00843937			
2187	0.00840454			
2190	0.00837013			
2193	0.00833615			
2196	0.00830259			
2199	0.00826945			
2202	0.00823673			
2205	0.0082044			
2208	0.00817248			
2211	0.00814096			
2214	0.00810982			
2217	0.00807907			
2220	0.00804871			
2223	0.00801872			
2226	0.0079891			
2229	0.00795985			
2232	0.00793096			
2235	0.00790243			
2238	0.00787425			
2241	0.00784642			
2244	0.00781894			
2247	0.0077918			
2250	0.00776499			
2253	0.00773852			
2256	0.00771237			
2259	0.00768655			
2262	0.00766105			
2265	0.00763587			
2268	0.007611			
2271	0.00758644			
2274	0.00756218			
2277	0.00753822			
2280	0.00751457			
2283	0.0074912			
2286	0.00746813			
2289	0.00744534			
2292	0.00742284			
2295	0.00740062			
2298	0.00737867			
2301	0.007357			
2304	0.0073356			
2307	0.00731447			
2310	0.0072936			
2313	0.00727299			
2316	0.00725264			
2319	0.00723254			
2322	0.0072127			
2325	0.0071931			
2328	0.00717375			
2331	0.00715464			
2334	0.00713578			
2337	0.00711715			
2340	0.00709875			
2343	0.00708059			
2346	0.00706266			
2349	0.00704495			
2352	0.00702747			
2355	0.0070102			
2358	0.00699316			
2361	0.00697633			
2364	0.00695972			
2367	0.00694332			
2370	0.00692713			
2373	0.00691114			
2376	0.00689536			
2379	0.00687978			
2382	0.0068644			
2385	0.00684922			
2388	0.00683423			
2391	0.00681943			
2394	0.00680483			
2397	0.00679041			
2400	0.00677618			
2403	0.00676214			
2406	0.00674828			
2409	0.00673459			
2412	0.00672109			
2415	0.00670776			
2418	0.00669461			
2421	0.00668163			
2424	0.00666881			
2427	0.00665617			
2430	0.0066437			
2433	0.00663139			
2436	0.00661924			
2439	0.00660725			
2442	0.00659542			
2445	0.00658376			
2448	0.00657224			
2451	0.00656088			
2454	0.00654968			
2457	0.00653862			
2460	0.00652772			
2463	0.00651696			
2466	0.00650635			
2469	0.00649588			
2472	0.00648555			
2475	0.00647537			
2478	0.00646533			
2481	0.00645542			
2484	0.00644566			
2487	0.00643602			
2490	0.00642652			
2493	0.00641716			
2496	0.00640792			
2499	0.00639882			
2502	0.00638984			
2505	0.00638099			
2508	0.00637227			
2511	0.00636367			
2514	0.0063552			
2517	0.00634684			
2520	0.00633861			
2523	0.00633049			
2526	0.0063225			
2529	0.00631462			
2532	0.00630685			
2535	0.0062992			
2538	0.00629167			
2541	0.00628424			
2544	0.00627693			
2547	0.00626973			
2550	0.00626263			
2553	0.00625564			
2556	0.00624876			
2559	0.00624198			
2562	0.00623531			
2565	0.00622874			
2568	0.00622228			
2571	0.00621591			
2574	0.00620964			
2577	0.00620348			
2580	0.00619741			
2583	0.00619143			
2586	0.00618556			
2589	0.00617978			
2592	0.00617409			
2595	0.00616849			
2598	0.00616299			
2601	0.00615758			
2604	0.00615226			
2607	0.00614703			
2610	0.00614189			
2613	0.00613683			
2616	0.00613186			
2619	0.00612698			
2622	0.00612218			
2625	0.00611747			
2628	0.00611284			
2631	0.00610829			
2634	0.00610382			
2637	0.00609944			
2640	0.00609514			
2643	0.00609091			
2646	0.00608676			
2649	0.00608269			
2652	0.0060787			
2655	0.00607479			
2658	0.00607095			
2661	0.00606718			
2664	0.00606349			
2667	0.00605987			
2670	0.00605632			
2673	0.00605285			
2676	0.00604945			
2679	0.00604612			
2682	0.00604286			
2685	0.00603966			
2688	0.00603654			
2691	0.00603348			
2694	0.00603049			
2697	0.00602757			
2700	0.00602471			
2703	0.00602192			
2706	0.0060192			
2709	0.00601653			
2712	0.00601393			
2715	0.0060114			
2718	0.00600892			
2721	0.00600651			
2724	0.00600416			
2727	0.00600187			
2730	0.00599964			
2733	0.00599747			
2736	0.00599536			
2739	0.0059933			
2742	0.0059913			
2745	0.00598937			
2748	0.00598748			
2751	0.00598566			
2754	0.00598389			
2757	0.00598217			
2760	0.00598051			
2763	0.0059789			
2766	0.00597735			
2769	0.00597585			
2772	0.0059744			
2775	0.005973			
2778	0.00597166			
2781	0.00597037			
2784	0.00596913			
2787	0.00596793			
2790	0.00596679			
2793	0.0059657			
2796	0.00596466			
2799	0.00596366			
2802	0.00596271			
2805	0.00596181			
2808	0.00596096			
2811	0.00596015			
2814	0.00595939			
2817	0.00595868			
2820	0.00595801			
2823	0.00595739			
2826	0.00595681			
2829	0.00595627			
2832	0.00595578			
2835	0.00595534			
2838	0.00595493			
2841	0.00595457			
2844	0.00595425			
2847	0.00595397			
2850	0.00595374			
2853	0.00595354			
2856	0.00595339			
2859	0.00595328			
2862	0.0059532			
2865	0.00595317			
2868	0.00595318			
2871	0.00595322			
2874	0.0059533			
2877	0.00595343			
2880	0.00595359			
2883	0.00595378			
2886	0.00595402			
2889	0.00595429			
2892	0.0059546			
2895	0.00595495			
2898	0.00595533			
2901	0.00595574			
2904	0.0059562			
2907	0.00595668			
2910	0.00595721			
2913	0.00595776			
2916	0.00595836			
2919	0.00595898			
2922	0.00595964			
2925	0.00596033			
2928	0.00596106			
2931	0.00596182			
2934	0.00596261			
2937	0.00596343			
2940	0.00596429			
2943	0.00596517			
2946	0.00596609			
2949	0.00596704			
2952	0.00596802			
2955	0.00596903			
2958	0.00597007			
2961	0.00597115			
2964	0.00597225			
2967	0.00597338			
2970	0.00597454			
2973	0.00597573			
2976	0.00597695			
2979	0.00597819			
2982	0.00597947			
2985	0.00598077			
2988	0.00598211			
2991	0.00598346			
2994	0.00598485			
2997	0.00598627			
3000	0.00598771			
