z (mm) - Bz on axis,Total potential (T) - Bz on axis,z (mm) - Min |B| on wall,Total potential (T) - Min |B| on wall
-3000,-0.00466533,-1000,0.779155
-2997,-0.00465643,-999.5,0.780256
-2994,-0.0046475,-999,0.781354
-2991,-0.00463854,-998.5,0.782451
-2988,-0.00462956,-998,0.783545
-2985,-0.00462056,-997.5,0.784637
-2982,-0.00461153,-997,0.785727
-2979,-0.00460247,-996.5,0.786814
-2976,-0.00459338,-996,0.787899
-2973,-0.00458427,-995.5,0.788981
-2970,-0.00457513,-995,0.790061
-2967,-0.00456596,-994.5,0.791139
-2964,-0.00455677,-994,0.792214
-2961,-0.00454755,-993.5,0.793287
-2958,-0.0045383,-993,0.794358
-2955,-0.00452902,-992.5,0.795426
-2952,-0.00451971,-992,0.796492
-2949,-0.00451038,-991.5,0.797555
-2946,-0.00450102,-991,0.798615
-2943,-0.00449162,-990.5,0.799673
-2940,-0.0044822,-990,0.800729
-2937,-0.00447275,-989.5,0.801782
-2934,-0.00446327,-989,0.802833
-2931,-0.00445375,-988.5,0.803881
-2928,-0.00444421,-988,0.804926
-2925,-0.00443464,-987.5,0.805969
-2922,-0.00442503,-987,0.807009
-2919,-0.0044154,-986.5,0.808047
-2916,-0.00440573,-986,0.809082
-2913,-0.00439603,-985.5,0.810115
-2910,-0.0043863,-985,0.811145
-2907,-0.00437654,-984.5,0.812172
-2904,-0.00436674,-984,0.813196
-2901,-0.00435692,-983.5,0.814218
-2898,-0.00434705,-983,0.815237
-2895,-0.00433716,-982.5,0.816254
-2892,-0.00432723,-982,0.817268
-2889,-0.00431727,-981.5,0.818279
-2886,-0.00430727,-981,0.819287
-2883,-0.00429724,-980.5,0.820293
-2880,-0.00428717,-980,0.821296
-2877,-0.00427707,-979.5,0.822296
-2874,-0.00426693,-979,0.823293
-2871,-0.00425676,-978.5,0.824288
-2868,-0.00424655,-978,0.82528
-2865,-0.0042363,-977.5,0.826269
-2862,-0.00422602,-977,0.827255
-2859,-0.0042157,-976.5,0.828239
-2856,-0.00420534,-976,0.829219
-2853,-0.00419495,-975.5,0.830197
-2850,-0.00418451,-975,0.831172
-2847,-0.00417404,-974.5,0.832144
-2844,-0.00416353,-974,0.833113
-2841,-0.00415298,-973.5,0.834079
-2838,-0.00414239,-973,0.835043
-2835,-0.00413176,-972.5,0.836003
-2832,-0.00412109,-972,0.836961
-2829,-0.00411038,-971.5,0.837916
-2826,-0.00409963,-971,0.838868
-2823,-0.00408883,-970.5,0.839816
-2820,-0.004078,-970,0.840762
-2817,-0.00406712,-969.5,0.841705
-2814,-0.0040562,-969,0.842645
-2811,-0.00404524,-968.5,0.843582
-2808,-0.00403423,-968,0.844517
-2805,-0.00402318,-967.5,0.845448
-2802,-0.00401209,-967,0.846376
-2799,-0.00400095,-966.5,0.847301
-2796,-0.00398977,-966,0.848223
-2793,-0.00397854,-965.5,0.849142
-2790,-0.00396727,-965,0.850058
-2787,-0.00395595,-964.5,0.850971
-2784,-0.00394458,-964,0.851881
-2781,-0.00393317,-963.5,0.852788
-2778,-0.0039217,-963,0.853692
-2775,-0.0039102,-962.5,0.854593
-2772,-0.00389864,-962,0.855491
-2769,-0.00388703,-961.5,0.856386
-2766,-0.00387538,-961,0.857278
-2763,-0.00386367,-960.5,0.858166
-2760,-0.00385192,-960,0.859052
-2757,-0.00384011,-959.5,0.859934
-2754,-0.00382825,-959,0.860814
-2751,-0.00381634,-958.5,0.86169
-2748,-0.00380438,-958,0.862563
-2745,-0.00379237,-957.5,0.863433
-2742,-0.00378031,-957,0.8643
-2739,-0.00376819,-956.5,0.865163
-2736,-0.00375601,-956,0.866024
-2733,-0.00374378,-955.5,0.866882
-2730,-0.0037315,-955,0.867736
-2727,-0.00371916,-954.5,0.868587
-2724,-0.00370677,-954,0.869435
-2721,-0.00369431,-953.5,0.87028
-2718,-0.00368181,-953,0.871122
-2715,-0.00366924,-952.5,0.87196
-2712,-0.00365661,-952,0.872795
-2709,-0.00364393,-951.5,0.873627
-2706,-0.00363119,-951,0.874456
-2703,-0.00361838,-950.5,0.875282
-2700,-0.00360552,-950,0.876105
-2697,-0.0035926,-949.5,0.876924
-2694,-0.00357961,-949,0.87774
-2691,-0.00356656,-948.5,0.878553
-2688,-0.00355345,-948,0.879363
-2685,-0.00354027,-947.5,0.88017
-2682,-0.00352703,-947,0.880973
-2679,-0.00351373,-946.5,0.881773
-2676,-0.00350036,-946,0.88257
-2673,-0.00348692,-945.5,0.883364
-2670,-0.00347342,-945,0.884154
-2667,-0.00345985,-944.5,0.884941
-2664,-0.00344622,-944,0.885725
-2661,-0.00343251,-943.5,0.886506
-2658,-0.00341873,-943,0.887284
-2655,-0.00340489,-942.5,0.888058
-2652,-0.00339097,-942,0.888829
-2649,-0.00337698,-941.5,0.889597
-2646,-0.00336292,-941,0.890361
-2643,-0.00334879,-940.5,0.891123
-2640,-0.00333458,-940,0.891881
-2637,-0.0033203,-939.5,0.892636
-2634,-0.00330595,-939,0.893387
-2631,-0.00329152,-938.5,0.894135
-2628,-0.00327701,-938,0.89488
-2625,-0.00326243,-937.5,0.895622
-2622,-0.00324776,-937,0.896361
-2619,-0.00323302,-936.5,0.897096
-2616,-0.0032182,-936,0.897828
-2613,-0.0032033,-935.5,0.898557
-2610,-0.00318831,-935,0.899282
-2607,-0.00317325,-934.5,0.900005
-2604,-0.0031581,-934,0.900723
-2601,-0.00314287,-933.5,0.901439
-2598,-0.00312755,-933,0.902152
-2595,-0.00311215,-932.5,0.902861
-2592,-0.00309666,-932,0.903567
-2589,-0.00308109,-931.5,0.904269
-2586,-0.00306542,-931,0.904969
-2583,-0.00304967,-930.5,0.905665
-2580,-0.00303383,-930,0.906358
-2577,-0.0030179,-929.5,0.907047
-2574,-0.00300187,-929,0.907734
-2571,-0.00298575,-928.5,0.908417
-2568,-0.00296954,-928,0.909097
-2565,-0.00295324,-927.5,0.909773
-2562,-0.00293684,-927,0.910447
-2559,-0.00292034,-926.5,0.911117
-2556,-0.00290374,-926,0.911784
-2553,-0.00288705,-925.5,0.912447
-2550,-0.00287026,-925,0.913107
-2547,-0.00285336,-924.5,0.913765
-2544,-0.00283637,-924,0.914418
-2541,-0.00281927,-923.5,0.915069
-2538,-0.00280207,-923,0.915716
-2535,-0.00278476,-922.5,0.91636
-2532,-0.00276735,-922,0.917001
-2529,-0.00274982,-921.5,0.917639
-2526,-0.0027322,-921,0.918273
-2523,-0.00271446,-920.5,0.918905
-2520,-0.00269661,-920,0.919533
-2517,-0.00267865,-919.5,0.920157
-2514,-0.00266058,-919,0.920779
-2511,-0.00264239,-918.5,0.921397
-2508,-0.00262409,-918,0.922012
-2505,-0.00260567,-917.5,0.922624
-2502,-0.00258713,-917,0.923233
-2499,-0.00256848,-916.5,0.923838
-2496,-0.0025497,-916,0.924441
-2493,-0.0025308,-915.5,0.92504
-2490,-0.00251178,-915,0.925636
-2487,-0.00249264,-914.5,0.926228
-2484,-0.00247337,-914,0.926818
-2481,-0.00245397,-913.5,0.927404
-2478,-0.00243444,-913,0.927987
-2475,-0.00241479,-912.5,0.928567
-2472,-0.002395,-912,0.929144
-2469,-0.00237508,-911.5,0.929718
-2466,-0.00235503,-911,0.930288
-2463,-0.00233484,-910.5,0.930856
-2460,-0.00231451,-910,0.93142
-2457,-0.00229405,-909.5,0.931981
-2454,-0.00227345,-909,0.932539
-2451,-0.0022527,-908.5,0.933094
-2448,-0.00223181,-908,0.933646
-2445,-0.00221078,-907.5,0.934194
-2442,-0.0021896,-907,0.93474
-2439,-0.00216827,-906.5,0.935282
-2436,-0.0021468,-906,0.935821
-2433,-0.00212517,-905.5,0.936357
-2430,-0.00210339,-905,0.93689
-2427,-0.00208145,-904.5,0.93742
-2424,-0.00205936,-904,0.937947
-2421,-0.00203711,-903.5,0.938471
-2418,-0.0020147,-903,0.938991
-2415,-0.00199213,-902.5,0.939509
-2412,-0.0019694,-902,0.940024
-2409,-0.0019465,-901.5,0.940535
-2406,-0.00192343,-901,0.941044
-2403,-0.0019002,-900.5,0.941549
-2400,-0.00187679,-900,0.942052
-2397,-0.00185321,-899.5,0.942551
-2394,-0.00182946,-899,0.943047
-2391,-0.00180553,-898.5,0.943541
-2388,-0.00178142,-898,0.944031
-2385,-0.00175713,-897.5,0.944518
-2382,-0.00173266,-897,0.945003
-2379,-0.001708,-896.5,0.945484
-2376,-0.00168316,-896,0.945962
-2373,-0.00165812,-895.5,0.946438
-2370,-0.0016329,-895,0.94691
-2367,-0.00160748,-894.5,0.94738
-2364,-0.00158186,-894,0.947846
-2361,-0.00155605,-893.5,0.94831
-2358,-0.00153004,-893,0.948771
-2355,-0.00150382,-892.5,0.949228
-2352,-0.0014774,-892,0.949683
-2349,-0.00145077,-891.5,0.950135
-2346,-0.00142393,-891,0.950584
-2343,-0.00139688,-890.5,0.95103
-2340,-0.00136961,-890,0.951474
-2337,-0.00134213,-889.5,0.951914
-2334,-0.00131443,-889,0.952351
-2331,-0.0012865,-888.5,0.952786
-2328,-0.00125835,-888,0.953218
-2325,-0.00122997,-887.5,0.953647
-2322,-0.00120136,-887,0.954073
-2319,-0.00117252,-886.5,0.954496
-2316,-0.00114344,-886,0.954917
-2313,-0.00111412,-885.5,0.955334
-2310,-0.00108456,-885,0.955749
-2307,-0.00105476,-884.5,0.956161
-2304,-0.0010247,-884,0.956571
-2301,-0.000994401,-883.5,0.956977
-2298,-0.000963845,-883,0.957381
-2295,-0.000933032,-882.5,0.957782
-2292,-0.00090196,-882,0.95818
-2289,-0.000870625,-881.5,0.958576
-2286,-0.000839023,-881,0.958968
-2283,-0.000807153,-880.5,0.959358
-2280,-0.000775009,-880,0.959746
-2277,-0.00074259,-879.5,0.96013
-2274,-0.000709892,-879,0.960512
-2271,-0.000676911,-878.5,0.960892
-2268,-0.000643644,-878,0.961268
-2265,-0.000610087,-877.5,0.961642
-2262,-0.000576237,-877,0.962013
-2259,-0.000542091,-876.5,0.962382
-2256,-0.000507643,-876,0.962748
-2253,-0.000472892,-875.5,0.963111
-2250,-0.000437833,-875,0.963472
-2247,-0.000402461,-874.5,0.96383
-2244,-0.000366775,-874,0.964186
-2241,-0.000330768,-873.5,0.964539
-2238,-0.000294438,-873,0.964889
-2235,-0.00025778,-872.5,0.965237
-2232,-0.000220791,-872,0.965582
-2229,-0.000183466,-871.5,0.965925
-2226,-0.0001458,-871,0.966265
-2223,-0.00010779,-870.5,0.966603
-2220,-6.94E-05,-870,0.966938
-2217,-3.07E-05,-869.5,0.967271
-2214,8.35E-06,-869,0.967601
-2211,4.78E-05,-868.5,0.967929
-2208,8.76E-05,-868,0.968254
-2205,0.000127751,-867.5,0.968577
-2202,0.000168297,-867,0.968897
-2199,0.000209225,-866.5,0.969215
-2196,0.000250539,-866,0.96953
-2193,0.000292243,-865.5,0.969843
-2190,0.000334343,-865,0.970154
-2187,0.000376845,-864.5,0.970462
-2184,0.000419753,-864,0.970768
-2181,0.000463072,-863.5,0.971071
-2178,0.000506808,-863,0.971372
-2175,0.000550966,-862.5,0.971671
-2172,0.000595552,-862,0.971967
-2169,0.000640572,-861.5,0.972261
-2166,0.000686031,-861,0.972553
-2163,0.000731934,-860.5,0.972843
-2160,0.000778288,-860,0.97313
-2157,0.000825098,-859.5,0.973414
-2154,0.000872371,-859,0.973697
-2151,0.000920113,-858.5,0.973977
-2148,0.00096833,-858,0.974255
-2145,0.00101703,-857.5,0.974531
-2142,0.00106621,-857,0.974804
-2139,0.00111589,-856.5,0.975076
-2136,0.00116607,-856,0.975345
-2133,0.00121676,-855.5,0.975612
-2130,0.00126796,-855,0.975876
-2127,0.00131968,-854.5,0.976139
-2124,0.00137193,-854,0.976399
-2121,0.00142472,-853.5,0.976657
-2118,0.00147805,-853,0.976913
-2115,0.00153193,-852.5,0.977167
-2112,0.00158636,-852,0.977419
-2109,0.00164136,-851.5,0.977668
-2106,0.00169693,-851,0.977916
-2103,0.00175309,-850.5,0.978161
-2100,0.00180983,-850,0.978405
-2097,0.00186716,-849.5,0.978646
-2094,0.0019251,-849,0.978885
-2091,0.00198366,-848.5,0.979122
-2088,0.00204283,-848,0.979357
-2085,0.00210264,-847.5,0.979591
-2082,0.00216308,-847,0.979822
-2079,0.00222417,-846.5,0.980051
-2076,0.00228592,-846,0.980278
-2073,0.00234833,-845.5,0.980503
-2070,0.00241142,-845,0.980726
-2067,0.00247519,-844.5,0.980947
-2064,0.00253965,-844,0.981166
-2061,0.00260482,-843.5,0.981384
-2058,0.0026707,-843,0.981599
-2055,0.0027373,-842.5,0.981813
-2052,0.00280464,-842,0.982024
-2049,0.00287272,-841.5,0.982234
-2046,0.00294156,-841,0.982442
-2043,0.00301116,-840.5,0.982647
-2040,0.00308153,-840,0.982852
-2037,0.0031527,-839.5,0.983054
-2034,0.00322466,-839,0.983254
-2031,0.00329743,-838.5,0.983453
-2028,0.00337102,-838,0.983649
-2025,0.00344545,-837.5,0.983844
-2022,0.00352072,-837,0.984037
-2019,0.00359685,-836.5,0.984229
-2016,0.00367384,-836,0.984418
-2013,0.00375172,-835.5,0.984606
-2010,0.0038305,-835,0.984792
-2007,0.00391018,-834.5,0.984977
-2004,0.00399079,-834,0.985159
-2001,0.00407233,-833.5,0.98534
-1998,0.00415481,-833,0.98552
-1995,0.00423827,-832.5,0.985697
-1992,0.00432269,-832,0.985873
-1989,0.00440811,-831.5,0.986047
-1986,0.00449453,-831,0.98622
-1983,0.00458198,-830.5,0.986391
-1980,0.00467046,-830,0.98656
-1977,0.00475999,-829.5,0.986727
-1974,0.00485058,-829,0.986893
-1971,0.00494226,-828.5,0.987058
-1968,0.00503504,-828,0.987221
-1965,0.00512893,-827.5,0.987382
-1962,0.00522396,-827,0.987542
-1959,0.00532013,-826.5,0.9877
-1956,0.00541747,-826,0.987856
-1953,0.005516,-825.5,0.988011
-1950,0.00561572,-825,0.988165
-1947,0.00571667,-824.5,0.988317
-1944,0.00581885,-824,0.988467
-1941,0.00592229,-823.5,0.988616
-1938,0.00602701,-823,0.988764
-1935,0.00613302,-822.5,0.98891
-1932,0.00624035,-822,0.989054
-1929,0.00634902,-821.5,0.989198
-1926,0.00645904,-821,0.989339
-1923,0.00657044,-820.5,0.98948
-1920,0.00668324,-820,0.989618
-1917,0.00679746,-819.5,0.989756
-1914,0.00691312,-819,0.989892
-1911,0.00703025,-818.5,0.990027
-1908,0.00714886,-818,0.99016
-1905,0.00726899,-817.5,0.990292
-1902,0.00739065,-817,0.990422
-1899,0.00751387,-816.5,0.990552
-1896,0.00763867,-816,0.99068
-1893,0.00776508,-815.5,0.990806
-1890,0.00789312,-815,0.990931
-1887,0.00802282,-814.5,0.991055
-1884,0.00815421,-814,0.991178
-1881,0.00828731,-813.5,0.991299
-1878,0.00842215,-813,0.99142
-1875,0.00855876,-812.5,0.991538
-1872,0.00869717,-812,0.991656
-1869,0.00883739,-811.5,0.991772
-1866,0.00897947,-811,0.991888
-1863,0.00912344,-810.5,0.992001
-1860,0.00926932,-810,0.992114
-1857,0.00941714,-809.5,0.992226
-1854,0.00956694,-809,0.992336
-1851,0.00971874,-808.5,0.992445
-1848,0.00987259,-808,0.992553
-1845,0.0100285,-807.5,0.99266
-1842,0.0101865,-807,0.992766
-1839,0.0103467,-806.5,0.99287
-1836,0.0105091,-806,0.992974
-1833,0.0106736,-805.5,0.993076
-1830,0.0108404,-805,0.993177
-1827,0.0110095,-804.5,0.993277
-1824,0.011181,-804,0.993376
-1821,0.0113547,-803.5,0.993474
-1818,0.0115309,-803,0.993571
-1815,0.0117096,-802.5,0.993667
-1812,0.0118907,-802,0.993762
-1809,0.0120743,-801.5,0.993856
-1806,0.0122605,-801,0.993949
-1803,0.0124493,-800.5,0.99404
-1800,0.0126408,-800,0.994131
-1797,0.0128349,-799.5,0.994221
-1794,0.0130318,-799,0.99431
-1791,0.0132315,-798.5,0.994398
-1788,0.013434,-798,0.994485
-1785,0.0136395,-797.5,0.994571
-1782,0.0138478,-797,0.994656
-1779,0.0140591,-796.5,0.99474
-1776,0.0142735,-796,0.994823
-1773,0.0144909,-795.5,0.994906
-1770,0.0147115,-795,0.994987
-1767,0.0149353,-794.5,0.995068
-1764,0.0151623,-794,0.995148
-1761,0.0153927,-793.5,0.995227
-1758,0.0156264,-793,0.995305
-1755,0.0158635,-792.5,0.995383
-1752,0.0161041,-792,0.995459
-1749,0.0163482,-791.5,0.995535
-1746,0.0165959,-791,0.995611
-1743,0.0168473,-790.5,0.995685
-1740,0.0171024,-790,0.995759
-1737,0.0173613,-789.5,0.995833
-1734,0.0176241,-789,0.995906
-1731,0.0178908,-788.5,0.995978
-1728,0.0181615,-788,0.99605
-1725,0.0184363,-787.5,0.996121
-1722,0.0187152,-787,0.996192
-1719,0.0189983,-786.5,0.996262
-1716,0.0192857,-786,0.996332
-1713,0.0195774,-785.5,0.996402
-1710,0.0198736,-785,0.996471
-1707,0.0201743,-784.5,0.99654
-1704,0.0204796,-784,0.99661
-1701,0.0207896,-783.5,0.996679
-1698,0.0211044,-783,0.996747
-1695,0.021424,-782.5,0.996816
-1692,0.0217485,-782,0.99688
-1689,0.0220781,-781.5,0.996938
-1686,0.0224128,-781,0.996994
-1683,0.0227527,-780.5,0.99705
-1680,0.0230979,-780,0.997103
-1677,0.0234486,-779.5,0.997155
-1674,0.0238047,-779,0.997206
-1671,0.0241664,-778.5,0.997255
-1668,0.0245338,-778,0.997302
-1665,0.0249071,-777.5,0.997347
-1662,0.0252862,-777,0.997391
-1659,0.0256714,-776.5,0.997432
-1656,0.0260627,-776,0.997471
-1653,0.0264602,-775.5,0.997507
-1650,0.0268641,-775,0.997541
-1647,0.0272745,-774.5,0.997572
-1644,0.0276915,-774,0.9976
-1641,0.0281152,-773.5,0.997625
-1638,0.0285457,-773,0.997646
-1635,0.0289833,-772.5,0.997663
-1632,0.0294279,-772,0.997677
-1629,0.0298798,-771.5,0.997687
-1626,0.030339,-771,0.997692
-1623,0.0308057,-770.5,0.997692
-1620,0.0312801,-770,0.997687
-1617,0.0317623,-769.5,0.997676
-1614,0.0322524,-769,0.99766
-1611,0.0327507,-768.5,0.997638
-1608,0.0332571,-768,0.997609
-1605,0.033772,-767.5,0.997573
-1602,0.0342954,-767,0.997529
-1599,0.0348275,-766.5,0.997478
-1596,0.0353685,-766,0.99742
-1593,0.0359185,-765.5,0.997353
-1590,0.0364778,-765,0.997277
-1587,0.0370465,-764.5,0.997193
-1584,0.0376247,-764,0.9971
-1581,0.0382127,-763.5,0.996998
-1578,0.0388107,-763,0.996887
-1575,0.0394188,-762.5,0.996767
-1572,0.0400372,-762,0.996637
-1569,0.0406662,-761.5,0.996498
-1566,0.0413058,-761,0.996349
-1563,0.0419564,-760.5,0.996191
-1560,0.0426182,-760,0.996024
-1557,0.0432913,-759.5,0.995849
-1554,0.043976,-759,0.995665
-1551,0.0446725,-758.5,0.995472
-1548,0.045381,-758,0.995272
-1545,0.0461018,-757.5,0.995063
-1542,0.0468351,-757,0.994848
-1539,0.0475811,-756.5,0.994625
-1536,0.0483401,-756,0.994395
-1533,0.0491123,-755.5,0.994157
-1530,0.049898,-755,0.993913
-1527,0.0506975,-754.5,0.993662
-1524,0.051511,-754,0.993404
-1521,0.0523388,-753.5,0.993138
-1518,0.0531811,-753,0.992864
-1515,0.0540384,-752.5,0.99258
-1512,0.0549107,-752,0.992287
-1509,0.0557985,-751.5,0.991984
-1506,0.056702,-751,0.991668
-1503,0.0576215,-750.5,0.991339
-1500,0.0585574,-750,0.990995
-1497,0.05951,-749.5,0.990636
-1494,0.0604796,-749,0.990258
-1491,0.0614665,-748.5,0.989862
-1488,0.062471,-748,0.989444
-1485,0.0634935,-747.5,0.989003
-1482,0.0645344,-747,0.988537
-1479,0.065594,-746.5,0.988045
-1476,0.0666727,-746,0.987524
-1473,0.0677708,-745.5,0.986972
-1470,0.0688888,-745,0.986386
-1467,0.0700269,-744.5,0.985762
-1464,0.0711856,-744,0.985095
-1461,0.0723653,-743.5,0.98438
-1458,0.0735664,-743,0.983609
-1455,0.0747894,-742.5,0.982771
-1452,0.0760345,-742,0.981855
-1449,0.0773023,-741.5,0.980844
-1446,0.0785932,-741,0.979718
-1443,0.0799077,-740.5,0.978457
-1440,0.0812461,-740,0.977036
-1437,0.082609,-739.5,0.975431
-1434,0.0839968,-739,0.973623
-1431,0.0854101,-738.5,0.971607
-1428,0.0868491,-738,0.969398
-1425,0.0883146,-737.5,0.967038
-1422,0.089807,-737,0.96461
-1419,0.0913267,-736.5,0.962225
-1416,0.0928743,-736,0.959996
-1413,0.0944504,-735.5,0.958011
-1410,0.0960554,-735,0.956325
-1407,0.09769,-734.5,0.954961
-1404,0.0993546,-734,0.953918
-1401,0.10105,-733.5,0.953181
-1398,0.102776,-733,0.95272
-1395,0.104534,-732.5,0.952476
-1392,0.106325,-732,0.952456
-1389,0.108149,-731.5,0.952635
-1386,0.110006,-731,0.952987
-1383,0.111897,-730.5,0.95349
-1380,0.113823,-730,0.954127
-1377,0.115785,-729.5,0.954882
-1374,0.117782,-729,0.95574
-1371,0.119816,-728.5,0.956686
-1368,0.121888,-728,0.957712
-1365,0.123998,-727.5,0.958808
-1362,0.126146,-727,0.959968
-1359,0.128334,-726.5,0.961182
-1356,0.130562,-726,0.962449
-1353,0.132831,-725.5,0.963767
-1350,0.135141,-725,0.965054
-1347,0.137493,-724.5,0.966361
-1344,0.139888,-724,0.967701
-1341,0.142327,-723.5,0.969077
-1338,0.144811,-723,0.970491
-1335,0.147339,-722.5,0.971947
-1332,0.149913,-722,0.973455
-1329,0.152534,-721.5,0.975022
-1326,0.155202,-721,0.976658
-1323,0.157918,-720.5,0.978372
-1320,0.160683,-720,0.980179
-1317,0.163498,-719.5,0.982092
-1314,0.166363,-719,0.984127
-1311,0.16928,-718.5,0.986297
-1308,0.172248,-718,0.988619
-1305,0.175269,-717.5,0.991106
-1302,0.178344,-717,0.993766
-1299,0.181472,-716.5,0.996594
-1296,0.184656,-716,0.999572
-1293,0.187896,-715.5,1.00266
-1290,0.191192,-715,1.00579
-1287,0.194546,-714.5,1.00888
-1284,0.197958,-714,1.01164
-1281,0.201428,-713.5,1.01339
-1278,0.204959,-713,1.01512
-1275,0.20855,-712.5,1.01687
-1272,0.212202,-712,1.01865
-1269,0.215915,-711.5,1.02043
-1266,0.219692,-711,1.02216
-1263,0.223532,-710.5,1.0238
-1260,0.227435,-710,1.0253
-1257,0.231404,-709.5,1.02666
-1254,0.235438,-709,1.02786
-1251,0.239538,-708.5,1.02892
-1248,0.243704,-708,1.02985
-1245,0.247938,-707.5,1.03066
-1242,0.25224,-707,1.03138
-1239,0.25661,-706.5,1.032
-1236,0.261049,-706,1.03255
-1233,0.265557,-705.5,1.03303
-1230,0.270136,-705,1.03346
-1227,0.274785,-704.5,1.03385
-1224,0.279505,-704,1.03419
-1221,0.284296,-703.5,1.0345
-1218,0.289158,-703,1.03478
-1215,0.294093,-702.5,1.03503
-1212,0.2991,-702,1.03526
-1209,0.304179,-701.5,1.03547
-1206,0.309331,-701,1.03567
-1203,0.314556,-700.5,1.03585
-1200,0.319854,-700,1.03602
-1197,0.325225,-699.5,1.03617
-1194,0.330668,-699,1.03626
-1191,0.336184,-698.5,1.03634
-1188,0.341774,-698,1.03637
-1185,0.347435,-697.5,1.03638
-1182,0.353169,-697,1.0364
-1179,0.358976,-696.5,1.03643
-1176,0.364853,-696,1.03646
-1173,0.370802,-695.5,1.0365
-1170,0.376822,-695,1.03655
-1167,0.382912,-694.5,1.0366
-1164,0.389071,-694,1.03665
-1161,0.395299,-693.5,1.03671
-1158,0.401595,-693,1.03678
-1155,0.407957,-692.5,1.03684
-1152,0.414386,-692,1.03691
-1149,0.42088,-691.5,1.03698
-1146,0.427438,-691,1.03706
-1143,0.434058,-690.5,1.03714
-1140,0.440739,-690,1.03722
-1137,0.447481,-689.5,1.0373
-1134,0.45428,-689,1.03738
-1131,0.461137,-688.5,1.03747
-1128,0.468048,-688,1.03755
-1125,0.475013,-687.5,1.03764
-1122,0.482029,-687,1.03773
-1119,0.489094,-686.5,1.03782
-1116,0.496207,-686,1.03791
-1113,0.503365,-685.5,1.03801
-1110,0.510565,-685,1.0381
-1107,0.517807,-684.5,1.0382
-1104,0.525086,-684,1.03829
-1101,0.532402,-683.5,1.03839
-1098,0.53975,-683,1.03848
-1095,0.547129,-682.5,1.03858
-1092,0.554535,-682,1.03868
-1089,0.561966,-681.5,1.03877
-1086,0.569418,-681,1.03887
-1083,0.57689,-680.5,1.03897
-1080,0.584376,-680,1.03907
-1077,0.591876,-679.5,1.03916
-1074,0.599385,-679,1.03926
-1071,0.606899,-678.5,1.03936
-1068,0.614416,-678,1.03945
-1065,0.621933,-677.5,1.03955
-1062,0.629445,-677,1.03965
-1059,0.636949,-676.5,1.03974
-1056,0.644442,-676,1.03984
-1053,0.65192,-675.5,1.03993
-1050,0.65938,-675,1.04003
-1047,0.666818,-674.5,1.04013
-1044,0.67423,-674,1.04022
-1041,0.681612,-673.5,1.04032
-1038,0.688961,-673,1.04041
-1035,0.696274,-672.5,1.0405
-1032,0.703547,-672,1.0406
-1029,0.710775,-671.5,1.04069
-1026,0.717956,-671,1.04079
-1023,0.725086,-670.5,1.04088
-1020,0.732161,-670,1.04097
-1017,0.739177,-669.5,1.04107
-1014,0.746133,-669,1.04116
-1011,0.753023,-668.5,1.04125
-1008,0.759845,-668,1.04135
-1005,0.766595,-667.5,1.04144
-1002,0.773271,-667,1.04153
-1000,0.777678,-666.5,1.04163
-999.5,0.778774,-666,1.04172
-999,0.779868,-665.5,1.04181
-998.5,0.78096,-665,1.04191
-998,0.78205,-664.5,1.042
-997.5,0.783137,-664,1.0421
-997,0.784222,-663.5,1.04219
-996.5,0.785304,-663,1.04229
-996,0.786385,-662.5,1.04239
-995.5,0.787463,-662,1.04249
-995,0.788539,-661.5,1.04258
-994.5,0.789612,-661,1.04268
-994,0.790683,-660.5,1.04278
-993.5,0.791752,-660,1.04289
-993,0.792818,-659.5,1.04299
-992.5,0.793882,-659,1.04309
-992,0.794943,-658.5,1.0432
-991.5,0.796002,-658,1.04331
-991,0.797058,-657.5,1.04341
-990.5,0.798112,-657,1.04353
-990,0.799164,-656.5,1.04364
-989.5,0.800213,-656,1.04375
-989,0.80126,-655.5,1.04387
-988.5,0.802304,-655,1.04399
-988,0.803345,-654.5,1.04411
-987.5,0.804384,-654,1.04424
-987,0.805421,-653.5,1.04437
-986.5,0.806455,-653,1.0445
-986,0.807486,-652.5,1.04463
-985.5,0.808515,-652,1.04477
-985,0.809541,-651.5,1.04491
-984.5,0.810565,-651,1.04506
-984,0.811586,-650.5,1.04521
-983.5,0.812604,-650,1.04536
-983,0.81362,-649.5,1.04552
-982.5,0.814633,-649,1.04569
-982,0.815644,-648.5,1.04585
-981.5,0.816651,-648,1.04603
-981,0.817657,-647.5,1.0462
-980.5,0.818659,-647,1.04639
-980,0.819659,-646.5,1.04657
-979.5,0.820656,-646,1.04677
-979,0.82165,-645.5,1.04697
-978.5,0.822642,-645,1.04717
-978,0.82363,-644.5,1.04739
-977.5,0.824616,-644,1.0476
-977,0.8256,-643.5,1.04783
-976.5,0.82658,-643,1.04806
-976,0.827558,-642.5,1.0483
-975.5,0.828533,-642,1.04854
-975,0.829505,-641.5,1.04879
-974.5,0.830474,-641,1.04905
-974,0.831441,-640.5,1.04932
-973.5,0.832405,-640,1.04959
-973,0.833366,-639.5,1.04987
-972.5,0.834324,-639,1.05016
-972,0.835279,-638.5,1.05045
-971.5,0.836231,-638,1.05076
-971,0.837181,-637.5,1.05107
-970.5,0.838127,-637,1.05139
-970,0.839071,-636.5,1.05171
-969.5,0.840011,-636,1.05205
-969,0.840949,-635.5,1.05239
-968.5,0.841884,-635,1.05274
-968,0.842816,-634.5,1.0531
-967.5,0.843745,-634,1.05346
-967,0.844671,-633.5,1.05384
-966.5,0.845595,-633,1.05421
-966,0.846515,-632.5,1.0546
-965.5,0.847432,-632,1.055
-965,0.848346,-631.5,1.0554
-964.5,0.849258,-631,1.0558
-964,0.850166,-630.5,1.05622
-963.5,0.851071,-630,1.05664
-963,0.851974,-629.5,1.05706
-962.5,0.852873,-629,1.05749
-962,0.85377,-628.5,1.05793
-961.5,0.854663,-628,1.05837
-961,0.855553,-627.5,1.05881
-960.5,0.85644,-627,1.05926
-960,0.857325,-626.5,1.05971
-959.5,0.858206,-626,1.06017
-959,0.859084,-625.5,1.06062
-958.5,0.859959,-625,1.06108
-958,0.860831,-624.5,1.06153
-957.5,0.8617,-624,1.06199
-957,0.862566,-623.5,1.06245
-956.5,0.863428,-623,1.0629
-956,0.864288,-622.5,1.06336
-955.5,0.865145,-622,1.06381
-955,0.865998,-621.5,1.06426
-954.5,0.866849,-621,1.0647
-954,0.867696,-620.5,1.06514
-953.5,0.86854,-620,1.06558
-953,0.869381,-619.5,1.06601
-952.5,0.870219,-619,1.06643
-952,0.871054,-618.5,1.06685
-951.5,0.871885,-618,1.06726
-951,0.872714,-617.5,1.06766
-950.5,0.873539,-617,1.06805
-950,0.874362,-616.5,1.06843
-949.5,0.875181,-616,1.06881
-949,0.875997,-615.5,1.06917
-948.5,0.87681,-615,1.06952
-948,0.877619,-614.5,1.06986
-947.5,0.878426,-614,1.07019
-947,0.879229,-613.5,1.07051
-946.5,0.880029,-613,1.07081
-946,0.880826,-612.5,1.0711
-945.5,0.88162,-612,1.07138
-945,0.882411,-611.5,1.07164
-944.5,0.883198,-611,1.07189
-944,0.883982,-610.5,1.07213
-943.5,0.884763,-610,1.07235
-943,0.885541,-609.5,1.07256
-942.5,0.886316,-609,1.07275
-942,0.887087,-608.5,1.07293
-941.5,0.887856,-608,1.07309
-941,0.888621,-607.5,1.07324
-940.5,0.889383,-607,1.07337
-940,0.890142,-606.5,1.07349
-939.5,0.890897,-606,1.07359
-939,0.891649,-605.5,1.07367
-938.5,0.892398,-605,1.07373
-938,0.893144,-604.5,1.07364
-937.5,0.893887,-604,1.07355
-937,0.894626,-603.5,1.07344
-936.5,0.895363,-603,1.07331
-936,0.896096,-602.5,1.07317
-935.5,0.896826,-602,1.07301
-935,0.897552,-601.5,1.07283
-934.5,0.898276,-601,1.07265
-934,0.898996,-600.5,1.07244
-933.5,0.899713,-600,1.07223
-933,0.900427,-599.5,1.072
-932.5,0.901137,-599,1.07175
-932,0.901844,-598.5,1.0715
-931.5,0.902549,-598,1.07123
-931,0.90325,-597.5,1.07095
-930.5,0.903947,-597,1.07065
-930,0.904642,-596.5,1.07035
-929.5,0.905333,-596,1.07003
-929,0.906021,-595.5,1.0697
-928.5,0.906706,-595,1.06936
-928,0.907387,-594.5,1.06902
-927.5,0.908066,-594,1.06866
-927,0.908741,-593.5,1.06829
-926.5,0.909413,-593,1.06792
-926,0.910082,-592.5,1.06754
-925.5,0.910748,-592,1.06716
-925,0.91141,-591.5,1.06676
-924.5,0.912069,-591,1.06637
-924,0.912725,-590.5,1.06597
-923.5,0.913378,-590,1.06556
-923,0.914027,-589.5,1.06515
-922.5,0.914674,-589,1.06474
-922,0.915317,-588.5,1.06433
-921.5,0.915957,-588,1.06391
-921,0.916594,-587.5,1.0635
-920.5,0.917228,-587,1.06308
-920,0.917858,-586.5,1.06267
-919.5,0.918485,-586,1.06225
-919,0.919109,-585.5,1.06184
-918.5,0.91973,-585,1.06143
-918,0.920348,-584.5,1.06103
-917.5,0.920963,-584,1.06063
-917,0.921574,-583.5,1.06023
-916.5,0.922182,-583,1.05983
-916,0.922788,-582.5,1.05944
-915.5,0.92339,-582,1.05906
-915,0.923988,-581.5,1.05868
-914.5,0.924584,-581,1.0583
-914,0.925177,-580.5,1.05794
-913.5,0.925766,-580,1.05757
-913,0.926352,-579.5,1.05722
-912.5,0.926935,-579,1.05687
-912,0.927515,-578.5,1.05652
-911.5,0.928092,-578,1.05619
-911,0.928666,-577.5,1.05586
-910.5,0.929236,-577,1.05554
-910,0.929804,-576.5,1.05522
-909.5,0.930368,-576,1.05491
-909,0.93093,-575.5,1.05461
-908.5,0.931488,-575,1.05431
-908,0.932043,-574.5,1.05402
-907.5,0.932595,-574,1.05374
-907,0.933144,-573.5,1.05347
-906.5,0.93369,-573,1.0532
-906,0.934233,-572.5,1.05294
-905.5,0.934772,-572,1.05268
-905,0.935309,-571.5,1.05244
-904.5,0.935843,-571,1.05219
-904,0.936373,-570.5,1.05196
-903.5,0.936901,-570,1.05173
-903,0.937425,-569.5,1.05151
-902.5,0.937947,-569,1.05129
-902,0.938465,-568.5,1.05108
-901.5,0.938981,-568,1.05088
-901,0.939493,-567.5,1.05068
-900.5,0.940003,-567,1.05048
-900,0.940509,-566.5,1.0503
-899.5,0.941012,-566,1.05012
-899,0.941513,-565.5,1.04994
-898.5,0.94201,-565,1.04977
-898,0.942505,-564.5,1.04961
-897.5,0.942996,-564,1.04945
-897,0.943485,-563.5,1.0493
-896.5,0.94397,-563,1.04915
-896,0.944453,-562.5,1.04901
-895.5,0.944933,-562,1.04887
-895,0.945409,-561.5,1.04874
-894.5,0.945883,-561,1.04861
-894,0.946354,-560.5,1.04849
-893.5,0.946822,-560,1.04837
-893,0.947287,-559.5,1.04826
-892.5,0.947749,-559,1.04815
-892,0.948209,-558.5,1.04805
-891.5,0.948665,-558,1.04795
-891,0.949119,-557.5,1.04786
-890.5,0.949569,-557,1.04777
-890,0.950017,-556.5,1.04769
-889.5,0.950462,-556,1.04761
-889,0.950904,-555.5,1.04753
-888.5,0.951344,-555,1.04746
-888,0.95178,-554.5,1.0474
-887.5,0.952214,-554,1.04734
-887,0.952645,-553.5,1.04728
-886.5,0.953073,-553,1.04723
-886,0.953498,-552.5,1.04718
-885.5,0.95392,-552,1.04713
-885,0.95434,-551.5,1.04709
-884.5,0.954757,-551,1.04705
-884,0.955171,-550.5,1.04702
-883.5,0.955583,-550,1.04699
-883,0.955991,-549.5,1.04697
-882.5,0.956397,-549,1.04694
-882,0.9568,-548.5,1.04692
-881.5,0.957201,-548,1.04691
-881,0.957599,-547.5,1.0469
-880.5,0.957994,-547,1.04689
-880,0.958386,-546.5,1.04688
-879.5,0.958776,-546,1.04688
-879,0.959163,-545.5,1.04688
-878.5,0.959547,-545,1.04689
-878,0.959929,-544.5,1.0469
-877.5,0.960308,-544,1.04691
-877,0.960685,-543.5,1.04692
-876.5,0.961058,-543,1.04694
-876,0.96143,-542.5,1.04694
-875.5,0.961798,-542,1.04693
-875,0.962164,-541.5,1.04691
-874.5,0.962528,-541,1.0469
-874,0.962888,-540.5,1.0469
-873.5,0.963247,-540,1.0469
-873,0.963602,-539.5,1.0469
-872.5,0.963955,-539,1.0469
-872,0.964306,-538.5,1.04691
-871.5,0.964654,-538,1.04692
-871,0.965,-537.5,1.04693
-870.5,0.965343,-537,1.04695
-870,0.965683,-536.5,1.04697
-869.5,0.966021,-536,1.04699
-869,0.966357,-535.5,1.04702
-868.5,0.96669,-535,1.04706
-868,0.967021,-534.5,1.04709
-867.5,0.967349,-534,1.04713
-867,0.967675,-533.5,1.04717
-866.5,0.967998,-533,1.04722
-866,0.968319,-532.5,1.04727
-865.5,0.968637,-532,1.04733
-865,0.968954,-531.5,1.04739
-864.5,0.969267,-531,1.04745
-864,0.969579,-530.5,1.04752
-863.5,0.969888,-530,1.04759
-863,0.970194,-529.5,1.04767
-862.5,0.970498,-529,1.04775
-862,0.9708,-528.5,1.04784
-861.5,0.9711,-528,1.04793
-861,0.971397,-527.5,1.04802
-860.5,0.971692,-527,1.04812
-860,0.971985,-526.5,1.04822
-859.5,0.972275,-526,1.04833
-859,0.972563,-525.5,1.04845
-858.5,0.972849,-525,1.04857
-858,0.973133,-524.5,1.04869
-857.5,0.973414,-524,1.04882
-857,0.973693,-523.5,1.04895
-856.5,0.97397,-523,1.04909
-856,0.974245,-522.5,1.04923
-855.5,0.974518,-522,1.04938
-855,0.974788,-521.5,1.04954
-854.5,0.975056,-521,1.0497
-854,0.975322,-520.5,1.04986
-853.5,0.975586,-520,1.05003
-853,0.975848,-519.5,1.05021
-852.5,0.976107,-519,1.05039
-852,0.976365,-518.5,1.05058
-851.5,0.97662,-518,1.05077
-851,0.976873,-517.5,1.05097
-850.5,0.977124,-517,1.05118
-850,0.977373,-516.5,1.05139
-849.5,0.97762,-516,1.0516
-849,0.977865,-515.5,1.05183
-848.5,0.978108,-515,1.05206
-848,0.978349,-514.5,1.05229
-847.5,0.978588,-514,1.05253
-847,0.978825,-513.5,1.05278
-846.5,0.979059,-513,1.05303
-846,0.979292,-512.5,1.0533
-845.5,0.979523,-512,1.05356
-845,0.979752,-511.5,1.05384
-844.5,0.979979,-511,1.05412
-844,0.980204,-510.5,1.05441
-843.5,0.980427,-510,1.0547
-843,0.980648,-509.5,1.055
-842.5,0.980867,-509,1.05531
-842,0.981084,-508.5,1.05563
-841.5,0.9813,-508,1.05595
-841,0.981513,-507.5,1.05628
-840.5,0.981725,-507,1.05661
-840,0.981935,-506.5,1.05695
-839.5,0.982143,-506,1.0573
-839,0.982349,-505.5,1.05765
-838.5,0.982553,-505,1.05801
-838,0.982755,-504.5,1.05838
-837.5,0.982956,-504,1.05875
-837,0.983155,-503.5,1.05913
-836.5,0.983352,-503,1.05951
-836,0.983547,-502.5,1.0599
-835.5,0.983741,-502,1.06029
-835,0.983933,-501.5,1.06069
-834.5,0.984123,-501,1.06108
-834,0.984311,-500.5,1.06149
-833.5,0.984498,-500,1.06189
-833,0.984683,-499.5,1.0623
-832.5,0.984866,-499,1.06271
-832,0.985048,-498.5,1.06312
-831.5,0.985227,-498,1.06353
-831,0.985406,-497.5,1.06394
-830.5,0.985582,-497,1.06435
-830,0.985757,-496.5,1.06476
-829.5,0.985931,-496,1.06516
-829,0.986102,-495.5,1.06557
-828.5,0.986272,-495,1.06597
-828,0.986441,-494.5,1.06636
-827.5,0.986608,-494,1.06675
-827,0.986773,-493.5,1.06714
-826.5,0.986937,-493,1.06752
-826,0.987099,-492.5,1.0679
-825.5,0.98726,-492,1.06826
-825,0.987419,-491.5,1.06862
-824.5,0.987577,-491,1.06897
-824,0.987733,-490.5,1.06932
-823.5,0.987888,-490,1.06965
-823,0.988041,-489.5,1.06997
-822.5,0.988193,-489,1.07028
-822,0.988343,-488.5,1.07058
-821.5,0.988492,-488,1.07087
-821,0.98864,-487.5,1.07115
-820.5,0.988786,-487,1.07142
-820,0.98893,-486.5,1.07167
-819.5,0.989074,-486,1.07191
-819,0.989215,-485.5,1.07214
-818.5,0.989356,-485,1.07235
-818,0.989495,-484.5,1.07255
-817.5,0.989633,-484,1.07273
-817,0.989769,-483.5,1.0729
-816.5,0.989904,-483,1.07306
-816,0.990038,-482.5,1.0732
-815.5,0.99017,-482,1.07333
-815,0.990301,-481.5,1.07344
-814.5,0.990431,-481,1.07353
-814,0.99056,-480.5,1.07359
-813.5,0.990687,-480,1.07352
-813,0.990813,-479.5,1.07344
-812.5,0.990938,-479,1.07334
-812,0.991061,-478.5,1.07322
-811.5,0.991184,-478,1.07309
-811,0.991305,-477.5,1.07294
-810.5,0.991425,-477,1.07278
-810,0.991543,-476.5,1.0726
-809.5,0.991661,-476,1.07241
-809,0.991777,-475.5,1.0722
-808.5,0.991893,-475,1.07198
-808,0.992007,-474.5,1.07174
-807.5,0.99212,-474,1.07149
-807,0.992232,-473.5,1.07122
-806.5,0.992342,-473,1.07094
-806,0.992452,-472.5,1.07065
-805.5,0.992561,-472,1.07035
-805,0.992668,-471.5,1.07003
-804.5,0.992775,-471,1.0697
-804,0.99288,-470.5,1.06936
-803.5,0.992984,-470,1.06901
-803,0.993088,-469.5,1.06864
-802.5,0.99319,-469,1.06827
-802,0.993292,-468.5,1.06789
-801.5,0.993392,-468,1.06749
-801,0.993491,-467.5,1.06709
-800.5,0.99359,-467,1.06668
-800,0.993687,-466.5,1.06627
-799.5,0.993784,-466,1.06584
-799,0.99388,-465.5,1.06541
-798.5,0.993974,-465,1.06498
-798,0.994068,-464.5,1.06454
-797.5,0.994161,-464,1.0641
-797,0.994253,-463.5,1.06365
-796.5,0.994344,-463,1.0632
-796,0.994435,-462.5,1.06275
-795.5,0.994524,-462,1.06229
-795,0.994613,-461.5,1.06184
-794.5,0.994701,-461,1.06138
-794,0.994788,-460.5,1.06093
-793.5,0.994875,-460,1.06047
-793,0.99496,-459.5,1.06002
-792.5,0.995045,-459,1.05957
-792,0.995129,-458.5,1.05913
-791.5,0.995213,-458,1.05868
-791,0.995295,-457.5,1.05824
-790.5,0.995377,-457,1.05781
-790,0.995459,-456.5,1.05738
-789.5,0.995539,-456,1.05695
-789,0.995619,-455.5,1.05653
-788.5,0.995699,-455,1.05612
-788,0.995778,-454.5,1.05571
-787.5,0.995856,-454,1.05531
-787,0.995933,-453.5,1.05491
-786.5,0.99601,-453,1.05453
-786,0.996087,-452.5,1.05414
-785.5,0.996162,-452,1.05377
-785,0.996238,-451.5,1.05341
-784.5,0.996312,-451,1.05305
-784,0.996387,-450.5,1.0527
-783.5,0.99646,-450,1.05235
-783,0.996534,-449.5,1.05202
-782.5,0.996606,-449,1.05169
-782,0.996679,-448.5,1.05137
-781.5,0.99675,-448,1.05106
-781,0.996822,-447.5,1.05075
-780.5,0.996893,-447,1.05046
-780,0.996963,-446.5,1.05017
-779.5,0.997033,-446,1.04988
-779,0.997103,-445.5,1.04961
-778.5,0.997172,-445,1.04934
-778,0.997241,-444.5,1.04908
-777.5,0.99731,-444,1.04883
-777,0.997378,-443.5,1.04858
-776.5,0.997446,-443,1.04835
-776,0.997513,-442.5,1.04811
-775.5,0.99758,-442,1.04789
-775,0.997647,-441.5,1.04767
-774.5,0.997713,-441,1.04745
-774,0.997779,-440.5,1.04725
-773.5,0.997844,-440,1.04705
-773,0.997909,-439.5,1.04685
-772.5,0.997974,-439,1.04666
-772,0.998039,-438.5,1.04648
-771.5,0.998103,-438,1.0463
-771,0.998166,-437.5,1.04613
-770.5,0.998229,-437,1.04596
-770,0.998292,-436.5,1.04579
-769.5,0.998354,-436,1.04563
-769,0.998416,-435.5,1.04548
-768.5,0.998477,-435,1.04533
-768,0.998538,-434.5,1.04518
-767.5,0.998598,-434,1.04504
-767,0.998658,-433.5,1.0449
-766.5,0.998717,-433,1.04476
-766,0.998775,-432.5,1.04463
-765.5,0.998833,-432,1.0445
-765,0.99889,-431.5,1.04437
-764.5,0.998946,-431,1.04425
-764,0.999001,-430.5,1.04413
-763.5,0.999056,-430,1.04401
-763,0.999109,-429.5,1.0439
-762.5,0.999162,-429,1.04378
-762,0.999214,-428.5,1.04367
-761.5,0.999264,-428,1.04356
-761,0.999314,-427.5,1.04345
-760.5,0.999362,-427,1.04335
-760,0.999409,-426.5,1.04324
-759.5,0.999454,-426,1.04314
-759,0.999499,-425.5,1.04303
-758.5,0.999542,-425,1.04293
-758,0.999583,-424.5,1.04283
-757.5,0.999623,-424,1.04273
-757,0.999661,-423.5,1.04264
-756.5,0.999697,-423,1.04254
-756,0.999732,-422.5,1.04244
-755.5,0.999765,-422,1.04235
-755,0.999796,-421.5,1.04225
-754.5,0.999825,-421,1.04216
-754,0.999852,-420.5,1.04206
-753.5,0.999877,-420,1.04197
-753,0.9999,-419.5,1.04187
-752.5,0.999921,-419,1.04178
-752,0.999939,-418.5,1.04168
-751.5,0.999956,-418,1.04159
-751,0.99997,-417.5,1.0415
-750.5,0.999982,-417,1.0414
-750,0.999992,-416.5,1.04131
-749.5,1,-416,1.04121
-749,1,-415.5,1.04112
-748.5,1.00001,-415,1.04103
-748,1.00001,-414.5,1.04093
-747.5,1.00001,-414,1.04084
-747,1,-413.5,1.04074
-746.5,0.999999,-413,1.04065
-746,0.999991,-412.5,1.04055
-745.5,0.999982,-412,1.04046
-745,0.999971,-411.5,1.04036
-744.5,0.999958,-411,1.04026
-744,0.999943,-410.5,1.04017
-743.5,0.999927,-410,1.04007
-743,0.99991,-409.5,1.03998
-742.5,0.999891,-409,1.03988
-742,0.999872,-408.5,1.03978
-741.5,0.999851,-408,1.03968
-741,0.99983,-407.5,1.03959
-740.5,0.999809,-407,1.03949
-740,0.999787,-406.5,1.03939
-739.5,0.999765,-406,1.03929
-739,0.999743,-405.5,1.0392
-738.5,0.999721,-405,1.0391
-738,0.9997,-404.5,1.039
-737.5,0.99968,-404,1.0389
-737,0.999661,-403.5,1.03881
-736.5,0.999644,-403,1.03871
-736,0.999628,-402.5,1.03861
-735.5,0.999614,-402,1.03852
-735,0.999601,-401.5,1.03842
-734.5,0.999591,-401,1.03833
-734,0.999584,-400.5,1.03823
-733.5,0.999579,-400,1.03814
-733,0.999577,-399.5,1.03805
-732.5,0.999579,-399,1.03796
-732,0.999583,-398.5,1.03787
-731.5,0.999591,-398,1.03778
-731,0.999603,-397.5,1.03769
-730.5,0.999618,-397,1.0376
-730,0.999638,-396.5,1.03752
-729.5,0.999661,-396,1.03744
-729,0.999688,-395.5,1.03736
-728.5,0.99972,-395,1.03728
-728,0.999755,-394.5,1.03721
-727.5,0.999795,-394,1.03714
-727,0.999839,-393.5,1.03707
-726.5,0.999887,-393,1.03701
-726,0.99994,-392.5,1.03695
-725.5,0.999996,-392,1.03689
-725,1.00006,-391.5,1.03684
-724.5,1.00012,-391,1.03679
-724,1.00019,-390.5,1.03675
-723.5,1.00026,-390,1.03672
-723,1.00034,-389.5,1.03669
-722.5,1.00042,-389,1.03666
-722,1.0005,-388.5,1.03665
-721.5,1.00059,-388,1.03664
-721,1.00068,-387.5,1.03664
-720.5,1.00077,-387,1.03661
-720,1.00086,-386.5,1.0365
-719.5,1.00096,-386,1.03635
-719,1.00106,-385.5,1.03619
-718.5,1.00116,-385,1.03602
-718,1.00126,-384.5,1.03584
-717.5,1.00137,-384,1.03565
-717,1.00148,-383.5,1.03544
-716.5,1.00158,-383,1.03521
-716,1.00169,-382.5,1.03496
-715.5,1.0018,-382,1.03468
-715,1.00191,-381.5,1.03438
-714.5,1.00203,-381,1.03405
-714,1.00214,-380.5,1.03368
-713.5,1.00225,-380,1.03327
-713,1.00236,-379.5,1.03282
-712.5,1.00247,-379,1.03231
-712,1.00259,-378.5,1.03173
-711.5,1.0027,-378,1.03109
-711,1.00281,-377.5,1.03036
-710.5,1.00292,-377,1.02954
-710,1.00303,-376.5,1.0286
-709.5,1.00314,-376,1.02753
-709,1.00325,-375.5,1.02631
-708.5,1.00336,-375,1.02492
-708,1.00347,-374.5,1.02332
-707.5,1.00358,-374,1.02151
-707,1.00368,-373.5,1.01946
-706.5,1.00379,-373,1.01716
-706,1.00389,-372.5,1.0146
-705.5,1.004,-372,1.01182
-705,1.0041,-371.5,1.00884
-704.5,1.0042,-371,1.00575
-704,1.0043,-370.5,1.00263
-703.5,1.0044,-370,0.999559
-703,1.0045,-369.5,0.996605
-702.5,1.0046,-369,0.993804
-702,1.0047,-368.5,0.991172
-701.5,1.0048,-368,0.98871
-701,1.0049,-367.5,0.986411
-700.5,1.005,-367,0.98426
-700,1.00509,-366.5,0.982241
-699.5,1.00519,-366,0.980339
-699,1.00528,-365.5,0.97854
-698.5,1.00538,-365,0.976829
-698,1.00547,-364.5,0.975194
-697.5,1.00557,-364,0.973624
-697,1.00566,-363.5,0.972112
-696.5,1.00576,-363,0.970647
-696,1.00585,-362.5,0.969224
-695.5,1.00595,-362,0.967838
-695,1.00604,-361.5,0.966488
-694.5,1.00614,-361,0.96517
-694,1.00623,-360.5,0.963884
-693.5,1.00632,-360,0.962631
-693,1.00642,-359.5,0.961417
-692.5,1.00651,-359,0.960244
-692,1.00661,-358.5,0.959117
-691.5,1.0067,-358,0.958045
-691,1.0068,-357.5,0.957037
-690.5,1.00689,-357,0.956103
-690,1.00699,-356.5,0.955253
-689.5,1.00708,-356,0.954502
-689,1.00718,-355.5,0.953868
-688.5,1.00727,-355,0.953367
-688,1.00737,-354.5,0.953017
-687.5,1.00747,-354,0.952842
-687,1.00756,-353.5,0.952868
-686.5,1.00766,-353,0.953121
-686,1.00776,-352.5,0.953627
-685.5,1.00786,-352,0.954415
-685,1.00796,-351.5,0.955512
-684.5,1.00806,-351,0.956929
-684,1.00816,-350.5,0.958665
-683.5,1.00826,-350,0.960695
-683,1.00836,-349.5,0.96296
-682.5,1.00846,-349,0.965367
-682,1.00856,-348.5,0.967803
-681.5,1.00866,-348,0.970163
-681,1.00877,-347.5,0.972369
-680.5,1.00887,-347,0.974378
-680,1.00897,-346.5,0.976179
-679.5,1.00908,-346,0.977778
-679,1.00918,-345.5,0.979196
-678.5,1.00929,-345,0.980457
-678,1.00939,-344.5,0.981584
-677.5,1.0095,-344,0.982599
-677,1.00961,-343.5,0.983521
-676.5,1.00972,-343,0.984366
-676,1.00983,-342.5,0.985145
-675.5,1.00994,-342,0.985869
-675,1.01005,-341.5,0.986545
-674.5,1.01016,-341,0.987179
-674,1.01027,-340.5,0.987775
-673.5,1.01038,-340,0.988337
-673,1.0105,-339.5,0.988868
-672.5,1.01061,-339,0.98937
-672,1.01073,-338.5,0.989846
-671.5,1.01085,-338,0.990297
-671,1.01097,-337.5,0.990726
-670.5,1.01109,-337,0.991134
-670,1.01121,-336.5,0.991522
-669.5,1.01133,-336,0.991893
-669,1.01145,-335.5,0.992248
-668.5,1.01157,-335,0.992589
-668,1.0117,-334.5,0.992916
-667.5,1.01183,-334,0.993233
-667,1.01196,-333.5,0.993539
-666.5,1.01209,-333,0.993835
-666,1.01222,-332.5,0.994123
-665.5,1.01235,-332,0.994403
-665,1.01248,-331.5,0.994676
-664.5,1.01262,-331,0.994942
-664,1.01276,-330.5,0.995202
-663.5,1.0129,-330,0.995455
-663,1.01304,-329.5,0.995701
-662.5,1.01318,-329,0.995941
-662,1.01333,-328.5,0.996174
-661.5,1.01348,-328,0.9964
-661,1.01363,-327.5,0.996619
-660.5,1.01378,-327,0.996831
-660,1.01393,-326.5,0.997034
-659.5,1.01409,-326,0.99723
-659,1.01425,-325.5,0.997417
-658.5,1.01441,-325,0.997596
-658,1.01457,-324.5,0.997766
-657.5,1.01474,-324,0.997928
-657,1.01491,-323.5,0.99808
-656.5,1.01508,-323,0.998224
-656,1.01525,-322.5,0.998359
-655.5,1.01543,-322,0.998486
-655,1.01561,-321.5,0.998604
-654.5,1.01579,-321,0.998714
-654,1.01598,-320.5,0.998816
-653.5,1.01616,-320,0.99891
-653,1.01636,-319.5,0.998996
-652.5,1.01655,-319,0.999076
-652,1.01675,-318.5,0.999148
-651.5,1.01695,-318,0.999214
-651,1.01715,-317.5,0.999274
-650.5,1.01736,-317,0.999328
-650,1.01757,-316.5,0.999377
-649.5,1.01778,-316,0.99942
-649,1.018,-315.5,0.999459
-648.5,1.01822,-315,0.999493
-648,1.01845,-314.5,0.999523
-647.5,1.01867,-314,0.999549
-647,1.01891,-313.5,0.999572
-646.5,1.01914,-313,0.999591
-646,1.01938,-312.5,0.999607
-645.5,1.01962,-312,0.99962
-645,1.01986,-311.5,0.999631
-644.5,1.02011,-311,0.99964
-644,1.02036,-310.5,0.999646
-643.5,1.02062,-310,0.99965
-643,1.02087,-309.5,0.999653
-642.5,1.02114,-309,0.999654
-642,1.0214,-308.5,0.999653
-641.5,1.02167,-308,0.999651
-641,1.02194,-307.5,0.999648
-640.5,1.02221,-307,0.999644
-640,1.02249,-306.5,0.999639
-639.5,1.02277,-306,0.999633
-639,1.02305,-305.5,0.999627
-638.5,1.02334,-305,0.999619
-638,1.02362,-304.5,0.999611
-637.5,1.02391,-304,0.999603
-637,1.02421,-303.5,0.999587
-636.5,1.0245,-303,0.999568
-636,1.0248,-302.5,0.999551
-635.5,1.02509,-302,0.999535
-635,1.0254,-301.5,0.999519
-634.5,1.0257,-301,0.999503
-634,1.026,-300.5,0.999489
-633.5,1.02631,-300,0.999474
-633,1.02661,-299.5,0.999461
-632.5,1.02692,-299,0.999448
-632,1.02723,-298.5,0.999435
-631.5,1.02753,-298,0.999422
-631,1.02784,-297.5,0.99941
-630.5,1.02815,-297,0.999398
-630,1.02846,-296.5,0.999386
-629.5,1.02877,-296,0.999375
-629,1.02907,-295.5,0.999364
-628.5,1.02938,-295,0.999353
-628,1.02968,-294.5,0.999342
-627.5,1.02999,-294,0.999332
-627,1.03029,-293.5,0.999321
-626.5,1.03059,-293,0.999311
-626,1.03089,-292.5,0.999301
-625.5,1.03119,-292,0.999291
-625,1.03148,-291.5,0.999281
-624.5,1.03177,-291,0.999271
-624,1.03206,-290.5,0.999261
-623.5,1.03234,-290,0.999252
-623,1.03262,-289.5,0.999242
-622.5,1.0329,-289,0.999233
-622,1.03317,-288.5,0.999223
-621.5,1.03344,-288,0.999214
-621,1.03371,-287.5,0.999205
-620.5,1.03396,-287,0.999195
-620,1.03422,-286.5,0.999186
-619.5,1.03447,-286,0.999177
-619,1.03471,-285.5,0.999168
-618.5,1.03494,-285,0.999159
-618,1.03517,-284.5,0.99915
-617.5,1.0354,-284,0.999141
-617,1.03561,-283.5,0.999132
-616.5,1.03583,-283,0.999123
-616,1.03603,-282.5,0.999114
-615.5,1.03622,-282,0.999105
-615,1.03641,-281.5,0.999096
-614.5,1.03659,-281,0.999087
-614,1.03676,-280.5,0.999079
-613.5,1.03693,-280,0.99907
-613,1.03709,-279.5,0.999061
-612.5,1.03723,-279,0.999052
-612,1.03737,-278.5,0.999043
-611.5,1.0375,-278,0.999035
-611,1.03762,-277.5,0.999026
-610.5,1.03774,-277,0.999017
-610,1.03784,-276.5,0.999009
-609.5,1.03794,-276,0.999
-609,1.03802,-275.5,0.998991
-608.5,1.0381,-275,0.998983
-608,1.03816,-274.5,0.998974
-607.5,1.03822,-274,0.998965
-607,1.03827,-273.5,0.998957
-606.5,1.03831,-273,0.998948
-606,1.03833,-272.5,0.998939
-605.5,1.03835,-272,0.998931
-605,1.03836,-271.5,0.998922
-604.5,1.03836,-271,0.998914
-604,1.03835,-270.5,0.998905
-603.5,1.03833,-270,0.998897
-603,1.0383,-269.5,0.998888
-602.5,1.03827,-269,0.998879
-602,1.03822,-268.5,0.998871
-601.5,1.03816,-268,0.998862
-601,1.0381,-267.5,0.998854
-600.5,1.03802,-267,0.998845
-600,1.03794,-266.5,0.998837
-599.5,1.03784,-266,0.998828
-599,1.03774,-265.5,0.99882
-598.5,1.03763,-265,0.998811
-598,1.03752,-264.5,0.998803
-597.5,1.03739,-264,0.998794
-597,1.03726,-263.5,0.998786
-596.5,1.03711,-263,0.998777
-596,1.03696,-262.5,0.998769
-595.5,1.03681,-262,0.99876
-595,1.03664,-261.5,0.998752
-594.5,1.03647,-261,0.998743
-594,1.03629,-260.5,0.998735
-593.5,1.03611,-260,0.998726
-593,1.03592,-259.5,0.998718
-592.5,1.03572,-259,0.998709
-592,1.03552,-258.5,0.998701
-591.5,1.03531,-258,0.998692
-591,1.03509,-257.5,0.998684
-590.5,1.03487,-257,0.998675
-590,1.03465,-256.5,0.998667
-589.5,1.03442,-256,0.998658
-589,1.03419,-255.5,0.99865
-588.5,1.03395,-255,0.998641
-588,1.03371,-254.5,0.998633
-587.5,1.03346,-254,0.998624
-587,1.03322,-253.5,0.998616
-586.5,1.03297,-253,0.998607
-586,1.03271,-252.5,0.998599
-585.5,1.03246,-252,0.99859
-585,1.0322,-251.5,0.998582
-584.5,1.03194,-251,0.998573
-584,1.03167,-250.5,0.998564
-583.5,1.03141,-250,0.998556
-583,1.03115,-249.5,0.998547
-582.5,1.03088,-249,0.998539
-582,1.03061,-248.5,0.99853
-581.5,1.03035,-248,0.998522
-581,1.03008,-247.5,0.998513
-580.5,1.02981,-247,0.998505
-580,1.02954,-246.5,0.998496
-579.5,1.02928,-246,0.998487
-579,1.02901,-245.5,0.998479
-578.5,1.02874,-245,0.99847
-578,1.02848,-244.5,0.998462
-577.5,1.02821,-244,0.998453
-577,1.02795,-243.5,0.998444
-576.5,1.02769,-243,0.998436
-576,1.02743,-242.5,0.998427
-575.5,1.02718,-242,0.998419
-575,1.02692,-241.5,0.99841
-574.5,1.02667,-241,0.998401
-574,1.02642,-240.5,0.998393
-573.5,1.02617,-240,0.998384
-573,1.02592,-239.5,0.998375
-572.5,1.02568,-239,0.998367
-572,1.02544,-238.5,0.998358
-571.5,1.0252,-238,0.998349
-571,1.02497,-237.5,0.99834
-570.5,1.02474,-237,0.998332
-570,1.02451,-236.5,0.998323
-569.5,1.02429,-236,0.998314
-569,1.02407,-235.5,0.998306
-568.5,1.02385,-235,0.998297
-568,1.02364,-234.5,0.998288
-567.5,1.02343,-234,0.998279
-567,1.02322,-233.5,0.99827
-566.5,1.02302,-233,0.998262
-566,1.02282,-232.5,0.998253
-565.5,1.02263,-232,0.998244
-565,1.02243,-231.5,0.998235
-564.5,1.02225,-231,0.998226
-564,1.02207,-230.5,0.998218
-563.5,1.02189,-230,0.998209
-563,1.02171,-229.5,0.9982
-562.5,1.02154,-229,0.998191
-562,1.02138,-228.5,0.998182
-561.5,1.02122,-228,0.998173
-561,1.02106,-227.5,0.998164
-560.5,1.02091,-227,0.998156
-560,1.02076,-226.5,0.998147
-559.5,1.02061,-226,0.998138
-559,1.02047,-225.5,0.998129
-558.5,1.02034,-225,0.99812
-558,1.02021,-224.5,0.998111
-557.5,1.02008,-224,0.998102
-557,1.01996,-223.5,0.998093
-556.5,1.01984,-223,0.998084
-556,1.01972,-222.5,0.998075
-555.5,1.01961,-222,0.998066
-555,1.01951,-221.5,0.998057
-554.5,1.01941,-221,0.998048
-554,1.01931,-220.5,0.998039
-553.5,1.01922,-220,0.99803
-553,1.01913,-219.5,0.998021
-552.5,1.01905,-219,0.998012
-552,1.01897,-218.5,0.998003
-551.5,1.01889,-218,0.997994
-551,1.01882,-217.5,0.997985
-550.5,1.01875,-217,0.997975
-550,1.01869,-216.5,0.997966
-549.5,1.01863,-216,0.997957
-549,1.01858,-215.5,0.997948
-548.5,1.01853,-215,0.997939
-548,1.01848,-214.5,0.99793
-547.5,1.01844,-214,0.997921
-547,1.01841,-213.5,0.997911
-546.5,1.01837,-213,0.997902
-546,1.01834,-212.5,0.997893
-545.5,1.01832,-212,0.997884
-545,1.0183,-211.5,0.997875
-544.5,1.01828,-211,0.997865
-544,1.01827,-210.5,0.997856
-543.5,1.01826,-210,0.997847
-543,1.01826,-209.5,0.997838
-542.5,1.01826,-209,0.997828
-542,1.01827,-208.5,0.997819
-541.5,1.01828,-208,0.99781
-541,1.01829,-207.5,0.9978
-540.5,1.01831,-207,0.997791
-540,1.01833,-206.5,0.997782
-539.5,1.01835,-206,0.997772
-539,1.01838,-205.5,0.997763
-538.5,1.01842,-205,0.997754
-538,1.01846,-204.5,0.997744
-537.5,1.0185,-204,0.997735
-537,1.01855,-203.5,0.997726
-536.5,1.0186,-203,0.997716
-536,1.01865,-202.5,0.997707
-535.5,1.01871,-202,0.997697
-535,1.01878,-201.5,0.997688
-534.5,1.01885,-201,0.997679
-534,1.01892,-200.5,0.997669
-533.5,1.01899,-200,0.99766
-533,1.01908,-199.5,0.99765
-532.5,1.01916,-199,0.997641
-532,1.01925,-198.5,0.997631
-531.5,1.01934,-198,0.997622
-531,1.01944,-197.5,0.997612
-530.5,1.01954,-197,0.997603
-530,1.01965,-196.5,0.997593
-529.5,1.01976,-196,0.997584
-529,1.01988,-195.5,0.997574
-528.5,1.02,-195,0.997565
-528,1.02012,-194.5,0.997555
-527.5,1.02025,-194,0.997546
-527,1.02038,-193.5,0.997536
-526.5,1.02052,-193,0.997527
-526,1.02066,-192.5,0.997517
-525.5,1.0208,-192,0.997507
-525,1.02095,-191.5,0.997498
-524.5,1.02111,-191,0.997488
-524,1.02126,-190.5,0.997479
-523.5,1.02143,-190,0.997469
-523,1.02159,-189.5,0.997459
-522.5,1.02176,-189,0.99745
-522,1.02194,-188.5,0.99744
-521.5,1.02211,-188,0.99743
-521,1.0223,-187.5,0.997421
-520.5,1.02248,-187,0.997411
-520,1.02267,-186.5,0.997401
-519.5,1.02287,-186,0.997392
-519,1.02307,-185.5,0.997382
-518.5,1.02327,-185,0.997372
-518,1.02347,-184.5,0.997363
-517.5,1.02368,-184,0.997353
-517,1.0239,-183.5,0.997343
-516.5,1.02411,-183,0.997334
-516,1.02433,-182.5,0.997324
-515.5,1.02456,-182,0.997314
-515,1.02478,-181.5,0.997304
-514.5,1.02501,-181,0.997295
-514,1.02525,-180.5,0.997285
-513.5,1.02548,-180,0.997275
-513,1.02572,-179.5,0.997265
-512.5,1.02596,-179,0.997256
-512,1.02621,-178.5,0.997246
-511.5,1.02645,-178,0.997236
-511,1.0267,-177.5,0.997226
-510.5,1.02696,-177,0.997217
-510,1.02721,-176.5,0.997207
-509.5,1.02746,-176,0.997197
-509,1.02772,-175.5,0.997187
-508.5,1.02798,-175,0.997177
-508,1.02824,-174.5,0.997168
-507.5,1.0285,-174,0.997158
-507,1.02877,-173.5,0.997148
-506.5,1.02903,-173,0.997138
-506,1.0293,-172.5,0.997129
-505.5,1.02956,-172,0.997119
-505,1.02983,-171.5,0.997109
-504.5,1.03009,-171,0.997099
-504,1.03036,-170.5,0.997089
-503.5,1.03062,-170,0.997079
-503,1.03089,-169.5,0.99707
-502.5,1.03115,-169,0.99706
-502,1.03141,-168.5,0.99705
-501.5,1.03167,-168,0.99704
-501,1.03193,-167.5,0.99703
-500.5,1.03219,-167,0.997021
-500,1.03245,-166.5,0.997011
-499.5,1.0327,-166,0.997001
-499,1.03295,-165.5,0.996991
-498.5,1.0332,-165,0.996981
-498,1.03345,-164.5,0.996971
-497.5,1.03369,-164,0.996962
-497,1.03393,-163.5,0.996952
-496.5,1.03416,-163,0.996942
-496,1.03439,-162.5,0.996932
-495.5,1.03462,-162,0.996922
-495,1.03484,-161.5,0.996912
-494.5,1.03505,-161,0.996903
-494,1.03527,-160.5,0.996893
-493.5,1.03547,-160,0.996883
-493,1.03567,-159.5,0.996873
-492.5,1.03587,-159,0.996863
-492,1.03606,-158.5,0.996854
-491.5,1.03624,-158,0.996844
-491,1.03641,-157.5,0.996834
-490.5,1.03658,-157,0.996824
-490,1.03674,-156.5,0.996814
-489.5,1.0369,-156,0.996805
-489,1.03705,-155.5,0.996795
-488.5,1.03719,-155,0.996785
-488,1.03732,-154.5,0.996775
-487.5,1.03744,-154,0.996765
-487,1.03756,-153.5,0.996756
-486.5,1.03766,-153,0.996746
-486,1.03776,-152.5,0.996736
-485.5,1.03785,-152,0.996726
-485,1.03793,-151.5,0.996716
-484.5,1.03801,-151,0.996707
-484,1.03807,-150.5,0.996697
-483.5,1.03813,-150,0.996687
-483,1.03817,-149.5,0.996677
-482.5,1.03821,-149,0.996668
-482,1.03823,-148.5,0.996658
-481.5,1.03825,-148,0.996648
-481,1.03826,-147.5,0.996639
-480.5,1.03826,-147,0.996629
-480,1.03825,-146.5,0.996619
-479.5,1.03823,-146,0.996609
-479,1.0382,-145.5,0.9966
-478.5,1.03816,-145,0.99659
-478,1.03811,-144.5,0.99658
-477.5,1.03805,-144,0.996571
-477,1.03798,-143.5,0.996561
-476.5,1.03791,-143,0.996551
-476,1.03782,-142.5,0.996542
-475.5,1.03772,-142,0.996532
-475,1.03762,-141.5,0.996523
-474.5,1.03751,-141,0.996513
-474,1.03738,-140.5,0.996503
-473.5,1.03725,-140,0.996494
-473,1.03711,-139.5,0.996484
-472.5,1.03696,-139,0.996475
-472,1.03681,-138.5,0.996465
-471.5,1.03664,-138,0.996455
-471,1.03647,-137.5,0.996446
-470.5,1.03629,-137,0.996436
-470,1.0361,-136.5,0.996427
-469.5,1.03591,-136,0.996417
-469,1.0357,-135.5,0.996408
-468.5,1.03549,-135,0.996398
-468,1.03528,-134.5,0.996389
-467.5,1.03505,-134,0.99638
-467,1.03482,-133.5,0.99637
-466.5,1.03459,-133,0.996361
-466,1.03435,-132.5,0.996351
-465.5,1.0341,-132,0.996342
-465,1.03385,-131.5,0.996332
-464.5,1.03359,-131,0.996323
-464,1.03333,-130.5,0.996314
-463.5,1.03306,-130,0.996304
-463,1.03279,-129.5,0.996295
-462.5,1.03251,-129,0.996286
-462,1.03224,-128.5,0.996276
-461.5,1.03195,-128,0.996267
-461,1.03167,-127.5,0.996258
-460.5,1.03138,-127,0.996249
-460,1.03109,-126.5,0.996239
-459.5,1.03079,-126,0.99623
-459,1.03049,-125.5,0.996221
-458.5,1.0302,-125,0.996212
-458,1.0299,-124.5,0.996203
-457.5,1.02959,-124,0.996193
-457,1.02929,-123.5,0.996184
-456.5,1.02899,-123,0.996175
-456,1.02868,-122.5,0.996166
-455.5,1.02838,-122,0.996157
-455,1.02807,-121.5,0.996148
-454.5,1.02777,-121,0.996139
-454,1.02746,-120.5,0.99613
-453.5,1.02716,-120,0.996121
-453,1.02685,-119.5,0.996112
-452.5,1.02655,-119,0.996103
-452,1.02625,-118.5,0.996094
-451.5,1.02595,-118,0.996085
-451,1.02565,-117.5,0.996076
-450.5,1.02535,-117,0.996067
-450,1.02505,-116.5,0.996058
-449.5,1.02475,-116,0.99605
-449,1.02446,-115.5,0.996041
-448.5,1.02417,-115,0.996032
-448,1.02388,-114.5,0.996023
-447.5,1.0236,-114,0.996014
-447,1.02331,-113.5,0.996006
-446.5,1.02303,-113,0.995997
-446,1.02275,-112.5,0.995988
-445.5,1.02248,-112,0.99598
-445,1.0222,-111.5,0.995971
-444.5,1.02193,-111,0.995962
-444,1.02167,-110.5,0.995954
-443.5,1.0214,-110,0.995945
-443,1.02114,-109.5,0.995937
-442.5,1.02088,-109,0.995928
-442,1.02063,-108.5,0.99592
-441.5,1.02038,-108,0.995911
-441,1.02013,-107.5,0.995903
-440.5,1.01988,-107,0.995894
-440,1.01964,-106.5,0.995886
-439.5,1.01941,-106,0.995878
-439,1.01917,-105.5,0.995869
-438.5,1.01894,-105,0.995861
-438,1.01871,-104.5,0.995853
-437.5,1.01849,-104,0.995845
-437,1.01827,-103.5,0.995836
-436.5,1.01805,-103,0.995828
-436,1.01784,-102.5,0.99582
-435.5,1.01762,-102,0.995812
-435,1.01742,-101.5,0.995804
-434.5,1.01721,-101,0.995796
-434,1.01701,-100.5,0.995788
-433.5,1.01681,-100,0.99578
-433,1.01662,-99.5,0.995772
-432.5,1.01642,-99,0.995764
-432,1.01624,-98.5,0.995756
-431.5,1.01605,-98,0.995748
-431,1.01587,-97.5,0.99574
-430.5,1.01569,-97,0.995732
-430,1.01551,-96.5,0.995724
-429.5,1.01533,-96,0.995717
-429,1.01516,-95.5,0.995709
-428.5,1.01499,-95,0.995701
-428,1.01483,-94.5,0.995693
-427.5,1.01466,-94,0.995686
-427,1.0145,-93.5,0.995678
-426.5,1.01434,-93,0.995671
-426,1.01418,-92.5,0.995663
-425.5,1.01403,-92,0.995655
-425,1.01388,-91.5,0.995648
-424.5,1.01373,-91,0.995641
-424,1.01358,-90.5,0.995633
-423.5,1.01343,-90,0.995626
-423,1.01329,-89.5,0.995618
-422.5,1.01314,-89,0.995611
-422,1.013,-88.5,0.995604
-421.5,1.01286,-88,0.995597
-421,1.01273,-87.5,0.995589
-420.5,1.01259,-87,0.995582
-420,1.01246,-86.5,0.995575
-419.5,1.01233,-86,0.995568
-419,1.0122,-85.5,0.995561
-418.5,1.01207,-85,0.995554
-418,1.01194,-84.5,0.995547
-417.5,1.01181,-84,0.99554
-417,1.01169,-83.5,0.995533
-416.5,1.01156,-83,0.995526
-416,1.01144,-82.5,0.995519
-415.5,1.01132,-82,0.995513
-415,1.0112,-81.5,0.995506
-414.5,1.01108,-81,0.995499
-414,1.01096,-80.5,0.995492
-413.5,1.01084,-80,0.995486
-413,1.01073,-79.5,0.995479
-412.5,1.01061,-79,0.995473
-412,1.0105,-78.5,0.995466
-411.5,1.01038,-78,0.99546
-411,1.01027,-77.5,0.995453
-410.5,1.01016,-77,0.995447
-410,1.01005,-76.5,0.99544
-409.5,1.00994,-76,0.995434
-409,1.00983,-75.5,0.995428
-408.5,1.00972,-75,0.995421
-408,1.00961,-74.5,0.995415
-407.5,1.00951,-74,0.995409
-407,1.0094,-73.5,0.995403
-406.5,1.00929,-73,0.995397
-406,1.00919,-72.5,0.995391
-405.5,1.00908,-72,0.995385
-405,1.00898,-71.5,0.995379
-404.5,1.00887,-71,0.995373
-404,1.00877,-70.5,0.995367
-403.5,1.00867,-70,0.995361
-403,1.00857,-69.5,0.995356
-402.5,1.00846,-69,0.99535
-402,1.00836,-68.5,0.995344
-401.5,1.00826,-68,0.995338
-401,1.00816,-67.5,0.995333
-400.5,1.00806,-67,0.995327
-400,1.00796,-66.5,0.995322
-399.5,1.00786,-66,0.995316
-399,1.00776,-65.5,0.995311
-398.5,1.00767,-65,0.995305
-398,1.00757,-64.5,0.9953
-397.5,1.00747,-64,0.995295
-397,1.00737,-63.5,0.99529
-396.5,1.00728,-63,0.995284
-396,1.00718,-62.5,0.995279
-395.5,1.00708,-62,0.995274
-395,1.00699,-61.5,0.995269
-394.5,1.00689,-61,0.995264
-394,1.0068,-60.5,0.995259
-393.5,1.0067,-60,0.995254
-393,1.00661,-59.5,0.995249
-392.5,1.00651,-59,0.995244
-392,1.00642,-58.5,0.99524
-391.5,1.00632,-58,0.995235
-391,1.00622,-57.5,0.99523
-390.5,1.00613,-57,0.995226
-390,1.00603,-56.5,0.995221
-389.5,1.00594,-56,0.995216
-389,1.00584,-55.5,0.995212
-388.5,1.00575,-55,0.995208
-388,1.00565,-54.5,0.995203
-387.5,1.00556,-54,0.995199
-387,1.00546,-53.5,0.995194
-386.5,1.00536,-53,0.99519
-386,1.00526,-52.5,0.995186
-385.5,1.00517,-52,0.995182
-385,1.00507,-51.5,0.995178
-384.5,1.00497,-51,0.995174
-384,1.00487,-50.5,0.99517
-383.5,1.00477,-50,0.995166
-383,1.00467,-49.5,0.995162
-382.5,1.00457,-49,0.995158
-382,1.00447,-48.5,0.995154
-381.5,1.00436,-48,0.99515
-381,1.00426,-47.5,0.995147
-380.5,1.00415,-47,0.995143
-380,1.00405,-46.5,0.995139
-379.5,1.00394,-46,0.995136
-379,1.00384,-45.5,0.995132
-378.5,1.00373,-45,0.995129
-378,1.00362,-44.5,0.995126
-377.5,1.00351,-44,0.995122
-377,1.0034,-43.5,0.995119
-376.5,1.00329,-43,0.995116
-376,1.00318,-42.5,0.995112
-375.5,1.00307,-42,0.995109
-375,1.00296,-41.5,0.995106
-374.5,1.00284,-41,0.995103
-374,1.00273,-40.5,0.9951
-373.5,1.00262,-40,0.995097
-373,1.00251,-39.5,0.995094
-372.5,1.00239,-39,0.995092
-372,1.00228,-38.5,0.995089
-371.5,1.00217,-38,0.995086
-371,1.00206,-37.5,0.995083
-370.5,1.00195,-37,0.995081
-370,1.00184,-36.5,0.995078
-369.5,1.00174,-36,0.995076
-369,1.00163,-35.5,0.995073
-368.5,1.00153,-35,0.995071
-368,1.00142,-34.5,0.995068
-367.5,1.00132,-34,0.995066
-367,1.00122,-33.5,0.995064
-366.5,1.00113,-33,0.995062
-366,1.00103,-32.5,0.995059
-365.5,1.00094,-32,0.995057
-365,1.00086,-31.5,0.995055
-364.5,1.00077,-31,0.995053
-364,1.00069,-30.5,0.995051
-363.5,1.00061,-30,0.99505
-363,1.00054,-29.5,0.995048
-362.5,1.00047,-29,0.995046
-362,1.0004,-28.5,0.995044
-361.5,1.00034,-28,0.995043
-361,1.00029,-27.5,0.995041
-360.5,1.00023,-27,0.995039
-360,1.00018,-26.5,0.995038
-359.5,1.00014,-26,0.995036
-359,1.0001,-25.5,0.995035
-358.5,1.00006,-25,0.995034
-358,1.00003,-24.5,0.995032
-357.5,1.00001,-24,0.995031
-357,0.999984,-23.5,0.99503
-356.5,0.999966,-23,0.995029
-356,0.999953,-22.5,0.995028
-355.5,0.999944,-22,0.995027
-355,0.999939,-21.5,0.995026
-354.5,0.999938,-21,0.995025
-354,0.999941,-20.5,0.995024
-353.5,0.999947,-20,0.995023
-353,0.999957,-19.5,0.995023
-352.5,0.99997,-19,0.995022
-352,0.999987,-18.5,0.995021
-351.5,1.00001,-18,0.995021
-351,1.00003,-17.5,0.99502
-350.5,1.00005,-17,0.99502
-350,1.00008,-16.5,0.995019
-349.5,1.00011,-16,0.995019
-349,1.00014,-15.5,0.995019
-348.5,1.00017,-15,0.995018
-348,1.0002,-14.5,0.995018
-347.5,1.00024,-14,0.995018
-347,1.00027,-13.5,0.995018
-346.5,1.00031,-13,0.995018
-346,1.00034,-12.5,0.995018
-345.5,1.00038,-12,0.995018
-345,1.00042,-11.5,0.995018
-344.5,1.00045,-11,0.995018
-344,1.00049,-10.5,0.995018
-343.5,1.00052,-10,0.995019
-343,1.00056,-9.5,0.995019
-342.5,1.00059,-9,0.995019
-342,1.00062,-8.5,0.99502
-341.5,1.00065,-8,0.99502
-341,1.00068,-7.5,0.995021
-340.5,1.00071,-7,0.995021
-340,1.00074,-6.5,0.995022
-339.5,1.00076,-6,0.995023
-339,1.00078,-5.5,0.995024
-338.5,1.0008,-5,0.995024
-338,1.00082,-4.5,0.995025
-337.5,1.00084,-4,0.995026
-337,1.00086,-3.5,0.995027
-336.5,1.00087,-3,0.995028
-336,1.00088,-2.5,0.995029
-335.5,1.00089,-2,0.99503
-335,1.0009,-1.5,0.995032
-334.5,1.0009,-1,0.995033
-334,1.00091,-0.5,0.995034
-333.5,1.00091,0,0.995036
-333,1.00091,0.5,0.995037
-332.5,1.00091,1,0.995038
-332,1.00091,1.5,0.99504
-331.5,1.0009,2,0.995042
-331,1.0009,2.5,0.995043
-330.5,1.00089,3,0.995045
-330,1.00088,3.5,0.995047
-329.5,1.00087,4,0.995048
-329,1.00086,4.5,0.99505
-328.5,1.00084,5,0.995052
-328,1.00083,5.5,0.995054
-327.5,1.00081,6,0.995056
-327,1.0008,6.5,0.995058
-326.5,1.00078,7,0.99506
-326,1.00076,7.5,0.995062
-325.5,1.00074,8,0.995064
-325,1.00072,8.5,0.995067
-324.5,1.0007,9,0.995069
-324,1.00068,9.5,0.995071
-323.5,1.00065,10,0.995074
-323,1.00063,10.5,0.995076
-322.5,1.00061,11,0.995079
-322,1.00058,11.5,0.995081
-321.5,1.00056,12,0.995084
-321,1.00054,12.5,0.995086
-320.5,1.00051,13,0.995089
-320,1.00049,13.5,0.995092
-319.5,1.00046,14,0.995095
-319,1.00044,14.5,0.995097
-318.5,1.00041,15,0.9951
-318,1.00039,15.5,0.995103
-317.5,1.00036,16,0.995106
-317,1.00034,16.5,0.995109
-316.5,1.00031,17,0.995112
-316,1.00029,17.5,0.995115
-315.5,1.00026,18,0.995119
-315,1.00024,18.5,0.995122
-314.5,1.00021,19,0.995125
-314,1.00019,19.5,0.995129
-313.5,1.00016,20,0.995132
-313,1.00014,20.5,0.995135
-312.5,1.00012,21,0.995139
-312,1.00009,21.5,0.995142
-311.5,1.00007,22,0.995146
-311,1.00005,22.5,0.995149
-310.5,1.00002,23,0.995153
-310,1,23.5,0.995157
-309.5,0.99998,24,0.995161
-309,0.999959,24.5,0.995164
-308.5,0.999937,25,0.995168
-308,0.999916,25.5,0.995172
-307.5,0.999896,26,0.995176
-307,0.999875,26.5,0.99518
-306.5,0.999855,27,0.995184
-306,0.999835,27.5,0.995188
-305.5,0.999816,28,0.995192
-305,0.999797,28.5,0.995197
-304.5,0.999778,29,0.995201
-304,0.999759,29.5,0.995205
-303.5,0.999741,30,0.995209
-303,0.999723,30.5,0.995214
-302.5,0.999705,31,0.995218
-302,0.999687,31.5,0.995222
-301.5,0.99967,32,0.995227
-301,0.999653,32.5,0.995231
-300.5,0.999636,33,0.995236
-300,0.99962,33.5,0.995241
-299.5,0.999604,34,0.995245
-299,0.999588,34.5,0.99525
-298.5,0.999572,35,0.995255
-298,0.999557,35.5,0.99526
-297.5,0.999542,36,0.995264
-297,0.999527,36.5,0.995269
-296.5,0.999512,37,0.995274
-296,0.999497,37.5,0.995279
-295.5,0.999483,38,0.995284
-295,0.999469,38.5,0.995289
-294.5,0.999455,39,0.995294
-294,0.999441,39.5,0.995299
-293.5,0.999427,40,0.995304
-293,0.999414,40.5,0.99531
-292.5,0.999401,41,0.995315
-292,0.999388,41.5,0.99532
-291.5,0.999375,42,0.995325
-291,0.999362,42.5,0.995331
-290.5,0.999349,43,0.995336
-290,0.999337,43.5,0.995342
-289.5,0.999324,44,0.995347
-289,0.999312,44.5,0.995353
-288.5,0.9993,45,0.995358
-288,0.999288,45.5,0.995364
-287.5,0.999276,46,0.995369
-287,0.999265,46.5,0.995375
-286.5,0.999253,47,0.995381
-286,0.999242,47.5,0.995386
-285.5,0.99923,48,0.995392
-285,0.999219,48.5,0.995398
-284.5,0.999208,49,0.995404
-284,0.999197,49.5,0.99541
-283.5,0.999186,50,0.995416
-283,0.999175,50.5,0.995422
-282.5,0.999164,51,0.995428
-282,0.999153,51.5,0.995434
-281.5,0.999143,52,0.99544
-281,0.999132,52.5,0.995446
-280.5,0.999122,53,0.995452
-280,0.999111,53.5,0.995458
-279.5,0.999101,54,0.995464
-279,0.999091,54.5,0.99547
-278.5,0.999081,55,0.995477
-278,0.999071,55.5,0.995483
-277.5,0.999061,56,0.995489
-277,0.999051,56.5,0.995496
-276.5,0.999041,57,0.995502
-276,0.999031,57.5,0.995508
-275.5,0.999021,58,0.995515
-275,0.999011,58.5,0.995521
-274.5,0.999001,59,0.995528
-274,0.998992,59.5,0.995534
-273.5,0.998982,60,0.995541
-273,0.998973,60.5,0.995547
-272.5,0.998963,61,0.995554
-272,0.998953,61.5,0.995561
-271.5,0.998944,62,0.995567
-271,0.998935,62.5,0.995574
-270.5,0.998925,63,0.995581
-270,0.998916,63.5,0.995588
-269.5,0.998906,64,0.995595
-269,0.998897,64.5,0.995601
-268.5,0.998888,65,0.995608
-268,0.998879,65.5,0.995615
-267.5,0.998869,66,0.995622
-267,0.99886,66.5,0.995629
-266.5,0.998851,67,0.995636
-266,0.998842,67.5,0.995643
-265.5,0.998833,68,0.99565
-265,0.998824,68.5,0.995657
-264.5,0.998815,69,0.995664
-264,0.998806,69.5,0.995671
-263.5,0.998797,70,0.995678
-263,0.998788,70.5,0.995685
-262.5,0.998779,71,0.995693
-262,0.99877,71.5,0.9957
-261.5,0.998761,72,0.995707
-261,0.998752,72.5,0.995714
-260.5,0.998743,73,0.995722
-260,0.998734,73.5,0.995729
-259.5,0.998725,74,0.995736
-259,0.998716,74.5,0.995743
-258.5,0.998707,75,0.995751
-258,0.998698,75.5,0.995758
-257.5,0.998689,76,0.995766
-257,0.998681,76.5,0.995773
-256.5,0.998672,77,0.995781
-256,0.998663,77.5,0.995788
-255.5,0.998654,78,0.995795
-255,0.998645,78.5,0.995803
-254.5,0.998636,79,0.995811
-254,0.998628,79.5,0.995818
-253.5,0.998619,80,0.995826
-253,0.99861,80.5,0.995833
-252.5,0.998601,81,0.995841
-252,0.998593,81.5,0.995848
-251.5,0.998584,82,0.995856
-251,0.998575,82.5,0.995864
-250.5,0.998566,83,0.995871
-250,0.998557,83.5,0.995879
-249.5,0.998549,84,0.995887
-249,0.99854,84.5,0.995895
-248.5,0.998531,85,0.995902
-248,0.998522,85.5,0.99591
-247.5,0.998514,86,0.995918
-247,0.998505,86.5,0.995926
-246.5,0.998496,87,0.995934
-246,0.998487,87.5,0.995941
-245.5,0.998479,88,0.995949
-245,0.99847,88.5,0.995957
-244.5,0.998461,89,0.995965
-244,0.998452,89.5,0.995973
-243.5,0.998444,90,0.995981
-243,0.998435,90.5,0.995989
-242.5,0.998426,91,0.995997
-242,0.998417,91.5,0.996005
-241.5,0.998408,92,0.996013
-241,0.9984,92.5,0.996021
-240.5,0.998391,93,0.996029
-240,0.998382,93.5,0.996037
-239.5,0.998373,94,0.996045
-239,0.998365,94.5,0.996053
-238.5,0.998356,95,0.996061
-238,0.998347,95.5,0.996069
-237.5,0.998338,96,0.996077
-237,0.998329,96.5,0.996085
-236.5,0.99832,97,0.996093
-236,0.998312,97.5,0.996101
-235.5,0.998303,98,0.996109
-235,0.998294,98.5,0.996117
-234.5,0.998285,99,0.996125
-234,0.998276,99.5,0.996133
-233.5,0.998267,100,0.996142
-233,0.998259,100.5,0.99615
-232.5,0.99825,101,0.996158
-232,0.998241,101.5,0.996166
-231.5,0.998232,102,0.996174
-231,0.998223,102.5,0.996182
-230.5,0.998214,103,0.996191
-230,0.998205,103.5,0.996199
-229.5,0.998196,104,0.996207
-229,0.998187,104.5,0.996215
-228.5,0.998178,105,0.996223
-228,0.99817,105.5,0.996232
-227.5,0.998161,106,0.99624
-227,0.998152,106.5,0.996248
-226.5,0.998143,107,0.996256
-226,0.998134,107.5,0.996265
-225.5,0.998125,108,0.996273
-225,0.998116,108.5,0.996281
-224.5,0.998107,109,0.996289
-224,0.998098,109.5,0.996298
-223.5,0.998089,110,0.996306
-223,0.99808,110.5,0.996314
-222.5,0.998071,111,0.996323
-222,0.998062,111.5,0.996331
-221.5,0.998053,112,0.996339
-221,0.998044,112.5,0.996347
-220.5,0.998035,113,0.996356
-220,0.998026,113.5,0.996364
-219.5,0.998016,114,0.996372
-219,0.998007,114.5,0.996381
-218.5,0.997998,115,0.996389
-218,0.997989,115.5,0.996397
-217.5,0.99798,116,0.996406
-217,0.997971,116.5,0.996414
-216.5,0.997962,117,0.996422
-216,0.997953,117.5,0.99643
-215.5,0.997944,118,0.996439
-215,0.997934,118.5,0.996447
-214.5,0.997925,119,0.996455
-214,0.997916,119.5,0.996464
-213.5,0.997907,120,0.996472
-213,0.997898,120.5,0.99648
-212.5,0.997888,121,0.996489
-212,0.997879,121.5,0.996497
-211.5,0.99787,122,0.996505
-211,0.997861,122.5,0.996514
-210.5,0.997852,123,0.996522
-210,0.997842,123.5,0.99653
-209.5,0.997833,124,0.996539
-209,0.997824,124.5,0.996547
-208.5,0.997815,125,0.996555
-208,0.997805,125.5,0.996563
-207.5,0.997796,126,0.996572
-207,0.997787,126.5,0.99658
-206.5,0.997777,127,0.996588
-206,0.997768,127.5,0.996597
-205.5,0.997759,128,0.996605
-205,0.997749,128.5,0.996613
-204.5,0.99774,129,0.996622
-204,0.997731,129.5,0.99663
-203.5,0.997721,130,0.996638
-203,0.997712,130.5,0.996646
-202.5,0.997703,131,0.996655
-202,0.997693,131.5,0.996663
-201.5,0.997684,132,0.996671
-201,0.997674,132.5,0.996679
-200.5,0.997665,133,0.996688
-200,0.997656,133.5,0.996696
-199.5,0.997646,134,0.996704
-199,0.997637,134.5,0.996712
-198.5,0.997627,135,0.996721
-198,0.997618,135.5,0.996729
-197.5,0.997608,136,0.996737
-197,0.997599,136.5,0.996745
-196.5,0.997589,137,0.996754
-196,0.99758,137.5,0.996762
-195.5,0.99757,138,0.99677
-195,0.997561,138.5,0.996778
-194.5,0.997551,139,0.996786
-194,0.997542,139.5,0.996795
-193.5,0.997532,140,0.996803
-193,0.997523,140.5,0.996811
-192.5,0.997513,141,0.996819
-192,0.997504,141.5,0.996827
-191.5,0.997494,142,0.996835
-191,0.997485,142.5,0.996843
-190.5,0.997475,143,0.996852
-190,0.997466,143.5,0.99686
-189.5,0.997456,144,0.996868
-189,0.997446,144.5,0.996876
-188.5,0.997437,145,0.996884
-188,0.997427,145.5,0.996892
-187.5,0.997418,146,0.9969
-187,0.997408,146.5,0.996908
-186.5,0.997398,147,0.996916
-186,0.997389,147.5,0.996924
-185.5,0.997379,148,0.996932
-185,0.99737,148.5,0.99694
-184.5,0.99736,149,0.996948
-184,0.99735,149.5,0.996956
-183.5,0.997341,150,0.996964
-183,0.997331,150.5,0.996972
-182.5,0.997321,151,0.99698
-182,0.997312,151.5,0.996988
-181.5,0.997302,152,0.996996
-181,0.997292,152.5,0.997004
-180.5,0.997283,153,0.997012
-180,0.997273,153.5,0.99702
-179.5,0.997263,154,0.997028
-179,0.997254,154.5,0.997036
-178.5,0.997244,155,0.997044
-178,0.997234,155.5,0.997052
-177.5,0.997225,156,0.99706
-177,0.997215,156.5,0.997068
-176.5,0.997205,157,0.997076
-176,0.997195,157.5,0.997083
-175.5,0.997186,158,0.997091
-175,0.997176,158.5,0.997099
-174.5,0.997166,159,0.997107
-174,0.997157,159.5,0.997115
-173.5,0.997147,160,0.997123
-173,0.997137,160.5,0.99713
-172.5,0.997127,161,0.997138
-172,0.997118,161.5,0.997146
-171.5,0.997108,162,0.997154
-171,0.997098,162.5,0.997161
-170.5,0.997088,163,0.997169
-170,0.997079,163.5,0.997177
-169.5,0.997069,164,0.997185
-169,0.997059,164.5,0.997192
-168.5,0.99705,165,0.9972
-168,0.99704,165.5,0.997208
-167.5,0.99703,166,0.997215
-167,0.99702,166.5,0.997223
-166.5,0.997011,167,0.997231
-166,0.997001,167.5,0.997238
-165.5,0.996991,168,0.997246
-165,0.996981,168.5,0.997253
-164.5,0.996972,169,0.997261
-164,0.996962,169.5,0.997269
-163.5,0.996952,170,0.997276
-163,0.996942,170.5,0.997284
-162.5,0.996933,171,0.997291
-162,0.996923,171.5,0.997299
-161.5,0.996913,172,0.997306
-161,0.996903,172.5,0.997314
-160.5,0.996894,173,0.997321
-160,0.996884,173.5,0.997329
-159.5,0.996874,174,0.997336
-159,0.996865,174.5,0.997344
-158.5,0.996855,175,0.997351
-158,0.996845,175.5,0.997358
-157.5,0.996835,176,0.997366
-157,0.996826,176.5,0.997373
-156.5,0.996816,177,0.997381
-156,0.996806,177.5,0.997388
-155.5,0.996797,178,0.997395
-155,0.996787,178.5,0.997403
-154.5,0.996777,179,0.99741
-154,0.996768,179.5,0.997417
-153.5,0.996758,180,0.997425
-153,0.996748,180.5,0.997432
-152.5,0.996738,181,0.997439
-152,0.996729,181.5,0.997446
-151.5,0.996719,182,0.997454
-151,0.996709,182.5,0.997461
-150.5,0.9967,183,0.997468
-150,0.99669,183.5,0.997475
-149.5,0.996681,184,0.997483
-149,0.996671,184.5,0.99749
-148.5,0.996661,185,0.997497
-148,0.996652,185.5,0.997504
-147.5,0.996642,186,0.997511
-147,0.996632,186.5,0.997518
-146.5,0.996623,187,0.997526
-146,0.996613,187.5,0.997533
-145.5,0.996604,188,0.99754
-145,0.996594,188.5,0.997547
-144.5,0.996585,189,0.997554
-144,0.996575,189.5,0.997561
-143.5,0.996565,190,0.997568
-143,0.996556,190.5,0.997575
-142.5,0.996546,191,0.997582
-142,0.996537,191.5,0.997589
-141.5,0.996527,192,0.997596
-141,0.996518,192.5,0.997603
-140.5,0.996508,193,0.99761
-140,0.996499,193.5,0.997617
-139.5,0.996489,194,0.997624
-139,0.99648,194.5,0.997631
-138.5,0.99647,195,0.997638
-138,0.996461,195.5,0.997645
-137.5,0.996452,196,0.997651
-137,0.996442,196.5,0.997658
-136.5,0.996433,197,0.997665
-136,0.996423,197.5,0.997672
-135.5,0.996414,198,0.997679
-135,0.996405,198.5,0.997686
-134.5,0.996395,199,0.997692
-134,0.996386,199.5,0.997699
-133.5,0.996377,200,0.997706
-133,0.996367,200.5,0.997713
-132.5,0.996358,201,0.997719
-132,0.996349,201.5,0.997726
-131.5,0.996339,202,0.997733
-131,0.99633,202.5,0.99774
-130.5,0.996321,203,0.997746
-130,0.996312,203.5,0.997753
-129.5,0.996302,204,0.99776
-129,0.996293,204.5,0.997766
-128.5,0.996284,205,0.997773
-128,0.996275,205.5,0.99778
-127.5,0.996266,206,0.997786
-127,0.996257,206.5,0.997793
-126.5,0.996248,207,0.997799
-126,0.996238,207.5,0.997806
-125.5,0.996229,208,0.997813
-125,0.99622,208.5,0.997819
-124.5,0.996211,209,0.997826
-124,0.996202,209.5,0.997832
-123.5,0.996193,210,0.997839
-123,0.996184,210.5,0.997845
-122.5,0.996175,211,0.997852
-122,0.996166,211.5,0.997858
-121.5,0.996157,212,0.997865
-121,0.996148,212.5,0.997871
-120.5,0.996139,213,0.997878
-120,0.996131,213.5,0.997884
-119.5,0.996122,214,0.99789
-119,0.996113,214.5,0.997897
-118.5,0.996104,215,0.997903
-118,0.996095,215.5,0.99791
-117.5,0.996086,216,0.997916
-117,0.996078,216.5,0.997922
-116.5,0.996069,217,0.997929
-116,0.99606,217.5,0.997935
-115.5,0.996052,218,0.997941
-115,0.996043,218.5,0.997948
-114.5,0.996034,219,0.997954
-114,0.996026,219.5,0.99796
-113.5,0.996017,220,0.997967
-113,0.996008,220.5,0.997973
-112.5,0.996,221,0.997979
-112,0.995991,221.5,0.997985
-111.5,0.995983,222,0.997992
-111,0.995974,222.5,0.997998
-110.5,0.995966,223,0.998004
-110,0.995957,223.5,0.99801
-109.5,0.995949,224,0.998016
-109,0.995941,224.5,0.998023
-108.5,0.995932,225,0.998029
-108,0.995924,225.5,0.998035
-107.5,0.995916,226,0.998041
-107,0.995907,226.5,0.998047
-106.5,0.995899,227,0.998053
-106,0.995891,227.5,0.998059
-105.5,0.995883,228,0.998065
-105,0.995874,228.5,0.998071
-104.5,0.995866,229,0.998078
-104,0.995858,229.5,0.998084
-103.5,0.99585,230,0.99809
-103,0.995842,230.5,0.998096
-102.5,0.995834,231,0.998102
-102,0.995826,231.5,0.998108
-101.5,0.995818,232,0.998114
-101,0.99581,232.5,0.99812
-100.5,0.995802,233,0.998126
-100,0.995794,233.5,0.998132
-99.5,0.995786,234,0.998138
-99,0.995778,234.5,0.998144
-98.5,0.995771,235,0.99815
-98,0.995763,235.5,0.998156
-97.5,0.995755,236,0.998161
-97,0.995747,236.5,0.998167
-96.5,0.99574,237,0.998173
-96,0.995732,237.5,0.998179
-95.5,0.995724,238,0.998185
-95,0.995717,238.5,0.998191
-94.5,0.995709,239,0.998197
-94,0.995702,239.5,0.998203
-93.5,0.995694,240,0.998208
-93,0.995687,240.5,0.998214
-92.5,0.995679,241,0.99822
-92,0.995672,241.5,0.998226
-91.5,0.995664,242,0.998232
-91,0.995657,242.5,0.998238
-90.5,0.99565,243,0.998243
-90,0.995643,243.5,0.998249
-89.5,0.995635,244,0.998255
-89,0.995628,244.5,0.998261
-88.5,0.995621,245,0.998266
-88,0.995614,245.5,0.998272
-87.5,0.995607,246,0.998278
-87,0.9956,246.5,0.998284
-86.5,0.995593,247,0.998289
-86,0.995586,247.5,0.998295
-85.5,0.995579,248,0.998301
-85,0.995572,248.5,0.998306
-84.5,0.995565,249,0.998312
-84,0.995558,249.5,0.998318
-83.5,0.995551,250,0.998323
-83,0.995545,250.5,0.998329
-82.5,0.995538,251,0.998335
-82,0.995531,251.5,0.99834
-81.5,0.995524,252,0.998346
-81,0.995518,252.5,0.998351
-80.5,0.995511,253,0.998357
-80,0.995505,253.5,0.998363
-79.5,0.995498,254,0.998368
-79,0.995492,254.5,0.998374
-78.5,0.995485,255,0.998379
-78,0.995479,255.5,0.998385
-77.5,0.995473,256,0.99839
-77,0.995466,256.5,0.998396
-76.5,0.99546,257,0.998401
-76,0.995454,257.5,0.998407
-75.5,0.995448,258,0.998412
-75,0.995441,258.5,0.998418
-74.5,0.995435,259,0.998423
-74,0.995429,259.5,0.998429
-73.5,0.995423,260,0.998434
-73,0.995417,260.5,0.99844
-72.5,0.995411,261,0.998445
-72,0.995405,261.5,0.998451
-71.5,0.9954,262,0.998456
-71,0.995394,262.5,0.998462
-70.5,0.995388,263,0.998467
-70,0.995382,263.5,0.998473
-69.5,0.995377,264,0.998478
-69,0.995371,264.5,0.998483
-68.5,0.995365,265,0.998489
-68,0.99536,265.5,0.998494
-67.5,0.995354,266,0.9985
-67,0.995349,266.5,0.998505
-66.5,0.995343,267,0.99851
-66,0.995338,267.5,0.998516
-65.5,0.995333,268,0.998521
-65,0.995327,268.5,0.998526
-64.5,0.995322,269,0.998532
-64,0.995317,269.5,0.998537
-63.5,0.995312,270,0.998542
-63,0.995307,270.5,0.998548
-62.5,0.995302,271,0.998553
-62,0.995297,271.5,0.998558
-61.5,0.995292,272,0.998563
-61,0.995287,272.5,0.998569
-60.5,0.995282,273,0.998574
-60,0.995277,273.5,0.998579
-59.5,0.995272,274,0.998585
-59,0.995267,274.5,0.99859
-58.5,0.995263,275,0.998595
-58,0.995258,275.5,0.9986
-57.5,0.995253,276,0.998605
-57,0.995249,276.5,0.998611
-56.5,0.995244,277,0.998616
-56,0.99524,277.5,0.998621
-55.5,0.995235,278,0.998626
-55,0.995231,278.5,0.998631
-54.5,0.995227,279,0.998637
-54,0.995222,279.5,0.998642
-53.5,0.995218,280,0.998647
-53,0.995214,280.5,0.998652
-52.5,0.99521,281,0.998657
-52,0.995206,281.5,0.998662
-51.5,0.995202,282,0.998668
-51,0.995198,282.5,0.998673
-50.5,0.995194,283,0.998678
-50,0.99519,283.5,0.998683
-49.5,0.995186,284,0.998688
-49,0.995182,284.5,0.998693
-48.5,0.995179,285,0.998698
-48,0.995175,285.5,0.998703
-47.5,0.995171,286,0.998708
-47,0.995168,286.5,0.998713
-46.5,0.995164,287,0.998719
-46,0.995161,287.5,0.998724
-45.5,0.995157,288,0.998729
-45,0.995154,288.5,0.998734
-44.5,0.99515,289,0.998739
-44,0.995147,289.5,0.998744
-43.5,0.995144,290,0.998749
-43,0.995141,290.5,0.998754
-42.5,0.995137,291,0.998759
-42,0.995134,291.5,0.998764
-41.5,0.995131,292,0.998769
-41,0.995128,292.5,0.998774
-40.5,0.995125,293,0.998779
-40,0.995123,293.5,0.998784
-39.5,0.99512,294,0.998789
-39,0.995117,294.5,0.998794
-38.5,0.995114,295,0.998799
-38,0.995111,295.5,0.998803
-37.5,0.995109,296,0.998808
-37,0.995106,296.5,0.998813
-36.5,0.995104,297,0.998818
-36,0.995101,297.5,0.998823
-35.5,0.995099,298,0.998828
-35,0.995096,298.5,0.998833
-34.5,0.995094,299,0.998838
-34,0.995092,299.5,0.998843
-33.5,0.99509,300,0.998848
-33,0.995087,300.5,0.998852
-32.5,0.995085,301,0.998857
-32,0.995083,301.5,0.998862
-31.5,0.995081,302,0.998867
-31,0.995079,302.5,0.998872
-30.5,0.995077,303,0.998877
-30,0.995076,303.5,0.998882
-29.5,0.995074,304,0.998886
-29,0.995072,304.5,0.998891
-28.5,0.99507,305,0.998896
-28,0.995069,305.5,0.998901
-27.5,0.995067,306,0.998906
-27,0.995066,306.5,0.99891
-26.5,0.995064,307,0.998915
-26,0.995063,307.5,0.99892
-25.5,0.995061,308,0.998925
-25,0.99506,308.5,0.998929
-24.5,0.995059,309,0.998934
-24,0.995057,309.5,0.998939
-23.5,0.995056,310,0.998944
-23,0.995055,310.5,0.998948
-22.5,0.995054,311,0.998953
-22,0.995053,311.5,0.998958
-21.5,0.995052,312,0.998962
-21,0.995051,312.5,0.998967
-20.5,0.99505,313,0.998972
-20,0.99505,313.5,0.998976
-19.5,0.995049,314,0.998981
-19,0.995048,314.5,0.998986
-18.5,0.995047,315,0.99899
-18,0.995047,315.5,0.998995
-17.5,0.995046,316,0.999
-17,0.995046,316.5,0.999004
-16.5,0.995045,317,0.999009
-16,0.995045,317.5,0.999014
-15.5,0.995045,318,0.999018
-15,0.995045,318.5,0.999023
-14.5,0.995044,319,0.999027
-14,0.995044,319.5,0.999032
-13.5,0.995044,320,0.999037
-13,0.995044,320.5,0.999041
-12.5,0.995044,321,0.999046
-12,0.995044,321.5,0.99905
-11.5,0.995044,322,0.999055
-11,0.995044,322.5,0.999059
-10.5,0.995045,323,0.999064
-10,0.995045,323.5,0.999068
-9.5,0.995045,324,0.999073
-9,0.995045,324.5,0.999077
-8.5,0.995046,325,0.999082
-8,0.995046,325.5,0.999086
-7.5,0.995047,326,0.999091
-7,0.995047,326.5,0.999095
-6.5,0.995048,327,0.9991
-6,0.995049,327.5,0.999104
-5.5,0.99505,328,0.999109
-5,0.99505,328.5,0.999113
-4.5,0.995051,329,0.999118
-4,0.995052,329.5,0.999122
-3.5,0.995053,330,0.999126
-3,0.995054,330.5,0.999131
-2.5,0.995055,331,0.999135
-2,0.995056,331.5,0.99914
-1.5,0.995057,332,0.999144
-1,0.995059,332.5,0.999148
-0.5,0.99506,333,0.999153
0,0.995061,333.5,0.999157
0.5,0.995063,334,0.999161
1,0.995064,334.5,0.999166
1.5,0.995065,335,0.99917
2,0.995067,335.5,0.999174
2.5,0.995069,336,0.999179
3,0.99507,336.5,0.999183
3.5,0.995072,337,0.999187
4,0.995074,337.5,0.999192
4.5,0.995075,338,0.999196
5,0.995077,338.5,0.9992
5.5,0.995079,339,0.999204
6,0.995081,339.5,0.999209
6.5,0.995083,340,0.999213
7,0.995085,340.5,0.999217
7.5,0.995087,341,0.999221
8,0.995089,341.5,0.999225
8.5,0.995091,342,0.99923
9,0.995094,342.5,0.999234
9.5,0.995096,343,0.999238
10,0.995098,343.5,0.999242
10.5,0.995101,344,0.999246
11,0.995103,344.5,0.999251
11.5,0.995105,345,0.999255
12,0.995108,345.5,0.999259
12.5,0.995111,346,0.999263
13,0.995113,346.5,0.999267
13.5,0.995116,347,0.999271
14,0.995119,347.5,0.999275
14.5,0.995121,348,0.999279
15,0.995124,348.5,0.999284
15.5,0.995127,349,0.999288
16,0.99513,349.5,0.999292
16.5,0.995133,350,0.999296
17,0.995136,350.5,0.9993
17.5,0.995139,351,0.999304
18,0.995142,351.5,0.999308
18.5,0.995145,352,0.999312
19,0.995149,352.5,0.999316
19.5,0.995152,353,0.99932
20,0.995155,353.5,0.999324
20.5,0.995158,354,0.999328
21,0.995162,354.5,0.999332
21.5,0.995165,355,0.999336
22,0.995169,355.5,0.99934
22.5,0.995172,356,0.999344
23,0.995176,356.5,0.999348
23.5,0.99518,357,0.999351
24,0.995183,357.5,0.999355
24.5,0.995187,358,0.999359
25,0.995191,358.5,0.999363
25.5,0.995195,359,0.999367
26,0.995198,359.5,0.999371
26.5,0.995202,360,0.999375
27,0.995206,360.5,0.999379
27.5,0.99521,361,0.999383
28,0.995214,361.5,0.999386
28.5,0.995218,362,0.99939
29,0.995222,362.5,0.999394
29.5,0.995227,363,0.999398
30,0.995231,363.5,0.999402
30.5,0.995235,364,0.999405
31,0.995239,364.5,0.999409
31.5,0.995244,365,0.999413
32,0.995248,365.5,0.999417
32.5,0.995253,366,0.99942
33,0.995257,366.5,0.999424
33.5,0.995262,367,0.999428
34,0.995266,367.5,0.999432
34.5,0.995271,368,0.999435
35,0.995275,368.5,0.999439
35.5,0.99528,369,0.999443
36,0.995285,369.5,0.999446
36.5,0.995289,370,0.99945
37,0.995294,370.5,0.999454
37.5,0.995299,371,0.999457
38,0.995304,371.5,0.999461
38.5,0.995309,372,0.999464
39,0.995314,372.5,0.999468
39.5,0.995319,373,0.999472
40,0.995324,373.5,0.999475
40.5,0.995329,374,0.999479
41,0.995334,374.5,0.999482
41.5,0.995339,375,0.999486
42,0.995345,375.5,0.999489
42.5,0.99535,376,0.999493
43,0.995355,376.5,0.999496
43.5,0.99536,377,0.9995
44,0.995366,377.5,0.999503
44.5,0.995371,378,0.999507
45,0.995377,378.5,0.99951
45.5,0.995382,379,0.999514
46,0.995387,379.5,0.999517
46.5,0.995393,380,0.999521
47,0.995399,380.5,0.999524
47.5,0.995404,381,0.999528
48,0.99541,381.5,0.999531
48.5,0.995416,382,0.999534
49,0.995421,382.5,0.999538
49.5,0.995427,383,0.999541
50,0.995433,383.5,0.999545
50.5,0.995439,384,0.999548
51,0.995445,384.5,0.999551
51.5,0.99545,385,0.999555
52,0.995456,385.5,0.999558
52.5,0.995462,386,0.999561
53,0.995468,386.5,0.999565
53.5,0.995474,387,0.999568
54,0.99548,387.5,0.999571
54.5,0.995486,388,0.999574
55,0.995493,388.5,0.999578
55.5,0.995499,389,0.999581
56,0.995505,389.5,0.999584
56.5,0.995511,390,0.999587
57,0.995517,390.5,0.999591
57.5,0.995524,391,0.999594
58,0.99553,391.5,0.999597
58.5,0.995536,392,0.9996
59,0.995543,392.5,0.999603
59.5,0.995549,393,0.999607
60,0.995556,393.5,0.99961
60.5,0.995562,394,0.999613
61,0.995569,394.5,0.999616
61.5,0.995575,395,0.999619
62,0.995582,395.5,0.999622
62.5,0.995588,396,0.999625
63,0.995595,396.5,0.999628
63.5,0.995602,397,0.999631
64,0.995608,397.5,0.999634
64.5,0.995615,398,0.999637
65,0.995622,398.5,0.999641
65.5,0.995628,399,0.999644
66,0.995635,399.5,0.999647
66.5,0.995642,400,0.99965
67,0.995649,400.5,0.999653
67.5,0.995656,401,0.999656
68,0.995663,401.5,0.999659
68.5,0.99567,402,0.999662
69,0.995677,402.5,0.999664
69.5,0.995683,403,0.999667
70,0.99569,403.5,0.99967
70.5,0.995698,404,0.999673
71,0.995705,404.5,0.999676
71.5,0.995712,405,0.999679
72,0.995719,405.5,0.999682
72.5,0.995726,406,0.999685
73,0.995733,406.5,0.999688
73.5,0.99574,407,0.999691
74,0.995747,407.5,0.999693
74.5,0.995755,408,0.999696
75,0.995762,408.5,0.999699
75.5,0.995769,409,0.999702
76,0.995776,409.5,0.999705
76.5,0.995784,410,0.999707
77,0.995791,410.5,0.99971
77.5,0.995798,411,0.999713
78,0.995806,411.5,0.999716
78.5,0.995813,412,0.999718
79,0.99582,412.5,0.999721
79.5,0.995828,413,0.999724
80,0.995835,413.5,0.999727
80.5,0.995843,414,0.999729
81,0.99585,414.5,0.999732
81.5,0.995858,415,0.999735
82,0.995865,415.5,0.999737
82.5,0.995873,416,0.99974
83,0.99588,416.5,0.999743
83.5,0.995888,417,0.999745
84,0.995895,417.5,0.999748
84.5,0.995903,418,0.999751
85,0.995911,418.5,0.999753
85.5,0.995918,419,0.999756
86,0.995926,419.5,0.999758
86.5,0.995934,420,0.999761
87,0.995941,420.5,0.999764
87.5,0.995949,421,0.999766
88,0.995957,421.5,0.999769
88.5,0.995964,422,0.999771
89,0.995972,422.5,0.999774
89.5,0.99598,423,0.999776
90,0.995988,423.5,0.999779
90.5,0.995996,424,0.999781
91,0.996003,424.5,0.999784
91.5,0.996011,425,0.999786
92,0.996019,425.5,0.999789
92.5,0.996027,426,0.999791
93,0.996035,426.5,0.999794
93.5,0.996043,427,0.999796
94,0.996051,427.5,0.999799
94.5,0.996058,428,0.999801
95,0.996066,428.5,0.999803
95.5,0.996074,429,0.999806
96,0.996082,429.5,0.999808
96.5,0.99609,430,0.999811
97,0.996098,430.5,0.999813
97.5,0.996106,431,0.999815
98,0.996114,431.5,0.999818
98.5,0.996122,432,0.99982
99,0.99613,432.5,0.999822
99.5,0.996138,433,0.999825
100,0.996146,433.5,0.999827
100.5,0.996154,434,0.999829
101,0.996162,434.5,0.999832
101.5,0.99617,435,0.999834
102,0.996178,435.5,0.999836
102.5,0.996186,436,0.999838
103,0.996194,436.5,0.999841
103.5,0.996203,437,0.999843
104,0.996211,437.5,0.999845
104.5,0.996219,438,0.999847
105,0.996227,438.5,0.99985
105.5,0.996235,439,0.999852
106,0.996243,439.5,0.999854
106.5,0.996251,440,0.999856
107,0.996259,440.5,0.999858
107.5,0.996267,441,0.999861
108,0.996276,441.5,0.999863
108.5,0.996284,442,0.999865
109,0.996292,442.5,0.999867
109.5,0.9963,443,0.999869
110,0.996308,443.5,0.999871
110.5,0.996316,444,0.999873
111,0.996325,444.5,0.999876
111.5,0.996333,445,0.999878
112,0.996341,445.5,0.99988
112.5,0.996349,446,0.999882
113,0.996357,446.5,0.999884
113.5,0.996365,447,0.999886
114,0.996374,447.5,0.999888
114.5,0.996382,448,0.99989
115,0.99639,448.5,0.999892
115.5,0.996398,449,0.999894
116,0.996406,449.5,0.999896
116.5,0.996415,450,0.999898
117,0.996423,450.5,0.9999
117.5,0.996431,451,0.999902
118,0.996439,451.5,0.999904
118.5,0.996448,452,0.999906
119,0.996456,452.5,0.999908
119.5,0.996464,453,0.99991
120,0.996472,453.5,0.999912
120.5,0.99648,454,0.999914
121,0.996489,454.5,0.999916
121.5,0.996497,455,0.999918
122,0.996505,455.5,0.99992
122.5,0.996513,456,0.999922
123,0.996522,456.5,0.999924
123.5,0.99653,457,0.999926
124,0.996538,457.5,0.999928
124.5,0.996546,458,0.99993
125,0.996554,458.5,0.999932
125.5,0.996563,459,0.999934
126,0.996571,459.5,0.999936
126.5,0.996579,460,0.999938
127,0.996587,460.5,0.999939
127.5,0.996595,461,0.999941
128,0.996604,461.5,0.999943
128.5,0.996612,462,0.999945
129,0.99662,462.5,0.999947
129.5,0.996628,463,0.999949
130,0.996636,463.5,0.999951
130.5,0.996645,464,0.999953
131,0.996653,464.5,0.999954
131.5,0.996661,465,0.999956
132,0.996669,465.5,0.999958
132.5,0.996677,466,0.99996
133,0.996686,466.5,0.999962
133.5,0.996694,467,0.999963
134,0.996702,467.5,0.999965
134.5,0.99671,468,0.999967
135,0.996718,468.5,0.999969
135.5,0.996726,469,0.999971
136,0.996735,469.5,0.999972
136.5,0.996743,470,0.999974
137,0.996751,470.5,0.999976
137.5,0.996759,471,0.999978
138,0.996767,471.5,0.99998
138.5,0.996775,472,0.999981
139,0.996783,472.5,0.999983
139.5,0.996791,473,0.999985
140,0.9968,473.5,0.999987
140.5,0.996808,474,0.999988
141,0.996816,474.5,0.99999
141.5,0.996824,475,0.999992
142,0.996832,475.5,0.999994
142.5,0.99684,476,0.999995
143,0.996848,476.5,0.999997
143.5,0.996856,477,0.999999
144,0.996864,477.5,1
144.5,0.996872,478,1
145,0.99688,478.5,1
145.5,0.996888,479,1.00001
146,0.996896,479.5,1.00001
146.5,0.996904,480,1.00001
147,0.996912,480.5,1.00001
147.5,0.99692,481,1.00001
148,0.996928,481.5,1.00001
148.5,0.996936,482,1.00002
149,0.996944,482.5,1.00002
149.5,0.996952,483,1.00002
150,0.99696,483.5,1.00002
150.5,0.996968,484,1.00002
151,0.996976,484.5,1.00002
151.5,0.996984,485,1.00003
152,0.996992,485.5,1.00003
152.5,0.997,486,1.00003
153,0.997008,486.5,1.00003
153.5,0.997016,487,1.00003
154,0.997023,487.5,1.00003
154.5,0.997031,488,1.00004
155,0.997039,488.5,1.00004
155.5,0.997047,489,1.00004
156,0.997055,489.5,1.00004
156.5,0.997063,490,1.00004
157,0.997071,490.5,1.00004
157.5,0.997078,491,1.00005
158,0.997086,491.5,1.00005
158.5,0.997094,492,1.00005
159,0.997102,492.5,1.00005
159.5,0.997109,493,1.00005
160,0.997117,493.5,1.00005
160.5,0.997125,494,1.00006
161,0.997133,494.5,1.00006
161.5,0.99714,495,1.00006
162,0.997148,495.5,1.00006
162.5,0.997156,496,1.00006
163,0.997164,496.5,1.00006
163.5,0.997171,497,1.00007
164,0.997179,497.5,1.00007
164.5,0.997187,498,1.00007
165,0.997194,498.5,1.00007
165.5,0.997202,499,1.00007
166,0.99721,499.5,1.00007
166.5,0.997217,500,1.00008
167,0.997225,500.5,1.00008
167.5,0.997232,501,1.00008
168,0.99724,501.5,1.00008
168.5,0.997248,502,1.00008
169,0.997255,502.5,1.00008
169.5,0.997263,503,1.00008
170,0.99727,503.5,1.00009
170.5,0.997278,504,1.00009
171,0.997285,504.5,1.00009
171.5,0.997293,505,1.00009
172,0.9973,505.5,1.00009
172.5,0.997308,506,1.00009
173,0.997315,506.5,1.0001
173.5,0.997323,507,1.0001
174,0.99733,507.5,1.0001
174.5,0.997337,508,1.0001
175,0.997345,508.5,1.0001
175.5,0.997352,509,1.0001
176,0.99736,509.5,1.00011
176.5,0.997367,510,1.00011
177,0.997374,510.5,1.00011
177.5,0.997382,511,1.00011
178,0.997389,511.5,1.00011
178.5,0.997396,512,1.00011
179,0.997404,512.5,1.00012
179.5,0.997411,513,1.00012
180,0.997418,513.5,1.00012
180.5,0.997426,514,1.00012
181,0.997433,514.5,1.00012
181.5,0.99744,515,1.00012
182,0.997447,515.5,1.00013
182.5,0.997455,516,1.00013
183,0.997462,516.5,1.00013
183.5,0.997469,517,1.00013
184,0.997476,517.5,1.00013
184.5,0.997483,518,1.00014
185,0.997491,518.5,1.00014
185.5,0.997498,519,1.00014
186,0.997505,519.5,1.00014
186.5,0.997512,520,1.00014
187,0.997519,520.5,1.00014
187.5,0.997526,521,1.00015
188,0.997533,521.5,1.00015
188.5,0.99754,522,1.00015
189,0.997547,522.5,1.00015
189.5,0.997555,523,1.00015
190,0.997562,523.5,1.00015
190.5,0.997569,524,1.00016
191,0.997576,524.5,1.00016
191.5,0.997583,525,1.00016
192,0.99759,525.5,1.00016
192.5,0.997597,526,1.00016
193,0.997604,526.5,1.00017
193.5,0.99761,527,1.00017
194,0.997617,527.5,1.00017
194.5,0.997624,528,1.00017
195,0.997631,528.5,1.00017
195.5,0.997638,529,1.00017
196,0.997645,529.5,1.00018
196.5,0.997652,530,1.00018
197,0.997659,530.5,1.00018
197.5,0.997666,531,1.00018
198,0.997672,531.5,1.00018
198.5,0.997679,532,1.00019
199,0.997686,532.5,1.00019
199.5,0.997693,533,1.00019
200,0.9977,533.5,1.00019
200.5,0.997706,534,1.00019
201,0.997713,534.5,1.0002
201.5,0.99772,535,1.0002
202,0.997727,535.5,1.0002
202.5,0.997733,536,1.0002
203,0.99774,536.5,1.0002
203.5,0.997747,537,1.00021
204,0.997753,537.5,1.00021
204.5,0.99776,538,1.00021
205,0.997767,538.5,1.00021
205.5,0.997773,539,1.00021
206,0.99778,539.5,1.00022
206.5,0.997787,540,1.00022
207,0.997793,540.5,1.00022
207.5,0.9978,541,1.00022
208,0.997806,541.5,1.00022
208.5,0.997813,542,1.00023
209,0.99782,542.5,1.00023
209.5,0.997826,543,1.00023
210,0.997833,543.5,1.00023
210.5,0.997839,544,1.00023
211,0.997846,544.5,1.00024
211.5,0.997852,545,1.00024
212,0.997859,545.5,1.00024
212.5,0.997865,546,1.00024
213,0.997872,546.5,1.00025
213.5,0.997878,547,1.00025
214,0.997885,547.5,1.00025
214.5,0.997891,548,1.00025
215,0.997897,548.5,1.00025
215.5,0.997904,549,1.00026
216,0.99791,549.5,1.00026
216.5,0.997917,550,1.00026
217,0.997923,550.5,1.00026
217.5,0.997929,551,1.00027
218,0.997936,551.5,1.00027
218.5,0.997942,552,1.00027
219,0.997948,552.5,1.00027
219.5,0.997955,553,1.00028
220,0.997961,553.5,1.00028
220.5,0.997967,554,1.00028
221,0.997973,554.5,1.00028
221.5,0.99798,555,1.00029
222,0.997986,555.5,1.00029
222.5,0.997992,556,1.00029
223,0.997998,556.5,1.00029
223.5,0.998005,557,1.0003
224,0.998011,557.5,1.0003
224.5,0.998017,558,1.0003
225,0.998023,558.5,1.0003
225.5,0.998029,559,1.00031
226,0.998035,559.5,1.00031
226.5,0.998042,560,1.00031
227,0.998048,560.5,1.00031
227.5,0.998054,561,1.00032
228,0.99806,561.5,1.00032
228.5,0.998066,562,1.00032
229,0.998072,562.5,1.00033
229.5,0.998078,563,1.00033
230,0.998084,563.5,1.00033
230.5,0.99809,564,1.00033
231,0.998096,564.5,1.00034
231.5,0.998102,565,1.00034
232,0.998109,565.5,1.00034
232.5,0.998115,566,1.00034
233,0.998121,566.5,1.00035
233.5,0.998127,567,1.00035
234,0.998133,567.5,1.00035
234.5,0.998139,568,1.00036
235,0.998144,568.5,1.00036
235.5,0.99815,569,1.00036
236,0.998156,569.5,1.00037
236.5,0.998162,570,1.00037
237,0.998168,570.5,1.00037
237.5,0.998174,571,1.00037
238,0.99818,571.5,1.00038
238.5,0.998186,572,1.00038
239,0.998192,572.5,1.00038
239.5,0.998198,573,1.00039
240,0.998204,573.5,1.00039
240.5,0.998209,574,1.00039
241,0.998215,574.5,1.0004
241.5,0.998221,575,1.0004
242,0.998227,575.5,1.0004
242.5,0.998233,576,1.00041
243,0.998239,576.5,1.00041
243.5,0.998244,577,1.00041
244,0.99825,577.5,1.00042
244.5,0.998256,578,1.00042
245,0.998262,578.5,1.00042
245.5,0.998267,579,1.00043
246,0.998273,579.5,1.00043
246.5,0.998279,580,1.00043
247,0.998285,580.5,1.00044
247.5,0.99829,581,1.00044
248,0.998296,581.5,1.00045
248.5,0.998302,582,1.00045
249,0.998307,582.5,1.00045
249.5,0.998313,583,1.00046
250,0.998319,583.5,1.00046
250.5,0.998324,584,1.00046
251,0.99833,584.5,1.00047
251.5,0.998336,585,1.00047
252,0.998341,585.5,1.00047
252.5,0.998347,586,1.00048
253,0.998353,586.5,1.00048
253.5,0.998358,587,1.00049
254,0.998364,587.5,1.00049
254.5,0.998369,588,1.00049
255,0.998375,588.5,1.0005
255.5,0.998381,589,1.0005
256,0.998386,589.5,1.00051
256.5,0.998392,590,1.00051
257,0.998397,590.5,1.00051
257.5,0.998403,591,1.00052
258,0.998408,591.5,1.00052
258.5,0.998414,592,1.00053
259,0.998419,592.5,1.00053
259.5,0.998425,593,1.00054
260,0.99843,593.5,1.00054
260.5,0.998436,594,1.00054
261,0.998441,594.5,1.00055
261.5,0.998447,595,1.00055
262,0.998452,595.5,1.00056
262.5,0.998458,596,1.00056
263,0.998463,596.5,1.00057
263.5,0.998468,597,1.00057
264,0.998474,597.5,1.00058
264.5,0.998479,598,1.00058
265,0.998485,598.5,1.00059
265.5,0.99849,599,1.00059
266,0.998496,599.5,1.0006
266.5,0.998501,600,1.0006
267,0.998506,600.5,1.0006
267.5,0.998512,601,1.00061
268,0.998517,601.5,1.00061
268.5,0.998522,602,1.00062
269,0.998528,602.5,1.00062
269.5,0.998533,603,1.00063
270,0.998538,603.5,1.00063
270.5,0.998544,604,1.00064
271,0.998549,604.5,1.00064
271.5,0.998554,605,1.00065
272,0.99856,605.5,1.00065
272.5,0.998565,606,1.00066
273,0.99857,606.5,1.00067
273.5,0.998575,607,1.00067
274,0.998581,607.5,1.00068
274.5,0.998586,608,1.00068
275,0.998591,608.5,1.00069
275.5,0.998596,609,1.00069
276,0.998602,609.5,1.0007
276.5,0.998607,610,1.0007
277,0.998612,610.5,1.00071
277.5,0.998617,611,1.00071
278,0.998623,611.5,1.00072
278.5,0.998628,612,1.00073
279,0.998633,612.5,1.00073
279.5,0.998638,613,1.00074
280,0.998643,613.5,1.00074
280.5,0.998648,614,1.00075
281,0.998654,614.5,1.00075
281.5,0.998659,615,1.00076
282,0.998664,615.5,1.00077
282.5,0.998669,616,1.00077
283,0.998674,616.5,1.00078
283.5,0.998679,617,1.00078
284,0.998684,617.5,1.00079
284.5,0.998689,618,1.0008
285,0.998695,618.5,1.0008
285.5,0.9987,619,1.00081
286,0.998705,619.5,1.00082
286.5,0.99871,620,1.00082
287,0.998715,620.5,1.00083
287.5,0.99872,621,1.00084
288,0.998725,621.5,1.00084
288.5,0.99873,622,1.00085
289,0.998735,622.5,1.00086
289.5,0.99874,623,1.00086
290,0.998745,623.5,1.00087
290.5,0.99875,624,1.00088
291,0.998755,624.5,1.00088
291.5,0.99876,625,1.00089
292,0.998765,625.5,1.0009
292.5,0.99877,626,1.0009
293,0.998775,626.5,1.00091
293.5,0.99878,627,1.00092
294,0.998785,627.5,1.00092
294.5,0.99879,628,1.00093
295,0.998795,628.5,1.00094
295.5,0.9988,629,1.00094
296,0.998805,629.5,1.00095
296.5,0.99881,630,1.00096
297,0.998815,630.5,1.00097
297.5,0.99882,631,1.00097
298,0.998824,631.5,1.00098
298.5,0.998829,632,1.00099
299,0.998834,632.5,1.001
299.5,0.998839,633,1.001
300,0.998844,633.5,1.00101
300.5,0.998849,634,1.00102
301,0.998854,634.5,1.00103
301.5,0.998859,635,1.00104
302,0.998863,635.5,1.00104
302.5,0.998868,636,1.00105
303,0.998873,636.5,1.00106
303.5,0.998878,637,1.00107
304,0.998883,637.5,1.00107
304.5,0.998887,638,1.00108
305,0.998892,638.5,1.00109
305.5,0.998897,639,1.0011
306,0.998902,639.5,1.00111
306.5,0.998907,640,1.00112
307,0.998911,640.5,1.00112
307.5,0.998916,641,1.00113
308,0.998921,641.5,1.00114
308.5,0.998926,642,1.00115
309,0.99893,642.5,1.00116
309.5,0.998935,643,1.00117
310,0.99894,643.5,1.00117
310.5,0.998945,644,1.00118
311,0.998949,644.5,1.00119
311.5,0.998954,645,1.0012
312,0.998959,645.5,1.00121
312.5,0.998963,646,1.00122
313,0.998968,646.5,1.00123
313.5,0.998973,647,1.00124
314,0.998977,647.5,1.00125
314.5,0.998982,648,1.00125
315,0.998987,648.5,1.00126
315.5,0.998991,649,1.00127
316,0.998996,649.5,1.00128
316.5,0.999001,650,1.00129
317,0.999005,650.5,1.0013
317.5,0.99901,651,1.00131
318,0.999014,651.5,1.00132
318.5,0.999019,652,1.00133
319,0.999023,652.5,1.00134
319.5,0.999028,653,1.00135
320,0.999033,653.5,1.00136
320.5,0.999037,654,1.00137
321,0.999042,654.5,1.00138
321.5,0.999046,655,1.00139
322,0.999051,655.5,1.0014
322.5,0.999055,656,1.00141
323,0.99906,656.5,1.00142
323.5,0.999064,657,1.00143
324,0.999069,657.5,1.00144
324.5,0.999073,658,1.00145
325,0.999078,658.5,1.00146
325.5,0.999082,659,1.00147
326,0.999087,659.5,1.00148
326.5,0.999091,660,1.00149
327,0.999096,660.5,1.0015
327.5,0.9991,661,1.00151
328,0.999105,661.5,1.00152
328.5,0.999109,662,1.00153
329,0.999113,662.5,1.00154
329.5,0.999118,663,1.00155
330,0.999122,663.5,1.00156
330.5,0.999127,664,1.00157
331,0.999131,664.5,1.00158
331.5,0.999135,665,1.00159
332,0.99914,665.5,1.0016
332.5,0.999144,666,1.00161
333,0.999148,666.5,1.00162
333.5,0.999153,667,1.00163
334,0.999157,667.5,1.00164
334.5,0.999161,668,1.00165
335,0.999166,668.5,1.00167
335.5,0.99917,669,1.00168
336,0.999174,669.5,1.00169
336.5,0.999179,670,1.0017
337,0.999183,670.5,1.00171
337.5,0.999187,671,1.00172
338,0.999191,671.5,1.00173
338.5,0.999196,672,1.00174
339,0.9992,672.5,1.00175
339.5,0.999204,673,1.00176
340,0.999208,673.5,1.00178
340.5,0.999213,674,1.00179
341,0.999217,674.5,1.0018
341.5,0.999221,675,1.00181
342,0.999225,675.5,1.00182
342.5,0.999229,676,1.00183
343,0.999234,676.5,1.00184
343.5,0.999238,677,1.00186
344,0.999242,677.5,1.00187
344.5,0.999246,678,1.00188
345,0.99925,678.5,1.00189
345.5,0.999254,679,1.0019
346,0.999258,679.5,1.00191
346.5,0.999263,680,1.00193
347,0.999267,680.5,1.00194
347.5,0.999271,681,1.00195
348,0.999275,681.5,1.00196
348.5,0.999279,682,1.00197
349,0.999283,682.5,1.00198
349.5,0.999287,683,1.002
350,0.999291,683.5,1.00201
350.5,0.999295,684,1.00202
351,0.999299,684.5,1.00203
351.5,0.999303,685,1.00204
352,0.999307,685.5,1.00206
352.5,0.999311,686,1.00207
353,0.999315,686.5,1.00208
353.5,0.999319,687,1.00209
354,0.999323,687.5,1.0021
354.5,0.999327,688,1.00211
355,0.999331,688.5,1.00213
355.5,0.999335,689,1.00214
356,0.999339,689.5,1.00215
356.5,0.999343,690,1.00216
357,0.999347,690.5,1.00217
357.5,0.999351,691,1.00219
358,0.999354,691.5,1.0022
358.5,0.999358,692,1.00221
359,0.999362,692.5,1.00222
359.5,0.999366,693,1.00224
360,0.99937,693.5,1.00225
360.5,0.999374,694,1.00226
361,0.999378,694.5,1.00227
361.5,0.999381,695,1.00228
362,0.999385,695.5,1.0023
362.5,0.999389,696,1.00231
363,0.999393,696.5,1.00232
363.5,0.999397,697,1.00233
364,0.9994,697.5,1.00234
364.5,0.999404,698,1.00236
365,0.999408,698.5,1.00237
365.5,0.999412,699,1.00238
366,0.999415,699.5,1.00239
366.5,0.999419,700,1.0024
367,0.999423,700.5,1.00241
367.5,0.999426,701,1.00243
368,0.99943,701.5,1.00244
368.5,0.999434,702,1.00245
369,0.999437,702.5,1.00246
369.5,0.999441,703,1.00247
370,0.999445,703.5,1.00249
370.5,0.999448,704,1.0025
371,0.999452,704.5,1.00251
371.5,0.999456,705,1.00252
372,0.999459,705.5,1.00253
372.5,0.999463,706,1.00254
373,0.999466,706.5,1.00255
373.5,0.99947,707,1.00257
374,0.999474,707.5,1.00258
374.5,0.999477,708,1.00259
375,0.999481,708.5,1.0026
375.5,0.999484,709,1.00261
376,0.999488,709.5,1.00262
376.5,0.999491,710,1.00263
377,0.999495,710.5,1.00265
377.5,0.999498,711,1.00266
378,0.999502,711.5,1.00267
378.5,0.999505,712,1.00268
379,0.999509,712.5,1.00269
379.5,0.999512,713,1.0027
380,0.999516,713.5,1.00271
380.5,0.999519,714,1.00272
381,0.999522,714.5,1.00273
381.5,0.999526,715,1.00274
382,0.999529,715.5,1.00275
382.5,0.999533,716,1.00276
383,0.999536,716.5,1.00277
383.5,0.999539,717,1.00278
384,0.999543,717.5,1.00279
384.5,0.999546,718,1.0028
385,0.999549,718.5,1.00281
385.5,0.999553,719,1.00282
386,0.999556,719.5,1.00283
386.5,0.999559,720,1.00284
387,0.999563,720.5,1.00285
387.5,0.999566,721,1.00286
388,0.999569,721.5,1.00287
388.5,0.999572,722,1.00288
389,0.999576,722.5,1.00289
389.5,0.999579,723,1.0029
390,0.999582,723.5,1.00291
390.5,0.999585,724,1.00292
391,0.999588,724.5,1.00292
391.5,0.999592,725,1.00293
392,0.999595,725.5,1.00294
392.5,0.999598,726,1.00295
393,0.999601,726.5,1.00296
393.5,0.999604,727,1.00297
394,0.999607,727.5,1.00297
394.5,0.999611,728,1.00298
395,0.999614,728.5,1.00299
395.5,0.999617,729,1.003
396,0.99962,729.5,1.003
396.5,0.999623,730,1.00301
397,0.999626,730.5,1.00302
397.5,0.999629,731,1.00302
398,0.999632,731.5,1.00303
398.5,0.999635,732,1.00304
399,0.999638,732.5,1.00304
399.5,0.999641,733,1.00305
400,0.999644,733.5,1.00305
400.5,0.999647,734,1.00306
401,0.99965,734.5,1.00307
401.5,0.999653,735,1.00307
402,0.999656,735.5,1.00308
402.5,0.999659,736,1.00308
403,0.999662,736.5,1.00309
403.5,0.999665,737,1.00309
404,0.999668,737.5,1.00309
404.5,0.999671,738,1.0031
405,0.999674,738.5,1.0031
405.5,0.999677,739,1.00311
406,0.99968,739.5,1.00311
406.5,0.999682,740,1.00311
407,0.999685,740.5,1.00312
407.5,0.999688,741,1.00312
408,0.999691,741.5,1.00312
408.5,0.999694,742,1.00312
409,0.999697,742.5,1.00312
409.5,0.999699,743,1.00313
410,0.999702,743.5,1.00313
410.5,0.999705,744,1.00313
411,0.999708,744.5,1.00313
411.5,0.999711,745,1.00313
412,0.999713,745.5,1.00313
412.5,0.999716,746,1.00313
413,0.999719,746.5,1.00313
413.5,0.999722,747,1.00313
414,0.999724,747.5,1.00313
414.5,0.999727,748,1.00313
415,0.99973,748.5,1.00313
415.5,0.999732,749,1.00312
416,0.999735,749.5,1.00312
416.5,0.999738,750,1.00312
417,0.99974,750.5,1.00312
417.5,0.999743,751,1.00311
418,0.999746,751.5,1.00311
418.5,0.999748,752,1.00311
419,0.999751,752.5,1.0031
419.5,0.999753,753,1.0031
420,0.999756,753.5,1.00309
420.5,0.999759,754,1.00309
421,0.999761,754.5,1.00308
421.5,0.999764,755,1.00308
422,0.999766,755.5,1.00307
422.5,0.999769,756,1.00306
423,0.999771,756.5,1.00306
423.5,0.999774,757,1.00305
424,0.999776,757.5,1.00304
424.5,0.999779,758,1.00303
425,0.999781,758.5,1.00302
425.5,0.999784,759,1.00302
426,0.999786,759.5,1.00301
426.5,0.999789,760,1.003
427,0.999791,760.5,1.00299
427.5,0.999794,761,1.00298
428,0.999796,761.5,1.00296
428.5,0.999799,762,1.00295
429,0.999801,762.5,1.00294
429.5,0.999804,763,1.00293
430,0.999806,763.5,1.00291
430.5,0.999808,764,1.0029
431,0.999811,764.5,1.00289
431.5,0.999813,765,1.00287
432,0.999815,765.5,1.00286
432.5,0.999818,766,1.00284
433,0.99982,766.5,1.00283
433.5,0.999822,767,1.00281
434,0.999825,767.5,1.00279
434.5,0.999827,768,1.00278
435,0.999829,768.5,1.00276
435.5,0.999832,769,1.00274
436,0.999834,769.5,1.00272
436.5,0.999836,770,1.0027
437,0.999839,770.5,1.00268
437.5,0.999841,771,1.00266
438,0.999843,771.5,1.00264
438.5,0.999845,772,1.00262
439,0.999848,772.5,1.00259
439.5,0.99985,773,1.00257
440,0.999852,773.5,1.00255
440.5,0.999854,774,1.00252
441,0.999856,774.5,1.0025
441.5,0.999859,775,1.00247
442,0.999861,775.5,1.00244
442.5,0.999863,776,1.00242
443,0.999865,776.5,1.00239
443.5,0.999867,777,1.00236
444,0.999869,777.5,1.00233
444.5,0.999872,778,1.0023
445,0.999874,778.5,1.00227
445.5,0.999876,779,1.00224
446,0.999878,779.5,1.00221
446.5,0.99988,780,1.00218
447,0.999882,780.5,1.00215
447.5,0.999884,781,1.00211
448,0.999886,781.5,1.00208
448.5,0.999889,782,1.00204
449,0.999891,782.5,1.00201
449.5,0.999893,783,1.00197
450,0.999895,783.5,1.00194
450.5,0.999897,784,1.0019
451,0.999899,784.5,1.00186
451.5,0.999901,785,1.00182
452,0.999903,785.5,1.00178
452.5,0.999905,786,1.00174
453,0.999907,786.5,1.0017
453.5,0.999909,787,1.00165
454,0.999911,787.5,1.00161
454.5,0.999913,788,1.00157
455,0.999915,788.5,1.00152
455.5,0.999917,789,1.00147
456,0.999919,789.5,1.00143
456.5,0.999921,790,1.00138
457,0.999923,790.5,1.00133
457.5,0.999925,791,1.00128
458,0.999927,791.5,1.00123
458.5,0.999929,792,1.00118
459,0.999931,792.5,1.00113
459.5,0.999933,793,1.00108
460,0.999935,793.5,1.00102
460.5,0.999936,794,1.00097
461,0.999938,794.5,1.00091
461.5,0.99994,795,1.00086
462,0.999942,795.5,1.0008
462.5,0.999944,796,1.00074
463,0.999946,796.5,1.00068
463.5,0.999948,797,1.00062
464,0.99995,797.5,1.00056
464.5,0.999952,798,1.0005
465,0.999954,798.5,1.00043
465.5,0.999955,799,1.00037
466,0.999957,799.5,1.0003
466.5,0.999959,800,1.00024
467,0.999961,800.5,1.00017
467.5,0.999963,801,1.0001
468,0.999965,801.5,1.00003
468.5,0.999966,802,0.999961
469,0.999968,802.5,0.999889
469.5,0.99997,803,0.999816
470,0.999972,803.5,0.999742
470.5,0.999974,804,0.999667
471,0.999976,804.5,0.999591
471.5,0.999977,805,0.999514
472,0.999979,805.5,0.999436
472.5,0.999981,806,0.999356
473,0.999983,806.5,0.999275
473.5,0.999985,807,0.999194
474,0.999986,807.5,0.999111
474.5,0.999988,808,0.999026
475,0.99999,808.5,0.998941
475.5,0.999992,809,0.998855
476,0.999993,809.5,0.998767
476.5,0.999995,810,0.998678
477,0.999997,810.5,0.998587
477.5,0.999999,811,0.998496
478,1,811.5,0.998403
478.5,1,812,0.998309
479,1,812.5,0.998214
479.5,1.00001,813,0.998117
480,1.00001,813.5,0.99802
480.5,1.00001,814,0.99792
481,1.00001,814.5,0.99782
481.5,1.00001,815,0.997718
482,1.00001,815.5,0.997615
482.5,1.00002,816,0.997511
483,1.00002,816.5,0.997405
483.5,1.00002,817,0.997298
484,1.00002,817.5,0.997189
484.5,1.00002,818,0.997079
485,1.00002,818.5,0.996968
485.5,1.00003,819,0.996855
486,1.00003,819.5,0.996741
486.5,1.00003,820,0.996625
487,1.00003,820.5,0.996508
487.5,1.00003,821,0.99639
488,1.00003,821.5,0.99627
488.5,1.00004,822,0.996148
489,1.00004,822.5,0.996025
489.5,1.00004,823,0.995901
490,1.00004,823.5,0.995775
490.5,1.00004,824,0.995647
491,1.00005,824.5,0.995519
491.5,1.00005,825,0.995388
492,1.00005,825.5,0.995256
492.5,1.00005,826,0.995122
493,1.00005,826.5,0.994987
493.5,1.00005,827,0.99485
494,1.00006,827.5,0.994712
494.5,1.00006,828,0.994572
495,1.00006,828.5,0.99443
495.5,1.00006,829,0.994287
496,1.00006,829.5,0.994142
496.5,1.00006,830,0.993996
497,1.00007,830.5,0.993848
497.5,1.00007,831,0.993698
498,1.00007,831.5,0.993546
498.5,1.00007,832,0.993393
499,1.00007,832.5,0.993238
499.5,1.00007,833,0.993082
500,1.00008,833.5,0.992923
500.5,1.00008,834,0.992763
501,1.00008,834.5,0.992601
501.5,1.00008,835,0.992438
502,1.00008,835.5,0.992272
502.5,1.00008,836,0.992105
503,1.00009,836.5,0.991936
503.5,1.00009,837,0.991765
504,1.00009,837.5,0.991593
504.5,1.00009,838,0.991418
505,1.00009,838.5,0.991242
505.5,1.00009,839,0.991064
506,1.0001,839.5,0.990884
506.5,1.0001,840,0.990702
507,1.0001,840.5,0.990518
507.5,1.0001,841,0.990333
508,1.0001,841.5,0.990145
508.5,1.0001,842,0.989956
509,1.00011,842.5,0.989764
509.5,1.00011,843,0.989571
510,1.00011,843.5,0.989376
510.5,1.00011,844,0.989178
511,1.00011,844.5,0.988979
511.5,1.00011,845,0.988778
512,1.00012,845.5,0.988575
512.5,1.00012,846,0.98837
513,1.00012,846.5,0.988162
513.5,1.00012,847,0.987953
514,1.00012,847.5,0.987742
514.5,1.00013,848,0.987528
515,1.00013,848.5,0.987313
515.5,1.00013,849,0.987095
516,1.00013,849.5,0.986875
516.5,1.00013,850,0.986654
517,1.00013,850.5,0.98643
517.5,1.00014,851,0.986204
518,1.00014,851.5,0.985976
518.5,1.00014,852,0.985745
519,1.00014,852.5,0.985513
519.5,1.00014,853,0.985278
520,1.00014,853.5,0.985041
520.5,1.00015,854,0.984802
521,1.00015,854.5,0.984561
521.5,1.00015,855,0.984318
522,1.00015,855.5,0.984072
522.5,1.00015,856,0.983824
523,1.00016,856.5,0.983574
523.5,1.00016,857,0.983321
524,1.00016,857.5,0.983067
524.5,1.00016,858,0.98281
525,1.00016,858.5,0.98255
525.5,1.00017,859,0.982289
526,1.00017,859.5,0.982025
526.5,1.00017,860,0.981759
527,1.00017,860.5,0.98149
527.5,1.00017,861,0.981219
528,1.00017,861.5,0.980946
528.5,1.00018,862,0.98067
529,1.00018,862.5,0.980392
529.5,1.00018,863,0.980112
530,1.00018,863.5,0.979829
530.5,1.00018,864,0.979543
531,1.00019,864.5,0.979256
531.5,1.00019,865,0.978965
532,1.00019,865.5,0.978673
532.5,1.00019,866,0.978378
533,1.00019,866.5,0.97808
533.5,1.0002,867,0.97778
534,1.0002,867.5,0.977478
534.5,1.0002,868,0.977172
535,1.0002,868.5,0.976865
535.5,1.0002,869,0.976555
536,1.00021,869.5,0.976242
536.5,1.00021,870,0.975927
537,1.00021,870.5,0.975609
537.5,1.00021,871,0.975289
538,1.00022,871.5,0.974966
538.5,1.00022,872,0.97464
539,1.00022,872.5,0.974312
539.5,1.00022,873,0.973982
540,1.00022,873.5,0.973648
540.5,1.00023,874,0.973312
541,1.00023,874.5,0.972974
541.5,1.00023,875,0.972632
542,1.00023,875.5,0.972289
542.5,1.00023,876,0.971942
543,1.00024,876.5,0.971593
543.5,1.00024,877,0.971241
544,1.00024,877.5,0.970886
544.5,1.00024,878,0.970529
545,1.00025,878.5,0.970168
545.5,1.00025,879,0.969806
546,1.00025,879.5,0.96944
546.5,1.00025,880,0.969072
547,1.00025,880.5,0.968701
547.5,1.00026,881,0.968327
548,1.00026,881.5,0.96795
548.5,1.00026,882,0.967571
549,1.00026,882.5,0.967188
549.5,1.00027,883,0.966803
550,1.00027,883.5,0.966415
550.5,1.00027,884,0.966025
551,1.00027,884.5,0.965631
551.5,1.00028,885,0.965235
552,1.00028,885.5,0.964835
552.5,1.00028,886,0.964433
553,1.00028,886.5,0.964028
553.5,1.00029,887,0.96362
554,1.00029,887.5,0.96321
554.5,1.00029,888,0.962796
555,1.00029,888.5,0.962379
555.5,1.0003,889,0.96196
556,1.0003,889.5,0.961537
556.5,1.0003,890,0.961112
557,1.0003,890.5,0.960684
557.5,1.00031,891,0.960252
558,1.00031,891.5,0.959818
558.5,1.00031,892,0.959381
559,1.00032,892.5,0.958941
559.5,1.00032,893,0.958498
560,1.00032,893.5,0.958051
560.5,1.00032,894,0.957602
561,1.00033,894.5,0.95715
561.5,1.00033,895,0.956695
562,1.00033,895.5,0.956237
562.5,1.00033,896,0.955775
563,1.00034,896.5,0.955311
563.5,1.00034,897,0.954844
564,1.00034,897.5,0.954373
564.5,1.00035,898,0.9539
565,1.00035,898.5,0.953423
565.5,1.00035,899,0.952944
566,1.00035,899.5,0.952461
566.5,1.00036,900,0.951975
567,1.00036,900.5,0.951487
567.5,1.00036,901,0.950995
568,1.00037,901.5,0.950499
568.5,1.00037,902,0.950001
569,1.00037,902.5,0.9495
569.5,1.00038,903,0.948995
570,1.00038,903.5,0.948488
570.5,1.00038,904,0.947977
571,1.00039,904.5,0.947463
571.5,1.00039,905,0.946946
572,1.00039,905.5,0.946426
572.5,1.0004,906,0.945903
573,1.0004,906.5,0.945376
573.5,1.0004,907,0.944846
574,1.00041,907.5,0.944313
574.5,1.00041,908,0.943777
575,1.00041,908.5,0.943238
575.5,1.00042,909,0.942695
576,1.00042,909.5,0.94215
576.5,1.00042,910,0.941601
577,1.00043,910.5,0.941049
577.5,1.00043,911,0.940493
578,1.00043,911.5,0.939935
578.5,1.00044,912,0.939373
579,1.00044,912.5,0.938808
579.5,1.00044,913,0.938239
580,1.00045,913.5,0.937668
580.5,1.00045,914,0.937093
581,1.00045,914.5,0.936515
581.5,1.00046,915,0.935933
582,1.00046,915.5,0.935349
582.5,1.00047,916,0.934761
583,1.00047,916.5,0.93417
583.5,1.00047,917,0.933575
584,1.00048,917.5,0.932978
584.5,1.00048,918,0.932377
585,1.00049,918.5,0.931772
585.5,1.00049,919,0.931165
586,1.00049,919.5,0.930554
586.5,1.0005,920,0.92994
587,1.0005,920.5,0.929322
587.5,1.00051,921,0.928702
588,1.00051,921.5,0.928077
588.5,1.00051,922,0.92745
589,1.00052,922.5,0.926819
589.5,1.00052,923,0.926185
590,1.00053,923.5,0.925548
590.5,1.00053,924,0.924907
591,1.00053,924.5,0.924263
591.5,1.00054,925,0.923616
592,1.00054,925.5,0.922965
592.5,1.00055,926,0.922312
593,1.00055,926.5,0.921654
593.5,1.00056,927,0.920994
594,1.00056,927.5,0.92033
594.5,1.00057,928,0.919662
595,1.00057,928.5,0.918992
595.5,1.00057,929,0.918318
596,1.00058,929.5,0.917641
596.5,1.00058,930,0.91696
597,1.00059,930.5,0.916276
597.5,1.00059,931,0.915589
598,1.0006,931.5,0.914898
598.5,1.0006,932,0.914204
599,1.00061,932.5,0.913507
599.5,1.00061,933,0.912806
600,1.00062,933.5,0.912102
600.5,1.00062,934,0.911395
601,1.00063,934.5,0.910684
601.5,1.00063,935,0.90997
602,1.00064,935.5,0.909252
602.5,1.00064,936,0.908532
603,1.00065,936.5,0.907808
603.5,1.00065,937,0.90708
604,1.00066,937.5,0.90635
604.5,1.00066,938,0.905615
605,1.00067,938.5,0.904878
605.5,1.00067,939,0.904137
606,1.00068,939.5,0.903393
606.5,1.00068,940,0.902646
607,1.00069,940.5,0.901895
607.5,1.00069,941,0.901141
608,1.0007,941.5,0.900383
608.5,1.00071,942,0.899623
609,1.00071,942.5,0.898859
609.5,1.00072,943,0.898091
610,1.00072,943.5,0.89732
610.5,1.00073,944,0.896546
611,1.00073,944.5,0.895769
611.5,1.00074,945,0.894988
612,1.00075,945.5,0.894204
612.5,1.00075,946,0.893417
613,1.00076,946.5,0.892626
613.5,1.00076,947,0.891832
614,1.00077,947.5,0.891035
614.5,1.00078,948,0.890235
615,1.00078,948.5,0.889431
615.5,1.00079,949,0.888624
616,1.00079,949.5,0.887814
616.5,1.0008,950,0.887
617,1.00081,950.5,0.886183
617.5,1.00081,951,0.885363
618,1.00082,951.5,0.884539
618.5,1.00082,952,0.883713
619,1.00083,952.5,0.882883
619.5,1.00084,953,0.882049
620,1.00084,953.5,0.881213
620.5,1.00085,954,0.880373
621,1.00086,954.5,0.87953
621.5,1.00086,955,0.878684
622,1.00087,955.5,0.877834
622.5,1.00088,956,0.876982
623,1.00088,956.5,0.876126
623.5,1.00089,957,0.875266
624,1.0009,957.5,0.874404
624.5,1.0009,958,0.873539
625,1.00091,958.5,0.87267
625.5,1.00092,959,0.871798
626,1.00092,959.5,0.870923
626.5,1.00093,960,0.870044
627,1.00094,960.5,0.869163
627.5,1.00095,961,0.868278
628,1.00095,961.5,0.86739
628.5,1.00096,962,0.8665
629,1.00097,962.5,0.865605
629.5,1.00097,963,0.864708
630,1.00098,963.5,0.863808
630.5,1.00099,964,0.862904
631,1.001,964.5,0.861998
631.5,1.001,965,0.861088
632,1.00101,965.5,0.860175
632.5,1.00102,966,0.859259
633,1.00103,966.5,0.85834
633.5,1.00103,967,0.857418
634,1.00104,967.5,0.856493
634.5,1.00105,968,0.855564
635,1.00106,968.5,0.854633
635.5,1.00107,969,0.853699
636,1.00107,969.5,0.852761
636.5,1.00108,970,0.851821
637,1.00109,970.5,0.850877
637.5,1.0011,971,0.849931
638,1.00111,971.5,0.848981
638.5,1.00111,972,0.848029
639,1.00112,972.5,0.847073
639.5,1.00113,973,0.846115
640,1.00114,973.5,0.845153
640.5,1.00115,974,0.844189
641,1.00116,974.5,0.843222
641.5,1.00116,975,0.842251
642,1.00117,975.5,0.841278
642.5,1.00118,976,0.840302
643,1.00119,976.5,0.839323
643.5,1.0012,977,0.838341
644,1.00121,977.5,0.837356
644.5,1.00121,978,0.836368
645,1.00122,978.5,0.835378
645.5,1.00123,979,0.834384
646,1.00124,979.5,0.833388
646.5,1.00125,980,0.832389
647,1.00126,980.5,0.831387
647.5,1.00127,981,0.830382
648,1.00128,981.5,0.829374
648.5,1.00129,982,0.828364
649,1.00129,982.5,0.827351
649.5,1.0013,983,0.826335
650,1.00131,983.5,0.825316
650.5,1.00132,984,0.824294
651,1.00133,984.5,0.82327
651.5,1.00134,985,0.822243
652,1.00135,985.5,0.821214
652.5,1.00136,986,0.820181
653,1.00137,986.5,0.819146
653.5,1.00138,987,0.818109
654,1.00139,987.5,0.817068
654.5,1.0014,988,0.816025
655,1.00141,988.5,0.814979
655.5,1.00142,989,0.813931
656,1.00143,989.5,0.81288
656.5,1.00144,990,0.811826
657,1.00145,990.5,0.81077
657.5,1.00146,991,0.809712
658,1.00147,991.5,0.80865
658.5,1.00148,992,0.807586
659,1.00149,992.5,0.80652
659.5,1.0015,993,0.805451
660,1.00151,993.5,0.80438
660.5,1.00152,994,0.803306
661,1.00153,994.5,0.802229
661.5,1.00154,995,0.80115
662,1.00155,995.5,0.800069
662.5,1.00156,996,0.798985
663,1.00157,996.5,0.797899
663.5,1.00158,997,0.79681
664,1.00159,997.5,0.795719
664.5,1.0016,998,0.794626
665,1.00161,998.5,0.79353
665.5,1.00162,999,0.792432
666,1.00163,999.5,0.791331
666.5,1.00164,1000,0.790228
667,1.00165,,
667.5,1.00166,,
668,1.00167,,
668.5,1.00168,,
669,1.00169,,
669.5,1.0017,,
670,1.00171,,
670.5,1.00173,,
671,1.00174,,
671.5,1.00175,,
672,1.00176,,
672.5,1.00177,,
673,1.00178,,
673.5,1.00179,,
674,1.0018,,
674.5,1.00181,,
675,1.00182,,
675.5,1.00183,,
676,1.00185,,
676.5,1.00186,,
677,1.00187,,
677.5,1.00188,,
678,1.00189,,
678.5,1.0019,,
679,1.00191,,
679.5,1.00192,,
680,1.00194,,
680.5,1.00195,,
681,1.00196,,
681.5,1.00197,,
682,1.00198,,
682.5,1.00199,,
683,1.002,,
683.5,1.00201,,
684,1.00203,,
684.5,1.00204,,
685,1.00205,,
685.5,1.00206,,
686,1.00207,,
686.5,1.00208,,
687,1.00209,,
687.5,1.00211,,
688,1.00212,,
688.5,1.00213,,
689,1.00214,,
689.5,1.00215,,
690,1.00216,,
690.5,1.00217,,
691,1.00219,,
691.5,1.0022,,
692,1.00221,,
692.5,1.00222,,
693,1.00223,,
693.5,1.00224,,
694,1.00225,,
694.5,1.00227,,
695,1.00228,,
695.5,1.00229,,
696,1.0023,,
696.5,1.00231,,
697,1.00232,,
697.5,1.00233,,
698,1.00234,,
698.5,1.00236,,
699,1.00237,,
699.5,1.00238,,
700,1.00239,,
700.5,1.0024,,
701,1.00241,,
701.5,1.00242,,
702,1.00243,,
702.5,1.00244,,
703,1.00245,,
703.5,1.00247,,
704,1.00248,,
704.5,1.00249,,
705,1.0025,,
705.5,1.00251,,
706,1.00252,,
706.5,1.00253,,
707,1.00254,,
707.5,1.00255,,
708,1.00256,,
708.5,1.00257,,
709,1.00258,,
709.5,1.00259,,
710,1.0026,,
710.5,1.00261,,
711,1.00262,,
711.5,1.00263,,
712,1.00264,,
712.5,1.00265,,
713,1.00266,,
713.5,1.00267,,
714,1.00268,,
714.5,1.00269,,
715,1.0027,,
715.5,1.00271,,
716,1.00272,,
716.5,1.00273,,
717,1.00274,,
717.5,1.00274,,
718,1.00275,,
718.5,1.00276,,
719,1.00277,,
719.5,1.00278,,
720,1.00279,,
720.5,1.0028,,
721,1.0028,,
721.5,1.00281,,
722,1.00282,,
722.5,1.00283,,
723,1.00283,,
723.5,1.00284,,
724,1.00285,,
724.5,1.00286,,
725,1.00286,,
725.5,1.00287,,
726,1.00288,,
726.5,1.00288,,
727,1.00289,,
727.5,1.0029,,
728,1.0029,,
728.5,1.00291,,
729,1.00291,,
729.5,1.00292,,
730,1.00292,,
730.5,1.00293,,
731,1.00293,,
731.5,1.00294,,
732,1.00294,,
732.5,1.00295,,
733,1.00295,,
733.5,1.00296,,
734,1.00296,,
734.5,1.00296,,
735,1.00297,,
735.5,1.00297,,
736,1.00297,,
736.5,1.00298,,
737,1.00298,,
737.5,1.00298,,
738,1.00298,,
738.5,1.00299,,
739,1.00299,,
739.5,1.00299,,
740,1.00299,,
740.5,1.00299,,
741,1.00299,,
741.5,1.00299,,
742,1.00299,,
742.5,1.00299,,
743,1.00299,,
743.5,1.00299,,
744,1.00299,,
744.5,1.00299,,
745,1.00299,,
745.5,1.00298,,
746,1.00298,,
746.5,1.00298,,
747,1.00298,,
747.5,1.00297,,
748,1.00297,,
748.5,1.00297,,
749,1.00296,,
749.5,1.00296,,
750,1.00295,,
750.5,1.00295,,
751,1.00294,,
751.5,1.00294,,
752,1.00293,,
752.5,1.00292,,
753,1.00292,,
753.5,1.00291,,
754,1.0029,,
754.5,1.00289,,
755,1.00288,,
755.5,1.00288,,
756,1.00287,,
756.5,1.00286,,
757,1.00285,,
757.5,1.00284,,
758,1.00282,,
758.5,1.00281,,
759,1.0028,,
759.5,1.00279,,
760,1.00278,,
760.5,1.00276,,
761,1.00275,,
761.5,1.00274,,
762,1.00272,,
762.5,1.00271,,
763,1.00269,,
763.5,1.00267,,
764,1.00266,,
764.5,1.00264,,
765,1.00262,,
765.5,1.0026,,
766,1.00259,,
766.5,1.00257,,
767,1.00255,,
767.5,1.00253,,
768,1.00251,,
768.5,1.00249,,
769,1.00246,,
769.5,1.00244,,
770,1.00242,,
770.5,1.00239,,
771,1.00237,,
771.5,1.00235,,
772,1.00232,,
772.5,1.00229,,
773,1.00227,,
773.5,1.00224,,
774,1.00221,,
774.5,1.00218,,
775,1.00216,,
775.5,1.00213,,
776,1.0021,,
776.5,1.00206,,
777,1.00203,,
777.5,1.002,,
778,1.00197,,
778.5,1.00193,,
779,1.0019,,
779.5,1.00186,,
780,1.00183,,
780.5,1.00179,,
781,1.00175,,
781.5,1.00172,,
782,1.00168,,
782.5,1.00164,,
783,1.0016,,
783.5,1.00156,,
784,1.00151,,
784.5,1.00147,,
785,1.00143,,
785.5,1.00138,,
786,1.00134,,
786.5,1.00129,,
787,1.00125,,
787.5,1.0012,,
788,1.00115,,
788.5,1.0011,,
789,1.00105,,
789.5,1.001,,
790,1.00095,,
790.5,1.0009,,
791,1.00084,,
791.5,1.00079,,
792,1.00073,,
792.5,1.00068,,
793,1.00062,,
793.5,1.00056,,
794,1.0005,,
794.5,1.00044,,
795,1.00038,,
795.5,1.00032,,
796,1.00026,,
796.5,1.00019,,
797,1.00013,,
797.5,1.00006,,
798,0.999996,,
798.5,0.999928,,
799,0.999859,,
799.5,0.999789,,
800,0.999718,,
800.5,0.999646,,
801,0.999573,,
801.5,0.999499,,
802,0.999423,,
802.5,0.999347,,
803,0.999269,,
803.5,0.999191,,
804,0.999111,,
804.5,0.99903,,
805,0.998948,,
805.5,0.998865,,
806,0.998781,,
806.5,0.998695,,
807,0.998608,,
807.5,0.998521,,
808,0.998431,,
808.5,0.998341,,
809,0.99825,,
809.5,0.998157,,
810,0.998063,,
810.5,0.997968,,
811,0.997871,,
811.5,0.997774,,
812,0.997674,,
812.5,0.997574,,
813,0.997473,,
813.5,0.99737,,
814,0.997265,,
814.5,0.99716,,
815,0.997053,,
815.5,0.996945,,
816,0.996835,,
816.5,0.996724,,
817,0.996612,,
817.5,0.996498,,
818,0.996383,,
818.5,0.996266,,
819,0.996148,,
819.5,0.996028,,
820,0.995908,,
820.5,0.995785,,
821,0.995661,,
821.5,0.995536,,
822,0.995409,,
822.5,0.995281,,
823,0.995151,,
823.5,0.99502,,
824,0.994887,,
824.5,0.994753,,
825,0.994617,,
825.5,0.994479,,
826,0.99434,,
826.5,0.994199,,
827,0.994057,,
827.5,0.993913,,
828,0.993768,,
828.5,0.993621,,
829,0.993472,,
829.5,0.993322,,
830,0.99317,,
830.5,0.993016,,
831,0.992861,,
831.5,0.992703,,
832,0.992545,,
832.5,0.992384,,
833,0.992222,,
833.5,0.992058,,
834,0.991892,,
834.5,0.991725,,
835,0.991556,,
835.5,0.991384,,
836,0.991212,,
836.5,0.991037,,
837,0.990861,,
837.5,0.990682,,
838,0.990502,,
838.5,0.99032,,
839,0.990137,,
839.5,0.989951,,
840,0.989763,,
840.5,0.989574,,
841,0.989382,,
841.5,0.989189,,
842,0.988994,,
842.5,0.988797,,
843,0.988598,,
843.5,0.988397,,
844,0.988194,,
844.5,0.987989,,
845,0.987782,,
845.5,0.987573,,
846,0.987362,,
846.5,0.987149,,
847,0.986934,,
847.5,0.986717,,
848,0.986497,,
848.5,0.986276,,
849,0.986053,,
849.5,0.985827,,
850,0.9856,,
850.5,0.98537,,
851,0.985138,,
851.5,0.984904,,
852,0.984668,,
852.5,0.98443,,
853,0.98419,,
853.5,0.983947,,
854,0.983702,,
854.5,0.983455,,
855,0.983206,,
855.5,0.982955,,
856,0.982701,,
856.5,0.982445,,
857,0.982187,,
857.5,0.981927,,
858,0.981664,,
858.5,0.981399,,
859,0.981132,,
859.5,0.980862,,
860,0.98059,,
860.5,0.980316,,
861,0.980039,,
861.5,0.97976,,
862,0.979479,,
862.5,0.979195,,
863,0.978909,,
863.5,0.97862,,
864,0.97833,,
864.5,0.978036,,
865,0.97774,,
865.5,0.977442,,
866,0.977141,,
866.5,0.976838,,
867,0.976533,,
867.5,0.976225,,
868,0.975914,,
868.5,0.975601,,
869,0.975285,,
869.5,0.974967,,
870,0.974646,,
870.5,0.974323,,
871,0.973997,,
871.5,0.973669,,
872,0.973338,,
872.5,0.973004,,
873,0.972668,,
873.5,0.97233,,
874,0.971988,,
874.5,0.971644,,
875,0.971298,,
875.5,0.970948,,
876,0.970596,,
876.5,0.970242,,
877,0.969885,,
877.5,0.969525,,
878,0.969162,,
878.5,0.968797,,
879,0.968429,,
879.5,0.968058,,
880,0.967684,,
880.5,0.967308,,
881,0.966929,,
881.5,0.966547,,
882,0.966163,,
882.5,0.965775,,
883,0.965385,,
883.5,0.964992,,
884,0.964596,,
884.5,0.964198,,
885,0.963797,,
885.5,0.963392,,
886,0.962985,,
886.5,0.962575,,
887,0.962163,,
887.5,0.961747,,
888,0.961329,,
888.5,0.960907,,
889,0.960483,,
889.5,0.960056,,
890,0.959626,,
890.5,0.959193,,
891,0.958757,,
891.5,0.958318,,
892,0.957876,,
892.5,0.957431,,
893,0.956984,,
893.5,0.956533,,
894,0.956079,,
894.5,0.955623,,
895,0.955163,,
895.5,0.9547,,
896,0.954235,,
896.5,0.953766,,
897,0.953294,,
897.5,0.95282,,
898,0.952342,,
898.5,0.951861,,
899,0.951378,,
899.5,0.950891,,
900,0.950401,,
900.5,0.949908,,
901,0.949412,,
901.5,0.948913,,
902,0.948411,,
902.5,0.947905,,
903,0.947397,,
903.5,0.946885,,
904,0.946371,,
904.5,0.945853,,
905,0.945332,,
905.5,0.944808,,
906,0.944281,,
906.5,0.943751,,
907,0.943218,,
907.5,0.942681,,
908,0.942141,,
908.5,0.941598,,
909,0.941052,,
909.5,0.940503,,
910,0.939951,,
910.5,0.939395,,
911,0.938837,,
911.5,0.938275,,
912,0.93771,,
912.5,0.937141,,
913,0.93657,,
913.5,0.935995,,
914,0.935417,,
914.5,0.934836,,
915,0.934252,,
915.5,0.933664,,
916,0.933073,,
916.5,0.932479,,
917,0.931882,,
917.5,0.931282,,
918,0.930678,,
918.5,0.930071,,
919,0.929461,,
919.5,0.928847,,
920,0.92823,,
920.5,0.92761,,
921,0.926987,,
921.5,0.92636,,
922,0.925731,,
922.5,0.925098,,
923,0.924461,,
923.5,0.923822,,
924,0.923179,,
924.5,0.922533,,
925,0.921883,,
925.5,0.92123,,
926,0.920574,,
926.5,0.919915,,
927,0.919253,,
927.5,0.918587,,
928,0.917918,,
928.5,0.917245,,
929,0.916569,,
929.5,0.91589,,
930,0.915208,,
930.5,0.914522,,
931,0.913833,,
931.5,0.913141,,
932,0.912446,,
932.5,0.911747,,
933,0.911045,,
933.5,0.91034,,
934,0.909631,,
934.5,0.908919,,
935,0.908204,,
935.5,0.907485,,
936,0.906763,,
936.5,0.906038,,
937,0.90531,,
937.5,0.904578,,
938,0.903843,,
938.5,0.903105,,
939,0.902363,,
939.5,0.901618,,
940,0.90087,,
940.5,0.900119,,
941,0.899364,,
941.5,0.898606,,
942,0.897845,,
942.5,0.89708,,
943,0.896312,,
943.5,0.895541,,
944,0.894767,,
944.5,0.893989,,
945,0.893208,,
945.5,0.892424,,
946,0.891637,,
946.5,0.890846,,
947,0.890052,,
947.5,0.889255,,
948,0.888454,,
948.5,0.887651,,
949,0.886844,,
949.5,0.886034,,
950,0.88522,,
950.5,0.884404,,
951,0.883584,,
951.5,0.882761,,
952,0.881935,,
952.5,0.881105,,
953,0.880272,,
953.5,0.879437,,
954,0.878598,,
954.5,0.877755,,
955,0.87691,,
955.5,0.876061,,
956,0.875209,,
956.5,0.874354,,
957,0.873496,,
957.5,0.872635,,
958,0.87177,,
958.5,0.870903,,
959,0.870032,,
959.5,0.869158,,
960,0.868281,,
960.5,0.867401,,
961,0.866518,,
961.5,0.865631,,
962,0.864742,,
962.5,0.863849,,
963,0.862954,,
963.5,0.862055,,
964,0.861153,,
964.5,0.860248,,
965,0.85934,,
965.5,0.858429,,
966,0.857515,,
966.5,0.856598,,
967,0.855678,,
967.5,0.854755,,
968,0.853828,,
968.5,0.852899,,
969,0.851967,,
969.5,0.851032,,
970,0.850094,,
970.5,0.849153,,
971,0.848208,,
971.5,0.847261,,
972,0.846311,,
972.5,0.845358,,
973,0.844402,,
973.5,0.843444,,
974,0.842482,,
974.5,0.841517,,
975,0.84055,,
975.5,0.839579,,
976,0.838606,,
976.5,0.83763,,
977,0.836651,,
977.5,0.835669,,
978,0.834684,,
978.5,0.833697,,
979,0.832706,,
979.5,0.831713,,
980,0.830717,,
980.5,0.829719,,
981,0.828717,,
981.5,0.827713,,
982,0.826706,,
982.5,0.825696,,
983,0.824684,,
983.5,0.823668,,
984,0.82265,,
984.5,0.82163,,
985,0.820607,,
985.5,0.819581,,
986,0.818552,,
986.5,0.817521,,
987,0.816487,,
987.5,0.81545,,
988,0.814411,,
988.5,0.813369,,
989,0.812325,,
989.5,0.811278,,
990,0.810229,,
990.5,0.809177,,
991,0.808122,,
991.5,0.807065,,
992,0.806005,,
992.5,0.804943,,
993,0.803879,,
993.5,0.802812,,
994,0.801742,,
994.5,0.80067,,
995,0.799596,,
995.5,0.798519,,
996,0.79744,,
996.5,0.796358,,
997,0.795274,,
997.5,0.794188,,
998,0.793099,,
998.5,0.792008,,
999,0.790914,,
999.5,0.789819,,
1000,0.788721,,
1002,0.784306,,
1005,0.777617,,
1008,0.770851,,
1011,0.764012,,
1014,0.757102,,
1017,0.750124,,
1020,0.743084,,
1023,0.735983,,
1026,0.728825,,
1029,0.721615,,
1032,0.714355,,
1035,0.707049,,
1038,0.699702,,
1041,0.692316,,
1044,0.684896,,
1047,0.677445,,
1050,0.669966,,
1053,0.662465,,
1056,0.654943,,
1059,0.647406,,
1062,0.639856,,
1065,0.632297,,
1068,0.624733,,
1071,0.617168,,
1074,0.609604,,
1077,0.602045,,
1080,0.594495,,
1083,0.586956,,
1086,0.579433,,
1089,0.571927,,
1092,0.564443,,
1095,0.556983,,
1098,0.549551,,
1101,0.542148,,
1104,0.534778,,
1107,0.527443,,
1110,0.520146,,
1113,0.51289,,
1116,0.505677,,
1119,0.498509,,
1122,0.491388,,
1125,0.484316,,
1128,0.477296,,
1131,0.470329,,
1134,0.463418,,
1137,0.456563,,
1140,0.449767,,
1143,0.443031,,
1146,0.436356,,
1149,0.429745,,
1152,0.423197,,
1155,0.416715,,
1158,0.410299,,
1161,0.40395,,
1164,0.39767,,
1167,0.391459,,
1170,0.385318,,
1173,0.379248,,
1176,0.373248,,
1179,0.367321,,
1182,0.361466,,
1185,0.355683,,
1188,0.349973,,
1191,0.344336,,
1194,0.338773,,
1197,0.333283,,
1200,0.327866,,
1203,0.322523,,
1206,0.317254,,
1209,0.312058,,
1212,0.306935,,
1215,0.301886,,
1218,0.296909,,
1221,0.292005,,
1224,0.287173,,
1227,0.282413,,
1230,0.277725,,
1233,0.273107,,
1236,0.268561,,
1239,0.264084,,
1242,0.259677,,
1245,0.255339,,
1248,0.25107,,
1251,0.246868,,
1254,0.242734,,
1257,0.238667,,
1260,0.234665,,
1263,0.230729,,
1266,0.226858,,
1269,0.22305,,
1272,0.219306,,
1275,0.215624,,
1278,0.212004,,
1281,0.208445,,
1284,0.204946,,
1287,0.201507,,
1290,0.198126,,
1293,0.194804,,
1296,0.191538,,
1299,0.18833,,
1302,0.185176,,
1305,0.182078,,
1308,0.179033,,
1311,0.176042,,
1314,0.173103,,
1317,0.170216,,
1320,0.16738,,
1323,0.164594,,
1326,0.161858,,
1329,0.15917,,
1332,0.15653,,
1335,0.153937,,
1338,0.15139,,
1341,0.148889,,
1344,0.146433,,
1347,0.144021,,
1350,0.141652,,
1353,0.139326,,
1356,0.137042,,
1359,0.134799,,
1362,0.132597,,
1365,0.130434,,
1368,0.12831,,
1371,0.126225,,
1374,0.124178,,
1377,0.122168,,
1380,0.120194,,
1383,0.118256,,
1386,0.116354,,
1389,0.114485,,
1392,0.112651,,
1395,0.11085,,
1398,0.109082,,
1401,0.107346,,
1404,0.105641,,
1407,0.103968,,
1410,0.102325,,
1413,0.100711,,
1416,0.0991273,,
1419,0.0975719,,
1422,0.0960448,,
1425,0.0945454,,
1428,0.0930732,,
1431,0.0916276,,
1434,0.0902082,,
1437,0.0888145,,
1440,0.087446,,
1443,0.0861022,,
1446,0.0847826,,
1449,0.0834869,,
1452,0.0822145,,
1455,0.080965,,
1458,0.0797381,,
1461,0.0785331,,
1464,0.0773498,,
1467,0.0761878,,
1470,0.0750465,,
1473,0.0739257,,
1476,0.0728249,,
1479,0.0717438,,
1482,0.070682,,
1485,0.0696391,,
1488,0.0686147,,
1491,0.0676086,,
1494,0.0666203,,
1497,0.0656495,,
1500,0.0646959,,
1503,0.0637592,,
1506,0.062839,,
1509,0.061935,,
1512,0.061047,,
1515,0.0601745,,
1518,0.0593174,,
1521,0.0584753,,
1524,0.0576479,,
1527,0.056835,,
1530,0.0560362,,
1533,0.0552514,,
1536,0.0544802,,
1539,0.0537224,,
1542,0.0529778,,
1545,0.052246,,
1548,0.0515269,,
1551,0.0508201,,
1554,0.0501256,,
1557,0.049443,,
1560,0.048772,,
1563,0.0481126,,
1566,0.0474645,,
1569,0.0468274,,
1572,0.0462012,,
1575,0.0455856,,
1578,0.0449804,,
1581,0.0443856,,
1584,0.0438007,,
1587,0.0432258,,
1590,0.0426606,,
1593,0.0421048,,
1596,0.0415584,,
1599,0.0410211,,
1602,0.0404929,,
1605,0.0399734,,
1608,0.0394626,,
1611,0.0389603,,
1614,0.0384664,,
1617,0.0379806,,
1620,0.0375029,,
1623,0.037033,,
1626,0.0365709,,
1629,0.0361164,,
1632,0.0356693,,
1635,0.0352296,,
1638,0.034797,,
1641,0.0343715,,
1644,0.033953,,
1647,0.0335412,,
1650,0.0331361,,
1653,0.0327376,,
1656,0.0323455,,
1659,0.0319598,,
1662,0.0315802,,
1665,0.0312067,,
1668,0.0308393,,
1671,0.0304777,,
1674,0.0301218,,
1677,0.0297717,,
1680,0.0294271,,
1683,0.029088,,
1686,0.0287542,,
1689,0.0284257,,
1692,0.0281024,,
1695,0.0277842,,
1698,0.027471,,
1701,0.0271627,,
1704,0.0268592,,
1707,0.0265605,,
1710,0.0262664,,
1713,0.0259769,,
1716,0.0256919,,
1719,0.0254113,,
1722,0.0251351,,
1725,0.0248631,,
1728,0.0245953,,
1731,0.0243316,,
1734,0.024072,,
1737,0.0238163,,
1740,0.0235645,,
1743,0.0233166,,
1746,0.0230725,,
1749,0.022832,,
1752,0.0225953,,
1755,0.022362,,
1758,0.0221324,,
1761,0.0219061,,
1764,0.0216833,,
1767,0.0214638,,
1770,0.0212477,,
1773,0.0210347,,
1776,0.0208249,,
1779,0.0206183,,
1782,0.0204147,,
1785,0.0202141,,
1788,0.0200166,,
1791,0.0198219,,
1794,0.0196301,,
1797,0.0194411,,
1800,0.0192549,,
1803,0.0190715,,
1806,0.0188907,,
1809,0.0187126,,
1812,0.018537,,
1815,0.0183641,,
1818,0.0181936,,
1821,0.0180256,,
1824,0.0178601,,
1827,0.0176969,,
1830,0.0175361,,
1833,0.0173776,,
1836,0.0172214,,
1839,0.0170674,,
1842,0.0169156,,
1845,0.016766,,
1848,0.0166186,,
1851,0.0164732,,
1854,0.0163299,,
1857,0.0161887,,
1860,0.0160494,,
1863,0.0159121,,
1866,0.0157768,,
1869,0.0156433,,
1872,0.0155118,,
1875,0.015382,,
1878,0.0152541,,
1881,0.015128,,
1884,0.0150037,,
1887,0.0148811,,
1890,0.0147602,,
1893,0.014641,,
1896,0.0145234,,
1899,0.0144075,,
1902,0.0142931,,
1905,0.0141804,,
1908,0.0140692,,
1911,0.0139595,,
1914,0.0138514,,
1917,0.0137447,,
1920,0.0136395,,
1923,0.0135357,,
1926,0.0134333,,
1929,0.0133324,,
1932,0.0132328,,
1935,0.0131346,,
1938,0.0130377,,
1941,0.0129421,,
1944,0.0128478,,
1947,0.0127548,,
1950,0.012663,,
1953,0.0125725,,
1956,0.0124832,,
1959,0.0123951,,
1962,0.0123081,,
1965,0.0122224,,
1968,0.0121378,,
1971,0.0120543,,
1974,0.0119719,,
1977,0.0118906,,
1980,0.0118104,,
1983,0.0117313,,
1986,0.0116532,,
1989,0.0115762,,
1992,0.0115002,,
1995,0.0114252,,
1998,0.0113511,,
2001,0.0112781,,
2004,0.011206,,
2007,0.0111348,,
2010,0.0110646,,
2013,0.0109953,,
2016,0.010927,,
2019,0.0108595,,
2022,0.0107929,,
2025,0.0107271,,
2028,0.0106622,,
2031,0.0105982,,
2034,0.010535,,
2037,0.0104726,,
2040,0.0104111,,
2043,0.0103503,,
2046,0.0102903,,
2049,0.0102311,,
2052,0.0101726,,
2055,0.0101149,,
2058,0.010058,,
2061,0.0100018,,
2064,0.00994628,,
2067,0.0098915,,
2070,0.00983742,,
2073,0.00978404,,
2076,0.00973134,,
2079,0.00967932,,
2082,0.00962796,,
2085,0.00957726,,
2088,0.0095272,,
2091,0.00947779,,
2094,0.009429,,
2097,0.00938084,,
2100,0.00933329,,
2103,0.00928634,,
2106,0.00923999,,
2109,0.00919423,,
2112,0.00914905,,
2115,0.00910444,,
2118,0.00906039,,
2121,0.00901691,,
2124,0.00897397,,
2127,0.00893158,,
2130,0.00888972,,
2133,0.00884839,,
2136,0.00880758,,
2139,0.00876729,,
2142,0.00872751,,
2145,0.00868822,,
2148,0.00864943,,
2151,0.00861113,,
2154,0.00857331,,
2157,0.00853597,,
2160,0.0084991,,
2163,0.00846269,,
2166,0.00842673,,
2169,0.00839123,,
2172,0.00835617,,
2175,0.00832155,,
2178,0.00828737,,
2181,0.00825362,,
2184,0.00822028,,
2187,0.00818737,,
2190,0.00815487,,
2193,0.00812277,,
2196,0.00809108,,
2199,0.00805978,,
2202,0.00802887,,
2205,0.00799836,,
2208,0.00796822,,
2211,0.00793846,,
2214,0.00790907,,
2217,0.00788005,,
2220,0.00785139,,
2223,0.00782309,,
2226,0.00779515,,
2229,0.00776755,,
2232,0.0077403,,
2235,0.0077134,,
2238,0.00768682,,
2241,0.00766058,,
2244,0.00763467,,
2247,0.00760908,,
2250,0.00758382,,
2253,0.00755887,,
2256,0.00753423,,
2259,0.0075099,,
2262,0.00748588,,
2265,0.00746215,,
2268,0.00743873,,
2271,0.0074156,,
2274,0.00739276,,
2277,0.0073702,,
2280,0.00734793,,
2283,0.00732594,,
2286,0.00730423,,
2289,0.00728279,,
2292,0.00726162,,
2295,0.00724072,,
2298,0.00722008,,
2301,0.0071997,,
2304,0.00717958,,
2307,0.00715971,,
2310,0.00714009,,
2313,0.00712073,,
2316,0.0071016,,
2319,0.00708272,,
2322,0.00706408,,
2325,0.00704568,,
2328,0.00702751,,
2331,0.00700957,,
2334,0.00699187,,
2337,0.00697438,,
2340,0.00695712,,
2343,0.00694008,,
2346,0.00692326,,
2349,0.00690666,,
2352,0.00689027,,
2355,0.00687409,,
2358,0.00685811,,
2361,0.00684235,,
2364,0.00682678,,
2367,0.00681142,,
2370,0.00679626,,
2373,0.00678129,,
2376,0.00676652,,
2379,0.00675194,,
2382,0.00673755,,
2385,0.00672335,,
2388,0.00670933,,
2391,0.0066955,,
2394,0.00668185,,
2397,0.00666838,,
2400,0.00665508,,
2403,0.00664197,,
2406,0.00662902,,
2409,0.00661625,,
2412,0.00660364,,
2415,0.00659121,,
2418,0.00657894,,
2421,0.00656683,,
2424,0.00655489,,
2427,0.00654311,,
2430,0.00653148,,
2433,0.00652001,,
2436,0.0065087,,
2439,0.00649754,,
2442,0.00648654,,
2445,0.00647568,,
2448,0.00646497,,
2451,0.00645441,,
2454,0.00644399,,
2457,0.00643372,,
2460,0.00642359,,
2463,0.0064136,,
2466,0.00640375,,
2469,0.00639404,,
2472,0.00638446,,
2475,0.00637502,,
2478,0.00636571,,
2481,0.00635654,,
2484,0.00634749,,
2487,0.00633857,,
2490,0.00632978,,
2493,0.00632112,,
2496,0.00631258,,
2499,0.00630417,,
2502,0.00629587,,
2505,0.0062877,,
2508,0.00627965,,
2511,0.00627172,,
2514,0.0062639,,
2517,0.0062562,,
2520,0.00624861,,
2523,0.00624114,,
2526,0.00623378,,
2529,0.00622653,,
2532,0.00621939,,
2535,0.00621236,,
2538,0.00620544,,
2541,0.00619863,,
2544,0.00619192,,
2547,0.00618531,,
2550,0.00617881,,
2553,0.00617241,,
2556,0.00616611,,
2559,0.00615991,,
2562,0.00615381,,
2565,0.00614781,,
2568,0.00614191,,
2571,0.0061361,,
2574,0.00613039,,
2577,0.00612477,,
2580,0.00611924,,
2583,0.00611381,,
2586,0.00610847,,
2589,0.00610322,,
2592,0.00609806,,
2595,0.00609298,,
2598,0.006088,,
2601,0.0060831,,
2604,0.00607829,,
2607,0.00607356,,
2610,0.00606892,,
2613,0.00606436,,
2616,0.00605988,,
2619,0.00605548,,
2622,0.00605117,,
2625,0.00604694,,
2628,0.00604278,,
2631,0.0060387,,
2634,0.00603471,,
2637,0.00603078,,
2640,0.00602694,,
2643,0.00602317,,
2646,0.00601947,,
2649,0.00601585,,
2652,0.00601231,,
2655,0.00600883,,
2658,0.00600543,,
2661,0.0060021,,
2664,0.00599884,,
2667,0.00599564,,
2670,0.00599252,,
2673,0.00598947,,
2676,0.00598648,,
2679,0.00598356,,
2682,0.00598071,,
2685,0.00597792,,
2688,0.0059752,,
2691,0.00597255,,
2694,0.00596995,,
2697,0.00596742,,
2700,0.00596496,,
2703,0.00596255,,
2706,0.00596021,,
2709,0.00595793,,
2712,0.00595571,,
2715,0.00595355,,
2718,0.00595145,,
2721,0.0059494,,
2724,0.00594742,,
2727,0.00594549,,
2730,0.00594362,,
2733,0.0059418,,
2736,0.00594005,,
2739,0.00593834,,
2742,0.0059367,,
2745,0.0059351,,
2748,0.00593356,,
2751,0.00593208,,
2754,0.00593065,,
2757,0.00592927,,
2760,0.00592794,,
2763,0.00592666,,
2766,0.00592544,,
2769,0.00592426,,
2772,0.00592314,,
2775,0.00592206,,
2778,0.00592103,,
2781,0.00592006,,
2784,0.00591913,,
2787,0.00591825,,
2790,0.00591741,,
2793,0.00591662,,
2796,0.00591588,,
2799,0.00591519,,
2802,0.00591454,,
2805,0.00591394,,
2808,0.00591338,,
2811,0.00591287,,
2814,0.0059124,,
2817,0.00591197,,
2820,0.00591159,,
2823,0.00591125,,
2826,0.00591095,,
2829,0.00591069,,
2832,0.00591048,,
2835,0.00591031,,
2838,0.00591017,,
2841,0.00591008,,
2844,0.00591003,,
2847,0.00591002,,
2850,0.00591005,,
2853,0.00591012,,
2856,0.00591023,,
2859,0.00591037,,
2862,0.00591056,,
2865,0.00591078,,
2868,0.00591104,,
2871,0.00591133,,
2874,0.00591166,,
2877,0.00591203,,
2880,0.00591244,,
2883,0.00591288,,
2886,0.00591336,,
2889,0.00591387,,
2892,0.00591442,,
2895,0.005915,,
2898,0.00591562,,
2901,0.00591627,,
2904,0.00591695,,
2907,0.00591767,,
2910,0.00591842,,
2913,0.00591921,,
2916,0.00592002,,
2919,0.00592087,,
2922,0.00592175,,
2925,0.00592266,,
2928,0.00592361,,
2931,0.00592458,,
2934,0.00592559,,
2937,0.00592663,,
2940,0.0059277,,
2943,0.00592879,,
2946,0.00592992,,
2949,0.00593108,,
2952,0.00593227,,
2955,0.00593348,,
2958,0.00593473,,
2961,0.005936,,
2964,0.0059373,,
2967,0.00593863,,
2970,0.00593999,,
2973,0.00594138,,
2976,0.00594279,,
2979,0.00594423,,
2982,0.0059457,,
2985,0.0059472,,
2988,0.00594872,,
2991,0.00595026,,
2994,0.00595184,,
2997,0.00595344,,
3000,0.00595506,,
