-260.000000	-0.039711	96.370080
-259.948000	-0.039711	96.778507
-259.896000	-0.039711	97.192074
-259.844000	-0.039711	97.606122
-259.792000	-0.039711	98.025272
-259.740000	-0.039711	98.445162
-259.688000	-0.039711	98.869859
-259.636000	-0.039711	99.295707
-259.584000	-0.039711	99.726000
-259.532000	-0.039711	100.157860
-259.480000	-0.039711	100.593854
-259.428000	-0.039711	101.031935
-259.376000	-0.039711	101.473719
-259.324000	-0.039711	101.918020
-259.272000	-0.039711	102.365669
-259.220000	-0.039711	102.816352
-259.168000	-0.039711	103.269980
-259.116000	-0.039711	103.727152
-259.064000	-0.039711	104.186856
-259.012000	-0.039711	104.650629
-258.960000	-0.039711	105.116503
-258.908000	-0.039711	105.586989
-258.856000	-0.039711	106.059133
-258.804000	-0.039711	106.536445
-258.752000	-0.039711	107.014903
-258.700000	-0.039711	107.499119
-258.648000	-0.039711	107.984095
-258.596000	-0.039711	108.475411
-258.544000	-0.039711	108.967263
-258.492000	-0.039711	109.465361
-258.440000	-0.039711	109.964388
-258.388000	-0.039711	110.469289
-258.336000	-0.039711	110.975631
-258.284000	-0.039711	111.487423
-258.232000	-0.039711	112.001206
-258.180000	-0.039711	112.519996
-258.128000	-0.039711	113.041347
-258.076000	-0.039711	113.567243
-258.024000	-0.039711	114.096289
-257.972000	-0.039711	114.629367
-257.920000	-0.039711	115.166186
-257.868000	-0.039711	115.706616
-257.816000	-0.039711	116.251443
-257.764000	-0.039711	116.799287
-257.712000	-0.039711	117.352151
-257.660000	-0.039711	117.907593
-257.608000	-0.039711	118.468733
-257.556000	-0.039711	119.031807
-257.504000	-0.039711	119.601258
-257.452000	-0.039711	120.172124
-257.400000	-0.039711	120.750078
-257.348000	-0.039711	121.328857
-257.296000	-0.039711	121.915454
-257.244000	-0.039711	122.502744
-257.192000	-0.039711	123.097650
-257.140000	-0.039711	123.693718
-257.088000	-0.039711	124.296933
-257.036000	-0.039711	124.901943
-256.984000	-0.039711	125.513574
-256.932000	-0.039711	126.127673
-256.880000	-0.039711	126.747845
-256.828000	-0.039711	127.371183
-256.776000	-0.039711	127.999993
-256.724000	-0.039711	128.632666
-256.672000	-0.039711	129.270289
-256.620000	-0.039711	129.912554
-256.568000	-0.039711	130.559124
-256.516000	-0.039711	131.211081
-256.464000	-0.039711	131.866671
-256.412000	-0.039711	132.528422
-256.360000	-0.039711	133.193201
-256.308000	-0.039711	133.864953
-256.256000	-0.039711	134.539116
-256.204000	-0.039711	135.221079
-256.152000	-0.039711	135.904657
-256.100000	-0.039711	136.596899
-256.048000	-0.039711	137.290133
-255.996000	-0.039711	137.992891
-255.944000	-0.039711	138.696434
-255.892000	-0.039711	139.409173
-255.840000	-0.039711	140.123354
-255.788000	-0.039711	140.846142
-255.736000	-0.039711	141.571142
-255.684000	-0.039711	142.304102
-255.632000	-0.039711	143.040088
-255.580000	-0.039711	143.783387
-255.528000	-0.039711	144.530576
-255.476000	-0.039711	145.284322
-255.424000	-0.039711	146.042777
-255.372000	-0.039711	146.807099
-255.320000	-0.039711	147.577037
-255.268000	-0.039711	148.352102
-255.216000	-0.039711	149.133691
-255.164000	-0.039711	149.919643
-255.112000	-0.039711	150.713050
-255.060000	-0.039711	151.510034
-255.008000	-0.039711	152.315429
-254.956000	-0.039711	153.123592
-254.904000	-0.039711	153.941145
-254.852000	-0.039711	154.760629
-254.800000	-0.039711	155.590518
-254.748000	-0.039711	156.421520
-254.696000	-0.039711	157.263940
-254.644000	-0.039711	158.107291
-254.592000	-0.039711	158.961546
-254.540000	-0.039711	159.817558
-254.488000	-0.039718	160.683714
-254.436000	-0.039745	161.552437
-254.384000	-0.039772	162.430546
-254.332000	-0.039799	163.312288
-254.280000	-0.039827	164.202597
-254.228000	-0.039854	165.097525
-254.176000	-0.039881	166.000175
-254.124000	-0.039908	166.908456
-254.072000	-0.039936	167.823627
-254.020000	-0.039963	168.745476
-253.968000	-0.039991	169.673252
-253.916000	-0.040018	170.608729
-253.864000	-0.040046	171.549261
-253.812000	-0.040073	172.498580
-253.760000	-0.040101	173.452067
-253.708000	-0.040128	174.415440
-253.656000	-0.040156	175.381925
-253.604000	-0.040183	176.359408
-253.552000	-0.040211	177.339071
-253.500000	-0.040238	178.330880
-253.448000	-0.040266	179.323906
-253.396000	-0.040294	180.330219
-253.344000	-0.040321	181.337603
-253.292000	-0.040349	182.357543
-253.240000	-0.040377	183.379592
-253.188000	-0.040405	184.413294
-253.136000	-0.040433	185.450119
-253.084000	-0.040460	186.497628
-253.032000	-0.040488	187.549321
-252.980000	-0.040516	188.610777
-252.928000	-0.040544	189.677582
-252.876000	-0.040572	190.753124
-252.824000	-0.040600	191.835121
-252.772000	-0.040628	192.924838
-252.720000	-0.040656	194.022155
-252.668000	-0.040684	195.126156
-252.616000	-0.040712	196.238915
-252.564000	-0.040740	197.357304
-252.512000	-0.040768	198.485622
-252.460000	-0.040796	199.618497
-252.408000	-0.040824	200.762485
-252.356000	-0.040852	201.909994
-252.304000	-0.040880	203.069808
-252.252000	-0.040909	204.231931
-252.200000	-0.040937	205.407571
-252.148000	-0.040965	206.584450
-252.096000	-0.040993	207.776060
-252.044000	-0.041022	208.968933
-251.992000	-0.041050	210.175513
-251.940000	-0.041078	211.384414
-251.888000	-0.041107	212.605981
-251.836000	-0.041135	213.831001
-251.784000	-0.041164	215.067592
-251.732000	-0.041192	216.308797
-251.680000	-0.041221	217.560457
-251.628000	-0.041249	218.817901
-251.576000	-0.041278	220.084668
-251.524000	-0.041306	221.358393
-251.472000	-0.041335	222.640301
-251.420000	-0.041363	223.930338
-251.368000	-0.041392	225.227409
-251.316000	-0.041420	226.533780
-251.264000	-0.041449	227.846071
-251.212000	-0.041478	229.168837
-251.160000	-0.041507	230.496316
-251.108000	-0.041535	231.835420
-251.056000	-0.041564	233.178073
-251.004000	-0.041593	234.533503
-250.952000	-0.041622	235.891308
-250.900000	-0.041650	237.263035
-250.848000	-0.041679	238.636032
-250.796000	-0.041708	240.023943
-250.744000	-0.041737	241.413147
-250.692000	-0.041766	242.816126
-250.640000	-0.041795	244.221485
-250.588000	-0.041824	245.639480
-250.536000	-0.041853	247.060988
-250.484000	-0.041882	248.493914
-250.432000	-0.041911	249.931429
-250.380000	-0.041940	251.379159
-250.328000	-0.041969	252.832571
-250.276000	-0.041998	254.295000
-250.224000	-0.042028	255.764181
-250.172000	-0.042057	257.241190
-250.120000	-0.042086	258.725996
-250.068000	-0.042115	260.217491
-250.016000	-0.042145	261.717809
-249.964000	-0.042174	263.223613
-249.912000	-0.042203	264.739209
-249.860000	-0.042233	266.259096
-249.808000	-0.042262	267.789715
-249.756000	-0.042291	269.323654
-249.704000	-0.042321	270.869229
-249.652000	-0.042350	272.416867
-249.600000	-0.042380	273.977007
-249.548000	-0.042409	275.538294
-249.496000	-0.042439	277.112681
-249.444000	-0.042468	278.688293
-249.392000	-0.042498	280.275815
-249.340000	-0.042527	281.865419
-249.288000	-0.042557	283.465758
-249.236000	-0.042587	285.069060
-249.184000	-0.042616	286.681937
-249.132000	-0.042646	288.298661
-249.080000	-0.042676	289.923742
-249.028000	-0.042705	291.553424
-248.976000	-0.042735	293.190394
-248.924000	-0.042765	294.832757
-248.872000	-0.042795	296.481287
-248.820000	-0.042825	298.135874
-248.768000	-0.042855	299.795582
-248.716000	-0.042884	301.461962
-248.664000	-0.042914	303.132512
-248.612000	-0.042944	304.810285
-248.560000	-0.042974	306.491239
-248.508000	-0.043004	308.179875
-248.456000	-0.043034	309.870804
-248.404000	-0.043064	311.569804
-248.352000	-0.043095	313.270265
-248.300000	-0.043125	314.979109
-248.248000	-0.043155	316.688797
-248.196000	-0.043185	318.406865
-248.144000	-0.043215	320.125720
-248.092000	-0.043245	321.851919
-248.040000	-0.043276	323.579372
-247.988000	-0.043306	325.313167
-247.936000	-0.043336	327.048632
-247.884000	-0.043367	328.789489
-247.832000	-0.043397	330.532392
-247.780000	-0.043427	332.279748
-247.728000	-0.043458	334.029382
-247.676000	-0.043488	335.782629
-247.624000	-0.043519	337.538315
-247.572000	-0.043549	339.296891
-247.520000	-0.043580	341.057979
-247.468000	-0.043610	342.821244
-247.416000	-0.043641	344.586955
-247.364000	-0.043671	346.354256
-247.312000	-0.043702	348.123843
-247.260000	-0.043733	349.894524
-247.208000	-0.043763	351.667216
-247.156000	-0.043794	353.440656
-247.104000	-0.043825	355.215715
-247.052000	-0.043855	356.991167
-247.000000	-0.043886	358.767735
-246.948000	-0.043917	360.544544
-246.896000	-0.043948	362.321811
-246.844000	-0.043979	364.099077
-246.792000	-0.044010	365.876221
-246.740000	-0.044041	367.653261
-246.688000	-0.044071	369.429567
-246.636000	-0.044102	371.205367
-246.584000	-0.044133	372.979990
-246.532000	-0.044164	374.753765
-246.480000	-0.044196	376.525950
-246.428000	-0.044227	378.296740
-246.376000	-0.044258	380.065696
-246.324000	-0.044289	381.832627
-246.272000	-0.044320	383.597496
-246.220000	-0.044351	385.359524
-246.168000	-0.044382	387.119569
-246.116000	-0.044414	388.875897
-246.064000	-0.044445	390.630199
-246.012000	-0.044476	392.379707
-245.960000	-0.044508	394.127491
-245.908000	-0.044539	395.869308
-245.856000	-0.044570	397.609739
-245.804000	-0.044602	399.342875
-245.752000	-0.044633	401.074987
-245.700000	-0.044665	402.798374
-245.648000	-0.044696	404.521234
-245.596000	-0.044728	406.234200
-245.544000	-0.044759	407.946106
-245.492000	-0.044791	409.648227
-245.440000	-0.044822	411.348295
-245.388000	-0.044854	413.038735
-245.336000	-0.044886	414.725920
-245.284000	-0.044917	416.403773
-245.232000	-0.044949	418.077119
-245.180000	-0.044981	419.741503
-245.128000	-0.045012	421.399943
-245.076000	-0.045044	423.049985
-245.024000	-0.045076	424.692558
-244.972000	-0.045108	426.327366
-244.920000	-0.045140	427.953006
-244.868000	-0.045172	429.571686
-244.816000	-0.045204	431.179385
-244.764000	-0.045236	432.781108
-244.712000	-0.045268	434.369914
-244.660000	-0.045300	435.953823
-244.608000	-0.045332	437.522737
-244.556000	-0.045364	439.087864
-244.504000	-0.045396	440.635806
-244.452000	-0.045428	442.181443
-244.400000	-0.045460	443.707557
-244.348000	-0.045492	445.232141
-244.296000	-0.045525	446.735899
-244.244000	-0.045557	448.237471
-244.192000	-0.045589	449.719219
-244.140000	-0.045621	451.196844
-244.088000	-0.045654	452.655719
-244.036000	-0.045686	454.108417
-243.984000	-0.045718	455.543580
-243.932000	-0.045751	456.970478
-243.880000	-0.045783	458.381128
-243.828000	-0.045816	459.781260
-243.776000	-0.045848	461.166585
-243.724000	-0.045881	462.539051
-243.672000	-0.045913	463.898318
-243.620000	-0.045946	465.242289
-243.568000	-0.045979	466.574763
-243.516000	-0.046011	467.889377
-243.464000	-0.046044	469.194272
-243.412000	-0.046077	470.478635
-243.360000	-0.046109	471.755216
-243.308000	-0.046142	473.008509
-243.256000	-0.046175	474.256173
-243.204000	-0.046208	475.477694
-243.152000	-0.046241	476.695594
-243.100000	-0.046273	477.884431
-243.048000	-0.046306	479.071060
-242.996000	-0.046339	480.227493
-242.944000	-0.046372	481.380623
-242.892000	-0.046405	482.505483
-242.840000	-0.046438	483.624363
-242.788000	-0.046471	484.716995
-242.736000	-0.046504	485.800994
-242.684000	-0.046538	486.860800
-242.632000	-0.046571	487.909197
-242.580000	-0.046604	488.935602
-242.528000	-0.046637	489.947801
-242.476000	-0.046670	490.940283
-242.424000	-0.046703	491.915663
-242.372000	-0.046737	492.873661
-242.320000	-0.046770	493.811576
-242.268000	-0.046803	494.734567
-242.216000	-0.046837	495.634453
-242.164000	-0.046870	496.522003
-242.112000	-0.046904	497.383373
-242.060000	-0.046937	498.235036
-242.008000	-0.046971	499.057384
-241.956000	-0.047004	499.872672
-241.904000	-0.047038	500.655473
-241.852000	-0.047071	501.434023
-241.800000	-0.047105	502.176880
-241.748000	-0.047139	502.917013
-241.696000	-0.047172	503.620784
-241.644000	-0.047206	504.320387
-241.592000	-0.047240	504.986358
-241.540000	-0.047273	505.645127
-241.488000	-0.047307	506.272972
-241.436000	-0.047341	506.890519
-241.384000	-0.047375	507.479925
-241.332000	-0.047409	508.055984
-241.280000	-0.047443	508.606713
-241.228000	-0.047477	509.140991
-241.176000	-0.047511	509.652772
-241.124000	-0.047545	510.144953
-241.072000	-0.047579	510.617589
-241.020000	-0.047613	511.067496
-240.968000	-0.047647	511.500817
-240.916000	-0.047681	511.908251
-240.864000	-0.047715	512.302049
-240.812000	-0.047749	512.666787
-240.760000	-0.047784	513.020966
-240.708000	-0.047818	513.342927
-240.656000	-0.047852	513.657378
-240.604000	-0.047886	513.936455
-240.552000	-0.047921	514.211035
-240.500000	-0.047955	514.447112
-240.448000	-0.047990	514.680266
-240.396000	-0.048024	514.874894
-240.344000	-0.048058	515.064986
-240.292000	-0.048093	515.219737
-240.240000	-0.048127	515.366742
-240.188000	-0.048162	515.481580
-240.136000	-0.048197	515.585594
-240.084000	-0.048231	515.660580
-240.032000	-0.048266	515.721663
-239.980000	-0.048301	515.756859
-239.928000	-0.048335	515.775101
-239.876000	-0.048370	515.770566
-239.824000	-0.048405	515.746034
-239.772000	-0.048440	515.701901
-239.720000	-0.048474	515.634799
-239.668000	-0.048509	515.551231
-239.616000	-0.048544	515.441741
-239.564000	-0.048579	515.318860
-239.512000	-0.048614	515.167144
-239.460000	-0.048649	515.005184
-239.408000	-0.048684	514.811542
-239.356000	-0.048719	514.610726
-239.304000	-0.048754	514.375438
-239.252000	-0.048789	514.136006
-239.200000	-0.048824	513.859368
-239.148000	-0.048860	513.579897
-239.096000	-0.048895	513.263869
-239.044000	-0.048930	512.943431
-238.992000	-0.048965	512.589757
-238.940000	-0.049001	512.228658
-238.888000	-0.049036	511.837589
-238.836000	-0.049071	511.436300
-238.784000	-0.049107	511.008198
-238.732000	-0.049142	510.567106
-238.680000	-0.049178	510.102386
-238.628000	-0.049213	509.622059
-238.576000	-0.049249	509.121124
-238.524000	-0.049284	508.601949
-238.472000	-0.049320	508.065232
-238.420000	-0.049356	507.507784
-238.368000	-0.049391	506.935767
-238.316000	-0.049427	506.340597
-238.264000	-0.049463	505.733766
-238.212000	-0.049498	505.101452
-238.160000	-0.049534	504.460268
-238.108000	-0.049570	503.791369
-238.056000	-0.049606	503.116460
-238.004000	-0.049642	502.411711
-237.952000	-0.049678	501.703523
-237.900000	-0.049714	500.963493
-237.848000	-0.049750	500.221129
-237.796000	-0.049786	499.448078
-237.744000	-0.049822	498.671191
-237.692000	-0.049858	497.866776
-237.640000	-0.049894	497.056128
-237.588000	-0.049930	496.220942
-237.536000	-0.049966	495.377287
-237.484000	-0.050002	494.511974
-237.432000	-0.050039	493.636084
-237.380000	-0.050075	492.741287
-237.328000	-0.050111	491.833899
-237.276000	-0.050148	490.910356
-237.224000	-0.050184	489.972386
-237.172000	-0.050220	489.020776
-237.120000	-0.050257	488.052953
-237.068000	-0.050293	487.074014
-237.016000	-0.050330	486.077244
-236.964000	-0.050366	485.071782
-236.912000	-0.050403	484.046990
-236.860000	-0.050439	483.015677
-236.808000	-0.050476	481.963657
-236.756000	-0.050513	480.907308
-236.704000	-0.050549	479.829024
-236.652000	-0.050586	478.748428
-236.600000	-0.050623	477.644807
-236.548000	-0.050660	476.539578
-236.496000	-0.050697	475.412751
-236.444000	-0.050733	474.283179
-236.392000	-0.050770	473.134629
-236.340000	-0.050807	471.981723
-236.288000	-0.050844	470.812236
-236.236000	-0.050881	469.636976
-236.184000	-0.050918	468.447390
-236.132000	-0.050955	467.250764
-236.080000	-0.050992	466.041929
-236.028000	-0.051030	464.824927
-235.976000	-0.051067	463.597707
-235.924000	-0.051104	462.361330
-235.872000	-0.051141	461.116595
-235.820000	-0.051178	459.861849
-235.768000	-0.051216	458.600431
-235.716000	-0.051253	457.328278
-235.664000	-0.051290	456.051135
-235.612000	-0.051328	454.762696
-235.560000	-0.051365	453.470681
-235.508000	-0.051403	452.166929
-235.456000	-0.051440	450.860914
-235.404000	-0.051478	449.542882
-235.352000	-0.051515	448.223802
-235.300000	-0.051553	446.892539
-235.248000	-0.051591	445.560500
-235.196000	-0.051628	444.217625
-235.144000	-0.051666	442.873399
-235.092000	-0.051704	441.520136
-235.040000	-0.051742	440.164798
-234.988000	-0.051779	438.801992
-234.936000	-0.051817	437.436614
-234.884000	-0.051855	436.065109
-234.832000	-0.051893	434.690600
-234.780000	-0.051931	433.311263
-234.728000	-0.051969	431.928726
-234.676000	-0.052007	430.542400
-234.624000	-0.052045	429.152722
-234.572000	-0.052083	427.760297
-234.520000	-0.052121	426.364564
-234.468000	-0.052159	424.966877
-234.416000	-0.052198	423.566007
-234.364000	-0.052236	422.163882
-234.312000	-0.052274	420.758832
-234.260000	-0.052313	419.353095
-234.208000	-0.052351	417.944819
-234.156000	-0.052389	416.536331
-234.104000	-0.052428	415.125801
-234.052000	-0.052466	413.715258
-234.000000	-0.052505	412.303310
-233.948000	-0.052543	410.891519
-233.896000	-0.052582	409.479200
-233.844000	-0.052620	408.066908
-233.792000	-0.052659	406.654976
-233.740000	-0.052697	405.243224
-233.688000	-0.052736	403.832439
-233.636000	-0.052775	402.422093
-233.584000	-0.052814	401.013124
-233.532000	-0.052852	399.604921
-233.480000	-0.052891	398.198482
-233.428000	-0.052930	396.793343
-233.376000	-0.052969	395.390112
-233.324000	-0.053008	393.988728
-233.272000	-0.053047	392.589419
-233.220000	-0.053086	391.192669
-233.168000	-0.053125	389.797978
-233.116000	-0.053164	388.406613
-233.064000	-0.053203	387.017091
-233.012000	-0.053242	385.631735
-232.960000	-0.053282	384.248089
-232.908000	-0.053321	382.869558
-232.856000	-0.053360	381.492343
-232.804000	-0.053399	380.121269
-232.752000	-0.053439	378.751067
-232.700000	-0.053478	377.388117
-232.648000	-0.053517	376.025991
-232.596000	-0.053557	374.671385
-232.544000	-0.053596	373.318006
-232.492000	-0.053636	371.972135
-232.440000	-0.053675	370.628167
-232.388000	-0.053715	369.291476
-232.336000	-0.053755	367.957507
-232.284000	-0.053794	366.630502
-232.232000	-0.053834	365.307142
-232.180000	-0.053874	363.990284
-232.128000	-0.053913	362.678009
-232.076000	-0.053953	361.371754
-232.024000	-0.053993	360.071123
-231.972000	-0.054033	358.775838
-231.920000	-0.054073	357.487226
-231.868000	-0.054113	356.203416
-231.816000	-0.054153	354.927435
-231.764000	-0.054193	353.655382
-231.712000	-0.054233	352.392307
-231.660000	-0.054273	351.132455
-231.608000	-0.054313	349.882804
-231.556000	-0.054353	348.635447
-231.504000	-0.054393	347.399561
-231.452000	-0.054434	346.165078
-231.400000	-0.054474	344.943355
-231.348000	-0.054514	343.722828
-231.296000	-0.054555	342.514735
-231.244000	-0.054595	341.308625
-231.192000	-0.054636	340.114325
-231.140000	-0.054676	338.923054
-231.088000	-0.054716	337.742758
-231.036000	-0.054757	336.566571
-230.984000	-0.054798	335.400499
-230.932000	-0.054838	334.239719
-230.880000	-0.054879	333.088085
-230.828000	-0.054920	331.942906
-230.776000	-0.054960	330.805922
-230.724000	-0.055001	329.676621
-230.672000	-0.055042	328.554455
-230.620000	-0.055083	327.441185
-230.568000	-0.055124	326.333990
-230.516000	-0.055165	325.236936
-230.464000	-0.055205	324.144914
-230.412000	-0.055246	323.064294
-230.360000	-0.055287	321.987593
-230.308000	-0.055329	320.923563
-230.256000	-0.055370	319.862244
-230.204000	-0.055411	318.814882
-230.152000	-0.055452	317.769053
-230.100000	-0.055493	316.738484
-230.048000	-0.055534	315.709326
-229.996000	-0.055576	314.694658
-229.944000	-0.055617	313.682362
-229.892000	-0.055658	312.683547
-229.840000	-0.055700	311.688194
-229.788000	-0.055741	310.705220
-229.736000	-0.055783	309.726936
-229.684000	-0.055824	308.759841
-229.632000	-0.055866	307.798624
-229.580000	-0.055908	306.847441
-229.528000	-0.055949	305.903376
-229.476000	-0.055991	304.968152
-229.424000	-0.056033	304.041259
-229.372000	-0.056074	303.121965
-229.320000	-0.056116	302.212198
-229.268000	-0.056158	301.308818
-229.216000	-0.056200	300.416172
-229.164000	-0.056242	299.528745
-229.112000	-0.056284	298.653255
-229.060000	-0.056326	297.781771
-229.008000	-0.056368	296.923418
-228.956000	-0.056410	296.067840
-228.904000	-0.056452	295.226578
-228.852000	-0.056494	294.386816
-228.800000	-0.056536	293.562559
-228.748000	-0.056578	292.739716
-228.696000	-0.056621	291.931339
-228.644000	-0.056663	291.125344
-228.592000	-0.056705	290.332744
-228.540000	-0.056748	289.543685
-228.488000	-0.056790	288.766770
-228.436000	-0.056833	287.994477
-228.384000	-0.056875	287.233094
-228.332000	-0.056918	286.477484
-228.280000	-0.056960	285.731584
-228.228000	-0.057003	284.992616
-228.176000	-0.057046	284.262139
-228.124000	-0.057088	283.539711
-228.072000	-0.057131	282.824567
-228.020000	-0.057174	282.118571
-227.968000	-0.057217	281.418665
-227.916000	-0.057259	280.728989
-227.864000	-0.057302	280.044171
-227.812000	-0.057345	279.370643
-227.760000	-0.057388	278.700854
-227.708000	-0.057431	278.043413
-227.656000	-0.057474	277.388536
-227.604000	-0.057517	276.747054
-227.552000	-0.057561	276.107007
-227.500000	-0.057604	275.481306
-227.448000	-0.057647	274.856914
-227.396000	-0.057690	274.245833
-227.344000	-0.057734	273.637030
-227.292000	-0.057777	273.040467
-227.240000	-0.057820	272.447159
-227.188000	-0.057864	271.864939
-227.136000	-0.057907	271.286997
-227.084000	-0.057951	270.718975
-227.032000	-0.057994	270.156250
-226.980000	-0.058038	269.602295
-226.928000	-0.058081	269.054635
-226.876000	-0.058125	268.514577
-226.824000	-0.058169	267.981777
-226.772000	-0.058213	267.455542
-226.720000	-0.058256	266.937548
-226.668000	-0.058300	266.424943
-226.616000	-0.058344	265.921493
-226.564000	-0.058388	265.422404
-226.512000	-0.058432	264.933390
-226.460000	-0.058476	264.447686
-226.408000	-0.058520	263.972958
-226.356000	-0.058564	263.500486
-226.304000	-0.058608	263.039881
-226.252000	-0.058652	262.580577
-226.200000	-0.058697	262.133854
-226.148000	-0.058741	261.688387
-226.096000	-0.058785	261.254570
-226.044000	-0.058829	260.822798
-225.992000	-0.058874	260.401721
-225.940000	-0.058918	259.983526
-225.888000	-0.058963	259.574997
-225.836000	-0.059007	259.170230
-225.784000	-0.059052	258.774089
-225.732000	-0.059096	258.382584
-225.680000	-0.059141	257.998687
-225.628000	-0.059186	257.620277
-225.576000	-0.059230	257.248479
-225.524000	-0.059275	256.882999
-225.472000	-0.059320	256.523156
-225.420000	-0.059365	256.170440
-225.368000	-0.059409	255.822409
-225.316000	-0.059454	255.482291
-225.264000	-0.059499	255.145929
-225.212000	-0.059544	254.818244
-225.160000	-0.059589	254.493406
-225.108000	-0.059634	254.178003
-225.056000	-0.059680	253.864536
-225.004000	-0.059725	253.561258
-224.952000	-0.059770	253.259177
-224.900000	-0.059815	252.967780
-224.848000	-0.059861	252.677479
-224.796000	-0.059906	252.397106
-224.744000	-0.059951	252.118554
-224.692000	-0.059997	251.849099
-224.640000	-0.060042	251.582126
-224.588000	-0.060088	251.323371
-224.536000	-0.060133	251.067835
-224.484000	-0.060179	250.819624
-224.432000	-0.060224	250.575367
-224.380000	-0.060270	250.337563
-224.328000	-0.060316	250.104428
-224.276000	-0.060362	249.876931
-224.224000	-0.060407	249.654813
-224.172000	-0.060453	249.437470
-224.120000	-0.060499	249.226163
-224.068000	-0.060545	249.018822
-224.016000	-0.060591	248.818171
-223.964000	-0.060637	248.620701
-223.912000	-0.060683	248.430557
-223.860000	-0.060729	248.242825
-223.808000	-0.060775	248.063053
-223.756000	-0.060822	247.884970
-223.704000	-0.060868	247.715464
-223.652000	-0.060914	247.546969
-223.600000	-0.060960	247.387413
-223.548000	-0.061007	247.228870
-223.496000	-0.061053	247.078645
-223.444000	-0.061100	246.929990
-223.392000	-0.061146	246.788960
-223.340000	-0.061193	246.650035
-223.288000	-0.061239	246.518002
-223.236000	-0.061286	246.388685
-223.184000	-0.061333	246.265536
-223.132000	-0.061379	246.145737
-223.080000	-0.061426	246.031347
-223.028000	-0.061473	245.920876
-222.976000	-0.061520	245.815101
-222.924000	-0.061567	245.713820
-222.872000	-0.061614	245.616584
-222.820000	-0.061661	245.524410
-222.768000	-0.061708	245.435564
-222.716000	-0.061755	245.352311
-222.664000	-0.061802	245.271731
-222.612000	-0.061849	245.197269
-222.560000	-0.061896	245.124889
-222.508000	-0.061944	245.059154
-222.456000	-0.061991	244.994853
-222.404000	-0.062038	244.937706
-222.352000	-0.062086	244.881444
-222.300000	-0.062133	244.832587
-222.248000	-0.062181	244.784625
-222.196000	-0.062228	244.743577
-222.144000	-0.062276	244.703874
-222.092000	-0.062323	244.670516
-222.040000	-0.062371	244.638931
-221.988000	-0.062419	244.613111
-221.936000	-0.062467	244.589593
-221.884000	-0.062514	244.571221
-221.832000	-0.062562	244.555650
-221.780000	-0.062610	244.544587
-221.728000	-0.062658	244.536792
-221.676000	-0.062706	244.532916
-221.624000	-0.062754	244.532780
-221.572000	-0.062802	244.536029
-221.520000	-0.062850	244.543490
-221.468000	-0.062898	244.553781
-221.416000	-0.062947	244.568724
-221.364000	-0.062995	244.585910
-221.312000	-0.063043	244.608175
-221.260000	-0.063092	244.632202
-221.208000	-0.063140	244.661744
-221.156000	-0.063188	244.692506
-221.104000	-0.063237	244.729207
-221.052000	-0.063285	244.766681
-221.000000	-0.063334	244.810276
-220.948000	-0.063383	244.854700
-220.896000	-0.063431	244.904849
-220.844000	-0.063480	244.956148
-220.792000	-0.063529	245.012709
-220.740000	-0.063578	245.070757
-220.688000	-0.063627	245.133599
-220.636000	-0.063675	245.198365
-220.584000	-0.063724	245.267413
-220.532000	-0.063773	245.338796
-220.480000	-0.063822	245.413930
-220.428000	-0.063872	245.491778
-220.376000	-0.063921	245.572964
-220.324000	-0.063970	245.657283
-220.272000	-0.064019	245.744392
-220.220000	-0.064068	245.834981
-220.168000	-0.064118	245.927944
-220.116000	-0.064167	246.024760
-220.064000	-0.064217	246.123457
-220.012000	-0.064266	246.226359
-219.960000	-0.064316	246.330803
-219.908000	-0.064365	246.439808
-219.856000	-0.064415	246.549805
-219.804000	-0.064464	246.664727
-219.752000	-0.064514	246.780369
-219.700000	-0.064564	246.901048
-219.648000	-0.064614	247.022462
-219.596000	-0.064664	247.148604
-219.544000	-0.064714	247.275731
-219.492000	-0.064763	247.407230
-219.440000	-0.064813	247.540008
-219.388000	-0.064864	247.676763
-219.336000	-0.064914	247.815125
-219.284000	-0.064964	247.957044
-219.232000	-0.065014	248.100905
-219.180000	-0.065064	248.247914
-219.128000	-0.065115	248.397190
-219.076000	-0.065165	248.549217
-219.024000	-0.065215	248.703826
-218.972000	-0.065266	248.860758
-218.920000	-0.065316	249.020567
-218.868000	-0.065367	249.182410
-218.816000	-0.065417	249.347441
-218.764000	-0.065468	249.514098
-218.712000	-0.065519	249.684226
-218.660000	-0.065569	249.855617
-218.608000	-0.065620	250.030773
-218.556000	-0.065671	250.206820
-218.504000	-0.065722	250.386928
-218.452000	-0.065773	250.567671
-218.400000	-0.065824	250.752545
-218.348000	-0.065875	250.938071
-218.296000	-0.065926	251.127485
-218.244000	-0.065977	251.317744
-218.192000	-0.066028	251.511608
-218.140000	-0.066079	251.706548
-218.088000	-0.066131	251.904801
-218.036000	-0.066182	252.104420
-217.984000	-0.066233	252.306953
-217.932000	-0.066285	252.511074
-217.880000	-0.066336	252.717837
-217.828000	-0.066388	252.926494
-217.776000	-0.066439	253.137434
-217.724000	-0.066491	253.350504
-217.672000	-0.066542	253.565584
-217.620000	-0.066594	253.783048
-217.568000	-0.066646	254.002131
-217.516000	-0.066698	254.223818
-217.464000	-0.066750	254.446922
-217.412000	-0.066802	254.672874
-217.360000	-0.066854	254.899894
-217.308000	-0.066905	255.130007
-217.256000	-0.066958	255.360925
-217.204000	-0.067010	255.595163
-217.152000	-0.067062	255.829918
-217.100000	-0.067114	256.068064
-217.048000	-0.067166	256.306865
-216.996000	-0.067219	256.548819
-216.944000	-0.067271	256.791465
-216.892000	-0.067324	257.037079
-216.840000	-0.067376	257.283627
-216.788000	-0.067429	257.532872
-216.736000	-0.067481	257.783227
-216.684000	-0.067534	258.036028
-216.632000	-0.067586	258.290180
-216.580000	-0.067639	258.546475
-216.528000	-0.067692	258.804309
-216.476000	-0.067745	259.064024
-216.424000	-0.067798	259.325478
-216.372000	-0.067851	259.588601
-216.320000	-0.067904	259.853669
-216.268000	-0.067957	260.120162
-216.216000	-0.068010	260.388782
-216.164000	-0.068063	260.658544
-216.112000	-0.068116	260.930612
-216.060000	-0.068169	261.203578
-216.008000	-0.068222	261.479050
-215.956000	-0.068276	261.755212
-215.904000	-0.068329	262.034081
-215.852000	-0.068383	262.313479
-215.800000	-0.068436	262.595582
-215.748000	-0.068490	262.878195
-215.696000	-0.068543	263.163370
-215.644000	-0.068597	263.449204
-215.592000	-0.068651	263.737409
-215.540000	-0.068704	264.026369
-215.488000	-0.068758	264.317557
-215.436000	-0.068812	264.609711
-215.384000	-0.068866	264.903786
-215.332000	-0.068920	265.198922
-215.280000	-0.068974	265.495859
-215.228000	-0.069028	265.794079
-215.176000	-0.069082	266.093822
-215.124000	-0.069136	266.394965
-215.072000	-0.069191	266.697473
-215.020000	-0.069245	267.001539
-214.968000	-0.069299	267.306780
-214.916000	-0.069354	267.613715
-214.864000	-0.069408	267.921590
-214.812000	-0.069463	268.231299
-214.760000	-0.069517	268.541802
-214.708000	-0.069572	268.854300
-214.656000	-0.069626	269.167430
-214.604000	-0.069681	269.482685
-214.552000	-0.069736	269.798321
-214.500000	-0.069791	270.116104
-214.448000	-0.069846	270.434415
-214.396000	-0.069901	270.754724
-214.344000	-0.069956	271.075604
-214.292000	-0.070011	271.398360
-214.240000	-0.070066	271.721772
-214.188000	-0.070121	272.046891
-214.136000	-0.070176	272.372749
-214.084000	-0.070231	272.700170
-214.032000	-0.070287	273.028477
-213.980000	-0.070342	273.358216
-213.928000	-0.070397	273.688974
-213.876000	-0.070453	274.020934
-213.824000	-0.070508	274.353989
-213.772000	-0.070564	274.688175
-213.720000	-0.070619	275.023582
-213.668000	-0.070675	275.359887
-213.616000	-0.070731	275.697492
-213.564000	-0.070787	276.035955
-213.512000	-0.070843	276.375824
-213.460000	-0.070898	276.716296
-213.408000	-0.070954	277.058296
-213.356000	-0.071010	277.400829
-213.304000	-0.071066	277.745001
-213.252000	-0.071123	278.089575
-213.200000	-0.071179	278.435751
-213.148000	-0.071235	278.782366
-213.096000	-0.071291	279.130459
-213.044000	-0.071348	279.479046
-212.992000	-0.071404	279.829035
-212.940000	-0.071460	280.179562
-212.888000	-0.071517	280.531418
-212.836000	-0.071574	280.883907
-212.784000	-0.071630	281.237573
-212.732000	-0.071687	281.591926
-212.680000	-0.071744	281.947335
-212.628000	-0.071800	282.303505
-212.576000	-0.071857	282.660616
-212.524000	-0.071914	283.018558
-212.472000	-0.071971	283.377375
-212.420000	-0.072028	283.737094
-212.368000	-0.072085	284.097544
-212.316000	-0.072142	284.458943
-212.264000	-0.072199	284.820976
-212.212000	-0.072257	285.184024
-212.160000	-0.072314	285.547642
-212.108000	-0.072371	285.912350
-212.056000	-0.072429	286.277453
-212.004000	-0.072486	286.643735
-211.952000	-0.072544	287.010403
-211.900000	-0.072601	287.378181
-211.848000	-0.072659	287.746350
-211.796000	-0.072717	288.115509
-211.744000	-0.072774	288.485094
-211.692000	-0.072832	288.855661
-211.640000	-0.072890	289.226685
-211.588000	-0.072948	289.598638
-211.536000	-0.073006	289.971076
-211.484000	-0.073064	290.344329
-211.432000	-0.073122	290.718084
-211.380000	-0.073180	291.092608
-211.328000	-0.073238	291.467688
-211.276000	-0.073297	291.843429
-211.224000	-0.073355	292.219739
-211.172000	-0.073413	292.596684
-211.120000	-0.073472	292.974233
-211.068000	-0.073530	293.352358
-211.016000	-0.073589	293.731104
-210.964000	-0.073647	294.110321
-210.912000	-0.073706	294.490183
-210.860000	-0.073765	294.870489
-210.808000	-0.073824	295.251485
-210.756000	-0.073882	295.632836
-210.704000	-0.073941	296.014913
-210.652000	-0.074000	296.397278
-210.600000	-0.074059	296.780305
-210.548000	-0.074118	297.163720
-210.496000	-0.074178	297.547677
-210.444000	-0.074237	297.932029
-210.392000	-0.074296	298.316948
-210.340000	-0.074355	298.702221
-210.288000	-0.074415	299.088041
-210.236000	-0.074474	299.474208
-210.184000	-0.074534	299.860880
-210.132000	-0.074593	300.247899
-210.080000	-0.074653	300.635350
-210.028000	-0.074712	301.023129
-209.976000	-0.074772	301.411379
-209.924000	-0.074832	301.799980
-209.872000	-0.074892	302.188945
-209.820000	-0.074952	302.578222
-209.768000	-0.075012	302.967932
-209.716000	-0.075072	303.357950
-209.664000	-0.075132	303.748286
-209.612000	-0.075192	304.138919
-209.560000	-0.075252	304.529926
-209.508000	-0.075312	304.921233
-209.456000	-0.075373	305.312766
-209.404000	-0.075433	305.704629
-209.352000	-0.075493	306.096809
-209.300000	-0.075554	306.489212
-209.248000	-0.075615	306.881962
-209.196000	-0.075675	307.274815
-209.144000	-0.075736	307.668003
-209.092000	-0.075797	308.061362
-209.040000	-0.075857	308.454977
-208.988000	-0.075918	308.848807
-208.936000	-0.075979	309.242877
-208.884000	-0.076040	309.637126
-208.832000	-0.076101	310.031559
-208.780000	-0.076162	310.426169
-208.728000	-0.076223	310.820925
-208.676000	-0.076285	311.215863
-208.624000	-0.076346	311.610903
-208.572000	-0.076407	312.006178
-208.520000	-0.076469	312.401516
-208.468000	-0.076530	312.797060
-208.416000	-0.076592	313.192606
-208.364000	-0.076653	313.588375
-208.312000	-0.076715	313.984112
-208.260000	-0.076777	314.380109
-208.208000	-0.076838	314.776049
-208.156000	-0.076900	315.172182
-208.104000	-0.076962	315.568251
-208.052000	-0.077024	315.964586
-208.000000	-0.077086	316.360728
-207.948000	-0.077148	316.757177
-207.896000	-0.077210	317.153336
-207.844000	-0.077273	317.549804
-207.792000	-0.077335	317.946072
-207.740000	-0.077397	318.342502
-207.688000	-0.077460	318.738808
-207.636000	-0.077522	319.135229
-207.584000	-0.077585	319.531556
-207.532000	-0.077647	319.927930
-207.480000	-0.077710	320.324213
-207.428000	-0.077773	320.720451
-207.376000	-0.077835	321.116674
-207.324000	-0.077898	321.512793
-207.272000	-0.077961	321.908944
-207.220000	-0.078024	322.304906
-207.168000	-0.078087	322.700905
-207.116000	-0.078150	323.096623
-207.064000	-0.078213	323.492482
-207.012000	-0.078277	323.887995
-206.960000	-0.078340	324.283664
-206.908000	-0.078403	324.678943
-206.856000	-0.078467	325.074387
-206.804000	-0.078530	325.469395
-206.752000	-0.078594	325.864625
-206.700000	-0.078657	326.259286
-206.648000	-0.078721	326.654255
-206.596000	-0.078785	327.048532
-206.544000	-0.078849	327.443027
-206.492000	-0.078912	327.837026
-206.440000	-0.078976	328.231154
-206.388000	-0.079040	328.624846
-206.336000	-0.079104	329.018533
-206.284000	-0.079168	329.411816
-206.232000	-0.079233	329.804975
-206.180000	-0.079297	330.197867
-206.128000	-0.079361	330.590570
-206.076000	-0.079426	330.983043
-206.024000	-0.079490	331.375203
-205.972000	-0.079554	331.767212
-205.920000	-0.079619	332.158797
-205.868000	-0.079684	332.550313
-205.816000	-0.079748	332.941290
-205.764000	-0.079813	333.332285
-205.712000	-0.079878	333.722649
-205.660000	-0.079943	334.113124
-205.608000	-0.080008	334.502891
-205.556000	-0.080073	334.892761
-205.504000	-0.080138	335.281852
-205.452000	-0.080203	335.671126
-205.400000	-0.080268	336.059487
-205.348000	-0.080334	336.448159
-205.296000	-0.080399	336.835812
-205.244000	-0.080464	337.223660
-205.192000	-0.080530	337.610679
-205.140000	-0.080595	337.997715
-205.088000	-0.080661	338.384059
-205.036000	-0.080727	338.770314
-204.984000	-0.080792	339.155944
-204.932000	-0.080858	339.541334
-204.880000	-0.080924	339.926236
-204.828000	-0.080990	340.310785
-204.776000	-0.081056	340.694912
-204.724000	-0.081122	341.078538
-204.672000	-0.081188	341.461894
-204.620000	-0.081255	341.844620
-204.568000	-0.081321	342.227191
-204.516000	-0.081387	342.608987
-204.464000	-0.081454	342.990697
-204.412000	-0.081520	343.371513
-204.360000	-0.081587	343.752358
-204.308000	-0.081653	344.132213
-204.256000	-0.081720	344.512115
-204.204000	-0.081787	344.890955
-204.152000	-0.081854	345.270028
-204.100000	-0.081921	345.647851
-204.048000	-0.081987	346.025917
-203.996000	-0.082054	346.402683
-203.944000	-0.082122	346.779622
-203.892000	-0.082189	347.155490
-203.840000	-0.082256	347.531324
-203.788000	-0.082323	347.906223
-203.736000	-0.082391	348.280932
-203.684000	-0.082458	348.654833
-203.632000	-0.082526	349.028392
-203.580000	-0.082593	349.401272
-203.528000	-0.082661	349.773654
-203.476000	-0.082729	350.145492
-203.424000	-0.082796	350.516673
-203.372000	-0.082864	350.887403
-203.320000	-0.082932	351.257306
-203.268000	-0.083000	351.626991
-203.216000	-0.083068	351.995696
-203.164000	-0.083136	352.364331
-203.112000	-0.083204	352.731842
-203.060000	-0.083273	353.099267
-203.008000	-0.083341	353.465473
-202.956000	-0.083410	353.831773
-202.904000	-0.083478	354.196721
-202.852000	-0.083547	354.561799
-202.800000	-0.083615	354.925399
-202.748000	-0.083684	355.289326
-202.696000	-0.083753	355.651683
-202.644000	-0.083822	356.014132
-202.592000	-0.083890	356.375315
-202.540000	-0.083959	356.736423
-202.488000	-0.084028	357.096396
-202.436000	-0.084097	357.456093
-202.384000	-0.084167	357.814838
-202.332000	-0.084236	358.173155
-202.280000	-0.084305	358.530642
-202.228000	-0.084375	358.887508
-202.176000	-0.084444	359.243740
-202.124000	-0.084514	359.599186
-202.072000	-0.084583	359.954118
-202.020000	-0.084653	360.308073
-201.968000	-0.084723	360.661724
-201.916000	-0.084792	361.014223
-201.864000	-0.084862	361.366585
-201.812000	-0.084932	361.717640
-201.760000	-0.085002	362.068608
-201.708000	-0.085072	362.418166
-201.656000	-0.085143	362.767833
-201.604000	-0.085213	363.115932
-201.552000	-0.085283	363.464148
-201.500000	-0.085354	363.810668
-201.448000	-0.085424	364.157491
-201.396000	-0.085495	364.502596
-201.344000	-0.085565	364.847812
-201.292000	-0.085636	365.191576
-201.240000	-0.085707	365.535175
-201.188000	-0.085778	365.877549
-201.136000	-0.085848	366.219623
-201.084000	-0.085919	366.560584
-201.032000	-0.085990	366.901012
-200.980000	-0.086062	367.240573
-200.928000	-0.086133	367.579446
-200.876000	-0.086204	367.917593
-200.824000	-0.086275	368.254845
-200.772000	-0.086347	368.591506
-200.720000	-0.086418	368.927070
-200.668000	-0.086490	369.262320
-200.616000	-0.086561	369.596291
-200.564000	-0.086633	369.930078
-200.512000	-0.086705	370.262430
-200.460000	-0.086777	370.594759
-200.408000	-0.086849	370.925522
-200.356000	-0.086921	371.256334
-200.304000	-0.086993	371.585446
-200.252000	-0.087065	371.914749
-200.200000	-0.087137	372.242182
-200.148000	-0.087210	372.569866
-200.096000	-0.087282	372.895729
-200.044000	-0.087354	373.221699
-199.992000	-0.087427	373.546158
-199.940000	-0.087499	373.870464
-199.888000	-0.087572	374.193422
-199.836000	-0.087645	374.516002
-199.784000	-0.087718	374.837424
-199.732000	-0.087791	375.158270
-199.680000	-0.087864	375.478221
-199.628000	-0.087937	375.797429
-199.576000	-0.088010	376.115820
-199.524000	-0.088083	376.433226
-199.472000	-0.088156	376.750137
-199.420000	-0.088229	377.065891
-199.368000	-0.088303	377.381254
-199.316000	-0.088376	377.695250
-199.264000	-0.088450	378.009144
-199.212000	-0.088524	378.321510
-199.160000	-0.088597	378.633794
-199.108000	-0.088671	378.944430
-199.056000	-0.088745	379.255155
-199.004000	-0.088819	379.564099
-198.952000	-0.088893	379.873275
-198.900000	-0.088967	380.180508
-198.848000	-0.089041	380.488016
-198.796000	-0.089116	380.793651
-198.744000	-0.089190	381.099362
-198.692000	-0.089264	381.403519
-198.640000	-0.089339	381.707490
-198.588000	-0.089414	382.010108
-198.536000	-0.089488	382.312336
-198.484000	-0.089563	382.613444
-198.432000	-0.089638	382.913979
-198.380000	-0.089713	383.213563
-198.328000	-0.089788	383.512350
-198.276000	-0.089863	383.810390
-198.224000	-0.089938	384.107429
-198.172000	-0.090013	384.403923
-198.120000	-0.090088	384.699212
-198.068000	-0.090163	384.994209
-198.016000	-0.090239	385.287809
-197.964000	-0.090314	385.581309
-197.912000	-0.090390	385.873250
-197.860000	-0.090466	386.165164
-197.808000	-0.090541	386.455398
-197.756000	-0.090617	386.745730
-197.704000	-0.090693	387.034265
-197.652000	-0.090769	387.323082
-197.600000	-0.090845	387.609952
-197.548000	-0.090921	387.897126
-197.496000	-0.090998	388.182442
-197.444000	-0.091074	388.467815
-197.392000	-0.091150	388.751701
-197.340000	-0.091227	389.035439
-197.288000	-0.091303	389.317844
-197.236000	-0.091380	389.599846
-197.184000	-0.091456	389.880753
-197.132000	-0.091533	390.161074
-197.080000	-0.091610	390.440510
-197.028000	-0.091687	390.719155
-196.976000	-0.091764	390.997124
-196.924000	-0.091841	391.274098
-196.872000	-0.091918	391.550604
-196.820000	-0.091996	391.825913
-196.768000	-0.092073	392.100961
-196.716000	-0.092150	392.374620
-196.664000	-0.092228	392.648205
-196.612000	-0.092305	392.920256
-196.560000	-0.092383	393.192349
-196.508000	-0.092461	393.462807
-196.456000	-0.092539	393.733471
-196.404000	-0.092617	394.002373
-196.352000	-0.092695	394.271572
-196.300000	-0.092773	394.538891
-196.248000	-0.092851	394.806545
-196.196000	-0.092929	395.072424
-196.144000	-0.093007	395.338349
-196.092000	-0.093086	395.602889
-196.040000	-0.093164	395.867306
-195.988000	-0.093243	396.130495
-195.936000	-0.093321	396.393308
-195.884000	-0.093400	396.655101
-195.832000	-0.093479	396.916319
-195.780000	-0.093558	397.176761
-195.728000	-0.093637	397.436449
-195.676000	-0.093716	397.695568
-195.624000	-0.093795	397.953734
-195.572000	-0.093874	398.211540
-195.520000	-0.093953	398.468196
-195.468000	-0.094033	398.724698
-195.416000	-0.094112	398.979869
-195.364000	-0.094192	399.235011
-195.312000	-0.094271	399.488698
-195.260000	-0.094351	399.742561
-195.208000	-0.094431	399.994860
-195.156000	-0.094511	400.247354
-195.104000	-0.094591	400.498192
-195.052000	-0.094671	400.749389
-195.000000	-0.094751	400.998833
-194.948000	-0.094831	401.248651
-194.896000	-0.094912	401.496876
-194.844000	-0.094992	401.745208
-194.792000	-0.095072	401.992259
-194.740000	-0.095153	402.239173
-194.688000	-0.095234	402.485040
-194.636000	-0.095314	402.730601
-194.584000	-0.095395	402.975290
-194.532000	-0.095476	403.219461
-194.480000	-0.095557	403.462962
-194.428000	-0.095638	403.705758
-194.376000	-0.095719	403.948127
-194.324000	-0.095800	404.189616
-194.272000	-0.095882	404.430834
-194.220000	-0.095963	404.670979
-194.168000	-0.096045	404.911099
-194.116000	-0.096126	405.149989
-194.064000	-0.096208	405.389013
-194.012000	-0.096290	405.626691
-193.960000	-0.096372	405.864548
-193.908000	-0.096453	406.101000
-193.856000	-0.096536	406.337814
-193.804000	-0.096618	406.573118
-193.752000	-0.096700	406.808805
-193.700000	-0.096782	407.042906
-193.648000	-0.096865	407.277386
-193.596000	-0.096947	407.510487
-193.544000	-0.097029	407.743732
-193.492000	-0.097112	407.975920
-193.440000	-0.097195	408.208049
-193.388000	-0.097278	408.439264
-193.336000	-0.097360	408.670191
-193.284000	-0.097443	408.900462
-193.232000	-0.097527	409.130310
-193.180000	-0.097610	409.359662
-193.128000	-0.097693	409.588398
-193.076000	-0.097776	409.816829
-193.024000	-0.097860	410.044471
-192.972000	-0.097943	410.272043
-192.920000	-0.098027	410.498665
-192.868000	-0.098110	410.725406
-192.816000	-0.098194	410.951047
-192.764000	-0.098278	411.176899
-192.712000	-0.098362	411.401559
-192.660000	-0.098446	411.626505
-192.608000	-0.098530	411.850215
-192.556000	-0.098614	412.074330
-192.504000	-0.098699	412.297151
-192.452000	-0.098783	412.520458
-192.400000	-0.098867	412.742406
-192.348000	-0.098952	412.964778
-192.296000	-0.099037	413.186019
-192.244000	-0.099121	413.407451
-192.192000	-0.099206	413.628030
-192.140000	-0.099291	413.848586
-192.088000	-0.099376	414.068477
-192.036000	-0.099461	414.288179
-191.984000	-0.099547	414.507400
-191.932000	-0.099632	414.726271
-191.880000	-0.099717	414.944840
-191.828000	-0.099803	415.162900
-191.776000	-0.099888	415.380838
-191.724000	-0.099974	415.598110
-191.672000	-0.100060	415.815480
-191.620000	-0.100145	416.032037
-191.568000	-0.100231	416.248819
-191.516000	-0.100317	416.464660
-191.464000	-0.100403	416.680893
-191.412000	-0.100490	416.896119
-191.360000	-0.100576	417.111741
-191.308000	-0.100662	417.326334
-191.256000	-0.100749	417.541417
-191.204000	-0.100836	417.755439
-191.152000	-0.100922	417.970010
-191.100000	-0.101009	418.183465
-191.048000	-0.101096	418.397354
-190.996000	-0.101183	418.610408
-190.944000	-0.101269	418.823733
-190.892000	-0.101356	419.036429
-190.840000	-0.101444	419.249146
-190.788000	-0.101531	419.461432
-190.736000	-0.101619	419.673617
-190.684000	-0.101707	419.885575
-190.632000	-0.101794	420.097307
-190.580000	-0.101881	420.308942
-190.528000	-0.101969	420.520187
-190.476000	-0.102057	420.731457
-190.424000	-0.102145	420.942188
-190.372000	-0.102233	421.153237
-190.320000	-0.102321	421.363632
-190.268000	-0.102410	421.574360
-190.216000	-0.102498	421.784322
-190.164000	-0.102586	421.994860
-190.112000	-0.102675	422.204584
-190.060000	-0.102764	422.414766
-190.008000	-0.102853	422.624153
-189.956000	-0.102941	422.834160
-189.904000	-0.103030	423.043342
-189.852000	-0.103119	423.253094
-189.800000	-0.103208	423.462023
-189.748000	-0.103298	423.671463
-189.696000	-0.103387	423.880326
-189.644000	-0.103476	424.089487
-189.592000	-0.103566	424.298298
-189.540000	-0.103655	424.507237
-189.488000	-0.103745	424.715982
-189.436000	-0.103835	424.924719
-189.384000	-0.103924	425.133416
-189.332000	-0.104014	425.341977
-189.280000	-0.104104	425.550647
-189.228000	-0.104194	425.759055
-189.176000	-0.104284	425.967759
-189.124000	-0.104375	426.176086
-189.072000	-0.104465	426.384812
-189.020000	-0.104556	426.593031
-188.968000	-0.104647	426.801837
-188.916000	-0.104738	427.010057
-188.864000	-0.104829	427.218881
-188.812000	-0.104920	427.427114
-188.760000	-0.105010	427.636049
-188.708000	-0.105101	427.844388
-188.656000	-0.105193	428.053298
-188.604000	-0.105284	428.261693
-188.552000	-0.105375	428.470866
-188.500000	-0.105466	428.679365
-188.448000	-0.105558	428.888179
-188.396000	-0.105651	429.096755
-188.344000	-0.105743	429.305778
-188.292000	-0.105835	429.514775
-188.240000	-0.105927	429.724058
-188.188000	-0.106019	429.933465
-188.136000	-0.106111	430.143029
-188.084000	-0.106203	430.352519
-188.032000	-0.106295	430.561859
-187.980000	-0.106388	430.771619
-187.928000	-0.106480	430.981283
-187.876000	-0.106573	431.191509
-187.824000	-0.106665	431.401518
-187.772000	-0.106758	431.611760
-187.720000	-0.106851	431.821609
-187.668000	-0.106945	432.032801
-187.616000	-0.107038	432.243582
-187.564000	-0.107132	432.454740
-187.512000	-0.107225	432.665513
-187.460000	-0.107318	432.877125
-187.408000	-0.107412	433.088298
-187.356000	-0.107506	433.299864
-187.304000	-0.107600	433.511288
-187.252000	-0.107693	433.723876
-187.200000	-0.107787	433.936034
-187.148000	-0.107881	434.148519
-187.096000	-0.107975	434.360993
-187.044000	-0.108070	434.573942
-186.992000	-0.108165	434.787060
-186.940000	-0.108259	435.000518
-186.888000	-0.108354	435.214276
-186.836000	-0.108449	435.428262
-186.784000	-0.108543	435.642675
-186.732000	-0.108639	435.857204
-186.680000	-0.108734	436.071900
-186.628000	-0.108829	436.286472
-186.576000	-0.108924	436.501722
-186.524000	-0.109019	436.716877
-186.472000	-0.109115	436.933298
-186.420000	-0.109210	437.149574
-186.368000	-0.109306	437.366259
-186.316000	-0.109402	437.582684
-186.264000	-0.109497	437.800036
-186.212000	-0.109593	438.017179
-186.160000	-0.109689	438.235197
-186.108000	-0.109785	438.453071
-186.056000	-0.109882	438.671774
-186.004000	-0.109979	438.890393
-185.952000	-0.110075	439.109801
-185.900000	-0.110171	439.328995
-185.848000	-0.110268	439.548522
-185.796000	-0.110365	439.768460
-185.744000	-0.110462	439.989196
-185.692000	-0.110559	440.210261
-185.640000	-0.110656	440.431717
-185.588000	-0.110754	440.653307
-185.536000	-0.110851	440.874976
-185.484000	-0.110948	441.097549
-185.432000	-0.111046	441.320488
-185.380000	-0.111144	441.544092
-185.328000	-0.111242	441.767797
-185.276000	-0.111339	441.991842
-185.224000	-0.111437	442.215804
-185.172000	-0.111535	442.441111
-185.120000	-0.111634	442.666387
-185.068000	-0.111732	442.892641
-185.016000	-0.111830	443.118753
-184.964000	-0.111929	443.345332
-184.912000	-0.112028	443.571919
-184.860000	-0.112126	443.799858
-184.808000	-0.112225	444.027812
-184.756000	-0.112324	444.256605
-184.704000	-0.112423	444.485482
-184.652000	-0.112522	444.715134
-184.600000	-0.112622	444.944945
-184.548000	-0.112721	445.175423
-184.496000	-0.112820	445.406228
-184.444000	-0.112920	445.637565
-184.392000	-0.113020	445.869350
-184.340000	-0.113120	446.101569
-184.288000	-0.113220	446.334334
-184.236000	-0.113320	446.567446
-184.184000	-0.113420	446.801552
-184.132000	-0.113520	447.036088
-184.080000	-0.113620	447.270969
-184.028000	-0.113721	447.505895
-183.976000	-0.113822	447.742085
-183.924000	-0.113922	447.978454
-183.872000	-0.114023	448.215748
-183.820000	-0.114124	448.453049
-183.768000	-0.114225	448.691366
-183.716000	-0.114326	448.929671
-183.664000	-0.114427	449.168952
-183.612000	-0.114529	449.408357
-183.560000	-0.114630	449.649118
-183.508000	-0.114732	449.889898
-183.456000	-0.114834	450.131101
-183.404000	-0.114935	450.372663
-183.352000	-0.115037	450.615358
-183.300000	-0.115139	450.858342
-183.248000	-0.115241	451.101991
-183.196000	-0.115343	451.346055
-183.144000	-0.115446	451.590676
-183.092000	-0.115548	451.836085
-183.040000	-0.115651	452.082213
-182.988000	-0.115753	452.328942
-182.936000	-0.115856	452.576058
-182.884000	-0.115959	452.823863
-182.832000	-0.116062	453.071975
-182.780000	-0.116166	453.321255
-182.728000	-0.116269	453.570888
-182.676000	-0.116373	453.820944
-182.624000	-0.116476	454.071059
-182.572000	-0.116580	454.322592
-182.520000	-0.116683	454.574239
-182.468000	-0.116787	454.827425
-182.416000	-0.116891	455.080671
-182.364000	-0.116995	455.334890
-182.312000	-0.117099	455.589232
-182.260000	-0.117204	455.844466
-182.208000	-0.117308	456.099903
-182.156000	-0.117413	456.356158
-182.104000	-0.117517	456.612848
-182.052000	-0.117622	456.870648
-182.000000	-0.117727	457.128804
-181.948000	-0.117832	457.387620
-181.896000	-0.117937	457.647115
-181.844000	-0.118043	457.907473
-181.792000	-0.118148	458.168359
-181.740000	-0.118253	458.429742
-181.688000	-0.118359	458.692047
-181.636000	-0.118465	458.954971
-181.584000	-0.118570	459.218584
-181.532000	-0.118676	459.482534
-181.480000	-0.118782	459.747250
-181.428000	-0.118888	460.012218
-181.376000	-0.118995	460.278471
-181.324000	-0.119101	460.544981
-181.272000	-0.119208	460.812419
-181.220000	-0.119315	461.079947
-181.168000	-0.119421	461.349003
-181.116000	-0.119528	461.618178
-181.064000	-0.119635	461.888784
-181.012000	-0.119742	462.159538
-180.960000	-0.119849	462.431158
-180.908000	-0.119956	462.703004
-180.856000	-0.120064	462.975635
-180.804000	-0.120172	463.248721
-180.752000	-0.120279	463.522888
-180.700000	-0.120387	463.797616
-180.648000	-0.120495	464.073325
-180.596000	-0.120603	464.349443
-180.544000	-0.120711	464.626150
-180.492000	-0.120819	464.903618
-180.440000	-0.120928	465.181839
-180.388000	-0.121037	465.460941
-180.336000	-0.121146	465.740672
-180.284000	-0.121254	466.021046
-180.232000	-0.121363	466.301760
-180.180000	-0.121472	466.583593
-180.128000	-0.121581	466.865803
-180.076000	-0.121691	467.148815
-180.024000	-0.121800	467.431994
-179.972000	-0.121909	467.716535
-179.920000	-0.122019	468.001195
-179.868000	-0.122129	468.287343
-179.816000	-0.122239	468.573556
-179.764000	-0.122349	468.860665
-179.712000	-0.122459	469.148059
-179.660000	-0.122570	469.437162
-179.608000	-0.122680	469.726345
-179.556000	-0.122790	470.015870
-179.504000	-0.122901	470.305973
-179.452000	-0.123011	470.597485
-179.400000	-0.123122	470.889503
-179.348000	-0.123233	471.182492
-179.296000	-0.123344	471.475794
-179.244000	-0.123455	471.769692
-179.192000	-0.123567	472.064256
-179.140000	-0.123679	472.359573
-179.088000	-0.123790	472.655680
-179.036000	-0.123902	472.952409
-178.984000	-0.124013	473.250049
-178.932000	-0.124125	473.548174
-178.880000	-0.124237	473.846934
-178.828000	-0.124350	474.145921
-178.776000	-0.124462	474.446072
-178.724000	-0.124575	474.746434
-178.672000	-0.124687	475.048568
-178.620000	-0.124800	475.350813
-178.568000	-0.124913	475.653957
-178.516000	-0.125026	475.957150
-178.464000	-0.125140	476.261651
-178.412000	-0.125253	476.566299
-178.360000	-0.125366	476.872149
-178.308000	-0.125480	477.178242
-178.256000	-0.125593	477.485431
-178.204000	-0.125707	477.792951
-178.152000	-0.125821	478.101477
-178.100000	-0.125935	478.410396
-178.048000	-0.126049	478.720275
-177.996000	-0.126163	479.030554
-177.944000	-0.126277	479.341712
-177.892000	-0.126392	479.653110
-177.840000	-0.126507	479.965006
-177.788000	-0.126622	480.277880
-177.736000	-0.126736	480.591549
-177.684000	-0.126851	480.906003
-177.632000	-0.126967	481.220899
-177.580000	-0.127082	481.536716
-177.528000	-0.127198	481.852828
-177.476000	-0.127313	482.169998
-177.424000	-0.127429	482.487310
-177.372000	-0.127545	482.806300
-177.320000	-0.127661	483.125318
-177.268000	-0.127777	483.445140
-177.216000	-0.127893	483.764925
-177.164000	-0.128009	484.085934
-177.112000	-0.128125	484.407070
-177.060000	-0.128242	484.729769
-177.008000	-0.128359	485.052591
-176.956000	-0.128476	485.376451
-176.904000	-0.128592	485.700506
-176.852000	-0.128710	486.025525
-176.800000	-0.128827	486.350771
-176.748000	-0.128944	486.676961
-176.696000	-0.129062	487.003351
-176.644000	-0.129180	487.330614
-176.592000	-0.129297	487.658500
-176.540000	-0.129416	487.987336
-176.488000	-0.129534	488.316330
-176.436000	-0.129652	488.645678
-176.384000	-0.129770	488.976382
-176.332000	-0.129889	489.307786
-176.280000	-0.130008	489.639561
-176.228000	-0.130126	489.971436
-176.176000	-0.130245	490.304685
-176.124000	-0.130364	490.638057
-176.072000	-0.130483	490.972507
-176.020000	-0.130602	491.306842
-175.968000	-0.130722	491.642386
-175.916000	-0.130841	491.977817
-175.864000	-0.130961	492.314853
-175.812000	-0.131081	492.651796
-175.760000	-0.131200	492.989784
-175.708000	-0.131320	493.327863
-175.656000	-0.131441	493.667304
-175.604000	-0.131562	494.006765
-175.552000	-0.131682	494.347150
-175.500000	-0.131802	494.687554
-175.448000	-0.131923	495.028884
-175.396000	-0.132044	495.370427
-175.344000	-0.132165	495.713101
-175.292000	-0.132286	496.055898
-175.240000	-0.132408	496.399371
-175.188000	-0.132529	496.743456
-175.136000	-0.132650	497.088231
-175.084000	-0.132772	497.433816
-175.032000	-0.132894	497.779864
-174.980000	-0.133016	498.126525
-174.928000	-0.133138	498.473310
-174.876000	-0.133260	498.820870
-174.824000	-0.133383	499.168363
-174.772000	-0.133505	499.517291
-174.720000	-0.133628	499.866017
-174.668000	-0.133751	500.216345
-174.616000	-0.133874	500.566373
-174.564000	-0.133997	500.917418
-174.512000	-0.134121	501.268293
-174.460000	-0.134244	501.620561
-174.408000	-0.134367	501.972737
-174.356000	-0.134491	502.326208
-174.304000	-0.134615	502.679659
-174.252000	-0.134739	503.034344
-174.200000	-0.134863	503.388809
-174.148000	-0.134988	503.744178
-174.096000	-0.135112	504.099261
-174.044000	-0.135236	504.455175
-173.992000	-0.135361	504.811554
-173.940000	-0.135486	505.169030
-173.888000	-0.135611	505.526574
-173.836000	-0.135736	505.884546
-173.784000	-0.135861	506.243505
-173.732000	-0.135987	506.602993
-173.680000	-0.136112	506.962914
-173.628000	-0.136237	507.322849
-173.576000	-0.136363	507.683404
-173.524000	-0.136489	508.043761
-173.472000	-0.136615	508.405912
-173.420000	-0.136741	508.767748
-173.368000	-0.136868	509.131052
-173.316000	-0.136994	509.493896
-173.264000	-0.137121	509.857649
-173.212000	-0.137248	510.221142
-173.160000	-0.137375	510.586371
-173.108000	-0.137502	510.951179
-173.056000	-0.137629	511.316820
-173.004000	-0.137756	511.682219
-172.952000	-0.137884	512.048808
-172.900000	-0.138012	512.415339
-172.848000	-0.138140	512.783378
-172.796000	-0.138268	513.150867
-172.744000	-0.138396	513.519157
-172.692000	-0.138524	513.887675
-172.640000	-0.138653	514.257234
-172.588000	-0.138781	514.626639
-172.536000	-0.138910	514.996401
-172.484000	-0.139039	515.366953
-172.432000	-0.139168	515.737936
-172.380000	-0.139297	516.109586
-172.328000	-0.139426	516.481245
-172.276000	-0.139556	516.853366
-172.224000	-0.139685	517.225153
-172.172000	-0.139815	517.598600
-172.120000	-0.139945	517.971589
-172.068000	-0.140076	518.346429
-172.016000	-0.140206	518.720645
-171.964000	-0.140336	519.095666
-171.912000	-0.140466	519.470243
-171.860000	-0.140597	519.846466
-171.808000	-0.140728	520.222191
-171.756000	-0.140859	520.599074
-171.704000	-0.140990	520.975489
-171.652000	-0.141121	521.353055
-171.600000	-0.141253	521.730310
-171.548000	-0.141384	522.109046
-171.496000	-0.141516	522.487229
-171.444000	-0.141648	522.866447
-171.392000	-0.141780	523.245370
-171.340000	-0.141912	523.625046
-171.288000	-0.142044	524.005022
-171.236000	-0.142176	524.385657
-171.184000	-0.142309	524.766522
-171.132000	-0.142442	525.147568
-171.080000	-0.142575	525.529112
-171.028000	-0.142708	525.910546
-170.976000	-0.142841	526.293205
-170.924000	-0.142975	526.675530
-170.872000	-0.143108	527.059392
-170.820000	-0.143242	527.442634
-170.768000	-0.143376	527.827095
-170.716000	-0.143510	528.210874
-170.664000	-0.143644	528.596297
-170.612000	-0.143779	528.981006
-170.560000	-0.143913	529.366852
-170.508000	-0.144047	529.752135
-170.456000	-0.144182	530.138906
-170.404000	-0.144317	530.524992
-170.352000	-0.144453	530.912193
-170.300000	-0.144588	531.298842
-170.248000	-0.144723	531.686946
-170.196000	-0.144859	532.074520
-170.144000	-0.144994	532.463358
-170.092000	-0.145130	532.851984
-170.040000	-0.145266	533.241531
-169.988000	-0.145403	533.630856
-169.936000	-0.145539	534.020575
-169.884000	-0.145675	534.410730
-169.832000	-0.145812	534.801116
-169.780000	-0.145949	535.192270
-169.728000	-0.146086	535.583308
-169.676000	-0.146223	535.974986
-169.624000	-0.146361	536.366131
-169.572000	-0.146498	536.759207
-169.520000	-0.146636	537.151547
-169.468000	-0.146773	537.544999
-169.416000	-0.146911	537.937626
-169.364000	-0.147049	538.331805
-169.312000	-0.147188	538.725297
-169.260000	-0.147326	539.120714
-169.208000	-0.147465	539.515254
-169.156000	-0.147603	539.910847
-169.104000	-0.147742	540.305736
-169.052000	-0.147881	540.702061
-169.000000	-0.148020	541.097616
-168.948000	-0.148160	541.494601
-168.896000	-0.148299	541.891116
-168.844000	-0.148440	542.289119
-168.792000	-0.148580	542.686439
-168.740000	-0.148720	543.084399
-168.688000	-0.148860	543.482655
-168.636000	-0.149000	543.881602
-168.584000	-0.149140	544.280470
-168.532000	-0.149281	544.679338
-168.480000	-0.149422	545.079272
-168.428000	-0.149563	545.479091
-168.376000	-0.149704	545.879908
-168.324000	-0.149845	546.280140
-168.272000	-0.149987	546.682221
-168.220000	-0.150129	547.083441
-168.168000	-0.150271	547.485686
-168.116000	-0.150413	547.887040
-168.064000	-0.150555	548.290345
-168.012000	-0.150697	548.692833
-167.960000	-0.150840	549.097184
-167.908000	-0.150983	549.500509
-167.856000	-0.151125	549.904851
-167.804000	-0.151268	550.308511
-167.752000	-0.151411	550.713928
-167.700000	-0.151555	551.118620
-167.648000	-0.151699	551.525025
-167.596000	-0.151842	551.930554
-167.544000	-0.151986	552.337269
-167.492000	-0.152130	552.743464
-167.440000	-0.152274	553.150474
-167.388000	-0.152419	553.557665
-167.336000	-0.152563	553.965482
-167.284000	-0.152708	554.373879
-167.232000	-0.152853	554.782487
-167.180000	-0.152998	555.191661
-167.128000	-0.153143	555.600533
-167.076000	-0.153288	556.010792
-167.024000	-0.153434	556.420431
-166.972000	-0.153580	556.831868
-166.920000	-0.153726	557.242366
-166.868000	-0.153872	557.654334
-166.816000	-0.154018	558.065322
-166.764000	-0.154164	558.478205
-166.712000	-0.154311	558.890172
-166.660000	-0.154458	559.303969
-166.608000	-0.154604	559.716771
-166.556000	-0.154752	560.130943
-166.504000	-0.154899	560.544323
-166.452000	-0.155046	560.959448
-166.400000	-0.155194	561.373948
-166.348000	-0.155342	561.790441
-166.296000	-0.155490	562.205967
-166.244000	-0.155638	562.622643
-166.192000	-0.155786	563.039023
-166.140000	-0.155934	563.456394
-166.088000	-0.156083	563.873881
-166.036000	-0.156232	564.291941
-165.984000	-0.156381	564.710529
-165.932000	-0.156531	565.129270
-165.880000	-0.156680	565.549380
-165.828000	-0.156830	565.969321
-165.776000	-0.156979	566.390160
-165.724000	-0.157129	566.810251
-165.672000	-0.157279	567.232116
-165.620000	-0.157430	567.653019
-165.568000	-0.157580	568.076361
-165.516000	-0.157731	568.498670
-165.464000	-0.157882	568.922850
-165.412000	-0.158032	569.346059
-165.360000	-0.158183	569.771071
-165.308000	-0.158334	570.195174
-165.256000	-0.158486	570.621016
-165.204000	-0.158638	571.046191
-165.152000	-0.158790	571.473441
-165.100000	-0.158942	571.899784
-165.048000	-0.159094	572.327805
-164.996000	-0.159246	572.755354
-164.944000	-0.159399	573.184541
-164.892000	-0.159552	573.613411
-164.840000	-0.159705	574.043239
-164.788000	-0.159858	574.473171
-164.736000	-0.160011	574.903641
-164.684000	-0.160165	575.335020
-164.632000	-0.160318	575.766651
-164.580000	-0.160472	576.199227
-164.528000	-0.160627	576.631496
-164.476000	-0.160781	577.066065
-164.424000	-0.160935	577.500021
-164.372000	-0.161090	577.935259
-164.320000	-0.161244	578.369521
-164.268000	-0.161399	578.806708
-164.216000	-0.161554	579.242853
-164.164000	-0.161710	579.680857
-164.112000	-0.161865	580.117989
-164.060000	-0.162021	580.557340
-164.008000	-0.162177	580.995777
-163.956000	-0.162333	581.435955
-163.904000	-0.162489	581.875652
-163.852000	-0.162646	582.317759
-163.800000	-0.162802	582.758961
-163.748000	-0.162959	583.201829
-163.696000	-0.163116	583.644530
-163.644000	-0.163273	584.089100
-163.592000	-0.163430	584.533391
-163.540000	-0.163588	584.978616
-163.488000	-0.163746	585.424334
-163.436000	-0.163904	585.870746
-163.384000	-0.164062	586.318501
-163.332000	-0.164220	586.766626
-163.280000	-0.164379	587.215743
-163.228000	-0.164537	587.664543
-163.176000	-0.164696	588.115691
-163.124000	-0.164855	588.566215
-163.072000	-0.165014	589.019081
-163.020000	-0.165174	589.470994
-162.968000	-0.165334	589.925347
-162.916000	-0.165493	590.378758
-162.864000	-0.165653	590.834506
-162.812000	-0.165813	591.289530
-162.760000	-0.165974	591.747200
-162.708000	-0.166134	592.204152
-162.656000	-0.166295	592.663229
-162.604000	-0.166456	593.121888
-162.552000	-0.166617	593.582965
-162.500000	-0.166779	594.043429
-162.448000	-0.166940	594.505847
-162.396000	-0.167102	594.967930
-162.344000	-0.167264	595.431604
-162.292000	-0.167426	595.895716
-162.240000	-0.167588	596.361184
-162.188000	-0.167751	596.827587
-162.136000	-0.167914	597.294851
-162.084000	-0.168077	597.763166
-162.032000	-0.168240	598.231721
-161.980000	-0.168403	598.702215
-161.928000	-0.168566	599.172594
-161.876000	-0.168730	599.645407
-161.824000	-0.168894	600.117616
-161.772000	-0.169058	600.592249
-161.720000	-0.169222	601.066037
-161.668000	-0.169387	601.543296
-161.616000	-0.169552	602.019690
-161.564000	-0.169716	602.498457
-161.512000	-0.169881	602.976592
-161.460000	-0.170047	603.457396
-161.408000	-0.170212	603.937734
-161.356000	-0.170378	604.420595
-161.304000	-0.170544	604.903153
-161.252000	-0.170710	605.388139
-161.200000	-0.170876	605.873101
-161.148000	-0.171042	606.360595
-161.096000	-0.171209	606.847913
-161.044000	-0.171376	607.336815
-160.992000	-0.171543	607.826616
-160.940000	-0.171710	608.317981
-160.888000	-0.171878	608.810080
-160.836000	-0.172046	609.302880
-160.784000	-0.172213	609.798040
-160.732000	-0.172381	610.293861
-160.680000	-0.172549	610.791316
-160.628000	-0.172718	611.288603
-160.576000	-0.172886	611.788916
-160.524000	-0.173055	612.288731
-160.472000	-0.173224	612.791586
-160.420000	-0.173394	613.293695
-160.368000	-0.173563	613.799340
-160.316000	-0.173733	614.304305
-160.264000	-0.173903	614.812146
-160.212000	-0.174073	615.319599
-160.160000	-0.174244	615.830178
-160.108000	-0.174414	616.340593
-160.056000	-0.174585	616.853933
-160.004000	-0.174755	617.367130
-159.952000	-0.174927	617.882769
-159.900000	-0.175098	618.398574
-159.848000	-0.175270	618.916909
-159.796000	-0.175441	619.435820
-159.744000	-0.175613	619.956810
-159.692000	-0.175785	620.478900
-159.640000	-0.175958	621.002564
-159.588000	-0.176130	621.527852
-159.536000	-0.176303	622.054212
-159.484000	-0.176476	622.582713
-159.432000	-0.176650	623.111783
-159.380000	-0.176823	623.643081
-159.328000	-0.176997	624.174364
-159.276000	-0.177171	624.709297
-159.224000	-0.177345	625.243857
-159.172000	-0.177519	625.782106
-159.120000	-0.177693	626.319767
-159.068000	-0.177868	626.861529
-159.016000	-0.178043	627.402763
-158.964000	-0.178218	627.946943
-158.912000	-0.178393	628.491023
-158.860000	-0.178569	629.038684
-158.808000	-0.178745	629.586374
-158.756000	-0.178920	630.137022
-158.704000	-0.179096	630.688123
-158.652000	-0.179273	631.242340
-158.600000	-0.179450	631.796959
-158.548000	-0.179626	632.354106
-158.496000	-0.179803	632.912355
-158.444000	-0.179980	633.472932
-158.392000	-0.180158	634.035160
-158.340000	-0.180336	634.599189
-158.288000	-0.180514	635.165061
-158.236000	-0.180692	635.732042
-158.184000	-0.180870	636.301765
-158.132000	-0.181049	636.872244
-158.080000	-0.181228	637.445572
-158.028000	-0.181407	638.019052
-157.976000	-0.181586	638.596830
-157.924000	-0.181765	639.174377
-157.872000	-0.181945	639.755764
-157.820000	-0.182125	640.336737
-157.768000	-0.182305	640.922394
-157.716000	-0.182485	641.507777
-157.664000	-0.182666	642.096630
-157.612000	-0.182846	642.685703
-157.560000	-0.183027	643.278818
-157.508000	-0.183208	643.872340
-157.456000	-0.183390	644.469222
-157.404000	-0.183572	645.066801
-157.352000	-0.183753	645.667519
-157.300000	-0.183935	646.269379
-157.248000	-0.184117	646.874338
-157.196000	-0.184300	647.480681
-157.144000	-0.184483	648.089357
-157.092000	-0.184666	648.699949
-157.040000	-0.184849	649.312369
-156.988000	-0.185032	649.927588
-156.936000	-0.185216	650.544295
-156.884000	-0.185400	651.163971
-156.832000	-0.185584	651.784473
-156.780000	-0.185769	652.408901
-156.728000	-0.185953	653.033743
-156.676000	-0.186138	653.663071
-156.624000	-0.186322	654.292281
-156.572000	-0.186508	654.926528
-156.520000	-0.186693	655.560495
-156.468000	-0.186879	656.198758
-156.416000	-0.187064	656.837179
-156.364000	-0.187250	657.480486
-156.312000	-0.187437	658.124121
-156.260000	-0.187624	658.771445
-156.208000	-0.187811	659.419744
-156.156000	-0.187997	660.072174
-156.104000	-0.188184	660.725568
-156.052000	-0.188372	661.382108
-156.000000	-0.188560	662.040330
-155.948000	-0.188748	662.701933
-155.896000	-0.188936	663.365500
-155.844000	-0.189124	664.031656
-155.792000	-0.189313	664.700642
-155.740000	-0.189502	665.371893
-155.688000	-0.189692	666.046205
-155.636000	-0.189881	666.722060
-155.584000	-0.190070	667.401518
-155.532000	-0.190260	668.082001
-155.480000	-0.190450	668.767067
-155.428000	-0.190640	669.452727
-155.376000	-0.190831	670.143065
-155.324000	-0.191022	670.833406
-155.272000	-0.191213	671.530002
-155.220000	-0.191404	672.226527
-155.168000	-0.191595	672.927930
-155.116000	-0.191787	673.629710
-155.064000	-0.191979	674.336452
-155.012000	-0.192171	675.044001
-154.960000	-0.192363	675.756105
-154.908000	-0.192556	676.469446
-154.856000	-0.192749	677.186947
-154.804000	-0.192942	677.906094
-154.752000	-0.193135	678.629046
-154.700000	-0.193329	679.353993
-154.648000	-0.193523	680.082318
-154.596000	-0.193717	680.813194
-154.544000	-0.193911	681.546910
-154.492000	-0.194106	682.284067
-154.440000	-0.194301	683.023723
-154.388000	-0.194496	683.767064
-154.336000	-0.194691	684.512168
-154.284000	-0.194886	685.261915
-154.232000	-0.195083	686.013009
-154.180000	-0.195279	686.768905
-154.128000	-0.195475	687.525498
-154.076000	-0.195671	688.287928
-154.024000	-0.195868	689.050578
-153.972000	-0.196065	689.819633
-153.920000	-0.196262	690.588838
-153.868000	-0.196459	691.363504
-153.816000	-0.196657	692.138932
-153.764000	-0.196855	692.920277
-153.712000	-0.197053	693.702674
-153.660000	-0.197252	694.489675
-153.608000	-0.197450	695.278508
-153.556000	-0.197649	696.072252
-153.504000	-0.197848	696.867930
-153.452000	-0.198048	697.667415
-153.400000	-0.198247	698.469698
-153.348000	-0.198448	699.275912
-153.296000	-0.198648	700.085268
-153.244000	-0.198848	700.897716
-153.192000	-0.199049	701.713889
-153.140000	-0.199249	702.532595
-153.088000	-0.199451	703.355968
-153.036000	-0.199652	704.181476
-152.984000	-0.199854	705.012274
-152.932000	-0.200056	705.844615
-152.880000	-0.200258	706.682414
-152.828000	-0.200460	707.521089
-152.776000	-0.200663	708.366277
-152.724000	-0.200866	709.211875
-152.672000	-0.201069	710.064511
-152.620000	-0.201273	710.917581
-152.568000	-0.201476	711.777162
-152.516000	-0.201680	712.637646
-152.464000	-0.201885	713.503671
-152.412000	-0.202089	714.371362
-152.360000	-0.202293	715.244902
-152.308000	-0.202498	716.120540
-152.256000	-0.202703	717.001105
-152.204000	-0.202909	717.884295
-152.152000	-0.203115	718.771929
-152.100000	-0.203321	719.662925
-152.048000	-0.203527	720.558118
-151.996000	-0.203733	721.457032
-151.944000	-0.203940	722.359281
-151.892000	-0.204147	723.266179
-151.840000	-0.204355	724.176035
-151.788000	-0.204563	725.090812
-151.736000	-0.204770	726.007778
-151.684000	-0.204978	726.931072
-151.632000	-0.205186	727.856214
-151.580000	-0.205395	728.787462
-151.528000	-0.205604	729.719756
-151.476000	-0.205813	730.658748
-151.424000	-0.206022	731.598306
-151.372000	-0.206232	732.546036
-151.320000	-0.206441	733.494488
-151.268000	-0.206652	734.450480
-151.216000	-0.206863	735.407675
-151.164000	-0.207073	736.370909
-151.112000	-0.207284	737.336172
-151.060000	-0.207495	738.307711
-151.008000	-0.207706	739.281770
-150.956000	-0.207918	740.261129
-150.904000	-0.208130	741.243594
-150.852000	-0.208342	742.230808
-150.800000	-0.208555	743.222179
-150.748000	-0.208768	744.218279
-150.696000	-0.208981	745.218666
-150.644000	-0.209195	746.222634
-150.592000	-0.209408	747.231508
-150.540000	-0.209622	748.243365
-150.488000	-0.209836	749.261481
-150.436000	-0.210050	750.282293
-150.384000	-0.210265	751.309650
-150.332000	-0.210480	752.338916
-150.280000	-0.210695	753.375380
-150.228000	-0.210910	754.413122
-150.176000	-0.211126	755.458710
-150.124000	-0.211342	756.505075
-150.072000	-0.211558	757.560212
-150.020000	-0.211775	758.616258
-149.968000	-0.211992	759.679910
-149.916000	-0.212209	760.745142
-149.864000	-0.212427	761.817326
-149.812000	-0.212645	762.891891
-149.760000	-0.212863	763.973153
-149.708000	-0.213081	765.057511
-149.656000	-0.213299	766.147883
-149.604000	-0.213518	767.242035
-149.552000	-0.213737	768.341550
-149.500000	-0.213956	769.445501
-149.448000	-0.214176	770.554165
-149.396000	-0.214395	771.667948
-149.344000	-0.214616	772.785780
-149.292000	-0.214836	773.909411
-149.240000	-0.215057	775.036429
-149.188000	-0.215278	776.170296
-149.136000	-0.215499	777.307048
-149.084000	-0.215721	778.450952
-149.032000	-0.215943	779.596930
-148.980000	-0.216165	780.751185
-148.928000	-0.216387	781.906933
-148.876000	-0.216610	783.071174
-148.824000	-0.216833	784.236356
-148.772000	-0.217056	785.410893
-148.720000	-0.217279	786.586612
-148.668000	-0.217503	787.770934
-148.616000	-0.217727	788.957205
-148.564000	-0.217952	790.151326
-148.512000	-0.218176	791.348166
-148.460000	-0.218401	792.552107
-148.408000	-0.218626	793.759537
-148.356000	-0.218852	794.973328
-148.304000	-0.219078	796.191555
-148.252000	-0.219304	797.415750
-148.200000	-0.219531	798.644882
-148.148000	-0.219757	799.878980
-148.096000	-0.219984	801.118718
-148.044000	-0.220211	802.362730
-147.992000	-0.220439	803.613753
-147.940000	-0.220667	804.868746
-147.888000	-0.220895	806.130784
-147.836000	-0.221123	807.395730
-147.784000	-0.221352	808.668833
-147.732000	-0.221580	809.944272
-147.680000	-0.221809	811.229056
-147.628000	-0.222039	812.515524
-147.576000	-0.222269	813.811121
-147.524000	-0.222500	815.107822
-147.472000	-0.222730	816.414949
-147.420000	-0.222961	817.723471
-147.368000	-0.223192	819.041101
-147.316000	-0.223423	820.361039
-147.264000	-0.223654	821.689708
-147.212000	-0.223886	823.021548
-147.160000	-0.224119	824.361267
-147.108000	-0.224351	825.704850
-147.056000	-0.224584	827.055134
-147.004000	-0.224817	828.410496
-146.952000	-0.225051	829.772414
-146.900000	-0.225284	831.139997
-146.848000	-0.225518	832.513061
-146.796000	-0.225752	833.892262
-146.744000	-0.225987	835.275958
-146.692000	-0.226222	836.667188
-146.640000	-0.226457	838.062578
-146.588000	-0.226692	839.466310
-146.536000	-0.226928	840.873408
-146.484000	-0.227164	842.289237
-146.432000	-0.227401	843.707535
-146.380000	-0.227637	845.135781
-146.328000	-0.227874	846.565816
-146.276000	-0.228112	848.006596
-146.224000	-0.228350	849.448670
-146.172000	-0.228587	850.901709
-146.120000	-0.228825	852.356397
-146.068000	-0.229064	853.821145
-146.016000	-0.229303	855.288550
-145.964000	-0.229542	856.765547
-145.912000	-0.229781	858.245884
-145.860000	-0.230021	859.734090
-145.808000	-0.230261	861.227038
-145.756000	-0.230501	862.728054
-145.704000	-0.230742	864.234339
-145.652000	-0.230983	865.747150
-145.600000	-0.231224	867.266328
-145.548000	-0.231466	868.791490
-145.496000	-0.231708	870.323855
-145.444000	-0.231950	871.861378
-145.392000	-0.232193	873.406941
-145.340000	-0.232435	874.956842
-145.288000	-0.232678	876.515613
-145.236000	-0.232922	878.077897
-145.184000	-0.233166	879.650303
-145.132000	-0.233410	881.225509
-145.080000	-0.233655	882.811706
-145.028000	-0.233899	884.399843
-144.976000	-0.234144	885.999342
-144.924000	-0.234389	887.600269
-144.872000	-0.234635	889.213184
-144.820000	-0.234881	890.827936
-144.768000	-0.235127	892.453217
-144.716000	-0.235374	894.081587
-144.664000	-0.235621	895.720815
-144.612000	-0.235868	897.363805
-144.560000	-0.236116	899.015416
-144.508000	-0.236363	900.672108
-144.456000	-0.236612	902.337179
-144.404000	-0.236860	904.008119
-144.352000	-0.237109	905.686158
-144.300000	-0.237358	907.371504
-144.248000	-0.237608	909.063591
-144.196000	-0.237858	910.763336
-144.144000	-0.238108	912.468440
-144.092000	-0.238358	914.182402
-144.040000	-0.238609	915.901050
-143.988000	-0.238860	917.629461
-143.936000	-0.239112	919.361665
-143.884000	-0.239364	921.104953
-143.832000	-0.239615	922.851243
-143.780000	-0.239868	924.609099
-143.728000	-0.240120	926.368962
-143.676000	-0.240374	928.142289
-143.624000	-0.240627	929.917195
-143.572000	-0.240881	931.704087
-143.520000	-0.241134	933.493168
-143.468000	-0.241389	935.294620
-143.416000	-0.241643	937.099291
-143.364000	-0.241898	938.914791
-143.312000	-0.242154	940.734738
-143.260000	-0.242410	942.564812
-143.208000	-0.242666	944.400286
-143.156000	-0.242922	946.244442
-143.104000	-0.243179	948.095049
-143.052000	-0.243436	949.953316
-143.000000	-0.243693	951.819295
-142.948000	-0.243951	953.692235
-142.896000	-0.244209	955.574166
-142.844000	-0.244467	957.462311
-142.792000	-0.244726	959.359778
-142.740000	-0.244985	961.262085
-142.688000	-0.245245	963.175414
-142.636000	-0.245504	965.092938
-142.584000	-0.245765	967.022077
-142.532000	-0.246025	968.954301
-142.480000	-0.246286	970.899577
-142.428000	-0.246546	972.847030
-142.376000	-0.246808	974.808549
-142.324000	-0.247069	976.771789
-142.272000	-0.247331	978.749002
-142.220000	-0.247594	980.728571
-142.168000	-0.247857	982.720947
-142.116000	-0.248120	984.716853
-142.064000	-0.248383	986.724396
-142.012000	-0.248647	988.736787
-141.960000	-0.248911	990.760023
-141.908000	-0.249176	992.789323
-141.856000	-0.249441	994.828278
-141.804000	-0.249706	996.874252
-141.752000	-0.249972	998.928439
-141.700000	-0.250237	1000.990984
-141.648000	-0.250503	1003.060963
-141.596000	-0.250770	1005.140653
-141.544000	-0.251037	1007.226949
-141.492000	-0.251304	1009.323705
-141.440000	-0.251571	1011.425805
-141.388000	-0.251839	1013.539795
-141.336000	-0.252108	1015.658218
-141.284000	-0.252377	1017.789201
-141.232000	-0.252645	1019.923437
-141.180000	-0.252915	1022.072207
-141.128000	-0.253185	1024.223300
-141.076000	-0.253455	1026.389047
-141.024000	-0.253725	1028.556636
-140.972000	-0.253996	1030.739662
-140.920000	-0.254267	1032.925266
-140.868000	-0.254538	1035.124551
-140.816000	-0.254810	1037.327776
-140.764000	-0.255083	1039.543847
-140.712000	-0.255355	1041.765158
-140.660000	-0.255628	1043.998020
-140.608000	-0.255901	1046.237418
-140.556000	-0.256175	1048.487090
-140.504000	-0.256449	1050.744785
-140.452000	-0.256723	1053.011830
-140.400000	-0.256998	1055.287598
-140.348000	-0.257273	1057.571005
-140.296000	-0.257548	1059.865137
-140.244000	-0.257824	1062.166475
-140.192000	-0.258100	1064.479056
-140.140000	-0.258376	1066.797287
-140.088000	-0.258653	1069.128269
-140.036000	-0.258931	1071.463911
-139.984000	-0.259209	1073.813901
-139.932000	-0.259486	1076.167487
-139.880000	-0.259764	1078.536156
-139.828000	-0.260043	1080.907160
-139.776000	-0.260323	1083.294413
-139.724000	-0.260602	1085.683653
-139.672000	-0.260882	1088.089774
-139.620000	-0.261162	1090.498690
-139.568000	-0.261442	1092.922146
-139.516000	-0.261723	1095.349949
-139.464000	-0.262005	1097.791788
-139.412000	-0.262287	1100.239249
-139.360000	-0.262568	1102.698955
-139.308000	-0.262850	1105.165662
-139.256000	-0.263133	1107.643250
-139.204000	-0.263416	1110.129635
-139.152000	-0.263700	1112.626192
-139.100000	-0.263984	1115.132356
-139.048000	-0.264268	1117.646869
-138.996000	-0.264553	1120.172809
-138.944000	-0.264838	1122.706325
-138.892000	-0.265123	1125.252204
-138.840000	-0.265409	1127.804198
-138.788000	-0.265696	1130.370190
-138.736000	-0.265982	1132.941190
-138.684000	-0.266269	1135.529186
-138.632000	-0.266556	1138.121283
-138.580000	-0.266844	1140.723848
-138.528000	-0.267132	1143.328153
-138.476000	-0.267420	1145.958459
-138.424000	-0.267709	1148.590943
-138.372000	-0.267998	1151.238746
-138.320000	-0.268288	1153.889356
-138.268000	-0.268578	1156.553988
-138.216000	-0.268868	1159.223803
-138.164000	-0.269159	1161.910491
-138.112000	-0.269449	1164.602585
-138.060000	-0.269741	1167.306100
-138.008000	-0.270033	1170.018206
-137.956000	-0.270325	1172.743796
-137.904000	-0.270618	1175.477354
-137.852000	-0.270911	1178.219834
-137.800000	-0.271204	1180.974149
-137.748000	-0.271498	1183.738774
-137.696000	-0.271792	1186.513664
-137.644000	-0.272087	1189.295204
-137.592000	-0.272382	1192.095132
-137.540000	-0.272678	1194.904045
-137.488000	-0.272973	1197.721565
-137.436000	-0.273269	1200.542168
-137.384000	-0.273566	1203.385016
-137.332000	-0.273863	1206.232989
-137.280000	-0.274160	1209.095716
-137.228000	-0.274457	1211.960605
-137.176000	-0.274756	1214.846483
-137.124000	-0.275054	1217.734386
-137.072000	-0.275353	1220.637542
-137.020000	-0.275652	1223.544961
-136.968000	-0.275952	1226.475395
-136.916000	-0.276252	1229.410002
-136.864000	-0.276553	1232.357262
-136.812000	-0.276854	1235.311495
-136.760000	-0.277155	1238.280806
-136.708000	-0.277457	1241.258791
-136.656000	-0.277759	1244.250171
-136.604000	-0.278062	1247.249581
-136.552000	-0.278365	1250.257847
-136.500000	-0.278668	1253.280739
-136.448000	-0.278972	1256.316370
-136.396000	-0.279276	1259.362320
-136.344000	-0.279581	1262.414857
-136.292000	-0.279886	1265.485879
-136.240000	-0.280191	1268.565779
-136.188000	-0.280497	1271.658243
-136.136000	-0.280803	1274.755049
-136.084000	-0.281109	1277.869869
-136.032000	-0.281416	1280.988803
-135.980000	-0.281724	1284.132012
-135.928000	-0.282032	1287.278302
-135.876000	-0.282340	1290.440525
-135.824000	-0.282648	1293.604967
-135.772000	-0.282958	1296.789501
-135.720000	-0.283267	1299.978400
-135.668000	-0.283577	1303.190200
-135.616000	-0.283887	1306.406229
-135.564000	-0.284198	1309.634837
-135.512000	-0.284509	1312.872019
-135.460000	-0.284821	1316.127892
-135.408000	-0.285133	1319.390583
-135.356000	-0.285445	1322.663276
-135.304000	-0.285758	1325.948716
-135.252000	-0.286071	1329.248737
-135.200000	-0.286385	1332.560735
-135.148000	-0.286699	1335.882871
-135.096000	-0.287013	1339.221649
-135.044000	-0.287329	1342.571124
-134.992000	-0.287644	1345.932088
-134.940000	-0.287960	1349.298449
-134.888000	-0.288276	1352.685315
-134.836000	-0.288592	1356.079013
-134.784000	-0.288909	1359.490796
-134.732000	-0.289226	1362.906599
-134.680000	-0.289545	1366.346769
-134.628000	-0.289863	1369.789903
-134.576000	-0.290182	1373.249021
-134.524000	-0.290501	1376.711038
-134.472000	-0.290820	1380.202832
-134.420000	-0.291140	1383.697610
-134.368000	-0.291461	1387.206188
-134.316000	-0.291782	1390.721329
-134.264000	-0.292104	1394.257146
-134.212000	-0.292425	1397.800083
-134.160000	-0.292747	1401.357912
-134.108000	-0.293070	1404.926503
-134.056000	-0.293393	1408.511580
-134.004000	-0.293716	1412.109489
-133.952000	-0.294040	1415.721866
-133.900000	-0.294365	1419.346277
-133.848000	-0.294690	1422.980738
-133.796000	-0.295015	1426.628763
-133.744000	-0.295341	1430.285308
-133.692000	-0.295667	1433.960509
-133.640000	-0.295994	1437.644360
-133.588000	-0.296321	1441.348801
-133.536000	-0.296648	1445.059957
-133.484000	-0.296976	1448.789262
-133.432000	-0.297304	1452.522490
-133.380000	-0.297633	1456.280176
-133.328000	-0.297962	1460.040703
-133.276000	-0.298291	1463.822440
-133.224000	-0.298621	1467.607172
-133.172000	-0.298952	1471.421534
-133.120000	-0.299283	1475.239687
-133.068000	-0.299615	1479.076028
-133.016000	-0.299947	1482.917855
-132.964000	-0.300279	1486.776175
-132.912000	-0.300612	1490.644811
-132.860000	-0.300946	1494.535562
-132.808000	-0.301279	1498.435184
-132.756000	-0.301613	1502.347922
-132.704000	-0.301948	1506.275947
-132.652000	-0.302283	1510.221180
-132.600000	-0.302618	1514.178499
-132.548000	-0.302954	1518.145778
-132.496000	-0.303291	1522.129856
-132.444000	-0.303628	1526.124405
-132.392000	-0.303965	1530.137690
-132.340000	-0.304303	1534.159509
-132.288000	-0.304641	1538.201996
-132.236000	-0.304980	1542.251079
-132.184000	-0.305319	1546.318373
-132.132000	-0.305659	1550.389490
-132.080000	-0.305999	1554.489944
-132.028000	-0.306340	1558.593542
-131.976000	-0.306681	1562.723620
-131.924000	-0.307023	1566.856365
-131.872000	-0.307364	1571.013744
-131.820000	-0.307706	1575.175759
-131.768000	-0.308050	1579.360304
-131.716000	-0.308393	1583.551581
-131.664000	-0.308737	1587.763293
-131.612000	-0.309081	1591.985423
-131.560000	-0.309426	1596.229527
-131.508000	-0.309771	1600.482555
-131.456000	-0.310117	1604.748607
-131.404000	-0.310463	1609.030040
-131.352000	-0.310809	1613.328546
-131.300000	-0.311156	1617.641987
-131.248000	-0.311504	1621.967724
-131.196000	-0.311852	1626.310331
-131.144000	-0.312201	1630.663295
-131.092000	-0.312550	1635.038675
-131.040000	-0.312900	1639.424089
-130.988000	-0.313250	1643.830250
-130.936000	-0.313600	1648.242885
-130.884000	-0.313951	1652.678205
-130.832000	-0.314302	1657.118056
-130.780000	-0.314654	1661.582530
-130.728000	-0.315007	1666.049591
-130.676000	-0.315360	1670.548440
-130.624000	-0.315713	1675.050336
-130.572000	-0.316067	1679.581565
-130.520000	-0.316421	1684.116710
-130.468000	-0.316776	1688.669838
-130.416000	-0.317131	1693.232192
-130.364000	-0.317487	1697.822897
-130.312000	-0.317843	1702.422505
-130.260000	-0.318200	1707.040333
-130.208000	-0.318557	1711.669147
-130.156000	-0.318915	1716.314105
-130.104000	-0.319273	1720.974534
-130.052000	-0.319632	1725.651900
-130.000000	-0.319991	1730.347089
-129.948000	-0.320351	1735.056869
-129.896000	-0.320711	1739.783588
-129.844000	-0.321072	1744.520547
-129.792000	-0.321433	1749.280016
-129.740000	-0.321795	1754.049377
-129.688000	-0.322157	1758.839561
-129.636000	-0.322519	1763.636097
-129.584000	-0.322883	1768.464268
-129.532000	-0.323246	1773.298423
-129.480000	-0.323611	1778.157284
-129.428000	-0.323975	1783.018712
-129.376000	-0.324340	1787.911818
-129.324000	-0.324706	1792.807633
-129.272000	-0.325072	1797.727822
-129.220000	-0.325438	1802.654461
-129.168000	-0.325806	1807.612185
-129.116000	-0.326174	1812.576798
-129.064000	-0.326542	1817.561598
-129.012000	-0.326911	1822.558642
-128.960000	-0.327280	1827.580975
-128.908000	-0.327650	1832.614365
-128.856000	-0.328020	1837.663782
-128.804000	-0.328391	1842.728759
-128.752000	-0.328762	1847.810541
-128.700000	-0.329134	1852.910229
-128.648000	-0.329506	1858.024370
-128.596000	-0.329879	1863.162015
-128.544000	-0.330252	1868.313742
-128.492000	-0.330626	1873.484420
-128.440000	-0.331001	1878.663273
-128.388000	-0.331375	1883.867077
-128.336000	-0.331751	1889.078278
-128.284000	-0.332126	1894.321241
-128.232000	-0.332502	1899.570017
-128.180000	-0.332879	1904.843577
-128.128000	-0.333257	1910.119741
-128.076000	-0.333635	1915.432616
-128.024000	-0.334014	1920.748727
-127.972000	-0.334393	1926.093866
-127.920000	-0.334773	1931.444731
-127.868000	-0.335153	1936.822133
-127.816000	-0.335533	1942.207750
-127.764000	-0.335914	1947.617407
-127.712000	-0.336296	1953.039423
-127.660000	-0.336678	1958.486568
-127.608000	-0.337061	1963.946896
-127.556000	-0.337444	1969.426305
-127.504000	-0.337827	1974.923817
-127.452000	-0.338212	1980.440766
-127.400000	-0.338597	1985.972841
-127.348000	-0.338982	1991.516875
-127.296000	-0.339368	1997.084522
-127.244000	-0.339754	2002.666090
-127.192000	-0.340141	2008.274025
-127.140000	-0.340529	2013.893122
-127.088000	-0.340917	2019.537264
-127.036000	-0.341306	2025.188656
-126.984000	-0.341695	2030.871930
-126.932000	-0.342085	2036.560845
-126.880000	-0.342475	2042.279513
-126.828000	-0.342865	2048.001087
-126.776000	-0.343257	2053.754028
-126.724000	-0.343648	2059.511241
-126.672000	-0.344041	2065.306854
-126.620000	-0.344434	2071.107424
-126.568000	-0.344828	2076.930021
-126.516000	-0.345222	2082.763475
-126.464000	-0.345617	2088.628739
-126.412000	-0.346011	2094.504800
-126.360000	-0.346407	2100.402275
-126.308000	-0.346803	2106.315101
-126.256000	-0.347200	2112.250023
-126.204000	-0.347597	2118.200665
-126.152000	-0.347995	2124.167847
-126.100000	-0.348394	2130.155995
-126.048000	-0.348793	2136.160666
-125.996000	-0.349192	2142.189059
-125.944000	-0.349593	2148.231210
-125.892000	-0.349994	2154.299844
-125.840000	-0.350395	2160.379477
-125.788000	-0.350797	2166.488348
-125.736000	-0.351199	2172.605452
-125.684000	-0.351602	2178.754559
-125.632000	-0.352005	2184.909135
-125.580000	-0.352409	2191.093564
-125.528000	-0.352814	2197.280959
-125.476000	-0.353219	2203.504711
-125.424000	-0.353625	2209.732881
-125.372000	-0.354031	2215.999260
-125.320000	-0.354437	2222.271566
-125.268000	-0.354845	2228.570108
-125.216000	-0.355253	2234.878354
-125.164000	-0.355662	2241.214287
-125.112000	-0.356071	2247.564506
-125.060000	-0.356481	2253.943055
-125.008000	-0.356892	2260.334965
-124.956000	-0.357302	2266.745691
-124.904000	-0.357714	2273.177232
-124.852000	-0.358126	2279.630625
-124.800000	-0.358538	2286.102178
-124.748000	-0.358952	2292.587778
-124.696000	-0.359365	2299.100525
-124.644000	-0.359779	2305.628786
-124.592000	-0.360194	2312.183642
-124.540000	-0.360610	2318.749329
-124.488000	-0.361026	2325.344374
-124.436000	-0.361443	2331.947484
-124.384000	-0.361860	2338.587243
-124.332000	-0.362278	2345.233000
-124.280000	-0.362697	2351.908714
-124.228000	-0.363116	2358.587497
-124.176000	-0.363536	2365.307586
-124.124000	-0.363955	2372.031732
-124.072000	-0.364377	2378.789170
-124.020000	-0.364798	2385.554459
-123.968000	-0.365220	2392.354474
-123.916000	-0.365642	2399.164310
-123.864000	-0.366065	2406.001666
-123.812000	-0.366489	2412.851724
-123.760000	-0.366913	2419.726426
-123.708000	-0.367338	2426.618824
-123.656000	-0.367764	2433.536106
-123.604000	-0.368191	2440.471804
-123.552000	-0.368617	2447.426480
-123.500000	-0.369044	2454.402334
-123.448000	-0.369472	2461.394394
-123.396000	-0.369901	2468.413734
-123.344000	-0.370330	2475.448404
-123.292000	-0.370760	2482.513524
-123.240000	-0.371190	2489.590799
-123.188000	-0.371622	2496.697552
-123.136000	-0.372053	2503.812199
-123.084000	-0.372486	2510.963639
-123.032000	-0.372919	2518.120884
-122.980000	-0.373352	2525.313144
-122.928000	-0.373786	2532.508770
-122.876000	-0.374221	2539.745504
-122.824000	-0.374656	2546.986420
-122.772000	-0.375092	2554.260459
-122.720000	-0.375528	2561.542494
-122.668000	-0.375965	2568.859059
-122.616000	-0.376403	2576.186904
-122.564000	-0.376842	2583.545996
-122.512000	-0.377281	2590.919647
-122.460000	-0.377721	2598.321265
-122.408000	-0.378161	2605.738568
-122.356000	-0.378602	2613.177501
-122.304000	-0.379043	2620.637502
-122.252000	-0.379485	2628.119002
-122.200000	-0.379928	2635.621791
-122.148000	-0.380371	2643.140630
-122.096000	-0.380815	2650.690239
-122.044000	-0.381260	2658.256864
-121.992000	-0.381705	2665.850318
-121.940000	-0.382151	2673.454274
-121.888000	-0.382598	2681.091993
-121.836000	-0.383045	2688.738503
-121.784000	-0.383493	2696.421949
-121.732000	-0.383941	2704.111007
-121.680000	-0.384390	2711.840180
-121.628000	-0.384839	2719.572976
-121.576000	-0.385290	2727.346678
-121.524000	-0.385741	2735.124689
-121.472000	-0.386193	2742.935655
-121.420000	-0.386645	2750.755719
-121.368000	-0.387098	2758.614395
-121.316000	-0.387551	2766.483132
-121.264000	-0.388006	2774.379061
-121.212000	-0.388461	2782.291454
-121.160000	-0.388916	2790.235098
-121.108000	-0.389372	2798.194540
-121.056000	-0.389829	2806.175452
-121.004000	-0.390286	2814.177562
-120.952000	-0.390745	2822.200995
-120.900000	-0.391204	2830.251779
-120.848000	-0.391663	2838.322958
-120.796000	-0.392123	2846.418311
-120.744000	-0.392584	2854.526779
-120.692000	-0.393045	2862.669758
-120.640000	-0.393507	2870.825963
-120.588000	-0.393970	2879.011888
-120.536000	-0.394433	2887.205374
-120.484000	-0.394898	2895.440534
-120.432000	-0.395362	2903.681749
-120.380000	-0.395828	2911.963228
-120.328000	-0.396294	2920.248307
-120.276000	-0.396760	2928.574104
-120.224000	-0.397227	2936.904911
-120.172000	-0.397695	2945.273151
-120.120000	-0.398164	2953.649679
-120.068000	-0.398634	2962.060361
-120.016000	-0.399104	2970.482606
-119.964000	-0.399575	2978.935729
-119.912000	-0.400046	2987.403690
-119.860000	-0.400518	2995.899256
-119.808000	-0.400991	3004.415113
-119.756000	-0.401464	3012.958361
-119.704000	-0.401938	3021.522941
-119.652000	-0.402413	3030.108668
-119.600000	-0.402888	3038.715908
-119.548000	-0.403364	3047.338880
-119.496000	-0.403841	3055.996343
-119.444000	-0.404319	3064.672239
-119.392000	-0.404797	3073.375202
-119.340000	-0.405276	3082.088338
-119.288000	-0.405756	3090.839735
-119.236000	-0.406236	3099.600564
-119.184000	-0.406717	3108.394012
-119.132000	-0.407198	3117.192072
-119.080000	-0.407680	3126.035563
-119.028000	-0.408163	3134.883037
-118.976000	-0.408647	3143.776065
-118.924000	-0.409132	3152.673657
-118.872000	-0.409617	3161.603867
-118.820000	-0.410102	3170.543510
-118.768000	-0.410589	3179.521348
-118.716000	-0.411076	3188.510894
-118.664000	-0.411564	3197.531130
-118.612000	-0.412053	3206.568154
-118.560000	-0.412542	3215.636019
-118.508000	-0.413032	3224.719914
-118.456000	-0.413523	3233.824970
-118.404000	-0.414015	3242.954107
-118.352000	-0.414506	3252.106827
-118.300000	-0.414999	3261.287213
-118.248000	-0.415492	3270.487590
-118.196000	-0.415987	3279.712376
-118.144000	-0.416482	3288.949953
-118.092000	-0.416978	3298.222370
-118.040000	-0.417474	3307.507599
-117.988000	-0.417972	3316.827026
-117.936000	-0.418469	3326.154678
-117.884000	-0.418968	3335.524347
-117.832000	-0.419466	3344.899645
-117.780000	-0.419967	3354.310470
-117.728000	-0.420468	3363.724877
-117.676000	-0.420969	3373.184629
-117.624000	-0.421471	3382.650311
-117.572000	-0.421975	3392.157656
-117.520000	-0.422478	3401.672563
-117.468000	-0.422982	3411.217047
-117.416000	-0.423487	3420.774809
-117.364000	-0.423993	3430.366881
-117.312000	-0.424499	3439.974076
-117.260000	-0.425007	3449.608511
-117.208000	-0.425515	3459.263561
-117.156000	-0.426023	3468.945605
-117.104000	-0.426533	3478.649251
-117.052000	-0.427043	3488.373689
-117.000000	-0.427554	3498.122914
-116.948000	-0.428066	3507.889742
-116.896000	-0.428578	3517.684543
-116.844000	-0.429091	3527.493759
-116.792000	-0.429605	3537.337983
-116.740000	-0.430120	3547.194813
-116.688000	-0.430635	3557.081736
-116.636000	-0.431151	3566.975719
-116.584000	-0.431668	3576.911891
-116.532000	-0.432186	3586.853479
-116.480000	-0.432705	3596.840848
-116.428000	-0.433224	3606.831688
-116.376000	-0.433744	3616.857676
-116.324000	-0.434264	3626.889769
-116.272000	-0.434786	3636.963312
-116.220000	-0.435308	3647.045588
-116.168000	-0.435832	3657.161461
-116.116000	-0.436355	3667.289335
-116.064000	-0.436879	3677.447536
-116.012000	-0.437404	3687.622854
-115.960000	-0.437930	3697.828607
-115.908000	-0.438457	3708.050629
-115.856000	-0.438985	3718.293501
-115.804000	-0.439513	3728.560771
-115.752000	-0.440042	3738.851224
-115.700000	-0.440572	3749.166607
-115.648000	-0.441103	3759.499415
-115.596000	-0.441634	3769.860340
-115.544000	-0.442166	3780.235498
-115.492000	-0.442699	3790.641962
-115.440000	-0.443233	3801.059466
-115.388000	-0.443768	3811.511469
-115.336000	-0.444302	3821.971319
-115.284000	-0.444839	3832.468854
-115.232000	-0.445376	3842.971043
-115.180000	-0.445913	3853.514110
-115.128000	-0.446451	3864.060699
-115.076000	-0.446991	3874.647236
-115.024000	-0.447530	3885.239390
-114.972000	-0.448072	3895.868219
-114.920000	-0.448613	3906.506997
-114.868000	-0.449156	3917.183351
-114.816000	-0.449699	3927.870384
-114.764000	-0.450243	3938.583801
-114.712000	-0.450787	3949.312631
-114.660000	-0.451333	3960.068342
-114.608000	-0.451879	3970.842719
-114.556000	-0.452426	3981.640741
-114.504000	-0.452974	3992.460644
-114.452000	-0.453523	4003.300986
-114.400000	-0.454073	4014.163318
-114.348000	-0.454623	4025.040752
-114.296000	-0.455174	4035.949936
-114.244000	-0.455726	4046.874909
-114.192000	-0.456279	4057.827446
-114.140000	-0.456832	4068.789503
-114.088000	-0.457387	4079.786208
-114.036000	-0.457942	4090.790574
-113.984000	-0.458498	4101.832781
-113.932000	-0.459055	4112.879452
-113.880000	-0.459613	4123.962057
-113.828000	-0.460170	4135.048041
-113.776000	-0.460730	4146.173781
-113.724000	-0.461290	4157.305293
-113.672000	-0.461851	4168.473297
-113.620000	-0.462413	4179.649249
-113.568000	-0.462976	4190.854287
-113.516000	-0.463539	4202.071624
-113.464000	-0.464104	4213.318922
-113.412000	-0.464668	4224.579886
-113.360000	-0.465235	4235.864219
-113.308000	-0.465801	4247.167363
-113.256000	-0.466369	4258.493976
-113.204000	-0.466937	4269.839910
-113.152000	-0.467506	4281.203582
-113.100000	-0.468076	4292.592471
-113.048000	-0.468647	4303.998426
-112.996000	-0.469219	4315.429283
-112.944000	-0.469791	4326.872292
-112.892000	-0.470365	4338.342994
-112.840000	-0.470939	4349.823053
-112.788000	-0.471514	4361.333595
-112.736000	-0.472090	4372.850700
-112.684000	-0.472667	4384.405804
-112.632000	-0.473244	4395.965185
-112.580000	-0.473823	4407.560631
-112.528000	-0.474402	4419.159160
-112.476000	-0.474983	4430.792333
-112.424000	-0.475563	4442.430729
-112.372000	-0.476146	4454.100908
-112.320000	-0.476728	4465.779168
-112.268000	-0.477312	4477.486352
-112.216000	-0.477896	4489.202961
-112.164000	-0.478482	4500.941918
-112.112000	-0.479069	4512.696584
-112.060000	-0.479656	4524.477777
-112.008000	-0.480243	4536.275607
-111.956000	-0.480832	4548.093819
-111.904000	-0.481422	4559.928753
-111.852000	-0.482013	4571.778766
-111.800000	-0.482604	4583.651016
-111.748000	-0.483196	4595.538053
-111.696000	-0.483790	4607.450120
-111.644000	-0.484384	4619.374177
-111.592000	-0.484979	4631.326059
-111.540000	-0.485575	4643.287139
-111.488000	-0.486171	4655.274494
-111.436000	-0.486769	4667.267362
-111.384000	-0.487368	4679.288897
-111.332000	-0.487967	4691.313552
-111.280000	-0.488567	4703.374409
-111.228000	-0.489169	4715.438011
-111.176000	-0.489771	4727.531187
-111.124000	-0.490374	4739.629721
-111.072000	-0.490978	4751.759876
-111.020000	-0.491583	4763.897114
-110.968000	-0.492189	4776.059018
-110.916000	-0.492795	4788.230455
-110.864000	-0.493403	4800.424105
-110.812000	-0.494011	4812.629737
-110.760000	-0.494620	4824.855137
-110.708000	-0.495230	4837.094960
-110.656000	-0.495842	4849.352126
-110.604000	-0.496453	4861.626119
-110.552000	-0.497066	4873.915056
-110.500000	-0.497679	4886.223208
-110.448000	-0.498294	4898.543911
-110.396000	-0.498910	4910.882667
-110.344000	-0.499527	4923.229906
-110.292000	-0.500145	4935.605100
-110.240000	-0.500763	4947.989331
-110.188000	-0.501383	4960.395590
-110.136000	-0.502003	4972.806354
-110.084000	-0.502624	4985.245900
-110.032000	-0.503245	4997.688423
-109.980000	-0.503869	5010.156950
-109.928000	-0.504492	5022.627723
-109.876000	-0.505117	5035.123045
-109.824000	-0.505742	5047.623113
-109.772000	-0.506370	5060.150157
-109.720000	-0.506997	5072.683243
-109.668000	-0.507627	5085.236781
-109.616000	-0.508256	5097.799962
-109.564000	-0.508887	5110.385225
-109.512000	-0.509517	5122.978657
-109.460000	-0.510150	5135.585186
-109.408000	-0.510783	5148.206244
-109.356000	-0.511418	5160.844512
-109.304000	-0.512053	5173.494175
-109.252000	-0.512689	5186.153731
-109.200000	-0.513326	5198.829438
-109.148000	-0.513965	5211.515504
-109.096000	-0.514604	5224.219713
-109.044000	-0.515244	5236.932291
-108.992000	-0.515885	5249.664999
-108.940000	-0.516527	5262.404083
-108.888000	-0.517170	5275.160907
-108.836000	-0.517813	5287.921271
-108.784000	-0.518458	5300.700958
-108.732000	-0.519104	5313.482597
-108.680000	-0.519751	5326.290339
-108.628000	-0.520398	5339.100313
-108.576000	-0.521047	5351.934713
-108.524000	-0.521696	5364.771663
-108.472000	-0.522347	5377.622082
-108.420000	-0.522998	5390.477460
-108.368000	-0.523651	5403.349120
-108.316000	-0.524304	5416.228958
-108.264000	-0.524959	5429.127086
-108.212000	-0.525614	5442.031470
-108.160000	-0.526271	5454.945615
-108.108000	-0.526928	5467.869628
-108.056000	-0.527587	5480.805032
-108.004000	-0.528246	5493.751896
-107.952000	-0.528907	5506.708561
-107.900000	-0.529569	5519.675081
-107.848000	-0.530231	5532.647779
-107.796000	-0.530894	5545.635110
-107.744000	-0.531559	5558.629064
-107.692000	-0.532224	5571.635240
-107.640000	-0.532890	5584.645224
-107.588000	-0.533558	5597.673014
-107.536000	-0.534227	5610.704246
-107.484000	-0.534896	5623.745262
-107.432000	-0.535566	5636.787292
-107.380000	-0.536238	5649.850310
-107.328000	-0.536910	5662.914367
-107.276000	-0.537584	5675.988212
-107.224000	-0.538258	5689.064658
-107.172000	-0.538934	5702.154497
-107.120000	-0.539610	5715.248173
-107.068000	-0.540288	5728.354004
-107.016000	-0.540966	5741.464905
-106.964000	-0.541646	5754.586730
-106.912000	-0.542326	5767.712851
-106.860000	-0.543008	5780.845438
-106.808000	-0.543691	5793.983144
-106.756000	-0.544375	5807.126515
-106.704000	-0.545059	5820.278600
-106.652000	-0.545745	5833.437980
-106.600000	-0.546432	5846.604044
-106.548000	-0.547120	5859.774203
-106.496000	-0.547809	5872.948211
-106.444000	-0.548498	5886.123923
-106.392000	-0.549189	5899.311903
-106.340000	-0.549881	5912.503616
-106.288000	-0.550575	5925.699933
-106.236000	-0.551268	5938.897195
-106.184000	-0.551964	5952.104268
-106.132000	-0.552659	5965.312313
-106.080000	-0.553357	5978.530928
-106.028000	-0.554055	5991.750142
-105.976000	-0.554755	6004.974275
-105.924000	-0.555455	6018.199433
-105.872000	-0.556157	6031.429082
-105.820000	-0.556859	6044.660182
-105.768000	-0.557563	6057.895347
-105.716000	-0.558268	6071.134008
-105.664000	-0.558974	6084.379916
-105.612000	-0.559680	6097.626096
-105.560000	-0.560388	6110.872295
-105.508000	-0.561097	6124.121207
-105.456000	-0.561807	6137.372936
-105.404000	-0.562518	6150.627760
-105.352000	-0.563230	6163.885024
-105.300000	-0.563943	6177.142522
-105.248000	-0.564658	6190.400086
-105.196000	-0.565373	6203.657862
-105.144000	-0.566090	6216.915729
-105.092000	-0.566807	6230.177825
-105.040000	-0.567526	6243.441216
-104.988000	-0.568246	6256.704770
-104.936000	-0.568967	6269.968458
-104.884000	-0.569689	6283.227436
-104.832000	-0.570412	6296.486222
-104.780000	-0.571136	6309.750322
-104.728000	-0.571861	6323.014167
-104.676000	-0.572588	6336.273312
-104.624000	-0.573315	6349.532656
-104.572000	-0.574044	6362.792068
-104.520000	-0.574773	6376.051699
-104.468000	-0.575505	6389.311380
-104.416000	-0.576236	6402.568012
-104.364000	-0.576970	6415.817506
-104.312000	-0.577704	6429.067255
-104.260000	-0.578439	6442.317019
-104.208000	-0.579175	6455.564597
-104.156000	-0.579913	6468.809419
-104.104000	-0.580652	6482.051627
-104.052000	-0.581392	6495.291501
-104.000000	-0.582133	6508.525080
-103.948000	-0.582874	6521.754785
-103.896000	-0.583618	6534.981022
-103.844000	-0.584362	6548.205777
-103.792000	-0.585107	6561.426641
-103.740000	-0.585853	6574.646449
-103.688000	-0.586601	6587.857468
-103.636000	-0.587350	6601.067096
-103.584000	-0.588100	6614.267104
-103.532000	-0.588852	6627.466450
-103.480000	-0.589604	6640.655551
-103.428000	-0.590357	6653.843911
-103.376000	-0.591112	6667.022807
-103.324000	-0.591867	6680.200174
-103.272000	-0.592625	6693.368865
-103.220000	-0.593383	6706.533979
-103.168000	-0.594142	6719.687238
-103.116000	-0.594902	6732.837391
-103.064000	-0.595664	6745.980446
-103.012000	-0.596426	6759.117533
-102.960000	-0.597190	6772.245155
-102.908000	-0.597955	6785.368079
-102.856000	-0.598721	6798.485512
-102.804000	-0.599489	6811.591663
-102.752000	-0.600258	6824.688448
-102.700000	-0.601028	6837.775598
-102.648000	-0.601798	6850.856966
-102.596000	-0.602570	6863.931146
-102.544000	-0.603343	6877.002318
-102.492000	-0.604118	6890.053211
-102.440000	-0.604894	6903.098502
-102.388000	-0.605671	6916.134951
-102.336000	-0.606449	6929.170046
-102.284000	-0.607228	6942.180784
-102.232000	-0.608008	6955.189784
-102.180000	-0.608790	6968.183412
-102.128000	-0.609573	6981.175296
-102.076000	-0.610358	6994.148249
-102.024000	-0.611142	7007.117861
-101.972000	-0.611929	7020.070138
-101.920000	-0.612716	7033.016194
-101.868000	-0.613505	7045.942564
-101.816000	-0.614295	7058.862398
-101.764000	-0.615086	7071.768093
-101.712000	-0.615878	7084.665648
-101.660000	-0.616673	7097.550666
-101.608000	-0.617467	7110.420947
-101.556000	-0.618264	7123.274846
-101.504000	-0.619062	7136.120259
-101.452000	-0.619860	7148.958722
-101.400000	-0.620660	7161.777562
-101.348000	-0.621461	7174.584905
-101.296000	-0.622263	7187.373887
-101.244000	-0.623067	7200.155334
-101.192000	-0.623872	7212.912273
-101.140000	-0.624677	7225.662598
-101.088000	-0.625485	7238.394996
-101.036000	-0.626293	7251.124649
-100.984000	-0.627103	7263.824908
-100.932000	-0.627914	7276.522873
-100.880000	-0.628726	7289.190123
-100.828000	-0.629539	7301.854539
-100.776000	-0.630355	7314.490641
-100.724000	-0.631170	7327.121503
-100.672000	-0.631988	7339.726456
-100.620000	-0.632806	7352.325067
-100.568000	-0.633627	7364.904101
-100.516000	-0.634447	7377.471372
-100.464000	-0.635270	7390.014028
-100.412000	-0.636093	7402.542108
-100.360000	-0.636918	7415.048393
-100.308000	-0.637744	7427.539795
-100.256000	-0.638572	7440.014944
-100.204000	-0.639400	7452.472767
-100.152000	-0.640230	7464.916779
-100.100000	-0.641062	7477.334375
-100.048000	-0.641894	7489.736793
-99.996000	-0.642728	7502.117003
-99.944000	-0.643563	7514.488283
-99.892000	-0.644400	7526.826651
-99.840000	-0.645237	7539.156335
-99.788000	-0.646076	7551.458926
-99.736000	-0.646916	7563.757468
-99.684000	-0.647759	7576.016598
-99.632000	-0.648601	7588.272620
-99.580000	-0.649446	7600.487824
-99.528000	-0.650291	7612.699534
-99.476000	-0.651139	7624.878349
-99.424000	-0.651986	7637.049939
-99.372000	-0.652836	7649.187221
-99.320000	-0.653686	7661.315463
-99.268000	-0.654539	7673.416427
-99.216000	-0.655392	7685.502005
-99.164000	-0.656247	7697.556123
-99.112000	-0.657103	7709.593366
-99.060000	-0.657961	7721.605869
-99.008000	-0.658820	7733.598268
-98.956000	-0.659679	7745.569168
-98.904000	-0.660541	7757.513772
-98.852000	-0.661404	7769.437833
-98.800000	-0.662268	7781.335295
-98.748000	-0.663133	7793.217751
-98.696000	-0.664000	7805.066606
-98.644000	-0.664868	7816.902222
-98.592000	-0.665738	7828.700589
-98.540000	-0.666608	7840.489368
-98.488000	-0.667481	7852.241801
-98.436000	-0.668354	7863.988965
-98.384000	-0.669229	7875.686618
-98.332000	-0.670105	7887.380485
-98.280000	-0.670983	7899.028610
-98.228000	-0.671861	7910.672001
-98.176000	-0.672742	7922.273264
-98.124000	-0.673624	7933.866174
-98.072000	-0.674507	7945.420581
-98.020000	-0.675391	7956.961665
-97.968000	-0.676278	7968.463981
-97.916000	-0.677165	7979.948951
-97.864000	-0.678054	7991.399180
-97.812000	-0.678944	8002.828036
-97.760000	-0.679835	8014.226184
-97.708000	-0.680727	8025.601479
-97.656000	-0.681622	8036.952777
-97.604000	-0.682517	8048.274607
-97.552000	-0.683414	8059.573828
-97.500000	-0.684313	8070.836160
-97.448000	-0.685212	8082.078075
-97.396000	-0.686114	8093.282413
-97.344000	-0.687016	8104.472247
-97.292000	-0.687921	8115.620451
-97.240000	-0.688825	8126.758207
-97.188000	-0.689733	8137.845698
-97.136000	-0.690641	8148.926142
-97.084000	-0.691551	8159.956848
-97.032000	-0.692461	8170.983465
-96.980000	-0.693374	8181.954393
-96.928000	-0.694287	8192.919820
-96.876000	-0.695203	8203.838648
-96.824000	-0.696119	8214.746019
-96.772000	-0.697038	8225.602290
-96.720000	-0.697957	8236.445012
-96.668000	-0.698879	8247.249182
-96.616000	-0.699801	8258.032231
-96.564000	-0.700725	8268.773847
-96.512000	-0.701650	8279.493859
-96.460000	-0.702578	8290.183376
-96.408000	-0.703506	8300.842089
-96.356000	-0.704436	8311.469063
-96.304000	-0.705367	8322.060370
-96.252000	-0.706300	8332.624799
-96.200000	-0.707234	8343.152087
-96.148000	-0.708169	8353.659194
-96.096000	-0.709107	8364.124705
-96.044000	-0.710045	8374.574493
-95.992000	-0.710985	8384.974029
-95.940000	-0.711927	8395.361265
-95.888000	-0.712870	8405.693391
-95.836000	-0.713814	8416.018078
-95.784000	-0.714761	8426.282794
-95.732000	-0.715707	8436.542947
-95.680000	-0.716657	8446.747642
-95.628000	-0.717606	8456.944858
-95.576000	-0.718559	8467.081759
-95.524000	-0.719511	8477.206933
-95.472000	-0.720467	8487.281265
-95.420000	-0.721423	8497.339037
-95.368000	-0.722381	8507.350801
-95.316000	-0.723340	8517.341172
-95.264000	-0.724301	8527.290367
-95.212000	-0.725263	8537.213332
-95.160000	-0.726228	8547.099963
-95.108000	-0.727193	8556.952912
-95.056000	-0.728160	8566.771759
-95.004000	-0.729129	8576.554666
-94.952000	-0.730099	8586.310953
-94.900000	-0.731070	8596.023030
-94.848000	-0.732043	8605.711531
-94.796000	-0.733018	8615.350557
-94.744000	-0.733994	8624.971268
-94.692000	-0.734972	8634.541460
-94.640000	-0.735950	8644.099611
-94.588000	-0.736931	8653.597757
-94.536000	-0.737914	8663.088113
-94.484000	-0.738898	8672.518231
-94.432000	-0.739883	8681.943195
-94.380000	-0.740870	8691.297862
-94.328000	-0.741858	8700.645367
-94.276000	-0.742849	8709.937451
-94.224000	-0.743840	8719.215521
-94.172000	-0.744834	8728.434572
-94.120000	-0.745828	8737.636795
-94.068000	-0.746825	8746.793266
-94.016000	-0.747822	8755.924438
-93.964000	-0.748821	8765.007877
-93.912000	-0.749822	8774.062592
-93.860000	-0.750825	8783.078225
-93.808000	-0.751829	8792.062508
-93.756000	-0.752835	8801.015574
-93.704000	-0.753842	8809.923342
-93.652000	-0.754851	8818.798153
-93.600000	-0.755861	8827.631894
-93.548000	-0.756873	8836.444133
-93.496000	-0.757887	8845.202768
-93.444000	-0.758902	8853.941979
-93.392000	-0.759920	8862.626159
-93.340000	-0.760938	8871.297568
-93.288000	-0.761959	8879.904039
-93.236000	-0.762980	8888.502418
-93.184000	-0.764004	8897.035240
-93.132000	-0.765029	8905.562903
-93.080000	-0.766056	8914.025573
-93.028000	-0.767083	8922.479557
-92.976000	-0.768114	8930.869179
-92.924000	-0.769145	8939.244474
-92.872000	-0.770178	8947.561053
-92.820000	-0.771212	8955.859098
-92.768000	-0.772249	8964.107856
-92.716000	-0.773287	8972.331002
-92.664000	-0.774327	8980.506715
-92.612000	-0.775368	8988.653412
-92.560000	-0.776412	8996.761312
-92.508000	-0.777456	9004.832296
-92.456000	-0.778503	9012.867160
-92.404000	-0.779551	9020.859441
-92.352000	-0.780600	9028.821268
-92.300000	-0.781652	9036.738299
-92.248000	-0.782704	9044.632315
-92.196000	-0.783759	9052.472415
-92.144000	-0.784815	9060.293392
-92.092000	-0.785873	9068.054787
-92.040000	-0.786932	9075.802724
-91.988000	-0.787994	9083.485411
-91.936000	-0.789057	9091.160305
-91.884000	-0.790122	9098.769354
-91.832000	-0.791188	9106.372993
-91.780000	-0.792257	9113.906933
-91.728000	-0.793326	9121.431877
-91.676000	-0.794398	9128.892762
-91.624000	-0.795470	9136.340062
-91.572000	-0.796546	9143.733117
-91.520000	-0.797622	9151.105890
-91.468000	-0.798700	9158.425892
-91.416000	-0.799780	9165.718107
-91.364000	-0.800862	9172.959823
-91.312000	-0.801946	9180.174495
-91.260000	-0.803031	9187.353619
-91.208000	-0.804117	9194.492841
-91.156000	-0.805206	9201.593688
-91.104000	-0.806296	9208.654710
-91.052000	-0.807388	9215.687737
-91.000000	-0.808482	9222.672200
-90.948000	-0.809578	9229.632176
-90.896000	-0.810676	9236.537924
-90.844000	-0.811774	9243.424851
-90.792000	-0.812875	9250.251884
-90.740000	-0.813977	9257.065762
-90.688000	-0.815082	9263.818766
-90.636000	-0.816188	9270.564817
-90.584000	-0.817296	9277.239645
-90.532000	-0.818404	9283.909168
-90.480000	-0.819517	9290.514249
-90.428000	-0.820629	9297.110024
-90.376000	-0.821745	9303.642038
-90.324000	-0.822861	9310.159104
-90.272000	-0.823980	9316.618055
-90.220000	-0.825100	9323.056413
-90.168000	-0.826222	9329.442299
-90.116000	-0.827346	9335.803830
-90.064000	-0.828472	9342.121876
-90.012000	-0.829599	9348.410323
-89.960000	-0.830728	9354.660541
-89.908000	-0.831859	9360.873212
-89.856000	-0.832992	9367.050368
-89.804000	-0.834127	9373.184315
-89.752000	-0.835264	9379.288415
-89.700000	-0.836402	9385.347138
-89.648000	-0.837541	9391.383408
-89.596000	-0.838683	9397.369037
-89.544000	-0.839827	9403.337470
-89.492000	-0.840973	9409.245700
-89.440000	-0.842120	9415.141075
-89.388000	-0.843270	9420.975288
-89.336000	-0.844420	9426.802828
-89.284000	-0.845574	9432.563946
-89.232000	-0.846728	9438.319601
-89.180000	-0.847885	9444.006157
-89.128000	-0.849042	9449.683791
-89.076000	-0.850203	9455.302500
-89.024000	-0.851365	9460.907047
-88.972000	-0.852529	9466.457909
-88.920000	-0.853694	9471.989367
-88.868000	-0.854863	9477.472381
-88.816000	-0.856032	9482.930750
-88.764000	-0.857204	9488.345918
-88.712000	-0.858377	9493.728887
-88.660000	-0.859553	9499.070986
-88.608000	-0.860730	9504.380651
-88.556000	-0.861909	9509.660137
-88.504000	-0.863090	9514.899217
-88.452000	-0.864272	9520.110866
-88.400000	-0.865457	9525.276845
-88.348000	-0.866643	9530.420650
-88.296000	-0.867832	9535.513526
-88.244000	-0.869022	9540.589489
-88.192000	-0.870215	9545.613591
-88.140000	-0.871408	9550.626941
-88.088000	-0.872605	9555.578840
-88.036000	-0.873803	9560.524344
-87.984000	-0.875003	9565.403139
-87.932000	-0.876204	9570.277067
-87.880000	-0.877409	9575.092030
-87.828000	-0.878613	9579.897783
-87.776000	-0.879822	9584.644889
-87.724000	-0.881030	9589.377543
-87.672000	-0.882243	9594.056794
-87.620000	-0.883455	9598.719396
-87.568000	-0.884672	9603.341245
-87.516000	-0.885889	9607.938158
-87.464000	-0.887109	9612.492154
-87.412000	-0.888329	9617.018299
-87.360000	-0.889553	9621.509671
-87.308000	-0.890778	9625.968340
-87.256000	-0.892006	9630.397091
-87.204000	-0.893235	9634.785145
-87.152000	-0.894466	9639.146048
-87.100000	-0.895699	9643.468076
-87.048000	-0.896933	9647.771584
-86.996000	-0.898171	9652.027818
-86.944000	-0.899410	9656.268702
-86.892000	-0.900651	9660.457456
-86.840000	-0.901894	9664.635716
-86.788000	-0.903139	9668.756992
-86.736000	-0.904385	9672.872628
-86.684000	-0.905635	9676.926422
-86.632000	-0.906885	9680.975770
-86.580000	-0.908139	9684.971304
-86.528000	-0.909393	9688.958813
-86.476000	-0.910651	9692.896937
-86.424000	-0.911910	9696.821461
-86.372000	-0.913172	9700.696951
-86.320000	-0.914434	9704.554002
-86.268000	-0.915700	9708.366854
-86.216000	-0.916967	9712.160324
-86.164000	-0.918237	9715.920997
-86.112000	-0.919508	9719.653551
-86.060000	-0.920781	9723.351595
-86.008000	-0.922056	9727.019421
-85.956000	-0.923334	9730.660061
-85.904000	-0.924613	9734.266032
-85.852000	-0.925895	9737.849268
-85.800000	-0.927179	9741.393384
-85.748000	-0.928464	9744.919219
-85.696000	-0.929752	9748.401480
-85.644000	-0.931042	9751.869909
-85.592000	-0.932334	9755.290312
-85.540000	-0.933628	9758.701336
-85.488000	-0.934925	9762.064658
-85.436000	-0.936222	9765.423505
-85.384000	-0.937523	9768.725423
-85.332000	-0.938825	9772.023317
-85.280000	-0.940130	9775.272505
-85.228000	-0.941436	9778.514181
-85.176000	-0.942746	9781.711181
-85.124000	-0.944055	9784.895477
-85.072000	-0.945369	9788.035060
-85.020000	-0.946683	9791.159071
-84.968000	-0.948001	9794.246465
-84.916000	-0.949320	9797.314254
-84.864000	-0.950642	9800.349460
-84.812000	-0.951965	9803.358652
-84.760000	-0.953292	9806.336447
-84.708000	-0.954619	9809.289334
-84.656000	-0.955949	9812.220176
-84.604000	-0.957281	9815.119283
-84.552000	-0.958616	9817.997938
-84.500000	-0.959952	9820.844398
-84.448000	-0.961290	9823.676100
-84.396000	-0.962631	9826.463982
-84.344000	-0.963974	9829.238269
-84.292000	-0.965320	9831.977465
-84.240000	-0.966666	9834.710024
-84.188000	-0.968017	9837.394656
-84.136000	-0.969368	9840.075027
-84.084000	-0.970722	9842.703428
-84.032000	-0.972077	9845.328227
-83.980000	-0.973437	9847.909383
-83.928000	-0.974796	9850.483587
-83.876000	-0.976160	9853.017776
-83.824000	-0.977523	9855.542570
-83.772000	-0.978891	9858.035017
-83.720000	-0.980260	9860.511668
-83.668000	-0.981632	9862.951919
-83.616000	-0.983005	9865.374333
-83.564000	-0.984382	9867.767617
-83.512000	-0.985759	9870.141828
-83.460000	-0.987140	9872.493377
-83.408000	-0.988522	9874.819816
-83.356000	-0.989907	9877.124403
-83.304000	-0.991294	9879.400234
-83.252000	-0.992683	9881.657855
-83.200000	-0.994075	9883.886685
-83.148000	-0.995469	9886.102571
-83.096000	-0.996865	9888.286426
-83.044000	-0.998263	9890.460576
-82.992000	-0.999664	9892.599453
-82.940000	-1.001066	9894.731863
-82.888000	-1.002472	9896.820944
-82.836000	-1.003879	9898.906390
-82.784000	-1.005288	9900.950092
-82.732000	-1.006697	9902.991020
-82.680000	-1.008113	9904.998144
-82.628000	-1.009530	9906.998917
-82.576000	-1.010952	9908.964288
-82.524000	-1.012374	9910.920086
-82.472000	-1.013795	9912.843732
-82.420000	-1.015219	9914.754573
-82.368000	-1.016651	9916.636441
-82.316000	-1.018084	9918.504302
-82.264000	-1.019516	9920.349673
-82.212000	-1.020950	9922.175788
-82.160000	-1.022387	9923.979413
-82.108000	-1.023827	9925.763365
-82.056000	-1.025270	9927.530470
-82.004000	-1.026713	9929.275080
-81.952000	-1.028155	9931.005692
-81.900000	-1.029604	9932.710946
-81.848000	-1.031057	9934.405013
-81.796000	-1.032510	9936.070915
-81.744000	-1.033964	9937.728488
-81.692000	-1.035424	9939.350590
-81.640000	-1.036888	9940.966389
-81.588000	-1.038352	9942.553195
-81.536000	-1.039815	9944.137630
-81.484000	-1.041283	9945.690813
-81.432000	-1.042752	9947.240691
-81.380000	-1.044226	9948.752116
-81.328000	-1.045700	9950.259485
-81.276000	-1.047180	9951.744834
-81.224000	-1.048659	9953.220432
-81.172000	-1.050144	9954.664024
-81.120000	-1.051629	9956.099537
-81.068000	-1.053113	9957.517082
-81.016000	-1.054600	9958.920449
-80.964000	-1.056095	9960.301439
-80.912000	-1.057590	9961.667880
-80.860000	-1.059085	9963.017599
-80.808000	-1.060585	9964.350319
-80.756000	-1.062090	9965.668715
-80.704000	-1.063596	9966.967704
-80.652000	-1.065101	9968.254828
-80.600000	-1.066610	9969.520101
-80.548000	-1.068120	9970.775927
-80.496000	-1.069634	9972.011524
-80.444000	-1.071150	9973.241280
-80.392000	-1.072670	9974.444320
-80.340000	-1.074191	9975.642777
-80.288000	-1.075716	9976.812087
-80.236000	-1.077243	9977.979055
-80.184000	-1.078769	9979.120112
-80.132000	-1.080296	9980.258573
-80.080000	-1.081832	9981.368301
-80.028000	-1.083369	9982.474703
-79.976000	-1.084911	9983.563576
-79.924000	-1.086453	9984.645019
-79.872000	-1.087995	9985.702611
-79.820000	-1.089539	9986.752000
-79.768000	-1.091092	9987.783487
-79.716000	-1.092644	9988.802709
-79.664000	-1.094197	9989.802915
-79.612000	-1.095751	9990.793349
-79.560000	-1.097309	9991.772708
-79.508000	-1.098869	9992.740672
-79.456000	-1.100431	9993.699183
-79.404000	-1.102000	9994.638126
-79.352000	-1.103573	9995.565309
-79.300000	-1.105146	9996.477863
-79.248000	-1.106720	9997.384223
-79.196000	-1.108297	9998.270241
-79.144000	-1.109875	9999.150525
-79.092000	-1.111458	10000.012919
-79.040000	-1.113042	10000.872353
-78.988000	-1.114630	10001.707391
-78.936000	-1.116219	10002.540510
-78.884000	-1.117812	10003.352969
-78.832000	-1.119407	10004.163622
-78.780000	-1.121001	10004.955248
-78.728000	-1.122596	10005.742594
-78.676000	-1.124201	10006.508109
-78.624000	-1.125806	10007.269872
-78.572000	-1.127416	10008.019758
-78.520000	-1.129027	10008.761333
-78.468000	-1.130642	10009.485135
-78.416000	-1.132258	10010.202774
-78.364000	-1.133873	10010.910973
-78.312000	-1.135492	10011.609301
-78.260000	-1.137117	10012.296622
-78.208000	-1.138745	10012.972456
-78.156000	-1.140376	10013.638924
-78.104000	-1.142007	10014.295585
-78.052000	-1.143638	10014.946455
-78.000000	-1.145275	10015.578882
-77.948000	-1.146916	10016.203644
-77.896000	-1.148561	10016.820244
-77.844000	-1.150208	10017.434607
-77.792000	-1.151854	10018.031010
-77.740000	-1.153501	10018.624545
-77.688000	-1.155156	10019.198456
-77.636000	-1.156813	10019.770947
-77.584000	-1.158470	10020.333179
-77.532000	-1.160127	10020.893519
-77.480000	-1.161794	10021.434866
-77.428000	-1.163462	10021.973598
-77.376000	-1.165129	10022.499336
-77.324000	-1.166798	10023.019956
-77.272000	-1.168476	10023.524806
-77.220000	-1.170154	10024.026327
-77.168000	-1.171832	10024.520797
-77.116000	-1.173513	10025.009020
-77.064000	-1.175201	10025.487831
-77.012000	-1.176891	10025.959191
-76.960000	-1.178585	10026.422372
-76.908000	-1.180279	10026.876894
-76.856000	-1.181972	10027.324471
-76.804000	-1.183671	10027.765458
-76.752000	-1.185375	10028.202607
-76.700000	-1.187079	10028.628661
-76.648000	-1.188783	10029.050205
-76.596000	-1.190494	10029.459405
-76.544000	-1.192209	10029.865292
-76.492000	-1.193927	10030.262155
-76.440000	-1.195647	10030.657638
-76.388000	-1.197367	10031.038377
-76.336000	-1.199087	10031.418048
-76.284000	-1.200816	10031.787455
-76.232000	-1.202546	10032.155380
-76.180000	-1.204281	10032.509145
-76.128000	-1.206017	10032.862047
-76.076000	-1.207758	10033.210627
-76.024000	-1.209499	10033.555317
-75.972000	-1.211245	10033.888259
-75.920000	-1.212992	10034.216102
-75.868000	-1.214743	10034.533406
-75.816000	-1.216496	10034.848646
-75.764000	-1.218252	10035.160768
-75.712000	-1.220010	10035.467896
-75.660000	-1.221772	10035.769611
-75.608000	-1.223536	10036.062587
-75.556000	-1.225302	10036.348669
-75.504000	-1.227072	10036.631459
-75.452000	-1.228844	10036.912360
-75.400000	-1.230619	10037.185822
-75.348000	-1.232396	10037.456316
-75.296000	-1.234177	10037.718555
-75.244000	-1.235960	10037.978642
-75.192000	-1.237750	10038.229639
-75.140000	-1.239543	10038.479291
-75.088000	-1.241336	10038.719079
-75.036000	-1.243129	10038.958224
-74.984000	-1.244931	10039.192248
-74.932000	-1.246734	10039.425252
-74.880000	-1.248538	10039.648883
-74.828000	-1.250342	10039.870695
-74.776000	-1.252156	10040.083884
-74.724000	-1.253970	10040.295788
-74.672000	-1.255789	10040.503791
-74.620000	-1.257608	10040.710112
-74.568000	-1.259428	10040.912953
-74.516000	-1.261249	10041.111555
-74.464000	-1.263079	10041.303957
-74.412000	-1.264910	10041.491318
-74.360000	-1.266745	10041.673310
-74.308000	-1.268585	10041.852385
-74.256000	-1.270430	10042.029167
-74.204000	-1.272275	10042.202646
-74.152000	-1.274120	10042.374271
-74.100000	-1.275969	10042.542168
-74.048000	-1.277819	10042.708609
-73.996000	-1.279676	10042.866731
-73.944000	-1.281537	10043.022734
-73.892000	-1.283398	10043.174206
-73.840000	-1.285259	10043.325050
-73.788000	-1.287129	10043.470913
-73.736000	-1.289000	10043.616399
-73.684000	-1.290876	10043.756807
-73.632000	-1.292753	10043.896704
-73.580000	-1.294634	10044.031920
-73.528000	-1.296517	10044.166227
-73.476000	-1.298404	10044.296251
-73.424000	-1.300291	10044.423608
-73.372000	-1.302184	10044.543214
-73.320000	-1.304077	10044.662871
-73.268000	-1.305975	10044.782514
-73.216000	-1.307875	10044.900037
-73.164000	-1.309783	10045.014465
-73.112000	-1.311693	10045.123803
-73.060000	-1.313606	10045.227817
-73.008000	-1.315519	10045.331884
-72.956000	-1.317432	10045.435964
-72.904000	-1.319351	10045.536689
-72.852000	-1.321275	10045.635556
-72.800000	-1.323201	10045.734451
-72.748000	-1.325130	10045.833356
-72.696000	-1.327066	10045.923897
-72.644000	-1.329005	10046.012361
-72.592000	-1.330945	10046.100860
-72.540000	-1.332884	10046.189389
-72.488000	-1.334832	10046.272912
-72.436000	-1.336782	10046.356058
-72.384000	-1.338732	10046.434169
-72.332000	-1.340681	10046.512321
-72.280000	-1.342641	10046.590441
-72.228000	-1.344602	10046.667627
-72.176000	-1.346567	10046.740552
-72.124000	-1.348534	10046.812139
-72.072000	-1.350510	10046.879844
-72.020000	-1.352486	10046.947601
-71.968000	-1.354462	10047.015365
-71.916000	-1.356441	10047.080983
-71.864000	-1.358427	10047.143529
-71.812000	-1.360416	10047.206120
-71.760000	-1.362407	10047.268703
-71.708000	-1.364401	10047.328330
-71.656000	-1.366398	10047.385721
-71.604000	-1.368398	10047.439747
-71.552000	-1.370400	10047.491947
-71.500000	-1.372405	10047.544174
-71.448000	-1.374412	10047.596410
-71.396000	-1.376426	10047.648649
-71.344000	-1.378444	10047.700895
-71.292000	-1.380466	10047.748543
-71.240000	-1.382489	10047.795597
-71.188000	-1.384516	10047.842658
-71.136000	-1.386544	10047.889556
-71.084000	-1.388577	10047.931418
-71.032000	-1.390611	10047.973315
-70.980000	-1.392649	10048.015205
-70.928000	-1.394688	10048.056135
-70.876000	-1.396738	10048.092801
-70.824000	-1.398787	10048.130912
-70.772000	-1.400842	10048.172835
-70.720000	-1.402897	10048.212997
-70.668000	-1.404957	10048.249724
-70.616000	-1.407019	10048.284279
-70.564000	-1.409089	10048.315783
-70.512000	-1.411159	10048.347340
-70.460000	-1.413229	10048.378904
-70.408000	-1.415304	10048.410493
-70.356000	-1.417384	10048.442065
-70.304000	-1.419468	10048.473666
-70.252000	-1.421553	10048.505270
-70.200000	-1.423645	10048.533057
-70.148000	-1.425741	10048.559441
-70.096000	-1.427838	10048.585859
-70.044000	-1.429934	10048.612301
-69.992000	-1.432038	10048.638734
-69.940000	-1.434144	10048.665181
-69.888000	-1.436255	10048.691634
-69.836000	-1.438367	10048.717901
-69.784000	-1.440489	10048.739128
-69.732000	-1.442611	10048.760386
-69.680000	-1.444733	10048.781661
-69.628000	-1.446856	10048.803994
-69.576000	-1.448989	10048.830497
-69.524000	-1.451122	10048.854195
-69.472000	-1.453260	10048.870270
-69.420000	-1.455401	10048.888210
-69.368000	-1.457549	10048.909515
-69.316000	-1.459699	10048.930862
-69.264000	-1.461853	10048.952196
-69.212000	-1.464008	10048.970935
-69.160000	-1.466167	10048.987071
-69.108000	-1.468328	10049.003241
-69.056000	-1.470492	10049.019408
-69.004000	-1.472662	10049.035588
-68.952000	-1.474837	10049.051758
-68.900000	-1.477014	10049.067949
-68.848000	-1.479194	10049.084149
-68.796000	-1.481377	10049.100364
-68.744000	-1.483562	10049.116593
-68.692000	-1.485751	10049.128177
-68.640000	-1.487942	10049.139208
-68.588000	-1.490141	10049.155277
-68.536000	-1.492341	10049.171304
-68.484000	-1.494547	10049.182334
-68.432000	-1.496753	10049.194034
-68.380000	-1.498969	10049.210289
-68.328000	-1.501186	10049.225537
-68.276000	-1.503407	10049.236588
-68.224000	-1.505630	10049.247677
-68.172000	-1.507857	10049.258751
-68.120000	-1.510085	10049.269866
-68.068000	-1.512317	10049.280965
-68.016000	-1.514552	10049.292097
-67.964000	-1.516794	10049.303197
-67.912000	-1.519039	10049.314333
-67.860000	-1.521287	10049.325460
-67.808000	-1.523539	10049.336605
-67.756000	-1.525797	10049.347733
-67.704000	-1.528055	10049.358899
-67.652000	-1.530314	10049.370080
-67.600000	-1.532581	10049.377381
-67.548000	-1.534855	10049.383308
-67.496000	-1.537129	10049.393538
-67.444000	-1.539403	10049.404746
-67.392000	-1.541685	10049.415941
-67.340000	-1.543969	10049.427149
-67.288000	-1.546258	10049.433278
-67.236000	-1.548548	10049.439540
-67.184000	-1.550847	10049.450746
-67.132000	-1.553147	10049.461320
-67.080000	-1.555452	10049.467315
-67.028000	-1.557758	10049.473345
-66.976000	-1.560068	10049.479362
-66.924000	-1.562380	10049.486878
-66.872000	-1.564701	10049.498118
-66.820000	-1.567023	10049.507524
-66.768000	-1.569349	10049.513558
-66.716000	-1.571677	10049.519630
-66.664000	-1.574008	10049.525688
-66.612000	-1.576344	10049.531770
-66.560000	-1.578686	10049.537827
-66.508000	-1.581030	10049.543911
-66.456000	-1.583377	10049.549992
-66.404000	-1.585729	10049.556082
-66.352000	-1.588087	10049.562160
-66.300000	-1.590448	10049.568256
-66.248000	-1.592810	10049.574358
-66.196000	-1.595177	10049.580472
-66.144000	-1.597545	10049.586598
-66.092000	-1.599921	10049.592710
-66.040000	-1.602299	10049.598834
-65.988000	-1.604682	10049.604957
-65.936000	-1.607066	10049.611104
-65.884000	-1.609459	10049.617221
-65.832000	-1.611853	10049.623365
-65.780000	-1.614252	10049.629497
-65.728000	-1.616652	10049.634577
-65.676000	-1.619057	10049.635501
-65.624000	-1.621463	10049.637944
-65.572000	-1.623878	10049.644088
-65.520000	-1.626295	10049.650262
-65.468000	-1.628721	10049.656400
-65.416000	-1.631146	10049.660284
-65.364000	-1.633572	10049.661242
-65.312000	-1.636003	10049.664912
-65.260000	-1.638444	10049.671067
-65.208000	-1.640886	10049.677259
-65.156000	-1.643327	10049.683462
-65.104000	-1.645774	10049.686163
-65.052000	-1.648225	10049.687134
-65.000000	-1.650683	10049.688103
-64.948000	-1.653145	10049.689069
-64.896000	-1.655611	10049.694360
-64.844000	-1.658078	10049.700574
-64.792000	-1.660550	10049.702073
-64.740000	-1.663022	10049.703081
-64.688000	-1.665503	10049.709188
-64.636000	-1.667986	10049.715119
-64.584000	-1.670474	10049.716114
-64.532000	-1.672962	10049.717137
-64.480000	-1.675461	10049.718122
-64.428000	-1.677961	10049.719135
-64.376000	-1.680470	10049.720110
-64.324000	-1.682979	10049.721122
-64.272000	-1.685488	10049.722140
-64.220000	-1.688001	10049.723179
-64.168000	-1.690525	10049.724162
-64.116000	-1.693050	10049.725186
-64.064000	-1.695575	10049.726214
-64.012000	-1.698106	10049.727251
-63.960000	-1.700646	10049.728247
-63.908000	-1.703187	10049.729278
-63.856000	-1.705727	10049.730319
-63.804000	-1.708276	10049.731349
-63.752000	-1.710833	10049.732357
-63.700000	-1.713389	10049.733394
-63.648000	-1.715945	10049.734446
-63.596000	-1.718508	10049.731151
-63.544000	-1.721075	10049.726969
-63.492000	-1.723650	10049.727510
-63.440000	-1.726227	10049.728548
-63.388000	-1.728808	10049.729583
-63.336000	-1.731391	10049.730318
-63.284000	-1.733983	10049.726114
-63.232000	-1.736575	10049.722659
-63.180000	-1.739173	10049.723694
-63.128000	-1.741772	10049.723627
-63.076000	-1.744381	10049.719423
-63.024000	-1.746991	10049.715245
-62.972000	-1.749610	10049.711029
-62.920000	-1.752229	10049.708787
-62.868000	-1.754847	10049.709840
-62.816000	-1.757471	10049.708568
-62.764000	-1.760106	10049.704358
-62.712000	-1.762742	10049.700175
-62.660000	-1.765382	10049.695982
-62.608000	-1.768024	10049.691811
-62.556000	-1.770670	10049.687635
-62.504000	-1.773320	10049.683462
-62.452000	-1.775976	10049.679277
-62.400000	-1.778638	10049.675087
-62.348000	-1.781304	10049.670892
-62.296000	-1.783973	10049.666704
-62.244000	-1.786644	10049.662526
-62.192000	-1.789324	10049.658328
-62.140000	-1.792005	10049.654140
-62.088000	-1.794691	10049.649948
-62.036000	-1.797378	10049.645433
-61.984000	-1.800075	10049.636001
-61.932000	-1.802772	10049.627338
-61.880000	-1.805475	10049.623141
-61.828000	-1.808178	10049.618971
-61.776000	-1.810891	10049.614761
-61.724000	-1.813605	10049.609026
-61.672000	-1.816323	10049.599602
-61.620000	-1.819045	10049.590194
-61.568000	-1.821779	10049.580731
-61.516000	-1.824513	10049.573666
-61.464000	-1.827247	10049.569471
-61.412000	-1.829987	10049.562514
-61.360000	-1.832736	10049.553054
-61.308000	-1.835486	10049.543626
-61.256000	-1.838236	10049.534207
-61.204000	-1.840994	10049.524774
-61.152000	-1.843759	10049.515317
-61.100000	-1.846528	10049.505870
-61.048000	-1.849298	10049.496428
-60.996000	-1.852076	10049.486972
-60.944000	-1.854857	10049.477518
-60.892000	-1.857642	10049.468064
-60.840000	-1.860428	10049.458624
-60.788000	-1.863223	10049.449157
-60.736000	-1.866020	10049.439705
-60.684000	-1.868821	10049.430243
-60.632000	-1.871623	10049.420805
-60.580000	-1.874441	10049.411299
-60.528000	-1.877259	10049.400650
-60.476000	-1.880076	10049.385955
-60.424000	-1.882896	10049.372854
-60.372000	-1.885729	10049.363344
-60.320000	-1.888564	10049.351882
-60.268000	-1.891402	10049.337156
-60.216000	-1.894244	10049.324832
-60.164000	-1.897093	10049.315320
-60.112000	-1.899944	10049.303043
-60.060000	-1.902798	10049.288317
-60.008000	-1.905657	10049.273596
-59.956000	-1.908522	10049.258856
-59.904000	-1.911389	10049.247724
-59.852000	-1.914259	10049.238224
-59.800000	-1.917139	10049.224701
-59.748000	-1.920024	10049.209935
-59.696000	-1.922914	10049.195171
-59.644000	-1.925804	10049.180416
-59.592000	-1.928699	10049.165660
-59.540000	-1.931595	10049.150918
-59.488000	-1.934500	10049.136147
-59.436000	-1.937406	10049.121390
-59.384000	-1.940323	10049.106598
-59.332000	-1.943240	10049.091827
-59.280000	-1.946167	10049.077014
-59.228000	-1.949095	10049.062227
-59.176000	-1.952027	10049.047423
-59.124000	-1.954962	10049.031044
-59.072000	-1.957905	10049.010996
-59.020000	-1.960850	10048.992969
-58.968000	-1.963804	10048.978131
-58.916000	-1.966759	10048.963319
-58.864000	-1.969717	10048.948492
-58.812000	-1.972680	10048.930867
-58.760000	-1.975649	10048.910798
-58.708000	-1.978624	10048.893946
-58.656000	-1.981603	10048.879089
-58.604000	-1.984586	10048.864244
-58.552000	-1.987571	10048.849398
-58.500000	-1.990562	10048.830522
-58.448000	-1.993557	10048.810433
-58.396000	-1.996560	10048.794751
-58.344000	-1.999566	10048.779874
-58.292000	-2.002580	10048.760146
-58.240000	-2.005596	10048.740026
-58.188000	-2.008616	10048.719898
-58.136000	-2.011638	10048.700196
-58.084000	-2.014669	10048.685276
-58.032000	-2.017701	10048.669565
-57.980000	-2.020738	10048.649422
-57.928000	-2.023777	10048.629299
-57.876000	-2.026830	10048.609111
-57.824000	-2.029883	10048.588948
-57.772000	-2.032941	10048.568767
-57.720000	-2.036002	10048.550628
-57.668000	-2.039070	10048.535657
-57.616000	-2.042140	10048.518282
-57.564000	-2.045214	10048.498092
-57.512000	-2.048294	10048.477901
-57.460000	-2.051384	10048.457668
-57.408000	-2.054475	10048.437450
-57.356000	-2.057570	10048.417227
-57.304000	-2.060668	10048.397013
-57.252000	-2.063767	10048.376799
-57.200000	-2.066877	10048.356556
-57.148000	-2.069993	10048.336299
-57.096000	-2.073112	10048.316041
-57.044000	-2.076233	10048.295792
-56.992000	-2.079362	10048.275519
-56.940000	-2.082493	10048.255252
-56.888000	-2.085633	10048.234954
-56.836000	-2.088775	10048.214670
-56.784000	-2.091926	10048.194348
-56.732000	-2.095078	10048.174045
-56.680000	-2.098236	10048.153726
-56.628000	-2.101394	10048.133427
-56.576000	-2.104562	10048.113087
-56.524000	-2.107732	10048.092766
-56.472000	-2.110910	10048.072406
-56.420000	-2.114091	10048.052062
-56.368000	-2.117279	10048.031682
-56.316000	-2.120470	10048.011323
-56.264000	-2.123664	10047.990951
-56.212000	-2.126862	10047.970585
-56.160000	-2.130066	10047.950194
-56.108000	-2.133276	10047.929803
-56.056000	-2.136491	10047.909393
-56.004000	-2.139711	10047.888977
-55.952000	-2.142937	10047.868549
-55.900000	-2.146169	10047.848107
-55.848000	-2.149404	10047.827660
-55.796000	-2.152644	10047.807212
-55.744000	-2.155885	10047.786771
-55.692000	-2.159138	10047.766284
-55.640000	-2.162395	10047.745799
-55.588000	-2.165656	10047.725303
-55.536000	-2.168918	10047.704824
-55.484000	-2.172185	10047.684331
-55.432000	-2.175452	10047.663857
-55.380000	-2.178735	10047.643315
-55.328000	-2.182019	10047.624051
-55.276000	-2.185312	10047.608714
-55.224000	-2.188606	10047.591735
-55.172000	-2.191905	10047.571176
-55.120000	-2.195206	10047.550630
-55.068000	-2.198515	10047.530049
-55.016000	-2.201827	10047.509479
-54.964000	-2.205147	10047.488877
-54.912000	-2.208470	10047.468281
-54.860000	-2.211800	10047.447659
-54.808000	-2.215133	10047.430327
-54.756000	-2.218468	10047.414938
-54.704000	-2.221812	10047.395845
-54.652000	-2.225162	10047.375183
-54.600000	-2.228516	10047.354523
-54.548000	-2.231872	10047.333867
-54.496000	-2.235236	10047.317679
-54.444000	-2.238602	10047.302229
-54.392000	-2.241977	10047.281859
-54.340000	-2.245354	10047.261230
-54.288000	-2.248740	10047.245726
-54.236000	-2.252127	10047.229761
-54.184000	-2.255520	10047.209027
-54.132000	-2.258913	10047.189188
-54.080000	-2.262321	10047.173631
-54.028000	-2.265730	10047.156813
-53.976000	-2.269143	10047.136032
-53.924000	-2.272560	10047.116945
-53.872000	-2.275989	10047.101342
-53.820000	-2.279419	10047.085758
-53.768000	-2.282854	10047.070158
-53.716000	-2.286292	10047.052075
-53.664000	-2.289736	10047.031225
-53.612000	-2.293183	10047.013286
-53.560000	-2.296633	10046.997669
-53.508000	-2.300091	10046.982035
-53.456000	-2.303557	10046.966370
-53.404000	-2.307029	10046.950695
-53.352000	-2.310505	10046.935008
-53.300000	-2.313984	10046.919322
-53.248000	-2.317466	10046.903639
-53.196000	-2.320955	10046.887934
-53.144000	-2.324447	10046.872229
-53.092000	-2.327951	10046.856475
-53.040000	-2.331459	10046.840721
-52.988000	-2.334971	10046.824956
-52.936000	-2.338484	10046.809701
-52.884000	-2.342007	10046.799138
-52.832000	-2.345530	10046.787693
-52.780000	-2.349064	10046.771875
-52.728000	-2.352598	10046.756077
-52.676000	-2.356137	10046.740261
-52.624000	-2.359679	10046.726162
-52.572000	-2.363234	10046.715522
-52.520000	-2.366791	10046.702785
-52.468000	-2.370356	10046.686894
-52.416000	-2.373923	10046.673534
-52.364000	-2.377493	10046.662874
-52.312000	-2.381070	10046.652205
-52.260000	-2.384656	10046.641496
-52.208000	-2.388245	10046.627473
-52.156000	-2.391836	10046.611539
-52.104000	-2.395433	10046.599320
-52.052000	-2.399035	10046.588591
-52.000000	-2.402643	10046.577844
-51.948000	-2.406255	10046.567091
-51.896000	-2.409875	10046.556315
-51.844000	-2.413498	10046.545539
-51.792000	-2.417129	10046.534733
-51.740000	-2.420762	10046.523933
-51.688000	-2.424404	10046.513097
-51.636000	-2.428047	10046.502273
-51.584000	-2.431701	10046.491408
-51.532000	-2.435355	10046.481479
-51.480000	-2.439020	10046.475813
-51.428000	-2.442685	10046.468841
-51.376000	-2.446354	10046.457948
-51.324000	-2.450027	10046.448791
-51.272000	-2.453712	10046.443073
-51.220000	-2.457400	10046.435234
-51.168000	-2.461096	10046.424264
-51.116000	-2.464793	10046.410773
-51.064000	-2.468494	10046.394577
-51.012000	-2.472200	10046.401899
-50.960000	-2.475911	10046.427498
-50.908000	-2.479631	10046.419643
-50.856000	-2.483358	10046.392917
-50.804000	-2.487088	10046.366195
-50.752000	-2.490820	10046.339470
-50.700000	-2.494559	10046.354239
-50.648000	-2.498302	10046.379764
-50.596000	-2.502056	10046.359697
-50.544000	-2.505815	10046.332897
-50.492000	-2.509578	10046.355674
-50.440000	-2.513341	10046.379799
-50.388000	-2.517114	10046.352965
-50.336000	-2.520889	10046.326140
-50.284000	-2.524673	10046.299275
-50.232000	-2.528458	10046.281849
-50.180000	-2.532253	10046.307228
-50.128000	-2.536049	10046.319158
-50.076000	-2.539855	10046.292236
-50.024000	-2.543662	10046.282827
-49.972000	-2.547478	10046.308152
-49.920000	-2.551297	10046.311947
-49.868000	-2.555124	10046.284972
-49.816000	-2.558954	10046.283578
-49.764000	-2.562791	10046.308851
-49.712000	-2.566630	10046.304519
-49.660000	-2.570472	10046.277519
-49.608000	-2.574322	10046.284151
-49.556000	-2.578180	10046.309372
-49.504000	-2.582044	10046.296890
-49.452000	-2.585912	10046.269811
-49.400000	-2.589787	10046.284443
-49.348000	-2.593666	10046.309612
-49.296000	-2.597548	10046.289010
-49.244000	-2.601432	10046.261905
-49.192000	-2.605329	10046.284553
-49.140000	-2.609229	10046.308102
-49.088000	-2.613137	10046.280909
-49.036000	-2.617048	10046.259331
-48.984000	-2.620963	10046.284405
-48.932000	-2.624879	10046.299849
-48.880000	-2.628810	10046.272593
-48.828000	-2.632741	10046.259035
-48.776000	-2.636678	10046.284051
-48.724000	-2.640617	10046.291354
-48.672000	-2.644569	10046.264042
-48.620000	-2.648524	10046.258495
-48.568000	-2.652486	10046.283430
-48.516000	-2.656450	10046.282582
-48.464000	-2.660418	10046.255242
-48.412000	-2.664392	10046.257721
-48.360000	-2.668375	10046.282602
-48.308000	-2.672361	10046.307487
-48.256000	-2.676350	10046.332368
-48.204000	-2.680347	10046.319310
-48.152000	-2.684352	10046.291862
-48.100000	-2.688359	10046.306359
-48.048000	-2.692369	10046.331184
-47.996000	-2.696390	10046.309981
-47.944000	-2.700415	10046.282479
-47.892000	-2.704444	10046.304989
-47.840000	-2.708474	10046.329760
-47.788000	-2.712514	10046.354494
-47.736000	-2.716555	10046.373414
-47.684000	-2.720611	10046.345815
-47.632000	-2.724668	10046.328091
-47.580000	-2.728729	10046.352760
-47.528000	-2.732793	10046.377439
-47.476000	-2.736870	10046.402053
-47.424000	-2.740949	10046.408745
-47.372000	-2.745031	10046.381082
-47.320000	-2.749118	10046.375393
-47.268000	-2.753216	10046.399949
-47.216000	-2.757317	10046.398505
-47.164000	-2.761420	10046.370785
-47.112000	-2.765530	10046.373101
-47.060000	-2.769650	10046.397602
-47.008000	-2.773771	10046.422106
-46.956000	-2.777896	10046.446605
-46.904000	-2.782026	10046.432962
-46.852000	-2.786161	10046.405158
-46.800000	-2.790307	10046.419480
-46.748000	-2.794457	10046.443895
-46.696000	-2.798612	10046.468304
-46.644000	-2.802767	10046.492718
-46.592000	-2.806936	10046.466838
-46.540000	-2.811107	10046.440926
-46.488000	-2.815284	10046.465270
-46.436000	-2.819460	10046.489627
-46.384000	-2.823647	10046.513939
-46.332000	-2.827835	10046.538263
-46.280000	-2.832038	10046.562518
-46.228000	-2.836241	10046.572670
-46.176000	-2.840449	10046.544647
-46.124000	-2.844661	10046.534782
-46.072000	-2.848884	10046.558976
-46.020000	-2.853110	10046.583184
-45.968000	-2.857339	10046.607375
-45.916000	-2.861573	10046.605327
-45.864000	-2.865818	10046.577188
-45.812000	-2.870065	10046.579325
-45.760000	-2.874315	10046.603458
-45.708000	-2.878573	10046.627567
-45.656000	-2.882838	10046.651645
-45.604000	-2.887107	10046.637378
-45.552000	-2.891378	10046.609178
-45.500000	-2.895655	10046.623338
-45.448000	-2.899937	10046.647384
-45.396000	-2.904230	10046.671382
-45.344000	-2.908527	10046.695371
-45.292000	-2.912828	10046.719349
-45.240000	-2.917130	10046.741114
-45.188000	-2.921446	10046.712764
-45.136000	-2.925764	10046.690679
-45.084000	-2.930087	10046.714591
-45.032000	-2.934411	10046.738513
-44.980000	-2.938750	10046.762367
-44.928000	-2.943089	10046.771899
-44.876000	-2.947433	10046.743474
-44.824000	-2.951779	10046.733428
-44.772000	-2.956134	10046.757246
-44.720000	-2.960492	10046.781060
-44.668000	-2.964863	10046.804821
-44.616000	-2.969235	10046.828591
-44.564000	-2.973610	10046.852348
-44.512000	-2.977992	10046.845601
-44.460000	-2.982383	10046.817028
-44.408000	-2.986777	10046.822980
-44.356000	-2.991173	10046.846677
-44.304000	-2.995579	10046.870341
-44.252000	-2.999991	10046.893981
-44.200000	-3.004406	10046.917616
-44.148000	-3.008823	10046.941252
-44.096000	-3.013248	10046.918222
-44.044000	-3.017676	10046.889554
-43.992000	-3.022116	10046.911505
-43.940000	-3.026560	10046.935054
-43.888000	-3.031008	10046.958587
-43.836000	-3.035456	10046.982132
-43.784000	-3.039915	10047.005631
-43.732000	-3.044375	10047.018625
-43.680000	-3.048850	10046.989792
-43.628000	-3.053325	10046.975523
-43.576000	-3.057805	10046.998957
-43.524000	-3.062287	10047.022398
-43.472000	-3.066777	10047.045801
-43.420000	-3.071272	10047.046570
-43.368000	-3.075778	10047.017641
-43.316000	-3.080286	10047.015386
-43.264000	-3.084797	10047.038726
-43.212000	-3.089313	10047.062059
-43.160000	-3.093835	10047.085368
-43.108000	-3.098362	10047.108664
-43.056000	-3.102894	10047.131942
-43.004000	-3.107436	10047.116406
-42.952000	-3.111984	10047.087353
-42.900000	-3.116535	10047.101110
-42.848000	-3.121088	10047.124326
-42.796000	-3.125649	10047.147512
-42.744000	-3.130213	10047.170696
-42.692000	-3.134785	10047.142952
-42.640000	-3.139359	10047.116487
-42.588000	-3.143942	10047.139599
-42.536000	-3.148527	10047.162720
-42.484000	-3.153121	10047.185796
-42.432000	-3.157717	10047.208882
-42.380000	-3.162322	10047.231923
-42.328000	-3.166929	10047.240203
-42.276000	-3.171545	10047.210938
-42.224000	-3.176163	10047.200486
-42.172000	-3.180789	10047.223462
-42.120000	-3.185418	10047.246440
-42.068000	-3.190055	10047.269384
-42.016000	-3.194696	10047.265441
-41.964000	-3.199343	10047.236078
-41.912000	-3.203992	10047.237642
-41.860000	-3.208645	10047.260548
-41.808000	-3.213305	10047.283426
-41.756000	-3.217974	10047.306274
-41.704000	-3.222648	10047.329103
-41.652000	-3.227326	10047.351919
-41.600000	-3.232009	10047.331692
-41.548000	-3.236692	10047.302228
-41.496000	-3.241388	10047.319787
-41.444000	-3.246087	10047.342538
-41.392000	-3.250791	10047.365276
-41.340000	-3.255496	10047.385146
-41.288000	-3.260210	10047.355576
-41.236000	-3.264925	10047.332927
-41.184000	-3.269656	10047.355568
-41.132000	-3.274387	10047.378220
-41.080000	-3.279123	10047.400852
-41.028000	-3.283860	10047.408504
-40.976000	-3.288607	10047.378828
-40.924000	-3.293356	10047.368184
-40.872000	-3.298113	10047.390748
-40.820000	-3.302873	10047.413315
-40.768000	-3.307640	10047.435846
-40.716000	-3.312411	10047.431273
-40.664000	-3.317189	10047.401498
-40.612000	-3.321972	10047.402854
-40.560000	-3.326760	10047.425320
-40.508000	-3.331551	10047.447786
-40.456000	-3.336345	10047.470245
-40.404000	-3.341148	10047.453454
-40.352000	-3.345957	10047.423580
-40.300000	-3.350770	10047.436952
-40.248000	-3.355584	10047.459346
-40.196000	-3.360407	10047.434418
-40.144000	-3.365231	10047.404504
-40.092000	-3.370070	10047.425862
-40.040000	-3.374910	10047.448163
-39.988000	-3.379755	10047.470447
-39.936000	-3.384601	10047.485610
-39.884000	-3.389457	10047.455584
-39.832000	-3.394314	10047.436737
-39.780000	-3.399176	10047.458975
-39.728000	-3.404039	10047.481217
-39.676000	-3.408917	10047.503395
-39.624000	-3.413795	10047.506339
-39.572000	-3.418677	10047.476235
-39.520000	-3.423564	10047.469405
-39.468000	-3.428463	10047.491515
-39.416000	-3.433363	10047.486311
-39.364000	-3.438266	10047.456139
-39.312000	-3.443174	10047.457315
-39.260000	-3.448088	10047.479384
-39.208000	-3.453007	10047.501438
-39.156000	-3.457931	10047.523473
-39.104000	-3.462862	10047.506055
-39.052000	-3.467797	10047.475782
-39.000000	-3.472735	10047.488972
-38.948000	-3.477675	10047.510966
-38.896000	-3.482627	10047.485400
-38.844000	-3.487582	10047.455060
-38.792000	-3.492542	10047.476251
-38.740000	-3.497503	10047.494867
-38.688000	-3.502473	10047.464477
-38.636000	-3.507445	10047.441443
-38.584000	-3.512421	10047.463314
-38.532000	-3.517399	10047.485192
-38.480000	-3.522391	10047.507001
-38.428000	-3.527384	10047.513397
-38.376000	-3.532381	10047.482924
-38.324000	-3.537381	10047.471914
-38.272000	-3.542389	10047.493680
-38.220000	-3.547400	10047.491945
-38.168000	-3.552418	10047.461402
-38.116000	-3.557441	10047.458390
-38.064000	-3.562469	10047.480087
-38.012000	-3.567501	10047.470210
-37.960000	-3.572535	10047.439624
-37.908000	-3.577577	10047.444621
-37.856000	-3.582627	10047.466248
-37.804000	-3.587680	10047.448220
-37.752000	-3.592734	10047.417565
-37.700000	-3.597793	10047.430591
-37.648000	-3.602853	10047.452201
-37.596000	-3.607925	10047.473760
-37.544000	-3.613001	10047.495310
-37.492000	-3.618081	10047.465081
-37.440000	-3.623162	10047.437877
-37.388000	-3.628253	10047.459376
-37.336000	-3.633345	10047.473317
-37.284000	-3.638441	10047.442528
-37.232000	-3.643539	10047.423351
-37.180000	-3.648646	10047.444801
-37.128000	-3.653755	10047.450614
-37.076000	-3.658872	10047.419754
-37.024000	-3.663992	10047.408575
-36.972000	-3.669121	10047.429952
-36.920000	-3.674250	10047.427620
-36.868000	-3.679384	10047.396715
-36.816000	-3.684521	10047.393558
-36.764000	-3.689665	10047.414892
-36.712000	-3.694813	10047.404421
-36.660000	-3.699967	10047.373446
-36.608000	-3.705125	10047.378298
-36.556000	-3.710284	10047.399588
-36.504000	-3.715450	10047.380987
-36.452000	-3.720620	10047.349967
-36.400000	-3.725797	10047.362826
-36.348000	-3.730977	10047.384045
-36.296000	-3.736162	10047.357308
-36.244000	-3.741347	10047.326244
-36.192000	-3.746542	10047.347124
-36.140000	-3.751738	10047.364553
-36.088000	-3.756939	10047.333435
-36.036000	-3.762140	10047.310109
-35.984000	-3.767352	10047.331226
-35.932000	-3.772564	10047.340530
-35.880000	-3.777787	10047.309337
-35.828000	-3.783010	10047.294012
-35.776000	-3.788237	10047.315082
-35.724000	-3.793467	10047.316257
-35.672000	-3.798705	10047.285017
-35.620000	-3.803944	10047.277718
-35.568000	-3.809187	10047.298742
-35.516000	-3.814434	10047.291786
-35.464000	-3.819688	10047.260501
-35.412000	-3.824946	10047.261213
-35.360000	-3.830210	10047.282166
-35.308000	-3.835477	10047.267068
-35.256000	-3.840746	10047.235737
-35.204000	-3.846019	10047.244485
-35.152000	-3.851293	10047.265419
-35.100000	-3.856579	10047.242182
-35.048000	-3.861869	10047.210779
-34.996000	-3.867159	10047.227546
-34.944000	-3.872449	10047.248433
-34.892000	-3.877748	10047.217083
-34.840000	-3.883049	10047.189623
-34.788000	-3.888359	10047.210431
-34.736000	-3.893670	10047.223245
-34.684000	-3.898987	10047.191764
-34.632000	-3.904303	10047.172332
-34.580000	-3.909625	10047.193115
-34.528000	-3.914948	10047.197824
-34.476000	-3.920280	10047.166295
-34.424000	-3.925613	10047.154888
-34.372000	-3.930950	10047.175623
-34.320000	-3.936291	10047.172201
-34.268000	-3.941638	10047.140625
-34.216000	-3.946988	10047.137242
-34.164000	-3.952341	10047.157930
-34.112000	-3.957699	10047.146376
-34.060000	-3.963062	10047.114753
-34.008000	-3.968428	10047.119393
-33.956000	-3.973797	10047.140034
-33.904000	-3.979169	10047.120363
-33.852000	-3.984542	10047.088720
-33.800000	-3.989924	10047.101389
-33.748000	-3.995308	10047.121983
-33.696000	-4.000696	10047.094184
-33.644000	-4.006086	10047.062494
-33.592000	-4.011484	10047.030764
-33.540000	-4.016884	10047.003218
-33.488000	-4.022284	10047.023770
-33.436000	-4.027684	10047.036112
-33.384000	-4.033099	10047.004325
-33.332000	-4.038515	10046.984807
-33.280000	-4.043931	10047.005310
-33.228000	-4.049348	10047.009521
-33.176000	-4.054774	10046.977711
-33.124000	-4.060201	10046.966241
-33.072000	-4.065633	10046.986694
-33.020000	-4.071066	10046.982781
-32.968000	-4.076502	10046.950950
-32.916000	-4.081941	10046.947528
-32.864000	-4.087382	10046.967959
-32.812000	-4.092829	10046.955931
-32.760000	-4.098281	10046.924051
-32.708000	-4.103736	10046.928651
-32.656000	-4.109194	10046.949034
-32.604000	-4.114654	10046.969410
-32.552000	-4.120117	10046.989783
-32.500000	-4.125587	10046.965566
-32.448000	-4.131060	10046.933627
-32.396000	-4.136533	10046.950293
-32.344000	-4.142006	10046.970282
-32.292000	-4.147488	10046.938319
-32.240000	-4.152972	10046.910756
-32.188000	-4.158460	10046.931050
-32.136000	-4.163949	10046.942914
-32.084000	-4.169443	10046.910919
-32.032000	-4.174938	10046.891408
-31.980000	-4.180437	10046.911675
-31.928000	-4.185937	10046.915437
-31.876000	-4.191442	10046.883418
-31.824000	-4.196949	10046.871948
-31.772000	-4.202464	10046.892165
-31.720000	-4.207978	10046.887807
-31.668000	-4.213493	10046.855764
-31.616000	-4.219013	10046.852338
-31.564000	-4.224538	10046.872533
-31.512000	-4.230063	10046.860073
-31.460000	-4.235589	10046.828008
-31.408000	-4.241120	10046.832625
-31.356000	-4.246656	10046.852796
-31.304000	-4.252195	10046.832219
-31.252000	-4.257736	10046.800105
-31.200000	-4.263277	10046.812775
-31.148000	-4.268818	10046.832949
-31.096000	-4.274367	10046.804273
-31.044000	-4.279919	10046.772714
-30.992000	-4.285470	10046.792855
-30.940000	-4.291022	10046.813006
-30.888000	-4.296583	10046.833112
-30.836000	-4.302145	10046.844570
-30.784000	-4.307707	10046.812412
-30.732000	-4.313270	10046.792952
-30.680000	-4.318842	10046.813029
-30.628000	-4.324415	10046.816388
-30.576000	-4.329987	10046.784205
-30.524000	-4.335561	10046.772795
-30.472000	-4.341139	10046.792873
-30.420000	-4.346718	10046.788149
-30.368000	-4.352301	10046.755941
-30.316000	-4.357886	10046.752578
-30.264000	-4.363474	10046.772632
-30.212000	-4.369064	10046.759803
-30.160000	-4.374658	10046.727571
-30.108000	-4.380254	10046.732253
-30.056000	-4.385853	10046.752283
-30.004000	-4.391451	10046.772322
-29.952000	-4.397050	10046.792366
-29.900000	-4.402652	10046.767404
-29.848000	-4.408256	10046.735162
-29.796000	-4.413864	10046.751938
-29.744000	-4.419473	10046.771161
-29.692000	-4.425086	10046.738890
-29.640000	-4.430700	10046.711458
-29.588000	-4.436315	10046.731470
-29.536000	-4.441929	10046.751490
-29.484000	-4.447548	10046.771489
-29.432000	-4.453168	10046.778585
-29.380000	-4.458793	10046.746297
-29.328000	-4.464419	10046.730962
-29.276000	-4.470049	10046.750935
-29.224000	-4.475678	10046.749933
-29.172000	-4.481308	10046.717644
-29.120000	-4.486940	10046.710382
-29.068000	-4.492575	10046.730356
-29.016000	-4.498210	10046.750339
-28.964000	-4.503845	10046.770326
-28.912000	-4.509483	10046.757210
-28.860000	-4.515123	10046.724910
-28.808000	-4.520764	10046.729756
-28.756000	-4.526404	10046.749744
-28.704000	-4.532048	10046.728547
-28.652000	-4.537694	10046.696248
-28.600000	-4.543343	10046.709150
-28.548000	-4.548994	10046.729113
-28.496000	-4.554645	10046.749081
-28.444000	-4.560295	10046.768042
-28.392000	-4.565951	10046.735726
-28.340000	-4.571607	10046.708467
-28.288000	-4.577263	10046.728434
-28.236000	-4.582919	10046.748409
-28.184000	-4.588580	10046.768363
-28.132000	-4.594242	10046.775198
-28.080000	-4.599903	10046.742890
-28.028000	-4.605564	10046.727758
-27.976000	-4.611225	10046.747737
-27.924000	-4.616888	10046.746515
-27.872000	-4.622554	10046.714206
-27.820000	-4.628221	10046.707150
-27.768000	-4.633887	10046.727128
-27.716000	-4.639554	10046.747116
-27.664000	-4.645220	10046.767108
-27.612000	-4.650890	10046.753778
-27.560000	-4.656561	10046.721482
-27.508000	-4.662233	10046.726549
-27.456000	-4.667905	10046.746541
-27.404000	-4.673580	10046.766522
-27.352000	-4.679257	10046.786500
-27.300000	-4.684930	10046.761073
-27.248000	-4.690602	10046.728816
-27.196000	-4.696278	10046.746013
-27.144000	-4.701954	10046.766017
-27.092000	-4.707631	10046.786025
-27.040000	-4.713308	10046.800772
-26.988000	-4.718990	10046.768494
-26.936000	-4.724672	10046.745532
-26.884000	-4.730349	10046.765565
-26.832000	-4.736027	10046.785604
-26.780000	-4.741709	10046.805623
-26.728000	-4.747390	10046.808273
-26.676000	-4.753067	10046.776056
-26.624000	-4.758745	10046.765264
-26.572000	-4.764428	10046.785307
-26.520000	-4.770110	10046.805360
-26.468000	-4.775792	10046.825416
-26.416000	-4.781474	10046.815984
-26.364000	-4.787156	10046.783779
-26.312000	-4.792838	10046.785117
-26.260000	-4.798521	10046.805198
-26.208000	-4.804203	10046.787714
-26.156000	-4.809885	10046.755533
-26.104000	-4.815567	10046.764971
-26.052000	-4.821249	10046.785077
-26.000000	-4.826932	10046.805189
-25.948000	-4.832614	10046.825308
-25.896000	-4.838296	10046.795745
-25.844000	-4.843978	10046.765052
-25.792000	-4.849656	10046.785211
-25.740000	-4.855333	10046.805380
-25.688000	-4.861014	10046.825529
-25.636000	-4.866696	10046.836160
-25.584000	-4.872373	10046.804070
-25.532000	-4.878051	10046.785551
-25.480000	-4.883733	10046.805721
-25.428000	-4.889414	10046.825907
-25.376000	-4.895091	10046.846115
-25.324000	-4.900768	10046.844694
-25.272000	-4.906445	10046.812640
-25.220000	-4.912120	10046.806282
-25.168000	-4.917792	10046.826541
-25.116000	-4.923464	10046.846809
-25.064000	-4.929135	10046.867079
-25.012000	-4.934810	10046.853592
-24.960000	-4.940487	10046.821575
-24.908000	-4.946158	10046.827386
-24.856000	-4.951824	10046.847707
-24.804000	-4.957494	10046.868018
-24.752000	-4.963166	10046.888325
-24.700000	-4.968834	10046.862791
-24.648000	-4.974500	10046.830862
-24.596000	-4.980162	10046.848864
-24.544000	-4.985824	10046.867579
-24.492000	-4.991485	10046.835693
-24.440000	-4.997146	10046.809520
-24.388000	-5.002807	10046.829919
-24.336000	-5.008468	10046.850327
-24.284000	-5.014124	10046.870763
-24.232000	-5.019780	10046.877427
-24.180000	-5.025437	10046.845600
-24.128000	-5.031091	10046.831608
-24.076000	-5.036742	10046.852093
-24.024000	-5.042392	10046.872595
-23.972000	-5.048037	10046.893117
-23.920000	-5.053683	10046.887755
-23.868000	-5.059328	10046.856015
-23.816000	-5.064974	10046.854217
-23.764000	-5.070620	10046.874763
-23.712000	-5.076260	10046.861373
-23.660000	-5.081895	10046.829709
-23.608000	-5.087530	10046.836061
-23.556000	-5.093165	10046.856682
-23.504000	-5.098797	10046.877328
-23.452000	-5.104427	10046.897988
-23.400000	-5.110057	10046.872569
-23.348000	-5.115687	10046.840966
-23.296000	-5.121312	10046.859512
-23.244000	-5.126937	10046.878335
-23.192000	-5.132557	10046.846797
-23.140000	-5.138176	10046.821193
-23.088000	-5.143791	10046.841969
-23.036000	-5.149405	10046.862754
-22.984000	-5.155014	10046.883568
-22.932000	-5.160622	10046.890394
-22.880000	-5.166226	10046.858970
-22.828000	-5.171829	10046.845592
-22.776000	-5.177433	10046.866453
-22.724000	-5.183034	10046.865264
-22.672000	-5.188627	10046.833914
-22.620000	-5.194221	10046.828686
-22.568000	-5.199814	10046.849622
-22.516000	-5.205403	10046.840439
-22.464000	-5.210986	10046.809165
-22.412000	-5.216568	10046.812086
-22.360000	-5.222151	10046.833097
-22.308000	-5.227728	10046.815919
-22.256000	-5.233300	10046.784720
-22.204000	-5.238869	10046.795808
-22.152000	-5.244436	10046.816920
-22.100000	-5.250004	10046.838037
-22.048000	-5.255571	10046.859160
-21.996000	-5.261129	10046.829991
-21.944000	-5.266686	10046.801007
-21.892000	-5.272238	10046.822221
-21.840000	-5.277790	10046.837304
-21.788000	-5.283331	10046.806308
-21.736000	-5.288872	10046.785502
-21.684000	-5.294407	10046.806818
-21.632000	-5.299943	10046.813925
-21.580000	-5.305479	10046.782978
-21.528000	-5.311012	10046.770310
-21.476000	-5.316532	10046.791726
-21.424000	-5.322052	10046.790858
-21.372000	-5.327572	10046.760010
-21.320000	-5.333088	10046.755520
-21.268000	-5.338598	10046.777010
-21.216000	-5.344103	10046.768162
-21.164000	-5.349602	10046.737441
-21.112000	-5.355101	10046.741133
-21.060000	-5.360601	10046.762697
-21.008000	-5.366091	10046.745870
-20.956000	-5.371574	10046.715249
-20.904000	-5.377054	10046.727134
-20.852000	-5.382532	10046.748824
-20.800000	-5.388007	10046.724019
-20.748000	-5.393480	10046.693472
-20.696000	-5.398944	10046.662973
-20.644000	-5.404407	10046.634810
-20.592000	-5.409865	10046.656628
-20.540000	-5.415322	10046.672096
-20.488000	-5.420764	10046.641730
-20.436000	-5.426206	10046.621769
-20.384000	-5.431648	10046.643688
-20.332000	-5.437087	10046.651190
-20.280000	-5.442513	10046.620924
-20.228000	-5.447938	10046.609144
-20.176000	-5.453359	10046.631188
-20.124000	-5.458777	10046.630745
-20.072000	-5.464187	10046.600577
-20.020000	-5.469594	10046.570438
-19.968000	-5.474994	10046.540333
-19.916000	-5.480389	10046.540845
-19.864000	-5.485778	10046.563078
-19.812000	-5.491162	10046.550721
-19.760000	-5.496541	10046.520742
-19.708000	-5.501917	10046.529447
-19.656000	-5.507291	10046.551779
-19.604000	-5.512658	10046.531452
-19.552000	-5.518021	10046.501573
-19.500000	-5.523372	10046.471758
-19.448000	-5.528720	10046.441967
-19.396000	-5.534063	10046.462978
-19.344000	-5.539406	10046.482959
-19.292000	-5.544734	10046.453280
-19.240000	-5.550061	10046.423615
-19.188000	-5.555382	10046.393979
-19.136000	-5.560703	10046.374970
-19.084000	-5.566008	10046.397697
-19.032000	-5.571313	10046.405786
-18.980000	-5.576608	10046.376301
-18.928000	-5.581901	10046.346835
-18.876000	-5.587186	10046.317411
-18.824000	-5.592468	10046.310740
-18.772000	-5.597742	10046.333653
-18.720000	-5.603013	10046.329828
-18.668000	-5.608277	10046.300530
-18.616000	-5.613534	10046.271274
-18.564000	-5.618782	10046.242065
-18.512000	-5.624025	10046.247731
-18.460000	-5.629263	10046.270858
-18.408000	-5.634491	10046.255159
-18.356000	-5.639713	10046.226101
-18.304000	-5.644932	10046.197066
-18.252000	-5.650149	10046.168043
-18.200000	-5.655350	10046.186060
-18.148000	-5.660546	10046.209427
-18.096000	-5.665738	10046.181827
-18.044000	-5.670928	10046.152956
-17.992000	-5.676100	10046.124184
-17.940000	-5.681270	10046.095427
-17.888000	-5.686435	10046.066700
-17.836000	-5.691598	10046.048818
-17.784000	-5.696742	10046.072479
-17.732000	-5.701884	10046.081285
-17.680000	-5.707017	10046.052733
-17.628000	-5.712148	10046.024201
-17.576000	-5.717271	10045.995712
-17.524000	-5.722388	10045.967262
-17.472000	-5.727490	10045.938886
-17.420000	-5.732590	10045.937512
-17.368000	-5.737686	10045.961447
-17.316000	-5.742774	10045.954415
-17.264000	-5.747849	10045.926191
-17.212000	-5.752917	10045.898014
-17.160000	-5.757977	10045.869878
-17.108000	-5.763031	10045.841779
-17.056000	-5.768080	10045.813705
-17.004000	-5.773119	10045.785690
-16.952000	-5.778153	10045.757704
-16.900000	-5.783175	10045.776956
-16.848000	-5.788194	10045.801332
-16.796000	-5.793194	10045.774590
-16.744000	-5.798192	10045.746806
-16.692000	-5.803180	10045.719075
-16.640000	-5.808167	10045.691353
-16.588000	-5.813138	10045.663713
-16.536000	-5.818108	10045.636086
-16.484000	-5.823064	10045.608533
-16.432000	-5.828017	10045.596088
-16.380000	-5.832957	10045.620897
-16.328000	-5.837893	10045.626607
-16.276000	-5.842817	10045.599230
-16.224000	-5.847735	10045.571892
-16.172000	-5.852639	10045.544629
-16.120000	-5.857538	10045.517394
-16.068000	-5.862431	10045.490193
-16.016000	-5.867314	10045.463047
-15.964000	-5.872186	10045.435961
-15.912000	-5.877049	10045.408922
-15.860000	-5.881906	10045.381924
-15.808000	-5.886749	10045.394309
-15.756000	-5.891585	10045.419699
-15.704000	-5.896409	10045.401795
-15.652000	-5.901229	10045.374999
-15.600000	-5.906036	10045.348267
-15.548000	-5.910840	10045.321558
-15.496000	-5.915627	10045.294942
-15.444000	-5.920410	10045.268347
-15.392000	-5.925178	10045.241828
-15.340000	-5.929946	10045.215322
-15.288000	-5.934698	10045.188896
-15.236000	-5.939448	10045.162485
-15.184000	-5.944178	10045.136173
-15.132000	-5.948906	10045.125190
-15.080000	-5.953616	10045.151266
-15.028000	-5.958322	10045.158024
-14.976000	-5.963016	10045.131913
-14.924000	-5.967704	10045.105841
-14.872000	-5.972378	10045.079844
-14.820000	-5.977043	10045.053895
-14.768000	-5.981695	10045.028012
-14.716000	-5.986340	10045.002171
-14.664000	-5.990977	10044.976376
-14.612000	-5.995602	10044.950643
-14.560000	-6.000218	10044.924961
-14.508000	-6.004821	10044.899350
-14.456000	-6.009416	10044.873782
-14.404000	-6.013996	10044.848292
-14.352000	-6.018570	10044.822838
-14.300000	-6.023128	10044.845077
-14.248000	-6.027681	10044.872012
-14.196000	-6.032221	10044.847370
-14.144000	-6.036758	10044.822117
-14.092000	-6.041272	10044.796989
-14.040000	-6.045783	10044.771876
-13.988000	-6.050278	10044.746845
-13.936000	-6.054772	10044.721831
-13.884000	-6.059241	10044.696939
-13.832000	-6.063708	10044.672066
-13.780000	-6.068162	10044.647261
-13.728000	-6.072610	10044.622494
-13.676000	-6.077037	10044.597828
-13.624000	-6.081458	10044.573203
-13.572000	-6.085865	10044.548651
-13.520000	-6.090264	10044.524146
-13.468000	-6.094649	10044.499708
-13.416000	-6.099026	10044.507000
-13.364000	-6.103390	10044.534950
-13.312000	-6.107741	10044.527263
-13.260000	-6.112080	10044.503079
-13.208000	-6.116409	10044.478948
-13.156000	-6.120732	10044.454850
-13.104000	-6.125033	10044.430867
-13.052000	-6.129325	10044.406935
-13.000000	-6.133604	10044.383069
-12.948000	-6.137880	10044.359225
-12.896000	-6.142134	10044.335495
-12.844000	-6.146384	10044.311791
-12.792000	-6.150614	10044.288187
-12.740000	-6.154843	10044.264596
-12.688000	-6.159046	10044.241139
-12.636000	-6.163247	10044.229399
-12.584000	-6.167429	10044.258329
-12.532000	-6.171607	10044.271545
-12.480000	-6.175763	10044.248339
-12.428000	-6.179912	10044.225172
-12.376000	-6.184042	10044.202105
-12.324000	-6.188165	10044.179079
-12.272000	-6.192274	10044.156126
-12.220000	-6.196372	10044.133231
-12.168000	-6.200455	10044.110418
-12.116000	-6.204527	10044.087659
-12.064000	-6.208589	10044.064959
-12.012000	-6.212634	10044.042350
-11.960000	-6.216664	10044.019816
-11.908000	-6.220681	10043.997352
-11.856000	-6.224691	10043.974931
-11.804000	-6.228685	10043.996594
-11.752000	-6.232674	10044.026560
-11.700000	-6.236638	10044.008608
-11.648000	-6.240595	10043.986466
-11.596000	-6.244530	10043.964439
-11.544000	-6.248461	10043.942436
-11.492000	-6.252372	10043.920534
-11.440000	-6.256282	10043.898646
-11.388000	-6.260161	10043.876915
-11.336000	-6.264038	10043.855200
-11.284000	-6.267896	10043.833583
-11.232000	-6.271748	10043.811998
-11.180000	-6.275575	10043.790545
-11.128000	-6.279395	10043.789128
-11.076000	-6.283195	10043.820089
-11.024000	-6.286987	10043.827063
-10.972000	-6.290761	10043.805889
-10.920000	-6.294527	10043.784762
-10.868000	-6.298281	10043.763702
-10.816000	-6.302016	10043.742733
-10.764000	-6.305733	10043.721863
-10.712000	-6.309438	10043.701057
-10.660000	-6.313134	10043.680300
-10.608000	-6.316810	10043.659647
-10.556000	-6.320475	10043.639056
-10.504000	-6.324121	10043.662786
-10.452000	-6.327759	10043.694608
-10.400000	-6.331377	10043.678275
-10.348000	-6.334989	10043.657962
-10.296000	-6.338574	10043.637787
-10.244000	-6.342155	10043.617640
-10.192000	-6.345711	10043.597618
-10.140000	-6.349265	10043.577612
-10.088000	-6.352794	10043.557736
-10.036000	-6.356319	10043.550020
-9.984000	-6.359816	10043.582584
-9.932000	-6.363308	10043.599004
-9.880000	-6.366774	10043.579459
-9.828000	-6.370233	10043.559952
-9.776000	-6.373673	10043.540545
-9.724000	-6.377103	10043.521196
-9.672000	-6.380511	10043.501954
-9.620000	-6.383909	10043.482771
-9.568000	-6.387291	10043.463669
-9.516000	-6.390658	10043.476975
-9.464000	-6.394009	10043.510312
-9.412000	-6.397342	10043.507375
-9.360000	-6.400661	10043.488603
-9.308000	-6.403964	10043.469918
-9.256000	-6.407257	10043.451285
-9.204000	-6.410525	10043.432786
-9.152000	-6.413781	10043.414344
-9.100000	-6.417018	10043.444488
-9.048000	-6.420248	10043.478216
-8.996000	-6.423452	10043.460052
-8.944000	-6.426651	10043.441914
-8.892000	-6.429820	10043.423926
-8.840000	-6.432988	10043.405956
-8.788000	-6.436129	10043.388116
-8.736000	-6.439268	10043.382656
-8.684000	-6.442373	10043.417282
-8.632000	-6.445472	10043.435545
-8.580000	-6.448546	10043.418061
-8.528000	-6.451613	10043.400616
-8.476000	-6.454661	10043.383270
-8.424000	-6.457696	10043.365990
-8.372000	-6.460707	10043.348836
-8.320000	-6.463706	10043.360258
-8.268000	-6.466685	10043.395543
-8.216000	-6.469650	10043.398362
-8.164000	-6.472598	10043.381538
-8.112000	-6.475529	10043.364805
-8.060000	-6.478446	10043.348146
-8.008000	-6.481342	10043.372212
-7.956000	-6.484228	10043.407991
-7.904000	-6.487087	10043.399245
-7.852000	-6.489936	10043.382942
-7.800000	-6.492765	10043.366745
-7.748000	-6.495587	10043.351041
-7.696000	-6.498378	10043.387311
-7.644000	-6.501165	10043.419113
-7.592000	-6.503916	10043.403314
-7.540000	-6.506665	10043.387534
-7.488000	-6.509383	10043.371910
-7.436000	-6.512099	10043.368882
-7.384000	-6.514785	10043.405696
-7.332000	-6.517467	10043.425932
-7.280000	-6.520122	10043.410637
-7.228000	-6.522768	10043.395395
-7.176000	-6.525387	10043.380290
-7.124000	-6.527994	10043.389940
-7.072000	-6.530577	10043.427301
-7.020000	-6.533146	10043.436006
-6.968000	-6.535697	10043.421257
-6.916000	-6.538233	10043.406589
-6.864000	-6.540752	10043.392005
-6.812000	-6.543251	10043.414331
-6.760000	-6.545734	10043.452212
-6.708000	-6.548194	10043.449375
-6.656000	-6.550640	10043.435172
-6.604000	-6.553060	10043.465982
-6.552000	-6.555470	10043.504245
-6.500000	-6.557855	10043.493721
-6.448000	-6.560234	10043.479874
-6.396000	-6.562580	10043.466190
-6.344000	-6.564922	10043.457250
-6.292000	-6.567234	10043.496020
-6.240000	-6.569544	10043.526053
-6.188000	-6.571818	10043.512746
-6.136000	-6.574088	10043.512257
-6.084000	-6.576325	10043.551415
-6.032000	-6.578556	10043.573782
-5.980000	-6.580757	10043.560857
-5.928000	-6.582948	10043.547985
-5.876000	-6.585112	10043.535250
-5.824000	-6.587264	10043.547488
-5.772000	-6.589391	10043.587218
-5.720000	-6.591506	10043.598074
-5.668000	-6.593602	10043.585695
-5.616000	-6.595678	10043.606404
-5.564000	-6.597732	10043.646516
-5.512000	-6.599766	10043.649716
-5.460000	-6.601784	10043.637744
-5.408000	-6.603781	10043.625877
-5.356000	-6.605768	10043.614070
-5.304000	-6.607724	10043.647512
-5.252000	-6.609668	10043.688195
-5.200000	-6.611588	10043.679874
-5.148000	-6.613501	10043.669344
-5.096000	-6.615378	10043.710378
-5.044000	-6.617249	10043.746508
-4.992000	-6.619086	10043.735476
-4.940000	-6.620919	10043.733434
-4.888000	-6.622718	10043.774875
-4.836000	-6.624512	10043.803330
-4.784000	-6.626273	10043.792686
-4.732000	-6.628028	10043.799130
-4.680000	-6.629753	10043.840951
-4.628000	-6.631467	10043.861746
-4.576000	-6.633151	10043.851509
-4.524000	-6.634821	10043.841340
-4.472000	-6.636468	10043.831294
-4.420000	-6.638099	10043.850490
-4.368000	-6.639709	10043.892909
-4.316000	-6.641301	10043.902223
-4.264000	-6.642875	10043.892558
-4.212000	-6.644424	10043.920253
-4.160000	-6.645956	10043.963079
-4.108000	-6.647464	10043.964752
-4.056000	-6.648959	10043.955494
-4.004000	-6.650424	10043.991704
-3.952000	-6.651877	10044.034936
-3.900000	-6.653301	10044.028968
-3.848000	-6.654717	10044.021231
-3.796000	-6.656102	10044.064818
-3.744000	-6.657482	10044.103279
-3.692000	-6.658822	10044.094821
-3.640000	-6.660159	10044.095573
-3.588000	-6.661460	10044.139588
-3.536000	-6.662757	10044.170404
-3.484000	-6.664017	10044.162361
-3.432000	-6.665269	10044.154363
-3.380000	-6.666487	10044.146537
-3.328000	-6.667697	10044.160061
-3.276000	-6.668883	10044.204672
-3.224000	-6.670054	10044.224029
-3.172000	-6.671193	10044.216609
-3.120000	-6.672317	10044.238650
-3.068000	-6.673420	10044.283695
-3.016000	-6.674502	10044.295431
-2.964000	-6.675564	10044.288418
-2.912000	-6.676604	10044.318969
-2.860000	-6.677628	10044.364420
-2.808000	-6.678626	10044.368519
-2.756000	-6.679608	10044.361913
-2.704000	-6.680561	10044.400993
-2.652000	-6.681501	10044.446877
-2.600000	-6.682413	10044.443344
-2.548000	-6.683317	10044.438476
-2.496000	-6.684180	10044.484762
-2.444000	-6.685037	10044.525709
-2.392000	-6.685864	10044.519905
-2.340000	-6.686688	10044.514121
-2.288000	-6.687467	10044.508565
-2.236000	-6.688241	10044.516484
-2.184000	-6.688978	10044.563419
-2.132000	-6.689708	10044.592910
-2.080000	-6.690409	10044.587760
-2.028000	-6.691098	10044.604194
-1.976000	-6.691757	10044.651535
-1.924000	-6.692401	10044.673394
-1.872000	-6.693018	10044.668677
-1.820000	-6.693617	10044.693651
-1.768000	-6.694192	10044.741424
-1.716000	-6.694746	10044.755672
-1.664000	-6.695279	10044.751388
-1.612000	-6.695788	10044.747228
-1.560000	-6.696279	10044.743160
-1.508000	-6.696747	10044.780926
-1.456000	-6.697201	10044.829322
-1.404000	-6.697622	10044.832146
-1.352000	-6.698029	10044.828510
-1.300000	-6.698407	10044.874812
-1.248000	-6.698778	10044.922091
-1.196000	-6.699108	10044.918857
-1.144000	-6.699432	10044.915654
-1.092000	-6.699721	10044.912630
-1.040000	-6.700006	10044.919252
-0.988000	-6.700247	10044.968751
-0.936000	-6.700482	10045.004616
-0.884000	-6.700681	10045.002056
-0.832000	-6.700872	10044.999537
-0.780000	-6.701034	10044.997167
-0.728000	-6.701183	10045.016606
-0.676000	-6.701298	10045.066752
-0.624000	-6.701399	10045.091200
-0.572000	-6.701472	10045.089289
-0.520000	-6.701527	10045.117286
-0.468000	-6.701558	10045.167865
-0.416000	-6.701568	10045.184701
-0.364000	-6.701558	10045.183222
-0.312000	-6.701523	10045.181869
-0.260000	-6.701471	10045.180606
-0.208000	-6.701391	10045.179484
-0.156000	-6.701297	10045.178437
-0.104000	-6.701172	10045.223514
-0.052000	-6.701036	10045.274957
-0.000000	-6.700862	10045.276591
0.052000	-6.700679	10045.276003
0.104000	-6.700458	10045.275603
0.156000	-6.700234	10045.281036
0.208000	-6.699968	10045.333143
0.260000	-6.699700	10045.375427
0.312000	-6.699391	10045.375481
0.364000	-6.699078	10045.375567
0.416000	-6.698727	10045.375837
0.468000	-6.698368	10045.394079
0.520000	-6.697970	10045.446866
0.572000	-6.697562	10045.477759
0.624000	-6.697122	10045.478487
0.676000	-6.696668	10045.479295
0.728000	-6.696188	10045.480239
0.780000	-6.695688	10045.481279
0.832000	-6.695166	10045.482439
0.884000	-6.694619	10045.483724
0.936000	-6.694049	10045.485127
0.988000	-6.693455	10045.524764
1.040000	-6.692843	10045.578657
1.092000	-6.692204	10045.590546
1.144000	-6.691550	10045.592381
1.196000	-6.690862	10045.594393
1.248000	-6.690162	10045.596470
1.300000	-6.689427	10045.598721
1.352000	-6.688684	10045.601014
1.404000	-6.687905	10045.603497
1.456000	-6.687121	10045.612028
1.508000	-6.686296	10045.667017
1.560000	-6.685467	10045.711967
1.612000	-6.684594	10045.714929
1.664000	-6.683716	10045.717922
1.716000	-6.682801	10045.721099
1.768000	-6.681877	10045.724330
1.820000	-6.680915	10045.727750
1.872000	-6.679941	10045.731233
1.924000	-6.678938	10045.734868
1.976000	-6.677919	10045.738584
2.028000	-6.676873	10045.742435
2.080000	-6.675807	10045.746393
2.132000	-6.674715	10045.750487
2.184000	-6.673601	10045.754691
2.236000	-6.672466	10045.759001
2.288000	-6.671307	10045.763437
2.340000	-6.670131	10045.767962
2.392000	-6.668923	10045.815012
2.444000	-6.667700	10045.872053
2.496000	-6.666446	10045.882852
2.548000	-6.665181	10045.887834
2.600000	-6.663877	10045.893014
2.652000	-6.662565	10045.898239
2.704000	-6.661215	10045.903654
2.756000	-6.659861	10045.909095
2.808000	-6.658466	10045.914742
2.860000	-6.657068	10045.920412
2.912000	-6.655625	10045.926305
2.964000	-6.654176	10045.932235
3.016000	-6.652687	10045.938370
3.068000	-6.651189	10045.944549
3.120000	-6.649663	10045.950873
3.172000	-6.648123	10045.957271
3.224000	-6.646549	10045.963837
3.276000	-6.644959	10045.970495
3.328000	-6.643338	10045.977303
3.380000	-6.641699	10045.953740
3.432000	-6.640037	10045.908491
3.484000	-6.638353	10045.897859
3.536000	-6.636649	10045.905100
3.588000	-6.634917	10045.912484
3.640000	-6.633165	10045.919966
3.692000	-6.631383	10045.927610
3.744000	-6.629584	10045.935334
3.796000	-6.627759	10045.943198
3.848000	-6.625924	10045.951112
3.900000	-6.624050	10045.959223
3.952000	-6.622168	10045.967378
4.004000	-6.620244	10045.975749
4.056000	-6.618315	10045.984147
4.108000	-6.616345	10045.992752
4.160000	-6.614372	10045.990880
4.212000	-6.612359	10045.947430
4.264000	-6.610340	10045.918551
4.316000	-6.608280	10045.927617
4.368000	-6.606211	10045.936738
4.420000	-6.604104	10045.946045
4.472000	-6.601987	10045.955410
4.524000	-6.599844	10045.964907
4.576000	-6.597683	10045.974495
4.628000	-6.595493	10045.984234
4.680000	-6.593281	10045.963396
4.732000	-6.591044	10045.921102
4.784000	-6.588785	10045.913645
4.836000	-6.586506	10045.923842
4.888000	-6.584202	10045.934167
4.940000	-6.581881	10045.944579
4.992000	-6.579528	10045.955153
5.044000	-6.577160	10045.965807
5.096000	-6.574760	10045.929784
5.148000	-6.572350	10045.888379
5.200000	-6.569901	10045.898048
5.252000	-6.567444	10045.909159
5.304000	-6.564950	10045.920462
5.356000	-6.562451	10045.925112
5.408000	-6.559906	10045.884399
5.460000	-6.557358	10045.854419
5.512000	-6.554775	10045.866172
5.564000	-6.552186	10045.877967
5.616000	-6.549551	10045.889988
5.668000	-6.546908	10045.883263
5.720000	-6.544237	10045.843199
5.772000	-6.541552	10045.826037
5.824000	-6.538834	10045.838489
5.876000	-6.536100	10045.851023
5.928000	-6.533340	10045.863691
5.980000	-6.530559	10045.845564
6.032000	-6.527752	10045.806199
6.084000	-6.524922	10045.801890
6.136000	-6.522074	10045.815015
6.188000	-6.519199	10045.789290
6.240000	-6.516309	10045.750356
6.292000	-6.513386	10045.754603
6.344000	-6.510448	10045.768185
6.396000	-6.507478	10045.781928
6.448000	-6.504499	10045.795726
6.500000	-6.501480	10045.758630
6.552000	-6.498453	10045.723252
6.604000	-6.495393	10045.737460
6.656000	-6.492330	10045.744794
6.708000	-6.489220	10045.706984
6.760000	-6.486107	10045.680126
6.812000	-6.482955	10045.694807
6.864000	-6.479796	10045.694557
6.916000	-6.476597	10045.657206
6.968000	-6.473388	10045.638913
7.020000	-6.470147	10045.654051
7.072000	-6.466894	10045.646210
7.124000	-6.463611	10045.609290
7.176000	-6.460312	10045.599536
7.228000	-6.456988	10045.615105
7.280000	-6.453642	10045.599663
7.332000	-6.450270	10045.563199
7.384000	-6.446879	10045.526836
7.436000	-6.443471	10045.490562
7.488000	-6.440034	10045.493632
7.540000	-6.436578	10045.509873
7.592000	-6.433091	10045.483044
7.644000	-6.429588	10045.447253
7.696000	-6.426058	10045.458877
7.748000	-6.422519	10045.475550
7.800000	-6.418941	10045.441112
7.852000	-6.415355	10045.405752
7.904000	-6.411735	10045.370562
7.956000	-6.408113	10045.342503
8.008000	-6.404443	10045.359842
8.060000	-6.400771	10045.366052
8.112000	-6.397059	10045.331334
8.164000	-6.393341	10045.311839
8.216000	-6.389588	10045.329610
8.268000	-6.385824	10045.328213
8.320000	-6.382024	10045.293951
8.372000	-6.378212	10045.259750
8.424000	-6.374376	10045.225677
8.476000	-6.370523	10045.218990
8.528000	-6.366644	10045.237407
8.580000	-6.362744	10045.224597
8.632000	-6.358818	10045.190981
8.684000	-6.354873	10045.157467
8.736000	-6.350910	10045.124041
8.788000	-6.346919	10045.130177
8.840000	-6.342910	10045.149267
8.892000	-6.338871	10045.125051
8.944000	-6.334820	10045.092082
8.996000	-6.330741	10045.059255
9.048000	-6.326653	10045.026475
9.100000	-6.322525	10044.993896
9.152000	-6.318391	10044.964650
9.204000	-6.314222	10044.984556
9.256000	-6.310050	10044.997151
9.308000	-6.305832	10044.965039
9.360000	-6.301611	10044.932945
9.412000	-6.297356	10044.901022
9.464000	-6.293093	10044.869139
9.516000	-6.288791	10044.837457
9.568000	-6.284481	10044.825266
9.620000	-6.280142	10044.846047
9.672000	-6.275790	10044.843416
9.724000	-6.271410	10044.812139
9.776000	-6.267013	10044.780946
9.828000	-6.262591	10044.749884
9.880000	-6.258149	10044.718922
9.932000	-6.253685	10044.688076
9.984000	-6.249198	10044.692940
10.036000	-6.244692	10044.714583
10.088000	-6.240163	10044.696709
10.140000	-6.235621	10044.666267
10.192000	-6.231049	10044.635973
10.244000	-6.226465	10044.605746
10.296000	-6.221848	10044.575683
10.348000	-6.217222	10044.545671
10.400000	-6.212560	10044.515840
10.452000	-6.207892	10044.489553
10.504000	-6.203185	10044.512227
10.556000	-6.198475	10044.527373
10.608000	-6.193729	10044.497977
10.660000	-6.188979	10044.468602
10.712000	-6.184190	10044.439421
10.764000	-6.179396	10044.410273
10.816000	-6.174572	10044.381281
10.868000	-6.169737	10044.352342
10.920000	-6.164870	10044.323565
10.972000	-6.159990	10044.294858
11.024000	-6.155082	10044.266297
11.076000	-6.150157	10044.265557
11.128000	-6.145207	10044.289485
11.180000	-6.140239	10044.281727
11.232000	-6.135252	10044.253570
11.284000	-6.130245	10044.225516
11.336000	-6.125222	10044.197548
11.388000	-6.120172	10044.169713
11.440000	-6.115107	10044.141960
11.492000	-6.110013	10044.114356
11.544000	-6.104905	10044.086819
11.596000	-6.099770	10044.059426
11.648000	-6.094626	10044.032078
11.700000	-6.089447	10044.056874
11.752000	-6.084261	10044.078287
11.804000	-6.079041	10044.051326
11.856000	-6.073819	10044.024384
11.908000	-6.068560	10043.997624
11.960000	-6.063298	10043.970887
12.012000	-6.057997	10043.944343
12.064000	-6.052691	10043.917832
12.116000	-6.047354	10043.891477
12.168000	-6.042008	10043.865170
12.220000	-6.036634	10043.839004
12.272000	-6.031247	10043.812908
12.324000	-6.025832	10043.786957
12.376000	-6.020402	10043.761082
12.428000	-6.014949	10043.735320
12.480000	-6.009477	10043.741652
12.532000	-6.003984	10043.768380
12.584000	-5.998472	10043.759166
12.636000	-5.992947	10043.733783
12.688000	-5.987395	10043.708533
12.740000	-5.981828	10043.683364
12.792000	-5.976235	10043.658327
12.844000	-5.970632	10043.633347
12.896000	-5.964995	10043.608533
12.948000	-5.959350	10043.583769
13.000000	-5.953677	10043.559142
13.052000	-5.948000	10043.534540
13.104000	-5.942289	10043.510112
13.156000	-5.936575	10043.485702
13.208000	-5.930820	10043.461500
13.260000	-5.925061	10043.437319
13.312000	-5.919269	10043.413307
13.364000	-5.913472	10043.405383
13.416000	-5.907649	10043.433808
13.468000	-5.901815	10043.442190
13.520000	-5.895950	10043.418556
13.572000	-5.890073	10043.394984
13.624000	-5.884171	10043.371538
13.676000	-5.878257	10043.348158
13.728000	-5.872324	10043.324876
13.780000	-5.866371	10043.301696
13.832000	-5.860396	10043.278629
13.884000	-5.854404	10043.255651
13.936000	-5.848398	10043.232746
13.988000	-5.842365	10043.209976
14.040000	-5.836317	10043.187287
14.092000	-5.830247	10043.164711
14.144000	-5.824167	10043.142184
14.196000	-5.818059	10043.119803
14.248000	-5.811943	10043.097466
14.300000	-5.805796	10043.075288
14.352000	-5.799643	10043.057302
14.404000	-5.793461	10043.087577
14.456000	-5.787276	10043.109668
14.508000	-5.781050	10043.087893
14.560000	-5.774822	10043.066137
14.612000	-5.768565	10043.044525
14.664000	-5.762302	10043.022943
14.716000	-5.756013	10043.001494
14.768000	-5.749715	10042.980100
14.820000	-5.743384	10042.958866
14.872000	-5.737044	10042.937686
14.924000	-5.730682	10042.916615
14.976000	-5.724308	10042.895610
15.028000	-5.717914	10042.874702
15.080000	-5.711504	10042.853884
15.132000	-5.705074	10042.833165
15.184000	-5.698624	10042.812550
15.236000	-5.692158	10042.792019
15.288000	-5.685672	10042.812095
15.340000	-5.679174	10042.844001
15.392000	-5.672650	10042.831499
15.444000	-5.666116	10042.811320
15.496000	-5.659557	10042.791267
15.548000	-5.652991	10042.771251
15.600000	-5.646399	10042.751373
15.652000	-5.639802	10042.731520
15.704000	-5.633170	10042.711841
15.756000	-5.626536	10042.692180
15.808000	-5.619871	10042.672675
15.860000	-5.613203	10042.653191
15.912000	-5.606501	10042.633874
15.964000	-5.599794	10042.614589
16.016000	-5.593061	10042.595435
16.068000	-5.586321	10042.596857
16.120000	-5.579556	10042.630140
16.172000	-5.572782	10042.638908
16.224000	-5.565986	10042.620079
16.276000	-5.559176	10042.601329
16.328000	-5.552343	10042.582690
16.380000	-5.545499	10042.564116
16.432000	-5.538640	10042.545614
16.484000	-5.531761	10042.527217
16.536000	-5.524866	10042.508903
16.588000	-5.517952	10042.490692
16.640000	-5.511025	10042.472541
16.692000	-5.504077	10042.454505
16.744000	-5.497119	10042.436517
16.796000	-5.490136	10042.418655
16.848000	-5.483147	10042.401391
16.900000	-5.476131	10042.435978
16.952000	-5.469111	10042.465991
17.004000	-5.462061	10042.448479
17.056000	-5.455008	10042.430983
17.108000	-5.447925	10042.413642
17.160000	-5.440839	10042.396320
17.212000	-5.433724	10042.379142
17.264000	-5.426604	10042.361995
17.316000	-5.419458	10042.344980
17.368000	-5.412304	10042.328008
17.420000	-5.405127	10042.311155
17.472000	-5.397941	10042.294349
17.524000	-5.390738	10042.277633
17.576000	-5.383520	10042.289821
17.628000	-5.376280	10042.325568
17.680000	-5.369027	10042.328518
17.732000	-5.361761	10042.312127
17.784000	-5.354477	10042.295828
17.836000	-5.347180	10042.279600
17.888000	-5.339865	10042.263459
17.940000	-5.332542	10042.247368
17.992000	-5.325196	10042.231392
18.044000	-5.317841	10042.215463
18.096000	-5.310461	10042.199662
18.148000	-5.303075	10042.183896
18.200000	-5.295661	10042.168270
18.252000	-5.288243	10042.157483
18.304000	-5.280801	10042.194280
18.356000	-5.273356	10042.222237
18.408000	-5.265886	10042.206904
18.460000	-5.258413	10042.191590
18.512000	-5.250912	10042.176419
18.564000	-5.243405	10042.161281
18.616000	-5.235872	10042.146272
18.668000	-5.228332	10042.131302
18.720000	-5.220774	10042.116430
18.772000	-5.213206	10042.101606
18.824000	-5.205621	10042.086870
18.876000	-5.198023	10042.072204
18.928000	-5.190407	10042.057631
18.980000	-5.182778	10042.076207
19.032000	-5.175135	10042.114046
19.084000	-5.167478	10042.114842
19.136000	-5.159809	10042.100544
19.188000	-5.152120	10042.086348
19.240000	-5.144420	10042.072212
19.292000	-5.136702	10042.058173
19.344000	-5.128976	10042.044173
19.396000	-5.121229	10042.030280
19.448000	-5.113476	10042.016417
19.500000	-5.105697	10042.002694
19.552000	-5.097913	10041.988994
19.604000	-5.090109	10041.975395
19.656000	-5.082304	10041.970882
19.708000	-5.074468	10042.009725
19.760000	-5.066629	10042.035476
19.812000	-5.058767	10042.022182
19.864000	-5.050900	10042.008915
19.916000	-5.043012	10041.995757
19.968000	-5.035119	10041.982630
20.020000	-5.027210	10041.969583
20.072000	-5.019290	10041.956592
20.124000	-5.011349	10041.943708
20.176000	-5.003398	10041.930881
20.228000	-4.995432	10041.918133
20.280000	-4.987452	10041.905452
20.332000	-4.979459	10041.892841
20.384000	-4.971455	10041.917629
20.436000	-4.963441	10041.957402
20.488000	-4.955407	10041.955905
20.540000	-4.947362	10041.943567
20.592000	-4.939302	10041.931307
20.644000	-4.931236	10041.919079
20.696000	-4.923149	10041.906959
20.748000	-4.915057	10041.894867
20.800000	-4.906942	10041.882894
20.852000	-4.898824	10041.870939
20.904000	-4.890681	10041.859112
20.956000	-4.882536	10041.847297
21.008000	-4.874371	10041.835586
21.060000	-4.866202	10041.837220
21.112000	-4.858011	10041.877920
21.164000	-4.849815	10041.901282
21.216000	-4.841597	10041.889843
21.268000	-4.833374	10041.878437
21.320000	-4.825136	10041.867109
21.372000	-4.816888	10041.855829
21.424000	-4.808624	10041.844638
21.476000	-4.800348	10041.833505
21.528000	-4.792058	10041.822450
21.580000	-4.783759	10041.811438
21.632000	-4.775453	10041.800468
21.684000	-4.767129	10041.789590
21.736000	-4.758791	10041.778783
21.788000	-4.750439	10041.768046
21.840000	-4.742081	10041.757349
21.892000	-4.733707	10041.792361
21.944000	-4.725327	10041.834049
21.996000	-4.716927	10041.826176
22.048000	-4.708521	10041.815726
22.100000	-4.700097	10041.805371
22.152000	-4.691670	10041.795031
22.204000	-4.683224	10041.784795
22.256000	-4.674775	10041.774569
22.308000	-4.666307	10041.764447
22.360000	-4.657836	10041.754343
22.412000	-4.649341	10041.744357
22.464000	-4.640842	10041.734395
22.516000	-4.632327	10041.724520
22.568000	-4.623804	10041.714683
22.620000	-4.615263	10041.704944
22.672000	-4.606716	10041.695236
22.724000	-4.598159	10041.685582
22.776000	-4.589590	10041.675986
22.828000	-4.581007	10041.666468
22.880000	-4.572416	10041.690727
22.932000	-4.563817	10041.733568
22.984000	-4.555202	10041.738714
23.036000	-4.546577	10041.729418
23.088000	-4.537938	10041.720192
23.140000	-4.529292	10041.711005
23.192000	-4.520631	10041.701898
23.244000	-4.511964	10041.692822
23.296000	-4.503279	10041.683834
23.348000	-4.494592	10041.674868
23.400000	-4.485890	10041.665974
23.452000	-4.477186	10041.657093
23.504000	-4.468457	10041.648340
23.556000	-4.459727	10041.639599
23.608000	-4.450981	10041.630935
23.660000	-4.442233	10041.622290
23.712000	-4.433461	10041.613763
23.764000	-4.424686	10041.605254
23.816000	-4.415899	10041.596811
23.868000	-4.407106	10041.588400
23.920000	-4.398298	10041.580067
23.972000	-4.389482	10041.571775
24.024000	-4.380653	10041.563553
24.076000	-4.371818	10041.555367
24.128000	-4.362973	10041.547230
24.180000	-4.354117	10041.539147
24.232000	-4.345252	10041.531120
24.284000	-4.336374	10041.523157
24.336000	-4.327487	10041.515240
24.388000	-4.318587	10041.507395
24.440000	-4.309679	10041.499589
24.492000	-4.300760	10041.537909
24.544000	-4.291837	10041.582461
24.596000	-4.282897	10041.576997
24.648000	-4.273953	10041.569385
24.700000	-4.264995	10041.561846
24.752000	-4.256035	10041.554319
24.804000	-4.247055	10041.546895
24.856000	-4.238074	10041.539482
24.908000	-4.229077	10041.532146
24.960000	-4.220078	10041.524827
25.012000	-4.211061	10041.517601
25.064000	-4.202041	10041.510395
25.116000	-4.193008	10041.503253
25.168000	-4.183970	10041.496137
25.220000	-4.174922	10041.489080
25.272000	-4.165866	10041.482064
25.324000	-4.156796	10041.475118
25.376000	-4.147717	10041.468220
25.428000	-4.138627	10041.461384
25.480000	-4.129531	10041.454577
25.532000	-4.120430	10041.447800
25.584000	-4.111317	10041.441086
25.636000	-4.102195	10041.434420
25.688000	-4.093063	10041.427807
25.740000	-4.083926	10041.421224
25.792000	-4.074772	10041.414722
25.844000	-4.065614	10041.408250
25.896000	-4.056447	10041.401823
25.948000	-4.047278	10041.395409
26.000000	-4.038091	10041.389091
26.052000	-4.028901	10041.382787
26.104000	-4.019696	10041.376562
26.156000	-4.010490	10041.370347
26.208000	-4.001268	10041.364209
26.260000	-3.992045	10041.358084
26.312000	-3.982808	10041.352030
26.364000	-3.973568	10041.345995
26.416000	-3.964316	10041.340025
26.468000	-3.955057	10041.334089
26.520000	-3.945784	10041.328229
26.572000	-3.936507	10041.296080
26.624000	-3.927223	10041.238005
26.676000	-3.917932	10041.210317
26.728000	-3.908633	10041.204601
26.780000	-3.899325	10041.198927
26.832000	-3.890010	10041.193296
26.884000	-3.880685	10041.187712
26.936000	-3.871355	10041.182165
26.988000	-3.862013	10041.176672
27.040000	-3.852667	10041.171209
27.092000	-3.843308	10041.165807
27.144000	-3.833946	10041.160428
27.196000	-3.824571	10041.155116
27.248000	-3.815193	10041.149822
27.300000	-3.805805	10041.144577
27.352000	-3.796417	10041.139340
27.404000	-3.787008	10041.134209
27.456000	-3.777598	10041.129086
27.508000	-3.768178	10041.124015
27.560000	-3.758757	10041.118954
27.612000	-3.749327	10041.113941
27.664000	-3.739892	10041.108954
27.716000	-3.730441	10041.104051
27.768000	-3.720987	10041.099167
27.820000	-3.711526	10041.094323
27.872000	-3.702058	10041.089511
27.924000	-3.692581	10041.084752
27.976000	-3.683097	10041.080030
28.028000	-3.673604	10041.075355
28.080000	-3.664105	10041.070710
28.132000	-3.654602	10041.066093
28.184000	-3.645092	10041.061510
28.236000	-3.635579	10041.056952
28.288000	-3.626051	10041.052466
28.340000	-3.616516	10041.048019
28.392000	-3.606977	10041.043593
28.444000	-3.597437	10041.039177
28.496000	-3.587880	10040.984093
28.548000	-3.578319	10040.930035
28.600000	-3.568753	10040.925756
28.652000	-3.559187	10040.921483
28.704000	-3.549600	10040.917315
28.756000	-3.540013	10040.913154
28.808000	-3.530421	10040.909020
28.860000	-3.520826	10040.904901
28.912000	-3.511218	10040.900851
28.964000	-3.501607	10040.896822
29.016000	-3.491984	10040.892857
29.068000	-3.482358	10040.888903
29.120000	-3.472729	10040.884970
29.172000	-3.463095	10040.881069
29.224000	-3.453450	10040.877221
29.276000	-3.443799	10040.873411
29.328000	-3.434139	10040.869647
29.380000	-3.424473	10040.865914
29.432000	-3.414802	10040.862209
29.484000	-3.405125	10040.858537
29.536000	-3.395444	10040.854890
29.588000	-3.385756	10040.851281
29.640000	-3.376064	10040.847693
29.692000	-3.366365	10040.844146
29.744000	-3.356663	10040.840616
29.796000	-3.346948	10040.837153
29.848000	-3.337230	10040.833707
29.900000	-3.327503	10040.830312
29.952000	-3.317774	10040.820148
30.004000	-3.308041	10040.764514
30.056000	-3.298306	10040.719706
30.108000	-3.288552	10040.716457
30.160000	-3.278797	10040.713216
30.212000	-3.269037	10040.710000
30.264000	-3.259276	10040.706799
30.316000	-3.249506	10040.703641
30.368000	-3.239732	10040.700502
30.420000	-3.229952	10040.697403
30.472000	-3.220168	10040.694326
30.524000	-3.210377	10040.691286
30.576000	-3.200579	10040.688283
30.628000	-3.190772	10040.685327
30.680000	-3.180963	10040.682387
30.732000	-3.171151	10040.679464
30.784000	-3.161333	10040.676574
30.836000	-3.151511	10040.673709
30.888000	-3.141681	10040.670881
30.940000	-3.131848	10040.668074
30.992000	-3.122004	10040.665329
31.044000	-3.112155	10040.662607
31.096000	-3.102303	10040.659908
31.148000	-3.092449	10040.657218
31.200000	-3.082591	10040.654554
31.252000	-3.072732	10040.651896
31.304000	-3.062857	10040.649318
31.356000	-3.052982	10040.646748
31.408000	-3.043097	10040.644229
31.460000	-3.033211	10040.641718
31.512000	-3.023321	10040.639232
31.564000	-3.013428	10040.636760
31.616000	-3.003528	10040.634332
31.668000	-2.993624	10040.631923
31.720000	-2.983713	10040.629554
31.772000	-2.973798	10040.627207
31.824000	-2.963876	10040.624896
31.876000	-2.953950	10040.622612
31.928000	-2.944018	10040.620360
31.980000	-2.934083	10040.618123
32.032000	-2.924146	10040.615904
32.084000	-2.914202	10040.613718
32.136000	-2.904254	10040.611557
32.188000	-2.894303	10040.609415
32.240000	-2.884350	10040.607286
32.292000	-2.874389	10040.605199
32.344000	-2.864426	10040.603129
32.396000	-2.854453	10040.601104
32.448000	-2.844480	10040.599092
32.500000	-2.834496	10040.597130
32.552000	-2.824512	10040.595176
32.604000	-2.814522	10040.593251
32.656000	-2.804532	10040.591331
32.708000	-2.794538	10040.589438
32.760000	-2.784541	10040.586028
32.812000	-2.774536	10040.578966
32.864000	-2.764528	10040.575785
32.916000	-2.754513	10040.579236
32.968000	-2.744495	10040.580363
33.020000	-2.734474	10040.578620
33.072000	-2.724450	10040.579639
33.124000	-2.714418	10040.583182
33.176000	-2.704384	10040.583595
33.228000	-2.694348	10040.581943
33.280000	-2.684306	10040.583869
33.332000	-2.674259	10040.587503
33.384000	-2.664208	10040.591155
33.436000	-2.654156	10040.594822
33.488000	-2.644097	10040.598526
33.540000	-2.634034	10040.602251
33.592000	-2.623971	10040.601219
33.644000	-2.613908	10040.599723
33.696000	-2.603832	10040.603458
33.748000	-2.593754	10040.607274
33.800000	-2.583671	10040.611116
33.852000	-2.573587	10040.615707
33.904000	-2.563498	10040.624811
33.956000	-2.553409	10040.632774
34.008000	-2.543315	10040.636683
34.060000	-2.533219	10040.640604
34.112000	-2.523115	10040.644571
34.164000	-2.513009	10040.648549
34.216000	-2.502899	10040.652549
34.268000	-2.492788	10040.658918
34.320000	-2.482673	10040.668179
34.372000	-2.472554	10040.674700
34.424000	-2.462428	10040.678792
34.476000	-2.452300	10040.686064
34.528000	-2.442170	10040.695415
34.580000	-2.432036	10040.701214
34.632000	-2.421900	10040.705371
34.684000	-2.411761	10040.713519
34.736000	-2.401620	10040.722936
34.788000	-2.391471	10040.732391
34.840000	-2.381320	10040.741866
34.892000	-2.371168	10040.746563
34.944000	-2.361017	10040.750817
34.996000	-2.350856	10040.760303
35.048000	-2.340694	10040.769843
35.100000	-2.330527	10040.779409
35.152000	-2.320360	10040.788982
35.204000	-2.310187	10040.798583
35.256000	-2.300014	10040.808193
35.308000	-2.289831	10040.817853
35.360000	-2.279648	10040.829088
35.412000	-2.269465	10040.843982
35.464000	-2.259280	10040.856916
35.516000	-2.249086	10040.866641
35.568000	-2.238893	10040.876369
35.620000	-2.228700	10040.886101
35.672000	-2.218502	10040.898640
35.724000	-2.208298	10040.913658
35.776000	-2.198092	10040.925503
35.828000	-2.187883	10040.935326
35.880000	-2.177671	10040.948757
35.932000	-2.167456	10040.963841
35.984000	-2.157242	10040.974931
36.036000	-2.147028	10040.984794
36.088000	-2.136806	10040.999093
36.140000	-2.126581	10041.014242
36.192000	-2.116353	10041.029413
36.244000	-2.106123	10041.044594
36.296000	-2.095888	10041.059800
36.348000	-2.085653	10041.074630
36.400000	-2.075413	10041.084643
36.452000	-2.065172	10041.095448
36.504000	-2.054932	10041.110697
36.556000	-2.044690	10041.127144
36.608000	-2.034440	10041.147679
36.660000	-2.024188	10041.166628
36.712000	-2.013932	10041.181968
36.764000	-2.003676	10041.197312
36.816000	-1.993419	10041.212658
36.868000	-1.983160	10041.228025
36.920000	-1.972893	10041.243431
36.972000	-1.962627	10041.261645
37.024000	-1.952360	10041.282285
37.076000	-1.942091	10041.299730
37.128000	-1.931819	10041.315175
37.180000	-1.921545	10041.330637
37.232000	-1.911267	10041.346115
37.284000	-1.900987	10041.365628
37.336000	-1.890705	10041.386366
37.388000	-1.880419	10041.407125
37.440000	-1.870131	10041.427896
37.492000	-1.859844	10041.443844
37.544000	-1.849556	10041.459395
37.596000	-1.839264	10041.480197
37.648000	-1.828972	10041.501007
37.700000	-1.818669	10041.521868
37.752000	-1.808366	10041.542736
37.804000	-1.798068	10041.563581
37.856000	-1.787769	10041.584435
37.908000	-1.777461	10041.605339
37.960000	-1.767151	10041.626251
38.012000	-1.756838	10041.647188
38.064000	-1.746524	10041.668128
38.116000	-1.736211	10041.689072
38.168000	-1.725895	10041.710027
38.220000	-1.715576	10041.731004
38.272000	-1.705257	10041.751983
38.324000	-1.694939	10041.772967
38.376000	-1.684615	10041.793977
38.428000	-1.674285	10041.815020
38.480000	-1.663956	10041.836064
38.532000	-1.653627	10041.857114
38.584000	-1.643297	10041.882203
38.636000	-1.632968	10041.908487
38.688000	-1.622631	10041.930367
38.740000	-1.612292	10041.951481
38.792000	-1.601952	10041.972598
38.844000	-1.591612	10041.993742
38.896000	-1.581268	10042.020116
38.948000	-1.570923	10042.046071
39.000000	-1.560578	10042.067228
39.052000	-1.550233	10042.089219
39.104000	-1.539882	10042.115636
39.156000	-1.529532	10042.140825
39.208000	-1.519176	10042.162048
39.260000	-1.508821	10042.184911
39.312000	-1.498465	10042.211368
39.364000	-1.488109	10042.237835
39.416000	-1.477748	10042.264325
39.468000	-1.467387	10042.288372
39.520000	-1.457026	10042.309642
39.572000	-1.446664	10042.333773
39.624000	-1.436298	10042.360303
39.676000	-1.425929	10042.386847
39.728000	-1.415558	10042.413410
39.780000	-1.405187	10042.439975
39.832000	-1.394816	10042.466545
39.884000	-1.384441	10042.489073
39.936000	-1.374065	10042.510448
39.988000	-1.363689	10042.536289
40.040000	-1.353312	10042.562899
40.092000	-1.342932	10042.589531
40.144000	-1.332550	10042.616173
40.196000	-1.322169	10042.642818
40.248000	-1.311787	10042.669466
40.300000	-1.301401	10042.696143
40.352000	-1.291014	10042.722824
40.404000	-1.280627	10042.749509
40.456000	-1.270240	10042.774944
40.508000	-1.259847	10042.796434
40.560000	-1.249455	10042.819588
40.612000	-1.239063	10042.846312
40.664000	-1.228670	10042.873047
40.716000	-1.218273	10042.899805
40.768000	-1.207875	10042.926566
40.820000	-1.197478	10042.953331
40.872000	-1.187079	10042.980109
40.924000	-1.176676	10043.006907
40.976000	-1.166274	10043.033707
41.028000	-1.155871	10043.060512
41.080000	-1.145466	10043.087334
41.132000	-1.135058	10043.114173
41.184000	-1.124650	10043.141013
41.236000	-1.114243	10043.167858
41.288000	-1.103835	10043.194705
41.340000	-1.093427	10043.221557
41.392000	-1.083015	10043.243543
41.444000	-1.072602	10043.265266
41.496000	-1.062189	10043.292154
41.548000	-1.051776	10043.319045
41.600000	-1.041358	10043.345965
41.652000	-1.030940	10043.372890
41.704000	-1.020522	10043.399817
41.756000	-1.010104	10043.426749
41.808000	-0.999686	10043.453684
41.860000	-0.989267	10043.478945
41.912000	-0.978845	10043.500678
41.964000	-0.968423	10043.524501
42.016000	-0.957999	10043.551479
42.068000	-0.947574	10043.578463
42.120000	-0.937149	10043.605456
42.172000	-0.926722	10043.632455
42.224000	-0.916295	10043.659463
42.276000	-0.905867	10043.683182
42.328000	-0.895438	10043.704980
42.380000	-0.885008	10043.730485
42.432000	-0.874577	10043.757526
42.484000	-0.864146	10043.780470
42.536000	-0.853713	10043.802298
42.588000	-0.843280	10043.828642
42.640000	-0.832846	10043.855712
42.692000	-0.822410	10043.877882
42.744000	-0.811974	10043.899830
42.796000	-0.801538	10043.926925
42.848000	-0.791101	10043.953534
42.900000	-0.780662	10043.975417
42.952000	-0.770224	10043.998200
43.004000	-0.759784	10044.025323
43.056000	-0.749344	10044.051152
43.108000	-0.738902	10044.073065
43.160000	-0.728460	10044.094984
43.212000	-0.718018	10044.116910
43.264000	-0.707575	10044.138840
43.316000	-0.697131	10044.160779
43.368000	-0.686686	10044.182723
43.420000	-0.676241	10044.204677
43.472000	-0.665795	10044.229550
43.524000	-0.655349	10044.256744
43.576000	-0.644902	10044.280626
43.628000	-0.634454	10044.302608
43.680000	-0.624005	10044.320872
43.732000	-0.613556	10044.337639
43.784000	-0.603106	10044.358537
43.836000	-0.592656	10044.380544
43.888000	-0.582206	10044.402555
43.940000	-0.571755	10044.424571
43.992000	-0.561303	10044.446596
44.044000	-0.550851	10044.468518
44.096000	-0.540398	10044.485329
44.148000	-0.529945	10044.502659
44.200000	-0.519491	10044.524710
44.252000	-0.509036	10044.545849
44.304000	-0.498582	10044.562684
44.356000	-0.488127	10044.580844
44.408000	-0.477671	10044.602918
44.460000	-0.467215	10044.623273
44.512000	-0.456758	10044.640133
44.564000	-0.446301	10044.656997
44.616000	-0.435843	10044.673870
44.668000	-0.425385	10044.690745
44.720000	-0.414927	10044.707626
44.772000	-0.404469	10044.724512
44.824000	-0.394009	10044.741408
44.876000	-0.383550	10044.758305
44.928000	-0.373090	10044.775209
44.980000	-0.362630	10044.792117
45.032000	-0.352169	10044.809033
45.084000	-0.341709	10044.825952
45.136000	-0.331248	10044.842878
45.188000	-0.320786	10044.859808
45.240000	-0.310325	10044.876744
45.292000	-0.299863	10044.888729
45.344000	-0.289400	10044.900578
45.396000	-0.278938	10044.917529
45.448000	-0.268475	10044.933949
45.500000	-0.258012	10044.945683
45.552000	-0.247549	10044.957421
45.604000	-0.237085	10044.969165
45.656000	-0.226622	10044.980914
45.708000	-0.216157	10044.992668
45.760000	-0.205693	10045.006172
45.812000	-0.195229	10045.023162
45.864000	-0.184765	10045.035855
45.916000	-0.174300	10045.042400
45.968000	-0.163835	10045.051502
46.020000	-0.153370	10045.063285
46.072000	-0.142905	10045.075070
46.124000	-0.132439	10045.086861
46.176000	-0.121974	10045.098653
46.228000	-0.111509	10045.110451
46.280000	-0.101043	10045.118488
46.332000	-0.090577	10045.125070
46.384000	-0.080111	10045.135823
46.436000	-0.069646	10045.147639
46.488000	-0.059180	10045.154885
46.540000	-0.048714	10045.161482
46.592000	-0.038248	10045.168082
46.644000	-0.027782	10045.174687
46.696000	-0.017316	10045.181295
46.748000	-0.006849	10045.187908
46.800000	0.003617	10045.194524
46.852000	0.014083	10045.201144
46.904000	0.024549	10045.207767
46.956000	0.035015	10045.213030
47.008000	0.045481	10045.214434
47.060000	0.055947	10045.217609
47.112000	0.066413	10045.224248
47.164000	0.076879	10045.230890
47.216000	0.087345	10045.237535
47.268000	0.097810	10045.241608
47.320000	0.108276	10045.243033
47.372000	0.118741	10045.244460
47.424000	0.129207	10045.245892
47.476000	0.139672	10045.247325
47.528000	0.150137	10045.248765
47.580000	0.160602	10045.250206
47.632000	0.171068	10045.251654
47.684000	0.181532	10045.253101
47.736000	0.191997	10045.254553
47.788000	0.202461	10045.256006
47.840000	0.212926	10045.257464
47.892000	0.223389	10045.258921
47.944000	0.233853	10045.260209
47.996000	0.244317	10045.256447
48.048000	0.254780	10045.253268
48.100000	0.265243	10045.254737
48.152000	0.275706	10045.255227
48.204000	0.286168	10045.251475
48.256000	0.296631	10045.247728
48.308000	0.307093	10045.243982
48.360000	0.317555	10045.240240
48.412000	0.328017	10045.236499
48.464000	0.338478	10045.232761
48.516000	0.348938	10045.229024
48.568000	0.359399	10045.225289
48.620000	0.369859	10045.221560
48.672000	0.380320	10045.217831
48.724000	0.390779	10045.214105
48.776000	0.401238	10045.206973
48.828000	0.411696	10045.198023
48.880000	0.422155	10045.192883
48.932000	0.432613	10045.189168
48.984000	0.443071	10045.181236
49.036000	0.453528	10045.172294
49.088000	0.463984	10045.163354
49.140000	0.474441	10045.154419
49.192000	0.484897	10045.150501
49.244000	0.495352	10045.146597
49.296000	0.505807	10045.137663
49.348000	0.516262	10045.128733
49.400000	0.526716	10045.119802
49.452000	0.537169	10045.109871
49.504000	0.547622	10045.095715
49.556000	0.558074	10045.082971
49.608000	0.568526	10045.074046
49.660000	0.578978	10045.065124
49.712000	0.589429	10045.056205
49.764000	0.599879	10045.045071
49.816000	0.610329	10045.030925
49.868000	0.620778	10045.019399
49.920000	0.631227	10045.010483
49.972000	0.641675	10044.998543
50.024000	0.652121	10044.984401
50.076000	0.662568	10044.970259
50.128000	0.673015	10044.956123
50.180000	0.683460	10044.941983
50.232000	0.693905	10044.927847
50.284000	0.704349	10044.917944
50.336000	0.714793	10044.909038
50.388000	0.725235	10044.890851
50.440000	0.735678	10044.871491
50.492000	0.746119	10044.857169
50.544000	0.756559	10044.843036
50.596000	0.766999	10044.828901
50.648000	0.777439	10044.814771
50.700000	0.787877	10044.800637
50.752000	0.798315	10044.785481
50.804000	0.808751	10044.766120
50.856000	0.819187	10044.748192
50.908000	0.829622	10044.734059
50.960000	0.840057	10044.718094
51.012000	0.850490	10044.698735
51.064000	0.860923	10044.681614
51.116000	0.871355	10044.667482
51.168000	0.881786	10044.650710
51.220000	0.892216	10044.631352
51.272000	0.902646	10044.611993
51.324000	0.913075	10044.592636
51.376000	0.923502	10044.573275
51.428000	0.933929	10044.553916
51.480000	0.944354	10044.534554
51.532000	0.954779	10044.515196
51.584000	0.965203	10044.495833
51.636000	0.975626	10044.476472
51.688000	0.986047	10044.457109
51.740000	0.996469	10044.437748
51.792000	1.006888	10044.418381
51.844000	1.017307	10044.399016
51.896000	1.027725	10044.379652
51.948000	1.038143	10044.360293
52.000000	1.048556	10044.340912
52.052000	1.058969	10044.320488
52.104000	1.069382	10044.295888
52.156000	1.079795	10044.272743
52.208000	1.090208	10044.253380
52.260000	1.100620	10044.234014
52.312000	1.111028	10044.214633
52.364000	1.121435	10044.192996
52.416000	1.131843	10044.168397
52.468000	1.142251	10044.146463
52.520000	1.152659	10044.127100
52.572000	1.163064	10044.104660
52.624000	1.173466	10044.080053
52.676000	1.183866	10044.058904
52.728000	1.194264	10044.039506
52.780000	1.204661	10044.016236
52.832000	1.215058	10043.991620
52.884000	1.225455	10043.967005
52.936000	1.235853	10043.942398
52.988000	1.246246	10043.922455
53.040000	1.256638	10043.903057
53.092000	1.267026	10043.878554
53.144000	1.277413	10043.853911
53.196000	1.287804	10043.829296
53.248000	1.298196	10043.804687
53.300000	1.308578	10043.780032
53.352000	1.318960	10043.756449
53.404000	1.329341	10043.737029
53.456000	1.339723	10043.716140
53.508000	1.350104	10043.691502
53.560000	1.360485	10043.666861
53.612000	1.370861	10043.642206
53.664000	1.381236	10043.617546
53.716000	1.391607	10043.592874
53.768000	1.401978	10043.568205
53.820000	1.412349	10043.543542
53.872000	1.422721	10043.518881
53.924000	1.433092	10043.494227
53.976000	1.443460	10043.473054
54.028000	1.453826	10043.453610
54.080000	1.464189	10043.430257
54.132000	1.474549	10043.405569
54.184000	1.484910	10043.380883
54.236000	1.495271	10043.356204
54.288000	1.505628	10043.331508
54.340000	1.515983	10043.306811
54.392000	1.526334	10043.282096
54.444000	1.536684	10043.257382
54.496000	1.547035	10043.232672
54.548000	1.557385	10043.207967
54.600000	1.567730	10043.183240
54.652000	1.578075	10043.158518
54.704000	1.588420	10043.133801
54.756000	1.598763	10043.110575
54.808000	1.609098	10043.091042
54.860000	1.619434	10043.069620
54.912000	1.629773	10043.044895
54.964000	1.640110	10043.020158
55.016000	1.650439	10042.995390
55.068000	1.660769	10042.970626
55.120000	1.671098	10042.945868
55.172000	1.681425	10042.924210
55.224000	1.691749	10042.904663
55.276000	1.702070	10042.881590
55.328000	1.712389	10042.856798
55.380000	1.722708	10042.832009
55.432000	1.733027	10042.807227
55.484000	1.743342	10042.786751
55.536000	1.753656	10042.767179
55.588000	1.763966	10042.742864
55.640000	1.774274	10042.718048
55.692000	1.784582	10042.693235
55.744000	1.794891	10042.668734
55.796000	1.805190	10042.649110
55.848000	1.815488	10042.628778
55.900000	1.825786	10042.603932
55.952000	1.836083	10042.580202
56.004000	1.846376	10042.560567
56.056000	1.856668	10042.539416
56.108000	1.866955	10042.514537
56.160000	1.877243	10042.491583
56.212000	1.887530	10042.471942
56.264000	1.897815	10042.452288
56.316000	1.908092	10042.432604
56.368000	1.918369	10042.410194
56.420000	1.928646	10042.385293
56.472000	1.938920	10042.363514
56.524000	1.949192	10042.343824
56.576000	1.959461	10042.324121
56.628000	1.969728	10042.304414
56.680000	1.979991	10042.284693
56.732000	1.990253	10042.264970
56.784000	2.000510	10042.245231
56.836000	2.010767	10042.225491
56.888000	2.021019	10042.205733
56.940000	2.031270	10042.185977
56.992000	2.041520	10042.166223
57.044000	2.051771	10042.146476
57.096000	2.062013	10042.126684
57.148000	2.072253	10042.106894
57.200000	2.082488	10042.087082
57.252000	2.092724	10042.068410
57.304000	2.102959	10042.053836
57.356000	2.113192	10042.037719
57.408000	2.123417	10042.017875
57.460000	2.133642	10041.998035
57.512000	2.143867	10041.978201
57.564000	2.154088	10041.960701
57.616000	2.164303	10041.946052
57.668000	2.174517	10041.928657
57.720000	2.184731	10041.908791
57.772000	2.194941	10041.892057
57.824000	2.205145	10041.877377
57.876000	2.215346	10041.862684
57.928000	2.225544	10041.847988
57.980000	2.235743	10041.829332
58.032000	2.245942	10041.809417
58.084000	2.256133	10041.793835
58.136000	2.266321	10041.779105
58.188000	2.276505	10041.764359
58.240000	2.286688	10041.749613
58.292000	2.296867	10041.734849
58.344000	2.307045	10041.720087
58.396000	2.317217	10041.705305
58.448000	2.327390	10041.690527
58.500000	2.337552	10041.675701
58.552000	2.347714	10041.662037
58.604000	2.357876	10041.652449
58.656000	2.368036	10041.641296
58.708000	2.378188	10041.626439
58.760000	2.388338	10041.611580
58.812000	2.398485	10041.596707
58.864000	2.408629	10041.584197
58.916000	2.418771	10041.574536
58.968000	2.428910	10041.562096
59.020000	2.439046	10041.547192
59.072000	2.449177	10041.535441
59.124000	2.459302	10041.525723
59.176000	2.469425	10041.515992
59.228000	2.479545	10041.506258
59.280000	2.489662	10041.492526
59.332000	2.499777	10041.477549
59.384000	2.509888	10041.466942
59.436000	2.519998	10041.457176
59.488000	2.530100	10041.447373
59.540000	2.540199	10041.437564
59.592000	2.550294	10041.427737
59.644000	2.560388	10041.417922
59.696000	2.570477	10041.408088
59.748000	2.580566	10041.399033
59.800000	2.590644	10041.394383
59.852000	2.600722	10041.388558
59.904000	2.610796	10041.378665
59.956000	2.620867	10041.368769
60.008000	2.630930	10041.358835
60.060000	2.640991	10041.350885
60.112000	2.651049	10041.346163
60.164000	2.661105	10041.339046
60.216000	2.671157	10041.329082
60.268000	2.681205	10041.321893
60.320000	2.691247	10041.317115
60.372000	2.701286	10041.312327
60.424000	2.711323	10041.307533
60.476000	2.721354	10041.299112
60.528000	2.731380	10041.289049
60.580000	2.741399	10041.282961
60.632000	2.751415	10041.278084
60.684000	2.761431	10041.273210
60.736000	2.771446	10041.268343
60.788000	2.781450	10041.263419
60.840000	2.791450	10041.258485
60.892000	2.801445	10041.253532
60.944000	2.811440	10041.248582
60.996000	2.821430	10041.243612
61.048000	2.831420	10041.239442
61.100000	2.841399	10041.239656
61.152000	2.851377	10041.238672
61.204000	2.861345	10041.233618
61.256000	2.871312	10041.228560
61.308000	2.881270	10041.223465
61.360000	2.891227	10041.220376
61.412000	2.901180	10041.220493
61.464000	2.911132	10041.218194
61.516000	2.921079	10041.213070
61.568000	2.931021	10041.210732
61.620000	2.940953	10041.210768
61.672000	2.950882	10041.210794
61.724000	2.960809	10041.210815
61.776000	2.970730	10041.207186
61.828000	2.980647	10041.201938
61.880000	2.990556	10041.200687
61.932000	3.000462	10041.200625
61.984000	3.010365	10041.200548
62.036000	3.020265	10041.200471
62.088000	3.030158	10041.200356
62.140000	3.040048	10041.200238
62.192000	3.049929	10041.200079
62.244000	3.059809	10041.199919
62.296000	3.069679	10041.199715
62.348000	3.079548	10041.199513
62.400000	3.089407	10041.199265
62.452000	3.099265	10041.199018
62.504000	3.109113	10041.198730
62.556000	3.118961	10041.200067
62.608000	3.128804	10041.204992
62.660000	3.138643	10041.207871
62.712000	3.148471	10041.207502
62.764000	3.158296	10041.207127
62.816000	3.168119	10041.206743
62.868000	3.177935	10041.209167
62.920000	3.187741	10041.213944
62.972000	3.197545	10041.215469
63.024000	3.207347	10041.215005
63.076000	3.217142	10041.214512
63.128000	3.226933	10041.214007
63.180000	3.236714	10041.217502
63.232000	3.246489	10041.222156
63.284000	3.256261	10041.226795
63.336000	3.266031	10041.231435
63.388000	3.275788	10041.231160
63.440000	3.285543	10041.230537
63.492000	3.295288	10041.235069
63.544000	3.305032	10041.239600
63.596000	3.314766	10041.244088
63.648000	3.324499	10041.247737
63.700000	3.334222	10041.246954
63.752000	3.343944	10041.247415
63.804000	3.353656	10041.251818
63.856000	3.363367	10041.256218
63.908000	3.373069	10041.260582
63.960000	3.382767	10041.264930
64.012000	3.392454	10041.269227
64.064000	3.402137	10041.273511
64.116000	3.411812	10041.277769
64.168000	3.421484	10041.282007
64.220000	3.431150	10041.286225
64.272000	3.440810	10041.290419
64.324000	3.450465	10041.294597
64.376000	3.460111	10041.298732
64.428000	3.469750	10041.302843
64.480000	3.479383	10041.306923
64.532000	3.489012	10041.310993
64.584000	3.498633	10041.315029
64.636000	3.508252	10041.319059
64.688000	3.517858	10041.323030
64.740000	3.527460	10041.326993
64.792000	3.537054	10041.330915
64.844000	3.546646	10041.334838
64.896000	3.556224	10041.338691
64.948000	3.565800	10041.342546
65.000000	3.575366	10041.346355
65.052000	3.584931	10041.350163
65.104000	3.594481	10041.353907
65.156000	3.604030	10041.357646
65.208000	3.613570	10041.361350
65.260000	3.623107	10041.365046
65.312000	3.632637	10041.368710
65.364000	3.642159	10041.374820
65.416000	3.651668	10041.383621
65.468000	3.661172	10041.389521
65.520000	3.670670	10041.393055
65.572000	3.680163	10041.396564
65.624000	3.689651	10041.400058
65.676000	3.699130	10041.403510
65.728000	3.708602	10041.406938
65.780000	3.718064	10041.410317
65.832000	3.727520	10041.413679
65.884000	3.736969	10041.417006
65.936000	3.746415	10041.420327
65.988000	3.755848	10041.428489
66.040000	3.765279	10041.436896
66.092000	3.774695	10041.440087
66.144000	3.784110	10041.443276
66.196000	3.793509	10041.446396
66.248000	3.802908	10041.449517
66.300000	3.812296	10041.452594
66.352000	3.821682	10041.455666
66.404000	3.831050	10041.458651
66.456000	3.840415	10041.461632
66.508000	3.849772	10041.464579
66.560000	3.859125	10041.467509
66.612000	3.868467	10041.470390
66.664000	3.877803	10041.475747
66.716000	3.887129	10041.483790
66.768000	3.896448	10041.488901
66.820000	3.905758	10041.491652
66.872000	3.915060	10041.494367
66.924000	3.924354	10041.497052
66.976000	3.933640	10041.499695
67.028000	3.942918	10041.502316
67.080000	3.952190	10041.504904
67.132000	3.961458	10041.507485
67.184000	3.970711	10041.509993
67.236000	3.979959	10041.512482
67.288000	3.989193	10041.514912
67.340000	3.998425	10041.517334
67.392000	4.007643	10041.519693
67.444000	4.016859	10041.522051
67.496000	4.026054	10041.524314
67.548000	4.035249	10041.525672
67.600000	4.044434	10041.522664
67.652000	4.053616	10041.520964
67.704000	4.062785	10041.523119
67.756000	4.071950	10041.525260
67.808000	4.081098	10041.527324
67.860000	4.090242	10041.529372
67.912000	4.099374	10041.531371
67.964000	4.108501	10041.533348
68.016000	4.117618	10041.535283
68.068000	4.126725	10041.534253
68.120000	4.135821	10041.530870
68.172000	4.144909	10041.530778
68.224000	4.153989	10041.532558
68.276000	4.163060	10041.530563
68.328000	4.172124	10041.527050
68.380000	4.181175	10041.527608
68.432000	4.190218	10041.529231
68.484000	4.199250	10041.526261
68.536000	4.208278	10041.522592
68.588000	4.217293	10041.523807
68.640000	4.226305	10041.525180
68.692000	4.235299	10041.521359
68.744000	4.244290	10041.518056
68.796000	4.253261	10041.519364
68.848000	4.262231	10041.519744
68.900000	4.271185	10041.515756
68.952000	4.280138	10041.511765
69.004000	4.289077	10041.507712
69.056000	4.298011	10041.503645
69.108000	4.306929	10041.499502
69.160000	4.315842	10041.495336
69.212000	4.324739	10041.491103
69.264000	4.333629	10041.486838
69.316000	4.342505	10041.482515
69.368000	4.351374	10041.478161
69.420000	4.360235	10041.473774
69.472000	4.369085	10041.469337
69.524000	4.377924	10041.464860
69.576000	4.386755	10041.460340
69.628000	4.395578	10041.455798
69.680000	4.404385	10041.451173
69.732000	4.413183	10041.446515
69.784000	4.421969	10041.437241
69.836000	4.430751	10041.427290
69.888000	4.439516	10041.422225
69.940000	4.448277	10041.417269
69.992000	4.457020	10041.407141
70.044000	4.465760	10041.397554
70.096000	4.474485	10041.392580
70.148000	4.483209	10041.386656
70.200000	4.491907	10041.376336
70.252000	4.500603	10041.366010
70.304000	4.509280	10041.355601
70.356000	4.517955	10041.345181
70.408000	4.526617	10041.334708
70.460000	4.535271	10041.324204
70.512000	4.543907	10041.313615
70.564000	4.552535	10041.302994
70.616000	4.561150	10041.292316
70.668000	4.569758	10041.281607
70.720000	4.578357	10041.270865
70.772000	4.586943	10041.256688
70.824000	4.595516	10041.240604
70.876000	4.604077	10041.228236
70.928000	4.612629	10041.217288
70.980000	4.621167	10041.202096
71.032000	4.629698	10041.185831
71.084000	4.638210	10041.169473
71.136000	4.646715	10041.153092
71.188000	4.655207	10041.136652
71.240000	4.663696	10041.120207
71.292000	4.672162	10041.103651
71.344000	4.680625	10041.087089
71.396000	4.689063	10041.070408
71.448000	4.697500	10041.053727
71.500000	4.705921	10041.036978
71.552000	4.714339	10041.018846
71.604000	4.722734	10040.996755
71.656000	4.731125	10040.974650
71.708000	4.739500	10040.952470
71.760000	4.747867	10040.932441
71.812000	4.756215	10040.915373
71.864000	4.764556	10040.895687
71.916000	4.772883	10040.873303
71.968000	4.781199	10040.847877
72.020000	4.789500	10040.820151
72.072000	4.797790	10040.795767
72.124000	4.806070	10040.773180
72.176000	4.814335	10040.746721
72.228000	4.822589	10040.718790
72.280000	4.830830	10040.690794
72.332000	4.839063	10040.662774
72.384000	4.847277	10040.634661
72.436000	4.855484	10040.606525
72.488000	4.863669	10040.578288
72.540000	4.871850	10040.550036
72.592000	4.880012	10040.521698
72.644000	4.888172	10040.492768
72.696000	4.896307	10040.459080
72.748000	4.904439	10040.425390
72.800000	4.912547	10040.391584
72.852000	4.920651	10040.357768
72.904000	4.928733	10040.323847
72.956000	4.936810	10040.288112
73.008000	4.944871	10040.248875
73.060000	4.952924	10040.209607
73.112000	4.960959	10040.170257
73.164000	4.968984	10040.130863
73.216000	4.976992	10040.091399
73.268000	4.984989	10040.051880
73.320000	4.992971	10040.012301
73.372000	5.000940	10039.969242
73.424000	5.008896	10039.924321
73.476000	5.016837	10039.879326
73.528000	5.024767	10039.834290
73.580000	5.032679	10039.789171
73.632000	5.040583	10039.744020
73.684000	5.048468	10039.694150
73.736000	5.056345	10039.643657
73.788000	5.064202	10039.593062
73.840000	5.072053	10039.542247
73.892000	5.079881	10039.486300
73.944000	5.087707	10039.430961
73.996000	5.095501	10039.380092
74.048000	5.103294	10039.327194
74.100000	5.111067	10039.265779
74.152000	5.118836	10039.205770
74.204000	5.126578	10039.149443
74.256000	5.134315	10039.089451
74.308000	5.142030	10039.022556
74.360000	5.149738	10038.957854
74.412000	5.157428	10038.896072
74.464000	5.165108	10038.831618
74.516000	5.172771	10038.764496
74.568000	5.180421	10038.694274
74.620000	5.188053	10038.621785
74.672000	5.195671	10038.549230
74.724000	5.203277	10038.476627
74.776000	5.210864	10038.403933
74.828000	5.218439	10038.331190
74.880000	5.225996	10038.254118
74.932000	5.233544	10038.176032
74.984000	5.241073	10038.093206
75.036000	5.248595	10038.009779
75.088000	5.256091	10037.926228
75.140000	5.263582	10037.842433
75.192000	5.271050	10037.753527
75.244000	5.278514	10037.664618
75.296000	5.285948	10037.575564
75.348000	5.293380	10037.484434
75.400000	5.300782	10037.384782
75.452000	5.308180	10037.286561
75.504000	5.315556	10037.192024
75.556000	5.322925	10037.093773
75.608000	5.330270	10036.988642
75.660000	5.337607	10036.883479
75.712000	5.344925	10036.778235
75.764000	5.352232	10036.670288
75.816000	5.359519	10036.559678
75.868000	5.366792	10036.449002
75.920000	5.374048	10036.338254
75.972000	5.381287	10036.220508
76.024000	5.388511	10036.099166
76.076000	5.395717	10035.977733
76.128000	5.402910	10035.856251
76.180000	5.410085	10035.730418
76.232000	5.417252	10035.603596
76.284000	5.424395	10035.471990
76.336000	5.431530	10035.339800
76.388000	5.438639	10035.202412
76.440000	5.445743	10035.064605
76.492000	5.452814	10034.921662
76.544000	5.459882	10034.778712
76.596000	5.466923	10034.635642
76.648000	5.473963	10034.490454
76.700000	5.480973	10034.336789
76.752000	5.487978	10034.181648
76.804000	5.494957	10034.022617
76.856000	5.501929	10033.861694
76.908000	5.508876	10033.697298
76.960000	5.515814	10033.532861
77.012000	5.522730	10033.368327
77.064000	5.529634	10033.198393
77.116000	5.536518	10033.023266
77.168000	5.543387	10032.841907
77.220000	5.550234	10032.656162
77.272000	5.557066	10032.470336
77.324000	5.563882	10032.284452
77.376000	5.570683	10032.094608
77.428000	5.577474	10031.903384
77.480000	5.584236	10031.703445
77.532000	5.590984	10031.501575
77.584000	5.597713	10031.294919
77.636000	5.604435	10031.087709
77.688000	5.611127	10030.870162
77.740000	5.617813	10030.652332
77.792000	5.624470	10030.434367
77.844000	5.631125	10030.214371
77.896000	5.637748	10029.980574
77.948000	5.644369	10029.746773
78.000000	5.650955	10029.512811
78.052000	5.657537	10029.275868
78.104000	5.664093	10029.031314
78.156000	5.670640	10028.782952
78.208000	5.677158	10028.527780
78.260000	5.683668	10028.267985
78.312000	5.690155	10028.002221
78.364000	5.696628	10027.736392
78.416000	5.703079	10027.470465
78.468000	5.709515	10027.195174
78.520000	5.715934	10026.913428
78.572000	5.722334	10026.628085
78.624000	5.728717	10026.340948
78.676000	5.735081	10026.042000
78.728000	5.741432	10025.739042
78.780000	5.747758	10025.431654
78.832000	5.754073	10025.123305
78.884000	5.760360	10024.810108
78.936000	5.766638	10024.496368
78.988000	5.772890	10024.167150
79.040000	5.779136	10023.837002
79.092000	5.785350	10023.496827
79.144000	5.791560	10023.155252
79.196000	5.797734	10022.804446
79.248000	5.803905	10022.452534
79.300000	5.810042	10022.096336
79.352000	5.816174	10021.735608
79.404000	5.822279	10021.363592
79.456000	5.828377	10020.985815
79.508000	5.834446	10020.597955
79.560000	5.840504	10020.207732
79.612000	5.846536	10019.814481
79.664000	5.852555	10019.413017
79.716000	5.858551	10019.003922
79.768000	5.864530	10018.588506
79.820000	5.870489	10018.168795
79.872000	5.876429	10017.741940
79.924000	5.882351	10017.311611
79.976000	5.888252	10016.869389
80.028000	5.894138	10016.423215
80.080000	5.899999	10015.963924
80.132000	5.905848	10015.501904
80.184000	5.911669	10015.030279
80.236000	5.917482	10014.557641
80.288000	5.923269	10014.069461
80.340000	5.929050	10013.580372
80.392000	5.934793	10013.081277
80.444000	5.940533	10012.579298
80.496000	5.946236	10012.059115
80.548000	5.951936	10011.536680
80.600000	5.957597	10011.005854
80.652000	5.963254	10010.470432
80.704000	5.968884	10009.923789
80.756000	5.974505	10009.369388
80.808000	5.980099	10008.801673
80.860000	5.985679	10008.229232
80.912000	5.991231	10007.650876
80.964000	5.996768	10007.064239
81.016000	6.002283	10006.470039
81.068000	6.007781	10005.863189
81.120000	6.013259	10005.247919
81.172000	6.018715	10004.621901
81.224000	6.024152	10003.990760
81.276000	6.029569	10003.347677
81.328000	6.034974	10002.700719
81.380000	6.040350	10002.036206
81.432000	6.045714	10001.368149
81.484000	6.051045	10000.685666
81.536000	6.056366	10000.001738
81.588000	6.061657	9999.297019
81.640000	6.066942	9998.591008
81.692000	6.072193	9997.870167
81.744000	6.077441	9997.146359
81.796000	6.082647	9996.404407
81.848000	6.087851	9995.656727
81.900000	6.093021	9994.888479
81.952000	6.098185	9994.117113
82.004000	6.103318	9993.338249
82.056000	6.108442	9992.549581
82.108000	6.113534	9991.744394
82.160000	6.118612	9990.929723
82.212000	6.123662	9990.103440
82.264000	6.128697	9989.266050
82.316000	6.133710	9988.418697
82.368000	6.138704	9987.555431
82.420000	6.143675	9986.681755
82.472000	6.148627	9985.793712
82.524000	6.153561	9984.898966
82.576000	6.158470	9983.988208
82.628000	6.163363	9983.072364
82.680000	6.168230	9982.138898
82.732000	6.173087	9981.201984
82.784000	6.177906	9980.240999
82.836000	6.182716	9979.277735
82.888000	6.187498	9978.288431
82.940000	6.192276	9977.297099
82.992000	6.197010	9976.281217
83.044000	6.201741	9975.262278
83.096000	6.206435	9974.225310
83.148000	6.211126	9973.182502
83.200000	6.215778	9972.119212
83.252000	6.220424	9971.048045
83.304000	6.225034	9969.958432
83.356000	6.229636	9968.856939
83.408000	6.234210	9967.735803
83.460000	6.238769	9966.602709
83.512000	6.243296	9965.455224
83.564000	6.247809	9964.296546
83.616000	6.252299	9963.127993
83.668000	6.256770	9961.937046
83.720000	6.261219	9960.731717
83.772000	6.265647	9959.511932
83.824000	6.270059	9958.285534
83.876000	6.274442	9957.031039
83.928000	6.278806	9955.767836
83.980000	6.283142	9954.482507
84.032000	6.287465	9953.192981
84.084000	6.291760	9951.874515
84.136000	6.296046	9950.553464
84.188000	6.300297	9949.206221
84.240000	6.304542	9947.856181
84.292000	6.308742	9946.472006
84.344000	6.312940	9945.083904
84.396000	6.317101	9943.673418
84.448000	6.321258	9942.254606
84.500000	6.325377	9940.807344
84.552000	6.329489	9939.350501
84.604000	6.333561	9937.871664
84.656000	6.337624	9936.378820
84.708000	6.341660	9934.863234
84.760000	6.345682	9933.333189
84.812000	6.349676	9931.786055
84.864000	6.353653	9930.222021
84.916000	6.357605	9928.643339
84.968000	6.361534	9927.042097
85.020000	6.365439	9925.426614
85.072000	6.369324	9923.785753
85.124000	6.373192	9922.133519
85.176000	6.377031	9920.453037
85.228000	6.380852	9918.764000
85.280000	6.384648	9917.043908
85.332000	6.388432	9915.318120
85.384000	6.392180	9913.563220
85.436000	6.395918	9911.805857
85.488000	6.399619	9910.006513
85.540000	6.403315	9908.203924
85.592000	6.406972	9906.362552
85.644000	6.410625	9904.516339
85.696000	6.414237	9902.643407
85.748000	6.417846	9900.760785
85.800000	6.421416	9898.845851
85.852000	6.424978	9896.917975
85.904000	6.428502	9894.961013
85.956000	6.432015	9892.989883
86.008000	6.435496	9890.996146
86.060000	6.438964	9888.982975
86.112000	6.442404	9886.947237
86.164000	6.445827	9884.888817
86.216000	6.449224	9882.811077
86.268000	6.452602	9880.704177
86.320000	6.455958	9878.579209
86.372000	6.459288	9876.428681
86.424000	6.462597	9874.266911
86.476000	6.465880	9872.072718
86.528000	6.469147	9869.868945
86.580000	6.472384	9867.625064
86.632000	6.475610	9865.374061
86.684000	6.478802	9863.084146
86.736000	6.481986	9860.790953
86.788000	6.485128	9858.450706
86.840000	6.488265	9856.107047
86.892000	6.491362	9853.724780
86.944000	6.494456	9851.335056
86.996000	6.497509	9848.905548
87.048000	6.500557	9846.464942
87.100000	6.503563	9843.988180
87.152000	6.506561	9841.496670
87.204000	6.509525	9838.972680
87.256000	6.512479	9836.432329
87.308000	6.515401	9833.866339
87.360000	6.518308	9831.275845
87.412000	6.521183	9828.657373
87.464000	6.524041	9826.010350
87.516000	6.526874	9823.339424
87.568000	6.529687	9820.642392
87.620000	6.532479	9817.929465
87.672000	6.535247	9815.179877
87.724000	6.537996	9812.414494
87.776000	6.540713	9809.608364
87.828000	6.543410	9806.790473
87.880000	6.546081	9803.932296
87.932000	6.548742	9801.067201
87.984000	6.551366	9798.148402
88.036000	6.553979	9795.225215
88.088000	6.556557	9792.255193
88.140000	6.559129	9789.280698
88.192000	6.561661	9786.258205
88.244000	6.564190	9783.227210
88.296000	6.566673	9780.152226
88.348000	6.569151	9777.064693
88.400000	6.571587	9773.937229
88.452000	6.574017	9770.793167
88.504000	6.576416	9767.613275
88.556000	6.578802	9764.410651
88.608000	6.581150	9761.173025
88.660000	6.583485	9757.908229
88.712000	6.585795	9754.612949
88.764000	6.588086	9751.288889
88.816000	6.590350	9747.941129
88.868000	6.592590	9744.560531
88.920000	6.594807	9741.160292
88.972000	6.597003	9737.715834
89.024000	6.599183	9734.252711
89.076000	6.601329	9730.748623
89.128000	6.603456	9727.232993
89.180000	6.605558	9723.667913
89.232000	6.607649	9720.094627
89.284000	6.609698	9716.467375
89.336000	6.611737	9712.835584
89.388000	6.613744	9709.141685
89.440000	6.615746	9705.443101
89.492000	6.617703	9701.696712
89.544000	6.619657	9697.939860
89.596000	6.621565	9694.130526
89.648000	6.623469	9690.305879
89.700000	6.625341	9686.433664
89.752000	6.627203	9682.542941
89.804000	6.629022	9678.612994
89.856000	6.630832	9674.660095
89.908000	6.632614	9670.672495
89.960000	6.634379	9666.654971
90.012000	6.636109	9662.604412
90.064000	6.637825	9658.519094
90.116000	6.639518	9654.405655
90.168000	6.641189	9650.252569
90.220000	6.642836	9646.076197
90.272000	6.644456	9641.855315
90.324000	6.646055	9637.616009
90.376000	6.647631	9633.331467
90.428000	6.649194	9629.034506
90.480000	6.650719	9624.678787
90.532000	6.652230	9620.313638
90.584000	6.653712	9615.889436
90.636000	6.655186	9611.460287
90.688000	6.656614	9606.964082
90.740000	6.658036	9602.462476
90.792000	6.659423	9597.908595
90.844000	6.660807	9593.343099
90.896000	6.662145	9588.721050
90.948000	6.663479	9584.082128
91.000000	6.664775	9579.391947
91.052000	6.666063	9574.681321
91.104000	6.667312	9569.928208
91.156000	6.668551	9565.149791
91.208000	6.669758	9560.333774
91.260000	6.670950	9555.482562
91.312000	6.672110	9550.593159
91.364000	6.673253	9545.668723
91.416000	6.674372	9540.716415
91.468000	6.675470	9535.720895
91.520000	6.676547	9530.700455
91.572000	6.677597	9525.631522
91.624000	6.678627	9520.542922
91.676000	6.679629	9515.400581
91.728000	6.680617	9510.243847
91.780000	6.681575	9505.028109
91.832000	6.682521	9499.803240
91.884000	6.683429	9494.514084
91.936000	6.684329	9489.219655
91.988000	6.685191	9483.858498
92.040000	6.686048	9478.490686
92.092000	6.686865	9473.061382
92.144000	6.687679	9467.619263
92.196000	6.688448	9462.116566
92.248000	6.689212	9456.596711
92.300000	6.689938	9451.025883
92.352000	6.690656	9445.432625
92.404000	6.691335	9439.793640
92.456000	6.692005	9434.124842
92.508000	6.692648	9428.412525
92.560000	6.693275	9422.667238
92.612000	6.693871	9416.886765
92.664000	6.694447	9411.065118
92.716000	6.694996	9405.211260
92.768000	6.695527	9399.313920
92.820000	6.696039	9393.391959
92.872000	6.696524	9387.417479
92.924000	6.696989	9381.422132
92.976000	6.697427	9375.368614
93.028000	6.697851	9369.299908
93.080000	6.698244	9363.171913
93.132000	6.698625	9357.035074
93.184000	6.698969	9350.828711
93.236000	6.699304	9344.616672
93.288000	6.699601	9338.333092
93.340000	6.699894	9332.042575
93.392000	6.700146	9325.690849
93.444000	6.700396	9319.325068
93.496000	6.700605	9312.894751
93.548000	6.700809	9306.446992
93.600000	6.700976	9299.948546
93.652000	6.701135	9293.425641
93.704000	6.701255	9286.853812
93.756000	6.701365	9280.251866
93.808000	6.701449	9273.606707
93.860000	6.701516	9266.925743
93.912000	6.701553	9260.207202
93.964000	6.701572	9253.450150
94.016000	6.701566	9246.663481
94.068000	6.701540	9239.826312
94.120000	6.701493	9232.961061
94.172000	6.701422	9226.043000
94.224000	6.701333	9219.104391
94.276000	6.701217	9212.107306
94.328000	6.701086	9205.095338
94.380000	6.700925	9198.019229
94.432000	6.700752	9190.933904
94.484000	6.700541	9183.778750
94.536000	6.700322	9176.618073
94.588000	6.700070	9169.391260
94.640000	6.699814	9162.156120
94.692000	6.699517	9154.850712
94.744000	6.699217	9147.531881
94.796000	6.698878	9140.153111
94.848000	6.698532	9132.755251
94.900000	6.698145	9125.303100
94.952000	6.697751	9117.826196
95.004000	6.697328	9110.300718
95.056000	6.696893	9102.744809
95.108000	6.696428	9095.145977
95.160000	6.695948	9087.511043
95.212000	6.695441	9079.838857
95.264000	6.694916	9072.121919
95.316000	6.694367	9064.371152
95.368000	6.693797	9056.576322
95.420000	6.693206	9048.757429
95.472000	6.692591	9040.885422
95.524000	6.691959	9032.993173
95.576000	6.691299	9025.042144
95.628000	6.690624	9017.076540
95.680000	6.689923	9009.046508
95.732000	6.689212	9001.007574
95.784000	6.688467	8992.898527
95.836000	6.687714	8984.783814
95.888000	6.686924	8976.598169
95.940000	6.686130	8968.404448
95.992000	6.685295	8960.145435
96.044000	6.684456	8951.872696
96.096000	6.683578	8943.540325
96.148000	6.682695	8935.188565
96.200000	6.681780	8926.782868
96.252000	6.680857	8918.353896
96.304000	6.679901	8909.880074
96.356000	6.678932	8901.375518
96.408000	6.677934	8892.828345
96.460000	6.676923	8884.244774
96.512000	6.675888	8875.624276
96.564000	6.674834	8866.961698
96.616000	6.673758	8858.267849
96.668000	6.672659	8849.526249
96.720000	6.671541	8840.759049
96.772000	6.670401	8831.942251
96.824000	6.669245	8823.106950
96.876000	6.668062	8814.212564
96.928000	6.666865	8805.303910
96.980000	6.665641	8796.335138
97.032000	6.664407	8787.358385
97.084000	6.663139	8778.311213
97.136000	6.661864	8769.258572
97.188000	6.660556	8760.140361
97.240000	6.659244	8751.013773
97.292000	6.657891	8741.822198
97.344000	6.656535	8732.617598
97.396000	6.655145	8723.357922
97.448000	6.653749	8714.079956
97.500000	6.652316	8704.752158
97.552000	6.650877	8695.398996
97.604000	6.649408	8685.997875
97.656000	6.647927	8676.570141
97.708000	6.646416	8667.106126
97.760000	6.644894	8657.605417
97.812000	6.643352	8648.068105
97.864000	6.641790	8638.491418
97.916000	6.640200	8628.885959
97.968000	6.638595	8619.235895
98.020000	6.636975	8609.562367
98.072000	6.635329	8599.838943
98.124000	6.633667	8590.097291
98.176000	6.631980	8580.300498
98.228000	6.630281	8570.490748
98.280000	6.628555	8560.625234
98.332000	6.626820	8550.752614
98.384000	6.625054	8540.809293
98.436000	6.623282	8530.860965
98.488000	6.621472	8520.857349
98.540000	6.619658	8510.845049
98.592000	6.617814	8500.768120
98.644000	6.615966	8490.678907
98.696000	6.614079	8480.539082
98.748000	6.612187	8470.382116
98.800000	6.610264	8460.179425
98.852000	6.608332	8449.954730
98.904000	6.606372	8439.689174
98.956000	6.604401	8429.394515
99.008000	6.602404	8419.060867
99.060000	6.600394	8408.695488
99.112000	6.598361	8398.298974
99.164000	6.596311	8387.865867
99.216000	6.594241	8377.406488
99.268000	6.592152	8366.905655
99.320000	6.590045	8356.383410
99.372000	6.587917	8345.818704
99.424000	6.585774	8335.238819
99.476000	6.583609	8324.603528
99.528000	6.581435	8313.955574
99.580000	6.579229	8303.256234
99.632000	6.577012	8292.550614
99.684000	6.574770	8281.789197
99.736000	6.572522	8271.022864
99.788000	6.570241	8260.191527
99.840000	6.567957	8249.353777
99.892000	6.565637	8238.470017
99.944000	6.563314	8227.573715
99.996000	6.560956	8216.627089
100.048000	6.558594	8205.665963
100.100000	6.556205	8194.666956
100.152000	6.553809	8183.645682
100.204000	6.551383	8172.583811
100.256000	6.548948	8161.497077
100.308000	6.546492	8150.377598
100.360000	6.544019	8139.231439
100.412000	6.541521	8128.059527
100.464000	6.539010	8116.850782
100.516000	6.536485	8105.616060
100.568000	6.533939	8094.350013
100.620000	6.531372	8083.068084
100.672000	6.528790	8071.739611
100.724000	6.526197	8060.394869
100.776000	6.523576	8049.011507
100.828000	6.520941	8037.619557
100.880000	6.518287	8026.176039
100.932000	6.515626	8014.726503
100.984000	6.512931	8003.225971
101.036000	6.510228	7991.721397
101.088000	6.507502	7980.167053
101.140000	6.504773	7968.606084
101.192000	6.502008	7956.999325
101.244000	6.499241	7945.382967
101.296000	6.496444	7933.729053
101.348000	6.493643	7922.060419
101.400000	6.490809	7910.354100
101.452000	6.487970	7898.629017
101.504000	6.485111	7886.870346
101.556000	6.482241	7875.091122
101.608000	6.479345	7863.285274
101.660000	6.476437	7851.455231
101.712000	6.473510	7839.602232
101.764000	6.470566	7827.718289
101.816000	6.467602	7815.812932
101.868000	6.464625	7803.879689
101.920000	6.461634	7791.932537
101.972000	6.458625	7779.950247
102.024000	6.455604	7767.955941
102.076000	6.452558	7755.922836
102.128000	6.449500	7743.881350
102.180000	6.446422	7731.802164
102.232000	6.443338	7719.718778
102.284000	6.440223	7707.589305
102.336000	6.437102	7695.456484
102.388000	6.433958	7683.284001
102.440000	6.430811	7671.106051
102.492000	6.427633	7658.891637
102.544000	6.424452	7646.668518
102.596000	6.421237	7634.412155
102.648000	6.418018	7622.142355
102.700000	6.414778	7609.838869
102.752000	6.411531	7597.523991
102.804000	6.408264	7585.189066
102.856000	6.404986	7572.833392
102.908000	6.401682	7560.451293
102.960000	6.398368	7548.050223
103.012000	6.395038	7535.631457
103.064000	6.391694	7523.190868
103.116000	6.388333	7510.735410
103.168000	6.384955	7498.255287
103.220000	6.381563	7485.763136
103.272000	6.378154	7473.239582
103.324000	6.374736	7460.705533
103.376000	6.371295	7448.145468
103.428000	6.367845	7435.579951
103.480000	6.364375	7422.981283
103.532000	6.360899	7410.379097
103.584000	6.357396	7397.740906
103.636000	6.353889	7385.100202
103.688000	6.350353	7372.429835
103.740000	6.346814	7359.755241
103.792000	6.343254	7347.053451
103.844000	6.339691	7334.343894
103.896000	6.336095	7321.605387
103.948000	6.332495	7308.857797
104.000000	6.328878	7296.087879
104.052000	6.325254	7283.308351
104.104000	6.321605	7270.512198
104.156000	6.317948	7257.702085
104.208000	6.314273	7244.874497
104.260000	6.310587	7232.030501
104.312000	6.306880	7219.171451
104.364000	6.303162	7206.296697
104.416000	6.299430	7193.411440
104.468000	6.295686	7180.508460
104.520000	6.291933	7167.597019
104.572000	6.288161	7154.661862
104.624000	6.284376	7141.718956
104.676000	6.280570	7128.758586
104.728000	6.276754	7115.794671
104.780000	6.272922	7102.802218
104.832000	6.269085	7089.806890
104.884000	6.265226	7076.790874
104.936000	6.261363	7063.773261
104.988000	6.257476	7050.735944
105.040000	6.253586	7037.695003
105.092000	6.249671	7024.631470
105.144000	6.245753	7011.563421
105.196000	6.241807	6998.478884
105.248000	6.237857	6985.388207
105.300000	6.233889	6972.282719
105.352000	6.229917	6959.169463
105.404000	6.225928	6946.043023
105.456000	6.221930	6932.907172
105.508000	6.217910	6919.759729
105.560000	6.213882	6906.601264
105.612000	6.209842	6893.432870
105.664000	6.205786	6880.254954
105.716000	6.201714	6867.070785
105.768000	6.197634	6853.875911
105.820000	6.193546	6840.676043
105.872000	6.189439	6827.464207
105.924000	6.185320	6814.248560
105.976000	6.181186	6801.015398
106.028000	6.177046	6787.778798
106.080000	6.172886	6774.532578
106.132000	6.168719	6761.285452
106.184000	6.164535	6748.022746
106.236000	6.160348	6734.758853
106.288000	6.156137	6721.480224
106.340000	6.151924	6708.200118
106.392000	6.147689	6694.910986
106.444000	6.143453	6681.619565
106.496000	6.139193	6668.319914
106.548000	6.134929	6655.015596
106.600000	6.130648	6641.700225
106.652000	6.126362	6628.382889
106.704000	6.122060	6615.062253
106.756000	6.117749	6601.734494
106.808000	6.113421	6588.398113
106.860000	6.109085	6575.058933
106.912000	6.104735	6561.717287
106.964000	6.100377	6548.369253
107.016000	6.096006	6535.017116
107.068000	6.091622	6521.661336
107.120000	6.087226	6508.303907
107.172000	6.082817	6494.942440
107.224000	6.078400	6481.579743
107.276000	6.073971	6468.208234
107.328000	6.069539	6454.835068
107.380000	6.065086	6441.461819
107.432000	6.060627	6428.088587
107.484000	6.056150	6414.710097
107.536000	6.051670	6401.331229
107.588000	6.047171	6387.947433
107.640000	6.042670	6374.562894
107.692000	6.038148	6361.173830
107.744000	6.033625	6347.784790
107.796000	6.029082	6334.395692
107.848000	6.024537	6321.006609
107.900000	6.019978	6307.617504
107.952000	6.015414	6294.226406
108.004000	6.010830	6280.832014
108.056000	6.006239	6267.439995
108.108000	6.001633	6254.050799
108.160000	5.997022	6240.658792
108.212000	5.992401	6227.264362
108.264000	5.987770	6213.873086
108.316000	5.983128	6200.483852
108.368000	5.978477	6187.098179
108.420000	5.973820	6173.714164
108.472000	5.969146	6160.326072
108.524000	5.964462	6146.936767
108.576000	5.959767	6133.556235
108.628000	5.955068	6120.177375
108.680000	5.950356	6106.798473
108.732000	5.945641	6093.419604
108.784000	5.940908	6080.045884
108.836000	5.936172	6066.672989
108.888000	5.931417	6053.309699
108.940000	5.926660	6039.946441
108.992000	5.921887	6026.583142
109.044000	5.917112	6013.222264
109.096000	5.912319	5999.869390
109.148000	5.907523	5986.518135
109.200000	5.902714	5973.170486
109.252000	5.897901	5959.826854
109.304000	5.893076	5946.489658
109.356000	5.888244	5933.154857
109.408000	5.883398	5919.822861
109.460000	5.878546	5906.499288
109.512000	5.873685	5893.182973
109.564000	5.868816	5879.869846
109.616000	5.863939	5866.558758
109.668000	5.859050	5853.254861
109.720000	5.854152	5839.954198
109.772000	5.849247	5826.665586
109.824000	5.844339	5813.380626
109.876000	5.839416	5800.104465
109.928000	5.834486	5786.829928
109.980000	5.829544	5773.565016
110.032000	5.824599	5760.300956
110.084000	5.819641	5747.052512
110.136000	5.814680	5733.804929
110.188000	5.809704	5720.566934
110.240000	5.804728	5707.332241
110.292000	5.799736	5694.115154
110.344000	5.794742	5680.900536
110.396000	5.789734	5667.693905
110.448000	5.784724	5654.492165
110.500000	5.779700	5641.301220
110.552000	5.774673	5628.116364
110.604000	5.769634	5614.941104
110.656000	5.764591	5601.775573
110.708000	5.759541	5588.621254
110.760000	5.754483	5575.475411
110.812000	5.749413	5562.336752
110.864000	5.744337	5549.207793
110.916000	5.739256	5536.084847
110.968000	5.734166	5522.976435
111.020000	5.729070	5509.874399
111.072000	5.723963	5496.784464
111.124000	5.718851	5483.698111
111.176000	5.713731	5470.633989
111.228000	5.708608	5457.573798
111.280000	5.703473	5444.528132
111.332000	5.698334	5431.483747
111.384000	5.693182	5418.460110
111.436000	5.688028	5405.438685
111.488000	5.682864	5392.441211
111.540000	5.677699	5379.446292
111.592000	5.672524	5366.464531
111.644000	5.667347	5353.489008
111.696000	5.662151	5340.533366
111.748000	5.656954	5327.584335
111.800000	5.651753	5314.649664
111.852000	5.646547	5301.725247
111.904000	5.641330	5288.816722
111.956000	5.636108	5275.918004
112.008000	5.630876	5263.030398
112.060000	5.625641	5250.157082
112.112000	5.620403	5237.295675
112.164000	5.615155	5224.447270
112.216000	5.609896	5211.606757
112.268000	5.604635	5198.788225
112.320000	5.599371	5185.979136
112.372000	5.594100	5173.186299
112.424000	5.588826	5160.398150
112.476000	5.583540	5147.636797
112.528000	5.578250	5134.880019
112.580000	5.572952	5122.142728
112.632000	5.567651	5109.407206
112.684000	5.562341	5096.702720
112.736000	5.557030	5084.000561
112.788000	5.551704	5071.322223
112.840000	5.546378	5058.649087
112.892000	5.541046	5046.002175
112.944000	5.535713	5033.361617
112.996000	5.530370	5020.740882
113.048000	5.525026	5008.128510
113.100000	5.519673	4995.533954
113.152000	5.514316	4982.953904
113.204000	5.508948	4970.395955
113.256000	5.503577	4957.847919
113.308000	5.498204	4945.310947
113.360000	5.492826	4932.794121
113.412000	5.487441	4920.293784
113.464000	5.482052	4907.813125
113.516000	5.476657	4895.344196
113.568000	5.471257	4882.893676
113.620000	5.465852	4870.450921
113.672000	5.460443	4858.036795
113.724000	5.455033	4845.630695
113.776000	5.449611	4833.247030
113.828000	5.444185	4820.867079
113.880000	5.438755	4808.521419
113.932000	5.433324	4796.178570
113.984000	5.427888	4783.866651
114.036000	5.422452	4771.557654
114.088000	5.417000	4759.277120
114.140000	5.411548	4747.002804
114.192000	5.406090	4734.758931
114.244000	5.400633	4722.522812
114.296000	5.395170	4710.310376
114.348000	5.389704	4698.108099
114.400000	5.384226	4685.927049
114.452000	5.378748	4673.760681
114.504000	5.373269	4661.616324
114.556000	5.367786	4649.489441
114.608000	5.362292	4637.381699
114.660000	5.356798	4625.291376
114.712000	5.351304	4613.215099
114.764000	5.345805	4601.161937
114.816000	5.340300	4589.122302
114.868000	5.334790	4577.108603
114.920000	5.329275	4565.105604
114.972000	5.323757	4553.131387
115.024000	5.318237	4541.165050
115.076000	5.312713	4529.230327
115.128000	5.307187	4517.300652
115.180000	5.301654	4505.400483
115.232000	5.296118	4493.502985
115.284000	5.290582	4481.646576
115.336000	5.285046	4469.793726
115.388000	5.279501	4457.973964
115.440000	5.273954	4446.160576
115.492000	5.268397	4434.377457
115.544000	5.262841	4422.603536
115.596000	5.257284	4410.857116
115.648000	5.251725	4399.122703
115.700000	5.246158	4387.412929
115.752000	5.240591	4375.720106
115.804000	5.235024	4364.052260
115.856000	5.229453	4352.402051
115.908000	5.223875	4340.770852
115.960000	5.218295	4329.160117
116.012000	5.212713	4317.565593
116.064000	5.207127	4305.997675
116.116000	5.201539	4294.445055
116.168000	5.195948	4282.918538
116.220000	5.190355	4271.402586
116.272000	5.184758	4259.919704
116.324000	5.179159	4248.445648
116.376000	5.173561	4237.003379
116.428000	5.167962	4225.566019
116.480000	5.162355	4214.168180
116.532000	5.156746	4202.773515
116.584000	5.151133	4191.414635
116.636000	5.145519	4180.059989
116.688000	5.139904	4168.743039
116.740000	5.134290	4157.433547
116.792000	5.128671	4146.158503
116.844000	5.123051	4134.892809
116.896000	5.117426	4123.654445
116.948000	5.111800	4112.431714
117.000000	5.106170	4101.240486
117.052000	5.100539	4090.064241
117.104000	5.094904	4078.909695
117.156000	5.089269	4067.775497
117.208000	5.083634	4056.662887
117.260000	5.077996	4045.573836
117.312000	5.072356	4034.503136
117.364000	5.066716	4023.455881
117.416000	5.061075	4012.421890
117.468000	5.055432	4001.421660
117.520000	5.049786	3990.434800
117.572000	5.044137	3979.477029
117.624000	5.038486	3968.526846
117.676000	5.032836	3957.617723
117.728000	5.027185	3946.714697
117.780000	5.021530	3935.851391
117.832000	5.015874	3924.991248
117.884000	5.010213	3914.166740
117.936000	5.004552	3903.347188
117.988000	4.998896	3892.569870
118.040000	4.993239	3881.800189
118.092000	4.987573	3871.064762
118.144000	4.981907	3860.338846
118.196000	4.976246	3849.640160
118.248000	4.970583	3838.957304
118.300000	4.964917	3828.305762
118.352000	4.959249	3817.673674
118.404000	4.953577	3807.069277
118.456000	4.947905	3796.482843
118.508000	4.942234	3785.915163
118.560000	4.936562	3775.371229
118.612000	4.930890	3764.845494
118.664000	4.925219	3754.350097
118.716000	4.919547	3743.871535
118.768000	4.913872	3733.423157
118.820000	4.908195	3722.986507
118.872000	4.902518	3712.583295
118.924000	4.896841	3702.188583
118.976000	4.891164	3691.830549
119.028000	4.885487	3681.477776
119.080000	4.879810	3671.169906
119.132000	4.874133	3660.865591
119.184000	4.868452	3650.601829
119.236000	4.862770	3640.342658
119.288000	4.857087	3630.120843
119.340000	4.851406	3619.907814
119.392000	4.845729	3609.733203
119.444000	4.840051	3599.568253
119.496000	4.834369	3589.430341
119.548000	4.828687	3579.310239
119.600000	4.823004	3569.224733
119.652000	4.817322	3559.154527
119.704000	4.811640	3549.105747
119.756000	4.805958	3539.080251
119.808000	4.800276	3529.078653
119.860000	4.794594	3519.100976
119.912000	4.788911	3509.141332
119.964000	4.783229	3499.208832
120.016000	4.777547	3489.291143
120.068000	4.771865	3479.407624
120.120000	4.766183	3469.537109
120.172000	4.760501	3459.700208
120.224000	4.754818	3449.871641
120.276000	4.749140	3440.084551
120.328000	4.743463	3430.303185
120.380000	4.737782	3420.561893
120.432000	4.732100	3410.823915
120.484000	4.726422	3401.126367
120.536000	4.720745	3391.434182
120.588000	4.715068	3381.783823
120.640000	4.709391	3372.141459
120.692000	4.703714	3362.533062
120.744000	4.698038	3352.935879
120.796000	4.692361	3343.369443
120.848000	4.686684	3333.819241
120.900000	4.681007	3324.299995
120.952000	4.675331	3314.798413
121.004000	4.669659	3305.321157
121.056000	4.663988	3295.867382
121.108000	4.658316	3286.437318
121.160000	4.652644	3277.031350
121.212000	4.646973	3267.643251
121.264000	4.641304	3258.282483
121.316000	4.635637	3248.936375
121.368000	4.629971	3239.624634
121.420000	4.624304	3230.325709
121.472000	4.618638	3221.060576
121.524000	4.612971	3211.803608
121.576000	4.607309	3202.583693
121.628000	4.601647	3193.368710
121.680000	4.595986	3184.199029
121.732000	4.590325	3175.032872
121.784000	4.584668	3165.906974
121.836000	4.579012	3156.786033
121.888000	4.573356	3147.702109
121.940000	4.567700	3138.627371
121.992000	4.562044	3129.590647
122.044000	4.556389	3120.565319
122.096000	4.550738	3111.570593
122.148000	4.545088	3102.590486
122.200000	4.539443	3093.637761
122.252000	4.533797	3084.705091
122.304000	4.528151	3075.799568
122.356000	4.522508	3066.915106
122.408000	4.516867	3058.051584
122.460000	4.511227	3049.212334
122.512000	4.505587	3040.390789
122.564000	4.499949	3031.596751
122.616000	4.494314	3022.817207
122.668000	4.488679	3014.072229
122.720000	4.483044	3005.339880
122.772000	4.477412	2996.641517
122.824000	4.471782	2987.951162
122.876000	4.466156	2979.298037
122.928000	4.460531	2970.649677
122.980000	4.454911	2962.046842
123.032000	4.449292	2953.447293
123.084000	4.443672	2944.882810
123.136000	4.438053	2936.324092
123.188000	4.432438	2927.806845
123.240000	4.426824	2919.297952
123.292000	4.421210	2910.822690
123.344000	4.415596	2902.359003
123.396000	4.409987	2893.925752
123.448000	4.404381	2885.509144
123.500000	4.398782	2877.123159
123.552000	4.393182	2868.752930
123.604000	4.387578	2860.403678
123.656000	4.381978	2852.078323
123.708000	4.376385	2843.776339
123.760000	4.370794	2835.498813
123.812000	4.365206	2827.238844
123.864000	4.359618	2819.003087
123.916000	4.354030	2810.779878
123.968000	4.348445	2802.591447
124.020000	4.342862	2794.415470
124.072000	4.337283	2786.273656
124.124000	4.331705	2778.139686
124.176000	4.326131	2770.043123
124.228000	4.320559	2761.951159
124.280000	4.314991	2753.899848
124.332000	4.309424	2745.851881
124.384000	4.303861	2737.843835
124.436000	4.298299	2729.841107
124.488000	4.292743	2721.875086
124.540000	4.287186	2713.917600
124.592000	4.281635	2705.993602
124.644000	4.276083	2698.081356
124.696000	4.270532	2690.199357
124.748000	4.264982	2682.330474
124.800000	4.259441	2674.485299
124.852000	4.253902	2666.660585
124.904000	4.248366	2658.862665
124.956000	4.242832	2651.083486
125.008000	4.237302	2643.322366
125.060000	4.231771	2635.588942
125.112000	4.226241	2627.875052
125.164000	4.220715	2620.185554
125.216000	4.215195	2612.508489
125.268000	4.209678	2604.862517
125.320000	4.204163	2597.227470
125.372000	4.198652	2589.626762
125.424000	4.193142	2582.033734
125.476000	4.187637	2574.473601
125.528000	4.182132	2566.917365
125.580000	4.176637	2559.407077
125.632000	4.171143	2551.900008
125.684000	4.165649	2544.427712
125.736000	4.160155	2536.960238
125.788000	4.154666	2529.524751
125.840000	4.149178	2522.099059
125.892000	4.143699	2514.710863
125.944000	4.138222	2507.333120
125.996000	4.132749	2499.981736
126.048000	4.127277	2492.643620
126.100000	4.121809	2485.329049
126.152000	4.116343	2478.032849
126.204000	4.110880	2470.760319
126.256000	4.105421	2463.509389
126.308000	4.099969	2456.278929
126.360000	4.094517	2449.073264
126.412000	4.089065	2441.884822
126.464000	4.083618	2434.720924
126.516000	4.078176	2427.569320
126.568000	4.072741	2420.445097
126.620000	4.067310	2413.330324
126.672000	4.061879	2406.250050
126.724000	4.056447	2399.177283
126.776000	4.051024	2392.137590
126.828000	4.045603	2385.101656
126.880000	4.040187	2378.106735
126.932000	4.034771	2371.114882
126.984000	4.029360	2364.157680
127.036000	4.023950	2357.205463
127.088000	4.018550	2350.285114
127.140000	4.013151	2343.373661
127.192000	4.007756	2336.495366
127.244000	4.002362	2329.627681
127.296000	3.996973	2322.786213
127.348000	3.991585	2315.960083
127.400000	3.986206	2309.160698
127.452000	3.980829	2302.377551
127.504000	3.975455	2295.614996
127.556000	3.970085	2288.868788
127.608000	3.964722	2282.137863
127.660000	3.959361	2275.435041
127.712000	3.954003	2268.751404
127.764000	3.948648	2262.088931
127.816000	3.943295	2255.436894
127.868000	3.937949	2248.812395
127.920000	3.932606	2242.197205
127.972000	3.927267	2235.616710
128.024000	3.921930	2229.043569
128.076000	3.916597	2222.503638
128.128000	3.911265	2215.967320
128.180000	3.905942	2209.461941
128.232000	3.900620	2202.959756
128.284000	3.895309	2196.497015
128.336000	3.889998	2190.039421
128.388000	3.884692	2183.613526
128.440000	3.879386	2177.195588
128.492000	3.874086	2170.806537
128.544000	3.868787	2164.426734
128.596000	3.863497	2158.069326
128.648000	3.858209	2151.727435
128.700000	3.852929	2145.412128
128.752000	3.847651	2139.113215
128.804000	3.842377	2132.834756
128.856000	3.837104	2126.572767
128.908000	3.831835	2120.325930
128.960000	3.826571	2114.101124
129.012000	3.821312	2107.891164
129.064000	3.816059	2101.706058
129.116000	3.810810	2095.532968
129.168000	3.805565	2089.387556
129.220000	3.800322	2083.251303
129.272000	3.795086	2077.145592
129.324000	3.789854	2071.046204
129.376000	3.784625	2064.975430
129.428000	3.779398	2058.907655
129.480000	3.774179	2052.876117
129.532000	3.768962	2046.847559
129.584000	3.763755	2040.853388
129.636000	3.758549	2034.863786
129.688000	3.753347	2028.901252
129.740000	3.748147	2022.946837
129.792000	3.742956	2017.021193
129.844000	3.737766	2011.106476
129.896000	3.732581	2005.217695
129.948000	3.727397	1999.340710
130.000000	3.722222	1993.483594
130.052000	3.717049	1987.640674
130.104000	3.711879	1981.815198
130.156000	3.706715	1976.009105
130.208000	3.701561	1970.220550
130.260000	3.696409	1964.454169
130.312000	3.691260	1958.702486
130.364000	3.686114	1952.972230
130.416000	3.680970	1947.252182
130.468000	3.675836	1941.556029
130.520000	3.670708	1935.867662
130.572000	3.665580	1930.209956
130.624000	3.660452	1924.558420
130.676000	3.655336	1918.935675
130.728000	3.650224	1913.315823
130.780000	3.645116	1907.727165
130.832000	3.640009	1902.141090
130.884000	3.634916	1896.584414
130.936000	3.629824	1891.033210
130.988000	3.624733	1885.513395
131.040000	3.619643	1880.000697
131.092000	3.614567	1874.512590
131.144000	3.609492	1869.035571
131.196000	3.604421	1863.584350
131.248000	3.599353	1858.143088
131.300000	3.594293	1852.718325
131.352000	3.589236	1847.310279
131.404000	3.584187	1841.922431
131.456000	3.579139	1836.548541
131.508000	3.574095	1831.187130
131.560000	3.569055	1825.848057
131.612000	3.564021	1820.523565
131.664000	3.558993	1815.220647
131.716000	3.553969	1809.927836
131.768000	3.548952	1804.655047
131.820000	3.543939	1799.388684
131.872000	3.538930	1794.153159
131.924000	3.533922	1788.923674
131.976000	3.528926	1783.723118
132.028000	3.523934	1778.525338
132.080000	3.518947	1773.353688
132.132000	3.513960	1768.184989
132.184000	3.508982	1763.050392
132.236000	3.504006	1757.919864
132.288000	3.499035	1752.811720
132.340000	3.494065	1747.710834
132.392000	3.489109	1742.634423
132.444000	3.484155	1737.567668
132.496000	3.479204	1732.522938
132.548000	3.474256	1727.490276
132.600000	3.469316	1722.477255
132.652000	3.464380	1717.476311
132.704000	3.459450	1712.489774
132.756000	3.454525	1707.522920
132.808000	3.449606	1702.573325
132.860000	3.444692	1697.636604
132.912000	3.439784	1692.708269
132.964000	3.434878	1687.805236
133.016000	3.429975	1682.913806
133.068000	3.425078	1678.042511
133.120000	3.420185	1673.177551
133.172000	3.415303	1668.339207
133.224000	3.410426	1663.505974
133.276000	3.405553	1658.696945
133.328000	3.400681	1653.890160
133.380000	3.395814	1649.114848
133.432000	3.390947	1644.341745
133.484000	3.386095	1639.592974
133.536000	3.381244	1634.849200
133.588000	3.376404	1630.132163
133.640000	3.371563	1625.421312
133.692000	3.366728	1620.730752
133.744000	3.361895	1616.049999
133.796000	3.357076	1611.391199
133.848000	3.352257	1606.742583
133.900000	3.347443	1602.110265
133.952000	3.342632	1597.492558
134.004000	3.337828	1592.891977
134.056000	3.333028	1588.302765
134.108000	3.328235	1583.723470
134.160000	3.323446	1579.163594
134.212000	3.318663	1574.616041
134.264000	3.313886	1570.090328
134.316000	3.309113	1565.574503
134.368000	3.304347	1561.074891
134.420000	3.299585	1556.580334
134.472000	3.294827	1552.112494
134.524000	3.290070	1547.649636
134.576000	3.285325	1543.211142
134.628000	3.280584	1538.774904
134.680000	3.275847	1534.364847
134.732000	3.271111	1529.957104
134.784000	3.266390	1525.573598
134.836000	3.261669	1521.195334
134.888000	3.256954	1516.843712
134.940000	3.252240	1512.497169
134.992000	3.247536	1508.166851
135.044000	3.242834	1503.846479
135.096000	3.238145	1499.547949
135.148000	3.233457	1495.257681
135.200000	3.228773	1490.980434
135.252000	3.224093	1486.717934
135.304000	3.219420	1482.472454
135.356000	3.214751	1478.238431
135.408000	3.210088	1474.014265
135.460000	3.205430	1469.809649
135.512000	3.200778	1465.617255
135.564000	3.196131	1461.439526
135.616000	3.191489	1457.268430
135.668000	3.186850	1453.117681
135.720000	3.182214	1448.973082
135.772000	3.177588	1444.850914
135.824000	3.172967	1440.732867
135.876000	3.168355	1436.639282
135.928000	3.163744	1432.547966
135.980000	3.159142	1428.482756
136.032000	3.154542	1424.419544
136.084000	3.149947	1420.375643
136.136000	3.145353	1416.336176
136.188000	3.140773	1412.318862
136.240000	3.136195	1408.307978
136.292000	3.131627	1404.317227
136.344000	3.127059	1400.334898
136.396000	3.122495	1396.370687
136.448000	3.117936	1392.414846
136.500000	3.113388	1388.472001
136.552000	3.108842	1384.541568
136.604000	3.104299	1380.625269
136.656000	3.099763	1376.720529
136.708000	3.095236	1372.825602
136.760000	3.090712	1368.950345
136.812000	3.086190	1365.087195
136.864000	3.081677	1361.235142
136.916000	3.077171	1357.388120
136.968000	3.072668	1353.561559
137.020000	3.068168	1349.741065
137.072000	3.063674	1345.943100
137.124000	3.059184	1342.149163
137.176000	3.054706	1338.374941
137.228000	3.050231	1334.602673
137.280000	3.045761	1330.856392
137.332000	3.041292	1327.112212
137.384000	3.036837	1323.387320
137.436000	3.032384	1319.666119
137.488000	3.027935	1315.962572
137.540000	3.023488	1312.265578
137.592000	3.019050	1308.588628
137.644000	3.014615	1304.918553
137.696000	3.010192	1301.263002
137.748000	3.005771	1297.615905
137.800000	3.001354	1293.981704
137.852000	2.996940	1290.360039
137.904000	2.992534	1286.752445
137.956000	2.988131	1283.156491
138.008000	2.983735	1279.570279
138.060000	2.979346	1275.997309
138.112000	2.974966	1272.432508
138.164000	2.970588	1268.886235
138.216000	2.966213	1265.347996
138.268000	2.961844	1261.826251
138.320000	2.957480	1258.309372
138.372000	2.953126	1254.806153
138.424000	2.948777	1251.305436
138.476000	2.944432	1247.829402
138.528000	2.940088	1244.355674
138.580000	2.935753	1240.907862
138.632000	2.931419	1237.461773
138.684000	2.927096	1234.030139
138.736000	2.922773	1230.602300
138.788000	2.918466	1227.192100
138.840000	2.914159	1223.787277
138.892000	2.909857	1220.398458
138.944000	2.905557	1217.018308
138.996000	2.901265	1213.656129
139.048000	2.896976	1210.300403
139.100000	2.892695	1206.954411
139.152000	2.888419	1203.618572
139.204000	2.884153	1200.294024
139.256000	2.879890	1196.984108
139.308000	2.875630	1193.686183
139.360000	2.871375	1190.398262
139.412000	2.867125	1187.116534
139.464000	2.862884	1183.849758
139.516000	2.858650	1180.589454
139.568000	2.854419	1177.345720
139.620000	2.850190	1174.106788
139.672000	2.845968	1170.886097
139.724000	2.841750	1167.668565
139.776000	2.837540	1164.466000
139.828000	2.833332	1161.265176
139.880000	2.829137	1158.090198
139.932000	2.824945	1154.917034
139.984000	2.820758	1151.758254
140.036000	2.816571	1148.603373
140.088000	2.812394	1145.466041
140.140000	2.808219	1142.334197
140.192000	2.804058	1139.218342
140.244000	2.799898	1136.109552
140.296000	2.795743	1133.015124
140.348000	2.791590	1129.927227
140.400000	2.787444	1126.849031
140.452000	2.783302	1123.781074
140.504000	2.779168	1120.724339
140.556000	2.775039	1117.676506
140.608000	2.770920	1114.636036
140.660000	2.766804	1111.608959
140.712000	2.762690	1108.589932
140.764000	2.758582	1105.585932
140.816000	2.754478	1102.588341
140.868000	2.750385	1099.603306
140.920000	2.746297	1096.621954
140.972000	2.742213	1093.658923
141.024000	2.738130	1090.698988
141.076000	2.734056	1087.759051
141.128000	2.729984	1084.820946
141.180000	2.725921	1081.898375
141.232000	2.721860	1078.977704
141.284000	2.717813	1076.071424
141.336000	2.713767	1073.169154
141.388000	2.709726	1070.284344
141.440000	2.705687	1067.403786
141.492000	2.701657	1064.535247
141.544000	2.697628	1061.673880
141.596000	2.693608	1058.826843
141.648000	2.689593	1055.987064
141.700000	2.685589	1053.157899
141.752000	2.681586	1050.337276
141.804000	2.677587	1047.525936
141.856000	2.673593	1044.724740
141.908000	2.669604	1041.931778
141.960000	2.665621	1039.149963
142.012000	2.661643	1036.374859
142.064000	2.657671	1033.612241
142.116000	2.653703	1030.854960
142.168000	2.649743	1028.111959
142.220000	2.645785	1025.373028
142.272000	2.641840	1022.648901
142.324000	2.637898	1019.927304
142.376000	2.633961	1017.222306
142.428000	2.630025	1014.519011
142.480000	2.626098	1011.832729
142.532000	2.622172	1009.148495
142.584000	2.618257	1006.479053
142.636000	2.614342	1003.813061
142.688000	2.610437	1001.161507
142.740000	2.606533	998.514562
142.792000	2.602639	995.880377
142.844000	2.598746	993.251879
142.896000	2.594862	990.634543
142.948000	2.590981	988.024110
143.000000	2.587108	985.423629
143.052000	2.583238	982.831521
143.104000	2.579375	980.248422
143.156000	2.575516	977.674653
143.208000	2.571664	975.108418
143.260000	2.567817	972.552730
143.312000	2.563974	970.003358
143.364000	2.560138	967.465417
143.416000	2.556307	964.932352
143.468000	2.552478	962.412379
143.520000	2.548652	959.896121
143.572000	2.544837	957.393834
143.624000	2.541026	954.893917
143.676000	2.537224	952.409213
143.728000	2.533424	949.926146
143.780000	2.529633	947.459033
143.832000	2.525843	944.993891
143.884000	2.522058	942.542081
143.936000	2.518274	940.093624
143.988000	2.514505	937.658740
144.040000	2.510737	935.227999
144.092000	2.506973	932.808424
144.144000	2.503213	930.394449
144.196000	2.499465	927.991286
144.248000	2.495718	925.594662
144.300000	2.491975	923.207342
144.352000	2.488238	920.827705
144.404000	2.484511	918.456284
144.456000	2.480786	916.093356
144.508000	2.477064	913.737265
144.560000	2.473348	911.390773
144.612000	2.469636	909.050035
144.664000	2.465931	906.720420
144.716000	2.462230	904.395523
144.768000	2.458539	902.082570
144.820000	2.454854	899.773021
144.872000	2.451172	897.476565
144.924000	2.447492	895.182318
144.976000	2.443821	892.901866
145.028000	2.440151	890.622968
145.080000	2.436491	888.358473
145.132000	2.432832	886.096043
145.184000	2.429183	883.846940
145.236000	2.425534	881.600784
145.288000	2.421891	879.366006
145.340000	2.418249	877.135464
145.392000	2.414622	874.916112
145.444000	2.410996	872.701717
145.496000	2.407379	870.496726
145.548000	2.403763	868.297909
145.600000	2.400151	866.107781
145.652000	2.396544	863.924888
145.704000	2.392948	861.749680
145.756000	2.389353	859.582126
145.808000	2.385762	857.420747
145.860000	2.382176	855.268692
145.912000	2.378596	853.122208
145.964000	2.375021	850.985771
146.016000	2.371451	848.853623
146.068000	2.367891	846.732647
146.120000	2.364336	844.614867
146.172000	2.360786	842.509331
146.224000	2.357236	840.405871
146.276000	2.353691	838.315259
146.328000	2.350147	836.226139
146.380000	2.346617	834.149909
146.432000	2.343088	832.075658
146.484000	2.339570	830.013326
146.536000	2.336052	827.954029
146.588000	2.332540	825.906093
146.640000	2.329029	823.861910
146.692000	2.325532	821.827382
146.744000	2.322036	819.797701
146.796000	2.318544	817.777057
146.848000	2.315055	815.762225
146.900000	2.311573	813.755498
146.952000	2.308098	811.755286
147.004000	2.304632	809.761987
147.056000	2.301168	807.776098
147.108000	2.297708	805.796179
147.160000	2.294250	803.824601
147.212000	2.290795	801.858055
147.264000	2.287349	799.900867
147.316000	2.283909	797.947708
147.368000	2.280477	796.004926
147.420000	2.277047	794.065134
147.472000	2.273622	792.136733
147.524000	2.270198	790.210288
147.576000	2.266783	788.295783
147.628000	2.263369	786.382738
147.680000	2.259970	784.481564
147.732000	2.256572	782.582336
147.784000	2.253180	780.694069
147.836000	2.249787	778.808718
147.888000	2.246400	776.933879
147.940000	2.243015	775.062588
147.992000	2.239643	773.200193
148.044000	2.236274	771.342359
148.096000	2.232913	769.492910
148.148000	2.229553	767.648888
148.200000	2.226197	765.812367
148.252000	2.222845	763.981885
148.304000	2.219499	762.157803
148.356000	2.216158	760.340589
148.408000	2.212823	758.528952
148.460000	2.209494	756.725381
148.512000	2.206169	754.926699
148.564000	2.202851	753.136262
148.616000	2.199536	751.349452
148.668000	2.196226	749.572216
148.720000	2.192917	747.797782
148.772000	2.189620	746.033918
148.824000	2.186327	744.271918
148.876000	2.183038	742.521407
148.928000	2.179750	740.772338
148.980000	2.176471	739.034108
149.032000	2.173193	737.297785
149.084000	2.169926	735.571528
149.136000	2.166659	733.848066
149.188000	2.163398	732.134282
149.240000	2.160138	730.423832
149.292000	2.156892	728.721537
149.344000	2.153647	727.023686
149.396000	2.150406	725.333879
149.448000	2.147168	723.648893
149.500000	2.143937	721.970563
149.552000	2.140710	720.298066
149.604000	2.137490	718.631745
149.656000	2.134273	716.971719
149.708000	2.131058	715.316865
149.760000	2.127851	713.669450
149.812000	2.124652	712.026619
149.864000	2.121456	710.391299
149.916000	2.118262	708.759358
149.968000	2.115075	707.136646
150.020000	2.111892	705.516672
150.072000	2.108716	703.906385
150.124000	2.105543	702.297863
150.176000	2.102375	700.699893
150.228000	2.099207	699.103366
150.280000	2.096053	697.517203
150.332000	2.092901	695.932907
150.384000	2.089754	694.357747
150.436000	2.086608	692.785146
150.488000	2.083466	691.220991
150.540000	2.080327	689.660249
150.592000	2.077201	688.107681
150.644000	2.074076	686.559068
150.696000	2.070955	685.017523
150.748000	2.067837	683.480634
150.800000	2.064727	681.950146
150.852000	2.061621	680.425011
150.904000	2.058521	678.905589
150.956000	2.055426	677.392215
151.008000	2.052337	675.883868
151.060000	2.049250	674.382284
151.112000	2.046166	672.884961
151.164000	2.043088	671.394829
151.216000	2.040014	669.907997
151.268000	2.036948	668.429600
151.320000	2.033884	666.953790
151.372000	2.030825	665.486776
151.424000	2.027767	664.021447
151.476000	2.024722	662.566283
151.528000	2.021680	661.112531
151.580000	2.018642	659.667622
151.632000	2.015605	658.224673
151.684000	2.012573	656.790872
151.736000	2.009543	655.359502
151.788000	2.006526	653.935824
151.840000	2.003511	652.515334
151.892000	2.000500	651.102259
151.944000	1.997491	649.693026
151.996000	1.994491	648.290590
152.048000	1.991492	646.892638
152.100000	1.988497	645.500825
152.152000	1.985505	644.113605
152.204000	1.982520	642.731406
152.256000	1.979540	641.355304
152.308000	1.976566	639.984296
152.360000	1.973597	638.619055
152.412000	1.970633	637.257638
152.464000	1.967673	635.903453
152.516000	1.964714	634.552611
152.568000	1.961762	633.208970
152.620000	1.958814	631.867693
152.672000	1.955874	630.535306
152.724000	1.952936	629.204648
152.776000	1.950003	627.882652
152.828000	1.947070	626.562101
152.880000	1.944147	625.250433
152.932000	1.941225	623.940611
152.984000	1.938313	622.638634
153.036000	1.935402	621.339174
153.088000	1.932496	620.047393
153.140000	1.929591	618.758579
153.192000	1.926695	617.476507
153.244000	1.923801	616.198157
153.296000	1.920916	614.926328
153.348000	1.918032	613.658345
153.400000	1.915152	612.395698
153.452000	1.912275	611.137973
153.504000	1.909405	609.885591
153.556000	1.906540	608.638098
153.608000	1.903681	607.394947
153.660000	1.900825	606.157949
153.712000	1.897970	604.925007
153.764000	1.895123	603.698185
153.816000	1.892279	602.474400
153.868000	1.889439	601.257861
153.920000	1.886600	600.043739
153.972000	1.883774	598.837175
154.024000	1.880951	597.632255
154.076000	1.878128	596.436059
154.128000	1.875306	595.241313
154.180000	1.872497	594.054521
154.232000	1.869690	592.869605
154.284000	1.866888	591.692095
154.336000	1.864087	590.517082
154.388000	1.861290	589.349384
154.440000	1.858496	588.184430
154.492000	1.855715	587.025561
154.544000	1.852935	585.870290
154.596000	1.850160	584.721258
154.648000	1.847385	583.575897
154.700000	1.844615	582.435667
154.752000	1.841849	581.299862
154.804000	1.839088	580.168995
154.856000	1.836333	579.043060
154.908000	1.833584	577.921570
154.960000	1.830837	576.805208
155.012000	1.828093	575.692495
155.064000	1.825355	574.585956
155.116000	1.822621	573.482536
155.168000	1.819890	572.385554
155.220000	1.817162	571.290890
155.272000	1.814441	570.203364
155.324000	1.811723	569.117493
155.376000	1.809014	568.039962
155.428000	1.806306	566.963896
155.480000	1.803603	565.894797
155.532000	1.800900	564.827678
155.584000	1.798208	563.768037
155.636000	1.795517	562.710759
155.688000	1.792830	561.660039
155.740000	1.790144	560.611987
155.792000	1.787468	559.569705
155.844000	1.784794	558.530709
155.896000	1.782128	557.497402
155.948000	1.779464	556.467830
156.000000	1.776803	555.443485
156.052000	1.774144	554.423329
156.104000	1.771489	553.407959
156.156000	1.768838	552.396925
156.208000	1.766193	551.390049
156.260000	1.763554	550.387997
156.312000	1.760919	549.389552
156.364000	1.758288	548.396923
156.416000	1.755659	547.407375
156.468000	1.753037	546.423911
156.520000	1.750418	545.442777
156.572000	1.747803	544.468361
156.624000	1.745189	543.495627
156.676000	1.742584	542.530286
156.728000	1.739981	541.566498
156.780000	1.737383	540.609724
156.832000	1.734785	539.654886
156.884000	1.732197	538.706696
156.936000	1.729610	537.760851
156.988000	1.727028	536.821232
157.040000	1.724447	535.884209
157.092000	1.721875	534.952681
157.144000	1.719305	534.024309
157.196000	1.716738	533.101382
157.248000	1.714175	532.182024
157.300000	1.711619	531.267740
157.352000	1.709064	530.357137
157.404000	1.706513	529.450963
157.456000	1.703967	528.549163
157.508000	1.701427	527.651664
157.560000	1.698889	526.758654
157.612000	1.696354	525.869203
157.664000	1.693825	524.984839
157.716000	1.691301	524.103438
157.768000	1.688779	523.227731
157.820000	1.686260	522.354366
157.872000	1.683748	521.487825
157.924000	1.681239	520.623069
157.976000	1.678735	519.765243
158.028000	1.676231	518.908996
158.080000	1.673737	518.058882
158.132000	1.671243	517.210745
158.184000	1.668755	516.368858
158.236000	1.666268	515.529304
158.288000	1.663790	514.695685
158.340000	1.661313	513.864750
158.392000	1.658840	513.039390
158.444000	1.656370	512.217071
158.496000	1.653908	511.400012
158.548000	1.651448	510.586095
158.600000	1.648991	509.776805
158.652000	1.646536	508.970964
158.704000	1.644085	508.169462
158.756000	1.641638	507.372048
158.808000	1.639197	506.578899
158.860000	1.636758	505.790280
158.912000	1.634323	505.005364
158.964000	1.631893	504.224787
159.016000	1.629468	503.447065
159.068000	1.627046	502.675112
159.120000	1.624626	501.905619
159.172000	1.622214	501.142071
159.224000	1.619804	500.380358
159.276000	1.617398	499.625107
159.328000	1.614994	498.871576
159.380000	1.612594	498.124224
159.432000	1.610195	497.378892
159.484000	1.607806	496.639482
159.536000	1.605418	495.902391
159.588000	1.603034	495.170914
159.640000	1.600652	494.442059
159.692000	1.598279	493.718560
159.744000	1.595907	492.997771
159.796000	1.593539	492.281719
159.848000	1.591174	491.568885
159.900000	1.588817	490.860849
159.952000	1.586459	490.156303
160.004000	1.584102	489.456250
160.056000	1.581752	488.759684
160.108000	1.579410	488.067189
160.160000	1.577068	487.378886
160.212000	1.574726	486.694280
160.264000	1.572391	486.014072
160.316000	1.570059	485.336871
160.368000	1.567735	484.664644
160.420000	1.565415	483.994866
160.472000	1.563098	483.331106
160.524000	1.560782	482.669310
160.576000	1.558471	482.013005
160.628000	1.556160	481.358572
160.680000	1.553855	480.710399
160.732000	1.551550	480.064297
160.784000	1.549255	479.423779
160.836000	1.546961	478.785577
160.888000	1.544677	478.152733
160.940000	1.542392	477.522440
160.992000	1.540108	476.897239
161.044000	1.537826	476.274839
161.096000	1.535552	475.657353
161.148000	1.533282	475.042660
161.200000	1.531018	474.432389
161.252000	1.528755	473.825659
161.304000	1.526491	473.223615
161.356000	1.524233	472.624752
161.408000	1.521980	472.029966
161.460000	1.519733	471.439074
161.512000	1.517490	470.851931
161.564000	1.515248	470.268809
161.616000	1.513005	469.688730
161.668000	1.510770	469.113708
161.720000	1.508538	468.541287
161.772000	1.506314	467.974031
161.824000	1.504093	467.408837
161.876000	1.501871	466.849706
161.928000	1.499650	466.292512
161.980000	1.497438	465.740747
162.032000	1.495227	465.191111
162.084000	1.493026	464.646740
162.136000	1.490825	464.104678
162.188000	1.488625	463.567669
162.240000	1.486426	463.033329
162.292000	1.484236	462.504279
162.344000	1.482047	461.977905
162.396000	1.479862	461.456289
162.448000	1.477680	460.937284
162.500000	1.475506	460.422628
162.552000	1.473333	459.911289
162.604000	1.471164	459.404636
162.656000	1.468997	458.901181
162.708000	1.466833	458.402031
162.760000	1.464672	457.906431
162.812000	1.462513	457.414624
162.864000	1.460361	456.926526
162.916000	1.458212	456.441570
162.968000	1.456067	455.961289
163.020000	1.453924	455.483701
163.072000	1.451785	455.011364
163.124000	1.449647	454.541249
163.176000	1.447518	454.076818
163.228000	1.445391	453.614453
163.280000	1.443268	453.157132
163.332000	1.441146	452.702090
163.384000	1.439029	452.252421
163.436000	1.436912	451.805066
163.488000	1.434801	451.362551
163.540000	1.432690	450.922644
163.592000	1.430583	450.487829
163.644000	1.428479	450.055579
163.696000	1.426383	449.627995
163.748000	1.424289	449.203084
163.800000	1.422198	448.782728
163.852000	1.420111	448.365462
163.904000	1.418030	447.952910
163.956000	1.415950	447.543241
164.008000	1.413869	447.137942
164.060000	1.411795	446.735878
164.112000	1.409725	446.337695
164.164000	1.407658	445.943277
164.216000	1.405593	445.552200
164.268000	1.403532	445.165896
164.320000	1.401473	444.782471
164.372000	1.399422	444.403449
164.424000	1.397372	444.026784
164.476000	1.395328	443.655882
164.528000	1.393284	443.287173
164.580000	1.391245	442.923165
164.632000	1.389207	442.561508
164.684000	1.387173	442.204942
164.736000	1.385140	441.850832
164.788000	1.383112	441.501735
164.840000	1.381086	441.155198
164.892000	1.379068	440.813623
164.944000	1.377052	440.474701
164.996000	1.375039	440.140649
165.048000	1.373028	439.809090
165.100000	1.371021	439.482065
165.152000	1.369016	439.157879
165.204000	1.367014	438.838432
165.256000	1.365014	438.521917
165.308000	1.363018	438.210069
165.360000	1.361027	437.901129
165.412000	1.359040	437.596173
165.464000	1.357057	437.295058
165.516000	1.355076	436.997515
165.568000	1.353099	436.703936
165.620000	1.351123	436.413307
165.672000	1.349151	436.127184
165.724000	1.347180	435.843604
165.776000	1.345214	435.565392
165.828000	1.343249	435.289622
165.880000	1.341293	435.019189
165.932000	1.339338	434.751091
165.984000	1.337383	434.487368
166.036000	1.335429	434.226254
166.088000	1.333485	433.970367
166.140000	1.331541	433.716987
166.192000	1.329602	433.468416
166.244000	1.327664	433.222385
166.296000	1.325730	432.981160
166.348000	1.323799	432.742513
166.400000	1.321876	432.508690
166.452000	1.319952	432.277745
166.504000	1.318028	432.051823
166.556000	1.316110	431.828214
166.608000	1.314197	431.609208
166.660000	1.312283	431.393134
166.712000	1.310370	431.181295
166.764000	1.308464	430.973399
166.816000	1.306561	430.769328
166.868000	1.304662	430.568872
166.920000	1.302765	430.371524
166.972000	1.300876	430.178838
167.024000	1.298988	429.988885
167.076000	1.297101	429.803390
167.128000	1.295214	429.620542
167.180000	1.293332	429.443160
167.232000	1.291451	429.268291
167.284000	1.289579	429.098035
167.336000	1.287709	428.930402
167.388000	1.285843	428.767798
167.440000	1.283976	428.607824
167.492000	1.282110	428.452876
167.544000	1.280247	428.300361
167.596000	1.278391	428.152632
167.648000	1.276537	428.007549
167.700000	1.274687	427.867565
167.752000	1.272839	427.729929
167.804000	1.270993	427.597200
167.856000	1.269153	427.467165
167.908000	1.267318	427.342231
167.960000	1.265484	427.219912
168.012000	1.263649	427.101972
168.064000	1.261818	426.987628
168.116000	1.259988	426.877258
168.168000	1.258166	426.770635
168.220000	1.256347	426.667367
168.272000	1.254532	426.568381
168.324000	1.252718	426.472343
168.376000	1.250904	426.381410
168.428000	1.249090	426.293223
168.480000	1.247287	426.209766
168.532000	1.245483	426.129007
168.584000	1.243685	426.053035
168.636000	1.241888	425.979707
168.688000	1.240095	425.911250
168.740000	1.238303	425.845561
168.792000	1.236515	425.785174
168.844000	1.234729	425.727096
168.896000	1.232946	425.673767
168.948000	1.231165	425.623162
169.000000	1.229388	425.577969
169.052000	1.227615	425.534882
169.104000	1.225848	425.496838
169.156000	1.224082	425.461505
169.208000	1.222315	425.431575
169.260000	1.220551	425.403957
169.312000	1.218789	425.380890
169.364000	1.217035	425.361530
169.416000	1.215283	425.346426
169.468000	1.213532	425.334687
169.520000	1.211781	425.326477
169.572000	1.210034	425.323201
169.624000	1.208288	425.323085
169.676000	1.206552	425.327268
169.728000	1.204816	425.334358
169.780000	1.203086	425.345871
169.832000	1.201356	425.360371
169.884000	1.199625	425.380263
169.936000	1.197896	425.402824
169.988000	1.196177	425.430135
170.040000	1.194458	425.460167
170.092000	1.192743	425.495427
170.144000	1.191029	425.533311
170.196000	1.189314	425.576526
170.248000	1.187603	425.622027
170.300000	1.185899	425.672760
170.352000	1.184197	425.725935
170.404000	1.182498	425.784717
170.456000	1.180802	425.845580
170.508000	1.179109	425.911835
170.560000	1.177415	425.980833
170.612000	1.175721	426.054822
170.664000	1.174035	426.131767
170.716000	1.172351	426.213047
170.768000	1.170672	426.298299
170.820000	1.168994	426.387396
170.872000	1.167320	426.480574
170.924000	1.165648	426.577129
170.976000	1.163980	426.678618
171.028000	1.162312	426.783227
171.080000	1.160644	426.892422
171.132000	1.158977	427.004590
171.184000	1.157320	427.121574
171.236000	1.155664	427.241381
171.288000	1.154012	427.366160
171.340000	1.152361	427.493793
171.392000	1.150715	427.626924
171.444000	1.149068	427.762558
171.496000	1.147422	427.903526
171.548000	1.145779	428.046850
171.600000	1.144143	428.195738
171.652000	1.142509	428.347111
171.704000	1.140878	428.504450
171.756000	1.139250	428.663564
171.808000	1.137624	428.828227
171.860000	1.135998	428.995702
171.912000	1.134372	429.168470
171.964000	1.132754	429.343864
172.016000	1.131138	429.523771
172.068000	1.129527	429.707778
172.120000	1.127917	429.895872
172.172000	1.126307	430.088178
172.224000	1.124697	430.284036
172.276000	1.123096	430.484013
172.328000	1.121497	430.687386
172.380000	1.119897	430.895990
172.432000	1.118298	431.107642
172.484000	1.116709	431.323906
172.536000	1.115120	431.543285
172.588000	1.113531	431.768235
172.640000	1.111943	431.995788
172.692000	1.110359	432.228435
172.744000	1.108778	432.463692
172.796000	1.107205	432.704615
172.848000	1.105631	432.947941
172.900000	1.104058	433.197120
172.952000	1.102487	433.448515
173.004000	1.100919	433.706007
173.056000	1.099353	433.965311
173.108000	1.097790	434.230479
173.160000	1.096230	434.498158
173.212000	1.094672	434.771287
173.264000	1.093118	435.047547
173.316000	1.091566	435.328663
173.368000	1.090017	435.613533
173.420000	1.088470	435.902661
173.472000	1.086927	436.195662
173.524000	1.085385	436.492412
173.576000	1.083847	436.793411
173.628000	1.082311	437.097997
173.680000	1.080774	437.407988
173.732000	1.079238	437.721188
173.784000	1.077711	438.039205
173.836000	1.076185	438.360179
173.888000	1.074658	438.686196
173.940000	1.073134	439.015118
173.992000	1.071618	439.349739
174.044000	1.070102	439.686808
174.096000	1.068586	440.029485
174.148000	1.067072	440.374629
174.200000	1.065562	440.725937
174.252000	1.064053	441.079491
174.304000	1.062548	441.439457
174.356000	1.061045	441.800919
174.408000	1.059545	442.168348
174.460000	1.058048	442.538355
174.512000	1.056553	442.914057
174.564000	1.055061	443.292981
174.616000	1.053572	443.676977
174.668000	1.052086	444.063900
174.720000	1.050601	444.455167
174.772000	1.049117	444.850929
174.824000	1.047632	445.250652
174.876000	1.046157	445.655278
174.928000	1.044683	446.063447
174.980000	1.043209	446.475814
175.032000	1.041735	446.891630
175.084000	1.040266	447.312828
175.136000	1.038799	447.737098
175.188000	1.037340	448.166652
175.240000	1.035881	448.598988
175.292000	1.034417	449.036842
175.344000	1.032956	449.477219
175.396000	1.031503	449.923471
175.448000	1.030052	450.372230
175.500000	1.028604	450.827397
175.552000	1.027158	451.284204
175.604000	1.025716	451.747260
175.656000	1.024273	452.212528
175.708000	1.022830	452.684303
175.760000	1.021391	453.158326
175.812000	1.019953	453.638095
175.864000	1.018519	454.120299
175.916000	1.017087	454.607553
175.968000	1.015658	455.098772
176.020000	1.014231	455.594573
176.072000	1.012809	456.094488
176.124000	1.011387	456.598419
176.176000	1.009970	457.106350
176.228000	1.008553	457.618072
176.280000	1.007137	458.135016
176.332000	1.005721	458.655278
176.384000	1.004313	459.180245
176.436000	1.002905	459.708500
176.488000	1.001500	460.242518
176.540000	1.000096	460.779187
176.592000	0.998696	461.321232
176.644000	0.997297	461.865825
176.696000	0.995900	462.416426
176.748000	0.994505	462.969280
176.800000	0.993113	463.528452
176.852000	0.991723	464.089580
176.904000	0.990336	464.657333
176.956000	0.988950	465.226622
177.008000	0.987566	465.802198
177.060000	0.986186	466.380464
177.112000	0.984807	466.964693
177.164000	0.983431	467.551411
177.216000	0.982056	468.143251
177.268000	0.980684	468.738169
177.320000	0.979314	469.337624
177.372000	0.977946	469.941778
177.424000	0.976580	470.549998
177.476000	0.975217	471.162274
177.528000	0.973855	471.778311
177.580000	0.972497	472.399199
177.632000	0.971139	473.023431
177.684000	0.969786	473.652412
177.736000	0.968433	474.284547
177.788000	0.967084	474.922138
177.840000	0.965735	475.562581
177.892000	0.964390	476.208786
177.944000	0.963046	476.857303
177.996000	0.961705	477.511592
178.048000	0.960365	478.167851
178.100000	0.959029	478.830226
178.152000	0.957694	479.494858
178.204000	0.956361	480.166354
178.256000	0.955030	480.839039
178.308000	0.953701	481.517822
178.360000	0.952375	482.199328
178.412000	0.951050	482.886756
178.464000	0.949729	483.576264
178.516000	0.948408	484.270762
178.568000	0.947091	484.969316
178.620000	0.945775	485.672444
178.672000	0.944462	486.378737
178.724000	0.943150	487.089058
178.776000	0.941841	487.803914
178.828000	0.940533	488.522481
178.880000	0.939229	489.245879
178.932000	0.937925	489.972449
178.984000	0.936625	490.703327
179.036000	0.935325	491.437463
179.088000	0.934029	492.177371
179.140000	0.932733	492.919685
179.192000	0.931441	493.667038
179.244000	0.930150	494.416893
179.296000	0.928862	495.172718
179.348000	0.927576	495.930468
179.400000	0.926291	496.694217
179.452000	0.925009	497.459558
179.504000	0.923729	498.231212
179.556000	0.922451	499.004764
179.608000	0.921175	499.784541
179.660000	0.919901	500.566255
179.712000	0.918629	501.353434
179.764000	0.917359	502.143119
179.816000	0.916091	502.937680
179.868000	0.914826	503.735307
179.920000	0.913561	504.537221
179.972000	0.912300	505.343281
180.024000	0.911040	506.153122
180.076000	0.909783	506.966429
180.128000	0.908526	507.783281
180.180000	0.907273	508.604835
180.232000	0.906021	509.429521
180.284000	0.904772	510.258765
180.336000	0.903524	511.090813
180.388000	0.902278	511.927707
180.440000	0.901034	512.767080
180.492000	0.899793	513.611587
180.544000	0.898553	514.458491
180.596000	0.897316	515.311088
180.648000	0.896080	516.165250
180.700000	0.894846	517.024856
180.752000	0.893615	517.885994
180.804000	0.892385	518.753078
180.856000	0.891157	519.622037
180.908000	0.889931	520.496798
180.960000	0.888708	521.373069
181.012000	0.887485	522.254278
181.064000	0.886266	523.138369
181.116000	0.885047	524.027028
181.168000	0.883832	524.918168
181.220000	0.882617	525.813185
181.272000	0.881406	526.711682
181.324000	0.880195	527.613694
181.376000	0.878987	528.519931
181.428000	0.877780	529.429250
181.480000	0.876576	530.342127
181.532000	0.875373	531.257861
181.584000	0.874174	532.177837
181.636000	0.872975	533.100374
181.688000	0.871778	534.027385
181.740000	0.870582	534.956668
181.792000	0.869390	535.890655
181.844000	0.868199	536.826632
181.896000	0.867010	537.767526
181.948000	0.865823	538.709855
182.000000	0.864638	539.657064
182.052000	0.863455	540.606049
182.104000	0.862273	541.560548
182.156000	0.861094	542.516150
182.208000	0.859916	543.476553
182.260000	0.858740	544.438800
182.312000	0.857566	545.405462
182.364000	0.856394	546.374440
182.416000	0.855224	547.347299
182.468000	0.854056	548.322929
182.520000	0.852889	549.301914
182.572000	0.851725	550.283591
182.624000	0.850562	551.268233
182.676000	0.849402	552.256276
182.728000	0.848242	553.247019
182.780000	0.847085	554.241345
182.832000	0.845929	555.238118
182.884000	0.844777	556.238640
182.936000	0.843625	557.241202
182.988000	0.842475	558.247304
183.040000	0.841327	559.255380
183.092000	0.840181	560.267496
183.144000	0.839036	561.281122
183.196000	0.837894	562.298636
183.248000	0.836753	563.317981
183.300000	0.835615	564.341841
183.352000	0.834478	565.366726
183.404000	0.833342	566.395785
183.456000	0.832209	567.425875
183.508000	0.831077	568.459809
183.560000	0.829948	569.495473
183.612000	0.828820	570.534649
183.664000	0.827694	571.575940
183.716000	0.826569	572.620265
183.768000	0.825447	573.666590
183.820000	0.824326	574.715461
183.872000	0.823207	575.767149
183.924000	0.822089	576.821101
183.976000	0.820974	577.877970
184.028000	0.819860	578.936739
184.080000	0.818748	579.997627
184.132000	0.817638	581.060530
184.184000	0.816530	582.126891
184.236000	0.815423	583.194814
184.288000	0.814319	584.265484
184.340000	0.813215	585.337527
184.392000	0.812114	586.412382
184.444000	0.811014	587.488683
184.496000	0.809917	588.568130
184.548000	0.808821	589.648904
184.600000	0.807726	590.732810
184.652000	0.806633	591.817617
184.704000	0.805542	592.905338
184.756000	0.804453	593.993992
184.808000	0.803366	595.085241
184.860000	0.802281	596.178051
184.912000	0.801196	597.273201
184.964000	0.800115	598.369741
185.016000	0.799034	599.468154
185.068000	0.797955	600.568663
185.120000	0.796877	601.670756
185.172000	0.795802	602.774632
185.224000	0.794728	603.879834
185.276000	0.793657	604.986834
185.328000	0.792586	606.095109
185.380000	0.791518	607.205614
185.432000	0.790450	608.317188
185.484000	0.789386	609.430531
185.536000	0.788321	610.544843
185.588000	0.787260	611.660883
185.640000	0.786200	612.778017
185.692000	0.785142	613.897125
185.744000	0.784085	615.017056
185.796000	0.783030	616.138560
185.848000	0.781976	617.260846
185.900000	0.780925	618.384594
185.952000	0.779874	619.509430
186.004000	0.778826	620.635793
186.056000	0.777779	621.762967
186.108000	0.776733	622.891209
186.160000	0.775690	624.020381
186.212000	0.774649	625.150361
186.264000	0.773609	626.281370
186.316000	0.772569	627.412945
186.368000	0.771533	628.546125
186.420000	0.770498	629.679699
186.472000	0.769464	630.814411
186.524000	0.768431	631.949380
186.576000	0.767401	633.085363
186.628000	0.766372	634.221588
186.680000	0.765346	635.358681
186.732000	0.764320	636.496020
186.784000	0.763296	637.634050
186.836000	0.762273	638.772524
186.888000	0.761253	639.911850
186.940000	0.760234	641.051498
186.992000	0.759217	642.191421
187.044000	0.758201	643.331740
187.096000	0.757187	644.472091
187.148000	0.756174	645.612933
187.200000	0.755163	646.753539
187.252000	0.754154	647.894752
187.304000	0.753146	649.035437
187.356000	0.752140	650.177164
187.408000	0.751135	651.318353
187.460000	0.750132	652.459778
187.512000	0.749130	653.600273
187.564000	0.748130	654.741824
187.616000	0.747132	655.882519
187.668000	0.746136	657.023249
187.720000	0.745140	658.162970
187.772000	0.744147	659.303592
187.824000	0.743154	660.443268
187.876000	0.742164	661.583050
187.928000	0.741175	662.722010
187.980000	0.740188	663.860764
188.032000	0.739201	664.998848
188.084000	0.738218	666.136391
188.136000	0.737234	667.273268
188.188000	0.736254	668.408893
188.240000	0.735274	669.544436
188.292000	0.734296	670.678998
188.344000	0.733319	671.813491
188.396000	0.732344	672.946283
188.448000	0.731370	674.079256
188.500000	0.730398	675.210088
188.552000	0.729428	676.341376
188.604000	0.728459	677.470057
188.656000	0.727491	678.599252
188.708000	0.726525	679.725838
188.760000	0.725561	680.852750
188.812000	0.724599	681.977076
188.864000	0.723638	683.101512
188.916000	0.722677	684.223409
188.968000	0.721719	685.345178
189.020000	0.720762	686.464491
189.072000	0.719807	687.582853
189.124000	0.718852	688.699031
189.176000	0.717901	689.814784
189.228000	0.716949	690.928585
189.280000	0.716001	692.041011
189.332000	0.715052	693.151663
189.384000	0.714107	694.260046
189.436000	0.713161	695.367127
189.488000	0.712218	696.471793
189.540000	0.711276	697.575737
189.592000	0.710336	698.677015
189.644000	0.709396	699.777492
189.696000	0.708459	700.874145
189.748000	0.707523	701.970667
189.800000	0.706588	703.063019
189.852000	0.705655	704.155663
189.904000	0.704724	705.243543
189.956000	0.703794	706.331373
190.008000	0.702865	707.414453
190.060000	0.701937	708.497918
190.112000	0.701011	709.577075
190.164000	0.700087	710.655361
190.216000	0.699163	711.729380
190.268000	0.698242	712.802577
190.320000	0.697321	713.871845
190.372000	0.696404	714.939797
190.424000	0.695486	716.004197
190.476000	0.694571	717.066653
190.528000	0.693656	718.126012
190.580000	0.692744	719.182783
190.632000	0.691832	720.236802
190.684000	0.690922	721.287168
190.736000	0.690013	722.335427
190.788000	0.689106	723.379718
190.840000	0.688200	724.422437
190.892000	0.687296	725.460460
190.944000	0.686392	726.497472
190.996000	0.685491	727.529038
191.048000	0.684591	728.559880
191.100000	0.683692	729.584269
191.152000	0.682794	730.608786
191.204000	0.681898	731.626397
191.256000	0.681004	732.644129
191.308000	0.680110	733.655289
191.360000	0.679219	734.666046
191.412000	0.678328	735.670592
191.464000	0.677439	736.673726
191.516000	0.676551	737.670971
191.568000	0.675665	738.666688
191.620000	0.674779	739.657011
191.672000	0.673897	740.644634
191.724000	0.673014	741.627490
191.776000	0.672134	742.607828
191.828000	0.671254	743.583848
191.880000	0.670376	744.555566
191.932000	0.669499	745.523709
191.984000	0.668624	746.487149
192.036000	0.667750	747.447664
192.088000	0.666878	748.402585
192.140000	0.666006	749.355272
192.192000	0.665137	750.301498
192.244000	0.664268	751.246151
192.296000	0.663401	752.183392
192.348000	0.662535	753.119882
192.400000	0.661670	754.048118
192.452000	0.660807	754.976153
192.504000	0.659945	755.895166
192.556000	0.659085	756.813937
192.608000	0.658225	757.724228
192.660000	0.657368	758.633621
192.712000	0.656511	759.535091
192.764000	0.655656	760.434853
192.816000	0.654802	761.327248
192.868000	0.653950	762.217236
192.920000	0.653098	763.100489
192.972000	0.652249	763.980507
193.024000	0.651400	764.854506
193.076000	0.650553	765.724348
193.128000	0.649707	766.588944
193.180000	0.648862	767.448444
193.232000	0.648018	768.303467
193.284000	0.647177	769.152353
193.336000	0.646336	769.997630
193.388000	0.645497	770.835896
193.440000	0.644658	771.671355
193.492000	0.643822	772.498733
193.544000	0.642986	773.324164
193.596000	0.642152	774.140491
193.648000	0.641319	774.955755
193.700000	0.640487	775.760874
193.752000	0.639657	776.565649
193.804000	0.638828	777.359589
193.856000	0.638000	778.153077
193.908000	0.637173	778.936433
193.960000	0.636348	779.718412
194.012000	0.635524	780.490948
194.064000	0.634701	781.261286
194.116000	0.633879	782.022924
194.168000	0.633060	782.781531
194.220000	0.632241	783.532223
194.272000	0.631423	784.278814
194.324000	0.630606	785.018354
194.376000	0.629792	785.752754
194.428000	0.628978	786.481038
194.480000	0.628165	787.203205
194.532000	0.627353	787.920157
194.584000	0.626544	788.629794
194.636000	0.625734	789.335221
194.688000	0.624927	790.032342
194.740000	0.624120	790.726170
194.792000	0.623315	791.410487
194.844000	0.622511	792.092549
194.896000	0.621709	792.764021
194.948000	0.620907	793.434228
195.000000	0.620106	794.092675
195.052000	0.619307	794.750655
195.104000	0.618510	795.396265
195.156000	0.617713	796.041107
195.208000	0.616918	796.674387
195.260000	0.616124	797.305970
195.312000	0.615331	797.926863
195.364000	0.614539	798.545120
195.416000	0.613749	799.153569
195.468000	0.612960	799.758288
195.520000	0.612172	800.354118
195.572000	0.611385	800.945184
195.624000	0.610599	801.528364
195.676000	0.609815	802.105639
195.728000	0.609032	802.676071
195.780000	0.608250	803.239435
195.832000	0.607469	803.797002
195.884000	0.606690	804.346289
195.936000	0.605911	804.890851
195.988000	0.605134	805.425952
196.040000	0.604358	805.957437
196.092000	0.603583	806.478291
196.144000	0.602809	806.996638
196.196000	0.602037	807.503139
196.248000	0.601265	808.008224
196.300000	0.600495	808.500218
196.352000	0.599726	808.991575
196.404000	0.598958	809.469310
196.456000	0.598192	809.946096
196.508000	0.597427	810.410229
196.560000	0.596663	810.872386
196.612000	0.595899	811.322879
196.664000	0.595137	811.770233
196.716000	0.594376	812.206905
196.768000	0.593617	812.639395
196.820000	0.592859	813.062254
196.872000	0.592101	813.479808
196.924000	0.591345	813.888831
196.976000	0.590590	814.291240
197.028000	0.589836	814.686269
197.080000	0.589084	815.073496
197.132000	0.588332	815.454500
197.184000	0.587582	815.826461
197.236000	0.586832	816.193368
197.288000	0.586085	816.549984
197.340000	0.585338	816.902703
197.392000	0.584592	817.243842
197.444000	0.583847	817.582268
197.496000	0.583104	817.907849
197.548000	0.582361	818.231950
197.600000	0.581620	818.541957
197.652000	0.580880	818.851256
197.704000	0.580141	819.146059
197.756000	0.579403	819.439716
197.808000	0.578666	819.719926
197.860000	0.577931	819.997853
197.912000	0.577196	820.263415
197.964000	0.576463	820.525551
198.016000	0.575730	820.776413
198.068000	0.574999	821.022741
198.120000	0.574269	821.258930
198.172000	0.573540	821.489312
198.224000	0.572812	821.710737
198.276000	0.572086	821.925043
198.328000	0.571360	822.131627
198.380000	0.570636	822.329905
198.432000	0.569912	822.521677
198.484000	0.569190	822.703823
198.536000	0.568469	822.880695
198.588000	0.567749	823.046655
198.640000	0.567029	823.208562
198.692000	0.566311	823.358242
198.744000	0.565594	823.505139
198.796000	0.564879	823.638544
198.848000	0.564164	823.770420
198.900000	0.563450	823.887506
198.952000	0.562738	824.003767
199.004000	0.562027	824.104966
199.056000	0.561316	824.204896
199.108000	0.560607	824.290922
199.160000	0.559899	824.374500
199.212000	0.559192	824.445323
199.264000	0.558486	824.512467
199.316000	0.557780	824.568003
199.368000	0.557077	824.618727
199.420000	0.556374	824.659038
199.472000	0.555672	824.693173
199.524000	0.554970	824.718157
199.576000	0.554271	824.735824
199.628000	0.553573	824.745580
199.680000	0.552875	824.746594
199.732000	0.552178	824.740975
199.784000	0.551483	824.725370
199.836000	0.550788	824.704422
199.888000	0.550095	824.672230
199.940000	0.549403	824.635951
199.992000	0.548712	824.587104
200.044000	0.548021	824.535448
200.096000	0.547332	824.469932
200.148000	0.546644	824.402856
200.200000	0.545957	824.320607
200.252000	0.545271	824.237547
200.304000	0.544586	824.139257
200.356000	0.543902	824.039568
200.408000	0.543219	823.925823
200.460000	0.542537	823.809440
200.512000	0.541856	823.680183
200.564000	0.541176	823.547138
200.616000	0.540497	823.402421
200.668000	0.539820	823.252721
200.720000	0.539142	823.092574
200.772000	0.538467	822.926133
200.824000	0.537791	822.750527
200.876000	0.537118	822.567394
200.928000	0.536445	822.376382
200.980000	0.535774	822.176565
201.032000	0.535103	821.970138
201.084000	0.534433	821.753591
201.136000	0.533764	821.531737
201.188000	0.533096	821.298526
201.240000	0.532429	821.061271
201.292000	0.531764	820.811361
201.344000	0.531099	820.558686
201.396000	0.530436	820.292092
201.448000	0.529773	820.024012
201.500000	0.529112	819.740753
201.552000	0.528451	819.456656
201.604000	0.527790	819.157469
201.656000	0.527132	818.856794
201.708000	0.526474	818.542223
201.760000	0.525818	818.224977
201.812000	0.525162	817.895041
201.864000	0.524507	817.561299
201.916000	0.523852	817.216076
201.968000	0.523200	816.865777
202.020000	0.522548	816.505231
202.072000	0.521897	816.138416
202.124000	0.521247	815.762627
202.176000	0.520598	815.379332
202.228000	0.519950	814.988353
202.280000	0.519304	814.588663
202.332000	0.518657	814.182521
202.384000	0.518012	813.766321
202.436000	0.517368	813.344990
202.488000	0.516725	812.912483
202.540000	0.516082	812.476090
202.592000	0.515441	812.027269
202.644000	0.514801	811.575793
202.696000	0.514162	811.110654
202.748000	0.513524	810.644140
202.800000	0.512886	810.162787
202.852000	0.512250	809.680562
202.904000	0.511614	809.183703
202.956000	0.510980	808.685349
203.008000	0.510346	808.173575
203.060000	0.509713	807.659166
203.112000	0.509081	807.132532
203.164000	0.508451	806.602082
203.216000	0.507821	806.060588
203.268000	0.507192	805.514199
203.320000	0.506564	804.957983
203.372000	0.505937	804.395635
203.424000	0.505310	803.824706
203.476000	0.504685	803.246466
203.528000	0.504061	802.660886
203.580000	0.503438	802.066819
203.632000	0.502815	801.466663
203.684000	0.502194	800.856898
203.736000	0.501573	800.242252
203.788000	0.500954	799.616808
203.840000	0.500335	798.987701
203.892000	0.499718	798.346658
203.944000	0.499101	797.703156
203.996000	0.498485	797.046589
204.048000	0.497869	796.388794
204.100000	0.497256	795.716846
204.152000	0.496643	795.044051
204.204000	0.496030	794.357426
204.256000	0.495419	793.669310
204.308000	0.494808	792.968548
204.360000	0.494199	792.265260
204.412000	0.493590	791.550486
204.464000	0.492982	790.832034
204.516000	0.492375	790.103228
204.568000	0.491770	789.369739
204.620000	0.491164	788.627067
204.672000	0.490561	787.878605
204.724000	0.489957	787.122145
204.776000	0.489355	786.358754
204.828000	0.488753	785.588568
204.880000	0.488153	784.810456
204.932000	0.487553	784.026692
204.984000	0.486954	783.233854
205.036000	0.486356	782.436518
205.088000	0.485759	781.629060
205.140000	0.485163	780.818293
205.192000	0.484568	779.996431
205.244000	0.483974	779.172337
205.296000	0.483380	778.336073
205.348000	0.482787	777.498688
205.400000	0.482195	776.648133
205.452000	0.481604	775.796862
205.504000	0.481015	774.932923
205.556000	0.480426	774.067544
205.608000	0.479837	773.190581
205.660000	0.479250	772.311240
205.712000	0.478664	771.421413
205.764000	0.478078	770.528193
205.816000	0.477492	769.625550
205.868000	0.476909	768.718621
205.920000	0.476325	767.803356
205.972000	0.475743	766.882704
206.024000	0.475162	765.954837
206.076000	0.474582	765.020697
206.128000	0.474002	764.080425
206.180000	0.473424	763.132868
206.232000	0.472845	762.180273
206.284000	0.472268	761.219487
206.336000	0.471691	760.254685
206.388000	0.471116	759.280703
206.440000	0.470542	758.303790
206.492000	0.469969	757.316849
206.544000	0.469396	756.327949
206.596000	0.468824	755.328085
206.648000	0.468253	754.327328
206.700000	0.467682	753.314784
206.752000	0.467113	752.301601
206.804000	0.466544	751.277173
206.856000	0.465976	750.251414
206.908000	0.465409	749.215408
206.960000	0.464843	748.177292
207.012000	0.464278	747.129939
207.064000	0.463713	746.079541
207.116000	0.463149	745.020869
207.168000	0.462587	743.958373
207.220000	0.462024	742.888595
207.272000	0.461463	741.814127
207.324000	0.460902	740.733376
207.376000	0.460343	739.647093
207.428000	0.459785	738.555492
207.480000	0.459227	737.457491
207.532000	0.458669	736.355162
207.584000	0.458113	735.245709
207.636000	0.457558	734.132810
207.688000	0.457004	733.011910
207.740000	0.456450	731.888547
207.792000	0.455897	730.756512
207.844000	0.455344	729.622861
207.896000	0.454793	728.479754
207.948000	0.454242	727.335902
208.000000	0.453692	726.181888
208.052000	0.453143	725.027373
208.104000	0.452596	723.863317
208.156000	0.452048	722.698170
208.208000	0.451502	721.524368
208.260000	0.450956	720.348712
208.312000	0.450411	719.165263
208.364000	0.449867	717.979258
208.416000	0.449323	716.786313
208.468000	0.448781	715.590180
208.520000	0.448239	714.387967
208.572000	0.447698	713.181803
208.624000	0.447158	711.970421
208.676000	0.446618	710.754397
208.728000	0.446079	709.533997
208.780000	0.445542	708.308296
208.832000	0.445004	707.079052
208.884000	0.444468	705.843899
208.936000	0.443932	704.605981
208.988000	0.443398	703.361509
209.040000	0.442864	702.115065
209.092000	0.442331	700.861501
209.144000	0.441798	699.606660
209.196000	0.441267	698.344084
209.248000	0.440736	697.080982
209.300000	0.440206	695.809631
209.352000	0.439677	694.537935
209.404000	0.439148	693.258598
209.456000	0.438620	691.978337
209.508000	0.438093	690.691159
209.560000	0.437567	689.402580
209.612000	0.437042	688.107832
209.664000	0.436517	686.811046
209.716000	0.435993	685.508786
209.768000	0.435470	684.204066
209.820000	0.434947	682.894582
209.872000	0.434426	681.581992
209.924000	0.433905	680.265355
209.976000	0.433385	678.945134
210.028000	0.432865	677.621552
210.080000	0.432346	676.293894
210.132000	0.431828	674.963535
210.184000	0.431311	673.628632
210.236000	0.430795	672.291664
210.288000	0.430279	670.949701
210.340000	0.429764	669.606259
210.392000	0.429250	668.257383
210.444000	0.428737	666.907637
210.496000	0.428224	665.552088
210.548000	0.427712	664.196229
210.600000	0.427201	662.834204
210.652000	0.426690	661.471928
210.704000	0.426180	660.104004
210.756000	0.425672	658.735484
210.808000	0.425164	657.361924
210.860000	0.424656	655.987369
210.912000	0.424149	654.608338
210.964000	0.423644	653.227893
211.016000	0.423138	651.843516
211.068000	0.422633	650.457414
211.120000	0.422129	649.067928
211.172000	0.421627	647.676298
211.224000	0.421124	646.281833
211.276000	0.420622	644.884913
211.328000	0.420121	643.485666
211.380000	0.419621	642.083608
211.432000	0.419122	640.679710
211.484000	0.418623	639.272703
211.536000	0.418125	637.864341
211.588000	0.417627	636.452634
211.640000	0.417131	635.040014
211.692000	0.416635	633.623801
211.744000	0.416140	632.207032
211.796000	0.415646	630.786402
211.848000	0.415152	629.365662
211.900000	0.414658	627.940912
211.952000	0.414166	626.516084
212.004000	0.413675	625.087659
212.056000	0.413184	623.658947
212.108000	0.412694	622.227072
212.160000	0.412204	620.794591
212.212000	0.411715	619.359329
212.264000	0.411227	617.923350
212.316000	0.410739	616.484981
212.368000	0.410253	615.045651
212.420000	0.409766	613.604307
212.472000	0.409281	612.161795
212.524000	0.408796	610.717646
212.576000	0.408313	609.272197
212.628000	0.407829	607.825433
212.680000	0.407347	606.377131
212.732000	0.406866	604.927848
212.784000	0.406385	603.476933
212.836000	0.405904	602.025350
212.888000	0.405424	600.572062
212.940000	0.404945	599.118329
212.992000	0.404467	597.662753
213.044000	0.403989	596.206999
213.096000	0.403511	594.749372
213.148000	0.403035	593.291815
213.200000	0.402559	591.832381
213.252000	0.402084	590.372991
213.304000	0.401610	588.911967
213.356000	0.401137	587.450931
213.408000	0.400664	585.988527
213.460000	0.400191	584.526040
213.512000	0.399719	583.062413
213.564000	0.399249	581.598609
213.616000	0.398778	580.133875
213.668000	0.398309	578.669027
213.720000	0.397840	577.203454
213.772000	0.397372	575.737620
213.824000	0.396905	574.271268
213.876000	0.396438	572.804677
213.928000	0.395971	571.337745
213.980000	0.395506	569.870575
214.032000	0.395041	568.403201
214.084000	0.394577	566.935572
214.136000	0.394113	565.467908
214.188000	0.393650	564.000101
214.240000	0.393188	562.532291
214.292000	0.392726	561.064316
214.344000	0.392266	559.596504
214.396000	0.391806	558.128692
214.448000	0.391346	556.661036
214.500000	0.390886	555.193444
214.552000	0.390428	553.726094
214.604000	0.389971	552.258939
214.656000	0.389514	550.792037
214.708000	0.389058	549.325404
214.760000	0.388602	547.859098
214.812000	0.388147	546.393128
214.864000	0.387692	544.927680
214.916000	0.387238	543.462624
214.968000	0.386785	541.998042
215.020000	0.386332	540.533905
215.072000	0.385881	539.070432
215.124000	0.385429	537.607449
215.176000	0.384979	536.145245
215.228000	0.384529	534.683539
215.280000	0.384080	533.222703
215.332000	0.383631	531.762363
215.384000	0.383183	530.303048
215.436000	0.382736	528.844228
215.488000	0.382289	527.386639
215.540000	0.381843	525.929479
215.592000	0.381398	524.473711
215.644000	0.380953	523.018306
215.696000	0.380509	521.564504
215.748000	0.380065	520.111033
215.800000	0.379622	518.659377
215.852000	0.379179	517.208077
215.904000	0.378737	515.758533
215.956000	0.378297	514.309528
216.008000	0.377857	512.862218
216.060000	0.377417	511.415644
216.112000	0.376977	509.970682
216.164000	0.376539	508.526679
216.216000	0.376101	507.084199
216.268000	0.375664	505.642945
216.320000	0.375227	504.203120
216.372000	0.374791	502.764684
216.424000	0.374355	501.327578
216.476000	0.373920	499.892093
216.528000	0.373486	498.457820
216.580000	0.373052	497.025409
216.632000	0.372619	495.594078
216.684000	0.372187	494.164875
216.736000	0.371755	492.736597
216.788000	0.371324	491.310719
216.840000	0.370893	489.885597
216.892000	0.370463	488.463167
216.944000	0.370033	487.041308
216.996000	0.369605	485.622449
217.048000	0.369177	484.204036
217.100000	0.368749	482.788868
217.152000	0.368322	481.374157
217.204000	0.367896	479.962482
217.256000	0.367470	478.551593
217.308000	0.367045	477.143563
217.360000	0.366620	475.736620
217.412000	0.366196	474.332326
217.464000	0.365773	472.929441
217.516000	0.365350	471.528990
217.568000	0.364928	470.130259
217.620000	0.364506	468.733746
217.672000	0.364085	467.339211
217.724000	0.363665	465.946695
217.776000	0.363245	464.556566
217.828000	0.362826	463.168200
217.880000	0.362407	461.782468
217.932000	0.361989	460.398269
217.984000	0.361572	459.017088
218.036000	0.361155	457.637182
218.088000	0.360739	456.260644
218.140000	0.360323	454.885085
218.192000	0.359908	453.513233
218.244000	0.359494	452.142131
218.296000	0.359080	450.775159
218.348000	0.358666	449.408656
218.400000	0.358253	448.046469
218.452000	0.357841	446.684897
218.504000	0.357429	445.327371
218.556000	0.357018	443.970793
218.608000	0.356608	442.617952
218.660000	0.356198	441.266481
218.712000	0.355788	439.918443
218.764000	0.355379	438.572172
218.816000	0.354971	437.229020
218.868000	0.354564	435.887965
218.920000	0.354157	434.549724
218.972000	0.353750	433.214003
219.024000	0.353344	431.880779
219.076000	0.352939	430.550413
219.128000	0.352534	429.222238
219.180000	0.352130	427.897354
219.232000	0.351726	426.574331
219.284000	0.351323	425.254996
219.336000	0.350920	423.937163
219.388000	0.350518	422.623394
219.440000	0.350117	421.310803
219.492000	0.349717	420.002720
219.544000	0.349316	418.695425
219.596000	0.348917	417.393034
219.648000	0.348517	416.091178
219.700000	0.348118	414.794426
219.752000	0.347720	413.498391
219.804000	0.347323	412.207106
219.856000	0.346926	410.916922
219.908000	0.346529	409.631095
219.960000	0.346133	408.346852
220.012000	0.345738	407.066587
220.064000	0.345343	405.788302
220.116000	0.344949	404.513603
220.168000	0.344556	403.241308
220.220000	0.344162	401.972229
220.272000	0.343770	400.706024
220.324000	0.343378	399.442651
220.376000	0.342986	398.182528
220.428000	0.342595	396.924867
220.480000	0.342205	395.670928
220.532000	0.341815	394.419027
220.584000	0.341426	393.171211
220.636000	0.341038	391.925074
220.688000	0.340649	390.683524
220.740000	0.340261	389.443227
220.792000	0.339874	388.207934
220.844000	0.339487	386.973516
220.896000	0.339101	385.744574
220.948000	0.338716	384.516175
221.000000	0.338331	383.293358
221.052000	0.337946	382.071334
221.104000	0.337563	380.854497
221.156000	0.337179	379.638873
221.208000	0.336796	378.427988
221.260000	0.336414	377.218784
221.312000	0.336032	376.013879
221.364000	0.335650	374.811126
221.416000	0.335269	373.612241
221.468000	0.334890	372.416012
221.520000	0.334510	371.223219
221.572000	0.334131	370.033428
221.624000	0.333752	368.846667
221.676000	0.333374	367.663444
221.728000	0.332996	366.482802
221.780000	0.332620	365.306067
221.832000	0.332243	364.131517
221.884000	0.331866	362.961395
221.936000	0.331491	361.793007
221.988000	0.331116	360.629471
222.040000	0.330741	359.467233
222.092000	0.330368	358.310299
222.144000	0.329994	357.154192
222.196000	0.329621	356.003823
222.248000	0.329248	354.854093
222.300000	0.328877	353.710231
222.352000	0.328505	352.567171
222.404000	0.328134	351.429494
222.456000	0.327764	350.293059
222.508000	0.327394	349.161529
222.560000	0.327024	348.031813
222.612000	0.326655	346.906544
222.664000	0.326287	345.783474
222.716000	0.325919	344.664382
222.768000	0.325552	343.548001
222.820000	0.325185	342.435158
222.872000	0.324819	341.325523
222.924000	0.324453	340.218963
222.976000	0.324088	339.115973
223.028000	0.323723	338.015624
223.080000	0.323359	336.919343
223.132000	0.322995	335.825235
223.184000	0.322632	334.735609
223.236000	0.322269	333.647751
223.288000	0.321907	332.564890
223.340000	0.321545	331.483299
223.392000	0.321184	330.407100
223.444000	0.320823	329.331779
223.496000	0.320462	328.262345
223.548000	0.320102	327.193452
223.600000	0.319743	326.130419
223.652000	0.319384	325.068261
223.704000	0.319026	324.011525
223.756000	0.318668	322.956065
223.808000	0.318310	321.905520
223.860000	0.317953	320.856823
223.912000	0.317597	319.812571
223.964000	0.317241	318.770498
224.016000	0.316886	317.732393
224.068000	0.316531	316.697071
224.120000	0.316176	315.665253
224.172000	0.315822	314.636571
224.224000	0.315468	313.610948
224.276000	0.315115	312.588951
224.328000	0.314763	311.569548
224.380000	0.314411	310.554175
224.432000	0.314059	309.540960
224.484000	0.313708	308.532254
224.536000	0.313358	307.525256
224.588000	0.313008	306.523204
224.640000	0.312658	305.522385
224.692000	0.312309	304.526925
224.744000	0.311960	303.532280
224.796000	0.311612	302.543451
224.848000	0.311264	301.555227
224.900000	0.310917	300.572784
224.952000	0.310570	299.591152
225.004000	0.310224	298.614801
225.056000	0.309878	297.639730
225.108000	0.309532	296.669461
225.160000	0.309188	295.700986
225.212000	0.308843	294.736837
225.264000	0.308499	293.774948
225.316000	0.308155	292.816912
225.368000	0.307813	291.861530
225.420000	0.307470	290.909548
225.472000	0.307128	289.960647
225.524000	0.306786	289.014707
225.576000	0.306445	288.072327
225.628000	0.306104	287.132465
225.680000	0.305764	286.196582
225.732000	0.305424	285.262758
225.784000	0.305084	284.333303
225.836000	0.304745	283.405464
225.888000	0.304407	282.482418
225.940000	0.304069	281.560574
225.992000	0.303732	280.643966
226.044000	0.303395	279.728096
226.096000	0.303059	278.817850
226.148000	0.302723	277.908158
226.200000	0.302387	277.004006
226.252000	0.302052	276.100704
226.304000	0.301717	275.202481
226.356000	0.301382	274.305520
226.408000	0.301048	273.413155
226.460000	0.300715	272.522547
226.512000	0.300382	271.636073
226.564000	0.300049	270.751698
226.616000	0.299717	269.871000
226.668000	0.299386	268.992922
226.720000	0.299054	268.118088
226.772000	0.298724	267.246282
226.824000	0.298393	266.377279
226.876000	0.298064	265.511667
226.928000	0.297735	264.648411
226.980000	0.297406	263.788912
227.032000	0.297077	262.931396
227.084000	0.296749	262.078140
227.136000	0.296421	261.226382
227.188000	0.296094	260.379188
227.240000	0.295767	259.533123
227.292000	0.295441	258.692069
227.344000	0.295115	257.851699
227.396000	0.294790	257.016703
227.448000	0.294465	256.182238
227.500000	0.294141	255.353011
227.552000	0.293817	254.524584
227.604000	0.293493	253.700942
227.656000	0.293170	252.878524
227.708000	0.292847	252.060440
227.760000	0.292525	251.244051
227.812000	0.292203	250.431553
227.864000	0.291881	249.621122
227.916000	0.291560	248.814144
227.968000	0.291240	248.009623
228.020000	0.290920	247.208138
228.072000	0.290600	246.409494
228.124000	0.290280	245.613477
228.176000	0.289962	244.820687
228.228000	0.289643	244.030115
228.280000	0.289325	243.243143
228.332000	0.289008	242.457984
228.384000	0.288690	241.676800
228.436000	0.288373	240.897030
228.488000	0.288057	240.121603
228.540000	0.287741	239.347224
228.592000	0.287425	238.577575
228.644000	0.287110	237.808524
228.696000	0.286796	237.044522
228.748000	0.286482	236.281059
228.800000	0.286168	235.522503
228.852000	0.285854	234.764687
228.904000	0.285541	234.011321
228.956000	0.285229	233.259178
229.008000	0.284917	232.511079
229.060000	0.284605	231.764502
229.112000	0.284294	231.021535
229.164000	0.283983	230.280583
229.216000	0.283672	229.542834
229.268000	0.283363	228.807363
229.320000	0.283053	228.074716
229.372000	0.282744	227.344792
229.424000	0.282435	226.617287
229.476000	0.282127	225.892780
229.528000	0.281819	225.170324
229.580000	0.281512	224.451249
229.632000	0.281204	223.733848
229.684000	0.280898	223.020172
229.736000	0.280591	222.307823
229.788000	0.280285	221.599569
229.840000	0.279980	220.892220
229.892000	0.279674	220.189246
229.944000	0.279370	219.486812
229.996000	0.279065	218.789089
230.048000	0.278762	218.091880
230.100000	0.278458	217.399214
230.152000	0.278156	216.707297
230.204000	0.277853	216.019502
230.256000	0.277551	215.332783
230.308000	0.277248	214.649779
230.360000	0.276947	213.968311
230.412000	0.276646	213.290175
230.464000	0.276345	212.613834
230.516000	0.276045	211.940444
230.568000	0.275745	211.269236
230.620000	0.275446	210.600617
230.672000	0.275147	209.934505
230.724000	0.274848	209.270613
230.776000	0.274550	208.609515
230.828000	0.274252	207.950296
230.880000	0.273955	207.294228
230.932000	0.273657	206.639712
230.984000	0.273361	205.988695
231.036000	0.273065	205.338818
231.088000	0.272769	204.692659
231.140000	0.272473	204.047379
231.192000	0.272178	203.406202
231.244000	0.271883	202.765510
231.296000	0.271589	202.129180
231.348000	0.271295	201.493336
231.400000	0.271002	200.861662
231.452000	0.270708	200.230624
231.504000	0.270415	199.603339
231.556000	0.270123	198.977163
231.608000	0.269831	198.354404
231.660000	0.269540	197.732991
231.712000	0.269248	197.114617
231.764000	0.268957	196.497972
231.816000	0.268667	195.884024
231.868000	0.268377	195.272109
231.920000	0.268087	194.662549
231.972000	0.267798	194.055276
232.024000	0.267509	193.450038
232.076000	0.267221	192.847424
232.128000	0.266932	192.246508
232.180000	0.266645	191.648473
232.232000	0.266357	191.051831
232.284000	0.266070	190.458391
232.336000	0.265784	189.866030
232.388000	0.265497	189.277152
232.440000	0.265211	188.689016
232.492000	0.264926	188.104618
232.544000	0.264641	187.520684
232.596000	0.264356	186.940782
232.648000	0.264071	186.361303
232.700000	0.263788	185.785612
232.752000	0.263504	185.210566
232.804000	0.263221	184.638950
232.856000	0.262938	184.068332
232.908000	0.262655	183.500816
232.960000	0.262373	182.934560
233.012000	0.262091	182.371069
233.064000	0.261810	181.809184
233.116000	0.261529	181.249744
233.168000	0.261248	180.692142
233.220000	0.260968	180.136685
233.272000	0.260689	179.583384
233.324000	0.260409	179.031929
233.376000	0.260130	178.482895
233.428000	0.259851	177.935381
233.480000	0.259572	177.390480
233.532000	0.259294	176.846863
233.584000	0.259016	176.306222
233.636000	0.258739	175.766534
233.688000	0.258462	175.230017
233.740000	0.258186	174.694166
233.792000	0.257909	174.161737
233.844000	0.257633	173.629728
233.896000	0.257358	173.101414
233.948000	0.257083	172.573456
234.000000	0.256808	172.048922
234.052000	0.256534	171.525040
234.104000	0.256260	171.004281
234.156000	0.255986	170.484413
234.208000	0.255713	169.967349
234.260000	0.255440	169.451502
234.312000	0.255167	168.938159
234.364000	0.254894	168.426254
234.416000	0.254622	167.916561
234.468000	0.254351	167.408562
234.520000	0.254079	166.902503
234.572000	0.253809	166.398429
234.624000	0.253538	165.896012
234.676000	0.253268	165.395783
234.728000	0.252998	164.896956
234.780000	0.252729	164.400589
234.832000	0.252459	163.905342
234.884000	0.252191	163.412761
234.936000	0.251922	162.921037
234.988000	0.251655	162.432212
235.040000	0.251387	161.944012
235.092000	0.251119	161.458961
235.144000	0.250852	160.974254
235.196000	0.250586	160.492901
235.248000	0.250319	160.011879
235.300000	0.250053	159.533952
235.352000	0.249788	159.056641
235.404000	0.249522	158.582152
235.456000	0.249257	158.108497
235.508000	0.248993	157.637371
235.560000	0.248729	157.167329
235.612000	0.248465	156.699543
235.664000	0.248201	156.233136
235.716000	0.247938	155.768716
235.768000	0.247675	155.305807
235.820000	0.247413	154.844656
235.872000	0.247150	154.385370
235.924000	0.246888	153.927561
235.976000	0.246627	153.471716
236.028000	0.246365	153.017136
236.080000	0.246105	152.564810
236.132000	0.245845	152.113489
236.184000	0.245585	151.664598
236.236000	0.245325	151.216475
236.288000	0.245065	150.770996
236.340000	0.244806	150.326051
236.392000	0.244547	149.883953
236.444000	0.244289	149.442193
236.496000	0.244031	149.003503
236.548000	0.243773	148.565120
236.600000	0.243515	148.129528
236.652000	0.243258	147.694480
236.704000	0.243001	147.261965
236.756000	0.242745	146.830223
236.808000	0.242489	146.400759
236.860000	0.242233	145.972346
236.912000	0.241978	145.545964
236.964000	0.241722	145.120752
237.016000	0.241467	144.697338
237.068000	0.241213	144.275400
237.120000	0.240959	143.855026
237.172000	0.240705	143.436279
237.224000	0.240451	143.018872
237.276000	0.240198	142.603294
237.328000	0.239945	142.188853
237.380000	0.239693	141.776473
237.432000	0.239442	141.364971
237.484000	0.239190	140.955651
237.536000	0.238938	140.547019
237.588000	0.238686	140.140791
237.640000	0.238435	139.735070
237.692000	0.238185	139.331962
237.744000	0.237935	138.929134
237.796000	0.237685	138.529057
237.848000	0.237435	138.129276
237.900000	0.237186	137.732006
237.952000	0.236937	137.335246
238.004000	0.236688	136.940763
238.056000	0.236440	136.547001
238.108000	0.236192	136.155287
238.160000	0.235945	135.764496
238.212000	0.235697	135.375526
238.264000	0.235450	134.987683
238.316000	0.235203	134.601452
238.368000	0.234957	134.216578
238.420000	0.234711	133.833096
238.472000	0.234465	133.451062
238.524000	0.234220	133.070242
238.576000	0.233975	132.691132
238.628000	0.233730	132.313005
238.680000	0.233486	131.936685
238.732000	0.233241	131.561195
238.784000	0.232998	131.187751
238.836000	0.232754	130.814897
238.888000	0.232510	130.444198
238.940000	0.232267	130.073956
238.992000	0.232025	129.706088
239.044000	0.231782	129.338447
239.096000	0.231540	128.973261
239.148000	0.231299	128.608397
239.200000	0.231057	128.245807
239.252000	0.230816	127.883654
239.304000	0.230576	127.523537
239.356000	0.230335	127.164132
239.408000	0.230095	126.806570
239.460000	0.229855	126.449865
239.512000	0.229616	126.094792
239.564000	0.229377	125.740699
239.616000	0.229137	125.388054
239.668000	0.228899	125.036655
239.720000	0.228660	124.686505
239.772000	0.228423	124.337673
239.824000	0.228185	123.989917
239.876000	0.227947	123.643682
239.928000	0.227710	123.298362
239.980000	0.227473	122.954755
240.032000	0.227237	122.611849
240.084000	0.227001	122.270746
240.136000	0.226765	121.930193
240.188000	0.226530	121.591621
240.240000	0.226294	121.253432
240.292000	0.226060	120.917375
240.344000	0.225825	120.581558
240.396000	0.225590	120.247964
240.448000	0.225356	119.914646
240.500000	0.225122	119.583357
240.552000	0.224889	119.252516
240.604000	0.224656	118.923512
240.656000	0.224423	118.595128
240.708000	0.224191	118.268391
240.760000	0.223958	117.942394
240.812000	0.223726	117.617860
240.864000	0.223495	117.294327
240.916000	0.223263	116.972078
240.968000	0.223032	116.650882
241.020000	0.222801	116.330811
241.072000	0.222571	116.011984
241.124000	0.222340	115.694135
241.176000	0.222110	115.377710
241.228000	0.221880	115.062054
241.280000	0.221651	114.747857
241.332000	0.221422	114.434330
241.384000	0.221193	114.122495
241.436000	0.220965	113.811155
241.488000	0.220737	113.501615
241.540000	0.220509	113.192386
241.592000	0.220281	112.885065
241.644000	0.220054	112.578005
241.696000	0.219827	112.272962
241.748000	0.219600	111.968144
241.800000	0.219374	111.665134
241.852000	0.219148	111.362502
241.904000	0.218922	111.061508
241.956000	0.218696	110.761135
242.008000	0.218470	110.462243
242.060000	0.218246	110.164084
242.112000	0.218021	109.867234
242.164000	0.217796	109.571207
242.216000	0.217572	109.276337
242.268000	0.217348	108.982473
242.320000	0.217125	108.689618
242.372000	0.216902	108.397898
242.424000	0.216678	108.107028
242.476000	0.216456	107.817383
242.528000	0.216233	107.528477
242.580000	0.216011	107.240994
242.632000	0.215789	106.954069
242.684000	0.215567	106.668627
242.736000	0.215346	106.383600
242.788000	0.215125	106.100181
242.840000	0.214904	105.817100
242.892000	0.214684	105.535794
242.944000	0.214464	105.254662
242.996000	0.214244	104.975306
243.048000	0.214024	104.696203
243.100000	0.213805	104.418735
243.152000	0.213585	104.141663
243.204000	0.213366	103.866069
243.256000	0.213148	103.591012
243.308000	0.212929	103.317278
243.360000	0.212712	103.044171
243.412000	0.212494	102.772237
243.464000	0.212277	102.501103
243.516000	0.212059	102.231000
243.568000	0.211842	101.961773
243.620000	0.211625	101.693449
243.672000	0.211409	101.426164
243.724000	0.211193	101.159654
243.776000	0.210977	100.894298
243.828000	0.210762	100.629587
243.880000	0.210546	100.366139
243.932000	0.210331	100.103190
243.984000	0.210116	99.841585
244.036000	0.209902	99.580377
244.088000	0.209687	99.320652
244.140000	0.209474	99.061205
244.192000	0.209260	98.803347
244.244000	0.209047	98.545650
244.296000	0.208834	98.289548
244.348000	0.208621	98.033688
244.400000	0.208408	97.779297
244.452000	0.208196	97.525235
244.504000	0.207983	97.272490
244.556000	0.207772	97.020292
244.608000	0.207560	96.769285
244.660000	0.207349	96.518805
244.712000	0.207138	96.269377
244.764000	0.206928	96.020736
244.816000	0.206717	95.773017
244.868000	0.206507	95.526098
244.920000	0.206297	95.279990
244.972000	0.206087	95.034832
245.024000	0.205878	94.790353
245.076000	0.205669	94.546888
245.128000	0.205460	94.304004
245.180000	0.205251	94.062272
245.232000	0.205043	93.820984
245.284000	0.204834	93.580918
245.336000	0.204627	93.341209
245.388000	0.204419	93.102847
245.440000	0.204212	92.864733
245.492000	0.204004	92.628059
245.544000	0.203797	92.391536
245.596000	0.203591	92.156448
245.648000	0.203384	91.921554
245.700000	0.203178	91.687966
245.752000	0.202973	91.454772
245.804000	0.202767	91.222777
245.856000	0.202562	90.991201
245.908000	0.202357	90.760681
245.960000	0.202152	90.530694
246.012000	0.201948	90.301649
246.064000	0.201743	90.073283
246.116000	0.201539	89.845744
246.168000	0.201335	89.618939
246.220000	0.201132	89.392861
246.272000	0.200929	89.167650
246.324000	0.200725	88.943063
246.376000	0.200523	88.719437
246.428000	0.200320	88.496314
246.480000	0.200118	88.274210
246.532000	0.199917	88.052504
246.584000	0.199715	87.831904
246.636000	0.199513	87.611654
246.688000	0.199312	87.392654
246.740000	0.199111	87.173818
246.792000	0.198910	86.956248
246.844000	0.198710	86.738851
246.896000	0.198509	86.522761
246.948000	0.198309	86.306893
247.000000	0.198109	86.092210
247.052000	0.197910	85.877817
247.104000	0.197710	85.664485
247.156000	0.197512	85.451542
247.208000	0.197313	85.239548
247.260000	0.197114	85.028091
247.312000	0.196916	84.817480
247.364000	0.196718	84.607501
247.416000	0.196520	84.398263
247.468000	0.196323	84.189692
247.520000	0.196125	83.981764
247.572000	0.195928	83.774592
247.624000	0.195731	83.567980
247.676000	0.195535	83.362247
247.728000	0.195338	83.156965
247.780000	0.195142	82.952608
247.832000	0.194946	82.748632
247.884000	0.194751	82.545692
247.936000	0.194556	82.343017
247.988000	0.194361	82.141431
248.040000	0.194166	81.940051
248.092000	0.193971	81.739860
248.144000	0.193777	81.539797
248.196000	0.193582	81.340892
248.248000	0.193389	81.142164
248.300000	0.193195	80.944492
248.352000	0.193002	80.747131
248.404000	0.192808	80.550731
248.456000	0.192615	80.354738
248.508000	0.192422	80.159603
248.560000	0.192230	79.964867
248.612000	0.192038	79.770889
248.664000	0.191846	79.577493
248.716000	0.191654	79.384770
248.768000	0.191463	79.192705
248.820000	0.191271	79.001217
248.872000	0.191081	78.810419
248.924000	0.190890	78.620111
248.976000	0.190699	78.430569
249.028000	0.190508	78.241451
249.080000	0.190319	78.053211
249.132000	0.190129	77.865290
249.184000	0.189939	77.678285
249.236000	0.189750	77.491517
249.288000	0.189560	77.305740
249.340000	0.189371	77.120150
249.392000	0.189183	76.935643
249.444000	0.188994	76.751255
249.496000	0.188806	76.567912
249.548000	0.188618	76.384775
249.600000	0.188430	76.202601
249.652000	0.188243	76.020633
249.704000	0.188055	75.839512
249.756000	0.187868	75.658824
249.808000	0.187682	75.478911
249.860000	0.187495	75.299361
249.912000	0.187308	75.120493
249.964000	0.187122	74.942164
250.016000	0.186936	74.764432
250.068000	0.186751	74.587263
250.120000	0.186565	74.410624
250.172000	0.186380	74.234658
250.224000	0.186195	74.059131
250.276000	0.186010	73.884304
250.328000	0.185825	73.709840
250.380000	0.185641	73.536148
250.432000	0.185457	73.362742
250.484000	0.185273	73.190171
250.536000	0.185089	73.017840
250.588000	0.184906	72.846436
250.640000	0.184723	72.675172
250.692000	0.184540	72.504873
250.744000	0.184357	72.334721
250.796000	0.184174	72.165525
250.848000	0.183991	71.996451
250.900000	0.183810	71.828220
250.952000	0.183628	71.660268
251.004000	0.183446	71.493094
251.056000	0.183264	71.326280
251.108000	0.183083	71.160159
251.160000	0.182902	70.994373
251.212000	0.182721	70.829199
251.264000	0.182541	70.664527
251.316000	0.182360	70.500392
251.368000	0.182180	70.336774
251.420000	0.182001	70.173622
251.472000	0.181821	70.011047
251.524000	0.181641	69.848883
251.576000	0.181462	69.687398
251.628000	0.181283	69.526240
251.680000	0.181104	69.365784
251.732000	0.180925	69.205587
251.784000	0.180747	69.046153
251.836000	0.180569	68.886911
251.888000	0.180391	68.728490
251.940000	0.180213	68.570226
251.992000	0.180036	68.412861
252.044000	0.179858	68.255601
252.096000	0.179681	68.099190
252.148000	0.179504	67.942931
252.200000	0.179327	67.787443
252.252000	0.179151	67.632177
252.304000	0.178975	67.477607
252.356000	0.178799	67.323373
252.408000	0.178623	67.169762
252.460000	0.178447	67.016512
252.512000	0.178272	66.863812
252.564000	0.178097	66.711527
252.616000	0.177922	66.559725
252.668000	0.177747	66.408399
252.720000	0.177573	66.257492
252.772000	0.177398	66.107115
252.824000	0.177224	65.957111
252.876000	0.177050	65.807734
252.928000	0.176877	65.658650
252.980000	0.176703	65.510207
253.032000	0.176530	65.361998
253.084000	0.176357	65.214485
253.136000	0.176184	65.067146
253.188000	0.176011	64.920556
253.240000	0.175839	64.774080
253.292000	0.175666	64.628403
253.344000	0.175494	64.482862
253.396000	0.175322	64.338104
253.448000	0.175151	64.193491
253.500000	0.174979	64.049575
253.552000	0.174808	63.905867
253.604000	0.174637	63.762787
253.656000	0.174467	63.619978
253.708000	0.174296	63.477727
253.760000	0.174126	63.335808
253.812000	0.173955	63.194387
253.864000	0.173785	63.053401
253.916000	0.173616	62.912842
253.968000	0.173446	62.772678
254.020000	0.173277	62.632904
254.072000	0.173108	62.493659
254.124000	0.172939	62.354736
254.176000	0.172770	62.216350
254.228000	0.172602	62.078230
254.280000	0.172433	61.940699
254.332000	0.172265	61.803379
254.384000	0.172097	61.666696
254.436000	0.171930	61.530169
254.488000	0.171762	61.394325
254.540000	0.171594	61.258619
254.592000	0.171428	61.123666
254.644000	0.171261	60.988768
254.696000	0.171094	60.854547
254.748000	0.170927	60.720504
254.800000	0.170761	60.587102
254.852000	0.170595	60.453898
254.904000	0.170429	60.321261
254.956000	0.170263	60.188876
255.008000	0.170098	60.056995
255.060000	0.169932	59.925424
255.112000	0.169767	59.794299
255.164000	0.169602	59.663532
255.216000	0.169438	59.533159
255.268000	0.169273	59.403188
255.320000	0.169108	59.273570
255.372000	0.168944	59.144444
255.424000	0.168780	59.015592
255.476000	0.168617	58.887199
255.528000	0.168453	58.759068
255.580000	0.168290	58.631508
255.632000	0.168127	58.504139
255.684000	0.167964	58.377352
255.736000	0.167801	58.250679
255.788000	0.167638	58.124609
255.840000	0.167476	57.998666
255.892000	0.167314	57.873411
255.944000	0.167152	57.748244
255.996000	0.166990	57.623704
256.048000	0.166828	57.499297
256.100000	0.166667	57.375460
256.152000	0.166506	57.251808
256.204000	0.166345	57.128669
256.256000	0.166184	57.005768
256.308000	0.166023	56.883323
256.360000	0.165863	56.761164
256.412000	0.165703	56.639413
256.464000	0.165543	56.518042
256.516000	0.165383	56.397018
256.568000	0.165223	56.276324
256.620000	0.165064	56.155940
256.672000	0.164904	56.035968
256.724000	0.164745	55.916277
256.776000	0.164586	55.797077
256.828000	0.164427	55.678075
256.880000	0.164269	55.559538
256.932000	0.164110	55.441198
256.984000	0.163952	55.323419
257.036000	0.163794	55.205742
257.088000	0.163637	55.088618
257.140000	0.163479	54.971612
257.192000	0.163322	54.855236
257.244000	0.163165	54.738906
257.296000	0.163007	54.623129
257.348000	0.162850	54.507521
257.400000	0.162694	54.392440
257.452000	0.162537	54.277536
257.504000	0.162381	54.163095
257.556000	0.162225	54.048829
257.608000	0.162069	53.934972
257.660000	0.161913	53.821435
257.712000	0.161758	53.708262
257.764000	0.161602	53.595398
257.816000	0.161447	53.482848
257.868000	0.161292	53.370601
257.920000	0.161138	53.258646
257.972000	0.160983	53.147112
258.024000	0.160828	53.035818
258.076000	0.160674	52.924943
258.128000	0.160520	52.814267
258.180000	0.160366	52.704045
258.232000	0.160212	52.593957
258.284000	0.160059	52.484335
258.336000	0.159905	52.374860
258.388000	0.159752	52.265933
258.440000	0.159599	52.157085
258.492000	0.159446	52.048797
258.544000	0.159293	51.940553
258.596000	0.159141	51.832813
258.648000	0.158989	51.725235
258.700000	0.158837	51.618135
258.752000	0.158685	51.511200
258.804000	0.158533	51.404685
258.856000	0.158382	51.298334
258.908000	0.158230	51.192354
258.960000	0.158079	51.086676
259.012000	0.157928	50.981323
259.064000	0.157777	50.876208
259.116000	0.157626	50.771395
259.168000	0.157476	50.666946
259.220000	0.157325	50.562738
259.272000	0.157175	50.458847
259.324000	0.157025	50.355189
259.376000	0.156876	50.251955
259.428000	0.156726	50.148880
259.480000	0.156577	50.046192
259.532000	0.156427	49.943674
259.584000	0.156278	49.841636
259.636000	0.156129	49.739676
259.688000	0.155980	49.638175
259.740000	0.155832	49.536750
259.792000	0.155684	49.435841
259.844000	0.155536	49.335005
259.896000	0.155387	49.234639
259.948000	0.155240	49.134391
