-260.000000	0.062826	96.370080
-259.948000	0.062906	96.778507
-259.896000	0.062985	97.192074
-259.844000	0.063065	97.606122
-259.792000	0.063144	98.025272
-259.740000	0.063224	98.445162
-259.688000	0.063304	98.869859
-259.636000	0.063384	99.295707
-259.584000	0.063465	99.726000
-259.532000	0.063545	100.157860
-259.480000	0.063625	100.593854
-259.428000	0.063706	101.031935
-259.376000	0.063787	101.473719
-259.324000	0.063868	101.918020
-259.272000	0.063948	102.365669
-259.220000	0.064029	102.816352
-259.168000	0.064111	103.269980
-259.116000	0.064192	103.727152
-259.064000	0.064273	104.186856
-259.012000	0.064355	104.650629
-258.960000	0.064437	105.116503
-258.908000	0.064519	105.586989
-258.856000	0.064601	106.059133
-258.804000	0.064683	106.536445
-258.752000	0.064765	107.014903
-258.700000	0.064847	107.499119
-258.648000	0.064930	107.984095
-258.596000	0.065012	108.475411
-258.544000	0.065095	108.967263
-258.492000	0.065178	109.465361
-258.440000	0.065261	109.964388
-258.388000	0.065344	110.469289
-258.336000	0.065427	110.975631
-258.284000	0.065510	111.487423
-258.232000	0.065594	112.001206
-258.180000	0.065677	112.519996
-258.128000	0.065761	113.041347
-258.076000	0.065845	113.567243
-258.024000	0.065929	114.096289
-257.972000	0.066013	114.629367
-257.920000	0.066097	115.166186
-257.868000	0.066182	115.706616
-257.816000	0.066266	116.251443
-257.764000	0.066351	116.799287
-257.712000	0.066435	117.352151
-257.660000	0.066520	117.907593
-257.608000	0.066605	118.468733
-257.556000	0.066691	119.031807
-257.504000	0.066776	119.601258
-257.452000	0.066861	120.172124
-257.400000	0.066947	120.750078
-257.348000	0.067032	121.328857
-257.296000	0.067118	121.915454
-257.244000	0.067204	122.502744
-257.192000	0.067290	123.097650
-257.140000	0.067376	123.693718
-257.088000	0.067462	124.296933
-257.036000	0.067549	124.901943
-256.984000	0.067635	125.513574
-256.932000	0.067722	126.127673
-256.880000	0.067809	126.747845
-256.828000	0.067896	127.371183
-256.776000	0.067983	127.999993
-256.724000	0.068070	128.632666
-256.672000	0.068158	129.270289
-256.620000	0.068245	129.912554
-256.568000	0.068333	130.559124
-256.516000	0.068421	131.211081
-256.464000	0.068509	131.866671
-256.412000	0.068597	132.528422
-256.360000	0.068685	133.193201
-256.308000	0.068773	133.864953
-256.256000	0.068861	134.539116
-256.204000	0.068950	135.221079
-256.152000	0.069039	135.904657
-256.100000	0.069128	136.596899
-256.048000	0.069217	137.290133
-255.996000	0.069306	137.992891
-255.944000	0.069395	138.696434
-255.892000	0.069484	139.409173
-255.840000	0.069574	140.123354
-255.788000	0.069664	140.846142
-255.736000	0.069753	141.571142
-255.684000	0.069843	142.304102
-255.632000	0.069933	143.040088
-255.580000	0.070024	143.783387
-255.528000	0.070114	144.530576
-255.476000	0.070205	145.284322
-255.424000	0.070295	146.042777
-255.372000	0.070386	146.807099
-255.320000	0.070477	147.577037
-255.268000	0.070568	148.352102
-255.216000	0.070659	149.133691
-255.164000	0.070751	149.919643
-255.112000	0.070842	150.713050
-255.060000	0.070934	151.510034
-255.008000	0.071025	152.315429
-254.956000	0.071117	153.123592
-254.904000	0.071209	153.941145
-254.852000	0.071302	154.760629
-254.800000	0.071394	155.590518
-254.748000	0.071487	156.421520
-254.696000	0.071579	157.263940
-254.644000	0.071672	158.107291
-254.592000	0.071765	158.961546
-254.540000	0.071858	159.817558
-254.488000	0.071951	160.683714
-254.436000	0.072045	161.552437
-254.384000	0.072138	162.430546
-254.332000	0.072232	163.312288
-254.280000	0.072325	164.202597
-254.228000	0.072419	165.097525
-254.176000	0.072513	166.000175
-254.124000	0.072607	166.908456
-254.072000	0.072702	167.823627
-254.020000	0.072797	168.745476
-253.968000	0.072891	169.673252
-253.916000	0.072986	170.608729
-253.864000	0.073081	171.549261
-253.812000	0.073176	172.498580
-253.760000	0.073271	173.452067
-253.708000	0.073367	174.415440
-253.656000	0.073462	175.381925
-253.604000	0.073558	176.359408
-253.552000	0.073654	177.339071
-253.500000	0.073750	178.330880
-253.448000	0.073846	179.323906
-253.396000	0.073942	180.330219
-253.344000	0.074039	181.337603
-253.292000	0.074135	182.357543
-253.240000	0.074232	183.379592
-253.188000	0.074329	184.413294
-253.136000	0.074426	185.450119
-253.084000	0.074523	186.497628
-253.032000	0.074620	187.549321
-252.980000	0.074718	188.610777
-252.928000	0.074816	189.677582
-252.876000	0.074914	190.753124
-252.824000	0.075011	191.835121
-252.772000	0.075110	192.924838
-252.720000	0.075208	194.022155
-252.668000	0.075306	195.126156
-252.616000	0.075405	196.238915
-252.564000	0.075504	197.357304
-252.512000	0.075602	198.485622
-252.460000	0.075702	199.618497
-252.408000	0.075801	200.762485
-252.356000	0.075900	201.909994
-252.304000	0.076000	203.069808
-252.252000	0.076099	204.231931
-252.200000	0.076199	205.407571
-252.148000	0.076299	206.584450
-252.096000	0.076399	207.776060
-252.044000	0.076499	208.968933
-251.992000	0.076600	210.175513
-251.940000	0.076701	211.384414
-251.888000	0.076802	212.605981
-251.836000	0.076903	213.831001
-251.784000	0.077004	215.067592
-251.732000	0.077105	216.308797
-251.680000	0.077206	217.560457
-251.628000	0.077308	218.817901
-251.576000	0.077410	220.084668
-251.524000	0.077511	221.358393
-251.472000	0.077613	222.640301
-251.420000	0.077715	223.930338
-251.368000	0.077818	225.227409
-251.316000	0.077920	226.533780
-251.264000	0.078023	227.846071
-251.212000	0.078126	229.168837
-251.160000	0.078229	230.496316
-251.108000	0.078332	231.835420
-251.056000	0.078436	233.178073
-251.004000	0.078539	234.533503
-250.952000	0.078643	235.891308
-250.900000	0.078747	237.263035
-250.848000	0.078851	238.636032
-250.796000	0.078955	240.023943
-250.744000	0.079059	241.413147
-250.692000	0.079163	242.816126
-250.640000	0.079268	244.221485
-250.588000	0.079373	245.639480
-250.536000	0.079478	247.060988
-250.484000	0.079583	248.493914
-250.432000	0.079688	249.931429
-250.380000	0.079794	251.379159
-250.328000	0.079899	252.832571
-250.276000	0.080005	254.295000
-250.224000	0.080111	255.764181
-250.172000	0.080217	257.241190
-250.120000	0.080323	258.725996
-250.068000	0.080430	260.217491
-250.016000	0.080537	261.717809
-249.964000	0.080644	263.223613
-249.912000	0.080751	264.739209
-249.860000	0.080858	266.259096
-249.808000	0.080965	267.789715
-249.756000	0.081073	269.323654
-249.704000	0.081180	270.869229
-249.652000	0.081288	272.416867
-249.600000	0.081396	273.977007
-249.548000	0.081504	275.538294
-249.496000	0.081613	277.112681
-249.444000	0.081721	278.688293
-249.392000	0.081830	280.275815
-249.340000	0.081939	281.865419
-249.288000	0.082048	283.465758
-249.236000	0.082157	285.069060
-249.184000	0.082267	286.681937
-249.132000	0.082376	288.298661
-249.080000	0.082486	289.923742
-249.028000	0.082596	291.553424
-248.976000	0.082706	293.190394
-248.924000	0.082816	294.832757
-248.872000	0.082927	296.481287
-248.820000	0.083037	298.135874
-248.768000	0.083148	299.795582
-248.716000	0.083259	301.461962
-248.664000	0.083370	303.132512
-248.612000	0.083482	304.810285
-248.560000	0.083593	306.491239
-248.508000	0.083705	308.179875
-248.456000	0.083817	309.870804
-248.404000	0.083929	311.569804
-248.352000	0.084041	313.270265
-248.300000	0.084153	314.979109
-248.248000	0.084266	316.688797
-248.196000	0.084379	318.406865
-248.144000	0.084492	320.125720
-248.092000	0.084605	321.851919
-248.040000	0.084718	323.579372
-247.988000	0.084832	325.313167
-247.936000	0.084945	327.048632
-247.884000	0.085059	328.789489
-247.832000	0.085173	330.532392
-247.780000	0.085288	332.279748
-247.728000	0.085402	334.029382
-247.676000	0.085517	335.782629
-247.624000	0.085631	337.538315
-247.572000	0.085746	339.296891
-247.520000	0.085861	341.057979
-247.468000	0.085977	342.821244
-247.416000	0.086092	344.586955
-247.364000	0.086208	346.354256
-247.312000	0.086324	348.123843
-247.260000	0.086440	349.894524
-247.208000	0.086556	351.667216
-247.156000	0.086673	353.440656
-247.104000	0.086789	355.215715
-247.052000	0.086906	356.991167
-247.000000	0.087023	358.767735
-246.948000	0.087140	360.544544
-246.896000	0.087258	362.321811
-246.844000	0.087375	364.099077
-246.792000	0.087493	365.876221
-246.740000	0.087611	367.653261
-246.688000	0.087729	369.429567
-246.636000	0.087848	371.205367
-246.584000	0.087966	372.979990
-246.532000	0.088085	374.753765
-246.480000	0.088204	376.525950
-246.428000	0.088323	378.296740
-246.376000	0.088442	380.065696
-246.324000	0.088562	381.832627
-246.272000	0.088681	383.597496
-246.220000	0.088801	385.359524
-246.168000	0.088921	387.119569
-246.116000	0.089042	388.875897
-246.064000	0.089162	390.630199
-246.012000	0.089283	392.379707
-245.960000	0.089404	394.127491
-245.908000	0.089524	395.869308
-245.856000	0.089646	397.609739
-245.804000	0.089768	399.342875
-245.752000	0.089889	401.074987
-245.700000	0.090011	402.798374
-245.648000	0.090133	404.521234
-245.596000	0.090255	406.234200
-245.544000	0.090378	407.946106
-245.492000	0.090500	409.648227
-245.440000	0.090623	411.348295
-245.388000	0.090746	413.038735
-245.336000	0.090869	414.725920
-245.284000	0.090993	416.403773
-245.232000	0.091116	418.077119
-245.180000	0.091240	419.741503
-245.128000	0.091364	421.399943
-245.076000	0.091489	423.049985
-245.024000	0.091613	424.692558
-244.972000	0.091738	426.327366
-244.920000	0.091863	427.953006
-244.868000	0.091988	429.571686
-244.816000	0.092113	431.179385
-244.764000	0.092238	432.781108
-244.712000	0.092364	434.369914
-244.660000	0.092490	435.953823
-244.608000	0.092616	437.522737
-244.556000	0.092742	439.087864
-244.504000	0.092869	440.635806
-244.452000	0.092996	442.181443
-244.400000	0.093123	443.707557
-244.348000	0.093250	445.232141
-244.296000	0.093377	446.735899
-244.244000	0.093504	448.237471
-244.192000	0.093632	449.719219
-244.140000	0.093760	451.196844
-244.088000	0.093888	452.655719
-244.036000	0.094017	454.108417
-243.984000	0.094145	455.543580
-243.932000	0.094274	456.970478
-243.880000	0.094403	458.381128
-243.828000	0.094532	459.781260
-243.776000	0.094662	461.166585
-243.724000	0.094791	462.539051
-243.672000	0.094921	463.898318
-243.620000	0.095051	465.242289
-243.568000	0.095181	466.574763
-243.516000	0.095312	467.889377
-243.464000	0.095443	469.194272
-243.412000	0.095574	470.478635
-243.360000	0.095705	471.755216
-243.308000	0.095836	473.008509
-243.256000	0.095968	474.256173
-243.204000	0.096100	475.477694
-243.152000	0.096232	476.695594
-243.100000	0.096364	477.884431
-243.048000	0.096496	479.071060
-242.996000	0.096629	480.227493
-242.944000	0.096762	481.380623
-242.892000	0.096895	482.505483
-242.840000	0.097028	483.624363
-242.788000	0.097162	484.716995
-242.736000	0.097295	485.800994
-242.684000	0.097429	486.860800
-242.632000	0.097563	487.909197
-242.580000	0.097698	488.935602
-242.528000	0.097833	489.947801
-242.476000	0.097968	490.940283
-242.424000	0.098103	491.915663
-242.372000	0.098238	492.873661
-242.320000	0.098374	493.811576
-242.268000	0.098509	494.734567
-242.216000	0.098645	495.634453
-242.164000	0.098781	496.522003
-242.112000	0.098918	497.383373
-242.060000	0.099054	498.235036
-242.008000	0.099191	499.057384
-241.956000	0.099328	499.872672
-241.904000	0.099466	500.655473
-241.852000	0.099603	501.434023
-241.800000	0.099741	502.176880
-241.748000	0.099879	502.917013
-241.696000	0.100017	503.620784
-241.644000	0.100156	504.320387
-241.592000	0.100295	504.986358
-241.540000	0.100434	505.645127
-241.488000	0.100573	506.272972
-241.436000	0.100712	506.890519
-241.384000	0.100852	507.479925
-241.332000	0.100992	508.055984
-241.280000	0.101132	508.606713
-241.228000	0.101272	509.140991
-241.176000	0.101413	509.652772
-241.124000	0.101553	510.144953
-241.072000	0.101694	510.617589
-241.020000	0.101836	511.067496
-240.968000	0.101977	511.500817
-240.916000	0.102119	511.908251
-240.864000	0.102261	512.302049
-240.812000	0.102403	512.666787
-240.760000	0.102546	513.020966
-240.708000	0.102688	513.342927
-240.656000	0.102831	513.657378
-240.604000	0.102975	513.936455
-240.552000	0.103118	514.211035
-240.500000	0.103262	514.447112
-240.448000	0.103405	514.680266
-240.396000	0.103550	514.874894
-240.344000	0.103694	515.064986
-240.292000	0.103839	515.219737
-240.240000	0.103983	515.366742
-240.188000	0.104128	515.481580
-240.136000	0.104274	515.585594
-240.084000	0.104419	515.660580
-240.032000	0.104565	515.721663
-239.980000	0.104711	515.756859
-239.928000	0.104858	515.775101
-239.876000	0.105004	515.770566
-239.824000	0.105151	515.746034
-239.772000	0.105298	515.701901
-239.720000	0.105446	515.634799
-239.668000	0.105593	515.551231
-239.616000	0.105741	515.441741
-239.564000	0.105889	515.318860
-239.512000	0.106037	515.167144
-239.460000	0.106186	515.005184
-239.408000	0.106334	514.811542
-239.356000	0.106483	514.610726
-239.304000	0.106633	514.375438
-239.252000	0.106782	514.136006
-239.200000	0.106932	513.859368
-239.148000	0.107082	513.579897
-239.096000	0.107232	513.263869
-239.044000	0.107383	512.943431
-238.992000	0.107534	512.589757
-238.940000	0.107685	512.228658
-238.888000	0.107836	511.837589
-238.836000	0.107988	511.436300
-238.784000	0.108140	511.008198
-238.732000	0.108292	510.567106
-238.680000	0.108444	510.102386
-238.628000	0.108597	509.622059
-238.576000	0.108750	509.121124
-238.524000	0.108903	508.601949
-238.472000	0.109056	508.065232
-238.420000	0.109210	507.507784
-238.368000	0.109364	506.935767
-238.316000	0.109518	506.340597
-238.264000	0.109672	505.733766
-238.212000	0.109827	505.101452
-238.160000	0.109982	504.460268
-238.108000	0.110137	503.791369
-238.056000	0.110292	503.116460
-238.004000	0.110448	502.411711
-237.952000	0.110604	501.703523
-237.900000	0.110760	500.963493
-237.848000	0.110917	500.221129
-237.796000	0.111074	499.448078
-237.744000	0.111231	498.671191
-237.692000	0.111388	497.866776
-237.640000	0.111546	497.056128
-237.588000	0.111703	496.220942
-237.536000	0.111862	495.377287
-237.484000	0.112020	494.511974
-237.432000	0.112179	493.636084
-237.380000	0.112338	492.741287
-237.328000	0.112497	491.833899
-237.276000	0.112656	490.910356
-237.224000	0.112816	489.972386
-237.172000	0.112976	489.020776
-237.120000	0.113136	488.052953
-237.068000	0.113297	487.074014
-237.016000	0.113457	486.077244
-236.964000	0.113619	485.071782
-236.912000	0.113780	484.046990
-236.860000	0.113942	483.015677
-236.808000	0.114104	481.963657
-236.756000	0.114266	480.907308
-236.704000	0.114429	479.829024
-236.652000	0.114591	478.748428
-236.600000	0.114754	477.644807
-236.548000	0.114918	476.539578
-236.496000	0.115081	475.412751
-236.444000	0.115245	474.283179
-236.392000	0.115409	473.134629
-236.340000	0.115574	471.981723
-236.288000	0.115739	470.812236
-236.236000	0.115904	469.636976
-236.184000	0.116069	468.447390
-236.132000	0.116234	467.250764
-236.080000	0.116400	466.041929
-236.028000	0.116566	464.824927
-235.976000	0.116733	463.597707
-235.924000	0.116900	462.361330
-235.872000	0.117067	461.116595
-235.820000	0.117234	459.861849
-235.768000	0.117401	458.600431
-235.716000	0.117569	457.328278
-235.664000	0.117737	456.051135
-235.612000	0.117905	454.762696
-235.560000	0.118074	453.470681
-235.508000	0.118243	452.166929
-235.456000	0.118413	450.860914
-235.404000	0.118582	449.542882
-235.352000	0.118752	448.223802
-235.300000	0.118923	446.892539
-235.248000	0.119093	445.560500
-235.196000	0.119264	444.217625
-235.144000	0.119435	442.873399
-235.092000	0.119606	441.520136
-235.040000	0.119778	440.164798
-234.988000	0.119950	438.801992
-234.936000	0.120122	437.436614
-234.884000	0.120295	436.065109
-234.832000	0.120467	434.690600
-234.780000	0.120640	433.311263
-234.728000	0.120814	431.928726
-234.676000	0.120988	430.542400
-234.624000	0.121162	429.152722
-234.572000	0.121336	427.760297
-234.520000	0.121511	426.364564
-234.468000	0.121686	424.966877
-234.416000	0.121861	423.566007
-234.364000	0.122036	422.163882
-234.312000	0.122212	420.758832
-234.260000	0.122388	419.353095
-234.208000	0.122565	417.944819
-234.156000	0.122742	416.536331
-234.104000	0.122919	415.125801
-234.052000	0.123096	413.715258
-234.000000	0.123274	412.303310
-233.948000	0.123452	410.891519
-233.896000	0.123630	409.479200
-233.844000	0.123809	408.066908
-233.792000	0.123987	406.654976
-233.740000	0.124167	405.243224
-233.688000	0.124346	403.832439
-233.636000	0.124526	402.422093
-233.584000	0.124706	401.013124
-233.532000	0.124887	399.604921
-233.480000	0.125068	398.198482
-233.428000	0.125249	396.793343
-233.376000	0.125430	395.390112
-233.324000	0.125612	393.988728
-233.272000	0.125794	392.589419
-233.220000	0.125976	391.192669
-233.168000	0.126159	389.797978
-233.116000	0.126342	388.406613
-233.064000	0.126525	387.017091
-233.012000	0.126709	385.631735
-232.960000	0.126893	384.248089
-232.908000	0.127077	382.869558
-232.856000	0.127262	381.492343
-232.804000	0.127447	380.121269
-232.752000	0.127632	378.751067
-232.700000	0.127817	377.388117
-232.648000	0.128004	376.025991
-232.596000	0.128190	374.671385
-232.544000	0.128377	373.318006
-232.492000	0.128563	371.972135
-232.440000	0.128751	370.628167
-232.388000	0.128938	369.291476
-232.336000	0.129126	367.957507
-232.284000	0.129314	366.630502
-232.232000	0.129503	365.307142
-232.180000	0.129691	363.990284
-232.128000	0.129881	362.678009
-232.076000	0.130070	361.371754
-232.024000	0.130260	360.071123
-231.972000	0.130450	358.775838
-231.920000	0.130640	357.487226
-231.868000	0.130832	356.203416
-231.816000	0.131023	354.927435
-231.764000	0.131214	353.655382
-231.712000	0.131406	352.392307
-231.660000	0.131598	351.132455
-231.608000	0.131791	349.882804
-231.556000	0.131984	348.635447
-231.504000	0.132177	347.399561
-231.452000	0.132371	346.165078
-231.400000	0.132565	344.943355
-231.348000	0.132759	343.722828
-231.296000	0.132953	342.514735
-231.244000	0.133148	341.308625
-231.192000	0.133343	340.114325
-231.140000	0.133539	338.923054
-231.088000	0.133735	337.742758
-231.036000	0.133931	336.566571
-230.984000	0.134128	335.400499
-230.932000	0.134325	334.239719
-230.880000	0.134522	333.088085
-230.828000	0.134720	331.942906
-230.776000	0.134918	330.805922
-230.724000	0.135117	329.676621
-230.672000	0.135315	328.554455
-230.620000	0.135514	327.441185
-230.568000	0.135714	326.333990
-230.516000	0.135913	325.236936
-230.464000	0.136114	324.144914
-230.412000	0.136314	323.064294
-230.360000	0.136515	321.987593
-230.308000	0.136716	320.923563
-230.256000	0.136918	319.862244
-230.204000	0.137120	318.814882
-230.152000	0.137322	317.769053
-230.100000	0.137524	316.738484
-230.048000	0.137727	315.709326
-229.996000	0.137931	314.694658
-229.944000	0.138135	313.682362
-229.892000	0.138339	312.683547
-229.840000	0.138543	311.688194
-229.788000	0.138748	310.705220
-229.736000	0.138953	309.726936
-229.684000	0.139159	308.759841
-229.632000	0.139365	307.798624
-229.580000	0.139571	306.847441
-229.528000	0.139778	305.903376
-229.476000	0.139985	304.968152
-229.424000	0.140192	304.041259
-229.372000	0.140400	303.121965
-229.320000	0.140608	302.212198
-229.268000	0.140817	301.308818
-229.216000	0.141025	300.416172
-229.164000	0.141234	299.528745
-229.112000	0.141444	298.653255
-229.060000	0.141654	297.781771
-229.008000	0.141864	296.923418
-228.956000	0.142075	296.067840
-228.904000	0.142286	295.226578
-228.852000	0.142498	294.386816
-228.800000	0.142710	293.562559
-228.748000	0.142922	292.739716
-228.696000	0.143135	291.931339
-228.644000	0.143348	291.125344
-228.592000	0.143561	290.332744
-228.540000	0.143775	289.543685
-228.488000	0.143989	288.766770
-228.436000	0.144204	287.994477
-228.384000	0.144419	287.233094
-228.332000	0.144634	286.477484
-228.280000	0.144849	285.731584
-228.228000	0.145065	284.992616
-228.176000	0.145282	284.262139
-228.124000	0.145499	283.539711
-228.072000	0.145716	282.824567
-228.020000	0.145933	282.118571
-227.968000	0.146152	281.418665
-227.916000	0.146370	280.728989
-227.864000	0.146589	280.044171
-227.812000	0.146808	279.370643
-227.760000	0.147028	278.700854
-227.708000	0.147248	278.043413
-227.656000	0.147468	277.388536
-227.604000	0.147689	276.747054
-227.552000	0.147910	276.107007
-227.500000	0.148132	275.481306
-227.448000	0.148354	274.856914
-227.396000	0.148576	274.245833
-227.344000	0.148799	273.637030
-227.292000	0.149022	273.040467
-227.240000	0.149246	272.447159
-227.188000	0.149469	271.864939
-227.136000	0.149694	271.286997
-227.084000	0.149919	270.718975
-227.032000	0.150144	270.156250
-226.980000	0.150370	269.602295
-226.928000	0.150596	269.054635
-226.876000	0.150822	268.514577
-226.824000	0.151049	267.981777
-226.772000	0.151276	267.455542
-226.720000	0.151504	266.937548
-226.668000	0.151732	266.424943
-226.616000	0.151960	265.921493
-226.564000	0.152189	265.422404
-226.512000	0.152419	264.933390
-226.460000	0.152648	264.447686
-226.408000	0.152878	263.972958
-226.356000	0.153109	263.500486
-226.304000	0.153340	263.039881
-226.252000	0.153572	262.580577
-226.200000	0.153803	262.133854
-226.148000	0.154036	261.688387
-226.096000	0.154268	261.254570
-226.044000	0.154501	260.822798
-225.992000	0.154735	260.401721
-225.940000	0.154969	259.983526
-225.888000	0.155203	259.574997
-225.836000	0.155438	259.170230
-225.784000	0.155673	258.774089
-225.732000	0.155909	258.382584
-225.680000	0.156145	257.998687
-225.628000	0.156382	257.620277
-225.576000	0.156619	257.248479
-225.524000	0.156856	256.882999
-225.472000	0.157094	256.523156
-225.420000	0.157332	256.170440
-225.368000	0.157571	255.822409
-225.316000	0.157810	255.482291
-225.264000	0.158049	255.145929
-225.212000	0.158289	254.818244
-225.160000	0.158530	254.493406
-225.108000	0.158770	254.178003
-225.056000	0.159012	253.864536
-225.004000	0.159253	253.561258
-224.952000	0.159496	253.259177
-224.900000	0.159738	252.967780
-224.848000	0.159981	252.677479
-224.796000	0.160225	252.397106
-224.744000	0.160469	252.118554
-224.692000	0.160713	251.849099
-224.640000	0.160958	251.582126
-224.588000	0.161204	251.323371
-224.536000	0.161449	251.067835
-224.484000	0.161696	250.819624
-224.432000	0.161942	250.575367
-224.380000	0.162189	250.337563
-224.328000	0.162437	250.104428
-224.276000	0.162685	249.876931
-224.224000	0.162933	249.654813
-224.172000	0.163183	249.437470
-224.120000	0.163432	249.226163
-224.068000	0.163682	249.018822
-224.016000	0.163932	248.818171
-223.964000	0.164183	248.620701
-223.912000	0.164434	248.430557
-223.860000	0.164686	248.242825
-223.808000	0.164938	248.063053
-223.756000	0.165191	247.884970
-223.704000	0.165444	247.715464
-223.652000	0.165697	247.546969
-223.600000	0.165951	247.387413
-223.548000	0.166206	247.228870
-223.496000	0.166461	247.078645
-223.444000	0.166716	246.929990
-223.392000	0.166972	246.788960
-223.340000	0.167229	246.650035
-223.288000	0.167485	246.518002
-223.236000	0.167743	246.388685
-223.184000	0.168001	246.265536
-223.132000	0.168259	246.145737
-223.080000	0.168518	246.031347
-223.028000	0.168777	245.920876
-222.976000	0.169037	245.815101
-222.924000	0.169297	245.713820
-222.872000	0.169558	245.616584
-222.820000	0.169819	245.524410
-222.768000	0.170081	245.435564
-222.716000	0.170342	245.352311
-222.664000	0.170605	245.271731
-222.612000	0.170868	245.197269
-222.560000	0.171132	245.124889
-222.508000	0.171396	245.059154
-222.456000	0.171661	244.994853
-222.404000	0.171926	244.937706
-222.352000	0.172191	244.881444
-222.300000	0.172457	244.832587
-222.248000	0.172724	244.784625
-222.196000	0.172991	244.743577
-222.144000	0.173259	244.703874
-222.092000	0.173526	244.670516
-222.040000	0.173795	244.638931
-221.988000	0.174064	244.613111
-221.936000	0.174334	244.589593
-221.884000	0.174604	244.571221
-221.832000	0.174874	244.555650
-221.780000	0.175146	244.544587
-221.728000	0.175417	244.536792
-221.676000	0.175689	244.532916
-221.624000	0.175962	244.532780
-221.572000	0.176235	244.536029
-221.520000	0.176508	244.543490
-221.468000	0.176782	244.553781
-221.416000	0.177057	244.568724
-221.364000	0.177332	244.585910
-221.312000	0.177608	244.608175
-221.260000	0.177884	244.632202
-221.208000	0.178161	244.661744
-221.156000	0.178438	244.692506
-221.104000	0.178716	244.729207
-221.052000	0.178994	244.766681
-221.000000	0.179273	244.810276
-220.948000	0.179552	244.854700
-220.896000	0.179832	244.904849
-220.844000	0.180112	244.956148
-220.792000	0.180393	245.012709
-220.740000	0.180675	245.070757
-220.688000	0.180957	245.133599
-220.636000	0.181239	245.198365
-220.584000	0.181522	245.267413
-220.532000	0.181806	245.338796
-220.480000	0.182090	245.413930
-220.428000	0.182374	245.491778
-220.376000	0.182659	245.572964
-220.324000	0.182945	245.657283
-220.272000	0.183231	245.744392
-220.220000	0.183518	245.834981
-220.168000	0.183805	245.927944
-220.116000	0.184093	246.024760
-220.064000	0.184382	246.123457
-220.012000	0.184670	246.226359
-219.960000	0.184960	246.330803
-219.908000	0.185250	246.439808
-219.856000	0.185540	246.549805
-219.804000	0.185831	246.664727
-219.752000	0.186123	246.780369
-219.700000	0.186415	246.901048
-219.648000	0.186708	247.022462
-219.596000	0.187001	247.148604
-219.544000	0.187295	247.275731
-219.492000	0.187589	247.407230
-219.440000	0.187884	247.540008
-219.388000	0.188180	247.676763
-219.336000	0.188476	247.815125
-219.284000	0.188773	247.957044
-219.232000	0.189070	248.100905
-219.180000	0.189368	248.247914
-219.128000	0.189666	248.397190
-219.076000	0.189965	248.549217
-219.024000	0.190265	248.703826
-218.972000	0.190565	248.860758
-218.920000	0.190865	249.020567
-218.868000	0.191167	249.182410
-218.816000	0.191468	249.347441
-218.764000	0.191771	249.514098
-218.712000	0.192074	249.684226
-218.660000	0.192377	249.855617
-218.608000	0.192681	250.030773
-218.556000	0.192986	250.206820
-218.504000	0.193291	250.386928
-218.452000	0.193597	250.567671
-218.400000	0.193903	250.752545
-218.348000	0.194211	250.938071
-218.296000	0.194518	251.127485
-218.244000	0.194826	251.317744
-218.192000	0.195135	251.511608
-218.140000	0.195444	251.706548
-218.088000	0.195754	251.904801
-218.036000	0.196065	252.104420
-217.984000	0.196376	252.306953
-217.932000	0.196687	252.511074
-217.880000	0.197000	252.717837
-217.828000	0.197312	252.926494
-217.776000	0.197626	253.137434
-217.724000	0.197940	253.350504
-217.672000	0.198255	253.565584
-217.620000	0.198570	253.783048
-217.568000	0.198886	254.002131
-217.516000	0.199202	254.223818
-217.464000	0.199520	254.446922
-217.412000	0.199837	254.672874
-217.360000	0.200156	254.899894
-217.308000	0.200474	255.130007
-217.256000	0.200794	255.360925
-217.204000	0.201115	255.595163
-217.152000	0.201435	255.829918
-217.100000	0.201756	256.068064
-217.048000	0.202079	256.306865
-216.996000	0.202402	256.548819
-216.944000	0.202725	256.791465
-216.892000	0.203049	257.037079
-216.840000	0.203373	257.283627
-216.788000	0.203698	257.532872
-216.736000	0.204024	257.783227
-216.684000	0.204350	258.036028
-216.632000	0.204678	258.290180
-216.580000	0.205005	258.546475
-216.528000	0.205333	258.804309
-216.476000	0.205662	259.064024
-216.424000	0.205992	259.325478
-216.372000	0.206322	259.588601
-216.320000	0.206653	259.853669
-216.268000	0.206984	260.120162
-216.216000	0.207316	260.388782
-216.164000	0.207649	260.658544
-216.112000	0.207982	260.930612
-216.060000	0.208317	261.203578
-216.008000	0.208651	261.479050
-215.956000	0.208987	261.755212
-215.904000	0.209322	262.034081
-215.852000	0.209659	262.313479
-215.800000	0.209996	262.595582
-215.748000	0.210334	262.878195
-215.696000	0.210673	263.163370
-215.644000	0.211012	263.449204
-215.592000	0.211352	263.737409
-215.540000	0.211693	264.026369
-215.488000	0.212034	264.317557
-215.436000	0.212376	264.609711
-215.384000	0.212719	264.903786
-215.332000	0.213061	265.198922
-215.280000	0.213405	265.495859
-215.228000	0.213750	265.794079
-215.176000	0.214095	266.093822
-215.124000	0.214441	266.394965
-215.072000	0.214788	266.697473
-215.020000	0.215135	267.001539
-214.968000	0.215483	267.306780
-214.916000	0.215832	267.613715
-214.864000	0.216181	267.921590
-214.812000	0.216531	268.231299
-214.760000	0.216881	268.541802
-214.708000	0.217232	268.854300
-214.656000	0.217585	269.167430
-214.604000	0.217938	269.482685
-214.552000	0.218291	269.798321
-214.500000	0.218645	270.116104
-214.448000	0.219000	270.434415
-214.396000	0.219355	270.754724
-214.344000	0.219711	271.075604
-214.292000	0.220068	271.398360
-214.240000	0.220426	271.721772
-214.188000	0.220784	272.046891
-214.136000	0.221143	272.372749
-214.084000	0.221503	272.700170
-214.032000	0.221863	273.028477
-213.980000	0.222224	273.358216
-213.928000	0.222586	273.688974
-213.876000	0.222949	274.020934
-213.824000	0.223312	274.353989
-213.772000	0.223676	274.688175
-213.720000	0.224040	275.023582
-213.668000	0.224406	275.359887
-213.616000	0.224771	275.697492
-213.564000	0.225139	276.035955
-213.512000	0.225506	276.375824
-213.460000	0.225874	276.716296
-213.408000	0.226243	277.058296
-213.356000	0.226613	277.400829
-213.304000	0.226983	277.745001
-213.252000	0.227355	278.089575
-213.200000	0.227726	278.435751
-213.148000	0.228099	278.782366
-213.096000	0.228472	279.130459
-213.044000	0.228847	279.479046
-212.992000	0.229221	279.829035
-212.940000	0.229597	280.179562
-212.888000	0.229973	280.531418
-212.836000	0.230350	280.883907
-212.784000	0.230728	281.237573
-212.732000	0.231107	281.591926
-212.680000	0.231486	281.947335
-212.628000	0.231866	282.303505
-212.576000	0.232247	282.660616
-212.524000	0.232628	283.018558
-212.472000	0.233011	283.377375
-212.420000	0.233394	283.737094
-212.368000	0.233778	284.097544
-212.316000	0.234162	284.458943
-212.264000	0.234548	284.820976
-212.212000	0.234933	285.184024
-212.160000	0.235321	285.547642
-212.108000	0.235708	285.912350
-212.056000	0.236097	286.277453
-212.004000	0.236486	286.643735
-211.952000	0.236876	287.010403
-211.900000	0.237267	287.378181
-211.848000	0.237658	287.746350
-211.796000	0.238050	288.115509
-211.744000	0.238443	288.485094
-211.692000	0.238837	288.855661
-211.640000	0.239232	289.226685
-211.588000	0.239627	289.598638
-211.536000	0.240023	289.971076
-211.484000	0.240421	290.344329
-211.432000	0.240818	290.718084
-211.380000	0.241217	291.092608
-211.328000	0.241616	291.467688
-211.276000	0.242017	291.843429
-211.224000	0.242417	292.219739
-211.172000	0.242819	292.596684
-211.120000	0.243222	292.974233
-211.068000	0.243625	293.352358
-211.016000	0.244029	293.731104
-210.964000	0.244435	294.110321
-210.912000	0.244840	294.490183
-210.860000	0.245247	294.870489
-210.808000	0.245654	295.251485
-210.756000	0.246063	295.632836
-210.704000	0.246472	296.014913
-210.652000	0.246882	296.397278
-210.600000	0.247292	296.780305
-210.548000	0.247704	297.163720
-210.496000	0.248116	297.547677
-210.444000	0.248529	297.932029
-210.392000	0.248943	298.316948
-210.340000	0.249358	298.702221
-210.288000	0.249774	299.088041
-210.236000	0.250190	299.474208
-210.184000	0.250608	299.860880
-210.132000	0.251026	300.247899
-210.080000	0.251445	300.635350
-210.028000	0.251865	301.023129
-209.976000	0.252286	301.411379
-209.924000	0.252707	301.799980
-209.872000	0.253130	302.188945
-209.820000	0.253553	302.578222
-209.768000	0.253977	302.967932
-209.716000	0.254402	303.357950
-209.664000	0.254828	303.748286
-209.612000	0.255254	304.138919
-209.560000	0.255682	304.529926
-209.508000	0.256111	304.921233
-209.456000	0.256540	305.312766
-209.404000	0.256970	305.704629
-209.352000	0.257401	306.096809
-209.300000	0.257833	306.489212
-209.248000	0.258266	306.881962
-209.196000	0.258700	307.274815
-209.144000	0.259134	307.668003
-209.092000	0.259570	308.061362
-209.040000	0.260006	308.454977
-208.988000	0.260443	308.848807
-208.936000	0.260881	309.242877
-208.884000	0.261320	309.637126
-208.832000	0.261760	310.031559
-208.780000	0.262201	310.426169
-208.728000	0.262643	310.820925
-208.676000	0.263085	311.215863
-208.624000	0.263528	311.610903
-208.572000	0.263973	312.006178
-208.520000	0.264418	312.401516
-208.468000	0.264865	312.797060
-208.416000	0.265311	313.192606
-208.364000	0.265759	313.588375
-208.312000	0.266208	313.984112
-208.260000	0.266658	314.380109
-208.208000	0.267109	314.776049
-208.156000	0.267560	315.172182
-208.104000	0.268013	315.568251
-208.052000	0.268466	315.964586
-208.000000	0.268921	316.360728
-207.948000	0.269376	316.757177
-207.896000	0.269832	317.153336
-207.844000	0.270290	317.549804
-207.792000	0.270748	317.946072
-207.740000	0.271207	318.342502
-207.688000	0.271667	318.738808
-207.636000	0.272127	319.135229
-207.584000	0.272589	319.531556
-207.532000	0.273052	319.927930
-207.480000	0.273516	320.324213
-207.428000	0.273981	320.720451
-207.376000	0.274447	321.116674
-207.324000	0.274913	321.512793
-207.272000	0.275381	321.908944
-207.220000	0.275849	322.304906
-207.168000	0.276319	322.700905
-207.116000	0.276789	323.096623
-207.064000	0.277261	323.492482
-207.012000	0.277733	323.887995
-206.960000	0.278206	324.283664
-206.908000	0.278680	324.678943
-206.856000	0.279156	325.074387
-206.804000	0.279632	325.469395
-206.752000	0.280110	325.864625
-206.700000	0.280588	326.259286
-206.648000	0.281067	326.654255
-206.596000	0.281547	327.048532
-206.544000	0.282029	327.443027
-206.492000	0.282511	327.837026
-206.440000	0.282994	328.231154
-206.388000	0.283478	328.624846
-206.336000	0.283964	329.018533
-206.284000	0.284450	329.411816
-206.232000	0.284937	329.804975
-206.180000	0.285425	330.197867
-206.128000	0.285914	330.590570
-206.076000	0.286405	330.983043
-206.024000	0.286896	331.375203
-205.972000	0.287388	331.767212
-205.920000	0.287881	332.158797
-205.868000	0.288376	332.550313
-205.816000	0.288871	332.941290
-205.764000	0.289367	333.332285
-205.712000	0.289864	333.722649
-205.660000	0.290363	334.113124
-205.608000	0.290862	334.502891
-205.556000	0.291363	334.892761
-205.504000	0.291865	335.281852
-205.452000	0.292367	335.671126
-205.400000	0.292871	336.059487
-205.348000	0.293376	336.448159
-205.296000	0.293881	336.835812
-205.244000	0.294388	337.223660
-205.192000	0.294896	337.610679
-205.140000	0.295405	337.997715
-205.088000	0.295915	338.384059
-205.036000	0.296426	338.770314
-204.984000	0.296938	339.155944
-204.932000	0.297451	339.541334
-204.880000	0.297965	339.926236
-204.828000	0.298480	340.310785
-204.776000	0.298997	340.694912
-204.724000	0.299514	341.078538
-204.672000	0.300033	341.461894
-204.620000	0.300552	341.844620
-204.568000	0.301073	342.227191
-204.516000	0.301594	342.608987
-204.464000	0.302118	342.990697
-204.412000	0.302641	343.371513
-204.360000	0.303166	343.752358
-204.308000	0.303692	344.132213
-204.256000	0.304220	344.512115
-204.204000	0.304748	344.890955
-204.152000	0.305277	345.270028
-204.100000	0.305808	345.647851
-204.048000	0.306340	346.025917
-203.996000	0.306872	346.402683
-203.944000	0.307406	346.779622
-203.892000	0.307941	347.155490
-203.840000	0.308477	347.531324
-203.788000	0.309015	347.906223
-203.736000	0.309553	348.280932
-203.684000	0.310093	348.654833
-203.632000	0.310633	349.028392
-203.580000	0.311175	349.401272
-203.528000	0.311718	349.773654
-203.476000	0.312262	350.145492
-203.424000	0.312807	350.516673
-203.372000	0.313354	350.887403
-203.320000	0.313901	351.257306
-203.268000	0.314450	351.626991
-203.216000	0.314999	351.995696
-203.164000	0.315551	352.364331
-203.112000	0.316103	352.731842
-203.060000	0.316656	353.099267
-203.008000	0.317210	353.465473
-202.956000	0.317766	353.831773
-202.904000	0.318323	354.196721
-202.852000	0.318881	354.561799
-202.800000	0.319440	354.925399
-202.748000	0.320001	355.289326
-202.696000	0.320562	355.651683
-202.644000	0.321125	356.014132
-202.592000	0.321689	356.375315
-202.540000	0.322254	356.736423
-202.488000	0.322820	357.096396
-202.436000	0.323388	357.456093
-202.384000	0.323957	357.814838
-202.332000	0.324526	358.173155
-202.280000	0.325098	358.530642
-202.228000	0.325670	358.887508
-202.176000	0.326244	359.243740
-202.124000	0.326818	359.599186
-202.072000	0.327394	359.954118
-202.020000	0.327971	360.308073
-201.968000	0.328550	360.661724
-201.916000	0.329129	361.014223
-201.864000	0.329711	361.366585
-201.812000	0.330292	361.717640
-201.760000	0.330876	362.068608
-201.708000	0.331460	362.418166
-201.656000	0.332047	362.767833
-201.604000	0.332634	363.115932
-201.552000	0.333222	363.464148
-201.500000	0.333812	363.810668
-201.448000	0.334403	364.157491
-201.396000	0.334995	364.502596
-201.344000	0.335589	364.847812
-201.292000	0.336183	365.191576
-201.240000	0.336779	365.535175
-201.188000	0.337376	365.877549
-201.136000	0.337975	366.219623
-201.084000	0.338575	366.560584
-201.032000	0.339175	366.901012
-200.980000	0.339778	367.240573
-200.928000	0.340382	367.579446
-200.876000	0.340987	367.917593
-200.824000	0.341593	368.254845
-200.772000	0.342201	368.591506
-200.720000	0.342809	368.927070
-200.668000	0.343420	369.262320
-200.616000	0.344030	369.596291
-200.564000	0.344644	369.930078
-200.512000	0.345257	370.262430
-200.460000	0.345873	370.594759
-200.408000	0.346490	370.925522
-200.356000	0.347108	371.256334
-200.304000	0.347728	371.585446
-200.252000	0.348349	371.914749
-200.200000	0.348970	372.242182
-200.148000	0.349594	372.569866
-200.096000	0.350218	372.895729
-200.044000	0.350844	373.221699
-199.992000	0.351472	373.546158
-199.940000	0.352101	373.870464
-199.888000	0.352731	374.193422
-199.836000	0.353363	374.516002
-199.784000	0.353995	374.837424
-199.732000	0.354629	375.158270
-199.680000	0.355265	375.478221
-199.628000	0.355902	375.797429
-199.576000	0.356541	376.115820
-199.524000	0.357180	376.433226
-199.472000	0.357821	376.750137
-199.420000	0.358464	377.065891
-199.368000	0.359108	377.381254
-199.316000	0.359752	377.695250
-199.264000	0.360400	378.009144
-199.212000	0.361048	378.321510
-199.160000	0.361698	378.633794
-199.108000	0.362348	378.944430
-199.056000	0.363001	379.255155
-199.004000	0.363654	379.564099
-198.952000	0.364310	379.873275
-198.900000	0.364966	380.180508
-198.848000	0.365624	380.488016
-198.796000	0.366284	380.793651
-198.744000	0.366945	381.099362
-198.692000	0.367607	381.403519
-198.640000	0.368271	381.707490
-198.588000	0.368936	382.010108
-198.536000	0.369602	382.312336
-198.484000	0.370271	382.613444
-198.432000	0.370940	382.913979
-198.380000	0.371611	383.213563
-198.328000	0.372284	383.512350
-198.276000	0.372958	383.810390
-198.224000	0.373633	384.107429
-198.172000	0.374310	384.403923
-198.120000	0.374988	384.699212
-198.068000	0.375668	384.994209
-198.016000	0.376349	385.287809
-197.964000	0.377032	385.581309
-197.912000	0.377716	385.873250
-197.860000	0.378403	386.165164
-197.808000	0.379090	386.455398
-197.756000	0.379779	386.745730
-197.704000	0.380469	387.034265
-197.652000	0.381161	387.323082
-197.600000	0.381854	387.609952
-197.548000	0.382549	387.897126
-197.496000	0.383245	388.182442
-197.444000	0.383943	388.467815
-197.392000	0.384643	388.751701
-197.340000	0.385344	389.035439
-197.288000	0.386047	389.317844
-197.236000	0.386751	389.599846
-197.184000	0.387456	389.880753
-197.132000	0.388163	390.161074
-197.080000	0.388872	390.440510
-197.028000	0.389582	390.719155
-196.976000	0.390295	390.997124
-196.924000	0.391008	391.274098
-196.872000	0.391723	391.550604
-196.820000	0.392439	391.825913
-196.768000	0.393158	392.100961
-196.716000	0.393877	392.374620
-196.664000	0.394599	392.648205
-196.612000	0.395321	392.920256
-196.560000	0.396046	393.192349
-196.508000	0.396772	393.462807
-196.456000	0.397500	393.733471
-196.404000	0.398229	394.002373
-196.352000	0.398960	394.271572
-196.300000	0.399693	394.538891
-196.248000	0.400427	394.806545
-196.196000	0.401163	395.072424
-196.144000	0.401900	395.338349
-196.092000	0.402639	395.602889
-196.040000	0.403380	395.867306
-195.988000	0.404123	396.130495
-195.936000	0.404867	396.393308
-195.884000	0.405612	396.655101
-195.832000	0.406359	396.916319
-195.780000	0.407109	397.176761
-195.728000	0.407859	397.436449
-195.676000	0.408612	397.695568
-195.624000	0.409365	397.953734
-195.572000	0.410121	398.211540
-195.520000	0.410878	398.468196
-195.468000	0.411638	398.724698
-195.416000	0.412398	398.979869
-195.364000	0.413161	399.235011
-195.312000	0.413924	399.488698
-195.260000	0.414691	399.742561
-195.208000	0.415458	399.994860
-195.156000	0.416228	400.247354
-195.104000	0.416998	400.498192
-195.052000	0.417771	400.749389
-195.000000	0.418545	400.998833
-194.948000	0.419322	401.248651
-194.896000	0.420099	401.496876
-194.844000	0.420879	401.745208
-194.792000	0.421660	401.992259
-194.740000	0.422443	402.239173
-194.688000	0.423229	402.485040
-194.636000	0.424015	402.730601
-194.584000	0.424804	402.975290
-194.532000	0.425594	403.219461
-194.480000	0.426386	403.462962
-194.428000	0.427179	403.705758
-194.376000	0.427975	403.948127
-194.324000	0.428772	404.189616
-194.272000	0.429571	404.430834
-194.220000	0.430371	404.670979
-194.168000	0.431175	404.911099
-194.116000	0.431978	405.149989
-194.064000	0.432785	405.389013
-194.012000	0.433593	405.626691
-193.960000	0.434403	405.864548
-193.908000	0.435214	406.101000
-193.856000	0.436028	406.337814
-193.804000	0.436844	406.573118
-193.752000	0.437661	406.808805
-193.700000	0.438480	407.042906
-193.648000	0.439301	407.277386
-193.596000	0.440123	407.510487
-193.544000	0.440948	407.743732
-193.492000	0.441774	407.975920
-193.440000	0.442603	408.208049
-193.388000	0.443433	408.439264
-193.336000	0.444265	408.670191
-193.284000	0.445099	408.900462
-193.232000	0.445935	409.130310
-193.180000	0.446773	409.359662
-193.128000	0.447612	409.588398
-193.076000	0.448454	409.816829
-193.024000	0.449297	410.044471
-192.972000	0.450143	410.272043
-192.920000	0.450989	410.498665
-192.868000	0.451839	410.725406
-192.816000	0.452690	410.951047
-192.764000	0.453544	411.176899
-192.712000	0.454398	411.401559
-192.660000	0.455255	411.626505
-192.608000	0.456114	411.850215
-192.556000	0.456975	412.074330
-192.504000	0.457837	412.297151
-192.452000	0.458702	412.520458
-192.400000	0.459569	412.742406
-192.348000	0.460438	412.964778
-192.296000	0.461308	413.186019
-192.244000	0.462181	413.407451
-192.192000	0.463056	413.628030
-192.140000	0.463932	413.848586
-192.088000	0.464811	414.068477
-192.036000	0.465692	414.288179
-191.984000	0.466575	414.507400
-191.932000	0.467459	414.726271
-191.880000	0.468346	414.944840
-191.828000	0.469234	415.162900
-191.776000	0.470125	415.380838
-191.724000	0.471017	415.598110
-191.672000	0.471913	415.815480
-191.620000	0.472809	416.032037
-191.568000	0.473708	416.248819
-191.516000	0.474608	416.464660
-191.464000	0.475512	416.680893
-191.412000	0.476417	416.896119
-191.360000	0.477325	417.111741
-191.308000	0.478233	417.326334
-191.256000	0.479145	417.541417
-191.204000	0.480058	417.755439
-191.152000	0.480974	417.970010
-191.100000	0.481892	418.183465
-191.048000	0.482811	418.397354
-190.996000	0.483733	418.610408
-190.944000	0.484657	418.823733
-190.892000	0.485584	419.036429
-190.840000	0.486512	419.249146
-190.788000	0.487442	419.461432
-190.736000	0.488374	419.673617
-190.684000	0.489309	419.885575
-190.632000	0.490246	420.097307
-190.580000	0.491185	420.308942
-190.528000	0.492126	420.520187
-190.476000	0.493070	420.731457
-190.424000	0.494014	420.942188
-190.372000	0.494963	421.153237
-190.320000	0.495912	421.363632
-190.268000	0.496865	421.574360
-190.216000	0.497818	421.784322
-190.164000	0.498776	421.994860
-190.112000	0.499734	422.204584
-190.060000	0.500695	422.414766
-190.008000	0.501658	422.624153
-189.956000	0.502624	422.834160
-189.904000	0.503591	423.043342
-189.852000	0.504561	423.253094
-189.800000	0.505533	423.462023
-189.748000	0.506507	423.671463
-189.696000	0.507484	423.880326
-189.644000	0.508463	424.089487
-189.592000	0.509444	424.298298
-189.540000	0.510427	424.507237
-189.488000	0.511413	424.715982
-189.436000	0.512401	424.924719
-189.384000	0.513392	425.133416
-189.332000	0.514384	425.341977
-189.280000	0.515379	425.550647
-189.228000	0.516376	425.759055
-189.176000	0.517376	425.967759
-189.124000	0.518377	426.176086
-189.072000	0.519382	426.384812
-189.020000	0.520388	426.593031
-188.968000	0.521398	426.801837
-188.916000	0.522408	427.010057
-188.864000	0.523423	427.218881
-188.812000	0.524438	427.427114
-188.760000	0.525457	427.636049
-188.708000	0.526477	427.844388
-188.656000	0.527501	428.053298
-188.604000	0.528526	428.261693
-188.552000	0.529555	428.470866
-188.500000	0.530585	428.679365
-188.448000	0.531617	428.888179
-188.396000	0.532651	429.096755
-188.344000	0.533688	429.305778
-188.292000	0.534729	429.514775
-188.240000	0.535771	429.724058
-188.188000	0.536817	429.933465
-188.136000	0.537865	430.143029
-188.084000	0.538915	430.352519
-188.032000	0.539966	430.561859
-187.980000	0.541021	430.771619
-187.928000	0.542078	430.981283
-187.876000	0.543139	431.191509
-187.824000	0.544201	431.401518
-187.772000	0.545265	431.611760
-187.720000	0.546330	431.821609
-187.668000	0.547402	432.032801
-187.616000	0.548475	432.243582
-187.564000	0.549551	432.454740
-187.512000	0.550627	432.665513
-187.460000	0.551708	432.877125
-187.408000	0.552790	433.088298
-187.356000	0.553874	433.299864
-187.304000	0.554960	433.511288
-187.252000	0.556052	433.723876
-187.200000	0.557145	433.936034
-187.148000	0.558239	434.148519
-187.096000	0.559337	434.360993
-187.044000	0.560437	434.573942
-186.992000	0.561540	434.787060
-186.940000	0.562645	435.000518
-186.888000	0.563754	435.214276
-186.836000	0.564866	435.428262
-186.784000	0.565980	435.642675
-186.732000	0.567097	435.857204
-186.680000	0.568216	436.071900
-186.628000	0.569335	436.286472
-186.576000	0.570459	436.501722
-186.524000	0.571584	436.716877
-186.472000	0.572716	436.933298
-186.420000	0.573849	437.149574
-186.368000	0.574985	437.366259
-186.316000	0.576121	437.582684
-186.264000	0.577262	437.800036
-186.212000	0.578404	438.017179
-186.160000	0.579551	438.235197
-186.108000	0.580699	438.453071
-186.056000	0.581851	438.671774
-186.004000	0.583005	438.890393
-185.952000	0.584162	439.109801
-185.900000	0.585321	439.328995
-185.848000	0.586482	439.548522
-185.796000	0.587646	439.768460
-185.744000	0.588814	439.989196
-185.692000	0.589986	440.210261
-185.640000	0.591160	440.431717
-185.588000	0.592336	440.653307
-185.536000	0.593512	440.874976
-185.484000	0.594695	441.097549
-185.432000	0.595880	441.320488
-185.380000	0.597069	441.544092
-185.328000	0.598259	441.767797
-185.276000	0.599452	441.991842
-185.224000	0.600646	442.215804
-185.172000	0.601846	442.441111
-185.120000	0.603048	442.666387
-185.068000	0.604255	442.892641
-185.016000	0.605462	443.118753
-184.964000	0.606671	443.345332
-184.912000	0.607882	443.571919
-184.860000	0.609100	443.799858
-184.808000	0.610319	444.027812
-184.756000	0.611542	444.256605
-184.704000	0.612767	444.485482
-184.652000	0.613996	444.715134
-184.600000	0.615227	444.944945
-184.548000	0.616461	445.175423
-184.496000	0.617698	445.406228
-184.444000	0.618938	445.637565
-184.392000	0.620181	445.869350
-184.340000	0.621426	446.101569
-184.288000	0.622674	446.334334
-184.236000	0.623925	446.567446
-184.184000	0.625182	446.801552
-184.132000	0.626440	447.036088
-184.080000	0.627701	447.270969
-184.028000	0.628963	447.505895
-183.976000	0.630232	447.742085
-183.924000	0.631502	447.978454
-183.872000	0.632776	448.215748
-183.820000	0.634052	448.453049
-183.768000	0.635333	448.691366
-183.716000	0.636614	448.929671
-183.664000	0.637900	449.168952
-183.612000	0.639188	449.408357
-183.560000	0.640482	449.649118
-183.508000	0.641777	449.889898
-183.456000	0.643074	450.131101
-183.404000	0.644374	450.372663
-183.352000	0.645680	450.615358
-183.300000	0.646987	450.858342
-183.248000	0.648298	451.101991
-183.196000	0.649612	451.346055
-183.144000	0.650928	451.590676
-183.092000	0.652249	451.836085
-183.040000	0.653573	452.082213
-182.988000	0.654901	452.328942
-182.936000	0.656231	452.576058
-182.884000	0.657565	452.823863
-182.832000	0.658901	453.071975
-182.780000	0.660243	453.321255
-182.728000	0.661586	453.570888
-182.676000	0.662932	453.820944
-182.624000	0.664279	454.071059
-182.572000	0.665633	454.322592
-182.520000	0.666988	454.574239
-182.468000	0.668351	454.827425
-182.416000	0.669714	455.080671
-182.364000	0.671082	455.334890
-182.312000	0.672452	455.589232
-182.260000	0.673825	455.844466
-182.208000	0.675201	456.099903
-182.156000	0.676580	456.356158
-182.104000	0.677962	456.612848
-182.052000	0.679349	456.870648
-182.000000	0.680739	457.128804
-181.948000	0.682132	457.387620
-181.896000	0.683529	457.647115
-181.844000	0.684930	457.907473
-181.792000	0.686334	458.168359
-181.740000	0.687741	458.429742
-181.688000	0.689153	458.692047
-181.636000	0.690568	458.954971
-181.584000	0.691986	459.218584
-181.532000	0.693407	459.482534
-181.480000	0.694831	459.747250
-181.428000	0.696257	460.012218
-181.376000	0.697690	460.278471
-181.324000	0.699124	460.544981
-181.272000	0.700563	460.812419
-181.220000	0.702003	461.079947
-181.168000	0.703451	461.349003
-181.116000	0.704899	461.618178
-181.064000	0.706355	461.888784
-181.012000	0.707812	462.159538
-180.960000	0.709273	462.431158
-180.908000	0.710736	462.703004
-180.856000	0.712203	462.975635
-180.804000	0.713672	463.248721
-180.752000	0.715148	463.522888
-180.700000	0.716626	463.797616
-180.648000	0.718109	464.073325
-180.596000	0.719595	464.349443
-180.544000	0.721084	464.626150
-180.492000	0.722577	464.903618
-180.440000	0.724074	465.181839
-180.388000	0.725576	465.460941
-180.336000	0.727082	465.740672
-180.284000	0.728591	466.021046
-180.232000	0.730101	466.301760
-180.180000	0.731618	466.583593
-180.128000	0.733137	466.865803
-180.076000	0.734661	467.148815
-180.024000	0.736185	467.431994
-179.972000	0.737717	467.716535
-179.920000	0.739250	468.001195
-179.868000	0.740791	468.287343
-179.816000	0.742332	468.573556
-179.764000	0.743878	468.860665
-179.712000	0.745426	469.148059
-179.660000	0.746984	469.437162
-179.608000	0.748542	469.726345
-179.556000	0.750102	470.015870
-179.504000	0.751665	470.305973
-179.452000	0.753236	470.597485
-179.400000	0.754810	470.889503
-179.348000	0.756389	471.182492
-179.296000	0.757971	471.475794
-179.244000	0.759555	471.769692
-179.192000	0.761144	472.064256
-179.140000	0.762737	472.359573
-179.088000	0.764335	472.655680
-179.036000	0.765936	472.952409
-178.984000	0.767543	473.250049
-178.932000	0.769152	473.548174
-178.880000	0.770766	473.846934
-178.828000	0.772381	474.145921
-178.776000	0.774002	474.446072
-178.724000	0.775625	474.746434
-178.672000	0.777258	475.048568
-178.620000	0.778892	475.350813
-178.568000	0.780532	475.653957
-178.516000	0.782172	475.957150
-178.464000	0.783819	476.261651
-178.412000	0.785468	476.566299
-178.360000	0.787124	476.872149
-178.308000	0.788782	477.178242
-178.256000	0.790446	477.485431
-178.204000	0.792112	477.792951
-178.152000	0.793784	478.101477
-178.100000	0.795460	478.410396
-178.048000	0.797140	478.720275
-177.996000	0.798824	479.030554
-177.944000	0.800513	479.341712
-177.892000	0.802205	479.653110
-177.840000	0.803899	479.965006
-177.788000	0.805600	480.277880
-177.736000	0.807305	480.591549
-177.684000	0.809015	480.906003
-177.632000	0.810729	481.220899
-177.580000	0.812448	481.536716
-177.528000	0.814170	481.852828
-177.476000	0.815898	482.169998
-177.424000	0.817628	482.487310
-177.372000	0.819368	482.806300
-177.320000	0.821109	483.125318
-177.268000	0.822855	483.445140
-177.216000	0.824601	483.764925
-177.164000	0.826356	484.085934
-177.112000	0.828112	484.407070
-177.060000	0.829877	484.729769
-177.008000	0.831644	485.052591
-176.956000	0.833418	485.376451
-176.904000	0.835194	485.700506
-176.852000	0.836976	486.025525
-176.800000	0.838760	486.350771
-176.748000	0.840550	486.676961
-176.696000	0.842344	487.003351
-176.644000	0.844142	487.330614
-176.592000	0.845946	487.658500
-176.540000	0.847755	487.987336
-176.488000	0.849568	488.316330
-176.436000	0.851382	488.645678
-176.384000	0.853207	488.976382
-176.332000	0.855035	489.307786
-176.280000	0.856867	489.639561
-176.228000	0.858701	489.971436
-176.176000	0.860544	490.304685
-176.124000	0.862389	490.638057
-176.072000	0.864241	490.972507
-176.020000	0.866094	491.306842
-175.968000	0.867955	491.642386
-175.916000	0.869817	491.977817
-175.864000	0.871689	492.314853
-175.812000	0.873562	492.651796
-175.760000	0.875442	492.989784
-175.708000	0.877325	493.327863
-175.656000	0.879217	493.667304
-175.604000	0.881110	494.006765
-175.552000	0.883010	494.347150
-175.500000	0.884912	494.687554
-175.448000	0.886820	495.028884
-175.396000	0.888733	495.370427
-175.344000	0.890651	495.713101
-175.292000	0.892574	496.055898
-175.240000	0.894501	496.399371
-175.188000	0.896435	496.743456
-175.136000	0.898372	497.088231
-175.084000	0.900318	497.433816
-175.032000	0.902266	497.779864
-174.980000	0.904221	498.126525
-174.928000	0.906178	498.473310
-174.876000	0.908142	498.820870
-174.824000	0.910107	499.168363
-174.772000	0.912083	499.517291
-174.720000	0.914059	499.866017
-174.668000	0.916046	500.216345
-174.616000	0.918033	500.566373
-174.564000	0.920029	500.917418
-174.512000	0.922026	501.268293
-174.460000	0.924032	501.620561
-174.408000	0.926040	501.972737
-174.356000	0.928058	502.326208
-174.304000	0.930078	502.679659
-174.252000	0.932106	503.034344
-174.200000	0.934137	503.388809
-174.148000	0.936174	503.744178
-174.096000	0.938214	504.099261
-174.044000	0.940258	504.455175
-173.992000	0.942310	504.811554
-173.940000	0.944368	505.169030
-173.888000	0.946432	505.526574
-173.836000	0.948498	505.884546
-173.784000	0.950574	506.243505
-173.732000	0.952654	506.602993
-173.680000	0.954740	506.962914
-173.628000	0.956829	507.322849
-173.576000	0.958924	507.683404
-173.524000	0.961020	508.043761
-173.472000	0.963130	508.405912
-173.420000	0.965240	508.767748
-173.368000	0.967361	509.131052
-173.316000	0.969483	509.493896
-173.264000	0.971612	509.857649
-173.212000	0.973744	510.221142
-173.160000	0.975887	510.586371
-173.108000	0.978032	510.951179
-173.056000	0.980183	511.316820
-173.004000	0.982338	511.682219
-172.952000	0.984500	512.048808
-172.900000	0.986667	512.415339
-172.848000	0.988843	512.783378
-172.796000	0.991023	513.150867
-172.744000	0.993207	513.519157
-172.692000	0.995399	513.887675
-172.640000	0.997596	514.257234
-172.588000	0.999799	514.626639
-172.536000	1.002005	514.996401
-172.484000	1.004221	515.366953
-172.432000	1.006440	515.737936
-172.380000	1.008669	516.109586
-172.328000	1.010899	516.481245
-172.276000	1.013137	516.853366
-172.224000	1.015376	517.225153
-172.172000	1.017627	517.598600
-172.120000	1.019880	517.971589
-172.068000	1.022146	518.346429
-172.016000	1.024413	518.720645
-171.964000	1.026687	519.095666
-171.912000	1.028964	519.470243
-171.860000	1.031252	519.846466
-171.808000	1.033543	520.222191
-171.756000	1.035842	520.599074
-171.704000	1.038145	520.975489
-171.652000	1.040454	521.353055
-171.600000	1.042770	521.730310
-171.548000	1.045093	522.109046
-171.496000	1.047422	522.487229
-171.444000	1.049757	522.866447
-171.392000	1.052098	523.245370
-171.340000	1.054443	523.625046
-171.288000	1.056797	524.005022
-171.236000	1.059157	524.385657
-171.184000	1.061524	524.766522
-171.132000	1.063894	525.147568
-171.080000	1.066272	525.529112
-171.028000	1.068654	525.910546
-170.976000	1.071047	526.293205
-170.924000	1.073441	526.675530
-170.872000	1.075849	527.059392
-170.820000	1.078258	527.442634
-170.768000	1.080677	527.827095
-170.716000	1.083098	528.210874
-170.664000	1.085531	528.596297
-170.612000	1.087966	528.981006
-170.560000	1.090410	529.366852
-170.508000	1.092858	529.752135
-170.456000	1.095315	530.138906
-170.404000	1.097777	530.524992
-170.352000	1.100245	530.912193
-170.300000	1.102720	531.298842
-170.248000	1.105202	531.686946
-170.196000	1.107691	532.074520
-170.144000	1.110187	532.463358
-170.092000	1.112691	532.851984
-170.040000	1.115200	533.241531
-169.988000	1.117717	533.630856
-169.936000	1.120238	534.020575
-169.884000	1.122768	534.410730
-169.832000	1.125303	534.801116
-169.780000	1.127848	535.192270
-169.728000	1.130396	535.583308
-169.676000	1.132953	535.974986
-169.624000	1.135512	536.366131
-169.572000	1.138087	536.759207
-169.520000	1.140663	537.151547
-169.468000	1.143249	537.544999
-169.416000	1.145837	537.937626
-169.364000	1.148437	538.331805
-169.312000	1.151040	538.725297
-169.260000	1.153656	539.120714
-169.208000	1.156276	539.515254
-169.156000	1.158903	539.910847
-169.104000	1.161535	540.305736
-169.052000	1.164176	540.702061
-169.000000	1.166823	541.097616
-168.948000	1.169478	541.494601
-168.896000	1.172141	541.891116
-168.844000	1.174812	542.289119
-168.792000	1.177489	542.686439
-168.740000	1.180171	543.084399
-168.688000	1.182864	543.482655
-168.636000	1.185563	543.881602
-168.584000	1.188269	544.280470
-168.532000	1.190979	544.679338
-168.480000	1.193701	545.079272
-168.428000	1.196427	545.479091
-168.376000	1.199165	545.879908
-168.324000	1.201905	546.280140
-168.272000	1.204660	546.682221
-168.220000	1.207416	547.083441
-168.168000	1.210183	547.485686
-168.116000	1.212952	547.887040
-168.064000	1.215735	548.290345
-168.012000	1.218522	548.692833
-167.960000	1.221322	549.097184
-167.908000	1.224124	549.500509
-167.856000	1.226935	549.904851
-167.804000	1.229752	550.308511
-167.752000	1.232579	550.713928
-167.700000	1.235413	551.118620
-167.648000	1.238256	551.525025
-167.596000	1.241107	551.930554
-167.544000	1.243964	552.337269
-167.492000	1.246829	552.743464
-167.440000	1.249700	553.150474
-167.388000	1.252582	553.557665
-167.336000	1.255469	553.965482
-167.284000	1.258369	554.373879
-167.232000	1.261272	554.782487
-167.180000	1.264187	555.191661
-167.128000	1.267105	555.600533
-167.076000	1.270037	556.010792
-167.024000	1.272971	556.420431
-166.972000	1.275920	556.831868
-166.920000	1.278871	557.242366
-166.868000	1.281835	557.654334
-166.816000	1.284801	558.065322
-166.764000	1.287782	558.478205
-166.712000	1.290765	558.890172
-166.660000	1.293762	559.303969
-166.608000	1.296763	559.716771
-166.556000	1.299773	560.130943
-166.504000	1.302789	560.544323
-166.452000	1.305816	560.959448
-166.400000	1.308851	561.373948
-166.348000	1.311898	561.790441
-166.296000	1.314951	562.205967
-166.244000	1.318010	562.622643
-166.192000	1.321080	563.039023
-166.140000	1.324156	563.456394
-166.088000	1.327243	563.873881
-166.036000	1.330336	564.291941
-165.984000	1.333440	564.710529
-165.932000	1.336549	565.129270
-165.880000	1.339674	565.549380
-165.828000	1.342802	565.969321
-165.776000	1.345943	566.390160
-165.724000	1.349084	566.810251
-165.672000	1.352242	567.232116
-165.620000	1.355401	567.653019
-165.568000	1.358579	568.076361
-165.516000	1.361758	568.498670
-165.464000	1.364952	568.922850
-165.412000	1.368149	569.346059
-165.360000	1.371360	569.771071
-165.308000	1.374575	570.195174
-165.256000	1.377801	570.621016
-165.204000	1.381035	571.046191
-165.152000	1.384281	571.473441
-165.100000	1.387534	571.899784
-165.048000	1.390796	572.327805
-164.996000	1.394068	572.755354
-164.944000	1.397350	573.184541
-164.892000	1.400641	573.613411
-164.840000	1.403939	574.043239
-164.788000	1.407247	574.473171
-164.736000	1.410562	574.903641
-164.684000	1.413890	575.335020
-164.632000	1.417224	575.766651
-164.580000	1.420570	576.199227
-164.528000	1.423920	576.631496
-164.476000	1.427290	577.066065
-164.424000	1.430662	577.500021
-164.372000	1.434047	577.935259
-164.320000	1.437433	578.369521
-164.268000	1.440841	578.806708
-164.216000	1.444250	579.242853
-164.164000	1.447674	579.680857
-164.112000	1.451101	580.117989
-164.060000	1.454544	580.557340
-164.008000	1.457992	580.995777
-163.956000	1.461451	581.435955
-163.904000	1.464919	581.875652
-163.852000	1.468400	582.317759
-163.800000	1.471888	582.758961
-163.748000	1.475386	583.201829
-163.696000	1.478895	583.644530
-163.644000	1.482414	584.089100
-163.592000	1.485944	584.533391
-163.540000	1.489480	584.978616
-163.488000	1.493028	585.424334
-163.436000	1.496584	585.870746
-163.384000	1.500155	586.318501
-163.332000	1.503732	586.766626
-163.280000	1.507323	587.215743
-163.228000	1.510916	587.664543
-163.176000	1.514529	588.115691
-163.124000	1.518145	588.566215
-163.072000	1.521779	589.019081
-163.020000	1.525414	589.470994
-162.968000	1.529068	589.925347
-162.916000	1.532724	590.378758
-162.864000	1.536397	590.834506
-162.812000	1.540074	591.289530
-162.760000	1.543769	591.747200
-162.708000	1.547469	592.204152
-162.656000	1.551183	592.663229
-162.604000	1.554905	593.121888
-162.552000	1.558641	593.582965
-162.500000	1.562385	594.043429
-162.448000	1.566140	594.505847
-162.396000	1.569905	594.967930
-162.344000	1.573679	595.431604
-162.292000	1.577466	595.895716
-162.240000	1.581262	596.361184
-162.188000	1.585072	596.827587
-162.136000	1.588890	597.294851
-162.084000	1.592723	597.763166
-162.032000	1.596560	598.231721
-161.980000	1.600415	598.702215
-161.928000	1.604274	599.172594
-161.876000	1.608152	599.645407
-161.824000	1.612033	600.117616
-161.772000	1.615933	600.592249
-161.720000	1.619834	601.066037
-161.668000	1.623759	601.543296
-161.616000	1.627686	602.019690
-161.564000	1.631630	602.498457
-161.512000	1.635578	602.976592
-161.460000	1.639544	603.457396
-161.408000	1.643516	603.937734
-161.356000	1.647504	604.420595
-161.304000	1.651499	604.903153
-161.252000	1.655509	605.388139
-161.200000	1.659529	605.873101
-161.148000	1.663563	606.360595
-161.096000	1.667607	606.847913
-161.044000	1.671661	607.336815
-160.992000	1.675728	607.826616
-160.940000	1.679806	608.317981
-160.888000	1.683897	608.810080
-160.836000	1.687994	609.302880
-160.784000	1.692112	609.798040
-160.732000	1.696236	610.293861
-160.680000	1.700377	610.791316
-160.628000	1.704520	611.288603
-160.576000	1.708686	611.788916
-160.524000	1.712854	612.288731
-160.472000	1.717044	612.791586
-160.420000	1.721236	613.293695
-160.368000	1.725450	613.799340
-160.316000	1.729668	614.304305
-160.264000	1.733905	614.812146
-160.212000	1.738147	615.319599
-160.160000	1.742408	615.830178
-160.108000	1.746676	616.340593
-160.056000	1.750962	616.853933
-160.004000	1.755256	617.367130
-159.952000	1.759564	617.882769
-159.900000	1.763883	618.398574
-159.848000	1.768215	618.916909
-159.796000	1.772561	619.435820
-159.744000	1.776918	619.956810
-159.692000	1.781290	620.478900
-159.640000	1.785671	621.002564
-159.588000	1.790070	621.527852
-159.536000	1.794476	622.054212
-159.484000	1.798901	622.582713
-159.432000	1.803332	623.111783
-159.380000	1.807781	623.643081
-159.328000	1.812234	624.174364
-159.276000	1.816712	624.709297
-159.224000	1.821192	625.243857
-159.172000	1.825696	625.782106
-159.120000	1.830203	626.319767
-159.068000	1.834735	626.861529
-159.016000	1.839271	627.402763
-158.964000	1.843825	627.946943
-158.912000	1.848385	628.491023
-158.860000	1.852966	629.038684
-158.808000	1.857555	629.586374
-158.756000	1.862161	630.137022
-158.704000	1.866778	630.688123
-158.652000	1.871411	631.242340
-158.600000	1.876056	631.796959
-158.548000	1.880714	632.354106
-158.496000	1.885386	632.912355
-158.444000	1.890072	633.472932
-158.392000	1.894774	634.035160
-158.340000	1.899487	634.599189
-158.288000	1.904216	635.165061
-158.236000	1.908954	635.732042
-158.184000	1.913712	636.301765
-158.132000	1.918477	636.872244
-158.080000	1.923262	637.445572
-158.028000	1.928052	638.019052
-157.976000	1.932869	638.596830
-157.924000	1.937689	639.174377
-157.872000	1.942533	639.755764
-157.820000	1.947379	640.336737
-157.768000	1.952253	640.922394
-157.716000	1.957131	641.507777
-157.664000	1.962030	642.096630
-157.612000	1.966936	642.685703
-157.560000	1.971865	643.278818
-157.508000	1.976802	643.872340
-157.456000	1.981758	644.469222
-157.404000	1.986725	645.066801
-157.352000	1.991709	645.667519
-157.300000	1.996706	646.269379
-157.248000	2.001720	646.874338
-157.196000	2.006749	647.480681
-157.144000	2.011790	648.089357
-157.092000	2.016848	648.699949
-157.040000	2.021917	649.312369
-156.988000	2.027006	649.927588
-156.936000	2.032105	650.544295
-156.884000	2.037224	651.163971
-156.832000	2.042351	651.784473
-156.780000	2.047502	652.408901
-156.728000	2.052658	653.033743
-156.676000	2.057842	653.663071
-156.624000	2.063028	654.292281
-156.572000	2.068245	654.926528
-156.520000	2.073463	655.560495
-156.468000	2.078707	656.198758
-156.416000	2.083956	656.837179
-156.364000	2.089232	657.480486
-156.312000	2.094515	658.124121
-156.260000	2.099819	658.771445
-156.208000	2.105133	659.419744
-156.156000	2.110470	660.072174
-156.104000	2.115817	660.725568
-156.052000	2.121182	661.382108
-156.000000	2.126561	662.040330
-155.948000	2.131958	662.701933
-155.896000	2.137371	663.365500
-155.844000	2.142798	664.031656
-155.792000	2.148246	664.700642
-155.740000	2.153706	665.371893
-155.688000	2.159186	666.046205
-155.636000	2.164677	666.722060
-155.584000	2.170190	667.401518
-155.532000	2.175710	668.082001
-155.480000	2.181258	668.767067
-155.428000	2.186811	669.452727
-155.376000	2.192392	670.143065
-155.324000	2.197975	670.833406
-155.272000	2.203594	671.530002
-155.220000	2.209215	672.226527
-155.168000	2.214864	672.927930
-155.116000	2.220518	673.629710
-155.064000	2.226199	674.336452
-155.012000	2.231889	675.044001
-154.960000	2.237603	675.756105
-154.908000	2.243328	676.469446
-154.856000	2.249075	677.186947
-154.804000	2.254835	677.906094
-154.752000	2.260615	678.629046
-154.700000	2.266411	679.353993
-154.648000	2.272224	680.082318
-154.596000	2.278055	680.813194
-154.544000	2.283901	681.546910
-154.492000	2.289769	682.284067
-154.440000	2.295650	683.023723
-154.388000	2.301554	683.767064
-154.336000	2.307469	684.512168
-154.284000	2.313410	685.261915
-154.232000	2.319360	686.013009
-154.180000	2.325338	686.768905
-154.128000	2.331321	687.525498
-154.076000	2.337337	688.287928
-154.024000	2.343355	689.050578
-153.972000	2.349409	689.819633
-153.920000	2.355466	690.588838
-153.868000	2.361552	691.363504
-153.816000	2.367645	692.138932
-153.764000	2.373770	692.920277
-153.712000	2.379903	693.702674
-153.660000	2.386061	694.489675
-153.608000	2.392231	695.278508
-153.556000	2.398427	696.072252
-153.504000	2.404636	696.867930
-153.452000	2.410865	697.667415
-153.400000	2.417112	698.469698
-153.348000	2.423379	699.275912
-153.296000	2.429666	700.085268
-153.244000	2.435969	700.897716
-153.192000	2.442294	701.713889
-153.140000	2.448633	702.532595
-153.088000	2.454998	703.355968
-153.036000	2.461375	704.181476
-152.984000	2.467782	705.012274
-152.932000	2.474197	705.844615
-152.880000	2.480642	706.682414
-152.828000	2.487093	707.521089
-152.776000	2.493579	708.366277
-152.724000	2.500069	709.211875
-152.672000	2.506596	710.064511
-152.620000	2.513127	710.917581
-152.568000	2.519692	711.777162
-152.516000	2.526264	712.637646
-152.464000	2.532865	713.503671
-152.412000	2.539476	714.371362
-152.360000	2.546119	715.244902
-152.308000	2.552773	716.120540
-152.256000	2.559454	717.001105
-152.204000	2.566150	717.884295
-152.152000	2.572869	718.771929
-152.100000	2.579607	719.662925
-152.048000	2.586367	720.558118
-151.996000	2.593148	721.457032
-151.944000	2.599946	722.359281
-151.892000	2.606770	723.266179
-151.840000	2.613610	724.176035
-151.788000	2.620476	725.090812
-151.736000	2.627354	726.007778
-151.684000	2.634265	726.931072
-151.632000	2.641187	727.856214
-151.580000	2.648141	728.787462
-151.528000	2.655101	729.719756
-151.476000	2.662097	730.658748
-151.424000	2.669095	731.598306
-151.372000	2.676137	732.546036
-151.320000	2.683183	733.494488
-151.268000	2.690269	734.450480
-151.216000	2.697361	735.407675
-151.164000	2.704485	736.370909
-151.112000	2.711620	737.336172
-151.060000	2.718787	738.307711
-151.008000	2.725968	739.281770
-150.956000	2.733177	740.261129
-150.904000	2.740402	741.243594
-150.852000	2.747652	742.230808
-150.800000	2.754924	743.222179
-150.748000	2.762221	744.218279
-150.696000	2.769540	745.218666
-150.644000	2.776877	746.222634
-150.592000	2.784241	747.231508
-150.540000	2.791619	748.243365
-150.488000	2.799031	749.261481
-150.436000	2.806456	750.282293
-150.384000	2.813915	751.309650
-150.332000	2.821384	752.338916
-150.280000	2.828891	753.375380
-150.228000	2.836403	754.413122
-150.176000	2.843957	755.458710
-150.124000	2.851514	756.505075
-150.072000	2.859117	757.560212
-150.020000	2.866724	758.616258
-149.968000	2.874371	759.679910
-149.916000	2.882025	760.745142
-149.864000	2.889716	761.817326
-149.812000	2.897418	762.891891
-149.760000	2.905155	763.973153
-149.708000	2.912907	765.057511
-149.656000	2.920691	766.147883
-149.604000	2.928493	767.242035
-149.552000	2.936323	768.341550
-149.500000	2.944176	769.445501
-149.448000	2.952052	770.554165
-149.396000	2.959955	771.667948
-149.344000	2.967878	772.785780
-149.292000	2.975831	773.909411
-149.240000	2.983800	775.036429
-149.188000	2.991805	776.170296
-149.136000	2.999824	777.307048
-149.084000	3.007880	778.450952
-149.032000	3.015945	779.596930
-148.980000	3.024053	780.751185
-148.928000	3.032168	781.906933
-148.876000	3.040327	783.071174
-148.824000	3.048489	784.236356
-148.772000	3.056700	785.410893
-148.720000	3.064915	786.586612
-148.668000	3.073175	787.770934
-148.616000	3.081443	788.957205
-148.564000	3.089752	790.151326
-148.512000	3.098074	791.348166
-148.460000	3.106432	792.552107
-148.408000	3.114807	793.759537
-148.356000	3.123214	794.973328
-148.304000	3.131643	796.191555
-148.252000	3.140103	797.415750
-148.200000	3.148586	798.644882
-148.148000	3.157095	799.878980
-148.096000	3.165631	801.118718
-148.044000	3.174190	802.362730
-147.992000	3.182783	803.613753
-147.940000	3.191396	804.868746
-147.888000	3.200044	806.130784
-147.836000	3.208706	807.395730
-147.784000	3.217409	808.668833
-147.732000	3.226123	809.944272
-147.680000	3.234885	811.229056
-147.628000	3.243654	812.515524
-147.576000	3.252469	813.811121
-147.524000	3.261289	815.107822
-147.472000	3.270162	816.414949
-147.420000	3.279040	817.723471
-147.368000	3.287965	819.041101
-147.316000	3.296899	820.361039
-147.264000	3.305879	821.689708
-147.212000	3.314872	823.021548
-147.160000	3.323907	824.361267
-147.108000	3.332958	825.704850
-147.056000	3.342045	827.055134
-147.004000	3.351155	828.410496
-146.952000	3.360299	829.772414
-146.900000	3.369469	831.139997
-146.848000	3.378668	832.513061
-146.796000	3.387896	833.892262
-146.744000	3.397146	835.275958
-146.692000	3.406434	836.667188
-146.640000	3.415742	838.062578
-146.588000	3.425091	839.466310
-146.536000	3.434457	840.873408
-146.484000	3.443866	842.289237
-146.432000	3.453286	843.707535
-146.380000	3.462756	845.135781
-146.328000	3.472234	846.565816
-146.276000	3.481766	848.006596
-146.224000	3.491303	849.448670
-146.172000	3.500896	850.901709
-146.120000	3.510495	852.356397
-146.068000	3.520145	853.821145
-146.016000	3.529806	855.288550
-145.964000	3.539516	856.765547
-145.912000	3.549241	858.245884
-145.860000	3.559006	859.734090
-145.808000	3.568792	861.227038
-145.756000	3.578620	862.728054
-145.704000	3.588472	864.234339
-145.652000	3.598358	865.747150
-145.600000	3.608273	867.266328
-145.548000	3.618218	868.791490
-145.496000	3.628198	870.323855
-145.444000	3.638204	871.861378
-145.392000	3.648249	873.406941
-145.340000	3.658315	874.956842
-145.288000	3.668425	876.515613
-145.236000	3.678551	878.077897
-145.184000	3.688728	879.650303
-145.132000	3.698917	881.225509
-145.080000	3.709162	882.811706
-145.028000	3.719414	884.399843
-144.976000	3.729724	885.999342
-144.924000	3.740038	887.600269
-144.872000	3.750414	889.213184
-144.820000	3.760796	890.827936
-144.768000	3.771232	892.453217
-144.716000	3.781680	894.081587
-144.664000	3.792184	895.720815
-144.612000	3.802704	897.363805
-144.560000	3.813268	899.015416
-144.508000	3.823855	900.672108
-144.456000	3.834485	902.337179
-144.404000	3.845141	904.008119
-144.352000	3.855834	905.686158
-144.300000	3.866561	907.371504
-144.248000	3.877322	909.063591
-144.196000	3.888119	910.763336
-144.144000	3.898944	912.468440
-144.092000	3.909811	914.182402
-144.040000	3.920701	915.901050
-143.988000	3.931638	917.629461
-143.936000	3.942594	919.361665
-143.884000	3.953605	921.104953
-143.832000	3.964629	922.851243
-143.780000	3.975711	924.609099
-143.728000	3.986800	926.368962
-143.676000	3.997958	928.142289
-143.624000	4.009121	929.917195
-143.572000	4.020345	931.704087
-143.520000	4.031577	933.493168
-143.468000	4.042872	935.294620
-143.416000	4.054180	937.099291
-143.364000	4.065544	938.914791
-143.312000	4.076926	940.734738
-143.260000	4.088361	942.564812
-143.208000	4.099819	944.400286
-143.156000	4.111322	946.244442
-143.104000	4.122854	948.095049
-143.052000	4.134425	949.953316
-143.000000	4.146032	951.819295
-142.948000	4.157675	953.692235
-142.896000	4.169360	955.574166
-142.844000	4.181076	957.462311
-142.792000	4.192838	959.359778
-142.740000	4.204623	961.262085
-142.688000	4.216462	963.175414
-142.636000	4.228320	965.092938
-142.584000	4.240237	967.022077
-142.532000	4.252167	968.954301
-142.480000	4.264162	970.899577
-142.428000	4.276166	972.847030
-142.376000	4.288241	974.808549
-142.324000	4.300322	976.771789
-142.272000	4.312473	978.749002
-142.220000	4.324634	980.728571
-142.168000	4.336859	982.720947
-142.116000	4.349099	984.716853
-142.064000	4.361398	986.724396
-142.012000	4.373719	988.736787
-141.960000	4.386095	990.760023
-141.908000	4.398498	992.789323
-141.856000	4.410950	994.828278
-141.804000	4.423434	996.874252
-141.752000	4.435961	998.928439
-141.700000	4.448526	1000.990984
-141.648000	4.461130	1003.060963
-141.596000	4.473779	1005.140653
-141.544000	4.486461	1007.226949
-141.492000	4.499194	1009.323705
-141.440000	4.511954	1011.425805
-141.388000	4.524771	1013.539795
-141.336000	4.537610	1015.658218
-141.284000	4.550511	1017.789201
-141.232000	4.563426	1019.923437
-141.180000	4.576414	1022.072207
-141.128000	4.589412	1024.223300
-141.076000	4.602483	1026.389047
-141.024000	4.615561	1028.556636
-140.972000	4.628717	1030.739662
-140.920000	4.641882	1032.925266
-140.868000	4.655118	1035.124551
-140.816000	4.668370	1037.327776
-140.764000	4.681687	1039.543847
-140.712000	4.695027	1041.765158
-140.660000	4.708427	1043.998020
-140.608000	4.721856	1046.237418
-140.556000	4.735337	1048.487090
-140.504000	4.748856	1050.744785
-140.452000	4.762422	1053.011830
-140.400000	4.776029	1055.287598
-140.348000	4.789675	1057.571005
-140.296000	4.803372	1059.865137
-140.244000	4.817106	1062.166475
-140.192000	4.830894	1064.479056
-140.140000	4.844709	1066.797287
-140.088000	4.858588	1069.128269
-140.036000	4.872488	1071.463911
-139.984000	4.886460	1073.813901
-139.932000	4.900448	1076.167487
-139.880000	4.914512	1078.536156
-139.828000	4.928585	1080.907160
-139.776000	4.942741	1083.294413
-139.724000	4.956903	1085.683653
-139.672000	4.971151	1088.089774
-139.620000	4.985409	1090.498690
-139.568000	4.999742	1092.922146
-139.516000	5.014094	1095.349949
-139.464000	5.028517	1097.791788
-139.412000	5.042965	1100.239249
-139.360000	5.057475	1102.698955
-139.308000	5.072018	1105.165662
-139.256000	5.086616	1107.643250
-139.204000	5.101255	1110.129635
-139.152000	5.115946	1112.626192
-139.100000	5.130683	1115.132356
-139.048000	5.145462	1117.646869
-138.996000	5.160295	1120.172809
-138.944000	5.175168	1122.706325
-138.892000	5.190100	1125.252204
-138.840000	5.205062	1127.804198
-138.788000	5.220094	1130.370190
-138.736000	5.235149	1132.941190
-138.684000	5.250290	1135.529186
-138.632000	5.265449	1138.121283
-138.580000	5.280661	1140.723848
-138.528000	5.295878	1143.328153
-138.476000	5.311228	1145.958459
-138.424000	5.326586	1148.590943
-138.372000	5.342022	1151.238746
-138.320000	5.357468	1153.889356
-138.268000	5.372986	1156.553988
-138.216000	5.388527	1159.223803
-138.164000	5.404154	1161.910491
-138.112000	5.419805	1164.602585
-138.060000	5.435515	1167.306100
-138.008000	5.451264	1170.018206
-137.956000	5.467083	1172.743796
-137.904000	5.482938	1175.477354
-137.852000	5.498839	1178.219834
-137.800000	5.514797	1180.974149
-137.748000	5.530807	1183.738774
-137.696000	5.546867	1186.513664
-137.644000	5.562959	1189.295204
-137.592000	5.579144	1192.095132
-137.540000	5.595373	1194.904045
-137.488000	5.611644	1197.721565
-137.436000	5.627928	1200.542168
-137.384000	5.644325	1203.385016
-137.332000	5.660747	1206.232989
-137.280000	5.677242	1209.095716
-137.228000	5.693745	1211.960605
-137.176000	5.710356	1214.846483
-137.124000	5.726973	1217.734386
-137.072000	5.743668	1220.637542
-137.020000	5.760381	1223.544961
-136.968000	5.777213	1226.475395
-136.916000	5.794062	1229.410002
-136.864000	5.810975	1232.357262
-136.812000	5.827921	1235.311495
-136.760000	5.844944	1238.280806
-136.708000	5.862007	1241.258791
-136.656000	5.879140	1244.250171
-136.604000	5.896309	1247.249581
-136.552000	5.913524	1250.257847
-136.500000	5.930810	1253.280739
-136.448000	5.948162	1256.316370
-136.396000	5.965562	1259.362320
-136.344000	5.982996	1262.414857
-136.292000	6.000522	1265.485879
-136.240000	6.018093	1268.565779
-136.188000	6.035725	1271.658243
-136.136000	6.053378	1274.755049
-136.084000	6.071121	1277.869869
-136.032000	6.088884	1280.988803
-135.980000	6.106770	1284.132012
-135.928000	6.124669	1287.278302
-135.876000	6.142649	1290.440525
-135.824000	6.160636	1293.604967
-135.772000	6.178727	1296.789501
-135.720000	6.196837	1299.978400
-135.668000	6.215064	1303.190200
-135.616000	6.233309	1306.406229
-135.564000	6.251619	1309.634837
-135.512000	6.269968	1312.872019
-135.460000	6.288415	1316.127892
-135.408000	6.306892	1319.390583
-135.356000	6.325420	1322.663276
-135.304000	6.344010	1325.948716
-135.252000	6.362675	1329.248737
-135.200000	6.381398	1332.560735
-135.148000	6.400173	1335.882871
-135.096000	6.419030	1339.221649
-135.044000	6.437942	1342.571124
-134.992000	6.456909	1345.932088
-134.940000	6.475903	1349.298449
-134.888000	6.495000	1352.685315
-134.836000	6.514131	1356.079013
-134.784000	6.533353	1359.490796
-134.732000	6.552593	1362.906599
-134.680000	6.571957	1366.346769
-134.628000	6.591334	1369.789903
-134.576000	6.610793	1373.249021
-134.524000	6.630262	1376.711038
-134.472000	6.649885	1380.202832
-134.420000	6.669520	1383.697610
-134.368000	6.689226	1387.206188
-134.316000	6.708961	1390.721329
-134.264000	6.728803	1394.257146
-134.212000	6.748678	1397.800083
-134.160000	6.768630	1401.357912
-134.108000	6.788633	1404.926503
-134.056000	6.808721	1408.511580
-134.004000	6.828871	1412.109489
-133.952000	6.849097	1415.721866
-133.900000	6.869380	1419.346277
-133.848000	6.889715	1422.980738
-133.796000	6.910116	1426.628763
-133.744000	6.930561	1430.285308
-133.692000	6.951098	1433.960509
-133.640000	6.971679	1437.644360
-133.588000	6.992365	1441.348801
-133.536000	7.013083	1445.059957
-133.484000	7.033892	1448.789262
-133.432000	7.054720	1452.522490
-133.380000	7.075672	1456.280176
-133.328000	7.096637	1460.040703
-133.276000	7.117710	1463.822440
-133.224000	7.138795	1467.607172
-133.172000	7.160033	1471.421534
-133.120000	7.181287	1475.239687
-133.068000	7.202634	1479.076028
-133.016000	7.224006	1482.917855
-132.964000	7.245463	1486.776175
-132.912000	7.266970	1490.644811
-132.860000	7.288591	1494.535562
-132.808000	7.310253	1498.435184
-132.756000	7.331984	1502.347922
-132.704000	7.353789	1506.275947
-132.652000	7.375684	1510.221180
-132.600000	7.397638	1514.178499
-132.548000	7.419642	1518.145778
-132.496000	7.441730	1522.129856
-132.444000	7.463871	1526.124405
-132.392000	7.486106	1530.137690
-132.340000	7.508384	1534.159509
-132.288000	7.530767	1538.201996
-132.236000	7.553182	1542.251079
-132.184000	7.575689	1546.318373
-132.132000	7.598213	1550.389490
-132.080000	7.620888	1554.489944
-132.028000	7.643577	1558.593542
-131.976000	7.666402	1562.723620
-131.924000	7.689237	1566.856365
-131.872000	7.712199	1571.013744
-131.820000	7.735182	1575.175759
-131.768000	7.758281	1579.360304
-131.716000	7.781411	1583.551581
-131.664000	7.804647	1587.763293
-131.612000	7.827933	1591.985423
-131.560000	7.851333	1596.229527
-131.508000	7.874775	1600.482555
-131.456000	7.898285	1604.748607
-131.404000	7.921870	1609.030040
-131.352000	7.945544	1613.328546
-131.300000	7.969291	1617.641987
-131.248000	7.993102	1621.967724
-131.196000	8.016997	1626.310331
-131.144000	8.040944	1630.663295
-131.092000	8.065005	1635.038675
-131.040000	8.089117	1639.424089
-130.988000	8.113334	1643.830250
-130.936000	8.137582	1648.242885
-130.884000	8.161947	1652.678205
-130.832000	8.186332	1657.118056
-130.780000	8.210844	1661.582530
-130.728000	8.235366	1666.049591
-130.676000	8.260052	1670.548440
-130.624000	8.284751	1675.050336
-130.572000	8.309602	1679.581565
-130.520000	8.334470	1684.116710
-130.468000	8.359430	1688.669838
-130.416000	8.384434	1693.232192
-130.364000	8.409586	1697.822897
-130.312000	8.434780	1702.422505
-130.260000	8.460069	1707.040333
-130.208000	8.485410	1711.669147
-130.156000	8.510836	1716.314105
-130.104000	8.536337	1720.974534
-130.052000	8.561927	1725.651900
-130.000000	8.587605	1730.347089
-129.948000	8.613359	1735.056869
-129.896000	8.639198	1739.783588
-129.844000	8.665088	1744.520547
-129.792000	8.691093	1749.280016
-129.740000	8.717148	1754.049377
-129.688000	8.743309	1758.839561
-129.636000	8.769501	1763.636097
-129.584000	8.795855	1768.464268
-129.532000	8.822238	1773.298423
-129.480000	8.848748	1778.157284
-129.428000	8.875269	1783.018712
-129.376000	8.901954	1787.911818
-129.324000	8.928649	1792.807633
-129.272000	8.955470	1797.727822
-129.220000	8.982322	1802.654461
-129.168000	9.009335	1807.612185
-129.116000	9.036380	1812.576798
-129.064000	9.063530	1817.561598
-129.012000	9.090739	1822.558642
-128.960000	9.118081	1827.580975
-128.908000	9.145475	1832.614365
-128.856000	9.172953	1837.663782
-128.804000	9.200508	1842.728759
-128.752000	9.228150	1847.810541
-128.700000	9.255882	1852.910229
-128.648000	9.283689	1858.024370
-128.596000	9.311614	1863.162015
-128.544000	9.339612	1868.313742
-128.492000	9.367706	1873.484420
-128.440000	9.395841	1878.663273
-128.388000	9.424104	1883.867077
-128.336000	9.452403	1889.078278
-128.284000	9.480865	1894.321241
-128.232000	9.509356	1899.570017
-128.180000	9.537974	1904.843577
-128.128000	9.566603	1910.119741
-128.076000	9.595423	1915.432616
-128.024000	9.624256	1920.748727
-127.972000	9.653239	1926.093866
-127.920000	9.682249	1931.444731
-127.868000	9.711397	1936.822133
-127.816000	9.740584	1942.207750
-127.764000	9.769895	1947.617407
-127.712000	9.799268	1953.039423
-127.660000	9.828771	1958.486568
-127.608000	9.858339	1963.946896
-127.556000	9.888007	1969.426305
-127.504000	9.917765	1974.923817
-127.452000	9.947624	1980.440766
-127.400000	9.977558	1985.972841
-127.348000	10.007554	1991.516875
-127.296000	10.037670	1997.084522
-127.244000	10.067858	2002.666090
-127.192000	10.098180	2008.274025
-127.140000	10.128559	2013.893122
-127.088000	10.159067	2019.537264
-127.036000	10.189610	2025.188656
-126.984000	10.220318	2030.871930
-126.932000	10.251053	2036.560845
-126.880000	10.281941	2042.279513
-126.828000	10.312843	2048.001087
-126.776000	10.343906	2053.754028
-126.724000	10.374989	2059.511241
-126.672000	10.406271	2065.306854
-126.620000	10.437576	2071.107424
-126.568000	10.468996	2076.930021
-126.516000	10.500468	2082.763475
-126.464000	10.532106	2088.628739
-126.412000	10.563797	2094.504800
-126.360000	10.595600	2100.402275
-126.308000	10.627478	2106.315101
-126.256000	10.659472	2112.250023
-126.204000	10.691544	2118.200665
-126.152000	10.723702	2124.167847
-126.100000	10.755966	2130.155995
-126.048000	10.788316	2136.160666
-125.996000	10.820786	2142.189059
-125.944000	10.853328	2148.231210
-125.892000	10.886005	2154.299844
-125.840000	10.918738	2160.379477
-125.788000	10.951621	2166.488348
-125.736000	10.984545	2172.605452
-125.684000	11.017635	2178.754559
-125.632000	11.050751	2184.909135
-125.580000	11.084021	2191.093564
-125.528000	11.117304	2197.280959
-125.476000	11.150776	2203.504711
-125.424000	11.184268	2209.732881
-125.372000	11.217959	2215.999260
-125.320000	11.251678	2222.271566
-125.268000	11.285533	2228.570108
-125.216000	11.319436	2234.878354
-125.164000	11.353482	2241.214287
-125.112000	11.387600	2247.564506
-125.060000	11.421866	2253.943055
-125.008000	11.456197	2260.334965
-124.956000	11.490627	2266.745691
-124.904000	11.525162	2273.177232
-124.852000	11.559810	2279.630625
-124.800000	11.594551	2286.102178
-124.748000	11.629363	2292.587778
-124.696000	11.664315	2299.100525
-124.644000	11.699347	2305.628786
-124.592000	11.734515	2312.183642
-124.540000	11.769739	2318.749329
-124.488000	11.805113	2325.344374
-124.436000	11.840528	2331.947484
-124.384000	11.876133	2338.587243
-124.332000	11.911767	2345.233000
-124.280000	11.947556	2351.908714
-124.228000	11.983358	2358.587497
-124.176000	12.019375	2365.307586
-124.124000	12.055411	2372.031732
-124.072000	12.091620	2378.789170
-124.020000	12.127867	2385.554459
-123.968000	12.164295	2392.354474
-123.916000	12.200771	2399.164310
-123.864000	12.237390	2406.001666
-123.812000	12.274072	2412.851724
-123.760000	12.310883	2419.726426
-123.708000	12.347783	2426.618824
-123.656000	12.384813	2433.536106
-123.604000	12.421935	2440.471804
-123.552000	12.459156	2447.426480
-123.500000	12.496485	2454.402334
-123.448000	12.533898	2461.394394
-123.396000	12.571451	2468.413734
-123.344000	12.609083	2475.448404
-123.292000	12.646871	2482.513524
-123.240000	12.684722	2489.590799
-123.188000	12.722725	2496.697552
-123.136000	12.760767	2503.812199
-123.084000	12.799000	2510.963639
-123.032000	12.837262	2518.120884
-122.980000	12.875704	2525.313144
-122.928000	12.914163	2532.508770
-122.876000	12.952835	2539.745504
-122.824000	12.991526	2546.986420
-122.772000	13.030389	2554.260459
-122.720000	13.069292	2561.542494
-122.668000	13.108374	2568.859059
-122.616000	13.147513	2576.186904
-122.564000	13.186814	2583.545996
-122.512000	13.226189	2590.919647
-122.460000	13.265709	2598.321265
-122.408000	13.305308	2605.738568
-122.356000	13.345020	2613.177501
-122.304000	13.384839	2620.637502
-122.252000	13.424770	2628.119002
-122.200000	13.464809	2635.621791
-122.148000	13.504931	2643.140630
-122.096000	13.545212	2650.690239
-122.044000	13.585581	2658.256864
-121.992000	13.626087	2665.850318
-121.940000	13.666648	2673.454274
-121.888000	13.707382	2681.091993
-121.836000	13.748162	2688.738503
-121.784000	13.789132	2696.421949
-121.732000	13.830131	2704.111007
-121.680000	13.871337	2711.840180
-121.628000	13.912560	2719.572976
-121.576000	13.953997	2727.346678
-121.524000	13.995453	2735.124689
-121.472000	14.037081	2742.935655
-121.420000	14.078754	2750.755719
-121.368000	14.120628	2758.614395
-121.316000	14.162552	2766.483132
-121.264000	14.204617	2774.379061
-121.212000	14.246766	2782.291454
-121.160000	14.289078	2790.235098
-121.108000	14.331469	2798.194540
-121.056000	14.373973	2806.175452
-121.004000	14.416584	2814.177562
-120.952000	14.459306	2822.200995
-120.900000	14.502169	2830.251779
-120.848000	14.545138	2838.322958
-120.796000	14.588231	2846.418311
-120.744000	14.631391	2854.526779
-120.692000	14.674730	2862.669758
-120.640000	14.718136	2870.825963
-120.588000	14.761696	2879.011888
-120.536000	14.805295	2887.205374
-120.484000	14.849109	2895.440534
-120.432000	14.892954	2903.681749
-120.380000	14.937008	2911.963228
-120.328000	14.981078	2920.248307
-120.276000	15.025361	2928.574104
-120.224000	15.069667	2936.904911
-120.172000	15.114169	2945.273151
-120.120000	15.158711	2953.649679
-120.068000	15.203432	2962.060361
-120.016000	15.248210	2970.482606
-119.964000	15.293149	2978.935729
-119.912000	15.338163	2987.403690
-119.860000	15.383322	2995.899256
-119.808000	15.428583	3004.415113
-119.756000	15.473988	3012.958361
-119.704000	15.519501	3021.522941
-119.652000	15.565124	3030.108668
-119.600000	15.610858	3038.715908
-119.548000	15.656673	3047.338880
-119.496000	15.702666	3055.996343
-119.444000	15.748755	3064.672239
-119.392000	15.794983	3073.375202
-119.340000	15.841264	3082.088338
-119.288000	15.887742	3090.839735
-119.236000	15.934269	3099.600564
-119.184000	15.980965	3108.394012
-119.132000	16.027683	3117.192072
-119.080000	16.074638	3126.035563
-119.028000	16.121611	3134.883037
-118.976000	16.168822	3143.776065
-118.924000	16.216055	3152.673657
-118.872000	16.263458	3161.603867
-118.820000	16.310907	3170.543510
-118.768000	16.358556	3179.521348
-118.716000	16.406264	3188.510894
-118.664000	16.454132	3197.531130
-118.612000	16.502085	3206.568154
-118.560000	16.550199	3215.636019
-118.508000	16.598394	3224.719914
-118.456000	16.646699	3233.824970
-118.404000	16.695128	3242.954107
-118.352000	16.743680	3252.106827
-118.300000	16.792375	3261.287213
-118.248000	16.841173	3270.487590
-118.196000	16.890097	3279.712376
-118.144000	16.939087	3288.949953
-118.092000	16.988257	3298.222370
-118.040000	17.037493	3307.507599
-117.988000	17.086906	3316.827026
-117.936000	17.136362	3326.154678
-117.884000	17.186035	3335.524347
-117.832000	17.235737	3344.899645
-117.780000	17.285623	3354.310470
-117.728000	17.335526	3363.724877
-117.676000	17.385665	3373.184629
-117.624000	17.435834	3382.650311
-117.572000	17.486219	3392.157656
-117.520000	17.536643	3401.672563
-117.468000	17.587220	3411.217047
-117.416000	17.637864	3420.774809
-117.364000	17.688688	3430.366881
-117.312000	17.739588	3439.974076
-117.260000	17.790631	3449.608511
-117.208000	17.841778	3459.263561
-117.156000	17.893067	3468.945605
-117.104000	17.944467	3478.649251
-117.052000	17.995974	3488.373689
-117.000000	18.047610	3498.122914
-116.948000	18.099336	3507.889742
-116.896000	18.151207	3517.684543
-116.844000	18.203153	3527.493759
-116.792000	18.255280	3537.337983
-116.740000	18.307472	3547.194813
-116.688000	18.359820	3557.081736
-116.636000	18.412204	3566.975719
-116.584000	18.464807	3576.911891
-116.532000	18.517437	3586.853479
-116.480000	18.570305	3596.840848
-116.428000	18.623190	3606.831688
-116.376000	18.676258	3616.857676
-116.324000	18.729356	3626.889769
-116.272000	18.782670	3636.963312
-116.220000	18.836028	3647.045588
-116.168000	18.889561	3657.161461
-116.116000	18.943154	3667.289335
-116.064000	18.996906	3677.447536
-116.012000	19.050746	3687.622854
-115.960000	19.104744	3697.828607
-115.908000	19.158825	3708.050629
-115.856000	19.213015	3718.293501
-115.804000	19.267330	3728.560771
-115.752000	19.321767	3738.851224
-115.700000	19.376331	3749.166607
-115.648000	19.430986	3759.499415
-115.596000	19.485787	3769.860340
-115.544000	19.540661	3780.235498
-115.492000	19.595697	3790.641962
-115.440000	19.650790	3801.059466
-115.388000	19.706062	3811.511469
-115.336000	19.761374	3821.971319
-115.284000	19.816882	3832.468854
-115.232000	19.872413	3842.971043
-115.180000	19.928157	3853.514110
-115.128000	19.983918	3864.060699
-115.076000	20.039887	3874.647236
-115.024000	20.095883	3885.239390
-114.972000	20.152071	3895.868219
-114.920000	20.208309	3906.506997
-114.868000	20.264744	3917.183351
-114.816000	20.321232	3927.870384
-114.764000	20.377857	3938.583801
-114.712000	20.434562	3949.312631
-114.660000	20.491406	3960.068342
-114.608000	20.548346	3970.842719
-114.556000	20.605410	3981.640741
-114.504000	20.662586	3992.460644
-114.452000	20.719868	4003.300986
-114.400000	20.777264	4014.163318
-114.348000	20.834738	4025.040752
-114.296000	20.892377	4035.949936
-114.244000	20.950097	4046.874909
-114.192000	21.007960	4057.827446
-114.140000	21.065873	4068.789503
-114.088000	21.123965	4079.786208
-114.036000	21.182096	4090.790574
-113.984000	21.240423	4101.832781
-113.932000	21.298773	4112.879452
-113.880000	21.357310	4123.962057
-113.828000	21.415864	4135.048041
-113.776000	21.474624	4146.173781
-113.724000	21.533413	4157.305293
-113.672000	21.592393	4168.473297
-113.620000	21.651412	4179.649249
-113.568000	21.710583	4190.854287
-113.516000	21.769817	4202.071624
-113.464000	21.829207	4213.318922
-113.412000	21.888666	4224.579886
-113.360000	21.948248	4235.864219
-113.308000	22.007925	4247.167363
-113.256000	22.067726	4258.493976
-113.204000	22.127626	4269.839910
-113.152000	22.187618	4281.203582
-113.100000	22.247740	4292.592471
-113.048000	22.307951	4303.998426
-112.996000	22.368291	4315.429283
-112.944000	22.428693	4326.872292
-112.892000	22.489239	4338.342994
-112.840000	22.549833	4349.823053
-112.788000	22.610586	4361.333595
-112.736000	22.671372	4372.850700
-112.684000	22.732355	4384.405804
-112.632000	22.793360	4395.965185
-112.580000	22.854553	4407.560631
-112.528000	22.915760	4419.159160
-112.476000	22.977148	4430.792333
-112.424000	23.038562	4442.430729
-112.372000	23.100141	4454.100908
-112.320000	23.161761	4465.779168
-112.268000	23.223532	4477.486352
-112.216000	23.285351	4489.202961
-112.164000	23.347286	4500.941918
-112.112000	23.409302	4512.696584
-112.060000	23.471456	4524.477777
-112.008000	23.533695	4536.275607
-111.956000	23.596041	4548.093819
-111.904000	23.658472	4559.928753
-111.852000	23.720982	4571.778766
-111.800000	23.783607	4583.651016
-111.748000	23.846309	4595.538053
-111.696000	23.909140	4607.450120
-111.644000	23.972033	4619.374177
-111.592000	24.035070	4631.326059
-111.540000	24.098155	4643.287139
-111.488000	24.161376	4655.274494
-111.436000	24.224625	4667.267362
-111.384000	24.288023	4679.288897
-111.332000	24.351436	4691.313552
-111.280000	24.415038	4703.374409
-111.228000	24.478653	4715.438011
-111.176000	24.542422	4727.531187
-111.124000	24.606217	4739.629721
-111.072000	24.670178	4751.759876
-111.020000	24.734174	4763.897114
-110.968000	24.798299	4776.059018
-110.916000	24.862472	4788.230455
-110.864000	24.926761	4800.424105
-110.812000	24.991111	4812.629737
-110.760000	25.055564	4824.855137
-110.708000	25.120091	4837.094960
-110.656000	25.184708	4849.352126
-110.604000	25.249412	4861.626119
-110.552000	25.314193	4873.915056
-110.500000	25.379074	4886.223208
-110.448000	25.444020	4898.543911
-110.396000	25.509059	4910.882667
-110.344000	25.574141	4923.229906
-110.292000	25.639369	4935.605100
-110.240000	25.704643	4947.989331
-110.188000	25.770032	4960.395590
-110.136000	25.835443	4972.806354
-110.084000	25.901003	4985.245900
-110.032000	25.966579	4997.688423
-109.980000	26.032289	5010.156950
-109.928000	26.098011	5022.627723
-109.876000	26.163860	5035.123045
-109.824000	26.229732	5047.623113
-109.772000	26.295745	5060.150157
-109.720000	26.361789	5072.683243
-109.668000	26.427939	5085.236781
-109.616000	26.494138	5097.799962
-109.564000	26.560452	5110.385225
-109.512000	26.626807	5122.978657
-109.460000	26.693231	5135.585186
-109.408000	26.759729	5148.206244
-109.356000	26.826317	5160.844512
-109.304000	26.892963	5173.494175
-109.252000	26.959660	5186.153731
-109.200000	27.026441	5198.829438
-109.148000	27.093275	5211.515504
-109.096000	27.160203	5224.219713
-109.044000	27.227174	5236.932291
-108.992000	27.294249	5249.664999
-108.940000	27.361357	5262.404083
-108.888000	27.428557	5275.160907
-108.836000	27.495774	5287.921271
-108.784000	27.563092	5300.700958
-108.732000	27.630419	5313.482597
-108.680000	27.697882	5326.290339
-108.628000	27.765355	5339.100313
-108.576000	27.832956	5351.934713
-108.524000	27.900568	5364.771663
-108.472000	27.968251	5377.622082
-108.420000	28.035958	5390.477460
-108.368000	28.103750	5403.349120
-108.316000	28.171584	5416.228958
-108.264000	28.239513	5429.127086
-108.212000	28.307473	5442.031470
-108.160000	28.375484	5454.945615
-108.108000	28.443545	5467.869628
-108.056000	28.511666	5480.805032
-108.004000	28.579845	5493.751896
-107.952000	28.648075	5506.708561
-107.900000	28.716355	5519.675081
-107.848000	28.784667	5532.647779
-107.796000	28.853055	5545.635110
-107.744000	28.921476	5558.629064
-107.692000	28.989961	5571.635240
-107.640000	29.058465	5584.645224
-107.588000	29.127061	5597.673014
-107.536000	29.195674	5610.704246
-107.484000	29.264337	5623.745262
-107.432000	29.333005	5636.787292
-107.380000	29.401783	5649.850310
-107.328000	29.470564	5662.914367
-107.276000	29.539396	5675.988212
-107.224000	29.608241	5689.064658
-107.172000	29.677155	5702.154497
-107.120000	29.746088	5715.248173
-107.068000	29.815085	5728.354004
-107.016000	29.884106	5741.464905
-106.964000	29.953185	5754.586730
-106.912000	30.022284	5767.712851
-106.860000	30.091417	5780.845438
-106.808000	30.160576	5793.983144
-106.756000	30.229764	5807.126515
-106.704000	30.298996	5820.278600
-106.652000	30.368266	5833.437980
-106.600000	30.437570	5846.604044
-106.548000	30.506895	5859.774203
-106.496000	30.576238	5872.948211
-106.444000	30.645591	5886.123923
-106.392000	30.715006	5899.311903
-106.340000	30.784440	5912.503616
-106.288000	30.853898	5925.699933
-106.236000	30.923359	5938.897195
-106.184000	30.992872	5952.104268
-106.132000	31.062388	5965.312313
-106.080000	31.131959	5978.530928
-106.028000	31.201532	5991.750142
-105.976000	31.271131	6004.974275
-105.924000	31.340734	6018.199433
-105.872000	31.410360	6031.429082
-105.820000	31.479992	6044.660182
-105.768000	31.549645	6057.895347
-105.716000	31.619315	6071.134008
-105.664000	31.689023	6084.379916
-105.612000	31.758731	6097.626096
-105.560000	31.828439	6110.872295
-105.508000	31.898160	6124.121207
-105.456000	31.967895	6137.372936
-105.404000	32.037645	6150.627760
-105.352000	32.107408	6163.885024
-105.300000	32.177171	6177.142522
-105.248000	32.246934	6190.400086
-105.196000	32.316696	6203.657862
-105.144000	32.386459	6216.915729
-105.092000	32.456243	6230.177825
-105.040000	32.526033	6243.441216
-104.988000	32.595823	6256.704770
-104.936000	32.665613	6269.968458
-104.884000	32.735378	6283.227436
-104.832000	32.805141	6296.486222
-104.780000	32.874931	6309.750322
-104.728000	32.944719	6323.014167
-104.676000	33.014481	6336.273312
-104.624000	33.084244	6349.532656
-104.572000	33.154007	6362.792068
-104.520000	33.223769	6376.051699
-104.468000	33.293532	6389.311380
-104.416000	33.363278	6402.568012
-104.364000	33.432986	6415.817506
-104.312000	33.502694	6429.067255
-104.260000	33.572402	6442.317019
-104.208000	33.642097	6455.564597
-104.156000	33.711777	6468.809419
-104.104000	33.781443	6482.051627
-104.052000	33.851096	6495.291501
-104.000000	33.920715	6508.525080
-103.948000	33.990314	6521.754785
-103.896000	34.059893	6534.981022
-103.844000	34.129464	6548.205777
-103.792000	34.199014	6561.426641
-103.740000	34.268558	6574.646449
-103.688000	34.338055	6587.857468
-103.636000	34.407544	6601.067096
-103.584000	34.476982	6614.267104
-103.532000	34.546416	6627.466450
-103.480000	34.615795	6640.655551
-103.428000	34.685170	6653.843911
-103.376000	34.754495	6667.022807
-103.324000	34.823811	6680.200174
-103.272000	34.893081	6693.368865
-103.220000	34.962331	6706.533979
-103.168000	35.031519	6719.687238
-103.116000	35.100690	6732.837391
-103.064000	35.169823	6745.980446
-103.012000	35.238924	6759.117533
-102.960000	35.307975	6772.245155
-102.908000	35.377000	6785.368079
-102.856000	35.445996	6798.485512
-102.804000	35.514933	6811.591663
-102.752000	35.583820	6824.688448
-102.700000	35.652655	6837.775598
-102.648000	35.721460	6850.856966
-102.596000	35.790226	6863.931146
-102.544000	35.858976	6877.002318
-102.492000	35.927619	6890.053211
-102.440000	35.996232	6903.098502
-102.388000	36.064799	6916.134951
-102.336000	36.133357	6929.170046
-102.284000	36.201787	6942.180784
-102.232000	36.270208	6955.189784
-102.180000	36.338548	6968.183412
-102.128000	36.406877	6981.175296
-102.076000	36.475107	6994.148249
-102.024000	36.543319	7007.117861
-101.972000	36.611439	7020.070138
-101.920000	36.679526	7033.016194
-101.868000	36.747510	7045.942564
-101.816000	36.815459	7058.862398
-101.764000	36.883333	7071.768093
-101.712000	36.951163	7084.665648
-101.660000	37.018928	7097.550666
-101.608000	37.086615	7110.420947
-101.556000	37.154215	7123.274846
-101.504000	37.221770	7136.120259
-101.452000	37.289289	7148.958722
-101.400000	37.356704	7161.777562
-101.348000	37.424058	7174.584905
-101.296000	37.491315	7187.373887
-101.244000	37.558533	7200.155334
-101.192000	37.625621	7212.912273
-101.140000	37.692674	7225.662598
-101.088000	37.759633	7238.394996
-101.036000	37.826577	7251.124649
-100.984000	37.893366	7263.824908
-100.932000	37.960142	7276.522873
-100.880000	38.026758	7289.190123
-100.828000	38.093358	7301.854539
-100.776000	38.159809	7314.490641
-100.724000	38.226231	7327.121503
-100.672000	38.292518	7339.726456
-100.620000	38.358771	7352.325067
-100.568000	38.424921	7364.904101
-100.516000	38.491009	7377.471372
-100.464000	38.556967	7390.014028
-100.412000	38.622848	7402.542108
-100.360000	38.688615	7415.048393
-100.308000	38.754303	7427.539795
-100.256000	38.819906	7440.014944
-100.204000	38.885416	7452.472767
-100.152000	38.950855	7464.916779
-100.100000	39.016154	7477.334375
-100.048000	39.081374	7489.736793
-99.996000	39.146476	7502.117003
-99.944000	39.211531	7514.488283
-99.892000	39.276414	7526.826651
-99.840000	39.341250	7539.156335
-99.788000	39.405944	7551.458926
-99.736000	39.470616	7563.757468
-99.684000	39.535081	7576.016598
-99.632000	39.599530	7588.272620
-99.580000	39.663764	7600.487824
-99.528000	39.727979	7612.699534
-99.476000	39.792022	7624.878349
-99.424000	39.856026	7637.049939
-99.372000	39.919850	7649.187221
-99.320000	39.983625	7661.315463
-99.268000	40.047257	7673.416427
-99.216000	40.110808	7685.502005
-99.164000	40.174193	7697.556123
-99.112000	40.237490	7709.593366
-99.060000	40.300657	7721.605869
-99.008000	40.363717	7733.598268
-98.956000	40.426665	7745.569168
-98.904000	40.489475	7757.513772
-98.852000	40.552176	7769.437833
-98.800000	40.614738	7781.335295
-98.748000	40.677220	7793.217751
-98.696000	40.739526	7805.066606
-98.644000	40.801763	7816.902222
-98.592000	40.863803	7828.700589
-98.540000	40.925793	7840.489368
-98.488000	40.987592	7852.241801
-98.436000	41.049363	7863.988965
-98.384000	41.110875	7875.686618
-98.332000	41.172366	7887.380485
-98.280000	41.233617	7899.028610
-98.228000	41.294842	7910.672001
-98.176000	41.355847	7922.273264
-98.124000	41.416807	7933.866174
-98.072000	41.477566	7945.420581
-98.020000	41.538254	7956.961665
-97.968000	41.598738	7968.463981
-97.916000	41.659131	7979.948951
-97.864000	41.719342	7991.399180
-97.812000	41.779441	8002.828036
-97.760000	41.839378	8014.226184
-97.708000	41.899195	8025.601479
-97.656000	41.958886	8036.952777
-97.604000	42.018422	8048.274607
-97.552000	42.077839	8059.573828
-97.500000	42.137063	8070.836160
-97.448000	42.196179	8082.078075
-97.396000	42.255098	8093.282413
-97.344000	42.313940	8104.472247
-97.292000	42.372564	8115.620451
-97.240000	42.431133	8126.758207
-97.188000	42.489439	8137.845698
-97.136000	42.547706	8148.926142
-97.084000	42.605714	8159.956848
-97.032000	42.663699	8170.983465
-96.980000	42.721392	8181.954393
-96.928000	42.779055	8192.919820
-96.876000	42.836475	8203.838648
-96.824000	42.893834	8214.746019
-96.772000	42.950925	8225.602290
-96.720000	43.007944	8236.445012
-96.668000	43.064761	8247.249182
-96.616000	43.121467	8258.032231
-96.564000	43.177956	8268.773847
-96.512000	43.234331	8279.493859
-96.460000	43.290546	8290.183376
-96.408000	43.346599	8300.842089
-96.356000	43.402486	8311.469063
-96.304000	43.458185	8322.060370
-96.252000	43.513744	8332.624799
-96.200000	43.569107	8343.152087
-96.148000	43.624364	8353.659194
-96.096000	43.679403	8364.124705
-96.044000	43.734359	8374.574493
-95.992000	43.789052	8384.974029
-95.940000	43.843680	8395.361265
-95.888000	43.898019	8405.693391
-95.836000	43.952318	8416.018078
-95.784000	44.006303	8426.282794
-95.732000	44.060264	8436.542947
-95.680000	44.113934	8446.747642
-95.628000	44.167564	8456.944858
-95.576000	44.220878	8467.081759
-95.524000	44.274130	8477.206933
-95.472000	44.327116	8487.281265
-95.420000	44.380014	8497.339037
-95.368000	44.432672	8507.350801
-95.316000	44.485216	8517.341172
-95.264000	44.537545	8527.290367
-95.212000	44.589736	8537.213332
-95.160000	44.641736	8547.099963
-95.108000	44.693559	8556.952912
-95.056000	44.745204	8566.771759
-95.004000	44.796660	8576.554666
-94.952000	44.847976	8586.310953
-94.900000	44.899060	8596.023030
-94.848000	44.950021	8605.711531
-94.796000	45.000721	8615.350557
-94.744000	45.051326	8624.971268
-94.692000	45.101666	8634.541460
-94.640000	45.151942	8644.099611
-94.588000	45.201904	8653.597757
-94.536000	45.251824	8663.088113
-94.484000	45.301429	8672.518231
-94.432000	45.351006	8681.943195
-94.380000	45.400215	8691.297862
-94.328000	45.449385	8700.645367
-94.276000	45.498266	8709.937451
-94.224000	45.547072	8719.215521
-94.172000	45.595570	8728.434572
-94.120000	45.643978	8737.636795
-94.068000	45.692147	8746.793266
-94.016000	45.740183	8755.924438
-93.964000	45.787968	8765.007877
-93.912000	45.835603	8774.062592
-93.860000	45.883033	8783.078225
-93.808000	45.930298	8792.062508
-93.756000	45.977399	8801.015574
-93.704000	46.024263	8809.923342
-93.652000	46.070954	8818.798153
-93.600000	46.117429	8827.631894
-93.548000	46.163791	8836.444133
-93.496000	46.209873	8845.202768
-93.444000	46.255852	8853.941979
-93.392000	46.301543	8862.626159
-93.340000	46.347166	8871.297568
-93.288000	46.392450	8879.904039
-93.236000	46.437690	8888.502418
-93.184000	46.482587	8897.035240
-93.132000	46.527456	8905.562903
-93.080000	46.571985	8914.025573
-93.028000	46.616468	8922.479557
-92.976000	46.660613	8930.869179
-92.924000	46.704683	8939.244474
-92.872000	46.748446	8947.561053
-92.820000	46.792111	8955.859098
-92.768000	46.835517	8964.107856
-92.716000	46.878789	8972.331002
-92.664000	46.921813	8980.506715
-92.612000	46.964684	8988.653412
-92.560000	47.007352	8996.761312
-92.508000	47.049825	9004.832296
-92.456000	47.092110	9012.867160
-92.404000	47.134171	9020.859441
-92.352000	47.176072	9028.821268
-92.300000	47.217739	9036.738299
-92.248000	47.259284	9044.632315
-92.196000	47.300547	9052.472415
-92.144000	47.341710	9060.293392
-92.092000	47.382560	9068.054787
-92.040000	47.423339	9075.802724
-91.988000	47.463776	9083.485411
-91.936000	47.504172	9091.160305
-91.884000	47.544223	9098.769354
-91.832000	47.584246	9106.372993
-91.780000	47.623903	9113.906933
-91.728000	47.663513	9121.431877
-91.676000	47.702787	9128.892762
-91.624000	47.741989	9136.340062
-91.572000	47.780907	9143.733117
-91.520000	47.819719	9151.105890
-91.468000	47.858254	9158.425892
-91.416000	47.896643	9165.718107
-91.364000	47.934767	9172.959823
-91.312000	47.972749	9180.174495
-91.260000	48.010546	9187.353619
-91.208000	48.048132	9194.492841
-91.156000	48.085518	9201.593688
-91.104000	48.122694	9208.654710
-91.052000	48.159724	9215.687737
-91.000000	48.196499	9222.672200
-90.948000	48.233146	9229.632176
-90.896000	48.269508	9236.537924
-90.844000	48.305771	9243.424851
-90.792000	48.341721	9250.251884
-90.740000	48.377601	9257.065762
-90.688000	48.413162	9263.818766
-90.636000	48.448687	9270.564817
-90.584000	48.483838	9277.239645
-90.532000	48.518962	9283.909168
-90.480000	48.553747	9290.514249
-90.428000	48.588483	9297.110024
-90.376000	48.622886	9303.642038
-90.324000	48.657209	9310.159104
-90.272000	48.691229	9316.618055
-90.220000	48.725140	9323.056413
-90.168000	48.758776	9329.442299
-90.116000	48.792284	9335.803830
-90.064000	48.825564	9342.121876
-90.012000	48.858689	9348.410323
-89.960000	48.891613	9354.660541
-89.908000	48.924340	9360.873212
-89.856000	48.956882	9367.050368
-89.804000	48.989196	9373.184315
-89.752000	49.021354	9379.288415
-89.700000	49.053275	9385.347138
-89.648000	49.085077	9391.383408
-89.596000	49.116614	9397.369037
-89.544000	49.148060	9403.337470
-89.492000	49.179191	9409.245700
-89.440000	49.210255	9415.141075
-89.388000	49.240998	9420.975288
-89.336000	49.271705	9426.802828
-89.284000	49.302065	9432.563946
-89.232000	49.332396	9438.319601
-89.180000	49.362364	9444.006157
-89.128000	49.392286	9449.683791
-89.076000	49.421899	9455.302500
-89.024000	49.451437	9460.907047
-88.972000	49.480694	9466.457909
-88.920000	49.509849	9471.989367
-88.868000	49.538750	9477.472381
-88.816000	49.567522	9482.930750
-88.764000	49.596068	9488.345918
-88.712000	49.624444	9493.728887
-88.660000	49.652606	9499.070986
-88.608000	49.680598	9504.380651
-88.556000	49.708432	9509.660137
-88.504000	49.736054	9514.899217
-88.452000	49.763532	9520.110866
-88.400000	49.790771	9525.276845
-88.348000	49.817893	9530.420650
-88.296000	49.844748	9535.513526
-88.244000	49.871515	9540.589489
-88.192000	49.898010	9545.613591
-88.140000	49.924448	9550.626941
-88.088000	49.950564	9555.578840
-88.036000	49.976646	9560.524344
-87.984000	50.002379	9565.403139
-87.932000	50.028086	9570.277067
-87.880000	50.053484	9575.092030
-87.828000	50.078834	9579.897783
-87.776000	50.103876	9584.644889
-87.724000	50.128842	9589.377543
-87.672000	50.153529	9594.056794
-87.620000	50.178127	9598.719396
-87.568000	50.202513	9603.341245
-87.516000	50.226767	9607.938158
-87.464000	50.250797	9612.492154
-87.412000	50.274680	9617.018299
-87.360000	50.298382	9621.509671
-87.308000	50.321911	9625.968340
-87.256000	50.345284	9630.397091
-87.204000	50.368443	9634.785145
-87.152000	50.391460	9639.146048
-87.100000	50.414273	9643.468076
-87.048000	50.436989	9647.771584
-86.996000	50.459457	9652.027818
-86.944000	50.481845	9656.268702
-86.892000	50.503959	9660.457456
-86.840000	50.526019	9664.635716
-86.788000	50.547779	9668.756992
-86.736000	50.569510	9672.872628
-86.684000	50.590917	9676.926422
-86.632000	50.612300	9680.975770
-86.580000	50.633401	9684.971304
-86.528000	50.654460	9688.958813
-86.476000	50.675260	9692.896937
-86.424000	50.695988	9696.821461
-86.372000	50.716460	9700.696951
-86.320000	50.736835	9704.554002
-86.268000	50.756978	9708.366854
-86.216000	50.777020	9712.160324
-86.164000	50.796889	9715.920997
-86.112000	50.816611	9719.653551
-86.060000	50.836152	9723.351595
-86.008000	50.855535	9727.019421
-85.956000	50.874775	9730.660061
-85.904000	50.893833	9734.266032
-85.852000	50.912772	9737.849268
-85.800000	50.931506	9741.393384
-85.748000	50.950144	9744.919219
-85.696000	50.968554	9748.401480
-85.644000	50.986891	9751.869909
-85.592000	51.004976	9755.290312
-85.540000	51.023012	9758.701336
-85.488000	51.040798	9762.064658
-85.436000	51.058560	9765.423505
-85.384000	51.076024	9768.725423
-85.332000	51.093467	9772.023317
-85.280000	51.110655	9775.272505
-85.228000	51.127802	9778.514181
-85.176000	51.144716	9781.711181
-85.124000	51.161563	9784.895477
-85.072000	51.178176	9788.035060
-85.020000	51.194707	9791.159071
-84.968000	51.211046	9794.246465
-84.916000	51.227282	9797.314254
-84.864000	51.243347	9800.349460
-84.812000	51.259276	9803.358652
-84.760000	51.275040	9806.336447
-84.708000	51.290674	9809.289334
-84.656000	51.306192	9812.220176
-84.604000	51.321543	9815.119283
-84.552000	51.336788	9817.997938
-84.500000	51.351863	9820.844398
-84.448000	51.366861	9823.676100
-84.396000	51.381629	9826.463982
-84.344000	51.396326	9829.238269
-84.292000	51.410839	9831.977465
-84.240000	51.425317	9834.710024
-84.188000	51.439544	9837.394656
-84.136000	51.453749	9840.075027
-84.084000	51.467681	9842.703428
-84.032000	51.481594	9845.328227
-83.980000	51.495278	9847.909383
-83.928000	51.508926	9850.483587
-83.876000	51.522364	9853.017776
-83.824000	51.535752	9855.542570
-83.772000	51.548971	9858.035017
-83.720000	51.562107	9860.511668
-83.668000	51.575052	9862.951919
-83.616000	51.587904	9865.374333
-83.564000	51.600603	9867.767617
-83.512000	51.613202	9870.141828
-83.460000	51.625682	9872.493377
-83.408000	51.638030	9874.819816
-83.356000	51.650264	9877.124403
-83.304000	51.662347	9879.400234
-83.252000	51.674334	9881.657855
-83.200000	51.686171	9883.886685
-83.148000	51.697939	9886.102571
-83.096000	51.709540	9888.286426
-83.044000	51.721089	9890.460576
-82.992000	51.732454	9892.599453
-82.940000	51.743784	9894.731863
-82.888000	51.754888	9896.820944
-82.836000	51.765972	9898.906390
-82.784000	51.776838	9900.950092
-82.732000	51.787689	9902.991020
-82.680000	51.798363	9904.998144
-82.628000	51.809003	9906.998917
-82.576000	51.819458	9908.964288
-82.524000	51.829862	9910.920086
-82.472000	51.840098	9912.843732
-82.420000	51.850266	9914.754573
-82.368000	51.860283	9916.636441
-82.316000	51.870226	9918.504302
-82.264000	51.880052	9920.349673
-82.212000	51.889776	9922.175788
-82.160000	51.899382	9923.979413
-82.108000	51.908885	9925.763365
-82.056000	51.918300	9927.530470
-82.004000	51.927597	9929.275080
-81.952000	51.936820	9931.005692
-81.900000	51.945910	9932.710946
-81.848000	51.954942	9934.405013
-81.796000	51.963826	9936.070915
-81.744000	51.972666	9937.728488
-81.692000	51.981320	9939.350590
-81.640000	51.989941	9940.966389
-81.588000	51.998410	9942.553195
-81.536000	52.006867	9944.137630
-81.484000	52.015159	9945.690813
-81.432000	52.023434	9947.240691
-81.380000	52.031508	9948.752116
-81.328000	52.039560	9950.259485
-81.276000	52.047497	9951.744834
-81.224000	52.055383	9953.220432
-81.172000	52.063101	9954.664024
-81.120000	52.070776	9956.099537
-81.068000	52.078357	9957.517082
-81.016000	52.085864	9958.920449
-80.964000	52.093253	9960.301439
-80.912000	52.100566	9961.667880
-80.860000	52.107791	9963.017599
-80.808000	52.114928	9964.350319
-80.756000	52.121989	9965.668715
-80.704000	52.128948	9966.967704
-80.652000	52.135845	9968.254828
-80.600000	52.142627	9969.520101
-80.548000	52.149360	9970.775927
-80.496000	52.155986	9972.011524
-80.444000	52.162582	9973.241280
-80.392000	52.169038	9974.444320
-80.340000	52.175469	9975.642777
-80.288000	52.181748	9976.812087
-80.236000	52.188015	9977.979055
-80.184000	52.194145	9979.120112
-80.132000	52.200262	9980.258573
-80.080000	52.206228	9981.368301
-80.028000	52.212177	9982.474703
-79.976000	52.218034	9983.563576
-79.924000	52.223852	9984.645019
-79.872000	52.229544	9985.702611
-79.820000	52.235194	9986.752000
-79.768000	52.240750	9987.783487
-79.716000	52.246241	9988.802709
-79.664000	52.251632	9989.802915
-79.612000	52.256973	9990.793349
-79.560000	52.262255	9991.772708
-79.508000	52.267477	9992.740672
-79.456000	52.272650	9993.699183
-79.404000	52.277720	9994.638126
-79.352000	52.282728	9995.565309
-79.300000	52.287660	9996.477863
-79.248000	52.292559	9997.384223
-79.196000	52.297351	9998.270241
-79.144000	52.302113	9999.150525
-79.092000	52.306781	10000.012919
-79.040000	52.311434	10000.872353
-78.988000	52.315959	10001.707391
-78.936000	52.320473	10002.540510
-78.884000	52.324880	10003.352969
-78.832000	52.329276	10004.163622
-78.780000	52.333573	10004.955248
-78.728000	52.337847	10005.742594
-78.676000	52.342008	10006.508109
-78.624000	52.346148	10007.269872
-78.572000	52.350226	10008.019758
-78.520000	52.354260	10008.761333
-78.468000	52.358201	10009.485135
-78.416000	52.362109	10010.202774
-78.364000	52.365968	10010.910973
-78.312000	52.369775	10011.609301
-78.260000	52.373525	10012.296622
-78.208000	52.377214	10012.972456
-78.156000	52.380854	10013.638924
-78.104000	52.384442	10014.295585
-78.052000	52.388000	10014.946455
-78.000000	52.391461	10015.578882
-77.948000	52.394882	10016.203644
-77.896000	52.398260	10016.820244
-77.844000	52.401627	10017.434607
-77.792000	52.404899	10018.031010
-77.740000	52.408156	10018.624545
-77.688000	52.411310	10019.198456
-77.636000	52.414456	10019.770947
-77.584000	52.417549	10020.333179
-77.532000	52.420632	10020.893519
-77.480000	52.423615	10021.434866
-77.428000	52.426584	10021.973598
-77.376000	52.429485	10022.499336
-77.324000	52.432359	10023.019956
-77.272000	52.435151	10023.524806
-77.220000	52.437925	10024.026327
-77.168000	52.440661	10024.520797
-77.116000	52.443365	10025.009020
-77.064000	52.446020	10025.487831
-77.012000	52.448635	10025.959191
-76.960000	52.451208	10026.422372
-76.908000	52.453735	10026.876894
-76.856000	52.456226	10027.324471
-76.804000	52.458682	10027.765458
-76.752000	52.461117	10028.202607
-76.700000	52.463495	10028.628661
-76.648000	52.465848	10029.050205
-76.596000	52.468137	10029.459405
-76.544000	52.470409	10029.865292
-76.492000	52.472633	10030.262155
-76.440000	52.474850	10030.657638
-76.388000	52.476990	10031.038377
-76.336000	52.479123	10031.418048
-76.284000	52.481203	10031.787455
-76.232000	52.483275	10032.155380
-76.180000	52.485273	10032.509145
-76.128000	52.487266	10032.862047
-76.076000	52.489237	10033.210627
-76.024000	52.491187	10033.555317
-75.972000	52.493075	10033.888259
-75.920000	52.494937	10034.216102
-75.868000	52.496743	10034.533406
-75.816000	52.498538	10034.848646
-75.764000	52.500317	10035.160768
-75.712000	52.502070	10035.467896
-75.660000	52.503794	10035.769611
-75.608000	52.505472	10036.062587
-75.556000	52.507114	10036.348669
-75.504000	52.508739	10036.631459
-75.452000	52.510354	10036.912360
-75.400000	52.511929	10037.185822
-75.348000	52.513489	10037.456316
-75.296000	52.515006	10037.718555
-75.244000	52.516511	10037.978642
-75.192000	52.517969	10038.229639
-75.140000	52.519420	10038.479291
-75.088000	52.520818	10038.719079
-75.036000	52.522213	10038.958224
-74.984000	52.523582	10039.192248
-74.932000	52.524945	10039.425252
-74.880000	52.526258	10039.648883
-74.828000	52.527562	10039.870695
-74.776000	52.528821	10040.083884
-74.724000	52.530073	10040.295788
-74.672000	52.531305	10040.503791
-74.620000	52.532527	10040.710112
-74.568000	52.533732	10040.912953
-74.516000	52.534913	10041.111555
-74.464000	52.536063	10041.303957
-74.412000	52.537186	10041.491318
-74.360000	52.538280	10041.673310
-74.308000	52.539360	10041.852385
-74.256000	52.540427	10042.029167
-74.204000	52.541477	10042.202646
-74.152000	52.542517	10042.374271
-74.100000	52.543537	10042.542168
-74.048000	52.544550	10042.708609
-73.996000	52.545519	10042.866731
-73.944000	52.546477	10043.022734
-73.892000	52.547411	10043.174206
-73.840000	52.548341	10043.325050
-73.788000	52.549246	10043.470913
-73.736000	52.550148	10043.616399
-73.684000	52.551024	10043.756807
-73.632000	52.551897	10043.896704
-73.580000	52.552745	10044.031920
-73.528000	52.553589	10044.166227
-73.476000	52.554410	10044.296251
-73.424000	52.555217	10044.423608
-73.372000	52.555983	10044.543214
-73.320000	52.556749	10044.662871
-73.268000	52.557516	10044.782514
-73.216000	52.558271	10044.900037
-73.164000	52.559010	10045.014465
-73.112000	52.559722	10045.123803
-73.060000	52.560406	10045.227817
-73.008000	52.561090	10045.331884
-72.956000	52.561774	10045.435964
-72.904000	52.562441	10045.536689
-72.852000	52.563098	10045.635556
-72.800000	52.563755	10045.734451
-72.748000	52.564411	10045.833356
-72.696000	52.565024	10045.923897
-72.644000	52.565627	10046.012361
-72.592000	52.566229	10046.100860
-72.540000	52.566831	10046.189389
-72.488000	52.567407	10046.272912
-72.436000	52.567981	10046.356058
-72.384000	52.568528	10046.434169
-72.332000	52.569075	10046.512321
-72.280000	52.569623	10046.590441
-72.228000	52.570165	10046.667627
-72.176000	52.570685	10046.740552
-72.124000	52.571198	10046.812139
-72.072000	52.571690	10046.879844
-72.020000	52.572183	10046.947601
-71.968000	52.572676	10047.015365
-71.916000	52.573157	10047.080983
-71.864000	52.573622	10047.143529
-71.812000	52.574087	10047.206120
-71.760000	52.574553	10047.268703
-71.708000	52.575002	10047.328330
-71.656000	52.575440	10047.385721
-71.604000	52.575860	10047.439747
-71.552000	52.576271	10047.491947
-71.500000	52.576681	10047.544174
-71.448000	52.577092	10047.596410
-71.396000	52.577502	10047.648649
-71.344000	52.577913	10047.700895
-71.292000	52.578299	10047.748543
-71.240000	52.578682	10047.795597
-71.188000	52.579066	10047.842658
-71.136000	52.579448	10047.889556
-71.084000	52.579804	10047.931418
-71.032000	52.580159	10047.973315
-70.980000	52.580515	10048.015205
-70.928000	52.580866	10048.056135
-70.876000	52.581194	10048.092801
-70.824000	52.581530	10048.130912
-70.772000	52.581886	10048.172835
-70.720000	52.582232	10048.212997
-70.668000	52.582560	10048.249724
-70.616000	52.582877	10048.284279
-70.564000	52.583178	10048.315783
-70.512000	52.583479	10048.347340
-70.460000	52.583780	10048.378904
-70.408000	52.584082	10048.410493
-70.356000	52.584383	10048.442065
-70.304000	52.584684	10048.473666
-70.252000	52.584985	10048.505270
-70.200000	52.585266	10048.533057
-70.148000	52.585539	10048.559441
-70.096000	52.585813	10048.585859
-70.044000	52.586087	10048.612301
-69.992000	52.586360	10048.638734
-69.940000	52.586634	10048.665181
-69.888000	52.586908	10048.691634
-69.836000	52.587180	10048.717901
-69.784000	52.587427	10048.739128
-69.732000	52.587673	10048.760386
-69.680000	52.587919	10048.781661
-69.628000	52.588171	10048.803994
-69.576000	52.588445	10048.830497
-69.524000	52.588704	10048.854195
-69.472000	52.588922	10048.870270
-69.420000	52.589151	10048.888210
-69.368000	52.589397	10048.909515
-69.316000	52.589644	10048.930862
-69.264000	52.589890	10048.952196
-69.212000	52.590122	10048.970935
-69.160000	52.590341	10048.987071
-69.108000	52.590560	10049.003241
-69.056000	52.590779	10049.019408
-69.004000	52.590998	10049.035588
-68.952000	52.591217	10049.051758
-68.900000	52.591436	10049.067949
-68.848000	52.591655	10049.084149
-68.796000	52.591874	10049.100364
-68.744000	52.592093	10049.116593
-68.692000	52.592288	10049.128177
-68.640000	52.592479	10049.139208
-68.588000	52.592697	10049.155277
-68.536000	52.592915	10049.171304
-68.484000	52.593107	10049.182334
-68.432000	52.593301	10049.194034
-68.380000	52.593520	10049.210289
-68.328000	52.593734	10049.225537
-68.276000	52.593925	10049.236588
-68.224000	52.594117	10049.247677
-68.172000	52.594309	10049.258751
-68.120000	52.594500	10049.269866
-68.068000	52.594692	10049.280965
-68.016000	52.594883	10049.292097
-67.964000	52.595075	10049.303197
-67.912000	52.595267	10049.314333
-67.860000	52.595458	10049.325460
-67.808000	52.595650	10049.336605
-67.756000	52.595841	10049.347733
-67.704000	52.596033	10049.358899
-67.652000	52.596224	10049.370080
-67.600000	52.596396	10049.377381
-67.548000	52.596560	10049.383308
-67.496000	52.596747	10049.393538
-67.444000	52.596938	10049.404746
-67.392000	52.597130	10049.415941
-67.340000	52.597321	10049.427149
-67.288000	52.597486	10049.433278
-67.236000	52.597652	10049.439540
-67.184000	52.597843	10049.450746
-67.132000	52.598032	10049.461320
-67.080000	52.598196	10049.467315
-67.028000	52.598360	10049.473345
-66.976000	52.598524	10049.479362
-66.924000	52.598696	10049.486878
-66.872000	52.598888	10049.498118
-66.820000	52.599069	10049.507524
-66.768000	52.599234	10049.513558
-66.716000	52.599398	10049.519630
-66.664000	52.599562	10049.525688
-66.612000	52.599726	10049.531770
-66.560000	52.599891	10049.537827
-66.508000	52.600055	10049.543911
-66.456000	52.600219	10049.549992
-66.404000	52.600383	10049.556082
-66.352000	52.600547	10049.562160
-66.300000	52.600712	10049.568256
-66.248000	52.600876	10049.574358
-66.196000	52.601040	10049.580472
-66.144000	52.601204	10049.586598
-66.092000	52.601368	10049.592710
-66.040000	52.601533	10049.598834
-65.988000	52.601697	10049.604957
-65.936000	52.601861	10049.611104
-65.884000	52.602025	10049.617221
-65.832000	52.602189	10049.623365
-65.780000	52.602354	10049.629497
-65.728000	52.602512	10049.634577
-65.676000	52.602649	10049.635501
-65.624000	52.602794	10049.637944
-65.572000	52.602958	10049.644088
-65.520000	52.603122	10049.650262
-65.468000	52.603286	10049.656400
-65.416000	52.603439	10049.660284
-65.364000	52.603575	10049.661242
-65.312000	52.603726	10049.664912
-65.260000	52.603891	10049.671067
-65.208000	52.604055	10049.677259
-65.156000	52.604219	10049.683462
-65.104000	52.604365	10049.686163
-65.052000	52.604502	10049.687134
-65.000000	52.604639	10049.688103
-64.948000	52.604775	10049.689069
-64.896000	52.604935	10049.694360
-64.844000	52.605099	10049.700574
-64.792000	52.605239	10049.702073
-64.740000	52.605375	10049.703081
-64.688000	52.605539	10049.709188
-64.636000	52.605702	10049.715119
-64.584000	52.605839	10049.716114
-64.532000	52.605975	10049.717137
-64.480000	52.606112	10049.718122
-64.428000	52.606249	10049.719135
-64.376000	52.606386	10049.720110
-64.324000	52.606523	10049.721122
-64.272000	52.606660	10049.722140
-64.220000	52.606796	10049.723179
-64.168000	52.606933	10049.724162
-64.116000	52.607070	10049.725186
-64.064000	52.607207	10049.726214
-64.012000	52.607344	10049.727251
-63.960000	52.607481	10049.728247
-63.908000	52.607617	10049.729278
-63.856000	52.607754	10049.730319
-63.804000	52.607891	10049.731349
-63.752000	52.608028	10049.732357
-63.700000	52.608165	10049.733394
-63.648000	52.608302	10049.734446
-63.596000	52.608416	10049.731151
-63.544000	52.608525	10049.726969
-63.492000	52.608660	10049.727510
-63.440000	52.608796	10049.728548
-63.388000	52.608933	10049.729583
-63.336000	52.609068	10049.730318
-63.284000	52.609178	10049.726114
-63.232000	52.609291	10049.722659
-63.180000	52.609428	10049.723694
-63.128000	52.609559	10049.723627
-63.076000	52.609668	10049.719423
-63.024000	52.609778	10049.715245
-62.972000	52.609887	10049.711029
-62.920000	52.610007	10049.708787
-62.868000	52.610144	10049.709840
-62.816000	52.610268	10049.708568
-62.764000	52.610378	10049.704358
-62.712000	52.610487	10049.700175
-62.660000	52.610597	10049.695982
-62.608000	52.610706	10049.691811
-62.556000	52.610816	10049.687635
-62.504000	52.610925	10049.683462
-62.452000	52.611035	10049.679277
-62.400000	52.611144	10049.675087
-62.348000	52.611254	10049.670892
-62.296000	52.611363	10049.666704
-62.244000	52.611473	10049.662526
-62.192000	52.611582	10049.658328
-62.140000	52.611692	10049.654140
-62.088000	52.611801	10049.649948
-62.036000	52.611909	10049.645433
-61.984000	52.611991	10049.636001
-61.932000	52.612077	10049.627338
-61.880000	52.612186	10049.623141
-61.828000	52.612296	10049.618971
-61.776000	52.612405	10049.614761
-61.724000	52.612507	10049.609026
-61.672000	52.612589	10049.599602
-61.620000	52.612671	10049.590194
-61.568000	52.612753	10049.580731
-61.516000	52.612847	10049.573666
-61.464000	52.612957	10049.569471
-61.412000	52.613052	10049.562514
-61.360000	52.613134	10049.553054
-61.308000	52.613216	10049.543626
-61.256000	52.613298	10049.534207
-61.204000	52.613380	10049.524774
-61.152000	52.613462	10049.515317
-61.100000	52.613545	10049.505870
-61.048000	52.613627	10049.496428
-60.996000	52.613709	10049.486972
-60.944000	52.613791	10049.477518
-60.892000	52.613873	10049.468064
-60.840000	52.613955	10049.458624
-60.788000	52.614037	10049.449157
-60.736000	52.614119	10049.439705
-60.684000	52.614201	10049.430243
-60.632000	52.614283	10049.420805
-60.580000	52.614366	10049.411299
-60.528000	52.614442	10049.400650
-60.476000	52.614496	10049.385955
-60.424000	52.614559	10049.372854
-60.372000	52.614641	10049.363344
-60.320000	52.614713	10049.351882
-60.268000	52.614768	10049.337156
-60.216000	52.614835	10049.324832
-60.164000	52.614917	10049.315320
-60.112000	52.614985	10049.303043
-60.060000	52.615039	10049.288317
-60.008000	52.615094	10049.273596
-59.956000	52.615149	10049.258856
-59.904000	52.615222	10049.247724
-59.852000	52.615305	10049.238224
-59.800000	52.615366	10049.224701
-59.748000	52.615421	10049.209935
-59.696000	52.615475	10049.195171
-59.644000	52.615530	10049.180416
-59.592000	52.615585	10049.165660
-59.540000	52.615639	10049.150918
-59.488000	52.615694	10049.136147
-59.436000	52.615749	10049.121390
-59.384000	52.615804	10049.106598
-59.332000	52.615858	10049.091827
-59.280000	52.615913	10049.077014
-59.228000	52.615968	10049.062227
-59.176000	52.616023	10049.047423
-59.124000	52.616069	10049.031044
-59.072000	52.616096	10049.010996
-59.020000	52.616134	10048.992969
-58.968000	52.616189	10048.978131
-58.916000	52.616244	10048.963319
-58.864000	52.616298	10048.948492
-58.812000	52.616338	10048.930867
-58.760000	52.616366	10048.910798
-58.708000	52.616410	10048.893946
-58.656000	52.616465	10048.879089
-58.604000	52.616519	10048.864244
-58.552000	52.616574	10048.849398
-58.500000	52.616608	10048.830522
-58.448000	52.616635	10048.810433
-58.396000	52.616686	10048.794751
-58.344000	52.616741	10048.779874
-58.292000	52.616770	10048.760146
-58.240000	52.616797	10048.740026
-58.188000	52.616825	10048.719898
-58.136000	52.616854	10048.700196
-58.084000	52.616909	10048.685276
-58.032000	52.616959	10048.669565
-57.980000	52.616987	10048.649422
-57.928000	52.617014	10048.629299
-57.876000	52.617042	10048.609111
-57.824000	52.617069	10048.588948
-57.772000	52.617096	10048.568767
-57.720000	52.617134	10048.550628
-57.668000	52.617189	10048.535657
-57.616000	52.617231	10048.518282
-57.564000	52.617258	10048.498092
-57.512000	52.617286	10048.477901
-57.460000	52.617313	10048.457668
-57.408000	52.617341	10048.437450
-57.356000	52.617368	10048.417227
-57.304000	52.617395	10048.397013
-57.252000	52.617423	10048.376799
-57.200000	52.617450	10048.356556
-57.148000	52.617477	10048.336299
-57.096000	52.617505	10048.316041
-57.044000	52.617532	10048.295792
-56.992000	52.617559	10048.275519
-56.940000	52.617587	10048.255252
-56.888000	52.617614	10048.234954
-56.836000	52.617642	10048.214670
-56.784000	52.617669	10048.194348
-56.732000	52.617696	10048.174045
-56.680000	52.617724	10048.153726
-56.628000	52.617751	10048.133427
-56.576000	52.617778	10048.113087
-56.524000	52.617806	10048.092766
-56.472000	52.617833	10048.072406
-56.420000	52.617861	10048.052062
-56.368000	52.617888	10048.031682
-56.316000	52.617915	10048.011323
-56.264000	52.617943	10047.990951
-56.212000	52.617970	10047.970585
-56.160000	52.617997	10047.950194
-56.108000	52.618025	10047.929803
-56.056000	52.618052	10047.909393
-56.004000	52.618079	10047.888977
-55.952000	52.618107	10047.868549
-55.900000	52.618134	10047.848107
-55.848000	52.618162	10047.827660
-55.796000	52.618189	10047.807212
-55.744000	52.618216	10047.786771
-55.692000	52.618244	10047.766284
-55.640000	52.618271	10047.745799
-55.588000	52.618298	10047.725303
-55.536000	52.618326	10047.704824
-55.484000	52.618353	10047.684331
-55.432000	52.618381	10047.663857
-55.380000	52.618408	10047.643315
-55.328000	52.618442	10047.624051
-55.276000	52.618497	10047.608714
-55.224000	52.618543	10047.591735
-55.172000	52.618570	10047.571176
-55.120000	52.618597	10047.550630
-55.068000	52.618625	10047.530049
-55.016000	52.618652	10047.509479
-54.964000	52.618679	10047.488877
-54.912000	52.618707	10047.468281
-54.860000	52.618734	10047.447659
-54.808000	52.618779	10047.430327
-54.756000	52.618833	10047.414938
-54.704000	52.618869	10047.395845
-54.652000	52.618896	10047.375183
-54.600000	52.618924	10047.354523
-54.548000	52.618951	10047.333867
-54.496000	52.619002	10047.317679
-54.444000	52.619057	10047.302229
-54.392000	52.619086	10047.281859
-54.340000	52.619114	10047.261230
-54.288000	52.619168	10047.245726
-54.236000	52.619220	10047.229761
-54.184000	52.619248	10047.209027
-54.132000	52.619280	10047.189188
-54.080000	52.619335	10047.173631
-54.028000	52.619383	10047.156813
-53.976000	52.619410	10047.136032
-53.924000	52.619446	10047.116945
-53.872000	52.619501	10047.101342
-53.820000	52.619556	10047.085758
-53.768000	52.619610	10047.070158
-53.716000	52.619652	10047.052075
-53.664000	52.619679	10047.031225
-53.612000	52.619722	10047.013286
-53.560000	52.619777	10046.997669
-53.508000	52.619831	10046.982035
-53.456000	52.619886	10046.966370
-53.404000	52.619941	10046.950695
-53.352000	52.619996	10046.935008
-53.300000	52.620050	10046.919322
-53.248000	52.620105	10046.903639
-53.196000	52.620160	10046.887934
-53.144000	52.620215	10046.872229
-53.092000	52.620269	10046.856475
-53.040000	52.620324	10046.840721
-52.988000	52.620379	10046.824956
-52.936000	52.620436	10046.809701
-52.884000	52.620518	10046.799138
-52.832000	52.620596	10046.787693
-52.780000	52.620650	10046.771875
-52.728000	52.620705	10046.756077
-52.676000	52.620760	10046.740261
-52.624000	52.620824	10046.726162
-52.572000	52.620906	10046.715522
-52.520000	52.620977	10046.702785
-52.468000	52.621031	10046.686894
-52.416000	52.621099	10046.673534
-52.364000	52.621181	10046.662874
-52.312000	52.621264	10046.652205
-52.260000	52.621346	10046.641496
-52.208000	52.621410	10046.627473
-52.156000	52.621465	10046.611539
-52.104000	52.621539	10046.599320
-52.052000	52.621621	10046.588591
-52.000000	52.621704	10046.577844
-51.948000	52.621786	10046.567091
-51.896000	52.621868	10046.556315
-51.844000	52.621950	10046.545539
-51.792000	52.622032	10046.534733
-51.740000	52.622114	10046.523933
-51.688000	52.622196	10046.513097
-51.636000	52.622278	10046.502273
-51.584000	52.622360	10046.491408
-51.532000	52.622447	10046.481479
-51.480000	52.622557	10046.475813
-51.428000	52.622659	10046.468841
-51.376000	52.622741	10046.457948
-51.324000	52.622833	10046.448791
-51.272000	52.622942	10046.443073
-51.220000	52.623040	10046.435234
-51.168000	52.623122	10046.424264
-51.116000	52.623191	10046.410773
-51.064000	52.623246	10046.394577
-51.012000	52.623424	10046.401899
-50.960000	52.623698	10046.427498
-50.908000	52.623796	10046.419643
-50.856000	52.623796	10046.392917
-50.804000	52.623796	10046.366195
-50.752000	52.623796	10046.339470
-50.700000	52.624014	10046.354239
-50.648000	52.624287	10046.379764
-50.596000	52.624322	10046.359697
-50.544000	52.624322	10046.332897
-50.492000	52.624582	10046.355674
-50.440000	52.624849	10046.379799
-50.388000	52.624849	10046.352965
-50.336000	52.624849	10046.326140
-50.284000	52.624849	10046.299275
-50.232000	52.624898	10046.281849
-50.180000	52.625172	10046.307228
-50.128000	52.625375	10046.319158
-50.076000	52.625375	10046.292236
-50.024000	52.625467	10046.282827
-49.972000	52.625740	10046.308152
-49.920000	52.625901	10046.311947
-49.868000	52.625901	10046.284972
-49.816000	52.626035	10046.283578
-49.764000	52.626309	10046.308851
-49.712000	52.626427	10046.304519
-49.660000	52.626427	10046.277519
-49.608000	52.626604	10046.284151
-49.556000	52.626877	10046.309372
-49.504000	52.626954	10046.296890
-49.452000	52.626954	10046.269811
-49.400000	52.627172	10046.284443
-49.348000	52.627446	10046.309612
-49.296000	52.627480	10046.289010
-49.244000	52.627480	10046.261905
-49.192000	52.627741	10046.284553
-49.140000	52.628006	10046.308102
-49.088000	52.628006	10046.280909
-49.036000	52.628035	10046.259331
-48.984000	52.628309	10046.284405
-48.932000	52.628532	10046.299849
-48.880000	52.628532	10046.272593
-48.828000	52.628604	10046.259035
-48.776000	52.628878	10046.284051
-48.724000	52.629059	10046.291354
-48.672000	52.629059	10046.264042
-48.620000	52.629172	10046.258495
-48.568000	52.629446	10046.283430
-48.516000	52.629585	10046.282582
-48.464000	52.629585	10046.255242
-48.412000	52.629741	10046.257721
-48.360000	52.630015	10046.282602
-48.308000	52.630288	10046.307487
-48.256000	52.630562	10046.332368
-48.204000	52.630637	10046.319310
-48.152000	52.630637	10046.291862
-48.100000	52.630857	10046.306359
-48.048000	52.631131	10046.331184
-47.996000	52.631164	10046.309981
-47.944000	52.631164	10046.282479
-47.892000	52.631425	10046.304989
-47.840000	52.631699	10046.329760
-47.788000	52.631973	10046.354494
-47.736000	52.632216	10046.373414
-47.684000	52.632216	10046.345815
-47.632000	52.632268	10046.328091
-47.580000	52.632541	10046.352760
-47.528000	52.632815	10046.377439
-47.476000	52.633089	10046.402053
-47.424000	52.633268	10046.408745
-47.372000	52.633268	10046.381082
-47.320000	52.633383	10046.375393
-47.268000	52.633657	10046.399949
-47.216000	52.633795	10046.398505
-47.164000	52.633795	10046.370785
-47.112000	52.633952	10046.373101
-47.060000	52.634226	10046.397602
-47.008000	52.634499	10046.422106
-46.956000	52.634773	10046.446605
-46.904000	52.634847	10046.432962
-46.852000	52.634847	10046.405158
-46.800000	52.635068	10046.419480
-46.748000	52.635342	10046.443895
-46.696000	52.635615	10046.468304
-46.644000	52.635889	10046.492718
-46.592000	52.635900	10046.466838
-46.540000	52.635910	10046.440926
-46.488000	52.636184	10046.465270
-46.436000	52.636457	10046.489627
-46.384000	52.636731	10046.513939
-46.332000	52.637005	10046.538263
-46.280000	52.637279	10046.562518
-46.228000	52.637478	10046.572670
-46.176000	52.637478	10046.544647
-46.124000	52.637573	10046.534782
-46.072000	52.637847	10046.558976
-46.020000	52.638121	10046.583184
-45.968000	52.638394	10046.607375
-45.916000	52.638531	10046.605327
-45.864000	52.638531	10046.577188
-45.812000	52.638689	10046.579325
-45.760000	52.638963	10046.603458
-45.708000	52.639237	10046.627567
-45.656000	52.639510	10046.651645
-45.604000	52.639583	10046.637378
-45.552000	52.639583	10046.609178
-45.500000	52.639805	10046.623338
-45.448000	52.640079	10046.647384
-45.396000	52.640352	10046.671382
-45.344000	52.640626	10046.695371
-45.292000	52.640900	10046.719349
-45.240000	52.641162	10046.741114
-45.188000	52.641162	10046.712764
-45.136000	52.641195	10046.690679
-45.084000	52.641468	10046.714591
-45.032000	52.641742	10046.738513
-44.980000	52.642016	10046.762367
-44.928000	52.642214	10046.771899
-44.876000	52.642214	10046.743474
-44.824000	52.642311	10046.733428
-44.772000	52.642584	10046.757246
-44.720000	52.642858	10046.781060
-44.668000	52.643132	10046.804821
-44.616000	52.643405	10046.828591
-44.564000	52.643679	10046.852348
-44.512000	52.643793	10046.845601
-44.460000	52.643793	10046.817028
-44.408000	52.643974	10046.822980
-44.356000	52.644248	10046.846677
-44.304000	52.644521	10046.870341
-44.252000	52.644795	10046.893981
-44.200000	52.645069	10046.917616
-44.148000	52.645342	10046.941252
-44.096000	52.645372	10046.918222
-44.044000	52.645372	10046.889554
-43.992000	52.645637	10046.911505
-43.940000	52.645911	10046.935054
-43.888000	52.646184	10046.958587
-43.836000	52.646458	10046.982132
-43.784000	52.646732	10047.005631
-43.732000	52.646950	10047.018625
-43.680000	52.646950	10046.989792
-43.628000	52.647027	10046.975523
-43.576000	52.647300	10046.998957
-43.524000	52.647574	10047.022398
-43.472000	52.647848	10047.045801
-43.420000	52.648003	10047.046570
-43.368000	52.648003	10047.017641
-43.316000	52.648143	10047.015386
-43.264000	52.648416	10047.038726
-43.212000	52.648690	10047.062059
-43.160000	52.648964	10047.085368
-43.108000	52.649237	10047.108664
-43.056000	52.649511	10047.131942
-43.004000	52.649582	10047.116406
-42.952000	52.649582	10047.087353
-42.900000	52.649806	10047.101110
-42.848000	52.650080	10047.124326
-42.796000	52.650353	10047.147512
-42.744000	52.650627	10047.170696
-42.692000	52.650634	10047.142952
-42.640000	52.650648	10047.116487
-42.588000	52.650922	10047.139599
-42.536000	52.651195	10047.162720
-42.484000	52.651469	10047.185796
-42.432000	52.651743	10047.208882
-42.380000	52.652016	10047.231923
-42.328000	52.652213	10047.240203
-42.276000	52.652213	10047.210938
-42.224000	52.652311	10047.200486
-42.172000	52.652585	10047.223462
-42.120000	52.652859	10047.246440
-42.068000	52.653132	10047.269384
-42.016000	52.653265	10047.265441
-41.964000	52.653265	10047.236078
-41.912000	52.653427	10047.237642
-41.860000	52.653701	10047.260548
-41.808000	52.653975	10047.283426
-41.756000	52.654248	10047.306274
-41.704000	52.654522	10047.329103
-41.652000	52.654796	10047.351919
-41.600000	52.654844	10047.331692
-41.548000	52.654844	10047.302228
-41.496000	52.655090	10047.319787
-41.444000	52.655364	10047.342538
-41.392000	52.655638	10047.365276
-41.340000	52.655896	10047.385146
-41.288000	52.655896	10047.355576
-41.236000	52.655933	10047.332927
-41.184000	52.656206	10047.355568
-41.132000	52.656480	10047.378220
-41.080000	52.656754	10047.400852
-41.028000	52.656949	10047.408504
-40.976000	52.656949	10047.378828
-40.924000	52.657049	10047.368184
-40.872000	52.657322	10047.390748
-40.820000	52.657596	10047.413315
-40.768000	52.657870	10047.435846
-40.716000	52.658001	10047.431273
-40.664000	52.658001	10047.401498
-40.612000	52.658164	10047.402854
-40.560000	52.658438	10047.425320
-40.508000	52.658712	10047.447786
-40.456000	52.658985	10047.470245
-40.404000	52.659054	10047.453454
-40.352000	52.659054	10047.423580
-40.300000	52.659280	10047.436952
-40.248000	52.659554	10047.459346
-40.196000	52.659580	10047.434418
-40.144000	52.659580	10047.404504
-40.092000	52.659849	10047.425862
-40.040000	52.660122	10047.448163
-39.988000	52.660396	10047.470447
-39.936000	52.660633	10047.485610
-39.884000	52.660633	10047.455584
-39.832000	52.660691	10047.436737
-39.780000	52.660965	10047.458975
-39.728000	52.661238	10047.481217
-39.676000	52.661512	10047.503395
-39.624000	52.661685	10047.506339
-39.572000	52.661685	10047.476235
-39.520000	52.661807	10047.469405
-39.468000	52.662081	10047.491515
-39.416000	52.662211	10047.486311
-39.364000	52.662211	10047.456139
-39.312000	52.662375	10047.457315
-39.260000	52.662649	10047.479384
-39.208000	52.662923	10047.501438
-39.156000	52.663196	10047.523473
-39.104000	52.663264	10047.506055
-39.052000	52.663264	10047.475782
-39.000000	52.663491	10047.488972
-38.948000	52.663765	10047.510966
-38.896000	52.663790	10047.485400
-38.844000	52.663790	10047.455060
-38.792000	52.664060	10047.476251
-38.740000	52.664316	10047.494867
-38.688000	52.664316	10047.464477
-38.636000	52.664355	10047.441443
-38.584000	52.664628	10047.463314
-38.532000	52.664902	10047.485192
-38.480000	52.665176	10047.507001
-38.428000	52.665369	10047.513397
-38.376000	52.665369	10047.482924
-38.324000	52.665471	10047.471914
-38.272000	52.665744	10047.493680
-38.220000	52.665895	10047.491945
-38.168000	52.665895	10047.461402
-38.116000	52.666039	10047.458390
-38.064000	52.666313	10047.480087
-38.012000	52.666421	10047.470210
-37.960000	52.666421	10047.439624
-37.908000	52.666608	10047.444621
-37.856000	52.666881	10047.466248
-37.804000	52.666947	10047.448220
-37.752000	52.666947	10047.417565
-37.700000	52.667176	10047.430591
-37.648000	52.667450	10047.452201
-37.596000	52.667723	10047.473760
-37.544000	52.667997	10047.495310
-37.492000	52.668000	10047.465081
-37.440000	52.668018	10047.437877
-37.388000	52.668292	10047.459376
-37.336000	52.668526	10047.473317
-37.284000	52.668526	10047.442528
-37.232000	52.668587	10047.423351
-37.180000	52.668860	10047.444801
-37.128000	52.669052	10047.450614
-37.076000	52.669052	10047.419754
-37.024000	52.669155	10047.408575
-36.972000	52.669429	10047.429952
-36.920000	52.669578	10047.427620
-36.868000	52.669578	10047.396715
-36.816000	52.669724	10047.393558
-36.764000	52.669997	10047.414892
-36.712000	52.670105	10047.404421
-36.660000	52.670105	10047.373446
-36.608000	52.670292	10047.378298
-36.556000	52.670566	10047.399588
-36.504000	52.670631	10047.380987
-36.452000	52.670631	10047.349967
-36.400000	52.670861	10047.362826
-36.348000	52.671135	10047.384045
-36.296000	52.671157	10047.357308
-36.244000	52.671157	10047.326244
-36.192000	52.671429	10047.347124
-36.140000	52.671683	10047.364553
-36.088000	52.671683	10047.333435
-36.036000	52.671724	10047.310109
-35.984000	52.671998	10047.331226
-35.932000	52.672210	10047.340530
-35.880000	52.672210	10047.309337
-35.828000	52.672293	10047.294012
-35.776000	52.672566	10047.315082
-35.724000	52.672736	10047.316257
-35.672000	52.672736	10047.285017
-35.620000	52.672861	10047.277718
-35.568000	52.673135	10047.298742
-35.516000	52.673262	10047.291786
-35.464000	52.673262	10047.260501
-35.412000	52.673430	10047.261213
-35.360000	52.673703	10047.282166
-35.308000	52.673788	10047.267068
-35.256000	52.673788	10047.235737
-35.204000	52.673998	10047.244485
-35.152000	52.674272	10047.265419
-35.100000	52.674315	10047.242182
-35.048000	52.674315	10047.210779
-34.996000	52.674567	10047.227546
-34.944000	52.674840	10047.248433
-34.892000	52.674841	10047.217083
-34.840000	52.674862	10047.189623
-34.788000	52.675135	10047.210431
-34.736000	52.675367	10047.223245
-34.684000	52.675367	10047.191764
-34.632000	52.675430	10047.172332
-34.580000	52.675704	10047.193115
-34.528000	52.675893	10047.197824
-34.476000	52.675893	10047.166295
-34.424000	52.675999	10047.154888
-34.372000	52.676272	10047.175623
-34.320000	52.676420	10047.172201
-34.268000	52.676420	10047.140625
-34.216000	52.676567	10047.137242
-34.164000	52.676841	10047.157930
-34.112000	52.676946	10047.146376
-34.060000	52.676946	10047.114753
-34.008000	52.677136	10047.119393
-33.956000	52.677409	10047.140034
-33.904000	52.677472	10047.120363
-33.852000	52.677472	10047.088720
-33.800000	52.677704	10047.101389
-33.748000	52.677978	10047.121983
-33.696000	52.677998	10047.094184
-33.644000	52.677998	10047.062494
-33.592000	52.677998	10047.030764
-33.540000	52.678020	10047.003218
-33.488000	52.678294	10047.023770
-33.436000	52.678524	10047.036112
-33.384000	52.678524	10047.004325
-33.332000	52.678589	10046.984807
-33.280000	52.678862	10047.005310
-33.228000	52.679051	10047.009521
-33.176000	52.679051	10046.977711
-33.124000	52.679157	10046.966241
-33.072000	52.679431	10046.986694
-33.020000	52.679577	10046.982781
-32.968000	52.679577	10046.950950
-32.916000	52.679726	10046.947528
-32.864000	52.679999	10046.967959
-32.812000	52.680103	10046.955931
-32.760000	52.680103	10046.924051
-32.708000	52.680294	10046.928651
-32.656000	52.680568	10046.949034
-32.604000	52.680842	10046.969410
-32.552000	52.681115	10046.989783
-32.500000	52.681156	10046.965566
-32.448000	52.681156	10046.933627
-32.396000	52.681410	10046.950293
-32.344000	52.681682	10046.970282
-32.292000	52.681682	10046.938319
-32.240000	52.681705	10046.910756
-32.188000	52.681979	10046.931050
-32.136000	52.682208	10046.942914
-32.084000	52.682208	10046.910919
-32.032000	52.682273	10046.891408
-31.980000	52.682547	10046.911675
-31.928000	52.682734	10046.915437
-31.876000	52.682734	10046.883418
-31.824000	52.682842	10046.871948
-31.772000	52.683116	10046.892165
-31.720000	52.683261	10046.887807
-31.668000	52.683261	10046.855764
-31.616000	52.683410	10046.852338
-31.564000	52.683684	10046.872533
-31.512000	52.683787	10046.860073
-31.460000	52.683787	10046.828008
-31.408000	52.683979	10046.832625
-31.356000	52.684253	10046.852796
-31.304000	52.684313	10046.832219
-31.252000	52.684313	10046.800105
-31.200000	52.684547	10046.812775
-31.148000	52.684821	10046.832949
-31.096000	52.684839	10046.804273
-31.044000	52.684842	10046.772714
-30.992000	52.685116	10046.792855
-30.940000	52.685390	10046.813006
-30.888000	52.685663	10046.833112
-30.836000	52.685892	10046.844570
-30.784000	52.685892	10046.812412
-30.732000	52.685958	10046.792952
-30.680000	52.686232	10046.813029
-30.628000	52.686418	10046.816388
-30.576000	52.686418	10046.784205
-30.524000	52.686527	10046.772795
-30.472000	52.686800	10046.792873
-30.420000	52.686944	10046.788149
-30.368000	52.686944	10046.755941
-30.316000	52.687095	10046.752578
-30.264000	52.687369	10046.772632
-30.212000	52.687470	10046.759803
-30.160000	52.687470	10046.727571
-30.108000	52.687664	10046.732253
-30.056000	52.687937	10046.752283
-30.004000	52.688211	10046.772322
-29.952000	52.688485	10046.792366
-29.900000	52.688523	10046.767404
-29.848000	52.688523	10046.735162
-29.796000	52.688780	10046.751938
-29.744000	52.689049	10046.771161
-29.692000	52.689049	10046.738890
-29.640000	52.689074	10046.711458
-29.588000	52.689348	10046.731470
-29.536000	52.689622	10046.751490
-29.484000	52.689895	10046.771489
-29.432000	52.690102	10046.778585
-29.380000	52.690102	10046.746297
-29.328000	52.690190	10046.730962
-29.276000	52.690464	10046.750935
-29.224000	52.690628	10046.749933
-29.172000	52.690628	10046.717644
-29.120000	52.690759	10046.710382
-29.068000	52.691032	10046.730356
-29.016000	52.691306	10046.750339
-28.964000	52.691580	10046.770326
-28.912000	52.691680	10046.757210
-28.860000	52.691680	10046.724910
-28.808000	52.691875	10046.729756
-28.756000	52.692148	10046.749744
-28.704000	52.692206	10046.728547
-28.652000	52.692206	10046.696248
-28.600000	52.692443	10046.709150
-28.548000	52.692717	10046.729113
-28.496000	52.692991	10046.749081
-28.444000	52.693259	10046.768042
-28.392000	52.693259	10046.735726
-28.340000	52.693285	10046.708467
-28.288000	52.693559	10046.728434
-28.236000	52.693833	10046.748409
-28.184000	52.694106	10046.768363
-28.132000	52.694311	10046.775198
-28.080000	52.694311	10046.742890
-28.028000	52.694401	10046.727758
-27.976000	52.694675	10046.747737
-27.924000	52.694838	10046.746515
-27.872000	52.694838	10046.714206
-27.820000	52.694970	10046.707150
-27.768000	52.695243	10046.727128
-27.716000	52.695517	10046.747116
-27.664000	52.695791	10046.767108
-27.612000	52.695890	10046.753778
-27.560000	52.695890	10046.721482
-27.508000	52.696086	10046.726549
-27.456000	52.696359	10046.746541
-27.404000	52.696633	10046.766522
-27.352000	52.696907	10046.786500
-27.300000	52.696943	10046.761073
-27.248000	52.696943	10046.728816
-27.196000	52.697202	10046.746013
-27.144000	52.697475	10046.766017
-27.092000	52.697749	10046.786025
-27.040000	52.697995	10046.800772
-26.988000	52.697995	10046.768494
-26.936000	52.698044	10046.745532
-26.884000	52.698317	10046.765565
-26.832000	52.698591	10046.785604
-26.780000	52.698865	10046.805623
-26.728000	52.699048	10046.808273
-26.676000	52.699048	10046.776056
-26.624000	52.699160	10046.765264
-26.572000	52.699433	10046.785307
-26.520000	52.699707	10046.805360
-26.468000	52.699981	10046.825416
-26.416000	52.700100	10046.815984
-26.364000	52.700100	10046.783779
-26.312000	52.700276	10046.785117
-26.260000	52.700549	10046.805198
-26.208000	52.700626	10046.787714
-26.156000	52.700626	10046.755533
-26.104000	52.700844	10046.764971
-26.052000	52.701118	10046.785077
-26.000000	52.701391	10046.805189
-25.948000	52.701665	10046.825308
-25.896000	52.701679	10046.795745
-25.844000	52.701686	10046.765052
-25.792000	52.701960	10046.785211
-25.740000	52.702234	10046.805380
-25.688000	52.702507	10046.825529
-25.636000	52.702731	10046.836160
-25.584000	52.702731	10046.804070
-25.532000	52.702802	10046.785551
-25.480000	52.703076	10046.805721
-25.428000	52.703350	10046.825907
-25.376000	52.703623	10046.846115
-25.324000	52.703784	10046.844694
-25.272000	52.703784	10046.812640
-25.220000	52.703918	10046.806282
-25.168000	52.704192	10046.826541
-25.116000	52.704465	10046.846809
-25.064000	52.704739	10046.867079
-25.012000	52.704836	10046.853592
-24.960000	52.704836	10046.821575
-24.908000	52.705034	10046.827386
-24.856000	52.705308	10046.847707
-24.804000	52.705581	10046.868018
-24.752000	52.705855	10046.888325
-24.700000	52.705889	10046.862791
-24.648000	52.705889	10046.830862
-24.596000	52.706150	10046.848864
-24.544000	52.706415	10046.867579
-24.492000	52.706415	10046.835693
-24.440000	52.706445	10046.809520
-24.388000	52.706718	10046.829919
-24.336000	52.706992	10046.850327
-24.284000	52.707266	10046.870763
-24.232000	52.707467	10046.877427
-24.180000	52.707467	10046.845600
-24.128000	52.707561	10046.831608
-24.076000	52.707834	10046.852093
-24.024000	52.708108	10046.872595
-23.972000	52.708382	10046.893117
-23.920000	52.708520	10046.887755
-23.868000	52.708520	10046.856015
-23.816000	52.708676	10046.854217
-23.764000	52.708950	10046.874763
-23.712000	52.709046	10046.861373
-23.660000	52.709046	10046.829709
-23.608000	52.709245	10046.836061
-23.556000	52.709519	10046.856682
-23.504000	52.709792	10046.877328
-23.452000	52.710066	10046.897988
-23.400000	52.710098	10046.872569
-23.348000	52.710098	10046.840966
-23.296000	52.710361	10046.859512
-23.244000	52.710625	10046.878335
-23.192000	52.710625	10046.846797
-23.140000	52.710656	10046.821193
-23.088000	52.710929	10046.841969
-23.036000	52.711203	10046.862754
-22.984000	52.711477	10046.883568
-22.932000	52.711677	10046.890394
-22.880000	52.711677	10046.858970
-22.828000	52.711772	10046.845592
-22.776000	52.712045	10046.866453
-22.724000	52.712203	10046.865264
-22.672000	52.712203	10046.833914
-22.620000	52.712340	10046.828686
-22.568000	52.712614	10046.849622
-22.516000	52.712730	10046.840439
-22.464000	52.712730	10046.809165
-22.412000	52.712909	10046.812086
-22.360000	52.713182	10046.833097
-22.308000	52.713256	10046.815919
-22.256000	52.713256	10046.784720
-22.204000	52.713477	10046.795808
-22.152000	52.713751	10046.816920
-22.100000	52.714024	10046.838037
-22.048000	52.714298	10046.859160
-21.996000	52.714308	10046.829991
-21.944000	52.714319	10046.801007
-21.892000	52.714593	10046.822221
-21.840000	52.714834	10046.837304
-21.788000	52.714834	10046.806308
-21.736000	52.714888	10046.785502
-21.684000	52.715161	10046.806818
-21.632000	52.715361	10046.813925
-21.580000	52.715361	10046.782978
-21.528000	52.715456	10046.770310
-21.476000	52.715730	10046.791726
-21.424000	52.715887	10046.790858
-21.372000	52.715887	10046.760010
-21.320000	52.716025	10046.755520
-21.268000	52.716299	10046.777010
-21.216000	52.716413	10046.768162
-21.164000	52.716413	10046.737441
-21.112000	52.716593	10046.741133
-21.060000	52.716867	10046.762697
-21.008000	52.716939	10046.745870
-20.956000	52.716939	10046.715249
-20.904000	52.717162	10046.727134
-20.852000	52.717436	10046.748824
-20.800000	52.717466	10046.724019
-20.748000	52.717466	10046.693472
-20.696000	52.717466	10046.662973
-20.644000	52.717478	10046.634810
-20.592000	52.717752	10046.656628
-20.540000	52.717992	10046.672096
-20.488000	52.717992	10046.641730
-20.436000	52.718046	10046.621769
-20.384000	52.718320	10046.643688
-20.332000	52.718518	10046.651190
-20.280000	52.718518	10046.620924
-20.228000	52.718615	10046.609144
-20.176000	52.718889	10046.631188
-20.124000	52.719044	10046.630745
-20.072000	52.719044	10046.600577
-20.020000	52.719044	10046.570438
-19.968000	52.719044	10046.540333
-19.916000	52.719204	10046.540845
-19.864000	52.719478	10046.563078
-19.812000	52.719571	10046.550721
-19.760000	52.719571	10046.520742
-19.708000	52.719773	10046.529447
-19.656000	52.720047	10046.551779
-19.604000	52.720097	10046.531452
-19.552000	52.720097	10046.501573
-19.500000	52.720097	10046.471758
-19.448000	52.720097	10046.441967
-19.396000	52.720363	10046.462978
-19.344000	52.720623	10046.482959
-19.292000	52.720623	10046.453280
-19.240000	52.720623	10046.423615
-19.188000	52.720623	10046.393979
-19.136000	52.720679	10046.374970
-19.084000	52.720952	10046.397697
-19.032000	52.721149	10046.405786
-18.980000	52.721149	10046.376301
-18.928000	52.721149	10046.346835
-18.876000	52.721149	10046.317411
-18.824000	52.721268	10046.310740
-18.772000	52.721542	10046.333653
-18.720000	52.721676	10046.329828
-18.668000	52.721676	10046.300530
-18.616000	52.721676	10046.271274
-18.564000	52.721676	10046.242065
-18.512000	52.721858	10046.247731
-18.460000	52.722132	10046.270858
-18.408000	52.722202	10046.255159
-18.356000	52.722202	10046.226101
-18.304000	52.722202	10046.197066
-18.252000	52.722202	10046.168043
-18.200000	52.722448	10046.186060
-18.148000	52.722721	10046.209427
-18.096000	52.722728	10046.181827
-18.044000	52.722728	10046.152956
-17.992000	52.722728	10046.124184
-17.940000	52.722728	10046.095427
-17.888000	52.722728	10046.066700
-17.836000	52.722785	10046.048818
-17.784000	52.723058	10046.072479
-17.732000	52.723254	10046.081285
-17.680000	52.723254	10046.052733
-17.628000	52.723254	10046.024201
-17.576000	52.723254	10045.995712
-17.524000	52.723254	10045.967262
-17.472000	52.723254	10045.938886
-17.420000	52.723395	10045.937512
-17.368000	52.723669	10045.961447
-17.316000	52.723780	10045.954415
-17.264000	52.723780	10045.926191
-17.212000	52.723780	10045.898014
-17.160000	52.723780	10045.869878
-17.108000	52.723780	10045.841779
-17.056000	52.723780	10045.813705
-17.004000	52.723780	10045.785690
-16.952000	52.723780	10045.757704
-16.900000	52.724027	10045.776956
-16.848000	52.724301	10045.801332
-16.796000	52.724307	10045.774590
-16.744000	52.724307	10045.746806
-16.692000	52.724307	10045.719075
-16.640000	52.724307	10045.691353
-16.588000	52.724307	10045.663713
-16.536000	52.724307	10045.636086
-16.484000	52.724307	10045.608533
-16.432000	52.724386	10045.596088
-16.380000	52.724659	10045.620897
-16.328000	52.724833	10045.626607
-16.276000	52.724833	10045.599230
-16.224000	52.724833	10045.571892
-16.172000	52.724833	10045.544629
-16.120000	52.724833	10045.517394
-16.068000	52.724833	10045.490193
-16.016000	52.724833	10045.463047
-15.964000	52.724833	10045.435961
-15.912000	52.724833	10045.408922
-15.860000	52.724833	10045.381924
-15.808000	52.725039	10045.394309
-15.756000	52.725312	10045.419699
-15.704000	52.725359	10045.401795
-15.652000	52.725359	10045.374999
-15.600000	52.725359	10045.348267
-15.548000	52.725359	10045.321558
-15.496000	52.725359	10045.294942
-15.444000	52.725359	10045.268347
-15.392000	52.725359	10045.241828
-15.340000	52.725359	10045.215322
-15.288000	52.725359	10045.188896
-15.236000	52.725359	10045.162485
-15.184000	52.725359	10045.136173
-15.132000	52.725439	10045.125190
-15.080000	52.725713	10045.151266
-15.028000	52.725885	10045.158024
-14.976000	52.725885	10045.131913
-14.924000	52.725885	10045.105841
-14.872000	52.725885	10045.079844
-14.820000	52.725885	10045.053895
-14.768000	52.725885	10045.028012
-14.716000	52.725885	10045.002171
-14.664000	52.725885	10044.976376
-14.612000	52.725885	10044.950643
-14.560000	52.725885	10044.924961
-14.508000	52.725885	10044.899350
-14.456000	52.725885	10044.873782
-14.404000	52.725885	10044.848292
-14.352000	52.725885	10044.822838
-14.300000	52.726135	10044.845077
-14.248000	52.726408	10044.872012
-14.196000	52.726412	10044.847370
-14.144000	52.726412	10044.822117
-14.092000	52.726412	10044.796989
-14.040000	52.726412	10044.771876
-13.988000	52.726412	10044.746845
-13.936000	52.726412	10044.721831
-13.884000	52.726412	10044.696939
-13.832000	52.726412	10044.672066
-13.780000	52.726412	10044.647261
-13.728000	52.726412	10044.622494
-13.676000	52.726412	10044.597828
-13.624000	52.726412	10044.573203
-13.572000	52.726412	10044.548651
-13.520000	52.726412	10044.524146
-13.468000	52.726412	10044.499708
-13.416000	52.726577	10044.507000
-13.364000	52.726851	10044.534950
-13.312000	52.726938	10044.527263
-13.260000	52.726938	10044.503079
-13.208000	52.726938	10044.478948
-13.156000	52.726938	10044.454850
-13.104000	52.726938	10044.430867
-13.052000	52.726938	10044.406935
-13.000000	52.726938	10044.383069
-12.948000	52.726938	10044.359225
-12.896000	52.726938	10044.335495
-12.844000	52.726938	10044.311791
-12.792000	52.726938	10044.288187
-12.740000	52.726938	10044.264596
-12.688000	52.726938	10044.241139
-12.636000	52.726999	10044.229399
-12.584000	52.727273	10044.258329
-12.532000	52.727464	10044.271545
-12.480000	52.727464	10044.248339
-12.428000	52.727464	10044.225172
-12.376000	52.727464	10044.202105
-12.324000	52.727464	10044.179079
-12.272000	52.727464	10044.156126
-12.220000	52.727464	10044.133231
-12.168000	52.727464	10044.110418
-12.116000	52.727464	10044.087659
-12.064000	52.727464	10044.064959
-12.012000	52.727464	10044.042350
-11.960000	52.727464	10044.019816
-11.908000	52.727464	10043.997352
-11.856000	52.727464	10043.974931
-11.804000	52.727694	10043.996594
-11.752000	52.727968	10044.026560
-11.700000	52.727990	10044.008608
-11.648000	52.727990	10043.986466
-11.596000	52.727990	10043.964439
-11.544000	52.727990	10043.942436
-11.492000	52.727990	10043.920534
-11.440000	52.727990	10043.898646
-11.388000	52.727990	10043.876915
-11.336000	52.727990	10043.855200
-11.284000	52.727990	10043.833583
-11.232000	52.727990	10043.811998
-11.180000	52.727990	10043.790545
-11.128000	52.728095	10043.789128
-11.076000	52.728369	10043.820089
-11.024000	52.728517	10043.827063
-10.972000	52.728517	10043.805889
-10.920000	52.728517	10043.784762
-10.868000	52.728517	10043.763702
-10.816000	52.728517	10043.742733
-10.764000	52.728517	10043.721863
-10.712000	52.728517	10043.701057
-10.660000	52.728517	10043.680300
-10.608000	52.728517	10043.659647
-10.556000	52.728517	10043.639056
-10.504000	52.728748	10043.662786
-10.452000	52.729022	10043.694608
-10.400000	52.729043	10043.678275
-10.348000	52.729043	10043.657962
-10.296000	52.729043	10043.637787
-10.244000	52.729043	10043.617640
-10.192000	52.729043	10043.597618
-10.140000	52.729043	10043.577612
-10.088000	52.729043	10043.557736
-10.036000	52.729106	10043.550020
-9.984000	52.729380	10043.582584
-9.932000	52.729569	10043.599004
-9.880000	52.729569	10043.579459
-9.828000	52.729569	10043.559952
-9.776000	52.729569	10043.540545
-9.724000	52.729569	10043.521196
-9.672000	52.729569	10043.501954
-9.620000	52.729569	10043.482771
-9.568000	52.729569	10043.463669
-9.516000	52.729738	10043.476975
-9.464000	52.730012	10043.510312
-9.412000	52.730095	10043.507375
-9.360000	52.730095	10043.488603
-9.308000	52.730095	10043.469918
-9.256000	52.730095	10043.451285
-9.204000	52.730095	10043.432786
-9.152000	52.730095	10043.414344
-9.100000	52.730349	10043.444488
-9.048000	52.730621	10043.478216
-8.996000	52.730621	10043.460052
-8.944000	52.730621	10043.441914
-8.892000	52.730621	10043.423926
-8.840000	52.730621	10043.405956
-8.788000	52.730621	10043.388116
-8.736000	52.730686	10043.382656
-8.684000	52.730960	10043.417282
-8.632000	52.731148	10043.435545
-8.580000	52.731148	10043.418061
-8.528000	52.731148	10043.400616
-8.476000	52.731148	10043.383270
-8.424000	52.731148	10043.365990
-8.372000	52.731148	10043.348836
-8.320000	52.731297	10043.360258
-8.268000	52.731571	10043.395543
-8.216000	52.731674	10043.398362
-8.164000	52.731674	10043.381538
-8.112000	52.731674	10043.364805
-8.060000	52.731674	10043.348146
-8.008000	52.731887	10043.372212
-7.956000	52.732160	10043.407991
-7.904000	52.732200	10043.399245
-7.852000	52.732200	10043.382942
-7.800000	52.732200	10043.366745
-7.748000	52.732203	10043.351041
-7.696000	52.732476	10043.387311
-7.644000	52.732726	10043.419113
-7.592000	52.732726	10043.403314
-7.540000	52.732726	10043.387534
-7.488000	52.732726	10043.371910
-7.436000	52.732792	10043.368882
-7.384000	52.733066	10043.405696
-7.332000	52.733253	10043.425932
-7.280000	52.733253	10043.410637
-7.228000	52.733253	10043.395395
-7.176000	52.733253	10043.380290
-7.124000	52.733382	10043.389940
-7.072000	52.733656	10043.427301
-7.020000	52.733779	10043.436006
-6.968000	52.733779	10043.421257
-6.916000	52.733779	10043.406589
-6.864000	52.733779	10043.392005
-6.812000	52.733972	10043.414331
-6.760000	52.734245	10043.452212
-6.708000	52.734305	10043.449375
-6.656000	52.734305	10043.435172
-6.604000	52.734540	10043.465982
-6.552000	52.734814	10043.504245
-6.500000	52.734831	10043.493721
-6.448000	52.734831	10043.479874
-6.396000	52.734831	10043.466190
-6.344000	52.734856	10043.457250
-6.292000	52.735130	10043.496020
-6.240000	52.735358	10043.526053
-6.188000	52.735358	10043.512746
-6.136000	52.735425	10043.512257
-6.084000	52.735698	10043.551415
-6.032000	52.735884	10043.573782
-5.980000	52.735884	10043.560857
-5.928000	52.735884	10043.547985
-5.876000	52.735884	10043.535250
-5.824000	52.736014	10043.547488
-5.772000	52.736288	10043.587218
-5.720000	52.736410	10043.598074
-5.668000	52.736410	10043.585695
-5.616000	52.736583	10043.606404
-5.564000	52.736856	10043.646516
-5.512000	52.736936	10043.649716
-5.460000	52.736936	10043.637744
-5.408000	52.736936	10043.625877
-5.356000	52.736936	10043.614070
-5.304000	52.737172	10043.647512
-5.252000	52.737446	10043.688195
-5.200000	52.737463	10043.679874
-5.148000	52.737467	10043.669344
-5.096000	52.737741	10043.710378
-5.044000	52.737989	10043.746508
-4.992000	52.737989	10043.735476
-4.940000	52.738036	10043.733434
-4.888000	52.738309	10043.774875
-4.836000	52.738515	10043.803330
-4.784000	52.738515	10043.792686
-4.732000	52.738604	10043.799130
-4.680000	52.738878	10043.840951
-4.628000	52.739041	10043.861746
-4.576000	52.739041	10043.851509
-4.524000	52.739041	10043.841340
-4.472000	52.739041	10043.831294
-4.420000	52.739194	10043.850490
-4.368000	52.739468	10043.892909
-4.316000	52.739567	10043.902223
-4.264000	52.739567	10043.892558
-4.212000	52.739762	10043.920253
-4.160000	52.740036	10043.963079
-4.108000	52.740094	10043.964752
-4.056000	52.740094	10043.955494
-4.004000	52.740331	10043.991704
-3.952000	52.740605	10044.034936
-3.900000	52.740620	10044.028968
-3.848000	52.740626	10044.021231
-3.796000	52.740899	10044.064818
-3.744000	52.741146	10044.103279
-3.692000	52.741146	10044.094821
-3.640000	52.741194	10044.095573
-3.588000	52.741468	10044.139588
-3.536000	52.741672	10044.170404
-3.484000	52.741672	10044.162361
-3.432000	52.741672	10044.154363
-3.380000	52.741672	10044.146537
-3.328000	52.741784	10044.160061
-3.276000	52.742058	10044.204672
-3.224000	52.742199	10044.224029
-3.172000	52.742199	10044.216609
-3.120000	52.742352	10044.238650
-3.068000	52.742626	10044.283695
-3.016000	52.742725	10044.295431
-2.964000	52.742725	10044.288418
-2.912000	52.742921	10044.318969
-2.860000	52.743195	10044.364420
-2.808000	52.743251	10044.368519
-2.756000	52.743251	10044.361913
-2.704000	52.743489	10044.400993
-2.652000	52.743763	10044.446877
-2.600000	52.743777	10044.443344
-2.548000	52.743784	10044.438476
-2.496000	52.744058	10044.484762
-2.444000	52.744304	10044.525709
-2.392000	52.744304	10044.519905
-2.340000	52.744304	10044.514121
-2.288000	52.744304	10044.508565
-2.236000	52.744374	10044.516484
-2.184000	52.744648	10044.563419
-2.132000	52.744830	10044.592910
-2.080000	52.744830	10044.587760
-2.028000	52.744942	10044.604194
-1.976000	52.745216	10044.651535
-1.924000	52.745356	10044.673394
-1.872000	52.745356	10044.668677
-1.820000	52.745511	10044.693651
-1.768000	52.745785	10044.741424
-1.716000	52.745882	10044.755672
-1.664000	52.745882	10044.751388
-1.612000	52.745882	10044.747228
-1.560000	52.745882	10044.743160
-1.508000	52.746101	10044.780926
-1.456000	52.746374	10044.829322
-1.404000	52.746408	10044.832146
-1.352000	52.746408	10044.828510
-1.300000	52.746669	10044.874812
-1.248000	52.746935	10044.922091
-1.196000	52.746935	10044.918857
-1.144000	52.746935	10044.915654
-1.092000	52.746935	10044.912630
-1.040000	52.746985	10044.919252
-0.988000	52.747259	10044.968751
-0.936000	52.747461	10045.004616
-0.884000	52.747461	10045.002056
-0.832000	52.747461	10044.999537
-0.780000	52.747461	10044.997167
-0.728000	52.747575	10045.016606
-0.676000	52.747848	10045.066752
-0.624000	52.747987	10045.091200
-0.572000	52.747987	10045.089289
-0.520000	52.748143	10045.117286
-0.468000	52.748417	10045.167865
-0.416000	52.748513	10045.184701
-0.364000	52.748513	10045.183222
-0.312000	52.748513	10045.181869
-0.260000	52.748513	10045.180606
-0.208000	52.748513	10045.179484
-0.156000	52.748513	10045.178437
-0.104000	52.748754	10045.223514
-0.052000	52.749028	10045.274957
-0.000000	52.749040	10045.276591
0.052000	52.749040	10045.276003
0.104000	52.749040	10045.275603
0.156000	52.749070	10045.281036
0.208000	52.749344	10045.333143
0.260000	52.749566	10045.375427
0.312000	52.749566	10045.375481
0.364000	52.749566	10045.375567
0.416000	52.749566	10045.375837
0.468000	52.749660	10045.394079
0.520000	52.749933	10045.446866
0.572000	52.750092	10045.477759
0.624000	52.750092	10045.478487
0.676000	52.750092	10045.479295
0.728000	52.750092	10045.480239
0.780000	52.750092	10045.481279
0.832000	52.750092	10045.482439
0.884000	52.750092	10045.483724
0.936000	52.750092	10045.485127
0.988000	52.750292	10045.524764
1.040000	52.750565	10045.578657
1.092000	52.750618	10045.590546
1.144000	52.750618	10045.592381
1.196000	52.750618	10045.594393
1.248000	52.750618	10045.596470
1.300000	52.750618	10045.598721
1.352000	52.750618	10045.601014
1.404000	52.750618	10045.603497
1.456000	52.750650	10045.612028
1.508000	52.750924	10045.667017
1.560000	52.751145	10045.711967
1.612000	52.751145	10045.714929
1.664000	52.751145	10045.717922
1.716000	52.751145	10045.721099
1.768000	52.751145	10045.724330
1.820000	52.751145	10045.727750
1.872000	52.751145	10045.731233
1.924000	52.751145	10045.734868
1.976000	52.751145	10045.738584
2.028000	52.751145	10045.742435
2.080000	52.751145	10045.746393
2.132000	52.751145	10045.750487
2.184000	52.751145	10045.754691
2.236000	52.751145	10045.759001
2.288000	52.751145	10045.763437
2.340000	52.751145	10045.767962
2.392000	52.751366	10045.815012
2.444000	52.751640	10045.872053
2.496000	52.751671	10045.882852
2.548000	52.751671	10045.887834
2.600000	52.751671	10045.893014
2.652000	52.751671	10045.898239
2.704000	52.751671	10045.903654
2.756000	52.751671	10045.909095
2.808000	52.751671	10045.914742
2.860000	52.751671	10045.920412
2.912000	52.751671	10045.926305
2.964000	52.751671	10045.932235
3.016000	52.751671	10045.938370
3.068000	52.751671	10045.944549
3.120000	52.751671	10045.950873
3.172000	52.751671	10045.957271
3.224000	52.751671	10045.963837
3.276000	52.751671	10045.970495
3.328000	52.751671	10045.977303
3.380000	52.751511	10045.953740
3.432000	52.751238	10045.908491
3.484000	52.751145	10045.897859
3.536000	52.751145	10045.905100
3.588000	52.751145	10045.912484
3.640000	52.751145	10045.919966
3.692000	52.751145	10045.927610
3.744000	52.751145	10045.935334
3.796000	52.751145	10045.943198
3.848000	52.751145	10045.951112
3.900000	52.751145	10045.959223
3.952000	52.751145	10045.967378
4.004000	52.751145	10045.975749
4.056000	52.751145	10045.984147
4.108000	52.751145	10045.992752
4.160000	52.751090	10045.990880
4.212000	52.750816	10045.947430
4.264000	52.750618	10045.918551
4.316000	52.750618	10045.927617
4.368000	52.750618	10045.936738
4.420000	52.750618	10045.946045
4.472000	52.750618	10045.955410
4.524000	52.750618	10045.964907
4.576000	52.750618	10045.974495
4.628000	52.750618	10045.984234
4.680000	52.750458	10045.963396
4.732000	52.750184	10045.921102
4.784000	52.750092	10045.913645
4.836000	52.750092	10045.923842
4.888000	52.750092	10045.934167
4.940000	52.750092	10045.944579
4.992000	52.750092	10045.955153
5.044000	52.750092	10045.965807
5.096000	52.749847	10045.929784
5.148000	52.749573	10045.888379
5.200000	52.749566	10045.898048
5.252000	52.749566	10045.909159
5.304000	52.749566	10045.920462
5.356000	52.749531	10045.925112
5.408000	52.749257	10045.884399
5.460000	52.749040	10045.854419
5.512000	52.749040	10045.866172
5.564000	52.749040	10045.877967
5.616000	52.749040	10045.889988
5.668000	52.748941	10045.883263
5.720000	52.748668	10045.843199
5.772000	52.748513	10045.826037
5.824000	52.748513	10045.838489
5.876000	52.748513	10045.851023
5.928000	52.748513	10045.863691
5.980000	52.748352	10045.845564
6.032000	52.748078	10045.806199
6.084000	52.747987	10045.801890
6.136000	52.747987	10045.815015
6.188000	52.747783	10045.789290
6.240000	52.747509	10045.750356
6.292000	52.747461	10045.754603
6.344000	52.747461	10045.768185
6.396000	52.747461	10045.781928
6.448000	52.747461	10045.795726
6.500000	52.747193	10045.758630
6.552000	52.746935	10045.723252
6.604000	52.746935	10045.737460
6.656000	52.746899	10045.744794
6.708000	52.746625	10045.706984
6.760000	52.746408	10045.680126
6.812000	52.746408	10045.694807
6.864000	52.746330	10045.694557
6.916000	52.746056	10045.657206
6.968000	52.745882	10045.638913
7.020000	52.745882	10045.654051
7.072000	52.745762	10045.646210
7.124000	52.745488	10045.609290
7.176000	52.745356	10045.599536
7.228000	52.745356	10045.615105
7.280000	52.745193	10045.599663
7.332000	52.744919	10045.563199
7.384000	52.744646	10045.526836
7.436000	52.744372	10045.490562
7.488000	52.744304	10045.493632
7.540000	52.744304	10045.509873
7.592000	52.744077	10045.483044
7.644000	52.743803	10045.447253
7.696000	52.743777	10045.458877
7.748000	52.743777	10045.475550
7.800000	52.743509	10045.441112
7.852000	52.743235	10045.405752
7.904000	52.742961	10045.370562
7.956000	52.742725	10045.342503
8.008000	52.742725	10045.359842
8.060000	52.742666	10045.366052
8.112000	52.742393	10045.331334
8.164000	52.742199	10045.311839
8.216000	52.742199	10045.329610
8.268000	52.742098	10045.328213
8.320000	52.741824	10045.293951
8.372000	52.741551	10045.259750
8.424000	52.741277	10045.225677
8.476000	52.741146	10045.218990
8.528000	52.741146	10045.237407
8.580000	52.740982	10045.224597
8.632000	52.740708	10045.190981
8.684000	52.740435	10045.157467
8.736000	52.740161	10045.124041
8.788000	52.740094	10045.130177
8.840000	52.740094	10045.149267
8.892000	52.739866	10045.125051
8.944000	52.739592	10045.092082
8.996000	52.739319	10045.059255
9.048000	52.739045	10045.026475
9.100000	52.738771	10044.993896
9.152000	52.738515	10044.964650
9.204000	52.738515	10044.984556
9.256000	52.738477	10044.997151
9.308000	52.738203	10044.965039
9.360000	52.737929	10044.932945
9.412000	52.737656	10044.901022
9.464000	52.737382	10044.869139
9.516000	52.737108	10044.837457
9.568000	52.736936	10044.825266
9.620000	52.736936	10044.846047
9.672000	52.736813	10044.843416
9.724000	52.736540	10044.812139
9.776000	52.736266	10044.780946
9.828000	52.735992	10044.749884
9.880000	52.735719	10044.718922
9.932000	52.735445	10044.688076
9.984000	52.735358	10044.692940
10.036000	52.735358	10044.714583
10.088000	52.735150	10044.696709
10.140000	52.734876	10044.666267
10.192000	52.734603	10044.635973
10.244000	52.734329	10044.605746
10.296000	52.734055	10044.575683
10.348000	52.733782	10044.545671
10.400000	52.733508	10044.515840
10.452000	52.733253	10044.489553
10.504000	52.733253	10044.512227
10.556000	52.733213	10044.527373
10.608000	52.732939	10044.497977
10.660000	52.732666	10044.468602
10.712000	52.732392	10044.439421
10.764000	52.732118	10044.410273
10.816000	52.731845	10044.381281
10.868000	52.731571	10044.352342
10.920000	52.731297	10044.323565
10.972000	52.731024	10044.294858
11.024000	52.730750	10044.266297
11.076000	52.730621	10044.265557
11.128000	52.730621	10044.289485
11.180000	52.730455	10044.281727
11.232000	52.730181	10044.253570
11.284000	52.729908	10044.225516
11.336000	52.729634	10044.197548
11.388000	52.729360	10044.169713
11.440000	52.729087	10044.141960
11.492000	52.728813	10044.114356
11.544000	52.728539	10044.086819
11.596000	52.728266	10044.059426
11.648000	52.727992	10044.032078
11.700000	52.727990	10044.056874
11.752000	52.727971	10044.078287
11.804000	52.727697	10044.051326
11.856000	52.727423	10044.024384
11.908000	52.727150	10043.997624
11.960000	52.726876	10043.970887
12.012000	52.726602	10043.944343
12.064000	52.726329	10043.917832
12.116000	52.726055	10043.891477
12.168000	52.725781	10043.865170
12.220000	52.725508	10043.839004
12.272000	52.725234	10043.812908
12.324000	52.724960	10043.786957
12.376000	52.724687	10043.761082
12.428000	52.724413	10043.735320
12.480000	52.724307	10043.741652
12.532000	52.724307	10043.768380
12.584000	52.724118	10043.759166
12.636000	52.723844	10043.733783
12.688000	52.723571	10043.708533
12.740000	52.723297	10043.683364
12.792000	52.723023	10043.658327
12.844000	52.722750	10043.633347
12.896000	52.722476	10043.608533
12.948000	52.722202	10043.583769
13.000000	52.721929	10043.559142
13.052000	52.721655	10043.534540
13.104000	52.721381	10043.510112
13.156000	52.721107	10043.485702
13.208000	52.720834	10043.461500
13.260000	52.720560	10043.437319
13.312000	52.720286	10043.413307
13.364000	52.720097	10043.405383
13.416000	52.720097	10043.433808
13.468000	52.719992	10043.442190
13.520000	52.719718	10043.418556
13.572000	52.719444	10043.394984
13.624000	52.719171	10043.371538
13.676000	52.718897	10043.348158
13.728000	52.718623	10043.324876
13.780000	52.718349	10043.301696
13.832000	52.718076	10043.278629
13.884000	52.717802	10043.255651
13.936000	52.717528	10043.232746
13.988000	52.717255	10043.209976
14.040000	52.716981	10043.187287
14.092000	52.716707	10043.164711
14.144000	52.716434	10043.142184
14.196000	52.716160	10043.119803
14.248000	52.715886	10043.097466
14.300000	52.715613	10043.075288
14.352000	52.715361	10043.057302
14.404000	52.715361	10043.087577
14.456000	52.715318	10043.109668
14.508000	52.715044	10043.087893
14.560000	52.714770	10043.066137
14.612000	52.714497	10043.044525
14.664000	52.714223	10043.022943
14.716000	52.713949	10043.001494
14.768000	52.713676	10042.980100
14.820000	52.713402	10042.958866
14.872000	52.713128	10042.937686
14.924000	52.712855	10042.916615
14.976000	52.712581	10042.895610
15.028000	52.712307	10042.874702
15.080000	52.712034	10042.853884
15.132000	52.711760	10042.833165
15.184000	52.711486	10042.812550
15.236000	52.711212	10042.792019
15.288000	52.711151	10042.812095
15.340000	52.711151	10042.844001
15.392000	52.710918	10042.831499
15.444000	52.710644	10042.811320
15.496000	52.710370	10042.791267
15.548000	52.710097	10042.771251
15.600000	52.709823	10042.751373
15.652000	52.709549	10042.731520
15.704000	52.709276	10042.711841
15.756000	52.709002	10042.692180
15.808000	52.708728	10042.672675
15.860000	52.708454	10042.653191
15.912000	52.708181	10042.633874
15.964000	52.707907	10042.614589
16.016000	52.707633	10042.595435
16.068000	52.707467	10042.596857
16.120000	52.707467	10042.630140
16.172000	52.707339	10042.638908
16.224000	52.707065	10042.620079
16.276000	52.706791	10042.601329
16.328000	52.706518	10042.582690
16.380000	52.706244	10042.564116
16.432000	52.705970	10042.545614
16.484000	52.705696	10042.527217
16.536000	52.705423	10042.508903
16.588000	52.705149	10042.490692
16.640000	52.704875	10042.472541
16.692000	52.704602	10042.454505
16.744000	52.704328	10042.436517
16.796000	52.704054	10042.418655
16.848000	52.703784	10042.401391
16.900000	52.703784	10042.435978
16.952000	52.703760	10042.465991
17.004000	52.703486	10042.448479
17.056000	52.703212	10042.430983
17.108000	52.702938	10042.413642
17.160000	52.702665	10042.396320
17.212000	52.702391	10042.379142
17.264000	52.702117	10042.361995
17.316000	52.701844	10042.344980
17.368000	52.701570	10042.328008
17.420000	52.701296	10042.311155
17.472000	52.701023	10042.294349
17.524000	52.700749	10042.277633
17.576000	52.700626	10042.289821
17.628000	52.700626	10042.325568
17.680000	52.700454	10042.328518
17.732000	52.700180	10042.312127
17.784000	52.699907	10042.295828
17.836000	52.699633	10042.279600
17.888000	52.699359	10042.263459
17.940000	52.699086	10042.247368
17.992000	52.698812	10042.231392
18.044000	52.698538	10042.215463
18.096000	52.698265	10042.199662
18.148000	52.697991	10042.183896
18.200000	52.697717	10042.168270
18.252000	52.697469	10042.157483
18.304000	52.697469	10042.194280
18.356000	52.697422	10042.222237
18.408000	52.697149	10042.206904
18.460000	52.696875	10042.191590
18.512000	52.696601	10042.176419
18.564000	52.696328	10042.161281
18.616000	52.696054	10042.146272
18.668000	52.695780	10042.131302
18.720000	52.695507	10042.116430
18.772000	52.695233	10042.101606
18.824000	52.694959	10042.086870
18.876000	52.694686	10042.072204
18.928000	52.694412	10042.057631
18.980000	52.694311	10042.076207
19.032000	52.694311	10042.114046
19.084000	52.694117	10042.114842
19.136000	52.693843	10042.100544
19.188000	52.693570	10042.086348
19.240000	52.693296	10042.072212
19.292000	52.693022	10042.058173
19.344000	52.692749	10042.044173
19.396000	52.692475	10042.030280
19.448000	52.692201	10042.016417
19.500000	52.691928	10042.002694
19.552000	52.691654	10041.988994
19.604000	52.691380	10041.975395
19.656000	52.691154	10041.970882
19.708000	52.691154	10042.009725
19.760000	52.691085	10042.035476
19.812000	52.690812	10042.022182
19.864000	52.690538	10042.008915
19.916000	52.690264	10041.995757
19.968000	52.689991	10041.982630
20.020000	52.689717	10041.969583
20.072000	52.689443	10041.956592
20.124000	52.689170	10041.943708
20.176000	52.688896	10041.930881
20.228000	52.688622	10041.918133
20.280000	52.688349	10041.905452
20.332000	52.688075	10041.892841
20.384000	52.687997	10041.917629
20.436000	52.687997	10041.957402
20.488000	52.687780	10041.955905
20.540000	52.687506	10041.943567
20.592000	52.687233	10041.931307
20.644000	52.686959	10041.919079
20.696000	52.686685	10041.906959
20.748000	52.686412	10041.894867
20.800000	52.686138	10041.882894
20.852000	52.685864	10041.870939
20.904000	52.685591	10041.859112
20.956000	52.685317	10041.847297
21.008000	52.685043	10041.835586
21.060000	52.684839	10041.837220
21.112000	52.684839	10041.877920
21.164000	52.684748	10041.901282
21.216000	52.684475	10041.889843
21.268000	52.684201	10041.878437
21.320000	52.683927	10041.867109
21.372000	52.683654	10041.855829
21.424000	52.683380	10041.844638
21.476000	52.683106	10041.833505
21.528000	52.682833	10041.822450
21.580000	52.682559	10041.811438
21.632000	52.682285	10041.800468
21.684000	52.682011	10041.789590
21.736000	52.681738	10041.778783
21.788000	52.681464	10041.768046
21.840000	52.681190	10041.757349
21.892000	52.681156	10041.792361
21.944000	52.681156	10041.834049
21.996000	52.680896	10041.826176
22.048000	52.680622	10041.815726
22.100000	52.680348	10041.805371
22.152000	52.680075	10041.795031
22.204000	52.679801	10041.784795
22.256000	52.679527	10041.774569
22.308000	52.679253	10041.764447
22.360000	52.678980	10041.754343
22.412000	52.678706	10041.744357
22.464000	52.678432	10041.734395
22.516000	52.678159	10041.724520
22.568000	52.677885	10041.714683
22.620000	52.677611	10041.704944
22.672000	52.677338	10041.695236
22.724000	52.677064	10041.685582
22.776000	52.676790	10041.675986
22.828000	52.676517	10041.666468
22.880000	52.676420	10041.690727
22.932000	52.676420	10041.733568
22.984000	52.676222	10041.738714
23.036000	52.675948	10041.729418
23.088000	52.675674	10041.720192
23.140000	52.675401	10041.711005
23.192000	52.675127	10041.701898
23.244000	52.674853	10041.692822
23.296000	52.674580	10041.683834
23.348000	52.674306	10041.674868
23.400000	52.674032	10041.665974
23.452000	52.673759	10041.657093
23.504000	52.673485	10041.648340
23.556000	52.673211	10041.639599
23.608000	52.672938	10041.630935
23.660000	52.672664	10041.622290
23.712000	52.672390	10041.613763
23.764000	52.672116	10041.605254
23.816000	52.671843	10041.596811
23.868000	52.671569	10041.588400
23.920000	52.671295	10041.580067
23.972000	52.671022	10041.571775
24.024000	52.670748	10041.563553
24.076000	52.670474	10041.555367
24.128000	52.670201	10041.547230
24.180000	52.669927	10041.539147
24.232000	52.669653	10041.531120
24.284000	52.669380	10041.523157
24.336000	52.669106	10041.515240
24.388000	52.668832	10041.507395
24.440000	52.668559	10041.499589
24.492000	52.668526	10041.537909
24.544000	52.668526	10041.582461
24.596000	52.668264	10041.576997
24.648000	52.667990	10041.569385
24.700000	52.667716	10041.561846
24.752000	52.667443	10041.554319
24.804000	52.667169	10041.546895
24.856000	52.666895	10041.539482
24.908000	52.666622	10041.532146
24.960000	52.666348	10041.524827
25.012000	52.666074	10041.517601
25.064000	52.665801	10041.510395
25.116000	52.665527	10041.503253
25.168000	52.665253	10041.496137
25.220000	52.664979	10041.489080
25.272000	52.664706	10041.482064
25.324000	52.664432	10041.475118
25.376000	52.664158	10041.468220
25.428000	52.663885	10041.461384
25.480000	52.663611	10041.454577
25.532000	52.663337	10041.447800
25.584000	52.663064	10041.441086
25.636000	52.662790	10041.434420
25.688000	52.662516	10041.427807
25.740000	52.662243	10041.421224
25.792000	52.661969	10041.414722
25.844000	52.661695	10041.408250
25.896000	52.661422	10041.401823
25.948000	52.661148	10041.395409
26.000000	52.660874	10041.389091
26.052000	52.660600	10041.382787
26.104000	52.660327	10041.376562
26.156000	52.660053	10041.370347
26.208000	52.659779	10041.364209
26.260000	52.659506	10041.358084
26.312000	52.659232	10041.352030
26.364000	52.658958	10041.345995
26.416000	52.658685	10041.340025
26.468000	52.658411	10041.334089
26.520000	52.658137	10041.328229
26.572000	52.657726	10041.296080
26.624000	52.657178	10041.238005
26.676000	52.656790	10041.210317
26.728000	52.656516	10041.204601
26.780000	52.656243	10041.198927
26.832000	52.655969	10041.193296
26.884000	52.655695	10041.187712
26.936000	52.655422	10041.182165
26.988000	52.655148	10041.176672
27.040000	52.654874	10041.171209
27.092000	52.654601	10041.165807
27.144000	52.654327	10041.160428
27.196000	52.654053	10041.155116
27.248000	52.653779	10041.149822
27.300000	52.653506	10041.144577
27.352000	52.653232	10041.139340
27.404000	52.652958	10041.134209
27.456000	52.652685	10041.129086
27.508000	52.652411	10041.124015
27.560000	52.652137	10041.118954
27.612000	52.651864	10041.113941
27.664000	52.651590	10041.108954
27.716000	52.651316	10041.104051
27.768000	52.651043	10041.099167
27.820000	52.650769	10041.094323
27.872000	52.650495	10041.089511
27.924000	52.650222	10041.084752
27.976000	52.649948	10041.080030
28.028000	52.649674	10041.075355
28.080000	52.649400	10041.070710
28.132000	52.649127	10041.066093
28.184000	52.648853	10041.061510
28.236000	52.648579	10041.056952
28.288000	52.648306	10041.052466
28.340000	52.648032	10041.048019
28.392000	52.647758	10041.043593
28.444000	52.647485	10041.039177
28.496000	52.646945	10040.984093
28.548000	52.646411	10040.930035
28.600000	52.646137	10040.925756
28.652000	52.645864	10040.921483
28.704000	52.645590	10040.917315
28.756000	52.645316	10040.913154
28.808000	52.645043	10040.909020
28.860000	52.644769	10040.904901
28.912000	52.644495	10040.900851
28.964000	52.644222	10040.896822
29.016000	52.643948	10040.892857
29.068000	52.643674	10040.888903
29.120000	52.643400	10040.884970
29.172000	52.643127	10040.881069
29.224000	52.642853	10040.877221
29.276000	52.642579	10040.873411
29.328000	52.642306	10040.869647
29.380000	52.642032	10040.865914
29.432000	52.641758	10040.862209
29.484000	52.641485	10040.858537
29.536000	52.641211	10040.854890
29.588000	52.640937	10040.851281
29.640000	52.640664	10040.847693
29.692000	52.640390	10040.844146
29.744000	52.640116	10040.840616
29.796000	52.639843	10040.837153
29.848000	52.639569	10040.833707
29.900000	52.639295	10040.830312
29.952000	52.638986	10040.820148
30.004000	52.638439	10040.764514
30.056000	52.637948	10040.719706
30.108000	52.637674	10040.716457
30.160000	52.637401	10040.713216
30.212000	52.637127	10040.710000
30.264000	52.636853	10040.706799
30.316000	52.636579	10040.703641
30.368000	52.636306	10040.700502
30.420000	52.636032	10040.697403
30.472000	52.635758	10040.694326
30.524000	52.635485	10040.691286
30.576000	52.635211	10040.688283
30.628000	52.634937	10040.685327
30.680000	52.634664	10040.682387
30.732000	52.634390	10040.679464
30.784000	52.634116	10040.676574
30.836000	52.633843	10040.673709
30.888000	52.633569	10040.670881
30.940000	52.633295	10040.668074
30.992000	52.633022	10040.665329
31.044000	52.632748	10040.662607
31.096000	52.632474	10040.659908
31.148000	52.632200	10040.657218
31.200000	52.631927	10040.654554
31.252000	52.631653	10040.651896
31.304000	52.631379	10040.649318
31.356000	52.631106	10040.646748
31.408000	52.630832	10040.644229
31.460000	52.630558	10040.641718
31.512000	52.630285	10040.639232
31.564000	52.630011	10040.636760
31.616000	52.629737	10040.634332
31.668000	52.629464	10040.631923
31.720000	52.629190	10040.629554
31.772000	52.628916	10040.627207
31.824000	52.628643	10040.624896
31.876000	52.628369	10040.622612
31.928000	52.628095	10040.620360
31.980000	52.627822	10040.618123
32.032000	52.627548	10040.615904
32.084000	52.627274	10040.613718
32.136000	52.627000	10040.611557
32.188000	52.626727	10040.609415
32.240000	52.626453	10040.607286
32.292000	52.626179	10040.605199
32.344000	52.625906	10040.603129
32.396000	52.625632	10040.601104
32.448000	52.625358	10040.599092
32.500000	52.625085	10040.597130
32.552000	52.624811	10040.595176
32.604000	52.624537	10040.593251
32.656000	52.624264	10040.591331
32.708000	52.623990	10040.589438
32.760000	52.623708	10040.586028
32.812000	52.623407	10040.578966
32.864000	52.623126	10040.575785
32.916000	52.622880	10040.579236
32.968000	52.622621	10040.580363
33.020000	52.622348	10040.578620
33.072000	52.622088	10040.579639
33.124000	52.621842	10040.583182
33.176000	52.621579	10040.583595
33.228000	52.621306	10040.581943
33.280000	52.621051	10040.583869
33.332000	52.620804	10040.587503
33.384000	52.620558	10040.591155
33.436000	52.620312	10040.594822
33.488000	52.620065	10040.598526
33.540000	52.619819	10040.602251
33.592000	52.619548	10040.601219
33.644000	52.619274	10040.599723
33.696000	52.619027	10040.603458
33.748000	52.618781	10040.607274
33.800000	52.618535	10040.611116
33.852000	52.618292	10040.615707
33.904000	52.618073	10040.624811
33.956000	52.617848	10040.632774
34.008000	52.617602	10040.636683
34.060000	52.617356	10040.640604
34.112000	52.617109	10040.644571
34.164000	52.616863	10040.648549
34.216000	52.616617	10040.652549
34.268000	52.616383	10040.658918
34.320000	52.616164	10040.668179
34.372000	52.615930	10040.674700
34.424000	52.615684	10040.678792
34.476000	52.615454	10040.686064
34.528000	52.615235	10040.695415
34.580000	52.614998	10040.701214
34.632000	52.614752	10040.705371
34.684000	52.614526	10040.713519
34.736000	52.614307	10040.722936
34.788000	52.614088	10040.732391
34.840000	52.613869	10040.741866
34.892000	52.613625	10040.746563
34.944000	52.613379	10040.750817
34.996000	52.613160	10040.760303
35.048000	52.612941	10040.769843
35.100000	52.612722	10040.779409
35.152000	52.612503	10040.788982
35.204000	52.612284	10040.798583
35.256000	52.612065	10040.808193
35.308000	52.611846	10040.817853
35.360000	52.611635	10040.829088
35.412000	52.611444	10040.843982
35.464000	52.611242	10040.856916
35.516000	52.611023	10040.866641
35.568000	52.610804	10040.876369
35.620000	52.610585	10040.886101
35.672000	52.610381	10040.898640
35.724000	52.610189	10040.913658
35.776000	52.609981	10040.925503
35.828000	52.609762	10040.935326
35.880000	52.609562	10040.948757
35.932000	52.609370	10040.963841
35.984000	52.609158	10040.974931
36.036000	52.608939	10040.984794
36.088000	52.608743	10040.999093
36.140000	52.608551	10041.014242
36.192000	52.608359	10041.029413
36.244000	52.608168	10041.044594
36.296000	52.607976	10041.059800
36.348000	52.607783	10041.074630
36.400000	52.607564	10041.084643
36.452000	52.607349	10041.095448
36.504000	52.607157	10041.110697
36.556000	52.606972	10041.127144
36.608000	52.606808	10041.147679
36.660000	52.606635	10041.166628
36.712000	52.606444	10041.181968
36.764000	52.606252	10041.197312
36.816000	52.606061	10041.212658
36.868000	52.605869	10041.228025
36.920000	52.605677	10041.243431
36.972000	52.605500	10041.261645
37.024000	52.605336	10041.282285
37.076000	52.605155	10041.299730
37.128000	52.604964	10041.315175
37.180000	52.604772	10041.330637
37.232000	52.604580	10041.346115
37.284000	52.604410	10041.365628
37.336000	52.604246	10041.386366
37.388000	52.604082	10041.407125
37.440000	52.603917	10041.427896
37.492000	52.603728	10041.443844
37.544000	52.603536	10041.459395
37.596000	52.603372	10041.480197
37.648000	52.603208	10041.501007
37.700000	52.603044	10041.521868
37.752000	52.602879	10041.542736
37.804000	52.602715	10041.563581
37.856000	52.602551	10041.584435
37.908000	52.602387	10041.605339
37.960000	52.602223	10041.626251
38.012000	52.602058	10041.647188
38.064000	52.601894	10041.668128
38.116000	52.601730	10041.689072
38.168000	52.601566	10041.710027
38.220000	52.601402	10041.731004
38.272000	52.601237	10041.751983
38.324000	52.601073	10041.772967
38.376000	52.600909	10041.793977
38.428000	52.600745	10041.815020
38.480000	52.600580	10041.836064
38.532000	52.600416	10041.857114
38.584000	52.600273	10041.882203
38.636000	52.600136	10041.908487
38.688000	52.599976	10041.930367
38.740000	52.599812	10041.951481
38.792000	52.599648	10041.972598
38.844000	52.599484	10041.993742
38.896000	52.599347	10042.020116
38.948000	52.599208	10042.046071
39.000000	52.599044	10042.067228
39.052000	52.598884	10042.089219
39.104000	52.598747	10042.115636
39.156000	52.598604	10042.140825
39.208000	52.598439	10042.162048
39.260000	52.598284	10042.184911
39.312000	52.598147	10042.211368
39.364000	52.598010	10042.237835
39.416000	52.597873	10042.264325
39.468000	52.597724	10042.288372
39.520000	52.597559	10042.309642
39.572000	52.597410	10042.333773
39.624000	52.597273	10042.360303
39.676000	52.597136	10042.386847
39.728000	52.596999	10042.413410
39.780000	52.596863	10042.439975
39.832000	52.596726	10042.466545
39.884000	52.596568	10042.489073
39.936000	52.596403	10042.510448
39.988000	52.596263	10042.536289
40.040000	52.596126	10042.562899
40.092000	52.595989	10042.589531
40.144000	52.595852	10042.616173
40.196000	52.595715	10042.642818
40.248000	52.595578	10042.669466
40.300000	52.595442	10042.696143
40.352000	52.595305	10042.722824
40.404000	52.595168	10042.749509
40.456000	52.595024	10042.774944
40.508000	52.594860	10042.796434
40.560000	52.594705	10042.819588
40.612000	52.594568	10042.846312
40.664000	52.594431	10042.873047
40.716000	52.594294	10042.899805
40.768000	52.594157	10042.926566
40.820000	52.594021	10042.953331
40.872000	52.593884	10042.980109
40.924000	52.593747	10043.006907
40.976000	52.593610	10043.033707
41.028000	52.593473	10043.060512
41.080000	52.593336	10043.087334
41.132000	52.593199	10043.114173
41.184000	52.593063	10043.141013
41.236000	52.592926	10043.167858
41.288000	52.592789	10043.194705
41.340000	52.592652	10043.221557
41.392000	52.592490	10043.243543
41.444000	52.592326	10043.265266
41.496000	52.592189	10043.292154
41.548000	52.592052	10043.319045
41.600000	52.591915	10043.345965
41.652000	52.591778	10043.372890
41.704000	52.591642	10043.399817
41.756000	52.591505	10043.426749
41.808000	52.591368	10043.453684
41.860000	52.591222	10043.478945
41.912000	52.591058	10043.500678
41.964000	52.590905	10043.524501
42.016000	52.590768	10043.551479
42.068000	52.590631	10043.578463
42.120000	52.590494	10043.605456
42.172000	52.590357	10043.632455
42.224000	52.590221	10043.659463
42.276000	52.590066	10043.683182
42.328000	52.589902	10043.704980
42.380000	52.589757	10043.730485
42.432000	52.589621	10043.757526
42.484000	52.589462	10043.780470
42.536000	52.589298	10043.802298
42.588000	52.589157	10043.828642
42.640000	52.589021	10043.855712
42.692000	52.588858	10043.877882
42.744000	52.588694	10043.899830
42.796000	52.588557	10043.926925
42.848000	52.588418	10043.953534
42.900000	52.588254	10043.975417
42.952000	52.588094	10043.998200
43.004000	52.587957	10044.025323
43.056000	52.587814	10044.051152
43.108000	52.587650	10044.073065
43.160000	52.587485	10044.094984
43.212000	52.587321	10044.116910
43.264000	52.587157	10044.138840
43.316000	52.586993	10044.160779
43.368000	52.586828	10044.182723
43.420000	52.586664	10044.204677
43.472000	52.586515	10044.229550
43.524000	52.586378	10044.256744
43.576000	52.586224	10044.280626
43.628000	52.586060	10044.302608
43.680000	52.585876	10044.320872
43.732000	52.585685	10044.337639
43.784000	52.585515	10044.358537
43.836000	52.585351	10044.380544
43.888000	52.585186	10044.402555
43.940000	52.585022	10044.424571
43.992000	52.584858	10044.446596
44.044000	52.584693	10044.468518
44.096000	52.584502	10044.485329
44.148000	52.584313	10044.502659
44.200000	52.584148	10044.524710
44.252000	52.583979	10044.545849
44.304000	52.583788	10044.562684
44.356000	52.583603	10044.580844
44.408000	52.583439	10044.602918
44.460000	52.583266	10044.623273
44.512000	52.583074	10044.640133
44.564000	52.582883	10044.656997
44.616000	52.582691	10044.673870
44.668000	52.582499	10044.690745
44.720000	52.582308	10044.707626
44.772000	52.582116	10044.724512
44.824000	52.581925	10044.741408
44.876000	52.581733	10044.758305
44.928000	52.581542	10044.775209
44.980000	52.581350	10044.792117
45.032000	52.581158	10044.809033
45.084000	52.580967	10044.825952
45.136000	52.580775	10044.842878
45.188000	52.580584	10044.859808
45.240000	52.580392	10044.876744
45.292000	52.580175	10044.888729
45.344000	52.579956	10044.900578
45.396000	52.579765	10044.917529
45.448000	52.579570	10044.933949
45.500000	52.579351	10044.945683
45.552000	52.579132	10044.957421
45.604000	52.578913	10044.969165
45.656000	52.578694	10044.980914
45.708000	52.578476	10044.992668
45.760000	52.578266	10045.006172
45.812000	52.578074	10045.023162
45.864000	52.577860	10045.035855
45.916000	52.577614	10045.042400
45.968000	52.577381	10045.051502
46.020000	52.577162	10045.063285
46.072000	52.576943	10045.075070
46.124000	52.576724	10045.086861
46.176000	52.576505	10045.098653
46.228000	52.576286	10045.110451
46.280000	52.576047	10045.118488
46.332000	52.575801	10045.125070
46.384000	52.575577	10045.135823
46.436000	52.575358	10045.147639
46.488000	52.575115	10045.154885
46.540000	52.574868	10045.161482
46.592000	52.574622	10045.168082
46.644000	52.574376	10045.174687
46.696000	52.574129	10045.181295
46.748000	52.573883	10045.187908
46.800000	52.573637	10045.194524
46.852000	52.573391	10045.201144
46.904000	52.573144	10045.207767
46.956000	52.572891	10045.213030
47.008000	52.572617	10045.214434
47.060000	52.572353	10045.217609
47.112000	52.572106	10045.224248
47.164000	52.571860	10045.230890
47.216000	52.571614	10045.237535
47.268000	52.571354	10045.241608
47.320000	52.571080	10045.243033
47.372000	52.570806	10045.244460
47.424000	52.570533	10045.245892
47.476000	52.570259	10045.247325
47.528000	52.569985	10045.248765
47.580000	52.569712	10045.250206
47.632000	52.569438	10045.251654
47.684000	52.569164	10045.253101
47.736000	52.568891	10045.254553
47.788000	52.568617	10045.256006
47.840000	52.568343	10045.257464
47.892000	52.568070	10045.258921
47.944000	52.567795	10045.260209
47.996000	52.567494	10045.256447
48.048000	52.567196	10045.253268
48.100000	52.566922	10045.254737
48.152000	52.566643	10045.255227
48.204000	52.566342	10045.251475
48.256000	52.566041	10045.247728
48.308000	52.565740	10045.243982
48.360000	52.565439	10045.240240
48.412000	52.565138	10045.236499
48.464000	52.564837	10045.232761
48.516000	52.564536	10045.229024
48.568000	52.564235	10045.225289
48.620000	52.563934	10045.221560
48.672000	52.563633	10045.217831
48.724000	52.563332	10045.214105
48.776000	52.563013	10045.206973
48.828000	52.562684	10045.198023
48.880000	52.562376	10045.192883
48.932000	52.562075	10045.189168
48.984000	52.561752	10045.181236
49.036000	52.561423	10045.172294
49.088000	52.561095	10045.163354
49.140000	52.560767	10045.154419
49.192000	52.560464	10045.150501
49.244000	52.560162	10045.146597
49.296000	52.559834	10045.137663
49.348000	52.559506	10045.128733
49.400000	52.559177	10045.119802
49.452000	52.558843	10045.109871
49.504000	52.558488	10045.095715
49.556000	52.558139	10045.082971
49.608000	52.557811	10045.074046
49.660000	52.557482	10045.065124
49.712000	52.557154	10045.056205
49.764000	52.556814	10045.045071
49.816000	52.556458	10045.030925
49.868000	52.556116	10045.019399
49.920000	52.555788	10045.010483
49.972000	52.555443	10044.998543
50.024000	52.555088	10044.984401
50.076000	52.554732	10044.970259
50.128000	52.554376	10044.956123
50.180000	52.554020	10044.941983
50.232000	52.553664	10044.927847
50.284000	52.553331	10044.917944
50.336000	52.553002	10044.909038
50.388000	52.552625	10044.890851
50.440000	52.552242	10044.871491
50.492000	52.551885	10044.857169
50.544000	52.551530	10044.843036
50.596000	52.551174	10044.828901
50.648000	52.550818	10044.814771
50.700000	52.550462	10044.800637
50.752000	52.550101	10044.785481
50.804000	52.549718	10044.766120
50.856000	52.549342	10044.748192
50.908000	52.548986	10044.734059
50.960000	52.548621	10044.718094
51.012000	52.548238	10044.698735
51.064000	52.547866	10044.681614
51.116000	52.547511	10044.667482
51.168000	52.547141	10044.650710
51.220000	52.546758	10044.631352
51.272000	52.546375	10044.611993
51.324000	52.545992	10044.592636
51.376000	52.545608	10044.573275
51.428000	52.545225	10044.553916
51.480000	52.544842	10044.534554
51.532000	52.544459	10044.515196
51.584000	52.544076	10044.495833
51.636000	52.543693	10044.476472
51.688000	52.543309	10044.457109
51.740000	52.542926	10044.437748
51.792000	52.542543	10044.418381
51.844000	52.542160	10044.399016
51.896000	52.541777	10044.379652
51.948000	52.541394	10044.360293
52.000000	52.541010	10044.340912
52.052000	52.540622	10044.320488
52.104000	52.540211	10044.295888
52.156000	52.539808	10044.272743
52.208000	52.539425	10044.253380
52.260000	52.539042	10044.234014
52.312000	52.538659	10044.214633
52.364000	52.538264	10044.192996
52.416000	52.537853	10044.168397
52.468000	52.537457	10044.146463
52.520000	52.537074	10044.127100
52.572000	52.536674	10044.104660
52.624000	52.536264	10044.080053
52.676000	52.535871	10044.058904
52.728000	52.535488	10044.039506
52.780000	52.535085	10044.016236
52.832000	52.534674	10043.991620
52.884000	52.534264	10043.967005
52.936000	52.533853	10043.942398
52.988000	52.533467	10043.922455
53.040000	52.533084	10043.903057
53.092000	52.532674	10043.878554
53.144000	52.532264	10043.853911
53.196000	52.531853	10043.829296
53.248000	52.531443	10043.804687
53.300000	52.531032	10043.780032
53.352000	52.530627	10043.756449
53.404000	52.530244	10043.737029
53.456000	52.529853	10043.716140
53.508000	52.529443	10043.691502
53.560000	52.529032	10043.666861
53.612000	52.528622	10043.642206
53.664000	52.528211	10043.617546
53.716000	52.527801	10043.592874
53.768000	52.527390	10043.568205
53.820000	52.526980	10043.543542
53.872000	52.526569	10043.518881
53.924000	52.526158	10043.494227
53.976000	52.525766	10043.473054
54.028000	52.525383	10043.453610
54.080000	52.524980	10043.430257
54.132000	52.524569	10043.405569
54.184000	52.524158	10043.380883
54.236000	52.523748	10043.356204
54.288000	52.523337	10043.331508
54.340000	52.522927	10043.306811
54.392000	52.522516	10043.282096
54.444000	52.522106	10043.257382
54.496000	52.521695	10043.232672
54.548000	52.521285	10043.207967
54.600000	52.520874	10043.183240
54.652000	52.520464	10043.158518
54.704000	52.520053	10043.133801
54.756000	52.519650	10043.110575
54.808000	52.519267	10043.091042
54.860000	52.518874	10043.069620
54.912000	52.518464	10043.044895
54.964000	52.518053	10043.020158
55.016000	52.517643	10042.995390
55.068000	52.517232	10042.970626
55.120000	52.516822	10042.945868
55.172000	52.516427	10042.924210
55.224000	52.516044	10042.904663
55.276000	52.515643	10042.881590
55.328000	52.515232	10042.856798
55.380000	52.514822	10042.832009
55.432000	52.514411	10042.807227
55.484000	52.514023	10042.786751
55.536000	52.513640	10042.767179
55.588000	52.513232	10042.742864
55.640000	52.512821	10042.718048
55.692000	52.512411	10042.693235
55.744000	52.512002	10042.668734
55.796000	52.511619	10042.649110
55.848000	52.511232	10042.628778
55.900000	52.510821	10042.603932
55.952000	52.510417	10042.580202
56.004000	52.510034	10042.560567
56.056000	52.509642	10042.539416
56.108000	52.509232	10042.514537
56.160000	52.508831	10042.491583
56.212000	52.508448	10042.471942
56.264000	52.508065	10042.452288
56.316000	52.507682	10042.432604
56.368000	52.507285	10042.410194
56.420000	52.506874	10042.385293
56.472000	52.506480	10042.363514
56.524000	52.506097	10042.343824
56.576000	52.505714	10042.324121
56.628000	52.505330	10042.304414
56.680000	52.504947	10042.284693
56.732000	52.504564	10042.264970
56.784000	52.504181	10042.245231
56.836000	52.503798	10042.225491
56.888000	52.503415	10042.205733
56.940000	52.503031	10042.185977
56.992000	52.502648	10042.166223
57.044000	52.502265	10042.146476
57.096000	52.501882	10042.126684
57.148000	52.501499	10042.106894
57.200000	52.501116	10042.087082
57.252000	52.500738	10042.068410
57.304000	52.500383	10042.053836
57.356000	52.500019	10042.037719
57.408000	52.499636	10042.017875
57.460000	52.499252	10041.998035
57.512000	52.498869	10041.978201
57.564000	52.498498	10041.960701
57.616000	52.498143	10041.946052
57.668000	52.497772	10041.928657
57.720000	52.497389	10041.908791
57.772000	52.497023	10041.892057
57.824000	52.496667	10041.877377
57.876000	52.496311	10041.862684
57.928000	52.495955	10041.847988
57.980000	52.495579	10041.829332
58.032000	52.495196	10041.809417
58.084000	52.494835	10041.793835
58.136000	52.494479	10041.779105
58.188000	52.494124	10041.764359
58.240000	52.493768	10041.749613
58.292000	52.493412	10041.734849
58.344000	52.493056	10041.720087
58.396000	52.492700	10041.705305
58.448000	52.492345	10041.690527
58.500000	52.491989	10041.675701
58.552000	52.491639	10041.662037
58.604000	52.491311	10041.652449
58.656000	52.490974	10041.641296
58.708000	52.490618	10041.626439
58.760000	52.490263	10041.611580
58.812000	52.489907	10041.596707
58.864000	52.489563	10041.584197
58.916000	52.489235	10041.574536
58.968000	52.488892	10041.562096
59.020000	52.488536	10041.547192
59.072000	52.488197	10041.535441
59.124000	52.487869	10041.525723
59.176000	52.487540	10041.515992
59.228000	52.487212	10041.506258
59.280000	52.486863	10041.492526
59.332000	52.486507	10041.477549
59.384000	52.486174	10041.466942
59.436000	52.485845	10041.457176
59.488000	52.485517	10041.447373
59.540000	52.485189	10041.437564
59.592000	52.484860	10041.427737
59.644000	52.484532	10041.417922
59.696000	52.484203	10041.408088
59.748000	52.483879	10041.399033
59.800000	52.483578	10041.394383
59.852000	52.483271	10041.388558
59.904000	52.482942	10041.378665
59.956000	52.482614	10041.368769
60.008000	52.482285	10041.358835
60.060000	52.481967	10041.350885
60.112000	52.481666	10041.346163
60.164000	52.481353	10041.339046
60.216000	52.481024	10041.329082
60.268000	52.480711	10041.321893
60.320000	52.480409	10041.317115
60.372000	52.480108	10041.312327
60.424000	52.479807	10041.307533
60.476000	52.479487	10041.299112
60.528000	52.479159	10041.289049
60.580000	52.478852	10041.282961
60.632000	52.478551	10041.278084
60.684000	52.478249	10041.273210
60.736000	52.477948	10041.268343
60.788000	52.477647	10041.263419
60.840000	52.477346	10041.258485
60.892000	52.477045	10041.253532
60.944000	52.476744	10041.248582
60.996000	52.476443	10041.243612
61.048000	52.476146	10041.239442
61.100000	52.475873	10041.239656
61.152000	52.475593	10041.238672
61.204000	52.475292	10041.233618
61.256000	52.474991	10041.228560
61.308000	52.474689	10041.223465
61.360000	52.474399	10041.220376
61.412000	52.474125	10041.220493
61.464000	52.473839	10041.218194
61.516000	52.473538	10041.213070
61.568000	52.473252	10041.210732
61.620000	52.472978	10041.210768
61.672000	52.472704	10041.210794
61.724000	52.472430	10041.210815
61.776000	52.472138	10041.207186
61.828000	52.471837	10041.201938
61.880000	52.471557	10041.200687
61.932000	52.471283	10041.200625
61.984000	52.471009	10041.200548
62.036000	52.470736	10041.200471
62.088000	52.470462	10041.200356
62.140000	52.470188	10041.200238
62.192000	52.469915	10041.200079
62.244000	52.469641	10041.199919
62.296000	52.469367	10041.199715
62.348000	52.469094	10041.199513
62.400000	52.468820	10041.199265
62.452000	52.468546	10041.199018
62.504000	52.468273	10041.198730
62.556000	52.468007	10041.200067
62.608000	52.467761	10041.204992
62.660000	52.467504	10041.207871
62.712000	52.467230	10041.207502
62.764000	52.466957	10041.207127
62.816000	52.466683	10041.206743
62.868000	52.466424	10041.209167
62.920000	52.466178	10041.213944
62.972000	52.465915	10041.215469
63.024000	52.465641	10041.215005
63.076000	52.465367	10041.214512
63.128000	52.465094	10041.214007
63.180000	52.464841	10041.217502
63.232000	52.464595	10041.222156
63.284000	52.464348	10041.226795
63.336000	52.464102	10041.231435
63.388000	52.463830	10041.231160
63.440000	52.463557	10041.230537
63.492000	52.463311	10041.235069
63.544000	52.463064	10041.239600
63.596000	52.462818	10041.244088
63.648000	52.462567	10041.247737
63.700000	52.462293	10041.246954
63.752000	52.462026	10041.247415
63.804000	52.461780	10041.251818
63.856000	52.461534	10041.256218
63.908000	52.461287	10041.260582
63.960000	52.461041	10041.264930
64.012000	52.460795	10041.269227
64.064000	52.460548	10041.273511
64.116000	52.460302	10041.277769
64.168000	52.460056	10041.282007
64.220000	52.459809	10041.286225
64.272000	52.459563	10041.290419
64.324000	52.459317	10041.294597
64.376000	52.459071	10041.298732
64.428000	52.458824	10041.302843
64.480000	52.458578	10041.306923
64.532000	52.458332	10041.310993
64.584000	52.458085	10041.315029
64.636000	52.457839	10041.319059
64.688000	52.457593	10041.323030
64.740000	52.457346	10041.326993
64.792000	52.457100	10041.330915
64.844000	52.456854	10041.334838
64.896000	52.456607	10041.338691
64.948000	52.456361	10041.342546
65.000000	52.456115	10041.346355
65.052000	52.455868	10041.350163
65.104000	52.455622	10041.353907
65.156000	52.455376	10041.357646
65.208000	52.455129	10041.361350
65.260000	52.454883	10041.365046
65.312000	52.454637	10041.368710
65.364000	52.454403	10041.374820
65.416000	52.454184	10041.383621
65.468000	52.453950	10041.389521
65.520000	52.453704	10041.393055
65.572000	52.453458	10041.396564
65.624000	52.453212	10041.400058
65.676000	52.452965	10041.403510
65.728000	52.452719	10041.406938
65.780000	52.452473	10041.410317
65.832000	52.452226	10041.413679
65.884000	52.451980	10041.417006
65.936000	52.451734	10041.420327
65.988000	52.451513	10041.428489
66.040000	52.451294	10041.436896
66.092000	52.451047	10041.440087
66.144000	52.450801	10041.443276
66.196000	52.450555	10041.446396
66.248000	52.450308	10041.449517
66.300000	52.450062	10041.452594
66.352000	52.449816	10041.455666
66.404000	52.449569	10041.458651
66.456000	52.449323	10041.461632
66.508000	52.449077	10041.464579
66.560000	52.448830	10041.467509
66.612000	52.448584	10041.470390
66.664000	52.448351	10041.475747
66.716000	52.448132	10041.483790
66.768000	52.447898	10041.488901
66.820000	52.447651	10041.491652
66.872000	52.447405	10041.494367
66.924000	52.447159	10041.497052
66.976000	52.446912	10041.499695
67.028000	52.446666	10041.502316
67.080000	52.446420	10041.504904
67.132000	52.446174	10041.507485
67.184000	52.445927	10041.509993
67.236000	52.445681	10041.512482
67.288000	52.445435	10041.514912
67.340000	52.445188	10041.517334
67.392000	52.444942	10041.519693
67.444000	52.444696	10041.522051
67.496000	52.444449	10041.524314
67.548000	52.444198	10041.525672
67.600000	52.443925	10041.522664
67.652000	52.443658	10041.520964
67.704000	52.443411	10041.523119
67.756000	52.443165	10041.525260
67.808000	52.442919	10041.527324
67.860000	52.442672	10041.529372
67.912000	52.442426	10041.531371
67.964000	52.442180	10041.533348
68.016000	52.441933	10041.535283
68.068000	52.441672	10041.534253
68.120000	52.441398	10041.530870
68.172000	52.441142	10041.530778
68.224000	52.440896	10041.532558
68.276000	52.440630	10041.530563
68.328000	52.440356	10041.527050
68.380000	52.440104	10041.527608
68.432000	52.439858	10041.529231
68.484000	52.439588	10041.526261
68.536000	52.439314	10041.522592
68.588000	52.439066	10041.523807
68.640000	52.438819	10041.525180
68.692000	52.438545	10041.521359
68.744000	52.438275	10041.518056
68.796000	52.438028	10041.519364
68.848000	52.437777	10041.519744
68.900000	52.437503	10041.515756
68.952000	52.437230	10041.511765
69.004000	52.436956	10041.507712
69.056000	52.436682	10041.503645
69.108000	52.436409	10041.499502
69.160000	52.436135	10041.495336
69.212000	52.435861	10041.491103
69.264000	52.435588	10041.486838
69.316000	52.435314	10041.482515
69.368000	52.435040	10041.478161
69.420000	52.434767	10041.473774
69.472000	52.434493	10041.469337
69.524000	52.434219	10041.464860
69.576000	52.433945	10041.460340
69.628000	52.433672	10041.455798
69.680000	52.433398	10041.451173
69.732000	52.433124	10041.446515
69.784000	52.432827	10041.437241
69.836000	52.432526	10041.427290
69.888000	52.432251	10041.422225
69.940000	52.431976	10041.417269
69.992000	52.431675	10041.407141
70.044000	52.431377	10041.397554
70.096000	52.431103	10041.392580
70.148000	52.430825	10041.386656
70.200000	52.430524	10041.376336
70.252000	52.430223	10041.366010
70.304000	52.429922	10041.355601
70.356000	52.429620	10041.345181
70.408000	52.429319	10041.334708
70.460000	52.429018	10041.324204
70.512000	52.428717	10041.313615
70.564000	52.428416	10041.302994
70.616000	52.428115	10041.292316
70.668000	52.427814	10041.281607
70.720000	52.427513	10041.270865
70.772000	52.427194	10041.256688
70.824000	52.426866	10041.240604
70.876000	52.426557	10041.228236
70.928000	52.426256	10041.217288
70.980000	52.425933	10041.202096
71.032000	52.425605	10041.185831
71.084000	52.425276	10041.169473
71.136000	52.424948	10041.153092
71.188000	52.424620	10041.136652
71.240000	52.424291	10041.120207
71.292000	52.423963	10041.103651
71.344000	52.423634	10041.087089
71.396000	52.423306	10041.070408
71.448000	52.422977	10041.053727
71.500000	52.422649	10041.036978
71.552000	52.422313	10041.018846
71.604000	52.421958	10040.996755
71.656000	52.421602	10040.974650
71.708000	52.421246	10040.952470
71.760000	52.420902	10040.932441
71.812000	52.420573	10040.915373
71.864000	52.420231	10040.895687
71.916000	52.419876	10040.873303
71.968000	52.419504	10040.847877
72.020000	52.419121	10040.820151
72.072000	52.418756	10040.795767
72.124000	52.418400	10040.773180
72.176000	52.418024	10040.746721
72.228000	52.417641	10040.718790
72.280000	52.417258	10040.690794
72.332000	52.416875	10040.662774
72.384000	52.416491	10040.634661
72.436000	52.416108	10040.606525
72.488000	52.415725	10040.578288
72.540000	52.415342	10040.550036
72.592000	52.414959	10040.521698
72.644000	52.414573	10040.492768
72.696000	52.414162	10040.459080
72.748000	52.413751	10040.425390
72.800000	52.413341	10040.391584
72.852000	52.412930	10040.357768
72.904000	52.412520	10040.323847
72.956000	52.412100	10040.288112
73.008000	52.411662	10040.248875
73.060000	52.411224	10040.209607
73.112000	52.410786	10040.170257
73.164000	52.410348	10040.130863
73.216000	52.409910	10040.091399
73.268000	52.409473	10040.051880
73.320000	52.409035	10040.012301
73.372000	52.408579	10039.969242
73.424000	52.408114	10039.924321
73.476000	52.407648	10039.879326
73.528000	52.407183	10039.834290
73.580000	52.406718	10039.789171
73.632000	52.406253	10039.744020
73.684000	52.405763	10039.694150
73.736000	52.405270	10039.643657
73.788000	52.404778	10039.593062
73.840000	52.404284	10039.542247
73.892000	52.403764	10039.486300
73.944000	52.403247	10039.430961
73.996000	52.402755	10039.380092
74.048000	52.402251	10039.327194
74.100000	52.401704	10039.265779
74.152000	52.401164	10039.205770
74.204000	52.400644	10039.149443
74.256000	52.400105	10039.089451
74.308000	52.399530	10039.022556
74.360000	52.398967	10038.957854
74.412000	52.398420	10038.896072
74.464000	52.397859	10038.831618
74.516000	52.397284	10038.764496
74.568000	52.396693	10038.694274
74.620000	52.396091	10038.621785
74.672000	52.395489	10038.549230
74.724000	52.394887	10038.476627
74.776000	52.394285	10038.403933
74.828000	52.393683	10038.331190
74.880000	52.393058	10038.254118
74.932000	52.392429	10038.176032
74.984000	52.391775	10038.093206
75.036000	52.391118	10038.009779
75.088000	52.390461	10037.926228
75.140000	52.389803	10037.842433
75.192000	52.389119	10037.753527
75.244000	52.388435	10037.664618
75.296000	52.387751	10037.575564
75.348000	52.387056	10037.484434
75.400000	52.386317	10037.384782
75.452000	52.385585	10037.286561
75.504000	52.384874	10037.192024
75.556000	52.384143	10037.093773
75.608000	52.383376	10036.988642
75.660000	52.382610	10036.883479
75.712000	52.381844	10036.778235
75.764000	52.381064	10036.670288
75.816000	52.380270	10036.559678
75.868000	52.379476	10036.449002
75.920000	52.378682	10036.338254
75.972000	52.377853	10036.220508
76.024000	52.377004	10036.099166
76.076000	52.376156	10035.977733
76.128000	52.375307	10035.856251
76.180000	52.374437	10035.730418
76.232000	52.373561	10035.603596
76.284000	52.372660	10035.471990
76.336000	52.371757	10035.339800
76.388000	52.370828	10035.202412
76.440000	52.369896	10035.064605
76.492000	52.368938	10034.921662
76.544000	52.367980	10034.778712
76.596000	52.367022	10034.635642
76.648000	52.366053	10034.490454
76.700000	52.365040	10034.336789
76.752000	52.364020	10034.181648
76.804000	52.362980	10034.022617
76.856000	52.361930	10033.861694
76.908000	52.360863	10033.697298
76.960000	52.359796	10033.532861
77.012000	52.358728	10033.368327
77.064000	52.357633	10033.198393
77.116000	52.356511	10033.023266
77.168000	52.355356	10032.841907
77.220000	52.354180	10032.656162
77.272000	52.353003	10032.470336
77.324000	52.351826	10032.284452
77.376000	52.350629	10032.094608
77.428000	52.349424	10031.903384
77.480000	52.348175	10031.703445
77.532000	52.346916	10031.501575
77.584000	52.345633	10031.294919
77.636000	52.344346	10031.087709
77.688000	52.343007	10030.870162
77.740000	52.341666	10030.652332
77.792000	52.340325	10030.434367
77.844000	52.338973	10030.214371
77.896000	52.337550	10029.980574
77.948000	52.336127	10029.746773
78.000000	52.334703	10029.512811
78.052000	52.333265	10029.275868
78.104000	52.331787	10029.031314
78.156000	52.330289	10028.782952
78.208000	52.328757	10028.527780
78.260000	52.327200	10028.267985
78.312000	52.325613	10028.002221
78.364000	52.324025	10027.736392
78.416000	52.322438	10027.470465
78.468000	52.320802	10027.195174
78.520000	52.319132	10026.913428
78.572000	52.317444	10026.628085
78.624000	52.315748	10026.340948
78.676000	52.313989	10026.042000
78.728000	52.312210	10025.739042
78.780000	52.310409	10025.431654
78.832000	52.308603	10025.123305
78.884000	52.306771	10024.810108
78.936000	52.304938	10024.496368
78.988000	52.303024	10024.167150
79.040000	52.301105	10023.837002
79.092000	52.299134	10023.496827
79.144000	52.297156	10023.155252
79.196000	52.295131	10022.804446
79.248000	52.293100	10022.452534
79.300000	52.291047	10022.096336
79.352000	52.288971	10021.735608
79.404000	52.286836	10021.363592
79.456000	52.284672	10020.985815
79.508000	52.282455	10020.597955
79.560000	52.280226	10020.207732
79.612000	52.277982	10019.814481
79.664000	52.275695	10019.413017
79.716000	52.273368	10019.003922
79.768000	52.271009	10018.588506
79.820000	52.268628	10018.168795
79.872000	52.266210	10017.741940
79.924000	52.263775	10017.311611
79.976000	52.261277	10016.869389
80.028000	52.258759	10016.423215
80.080000	52.256173	10015.963924
80.132000	52.253573	10015.501904
80.184000	52.250924	10015.030279
80.236000	52.248269	10014.557641
80.288000	52.245533	10014.069461
80.340000	52.242793	10013.580372
80.392000	52.240001	10013.081277
80.444000	52.237195	10012.579298
80.496000	52.234294	10012.059115
80.548000	52.231381	10011.536680
80.600000	52.228425	10011.005854
80.652000	52.225445	10010.470432
80.704000	52.222407	10009.923789
80.756000	52.219329	10009.369388
80.808000	52.216182	10008.801673
80.860000	52.213010	10008.229232
80.912000	52.209808	10007.650876
80.964000	52.206563	10007.064239
81.016000	52.203278	10006.470039
81.068000	52.199928	10005.863189
81.120000	52.196535	10005.247919
81.172000	52.193085	10004.621901
81.224000	52.189609	10003.990760
81.276000	52.186071	10003.347677
81.328000	52.182513	10002.700719
81.380000	52.178864	10002.036206
81.432000	52.175197	10001.368149
81.484000	52.171455	10000.685666
81.536000	52.167705	10000.001738
81.588000	52.163848	9999.297019
81.640000	52.159983	9998.591008
81.692000	52.156042	9997.870167
81.744000	52.152086	9997.146359
81.796000	52.148035	9996.404407
81.848000	52.143955	9995.656727
81.900000	52.139767	9994.888479
81.952000	52.135564	9994.117113
82.004000	52.131322	9993.338249
82.056000	52.127028	9992.549581
82.108000	52.122649	9991.744394
82.160000	52.118221	9990.929723
82.212000	52.113733	9990.103440
82.264000	52.109186	9989.266050
82.316000	52.104588	9988.418697
82.368000	52.099908	9987.555431
82.420000	52.095173	9986.681755
82.472000	52.090363	9985.793712
82.524000	52.085519	9984.898966
82.576000	52.080592	9983.988208
82.628000	52.075638	9983.072364
82.680000	52.070593	9982.138898
82.732000	52.065529	9981.201984
82.784000	52.060341	9980.240999
82.836000	52.055141	9979.277735
82.888000	52.049805	9978.288431
82.940000	52.044459	9977.297099
82.992000	52.038985	9976.281217
83.044000	52.033496	9975.262278
83.096000	52.027912	9974.225310
83.148000	52.022299	9973.182502
83.200000	52.016578	9972.119212
83.252000	52.010817	9971.048045
83.304000	52.004960	9969.958432
83.356000	51.999042	9968.856939
83.408000	51.993020	9967.735803
83.460000	51.986937	9966.602709
83.512000	51.980779	9965.455224
83.564000	51.974563	9964.296546
83.616000	51.968295	9963.127993
83.668000	51.961911	9961.937046
83.720000	51.955452	9960.731717
83.772000	51.948918	9959.511932
83.824000	51.942350	9958.285534
83.876000	51.935635	9957.031039
83.928000	51.928875	9955.767836
83.980000	51.922000	9954.482507
84.032000	51.915103	9953.192981
84.084000	51.908055	9951.874515
84.136000	51.900994	9950.553464
84.188000	51.893797	9949.206221
84.240000	51.886585	9947.856181
84.292000	51.879195	9946.472006
84.344000	51.871785	9945.083904
84.396000	51.864259	9943.673418
84.448000	51.856689	9942.254606
84.500000	51.848971	9940.807344
84.552000	51.841203	9939.350501
84.604000	51.833321	9937.871664
84.656000	51.825365	9936.378820
84.708000	51.817291	9934.863234
84.760000	51.809142	9933.333189
84.812000	51.800904	9931.786055
84.864000	51.792578	9930.222021
84.916000	51.784176	9928.643339
84.968000	51.775656	9927.042097
85.020000	51.767063	9925.426614
85.072000	51.758337	9923.785753
85.124000	51.749551	9922.133519
85.176000	51.740619	9920.453037
85.228000	51.731642	9918.764000
85.280000	51.722503	9917.043908
85.332000	51.713334	9915.318120
85.384000	51.704014	9913.563220
85.436000	51.694682	9911.805857
85.488000	51.685130	9910.006513
85.540000	51.675562	9908.203924
85.592000	51.665791	9906.362552
85.644000	51.655995	9904.516339
85.696000	51.646060	9902.643407
85.748000	51.636075	9900.760785
85.800000	51.625921	9898.845851
85.852000	51.615700	9896.917975
85.904000	51.605327	9894.961013
85.956000	51.594880	9892.989883
86.008000	51.584316	9890.996146
86.060000	51.573650	9888.982975
86.112000	51.562867	9886.947237
86.164000	51.551965	9884.888817
86.216000	51.540963	9882.811077
86.268000	51.529809	9880.704177
86.320000	51.518560	9878.579209
86.372000	51.507178	9876.428681
86.424000	51.495738	9874.266911
86.476000	51.484129	9872.072718
86.528000	51.472470	9869.868945
86.580000	51.460602	9867.625064
86.632000	51.448696	9865.374061
86.684000	51.436588	9863.084146
86.736000	51.424463	9860.790953
86.788000	51.412092	9858.450706
86.840000	51.399704	9856.107047
86.892000	51.387114	9853.724780
86.944000	51.374486	9851.335056
86.996000	51.361650	9848.905548
87.048000	51.348756	9846.464942
87.100000	51.335674	9843.988180
87.152000	51.322514	9841.496670
87.204000	51.309186	9838.972680
87.256000	51.295772	9836.432329
87.308000	51.282224	9833.866339
87.360000	51.268549	9831.275845
87.412000	51.254728	9828.657373
87.464000	51.240757	9826.010350
87.516000	51.226663	9823.339424
87.568000	51.212432	9820.642392
87.620000	51.198118	9817.929465
87.672000	51.183613	9815.179877
87.724000	51.169025	9812.414494
87.776000	51.154225	9809.608364
87.828000	51.139364	9806.790473
87.880000	51.124293	9803.932296
87.932000	51.109185	9801.067201
87.984000	51.093797	9798.148402
88.036000	51.078387	9795.225215
88.088000	51.062732	9792.255193
88.140000	51.047054	9789.280698
88.192000	51.031125	9786.258205
88.244000	51.015152	9783.227210
88.296000	50.998950	9780.152226
88.348000	50.982682	9777.064693
88.400000	50.966206	9773.937229
88.452000	50.949643	9770.793167
88.504000	50.932894	9767.613275
88.556000	50.916025	9764.410651
88.608000	50.898975	9761.173025
88.660000	50.881782	9757.908229
88.712000	50.864430	9754.612949
88.764000	50.846928	9751.288889
88.816000	50.829303	9747.941129
88.868000	50.811506	9744.560531
88.920000	50.793607	9741.160292
88.972000	50.775477	9737.715834
89.024000	50.757249	9734.252711
89.076000	50.738808	9730.748623
89.128000	50.720307	9727.232993
89.180000	50.701547	9723.667913
89.232000	50.682745	9720.094627
89.284000	50.663661	9716.467375
89.336000	50.644554	9712.835584
89.388000	50.625122	9709.141685
89.440000	50.605666	9705.443101
89.492000	50.585961	9701.696712
89.544000	50.566200	9697.939860
89.596000	50.546167	9694.130526
89.648000	50.526053	9690.305879
89.700000	50.505690	9686.433664
89.752000	50.485231	9682.542941
89.804000	50.464568	9678.612994
89.856000	50.443785	9674.660095
89.908000	50.422820	9670.672495
89.960000	50.401700	9666.654971
90.012000	50.380407	9662.604412
90.064000	50.358932	9658.519094
90.116000	50.337311	9654.405655
90.168000	50.315483	9650.252569
90.220000	50.293533	9646.076197
90.272000	50.271351	9641.855315
90.324000	50.249073	9637.616009
90.376000	50.226559	9633.331467
90.428000	50.203980	9629.034506
90.480000	50.181094	9624.678787
90.532000	50.158159	9620.313638
90.584000	50.134915	9615.889436
90.636000	50.111646	9611.460287
90.688000	50.088027	9606.964082
90.740000	50.064380	9602.462476
90.792000	50.040459	9597.908595
90.844000	50.016478	9593.343099
90.896000	49.992202	9588.721050
90.948000	49.967838	9584.082128
91.000000	49.943206	9579.391947
91.052000	49.918468	9574.681321
91.104000	49.893507	9569.928208
91.156000	49.868415	9565.149791
91.208000	49.843126	9560.333774
91.260000	49.817654	9555.482562
91.312000	49.791982	9550.593159
91.364000	49.766127	9545.668723
91.416000	49.740127	9540.716415
91.468000	49.713901	9535.720895
91.520000	49.687545	9530.700455
91.572000	49.660936	9525.631522
91.624000	49.634224	9520.542922
91.676000	49.607231	9515.400581
91.728000	49.580164	9510.243847
91.780000	49.552788	9505.028109
91.832000	49.525365	9499.803240
91.884000	49.497606	9494.514084
91.936000	49.469819	9489.219655
91.988000	49.441684	9483.858498
92.040000	49.413514	9478.490686
92.092000	49.385024	9473.061382
92.144000	49.356466	9467.619263
92.196000	49.327592	9462.116566
92.248000	49.298628	9456.596711
92.300000	49.269398	9451.025883
92.352000	49.240051	9445.432625
92.404000	49.210466	9439.793640
92.456000	49.180724	9434.124842
92.508000	49.150756	9428.412525
92.560000	49.120615	9422.667238
92.612000	49.090290	9416.886765
92.664000	49.059751	9411.065118
92.716000	49.029043	9405.211260
92.768000	48.998108	9399.313920
92.820000	48.967045	9393.391959
92.872000	48.935707	9387.417479
92.924000	48.904261	9381.422132
92.976000	48.872510	9375.368614
93.028000	48.840680	9369.299908
93.080000	48.808541	9363.171913
93.132000	48.776355	9357.035074
93.184000	48.743807	9350.828711
93.236000	48.711229	9344.616672
93.288000	48.678277	9338.333092
93.340000	48.645289	9332.042575
93.392000	48.611981	9325.690849
93.444000	48.578600	9319.325068
93.496000	48.544881	9312.894751
93.548000	48.511072	9306.446992
93.600000	48.476998	9299.948546
93.652000	48.442796	9293.425641
93.704000	48.408339	9286.853812
93.756000	48.373724	9280.251866
93.808000	48.338884	9273.606707
93.860000	48.303857	9266.925743
93.912000	48.268633	9260.207202
93.964000	48.233209	9253.450150
94.016000	48.197629	9246.663481
94.068000	48.161786	9239.826312
94.120000	48.125796	9232.961061
94.172000	48.089531	9226.043000
94.224000	48.053158	9219.104391
94.276000	48.016479	9212.107306
94.328000	47.979723	9205.095338
94.380000	47.942632	9198.019229
94.432000	47.905493	9190.933904
94.484000	47.867989	9183.778750
94.536000	47.830456	9176.618073
94.588000	47.792578	9169.391260
94.640000	47.754656	9162.156120
94.692000	47.716367	9154.850712
94.744000	47.678008	9147.531881
94.796000	47.639336	9140.153111
94.848000	47.600565	9132.755251
94.900000	47.561509	9125.303100
94.952000	47.522325	9117.826196
95.004000	47.482887	9110.300718
95.056000	47.443289	9102.744809
95.108000	47.403468	9095.145977
95.160000	47.363458	9087.511043
95.212000	47.323253	9079.838857
95.264000	47.282815	9072.121919
95.316000	47.242200	9064.371152
95.368000	47.201354	9056.576322
95.420000	47.160384	9048.757429
95.472000	47.119135	9040.885422
95.524000	47.077781	9032.993173
95.576000	47.036120	9025.042144
95.628000	46.994383	9017.076540
95.680000	46.952309	9009.046508
95.732000	46.910189	9001.007574
95.784000	46.867702	8992.898527
95.836000	46.825186	8984.783814
95.888000	46.782299	8976.598169
95.940000	46.739370	8968.404448
95.992000	46.696100	8960.145435
96.044000	46.652759	8951.872696
96.096000	46.609106	8943.540325
96.148000	46.565351	8935.188565
96.200000	46.521315	8926.782868
96.252000	46.477157	8918.353896
96.304000	46.432765	8909.880074
96.356000	46.388212	8901.375518
96.408000	46.343437	8892.828345
96.460000	46.298472	8884.244774
96.512000	46.253314	8875.624276
96.564000	46.207935	8866.961698
96.616000	46.162394	8858.267849
96.668000	46.116603	8849.526249
96.720000	46.070678	8840.759049
96.772000	46.024495	8831.942251
96.824000	45.978214	8823.106950
96.876000	45.931625	8814.212564
96.928000	45.884962	8805.303910
96.980000	45.837984	8796.335138
97.032000	45.790965	8787.358385
97.084000	45.743577	8778.311213
97.136000	45.696162	8769.258572
97.188000	45.648403	8760.140361
97.240000	45.600601	8751.013773
97.292000	45.552460	8741.822198
97.344000	45.504250	8732.617598
97.396000	45.455753	8723.357922
97.448000	45.407160	8714.079956
97.500000	45.358307	8704.752158
97.552000	45.309321	8695.398996
97.604000	45.260085	8685.997875
97.656000	45.210709	8676.570141
97.708000	45.161145	8667.106126
97.760000	45.111388	8657.605417
97.812000	45.061440	8648.068105
97.864000	45.011287	8638.491418
97.916000	44.960983	8628.885959
97.968000	44.910447	8619.235895
98.020000	44.859787	8609.562367
98.072000	44.808867	8599.838943
98.124000	44.757852	8590.097291
98.176000	44.706549	8580.300498
98.228000	44.655178	8570.490748
98.280000	44.603515	8560.625234
98.332000	44.551816	8550.752614
98.384000	44.499747	8540.809293
98.436000	44.447652	8530.860965
98.488000	44.395269	8520.857349
98.540000	44.342839	8510.845049
98.592000	44.290073	8500.768120
98.644000	44.237242	8490.678907
98.696000	44.184146	8480.539082
98.748000	44.130961	8470.382116
98.800000	44.077538	8460.179425
98.852000	44.023999	8449.954730
98.904000	43.970247	8439.689174
98.956000	43.916343	8429.394515
99.008000	43.862235	8419.060867
99.060000	43.807961	8408.695488
99.112000	43.753525	8398.298974
99.164000	43.698898	8387.865867
99.216000	43.644133	8377.406488
99.268000	43.589152	8366.905655
99.320000	43.534059	8356.383410
99.372000	43.478744	8345.818704
99.424000	43.423349	8335.238819
99.476000	43.367666	8324.603528
99.528000	43.311916	8313.955574
99.580000	43.255898	8303.256234
99.632000	43.199846	8292.550614
99.684000	43.143504	8281.789197
99.736000	43.087136	8271.022864
99.788000	43.030428	8260.191527
99.840000	42.973686	8249.353777
99.892000	42.916705	8238.470017
99.944000	42.859657	8227.573715
99.996000	42.802347	8216.627089
100.048000	42.744962	8205.665963
100.100000	42.687378	8194.666956
100.152000	42.629678	8183.645682
100.204000	42.571766	8172.583811
100.256000	42.513724	8161.497077
100.308000	42.455510	8150.377598
100.360000	42.397158	8139.231439
100.412000	42.338671	8128.059527
100.464000	42.279992	8116.850782
100.516000	42.221177	8105.616060
100.568000	42.162198	8094.350013
100.620000	42.103136	8083.068084
100.672000	42.043831	8071.739611
100.724000	41.984441	8060.394869
100.776000	41.924850	8049.011507
100.828000	41.865214	8037.619557
100.880000	41.805308	8026.176039
100.932000	41.745370	8014.726503
100.984000	41.685167	8003.225971
101.036000	41.624942	7991.721397
101.088000	41.564457	7980.167053
101.140000	41.503938	7968.606084
101.192000	41.443179	7956.999325
101.244000	41.382371	7945.382967
101.296000	41.321366	7933.729053
101.348000	41.260284	7922.060419
101.400000	41.199006	7910.354100
101.452000	41.137629	7898.629017
101.504000	41.076077	7886.870346
101.556000	41.014418	7875.091122
101.608000	40.952619	7863.285274
101.660000	40.890694	7851.455231
101.712000	40.828649	7839.602232
101.764000	40.766443	7827.718289
101.816000	40.704125	7815.812932
101.868000	40.641660	7803.879689
101.920000	40.579123	7791.932537
101.972000	40.516402	7779.950247
102.024000	40.453618	7767.955941
102.076000	40.390632	7755.922836
102.128000	40.327602	7743.881350
102.180000	40.264375	7731.802164
102.232000	40.201126	7719.718778
102.284000	40.137636	7707.589305
102.336000	40.074129	7695.456484
102.388000	40.010415	7683.284001
102.440000	39.946672	7671.106051
102.492000	39.882739	7658.891637
102.544000	39.818760	7646.668518
102.596000	39.754608	7634.412155
102.648000	39.690385	7622.142355
102.700000	39.625987	7609.838869
102.752000	39.561529	7597.523991
102.804000	39.496966	7585.189066
102.856000	39.432295	7572.833392
102.908000	39.367486	7560.451293
102.960000	39.302578	7548.050223
103.012000	39.237577	7535.631457
103.064000	39.172463	7523.190868
103.116000	39.107271	7510.735410
103.168000	39.041950	7498.255287
103.220000	38.976566	7485.763136
103.272000	38.911018	7473.239582
103.324000	38.845416	7460.705533
103.376000	38.779677	7448.145468
103.428000	38.713910	7435.579951
103.480000	38.647970	7422.981283
103.532000	38.582012	7410.379097
103.584000	38.515865	7397.740906
103.636000	38.449706	7385.100202
103.688000	38.383392	7372.429835
103.740000	38.317055	7359.755241
103.792000	38.250577	7347.053451
103.844000	38.184057	7334.343894
103.896000	38.117387	7321.605387
103.948000	38.050670	7308.857797
104.000000	37.983835	7296.087879
104.052000	37.916951	7283.308351
104.104000	37.849980	7270.512198
104.156000	37.782936	7257.702085
104.208000	37.715800	7244.874497
104.260000	37.648579	7232.030501
104.312000	37.581280	7219.171451
104.364000	37.513898	7206.296697
104.416000	37.446462	7193.411440
104.468000	37.378933	7180.508460
104.520000	37.311360	7167.597019
104.572000	37.243663	7154.661862
104.624000	37.175926	7141.718956
104.676000	37.108097	7128.758586
104.728000	37.040250	7115.794671
104.780000	36.972254	7102.802218
104.832000	36.904243	7089.806890
104.884000	36.836124	7076.790874
104.936000	36.767997	7063.773261
104.988000	36.699767	7050.735944
105.040000	36.631518	7037.695003
105.092000	36.563151	7024.631470
105.144000	36.494760	7011.563421
105.196000	36.426284	6998.478884
105.248000	36.357775	6985.388207
105.300000	36.289189	6972.282719
105.352000	36.220563	6959.169463
105.404000	36.151867	6946.043023
105.456000	36.083123	6932.907172
105.508000	36.014318	6919.759729
105.560000	35.945456	6906.601264
105.612000	35.876541	6893.432870
105.664000	35.807578	6880.254954
105.716000	35.738581	6867.070785
105.768000	35.669529	6853.875911
105.820000	35.600450	6840.676043
105.872000	35.531310	6827.464207
105.924000	35.462149	6814.248560
105.976000	35.392897	6801.015398
106.028000	35.323627	6787.778798
106.080000	35.254307	6774.532578
106.132000	35.184982	6761.285452
106.184000	35.115576	6748.022746
106.236000	35.046164	6734.758853
106.288000	34.976675	6721.480224
106.340000	34.907178	6708.200118
106.392000	34.837634	6694.910986
106.444000	34.768078	6681.619565
106.496000	34.698480	6668.319914
106.548000	34.628857	6655.015596
106.600000	34.559176	6641.700225
106.652000	34.489485	6628.382889
106.704000	34.419777	6615.062253
106.756000	34.350032	6601.734494
106.808000	34.280242	6588.398113
106.860000	34.210438	6575.058933
106.912000	34.140620	6561.717287
106.964000	34.070769	6548.369253
107.016000	34.000897	6535.017116
107.068000	33.931006	6521.661336
107.120000	33.861107	6508.303907
107.172000	33.791186	6494.942440
107.224000	33.721259	6481.579743
107.276000	33.651287	6468.208234
107.328000	33.581305	6454.835068
107.380000	33.511323	6441.461819
107.432000	33.441342	6428.088587
107.484000	33.371333	6414.710097
107.536000	33.301322	6401.331229
107.588000	33.231285	6387.947433
107.640000	33.161245	6374.562894
107.692000	33.091181	6361.173830
107.744000	33.021117	6347.784790
107.796000	32.951054	6334.395692
107.848000	32.880990	6321.006609
107.900000	32.810926	6307.617504
107.952000	32.740852	6294.226406
108.004000	32.670761	6280.832014
108.056000	32.600682	6267.439995
108.108000	32.530618	6254.050799
108.160000	32.460540	6240.658792
108.212000	32.390449	6227.264362
108.264000	32.320374	6213.873086
108.316000	32.250311	6200.483852
108.368000	32.180266	6187.098179
108.420000	32.110229	6173.714164
108.472000	32.040172	6160.326072
108.524000	31.970108	6146.936767
108.576000	31.900090	6133.556235
108.628000	31.830081	6120.177375
108.680000	31.760072	6106.798473
108.732000	31.690063	6093.419604
108.784000	31.620082	6080.045884
108.836000	31.550104	6066.672989
108.888000	31.480177	6053.309699
108.940000	31.410250	6039.946441
108.992000	31.340323	6026.583142
109.044000	31.270409	6013.222264
109.096000	31.200537	5999.869390
109.148000	31.130673	5986.518135
109.200000	31.060828	5973.170486
109.252000	30.991004	5959.826854
109.304000	30.921214	5946.489658
109.356000	30.851437	5933.154857
109.408000	30.781674	5919.822861
109.460000	30.711955	5906.499288
109.512000	30.642275	5893.182973
109.564000	30.572611	5879.869846
109.616000	30.502958	5866.558758
109.668000	30.433343	5853.254861
109.720000	30.363744	5839.954198
109.772000	30.294209	5826.665586
109.824000	30.224692	5813.380626
109.876000	30.155222	5800.104465
109.928000	30.085761	5786.829928
109.980000	30.016350	5773.565016
110.032000	29.946943	5760.300956
110.084000	29.877618	5747.052512
110.136000	29.808297	5733.804929
110.188000	29.739027	5720.566934
110.240000	29.669774	5707.332241
110.292000	29.600614	5694.115154
110.344000	29.531466	5680.900536
110.396000	29.462360	5667.693905
110.448000	29.393280	5654.492165
110.500000	29.324256	5641.301220
110.552000	29.255264	5628.116364
110.604000	29.186322	5614.941104
110.656000	29.117432	5601.775573
110.708000	29.048600	5588.621254
110.760000	28.979812	5575.475411
110.812000	28.911062	5562.336752
110.864000	28.842363	5549.207793
110.916000	28.773695	5536.084847
110.968000	28.705103	5522.976435
111.020000	28.636544	5509.874399
111.072000	28.568050	5496.784464
111.124000	28.499573	5483.698111
111.176000	28.431213	5470.633989
111.228000	28.362874	5457.573798
111.280000	28.294610	5444.528132
111.332000	28.226354	5431.483747
111.384000	28.158206	5418.460110
111.436000	28.090069	5405.438685
111.488000	28.022058	5392.441211
111.540000	27.954060	5379.446292
111.592000	27.886131	5366.464531
111.644000	27.818234	5353.489008
111.696000	27.750442	5340.533366
111.748000	27.682685	5327.584335
111.800000	27.615002	5314.649664
111.852000	27.547373	5301.725247
111.904000	27.479827	5288.816722
111.956000	27.412332	5275.918004
112.008000	27.344896	5263.030398
112.060000	27.277535	5250.157082
112.112000	27.210235	5237.295675
112.164000	27.143004	5224.447270
112.216000	27.075814	5211.606757
112.268000	27.008739	5198.788225
112.320000	26.941713	5185.979136
112.372000	26.874772	5173.186299
112.424000	26.807856	5160.398150
112.476000	26.741080	5147.636797
112.528000	26.674328	5134.880019
112.580000	26.607678	5122.142728
112.632000	26.541037	5109.407206
112.684000	26.474558	5096.702720
112.736000	26.408092	5084.000561
112.788000	26.341750	5071.322223
112.840000	26.275435	5058.649087
112.892000	26.209258	5046.002175
112.944000	26.143114	5033.361617
112.996000	26.077073	5020.740882
113.048000	26.011076	5008.128510
113.100000	25.945172	4995.533954
113.152000	25.879345	4982.953904
113.204000	25.813632	4970.395955
113.256000	25.747972	4957.847919
113.308000	25.682369	4945.310947
113.360000	25.616872	4932.794121
113.412000	25.551461	4920.293784
113.464000	25.486153	4907.813125
113.516000	25.420906	4895.344196
113.568000	25.355756	4882.893676
113.620000	25.290646	4870.450921
113.672000	25.225686	4858.036795
113.724000	25.160767	4845.630695
113.776000	25.095966	4833.247030
113.828000	25.031185	4820.867079
113.880000	24.966583	4808.521419
113.932000	24.901995	4796.178570
113.984000	24.837569	4783.866651
114.036000	24.773158	4771.557654
114.088000	24.708897	4759.277120
114.140000	24.644667	4747.002804
114.192000	24.580597	4734.758931
114.244000	24.516568	4722.522812
114.296000	24.452662	4710.310376
114.348000	24.388809	4698.108099
114.400000	24.325068	4685.927049
114.452000	24.261403	4673.760681
114.504000	24.197853	4661.616324
114.556000	24.134394	4649.489441
114.608000	24.071036	4637.381699
114.660000	24.007768	4625.291376
114.712000	23.944574	4613.215099
114.764000	23.881501	4601.161937
114.816000	23.818498	4589.122302
114.868000	23.755632	4577.108603
114.920000	23.692821	4565.105604
114.972000	23.630160	4553.131387
115.024000	23.567541	4541.165050
115.076000	23.505087	4529.230327
115.128000	23.442659	4517.300652
115.180000	23.380385	4505.400483
115.232000	23.318126	4493.502985
115.284000	23.256081	4481.646576
115.336000	23.194055	4469.793726
115.388000	23.132201	4457.973964
115.440000	23.070381	4446.160576
115.492000	23.008720	4434.377457
115.544000	22.947106	4422.603536
115.596000	22.885636	4410.857116
115.648000	22.824229	4399.122703
115.700000	22.762950	4387.412929
115.752000	22.701760	4375.720106
115.804000	22.640701	4364.052260
115.856000	22.579734	4352.402051
115.908000	22.518866	4340.770852
115.960000	22.458105	4329.160117
116.012000	22.397429	4317.565593
116.064000	22.336892	4305.997675
116.116000	22.276434	4294.445055
116.168000	22.216114	4282.918538
116.220000	22.155848	4271.402586
116.272000	22.095755	4259.919704
116.324000	22.035708	4248.445648
116.376000	21.975828	4237.003379
116.428000	21.915973	4225.566019
116.480000	21.856324	4214.168180
116.532000	21.796692	4202.773515
116.584000	21.737248	4191.414635
116.636000	21.677825	4180.059989
116.688000	21.618599	4168.743039
116.740000	21.559412	4157.433547
116.792000	21.500405	4146.158503
116.844000	21.441447	4134.892809
116.896000	21.382632	4123.654445
116.948000	21.323898	4112.431714
117.000000	21.265329	4101.240486
117.052000	21.206839	4090.064241
117.104000	21.148461	4078.909695
117.156000	21.090190	4067.775497
117.208000	21.032032	4056.662887
117.260000	20.973997	4045.573836
117.312000	20.916057	4034.503136
117.364000	20.858241	4023.455881
117.416000	20.800493	4012.421890
117.468000	20.742922	4001.421660
117.520000	20.685420	3990.434800
117.572000	20.628071	3979.477029
117.624000	20.570761	3968.526846
117.676000	20.513666	3957.617723
117.728000	20.456602	3946.714697
117.780000	20.399746	3935.851391
117.832000	20.342907	3924.991248
117.884000	20.286253	3914.166740
117.936000	20.229626	3903.347188
117.988000	20.173219	3892.569870
118.040000	20.116852	3881.800189
118.092000	20.060664	3871.064762
118.144000	20.004526	3860.338846
118.196000	19.948530	3849.640160
118.248000	19.892616	3838.957304
118.300000	19.836866	3828.305762
118.352000	19.781218	3817.673674
118.404000	19.725714	3807.069277
118.456000	19.670304	3796.482843
118.508000	19.614992	3785.915163
118.560000	19.559804	3775.371229
118.612000	19.504711	3764.845494
118.664000	19.449777	3754.350097
118.716000	19.394930	3743.871535
118.768000	19.340241	3733.423157
118.820000	19.285614	3722.986507
118.872000	19.231161	3712.583295
118.924000	19.176752	3702.188583
118.976000	19.122535	3691.830549
119.028000	19.068345	3681.477776
119.080000	19.014390	3671.169906
119.132000	18.960453	3660.865591
119.184000	18.906728	3650.601829
119.236000	18.853027	3640.342658
119.288000	18.799522	3630.120843
119.340000	18.746061	3619.907814
119.392000	18.692802	3609.733203
119.444000	18.639593	3599.568253
119.496000	18.586525	3589.430341
119.548000	18.533550	3579.310239
119.600000	18.480756	3569.224733
119.652000	18.428042	3559.154527
119.704000	18.375439	3549.105747
119.756000	18.322959	3539.080251
119.808000	18.270602	3529.078653
119.860000	18.218371	3519.100976
119.912000	18.166234	3509.141332
119.964000	18.114239	3499.208832
120.016000	18.062320	3489.291143
120.068000	18.010581	3479.407624
120.120000	17.958909	3469.537109
120.172000	17.907413	3459.700208
120.224000	17.855959	3449.871641
120.276000	17.804723	3440.084551
120.328000	17.753517	3430.303185
120.380000	17.702519	3420.561893
120.432000	17.651539	3410.823915
120.484000	17.600770	3401.126367
120.536000	17.550029	3391.434182
120.588000	17.499507	3381.783823
120.640000	17.449026	3372.141459
120.692000	17.398722	3362.533062
120.744000	17.348477	3352.935879
120.796000	17.298392	3343.369443
120.848000	17.248392	3333.819241
120.900000	17.198554	3324.299995
120.952000	17.148808	3314.798413
121.004000	17.099188	3305.321157
121.056000	17.049692	3295.867382
121.108000	17.000319	3286.437318
121.160000	16.951072	3277.031350
121.212000	16.901918	3267.643251
121.264000	16.852907	3258.282483
121.316000	16.803971	3248.936375
121.368000	16.755216	3239.624634
121.420000	16.706527	3230.325709
121.472000	16.658015	3221.060576
121.524000	16.609545	3211.803608
121.576000	16.561269	3202.583693
121.628000	16.513018	3193.368710
121.680000	16.465004	3184.199029
121.732000	16.417008	3175.032872
121.784000	16.369222	3165.906974
121.836000	16.321462	3156.786033
121.888000	16.273895	3147.702109
121.940000	16.226376	3138.627371
121.992000	16.179056	3129.590647
122.044000	16.131795	3120.565319
122.096000	16.084693	3111.570593
122.148000	16.037668	3102.590486
122.200000	15.990786	3093.637761
122.252000	15.944008	3084.705091
122.304000	15.897372	3075.799568
122.356000	15.850846	3066.915106
122.408000	15.804428	3058.051584
122.460000	15.758138	3049.212334
122.512000	15.711940	3040.390789
122.564000	15.665885	3031.596751
122.616000	15.619906	3022.817207
122.668000	15.574108	3014.072229
122.720000	15.528375	3005.339880
122.772000	15.482819	2996.641517
122.824000	15.437305	2987.951162
122.876000	15.391986	2979.298037
122.928000	15.346691	2970.649677
122.980000	15.301633	2962.046842
123.032000	15.256593	2953.447293
123.084000	15.211736	2944.882810
123.136000	15.166908	2936.324092
123.188000	15.122297	2927.806845
123.240000	15.077730	2919.297952
123.292000	15.033338	2910.822690
123.344000	14.989006	2902.359003
123.396000	14.944833	2893.925752
123.448000	14.900747	2885.509144
123.500000	14.856820	2877.123159
123.552000	14.812976	2868.752930
123.604000	14.769240	2860.403678
123.656000	14.725630	2852.078323
123.708000	14.682141	2843.776339
123.760000	14.638780	2835.498813
123.812000	14.595511	2827.238844
123.864000	14.552367	2819.003087
123.916000	14.509289	2810.779878
123.968000	14.466393	2802.591447
124.020000	14.423561	2794.415470
124.072000	14.380908	2786.273656
124.124000	14.338295	2778.139686
124.176000	14.295877	2770.043123
124.228000	14.253483	2761.951159
124.280000	14.211301	2753.899848
124.332000	14.169137	2745.851881
124.384000	14.127181	2737.843835
124.436000	14.085252	2729.841107
124.488000	14.043514	2721.875086
124.540000	14.001821	2713.917600
124.592000	13.960303	2705.993602
124.644000	13.918846	2698.081356
124.696000	13.877547	2690.199357
124.748000	13.836316	2682.330474
124.800000	13.795208	2674.485299
124.852000	13.754207	2666.660585
124.904000	13.713346	2658.862665
124.956000	13.672582	2651.083486
125.008000	13.631912	2643.322366
125.060000	13.591387	2635.588942
125.112000	13.550964	2627.875052
125.164000	13.510668	2620.185554
125.216000	13.470436	2612.508489
125.268000	13.430367	2604.862517
125.320000	13.390354	2597.227470
125.372000	13.350520	2589.626762
125.424000	13.310726	2582.033734
125.476000	13.271104	2574.473601
125.528000	13.231502	2566.917365
125.580000	13.192139	2559.407077
125.632000	13.152793	2551.900008
125.684000	13.113628	2544.427712
125.736000	13.074489	2536.960238
125.788000	13.035516	2529.524751
125.840000	12.996593	2522.099059
125.892000	12.957867	2514.710863
125.944000	12.919194	2507.333120
125.996000	12.880659	2499.981736
126.048000	12.842193	2492.643620
126.100000	12.803850	2485.329049
126.152000	12.765602	2478.032849
126.204000	12.727478	2470.760319
126.256000	12.689466	2463.509389
126.308000	12.651560	2456.278929
126.360000	12.613784	2449.073264
126.412000	12.576098	2441.884822
126.464000	12.538539	2434.720924
126.516000	12.501044	2427.569320
126.568000	12.463692	2420.445097
126.620000	12.426389	2413.330324
126.672000	12.389266	2406.250050
126.724000	12.352181	2399.177283
126.776000	12.315270	2392.137590
126.828000	12.278377	2385.101656
126.880000	12.241698	2378.106735
126.932000	12.205035	2371.114882
126.984000	12.168552	2364.157680
127.036000	12.132095	2357.205463
127.088000	12.095804	2350.285114
127.140000	12.059560	2343.373661
127.192000	12.023488	2336.495366
127.244000	11.987471	2329.627681
127.296000	11.951591	2322.786213
127.348000	11.915790	2315.960083
127.400000	11.880129	2309.160698
127.452000	11.844552	2302.377551
127.504000	11.809082	2295.614996
127.556000	11.773698	2288.868788
127.608000	11.738392	2282.137863
127.660000	11.703234	2275.435041
127.712000	11.668174	2268.751404
127.764000	11.633226	2262.088931
127.816000	11.598331	2255.436894
127.868000	11.563580	2248.812395
127.920000	11.528876	2242.197205
127.972000	11.494354	2235.616710
128.024000	11.459869	2229.043569
128.076000	11.425558	2222.503638
128.128000	11.391266	2215.967320
128.180000	11.357134	2209.461941
128.232000	11.323018	2202.959756
128.284000	11.289109	2196.497015
128.336000	11.255225	2190.039421
128.388000	11.221507	2183.613526
128.440000	11.187830	2177.195588
128.492000	11.154303	2170.806537
128.544000	11.120825	2164.426734
128.596000	11.087462	2158.069326
128.648000	11.054181	2151.727435
128.700000	11.021037	2145.412128
128.752000	10.987979	2139.113215
128.804000	10.955027	2132.834756
128.856000	10.922161	2126.572767
128.908000	10.889374	2120.325930
128.960000	10.856701	2114.101124
129.012000	10.824105	2107.891164
129.064000	10.791639	2101.706058
129.116000	10.759234	2095.532968
129.168000	10.726975	2089.387556
129.220000	10.694762	2083.251303
129.272000	10.662708	2077.145592
129.324000	10.630687	2071.046204
129.376000	10.598815	2064.975430
129.428000	10.566958	2058.907655
129.480000	10.535290	2052.876117
129.532000	10.503637	2046.847559
129.584000	10.472163	2040.853388
129.636000	10.440712	2034.863786
129.688000	10.409402	2028.901252
129.740000	10.378134	2022.946837
129.792000	10.347016	2017.021193
129.844000	10.315955	2011.106476
129.896000	10.285028	2005.217695
129.948000	10.254163	1999.340710
130.000000	10.223400	1993.483594
130.052000	10.192712	1987.640674
130.104000	10.162114	1981.815198
130.156000	10.131617	1976.009105
130.208000	10.101210	1970.220550
130.260000	10.070919	1964.454169
130.312000	10.040704	1958.702486
130.364000	10.010601	1952.972230
130.416000	9.980551	1947.252182
130.468000	9.950625	1941.556029
130.520000	9.920738	1935.867662
130.572000	9.891012	1930.209956
130.624000	9.861317	1924.558420
130.676000	9.831772	1918.935675
130.728000	9.802241	1913.315823
130.780000	9.772873	1907.727165
130.832000	9.743518	1902.141090
130.884000	9.714315	1896.584414
130.936000	9.685141	1891.033210
130.988000	9.656130	1885.513395
131.040000	9.627156	1880.000697
131.092000	9.598309	1874.512590
131.144000	9.569520	1869.035571
131.196000	9.540865	1863.584350
131.248000	9.512262	1858.143088
131.300000	9.483744	1852.718325
131.352000	9.455313	1847.310279
131.404000	9.426986	1841.922431
131.456000	9.398732	1836.548541
131.508000	9.370543	1831.187130
131.560000	9.342469	1825.848057
131.612000	9.314471	1820.523565
131.664000	9.286586	1815.220647
131.716000	9.258752	1809.927836
131.768000	9.231023	1804.655047
131.820000	9.203325	1799.388684
131.872000	9.175789	1794.153159
131.924000	9.148284	1788.923674
131.976000	9.120929	1783.723118
132.028000	9.093588	1778.525338
132.080000	9.066383	1773.353688
132.132000	9.039192	1768.184989
132.184000	9.012179	1763.050392
132.236000	8.985187	1757.919864
132.288000	8.958311	1752.811720
132.340000	8.931472	1747.710834
132.392000	8.904760	1742.634423
132.444000	8.878099	1737.567668
132.496000	8.851551	1732.522938
132.548000	8.825066	1727.490276
132.600000	8.798683	1722.477255
132.652000	8.772362	1717.476311
132.704000	8.746115	1712.489774
132.756000	8.719972	1707.522920
132.808000	8.693917	1702.573325
132.860000	8.667929	1697.636604
132.912000	8.641983	1692.708269
132.964000	8.616170	1687.805236
133.016000	8.590416	1682.913806
133.068000	8.564767	1678.042511
133.120000	8.539150	1673.177551
133.172000	8.513672	1668.339207
133.224000	8.488219	1663.505974
133.276000	8.462892	1658.696945
133.328000	8.437576	1653.890160
133.380000	8.412425	1649.114848
133.432000	8.387283	1644.341745
133.484000	8.362268	1639.592974
133.536000	8.337279	1634.849200
133.588000	8.312428	1630.132163
133.640000	8.287609	1625.421312
133.692000	8.262895	1620.730752
133.744000	8.238232	1616.049999
133.796000	8.213682	1611.391199
133.848000	8.189185	1606.742583
133.900000	8.164772	1602.110265
133.952000	8.140435	1597.492558
134.004000	8.116187	1592.891977
134.056000	8.091997	1588.302765
134.108000	8.067858	1583.723470
134.160000	8.043820	1579.163594
134.212000	8.019845	1574.616041
134.264000	7.995984	1570.090328
134.316000	7.972174	1565.574503
134.368000	7.948447	1561.074891
134.420000	7.924746	1556.580334
134.472000	7.901184	1552.112494
134.524000	7.877647	1547.649636
134.576000	7.854237	1543.211142
134.628000	7.830837	1538.774904
134.680000	7.807574	1534.364847
134.732000	7.784322	1529.957104
134.784000	7.761195	1525.573598
134.836000	7.738095	1521.195334
134.888000	7.715132	1516.843712
134.940000	7.692196	1512.497169
134.992000	7.669343	1508.166851
135.044000	7.646541	1503.846479
135.096000	7.623853	1499.547949
135.148000	7.601207	1495.257681
135.200000	7.578628	1490.980434
135.252000	7.556125	1486.717934
135.304000	7.533710	1482.472454
135.356000	7.511355	1478.238431
135.408000	7.489050	1474.014265
135.460000	7.466846	1469.809649
135.512000	7.444705	1465.617255
135.564000	7.422640	1461.439526
135.616000	7.400608	1457.268430
135.668000	7.378683	1453.117681
135.720000	7.356788	1448.973082
135.772000	7.335010	1444.850914
135.824000	7.313252	1440.732867
135.876000	7.291621	1436.639282
135.928000	7.270001	1432.547966
135.980000	7.248516	1428.482756
136.032000	7.227041	1424.419544
136.084000	7.205666	1420.375643
136.136000	7.184314	1416.336176
136.188000	7.163075	1412.318862
136.240000	7.141870	1408.307978
136.292000	7.120769	1404.317227
136.344000	7.099711	1400.334898
136.396000	7.078747	1396.370687
136.448000	7.057825	1392.414846
136.500000	7.036970	1388.472001
136.552000	7.016180	1384.541568
136.604000	6.995462	1380.625269
136.656000	6.974804	1376.720529
136.708000	6.954195	1372.825602
136.760000	6.933689	1368.950345
136.812000	6.913245	1365.087195
136.864000	6.892858	1361.235142
136.916000	6.872496	1357.388120
136.968000	6.852241	1353.561559
137.020000	6.832015	1349.741065
137.072000	6.811907	1345.943100
137.124000	6.791818	1342.149163
137.176000	6.771832	1338.374941
137.228000	6.751855	1334.602673
137.280000	6.732012	1330.856392
137.332000	6.712180	1327.112212
137.384000	6.692447	1323.387320
137.436000	6.672733	1319.666119
137.488000	6.653109	1315.962572
137.540000	6.633519	1312.265578
137.592000	6.614033	1308.588628
137.644000	6.594581	1304.918553
137.696000	6.575204	1301.263002
137.748000	6.555871	1297.615905
137.800000	6.536603	1293.981704
137.852000	6.517401	1290.360039
137.904000	6.498270	1286.752445
137.956000	6.479200	1283.156491
138.008000	6.460179	1279.570279
138.060000	6.441227	1275.997309
138.112000	6.422315	1272.432508
138.164000	6.403500	1268.886235
138.216000	6.384725	1265.347996
138.268000	6.366036	1261.826251
138.320000	6.347370	1258.309372
138.372000	6.328776	1254.806153
138.424000	6.310192	1251.305436
138.476000	6.291738	1247.829402
138.528000	6.273293	1244.355674
138.580000	6.254984	1240.907862
138.632000	6.236682	1237.461773
138.684000	6.218454	1234.030139
138.736000	6.200245	1230.602300
138.788000	6.182127	1227.192100
138.840000	6.164036	1223.787277
138.892000	6.146028	1220.398458
138.944000	6.128064	1217.018308
138.996000	6.110192	1213.656129
139.048000	6.092353	1210.300403
139.100000	6.074564	1206.954411
139.152000	6.056827	1203.618572
139.204000	6.039146	1200.294024
139.256000	6.021542	1196.984108
139.308000	6.003999	1193.686183
139.360000	5.986508	1190.398262
139.412000	5.969047	1187.116534
139.464000	5.951663	1183.849758
139.516000	5.934312	1180.589454
139.568000	5.917046	1177.345720
139.620000	5.899804	1174.106788
139.672000	5.882656	1170.886097
139.724000	5.865524	1167.668565
139.776000	5.848468	1164.466000
139.828000	5.831420	1161.265176
139.880000	5.814507	1158.090198
139.932000	5.797601	1154.917034
139.984000	5.780769	1151.758254
140.036000	5.763956	1148.603373
140.088000	5.747234	1145.466041
140.140000	5.730540	1142.334197
140.192000	5.713927	1139.218342
140.244000	5.697350	1136.109552
140.296000	5.680847	1133.015124
140.348000	5.664377	1129.927227
140.400000	5.647956	1126.849031
140.452000	5.631587	1123.781074
140.504000	5.615276	1120.724339
140.556000	5.599010	1117.676506
140.608000	5.582780	1114.636036
140.660000	5.566621	1111.608959
140.712000	5.550500	1108.589932
140.764000	5.534459	1105.585932
140.816000	5.518448	1102.588341
140.868000	5.502502	1099.603306
140.920000	5.486574	1096.621954
140.972000	5.470741	1093.658923
141.024000	5.454921	1090.698988
141.076000	5.439206	1087.759051
141.128000	5.423498	1084.820946
141.180000	5.407871	1081.898375
141.232000	5.392252	1078.977704
141.284000	5.376706	1076.071424
141.336000	5.361181	1073.169154
141.388000	5.345745	1070.284344
141.440000	5.330330	1067.403786
141.492000	5.314976	1064.535247
141.544000	5.299659	1061.673880
141.596000	5.284414	1058.826843
141.648000	5.269207	1055.987064
141.700000	5.254053	1053.157899
141.752000	5.238943	1050.337276
141.804000	5.223879	1047.525936
141.856000	5.208868	1044.724740
141.908000	5.193898	1041.931778
141.960000	5.178985	1039.149963
142.012000	5.164105	1036.374859
142.064000	5.149289	1033.612241
142.116000	5.134499	1030.854960
142.168000	5.119783	1028.111959
142.220000	5.105086	1025.373028
142.272000	5.090466	1022.648901
142.324000	5.075857	1019.927304
142.376000	5.061333	1017.222306
142.428000	5.046817	1014.519011
142.480000	5.032388	1011.832729
142.532000	5.017968	1009.148495
142.584000	5.003624	1006.479053
142.636000	4.989297	1003.813061
142.688000	4.975043	1001.161507
142.740000	4.960812	998.514562
142.792000	4.946646	995.880377
142.844000	4.932509	993.251879
142.896000	4.918428	990.634543
142.948000	4.904382	988.024110
143.000000	4.890385	985.423629
143.052000	4.876432	982.831521
143.104000	4.862523	980.248422
143.156000	4.848663	977.674653
143.208000	4.834839	975.108418
143.260000	4.821070	972.552730
143.312000	4.807331	970.003358
143.364000	4.793651	967.465417
143.416000	4.779994	964.932352
143.468000	4.766405	962.412379
143.520000	4.752833	959.896121
143.572000	4.739333	957.393834
143.624000	4.725843	954.893917
143.676000	4.712432	952.409213
143.728000	4.699027	949.926146
143.780000	4.685703	947.459033
143.832000	4.672389	944.993891
143.884000	4.659142	942.542081
143.936000	4.645912	940.093624
143.988000	4.632750	937.658740
144.040000	4.619609	935.227999
144.092000	4.606524	932.808424
144.144000	4.593467	930.394449
144.196000	4.580464	927.991286
144.248000	4.567495	925.594662
144.300000	4.554571	923.207342
144.352000	4.541687	920.827705
144.404000	4.528843	918.456284
144.456000	4.516043	916.093356
144.508000	4.503275	913.737265
144.560000	4.490558	911.390773
144.612000	4.477867	909.050035
144.664000	4.465234	906.720420
144.716000	4.452622	904.395523
144.768000	4.440073	902.082570
144.820000	4.427538	899.773021
144.872000	4.415070	897.476565
144.924000	4.402612	895.182318
144.976000	4.390225	892.901866
145.028000	4.377843	890.622968
145.080000	4.365536	888.358473
145.132000	4.353237	886.096043
145.184000	4.341006	883.846940
145.236000	4.328788	881.600784
145.288000	4.316628	879.366006
145.340000	4.304489	877.135464
145.392000	4.292406	874.916112
145.444000	4.280347	872.701717
145.496000	4.268335	870.496726
145.548000	4.256354	868.297909
145.600000	4.244416	866.107781
145.652000	4.232515	863.924888
145.704000	4.220651	861.749680
145.756000	4.208826	859.582126
145.808000	4.197030	857.420747
145.860000	4.185282	855.268692
145.912000	4.173560	853.122208
145.964000	4.161890	850.985771
146.016000	4.150240	848.853623
146.068000	4.138646	846.732647
146.120000	4.127067	844.614867
146.172000	4.115550	842.509331
146.224000	4.104042	840.405871
146.276000	4.092599	838.315259
146.328000	4.081162	836.226139
146.380000	4.069790	834.149909
146.432000	4.058426	832.075658
146.484000	4.047123	830.013326
146.536000	4.035834	827.954029
146.588000	4.024602	825.906093
146.640000	4.013388	823.861910
146.692000	4.002221	821.827382
146.744000	3.991079	819.797701
146.796000	3.979981	817.777057
146.848000	3.968912	815.762225
146.900000	3.957882	813.755498
146.952000	3.946886	811.755286
147.004000	3.935922	809.761987
147.056000	3.924996	807.776098
147.108000	3.914098	805.796179
147.160000	3.903243	803.824601
147.212000	3.892411	801.858055
147.264000	3.881627	799.900867
147.316000	3.870860	797.947708
147.368000	3.860146	796.004926
147.420000	3.849445	794.065134
147.472000	3.838803	792.136733
147.524000	3.828167	790.210288
147.576000	3.817593	788.295783
147.628000	3.807023	786.382738
147.680000	3.796513	784.481564
147.732000	3.786012	782.582336
147.784000	3.775565	780.694069
147.836000	3.765131	778.808718
147.888000	3.754751	776.933879
147.940000	3.744386	775.062588
147.992000	3.734066	773.200193
148.044000	3.723767	771.342359
148.096000	3.713509	769.492910
148.148000	3.703279	767.648888
148.200000	3.693084	765.812367
148.252000	3.682920	763.981885
148.304000	3.672785	762.157803
148.356000	3.662686	760.340589
148.408000	3.652611	758.528952
148.460000	3.642579	756.725381
148.512000	3.632567	754.926699
148.564000	3.622598	753.136262
148.616000	3.612644	751.349452
148.668000	3.602740	749.572216
148.720000	3.592846	747.797782
148.772000	3.583006	746.033918
148.824000	3.573172	744.271918
148.876000	3.563397	742.521407
148.928000	3.553627	740.772338
148.980000	3.543911	739.034108
149.032000	3.534202	737.297785
149.084000	3.524544	735.571528
149.136000	3.514898	733.848066
149.188000	3.505300	732.134282
149.240000	3.495717	730.423832
149.292000	3.486173	728.721537
149.344000	3.476652	727.023686
149.396000	3.467168	725.333879
149.448000	3.457709	723.648893
149.500000	3.448280	721.970563
149.552000	3.438881	720.298066
149.604000	3.429510	718.631745
149.656000	3.420172	716.971719
149.708000	3.410855	715.316865
149.760000	3.401577	713.669450
149.812000	3.392319	712.026619
149.864000	3.383099	710.391299
149.916000	3.373892	708.759358
149.968000	3.364732	707.136646
150.020000	3.355583	705.516672
150.072000	3.346483	703.906385
150.124000	3.337388	702.297863
150.176000	3.328347	700.699893
150.228000	3.319310	699.103366
150.280000	3.310325	697.517203
150.332000	3.301346	695.932907
150.384000	3.292413	694.357747
150.436000	3.283491	692.785146
150.488000	3.274610	691.220991
150.540000	3.265744	689.660249
150.592000	3.256918	688.107681
150.644000	3.248110	686.559068
150.696000	3.239336	685.017523
150.748000	3.230585	683.480634
150.800000	3.221862	681.950146
150.852000	3.213167	680.425011
150.904000	3.204496	678.905589
150.956000	3.195857	677.392215
151.008000	3.187238	675.883868
151.060000	3.178655	674.382284
151.112000	3.170089	672.884961
151.164000	3.161559	671.394829
151.216000	3.153042	669.907997
151.268000	3.144568	668.429600
151.320000	3.136103	666.953790
151.372000	3.127682	665.486776
151.424000	3.119266	664.021447
151.476000	3.110901	662.566283
151.528000	3.102540	661.112531
151.580000	3.094223	659.667622
151.632000	3.085912	658.224673
151.684000	3.077647	656.790872
151.736000	3.069392	655.359502
151.788000	3.061173	653.935824
151.840000	3.052968	652.515334
151.892000	3.044799	651.102259
151.944000	3.036647	649.693026
151.996000	3.028527	648.290590
152.048000	3.020429	646.892638
152.100000	3.012358	645.500825
152.152000	3.004309	644.113605
152.204000	2.996282	642.731406
152.256000	2.988286	641.355304
152.308000	2.980311	639.984296
152.360000	2.972365	638.619055
152.412000	2.964434	637.257638
152.464000	2.956539	635.903453
152.516000	2.948657	634.552611
152.568000	2.940811	633.208970
152.620000	2.932973	631.867693
152.672000	2.925179	630.535306
152.724000	2.917390	629.204648
152.776000	2.909644	627.882652
152.828000	2.901902	626.562101
152.880000	2.894203	625.250433
152.932000	2.886510	623.940611
152.984000	2.878855	622.638634
153.036000	2.871210	621.339174
153.088000	2.863602	620.047393
153.140000	2.856006	618.758579
153.192000	2.848441	617.476507
153.244000	2.840894	616.198157
153.296000	2.833376	614.926328
153.348000	2.825876	613.658345
153.400000	2.818399	612.395698
153.452000	2.810946	611.137973
153.504000	2.803516	609.885591
153.556000	2.796110	608.638098
153.608000	2.788720	607.394947
153.660000	2.781362	606.157949
153.712000	2.774019	604.925007
153.764000	2.766707	603.698185
153.816000	2.759405	602.474400
153.868000	2.752140	601.257861
153.920000	2.744882	600.043739
153.972000	2.737661	598.837175
154.024000	2.730444	597.632255
154.076000	2.723270	596.436059
154.128000	2.716100	595.241313
154.180000	2.708967	594.054521
154.232000	2.701841	592.869605
154.284000	2.694750	591.692095
154.336000	2.687668	590.517082
154.388000	2.680621	589.349384
154.440000	2.673585	588.184430
154.492000	2.666576	587.025561
154.544000	2.659583	585.870290
154.596000	2.652618	584.721258
154.648000	2.645670	583.575897
154.700000	2.638743	582.435667
154.752000	2.631837	581.299862
154.804000	2.624951	580.168995
154.856000	2.618090	579.043060
154.908000	2.611245	577.921570
154.960000	2.604427	576.805208
155.012000	2.597620	575.692495
155.064000	2.590845	574.585956
155.116000	2.584079	573.482536
155.168000	2.577346	572.385554
155.220000	2.570619	571.290890
155.272000	2.563927	570.203364
155.324000	2.557238	569.117493
155.376000	2.550589	568.039962
155.428000	2.543944	566.963896
155.480000	2.537332	565.894797
155.532000	2.530726	564.827678
155.584000	2.524154	563.768037
155.636000	2.517592	562.710759
155.688000	2.511059	561.660039
155.740000	2.504537	560.611987
155.792000	2.498039	559.569705
155.844000	2.491557	558.530709
155.896000	2.485098	557.497402
155.948000	2.478656	556.467830
156.000000	2.472235	555.443485
156.052000	2.465835	554.423329
156.104000	2.459453	553.407959
156.156000	2.453092	552.396925
156.208000	2.446745	551.390049
156.260000	2.440423	550.387997
156.312000	2.434112	549.389552
156.364000	2.427830	548.396923
156.416000	2.421557	547.407375
156.468000	2.415314	546.423911
156.520000	2.409077	545.442777
156.572000	2.402872	544.468361
156.624000	2.396671	543.495627
156.676000	2.390504	542.530286
156.728000	2.384341	541.566498
156.780000	2.378210	540.609724
156.832000	2.372085	539.654886
156.884000	2.365990	538.706696
156.936000	2.359903	537.760851
156.988000	2.353844	536.821232
157.040000	2.347794	535.884209
157.092000	2.341768	534.952681
157.144000	2.335755	534.024309
157.196000	2.329764	533.101382
157.248000	2.323789	532.182024
157.300000	2.317834	531.267740
157.352000	2.311896	530.357137
157.404000	2.305974	529.450963
157.456000	2.300073	528.549163
157.508000	2.294186	527.651664
157.560000	2.288322	526.758654
157.612000	2.282467	525.869203
157.664000	2.276639	524.984839
157.716000	2.270817	524.103438
157.768000	2.265024	523.227731
157.820000	2.259235	522.354366
157.872000	2.253480	521.487825
157.924000	2.247727	520.623069
157.976000	2.242007	519.765243
158.028000	2.236289	518.908996
158.080000	2.230599	518.058882
158.132000	2.224914	517.210745
158.184000	2.219257	516.368858
158.236000	2.213608	515.529304
158.288000	2.207983	514.695685
158.340000	2.202369	513.864750
158.392000	2.196778	513.039390
158.444000	2.191199	512.217071
158.496000	2.185641	511.400012
158.548000	2.180096	510.586095
158.600000	2.174568	509.776805
158.652000	2.169056	508.970964
158.704000	2.163557	508.169462
158.756000	2.158079	507.372048
158.808000	2.152614	506.578899
158.860000	2.147171	505.790280
158.912000	2.141738	505.005364
158.964000	2.136327	504.224787
159.016000	2.130921	503.447065
159.068000	2.125544	502.675112
159.120000	2.120172	501.905619
159.172000	2.114827	501.142071
159.224000	2.109485	500.380358
159.276000	2.104173	499.625107
159.328000	2.098863	498.871576
159.380000	2.093581	498.124224
159.432000	2.088303	497.378892
159.484000	2.083051	496.639482
159.536000	2.077806	495.902391
159.588000	2.072585	495.170914
159.640000	2.067372	494.442059
159.692000	2.062180	493.718560
159.744000	2.056999	492.997771
159.796000	2.051835	492.281719
159.848000	2.046684	491.568885
159.900000	2.041550	490.860849
159.952000	2.036432	490.156303
160.004000	2.031328	489.456250
160.056000	2.026241	488.759684
160.108000	2.021164	488.067189
160.160000	2.016108	487.378886
160.212000	2.011061	486.694280
160.264000	2.006036	486.014072
160.316000	2.001016	485.336871
160.368000	1.996020	484.664644
160.420000	1.991028	483.994866
160.472000	1.986064	483.331106
160.524000	1.981102	482.669310
160.576000	1.976165	482.013005
160.628000	1.971231	481.358572
160.680000	1.966323	480.710399
160.732000	1.961421	480.064297
160.784000	1.956541	479.423779
160.836000	1.951668	478.785577
160.888000	1.946815	478.152733
160.940000	1.941971	477.522440
160.992000	1.937146	476.897239
161.044000	1.932332	476.274839
161.096000	1.927534	475.657353
161.148000	1.922748	475.042660
161.200000	1.917975	474.432389
161.252000	1.913219	473.825659
161.304000	1.908476	473.223615
161.356000	1.903748	472.624752
161.408000	1.899030	472.029966
161.460000	1.894331	471.439074
161.512000	1.889640	470.851931
161.564000	1.884968	470.268809
161.616000	1.880302	469.688730
161.668000	1.875659	469.113708
161.720000	1.871020	468.541287
161.772000	1.866404	467.974031
161.824000	1.861790	467.408837
161.876000	1.857203	466.849706
161.928000	1.852618	466.292512
161.980000	1.848056	465.740747
162.032000	1.843498	465.191111
162.084000	1.838960	464.646740
162.136000	1.834428	464.104678
162.188000	1.829915	463.567669
162.240000	1.825411	463.033329
162.292000	1.820925	462.504279
162.344000	1.816449	461.977905
162.396000	1.811988	461.456289
162.448000	1.807537	460.937284
162.500000	1.803098	460.422628
162.552000	1.798674	459.911289
162.604000	1.794262	459.404636
162.656000	1.789866	458.901181
162.708000	1.785479	458.402031
162.760000	1.781109	457.906431
162.812000	1.776747	457.414624
162.864000	1.772401	456.926526
162.916000	1.768061	456.441570
162.968000	1.763741	455.961289
163.020000	1.759425	455.483701
163.072000	1.755132	455.011364
163.124000	1.750841	454.541249
163.176000	1.746575	454.076818
163.228000	1.742310	453.614453
163.280000	1.738065	453.157132
163.332000	1.733824	452.702090
163.384000	1.729604	452.252421
163.436000	1.725389	451.805066
163.488000	1.721191	451.362551
163.540000	1.717001	450.922644
163.592000	1.712827	450.487829
163.644000	1.708662	450.055579
163.696000	1.704510	449.627995
163.748000	1.700369	449.203084
163.800000	1.696239	448.782728
163.852000	1.692123	448.365462
163.904000	1.688018	447.952910
163.956000	1.683926	447.543241
164.008000	1.679843	447.137942
164.060000	1.675775	446.735878
164.112000	1.671714	446.337695
164.164000	1.667669	445.943277
164.216000	1.663630	445.552200
164.268000	1.659611	445.165896
164.320000	1.655597	444.782471
164.372000	1.651600	444.403449
164.424000	1.647604	444.026784
164.476000	1.643633	443.655882
164.528000	1.639664	443.287173
164.580000	1.635712	442.923165
164.632000	1.631764	442.561508
164.684000	1.627834	442.204942
164.736000	1.623909	441.850832
164.788000	1.620001	441.501735
164.840000	1.616100	441.155198
164.892000	1.612213	440.813623
164.944000	1.608336	440.474701
164.996000	1.604472	440.140649
165.048000	1.600616	439.809090
165.100000	1.596771	439.482065
165.152000	1.592938	439.157879
165.204000	1.589115	438.838432
165.256000	1.585305	438.521917
165.308000	1.581504	438.210069
165.360000	1.577716	437.901129
165.412000	1.573934	437.596173
165.464000	1.570169	437.295058
165.516000	1.566408	436.997515
165.568000	1.562665	436.703936
165.620000	1.558923	436.413307
165.672000	1.555200	436.127184
165.724000	1.551479	435.843604
165.776000	1.547778	435.565392
165.828000	1.544080	435.289622
165.880000	1.540402	435.019189
165.932000	1.536727	434.751091
165.984000	1.533065	434.487368
166.036000	1.529408	434.226254
166.088000	1.525768	433.970367
166.140000	1.522135	433.716987
166.192000	1.518514	433.468416
166.244000	1.514901	433.222385
166.296000	1.511299	432.981160
166.348000	1.507707	432.742513
166.400000	1.504124	432.508690
166.452000	1.500554	432.277745
166.504000	1.496994	432.051823
166.556000	1.493443	431.828214
166.608000	1.489899	431.609208
166.660000	1.486369	431.393134
166.712000	1.482844	431.181295
166.764000	1.479336	430.973399
166.816000	1.475833	430.769328
166.868000	1.472344	430.568872
166.920000	1.468857	430.371524
166.972000	1.465389	430.178838
167.024000	1.461922	429.988885
167.076000	1.458471	429.803390
167.128000	1.455022	429.620542
167.180000	1.451592	429.443160
167.232000	1.448166	429.268291
167.284000	1.444753	429.098035
167.336000	1.441345	428.930402
167.388000	1.437952	428.767798
167.440000	1.434565	428.607824
167.492000	1.431190	428.452876
167.544000	1.427822	428.300361
167.596000	1.424464	428.152632
167.648000	1.421115	428.007549
167.700000	1.417776	427.867565
167.752000	1.414447	427.729929
167.804000	1.411124	427.597200
167.856000	1.407814	427.467165
167.908000	1.404511	427.342231
167.960000	1.401219	427.219912
168.012000	1.397932	427.101972
168.064000	1.394661	426.987628
168.116000	1.391393	426.877258
168.168000	1.388140	426.770635
168.220000	1.384888	426.667367
168.272000	1.381652	426.568381
168.324000	1.378418	426.472343
168.376000	1.375202	426.381410
168.428000	1.371988	426.293223
168.480000	1.368789	426.209766
168.532000	1.365593	426.129007
168.584000	1.362410	426.053035
168.636000	1.359231	425.979707
168.688000	1.356065	425.911250
168.740000	1.352905	425.845561
168.792000	1.349757	425.785174
168.844000	1.346616	425.727096
168.896000	1.343482	425.673767
168.948000	1.340358	425.623162
169.000000	1.337243	425.577969
169.052000	1.334136	425.534882
169.104000	1.331036	425.496838
169.156000	1.327947	425.461505
169.208000	1.324865	425.431575
169.260000	1.321794	425.403957
169.312000	1.318726	425.380890
169.364000	1.315673	425.361530
169.416000	1.312624	425.346426
169.468000	1.309588	425.334687
169.520000	1.306552	425.326477
169.572000	1.303536	425.323201
169.624000	1.300520	425.323085
169.676000	1.297518	425.327268
169.728000	1.294517	425.334358
169.780000	1.291528	425.345871
169.832000	1.288543	425.360371
169.884000	1.285574	425.380263
169.936000	1.282608	425.402824
169.988000	1.279652	425.430135
170.040000	1.276702	425.460167
170.092000	1.273763	425.495427
170.144000	1.270830	425.533311
170.196000	1.267907	425.576526
170.248000	1.264991	425.622027
170.300000	1.262082	425.672760
170.352000	1.259182	425.725935
170.404000	1.256289	425.784717
170.456000	1.253405	425.845580
170.508000	1.250526	425.911835
170.560000	1.247659	425.980833
170.612000	1.244796	426.054822
170.664000	1.241945	426.131767
170.716000	1.239096	426.213047
170.768000	1.236261	426.298299
170.820000	1.233429	426.387396
170.872000	1.230609	426.480574
170.924000	1.227791	426.577129
170.976000	1.224988	426.678618
171.028000	1.222187	426.783227
171.080000	1.219398	426.892422
171.132000	1.216612	427.004590
171.184000	1.213837	427.121574
171.236000	1.211066	427.241381
171.288000	1.208304	427.366160
171.340000	1.205549	427.493793
171.392000	1.202803	427.626924
171.444000	1.200064	427.762558
171.496000	1.197333	427.903526
171.548000	1.194608	428.046850
171.600000	1.191891	428.195738
171.652000	1.189183	428.347111
171.704000	1.186481	428.504450
171.756000	1.183787	428.663564
171.808000	1.181097	428.828227
171.860000	1.178419	428.995702
171.912000	1.175745	429.168470
171.964000	1.173080	429.343864
172.016000	1.170417	429.523771
172.068000	1.167768	429.707778
172.120000	1.165122	429.895872
172.172000	1.162489	430.088178
172.224000	1.159856	430.284036
172.276000	1.157234	430.484013
172.328000	1.154614	430.687386
172.380000	1.152009	430.895990
172.432000	1.149406	431.107642
172.484000	1.146811	431.323906
172.536000	1.144221	431.543285
172.588000	1.141643	431.768235
172.640000	1.139069	431.995788
172.692000	1.136502	432.228435
172.744000	1.133940	432.463692
172.796000	1.131387	432.704615
172.848000	1.128840	432.947941
172.900000	1.126301	433.197120
172.952000	1.123769	433.448515
173.004000	1.121243	433.706007
173.056000	1.118724	433.965311
173.108000	1.116209	434.230479
173.160000	1.113704	434.498158
173.212000	1.111202	434.771287
173.264000	1.108712	435.047547
173.316000	1.106224	435.328663
173.368000	1.103749	435.613533
173.420000	1.101274	435.902661
173.472000	1.098811	436.195662
173.524000	1.096348	436.492412
173.576000	1.093896	436.793411
173.628000	1.091446	437.097997
173.680000	1.089010	437.407988
173.732000	1.086577	437.721188
173.784000	1.084152	438.039205
173.836000	1.081730	438.360179
173.888000	1.079316	438.686196
173.940000	1.076907	439.015118
173.992000	1.074507	439.349739
174.044000	1.072111	439.686808
174.096000	1.069722	440.029485
174.148000	1.067340	440.374629
174.200000	1.064964	440.725937
174.252000	1.062597	441.079491
174.304000	1.060235	441.439457
174.356000	1.057878	441.800919
174.408000	1.055525	442.168348
174.460000	1.053181	442.538355
174.512000	1.050841	442.914057
174.564000	1.048512	443.292981
174.616000	1.046186	443.676977
174.668000	1.043867	444.063900
174.720000	1.041549	444.455167
174.772000	1.039244	444.850929
174.824000	1.036941	445.250652
174.876000	1.034650	445.655278
174.928000	1.032360	446.063447
174.980000	1.030078	446.475814
175.032000	1.027798	446.891630
175.084000	1.025529	447.312828
175.136000	1.023263	447.737098
175.188000	1.021006	448.166652
175.240000	1.018752	448.598988
175.292000	1.016505	449.036842
175.344000	1.014262	449.477219
175.396000	1.012026	449.923471
175.448000	1.009798	450.372230
175.500000	1.007575	450.827397
175.552000	1.005358	451.284204
175.604000	1.003144	451.747260
175.656000	1.000939	452.212528
175.708000	0.998738	452.684303
175.760000	0.996546	453.158326
175.812000	0.994357	453.638095
175.864000	0.992174	454.120299
175.916000	0.989993	454.607553
175.968000	0.987824	455.098772
176.020000	0.985656	455.594573
176.072000	0.983499	456.094488
176.124000	0.981343	456.598419
176.176000	0.979195	457.106350
176.228000	0.977048	457.618072
176.280000	0.974913	458.135016
176.332000	0.972780	458.655278
176.384000	0.970654	459.180245
176.436000	0.968531	459.708500
176.488000	0.966418	460.242518
176.540000	0.964309	460.779187
176.592000	0.962204	461.321232
176.644000	0.960104	461.865825
176.696000	0.958010	462.416426
176.748000	0.955922	462.969280
176.800000	0.953840	463.528452
176.852000	0.951764	464.089580
176.904000	0.949692	464.657333
176.956000	0.947625	465.226622
177.008000	0.945562	465.802198
177.060000	0.943509	466.380464
177.112000	0.941459	466.964693
177.164000	0.939416	467.551411
177.216000	0.937374	468.143251
177.268000	0.935340	468.738169
177.320000	0.933306	469.337624
177.372000	0.931286	469.941778
177.424000	0.929267	470.549998
177.476000	0.927255	471.162274
177.528000	0.925245	471.778311
177.580000	0.923245	472.399199
177.632000	0.921246	473.023431
177.684000	0.919253	473.652412
177.736000	0.917264	474.284547
177.788000	0.915283	474.922138
177.840000	0.913305	475.562581
177.892000	0.911335	476.208786
177.944000	0.909368	476.857303
177.996000	0.907406	477.511592
178.048000	0.905447	478.167851
178.100000	0.903493	478.830226
178.152000	0.901548	479.494858
178.204000	0.899607	480.166354
178.256000	0.897670	480.839039
178.308000	0.895735	481.517822
178.360000	0.893811	482.199328
178.412000	0.891890	482.886756
178.464000	0.889973	483.576264
178.516000	0.888057	484.270762
178.568000	0.886154	484.969316
178.620000	0.884252	485.672444
178.672000	0.882355	486.378737
178.724000	0.880459	487.089058
178.776000	0.878573	487.803914
178.828000	0.876689	488.522481
178.880000	0.874814	489.245879
178.932000	0.872941	489.972449
178.984000	0.871072	490.703327
179.036000	0.869206	491.437463
179.088000	0.867351	492.177371
179.140000	0.865497	492.919685
179.192000	0.863647	493.667038
179.244000	0.861802	494.416893
179.296000	0.859963	495.172718
179.348000	0.858128	495.930468
179.400000	0.856297	496.694217
179.452000	0.854471	497.459558
179.504000	0.852648	498.231212
179.556000	0.850833	499.004764
179.608000	0.849021	499.784541
179.660000	0.847216	500.566255
179.712000	0.845412	501.353434
179.764000	0.843616	502.143119
179.816000	0.841820	502.937680
179.868000	0.840032	503.735307
179.920000	0.838245	504.537221
179.972000	0.836469	505.343281
180.024000	0.834693	506.153122
180.076000	0.832922	506.966429
180.128000	0.831153	507.783281
180.180000	0.829393	508.604835
180.232000	0.827635	509.429521
180.284000	0.825884	510.258765
180.336000	0.824135	511.090813
180.388000	0.822391	511.927707
180.440000	0.820651	512.767080
180.492000	0.818916	513.611587
180.544000	0.817186	514.458491
180.596000	0.815462	515.311088
180.648000	0.813740	516.165250
180.700000	0.812021	517.024856
180.752000	0.810308	517.885994
180.804000	0.808597	518.753078
180.856000	0.806894	519.622037
180.908000	0.805195	520.496798
180.960000	0.803499	521.373069
181.012000	0.801805	522.254278
181.064000	0.800120	523.138369
181.116000	0.798437	524.027028
181.168000	0.796759	524.918168
181.220000	0.795081	525.813185
181.272000	0.793412	526.711682
181.324000	0.791743	527.613694
181.376000	0.790085	528.519931
181.428000	0.788427	529.429250
181.480000	0.786774	530.342127
181.532000	0.785123	531.257861
181.584000	0.783478	532.177837
181.636000	0.781835	533.100374
181.688000	0.780199	534.027385
181.740000	0.778565	534.956668
181.792000	0.776937	535.890655
181.844000	0.775312	536.826632
181.896000	0.773692	537.767526
181.948000	0.772075	538.709855
182.000000	0.770460	539.657064
182.052000	0.768852	540.606049
182.104000	0.767248	541.560548
182.156000	0.765648	542.516150
182.208000	0.764050	543.476553
182.260000	0.762458	544.438800
182.312000	0.760868	545.405462
182.364000	0.759285	546.374440
182.416000	0.757703	547.347299
182.468000	0.756128	548.322929
182.520000	0.754555	549.301914
182.572000	0.752986	550.283591
182.624000	0.751419	551.268233
182.676000	0.749859	552.256276
182.728000	0.748300	553.247019
182.780000	0.746748	554.241345
182.832000	0.745198	555.238118
182.884000	0.743655	556.238640
182.936000	0.742113	557.241202
182.988000	0.740575	558.247304
183.040000	0.739040	559.255380
183.092000	0.737510	560.267496
183.144000	0.735983	561.281122
183.196000	0.734458	562.298636
183.248000	0.732940	563.317981
183.300000	0.731426	564.341841
183.352000	0.729916	565.366726
183.404000	0.728408	566.395785
183.456000	0.726904	567.425875
183.508000	0.725401	568.459809
183.560000	0.723905	569.495473
183.612000	0.722411	570.534649
183.664000	0.720924	571.575940
183.716000	0.719438	572.620265
183.768000	0.717957	573.666590
183.820000	0.716476	574.715461
183.872000	0.715003	575.767149
183.924000	0.713532	576.821101
183.976000	0.712068	577.877970
184.028000	0.710604	578.936739
184.080000	0.709142	579.997627
184.132000	0.707683	581.060530
184.184000	0.706233	582.126891
184.236000	0.704784	583.194814
184.288000	0.703339	584.265484
184.340000	0.701896	585.337527
184.392000	0.700456	586.412382
184.444000	0.699021	587.488683
184.496000	0.697589	588.568130
184.548000	0.696162	589.648904
184.600000	0.694739	590.732810
184.652000	0.693320	591.817617
184.704000	0.691902	592.905338
184.756000	0.690488	593.993992
184.808000	0.689076	595.085241
184.860000	0.687670	596.178051
184.912000	0.686266	597.273201
184.964000	0.684867	598.369741
185.016000	0.683468	599.468154
185.068000	0.682077	600.568663
185.120000	0.680687	601.670756
185.172000	0.679302	602.774632
185.224000	0.677918	603.879834
185.276000	0.676538	604.986834
185.328000	0.675160	606.095109
185.380000	0.673789	607.205614
185.432000	0.672419	608.317188
185.484000	0.671054	609.430531
185.536000	0.669690	610.544843
185.588000	0.668329	611.660883
185.640000	0.666973	612.778017
185.692000	0.665621	613.897125
185.744000	0.664271	615.017056
185.796000	0.662925	616.138560
185.848000	0.661581	617.260846
185.900000	0.660240	618.384594
185.952000	0.658904	619.509430
186.004000	0.657571	620.635793
186.056000	0.656242	621.762967
186.108000	0.654915	622.891209
186.160000	0.653592	624.020381
186.212000	0.652270	625.150361
186.264000	0.650953	626.281370
186.316000	0.649636	627.412945
186.368000	0.648328	628.546125
186.420000	0.647019	629.679699
186.472000	0.645717	630.814411
186.524000	0.644414	631.949380
186.576000	0.643117	633.085363
186.628000	0.641821	634.221588
186.680000	0.640529	635.358681
186.732000	0.639239	636.496020
186.784000	0.637952	637.634050
186.836000	0.636669	638.772524
186.888000	0.635390	639.911850
186.940000	0.634115	641.051498
186.992000	0.632842	642.191421
187.044000	0.631572	643.331740
187.096000	0.630305	644.472091
187.148000	0.629041	645.612933
187.200000	0.627779	646.753539
187.252000	0.626521	647.894752
187.304000	0.625264	649.035437
187.356000	0.624014	650.177164
187.408000	0.622766	651.318353
187.460000	0.621520	652.459778
187.512000	0.620275	653.600273
187.564000	0.619037	654.741824
187.616000	0.617800	655.882519
187.668000	0.616565	657.023249
187.720000	0.615331	658.162970
187.772000	0.614105	659.303592
187.824000	0.612879	660.443268
187.876000	0.611659	661.583050
187.928000	0.610439	662.722010
187.980000	0.609224	663.860764
188.032000	0.608010	664.998848
188.084000	0.606800	666.136391
188.136000	0.605592	667.273268
188.188000	0.604385	668.408893
188.240000	0.603181	669.544436
188.292000	0.601982	670.678998
188.344000	0.600786	671.813491
188.396000	0.599593	672.946283
188.448000	0.598403	674.079256
188.500000	0.597215	675.210088
188.552000	0.596031	676.341376
188.604000	0.594848	677.470057
188.656000	0.593670	678.599252
188.708000	0.592493	679.725838
188.760000	0.591320	680.852750
188.812000	0.590149	681.977076
188.864000	0.588982	683.101512
188.916000	0.587817	684.223409
188.968000	0.586656	685.345178
189.020000	0.585495	686.464491
189.072000	0.584338	687.582853
189.124000	0.583181	688.699031
189.176000	0.582031	689.814784
189.228000	0.580883	690.928585
189.280000	0.579739	692.041011
189.332000	0.578596	693.151663
189.384000	0.577454	694.260046
189.436000	0.576315	695.367127
189.488000	0.575179	696.471793
189.540000	0.574047	697.575737
189.592000	0.572919	698.677015
189.644000	0.571793	699.777492
189.696000	0.570668	700.874145
189.748000	0.569546	701.970667
189.800000	0.568427	703.063019
189.852000	0.567311	704.155663
189.904000	0.566197	705.243543
189.956000	0.565085	706.331373
190.008000	0.563974	707.414453
190.060000	0.562869	708.497918
190.112000	0.561766	709.577075
190.164000	0.560666	710.655361
190.216000	0.559566	711.729380
190.268000	0.558471	712.802577
190.320000	0.557376	713.871845
190.372000	0.556287	714.939797
190.424000	0.555198	716.004197
190.476000	0.554114	717.066653
190.528000	0.553031	718.126012
190.580000	0.551953	719.182783
190.632000	0.550875	720.236802
190.684000	0.549800	721.287168
190.736000	0.548726	722.335427
190.788000	0.547656	723.379718
190.840000	0.546588	724.422437
190.892000	0.545524	725.460460
190.944000	0.544462	726.497472
190.996000	0.543402	727.529038
191.048000	0.542345	728.559880
191.100000	0.541288	729.584269
191.152000	0.540235	730.608786
191.204000	0.539184	731.626397
191.256000	0.538137	732.644129
191.308000	0.537092	733.655289
191.360000	0.536051	734.666046
191.412000	0.535011	735.670592
191.464000	0.533973	736.673726
191.516000	0.532936	737.670971
191.568000	0.531904	738.666688
191.620000	0.530872	739.657011
191.672000	0.529843	740.644634
191.724000	0.528815	741.627490
191.776000	0.527794	742.607828
191.828000	0.526774	743.583848
191.880000	0.525755	744.555566
191.932000	0.524738	745.523709
191.984000	0.523724	746.487149
192.036000	0.522712	747.447664
192.088000	0.521703	748.402585
192.140000	0.520696	749.355272
192.192000	0.519691	750.301498
192.244000	0.518689	751.246151
192.296000	0.517688	752.183392
192.348000	0.516691	753.119882
192.400000	0.515696	754.048118
192.452000	0.514703	754.976153
192.504000	0.513712	755.895166
192.556000	0.512723	756.813937
192.608000	0.511737	757.724228
192.660000	0.510753	758.633621
192.712000	0.509771	759.535091
192.764000	0.508792	760.434853
192.816000	0.507814	761.327248
192.868000	0.506840	762.217236
192.920000	0.505867	763.100489
192.972000	0.504897	763.980507
193.024000	0.503928	764.854506
193.076000	0.502963	765.724348
193.128000	0.501999	766.588944
193.180000	0.501039	767.448444
193.232000	0.500079	768.303467
193.284000	0.499122	769.152353
193.336000	0.498167	769.997630
193.388000	0.497215	770.835896
193.440000	0.496264	771.671355
193.492000	0.495316	772.498733
193.544000	0.494370	773.324164
193.596000	0.493426	774.140491
193.648000	0.492485	774.955755
193.700000	0.491545	775.760874
193.752000	0.490608	776.565649
193.804000	0.489672	777.359589
193.856000	0.488740	778.153077
193.908000	0.487808	778.936433
193.960000	0.486880	779.718412
194.012000	0.485952	780.490948
194.064000	0.485029	781.261286
194.116000	0.484105	782.022924
194.168000	0.483186	782.781531
194.220000	0.482267	783.532223
194.272000	0.481352	784.278814
194.324000	0.480437	785.018354
194.376000	0.479526	785.752754
194.428000	0.478615	786.481038
194.480000	0.477708	787.203205
194.532000	0.476802	787.920157
194.584000	0.475899	788.629794
194.636000	0.474997	789.335221
194.688000	0.474098	790.032342
194.740000	0.473200	790.726170
194.792000	0.472305	791.410487
194.844000	0.471411	792.092549
194.896000	0.470520	792.764021
194.948000	0.469631	793.434228
195.000000	0.468743	794.092675
195.052000	0.467858	794.750655
195.104000	0.466975	795.396265
195.156000	0.466094	796.041107
195.208000	0.465214	796.674387
195.260000	0.464337	797.305970
195.312000	0.463461	797.926863
195.364000	0.462589	798.545120
195.416000	0.461717	799.153569
195.468000	0.460848	799.758288
195.520000	0.459980	800.354118
195.572000	0.459116	800.945184
195.624000	0.458251	801.528364
195.676000	0.457391	802.105639
195.728000	0.456531	802.676071
195.780000	0.455674	803.239435
195.832000	0.454818	803.797002
195.884000	0.453964	804.346289
195.936000	0.453112	804.890851
195.988000	0.452263	805.425952
196.040000	0.451414	805.957437
196.092000	0.450568	806.478291
196.144000	0.449724	806.996638
196.196000	0.448882	807.503139
196.248000	0.448042	808.008224
196.300000	0.447204	808.500218
196.352000	0.446367	808.991575
196.404000	0.445532	809.469310
196.456000	0.444700	809.946096
196.508000	0.443869	810.410229
196.560000	0.443040	810.872386
196.612000	0.442213	811.322879
196.664000	0.441388	811.770233
196.716000	0.440564	812.206905
196.768000	0.439743	812.639395
196.820000	0.438922	813.062254
196.872000	0.438105	813.479808
196.924000	0.437289	813.888831
196.976000	0.436475	814.291240
197.028000	0.435662	814.686269
197.080000	0.434852	815.073496
197.132000	0.434043	815.454500
197.184000	0.433236	815.826461
197.236000	0.432431	816.193368
197.288000	0.431628	816.549984
197.340000	0.430826	816.902703
197.392000	0.430027	817.243842
197.444000	0.429229	817.582268
197.496000	0.428432	817.907849
197.548000	0.427638	818.231950
197.600000	0.426845	818.541957
197.652000	0.426055	818.851256
197.704000	0.425265	819.146059
197.756000	0.424478	819.439716
197.808000	0.423692	819.719926
197.860000	0.422909	819.997853
197.912000	0.422126	820.263415
197.964000	0.421346	820.525551
198.016000	0.420567	820.776413
198.068000	0.419791	821.022741
198.120000	0.419015	821.258930
198.172000	0.418243	821.489312
198.224000	0.417470	821.710737
198.276000	0.416701	821.925043
198.328000	0.415932	822.131627
198.380000	0.415166	822.329905
198.432000	0.414401	822.521677
198.484000	0.413638	822.703823
198.536000	0.412876	822.880695
198.588000	0.412117	823.046655
198.640000	0.411359	823.208562
198.692000	0.410602	823.358242
198.744000	0.409848	823.505139
198.796000	0.409094	823.638544
198.848000	0.408343	823.770420
198.900000	0.407593	823.887506
198.952000	0.406845	824.003767
199.004000	0.406099	824.104966
199.056000	0.405354	824.204896
199.108000	0.404610	824.290922
199.160000	0.403870	824.374500
199.212000	0.403129	824.445323
199.264000	0.402392	824.512467
199.316000	0.401654	824.568003
199.368000	0.400920	824.618727
199.420000	0.400186	824.659038
199.472000	0.399455	824.693173
199.524000	0.398724	824.718157
199.576000	0.397997	824.735824
199.628000	0.397269	824.745580
199.680000	0.396544	824.746594
199.732000	0.395820	824.740975
199.784000	0.395098	824.725370
199.836000	0.394378	824.704422
199.888000	0.393659	824.672230
199.940000	0.392941	824.635951
199.992000	0.392226	824.587104
200.044000	0.391512	824.535448
200.096000	0.390799	824.469932
200.148000	0.390088	824.402856
200.200000	0.389378	824.320607
200.252000	0.388670	824.237547
200.304000	0.387964	824.139257
200.356000	0.387259	824.039568
200.408000	0.386556	823.925823
200.460000	0.385854	823.809440
200.512000	0.385153	823.680183
200.564000	0.384455	823.547138
200.616000	0.383757	823.402421
200.668000	0.383062	823.252721
200.720000	0.382368	823.092574
200.772000	0.381675	822.926133
200.824000	0.380984	822.750527
200.876000	0.380294	822.567394
200.928000	0.379606	822.376382
200.980000	0.378920	822.176565
201.032000	0.378235	821.970138
201.084000	0.377551	821.753591
201.136000	0.376869	821.531737
201.188000	0.376188	821.298526
201.240000	0.375509	821.061271
201.292000	0.374832	820.811361
201.344000	0.374155	820.558686
201.396000	0.373481	820.292092
201.448000	0.372807	820.024012
201.500000	0.372135	819.740753
201.552000	0.371465	819.456656
201.604000	0.370796	819.157469
201.656000	0.370129	818.856794
201.708000	0.369462	818.542223
201.760000	0.368798	818.224977
201.812000	0.368134	817.895041
201.864000	0.367474	817.561299
201.916000	0.366813	817.216076
201.968000	0.366155	816.865777
202.020000	0.365497	816.505231
202.072000	0.364841	816.138416
202.124000	0.364186	815.762627
202.176000	0.363533	815.379332
202.228000	0.362881	814.988353
202.280000	0.362231	814.588663
202.332000	0.361582	814.182521
202.384000	0.360935	813.766321
202.436000	0.360288	813.344990
202.488000	0.359644	812.912483
202.540000	0.359001	812.476090
202.592000	0.358359	812.027269
202.644000	0.357718	811.575793
202.696000	0.357079	811.110654
202.748000	0.356441	810.644140
202.800000	0.355805	810.162787
202.852000	0.355170	809.680562
202.904000	0.354536	809.183703
202.956000	0.353904	808.685349
203.008000	0.353272	808.173575
203.060000	0.352643	807.659166
203.112000	0.352014	807.132532
203.164000	0.351388	806.602082
203.216000	0.350762	806.060588
203.268000	0.350138	805.514199
203.320000	0.349515	804.957983
203.372000	0.348894	804.395635
203.424000	0.348273	803.824706
203.476000	0.347655	803.246466
203.528000	0.347037	802.660886
203.580000	0.346421	802.066819
203.632000	0.345806	801.466663
203.684000	0.345192	800.856898
203.736000	0.344580	800.242252
203.788000	0.343969	799.616808
203.840000	0.343359	798.987701
203.892000	0.342751	798.346658
203.944000	0.342144	797.703156
203.996000	0.341538	797.046589
204.048000	0.340934	796.388794
204.100000	0.340330	795.716846
204.152000	0.339729	795.044051
204.204000	0.339128	794.357426
204.256000	0.338529	793.669310
204.308000	0.337930	792.968548
204.360000	0.337334	792.265260
204.412000	0.336738	791.550486
204.464000	0.336144	790.832034
204.516000	0.335550	790.103228
204.568000	0.334959	789.369739
204.620000	0.334368	788.627067
204.672000	0.333780	787.878605
204.724000	0.333191	787.122145
204.776000	0.332605	786.358754
204.828000	0.332019	785.588568
204.880000	0.331435	784.810456
204.932000	0.330852	784.026692
204.984000	0.330270	783.233854
205.036000	0.329690	782.436518
205.088000	0.329110	781.629060
205.140000	0.328532	780.818293
205.192000	0.327955	779.996431
205.244000	0.327380	779.172337
205.296000	0.326806	778.336073
205.348000	0.326232	777.498688
205.400000	0.325660	776.648133
205.452000	0.325090	775.796862
205.504000	0.324520	774.932923
205.556000	0.323952	774.067544
205.608000	0.323384	773.190581
205.660000	0.322818	772.311240
205.712000	0.322253	771.421413
205.764000	0.321690	770.528193
205.816000	0.321127	769.625550
205.868000	0.320567	768.718621
205.920000	0.320006	767.803356
205.972000	0.319448	766.882704
206.024000	0.318889	765.954837
206.076000	0.318333	765.020697
206.128000	0.317778	764.080425
206.180000	0.317224	763.132868
206.232000	0.316671	762.180273
206.284000	0.316119	761.219487
206.336000	0.315568	760.254685
206.388000	0.315019	759.280703
206.440000	0.314470	758.303790
206.492000	0.313923	757.316849
206.544000	0.313377	756.327949
206.596000	0.312832	755.328085
206.648000	0.312288	754.327328
206.700000	0.311746	753.314784
206.752000	0.311204	752.301601
206.804000	0.310664	751.277173
206.856000	0.310125	750.251414
206.908000	0.309586	749.215408
206.960000	0.309050	748.177292
207.012000	0.308514	747.129939
207.064000	0.307979	746.079541
207.116000	0.307445	745.020869
207.168000	0.306913	743.958373
207.220000	0.306381	742.888595
207.272000	0.305851	741.814127
207.324000	0.305322	740.733376
207.376000	0.304794	739.647093
207.428000	0.304267	738.555492
207.480000	0.303741	737.457491
207.532000	0.303216	736.355162
207.584000	0.302693	735.245709
207.636000	0.302170	734.132810
207.688000	0.301649	733.011910
207.740000	0.301128	731.888547
207.792000	0.300609	730.756512
207.844000	0.300091	729.622861
207.896000	0.299573	728.479754
207.948000	0.299057	727.335902
208.000000	0.298542	726.181888
208.052000	0.298028	725.027373
208.104000	0.297515	723.863317
208.156000	0.297004	722.698170
208.208000	0.296493	721.524368
208.260000	0.295983	720.348712
208.312000	0.295474	719.165263
208.364000	0.294967	717.979258
208.416000	0.294460	716.786313
208.468000	0.293955	715.590180
208.520000	0.293450	714.387967
208.572000	0.292947	713.181803
208.624000	0.292444	711.970421
208.676000	0.291943	710.754397
208.728000	0.291443	709.533997
208.780000	0.290943	708.308296
208.832000	0.290445	707.079052
208.884000	0.289948	705.843899
208.936000	0.289452	704.605981
208.988000	0.288956	703.361509
209.040000	0.288462	702.115065
209.092000	0.287970	700.861501
209.144000	0.287478	699.606660
209.196000	0.286986	698.344084
209.248000	0.286496	697.080982
209.300000	0.286007	695.809631
209.352000	0.285519	694.537935
209.404000	0.285032	693.258598
209.456000	0.284546	691.978337
209.508000	0.284060	690.691159
209.560000	0.283577	689.402580
209.612000	0.283093	688.107832
209.664000	0.282612	686.811046
209.716000	0.282130	685.508786
209.768000	0.281651	684.204066
209.820000	0.281171	682.894582
209.872000	0.280693	681.581992
209.924000	0.280216	680.265355
209.976000	0.279740	678.945134
210.028000	0.279264	677.621552
210.080000	0.278790	676.293894
210.132000	0.278317	674.963535
210.184000	0.277845	673.628632
210.236000	0.277373	672.291664
210.288000	0.276903	670.949701
210.340000	0.276434	669.606259
210.392000	0.275965	668.257383
210.444000	0.275498	666.907637
210.496000	0.275031	665.552088
210.548000	0.274566	664.196229
210.600000	0.274101	662.834204
210.652000	0.273638	661.471928
210.704000	0.273174	660.104004
210.756000	0.272713	658.735484
210.808000	0.272252	657.361924
210.860000	0.271792	655.987369
210.912000	0.271333	654.608338
210.964000	0.270875	653.227893
211.016000	0.270418	651.843516
211.068000	0.269962	650.457414
211.120000	0.269506	649.067928
211.172000	0.269052	647.676298
211.224000	0.268599	646.281833
211.276000	0.268147	644.884913
211.328000	0.267695	643.485666
211.380000	0.267244	642.083608
211.432000	0.266794	640.679710
211.484000	0.266346	639.272703
211.536000	0.265897	637.864341
211.588000	0.265451	636.452634
211.640000	0.265005	635.040014
211.692000	0.264560	633.623801
211.744000	0.264115	632.207032
211.796000	0.263672	630.786402
211.848000	0.263229	629.365662
211.900000	0.262787	627.940912
211.952000	0.262347	626.516084
212.004000	0.261907	625.087659
212.056000	0.261468	623.658947
212.108000	0.261030	622.227072
212.160000	0.260593	620.794591
212.212000	0.260156	619.359329
212.264000	0.259721	617.923350
212.316000	0.259286	616.484981
212.368000	0.258853	615.045651
212.420000	0.258420	613.604307
212.472000	0.257989	612.161795
212.524000	0.257557	610.717646
212.576000	0.257128	609.272197
212.628000	0.256698	607.825433
212.680000	0.256270	606.377131
212.732000	0.255842	604.927848
212.784000	0.255415	603.476933
212.836000	0.254990	602.025350
212.888000	0.254565	600.572062
212.940000	0.254141	599.118329
212.992000	0.253717	597.662753
213.044000	0.253295	596.206999
213.096000	0.252873	594.749372
213.148000	0.252453	593.291815
213.200000	0.252033	591.832381
213.252000	0.251614	590.372991
213.304000	0.251195	588.911967
213.356000	0.250778	587.450931
213.408000	0.250361	585.988527
213.460000	0.249946	584.526040
213.512000	0.249531	583.062413
213.564000	0.249117	581.598609
213.616000	0.248703	580.133875
213.668000	0.248291	578.669027
213.720000	0.247880	577.203454
213.772000	0.247469	575.737620
213.824000	0.247059	574.271268
213.876000	0.246650	572.804677
213.928000	0.246241	571.337745
213.980000	0.245834	569.870575
214.032000	0.245427	568.403201
214.084000	0.245021	566.935572
214.136000	0.244616	565.467908
214.188000	0.244212	564.000101
214.240000	0.243809	562.532291
214.292000	0.243406	561.064316
214.344000	0.243004	559.596504
214.396000	0.242603	558.128692
214.448000	0.242203	556.661036
214.500000	0.241804	555.193444
214.552000	0.241405	553.726094
214.604000	0.241007	552.258939
214.656000	0.240611	550.792037
214.708000	0.240214	549.325404
214.760000	0.239819	547.859098
214.812000	0.239423	546.393128
214.864000	0.239030	544.927680
214.916000	0.238637	543.462624
214.968000	0.238245	541.998042
215.020000	0.237853	540.533905
215.072000	0.237462	539.070432
215.124000	0.237072	537.607449
215.176000	0.236683	536.145245
215.228000	0.236294	534.683539
215.280000	0.235907	533.222703
215.332000	0.235520	531.762363
215.384000	0.235134	530.303048
215.436000	0.234748	528.844228
215.488000	0.234364	527.386639
215.540000	0.233980	525.929479
215.592000	0.233597	524.473711
215.644000	0.233214	523.018306
215.696000	0.232832	521.564504
215.748000	0.232452	520.111033
215.800000	0.232071	518.659377
215.852000	0.231692	517.208077
215.904000	0.231314	515.758533
215.956000	0.230936	514.309528
216.008000	0.230558	512.862218
216.060000	0.230182	511.415644
216.112000	0.229806	509.970682
216.164000	0.229431	508.526679
216.216000	0.229057	507.084199
216.268000	0.228684	505.642945
216.320000	0.228311	504.203120
216.372000	0.227939	502.764684
216.424000	0.227568	501.327578
216.476000	0.227198	499.892093
216.528000	0.226828	498.457820
216.580000	0.226459	497.025409
216.632000	0.226090	495.594078
216.684000	0.225723	494.164875
216.736000	0.225356	492.736597
216.788000	0.224989	491.310719
216.840000	0.224624	489.885597
216.892000	0.224259	488.463167
216.944000	0.223895	487.041308
216.996000	0.223532	485.622449
217.048000	0.223169	484.204036
217.100000	0.222807	482.788868
217.152000	0.222446	481.374157
217.204000	0.222086	479.962482
217.256000	0.221726	478.551593
217.308000	0.221367	477.143563
217.360000	0.221009	475.736620
217.412000	0.220651	474.332326
217.464000	0.220294	472.929441
217.516000	0.219937	471.528990
217.568000	0.219582	470.130259
217.620000	0.219227	468.733746
217.672000	0.218873	467.339211
217.724000	0.218519	465.946695
217.776000	0.218167	464.556566
217.828000	0.217814	463.168200
217.880000	0.217463	461.782468
217.932000	0.217112	460.398269
217.984000	0.216762	459.017088
218.036000	0.216412	457.637182
218.088000	0.216064	456.260644
218.140000	0.215716	454.885085
218.192000	0.215368	453.513233
218.244000	0.215021	452.142131
218.296000	0.214675	450.775159
218.348000	0.214330	449.408656
218.400000	0.213985	448.046469
218.452000	0.213642	446.684897
218.504000	0.213298	445.327371
218.556000	0.212956	443.970793
218.608000	0.212613	442.617952
218.660000	0.212272	441.266481
218.712000	0.211931	439.918443
218.764000	0.211591	438.572172
218.816000	0.211252	437.229020
218.868000	0.210913	435.887965
218.920000	0.210575	434.549724
218.972000	0.210238	433.214003
219.024000	0.209901	431.880779
219.076000	0.209564	430.550413
219.128000	0.209229	429.222238
219.180000	0.208894	427.897354
219.232000	0.208560	426.574331
219.284000	0.208226	425.254996
219.336000	0.207894	423.937163
219.388000	0.207561	422.623394
219.440000	0.207230	421.310803
219.492000	0.206899	420.002720
219.544000	0.206569	418.695425
219.596000	0.206239	417.393034
219.648000	0.205910	416.091178
219.700000	0.205581	414.794426
219.752000	0.205253	413.498391
219.804000	0.204926	412.207106
219.856000	0.204600	410.916922
219.908000	0.204273	409.631095
219.960000	0.203948	408.346852
220.012000	0.203624	407.066587
220.064000	0.203300	405.788302
220.116000	0.202976	404.513603
220.168000	0.202653	403.241308
220.220000	0.202331	401.972229
220.272000	0.202010	400.706024
220.324000	0.201688	399.442651
220.376000	0.201368	398.182528
220.428000	0.201048	396.924867
220.480000	0.200730	395.670928
220.532000	0.200411	394.419027
220.584000	0.200093	393.171211
220.636000	0.199776	391.925074
220.688000	0.199459	390.683524
220.740000	0.199143	389.443227
220.792000	0.198827	388.207934
220.844000	0.198512	386.973516
220.896000	0.198198	385.744574
220.948000	0.197885	384.516175
221.000000	0.197571	383.293358
221.052000	0.197259	382.071334
221.104000	0.196947	380.854497
221.156000	0.196636	379.638873
221.208000	0.196325	378.427988
221.260000	0.196015	377.218784
221.312000	0.195705	376.013879
221.364000	0.195396	374.811126
221.416000	0.195088	373.612241
221.468000	0.194780	372.416012
221.520000	0.194473	371.223219
221.572000	0.194167	370.033428
221.624000	0.193860	368.846667
221.676000	0.193555	367.663444
221.728000	0.193250	366.482802
221.780000	0.192946	365.306067
221.832000	0.192642	364.131517
221.884000	0.192339	362.961395
221.936000	0.192037	361.793007
221.988000	0.191735	360.629471
222.040000	0.191433	359.467233
222.092000	0.191133	358.310299
222.144000	0.190832	357.154192
222.196000	0.190532	356.003823
222.248000	0.190233	354.854093
222.300000	0.189935	353.710231
222.352000	0.189637	352.567171
222.404000	0.189339	351.429494
222.456000	0.189043	350.293059
222.508000	0.188746	349.161529
222.560000	0.188451	348.031813
222.612000	0.188155	346.906544
222.664000	0.187861	345.783474
222.716000	0.187566	344.664382
222.768000	0.187273	343.548001
222.820000	0.186980	342.435158
222.872000	0.186688	341.325523
222.924000	0.186396	340.218963
222.976000	0.186105	339.115973
223.028000	0.185814	338.015624
223.080000	0.185524	336.919343
223.132000	0.185234	335.825235
223.184000	0.184945	334.735609
223.236000	0.184656	333.647751
223.288000	0.184368	332.564890
223.340000	0.184080	331.483299
223.392000	0.183793	330.407100
223.444000	0.183507	329.331779
223.496000	0.183221	328.262345
223.548000	0.182936	327.193452
223.600000	0.182651	326.130419
223.652000	0.182367	325.068261
223.704000	0.182083	324.011525
223.756000	0.181800	322.956065
223.808000	0.181517	321.905520
223.860000	0.181235	320.856823
223.912000	0.180953	319.812571
223.964000	0.180672	318.770498
224.016000	0.180391	317.732393
224.068000	0.180112	316.697071
224.120000	0.179832	315.665253
224.172000	0.179553	314.636571
224.224000	0.179274	313.610948
224.276000	0.178997	312.588951
224.328000	0.178719	311.569548
224.380000	0.178442	310.554175
224.432000	0.178166	309.540960
224.484000	0.177890	308.532254
224.536000	0.177614	307.525256
224.588000	0.177339	306.523204
224.640000	0.177065	305.522385
224.692000	0.176791	304.526925
224.744000	0.176518	303.532280
224.796000	0.176245	302.543451
224.848000	0.175973	301.555227
224.900000	0.175701	300.572784
224.952000	0.175430	299.591152
225.004000	0.175159	298.614801
225.056000	0.174889	297.639730
225.108000	0.174619	296.669461
225.160000	0.174349	295.700986
225.212000	0.174080	294.736837
225.264000	0.173812	293.774948
225.316000	0.173545	292.816912
225.368000	0.173277	291.861530
225.420000	0.173010	290.909548
225.472000	0.172744	289.960647
225.524000	0.172478	289.014707
225.576000	0.172213	288.072327
225.628000	0.171948	287.132465
225.680000	0.171684	286.196582
225.732000	0.171420	285.262758
225.784000	0.171157	284.333303
225.836000	0.170894	283.405464
225.888000	0.170631	282.482418
225.940000	0.170370	281.560574
225.992000	0.170108	280.643966
226.044000	0.169847	279.728096
226.096000	0.169587	278.817850
226.148000	0.169327	277.908158
226.200000	0.169067	277.004006
226.252000	0.168808	276.100704
226.304000	0.168550	275.202481
226.356000	0.168292	274.305520
226.408000	0.168034	273.413155
226.460000	0.167777	272.522547
226.512000	0.167520	271.636073
226.564000	0.167264	270.751698
226.616000	0.167008	269.871000
226.668000	0.166753	268.992922
226.720000	0.166498	268.118088
226.772000	0.166244	267.246282
226.824000	0.165990	266.377279
226.876000	0.165737	265.511667
226.928000	0.165484	264.648411
226.980000	0.165231	263.788912
227.032000	0.164979	262.931396
227.084000	0.164728	262.078140
227.136000	0.164477	261.226382
227.188000	0.164226	260.379188
227.240000	0.163976	259.533123
227.292000	0.163727	258.692069
227.344000	0.163478	257.851699
227.396000	0.163229	257.016703
227.448000	0.162981	256.182238
227.500000	0.162733	255.353011
227.552000	0.162485	254.524584
227.604000	0.162238	253.700942
227.656000	0.161992	252.878524
227.708000	0.161745	252.060440
227.760000	0.161500	251.244051
227.812000	0.161255	250.431553
227.864000	0.161010	249.621122
227.916000	0.160766	248.814144
227.968000	0.160522	248.009623
228.020000	0.160279	247.208138
228.072000	0.160036	246.409494
228.124000	0.159794	245.613477
228.176000	0.159552	244.820687
228.228000	0.159310	244.030115
228.280000	0.159069	243.243143
228.332000	0.158828	242.457984
228.384000	0.158588	241.676800
228.436000	0.158348	240.897030
228.488000	0.158108	240.121603
228.540000	0.157870	239.347224
228.592000	0.157631	238.577575
228.644000	0.157393	237.808524
228.696000	0.157155	237.044522
228.748000	0.156918	236.281059
228.800000	0.156681	235.522503
228.852000	0.156445	234.764687
228.904000	0.156209	234.011321
228.956000	0.155974	233.259178
229.008000	0.155739	232.511079
229.060000	0.155504	231.764502
229.112000	0.155269	231.021535
229.164000	0.155036	230.280583
229.216000	0.154803	229.542834
229.268000	0.154570	228.807363
229.320000	0.154337	228.074716
229.372000	0.154105	227.344792
229.424000	0.153873	226.617287
229.476000	0.153642	225.892780
229.528000	0.153411	225.170324
229.580000	0.153181	224.451249
229.632000	0.152951	223.733848
229.684000	0.152721	223.020172
229.736000	0.152492	222.307823
229.788000	0.152263	221.599569
229.840000	0.152035	220.892220
229.892000	0.151807	220.189246
229.944000	0.151579	219.486812
229.996000	0.151352	218.789089
230.048000	0.151125	218.091880
230.100000	0.150899	217.399214
230.152000	0.150673	216.707297
230.204000	0.150448	216.019502
230.256000	0.150223	215.332783
230.308000	0.149998	214.649779
230.360000	0.149774	213.968311
230.412000	0.149550	213.290175
230.464000	0.149327	212.613834
230.516000	0.149103	211.940444
230.568000	0.148881	211.269236
230.620000	0.148658	210.600617
230.672000	0.148437	209.934505
230.724000	0.148215	209.270613
230.776000	0.147994	208.609515
230.828000	0.147773	207.950296
230.880000	0.147553	207.294228
230.932000	0.147333	206.639712
230.984000	0.147114	205.988695
231.036000	0.146895	205.338818
231.088000	0.146676	204.692659
231.140000	0.146457	204.047379
231.192000	0.146240	203.406202
231.244000	0.146022	202.765510
231.296000	0.145805	202.129180
231.348000	0.145588	201.493336
231.400000	0.145372	200.861662
231.452000	0.145156	200.230624
231.504000	0.144940	199.603339
231.556000	0.144725	198.977163
231.608000	0.144510	198.354404
231.660000	0.144296	197.732991
231.712000	0.144082	197.114617
231.764000	0.143868	196.497972
231.816000	0.143655	195.884024
231.868000	0.143442	195.272109
231.920000	0.143229	194.662549
231.972000	0.143017	194.055276
232.024000	0.142805	193.450038
232.076000	0.142594	192.847424
232.128000	0.142383	192.246508
232.180000	0.142172	191.648473
232.232000	0.141962	191.051831
232.284000	0.141752	190.458391
232.336000	0.141542	189.866030
232.388000	0.141333	189.277152
232.440000	0.141125	188.689016
232.492000	0.140916	188.104618
232.544000	0.140708	187.520684
232.596000	0.140500	186.940782
232.648000	0.140293	186.361303
232.700000	0.140086	185.785612
232.752000	0.139880	185.210566
232.804000	0.139673	184.638950
232.856000	0.139468	184.068332
232.908000	0.139262	183.500816
232.960000	0.139057	182.934560
233.012000	0.138852	182.371069
233.064000	0.138648	181.809184
233.116000	0.138444	181.249744
233.168000	0.138240	180.692142
233.220000	0.138037	180.136685
233.272000	0.137834	179.583384
233.324000	0.137631	179.031929
233.376000	0.137429	178.482895
233.428000	0.137227	177.935381
233.480000	0.137026	177.390480
233.532000	0.136824	176.846863
233.584000	0.136624	176.306222
233.636000	0.136423	175.766534
233.688000	0.136223	175.230017
233.740000	0.136024	174.694166
233.792000	0.135824	174.161737
233.844000	0.135625	173.629728
233.896000	0.135426	173.101414
233.948000	0.135228	172.573456
234.000000	0.135030	172.048922
234.052000	0.134832	171.525040
234.104000	0.134635	171.004281
234.156000	0.134438	170.484413
234.208000	0.134241	169.967349
234.260000	0.134045	169.451502
234.312000	0.133850	168.938159
234.364000	0.133654	168.426254
234.416000	0.133459	167.916561
234.468000	0.133264	167.408562
234.520000	0.133069	166.902503
234.572000	0.132875	166.398429
234.624000	0.132681	165.896012
234.676000	0.132488	165.395783
234.728000	0.132294	164.896956
234.780000	0.132102	164.400589
234.832000	0.131909	163.905342
234.884000	0.131717	163.412761
234.936000	0.131525	162.921037
234.988000	0.131334	162.432212
235.040000	0.131143	161.944012
235.092000	0.130952	161.458961
235.144000	0.130761	160.974254
235.196000	0.130571	160.492901
235.248000	0.130381	160.011879
235.300000	0.130192	159.533952
235.352000	0.130003	159.056641
235.404000	0.129814	158.582152
235.456000	0.129626	158.108497
235.508000	0.129437	157.637371
235.560000	0.129249	157.167329
235.612000	0.129062	156.699543
235.664000	0.128875	156.233136
235.716000	0.128688	155.768716
235.768000	0.128501	155.305807
235.820000	0.128315	154.844656
235.872000	0.128129	154.385370
235.924000	0.127944	153.927561
235.976000	0.127758	153.471716
236.028000	0.127573	153.017136
236.080000	0.127389	152.564810
236.132000	0.127205	152.113489
236.184000	0.127021	151.664598
236.236000	0.126837	151.216475
236.288000	0.126654	150.770996
236.340000	0.126471	150.326051
236.392000	0.126288	149.883953
236.444000	0.126106	149.442193
236.496000	0.125924	149.003503
236.548000	0.125742	148.565120
236.600000	0.125561	148.129528
236.652000	0.125380	147.694480
236.704000	0.125199	147.261965
236.756000	0.125018	146.830223
236.808000	0.124838	146.400759
236.860000	0.124658	145.972346
236.912000	0.124479	145.545964
236.964000	0.124299	145.120752
237.016000	0.124120	144.697338
237.068000	0.123942	144.275400
237.120000	0.123763	143.855026
237.172000	0.123586	143.436279
237.224000	0.123408	143.018872
237.276000	0.123230	142.603294
237.328000	0.123053	142.188853
237.380000	0.122877	141.776473
237.432000	0.122700	141.364971
237.484000	0.122524	140.955651
237.536000	0.122348	140.547019
237.588000	0.122173	140.140791
237.640000	0.121997	139.735070
237.692000	0.121822	139.331962
237.744000	0.121648	138.929134
237.796000	0.121474	138.529057
237.848000	0.121300	138.129276
237.900000	0.121126	137.732006
237.952000	0.120952	137.335246
238.004000	0.120779	136.940763
238.056000	0.120606	136.547001
238.108000	0.120434	136.155287
238.160000	0.120262	135.764496
238.212000	0.120089	135.375526
238.264000	0.119918	134.987683
238.316000	0.119746	134.601452
238.368000	0.119576	134.216578
238.420000	0.119405	133.833096
238.472000	0.119234	133.451062
238.524000	0.119064	133.070242
238.576000	0.118894	132.691132
238.628000	0.118725	132.313005
238.680000	0.118555	131.936685
238.732000	0.118386	131.561195
238.784000	0.118218	131.187751
238.836000	0.118049	130.814897
238.888000	0.117881	130.444198
238.940000	0.117713	130.073956
238.992000	0.117546	129.706088
239.044000	0.117378	129.338447
239.096000	0.117211	128.973261
239.148000	0.117044	128.608397
239.200000	0.116878	128.245807
239.252000	0.116712	127.883654
239.304000	0.116546	127.523537
239.356000	0.116380	127.164132
239.408000	0.116215	126.806570
239.460000	0.116050	126.449865
239.512000	0.115885	126.094792
239.564000	0.115721	125.740699
239.616000	0.115556	125.388054
239.668000	0.115393	125.036655
239.720000	0.115229	124.686505
239.772000	0.115066	124.337673
239.824000	0.114903	123.989917
239.876000	0.114740	123.643682
239.928000	0.114577	123.298362
239.980000	0.114415	122.954755
240.032000	0.114253	122.611849
240.084000	0.114091	122.270746
240.136000	0.113930	121.930193
240.188000	0.113769	121.591621
240.240000	0.113608	121.253432
240.292000	0.113447	120.917375
240.344000	0.113287	120.581558
240.396000	0.113127	120.247964
240.448000	0.112967	119.914646
240.500000	0.112808	119.583357
240.552000	0.112648	119.252516
240.604000	0.112489	118.923512
240.656000	0.112331	118.595128
240.708000	0.112172	118.268391
240.760000	0.112014	117.942394
240.812000	0.111856	117.617860
240.864000	0.111699	117.294327
240.916000	0.111541	116.972078
240.968000	0.111384	116.650882
241.020000	0.111227	116.330811
241.072000	0.111071	116.011984
241.124000	0.110914	115.694135
241.176000	0.110759	115.377710
241.228000	0.110603	115.062054
241.280000	0.110447	114.747857
241.332000	0.110292	114.434330
241.384000	0.110137	114.122495
241.436000	0.109982	113.811155
241.488000	0.109828	113.501615
241.540000	0.109674	113.192386
241.592000	0.109520	112.885065
241.644000	0.109366	112.578005
241.696000	0.109213	112.272962
241.748000	0.109060	111.968144
241.800000	0.108907	111.665134
241.852000	0.108754	111.362502
241.904000	0.108601	111.061508
241.956000	0.108449	110.761135
242.008000	0.108297	110.462243
242.060000	0.108146	110.164084
242.112000	0.107995	109.867234
242.164000	0.107844	109.571207
242.216000	0.107693	109.276337
242.268000	0.107542	108.982473
242.320000	0.107392	108.689618
242.372000	0.107242	108.397898
242.424000	0.107092	108.107028
242.476000	0.106942	107.817383
242.528000	0.106793	107.528477
242.580000	0.106644	107.240994
242.632000	0.106495	106.954069
242.684000	0.106346	106.668627
242.736000	0.106198	106.383600
242.788000	0.106050	106.100181
242.840000	0.105902	105.817100
242.892000	0.105754	105.535794
242.944000	0.105607	105.254662
242.996000	0.105460	104.975306
243.048000	0.105313	104.696203
243.100000	0.105166	104.418735
243.152000	0.105020	104.141663
243.204000	0.104874	103.866069
243.256000	0.104728	103.591012
243.308000	0.104582	103.317278
243.360000	0.104437	103.044171
243.412000	0.104292	102.772237
243.464000	0.104147	102.501103
243.516000	0.104002	102.231000
243.568000	0.103858	101.961773
243.620000	0.103713	101.693449
243.672000	0.103569	101.426164
243.724000	0.103426	101.159654
243.776000	0.103282	100.894298
243.828000	0.103139	100.629587
243.880000	0.102996	100.366139
243.932000	0.102853	100.103190
243.984000	0.102711	99.841585
244.036000	0.102568	99.580377
244.088000	0.102426	99.320652
244.140000	0.102285	99.061205
244.192000	0.102143	98.803347
244.244000	0.102002	98.545650
244.296000	0.101861	98.289548
244.348000	0.101720	98.033688
244.400000	0.101579	97.779297
244.452000	0.101439	97.525235
244.504000	0.101298	97.272490
244.556000	0.101159	97.020292
244.608000	0.101019	96.769285
244.660000	0.100880	96.518805
244.712000	0.100740	96.269377
244.764000	0.100601	96.020736
244.816000	0.100462	95.773017
244.868000	0.100324	95.526098
244.920000	0.100186	95.279990
244.972000	0.100048	95.034832
245.024000	0.099910	94.790353
245.076000	0.099772	94.546888
245.128000	0.099635	94.304004
245.180000	0.099498	94.062272
245.232000	0.099361	93.820984
245.284000	0.099224	93.580918
245.336000	0.099087	93.341209
245.388000	0.098951	93.102847
245.440000	0.098815	92.864733
245.492000	0.098679	92.628059
245.544000	0.098544	92.391536
245.596000	0.098408	92.156448
245.648000	0.098273	91.921554
245.700000	0.098138	91.687966
245.752000	0.098003	91.454772
245.804000	0.097869	91.222777
245.856000	0.097735	90.991201
245.908000	0.097600	90.760681
245.960000	0.097467	90.530694
246.012000	0.097333	90.301649
246.064000	0.097200	90.073283
246.116000	0.097066	89.845744
246.168000	0.096933	89.618939
246.220000	0.096800	89.392861
246.272000	0.096668	89.167650
246.324000	0.096536	88.943063
246.376000	0.096404	88.719437
246.428000	0.096272	88.496314
246.480000	0.096140	88.274210
246.532000	0.096009	88.052504
246.584000	0.095877	87.831904
246.636000	0.095746	87.611654
246.688000	0.095616	87.392654
246.740000	0.095485	87.173818
246.792000	0.095355	86.956248
246.844000	0.095225	86.738851
246.896000	0.095095	86.522761
246.948000	0.094965	86.306893
247.000000	0.094836	86.092210
247.052000	0.094706	85.877817
247.104000	0.094577	85.664485
247.156000	0.094448	85.451542
247.208000	0.094319	85.239548
247.260000	0.094191	85.028091
247.312000	0.094063	84.817480
247.364000	0.093935	84.607501
247.416000	0.093807	84.398263
247.468000	0.093679	84.189692
247.520000	0.093552	83.981764
247.572000	0.093425	83.774592
247.624000	0.093298	83.567980
247.676000	0.093171	83.362247
247.728000	0.093044	83.156965
247.780000	0.092918	82.952608
247.832000	0.092792	82.748632
247.884000	0.092666	82.545692
247.936000	0.092540	82.343017
247.988000	0.092414	82.141431
248.040000	0.092289	81.940051
248.092000	0.092164	81.739860
248.144000	0.092039	81.539797
248.196000	0.091914	81.340892
248.248000	0.091790	81.142164
248.300000	0.091665	80.944492
248.352000	0.091541	80.747131
248.404000	0.091417	80.550731
248.456000	0.091294	80.354738
248.508000	0.091170	80.159603
248.560000	0.091047	79.964867
248.612000	0.090923	79.770889
248.664000	0.090800	79.577493
248.716000	0.090678	79.384770
248.768000	0.090555	79.192705
248.820000	0.090433	79.001217
248.872000	0.090311	78.810419
248.924000	0.090189	78.620111
248.976000	0.090067	78.430569
249.028000	0.089946	78.241451
249.080000	0.089824	78.053211
249.132000	0.089703	77.865290
249.184000	0.089582	77.678285
249.236000	0.089461	77.491517
249.288000	0.089341	77.305740
249.340000	0.089220	77.120150
249.392000	0.089100	76.935643
249.444000	0.088980	76.751255
249.496000	0.088860	76.567912
249.548000	0.088741	76.384775
249.600000	0.088622	76.202601
249.652000	0.088502	76.020633
249.704000	0.088383	75.839512
249.756000	0.088264	75.658824
249.808000	0.088146	75.478911
249.860000	0.088027	75.299361
249.912000	0.087909	75.120493
249.964000	0.087791	74.942164
250.016000	0.087673	74.764432
250.068000	0.087555	74.587263
250.120000	0.087438	74.410624
250.172000	0.087321	74.234658
250.224000	0.087204	74.059131
250.276000	0.087087	73.884304
250.328000	0.086970	73.709840
250.380000	0.086853	73.536148
250.432000	0.086737	73.362742
250.484000	0.086621	73.190171
250.536000	0.086505	73.017840
250.588000	0.086389	72.846436
250.640000	0.086273	72.675172
250.692000	0.086158	72.504873
250.744000	0.086043	72.334721
250.796000	0.085928	72.165525
250.848000	0.085813	71.996451
250.900000	0.085698	71.828220
250.952000	0.085583	71.660268
251.004000	0.085469	71.493094
251.056000	0.085355	71.326280
251.108000	0.085241	71.160159
251.160000	0.085127	70.994373
251.212000	0.085013	70.829199
251.264000	0.084900	70.664527
251.316000	0.084787	70.500392
251.368000	0.084674	70.336774
251.420000	0.084561	70.173622
251.472000	0.084448	70.011047
251.524000	0.084335	69.848883
251.576000	0.084223	69.687398
251.628000	0.084111	69.526240
251.680000	0.083999	69.365784
251.732000	0.083887	69.205587
251.784000	0.083776	69.046153
251.836000	0.083664	68.886911
251.888000	0.083553	68.728490
251.940000	0.083442	68.570226
251.992000	0.083331	68.412861
252.044000	0.083220	68.255601
252.096000	0.083110	68.099190
252.148000	0.082999	67.942931
252.200000	0.082889	67.787443
252.252000	0.082779	67.632177
252.304000	0.082669	67.477607
252.356000	0.082559	67.323373
252.408000	0.082450	67.169762
252.460000	0.082341	67.016512
252.512000	0.082232	66.863812
252.564000	0.082123	66.711527
252.616000	0.082014	66.559725
252.668000	0.081905	66.408399
252.720000	0.081797	66.257492
252.772000	0.081688	66.107115
252.824000	0.081580	65.957111
252.876000	0.081472	65.807734
252.928000	0.081364	65.658650
252.980000	0.081257	65.510207
253.032000	0.081149	65.361998
253.084000	0.081042	65.214485
253.136000	0.080935	65.067146
253.188000	0.080828	64.920556
253.240000	0.080721	64.774080
253.292000	0.080614	64.628403
253.344000	0.080508	64.482862
253.396000	0.080402	64.338104
253.448000	0.080296	64.193491
253.500000	0.080190	64.049575
253.552000	0.080084	63.905867
253.604000	0.079979	63.762787
253.656000	0.079873	63.619978
253.708000	0.079768	63.477727
253.760000	0.079663	63.335808
253.812000	0.079558	63.194387
253.864000	0.079453	63.053401
253.916000	0.079349	62.912842
253.968000	0.079244	62.772678
254.020000	0.079140	62.632904
254.072000	0.079036	62.493659
254.124000	0.078932	62.354736
254.176000	0.078828	62.216350
254.228000	0.078724	62.078230
254.280000	0.078621	61.940699
254.332000	0.078518	61.803379
254.384000	0.078414	61.666696
254.436000	0.078311	61.530169
254.488000	0.078208	61.394325
254.540000	0.078106	61.258619
254.592000	0.078004	61.123666
254.644000	0.077901	60.988768
254.696000	0.077799	60.854547
254.748000	0.077697	60.720504
254.800000	0.077595	60.587102
254.852000	0.077494	60.453898
254.904000	0.077392	60.321261
254.956000	0.077291	60.188876
255.008000	0.077189	60.056995
255.060000	0.077088	59.925424
255.112000	0.076987	59.794299
255.164000	0.076887	59.663532
255.216000	0.076786	59.533159
255.268000	0.076686	59.403188
255.320000	0.076585	59.273570
255.372000	0.076485	59.144444
255.424000	0.076386	59.015592
255.476000	0.076286	58.887199
255.528000	0.076186	58.759068
255.580000	0.076087	58.631508
255.632000	0.075987	58.504139
255.684000	0.075888	58.377352
255.736000	0.075789	58.250679
255.788000	0.075690	58.124609
255.840000	0.075591	57.998666
255.892000	0.075493	57.873411
255.944000	0.075395	57.748244
255.996000	0.075296	57.623704
256.048000	0.075198	57.499297
256.100000	0.075100	57.375460
256.152000	0.075003	57.251808
256.204000	0.074905	57.128669
256.256000	0.074807	57.005768
256.308000	0.074710	56.883323
256.360000	0.074613	56.761164
256.412000	0.074516	56.639413
256.464000	0.074419	56.518042
256.516000	0.074322	56.397018
256.568000	0.074226	56.276324
256.620000	0.074129	56.155940
256.672000	0.074033	56.035968
256.724000	0.073937	55.916277
256.776000	0.073841	55.797077
256.828000	0.073745	55.678075
256.880000	0.073649	55.559538
256.932000	0.073554	55.441198
256.984000	0.073459	55.323419
257.036000	0.073363	55.205742
257.088000	0.073268	55.088618
257.140000	0.073173	54.971612
257.192000	0.073079	54.855236
257.244000	0.072984	54.738906
257.296000	0.072889	54.623129
257.348000	0.072795	54.507521
257.400000	0.072701	54.392440
257.452000	0.072607	54.277536
257.504000	0.072513	54.163095
257.556000	0.072419	54.048829
257.608000	0.072325	53.934972
257.660000	0.072232	53.821435
257.712000	0.072139	53.708262
257.764000	0.072046	53.595398
257.816000	0.071953	53.482848
257.868000	0.071859	53.370601
257.920000	0.071767	53.258646
257.972000	0.071674	53.147112
258.024000	0.071582	53.035818
258.076000	0.071489	52.924943
258.128000	0.071397	52.814267
258.180000	0.071305	52.704045
258.232000	0.071213	52.593957
258.284000	0.071121	52.484335
258.336000	0.071030	52.374860
258.388000	0.070938	52.265933
258.440000	0.070847	52.157085
258.492000	0.070756	52.048797
258.544000	0.070665	51.940553
258.596000	0.070574	51.832813
258.648000	0.070483	51.725235
258.700000	0.070392	51.618135
258.752000	0.070302	51.511200
258.804000	0.070212	51.404685
258.856000	0.070121	51.298334
258.908000	0.070031	51.192354
258.960000	0.069941	51.086676
259.012000	0.069852	50.981323
259.064000	0.069762	50.876208
259.116000	0.069672	50.771395
259.168000	0.069583	50.666946
259.220000	0.069494	50.562738
259.272000	0.069404	50.458847
259.324000	0.069315	50.355189
259.376000	0.069227	50.251955
259.428000	0.069138	50.148880
259.480000	0.069049	50.046192
259.532000	0.068961	49.943674
259.584000	0.068873	49.841636
259.636000	0.068785	49.739676
259.688000	0.068697	49.638175
259.740000	0.068609	49.536750
259.792000	0.068521	49.435841
259.844000	0.068433	49.335005
259.896000	0.068346	49.234639
259.948000	0.068258	49.134391
