-116.817473	3480.994340	3533.888191
-116.795448	3485.217198	3538.064767
-116.773423	3489.440055	3542.241343
-116.751398	3493.662913	3546.417996
-116.729373	3497.886419	3550.595446
-116.707348	3502.124779	3554.787749
-116.685323	3506.363138	3558.980051
-116.663298	3510.601498	3563.172354
-116.641273	3514.839857	3567.364835
-116.619248	3519.088229	3571.567373
-116.597223	3523.346519	3575.779831
-116.575198	3527.604810	3579.992288
-116.553173	3531.863100	3584.204804
-116.531148	3536.121391	3588.417483
-116.509123	3540.398872	3592.649353
-116.487098	3544.677094	3596.881965
-116.465073	3548.955316	3601.114576
-116.443048	3553.233539	3605.347347
-116.421023	3557.518323	3609.586741
-116.398998	3561.812048	3613.835076
-116.376973	3566.105773	3618.083411
-116.354949	3570.399498	3622.331786
-116.332924	3574.693223	3626.580341
-116.310899	3579.004561	3630.846510
-116.288874	3583.318216	3635.114996
-116.266849	3587.631871	3639.383481
-116.244824	3591.945527	3643.652107
-116.222799	3596.265280	3647.926910
-116.200774	3600.596653	3652.213332
-116.178749	3604.928026	3656.499754
-116.156724	3609.259398	3660.786199
-116.134699	3613.590771	3665.072839
-116.112674	3617.936401	3669.373735
-116.090649	3622.285492	3673.678092
-116.068624	3626.634583	3677.982450
-116.046599	3630.983674	3682.286930
-116.024574	3635.338048	3686.596788
-116.002549	3639.707070	3690.921293
-115.980524	3644.076091	3695.245797
-115.958499	3648.445112	3699.570310
-115.936474	3652.814133	3703.895028
-115.914449	3657.194402	3708.230996
-115.892424	3661.578926	3712.571219
-115.870399	3665.963450	3716.911441
-115.848374	3670.347974	3721.251768
-115.826349	3674.736205	3725.595912
-115.804324	3679.140660	3729.956281
-115.782300	3683.545114	3734.316648
-115.760275	3687.949568	3738.677021
-115.738250	3692.354021	3743.037585
-115.716225	3696.769929	3747.409620
-115.694200	3701.192101	3751.787919
-115.672175	3705.614274	3756.166217
-115.650150	3710.036446	3760.544602
-115.628125	3714.460511	3764.925007
-115.606100	3718.900401	3769.321235
-115.584075	3723.340289	3773.717462
-115.562050	3727.780178	3778.113693
-115.540025	3732.220067	3782.510100
-115.518000	3736.670007	3786.916591
-115.495975	3741.127612	3791.330746
-115.473950	3745.585217	3795.744901
-115.451925	3750.042822	3800.159125
-115.429900	3754.500919	3804.573981
-115.407875	3758.976242	3809.006065
-115.385850	3763.451565	3813.438148
-115.363825	3767.926888	3817.870231
-115.341800	3772.402211	3822.302478
-115.319775	3776.886184	3826.743420
-115.297750	3781.379223	3831.193427
-115.275725	3785.872261	3835.643434
-115.253700	3790.365299	3840.093493
-115.231676	3794.858337	3844.543707
-115.209651	3799.368185	3849.010731
-115.187626	3803.878940	3853.478664
-115.165601	3808.389696	3857.946597
-115.143576	3812.900452	3862.414675
-115.121551	3817.418458	3866.890064
-115.099526	3821.946930	3871.375920
-115.077501	3826.475403	3875.861776
-115.055476	3831.003875	3880.347667
-115.033451	3835.532348	3884.833728
-115.011426	3840.076227	3889.335196
-114.989401	3844.622414	3893.838973
-114.967376	3849.168602	3898.342750
-114.945351	3853.714790	3902.846655
-114.923326	3858.267557	3907.357216
-114.901301	3862.833677	3911.881130
-114.879276	3867.399798	3916.405045
-114.857251	3871.965919	3920.928977
-114.835226	3876.532040	3925.453095
-114.813201	3881.110415	3929.989467
-114.791176	3885.692037	3934.529087
-114.769151	3890.273659	3939.068706
-114.747126	3894.855281	3943.608437
-114.725101	3899.441350	3948.152705
-114.703076	3904.040689	3952.710243
-114.681051	3908.640028	3957.267782
-114.659027	3913.239367	3961.825327
-114.637002	3917.838706	3966.383062
-114.614977	3922.450649	3970.953406
-114.592952	3927.067704	3975.528862
-114.570927	3931.684759	3980.104318
-114.548902	3936.301814	3984.679869
-114.526877	3940.921914	3989.258570
-114.504852	3945.556686	3993.851944
-114.482827	3950.191458	3998.445317
-114.460802	3954.826230	4003.038695
-114.438777	3959.461001	4007.632249
-114.416752	3964.105576	4012.235625
-114.394727	3968.755851	4016.844700
-114.372702	3973.406125	4021.453775
-114.350677	3978.056400	4026.062928
-114.328652	3982.708524	4030.674050
-114.306627	3987.378730	4035.303255
-114.284602	3992.048935	4039.932459
-114.262577	3996.719140	4044.561665
-114.240552	4001.389344	4049.191035
-114.218527	4006.068126	4053.829012
-114.196502	4010.753832	4058.473915
-114.174477	4015.439539	4063.118817
-114.152452	4020.125245	4067.763781
-114.130427	4024.811193	4072.409122
-114.108402	4029.514617	4077.071938
-114.086378	4034.218040	4081.734754
-114.064353	4038.921463	4086.397569
-114.042328	4043.624886	4091.060535
-114.020303	4048.336709	4095.731946
-113.998278	4053.057849	4100.412673
-113.976253	4057.778988	4105.093400
-113.954228	4062.500127	4109.774173
-113.932203	4067.221267	4114.455094
-113.910178	4071.956895	4119.150504
-113.888153	4076.693537	4123.846928
-113.866128	4081.430179	4128.543352
-113.844103	4086.166822	4133.239910
-113.822078	4090.910463	4137.943526
-113.800053	4095.664821	4142.657858
-113.778028	4100.419178	4147.372191
-113.756003	4105.173535	4152.086553
-113.733978	4109.927893	4156.801077
-113.711953	4114.697407	4161.530759
-113.689928	4119.469481	4166.263000
-113.667903	4124.241555	4170.995241
-113.645878	4129.013630	4175.727600
-113.623853	4133.790602	4180.464930
-113.601828	4138.578178	4185.212864
-113.579803	4143.365753	4189.960797
-113.557778	4148.153328	4194.708746
-113.535754	4152.940904	4199.456869
-113.513729	4157.742235	4204.218749
-113.491704	4162.547527	4208.984589
-113.469679	4167.352819	4213.750430
-113.447654	4172.158111	4218.516371
-113.425629	4176.967075	4223.286073
-113.403604	4181.787869	4228.067604
-113.381579	4186.608662	4232.849135
-113.359554	4191.429456	4237.630672
-113.337529	4196.250249	4242.412384
-113.315504	4201.083397	4247.206458
-113.293479	4205.921907	4252.005894
-113.271454	4210.760417	4256.805329
-113.249429	4215.598927	4261.604851
-113.227404	4220.439883	4266.406919
-113.205379	4225.293895	4271.222044
-113.183354	4230.147907	4276.037168
-113.161329	4235.001919	4280.852296
-113.139304	4239.855930	4285.667588
-113.117279	4244.720896	4290.493851
-113.095254	4249.592624	4295.326878
-113.073229	4254.464352	4300.159906
-113.051204	4259.336080	4304.993003
-113.029179	4264.209027	4309.827434
-113.007154	4269.096258	4314.676149
-112.985129	4273.983487	4319.524862
-112.963105	4278.870717	4324.373578
-112.941080	4283.757946	4329.222444
-112.919055	4288.653534	4334.079700
-112.897030	4293.556265	4338.944100
-112.875005	4298.458996	4343.808499
-112.852980	4303.361728	4348.672954
-112.830955	4308.264459	4353.537536
-112.808930	4313.182685	4358.417614
-112.786905	4318.100916	4363.297697
-112.764880	4323.019147	4368.177780
-112.742855	4327.937379	4373.058001
-112.720830	4332.863761	4377.946418
-112.698805	4337.799710	4382.844401
-112.676780	4342.735659	4387.742384
-112.654755	4347.671608	4392.640407
-112.632730	4352.607557	4397.538571
-112.610705	4357.557775	4402.451004
-112.588680	4362.509225	4407.364669
-112.566655	4367.460674	4412.278334
-112.544630	4372.412124	4417.192121
-112.522605	4377.369479	4422.111872
-112.500580	4382.336430	4427.041219
-112.478555	4387.303381	4431.970566
-112.456530	4392.270331	4436.899938
-112.434505	4397.237282	4441.829463
-112.412480	4402.217277	4446.772033
-112.390456	4407.199729	4451.717061
-112.368431	4412.182181	4456.662088
-112.346406	4417.164634	4461.607223
-112.324381	4422.151766	4466.557109
-112.302356	4427.149720	4471.517817
-112.280331	4432.147674	4476.478524
-112.258306	4437.145628	4481.439243
-112.236281	4442.143581	4486.400128
-112.214256	4447.151664	4491.371142
-112.192231	4452.162903	4496.345312
-112.170206	4457.174142	4501.319483
-112.148181	4462.185381	4506.293745
-112.126156	4467.200567	4511.272039
-112.104131	4472.229524	4516.264104
-112.082106	4477.258481	4521.256169
-112.060081	4482.287437	4526.248239
-112.038056	4487.316394	4531.240471
-112.016031	4492.355942	4536.243302
-111.994006	4497.400399	4541.251043
-111.971981	4502.444856	4546.258784
-111.949956	4507.489313	4551.266602
-111.927931	4512.535679	4556.276427
-111.905906	4517.593423	4561.297629
-111.883881	4522.651167	4566.318832
-111.861856	4527.708911	4571.340037
-111.839832	4532.766654	4576.361393
-111.817807	4537.833763	4581.392134
-111.795782	4542.907008	4586.429012
-111.773757	4547.980253	4591.465889
-111.751732	4553.053498	4596.502830
-111.729707	4558.127744	4601.540880
-111.707682	4563.216491	4606.593432
-111.685657	4568.305236	4611.645983
-111.663632	4573.393981	4616.698535
-111.641607	4578.482726	4621.751226
-111.619582	4583.579611	4626.812089
-111.597557	4588.683859	4631.880314
-111.575532	4593.788107	4636.948540
-111.553507	4598.892355	4642.016814
-111.531482	4603.996603	4647.085210
-111.509457	4609.113945	4652.166700
-111.487432	4614.231478	4657.248382
-111.465407	4619.349011	4662.330064
-111.443382	4624.466544	4667.411873
-111.421357	4629.590003	4672.499650
-111.399332	4634.720823	4677.594789
-111.377307	4639.851643	4682.689928
-111.355282	4644.982463	4687.785101
-111.333257	4650.113283	4692.880409
-111.311232	4655.258153	4697.989767
-111.289207	4660.404472	4703.100575
-111.267183	4665.550792	4708.211384
-111.245158	4670.697112	4713.322304
-111.223133	4675.848306	4718.438155
-111.201108	4681.007913	4723.562419
-111.179083	4686.167519	4728.686682
-111.157058	4691.327126	4733.810966
-111.135033	4696.486732	4738.935397
-111.113008	4701.659163	4744.072652
-111.090983	4706.834271	4749.212585
-111.068958	4712.009379	4754.352517
-111.046933	4717.184487	4759.492547
-111.024908	4722.363418	4764.636469
-111.002883	4727.551813	4769.789855
-110.980858	4732.740207	4774.943240
-110.958833	4737.928601	4780.096634
-110.936808	4743.116996	4785.250185
-110.914783	4748.315331	4790.413677
-110.892758	4753.517011	4795.580514
-110.870733	4758.718690	4800.747350
-110.848708	4763.920370	4805.914270
-110.826683	4769.124822	4811.084044
-110.804658	4774.339788	4816.264333
-110.782633	4779.554755	4821.444620
-110.760608	4784.769721	4826.624913
-110.738583	4789.984687	4831.805355
-110.716559	4795.208544	4836.994698
-110.694534	4800.436796	4842.188436
-110.672509	4805.665048	4847.382175
-110.650484	4810.893301	4852.575983
-110.628459	4816.123275	4857.771606
-110.606434	4821.364814	4862.978795
-110.584409	4826.606353	4868.185983
-110.562384	4831.847893	4873.393174
-110.540359	4837.089432	4878.600503
-110.518334	4842.338810	4883.815693
-110.496309	4847.593634	4889.036329
-110.474284	4852.848458	4894.256965
-110.452259	4858.103283	4899.477657
-110.430234	4863.358665	4904.699013
-110.408209	4868.624561	4909.930882
-110.386184	4873.890455	4915.162749
-110.364159	4879.156349	4920.394617
-110.342134	4884.422243	4925.626614
-110.320109	4889.696058	4930.866563
-110.298084	4894.977454	4936.114092
-110.276059	4900.258850	4941.361622
-110.254034	4905.540245	4946.609195
-110.232009	4910.821641	4951.856884
-110.209984	4916.113792	4957.115329
-110.187959	4921.406259	4962.374090
-110.165934	4926.698726	4967.632851
-110.143910	4931.991193	4972.891728
-110.121885	4937.289398	4978.156385
-110.099860	4942.595152	4983.428592
-110.077835	4947.900906	4988.700798
-110.055810	4953.206660	4993.973035
-110.033785	4958.512413	4999.245399
-110.011760	4963.828046	5004.527642
-109.989735	4969.144870	5009.811077
-109.967710	4974.461694	5015.094512
-109.945685	4979.778518	5020.378049
-109.923660	4985.099247	5025.665547
-109.901635	4990.427143	5030.960210
-109.879610	4995.755038	5036.254873
-109.857585	5001.082933	5041.549554
-109.835560	5006.410828	5046.844374
-109.813535	5011.749528	5052.149998
-109.791510	5017.090709	5057.458103
-109.769485	5022.431889	5062.766209
-109.747460	5027.773069	5068.074403
-109.725435	5033.117280	5073.385694
-109.703410	5038.469531	5078.705025
-109.681385	5043.821781	5084.024356
-109.659360	5049.174031	5089.343693
-109.637335	5054.526282	5094.663178
-109.615310	5059.888287	5099.992418
-109.593285	5065.253825	5105.325192
-109.571261	5070.619364	5110.657965
-109.549236	5075.984902	5115.990815
-109.527211	5081.352164	5121.325465
-109.505186	5086.726558	5126.667249
-109.483161	5092.100952	5132.009031
-109.461136	5097.475345	5137.350818
-109.439111	5102.849738	5142.692743
-109.417086	5108.232835	5148.043382
-109.395061	5113.620513	5153.398603
-109.373036	5119.008192	5158.753824
-109.351011	5124.395870	5164.109108
-109.328986	5129.784571	5169.465504
-109.306961	5135.181107	5174.829735
-109.284936	5140.577642	5180.193965
-109.262911	5145.974177	5185.558197
-109.240886	5151.370712	5190.922558
-109.218861	5156.773624	5196.293316
-109.196836	5162.181229	5201.668767
-109.174811	5167.588834	5207.044219
-109.152786	5172.996440	5212.419722
-109.130761	5178.404447	5217.795726
-109.108736	5183.823125	5223.182401
-109.086711	5189.241801	5228.569075
-109.064686	5194.660477	5233.955750
-109.042661	5200.079154	5239.342543
-109.020637	5205.503331	5244.734868
-108.998612	5210.933078	5250.132762
-108.976587	5216.362824	5255.530656
-108.954562	5221.792571	5260.928589
-108.932537	5227.222318	5266.326632
-108.910512	5232.660543	5271.733154
-108.888487	5238.099146	5277.140054
-108.866462	5243.537750	5282.546954
-108.844437	5248.976353	5287.953960
-108.822412	5254.418656	5293.364709
-108.800387	5259.866114	5298.780612
-108.778362	5265.313572	5304.196516
-108.756337	5270.761031	5309.612446
-108.734312	5276.208489	5315.028496
-108.712287	5281.665671	5320.454271
-108.690262	5287.124200	5325.881393
-108.668237	5292.582730	5331.308516
-108.646212	5298.041259	5336.735732
-108.624187	5303.503539	5342.166751
-108.602162	5308.973139	5347.605091
-108.580137	5314.442738	5353.043431
-108.558112	5319.912338	5358.481785
-108.536087	5325.381937	5363.920270
-108.514062	5330.856845	5369.364064
-108.492037	5336.333087	5374.809191
-108.470012	5341.809328	5380.254318
-108.447988	5347.285569	5385.699527
-108.425963	5352.764110	5391.147098
-108.403938	5358.249206	5396.601226
-108.381913	5363.734302	5402.055354
-108.359888	5369.219398	5407.509487
-108.337863	5374.704494	5412.963756
-108.315838	5380.197562	5418.426000
-108.293813	5385.693728	5423.891343
-108.271788	5391.189895	5429.356685
-108.249763	5396.686061	5434.822097
-108.227738	5402.183426	5440.288781
-108.205713	5407.686234	5445.760910
-108.183688	5413.189042	5451.233037
-108.161663	5418.691850	5456.705168
-108.139638	5424.194657	5462.177427
-108.117613	5429.703142	5467.655374
-108.095588	5435.214805	5473.136500
-108.073563	5440.726468	5478.617626
-108.051538	5446.238130	5484.098809
-108.029513	5451.750691	5489.580975
-108.007488	5457.271210	5495.071099
-107.985463	5462.791728	5500.561222
-107.963438	5468.312246	5506.051348
-107.941413	5473.832763	5511.541591
-107.919388	5479.357013	5517.035588
-107.897363	5484.884173	5522.532494
-107.875339	5490.411332	5528.029401
-107.853314	5495.938491	5533.526352
-107.831289	5501.465847	5539.023596
-107.809264	5507.001863	5544.529500
-107.787239	5512.537878	5550.035402
-107.765214	5518.073892	5555.541305
-107.743189	5523.609907	5561.047316
-107.721164	5529.149128	5566.556565
-107.699139	5534.691784	5572.069249
-107.677114	5540.234440	5577.581933
-107.655089	5545.777095	5583.094650
-107.633064	5551.319751	5588.607473
-107.611039	5556.870759	5594.128649
-107.589014	5562.422268	5599.650326
-107.566989	5567.973778	5605.172003
-107.544964	5573.525287	5610.693778
-107.522939	5579.078584	5616.217381
-107.500914	5584.634520	5621.743623
-107.478889	5590.190456	5627.269865
-107.456864	5595.746392	5632.796129
-107.434839	5601.302328	5638.322509
-107.412814	5606.865918	5643.856542
-107.390789	5612.430710	5649.391779
-107.368764	5617.995502	5654.927015
-107.346739	5623.560295	5660.462337
-107.324715	5629.126524	5665.999147
-107.302690	5634.695740	5671.538945
-107.280665	5640.264956	5677.078742
-107.258640	5645.834172	5682.618551
-107.236615	5651.403388	5688.158485
-107.214590	5656.977818	5693.703633
-107.192565	5662.553675	5699.250208
-107.170540	5668.129533	5704.796783
-107.148515	5673.705390	5710.343432
-107.126490	5679.282878	5715.891774
-107.104465	5684.865376	5721.445125
-107.082440	5690.447873	5726.998476
-107.060415	5696.030371	5732.551832
-107.038390	5701.612868	5738.105314
-107.016365	5707.200054	5743.663489
-106.994340	5712.789193	5749.223616
-106.972315	5718.378332	5754.783744
-106.950290	5723.967471	5760.343934
-106.928265	5729.557347	5765.904932
-106.906240	5735.150910	5771.469618
-106.884215	5740.744473	5777.034304
-106.862190	5746.338035	5782.598993
-106.840165	5751.931597	5788.163799
-106.818140	5757.527935	5793.731394
-106.796115	5763.125924	5799.300639
-106.774090	5768.723913	5804.869885
-106.752066	5774.321902	5810.439182
-106.730041	5779.920470	5816.009140
-106.708016	5785.525100	5821.585159
-106.685991	5791.129729	5827.161178
-106.663966	5796.734358	5832.737198
-106.641941	5802.338987	5838.313327
-106.619916	5807.946041	5843.891903
-106.597891	5813.555095	5849.472479
-106.575866	5819.164149	5855.053055
-106.553841	5824.773203	5860.633671
-106.531816	5830.382275	5866.214396
-106.509791	5835.993541	5871.797316
-106.487766	5841.604806	5877.380235
-106.465741	5847.216072	5882.963154
-106.443716	5852.827337	5888.546173
-106.421691	5858.441715	5894.132335
-106.399666	5864.059619	5899.722024
-106.377641	5869.677523	5905.311712
-106.355616	5875.295427	5910.901431
-106.333591	5880.913331	5916.491249
-106.311566	5886.533290	5922.083123
-106.289541	5892.153405	5927.675153
-106.267516	5897.773521	5933.267183
-106.245491	5903.393636	5938.859302
-106.223466	5909.015476	5944.453187
-106.201441	5914.640017	5950.049771
-106.179417	5920.264557	5955.646356
-106.157392	5925.889098	5961.242960
-106.135367	5931.513638	5966.839673
-106.113342	5937.141941	5972.440148
-106.091317	5942.770906	5978.041287
-106.069292	5948.399871	5983.642425
-106.047267	5954.028837	5989.243642
-106.025242	5959.658489	5994.845596
-106.003217	5965.289665	6000.449072
-105.981192	5970.920840	6006.052549
-105.959167	5976.552015	6011.656035
-105.937142	5982.183191	6017.259639
-105.915117	5987.816071	6022.864948
-105.893092	5993.449456	6028.470762
-105.871067	5999.082842	6034.076576
-105.849042	6004.716227	6039.682458
-105.827017	6010.350125	6045.288910
-105.804992	6015.985721	6050.897062
-105.782967	6021.621316	6056.505213
-105.760942	6027.256911	6062.113368
-105.738917	6032.892507	6067.721640
-105.716892	6038.531165	6073.332980
-105.694867	6044.171185	6078.945682
-105.672842	6049.811205	6084.558384
-105.650817	6055.451226	6090.171143
-105.628793	6061.091246	6095.783970
-105.606768	6066.731263	6101.396795
-105.584743	6072.371279	6107.009619
-105.562718	6078.011296	6112.622445
-105.540693	6083.651312	6118.235380
-105.518668	6089.292684	6123.849684
-105.496643	6094.934909	6129.464842
-105.474618	6100.577135	6135.079999
-105.452593	6106.219360	6140.695203
-105.430568	6111.861748	6146.310647
-105.408543	6117.506185	6151.928141
-105.386518	6123.150622	6157.545634
-105.364493	6128.795058	6163.163128
-105.342468	6134.439495	6168.780723
-105.320443	6140.083930	6174.398338
-105.298418	6145.728360	6180.015948
-105.276393	6151.372790	6185.633558
-105.254368	6157.017220	6191.251205
-105.232343	6162.661650	6196.868938
-105.210318	6168.306078	6202.486668
-105.188293	6173.950505	6208.104398
-105.166268	6179.594931	6213.722127
-105.144243	6185.239358	6219.339949
-105.122218	6190.884790	6224.958806
-105.100193	6196.531425	6230.578867
-105.078168	6202.178060	6236.198927
-105.056144	6207.824695	6241.819014
-105.034119	6213.471331	6247.439196
-105.012094	6219.117963	6253.059375
-104.990069	6224.764593	6258.679552
-104.968044	6230.411223	6264.299729
-104.946019	6236.057853	6269.919988
-104.923994	6241.703652	6275.539454
-104.901969	6247.348063	6281.157534
-104.879944	6252.992474	6286.775613
-104.857919	6258.636886	6292.393709
-104.835894	6264.281297	6298.011908
-104.813869	6269.927557	6303.631956
-104.791844	6275.574177	6309.252364
-104.769819	6281.220796	6314.872773
-104.747794	6286.867416	6320.493253
-104.725769	6292.513380	6326.113124
-104.703744	6298.157781	6331.731434
-104.681719	6303.802183	6337.349743
-104.659694	6309.446584	6342.968059
-104.637669	6315.090985	6348.586487
-104.615644	6320.735384	6354.204913
-104.593619	6326.379779	6359.823335
-104.571594	6332.024174	6365.441758
-104.549569	6337.668569	6371.060241
-104.527544	6343.312964	6376.678782
-104.505520	6348.957354	6382.297318
-104.483495	6354.601744	6387.915854
-104.461470	6360.246134	6393.534393
-104.439445	6365.890524	6399.153040
-104.417420	6371.531910	6404.768690
-104.395395	6377.171865	6410.382908
-104.373370	6382.811819	6415.997127
-104.351345	6388.451774	6421.611397
-104.329320	6394.091728	6427.225732
-104.307295	6399.731679	6432.840064
-104.285270	6405.371629	6438.454395
-104.263245	6411.011578	6444.068728
-104.241220	6416.651528	6449.683161
-104.219195	6422.290150	6455.296281
-104.197170	6427.927880	6460.908509
-104.175145	6433.565610	6466.520736
-104.153120	6439.203339	6472.133005
-104.131095	6444.840938	6477.745218
-104.109070	6450.476448	6483.355341
-104.087045	6456.111956	6488.965464
-104.065020	6461.747465	6494.575586
-104.042995	6467.382973	6500.185803
-104.020970	6473.016179	6505.793738
-103.998945	6478.647254	6511.399542
-103.976920	6484.278328	6517.005345
-103.954895	6489.909403	6522.611182
-103.932871	6495.540477	6528.217100
-103.910846	6501.169377	6533.820844
-103.888821	6506.798230	6539.424541
-103.866796	6512.427083	6545.028238
-103.844771	6518.055936	6550.632020
-103.822746	6523.683813	6556.234856
-103.800721	6529.310448	6561.836448
-103.778696	6534.937082	6567.438041
-103.756671	6540.563716	6573.039657
-103.734646	6546.190350	6578.641363
-103.712621	6551.812990	6584.239075
-103.690596	6557.435188	6589.836345
-103.668571	6563.057386	6595.433615
-103.646546	6568.679584	6601.030960
-103.624521	6574.300181	6606.626742
-103.602496	6579.917942	6612.219689
-103.580471	6585.535704	6617.812636
-103.558446	6591.153465	6623.405597
-103.536421	6596.771226	6628.998656
-103.514396	6602.385346	6634.588073
-103.492371	6607.998673	6640.176698
-103.470346	6613.612001	6645.765324
-103.448321	6619.225329	6651.354014
-103.426296	6624.837406	6656.941501
-103.404271	6630.446298	6662.525803
-103.382246	6636.055189	6668.110104
-103.360222	6641.664080	6673.694410
-103.338197	6647.272971	6679.278822
-103.316172	6652.878571	6684.859942
-103.294147	6658.483027	6690.439919
-103.272122	6664.087483	6696.019897
-103.250097	6669.691939	6701.599930
-103.228072	6675.295045	6707.178668
-103.206047	6680.892852	6712.752106
-103.184022	6686.490658	6718.325544
-103.161997	6692.088463	6723.898985
-103.139972	6697.686269	6729.472526
-103.117947	6703.281134	6735.043133
-103.095922	6708.874505	6740.612246
-103.073897	6714.467876	6746.181359
-103.051872	6720.061247	6751.750518
-103.029847	6725.653794	6757.318917
-103.007822	6731.240514	6762.881489
-102.985797	6736.827233	6768.444060
-102.963772	6742.413952	6774.006633
-102.941747	6748.000672	6779.569299
-102.919722	6753.584801	6785.129389
-102.897697	6759.167085	6790.687634
-102.875672	6764.749369	6796.245879
-102.853647	6770.331653	6801.804162
-102.831622	6775.913540	6807.362117
-102.809598	6781.486960	6812.911606
-102.787573	6787.060377	6818.461094
-102.765548	6792.633795	6824.010581
-102.743523	6798.207212	6829.560155
-102.721498	6803.777271	6835.106391
-102.699473	6809.344040	6840.649338
-102.677448	6814.910809	6846.192284
-102.655423	6820.477578	6851.735259
-102.633398	6826.044347	6857.278312
-102.611373	6831.606833	6862.817083
-102.589348	6837.169166	6868.355700
-102.567323	6842.731498	6873.894318
-102.545298	6848.293831	6879.433013
-102.523273	6853.851442	6884.967015
-102.501248	6859.402693	6890.494658
-102.479223	6864.953944	6896.022300
-102.457198	6870.505195	6901.549963
-102.435173	6876.056446	6907.077712
-102.413148	6881.603765	6912.601530
-102.391123	6887.150581	6918.124843
-102.369098	6892.697397	6923.648157
-102.347073	6898.244213	6929.171540
-102.325048	6903.787183	6934.691114
-102.303023	6909.322919	6940.203453
-102.280998	6914.858654	6945.715792
-102.258973	6920.394390	6951.228143
-102.236949	6925.930126	6956.740587
-102.214924	6931.460491	6962.247662
-102.192899	6936.989576	6967.753455
-102.170874	6942.518660	6973.259249
-102.148849	6948.047744	6978.765101
-102.126824	6953.574453	6984.268623
-102.104799	6959.094672	6989.765656
-102.082774	6964.614891	6995.262689
-102.060749	6970.135110	7000.759726
-102.038724	6975.655329	7006.256861
-102.016699	6981.169091	7011.747541
-101.994674	6986.680444	7017.235812
-101.972649	6992.191798	7022.724084
-101.950624	6997.703152	7028.212406
-101.928599	7003.212413	7033.698688
-101.906574	7008.712686	7039.175982
-101.884549	7014.212958	7044.653276
-101.862524	7019.713231	7050.130572
-101.840499	7025.213503	7055.607961
-101.818474	7030.708019	7061.079601
-101.796449	7036.199427	7066.548133
-101.774424	7041.690834	7072.016664
-101.752399	7047.182241	7077.485238
-101.730374	7052.672674	7082.952898
-101.708349	7058.155216	7088.412667
-101.686324	7063.637757	7093.872434
-101.664300	7069.120297	7099.332203
-101.642275	7074.602838	7104.792058
-101.620250	7080.077797	7110.244346
-101.598225	7085.547041	7115.690919
-101.576200	7091.016285	7121.137492
-101.554175	7096.485529	7126.584099
-101.532150	7101.954568	7132.030568
-101.510125	7107.417163	7137.470594
-101.488100	7112.879757	7142.910618
-101.466075	7118.342351	7148.350643
-101.444050	7123.804945	7153.790747
-101.422025	7129.261010	7159.224342
-101.400000	7134.710308	7164.651172
-101.377975	7140.159607	7170.078002
-101.355950	7145.608905	7175.504858
-101.333925	7151.058204	7180.931788
-101.311900	7156.496958	7186.348174
-101.289875	7161.935175	7191.764023
-101.267850	7167.373392	7197.179872
-101.245825	7172.811609	7202.595792
-101.223800	7178.244348	7208.006262
-101.201775	7183.669270	7213.408916
-101.179750	7189.094192	7218.811569
-101.157725	7194.519113	7224.214240
-101.135700	7199.944035	7229.616993
-101.113676	7205.361222	7235.012011
-101.091651	7210.777277	7240.405897
-101.069626	7216.193333	7245.799784
-101.047601	7221.609388	7251.193733
-101.025576	7227.021017	7256.583291
-101.003551	7232.423775	7261.963980
-100.981526	7237.826534	7267.344669
-100.959501	7243.229293	7272.725368
-100.937476	7248.632051	7278.106155
-100.915451	7254.024262	7283.476393
-100.893426	7259.413726	7288.843885
-100.871401	7264.803189	7294.211377
-100.849376	7270.192653	7299.578924
-100.827351	7275.578741	7304.943138
-100.805326	7280.954908	7310.297432
-100.783301	7286.331075	7315.651725
-100.761276	7291.707242	7321.006022
-100.739251	7297.083409	7326.360411
-100.717226	7302.450078	7331.705304
-100.695201	7307.812949	7337.046398
-100.673176	7313.175819	7342.387492
-100.651151	7318.538690	7347.728633
-100.629126	7323.899623	7353.067887
-100.607101	7329.251414	7358.397998
-100.585076	7334.603204	7363.728109
-100.563051	7339.954994	7369.058223
-100.541027	7345.306784	7374.388421
-100.519002	7350.648721	7379.708775
-100.496977	7355.985000	7385.023471
-100.474952	7361.321278	7390.338167
-100.452927	7366.657557	7395.652901
-100.430902	7371.992350	7400.966207
-100.408877	7377.313120	7406.265489
-100.386852	7382.633888	7411.564770
-100.364827	7387.954656	7416.864053
-100.342802	7393.275425	7422.163415
-100.320777	7398.588799	7427.455397
-100.298752	7403.896271	7432.741477
-100.276727	7409.203742	7438.027557
-100.254702	7414.511214	7443.313668
-100.232677	7419.818464	7448.599621
-100.210652	7425.112641	7453.872501
-100.188627	7430.406816	7459.145380
-100.166602	7435.700991	7464.418258
-100.144577	7440.995166	7469.691210
-100.122552	7446.280885	7474.955727
-100.100527	7451.557334	7480.210973
-100.078502	7456.833782	7485.466220
-100.056477	7462.110230	7490.721489
-100.034452	7467.386679	7495.976829
-100.012427	7472.650663	7501.219705
-99.990402	7477.913817	7506.461750
-99.968378	7483.176970	7511.703795
-99.946353	7488.440123	7516.945906
-99.924328	7493.696223	7522.180990
-99.902303	7498.941649	7527.405402
-99.880278	7504.187076	7532.629814
-99.858253	7509.432502	7537.854241
-99.836228	7514.677929	7543.078745
-99.814203	7519.911942	7548.291837
-99.792178	7525.144072	7553.503046
-99.770153	7530.376202	7558.714254
-99.748128	7535.608332	7563.925520
-99.726103	7540.834810	7569.131169
-99.704078	7546.049213	7574.324743
-99.682053	7551.263617	7579.518317
-99.660028	7556.478020	7584.711899
-99.638003	7561.692423	7589.905565
-99.615978	7566.893012	7595.085418
-99.593953	7572.089689	7600.261357
-99.571928	7577.286366	7605.437297
-99.549903	7582.483043	7610.613287
-99.527878	7587.676000	7615.785599
-99.505853	7592.857167	7620.946120
-99.483828	7598.038334	7626.106641
-99.461803	7603.219500	7631.267166
-99.439778	7608.400667	7636.427775
-99.417754	7613.569421	7641.575975
-99.395729	7618.732861	7646.718873
-99.373704	7623.896301	7651.861827
-99.351679	7629.059741	7657.004822
-99.329654	7634.220688	7662.145373
-99.307629	7639.368617	7667.272906
-99.285604	7644.516545	7672.400439
-99.263579	7649.664473	7677.527973
-99.241554	7654.812401	7682.655587
-99.219529	7659.947944	7687.770823
-99.197504	7665.075930	7692.878505
-99.175479	7670.203917	7697.986186
-99.153454	7675.331903	7703.093901
-99.131429	7680.458442	7708.200225
-99.109404	7685.568704	7713.290271
-99.087379	7690.678964	7718.380315
-99.065354	7695.789223	7723.470360
-99.043329	7700.899483	7728.560479
-99.021304	7706.000135	7733.641005
-98.999279	7711.092670	7738.713413
-98.977254	7716.185205	7743.785822
-98.955229	7721.277739	7748.858257
-98.933204	7726.370223	7753.930703
-98.911179	7731.442817	7758.983259
-98.889154	7736.515408	7764.035814
-98.867129	7741.588000	7769.088368
-98.845105	7746.660591	7774.140990
-98.823080	7751.724977	7779.185427
-98.801055	7756.779843	7784.220345
-98.779030	7761.834709	7789.255262
-98.757005	7766.889576	7794.290200
-98.734980	7771.944442	7799.325205
-98.712955	7776.980894	7804.341796
-98.690930	7782.015817	7809.356859
-98.668905	7787.050741	7814.371921
-98.646880	7792.085664	7819.387044
-98.624855	7797.112933	7824.394540
-98.602830	7802.127916	7829.389750
-98.580805	7807.142899	7834.384960
-98.558780	7812.157882	7839.380182
-98.536755	7817.172865	7844.375479
-98.514730	7822.172881	7849.355809
-98.492705	7827.170136	7854.333378
-98.470680	7832.167391	7859.310948
-98.448655	7837.164645	7864.288569
-98.426630	7842.155148	7869.259472
-98.404605	7847.130248	7874.214973
-98.382580	7852.105347	7879.170473
-98.360555	7857.080447	7884.125980
-98.338530	7862.055547	7889.081566
-98.316505	7867.015387	7894.021893
-98.294480	7871.970545	7898.957539
-98.272456	7876.925703	7903.893184
-98.250431	7881.880861	7908.828874
-98.228406	7886.831518	7913.760104
-98.206381	7891.766734	7918.675893
-98.184356	7896.701949	7923.591681
-98.162331	7901.637164	7928.507472
-98.140306	7906.572379	7933.423341
-98.118281	7911.493912	7938.325533
-98.096256	7916.409187	7943.221466
-98.074231	7921.324461	7948.117399
-98.052206	7926.239736	7953.013370
-98.030181	7931.151762	7957.906139
-98.008156	7936.044880	7962.780001
-97.986131	7940.937996	7967.653861
-97.964106	7945.831113	7972.527723
-97.942081	7950.724229	7977.401658
-97.920056	7955.603896	7982.262153
-97.898031	7960.474856	7987.113941
-97.876006	7965.345816	7991.965729
-97.853981	7970.216776	7996.817548
-97.831956	7975.086239	8001.667923
-97.809931	7979.935045	8006.497641
-97.787906	7984.783849	8011.327357
-97.765881	7989.632654	8016.157075
-97.743856	7994.481459	8020.986860
-97.721832	7999.319735	8025.806132
-97.699807	8004.148597	8030.615990
-97.677782	8008.977459	8035.425847
-97.655757	8013.806320	8040.235729
-97.633732	8018.635182	8045.045669
-97.611707	8023.442144	8049.833711
-97.589682	8028.248849	8054.621495
-97.567657	8033.055554	8059.409279
-97.545632	8037.862258	8064.197125
-97.523607	8042.658024	8068.974052
-97.501582	8047.440357	8073.737548
-97.479557	8052.222690	8078.501043
-97.457532	8057.005023	8083.264556
-97.435507	8061.787356	8088.028133
-97.413482	8066.549542	8092.771563
-97.391457	8071.309717	8097.512983
-97.369432	8076.069892	8102.254403
-97.347407	8080.830067	8106.995877
-97.325382	8085.582050	8111.729186
-97.303357	8090.320069	8116.448533
-97.281332	8095.058089	8121.167879
-97.259307	8099.796109	8125.887236
-97.237282	8104.534128	8130.606664
-97.215257	8109.251914	8135.305857
-97.193232	8113.965560	8140.000912
-97.171207	8118.679207	8144.695968
-97.149183	8123.392853	8149.391071
-97.127158	8128.100060	8154.079766
-97.105133	8132.791550	8158.752746
-97.083108	8137.483040	8163.425726
-97.061083	8142.174531	8168.098710
-97.039058	8146.866021	8172.771770
-97.017033	8151.539205	8177.426524
-96.995008	8156.206323	8182.075212
-96.972983	8160.873441	8186.723901
-96.950958	8165.540559	8191.372631
-96.928933	8170.202989	8196.016711
-96.906908	8174.847952	8200.643324
-96.884883	8179.492913	8205.269937
-96.862858	8184.137874	8209.896552
-96.840833	8188.782836	8214.523239
-96.818808	8193.409930	8219.132064
-96.796783	8198.028303	8223.732168
-96.774758	8202.646677	8228.332272
-96.752733	8207.265050	8232.932411
-96.730708	8211.880487	8237.529659
-96.708683	8216.476705	8242.107687
-96.686658	8221.072922	8246.685714
-96.664633	8225.669139	8251.263743
-96.642608	8230.265356	8255.841840
-96.620583	8234.845808	8260.404182
-96.598559	8239.415438	8264.955701
-96.576534	8243.985068	8269.507221
-96.554509	8248.554698	8274.058769
-96.532484	8253.123143	8278.609183
-96.510459	8257.670617	8283.138625
-96.488434	8262.218089	8287.668066
-96.466409	8266.765561	8292.197507
-96.444384	8271.313033	8296.727011
-96.422359	8275.846844	8301.242868
-96.400334	8280.367729	8305.745800
-96.378309	8284.888614	8310.248733
-96.356284	8289.409500	8314.751687
-96.334259	8293.930385	8319.254696
-96.312234	8298.425367	8323.731803
-96.290209	8302.919665	8328.208227
-96.268184	8307.413964	8332.684650
-96.246159	8311.908262	8337.161131
-96.224134	8316.391965	8341.627036
-96.202109	8320.861890	8346.079164
-96.180084	8325.331816	8350.531292
-96.158059	8329.801741	8354.983436
-96.136034	8334.271666	8359.435641
-96.114009	8338.719775	8363.866029
-96.091984	8343.165328	8368.293863
-96.069959	8347.610882	8372.721696
-96.047934	8352.056435	8377.149581
-96.025910	8356.492533	8381.568035
-96.003885	8360.911499	8385.969358
-95.981860	8365.330464	8390.370680
-95.959835	8369.749430	8394.772012
-95.937810	8374.168395	8399.173411
-95.915785	8378.565663	8403.553112
-95.893760	8382.958042	8407.927924
-95.871735	8387.350421	8412.302737
-95.849710	8391.742800	8416.677593
-95.827685	8396.127825	8421.045128
-95.805660	8400.493618	8425.393430
-95.783635	8404.859410	8429.741731
-95.761610	8409.225202	8434.090036
-95.739585	8413.590994	8438.438413
-95.717560	8417.938823	8442.768827
-95.695535	8422.280242	8447.092832
-95.673510	8426.621661	8451.416836
-95.651485	8430.963081	8455.740878
-95.629460	8435.298811	8460.059269
-95.607435	8439.611429	8464.354548
-95.585410	8443.924047	8468.649826
-95.563385	8448.236664	8472.945106
-95.541360	8452.549281	8477.240454
-95.519335	8456.844406	8481.518314
-95.497310	8461.130435	8485.787079
-95.475285	8465.416463	8490.055844
-95.453261	8469.702492	8494.324640
-95.431236	8473.985373	8498.590331
-95.409211	8478.244817	8502.832585
-95.387186	8482.504259	8507.074838
-95.365161	8486.763702	8511.317092
-95.343136	8491.023144	8515.559408
-95.321111	8495.267197	8519.786346
-95.299086	8499.500051	8524.002085
-95.277061	8503.732905	8528.217824
-95.255036	8507.965760	8532.433588
-95.233011	8512.197568	8536.648354
-95.210986	8516.403836	8540.837581
-95.188961	8520.610102	8545.026806
-95.166936	8524.816369	8549.216031
-95.144911	8529.022635	8553.405315
-95.122886	8533.214508	8557.580220
-95.100861	8537.391972	8561.740716
-95.078836	8541.569437	8565.901213
-95.056811	8545.746901	8570.061729
-95.034786	8549.924366	8574.222298
-95.012761	8554.076301	8578.357339
-94.990736	8558.227177	8582.491320
-94.968711	8562.378054	8586.625302
-94.946686	8566.528930	8590.759336
-94.924661	8570.667691	8594.881275
-94.902637	8574.789766	8598.986528
-94.880612	8578.911840	8603.091781
-94.858587	8583.033914	8607.197047
-94.836562	8587.155989	8611.302371
-94.814537	8591.252685	8615.382318
-94.792512	8595.345957	8619.458840
-94.770487	8599.439229	8623.535363
-94.748462	8603.532500	8627.611931
-94.726437	8607.616691	8631.679444
-94.704412	8611.683376	8635.729452
-94.682387	8615.750060	8639.779459
-94.660362	8619.816745	8643.829474
-94.638337	8623.883430	8647.879553
-94.616312	8627.927014	8651.906531
-94.594287	8631.964894	8655.927806
-94.572262	8636.002775	8659.949081
-94.550237	8640.040655	8663.970396
-94.528212	8644.071557	8667.984764
-94.506187	8648.082851	8671.979524
-94.484162	8652.094145	8675.974283
-94.462137	8656.105438	8679.969046
-94.440112	8660.116732	8683.963875
-94.418087	8664.105603	8687.936282
-94.396062	8668.085880	8691.900096
-94.374037	8672.066156	8695.863909
-94.352012	8676.046433	8699.827757
-94.329988	8680.021834	8703.786765
-94.307963	8683.975523	8707.724061
-94.285938	8687.929210	8711.661356
-94.263913	8691.882897	8715.598654
-94.241888	8695.836584	8719.536013
-94.219863	8699.770302	8723.453408
-94.197838	8703.692973	8727.359757
-94.175813	8707.615643	8731.266106
-94.153788	8711.538314	8735.172483
-94.131763	8715.458211	8739.076127
-94.109738	8719.354295	8742.955959
-94.087713	8723.250377	8746.835789
-94.065688	8727.146460	8750.715621
-94.043663	8731.042542	8754.595511
-94.021638	8734.921108	8758.457894
-93.999613	8738.786174	8762.306777
-93.977588	8742.651239	8766.155661
-93.955563	8746.516305	8770.004567
-93.933538	8750.380643	8773.852791
-93.911513	8754.216907	8777.672942
-93.889488	8758.053169	8781.493091
-93.867463	8761.889430	8785.313239
-93.845438	8765.725691	8789.133441
-93.823413	8769.549041	8792.940747
-93.801388	8773.358716	8796.734377
-93.779363	8777.168390	8800.528008
-93.757339	8780.978064	8804.321655
-93.735314	8784.787739	8808.115354
-93.713289	8788.565972	8811.877611
-93.691264	8792.342413	8815.638077
-93.669239	8796.118855	8819.398543
-93.647214	8799.895296	8823.159057
-93.625189	8803.660929	8826.908783
-93.603164	8807.410782	8830.642729
-93.581139	8811.160635	8834.376675
-93.559114	8814.910489	8838.110633
-93.537089	8818.660342	8841.844647
-93.515064	8822.383303	8845.551768
-93.493039	8826.102138	8849.254764
-93.471014	8829.820973	8852.957761
-93.448989	8833.539808	8856.660799
-93.426964	8837.249212	8860.354431
-93.404939	8840.939244	8864.028692
-93.382914	8844.629276	8867.702952
-93.360889	8848.319308	8871.377219
-93.338864	8852.009340	8875.051547
-93.316839	8855.674934	8878.701436
-93.294814	8859.333947	8882.344745
-93.272789	8862.992961	8885.988055
-93.250764	8866.651975	8889.631402
-93.228739	8870.303835	8893.267625
-93.206715	8873.934047	8896.882199
-93.184690	8877.564257	8900.496773
-93.162665	8881.194468	8904.111349
-93.140640	8884.824679	8907.725987
-93.118615	8888.434475	8911.320212
-93.096590	8892.035884	8914.906051
-93.074565	8895.637293	8918.491889
-93.052540	8899.238702	8922.077759
-93.030515	8902.834860	8925.658413
-93.008490	8906.405251	8929.213299
-92.986465	8909.975641	8932.768185
-92.964440	8913.546030	8936.323072
-92.942415	8917.116420	8939.878017
-92.920390	8920.667278	8943.413437
-92.898365	8924.206650	8946.937371
-92.876340	8927.746023	8950.461306
-92.854315	8931.285396	8953.985266
-92.832290	8934.822170	8957.506667
-92.810265	8938.332740	8961.001865
-92.788240	8941.843309	8964.497061
-92.766215	8945.353877	8967.992258
-92.744190	8948.864445	8971.487509
-92.722165	8952.357935	8974.965691
-92.700140	8955.837485	8978.429934
-92.678115	8959.317036	8981.894178
-92.656090	8962.796586	8985.358442
-92.634066	8966.275816	8988.822429
-92.612041	8969.726565	8992.257936
-92.590016	8973.177312	8995.693441
-92.567991	8976.628059	8999.128947
-92.545966	8980.078806	9002.564502
-92.523941	8983.514928	9005.985446
-92.501916	8986.934657	9009.389998
-92.479891	8990.354386	9012.794550
-92.457866	8993.774115	9016.199117
-92.435841	8997.193844	9019.603732
-92.413816	9000.584665	9022.979440
-92.391791	9003.973376	9026.353039
-92.369766	9007.362087	9029.726637
-92.347741	9010.750798	9033.100280
-92.325716	9014.128206	9036.462638
-92.303691	9017.488114	9039.807498
-92.281666	9020.848022	9043.152357
-92.259641	9024.207929	9046.497226
-92.237616	9027.567837	9049.842149
-92.215591	9030.901291	9053.160617
-92.193566	9034.230180	9056.474522
-92.171541	9037.559070	9059.788427
-92.149516	9040.887959	9063.102370
-92.127491	9044.207130	9066.406619
-92.105466	9047.505002	9069.689569
-92.083441	9050.802873	9072.972520
-92.061417	9054.100745	9076.255475
-92.039392	9057.398617	9079.538488
-92.017367	9060.672486	9082.797499
-91.995342	9063.939339	9086.049493
-91.973317	9067.206191	9089.301488
-91.951292	9070.473043	9092.553515
-91.929267	9073.733148	9095.798825
-91.907242	9076.971198	9099.022079
-91.885217	9080.209247	9102.245333
-91.863192	9083.447296	9105.468589
-91.841167	9086.685345	9108.691903
-91.819142	9089.901846	9111.893671
-91.797117	9093.108877	9115.085970
-91.775092	9096.315908	9118.278268
-91.753067	9099.522939	9121.470595
-91.731042	9102.725156	9124.658141
-91.709017	9105.901171	9127.819485
-91.686992	9109.077183	9130.980828
-91.664967	9112.253196	9134.142172
-91.642942	9115.429209	9137.303569
-91.620917	9118.587491	9140.447242
-91.598892	9121.734699	9143.579842
-91.576867	9124.881908	9146.712443
-91.554842	9128.029116	9149.845066
-91.532817	9131.173964	9152.975367
-91.510793	9134.290157	9156.077013
-91.488768	9137.406349	9159.178658
-91.466743	9140.522541	9162.280304
-91.444718	9143.638733	9165.381999
-91.422693	9146.737094	9168.465875
-91.400668	9149.820050	9171.534346
-91.378643	9152.903006	9174.602816
-91.356618	9155.985961	9177.671306
-91.334593	9159.068917	9180.739837
-91.312568	9162.125367	9183.781863
-91.290543	9165.181736	9186.823808
-91.268518	9168.238105	9189.865753
-91.246493	9171.294475	9192.907744
-91.224468	9174.335642	9195.934547
-91.202443	9177.358777	9198.943319
-91.180418	9180.381912	9201.952090
-91.158393	9183.405047	9204.960875
-91.136368	9186.428181	9207.969707
-91.114343	9189.424879	9210.952101
-91.092318	9192.419211	9213.932130
-91.070293	9195.413543	9216.912159
-91.048268	9198.407875	9219.892229
-91.026243	9201.390472	9222.860582
-91.004218	9204.353784	9225.809652
-90.982193	9207.317096	9228.758722
-90.960168	9210.280408	9231.707800
-90.938144	9213.243720	9234.656929
-90.916119	9216.181015	9237.580042
-90.894094	9219.113310	9240.498153
-90.872069	9222.045604	9243.416265
-90.850044	9224.977898	9246.334412
-90.828019	9227.900911	9249.243301
-90.805994	9230.802187	9252.130454
-90.783969	9233.703463	9255.017607
-90.761944	9236.604739	9257.904764
-90.739919	9239.506015	9260.791976
-90.717894	9242.385410	9263.657307
-90.695869	9245.257882	9266.515715
-90.673844	9248.130353	9269.374123
-90.651819	9251.002825	9272.232562
-90.629794	9253.868468	9275.084200
-90.607769	9256.709922	9277.911649
-90.585744	9259.551376	9280.739098
-90.563719	9262.392830	9283.566550
-90.541694	9265.234283	9286.394054
-90.519669	9268.056134	9289.201958
-90.497644	9270.868783	9292.000662
-90.475619	9273.681432	9294.799365
-90.453594	9276.494081	9297.598095
-90.431569	9279.302354	9300.392480
-90.409544	9282.083986	9303.160224
-90.387520	9284.865615	9305.927967
-90.365495	9287.647245	9308.695711
-90.343470	9290.428875	9311.463505
-90.321445	9293.191847	9314.212648
-90.299420	9295.942459	9316.949431
-90.277395	9298.693071	9319.686214
-90.255370	9301.443683	9322.423018
-90.233345	9304.192372	9325.157934
-90.211320	9306.911967	9327.863759
-90.189295	9309.631561	9330.569581
-90.167270	9312.351155	9333.275404
-90.145245	9315.070748	9335.981274
-90.123220	9317.775295	9338.672107
-90.101195	9320.466083	9341.349181
-90.079170	9323.156871	9344.026256
-90.057145	9325.847659	9346.703347
-90.035120	9328.538446	9349.380479
-90.013095	9331.200926	9352.029303
-89.991070	9333.862913	9354.677633
-89.969045	9336.524899	9357.325963
-89.947020	9339.186885	9359.974336
-89.924995	9341.835121	9362.608972
-89.902970	9344.466086	9365.226339
-89.880945	9347.097052	9367.843706
-89.858920	9349.728017	9370.461085
-89.836895	9352.358983	9373.078508
-89.814871	9354.961915	9375.667898
-89.792846	9357.561863	9378.254304
-89.770821	9360.161810	9380.840709
-89.748796	9362.761758	9383.427152
-89.726771	9365.351215	9386.003124
-89.704746	9367.922359	9388.560783
-89.682721	9370.493504	9391.118442
-89.660696	9373.064648	9393.676108
-89.638671	9375.635793	9396.233823
-89.616646	9378.183183	9398.767784
-89.594621	9380.725522	9401.296694
-89.572596	9383.267860	9403.825604
-89.550571	9385.810199	9406.354547
-89.528546	9388.343693	9408.874668
-89.506521	9390.855014	9411.372616
-89.484496	9393.366335	9413.870563
-89.462471	9395.877656	9416.368514
-89.440446	9398.388977	9418.866517
-89.418421	9400.878822	9421.343045
-89.396396	9403.361338	9423.812244
-89.374371	9405.843855	9426.281444
-89.352346	9408.326371	9428.750671
-89.330321	9410.802952	9431.213990
-89.308296	9413.256665	9433.654442
-89.286271	9415.710377	9436.094892
-89.264246	9418.164089	9438.535345
-89.242222	9420.617801	9440.975847
-89.220197	9423.050840	9443.395679
-89.198172	9425.473534	9445.805166
-89.176147	9427.896228	9448.214654
-89.154122	9430.318922	9450.624165
-89.132097	9432.737958	9453.030050
-89.110072	9435.131849	9455.410790
-89.088047	9437.525739	9457.791528
-89.066022	9439.919629	9460.172267
-89.043997	9442.313518	9462.553053
-89.021972	9444.690489	9464.916927
-88.999947	9447.055574	9467.268915
-88.977922	9449.420659	9469.620904
-88.955897	9451.785745	9471.972912
-88.933872	9454.149450	9474.323575
-88.911847	9456.485733	9476.646816
-88.889822	9458.822014	9478.970055
-88.867797	9461.158295	9481.293294
-88.845772	9463.494576	9483.616576
-88.823747	9465.816216	9485.925228
-88.801722	9468.123693	9488.219717
-88.779697	9470.431169	9490.514206
-88.757672	9472.738645	9492.808710
-88.735647	9475.046122	9495.103252
-88.713622	9477.323549	9497.367745
-88.691598	9479.600006	9499.631268
-88.669573	9481.876463	9501.894792
-88.647548	9484.152920	9504.158354
-88.625523	9486.417966	9506.410519
-88.603498	9488.667834	9508.647507
-88.581473	9490.917701	9510.884495
-88.559448	9493.167569	9513.121493
-88.537423	9495.417437	9515.358534
-88.515398	9497.641680	9517.569950
-88.493373	9499.862745	9519.778188
-88.471348	9502.083810	9521.986427
-88.449323	9504.304875	9524.194699
-88.427298	9506.515855	9526.392906
-88.405273	9508.708114	9528.572392
-88.383248	9510.900373	9530.751878
-88.361223	9513.092632	9532.931370
-88.339198	9515.284891	9535.110908
-88.317173	9517.453803	9537.267100
-88.295148	9519.617258	9539.417834
-88.273123	9521.780713	9541.568569
-88.251098	9523.944168	9543.719334
-88.229073	9526.100416	9545.862914
-88.207048	9528.237284	9547.987114
-88.185023	9530.374151	9550.111313
-88.162998	9532.511017	9552.235515
-88.140973	9534.647884	9554.359765
-88.118949	9536.763682	9556.462947
-88.096924	9538.871743	9558.558393
-88.074899	9540.979804	9560.653840
-88.052874	9543.087865	9562.749311
-88.030849	9545.190398	9564.839280
-88.008824	9547.269656	9566.905975
-87.986799	9549.348913	9568.972670
-87.964774	9551.428170	9571.039365
-87.942749	9553.507426	9573.106107
-87.920724	9555.569338	9575.155507
-87.898699	9557.622007	9577.195665
-87.876674	9559.674676	9579.235823
-87.854649	9561.727345	9581.276003
-87.832624	9563.776762	9583.312960
-87.810599	9565.800628	9585.324367
-87.788574	9567.824491	9587.335771
-87.766549	9569.848354	9589.347176
-87.744524	9571.872217	9591.358624
-87.722499	9573.879568	9593.353567
-87.700474	9575.874627	9595.336218
-87.678449	9577.869686	9597.318869
-87.656424	9579.864744	9599.301538
-87.634399	9581.858979	9601.283416
-87.612374	9583.829666	9603.241746
-87.590349	9585.800349	9605.200073
-87.568324	9587.771033	9607.158400
-87.546300	9589.741716	9609.116768
-87.524275	9591.698165	9611.060911
-87.502250	9593.640046	9612.990486
-87.480225	9595.581926	9614.920061
-87.458200	9597.523806	9616.849650
-87.436175	9599.465686	9618.779275
-87.414150	9601.382183	9620.683517
-87.392125	9603.297473	9622.586552
-87.370100	9605.212762	9624.489588
-87.348075	9607.128052	9626.392659
-87.326050	9609.032305	9628.284708
-87.304025	9610.921006	9630.161205
-87.282000	9612.809706	9632.037701
-87.259975	9614.698407	9633.914207
-87.237950	9616.587107	9635.790753
-87.215925	9618.450589	9637.642081
-87.193900	9620.310485	9639.489823
-87.171875	9622.170381	9641.337566
-87.149850	9624.030277	9643.185340
-87.127825	9625.881984	9645.024943
-87.105800	9627.717506	9646.848362
-87.083775	9629.553028	9648.671780
-87.061750	9631.388550	9650.495204
-87.039725	9633.224072	9652.318671
-87.017700	9635.038417	9654.120962
-86.995676	9636.847348	9655.917840
-86.973651	9638.656279	9657.714718
-86.951626	9640.465211	9659.511623
-86.929601	9642.267311	9661.301719
-86.907576	9644.049653	9663.072057
-86.885551	9645.831995	9664.842395
-86.863526	9647.614337	9666.612736
-86.841501	9649.396679	9668.383122
-86.819476	9651.159948	9670.134435
-86.797451	9652.915701	9671.878233
-86.775426	9654.671453	9673.622031
-86.753401	9656.427206	9675.365853
-86.731376	9658.178230	9677.104971
-86.709351	9659.907394	9678.822229
-86.687326	9661.636556	9680.539486
-86.665301	9663.365719	9682.256745
-86.643276	9665.094881	9683.974046
-86.621251	9666.808487	9685.675794
-86.599226	9668.513274	9687.368726
-86.577201	9670.218062	9689.061657
-86.555176	9671.922850	9690.754609
-86.533151	9673.625231	9692.445181
-86.511126	9675.305645	9694.113787
-86.489101	9676.986058	9695.782392
-86.467076	9678.666470	9697.450998
-86.445051	9680.346882	9699.119643
-86.423027	9682.012427	9700.773428
-86.401002	9683.666250	9702.415492
-86.378977	9685.320074	9704.057556
-86.356952	9686.973897	9705.699636
-86.334927	9688.627196	9707.341223
-86.312902	9690.254432	9708.956748
-86.290877	9691.881664	9710.572270
-86.268852	9693.508897	9712.187791
-86.246827	9695.136129	9713.803350
-86.224802	9696.752724	9715.408282
-86.202777	9698.357798	9717.001693
-86.180752	9699.962871	9718.595103
-86.158727	9701.567944	9720.188526
-86.136702	9703.173018	9721.781983
-86.114677	9704.753084	9723.350434
-86.092652	9706.331568	9724.917303
-86.070627	9707.910052	9726.484172
-86.048602	9709.488536	9728.051074
-86.026577	9711.057247	9729.608217
-86.004552	9712.611355	9731.150758
-85.982527	9714.165464	9732.693299
-85.960502	9715.719572	9734.235848
-85.938477	9717.273681	9735.778436
-85.916452	9718.806793	9737.300027
-85.894427	9720.336526	9738.818240
-85.872402	9721.866259	9740.336454
-85.850378	9723.395992	9741.854696
-85.828353	9724.917880	9743.365110
-85.806328	9726.423239	9744.858996
-85.784303	9727.928597	9746.352882
-85.762278	9729.433956	9747.846772
-85.740253	9730.939315	9749.340704
-85.718228	9732.425605	9750.815568
-85.696203	9733.906588	9752.285125
-85.674178	9735.387571	9753.754683
-85.652153	9736.868554	9755.224266
-85.630128	9738.343620	9756.687951
-85.608103	9739.800228	9758.133180
-85.586078	9741.256836	9759.578409
-85.564053	9742.713444	9761.023640
-85.542028	9744.170051	9762.468913
-85.520003	9745.611077	9763.898605
-85.497978	9747.045525	9765.321721
-85.475953	9748.479974	9766.744837
-85.453928	9749.914423	9768.167974
-85.431903	9751.344880	9769.587145
-85.409878	9752.754955	9770.985933
-85.387853	9754.165028	9772.384720
-85.365828	9755.575101	9773.783508
-85.343803	9756.985174	9775.182336
-85.321778	9758.381417	9776.567338
-85.299754	9759.769329	9777.944011
-85.277729	9761.157242	9779.320683
-85.255704	9762.545154	9780.697373
-85.233679	9763.931191	9782.072215
-85.211654	9765.296946	9783.426776
-85.189629	9766.662699	9784.781335
-85.167604	9768.028453	9786.135894
-85.145579	9769.394206	9787.490491
-85.123554	9770.746675	9788.831810
-85.101529	9772.088052	9790.162040
-85.079504	9773.429430	9791.492269
-85.057479	9774.770808	9792.822512
-85.035454	9776.112062	9794.152662
-85.013429	9777.431283	9795.460780
-84.991404	9778.750500	9796.768894
-84.969379	9780.069718	9798.077008
-84.947354	9781.388935	9799.385157
-84.925329	9782.697828	9800.682991
-84.903304	9783.994885	9801.968990
-84.881279	9785.291942	9803.254989
-84.859254	9786.588998	9804.540999
-84.837229	9787.886055	9805.827042
-84.815204	9789.160531	9807.090505
-84.793179	9790.433213	9808.352174
-84.771154	9791.705894	9809.613843
-84.749129	9792.978576	9810.875542
-84.727105	9794.243543	9812.129540
-84.705080	9795.496280	9813.371310
-84.683055	9796.749017	9814.613079
-84.661030	9798.001755	9815.854855
-84.639005	9799.254492	9817.096668
-84.616980	9800.488453	9818.319706
-84.594955	9801.719028	9819.539358
-84.572930	9802.949603	9820.759010
-84.550905	9804.180178	9821.978689
-84.528880	9805.404616	9823.192248
-84.506855	9806.615248	9824.392001
-84.484830	9807.825879	9825.591753
-84.462805	9809.036511	9826.791509
-84.440780	9810.247143	9827.991305
-84.418755	9811.439048	9829.172376
-84.396730	9812.625303	9830.347796
-84.374705	9813.811557	9831.523216
-84.352680	9814.997812	9832.698660
-84.330655	9816.180012	9833.870069
-84.308630	9817.348539	9835.027805
-84.286605	9818.517064	9836.185540
-84.264580	9819.685590	9837.343277
-84.242555	9820.854115	9838.501053
-84.220530	9822.007370	9839.643561
-84.198505	9823.153734	9840.779178
-84.176480	9824.300098	9841.914795
-84.154456	9825.446461	9843.050432
-84.132431	9826.589509	9844.182777
-84.110406	9827.713716	9845.296280
-84.088381	9828.837920	9846.409781
-84.066356	9829.962125	9847.523284
-84.044331	9831.086330	9848.636824
-84.022306	9832.198368	9849.738202
-84.000281	9833.302626	9850.831800
-83.978256	9834.406883	9851.925399
-83.956231	9835.511141	9853.019013
-83.934206	9836.613992	9854.111247
-83.912181	9837.698308	9855.184946
-83.890156	9838.782621	9856.258644
-83.868131	9839.866935	9857.332342
-83.846106	9840.951249	9858.406074
-83.824081	9842.026150	9859.470402
-83.802056	9843.092732	9860.526410
-83.780031	9844.159314	9861.582419
-83.758006	9845.225896	9862.638441
-83.735981	9846.292478	9863.694492
-83.713956	9847.337092	9864.728575
-83.691931	9848.381513	9865.762466
-83.669906	9849.425935	9866.796358
-83.647881	9850.470357	9867.830281
-83.625856	9851.505767	9868.855203
-83.603832	9852.530243	9869.869192
-83.581807	9853.554720	9870.883181
-83.559782	9854.579196	9871.897179
-83.537757	9855.603672	9872.911209
-83.515732	9856.611974	9873.909065
-83.493707	9857.618720	9874.905366
-83.471682	9858.625466	9875.901667
-83.449657	9859.632212	9876.897996
-83.427632	9860.631524	9877.886905
-83.405607	9861.618324	9878.863302
-83.383582	9862.605125	9879.839700
-83.361557	9863.591925	9880.816103
-83.339532	9864.578725	9881.792542
-83.317507	9865.548908	9882.752364
-83.295482	9866.515761	9883.708857
-83.273457	9867.482615	9884.665350
-83.251432	9868.449468	9885.621868
-83.229407	9869.411116	9886.573196
-83.207382	9870.360240	9887.512001
-83.185357	9871.309364	9888.450806
-83.163332	9872.258487	9889.389613
-83.141307	9873.207611	9890.328459
-83.119282	9874.143365	9891.253935
-83.097257	9875.074758	9892.175051
-83.075232	9876.006151	9893.096167
-83.053207	9876.937543	9894.017304
-83.031183	9877.865132	9894.934657
-83.009158	9878.778795	9895.838084
-82.987133	9879.692456	9896.741510
-82.965108	9880.606118	9897.644937
-82.943083	9881.519779	9898.548402
-82.921058	9882.419978	9899.438406
-82.899033	9883.313694	9900.321928
-82.877008	9884.207410	9901.205450
-82.854983	9885.101126	9902.088990
-82.832958	9885.992439	9902.970149
-82.810933	9886.868430	9903.835987
-82.788908	9887.744420	9904.701823
-82.766883	9888.620409	9905.567660
-82.744858	9889.496399	9906.433531
-82.722833	9890.363142	9907.290162
-82.700808	9891.223608	9908.140516
-82.678783	9892.084075	9908.990871
-82.656758	9892.944541	9909.841241
-82.634733	9893.804006	9910.690634
-82.612708	9894.646743	9911.523300
-82.590683	9895.489476	9912.355963
-82.568658	9896.332209	9913.188626
-82.546633	9897.174942	9914.021321
-82.524608	9898.008515	9914.844864
-82.502583	9898.833529	9915.659846
-82.480559	9899.658543	9916.474828
-82.458534	9900.483556	9917.289822
-82.436509	9901.308570	9918.104844
-82.414484	9902.116247	9918.902531
-82.392459	9902.923514	9919.699810
-82.370434	9903.730781	9920.497088
-82.348409	9904.538048	9921.294396
-82.326384	9905.338526	9922.084925
-82.304359	9906.130289	9922.866737
-82.282334	9906.922051	9923.648550
-82.260309	9907.713814	9924.430371
-82.238284	9908.505577	9925.212223
-82.216259	9909.281414	9925.978150
-82.194234	9910.055444	9926.742270
-82.172209	9910.829474	9927.506390
-82.150184	9911.603503	9928.270536
-82.128159	9912.371970	9929.029132
-82.106134	9913.130482	9929.777774
-82.084109	9913.888993	9930.526416
-82.062084	9914.647505	9931.275063
-82.040059	9915.406017	9932.023744
-82.018034	9916.151827	9932.759723
-81.996009	9916.894834	9933.492899
-81.973984	9917.637841	9934.226075
-81.951959	9918.380849	9934.959274
-81.929934	9919.119520	9935.688152
-81.907910	9919.846997	9936.405839
-81.885885	9920.574472	9937.123525
-81.863860	9921.301948	9937.841213
-81.841835	9922.029423	9938.558938
-81.819810	9922.745423	9939.265187
-81.797785	9923.457395	9939.967406
-81.775760	9924.169366	9940.669625
-81.753735	9924.881338	9941.371864
-81.731710	9925.589755	9942.070568
-81.709685	9926.283983	9942.755085
-81.687660	9926.978207	9943.439599
-81.665635	9927.672432	9944.124115
-81.643610	9928.366657	9944.808664
-81.621585	9929.052096	9945.484431
-81.599560	9929.733032	9946.155694
-81.577535	9930.413967	9946.826956
-81.555510	9931.094903	9947.498234
-81.533485	9931.774224	9948.167920
-81.511460	9932.441859	9948.825921
-81.489435	9933.109491	9949.483919
-81.467410	9933.777123	9950.141918
-81.445385	9934.444756	9950.799950
-81.423360	9935.102073	9951.447671
-81.401335	9935.751972	9952.087975
-81.379310	9936.401872	9952.728279
-81.357285	9937.051771	9953.368597
-81.335261	9937.701201	9954.008470
-81.313236	9938.340017	9954.637728
-81.291211	9938.978828	9955.266983
-81.269186	9939.617640	9955.896238
-81.247161	9940.256451	9956.525524
-81.225136	9940.886350	9957.145904
-81.203111	9941.507429	9957.757465
-81.181086	9942.128507	9958.369025
-81.159061	9942.749586	9958.980596
-81.137036	9943.370664	9959.592194
-81.115011	9943.981075	9960.193124
-81.092986	9944.591079	9960.793647
-81.070961	9945.201083	9961.394170
-81.048936	9945.811087	9961.994720
-81.026911	9946.414519	9962.588708
-81.004886	9947.008992	9963.173739
-80.982861	9947.603464	9963.758771
-80.960836	9948.197937	9964.343809
-80.938811	9948.792409	9964.928878
-80.916786	9949.375131	9965.502195
-80.894761	9949.956315	9966.073973
-80.872736	9950.537498	9966.645752
-80.850711	9951.118682	9967.217554
-80.828686	9951.695284	9967.784789
-80.806661	9952.263151	9968.343290
-80.784637	9952.831018	9968.901792
-80.762612	9953.398885	9969.460298
-80.740587	9953.966752	9970.018836
-80.718562	9954.523919	9970.566674
-80.696537	9955.078497	9971.111923
-80.674512	9955.633074	9971.657171
-80.652487	9956.187652	9972.202440
-80.630462	9956.738700	9972.744195
-80.608437	9957.279976	9973.276179
-80.586412	9957.821250	9973.808162
-80.564387	9958.362525	9974.340146
-80.542362	9958.903800	9974.872165
-80.520337	9959.437029	9975.396139
-80.498312	9959.967216	9975.917071
-80.476287	9960.497402	9976.438004
-80.454262	9961.027589	9976.958954
-80.432237	9961.555298	9977.477444
-80.410212	9962.072184	9977.985113
-80.388187	9962.589067	9978.492779
-80.366162	9963.105951	9979.000447
-80.344137	9963.622835	9979.508147
-80.322112	9964.131118	9980.007248
-80.300087	9964.634699	9980.501649
-80.278062	9965.138280	9980.996050
-80.256037	9965.641861	9981.490466
-80.234012	9966.144253	9981.983713
-80.211988	9966.636759	9982.467075
-80.189963	9967.129266	9982.950436
-80.167938	9967.621772	9983.433799
-80.145913	9968.114279	9983.917191
-80.123888	9968.599233	9984.393036
-80.101863	9969.078423	9984.863120
-80.079838	9969.557614	9985.333203
-80.057813	9970.036804	9985.803299
-80.035788	9970.515744	9986.273168
-80.013763	9970.986065	9986.734419
-79.991738	9971.456383	9987.195666
-79.969713	9971.926700	9987.656914
-79.947688	9972.397018	9988.118189
-79.925663	9972.860840	9988.572977
-79.903638	9973.317868	9989.020969
-79.881613	9973.774897	9989.468962
-79.859588	9974.231925	9989.916964
-79.837563	9974.688953	9990.364992
-79.815538	9975.135453	9990.802493
-79.793513	9975.581379	9991.239422
-79.771488	9976.027306	9991.676352
-79.749463	9976.473233	9992.113306
-79.727438	9976.913715	9992.544826
-79.705413	9977.346353	9992.968501
-79.683388	9977.778991	9993.392175
-79.661363	9978.211629	9993.815856
-79.639339	9978.644266	9994.239565
-79.617314	9979.069188	9994.655559
-79.595289	9979.492953	9995.070396
-79.573264	9979.916717	9995.485233
-79.551239	9980.340482	9995.900093
-79.529214	9980.761318	9996.312036
-79.507189	9981.176210	9996.718037
-79.485164	9981.591102	9997.124037
-79.463139	9982.005994	9997.530041
-79.441114	9982.420886	9997.936076
-79.419089	9982.825254	9998.331588
-79.397064	9983.226829	9998.724309
-79.375039	9983.628404	9999.117030
-79.353014	9984.029980	9999.509771
-79.330989	9984.429328	9999.900299
-79.308964	9984.822044	10000.284194
-79.286939	9985.214760	10000.668090
-79.264914	9985.607477	10001.051988
-79.242889	9986.000193	10001.435917
-79.220864	9986.385020	10001.811958
-79.198839	9986.766649	10002.184801
-79.176814	9987.148277	10002.557644
-79.154789	9987.529906	10002.930504
-79.132764	9987.910007	10003.301854
-79.110739	9988.282765	10003.665861
-79.088715	9988.655521	10004.029867
-79.066690	9989.028276	10004.393874
-79.044665	9989.401032	10004.757910
-79.022640	9989.766776	10005.114938
-79.000615	9990.128444	10005.467890
-78.978590	9990.490112	10005.820843
-78.956565	9990.851779	10006.173809
-78.934540	9991.212621	10006.525969
-78.912515	9991.565419	10006.870087
-78.890490	9991.918215	10007.214202
-78.868465	9992.271010	10007.558317
-78.846440	9992.623805	10007.902460
-78.824415	9992.971694	10008.241702
-78.802390	9993.315631	10008.576991
-78.780365	9993.659567	10008.912279
-78.758340	9994.003503	10009.247579
-78.736315	9994.347282	10009.582743
-78.714290	9994.680125	10009.906974
-78.692265	9995.012960	10010.231197
-78.670240	9995.345795	10010.555421
-78.648215	9995.678630	10010.879670
-78.626190	9996.008309	10011.200771
-78.604165	9996.334486	10011.518371
-78.582140	9996.660663	10011.835971
-78.560115	9996.986840	10012.153580
-78.538090	9997.313017	10012.471213
-78.516066	9997.628830	10012.778483
-78.494041	9997.943919	10013.085029
-78.472016	9998.259008	10013.391575
-78.449991	9998.574097	10013.698145
-78.427966	9998.886558	10014.002096
-78.405941	9999.195003	10014.302030
-78.383916	9999.503448	10014.601965
-78.361891	9999.811894	10014.901905
-78.339866	10000.120339	10015.201872
-78.317841	10000.421186	10015.494243
-78.295816	10000.720745	10015.785327
-78.273791	10001.020304	10016.076411
-78.251766	10001.319862	10016.367515
-78.229741	10001.616617	10016.655828
-78.207716	10001.907304	10016.938073
-78.185691	10002.197990	10017.220318
-78.163666	10002.488676	10017.502566
-78.141641	10002.779362	10017.784843
-78.119616	10003.064886	10018.061958
-78.097591	10003.348928	10018.337591
-78.075566	10003.632970	10018.613223
-78.053541	10003.917012	10018.888873
-78.031516	10004.198425	10019.161910
-78.009491	10004.471368	10019.426478
-77.987466	10004.744309	10019.691045
-77.965441	10005.017250	10019.955613
-77.943417	10005.290191	10020.220210
-77.921392	10005.560035	10020.481713
-77.899367	10005.828533	10020.741870
-77.877342	10006.097031	10021.002027
-77.855317	10006.365529	10021.262200
-77.833292	10006.632625	10021.520987
-77.811267	10006.892264	10021.772316
-77.789242	10007.151903	10022.023645
-77.767217	10007.411542	10022.274975
-77.745192	10007.671180	10022.526333
-77.723167	10007.925330	10022.772206
-77.701142	10008.176083	10023.014684
-77.679117	10008.426836	10023.257162
-77.657092	10008.677588	10023.499652
-77.635067	10008.927990	10023.741811
-77.613042	10009.174314	10023.979891
-77.591017	10009.420637	10024.217970
-77.568992	10009.666961	10024.456051
-77.546967	10009.913284	10024.694157
-77.524942	10010.154821	10024.927483
-77.502917	10010.392258	10025.156710
-77.480892	10010.629696	10025.385939
-77.458867	10010.867133	10025.615176
-77.436842	10011.104570	10025.844436
-77.414817	10011.335362	10026.067050
-77.392793	10011.566156	10026.289665
-77.370768	10011.796949	10026.512279
-77.348743	10012.027742	10026.734918
-77.326718	10012.254451	10026.953481
-77.304693	10012.476358	10027.167244
-77.282668	10012.698265	10027.381006
-77.260643	10012.920172	10027.594776
-77.238618	10013.142079	10027.808570
-77.216593	10013.359907	10028.018284
-77.194568	10013.577385	10028.227648
-77.172543	10013.794863	10028.437013
-77.150518	10014.012341	10028.646398
-77.128493	10014.227283	10028.853258
-77.106468	10014.438090	10029.055984
-77.084443	10014.648896	10029.258711
-77.062418	10014.859703	10029.461443
-77.040393	10015.070510	10029.664201
-77.018368	10015.275716	10029.861358
-76.996343	10015.479865	10030.057459
-76.974318	10015.684014	10030.253560
-76.952293	10015.888163	10030.449681
-76.930268	10016.090302	10030.643803
-76.908243	10016.287808	10030.833290
-76.886218	10016.485313	10031.022778
-76.864193	10016.682818	10031.212267
-76.842168	10016.880323	10031.401785
-76.820144	10017.074437	10031.587913
-76.798119	10017.267486	10031.772978
-76.776094	10017.460535	10031.958043
-76.754069	10017.653584	10032.143123
-76.732044	10017.845150	10032.326735
-76.710019	10018.031554	10032.505185
-76.687994	10018.217959	10032.683635
-76.665969	10018.404364	10032.862087
-76.643944	10018.590768	10033.040566
-76.621919	10018.772621	10033.214495
-76.599894	10018.952354	10033.386307
-76.577869	10019.132088	10033.558120
-76.555844	10019.311822	10033.729946
-76.533819	10019.490917	10033.901150
-76.511794	10019.666210	10034.068553
-76.489769	10019.841501	10034.235954
-76.467744	10020.016793	10034.403355
-76.445719	10020.192084	10034.570783
-76.423694	10020.363357	10034.734197
-76.401669	10020.532004	10034.894983
-76.379644	10020.700651	10035.055769
-76.357619	10020.869298	10035.216567
-76.335594	10021.037657	10035.377095
-76.313569	10021.201855	10035.533464
-76.291544	10021.366046	10035.689827
-76.269520	10021.530237	10035.846190
-76.247495	10021.694427	10036.002578
-76.225470	10021.855124	10036.155477
-76.203445	10022.012657	10036.305213
-76.181420	10022.170190	10036.454949
-76.159395	10022.327724	10036.604694
-76.137370	10022.485257	10036.754460
-76.115345	10022.640598	10036.902035
-76.093320	10022.795904	10037.049574
-76.071295	10022.951210	10037.197114
-76.049270	10023.106515	10037.344676
-76.027245	10023.258853	10037.489277
-76.005220	10023.407501	10037.630189
-75.983195	10023.556149	10037.771102
-75.961170	10023.704798	10037.912021
-75.939145	10023.853446	10038.052963
-75.917120	10023.996060	10038.187872
-75.895095	10024.138051	10038.322157
-75.873070	10024.280042	10038.456443
-75.851045	10024.422032	10038.590748
-75.829020	10024.563209	10038.724249
-75.806995	10024.702972	10038.856337
-75.784970	10024.842735	10038.988425
-75.762945	10024.982498	10039.120517
-75.740920	10025.122261	10039.252635
-75.718895	10025.258351	10039.381080
-75.696871	10025.393672	10039.508755
-75.674846	10025.528992	10039.636431
-75.652821	10025.664313	10039.764125
-75.630796	10025.797718	10039.889914
-75.608771	10025.926381	10040.010963
-75.586746	10026.055044	10040.132012
-75.564721	10026.183707	10040.253062
-75.542696	10026.312370	10040.374139
-75.520671	10026.439370	10040.493553
-75.498646	10026.565805	10040.612404
-75.476621	10026.692241	10040.731255
-75.454596	10026.818677	10040.850121
-75.432571	10026.944186	10040.968074
-75.410546	10027.066180	10041.082514
-75.388521	10027.188173	10041.196952
-75.366496	10027.310166	10041.311391
-75.344471	10027.432159	10041.425856
-75.322446	10027.551181	10041.537353
-75.300421	10027.668731	10041.647378
-75.278396	10027.786282	10041.757404
-75.256371	10027.903832	10041.867442
-75.234346	10028.020807	10041.976919
-75.212321	10028.133906	10042.082525
-75.190296	10028.247001	10042.188125
-75.168271	10028.360095	10042.293726
-75.146246	10028.473189	10042.399352
-75.124222	10028.583668	10042.502365
-75.102197	10028.692333	10042.603564
-75.080172	10028.800999	10042.704764
-75.058147	10028.909664	10042.805973
-75.036122	10029.018216	10042.907088
-75.014097	10029.124648	10043.006084
-74.992072	10029.231073	10043.105073
-74.970047	10029.337497	10043.204063
-74.948022	10029.443922	10043.303075
-74.925997	10029.548081	10043.399827
-74.903972	10029.650076	10043.494415
-74.881947	10029.752072	10043.589003
-74.859922	10029.854067	10043.683599
-74.837897	10029.956062	10043.778215
-74.815872	10030.053736	10043.868510
-74.793847	10030.151275	10043.958673
-74.771822	10030.248815	10044.048835
-74.749797	10030.346354	10044.139019
-74.727772	10030.442935	10044.228251
-74.705747	10030.538246	10044.316215
-74.683722	10030.633558	10044.404179
-74.661697	10030.728870	10044.492148
-74.639672	10030.824182	10044.580140
-74.617647	10030.917517	10044.666155
-74.595622	10031.010615	10044.751932
-74.573598	10031.103713	10044.837709
-74.551573	10031.196811	10044.923505
-74.529548	10031.288344	10045.007744
-74.507523	10031.376986	10045.089096
-74.485498	10031.465628	10045.170447
-74.463473	10031.554271	10045.251803
-74.441448	10031.642913	10045.333182
-74.419423	10031.727944	10045.410951
-74.397398	10031.812144	10045.487888
-74.375373	10031.896343	10045.564826
-74.353348	10031.980543	10045.641780
-74.331323	10032.064135	10045.718138
-74.309298	10032.146095	10045.792866
-74.287273	10032.228053	10045.867593
-74.265248	10032.310012	10045.942321
-74.243223	10032.391970	10046.017075
-74.221198	10032.472302	10046.090202
-74.199173	10032.552047	10046.162742
-74.177148	10032.631792	10046.235281
-74.155123	10032.711536	10046.307835
-74.133098	10032.790849	10046.379970
-74.111073	10032.868368	10046.450311
-74.089048	10032.945885	10046.520652
-74.067023	10033.023403	10046.590993
-74.044998	10033.100920	10046.661358
-74.022973	10033.175525	10046.728814
-74.000949	10033.248586	10046.794728
-73.978924	10033.321647	10046.860642
-73.956899	10033.394708	10046.926568
-73.934874	10033.467513	10046.992253
-73.912849	10033.538360	10047.055979
-73.890824	10033.609207	10047.119705
-73.868799	10033.680055	10047.183432
-73.846774	10033.750902	10047.247182
-73.824749	10033.820467	10047.309653
-73.802724	10033.889073	10047.371168
-73.780699	10033.957679	10047.432683
-73.758674	10034.026286	10047.494207
-73.736649	10034.094810	10047.555667
-73.714624	10034.161193	10047.614986
-73.692599	10034.227572	10047.674301
-73.670574	10034.293951	10047.733616
-73.648549	10034.360330	10047.792953
-73.626524	10034.425606	10047.851192
-73.604499	10034.489757	10047.908307
-73.582474	10034.553909	10047.965423
-73.560449	10034.618060	10048.022545
-73.538424	10034.682212	10048.079687
-73.516399	10034.744235	10048.134701
-73.494374	10034.806159	10048.189616
-73.472349	10034.868083	10048.244532
-73.450324	10034.930007	10048.299467
-73.428300	10034.990078	10048.352555
-73.406275	10035.047559	10048.403055
-73.384250	10035.105041	10048.453556
-73.362225	10035.162523	10048.504061
-73.340200	10035.220005	10048.554588
-73.318175	10035.277480	10048.605108
-73.296150	10035.334949	10048.655624
-73.274125	10035.392419	10048.706139
-73.252100	10035.449888	10048.756671
-73.230075	10035.506607	10048.806462
-73.208050	10035.561835	10048.854765
-73.186025	10035.617063	10048.903068
-73.164000	10035.672292	10048.951374
-73.141975	10035.727520	10048.999704
-73.119950	10035.779201	10049.044486
-73.097925	10035.829987	10049.088373
-73.075900	10035.880773	10049.132261
-73.053875	10035.931559	10049.176164
-73.031850	10035.982345	10049.220078
-73.009825	10036.033133	10049.263992
-72.987800	10036.083920	10049.307906
-72.965775	10036.134707	10049.351821
-72.943750	10036.185495	10049.395761
-72.921725	10036.234676	10049.438096
-72.899700	10036.283223	10049.479797
-72.877676	10036.331769	10049.521499
-72.855651	10036.380315	10049.563214
-72.833626	10036.428862	10049.604941
-72.811601	10036.477398	10049.646659
-72.789576	10036.525932	10049.688375
-72.767551	10036.574466	10049.730092
-72.745526	10036.623000	10049.771832
-72.723501	10036.668684	10049.810725
-72.701476	10036.712763	10049.848013
-72.679451	10036.756841	10049.885302
-72.657426	10036.800919	10049.922601
-72.635401	10036.844997	10049.959915
-72.613376	10036.889076	10049.997229
-72.591351	10036.933155	10050.034543
-72.569326	10036.977235	10050.071858
-72.547301	10037.021314	10050.109194
-72.525276	10037.064142	10050.145283
-72.503251	10037.105981	10050.180384
-72.481226	10037.147819	10050.215486
-72.459201	10037.189658	10050.250596
-72.437176	10037.231446	10050.285672
-72.415151	10037.271070	10050.318584
-72.393126	10037.310695	10050.351496
-72.371101	10037.350320	10050.384408
-72.349076	10037.389944	10050.417340
-72.327051	10037.429565	10050.450274
-72.305027	10037.469164	10050.483188
-72.283002	10037.508763	10050.516102
-72.260977	10037.548362	10050.549022
-72.238952	10037.587961	10050.581962
-72.216927	10037.625462	10050.612803
-72.194902	10037.662834	10050.643516
-72.172877	10037.700205	10050.674229
-72.150852	10037.737577	10050.704959
-72.128827	10037.774051	10050.734800
-72.106802	10037.809182	10050.763300
-72.084777	10037.844313	10050.791799
-72.062752	10037.879443	10050.820303
-72.040727	10037.914574	10050.848828
-72.018702	10037.949705	10050.877352
-71.996677	10037.984837	10050.905877
-71.974652	10038.019969	10050.934401
-71.952627	10038.055101	10050.962942
-71.930602	10038.089513	10050.990771
-71.908577	10038.122404	10051.017083
-71.886552	10038.155295	10051.043394
-71.864527	10038.188186	10051.069707
-71.842502	10038.221077	10051.096043
-71.820477	10038.253963	10051.122374
-71.798452	10038.286841	10051.148698
-71.776427	10038.319720	10051.175023
-71.754402	10038.352599	10051.201361
-71.732378	10038.384933	10051.227165
-71.710353	10038.415586	10051.251289
-71.688328	10038.446238	10051.275411
-71.666303	10038.476889	10051.299535
-71.644278	10038.507541	10051.323682
-71.622253	10038.536623	10051.346260
-71.600228	10038.565048	10051.368180
-71.578203	10038.593472	10051.390101
-71.556178	10038.621896	10051.412033
-71.534153	10038.650320	10051.433978
-71.512128	10038.678734	10051.455913
-71.490103	10038.707146	10051.477846
-71.468078	10038.735558	10051.499781
-71.446053	10038.763969	10051.521736
-71.424028	10038.792374	10051.543687
-71.402003	10038.820760	10051.565621
-71.379978	10038.849146	10051.587556
-71.357953	10038.877532	10051.609500
-71.335928	10038.905724	10051.631265
-71.313903	10038.931886	10051.651000
-71.291878	10038.958045	10051.670732
-71.269853	10038.984204	10051.690464
-71.247828	10039.010363	10051.710217
-71.225803	10039.036519	10051.729971
-71.203778	10039.062666	10051.749716
-71.181754	10039.088813	10051.769460
-71.159729	10039.114960	10051.789213
-71.137704	10039.141087	10051.808963
-71.115679	10039.165010	10051.826509
-71.093654	10039.188930	10051.844051
-71.071629	10039.212849	10051.861593
-71.049604	10039.236768	10051.879154
-71.027579	10039.260686	10051.896719
-71.005554	10039.284593	10051.914273
-70.983529	10039.308501	10051.931828
-70.961504	10039.332408	10051.949389
-70.939479	10039.356315	10051.966967
-70.917454	10039.378148	10051.982473
-70.895429	10039.399814	10051.997813
-70.873404	10039.421481	10052.013153
-70.851379	10039.443147	10052.028510
-70.829354	10039.465676	10052.044737
-70.807329	10039.489546	10052.062305
-70.785304	10039.513415	10052.079872
-70.763279	10039.537284	10052.097444
-70.741254	10039.561154	10052.115035
-70.719229	10039.583133	10052.130736
-70.697204	10039.604775	10052.146101
-70.675179	10039.626417	10052.161465
-70.653154	10039.648059	10052.176845
-70.631129	10039.669012	10052.191544
-70.609105	10039.688414	10052.204694
-70.587080	10039.707815	10052.217844
-70.565055	10039.727216	10052.230996
-70.543030	10039.746617	10052.244169
-70.521005	10039.766019	10052.257343
-70.498980	10039.785421	10052.270516
-70.476955	10039.804824	10052.283690
-70.454930	10039.824227	10052.296876
-70.432905	10039.843629	10052.310073
-70.410880	10039.863009	10052.323248
-70.388855	10039.882385	10052.336422
-70.366830	10039.901762	10052.349597
-70.344805	10039.921139	10052.362793
-70.322780	10039.940511	10052.375985
-70.300755	10039.959876	10052.389170
-70.278730	10039.979240	10052.402356
-70.256705	10039.998605	10052.415552
-70.234680	10040.017632	10052.428422
-70.212655	10040.034760	10052.439396
-70.190630	10040.051884	10052.450366
-70.168605	10040.069008	10052.461337
-70.146580	10040.086131	10052.472328
-70.124555	10040.103256	10052.483321
-70.102530	10040.120381	10052.494315
-70.080505	10040.137506	10052.505308
-70.058480	10040.154632	10052.516310
-70.036456	10040.171757	10052.527327
-70.014431	10040.188863	10052.538326
-69.992406	10040.205963	10052.549319
-69.970381	10040.223062	10052.560312
-69.948356	10040.240162	10052.571325
-69.926331	10040.257259	10052.582338
-69.904306	10040.274346	10052.593343
-69.882281	10040.291434	10052.604347
-69.860256	10040.308521	10052.615359
-69.838231	10040.325609	10052.626386
-69.816206	10040.340476	10052.635195
-69.794181	10040.355323	10052.643984
-69.772156	10040.370169	10052.652773
-69.750131	10040.385016	10052.661579
-69.728106	10040.399863	10052.670390
-69.706081	10040.414711	10052.679202
-69.684056	10040.429559	10052.688014
-69.662031	10040.444407	10052.696831
-69.640006	10040.459254	10052.705665
-69.617981	10040.476115	10052.716514
-69.595956	10040.493153	10052.727540
-69.573931	10040.510191	10052.738566
-69.551906	10040.527228	10052.749608
-69.529881	10040.542600	10052.758991
-69.507856	10040.555195	10052.765598
-69.485832	10040.567790	10052.772205
-69.463807	10040.580385	10052.778815
-69.441782	10040.592980	10052.785445
-69.419757	10040.607415	10052.793915
-69.397732	10040.622199	10052.802736
-69.375707	10040.636984	10052.811558
-69.353682	10040.651769	10052.820392
-69.331657	10040.666553	10052.829236
-69.309632	10040.681326	10052.838068
-69.287607	10040.696098	10052.846900
-69.265582	10040.710871	10052.855734
-69.243557	10040.725643	10052.864588
-69.221532	10040.738733	10052.871760
-69.199507	10040.751278	10052.878388
-69.177482	10040.763823	10052.885015
-69.155457	10040.776369	10052.891655
-69.133432	10040.788914	10052.898305
-69.111407	10040.801449	10052.904944
-69.089382	10040.813982	10052.911582
-69.067357	10040.826515	10052.918222
-69.045332	10040.839048	10052.924881
-69.023307	10040.851573	10052.931533
-69.001282	10040.864080	10052.938170
-68.979257	10040.876588	10052.944807
-68.957232	10040.889095	10052.951454
-68.935207	10040.901603	10052.958113
-68.913183	10040.914101	10052.964763
-68.891158	10040.926596	10052.971410
-68.869133	10040.939091	10052.978058
-68.847108	10040.951587	10052.984725
-68.825083	10040.964079	10052.991391
-68.803058	10040.976562	10052.998049
-68.781033	10040.989046	10053.004707
-68.759008	10041.001529	10053.011373
-68.736983	10041.013881	10053.017920
-68.714958	10041.024140	10053.022376
-68.692933	10041.034396	10053.026829
-68.670908	10041.044653	10053.031283
-68.648883	10041.054909	10053.035753
-68.626858	10041.066312	10053.041375
-68.604833	10041.078757	10053.048042
-68.582808	10041.091203	10053.054708
-68.560783	10041.103649	10053.061381
-68.538758	10041.116095	10053.068069
-68.516733	10041.126361	10053.072578
-68.494708	10041.136579	10053.077039
-68.472683	10041.146798	10053.081501
-68.450658	10041.157016	10053.085978
-68.428633	10041.168209	10053.091435
-68.406608	10041.180617	10053.098110
-68.384583	10041.193025	10053.104785
-68.362559	10041.205433	10053.111464
-68.340534	10041.217841	10053.118160
-68.318509	10041.228246	10053.122853
-68.296484	10041.238426	10053.127323
-68.274459	10041.248607	10053.131793
-68.252434	10041.258788	10053.136276
-68.230409	10041.268969	10053.140767
-68.208384	10041.279137	10053.145246
-68.186359	10041.289306	10053.149726
-68.164334	10041.299475	10053.154208
-68.142309	10041.309643	10053.158708
-68.120284	10041.319806	10053.163203
-68.098259	10041.329963	10053.167692
-68.076234	10041.340120	10053.172181
-68.054209	10041.350277	10053.176683
-68.032184	10041.360434	10053.181193
-68.010159	10041.370566	10053.185681
-67.988134	10041.380697	10053.190168
-67.966109	10041.390828	10053.194657
-67.944084	10041.400959	10053.199165
-67.922059	10041.411086	10053.203668
-67.900034	10041.421205	10053.208164
-67.878009	10041.431324	10053.212661
-67.855984	10041.441443	10053.217168
-67.833959	10041.451563	10053.221685
-67.811934	10041.461659	10053.226183
-67.789910	10041.471753	10053.230677
-67.767885	10041.481846	10053.235172
-67.745860	10041.491940	10053.239686
-67.723835	10041.502034	10053.244201
-67.701810	10041.512129	10053.248716
-67.679785	10041.522224	10053.253231
-67.657760	10041.532320	10053.257756
-67.635735	10041.542139	10053.262016
-67.613710	10041.549988	10053.264309
-67.591685	10041.557829	10053.266596
-67.569660	10041.565670	10053.268882
-67.547635	10041.573511	10053.271186
-67.525610	10041.582648	10053.274789
-67.503585	10041.592706	10053.279311
-67.481560	10041.602763	10053.283833
-67.459535	10041.612821	10053.288362
-67.437510	10041.622878	10053.292905
-67.415485	10041.632917	10053.297431
-67.393460	10041.642950	10053.301950
-67.371435	10041.652982	10053.306470
-67.349410	10041.663014	10053.311006
-67.327385	10041.671923	10053.314424
-67.305360	10041.679728	10053.316737
-67.283335	10041.687533	10053.319050
-67.261310	10041.695338	10053.321370
-67.239285	10041.703143	10053.323703
-67.217261	10041.713072	10053.328163
-67.195236	10041.723067	10053.332688
-67.173211	10041.733061	10053.337214
-67.151186	10041.743056	10053.341755
-67.129161	10041.752103	10053.345354
-67.107136	10041.759871	10053.347674
-67.085111	10041.767639	10053.349993
-67.063086	10041.775406	10053.352317
-67.041061	10041.783174	10053.354657
-67.019036	10041.790935	10053.356990
-66.997011	10041.798690	10053.359318
-66.974986	10041.806446	10053.361647
-66.952961	10041.814202	10053.363988
-66.930936	10041.822727	10053.367106
-66.908911	10041.832672	10053.371647
-66.886886	10041.842617	10053.376187
-66.864861	10041.852562	10053.380730
-66.842836	10041.862507	10053.385290
-66.820811	10041.870656	10053.388055
-66.798786	10041.878374	10053.390389
-66.776761	10041.886092	10053.392723
-66.754736	10041.893810	10053.395068
-66.732711	10041.901528	10053.397422
-66.710686	10041.909235	10053.399765
-66.688661	10041.916941	10053.402107
-66.666637	10041.924647	10053.404451
-66.644612	10041.932354	10053.406813
-66.622587	10041.940050	10053.409166
-66.600562	10041.947730	10053.411505
-66.578537	10041.955411	10053.413844
-66.556512	10041.963091	10053.416193
-66.534487	10041.970772	10053.418552
-66.512462	10041.978442	10053.420901
-66.490437	10041.986111	10053.423249
-66.468412	10041.993780	10053.425597
-66.446387	10042.001449	10053.427963
-66.424362	10042.009110	10053.430323
-66.402337	10042.016753	10053.432667
-66.380312	10042.024396	10053.435011
-66.358287	10042.032039	10053.437363
-66.336262	10042.039682	10053.439727
-66.314237	10042.047316	10053.442082
-66.292212	10042.054947	10053.444434
-66.270187	10042.062579	10053.446786
-66.248162	10042.070210	10053.449156
-66.226137	10042.077838	10053.451525
-66.204112	10042.085458	10053.453885
-66.182087	10042.093078	10053.456246
-66.160062	10042.100697	10053.458613
-66.138037	10042.108317	10053.460993
-66.116012	10042.115918	10053.463356
-66.093988	10042.123512	10053.465713
-66.071963	10042.131106	10053.468070
-66.049938	10042.138700	10053.470442
-66.027913	10042.146292	10053.472816
-66.005888	10042.153874	10053.475181
-65.983863	10042.161456	10053.477546
-65.961838	10042.169038	10053.479916
-65.939813	10042.176620	10053.482300
-65.917788	10042.184187	10053.484669
-65.895763	10042.191743	10053.487030
-65.873738	10042.199300	10053.489391
-65.851713	10042.206856	10053.491766
-65.829688	10042.214412	10053.494145
-65.807663	10042.221957	10053.496514
-65.785638	10042.229501	10053.498882
-65.763613	10042.237046	10053.501255
-65.741588	10042.244591	10053.503643
-65.719563	10042.250195	10053.504090
-65.697538	10042.255513	10053.504252
-65.675513	10042.260831	10053.504413
-65.653488	10042.266149	10053.504587
-65.631463	10042.272206	10053.505506
-65.609438	10042.279713	10053.507878
-65.587413	10042.287221	10053.510251
-65.565388	10042.294728	10053.512625
-65.543363	10042.302236	10053.515017
-65.521339	10042.309731	10053.517397
-65.499314	10042.317213	10053.519766
-65.477289	10042.324695	10053.522134
-65.455264	10042.332177	10053.524513
-65.433239	10042.339096	10053.526336
-65.411214	10042.344364	10053.526509
-65.389189	10042.349633	10053.526681
-65.367164	10042.354902	10053.526855
-65.345139	10042.360171	10053.527046
-65.323114	10042.367008	10053.528807
-65.301089	10042.374453	10053.531178
-65.279064	10042.381897	10053.533550
-65.257039	10042.389342	10053.535931
-65.235014	10042.396787	10053.538321
-65.212989	10042.404233	10053.540711
-65.190964	10042.411679	10053.543102
-65.168939	10042.419126	10053.545493
-65.146914	10042.426573	10053.547901
-65.124889	10042.432603	10053.548895
-65.102864	10042.437809	10053.549066
-65.080839	10042.443016	10053.549237
-65.058814	10042.448222	10053.549416
-65.036789	10042.453428	10053.549605
-65.014764	10042.458615	10053.549777
-64.992739	10042.463796	10053.549944
-64.970715	10042.468976	10053.550111
-64.948690	10042.474157	10053.550293
-64.926665	10042.480568	10053.551709
-64.904640	10042.487952	10053.554097
-64.882615	10042.495336	10053.556486
-64.860590	10042.502720	10053.558881
-64.838565	10042.510066	10053.561250
-64.816540	10042.515227	10053.561435
-64.794515	10042.520384	10053.561615
-64.772490	10042.525541	10053.561796
-64.750465	10042.530698	10053.561991
-64.728440	10042.536910	10053.563245
-64.706415	10042.544257	10053.565636
-64.684390	10042.551604	10053.568027
-64.662365	10042.558950	10053.570423
-64.640340	10042.566297	10053.572833
-64.618315	10042.571559	10053.573157
-64.596290	10042.576679	10053.573340
-64.574265	10042.581799	10053.573523
-64.552240	10042.586919	10053.573719
-64.530215	10042.592037	10053.573919
-64.508190	10042.597132	10053.574097
-64.486165	10042.602227	10053.574275
-64.464140	10042.607321	10053.574456
-64.442115	10042.612416	10053.574652
-64.420090	10042.617497	10053.574836
-64.398066	10042.622567	10053.575009
-64.376041	10042.627636	10053.575183
-64.354016	10042.632705	10053.575367
-64.331991	10042.637775	10053.575558
-64.309966	10042.642846	10053.575750
-64.287941	10042.647917	10053.575941
-64.265916	10042.652988	10053.576135
-64.243891	10042.658060	10053.576344
-64.221866	10042.663113	10053.576538
-64.199841	10042.668146	10053.576713
-64.177816	10042.673178	10053.576888
-64.155791	10042.678210	10053.577073
-64.133766	10042.683243	10053.577265
-64.111741	10042.688277	10053.577458
-64.089716	10042.693311	10053.577651
-64.067691	10042.698345	10053.577845
-64.045666	10042.703379	10053.578055
-64.023641	10042.708398	10053.578253
-64.001616	10042.713394	10053.578429
-63.979591	10042.718389	10053.578605
-63.957566	10042.723384	10053.578790
-63.935541	10042.728380	10053.578984
-63.913516	10042.733376	10053.579178
-63.891491	10042.738374	10053.579372
-63.869466	10042.743371	10053.579567
-63.847441	10042.748368	10053.579777
-63.825417	10042.753354	10053.579979
-63.803392	10042.758312	10053.580156
-63.781367	10042.763271	10053.580333
-63.759342	10042.768229	10053.580517
-63.737317	10042.773187	10053.580712
-63.715292	10042.778147	10053.580907
-63.693267	10042.783107	10053.581102
-63.671242	10042.788067	10053.581298
-63.649217	10042.793027	10053.581508
-63.627192	10042.796780	10053.580513
-63.605167	10042.799500	10053.578488
-63.583142	10042.802220	10053.576462
-63.561117	10042.804940	10053.574443
-63.539092	10042.807666	10053.572442
-63.517067	10042.812584	10053.572633
-63.495042	10042.817494	10053.572817
-63.473017	10042.822403	10053.573001
-63.450992	10042.827313	10053.573199
-63.428967	10042.832221	10053.573399
-63.406942	10042.837119	10053.573589
-63.384917	10042.842017	10053.573779
-63.362892	10042.846915	10053.573973
-63.340867	10042.851813	10053.574180
-63.318842	10042.854649	10053.572327
-63.296817	10042.857307	10053.570297
-63.274793	10042.859965	10053.568266
-63.252768	10042.862623	10053.566248
-63.230743	10042.866131	10053.565085
-63.208718	10042.870992	10053.565275
-63.186693	10042.875853	10053.565466
-63.164668	10042.880714	10053.565659
-63.142643	10042.885575	10053.565866
-63.120618	10042.888552	10053.564190
-63.098593	10042.891173	10053.562160
-63.076568	10042.893793	10053.560129
-63.054543	10042.896414	10053.558109
-63.032518	10042.899035	10053.556096
-63.010493	10042.901631	10053.554060
-62.988468	10042.904226	10053.552023
-62.966443	10042.906822	10053.549988
-62.944418	10042.909417	10053.547969
-62.922393	10042.913710	10053.547645
-62.900368	10042.918522	10053.547841
-62.878343	10042.923335	10053.548037
-62.856318	10042.928148	10053.548243
-62.834293	10042.932459	10053.547954
-62.812268	10042.935022	10053.545921
-62.790243	10042.937581	10053.543884
-62.768218	10042.940140	10053.541848
-62.746193	10042.942698	10053.539828
-62.724168	10042.945253	10053.537804
-62.702144	10042.947800	10053.535772
-62.680119	10042.950347	10053.533741
-62.658094	10042.952895	10053.531718
-62.636069	10042.955442	10053.529703
-62.614044	10042.957980	10053.527680
-62.592019	10042.960515	10053.525654
-62.569994	10042.963051	10053.523629
-62.547969	10042.965586	10053.521618
-62.525944	10042.968115	10053.519603
-62.503919	10042.970625	10053.517571
-62.481894	10042.973135	10053.515539
-62.459869	10042.975646	10053.513513
-62.437844	10042.978156	10053.511498
-62.415819	10042.980648	10053.509466
-62.393794	10042.983133	10053.507427
-62.371769	10042.985619	10053.505389
-62.349744	10042.988104	10053.503365
-62.327719	10042.990587	10053.501341
-62.305694	10042.993060	10053.499308
-62.283669	10042.995534	10053.497275
-62.261644	10042.998007	10053.495247
-62.239619	10043.000481	10053.493231
-62.217594	10043.002938	10053.491199
-62.195569	10043.005387	10053.489159
-62.173544	10043.007835	10053.487120
-62.151520	10043.010284	10053.485093
-62.129495	10043.012731	10053.483069
-62.107470	10043.015168	10053.481035
-62.085445	10043.017605	10053.479001
-62.063420	10043.020042	10053.476970
-62.041395	10043.022479	10053.474952
-62.019370	10043.022886	10053.470906
-61.997345	10043.023083	10053.466650
-61.975320	10043.023279	10053.462394
-61.953295	10043.023476	10053.458149
-61.931270	10043.024493	10053.454730
-61.909245	10043.026893	10053.452694
-61.887220	10043.029293	10053.450658
-61.865195	10043.031694	10053.448625
-61.843170	10043.034094	10053.446606
-61.821145	10043.036482	10053.444575
-61.799120	10043.038857	10053.442532
-61.777095	10043.041232	10053.440490
-61.755070	10043.043608	10053.438457
-61.733045	10043.045338	10053.435786
-61.711020	10043.045487	10053.431534
-61.688995	10043.045635	10053.427281
-61.666970	10043.045784	10053.423030
-61.644945	10043.045933	10053.418794
-61.622920	10043.046065	10053.414543
-61.600895	10043.046175	10053.410272
-61.578871	10043.046285	10053.406000
-61.556846	10043.046395	10053.401738
-61.534821	10043.046975	10053.397953
-61.512796	10043.049301	10053.395913
-61.490771	10043.051629	10053.393874
-61.468746	10043.053956	10053.391835
-61.446721	10043.056283	10053.389811
-61.424696	10043.057107	10053.386286
-61.402671	10043.057181	10053.382012
-61.380646	10043.057254	10053.377739
-61.358621	10043.057328	10053.373473
-61.336596	10043.057401	10053.369216
-61.314571	10043.057476	10053.364959
-61.292546	10043.057552	10053.360702
-61.270521	10043.057627	10053.356446
-61.248496	10043.057702	10053.352203
-61.226471	10043.057767	10053.347953
-61.204446	10043.057804	10053.343677
-61.182421	10043.057841	10053.339402
-61.160396	10043.057878	10053.335132
-61.138371	10043.057915	10053.330872
-61.116346	10043.057944	10053.326604
-61.094321	10043.057969	10053.322333
-61.072296	10043.057995	10053.318062
-61.050271	10043.058020	10053.313805
-61.028246	10043.058041	10053.309545
-61.006222	10043.058041	10053.305267
-60.984197	10043.058042	10053.300989
-60.962172	10043.058043	10053.296715
-60.940147	10043.058043	10053.292453
-60.918122	10043.058036	10053.288183
-60.896097	10043.058025	10053.283909
-60.874072	10043.058014	10053.279635
-60.852047	10043.058003	10053.275373
-60.830022	10043.057990	10053.271113
-60.807997	10043.057954	10053.266832
-60.785972	10043.057918	10053.262550
-60.763947	10043.057882	10053.258273
-60.741922	10043.057846	10053.254007
-60.719897	10043.057803	10053.249735
-60.697872	10043.057756	10053.245458
-60.675847	10043.057708	10053.241182
-60.653822	10043.057661	10053.236916
-60.631797	10043.057613	10053.232654
-60.609772	10043.057526	10053.228357
-60.587747	10043.057440	10053.224061
-60.565722	10043.057354	10053.219768
-60.543697	10043.057268	10053.215487
-60.521672	10043.055374	10053.209398
-60.499647	10043.053075	10053.202903
-60.477622	10043.050776	10053.196408
-60.455598	10043.048478	10053.189922
-60.433573	10043.046793	10053.184056
-60.411548	10043.046672	10053.179759
-60.389523	10043.046550	10053.175459
-60.367498	10043.046427	10053.171161
-60.345473	10043.046305	10053.166877
-60.323448	10043.044544	10053.160955
-60.301423	10043.042196	10053.154444
-60.279398	10043.039847	10053.147934
-60.257373	10043.037498	10053.141432
-60.235348	10043.035588	10053.135376
-60.213323	10043.035433	10053.131076
-60.191298	10043.035274	10053.126773
-60.169273	10043.035115	10053.122471
-60.147248	10043.034957	10053.118182
-60.125223	10043.033336	10053.112432
-60.103198	10043.030951	10053.105918
-60.081173	10043.028566	10053.099404
-60.059148	10043.026180	10053.092897
-60.037123	10043.023795	10053.086398
-60.015098	10043.021391	10053.079881
-59.993073	10043.018981	10053.073359
-59.971048	10043.016571	10053.066838
-59.949023	10043.014161	10053.060330
-59.926998	10043.013031	10053.055104
-59.904973	10043.012825	10053.050801
-59.882949	10043.012619	10053.046498
-59.860924	10043.012413	10053.042200
-59.838899	10043.012118	10053.037824
-59.816874	10043.009670	10053.031297
-59.794849	10043.007210	10053.024759
-59.772824	10043.004750	10053.018222
-59.750799	10043.002290	10053.011697
-59.728774	10042.999828	10053.005172
-59.706749	10042.997357	10052.998638
-59.684724	10042.994885	10052.992104
-59.662699	10042.992414	10052.985575
-59.640674	10042.989943	10052.979056
-59.618649	10042.987465	10052.972530
-59.596624	10042.984983	10052.966000
-59.574599	10042.982500	10052.959470
-59.552574	10042.980018	10052.952951
-59.530549	10042.977534	10052.946434
-59.508524	10042.975026	10052.939895
-59.486499	10042.972519	10052.933357
-59.464474	10042.970011	10052.926822
-59.442449	10042.967504	10052.920299
-59.420424	10042.964983	10052.913763
-59.398399	10042.962451	10052.907216
-59.376374	10042.959919	10052.900670
-59.354349	10042.957387	10052.894134
-59.332324	10042.954854	10052.887602
-59.310300	10042.952297	10052.881047
-59.288275	10042.949740	10052.874493
-59.266250	10042.947183	10052.867940
-59.244225	10042.944626	10052.861400
-59.222200	10042.942064	10052.854855
-59.200175	10042.939496	10052.848304
-59.178150	10042.936927	10052.841753
-59.156125	10042.934359	10052.835210
-59.134100	10042.931208	10052.828091
-59.112075	10042.926402	10052.819318
-59.090050	10042.921594	10052.810544
-59.068025	10042.916786	10052.801771
-59.046000	10042.911978	10052.793011
-59.023975	10042.908763	10052.785844
-59.001950	10042.906145	10052.779277
-58.979925	10042.903527	10052.772709
-58.957900	10042.900909	10052.766148
-58.935875	10042.898291	10052.759595
-58.913850	10042.895664	10052.753032
-58.891825	10042.893035	10052.746468
-58.869800	10042.890405	10052.739904
-58.847775	10042.887776	10052.733353
-58.825750	10042.883712	10052.725369
-58.803725	10042.878842	10052.716580
-58.781700	10042.873972	10052.707792
-58.759676	10042.869103	10052.699011
-58.737651	10042.864465	10052.690469
-58.715626	10042.861793	10052.683893
-58.693601	10042.859115	10052.677312
-58.671576	10042.856437	10052.670731
-58.649551	10042.853760	10052.664162
-58.627526	10042.851079	10052.657592
-58.605501	10042.848388	10052.651014
-58.583476	10042.845697	10052.644435
-58.561451	10042.843007	10052.637862
-58.539426	10042.840259	10052.631241
-58.517401	10042.835337	10052.622446
-58.495376	10042.830407	10052.613644
-58.473351	10042.825478	10052.604842
-58.451326	10042.820549	10052.596051
-58.429301	10042.816693	10052.588337
-58.407276	10042.813953	10052.581741
-58.385251	10042.811214	10052.575146
-58.363226	10042.808474	10052.568554
-58.341201	10042.805735	10052.561972
-58.319176	10042.800883	10052.553280
-58.297151	10042.795904	10052.544460
-58.275126	10042.790924	10052.535641
-58.253101	10042.785945	10052.526832
-58.231076	10042.780965	10052.518026
-58.209051	10042.775975	10052.509209
-58.187027	10042.770986	10052.500393
-58.165002	10042.765996	10052.491579
-58.142977	10042.761007	10052.482777
-58.120952	10042.757925	10052.475884
-58.098927	10042.755124	10052.469273
-58.076902	10042.752323	10052.462663
-58.054877	10042.749522	10052.456062
-58.032852	10042.745994	10052.448739
-58.010827	10042.740968	10052.439916
-57.988802	10042.735942	10052.431093
-57.966777	10042.730916	10052.422272
-57.944752	10042.725890	10052.413464
-57.922727	10042.720848	10052.404640
-57.900702	10042.715785	10052.395797
-57.878677	10042.710722	10052.386954
-57.856652	10042.705659	10052.378118
-57.834627	10042.700596	10052.369289
-57.812602	10042.695520	10052.360450
-57.790577	10042.690444	10052.351609
-57.768552	10042.685368	10052.342769
-57.746527	10042.680292	10052.333942
-57.724502	10042.676778	10052.326678
-57.702477	10042.673894	10052.320044
-57.680452	10042.671009	10052.313409
-57.658427	10042.668125	10052.306782
-57.636402	10042.664864	10052.299785
-57.614378	10042.659754	10052.290939
-57.592353	10042.654643	10052.282093
-57.570328	10042.649532	10052.273246
-57.548303	10042.644421	10052.264412
-57.526278	10042.639298	10052.255568
-57.504253	10042.634149	10052.246700
-57.482228	10042.628999	10052.237832
-57.460203	10042.623849	10052.228970
-57.438178	10042.618700	10052.220116
-57.416153	10042.613541	10052.211253
-57.394128	10042.608380	10052.202388
-57.372103	10042.603219	10052.193523
-57.350078	10042.598058	10052.184669
-57.328053	10042.592894	10052.175815
-57.306028	10042.587723	10052.166952
-57.284003	10042.582552	10052.158089
-57.261978	10042.577381	10052.149231
-57.239953	10042.572210	10052.140381
-57.217928	10042.567013	10052.131509
-57.195903	10042.561803	10052.122625
-57.173878	10042.556593	10052.113741
-57.151853	10042.551383	10052.104868
-57.129828	10042.546172	10052.095996
-57.107803	10042.540951	10052.087114
-57.085778	10042.535730	10052.078232
-57.063754	10042.530508	10052.069354
-57.041729	10042.525287	10052.060486
-57.019704	10042.520052	10052.051604
-56.997679	10042.514807	10052.042713
-56.975654	10042.509563	10052.033822
-56.953629	10042.504318	10052.024941
-56.931604	10042.499072	10052.016062
-56.909579	10042.493802	10052.007162
-56.887554	10042.488532	10051.998261
-56.865529	10042.483263	10051.989363
-56.843504	10042.477993	10051.980476
-56.821479	10042.472710	10051.971577
-56.799454	10042.467415	10051.962667
-56.777429	10042.462121	10051.953757
-56.755404	10042.456826	10051.944855
-56.733379	10042.451531	10051.935959
-56.711354	10042.446226	10051.927051
-56.689329	10042.440922	10051.918143
-56.667304	10042.435617	10051.909237
-56.645279	10042.430312	10051.900342
-56.623254	10042.424996	10051.891438
-56.601229	10042.419665	10051.882520
-56.579204	10042.414333	10051.873602
-56.557179	10042.409002	10051.864692
-56.535154	10042.403671	10051.855788
-56.513129	10042.398320	10051.846863
-56.491105	10042.392966	10051.837936
-56.469080	10042.387613	10051.829010
-56.447055	10042.382260	10051.820096
-56.425030	10042.376897	10051.811173
-56.403005	10042.371518	10051.802236
-56.380980	10042.366138	10051.793299
-56.358955	10042.360758	10051.784369
-56.336930	10042.355378	10051.775445
-56.314905	10042.349990	10051.766512
-56.292880	10042.344601	10051.757577
-56.270855	10042.339211	10051.748643
-56.248830	10042.333821	10051.739720
-56.226805	10042.328425	10051.730792
-56.204780	10042.323010	10051.721847
-56.182755	10042.317595	10051.712902
-56.160730	10042.312180	10051.703962
-56.138705	10042.306766	10051.695031
-56.116680	10042.301334	10051.686082
-56.094655	10042.295896	10051.677128
-56.072630	10042.290457	10051.668173
-56.050605	10042.285019	10051.659230
-56.028580	10042.279576	10051.650284
-56.006555	10042.274113	10051.641319
-55.984530	10042.268650	10051.632355
-55.962505	10042.263187	10051.623395
-55.940480	10042.257723	10051.614443
-55.918456	10042.252244	10051.605476
-55.896431	10042.246755	10051.596502
-55.874406	10042.241267	10051.587527
-55.852381	10042.235779	10051.578563
-55.830356	10042.230289	10051.569600
-55.808331	10042.224791	10051.560627
-55.786306	10042.219293	10051.551655
-55.764281	10042.213796	10051.542685
-55.742256	10042.208298	10051.533725
-55.720231	10042.202777	10051.524745
-55.698206	10042.197240	10051.515751
-55.676181	10042.191703	10051.506756
-55.654156	10042.186166	10051.497771
-55.632131	10042.180629	10051.488789
-55.610106	10042.175083	10051.479796
-55.588081	10042.169536	10051.470803
-55.566056	10042.163990	10051.461812
-55.544031	10042.158443	10051.452833
-55.522006	10042.152891	10051.443847
-55.499981	10042.147333	10051.434856
-55.477956	10042.141775	10051.425864
-55.455931	10042.136217	10051.416881
-55.433906	10042.130659	10051.407903
-55.411881	10042.125064	10051.398890
-55.389856	10042.119467	10051.389877
-55.367832	10042.113871	10051.380865
-55.345807	10042.108274	10051.371864
-55.323782	10042.104351	10051.364538
-55.301757	10042.100946	10051.357730
-55.279732	10042.097541	10051.350921
-55.257707	10042.094136	10051.344120
-55.235682	10042.090242	10051.336835
-55.213657	10042.084612	10051.327815
-55.191632	10042.078981	10051.318793
-55.169607	10042.073349	10051.309771
-55.147582	10042.067718	10051.300761
-55.125557	10042.062079	10051.291744
-55.103532	10042.056424	10051.282712
-55.081507	10042.050769	10051.273680
-55.059482	10042.045114	10051.264653
-55.037457	10042.039460	10051.255634
-55.015432	10042.033784	10051.246595
-54.993407	10042.028104	10051.237553
-54.971382	10042.022424	10051.228510
-54.949357	10042.016745	10051.219479
-54.927332	10042.011058	10051.210443
-54.905307	10042.005353	10051.201389
-54.883282	10041.999648	10051.192336
-54.861257	10041.993943	10051.183288
-54.839232	10041.988377	10051.174386
-54.817207	10041.984880	10051.167552
-54.795183	10041.981380	10051.160715
-54.773158	10041.977881	10051.153878
-54.751133	10041.974381	10051.147052
-54.729108	10041.969716	10051.139063
-54.707083	10041.963964	10051.129989
-54.685058	10041.958212	10051.120915
-54.663033	10041.952461	10051.111845
-54.641008	10041.946709	10051.102783
-54.618983	10041.940950	10051.093714
-54.596958	10041.935187	10051.084641
-54.574933	10041.929424	10051.075569
-54.552908	10041.923661	10051.066505
-54.530883	10041.918878	10051.058426
-54.508858	10041.915305	10051.051557
-54.486833	10041.911732	10051.044688
-54.464808	10041.908159	10051.037823
-54.442783	10041.904586	10051.030967
-54.420758	10041.898996	10051.022094
-54.398733	10041.893184	10051.013000
-54.376708	10041.887373	10051.003906
-54.354683	10041.881561	10050.994820
-54.332658	10041.876557	10050.986546
-54.310633	10041.872936	10050.979656
-54.288608	10041.869314	10050.972766
-54.266583	10041.865693	10050.965878
-54.244559	10041.862072	10050.959001
-54.222534	10041.856617	10050.950290
-54.200509	10041.850771	10050.941186
-54.178484	10041.844925	10050.932082
-54.156459	10041.839078	10050.922986
-54.134434	10041.833865	10050.914527
-54.112409	10041.830198	10050.907617
-54.090384	10041.826530	10050.900706
-54.068359	10041.822862	10050.893796
-54.046334	10041.819194	10050.886897
-54.024309	10041.813868	10050.878341
-54.002284	10041.807973	10050.869215
-53.980259	10041.802078	10050.860090
-53.958234	10041.796183	10050.850971
-53.936209	10041.790746	10050.842316
-53.914184	10041.787033	10050.835387
-53.892159	10041.783315	10050.828454
-53.870134	10041.779596	10050.821522
-53.848109	10041.775878	10050.814600
-53.826084	10041.772157	10050.807675
-53.804059	10041.768429	10050.800743
-53.782034	10041.764701	10050.793811
-53.760009	10041.760973	10050.786884
-53.737984	10041.756962	10050.779682
-53.715959	10041.750999	10050.770528
-53.693934	10041.745031	10050.761370
-53.671910	10041.739063	10050.752212
-53.649885	10041.733095	10050.743065
-53.627860	10041.728427	10050.735218
-53.605835	10041.724666	10050.728276
-53.583810	10041.720905	10050.721334
-53.561785	10041.717143	10050.714397
-53.539760	10041.713382	10050.707466
-53.517735	10041.709592	10050.700511
-53.495710	10041.705791	10050.693546
-53.473685	10041.701989	10050.686581
-53.451660	10041.698188	10050.679626
-53.429635	10041.694382	10050.672668
-53.407610	10041.690558	10050.665692
-53.385585	10041.686733	10050.658716
-53.363560	10041.682908	10050.651743
-53.341535	10041.679084	10050.644779
-53.319510	10041.675253	10050.637808
-53.297485	10041.671418	10050.630832
-53.275460	10041.667584	10050.623857
-53.253435	10041.663749	10050.616890
-53.231410	10041.659912	10050.609924
-53.209385	10041.656053	10050.602938
-53.187360	10041.652193	10050.595951
-53.165335	10041.648334	10050.588967
-53.143310	10041.644474	10050.581992
-53.121285	10041.640594	10050.574998
-53.099261	10041.636697	10050.567988
-53.077236	10041.632801	10050.560979
-53.055211	10041.628904	10050.553977
-53.033186	10041.625008	10050.546979
-53.011161	10041.621101	10050.539970
-52.989136	10041.617195	10050.532961
-52.967111	10041.613289	10050.525954
-52.945086	10041.609383	10050.518957
-52.923061	10041.607261	10050.513745
-52.901036	10041.605545	10050.508940
-52.879011	10041.603829	10050.504134
-52.856986	10041.602113	10050.499336
-52.834961	10041.599795	10050.493941
-52.812936	10041.595841	10050.486910
-52.790911	10041.591887	10050.479879
-52.768886	10041.587932	10050.472848
-52.746861	10041.583977	10050.465828
-52.724836	10041.580018	10050.458803
-52.702811	10041.576052	10050.451772
-52.680786	10041.572086	10050.444741
-52.658761	10041.568121	10050.437716
-52.636736	10041.564581	10050.431122
-52.614711	10041.562798	10050.426288
-52.592686	10041.561011	10050.421448
-52.570661	10041.559223	10050.416610
-52.548637	10041.557435	10050.411781
-52.526612	10041.554193	10050.405499
-52.504587	10041.550167	10050.398434
-52.482562	10041.546141	10050.391368
-52.460537	10041.542114	10050.384307
-52.438512	10041.538339	10050.377504
-52.416487	10041.536519	10050.372656
-52.394462	10041.534697	10050.367805
-52.372437	10041.532874	10050.362955
-52.350412	10041.531052	10050.358115
-52.328387	10041.529220	10050.353267
-52.306362	10041.527361	10050.348393
-52.284337	10041.525501	10050.343520
-52.262312	10041.523641	10050.338650
-52.240287	10041.521706	10050.333712
-52.218262	10041.517624	10050.326626
-52.196237	10041.513540	10050.319538
-52.174212	10041.509456	10050.312449
-52.152187	10041.505372	10050.305370
-52.130162	10041.502379	10050.299385
-52.108137	10041.500485	10050.294500
-52.086112	10041.498591	10050.289615
-52.064087	10041.496696	10050.284733
-52.042062	10041.494802	10050.279859
-52.020037	10041.492893	10050.274970
-51.998012	10041.490976	10050.270074
-51.975988	10041.489058	10050.265177
-51.953963	10041.487141	10050.260288
-51.931938	10041.485221	10050.255401
-51.909913	10041.483280	10050.250492
-51.887888	10041.481339	10050.245584
-51.865863	10041.479398	10050.240678
-51.843838	10041.477457	10050.235781
-51.821813	10041.475503	10050.230871
-51.799788	10041.473537	10050.225951
-51.777763	10041.471571	10050.221031
-51.755738	10041.469605	10050.216118
-51.733713	10041.467640	10050.211209
-51.711688	10041.465650	10050.206277
-51.689663	10041.463661	10050.201345
-51.667638	10041.461672	10050.196414
-51.645613	10041.459683	10050.191493
-51.623588	10041.457683	10050.186562
-51.601563	10041.455671	10050.181618
-51.579538	10041.453658	10050.176675
-51.557513	10041.451646	10050.171737
-51.535488	10041.450203	10050.167375
-51.513463	10041.450384	10050.164636
-51.491438	10041.450563	10050.161896
-51.469413	10041.450743	10050.159156
-51.447388	10041.450922	10050.156427
-51.425363	10041.449506	10050.152103
-51.403339	10041.447459	10050.147147
-51.381314	10041.445412	10050.142191
-51.359289	10041.443365	10050.137241
-51.337264	10041.441713	10050.132692
-51.315239	10041.441849	10050.129933
-51.293214	10041.441980	10050.127169
-51.271189	10041.442111	10050.124405
-51.249164	10041.442242	10050.121651
-51.227139	10041.440951	10050.117475
-51.205114	10041.438844	10050.112484
-51.183089	10041.436736	10050.107493
-51.161064	10041.434629	10050.102507
-51.139039	10041.432302	10050.097306
-51.117014	10041.427971	10050.090102
-51.094989	10041.423637	10050.082896
-51.072964	10041.419303	10050.075689
-51.050939	10041.414969	10050.068492
-51.028914	10041.420550	10050.071211
-51.006889	10041.433915	10050.081712
-50.984864	10041.447280	10050.092215
-50.962839	10041.460644	10050.102720
-50.940814	10041.473561	10050.112785
-50.918789	10041.464749	10050.101123
-50.896764	10041.455925	10050.089451
-50.874739	10041.447101	10050.077779
-50.852715	10041.438277	10050.066115
-50.830690	10041.429452	10050.054452
-50.808665	10041.420618	10050.042779
-50.786640	10041.411784	10050.031107
-50.764615	10041.402950	10050.019437
-50.742590	10041.394117	10050.007775
-50.720565	10041.406115	10050.016945
-50.698540	10041.419408	10050.027411
-50.676515	10041.432702	10050.037877
-50.654490	10041.445995	10050.048350
-50.632465	10041.450390	10050.049929
-50.610440	10041.441495	10050.038220
-50.588415	10041.432599	10050.026511
-50.566390	10041.423703	10050.014804
-50.544365	10041.414808	10050.003106
-50.522340	10041.425002	10050.010497
-50.500315	10041.438249	10050.020938
-50.478290	10041.451496	10050.031380
-50.456265	10041.464742	10050.041828
-50.434240	10041.470846	10050.045137
-50.412215	10041.461917	10050.033415
-50.390190	10041.452989	10050.021694
-50.368165	10041.444061	10050.009974
-50.346140	10041.435132	10049.998263
-50.324115	10041.426193	10049.986542
-50.302090	10041.417241	10049.974808
-50.280066	10041.408289	10049.963074
-50.258041	10041.399338	10049.951347
-50.236016	10041.395777	10049.945015
-50.213991	10041.408954	10049.955421
-50.191966	10041.422130	10049.965826
-50.169941	10041.435305	10049.976231
-50.147916	10041.448480	10049.986646
-50.125891	10041.446056	10049.981462
-50.103866	10041.437058	10049.969703
-50.081841	10041.428059	10049.957945
-50.059816	10041.419061	10049.946192
-50.037791	10041.413702	10049.938084
-50.015766	10041.426833	10049.948467
-49.993741	10041.439960	10049.958847
-49.971716	10041.453087	10049.969227
-49.949691	10041.466214	10049.979616
-49.927666	10041.465496	10049.976161
-49.905641	10041.456451	10049.964378
-49.883616	10041.447406	10049.952595
-49.861591	10041.438361	10049.940816
-49.839566	10041.431204	10049.930931
-49.817541	10041.444292	10049.941292
-49.795516	10041.457374	10049.951647
-49.773491	10041.470456	10049.962002
-49.751466	10041.483538	10049.972366
-49.729441	10041.484530	10049.970642
-49.707417	10041.475451	10049.958846
-49.685392	10041.466371	10049.947050
-49.663367	10041.457292	10049.935257
-49.641342	10041.448348	10049.923607
-49.619317	10041.461394	10049.933948
-49.597292	10041.474428	10049.944278
-49.575267	10041.487462	10049.954608
-49.553242	10041.500496	10049.964946
-49.531217	10041.503193	10049.964948
-49.509192	10041.494054	10049.953115
-49.487167	10041.484916	10049.941282
-49.465142	10041.475778	10049.929452
-49.443117	10041.466640	10049.917630
-49.421092	10041.478021	10049.926327
-49.399067	10041.491008	10049.936632
-49.377042	10041.503995	10049.946937
-49.355017	10041.516983	10049.957249
-49.332992	10041.521387	10049.958980
-49.310967	10041.512214	10049.947134
-49.288942	10041.503042	10049.935288
-49.266917	10041.493869	10049.923443
-49.244892	10041.484697	10049.911607
-49.222867	10041.494287	10049.918535
-49.200842	10041.507228	10049.928814
-49.178817	10041.520169	10049.939094
-49.156793	10041.533110	10049.949380
-49.134768	10041.539220	10049.952839
-49.112743	10041.529987	10049.940956
-49.090718	10041.520755	10049.929072
-49.068693	10041.511522	10049.917190
-49.046668	10041.502289	10049.905316
-49.024643	10041.510082	10049.910468
-49.002618	10041.522990	10049.920734
-48.980593	10041.535898	10049.931000
-48.958568	10041.548806	10049.941271
-48.936543	10041.556635	10049.946469
-48.914518	10041.547360	10049.934563
-48.892493	10041.538081	10049.922654
-48.870468	10041.528801	10049.910746
-48.848443	10041.519522	10049.898847
-48.826418	10041.525518	10049.902222
-48.804393	10041.538379	10049.912462
-48.782368	10041.551241	10049.922703
-48.760343	10041.564102	10049.932948
-48.738318	10041.573637	10049.939871
-48.716293	10041.564318	10049.927943
-48.694268	10041.554992	10049.916009
-48.672243	10041.545666	10049.904074
-48.650218	10041.536340	10049.892149
-48.628193	10041.540534	10049.893744
-48.606168	10041.553336	10049.903947
-48.584144	10041.566137	10049.914150
-48.562119	10041.578939	10049.924357
-48.540094	10041.590165	10049.932995
-48.518069	10041.580810	10049.921050
-48.496044	10041.571453	10049.909101
-48.474019	10041.562096	10049.897153
-48.451994	10041.552739	10049.885213
-48.429969	10041.555148	10049.885042
-48.407944	10041.567903	10049.895219
-48.385919	10041.580658	10049.905397
-48.363894	10041.593413	10049.915577
-48.341869	10041.606168	10049.925764
-48.319844	10041.618917	10049.935944
-48.297819	10041.631662	10049.946120
-48.275794	10041.644407	10049.956296
-48.253769	10041.657152	10049.966480
-48.231744	10041.659871	10049.966639
-48.209719	10041.650429	10049.954640
-48.187694	10041.640987	10049.942641
-48.165669	10041.631545	10049.930644
-48.143644	10041.622104	10049.918655
-48.121619	10041.632878	10049.926881
-48.099594	10041.645579	10049.937031
-48.077569	10041.658279	10049.947181
-48.055544	10041.670980	10049.957338
-48.033520	10041.675408	10049.959226
-48.011495	10041.665920	10049.947201
-47.989470	10041.656431	10049.935176
-47.967445	10041.646943	10049.923153
-47.945420	10041.637454	10049.911137
-47.923395	10041.646432	10049.917586
-47.901370	10041.659086	10049.927710
-47.879345	10041.671740	10049.937834
-47.857320	10041.684394	10049.947964
-47.835295	10041.697048	10049.958098
-47.813270	10041.709679	10049.968210
-47.791245	10041.722310	10049.978321
-47.769220	10041.734941	10049.988433
-47.747195	10041.747572	10049.998553
-47.725170	10041.743469	10049.991942
-47.703145	10041.733913	10049.979877
-47.681120	10041.724356	10049.967813
-47.659095	10041.714800	10049.955754
-47.637070	10041.710010	10049.948466
-47.615045	10041.722596	10049.958552
-47.593020	10041.735180	10049.968636
-47.570995	10041.747764	10049.978721
-47.548970	10041.760348	10049.988815
-47.526945	10041.772920	10049.998897
-47.504920	10041.785468	10050.008957
-47.482895	10041.798015	10050.019017
-47.460871	10041.810563	10050.029081
-47.438846	10041.820096	10050.036136
-47.416821	10041.810486	10050.024046
-47.394796	10041.800873	10050.011953
-47.372771	10041.791261	10049.999862
-47.350746	10041.781648	10049.987778
-47.328721	10041.785240	10049.988900
-47.306696	10041.797743	10049.998933
-47.284671	10041.810246	10050.008967
-47.262646	10041.822749	10050.019004
-47.240621	10041.833989	10050.027784
-47.218596	10041.824334	10050.015668
-47.196571	10041.814677	10050.003550
-47.174546	10041.805019	10049.991431
-47.152521	10041.795362	10049.979320
-47.130496	10041.797160	10049.978667
-47.108471	10041.809614	10049.988673
-47.086446	10041.822069	10049.998680
-47.064421	10041.834524	10050.008689
-47.042396	10041.846979	10050.018705
-47.020371	10041.859430	10050.028714
-46.998346	10041.871878	10050.038719
-46.976321	10041.884327	10050.048725
-46.954296	10041.896775	10050.058737
-46.932271	10041.899511	10050.059039
-46.910246	10041.889784	10050.046880
-46.888222	10041.880057	10050.034722
-46.866197	10041.870331	10050.022565
-46.844172	10041.860604	10050.010416
-46.822147	10041.870766	10050.018156
-46.800122	10041.883155	10050.028123
-46.778097	10041.895543	10050.038089
-46.756072	10041.907931	10050.048062
-46.734047	10041.920319	10050.058038
-46.712022	10041.932698	10050.068003
-46.689997	10041.945077	10050.077968
-46.667972	10041.957456	10050.087934
-46.645947	10041.969835	10050.097908
-46.623922	10041.964039	10050.089709
-46.601897	10041.954230	10050.077498
-46.579872	10041.944422	10050.065287
-46.557847	10041.934614	10050.053082
-46.535822	10041.931011	10050.047087
-46.513797	10041.943344	10050.057025
-46.491772	10041.955677	10050.066963
-46.469747	10041.968009	10050.076901
-46.447722	10041.980342	10050.086849
-46.425697	10041.992665	10050.096786
-46.403672	10042.004976	10050.106711
-46.381647	10042.017287	10050.116635
-46.359622	10042.029598	10050.126565
-46.337598	10042.041909	10050.136498
-46.315573	10042.054188	10050.146402
-46.293548	10042.066462	10050.156301
-46.271523	10042.078737	10050.166201
-46.249498	10042.091011	10050.176109
-46.227473	10042.088629	10050.171360
-46.205448	10042.078743	10050.159107
-46.183423	10042.068857	10050.146854
-46.161398	10042.058971	10050.134605
-46.139373	10042.051787	10050.125063
-46.117348	10042.064024	10050.134942
-46.095323	10042.076254	10050.144814
-46.073298	10042.088483	10050.154687
-46.051273	10042.100713	10050.164567
-46.029248	10042.112940	10050.174445
-46.007223	10042.125160	10050.184315
-45.985198	10042.137380	10050.194186
-45.963173	10042.149600	10050.204059
-45.941148	10042.160869	10050.212988
-45.919123	10042.150913	10050.200692
-45.897098	10042.140945	10050.188386
-45.875073	10042.130978	10050.176081
-45.853048	10042.121011	10050.163783
-45.831023	10042.122192	10050.162633
-45.808998	10042.134367	10050.172476
-45.786973	10042.146542	10050.182319
-45.764949	10042.158717	10050.192164
-45.742924	10042.170892	10050.202016
-45.720899	10042.183044	10050.211846
-45.698874	10042.195183	10050.221664
-45.676849	10042.207321	10050.231481
-45.654824	10042.219460	10050.241305
-45.632799	10042.222200	10050.241733
-45.610774	10042.212180	10050.229398
-45.588749	10042.202160	10050.217063
-45.566724	10042.192141	10050.204730
-45.544699	10042.182121	10050.192404
-45.522674	10042.191685	10050.199662
-45.500649	10042.203792	10050.209463
-45.478624	10042.215899	10050.219265
-45.456599	10042.228007	10050.229073
-45.434574	10042.240114	10050.238883
-45.412549	10042.252184	10050.248659
-45.390524	10042.264255	10050.258435
-45.368499	10042.276326	10050.268212
-45.346474	10042.288397	10050.277997
-45.324449	10042.300464	10050.287776
-45.302424	10042.312526	10050.297550
-45.280399	10042.324589	10050.307325
-45.258374	10042.336652	10050.317104
-45.236349	10042.342821	10050.320993
-45.214324	10042.332701	10050.308593
-45.192300	10042.322578	10050.296192
-45.170275	10042.312455	10050.283790
-45.148250	10042.302332	10050.271397
-45.126225	10042.308298	10050.275093
-45.104200	10042.320314	10050.284839
-45.082175	10042.332331	10050.294585
-45.060150	10042.344347	10050.304335
-45.038125	10042.356364	10050.314090
-45.016100	10042.368352	10050.323816
-44.994075	10042.380335	10050.333537
-44.972050	10042.392318	10050.343258
-44.950025	10042.404301	10050.352987
-44.928000	10042.401939	10050.348372
-44.905975	10042.391761	10050.335940
-44.883950	10042.381582	10050.323508
-44.861925	10042.371404	10050.311080
-44.839900	10042.363615	10050.301046
-44.817875	10042.375572	10050.310755
-44.795850	10042.387524	10050.320460
-44.773825	10042.399476	10050.330165
-44.751800	10042.411428	10050.339877
-44.729775	10042.423370	10050.349582
-44.707750	10042.435284	10050.359261
-44.685725	10042.447198	10050.368939
-44.663700	10042.459111	10050.378621
-44.641676	10042.471025	10050.388308
-44.619651	10042.482934	10050.397988
-44.597626	10042.494842	10050.407665
-44.575601	10042.506749	10050.417342
-44.553576	10042.518657	10050.427025
-44.531551	10042.519721	10050.425868
-44.509526	10042.509441	10050.413369
-44.487501	10042.499162	10050.400869
-44.465476	10042.488882	10050.388372
-44.443451	10042.478603	10050.375881
-44.421426	10042.489353	10050.384419
-44.399401	10042.501214	10050.394067
-44.377376	10042.513075	10050.403716
-44.355351	10042.524936	10050.413370
-44.333326	10042.536795	10050.423025
-44.311301	10042.548621	10050.432647
-44.289276	10042.560447	10050.442270
-44.267251	10042.572273	10050.451894
-44.245226	10042.584099	10050.461525
-44.223201	10042.595921	10050.471151
-44.201176	10042.607740	10050.480771
-44.179151	10042.619558	10050.490391
-44.157126	10042.631376	10050.500017
-44.135101	10042.635861	10050.502313
-44.113076	10042.625506	10050.489769
-44.091051	10042.615151	10050.477224
-44.069027	10042.604796	10050.464681
-44.047002	10042.594440	10050.452145
-44.024977	10042.601601	10050.457126
-44.002952	10042.613361	10050.466706
-43.980927	10042.625121	10050.476286
-43.958902	10042.636882	10050.485871
-43.936877	10042.648642	10050.495460
-43.914852	10042.660394	10050.505039
-43.892827	10042.672147	10050.514617
-43.870802	10042.683899	10050.524195
-43.848777	10042.695651	10050.533781
-43.826752	10042.707394	10050.543359
-43.804727	10042.719123	10050.552922
-43.782702	10042.730852	10050.562486
-43.760677	10042.742581	10050.572054
-43.738652	10042.750481	10050.577796
-43.716627	10042.740031	10050.565189
-43.694602	10042.729574	10050.552576
-43.672577	10042.719118	10050.539964
-43.650552	10042.708662	10050.527359
-43.628527	10042.712231	10050.528780
-43.606502	10042.723918	10050.538315
-43.584477	10042.735604	10050.547850
-43.562452	10042.747290	10050.557389
-43.540427	10042.758976	10050.566932
-43.518402	10042.770645	10050.576458
-43.496378	10042.782308	10050.585979
-43.474353	10042.793971	10050.595500
-43.452328	10042.805634	10050.605028
-43.430303	10042.805013	10050.602273
-43.408278	10042.794491	10050.589617
-43.386253	10042.783969	10050.576962
-43.364228	10042.773446	10050.564309
-43.342203	10042.763250	10050.551987
-43.320178	10042.774872	10050.561482
-43.298153	10042.786493	10050.570975
-43.276128	10042.798113	10050.580467
-43.254103	10042.809733	10050.589966
-43.232078	10042.821350	10050.599463
-43.210053	10042.832947	10050.608941
-43.188028	10042.844544	10050.618418
-43.166003	10042.856142	10050.627898
-43.143978	10042.867739	10050.637384
-43.121953	10042.879324	10050.646857
-43.099928	10042.890901	10050.656320
-43.077903	10042.902479	10050.665784
-43.055878	10042.914056	10050.675254
-43.033853	10042.916859	10050.675951
-43.011828	10042.906249	10050.663237
-42.989803	10042.895639	10050.650524
-42.967778	10042.885030	10050.637813
-42.945754	10042.874420	10050.625108
-42.923729	10042.882778	10050.631369
-42.901704	10042.894311	10050.640804
-42.879679	10042.905844	10050.650239
-42.857654	10042.917377	10050.659678
-42.835629	10042.928910	10050.669121
-42.813604	10042.940421	10050.678542
-42.791579	10042.951933	10050.687962
-42.769554	10042.963445	10050.697383
-42.747529	10042.974956	10050.706812
-42.725504	10042.969238	10050.699010
-42.703479	10042.958576	10050.686265
-42.681454	10042.947914	10050.673520
-42.659429	10042.937252	10050.660780
-42.637404	10042.931859	10050.653312
-42.615379	10042.943329	10050.662706
-42.593354	10042.954798	10050.672097
-42.571329	10042.966266	10050.681489
-42.549304	10042.977735	10050.690888
-42.527279	10042.989195	10050.700279
-42.505254	10043.000641	10050.709656
-42.483229	10043.012087	10050.719032
-42.461204	10043.023532	10050.728413
-42.439179	10043.034978	10050.737798
-42.417154	10043.046406	10050.747164
-42.395129	10043.057830	10050.756526
-42.373105	10043.069255	10050.765888
-42.351080	10043.080679	10050.775258
-42.329055	10043.078382	10050.770906
-42.307030	10043.067636	10050.758103
-42.285005	10043.056889	10050.745300
-42.262980	10043.046143	10050.732501
-42.240955	10043.037162	10050.721471
-42.218930	10043.048549	10050.730810
-42.196905	10043.059931	10050.740143
-42.174880	10043.071312	10050.749476
-42.152855	10043.082694	10050.758816
-42.130830	10043.094071	10050.768153
-42.108805	10043.105431	10050.777471
-42.086780	10043.116791	10050.786789
-42.064755	10043.128151	10050.796111
-42.042730	10043.139498	10050.805424
-42.020705	10043.128693	10050.792585
-41.998680	10043.117882	10050.779738
-41.976655	10043.107070	10050.766892
-41.954630	10043.096258	10050.754052
-41.932605	10043.095658	10050.751424
-41.910580	10043.106988	10050.760724
-41.888555	10043.118319	10050.770025
-41.866530	10043.129650	10050.779328
-41.844505	10043.140981	10050.788637
-41.822480	10043.152291	10050.797926
-41.800456	10043.163587	10050.807200
-41.778431	10043.174883	10050.816475
-41.756406	10043.186179	10050.825755
-41.734381	10043.197474	10050.835036
-41.712356	10043.208749	10050.844296
-41.690331	10043.220023	10050.853556
-41.668306	10043.231298	10050.862817
-41.646281	10043.242572	10050.872085
-41.624256	10043.235184	10050.862688
-41.602231	10043.224300	10050.849794
-41.580206	10043.213416	10050.836901
-41.558181	10043.202533	10050.824012
-41.536156	10043.198357	10050.817834
-41.514131	10043.209590	10050.827066
-41.492106	10043.220822	10050.836296
-41.470081	10043.232053	10050.845527
-41.448056	10043.243285	10050.854765
-41.426031	10043.254513	10050.863999
-41.404006	10043.265738	10050.873226
-41.381981	10043.276962	10050.882453
-41.359956	10043.288186	10050.891685
-41.337931	10043.294454	10050.895964
-41.315906	10043.283508	10050.883028
-41.293881	10043.272561	10050.870091
-41.271856	10043.261613	10050.857153
-41.249832	10043.250665	10050.844223
-41.227807	10043.254861	10050.846436
-41.205782	10043.266030	10050.855622
-41.183757	10043.277200	10050.864809
-41.161732	10043.288369	10050.873999
-41.139707	10043.299538	10050.883192
-41.117682	10043.310700	10050.892377
-41.095657	10043.321860	10050.901560
-41.073632	10043.333020	10050.910743
-41.051607	10043.344180	10050.919933
-41.029582	10043.341931	10050.915714
-41.007557	10043.330921	10050.902732
-40.985532	10043.319911	10050.889750
-40.963507	10043.308901	10050.876771
-40.941482	10043.299343	10050.865249
-40.919457	10043.310468	10050.874408
-40.897432	10043.321586	10050.883561
-40.875407	10043.332705	10050.892715
-40.853382	10043.343824	10050.901874
-40.831357	10043.354939	10050.911031
-40.809332	10043.366036	10050.920169
-40.787307	10043.377134	10050.929308
-40.765282	10043.388231	10050.938449
-40.743257	10043.399329	10050.947595
-40.721232	10043.388562	10050.934875
-40.699207	10043.377488	10050.921848
-40.677183	10043.366413	10050.908821
-40.655158	10043.355339	10050.895800
-40.633133	10043.354162	10050.892678
-40.611108	10043.365217	10050.901786
-40.589083	10043.376272	10050.910895
-40.567058	10043.387327	10050.920005
-40.545033	10043.398382	10050.929121
-40.523008	10043.409434	10050.938231
-40.500983	10043.420482	10050.947337
-40.478958	10043.431531	10050.956442
-40.456933	10043.442580	10050.965553
-40.434908	10043.445480	10050.966517
-40.412883	10043.434343	10050.953445
-40.390858	10043.423207	10050.940374
-40.368833	10043.412070	10050.927303
-40.346808	10043.400934	10050.914239
-40.324783	10043.408140	10050.919516
-40.302758	10043.419146	10050.928592
-40.280733	10043.430153	10050.937667
-40.258708	10043.441159	10050.946747
-40.236683	10043.445769	10050.949435
-40.214658	10043.434606	10050.936346
-40.192633	10043.423442	10050.923256
-40.170608	10043.412278	10050.910167
-40.148583	10043.401114	10050.897084
-40.126559	10043.406531	10050.900582
-40.104534	10043.417482	10050.909616
-40.082509	10043.428434	10050.918650
-40.060484	10043.439385	10050.927688
-40.038459	10043.450337	10050.936729
-40.016434	10043.461282	10050.945761
-39.994409	10043.472226	10050.954791
-39.972384	10043.483170	10050.963822
-39.950359	10043.494114	10050.972859
-39.928334	10043.490207	10050.967046
-39.906309	10043.478980	10050.953911
-39.884284	10043.467752	10050.940776
-39.862259	10043.456524	10050.927644
-39.840234	10043.448188	10050.917408
-39.818209	10043.459106	10050.926423
-39.796184	10043.470023	10050.935435
-39.774159	10043.480939	10050.944447
-39.752134	10043.491856	10050.953466
-39.730109	10043.502764	10050.962476
-39.708084	10043.513647	10050.971461
-39.686059	10043.524530	10050.980447
-39.664034	10043.535413	10050.989435
-39.642009	10043.545156	10050.997288
-39.619984	10043.533882	10050.984122
-39.597959	10043.522606	10050.970953
-39.575934	10043.511329	10050.957785
-39.553910	10043.500053	10050.944622
-39.531885	10043.500110	10050.942794
-39.509860	10043.510952	10050.951749
-39.487835	10043.521795	10050.960704
-39.465810	10043.532637	10050.969661
-39.443785	10043.543479	10050.978624
-39.421760	10043.532777	10050.966041
-39.399735	10043.521460	10050.952842
-39.377710	10043.510142	10050.939643
-39.355685	10043.498825	10050.926449
-39.333660	10043.497093	10050.922842
-39.311635	10043.507906	10050.931779
-39.289610	10043.518720	10050.940715
-39.267585	10043.529533	10050.949653
-39.245560	10043.540347	10050.958597
-39.223535	10043.551149	10050.967528
-39.201510	10043.561943	10050.976449
-39.179485	10043.572737	10050.985370
-39.157460	10043.583530	10050.994297
-39.135435	10043.586489	10050.995389
-39.113410	10043.575110	10050.982145
-39.091385	10043.563732	10050.968900
-39.069360	10043.552354	10050.955657
-39.047335	10043.540976	10050.942420
-39.025310	10043.547630	10050.947212
-39.003285	10043.558397	10050.956114
-38.981261	10043.569163	10050.965017
-38.959236	10043.579930	10050.973924
-38.937211	10043.584613	10050.976750
-38.915186	10043.573197	10050.963477
-38.893161	10043.561780	10050.950203
-38.871136	10043.550363	10050.936929
-38.849111	10043.538946	10050.923661
-38.827086	10043.543808	10050.926672
-38.805061	10043.554534	10050.935544
-38.783036	10043.565259	10050.944416
-38.761011	10043.575985	10050.953292
-38.738986	10043.582379	10050.957839
-38.716961	10043.570935	10050.944549
-38.694936	10043.559489	10050.931255
-38.672911	10043.548043	10050.917961
-38.650886	10043.536598	10050.904674
-38.628861	10043.539680	10050.905915
-38.606836	10043.550378	10050.914768
-38.584811	10043.561077	10050.923621
-38.562786	10043.571775	10050.932477
-38.540761	10043.582474	10050.941338
-38.518736	10043.593146	10050.950171
-38.496711	10043.603811	10050.958997
-38.474686	10043.614476	10050.967824
-38.452661	10043.625141	10050.976656
-38.430637	10043.623026	10050.972708
-38.408612	10043.611535	10050.959380
-38.386587	10043.600043	10050.946053
-38.364562	10043.588552	10050.932728
-38.342537	10043.577889	10050.920234
-38.320512	10043.588533	10050.929048
-38.298487	10043.599171	10050.937855
-38.276462	10043.609809	10050.946663
-38.254437	10043.620447	10050.955476
-38.232412	10043.620055	10050.953259
-38.210387	10043.608522	10050.939901
-38.188362	10043.596990	10050.926542
-38.166337	10043.585458	10050.913186
-38.144312	10043.573926	10050.899834
-38.122287	10043.583608	10050.907695
-38.100262	10043.594206	10050.916471
-38.078237	10043.604805	10050.925248
-38.056212	10043.615403	10050.934029
-38.034187	10043.616727	10050.933537
-38.012162	10043.605169	10050.920160
-37.990137	10043.593611	10050.906782
-37.968112	10043.582054	10050.893406
-37.946087	10043.570496	10050.880036
-37.924062	10043.578393	10050.886121
-37.902037	10043.588951	10050.894866
-37.880012	10043.599509	10050.903612
-37.857988	10043.610068	10050.912362
-37.835963	10043.613103	10050.913592
-37.813938	10043.601504	10050.900183
-37.791913	10043.589906	10050.886775
-37.769888	10043.578307	10050.873368
-37.747863	10043.566709	10050.859966
-37.725838	10043.572830	10050.864281
-37.703813	10043.583376	10050.873020
-37.681788	10043.593922	10050.881758
-37.659763	10043.604468	10050.890500
-37.637738	10043.615014	10050.899246
-37.615713	10043.625529	10050.907959
-37.593688	10043.636042	10050.916670
-37.571663	10043.646554	10050.925382
-37.549638	10043.657067	10050.934100
-37.527613	10043.651608	10050.926844
-37.505588	10043.639964	10050.913401
-37.483563	10043.628321	10050.899958
-37.461538	10043.616677	10050.886518
-37.439513	10043.609053	10050.877101
-37.417488	10043.619543	10050.885796
-37.395463	10043.630030	10050.894488
-37.373438	10043.640518	10050.903181
-37.351413	10043.651005	10050.911879
-37.329388	10043.647272	10050.906356
-37.307363	10043.635603	10050.892894
-37.285339	10043.623934	10050.879432
-37.263314	10043.612265	10050.865973
-37.241289	10043.602863	10050.854784
-37.219264	10043.613329	10050.863462
-37.197239	10043.623791	10050.872135
-37.175214	10043.634253	10050.880808
-37.153189	10043.644715	10050.889486
-37.131164	10043.642706	10050.885694
-37.109139	10043.630996	10050.872201
-37.087114	10043.619286	10050.858707
-37.065089	10043.607577	10050.845216
-37.043064	10043.596382	10050.832245
-37.021039	10043.606810	10050.840893
-36.999014	10043.617233	10050.849535
-36.976989	10043.627656	10050.858176
-36.954964	10043.638079	10050.866823
-36.932939	10043.637786	10050.864756
-36.910914	10043.626053	10050.851243
-36.888889	10043.614319	10050.837731
-36.866864	10043.602586	10050.824220
-36.844839	10043.590852	10050.810714
-36.822814	10043.600020	10050.818108
-36.800789	10043.610418	10050.826730
-36.778764	10043.620815	10050.835352
-36.756739	10043.631212	10050.843979
-36.734715	10043.632646	10050.843644
-36.712690	10043.620873	10050.830100
-36.690665	10043.609100	10050.816557
-36.668640	10043.597328	10050.803014
-36.646615	10043.585555	10050.789477
-36.624590	10043.592941	10050.795096
-36.602565	10043.603313	10050.803698
-36.580540	10043.613685	10050.812301
-36.558515	10043.624057	10050.820908
-36.536490	10043.627219	10050.822307
-36.514465	10043.615422	10050.808744
-36.492440	10043.603626	10050.795181
-36.470415	10043.591830	10050.781618
-36.448390	10043.580033	10050.768062
-36.426365	10043.585637	10050.771905
-36.404340	10043.595970	10050.780476
-36.382315	10043.606303	10050.789047
-36.360290	10043.616635	10050.797623
-36.338265	10043.621510	10050.800742
-36.316240	10043.609689	10050.787160
-36.294215	10043.597867	10050.773577
-36.272190	10043.586045	10050.759995
-36.250165	10043.574224	10050.746419
-36.228140	10043.578052	10050.748492
-36.206115	10043.588361	10050.757043
-36.184090	10043.598671	10050.765596
-36.162066	10043.608980	10050.774151
-36.140041	10043.615583	10050.779003
-36.118016	10043.603736	10050.765402
-36.095991	10043.591889	10050.751799
-36.073966	10043.580042	10050.738197
-36.051941	10043.568195	10050.724601
-36.029916	10043.570248	10050.724904
-36.007891	10043.580534	10050.733436
-35.985866	10043.590819	10050.741969
-35.963841	10043.601104	10050.750504
-35.941816	10043.609435	10050.757088
-35.919791	10043.597556	10050.743460
-35.897766	10043.585671	10050.729826
-35.875741	10043.573787	10050.716192
-35.853716	10043.561902	10050.702564
-35.831691	10043.562170	10050.701088
-35.809666	10043.572430	10050.709600
-35.787641	10043.582690	10050.718113
-35.765616	10043.592951	10050.726628
-35.743591	10043.603008	10050.734944
-35.721566	10043.591105	10050.721298
-35.699541	10043.579195	10050.707644
-35.677516	10043.567285	10050.693991
-35.655491	10043.555375	10050.680342
-35.633466	10043.553867	10050.677095
-35.611441	10043.564103	10050.685588
-35.589417	10043.574340	10050.694081
-35.567392	10043.584577	10050.702576
-35.545367	10043.594813	10050.711075
-35.523342	10043.584438	10050.698960
-35.501317	10043.572506	10050.685287
-35.479292	10043.560574	10050.671614
-35.457267	10043.548642	10050.657945
-35.435242	10043.545359	10050.652927
-35.413217	10043.555558	10050.661388
-35.391192	10043.565757	10050.669849
-35.369167	10043.575957	10050.678312
-35.347142	10043.586156	10050.686780
-35.325117	10043.577503	10050.676393
-35.303092	10043.565546	10050.662700
-35.281067	10043.553588	10050.649006
-35.259042	10043.541631	10050.635317
-35.237017	10043.536572	10050.628528
-35.214992	10043.546761	10050.636982
-35.192967	10043.556950	10050.645435
-35.170942	10043.567139	10050.653889
-35.148917	10043.577328	10050.662349
-35.126892	10043.570407	10050.653696
-35.104867	10043.558414	10050.639972
-35.082842	10043.546421	10050.626247
-35.060817	10043.534429	10050.612526
-35.038793	10043.527582	10050.603954
-35.016768	10043.537747	10050.612387
-34.994743	10043.547912	10050.620820
-34.972718	10043.558078	10050.629254
-34.950693	10043.568243	10050.637694
-34.928668	10043.563057	10050.630780
-34.906643	10043.551054	10050.617047
-34.884618	10043.539052	10050.603314
-34.862593	10043.527049	10050.589585
-34.840568	10043.518440	10050.579252
-34.818543	10043.528572	10050.587658
-34.796518	10043.538700	10050.596059
-34.774493	10043.548829	10050.604461
-34.752468	10043.558957	10050.612869
-34.730443	10043.555491	10050.607680
-34.708418	10043.543465	10050.593927
-34.686393	10043.531438	10050.580175
-34.664368	10043.519412	10050.566424
-34.642343	10043.509028	10050.554320
-34.620318	10043.519149	10050.562716
-34.598293	10043.529269	10050.571109
-34.576268	10043.539389	10050.579503
-34.554243	10043.549508	10050.587902
-34.532218	10043.547783	10050.584456
-34.510193	10043.535733	10050.570683
-34.488168	10043.523684	10050.556910
-34.466144	10043.511634	10050.543139
-34.444119	10043.499584	10050.529372
-34.422094	10043.509572	10050.537639
-34.400069	10043.519669	10050.546013
-34.378044	10043.529765	10050.554386
-34.356019	10043.539861	10050.562764
-34.333994	10043.539866	10050.561052
-34.311969	10043.527794	10050.547259
-34.289944	10043.515723	10050.533466
-34.267919	10043.503651	10050.519675
-34.245894	10043.491579	10050.505888
-34.223869	10043.499794	10050.512384
-34.201844	10043.509868	10050.520737
-34.179819	10043.519943	10050.529091
-34.157794	10043.530017	10050.537448
-34.135769	10043.531753	10050.537469
-34.113744	10043.519660	10050.523656
-34.091719	10043.507566	10050.509844
-34.069694	10043.495472	10050.496032
-34.047669	10043.483379	10050.482225
-34.025644	10043.489820	10050.486950
-34.003619	10043.499872	10050.495283
-33.981594	10043.509925	10050.503616
-33.959569	10043.519978	10050.511953
-33.937544	10043.523445	10050.513707
-33.915520	10043.511341	10050.499886
-33.893495	10043.499238	10050.486065
-33.871470	10043.487135	10050.472244
-33.849445	10043.475031	10050.458428
-33.827420	10043.479706	10050.461388
-33.805395	10043.489736	10050.469702
-33.783370	10043.499767	10050.478015
-33.761345	10043.509798	10050.486331
-33.739320	10043.514995	10050.489817
-33.717295	10043.502870	10050.475977
-33.695270	10043.490745	10050.462135
-33.673245	10043.478620	10050.448294
-33.651220	10043.466495	10050.434458
-33.629195	10043.454364	10050.420615
-33.607170	10043.442222	10050.406757
-33.585145	10043.430081	10050.392900
-33.563120	10043.417939	10050.379045
-33.541095	10043.408879	10050.368276
-33.519070	10043.418894	10050.376575
-33.497045	10043.428911	10050.384876
-33.475020	10043.438928	10050.393176
-33.452995	10043.448945	10050.401482
-33.430970	10043.445673	10050.396498
-33.408945	10043.433510	10050.382620
-33.386920	10043.421347	10050.368743
-33.364895	10043.409183	10050.354868
-33.342871	10043.398350	10050.342326
-33.320846	10043.408344	10050.350605
-33.298821	10043.418341	10050.358886
-33.276796	10043.428338	10050.367166
-33.254771	10043.438336	10050.375451
-33.232746	10043.436801	10050.372204
-33.210721	10043.424629	10050.358318
-33.188696	10043.412458	10050.344432
-33.166671	10043.400287	10050.330548
-33.144646	10043.388116	10050.316667
-33.122621	10043.397670	10050.324508
-33.100596	10043.407645	10050.332768
-33.078571	10043.417619	10050.341028
-33.056546	10043.427594	10050.349292
-33.034521	10043.427792	10050.347780
-33.012496	10043.415612	10050.333885
-32.990471	10043.403432	10050.319990
-32.968446	10043.391252	10050.306096
-32.946421	10043.379072	10050.292207
-32.924396	10043.386867	10050.298288
-32.902371	10043.396834	10050.306539
-32.880346	10043.406802	10050.314791
-32.858321	10043.416770	10050.323046
-32.836296	10043.418712	10050.323278
-32.814271	10043.406512	10050.309362
-32.792246	10043.394313	10050.295447
-32.770222	10043.382114	10050.281533
-32.748197	10043.369915	10050.267624
-32.726172	10043.375938	10050.271934
-32.704147	10043.385885	10050.280164
-32.682122	10043.395832	10050.288395
-32.660097	10043.405778	10050.296630
-32.638072	10043.415725	10050.304866
-32.616047	10043.425670	10050.313093
-32.594022	10043.435614	10050.321320
-32.571997	10043.445558	10050.329547
-32.549972	10043.455502	10050.337779
-32.527947	10043.448966	10050.329530
-32.505922	10043.436744	10050.315591
-32.483897	10043.424521	10050.301651
-32.461872	10043.412298	10050.287714
-32.439847	10043.404596	10050.278301
-32.417822	10043.414532	10050.286519
-32.395797	10043.424469	10050.294737
-32.373772	10043.434406	10050.302955
-32.351747	10043.444343	10050.311178
-32.329722	10043.439554	10050.304674
-32.307697	10043.427324	10050.290725
-32.285672	10043.415094	10050.276777
-32.263647	10043.402864	10050.262831
-32.241622	10043.393403	10050.251657
-32.219598	10043.403320	10050.259857
-32.197573	10043.413236	10050.268054
-32.175548	10043.423152	10050.276251
-32.153523	10043.433068	10050.284454
-32.131498	10043.430016	10050.279686
-32.109473	10043.417780	10050.265728
-32.087448	10043.405544	10050.251771
-32.065423	10043.393309	10050.237816
-32.043398	10043.382090	10050.224882
-32.021373	10043.392002	10050.233073
-31.999348	10043.401913	10050.241262
-31.977323	10043.411823	10050.249451
-31.955298	10043.421734	10050.257644
-31.933273	10043.420427	10050.254620
-31.911248	10043.408184	10050.240654
-31.889223	10043.395941	10050.226688
-31.867198	10043.383699	10050.212723
-31.845173	10043.371456	10050.198763
-31.823148	10043.380618	10050.206204
-31.801123	10043.390510	10050.214372
-31.779098	10043.400401	10050.222540
-31.757073	10043.410292	10050.230713
-31.735048	10043.410720	10050.229422
-31.713023	10043.398473	10050.215447
-31.690998	10043.386226	10050.201472
-31.668973	10043.373979	10050.187499
-31.646949	10043.361732	10050.173530
-31.624924	10043.369139	10050.179212
-31.602899	10043.379025	10050.187371
-31.580874	10043.388910	10050.195531
-31.558849	10043.398796	10050.203694
-31.536824	10043.400969	10050.204146
-31.514799	10043.388717	10050.190162
-31.492774	10043.376464	10050.176179
-31.470749	10043.364212	10050.162196
-31.448724	10043.351959	10050.148218
-31.426699	10043.357610	10050.152141
-31.404674	10043.367490	10050.160292
-31.382649	10043.377370	10050.168442
-31.360624	10043.387250	10050.176596
-31.338599	10043.391169	10050.178791
-31.316574	10043.378897	10050.164788
-31.294549	10043.366625	10050.150783
-31.272524	10043.354353	10050.136780
-31.250499	10043.342082	10050.122781
-31.228474	10043.345973	10050.124943
-31.206449	10043.355861	10050.133096
-31.184424	10043.365749	10050.141249
-31.162399	10043.375637	10050.149405
-31.140374	10043.381316	10050.153355
-31.118349	10043.369041	10050.139345
-31.096324	10043.356764	10050.125332
-31.074300	10043.344486	10050.111319
-31.052275	10043.332209	10050.097311
-31.030250	10043.334343	10050.097711
-31.008225	10043.344229	10050.105856
-30.986200	10043.354114	10050.114000
-30.964175	10043.363999	10050.122147
-30.942150	10043.373885	10050.130298
-30.920125	10043.383757	10050.138431
-30.898100	10043.393626	10050.146559
-30.876075	10043.403495	10050.154687
-30.854050	10043.413364	10050.162821
-30.832025	10043.410580	10050.158299
-30.810000	10043.398309	10050.144284
-30.787975	10043.386038	10050.130269
-30.765950	10043.373768	10050.116256
-30.743925	10043.362202	10050.102952
-30.721900	10043.372071	10050.111077
-30.699875	10043.381936	10050.119197
-30.677850	10043.391800	10050.127316
-30.655825	10043.401665	10050.135440
-30.633800	10043.400628	10050.132661
-30.611775	10043.388353	10050.118637
-30.589750	10043.376078	10050.104613
-30.567725	10043.363803	10050.090591
-30.545700	10043.351529	10050.076573
-30.523676	10043.360355	10050.083651
-30.501651	10043.370228	10050.091773
-30.479626	10043.380101	10050.099895
-30.457601	10043.389974	10050.108021
-30.435576	10043.390695	10050.106996
-30.413551	10043.378417	10050.092963
-30.391526	10043.366140	10050.078930
-30.369501	10043.353862	10050.064899
-30.347476	10043.341585	10050.050872
-30.325451	10043.348657	10050.056190
-30.303426	10043.358528	10050.064303
-30.281401	10043.368398	10050.072417
-30.259376	10043.378268	10050.080533
-30.237351	10043.380739	10050.081252
-30.215326	10043.368457	10050.067210
-30.193301	10043.356175	10050.053168
-30.171276	10043.343894	10050.039127
-30.149251	10043.331612	10050.025091
-30.127226	10043.336929	10050.028649
-30.105201	10043.346793	10050.036753
-30.083176	10043.356658	10050.044857
-30.061151	10043.366522	10050.052964
-30.039126	10043.376387	10050.061073
-30.017101	10043.386265	10050.069184
-29.995076	10043.396145	10050.077296
-29.973051	10043.406025	10050.085408
-29.951027	10043.415906	10050.093525
-29.929002	10043.409938	10050.085790
-29.906977	10043.397666	10050.071747
-29.884952	10043.385394	10050.057703
-29.862927	10043.373123	10050.043663
-29.840902	10043.364747	10050.033521
-29.818877	10043.374624	10050.041625
-29.796852	10043.384500	10050.049727
-29.774827	10043.394376	10050.057830
-29.752802	10043.404252	10050.065937
-29.730777	10043.400031	10050.059946
-29.708752	10043.387754	10050.045893
-29.686727	10043.375477	10050.031840
-29.664702	10043.363199	10050.017790
-29.642677	10043.353066	10050.005887
-29.620652	10043.362951	10050.013991
-29.598627	10043.372840	10050.022097
-29.576602	10043.382728	10050.030202
-29.554577	10043.392617	10050.038312
-29.532552	10043.402504	10050.046420
-29.510527	10043.412390	10050.054520
-29.488502	10043.422276	10050.062621
-29.466477	10043.432162	10050.070723
-29.444452	10043.441655	10050.078437
-29.422427	10043.429391	10050.064385
-29.400402	10043.417126	10050.050331
-29.378378	10043.404862	10050.036277
-29.356353	10043.392597	10050.022227
-29.334328	10043.390924	10050.018768
-29.312303	10043.400807	10050.026859
-29.290278	10043.410690	10050.034950
-29.268253	10043.420574	10050.043043
-29.246228	10043.430457	10050.051140
-29.224203	10043.419557	10050.038447
-29.202178	10043.407304	10050.024395
-29.180153	10043.395051	10050.010343
-29.158128	10043.382797	10049.996296
-29.136103	10043.379384	10049.991088
-29.114078	10043.389279	10049.999182
-29.092053	10043.399175	10050.007276
-29.070028	10043.409071	10050.015371
-29.048003	10043.418967	10050.023470
-29.025978	10043.428870	10050.031571
-29.003953	10043.438779	10050.039672
-28.981928	10043.448689	10050.047774
-28.959903	10043.458599	10050.055878
-28.937878	10043.461421	10050.056897
-28.915853	10043.449177	10050.042843
-28.893828	10043.436933	10050.028790
-28.871803	10043.424690	10050.014737
-28.849778	10043.412446	10050.000688
-28.827754	10043.417496	10050.003927
-28.805729	10043.427419	10050.012031
-28.783704	10043.437341	10050.020135
-28.761679	10043.447263	10050.028242
-28.739654	10043.451850	10050.031016
-28.717629	10043.439619	10050.016965
-28.695604	10043.427388	10050.002914
-28.673579	10043.415157	10049.988863
-28.651554	10043.402926	10049.974817
-28.629529	10043.406231	10049.976302
-28.607504	10043.416152	10049.984397
-28.585479	10043.426073	10049.992492
-28.563454	10043.435994	10050.000590
-28.541429	10043.445916	10050.008690
-28.519404	10043.455847	10050.016791
-28.497379	10043.465781	10050.024893
-28.475354	10043.475714	10050.032996
-28.453329	10043.485648	10050.041102
-28.431304	10043.481798	10050.035423
-28.409279	10043.469582	10050.021370
-28.387254	10043.457365	10050.007318
-28.365229	10043.445149	10049.993267
-28.343204	10043.434764	10049.981051
-28.321179	10043.444707	10049.989155
-28.299154	10043.454653	10049.997259
-28.277129	10043.464599	10050.005364
-28.255105	10043.474546	10050.013473
-28.233080	10043.484492	10050.021580
-28.211055	10043.494440	10050.029680
-28.189030	10043.504388	10050.037781
-28.167005	10043.514336	10050.045882
-28.144980	10043.524204	10050.053908
-28.122955	10043.512010	10050.039864
-28.100930	10043.499820	10050.025820
-28.078905	10043.487630	10050.011777
-28.056880	10043.475440	10049.997738
-28.034855	10043.473531	10049.993979
-28.012830	10043.483505	10050.002093
-27.990805	10043.493479	10050.010208
-27.968780	10043.503453	10050.018324
-27.946755	10043.513427	10050.026443
-27.924730	10043.502924	10050.014078
-27.902705	10043.490750	10050.000038
-27.880680	10043.478575	10049.985997
-27.858655	10043.466401	10049.971961
-27.836630	10043.462755	10049.966452
-27.814605	10043.472743	10049.974569
-27.792580	10043.482731	10049.982686
-27.770555	10043.492719	10049.990804
-27.748530	10043.502708	10049.998926
-27.726505	10043.512703	10050.007049
-27.704480	10043.522706	10050.015173
-27.682456	10043.532708	10050.023297
-27.660431	10043.542710	10050.031424
-27.638406	10043.545937	10050.032778
-27.616381	10043.533790	10050.018747
-27.594356	10043.521644	10050.004717
-27.572331	10043.509498	10049.990687
-27.550306	10043.497351	10049.976661
-27.528281	10043.502185	10049.979610
-27.506256	10043.512203	10049.987737
-27.484231	10043.522221	10049.995864
-27.462206	10043.532239	10050.003993
-27.440181	10043.542257	10050.012125
-27.418156	10043.552275	10050.020248
-27.396131	10043.562293	10050.028370
-27.374106	10043.572311	10050.036493
-27.352081	10043.582329	10050.044619
-27.330056	10043.577135	10050.037529
-27.308031	10043.565032	10050.023519
-27.286006	10043.552929	10050.009510
-27.263981	10043.540826	10049.995503
-27.241956	10043.531994	10049.984770
-27.219931	10043.542040	10049.992908
-27.197906	10043.552086	10050.001045
-27.175881	10043.562132	10050.009181
-27.153856	10043.572178	10050.017322
-27.131832	10043.582229	10050.025464
-27.109807	10043.592293	10050.033607
-27.087782	10043.602358	10050.041751
-27.065757	10043.612422	10050.049897
-27.043732	10043.620967	10050.056527
-27.021707	10043.608879	10050.042518
-26.999682	10043.596791	10050.028506
-26.977657	10043.584702	10050.014495
-26.955632	10043.572613	10050.000487
-26.933607	10043.572248	10049.998202
-26.911582	10043.582341	10050.006360
-26.889557	10043.592433	10050.014518
-26.867532	10043.602525	10050.022678
-26.845507	10043.612617	10050.030840
-26.823482	10043.622710	10050.038997
-26.801457	10043.632802	10050.047150
-26.779432	10043.642895	10050.055304
-26.757407	10043.652987	10050.063461
-26.735382	10043.653116	10050.061654
-26.713357	10043.641089	10050.047676
-26.691332	10043.629062	10050.033698
-26.669307	10043.617034	10050.019721
-26.647282	10043.605007	10050.005748
-26.625257	10043.613145	10050.011935
-26.603232	10043.623269	10050.020103
-26.581207	10043.633392	10050.028270
-26.559183	10043.643515	10050.036441
-26.537158	10043.653639	10050.044614
-26.515133	10043.663778	10050.052789
-26.493108	10043.673917	10050.060964
-26.471083	10043.684055	10050.069139
-26.449058	10043.694194	10050.077319
-26.427033	10043.685926	10050.067086
-26.405008	10043.673930	10050.053117
-26.382983	10043.661934	10050.039149
-26.360958	10043.649938	10050.025184
-26.338933	10043.644404	10050.017683
-26.316908	10043.654573	10050.025872
-26.294883	10043.664743	10050.034061
-26.272858	10043.674912	10050.042251
-26.250833	10043.685082	10050.050445
-26.228808	10043.678596	10050.041978
-26.206783	10043.666632	10050.028024
-26.184758	10043.654668	10050.014070
-26.162733	10043.642704	10050.000119
-26.140708	10043.635451	10049.990880
-26.118683	10043.645650	10049.999083
-26.096658	10043.655851	10050.007287
-26.074633	10043.666051	10050.015491
-26.052608	10043.676251	10050.023699
-26.030583	10043.686458	10050.031908
-26.008559	10043.696675	10050.040118
-25.986534	10043.706892	10050.048329
-25.964509	10043.717110	10050.056542
-25.942484	10043.724368	10050.061799
-25.920459	10043.712448	10050.047866
-25.898434	10043.700530	10050.033933
-25.876409	10043.688612	10050.020001
-25.854384	10043.676695	10050.006073
-25.832359	10043.677943	10050.005307
-25.810334	10043.688204	10050.013543
-25.788309	10043.698466	10050.021780
-25.766284	10043.708728	10050.030019
-25.744259	10043.718990	10050.038260
-25.722234	10043.729254	10050.046495
-25.700209	10043.739519	10050.054727
-25.678184	10043.749784	10050.062959
-25.656159	10043.760049	10050.071196
-25.634134	10043.758914	10050.068029
-25.612109	10043.747059	10050.054129
-25.590084	10043.735205	10050.040230
-25.568059	10043.723350	10050.026333
-25.546034	10043.711495	10050.012438
-25.524009	10043.721247	10050.020143
-25.501984	10043.731545	10050.028390
-25.479959	10043.741842	10050.036636
-25.457934	10043.752140	10050.044887
-25.435910	10043.762441	10050.053139
-25.413885	10043.772769	10050.061405
-25.391860	10043.783097	10050.069670
-25.369835	10043.793425	10050.077937
-25.347810	10043.803753	10050.086207
-25.325785	10043.794236	10050.074625
-25.303760	10043.782429	10050.060747
-25.281735	10043.770623	10050.046870
-25.259710	10043.758816	10050.032995
-25.237685	10043.754912	10050.027025
-25.215660	10043.765287	10050.035316
-25.193635	10043.775663	10050.043608
-25.171610	10043.786039	10050.051901
-25.149585	10043.796414	10050.060197
-25.127560	10043.806798	10050.068494
-25.105535	10043.817191	10050.076793
-25.083510	10043.827583	10050.085092
-25.061485	10043.837976	10050.093394
-25.039460	10043.842218	10050.095547
-25.017435	10043.830462	10050.081692
-24.995410	10043.818706	10050.067835
-24.973385	10043.806950	10050.053980
-24.951360	10043.795194	10050.040128
-24.929335	10043.799806	10050.042637
-24.907310	10043.810246	10050.050962
-24.885285	10043.820687	10050.059287
-24.863261	10043.831127	10050.067614
-24.841236	10043.841567	10050.075944
-24.819211	10043.852010	10050.084266
-24.797186	10043.862454	10050.092586
-24.775161	10043.872897	10050.100907
-24.753136	10043.883341	10050.109232
-24.731111	10043.879196	10050.102964
-24.709086	10043.867520	10050.089153
-24.687061	10043.855844	10050.075342
-24.665036	10043.844167	10050.061533
-24.643011	10043.835138	10050.050373
-24.620986	10043.845636	10050.058728
-24.598961	10043.856140	10050.067087
-24.576936	10043.866645	10050.075445
-24.554911	10043.877150	10050.083807
-24.532886	10043.874813	10050.079325
-24.510861	10043.863186	10050.065540
-24.488836	10043.851559	10050.051756
-24.466811	10043.839931	10050.037973
-24.444786	10043.829199	10050.025087
-24.422761	10043.839735	10050.033459
-24.400736	10043.850276	10050.041832
-24.378711	10043.860818	10050.050205
-24.356686	10043.871360	10050.058582
-24.334661	10043.881906	10050.066962
-24.312637	10043.892477	10050.075353
-24.290612	10043.903048	10050.083745
-24.268587	10043.913618	10050.092138
-24.246562	10043.924189	10050.100534
-24.224537	10043.913480	10050.087639
-24.202512	10043.901922	10050.073888
-24.180487	10043.890364	10050.060137
-24.158462	10043.878806	10050.046390
-24.136437	10043.876592	10050.041986
-24.114412	10043.887214	10050.050404
-24.092387	10043.897835	10050.058822
-24.070362	10043.908456	10050.067241
-24.048337	10043.919077	10050.075663
-24.026312	10043.929716	10050.084094
-24.004287	10043.940370	10050.092531
-23.982262	10043.951023	10050.100968
-23.960237	10043.961676	10050.109408
-23.938212	10043.964741	10050.110259
-23.916187	10043.953262	10050.096553
-23.894162	10043.941783	10050.082847
-23.872137	10043.930305	10050.069142
-23.850112	10043.918827	10050.055440
-23.828087	10043.925146	10050.059528
-23.806062	10043.935836	10050.067980
-23.784037	10043.946527	10050.076432
-23.762012	10043.957217	10050.084886
-23.739988	10043.962070	10050.087504
-23.717963	10043.950654	10050.073834
-23.695938	10043.939241	10050.060166
-23.673913	10043.927828	10050.046499
-23.651888	10043.916416	10050.032835
-23.629863	10043.921047	10050.035210
-23.607838	10043.931801	10050.043699
-23.585813	10043.942556	10050.052189
-23.563788	10043.953311	10050.060680
-23.541763	10043.964065	10050.069174
-23.519738	10043.974850	10050.077681
-23.497713	10043.985639	10050.086190
-23.475688	10043.996429	10050.094699
-23.453663	10044.007219	10050.103212
-23.431638	10044.003729	10050.097441
-23.409613	10043.992386	10050.083806
-23.387588	10043.981042	10050.070172
-23.365563	10043.969699	10050.056539
-23.343538	10043.960689	10050.045243
-23.321513	10043.971522	10050.053775
-23.299488	10043.982362	10050.062310
-23.277463	10043.993203	10050.070845
-23.255438	10044.004043	10050.079384
-23.233413	10044.002358	10050.075393
-23.211388	10043.991080	10050.061797
-23.189363	10043.979803	10050.048200
-23.167339	10043.968525	10050.034606
-23.145314	10043.957829	10050.021596
-23.123289	10043.968724	10050.030164
-23.101264	10043.979629	10050.038737
-23.079239	10043.990533	10050.047310
-23.057214	10044.001438	10050.055886
-23.035189	10044.012348	10050.064466
-23.013164	10044.023288	10050.073058
-22.991139	10044.034228	10050.081650
-22.969114	10044.045168	10050.090244
-22.947089	10044.056108	10050.098840
-22.925064	10044.046087	10050.086465
-22.903039	10044.034909	10050.072926
-22.881014	10044.023730	10050.059386
-22.858989	10044.012552	10050.045850
-22.836964	10044.010405	10050.041345
-22.814939	10044.021398	10050.049963
-22.792914	10044.032391	10050.058582
-22.770889	10044.043385	10050.067202
-22.748864	10044.054379	10050.075825
-22.726839	10044.046168	10050.065233
-22.704814	10044.035057	10050.051732
-22.682789	10044.023946	10050.038231
-22.660764	10044.012835	10050.024733
-22.638739	10044.009002	10050.018514
-22.616715	10044.020064	10050.027170
-22.594690	10044.031126	10050.035827
-22.572665	10044.042189	10050.044485
-22.550640	10044.053251	10050.053146
-22.528615	10044.046858	10050.044343
-22.506590	10044.035814	10050.030880
-22.484565	10044.024770	10050.017417
-22.462540	10044.013726	10050.003957
-22.440515	10044.008208	10049.996023
-22.418490	10044.019336	10050.004718
-22.396465	10044.030466	10050.013413
-22.374440	10044.041595	10050.022109
-22.352415	10044.052725	10050.030808
-22.330390	10044.048147	10050.023793
-22.308365	10044.037171	10050.010368
-22.286340	10044.026194	10049.996943
-22.264315	10044.015218	10049.983520
-22.242290	10044.008015	10049.973873
-22.220265	10044.019221	10049.982616
-22.198240	10044.030433	10049.991361
-22.176215	10044.041645	10050.000106
-22.154190	10044.052858	10050.008855
-22.132165	10044.064075	10050.017606
-22.110140	10044.075306	10050.026358
-22.088115	10044.086537	10050.035110
-22.066090	10044.097768	10050.043864
-22.044066	10044.106977	10050.050599
-22.022041	10044.096096	10050.037225
-22.000016	10044.085226	10050.023858
-21.977991	10044.074357	10050.010492
-21.955966	10044.063488	10049.997128
-21.933941	10044.064847	10049.995990
-21.911916	10044.076163	10050.004792
-21.889891	10044.087479	10050.013595
-21.867866	10044.098796	10050.022399
-21.845841	10044.109843	10050.030936
-21.823816	10044.099041	10050.017610
-21.801791	10044.088254	10050.004293
-21.779766	10044.077467	10049.990976
-21.757741	10044.066680	10049.977663
-21.735716	10044.066367	10049.974821
-21.713691	10044.077766	10049.983673
-21.691666	10044.089165	10049.992526
-21.669641	10044.100564	10050.001379
-21.647616	10044.111962	10050.010236
-21.625591	10044.102707	10049.998427
-21.603566	10044.091979	10049.985136
-21.581541	10044.081250	10049.971846
-21.559516	10044.070522	10049.958559
-21.537491	10044.068514	10049.953992
-21.515466	10044.079997	10049.962895
-21.493441	10044.091479	10049.971798
-21.471417	10044.102962	10049.980701
-21.449392	10044.114445	10049.989608
-21.427367	10044.107024	10049.979600
-21.405342	10044.096379	10049.966360
-21.383317	10044.085735	10049.953120
-21.361292	10044.075091	10049.939882
-21.339267	10044.071411	10049.933611
-21.317242	10044.082966	10049.942552
-21.295217	10044.094523	10049.951493
-21.273192	10044.106079	10049.960435
-21.251167	10044.117635	10049.969381
-21.229142	10044.112049	10049.961174
-21.207117	10044.101504	10049.947995
-21.185092	10044.090958	10049.934817
-21.163067	10044.080413	10049.921641
-21.141042	10044.075081	10049.913680
-21.119017	10044.086707	10049.922660
-21.096992	10044.098335	10049.931639
-21.074967	10044.109963	10049.940620
-21.052942	10044.121592	10049.949603
-21.030917	10044.117830	10049.943189
-21.008892	10044.107371	10049.930061
-20.986867	10044.096911	10049.916933
-20.964842	10044.086451	10049.903807
-20.942817	10044.079452	10049.894144
-20.920793	10044.091174	10049.903183
-20.898768	10044.102903	10049.912225
-20.876743	10044.114632	10049.921267
-20.854718	10044.126361	10049.930313
-20.832693	10044.124440	10049.925703
-20.810668	10044.114056	10049.912613
-20.788643	10044.103671	10049.899524
-20.766618	10044.093286	10049.886437
-20.744593	10044.082902	10049.873352
-20.722568	10044.072553	10049.860286
-20.700543	10044.062217	10049.847228
-20.678518	10044.051881	10049.834170
-20.656493	10044.041546	10049.821115
-20.634468	10044.043126	10049.819972
-20.612443	10044.054979	10049.829084
-20.590418	10044.066832	10049.838195
-20.568393	10044.078684	10049.847308
-20.546368	10044.090537	10049.856424
-20.524343	10044.080325	10049.843457
-20.502318	10044.070091	10049.830461
-20.480293	10044.059857	10049.817465
-20.458268	10044.049624	10049.804472
-20.436243	10044.049550	10049.801637
-20.414218	10044.061491	10049.810799
-20.392193	10044.073433	10049.819961
-20.370168	10044.085374	10049.829124
-20.348144	10044.097316	10049.838290
-20.326119	10044.088940	10049.827123
-20.304094	10044.078796	10049.814178
-20.282069	10044.068653	10049.801232
-20.260044	10044.058509	10049.788290
-20.238019	10044.056772	10049.783754
-20.215994	10044.068816	10049.792977
-20.193969	10044.080859	10049.802202
-20.171944	10044.092903	10049.811427
-20.149919	10044.104947	10049.820655
-20.127894	10044.098414	10049.811293
-20.105869	10044.088360	10049.798398
-20.083844	10044.078307	10049.785504
-20.061819	10044.068254	10049.772611
-20.039794	10044.058201	10049.759721
-20.017769	10044.048195	10049.746855
-19.995744	10044.038190	10049.733991
-19.973719	10044.028186	10049.721128
-19.951694	10044.018181	10049.708268
-19.929669	10044.025052	10049.712271
-19.907644	10044.037253	10049.721589
-19.885619	10044.049454	10049.730907
-19.863594	10044.061655	10049.740227
-19.841569	10044.068955	10049.744648
-19.819544	10044.059051	10049.731844
-19.797520	10044.049151	10049.719042
-19.775495	10044.039252	10049.706241
-19.753470	10044.029353	10049.693443
-19.731445	10044.034567	10049.695751
-19.709420	10044.046857	10049.705119
-19.687395	10044.059146	10049.714487
-19.665370	10044.071436	10049.723858
-19.643345	10044.080577	10049.730081
-19.621320	10044.070760	10049.717325
-19.599295	10044.060954	10049.704574
-19.577270	10044.051149	10049.691824
-19.555245	10044.041343	10049.679077
-19.533220	10044.031555	10049.666341
-19.511195	10044.021814	10049.653633
-19.489170	10044.012074	10049.640926
-19.467145	10044.002334	10049.628219
-19.445120	10043.993990	10049.616912
-19.423095	10044.006428	10049.626370
-19.401070	10044.018876	10049.635832
-19.379045	10044.031325	10049.645294
-19.357020	10044.043773	10049.654760
-19.334995	10044.044638	10049.652637
-19.312970	10044.035005	10049.639992
-19.290945	10044.025371	10049.627347
-19.268920	10044.015738	10049.614703
-19.246895	10044.006104	10049.602062
-19.224871	10043.996496	10049.589431
-19.202846	10043.986901	10049.576805
-19.180821	10043.977306	10049.564180
-19.158796	10043.967710	10049.551557
-19.136771	10043.967967	10049.548783
-19.114746	10043.980591	10049.558351
-19.092721	10043.993214	10049.567919
-19.070696	10044.005838	10049.577488
-19.048671	10044.018462	10049.587060
-19.026646	10044.011073	10049.576604
-19.004621	10044.001600	10049.564053
-18.982596	10043.992127	10049.551502
-18.960571	10043.982654	10049.538953
-18.938546	10043.973183	10049.526407
-18.916521	10043.963763	10049.513887
-18.894496	10043.954343	10049.501367
-18.872471	10043.944923	10049.488848
-18.850446	10043.935503	10049.476332
-18.828421	10043.944402	10049.482120
-18.806396	10043.957188	10049.491782
-18.784371	10043.969973	10049.501444
-18.762346	10043.982759	10049.511109
-18.740321	10043.989204	10049.514435
-18.718296	10043.979892	10049.501976
-18.696271	10043.970583	10049.489519
-18.674246	10043.961273	10049.477063
-18.652222	10043.951963	10049.464610
-18.630197	10043.942681	10049.452173
-18.608172	10043.933438	10049.439758
-18.586147	10043.924196	10049.427345
-18.564122	10043.914953	10049.414933
-18.542097	10043.910298	10049.407111
-18.520072	10043.923255	10049.416875
-18.498047	10043.936220	10049.426643
-18.476022	10043.949184	10049.436412
-18.453997	10043.962148	10049.446184
-18.431972	10043.960347	10049.441181
-18.409947	10043.951228	10049.428842
-18.387922	10043.942109	10049.416502
-18.365897	10043.932990	10049.404165
-18.343872	10043.923871	10049.391829
-18.321847	10043.914786	10049.379507
-18.299822	10043.905710	10049.367187
-18.277797	10043.896633	10049.354868
-18.255772	10043.887557	10049.342552
-18.233747	10043.891537	10049.343285
-18.211722	10043.904694	10049.353170
-18.189697	10043.917850	10049.363057
-18.167672	10043.931006	10049.372944
-18.145647	10043.943079	10049.381749
-18.123622	10043.934116	10049.369500
-18.101598	10043.925164	10049.357255
-18.079573	10043.916213	10049.345011
-18.057548	10043.907262	10049.332769
-18.035523	10043.898325	10049.320538
-18.013498	10043.889457	10049.308348
-17.991473	10043.880588	10049.296158
-17.969448	10043.871719	10049.283970
-17.947423	10043.862850	10049.271784
-17.925398	10043.854009	10049.259608
-17.903373	10043.845185	10049.247438
-17.881348	10043.836360	10049.235269
-17.859323	10043.827536	10049.223102
-17.837298	10043.828251	10049.220473
-17.815273	10043.841659	10049.230508
-17.793248	10043.855068	10049.240544
-17.771223	10043.868476	10049.250580
-17.749198	10043.881884	10049.260620
-17.727173	10043.875593	10049.250944
-17.705148	10043.866907	10049.238860
-17.683123	10043.858221	10049.226777
-17.661098	10043.849536	10049.214697
-17.639073	10043.840852	10049.202618
-17.617048	10043.832223	10049.190566
-17.595023	10043.823596	10049.178515
-17.572998	10043.814968	10049.166464
-17.550973	10043.806340	10049.154416
-17.528949	10043.797753	10049.142393
-17.506924	10043.789209	10049.130397
-17.484899	10043.780665	10049.118401
-17.462874	10043.772121	10049.106407
-17.440849	10043.769605	10049.100442
-17.418824	10043.783253	10049.110614
-17.396799	10043.796904	10049.120789
-17.374774	10043.810555	10049.130963
-17.352749	10043.824206	10049.141141
-17.330724	10043.821664	10049.135112
-17.308699	10043.813250	10049.123191
-17.286674	10043.804836	10049.111270
-17.264649	10043.796422	10049.099351
-17.242624	10043.788007	10049.087434
-17.220599	10043.779654	10049.075550
-17.198574	10043.771310	10049.063673
-17.176549	10043.762965	10049.051795
-17.154524	10043.754621	10049.039921
-17.132499	10043.746297	10049.028056
-17.110474	10043.738012	10049.016210
-17.088449	10043.729728	10049.004364
-17.066424	10043.721443	10048.992520
-17.044399	10043.713159	10048.980678
-17.022374	10043.704930	10048.968867
-17.000349	10043.696718	10048.957065
-16.978324	10043.688505	10048.945263
-16.956300	10043.680292	10048.933464
-16.934275	10043.684820	10048.934397
-16.912250	10043.698829	10048.944789
-16.890225	10043.712838	10048.955181
-16.868200	10043.726848	10048.965574
-16.846175	10043.740085	10048.975197
-16.824150	10043.732006	10048.963478
-16.802125	10043.723954	10048.951775
-16.780100	10043.715901	10048.940072
-16.758075	10043.707848	10048.928372
-16.736050	10043.699805	10048.916677
-16.714025	10043.691809	10048.905005
-16.692000	10043.683813	10048.893333
-16.669975	10043.675816	10048.881663
-16.647950	10043.667820	10048.869995
-16.625925	10043.659870	10048.858352
-16.603900	10043.651949	10048.846724
-16.581875	10043.644027	10048.835096
-16.559850	10043.636106	10048.823471
-16.537825	10043.628191	10048.811850
-16.515800	10043.620341	10048.800266
-16.493775	10043.612491	10048.788681
-16.471750	10043.604642	10048.777098
-16.449725	10043.596792	10048.765517
-16.427700	10043.608402	10048.773376
-16.405676	10043.622779	10048.783986
-16.383651	10043.637156	10048.794597
-16.361626	10043.651533	10048.805209
-16.339601	10043.658444	10048.808356
-16.317576	10043.650741	10048.796859
-16.295551	10043.643040	10048.785362
-16.273526	10043.635338	10048.773866
-16.251501	10043.627636	10048.762373
-16.229476	10043.619976	10048.750904
-16.207451	10043.612364	10048.739462
-16.185426	10043.604752	10048.728022
-16.163401	10043.597140	10048.716583
-16.141376	10043.589529	10048.705145
-16.119351	10043.581971	10048.693733
-16.097326	10043.574417	10048.682324
-16.075301	10043.566863	10048.670915
-16.053276	10043.559309	10048.659509
-16.031251	10043.551791	10048.648124
-16.009226	10043.544328	10048.636770
-15.987201	10043.536866	10048.625417
-15.965176	10043.529404	10048.614065
-15.943151	10043.521941	10048.602715
-15.921126	10043.514540	10048.591399
-15.899101	10043.507149	10048.580089
-15.877076	10043.499759	10048.568779
-15.855051	10043.492368	10048.557473
-15.833027	10043.499168	10048.560345
-15.811002	10043.514019	10048.571241
-15.788977	10043.528870	10048.582137
-15.766952	10043.543722	10048.593035
-15.744927	10043.556361	10048.601724
-15.722902	10043.549121	10048.590504
-15.700877	10043.541898	10048.579294
-15.678852	10043.534675	10048.568085
-15.656827	10043.527452	10048.556878
-15.634802	10043.520246	10048.545680
-15.612777	10043.513098	10048.534514
-15.590752	10043.505950	10048.523348
-15.568727	10043.498802	10048.512183
-15.546702	10043.491654	10048.501020
-15.524677	10043.484568	10048.489893
-15.502652	10043.477510	10048.478783
-15.480627	10043.470451	10048.467673
-15.458602	10043.463393	10048.456565
-15.436577	10043.456346	10048.445464
-15.414552	10043.449363	10048.434397
-15.392527	10043.442379	10048.423331
-15.370502	10043.435396	10048.412265
-15.348477	10043.428412	10048.401202
-15.326452	10043.421477	10048.390163
-15.304427	10043.414571	10048.379141
-15.282402	10043.407665	10048.368118
-15.260378	10043.400760	10048.357098
-15.238353	10043.393861	10048.346083
-15.216328	10043.387048	10048.335117
-15.194303	10043.380235	10048.324150
-15.172278	10043.373423	10048.313185
-15.150253	10043.366610	10048.302222
-15.128228	10043.378950	10048.310392
-15.106203	10043.394376	10048.321632
-15.084178	10043.409803	10048.332872
-15.062153	10043.425229	10048.344113
-15.040128	10043.433501	10048.348202
-15.018103	10043.426855	10048.337335
-14.996078	10043.420210	10048.326468
-14.974053	10043.413565	10048.315602
-14.952028	10043.406920	10048.304739
-14.930003	10043.400316	10048.293900
-14.907978	10043.393761	10048.283089
-14.885953	10043.387206	10048.272278
-14.863928	10043.380651	10048.261470
-14.841903	10043.374096	10048.250662
-14.819878	10043.367625	10048.239903
-14.797853	10043.361161	10048.229148
-14.775828	10043.354698	10048.218393
-14.753803	10043.348234	10048.207642
-14.731778	10043.341801	10048.196906
-14.709754	10043.335418	10048.186195
-14.687729	10043.329036	10048.175485
-14.665704	10043.322653	10048.164777
-14.643679	10043.316271	10048.154070
-14.621654	10043.309965	10048.143406
-14.599629	10043.303673	10048.132752
-14.577604	10043.297382	10048.122098
-14.555579	10043.291091	10048.111447
-14.533554	10043.284828	10048.100811
-14.511529	10043.278631	10048.090213
-14.489504	10043.272435	10048.079615
-14.467479	10043.266238	10048.069018
-14.445454	10043.260042	10048.058424
-14.423429	10043.253913	10048.047868
-14.401404	10043.247807	10048.037326
-14.379379	10043.241700	10048.026784
-14.357354	10043.235593	10048.016244
-14.335329	10043.241605	10048.017814
-14.313304	10043.257747	10048.029479
-14.291279	10043.273888	10048.041144
-14.269254	10043.290030	10048.052810
-14.247229	10043.306024	10048.064331
-14.225204	10043.300067	10048.053876
-14.203179	10043.294134	10048.043434
-14.181154	10043.288202	10048.032992
-14.159129	10043.282269	10048.022553
-14.137105	10043.276351	10048.012123
-14.115080	10043.270528	10048.001750
-14.093055	10043.264705	10047.991376
-14.071030	10043.258882	10047.981004
-14.049005	10043.253059	10047.970633
-14.026980	10043.247285	10047.960288
-14.004955	10043.241544	10047.949959
-13.982930	10043.235804	10047.939630
-13.960905	10043.230063	10047.929304
-13.938880	10043.224329	10047.918982
-13.916855	10043.218695	10047.908720
-13.894830	10043.213061	10047.898460
-13.872805	10043.207427	10047.888199
-13.850780	10043.201793	10047.877942
-13.828755	10043.196202	10047.867705
-13.806730	10043.190651	10047.857489
-13.784705	10043.185099	10047.847273
-13.762680	10043.179548	10047.837058
-13.740655	10043.173996	10047.826846
-13.718630	10043.168552	10047.816696
-13.696605	10043.163110	10047.806548
-13.674580	10043.157668	10047.796400
-13.652555	10043.152227	10047.786255
-13.630530	10043.146826	10047.776133
-13.608505	10043.141479	10047.766041
-13.586480	10043.136132	10047.755950
-13.564456	10043.130785	10047.745860
-13.542431	10043.125438	10047.735771
-13.520406	10043.120177	10047.725730
-13.498381	10043.114925	10047.715695
-13.476356	10043.109674	10047.705660
-13.454331	10043.104423	10047.695627
-13.432306	10043.114497	10047.700904
-13.410281	10043.131496	10047.713076
-13.388256	10043.148494	10047.725248
-13.366231	10043.165492	10047.737421
-13.344206	10043.179152	10047.746258
-13.322181	10043.174091	10047.736336
-13.300156	10043.169048	10047.726425
-13.278131	10043.164006	10047.716515
-13.256106	10043.158964	10047.706608
-13.234081	10043.153945	10047.696712
-13.212056	10043.148985	10047.686846
-13.190031	10043.144025	10047.676981
-13.168006	10043.139065	10047.667117
-13.145981	10043.134105	10047.657254
-13.123956	10043.129239	10047.647448
-13.101931	10043.124406	10047.637663
-13.079906	10043.119572	10047.627878
-13.057881	10043.114739	10047.618095
-13.035856	10043.109922	10047.608322
-13.013832	10043.105173	10047.598581
-12.991807	10043.100424	10047.588840
-12.969782	10043.095674	10047.579101
-12.947757	10043.090925	10047.569364
-12.925732	10043.086250	10047.559670
-12.903707	10043.081614	10047.549998
-12.881682	10043.076977	10047.540326
-12.859657	10043.072340	10047.530657
-12.837632	10043.067716	10047.520995
-12.815607	10043.063178	10047.511379
-12.793582	10043.058641	10047.501764
-12.771557	10043.054103	10047.492150
-12.749532	10043.049566	10047.482538
-12.727507	10043.045094	10047.472964
-12.705482	10043.040669	10047.463418
-12.683457	10043.036245	10047.453871
-12.661432	10043.031820	10047.444327
-12.639407	10043.035682	10047.443068
-12.617382	10043.053506	10047.455728
-12.595357	10043.071331	10047.468389
-12.573332	10043.089156	10047.481051
-12.551307	10043.106981	10047.493714
-12.529282	10043.106382	10047.487930
-12.507257	10043.102169	10047.478509
-12.485232	10043.097956	10047.469088
-12.463207	10043.093744	10047.459669
-12.441183	10043.089531	10047.450251
-12.419158	10043.085431	10047.440896
-12.397133	10043.081336	10047.431544
-12.375108	10043.077241	10047.422193
-12.353083	10043.073145	10047.412844
-12.331058	10043.069092	10047.403518
-12.309033	10043.065096	10047.394222
-12.287008	10043.061100	10047.384927
-12.264983	10043.057104	10047.375634
-12.242958	10043.053108	10047.366342
-12.220933	10043.049213	10047.357108
-12.198908	10043.045331	10047.347881
-12.176883	10043.041449	10047.338655
-12.154858	10043.037567	10047.329432
-12.132833	10043.033721	10047.320227
-12.110808	10043.029941	10047.311058
-12.088783	10043.026161	10047.301889
-12.066758	10043.022382	10047.292721
-12.044733	10043.018602	10047.283555
-12.022708	10043.014928	10047.274451
-12.000683	10043.011280	10047.265363
-11.978658	10043.007631	10047.256275
-11.956633	10043.003983	10047.247190
-11.934608	10043.000361	10047.238119
-11.912583	10042.996813	10047.229087
-11.890559	10042.993265	10047.220056
-11.868534	10042.989717	10047.211026
-11.846509	10042.987444	10047.203272
-11.824484	10043.006121	10047.216433
-11.802459	10043.024828	10047.229610
-11.780434	10043.043534	10047.242786
-11.758409	10043.062240	10047.255965
-11.736384	10043.069498	10047.257686
-11.714359	10043.066185	10047.248793
-11.692334	10043.062872	10047.239900
-11.670309	10043.059559	10047.231008
-11.648284	10043.056246	10047.222118
-11.626259	10043.053009	10047.213271
-11.604234	10043.049814	10047.204447
-11.582209	10043.046618	10047.195623
-11.560184	10043.043422	10047.186802
-11.538159	10043.040238	10047.177987
-11.516134	10043.037148	10047.169220
-11.494109	10043.034057	10047.160454
-11.472084	10043.030967	10047.151688
-11.450059	10043.027877	10047.142925
-11.428034	10043.024861	10047.134206
-11.406009	10043.021902	10047.125520
-11.383984	10043.018942	10047.116835
-11.361959	10043.015983	10047.108152
-11.339934	10043.013028	10047.099471
-11.317910	10043.010172	10047.090843
-11.295885	10043.007316	10047.082215
-11.273860	10043.004461	10047.073587
-11.251835	10043.001605	10047.064962
-11.229810	10042.998816	10047.056375
-11.207785	10042.996096	10047.047829
-11.185760	10042.993376	10047.039282
-11.163735	10042.990656	10047.030738
-11.141710	10042.994154	10047.028412
-11.119685	10043.013697	10047.042081
-11.097660	10043.033247	10047.055754
-11.075635	10043.052796	10047.069428
-11.053610	10043.072346	10047.083104
-11.031585	10043.075528	10047.080391
-11.009560	10043.073048	10047.071983
-10.987535	10043.070568	10047.063575
-10.965510	10043.068087	10047.055169
-10.943485	10043.065607	10047.046765
-10.921460	10043.063221	10047.038407
-10.899435	10043.060849	10047.030058
-10.877410	10043.058477	10047.021708
-10.855385	10043.056105	10047.013361
-10.833360	10043.053781	10047.005044
-10.811335	10043.051556	10046.996787
-10.789310	10043.049330	10046.988530
-10.767285	10043.047104	10046.980275
-10.745261	10043.044878	10046.972021
-10.723236	10043.042739	10046.963810
-10.701211	10043.040623	10046.955612
-10.679186	10043.038508	10046.947413
-10.657161	10043.036392	10046.939217
-10.635136	10043.034310	10046.931041
-10.613111	10043.032330	10046.922923
-10.591086	10043.030350	10046.914806
-10.569061	10043.028370	10046.906690
-10.547036	10043.027351	10046.899537
-10.525011	10043.047608	10046.913621
-10.502986	10043.067900	10046.927724
-10.480961	10043.088193	10046.941827
-10.458936	10043.108485	10046.955932
-10.436911	10043.117638	10046.958888
-10.414886	10043.115903	10046.950910
-10.392861	10043.114169	10046.942933
-10.370836	10043.112434	10046.934956
-10.348811	10043.110699	10046.926982
-10.326786	10043.109052	10046.919057
-10.304761	10043.107454	10046.911160
-10.282736	10043.105857	10046.903265
-10.260711	10043.104259	10046.895371
-10.238686	10043.102674	10046.887484
-10.216661	10043.101203	10046.879658
-10.194637	10043.099732	10046.871833
-10.172612	10043.098262	10046.864008
-10.150587	10043.096791	10046.856185
-10.128562	10043.095388	10046.848399
-10.106537	10043.094039	10046.840643
-10.084512	10043.092691	10046.832887
-10.062487	10043.091342	10046.825133
-10.040462	10043.097653	10046.825038
-10.018437	10043.118594	10046.839514
-9.996412	10043.139536	10046.853991
-9.974387	10043.160478	10046.868468
-9.952362	10043.181420	10046.882948
-9.930337	10043.184572	10046.879608
-9.908312	10043.183502	10046.872016
-9.886287	10043.182432	10046.864424
-9.864262	10043.181362	10046.856834
-9.842237	10043.180293	10046.849245
-9.820212	10043.179343	10046.841718
-9.798187	10043.178402	10046.834197
-9.776162	10043.177460	10046.826676
-9.754137	10043.176519	10046.819157
-9.732112	10043.175632	10046.811670
-9.710087	10043.174827	10046.804229
-9.688062	10043.174023	10046.796790
-9.666037	10043.173219	10046.789351
-9.644012	10043.172414	10046.781914
-9.621988	10043.171721	10046.774535
-9.599963	10043.171046	10046.767166
-9.577938	10043.170372	10046.759797
-9.555913	10043.169697	10046.752431
-9.533888	10043.183420	10046.759442
-9.511863	10043.205040	10046.774305
-9.489838	10043.226659	10046.789169
-9.467813	10043.248278	10046.804034
-9.445788	10043.267496	10046.816500
-9.423763	10043.267074	10046.809277
-9.401738	10043.266683	10046.802072
-9.379713	10043.266292	10046.794868
-9.357688	10043.265901	10046.787666
-9.335663	10043.265541	10046.780480
-9.313638	10043.265280	10046.773346
-9.291613	10043.265019	10046.766212
-9.269588	10043.264757	10046.759079
-9.247563	10043.264496	10046.751948
-9.225538	10043.264344	10046.744881
-9.203513	10043.264238	10046.737840
-9.181488	10043.264132	10046.730801
-9.159463	10043.264026	10046.723763
-9.137438	10043.274790	10046.727585
-9.115413	10043.296966	10046.742766
-9.093388	10043.319141	10046.757948
-9.071363	10043.341317	10046.773130
-9.049339	10043.363493	10046.788314
-9.027314	10043.364711	10046.782500
-9.005289	10043.364882	10046.775614
-8.983264	10043.365052	10046.768727
-8.961239	10043.365222	10046.761843
-8.939214	10043.365405	10046.754966
-8.917189	10043.365721	10046.748162
-8.895164	10043.366038	10046.741359
-8.873139	10043.366355	10046.734556
-8.851114	10043.366672	10046.727755
-8.829089	10043.367060	10046.720991
-8.807064	10043.367508	10046.714258
-8.785039	10043.367956	10046.707526
-8.763014	10043.368404	10046.700795
-8.740989	10043.376198	10046.701410
-8.718964	10043.398955	10046.716922
-8.696939	10043.421714	10046.732434
-8.674914	10043.444472	10046.747947
-8.652889	10043.467231	10046.763463
-8.630864	10043.472514	10046.761471
-8.608839	10043.473270	10046.754916
-8.586814	10043.474027	10046.748361
-8.564789	10043.474783	10046.741808
-8.542764	10043.475539	10046.735256
-8.520739	10043.476418	10046.728766
-8.498715	10043.477306	10046.722282
-8.476690	10043.478195	10046.715799
-8.454665	10043.479084	10046.709318
-8.432640	10043.480035	10046.702872
-8.410615	10043.481084	10046.696482
-8.388590	10043.482133	10046.690093
-8.366565	10043.483182	10046.683706
-8.344540	10043.488071	10046.681160
-8.322515	10043.511398	10046.696991
-8.300490	10043.534748	10046.712836
-8.278465	10043.558099	10046.728681
-8.256440	10043.581449	10046.744528
-8.234415	10043.590806	10046.746360
-8.212390	10043.592155	10046.740137
-8.190365	10043.593505	10046.733915
-8.168340	10043.594854	10046.727694
-8.146315	10043.596204	10046.721474
-8.124290	10043.597669	10046.715316
-8.102265	10043.599170	10046.709177
-8.080240	10043.600670	10046.703038
-8.058215	10043.602171	10046.696901
-8.036190	10043.615993	10046.703071
-8.014165	10043.639792	10046.719165
-7.992140	10043.663591	10046.735259
-7.970115	10043.687390	10046.751355
-7.948090	10043.710852	10046.767116
-7.926066	10043.712616	10046.761126
-7.904041	10043.714432	10046.755165
-7.882016	10043.716249	10046.749205
-7.859991	10043.718065	10046.743247
-7.837966	10043.719902	10046.737299
-7.815941	10043.721855	10046.731410
-7.793916	10043.723809	10046.725522
-7.771891	10043.725763	10046.719634
-7.749866	10043.727717	10046.713748
-7.727841	10043.750508	10046.728654
-7.705816	10043.774780	10046.745011
-7.683791	10043.799052	10046.761368
-7.661766	10043.823324	10046.777728
-7.639741	10043.838824	10046.785310
-7.617716	10043.841112	10046.779612
-7.595691	10043.843401	10046.773915
-7.573666	10043.845691	10046.768218
-7.551641	10043.847980	10046.762524
-7.529616	10043.850350	10046.756872
-7.507591	10043.852790	10046.751257
-7.485566	10043.855230	10046.745644
-7.463541	10043.857671	10046.740032
-7.441516	10043.867144	10046.741453
-7.419491	10043.891891	10046.758072
-7.397466	10043.916640	10046.774693
-7.375441	10043.941390	10046.791315
-7.353417	10043.966140	10046.807938
-7.331392	10043.973727	10046.807367
-7.309367	10043.976478	10046.801921
-7.287342	10043.979230	10046.796475
-7.265317	10043.981982	10046.791031
-7.243292	10043.984734	10046.785588
-7.221267	10043.987642	10046.780230
-7.199242	10043.990567	10046.774880
-7.177217	10043.993491	10046.769531
-7.155192	10043.996415	10046.764184
-7.133167	10044.014881	10046.774351
-7.111142	10044.040125	10046.791247
-7.089117	10044.065369	10046.808144
-7.067092	10044.090612	10046.825042
-7.045067	10044.112328	10046.838414
-7.023042	10044.115554	10046.833230
-7.001017	10044.118806	10046.828061
-6.978992	10044.122058	10046.822892
-6.956967	10044.125310	10046.817725
-6.934942	10044.128609	10046.812582
-6.912917	10044.132018	10046.807497
-6.890892	10044.135428	10046.802413
-6.868867	10044.138837	10046.797329
-6.846842	10044.144023	10046.794023
-6.824817	10044.169714	10046.811161
-6.802793	10044.195450	10046.828323
-6.780768	10044.221185	10046.845486
-6.758743	10044.246920	10046.862650
-6.736718	10044.260717	10046.867859
-6.714693	10044.264474	10046.862967
-6.692668	10044.268231	10046.858075
-6.670643	10044.271989	10046.853184
-6.648618	10044.275770	10046.848319
-6.626593	10044.301796	10046.865643
-6.604568	10044.327879	10046.882998
-6.582543	10044.353963	10046.900353
-6.560518	10044.380046	10046.917710
-6.538493	10044.395927	10046.924855
-6.516468	10044.400020	10046.920144
-6.494443	10044.404113	10046.915434
-6.472418	10044.408206	10046.910724
-6.450393	10044.412300	10046.906016
-6.428368	10044.416498	10046.901364
-6.406343	10044.420770	10046.896750
-6.384318	10044.425042	10046.892137
-6.362293	10044.429313	10046.887525
-6.340268	10044.442066	10046.891390
-6.318243	10044.468648	10046.909011
-6.296218	10044.495231	10046.926633
-6.274193	10044.521813	10046.944255
-6.252168	10044.548395	10046.961879
-6.230144	10044.556400	10046.960881
-6.208119	10044.561014	10046.956449
-6.186094	10044.565627	10046.952018
-6.164069	10044.570241	10046.947589
-6.142044	10044.581574	10046.949880
-6.120019	10044.608509	10046.967692
-6.097994	10044.635449	10046.985508
-6.075969	10044.662388	10047.003324
-6.053944	10044.689328	10047.021142
-6.031919	10044.699428	10047.022083
-6.009894	10044.704398	10047.017845
-5.987869	10044.709369	10047.013608
-5.965844	10044.714340	10047.009373
-5.943819	10044.719311	10047.005138
-5.921794	10044.724441	10047.000987
-5.899769	10044.729591	10046.996847
-5.877744	10044.734740	10046.992707
-5.855719	10044.739889	10046.988570
-5.833694	10044.760270	10046.999633
-5.811669	10044.787752	10047.017740
-5.789644	10044.815233	10047.035848
-5.767619	10044.842714	10047.053957
-5.745594	10044.866980	10047.068852
-5.723569	10044.872449	10047.064879
-5.701544	10044.877950	10047.060923
-5.679520	10044.883450	10047.056966
-5.657495	10044.888951	10047.053012
-5.635470	10044.907921	10047.062502
-5.613445	10044.935767	10047.080804
-5.591420	10044.963613	10047.099108
-5.569395	10044.991459	10047.117412
-5.547370	10045.017841	10047.134253
-5.525345	10045.023674	10047.130478
-5.503320	10045.029556	10047.126729
-5.481295	10045.035438	10047.122980
-5.459270	10045.041320	10047.119233
-5.437245	10045.047236	10047.115502
-5.415220	10045.053288	10047.111838
-5.393195	10045.059340	10047.108175
-5.371170	10045.065391	10047.104513
-5.349145	10045.071443	10047.100852
-5.327120	10045.099487	10047.119123
-5.305095	10045.127888	10047.137720
-5.283070	10045.156288	10047.156317
-5.261045	10045.184688	10047.174915
-5.239020	10045.203199	10047.183613
-5.216995	10045.209622	10047.180146
-5.194970	10045.216046	10047.176679
-5.172945	10045.222470	10047.173212
-5.150920	10045.228895	10047.169748
-5.128895	10045.255546	10047.186455
-5.106871	10045.284322	10047.205248
-5.084846	10045.313098	10047.224042
-5.062821	10045.341874	10047.242837
-5.040796	10045.362499	10047.253477
-5.018771	10045.369304	10047.250217
-4.996746	10045.376109	10047.246957
-4.974721	10045.382915	10047.243698
-4.952696	10045.389720	10047.240441
-4.930671	10045.414990	10047.255591
-4.908646	10045.444157	10047.274583
-4.886621	10045.473324	10047.293575
-4.864596	10045.502491	10047.312569
-4.842571	10045.525251	10047.325157
-4.820546	10045.532425	10047.322089
-4.798521	10045.539607	10047.319026
-4.776496	10045.546788	10047.315963
-4.754471	10045.553969	10047.312902
-4.732446	10045.577847	10047.326489
-4.710421	10045.607391	10047.345678
-4.688396	10045.636935	10047.364867
-4.666371	10045.666479	10047.384058
-4.644346	10045.691368	10047.398594
-4.622321	10045.698935	10047.395729
-4.600296	10045.706526	10047.392877
-4.578271	10045.714116	10047.390025
-4.556246	10045.721707	10047.387175
-4.534222	10045.729365	10047.384359
-4.512197	10045.737155	10047.381606
-4.490172	10045.744944	10047.378854
-4.468147	10045.752733	10047.376103
-4.446122	10045.763425	10047.376257
-4.424097	10045.793509	10047.395733
-4.402072	10045.823629	10047.415228
-4.380047	10045.853749	10047.434724
-4.358022	10045.883868	10047.454222
-4.335997	10045.900942	10047.460643
-4.313972	10045.909127	10047.458090
-4.291947	10045.917312	10047.455537
-4.269922	10045.925497	10047.452986
-4.247897	10045.934833	10047.451587
-4.225872	10045.965308	10047.471263
-4.203847	10045.995837	10047.490970
-4.181822	10046.026366	10047.510676
-4.159797	10046.056895	10047.530385
-4.137772	10046.076110	10047.538761
-4.115747	10046.084689	10047.536417
-4.093722	10046.093267	10047.534073
-4.071697	10046.101846	10047.531730
-4.049672	10046.110424	10047.529389
-4.027647	10046.140699	10047.548669
-4.005622	10046.171654	10047.568589
-3.983598	10046.202610	10047.588509
-3.961573	10046.233565	10047.608431
-3.939548	10046.254941	10047.618765
-3.917523	10046.263927	10047.616631
-3.895498	10046.272913	10047.614499
-3.873473	10046.281899	10047.612366
-3.851448	10046.290886	10047.610236
-3.829423	10046.319792	10047.627959
-3.807398	10046.351144	10047.648079
-3.785373	10046.382497	10047.668199
-3.763348	10046.413849	10047.688320
-3.741323	10046.437362	10047.700598
-3.719298	10046.446773	10047.698678
-3.697273	10046.456185	10047.696759
-3.675248	10046.465598	10047.694840
-3.653223	10046.475011	10047.692923
-3.631198	10046.502566	10047.709099
-3.609173	10046.534327	10047.729430
-3.587148	10046.566089	10047.749761
-3.565123	10046.597851	10047.770093
-3.543098	10046.623517	10047.784332
-3.521073	10046.633328	10047.782617
-3.499048	10046.643150	10047.780908
-3.477023	10046.652972	10047.779201
-3.454998	10046.662794	10047.777495
-3.432973	10046.672709	10047.775834
-3.410949	10046.682760	10047.774239
-3.388924	10046.692811	10047.772645
-3.366899	10046.702862	10047.771052
-3.344874	10046.717256	10047.773803
-3.322849	10046.749632	10047.794437
-3.300824	10046.782034	10047.815083
-3.278799	10046.814436	10047.835730
-3.256774	10046.846838	10047.856378
-3.234749	10046.864771	10047.862524
-3.212724	10046.875247	10047.861143
-3.190699	10046.885723	10047.859762
-3.168674	10046.896198	10047.858382
-3.146649	10046.909265	10047.859594
-3.124624	10046.942061	10047.880444
-3.102599	10046.974903	10047.901315
-3.080574	10047.007745	10047.922187
-3.058549	10047.040586	10047.943060
-3.036524	10047.060695	10047.951172
-3.014499	10047.071614	10047.950006
-2.992474	10047.082533	10047.948841
-2.970449	10047.093452	10047.947677
-2.948424	10047.105210	10047.947353
-2.926399	10047.138420	10047.968409
-2.904374	10047.171688	10047.989493
-2.882349	10047.204956	10048.010578
-2.860324	10047.238224	10048.031665
-2.838300	10047.260493	10048.041733
-2.816275	10047.271838	10048.040781
-2.794250	10047.283183	10048.039829
-2.772225	10047.294528	10048.038878
-2.750200	10047.305873	10048.037929
-2.728175	10047.338610	10048.058288
-2.706150	10047.372349	10048.079602
-2.684125	10047.406087	10048.100917
-2.662100	10047.439826	10048.122233
-2.640075	10047.464297	10048.134272
-2.618050	10047.476085	10048.133536
-2.596025	10047.487873	10048.132800
-2.574000	10047.499661	10048.132065
-2.551975	10047.511450	10048.131331
-2.529950	10047.542857	10048.150150
-2.507925	10047.577037	10048.171690
-2.485900	10047.611217	10048.193230
-2.463875	10047.645397	10048.214771
-2.441850	10047.672048	10048.228780
-2.419825	10047.684291	10048.228261
-2.397800	10047.696537	10048.227743
-2.375775	10047.708782	10048.227225
-2.353750	10047.721028	10048.226710
-2.331725	10047.733388	10048.226251
-2.309700	10047.745876	10048.225859
-2.287676	10047.758364	10048.225466
-2.265651	10047.770852	10048.225075
-2.243626	10047.789123	10048.230467
-2.221601	10047.823974	10048.252330
-2.199576	10047.858841	10048.274202
-2.177551	10047.893707	10048.296073
-2.155526	10047.928573	10048.317947
-2.133501	10047.947549	10048.323879
-2.111476	10047.960496	10048.323704
-2.089451	10047.973443	10048.323530
-2.067426	10047.986390	10048.323357
-2.045401	10048.003367	10048.327215
-2.023376	10048.038673	10048.349289
-2.001351	10048.074015	10048.371381
-1.979326	10048.109357	10048.393473
-1.957301	10048.144699	10048.415567
-1.935276	10048.165883	10048.423466
-1.913251	10048.179302	10048.423521
-1.891226	10048.192721	10048.423576
-1.869201	10048.206140	10048.423632
-1.847176	10048.221838	10048.425968
-1.825151	10048.257585	10048.448262
-1.803126	10048.293383	10048.470581
-1.781101	10048.329182	10048.492900
-1.759076	10048.364981	10048.515222
-1.737051	10048.388364	10048.525093
-1.715027	10048.402272	10048.525380
-1.693002	10048.416180	10048.525667
-1.670977	10048.430088	10048.525955
-1.648952	10048.443997	10048.526245
-1.626927	10048.458064	10048.526611
-1.604902	10048.472202	10048.527012
-1.582877	10048.486339	10048.527413
-1.560852	10048.500477	10048.527816
-1.538827	10048.525379	10048.538961
-1.516802	10048.561912	10048.561618
-1.494777	10048.598444	10048.584276
-1.472752	10048.634977	10048.606934
-1.450727	10048.671510	10048.629594
-1.428702	10048.687268	10048.631405
-1.406677	10048.701895	10048.632038
-1.384652	10048.716521	10048.632671
-1.362627	10048.731148	10048.633306
-1.340602	10048.754769	10048.642923
-1.318577	10048.791790	10048.665812
-1.296552	10048.828812	10048.688702
-1.274527	10048.865834	10048.711592
-1.252502	10048.902856	10048.734484
-1.230477	10048.920844	10048.738270
-1.208452	10048.935976	10048.739137
-1.186427	10048.951107	10048.740005
-1.164402	10048.966238	10048.740873
-1.142378	10048.981372	10048.741743
-1.120353	10048.996732	10048.742714
-1.098328	10049.012094	10048.743685
-1.076303	10049.027456	10048.744657
-1.054278	10049.042818	10048.745631
-1.032253	10049.075728	10048.764084
-1.010228	10049.113514	10048.787336
-0.988203	10049.151300	10048.810588
-0.966178	10049.189086	10048.833841
-0.944153	10049.221403	10048.851626
-0.922128	10049.237264	10048.852833
-0.900103	10049.253144	10048.854051
-0.878078	10049.269025	10048.855268
-0.856053	10049.284905	10048.856488
-0.834028	10049.300880	10048.857747
-0.812003	10049.317007	10048.859071
-0.789978	10049.333133	10048.860395
-0.767953	10049.349260	10048.861720
-0.745928	10049.369105	10048.866764
-0.723903	10049.407614	10048.890348
-0.701878	10049.446166	10048.913952
-0.679853	10049.484719	10048.937557
-0.657828	10049.523271	10048.961164
-0.635803	10049.547985	10048.970888
-0.613778	10049.564649	10048.972460
-0.591754	10049.581312	10048.974033
-0.569729	10049.597976	10048.975606
-0.547704	10049.616605	10048.979147
-0.525679	10049.655606	10049.002958
-0.503654	10049.694665	10049.026797
-0.481629	10049.733723	10049.050636
-0.459604	10049.772782	10049.074477
-0.437579	10049.799737	10049.086179
-0.415554	10049.816921	10049.087987
-0.393529	10049.834104	10049.089796
-0.371504	10049.851288	10049.091606
-0.349479	10049.868471	10049.093417
-0.327454	10049.885834	10049.095307
-0.305429	10049.903279	10049.097234
-0.283404	10049.920724	10049.099162
-0.261379	10049.938169	10049.101091
-0.239354	10049.955653	10049.103036
-0.217329	10049.973359	10049.105082
-0.195304	10049.991066	10049.107127
-0.173279	10050.008772	10049.109174
-0.151254	10050.026479	10049.111222
-0.129229	10050.064965	10049.133953
-0.107204	10050.105098	10049.158269
-0.085179	10050.145230	10049.182586
-0.063154	10050.185363	10049.206904
-0.041129	10050.216854	10049.222569
-0.019105	10050.235111	10049.224865
0.002920	10050.253370	10049.227161
0.024945	10050.271628	10049.229458
0.046970	10050.289887	10049.231757
0.068995	10050.308291	10049.234117
0.091020	10050.326826	10049.236533
0.113045	10050.345360	10049.238950
0.135070	10050.363894	10049.241369
0.157095	10050.389339	10049.250697
0.179120	10050.430281	10049.275380
0.201145	10050.471227	10049.300065
0.223170	10050.512173	10049.324751
0.245195	10050.553119	10049.349439
0.267220	10050.577088	10049.357072
0.289245	10050.596176	10049.359729
0.311270	10050.615265	10049.362387
0.333295	10050.634353	10049.365046
0.355320	10050.653441	10049.367707
0.377345	10050.672768	10049.370471
0.399370	10050.692119	10049.373248
0.421395	10050.711470	10049.376024
0.443420	10050.730822	10049.378803
0.465445	10050.765642	10049.396986
0.487470	10050.807449	10049.422047
0.509495	10050.849255	10049.447108
0.531520	10050.891061	10049.472171
0.553544	10050.929462	10049.493829
0.575569	10050.949335	10049.496837
0.597594	10050.969254	10049.499866
0.619619	10050.989173	10049.502896
0.641644	10051.009092	10049.505927
0.663669	10051.029096	10049.508993
0.685694	10051.049307	10049.512144
0.707719	10051.069518	10049.515297
0.729744	10051.089730	10049.518450
0.751769	10051.109941	10049.521604
0.773794	10051.130372	10049.524848
0.795819	10051.150875	10049.528122
0.817844	10051.171379	10049.531397
0.839869	10051.191883	10049.534674
0.861894	10051.212448	10049.537978
0.883919	10051.233243	10049.541385
0.905944	10051.254039	10049.544792
0.927969	10051.274835	10049.548200
0.949994	10051.295631	10049.551610
0.972019	10051.338675	10049.577151
0.994044	10051.381914	10049.602831
1.016069	10051.425152	10049.628512
1.038094	10051.468391	10049.654194
1.060119	10051.501568	10049.669791
1.082144	10051.522950	10049.673444
1.104168	10051.544332	10049.677097
1.126193	10051.565714	10049.680751
1.148218	10051.587096	10049.684406
1.170243	10051.608651	10049.688137
1.192268	10051.630325	10049.691922
1.214293	10051.651999	10049.695708
1.236318	10051.673674	10049.699495
1.258343	10051.695367	10049.703289
1.280368	10051.717347	10049.707199
1.302393	10051.739329	10049.711109
1.324418	10051.761311	10049.715020
1.346443	10051.783293	10049.718933
1.368468	10051.805426	10049.722906
1.390493	10051.827702	10049.726939
1.412518	10051.849978	10049.730973
1.434543	10051.872254	10049.735008
1.456568	10051.901127	10049.745640
1.478593	10051.945855	10049.771944
1.500618	10051.990591	10049.798253
1.522643	10052.035327	10049.824563
1.544668	10052.080063	10049.850874
1.566693	10052.108136	10049.860445
1.588718	10052.131029	10049.864738
1.610743	10052.153922	10049.869031
1.632768	10052.176814	10049.873326
1.654793	10052.199707	10049.877621
1.676817	10052.222877	10049.882025
1.698842	10052.246080	10049.886444
1.720867	10052.269282	10049.890862
1.742892	10052.292484	10049.895282
1.764917	10052.315801	10049.899750
1.786942	10052.339327	10049.904305
1.808967	10052.362852	10049.908860
1.830992	10052.386377	10049.913416
1.853017	10052.409903	10049.917973
1.875042	10052.433668	10049.922628
1.897067	10052.457487	10049.927306
1.919092	10052.481306	10049.931984
1.941117	10052.505125	10049.936664
1.963142	10052.529035	10049.941378
1.985167	10052.553180	10049.946184
2.007192	10052.577326	10049.950989
2.029217	10052.601471	10049.955796
2.051242	10052.625617	10049.960604
2.073267	10052.650000	10049.965509
2.095292	10052.674467	10049.970451
2.117317	10052.698934	10049.975394
2.139342	10052.723400	10049.980338
2.161367	10052.747932	10049.985306
2.183392	10052.772727	10049.990376
2.205417	10052.797522	10049.995446
2.227441	10052.822317	10050.000516
2.249466	10052.847111	10050.005589
2.271491	10052.872109	10050.010740
2.293516	10052.897212	10050.015935
2.315541	10052.922314	10050.021130
2.337566	10052.947417	10050.026327
2.359591	10052.982349	10050.041327
2.381616	10053.029943	10050.068812
2.403641	10053.077537	10050.096296
2.425666	10053.125132	10050.123782
2.447691	10053.172726	10050.151269
2.469716	10053.200522	10050.158839
2.491741	10053.226291	10050.164301
2.513766	10053.252060	10050.169762
2.535791	10053.277828	10050.175226
2.557816	10053.303613	10050.180694
2.579841	10053.329718	10050.186294
2.601866	10053.355825	10050.191895
2.623891	10053.381933	10050.197496
2.645916	10053.408040	10050.203099
2.667941	10053.434311	10050.208763
2.689966	10053.460746	10050.214491
2.711991	10053.487181	10050.220220
2.734016	10053.513617	10050.225949
2.756041	10053.540052	10050.231680
2.778066	10053.566814	10050.237532
2.800090	10053.593590	10050.243389
2.822115	10053.620365	10050.249248
2.844140	10053.647140	10050.255108
2.866165	10053.674059	10050.261024
2.888190	10053.701176	10050.267021
2.910215	10053.728293	10050.273019
2.932240	10053.755410	10050.279017
2.954265	10053.782526	10050.285017
2.976290	10053.809956	10050.291137
2.998315	10053.837426	10050.297276
3.020340	10053.864897	10050.303415
3.042365	10053.892367	10050.309555
3.064390	10053.919951	10050.315735
3.086415	10053.947751	10050.321991
3.108440	10053.975552	10050.328248
3.130465	10054.003352	10050.334505
3.152490	10054.031152	10050.340764
3.174515	10054.059238	10050.347134
3.196540	10054.087394	10050.353532
3.218565	10054.115549	10050.359930
3.240590	10054.143705	10050.366330
3.262615	10054.171959	10050.372766
3.284640	10054.200485	10050.379308
3.306665	10054.229011	10050.385850
3.328690	10054.257538	10050.392392
3.350715	10054.285036	10050.397907
3.372739	10054.291649	10050.382390
3.394764	10054.298353	10050.366909
3.416789	10054.305056	10050.351428
3.438814	10054.311760	10050.335949
3.460839	10054.329762	10050.331722
3.482864	10054.358988	10050.338525
3.504889	10054.388215	10050.345328
3.526914	10054.417442	10050.352133
3.548939	10054.446669	10050.358938
3.570964	10054.476136	10050.365834
3.592989	10054.505735	10050.372781
3.615014	10054.535334	10050.379729
3.637039	10054.564934	10050.386678
3.659064	10054.594571	10050.393641
3.681089	10054.624525	10050.400729
3.703114	10054.654479	10050.407818
3.725139	10054.684434	10050.414907
3.747164	10054.714388	10050.421998
3.769189	10054.744548	10050.429156
3.791214	10054.774865	10050.436367
3.813239	10054.805181	10050.443579
3.835264	10054.835498	10050.450792
3.857289	10054.865827	10050.458008
3.879314	10054.896512	10050.465363
3.901339	10054.927199	10050.472718
3.923363	10054.957887	10050.480073
3.945388	10054.988574	10050.487430
3.967413	10055.019451	10050.494857
3.989438	10055.050526	10050.502357
4.011463	10055.081601	10050.509859
4.033488	10055.112676	10050.517361
4.055513	10055.143751	10050.524864
4.077538	10055.175181	10050.532491
4.099563	10055.206630	10050.540127
4.121588	10055.238079	10050.547762
4.143613	10055.269529	10050.555400
4.165638	10055.284960	10050.546919
4.187663	10055.294634	10050.532538
4.209688	10055.304309	10050.518158
4.231713	10055.313983	10050.503778
4.253738	10055.327878	10050.493620
4.275763	10055.360052	10050.501517
4.297788	10055.392279	10050.509435
4.319813	10055.424505	10050.517353
4.341838	10055.456732	10050.525273
4.363863	10055.489086	10050.533239
4.385888	10055.521702	10050.541303
4.407913	10055.554318	10050.549367
4.429938	10055.586934	10050.557432
4.451963	10055.619549	10050.565498
4.473988	10055.652451	10050.573658
4.496012	10055.685429	10050.581845
4.518037	10055.718407	10050.590032
4.540062	10055.751385	10050.598221
4.562087	10055.784468	10050.606446
4.584112	10055.817864	10050.614782
4.606137	10055.851261	10050.623120
4.628162	10055.884657	10050.631458
4.650187	10055.917337	10050.639081
4.672212	10055.928871	10050.625372
4.694237	10055.940522	10050.611707
4.716262	10055.952172	10050.598042
4.738287	10055.963823	10050.584379
4.760312	10055.986456	10050.581654
4.782337	10056.020647	10050.590276
4.804362	10056.054838	10050.598898
4.826387	10056.089028	10050.607521
4.848412	10056.123219	10050.616145
4.870437	10056.157668	10050.624854
4.892462	10056.192266	10050.633615
4.914487	10056.226865	10050.642376
4.936512	10056.261464	10050.651139
4.958537	10056.296101	10050.659915
4.980562	10056.331102	10050.668823
5.002587	10056.366104	10050.677733
5.024612	10056.401105	10050.686643
5.046637	10056.436107	10050.695554
5.068661	10056.451980	10050.685178
5.090686	10056.465254	10050.672078
5.112711	10056.478527	10050.658978
5.134736	10056.491800	10050.645879
5.156761	10056.512495	10050.640194
5.178786	10056.548352	10050.649397
5.200811	10056.584213	10050.658600
5.222836	10056.620074	10050.667804
5.244861	10056.655935	10050.677009
5.266886	10056.691989	10050.686278
5.288911	10056.728256	10050.695620
5.310936	10056.764523	10050.704963
5.332961	10056.800791	10050.714306
5.354986	10056.831398	10050.717991
5.377011	10056.845923	10050.705324
5.399036	10056.860475	10050.692669
5.421061	10056.875028	10050.680013
5.443086	10056.889580	10050.667360
5.465111	10056.920154	10050.670615
5.487136	10056.957267	10050.680239
5.509161	10056.994379	10050.689864
5.531186	10057.031492	10050.699489
5.553211	10057.068605	10050.709116
5.575236	10057.106102	10050.718880
5.597261	10057.143664	10050.728669
5.619285	10057.181226	10050.738458
5.641310	10057.218788	10050.748249
5.663335	10057.242378	10050.743973
5.685360	10057.258215	10050.731743
5.707385	10057.274051	10050.719514
5.729410	10057.289888	10050.707285
5.751435	10057.307881	10050.697213
5.773460	10057.346219	10050.707253
5.795485	10057.384659	10050.717329
5.817510	10057.423099	10050.727405
5.839535	10057.461538	10050.737483
5.861560	10057.500087	10050.747594
5.883585	10057.538981	10050.757815
5.905610	10057.577874	10050.768037
5.927635	10057.616768	10050.778259
5.949660	10057.655259	10050.788079
5.971685	10057.672318	10050.776258
5.993710	10057.689514	10050.764484
6.015735	10057.706710	10050.752710
6.037760	10057.723906	10050.740938
6.059785	10057.751776	10050.739791
6.081810	10057.791561	10050.750311
6.103835	10057.831346	10050.760831
6.125860	10057.871131	10050.771352
6.147885	10057.910917	10050.781874
6.169910	10057.930192	10050.771683
6.191934	10057.948298	10050.760201
6.213959	10057.966404	10050.748719
6.235984	10057.984511	10050.737238
6.258009	10058.011508	10050.734621
6.280034	10058.052230	10050.745445
6.302059	10058.092955	10050.756271
6.324084	10058.133679	10050.767097
6.346109	10058.174404	10050.777925
6.368134	10058.215383	10050.788830
6.390159	10058.256577	10050.799803
6.412184	10058.297771	10050.810777
6.434209	10058.338965	10050.821752
6.456234	10058.373067	10050.825629
6.478259	10058.392590	10050.814609
6.500284	10058.412119	10050.803592
6.522309	10058.431647	10050.792576
6.544334	10058.451176	10050.781560
6.566359	10058.488215	10050.787904
6.588384	10058.530351	10050.799174
6.610409	10058.572488	10050.810443
6.632434	10058.614625	10050.821714
6.654459	10058.651415	10050.827639
6.676484	10058.671862	10050.816905
6.698509	10058.692347	10050.806186
6.720534	10058.712832	10050.795468
6.742559	10058.733317	10050.784750
6.764583	10058.769535	10050.789635
6.786608	10058.812659	10050.801217
6.808633	10058.855783	10050.812799
6.830658	10058.898907	10050.824381
6.852683	10058.938435	10050.832370
6.874708	10058.959831	10050.821937
6.896733	10058.981304	10050.811530
6.918758	10059.002778	10050.801123
6.940783	10059.024252	10050.790719
6.962808	10059.059668	10050.794152
6.984833	10059.103779	10050.806046
7.006858	10059.147890	10050.817940
7.028883	10059.192000	10050.829835
7.050908	10059.234268	10050.839888
7.072933	10059.256625	10050.829748
7.094958	10059.279102	10050.819646
7.116983	10059.301580	10050.809545
7.139008	10059.324058	10050.799445
7.161033	10059.358692	10050.801420
7.183058	10059.403824	10050.813621
7.205083	10059.448956	10050.825822
7.227108	10059.494088	10050.838024
7.249133	10059.539129	10050.850136
7.271158	10059.562465	10050.840299
7.293183	10059.585963	10050.830514
7.315207	10059.609462	10050.820729
7.337232	10059.632961	10050.810946
7.359257	10059.656537	10050.801184
7.381282	10059.680555	10050.791543
7.403307	10059.704573	10050.781904
7.425332	10059.728591	10050.772265
7.447357	10059.752609	10050.762627
7.469382	10059.797440	10050.773577
7.491407	10059.844142	10050.786254
7.513432	10059.890843	10050.798932
7.535457	10059.937544	10050.811611
7.557482	10059.975745	10050.815761
7.579507	10060.000827	10050.806454
7.601532	10060.025912	10050.797148
7.623557	10060.050998	10050.787842
7.645582	10060.076083	10050.778538
7.667607	10060.120189	10050.788047
7.689632	10060.167959	10050.801038
7.711657	10060.215729	10050.814029
7.733682	10060.263499	10050.827022
7.755707	10060.304485	10050.833229
7.777732	10060.330646	10050.824235
7.799757	10060.356815	10050.815245
7.821782	10060.382985	10050.806255
7.843807	10060.409154	10050.797267
7.865832	10060.435565	10050.788343
7.887856	10060.462271	10050.779500
7.909881	10060.488977	10050.770658
7.931906	10060.515682	10050.761817
7.953931	10060.547423	10050.758011
7.975956	10060.596807	10050.771475
7.997981	10060.646244	10050.784956
8.020006	10060.695680	10050.798437
8.042031	10060.745117	10050.811921
8.064056	10060.779524	10050.810227
8.086081	10060.807360	10050.801716
8.108106	10060.835196	10050.793207
8.130131	10060.863032	10050.784698
8.152156	10060.894151	10050.779472
8.174181	10060.944610	10050.793246
8.196206	10060.995165	10050.807048
8.218231	10061.045720	10050.820851
8.240256	10061.096275	10050.834655
8.262281	10061.133516	10050.835025
8.284306	10061.162500	10050.826850
8.306331	10061.191483	10050.818675
8.328356	10061.220467	10050.810501
8.350381	10061.249450	10050.802328
8.372406	10061.278875	10050.794269
8.394431	10061.308444	10050.786248
8.416456	10061.338013	10050.778228
8.438480	10061.367582	10050.770209
8.460505	10061.409002	10050.773953
8.482530	10061.461288	10050.788244
8.504555	10061.513575	10050.802536
8.526580	10061.565861	10050.816829
8.548605	10061.618148	10050.831122
8.570630	10061.648927	10050.823604
8.592655	10061.679690	10050.815925
8.614680	10061.710452	10050.808247
8.636705	10061.741215	10050.800570
8.658730	10061.772058	10050.792912
8.680755	10061.803405	10050.785387
8.702780	10061.834753	10050.777863
8.724805	10061.866102	10050.770339
8.746830	10061.897450	10050.762817
8.768855	10061.949340	10050.775575
8.790880	10062.003451	10050.790378
8.812905	10062.057563	10050.805183
8.834930	10062.111675	10050.819988
8.856955	10062.157598	10050.826577
8.878980	10062.190185	10050.819400
8.901005	10062.222775	10050.812224
8.923030	10062.255365	10050.805048
8.945055	10062.287955	10050.797874
8.967080	10062.320855	10050.790779
8.989105	10062.354047	10050.783760
9.011129	10062.387240	10050.776741
9.033154	10062.420432	10050.769723
9.055179	10062.453625	10050.762706
9.077204	10062.487460	10050.755865
9.099229	10062.521312	10050.749031
9.121254	10062.555164	10050.742197
9.143279	10062.589015	10050.735364
9.165304	10062.639803	10050.745271
9.187329	10062.696406	10050.760744
9.209354	10062.753009	10050.776217
9.231379	10062.809612	10050.791691
9.253404	10062.861493	10050.802443
9.275429	10062.896566	10050.795933
9.297454	10062.931710	10050.789445
9.319479	10062.966854	10050.782956
9.341504	10063.001998	10050.776470
9.363529	10063.037363	10050.770038
9.385554	10063.073123	10050.763708
9.407579	10063.108884	10050.757378
9.429604	10063.144645	10050.751050
9.451629	10063.180405	10050.744722
9.473654	10063.216732	10050.738545
9.495679	10063.253184	10050.732405
9.517704	10063.289636	10050.726265
9.539729	10063.326088	10050.720126
9.561754	10063.375891	10050.727201
9.583778	10063.435142	10050.743374
9.605803	10063.494394	10050.759547
9.627828	10063.553645	10050.775722
9.649853	10063.611678	10050.790679
9.671878	10063.649293	10050.784834
9.693903	10063.687089	10050.779036
9.715928	10063.724884	10050.773239
9.737953	10063.762680	10050.767444
9.759978	10063.800612	10050.761682
9.782003	10063.839085	10050.756062
9.804028	10063.877559	10050.750443
9.826053	10063.916033	10050.744824
9.848078	10063.954507	10050.739206
9.870103	10063.993438	10050.733704
9.892128	10064.032605	10050.728264
9.914153	10064.071773	10050.722824
9.936178	10064.110940	10050.717386
9.958203	10064.159862	10050.721634
9.980228	10064.221903	10050.738528
10.002253	10064.283947	10050.755423
10.024278	10064.345990	10050.772318
10.046303	10064.408033	10050.789215
10.068328	10064.450607	10050.786341
10.090353	10064.491181	10050.781253
10.112378	10064.531755	10050.776166
10.134402	10064.572329	10050.771080
10.156427	10064.612939	10050.766001
10.178452	10064.654249	10050.761098
10.200477	10064.695562	10050.756197
10.222502	10064.736876	10050.751296
10.244527	10064.778190	10050.746397
10.266552	10064.819877	10050.741588
10.288577	10064.861934	10050.736874
10.310602	10064.903992	10050.732159
10.332627	10064.946050	10050.727446
10.354652	10064.988108	10050.722733
10.376677	10065.030863	10050.718194
10.398702	10065.073645	10050.713664
10.420727	10065.116427	10050.709134
10.442752	10065.159209	10050.704605
10.464777	10065.218673	10050.716515
10.486802	10065.284364	10050.734323
10.508827	10065.350054	10050.752132
10.530852	10065.415745	10050.769942
10.552877	10065.477025	10050.783343
10.574902	10065.521237	10050.779159
10.596927	10065.565537	10050.774996
10.618952	10065.609837	10050.770834
10.640977	10065.654137	10050.766674
10.663002	10065.698704	10050.762577
10.685027	10065.743776	10050.758605
10.707051	10065.788847	10050.754634
10.729076	10065.833919	10050.750663
10.751101	10065.878991	10050.746694
10.773126	10065.924689	10050.742867
10.795151	10065.970538	10050.739078
10.817176	10066.016386	10050.735288
10.839201	10066.062235	10050.731500
10.861226	10066.108294	10050.727762
10.883251	10066.154931	10050.724165
10.905276	10066.201569	10050.720568
10.927301	10066.248207	10050.716973
10.949326	10066.294844	10050.713378
10.971351	10066.342066	10050.709922
10.993376	10066.389508	10050.706521
11.015401	10066.436950	10050.703121
11.037426	10066.484392	10050.699721
11.059451	10066.543093	10050.707462
11.081476	10066.613508	10050.726409
11.103501	10066.683924	10050.745357
11.125526	10066.754339	10050.764305
11.147551	10066.824754	10050.783254
11.169576	10066.874387	10050.781017
11.191601	10066.923458	10050.778000
11.213626	10066.972529	10050.774983
11.235651	10067.021600	10050.771967
11.257676	10067.070765	10050.768972
11.279700	10067.120672	10050.766144
11.301725	10067.170582	10050.763318
11.323750	10067.220491	10050.760492
11.345775	10067.270401	10050.757668
11.367800	10067.320795	10050.754955
11.389825	10067.371556	10050.752331
11.411850	10067.422318	10050.749707
11.433875	10067.473080	10050.747084
11.455900	10067.523871	10050.744467
11.477925	10067.575481	10050.742044
11.499950	10067.627097	10050.739622
11.521975	10067.678712	10050.737201
11.544000	10067.730328	10050.734781
11.566025	10067.782369	10050.732454
11.588050	10067.834854	10050.730227
11.610075	10067.887339	10050.728000
11.632100	10067.939823	10050.725775
11.654125	10067.998158	10050.729399
11.676150	10068.073634	10050.749518
11.698175	10068.149155	10050.769648
11.720200	10068.224677	10050.789780
11.742225	10068.300198	10050.809912
11.764250	10068.360034	10050.814075
11.786275	10068.414290	10050.812252
11.808300	10068.468546	10050.810430
11.830324	10068.522801	10050.808608
11.852349	10068.577057	10050.806787
11.874374	10068.632100	10050.805137
11.896399	10068.687259	10050.803515
11.918424	10068.742417	10050.801892
11.940449	10068.797576	10050.800271
11.962474	10068.853044	10050.798719
11.984499	10068.909134	10050.797309
12.006524	10068.965224	10050.795900
12.028549	10069.021313	10050.794491
12.050574	10069.077403	10050.793084
12.072599	10069.134221	10050.791833
12.094624	10069.191229	10050.790626
12.116649	10069.248238	10050.789419
12.138674	10069.305246	10050.788213
12.160699	10069.362495	10050.787058
12.182724	10069.420451	10050.786056
12.204749	10069.478408	10050.785055
12.226774	10069.536364	10050.784055
12.248799	10069.594321	10050.783055
12.270824	10069.652954	10050.782207
12.292849	10069.711859	10050.781422
12.314874	10069.770765	10050.780637
12.336899	10069.829671	10050.779853
12.358924	10069.888751	10050.779106
12.380949	10069.948654	10050.778533
12.402973	10070.008557	10050.777961
12.424998	10070.068460	10050.777390
12.447023	10070.128363	10050.776820
12.469048	10070.209878	10050.797378
12.491073	10070.292908	10050.819177
12.513098	10070.375939	10050.840976
12.535123	10070.458970	10050.862776
12.557148	10070.533057	10050.875553
12.579173	10070.594919	10050.875402
12.601198	10070.656784	10050.875252
12.623223	10070.718649	10050.875103
12.645248	10070.780515	10050.874954
12.667273	10070.842950	10050.874929
12.689298	10070.905842	10050.875006
12.711323	10070.968734	10050.875083
12.733348	10071.031626	10050.875161
12.755373	10071.094541	10050.875243
12.777398	10071.158453	10050.875536
12.799423	10071.222372	10050.875830
12.821448	10071.286290	10050.876125
12.843473	10071.350209	10050.876421
12.865498	10071.414632	10050.876825
12.887523	10071.479611	10050.877351
12.909548	10071.544590	10050.877877
12.931573	10071.609568	10050.878405
12.953598	10071.674547	10050.878933
12.975622	10071.740507	10050.879654
12.997647	10071.806531	10050.880391
13.019672	10071.872555	10050.881128
13.041697	10071.938579	10050.881866
13.063722	10072.005032	10050.882691
13.085747	10072.072132	10050.883652
13.107772	10072.139232	10050.884613
13.129797	10072.206332	10050.885575
13.151822	10072.273432	10050.886537
13.173847	10072.341481	10050.887701
13.195872	10072.409686	10050.888900
13.217897	10072.477892	10050.890099
13.239922	10072.546097	10050.891300
13.261947	10072.614655	10050.892572
13.283972	10072.683969	10050.894000
13.305997	10072.753283	10050.895428
13.328022	10072.822596	10050.896857
13.350047	10072.893943	10050.900320
13.372072	10072.986272	10050.924069
13.394097	10073.078844	10050.947866
13.416122	10073.171417	10050.971664
13.438147	10073.263990	10050.995464
13.460172	10073.344611	10051.007088
13.482197	10073.416203	10051.008983
13.504222	10073.487795	10051.010878
13.526246	10073.559387	10051.012774
13.548271	10073.630979	10051.014671
13.570296	10073.703379	10051.016729
13.592321	10073.776124	10051.018859
13.614346	10073.848869	10051.020990
13.636371	10073.921615	10051.023122
13.658396	10073.994547	10051.025289
13.680421	10074.068450	10051.027645
13.702446	10074.142353	10051.030002
13.724471	10074.216256	10051.032359
13.746496	10074.290159	10051.034718
13.768521	10074.364828	10051.037232
13.790546	10074.439962	10051.039845
13.812571	10074.515097	10051.042459
13.834596	10074.590232	10051.045073
13.856621	10074.665469	10051.047706
13.878646	10074.741786	10051.050548
13.900671	10074.818108	10051.053392
13.922696	10074.894430	10051.056236
13.944721	10074.970752	10051.059081
13.966746	10075.047760	10051.062065
13.988771	10075.125345	10051.065169
14.010796	10075.202931	10051.068274
14.032821	10075.280517	10051.071380
14.054846	10075.358116	10051.074488
14.076871	10075.436928	10051.077827
14.098895	10075.515749	10051.081169
14.120920	10075.594570	10051.084511
14.142945	10075.673391	10051.087854
14.164970	10075.752806	10051.091313
14.186995	10075.832908	10051.094908
14.209020	10075.913010	10051.098504
14.231045	10075.993112	10051.102100
14.253070	10076.073214	10051.105697
14.275095	10076.154514	10051.109527
14.297120	10076.235913	10051.113379
14.319145	10076.317311	10051.117230
14.341170	10076.398710	10051.121083
14.363195	10076.496038	10051.140453
14.385220	10076.600900	10051.166703
14.407245	10076.705763	10051.192953
14.429270	10076.810626	10051.219205
14.451295	10076.912016	10051.241984
14.473320	10076.995876	10051.246314
14.495345	10077.079946	10051.250688
14.517370	10077.164016	10051.255062
14.539395	10077.248086	10051.259438
14.561420	10077.332563	10051.263889
14.583445	10077.417964	10051.268513
14.605470	10077.503365	10051.273139
14.627495	10077.588766	10051.277765
14.649520	10077.674167	10051.282391
14.671544	10077.760635	10051.287214
14.693569	10077.847429	10051.292099
14.715594	10077.934222	10051.296984
14.737619	10078.021015	10051.301870
14.759644	10078.108130	10051.306819
14.781669	10078.196343	10051.311986
14.803694	10078.284556	10051.317155
14.825719	10078.372769	10051.322324
14.847744	10078.460982	10051.327493
14.869769	10078.550164	10051.332840
14.891794	10078.639786	10051.338270
14.913819	10078.729408	10051.343701
14.935844	10078.819030	10051.349132
14.957869	10078.908870	10051.354603
14.979894	10078.999946	10051.360301
15.001919	10079.091024	10051.366000
15.023944	10079.182101	10051.371699
15.045969	10079.273179	10051.377400
15.067994	10079.365161	10051.383270
15.090019	10079.457723	10051.389251
15.112044	10079.550285	10051.395233
15.134069	10079.642848	10051.401216
15.156094	10079.735518	10051.407218
15.178119	10079.829561	10051.413481
15.200144	10079.923610	10051.419745
15.222168	10080.017658	10051.426010
15.244193	10080.111707	10051.432277
15.266218	10080.225184	10051.457304
15.288243	10080.342917	10051.485998
15.310268	10080.460650	10051.514693
15.332293	10080.578383	10051.543389
15.354318	10080.689453	10051.565422
15.376343	10080.786583	10051.572255
15.398368	10080.883730	10051.579094
15.420393	10080.980876	10051.585932
15.442418	10081.078022	10051.592773
15.464443	10081.175874	10051.599739
15.486468	10081.274587	10051.606861
15.508493	10081.373299	10051.613984
15.530518	10081.472012	10051.621108
15.552543	10081.570725	10051.628233
15.574568	10081.670907	10051.635619
15.596593	10081.771231	10051.643033
15.618618	10081.871555	10051.650448
15.640643	10081.971879	10051.657863
15.662668	10082.072807	10051.665389
15.684693	10082.174758	10051.673105
15.706718	10082.276708	10051.680822
15.728743	10082.378659	10051.688540
15.750768	10082.480610	10051.696259
15.772793	10082.583943	10051.704222
15.794817	10082.687554	10051.712237
15.816842	10082.791165	10051.720252
15.838867	10082.894776	10051.728268
15.860892	10082.998887	10051.736375
15.882917	10083.104203	10051.744703
15.904942	10083.209520	10051.753032
15.926967	10083.314836	10051.761362
15.948992	10083.420152	10051.769693
15.971017	10083.526767	10051.778252
15.993042	10083.633805	10051.786887
16.015067	10083.740844	10051.795524
16.037092	10083.847883	10051.804161
16.059117	10083.966901	10051.824470
16.081142	10084.097828	10051.855565
16.103167	10084.228755	10051.886660
16.125192	10084.359682	10051.917756
16.147217	10084.490609	10051.948853
16.169242	10084.600923	10051.958352
16.191267	10084.711470	10051.967610
16.213292	10084.822017	10051.976869
16.235317	10084.932563	10051.986129
16.257342	10085.043360	10051.995432
16.279367	10085.155735	10052.005022
16.301392	10085.268113	10052.014613
16.323417	10085.380492	10052.024204
16.345441	10085.492870	10052.033796
16.367466	10085.606340	10052.043572
16.389491	10085.720551	10052.053475
16.411516	10085.834761	10052.063379
16.433541	10085.948972	10052.073284
16.455566	10086.063295	10052.083207
16.477591	10086.179393	10052.093450
16.499616	10086.295498	10052.103695
16.521641	10086.411603	10052.113940
16.543666	10086.527709	10052.124186
16.565691	10086.644801	10052.134602
16.587716	10086.762817	10052.145180
16.609741	10086.880832	10052.155758
16.631766	10086.998848	10052.166338
16.653791	10087.116864	10052.176918
16.675816	10087.236777	10052.187824
16.697841	10087.356734	10052.198740
16.719866	10087.476691	10052.209657
16.741891	10087.596648	10052.220575
16.763916	10087.717475	10052.231642
16.785941	10087.839422	10052.242902
16.807966	10087.961368	10052.254164
16.829991	10088.083314	10052.265426
16.852016	10088.209860	10052.281288
16.874041	10088.355772	10052.315012
16.896066	10088.501890	10052.348773
16.918090	10088.648008	10052.382535
16.940115	10088.794126	10052.416297
16.962140	10088.926181	10052.435386
16.984165	10089.052200	10052.447350
17.006190	10089.178218	10052.459314
17.028215	10089.304237	10052.471280
17.050240	10089.430255	10052.483246
17.072265	10089.557993	10052.495504
17.094290	10089.686110	10052.507829
17.116315	10089.814227	10052.520154
17.138340	10089.942344	10052.532480
17.160365	10090.071058	10052.544907
17.182390	10090.201304	10052.557596
17.204415	10090.331551	10052.570286
17.226440	10090.461797	10052.582977
17.248465	10090.592044	10052.595668
17.270490	10090.723903	10052.608632
17.292515	10090.856328	10052.621693
17.314540	10090.988754	10052.634755
17.336565	10091.121179	10052.647819
17.358590	10091.254051	10052.660956
17.380615	10091.388699	10052.674395
17.402640	10091.523346	10052.687835
17.424665	10091.657993	10052.701276
17.446690	10091.792640	10052.714718
17.468715	10091.928771	10052.728402
17.490739	10092.065661	10052.742213
17.512764	10092.202550	10052.756024
17.534789	10092.339440	10052.769837
17.556814	10092.486159	10052.793240
17.578839	10092.647510	10052.829601
17.600864	10092.808866	10052.865964
17.622889	10092.970222	10052.902328
17.644914	10093.131578	10052.938692
17.666939	10093.274552	10052.955536
17.688964	10093.416092	10052.970132
17.710989	10093.557632	10052.984730
17.733014	10093.699172	10052.999328
17.755039	10093.840824	10053.013943
17.777064	10093.984752	10053.028941
17.799089	10094.128688	10053.043941
17.821114	10094.272624	10053.058941
17.843139	10094.416561	10053.073943
17.865164	10094.561713	10053.089141
17.887189	10094.708063	10053.104536
17.909214	10094.854412	10053.119932
17.931239	10095.000762	10053.135329
17.953264	10095.147112	10053.150726
17.975289	10095.295878	10053.166523
17.997314	10095.444733	10053.182337
18.019339	10095.593589	10053.198151
18.041363	10095.742444	10053.213967
18.063388	10095.892370	10053.229959
18.085413	10096.043747	10053.246194
18.107438	10096.195123	10053.262429
18.129463	10096.346500	10053.278665
18.151488	10096.497877	10053.294901
18.173513	10096.651553	10053.311517
18.195538	10096.805528	10053.328183
18.217563	10096.959503	10053.344850
18.239588	10097.113478	10053.361519
18.261613	10097.282844	10053.392818
18.283638	10097.461586	10053.432060
18.305663	10097.640329	10053.471302
18.327688	10097.819071	10053.510545
18.349713	10097.995278	10053.547253
18.371738	10098.154031	10053.564693
18.393763	10098.313303	10053.582218
18.415788	10098.472575	10053.599743
18.437813	10098.631847	10053.617270
18.459838	10098.791849	10053.634915
18.481863	10098.953860	10053.652892
18.503888	10099.115871	10053.670869
18.525913	10099.277881	10053.688847
18.547938	10099.439892	10053.706826
18.569963	10099.603940	10053.725136
18.591988	10099.768752	10053.743574
18.614012	10099.933565	10053.762012
18.636037	10100.098377	10053.780452
18.658062	10100.263722	10053.798975
18.680087	10100.431371	10053.817869
18.702112	10100.599019	10053.836763
18.724137	10100.766667	10053.855657
18.746162	10100.934316	10053.874553
18.768187	10101.103853	10053.893749
18.790212	10101.274414	10053.913109
18.812237	10101.444976	10053.932470
18.834262	10101.615537	10053.951833
18.856287	10101.786426	10053.971247
18.878312	10101.959940	10053.991090
18.900337	10102.133461	10054.010934
18.922362	10102.306981	10054.030779
18.944387	10102.480502	10054.050625
18.966412	10102.675173	10054.090173
18.988437	10102.873866	10054.132650
19.010462	10103.072560	10054.175127
19.032487	10103.271253	10054.217606
19.054512	10103.462572	10054.252621
19.076537	10103.642188	10054.273437
19.098562	10103.821815	10054.294255
19.120587	10104.001442	10054.315074
19.142612	10104.181069	10054.335894
19.164637	10104.362246	10054.356963
19.186661	10104.545035	10054.378293
19.208686	10104.727823	10054.399623
19.230711	10104.910611	10054.420955
19.252736	10105.093400	10054.442287
19.274761	10105.279255	10054.464102
19.296786	10105.465270	10054.485944
19.318811	10105.651284	10054.507787
19.340836	10105.837299	10054.529631
19.362861	10106.024653	10054.551685
19.384886	10106.213924	10054.574042
19.406911	10106.403195	10054.596401
19.428936	10106.592467	10054.618760
19.450961	10106.781738	10054.641120
19.472986	10106.973955	10054.663950
19.495011	10107.166605	10054.686851
19.517036	10107.359255	10054.709753
19.539061	10107.551904	10054.732656
19.561086	10107.745684	10054.755733
19.583111	10107.941733	10054.779160
19.605136	10108.137782	10054.802588
19.627161	10108.333831	10054.826017
19.649186	10108.532103	10054.851670
19.671211	10108.753080	10054.897691
19.693236	10108.974785	10054.943831
19.715261	10109.196489	10054.989971
19.737285	10109.418193	10055.036112
19.759310	10109.628379	10055.069972
19.781335	10109.831502	10055.094521
19.803360	10110.034624	10055.119071
19.825385	10110.237746	10055.143622
19.847410	10110.440868	10055.168173
19.869435	10110.646593	10055.193130
19.891460	10110.853361	10055.218251
19.913485	10111.060129	10055.243373
19.935510	10111.266896	10055.268496
19.957535	10111.474313	10055.293717
19.979560	10111.684790	10055.319409
20.001585	10111.895268	10055.345101
20.023610	10112.105747	10055.370795
20.045635	10112.316225	10055.396489
20.067660	10112.529126	10055.422564
20.089685	10112.743420	10055.448862
20.111710	10112.957715	10055.475161
20.133735	10113.172010	10055.501460
20.155760	10113.386679	10055.527817
20.177785	10113.604817	10055.554714
20.199810	10113.822962	10055.581614
20.221835	10114.041107	10055.608513
20.243860	10114.259253	10055.635414
20.265885	10114.479641	10055.662661
20.287910	10114.701818	10055.690186
20.309934	10114.923996	10055.717712
20.331959	10115.146174	10055.745239
20.353984	10115.375599	10055.779944
20.376009	10115.623906	10055.830229
20.398034	10115.872228	10055.880517
20.420059	10116.120551	10055.930805
20.442084	10116.368873	10055.981095
20.464109	10116.601821	10056.014329
20.486134	10116.832165	10056.043123
20.508159	10117.062510	10056.071917
20.530184	10117.292855	10056.100713
20.552209	10117.523199	10056.129508
20.574234	10117.757582	10056.158916
20.596259	10117.992234	10056.188366
20.618284	10118.226886	10056.217817
20.640309	10118.461538	10056.247269
20.662334	10118.697904	10056.276984
20.684359	10118.936853	10056.307098
20.706384	10119.175803	10056.337213
20.728409	10119.414753	10056.367330
20.750434	10119.653703	10056.397446
20.772459	10119.896373	10056.428135
20.794484	10120.139662	10056.458920
20.816509	10120.382952	10056.489706
20.838534	10120.626241	10056.520493
20.860559	10120.871005	10056.551505
20.882583	10121.118911	10056.583001
20.904608	10121.366817	10056.614497
20.926633	10121.614723	10056.645994
20.948658	10121.862630	10056.677491
20.970683	10122.114136	10056.709532
20.992708	10122.366660	10056.741729
21.014733	10122.619185	10056.773926
21.036758	10122.871710	10056.806124
21.058783	10123.137455	10056.850600
21.080808	10123.416747	10056.905657
21.102833	10123.696039	10056.960715
21.124858	10123.975332	10057.015773
21.146883	10124.254466	10057.070673
21.168908	10124.515068	10057.104109
21.190933	10124.777151	10057.137772
21.212958	10125.039234	10057.171436
21.234983	10125.301317	10057.205101
21.257008	10125.564195	10057.238885
21.279033	10125.831202	10057.273292
21.301058	10126.098212	10057.307700
21.323083	10126.365222	10057.342109
21.345108	10126.632232	10057.376519
21.367133	10126.902415	10057.411411
21.389158	10127.174536	10057.446599
21.411183	10127.446656	10057.481789
21.433207	10127.718776	10057.516979
21.455232	10127.991337	10057.552235
21.477257	10128.268683	10057.588220
21.499282	10128.546037	10057.624208
21.521307	10128.823391	10057.660196
21.543332	10129.100745	10057.696184
21.565357	10129.380933	10057.732593
21.587382	10129.663509	10057.769357
21.609407	10129.946085	10057.806122
21.631432	10130.228661	10057.842887
21.653457	10130.511273	10057.879658
21.675482	10130.799247	10057.917252
21.697507	10131.087240	10057.954851
21.719532	10131.375233	10057.992450
21.741557	10131.663226	10058.030050
21.763582	10131.953790	10058.068035
21.785607	10132.247327	10058.106466
21.807632	10132.540864	10058.144898
21.829657	10132.834401	10058.183331
21.851682	10133.133040	10058.226865
21.873707	10133.454005	10058.288238
21.895732	10133.775406	10058.349677
21.917757	10134.096807	10058.411116
21.939782	10134.418208	10058.472556
21.961807	10134.726565	10058.519036
21.983832	10135.031682	10058.559212
22.005856	10135.336799	10058.599390
22.027881	10135.641915	10058.639568
22.049906	10135.947032	10058.679747
22.071931	10136.257236	10058.720684
22.093956	10136.568375	10058.761762
22.115981	10136.879514	10058.802841
22.138006	10137.190652	10058.843921
22.160031	10137.503626	10058.885274
22.182056	10137.820756	10058.927248
22.204081	10138.137886	10058.969224
22.226106	10138.455015	10059.011200
22.248131	10138.772145	10059.053176
22.270156	10139.094014	10059.095859
22.292181	10139.417335	10059.138759
22.314206	10139.740657	10059.181660
22.336231	10140.063978	10059.224561
22.358256	10140.388771	10059.267683
22.380281	10140.718575	10059.311559
22.402306	10141.048379	10059.355437
22.424331	10141.378183	10059.399315
22.446356	10141.707988	10059.443193
22.468381	10142.042246	10059.487734
22.490406	10142.378535	10059.532578
22.512431	10142.714824	10059.577423
22.534456	10143.051113	10059.622268
22.556480	10143.388410	10059.667264
22.578505	10143.731486	10059.713128
22.600530	10144.074566	10059.758993
22.622555	10144.417647	10059.804859
22.644580	10144.760727	10059.850726
22.666605	10145.108030	10059.897212
22.688630	10145.458059	10059.944101
22.710655	10145.808088	10059.990990
22.732680	10146.158117	10060.037879
22.754705	10146.508636	10060.084842
22.776730	10146.865599	10060.132771
22.798755	10147.222573	10060.180703
22.820780	10147.579548	10060.228635
22.842805	10147.936522	10060.276568
22.864830	10148.315739	10060.343544
22.886855	10148.701952	10060.414669
22.908880	10149.088165	10060.485795
22.930905	10149.474377	10060.556921
22.952930	10149.854049	10060.621507
22.974955	10150.225610	10060.671601
22.996980	10150.597250	10060.721710
23.019005	10150.968890	10060.771818
23.041030	10151.340530	10060.821928
23.063055	10151.715579	10060.872541
23.085080	10152.094798	10060.923772
23.107105	10152.474017	10060.975004
23.129129	10152.853237	10061.026237
23.151154	10153.232456	10061.077470
23.173179	10153.618845	10061.129761
23.195204	10154.005936	10061.182158
23.217229	10154.393028	10061.234556
23.239254	10154.780120	10061.286954
23.261279	10155.170134	10061.339784
23.283304	10155.565098	10061.393346
23.305329	10155.960062	10061.446908
23.327354	10156.355026	10061.500472
23.349379	10156.749990	10061.554036
23.371404	10157.151748	10061.608593
23.393429	10157.554879	10061.663353
23.415454	10157.958010	10061.718114
23.437479	10158.361142	10061.772875
23.459504	10158.766714	10061.827999
23.481529	10159.178209	10061.884003
23.503554	10159.589705	10061.940009
23.525579	10160.001200	10061.996016
23.547604	10160.412696	10062.052023
23.569629	10160.830696	10062.108980
23.591654	10161.250837	10062.166251
23.613679	10161.670978	10062.223523
23.635704	10162.091118	10062.280795
23.657729	10162.513138	10062.338346
23.679754	10162.942090	10062.396926
23.701778	10163.371041	10062.455507
23.723803	10163.799993	10062.514088
23.745828	10164.228945	10062.572670
23.767853	10164.663927	10062.632133
23.789878	10165.101833	10062.692023
23.811903	10165.539738	10062.751914
23.833928	10165.977644	10062.811806
23.855953	10166.416820	10062.871884
23.877978	10166.864134	10062.933159
23.900003	10167.311454	10062.994435
23.922028	10167.758774	10063.055712
23.944053	10168.206093	10063.116990
23.966078	10168.659118	10063.179105
23.988103	10169.116037	10063.241792
24.010128	10169.572956	10063.304481
24.032153	10170.029876	10063.367171
24.054178	10170.487347	10063.429940
24.076203	10170.953974	10063.494045
24.098228	10171.420618	10063.558154
24.120253	10171.887262	10063.622263
24.142278	10172.353906	10063.686373
24.164303	10172.825645	10063.751229
24.186328	10173.302166	10063.816789
24.208353	10173.778687	10063.882349
24.230378	10174.255208	10063.947911
24.252402	10174.731729	10064.013472
24.274427	10175.218521	10064.080538
24.296452	10175.705566	10064.147642
24.318477	10176.192612	10064.214747
24.340502	10176.679657	10064.281852
24.362527	10177.171295	10064.349630
24.384552	10177.668865	10064.418278
24.406577	10178.166436	10064.486926
24.428602	10178.664006	10064.555576
24.450627	10179.166053	10064.628702
24.472652	10179.695594	10064.720931
24.494677	10180.226258	10064.813324
24.516702	10180.756921	10064.905717
24.538727	10181.287585	10064.998111
24.560752	10181.807498	10065.076403
24.582777	10182.326999	10065.148255
24.604802	10182.846499	10065.220109
24.626827	10183.365999	10065.291962
24.648852	10183.885500	10065.363816
24.670877	10184.414481	10065.437048
24.692902	10184.945571	10065.510587
24.714927	10185.476662	10065.584127
24.736952	10186.007753	10065.657667
24.758977	10186.542117	10065.731685
24.781002	10187.084966	10065.806944
24.803027	10187.627815	10065.882204
24.825051	10188.170665	10065.957465
24.847076	10188.713514	10066.032726
24.869101	10189.265261	10066.109278
24.891126	10189.820148	10066.186288
24.913151	10190.375034	10066.263299
24.935176	10190.929921	10066.340310
24.957201	10191.487307	10066.417686
24.979226	10192.054723	10066.496526
25.001251	10192.622139	10066.575367
25.023276	10193.189555	10066.654208
25.045301	10193.756971	10066.733050
25.067326	10194.332850	10066.813119
25.089351	10194.913090	10066.893822
25.111376	10195.493330	10066.974526
25.133401	10196.073570	10067.055231
25.155426	10196.655384	10067.136163
25.177451	10197.248592	10067.218749
25.199476	10197.841811	10067.301338
25.221501	10198.435029	10067.383927
25.243526	10199.028247	10067.466516
25.265551	10199.629372	10067.550257
25.287576	10200.236199	10067.634829
25.309601	10200.843026	10067.719403
25.331626	10201.449853	10067.803977
25.353651	10202.057278	10067.888637
25.375676	10202.678015	10067.975237
25.397700	10203.298774	10068.061840
25.419725	10203.919533	10068.148445
25.441750	10204.540293	10068.235050
25.463775	10205.168181	10068.322682
25.485800	10205.803138	10068.411335
25.507825	10206.438096	10068.499988
25.529850	10207.073054	10068.588642
25.551875	10207.708011	10068.677297
25.573900	10208.357118	10068.768008
25.595925	10209.006779	10068.858802
25.617950	10209.656441	10068.949597
25.639975	10210.306102	10069.040392
25.662000	10210.962167	10069.132114
25.684025	10211.626965	10069.225101
25.706050	10212.291763	10069.318088
25.728075	10212.956561	10069.411076
25.750100	10213.621360	10069.504065
25.772125	10214.299974	10069.599060
25.794150	10214.980416	10069.694322
25.816175	10215.660859	10069.789585
25.838200	10216.341301	10069.884849
25.860225	10217.027159	10069.980893
25.882250	10217.723341	10070.078424
25.904275	10218.419524	10070.175956
25.926300	10219.115707	10070.273489
25.948324	10219.811889	10070.371023
25.970349	10220.521512	10070.470506
25.992374	10221.234402	10070.570465
26.014399	10221.947293	10070.670425
26.036424	10222.660184	10070.770386
26.058449	10223.377537	10070.870991
26.080474	10224.107276	10070.973387
26.102499	10224.837016	10071.075784
26.124524	10225.566755	10071.178182
26.146549	10226.296494	10071.280581
26.168574	10227.038791	10071.384793
26.190599	10227.785842	10071.489693
26.212624	10228.532892	10071.594594
26.234649	10229.279943	10071.699496
26.256674	10230.030356	10071.804884
26.278699	10230.795504	10071.912399
26.300724	10231.560652	10072.019916
26.322749	10232.325800	10072.127433
26.344774	10233.090949	10072.234952
26.366799	10233.867985	10072.344186
26.388824	10234.651524	10072.454360
26.410849	10235.435063	10072.564535
26.432874	10236.218602	10072.674711
26.454899	10237.004187	10072.785182
26.476924	10237.806748	10072.898114
26.498949	10238.609324	10073.011048
26.520973	10239.411899	10073.123983
26.542998	10240.214475	10073.236919
26.565023	10241.008877	10073.332149
26.587048	10241.808928	10073.425757
26.609073	10242.608979	10073.519366
26.631098	10243.409030	10073.612975
26.653123	10244.217028	10073.714026
26.675148	10245.059458	10073.832704
26.697173	10245.901916	10073.951388
26.719198	10246.744374	10074.070072
26.741223	10247.586833	10074.188756
26.763248	10248.439478	10074.308910
26.785273	10249.302794	10074.430603
26.807298	10250.166110	10074.552297
26.829323	10251.029426	10074.673991
26.851348	10251.892742	10074.795687
26.873373	10252.776313	10074.920301
26.895398	10253.660980	10075.045076
26.917423	10254.545647	10075.169851
26.939448	10255.430315	10075.294626
26.961473	10256.323966	10075.420697
26.983498	10257.230586	10075.548637
27.005523	10258.137207	10075.676578
27.027548	10259.043827	10075.804520
27.049573	10259.950447	10075.932463
27.071598	10260.877110	10076.063292
27.093622	10261.806778	10076.194556
27.115647	10262.736446	10076.325821
27.137672	10263.666113	10076.457086
27.159697	10264.603489	10076.589462
27.181722	10265.556497	10076.724090
27.203747	10266.509505	10076.858719
27.225772	10267.462514	10076.993349
27.247797	10268.415522	10077.127979
27.269822	10269.387717	10077.265365
27.291847	10270.364993	10077.403481
27.313872	10271.342269	10077.541598
27.335897	10272.319544	10077.679716
27.357922	10273.303076	10077.818736
27.379947	10274.305263	10077.960450
27.401972	10275.307450	10078.102166
27.423997	10276.309638	10078.243883
27.446022	10277.311825	10078.385599
27.468047	10278.332380	10078.529953
27.490072	10279.360376	10078.675376
27.512097	10280.388373	10078.820800
27.534122	10281.416370	10078.966224
27.556147	10282.448946	10079.112306
27.578172	10283.503520	10079.261545
27.600197	10284.558097	10079.410787
27.622222	10285.612675	10079.560029
27.644246	10286.667252	10079.709271
27.666271	10287.739149	10079.861011
27.688296	10288.821106	10080.014204
27.710321	10289.903062	10080.167397
27.732346	10290.985018	10080.320590
27.754371	10292.069626	10080.474165
27.776396	10293.179854	10080.631416
27.798421	10294.290102	10080.788671
27.820446	10295.400351	10080.945927
27.842471	10296.510599	10081.103183
27.864496	10297.637022	10081.262765
27.886521	10298.776485	10081.424224
27.908546	10299.915949	10081.585683
27.930571	10301.055413	10081.747143
27.952596	10302.195336	10081.908670
27.974621	10303.364919	10082.074461
27.996646	10304.534539	10082.240258
28.018671	10305.704159	10082.406056
28.040696	10306.873779	10082.571855
28.062721	10308.058219	10082.739780
28.084746	10309.259077	10082.910059
28.106771	10310.459934	10083.080340
28.128796	10311.660792	10083.250622
28.150821	10312.861649	10083.420904
28.172846	10314.092409	10083.595474
28.194871	10315.325244	10083.770343
28.216895	10316.558078	10083.945213
28.238920	10317.790913	10084.120084
28.260945	10319.036903	10084.296848
28.282970	10320.303007	10084.476510
28.304995	10321.569111	10084.656172
28.327020	10322.835215	10084.835835
28.349045	10324.101320	10085.015499
28.371070	10325.396778	10085.199363
28.393095	10326.697175	10085.383935
28.415120	10327.997571	10085.568507
28.437145	10329.297968	10085.753080
28.459170	10330.595833	10085.925527
28.481195	10331.909491	10086.093047
28.503220	10333.223150	10086.260568
28.525245	10334.536809	10086.428089
28.547270	10335.852255	10086.597399
28.569295	10337.216644	10086.791160
28.591320	10338.589244	10086.986098
28.613345	10339.961843	10087.181035
28.635370	10341.334443	10087.375974
28.657395	10342.716000	10087.572201
28.679420	10344.126325	10087.772566
28.701445	10345.536651	10087.972934
28.723470	10346.946976	10088.173301
28.745495	10348.357301	10088.373670
28.767520	10349.794913	10088.577942
28.789544	10351.244342	10088.783905
28.811569	10352.693770	10088.989869
28.833594	10354.143199	10089.195834
28.855619	10355.599024	10089.402717
28.877644	10357.088794	10089.614473
28.899669	10358.578572	10089.826231
28.921694	10360.068349	10090.037990
28.943719	10361.558126	10090.249750
28.965744	10363.073930	10090.465244
28.987769	10364.605768	10090.683040
29.009794	10366.137606	10090.900837
29.031819	10367.669444	10091.118635
29.053844	10369.204726	10091.336926
29.075869	10370.779636	10091.560886
29.097894	10372.354572	10091.784851
29.119919	10373.929507	10092.008816
29.141944	10375.504442	10092.232781
29.163969	10377.103494	10092.460207
29.185994	10378.723111	10092.690584
29.208019	10380.342728	10092.920962
29.230044	10381.962345	10093.151341
29.252069	10383.582019	10093.381728
29.274094	10385.247981	10093.618755
29.296119	10386.913991	10093.855790
29.318144	10388.580001	10094.092826
29.340168	10390.246012	10094.329862
29.362193	10391.934090	10094.570060
29.384218	10393.647992	10094.813957
29.406243	10395.361893	10095.057854
29.428268	10397.075795	10095.301753
29.450293	10398.789696	10095.545651
29.472318	10400.549315	10095.796097
29.494343	10402.312850	10096.047105
29.516368	10404.076385	10096.298114
29.538393	10405.839920	10096.549123
29.560418	10407.623036	10096.802937
29.582443	10409.437870	10097.061293
29.604468	10411.252704	10097.319650
29.626493	10413.067538	10097.578008
29.648518	10414.882372	10097.836366
29.670543	10416.741977	10098.101135
29.692568	10418.609976	10098.367107
29.714593	10420.477974	10098.633079
29.736618	10422.345973	10098.899053
29.758643	10424.230624	10099.167413
29.780668	10426.153651	10099.441276
29.802693	10428.076678	10099.715139
29.824718	10429.999705	10099.989003
29.846743	10431.922733	10100.262868
29.868768	10433.889154	10100.542946
29.890793	10435.869047	10100.824953
29.912817	10437.848940	10101.106960
29.934842	10439.828832	10101.388969
29.956867	10441.810280	10101.661195
29.978892	10443.827203	10101.929516
30.000917	10445.844126	10102.197838
30.022942	10447.861048	10102.466160
30.044967	10449.877971	10102.734483
30.066992	10451.958540	10103.030672
30.089017	10454.058685	10103.329908
30.111042	10456.158830	10103.629145
30.133067	10458.258974	10103.928382
30.155092	10460.368285	10104.228930
30.177117	10462.531746	10104.537221
30.199142	10464.695219	10104.845515
30.221167	10466.858692	10105.153810
30.243192	10469.022165	10105.462105
30.265217	10471.225374	10105.776087
30.287242	10473.454533	10106.093784
30.309267	10475.683691	10106.411482
30.331292	10477.912850	10106.729180
30.353317	10480.146503	10107.047522
30.375342	10482.443779	10107.374970
30.397367	10484.741091	10107.702423
30.419392	10487.038402	10108.029878
30.441417	10489.335714	10108.357333
30.463441	10491.670079	10108.690090
30.485466	10494.037841	10109.027628
30.507491	10496.405603	10109.365166
30.529516	10498.773365	10109.702706
30.551541	10501.141128	10110.040245
30.573566	10503.581147	10110.388134
30.595591	10506.022165	10110.736167
30.617616	10508.463182	10111.084201
30.639641	10510.904200	10111.432235
30.661666	10513.379116	10111.785116
30.683691	10515.895998	10112.143996
30.705716	10518.412880	10112.502878
30.727741	10520.929762	10112.861760
30.749766	10523.446645	10113.220642
30.771791	10526.035008	10113.589752
30.793816	10528.630668	10113.959907
30.815841	10531.226327	10114.330063
30.837866	10533.821987	10114.700219
30.859891	10536.447655	10115.074669
30.881916	10539.124914	10115.456500
30.903941	10541.802172	10115.838333
30.925966	10544.479431	10116.220166
30.947991	10547.156690	10116.601999
30.970016	10549.904077	10116.993873
30.992041	10552.666002	10117.387830
31.014066	10555.427927	10117.781788
31.036090	10558.189852	10118.175746
31.058115	10560.977202	10118.573339
31.080140	10563.827189	10118.979886
31.102165	10566.677176	10119.386434
31.124190	10569.527163	10119.792982
31.146215	10572.377149	10120.199531
31.168240	10575.295414	10120.615839
31.190265	10578.236531	10121.035415
31.212290	10581.177649	10121.454992
31.234315	10584.118766	10121.874570
31.256340	10587.079776	10122.296994
31.278365	10590.115767	10122.730153
31.300390	10593.151759	10123.163312
31.322415	10596.187751	10123.596473
31.344440	10599.223742	10124.029633
31.366465	10602.325578	10124.472212
31.388490	10605.459822	10124.919427
31.410515	10608.594067	10125.366643
31.432540	10611.728311	10125.813859
31.454565	10614.875911	10126.262985
31.476590	10618.112231	10126.724792
31.498615	10621.348569	10127.186603
31.520640	10624.584908	10127.648414
31.542665	10627.821247	10128.110225
31.564690	10631.120318	10128.581009
31.586715	10634.462789	10129.058000
31.608739	10637.805260	10129.534993
31.630764	10641.147732	10130.011986
31.652789	10644.495926	10130.489797
31.674814	10647.948480	10130.982534
31.696839	10651.401078	10131.475279
31.718864	10654.853675	10131.968023
31.740889	10658.306273	10132.460769
31.762914	10661.817402	10132.961885
31.784939	10665.384320	10133.470979
31.806964	10668.951239	10133.980075
31.828989	10672.518157	10134.489171
31.851014	10676.085075	10134.998268
31.873039	10679.767665	10135.523906
31.895064	10683.453530	10136.050013
31.917089	10687.139395	10136.576121
31.939114	10690.825260	10137.102230
31.961139	10694.564616	10137.635984
31.983164	10698.374024	10138.179749
32.005189	10702.183432	10138.723516
32.027214	10705.992841	10139.267284
32.049239	10709.802249	10139.811051
32.071264	10713.726330	10140.371216
32.093289	10717.664091	10140.933338
32.115314	10721.601853	10141.495461
32.137339	10725.539614	10142.057585
32.159363	10729.524540	10142.626449
32.181388	10733.595575	10143.207619
32.203413	10737.666609	10143.788791
32.225438	10741.737644	10144.369963
32.247463	10745.808679	10144.951135
32.269488	10749.992914	10145.548493
32.291513	10754.202957	10146.149542
32.313538	10758.413000	10146.750591
32.335563	10762.623043	10147.351642
32.357588	10766.872346	10147.958305
32.379613	10771.225252	10148.579782
32.401638	10775.578158	10149.201260
32.423663	10779.931064	10149.822738
32.445688	10784.283970	10150.444217
32.467713	10788.748280	10151.081624
32.489738	10793.252699	10151.724765
32.511763	10797.757119	10152.367907
32.533788	10802.261539	10153.011051
32.555813	10806.796216	10153.658518
32.577838	10811.455204	10154.323750
32.599863	10816.114193	10154.988983
32.621888	10820.773181	10155.654217
32.643913	10825.432170	10156.319451
32.665938	10830.197657	10156.999904
32.687963	10835.018940	10157.688331
32.709988	10839.840223	10158.376759
32.732012	10844.661505	10159.065188
32.754037	10849.501544	10159.755501
32.776062	10854.489073	10160.465798
32.798087	10859.476632	10161.176100
32.820112	10864.464190	10161.886402
32.842137	10869.451749	10162.596706
32.864162	10874.544003	10163.325318
32.886187	10879.710635	10164.065018
32.908212	10884.877268	10164.804719
32.930237	10890.043900	10165.544420
32.952262	10895.216754	10166.284364
32.974287	10900.565009	10167.048121
32.996312	10905.913325	10167.811888
33.018337	10911.261640	10168.575654
33.040362	10916.609955	10169.339422
33.062387	10922.053185	10170.118278
33.084412	10927.590726	10170.910994
33.106437	10933.128267	10171.703710
33.128462	10938.665808	10172.496428
33.150487	10944.202769	10173.288566
33.172512	10949.927672	10174.106158
33.194537	10955.660773	10174.924923
33.216562	10961.393874	10175.743688
33.238587	10967.126976	10176.562453
33.260612	10972.947790	10177.395127
33.282637	10978.888636	10178.245487
33.304661	10984.829483	10179.095847
33.326686	10990.770330	10179.946208
33.348711	10996.711176	10180.796570
33.370736	11002.838178	10181.673531
33.392761	11008.990693	10182.554139
33.414786	11015.143209	10183.434748
33.436811	11021.295725	10184.315357
33.458836	11027.523345	10185.206701
33.480861	11033.896811	10186.118892
33.502886	11040.270277	10187.031084
33.524911	11046.643743	10187.943276
33.546936	11053.016979	10188.855240
33.568961	11059.573704	10189.791712
33.590986	11066.176687	10190.734793
33.613011	11072.779670	10191.677874
33.635036	11079.382653	10192.620956
33.657061	11086.048948	10193.574159
33.679086	11092.892072	10194.553472
33.701111	11099.735196	10195.532786
33.723136	11106.578320	10196.512101
33.745161	11113.421444	10197.491416
33.767186	11120.445084	10198.496525
33.789211	11127.538473	10199.511600
33.811236	11134.631863	10200.526675
33.833261	11141.725253	10201.541752
33.855285	11148.866611	10202.564603
33.877310	11156.220170	10203.618752
33.899335	11163.573735	10204.672904
33.921360	11170.927300	10205.727055
33.943385	11178.280865	10206.781208
33.965410	11185.804947	10207.857930
33.987435	11193.425066	10208.948270
34.009460	11201.045185	10210.038611
34.031485	11208.665304	10211.128953
34.053510	11216.314175	10212.223404
34.075535	11224.213830	10213.353697
34.097560	11232.113527	10214.483997
34.119585	11240.013223	10215.614297
34.141610	11247.912919	10216.744597
34.163635	11255.975270	10217.898138
34.185660	11264.163797	10219.069708
34.207685	11272.352325	10220.241278
34.229710	11280.540852	10221.412849
34.251735	11288.737330	10222.586176
34.273760	11297.230715	10223.803204
34.295785	11305.724182	10225.020245
34.317810	11314.217649	10226.237286
34.339835	11322.711116	10227.454327
34.361860	11331.354606	10228.691314
34.383885	11340.159374	10229.950946
34.405910	11348.964143	10231.210579
34.427934	11357.768911	10232.470212
34.449959	11366.574228	10233.730393
34.471984	11375.687547	10235.036011
34.494009	11384.818858	10236.344199
34.516034	11393.950169	10237.652388
34.538059	11403.081481	10238.960578
34.560084	11412.347566	10240.286681
34.582109	11421.813311	10241.640755
34.604134	11431.279056	10242.994831
34.626159	11440.744801	10244.348907
34.648184	11450.210919	10245.703356
34.670209	11459.982266	10247.102995
34.692234	11469.800784	10248.509373
34.714259	11479.619301	10249.915752
34.736284	11489.437819	10251.322132
34.758309	11499.374607	10252.745413
34.780334	11509.556017	10254.203651
34.802359	11519.737426	10255.661891
34.824384	11529.918835	10257.120130
34.846409	11540.100046	10258.578173
34.868434	11550.574299	10260.076347
34.890459	11561.128709	10261.585972
34.912484	11571.683119	10263.095598
34.934509	11582.237529	10264.605224
34.956534	11592.889585	10266.129848
34.978559	11603.836889	10267.697516
35.000583	11614.784192	10269.265187
35.022608	11625.731496	10270.832857
35.044633	11636.678799	10272.400528
35.066658	11647.911140	10274.008924
35.088683	11659.261445	10275.634173
35.110708	11670.611749	10277.259424
35.132733	11681.962054	10278.884675
35.154758	11693.382303	10280.519920
35.176783	11705.149488	10282.204731
35.198808	11716.916687	10283.889547
35.220833	11728.683886	10285.574362
35.242858	11740.451085	10287.259178
35.264883	11752.489874	10288.982803
35.286908	11764.689401	10290.729397
35.308933	11776.888928	10292.475992
35.330958	11789.088455	10294.222587
35.352983	11801.328467	10295.975710
35.375008	11813.976345	10297.788251
35.397033	11826.624282	10299.600801
35.419058	11839.272218	10301.413352
35.441083	11851.920155	10303.225903
35.463108	11864.818858	10305.072670
35.485133	11877.924695	10306.948753
35.507158	11891.030531	10308.824837
35.529183	11904.136368	10310.700922
35.551207	11917.246847	10312.577670
35.573232	11930.826532	10314.521445
35.595257	11944.406319	10316.465235
35.617282	11957.986106	10318.409025
35.639307	11971.565892	10320.352816
35.661332	11985.377436	10322.331190
35.683357	11999.448866	10324.347130
35.705382	12013.520297	10326.363072
35.727407	12027.591727	10328.379014
35.749432	12041.662641	10330.394440
35.771457	12056.200164	10332.475074
35.793482	12070.772672	10334.560707
35.815507	12085.345181	10336.646341
35.837532	12099.917689	10338.731976
35.859557	12114.694527	10340.848120
35.881582	12129.787979	10343.010080
35.903607	12144.881431	10345.172041
35.925632	12159.974882	10347.334002
35.947657	12175.067993	10349.495622
35.969682	12190.611367	10351.719957
35.991707	12206.233654	10353.955565
36.013732	12221.855942	10356.191174
36.035757	12237.478230	10358.426783
36.057782	12253.271828	10360.688038
36.079807	12269.441287	10363.003729
36.101832	12285.610746	10365.319421
36.123856	12301.780205	10367.635114
36.145881	12317.949663	10369.950807
36.167906	12334.549545	10372.327994
36.189931	12351.276328	10374.723311
36.211956	12368.003112	10377.118630
36.233981	12384.729896	10379.513948
36.256006	12401.589631	10381.928262
36.278031	12418.887587	10384.405183
36.300056	12436.185542	10386.882105
36.322081	12453.483498	10389.359027
36.344106	12470.781454	10391.835950
36.366131	12488.479592	10394.368155
36.388156	12506.355802	10396.925793
36.410181	12524.232013	10399.483432
36.432206	12542.108224	10402.041072
36.454231	12560.076330	10404.612706
36.476256	12578.545965	10407.257015
36.498281	12597.015626	10409.901330
36.520306	12615.485288	10412.545644
36.542331	12633.954949	10415.189959
36.564356	12652.796389	10417.889136
36.586381	12671.870337	10420.621692
36.608406	12690.944285	10423.354249
36.630431	12710.018233	10426.086807
36.652456	12729.136902	10428.825037
36.674480	12748.818352	10431.642488
36.696505	12768.499884	10434.459952
36.718530	12788.181417	10437.277415
36.740555	12807.862949	10440.094880
36.762580	12827.873198	10442.959303
36.784605	12848.169111	10445.864532
36.806630	12868.465024	10448.769762
36.828655	12888.760937	10451.674993
36.850680	12909.056850	10454.580224
36.872705	12929.969056	10457.573512
36.894730	12950.884065	10460.567201
36.916755	12971.799074	10463.560890
36.938780	12992.714082	10466.554581
36.960805	13013.915124	10469.590573
36.982830	13035.456011	10472.675568
37.004855	13056.996899	10475.760565
37.026880	13078.537786	10478.845563
37.048905	13100.078188	10481.930075
37.070930	13122.188415	10485.094514
37.092955	13144.350795	10488.266404
37.114980	13166.513175	10491.438294
37.137005	13188.675556	10494.610186
37.159030	13211.071230	10497.815407
37.181055	13233.852708	10501.075746
37.203080	13256.634185	10504.336086
37.225105	13279.415663	10507.596426
37.247129	13302.197451	10510.857078
37.269154	13325.496921	10514.193321
37.291179	13348.896627	10517.543884
37.313204	13372.296333	10520.894449
37.335229	13395.696040	10524.245014
37.357254	13419.276859	10527.621454
37.379279	13443.284884	10531.058927
37.401304	13467.292909	10534.496401
37.423329	13491.300934	10537.933875
37.445354	13515.308824	10541.371215
37.467379	13539.767662	10544.871190
37.489404	13564.370999	10548.391806
37.511429	13588.974336	10551.912423
37.533454	13613.577672	10555.433041
37.555479	13638.309089	10558.972948
37.577504	13663.495250	10562.578729
37.599529	13688.681411	10566.184512
37.621554	13713.867572	10569.790295
37.643579	13739.053733	10573.396079
37.665604	13764.622633	10577.056550
37.687629	13790.372424	10580.742868
37.709654	13816.122214	10584.429186
37.731679	13841.872005	10588.115505
37.753704	13867.697234	10591.812600
37.775729	13893.987501	10595.576114
37.797754	13920.277812	10599.339637
37.819778	13946.568123	10603.103159
37.841803	13972.858434	10606.866683
37.863828	13999.457306	10610.674295
37.885853	14026.261949	10614.511309
37.907878	14053.066592	10618.348324
37.929903	14079.871235	10622.185339
37.951928	14106.705076	10626.026526
37.973953	14133.991560	10629.932381
37.995978	14161.278155	10633.838252
38.018003	14188.564750	10637.744124
38.040028	14215.851344	10641.649997
38.062053	14243.369654	10645.588969
38.084078	14271.101194	10649.558400
38.106103	14298.832734	10653.527832
38.128128	14326.564274	10657.497264
38.150153	14354.295814	10661.466697
38.172178	14382.424629	10665.492888
38.194203	14410.561067	10669.520168
38.216228	14438.697505	10673.547449
38.238253	14466.833942	10677.574730
38.260278	14495.128739	10681.624633
38.282303	14523.623801	10685.703141
38.304328	14552.118862	10689.781650
38.326353	14580.613924	10693.860159
38.348378	14609.108985	10697.938669
38.370402	14637.881634	10702.056847
38.392427	14666.684461	10706.179338
38.414452	14695.487287	10710.301829
38.436477	14724.290114	10714.424322
38.458502	14753.183765	10718.559788
38.480527	14782.237322	10722.718092
38.502552	14811.290878	10726.876398
38.524577	14840.344435	10731.034705
38.546602	14869.398270	10735.193291
38.568627	14898.610798	10739.376203
38.590652	14927.857161	10743.563946
38.612677	14957.103524	10747.751691
38.634702	14986.349887	10751.939437
38.656727	15015.630060	10756.130903
38.678752	15044.998537	10760.334208
38.700777	15074.367013	10764.537514
38.722802	15103.735489	10768.740821
38.744827	15133.103966	10772.944128
38.766852	15162.509705	10777.152754
38.788877	15191.928497	10781.363244
38.810902	15221.347289	10785.573734
38.832927	15250.766081	10789.784224
38.854952	15280.181273	10793.995166
38.876977	15309.580120	10798.204709
38.899002	15338.978966	10802.414254
38.921027	15368.377813	10806.623800
38.943051	15397.776659	10810.833346
38.965076	15427.104082	10815.030847
38.987101	15456.396859	10819.223335
39.009126	15485.689637	10823.415825
39.031151	15514.982415	10827.608314
39.053176	15544.252499	10831.798377
39.075201	15573.360329	10835.966348
39.097226	15602.468229	10840.134329
39.119251	15631.576128	10844.302312
39.141276	15660.684028	10848.470294
39.163301	15689.627679	10852.613128
39.185326	15718.456834	10856.739395
39.207351	15747.285989	10860.865663
39.229376	15776.115144	10864.991932
39.251401	15804.927976	10869.116532
39.273426	15833.393243	10873.192709
39.295451	15861.858665	10877.268908
39.317476	15890.324086	10881.345109
39.339501	15918.789508	10885.421309
39.361526	15947.021495	10889.464165
39.383551	15975.026935	10893.474656
39.405576	16003.032375	10897.485150
39.427601	16031.037815	10901.495643
39.449626	16059.042657	10905.505539
39.471651	16086.508150	10909.436993
39.493676	16113.955791	10913.365897
39.515700	16141.403431	10917.294801
39.537725	16168.851072	10921.223706
39.559750	16196.020803	10925.114298
39.581775	16222.817973	10928.952180
39.603800	16249.615142	10932.790062
39.625825	16276.412312	10936.627946
39.647850	16303.209482	10940.465829
39.669875	16329.341658	10944.208717
39.691900	16355.390537	10947.939705
39.713925	16381.439417	10951.670694
39.735950	16407.488296	10955.401683
39.757975	16433.241492	10959.090431
39.780000	16458.443410	10962.700419
39.802025	16483.645329	10966.310408
39.824050	16508.847247	10969.920397
39.846075	16534.048918	10973.530139
39.868100	16558.484359	10977.028736
39.890125	16582.740000	10980.501647
39.912150	16606.995640	10983.974559
39.934175	16631.251280	10987.447472
39.956200	16655.227501	10990.881554
39.978225	16678.445691	10994.208150
40.000250	16701.663881	10997.534747
40.022275	16724.882070	11000.861345
40.044300	16748.100260	11004.187944
40.066324	16770.491495	11007.396408
40.088349	16792.577513	11010.561270
40.110374	16814.663530	11013.726133
40.132399	16836.749548	11016.890996
40.154424	16858.602126	11020.022512
40.176449	16879.465022	11023.012635
40.198474	16900.327922	11026.002761
40.220499	16921.190822	11028.992886
40.242524	16942.053721	11031.983013
40.264549	16962.064783	11034.851450
40.286574	16981.619784	11037.654736
40.308599	17001.174785	11040.458023
40.330624	17020.729786	11043.261310
40.352649	17040.129948	11046.042478
40.374674	17058.298320	11048.647667
40.396699	17076.466797	11051.252872
40.418724	17094.635274	11053.858078
40.440749	17112.803751	11056.463284
40.462774	17130.119590	11058.945026
40.484799	17146.799111	11061.335627
40.506824	17163.478632	11063.726229
40.528849	17180.158154	11066.116832
40.550874	17196.788837	11068.501095
40.572899	17211.945101	11070.675981
40.594924	17227.101580	11072.850897
40.616949	17242.258058	11075.025814
40.638973	17257.414536	11077.200731
40.660998	17271.780916	11079.262779
40.683023	17285.335065	11081.208793
40.705048	17298.889214	11083.154809
40.727073	17312.443363	11085.100825
40.749098	17325.997512	11087.046841
40.771123	17337.950269	11088.764080
40.793148	17349.825006	11090.470172
40.815173	17361.699743	11092.176264
40.837198	17373.574480	11093.882358
40.859223	17384.741192	11095.487306
40.881248	17394.905705	11096.949082
40.903273	17405.070219	11098.410860
40.925298	17415.234732	11099.872638
40.947323	17425.399246	11101.334416
40.969348	17434.014339	11102.574842
40.991373	17442.406967	11103.783485
41.013398	17450.799594	11104.992128
41.035423	17459.192221	11106.200773
41.057448	17466.981129	11107.323173
41.079473	17473.571074	11108.274291
41.101498	17480.161020	11109.225411
41.123523	17486.750965	11110.176531
41.145548	17493.340911	11111.127652
41.167573	17498.484822	11111.872190
41.189598	17503.256667	11112.563573
41.211622	17508.028513	11113.254957
41.233647	17512.800358	11113.946341
41.255672	17517.095294	11114.569595
41.277697	17520.002810	11114.994636
41.299722	17522.910326	11115.419679
41.321747	17525.817842	11115.844723
41.343772	17528.725317	11116.269725
41.365797	17530.295305	11116.501796
41.387822	17531.336337	11116.658300
41.409847	17532.377368	11116.814806
41.431872	17533.418400	11116.971312
41.453897	17534.131065	11117.081818
41.475922	17533.310002	11116.974199
41.497947	17532.488965	11116.866585
41.519972	17531.667929	11116.758971
41.541997	17530.846892	11116.651358
41.564022	17528.847844	11116.375459
41.586047	17526.178019	11116.003732
41.608072	17523.508195	11115.632007
41.630097	17520.838371	11115.260282
41.652122	17517.985189	11114.862364
41.674147	17513.435569	11114.222087
41.696172	17508.886104	11113.581833
41.718197	17504.336638	11112.941579
41.740222	17499.787172	11112.301325
41.762246	17494.231740	11111.517358
41.784271	17487.879779	11110.619595
41.806296	17481.527818	11109.721833
41.828321	17475.175858	11108.824071
41.850346	17468.789755	11107.920823
41.872371	17460.617410	11106.761104
41.894396	17452.445360	11105.601428
41.916421	17444.273309	11104.441752
41.938446	17436.101259	11103.282077
41.960471	17427.082325	11102.002900
41.982496	17417.140902	11100.592348
42.004521	17407.199478	11099.181798
42.026546	17397.258055	11097.771248
42.048571	17387.316632	11096.360699
42.070596	17375.768829	11094.720659
42.092621	17364.117543	11093.065836
42.114646	17352.466257	11091.411012
42.136671	17340.814971	11089.756190
42.158696	17328.498351	11088.006318
42.180721	17315.183478	11086.113831
42.202746	17301.868605	11084.221346
42.224771	17288.553731	11082.328861
42.246796	17275.238498	11080.436015
42.268821	17260.543149	11078.344416
42.290846	17245.624186	11076.220870
42.312871	17230.705223	11074.097324
42.334895	17215.786260	11071.973779
42.356920	17200.374485	11069.781015
42.378945	17183.917588	11067.439653
42.400970	17167.460690	11065.098294
42.422995	17151.003792	11062.756934
42.445020	17134.546709	11060.415390
42.467045	17116.930034	11057.906444
42.489070	17098.989414	11055.351217
42.511095	17081.048793	11052.795991
42.533120	17063.108173	11050.240766
42.555145	17044.834004	11047.638923
42.577170	17025.511253	11044.888139
42.599195	17006.188503	11042.137356
42.621220	16986.865752	11039.386574
42.643245	16967.542991	11036.635781
42.665270	16947.298918	11033.751479
42.687295	16926.665228	11030.811512
42.709320	16906.031538	11027.871547
42.731345	16885.397848	11024.931582
42.753370	16864.566539	11021.964269
42.775395	16842.714184	11018.852096
42.797420	16820.861892	11015.739933
42.819445	16799.009599	11012.627771
42.841470	16777.157307	11009.515609
42.863495	16754.597861	11006.300664
42.885520	16731.612035	11003.024659
42.907544	16708.626210	10999.748656
42.929569	16685.640384	10996.472654
42.951594	16662.568647	10993.185111
42.973619	16638.546039	10989.762884
42.995644	16614.523660	10986.340690
43.017669	16590.501280	10982.918497
43.039694	16566.478901	10979.496304
43.061719	16541.943028	10975.999144
43.083744	16516.978387	10972.440434
43.105769	16492.013746	10968.881724
43.127794	16467.049106	10965.323016
43.149819	16442.080846	10961.763790
43.171844	16416.269868	10958.084166
43.193869	16390.459302	10954.404599
43.215894	16364.648736	10950.725032
43.237919	16338.838170	10947.045467
43.259944	16312.679934	10943.316231
43.281969	16286.122162	10939.529908
43.303994	16259.564389	10935.743587
43.326019	16233.006617	10931.957266
43.348044	16206.448845	10928.170946
43.370069	16179.289262	10924.298644
43.392094	16152.081477	10920.419453
43.414119	16124.873692	10916.540263
43.436144	16097.665907	10912.661073
43.458168	16070.246022	10908.752888
43.480193	16042.487646	10904.796927
43.502218	16014.729271	10900.840968
43.524243	15986.970896	10896.885009
43.546268	15959.212191	10892.928722
43.568293	15931.064334	10888.915216
43.590318	15902.846558	10884.891719
43.612343	15874.628783	10880.868222
43.634368	15846.411008	10876.844725
43.656393	15818.079660	10872.803847
43.678418	15789.495096	10868.726038
43.700443	15760.910533	10864.648232
43.722468	15732.325969	10860.570426
43.744493	15703.741560	10856.492775
43.766518	15674.951272	10852.387470
43.788543	15646.098428	10848.273223
43.810568	15617.245584	10844.158977
43.832593	15588.392739	10840.044732
43.854618	15559.496841	10835.924336
43.876643	15530.456814	10831.783334
43.898668	15501.416788	10827.642334
43.920693	15472.376761	10823.501334
43.942718	15443.336734	10819.360334
43.964743	15414.227974	10815.209509
43.986768	15385.088754	10811.054325
44.008793	15355.949534	10806.899142
44.030817	15326.810314	10802.743959
44.052842	15297.666665	10798.587288
44.074867	15268.504561	10794.426922
44.096892	15239.342574	10790.266575
44.118917	15210.180587	10786.106227
44.140942	15181.018600	10781.945880
44.162967	15151.891665	10777.792265
44.184992	15122.787007	10773.641990
44.207017	15093.682349	10769.491717
44.229042	15064.577691	10765.341444
44.251067	15035.480752	10761.191568
44.273092	15006.499604	10757.057025
44.295117	14977.518791	10752.922530
44.317142	14948.537978	10748.788035
44.339167	14919.557165	10744.653540
44.361192	14890.680415	10740.535487
44.383217	14861.895804	10736.430903
44.405242	14833.111192	10732.326320
44.427267	14804.326581	10728.221738
44.449292	14775.541322	10724.116508
44.471317	14747.004093	10720.045353
44.493342	14718.469896	10715.974630
44.515367	14689.935700	10711.903907
44.537392	14661.401503	10707.833185
44.559417	14633.007022	10703.782418
44.581441	14604.784128	10699.756149
44.603466	14576.561234	10695.729882
44.625491	14548.338339	10691.703616
44.647516	14520.115445	10687.677350
44.669541	14492.220594	10683.697932
44.691566	14464.358390	10679.723173
44.713591	14436.496186	10675.748416
44.735616	14408.633982	10671.773659
44.757641	14380.922984	10667.820500
44.779666	14353.469338	10663.904090
44.801691	14326.015692	10659.987682
44.823716	14298.562046	10656.071275
44.845741	14271.108400	10652.154868
44.867766	14244.027493	10648.291695
44.889791	14217.022586	10644.439373
44.911816	14190.017679	10640.587051
44.933841	14163.012771	10636.734731
44.955866	14136.148412	10632.902486
44.977891	14109.626201	10629.119102
44.999916	14083.103990	10625.335720
45.021941	14056.581779	10621.552338
45.043966	14030.059568	10617.768957
45.065991	14003.926917	10614.041214
45.088016	13977.922960	10610.331848
45.110041	13951.919002	10606.622483
45.132066	13925.915045	10602.913119
45.154090	13900.025961	10599.220165
45.176115	13874.563465	10595.588130
45.198140	13849.100968	10591.956097
45.220165	13823.638471	10588.324064
45.242190	13798.175974	10584.692032
45.264215	13773.093191	10581.112379
45.286240	13748.196201	10577.559213
45.308265	13723.299210	10574.006048
45.330290	13698.402219	10570.452884
45.352315	13673.584029	10566.911806
45.374340	13649.272269	10563.444123
45.396365	13624.960711	10559.976469
45.418390	13600.649154	10556.508816
45.440415	13576.337596	10553.041163
45.462440	13552.379433	10549.622282
45.484465	13528.664391	10546.237924
45.506490	13504.949350	10542.853568
45.528515	13481.234308	10539.469212
45.550540	13457.552772	10536.089642
45.572565	13434.448377	10532.792500
45.594590	13411.344479	10529.495428
45.616615	13388.240581	10526.198356
45.638640	13365.136683	10522.901285
45.660665	13342.350397	10519.649579
45.682690	13319.863873	10516.440680
45.704715	13297.377349	10513.231782
45.726739	13274.890825	10510.022884
45.748764	13252.404918	10506.814605
45.770789	13230.530053	10503.694965
45.792814	13208.670872	10500.577563
45.814839	13186.811691	10497.460161
45.836864	13164.952511	10494.342759
45.858889	13143.361593	10491.260868
45.880914	13122.121786	10488.228125
45.902939	13100.881979	10485.195384
45.924964	13079.642172	10482.162643
45.946989	13058.402808	10479.130345
45.969014	13037.725326	10476.179816
45.991039	13017.113018	10473.238592
46.013064	12996.500710	10470.297369
46.035089	12975.888402	10467.356146
46.057114	12955.498334	10464.446667
46.079139	12935.510075	10461.594565
46.101164	12915.521816	10458.742464
46.123189	12895.533557	10455.890365
46.145214	12875.545298	10453.038265
46.167239	12856.061387	10450.258198
46.189264	12836.690701	10447.494297
46.211289	12817.320015	10444.730397
46.233314	12797.949329	10441.966498
46.255339	12778.746388	10439.225457
46.277363	12759.983814	10436.546503
46.299388	12741.221240	10433.867551
46.321413	12722.458666	10431.188599
46.343438	12703.696184	10428.509740
46.365463	12685.382465	10425.896793
46.387488	12667.227805	10423.306555
46.409513	12649.073145	10420.716319
46.431538	12630.918485	10418.126083
46.453563	12612.880402	10415.551549
46.475588	12595.318587	10413.044075
46.497613	12577.756771	10410.536603
46.519638	12560.194956	10408.029132
46.541663	12542.633141	10405.521661
46.563688	12525.455818	10403.069104
46.585713	12508.478114	10400.645048
46.607738	12491.500410	10398.220993
46.629763	12474.522706	10395.796939
46.651788	12457.613361	10393.382651
46.673813	12441.208942	10391.040465
46.695838	12424.804864	10388.698327
46.717863	12408.400786	10386.356189
46.739888	12391.996708	10384.014052
46.761913	12375.917673	10381.718337
46.783938	12360.075039	10379.456373
46.805963	12344.232405	10377.194410
46.827988	12328.389770	10374.932448
46.850012	12312.569414	10372.673669
46.872037	12297.273616	10370.489797
46.894062	12281.978547	10368.306027
46.916087	12266.683478	10366.122257
46.938112	12251.388410	10363.938488
46.960137	12236.359098	10361.791146
46.982162	12221.597198	10359.681611
47.004187	12206.835298	10357.572077
47.026212	12192.073397	10355.462543
47.048237	12177.312083	10353.353596
47.070262	12163.054707	10351.318009
47.092287	12148.818224	10349.285399
47.114312	12134.581741	10347.252790
47.136337	12120.345258	10345.220181
47.158362	12106.321627	10343.217972
47.180387	12092.591383	10341.257648
47.202412	12078.861140	10339.297325
47.224437	12065.130896	10337.337003
47.246462	12051.400242	10335.376270
47.268487	12038.102950	10333.475874
47.290512	12024.864549	10331.583881
47.312537	12011.626148	10329.691888
47.334562	11998.387747	10327.799896
47.356587	11985.312169	10325.931159
47.378612	11972.551172	10324.107327
47.400637	11959.790175	10322.283498
47.422661	11947.029177	10320.459669
47.444686	11934.268180	10318.635840
47.466711	11921.881058	10316.865399
47.488736	11909.586517	10315.108170
47.510761	11897.291976	10313.350942
47.532786	11884.997435	10311.593715
47.554811	11872.821042	10309.853363
47.576836	11860.977845	10308.160573
47.598861	11849.134649	10306.467785
47.620886	11837.291452	10304.774997
47.642911	11825.448256	10303.082210
47.664936	11813.918902	10301.434234
47.686961	11802.510395	10299.803503
47.708986	11791.101888	10298.172773
47.731011	11779.693381	10296.542044
47.753036	11768.362235	10294.922366
47.775061	11757.377266	10293.352100
47.797086	11746.392347	10291.781844
47.819111	11735.407427	10290.211588
47.841136	11724.422507	10288.641333
47.863161	11713.700265	10287.108582
47.885186	11703.124130	10285.596679
47.907211	11692.547994	10284.084778
47.929236	11681.971858	10282.572877
47.951261	11671.435856	10281.065934
47.973285	11661.250176	10279.607874
47.995310	11651.065036	10278.149889
48.017335	11640.879897	10276.691905
48.039360	11630.694757	10275.233922
48.061385	11620.727037	10273.808630
48.083410	11610.926681	10272.407468
48.105435	11601.126325	10271.006308
48.127460	11591.325969	10269.605148
48.149485	11581.534645	10268.204652
48.171510	11572.099970	10266.853795
48.193535	11562.666400	10265.503089
48.215560	11553.232831	10264.152384
48.237585	11543.799261	10262.801680
48.259610	11534.538288	10261.475617
48.281635	11525.461537	10260.175838
48.303660	11516.384786	10258.876061
48.325685	11507.308035	10257.576284
48.347710	11498.231283	10256.276507
48.369735	11489.476928	10255.022749
48.391760	11480.741729	10253.771717
48.413785	11472.006530	10252.520686
48.435810	11463.271332	10251.269655
48.457835	11454.670467	10250.037803
48.479860	11446.267568	10248.834193
48.501885	11437.864668	10247.630585
48.523910	11429.461769	10246.426977
48.545934	11421.058869	10245.223369
48.567959	11412.931570	10244.059097
48.589984	11404.847557	10242.900993
48.612009	11396.763544	10241.742891
48.634034	11388.679531	10240.584788
48.656059	11380.696018	10239.441036
48.678084	11372.921636	10238.327112
48.700109	11365.147255	10237.213191
48.722134	11357.372874	10236.099270
48.744159	11349.598288	10234.985145
48.766184	11342.053987	10233.902160
48.788209	11334.573453	10232.828263
48.810234	11327.092919	10231.754368
48.832259	11319.612385	10230.680473
48.854284	11312.203317	10229.617834
48.876309	11305.011811	10228.587073
48.898334	11297.820305	10227.556314
48.920359	11290.628799	10226.525555
48.942384	11283.437263	10225.494767
48.964409	11276.438335	10224.489590
48.986434	11269.520936	10223.496033
49.008459	11262.603538	10222.502476
49.030484	11255.686140	10221.508921
49.052509	11248.813046	10220.521694
49.074534	11242.162842	10219.566251
49.096559	11235.512827	10218.610836
49.118583	11228.862813	10217.655422
49.140608	11222.212798	10216.700008
49.162633	11215.724360	10215.769421
49.184658	11209.331758	10214.852616
49.206683	11202.939156	10213.935813
49.228708	11196.546554	10213.019011
49.250733	11190.175049	10212.104473
49.272758	11184.026998	10211.220651
49.294783	11177.879825	10210.336951
49.316808	11171.732653	10209.453251
49.338833	11165.585480	10208.569552
49.360858	11159.568428	10207.704418
49.382883	11153.659955	10206.854754
49.404908	11147.751482	10206.005091
49.426933	11141.843009	10205.155429
49.448958	11135.936687	10204.305476
49.470983	11130.255497	10203.486329
49.493008	11124.575953	10202.667408
49.515033	11118.896409	10201.848488
49.537058	11113.216864	10201.029568
49.559083	11107.641651	10200.227006
49.581108	11102.184980	10199.441755
49.603133	11096.728309	10198.656507
49.625158	11091.271638	10197.871258
49.647183	11085.814966	10197.086010
49.669207	11080.556867	10196.329078
49.691232	11075.314841	10195.574426
49.713257	11070.072815	10194.819775
49.735282	11064.830790	10194.065125
49.757307	11059.666426	10193.320231
49.779332	11054.628038	10192.592699
49.801357	11049.589651	10191.865169
49.823382	11044.551264	10191.137640
49.845407	11039.513225	10190.410459
49.867432	11034.644558	10189.709025
49.889457	11029.806685	10189.011966
49.911482	11024.968811	10188.314909
49.933507	11020.130938	10187.617852
49.955532	11015.350771	10186.927856
49.977557	11010.704508	10186.256197
49.999582	11006.058246	10185.584541
50.021607	11001.411984	10184.912885
50.043632	10996.765721	10184.241229
50.065657	10992.259680	10183.589559
50.087682	10987.796915	10182.944040
50.109707	10983.334150	10182.298523
50.131732	10978.871385	10181.653006
50.153757	10974.449120	10181.013271
50.175782	10970.167074	10180.393489
50.197807	10965.885028	10179.773710
50.219832	10961.602981	10179.153931
50.241856	10957.320935	10178.534153
50.263881	10953.158372	10177.933299
50.285906	10949.050009	10177.340151
50.307931	10944.941646	10176.747004
50.329956	10940.833283	10176.153858
50.351981	10936.747321	10175.562167
50.374006	10932.801703	10174.988388
50.396031	10928.856522	10174.414671
50.418056	10924.911340	10173.840955
50.440081	10920.966159	10173.267239
50.462106	10917.120320	10172.709424
50.484131	10913.338643	10172.160879
50.506156	10909.556967	10171.612336
50.528181	10905.775290	10171.063793
50.550206	10902.004809	10170.516849
50.572231	10898.378041	10169.990356
50.594256	10894.752721	10169.464061
50.616281	10891.127400	10168.937766
50.638306	10887.502080	10168.411472
50.660331	10883.955432	10167.896385
50.682356	10880.480761	10167.391521
50.704381	10877.006090	10166.886659
50.726406	10873.531420	10166.381798
50.748431	10870.056081	10165.876269
50.770456	10866.722649	10165.389608
50.792480	10863.391941	10164.903319
50.814505	10860.061234	10164.417032
50.836530	10856.730526	10163.930745
50.858555	10853.463835	10163.455023
50.880580	10850.276739	10162.991053
50.902605	10847.089644	10162.527084
50.924630	10843.902549	10162.063116
50.946655	10840.714962	10161.598657
50.968680	10837.648662	10161.149974
50.990705	10834.595969	10160.703210
51.012730	10831.543277	10160.256447
51.034755	10828.490584	10159.809685
51.056780	10825.487118	10159.371231
51.078805	10822.569403	10158.945546
51.100830	10819.651688	10158.519863
51.122855	10816.733973	10158.094181
51.144880	10813.815941	10157.668182
51.166905	10811.001525	10157.255288
51.188930	10808.210503	10156.845701
51.210955	10805.419480	10156.436114
51.232980	10802.628457	10156.026528
51.255005	10799.872022	10155.621872
51.277030	10797.205435	10155.229954
51.299055	10794.538848	10154.838039
51.321080	10791.872261	10154.446124
51.343105	10789.205674	10154.054209
51.365129	10786.628386	10153.674986
51.387154	10784.082995	10153.300273
51.409179	10781.537604	10152.925561
51.431204	10778.992213	10152.550849
51.453229	10776.469887	10152.179429
51.475254	10774.042301	10151.821430
51.497279	10771.614715	10151.463435
51.519304	10769.187130	10151.105439
51.541329	10766.759544	10150.747444
51.563354	10764.406756	10150.400075
51.585379	10762.093427	10150.058283
51.607404	10759.780099	10149.716492
51.629429	10757.466770	10149.374702
51.651454	10755.166940	10149.034840
51.673479	10752.964084	10148.708716
51.695504	10750.762084	10148.382710
51.717529	10748.560084	10148.056704
51.739554	10746.358084	10147.730699
51.761579	10744.217944	10147.413477
51.783604	10742.124032	10147.102786
51.805629	10740.030119	10146.792096
51.827654	10737.936207	10146.481407
51.849679	10735.847885	10146.171517
51.871704	10733.857139	10145.875455
51.893729	10731.868698	10145.579708
51.915754	10729.880258	10145.283962
51.937778	10727.891817	10144.988216
51.959803	10725.953727	10144.699615
51.981828	10724.068124	10144.418421
52.003853	10722.182522	10144.137228
52.025878	10720.296919	10143.856036
52.047903	10718.410680	10143.574208
52.069928	10716.617878	10143.304267
52.091953	10714.830290	10143.035046
52.113978	10713.042703	10142.765825
52.136003	10711.255115	10142.496604
52.158028	10709.509002	10142.234693
52.180053	10707.821547	10141.981538
52.202078	10706.134091	10141.728385
52.224103	10704.446636	10141.475233
52.246128	10702.759181	10141.222080
52.268153	10701.154434	10140.980634
52.290178	10699.562569	10140.740987
52.312203	10697.970705	10140.501342
52.334228	10696.378840	10140.261697
52.356253	10694.815719	10140.024863
52.378278	10693.315239	10139.796226
52.400303	10691.814759	10139.567592
52.422328	10690.314279	10139.338958
52.444353	10688.814085	10139.110610
52.466378	10687.387396	10138.894320
52.488402	10685.980727	10138.680836
52.510427	10684.574057	10138.467353
52.532452	10683.167387	10138.253871
52.554477	10681.780914	10138.042138
52.576502	10680.461760	10137.839093
52.598527	10679.142606	10137.636052
52.620552	10677.823453	10137.433010
52.642577	10676.504409	10137.230080
52.664602	10675.248873	10137.037929
52.686627	10674.019969	10136.849509
52.708652	10672.791065	10136.661091
52.730677	10671.562161	10136.472673
52.752702	10670.345563	10136.285041
52.774727	10669.200950	10136.106599
52.796752	10668.056338	10135.928160
52.818777	10666.911725	10135.749721
52.840802	10665.767113	10135.571282
52.862827	10664.674545	10135.400197
52.884852	10663.614743	10135.233705
52.906877	10662.554941	10135.067214
52.928902	10661.495139	10134.900724
52.950927	10660.443872	10134.736271
52.972952	10659.468533	10134.583570
52.994977	10658.494817	10134.431091
53.017002	10657.521101	10134.278612
53.039027	10656.547385	10134.126134
53.061051	10655.615151	10133.977811
53.083076	10654.721395	10133.834666
53.105101	10653.827639	10133.691522
53.127126	10652.933884	10133.548379
53.149151	10652.042852	10133.405626
53.171176	10651.226574	10133.273400
53.193201	10650.414096	10133.141692
53.215226	10649.601617	10133.009985
53.237251	10648.789139	10132.878278
53.259276	10648.012182	10132.751575
53.281301	10647.279706	10132.631084
53.303326	10646.547230	10132.510594
53.325351	10645.814755	10132.390106
53.347376	10645.082884	10132.270222
53.369401	10644.424110	10132.162005
53.391426	10643.773109	10132.054856
53.413451	10643.122107	10131.947708
53.435476	10642.471105	10131.840560
53.457501	10641.846660	10131.735764
53.479526	10641.271932	10131.637406
53.501551	10640.697203	10131.539050
53.523576	10640.122474	10131.440695
53.545601	10639.547746	10131.342341
53.567626	10639.036460	10131.252891
53.589651	10638.539435	10131.165414
53.611676	10638.042410	10131.077938
53.633700	10637.545385	10130.990463
53.655725	10637.069458	10130.905964
53.677750	10636.649365	10130.829249
53.699775	10636.229272	10130.752538
53.721800	10635.809179	10130.675826
53.743825	10635.389086	10130.599115
53.765850	10635.025007	10130.530263
53.787875	10634.681551	10130.464271
53.809900	10634.338096	10130.398281
53.831925	10633.994641	10130.332291
53.853950	10633.665520	10130.268331
53.875975	10633.397931	10130.212945
53.898000	10633.130343	10130.157562
53.920025	10632.862754	10130.102179
53.942050	10632.595245	10130.046876
53.964075	10632.378973	10130.000584
53.986100	10632.189606	10129.958022
54.008125	10632.000240	10129.915462
54.030150	10631.810874	10129.872902
54.052175	10631.628142	10129.830346
54.074200	10631.511796	10129.796057
54.096225	10631.395451	10129.761771
54.118250	10631.279106	10129.727485
54.140275	10631.162761	10129.693200
54.162300	10631.088864	10129.664859
54.184324	10631.048231	10129.641130
54.206349	10631.007599	10129.617403
54.228374	10630.966966	10129.593676
54.250399	10630.930626	10129.570562
54.272424	10630.962100	10129.556879
54.294449	10630.996549	10129.543603
54.316474	10631.030998	10129.530327
54.338499	10631.065447	10129.517051
54.360524	10631.135694	10129.508778
54.382549	10631.245534	10129.505986
54.404574	10631.355373	10129.503195
54.426599	10631.465213	10129.500405
54.448624	10631.576306	10129.497794
54.470649	10631.755338	10129.504646
54.492674	10631.940736	10129.512365
54.514699	10632.126134	10129.520085
54.536724	10632.311531	10129.527805
54.558749	10632.526379	10129.539638
54.580774	10632.787476	10129.557865
54.602799	10633.048572	10129.576094
54.624824	10633.309669	10129.594323
54.646849	10633.570766	10129.612553
54.668874	10633.896502	10129.639782
54.690899	10634.233928	10129.668610
54.712924	10634.571354	10129.697439
54.734949	10634.908779	10129.726268
54.756973	10635.271006	10129.759928
54.778998	10635.686949	10129.801536
54.801023	10636.102892	10129.843147
54.823048	10636.518834	10129.884758
54.845073	10636.934379	10129.925971
54.867098	10637.406905	10129.973549
54.889123	10637.897901	10130.023664
54.911148	10638.388897	10130.073781
54.933173	10638.879892	10130.123897
54.955198	10639.387850	10130.176382
54.977223	10639.956381	10130.237216
54.999248	10640.524913	10130.298052
55.021273	10641.093444	10130.358889
55.043298	10641.661975	10130.419726
55.065323	10642.283571	10130.487930
55.087348	10642.930590	10130.559629
55.109373	10643.577610	10130.631328
55.131398	10644.224629	10130.703028
55.153423	10644.883516	10130.777463
55.175448	10645.612150	10130.862345
55.197473	10646.340784	10130.947231
55.219498	10647.069418	10131.032116
55.241523	10647.798004	10131.116954
55.263548	10648.571721	10131.206177
55.285573	10649.378157	10131.299893
55.307598	10650.184592	10131.393611
55.329622	10650.991028	10131.487329
55.351647	10651.802199	10131.581723
55.373672	10652.689276	10131.686574
55.395697	10653.577129	10131.791533
55.417722	10654.464982	10131.896493
55.439747	10655.352836	10132.001453
55.461772	10656.284549	10132.114281
55.483797	10657.257101	10132.232824
55.505822	10658.229653	10132.351370
55.527847	10659.202205	10132.469915
55.549872	10660.176343	10132.587922
55.571897	10661.224613	10132.714996
55.593922	10662.278359	10132.842815
55.615947	10663.332104	10132.970636
55.637972	10664.385850	10133.098457
55.659997	10665.475572	10133.231256
55.682022	10666.614591	10133.370823
55.704047	10667.753609	10133.510391
55.726072	10668.892628	10133.649960
55.748097	10670.032863	10133.790318
55.770122	10671.249556	10133.942490
55.792147	10672.477114	10134.096139
55.814172	10673.704673	10134.249789
55.836197	10674.932231	10134.403439
55.858222	10676.187904	10134.559481
55.880246	10677.501605	10134.723070
55.902271	10678.815305	10134.886662
55.924296	10680.129005	10135.050254
55.946321	10681.443248	10135.214388
55.968346	10682.830692	10135.390041
55.990371	10684.236493	10135.568196
56.012396	10685.642294	10135.746352
56.034421	10687.048094	10135.924508
56.056446	10688.475569	10136.104312
56.078471	10689.970736	10136.292824
56.100496	10691.465903	10136.481339
56.122521	10692.961071	10136.669853
56.144546	10694.456605	10136.858736
56.166571	10696.020657	10137.058641
56.188596	10697.611638	10137.262224
56.210621	10699.202620	10137.465808
56.232646	10700.793602	10137.669392
56.254671	10702.400925	10137.875235
56.276696	10704.087792	10138.091956
56.298721	10705.774660	10138.308680
56.320746	10707.461527	10138.525404
56.342771	10709.148202	10138.741937
56.364796	10710.894522	10138.964925
56.386821	10712.677245	10139.192885
56.408846	10714.459969	10139.420846
56.430871	10716.242693	10139.648808
56.452895	10718.035385	10139.879201
56.474920	10719.920849	10140.123146
56.496945	10721.806313	10140.367093
56.518970	10723.691777	10140.611041
56.540995	10725.577240	10140.854989
56.563020	10727.518732	10141.106626
56.585045	10729.506880	10141.364632
56.607070	10731.495028	10141.622639
56.629095	10733.483175	10141.880647
56.651120	10735.474281	10142.139076
56.673145	10737.565568	10142.411199
56.695170	10739.659329	10142.683661
56.717195	10741.753090	10142.956123
56.739220	10743.846851	10143.228586
56.761245	10745.990873	10143.507942
56.783270	10748.193178	10143.795250
56.805295	10750.395483	10144.082561
56.827320	10752.597787	10144.369872
56.849345	10754.801530	10144.657388
56.871370	10757.104995	10144.958537
56.893395	10759.418619	10145.261068
56.915420	10761.732243	10145.563599
56.937445	10764.045867	10145.866131
56.959470	10766.403172	10146.174655
56.981495	10768.831521	10146.492875
57.003520	10771.259870	10146.811097
57.025544	10773.688219	10147.129319
57.047569	10776.116683	10147.447557
57.069594	10778.643661	10147.779258
57.091619	10781.189638	10148.113540
57.113644	10783.735615	10148.447822
57.135669	10786.281592	10148.782105
57.157694	10788.863808	10149.121353
57.179719	10791.531127	10149.472204
57.201744	10794.198445	10149.823059
57.223769	10796.865764	10150.173913
57.245794	10799.533594	10150.525279
57.267819	10802.297851	10150.891303
57.289844	10805.092441	10151.261453
57.311869	10807.887032	10151.631604
57.333894	10810.681622	10152.001755
57.355919	10813.502642	10152.374204
57.377944	10816.423902	10152.759717
57.399969	10819.345162	10153.145233
57.421994	10822.266421	10153.530750
57.444019	10825.187681	10153.916267
57.466044	10828.198778	10154.314061
57.488069	10831.252958	10154.717719
57.510094	10834.307139	10155.121379
57.532119	10837.361319	10155.525039
57.554144	10840.435438	10155.932602
57.576168	10843.629045	10156.357179
57.598193	10846.822652	10156.781759
57.620218	10850.016258	10157.206339
57.642243	10853.209704	10157.630758
57.664268	10856.485217	10158.064612
57.686293	10859.818164	10158.506283
57.708318	10863.151112	10158.947957
57.730343	10866.484060	10159.389631
57.752368	10869.826104	10159.833578
57.774393	10873.307575	10160.297397
57.796418	10876.789047	10160.761219
57.818443	10880.270518	10161.225042
57.840468	10883.751990	10161.688865
57.862493	10887.311242	10162.163299
57.884518	10890.944279	10162.647773
57.906543	10894.577316	10163.132249
57.928568	10898.210353	10163.616725
57.950593	10901.844252	10164.100462
57.972618	10905.624158	10164.603044
57.994643	10909.410105	10165.106449
58.016668	10913.196053	10165.609855
58.038693	10916.982000	10166.113261
58.060718	10920.840410	10166.628292
58.082743	10924.791536	10167.156096
58.104768	10928.742661	10167.683902
58.126793	10932.693786	10168.211709
58.148817	10936.645758	10168.739636
58.170842	10940.745423	10169.287675
58.192867	10944.863996	10169.838284
58.214892	10948.982570	10170.388893
58.236917	10953.101143	10170.939502
58.258942	10957.280602	10171.498413
58.280967	10961.572328	10172.072593
58.302992	10965.864055	10172.646776
58.325017	10970.155782	10173.220960
58.347042	10974.447509	10173.795143
58.369067	10978.884475	10174.389106
58.391092	10983.355215	10174.987655
58.413117	10987.825955	10175.586206
58.435142	10992.296695	10176.184756
58.457167	10996.817616	10176.790144
58.479192	11001.473369	10177.413862
58.501217	11006.129122	10178.037582
58.523242	11010.784875	10178.661303
58.545267	11015.441108	10179.285504
58.567292	11020.240714	10179.930730
58.589317	11025.092512	10180.583048
58.611342	11029.944310	10181.235367
58.633367	11034.796109	10181.887686
58.655392	11039.684234	10182.543660
58.677417	11044.732091	10183.220726
58.699441	11049.779949	10183.897796
58.721466	11054.827806	10184.574866
58.743491	11059.875664	10185.251936
58.765516	11065.058332	10185.947353
58.787541	11070.313421	10186.652610
58.809566	11075.568510	10187.357869
58.831591	11080.823600	10188.063128
58.853616	11086.103706	10188.772945
58.875641	11091.575644	10189.509607
58.897666	11097.047582	10190.246272
58.919691	11102.519519	10190.982938
58.941716	11107.991328	10191.719474
58.963741	11113.587790	10192.471168
58.985766	11119.279701	10193.235832
59.007791	11124.971613	10194.000498
59.029816	11130.663525	10194.765165
59.051841	11136.363585	10195.531941
59.073866	11142.288831	10196.330234
59.095891	11148.214078	10197.128530
59.117916	11154.139324	10197.926827
59.139941	11160.064570	10198.725124
59.161966	11166.106863	10199.539343
59.183991	11172.270798	10200.370089
59.206016	11178.434733	10201.200837
59.228041	11184.598668	10202.031586
59.250066	11190.762812	10202.861528
59.272090	11197.158680	10203.721891
59.294115	11203.568032	10204.584087
59.316140	11209.977384	10205.446283
59.338165	11216.386736	10206.308480
59.360190	11222.904074	10207.187086
59.382215	11229.573913	10208.086602
59.404240	11236.243752	10208.986119
59.426265	11242.913591	10209.885637
59.448290	11249.583905	10210.785222
59.470315	11256.484508	10211.716097
59.492340	11263.420008	10212.651711
59.514365	11270.355507	10213.587325
59.536390	11277.291006	10214.522940
59.558415	11284.318343	10215.471043
59.580440	11291.531698	10216.444415
59.602465	11298.745053	10217.417791
59.624490	11305.958408	10218.391170
59.646515	11313.171763	10219.364550
59.668540	11320.612011	10220.368768
59.690565	11328.112319	10221.381141
59.712590	11335.612627	10222.393515
59.734615	11343.112935	10223.405889
59.756640	11350.689915	10224.430105
59.778665	11358.491560	10225.485325
59.800690	11366.293205	10226.540549
59.822715	11374.094849	10227.595772
59.844739	11381.896045	10228.650547
59.866764	11389.914365	10229.733300
59.888789	11398.021719	10230.828143
59.910814	11406.129074	10231.922987
59.932839	11414.236428	10233.017832
59.954864	11422.398585	10234.120126
59.976889	11430.826187	10235.258466
59.998914	11439.253788	10236.396808
60.020939	11447.681389	10237.535151
60.042964	11456.109265	10238.673767
60.064989	11464.748123	10239.842730
60.087014	11473.508995	10241.028261
60.109039	11482.269866	10242.213794
60.131064	11491.030737	10243.399327
60.153089	11499.821959	10244.587872
60.175114	11508.926627	10245.818188
60.197139	11518.031296	10247.048507
60.219164	11527.135964	10248.278827
60.241189	11536.240731	10249.509245
60.263214	11545.544373	10250.768504
60.285239	11555.007895	10252.049469
60.307264	11564.471417	10253.330436
60.329289	11573.934938	10254.611404
60.351314	11583.402904	10255.892982
60.373339	11593.235414	10257.224064
60.395363	11603.067924	10258.555150
60.417388	11612.900434	10259.886236
60.439413	11622.732943	10261.217323
60.461438	11632.744059	10262.570818
60.483463	11642.957052	10263.951656
60.505488	11653.170045	10265.332495
60.527513	11663.383038	10266.713335
60.549538	11673.597731	10268.095224
60.571563	11684.180261	10269.528154
60.593588	11694.790194	10270.964806
60.615613	11705.400128	10272.401459
60.637638	11716.010062	10273.838113
60.659663	11726.781731	10275.296742
60.681688	11737.803379	10276.789316
60.703713	11748.825028	10278.281893
60.725738	11759.846677	10279.774471
60.747763	11770.868584	10281.267085
60.769788	11782.250101	10282.808514
60.791813	11793.693910	10284.358400
60.813838	11805.137719	10285.908286
60.835863	11816.581528	10287.458174
60.857888	11828.162494	10289.026691
60.879913	11840.043910	10290.636001
60.901938	11851.925326	10292.245314
60.923963	11863.806742	10293.854627
60.945988	11875.688158	10295.463940
60.968012	11887.919825	10297.120816
60.990037	11900.253960	10298.791602
61.012062	11912.588095	10300.462390
61.034087	11924.922229	10302.133177
61.056112	11937.366884	10303.820367
61.078137	11950.168429	10305.556526
61.100162	11962.969975	10307.292687
61.122187	11975.771520	10309.028849
61.144212	11988.572648	10310.764593
61.166237	12001.705350	10312.543799
61.188262	12014.984833	10314.342930
61.210287	12028.264316	10316.142062
61.232312	12041.543799	10317.941195
61.254337	12054.899997	10319.750745
61.276362	12068.675207	10321.617174
61.298387	12082.450417	10323.483607
61.320412	12096.225628	10325.350040
61.342437	12110.001080	10327.216715
61.364462	12124.090804	10329.127768
61.386487	12138.375998	10331.065356
61.408512	12152.661192	10333.002946
61.430537	12166.946385	10334.940537
61.452562	12181.269785	10336.882228
61.474587	12196.075952	10338.888635
61.496612	12210.882119	10340.895045
61.518637	12225.688286	10342.901455
61.540661	12240.494521	10344.907932
61.562686	12255.590554	10346.955601
61.584711	12270.935822	10349.037097
61.606736	12286.281089	10351.118595
61.628761	12301.626356	10353.200094
61.650786	12316.972521	10355.281719
61.672811	12332.865402	10357.437561
61.694836	12348.761306	10359.593817
61.716861	12364.657209	10361.750073
61.738886	12380.553112	10363.906329
61.760911	12396.703129	10366.095261
61.782936	12413.158079	10368.325488
61.804961	12429.613030	10370.555718
61.826986	12446.067980	10372.785949
61.849011	12462.524345	10375.017162
61.871036	12479.509779	10377.321314
61.893061	12496.543627	10379.632040
61.915086	12513.577474	10381.942767
61.937111	12530.611322	10384.253495
61.959136	12547.865611	10386.594152
61.981161	12565.483711	10388.984194
62.003186	12583.101810	10391.374239
62.025211	12600.719910	10393.764284
62.047236	12618.338139	10396.154348
62.069261	12636.457004	10398.612365
62.091285	12654.673066	10401.083577
62.113310	12672.889128	10403.554790
62.135335	12691.105190	10406.026003
62.157360	12709.501423	10408.521674
62.179385	12728.321769	10411.074910
62.201410	12747.142115	10413.628150
62.223435	12765.962461	10416.181389
62.245460	12784.782807	10418.734629
62.267485	12804.069304	10421.351141
62.289510	12823.504265	10423.987804
62.311535	12842.939227	10426.624469
62.333560	12862.374189	10429.261134
62.355585	12881.944757	10431.916208
62.377610	12901.999114	10434.636945
62.399635	12922.053472	10437.357685
62.421660	12942.107829	10440.078426
62.443685	12962.162187	10442.799166
62.465710	12982.640356	10445.577433
62.487735	13003.318582	10448.382853
62.509760	13023.996807	10451.188274
62.531785	13044.675032	10453.993696
62.553810	13065.442464	10456.812446
62.575835	13086.751257	10459.705378
62.597860	13108.060050	10462.598313
62.619885	13129.368844	10465.491248
62.641910	13150.677426	10468.383973
62.663934	13172.359276	10471.325623
62.685959	13194.291112	10474.301200
62.707984	13216.222947	10477.276779
62.730009	13238.154783	10480.252359
62.752034	13260.124597	10483.233097
62.774059	13282.683121	10486.293745
62.796084	13305.241644	10489.354396
62.818109	13327.800167	10492.415047
62.840134	13350.358727	10495.475734
62.862159	13373.241922	10498.582361
62.884184	13396.421534	10501.729217
62.906209	13419.601146	10504.876074
62.928234	13442.780758	10508.022931
62.950259	13465.959934	10511.168820
62.972284	13489.736512	10514.394796
62.994309	13513.525022	10517.622395
63.016334	13537.313533	10520.849995
63.038359	13561.102043	10524.077595
63.060384	13585.156505	10527.341292
63.082409	13609.546801	10530.650570
63.104434	13633.937098	10533.959850
63.126459	13658.327394	10537.269131
63.148484	13682.718892	10540.579336
63.170509	13707.640099	10543.962578
63.192534	13732.618855	10547.353634
63.214559	13757.597611	10550.744691
63.236583	13782.576367	10554.135748
63.258608	13807.761128	10557.554771
63.280633	13833.307606	10561.022892
63.302658	13858.854083	10564.491015
63.324683	13884.400561	10567.959139
63.346708	13909.946385	10571.426564
63.368733	13935.937604	10574.953126
63.390758	13962.024796	10578.492715
63.412783	13988.111989	10582.032305
63.434808	14014.199181	10585.571895
63.456833	14040.435175	10589.133174
63.478858	14067.042792	10592.745312
63.500883	14093.650409	10596.357453
63.522908	14120.258026	10599.969595
63.544933	14146.865643	10603.581737
63.566958	14173.835973	10607.243107
63.588983	14200.930898	10610.921390
63.611008	14228.025822	10614.599673
63.633033	14255.120747	10618.277957
63.655058	14282.305719	10621.967123
63.677083	14309.845567	10625.703878
63.699108	14337.385415	10629.440637
63.721133	14364.925263	10633.177396
63.743158	14392.465467	10636.914510
63.765183	14420.280401	10640.690518
63.787207	14448.232549	10644.485151
63.809232	14476.184696	10648.279786
63.831257	14504.136844	10652.074420
63.853282	14532.134625	10655.875249
63.875307	14560.448962	10659.719040
63.897332	14588.763299	10663.562835
63.919357	14617.077636	10667.406630
63.941382	14645.391973	10671.250425
63.963407	14673.888918	10675.118997
63.985432	14702.514514	10679.005028
64.007457	14731.140110	10682.891060
64.029482	14759.765706	10686.777094
64.051507	14788.403365	10690.664765
64.073532	14817.283087	10694.585287
64.095557	14846.162809	10698.505813
64.117582	14875.042531	10702.426340
64.139607	14903.922253	10706.346867
64.161632	14932.900612	10710.280781
64.183657	14961.974290	10714.227633
64.205682	14991.047969	10718.174487
64.227707	15020.121648	10722.121341
64.249732	15049.195755	10726.068254
64.271757	15078.391302	10730.031648
64.293782	15107.591013	10733.995610
64.315807	15136.790723	10737.959573
64.337832	15165.990434	10741.923536
64.359856	15195.214137	10745.890750
64.381881	15224.468887	10749.862174
64.403906	15253.723637	10753.833601
64.425931	15282.978387	10757.805027
64.447956	15312.233346	10761.776483
64.469981	15341.470155	10765.745474
64.492006	15370.704353	10769.714115
64.514031	15399.938552	10773.682756
64.536056	15429.172751	10777.651398
64.558081	15458.372391	10781.615349
64.580106	15487.505777	10785.570309
64.602131	15516.639163	10789.525272
64.624156	15545.772549	10793.480235
64.646181	15574.905939	10797.435198
64.668206	15603.889782	10801.369855
64.690231	15632.837516	10805.299615
64.712256	15661.785250	10809.229375
64.734281	15690.732984	10813.159136
64.756306	15719.607709	10817.078988
64.778331	15748.281818	10820.971612
64.800356	15776.955927	10824.864240
64.822381	15805.630036	10828.756868
64.844406	15834.304145	10832.649497
64.866431	15862.712892	10836.506101
64.888456	15891.022353	10840.349232
64.910480	15919.331815	10844.192364
64.932505	15947.641276	10848.035497
64.954530	15975.864294	10851.866898
64.976555	16003.715028	10855.647773
64.998580	16031.565762	10859.428652
65.020605	16059.416497	10863.209530
65.042630	16087.267231	10866.990409
65.064655	16114.758092	10870.722438
65.086680	16142.054404	10874.428064
65.108705	16169.350715	10878.133691
65.130730	16196.647027	10881.839319
65.152755	16223.871878	10885.535247
65.174780	16250.516605	10889.152442
65.196805	16277.161331	10892.769641
65.218830	16303.806057	10896.386841
65.240855	16330.450783	10900.004040
65.262880	16356.668550	10903.563293
65.284905	16382.564514	10907.078873
65.306930	16408.460477	10910.594456
65.328955	16434.356441	10914.110038
65.350980	16460.227452	10917.623240
65.373005	16485.276533	10921.025779
65.395030	16510.325614	10924.428323
65.417055	16535.374695	10927.830867
65.439080	16560.423776	10931.233411
65.461105	16585.007335	10934.570883
65.483129	16609.111053	10937.843211
65.505154	16633.214772	10941.115541
65.527179	16657.318490	10944.387872
65.549204	16681.422509	10947.660243
65.571229	16704.535766	10950.798149
65.593254	16727.599144	10953.929290
65.615279	16750.662522	10957.060432
65.637304	16773.725900	10960.191574
65.659329	16796.320938	10963.259147
65.681354	16818.248296	10966.236102
65.703379	16840.175654	10969.213059
65.725404	16862.103012	10972.190016
65.747429	16884.030502	10975.166992
65.769454	16904.890897	10977.999132
65.791479	16925.595867	10980.810183
65.813504	16946.300838	10983.621234
65.835529	16967.005808	10986.432286
65.857554	16987.273123	10989.183939
65.879579	17006.664695	10991.816740
65.901604	17026.056267	10994.449544
65.923629	17045.447839	10997.082348
65.945654	17064.840053	10999.715795
65.967679	17083.131377	11002.201180
65.989704	17101.136147	11004.647677
66.011729	17119.140918	11007.094176
66.033754	17137.145688	11009.540675
66.055778	17154.773010	11011.934506
66.077803	17171.297097	11014.178125
66.099828	17187.821184	11016.421749
66.121853	17204.345271	11018.665372
66.143878	17220.869358	11020.908996
66.165903	17236.292745	11023.003225
66.187928	17251.276622	11025.037807
66.209953	17266.260499	11027.072391
66.231978	17281.244376	11029.106975
66.254003	17295.945044	11031.103121
66.276028	17309.311593	11032.918204
66.298053	17322.678143	11034.733292
66.320078	17336.044692	11036.548379
66.342103	17349.411242	11038.363467
66.364128	17361.710629	11040.033704
66.386153	17373.398128	11041.620897
66.408178	17385.085627	11043.208092
66.430203	17396.773126	11044.795287
66.452228	17408.296410	11046.360194
66.474253	17418.273984	11047.715321
66.496278	17428.251558	11049.070452
66.518303	17438.229132	11050.425583
66.540328	17448.206707	11051.780715
66.562353	17457.206963	11053.003198
66.584378	17465.428338	11054.119974
66.606402	17473.649714	11055.236752
66.628427	17481.871090	11056.353530
66.650452	17490.062501	11057.467222
66.672477	17496.452731	11058.337384
66.694502	17502.842962	11059.207551
66.716527	17509.233192	11060.077719
66.738552	17515.623422	11060.947886
66.760577	17521.143570	11061.698096
66.782602	17525.713630	11062.319310
66.804627	17530.283689	11062.940527
66.826652	17534.853748	11063.561744
66.848677	17539.424015	11064.182988
66.870702	17542.259876	11064.568832
66.892727	17544.981094	11064.939121
66.914752	17547.702311	11065.309411
66.936777	17550.423528	11065.679701
66.958802	17552.395992	11065.948365
66.980827	17553.237511	11066.063536
67.002852	17554.079031	11066.178711
67.024877	17554.920550	11066.293886
67.046902	17555.762151	11066.409073
67.068927	17554.989304	11066.305147
67.090952	17553.951109	11066.165213
67.112977	17552.912913	11066.025281
67.135002	17551.874717	11065.885348
67.157027	17550.246245	11065.665294
67.179051	17547.359101	11065.274405
67.201076	17544.471957	11064.883520
67.223101	17541.584813	11064.492636
67.245126	17538.697669	11064.101751
67.267151	17534.344855	11063.511937
67.289176	17529.577936	11062.865925
67.311201	17524.811017	11062.219915
67.333226	17520.044098	11061.573905
67.355251	17514.840538	11060.868628
67.377276	17508.255478	11059.975852
67.399301	17501.670419	11059.083080
67.421326	17495.085359	11058.190308
67.443351	17488.500299	11057.297537
67.465376	17480.652209	11056.233329
67.487401	17472.264399	11055.095872
67.509426	17463.876590	11053.958417
67.531451	17455.488780	11052.820963
67.553476	17446.811630	11051.642979
67.575501	17436.634256	11050.260732
67.597526	17426.456882	11048.878488
67.619551	17416.279509	11047.496245
67.641576	17406.102396	11046.114264
67.663601	17394.864270	11044.589961
67.685626	17382.978834	11042.977808
67.707651	17371.093398	11041.365656
67.729676	17359.207961	11039.753505
67.751700	17347.186123	11038.122836
67.773725	17333.636640	11036.284820
67.795750	17320.087157	11034.446809
67.817775	17306.537675	11032.608799
67.839800	17292.988192	11030.770789
67.861825	17278.561178	11028.813671
67.883850	17263.393891	11026.756084
67.905875	17248.226604	11024.698500
67.927900	17233.059318	11022.640916
67.949925	17217.887608	11020.582728
67.971950	17201.179587	11018.316024
67.993975	17184.471566	11016.049325
68.016000	17167.763545	11013.782626
68.038025	17151.055524	11011.515928
68.060050	17133.659372	11009.153984
68.082075	17115.468511	11006.684100
68.104100	17097.277649	11004.214220
68.126125	17079.086788	11001.744339
68.148150	17060.897003	10999.275408
68.170175	17041.423061	10996.633289
68.192200	17021.843209	10993.976801
68.214225	17002.263356	10991.320314
68.236250	16982.683504	10988.663827
68.258275	16962.597984	10985.937016
68.280300	16941.704880	10983.100369
68.302324	16920.811775	10980.263725
68.324349	16899.918670	10977.427081
68.346374	16879.026367	10974.591199
68.368399	16857.099648	10971.616163
68.390424	16834.982487	10968.615285
68.412449	16812.865325	10965.614408
68.434474	16790.748164	10962.613531
68.456499	16768.282849	10959.563861
68.478524	16745.028178	10956.406674
68.500549	16721.773506	10953.249491
68.522574	16698.518834	10950.092307
68.544599	16675.264743	10946.935705
68.566624	16651.213991	10943.672378
68.588649	16626.918744	10940.375871
68.610674	16602.623497	10937.079365
68.632699	16578.328250	10933.782860
68.654724	16553.817698	10930.455740
68.676749	16528.574547	10927.028646
68.698774	16503.331397	10923.601557
68.720799	16478.088246	10920.174467
68.742824	16452.845501	10916.747783
68.764849	16427.022108	10913.243835
68.786874	16400.932614	10909.703771
68.808899	16374.843121	10906.163710
68.830924	16348.753628	10902.623648
68.852949	16322.552147	10899.067150
68.874973	16295.707468	10895.422664
68.896998	16268.862789	10891.778182
68.919023	16242.018110	10888.133700
68.941048	16215.173431	10884.489219
68.963073	16187.932378	10880.790927
68.985098	16160.434958	10877.057841
69.007123	16132.937539	10873.324757
69.029148	16105.440119	10869.591673
69.051173	16077.905001	10865.853466
69.073198	16049.850402	10862.044733
69.095223	16021.795802	10858.236006
69.117248	15993.741202	10854.427278
69.139273	15965.686602	10850.618551
69.161298	15937.388249	10846.776721
69.183323	15908.872042	10842.905318
69.205348	15880.355835	10839.033917
69.227373	15851.839628	10835.162517
69.249398	15823.323604	10831.291136
69.271423	15794.443933	10827.370377
69.293448	15765.560181	10823.449069
69.315473	15736.676429	10819.527761
69.337498	15707.792677	10815.606453
69.359523	15678.784835	10811.668291
69.381548	15649.624514	10807.709429
69.403573	15620.464194	10803.750570
69.425598	15591.303873	10799.791711
69.447622	15562.143653	10795.832864
69.469647	15532.810312	10791.850491
69.491672	15503.459731	10787.865784
69.513697	15474.109150	10783.881077
69.535722	15444.758569	10779.896371
69.557747	15415.370275	10775.906535
69.579772	15385.917341	10771.907917
69.601797	15356.464407	10767.909303
69.623822	15327.011473	10763.910689
69.645847	15297.558563	10759.912078
69.667872	15268.084740	10755.910587
69.689897	15238.606480	10751.908498
69.711922	15209.128220	10747.906410
69.733947	15179.649960	10743.904322
69.755972	15150.185675	10739.902613
69.777997	15120.758559	10735.905531
69.800022	15091.331442	10731.908452
69.822047	15061.904326	10727.911374
69.844072	15032.477759	10723.914845
69.866097	15003.145247	10719.932490
69.888122	14973.843035	10715.954249
69.910147	14944.540822	10711.976009
69.932172	14915.238610	10707.997769
69.954197	14885.975091	10704.023412
69.976222	14856.859675	10700.068577
69.998246	14827.744258	10696.113747
70.020271	14798.628842	10692.158916
70.042296	14769.513799	10688.204460
70.064321	14740.570382	10684.274868
70.086346	14711.709381	10680.356460
70.108371	14682.848380	10676.438054
70.130396	14653.987378	10672.519649
70.152421	14625.166074	10668.605414
70.174446	14596.610559	10664.726510
70.196471	14568.055043	10660.847612
70.218496	14539.499527	10656.968713
70.240521	14510.944011	10653.089815
70.262546	14482.602357	10649.239916
70.284571	14454.406937	10645.409858
70.306596	14426.211517	10641.579802
70.328621	14398.016098	10637.749746
70.350646	14369.842668	10633.922670
70.372671	14342.052091	10630.147535
70.394696	14314.261515	10626.372404
70.416721	14286.470938	10622.597274
70.438746	14258.680362	10618.822144
70.460771	14231.118758	10615.078060
70.482796	14203.773043	10611.363263
70.504821	14176.427329	10607.648469
70.526846	14149.081614	10603.933676
70.548871	14121.736035	10600.218896
70.570895	14094.863111	10596.568234
70.592920	14068.002380	10592.919232
70.614945	14041.141648	10589.270230
70.636970	14014.280916	10585.621228
70.658995	13987.644182	10582.002611
70.681020	13961.297714	10578.423381
70.703045	13934.951246	10574.844154
70.725070	13908.604778	10571.264927
70.747095	13882.257511	10567.684839
70.769120	13856.393003	10564.169063
70.791145	13830.584770	10560.660930
70.813170	13804.776538	10557.152797
70.835195	13778.968306	10553.644664
70.857220	13753.363935	10550.165813
70.879245	13728.124565	10546.736766
70.901270	13702.885195	10543.307722
70.923295	13677.645826	10539.878679
70.945320	13652.405771	10536.448944
70.967345	13627.638398	10533.082010
70.989370	13602.977339	10529.729508
71.011395	13578.316280	10526.377007
71.033420	13553.655221	10523.024506
71.055445	13529.160703	10519.694588
71.077470	13505.100187	10516.423548
71.099495	13481.039670	10513.152511
71.121520	13456.979154	10509.881475
71.143544	13432.918637	10506.610439
71.165569	13409.305743	10503.400129
71.187594	13385.851949	10500.211414
71.209619	13362.398155	10497.022700
71.231644	13338.944360	10493.833987
71.253669	13315.613260	10490.661909
71.275694	13292.778482	10487.557161
71.297719	13269.943704	10484.452419
71.319744	13247.108925	10481.347676
71.341769	13224.274147	10478.242934
71.363794	13201.849108	10475.193763
71.385819	13179.636414	10472.173406
71.407844	13157.423720	10469.153051
71.429869	13135.211026	10466.132696
71.451894	13113.072624	10463.122417
71.473919	13091.483599	10460.186679
71.495944	13069.894574	10457.250947
71.517969	13048.305549	10454.315215
71.539994	13026.716357	10451.379315
71.562019	13005.486523	10448.490383
71.584044	12984.518879	10445.637025
71.606069	12963.551234	10442.783670
71.628094	12942.583590	10439.930315
71.650119	12921.640838	10437.080332
71.672144	12901.295276	10434.311369
71.694168	12880.949714	10431.542411
71.716193	12860.604152	10428.773453
71.738218	12840.258591	10426.004496
71.760243	12820.224224	10423.279650
71.782268	12800.498289	10420.596658
71.804293	12780.772355	10417.913668
71.826318	12761.046420	10415.230679
71.848343	12741.319571	10412.546686
71.870368	12722.177209	10409.940947
71.892393	12703.058775	10407.338461
71.914418	12683.940341	10404.735975
71.936443	12664.821907	10402.133490
71.958468	12645.955741	10399.563458
71.980493	12627.438610	10397.040621
72.002518	12608.921480	10394.517788
72.024543	12590.404350	10391.994955
72.046568	12571.888104	10389.472964
72.068593	12553.895832	10387.023241
72.090618	12535.973655	10384.583037
72.112643	12518.051477	10382.142833
72.134668	12500.129300	10379.702629
72.156693	12482.404958	10377.287647
72.178718	12465.064008	10374.924367
72.200743	12447.723058	10372.561091
72.222768	12430.382107	10370.197815
72.244793	12413.041157	10367.834540
72.266817	12396.158675	10365.533451
72.288842	12379.388859	10363.247656
72.310867	12362.619044	10360.961863
72.332892	12345.849228	10358.676069
72.354917	12329.226463	10356.410214
72.376942	12313.015402	10354.200208
72.398967	12296.804340	10351.990207
72.420992	12280.593279	10349.780206
72.443017	12264.382218	10347.570205
72.465042	12248.566563	10345.413826
72.487067	12232.901920	10343.277941
72.509092	12217.237277	10341.142058
72.531117	12201.572634	10339.006175
72.553142	12186.006026	10336.883585
72.575167	12170.873921	10334.819941
72.597192	12155.741817	10332.756302
72.619217	12140.609712	10330.692663
72.641242	12125.477296	10328.628712
72.663267	12110.678248	10326.608323
72.685292	12096.064101	10324.613023
72.707317	12081.449955	10322.617725
72.729342	12066.835809	10320.622427
72.751367	12052.274504	10318.634289
72.773392	12038.163584	10316.707242
72.795417	12024.052664	10314.780200
72.817441	12009.941744	10312.853159
72.839466	11995.830825	10310.926117
72.861491	11981.998334	10309.036830
72.883516	11968.379816	10307.176572
72.905541	11954.761298	10305.316318
72.927566	11941.142780	10303.456063
72.949591	11927.535428	10301.596318
72.971616	11914.390148	10299.798339
72.993641	11901.244869	10298.000367
73.015666	11888.099589	10296.202394
73.037691	11874.954310	10294.404421
73.059716	11862.032760	10292.636783
73.081741	11849.347485	10290.901197
73.103766	11836.662210	10289.165614
73.125791	11823.976935	10287.430031
73.147816	11811.291730	10285.694454
73.169841	11799.031707	10284.016539
73.191866	11786.795642	10282.341881
73.213891	11774.559577	10280.667223
73.235916	11762.323512	10278.992566
73.257941	11750.262868	10277.341690
73.279966	11738.457510	10275.725443
73.301991	11726.652151	10274.109200
73.324016	11714.846792	10272.492957
73.346041	11703.040657	10270.875910
73.368066	11691.597382	10269.306847
73.390090	11680.209674	10267.745330
73.412115	11668.821966	10266.183814
73.434140	11657.434259	10264.622299
73.456165	11646.179300	10263.078777
73.478190	11635.196069	10261.572111
73.500215	11624.212838	10260.065449
73.522240	11613.229607	10258.558788
73.544265	11602.246376	10257.052127
73.566290	11591.569965	10255.587062
73.588315	11580.975775	10254.133158
73.610340	11570.381585	10252.679256
73.632365	11559.787395	10251.225354
73.654390	11549.285775	10249.782570
73.676415	11539.067602	10248.377740
73.698440	11528.849429	10246.972915
73.720465	11518.631256	10245.568090
73.742490	11508.413083	10244.163265
73.764515	11498.453431	10242.793485
73.786540	11488.599597	10241.438065
73.808565	11478.745762	10240.082647
73.830590	11468.891927	10238.727229
73.852615	11459.095942	10237.378371
73.874640	11449.588811	10236.068046
73.896665	11440.081680	10234.757727
73.918690	11430.574548	10233.447408
73.940715	11421.067697	10232.137369
73.962739	11411.776925	10230.858283
73.984764	11402.611662	10229.596223
74.006789	11393.446398	10228.334165
74.028814	11384.281134	10227.072107
74.050839	11375.142904	10225.811462
74.072864	11366.299012	10224.589155
74.094889	11357.455121	10223.366854
74.116914	11348.611229	10222.144552
74.138939	11339.767442	10220.922357
74.160964	11331.098563	10219.725682
74.182989	11322.570279	10218.548075
74.205014	11314.041994	10217.370471
74.227039	11305.513710	10216.192868
74.249064	11296.986752	10215.013492
74.271089	11288.755154	10213.872278
74.293114	11280.523556	10212.731071
74.315139	11272.291957	10211.589864
74.337164	11264.060359	10210.448657
74.359189	11255.968734	10209.328271
74.381214	11248.031169	10208.228839
74.403239	11240.093604	10207.129412
74.425264	11232.156038	10206.029984
74.447289	11224.217573	10204.929609
74.469314	11216.539874	10203.863488
74.491339	11208.881118	10202.799945
74.513363	11201.222361	10201.736401
74.535388	11193.563605	10200.672858
74.557413	11186.007924	10199.621570
74.579438	11178.614085	10198.592012
74.601463	11171.220245	10197.562458
74.623488	11163.826406	10196.532905
74.645513	11156.432587	10195.503353
74.667538	11149.261524	10194.503987
74.689563	11142.128663	10193.509811
74.711588	11134.995802	10192.515636
74.733613	11127.862940	10191.521461
74.755638	11120.808180	10190.537859
74.777663	11113.923931	10189.577371
74.799688	11107.039683	10188.616887
74.821713	11100.155434	10187.656403
74.843738	11093.270586	10186.695320
74.865763	11086.570726	10185.757902
74.887788	11079.925163	10184.827856
74.909813	11073.279600	10183.897811
74.931838	11066.634037	10182.967766
74.953863	11060.040954	10182.043426
74.975888	11053.623299	10181.142352
74.997913	11047.205643	10180.241283
75.019938	11040.787988	10179.340215
75.041963	11034.370332	10178.439147
75.063988	11028.106278	10177.558876
75.086012	11021.909464	10176.687727
75.108037	11015.712650	10175.816581
75.130062	11009.515836	10174.945435
75.152087	11003.351064	10174.077374
75.174112	10997.366706	10173.233101
75.196137	10991.382348	10172.388834
75.218162	10985.397990	10171.544566
75.240187	10979.413633	10170.700299
75.262212	10973.555896	10169.873173
75.284237	10967.776944	10169.056730
75.306262	10961.997992	10168.240290
75.328287	10956.219040	10167.423850
75.350312	10950.452637	10166.606906
75.372337	10944.865409	10165.812601
75.394362	10939.278181	10165.018302
75.416387	10933.690952	10164.224003
75.438412	10928.103798	10163.429778
75.460437	10922.621717	10162.651632
75.482462	10917.228245	10161.885500
75.504487	10911.834773	10161.119371
75.526512	10906.441301	10160.353243
75.548537	10901.045699	10159.584926
75.570562	10895.828048	10158.838774
75.592587	10890.610849	10158.092690
75.614612	10885.393650	10157.346605
75.636637	10880.176451	10156.600522
75.658661	10875.039962	10155.865362
75.680686	10869.998869	10155.143135
75.702711	10864.957776	10154.420911
75.724736	10859.916683	10153.698688
75.746761	10854.874708	10152.975546
75.768786	10849.986067	10152.272042
75.790811	10845.111141	10151.570405
75.812836	10840.236215	10150.868769
75.834861	10835.361289	10150.167133
75.856886	10830.547862	10149.473812
75.878911	10825.835120	10148.794133
75.900936	10821.122377	10148.114457
75.922961	10816.409635	10147.434782
75.944986	10811.695418	10146.753622
75.967011	10807.109249	10146.087239
75.989036	10802.548107	10145.424259
76.011061	10797.986966	10144.761279
76.033086	10793.425824	10144.098300
76.055111	10788.910118	10143.441462
76.077136	10784.500366	10142.798973
76.099161	10780.090614	10142.156490
76.121186	10775.680861	10141.514007
76.143211	10771.270541	10140.870956
76.165236	10766.967517	10140.241000
76.187261	10762.698780	10139.615699
76.209285	10758.430043	10138.990399
76.231310	10754.161306	10138.365100
76.253335	10749.921721	10137.742363
76.275360	10745.789822	10137.133665
76.297385	10741.657924	10136.524972
76.319410	10737.526025	10135.916280
76.341435	10733.393733	10135.307195
76.363460	10729.350803	10134.708614
76.385485	10725.350484	10134.115813
76.407510	10721.350166	10133.523014
76.429535	10717.349847	10132.930215
76.451560	10713.366369	10132.338460
76.473585	10709.492389	10131.760826
76.495610	10705.618410	10131.183199
76.517635	10701.744431	10130.605572
76.539660	10697.870451	10130.027946
76.561685	10694.070944	10129.460390
76.583710	10690.320580	10128.899496
76.605735	10686.570217	10128.338606
76.627760	10682.819854	10127.777716
76.649785	10679.074507	10127.215354
76.671810	10675.438845	10126.666145
76.693835	10671.803182	10126.116943
76.715860	10668.167519	10125.567741
76.737885	10664.531814	10125.018496
76.759910	10660.953864	10124.475173
76.781934	10657.430491	10123.939242
76.803959	10653.907118	10123.403315
76.825984	10650.383745	10122.867388
76.848009	10646.859354	10122.330397
76.870034	10643.442430	10121.806945
76.892059	10640.027337	10121.283749
76.914084	10636.612245	10120.760553
76.936109	10633.197152	10120.237357
76.958134	10629.829235	10119.720529
76.980159	10626.520320	10119.211690
77.002184	10623.211405	10118.702854
77.024209	10619.902490	10118.194019
77.046234	10616.591825	10117.683408
77.068259	10613.370879	10117.182625
77.090284	10610.159687	10116.683173
77.112309	10606.948495	10116.183721
77.134334	10603.737304	10115.684269
77.156359	10600.558303	10115.185855
77.178384	10597.441274	10114.695289
77.200409	10594.324245	10114.204728
77.222434	10591.207217	10113.714167
77.244459	10588.090194	10113.223608
77.266484	10585.051522	10112.743625
77.288509	10582.029399	10112.265893
77.310534	10579.007276	10111.788163
77.332559	10575.985153	10111.310433
77.354583	10572.987440	10110.834497
77.376608	10570.054459	10110.366905
77.398633	10567.121478	10109.899318
77.420658	10564.188498	10109.431732
77.442683	10561.254443	10108.963071
77.464708	10558.382672	10108.499893
77.486733	10555.533185	10108.039737
77.508758	10552.683699	10107.579584
77.530783	10549.834212	10107.119430
77.552808	10547.000753	10106.660089
77.574833	10544.233948	10106.209196
77.596858	10541.467143	10105.758310
77.618883	10538.700337	10105.307423
77.640908	10535.932809	10104.855813
77.662933	10533.216129	10104.407845
77.684958	10530.526633	10103.963559
77.706983	10527.837136	10103.519276
77.729008	10525.147640	10103.074992
77.751033	10522.468243	10102.632063
77.773058	10519.857615	10102.198428
77.795083	10517.246988	10101.764799
77.817108	10514.636360	10101.331169
77.839133	10512.025173	10100.896981
77.861158	10509.452647	10100.462736
77.883183	10506.911422	10100.032730
77.905207	10504.370196	10099.602726
77.927232	10501.828970	10099.172723
77.949257	10499.291324	10098.743192
77.971282	10496.823233	10098.323047
77.993307	10494.355142	10097.902910
78.015332	10491.887050	10097.482773
78.037357	10489.418937	10097.062613
78.059382	10486.982323	10096.642880
78.081407	10484.580298	10096.227826
78.103432	10482.178272	10095.812776
78.125457	10479.776247	10095.397727
78.147482	10477.372189	10094.980610
78.169507	10475.031963	10094.570051
78.191532	10472.693831	10094.159784
78.213557	10470.355700	10093.749517
78.235582	10468.017568	10093.339250
78.257607	10465.703620	10092.928686
78.279632	10463.426789	10092.522855
78.301657	10461.149958	10092.117029
78.323682	10458.873127	10091.711203
78.345707	10456.596312	10091.305376
78.367732	10454.375775	10090.907123
78.389757	10452.162163	10090.509816
78.411782	10449.948552	10090.112510
78.433807	10447.734940	10089.715204
78.455832	10445.537275	10089.315169
78.477856	10443.378432	10088.919498
78.499881	10441.219588	10088.523832
78.521906	10439.060745	10088.128167
78.543931	10436.901222	10087.731821
78.565956	10434.787970	10087.340362
78.587981	10432.685813	10086.950414
78.610006	10430.583657	10086.560467
78.632031	10428.481500	10086.170521
78.654056	10426.389772	10085.777555
78.676081	10424.338035	10085.388652
78.698106	10422.286298	10084.999756
78.720131	10420.234562	10084.610859
78.742156	10418.182319	10084.221457
78.764181	10416.168694	10083.835758
78.786206	10414.169789	10083.452055
78.808231	10412.170885	10083.068354
78.830256	10410.171980	10082.684654
78.852281	10408.181796	10082.300794
78.874306	10406.233733	10081.922013
78.896331	10404.285671	10081.543239
78.918356	10402.337609	10081.164464
78.940381	10400.388555	10080.784699
78.962406	10398.467402	10080.403786
78.984431	10396.564039	10080.025282
79.006456	10394.660675	10079.646781
79.028480	10392.757312	10079.268280
79.050505	10390.856904	10078.887827
79.072530	10388.998745	10078.511566
79.094555	10387.140586	10078.135311
79.116580	10385.282427	10077.759057
79.138605	10383.423957	10077.382492
79.160630	10381.588917	10077.005496
79.182655	10379.774281	10076.631257
79.204680	10377.959646	10076.257021
79.226705	10376.145010	10075.882785
79.248730	10374.330813	10075.507579
79.270755	10372.560205	10075.137337
79.292780	10370.789596	10074.767102
79.314805	10369.018988	10074.396867
79.336830	10367.248379	10074.026632
79.358855	10365.493337	10073.652781
79.380880	10363.760797	10073.281915
79.402905	10362.028257	10072.911054
79.424930	10360.295717	10072.540193
79.446955	10358.560197	10072.166326
79.468980	10356.862373	10071.794366
79.491005	10355.166484	10071.422675
79.513030	10353.470596	10071.050985
79.535055	10351.774707	10070.679296
79.557080	10350.094189	10070.307907
79.579105	10348.437855	10069.939607
79.601129	10346.781522	10069.571311
79.623154	10345.125188	10069.203016
79.645179	10343.466391	10068.832245
79.667204	10341.838793	10068.462038
79.689229	10340.216181	10068.092515
79.711254	10338.593569	10067.722993
79.733279	10336.970957	10067.353472
79.755304	10335.357860	10066.982019
79.777329	10333.769967	10066.613316
79.799354	10332.182074	10066.244617
79.821379	10330.594181	10065.875919
79.843404	10329.004989	10065.505922
79.865429	10327.442759	10065.136813
79.887454	10325.888166	10064.768744
79.909479	10324.333573	10064.400677
79.931504	10322.778980	10064.032610
79.953529	10321.228844	10063.660791
79.975554	10319.704272	10063.290989
79.997579	10318.179700	10062.921193
80.019604	10316.655128	10062.551398
80.041629	10315.129132	10062.180179
80.063654	10313.623267	10061.807120
80.085679	10312.127328	10061.435405
80.107704	10310.631389	10061.063693
80.129729	10309.135450	10060.691981
80.151754	10307.642670	10060.318091
80.173778	10306.176639	10059.946543
80.195803	10304.710607	10059.575001
80.217828	10303.244576	10059.203460
80.239853	10301.777647	10058.831020
80.261878	10300.326151	10058.455662
80.283903	10298.886593	10058.081917
80.305928	10297.447034	10057.708176
80.327953	10296.007475	10057.334434
80.349978	10294.568496	10056.958471
80.372003	10293.156688	10056.584590
80.394028	10291.744880	10056.210716
80.416053	10290.333071	10055.836843
80.438078	10288.920767	10055.462473
80.460103	10287.517528	10055.082056
80.482128	10286.127960	10054.703480
80.504153	10284.738391	10054.324908
80.526178	10283.348822	10053.946336
80.548203	10281.957588	10053.565546
80.570228	10280.593580	10053.186536
80.592253	10279.229572	10052.807535
80.614278	10277.865564	10052.428533
80.636303	10276.501556	10052.049532
80.658328	10275.145071	10051.665904
80.680353	10273.803527	10051.284154
80.702378	10272.461982	10050.902408
80.724402	10271.120438	10050.520663
80.746427	10269.775033	10050.135037
80.768452	10268.451273	10049.747980
80.790477	10267.129177	10049.361156
80.812502	10265.807081	10048.974333
80.834527	10264.484985	10048.587510
80.856552	10263.169927	10048.198161
80.878577	10261.870786	10047.810550
80.900602	10260.571645	10047.422945
80.922627	10259.272503	10047.035339
80.944652	10257.970989	10046.645352
80.966677	10256.687888	10046.254112
80.988702	10255.408405	10045.863371
81.010727	10254.128923	10045.472630
81.032752	10252.849440	10045.081890
81.054777	10251.571047	10044.684995
81.076802	10250.308530	10044.288835
81.098827	10249.046013	10043.892680
81.120852	10247.783496	10043.496525
81.142877	10246.519124	10043.098515
81.164902	10245.269491	10042.698292
81.186927	10244.025246	10042.298803
81.208952	10242.781002	10041.899315
81.230977	10241.536758	10041.499828
81.253002	10240.293493	10041.096203
81.275027	10239.066747	10040.693291
81.297051	10237.840000	10040.290386
81.319076	10236.613254	10039.887481
81.341101	10235.384735	10039.482803
81.363126	10234.165587	10039.073204
81.385151	10232.953341	10038.664537
81.407176	10231.741096	10038.255873
81.429201	10230.528850	10037.847209
81.451226	10229.315968	10037.434640
81.473251	10228.119820	10037.022341
81.495276	10226.923673	10036.610050
81.517301	10225.727525	10036.197758
81.539326	10224.530305	10035.784395
81.561351	10223.339028	10035.365053
81.583376	10222.155975	10034.946818
81.605401	10220.972923	10034.528587
81.627426	10219.789871	10034.110356
81.649451	10218.604794	10033.688494
81.671476	10217.436466	10033.266450
81.693501	10216.268138	10032.844415
81.715526	10215.099810	10032.422380
81.737551	10213.931111	10031.999973
81.759576	10212.765245	10031.570559
81.781601	10211.608780	10031.142403
81.803626	10210.452316	10030.714251
81.825651	10209.295851	10030.286100
81.847676	10208.133959	10029.852391
81.869700	10206.986524	10029.415824
81.891725	10205.839089	10028.979267
81.913750	10204.691654	10028.542709
81.935775	10203.544220	10028.106151
81.957800	10202.401645	10027.666524
81.979825	10201.269300	10027.228121
82.001850	10200.136954	10026.789724
82.023875	10199.004608	10026.351326
82.045900	10197.867583	10025.908235
82.067925	10196.741645	10025.461057
82.089950	10195.617082	10025.014073
82.111975	10194.492519	10024.567090
82.134000	10193.367956	10024.120108
82.156025	10192.242701	10023.666221
82.178050	10191.127673	10023.212800
82.200075	10190.012644	10022.759385
82.222100	10188.897616	10022.305970
82.244125	10187.779544	10021.849505
82.266150	10186.670896	10021.389230
82.288175	10185.564969	10020.929332
82.310200	10184.459042	10020.469435
82.332225	10183.353115	10020.009538
82.354250	10182.243628	10019.541420
82.376275	10181.143941	10019.072723
82.398300	10180.044255	10018.604032
82.420324	10178.944569	10018.135341
82.442349	10177.842533	10017.664301
82.464374	10176.746849	10017.188433
82.486399	10175.655016	10016.713089
82.508424	10174.563182	10016.237747
82.530449	10173.471348	10015.762405
82.552474	10172.376861	10015.281117
82.574499	10171.292573	10014.799065
82.596524	10170.208285	10014.317021
82.618549	10169.123997	10013.834977
82.640574	10168.038060	10013.351285
82.662599	10166.955907	10012.861815
82.684624	10165.878685	10012.373010
82.706649	10164.801463	10011.884208
82.728674	10163.724241	10011.395406
82.750699	10162.642160	10010.899729
82.772724	10161.569145	10010.401840
82.794749	10160.496130	10009.903957
82.816774	10159.423115	10009.406076
82.838799	10158.348915	10008.907010
82.860824	10157.274125	10008.399270
82.882849	10156.205234	10007.892323
82.904874	10155.136343	10007.385380
82.926899	10154.067453	10006.878437
82.948924	10152.993316	10006.365331
82.970949	10151.927861	10005.849194
82.992973	10150.862406	10005.333067
83.014998	10149.796951	10004.816939
83.037023	10148.731249	10004.300565
83.059048	10147.664427	10003.776547
83.081073	10146.604187	10003.253406
83.103098	10145.543948	10002.730269
83.125123	10144.483709	10002.207133
83.147148	10143.418073	10001.678579
83.169173	10142.360417	10001.146143
83.191198	10141.302872	10000.613731
83.213223	10140.245327	10000.081320
83.235248	10139.187781	9999.548908
83.257273	10138.125820	9999.006768
83.279298	10137.070645	9998.465032
83.301323	10136.015469	9997.923302
83.323348	10134.960294	9997.381571
83.345373	10133.899688	9996.834398
83.367398	10132.843090	9996.280920
83.389423	10131.787621	9995.727603
83.411448	10130.732152	9995.174287
83.433473	10129.676683	9994.620971
83.455498	10128.616315	9994.058619
83.477523	10127.562431	9993.495862
83.499548	10126.508548	9992.933111
83.521573	10125.454664	9992.370359
83.543598	10124.397859	9991.804684
83.565622	10123.345445	9991.234407
83.587647	10122.295080	9990.664415
83.609672	10121.244716	9990.094425
83.631697	10120.194352	9989.524435
83.653722	10119.135233	9988.942627
83.675747	10118.081252	9988.358669
83.697772	10117.027270	9987.774719
83.719797	10115.973288	9987.190768
83.741822	10114.917083	9986.604594
83.763847	10113.863144	9986.012929
83.785872	10112.812080	9985.421656
83.807897	10111.761016	9984.830385
83.829922	10110.709952	9984.239114
83.851947	10109.650244	9983.637102
83.873972	10108.594762	9983.031745
83.895997	10107.539281	9982.426395
83.918022	10106.483800	9981.821045
83.940047	10105.426415	9981.213791
83.962072	10104.367506	9980.598339
83.984097	10103.312252	9979.983376
84.006122	10102.256997	9979.368416
84.028147	10101.201743	9978.753457
84.050172	10100.139538	9978.130270
84.072197	10099.081646	9977.503399
84.094222	10098.023754	9976.876536
84.116246	10096.965862	9976.249673
84.138271	10095.906942	9975.621783
84.160296	10094.844164	9974.984626
84.182321	10093.785558	9974.348021
84.204346	10092.726952	9973.711421
84.226371	10091.668346	9973.074821
84.248396	10090.601753	9972.429703
84.270421	10089.537974	9971.778913
84.292446	10088.474195	9971.128131
84.314471	10087.410416	9970.477349
84.336496	10086.346485	9969.826416
84.358521	10085.276691	9969.165200
84.380546	10084.211594	9968.504604
84.402571	10083.146498	9967.844013
84.424596	10082.081402	9967.183423
84.446621	10081.008957	9966.515469
84.468646	10079.937854	9965.840584
84.490671	10078.866966	9965.165738
84.512696	10077.796078	9964.490891
84.534721	10076.725191	9963.816045
84.556746	10075.646008	9963.129285
84.578771	10074.571237	9962.442341
84.600796	10073.496466	9961.755403
84.622821	10072.421696	9961.068465
84.644846	10071.340804	9960.375398
84.666871	10070.258733	9959.674000
84.688895	10069.177582	9958.972736
84.710920	10068.096432	9958.271473
84.732945	10067.015282	9957.570210
84.754970	10065.925985	9956.857973
84.776995	10064.840503	9956.144561
84.799020	10063.755020	9955.431155
84.821045	10062.669538	9954.717749
84.843070	10061.579857	9954.000144
84.865095	10060.488163	9953.274332
84.887120	10059.398025	9952.548738
84.909145	10058.307886	9951.823145
84.931170	10057.217748	9951.097553
84.953195	10056.117950	9950.360205
84.975220	10055.020788	9949.620173
84.997245	10053.923627	9948.880148
85.019270	10052.826465	9948.140124
85.041295	10051.725630	9947.396426
85.063320	10050.619030	9946.641658
85.085345	10049.514548	9945.887177
85.107370	10048.410066	9945.132700
85.129395	10047.305584	9944.378222
85.151420	10046.191937	9943.613124
85.173445	10045.080123	9942.844164
85.195470	10043.968309	9942.075213
85.217495	10042.856495	9941.306261
85.239520	10041.742235	9940.534863
85.261544	10040.620030	9939.751044
85.283569	10039.500434	9938.967574
85.305594	10038.380837	9938.184107
85.327619	10037.261241	9937.400640
85.349644	10036.134348	9936.609056
85.371669	10035.009003	9935.813236
85.393694	10033.883658	9935.017424
85.415719	10032.758312	9934.221612
85.437744	10031.631573	9933.424406
85.459769	10030.492910	9932.611414
85.481794	10029.357399	9931.798834
85.503819	10028.221888	9930.986260
85.525844	10027.086378	9930.173685
85.547869	10025.941630	9929.351583
85.569894	10024.795661	9928.522196
85.591919	10023.649692	9927.692819
85.613944	10022.503722	9926.863441
85.635969	10021.357753	9926.034064
85.657994	10020.202061	9925.191833
85.680019	10019.049878	9924.350052
85.702044	10017.897696	9923.508277
85.724069	10016.745513	9922.666502
85.746094	10015.585181	9921.816565
85.768119	10014.421965	9920.957898
85.790144	10013.259000	9920.099276
85.812168	10012.096035	9919.240654
85.834193	10010.933070	9918.382032
85.856218	10009.756610	9917.507429
85.878243	10008.582557	9916.631903
85.900268	10007.408503	9915.756383
85.922293	10006.234449	9914.880863
85.944318	10005.054489	9913.999433
85.966343	10003.870764	9913.109121
85.988368	10002.687804	9912.218922
86.010393	10001.504844	9911.328724
86.032418	10000.321884	9910.438527
86.054443	9999.126260	9909.533684
86.076468	9997.932070	9908.626572
86.098493	9996.737880	9907.719467
86.120518	9995.543691	9906.812362
86.142543	9994.344152	9905.899908
86.164568	9993.137198	9904.975680
86.186593	9991.931439	9904.051620
86.208618	9990.725681	9903.127562
86.230643	9989.519923	9902.203504
86.252668	9988.300570	9901.264432
86.274693	9987.080889	9900.321179
86.296718	9985.861208	9899.377934
86.318743	9984.641527	9898.434689
86.340768	9983.418392	9897.487990
86.362793	9982.187551	9896.529750
86.384817	9980.958349	9895.571731
86.406842	9979.729147	9894.613715
86.428867	9978.499944	9893.655699
86.450892	9977.259727	9892.685697
86.472917	9976.018648	9891.710678
86.494942	9974.777569	9890.735666
86.516967	9973.536489	9889.760655
86.538992	9972.292545	9888.782780
86.561017	9971.035227	9887.788272
86.583042	9969.779917	9886.794028
86.605067	9968.524606	9885.799788
86.627092	9967.269296	9884.805549
86.649117	9966.003877	9883.800663
86.671142	9964.736381	9882.789377
86.693167	9963.468886	9881.778100
86.715192	9962.201390	9880.766824
86.737217	9960.932607	9879.754259
86.759242	9959.648235	9878.723398
86.781267	9958.366186	9877.692835
86.803292	9957.084138	9876.662276
86.825317	9955.802089	9875.631717
86.847342	9954.510883	9874.591859
86.869367	9953.216325	9873.544209
86.891392	9951.921768	9872.496569
86.913417	9950.627210	9871.448929
86.935441	9949.332652	9870.401290
86.957466	9948.020929	9869.334290
86.979491	9946.711508	9868.267330
87.001516	9945.402087	9867.200375
87.023541	9944.092666	9866.133421
87.045566	9942.774356	9865.057567
87.067591	9941.449817	9863.971244
87.089616	9940.125535	9862.884965
87.111641	9938.801252	9861.798687
87.133666	9937.476970	9860.712409
87.155691	9936.136689	9859.608297
87.177716	9934.797528	9858.502696
87.199741	9933.458367	9857.397101
87.221766	9932.119206	9856.291506
87.243791	9930.773547	9855.179408
87.265816	9929.420676	9854.056559
87.287841	9928.068404	9852.933801
87.309866	9926.716133	9851.811044
87.331891	9925.363861	9850.688287
87.353916	9923.994834	9849.547375
87.375941	9922.625163	9848.403027
87.397966	9921.255491	9847.258688
87.419991	9919.885819	9846.114348
87.442016	9918.509773	9844.963634
87.464041	9917.121477	9843.797548
87.486066	9915.734111	9842.631592
87.508090	9914.346744	9841.465639
87.530115	9912.959377	9840.299687
87.552140	9911.559906	9839.120599
87.574165	9910.159413	9837.937474
87.596190	9908.758920	9836.754357
87.618215	9907.358427	9835.571240
87.640240	9905.953312	9834.383501
87.662265	9904.533733	9833.178581
87.684290	9903.115391	9831.973826
87.706315	9901.697049	9830.769076
87.728340	9900.278707	9829.564325
87.750365	9898.846278	9828.344819
87.772390	9897.410059	9827.118402
87.794415	9895.973841	9825.891994
87.816440	9894.537622	9824.665585
87.838465	9893.098821	9823.436594
87.860490	9891.645291	9822.190552
87.882515	9890.193283	9820.944710
87.904540	9888.741274	9819.698871
87.926565	9887.289266	9818.453033
87.948590	9885.823263	9817.192848
87.970615	9884.351013	9815.923117
87.992640	9882.878764	9814.653396
88.014665	9881.406514	9813.383675
88.036690	9879.933257	9812.112947
88.058715	9878.443279	9810.823534
88.080739	9876.955079	9809.534346
88.102764	9875.466879	9808.245164
88.124789	9873.978679	9806.955981
88.146814	9872.479215	9805.655474
88.168839	9870.972691	9804.344583
88.190864	9869.466167	9803.033702
88.212889	9867.959643	9801.722821
88.234914	9866.453118	9800.411940
88.256939	9864.926878	9799.079731
88.278964	9863.402002	9797.747132
88.300989	9861.877126	9796.414540
88.323014	9860.352251	9795.081947
88.345039	9858.817807	9793.739780
88.367064	9857.274244	9792.385419
88.389089	9855.730923	9791.031101
88.411114	9854.187602	9789.676784
88.433139	9852.644280	9788.322467
88.455164	9851.082641	9786.948544
88.477189	9849.520824	9785.572508
88.499214	9847.959007	9784.196480
88.521239	9846.397190	9782.820452
88.543264	9844.826779	9781.435827
88.565289	9843.243603	9780.035743
88.587314	9841.660941	9778.635738
88.609339	9840.078279	9777.235735
88.631363	9838.495616	9775.835733
88.653388	9836.894247	9774.416033
88.675413	9835.290717	9772.992075
88.697438	9833.687187	9771.568124
88.719463	9832.083656	9770.144174
88.741488	9830.474064	9768.714162
88.763513	9828.851004	9767.268334
88.785538	9827.228701	9765.822612
88.807563	9825.606398	9764.376893
88.829588	9823.984096	9762.931174
88.851613	9822.346315	9761.469265
88.873638	9820.705176	9760.001759
88.895663	9819.064037	9758.534263
88.917688	9817.422899	9757.066767
88.939713	9815.776588	9755.594099
88.961738	9814.111148	9754.100272
88.983763	9812.446693	9752.606578
89.005788	9810.782239	9751.112887
89.027813	9809.117785	9749.619197
89.049838	9807.439313	9748.111033
89.071863	9805.755855	9746.595522
89.093888	9804.072397	9745.080022
89.115913	9802.388939	9743.564522
89.137938	9800.702667	9742.046208
89.159963	9798.996777	9740.506551
89.181988	9797.292078	9738.967048
89.204012	9795.587379	9737.427550
89.226037	9793.882680	9735.888051
89.248062	9792.164180	9734.334528
89.270087	9790.438120	9732.770974
89.292112	9788.712061	9731.207432
89.314137	9786.986001	9729.643889
89.336162	9785.258974	9728.079380
89.358187	9783.507953	9726.489429
89.380212	9781.758312	9724.899651
89.402237	9780.008672	9723.309878
89.424262	9778.259032	9721.720106
89.446287	9776.498381	9720.119313
89.468312	9774.729499	9718.507697
89.490337	9772.960618	9716.896092
89.512362	9771.191736	9715.284488
89.534387	9769.422854	9713.672884
89.556412	9767.629819	9712.035954
89.578437	9765.837173	9710.398069
89.600462	9764.044528	9708.760190
89.622487	9762.251882	9707.122311
89.644512	9760.448132	9705.473322
89.666537	9758.631496	9703.809146
89.688562	9756.815083	9702.145011
89.710587	9754.998670	9700.480876
89.732612	9753.182256	9698.816743
89.754637	9751.345464	9697.131295
89.776661	9749.507377	9695.443067
89.798686	9747.669291	9693.754847
89.820711	9745.831204	9692.066627
89.842736	9743.984868	9690.370155
89.864761	9742.124690	9688.657809
89.886786	9740.264943	9686.945532
89.908811	9738.405196	9685.233257
89.930836	9736.545448	9683.520982
89.952861	9734.665228	9681.787525
89.974886	9732.781468	9680.048923
89.996911	9730.897707	9678.310329
90.018936	9729.013946	9676.571736
90.040961	9727.123286	9674.826244
90.062986	9725.214911	9673.061273
90.085011	9723.307148	9671.296390
90.107036	9721.399385	9669.531510
90.129061	9719.491623	9667.766630
90.151086	9717.565275	9665.982653
90.173111	9715.633435	9664.191446
90.195136	9713.701595	9662.400249
90.217161	9711.769756	9660.609052
90.239186	9709.833119	9658.813059
90.261211	9707.876352	9656.995431
90.283236	9705.920358	9655.177903
90.305261	9703.964365	9653.360379
90.327285	9702.008371	9651.542855
90.349310	9700.037106	9649.709740
90.371335	9698.059155	9647.868111
90.393360	9696.081203	9646.026492
90.415385	9694.103251	9644.184873
90.437410	9692.122380	9642.340335
90.459435	9690.117035	9640.470035
90.481460	9688.112620	9638.599846
90.503485	9686.108205	9636.729663
90.525510	9684.103791	9634.859479
90.547535	9682.084591	9632.974366
90.569560	9680.055909	9631.077848
90.591585	9678.027228	9629.181342
90.613610	9675.998546	9627.284836
90.635635	9673.969222	9625.387688
90.657660	9671.912913	9623.462477
90.679685	9669.857676	9621.537388
90.701710	9667.802439	9619.612304
90.723735	9665.747202	9617.687221
90.745760	9663.680199	9615.750365
90.767785	9661.602769	9613.801142
90.789810	9659.525368	9611.851936
90.811835	9657.447968	9609.902730
90.833860	9655.370568	9607.953524
90.855885	9653.266959	9605.977233
90.877910	9651.162909	9603.999440
90.899934	9649.058859	9602.021654
90.921959	9646.954809	9600.043868
90.943984	9644.839134	9598.054454
90.966009	9642.708214	9596.048055
90.988034	9640.577496	9594.041695
91.010059	9638.446777	9592.035336
91.032084	9636.316058	9590.028978
91.054109	9634.163123	9587.999706
91.076134	9632.007890	9585.966964
91.098159	9629.852656	9583.934229
91.120184	9627.697423	9581.901495
91.142209	9625.533564	9579.860134
91.164234	9623.353413	9577.800967
91.186259	9621.173617	9575.741858
91.208284	9618.993821	9573.682752
91.230309	9616.814024	9571.623645
91.252334	9614.610450	9569.540232
91.274359	9612.401632	9567.450300
91.296384	9610.192813	9565.360377
91.318409	9607.983995	9563.270454
91.340434	9605.768652	9561.174007
91.362459	9603.534699	9559.057628
91.384484	9601.301239	9556.941319
91.406509	9599.067779	9554.825013
91.428534	9596.834319	9552.708707
91.450559	9594.580928	9550.572099
91.472583	9592.320596	9548.427183
91.494608	9590.060264	9546.282277
91.516633	9587.799932	9544.137372
91.538658	9585.534809	9541.987675
91.560683	9583.246911	9539.814067
91.582708	9580.959632	9537.640537
91.604733	9578.672352	9535.467011
91.626758	9576.385073	9533.293486
91.648783	9574.079976	9531.101919
91.670808	9571.765730	9528.899769
91.692833	9569.451484	9526.697630
91.714858	9567.137239	9524.495492
91.736883	9564.820480	9522.290840
91.758908	9562.478494	9520.059990
91.780933	9560.137250	9517.829229
91.802958	9557.796006	9515.598474
91.824983	9555.454762	9513.367719
91.847008	9553.097827	9511.121183
91.869033	9550.729543	9508.861783
91.891058	9548.361259	9506.602395
91.913083	9545.992975	9504.343007
91.935108	9543.624456	9502.083384
91.957133	9541.228248	9499.795266
91.979158	9538.832887	9497.507244
92.001183	9536.437526	9495.219228
92.023207	9534.042165	9492.931213
92.045232	9531.633304	9490.629692
92.067257	9529.210788	9488.313025
92.089282	9526.788320	9485.996377
92.111307	9524.365853	9483.679731
92.133332	9521.943385	9481.363084
92.155357	9519.492808	9479.017668
92.177382	9517.040973	9476.670151
92.199407	9514.589138	9474.322641
92.221432	9512.137303	9471.975132
92.243457	9509.674249	9469.616401
92.265482	9507.195067	9467.240214
92.287507	9504.716064	9464.864063
92.309532	9502.237060	9462.487914
92.331557	9499.758057	9460.111765
92.353582	9497.255127	9457.711168
92.375607	9494.748908	9455.306354
92.397632	9492.242689	9452.901549
92.419657	9489.736471	9450.496743
92.441682	9487.220625	9448.082311
92.463707	9484.684662	9445.646600
92.485732	9482.148995	9443.210939
92.507757	9479.613328	9440.775280
92.529782	9477.077661	9438.339621
92.551807	9474.520206	9435.881781
92.573832	9471.957276	9433.417450
92.595856	9469.394345	9430.953128
92.617881	9466.831415	9428.488807
92.639906	9464.261310	9426.017311
92.661931	9461.668441	9423.522046
92.683956	9459.075972	9421.026835
92.705981	9456.483503	9418.531628
92.728006	9453.891034	9416.036422
92.750031	9451.278928	9413.521308
92.772056	9448.659147	9410.997441
92.794081	9446.039366	9408.473585
92.816106	9443.419585	9405.949729
92.838131	9440.795083	9403.421152
92.860156	9438.145225	9400.866339
92.882181	9435.495874	9398.311589
92.904206	9432.846522	9395.756843
92.926231	9430.197170	9393.202097
92.948256	9427.528973	9390.628350
92.970281	9424.850017	9388.042708
92.992306	9422.171062	9385.457078
93.014331	9419.492106	9382.871448
93.036356	9416.811044	9380.283711
93.058381	9414.104086	9377.669335
93.080406	9411.397725	9375.055028
93.102431	9408.691364	9372.440726
93.124456	9405.985003	9369.826425
93.146480	9403.262133	9367.195563
93.168505	9400.526091	9364.550343
93.190530	9397.790049	9361.905137
93.212555	9395.054008	9359.259931
93.234580	9392.317966	9356.614725
93.256605	9389.551758	9353.938730
93.278630	9386.786049	9351.262624
93.300655	9384.020341	9348.586525
93.322680	9381.254632	9345.910426
93.344705	9378.475829	9343.221229
93.366730	9375.682564	9340.516424
93.388755	9372.889356	9337.811641
93.410780	9370.096148	9335.106858
93.432805	9367.302940	9332.402075
93.454830	9364.479866	9329.666918
93.476855	9361.654729	9326.929013
93.498880	9358.829593	9324.191116
93.520905	9356.004456	9321.453220
93.542930	9353.168508	9318.704509
93.564955	9350.315667	9315.937886
93.586980	9347.462985	9313.171297
93.609005	9344.610302	9310.404710
93.631030	9341.757620	9307.638123
93.653055	9338.879414	9304.845624
93.675080	9335.996925	9302.048106
93.697105	9333.114435	9299.250597
93.719129	9330.231946	9296.453089
93.741154	9327.340267	9293.646391
93.763179	9324.427747	9290.817939
93.785204	9321.515480	9287.989529
93.807229	9318.603212	9285.161123
93.829254	9315.690945	9282.332717
93.851279	9312.755503	9279.480845
93.873304	9309.813398	9276.621503
93.895329	9306.871292	9273.762171
93.917354	9303.929187	9270.902840
93.939379	9300.980826	9268.037253
93.961404	9298.010759	9265.149169
93.983429	9295.041028	9262.261133
94.005454	9292.071297	9259.373100
94.027479	9289.101565	9256.485068
94.049504	9286.109515	9253.574518
94.071529	9283.107698	9250.653339
94.093554	9280.105881	9247.732171
94.115579	9277.104064	9244.811004
94.137604	9274.097963	9241.885553
94.159629	9271.065839	9238.933407
94.181654	9268.034121	9235.981310
94.203679	9265.002403	9233.029219
94.225704	9261.970685	9230.077127
94.247729	9258.920505	9227.106466
94.269754	9255.858868	9224.123435
94.291778	9252.797230	9221.140417
94.313803	9249.735592	9218.157399
94.335828	9246.672122	9215.172550
94.357853	9243.580079	9212.158547
94.379878	9240.488523	9209.144596
94.401903	9237.396967	9206.130652
94.423928	9234.305411	9203.116708
94.445953	9231.197757	9200.086639
94.467978	9228.076221	9197.041736
94.490003	9224.954685	9193.996848
94.512028	9221.833149	9190.951960
94.534053	9218.711614	9187.907072
94.556078	9215.562365	9184.833989
94.578103	9212.413093	9181.760387
94.600128	9209.263821	9178.686793
94.622153	9206.114550	9175.613200
94.644178	9202.950639	9172.524963
94.666203	9199.769079	9169.418193
94.688228	9196.587578	9166.311444
94.710253	9193.406078	9163.204696
94.732278	9190.224577	9160.097948
94.754303	9187.015541	9156.963274
94.776328	9183.804044	9153.825580
94.798353	9180.592546	9150.687895
94.820378	9177.381049	9147.550211
94.842402	9174.158345	9144.401319
94.864427	9170.916663	9141.232648
94.886452	9167.675123	9138.064009
94.908477	9164.433583	9134.895372
94.930502	9161.192043	9131.726735
94.952527	9157.925326	9128.532622
94.974552	9154.653740	9125.333041
94.996577	9151.382155	9122.133471
95.018602	9148.110570	9118.933901
95.040627	9144.830232	9115.725579
95.062652	9141.528360	9112.495022
95.084677	9138.226698	9109.264501
95.106702	9134.925036	9106.033983
95.128727	9131.623373	9102.803466
95.150752	9128.298901	9099.549915
95.172777	9124.967163	9096.288439
95.194802	9121.635425	9093.026975
95.216827	9118.303687	9089.765510
95.238852	9114.965200	9086.497296
95.260877	9111.600866	9083.202623
95.282902	9108.236807	9079.907988
95.304927	9104.872747	9076.613357
95.326952	9101.508688	9073.318727
95.348977	9098.125661	9070.004981
95.371002	9094.733707	9066.681601
95.393027	9091.341754	9063.358234
95.415051	9087.949800	9060.034867
95.437076	9084.553999	9056.707653
95.459101	9081.131564	9053.353285
95.481126	9077.709458	9049.998955
95.503151	9074.287352	9046.644631
95.525176	9070.865245	9043.290306
95.547201	9067.425078	9039.917846
95.569226	9063.972817	9036.532549
95.591251	9060.520555	9033.147267
95.613276	9057.068293	9029.761985
95.635301	9053.614637	9026.375310
95.657326	9050.131832	9022.959032
95.679351	9046.649428	9019.542797
95.701376	9043.167024	9016.126569
95.723401	9039.684620	9012.710341
95.745426	9036.186541	9009.278427
95.767451	9032.673952	9005.831222
95.789476	9029.161363	9002.384033
95.811501	9025.648774	8998.936844
95.833526	9022.136185	8995.489655
95.855551	9018.594006	8992.012513
95.877576	9015.051199	8988.534349
95.899601	9011.508393	8985.056194
95.921626	9007.965586	8981.578040
95.943651	9004.409554	8978.086656
95.965676	9000.836483	8974.577513
95.987700	8997.263473	8971.068393
96.009725	8993.690463	8967.559274
96.031750	8990.117453	8964.050156
96.053775	8986.517237	8960.513534
96.075800	8982.913994	8956.973438
96.097825	8979.310751	8953.433351
96.119850	8975.707509	8949.893265
96.141875	8972.093499	8946.342410
96.163900	8968.459896	8942.771332
96.185925	8964.826417	8939.200285
96.207950	8961.192938	8935.629240
96.229975	8957.559459	8932.058195
96.252000	8953.902950	8928.463887
96.274025	8950.241437	8924.864076
96.296050	8946.579925	8921.264277
96.318075	8942.918413	8917.664477
96.340100	8939.248586	8914.056363
96.362125	8935.556615	8910.425554
96.384150	8931.864821	8906.794777
96.406175	8928.173026	8903.164003
96.428200	8924.481232	8899.533230
96.450225	8920.767008	8895.879858
96.472250	8917.044947	8892.218109
96.494275	8913.322886	8888.556373
96.516300	8909.600825	8884.894637
96.538324	8905.872901	8881.227040
96.560349	8902.120313	8877.534291
96.582374	8898.367954	8873.841574
96.604399	8894.615595	8870.148862
96.626424	8890.863236	8866.456150
96.648449	8887.090832	8862.743285
96.670474	8883.308160	8859.019581
96.692499	8879.525489	8855.295891
96.714524	8875.742817	8851.572200
96.736549	8871.956979	8847.845345
96.758574	8868.145922	8844.092861
96.780599	8864.335136	8840.340409
96.802624	8860.524351	8836.587963
96.824649	8856.713565	8832.835518
96.846674	8852.885132	8829.065371
96.868699	8849.044032	8825.281932
96.890724	8845.202932	8821.498508
96.912749	8841.361832	8817.715084
96.934774	8837.519844	8813.930772
96.956799	8833.650287	8810.118551
96.978824	8829.781041	8806.306359
97.000849	8825.911795	8802.494176
97.022874	8822.042549	8798.681993
97.044899	8818.158057	8794.854560
97.066924	8814.258463	8791.011377
97.088949	8810.358873	8787.168211
97.110973	8806.459283	8783.325046
97.132998	8802.559694	8779.481881
97.155023	8798.632975	8775.611304
97.177048	8794.705221	8771.739367
97.199073	8790.777467	8767.867440
97.221098	8786.849712	8763.995513
97.243123	8782.909170	8760.110796
97.265148	8778.950982	8756.207857
97.287173	8774.992853	8752.304942
97.309198	8771.034724	8748.402028
97.331223	8767.076595	8744.499115
97.353248	8763.093565	8740.571066
97.375273	8759.107271	8736.639380
97.397298	8755.120978	8732.707705
97.419323	8751.134684	8728.776030
97.441348	8747.138800	8724.834762
97.463373	8743.124203	8720.874280
97.485398	8739.109718	8716.913826
97.507423	8735.095232	8712.953375
97.529448	8731.080747	8708.992925
97.551473	8727.041817	8705.007856
97.573498	8722.996907	8701.016410
97.595523	8718.951998	8697.024977
97.617548	8714.907088	8693.033544
97.639573	8710.855426	8689.035358
97.661598	8706.784367	8685.017330
97.683622	8702.713462	8680.999330
97.705647	8698.642556	8676.981334
97.727672	8694.571651	8672.963338
97.749697	8690.478713	8668.923180
97.771722	8686.377397	8664.874199
97.793747	8682.276081	8660.825232
97.815772	8678.174765	8656.776265
97.837797	8674.068412	8652.722261
97.859822	8669.938665	8648.644474
97.881847	8665.809111	8644.566710
97.903872	8661.679557	8640.488952
97.925897	8657.550003	8636.411194
97.947922	8653.402222	8632.315131
97.969947	8649.244423	8628.208596
97.991972	8645.086624	8624.102075
98.013997	8640.928825	8619.995555
98.036022	8636.768267	8615.886275
98.058047	8632.581994	8611.750943
98.080072	8628.395955	8607.615634
98.102097	8624.209916	8603.480332
98.124122	8620.023877	8599.345030
98.146147	8615.821843	8595.193697
98.168172	8611.607545	8591.029605
98.190197	8607.393248	8586.865529
98.212222	8603.178950	8582.701453
98.234246	8598.964208	8578.536933
98.256271	8594.723600	8574.346266
98.278296	8590.483259	8570.155623
98.300321	8586.242918	8565.964988
98.322346	8582.002577	8561.774354
98.344371	8577.747430	8557.568910
98.366396	8573.476575	8553.347263
98.388421	8569.205731	8549.125636
98.410446	8564.934888	8544.904008
98.432471	8560.664044	8540.682381
98.454496	8556.370565	8536.437888
98.476521	8552.075862	8532.191893
98.498546	8547.781159	8527.945908
98.520571	8543.486456	8523.699923
98.542596	8539.179405	8519.441589
98.564621	8534.854170	8515.164599
98.586646	8530.528991	8510.887633
98.608671	8526.203813	8506.610669
98.630696	8521.878635	8502.333705
98.652721	8517.530790	8498.033900
98.674746	8513.179491	8493.730345
98.696771	8508.828192	8489.426802
98.718796	8504.476894	8485.123259
98.740821	8500.117116	8480.811237
98.762846	8495.739629	8476.481099
98.784871	8491.362239	8472.150988
98.806895	8486.984849	8467.820880
98.828920	8482.607458	8463.490773
98.850945	8478.209479	8459.139933
98.872970	8473.805999	8454.783248
98.894995	8469.402519	8450.426575
98.917020	8464.999039	8446.069903
98.939045	8460.588651	8441.706322
98.961070	8456.156706	8437.320837
98.983095	8451.724889	8432.935375
99.005120	8447.293072	8428.549919
99.027145	8442.861255	8424.164463
99.049170	8438.410905	8419.760376
99.071195	8433.952964	8415.348336
99.093220	8429.495023	8410.936311
99.115245	8425.037082	8406.524285
99.137270	8420.574867	8402.107985
99.159295	8416.090640	8397.669362
99.181320	8411.606577	8393.230762
99.203345	8407.122514	8388.792167
99.225370	8402.638451	8384.353573
99.247395	8398.137919	8379.898452
99.269420	8393.627719	8375.433270
99.291445	8389.117518	8370.968105
99.313470	8384.607317	8366.502941
99.335495	8380.095125	8362.035784
99.357520	8375.560806	8357.546236
99.379544	8371.026680	8353.056707
99.401569	8366.492554	8348.567186
99.423594	8361.958427	8344.077665
99.445619	8357.408701	8339.572521
99.467644	8352.846220	8335.054206
99.489669	8348.283740	8330.535909
99.511694	8343.721259	8326.017612
99.533719	8339.158714	8321.499251
99.555744	8334.572065	8316.956562
99.577769	8329.985633	8312.413886
99.599794	8325.399200	8307.871220
99.621819	8320.812768	8303.328554
99.643844	8316.215046	8298.774596
99.665869	8311.604653	8294.207560
99.687894	8306.994276	8289.640544
99.709919	8302.383899	8285.073529
99.731944	8297.773523	8280.506515
99.753969	8293.136711	8275.912887
99.775994	8288.497936	8271.317070
99.798019	8283.859160	8266.721263
99.820044	8279.220384	8262.125457
99.842069	8274.573100	8257.521141
99.864094	8269.912529	8252.903163
99.886119	8265.252012	8248.285210
99.908144	8260.591495	8243.667258
99.930168	8255.930978	8239.049307
99.952193	8251.248142	8234.408892
99.974218	8246.561440	8229.764352
99.996243	8241.874737	8225.119824
100.018268	8237.188035	8220.475296
100.040293	8232.494578	8215.824014
100.062318	8227.786034	8211.157320
100.084343	8223.077573	8206.490652
100.106368	8218.369111	8201.823987
100.128393	8213.660650	8197.157322
100.150418	8208.931941	8192.470296
100.172443	8204.197293	8187.777040
100.194468	8199.462644	8183.083799
100.216493	8194.727996	8178.390557
100.238518	8189.987846	8173.691814
100.260543	8185.229087	8168.974188
100.282568	8180.470435	8164.256585
100.304593	8175.711782	8159.538987
100.326618	8170.953129	8154.821390
100.348643	8166.179331	8150.088571
100.370668	8161.398891	8145.348797
100.392693	8156.618451	8140.609038
100.414718	8151.838011	8135.869280
100.436743	8147.053671	8131.125622
100.458768	8142.246899	8126.359277
100.480793	8137.440270	8121.592955
100.502817	8132.633640	8116.826640
100.524842	8127.827011	8112.060325
100.546867	8123.008302	8107.281887
100.568892	8118.182069	8102.495605
100.590917	8113.355837	8097.709340
100.612942	8108.529604	8092.923076
100.634967	8103.701574	8088.135014
100.656992	8098.848968	8083.322161
100.679017	8093.996528	8078.509328
100.701042	8089.144088	8073.696504
100.723067	8084.291648	8068.883680
100.745092	8079.428678	8064.060313
100.767117	8074.556621	8059.227519
100.789142	8069.684564	8054.394744
100.811167	8064.812507	8049.561969
100.833192	8059.940450	8044.729194
100.855217	8055.044484	8039.872325
100.877242	8050.148434	8035.015196
100.899267	8045.252385	8030.158076
100.921292	8040.356335	8025.300958
100.943317	8035.450331	8020.433883
100.965342	8030.532414	8015.554573
100.987367	8025.614515	8010.675285
101.009392	8020.696617	8005.795997
101.031417	8015.778718	8000.916710
101.053441	8010.840815	7996.017269
101.075466	8005.901122	7991.115839
101.097491	8000.961429	7986.214420
101.119516	7996.021736	7981.313002
101.141541	7991.073848	7976.403387
101.163566	7986.112258	7971.479784
101.185591	7981.150716	7966.556205
101.207616	7976.189173	7961.632628
101.229641	7971.227631	7956.709051
101.251666	7966.249641	7951.768906
101.273691	7961.268505	7946.825388
101.295716	7956.287370	7941.881884
101.317741	7951.306234	7936.938380
101.339766	7946.318657	7931.988434
101.361791	7941.315598	7927.022744
101.383816	7936.312612	7922.057077
101.405841	7931.309626	7917.091415
101.427866	7926.306639	7912.125752
101.449891	7921.287088	7907.143439
101.471916	7916.262274	7902.155626
101.493941	7911.237461	7897.167828
101.515966	7906.212648	7892.180030
101.537991	7901.183614	7887.188012
101.560016	7896.139060	7882.180245
101.582041	7891.094597	7877.172496
101.604066	7886.050134	7872.164753
101.626090	7881.005671	7867.157011
101.648115	7875.947853	7862.135855
101.670140	7870.883765	7857.108163
101.692165	7865.819676	7852.080489
101.714190	7860.755588	7847.052814
101.736215	7855.688562	7842.022203
101.758240	7850.602492	7836.972346
101.780265	7845.516536	7831.922504
101.802290	7840.430580	7826.872676
101.824315	7835.344623	7821.822904
101.846340	7830.248179	7816.762614
101.868365	7825.144797	7811.695115
101.890390	7820.041415	7806.627634
101.912415	7814.938033	7801.560154
101.934440	7809.833583	7796.491607
101.956465	7804.710422	7791.404170
101.978490	7799.587400	7786.316747
102.000515	7794.464379	7781.229334
102.022540	7789.341357	7776.141920
102.044565	7784.208083	7771.044247
102.066590	7779.065392	7765.936866
102.088615	7773.922700	7760.829505
102.110640	7768.780009	7755.722144
102.132665	7763.637318	7750.614784
102.154690	7758.477493	7745.490142
102.176715	7753.317376	7740.365062
102.198739	7748.157258	7735.239993
102.220764	7742.997141	7730.114924
102.242789	7737.828348	7724.981177
102.264814	7732.648527	7719.836135
102.286839	7727.468726	7714.691116
102.308864	7722.288924	7709.546098
102.330889	7717.109123	7704.401080
102.352914	7711.913560	7699.240182
102.374939	7706.716314	7694.077440
102.396964	7701.519068	7688.914712
102.418989	7696.321823	7683.751983
102.441014	7691.118272	7678.582948
102.463039	7685.903526	7673.402470
102.485064	7680.688825	7668.222016
102.507089	7675.474125	7663.041565
102.529114	7670.259424	7657.861114
102.551139	7665.030328	7652.666175
102.573164	7659.798157	7647.467976
102.595189	7654.565986	7642.269791
102.617214	7649.333816	7637.071607
102.639239	7644.096129	7631.867906
102.661264	7638.844207	7626.649765
102.683289	7633.592345	7621.431646
102.705314	7628.340484	7616.213532
102.727339	7623.088623	7610.995418
102.749363	7617.827025	7605.767495
102.771388	7612.562153	7600.536084
102.793413	7607.297280	7595.304690
102.815438	7602.032408	7590.073296
102.837463	7596.763596	7584.837963
102.859488	7591.478940	7579.586594
102.881513	7586.194365	7574.335243
102.903538	7580.909790	7569.083898
102.925563	7575.625216	7563.832553
102.947588	7570.330470	7558.570993
102.969613	7565.030635	7553.304131
102.991638	7559.730800	7548.037287
103.013663	7554.430965	7542.770442
103.035688	7549.129292	7537.501761
103.057713	7543.814099	7532.219385
103.079738	7538.499008	7526.937024
103.101763	7533.183918	7521.654671
103.123788	7527.868827	7516.372319
103.145813	7522.544768	7511.080976
103.167838	7517.214386	7505.783090
103.189863	7511.884005	7500.485224
103.211888	7506.553623	7495.187359
103.233913	7501.222544	7489.888795
103.255938	7495.874569	7484.573191
103.277963	7490.526714	7479.257602
103.299988	7485.178858	7473.942022
103.322012	7479.831003	7468.626443
103.344037	7474.476496	7463.304209
103.366062	7469.115567	7457.975310
103.388087	7463.754637	7452.646433
103.410112	7458.393708	7447.317556
