-260.000000	0.001257	96.363220
-259.948000	0.001258	96.771654
-259.896000	0.001259	97.185227
-259.844000	0.001260	97.599281
-259.792000	0.001261	98.018438
-259.740000	0.001262	98.438335
-259.688000	0.001263	98.863037
-259.636000	0.001264	99.288893
-259.584000	0.001265	99.719192
-259.532000	0.001266	100.151058
-259.480000	0.001267	100.587059
-259.428000	0.001268	101.025146
-259.376000	0.001269	101.466936
-259.324000	0.001270	101.911245
-259.272000	0.001271	102.358900
-259.220000	0.001272	102.809589
-259.168000	0.001273	103.263224
-259.116000	0.001274	103.720403
-259.064000	0.001275	104.180113
-259.012000	0.001276	104.643892
-258.960000	0.001277	105.109773
-258.908000	0.001278	105.580265
-258.856000	0.001279	106.052416
-258.804000	0.001280	106.529735
-258.752000	0.001281	107.008199
-258.700000	0.001282	107.492422
-258.648000	0.001283	107.977405
-258.596000	0.001284	108.468727
-258.544000	0.001285	108.960586
-258.492000	0.001286	109.458691
-258.440000	0.001287	109.957724
-258.388000	0.001288	110.462632
-258.336000	0.001289	110.968980
-258.284000	0.001290	111.480780
-258.232000	0.001291	111.994569
-258.180000	0.001292	112.513366
-258.128000	0.001293	113.034723
-258.076000	0.001294	113.560626
-258.024000	0.001295	114.089679
-257.972000	0.001296	114.622764
-257.920000	0.001297	115.159589
-257.868000	0.001298	115.700026
-257.816000	0.001299	116.244860
-257.764000	0.001300	116.792711
-257.712000	0.001301	117.345581
-257.660000	0.001302	117.901031
-257.608000	0.001303	118.462177
-257.556000	0.001304	119.025258
-257.504000	0.001305	119.594716
-257.452000	0.001306	120.165589
-257.400000	0.001307	120.743550
-257.348000	0.001308	121.322335
-257.296000	0.001309	121.908940
-257.244000	0.001310	122.496236
-257.192000	0.001311	123.091150
-257.140000	0.001312	123.687225
-257.088000	0.001313	124.290447
-257.036000	0.001314	124.895463
-256.984000	0.001315	125.507101
-256.932000	0.001316	126.121207
-256.880000	0.001318	126.741386
-256.828000	0.001319	127.364731
-256.776000	0.001320	127.993548
-256.724000	0.001321	128.626228
-256.672000	0.001322	129.263858
-256.620000	0.001323	129.906130
-256.568000	0.001324	130.552708
-256.516000	0.001325	131.204671
-256.464000	0.001326	131.860269
-256.412000	0.001327	132.522026
-256.360000	0.001328	133.186812
-256.308000	0.001329	133.858571
-256.256000	0.001330	134.532742
-256.204000	0.001331	135.214712
-256.152000	0.001332	135.898297
-256.100000	0.001333	136.590547
-256.048000	0.001334	137.283788
-255.996000	0.001335	137.986553
-255.944000	0.001337	138.690103
-255.892000	0.001338	139.402849
-255.840000	0.001339	140.117037
-255.788000	0.001340	140.839833
-255.736000	0.001341	141.564840
-255.684000	0.001342	142.297807
-255.632000	0.001343	143.033800
-255.580000	0.001344	143.777106
-255.528000	0.001345	144.524303
-255.476000	0.001346	145.278056
-255.424000	0.001347	146.036518
-255.372000	0.001348	146.800848
-255.320000	0.001349	147.570793
-255.268000	0.001351	148.345865
-255.216000	0.001352	149.127462
-255.164000	0.001353	149.913420
-255.112000	0.001354	150.706836
-255.060000	0.001355	151.503827
-255.008000	0.001356	152.309229
-254.956000	0.001357	153.117399
-254.904000	0.001358	153.934960
-254.852000	0.001359	154.754451
-254.800000	0.001360	155.584348
-254.748000	0.001361	156.415357
-254.696000	0.001363	157.257784
-254.644000	0.001364	158.101143
-254.592000	0.001365	158.955406
-254.540000	0.001366	159.811425
-254.488000	0.001367	160.677587
-254.436000	0.001368	161.546309
-254.384000	0.001369	162.424418
-254.332000	0.001370	163.306159
-254.280000	0.001371	164.196467
-254.228000	0.001372	165.091394
-254.176000	0.001374	165.994044
-254.124000	0.001375	166.902324
-254.072000	0.001376	167.817494
-254.020000	0.001377	168.739343
-253.968000	0.001378	169.667118
-253.916000	0.001379	170.602595
-253.864000	0.001380	171.543126
-253.812000	0.001381	172.492444
-253.760000	0.001382	173.445931
-253.708000	0.001384	174.409303
-253.656000	0.001385	175.375788
-253.604000	0.001386	176.353270
-253.552000	0.001387	177.332932
-253.500000	0.001388	178.324741
-253.448000	0.001389	179.317767
-253.396000	0.001390	180.324078
-253.344000	0.001391	181.331463
-253.292000	0.001393	182.351402
-253.240000	0.001394	183.373450
-253.188000	0.001395	184.407152
-253.136000	0.001396	185.443976
-253.084000	0.001397	186.491485
-253.032000	0.001398	187.543178
-252.980000	0.001399	188.604632
-252.928000	0.001400	189.671437
-252.876000	0.001402	190.746979
-252.824000	0.001403	191.828975
-252.772000	0.001404	192.918692
-252.720000	0.001405	194.016008
-252.668000	0.001406	195.120009
-252.616000	0.001407	196.232767
-252.564000	0.001408	197.351155
-252.512000	0.001410	198.479473
-252.460000	0.001411	199.612348
-252.408000	0.001412	200.756335
-252.356000	0.001413	201.903844
-252.304000	0.001414	203.063657
-252.252000	0.001415	204.225780
-252.200000	0.001416	205.401419
-252.148000	0.001418	206.578298
-252.096000	0.001419	207.769907
-252.044000	0.001420	208.962780
-251.992000	0.001421	210.169360
-251.940000	0.001422	211.378260
-251.888000	0.001423	212.599827
-251.836000	0.001425	213.824846
-251.784000	0.001426	215.061437
-251.732000	0.001427	216.302642
-251.680000	0.001428	217.554301
-251.628000	0.001429	218.811745
-251.576000	0.001430	220.078512
-251.524000	0.001432	221.352236
-251.472000	0.001433	222.634144
-251.420000	0.001434	223.924181
-251.368000	0.001435	225.221251
-251.316000	0.001436	226.527622
-251.264000	0.001437	227.839912
-251.212000	0.001439	229.162678
-251.160000	0.001440	230.490157
-251.108000	0.001441	231.829261
-251.056000	0.001442	233.171913
-251.004000	0.001443	234.527343
-250.952000	0.001444	235.885148
-250.900000	0.001446	237.256874
-250.848000	0.001447	238.629871
-250.796000	0.001448	240.017781
-250.744000	0.001449	241.406985
-250.692000	0.001450	242.809964
-250.640000	0.001452	244.215323
-250.588000	0.001453	245.633318
-250.536000	0.001454	247.054825
-250.484000	0.001455	248.487751
-250.432000	0.001456	249.925266
-250.380000	0.001458	251.372996
-250.328000	0.001459	252.826407
-250.276000	0.001460	254.288836
-250.224000	0.001461	255.758017
-250.172000	0.001462	257.235026
-250.120000	0.001464	258.719831
-250.068000	0.001465	260.211326
-250.016000	0.001466	261.711644
-249.964000	0.001467	263.217448
-249.912000	0.001468	264.733043
-249.860000	0.001470	266.252931
-249.808000	0.001471	267.783549
-249.756000	0.001472	269.317489
-249.704000	0.001473	270.863063
-249.652000	0.001474	272.410701
-249.600000	0.001476	273.970841
-249.548000	0.001477	275.532127
-249.496000	0.001478	277.106514
-249.444000	0.001479	278.682126
-249.392000	0.001481	280.269648
-249.340000	0.001482	281.859252
-249.288000	0.001483	283.459591
-249.236000	0.001484	285.062893
-249.184000	0.001485	286.675770
-249.132000	0.001487	288.292494
-249.080000	0.001488	289.917574
-249.028000	0.001489	291.547256
-248.976000	0.001490	293.184227
-248.924000	0.001492	294.826590
-248.872000	0.001493	296.475120
-248.820000	0.001494	298.129706
-248.768000	0.001495	299.789414
-248.716000	0.001497	301.455794
-248.664000	0.001498	303.126344
-248.612000	0.001499	304.804117
-248.560000	0.001500	306.485071
-248.508000	0.001502	308.173707
-248.456000	0.001503	309.864636
-248.404000	0.001504	311.563636
-248.352000	0.001505	313.264097
-248.300000	0.001507	314.972941
-248.248000	0.001508	316.682629
-248.196000	0.001509	318.400697
-248.144000	0.001510	320.119552
-248.092000	0.001512	321.845751
-248.040000	0.001513	323.573204
-247.988000	0.001514	325.306999
-247.936000	0.001515	327.042464
-247.884000	0.001517	328.783322
-247.832000	0.001518	330.526224
-247.780000	0.001519	332.273580
-247.728000	0.001520	334.023214
-247.676000	0.001522	335.776462
-247.624000	0.001523	337.532148
-247.572000	0.001524	339.290724
-247.520000	0.001526	341.051812
-247.468000	0.001527	342.815077
-247.416000	0.001528	344.580788
-247.364000	0.001529	346.348090
-247.312000	0.001531	348.117676
-247.260000	0.001532	349.888358
-247.208000	0.001533	351.661049
-247.156000	0.001534	353.434490
-247.104000	0.001536	355.209549
-247.052000	0.001537	356.985001
-247.000000	0.001538	358.761570
-246.948000	0.001540	360.538379
-246.896000	0.001541	362.315645
-246.844000	0.001542	364.092912
-246.792000	0.001543	365.870056
-246.740000	0.001545	367.647096
-246.688000	0.001546	369.423403
-246.636000	0.001547	371.199202
-246.584000	0.001549	372.973826
-246.532000	0.001550	374.747601
-246.480000	0.001551	376.519787
-246.428000	0.001553	378.290577
-246.376000	0.001554	380.059533
-246.324000	0.001555	381.826465
-246.272000	0.001556	383.591333
-246.220000	0.001558	385.353362
-246.168000	0.001559	387.113407
-246.116000	0.001560	388.869736
-246.064000	0.001562	390.624038
-246.012000	0.001563	392.373546
-245.960000	0.001564	394.121330
-245.908000	0.001566	395.863147
-245.856000	0.001567	397.603579
-245.804000	0.001568	399.336716
-245.752000	0.001570	401.068828
-245.700000	0.001571	402.792215
-245.648000	0.001572	404.515076
-245.596000	0.001574	406.228042
-245.544000	0.001575	407.939949
-245.492000	0.001576	409.642070
-245.440000	0.001578	411.342138
-245.388000	0.001579	413.032579
-245.336000	0.001580	414.719764
-245.284000	0.001582	416.397618
-245.232000	0.001583	418.070964
-245.180000	0.001584	419.735349
-245.128000	0.001586	421.393789
-245.076000	0.001587	423.043831
-245.024000	0.001588	424.686404
-244.972000	0.001590	426.321213
-244.920000	0.001591	427.946854
-244.868000	0.001592	429.565534
-244.816000	0.001594	431.173233
-244.764000	0.001595	432.774957
-244.712000	0.001596	434.363763
-244.660000	0.001598	435.947674
-244.608000	0.001599	437.516588
-244.556000	0.001600	439.081715
-244.504000	0.001602	440.629657
-244.452000	0.001603	442.175295
-244.400000	0.001604	443.701410
-244.348000	0.001606	445.225994
-244.296000	0.001607	446.729753
-244.244000	0.001609	448.231325
-244.192000	0.001610	449.713074
-244.140000	0.001611	451.190700
-244.088000	0.001613	452.649575
-244.036000	0.001614	454.102274
-243.984000	0.001615	455.537437
-243.932000	0.001617	456.964337
-243.880000	0.001618	458.374987
-243.828000	0.001620	459.775119
-243.776000	0.001621	461.160445
-243.724000	0.001622	462.532912
-243.672000	0.001624	463.892180
-243.620000	0.001625	465.236152
-243.568000	0.001626	466.568626
-243.516000	0.001628	467.883241
-243.464000	0.001629	469.188137
-243.412000	0.001631	470.472500
-243.360000	0.001632	471.749082
-243.308000	0.001633	473.002376
-243.256000	0.001635	474.250041
-243.204000	0.001636	475.471562
-243.152000	0.001638	476.689463
-243.100000	0.001639	477.878301
-243.048000	0.001640	479.064930
-242.996000	0.001642	480.221365
-242.944000	0.001643	481.374495
-242.892000	0.001645	482.499356
-242.840000	0.001646	483.618236
-242.788000	0.001647	484.710870
-242.736000	0.001649	485.794869
-242.684000	0.001650	486.854676
-242.632000	0.001652	487.903074
-242.580000	0.001653	488.929480
-242.528000	0.001655	489.941679
-242.476000	0.001656	490.934163
-242.424000	0.001657	491.909544
-242.372000	0.001659	492.867542
-242.320000	0.001660	493.805459
-242.268000	0.001662	494.728451
-242.216000	0.001663	495.628337
-242.164000	0.001664	496.515888
-242.112000	0.001666	497.377259
-242.060000	0.001667	498.228923
-242.008000	0.001669	499.051272
-241.956000	0.001670	499.866560
-241.904000	0.001672	500.649363
-241.852000	0.001673	501.427914
-241.800000	0.001675	502.170772
-241.748000	0.001676	502.910906
-241.696000	0.001677	503.614678
-241.644000	0.001679	504.314281
-241.592000	0.001680	504.980254
-241.540000	0.001682	505.639024
-241.488000	0.001683	506.266870
-241.436000	0.001685	506.884418
-241.384000	0.001686	507.473825
-241.332000	0.001688	508.049885
-241.280000	0.001689	508.600615
-241.228000	0.001691	509.134894
-241.176000	0.001692	509.646676
-241.124000	0.001693	510.138859
-241.072000	0.001695	510.611496
-241.020000	0.001696	511.061404
-240.968000	0.001698	511.494727
-240.916000	0.001699	511.902161
-240.864000	0.001701	512.295961
-240.812000	0.001702	512.660700
-240.760000	0.001704	513.014880
-240.708000	0.001705	513.336842
-240.656000	0.001707	513.651294
-240.604000	0.001708	513.930373
-240.552000	0.001710	514.204953
-240.500000	0.001711	514.441032
-240.448000	0.001713	514.674187
-240.396000	0.001714	514.868817
-240.344000	0.001716	515.058909
-240.292000	0.001717	515.213662
-240.240000	0.001719	515.360669
-240.188000	0.001720	515.475508
-240.136000	0.001722	515.579523
-240.084000	0.001723	515.654510
-240.032000	0.001725	515.715595
-239.980000	0.001726	515.750792
-239.928000	0.001728	515.769036
-239.876000	0.001729	515.764502
-239.824000	0.001731	515.739971
-239.772000	0.001732	515.695840
-239.720000	0.001734	515.628739
-239.668000	0.001735	515.545172
-239.616000	0.001737	515.435684
-239.564000	0.001738	515.312804
-239.512000	0.001740	515.161089
-239.460000	0.001741	514.999131
-239.408000	0.001743	514.805490
-239.356000	0.001744	514.604676
-239.304000	0.001746	514.369389
-239.252000	0.001747	514.129959
-239.200000	0.001749	513.853323
-239.148000	0.001750	513.573853
-239.096000	0.001752	513.257827
-239.044000	0.001753	512.937389
-238.992000	0.001755	512.583718
-238.940000	0.001756	512.222620
-238.888000	0.001758	511.831552
-238.836000	0.001759	511.430266
-238.784000	0.001761	511.002164
-238.732000	0.001763	510.561074
-238.680000	0.001764	510.096356
-238.628000	0.001766	509.616031
-238.576000	0.001767	509.115097
-238.524000	0.001769	508.595924
-238.472000	0.001770	508.059209
-238.420000	0.001772	507.501763
-238.368000	0.001773	506.929747
-238.316000	0.001775	506.334578
-238.264000	0.001777	505.727750
-238.212000	0.001778	505.095437
-238.160000	0.001780	504.454254
-238.108000	0.001781	503.785358
-238.056000	0.001783	503.110450
-238.004000	0.001784	502.405703
-237.952000	0.001786	501.697517
-237.900000	0.001787	500.957489
-237.848000	0.001789	500.215127
-237.796000	0.001791	499.442077
-237.744000	0.001792	498.665192
-237.692000	0.001794	497.860779
-237.640000	0.001795	497.050133
-237.588000	0.001797	496.214948
-237.536000	0.001799	495.371295
-237.484000	0.001800	494.505984
-237.432000	0.001802	493.630097
-237.380000	0.001803	492.735301
-237.328000	0.001805	491.827915
-237.276000	0.001806	490.904374
-237.224000	0.001808	489.966406
-237.172000	0.001810	489.014798
-237.120000	0.001811	488.046977
-237.068000	0.001813	487.068039
-237.016000	0.001814	486.071271
-236.964000	0.001816	485.065811
-236.912000	0.001818	484.041022
-236.860000	0.001819	483.009711
-236.808000	0.001821	481.957693
-236.756000	0.001823	480.901346
-236.704000	0.001824	479.823064
-236.652000	0.001826	478.742470
-236.600000	0.001827	477.638851
-236.548000	0.001829	476.533624
-236.496000	0.001831	475.406799
-236.444000	0.001832	474.277230
-236.392000	0.001834	473.128682
-236.340000	0.001835	471.975777
-236.288000	0.001837	470.806293
-236.236000	0.001839	469.631035
-236.184000	0.001840	468.441451
-236.132000	0.001842	467.244827
-236.080000	0.001844	466.035995
-236.028000	0.001845	464.818995
-235.976000	0.001847	463.591777
-235.924000	0.001849	462.355402
-235.872000	0.001850	461.110669
-235.820000	0.001852	459.855926
-235.768000	0.001854	458.594510
-235.716000	0.001855	457.322359
-235.664000	0.001857	456.045219
-235.612000	0.001858	454.756782
-235.560000	0.001860	453.464769
-235.508000	0.001862	452.161020
-235.456000	0.001863	450.855008
-235.404000	0.001865	449.536977
-235.352000	0.001867	448.217900
-235.300000	0.001868	446.886639
-235.248000	0.001870	445.554602
-235.196000	0.001872	444.211730
-235.144000	0.001873	442.867507
-235.092000	0.001875	441.514246
-235.040000	0.001877	440.158911
-234.988000	0.001878	438.796107
-234.936000	0.001880	437.430732
-234.884000	0.001882	436.059229
-234.832000	0.001884	434.684722
-234.780000	0.001885	433.305388
-234.728000	0.001887	431.922854
-234.676000	0.001889	430.536531
-234.624000	0.001890	429.146855
-234.572000	0.001892	427.754433
-234.520000	0.001894	426.358702
-234.468000	0.001895	424.961018
-234.416000	0.001897	423.560150
-234.364000	0.001899	422.158028
-234.312000	0.001901	420.752981
-234.260000	0.001902	419.347246
-234.208000	0.001904	417.938973
-234.156000	0.001906	416.530488
-234.104000	0.001907	415.119961
-234.052000	0.001909	413.709420
-234.000000	0.001911	412.297475
-233.948000	0.001912	410.885686
-233.896000	0.001914	409.473370
-233.844000	0.001916	408.061081
-233.792000	0.001918	406.649152
-233.740000	0.001919	405.237403
-233.688000	0.001921	403.826621
-233.636000	0.001923	402.416278
-233.584000	0.001925	401.007312
-233.532000	0.001926	399.599112
-233.480000	0.001928	398.192676
-233.428000	0.001930	396.787539
-233.376000	0.001932	395.384311
-233.324000	0.001933	393.982930
-233.272000	0.001935	392.583624
-233.220000	0.001937	391.186877
-233.168000	0.001939	389.792189
-233.116000	0.001940	388.400827
-233.064000	0.001942	387.011308
-233.012000	0.001944	385.625955
-232.960000	0.001946	384.242312
-232.908000	0.001947	382.863784
-232.856000	0.001949	381.486572
-232.804000	0.001951	380.115501
-232.752000	0.001953	378.745303
-232.700000	0.001954	377.382355
-232.648000	0.001956	376.020232
-232.596000	0.001958	374.665630
-232.544000	0.001960	373.312254
-232.492000	0.001961	371.966386
-232.440000	0.001963	370.622421
-232.388000	0.001965	369.285734
-232.336000	0.001967	367.951768
-232.284000	0.001969	366.624766
-232.232000	0.001970	365.301409
-232.180000	0.001972	363.984554
-232.128000	0.001974	362.672283
-232.076000	0.001976	361.366031
-232.024000	0.001978	360.065403
-231.972000	0.001979	358.770122
-231.920000	0.001981	357.481513
-231.868000	0.001983	356.197706
-231.816000	0.001985	354.921729
-231.764000	0.001987	353.649680
-231.712000	0.001988	352.386608
-231.660000	0.001990	351.126759
-231.608000	0.001992	349.877112
-231.556000	0.001994	348.629758
-231.504000	0.001996	347.393876
-231.452000	0.001998	346.159396
-231.400000	0.001999	344.937677
-231.348000	0.002001	343.717153
-231.296000	0.002003	342.509063
-231.244000	0.002005	341.302957
-231.192000	0.002007	340.108661
-231.140000	0.002009	338.917393
-231.088000	0.002010	337.737101
-231.036000	0.002012	336.560917
-230.984000	0.002014	335.394849
-230.932000	0.002016	334.234073
-230.880000	0.002018	333.082442
-230.828000	0.002020	331.937267
-230.776000	0.002021	330.800287
-230.724000	0.002023	329.670990
-230.672000	0.002025	328.548828
-230.620000	0.002027	327.435561
-230.568000	0.002029	326.328370
-230.516000	0.002031	325.231319
-230.464000	0.002033	324.139302
-230.412000	0.002034	323.058685
-230.360000	0.002036	321.981988
-230.308000	0.002038	320.917962
-230.256000	0.002040	319.856647
-230.204000	0.002042	318.809288
-230.152000	0.002044	317.763463
-230.100000	0.002046	316.732898
-230.048000	0.002048	315.703745
-229.996000	0.002049	314.689080
-229.944000	0.002051	313.676788
-229.892000	0.002053	312.677977
-229.840000	0.002055	311.682629
-229.788000	0.002057	310.699659
-229.736000	0.002059	309.721379
-229.684000	0.002061	308.754288
-229.632000	0.002063	307.793075
-229.580000	0.002065	306.841896
-229.528000	0.002067	305.897835
-229.476000	0.002068	304.962615
-229.424000	0.002070	304.035726
-229.372000	0.002072	303.116436
-229.320000	0.002074	302.206674
-229.268000	0.002076	301.303298
-229.216000	0.002078	300.410656
-229.164000	0.002080	299.523234
-229.112000	0.002082	298.647747
-229.060000	0.002084	297.776269
-229.008000	0.002086	296.917919
-228.956000	0.002088	296.062346
-228.904000	0.002090	295.221088
-228.852000	0.002092	294.381331
-228.800000	0.002093	293.557078
-228.748000	0.002095	292.734240
-228.696000	0.002097	291.925867
-228.644000	0.002099	291.119876
-228.592000	0.002101	290.327281
-228.540000	0.002103	289.538226
-228.488000	0.002105	288.761315
-228.436000	0.002107	287.989027
-228.384000	0.002109	287.227649
-228.332000	0.002111	286.472044
-228.280000	0.002113	285.726148
-228.228000	0.002115	284.987184
-228.176000	0.002117	284.256712
-228.124000	0.002119	283.534288
-228.072000	0.002121	282.819149
-228.020000	0.002123	282.113158
-227.968000	0.002125	281.413256
-227.916000	0.002127	280.723585
-227.864000	0.002129	280.038772
-227.812000	0.002131	279.365249
-227.760000	0.002133	278.695465
-227.708000	0.002135	278.038029
-227.656000	0.002137	277.383156
-227.604000	0.002139	276.741679
-227.552000	0.002141	276.101637
-227.500000	0.002143	275.475940
-227.448000	0.002145	274.851554
-227.396000	0.002147	274.240478
-227.344000	0.002149	273.631679
-227.292000	0.002151	273.035122
-227.240000	0.002153	272.441819
-227.188000	0.002155	271.859604
-227.136000	0.002157	271.281666
-227.084000	0.002159	270.713650
-227.032000	0.002161	270.150930
-226.980000	0.002163	269.596979
-226.928000	0.002165	269.049325
-226.876000	0.002167	268.509272
-226.824000	0.002169	267.976477
-226.772000	0.002171	267.450247
-226.720000	0.002173	266.932259
-226.668000	0.002175	266.419659
-226.616000	0.002177	265.916214
-226.564000	0.002179	265.417130
-226.512000	0.002181	264.928121
-226.460000	0.002183	264.442423
-226.408000	0.002185	263.967700
-226.356000	0.002187	263.495233
-226.304000	0.002189	263.034633
-226.252000	0.002192	262.575335
-226.200000	0.002194	262.128617
-226.148000	0.002196	261.683155
-226.096000	0.002198	261.249344
-226.044000	0.002200	260.817578
-225.992000	0.002202	260.396506
-225.940000	0.002204	259.978316
-225.888000	0.002206	259.569793
-225.836000	0.002208	259.165031
-225.784000	0.002210	258.768896
-225.732000	0.002212	258.377396
-225.680000	0.002214	257.993505
-225.628000	0.002216	257.615101
-225.576000	0.002219	257.243308
-225.524000	0.002221	256.877834
-225.472000	0.002223	256.517997
-225.420000	0.002225	256.165287
-225.368000	0.002227	255.817262
-225.316000	0.002229	255.477150
-225.264000	0.002231	255.140792
-225.212000	0.002233	254.813114
-225.160000	0.002235	254.488282
-225.108000	0.002238	254.172884
-225.056000	0.002240	253.859423
-225.004000	0.002242	253.556151
-224.952000	0.002244	253.254077
-224.900000	0.002246	252.962685
-224.848000	0.002248	252.672390
-224.796000	0.002250	252.392023
-224.744000	0.002252	252.113477
-224.692000	0.002255	251.844028
-224.640000	0.002257	251.577061
-224.588000	0.002259	251.318312
-224.536000	0.002261	251.062782
-224.484000	0.002263	250.814577
-224.432000	0.002265	250.570326
-224.380000	0.002268	250.332529
-224.328000	0.002270	250.099400
-224.276000	0.002272	249.871910
-224.224000	0.002274	249.649798
-224.172000	0.002276	249.432460
-224.120000	0.002278	249.221159
-224.068000	0.002281	249.013825
-224.016000	0.002283	248.813181
-223.964000	0.002285	248.615717
-223.912000	0.002287	248.425580
-223.860000	0.002289	248.237854
-223.808000	0.002291	248.058088
-223.756000	0.002294	247.880012
-223.704000	0.002296	247.710512
-223.652000	0.002298	247.542024
-223.600000	0.002300	247.382474
-223.548000	0.002302	247.223938
-223.496000	0.002305	247.073719
-223.444000	0.002307	246.925071
-223.392000	0.002309	246.784047
-223.340000	0.002311	246.645129
-223.288000	0.002313	246.513103
-223.236000	0.002316	246.383792
-223.184000	0.002318	246.260650
-223.132000	0.002320	246.140858
-223.080000	0.002322	246.026475
-223.028000	0.002325	245.916011
-222.976000	0.002327	245.810243
-222.924000	0.002329	245.708969
-222.872000	0.002331	245.611739
-222.820000	0.002334	245.519572
-222.768000	0.002336	245.430734
-222.716000	0.002338	245.347487
-222.664000	0.002340	245.266914
-222.612000	0.002343	245.192459
-222.560000	0.002345	245.120087
-222.508000	0.002347	245.054358
-222.456000	0.002349	244.990064
-222.404000	0.002352	244.932924
-222.352000	0.002354	244.876670
-222.300000	0.002356	244.827819
-222.248000	0.002358	244.779865
-222.196000	0.002361	244.738824
-222.144000	0.002363	244.699129
-222.092000	0.002365	244.665778
-222.040000	0.002368	244.634200
-221.988000	0.002370	244.608388
-221.936000	0.002372	244.584877
-221.884000	0.002374	244.566512
-221.832000	0.002377	244.550948
-221.780000	0.002379	244.539893
-221.728000	0.002381	244.532106
-221.676000	0.002384	244.528236
-221.624000	0.002386	244.528108
-221.572000	0.002388	244.531365
-221.520000	0.002391	244.538833
-221.468000	0.002393	244.549132
-221.416000	0.002395	244.564083
-221.364000	0.002398	244.581276
-221.312000	0.002400	244.603549
-221.260000	0.002402	244.627583
-221.208000	0.002405	244.657133
-221.156000	0.002407	244.687903
-221.104000	0.002409	244.724612
-221.052000	0.002412	244.762094
-221.000000	0.002414	244.805697
-220.948000	0.002416	244.850128
-220.896000	0.002419	244.900285
-220.844000	0.002421	244.951593
-220.792000	0.002423	245.008161
-220.740000	0.002426	245.066217
-220.688000	0.002428	245.129067
-220.636000	0.002430	245.193841
-220.584000	0.002433	245.262898
-220.532000	0.002435	245.334289
-220.480000	0.002437	245.409431
-220.428000	0.002440	245.487287
-220.376000	0.002442	245.568481
-220.324000	0.002445	245.652808
-220.272000	0.002447	245.739925
-220.220000	0.002449	245.830523
-220.168000	0.002452	245.923494
-220.116000	0.002454	246.020319
-220.064000	0.002457	246.119024
-220.012000	0.002459	246.221934
-219.960000	0.002461	246.326387
-219.908000	0.002464	246.435400
-219.856000	0.002466	246.545406
-219.804000	0.002469	246.660336
-219.752000	0.002471	246.775987
-219.700000	0.002474	246.896675
-219.648000	0.002476	247.018097
-219.596000	0.002478	247.144248
-219.544000	0.002481	247.271383
-219.492000	0.002483	247.402891
-219.440000	0.002486	247.535677
-219.388000	0.002488	247.672441
-219.336000	0.002491	247.810812
-219.284000	0.002493	247.952740
-219.232000	0.002495	248.096610
-219.180000	0.002498	248.243627
-219.128000	0.002500	248.392913
-219.076000	0.002503	248.544949
-219.024000	0.002505	248.699567
-218.972000	0.002508	248.856508
-218.920000	0.002510	249.016325
-218.868000	0.002513	249.178178
-218.816000	0.002515	249.343218
-218.764000	0.002518	249.509884
-218.712000	0.002520	249.680021
-218.660000	0.002523	249.851421
-218.608000	0.002525	250.026587
-218.556000	0.002528	250.202642
-218.504000	0.002530	250.382760
-218.452000	0.002533	250.563512
-218.400000	0.002535	250.748396
-218.348000	0.002538	250.933931
-218.296000	0.002540	251.123355
-218.244000	0.002543	251.313623
-218.192000	0.002545	251.507496
-218.140000	0.002548	251.702446
-218.088000	0.002550	251.900708
-218.036000	0.002553	252.100337
-217.984000	0.002555	252.302880
-217.932000	0.002558	252.507010
-217.880000	0.002560	252.713783
-217.828000	0.002563	252.922449
-217.776000	0.002565	253.133400
-217.724000	0.002568	253.346479
-217.672000	0.002571	253.561569
-217.620000	0.002573	253.779043
-217.568000	0.002576	253.998136
-217.516000	0.002578	254.219833
-217.464000	0.002581	254.442947
-217.412000	0.002583	254.668908
-217.360000	0.002586	254.895939
-217.308000	0.002588	255.126062
-217.256000	0.002591	255.356990
-217.204000	0.002594	255.591239
-217.152000	0.002596	255.826003
-217.100000	0.002599	256.064160
-217.048000	0.002601	256.302970
-216.996000	0.002604	256.544935
-216.944000	0.002607	256.787591
-216.892000	0.002609	257.033215
-216.840000	0.002612	257.279774
-216.788000	0.002614	257.529029
-216.736000	0.002617	257.779395
-216.684000	0.002620	258.032206
-216.632000	0.002622	258.286368
-216.580000	0.002625	258.542674
-216.528000	0.002627	258.800519
-216.476000	0.002630	259.060244
-216.424000	0.002633	259.321709
-216.372000	0.002635	259.584843
-216.320000	0.002638	259.849921
-216.268000	0.002641	260.116425
-216.216000	0.002643	260.385056
-216.164000	0.002646	260.654829
-216.112000	0.002649	260.926908
-216.060000	0.002651	261.199885
-216.008000	0.002654	261.475367
-215.956000	0.002657	261.751541
-215.904000	0.002659	262.030420
-215.852000	0.002662	262.309830
-215.800000	0.002665	262.591944
-215.748000	0.002667	262.874568
-215.696000	0.002670	263.159754
-215.644000	0.002673	263.445599
-215.592000	0.002675	263.733815
-215.540000	0.002678	264.022787
-215.488000	0.002681	264.313986
-215.436000	0.002683	264.606151
-215.384000	0.002686	264.900237
-215.332000	0.002689	265.195385
-215.280000	0.002692	265.492334
-215.228000	0.002694	265.790564
-215.176000	0.002697	266.090320
-215.124000	0.002700	266.391474
-215.072000	0.002702	266.693994
-215.020000	0.002705	266.998072
-214.968000	0.002708	267.303324
-214.916000	0.002711	267.610270
-214.864000	0.002713	267.918158
-214.812000	0.002716	268.227878
-214.760000	0.002719	268.538393
-214.708000	0.002722	268.850903
-214.656000	0.002724	269.164045
-214.604000	0.002727	269.479312
-214.552000	0.002730	269.794960
-214.500000	0.002733	270.112755
-214.448000	0.002735	270.431078
-214.396000	0.002738	270.751399
-214.344000	0.002741	271.072291
-214.292000	0.002744	271.395060
-214.240000	0.002747	271.718483
-214.188000	0.002749	272.043615
-214.136000	0.002752	272.369486
-214.084000	0.002755	272.696919
-214.032000	0.002758	273.025238
-213.980000	0.002761	273.354990
-213.928000	0.002763	273.685760
-213.876000	0.002766	274.017732
-213.824000	0.002769	274.350800
-213.772000	0.002772	274.684998
-213.720000	0.002775	275.020418
-213.668000	0.002777	275.356736
-213.616000	0.002780	275.694354
-213.564000	0.002783	276.032830
-213.512000	0.002786	276.372711
-213.460000	0.002789	276.713196
-213.408000	0.002792	277.055209
-213.356000	0.002795	277.397755
-213.304000	0.002797	277.741939
-213.252000	0.002800	278.086527
-213.200000	0.002803	278.432716
-213.148000	0.002806	278.779344
-213.096000	0.002809	279.127450
-213.044000	0.002812	279.476050
-212.992000	0.002815	279.826053
-212.940000	0.002817	280.176592
-212.888000	0.002820	280.528463
-212.836000	0.002823	280.880965
-212.784000	0.002826	281.234644
-212.732000	0.002829	281.589010
-212.680000	0.002832	281.944433
-212.628000	0.002835	282.300616
-212.576000	0.002838	282.657741
-212.524000	0.002841	283.015697
-212.472000	0.002844	283.374527
-212.420000	0.002847	283.734260
-212.368000	0.002849	284.094723
-212.316000	0.002852	284.456136
-212.264000	0.002855	284.818184
-212.212000	0.002858	285.181245
-212.160000	0.002861	285.544878
-212.108000	0.002864	285.909599
-212.056000	0.002867	286.274716
-212.004000	0.002870	286.641013
-211.952000	0.002873	287.007694
-211.900000	0.002876	287.375487
-211.848000	0.002879	287.743670
-211.796000	0.002882	288.112844
-211.744000	0.002885	288.482442
-211.692000	0.002888	288.853023
-211.640000	0.002891	289.224062
-211.588000	0.002894	289.596030
-211.536000	0.002897	289.968482
-211.484000	0.002900	290.341749
-211.432000	0.002903	290.715519
-211.380000	0.002906	291.090058
-211.328000	0.002909	291.465153
-211.276000	0.002912	291.840908
-211.224000	0.002915	292.217233
-211.172000	0.002918	292.594193
-211.120000	0.002921	292.971757
-211.068000	0.002924	293.349897
-211.016000	0.002927	293.728657
-210.964000	0.002930	294.107889
-210.912000	0.002933	294.487766
-210.860000	0.002936	294.868088
-210.808000	0.002939	295.249099
-210.756000	0.002942	295.630465
-210.704000	0.002945	296.012557
-210.652000	0.002948	296.394937
-210.600000	0.002951	296.777980
-210.548000	0.002954	297.161410
-210.496000	0.002958	297.545382
-210.444000	0.002961	297.929750
-210.392000	0.002964	298.314684
-210.340000	0.002967	298.699973
-210.288000	0.002970	299.085809
-210.236000	0.002973	299.471992
-210.184000	0.002976	299.858679
-210.132000	0.002979	300.245714
-210.080000	0.002982	300.633181
-210.028000	0.002985	301.020975
-209.976000	0.002988	301.409242
-209.924000	0.002992	301.797859
-209.872000	0.002995	302.186839
-209.820000	0.002998	302.576133
-209.768000	0.003001	302.965859
-209.716000	0.003004	303.355893
-209.664000	0.003007	303.746245
-209.612000	0.003010	304.136895
-209.560000	0.003014	304.527918
-209.508000	0.003017	304.919242
-209.456000	0.003020	305.310791
-209.404000	0.003023	305.702670
-209.352000	0.003026	306.094867
-209.300000	0.003029	306.487287
-209.248000	0.003033	306.880053
-209.196000	0.003036	307.272923
-209.144000	0.003039	307.666127
-209.092000	0.003042	308.059503
-209.040000	0.003045	308.453135
-208.988000	0.003049	308.846982
-208.936000	0.003052	309.241069
-208.884000	0.003055	309.635335
-208.832000	0.003058	310.029785
-208.780000	0.003061	310.424413
-208.728000	0.003065	310.819186
-208.676000	0.003068	311.214140
-208.624000	0.003071	311.609198
-208.572000	0.003074	312.004490
-208.520000	0.003078	312.399846
-208.468000	0.003081	312.795407
-208.416000	0.003084	313.190970
-208.364000	0.003087	313.586758
-208.312000	0.003091	313.982511
-208.260000	0.003094	314.378526
-208.208000	0.003097	314.774484
-208.156000	0.003100	315.170635
-208.104000	0.003104	315.566721
-208.052000	0.003107	315.963074
-208.000000	0.003110	316.359234
-207.948000	0.003114	316.755701
-207.896000	0.003117	317.151879
-207.844000	0.003120	317.548365
-207.792000	0.003123	317.944651
-207.740000	0.003127	318.341100
-207.688000	0.003130	318.737424
-207.636000	0.003133	319.133862
-207.584000	0.003137	319.530208
-207.532000	0.003140	319.926601
-207.480000	0.003143	320.322902
-207.428000	0.003147	320.719158
-207.376000	0.003150	321.115401
-207.324000	0.003153	321.511538
-207.272000	0.003157	321.907707
-207.220000	0.003160	322.303688
-207.168000	0.003163	322.699706
-207.116000	0.003167	323.095443
-207.064000	0.003170	323.491321
-207.012000	0.003174	323.886853
-206.960000	0.003177	324.282542
-206.908000	0.003180	324.677839
-206.856000	0.003184	325.073303
-206.804000	0.003187	325.468330
-206.752000	0.003191	325.863580
-206.700000	0.003194	326.258260
-206.648000	0.003197	326.653248
-206.596000	0.003201	327.047545
-206.544000	0.003204	327.442059
-206.492000	0.003208	327.836078
-206.440000	0.003211	328.230226
-206.388000	0.003215	328.623937
-206.336000	0.003218	329.017644
-206.284000	0.003221	329.410947
-206.232000	0.003225	329.804126
-206.180000	0.003228	330.197038
-206.128000	0.003232	330.589761
-206.076000	0.003235	330.982254
-206.024000	0.003239	331.374435
-205.972000	0.003242	331.766464
-205.920000	0.003246	332.158069
-205.868000	0.003249	332.549606
-205.816000	0.003253	332.940602
-205.764000	0.003256	333.331619
-205.712000	0.003260	333.722003
-205.660000	0.003263	334.112498
-205.608000	0.003267	334.502286
-205.556000	0.003270	334.892177
-205.504000	0.003274	335.281289
-205.452000	0.003277	335.670584
-205.400000	0.003281	336.058966
-205.348000	0.003284	336.447658
-205.296000	0.003288	336.835333
-205.244000	0.003291	337.223201
-205.192000	0.003295	337.610242
-205.140000	0.003298	337.997299
-205.088000	0.003302	338.383665
-205.036000	0.003306	338.769940
-204.984000	0.003309	339.155592
-204.932000	0.003313	339.541004
-204.880000	0.003316	339.925927
-204.828000	0.003320	340.310498
-204.776000	0.003323	340.694647
-204.724000	0.003327	341.078295
-204.672000	0.003331	341.461673
-204.620000	0.003334	341.844420
-204.568000	0.003338	342.227013
-204.516000	0.003342	342.608832
-204.464000	0.003345	342.990563
-204.412000	0.003349	343.371402
-204.360000	0.003352	343.752269
-204.308000	0.003356	344.132146
-204.256000	0.003360	344.512071
-204.204000	0.003363	344.890934
-204.152000	0.003367	345.270029
-204.100000	0.003371	345.647874
-204.048000	0.003374	346.025963
-203.996000	0.003378	346.402752
-203.944000	0.003382	346.779714
-203.892000	0.003385	347.155605
-203.840000	0.003389	347.531462
-203.788000	0.003393	347.906383
-203.736000	0.003396	348.281116
-203.684000	0.003400	348.655040
-203.632000	0.003404	349.028622
-203.580000	0.003408	349.401525
-203.528000	0.003411	349.773931
-203.476000	0.003415	350.145792
-203.424000	0.003419	350.516997
-203.372000	0.003422	350.887750
-203.320000	0.003426	351.257677
-203.268000	0.003430	351.627385
-203.216000	0.003434	351.996115
-203.164000	0.003437	352.364774
-203.112000	0.003441	352.732309
-203.060000	0.003445	353.099758
-203.008000	0.003449	353.465987
-202.956000	0.003453	353.832312
-202.904000	0.003456	354.197284
-202.852000	0.003460	354.562386
-202.800000	0.003464	354.926011
-202.748000	0.003468	355.289962
-202.696000	0.003472	355.652344
-202.644000	0.003475	356.014817
-202.592000	0.003479	356.376025
-202.540000	0.003483	356.737158
-202.488000	0.003487	357.097156
-202.436000	0.003491	357.456877
-202.384000	0.003494	357.815647
-202.332000	0.003498	358.173990
-202.280000	0.003502	358.531502
-202.228000	0.003506	358.888393
-202.176000	0.003510	359.244650
-202.124000	0.003514	359.600122
-202.072000	0.003518	359.955079
-202.020000	0.003522	360.309060
-201.968000	0.003525	360.662737
-201.916000	0.003529	361.015261
-201.864000	0.003533	361.367648
-201.812000	0.003537	361.718730
-201.760000	0.003541	362.069724
-201.708000	0.003545	362.419308
-201.656000	0.003549	362.769000
-201.604000	0.003553	363.117126
-201.552000	0.003557	363.465368
-201.500000	0.003561	363.811914
-201.448000	0.003565	364.158763
-201.396000	0.003569	364.503895
-201.344000	0.003572	364.849137
-201.292000	0.003576	365.192928
-201.240000	0.003580	365.536554
-201.188000	0.003584	365.878955
-201.136000	0.003588	366.221056
-201.084000	0.003592	366.562044
-201.032000	0.003596	366.902499
-200.980000	0.003600	367.242087
-200.928000	0.003604	367.580987
-200.876000	0.003608	367.919161
-200.824000	0.003612	368.256440
-200.772000	0.003616	368.593129
-200.720000	0.003620	368.928720
-200.668000	0.003624	369.263998
-200.616000	0.003628	369.597997
-200.564000	0.003633	369.931812
-200.512000	0.003637	370.264191
-200.460000	0.003641	370.596548
-200.408000	0.003645	370.927340
-200.356000	0.003649	371.258180
-200.304000	0.003653	371.587320
-200.252000	0.003657	371.916651
-200.200000	0.003661	372.244112
-200.148000	0.003665	372.571825
-200.096000	0.003669	372.897717
-200.044000	0.003673	373.223715
-199.992000	0.003677	373.548203
-199.940000	0.003682	373.872537
-199.888000	0.003686	374.195525
-199.836000	0.003690	374.518134
-199.784000	0.003694	374.839585
-199.732000	0.003698	375.160460
-199.680000	0.003702	375.480440
-199.628000	0.003706	375.799678
-199.576000	0.003711	376.118098
-199.524000	0.003715	376.435534
-199.472000	0.003719	376.752474
-199.420000	0.003723	377.068258
-199.368000	0.003727	377.383650
-199.316000	0.003731	377.697676
-199.264000	0.003736	378.011600
-199.212000	0.003740	378.323997
-199.160000	0.003744	378.636310
-199.108000	0.003748	378.946976
-199.056000	0.003752	379.257732
-199.004000	0.003757	379.566706
-198.952000	0.003761	379.875912
-198.900000	0.003765	380.183177
-198.848000	0.003769	380.490715
-198.796000	0.003774	380.796380
-198.744000	0.003778	381.102123
-198.692000	0.003782	381.406311
-198.640000	0.003786	381.710313
-198.588000	0.003791	382.012961
-198.536000	0.003795	382.315220
-198.484000	0.003799	382.616360
-198.432000	0.003804	382.916926
-198.380000	0.003808	383.216543
-198.328000	0.003812	383.515361
-198.276000	0.003817	383.813433
-198.224000	0.003821	384.110503
-198.172000	0.003825	384.407030
-198.120000	0.003830	384.702350
-198.068000	0.003834	384.997380
-198.016000	0.003838	385.291012
-197.964000	0.003843	385.584543
-197.912000	0.003847	385.876517
-197.860000	0.003851	386.168463
-197.808000	0.003856	386.458730
-197.756000	0.003860	386.749095
-197.704000	0.003864	387.037663
-197.652000	0.003869	387.326512
-197.600000	0.003873	387.613416
-197.548000	0.003878	387.900623
-197.496000	0.003882	388.185971
-197.444000	0.003887	388.471378
-197.392000	0.003891	388.755297
-197.340000	0.003895	389.039068
-197.288000	0.003900	389.321508
-197.236000	0.003904	389.603543
-197.184000	0.003909	389.884484
-197.132000	0.003913	390.164839
-197.080000	0.003918	390.444309
-197.028000	0.003922	390.722988
-196.976000	0.003927	391.000991
-196.924000	0.003931	391.277999
-196.872000	0.003936	391.554540
-196.820000	0.003940	391.829882
-196.768000	0.003945	392.104965
-196.716000	0.003949	392.378659
-196.664000	0.003954	392.652279
-196.612000	0.003958	392.924365
-196.560000	0.003963	393.196493
-196.508000	0.003967	393.466985
-196.456000	0.003972	393.737685
-196.404000	0.003976	394.006622
-196.352000	0.003981	394.275857
-196.300000	0.003986	394.543211
-196.248000	0.003990	394.810901
-196.196000	0.003995	395.076815
-196.144000	0.003999	395.342776
-196.092000	0.004004	395.607353
-196.040000	0.004009	395.871805
-195.988000	0.004013	396.135031
-195.936000	0.004018	396.397880
-195.884000	0.004022	396.659709
-195.832000	0.004027	396.920964
-195.780000	0.004032	397.181442
-195.728000	0.004036	397.441166
-195.676000	0.004041	397.700322
-195.624000	0.004046	397.958525
-195.572000	0.004050	398.216368
-195.520000	0.004055	398.473062
-195.468000	0.004060	398.729601
-195.416000	0.004065	398.984810
-195.364000	0.004069	399.239989
-195.312000	0.004074	399.493714
-195.260000	0.004079	399.747614
-195.208000	0.004083	399.999951
-195.156000	0.004088	400.252483
-195.104000	0.004093	400.503359
-195.052000	0.004098	400.754594
-195.000000	0.004102	401.004076
-194.948000	0.004107	401.253932
-194.896000	0.004112	401.502196
-194.844000	0.004117	401.750566
-194.792000	0.004121	401.997657
-194.740000	0.004126	402.244609
-194.688000	0.004131	402.490515
-194.636000	0.004136	402.736115
-194.584000	0.004141	402.980844
-194.532000	0.004145	403.225054
-194.480000	0.004150	403.468594
-194.428000	0.004155	403.711430
-194.376000	0.004160	403.953838
-194.324000	0.004165	404.195367
-194.272000	0.004170	404.436624
-194.220000	0.004175	404.676810
-194.168000	0.004179	404.916970
-194.116000	0.004184	405.155900
-194.064000	0.004189	405.394965
-194.012000	0.004194	405.632683
-193.960000	0.004199	405.870581
-193.908000	0.004204	406.107073
-193.856000	0.004209	406.343928
-193.804000	0.004214	406.579273
-193.752000	0.004219	406.815001
-193.700000	0.004224	407.049143
-193.648000	0.004229	407.283665
-193.596000	0.004234	407.516807
-193.544000	0.004239	407.750093
-193.492000	0.004244	407.982324
-193.440000	0.004248	408.214495
-193.388000	0.004253	408.445751
-193.336000	0.004258	408.676720
-193.284000	0.004263	408.907034
-193.232000	0.004268	409.136924
-193.180000	0.004274	409.366318
-193.128000	0.004279	409.595097
-193.076000	0.004284	409.823570
-193.024000	0.004289	410.051256
-192.972000	0.004294	410.278870
-192.920000	0.004299	410.505535
-192.868000	0.004304	410.732319
-192.816000	0.004309	410.958004
-192.764000	0.004314	411.183899
-192.712000	0.004319	411.408603
-192.660000	0.004324	411.633593
-192.608000	0.004329	411.857346
-192.556000	0.004334	412.081506
-192.504000	0.004340	412.304370
-192.452000	0.004345	412.527722
-192.400000	0.004350	412.749715
-192.348000	0.004355	412.972131
-192.296000	0.004360	413.193417
-192.244000	0.004365	413.414893
-192.192000	0.004370	413.635517
-192.140000	0.004376	413.856118
-192.088000	0.004381	414.076054
-192.036000	0.004386	414.295802
-191.984000	0.004391	414.515068
-191.932000	0.004396	414.733984
-191.880000	0.004402	414.952600
-191.828000	0.004407	415.170706
-191.776000	0.004412	415.388689
-191.724000	0.004417	415.606007
-191.672000	0.004423	415.823423
-191.620000	0.004428	416.040027
-191.568000	0.004433	416.256856
-191.516000	0.004438	416.472743
-191.464000	0.004444	416.689023
-191.412000	0.004449	416.904296
-191.360000	0.004454	417.119965
-191.308000	0.004460	417.334605
-191.256000	0.004465	417.549736
-191.204000	0.004470	417.763805
-191.152000	0.004476	417.978424
-191.100000	0.004481	418.191927
-191.048000	0.004486	418.405863
-190.996000	0.004492	418.618965
-190.944000	0.004497	418.832339
-190.892000	0.004502	419.045083
-190.840000	0.004508	419.257849
-190.788000	0.004513	419.470183
-190.736000	0.004519	419.682417
-190.684000	0.004524	419.894424
-190.632000	0.004530	420.106205
-190.580000	0.004535	420.317889
-190.528000	0.004540	420.529183
-190.476000	0.004546	420.740503
-190.424000	0.004551	420.951284
-190.372000	0.004557	421.162383
-190.320000	0.004562	421.372827
-190.268000	0.004568	421.583606
-190.216000	0.004573	421.793618
-190.164000	0.004579	422.004206
-190.112000	0.004584	422.213981
-190.060000	0.004590	422.424213
-190.008000	0.004595	422.633651
-189.956000	0.004601	422.843710
-189.904000	0.004606	423.052942
-189.852000	0.004612	423.262746
-189.800000	0.004618	423.471726
-189.748000	0.004623	423.681218
-189.696000	0.004629	423.890133
-189.644000	0.004634	424.099346
-189.592000	0.004640	424.308209
-189.540000	0.004646	424.517201
-189.488000	0.004651	424.725997
-189.436000	0.004657	424.934787
-189.384000	0.004662	425.143536
-189.332000	0.004668	425.352150
-189.280000	0.004674	425.560874
-189.228000	0.004679	425.769335
-189.176000	0.004685	425.978092
-189.124000	0.004691	426.186472
-189.072000	0.004696	426.395252
-189.020000	0.004702	426.603525
-188.968000	0.004708	426.812386
-188.916000	0.004714	427.020659
-188.864000	0.004719	427.229537
-188.812000	0.004725	427.437825
-188.760000	0.004731	427.646815
-188.708000	0.004737	427.855208
-188.656000	0.004742	428.064174
-188.604000	0.004748	428.272623
-188.552000	0.004754	428.481852
-188.500000	0.004760	428.690406
-188.448000	0.004766	428.899275
-188.396000	0.004771	429.107907
-188.344000	0.004777	429.316986
-188.292000	0.004783	429.526039
-188.240000	0.004789	429.735378
-188.188000	0.004795	429.944842
-188.136000	0.004801	430.154463
-188.084000	0.004806	430.364009
-188.032000	0.004812	430.573407
-187.980000	0.004818	430.783223
-187.928000	0.004824	430.992945
-187.876000	0.004830	431.203228
-187.824000	0.004836	431.413295
-187.772000	0.004842	431.623594
-187.720000	0.004848	431.833501
-187.668000	0.004854	432.044752
-187.616000	0.004860	432.255591
-187.564000	0.004866	432.466807
-187.512000	0.004872	432.677639
-187.460000	0.004878	432.889310
-187.408000	0.004884	433.100542
-187.356000	0.004890	433.312167
-187.304000	0.004896	433.523650
-187.252000	0.004902	433.736298
-187.200000	0.004908	433.948516
-187.148000	0.004914	434.161060
-187.096000	0.004920	434.373595
-187.044000	0.004926	434.586604
-186.992000	0.004932	434.799782
-186.940000	0.004938	435.013300
-186.888000	0.004944	435.227120
-186.836000	0.004950	435.441166
-186.784000	0.004956	435.655640
-186.732000	0.004963	435.870231
-186.680000	0.004969	436.084989
-186.628000	0.004975	436.299621
-186.576000	0.004981	436.514934
-186.524000	0.004987	436.730150
-186.472000	0.004993	436.946634
-186.420000	0.005000	437.162972
-186.368000	0.005006	437.379720
-186.316000	0.005012	437.596208
-186.264000	0.005018	437.813623
-186.212000	0.005024	438.030829
-186.160000	0.005031	438.248911
-186.108000	0.005037	438.466848
-186.056000	0.005043	438.685615
-186.004000	0.005049	438.904297
-185.952000	0.005056	439.123770
-185.900000	0.005062	439.343028
-185.848000	0.005068	439.562619
-185.796000	0.005075	439.782622
-185.744000	0.005081	440.003422
-185.692000	0.005087	440.224553
-185.640000	0.005094	440.446074
-185.588000	0.005100	440.667730
-185.536000	0.005106	440.889464
-185.484000	0.005113	441.112103
-185.432000	0.005119	441.335108
-185.380000	0.005126	441.558778
-185.328000	0.005132	441.782550
-185.276000	0.005138	442.006662
-185.224000	0.005145	442.230690
-185.172000	0.005151	442.456064
-185.120000	0.005158	442.681407
-185.068000	0.005164	442.907729
-185.016000	0.005171	443.133908
-184.964000	0.005177	443.360555
-184.912000	0.005184	443.587209
-184.860000	0.005190	443.815218
-184.808000	0.005197	444.043240
-184.756000	0.005203	444.272102
-184.704000	0.005210	444.501047
-184.652000	0.005216	444.730768
-184.600000	0.005223	444.960648
-184.548000	0.005229	445.191196
-184.496000	0.005236	445.422071
-184.444000	0.005243	445.653478
-184.392000	0.005249	445.885332
-184.340000	0.005256	446.117622
-184.288000	0.005262	446.350457
-184.236000	0.005269	446.583640
-184.184000	0.005276	446.817817
-184.132000	0.005282	447.052424
-184.080000	0.005289	447.287376
-184.028000	0.005296	447.522374
-183.976000	0.005302	447.758635
-183.924000	0.005309	447.995076
-183.872000	0.005316	448.232442
-183.820000	0.005323	448.469816
-183.768000	0.005329	448.708205
-183.716000	0.005336	448.946583
-183.664000	0.005343	449.185938
-183.612000	0.005350	449.425415
-183.560000	0.005356	449.666250
-183.508000	0.005363	449.907104
-183.456000	0.005370	450.148381
-183.404000	0.005377	450.390017
-183.352000	0.005384	450.632787
-183.300000	0.005390	450.875845
-183.248000	0.005397	451.119569
-183.196000	0.005404	451.363708
-183.144000	0.005411	451.608404
-183.092000	0.005418	451.853888
-183.040000	0.005425	452.100092
-182.988000	0.005432	452.346897
-182.936000	0.005439	452.594090
-182.884000	0.005446	452.841971
-182.832000	0.005453	453.090160
-182.780000	0.005460	453.339516
-182.728000	0.005466	453.589226
-182.676000	0.005473	453.839360
-182.624000	0.005480	454.089552
-182.572000	0.005487	454.341163
-182.520000	0.005494	454.592887
-182.468000	0.005502	454.846152
-182.416000	0.005509	455.099476
-182.364000	0.005516	455.353775
-182.312000	0.005523	455.608196
-182.260000	0.005530	455.863508
-182.208000	0.005537	456.119025
-182.156000	0.005544	456.375360
-182.104000	0.005551	456.632129
-182.052000	0.005558	456.890009
-182.000000	0.005565	457.148246
-181.948000	0.005572	457.407142
-181.896000	0.005580	457.666718
-181.844000	0.005587	457.927157
-181.792000	0.005594	458.188124
-181.740000	0.005601	458.449589
-181.688000	0.005608	458.711976
-181.636000	0.005616	458.974982
-181.584000	0.005623	459.238678
-181.532000	0.005630	459.502710
-181.480000	0.005637	459.767509
-181.428000	0.005645	460.032560
-181.376000	0.005652	460.298896
-181.324000	0.005659	460.565489
-181.272000	0.005667	460.833011
-181.220000	0.005674	461.100623
-181.168000	0.005681	461.369763
-181.116000	0.005689	461.639023
-181.064000	0.005696	461.909714
-181.012000	0.005703	462.180553
-180.960000	0.005711	462.452258
-180.908000	0.005718	462.724190
-180.856000	0.005726	462.996907
-180.804000	0.005733	463.270079
-180.752000	0.005740	463.544332
-180.700000	0.005748	463.819147
-180.648000	0.005755	464.094943
-180.596000	0.005763	464.371148
-180.544000	0.005770	464.647942
-180.492000	0.005778	464.925498
-180.440000	0.005785	465.203806
-180.388000	0.005793	465.482997
-180.336000	0.005800	465.762817
-180.284000	0.005808	466.043279
-180.232000	0.005816	466.324082
-180.180000	0.005823	466.606004
-180.128000	0.005831	466.888303
-180.076000	0.005838	467.171406
-180.024000	0.005846	467.454674
-179.972000	0.005854	467.739305
-179.920000	0.005861	468.024056
-179.868000	0.005869	468.310295
-179.816000	0.005877	468.596599
-179.764000	0.005884	468.883799
-179.712000	0.005892	469.171285
-179.660000	0.005900	469.460480
-179.608000	0.005907	469.749755
-179.556000	0.005915	470.039373
-179.504000	0.005923	470.329568
-179.452000	0.005931	470.621173
-179.400000	0.005939	470.913284
-179.348000	0.005946	471.206367
-179.296000	0.005954	471.499763
-179.244000	0.005962	471.793755
-179.192000	0.005970	472.088414
-179.140000	0.005978	472.383825
-179.088000	0.005986	472.680027
-179.036000	0.005993	472.976851
-178.984000	0.006001	473.274588
-178.932000	0.006009	473.572808
-178.880000	0.006017	473.871665
-178.828000	0.006025	474.170748
-178.776000	0.006033	474.470996
-178.724000	0.006041	474.771454
-178.672000	0.006049	475.073686
-178.620000	0.006057	475.376028
-178.568000	0.006065	475.679270
-178.516000	0.006073	475.982561
-178.464000	0.006081	476.287161
-178.412000	0.006089	476.591908
-178.360000	0.006097	476.897857
-178.308000	0.006105	477.204049
-178.256000	0.006113	477.511338
-178.204000	0.006121	477.818958
-178.152000	0.006130	478.127584
-178.100000	0.006138	478.436604
-178.048000	0.006146	478.746584
-177.996000	0.006154	479.056964
-177.944000	0.006162	479.368223
-177.892000	0.006170	479.679723
-177.840000	0.006179	479.991721
-177.788000	0.006187	480.304698
-177.736000	0.006195	480.618470
-177.684000	0.006203	480.933026
-177.632000	0.006212	481.248025
-177.580000	0.006220	481.563946
-177.528000	0.006228	481.880162
-177.476000	0.006236	482.197437
-177.424000	0.006245	482.514853
-177.372000	0.006253	482.833948
-177.320000	0.006261	483.153071
-177.268000	0.006270	483.472999
-177.216000	0.006278	483.792889
-177.164000	0.006287	484.114005
-177.112000	0.006295	484.435247
-177.060000	0.006303	484.758053
-177.008000	0.006312	485.080982
-176.956000	0.006320	485.404950
-176.904000	0.006329	485.729113
-176.852000	0.006337	486.054240
-176.800000	0.006346	486.379594
-176.748000	0.006354	486.705893
-176.696000	0.006363	487.032392
-176.644000	0.006371	487.359764
-176.592000	0.006380	487.687760
-176.540000	0.006389	488.016707
-176.488000	0.006397	488.345811
-176.436000	0.006406	488.675269
-176.384000	0.006414	489.006085
-176.332000	0.006423	489.337600
-176.280000	0.006432	489.669486
-176.228000	0.006440	490.001474
-176.176000	0.006449	490.334835
-176.124000	0.006458	490.668320
-176.072000	0.006466	491.002883
-176.020000	0.006475	491.337332
-175.968000	0.006484	491.672989
-175.916000	0.006493	492.008535
-175.864000	0.006502	492.345685
-175.812000	0.006510	492.682743
-175.760000	0.006519	493.020846
-175.708000	0.006528	493.359041
-175.656000	0.006537	493.698598
-175.604000	0.006546	494.038174
-175.552000	0.006555	494.378677
-175.500000	0.006563	494.719197
-175.448000	0.006572	495.060645
-175.396000	0.006581	495.402306
-175.344000	0.006590	495.745097
-175.292000	0.006599	496.088012
-175.240000	0.006608	496.431604
-175.188000	0.006617	496.775808
-175.136000	0.006626	497.120702
-175.084000	0.006635	497.466407
-175.032000	0.006644	497.812576
-174.980000	0.006653	498.159357
-174.928000	0.006662	498.506263
-174.876000	0.006672	498.853945
-174.824000	0.006681	499.201559
-174.772000	0.006690	499.550609
-174.720000	0.006699	499.899457
-174.668000	0.006708	500.249908
-174.616000	0.006717	500.600059
-174.564000	0.006726	500.951227
-174.512000	0.006736	501.302226
-174.460000	0.006745	501.654619
-174.408000	0.006754	502.006920
-174.356000	0.006763	502.360515
-174.304000	0.006773	502.714091
-174.252000	0.006782	503.068903
-174.200000	0.006791	503.423493
-174.148000	0.006801	503.778990
-174.096000	0.006810	504.134199
-174.044000	0.006819	504.490240
-173.992000	0.006829	504.846747
-173.940000	0.006838	505.204351
-173.888000	0.006847	505.562023
-173.836000	0.006857	505.920125
-173.784000	0.006866	506.279213
-173.732000	0.006876	506.638830
-173.680000	0.006885	506.998881
-173.628000	0.006895	507.358947
-173.576000	0.006904	507.719633
-173.524000	0.006914	508.080121
-173.472000	0.006923	508.442403
-173.420000	0.006933	508.804372
-173.368000	0.006943	509.167808
-173.316000	0.006952	509.530785
-173.264000	0.006962	509.894671
-173.212000	0.006971	510.258297
-173.160000	0.006981	510.623661
-173.108000	0.006991	510.988603
-173.056000	0.007000	511.354379
-173.004000	0.007010	511.719914
-172.952000	0.007020	512.086637
-172.900000	0.007030	512.453305
-172.848000	0.007039	512.821480
-172.796000	0.007049	513.189107
-172.744000	0.007059	513.557534
-172.692000	0.007069	513.926189
-172.640000	0.007079	514.295887
-172.588000	0.007088	514.665431
-172.536000	0.007098	515.035331
-172.484000	0.007108	515.406023
-172.432000	0.007118	515.777146
-172.380000	0.007128	516.148936
-172.328000	0.007138	516.520736
-172.276000	0.007148	516.892998
-172.224000	0.007158	517.264926
-172.172000	0.007168	517.638515
-172.120000	0.007178	518.011646
-172.068000	0.007188	518.386630
-172.016000	0.007198	518.760989
-171.964000	0.007208	519.136153
-171.912000	0.007218	519.510875
-171.860000	0.007228	519.887243
-171.808000	0.007239	520.263112
-171.756000	0.007249	520.640141
-171.704000	0.007259	521.016702
-171.652000	0.007269	521.394415
-171.600000	0.007279	521.771817
-171.548000	0.007289	522.150700
-171.496000	0.007300	522.529030
-171.444000	0.007310	522.908397
-171.392000	0.007320	523.287469
-171.340000	0.007331	523.667294
-171.288000	0.007341	524.047420
-171.236000	0.007351	524.428205
-171.184000	0.007362	524.809220
-171.132000	0.007372	525.190417
-171.080000	0.007382	525.572112
-171.028000	0.007393	525.953698
-170.976000	0.007403	526.336510
-170.924000	0.007414	526.718987
-170.872000	0.007424	527.103003
-170.820000	0.007435	527.486398
-170.768000	0.007445	527.871013
-170.716000	0.007456	528.254948
-170.664000	0.007466	528.640526
-170.612000	0.007477	529.025390
-170.560000	0.007488	529.411393
-170.508000	0.007498	529.796832
-170.456000	0.007509	530.183761
-170.404000	0.007520	530.570004
-170.352000	0.007530	530.957364
-170.300000	0.007541	531.344170
-170.248000	0.007552	531.732433
-170.196000	0.007562	532.120167
-170.144000	0.007573	532.509166
-170.092000	0.007584	532.897952
-170.040000	0.007595	533.287660
-169.988000	0.007606	533.677146
-169.936000	0.007616	534.067028
-169.884000	0.007627	534.457345
-169.832000	0.007638	534.847894
-169.780000	0.007649	535.239212
-169.728000	0.007660	535.630413
-169.676000	0.007671	536.022256
-169.624000	0.007682	536.413566
-169.572000	0.007693	536.806807
-169.520000	0.007704	537.199313
-169.468000	0.007715	537.592933
-169.416000	0.007726	537.985726
-169.364000	0.007737	538.380072
-169.312000	0.007748	538.773733
-169.260000	0.007759	539.169318
-169.208000	0.007770	539.564027
-169.156000	0.007782	539.959790
-169.104000	0.007793	540.354850
-169.052000	0.007804	540.751345
-169.000000	0.007815	541.147071
-168.948000	0.007826	541.544228
-168.896000	0.007838	541.940916
-168.844000	0.007849	542.339092
-168.792000	0.007860	542.736584
-168.740000	0.007872	543.134719
-168.688000	0.007883	543.533149
-168.636000	0.007894	543.932271
-168.584000	0.007906	544.331315
-168.532000	0.007917	544.730358
-168.480000	0.007929	545.130469
-168.428000	0.007940	545.530465
-168.376000	0.007952	545.931460
-168.324000	0.007963	546.331870
-168.272000	0.007975	546.734130
-168.220000	0.007986	547.135529
-168.168000	0.007998	547.537954
-168.116000	0.008009	547.939488
-168.064000	0.008021	548.342975
-168.012000	0.008033	548.745644
-167.960000	0.008044	549.150177
-167.908000	0.008056	549.553685
-167.856000	0.008068	549.958211
-167.804000	0.008079	550.362054
-167.752000	0.008091	550.767656
-167.700000	0.008103	551.172533
-167.648000	0.008115	551.579123
-167.596000	0.008127	551.984838
-167.544000	0.008138	552.391740
-167.492000	0.008150	552.798123
-167.440000	0.008162	553.205320
-167.388000	0.008174	553.612699
-167.336000	0.008186	554.020706
-167.284000	0.008198	554.429293
-167.232000	0.008210	554.838090
-167.180000	0.008222	555.247456
-167.128000	0.008234	555.656518
-167.076000	0.008246	556.066969
-167.024000	0.008258	556.476801
-166.972000	0.008270	556.888431
-166.920000	0.008282	557.299123
-166.868000	0.008295	557.711286
-166.816000	0.008307	558.122469
-166.764000	0.008319	558.535547
-166.712000	0.008331	558.947710
-166.660000	0.008343	559.361704
-166.608000	0.008356	559.774704
-166.556000	0.008368	560.189074
-166.504000	0.008380	560.602652
-166.452000	0.008393	561.017976
-166.400000	0.008405	561.432676
-166.348000	0.008417	561.849370
-166.296000	0.008430	562.265097
-166.244000	0.008442	562.681975
-166.192000	0.008455	563.098557
-166.140000	0.008467	563.516132
-166.088000	0.008480	563.933823
-166.036000	0.008492	564.352086
-165.984000	0.008505	564.770880
-165.932000	0.008517	565.189826
-165.880000	0.008530	565.610142
-165.828000	0.008543	566.030290
-165.776000	0.008555	566.451337
-165.724000	0.008568	566.871636
-165.672000	0.008581	567.293709
-165.620000	0.008594	567.714822
-165.568000	0.008606	568.138373
-165.516000	0.008619	568.560893
-165.464000	0.008632	568.985284
-165.412000	0.008645	569.408706
-165.360000	0.008658	569.833931
-165.308000	0.008671	570.258247
-165.256000	0.008683	570.684303
-165.204000	0.008696	571.109692
-165.152000	0.008709	571.537158
-165.100000	0.008722	571.963717
-165.048000	0.008735	572.391955
-164.996000	0.008748	572.819722
-164.944000	0.008761	573.249127
-164.892000	0.008775	573.678216
-164.840000	0.008788	574.108263
-164.788000	0.008801	574.538416
-164.736000	0.008814	574.969106
-164.684000	0.008827	575.400706
-164.632000	0.008840	575.832559
-164.580000	0.008854	576.265359
-164.528000	0.008867	576.697851
-164.476000	0.008880	577.132645
-164.424000	0.008894	577.566826
-164.372000	0.008907	578.002289
-164.320000	0.008920	578.436778
-164.268000	0.008934	578.874192
-164.216000	0.008947	579.310565
-164.164000	0.008961	579.748798
-164.112000	0.008974	580.186158
-164.060000	0.008988	580.625740
-164.008000	0.009001	581.064408
-163.956000	0.009015	581.504817
-163.904000	0.009029	581.944747
-163.852000	0.009042	582.387087
-163.800000	0.009056	582.828522
-163.748000	0.009069	583.271624
-163.696000	0.009083	583.714560
-163.644000	0.009097	584.159366
-163.592000	0.009111	584.603894
-163.540000	0.009125	585.049356
-163.488000	0.009138	585.495313
-163.436000	0.009152	585.941963
-163.384000	0.009166	586.389958
-163.332000	0.009180	586.838323
-163.280000	0.009194	587.287682
-163.228000	0.009208	587.736723
-163.176000	0.009222	588.188114
-163.124000	0.009236	588.638881
-163.072000	0.009250	589.091992
-163.020000	0.009264	589.544149
-162.968000	0.009278	589.998749
-162.916000	0.009292	590.452405
-162.864000	0.009306	590.908400
-162.812000	0.009321	591.363672
-162.760000	0.009335	591.821592
-162.708000	0.009349	592.278793
-162.656000	0.009363	592.738120
-162.604000	0.009378	593.197031
-162.552000	0.009392	593.658360
-162.500000	0.009406	594.119077
-162.448000	0.009421	594.581748
-162.396000	0.009435	595.044085
-162.344000	0.009450	595.508015
-162.292000	0.009464	595.972383
-162.240000	0.009479	596.438107
-162.188000	0.009493	596.904768
-162.136000	0.009508	597.372291
-162.084000	0.009522	597.840865
-162.032000	0.009537	598.309680
-161.980000	0.009552	598.780435
-161.928000	0.009566	599.251075
-161.876000	0.009581	599.724151
-161.824000	0.009596	600.196623
-161.772000	0.009611	600.671521
-161.720000	0.009626	601.145573
-161.668000	0.009640	601.623098
-161.616000	0.009655	602.099758
-161.564000	0.009670	602.578794
-161.512000	0.009685	603.057196
-161.460000	0.009700	603.538271
-161.408000	0.009715	604.018878
-161.356000	0.009730	604.502010
-161.304000	0.009745	604.984839
-161.252000	0.009760	605.470098
-161.200000	0.009775	605.955334
-161.148000	0.009791	606.443103
-161.096000	0.009806	606.930696
-161.044000	0.009821	607.419873
-160.992000	0.009836	607.909952
-160.940000	0.009852	608.401595
-160.888000	0.009867	608.893972
-160.836000	0.009882	609.387051
-160.784000	0.009898	609.882493
-160.732000	0.009913	610.378595
-160.680000	0.009928	610.876333
-160.628000	0.009944	611.373902
-160.576000	0.009959	611.874501
-160.524000	0.009975	612.374600
-160.472000	0.009991	612.877742
-160.420000	0.010006	613.380137
-160.368000	0.010022	613.886069
-160.316000	0.010037	614.391323
-160.264000	0.010053	614.899453
-160.212000	0.010069	615.407197
-160.160000	0.010085	615.918068
-160.108000	0.010100	616.428775
-160.056000	0.010116	616.942408
-160.004000	0.010132	617.455900
-159.952000	0.010148	617.971834
-159.900000	0.010164	618.487934
-159.848000	0.010180	619.006567
-159.796000	0.010196	619.525776
-159.744000	0.010212	620.047065
-159.692000	0.010228	620.569455
-159.640000	0.010244	621.093420
-159.588000	0.010260	621.619010
-159.536000	0.010276	622.145672
-159.484000	0.010293	622.674477
-159.432000	0.010309	623.203852
-159.380000	0.010325	623.735456
-159.328000	0.010341	624.267045
-159.276000	0.010358	624.802286
-159.224000	0.010374	625.337153
-159.172000	0.010391	625.875713
-159.120000	0.010407	626.413684
-159.068000	0.010423	626.955758
-159.016000	0.010440	627.497305
-158.964000	0.010457	628.041799
-158.912000	0.010473	628.586193
-158.860000	0.010490	629.134170
-158.808000	0.010506	629.682176
-158.756000	0.010523	630.233142
-158.704000	0.010540	630.784561
-158.652000	0.010557	631.339098
-158.600000	0.010573	631.894037
-158.548000	0.010590	632.451506
-158.496000	0.010607	633.010078
-158.444000	0.010624	633.570979
-158.392000	0.010641	634.133532
-158.340000	0.010658	634.697887
-158.288000	0.010675	635.264086
-158.236000	0.010692	635.831395
-158.184000	0.010709	636.401447
-158.132000	0.010726	636.972256
-158.080000	0.010743	637.545915
-158.028000	0.010760	638.119727
-157.976000	0.010778	638.697838
-157.924000	0.010795	639.275719
-157.872000	0.010812	639.857441
-157.820000	0.010830	640.438751
-157.768000	0.010847	641.024746
-157.716000	0.010864	641.610467
-157.664000	0.010882	642.199660
-157.612000	0.010899	642.789073
-157.560000	0.010917	643.382530
-157.508000	0.010934	643.976396
-157.456000	0.010952	644.573621
-157.404000	0.010970	645.171546
-157.352000	0.010987	645.772610
-157.300000	0.011005	646.374818
-157.248000	0.011023	646.980125
-157.196000	0.011041	647.586818
-157.144000	0.011058	648.195844
-157.092000	0.011076	648.806788
-157.040000	0.011094	649.419561
-156.988000	0.011112	650.035135
-156.936000	0.011130	650.652197
-156.884000	0.011148	651.272229
-156.832000	0.011166	651.893088
-156.780000	0.011184	652.517875
-156.728000	0.011202	653.143077
-156.676000	0.011221	653.772767
-156.624000	0.011239	654.402339
-156.572000	0.011257	655.036949
-156.520000	0.011275	655.671280
-156.468000	0.011294	656.309909
-156.416000	0.011312	656.948697
-156.364000	0.011330	657.592372
-156.312000	0.011349	658.236377
-156.260000	0.011367	658.884072
-156.208000	0.011386	659.532741
-156.156000	0.011404	660.185545
-156.104000	0.011423	660.839313
-156.052000	0.011442	661.496228
-156.000000	0.011460	662.154827
-155.948000	0.011479	662.816808
-155.896000	0.011498	663.480754
-155.844000	0.011517	664.147289
-155.792000	0.011536	664.816657
-155.740000	0.011555	665.488291
-155.688000	0.011574	666.162987
-155.636000	0.011593	666.839227
-155.584000	0.011612	667.519071
-155.532000	0.011631	668.199942
-155.480000	0.011650	668.885396
-155.428000	0.011669	669.571447
-155.376000	0.011688	670.262176
-155.324000	0.011707	670.952909
-155.272000	0.011727	671.649899
-155.220000	0.011746	672.346820
-155.168000	0.011765	673.048619
-155.116000	0.011785	673.750796
-155.064000	0.011804	674.457938
-155.012000	0.011824	675.165887
-154.960000	0.011843	675.878393
-154.908000	0.011863	676.592137
-154.856000	0.011882	677.310042
-154.804000	0.011902	678.029595
-154.752000	0.011922	678.752953
-154.700000	0.011941	679.478309
-154.648000	0.011961	680.207043
-154.596000	0.011981	680.938330
-154.544000	0.012001	681.672458
-154.492000	0.012021	682.410029
-154.440000	0.012041	683.150100
-154.388000	0.012061	683.893857
-154.336000	0.012081	684.639378
-154.284000	0.012101	685.389544
-154.232000	0.012121	686.141058
-154.180000	0.012141	686.897376
-154.128000	0.012162	687.654392
-154.076000	0.012182	688.417247
-154.024000	0.012202	689.180322
-153.972000	0.012223	689.949805
-153.920000	0.012243	690.719438
-153.868000	0.012263	691.494534
-153.816000	0.012284	692.270393
-153.764000	0.012305	693.052172
-153.712000	0.012325	693.835002
-153.660000	0.012346	694.622439
-153.608000	0.012366	695.411709
-153.556000	0.012387	696.205892
-153.504000	0.012408	697.002009
-153.452000	0.012429	697.801935
-153.400000	0.012450	698.604661
-153.348000	0.012471	699.411319
-153.296000	0.012492	700.221121
-153.244000	0.012513	701.034016
-153.192000	0.012534	701.850638
-153.140000	0.012555	702.669793
-153.088000	0.012576	703.493618
-153.036000	0.012597	704.319579
-152.984000	0.012618	705.150831
-152.932000	0.012640	705.983628
-152.880000	0.012661	706.821884
-152.828000	0.012682	707.661018
-152.776000	0.012704	708.506667
-152.724000	0.012725	709.352726
-152.672000	0.012747	710.205825
-152.620000	0.012768	711.059360
-152.568000	0.012790	711.919408
-152.516000	0.012812	712.780359
-152.464000	0.012834	713.646854
-152.412000	0.012855	714.515016
-152.360000	0.012877	715.389029
-152.308000	0.012899	716.265141
-152.256000	0.012921	717.146181
-152.204000	0.012943	718.029849
-152.152000	0.012965	718.917962
-152.100000	0.012987	719.809437
-152.048000	0.013009	720.705113
-151.996000	0.013031	721.604510
-151.944000	0.013054	722.507244
-151.892000	0.013076	723.414629
-151.840000	0.013098	724.324972
-151.788000	0.013121	725.240240
-151.736000	0.013143	726.157696
-151.684000	0.013166	727.081484
-151.632000	0.013188	728.007121
-151.580000	0.013211	728.938865
-151.528000	0.013233	729.871656
-151.476000	0.013256	730.811149
-151.424000	0.013279	731.751207
-151.372000	0.013302	732.699441
-151.320000	0.013324	733.648396
-151.268000	0.013347	734.604895
-151.216000	0.013370	735.562597
-151.164000	0.013393	736.526341
-151.112000	0.013416	737.492115
-151.060000	0.013440	738.464168
-151.008000	0.013463	739.438741
-150.956000	0.013486	740.418616
-150.904000	0.013509	741.401598
-150.852000	0.013533	742.389332
-150.800000	0.013556	743.381224
-150.748000	0.013579	744.377847
-150.696000	0.013603	745.378759
-150.644000	0.013626	746.383254
-150.592000	0.013650	747.392656
-150.540000	0.013674	748.405042
-150.488000	0.013697	749.423690
-150.436000	0.013721	750.445035
-150.384000	0.013745	751.472927
-150.332000	0.013769	752.502730
-150.280000	0.013793	753.539733
-150.228000	0.013817	754.578015
-150.176000	0.013841	755.624146
-150.124000	0.013865	756.671054
-150.072000	0.013889	757.726738
-150.020000	0.013913	758.783331
-149.968000	0.013938	759.847533
-149.916000	0.013962	760.913316
-149.864000	0.013986	761.986052
-149.812000	0.014011	763.061172
-149.760000	0.014035	764.142990
-149.708000	0.014060	765.227907
-149.656000	0.014084	766.318840
-149.604000	0.014109	767.413554
-149.552000	0.014134	768.513633
-149.500000	0.014158	769.618150
-149.448000	0.014183	770.727382
-149.396000	0.014208	771.841734
-149.344000	0.014233	772.960138
-149.292000	0.014258	774.084342
-149.240000	0.014283	775.211935
-149.188000	0.014308	776.346380
-149.136000	0.014334	777.483710
-149.084000	0.014359	778.628195
-149.032000	0.014384	779.774756
-148.980000	0.014409	780.929597
-148.928000	0.014435	782.085931
-148.876000	0.014460	783.250761
-148.824000	0.014486	784.416533
-148.772000	0.014512	785.591663
-148.720000	0.014537	786.767976
-148.668000	0.014563	787.952895
-148.616000	0.014589	789.139765
-148.564000	0.014615	790.334486
-148.512000	0.014640	791.531928
-148.460000	0.014666	792.736474
-148.408000	0.014692	793.944511
-148.356000	0.014719	795.158910
-148.304000	0.014745	796.377748
-148.252000	0.014771	797.602555
-148.200000	0.014797	798.832301
-148.148000	0.014824	800.067016
-148.096000	0.014850	801.307372
-148.044000	0.014876	802.552005
-147.992000	0.014903	803.803651
-147.940000	0.014930	805.059268
-147.888000	0.014956	806.321934
-147.836000	0.014983	807.587507
-147.784000	0.015010	808.861242
-147.732000	0.015037	810.137314
-147.680000	0.015063	811.422734
-147.628000	0.015090	812.709838
-147.576000	0.015118	814.006075
-147.524000	0.015145	815.303417
-147.472000	0.015172	816.611188
-147.420000	0.015199	817.920355
-147.368000	0.015226	819.238634
-147.316000	0.015254	820.559221
-147.264000	0.015281	821.888543
-147.212000	0.015309	823.221037
-147.160000	0.015336	824.561414
-147.108000	0.015364	825.905654
-147.056000	0.015391	827.256600
-147.004000	0.015419	828.612625
-146.952000	0.015447	829.975209
-146.900000	0.015475	831.343459
-146.848000	0.015503	832.717192
-146.796000	0.015531	834.097066
-146.744000	0.015559	835.481435
-146.692000	0.015587	836.873342
-146.640000	0.015615	838.269411
-146.588000	0.015644	839.673823
-146.536000	0.015672	841.081605
-146.484000	0.015701	842.498119
-146.432000	0.015729	843.917104
-146.380000	0.015758	845.346041
-146.328000	0.015786	846.776768
-146.276000	0.015815	848.218243
-146.224000	0.015844	849.661013
-146.172000	0.015873	851.114752
-146.120000	0.015902	852.570141
-146.068000	0.015931	854.035594
-146.016000	0.015960	855.503704
-145.964000	0.015989	856.981410
-145.912000	0.016018	858.462458
-145.860000	0.016047	859.951377
-145.808000	0.016077	861.445040
-145.756000	0.016106	862.946775
-145.704000	0.016135	864.453781
-145.652000	0.016165	865.967314
-145.600000	0.016195	867.487218
-145.548000	0.016224	869.013107
-145.496000	0.016254	870.546203
-145.444000	0.016284	872.084458
-145.392000	0.016314	873.630756
-145.340000	0.016344	875.181394
-145.288000	0.016374	876.740905
-145.236000	0.016404	878.303931
-145.184000	0.016434	879.877082
-145.132000	0.016465	881.453034
-145.080000	0.016495	883.039982
-145.028000	0.016525	884.628871
-144.976000	0.016556	886.229125
-144.924000	0.016587	887.830808
-144.872000	0.016617	889.444485
-144.820000	0.016648	891.059998
-144.768000	0.016679	892.686045
-144.716000	0.016710	894.315181
-144.664000	0.016741	895.955180
-144.612000	0.016772	897.598942
-144.560000	0.016803	899.251329
-144.508000	0.016834	900.908798
-144.456000	0.016865	902.574649
-144.404000	0.016897	904.246372
-144.352000	0.016928	905.925196
-144.300000	0.016960	907.611331
-144.248000	0.016991	909.304208
-144.196000	0.017023	911.004747
-144.144000	0.017055	912.710646
-144.092000	0.017087	914.425408
-144.040000	0.017119	916.144857
-143.988000	0.017151	917.874072
-143.936000	0.017183	919.607082
-143.884000	0.017215	921.351180
-143.832000	0.017247	923.098281
-143.780000	0.017279	924.856953
-143.728000	0.017312	926.617632
-143.676000	0.017344	928.391781
-143.624000	0.017377	930.167509
-143.572000	0.017409	931.955228
-143.520000	0.017442	933.745136
-143.468000	0.017475	935.547421
-143.416000	0.017508	937.352925
-143.364000	0.017541	939.169262
-143.312000	0.017574	940.990049
-143.260000	0.017607	942.820965
-143.208000	0.017640	944.657284
-143.156000	0.017673	946.502288
-143.104000	0.017707	948.353747
-143.052000	0.017740	950.212867
-143.000000	0.017774	952.079702
-142.948000	0.017807	953.953502
-142.896000	0.017841	955.836296
-142.844000	0.017875	957.725305
-142.792000	0.017909	959.623641
-142.740000	0.017943	961.526818
-142.688000	0.017977	963.441022
-142.636000	0.018011	965.359421
-142.584000	0.018045	967.289441
-142.532000	0.018079	969.222547
-142.480000	0.018114	971.168709
-142.428000	0.018148	973.117050
-142.376000	0.018183	975.079461
-142.324000	0.018218	977.043595
-142.272000	0.018252	979.021707
-142.220000	0.018287	981.002176
-142.168000	0.018322	982.995455
-142.116000	0.018357	984.992268
-142.064000	0.018392	987.000721
-142.012000	0.018427	989.014024
-141.960000	0.018463	991.038176
-141.908000	0.018498	993.068394
-141.856000	0.018534	995.108271
-141.804000	0.018569	997.155171
-141.752000	0.018605	999.210286
-141.700000	0.018641	1001.273762
-141.648000	0.018676	1003.344675
-141.596000	0.018712	1005.425302
-141.544000	0.018748	1007.512538
-141.492000	0.018784	1009.610239
-141.440000	0.018821	1011.713285
-141.388000	0.018857	1013.828225
-141.336000	0.018893	1015.947601
-141.284000	0.018930	1018.079541
-141.232000	0.018966	1020.214735
-141.180000	0.019003	1022.364468
-141.128000	0.019040	1024.516526
-141.076000	0.019077	1026.683244
-141.024000	0.019114	1028.851803
-140.972000	0.019151	1031.035807
-140.920000	0.019188	1033.222389
-140.868000	0.019225	1035.422657
-140.816000	0.019262	1037.626866
-140.764000	0.019300	1039.843927
-140.712000	0.019337	1042.066229
-140.660000	0.019375	1044.300087
-140.608000	0.019413	1046.540484
-140.556000	0.019451	1048.791158
-140.504000	0.019489	1051.049858
-140.452000	0.019527	1053.317912
-140.400000	0.019565	1055.594692
-140.348000	0.019603	1057.879115
-140.296000	0.019641	1060.174266
-140.244000	0.019680	1062.476626
-140.192000	0.019718	1064.790233
-140.140000	0.019757	1067.109493
-140.088000	0.019796	1069.441508
-140.036000	0.019834	1071.778185
-139.984000	0.019873	1074.129216
-139.932000	0.019912	1076.483843
-139.880000	0.019951	1078.853561
-139.828000	0.019991	1081.225613
-139.776000	0.020030	1083.613920
-139.724000	0.020069	1086.004216
-139.672000	0.020109	1088.411399
-139.620000	0.020149	1090.821378
-139.568000	0.020188	1093.245903
-139.516000	0.020228	1095.674776
-139.464000	0.020268	1098.117691
-139.412000	0.020308	1100.566229
-139.360000	0.020348	1103.027018
-139.308000	0.020389	1105.494811
-139.256000	0.020429	1107.973488
-139.204000	0.020470	1110.460966
-139.152000	0.020510	1112.958619
-139.100000	0.020551	1115.465884
-139.048000	0.020592	1117.981500
-138.996000	0.020633	1120.508548
-138.944000	0.020674	1123.043175
-138.892000	0.020715	1125.590169
-138.840000	0.020756	1128.143282
-138.788000	0.020797	1130.710397
-138.736000	0.020839	1133.282522
-138.684000	0.020880	1135.871650
-138.632000	0.020922	1138.464880
-138.580000	0.020964	1141.068583
-138.528000	0.021006	1143.674025
-138.476000	0.021048	1146.305479
-138.424000	0.021090	1148.939112
-138.372000	0.021132	1151.588070
-138.320000	0.021175	1154.239836
-138.268000	0.021217	1156.905629
-138.216000	0.021260	1159.576607
-138.164000	0.021302	1162.264465
-138.112000	0.021345	1164.957731
-138.060000	0.021388	1167.662422
-138.008000	0.021431	1170.375707
-137.956000	0.021474	1173.102482
-137.904000	0.021518	1175.837228
-137.852000	0.021561	1178.580899
-137.800000	0.021605	1181.336409
-137.748000	0.021648	1184.102234
-137.696000	0.021692	1186.878327
-137.644000	0.021736	1189.661074
-137.592000	0.021780	1192.462215
-137.540000	0.021824	1195.272345
-137.488000	0.021868	1198.091085
-137.436000	0.021912	1200.912910
-137.384000	0.021957	1203.756988
-137.332000	0.022001	1206.606192
-137.280000	0.022046	1209.470157
-137.228000	0.022091	1212.336284
-137.176000	0.022136	1215.223409
-137.124000	0.022181	1218.112559
-137.072000	0.022226	1221.016968
-137.020000	0.022271	1223.925642
-136.968000	0.022317	1226.857340
-136.916000	0.022362	1229.793213
-136.864000	0.022408	1232.741743
-136.812000	0.022454	1235.697249
-136.760000	0.022500	1238.667839
-136.708000	0.022546	1241.647106
-136.656000	0.022592	1244.639773
-136.604000	0.022638	1247.640474
-136.552000	0.022685	1250.650034
-136.500000	0.022731	1253.674225
-136.448000	0.022778	1256.711161
-136.396000	0.022825	1259.758419
-136.344000	0.022872	1262.812268
-136.292000	0.022919	1265.884608
-136.240000	0.022966	1268.965829
-136.188000	0.023013	1272.059620
-136.136000	0.023061	1275.157754
-136.084000	0.023108	1278.273910
-136.032000	0.023156	1281.394181
-135.980000	0.023204	1284.538736
-135.928000	0.023252	1287.686374
-135.876000	0.023300	1290.849950
-135.824000	0.023348	1294.015748
-135.772000	0.023397	1297.201644
-135.720000	0.023445	1300.391907
-135.668000	0.023494	1303.605080
-135.616000	0.023543	1306.822484
-135.564000	0.023592	1310.052471
-135.512000	0.023641	1313.291036
-135.460000	0.023690	1316.548299
-135.408000	0.023739	1319.812383
-135.356000	0.023789	1323.086472
-135.304000	0.023838	1326.373314
-135.252000	0.023888	1329.674742
-135.200000	0.023938	1332.988153
-135.148000	0.023988	1336.311704
-135.096000	0.024038	1339.651905
-135.044000	0.024088	1343.002807
-134.992000	0.024139	1346.365202
-134.940000	0.024189	1349.732996
-134.888000	0.024240	1353.121303
-134.836000	0.024291	1356.516446
-134.784000	0.024342	1359.929680
-134.732000	0.024393	1363.346936
-134.680000	0.024444	1366.788568
-134.628000	0.024496	1370.233165
-134.576000	0.024547	1373.693753
-134.524000	0.024599	1377.157241
-134.472000	0.024651	1380.650517
-134.420000	0.024703	1384.146778
-134.368000	0.024755	1387.656845
-134.316000	0.024807	1391.173477
-134.264000	0.024860	1394.710794
-134.212000	0.024912	1398.255233
-134.160000	0.024965	1401.814571
-134.108000	0.025018	1405.384674
-134.056000	0.025071	1408.971270
-134.004000	0.025124	1412.570703
-133.952000	0.025178	1416.184610
-133.900000	0.025231	1419.810555
-133.848000	0.025285	1423.446555
-133.796000	0.025339	1427.096123
-133.744000	0.025392	1430.754215
-133.692000	0.025447	1434.430970
-133.640000	0.025501	1438.116378
-133.588000	0.025555	1441.822385
-133.536000	0.025610	1445.535110
-133.484000	0.025665	1449.265990
-133.432000	0.025719	1453.000796
-133.380000	0.025774	1456.760068
-133.328000	0.025830	1460.522183
-133.276000	0.025885	1464.305516
-133.224000	0.025940	1468.091846
-133.172000	0.025996	1471.907817
-133.120000	0.026052	1475.727580
-133.068000	0.026108	1479.565538
-133.016000	0.026164	1483.408985
-132.964000	0.026220	1487.268931
-132.912000	0.026277	1491.139198
-132.860000	0.026334	1495.031589
-132.808000	0.026390	1498.932852
-132.756000	0.026447	1502.847239
-132.704000	0.026505	1506.776917
-132.652000	0.026562	1510.723811
-132.600000	0.026619	1514.682795
-132.548000	0.026677	1518.651743
-132.496000	0.026735	1522.637497
-132.444000	0.026793	1526.633726
-132.392000	0.026851	1530.648698
-132.340000	0.026909	1534.672208
-132.288000	0.026967	1538.716395
-132.236000	0.027026	1542.767179
-132.184000	0.027085	1546.836182
-132.132000	0.027144	1550.909009
-132.080000	0.027203	1555.011185
-132.028000	0.027262	1559.116506
-131.976000	0.027322	1563.248317
-131.924000	0.027381	1567.382797
-131.872000	0.027441	1571.541920
-131.820000	0.027501	1575.705682
-131.768000	0.027561	1579.891981
-131.716000	0.027622	1584.085016
-131.664000	0.027682	1588.298494
-131.612000	0.027743	1592.522394
-131.560000	0.027804	1596.768277
-131.508000	0.027865	1601.023087
-131.456000	0.027926	1605.290927
-131.404000	0.027988	1609.574153
-131.352000	0.028049	1613.874460
-131.300000	0.028111	1618.189706
-131.248000	0.028173	1622.517255
-131.196000	0.028235	1626.861680
-131.144000	0.028297	1631.216465
-131.092000	0.028360	1635.593676
-131.040000	0.028423	1639.980924
-130.988000	0.028485	1644.388929
-130.936000	0.028548	1648.803410
-130.884000	0.028612	1653.240584
-130.832000	0.028675	1657.682291
-130.780000	0.028739	1662.148631
-130.728000	0.028803	1666.617560
-130.676000	0.028867	1671.118288
-130.624000	0.028931	1675.622065
-130.572000	0.028995	1680.155187
-130.520000	0.029060	1684.692227
-130.468000	0.029125	1689.247255
-130.416000	0.029190	1693.811515
-130.364000	0.029255	1698.404136
-130.312000	0.029320	1703.005664
-130.260000	0.029386	1707.625418
-130.208000	0.029451	1712.256165
-130.156000	0.029517	1716.903060
-130.104000	0.029583	1721.565433
-130.052000	0.029650	1726.244750
-130.000000	0.029716	1730.941897
-129.948000	0.029783	1735.653641
-129.896000	0.029850	1740.382330
-129.844000	0.029917	1745.121264
-129.792000	0.029984	1749.882716
-129.740000	0.030052	1754.654065
-129.688000	0.030120	1759.446245
-129.636000	0.030187	1764.244778
-129.584000	0.030256	1769.074961
-129.532000	0.030324	1773.911128
-129.480000	0.030392	1778.772013
-129.428000	0.030461	1783.635465
-129.376000	0.030530	1788.530608
-129.324000	0.030599	1793.428461
-129.272000	0.030669	1798.350697
-129.220000	0.030738	1803.279387
-129.168000	0.030808	1808.239173
-129.116000	0.030878	1813.205851
-129.064000	0.030948	1818.192725
-129.012000	0.031019	1823.191847
-128.960000	0.031089	1828.216269
-128.908000	0.031160	1833.251751
-128.856000	0.031231	1838.303268
-128.804000	0.031303	1843.370350
-128.752000	0.031374	1848.454245
-128.700000	0.031446	1853.556052
-128.648000	0.031518	1858.672318
-128.596000	0.031590	1863.812097
-128.544000	0.031662	1868.965965
-128.492000	0.031735	1874.138790
-128.440000	0.031808	1879.319794
-128.388000	0.031881	1884.525759
-128.336000	0.031954	1889.739125
-128.284000	0.032028	1894.984264
-128.232000	0.032101	1900.235219
-128.180000	0.032175	1905.510968
-128.128000	0.032249	1910.789322
-128.076000	0.032324	1916.104402
-128.024000	0.032398	1921.422718
-127.972000	0.032473	1926.770075
-127.920000	0.032548	1932.123160
-127.868000	0.032624	1937.502793
-127.816000	0.032699	1942.890644
-127.764000	0.032775	1948.302544
-127.712000	0.032851	1953.726808
-127.660000	0.032927	1959.176212
-127.608000	0.033004	1964.638803
-127.556000	0.033081	1970.120485
-127.504000	0.033158	1975.620275
-127.452000	0.033235	1981.139511
-127.400000	0.033312	1986.673878
-127.348000	0.033390	1992.220210
-127.296000	0.033468	1997.790163
-127.244000	0.033546	2003.374043
-127.192000	0.033625	2008.984302
-127.140000	0.033703	2014.605727
-127.088000	0.033782	2020.252206
-127.036000	0.033861	2025.905938
-126.984000	0.033941	2031.591565
-126.932000	0.034020	2037.282837
-126.880000	0.034100	2043.003872
-126.828000	0.034180	2048.727814
-126.776000	0.034261	2054.483137
-126.724000	0.034341	2060.242732
-126.672000	0.034422	2066.040744
-126.620000	0.034503	2071.843715
-126.568000	0.034585	2077.668721
-126.516000	0.034667	2083.504589
-126.464000	0.034749	2089.372279
-126.412000	0.034831	2095.250771
-126.360000	0.034913	2101.150685
-126.308000	0.034996	2107.065957
-126.256000	0.035079	2113.003334
-126.204000	0.035162	2118.956437
-126.152000	0.035245	2124.926086
-126.100000	0.035329	2130.916709
-126.048000	0.035413	2136.923864
-125.996000	0.035498	2142.954748
-125.944000	0.035582	2148.999397
-125.892000	0.035667	2155.070540
-125.840000	0.035752	2161.152685
-125.788000	0.035837	2167.264081
-125.736000	0.035923	2173.383713
-125.684000	0.036009	2179.535360
-125.632000	0.036095	2185.692480
-125.580000	0.036182	2191.879464
-125.528000	0.036268	2198.069415
-125.476000	0.036355	2204.295738
-125.424000	0.036443	2210.526480
-125.372000	0.036530	2216.795448
-125.320000	0.036618	2223.070344
-125.268000	0.036706	2229.371487
-125.216000	0.036795	2235.682338
-125.164000	0.036883	2242.020887
-125.112000	0.036972	2248.373727
-125.060000	0.037062	2254.754910
-125.008000	0.037151	2261.149458
-124.956000	0.037241	2267.562831
-124.904000	0.037331	2273.997026
-124.852000	0.037422	2280.453083
-124.800000	0.037512	2286.927307
-124.748000	0.037603	2293.415583
-124.696000	0.037695	2299.931018
-124.644000	0.037786	2306.461973
-124.592000	0.037878	2313.019533
-124.540000	0.037970	2319.587929
-124.488000	0.038063	2326.185695
-124.436000	0.038156	2332.791529
-124.384000	0.038249	2339.434026
-124.332000	0.038342	2346.082524
-124.280000	0.038436	2352.760992
-124.228000	0.038530	2359.442529
-124.176000	0.038624	2366.165390
-124.124000	0.038719	2372.892308
-124.072000	0.038814	2379.652532
-124.020000	0.038909	2386.420611
-123.968000	0.039005	2393.223430
-123.916000	0.039100	2400.036073
-123.864000	0.039197	2406.876248
-123.812000	0.039293	2413.729130
-123.760000	0.039390	2420.606666
-123.708000	0.039487	2427.501904
-123.656000	0.039584	2434.422038
-123.604000	0.039682	2441.360594
-123.552000	0.039780	2448.318136
-123.500000	0.039879	2455.296865
-123.448000	0.039977	2462.291806
-123.396000	0.040077	2469.314038
-123.344000	0.040176	2476.351606
-123.292000	0.040276	2483.419637
-123.240000	0.040376	2490.499829
-123.188000	0.040476	2497.609509
-123.136000	0.040577	2504.727087
-123.084000	0.040678	2511.881472
-123.032000	0.040779	2519.041666
-122.980000	0.040881	2526.236887
-122.928000	0.040983	2533.435477
-122.876000	0.041085	2540.675191
-122.824000	0.041188	2547.919089
-122.772000	0.041291	2555.196124
-122.720000	0.041395	2562.481157
-122.668000	0.041499	2569.800736
-122.616000	0.041603	2577.131597
-122.564000	0.041707	2584.493719
-122.512000	0.041812	2591.870406
-122.460000	0.041917	2599.275071
-122.408000	0.042023	2606.695427
-122.356000	0.042128	2614.137422
-122.304000	0.042235	2621.600495
-122.252000	0.042341	2629.085074
-122.200000	0.042448	2636.590951
-122.148000	0.042555	2644.112884
-122.096000	0.042663	2651.665601
-122.044000	0.042771	2659.235340
-121.992000	0.042880	2666.831918
-121.940000	0.042988	2674.439003
-121.888000	0.043098	2682.079865
-121.836000	0.043207	2689.729521
-121.784000	0.043317	2697.416129
-121.732000	0.043427	2705.108350
-121.680000	0.043538	2712.840703
-121.628000	0.043649	2720.576680
-121.576000	0.043760	2728.353581
-121.524000	0.043872	2736.134791
-121.472000	0.043984	2743.948970
-121.420000	0.044097	2751.772251
-121.368000	0.044209	2759.634160
-121.316000	0.044323	2767.506133
-121.264000	0.044436	2775.405310
-121.212000	0.044550	2783.320956
-121.160000	0.044665	2791.267867
-121.108000	0.044780	2799.230582
-121.056000	0.044895	2807.214776
-121.004000	0.045011	2815.220178
-120.952000	0.045127	2823.246909
-120.900000	0.045243	2831.301003
-120.848000	0.045360	2839.375501
-120.796000	0.045477	2847.474183
-120.744000	0.045595	2855.585985
-120.692000	0.045713	2863.732311
-120.640000	0.045831	2871.891869
-120.588000	0.045950	2880.081160
-120.536000	0.046069	2888.278014
-120.484000	0.046189	2896.516559
-120.432000	0.046309	2904.761161
-120.380000	0.046430	2913.046045
-120.328000	0.046550	2921.334530
-120.276000	0.046672	2929.663748
-120.224000	0.046794	2937.997979
-120.172000	0.046916	2946.369659
-120.120000	0.047038	2954.749629
-120.068000	0.047161	2963.163767
-120.016000	0.047285	2971.589474
-119.964000	0.047409	2980.046070
-119.912000	0.047533	2988.517511
-119.860000	0.047658	2997.016568
-119.808000	0.047783	3005.535925
-119.756000	0.047909	3014.082683
-119.704000	0.048035	3022.650782
-119.652000	0.048161	3031.240036
-119.600000	0.048288	3039.850813
-119.548000	0.048416	3048.477327
-119.496000	0.048544	3057.138347
-119.444000	0.048672	3065.817807
-119.392000	0.048801	3074.524345
-119.340000	0.048930	3083.241061
-119.288000	0.049060	3091.996053
-119.236000	0.049190	3100.760480
-119.184000	0.049320	3109.557541
-119.132000	0.049451	3118.359214
-119.080000	0.049583	3127.206337
-119.028000	0.049715	3136.057445
-118.976000	0.049847	3144.954126
-118.924000	0.049980	3153.855372
-118.872000	0.050114	3162.789249
-118.820000	0.050248	3171.732564
-118.768000	0.050382	3180.714089
-118.716000	0.050517	3189.707327
-118.664000	0.050652	3198.731267
-118.612000	0.050788	3207.772002
-118.560000	0.050924	3216.843590
-118.508000	0.051061	3225.931215
-118.456000	0.051198	3235.040009
-118.404000	0.051336	3244.172895
-118.352000	0.051474	3253.329373
-118.300000	0.051613	3262.513528
-118.248000	0.051752	3271.717683
-118.196000	0.051892	3280.946256
-118.144000	0.052032	3290.187625
-118.092000	0.052173	3299.463849
-118.040000	0.052314	3308.752889
-117.988000	0.052456	3318.076143
-117.936000	0.052598	3327.407623
-117.884000	0.052741	3336.781138
-117.832000	0.052884	3346.160285
-117.780000	0.053028	3355.574973
-117.728000	0.053172	3364.993244
-117.676000	0.053317	3374.456879
-117.624000	0.053463	3383.926446
-117.572000	0.053609	3393.437693
-117.520000	0.053755	3402.956505
-117.468000	0.053902	3412.504906
-117.416000	0.054050	3422.066591
-117.364000	0.054198	3431.662600
-117.312000	0.054346	3441.273737
-117.260000	0.054495	3450.912126
-117.208000	0.054645	3460.571138
-117.156000	0.054795	3470.257155
-117.104000	0.054946	3479.964783
-117.052000	0.055097	3489.693211
-117.000000	0.055249	3499.446436
-116.948000	0.055402	3509.217272
-116.896000	0.055555	3519.016092
-116.844000	0.055708	3528.829332
-116.792000	0.055863	3538.677596
-116.740000	0.056017	3548.538469
-116.688000	0.056173	3558.429449
-116.636000	0.056328	3568.327492
-116.584000	0.056485	3578.267740
-116.532000	0.056642	3588.213406
-116.480000	0.056800	3598.204872
-116.428000	0.056958	3608.199811
-116.376000	0.057117	3618.229912
-116.324000	0.057276	3628.266120
-116.272000	0.057436	3638.343795
-116.220000	0.057596	3648.430206
-116.168000	0.057758	3658.550229
-116.116000	0.057919	3668.682257
-116.064000	0.058082	3678.844624
-116.012000	0.058245	3689.024116
-115.960000	0.058408	3699.234055
-115.908000	0.058572	3709.460269
-115.856000	0.058737	3719.707342
-115.804000	0.058903	3729.978823
-115.752000	0.059068	3740.273496
-115.700000	0.059235	3750.593109
-115.648000	0.059402	3760.930154
-115.596000	0.059570	3771.295329
-115.544000	0.059739	3781.674741
-115.492000	0.059908	3792.085473
-115.440000	0.060078	3802.507249
-115.388000	0.060248	3812.963537
-115.336000	0.060419	3823.427676
-115.284000	0.060591	3833.929515
-115.232000	0.060764	3844.436010
-115.180000	0.060937	3854.983400
-115.128000	0.061110	3865.534314
-115.076000	0.061285	3876.125190
-115.024000	0.061460	3886.721687
-114.972000	0.061636	3897.354874
-114.920000	0.061812	3907.998014
-114.868000	0.061989	3918.678744
-114.816000	0.062167	3929.370158
-114.764000	0.062345	3940.087967
-114.712000	0.062524	3950.821195
-114.660000	0.062704	3961.581315
-114.608000	0.062884	3972.360109
-114.556000	0.063066	3983.162557
-114.504000	0.063247	3993.986895
-114.452000	0.063430	4004.831680
-114.400000	0.063613	4015.698464
-114.348000	0.063797	4026.580356
-114.296000	0.063982	4037.494012
-114.244000	0.064167	4048.423463
-114.192000	0.064353	4059.380489
-114.140000	0.064540	4070.347038
-114.088000	0.064728	4081.348250
-114.036000	0.064916	4092.357125
-113.984000	0.065105	4103.403857
-113.932000	0.065294	4114.455055
-113.880000	0.065485	4125.542201
-113.828000	0.065676	4136.632728
-113.776000	0.065868	4147.763027
-113.724000	0.066061	4158.899101
-113.672000	0.066254	4170.071680
-113.620000	0.066448	4181.252212
-113.568000	0.066643	4192.461841
-113.516000	0.066839	4203.683774
-113.464000	0.067036	4214.935680
-113.412000	0.067233	4226.201257
-113.360000	0.067431	4237.490213
-113.308000	0.067630	4248.797988
-113.256000	0.067829	4260.129241
-113.204000	0.068030	4271.479824
-113.152000	0.068231	4282.848150
-113.100000	0.068433	4294.241705
-113.048000	0.068635	4305.652332
-112.996000	0.068839	4317.087872
-112.944000	0.069043	4328.535567
-112.892000	0.069249	4340.010968
-112.840000	0.069454	4351.495729
-112.788000	0.069662	4363.010985
-112.736000	0.069869	4374.532808
-112.684000	0.070078	4386.092644
-112.632000	0.070287	4397.656759
-112.580000	0.070497	4409.256954
-112.528000	0.070708	4420.860233
-112.476000	0.070920	4432.498170
-112.424000	0.071132	4444.141332
-112.372000	0.071346	4455.816290
-112.320000	0.071560	4467.499332
-112.268000	0.071775	4479.211310
-112.216000	0.071991	4490.932716
-112.164000	0.072208	4502.676480
-112.112000	0.072426	4514.435959
-112.060000	0.072644	4526.221975
-112.008000	0.072864	4538.024636
-111.956000	0.073084	4549.847686
-111.904000	0.073306	4561.687466
-111.852000	0.073528	4573.542329
-111.800000	0.073751	4585.419440
-111.748000	0.073975	4597.311343
-111.696000	0.074200	4609.228286
-111.644000	0.074426	4621.157224
-111.592000	0.074653	4633.113998
-111.540000	0.074880	4645.079974
-111.488000	0.075109	4657.072237
-111.436000	0.075338	4669.070012
-111.384000	0.075569	4681.096468
-111.332000	0.075800	4693.126044
-111.280000	0.076032	4705.191837
-111.228000	0.076266	4717.260376
-111.176000	0.076500	4729.358501
-111.124000	0.076735	4741.461987
-111.072000	0.076971	4753.597105
-111.020000	0.077208	4765.739310
-110.968000	0.077446	4777.906190
-110.916000	0.077686	4790.082608
-110.864000	0.077926	4802.281247
-110.812000	0.078167	4814.491873
-110.760000	0.078409	4826.722274
-110.708000	0.078652	4838.967105
-110.656000	0.078896	4851.229286
-110.604000	0.079141	4863.508300
-110.552000	0.079387	4875.802265
-110.500000	0.079634	4888.115452
-110.448000	0.079882	4900.441195
-110.396000	0.080131	4912.784998
-110.344000	0.080381	4925.137287
-110.292000	0.080633	4937.517544
-110.240000	0.080885	4949.906839
-110.188000	0.081138	4962.318173
-110.136000	0.081392	4974.734013
-110.084000	0.081648	4987.178646
-110.032000	0.081904	4999.626258
-109.980000	0.082162	5012.099884
-109.928000	0.082421	5024.575757
-109.876000	0.082681	5037.076188
-109.824000	0.082941	5049.581367
-109.772000	0.083203	5062.113533
-109.720000	0.083466	5074.651744
-109.668000	0.083730	5087.210414
-109.616000	0.083996	5099.778732
-109.564000	0.084262	5112.369139
-109.512000	0.084530	5124.967721
-109.460000	0.084798	5137.579403
-109.408000	0.085068	5150.205620
-109.356000	0.085339	5162.849053
-109.304000	0.085611	5175.503888
-109.252000	0.085884	5188.168618
-109.200000	0.086159	5200.849506
-109.148000	0.086434	5213.540757
-109.096000	0.086711	5226.250158
-109.044000	0.086988	5238.967931
-108.992000	0.087268	5251.705842
-108.940000	0.087548	5264.450132
-108.888000	0.087830	5277.212169
-108.836000	0.088112	5289.977747
-108.784000	0.088396	5302.762656
-108.732000	0.088681	5315.549517
-108.680000	0.088968	5328.362491
-108.628000	0.089255	5341.177699
-108.576000	0.089544	5354.017342
-108.524000	0.089834	5366.859537
-108.472000	0.090125	5379.715204
-108.420000	0.090418	5392.575834
-108.368000	0.090712	5405.452752
-108.316000	0.091007	5418.337850
-108.264000	0.091303	5431.241246
-108.212000	0.091601	5444.150900
-108.160000	0.091900	5457.070319
-108.108000	0.092200	5469.999610
-108.056000	0.092501	5482.940297
-108.004000	0.092805	5495.892447
-107.952000	0.093108	5508.854403
-107.900000	0.093414	5521.826216
-107.848000	0.093721	5534.804211
-107.796000	0.094029	5547.796844
-107.744000	0.094338	5560.796103
-107.692000	0.094650	5573.807589
-107.640000	0.094962	5586.822883
-107.588000	0.095276	5599.855991
-107.536000	0.095590	5612.892542
-107.484000	0.095907	5625.938880
-107.432000	0.096225	5638.986233
-107.380000	0.096544	5652.054582
-107.328000	0.096865	5665.123971
-107.276000	0.097187	5678.203150
-107.224000	0.097510	5691.284932
-107.172000	0.097835	5704.380112
-107.120000	0.098162	5717.479130
-107.068000	0.098489	5730.590308
-107.016000	0.098819	5743.706557
-106.964000	0.099149	5756.833735
-106.912000	0.099482	5769.965211
-106.860000	0.099815	5783.103154
-106.808000	0.100151	5796.246219
-106.756000	0.100487	5809.394951
-106.704000	0.100826	5822.552400
-106.652000	0.101165	5835.717146
-106.600000	0.101507	5848.888579
-106.548000	0.101849	5862.064109
-106.496000	0.102194	5875.243488
-106.444000	0.102539	5888.424572
-106.392000	0.102887	5901.617928
-106.340000	0.103235	5914.815019
-106.288000	0.103586	5928.016715
-106.236000	0.103938	5941.219357
-106.184000	0.104292	5954.431813
-106.132000	0.104648	5967.645242
-106.080000	0.105005	5980.869244
-106.028000	0.105363	5994.093845
-105.976000	0.105723	6007.323366
-105.924000	0.106085	6020.553913
-105.872000	0.106448	6033.788953
-105.820000	0.106814	6047.025444
-105.768000	0.107181	6060.266000
-105.716000	0.107549	6073.510055
-105.664000	0.107919	6086.761358
-105.612000	0.108291	6100.012934
-105.560000	0.108664	6113.264528
-105.508000	0.109040	6126.518835
-105.456000	0.109417	6139.775961
-105.404000	0.109796	6153.036183
-105.352000	0.110176	6166.298845
-105.300000	0.110559	6179.561741
-105.248000	0.110942	6192.824702
-105.196000	0.111328	6206.087876
-105.144000	0.111715	6219.351139
-105.092000	0.112106	6232.618634
-105.040000	0.112497	6245.887423
-104.988000	0.112890	6259.156375
-104.936000	0.113285	6272.425460
-104.884000	0.113682	6285.689834
-104.832000	0.114080	6298.954015
-104.780000	0.114481	6312.223512
-104.728000	0.114883	6325.492754
-104.676000	0.115288	6338.757293
-104.624000	0.115693	6352.022030
-104.572000	0.116101	6365.286836
-104.520000	0.116511	6378.551860
-104.468000	0.116923	6391.816932
-104.416000	0.117336	6405.078956
-104.364000	0.117752	6418.333838
-104.312000	0.118170	6431.588974
-104.260000	0.118590	6444.844124
-104.208000	0.119012	6458.097088
-104.156000	0.119435	6471.347294
-104.104000	0.119861	6484.594884
-104.052000	0.120288	6497.840140
-104.000000	0.120718	6511.079097
-103.948000	0.121149	6524.314177
-103.896000	0.121584	6537.545789
-103.844000	0.122019	6550.775916
-103.792000	0.122458	6564.002152
-103.740000	0.122897	6577.227331
-103.688000	0.123340	6590.443715
-103.636000	0.123784	6603.658709
-103.584000	0.124230	6616.864077
-103.532000	0.124678	6630.068784
-103.480000	0.125130	6643.263240
-103.428000	0.125582	6656.456955
-103.376000	0.126037	6669.641200
-103.324000	0.126494	6682.823917
-103.272000	0.126954	6695.997953
-103.220000	0.127415	6709.168410
-103.168000	0.127879	6722.327007
-103.116000	0.128345	6735.482497
-103.064000	0.128814	6748.630884
-103.012000	0.129285	6761.773301
-102.960000	0.129758	6774.906248
-102.908000	0.130233	6788.034495
-102.856000	0.130710	6801.157248
-102.804000	0.131191	6814.268715
-102.752000	0.131672	6827.370811
-102.700000	0.132158	6840.463267
-102.648000	0.132644	6853.549938
-102.596000	0.133135	6866.629419
-102.544000	0.133626	6879.705889
-102.492000	0.134121	6892.762071
-102.440000	0.134616	6905.812650
-102.388000	0.135116	6918.854380
-102.336000	0.135617	6931.894757
-102.284000	0.136122	6944.910766
-102.232000	0.136628	6957.925036
-102.180000	0.137138	6970.923927
-102.128000	0.137649	6983.921072
-102.076000	0.138163	6996.899278
-102.024000	0.138680	7009.874142
-101.972000	0.139199	7022.831663
-101.920000	0.139721	7035.782960
-101.868000	0.140245	7048.714563
-101.816000	0.140772	7061.639626
-101.764000	0.141302	7074.550543
-101.712000	0.141835	7087.453317
-101.660000	0.142370	7100.343548
-101.608000	0.142908	7113.219035
-101.556000	0.143448	7126.078133
-101.504000	0.143992	7138.928741
-101.452000	0.144537	7151.772395
-101.400000	0.145086	7164.596419
-101.348000	0.145636	7177.408940
-101.296000	0.146192	7190.203092
-101.244000	0.146748	7202.989704
-101.192000	0.147309	7215.751799
-101.140000	0.147870	7228.507275
-101.088000	0.148437	7241.244818
-101.036000	0.149005	7253.979614
-100.984000	0.149577	7266.685002
-100.932000	0.150150	7279.388095
-100.880000	0.150729	7292.060461
-100.828000	0.151309	7304.729990
-100.776000	0.151892	7317.371193
-100.724000	0.152478	7330.007154
-100.672000	0.153067	7342.617194
-100.620000	0.153659	7355.220889
-100.568000	0.154255	7367.804997
-100.516000	0.154853	7380.377338
-100.464000	0.155454	7392.925053
-100.412000	0.156059	7405.458186
-100.360000	0.156666	7417.969514
-100.308000	0.157277	7430.465952
-100.256000	0.157890	7442.946130
-100.204000	0.158508	7455.408975
-100.152000	0.159128	7467.858001
-100.100000	0.159752	7480.280601
-100.048000	0.160378	7492.688016
-99.996000	0.161009	7505.073213
-99.944000	0.161641	7517.449476
-99.892000	0.162280	7529.792811
-99.840000	0.162919	7542.127459
-99.788000	0.163563	7554.435004
-99.736000	0.164209	7566.738495
-99.684000	0.164860	7579.002559
-99.632000	0.165513	7591.263512
-99.580000	0.166171	7603.483630
-99.528000	0.166831	7615.700252
-99.476000	0.167496	7627.883965
-99.424000	0.168163	7640.060448
-99.372000	0.168835	7652.202610
-99.320000	0.169509	7664.335727
-99.268000	0.170187	7676.441554
-99.216000	0.170869	7688.531988
-99.164000	0.171555	7700.590949
-99.112000	0.172244	7712.633026
-99.060000	0.172937	7724.650353
-99.008000	0.173634	7736.647568
-98.956000	0.174333	7748.623273
-98.904000	0.175038	7760.572671
-98.852000	0.175745	7772.501518
-98.800000	0.176458	7784.403753
-98.748000	0.177172	7796.290975
-98.696000	0.177893	7808.144583
-98.644000	0.178614	7819.984944
-98.592000	0.179343	7831.788041
-98.540000	0.180073	7843.581546
-98.488000	0.180810	7855.338688
-98.436000	0.181547	7867.090559
-98.384000	0.182292	7878.792897
-98.332000	0.183038	7890.491448
-98.280000	0.183790	7902.144237
-98.228000	0.184545	7913.792290
-98.176000	0.185305	7925.398196
-98.124000	0.186069	7936.995746
-98.072000	0.186837	7948.554774
-98.020000	0.187609	7960.100475
-97.968000	0.188385	7971.607391
-97.916000	0.189166	7983.096953
-97.864000	0.189950	7994.551759
-97.812000	0.190740	8005.985182
-97.760000	0.191533	8017.387884
-97.708000	0.192332	8028.767724
-97.656000	0.193133	8040.123555
-97.604000	0.193941	8051.449906
-97.552000	0.194751	8062.753637
-97.500000	0.195568	8074.020464
-97.448000	0.196387	8085.266864
-97.396000	0.197214	8096.475671
-97.344000	0.198042	8107.669967
-97.292000	0.198878	8118.822617
-97.240000	0.199715	8129.964812
-97.188000	0.200561	8141.056721
-97.136000	0.201408	8152.141580
-97.084000	0.202262	8163.176679
-97.032000	0.203119	8174.207688
-96.980000	0.203983	8185.182983
-96.928000	0.204850	8196.152774
-96.876000	0.205723	8207.075947
-96.824000	0.206600	8217.987657
-96.772000	0.207483	8228.848245
-96.720000	0.208371	8239.695278
-96.668000	0.209264	8250.503742
-96.616000	0.210162	8261.291075
-96.564000	0.211064	8272.036958
-96.512000	0.211973	8282.761227
-96.460000	0.212885	8293.454989
-96.408000	0.213804	8304.117932
-96.356000	0.214727	8314.749123
-96.304000	0.215657	8325.344631
-96.252000	0.216590	8335.913249
-96.200000	0.217531	8346.444711
-96.148000	0.218475	8356.955982
-96.096000	0.219427	8367.425640
-96.044000	0.220381	8377.879567
-95.992000	0.221345	8388.283220
-95.940000	0.222310	8398.674568
-95.888000	0.223285	8409.010782
-95.836000	0.224262	8419.339555
-95.784000	0.225248	8429.608329
-95.732000	0.226237	8439.872539
-95.680000	0.227234	8450.081266
-95.628000	0.228235	8460.282511
-95.576000	0.229244	8470.423415
-95.524000	0.230257	8480.552587
-95.472000	0.231277	8490.630894
-95.420000	0.232302	8500.692635
-95.368000	0.233333	8510.708348
-95.316000	0.234371	8520.702658
-95.264000	0.235414	8530.655774
-95.212000	0.236465	8540.582648
-95.160000	0.237520	8550.473173
-95.108000	0.238584	8560.330002
-95.056000	0.239651	8570.152713
-95.004000	0.240728	8579.939469
-94.952000	0.241808	8589.699592
-94.900000	0.242898	8599.415487
-94.848000	0.243989	8609.107796
-94.796000	0.245093	8618.750608
-94.744000	0.246198	8628.375097
-94.692000	0.247315	8637.949045
-94.640000	0.248434	8647.510947
-94.588000	0.249564	8657.012817
-94.536000	0.250696	8666.506895
-94.484000	0.251840	8675.940708
-94.432000	0.252987	8685.369364
-94.380000	0.254144	8694.727693
-94.328000	0.255306	8704.078857
-94.276000	0.256476	8713.374576
-94.224000	0.257651	8722.656275
-94.172000	0.258836	8731.878929
-94.120000	0.260026	8741.084748
-94.068000	0.261225	8750.244794
-94.016000	0.262431	8759.379532
-93.964000	0.263644	8768.466515
-93.912000	0.264865	8777.524761
-93.860000	0.266092	8786.543909
-93.808000	0.267329	8795.531693
-93.756000	0.268571	8804.488246
-93.704000	0.269824	8813.399481
-93.652000	0.271080	8822.277746
-93.600000	0.272349	8831.114922
-93.548000	0.273620	8839.930587
-93.496000	0.274905	8848.692625
-93.444000	0.276192	8857.435230
-93.392000	0.277494	8866.122780
-93.340000	0.278798	8874.797553
-93.288000	0.280116	8883.407362
-93.236000	0.281436	8892.009073
-93.184000	0.282770	8900.545199
-93.132000	0.284108	8909.076165
-93.080000	0.285458	8917.542108
-93.028000	0.286813	8925.999363
-92.976000	0.288179	8934.392226
-92.924000	0.289552	8942.770758
-92.872000	0.290935	8951.090547
-92.820000	0.292326	8959.391794
-92.768000	0.293726	8967.643732
-92.716000	0.295136	8975.870048
-92.664000	0.296553	8984.048910
-92.612000	0.297981	8992.198743
-92.560000	0.299416	9000.309763
-92.508000	0.300863	9008.383850
-92.456000	0.302315	9016.421801
-92.404000	0.303782	9024.417152
-92.352000	0.305253	9032.382034
-92.300000	0.306739	9040.302102
-92.248000	0.308227	9048.199144
-92.196000	0.309734	9056.042247
-92.144000	0.311242	9063.866218
-92.092000	0.312768	9071.630582
-92.040000	0.314295	9079.381481
-91.988000	0.315841	9087.067103
-91.936000	0.317390	9094.744927
-91.884000	0.318955	9102.356878
-91.832000	0.320525	9109.963417
-91.780000	0.322110	9117.500227
-91.728000	0.323701	9125.028036
-91.676000	0.325305	9132.491759
-91.624000	0.326918	9139.941891
-91.572000	0.328543	9147.337753
-91.520000	0.330178	9154.713326
-91.468000	0.331824	9162.036105
-91.416000	0.333481	9169.331084
-91.364000	0.335149	9176.575541
-91.312000	0.336829	9183.792944
-91.260000	0.338518	9190.974782
-91.208000	0.340221	9198.116703
-91.156000	0.341931	9205.220230
-91.104000	0.343659	9212.283916
-91.052000	0.345390	9219.319593
-91.000000	0.347142	9226.306687
-90.948000	0.348897	9233.269282
-90.896000	0.350673	9240.177625
-90.844000	0.352451	9247.067140
-90.792000	0.354252	9253.896735
-90.740000	0.356055	9260.713168
-90.688000	0.357878	9267.468701
-90.636000	0.359707	9274.217279
-90.584000	0.361554	9280.894602
-90.532000	0.363409	9287.566617
-90.480000	0.365281	9294.174163
-90.428000	0.367162	9300.772399
-90.376000	0.369059	9307.306846
-90.324000	0.370966	9313.826338
-90.272000	0.372888	9320.287689
-90.220000	0.374823	9326.728439
-90.168000	0.376770	9333.116695
-90.116000	0.378733	9339.480584
-90.064000	0.380707	9345.800969
-90.012000	0.382698	9352.091743
-89.960000	0.384697	9358.344270
-89.908000	0.386717	9364.559235
-89.856000	0.388744	9370.738669
-89.804000	0.390793	9376.874875
-89.752000	0.392847	9382.981221
-89.700000	0.394925	9389.042170
-89.648000	0.397007	9395.080656
-89.596000	0.399116	9401.068479
-89.544000	0.401227	9407.039099
-89.492000	0.403366	9412.949489
-89.440000	0.405509	9418.847019
-89.388000	0.407677	9424.683361
-89.336000	0.409850	9430.513026
-89.284000	0.412048	9436.276239
-89.232000	0.414254	9442.033988
-89.180000	0.416482	9447.722608
-89.128000	0.418720	9453.402302
-89.076000	0.420979	9459.023044
-89.024000	0.423250	9464.629619
-88.972000	0.425540	9470.182485
-88.920000	0.427846	9475.715938
-88.868000	0.430168	9481.200927
-88.816000	0.432508	9486.661260
-88.764000	0.434862	9492.078373
-88.712000	0.437237	9497.463272
-88.660000	0.439624	9502.807284
-88.608000	0.442035	9508.118847
-88.556000	0.444456	9513.400219
-88.504000	0.446904	9518.641167
-88.452000	0.449358	9523.854671
-88.400000	0.451843	9529.022486
-88.348000	0.454332	9534.168117
-88.296000	0.456855	9539.262796
-88.244000	0.459381	9544.340555
-88.192000	0.461941	9549.366431
-88.140000	0.464505	9554.381550
-88.088000	0.467102	9559.335191
-88.036000	0.469705	9564.282434
-87.984000	0.472339	9569.162938
-87.932000	0.474983	9574.038573
-87.880000	0.477655	9578.855219
-87.828000	0.480340	9583.662650
-87.776000	0.483050	9588.411407
-87.724000	0.485777	9593.145707
-87.672000	0.488526	9597.826581
-87.620000	0.491295	9602.490798
-87.568000	0.494085	9607.114242
-87.516000	0.496897	9611.712742
-87.464000	0.499727	9616.268305
-87.412000	0.502584	9620.796005
-87.360000	0.505456	9625.288917
-87.308000	0.508357	9629.749110
-87.256000	0.511271	9634.179374
-87.204000	0.514219	9638.568922
-87.152000	0.517176	9642.931307
-87.100000	0.520171	9647.254800
-87.048000	0.523171	9651.559765
-86.996000	0.526214	9655.817436
-86.944000	0.529260	9660.059748
-86.892000	0.532349	9664.249909
-86.840000	0.535444	9668.429571
-86.788000	0.538580	9672.552224
-86.736000	0.541725	9676.669234
-86.684000	0.544908	9680.724375
-86.632000	0.548104	9684.775068
-86.580000	0.551334	9688.771923
-86.528000	0.554582	9692.760750
-86.476000	0.557862	9696.700170
-86.424000	0.561163	9700.625984
-86.372000	0.564492	9704.502742
-86.320000	0.567846	9708.361053
-86.268000	0.571226	9712.175145
-86.216000	0.574636	9715.969848
-86.164000	0.578068	9719.731738
-86.112000	0.581534	9723.465497
-86.060000	0.585018	9727.164731
-86.008000	0.588541	9730.833734
-85.956000	0.592078	9734.475539
-85.904000	0.595660	9738.082659
-85.852000	0.599253	9741.667034
-85.800000	0.602894	9745.212272
-85.748000	0.606542	9748.739220
-85.696000	0.610245	9752.222575
-85.644000	0.613952	9755.692093
-85.592000	0.617714	9759.113563
-85.540000	0.621483	9762.525650
-85.488000	0.625305	9765.890014
-85.436000	0.629138	9769.249900
-85.384000	0.633020	9772.552833
-85.332000	0.636918	9775.851740
-85.280000	0.640862	9779.101918
-85.228000	0.644826	9782.344582
-85.176000	0.648831	9785.542549
-85.124000	0.652863	9788.727808
-85.072000	0.656933	9791.868334
-85.020000	0.661034	9794.993280
-84.968000	0.665168	9798.081593
-84.916000	0.669341	9801.150292
-84.864000	0.673542	9804.186394
-84.812000	0.677786	9807.196470
-84.760000	0.682054	9810.175135
-84.708000	0.686372	9813.128882
-84.656000	0.690709	9816.060573
-84.604000	0.695103	9818.960515
-84.552000	0.699511	9821.839997
-84.500000	0.703982	9824.687268
-84.448000	0.708461	9827.519775
-84.396000	0.713010	9830.308442
-84.344000	0.717566	9833.083509
-84.292000	0.722193	9835.823469
-84.240000	0.726829	9838.556789
-84.188000	0.731532	9841.242160
-84.136000	0.736250	9843.923268
-84.084000	0.741032	9846.552383
-84.032000	0.745834	9849.177896
-83.980000	0.750695	9851.759744
-83.928000	0.755584	9854.334638
-83.876000	0.760525	9856.869499
-83.824000	0.765502	9859.394961
-83.772000	0.770526	9861.888061
-83.720000	0.775593	9864.365358
-83.668000	0.780702	9866.806239
-83.616000	0.785861	9869.229275
-83.564000	0.791055	9871.623168
-83.512000	0.796308	9873.997979
-83.460000	0.801591	9876.350117
-83.408000	0.806940	9878.677134
-83.356000	0.812313	9880.982290
-83.304000	0.817761	9883.258677
-83.252000	0.823225	9885.516846
-83.200000	0.828773	9887.746211
-83.148000	0.834332	9889.962625
-83.096000	0.839983	9892.146994
-83.044000	0.845641	9894.321654
-82.992000	0.851393	9896.461024
-82.940000	0.857157	9898.593925
-82.888000	0.863009	9900.683478
-82.836000	0.868880	9902.769393
-82.784000	0.874834	9904.813547
-82.732000	0.880817	9906.854925
-82.680000	0.886876	9908.862483
-82.628000	0.892971	9910.863687
-82.576000	0.899136	9912.829472
-82.524000	0.905347	9914.785681
-82.472000	0.911621	9916.709723
-82.420000	0.917951	9918.620955
-82.368000	0.924336	9920.503199
-82.316000	0.930787	9922.371431
-82.264000	0.937286	9924.217162
-82.212000	0.943861	9926.043630
-82.160000	0.950475	9927.847596
-82.108000	0.957178	9929.631880
-82.056000	0.963911	9931.399310
-82.004000	0.970744	9933.144235
-81.952000	0.977599	9934.875156
-81.900000	0.984565	9936.580707
-81.848000	0.991544	9938.275064
-81.796000	0.998644	9939.941245
-81.744000	1.005755	9941.599093
-81.692000	1.012994	9943.221453
-81.640000	1.020250	9944.837506
-81.588000	1.027620	9946.424555
-81.536000	1.035017	9948.009230
-81.484000	1.042522	9949.562641
-81.432000	1.050064	9951.112743
-81.380000	1.057704	9952.624376
-81.328000	1.065396	9954.131950
-81.276000	1.073182	9955.617494
-81.224000	1.081031	9957.093282
-81.172000	1.088962	9958.537050
-81.120000	1.096971	9959.972735
-81.068000	1.105053	9961.390444
-81.016000	1.113224	9962.793969
-80.964000	1.121457	9964.175104
-80.912000	1.129793	9965.541686
-80.860000	1.138182	9966.891537
-80.808000	1.146687	9968.224382
-80.756000	1.155232	9969.542894
-80.704000	1.163914	9970.841991
-80.652000	1.172625	9972.129218
-80.600000	1.181486	9973.394584
-80.548000	1.190364	9974.650499
-80.496000	1.199409	9975.886175
-80.444000	1.208467	9977.116006
-80.392000	1.217689	9978.319110
-80.340000	1.226933	9979.517628
-80.288000	1.236336	9980.686986
-80.236000	1.245778	9981.853999
-80.184000	1.255369	9982.995092
-80.132000	1.265011	9984.133587
-80.080000	1.274783	9985.243334
-80.028000	1.284627	9986.349753
-79.976000	1.294597	9987.438635
-79.924000	1.304653	9988.520083
-79.872000	1.314821	9989.577670
-79.820000	1.325091	9990.627051
-79.768000	1.335456	9991.658518
-79.716000	1.345948	9992.677716
-79.664000	1.356526	9993.677890
-79.612000	1.367244	9994.668288
-79.560000	1.378031	9995.647605
-79.508000	1.388980	9996.615521
-79.456000	1.399985	9997.573979
-79.404000	1.411175	9998.512860
-79.352000	1.422403	9999.439973
-79.300000	1.433838	10000.352452
-79.248000	1.445296	10001.258734
-79.196000	1.456982	10002.144665
-79.144000	1.468688	10003.024858
-79.092000	1.480624	10003.887153
-79.040000	1.492592	10004.746486
-78.988000	1.504773	10005.581411
-78.936000	1.517006	10006.414416
-78.884000	1.529436	10007.226752
-78.832000	1.541941	10008.037281
-78.780000	1.554631	10008.828774
-78.728000	1.567419	10009.615985
-78.676000	1.580380	10010.381354
-78.624000	1.593460	10011.142968
-78.572000	1.606691	10011.892699
-78.520000	1.620068	10012.634115
-78.468000	1.633580	10013.357750
-78.416000	1.647262	10014.075218
-78.364000	1.661060	10014.783244
-78.312000	1.675058	10015.481391
-78.260000	1.689152	10016.168526
-78.208000	1.703477	10016.844169
-78.156000	1.717878	10017.510441
-78.104000	1.732534	10018.166901
-78.052000	1.747242	10018.817567
-78.000000	1.762237	10019.449782
-77.948000	1.777262	10020.074327
-77.896000	1.792615	10020.690706
-77.844000	1.807993	10021.304846
-77.792000	1.823684	10021.901017
-77.740000	1.839423	10022.494320
-77.688000	1.855462	10023.067989
-77.636000	1.871578	10023.640236
-77.584000	1.887971	10024.202220
-77.532000	1.904470	10024.762310
-77.480000	1.921228	10025.303397
-77.428000	1.938123	10025.841868
-77.376000	1.955255	10026.367338
-77.324000	1.972560	10026.887689
-77.272000	1.990082	10027.392260
-77.220000	2.007808	10027.893501
-77.168000	2.025720	10028.387687
-77.116000	2.043878	10028.875624
-77.064000	2.062201	10029.354142
-77.012000	2.080809	10029.825205
-76.960000	2.099553	10030.288085
-76.908000	2.118619	10030.742302
-76.856000	2.137790	10031.189572
-76.804000	2.157328	10031.630247
-76.752000	2.176941	10032.067080
-76.700000	2.196970	10032.492815
-76.648000	2.217040	10032.914037
-76.596000	2.237572	10033.322907
-76.544000	2.258141	10033.728463
-76.492000	2.279157	10034.124989
-76.440000	2.300245	10034.520135
-76.388000	2.321761	10034.900529
-76.336000	2.343388	10035.279856
-76.284000	2.365414	10035.648912
-76.232000	2.387594	10036.016485
-76.180000	2.410139	10036.369889
-76.128000	2.432889	10036.722432
-76.076000	2.455981	10037.070648
-76.024000	2.479321	10037.414972
-75.972000	2.502964	10037.747542
-75.920000	2.526912	10038.075011
-75.868000	2.551132	10038.391935
-75.816000	2.575708	10038.706794
-75.764000	2.600516	10039.018532
-75.712000	2.625740	10039.325273
-75.660000	2.651156	10039.626599
-75.608000	2.677047	10039.919180
-75.556000	2.703088	10040.204864
-75.504000	2.729668	10040.487254
-75.452000	2.756354	10040.767754
-75.400000	2.783643	10041.040809
-75.348000	2.810989	10041.310896
-75.296000	2.839021	10041.572723
-75.244000	2.867107	10041.832396
-75.192000	2.895841	10042.082973
-75.140000	2.924683	10042.332204
-75.088000	2.954151	10042.571567
-75.036000	2.983786	10042.810286
-74.984000	3.014003	10043.043879
-74.932000	3.044453	10043.276452
-74.880000	3.075445	10043.499647
-74.828000	3.106735	10043.721023
-74.776000	3.138518	10043.933770
-74.724000	3.170676	10044.145230
-74.672000	3.203285	10044.352786
-74.620000	3.236349	10044.558659
-74.568000	3.269811	10044.761052
-74.516000	3.303802	10044.959202
-74.464000	3.338133	10045.151148
-74.412000	3.373085	10045.338049
-74.360000	3.408321	10045.519579
-74.308000	3.444272	10045.698189
-74.256000	3.480444	10045.874504
-74.204000	3.517425	10046.047514
-74.152000	3.554559	10046.218669
-74.100000	3.592601	10046.386093
-74.048000	3.630723	10046.552060
-73.996000	3.669876	10046.709703
-73.944000	3.709110	10046.865225
-73.892000	3.749323	10047.016214
-73.840000	3.789699	10047.166574
-73.788000	3.831005	10047.311949
-73.736000	3.872568	10047.456946
-73.684000	3.915007	10047.596862
-73.632000	3.957803	10047.736267
-73.580000	4.001418	10047.870987
-73.528000	4.045491	10048.004796
-73.476000	4.090307	10048.134321
-73.424000	4.135698	10048.261176
-73.372000	4.181767	10048.380276
-73.320000	4.228528	10048.499426
-73.268000	4.275887	10048.618562
-73.216000	4.324062	10048.735575
-73.164000	4.372753	10048.849490
-73.112000	4.422402	10048.958313
-73.060000	4.472481	10049.061808
-73.008000	4.523655	10049.165356
-72.956000	4.575159	10049.268917
-72.904000	4.627911	10049.369120
-72.852000	4.680892	10049.467462
-72.800000	4.735284	10049.565832
-72.748000	4.789794	10049.664212
-72.696000	4.845890	10049.754222
-72.644000	4.902112	10049.842152
-72.592000	4.959847	10049.930117
-72.540000	5.017843	10050.018113
-72.488000	5.077273	10050.101099
-72.436000	5.137109	10050.183705
-72.384000	5.198292	10050.261276
-72.332000	5.260037	10050.338886
-72.280000	5.323040	10050.416463
-72.228000	5.386771	10050.493104
-72.176000	5.451663	10050.565481
-72.124000	5.517457	10050.636519
-72.072000	5.584298	10050.703671
-72.020000	5.652230	10050.770875
-71.968000	5.721089	10050.838086
-71.916000	5.791246	10050.903149
-71.864000	5.862207	10050.965136
-71.812000	5.934674	10051.027169
-71.760000	6.007804	10051.089191
-71.708000	6.082675	10051.148256
-71.656000	6.158062	10051.205084
-71.604000	6.235427	10051.258543
-71.552000	6.313144	10051.310176
-71.500000	6.393106	10051.361834
-71.448000	6.473255	10051.413501
-71.396000	6.555902	10051.465168
-71.344000	6.638760	10051.516842
-71.292000	6.724018	10051.563915
-71.240000	6.809703	10051.610393
-71.188000	6.897660	10051.656876
-71.136000	6.986277	10051.703197
-71.084000	7.077037	10051.744478
-71.032000	7.168708	10051.785793
-70.980000	7.262381	10051.827100
-70.928000	7.357232	10051.867447
-70.876000	7.453927	10051.903525
-70.824000	7.552086	10051.941047
-70.772000	7.651917	10051.982383
-70.720000	7.753523	10052.021956
-70.668000	7.856614	10052.058091
-70.616000	7.961804	10052.092053
-70.564000	8.068271	10052.122961
-70.512000	8.177195	10052.153921
-70.460000	8.287178	10052.184888
-70.408000	8.399990	10052.215879
-70.356000	8.513619	10052.246850
-70.304000	8.630478	10052.277851
-70.252000	8.747893	10052.308853
-70.200000	8.868977	10052.336036
-70.148000	8.990366	10052.361813
-70.096000	9.115811	10052.387623
-70.044000	9.241618	10052.413458
-69.992000	9.371317	10052.439282
-69.940000	9.501734	10052.465120
-69.888000	9.635854	10052.490961
-69.836000	9.771068	10052.516617
-69.784000	9.909754	10052.537228
-69.732000	10.049963	10052.557869
-69.680000	10.193455	10052.578527
-69.628000	10.338914	10052.600242
-69.576000	10.487399	10052.626128
-69.524000	10.638286	10052.649206
-69.472000	10.791867	10052.664659
-69.420000	10.948416	10052.681975
-69.368000	11.107407	10052.702655
-69.316000	11.269880	10052.723377
-69.264000	11.434435	10052.744084
-69.212000	11.603086	10052.762195
-69.160000	11.773466	10052.777701
-69.108000	11.948514	10052.793240
-69.056000	12.124875	10052.808775
-69.004000	12.306677	10052.824322
-68.952000	12.489384	10052.839858
-68.900000	12.678119	10052.855413
-68.848000	12.867357	10052.870977
-68.796000	13.063378	10052.886554
-68.744000	13.260025	10052.902145
-68.692000	13.463067	10052.913088
-68.640000	13.667330	10052.923478
-68.588000	13.877705	10052.938905
-68.536000	14.089931	10052.954289
-68.484000	14.307899	10052.964673
-68.432000	14.528438	10052.975727
-68.380000	14.754416	10052.991334
-68.328000	14.983666	10053.005935
-68.276000	15.217861	10053.016334
-68.224000	15.456112	10053.026772
-68.172000	15.698836	10053.037194
-68.120000	15.946505	10053.047655
-68.068000	16.198175	10053.058100
-68.016000	16.455677	10053.068577
-67.964000	16.716604	10053.079019
-67.912000	16.984336	10053.089497
-67.860000	17.254886	10053.099965
-67.808000	17.533268	10053.110451
-67.756000	17.813803	10053.120917
-67.704000	18.103301	10053.131421
-67.652000	18.394237	10053.141940
-67.600000	18.695282	10053.148573
-67.548000	18.997165	10053.153832
-67.496000	19.310050	10053.163395
-67.444000	19.624013	10053.173936
-67.392000	19.948443	10053.184462
-67.340000	20.274932	10053.195000
-67.288000	20.611428	10053.200456
-67.236000	20.951006	10053.206044
-67.184000	21.299932	10053.216575
-67.132000	21.653069	10053.226474
-67.080000	22.014945	10053.231791
-67.028000	22.382200	10053.237143
-66.976000	22.757443	10053.242479
-66.924000	23.139296	10053.249316
-66.872000	23.528321	10053.259875
-66.820000	23.925311	10053.268599
-66.768000	24.328638	10053.273949
-66.716000	24.741365	10053.279336
-66.664000	25.159514	10053.284707
-66.612000	25.588467	10053.290102
-66.560000	26.021804	10053.295469
-66.508000	26.467567	10053.300864
-66.456000	26.916662	10053.306254
-66.404000	27.379807	10053.311651
-66.352000	27.845129	10053.317035
-66.300000	28.326146	10053.322436
-66.248000	28.808459	10053.327843
-66.196000	29.307534	10053.333260
-66.144000	29.808330	10053.338689
-66.092000	30.325036	10053.344101
-66.040000	30.844889	10053.349524
-65.988000	31.379590	10053.354946
-65.936000	31.918958	10053.360391
-65.884000	32.472174	10053.365803
-65.832000	33.031574	10053.371242
-65.780000	33.603565	10053.376668
-65.728000	34.183401	10053.381040
-65.676000	34.774688	10053.381254
-65.624000	35.375436	10053.382987
-65.572000	35.986277	10053.388420
-65.520000	36.608266	10053.393882
-65.468000	37.238975	10053.399305
-65.416000	37.882531	10053.402474
-65.364000	38.533368	10053.402715
-65.312000	39.198718	10053.405667
-65.260000	39.869838	10053.411103
-65.208000	40.557244	10053.416576
-65.156000	41.248908	10053.422060
-65.104000	41.958399	10053.424039
-65.052000	42.670554	10053.424285
-65.000000	43.402218	10053.424528
-64.948000	44.135471	10053.424767
-64.896000	44.888712	10053.429330
-64.844000	45.644018	10053.434818
-64.792000	46.417543	10053.435586
-64.740000	47.194661	10053.435864
-64.688000	47.988262	10053.441240
-64.636000	48.786886	10053.446438
-64.584000	49.600094	10053.446698
-64.532000	50.419701	10053.446986
-64.480000	51.252100	10053.447232
-64.428000	52.092125	10053.447507
-64.376000	52.943091	10053.447740
-64.324000	53.802711	10053.448009
-64.272000	54.671412	10053.448286
-64.220000	55.549666	10053.448582
-64.168000	56.435270	10053.448819
-64.116000	57.331031	10053.449096
-64.064000	58.232446	10053.449378
-64.012000	59.144416	10053.449667
-63.960000	60.060496	10053.449911
-63.908000	60.987146	10053.450191
-63.856000	61.916489	10053.450481
-63.804000	62.856062	10053.450758
-63.752000	63.797107	10053.451010
-63.700000	64.747751	10053.451290
-63.648000	65.699120	10053.451587
-63.596000	66.658420	10053.447533
-63.544000	67.618370	10053.442589
-63.492000	68.583807	10053.442369
-63.440000	69.549977	10053.442644
-63.388000	70.519419	10053.442915
-63.336000	71.489280	10053.442887
-63.284000	72.460334	10053.437914
-63.232000	73.431089	10053.433691
-63.180000	74.401259	10053.433957
-63.128000	75.369961	10053.433121
-63.076000	76.336594	10053.428143
-63.024000	77.300130	10053.423191
-62.972000	78.260470	10053.418198
-62.920000	79.215598	10053.415180
-62.868000	80.166785	10053.415458
-62.816000	81.110068	10053.413409
-62.764000	82.049033	10053.408418
-62.712000	82.976966	10053.403452
-62.660000	83.900692	10053.398476
-62.608000	84.809710	10053.393521
-62.556000	85.715077	10053.388561
-62.504000	86.601440	10053.383601
-62.452000	87.485171	10053.378628
-62.400000	88.345245	10053.373648
-62.348000	89.203301	10053.368663
-62.296000	90.034296	10053.363682
-62.244000	90.861854	10053.358712
-62.192000	91.661644	10053.353719
-62.140000	92.454993	10053.348736
-62.088000	93.220404	10053.343746
-62.036000	93.975936	10053.338434
-61.984000	94.704005	10053.328199
-61.932000	95.418261	10053.318734
-61.880000	96.105919	10053.313736
-61.828000	96.775444	10053.308763
-61.776000	97.419832	10053.303748
-61.724000	98.041401	10053.297207
-61.672000	98.639812	10053.286974
-61.620000	99.210422	10053.276757
-61.568000	99.760362	10053.266479
-61.516000	100.277199	10053.258602
-61.464000	100.776274	10053.253595
-61.412000	101.236500	10053.245824
-61.360000	101.682214	10053.235546
-61.308000	102.083534	10053.225299
-61.256000	102.474119	10053.215062
-61.204000	102.814674	10053.204808
-61.152000	103.148569	10053.194529
-61.100000	103.426558	10053.184258
-61.048000	103.699990	10053.173991
-60.996000	103.915826	10053.163709
-60.944000	104.124769	10053.153427
-60.892000	104.280274	10053.143144
-60.840000	104.423928	10053.132875
-60.788000	104.517544	10053.122575
-60.736000	104.594666	10053.112291
-60.684000	104.626911	10053.101995
-60.632000	104.637743	10053.091723
-60.580000	104.608098	10053.081379
-60.528000	104.552259	10053.069891
-60.476000	104.460724	10053.054354
-60.424000	104.338474	10053.040412
-60.372000	104.185568	10053.030059
-60.320000	103.997508	10053.017752
-60.268000	103.783753	10053.002179
-60.216000	103.530823	10052.989008
-60.164000	103.257258	10052.978648
-60.112000	102.941041	10052.965521
-60.060000	102.609226	10052.949943
-60.008000	102.230681	10052.934369
-59.956000	101.841136	10052.918774
-59.904000	101.402708	10052.906788
-59.852000	100.958034	10052.896434
-59.800000	100.462074	10052.882052
-59.748000	99.962080	10052.866424
-59.696000	99.412869	10052.850798
-59.644000	98.857862	10052.835180
-59.592000	98.259710	10052.819560
-59.540000	97.652511	10052.803954
-59.488000	97.008124	10052.788315
-59.436000	96.351856	10052.772691
-59.384000	95.663937	10052.757029
-59.332000	94.961759	10052.741387
-59.280000	94.233118	10052.725701
-59.228000	93.488405	10052.710039
-59.176000	92.722161	10052.694360
-59.124000	91.938438	10052.677104
-59.072000	91.137556	10052.656175
-59.020000	90.318426	10052.637267
-58.968000	89.486183	10052.621548
-58.916000	88.635395	10052.605854
-58.864000	87.775016	10052.590144
-58.812000	86.896253	10052.571633
-58.760000	86.010910	10052.550676
-58.708000	85.107921	10052.532935
-58.656000	84.200889	10052.517189
-58.604000	83.277410	10052.501453
-58.552000	82.351916	10052.485716
-58.500000	81.411619	10052.465945
-58.448000	80.470280	10052.444960
-58.396000	79.517273	10052.428382
-58.344000	78.563150	10052.412607
-58.292000	77.601042	10052.391977
-58.240000	76.637687	10052.370954
-58.188000	75.669337	10052.349922
-58.136000	74.700022	10052.329316
-58.084000	73.728188	10052.313492
-58.032000	72.756078	10052.296875
-57.980000	71.783464	10052.275823
-57.928000	70.811591	10052.254790
-57.876000	69.840693	10052.233689
-57.824000	68.871885	10052.212612
-57.772000	67.905096	10052.191516
-57.720000	66.942026	10052.172462
-57.668000	65.981582	10052.156574
-57.616000	65.026623	10052.138281
-57.564000	64.074448	10052.117172
-57.512000	63.129822	10052.096059
-57.460000	62.187841	10052.074902
-57.408000	61.255558	10052.053758
-57.356000	60.325435	10052.032609
-57.304000	59.407321	10052.011468
-57.252000	58.490617	10051.990326
-57.200000	57.588323	10051.969153
-57.148000	56.687229	10051.947963
-57.096000	55.801262	10051.926772
-57.044000	54.917450	10051.905589
-56.992000	54.048489	10051.884378
-56.940000	53.183178	10051.863175
-56.888000	52.332108	10051.841937
-56.836000	51.486290	10051.820712
-56.784000	50.653891	10051.799447
-56.732000	49.828391	10051.778201
-56.680000	49.015235	10051.756936
-56.628000	48.210691	10051.735692
-56.576000	47.417299	10051.714404
-56.524000	46.634232	10051.693134
-56.472000	45.860967	10051.671823
-56.420000	45.099704	10051.650527
-56.368000	44.346775	10051.629192
-56.316000	43.607557	10051.607879
-56.264000	42.875171	10051.586551
-56.212000	42.158162	10051.565227
-56.160000	41.446423	10051.543877
-56.108000	40.751570	10051.522526
-56.056000	40.060375	10051.501154
-56.004000	39.387652	10051.479774
-55.952000	38.717001	10051.458380
-55.900000	38.066154	10051.436971
-55.848000	37.416872	10051.415555
-55.796000	36.786735	10051.394137
-55.744000	36.159192	10051.372727
-55.692000	35.548871	10051.351266
-55.640000	34.942631	10051.329806
-55.588000	34.351916	10051.308334
-55.536000	33.766694	10051.286879
-55.484000	33.195223	10051.265408
-55.432000	32.630579	10051.243956
-55.380000	32.077935	10051.222431
-55.328000	31.533413	10051.202184
-55.276000	30.999232	10051.185863
-55.224000	30.474357	10051.167901
-55.172000	29.958171	10051.146353
-55.120000	29.452465	10051.124820
-55.068000	28.953910	10051.103248
-55.016000	28.466812	10051.081686
-54.964000	27.985316	10051.060091
-54.912000	27.516322	10051.038500
-54.860000	27.051520	10051.016881
-54.808000	26.600081	10050.998553
-54.756000	26.151454	10050.982169
-54.704000	25.717016	10050.962075
-54.652000	25.284096	10050.940410
-54.600000	24.866068	10050.918746
-54.548000	24.449192	10050.897085
-54.496000	24.046281	10050.879892
-54.444000	23.645288	10050.863436
-54.392000	23.256575	10050.842056
-54.340000	22.870811	10050.820417
-54.288000	22.495984	10050.803901
-54.236000	22.124998	10050.786924
-54.184000	21.763434	10050.765175
-54.132000	21.406620	10050.744321
-54.080000	21.058006	10050.727745
-54.028000	20.714912	10050.709909
-53.976000	20.378728	10050.688105
-53.924000	20.048807	10050.667997
-53.872000	19.724637	10050.651369
-53.820000	19.407378	10050.634761
-53.768000	19.094753	10050.618134
-53.716000	18.789686	10050.599023
-53.664000	18.488244	10050.577143
-53.612000	18.194870	10050.558173
-53.560000	17.904141	10050.541525
-53.508000	17.622049	10050.524859
-53.456000	17.341722	10050.508158
-53.404000	17.070411	10050.491446
-53.352000	16.800018	10050.474720
-53.300000	16.539151	10050.457995
-53.248000	16.279002	10050.441272
-53.196000	16.027488	10050.424525
-53.144000	15.777213	10050.407776
-53.092000	15.534593	10050.390975
-53.040000	15.293819	10050.374173
-52.988000	15.059728	10050.357359
-52.936000	14.828066	10050.341055
-52.884000	14.602244	10050.329442
-52.832000	14.379355	10050.316945
-52.780000	14.161439	10050.300072
-52.728000	13.946950	10050.283218
-52.676000	13.736679	10050.266345
-52.624000	13.530261	10050.251188
-52.572000	13.327323	10050.239489
-52.520000	13.128617	10050.225690
-52.468000	12.932700	10050.208734
-52.416000	12.741381	10050.194310
-52.364000	12.552226	10050.182585
-52.312000	12.368032	10050.170849
-52.260000	12.185430	10050.159071
-52.208000	12.008035	10050.143977
-52.156000	11.831674	10050.126970
-52.104000	11.660813	10050.113678
-52.052000	11.490484	10050.101875
-52.000000	11.325916	10050.090052
-51.948000	11.161778	10050.078222
-51.896000	11.002787	10050.066367
-51.844000	10.844573	10050.054510
-51.792000	10.690991	10050.042622
-51.740000	10.538546	10050.030738
-51.688000	10.390113	10050.018817
-51.636000	10.243152	10050.006906
-51.584000	10.099660	10049.994951
-51.532000	9.957971	10049.983933
-51.480000	9.819285	10049.977176
-51.428000	9.682664	10049.969113
-51.376000	9.548544	10049.957126
-51.324000	9.416763	10049.946875
-51.272000	9.287059	10049.940060
-51.220000	9.159936	10049.931122
-51.168000	9.034486	10049.919050
-51.116000	8.911829	10049.904455
-51.064000	8.790462	10049.887153
-51.012000	8.672088	10049.893378
-50.960000	8.554652	10049.917886
-50.908000	8.440396	10049.908923
-50.856000	8.326752	10049.881079
-50.804000	8.216447	10049.853237
-50.752000	8.106449	10049.825393
-50.700000	7.999931	10049.839057
-50.648000	7.893676	10049.863481
-50.596000	7.790564	10049.842291
-50.544000	7.687933	10049.814364
-50.492000	7.588081	10049.836033
-50.440000	7.488933	10049.859051
-50.388000	7.392207	10049.831084
-50.336000	7.296396	10049.803127
-50.284000	7.202697	10049.775126
-50.232000	7.110101	10049.756569
-50.180000	7.019309	10049.780832
-50.128000	6.929798	10049.791639
-50.076000	6.841809	10049.763575
-50.024000	6.755262	10049.753032
-49.972000	6.669973	10049.777234
-49.920000	6.586276	10049.779896
-49.868000	6.503593	10049.751773
-49.816000	6.422638	10049.749241
-49.764000	6.342467	10049.773385
-49.712000	6.264151	10049.767911
-49.660000	6.186403	10049.739757
-49.608000	6.110619	10049.745249
-49.556000	6.035201	10049.769335
-49.504000	5.961856	10049.755700
-49.452000	5.888690	10049.727461
-49.400000	5.817687	10049.740947
-49.348000	5.746846	10049.764975
-49.296000	5.677950	10049.743210
-49.244000	5.609361	10049.714940
-49.192000	5.542483	10049.736440
-49.140000	5.476053	10049.758841
-49.088000	5.411130	10049.730475
-49.036000	5.346784	10049.707727
-48.984000	5.283745	10049.731648
-48.932000	5.221403	10049.745935
-48.880000	5.160184	10049.717500
-48.828000	5.099772	10049.702768
-48.776000	5.040305	10049.726626
-48.724000	4.981753	10049.732761
-48.672000	4.923987	10049.704263
-48.620000	4.867226	10049.697539
-48.568000	4.811093	10049.721307
-48.516000	4.756059	10049.719281
-48.464000	4.701512	10049.690751
-48.412000	4.648146	10049.692050
-48.360000	4.595134	10049.715758
-48.308000	4.543368	10049.739470
-48.256000	4.491827	10049.763175
-48.204000	4.441608	10049.748924
-48.152000	4.391500	10049.720276
-48.100000	4.342773	10049.733587
-48.048000	4.294151	10049.757232
-47.996000	4.246761	10049.734825
-47.944000	4.199572	10049.706116
-47.892000	4.153471	10049.727438
-47.840000	4.107662	10049.751022
-47.788000	4.062810	10049.774566
-47.736000	4.018334	10049.792293
-47.684000	3.974693	10049.763477
-47.632000	3.931504	10049.744540
-47.580000	3.889029	10049.768013
-47.528000	3.847083	10049.791495
-47.476000	3.805746	10049.814908
-47.424000	3.765002	10049.820391
-47.372000	3.724758	10049.791503
-47.320000	3.685170	10049.784597
-47.268000	3.645987	10049.807946
-47.216000	3.607518	10049.805282
-47.164000	3.569359	10049.776332
-47.112000	3.531973	10049.777427
-47.060000	3.494813	10049.800714
-47.008000	3.458471	10049.824004
-46.956000	3.422273	10049.847287
-46.904000	3.386940	10049.832411
-46.852000	3.351678	10049.803367
-46.800000	3.317315	10049.816463
-46.748000	3.283026	10049.839655
-46.696000	3.249543	10049.862840
-46.644000	3.216195	10049.886028
-46.592000	3.183560	10049.858899
-46.540000	3.151120	10049.831736
-46.488000	3.119306	10049.854850
-46.436000	3.087742	10049.877975
-46.384000	3.056725	10049.901054
-46.332000	3.026010	10049.924143
-46.280000	2.995767	10049.947159
-46.228000	2.965878	10049.956067
-46.176000	2.936389	10049.926781
-46.124000	2.907295	10049.915660
-46.072000	2.878529	10049.938609
-46.020000	2.850204	10049.961571
-45.968000	2.822145	10049.984515
-45.916000	2.794568	10049.981208
-45.864000	2.767196	10049.951796
-45.812000	2.740337	10049.952672
-45.760000	2.713626	10049.975552
-45.708000	2.687470	10049.998405
-45.656000	2.661409	10050.021225
-45.604000	2.635929	10050.005684
-45.552000	2.610497	10049.976203
-45.500000	2.585663	10049.989098
-45.448000	2.560881	10050.011880
-45.396000	2.536645	10050.034613
-45.344000	2.512502	10050.057335
-45.292000	2.488833	10050.080045
-45.240000	2.465300	10050.100540
-45.188000	2.442192	10050.070895
-45.136000	2.419255	10050.047517
-45.084000	2.396684	10050.070154
-45.032000	2.374320	10050.092801
-44.980000	2.352273	10050.115375
-44.928000	2.330471	10050.123622
-44.876000	2.308939	10050.093893
-44.824000	2.287679	10050.082552
-44.772000	2.266642	10050.105085
-44.720000	2.245905	10050.127613
-44.668000	2.225346	10050.150085
-44.616000	2.205120	10050.172566
-44.564000	2.185035	10050.195032
-44.512000	2.165303	10050.186980
-44.460000	2.145670	10050.157089
-44.408000	2.126416	10050.161738
-44.356000	2.107225	10050.184138
-44.304000	2.088443	10050.206502
-44.252000	2.069694	10050.228841
-44.200000	2.051351	10050.251173
-44.148000	2.033045	10050.273506
-44.096000	2.015112	10050.249151
-44.044000	1.997247	10050.219154
-43.992000	1.979715	10050.239795
-43.940000	1.962276	10050.262033
-43.888000	1.945124	10050.284253
-43.836000	1.928094	10050.306485
-43.784000	1.911321	10050.328669
-43.732000	1.894694	10050.340343
-43.680000	1.878285	10050.310167
-43.628000	1.862045	10050.294562
-43.576000	1.845990	10050.316674
-43.524000	1.830129	10050.338793
-43.472000	1.814422	10050.360870
-43.420000	1.798929	10050.360304
-43.368000	1.783560	10050.330022
-43.316000	1.768420	10050.326426
-43.264000	1.753374	10050.348435
-43.212000	1.738586	10050.370435
-43.160000	1.723867	10050.392409
-43.108000	1.709414	10050.414370
-43.056000	1.695002	10050.436310
-43.004000	1.680875	10050.419417
-42.952000	1.666770	10050.388999
-42.900000	1.652956	10050.401410
-42.848000	1.639171	10050.423281
-42.796000	1.625648	10050.445121
-42.744000	1.612174	10050.466958
-42.692000	1.598927	10050.437843
-42.640000	1.585749	10050.410007
-42.588000	1.572779	10050.431766
-42.536000	1.559896	10050.453534
-42.484000	1.547195	10050.475253
-42.432000	1.534598	10050.496982
-42.380000	1.522152	10050.518664
-42.328000	1.509829	10050.525578
-42.276000	1.497639	10050.494927
-42.224000	1.485584	10050.483098
-42.172000	1.473638	10050.504708
-42.120000	1.461847	10050.526319
-42.068000	1.450145	10050.547894
-42.016000	1.438610	10050.542570
-41.964000	1.427142	10050.511813
-41.912000	1.415855	10050.511995
-41.860000	1.404616	10050.533527
-41.808000	1.393567	10050.555029
-41.756000	1.382546	10050.576499
-41.704000	1.371737	10050.597947
-41.652000	1.360944	10050.619381
-41.600000	1.350361	10050.597755
-41.548000	1.339797	10050.566885
-41.496000	1.329416	10050.583055
-41.444000	1.319072	10050.604418
-41.392000	1.308899	10050.625767
-41.340000	1.298775	10050.644247
-41.288000	1.288795	10050.613263
-41.236000	1.278880	10050.589202
-41.184000	1.269097	10050.610445
-41.132000	1.259390	10050.631700
-41.080000	1.249795	10050.652934
-41.028000	1.240288	10050.659180
-40.976000	1.230874	10050.628080
-40.924000	1.221560	10050.616019
-40.872000	1.212323	10050.637178
-40.820000	1.203203	10050.658339
-40.768000	1.194148	10050.679462
-40.716000	1.185213	10050.673468
-40.664000	1.176325	10050.642260
-40.612000	1.167573	10050.642194
-40.560000	1.158856	10050.663245
-40.508000	1.150280	10050.684296
-40.456000	1.141725	10050.705339
-40.404000	1.133317	10050.687113
-40.352000	1.124922	10050.655796
-40.300000	1.116684	10050.667743
-40.248000	1.108462	10050.688714
-40.196000	1.100374	10050.662341
-40.144000	1.092313	10050.630980
-40.092000	1.084371	10050.650908
-40.040000	1.076469	10050.671779
-39.988000	1.068678	10050.692631
-39.936000	1.060934	10050.706360
-39.884000	1.053284	10050.674877
-39.832000	1.045689	10050.654577
-39.780000	1.038174	10050.675379
-39.728000	1.030727	10050.696184
-39.676000	1.023352	10050.716921
-39.624000	1.016051	10050.718415
-39.572000	1.008806	10050.686846
-39.520000	1.001648	10050.678560
-39.468000	0.994537	10050.699222
-39.416000	0.987517	10050.692559
-39.364000	0.980531	10050.660916
-39.312000	0.973645	10050.660633
-39.260000	0.966783	10050.681250
-39.208000	0.960028	10050.701850
-39.156000	0.953288	10050.722430
-39.104000	0.946662	10050.703538
-39.052000	0.940044	10050.671785
-39.000000	0.933539	10050.683512
-38.948000	0.927047	10050.704045
-38.896000	0.920656	10050.676996
-38.844000	0.914286	10050.645169
-38.792000	0.908006	10050.664894
-38.740000	0.901755	10050.682042
-38.688000	0.895585	10050.650161
-38.636000	0.889451	10050.625639
-38.584000	0.883387	10050.646039
-38.532000	0.877366	10050.666445
-38.480000	0.871407	10050.686779
-38.428000	0.865498	10050.691693
-38.376000	0.859640	10050.659720
-38.324000	0.853840	10050.647219
-38.272000	0.848082	10050.667504
-38.220000	0.842389	10050.664278
-38.168000	0.836730	10050.632229
-38.116000	0.831140	10050.627723
-38.064000	0.825576	10050.647932
-38.012000	0.820088	10050.636555
-37.960000	0.814618	10050.604459
-37.908000	0.809229	10050.607958
-37.856000	0.803851	10050.628092
-37.804000	0.798559	10050.608554
-37.752000	0.793274	10050.576382
-37.700000	0.788074	10050.587908
-37.648000	0.782884	10050.608023
-37.596000	0.777771	10050.628082
-37.544000	0.772673	10050.648132
-37.492000	0.767644	10050.616379
-37.440000	0.762637	10050.587651
-37.388000	0.757691	10050.607645
-37.336000	0.752773	10050.620078
-37.284000	0.747908	10050.587760
-37.232000	0.743076	10050.567059
-37.180000	0.738290	10050.586998
-37.128000	0.733544	10050.591294
-37.076000	0.728836	10050.558899
-37.024000	0.724173	10050.546192
-36.972000	0.719541	10050.566053
-36.920000	0.714959	10050.562194
-36.868000	0.710402	10050.529748
-36.816000	0.705899	10050.525062
-36.764000	0.701415	10050.544875
-36.712000	0.696990	10050.532868
-36.660000	0.692579	10050.500347
-36.608000	0.688229	10050.503667
-36.556000	0.683888	10050.523431
-36.504000	0.679614	10050.503285
-36.452000	0.675344	10050.470715
-36.400000	0.671140	10050.482039
-36.348000	0.666943	10050.501726
-36.296000	0.662805	10050.473435
-36.244000	0.658680	10050.440815
-36.192000	0.654607	10050.460159
-36.140000	0.650552	10050.476049
-36.088000	0.646542	10050.443371
-36.036000	0.642555	10050.418488
-35.984000	0.638609	10050.438064
-35.932000	0.634688	10050.445821
-35.880000	0.630802	10050.413061
-35.828000	0.626947	10050.396176
-35.776000	0.623123	10050.415700
-35.724000	0.619332	10050.415319
-35.672000	0.615566	10050.382508
-35.620000	0.611838	10050.373647
-35.568000	0.608130	10050.393120
-35.516000	0.604463	10050.384601
-35.464000	0.600812	10050.351739
-35.412000	0.597205	10050.350888
-35.360000	0.593610	10050.370284
-35.308000	0.590063	10050.353612
-35.256000	0.586522	10050.320700
-35.204000	0.583032	10050.327884
-35.152000	0.579547	10050.347257
-35.100000	0.576112	10050.322437
-35.048000	0.572684	10050.289448
-34.996000	0.569301	10050.304648
-34.944000	0.565928	10050.323970
-34.892000	0.562595	10050.291030
-34.840000	0.559277	10050.261982
-34.788000	0.555994	10050.281219
-34.736000	0.552728	10050.292458
-34.684000	0.549495	10050.259382
-34.632000	0.546281	10050.238360
-34.580000	0.543096	10050.257568
-34.528000	0.539934	10050.260696
-34.476000	0.536795	10050.227568
-34.424000	0.533683	10050.214569
-34.372000	0.530590	10050.233724
-34.320000	0.527528	10050.228713
-34.268000	0.524480	10050.195532
-34.216000	0.521466	10050.190556
-34.164000	0.518463	10050.209660
-34.112000	0.515496	10050.196507
-34.060000	0.512536	10050.163275
-34.008000	0.509616	10050.166320
-33.956000	0.506699	10050.185373
-33.904000	0.503824	10050.164096
-33.852000	0.500952	10050.130840
-33.800000	0.498120	10050.141914
-33.748000	0.495292	10050.160915
-33.696000	0.492501	10050.131501
-33.644000	0.489717	10050.098193
-33.592000	0.486964	10050.064844
-33.540000	0.484223	10050.035680
-33.488000	0.481511	10050.054634
-33.436000	0.478812	10050.065374
-33.384000	0.476138	10050.031963
-33.332000	0.473480	10050.010826
-33.280000	0.470844	10050.029725
-33.228000	0.468226	10050.032326
-33.176000	0.465627	10049.998889
-33.124000	0.463049	10049.985799
-33.072000	0.460487	10050.004645
-33.020000	0.457948	10049.999114
-32.968000	0.455422	10049.965651
-32.916000	0.452921	10049.960610
-32.864000	0.450430	10049.979431
-32.812000	0.447967	10049.965776
-32.760000	0.445510	10049.932261
-32.708000	0.443084	10049.935240
-32.656000	0.440662	10049.954008
-32.604000	0.438271	10049.972768
-32.552000	0.435884	10049.991523
-32.500000	0.433528	10049.965669
-32.448000	0.431176	10049.932088
-32.396000	0.428852	10049.947132
-32.344000	0.426535	10049.965501
-32.292000	0.424243	10049.931893
-32.240000	0.421960	10049.902688
-32.188000	0.419699	10049.921357
-32.136000	0.417449	10049.931593
-32.084000	0.415219	10049.897950
-32.032000	0.413002	10049.876795
-31.980000	0.410803	10049.895435
-31.928000	0.408619	10049.897562
-31.876000	0.406448	10049.863891
-31.824000	0.404295	10049.850778
-31.772000	0.402155	10049.869363
-31.720000	0.400033	10049.863362
-31.668000	0.397921	10049.829665
-31.616000	0.395830	10049.824595
-31.564000	0.393746	10049.843153
-31.512000	0.391685	10049.829045
-31.460000	0.389629	10049.795322
-31.408000	0.387598	10049.798295
-31.356000	0.385569	10049.816827
-31.304000	0.383567	10049.794594
-31.252000	0.381566	10049.760817
-31.200000	0.379591	10049.771843
-31.148000	0.377619	10049.790377
-31.096000	0.375670	10049.760038
-31.044000	0.373726	10049.726813
-30.992000	0.371802	10049.745312
-30.940000	0.369885	10049.763819
-30.888000	0.367987	10049.782278
-30.836000	0.366097	10049.792086
-30.784000	0.364223	10049.758259
-30.732000	0.362360	10049.737136
-30.680000	0.360510	10049.755563
-30.628000	0.358672	10049.757265
-30.576000	0.356847	10049.723410
-30.524000	0.355035	10049.710337
-30.472000	0.353233	10049.728764
-30.420000	0.351447	10049.722378
-30.368000	0.349668	10049.688495
-30.316000	0.347907	10049.683468
-30.264000	0.346151	10049.701869
-30.212000	0.344413	10049.687370
-30.160000	0.342679	10049.653460
-30.108000	0.340966	10049.656479
-30.056000	0.339255	10049.674852
-30.004000	0.337565	10049.693233
-29.952000	0.335876	10049.711619
-29.900000	0.334208	10049.684979
-29.848000	0.332542	10049.651056
-29.796000	0.330895	10049.666171
-29.744000	0.329253	10049.683733
-29.692000	0.327626	10049.649777
-29.640000	0.326006	10049.620663
-29.588000	0.324400	10049.639013
-29.536000	0.322801	10049.657371
-29.484000	0.321215	10049.675706
-29.432000	0.319638	10049.681133
-29.380000	0.318072	10049.647157
-29.328000	0.316516	10049.630142
-29.276000	0.314969	10049.648447
-29.224000	0.313434	10049.645770
-29.172000	0.311906	10049.611792
-29.120000	0.310392	10049.602851
-29.068000	0.308884	10049.621156
-29.016000	0.307389	10049.639471
-28.964000	0.305899	10049.657789
-28.912000	0.304424	10049.642990
-28.860000	0.302952	10049.608998
-28.808000	0.301497	10049.612167
-28.756000	0.300043	10049.630485
-28.704000	0.298608	10049.607600
-28.652000	0.297173	10049.573607
-28.600000	0.295755	10049.584833
-28.548000	0.294338	10049.603122
-28.496000	0.292937	10049.621418
-28.444000	0.291540	10049.638705
-28.392000	0.290156	10049.604692
-28.340000	0.288777	10049.575739
-28.288000	0.287409	10049.594031
-28.236000	0.286048	10049.612331
-28.184000	0.284697	10049.630609
-28.132000	0.283353	10049.635762
-28.080000	0.282019	10049.601755
-28.028000	0.280692	10049.584932
-27.976000	0.279373	10049.603234
-27.924000	0.278064	10049.600327
-27.872000	0.276761	10049.566318
-27.820000	0.275469	10049.557573
-27.768000	0.274181	10049.575873
-27.716000	0.272905	10049.594183
-27.664000	0.271633	10049.612496
-27.612000	0.270373	10049.597474
-27.560000	0.269116	10049.563477
-27.508000	0.267872	10049.566858
-27.456000	0.266629	10049.585170
-27.404000	0.265402	10049.603471
-27.352000	0.264175	10049.621768
-27.300000	0.262962	10049.594642
-27.248000	0.261751	10049.560684
-27.196000	0.260551	10049.576198
-27.144000	0.259355	10049.594521
-27.092000	0.258170	10049.612848
-27.040000	0.256989	10049.625912
-26.988000	0.255818	10049.591929
-26.936000	0.254651	10049.567266
-26.884000	0.253493	10049.585618
-26.832000	0.252341	10049.603976
-26.780000	0.251197	10049.622312
-26.728000	0.250060	10049.623273
-26.676000	0.248929	10049.589352
-26.624000	0.247805	10049.576866
-26.572000	0.246687	10049.595226
-26.520000	0.245577	10049.613597
-26.468000	0.244472	10049.631970
-26.416000	0.243376	10049.620844
-26.364000	0.242283	10049.586933
-26.312000	0.241201	10049.586581
-26.260000	0.240121	10049.604979
-26.208000	0.239052	10049.585797
-26.156000	0.237983	10049.551912
-26.104000	0.236927	10049.559662
-26.052000	0.235873	10049.578085
-26.000000	0.234828	10049.596515
-25.948000	0.233786	10049.614951
-25.896000	0.232754	10049.583685
-25.844000	0.231725	10049.551287
-25.792000	0.230704	10049.569765
-25.740000	0.229686	10049.588253
-25.688000	0.228677	10049.606719
-25.636000	0.227673	10049.615664
-25.584000	0.226674	10049.581871
-25.532000	0.225682	10049.561654
-25.480000	0.224695	10049.580142
-25.428000	0.223714	10049.598645
-25.376000	0.222738	10049.617172
-25.324000	0.221769	10049.614061
-25.272000	0.220804	10049.580304
-25.220000	0.219846	10049.572255
-25.168000	0.218892	10049.590834
-25.116000	0.217946	10049.609422
-25.064000	0.217002	10049.628013
-25.012000	0.216066	10049.612832
-24.960000	0.215133	10049.579111
-24.908000	0.214209	10049.583237
-24.856000	0.213286	10049.601880
-24.804000	0.212373	10049.620512
-24.752000	0.211461	10049.639139
-24.700000	0.210558	10049.611908
-24.648000	0.209656	10049.578279
-24.596000	0.208763	10049.594603
-24.544000	0.207872	10049.611641
-24.492000	0.206988	10049.578056
-24.440000	0.206108	10049.550187
-24.388000	0.205233	10049.568910
-24.336000	0.204363	10049.587642
-24.284000	0.203498	10049.606403
-24.232000	0.202638	10049.611386
-24.180000	0.201783	10049.577863
-24.128000	0.200932	10049.562181
-24.076000	0.200086	10049.580993
-24.024000	0.199246	10049.599822
-23.972000	0.198409	10049.618673
-23.920000	0.197578	10049.611628
-23.868000	0.196750	10049.578194
-23.816000	0.195929	10049.574715
-23.764000	0.195109	10049.593589
-23.712000	0.194297	10049.578515
-23.660000	0.193487	10049.545161
-23.608000	0.192684	10049.549838
-23.556000	0.191882	10049.568791
-23.504000	0.191089	10049.587769
-23.452000	0.190296	10049.606762
-23.400000	0.189510	10049.579657
-23.348000	0.188726	10049.546365
-23.296000	0.187950	10049.563244
-23.244000	0.187175	10049.580401
-23.192000	0.186407	10049.547178
-23.140000	0.185640	10049.519890
-23.088000	0.184879	10049.539003
-23.036000	0.184122	10049.558127
-22.984000	0.183369	10049.577279
-22.932000	0.182620	10049.582439
-22.880000	0.181875	10049.549334
-22.828000	0.181134	10049.534282
-22.776000	0.180397	10049.553484
-22.724000	0.179665	10049.550627
-22.672000	0.178935	10049.517600
-22.620000	0.178211	10049.510705
-22.568000	0.177489	10049.529985
-22.516000	0.176773	10049.519135
-22.464000	0.176058	10049.486185
-22.412000	0.175350	10049.487446
-22.360000	0.174642	10049.506804
-22.308000	0.173942	10049.487960
-22.256000	0.173242	10049.455088
-22.204000	0.172549	10049.464523
-22.152000	0.171857	10049.483987
-22.100000	0.171171	10049.503456
-22.048000	0.170486	10049.522931
-21.996000	0.169807	10049.492096
-21.944000	0.169130	10049.461445
-21.892000	0.168458	10049.481016
-21.840000	0.167788	10049.494453
-21.788000	0.167123	10049.461794
-21.736000	0.166461	10049.439330
-21.684000	0.165802	10049.459007
-21.632000	0.165147	10049.464470
-21.580000	0.164495	10049.431862
-21.528000	0.163847	10049.417542
-21.476000	0.163203	10049.437323
-21.424000	0.162562	10049.434812
-21.372000	0.161923	10049.402308
-21.320000	0.161289	10049.396175
-21.268000	0.160656	10049.416034
-21.216000	0.160029	10049.405544
-21.164000	0.159402	10049.373173
-21.112000	0.158782	10049.375230
-21.060000	0.158162	10049.395166
-21.008000	0.157548	10049.376698
-20.956000	0.156934	10049.344432
-20.904000	0.156326	10049.354690
-20.852000	0.155719	10049.374759
-20.800000	0.155118	10049.348314
-20.748000	0.154517	10049.316125
-20.696000	0.153922	10049.283987
-20.644000	0.153327	10049.254186
-20.592000	0.152738	10049.274389
-20.540000	0.152150	10049.288239
-20.488000	0.151566	10049.256239
-20.436000	0.150984	10049.234650
-20.384000	0.150406	10049.254959
-20.332000	0.149830	10049.260846
-20.280000	0.149257	10049.228951
-20.228000	0.148688	10049.215551
-20.176000	0.148120	10049.235991
-20.124000	0.147556	10049.233936
-20.072000	0.146995	10049.202145
-20.020000	0.146437	10049.170383
-19.968000	0.145881	10049.138659
-19.916000	0.145329	10049.137565
-19.864000	0.144778	10049.158203
-19.812000	0.144232	10049.144238
-19.760000	0.143686	10049.112645
-19.708000	0.143146	10049.119754
-19.656000	0.142606	10049.140496
-19.604000	0.142071	10049.118563
-19.552000	0.141537	10049.087075
-19.500000	0.141007	10049.055654
-19.448000	0.140478	10049.024259
-19.396000	0.139953	10049.043689
-19.344000	0.139429	10049.062088
-19.292000	0.138909	10049.030811
-19.240000	0.138391	10048.999548
-19.188000	0.137876	10048.968315
-19.136000	0.137363	10048.947714
-19.084000	0.136853	10048.968871
-19.032000	0.136345	10048.975385
-18.980000	0.135840	10048.944311
-18.928000	0.135338	10048.913257
-18.876000	0.134837	10048.882248
-18.824000	0.134340	10048.874002
-18.772000	0.133843	10048.895355
-18.720000	0.133351	10048.889959
-18.668000	0.132860	10048.859082
-18.616000	0.132373	10048.828249
-18.564000	0.131886	10048.797465
-18.512000	0.131404	10048.801573
-18.460000	0.130922	10048.823151
-18.408000	0.130444	10048.805889
-18.356000	0.129967	10048.775264
-18.304000	0.129494	10048.744663
-18.252000	0.129021	10048.714076
-18.200000	0.128553	10048.730552
-18.148000	0.128085	10048.752382
-18.096000	0.127621	10048.723225
-18.044000	0.127157	10048.692797
-17.992000	0.126698	10048.662473
-17.940000	0.126239	10048.632166
-17.888000	0.125783	10048.601889
-17.836000	0.125329	10048.582463
-17.784000	0.124877	10048.604603
-17.732000	0.124428	10048.611882
-17.680000	0.123980	10048.581790
-17.628000	0.123536	10048.551719
-17.576000	0.123092	10048.521692
-17.524000	0.122652	10048.491707
-17.472000	0.122212	10048.461801
-17.420000	0.121776	10048.458908
-17.368000	0.121340	10048.481337
-17.316000	0.120908	10048.472787
-17.264000	0.120477	10048.443040
-17.212000	0.120050	10048.413343
-17.160000	0.119623	10048.383689
-17.108000	0.119199	10048.354074
-17.056000	0.118775	10048.324485
-17.004000	0.118355	10048.294958
-16.952000	0.117936	10048.265462
-16.900000	0.117520	10048.283227
-16.848000	0.117105	10048.306120
-16.796000	0.116693	10048.277878
-16.744000	0.116282	10048.248595
-16.692000	0.115873	10048.219367
-16.640000	0.115466	10048.190150
-16.588000	0.115062	10048.161018
-16.536000	0.114658	10048.131899
-16.484000	0.114257	10048.102860
-16.432000	0.113857	10048.088935
-16.380000	0.113460	10048.112285
-16.328000	0.113064	10048.116527
-16.276000	0.112670	10048.087673
-16.224000	0.112279	10048.058860
-16.172000	0.111888	10048.030126
-16.120000	0.111500	10048.001421
-16.068000	0.111113	10047.972752
-16.016000	0.110729	10047.944141
-15.964000	0.110345	10047.915593
-15.912000	0.109964	10047.887095
-15.860000	0.109584	10047.858640
-15.808000	0.109207	10047.869589
-15.756000	0.108830	10047.893551
-15.704000	0.108456	10047.874203
-15.652000	0.108083	10047.845961
-15.600000	0.107713	10047.817786
-15.548000	0.107343	10047.789637
-15.496000	0.106976	10047.761584
-15.444000	0.106609	10047.733555
-15.392000	0.106246	10047.705605
-15.340000	0.105883	10047.677668
-15.288000	0.105522	10047.649817
-15.236000	0.105163	10047.621981
-15.184000	0.104806	10047.594250
-15.132000	0.104450	10047.581855
-15.080000	0.104095	10047.606540
-15.028000	0.103742	10047.611900
-14.976000	0.103390	10047.584380
-14.924000	0.103041	10047.556903
-14.872000	0.102692	10047.529504
-14.820000	0.102346	10047.502155
-14.768000	0.102001	10047.474876
-14.716000	0.101658	10047.447642
-14.664000	0.101316	10047.420455
-14.612000	0.100976	10047.393335
-14.560000	0.100636	10047.366269
-14.508000	0.100300	10047.339276
-14.456000	0.099963	10047.312330
-14.404000	0.099629	10047.285465
-14.352000	0.099296	10047.258639
-14.300000	0.098965	10047.279532
-14.248000	0.098635	10047.305122
-14.196000	0.098307	10047.279118
-14.144000	0.097979	10047.252505
-14.092000	0.097654	10047.226022
-14.040000	0.097330	10047.199556
-13.988000	0.097007	10047.173176
-13.936000	0.096686	10047.146814
-13.884000	0.096366	10047.120581
-13.832000	0.096048	10047.094368
-13.780000	0.095731	10047.068227
-13.728000	0.095415	10047.042125
-13.676000	0.095101	10047.016132
-13.624000	0.094788	10046.990180
-13.572000	0.094476	10046.964306
-13.520000	0.094166	10046.938482
-13.468000	0.093857	10046.912728
-13.416000	0.093550	10046.918720
-13.364000	0.093244	10046.945383
-13.312000	0.092939	10046.936398
-13.260000	0.092635	10046.910912
-13.208000	0.092334	10046.885482
-13.156000	0.092032	10046.860088
-13.104000	0.091733	10046.834814
-13.052000	0.091435	10046.809595
-13.000000	0.091138	10046.784444
-12.948000	0.090842	10046.759318
-12.896000	0.090548	10046.734312
-12.844000	0.090255	10046.709333
-12.792000	0.089963	10046.684459
-12.740000	0.089672	10046.659600
-12.688000	0.089383	10046.634882
-12.636000	0.089095	10046.621887
-12.584000	0.088808	10046.649584
-12.532000	0.088522	10046.661562
-12.480000	0.088238	10046.637109
-12.428000	0.087955	10046.612697
-12.376000	0.087673	10046.588392
-12.324000	0.087392	10046.564129
-12.272000	0.087112	10046.539943
-12.220000	0.086834	10046.515818
-12.168000	0.086556	10046.491780
-12.116000	0.086281	10046.467800
-12.064000	0.086005	10046.443882
-12.012000	0.085732	10046.420059
-11.960000	0.085459	10046.396316
-11.908000	0.085188	10046.372647
-11.856000	0.084917	10046.349023
-11.804000	0.084649	10046.369506
-11.752000	0.084380	10046.398297
-11.700000	0.084114	10046.379158
-11.648000	0.083848	10046.355829
-11.596000	0.083583	10046.332621
-11.544000	0.083320	10046.309439
-11.492000	0.083057	10046.286364
-11.440000	0.082796	10046.263302
-11.388000	0.082536	10046.240409
-11.336000	0.082277	10046.217530
-11.284000	0.082019	10046.194755
-11.232000	0.081762	10046.172014
-11.180000	0.081506	10046.149414
-11.128000	0.081251	10046.146859
-11.076000	0.080997	10046.176702
-11.024000	0.080744	10046.182550
-10.972000	0.080493	10046.160244
-10.920000	0.080242	10046.137988
-10.868000	0.079992	10046.115801
-10.816000	0.079744	10046.093711
-10.764000	0.079496	10046.071727
-10.712000	0.079250	10046.049809
-10.660000	0.079004	10046.027944
-10.608000	0.078760	10046.006188
-10.556000	0.078516	10045.984498
-10.504000	0.078274	10046.007152
-10.452000	0.078032	10046.037905
-10.400000	0.077792	10046.020487
-10.348000	0.077552	10045.999091
-10.296000	0.077314	10045.977841
-10.244000	0.077076	10045.956619
-10.192000	0.076840	10045.935530
-10.140000	0.076604	10045.914458
-10.088000	0.076370	10045.893524
-10.036000	0.076136	10045.884756
-9.984000	0.075903	10045.916292
-9.932000	0.075671	10045.931680
-9.880000	0.075440	10045.911094
-9.828000	0.075211	10045.890550
-9.776000	0.074981	10045.870111
-9.724000	0.074753	10045.849733
-9.672000	0.074526	10045.829469
-9.620000	0.074300	10045.809267
-9.568000	0.074075	10045.789150
-9.516000	0.073850	10045.801459
-9.464000	0.073627	10045.833813
-9.412000	0.073404	10045.829883
-9.360000	0.073182	10045.810115
-9.308000	0.072962	10045.790439
-9.256000	0.072742	10045.770818
-9.204000	0.072523	10045.751339
-9.152000	0.072304	10045.731920
-9.100000	0.072087	10045.761114
-9.048000	0.071871	10045.793894
-8.996000	0.071655	10045.774769
-8.944000	0.071440	10045.755671
-8.892000	0.071227	10045.736733
-8.840000	0.071014	10045.717812
-8.788000	0.070802	10045.699030
-8.736000	0.070590	10045.692634
-8.684000	0.070380	10045.726350
-8.632000	0.070170	10045.743698
-8.580000	0.069961	10045.725292
-8.528000	0.069754	10045.706926
-8.476000	0.069546	10045.688666
-8.424000	0.069340	10045.670476
-8.372000	0.069134	10045.652418
-8.320000	0.068930	10045.662954
-8.268000	0.068726	10045.697366
-8.216000	0.068523	10045.699305
-8.164000	0.068320	10045.681595
-8.112000	0.068119	10045.663984
-8.060000	0.067918	10045.646449
-8.008000	0.067718	10045.669663
-7.956000	0.067519	10045.704599
-7.904000	0.067321	10045.694999
-7.852000	0.067123	10045.677840
-7.800000	0.066926	10045.660795
-7.748000	0.066730	10045.644244
-7.696000	0.066535	10045.679700
-7.644000	0.066340	10045.710685
-7.592000	0.066147	10045.694061
-7.540000	0.065954	10045.677456
-7.488000	0.065761	10045.661017
-7.436000	0.065570	10045.657179
-7.384000	0.065379	10045.693210
-7.332000	0.065189	10045.712656
-7.280000	0.065000	10045.696564
-7.228000	0.064811	10045.680528
-7.176000	0.064623	10045.664638
-7.124000	0.064436	10045.673517
-7.072000	0.064250	10045.710125
-7.020000	0.064064	10045.718068
-6.968000	0.063879	10045.702554
-6.916000	0.063695	10045.687126
-6.864000	0.063511	10045.671786
-6.812000	0.063329	10045.693377
-6.760000	0.063146	10045.730535
-6.708000	0.062965	10045.726965
-6.656000	0.062784	10045.712029
-6.604000	0.062604	10045.742132
-6.552000	0.062424	10045.779693
-6.500000	0.062246	10045.768455
-6.448000	0.062068	10045.753895
-6.396000	0.061891	10045.739506
-6.344000	0.061714	10045.729866
-6.292000	0.061538	10045.767964
-6.240000	0.061362	10045.797323
-6.188000	0.061188	10045.783334
-6.136000	0.061014	10045.782169
-6.084000	0.060841	10045.820678
-6.032000	0.060668	10045.842391
-5.980000	0.060496	10045.828805
-5.928000	0.060324	10045.815276
-5.876000	0.060154	10045.801892
-5.824000	0.059984	10045.813495
-5.772000	0.059814	10045.852609
-5.720000	0.059645	10045.862840
-5.668000	0.059477	10045.849832
-5.616000	0.059310	10045.869933
-5.564000	0.059142	10045.909450
-5.512000	0.058976	10045.912046
-5.460000	0.058810	10045.899469
-5.408000	0.058646	10045.887003
-5.356000	0.058481	10045.874599
-5.304000	0.058317	10045.907474
-5.252000	0.058154	10045.947596
-5.200000	0.057991	10045.938700
-5.148000	0.057829	10045.927597
-5.096000	0.057668	10045.968090
-5.044000	0.057507	10046.003678
-4.992000	0.057347	10045.992095
-4.940000	0.057187	10045.989507
-4.888000	0.057028	10046.030430
-4.836000	0.056870	10046.058363
-4.784000	0.056712	10046.047191
-4.732000	0.056555	10046.053116
-4.680000	0.056398	10046.094441
-4.628000	0.056242	10046.114735
-4.576000	0.056086	10046.103993
-4.524000	0.055931	10046.093323
-4.472000	0.055777	10046.082783
-4.420000	0.055623	10046.101502
-4.368000	0.055470	10046.143460
-4.316000	0.055317	10046.152304
-4.264000	0.055165	10046.142167
-4.212000	0.055013	10046.169413
-4.160000	0.054862	10046.211801
-4.108000	0.054712	10046.213027
-4.056000	0.054562	10046.203320
-4.004000	0.054413	10046.239110
-3.952000	0.054264	10046.281928
-3.900000	0.054115	10046.275534
-3.848000	0.053968	10046.267373
-3.796000	0.053820	10046.310567
-3.744000	0.053674	10046.348634
-3.692000	0.053528	10046.339773
-3.640000	0.053382	10046.340128
-3.588000	0.053237	10046.383775
-3.536000	0.053092	10046.414218
-3.484000	0.052948	10046.405797
-3.432000	0.052805	10046.397424
-3.380000	0.052662	10046.389231
-3.328000	0.052519	10046.402402
-3.276000	0.052377	10046.446679
-3.224000	0.052236	10046.465696
-3.172000	0.052095	10046.457934
-3.120000	0.051954	10046.479651
-3.068000	0.051814	10046.524386
-3.016000	0.051675	10046.535806
-2.964000	0.051536	10046.528474
-2.912000	0.051397	10046.558729
-2.860000	0.051259	10046.603895
-2.808000	0.051122	10046.607700
-2.756000	0.050985	10046.600798
-2.704000	0.050849	10046.639612
-2.652000	0.050712	10046.685236
-2.600000	0.050577	10046.681430
-2.548000	0.050442	10046.676292
-2.496000	0.050307	10046.722340
-2.444000	0.050173	10046.763050
-2.392000	0.050040	10046.756998
-2.340000	0.049906	10046.750967
-2.288000	0.049774	10046.745177
-2.236000	0.049642	10046.752870
-2.184000	0.049510	10046.799605
-2.132000	0.049379	10046.828893
-2.080000	0.049248	10046.823533
-2.028000	0.049118	10046.839769
-1.976000	0.048988	10046.886934
-1.924000	0.048858	10046.908611
-1.872000	0.048729	10046.903709
-1.820000	0.048601	10046.928515
-1.768000	0.048473	10046.976138
-1.716000	0.048345	10046.990228
-1.664000	0.048218	10046.985783
-1.612000	0.048091	10046.981471
-1.560000	0.047965	10046.977256
-1.508000	0.047839	10047.014899
-1.456000	0.047714	10047.063181
-1.404000	0.047589	10047.065882
-1.352000	0.047464	10047.062124
-1.300000	0.047340	10047.108333
-1.248000	0.047216	10047.155522
-1.196000	0.047093	10047.152189
-1.144000	0.046970	10047.148889
-1.092000	0.046848	10047.145778
-1.040000	0.046726	10047.152319
-0.988000	0.046604	10047.201767
-0.936000	0.046483	10047.237578
-0.884000	0.046363	10047.234958
-0.832000	0.046242	10047.232382
-0.780000	0.046122	10047.229963
-0.728000	0.046003	10047.249367
-0.676000	0.045884	10047.299500
-0.624000	0.045766	10047.323930
-0.572000	0.045647	10047.321996
-0.520000	0.045529	10047.349990
-0.468000	0.045412	10047.400581
-0.416000	0.045295	10047.417422
-0.364000	0.045178	10047.415946
-0.312000	0.045062	10047.414603
-0.260000	0.044946	10047.413356
-0.208000	0.044831	10047.412258
-0.156000	0.044716	10047.411239
-0.104000	0.044601	10047.456373
-0.052000	0.044487	10047.507879
-0.000000	0.044373	10047.509566
0.052000	0.044260	10047.509032
0.104000	0.044147	10047.508699
0.156000	0.044034	10047.514202
0.208000	0.043922	10047.566410
0.260000	0.043810	10047.608793
0.312000	0.043698	10047.608940
0.364000	0.043587	10047.609119
0.416000	0.043476	10047.609495
0.468000	0.043366	10047.627852
0.520000	0.043256	10047.680780
0.572000	0.043146	10047.711808
0.624000	0.043037	10047.712669
0.676000	0.042928	10047.713612
0.728000	0.042819	10047.714701
0.780000	0.042711	10047.715890
0.832000	0.042603	10047.717208
0.884000	0.042496	10047.718656
0.936000	0.042389	10047.720230
0.988000	0.042282	10047.760062
1.040000	0.042176	10047.814160
1.092000	0.042070	10047.826246
1.144000	0.041964	10047.828276
1.196000	0.041859	10047.830495
1.248000	0.041754	10047.832782
1.300000	0.041649	10047.835254
1.352000	0.041545	10047.837769
1.404000	0.041441	10047.840486
1.456000	0.041337	10047.849255
1.508000	0.041234	10047.904514
1.560000	0.041131	10047.949729
1.612000	0.041029	10047.952953
1.664000	0.040926	10047.956210
1.716000	0.040825	10047.959662
1.768000	0.040723	10047.963170
1.820000	0.040622	10047.966878
1.872000	0.040521	10047.970654
1.924000	0.040420	10047.974590
1.976000	0.040320	10047.978611
2.028000	0.040220	10047.982776
2.080000	0.040121	10047.987054
2.132000	0.040022	10047.991475
2.184000	0.039923	10047.996014
2.236000	0.039824	10048.000664
2.288000	0.039726	10048.005448
2.340000	0.039628	10048.010326
2.392000	0.039530	10048.057755
2.444000	0.039433	10048.115186
2.496000	0.039336	10048.126363
2.548000	0.039239	10048.131725
2.600000	0.039143	10048.137296
2.652000	0.039047	10048.142914
2.704000	0.038951	10048.148735
2.756000	0.038856	10048.154582
2.808000	0.038761	10048.160648
2.860000	0.038666	10048.166737
2.912000	0.038572	10048.173063
2.964000	0.038478	10048.179427
3.016000	0.038384	10048.186009
3.068000	0.038290	10048.192637
3.120000	0.038197	10048.199420
3.172000	0.038104	10048.206279
3.224000	0.038011	10048.213318
3.276000	0.037919	10048.220452
3.328000	0.037827	10048.227747
3.380000	0.037735	10048.204663
3.432000	0.037644	10048.159890
3.484000	0.037553	10048.149756
3.536000	0.037462	10048.157508
3.588000	0.037371	10048.165412
3.640000	0.037281	10048.173419
3.692000	0.037191	10048.181598
3.744000	0.037101	10048.189862
3.796000	0.037012	10048.198274
3.848000	0.036923	10048.206738
3.900000	0.036834	10048.215411
3.952000	0.036746	10048.224131
4.004000	0.036657	10048.233079
4.056000	0.036569	10048.242055
4.108000	0.036482	10048.251251
4.160000	0.036394	10048.249967
4.212000	0.036307	10048.207099
4.264000	0.036220	10048.178810
4.316000	0.036134	10048.188494
4.368000	0.036047	10048.198235
4.420000	0.035961	10048.208175
4.472000	0.035876	10048.218175
4.524000	0.035790	10048.228315
4.576000	0.035705	10048.238551
4.628000	0.035620	10048.248947
4.680000	0.035535	10048.228759
4.732000	0.035451	10048.187115
4.784000	0.035367	10048.180328
4.836000	0.035283	10048.191209
4.888000	0.035199	10048.202225
4.940000	0.035116	10048.213333
4.992000	0.035033	10048.224613
5.044000	0.034950	10048.235978
5.096000	0.034867	10048.200655
5.148000	0.034785	10048.159951
5.200000	0.034703	10048.170353
5.252000	0.034621	10048.182202
5.304000	0.034540	10048.194254
5.356000	0.034458	10048.199650
5.408000	0.034377	10048.159679
5.460000	0.034297	10048.130446
5.512000	0.034216	10048.142974
5.564000	0.034136	10048.155545
5.616000	0.034056	10048.168356
5.668000	0.033976	10048.162416
5.720000	0.033897	10048.123132
5.772000	0.033817	10048.106763
5.824000	0.033738	10048.120030
5.876000	0.033660	10048.133385
5.928000	0.033581	10048.146880
5.980000	0.033503	10048.129575
6.032000	0.033425	10048.091031
6.084000	0.033347	10048.087562
6.136000	0.033269	10048.101542
6.188000	0.033192	10048.076663
6.240000	0.033115	10048.038574
6.292000	0.033038	10048.043694
6.344000	0.032961	10048.058158
6.396000	0.032885	10048.072792
6.448000	0.032809	10048.087483
6.500000	0.032733	10048.051272
6.552000	0.032657	10048.016780
6.604000	0.032582	10048.031907
6.656000	0.032507	10048.040157
6.708000	0.032432	10048.003258
6.760000	0.032357	10047.977317
6.812000	0.032283	10047.992943
6.864000	0.032208	10047.993634
6.916000	0.032134	10047.957221
6.968000	0.032060	10047.939877
7.020000	0.031987	10047.955987
7.072000	0.031913	10047.949113
7.124000	0.031840	10047.913155
7.176000	0.031767	10047.904380
7.228000	0.031695	10047.920946
7.280000	0.031622	10047.906495
7.332000	0.031550	10047.871021
7.384000	0.031478	10047.835654
7.436000	0.031406	10047.800380
7.488000	0.031335	10047.804475
7.540000	0.031263	10047.821753
7.592000	0.031192	10047.795952
7.644000	0.031121	10047.761190
7.696000	0.031050	10047.773871
7.748000	0.030980	10047.791605
7.800000	0.030909	10047.758219
7.852000	0.030839	10047.723913
7.904000	0.030769	10047.689787
7.956000	0.030700	10047.662796
8.008000	0.030630	10047.681236
8.060000	0.030561	10047.688543
8.112000	0.030492	10047.654916
8.164000	0.030423	10047.636521
8.216000	0.030354	10047.655418
8.268000	0.030286	10047.655142
8.320000	0.030218	10047.621998
8.372000	0.030150	10047.588918
8.424000	0.030082	10047.555975
8.476000	0.030014	10047.550433
8.528000	0.029947	10047.570013
8.580000	0.029880	10047.558360
8.632000	0.029813	10047.525900
8.684000	0.029746	10047.493548
8.736000	0.029679	10047.461288
8.788000	0.029613	10047.468616
8.840000	0.029547	10047.488909
8.892000	0.029481	10047.465886
8.944000	0.029415	10047.434110
8.996000	0.029349	10047.402486
9.048000	0.029284	10047.370910
9.100000	0.029219	10047.339547
9.152000	0.029154	10047.311521
9.204000	0.029089	10047.332678
9.256000	0.029024	10047.346521
9.308000	0.028960	10047.315652
9.360000	0.028895	10047.284802
9.412000	0.028831	10047.254134
9.464000	0.028767	10047.223508
9.516000	0.028704	10047.193095
9.568000	0.028640	10047.182182
9.620000	0.028577	10047.204265
9.672000	0.028514	10047.202930
9.724000	0.028451	10047.172945
9.776000	0.028388	10047.143049
9.828000	0.028325	10047.113292
9.880000	0.028263	10047.083640
9.932000	0.028201	10047.054111
9.984000	0.028139	10047.060314
10.036000	0.028077	10047.083309
10.088000	0.028015	10047.066777
10.140000	0.027953	10047.037676
10.192000	0.027892	10047.008731
10.244000	0.027831	10046.979858
10.296000	0.027770	10046.951158
10.348000	0.027709	10046.922512
10.400000	0.027649	10046.894057
10.452000	0.027588	10046.869150
10.504000	0.027528	10046.893236
10.556000	0.027468	10046.909792
10.608000	0.027408	10046.881798
10.660000	0.027348	10046.853826
10.712000	0.027289	10046.826059
10.764000	0.027229	10046.798328
10.816000	0.027170	10046.770761
10.868000	0.027111	10046.743251
10.920000	0.027052	10046.715912
10.972000	0.026994	10046.688647
11.024000	0.026935	10046.661536
11.076000	0.026877	10046.662263
11.128000	0.026818	10046.687677
11.180000	0.026760	10046.681395
11.232000	0.026703	10046.654713
11.284000	0.026645	10046.628138
11.336000	0.026587	10046.601655
11.388000	0.026530	10046.575313
11.440000	0.026473	10046.549058
11.492000	0.026416	10046.522961
11.544000	0.026359	10046.496933
11.596000	0.026302	10046.471059
11.648000	0.026246	10046.445232
11.700000	0.026189	10046.471582
11.752000	0.026133	10046.494549
11.804000	0.026077	10046.469132
11.856000	0.026021	10046.443734
11.908000	0.025965	10046.418531
11.960000	0.025910	10046.393350
12.012000	0.025854	10046.368374
12.064000	0.025799	10046.343433
12.116000	0.025744	10046.318657
12.168000	0.025689	10046.293932
12.220000	0.025634	10046.269356
12.272000	0.025580	10046.244854
12.324000	0.025525	10046.220506
12.376000	0.025471	10046.196237
12.428000	0.025417	10046.172089
12.480000	0.025363	10046.180055
12.532000	0.025309	10046.208431
12.584000	0.025255	10046.200855
12.636000	0.025201	10046.177107
12.688000	0.025148	10046.153500
12.740000	0.025095	10046.129980
12.792000	0.025042	10046.106599
12.844000	0.024989	10046.083278
12.896000	0.024936	10046.060133
12.948000	0.024883	10046.037041
13.000000	0.024831	10046.014093
13.052000	0.024778	10045.991172
13.104000	0.024726	10045.968435
13.156000	0.024674	10045.945718
13.208000	0.024622	10045.923221
13.260000	0.024570	10045.900745
13.312000	0.024519	10045.878448
13.364000	0.024467	10045.872249
13.416000	0.024416	10045.902420
13.468000	0.024365	10045.912544
13.520000	0.024314	10045.890647
13.572000	0.024263	10045.868816
13.624000	0.024212	10045.847119
13.676000	0.024161	10045.825492
13.728000	0.024111	10045.803967
13.780000	0.024060	10045.782551
13.832000	0.024010	10045.761254
13.884000	0.023960	10045.740052
13.936000	0.023910	10045.718928
13.988000	0.023860	10045.697945
14.040000	0.023811	10045.677048
14.092000	0.023761	10045.656271
14.144000	0.023712	10045.635547
14.196000	0.023663	10045.614976
14.248000	0.023613	10045.594451
14.300000	0.023564	10045.574096
14.352000	0.023516	10045.557936
14.404000	0.023467	10045.590065
14.456000	0.023418	10045.614008
14.508000	0.023370	10045.594079
14.560000	0.023322	10045.574169
14.612000	0.023273	10045.554412
14.664000	0.023225	10045.534688
14.716000	0.023177	10045.515103
14.768000	0.023130	10045.495577
14.820000	0.023082	10045.476220
14.872000	0.023034	10045.456920
14.924000	0.022987	10045.437736
14.976000	0.022940	10045.418621
15.028000	0.022893	10045.399609
15.080000	0.022846	10045.380692
15.132000	0.022799	10045.361880
15.184000	0.022752	10045.343178
15.236000	0.022706	10045.324565
15.288000	0.022659	10045.346581
15.340000	0.022613	10045.380437
15.392000	0.022566	10045.369873
15.444000	0.022520	10045.351633
15.496000	0.022474	10045.333526
15.548000	0.022429	10045.315457
15.600000	0.022383	10045.297535
15.652000	0.022337	10045.279639
15.704000	0.022292	10045.261928
15.756000	0.022246	10045.244235
15.808000	0.022201	10045.226707
15.860000	0.022156	10045.209202
15.912000	0.022111	10045.191873
15.964000	0.022066	10045.174578
16.016000	0.022021	10045.157422
16.068000	0.021977	10045.160853
16.120000	0.021932	10045.196165
16.172000	0.021888	10045.206955
16.224000	0.021844	10045.190143
16.276000	0.021799	10045.173414
16.328000	0.021755	10045.156802
16.380000	0.021711	10045.140261
16.432000	0.021668	10045.123794
16.484000	0.021624	10045.107438
16.536000	0.021580	10045.091171
16.588000	0.021537	10045.075012
16.640000	0.021494	10045.058917
16.692000	0.021450	10045.042944
16.744000	0.021407	10045.027021
16.796000	0.021364	10045.011232
16.848000	0.021321	10044.996043
16.900000	0.021279	10045.032735
16.952000	0.021236	10045.064852
17.004000	0.021194	10045.049433
17.056000	0.021151	10045.034030
17.108000	0.021109	10045.018792
17.160000	0.021067	10045.003575
17.212000	0.021025	10044.988509
17.264000	0.020983	10044.973476
17.316000	0.020941	10044.958582
17.368000	0.020899	10044.943735
17.420000	0.020857	10044.929013
17.472000	0.020816	10044.914341
17.524000	0.020775	10044.899764
17.576000	0.020733	10044.914107
17.628000	0.020692	10044.952026
17.680000	0.020651	10044.957138
17.732000	0.020610	10044.942905
17.784000	0.020569	10044.928769
17.836000	0.020528	10044.914709
17.888000	0.020488	10044.900740
17.940000	0.020447	10044.886823
17.992000	0.020407	10044.873029
18.044000	0.020366	10044.859285
18.096000	0.020326	10044.845676
18.148000	0.020286	10044.832104
18.200000	0.020246	10044.818680
18.252000	0.020206	10044.810098
18.304000	0.020166	10044.849129
18.356000	0.020127	10044.879315
18.408000	0.020087	10044.866201
18.460000	0.020048	10044.853107
18.512000	0.020008	10044.840165
18.564000	0.019969	10044.827256
18.616000	0.019930	10044.814485
18.668000	0.019891	10044.801755
18.720000	0.019852	10044.789128
18.772000	0.019813	10044.776553
18.824000	0.019774	10044.764071
18.876000	0.019735	10044.751661
18.928000	0.019697	10044.739352
18.980000	0.019658	10044.760209
19.032000	0.019620	10044.800340
19.084000	0.019582	10044.803418
19.136000	0.019544	10044.791398
19.188000	0.019506	10044.779487
19.240000	0.019468	10044.767639
19.292000	0.019430	10044.755894
19.344000	0.019392	10044.744190
19.396000	0.019354	10044.732599
19.448000	0.019317	10044.721040
19.500000	0.019279	10044.709628
19.552000	0.019242	10044.698241
19.604000	0.019204	10044.686961
19.656000	0.019167	10044.684772
19.708000	0.019130	10044.725966
19.760000	0.019093	10044.754063
19.812000	0.019056	10044.743105
19.864000	0.019020	10044.732177
19.916000	0.018983	10044.721363
19.968000	0.018946	10044.710582
20.020000	0.018910	10044.699886
20.072000	0.018873	10044.689249
20.124000	0.018837	10044.678724
20.176000	0.018801	10044.668261
20.228000	0.018764	10044.657881
20.280000	0.018728	10044.647572
20.332000	0.018692	10044.637337
20.384000	0.018657	10044.664520
20.436000	0.018621	10044.706697
20.488000	0.018585	10044.707593
20.540000	0.018549	10044.697646
20.592000	0.018514	10044.687782
20.644000	0.018479	10044.677952
20.696000	0.018443	10044.668236
20.748000	0.018408	10044.658550
20.800000	0.018373	10044.648989
20.852000	0.018338	10044.639448
20.904000	0.018303	10044.630041
20.956000	0.018268	10044.620648
21.008000	0.018233	10044.611365
21.060000	0.018198	10044.615433
21.112000	0.018164	10044.658590
21.164000	0.018129	10044.684404
21.216000	0.018095	10044.675409
21.268000	0.018060	10044.666447
21.320000	0.018026	10044.657568
21.372000	0.017992	10044.648741
21.424000	0.017958	10044.640007
21.476000	0.017924	10044.631335
21.528000	0.017890	10044.622745
21.580000	0.017856	10044.614200
21.632000	0.017822	10044.605700
21.684000	0.017789	10044.597298
21.736000	0.017755	10044.588970
21.788000	0.017722	10044.580717
21.840000	0.017688	10044.572505
21.892000	0.017655	10044.610027
21.944000	0.017622	10044.654228
21.996000	0.017589	10044.648855
22.048000	0.017555	10044.640905
22.100000	0.017522	10044.633055
22.152000	0.017489	10044.625221
22.204000	0.017457	10044.617496
22.256000	0.017424	10044.609784
22.308000	0.017391	10044.602180
22.360000	0.017359	10044.594595
22.412000	0.017326	10044.587136
22.464000	0.017294	10044.579701
22.516000	0.017261	10044.572358
22.568000	0.017229	10044.565057
22.620000	0.017197	10044.557858
22.672000	0.017165	10044.550692
22.724000	0.017133	10044.543583
22.776000	0.017101	10044.536535
22.828000	0.017069	10044.529571
22.880000	0.017037	10044.556399
22.932000	0.017005	10044.601820
22.984000	0.016974	10044.609535
23.036000	0.016942	10044.602804
23.088000	0.016911	10044.596148
23.140000	0.016879	10044.589533
23.192000	0.016848	10044.583002
23.244000	0.016817	10044.576504
23.296000	0.016786	10044.570099
23.348000	0.016755	10044.563718
23.400000	0.016724	10044.557413
23.452000	0.016693	10044.551120
23.504000	0.016662	10044.544964
23.556000	0.016631	10044.538820
23.608000	0.016600	10044.532758
23.660000	0.016570	10044.526716
23.712000	0.016539	10044.520798
23.764000	0.016509	10044.514900
23.816000	0.016478	10044.509071
23.868000	0.016448	10044.503276
23.920000	0.016418	10044.497563
23.972000	0.016388	10044.491893
24.024000	0.016357	10044.486298
24.076000	0.016327	10044.480741
24.128000	0.016297	10044.475235
24.180000	0.016268	10044.469788
24.232000	0.016238	10044.464398
24.284000	0.016208	10044.459076
24.336000	0.016178	10044.453803
24.388000	0.016149	10044.448606
24.440000	0.016119	10044.443450
24.492000	0.016090	10044.484443
24.544000	0.016060	10044.531672
24.596000	0.016031	10044.528869
24.648000	0.016002	10044.523919
24.700000	0.015973	10044.519045
24.752000	0.015944	10044.514184
24.804000	0.015915	10044.509433
24.856000	0.015886	10044.504692
24.908000	0.015857	10044.500033
24.960000	0.015828	10044.495391
25.012000	0.015799	10044.490848
25.064000	0.015770	10044.486326
25.116000	0.015742	10044.481873
25.168000	0.015713	10044.477446
25.220000	0.015685	10044.473082
25.272000	0.015656	10044.468760
25.324000	0.015628	10044.464513
25.376000	0.015600	10044.460316
25.428000	0.015572	10044.456186
25.480000	0.015543	10044.452086
25.532000	0.015515	10044.448017
25.584000	0.015487	10044.444015
25.636000	0.015460	10044.440063
25.688000	0.015432	10044.436168
25.740000	0.015404	10044.432305
25.792000	0.015376	10044.428526
25.844000	0.015348	10044.424779
25.896000	0.015321	10044.421080
25.948000	0.015293	10044.417395
26.000000	0.015266	10044.413811
26.052000	0.015238	10044.410243
26.104000	0.015211	10044.406757
26.156000	0.015184	10044.403282
26.208000	0.015157	10044.399888
26.260000	0.015130	10044.396508
26.312000	0.015103	10044.393203
26.364000	0.015076	10044.389918
26.416000	0.015049	10044.386702
26.468000	0.015022	10044.383521
26.520000	0.014995	10044.380422
26.572000	0.014968	10044.351023
26.624000	0.014941	10044.295689
26.676000	0.014915	10044.270757
26.728000	0.014888	10044.267809
26.780000	0.014862	10044.264905
26.832000	0.014835	10044.262046
26.884000	0.014809	10044.259238
26.936000	0.014783	10044.256468
26.988000	0.014756	10044.253756
27.040000	0.014730	10044.251075
27.092000	0.014704	10044.248458
27.144000	0.014678	10044.245866
27.196000	0.014652	10044.243345
27.248000	0.014626	10044.240841
27.300000	0.014600	10044.238391
27.352000	0.014574	10044.235949
27.404000	0.014549	10044.233618
27.456000	0.014523	10044.231296
27.508000	0.014497	10044.229029
27.560000	0.014472	10044.226773
27.612000	0.014446	10044.224567
27.664000	0.014421	10044.222388
27.716000	0.014395	10044.220299
27.768000	0.014370	10044.218229
27.820000	0.014345	10044.216202
27.872000	0.014320	10044.214207
27.924000	0.014294	10044.212269
27.976000	0.014269	10044.210370
28.028000	0.014244	10044.208522
28.080000	0.014219	10044.206704
28.132000	0.014194	10044.204916
28.184000	0.014170	10044.203164
28.236000	0.014145	10044.201438
28.288000	0.014120	10044.199789
28.340000	0.014095	10044.198180
28.392000	0.014071	10044.196593
28.444000	0.014046	10044.195018
28.496000	0.014022	10044.142758
28.548000	0.013997	10044.091525
28.600000	0.013973	10044.090093
28.652000	0.013948	10044.088668
28.704000	0.013924	10044.087354
28.756000	0.013900	10044.086048
28.808000	0.013876	10044.084769
28.860000	0.013852	10044.083506
28.912000	0.013827	10044.082317
28.964000	0.013803	10044.081149
29.016000	0.013779	10044.080049
29.068000	0.013756	10044.078961
29.120000	0.013732	10044.077895
29.172000	0.013708	10044.076862
29.224000	0.013684	10044.075886
29.276000	0.013661	10044.074949
29.328000	0.013637	10044.074061
29.380000	0.013613	10044.073205
29.432000	0.013590	10044.072380
29.484000	0.013566	10044.071589
29.536000	0.013543	10044.070825
29.588000	0.013520	10044.070100
29.640000	0.013496	10044.069397
29.692000	0.013473	10044.068738
29.744000	0.013450	10044.068097
29.796000	0.013427	10044.067527
29.848000	0.013404	10044.066974
29.900000	0.013381	10044.066474
29.952000	0.013358	10044.059204
30.004000	0.013335	10044.006447
30.056000	0.013312	10043.964519
30.108000	0.013289	10043.964175
30.160000	0.013266	10043.963839
30.212000	0.013243	10043.963528
30.264000	0.013221	10043.963234
30.316000	0.013198	10043.962985
30.368000	0.013176	10043.962756
30.420000	0.013153	10043.962569
30.472000	0.013131	10043.962406
30.524000	0.013108	10043.962280
30.576000	0.013086	10043.962195
30.628000	0.013064	10043.962159
30.680000	0.013041	10043.962140
30.732000	0.013019	10043.962138
30.784000	0.012997	10043.962171
30.836000	0.012975	10043.962231
30.888000	0.012953	10043.962330
30.940000	0.012931	10043.962451
30.992000	0.012909	10043.962638
31.044000	0.012887	10043.962848
31.096000	0.012865	10043.963083
31.148000	0.012843	10043.963327
31.200000	0.012822	10043.963598
31.252000	0.012800	10043.963876
31.304000	0.012778	10043.964239
31.356000	0.012757	10043.964609
31.408000	0.012735	10043.965034
31.460000	0.012713	10043.965466
31.512000	0.012692	10043.965925
31.564000	0.012671	10043.966399
31.616000	0.012649	10043.966920
31.668000	0.012628	10043.967460
31.720000	0.012607	10043.968042
31.772000	0.012585	10043.968647
31.824000	0.012564	10043.969291
31.876000	0.012543	10043.969962
31.928000	0.012522	10043.970668
31.980000	0.012501	10043.971390
32.032000	0.012480	10043.972130
32.084000	0.012459	10043.972905
32.136000	0.012438	10043.973706
32.188000	0.012417	10043.974528
32.240000	0.012396	10043.975363
32.292000	0.012376	10043.976242
32.344000	0.012355	10043.977139
32.396000	0.012334	10043.978084
32.448000	0.012314	10043.979042
32.500000	0.012293	10043.980053
32.552000	0.012273	10043.981072
32.604000	0.012252	10043.982122
32.656000	0.012232	10043.983177
32.708000	0.012211	10043.984261
32.760000	0.012191	10043.983827
32.812000	0.012171	10043.979742
32.864000	0.012150	10043.979541
32.916000	0.012130	10043.985977
32.968000	0.012110	10043.990088
33.020000	0.012090	10043.991329
33.072000	0.012070	10043.995335
33.124000	0.012050	10044.001868
33.176000	0.012030	10044.005270
33.228000	0.012010	10044.006607
33.280000	0.011990	10044.011525
33.332000	0.011970	10044.018154
33.384000	0.011950	10044.024801
33.436000	0.011930	10044.031463
33.488000	0.011911	10044.038166
33.540000	0.011891	10044.044890
33.592000	0.011871	10044.046855
33.644000	0.011852	10044.048355
33.696000	0.011832	10044.055093
33.748000	0.011813	10044.061913
33.800000	0.011793	10044.068760
33.852000	0.011774	10044.076357
33.904000	0.011755	10044.088470
33.956000	0.011735	10044.099441
34.008000	0.011716	10044.106359
34.060000	0.011697	10044.113289
34.112000	0.011677	10044.120268
34.164000	0.011658	10044.127257
34.216000	0.011639	10044.134271
34.268000	0.011620	10044.143655
34.320000	0.011601	10044.155932
34.372000	0.011582	10044.165470
34.424000	0.011563	10044.172580
34.476000	0.011544	10044.182872
34.528000	0.011525	10044.195245
34.580000	0.011506	10044.204064
34.632000	0.011488	10044.211242
34.684000	0.011469	10044.222414
34.736000	0.011450	10044.234856
34.788000	0.011431	10044.247338
34.840000	0.011413	10044.259841
34.892000	0.011394	10044.267564
34.944000	0.011376	10044.274843
34.996000	0.011357	10044.287359
35.048000	0.011339	10044.299931
35.100000	0.011320	10044.312530
35.152000	0.011302	10044.325135
35.204000	0.011284	10044.337770
35.256000	0.011265	10044.350414
35.308000	0.011247	10044.363111
35.360000	0.011229	10044.377385
35.412000	0.011210	10044.395319
35.464000	0.011192	10044.411291
35.516000	0.011174	10044.424057
35.568000	0.011156	10044.436826
35.620000	0.011138	10044.449598
35.672000	0.011120	10044.465179
35.724000	0.011102	10044.483243
35.776000	0.011084	10044.498134
35.828000	0.011066	10044.511002
35.880000	0.011048	10044.527481
35.932000	0.011031	10044.545613
35.984000	0.011013	10044.559751
36.036000	0.010995	10044.572660
36.088000	0.010978	10044.590010
36.140000	0.010960	10044.608211
36.192000	0.010942	10044.626435
36.244000	0.010925	10044.644670
36.296000	0.010907	10044.662931
36.348000	0.010890	10044.680816
36.400000	0.010872	10044.693884
36.452000	0.010855	10044.707744
36.504000	0.010837	10044.726049
36.556000	0.010820	10044.745554
36.608000	0.010803	10044.769151
36.660000	0.010785	10044.791161
36.712000	0.010768	10044.809563
36.764000	0.010751	10044.827968
36.816000	0.010734	10044.846376
36.868000	0.010717	10044.864805
36.920000	0.010700	10044.883275
36.972000	0.010682	10044.904555
37.024000	0.010665	10044.928262
37.076000	0.010648	10044.948773
37.128000	0.010631	10044.967285
37.180000	0.010615	10044.985814
37.232000	0.010598	10045.004359
37.284000	0.010581	10045.026943
37.336000	0.010564	10045.050753
37.388000	0.010547	10045.074584
37.440000	0.010531	10045.098428
37.492000	0.010514	10045.117447
37.544000	0.010497	10045.136069
37.596000	0.010481	10045.159945
37.648000	0.010464	10045.183830
37.700000	0.010447	10045.207769
37.752000	0.010431	10045.231714
37.804000	0.010414	10045.255636
37.856000	0.010398	10045.279566
37.908000	0.010381	10045.303549
37.960000	0.010365	10045.327541
38.012000	0.010349	10045.351559
38.064000	0.010332	10045.375580
38.116000	0.010316	10045.399605
38.168000	0.010300	10045.423641
38.220000	0.010284	10045.447700
38.272000	0.010267	10045.471762
38.324000	0.010251	10045.495828
38.376000	0.010235	10045.519923
38.428000	0.010219	10045.544051
38.480000	0.010203	10045.568181
38.532000	0.010187	10045.592316
38.584000	0.010171	10045.620493
38.636000	0.010155	10045.649864
38.688000	0.010139	10045.674832
38.740000	0.010123	10045.699036
38.792000	0.010107	10045.723242
38.844000	0.010092	10045.747474
38.896000	0.010076	10045.776940
38.948000	0.010060	10045.805988
39.000000	0.010044	10045.830235
39.052000	0.010029	10045.855316
39.104000	0.010013	10045.884827
39.156000	0.009998	10045.913111
39.208000	0.009982	10045.937426
39.260000	0.009966	10045.963384
39.312000	0.009951	10045.992937
39.364000	0.009935	10046.022499
39.416000	0.009920	10046.052086
39.468000	0.009904	10046.079230
39.520000	0.009889	10046.103595
39.572000	0.009874	10046.130823
39.624000	0.009858	10046.160451
39.676000	0.009843	10046.190095
39.728000	0.009828	10046.219759
39.780000	0.009813	10046.249424
39.832000	0.009797	10046.279094
39.884000	0.009782	10046.304722
39.936000	0.009767	10046.329197
39.988000	0.009752	10046.358140
40.040000	0.009737	10046.387851
40.092000	0.009722	10046.417586
40.144000	0.009707	10046.447332
40.196000	0.009692	10046.477080
40.248000	0.009677	10046.506832
40.300000	0.009662	10046.536613
40.352000	0.009647	10046.566400
40.404000	0.009632	10046.596190
40.456000	0.009617	10046.624730
40.508000	0.009603	10046.649325
40.560000	0.009588	10046.675583
40.612000	0.009573	10046.705414
40.664000	0.009558	10046.735256
40.716000	0.009544	10046.765122
40.768000	0.009529	10046.794991
40.820000	0.009514	10046.824864
40.872000	0.009500	10046.854751
40.924000	0.009485	10046.884659
40.976000	0.009471	10046.914569
41.028000	0.009456	10046.944484
41.080000	0.009442	10046.974416
41.132000	0.009427	10047.004366
41.184000	0.009413	10047.034318
41.236000	0.009398	10047.064274
41.288000	0.009384	10047.094233
41.340000	0.009370	10047.124196
41.392000	0.009356	10047.149292
41.444000	0.009341	10047.174126
41.496000	0.009327	10047.204127
41.548000	0.009313	10047.234132
41.600000	0.009299	10047.264165
41.652000	0.009284	10047.294205
41.704000	0.009270	10047.324247
41.756000	0.009256	10047.354293
41.808000	0.009242	10047.384342
41.860000	0.009228	10047.412717
41.912000	0.009214	10047.437563
41.964000	0.009200	10047.464501
42.016000	0.009186	10047.494596
42.068000	0.009172	10047.524696
42.120000	0.009158	10047.554805
42.172000	0.009145	10047.584921
42.224000	0.009131	10047.615046
42.276000	0.009117	10047.641881
42.328000	0.009103	10047.666795
42.380000	0.009089	10047.695418
42.432000	0.009076	10047.725577
42.484000	0.009062	10047.751637
42.536000	0.009048	10047.776582
42.588000	0.009035	10047.806044
42.640000	0.009021	10047.836234
42.692000	0.009007	10047.861521
42.744000	0.008994	10047.886587
42.796000	0.008980	10047.916802
42.848000	0.008967	10047.946531
42.900000	0.008953	10047.971532
42.952000	0.008940	10047.997434
43.004000	0.008926	10048.027678
43.056000	0.008913	10048.056627
43.108000	0.008900	10048.081660
43.160000	0.008886	10048.106698
43.212000	0.008873	10048.131744
43.264000	0.008860	10048.156794
43.316000	0.008846	10048.181853
43.368000	0.008833	10048.206917
43.420000	0.008820	10048.231991
43.472000	0.008807	10048.259986
43.524000	0.008794	10048.290303
43.576000	0.008780	10048.317306
43.628000	0.008767	10048.342410
43.680000	0.008754	10048.363794
43.732000	0.008741	10048.383680
43.784000	0.008728	10048.407699
43.836000	0.008715	10048.432828
43.888000	0.008702	10048.457961
43.940000	0.008689	10048.483099
43.992000	0.008676	10048.508246
44.044000	0.008663	10048.533290
44.096000	0.008651	10048.553222
44.148000	0.008638	10048.573673
44.200000	0.008625	10048.598847
44.252000	0.008612	10048.623109
44.304000	0.008599	10048.643065
44.356000	0.008587	10048.664346
44.408000	0.008574	10048.689545
44.460000	0.008561	10048.713022
44.512000	0.008548	10048.733003
44.564000	0.008536	10048.752990
44.616000	0.008523	10048.772984
44.668000	0.008511	10048.792982
44.720000	0.008498	10048.812984
44.772000	0.008485	10048.832992
44.824000	0.008473	10048.853011
44.876000	0.008460	10048.873031
44.928000	0.008448	10048.893057
44.980000	0.008435	10048.913087
45.032000	0.008423	10048.933126
45.084000	0.008411	10048.953168
45.136000	0.008398	10048.973217
45.188000	0.008386	10048.993270
45.240000	0.008374	10049.013329
45.292000	0.008361	10049.028435
45.344000	0.008349	10049.043406
45.396000	0.008337	10049.063480
45.448000	0.008324	10049.083024
45.500000	0.008312	10049.097879
45.552000	0.008300	10049.112738
45.604000	0.008288	10049.127604
45.656000	0.008276	10049.142474
45.708000	0.008264	10049.157350
45.760000	0.008252	10049.173976
45.812000	0.008239	10049.194090
45.864000	0.008227	10049.209905
45.916000	0.008215	10049.219569
45.968000	0.008203	10049.231793
46.020000	0.008191	10049.246697
46.072000	0.008180	10049.261604
46.124000	0.008168	10049.276517
46.176000	0.008156	10049.291431
46.228000	0.008144	10049.306352
46.280000	0.008132	10049.317509
46.332000	0.008120	10049.327211
46.384000	0.008108	10049.341085
46.436000	0.008096	10049.356024
46.488000	0.008085	10049.366390
46.540000	0.008073	10049.376107
46.592000	0.008061	10049.385827
46.644000	0.008050	10049.395552
46.696000	0.008038	10049.405280
46.748000	0.008026	10049.415013
46.800000	0.008015	10049.424749
46.852000	0.008003	10049.434489
46.904000	0.007991	10049.444233
46.956000	0.007980	10049.452615
47.008000	0.007968	10049.457136
47.060000	0.007957	10049.463431
47.112000	0.007945	10049.473189
47.164000	0.007934	10049.482951
47.216000	0.007922	10049.492716
47.268000	0.007911	10049.499908
47.320000	0.007899	10049.504451
47.372000	0.007888	10049.508995
47.424000	0.007877	10049.513545
47.476000	0.007865	10049.518096
47.528000	0.007854	10049.522653
47.580000	0.007843	10049.527212
47.632000	0.007831	10049.531777
47.684000	0.007820	10049.536342
47.736000	0.007809	10049.540911
47.788000	0.007798	10049.545481
47.840000	0.007787	10049.550056
47.892000	0.007775	10049.554631
47.944000	0.007764	10049.559036
47.996000	0.007753	10049.558388
48.048000	0.007742	10049.558325
48.100000	0.007731	10049.562910
48.152000	0.007720	10049.566517
48.204000	0.007709	10049.565880
48.256000	0.007698	10049.565247
48.308000	0.007687	10049.564616
48.360000	0.007676	10049.563988
48.412000	0.007665	10049.563362
48.464000	0.007654	10049.562738
48.516000	0.007643	10049.562114
48.568000	0.007632	10049.561494
48.620000	0.007621	10049.560879
48.672000	0.007610	10049.560263
48.724000	0.007600	10049.559651
48.776000	0.007589	10049.555631
48.828000	0.007578	10049.549792
48.880000	0.007567	10049.547765
48.932000	0.007556	10049.547163
48.984000	0.007546	10049.542343
49.036000	0.007535	10049.536511
49.088000	0.007524	10049.530681
49.140000	0.007514	10049.524857
49.192000	0.007503	10049.524051
49.244000	0.007492	10049.523260
49.296000	0.007482	10049.517436
49.348000	0.007471	10049.511616
49.400000	0.007461	10049.505795
49.452000	0.007450	10049.498973
49.504000	0.007439	10049.487925
49.556000	0.007429	10049.478288
49.608000	0.007418	10049.472472
49.660000	0.007408	10049.466659
49.712000	0.007398	10049.460849
49.764000	0.007387	10049.452823
49.816000	0.007377	10049.441783
49.868000	0.007366	10049.433364
49.920000	0.007356	10049.427557
49.972000	0.007346	10049.418724
50.024000	0.007335	10049.407687
50.076000	0.007325	10049.396650
50.128000	0.007315	10049.385619
50.180000	0.007304	10049.374585
50.232000	0.007294	10049.363553
50.284000	0.007284	10049.356757
50.336000	0.007274	10049.350957
50.388000	0.007263	10049.335874
50.440000	0.007253	10049.319615
50.492000	0.007243	10049.308396
50.544000	0.007233	10049.297367
50.596000	0.007223	10049.286336
50.648000	0.007213	10049.275309
50.700000	0.007203	10049.264278
50.752000	0.007193	10049.252224
50.804000	0.007182	10049.235963
50.856000	0.007172	10049.221136
50.908000	0.007162	10049.210105
50.960000	0.007152	10049.197241
51.012000	0.007142	10049.180981
51.064000	0.007133	10049.166960
51.116000	0.007123	10049.155929
51.168000	0.007113	10049.142256
51.220000	0.007103	10049.125997
51.272000	0.007093	10049.109736
51.324000	0.007083	10049.093477
51.376000	0.007073	10049.077213
51.428000	0.007063	10049.060952
51.480000	0.007054	10049.044687
51.532000	0.007044	10049.028425
51.584000	0.007034	10049.012158
51.636000	0.007024	10048.995894
51.688000	0.007014	10048.979626
51.740000	0.007005	10048.963361
51.792000	0.006995	10048.947088
51.844000	0.006985	10048.930818
51.896000	0.006976	10048.914549
51.948000	0.006966	10048.898285
52.000000	0.006956	10048.881997
52.052000	0.006947	10048.864665
52.104000	0.006937	10048.843156
52.156000	0.006928	10048.823103
52.208000	0.006918	10048.806833
52.260000	0.006909	10048.790560
52.312000	0.006899	10048.774270
52.364000	0.006890	10048.755724
52.416000	0.006880	10048.734214
52.468000	0.006871	10048.715371
52.520000	0.006861	10048.699099
52.572000	0.006852	10048.679749
52.624000	0.006842	10048.658229
52.676000	0.006833	10048.640169
52.728000	0.006823	10048.623859
52.780000	0.006814	10048.603676
52.832000	0.006805	10048.582146
52.884000	0.006795	10048.560618
52.936000	0.006786	10048.539096
52.988000	0.006777	10048.522240
53.040000	0.006767	10048.505929
53.092000	0.006758	10048.484510
53.144000	0.006749	10048.462950
53.196000	0.006740	10048.441419
53.248000	0.006731	10048.419895
53.300000	0.006721	10048.398321
53.352000	0.006712	10048.377821
53.404000	0.006703	10048.361484
53.456000	0.006694	10048.343678
53.508000	0.006685	10048.322121
53.560000	0.006676	10048.300562
53.612000	0.006666	10048.278987
53.664000	0.006657	10048.257407
53.716000	0.006648	10048.235813
53.768000	0.006639	10048.214222
53.820000	0.006630	10048.192637
53.872000	0.006621	10048.171054
53.924000	0.006612	10048.149479
53.976000	0.006603	10048.131385
54.028000	0.006594	10048.115020
54.080000	0.006585	10048.094743
54.132000	0.006576	10048.073131
54.184000	0.006567	10048.051520
54.236000	0.006559	10048.029916
54.288000	0.006550	10048.008294
54.340000	0.006541	10047.986671
54.392000	0.006532	10047.965028
54.444000	0.006523	10047.943386
54.496000	0.006514	10047.921748
54.548000	0.006505	10047.900115
54.600000	0.006497	10047.878459
54.652000	0.006488	10047.856807
54.704000	0.006479	10047.835160
54.756000	0.006470	10047.815005
54.808000	0.006462	10047.798542
54.860000	0.006453	10047.780189
54.912000	0.006444	10047.758533
54.964000	0.006436	10047.736864
55.016000	0.006427	10047.715162
55.068000	0.006418	10047.693463
55.120000	0.006410	10047.671771
55.172000	0.006401	10047.653180
55.224000	0.006392	10047.636699
55.276000	0.006384	10047.616690
55.328000	0.006375	10047.594961
55.380000	0.006367	10047.573235
55.432000	0.006358	10047.551515
55.484000	0.006350	10047.534102
55.536000	0.006341	10047.517594
55.588000	0.006333	10047.496340
55.640000	0.006324	10047.474583
55.692000	0.006316	10047.452829
55.744000	0.006307	10047.431388
55.796000	0.006299	10047.414823
55.848000	0.006290	10047.397549
55.900000	0.006282	10047.375759
55.952000	0.006274	10047.355086
56.004000	0.006265	10047.338509
56.056000	0.006257	10047.320413
56.108000	0.006248	10047.298588
56.160000	0.006240	10047.278688
56.212000	0.006232	10047.262102
56.264000	0.006224	10047.245502
56.316000	0.006215	10047.228871
56.368000	0.006207	10047.209512
56.420000	0.006199	10047.187661
56.472000	0.006190	10047.168933
56.524000	0.006182	10047.152293
56.576000	0.006174	10047.135640
56.628000	0.006166	10047.118983
56.680000	0.006158	10047.102310
56.732000	0.006149	10047.085634
56.784000	0.006141	10047.068942
56.836000	0.006133	10047.052248
56.888000	0.006125	10047.035535
56.940000	0.006117	10047.018823
56.992000	0.006109	10047.002114
57.044000	0.006101	10046.985411
57.096000	0.006093	10046.968661
57.148000	0.006085	10046.951912
57.200000	0.006077	10046.935140
57.252000	0.006069	10046.919508
57.304000	0.006061	10046.907976
57.356000	0.006053	10046.894900
57.408000	0.006045	10046.878093
57.460000	0.006037	10046.861289
57.512000	0.006029	10046.844492
57.564000	0.006021	10046.830029
57.616000	0.006013	10046.818416
57.668000	0.006005	10046.804054
57.720000	0.005997	10046.787222
57.772000	0.005989	10046.773522
57.824000	0.005981	10046.761874
57.876000	0.005973	10046.750213
57.928000	0.005965	10046.738548
57.980000	0.005958	10046.722921
58.032000	0.005950	10046.706036
58.084000	0.005942	10046.693481
58.136000	0.005934	10046.681780
58.188000	0.005926	10046.670060
58.240000	0.005919	10046.658341
58.292000	0.005911	10046.646602
58.344000	0.005903	10046.634864
58.396000	0.005895	10046.623105
58.448000	0.005888	10046.611350
58.500000	0.005880	10046.599544
58.552000	0.005872	10046.588901
58.604000	0.005865	10046.582335
58.656000	0.005857	10046.574204
58.708000	0.005849	10046.562363
58.760000	0.005842	10046.550520
58.812000	0.005834	10046.538663
58.864000	0.005827	10046.529169
58.916000	0.005819	10046.522524
58.968000	0.005811	10046.513098
59.020000	0.005804	10046.501206
59.072000	0.005796	10046.492467
59.124000	0.005789	10046.485760
59.176000	0.005781	10046.479040
59.228000	0.005774	10046.472315
59.280000	0.005766	10046.461591
59.332000	0.005759	10046.449619
59.384000	0.005751	10046.442019
59.436000	0.005744	10046.435260
59.488000	0.005736	10046.428460
59.540000	0.005729	10046.421655
59.592000	0.005721	10046.414830
59.644000	0.005714	10046.408017
59.696000	0.005707	10046.401183
59.748000	0.005699	10046.395129
59.800000	0.005692	10046.393478
59.852000	0.005685	10046.390652
59.904000	0.005677	10046.383755
59.956000	0.005670	10046.376853
60.008000	0.005663	10046.369912
60.060000	0.005655	10046.364955
60.112000	0.005648	10046.363226
60.164000	0.005641	10046.359101
60.216000	0.005633	10046.352126
60.268000	0.005626	10046.347927
60.320000	0.005619	10046.346137
60.372000	0.005612	10046.344336
60.424000	0.005604	10046.342529
60.476000	0.005597	10046.337091
60.528000	0.005590	10046.330010
60.580000	0.005583	10046.326903
60.632000	0.005576	10046.325007
60.684000	0.005569	10046.323113
60.736000	0.005561	10046.321227
60.788000	0.005554	10046.319279
60.840000	0.005547	10046.317321
60.892000	0.005540	10046.315342
60.944000	0.005533	10046.313366
60.996000	0.005526	10046.311369
61.048000	0.005519	10046.310172
61.100000	0.005512	10046.313359
61.152000	0.005505	10046.315345
61.204000	0.005498	10046.313257
61.256000	0.005491	10046.311165
61.308000	0.005484	10046.309034
61.360000	0.005477	10046.308908
61.412000	0.005470	10046.311990
61.464000	0.005463	10046.312653
61.516000	0.005456	10046.310489
61.568000	0.005449	10046.311111
61.620000	0.005442	10046.314104
61.672000	0.005435	10046.317086
61.724000	0.005428	10046.320064
61.776000	0.005421	10046.319388
61.828000	0.005414	10046.317091
61.880000	0.005407	10046.318790
61.932000	0.005400	10046.321678
61.984000	0.005394	10046.324549
62.036000	0.005387	10046.327420
62.088000	0.005380	10046.330252
62.140000	0.005373	10046.333079
62.192000	0.005366	10046.335862
62.244000	0.005359	10046.338644
62.296000	0.005353	10046.341379
62.348000	0.005346	10046.344116
62.400000	0.005339	10046.346803
62.452000	0.005332	10046.349492
62.504000	0.005326	10046.352136
62.556000	0.005319	10046.356406
62.608000	0.005312	10046.364264
62.660000	0.005305	10046.370075
62.712000	0.005299	10046.372631
62.764000	0.005292	10046.375182
62.816000	0.005285	10046.377723
62.868000	0.005279	10046.383071
62.920000	0.005272	10046.390770
62.972000	0.005265	10046.395216
63.024000	0.005259	10046.397669
63.076000	0.005252	10046.400094
63.128000	0.005245	10046.402503
63.180000	0.005239	10046.408912
63.232000	0.005232	10046.416480
63.284000	0.005226	10046.424030
63.336000	0.005219	10046.431581
63.388000	0.005213	10046.434212
63.440000	0.005206	10046.436493
63.492000	0.005200	10046.443929
63.544000	0.005193	10046.451363
63.596000	0.005186	10046.458751
63.648000	0.005180	10046.465300
63.700000	0.005174	10046.467412
63.752000	0.005167	10046.470768
63.804000	0.005161	10046.478066
63.856000	0.005154	10046.485359
63.908000	0.005148	10046.492613
63.960000	0.005141	10046.499851
64.012000	0.005135	10046.507035
64.064000	0.005128	10046.514203
64.116000	0.005122	10046.521344
64.168000	0.005116	10046.528465
64.220000	0.005109	10046.535562
64.272000	0.005103	10046.542634
64.324000	0.005096	10046.549689
64.376000	0.005090	10046.556698
64.428000	0.005084	10046.563681
64.480000	0.005077	10046.570631
64.532000	0.005071	10046.577570
64.584000	0.005065	10046.584472
64.636000	0.005059	10046.591368
64.688000	0.005052	10046.598201
64.740000	0.005046	10046.605025
64.792000	0.005040	10046.611806
64.844000	0.005033	10046.618586
64.896000	0.005027	10046.625293
64.948000	0.005021	10046.632001
65.000000	0.005015	10046.638660
65.052000	0.005009	10046.645318
65.104000	0.005002	10046.651907
65.156000	0.004996	10046.658491
65.208000	0.004990	10046.665037
65.260000	0.004984	10046.671574
65.312000	0.004978	10046.678078
65.364000	0.004971	10046.687026
65.416000	0.004965	10046.698661
65.468000	0.004959	10046.707394
65.520000	0.004953	10046.713757
65.572000	0.004947	10046.720095
65.624000	0.004941	10046.726416
65.676000	0.004935	10046.732691
65.728000	0.004929	10046.738940
65.780000	0.004923	10046.745139
65.832000	0.004917	10046.751318
65.884000	0.004910	10046.757459
65.936000	0.004904	10046.763595
65.988000	0.004898	10046.774569
66.040000	0.004892	10046.785787
66.092000	0.004886	10046.791784
66.144000	0.004880	10046.797777
66.196000	0.004874	10046.803697
66.248000	0.004868	10046.809618
66.300000	0.004862	10046.815492
66.352000	0.004856	10046.821360
66.404000	0.004850	10046.827135
66.456000	0.004845	10046.832906
66.508000	0.004839	10046.838640
66.560000	0.004833	10046.844356
66.612000	0.004827	10046.850020
66.664000	0.004821	10046.858159
66.716000	0.004815	10046.868983
66.768000	0.004809	10046.876871
66.820000	0.004803	10046.882395
66.872000	0.004797	10046.887880
66.924000	0.004791	10046.893334
66.976000	0.004786	10046.898743
67.028000	0.004780	10046.904127
67.080000	0.004774	10046.909478
67.132000	0.004768	10046.914819
67.184000	0.004762	10046.920083
67.236000	0.004757	10046.925326
67.288000	0.004751	10046.930507
67.340000	0.004745	10046.935679
67.392000	0.004739	10046.940784
67.444000	0.004733	10046.945886
67.496000	0.004728	10046.950888
67.548000	0.004722	10046.954985
67.600000	0.004716	10046.954710
67.652000	0.004710	10046.955743
67.704000	0.004705	10046.960629
67.756000	0.004699	10046.965499
67.808000	0.004693	10046.970288
67.860000	0.004688	10046.975060
67.912000	0.004682	10046.979779
67.964000	0.004676	10046.984474
68.016000	0.004671	10046.989124
68.068000	0.004665	10046.990805
68.120000	0.004659	10046.990129
68.172000	0.004654	10046.992743
68.224000	0.004648	10046.997227
68.276000	0.004642	10046.997932
68.328000	0.004637	10046.997116
68.380000	0.004631	10047.000369
68.432000	0.004626	10047.004685
68.484000	0.004620	10047.004403
68.536000	0.004614	10047.003420
68.588000	0.004609	10047.007320
68.640000	0.004603	10047.011377
68.692000	0.004598	10047.010232
68.744000	0.004592	10047.009605
68.796000	0.004587	10047.013584
68.848000	0.004581	10047.016635
68.900000	0.004576	10047.015311
68.952000	0.004570	10047.013984
69.004000	0.004565	10047.012591
69.056000	0.004559	10047.011182
69.108000	0.004554	10047.009693
69.160000	0.004548	10047.008178
69.212000	0.004543	10047.006593
69.264000	0.004537	10047.004972
69.316000	0.004532	10047.003290
69.368000	0.004527	10047.001575
69.420000	0.004521	10046.999825
69.472000	0.004516	10046.998020
69.524000	0.004510	10046.996173
69.576000	0.004505	10046.994280
69.628000	0.004500	10046.992363
69.680000	0.004494	10046.990359
69.732000	0.004489	10046.988317
69.784000	0.004483	10046.981656
69.836000	0.004478	10046.974315
69.888000	0.004473	10046.971857
69.940000	0.004467	10046.969508
69.992000	0.004462	10046.961978
70.044000	0.004457	10046.954989
70.096000	0.004451	10046.952611
70.148000	0.004446	10046.949282
70.200000	0.004441	10046.941547
70.252000	0.004436	10046.933806
70.304000	0.004430	10046.925975
70.356000	0.004425	10046.918134
70.408000	0.004420	10046.910235
70.460000	0.004414	10046.902303
70.512000	0.004409	10046.894281
70.564000	0.004404	10046.886224
70.616000	0.004399	10046.878106
70.668000	0.004394	10046.869955
70.720000	0.004388	10046.861769
70.772000	0.004383	10046.850142
70.824000	0.004378	10046.836603
70.876000	0.004373	10046.826779
70.928000	0.004368	10046.818373
70.980000	0.004362	10046.805716
71.032000	0.004357	10046.791984
71.084000	0.004352	10046.778153
71.136000	0.004347	10046.764297
71.188000	0.004342	10046.750378
71.240000	0.004337	10046.736453
71.292000	0.004332	10046.722411
71.344000	0.004326	10046.708362
71.396000	0.004321	10046.694186
71.448000	0.004316	10046.680009
71.500000	0.004311	10046.665760
71.552000	0.004306	10046.650127
71.604000	0.004301	10046.630526
71.656000	0.004296	10046.610909
71.708000	0.004291	10046.591213
71.760000	0.004286	10046.573666
71.812000	0.004281	10046.559077
71.864000	0.004276	10046.541865
71.916000	0.004271	10046.521951
71.968000	0.004266	10046.498989
72.020000	0.004261	10046.473723
72.072000	0.004256	10046.451797
72.124000	0.004251	10046.431665
72.176000	0.004246	10046.407655
72.228000	0.004241	10046.382171
72.280000	0.004236	10046.356615
72.332000	0.004231	10046.331034
72.384000	0.004226	10046.305355
72.436000	0.004221	10046.279650
72.488000	0.004216	10046.253838
72.540000	0.004211	10046.228010
72.592000	0.004206	10046.202089
72.644000	0.004201	10046.175576
72.696000	0.004196	10046.144296
72.748000	0.004191	10046.113012
72.800000	0.004187	10046.081605
72.852000	0.004182	10046.050188
72.904000	0.004177	10046.018659
72.956000	0.004172	10045.985312
73.008000	0.004167	10045.948459
73.060000	0.004162	10045.911572
73.112000	0.004157	10045.874597
73.164000	0.004152	10045.837576
73.216000	0.004148	10045.800478
73.268000	0.004143	10045.763323
73.320000	0.004138	10045.726104
73.372000	0.004133	10045.685399
73.424000	0.004128	10045.642828
73.476000	0.004124	10045.600177
73.528000	0.004119	10045.557483
73.580000	0.004114	10045.514700
73.632000	0.004109	10045.471883
73.684000	0.004104	10045.424338
73.736000	0.004100	10045.376169
73.788000	0.004095	10045.327891
73.840000	0.004090	10045.279392
73.892000	0.004085	10045.225752
73.944000	0.004081	10045.172719
73.996000	0.004076	10045.124149
74.048000	0.004071	10045.073548
74.100000	0.004067	10045.014422
74.152000	0.004062	10044.956699
74.204000	0.004057	10044.902653
74.256000	0.004053	10044.844939
74.308000	0.004048	10044.780312
74.360000	0.004043	10044.717877
74.412000	0.004039	10044.658358
74.464000	0.004034	10044.596163
74.516000	0.004029	10044.531293
74.568000	0.004025	10044.463319
74.620000	0.004020	10044.393071
74.672000	0.004015	10044.322753
74.724000	0.004011	10044.252384
74.776000	0.004006	10044.181918
74.828000	0.004001	10044.111399
74.880000	0.003997	10044.036543
74.932000	0.003992	10043.960672
74.984000	0.003988	10043.880051
75.036000	0.003983	10043.798828
75.088000	0.003979	10043.717474
75.140000	0.003974	10043.635872
75.192000	0.003969	10043.549152
75.244000	0.003965	10043.462427
75.296000	0.003960	10043.375548
75.348000	0.003956	10043.286592
75.400000	0.003951	10043.189101
75.452000	0.003947	10043.093041
75.504000	0.003942	10043.000659
75.556000	0.003938	10042.904560
75.608000	0.003933	10042.801571
75.660000	0.003929	10042.698547
75.712000	0.003924	10042.595438
75.764000	0.003920	10042.489619
75.816000	0.003915	10042.381132
75.868000	0.003911	10042.272574
75.920000	0.003906	10042.163939
75.972000	0.003902	10042.048298
76.024000	0.003897	10041.929056
76.076000	0.003893	10041.809715
76.128000	0.003889	10041.690323
76.180000	0.003884	10041.566573
76.232000	0.003880	10041.441830
76.284000	0.003875	10041.312294
76.336000	0.003871	10041.182173
76.388000	0.003866	10041.046843
76.440000	0.003862	10040.911092
76.492000	0.003858	10040.770193
76.544000	0.003853	10040.629287
76.596000	0.003849	10040.488252
76.648000	0.003845	10040.345098
76.700000	0.003840	10040.193454
76.752000	0.003836	10040.040333
76.804000	0.003831	10039.883312
76.856000	0.003827	10039.724396
76.908000	0.003823	10039.561998
76.960000	0.003818	10039.399557
77.012000	0.003814	10039.237012
77.064000	0.003810	10039.069061
77.116000	0.003806	10038.895910
77.168000	0.003801	10038.716518
77.220000	0.003797	10038.532732
77.272000	0.003793	10038.348861
77.324000	0.003788	10038.164927
77.376000	0.003784	10037.977027
77.428000	0.003780	10037.787743
77.480000	0.003776	10037.589733
77.532000	0.003771	10037.389786
77.584000	0.003767	10037.185046
77.636000	0.003763	10036.979749
77.688000	0.003759	10036.764101
77.740000	0.003754	10036.548170
77.792000	0.003750	10036.332094
77.844000	0.003746	10036.113986
77.896000	0.003742	10035.882061
77.948000	0.003737	10035.650132
78.000000	0.003733	10035.418031
78.052000	0.003729	10035.182947
78.104000	0.003725	10034.940241
78.156000	0.003721	10034.693723
78.208000	0.003717	10034.440383
78.260000	0.003712	10034.182415
78.312000	0.003708	10033.918469
78.364000	0.003704	10033.654455
78.416000	0.003700	10033.390336
78.468000	0.003696	10033.116844
78.520000	0.003692	10032.836890
78.572000	0.003687	10032.553331
78.624000	0.003683	10032.267972
78.676000	0.003679	10031.970791
78.728000	0.003675	10031.669596
78.780000	0.003671	10031.363961
78.832000	0.003667	10031.057361
78.884000	0.003663	10030.745903
78.936000	0.003659	10030.433899
78.988000	0.003655	10030.106402
79.040000	0.003651	10029.777974
79.092000	0.003647	10029.439504
79.144000	0.003642	10029.099634
79.196000	0.003638	10028.750517
79.248000	0.003634	10028.400293
79.300000	0.003630	10028.045771
79.352000	0.003626	10027.686716
79.404000	0.003622	10027.316360
79.456000	0.003618	10026.940238
79.508000	0.003614	10026.554019
79.560000	0.003610	10026.165435
79.612000	0.003606	10025.773814
79.664000	0.003602	10025.373970
79.716000	0.003598	10024.966487
79.768000	0.003594	10024.552676
79.820000	0.003590	10024.134560
79.872000	0.003586	10023.709293
79.924000	0.003582	10023.280545
79.976000	0.003578	10022.839892
80.028000	0.003574	10022.395281
80.080000	0.003570	10021.937541
80.132000	0.003566	10021.477066
80.184000	0.003562	10021.006975
80.236000	0.003558	10020.535867
80.288000	0.003555	10020.049202
80.340000	0.003551	10019.561628
80.392000	0.003547	10019.064031
80.444000	0.003543	10018.563549
80.496000	0.003539	10018.044843
80.548000	0.003535	10017.523884
80.600000	0.003531	10016.994518
80.652000	0.003527	10016.460554
80.704000	0.003523	10015.915355
80.756000	0.003519	10015.362393
80.808000	0.003516	10014.796103
80.860000	0.003512	10014.225081
80.912000	0.003508	10013.648132
80.964000	0.003504	10013.062896
81.016000	0.003500	10012.470086
81.068000	0.003496	10011.864617
81.120000	0.003492	10011.250717
81.172000	0.003489	10010.626058
81.224000	0.003485	10009.996269
81.276000	0.003481	10009.354526
81.328000	0.003477	10008.708903
81.380000	0.003473	10008.045709
81.432000	0.003469	10007.378967
81.484000	0.003466	10006.697782
81.536000	0.003462	10006.015149
81.588000	0.003458	10005.311707
81.640000	0.003454	10004.606971
81.692000	0.003450	10003.887388
81.744000	0.003447	10003.164836
81.796000	0.003443	10002.424120
81.848000	0.003439	10001.677673
81.900000	0.003435	10000.910638
81.952000	0.003432	10000.140484
82.004000	0.003428	9999.362819
82.056000	0.003424	9998.575343
82.108000	0.003420	9997.771331
82.160000	0.003417	9996.957827
82.212000	0.003413	9996.132697
82.264000	0.003409	9995.296453
82.316000	0.003406	9994.450234
82.368000	0.003402	9993.588089
82.420000	0.003398	9992.715524
82.472000	0.003394	9991.828579
82.524000	0.003391	9990.934924
82.576000	0.003387	9990.025242
82.628000	0.003383	9989.110468
82.680000	0.003380	9988.178056
82.732000	0.003376	9987.242192
82.784000	0.003372	9986.282236
82.836000	0.003369	9985.319996
82.888000	0.003365	9984.331698
82.940000	0.003361	9983.341369
82.992000	0.003358	9982.326467
83.044000	0.003354	9981.308505
83.096000	0.003350	9980.272497
83.148000	0.003347	9979.230644
83.200000	0.003343	9978.168290
83.252000	0.003340	9977.098053
83.304000	0.003336	9976.009353
83.356000	0.003332	9974.908763
83.408000	0.003329	9973.788515
83.460000	0.003325	9972.656299
83.512000	0.003322	9971.509678
83.564000	0.003318	9970.351853
83.616000	0.003314	9969.184143
83.668000	0.003311	9967.994024
83.720000	0.003307	9966.789509
83.772000	0.003304	9965.570528
83.824000	0.003300	9964.344925
83.876000	0.003296	9963.091205
83.928000	0.003293	9961.828768
83.980000	0.003289	9960.544186
84.032000	0.003286	9959.255402
84.084000	0.003282	9957.937657
84.136000	0.003279	9956.617325
84.188000	0.003275	9955.270778
84.240000	0.003272	9953.921431
84.292000	0.003268	9952.537922
84.344000	0.003265	9951.150483
84.396000	0.003261	9949.740640
84.448000	0.003258	9948.322466
84.500000	0.003254	9946.875820
84.552000	0.003251	9945.419584
84.604000	0.003247	9943.941336
84.656000	0.003244	9942.449070
84.708000	0.003240	9940.934045
84.760000	0.003237	9939.404552
84.812000	0.003233	9937.857953
84.864000	0.003230	9936.294443
84.916000	0.003226	9934.716271
84.968000	0.003223	9933.115522
85.020000	0.003219	9931.500518
85.072000	0.003216	9929.860122
85.124000	0.003213	9928.208342
85.176000	0.003209	9926.528292
85.228000	0.003206	9924.839679
85.280000	0.003202	9923.119991
85.332000	0.003199	9921.394601
85.384000	0.003196	9919.640076
85.436000	0.003192	9917.883083
85.488000	0.003189	9916.084081
85.540000	0.003185	9914.281831
85.592000	0.003182	9912.440770
85.644000	0.003179	9910.594865
85.696000	0.003175	9908.722218
85.748000	0.003172	9906.839875
85.800000	0.003168	9904.925195
85.852000	0.003165	9902.997566
85.904000	0.003162	9901.040826
85.956000	0.003158	9899.069910
86.008000	0.003155	9897.076367
86.060000	0.003152	9895.063379
86.112000	0.003148	9893.027806
86.164000	0.003145	9890.969535
86.216000	0.003142	9888.891929
86.268000	0.003138	9886.785146
86.320000	0.003135	9884.660279
86.372000	0.003132	9882.509835
86.424000	0.003128	9880.348137
86.476000	0.003125	9878.153996
86.528000	0.003122	9875.950265
86.580000	0.003118	9873.706401
86.632000	0.003115	9871.455407
86.684000	0.003112	9869.165476
86.736000	0.003108	9866.872262
86.788000	0.003105	9864.531963
86.840000	0.003102	9862.188249
86.892000	0.003099	9859.805898
86.944000	0.003095	9857.416087
86.996000	0.003092	9854.986462
87.048000	0.003089	9852.545733
87.100000	0.003086	9850.068820
87.152000	0.003082	9847.577151
87.204000	0.003079	9845.052978
87.256000	0.003076	9842.512435
87.308000	0.003073	9839.946231
87.360000	0.003069	9837.355509
87.412000	0.003066	9834.736788
87.464000	0.003063	9832.089499
87.516000	0.003060	9829.418288
87.568000	0.003056	9826.720956
87.620000	0.003053	9824.007715
87.672000	0.003050	9821.257790
87.724000	0.003047	9818.492059
87.776000	0.003044	9815.685553
87.828000	0.003040	9812.867276
87.880000	0.003037	9810.008688
87.932000	0.003034	9807.143177
87.984000	0.003031	9804.223926
88.036000	0.003028	9801.300284
88.088000	0.003024	9798.329776
88.140000	0.003021	9795.354791
88.192000	0.003018	9792.331776
88.244000	0.003015	9789.300256
88.296000	0.003012	9786.224713
88.348000	0.003009	9783.136615
88.400000	0.003006	9780.008556
88.452000	0.003002	9776.863891
88.504000	0.002999	9773.683371
88.556000	0.002996	9770.480106
88.608000	0.002993	9767.241813
88.660000	0.002990	9763.976334
88.712000	0.002987	9760.680352
88.764000	0.002984	9757.355570
88.816000	0.002981	9754.007072
88.868000	0.002977	9750.625714
88.920000	0.002974	9747.224700
88.972000	0.002971	9743.779443
89.024000	0.002968	9740.315508
89.076000	0.002965	9736.810580
89.128000	0.002962	9733.294100
89.180000	0.002959	9729.728142
89.232000	0.002956	9726.153971
89.284000	0.002953	9722.525798
89.336000	0.002950	9718.893081
89.388000	0.002947	9715.198222
89.440000	0.002944	9711.498673
89.492000	0.002940	9707.751287
89.544000	0.002937	9703.993431
89.596000	0.002934	9700.183057
89.648000	0.002931	9696.357364
89.700000	0.002928	9692.484073
89.752000	0.002925	9688.592262
89.804000	0.002922	9684.661199
89.856000	0.002919	9680.707171
89.908000	0.002916	9676.718419
89.960000	0.002913	9672.699726
90.012000	0.002910	9668.647973
90.064000	0.002907	9664.561442
90.116000	0.002904	9660.446772
90.168000	0.002901	9656.292431
90.220000	0.002898	9652.114788
90.272000	0.002895	9647.892607
90.324000	0.002892	9643.651989
90.376000	0.002889	9639.366108
90.428000	0.002886	9635.067800
90.480000	0.002883	9630.710697
90.532000	0.002880	9626.344157
90.584000	0.002877	9621.918530
90.636000	0.002874	9617.487951
90.688000	0.002871	9612.990275
90.740000	0.002868	9608.487193
90.792000	0.002865	9603.931804
90.844000	0.002863	9599.364794
90.896000	0.002860	9594.741194
90.948000	0.002857	9590.100712
91.000000	0.002854	9585.408938
91.052000	0.002851	9580.696708
91.104000	0.002848	9575.941963
91.156000	0.002845	9571.161899
91.208000	0.002842	9566.344210
91.260000	0.002839	9561.491306
91.312000	0.002836	9556.600186
91.364000	0.002833	9551.674014
91.416000	0.002830	9546.719950
91.468000	0.002827	9541.722649
91.520000	0.002825	9536.700412
91.572000	0.002822	9531.629654
91.624000	0.002819	9526.539214
91.676000	0.002816	9521.395002
91.728000	0.002813	9516.236387
91.780000	0.002810	9511.018734
91.832000	0.002807	9505.791943
91.884000	0.002804	9500.500827
91.936000	0.002802	9495.204432
91.988000	0.002799	9489.841271
92.040000	0.002796	9484.471449
92.092000	0.002793	9479.040099
92.144000	0.002790	9473.595927
92.196000	0.002787	9468.091138
92.248000	0.002784	9462.569182
92.300000	0.002782	9456.996221
92.352000	0.002779	9451.400817
92.404000	0.002776	9445.759656
92.456000	0.002773	9440.088667
92.508000	0.002770	9434.374132
92.560000	0.002767	9428.626609
92.612000	0.002765	9422.843875
92.664000	0.002762	9417.019944
92.716000	0.002759	9411.163781
92.768000	0.002756	9405.264111
92.820000	0.002753	9399.339805
92.872000	0.002751	9393.362950
92.924000	0.002748	9387.365212
92.976000	0.002745	9381.309272
93.028000	0.002742	9375.238132
93.080000	0.002740	9369.107670
93.132000	0.002737	9362.968357
93.184000	0.002734	9356.759478
93.236000	0.002731	9350.544919
93.288000	0.002728	9344.258778
93.340000	0.002726	9337.965694
93.392000	0.002723	9331.611365
93.444000	0.002720	9325.242974
93.496000	0.002717	9318.810007
93.548000	0.002715	9312.359590
93.600000	0.002712	9305.858453
93.652000	0.002709	9299.332844
93.704000	0.002706	9292.758280
93.756000	0.002704	9286.153582
93.808000	0.002701	9279.505645
93.860000	0.002698	9272.821884
93.912000	0.002696	9266.100521
93.964000	0.002693	9259.340624
94.016000	0.002690	9252.551092
94.068000	0.002687	9245.711032
94.120000	0.002685	9238.842871
94.172000	0.002682	9231.921872
94.224000	0.002679	9224.980310
94.276000	0.002677	9217.980239
94.328000	0.002674	9210.965276
94.380000	0.002671	9203.886135
94.432000	0.002669	9196.797770
94.484000	0.002666	9189.639536
94.536000	0.002663	9182.475774
94.588000	0.002660	9175.245838
94.640000	0.002658	9168.007571
94.692000	0.002655	9160.698994
94.744000	0.002652	9153.376987
94.796000	0.002650	9145.995004
94.848000	0.002647	9138.593922
94.900000	0.002645	9131.138513
94.952000	0.002642	9123.658339
95.004000	0.002639	9116.129561
95.056000	0.002637	9108.570337
95.108000	0.002634	9100.968162
95.160000	0.002631	9093.329865
95.212000	0.002629	9085.654293
95.264000	0.002626	9077.933945
95.316000	0.002623	9070.179746
95.368000	0.002621	9062.381459
95.420000	0.002618	9054.559093
95.472000	0.002616	9046.683584
95.524000	0.002613	9038.787819
95.576000	0.002610	9030.833240
95.628000	0.002608	9022.864076
95.680000	0.002605	9014.830449
95.732000	0.002603	9006.787914
95.784000	0.002600	8998.675226
95.836000	0.002597	8990.556867
95.888000	0.002595	8982.367535
95.940000	0.002592	8974.170122
95.992000	0.002590	8965.907378
96.044000	0.002587	8957.630901
96.096000	0.002584	8949.294755
96.148000	0.002582	8940.939211
96.200000	0.002579	8932.529697
96.252000	0.002577	8924.096895
96.304000	0.002574	8915.619216
96.356000	0.002572	8907.110784
96.408000	0.002569	8898.559710
96.460000	0.002567	8889.972219
96.512000	0.002564	8881.347778
96.564000	0.002561	8872.681234
96.616000	0.002559	8863.983398
96.668000	0.002556	8855.237785
96.720000	0.002554	8846.466555
96.772000	0.002551	8837.645700
96.824000	0.002549	8828.806330
96.876000	0.002546	8819.907841
96.928000	0.002544	8810.995074
96.980000	0.002541	8802.022156
97.032000	0.002539	8793.041250
97.084000	0.002536	8783.989886
97.136000	0.002534	8774.933048
97.188000	0.002531	8765.810603
97.240000	0.002529	8756.679776
97.292000	0.002526	8747.483923
97.344000	0.002524	8738.275038
97.396000	0.002521	8729.011043
97.448000	0.002519	8719.728749
97.500000	0.002516	8710.396592
97.552000	0.002514	8701.039058
97.604000	0.002511	8691.633536
97.656000	0.002509	8682.201385
97.708000	0.002506	8672.732930
97.760000	0.002504	8663.227761
97.812000	0.002501	8653.685969
97.864000	0.002499	8644.104779
97.916000	0.002497	8634.494797
97.968000	0.002494	8624.840186
98.020000	0.002492	8615.162097
98.072000	0.002489	8605.434083
98.124000	0.002487	8595.687828
98.176000	0.002484	8585.886402
98.228000	0.002482	8576.072010
98.280000	0.002479	8566.201823
98.332000	0.002477	8556.324524
98.384000	0.002475	8546.376484
98.436000	0.002472	8536.423434
98.488000	0.002470	8526.415061
98.540000	0.002467	8516.398000
98.592000	0.002465	8506.316273
98.644000	0.002463	8496.222255
98.696000	0.002460	8486.077593
98.748000	0.002458	8475.915781
98.800000	0.002455	8465.708216
98.852000	0.002453	8455.478635
98.904000	0.002450	8445.208166
98.956000	0.002448	8434.908580
99.008000	0.002446	8424.569980
99.060000	0.002443	8414.199632
99.112000	0.002441	8403.798129
99.164000	0.002439	8393.360013
99.216000	0.002436	8382.895608
99.268000	0.002434	8372.389725
99.320000	0.002431	8361.862417
99.372000	0.002429	8351.292622
99.424000	0.002427	8340.707638
99.476000	0.002424	8330.067218
99.528000	0.002422	8319.414128
99.580000	0.002420	8308.709619
99.632000	0.002417	8297.998826
99.684000	0.002415	8287.232203
99.736000	0.002413	8276.460661
99.788000	0.002410	8265.624079
99.840000	0.002408	8254.781079
99.892000	0.002406	8243.892040
99.944000	0.002403	8232.990451
99.996000	0.002401	8222.038508
100.048000	0.002399	8211.072057
100.100000	0.002396	8200.067701
100.152000	0.002394	8189.041067
100.204000	0.002392	8177.973810
100.256000	0.002389	8166.881676
100.308000	0.002387	8155.756777
100.360000	0.002385	8144.605183
100.412000	0.002382	8133.427816
100.464000	0.002380	8122.213598
100.516000	0.002378	8110.973387
100.568000	0.002375	8099.701832
100.620000	0.002373	8088.414381
100.672000	0.002371	8077.080363
100.724000	0.002369	8065.730066
100.776000	0.002366	8054.341124
100.828000	0.002364	8042.943586
100.880000	0.002362	8031.494452
100.932000	0.002359	8020.039297
100.984000	0.002357	8008.533113
101.036000	0.002355	7997.022884
101.088000	0.002353	7985.462856
101.140000	0.002350	7973.896201
101.192000	0.002348	7962.283724
101.244000	0.002346	7950.661645
101.296000	0.002344	7939.001985
101.348000	0.002341	7927.327597
101.400000	0.002339	7915.615499
101.452000	0.002337	7903.884626
101.504000	0.002335	7892.120146
101.556000	0.002332	7880.335101
101.608000	0.002330	7868.523413
101.660000	0.002328	7856.687516
101.712000	0.002326	7844.828648
101.764000	0.002323	7832.938818
101.816000	0.002321	7821.027559
101.868000	0.002319	7809.088398
101.920000	0.002317	7797.135318
101.972000	0.002314	7785.147080
102.024000	0.002312	7773.146817
102.076000	0.002310	7761.107732
102.128000	0.002308	7749.060258
102.180000	0.002306	7736.975062
102.232000	0.002303	7724.885663
102.284000	0.002301	7712.750149
102.336000	0.002299	7700.611282
102.388000	0.002297	7688.432731
102.440000	0.002295	7676.248708
102.492000	0.002292	7664.028198
102.544000	0.002290	7651.798979
102.596000	0.002288	7639.536491
102.648000	0.002286	7627.260559
102.700000	0.002284	7614.950921
102.752000	0.002282	7602.629883
102.804000	0.002279	7590.288784
102.856000	0.002277	7577.926925
102.908000	0.002275	7565.538621
102.960000	0.002273	7553.131335
103.012000	0.002271	7540.706342
103.064000	0.002269	7528.259512
103.116000	0.002266	7515.797801
103.168000	0.002264	7503.311411
103.220000	0.002262	7490.812982
103.272000	0.002260	7478.283133
103.324000	0.002258	7465.742781
103.376000	0.002256	7453.176396
103.428000	0.002253	7440.604553
103.480000	0.002251	7427.999540
103.532000	0.002249	7415.391005
103.584000	0.002247	7402.746442
103.636000	0.002245	7390.099364
103.688000	0.002243	7377.422601
103.740000	0.002241	7364.741609
103.792000	0.002239	7352.033404
103.844000	0.002236	7339.317428
103.896000	0.002234	7326.572478
103.948000	0.002232	7313.818441
104.000000	0.002230	7301.042062
104.052000	0.002228	7288.256066
104.104000	0.002226	7275.453432
104.156000	0.002224	7262.636828
104.208000	0.002222	7249.802737
104.260000	0.002220	7236.952228
104.312000	0.002217	7224.086653
104.364000	0.002215	7211.205363
104.416000	0.002213	7198.313561
104.468000	0.002211	7185.404026
104.520000	0.002209	7172.486023
104.572000	0.002207	7159.544289
104.624000	0.002205	7146.594798
104.676000	0.002203	7133.627831
104.728000	0.002201	7120.657312
104.780000	0.002199	7107.658240
104.832000	0.002197	7094.656290
104.884000	0.002195	7081.633637
104.936000	0.002192	7068.609384
104.988000	0.002190	7055.565413
105.040000	0.002188	7042.517815
105.092000	0.002186	7029.447608
105.144000	0.002184	7016.372882
105.196000	0.002182	7003.281652
105.248000	0.002180	6990.184280
105.300000	0.002178	6977.072084
105.352000	0.002176	6963.952116
105.404000	0.002174	6950.818953
105.456000	0.002172	6937.676373
105.508000	0.002170	6924.522189
105.560000	0.002168	6911.356976
105.612000	0.002166	6898.181826
105.664000	0.002164	6884.997146
105.716000	0.002162	6871.806205
105.768000	0.002160	6858.604552
105.820000	0.002158	6845.397901
105.872000	0.002156	6832.179271
105.924000	0.002154	6818.956825
105.976000	0.002152	6805.716853
106.028000	0.002150	6792.473437
106.080000	0.002148	6779.220394
106.132000	0.002146	6765.966441
106.184000	0.002144	6752.696897
106.236000	0.002142	6739.426163
106.288000	0.002140	6726.140681
106.340000	0.002138	6712.853721
106.392000	0.002136	6699.557725
106.444000	0.002134	6686.259437
106.496000	0.002132	6672.952909
106.548000	0.002130	6659.641712
106.600000	0.002128	6646.319451
106.652000	0.002126	6632.995223
106.704000	0.002124	6619.667689
106.756000	0.002122	6606.333027
106.808000	0.002120	6592.989733
106.860000	0.002118	6579.643637
106.912000	0.002116	6566.295070
106.964000	0.002114	6552.940109
107.016000	0.002112	6539.581041
107.068000	0.002110	6526.218323
107.120000	0.002108	6512.853952
107.172000	0.002106	6499.485538
107.224000	0.002104	6486.115891
107.276000	0.002102	6472.737425
107.328000	0.002100	6459.357299
107.380000	0.002098	6445.977085
107.432000	0.002096	6432.596886
107.484000	0.002094	6419.211421
107.536000	0.002092	6405.825577
107.588000	0.002090	6392.434798
107.640000	0.002089	6379.043274
107.692000	0.002087	6365.647218
107.744000	0.002085	6352.251184
107.796000	0.002083	6338.855087
107.848000	0.002081	6325.459004
107.900000	0.002079	6312.062896
107.952000	0.002077	6298.664792
108.004000	0.002075	6285.263387
108.056000	0.002073	6271.864353
108.108000	0.002071	6258.468139
108.160000	0.002069	6245.069111
108.212000	0.002067	6231.667657
108.264000	0.002065	6218.269354
108.316000	0.002064	6204.873091
108.368000	0.002062	6191.480389
108.420000	0.002060	6178.089343
108.472000	0.002058	6164.694213
108.524000	0.002056	6151.297867
108.576000	0.002054	6137.910294
108.628000	0.002052	6124.524393
108.680000	0.002050	6111.138446
108.732000	0.002048	6097.752530
108.784000	0.002047	6084.371761
108.836000	0.002045	6070.991816
108.888000	0.002043	6057.621474
108.940000	0.002041	6044.251164
108.992000	0.002039	6030.880807
109.044000	0.002037	6017.512873
109.096000	0.002035	6004.152941
109.148000	0.002033	5990.794626
109.200000	0.002032	5977.439917
109.252000	0.002030	5964.089224
109.304000	0.002028	5950.744967
109.356000	0.002026	5937.403103
109.408000	0.002024	5924.064042
109.460000	0.002022	5910.733404
109.512000	0.002020	5897.410026
109.564000	0.002019	5884.089834
109.616000	0.002017	5870.771680
109.668000	0.002015	5857.460716
109.720000	0.002013	5844.152985
109.772000	0.002011	5830.857308
109.824000	0.002009	5817.565283
109.876000	0.002007	5804.282057
109.928000	0.002006	5791.000454
109.980000	0.002004	5777.728476
110.032000	0.002002	5764.457349
110.084000	0.002000	5751.201840
110.136000	0.001998	5737.947192
110.188000	0.001997	5724.702133
110.240000	0.001995	5711.460376
110.292000	0.001993	5698.236228
110.344000	0.001991	5685.014549
110.396000	0.001989	5671.800858
110.448000	0.001987	5658.592057
110.500000	0.001986	5645.394052
110.552000	0.001984	5632.202138
110.604000	0.001982	5619.019821
110.656000	0.001980	5605.847236
110.708000	0.001978	5592.685864
110.760000	0.001977	5579.532971
110.812000	0.001975	5566.387260
110.864000	0.001973	5553.251252
110.916000	0.001971	5540.121257
110.968000	0.001969	5527.005801
111.020000	0.001968	5513.896721
111.072000	0.001966	5500.799745
111.124000	0.001964	5487.706349
111.176000	0.001962	5474.635192
111.228000	0.001961	5461.567967
111.280000	0.001959	5448.515269
111.332000	0.001957	5435.463851
111.384000	0.001955	5422.433187
111.436000	0.001953	5409.404735
111.488000	0.001952	5396.400240
111.540000	0.001950	5383.398302
111.592000	0.001948	5370.409524
111.644000	0.001946	5357.426986
111.696000	0.001945	5344.464332
111.748000	0.001943	5331.508292
111.800000	0.001941	5318.566615
111.852000	0.001939	5305.635197
111.904000	0.001938	5292.719673
111.956000	0.001936	5279.813960
112.008000	0.001934	5266.919359
112.060000	0.001932	5254.039053
112.112000	0.001931	5241.170662
112.164000	0.001929	5228.315274
112.216000	0.001927	5215.467779
112.268000	0.001925	5202.642272
112.320000	0.001924	5189.826212
112.372000	0.001922	5177.026409
112.424000	0.001920	5164.231295
112.476000	0.001918	5151.462985
112.528000	0.001917	5138.699249
112.580000	0.001915	5125.955008
112.632000	0.001913	5113.212535
112.684000	0.001912	5100.501108
112.736000	0.001910	5087.792010
112.788000	0.001908	5075.106737
112.840000	0.001906	5062.426668
112.892000	0.001905	5049.772833
112.944000	0.001903	5037.125354
112.996000	0.001901	5024.497704
113.048000	0.001900	5011.878420
113.100000	0.001898	4999.276956
113.152000	0.001896	4986.690005
113.204000	0.001894	4974.125159
113.256000	0.001893	4961.570229
113.308000	0.001891	4949.026368
113.360000	0.001889	4936.502660
113.412000	0.001888	4923.995446
113.464000	0.001886	4911.507917
113.516000	0.001884	4899.032121
113.568000	0.001883	4886.574740
113.620000	0.001881	4874.125126
113.672000	0.001879	4861.704152
113.724000	0.001878	4849.291207
113.776000	0.001876	4836.900702
113.828000	0.001874	4824.513912
113.880000	0.001873	4812.161427
113.932000	0.001871	4799.811752
113.984000	0.001869	4787.493020
114.036000	0.001868	4775.177211
114.088000	0.001866	4762.889872
114.140000	0.001864	4750.608754
114.192000	0.001863	4738.358089
114.244000	0.001861	4726.115182
114.296000	0.001859	4713.895967
114.348000	0.001858	4701.686914
114.400000	0.001856	4689.499093
114.452000	0.001854	4677.325960
114.504000	0.001853	4665.174847
114.556000	0.001851	4653.041215
114.608000	0.001849	4640.926727
114.660000	0.001848	4628.829666
114.712000	0.001846	4616.746658
114.764000	0.001844	4604.686772
114.816000	0.001843	4592.640418
114.868000	0.001841	4580.620009
114.920000	0.001839	4568.610303
114.972000	0.001838	4556.629390
115.024000	0.001836	4544.656359
115.076000	0.001835	4532.714955
115.128000	0.001833	4520.778601
115.180000	0.001831	4508.871762
115.232000	0.001830	4496.967595
115.284000	0.001828	4485.104534
115.336000	0.001826	4473.245034
115.388000	0.001825	4461.418632
115.440000	0.001823	4449.598608
115.492000	0.001822	4437.808862
115.544000	0.001820	4426.028317
115.596000	0.001818	4414.275285
115.648000	0.001817	4402.534265
115.700000	0.001815	4390.817892
115.752000	0.001814	4379.118476
115.804000	0.001812	4367.444048
115.856000	0.001810	4355.787263
115.908000	0.001809	4344.149495
115.960000	0.001807	4332.532198
116.012000	0.001806	4320.931119
116.064000	0.001804	4309.356655
116.116000	0.001802	4297.797495
116.168000	0.001801	4286.264449
116.220000	0.001799	4274.741971
116.272000	0.001798	4263.252575
116.324000	0.001796	4251.772010
116.376000	0.001794	4240.323245
116.428000	0.001793	4228.879390
116.480000	0.001791	4217.475070
116.532000	0.001790	4206.073926
116.584000	0.001788	4194.708580
116.636000	0.001787	4183.347470
116.688000	0.001785	4172.024071
116.740000	0.001783	4160.708133
116.792000	0.001782	4149.426657
116.844000	0.001780	4138.154534
116.896000	0.001779	4126.909752
116.948000	0.001777	4115.680609
117.000000	0.001776	4104.482980
117.052000	0.001774	4093.300341
117.104000	0.001773	4082.139408
117.156000	0.001771	4070.998832
117.208000	0.001769	4059.879853
117.260000	0.001768	4048.784442
117.312000	0.001766	4037.707389
117.364000	0.001765	4026.653791
117.416000	0.001763	4015.613463
117.468000	0.001762	4004.606908
117.520000	0.001760	3993.613729
117.572000	0.001759	3982.649651
117.624000	0.001757	3971.693162
117.676000	0.001756	3960.777751
117.728000	0.001754	3949.868440
117.780000	0.001752	3938.998863
117.832000	0.001751	3928.132451
117.884000	0.001749	3917.301687
117.936000	0.001748	3906.475882
117.988000	0.001746	3895.692330
118.040000	0.001745	3884.916417
118.092000	0.001743	3874.174770
118.144000	0.001742	3863.442639
118.196000	0.001740	3852.737750
118.248000	0.001739	3842.048698
118.300000	0.001737	3831.390971
118.352000	0.001736	3820.752706
118.404000	0.001734	3810.142143
118.456000	0.001733	3799.549549
118.508000	0.001731	3788.975719
118.560000	0.001730	3778.425644
118.612000	0.001728	3767.893776
118.664000	0.001727	3757.392258
118.716000	0.001725	3746.907583
118.768000	0.001724	3736.453103
118.820000	0.001722	3726.010355
118.872000	0.001721	3715.601060
118.924000	0.001719	3705.200268
118.976000	0.001718	3694.836170
119.028000	0.001716	3684.477335
119.080000	0.001715	3674.163421
119.132000	0.001713	3663.853064
119.184000	0.001712	3653.583275
119.236000	0.001710	3643.318080
119.288000	0.001709	3633.090256
119.340000	0.001707	3622.871222
119.392000	0.001706	3612.690624
119.444000	0.001704	3602.519691
119.496000	0.001703	3592.375804
119.548000	0.001701	3582.249737
119.600000	0.001700	3572.158280
119.652000	0.001698	3562.082128
119.704000	0.001697	3552.027412
119.756000	0.001696	3541.995990
119.808000	0.001694	3531.988475
119.860000	0.001693	3522.004892
119.912000	0.001691	3512.039350
119.964000	0.001690	3502.100962
120.016000	0.001688	3492.177392
120.068000	0.001687	3482.288006
120.120000	0.001685	3472.411630
120.172000	0.001684	3462.568882
120.224000	0.001682	3452.734471
120.276000	0.001681	3442.941556
120.328000	0.001680	3433.154368
120.380000	0.001678	3423.407269
120.432000	0.001677	3413.663486
120.484000	0.001675	3403.960150
120.536000	0.001674	3394.262180
120.588000	0.001672	3384.606054
120.640000	0.001671	3374.957926
120.692000	0.001669	3365.343779
120.744000	0.001668	3355.740852
120.796000	0.001667	3346.168684
120.848000	0.001665	3336.612757
120.900000	0.001664	3327.087799
120.952000	0.001662	3317.580512
121.004000	0.001661	3308.097563
121.056000	0.001659	3298.638105
121.108000	0.001658	3289.202368
121.160000	0.001657	3279.790736
121.212000	0.001655	3270.396982
121.264000	0.001654	3261.030571
121.316000	0.001652	3251.678826
121.368000	0.001651	3242.361463
121.420000	0.001650	3233.056922
121.472000	0.001648	3223.786186
121.524000	0.001647	3214.523620
121.576000	0.001645	3205.298122
121.628000	0.001644	3196.077559
121.680000	0.001642	3186.902318
121.732000	0.001641	3177.730601
121.784000	0.001640	3168.599163
121.836000	0.001638	3159.472683
121.888000	0.001637	3150.383236
121.940000	0.001635	3141.302978
121.992000	0.001634	3132.260750
122.044000	0.001633	3123.229924
122.096000	0.001631	3114.229714
122.148000	0.001630	3105.244130
122.200000	0.001628	3096.285939
122.252000	0.001627	3087.347813
122.304000	0.001626	3078.436844
122.356000	0.001624	3069.546947
122.408000	0.001623	3060.677999
122.460000	0.001622	3051.833333
122.512000	0.001620	3043.006380
122.564000	0.001619	3034.206945
122.616000	0.001617	3025.422013
122.668000	0.001616	3016.671659
122.720000	0.001615	3007.933941
122.772000	0.001613	2999.230223
122.824000	0.001612	2990.534519
122.876000	0.001611	2981.876060
122.928000	0.001609	2973.222370
122.980000	0.001608	2964.614224
123.032000	0.001606	2956.009365
123.084000	0.001605	2947.439589
123.136000	0.001604	2938.875578
123.188000	0.001602	2930.353059
123.240000	0.001601	2921.838896
123.292000	0.001600	2913.358379
123.344000	0.001598	2904.889442
123.396000	0.001597	2896.450955
123.448000	0.001596	2888.029119
123.500000	0.001594	2879.637920
123.552000	0.001593	2871.262484
123.604000	0.001592	2862.908033
123.656000	0.001590	2854.577489
123.708000	0.001589	2846.270329
123.760000	0.001588	2837.987638
123.812000	0.001586	2829.722512
123.864000	0.001585	2821.481608
123.916000	0.001584	2813.253257
123.968000	0.001582	2805.059700
124.020000	0.001581	2796.878603
124.072000	0.001580	2788.731684
124.124000	0.001578	2780.592612
124.176000	0.001577	2772.490965
124.228000	0.001576	2764.393919
124.280000	0.001574	2756.337545
124.332000	0.001573	2748.284515
124.384000	0.001572	2740.271426
124.436000	0.001570	2732.263657
124.488000	0.001569	2724.292611
124.540000	0.001568	2716.330104
124.592000	0.001566	2708.401101
124.644000	0.001565	2700.483854
124.696000	0.001564	2692.596867
124.748000	0.001562	2684.723003
124.800000	0.001561	2676.872859
124.852000	0.001560	2669.043185
124.904000	0.001558	2661.240317
124.956000	0.001557	2653.456199
125.008000	0.001556	2645.690148
125.060000	0.001554	2637.951805
125.112000	0.001553	2630.233004
125.164000	0.001552	2622.538607
125.216000	0.001551	2614.856649
125.268000	0.001549	2607.205799
125.320000	0.001548	2599.565879
125.372000	0.001547	2591.960313
125.424000	0.001545	2584.362431
125.476000	0.001544	2576.797459
125.528000	0.001543	2569.236387
125.580000	0.001541	2561.721283
125.632000	0.001540	2554.209401
125.684000	0.001539	2546.732306
125.736000	0.001538	2539.260036
125.788000	0.001536	2531.819767
125.840000	0.001535	2524.389297
125.892000	0.001534	2516.996343
125.944000	0.001532	2509.613846
125.996000	0.001531	2502.257720
126.048000	0.001530	2494.914867
126.100000	0.001529	2487.595572
126.152000	0.001527	2480.294655
126.204000	0.001526	2473.017420
126.256000	0.001525	2465.761795
126.308000	0.001524	2458.526649
126.360000	0.001522	2451.316310
126.412000	0.001521	2444.123200
126.464000	0.001520	2436.954648
126.516000	0.001518	2429.798395
126.568000	0.001517	2422.669537
126.620000	0.001516	2415.550133
126.672000	0.001515	2408.465243
126.724000	0.001513	2401.387864
126.776000	0.001512	2394.343574
126.828000	0.001511	2387.303047
126.880000	0.001510	2380.303550
126.932000	0.001508	2373.307123
126.984000	0.001507	2366.345363
127.036000	0.001506	2359.388590
127.088000	0.001505	2352.463702
127.140000	0.001503	2345.547713
127.192000	0.001502	2338.664898
127.244000	0.001501	2331.792698
127.296000	0.001500	2324.946727
127.348000	0.001498	2318.116101
127.400000	0.001497	2311.312233
127.452000	0.001496	2304.524611
127.504000	0.001495	2297.757591
127.556000	0.001493	2291.006926
127.608000	0.001492	2284.271552
127.660000	0.001491	2277.564293
127.712000	0.001490	2270.876229
127.764000	0.001488	2264.209338
127.816000	0.001487	2257.552888
127.868000	0.001486	2250.923989
127.920000	0.001485	2244.304405
127.972000	0.001484	2237.719531
128.024000	0.001482	2231.142015
128.076000	0.001481	2224.597724
128.128000	0.001480	2218.057047
128.180000	0.001479	2211.547326
128.232000	0.001477	2205.040800
128.284000	0.001476	2198.573738
128.336000	0.001475	2192.111825
128.388000	0.001474	2185.681626
128.440000	0.001473	2179.259387
128.492000	0.001471	2172.866049
128.544000	0.001470	2166.481963
128.596000	0.001469	2160.120285
128.648000	0.001468	2153.774130
128.700000	0.001467	2147.454573
128.752000	0.001465	2141.151417
128.804000	0.001464	2134.868725
128.856000	0.001463	2128.602511
128.908000	0.001462	2122.351455
128.960000	0.001461	2116.122442
129.012000	0.001459	2109.908282
129.064000	0.001458	2103.718988
129.116000	0.001457	2097.541717
129.168000	0.001456	2091.392136
129.220000	0.001455	2085.251720
129.272000	0.001453	2079.141859
129.324000	0.001452	2073.038326
129.376000	0.001451	2066.963419
129.428000	0.001450	2060.891513
129.480000	0.001449	2054.855862
129.532000	0.001447	2048.823193
129.584000	0.001446	2042.824928
129.636000	0.001445	2036.831234
129.688000	0.001444	2030.864621
129.740000	0.001443	2024.906131
129.792000	0.001441	2018.976426
129.844000	0.001440	2013.057653
129.896000	0.001439	2007.164829
129.948000	0.001438	2001.283806
130.000000	0.001437	1995.422663
130.052000	0.001436	1989.575722
130.104000	0.001434	1983.746234
130.156000	0.001433	1977.936138
130.208000	0.001432	1972.143592
130.260000	0.001431	1966.373228
130.312000	0.001430	1960.617569
130.364000	0.001429	1954.883348
130.416000	0.001427	1949.159340
130.468000	0.001426	1943.459239
130.520000	0.001425	1937.766929
130.572000	0.001424	1932.105294
130.624000	0.001423	1926.449831
130.676000	0.001422	1920.823174
130.728000	0.001420	1915.199413
130.780000	0.001419	1909.606860
130.832000	0.001418	1904.016892
130.884000	0.001417	1898.456338
130.936000	0.001416	1892.901260
130.988000	0.001415	1887.377584
131.040000	0.001414	1881.861028
131.092000	0.001412	1876.369078
131.144000	0.001411	1870.888221
131.196000	0.001410	1865.433174
131.248000	0.001409	1859.988090
131.300000	0.001408	1854.559516
131.352000	0.001407	1849.147665
131.404000	0.001405	1843.756024
131.456000	0.001404	1838.378346
131.508000	0.001403	1833.013154
131.560000	0.001402	1827.670311
131.612000	0.001401	1822.342057
131.664000	0.001400	1817.035387
131.716000	0.001399	1811.738830
131.768000	0.001398	1806.462306
131.820000	0.001396	1801.192211
131.872000	0.001395	1795.952967
131.924000	0.001394	1790.719768
131.976000	0.001393	1785.515512
132.028000	0.001392	1780.314035
132.080000	0.001391	1775.138701
132.132000	0.001390	1769.966319
132.184000	0.001389	1764.828056
132.236000	0.001387	1759.693863
132.288000	0.001386	1754.582066
132.340000	0.001385	1749.477530
132.392000	0.001384	1744.397483
132.444000	0.001383	1739.327097
132.496000	0.001382	1734.278746
132.548000	0.001381	1729.242469
132.600000	0.001380	1724.225844
132.652000	0.001378	1719.221302
132.704000	0.001377	1714.231175
132.756000	0.001376	1709.260740
132.808000	0.001375	1704.307573
132.860000	0.001374	1699.367288
132.912000	0.001373	1694.435393
132.964000	0.001372	1689.528812
133.016000	0.001371	1684.633839
133.068000	0.001370	1679.759012
133.120000	0.001368	1674.890523
133.172000	0.001367	1670.048665
133.224000	0.001366	1665.211921
133.276000	0.001365	1660.399394
133.328000	0.001364	1655.589110
133.380000	0.001363	1650.810315
133.432000	0.001362	1646.033729
133.484000	0.001361	1641.281491
133.536000	0.001360	1636.534250
133.588000	0.001359	1631.813762
133.640000	0.001358	1627.099463
133.692000	0.001356	1622.405465
133.744000	0.001355	1617.721277
133.796000	0.001354	1613.059057
133.848000	0.001353	1608.407024
133.900000	0.001352	1603.771298
133.952000	0.001351	1599.150190
134.004000	0.001350	1594.546218
134.056000	0.001349	1589.953620
134.108000	0.001348	1585.370945
134.160000	0.001347	1580.807698
134.212000	0.001346	1576.256782
134.264000	0.001345	1571.727716
134.316000	0.001343	1567.208544
134.368000	0.001342	1562.705594
134.420000	0.001341	1558.207702
134.472000	0.001340	1553.736538
134.524000	0.001339	1549.270360
134.576000	0.001338	1544.828560
134.628000	0.001337	1540.389018
134.680000	0.001336	1535.975667
134.732000	0.001335	1531.564633
134.784000	0.001334	1527.177851
134.836000	0.001333	1522.796313
134.888000	0.001332	1518.441429
134.940000	0.001331	1514.091626
134.992000	0.001330	1509.758059
135.044000	0.001329	1505.434442
135.096000	0.001327	1501.132680
135.148000	0.001326	1496.839184
135.200000	0.001325	1492.558716
135.252000	0.001324	1488.293002
135.304000	0.001323	1484.044316
135.356000	0.001322	1479.807095
135.408000	0.001321	1475.579735
135.460000	0.001320	1471.371936
135.512000	0.001319	1467.176364
135.564000	0.001318	1462.995467
135.616000	0.001317	1458.821206
135.668000	0.001316	1454.667302
135.720000	0.001315	1450.519551
135.772000	0.001314	1446.394243
135.824000	0.001313	1442.273060
135.876000	0.001312	1438.176351
135.928000	0.001311	1434.081912
135.980000	0.001310	1430.013593
136.032000	0.001309	1425.947274
136.084000	0.001308	1421.900275
136.136000	0.001307	1417.857711
136.188000	0.001306	1413.837315
136.240000	0.001304	1409.823352
136.292000	0.001303	1405.829533
136.344000	0.001302	1401.844140
136.396000	0.001301	1397.876873
136.448000	0.001300	1393.917981
136.500000	0.001299	1389.972095
136.552000	0.001298	1386.038626
136.604000	0.001297	1382.119296
136.656000	0.001296	1378.211534
136.708000	0.001295	1374.313591
136.760000	0.001294	1370.435327
136.812000	0.001293	1366.569177
136.864000	0.001292	1362.714130
136.916000	0.001291	1358.864118
136.968000	0.001290	1355.034577
137.020000	0.001289	1351.211105
137.072000	0.001288	1347.410175
137.124000	0.001287	1343.613274
137.176000	0.001286	1339.836101
137.228000	0.001285	1336.060884
137.280000	0.001284	1332.311666
137.332000	0.001283	1328.564550
137.384000	0.001282	1324.836734
137.436000	0.001281	1321.112611
137.488000	0.001280	1317.406151
137.540000	0.001279	1313.706246
137.592000	0.001278	1310.026398
137.644000	0.001277	1306.353427
137.696000	0.001276	1302.694991
137.748000	0.001275	1299.045013
137.800000	0.001274	1295.407937
137.852000	0.001273	1291.783403
137.904000	0.001272	1288.172948
137.956000	0.001271	1284.574139
138.008000	0.001270	1280.985078
138.060000	0.001269	1277.409267
138.112000	0.001268	1273.841630
138.164000	0.001267	1270.292530
138.216000	0.001266	1266.751469
138.268000	0.001265	1263.226909
138.320000	0.001264	1259.707220
138.372000	0.001263	1256.201198
138.424000	0.001262	1252.697683
138.476000	0.001261	1249.218860
138.528000	0.001260	1245.742345
138.580000	0.001259	1242.291760
138.632000	0.001258	1238.842899
138.684000	0.001257	1235.408501
138.736000	0.001256	1231.977901
138.788000	0.001255	1228.564951
138.840000	0.001254	1225.157381
138.892000	0.001253	1221.765823
138.944000	0.001252	1218.382938
138.996000	0.001251	1215.018033
139.048000	0.001250	1211.659585
139.100000	0.001249	1208.310878
139.152000	0.001248	1204.972329
139.204000	0.001247	1201.645079
139.256000	0.001246	1198.332468
139.308000	0.001245	1195.031854
139.360000	0.001244	1191.741249
139.412000	0.001243	1188.456842
139.464000	0.001242	1185.187395
139.516000	0.001242	1181.924425
139.568000	0.001241	1178.678033
139.620000	0.001240	1175.436445
139.672000	0.001239	1172.213108
139.724000	0.001238	1168.992933
139.776000	0.001237	1165.787733
139.828000	0.001236	1162.584275
139.880000	0.001235	1159.406678
139.932000	0.001234	1156.230896
139.984000	0.001233	1153.069506
140.036000	0.001232	1149.912017
140.088000	0.001231	1146.772087
140.140000	0.001230	1143.637647
140.192000	0.001229	1140.519207
140.244000	0.001228	1137.407835
140.296000	0.001227	1134.310834
140.348000	0.001226	1131.220366
140.400000	0.001225	1128.139605
140.452000	0.001224	1125.069089
140.504000	0.001223	1122.009801
140.556000	0.001222	1118.959422
140.608000	0.001221	1115.916410
140.660000	0.001220	1112.886799
140.712000	0.001220	1109.865240
140.764000	0.001219	1106.858717
140.816000	0.001218	1103.858607
140.868000	0.001217	1100.871062
140.920000	0.001216	1097.887202
140.972000	0.001215	1094.921672
141.024000	0.001214	1091.959240
141.076000	0.001213	1089.016816
141.128000	0.001212	1086.076226
141.180000	0.001211	1083.151179
141.232000	0.001210	1080.228033
141.284000	0.001209	1077.319289
141.336000	0.001208	1074.414556
141.388000	0.001207	1071.527293
141.440000	0.001206	1068.644282
141.492000	0.001205	1065.773299
141.544000	0.001205	1062.909491
141.596000	0.001204	1060.060022
141.648000	0.001203	1057.217815
141.700000	0.001202	1054.386230
141.752000	0.001201	1051.563190
141.804000	0.001200	1048.749439
141.856000	0.001199	1045.945837
141.908000	0.001198	1043.150474
141.960000	0.001197	1040.366265
142.012000	0.001196	1037.588770
142.064000	0.001195	1034.823769
142.116000	0.001194	1032.064108
142.168000	0.001193	1029.318735
142.220000	0.001193	1026.577434
142.272000	0.001192	1023.850948
142.324000	0.001191	1021.126993
142.376000	0.001190	1018.419646
142.428000	0.001189	1015.714002
142.480000	0.001188	1013.025382
142.532000	0.001187	1010.338809
142.584000	0.001186	1007.667039
142.636000	0.001185	1004.998720
142.688000	0.001184	1002.344848
142.740000	0.001183	999.695587
142.792000	0.001183	997.059094
142.844000	0.001182	994.428291
142.896000	0.001181	991.808658
142.948000	0.001180	989.195930
143.000000	0.001179	986.593161
143.052000	0.001178	983.998770
143.104000	0.001177	981.413393
143.156000	0.001176	978.837351
143.208000	0.001175	976.268848
143.260000	0.001174	973.710899
143.312000	0.001173	971.159269
143.364000	0.001173	968.619077
143.416000	0.001172	966.083764
143.468000	0.001171	963.561549
143.520000	0.001170	961.043051
143.572000	0.001169	958.538534
143.624000	0.001168	956.036389
143.676000	0.001167	953.549465
143.728000	0.001166	951.064180
143.780000	0.001165	948.594857
143.832000	0.001165	946.127508
143.884000	0.001164	943.673497
143.936000	0.001163	941.222840
143.988000	0.001162	938.785766
144.040000	0.001161	936.352838
144.092000	0.001160	933.931081
144.144000	0.001159	931.514928
144.196000	0.001158	929.109595
144.248000	0.001157	926.710803
144.300000	0.001157	924.321320
144.352000	0.001156	921.939526
144.404000	0.001155	919.565954
144.456000	0.001154	917.200878
144.508000	0.001153	914.842643
144.560000	0.001152	912.494013
144.612000	0.001151	910.151141
144.664000	0.001150	907.819399
144.716000	0.001150	905.492377
144.768000	0.001149	903.177307
144.820000	0.001148	900.865645
144.872000	0.001147	898.567081
144.924000	0.001146	896.270727
144.976000	0.001145	893.988177
145.028000	0.001144	891.707183
145.080000	0.001144	889.440599
145.132000	0.001143	887.176082
145.184000	0.001142	884.924901
145.236000	0.001141	882.676668
145.288000	0.001140	880.439818
145.340000	0.001139	878.207207
145.392000	0.001138	875.985795
145.444000	0.001137	873.769342
145.496000	0.001137	871.562300
145.548000	0.001136	869.361435
145.600000	0.001135	867.169262
145.652000	0.001134	864.984330
145.704000	0.001133	862.807089
145.756000	0.001132	860.637505
145.808000	0.001131	858.474100
145.860000	0.001131	856.320024
145.912000	0.001130	854.171523
145.964000	0.001129	852.033074
146.016000	0.001128	849.898918
146.068000	0.001127	847.775942
146.120000	0.001126	845.656164
146.172000	0.001125	843.548637
146.224000	0.001125	841.443186
146.276000	0.001124	839.350590
146.328000	0.001123	837.259487
146.380000	0.001122	835.181282
146.432000	0.001121	833.105059
146.484000	0.001120	831.040763
146.536000	0.001120	828.979502
146.588000	0.001119	826.929608
146.640000	0.001118	824.883470
146.692000	0.001117	822.846995
146.744000	0.001116	820.815368
146.796000	0.001115	818.792784
146.848000	0.001115	816.776015
146.900000	0.001114	814.767357
146.952000	0.001113	812.765218
147.004000	0.001112	810.769996
147.056000	0.001111	808.782189
147.108000	0.001110	806.800356
147.160000	0.001110	804.826867
147.212000	0.001109	802.858413
147.264000	0.001108	800.899324
147.316000	0.001107	798.944267
147.368000	0.001106	796.999593
147.420000	0.001105	795.057912
147.472000	0.001105	793.127627
147.524000	0.001104	791.199300
147.576000	0.001103	789.282919
147.628000	0.001102	787.368000
147.680000	0.001101	785.464961
147.732000	0.001100	783.563869
147.784000	0.001100	781.673743
147.836000	0.001099	779.786535
147.888000	0.001098	777.909845
147.940000	0.001097	776.036704
147.992000	0.001096	774.172468
148.044000	0.001095	772.312794
148.096000	0.001095	770.461512
148.148000	0.001094	768.615659
148.200000	0.001093	766.777311
148.252000	0.001092	764.945006
148.304000	0.001091	763.119105
148.356000	0.001091	761.300076
148.408000	0.001090	759.486629
148.460000	0.001089	757.681251
148.512000	0.001088	755.880766
148.564000	0.001087	754.088533
148.616000	0.001087	752.299928
148.668000	0.001086	750.520902
148.720000	0.001085	748.744679
148.772000	0.001084	746.979034
148.824000	0.001083	745.215255
148.876000	0.001082	743.462971
148.928000	0.001082	741.712130
148.980000	0.001081	739.972135
149.032000	0.001080	738.234047
149.084000	0.001079	736.506033
149.136000	0.001078	734.780815
149.188000	0.001078	733.065281
149.240000	0.001077	731.353082
149.292000	0.001076	729.649045
149.344000	0.001075	727.949455
149.396000	0.001074	726.257913
149.448000	0.001074	724.571194
149.500000	0.001073	722.891137
149.552000	0.001072	721.216916
149.604000	0.001071	719.548875
149.656000	0.001071	717.887132
149.708000	0.001070	716.230564
149.760000	0.001069	714.581441
149.812000	0.001068	712.936906
149.864000	0.001067	711.299885
149.916000	0.001067	709.666245
149.968000	0.001066	708.041841
150.020000	0.001065	706.420176
150.072000	0.001064	704.808204
150.124000	0.001063	703.197998
150.176000	0.001063	701.598351
150.228000	0.001062	700.000146
150.280000	0.001061	698.412314
150.332000	0.001060	696.826351
150.384000	0.001059	695.249528
150.436000	0.001059	693.675265
150.488000	0.001058	692.109452
150.540000	0.001057	690.547055
150.592000	0.001056	688.992840
150.644000	0.001056	687.442581
150.696000	0.001055	685.899394
150.748000	0.001054	684.360866
150.800000	0.001053	682.828743
150.852000	0.001052	681.301977
150.904000	0.001052	679.780927
150.956000	0.001051	678.265930
151.008000	0.001050	676.755963
151.060000	0.001049	675.252762
151.112000	0.001049	673.753825
151.164000	0.001048	672.262084
151.216000	0.001047	670.773644
151.268000	0.001046	669.293646
151.320000	0.001046	667.816236
151.372000	0.001045	666.347627
151.424000	0.001044	664.880703
151.476000	0.001043	663.423953
151.528000	0.001042	661.968615
151.580000	0.001042	660.522126
151.632000	0.001041	659.077597
151.684000	0.001040	657.642222
151.736000	0.001039	656.209279
151.788000	0.001039	654.784035
151.840000	0.001038	653.361980
151.892000	0.001037	651.947345
151.944000	0.001036	650.536553
151.996000	0.001036	649.132564
152.048000	0.001035	647.733060
152.100000	0.001034	646.339699
152.152000	0.001033	644.950935
152.204000	0.001033	643.567194
152.256000	0.001032	642.189555
152.308000	0.001031	640.817014
152.360000	0.001030	639.450242
152.412000	0.001030	638.087298
152.464000	0.001029	636.731590
152.516000	0.001028	635.379227
152.568000	0.001027	634.034069
152.620000	0.001027	632.691276
152.672000	0.001026	631.357381
152.724000	0.001025	630.025215
152.776000	0.001024	628.701716
152.828000	0.001024	627.379662
152.880000	0.001023	626.066498
152.932000	0.001022	624.755180
152.984000	0.001021	623.451714
153.036000	0.001021	622.150766
153.088000	0.001020	620.857501
153.140000	0.001019	619.567204
153.192000	0.001018	618.283655
153.244000	0.001018	617.003830
153.296000	0.001017	615.730530
153.348000	0.001016	614.461079
153.400000	0.001015	613.196966
153.452000	0.001015	611.937779
153.504000	0.001014	610.683938
153.556000	0.001013	609.434990
153.608000	0.001012	608.190387
153.660000	0.001012	606.951940
153.712000	0.001011	605.717551
153.764000	0.001010	604.489287
153.816000	0.001009	603.264061
153.868000	0.001009	602.046086
153.920000	0.001008	600.830528
153.972000	0.001007	599.622536
154.024000	0.001007	598.416188
154.076000	0.001006	597.218568
154.128000	0.001005	596.022399
154.180000	0.001004	594.834191
154.232000	0.001004	593.647858
154.284000	0.001003	592.468938
154.336000	0.001002	591.292515
154.388000	0.001001	590.123410
154.440000	0.001001	588.957052
154.492000	0.001000	587.796786
154.544000	0.000999	586.640118
154.596000	0.000998	585.489693
154.648000	0.000998	584.342941
154.700000	0.000997	583.201322
154.752000	0.000996	582.064131
154.804000	0.000996	580.931883
154.856000	0.000995	579.804569
154.908000	0.000994	578.681704
154.960000	0.000993	577.563969
155.012000	0.000993	576.449885
155.064000	0.000992	575.341980
155.116000	0.000991	574.237196
155.168000	0.000991	573.138853
155.220000	0.000990	572.042829
155.272000	0.000989	570.953948
155.324000	0.000988	569.866724
155.376000	0.000988	568.787846
155.428000	0.000987	567.710433
155.480000	0.000986	566.639991
155.532000	0.000986	565.571530
155.584000	0.000985	564.510553
155.636000	0.000984	563.451939
155.688000	0.000983	562.399887
155.740000	0.000983	561.350505
155.792000	0.000982	560.306898
155.844000	0.000981	559.266578
155.896000	0.000981	558.231951
155.948000	0.000980	557.201062
156.000000	0.000979	556.175402
156.052000	0.000979	555.153934
156.104000	0.000978	554.137254
156.156000	0.000977	553.124913
156.208000	0.000976	552.116733
156.260000	0.000976	551.113381
156.312000	0.000975	550.113637
156.364000	0.000974	549.119713
156.416000	0.000974	548.128872
156.468000	0.000973	547.144120
156.520000	0.000972	546.161698
156.572000	0.000972	545.185998
156.624000	0.000971	544.211982
156.676000	0.000970	543.245363
156.728000	0.000969	542.280298
156.780000	0.000969	541.322251
156.832000	0.000968	540.366142
156.884000	0.000967	539.416685
156.936000	0.000967	538.469574
156.988000	0.000966	537.528693
157.040000	0.000965	536.590410
157.092000	0.000965	535.657624
157.144000	0.000964	534.727998
157.196000	0.000963	533.803819
157.248000	0.000962	532.883211
157.300000	0.000962	531.967681
157.352000	0.000961	531.055835
157.404000	0.000960	530.148419
157.456000	0.000960	529.245380
157.508000	0.000959	528.346645
157.560000	0.000958	527.452402
157.612000	0.000958	526.561720
157.664000	0.000957	525.676129
157.716000	0.000956	524.793502
157.768000	0.000956	523.916572
157.820000	0.000955	523.041986
157.872000	0.000954	522.174228
157.924000	0.000954	521.308257
157.976000	0.000953	520.449219
158.028000	0.000952	519.591762
158.080000	0.000952	518.740441
158.132000	0.000951	517.891099
158.184000	0.000950	517.048011
158.236000	0.000950	516.207256
158.288000	0.000949	515.372441
158.340000	0.000948	514.540312
158.392000	0.000947	513.713760
158.444000	0.000947	512.890251
158.496000	0.000946	512.072006
158.548000	0.000945	511.256905
158.600000	0.000945	510.446434
158.652000	0.000944	509.639413
158.704000	0.000943	508.836732
158.756000	0.000943	508.038144
158.808000	0.000942	507.243823
158.860000	0.000941	506.454035
158.912000	0.000941	505.667951
158.964000	0.000940	504.886209
159.016000	0.000939	504.107325
159.068000	0.000939	503.334213
159.120000	0.000938	502.563562
159.172000	0.000937	501.798860
159.224000	0.000937	501.035995
159.276000	0.000936	500.279595
159.328000	0.000935	499.524916
159.380000	0.000935	498.776418
159.432000	0.000934	498.029942
159.484000	0.000933	497.289393
159.536000	0.000933	496.551164
159.588000	0.000932	495.818551
159.640000	0.000931	495.088563
159.692000	0.000931	494.363934
159.744000	0.000930	493.642016
159.796000	0.000930	492.924839
159.848000	0.000929	492.210881
159.900000	0.000928	491.501725
159.952000	0.000928	490.796059
160.004000	0.000927	490.094889
160.056000	0.000926	489.397209
160.108000	0.000926	488.703603
160.160000	0.000925	488.014190
160.212000	0.000924	487.328476
160.264000	0.000924	486.647163
160.316000	0.000923	485.968859
160.368000	0.000922	485.295533
160.420000	0.000922	484.624657
160.472000	0.000921	483.959803
160.524000	0.000920	483.296913
160.576000	0.000920	482.639517
160.628000	0.000919	481.983994
160.680000	0.000918	481.334735
160.732000	0.000918	480.687546
160.784000	0.000917	480.045948
160.836000	0.000916	479.406665
160.888000	0.000916	478.772746
160.940000	0.000915	478.141378
160.992000	0.000915	477.515103
161.044000	0.000914	476.891631
161.096000	0.000913	476.273078
161.148000	0.000913	475.657319
161.200000	0.000912	475.045984
161.252000	0.000911	474.438192
161.304000	0.000911	473.835089
161.356000	0.000910	473.235168
161.408000	0.000909	472.639326
161.460000	0.000909	472.047382
161.512000	0.000908	471.459189
161.564000	0.000908	470.875018
161.616000	0.000907	470.293891
161.668000	0.000906	469.717825
161.720000	0.000906	469.144361
161.772000	0.000905	468.576066
161.824000	0.000904	468.009835
161.876000	0.000904	467.449668
161.928000	0.000903	466.891439
161.980000	0.000902	466.338644
162.032000	0.000902	465.787978
162.084000	0.000901	465.242582
162.136000	0.000901	464.699495
162.188000	0.000900	464.161463
162.240000	0.000899	463.626100
162.292000	0.000899	463.096033
162.344000	0.000898	462.568642
162.396000	0.000897	462.046011
162.448000	0.000897	461.525994
162.500000	0.000896	461.010329
162.552000	0.000896	460.497982
162.604000	0.000895	459.990323
162.656000	0.000894	459.485864
162.708000	0.000894	458.985712
162.760000	0.000893	458.489113
162.812000	0.000892	457.996307
162.864000	0.000892	457.507214
162.916000	0.000891	457.021264
162.968000	0.000891	456.539992
163.020000	0.000890	456.061414
163.072000	0.000889	455.588090
163.124000	0.000889	455.116988
163.176000	0.000888	454.651576
163.228000	0.000887	454.188229
163.280000	0.000887	453.729930
163.332000	0.000886	453.273910
163.384000	0.000886	452.823266
163.436000	0.000885	452.374938
163.488000	0.000884	451.931451
163.540000	0.000884	451.490573
163.592000	0.000883	451.054791
163.644000	0.000883	450.621575
163.696000	0.000882	450.193028
163.748000	0.000881	449.767155
163.800000	0.000881	449.345840
163.852000	0.000880	448.927617
163.904000	0.000879	448.514110
163.956000	0.000879	448.103488
164.008000	0.000878	447.697237
164.060000	0.000878	447.294223
164.112000	0.000877	446.895093
164.164000	0.000876	446.499729
164.216000	0.000876	446.107708
164.268000	0.000875	445.720462
164.320000	0.000875	445.336096
164.372000	0.000874	444.956137
164.424000	0.000873	444.578536
164.476000	0.000873	444.206701
164.528000	0.000872	443.837060
164.580000	0.000872	443.472122
164.632000	0.000871	443.109536
164.684000	0.000870	442.752044
164.736000	0.000870	442.397008
164.788000	0.000869	442.046988
164.840000	0.000869	441.699530
164.892000	0.000868	441.357037
164.944000	0.000867	441.017198
164.996000	0.000867	440.682231
165.048000	0.000866	440.349759
165.100000	0.000866	440.021823
165.152000	0.000865	439.696726
165.204000	0.000864	439.376371
165.256000	0.000864	439.058950
165.308000	0.000863	438.746197
165.360000	0.000863	438.436355
165.412000	0.000862	438.130499
165.464000	0.000861	437.828487
165.516000	0.000861	437.530046
165.568000	0.000860	437.235573
165.620000	0.000860	436.944050
165.672000	0.000859	436.657036
165.724000	0.000858	436.372566
165.776000	0.000858	436.093466
165.828000	0.000857	435.816809
165.880000	0.000857	435.545494
165.932000	0.000856	435.276513
165.984000	0.000855	435.011910
166.036000	0.000855	434.749915
166.088000	0.000854	434.493152
166.140000	0.000854	434.238896
166.192000	0.000853	433.989453
166.244000	0.000853	433.742550
166.296000	0.000852	433.500455
166.348000	0.000851	433.260940
166.400000	0.000851	433.026251
166.452000	0.000850	432.794442
166.504000	0.000850	432.567656
166.556000	0.000849	432.343186
166.608000	0.000848	432.123321
166.660000	0.000848	431.906390
166.712000	0.000847	431.693693
166.764000	0.000847	431.484943
166.816000	0.000846	431.280019
166.868000	0.000846	431.078712
166.920000	0.000845	430.880515
166.972000	0.000844	430.686983
167.024000	0.000844	430.496185
167.076000	0.000843	430.309847
167.128000	0.000843	430.126155
167.180000	0.000842	429.947932
167.232000	0.000841	429.772223
167.284000	0.000841	429.601131
167.336000	0.000840	429.432663
167.388000	0.000840	429.269226
167.440000	0.000839	429.108419
167.492000	0.000839	428.952641
167.544000	0.000838	428.799296
167.596000	0.000837	428.650740
167.648000	0.000837	428.504831
167.700000	0.000836	428.364024
167.752000	0.000836	428.225565
167.804000	0.000835	428.092015
167.856000	0.000835	427.961161
167.908000	0.000834	427.835412
167.960000	0.000833	427.712277
168.012000	0.000833	427.593522
168.064000	0.000832	427.478366
168.116000	0.000832	427.367185
168.168000	0.000831	427.259753
168.220000	0.000831	427.155678
168.272000	0.000830	427.055887
168.324000	0.000830	426.959044
168.376000	0.000829	426.867309
168.428000	0.000828	426.778319
168.480000	0.000828	426.694064
168.532000	0.000827	426.612507
168.584000	0.000827	426.535739
168.636000	0.000826	426.461616
168.688000	0.000826	426.392366
168.740000	0.000825	426.325885
168.792000	0.000824	426.264709
168.844000	0.000824	426.205842
168.896000	0.000823	426.151727
168.948000	0.000823	426.100336
169.000000	0.000822	426.054359
169.052000	0.000822	426.010490
169.104000	0.000821	425.971667
169.156000	0.000821	425.935555
169.208000	0.000820	425.904848
169.260000	0.000819	425.876453
169.312000	0.000819	425.852611
169.364000	0.000818	425.832479
169.416000	0.000818	425.816604
169.468000	0.000817	425.804096
169.520000	0.000817	425.795116
169.572000	0.000816	425.791073
169.624000	0.000816	425.790192
169.676000	0.000815	425.793612
169.728000	0.000814	425.799940
169.780000	0.000814	425.810693
169.832000	0.000813	425.824434
169.884000	0.000813	425.843568
169.936000	0.000812	425.865372
169.988000	0.000812	425.891929
170.040000	0.000811	425.921208
170.092000	0.000811	425.955717
170.144000	0.000810	425.992851
170.196000	0.000809	426.035316
170.248000	0.000809	426.080070
170.300000	0.000808	426.130058
170.352000	0.000808	426.182488
170.404000	0.000807	426.240528
170.456000	0.000807	426.300650
170.508000	0.000806	426.366165
170.560000	0.000806	426.434425
170.612000	0.000805	426.507675
170.664000	0.000805	426.583885
170.716000	0.000804	426.664431
170.768000	0.000804	426.748951
170.820000	0.000803	426.837317
170.872000	0.000802	426.929766
170.924000	0.000802	427.025592
170.976000	0.000801	427.126355
171.028000	0.000801	427.230239
171.080000	0.000800	427.338709
171.132000	0.000800	427.450153
171.184000	0.000799	427.566417
171.236000	0.000799	427.685503
171.288000	0.000798	427.809566
171.340000	0.000798	427.936481
171.392000	0.000797	428.068898
171.444000	0.000797	428.203818
171.496000	0.000796	428.344071
171.548000	0.000795	428.486683
171.600000	0.000795	428.634862
171.652000	0.000794	428.785527
171.704000	0.000794	428.942159
171.756000	0.000793	429.100568
171.808000	0.000793	429.264527
171.860000	0.000792	429.431299
171.912000	0.000792	429.603364
171.964000	0.000791	429.778058
172.016000	0.000791	429.957267
172.068000	0.000790	430.140576
172.120000	0.000790	430.327975
172.172000	0.000789	430.519586
172.224000	0.000789	430.714750
172.276000	0.000788	430.914035
172.328000	0.000787	431.116718
172.380000	0.000787	431.324632
172.432000	0.000786	431.535595
172.484000	0.000786	431.751173
172.536000	0.000785	431.969868
172.588000	0.000785	432.194133
172.640000	0.000784	432.421003
172.692000	0.000784	432.652968
172.744000	0.000783	432.887545
172.796000	0.000783	433.127791
172.848000	0.000782	433.370439
172.900000	0.000782	433.618942
172.952000	0.000781	433.869663
173.004000	0.000781	434.126481
173.056000	0.000780	434.385112
173.108000	0.000780	434.649609
173.160000	0.000779	434.916619
173.212000	0.000779	435.189079
173.264000	0.000778	435.464672
173.316000	0.000778	435.745122
173.368000	0.000777	436.029329
173.420000	0.000777	436.317794
173.472000	0.000776	436.610133
173.524000	0.000775	436.906223
173.576000	0.000775	437.206563
173.628000	0.000774	437.510491
173.680000	0.000774	437.819825
173.732000	0.000773	438.132369
173.784000	0.000773	438.449733
173.836000	0.000772	438.770053
173.888000	0.000772	439.095419
173.940000	0.000771	439.423690
173.992000	0.000771	439.757663
174.044000	0.000770	440.094085
174.096000	0.000770	440.436115
174.148000	0.000769	440.780612
174.200000	0.000769	441.131277
174.252000	0.000768	441.484187
174.304000	0.000768	441.843512
174.356000	0.000767	442.204333
174.408000	0.000767	442.571123
174.460000	0.000766	442.940492
174.512000	0.000766	443.315558
174.564000	0.000765	443.693846
174.616000	0.000765	444.077209
174.668000	0.000764	444.463499
174.720000	0.000764	444.854134
174.772000	0.000763	445.249266
174.824000	0.000763	445.648358
174.876000	0.000762	446.052357
174.928000	0.000762	446.459900
174.980000	0.000761	446.871641
175.032000	0.000761	447.286832
175.084000	0.000760	447.707406
175.136000	0.000760	448.131054
175.188000	0.000759	448.559989
175.240000	0.000759	448.991706
175.292000	0.000758	449.428939
175.344000	0.000758	449.868698
175.396000	0.000757	450.314334
175.448000	0.000757	450.762478
175.500000	0.000756	451.217032
175.552000	0.000756	451.673227
175.604000	0.000755	452.135672
175.656000	0.000755	452.600330
175.708000	0.000754	453.071495
175.760000	0.000754	453.544910
175.812000	0.000753	454.024071
175.864000	0.000753	454.505670
175.916000	0.000752	454.992319
175.968000	0.000752	455.482935
176.020000	0.000751	455.978133
176.072000	0.000751	456.477448
176.124000	0.000750	456.980779
176.176000	0.000750	457.488112
176.228000	0.000749	457.999236
176.280000	0.000749	458.515583
176.332000	0.000748	459.035249
176.384000	0.000748	459.559623
176.436000	0.000747	460.087285
176.488000	0.000747	460.620711
176.540000	0.000746	461.156789
176.592000	0.000746	461.698245
176.644000	0.000745	462.242249
176.696000	0.000745	462.792263
176.748000	0.000744	463.344531
176.800000	0.000744	463.903118
176.852000	0.000743	464.463661
176.904000	0.000743	465.030831
176.956000	0.000742	465.599539
177.008000	0.000742	466.174533
177.060000	0.000741	466.752220
177.112000	0.000741	467.335871
177.164000	0.000740	467.922011
177.216000	0.000740	468.513275
177.268000	0.000739	469.107617
177.320000	0.000739	469.706498
177.372000	0.000738	470.310079
177.424000	0.000738	470.917727
177.476000	0.000738	471.529432
177.528000	0.000737	472.144898
177.580000	0.000737	472.765219
177.632000	0.000736	473.388882
177.684000	0.000736	474.017297
177.736000	0.000735	474.648866
177.788000	0.000735	475.285893
177.840000	0.000734	475.925772
177.892000	0.000734	476.571415
177.944000	0.000733	477.219371
177.996000	0.000733	477.873100
178.048000	0.000732	478.528799
178.100000	0.000732	479.190616
178.152000	0.000731	479.854690
178.204000	0.000731	480.525631
178.256000	0.000730	481.197761
178.308000	0.000730	481.875989
178.360000	0.000729	482.556943
178.412000	0.000729	483.243819
178.464000	0.000728	483.932776
178.516000	0.000728	484.626724
178.568000	0.000727	485.324730
178.620000	0.000727	486.027310
178.672000	0.000727	486.733056
178.724000	0.000726	487.442832
178.776000	0.000726	488.157143
178.828000	0.000725	488.875165
178.880000	0.000725	489.598021
178.932000	0.000724	490.324050
178.984000	0.000724	491.054388
179.036000	0.000723	491.787984
179.088000	0.000723	492.527354
179.140000	0.000722	493.269130
179.192000	0.000722	494.015947
179.244000	0.000721	494.765265
179.296000	0.000721	495.520556
179.348000	0.000720	496.277772
179.400000	0.000720	497.040989
179.452000	0.000719	497.805799
179.504000	0.000719	498.576922
179.556000	0.000719	499.349945
179.608000	0.000718	500.129193
179.660000	0.000718	500.910379
179.712000	0.000717	501.697032
179.764000	0.000717	502.486191
179.816000	0.000716	503.280228
179.868000	0.000716	504.077331
179.920000	0.000715	504.878722
179.972000	0.000715	505.684261
180.024000	0.000714	506.493581
180.076000	0.000714	507.306368
180.128000	0.000713	508.122701
180.180000	0.000713	508.943737
180.232000	0.000712	509.767907
180.284000	0.000712	510.596635
180.336000	0.000712	511.428167
180.388000	0.000711	512.264547
180.440000	0.000711	513.103407
180.492000	0.000710	513.947403
180.544000	0.000710	514.793796
180.596000	0.000709	515.645883
180.648000	0.000709	516.499536
180.700000	0.000708	517.358633
180.752000	0.000708	518.219264
180.804000	0.000707	519.085841
180.856000	0.000707	519.954295
180.908000	0.000707	520.828551
180.960000	0.000706	521.704319
181.012000	0.000706	522.585025
181.064000	0.000705	523.468615
181.116000	0.000705	524.356773
181.168000	0.000704	525.247413
181.220000	0.000704	526.141930
181.272000	0.000703	527.039929
181.324000	0.000703	527.941445
181.376000	0.000702	528.847186
181.428000	0.000702	529.756009
181.480000	0.000702	530.668392
181.532000	0.000701	531.583632
181.584000	0.000701	532.503116
181.636000	0.000700	533.425161
181.688000	0.000700	534.351681
181.740000	0.000699	535.280475
181.792000	0.000699	536.213973
181.844000	0.000698	537.149462
181.896000	0.000698	538.089868
181.948000	0.000697	539.031711
182.000000	0.000697	539.978435
182.052000	0.000697	540.926936
182.104000	0.000696	541.880951
182.156000	0.000696	542.836070
182.208000	0.000695	543.795992
182.260000	0.000695	544.757758
182.312000	0.000694	545.723939
182.364000	0.000694	546.692439
182.416000	0.000693	547.664820
182.468000	0.000693	548.639973
182.520000	0.000693	549.618481
182.572000	0.000692	550.599682
182.624000	0.000692	551.583849
182.676000	0.000691	552.571419
182.728000	0.000691	553.561688
182.780000	0.000690	554.555543
182.832000	0.000690	555.551844
182.884000	0.000689	556.551896
182.936000	0.000689	557.553988
182.988000	0.000689	558.559623
183.040000	0.000688	559.567230
183.092000	0.000688	560.578880
183.144000	0.000687	561.592039
183.196000	0.000687	562.609088
183.248000	0.000686	563.627968
183.300000	0.000686	564.651365
183.352000	0.000686	565.675787
183.404000	0.000685	566.704385
183.456000	0.000685	567.734014
183.508000	0.000684	568.767487
183.560000	0.000684	569.802692
183.612000	0.000683	570.841409
183.664000	0.000683	571.882243
183.716000	0.000682	572.926110
183.768000	0.000682	573.971980
183.820000	0.000682	575.020396
183.872000	0.000681	576.071630
183.924000	0.000681	577.125128
183.976000	0.000680	578.181544
184.028000	0.000680	579.239861
184.080000	0.000679	580.300298
184.132000	0.000679	581.362751
184.184000	0.000679	582.428663
184.236000	0.000678	583.496137
184.288000	0.000678	584.566360
184.340000	0.000677	585.637955
184.392000	0.000677	586.712364
184.444000	0.000676	587.788220
184.496000	0.000676	588.867223
184.548000	0.000676	589.947553
184.600000	0.000675	591.031016
184.652000	0.000675	592.115381
184.704000	0.000674	593.202660
184.756000	0.000674	594.290875
184.808000	0.000673	595.381683
184.860000	0.000673	596.474055
184.912000	0.000673	597.568767
184.964000	0.000672	598.664870
185.016000	0.000672	599.762846
185.068000	0.000671	600.862919
185.120000	0.000671	601.964577
185.172000	0.000670	603.068019
185.224000	0.000670	604.172788
185.276000	0.000670	605.279356
185.328000	0.000669	606.387198
185.380000	0.000669	607.497273
185.432000	0.000668	608.608415
185.484000	0.000668	609.721330
185.536000	0.000667	610.835213
185.588000	0.000667	611.950825
185.640000	0.000667	613.067531
185.692000	0.000666	614.186213
185.744000	0.000666	615.305719
185.796000	0.000665	616.426799
185.848000	0.000665	617.548660
185.900000	0.000664	618.671985
185.952000	0.000664	619.796398
186.004000	0.000664	620.922339
186.056000	0.000663	622.049092
186.108000	0.000663	623.176914
186.160000	0.000662	624.305666
186.212000	0.000662	625.435227
186.264000	0.000662	626.565819
186.316000	0.000661	627.696976
186.368000	0.000661	628.829740
186.420000	0.000660	629.962898
186.472000	0.000660	631.097195
186.524000	0.000659	632.231749
186.576000	0.000659	633.367319
186.628000	0.000659	634.503131
186.680000	0.000658	635.639812
186.732000	0.000658	636.776740
186.784000	0.000657	637.914359
186.836000	0.000657	639.052423
186.888000	0.000657	640.191340
186.940000	0.000656	641.330580
186.992000	0.000656	642.470096
187.044000	0.000655	643.610007
187.096000	0.000655	644.749952
187.148000	0.000655	645.890388
187.200000	0.000654	647.030589
187.252000	0.000654	648.171399
187.304000	0.000653	649.311681
187.356000	0.000653	650.453005
187.408000	0.000652	651.593792
187.460000	0.000652	652.734816
187.512000	0.000652	653.874910
187.564000	0.000651	655.016061
187.616000	0.000651	656.156358
187.668000	0.000650	657.296689
187.720000	0.000650	658.436012
187.772000	0.000650	659.576238
187.824000	0.000649	660.715518
187.876000	0.000649	661.854904
187.928000	0.000648	662.993469
187.980000	0.000648	664.131830
188.032000	0.000648	665.269520
188.084000	0.000647	666.406671
188.136000	0.000647	667.543156
188.188000	0.000646	668.678389
188.240000	0.000646	669.813541
188.292000	0.000646	670.947713
188.344000	0.000645	672.081817
188.396000	0.000645	673.214220
188.448000	0.000644	674.346805
188.500000	0.000644	675.477251
188.552000	0.000644	676.608152
188.604000	0.000643	677.736448
188.656000	0.000643	678.865257
188.708000	0.000642	679.991459
188.760000	0.000642	681.117987
188.812000	0.000641	682.241930
188.864000	0.000641	683.365985
188.916000	0.000641	684.487499
188.968000	0.000640	685.608887
189.020000	0.000640	686.727820
189.072000	0.000639	687.845803
189.124000	0.000639	688.961600
189.176000	0.000639	690.076976
189.228000	0.000638	691.190399
189.280000	0.000638	692.302448
189.332000	0.000638	693.412724
189.384000	0.000637	694.520731
189.436000	0.000637	695.627437
189.488000	0.000636	696.731729
189.540000	0.000636	697.835299
189.592000	0.000636	698.936204
189.644000	0.000635	700.036309
189.696000	0.000635	701.132590
189.748000	0.000634	702.228741
189.800000	0.000634	703.320722
189.852000	0.000634	704.412997
189.904000	0.000633	705.500508
189.956000	0.000633	706.587970
190.008000	0.000632	707.670682
190.060000	0.000632	708.753780
190.112000	0.000632	709.832570
190.164000	0.000631	710.910490
190.216000	0.000631	711.984143
190.268000	0.000630	713.056976
190.320000	0.000630	714.125880
190.372000	0.000630	715.193469
190.424000	0.000629	716.257506
190.476000	0.000629	717.319601
190.528000	0.000628	718.378597
190.580000	0.000628	719.435008
190.632000	0.000628	720.488667
190.684000	0.000627	721.538674
190.736000	0.000627	722.586574
190.788000	0.000626	723.630506
190.840000	0.000626	724.672867
190.892000	0.000626	725.710533
190.944000	0.000625	726.747189
190.996000	0.000625	727.778400
191.048000	0.000625	728.808886
191.100000	0.000624	729.832921
191.152000	0.000624	730.857084
191.204000	0.000623	731.874341
191.256000	0.000623	732.891721
191.308000	0.000623	733.902529
191.360000	0.000622	734.912935
191.412000	0.000622	735.917129
191.464000	0.000621	736.919913
191.516000	0.000621	737.916808
191.568000	0.000621	738.912177
191.620000	0.000620	739.902151
191.672000	0.000620	740.889427
191.724000	0.000620	741.871935
191.776000	0.000619	742.851927
191.828000	0.000619	743.827601
191.880000	0.000618	744.798974
191.932000	0.000618	745.766772
191.984000	0.000618	746.729867
192.036000	0.000617	747.690039
192.088000	0.000617	748.644616
192.140000	0.000616	749.596962
192.192000	0.000616	750.542846
192.244000	0.000616	751.487158
192.296000	0.000615	752.424058
192.348000	0.000615	753.360208
192.400000	0.000615	754.288104
192.452000	0.000614	755.215800
192.504000	0.000614	756.134475
192.556000	0.000613	757.052909
192.608000	0.000613	757.962863
192.660000	0.000613	758.871919
192.712000	0.000612	759.773053
192.764000	0.000612	760.672480
192.816000	0.000612	761.564540
192.868000	0.000611	762.454194
192.920000	0.000611	763.337113
192.972000	0.000610	764.216799
193.024000	0.000610	765.090465
193.076000	0.000610	765.959975
193.128000	0.000609	766.824239
193.180000	0.000609	767.683409
193.232000	0.000609	768.538101
193.284000	0.000608	769.386659
193.336000	0.000608	770.231606
193.388000	0.000607	771.069544
193.440000	0.000607	771.904675
193.492000	0.000607	772.731726
193.544000	0.000606	773.556830
193.596000	0.000606	774.372830
193.648000	0.000606	775.187769
193.700000	0.000605	775.992563
193.752000	0.000605	776.797013
193.804000	0.000604	777.590630
193.856000	0.000604	778.383793
193.908000	0.000604	779.166826
193.960000	0.000603	779.948483
194.012000	0.000603	780.720698
194.064000	0.000603	781.490715
194.116000	0.000602	782.252032
194.168000	0.000602	783.010319
194.220000	0.000602	783.760692
194.272000	0.000601	784.506964
194.324000	0.000601	785.246185
194.376000	0.000600	785.980268
194.428000	0.000600	786.708234
194.480000	0.000600	787.430084
194.532000	0.000599	788.146719
194.584000	0.000599	788.856041
194.636000	0.000599	789.561152
194.688000	0.000598	790.257959
194.740000	0.000598	790.951473
194.792000	0.000597	791.635476
194.844000	0.000597	792.317226
194.896000	0.000597	792.988385
194.948000	0.000596	793.658279
195.000000	0.000596	794.316415
195.052000	0.000596	794.974084
195.104000	0.000595	795.619384
195.156000	0.000595	796.263917
195.208000	0.000595	796.896886
195.260000	0.000594	797.528161
195.312000	0.000594	798.148745
195.364000	0.000594	798.766695
195.416000	0.000593	799.374837
195.468000	0.000593	799.979249
195.520000	0.000592	800.574772
195.572000	0.000592	801.165533
195.624000	0.000592	801.748408
195.676000	0.000591	802.325379
195.728000	0.000591	802.895506
195.780000	0.000591	803.458567
195.832000	0.000590	804.015831
195.884000	0.000590	804.564815
195.936000	0.000590	805.109075
195.988000	0.000589	805.643874
196.040000	0.000589	806.175059
196.092000	0.000588	806.695612
196.144000	0.000588	807.213659
196.196000	0.000588	807.719860
196.248000	0.000587	808.224647
196.300000	0.000587	808.716342
196.352000	0.000587	809.207401
196.404000	0.000586	809.684838
196.456000	0.000586	810.161328
196.508000	0.000586	810.625164
196.560000	0.000585	811.087025
196.612000	0.000585	811.537223
196.664000	0.000585	811.984282
196.716000	0.000584	812.420659
196.768000	0.000584	812.852855
196.820000	0.000583	813.275421
196.872000	0.000583	813.692682
196.924000	0.000583	814.101413
196.976000	0.000582	814.503530
197.028000	0.000582	814.898267
197.080000	0.000582	815.285203
197.132000	0.000581	815.665916
197.184000	0.000581	816.037588
197.236000	0.000581	816.404204
197.288000	0.000580	816.760532
197.340000	0.000580	817.112962
197.392000	0.000580	817.453813
197.444000	0.000579	817.791952
197.496000	0.000579	818.117246
197.548000	0.000579	818.441060
197.600000	0.000578	818.750781
197.652000	0.000578	819.059795
197.704000	0.000578	819.354312
197.756000	0.000577	819.647684
197.808000	0.000577	819.927610
197.860000	0.000576	820.205253
197.912000	0.000576	820.470532
197.964000	0.000576	820.732385
198.016000	0.000575	820.982965
198.068000	0.000575	821.229012
198.120000	0.000575	821.464919
198.172000	0.000574	821.695019
198.224000	0.000574	821.916165
198.276000	0.000574	822.130191
198.328000	0.000573	822.336495
198.380000	0.000573	822.534495
198.432000	0.000573	822.725987
198.484000	0.000572	822.907855
198.536000	0.000572	823.084450
198.588000	0.000572	823.250133
198.640000	0.000571	823.411763
198.692000	0.000571	823.561167
198.744000	0.000571	823.707788
198.796000	0.000570	823.840917
198.848000	0.000570	823.972519
198.900000	0.000570	824.089331
198.952000	0.000569	824.205317
199.004000	0.000569	824.306243
199.056000	0.000569	824.405900
199.108000	0.000568	824.491653
199.160000	0.000568	824.574960
199.212000	0.000568	824.645511
199.264000	0.000567	824.712383
199.316000	0.000567	824.767649
199.368000	0.000567	824.818102
199.420000	0.000566	824.858143
199.472000	0.000566	824.892009
199.524000	0.000565	824.916723
199.576000	0.000565	824.934123
199.628000	0.000565	824.943610
199.680000	0.000564	824.944357
199.732000	0.000564	824.938471
199.784000	0.000564	824.922599
199.836000	0.000563	824.901384
199.888000	0.000563	824.868927
199.940000	0.000563	824.832383
199.992000	0.000562	824.783270
200.044000	0.000562	824.731350
200.096000	0.000562	824.665569
200.148000	0.000561	824.598230
200.200000	0.000561	824.515718
200.252000	0.000561	824.432395
200.304000	0.000560	824.333843
200.356000	0.000560	824.233892
200.408000	0.000560	824.119885
200.460000	0.000559	824.003241
200.512000	0.000559	823.873724
200.564000	0.000559	823.740419
200.616000	0.000558	823.595442
200.668000	0.000558	823.445482
200.720000	0.000558	823.285077
200.772000	0.000557	823.118378
200.824000	0.000557	822.942512
200.876000	0.000557	822.759123
200.928000	0.000556	822.567853
200.980000	0.000556	822.367779
201.032000	0.000556	822.161097
201.084000	0.000555	821.944293
201.136000	0.000555	821.722183
201.188000	0.000555	821.488718
201.240000	0.000554	821.251208
201.292000	0.000554	821.001043
201.344000	0.000554	820.748115
201.396000	0.000553	820.481268
201.448000	0.000553	820.212934
201.500000	0.000553	819.929423
201.552000	0.000552	819.645074
201.604000	0.000552	819.345635
201.656000	0.000552	819.044709
201.708000	0.000551	818.729886
201.760000	0.000551	818.412391
201.812000	0.000551	818.082204
201.864000	0.000551	817.748212
201.916000	0.000550	817.402740
201.968000	0.000550	817.052193
202.020000	0.000550	816.691398
202.072000	0.000549	816.324335
202.124000	0.000549	815.948298
202.176000	0.000549	815.564756
202.228000	0.000548	815.173530
202.280000	0.000548	814.773594
202.332000	0.000548	814.367206
202.384000	0.000547	813.950761
202.436000	0.000547	813.529184
202.488000	0.000547	813.096432
202.540000	0.000546	812.659794
202.592000	0.000546	812.210730
202.644000	0.000546	811.759010
202.696000	0.000545	811.293628
202.748000	0.000545	810.826871
202.800000	0.000545	810.345276
202.852000	0.000544	809.862809
202.904000	0.000544	809.365709
202.956000	0.000544	808.867113
203.008000	0.000543	808.355098
203.060000	0.000543	807.840449
203.112000	0.000543	807.313575
203.164000	0.000542	806.782885
203.216000	0.000542	806.241151
203.268000	0.000542	805.694524
203.320000	0.000541	805.138069
203.372000	0.000541	804.575483
203.424000	0.000541	804.004316
203.476000	0.000540	803.425839
203.528000	0.000540	802.840022
203.580000	0.000540	802.245719
203.632000	0.000540	801.645326
203.684000	0.000539	801.035325
203.736000	0.000539	800.420444
203.788000	0.000539	799.794765
203.840000	0.000538	799.165423
203.892000	0.000538	798.524146
203.944000	0.000538	797.880410
203.996000	0.000537	797.223609
204.048000	0.000537	796.565582
204.100000	0.000537	795.893401
204.152000	0.000536	795.220373
204.204000	0.000536	794.533517
204.256000	0.000536	793.845169
204.308000	0.000535	793.144175
204.360000	0.000535	792.440656
204.412000	0.000535	791.725652
204.464000	0.000534	791.006970
204.516000	0.000534	790.277934
204.568000	0.000534	789.544216
204.620000	0.000534	788.801315
204.672000	0.000533	788.052624
204.724000	0.000533	787.295936
204.776000	0.000533	786.532317
204.828000	0.000532	785.761904
204.880000	0.000532	784.983565
204.932000	0.000532	784.199573
204.984000	0.000531	783.406509
205.036000	0.000531	782.608947
205.088000	0.000531	781.801264
205.140000	0.000530	780.990271
205.192000	0.000530	780.168184
205.244000	0.000530	779.343865
205.296000	0.000529	778.507377
205.348000	0.000529	777.669768
205.400000	0.000529	776.818990
205.452000	0.000529	775.967496
205.504000	0.000528	775.103334
205.556000	0.000528	774.237733
205.608000	0.000528	773.360547
205.660000	0.000527	772.480984
205.712000	0.000527	771.590936
205.764000	0.000527	770.697495
205.816000	0.000526	769.794631
205.868000	0.000526	768.887481
205.920000	0.000526	767.971997
205.972000	0.000525	767.051125
206.024000	0.000525	766.123039
206.076000	0.000525	765.188680
206.128000	0.000525	764.248189
206.180000	0.000524	763.300415
206.232000	0.000524	762.347601
206.284000	0.000524	761.386598
206.336000	0.000523	760.421579
206.388000	0.000523	759.447380
206.440000	0.000523	758.470250
206.492000	0.000522	757.483093
206.544000	0.000522	756.493978
206.596000	0.000522	755.493898
206.648000	0.000521	754.492926
206.700000	0.000521	753.480168
206.752000	0.000521	752.466770
206.804000	0.000521	751.442128
206.856000	0.000520	750.416156
206.908000	0.000520	749.379935
206.960000	0.000520	748.341607
207.012000	0.000519	747.294041
207.064000	0.000519	746.243431
207.116000	0.000519	745.184546
207.168000	0.000518	744.121839
207.220000	0.000518	743.051849
207.272000	0.000518	741.977171
207.324000	0.000518	740.896208
207.376000	0.000517	739.809715
207.428000	0.000517	738.717905
207.480000	0.000517	737.619694
207.532000	0.000516	736.517156
207.584000	0.000516	735.407493
207.636000	0.000516	734.294386
207.688000	0.000515	733.173277
207.740000	0.000515	732.049706
207.792000	0.000515	730.917464
207.844000	0.000515	729.783605
207.896000	0.000514	728.640291
207.948000	0.000514	727.496232
208.000000	0.000514	726.342012
208.052000	0.000513	725.187292
208.104000	0.000513	724.023030
208.156000	0.000513	722.857677
208.208000	0.000512	721.683671
208.260000	0.000512	720.507810
208.312000	0.000512	719.324156
208.364000	0.000512	718.137947
208.416000	0.000511	716.944798
208.468000	0.000511	715.748462
208.520000	0.000511	714.546046
208.572000	0.000510	713.339678
208.624000	0.000510	712.128094
208.676000	0.000510	710.911868
208.728000	0.000509	709.691266
208.780000	0.000509	708.465364
208.832000	0.000509	707.235918
208.884000	0.000509	706.000564
208.936000	0.000508	704.762446
208.988000	0.000508	703.517774
209.040000	0.000508	702.271130
209.092000	0.000507	701.017366
209.144000	0.000507	699.762326
209.196000	0.000507	698.499551
209.248000	0.000507	697.236251
209.300000	0.000506	695.964701
209.352000	0.000506	694.692807
209.404000	0.000506	693.413272
209.456000	0.000505	692.132814
209.508000	0.000505	690.845438
209.560000	0.000505	689.556663
209.612000	0.000505	688.261719
209.664000	0.000504	686.964736
209.716000	0.000504	685.662280
209.768000	0.000504	684.357364
209.820000	0.000503	683.047686
209.872000	0.000503	681.734901
209.924000	0.000503	680.418068
209.976000	0.000502	679.097653
210.028000	0.000502	677.773877
210.080000	0.000502	676.446025
210.132000	0.000502	675.115473
210.184000	0.000501	673.780377
210.236000	0.000501	672.443216
210.288000	0.000501	671.101060
210.340000	0.000500	669.757426
210.392000	0.000500	668.408359
210.444000	0.000500	667.058420
210.496000	0.000500	665.702681
210.548000	0.000499	664.346631
210.600000	0.000499	662.984415
210.652000	0.000499	661.621948
210.704000	0.000498	660.253834
210.756000	0.000498	658.885125
210.808000	0.000498	657.511375
210.860000	0.000498	656.136630
210.912000	0.000497	654.757410
210.964000	0.000497	653.376777
211.016000	0.000497	651.992212
211.068000	0.000496	650.605922
211.120000	0.000496	649.216247
211.172000	0.000496	647.824430
211.224000	0.000496	646.429778
211.276000	0.000495	645.032671
211.328000	0.000495	643.633237
211.380000	0.000495	642.230993
211.432000	0.000494	640.826909
211.484000	0.000494	639.419716
211.536000	0.000494	638.011169
211.588000	0.000494	636.599276
211.640000	0.000493	635.186472
211.692000	0.000493	633.770075
211.744000	0.000493	632.353121
211.796000	0.000492	630.932307
211.848000	0.000492	629.511383
211.900000	0.000492	628.086450
211.952000	0.000492	626.661438
212.004000	0.000491	625.232831
212.056000	0.000491	623.803936
212.108000	0.000491	622.371879
212.160000	0.000491	620.939216
212.212000	0.000490	619.503772
212.264000	0.000490	618.067612
212.316000	0.000490	616.629062
212.368000	0.000489	615.189551
212.420000	0.000489	613.748026
212.472000	0.000489	612.305333
212.524000	0.000489	610.861005
212.576000	0.000488	609.415375
212.628000	0.000488	607.968432
212.680000	0.000488	606.519952
212.732000	0.000487	605.070489
212.784000	0.000487	603.619395
212.836000	0.000487	602.167634
212.888000	0.000487	600.714168
212.940000	0.000486	599.260257
212.992000	0.000486	597.804504
213.044000	0.000486	596.348572
213.096000	0.000486	594.890768
213.148000	0.000485	593.433035
213.200000	0.000485	591.973423
213.252000	0.000485	590.513858
213.304000	0.000484	589.052658
213.356000	0.000484	587.591446
213.408000	0.000484	586.128866
213.460000	0.000484	584.666204
213.512000	0.000483	583.202402
213.564000	0.000483	581.738424
213.616000	0.000483	580.273516
213.668000	0.000482	578.808494
213.720000	0.000482	577.342747
213.772000	0.000482	575.876740
213.824000	0.000482	574.410214
213.876000	0.000481	572.943450
213.928000	0.000481	571.476345
213.980000	0.000481	570.009003
214.032000	0.000481	568.541457
214.084000	0.000480	567.073656
214.136000	0.000480	565.605821
214.188000	0.000480	564.137842
214.240000	0.000479	562.669861
214.292000	0.000479	561.201715
214.344000	0.000479	559.733733
214.396000	0.000479	558.265750
214.448000	0.000478	556.797924
214.500000	0.000478	555.330162
214.552000	0.000478	553.862642
214.604000	0.000478	552.395318
214.656000	0.000477	550.928247
214.708000	0.000477	549.461445
214.760000	0.000477	547.994971
214.812000	0.000476	546.528833
214.864000	0.000476	545.063217
214.916000	0.000476	543.597993
214.968000	0.000476	542.133244
215.020000	0.000475	540.668939
215.072000	0.000475	539.205299
215.124000	0.000475	537.742149
215.176000	0.000475	536.279779
215.228000	0.000474	534.817906
215.280000	0.000474	533.356905
215.332000	0.000474	531.896399
215.384000	0.000474	530.436919
215.436000	0.000473	528.977933
215.488000	0.000473	527.520180
215.540000	0.000473	526.062855
215.592000	0.000472	524.606922
215.644000	0.000472	523.151353
215.696000	0.000472	521.697387
215.748000	0.000472	520.243752
215.800000	0.000471	518.791933
215.852000	0.000471	517.340469
215.904000	0.000471	515.890763
215.956000	0.000471	514.441595
216.008000	0.000470	512.994123
216.060000	0.000470	511.547386
216.112000	0.000470	510.102262
216.164000	0.000470	508.658098
216.216000	0.000469	507.215456
216.268000	0.000469	505.774041
216.320000	0.000469	504.334055
216.372000	0.000468	502.895458
216.424000	0.000468	501.458191
216.476000	0.000468	500.022546
216.528000	0.000468	498.588114
216.580000	0.000467	497.155543
216.632000	0.000467	495.724051
216.684000	0.000467	494.294690
216.736000	0.000467	492.866253
216.788000	0.000466	491.440216
216.840000	0.000466	490.014935
216.892000	0.000466	488.592347
216.944000	0.000466	487.170329
216.996000	0.000465	485.751312
217.048000	0.000465	484.332742
217.100000	0.000465	482.917417
217.152000	0.000465	481.502548
217.204000	0.000464	480.090717
217.256000	0.000464	478.679671
217.308000	0.000464	477.271485
217.360000	0.000464	475.864386
217.412000	0.000463	474.459935
217.464000	0.000463	473.056894
217.516000	0.000463	471.656288
217.568000	0.000462	470.257402
217.620000	0.000462	468.860734
217.672000	0.000462	467.466044
217.724000	0.000462	466.073373
217.776000	0.000461	464.683090
217.828000	0.000461	463.294571
217.880000	0.000461	461.908684
217.932000	0.000461	460.524332
217.984000	0.000460	459.142997
218.036000	0.000460	457.762938
218.088000	0.000460	456.386248
218.140000	0.000460	455.010536
218.192000	0.000459	453.638531
218.244000	0.000459	452.267277
218.296000	0.000459	450.900153
218.348000	0.000459	449.533498
218.400000	0.000458	448.171159
218.452000	0.000458	446.809436
218.504000	0.000458	445.451759
218.556000	0.000458	444.095030
218.608000	0.000457	442.742039
218.660000	0.000457	441.390417
218.712000	0.000457	440.042228
218.764000	0.000457	438.695808
218.816000	0.000456	437.352506
218.868000	0.000456	436.011301
218.920000	0.000456	434.672911
218.972000	0.000456	433.337040
219.024000	0.000455	432.003668
219.076000	0.000455	430.673154
219.128000	0.000455	429.344830
219.180000	0.000455	428.019797
219.232000	0.000454	426.696627
219.284000	0.000454	425.377144
219.336000	0.000454	424.059164
219.388000	0.000454	422.745247
219.440000	0.000453	421.432509
219.492000	0.000453	420.124279
219.544000	0.000453	418.816837
219.596000	0.000453	417.514300
219.648000	0.000452	416.212298
219.700000	0.000452	414.915400
219.752000	0.000452	413.619219
219.804000	0.000451	412.327788
219.856000	0.000451	411.037459
219.908000	0.000451	409.751487
219.960000	0.000451	408.467099
220.012000	0.000450	407.186689
220.064000	0.000450	405.908259
220.116000	0.000450	404.633417
220.168000	0.000450	403.360977
220.220000	0.000449	402.091754
220.272000	0.000449	400.825406
220.324000	0.000449	399.561890
220.376000	0.000449	398.301623
220.428000	0.000448	397.043819
220.480000	0.000448	395.789738
220.532000	0.000448	394.537694
220.584000	0.000448	393.289735
220.636000	0.000448	392.043456
220.688000	0.000447	390.801764
220.740000	0.000447	389.561326
220.792000	0.000447	388.325891
220.844000	0.000447	387.091332
220.896000	0.000446	385.862249
220.948000	0.000446	384.633709
221.000000	0.000446	383.410751
221.052000	0.000446	382.188586
221.104000	0.000445	380.971609
221.156000	0.000445	379.755846
221.208000	0.000445	378.544820
221.260000	0.000445	377.335477
221.312000	0.000444	376.130432
221.364000	0.000444	374.927540
221.416000	0.000444	373.728515
221.468000	0.000444	372.532149
221.520000	0.000443	371.339217
221.572000	0.000443	370.149287
221.624000	0.000443	368.962388
221.676000	0.000443	367.779027
221.728000	0.000442	366.598247
221.780000	0.000442	365.421375
221.832000	0.000442	364.246687
221.884000	0.000442	363.076428
221.936000	0.000441	361.907903
221.988000	0.000441	360.744230
222.040000	0.000441	359.581855
222.092000	0.000441	358.424785
222.144000	0.000440	357.268542
222.196000	0.000440	356.118037
222.248000	0.000440	354.968171
222.300000	0.000440	353.824173
222.352000	0.000439	352.680979
222.404000	0.000439	351.543166
222.456000	0.000439	350.406596
222.508000	0.000439	349.274931
222.560000	0.000438	348.145080
222.612000	0.000438	347.019677
222.664000	0.000438	345.896473
222.716000	0.000438	344.777247
222.768000	0.000437	343.660732
222.820000	0.000437	342.547756
222.872000	0.000437	341.437987
222.924000	0.000437	340.331294
222.976000	0.000437	339.228171
223.028000	0.000436	338.127689
223.080000	0.000436	337.031275
223.132000	0.000436	335.937035
223.184000	0.000436	334.847277
223.236000	0.000435	333.759287
223.288000	0.000435	332.676294
223.340000	0.000435	331.594571
223.392000	0.000435	330.518241
223.444000	0.000434	329.442788
223.496000	0.000434	328.373223
223.548000	0.000434	327.304199
223.600000	0.000434	326.241036
223.652000	0.000433	325.178747
223.704000	0.000433	324.121880
223.756000	0.000433	323.066290
223.808000	0.000433	322.015615
223.860000	0.000432	320.966789
223.912000	0.000432	319.922408
223.964000	0.000432	318.880205
224.016000	0.000432	317.841971
224.068000	0.000432	316.806520
224.120000	0.000431	315.774572
224.172000	0.000431	314.745762
224.224000	0.000431	313.720011
224.276000	0.000431	312.697886
224.328000	0.000430	311.678354
224.380000	0.000430	310.662853
224.432000	0.000430	309.649511
224.484000	0.000430	308.640677
224.536000	0.000429	307.633552
224.588000	0.000429	306.631372
224.640000	0.000429	305.630427
224.692000	0.000429	304.634839
224.744000	0.000428	303.640068
224.796000	0.000428	302.651113
224.848000	0.000428	301.662762
224.900000	0.000428	300.680193
224.952000	0.000428	299.698435
225.004000	0.000427	298.721959
225.056000	0.000427	297.746763
225.108000	0.000427	296.776368
225.160000	0.000427	295.807768
225.212000	0.000426	294.843494
225.264000	0.000426	293.881480
225.316000	0.000426	292.923319
225.368000	0.000426	291.967814
225.420000	0.000425	291.015707
225.472000	0.000425	290.066682
225.524000	0.000425	289.120618
225.576000	0.000425	288.178114
225.628000	0.000425	287.238129
225.680000	0.000424	286.302123
225.732000	0.000424	285.368175
225.784000	0.000424	284.438598
225.836000	0.000424	283.510636
225.888000	0.000423	282.587466
225.940000	0.000423	281.665500
225.992000	0.000423	280.748770
226.044000	0.000423	279.832778
226.096000	0.000422	278.922410
226.148000	0.000422	278.012596
226.200000	0.000422	277.108323
226.252000	0.000422	276.204900
226.304000	0.000422	275.306555
226.356000	0.000421	274.409473
226.408000	0.000421	273.516987
226.460000	0.000421	272.626259
226.512000	0.000421	271.739664
226.564000	0.000420	270.855168
226.616000	0.000420	269.974350
226.668000	0.000420	269.096152
226.720000	0.000420	268.221198
226.772000	0.000419	267.349273
226.824000	0.000419	266.480150
226.876000	0.000419	265.614419
226.928000	0.000419	264.751044
226.980000	0.000419	263.891426
227.032000	0.000418	263.033792
227.084000	0.000418	262.180417
227.136000	0.000418	261.328540
227.188000	0.000418	260.481228
227.240000	0.000417	259.635045
227.292000	0.000417	258.793872
227.344000	0.000417	257.953385
227.396000	0.000417	257.118271
227.448000	0.000417	256.283689
227.500000	0.000416	255.454344
227.552000	0.000416	254.625800
227.604000	0.000416	253.802042
227.656000	0.000416	252.979507
227.708000	0.000415	252.161306
227.760000	0.000415	251.344801
227.812000	0.000415	250.532186
227.864000	0.000415	249.721639
227.916000	0.000414	248.914545
227.968000	0.000414	248.109908
228.020000	0.000414	247.308307
228.072000	0.000414	246.509549
228.124000	0.000414	245.713415
228.176000	0.000413	244.920511
228.228000	0.000413	244.129824
228.280000	0.000413	243.342737
228.332000	0.000413	242.557464
228.384000	0.000412	241.776165
228.436000	0.000412	240.996280
228.488000	0.000412	240.220740
228.540000	0.000412	239.446247
228.592000	0.000412	238.676484
228.644000	0.000411	237.907319
228.696000	0.000411	237.143203
228.748000	0.000411	236.379627
228.800000	0.000411	235.620958
228.852000	0.000410	234.863029
228.904000	0.000410	234.109550
228.956000	0.000410	233.357294
229.008000	0.000410	232.609083
229.060000	0.000410	231.862394
229.112000	0.000409	231.119314
229.164000	0.000409	230.378250
229.216000	0.000409	229.640389
229.268000	0.000409	228.904806
229.320000	0.000408	228.172048
229.372000	0.000408	227.442012
229.424000	0.000408	226.714396
229.476000	0.000408	225.989778
229.528000	0.000408	225.267211
229.580000	0.000407	224.548025
229.632000	0.000407	223.830514
229.684000	0.000407	223.116727
229.736000	0.000407	222.404268
229.788000	0.000407	221.695903
229.840000	0.000406	220.988444
229.892000	0.000406	220.285361
229.944000	0.000406	219.582817
229.996000	0.000406	218.884984
230.048000	0.000405	218.187666
230.100000	0.000405	217.494890
230.152000	0.000405	216.802865
230.204000	0.000405	216.114961
230.256000	0.000405	215.428133
230.308000	0.000404	214.745020
230.360000	0.000404	214.063444
230.412000	0.000404	213.385200
230.464000	0.000404	212.708751
230.516000	0.000403	212.035253
230.568000	0.000403	211.363936
230.620000	0.000403	210.695209
230.672000	0.000403	210.028990
230.724000	0.000403	209.364991
230.776000	0.000402	208.703785
230.828000	0.000402	208.044460
230.880000	0.000402	207.388284
230.932000	0.000402	206.733662
230.984000	0.000402	206.082538
231.036000	0.000401	205.432555
231.088000	0.000401	204.786289
231.140000	0.000401	204.140903
231.192000	0.000401	203.499620
231.244000	0.000400	202.858822
231.296000	0.000400	202.222386
231.348000	0.000400	201.586437
231.400000	0.000400	200.954657
231.452000	0.000400	200.323514
231.504000	0.000399	199.696124
231.556000	0.000399	199.069842
231.608000	0.000399	198.446978
231.660000	0.000399	197.825461
231.712000	0.000399	197.206982
231.764000	0.000398	196.590233
231.816000	0.000398	195.976181
231.868000	0.000398	195.364162
231.920000	0.000398	194.754498
231.972000	0.000397	194.147120
232.024000	0.000397	193.541779
232.076000	0.000397	192.939062
232.128000	0.000397	192.338042
232.180000	0.000397	191.739903
232.232000	0.000396	191.143159
232.284000	0.000396	190.549615
232.336000	0.000396	189.957152
232.388000	0.000396	189.368171
232.440000	0.000396	188.779933
232.492000	0.000395	188.195432
232.544000	0.000395	187.611396
232.596000	0.000395	187.031392
232.648000	0.000395	186.451811
232.700000	0.000395	185.876018
232.752000	0.000394	185.300870
232.804000	0.000394	184.729152
232.856000	0.000394	184.158433
232.908000	0.000394	183.590816
232.960000	0.000393	183.024459
233.012000	0.000393	182.460866
233.064000	0.000393	181.898881
233.116000	0.000393	181.339340
233.168000	0.000393	180.781637
233.220000	0.000392	180.226081
233.272000	0.000392	179.672678
233.324000	0.000392	179.121123
233.376000	0.000392	178.571990
233.428000	0.000392	178.024376
233.480000	0.000391	177.479375
233.532000	0.000391	176.935658
233.584000	0.000391	176.394917
233.636000	0.000391	175.855130
233.688000	0.000391	175.318514
233.740000	0.000390	174.782564
233.792000	0.000390	174.250037
233.844000	0.000390	173.717928
233.896000	0.000390	173.189516
233.948000	0.000390	172.661460
234.000000	0.000389	172.136827
234.052000	0.000389	171.612847
234.104000	0.000389	171.091990
234.156000	0.000389	170.572024
234.208000	0.000389	170.054862
234.260000	0.000388	169.538917
234.312000	0.000388	169.025476
234.364000	0.000388	168.513475
234.416000	0.000388	168.003684
234.468000	0.000387	167.495588
234.520000	0.000387	166.989432
234.572000	0.000387	166.485261
234.624000	0.000387	165.982747
234.676000	0.000387	165.482421
234.728000	0.000386	164.983498
234.780000	0.000386	164.487035
234.832000	0.000386	163.991691
234.884000	0.000386	163.499014
234.936000	0.000386	163.007194
234.988000	0.000385	162.518274
235.040000	0.000385	162.029979
235.092000	0.000385	161.544832
235.144000	0.000385	161.060029
235.196000	0.000385	160.578581
235.248000	0.000384	160.097463
235.300000	0.000384	159.619441
235.352000	0.000384	159.142036
235.404000	0.000384	158.667452
235.456000	0.000384	158.193702
235.508000	0.000383	157.722482
235.560000	0.000383	157.252346
235.612000	0.000383	156.784465
235.664000	0.000383	156.317964
235.716000	0.000383	155.853450
235.768000	0.000382	155.390447
235.820000	0.000382	154.929203
235.872000	0.000382	154.469822
235.924000	0.000382	154.011920
235.976000	0.000382	153.555982
236.028000	0.000381	153.101308
236.080000	0.000381	152.648890
236.132000	0.000381	152.197476
236.184000	0.000381	151.748492
236.236000	0.000381	151.300276
236.288000	0.000380	150.854705
236.340000	0.000380	150.409667
236.392000	0.000380	149.967477
236.444000	0.000380	149.525625
236.496000	0.000380	149.086842
236.548000	0.000379	148.648367
236.600000	0.000379	148.212684
236.652000	0.000379	147.777543
236.704000	0.000379	147.344937
236.756000	0.000379	146.913104
236.808000	0.000378	146.483548
236.860000	0.000378	146.055045
236.912000	0.000378	145.628571
236.964000	0.000378	145.203269
237.016000	0.000378	144.779763
237.068000	0.000377	144.357735
237.120000	0.000377	143.937270
237.172000	0.000377	143.518433
237.224000	0.000377	143.100935
237.276000	0.000377	142.685267
237.328000	0.000376	142.270736
237.380000	0.000376	141.858266
237.432000	0.000376	141.446674
237.484000	0.000376	141.037265
237.536000	0.000376	140.628543
237.588000	0.000375	140.222225
237.640000	0.000375	139.816415
237.692000	0.000375	139.413218
237.744000	0.000375	139.010301
237.796000	0.000375	138.610135
237.848000	0.000374	138.210264
237.900000	0.000374	137.812906
237.952000	0.000374	137.416057
238.004000	0.000374	137.021486
238.056000	0.000374	136.627636
238.108000	0.000374	136.235833
238.160000	0.000373	135.844954
238.212000	0.000373	135.455896
238.264000	0.000373	135.067965
238.316000	0.000373	134.681647
238.368000	0.000373	134.296685
238.420000	0.000372	133.913115
238.472000	0.000372	133.530994
238.524000	0.000372	133.150087
238.576000	0.000372	132.770889
238.628000	0.000372	132.392675
238.680000	0.000371	132.016268
238.732000	0.000371	131.640691
238.784000	0.000371	131.267161
238.836000	0.000371	130.894220
238.888000	0.000371	130.523434
238.940000	0.000370	130.153106
238.992000	0.000370	129.785152
239.044000	0.000370	129.417424
239.096000	0.000370	129.052152
239.148000	0.000370	128.687203
239.200000	0.000369	128.324526
239.252000	0.000369	127.962288
239.304000	0.000369	127.602085
239.356000	0.000369	127.242595
239.408000	0.000369	126.884947
239.460000	0.000369	126.528157
239.512000	0.000369	126.172999
239.564000	0.000369	125.818822
239.616000	0.000369	125.466091
239.668000	0.000369	125.114608
239.720000	0.000369	124.764373
239.772000	0.000369	124.415456
239.824000	0.000369	124.067616
239.876000	0.000369	123.721296
239.928000	0.000369	123.375893
239.980000	0.000369	123.032201
240.032000	0.000369	122.689212
240.084000	0.000369	122.348025
240.136000	0.000369	122.007388
240.188000	0.000369	121.668733
240.240000	0.000369	121.330460
240.292000	0.000369	120.994320
240.344000	0.000369	120.658419
240.396000	0.000369	120.324742
240.448000	0.000369	119.991340
240.500000	0.000369	119.659968
240.552000	0.000369	119.329045
240.604000	0.000369	118.999958
240.656000	0.000369	118.671492
240.708000	0.000369	118.344672
240.760000	0.000369	118.018593
240.812000	0.000369	117.693977
240.864000	0.000369	117.370361
240.916000	0.000369	117.048031
240.968000	0.000369	116.726752
241.020000	0.000369	116.406599
241.072000	0.000369	116.087690
241.124000	0.000369	115.769759
241.176000	0.000369	115.453253
241.228000	0.000369	115.137515
241.280000	0.000369	114.823238
241.332000	0.000369	114.509629
241.384000	0.000369	114.197713
241.436000	0.000369	113.886292
241.488000	0.000369	113.576671
241.540000	0.000369	113.267361
241.592000	0.000369	112.959960
241.644000	0.000369	112.652819
241.696000	0.000369	112.347696
241.748000	0.000369	112.042798
241.800000	0.000369	111.739707
241.852000	0.000369	111.436995
241.904000	0.000369	111.135921
241.956000	0.000369	110.835468
242.008000	0.000369	110.536497
242.060000	0.000369	110.238258
242.112000	0.000369	109.941328
242.164000	0.000369	109.645222
242.216000	0.000369	109.350273
242.268000	0.000369	109.056329
242.320000	0.000369	108.763394
242.372000	0.000369	108.471596
242.424000	0.000369	108.180646
242.476000	0.000369	107.890923
242.528000	0.000369	107.601938
242.580000	0.000369	107.314377
242.632000	0.000369	107.027373
242.684000	0.000369	106.741852
242.736000	0.000369	106.456747
242.788000	0.000369	106.173250
242.840000	0.000369	105.890090
242.892000	0.000369	105.608707
242.944000	0.000369	105.327497
242.996000	0.000369	105.048063
243.048000	0.000369	104.768882
243.100000	0.000369	104.491337
243.152000	0.000369	104.214187
243.204000	0.000369	103.938516
243.256000	0.000369	103.663381
243.308000	0.000369	103.389570
243.360000	0.000369	103.116386
243.412000	0.000369	102.844375
243.464000	0.000369	102.573165
243.516000	0.000369	102.302985
243.568000	0.000369	102.033680
243.620000	0.000369	101.765280
243.672000	0.000369	101.497919
243.724000	0.000369	101.231332
243.776000	0.000369	100.965899
243.828000	0.000369	100.701113
243.880000	0.000369	100.437589
243.932000	0.000369	100.174563
243.984000	0.000369	99.912883
244.036000	0.000369	99.651599
244.088000	0.000369	99.391799
244.140000	0.000369	99.132275
244.192000	0.000369	98.874343
244.244000	0.000369	98.616570
244.296000	0.000369	98.360392
244.348000	0.000369	98.104457
244.400000	0.000369	97.849991
244.452000	0.000369	97.595854
244.504000	0.000369	97.343035
244.556000	0.000369	97.090762
244.608000	0.000369	96.839680
244.660000	0.000369	96.589125
244.712000	0.000369	96.339623
244.764000	0.000369	96.090907
244.816000	0.000369	95.843114
244.868000	0.000369	95.596121
244.920000	0.000369	95.349939
244.972000	0.000369	95.104706
245.024000	0.000369	94.860154
245.076000	0.000369	94.616615
245.128000	0.000369	94.373657
245.180000	0.000369	94.131851
245.232000	0.000369	93.890490
245.284000	0.000369	93.650350
245.336000	0.000369	93.410568
245.388000	0.000369	93.172133
245.440000	0.000369	92.933946
245.492000	0.000369	92.697199
245.544000	0.000369	92.460602
245.596000	0.000369	92.225442
245.648000	0.000369	91.990475
245.700000	0.000369	91.756814
245.752000	0.000369	91.523547
245.804000	0.000369	91.291481
245.856000	0.000369	91.059832
245.908000	0.000369	90.829240
245.960000	0.000369	90.599180
246.012000	0.000369	90.370063
246.064000	0.000369	90.141626
246.116000	0.000369	89.914014
246.168000	0.000369	89.687138
246.220000	0.000369	89.460988
246.272000	0.000369	89.235706
246.324000	0.000369	89.011047
246.376000	0.000369	88.787349
246.428000	0.000369	88.564155
246.480000	0.000369	88.341980
246.532000	0.000369	88.120202
246.584000	0.000369	87.899532
246.636000	0.000369	87.679211
246.688000	0.000369	87.460140
246.740000	0.000369	87.241232
246.792000	0.000369	87.023592
246.844000	0.000369	86.806125
246.896000	0.000369	86.589964
246.948000	0.000369	86.374025
247.000000	0.000369	86.159272
247.052000	0.000369	85.944809
247.104000	0.000369	85.731407
247.156000	0.000369	85.518393
247.208000	0.000369	85.306329
247.260000	0.000369	85.094802
247.312000	0.000369	84.884121
247.364000	0.000369	84.674073
247.416000	0.000369	84.464766
247.468000	0.000369	84.256126
247.520000	0.000369	84.048127
247.572000	0.000369	83.840886
247.624000	0.000369	83.634205
247.676000	0.000369	83.428403
247.728000	0.000369	83.223052
247.780000	0.000369	83.018626
247.832000	0.000369	82.814580
247.884000	0.000369	82.611572
247.936000	0.000369	82.408828
247.988000	0.000369	82.207174
248.040000	0.000369	82.005725
248.092000	0.000369	81.805466
248.144000	0.000369	81.605334
248.196000	0.000369	81.406361
248.248000	0.000369	81.207565
248.300000	0.000369	81.009825
248.352000	0.000369	80.812396
248.404000	0.000369	80.615928
248.456000	0.000369	80.419867
248.508000	0.000369	80.224664
248.560000	0.000369	80.029860
248.612000	0.000369	79.835815
248.664000	0.000369	79.642352
248.716000	0.000369	79.449561
248.768000	0.000369	79.257429
248.820000	0.000369	79.065873
248.872000	0.000369	78.875009
248.924000	0.000369	78.684634
248.976000	0.000369	78.495024
249.028000	0.000369	78.305839
249.080000	0.000369	78.117533
249.132000	0.000369	77.929545
249.184000	0.000369	77.742474
249.236000	0.000369	77.555639
249.288000	0.000369	77.369795
249.340000	0.000369	77.184139
249.392000	0.000369	76.999565
249.444000	0.000369	76.815112
249.496000	0.000369	76.631702
249.548000	0.000369	76.448500
249.600000	0.000369	76.266260
249.652000	0.000369	76.084226
249.704000	0.000369	75.903039
249.756000	0.000369	75.722285
249.808000	0.000369	75.542307
249.860000	0.000369	75.362692
249.912000	0.000369	75.183757
249.964000	0.000369	75.005363
250.016000	0.000369	74.827566
250.068000	0.000369	74.650332
250.120000	0.000369	74.473627
250.172000	0.000369	74.297596
250.224000	0.000369	74.122005
250.276000	0.000369	73.947113
250.328000	0.000369	73.772584
250.380000	0.000369	73.598827
250.432000	0.000369	73.425357
250.484000	0.000369	73.252721
250.536000	0.000369	73.080326
250.588000	0.000369	72.908857
250.640000	0.000369	72.737529
250.692000	0.000369	72.567166
250.744000	0.000369	72.396950
250.796000	0.000369	72.227690
250.848000	0.000369	72.058551
250.900000	0.000369	71.890257
250.952000	0.000369	71.722241
251.004000	0.000369	71.555004
251.056000	0.000369	71.388126
251.108000	0.000369	71.221942
251.160000	0.000369	71.056092
251.212000	0.000369	70.890855
251.264000	0.000369	70.726120
251.316000	0.000369	70.561921
251.368000	0.000369	70.398240
251.420000	0.000369	70.235025
251.472000	0.000369	70.072387
251.524000	0.000369	69.910160
251.576000	0.000369	69.748612
251.628000	0.000369	69.587391
251.680000	0.000369	69.426873
251.732000	0.000369	69.266613
251.784000	0.000369	69.107116
251.836000	0.000369	68.947812
251.888000	0.000369	68.789329
251.940000	0.000369	68.631003
251.992000	0.000369	68.473575
252.044000	0.000369	68.316253
252.096000	0.000369	68.159780
252.148000	0.000369	68.003459
252.200000	0.000369	67.847910
252.252000	0.000369	67.692582
252.304000	0.000369	67.537950
252.356000	0.000369	67.383654
252.408000	0.000369	67.229982
252.460000	0.000369	67.076671
252.512000	0.000369	66.923909
252.564000	0.000369	66.771562
252.616000	0.000369	66.619699
252.668000	0.000369	66.468312
252.720000	0.000369	66.317344
252.772000	0.000369	66.166906
252.824000	0.000369	66.016841
252.876000	0.000369	65.867403
252.928000	0.000369	65.718259
252.980000	0.000369	65.569755
253.032000	0.000369	65.421485
253.084000	0.000369	65.273912
253.136000	0.000369	65.126512
253.188000	0.000369	64.979862
253.240000	0.000369	64.833325
253.292000	0.000369	64.687588
253.344000	0.000369	64.541987
253.396000	0.000369	64.397169
253.448000	0.000369	64.252496
253.500000	0.000369	64.108520
253.552000	0.000369	63.964752
253.604000	0.000369	63.821612
253.656000	0.000369	63.678744
253.708000	0.000369	63.536433
253.760000	0.000369	63.394454
253.812000	0.000369	63.252974
253.864000	0.000369	63.111928
253.916000	0.000369	62.971310
253.968000	0.000369	62.831086
254.020000	0.000369	62.691253
254.072000	0.000369	62.551950
254.124000	0.000369	62.412968
254.176000	0.000369	62.274523
254.228000	0.000369	62.136344
254.280000	0.000369	61.998754
254.332000	0.000369	61.861375
254.384000	0.000369	61.724633
254.436000	0.000369	61.588048
254.488000	0.000369	61.452145
254.540000	0.000369	61.316381
254.592000	0.000369	61.181369
254.644000	0.000369	61.046413
254.696000	0.000369	60.912134
254.748000	0.000369	60.778033
254.800000	0.000369	60.644572
254.852000	0.000369	60.511310
254.904000	0.000369	60.378616
254.956000	0.000369	60.246173
255.008000	0.000369	60.114234
255.060000	0.000369	59.982605
255.112000	0.000369	59.851423
255.164000	0.000369	59.720598
255.216000	0.000369	59.590167
255.268000	0.000369	59.460139
255.320000	0.000369	59.330464
255.372000	0.000369	59.201280
255.424000	0.000369	59.072371
255.476000	0.000369	58.943921
255.528000	0.000369	58.815733
255.580000	0.000369	58.688116
255.632000	0.000369	58.560690
255.684000	0.000369	58.433846
255.736000	0.000369	58.307116
255.788000	0.000369	58.180989
255.840000	0.000369	58.054990
255.892000	0.000369	57.929679
255.944000	0.000369	57.804455
255.996000	0.000369	57.679858
256.048000	0.000369	57.555395
256.100000	0.000369	57.431501
256.152000	0.000369	57.307794
256.204000	0.000369	57.184598
256.256000	0.000369	57.061642
256.308000	0.000369	56.939140
256.360000	0.000369	56.816925
256.412000	0.000369	56.695118
256.464000	0.000369	56.573691
256.516000	0.000369	56.452611
256.568000	0.000369	56.331862
256.620000	0.000369	56.211422
256.672000	0.000369	56.091395
256.724000	0.000369	55.971648
256.776000	0.000369	55.852393
256.828000	0.000369	55.733336
256.880000	0.000369	55.614743
256.932000	0.000369	55.496348
256.984000	0.000369	55.378514
257.036000	0.000369	55.260782
257.088000	0.000369	55.143603
257.140000	0.000369	55.026542
257.192000	0.000369	54.910111
257.244000	0.000369	54.793726
257.296000	0.000369	54.677895
257.348000	0.000369	54.562232
257.400000	0.000369	54.447097
257.452000	0.000369	54.332138
257.504000	0.000369	54.217643
257.556000	0.000369	54.103322
257.608000	0.000369	53.989411
257.660000	0.000369	53.875820
257.712000	0.000369	53.762593
257.764000	0.000369	53.649675
257.816000	0.000369	53.537070
257.868000	0.000369	53.424769
257.920000	0.000369	53.312761
257.972000	0.000369	53.201173
258.024000	0.000369	53.089825
258.076000	0.000369	52.978897
258.128000	0.000369	52.868167
258.180000	0.000369	52.757891
258.232000	0.000369	52.647749
258.284000	0.000369	52.538074
258.336000	0.000369	52.428546
258.388000	0.000369	52.319566
258.440000	0.000369	52.210665
258.492000	0.000369	52.102323
258.544000	0.000369	51.994026
258.596000	0.000369	51.886233
258.648000	0.000369	51.778601
258.700000	0.000369	51.671449
258.752000	0.000369	51.564462
258.804000	0.000369	51.457894
258.856000	0.000369	51.351490
258.908000	0.000369	51.245457
258.960000	0.000369	51.139726
259.012000	0.000369	51.034321
259.064000	0.000369	50.929154
259.116000	0.000369	50.824287
259.168000	0.000369	50.719786
259.220000	0.000369	50.615526
259.272000	0.000369	50.511583
259.324000	0.000369	50.407873
259.376000	0.000369	50.304587
259.428000	0.000369	50.201460
259.480000	0.000369	50.098720
259.532000	0.000369	49.996150
259.584000	0.000369	49.894060
259.636000	0.000369	49.792048
259.688000	0.000369	49.690496
259.740000	0.000369	49.589019
259.792000	0.000369	49.488059
259.844000	0.000369	49.387171
259.896000	0.000369	49.286753
259.948000	0.000369	49.186454
