-260.000000	0.000000	96.382849
-259.948000	0.000000	96.791283
-259.896000	0.000000	97.204855
-259.844000	0.000000	97.618910
-259.792000	0.000000	98.038066
-259.740000	0.000000	98.457963
-259.688000	0.000000	98.882666
-259.636000	0.000000	99.308521
-259.584000	0.000000	99.738820
-259.532000	0.000000	100.170687
-259.480000	0.000000	100.606688
-259.428000	0.000000	101.044775
-259.376000	0.000000	101.486565
-259.324000	0.000000	101.930873
-259.272000	0.000000	102.378528
-259.220000	0.000000	102.829217
-259.168000	0.000000	103.282853
-259.116000	0.000000	103.740031
-259.064000	0.000000	104.199741
-259.012000	0.000000	104.663521
-258.960000	0.000000	105.129402
-258.908000	0.000000	105.599894
-258.856000	0.000000	106.072045
-258.804000	0.000000	106.549363
-258.752000	0.000000	107.027828
-258.700000	0.000000	107.512051
-258.648000	0.000000	107.997033
-258.596000	0.000000	108.488356
-258.544000	0.000000	108.980214
-258.492000	0.000000	109.478320
-258.440000	0.000000	109.977357
-258.388000	0.000000	110.482269
-258.336000	0.000000	110.988621
-258.284000	0.000000	111.500424
-258.232000	0.000000	112.014217
-258.180000	0.000000	112.533017
-258.128000	0.000000	113.054379
-258.076000	0.000000	113.580285
-258.024000	0.000000	114.109342
-257.972000	0.000000	114.642430
-257.920000	0.000000	115.179260
-257.868000	0.000000	115.719700
-257.816000	0.000000	116.264537
-257.764000	0.000000	116.812392
-257.712000	0.000000	117.365266
-257.660000	0.000000	117.920719
-257.608000	0.000000	118.481870
-257.556000	0.000000	119.044954
-257.504000	0.000000	119.614416
-257.452000	0.000000	120.185293
-257.400000	0.000000	120.763257
-257.348000	0.000000	121.342047
-257.296000	0.000000	121.928655
-257.244000	0.000000	122.515955
-257.192000	0.000000	123.110872
-257.140000	0.000000	123.706951
-257.088000	0.000000	124.310177
-257.036000	0.000000	124.915197
-256.984000	0.000000	125.526839
-256.932000	0.000000	126.140949
-256.880000	0.000000	126.761132
-256.828000	0.000000	127.384480
-256.776000	0.000000	128.013301
-256.724000	0.000000	128.645985
-256.672000	0.000000	129.283619
-256.620000	0.000000	129.925894
-256.568000	0.000000	130.572476
-256.516000	0.000000	131.224443
-256.464000	0.000000	131.880045
-256.412000	0.000000	132.541806
-256.360000	0.000000	133.206596
-256.308000	0.000000	133.878358
-256.256000	0.000000	134.552533
-256.204000	0.000000	135.234507
-256.152000	0.000000	135.918096
-256.100000	0.000000	136.610349
-256.048000	0.000000	137.303594
-255.996000	0.000000	138.006363
-255.944000	0.000000	138.709917
-255.892000	0.000000	139.422667
-255.840000	0.000000	140.136859
-255.788000	0.000000	140.859658
-255.736000	0.000000	141.584669
-255.684000	0.000000	142.317640
-255.632000	0.000000	143.053637
-255.580000	0.000000	143.796947
-255.528000	0.000000	144.544148
-255.476000	0.000000	145.297905
-255.424000	0.000000	146.056370
-255.372000	0.000000	146.820704
-255.320000	0.000000	147.590653
-255.268000	0.000000	148.365729
-255.216000	0.000000	149.147330
-255.164000	0.000000	149.933292
-255.112000	0.000000	150.726711
-255.060000	0.000000	151.523707
-255.008000	0.000000	152.329113
-254.956000	0.000000	153.137286
-254.904000	0.000000	153.954851
-254.852000	0.000000	154.774346
-254.800000	0.000000	155.604247
-254.748000	0.000000	156.435260
-254.696000	0.000000	157.277691
-254.644000	0.000000	158.121053
-254.592000	0.000000	158.975321
-254.540000	0.000000	159.831344
-254.488000	0.000000	160.697509
-254.436000	0.000000	161.566235
-254.384000	0.000000	162.444348
-254.332000	0.000000	163.326093
-254.280000	0.000000	164.216405
-254.228000	0.000000	165.111336
-254.176000	0.000000	166.013990
-254.124000	0.000000	166.922274
-254.072000	0.000000	167.837448
-254.020000	0.000000	168.759301
-253.968000	0.000000	169.687080
-253.916000	0.000000	170.622561
-253.864000	0.000000	171.563096
-253.812000	0.000000	172.512418
-253.760000	0.000000	173.465908
-253.708000	0.000000	174.429285
-253.656000	0.000000	175.395773
-253.604000	0.000000	176.373259
-253.552000	0.000000	177.352926
-253.500000	0.000000	178.344738
-253.448000	0.000000	179.337768
-253.396000	0.000000	180.344084
-253.344000	0.000000	181.351472
-253.292000	0.000000	182.371415
-253.240000	0.000000	183.393467
-253.188000	0.000000	184.427173
-253.136000	0.000000	185.464001
-253.084000	0.000000	186.511514
-253.032000	0.000000	187.563211
-252.980000	0.000000	188.624669
-252.928000	0.000000	189.691478
-252.876000	0.000000	190.767024
-252.824000	0.000000	191.849024
-252.772000	0.000000	192.938745
-252.720000	0.000000	194.036065
-252.668000	0.000000	195.140070
-252.616000	0.000000	196.252832
-252.564000	0.000000	197.371224
-252.512000	0.000000	198.499546
-252.460000	0.000000	199.632425
-252.408000	0.000000	200.776416
-252.356000	0.000000	201.923929
-252.304000	0.000000	203.083746
-252.252000	0.000000	204.245873
-252.200000	0.000000	205.421517
-252.148000	0.000000	206.598399
-252.096000	0.000000	207.790013
-252.044000	0.000000	208.982889
-251.992000	0.000000	210.189473
-251.940000	0.000000	211.398378
-251.888000	0.000000	212.619949
-251.836000	0.000000	213.844972
-251.784000	0.000000	215.081567
-251.732000	0.000000	216.322776
-251.680000	0.000000	217.574439
-251.628000	0.000000	218.831886
-251.576000	0.000000	220.098658
-251.524000	0.000000	221.372386
-251.472000	0.000000	222.654298
-251.420000	0.000000	223.944339
-251.368000	0.000000	225.241413
-251.316000	0.000000	226.547788
-251.264000	0.000000	227.860083
-251.212000	0.000000	229.182853
-251.160000	0.000000	230.510335
-251.108000	0.000000	231.849444
-251.056000	0.000000	233.192100
-251.004000	0.000000	234.547534
-250.952000	0.000000	235.905343
-250.900000	0.000000	237.277074
-250.848000	0.000000	238.650074
-250.796000	0.000000	240.037989
-250.744000	0.000000	241.427197
-250.692000	0.000000	242.830180
-250.640000	0.000000	244.235543
-250.588000	0.000000	245.653542
-250.536000	0.000000	247.075053
-250.484000	0.000000	248.507983
-250.432000	0.000000	249.945502
-250.380000	0.000000	251.393236
-250.328000	0.000000	252.846652
-250.276000	0.000000	254.309085
-250.224000	0.000000	255.778270
-250.172000	0.000000	257.255283
-250.120000	0.000000	258.740092
-250.068000	0.000000	260.231591
-250.016000	0.000000	261.731913
-249.964000	0.000000	263.237721
-249.912000	0.000000	264.753321
-249.860000	0.000000	266.273213
-249.808000	0.000000	267.803835
-249.756000	0.000000	269.337779
-249.704000	0.000000	270.883358
-249.652000	0.000000	272.431000
-249.600000	0.000000	273.991143
-249.548000	0.000000	275.552434
-249.496000	0.000000	277.126825
-249.444000	0.000000	278.702441
-249.392000	0.000000	280.289967
-249.340000	0.000000	281.879575
-249.288000	0.000000	283.479919
-249.236000	0.000000	285.083225
-249.184000	0.000000	286.696106
-249.132000	0.000000	288.312834
-249.080000	0.000000	289.937919
-249.028000	0.000000	291.567605
-248.976000	0.000000	293.204580
-248.924000	0.000000	294.846947
-248.872000	0.000000	296.495481
-248.820000	0.000000	298.150072
-248.768000	0.000000	299.809784
-248.716000	0.000000	301.476169
-248.664000	0.000000	303.146722
-248.612000	0.000000	304.824500
-248.560000	0.000000	306.505458
-248.508000	0.000000	308.194098
-248.456000	0.000000	309.885032
-248.404000	0.000000	311.584035
-248.352000	0.000000	313.284502
-248.300000	0.000000	314.993351
-248.248000	0.000000	316.703045
-248.196000	0.000000	318.421117
-248.144000	0.000000	320.139978
-248.092000	0.000000	321.866181
-248.040000	0.000000	323.593640
-247.988000	0.000000	325.327441
-247.936000	0.000000	327.062911
-247.884000	0.000000	328.803773
-247.832000	0.000000	330.546681
-247.780000	0.000000	332.294042
-247.728000	0.000000	334.043681
-247.676000	0.000000	335.796934
-247.624000	0.000000	337.552626
-247.572000	0.000000	339.311207
-247.520000	0.000000	341.072300
-247.468000	0.000000	342.835570
-247.416000	0.000000	344.601287
-247.364000	0.000000	346.368593
-247.312000	0.000000	348.138185
-247.260000	0.000000	349.908872
-247.208000	0.000000	351.681569
-247.156000	0.000000	353.455015
-247.104000	0.000000	355.230079
-247.052000	0.000000	357.005536
-247.000000	0.000000	358.782110
-246.948000	0.000000	360.558924
-246.896000	0.000000	362.336196
-246.844000	0.000000	364.113469
-246.792000	0.000000	365.890618
-246.740000	0.000000	367.667663
-246.688000	0.000000	369.443975
-246.636000	0.000000	371.219780
-246.584000	0.000000	372.994408
-246.532000	0.000000	374.768189
-246.480000	0.000000	376.540380
-246.428000	0.000000	378.311176
-246.376000	0.000000	380.080137
-246.324000	0.000000	381.847074
-246.272000	0.000000	383.611948
-246.220000	0.000000	385.373982
-246.168000	0.000000	387.134032
-246.116000	0.000000	388.890366
-246.064000	0.000000	390.644674
-246.012000	0.000000	392.394187
-245.960000	0.000000	394.141977
-245.908000	0.000000	395.883799
-245.856000	0.000000	397.624236
-245.804000	0.000000	399.357378
-245.752000	0.000000	401.089496
-245.700000	0.000000	402.812888
-245.648000	0.000000	404.535755
-245.596000	0.000000	406.248728
-245.544000	0.000000	407.960641
-245.492000	0.000000	409.662769
-245.440000	0.000000	411.362843
-245.388000	0.000000	413.053290
-245.336000	0.000000	414.740481
-245.284000	0.000000	416.418341
-245.232000	0.000000	418.091694
-245.180000	0.000000	419.756085
-245.128000	0.000000	421.414532
-245.076000	0.000000	423.064581
-245.024000	0.000000	424.707160
-244.972000	0.000000	426.341975
-244.920000	0.000000	427.967622
-244.868000	0.000000	429.586308
-244.816000	0.000000	431.194014
-244.764000	0.000000	432.795744
-244.712000	0.000000	434.384557
-244.660000	0.000000	435.968474
-244.608000	0.000000	437.537395
-244.556000	0.000000	439.102528
-244.504000	0.000000	440.650477
-244.452000	0.000000	442.196121
-244.400000	0.000000	443.722242
-244.348000	0.000000	445.246833
-244.296000	0.000000	446.750598
-244.244000	0.000000	448.252177
-244.192000	0.000000	449.733932
-244.140000	0.000000	451.211564
-244.088000	0.000000	452.670446
-244.036000	0.000000	454.123151
-243.984000	0.000000	455.558321
-243.932000	0.000000	456.985227
-243.880000	0.000000	458.395883
-243.828000	0.000000	459.796022
-243.776000	0.000000	461.181355
-243.724000	0.000000	462.553827
-243.672000	0.000000	463.913102
-243.620000	0.000000	465.257080
-243.568000	0.000000	466.589562
-243.516000	0.000000	467.904183
-243.464000	0.000000	469.209085
-243.412000	0.000000	470.493455
-243.360000	0.000000	471.770043
-243.308000	0.000000	473.023343
-243.256000	0.000000	474.271015
-243.204000	0.000000	475.492543
-243.152000	0.000000	476.710450
-243.100000	0.000000	477.899295
-243.048000	0.000000	479.085931
-242.996000	0.000000	480.242372
-242.944000	0.000000	481.395510
-242.892000	0.000000	482.520378
-242.840000	0.000000	483.639266
-242.788000	0.000000	484.731907
-242.736000	0.000000	485.815913
-242.684000	0.000000	486.875728
-242.632000	0.000000	487.924133
-242.580000	0.000000	488.950547
-242.528000	0.000000	489.962754
-242.476000	0.000000	490.955245
-242.424000	0.000000	491.930634
-242.372000	0.000000	492.888640
-242.320000	0.000000	493.826563
-242.268000	0.000000	494.749563
-242.216000	0.000000	495.649457
-242.164000	0.000000	496.537016
-242.112000	0.000000	497.398394
-242.060000	0.000000	498.250066
-242.008000	0.000000	499.072422
-241.956000	0.000000	499.887718
-241.904000	0.000000	500.670528
-241.852000	0.000000	501.449087
-241.800000	0.000000	502.191952
-241.748000	0.000000	502.932094
-241.696000	0.000000	503.635874
-241.644000	0.000000	504.335485
-241.592000	0.000000	505.001465
-241.540000	0.000000	505.660243
-241.488000	0.000000	506.288097
-241.436000	0.000000	506.905652
-241.384000	0.000000	507.495067
-241.332000	0.000000	508.071134
-241.280000	0.000000	508.621872
-241.228000	0.000000	509.156158
-241.176000	0.000000	509.667948
-241.124000	0.000000	510.160139
-241.072000	0.000000	510.632783
-241.020000	0.000000	511.082700
-240.968000	0.000000	511.516029
-240.916000	0.000000	511.923472
-240.864000	0.000000	512.317279
-240.812000	0.000000	512.682026
-240.760000	0.000000	513.036213
-240.708000	0.000000	513.358184
-240.656000	0.000000	513.672643
-240.604000	0.000000	513.951729
-240.552000	0.000000	514.226318
-240.500000	0.000000	514.462405
-240.448000	0.000000	514.695567
-240.396000	0.000000	514.890204
-240.344000	0.000000	515.080305
-240.292000	0.000000	515.235065
-240.240000	0.000000	515.382080
-240.188000	0.000000	515.496927
-240.136000	0.000000	515.600949
-240.084000	0.000000	515.675944
-240.032000	0.000000	515.737037
-239.980000	0.000000	515.772242
-239.928000	0.000000	515.790493
-239.876000	0.000000	515.785967
-239.824000	0.000000	515.761445
-239.772000	0.000000	515.717321
-239.720000	0.000000	515.650228
-239.668000	0.000000	515.566669
-239.616000	0.000000	515.457188
-239.564000	0.000000	515.334317
-239.512000	0.000000	515.182609
-239.460000	0.000000	515.020660
-239.408000	0.000000	514.827026
-239.356000	0.000000	514.626222
-239.304000	0.000000	514.390944
-239.252000	0.000000	514.151524
-239.200000	0.000000	513.874897
-239.148000	0.000000	513.595438
-239.096000	0.000000	513.279421
-239.044000	0.000000	512.958993
-238.992000	0.000000	512.605331
-238.940000	0.000000	512.244244
-238.888000	0.000000	511.853186
-238.836000	0.000000	511.451909
-238.784000	0.000000	511.023817
-238.732000	0.000000	510.582737
-238.680000	0.000000	510.118029
-238.628000	0.000000	509.637713
-238.576000	0.000000	509.136789
-238.524000	0.000000	508.617626
-238.472000	0.000000	508.080921
-238.420000	0.000000	507.523484
-238.368000	0.000000	506.951479
-238.316000	0.000000	506.356320
-238.264000	0.000000	505.749501
-238.212000	0.000000	505.117198
-238.160000	0.000000	504.476025
-238.108000	0.000000	503.807139
-238.056000	0.000000	503.132241
-238.004000	0.000000	502.427503
-237.952000	0.000000	501.719328
-237.900000	0.000000	500.979309
-237.848000	0.000000	500.236957
-237.796000	0.000000	499.463918
-237.744000	0.000000	498.687042
-237.692000	0.000000	497.882639
-237.640000	0.000000	497.072003
-237.588000	0.000000	496.236828
-237.536000	0.000000	495.393185
-237.484000	0.000000	494.527885
-237.432000	0.000000	493.652007
-237.380000	0.000000	492.757222
-237.328000	0.000000	491.849845
-237.276000	0.000000	490.926314
-237.224000	0.000000	489.988356
-237.172000	0.000000	489.036758
-237.120000	0.000000	488.068947
-237.068000	0.000000	487.090020
-237.016000	0.000000	486.093262
-236.964000	0.000000	485.087812
-236.912000	0.000000	484.063032
-236.860000	0.000000	483.031731
-236.808000	0.000000	481.979723
-236.756000	0.000000	480.923386
-236.704000	0.000000	479.845115
-236.652000	0.000000	478.764531
-236.600000	0.000000	477.660922
-236.548000	0.000000	476.555705
-236.496000	0.000000	475.428890
-236.444000	0.000000	474.299331
-236.392000	0.000000	473.150793
-236.340000	0.000000	471.997899
-236.288000	0.000000	470.828424
-236.236000	0.000000	469.653177
-236.184000	0.000000	468.463603
-236.132000	0.000000	467.266989
-236.080000	0.000000	466.058167
-236.028000	0.000000	464.841177
-235.976000	0.000000	463.613970
-235.924000	0.000000	462.377605
-235.872000	0.000000	461.132882
-235.820000	0.000000	459.878149
-235.768000	0.000000	458.616743
-235.716000	0.000000	457.344603
-235.664000	0.000000	456.067473
-235.612000	0.000000	454.779046
-235.560000	0.000000	453.487043
-235.508000	0.000000	452.183305
-235.456000	0.000000	450.877302
-235.404000	0.000000	449.559282
-235.352000	0.000000	448.240215
-235.300000	0.000000	446.908965
-235.248000	0.000000	445.576938
-235.196000	0.000000	444.234076
-235.144000	0.000000	442.889863
-235.092000	0.000000	441.536613
-235.040000	0.000000	440.181288
-234.988000	0.000000	438.818494
-234.936000	0.000000	437.453129
-234.884000	0.000000	436.081637
-234.832000	0.000000	434.707141
-234.780000	0.000000	433.327817
-234.728000	0.000000	431.945293
-234.676000	0.000000	430.558980
-234.624000	0.000000	429.169315
-234.572000	0.000000	427.776903
-234.520000	0.000000	426.381183
-234.468000	0.000000	424.983509
-234.416000	0.000000	423.582652
-234.364000	0.000000	422.180540
-234.312000	0.000000	420.775504
-234.260000	0.000000	419.369779
-234.208000	0.000000	417.961516
-234.156000	0.000000	416.553042
-234.104000	0.000000	415.142525
-234.052000	0.000000	413.731995
-234.000000	0.000000	412.320060
-233.948000	0.000000	410.908282
-233.896000	0.000000	409.495977
-233.844000	0.000000	408.083698
-233.792000	0.000000	406.671779
-233.740000	0.000000	405.260041
-233.688000	0.000000	403.849269
-233.636000	0.000000	402.438937
-233.584000	0.000000	401.029981
-233.532000	0.000000	399.621792
-233.480000	0.000000	398.215366
-233.428000	0.000000	396.810241
-233.376000	0.000000	395.407022
-233.324000	0.000000	394.005652
-233.272000	0.000000	392.606356
-233.220000	0.000000	391.209620
-233.168000	0.000000	389.814943
-233.116000	0.000000	388.423592
-233.064000	0.000000	387.034083
-233.012000	0.000000	385.648741
-232.960000	0.000000	384.265108
-232.908000	0.000000	382.886592
-232.856000	0.000000	381.509392
-232.804000	0.000000	380.138333
-232.752000	0.000000	378.768147
-232.700000	0.000000	377.405212
-232.648000	0.000000	376.043102
-232.596000	0.000000	374.688512
-232.544000	0.000000	373.335149
-232.492000	0.000000	371.989293
-232.440000	0.000000	370.645341
-232.388000	0.000000	369.308666
-232.336000	0.000000	367.974712
-232.284000	0.000000	366.647724
-232.232000	0.000000	365.324379
-232.180000	0.000000	364.007537
-232.128000	0.000000	362.695278
-232.076000	0.000000	361.389039
-232.024000	0.000000	360.088423
-231.972000	0.000000	358.793155
-231.920000	0.000000	357.504559
-231.868000	0.000000	356.220765
-231.816000	0.000000	354.944800
-231.764000	0.000000	353.672763
-231.712000	0.000000	352.409704
-231.660000	0.000000	351.149868
-231.608000	0.000000	349.900234
-231.556000	0.000000	348.652893
-231.504000	0.000000	347.417023
-231.452000	0.000000	346.182557
-231.400000	0.000000	344.960850
-231.348000	0.000000	343.740338
-231.296000	0.000000	342.532262
-231.244000	0.000000	341.326168
-231.192000	0.000000	340.131885
-231.140000	0.000000	338.940630
-231.088000	0.000000	337.760350
-231.036000	0.000000	336.584180
-230.984000	0.000000	335.418124
-230.932000	0.000000	334.257361
-230.880000	0.000000	333.105744
-230.828000	0.000000	331.960581
-230.776000	0.000000	330.823614
-230.724000	0.000000	329.694330
-230.672000	0.000000	328.572181
-230.620000	0.000000	327.458927
-230.568000	0.000000	326.351749
-230.516000	0.000000	325.254711
-230.464000	0.000000	324.162706
-230.412000	0.000000	323.082103
-230.360000	0.000000	322.005418
-230.308000	0.000000	320.941405
-230.256000	0.000000	319.880103
-230.204000	0.000000	318.832758
-230.152000	0.000000	317.786946
-230.100000	0.000000	316.756393
-230.048000	0.000000	315.727253
-229.996000	0.000000	314.712601
-229.944000	0.000000	313.700322
-229.892000	0.000000	312.701525
-229.840000	0.000000	311.706189
-229.788000	0.000000	310.723232
-229.736000	0.000000	309.744966
-229.684000	0.000000	308.777887
-229.632000	0.000000	307.816688
-229.580000	0.000000	306.865522
-229.528000	0.000000	305.921474
-229.476000	0.000000	304.986267
-229.424000	0.000000	304.059391
-229.372000	0.000000	303.140114
-229.320000	0.000000	302.230365
-229.268000	0.000000	301.327003
-229.216000	0.000000	300.434374
-229.164000	0.000000	299.546965
-229.112000	0.000000	298.671491
-229.060000	0.000000	297.800026
-229.008000	0.000000	296.941690
-228.956000	0.000000	296.086129
-228.904000	0.000000	295.244885
-228.852000	0.000000	294.405141
-228.800000	0.000000	293.580901
-228.748000	0.000000	292.758076
-228.696000	0.000000	291.949716
-228.644000	0.000000	291.143739
-228.592000	0.000000	290.351157
-228.540000	0.000000	289.562116
-228.488000	0.000000	288.785218
-228.436000	0.000000	288.012944
-228.384000	0.000000	287.251578
-228.332000	0.000000	286.495986
-228.280000	0.000000	285.750104
-228.228000	0.000000	285.011154
-228.176000	0.000000	284.280695
-228.124000	0.000000	283.558284
-228.072000	0.000000	282.843158
-228.020000	0.000000	282.137181
-227.968000	0.000000	281.437293
-227.916000	0.000000	280.747635
-227.864000	0.000000	280.062836
-227.812000	0.000000	279.389326
-227.760000	0.000000	278.719555
-227.708000	0.000000	278.062132
-227.656000	0.000000	277.407273
-227.604000	0.000000	276.765810
-227.552000	0.000000	276.125781
-227.500000	0.000000	275.500098
-227.448000	0.000000	274.875725
-227.396000	0.000000	274.264662
-227.344000	0.000000	273.655877
-227.292000	0.000000	273.059333
-227.240000	0.000000	272.466044
-227.188000	0.000000	271.883842
-227.136000	0.000000	271.305918
-227.084000	0.000000	270.737915
-227.032000	0.000000	270.175209
-226.980000	0.000000	269.621272
-226.928000	0.000000	269.073632
-226.876000	0.000000	268.533592
-226.824000	0.000000	268.000811
-226.772000	0.000000	267.474594
-226.720000	0.000000	266.956620
-226.668000	0.000000	266.444033
-226.616000	0.000000	265.940602
-226.564000	0.000000	265.441532
-226.512000	0.000000	264.952537
-226.460000	0.000000	264.466852
-226.408000	0.000000	263.992143
-226.356000	0.000000	263.519690
-226.304000	0.000000	263.059104
-226.252000	0.000000	262.599819
-226.200000	0.000000	262.153116
-226.148000	0.000000	261.707667
-226.096000	0.000000	261.273870
-226.044000	0.000000	260.842117
-225.992000	0.000000	260.421059
-225.940000	0.000000	260.002883
-225.888000	0.000000	259.594374
-225.836000	0.000000	259.189626
-225.784000	0.000000	258.793505
-225.732000	0.000000	258.402019
-225.680000	0.000000	258.018141
-225.628000	0.000000	257.639751
-225.576000	0.000000	257.267972
-225.524000	0.000000	256.902512
-225.472000	0.000000	256.542689
-225.420000	0.000000	256.189992
-225.368000	0.000000	255.841981
-225.316000	0.000000	255.501883
-225.264000	0.000000	255.165540
-225.212000	0.000000	254.837875
-225.160000	0.000000	254.513057
-225.108000	0.000000	254.197674
-225.056000	0.000000	253.884226
-225.004000	0.000000	253.580968
-224.952000	0.000000	253.278908
-224.900000	0.000000	252.987530
-224.848000	0.000000	252.697249
-224.796000	0.000000	252.416896
-224.744000	0.000000	252.138364
-224.692000	0.000000	251.868929
-224.640000	0.000000	251.601976
-224.588000	0.000000	251.343241
-224.536000	0.000000	251.087725
-224.484000	0.000000	250.839534
-224.432000	0.000000	250.595298
-224.380000	0.000000	250.357514
-224.328000	0.000000	250.124399
-224.276000	0.000000	249.896923
-224.224000	0.000000	249.674826
-224.172000	0.000000	249.457502
-224.120000	0.000000	249.246216
-224.068000	0.000000	249.038895
-224.016000	0.000000	248.838266
-223.964000	0.000000	248.640816
-223.912000	0.000000	248.450693
-223.860000	0.000000	248.262981
-223.808000	0.000000	248.083230
-223.756000	0.000000	247.905168
-223.704000	0.000000	247.735682
-223.652000	0.000000	247.567208
-223.600000	0.000000	247.407673
-223.548000	0.000000	247.249151
-223.496000	0.000000	247.098946
-223.444000	0.000000	246.950312
-223.392000	0.000000	246.809303
-223.340000	0.000000	246.670399
-223.288000	0.000000	246.538387
-223.236000	0.000000	246.409091
-223.184000	0.000000	246.285963
-223.132000	0.000000	246.166186
-223.080000	0.000000	246.051817
-223.028000	0.000000	245.941367
-222.976000	0.000000	245.835613
-222.924000	0.000000	245.734354
-222.872000	0.000000	245.637138
-222.820000	0.000000	245.544986
-222.768000	0.000000	245.456162
-222.716000	0.000000	245.372930
-222.664000	0.000000	245.292371
-222.612000	0.000000	245.217931
-222.560000	0.000000	245.145573
-222.508000	0.000000	245.079859
-222.456000	0.000000	245.015579
-222.404000	0.000000	244.958454
-222.352000	0.000000	244.902214
-222.300000	0.000000	244.853378
-222.248000	0.000000	244.805438
-222.196000	0.000000	244.764412
-222.144000	0.000000	244.724731
-222.092000	0.000000	244.691395
-222.040000	0.000000	244.659832
-221.988000	0.000000	244.634034
-221.936000	0.000000	244.610538
-221.884000	0.000000	244.592188
-221.832000	0.000000	244.576638
-221.780000	0.000000	244.565598
-221.728000	0.000000	244.557825
-221.676000	0.000000	244.553971
-221.624000	0.000000	244.553857
-221.572000	0.000000	244.557128
-221.520000	0.000000	244.564612
-221.468000	0.000000	244.574925
-221.416000	0.000000	244.589891
-221.364000	0.000000	244.607099
-221.312000	0.000000	244.629387
-221.260000	0.000000	244.653436
-221.208000	0.000000	244.683000
-221.156000	0.000000	244.713785
-221.104000	0.000000	244.750508
-221.052000	0.000000	244.788006
-221.000000	0.000000	244.831623
-220.948000	0.000000	244.876069
-220.896000	0.000000	244.926241
-220.844000	0.000000	244.977563
-220.792000	0.000000	245.034146
-220.740000	0.000000	245.092218
-220.688000	0.000000	245.155083
-220.636000	0.000000	245.219872
-220.584000	0.000000	245.288943
-220.532000	0.000000	245.360349
-220.480000	0.000000	245.435506
-220.428000	0.000000	245.513377
-220.376000	0.000000	245.594586
-220.324000	0.000000	245.678928
-220.272000	0.000000	245.766060
-220.220000	0.000000	245.856673
-220.168000	0.000000	245.949659
-220.116000	0.000000	246.046498
-220.064000	0.000000	246.145219
-220.012000	0.000000	246.248144
-219.960000	0.000000	246.352612
-219.908000	0.000000	246.461640
-219.856000	0.000000	246.571661
-219.804000	0.000000	246.686606
-219.752000	0.000000	246.802272
-219.700000	0.000000	246.922975
-219.648000	0.000000	247.044412
-219.596000	0.000000	247.170578
-219.544000	0.000000	247.297729
-219.492000	0.000000	247.429252
-219.440000	0.000000	247.562053
-219.388000	0.000000	247.698833
-219.336000	0.000000	247.837219
-219.284000	0.000000	247.979162
-219.232000	0.000000	248.123047
-219.180000	0.000000	248.270079
-219.128000	0.000000	248.419380
-219.076000	0.000000	248.571431
-219.024000	0.000000	248.726065
-218.972000	0.000000	248.883021
-218.920000	0.000000	249.042854
-218.868000	0.000000	249.204722
-218.816000	0.000000	249.369777
-218.764000	0.000000	249.536459
-218.712000	0.000000	249.706611
-218.660000	0.000000	249.878026
-218.608000	0.000000	250.053207
-218.556000	0.000000	250.229278
-218.504000	0.000000	250.409411
-218.452000	0.000000	250.590179
-218.400000	0.000000	250.775078
-218.348000	0.000000	250.960628
-218.296000	0.000000	251.150068
-218.244000	0.000000	251.340352
-218.192000	0.000000	251.534240
-218.140000	0.000000	251.729205
-218.088000	0.000000	251.927483
-218.036000	0.000000	252.127127
-217.984000	0.000000	252.329685
-217.932000	0.000000	252.533831
-217.880000	0.000000	252.740620
-217.828000	0.000000	252.949302
-217.776000	0.000000	253.160267
-217.724000	0.000000	253.373362
-217.672000	0.000000	253.588468
-217.620000	0.000000	253.805958
-217.568000	0.000000	254.025066
-217.516000	0.000000	254.246778
-217.464000	0.000000	254.469908
-217.412000	0.000000	254.695885
-217.360000	0.000000	254.922932
-217.308000	0.000000	255.153070
-217.256000	0.000000	255.384014
-217.204000	0.000000	255.618278
-217.152000	0.000000	255.853058
-217.100000	0.000000	256.091231
-217.048000	0.000000	256.330057
-216.996000	0.000000	256.572037
-216.944000	0.000000	256.814709
-216.892000	0.000000	257.060349
-216.840000	0.000000	257.306924
-216.788000	0.000000	257.556194
-216.736000	0.000000	257.806576
-216.684000	0.000000	258.059403
-216.632000	0.000000	258.313581
-216.580000	0.000000	258.569903
-216.528000	0.000000	258.827763
-216.476000	0.000000	259.087504
-216.424000	0.000000	259.348986
-216.372000	0.000000	259.612135
-216.320000	0.000000	259.877229
-216.268000	0.000000	260.143749
-216.216000	0.000000	260.412396
-216.164000	0.000000	260.682185
-216.112000	0.000000	260.954279
-216.060000	0.000000	261.227272
-216.008000	0.000000	261.502771
-215.956000	0.000000	261.778960
-215.904000	0.000000	262.057855
-215.852000	0.000000	262.337281
-215.800000	0.000000	262.619411
-215.748000	0.000000	262.902052
-215.696000	0.000000	263.187254
-215.644000	0.000000	263.473115
-215.592000	0.000000	263.761347
-215.540000	0.000000	264.050334
-215.488000	0.000000	264.341549
-215.436000	0.000000	264.633731
-215.384000	0.000000	264.927833
-215.332000	0.000000	265.222997
-215.280000	0.000000	265.519962
-215.228000	0.000000	265.818209
-215.176000	0.000000	266.117980
-215.124000	0.000000	266.419151
-215.072000	0.000000	266.721687
-215.020000	0.000000	267.025781
-214.968000	0.000000	267.331049
-214.916000	0.000000	267.638012
-214.864000	0.000000	267.945916
-214.812000	0.000000	268.255652
-214.760000	0.000000	268.566184
-214.708000	0.000000	268.878710
-214.656000	0.000000	269.191868
-214.604000	0.000000	269.507151
-214.552000	0.000000	269.822816
-214.500000	0.000000	270.140626
-214.448000	0.000000	270.458966
-214.396000	0.000000	270.779304
-214.344000	0.000000	271.100212
-214.292000	0.000000	271.422997
-214.240000	0.000000	271.746437
-214.188000	0.000000	272.071585
-214.136000	0.000000	272.397472
-214.084000	0.000000	272.724922
-214.032000	0.000000	273.053257
-213.980000	0.000000	273.383025
-213.928000	0.000000	273.713812
-213.876000	0.000000	274.045801
-213.824000	0.000000	274.378885
-213.772000	0.000000	274.713100
-213.720000	0.000000	275.048536
-213.668000	0.000000	275.384871
-213.616000	0.000000	275.722505
-213.564000	0.000000	276.060997
-213.512000	0.000000	276.400896
-213.460000	0.000000	276.741398
-213.408000	0.000000	277.083426
-213.356000	0.000000	277.425989
-213.304000	0.000000	277.770190
-213.252000	0.000000	278.114794
-213.200000	0.000000	278.461000
-213.148000	0.000000	278.807645
-213.096000	0.000000	279.155768
-213.044000	0.000000	279.504384
-212.992000	0.000000	279.854404
-212.940000	0.000000	280.204960
-212.888000	0.000000	280.556847
-212.836000	0.000000	280.909366
-212.784000	0.000000	281.263062
-212.732000	0.000000	281.617445
-212.680000	0.000000	281.972884
-212.628000	0.000000	282.329085
-212.576000	0.000000	282.686226
-212.524000	0.000000	283.044199
-212.472000	0.000000	283.403046
-212.420000	0.000000	283.762795
-212.368000	0.000000	284.123276
-212.316000	0.000000	284.484706
-212.264000	0.000000	284.846770
-212.212000	0.000000	285.209848
-212.160000	0.000000	285.573498
-212.108000	0.000000	285.938236
-212.056000	0.000000	286.303370
-212.004000	0.000000	286.669683
-211.952000	0.000000	287.036382
-211.900000	0.000000	287.404191
-211.848000	0.000000	287.772392
-211.796000	0.000000	288.141582
-211.744000	0.000000	288.511198
-211.692000	0.000000	288.881796
-211.640000	0.000000	289.252852
-211.588000	0.000000	289.624837
-211.536000	0.000000	289.997306
-211.484000	0.000000	290.370590
-211.432000	0.000000	290.744377
-211.380000	0.000000	291.118933
-211.328000	0.000000	291.494045
-211.276000	0.000000	291.869818
-211.224000	0.000000	292.246160
-211.172000	0.000000	292.623137
-211.120000	0.000000	293.000718
-211.068000	0.000000	293.378875
-211.016000	0.000000	293.757653
-210.964000	0.000000	294.136902
-210.912000	0.000000	294.516796
-210.860000	0.000000	294.897135
-210.808000	0.000000	295.278163
-210.756000	0.000000	295.659546
-210.704000	0.000000	296.041656
-210.652000	0.000000	296.424054
-210.600000	0.000000	296.807114
-210.548000	0.000000	297.190561
-210.496000	0.000000	297.574551
-210.444000	0.000000	297.958936
-210.392000	0.000000	298.343887
-210.340000	0.000000	298.729193
-210.288000	0.000000	299.115047
-210.236000	0.000000	299.501247
-210.184000	0.000000	299.887952
-210.132000	0.000000	300.275004
-210.080000	0.000000	300.662488
-210.028000	0.000000	301.050301
-209.976000	0.000000	301.438585
-209.924000	0.000000	301.827219
-209.872000	0.000000	302.216217
-209.820000	0.000000	302.605528
-209.768000	0.000000	302.995272
-209.716000	0.000000	303.385323
-209.664000	0.000000	303.775693
-209.612000	0.000000	304.166360
-209.560000	0.000000	304.557401
-209.508000	0.000000	304.948742
-209.456000	0.000000	305.340309
-209.404000	0.000000	305.732206
-209.352000	0.000000	306.124420
-209.300000	0.000000	306.516858
-209.248000	0.000000	306.909642
-209.196000	0.000000	307.302529
-209.144000	0.000000	307.695752
-209.092000	0.000000	308.089145
-209.040000	0.000000	308.482795
-208.988000	0.000000	308.876659
-208.936000	0.000000	309.270764
-208.884000	0.000000	309.665049
-208.832000	0.000000	310.059516
-208.780000	0.000000	310.454161
-208.728000	0.000000	310.848952
-208.676000	0.000000	311.243925
-208.624000	0.000000	311.639000
-208.572000	0.000000	312.034310
-208.520000	0.000000	312.429684
-208.468000	0.000000	312.825263
-208.416000	0.000000	313.220844
-208.364000	0.000000	313.616649
-208.312000	0.000000	314.012421
-208.260000	0.000000	314.408454
-208.208000	0.000000	314.804430
-208.156000	0.000000	315.200599
-208.104000	0.000000	315.596703
-208.052000	0.000000	315.993074
-208.000000	0.000000	316.389252
-207.948000	0.000000	316.785737
-207.896000	0.000000	317.181933
-207.844000	0.000000	317.578437
-207.792000	0.000000	317.974741
-207.740000	0.000000	318.371207
-207.688000	0.000000	318.767550
-207.636000	0.000000	319.164006
-207.584000	0.000000	319.560371
-207.532000	0.000000	319.956781
-207.480000	0.000000	320.353100
-207.428000	0.000000	320.749375
-207.376000	0.000000	321.145636
-207.324000	0.000000	321.541791
-207.272000	0.000000	321.937979
-207.220000	0.000000	322.333978
-207.168000	0.000000	322.730014
-207.116000	0.000000	323.125769
-207.064000	0.000000	323.521665
-207.012000	0.000000	323.917216
-206.960000	0.000000	324.312923
-206.908000	0.000000	324.708239
-206.856000	0.000000	325.103721
-206.804000	0.000000	325.498766
-206.752000	0.000000	325.894034
-206.700000	0.000000	326.288733
-206.648000	0.000000	326.683740
-206.596000	0.000000	327.078055
-206.544000	0.000000	327.472588
-206.492000	0.000000	327.866624
-206.440000	0.000000	328.260791
-206.388000	0.000000	328.654521
-206.336000	0.000000	329.048246
-206.284000	0.000000	329.441568
-206.232000	0.000000	329.834766
-206.180000	0.000000	330.227695
-206.128000	0.000000	330.620437
-206.076000	0.000000	331.012949
-206.024000	0.000000	331.405148
-205.972000	0.000000	331.797196
-205.920000	0.000000	332.188820
-205.868000	0.000000	332.580375
-205.816000	0.000000	332.971390
-205.764000	0.000000	333.362425
-205.712000	0.000000	333.752828
-205.660000	0.000000	334.143342
-205.608000	0.000000	334.533149
-205.556000	0.000000	334.923058
-205.504000	0.000000	335.312189
-205.452000	0.000000	335.701503
-205.400000	0.000000	336.089904
-205.348000	0.000000	336.478615
-205.296000	0.000000	336.866308
-205.244000	0.000000	337.254196
-205.192000	0.000000	337.641255
-205.140000	0.000000	338.028331
-205.088000	0.000000	338.414715
-205.036000	0.000000	338.801010
-204.984000	0.000000	339.186680
-204.932000	0.000000	339.572112
-204.880000	0.000000	339.957053
-204.828000	0.000000	340.341643
-204.776000	0.000000	340.725811
-204.724000	0.000000	341.109478
-204.672000	0.000000	341.492875
-204.620000	0.000000	341.875641
-204.568000	0.000000	342.258253
-204.516000	0.000000	342.640091
-204.464000	0.000000	343.021841
-204.412000	0.000000	343.402699
-204.360000	0.000000	343.783585
-204.308000	0.000000	344.163481
-204.256000	0.000000	344.543425
-204.204000	0.000000	344.922307
-204.152000	0.000000	345.301422
-204.100000	0.000000	345.679286
-204.048000	0.000000	346.057394
-203.996000	0.000000	346.434202
-203.944000	0.000000	346.811183
-203.892000	0.000000	347.187093
-203.840000	0.000000	347.562970
-203.788000	0.000000	347.937911
-203.736000	0.000000	348.312662
-203.684000	0.000000	348.686605
-203.632000	0.000000	349.060207
-203.580000	0.000000	349.433129
-203.528000	0.000000	349.805554
-203.476000	0.000000	350.177435
-203.424000	0.000000	350.548659
-203.372000	0.000000	350.919432
-203.320000	0.000000	351.289378
-203.268000	0.000000	351.659106
-203.216000	0.000000	352.027854
-203.164000	0.000000	352.396533
-203.112000	0.000000	352.764087
-203.060000	0.000000	353.131556
-203.008000	0.000000	353.497805
-202.956000	0.000000	353.864149
-202.904000	0.000000	354.229141
-202.852000	0.000000	354.594262
-202.800000	0.000000	354.957907
-202.748000	0.000000	355.321877
-202.696000	0.000000	355.684279
-202.644000	0.000000	356.046772
-202.592000	0.000000	356.407999
-202.540000	0.000000	356.769151
-202.488000	0.000000	357.129169
-202.436000	0.000000	357.488910
-202.384000	0.000000	357.847700
-202.332000	0.000000	358.206062
-202.280000	0.000000	358.563594
-202.228000	0.000000	358.920505
-202.176000	0.000000	359.276782
-202.124000	0.000000	359.632273
-202.072000	0.000000	359.987250
-202.020000	0.000000	360.341251
-201.968000	0.000000	360.694947
-201.916000	0.000000	361.047492
-201.864000	0.000000	361.399899
-201.812000	0.000000	361.751000
-201.760000	0.000000	362.102014
-201.708000	0.000000	362.451618
-201.656000	0.000000	362.801330
-201.604000	0.000000	363.149476
-201.552000	0.000000	363.497738
-201.500000	0.000000	363.844303
-201.448000	0.000000	364.191173
-201.396000	0.000000	364.536325
-201.344000	0.000000	364.881587
-201.292000	0.000000	365.225398
-201.240000	0.000000	365.569044
-201.188000	0.000000	365.911465
-201.136000	0.000000	366.253586
-201.084000	0.000000	366.594594
-201.032000	0.000000	366.935069
-200.980000	0.000000	367.274677
-200.928000	0.000000	367.613597
-200.876000	0.000000	367.951792
-200.824000	0.000000	368.289091
-200.772000	0.000000	368.625800
-200.720000	0.000000	368.961411
-200.668000	0.000000	369.296709
-200.616000	0.000000	369.630728
-200.564000	0.000000	369.964564
-200.512000	0.000000	370.296963
-200.460000	0.000000	370.629340
-200.408000	0.000000	370.960152
-200.356000	0.000000	371.291012
-200.304000	0.000000	371.620174
-200.252000	0.000000	371.949524
-200.200000	0.000000	372.277006
-200.148000	0.000000	372.604739
-200.096000	0.000000	372.930651
-200.044000	0.000000	373.256670
-199.992000	0.000000	373.581179
-199.940000	0.000000	373.905533
-199.888000	0.000000	374.228541
-199.836000	0.000000	374.551171
-199.784000	0.000000	374.872642
-199.732000	0.000000	375.193538
-199.680000	0.000000	375.513538
-199.628000	0.000000	375.832797
-199.576000	0.000000	376.151237
-199.524000	0.000000	376.468694
-199.472000	0.000000	376.785655
-199.420000	0.000000	377.101459
-199.368000	0.000000	377.416873
-199.316000	0.000000	377.730919
-199.264000	0.000000	378.044864
-199.212000	0.000000	378.357281
-199.160000	0.000000	378.669615
-199.108000	0.000000	378.980302
-199.056000	0.000000	379.291078
-199.004000	0.000000	379.600073
-198.952000	0.000000	379.909300
-198.900000	0.000000	380.216585
-198.848000	0.000000	380.524145
-198.796000	0.000000	380.829831
-198.744000	0.000000	381.135594
-198.692000	0.000000	381.439803
-198.640000	0.000000	381.743826
-198.588000	0.000000	382.046495
-198.536000	0.000000	382.348775
-198.484000	0.000000	382.649936
-198.432000	0.000000	382.950523
-198.380000	0.000000	383.250160
-198.328000	0.000000	383.549000
-198.276000	0.000000	383.847092
-198.224000	0.000000	384.144184
-198.172000	0.000000	384.440731
-198.120000	0.000000	384.736073
-198.068000	0.000000	385.031123
-198.016000	0.000000	385.324776
-197.964000	0.000000	385.618329
-197.912000	0.000000	385.910324
-197.860000	0.000000	386.202292
-197.808000	0.000000	386.492579
-197.756000	0.000000	386.782965
-197.704000	0.000000	387.071555
-197.652000	0.000000	387.360425
-197.600000	0.000000	387.647350
-197.548000	0.000000	387.934578
-197.496000	0.000000	388.219948
-197.444000	0.000000	388.505376
-197.392000	0.000000	388.789316
-197.340000	0.000000	389.073109
-197.288000	0.000000	389.355570
-197.236000	0.000000	389.637626
-197.184000	0.000000	389.918589
-197.132000	0.000000	390.198965
-197.080000	0.000000	390.478456
-197.028000	0.000000	390.757157
-196.976000	0.000000	391.035181
-196.924000	0.000000	391.312211
-196.872000	0.000000	391.588773
-196.820000	0.000000	391.864137
-196.768000	0.000000	392.139241
-196.716000	0.000000	392.412957
-196.664000	0.000000	392.686599
-196.612000	0.000000	392.958706
-196.560000	0.000000	393.230855
-196.508000	0.000000	393.501370
-196.456000	0.000000	393.772091
-196.404000	0.000000	394.041050
-196.352000	0.000000	394.310306
-196.300000	0.000000	394.577681
-196.248000	0.000000	394.845394
-196.196000	0.000000	395.111330
-196.144000	0.000000	395.377312
-196.092000	0.000000	395.641910
-196.040000	0.000000	395.906385
-195.988000	0.000000	396.169632
-195.936000	0.000000	396.432503
-195.884000	0.000000	396.694354
-195.832000	0.000000	396.955631
-195.780000	0.000000	397.216131
-195.728000	0.000000	397.475877
-195.676000	0.000000	397.735055
-195.624000	0.000000	397.993280
-195.572000	0.000000	398.251145
-195.520000	0.000000	398.507860
-195.468000	0.000000	398.764422
-195.416000	0.000000	399.019652
-195.364000	0.000000	399.274853
-195.312000	0.000000	399.528600
-195.260000	0.000000	399.782522
-195.208000	0.000000	400.034881
-195.156000	0.000000	400.287436
-195.104000	0.000000	400.538334
-195.052000	0.000000	400.789591
-195.000000	0.000000	401.039095
-194.948000	0.000000	401.288973
-194.896000	0.000000	401.537259
-194.844000	0.000000	401.785652
-194.792000	0.000000	402.032764
-194.740000	0.000000	402.279739
-194.688000	0.000000	402.525667
-194.636000	0.000000	402.771290
-194.584000	0.000000	403.016040
-194.532000	0.000000	403.260273
-194.480000	0.000000	403.503836
-194.428000	0.000000	403.746694
-194.376000	0.000000	403.989124
-194.324000	0.000000	404.230675
-194.272000	0.000000	404.471955
-194.220000	0.000000	404.712163
-194.168000	0.000000	404.952346
-194.116000	0.000000	405.191298
-194.064000	0.000000	405.430385
-194.012000	0.000000	405.668126
-193.960000	0.000000	405.906047
-193.908000	0.000000	406.142561
-193.856000	0.000000	406.379439
-193.804000	0.000000	406.614806
-193.752000	0.000000	406.850557
-193.700000	0.000000	407.084722
-193.648000	0.000000	407.319266
-193.596000	0.000000	407.552431
-193.544000	0.000000	407.785740
-193.492000	0.000000	408.017993
-193.440000	0.000000	408.250186
-193.388000	0.000000	408.481466
-193.336000	0.000000	408.712457
-193.284000	0.000000	408.942794
-193.232000	0.000000	409.172707
-193.180000	0.000000	409.402124
-193.128000	0.000000	409.630925
-193.076000	0.000000	409.859421
-193.024000	0.000000	410.087130
-192.972000	0.000000	410.314768
-192.920000	0.000000	410.541455
-192.868000	0.000000	410.768262
-192.816000	0.000000	410.993970
-192.764000	0.000000	411.219888
-192.712000	0.000000	411.444615
-192.660000	0.000000	411.669628
-192.608000	0.000000	411.893404
-192.556000	0.000000	412.117587
-192.504000	0.000000	412.340475
-192.452000	0.000000	412.563849
-192.400000	0.000000	412.785865
-192.348000	0.000000	413.008304
-192.296000	0.000000	413.229613
-192.244000	0.000000	413.451112
-192.192000	0.000000	413.671760
-192.140000	0.000000	413.892384
-192.088000	0.000000	414.112343
-192.036000	0.000000	414.332115
-191.984000	0.000000	414.551404
-191.932000	0.000000	414.770343
-191.880000	0.000000	414.988982
-191.828000	0.000000	415.207111
-191.776000	0.000000	415.425118
-191.724000	0.000000	415.642459
-191.672000	0.000000	415.859899
-191.620000	0.000000	416.076527
-191.568000	0.000000	416.293378
-191.516000	0.000000	416.509289
-191.464000	0.000000	416.725593
-191.412000	0.000000	416.940889
-191.360000	0.000000	417.156581
-191.308000	0.000000	417.371245
-191.256000	0.000000	417.586399
-191.204000	0.000000	417.800492
-191.152000	0.000000	418.015135
-191.100000	0.000000	418.228661
-191.048000	0.000000	418.442621
-190.996000	0.000000	418.655747
-190.944000	0.000000	418.869144
-190.892000	0.000000	419.081912
-190.840000	0.000000	419.294702
-190.788000	0.000000	419.507060
-190.736000	0.000000	419.719317
-190.684000	0.000000	419.931348
-190.632000	0.000000	420.143153
-190.580000	0.000000	420.354861
-190.528000	0.000000	420.566179
-190.476000	0.000000	420.777522
-190.424000	0.000000	420.988327
-190.372000	0.000000	421.199450
-190.320000	0.000000	421.409918
-190.268000	0.000000	421.620720
-190.216000	0.000000	421.830756
-190.164000	0.000000	422.041369
-190.112000	0.000000	422.251168
-190.060000	0.000000	422.461424
-190.008000	0.000000	422.670886
-189.956000	0.000000	422.880968
-189.904000	0.000000	423.090225
-189.852000	0.000000	423.300053
-189.800000	0.000000	423.509058
-189.748000	0.000000	423.718573
-189.696000	0.000000	423.927512
-189.644000	0.000000	424.136749
-189.592000	0.000000	424.345637
-189.540000	0.000000	424.554653
-189.488000	0.000000	424.763473
-189.436000	0.000000	424.972288
-189.384000	0.000000	425.181061
-189.332000	0.000000	425.389700
-189.280000	0.000000	425.598447
-189.228000	0.000000	425.806932
-189.176000	0.000000	426.015714
-189.124000	0.000000	426.224119
-189.072000	0.000000	426.432923
-189.020000	0.000000	426.641220
-188.968000	0.000000	426.850105
-188.916000	0.000000	427.058403
-188.864000	0.000000	427.267306
-188.812000	0.000000	427.475618
-188.760000	0.000000	427.684633
-188.708000	0.000000	427.893051
-188.656000	0.000000	428.102041
-188.604000	0.000000	428.310515
-188.552000	0.000000	428.519768
-188.500000	0.000000	428.728347
-188.448000	0.000000	428.937241
-188.396000	0.000000	429.145898
-188.344000	0.000000	429.355001
-188.292000	0.000000	429.564079
-188.240000	0.000000	429.773443
-188.188000	0.000000	429.982932
-188.136000	0.000000	430.192577
-188.084000	0.000000	430.402148
-188.032000	0.000000	430.611570
-187.980000	0.000000	430.821412
-187.928000	0.000000	431.031158
-187.876000	0.000000	431.241467
-187.824000	0.000000	431.451558
-187.772000	0.000000	431.661882
-187.720000	0.000000	431.871814
-187.668000	0.000000	432.083090
-187.616000	0.000000	432.293954
-187.564000	0.000000	432.505195
-187.512000	0.000000	432.716052
-187.460000	0.000000	432.927749
-187.408000	0.000000	433.139006
-187.356000	0.000000	433.350655
-187.304000	0.000000	433.562163
-187.252000	0.000000	433.774837
-187.200000	0.000000	433.987080
-187.148000	0.000000	434.199649
-187.096000	0.000000	434.412209
-187.044000	0.000000	434.625243
-186.992000	0.000000	434.838447
-186.940000	0.000000	435.051991
-186.888000	0.000000	435.265835
-186.836000	0.000000	435.479907
-186.784000	0.000000	435.694407
-186.732000	0.000000	435.909022
-186.680000	0.000000	436.123806
-186.628000	0.000000	436.338464
-186.576000	0.000000	436.553802
-186.524000	0.000000	436.769044
-186.472000	0.000000	436.985553
-186.420000	0.000000	437.201917
-186.368000	0.000000	437.418690
-186.316000	0.000000	437.635204
-186.264000	0.000000	437.852644
-186.212000	0.000000	438.069876
-186.160000	0.000000	438.287983
-186.108000	0.000000	438.505946
-186.056000	0.000000	438.724739
-186.004000	0.000000	438.943447
-185.952000	0.000000	439.162945
-185.900000	0.000000	439.382229
-185.848000	0.000000	439.601846
-185.796000	0.000000	439.821874
-185.744000	0.000000	440.042701
-185.692000	0.000000	440.263857
-185.640000	0.000000	440.485404
-185.588000	0.000000	440.707086
-185.536000	0.000000	440.928846
-185.484000	0.000000	441.151510
-185.432000	0.000000	441.374542
-185.380000	0.000000	441.598238
-185.328000	0.000000	441.822035
-185.276000	0.000000	442.046173
-185.224000	0.000000	442.270228
-185.172000	0.000000	442.495628
-185.120000	0.000000	442.720997
-185.068000	0.000000	442.947345
-185.016000	0.000000	443.173550
-184.964000	0.000000	443.400223
-184.912000	0.000000	443.626904
-184.860000	0.000000	443.854938
-184.808000	0.000000	444.082986
-184.756000	0.000000	444.311875
-184.704000	0.000000	444.540846
-184.652000	0.000000	444.770594
-184.600000	0.000000	445.000500
-184.548000	0.000000	445.231075
-184.496000	0.000000	445.461976
-184.444000	0.000000	445.693409
-184.392000	0.000000	445.925290
-184.340000	0.000000	446.157605
-184.288000	0.000000	446.390468
-184.236000	0.000000	446.623677
-184.184000	0.000000	446.857880
-184.132000	0.000000	447.092514
-184.080000	0.000000	447.327493
-184.028000	0.000000	447.562517
-183.976000	0.000000	447.798805
-183.924000	0.000000	448.035273
-183.872000	0.000000	448.272665
-183.820000	0.000000	448.510065
-183.768000	0.000000	448.748482
-183.716000	0.000000	448.986886
-183.664000	0.000000	449.226268
-183.612000	0.000000	449.465772
-183.560000	0.000000	449.706633
-183.508000	0.000000	449.947514
-183.456000	0.000000	450.188817
-183.404000	0.000000	450.430480
-183.352000	0.000000	450.673277
-183.300000	0.000000	450.916362
-183.248000	0.000000	451.160113
-183.196000	0.000000	451.404280
-183.144000	0.000000	451.649002
-183.092000	0.000000	451.894513
-183.040000	0.000000	452.140745
-182.988000	0.000000	452.387577
-182.936000	0.000000	452.634796
-182.884000	0.000000	452.882705
-182.832000	0.000000	453.130920
-182.780000	0.000000	453.380304
-182.728000	0.000000	453.630041
-182.676000	0.000000	453.880202
-182.624000	0.000000	454.130421
-182.572000	0.000000	454.382060
-182.520000	0.000000	454.633811
-182.468000	0.000000	454.887103
-182.416000	0.000000	455.140455
-182.364000	0.000000	455.394781
-182.312000	0.000000	455.649229
-182.260000	0.000000	455.904569
-182.208000	0.000000	456.160113
-182.156000	0.000000	456.416475
-182.104000	0.000000	456.673272
-182.052000	0.000000	456.931179
-182.000000	0.000000	457.189444
-181.948000	0.000000	457.448368
-181.896000	0.000000	457.707971
-181.844000	0.000000	457.968438
-181.792000	0.000000	458.229432
-181.740000	0.000000	458.490925
-181.688000	0.000000	458.753339
-181.636000	0.000000	459.016373
-181.584000	0.000000	459.280097
-181.532000	0.000000	459.544156
-181.480000	0.000000	459.808983
-181.428000	0.000000	460.074062
-181.376000	0.000000	460.340426
-181.324000	0.000000	460.607047
-181.272000	0.000000	460.874597
-181.220000	0.000000	461.142237
-181.168000	0.000000	461.411404
-181.116000	0.000000	461.680692
-181.064000	0.000000	461.951411
-181.012000	0.000000	462.222279
-180.960000	0.000000	462.494012
-180.908000	0.000000	462.765971
-180.856000	0.000000	463.038716
-180.804000	0.000000	463.311916
-180.752000	0.000000	463.586198
-180.700000	0.000000	463.861041
-180.648000	0.000000	464.136864
-180.596000	0.000000	464.413098
-180.544000	0.000000	464.689921
-180.492000	0.000000	464.967504
-180.440000	0.000000	465.245841
-180.388000	0.000000	465.525060
-180.336000	0.000000	465.804908
-180.284000	0.000000	466.085399
-180.232000	0.000000	466.366230
-180.180000	0.000000	466.648181
-180.128000	0.000000	466.930508
-180.076000	0.000000	467.213639
-180.024000	0.000000	467.496936
-179.972000	0.000000	467.781595
-179.920000	0.000000	468.066375
-179.868000	0.000000	468.352642
-179.816000	0.000000	468.638975
-179.764000	0.000000	468.926203
-179.712000	0.000000	469.213718
-179.660000	0.000000	469.502942
-179.608000	0.000000	469.792245
-179.556000	0.000000	470.081892
-179.504000	0.000000	470.372116
-179.452000	0.000000	470.663750
-179.400000	0.000000	470.955890
-179.348000	0.000000	471.249001
-179.296000	0.000000	471.542426
-179.244000	0.000000	471.836447
-179.192000	0.000000	472.131135
-179.140000	0.000000	472.426574
-179.088000	0.000000	472.722806
-179.036000	0.000000	473.019659
-178.984000	0.000000	473.317424
-178.932000	0.000000	473.615674
-178.880000	0.000000	473.914559
-178.828000	0.000000	474.213671
-178.776000	0.000000	474.513948
-178.724000	0.000000	474.814436
-178.672000	0.000000	475.116697
-178.620000	0.000000	475.419068
-178.568000	0.000000	475.722340
-178.516000	0.000000	476.025659
-178.464000	0.000000	476.330289
-178.412000	0.000000	476.635065
-178.360000	0.000000	476.941043
-178.308000	0.000000	477.247264
-178.256000	0.000000	477.554583
-178.204000	0.000000	477.862232
-178.152000	0.000000	478.170888
-178.100000	0.000000	478.479937
-178.048000	0.000000	478.789947
-177.996000	0.000000	479.100356
-177.944000	0.000000	479.411645
-177.892000	0.000000	479.723174
-177.840000	0.000000	480.035201
-177.788000	0.000000	480.348208
-177.736000	0.000000	480.662009
-177.684000	0.000000	480.976595
-177.632000	0.000000	481.291624
-177.580000	0.000000	481.607575
-177.528000	0.000000	481.923821
-177.476000	0.000000	482.241125
-177.424000	0.000000	482.558571
-177.372000	0.000000	482.877696
-177.320000	0.000000	483.196849
-177.268000	0.000000	483.516807
-177.216000	0.000000	483.836727
-177.164000	0.000000	484.157872
-177.112000	0.000000	484.479145
-177.060000	0.000000	484.801980
-177.008000	0.000000	485.124939
-176.956000	0.000000	485.448937
-176.904000	0.000000	485.773130
-176.852000	0.000000	486.098287
-176.800000	0.000000	486.423672
-176.748000	0.000000	486.750001
-176.696000	0.000000	487.076530
-176.644000	0.000000	487.403932
-176.592000	0.000000	487.731959
-176.540000	0.000000	488.060935
-176.488000	0.000000	488.390070
-176.436000	0.000000	488.719558
-176.384000	0.000000	489.050404
-176.332000	0.000000	489.381950
-176.280000	0.000000	489.713867
-176.228000	0.000000	490.045885
-176.176000	0.000000	490.379276
-176.124000	0.000000	490.712791
-176.072000	0.000000	491.047385
-176.020000	0.000000	491.381864
-175.968000	0.000000	491.717552
-175.916000	0.000000	492.053128
-175.864000	0.000000	492.390310
-175.812000	0.000000	492.727398
-175.760000	0.000000	493.065532
-175.708000	0.000000	493.403757
-175.656000	0.000000	493.743345
-175.604000	0.000000	494.082952
-175.552000	0.000000	494.423485
-175.500000	0.000000	494.764037
-175.448000	0.000000	495.105515
-175.396000	0.000000	495.447207
-175.344000	0.000000	495.790029
-175.292000	0.000000	496.132975
-175.240000	0.000000	496.476598
-175.188000	0.000000	496.820832
-175.136000	0.000000	497.165758
-175.084000	0.000000	497.511494
-175.032000	0.000000	497.857694
-174.980000	0.000000	498.204506
-174.928000	0.000000	498.551443
-174.876000	0.000000	498.899156
-174.824000	0.000000	499.246801
-174.772000	0.000000	499.595883
-174.720000	0.000000	499.944762
-174.668000	0.000000	500.295244
-174.616000	0.000000	500.645426
-174.564000	0.000000	500.996626
-174.512000	0.000000	501.347656
-174.460000	0.000000	501.700080
-174.408000	0.000000	502.052412
-174.356000	0.000000	502.406039
-174.304000	0.000000	502.759647
-174.252000	0.000000	503.114490
-174.200000	0.000000	503.469112
-174.148000	0.000000	503.824640
-174.096000	0.000000	504.179881
-174.044000	0.000000	504.535953
-173.992000	0.000000	504.892492
-173.940000	0.000000	505.250128
-173.888000	0.000000	505.607831
-173.836000	0.000000	505.965965
-173.784000	0.000000	506.325085
-173.732000	0.000000	506.684734
-173.680000	0.000000	507.044817
-173.628000	0.000000	507.404915
-173.576000	0.000000	507.765632
-173.524000	0.000000	508.126152
-173.472000	0.000000	508.488466
-173.420000	0.000000	508.850467
-173.368000	0.000000	509.213935
-173.316000	0.000000	509.576944
-173.264000	0.000000	509.940862
-173.212000	0.000000	510.304520
-173.160000	0.000000	510.669916
-173.108000	0.000000	511.034890
-173.056000	0.000000	511.400699
-173.004000	0.000000	511.766265
-172.952000	0.000000	512.133021
-172.900000	0.000000	512.499721
-172.848000	0.000000	512.867929
-172.796000	0.000000	513.235588
-172.744000	0.000000	513.604047
-172.692000	0.000000	513.972735
-172.640000	0.000000	514.342465
-172.588000	0.000000	514.712041
-172.536000	0.000000	515.081974
-172.484000	0.000000	515.452699
-172.432000	0.000000	515.823854
-172.380000	0.000000	516.195676
-172.328000	0.000000	516.567509
-172.276000	0.000000	516.939804
-172.224000	0.000000	517.311764
-172.172000	0.000000	517.685386
-172.120000	0.000000	518.058550
-172.068000	0.000000	518.433566
-172.016000	0.000000	518.807958
-171.964000	0.000000	519.183155
-171.912000	0.000000	519.557910
-171.860000	0.000000	519.934311
-171.808000	0.000000	520.310213
-171.756000	0.000000	520.687274
-171.704000	0.000000	521.063868
-171.652000	0.000000	521.441615
-171.600000	0.000000	521.819050
-171.548000	0.000000	522.197966
-171.496000	0.000000	522.576329
-171.444000	0.000000	522.955729
-171.392000	0.000000	523.334834
-171.340000	0.000000	523.714692
-171.288000	0.000000	524.094851
-171.236000	0.000000	524.475669
-171.184000	0.000000	524.856718
-171.132000	0.000000	525.237948
-171.080000	0.000000	525.619677
-171.028000	0.000000	526.001296
-170.976000	0.000000	526.384141
-170.924000	0.000000	526.766652
-170.872000	0.000000	527.150701
-170.820000	0.000000	527.534130
-170.768000	0.000000	527.918778
-170.716000	0.000000	528.302746
-170.664000	0.000000	528.688358
-170.612000	0.000000	529.073256
-170.560000	0.000000	529.459292
-170.508000	0.000000	529.844765
-170.456000	0.000000	530.231727
-170.404000	0.000000	530.618005
-170.352000	0.000000	531.005398
-170.300000	0.000000	531.392238
-170.248000	0.000000	531.780535
-170.196000	0.000000	532.168303
-170.144000	0.000000	532.557335
-170.092000	0.000000	532.946156
-170.040000	0.000000	533.335898
-169.988000	0.000000	533.725418
-169.936000	0.000000	534.115333
-169.884000	0.000000	534.505685
-169.832000	0.000000	534.896268
-169.780000	0.000000	535.287619
-169.728000	0.000000	535.678856
-169.676000	0.000000	536.070733
-169.624000	0.000000	536.462076
-169.572000	0.000000	536.855352
-169.520000	0.000000	537.247892
-169.468000	0.000000	537.641546
-169.416000	0.000000	538.034374
-169.364000	0.000000	538.428754
-169.312000	0.000000	538.822449
-169.260000	0.000000	539.218069
-169.208000	0.000000	539.612812
-169.156000	0.000000	540.008610
-169.104000	0.000000	540.403704
-169.052000	0.000000	540.800234
-169.000000	0.000000	541.195995
-168.948000	0.000000	541.593186
-168.896000	0.000000	541.989909
-168.844000	0.000000	542.388119
-168.792000	0.000000	542.785647
-168.740000	0.000000	543.183816
-168.688000	0.000000	543.582281
-168.636000	0.000000	543.981437
-168.584000	0.000000	544.380516
-168.532000	0.000000	544.779595
-168.480000	0.000000	545.179741
-168.428000	0.000000	545.579771
-168.376000	0.000000	545.980801
-168.324000	0.000000	546.381247
-168.272000	0.000000	546.783542
-168.220000	0.000000	547.184976
-168.168000	0.000000	547.587436
-168.116000	0.000000	547.989005
-168.064000	0.000000	548.392527
-168.012000	0.000000	548.795231
-167.960000	0.000000	549.199800
-167.908000	0.000000	549.603343
-167.856000	0.000000	550.007904
-167.804000	0.000000	550.411783
-167.752000	0.000000	550.817420
-167.700000	0.000000	551.222332
-167.648000	0.000000	551.628958
-167.596000	0.000000	552.034709
-167.544000	0.000000	552.441646
-167.492000	0.000000	552.848064
-167.440000	0.000000	553.255297
-167.388000	0.000000	553.662712
-167.336000	0.000000	554.070754
-167.284000	0.000000	554.479377
-167.232000	0.000000	554.888210
-167.180000	0.000000	555.297611
-167.128000	0.000000	555.706710
-167.076000	0.000000	556.117197
-167.024000	0.000000	556.527064
-166.972000	0.000000	556.938731
-166.920000	0.000000	557.349458
-166.868000	0.000000	557.761657
-166.816000	0.000000	558.172876
-166.764000	0.000000	558.585990
-166.712000	0.000000	558.998190
-166.660000	0.000000	559.412219
-166.608000	0.000000	559.825255
-166.556000	0.000000	560.239662
-166.504000	0.000000	560.653276
-166.452000	0.000000	561.068637
-166.400000	0.000000	561.483373
-166.348000	0.000000	561.900103
-166.296000	0.000000	562.315867
-166.244000	0.000000	562.732781
-166.192000	0.000000	563.149400
-166.140000	0.000000	563.567010
-166.088000	0.000000	563.984738
-166.036000	0.000000	564.403038
-165.984000	0.000000	564.821868
-165.932000	0.000000	565.240851
-165.880000	0.000000	565.661203
-165.828000	0.000000	566.081388
-165.776000	0.000000	566.502471
-165.724000	0.000000	566.922807
-165.672000	0.000000	567.344917
-165.620000	0.000000	567.766067
-165.568000	0.000000	568.189655
-165.516000	0.000000	568.612212
-165.464000	0.000000	569.036640
-165.412000	0.000000	569.460099
-165.360000	0.000000	569.885361
-165.308000	0.000000	570.309714
-165.256000	0.000000	570.735807
-165.204000	0.000000	571.161233
-165.152000	0.000000	571.588736
-165.100000	0.000000	572.015333
-165.048000	0.000000	572.443608
-164.996000	0.000000	572.871412
-164.944000	0.000000	573.300854
-164.892000	0.000000	573.729980
-164.840000	0.000000	574.160064
-164.788000	0.000000	574.590255
-164.736000	0.000000	575.020982
-164.684000	0.000000	575.452620
-164.632000	0.000000	575.884511
-164.580000	0.000000	576.317348
-164.528000	0.000000	576.749878
-164.476000	0.000000	577.184709
-164.424000	0.000000	577.618928
-164.372000	0.000000	578.054429
-164.320000	0.000000	578.488955
-164.268000	0.000000	578.926407
-164.216000	0.000000	579.362818
-164.164000	0.000000	579.801089
-164.112000	0.000000	580.238487
-164.060000	0.000000	580.678106
-164.008000	0.000000	581.116812
-163.956000	0.000000	581.557260
-163.904000	0.000000	581.997227
-163.852000	0.000000	582.439605
-163.800000	0.000000	582.881078
-163.748000	0.000000	583.324219
-163.696000	0.000000	583.767193
-163.644000	0.000000	584.212037
-163.592000	0.000000	584.656603
-163.540000	0.000000	585.102103
-163.488000	0.000000	585.548098
-163.436000	0.000000	585.994787
-163.384000	0.000000	586.442821
-163.332000	0.000000	586.891224
-163.280000	0.000000	587.340621
-163.228000	0.000000	587.789701
-163.176000	0.000000	588.241131
-163.124000	0.000000	588.691936
-163.072000	0.000000	589.145085
-163.020000	0.000000	589.597281
-162.968000	0.000000	590.051919
-162.916000	0.000000	590.505614
-162.864000	0.000000	590.961649
-162.812000	0.000000	591.416959
-162.760000	0.000000	591.874917
-162.708000	0.000000	592.332157
-162.656000	0.000000	592.791524
-162.604000	0.000000	593.250473
-162.552000	0.000000	593.711841
-162.500000	0.000000	594.172597
-162.448000	0.000000	594.635308
-162.396000	0.000000	595.097684
-162.344000	0.000000	595.561653
-162.292000	0.000000	596.026060
-162.240000	0.000000	596.491823
-162.188000	0.000000	596.958524
-162.136000	0.000000	597.426086
-162.084000	0.000000	597.894699
-162.032000	0.000000	598.363553
-161.980000	0.000000	598.834348
-161.928000	0.000000	599.305028
-161.876000	0.000000	599.778143
-161.824000	0.000000	600.250654
-161.772000	0.000000	600.725592
-161.720000	0.000000	601.199683
-161.668000	0.000000	601.677248
-161.616000	0.000000	602.153948
-161.564000	0.000000	602.633023
-161.512000	0.000000	603.111466
-161.460000	0.000000	603.592579
-161.408000	0.000000	604.073227
-161.356000	0.000000	604.556399
-161.304000	0.000000	605.039268
-161.252000	0.000000	605.524567
-161.200000	0.000000	606.009842
-161.148000	0.000000	606.497651
-161.096000	0.000000	606.985285
-161.044000	0.000000	607.474502
-160.992000	0.000000	607.964621
-160.940000	0.000000	608.456304
-160.888000	0.000000	608.948721
-160.836000	0.000000	609.441841
-160.784000	0.000000	609.937323
-160.732000	0.000000	610.433465
-160.680000	0.000000	610.931243
-160.628000	0.000000	611.428853
-160.576000	0.000000	611.929492
-160.524000	0.000000	612.429631
-160.472000	0.000000	612.932814
-160.420000	0.000000	613.435250
-160.368000	0.000000	613.941223
-160.316000	0.000000	614.446518
-160.264000	0.000000	614.954688
-160.212000	0.000000	615.462472
-160.160000	0.000000	615.973384
-160.108000	0.000000	616.484133
-160.056000	0.000000	616.997807
-160.004000	0.000000	617.511339
-159.952000	0.000000	618.027314
-159.900000	0.000000	618.543455
-159.848000	0.000000	619.062129
-159.796000	0.000000	619.581379
-159.744000	0.000000	620.102709
-159.692000	0.000000	620.625140
-159.640000	0.000000	621.149146
-159.588000	0.000000	621.674777
-159.536000	0.000000	622.201481
-159.484000	0.000000	622.730327
-159.432000	0.000000	623.259743
-159.380000	0.000000	623.791389
-159.328000	0.000000	624.323019
-159.276000	0.000000	624.858302
-159.224000	0.000000	625.393211
-159.172000	0.000000	625.931812
-159.120000	0.000000	626.469825
-159.068000	0.000000	627.011940
-159.016000	0.000000	627.553528
-158.964000	0.000000	628.098064
-158.912000	0.000000	628.642500
-158.860000	0.000000	629.190519
-158.808000	0.000000	629.738567
-158.756000	0.000000	630.289575
-158.704000	0.000000	630.841036
-158.652000	0.000000	631.395615
-158.600000	0.000000	631.950596
-158.548000	0.000000	632.508107
-158.496000	0.000000	633.066721
-158.444000	0.000000	633.627664
-158.392000	0.000000	634.190259
-158.340000	0.000000	634.754656
-158.288000	0.000000	635.320897
-158.236000	0.000000	635.888248
-158.184000	0.000000	636.458343
-158.132000	0.000000	637.029194
-158.080000	0.000000	637.602896
-158.028000	0.000000	638.176750
-157.976000	0.000000	638.754904
-157.924000	0.000000	639.332828
-157.872000	0.000000	639.914592
-157.820000	0.000000	640.495945
-157.768000	0.000000	641.081982
-157.716000	0.000000	641.667746
-157.664000	0.000000	642.256982
-157.612000	0.000000	642.846438
-157.560000	0.000000	643.439938
-157.508000	0.000000	644.033846
-157.456000	0.000000	644.631115
-157.404000	0.000000	645.229082
-157.352000	0.000000	645.830189
-157.300000	0.000000	646.432441
-157.248000	0.000000	647.037791
-157.196000	0.000000	647.644527
-157.144000	0.000000	648.253596
-157.092000	0.000000	648.864583
-157.040000	0.000000	649.477400
-156.988000	0.000000	650.093016
-156.936000	0.000000	650.710122
-156.884000	0.000000	651.330198
-156.832000	0.000000	651.951100
-156.780000	0.000000	652.575931
-156.728000	0.000000	653.201176
-156.676000	0.000000	653.830909
-156.624000	0.000000	654.460525
-156.572000	0.000000	655.095179
-156.520000	0.000000	655.729554
-156.468000	0.000000	656.368227
-156.416000	0.000000	657.007059
-156.364000	0.000000	657.650778
-156.312000	0.000000	658.294826
-156.260000	0.000000	658.942565
-156.208000	0.000000	659.591278
-156.156000	0.000000	660.244126
-156.104000	0.000000	660.897938
-156.052000	0.000000	661.554897
-156.000000	0.000000	662.213540
-155.948000	0.000000	662.875565
-155.896000	0.000000	663.539556
-155.844000	0.000000	664.206135
-155.792000	0.000000	664.875548
-155.740000	0.000000	665.547226
-155.688000	0.000000	666.221966
-155.636000	0.000000	666.898250
-155.584000	0.000000	667.578139
-155.532000	0.000000	668.259054
-155.480000	0.000000	668.944554
-155.428000	0.000000	669.630649
-155.376000	0.000000	670.321423
-155.324000	0.000000	671.012200
-155.272000	0.000000	671.709235
-155.220000	0.000000	672.406201
-155.168000	0.000000	673.108045
-155.116000	0.000000	673.810267
-155.064000	0.000000	674.517454
-155.012000	0.000000	675.225448
-154.960000	0.000000	675.937999
-154.908000	0.000000	676.651788
-154.856000	0.000000	677.369738
-154.804000	0.000000	678.089336
-154.752000	0.000000	678.812740
-154.700000	0.000000	679.538141
-154.648000	0.000000	680.266920
-154.596000	0.000000	680.998253
-154.544000	0.000000	681.732426
-154.492000	0.000000	682.470042
-154.440000	0.000000	683.210159
-154.388000	0.000000	683.953962
-154.336000	0.000000	684.699528
-154.284000	0.000000	685.449740
-154.232000	0.000000	686.201300
-154.180000	0.000000	686.957663
-154.128000	0.000000	687.714725
-154.076000	0.000000	688.477625
-154.024000	0.000000	689.240746
-153.972000	0.000000	690.010275
-153.920000	0.000000	690.779954
-153.868000	0.000000	691.555097
-153.816000	0.000000	692.331002
-153.764000	0.000000	693.112826
-153.712000	0.000000	693.895703
-153.660000	0.000000	694.683187
-153.608000	0.000000	695.472502
-153.556000	0.000000	696.266731
-153.504000	0.000000	697.062895
-153.452000	0.000000	697.862868
-153.400000	0.000000	698.665640
-153.348000	0.000000	699.472345
-153.296000	0.000000	700.282193
-153.244000	0.000000	701.095134
-153.192000	0.000000	701.911803
-153.140000	0.000000	702.731005
-153.088000	0.000000	703.554877
-153.036000	0.000000	704.380884
-152.984000	0.000000	705.212183
-152.932000	0.000000	706.045027
-152.880000	0.000000	706.883330
-152.828000	0.000000	707.722511
-152.776000	0.000000	708.568207
-152.724000	0.000000	709.414313
-152.672000	0.000000	710.267460
-152.620000	0.000000	711.121041
-152.568000	0.000000	711.981137
-152.516000	0.000000	712.842135
-152.464000	0.000000	713.708677
-152.412000	0.000000	714.576886
-152.360000	0.000000	715.450947
-152.308000	0.000000	716.327106
-152.256000	0.000000	717.208194
-152.204000	0.000000	718.091909
-152.152000	0.000000	718.980070
-152.100000	0.000000	719.871593
-152.048000	0.000000	720.767316
-151.996000	0.000000	721.666761
-151.944000	0.000000	722.569543
-151.892000	0.000000	723.476976
-151.840000	0.000000	724.387367
-151.788000	0.000000	725.302683
-151.736000	0.000000	726.220187
-151.684000	0.000000	727.144023
-151.632000	0.000000	728.069707
-151.580000	0.000000	729.001500
-151.528000	0.000000	729.934339
-151.476000	0.000000	730.873880
-151.424000	0.000000	731.813986
-151.372000	0.000000	732.762269
-151.320000	0.000000	733.711272
-151.268000	0.000000	734.667820
-151.216000	0.000000	735.625570
-151.164000	0.000000	736.589363
-151.112000	0.000000	737.555185
-151.060000	0.000000	738.527286
-151.008000	0.000000	739.501908
-150.956000	0.000000	740.481833
-150.904000	0.000000	741.464863
-150.852000	0.000000	742.452646
-150.800000	0.000000	743.444587
-150.748000	0.000000	744.441259
-150.696000	0.000000	745.442220
-150.644000	0.000000	746.446763
-150.592000	0.000000	747.456215
-150.540000	0.000000	748.468650
-150.488000	0.000000	749.487347
-150.436000	0.000000	750.508741
-150.384000	0.000000	751.536683
-150.332000	0.000000	752.566535
-150.280000	0.000000	753.603587
-150.228000	0.000000	754.641919
-150.176000	0.000000	755.688099
-150.124000	0.000000	756.735057
-150.072000	0.000000	757.790790
-150.020000	0.000000	758.847433
-149.968000	0.000000	759.911685
-149.916000	0.000000	760.977517
-149.864000	0.000000	762.050304
-149.812000	0.000000	763.125473
-149.760000	0.000000	764.207342
-149.708000	0.000000	765.292308
-149.656000	0.000000	766.383291
-149.604000	0.000000	767.478055
-149.552000	0.000000	768.578185
-149.500000	0.000000	769.682752
-149.448000	0.000000	770.792033
-149.396000	0.000000	771.906436
-149.344000	0.000000	773.024890
-149.292000	0.000000	774.149145
-149.240000	0.000000	775.276788
-149.188000	0.000000	776.411284
-149.136000	0.000000	777.548664
-149.084000	0.000000	778.693200
-149.032000	0.000000	779.839812
-148.980000	0.000000	780.994703
-148.928000	0.000000	782.151088
-148.876000	0.000000	783.315969
-148.824000	0.000000	784.481792
-148.772000	0.000000	785.656972
-148.720000	0.000000	786.833336
-148.668000	0.000000	788.018307
-148.616000	0.000000	789.205227
-148.564000	0.000000	790.400000
-148.512000	0.000000	791.597493
-148.460000	0.000000	792.802090
-148.408000	0.000000	794.010178
-148.356000	0.000000	795.224629
-148.304000	0.000000	796.443518
-148.252000	0.000000	797.668377
-148.200000	0.000000	798.898174
-148.148000	0.000000	800.132940
-148.096000	0.000000	801.373348
-148.044000	0.000000	802.618033
-147.992000	0.000000	803.869730
-147.940000	0.000000	805.125400
-147.888000	0.000000	806.388117
-147.836000	0.000000	807.653742
-147.784000	0.000000	808.927529
-147.732000	0.000000	810.203653
-147.680000	0.000000	811.489124
-147.628000	0.000000	812.776281
-147.576000	0.000000	814.072570
-147.524000	0.000000	815.369964
-147.472000	0.000000	816.677788
-147.420000	0.000000	817.987007
-147.368000	0.000000	819.305338
-147.316000	0.000000	820.625978
-147.264000	0.000000	821.955352
-147.212000	0.000000	823.287899
-147.160000	0.000000	824.628328
-147.108000	0.000000	825.972621
-147.056000	0.000000	827.323619
-147.004000	0.000000	828.679697
-146.952000	0.000000	830.042334
-146.900000	0.000000	831.410637
-146.848000	0.000000	832.784423
-146.796000	0.000000	834.164350
-146.744000	0.000000	835.548772
-146.692000	0.000000	836.940732
-146.640000	0.000000	838.336854
-146.588000	0.000000	839.741320
-146.536000	0.000000	841.149154
-146.484000	0.000000	842.565722
-146.432000	0.000000	843.984761
-146.380000	0.000000	845.413751
-146.328000	0.000000	846.844531
-146.276000	0.000000	848.286060
-146.224000	0.000000	849.728883
-146.172000	0.000000	851.182676
-146.120000	0.000000	852.638118
-146.068000	0.000000	854.103625
-146.016000	0.000000	855.571789
-145.964000	0.000000	857.049549
-145.912000	0.000000	858.530651
-145.860000	0.000000	860.019624
-145.808000	0.000000	861.513341
-145.756000	0.000000	863.015130
-145.704000	0.000000	864.522190
-145.652000	0.000000	866.035778
-145.600000	0.000000	867.555736
-145.548000	0.000000	869.081680
-145.496000	0.000000	870.614829
-145.444000	0.000000	872.153139
-145.392000	0.000000	873.699491
-145.340000	0.000000	875.250183
-145.288000	0.000000	876.809749
-145.236000	0.000000	878.372830
-145.184000	0.000000	879.946036
-145.132000	0.000000	881.522043
-145.080000	0.000000	883.109046
-145.028000	0.000000	884.697989
-144.976000	0.000000	886.298299
-144.924000	0.000000	887.900037
-144.872000	0.000000	889.513768
-144.820000	0.000000	891.129337
-144.768000	0.000000	892.755439
-144.716000	0.000000	894.384630
-144.664000	0.000000	896.024685
-144.612000	0.000000	897.668502
-144.560000	0.000000	899.320944
-144.508000	0.000000	900.978469
-144.456000	0.000000	902.644376
-144.404000	0.000000	904.316154
-144.352000	0.000000	905.995034
-144.300000	0.000000	907.681224
-144.248000	0.000000	909.374157
-144.196000	0.000000	911.074752
-144.144000	0.000000	912.780707
-144.092000	0.000000	914.495525
-144.040000	0.000000	916.215030
-143.988000	0.000000	917.944301
-143.936000	0.000000	919.677367
-143.884000	0.000000	921.421521
-143.832000	0.000000	923.168679
-143.780000	0.000000	924.927407
-143.728000	0.000000	926.688143
-143.676000	0.000000	928.462348
-143.624000	0.000000	930.238133
-143.572000	0.000000	932.025908
-143.520000	0.000000	933.815872
-143.468000	0.000000	935.618214
-143.416000	0.000000	937.423775
-143.364000	0.000000	939.240169
-143.312000	0.000000	941.061013
-143.260000	0.000000	942.891986
-143.208000	0.000000	944.728362
-143.156000	0.000000	946.573423
-143.104000	0.000000	948.424939
-143.052000	0.000000	950.284116
-143.000000	0.000000	952.151009
-142.948000	0.000000	954.024866
-142.896000	0.000000	955.907717
-142.844000	0.000000	957.796783
-142.792000	0.000000	959.695177
-142.740000	0.000000	961.598411
-142.688000	0.000000	963.512673
-142.636000	0.000000	965.431130
-142.584000	0.000000	967.361207
-142.532000	0.000000	969.294371
-142.480000	0.000000	971.240591
-142.428000	0.000000	973.188990
-142.376000	0.000000	975.151460
-142.324000	0.000000	977.115651
-142.272000	0.000000	979.093821
-142.220000	0.000000	981.074348
-142.168000	0.000001	983.067686
-142.116000	0.000001	985.064557
-142.064000	0.000001	987.073069
-142.012000	0.000001	989.086430
-141.960000	0.000001	991.110641
-141.908000	0.000001	993.140917
-141.856000	0.000001	995.180853
-141.804000	0.000001	997.227811
-141.752000	0.000001	999.282985
-141.700000	0.000001	1001.346519
-141.648000	0.000001	1003.417492
-141.596000	0.000001	1005.498178
-141.544000	0.000001	1007.585473
-141.492000	0.000001	1009.683233
-141.440000	0.000001	1011.786338
-141.388000	0.000001	1013.901337
-141.336000	0.000001	1016.020772
-141.284000	0.000001	1018.152771
-141.232000	0.000001	1020.288025
-141.180000	0.000001	1022.437818
-141.128000	0.000001	1024.589935
-141.076000	0.000001	1026.756712
-141.024000	0.000001	1028.925332
-140.972000	0.000001	1031.109395
-140.920000	0.000001	1033.296037
-140.868000	0.000001	1035.496364
-140.816000	0.000001	1037.700633
-140.764000	0.000001	1039.917754
-140.712000	0.000001	1042.140116
-140.660000	0.000001	1044.374034
-140.608000	0.000001	1046.614492
-140.556000	0.000001	1048.865226
-140.504000	0.000001	1051.123986
-140.452000	0.000001	1053.392100
-140.400000	0.000001	1055.668941
-140.348000	0.000001	1057.953424
-140.296000	0.000001	1060.248636
-140.244000	0.000001	1062.551056
-140.192000	0.000001	1064.864725
-140.140000	0.000001	1067.184045
-140.088000	0.000001	1069.516121
-140.036000	0.000001	1071.852859
-139.984000	0.000001	1074.203950
-139.932000	0.000001	1076.558639
-139.880000	0.000001	1078.928417
-139.828000	0.000001	1081.300531
-139.776000	0.000001	1083.688899
-139.724000	0.000001	1086.079257
-139.672000	0.000001	1088.486501
-139.620000	0.000001	1090.896541
-139.568000	0.000001	1093.321128
-139.516000	0.000001	1095.750062
-139.464000	0.000001	1098.193039
-139.412000	0.000001	1100.641639
-139.360000	0.000001	1103.102489
-139.308000	0.000001	1105.570344
-139.256000	0.000001	1108.049083
-139.204000	0.000001	1110.536623
-139.152000	0.000001	1113.034338
-139.100000	0.000001	1115.541665
-139.048000	0.000001	1118.057343
-138.996000	0.000001	1120.584453
-138.944000	0.000001	1123.119142
-138.892000	0.000001	1125.666200
-138.840000	0.000001	1128.219374
-138.788000	0.000001	1130.786552
-138.736000	0.000001	1133.358739
-138.684000	0.000001	1135.947930
-138.632000	0.000001	1138.541223
-138.580000	0.000001	1141.144989
-138.528000	0.000001	1143.750494
-138.476000	0.000001	1146.382011
-138.424000	0.000001	1149.015707
-138.372000	0.000001	1151.664728
-138.320000	0.000001	1154.316557
-138.268000	0.000001	1156.982413
-138.216000	0.000001	1159.653454
-138.164000	0.000001	1162.341376
-138.112000	0.000001	1165.034705
-138.060000	0.000001	1167.739460
-138.008000	0.000001	1170.452808
-137.956000	0.000001	1173.179647
-137.904000	0.000001	1175.914456
-137.852000	0.000001	1178.658191
-137.800000	0.000001	1181.413765
-137.748000	0.000001	1184.179654
-137.696000	0.000001	1186.955811
-137.644000	0.000001	1189.738622
-137.592000	0.000001	1192.539827
-137.540000	0.000001	1195.350022
-137.488000	0.000001	1198.168826
-137.436000	0.000001	1200.990715
-137.384000	0.000001	1203.834857
-137.332000	0.000001	1206.684126
-137.280000	0.000001	1209.548155
-137.228000	0.000001	1212.414347
-137.176000	0.000001	1215.301537
-137.124000	0.000001	1218.190751
-137.072000	0.000001	1221.095225
-137.020000	0.000001	1224.003964
-136.968000	0.000001	1226.935727
-136.916000	0.000001	1229.871664
-136.864000	0.000001	1232.820260
-136.812000	0.000001	1235.775831
-136.760000	0.000001	1238.746486
-136.708000	0.000001	1241.725819
-136.656000	0.000001	1244.718551
-136.604000	0.000001	1247.719318
-136.552000	0.000001	1250.728943
-136.500000	0.000001	1253.753200
-136.448000	0.000001	1256.790201
-136.396000	0.000001	1259.837526
-136.344000	0.000001	1262.891440
-136.292000	0.000001	1265.963846
-136.240000	0.000001	1269.045133
-136.188000	0.000001	1272.138990
-136.136000	0.000001	1275.237190
-136.084000	0.000001	1278.353412
-136.032000	0.000001	1281.473750
-135.980000	0.000001	1284.618371
-135.928000	0.000001	1287.766075
-135.876000	0.000001	1290.929718
-135.824000	0.000001	1294.095582
-135.772000	0.000001	1297.281545
-135.720000	0.000001	1300.471875
-135.668000	0.000001	1303.685114
-135.616000	0.000001	1306.902585
-135.564000	0.000001	1310.132639
-135.512000	0.000001	1313.371271
-135.460000	0.000001	1316.628601
-135.408000	0.000001	1319.892752
-135.356000	0.000001	1323.166909
-135.304000	0.000001	1326.453818
-135.252000	0.000001	1329.755314
-135.200000	0.000001	1333.068792
-135.148000	0.000001	1336.392411
-135.096000	0.000001	1339.732680
-135.044000	0.000001	1343.083649
-134.992000	0.000001	1346.446112
-134.940000	0.000001	1349.813974
-134.888000	0.000001	1353.202349
-134.836000	0.000001	1356.597559
-134.784000	0.000001	1360.010861
-134.732000	0.000001	1363.428186
-134.680000	0.000001	1366.869886
-134.628000	0.000001	1370.314552
-134.576000	0.000001	1373.775207
-134.524000	0.000001	1377.238764
-134.472000	0.000001	1380.732109
-134.420000	0.000001	1384.228439
-134.368000	0.000001	1387.738574
-134.316000	0.000001	1391.255275
-134.264000	0.000001	1394.792661
-134.212000	0.000001	1398.337169
-134.160000	0.000001	1401.896576
-134.108000	0.000001	1405.466748
-134.056000	0.000001	1409.053413
-134.004000	0.000001	1412.652915
-133.952000	0.000001	1416.266891
-133.900000	0.000001	1419.892906
-133.848000	0.000001	1423.528975
-133.796000	0.000001	1427.178613
-133.744000	0.000001	1430.836775
-133.692000	0.000001	1434.513600
-133.640000	0.000001	1438.199078
-133.588000	0.000001	1441.905154
-133.536000	0.000001	1445.617949
-133.484000	0.000001	1449.348899
-133.432000	0.000001	1453.083775
-133.380000	0.000001	1456.843117
-133.328000	0.000001	1460.605303
-133.276000	0.000001	1464.388706
-133.224000	0.000001	1468.175106
-133.172000	0.000001	1471.991147
-133.120000	0.000001	1475.810981
-133.068000	0.000001	1479.649010
-133.016000	0.000001	1483.492528
-132.964000	0.000001	1487.352545
-132.912000	0.000001	1491.222882
-132.860000	0.000001	1495.115344
-132.808000	0.000001	1499.016679
-132.756000	0.000001	1502.931136
-132.704000	0.000001	1506.860886
-132.652000	0.000001	1510.807851
-132.600000	0.000001	1514.766906
-132.548000	0.000001	1518.735926
-132.496000	0.000001	1522.721752
-132.444000	0.000001	1526.718052
-132.392000	0.000001	1530.733096
-132.340000	0.000001	1534.756678
-132.288000	0.000001	1538.800936
-132.236000	0.000001	1542.851792
-132.184000	0.000001	1546.920867
-132.132000	0.000001	1550.993767
-132.080000	0.000001	1555.096014
-132.028000	0.000001	1559.201408
-131.976000	0.000001	1563.333292
-131.924000	0.000001	1567.467843
-131.872000	0.000001	1571.627040
-131.820000	0.000001	1575.790874
-131.768000	0.000001	1579.977246
-131.716000	0.000001	1584.170354
-131.664000	0.000001	1588.383905
-131.612000	0.000001	1592.607877
-131.560000	0.000001	1596.853834
-131.508000	0.000001	1601.108717
-131.456000	0.000001	1605.376629
-131.404000	0.000001	1609.659929
-131.352000	0.000001	1613.960309
-131.300000	0.000001	1618.275629
-131.248000	0.000001	1622.603251
-131.196000	0.000001	1626.947750
-131.144000	0.000001	1631.302609
-131.092000	0.000001	1635.679893
-131.040000	0.000001	1640.067216
-130.988000	0.000001	1644.475294
-130.936000	0.000001	1648.889849
-130.884000	0.000001	1653.327098
-130.832000	0.000001	1657.768878
-130.780000	0.000001	1662.235293
-130.728000	0.000001	1666.704296
-130.676000	0.000001	1671.205098
-130.624000	0.000001	1675.708950
-130.572000	0.000001	1680.242147
-130.520000	0.000001	1684.779261
-130.468000	0.000001	1689.334365
-130.416000	0.000001	1693.898699
-130.364000	0.000001	1698.491395
-130.312000	0.000001	1703.092998
-130.260000	0.000001	1707.712828
-130.208000	0.000001	1712.343649
-130.156000	0.000001	1716.990620
-130.104000	0.000001	1721.653069
-130.052000	0.000001	1726.332461
-130.000000	0.000001	1731.029684
-129.948000	0.000001	1735.741503
-129.896000	0.000001	1740.470268
-129.844000	0.000001	1745.209277
-129.792000	0.000001	1749.970806
-129.740000	0.000001	1754.742231
-129.688000	0.000001	1759.534487
-129.636000	0.000001	1764.333096
-129.584000	0.000001	1769.163355
-129.532000	0.000001	1773.999599
-129.480000	0.000001	1778.860561
-129.428000	0.000001	1783.724089
-129.376000	0.000001	1788.619308
-129.324000	0.000001	1793.517238
-129.272000	0.000001	1798.439551
-129.220000	0.000001	1803.368318
-129.168000	0.000001	1808.328181
-129.116000	0.000001	1813.294936
-129.064000	0.000001	1818.281888
-129.012000	0.000001	1823.281087
-128.960000	0.000001	1828.305586
-128.908000	0.000001	1833.341145
-128.856000	0.000001	1838.392740
-128.804000	0.000001	1843.459900
-128.752000	0.000001	1848.543872
-128.700000	0.000001	1853.645757
-128.648000	0.000001	1858.762101
-128.596000	0.000001	1863.901958
-128.544000	0.000001	1869.055904
-128.492000	0.000001	1874.228807
-128.440000	0.000001	1879.409889
-128.388000	0.000001	1884.615933
-128.336000	0.000001	1889.829376
-128.284000	0.000001	1895.074595
-128.232000	0.000001	1900.325628
-128.180000	0.000001	1905.601456
-128.128000	0.000001	1910.879889
-128.076000	0.000001	1916.195047
-128.024000	0.000001	1921.513443
-127.972000	0.000001	1926.860878
-127.920000	0.000001	1932.214042
-127.868000	0.000001	1937.593755
-127.816000	0.000001	1942.981685
-127.764000	0.000001	1948.393665
-127.712000	0.000001	1953.818009
-127.660000	0.000001	1959.267492
-127.608000	0.000001	1964.730163
-127.556000	0.000001	1970.211924
-127.504000	0.000001	1975.711795
-127.452000	0.000001	1981.231110
-127.400000	0.000001	1986.765557
-127.348000	0.000001	1992.311969
-127.296000	0.000001	1997.882003
-127.244000	0.000001	2003.465964
-127.192000	0.000001	2009.076303
-127.140000	0.000001	2014.697808
-127.088000	0.000001	2020.344368
-127.036000	0.000001	2025.998181
-126.984000	0.000001	2031.683889
-126.932000	0.000001	2037.375241
-126.880000	0.000001	2043.096357
-126.828000	0.000001	2048.820381
-126.776000	0.000001	2054.575785
-126.724000	0.000001	2060.335462
-126.672000	0.000001	2066.133555
-126.620000	0.000001	2071.936607
-126.568000	0.000001	2077.761695
-126.516000	0.000001	2083.597644
-126.464000	0.000001	2089.465417
-126.412000	0.000001	2095.343990
-126.360000	0.000001	2101.243987
-126.308000	0.000001	2107.159341
-126.256000	0.000001	2113.096799
-126.204000	0.000001	2119.049984
-126.152000	0.000001	2125.019717
-126.100000	0.000001	2131.010422
-126.048000	0.000001	2137.017659
-125.996000	0.000001	2143.048626
-125.944000	0.000001	2149.093358
-125.892000	0.000001	2155.164583
-125.840000	0.000001	2161.246812
-125.788000	0.000001	2167.358291
-125.736000	0.000001	2173.478006
-125.684000	0.000001	2179.629737
-125.632000	0.000001	2185.786939
-125.580000	0.000001	2191.974007
-125.528000	0.000001	2198.164041
-125.476000	0.000001	2204.390448
-125.424000	0.000001	2210.621274
-125.372000	0.000001	2216.890325
-125.320000	0.000001	2223.165305
-125.268000	0.000001	2229.466533
-125.216000	0.000001	2235.777468
-125.164000	0.000001	2242.116101
-125.112000	0.000001	2248.469026
-125.060000	0.000001	2254.850293
-125.008000	0.000001	2261.244926
-124.956000	0.000001	2267.658383
-124.904000	0.000001	2274.092663
-124.852000	0.000001	2280.548805
-124.800000	0.000001	2287.023114
-124.748000	0.000001	2293.511475
-124.696000	0.000001	2300.026995
-124.644000	0.000001	2306.558035
-124.592000	0.000001	2313.115681
-124.540000	0.000001	2319.684162
-124.488000	0.000001	2326.282014
-124.436000	0.000001	2332.887933
-124.384000	0.000001	2339.530516
-124.332000	0.000001	2346.179100
-124.280000	0.000001	2352.857653
-124.228000	0.000001	2359.539277
-124.176000	0.000001	2366.262224
-124.124000	0.000001	2372.989229
-124.072000	0.000001	2379.749539
-124.020000	0.000001	2386.517705
-123.968000	0.000001	2393.320610
-123.916000	0.000001	2400.133340
-123.864000	0.000001	2406.973601
-123.812000	0.000001	2413.826570
-123.760000	0.000001	2420.704193
-123.708000	0.000001	2427.599518
-123.656000	0.000001	2434.519739
-123.604000	0.000001	2441.458383
-123.552000	0.000001	2448.416012
-123.500000	0.000001	2455.394829
-123.448000	0.000001	2462.389857
-123.396000	0.000001	2469.412177
-123.344000	0.000001	2476.449833
-123.292000	0.000001	2483.517952
-123.240000	0.000001	2490.598232
-123.188000	0.000001	2497.708000
-123.136000	0.000001	2504.825666
-123.084000	0.000001	2511.980140
-123.032000	0.000001	2519.140422
-122.980000	0.000001	2526.335732
-122.928000	0.000001	2533.534411
-122.876000	0.000001	2540.774214
-122.824000	0.000001	2548.018200
-122.772000	0.000001	2555.295324
-122.720000	0.000001	2562.580447
-122.668000	0.000001	2569.900114
-122.616000	0.000001	2577.231065
-122.564000	0.000001	2584.593276
-122.512000	0.000001	2591.970053
-122.460000	0.000001	2599.374807
-122.408000	0.000001	2606.795253
-122.356000	0.000001	2614.237338
-122.304000	0.000001	2621.700501
-122.252000	0.000001	2629.185170
-122.200000	0.000001	2636.691138
-122.148000	0.000001	2644.213161
-122.096000	0.000001	2651.765968
-122.044000	0.000001	2659.335797
-121.992000	0.000001	2666.932466
-121.940000	0.000001	2674.539642
-121.888000	0.000001	2682.180594
-121.836000	0.000001	2689.830342
-121.784000	0.000001	2697.517040
-121.732000	0.000001	2705.209352
-121.680000	0.000001	2712.941797
-121.628000	0.000001	2720.677866
-121.576000	0.000001	2728.454858
-121.524000	0.000001	2736.236160
-121.472000	0.000001	2744.050431
-121.420000	0.000001	2751.873803
-121.368000	0.000001	2759.735804
-121.316000	0.000001	2767.607869
-121.264000	0.000001	2775.507138
-121.212000	0.000001	2783.422877
-121.160000	0.000001	2791.369880
-121.108000	0.000001	2799.332688
-121.056000	0.000001	2807.316975
-121.004000	0.000001	2815.322469
-120.952000	0.000001	2823.349293
-120.900000	0.000001	2831.403480
-120.848000	0.000001	2839.478071
-120.796000	0.000001	2847.576846
-120.744000	0.000001	2855.688741
-120.692000	0.000001	2863.835161
-120.640000	0.000001	2871.994812
-120.588000	0.000001	2880.184197
-120.536000	0.000001	2888.381144
-120.484000	0.000001	2896.619783
-120.432000	0.000001	2904.864480
-120.380000	0.000001	2913.149457
-120.328000	0.000001	2921.438036
-120.276000	0.000001	2929.767349
-120.224000	0.000001	2938.101674
-120.172000	0.000001	2946.473449
-120.120000	0.000001	2954.853514
-120.068000	0.000001	2963.267747
-120.016000	0.000001	2971.693548
-119.964000	0.000001	2980.150239
-119.912000	0.000001	2988.621776
-119.860000	0.000001	2997.120928
-119.808000	0.000001	3005.640380
-119.756000	0.000001	3014.187233
-119.704000	0.000001	3022.755428
-119.652000	0.000001	3031.344778
-119.600000	0.000001	3039.955650
-119.548000	0.000001	3048.582261
-119.496000	0.000001	3057.243377
-119.444000	0.000001	3065.922933
-119.392000	0.000001	3074.629567
-119.340000	0.000001	3083.346379
-119.288000	0.000001	3092.101468
-119.236000	0.000001	3100.865992
-119.184000	0.000001	3109.663149
-119.132000	0.000001	3118.464919
-119.080000	0.000001	3127.312140
-119.028000	0.000001	3136.163345
-118.976000	0.000001	3145.060122
-118.924000	0.000001	3153.961466
-118.872000	0.000001	3162.895441
-118.820000	0.000001	3171.838853
-118.768000	0.000001	3180.820476
-118.716000	0.000001	3189.813811
-118.664000	0.000001	3198.837850
-118.612000	0.000001	3207.878682
-118.560000	0.000001	3216.950369
-118.508000	0.000001	3226.038092
-118.456000	0.000001	3235.146985
-118.404000	0.000001	3244.279969
-118.352000	0.000001	3253.436546
-118.300000	0.000001	3262.620800
-118.248000	0.000001	3271.825054
-118.196000	0.000001	3281.053726
-118.144000	0.000001	3290.295194
-118.092000	0.000001	3299.571517
-118.040000	0.000001	3308.860657
-117.988000	0.000001	3318.184010
-117.936000	0.000001	3327.515590
-117.884000	0.000001	3336.889205
-117.832000	0.000001	3346.268451
-117.780000	0.000001	3355.683239
-117.728000	0.000001	3365.101611
-117.676000	0.000001	3374.565346
-117.624000	0.000001	3384.035013
-117.572000	0.000001	3393.546361
-117.520000	0.000001	3403.065274
-117.468000	0.000001	3412.613776
-117.416000	0.000001	3422.175562
-117.364000	0.000001	3431.771671
-117.312000	0.000001	3441.382910
-117.260000	0.000001	3451.021400
-117.208000	0.000001	3460.680513
-117.156000	0.000001	3470.366632
-117.104000	0.000001	3480.074361
-117.052000	0.000001	3489.802891
-117.000000	0.000001	3499.556219
-116.948000	0.000001	3509.327156
-116.896000	0.000001	3519.126079
-116.844000	0.000001	3528.939421
-116.792000	0.000001	3538.787787
-116.740000	0.000001	3548.648763
-116.688000	0.000001	3558.539846
-116.636000	0.000001	3568.437991
-116.584000	0.000001	3578.378342
-116.532000	0.000001	3588.324112
-116.480000	0.000001	3598.315681
-116.428000	0.000001	3608.310723
-116.376000	0.000001	3618.340927
-116.324000	0.000001	3628.377238
-116.272000	0.000001	3638.455017
-116.220000	0.000001	3648.541533
-116.168000	0.000001	3658.661659
-116.116000	0.000001	3668.793791
-116.064000	0.000001	3678.956263
-116.012000	0.000001	3689.135859
-115.960000	0.000001	3699.345902
-115.908000	0.000001	3709.572221
-115.856000	0.000001	3719.819399
-115.804000	0.000001	3730.090985
-115.752000	0.000001	3740.385763
-115.700000	0.000001	3750.705481
-115.648000	0.000001	3761.042632
-115.596000	0.000001	3771.407912
-115.544000	0.000001	3781.787429
-115.492000	0.000001	3792.198267
-115.440000	0.000001	3802.620148
-115.388000	0.000001	3813.076542
-115.336000	0.000001	3823.540788
-115.284000	0.000001	3834.042733
-115.232000	0.000001	3844.549334
-115.180000	0.000001	3855.096831
-115.128000	0.000001	3865.647851
-115.076000	0.000001	3876.238834
-115.024000	0.000001	3886.835438
-114.972000	0.000001	3897.468732
-114.920000	0.000001	3908.111979
-114.868000	0.000001	3918.792816
-114.816000	0.000001	3929.484338
-114.764000	0.000001	3940.202254
-114.712000	0.000001	3950.935590
-114.660000	0.000001	3961.695818
-114.608000	0.000001	3972.474720
-114.556000	0.000001	3983.277276
-114.504000	0.000001	3994.101722
-114.452000	0.000001	4004.946616
-114.400000	0.000001	4015.813508
-114.348000	0.000001	4026.695509
-114.296000	0.000001	4037.609273
-114.244000	0.000001	4048.538833
-114.192000	0.000001	4059.495968
-114.140000	0.000001	4070.462627
-114.088000	0.000001	4081.463948
-114.036000	0.000001	4092.472933
-113.984000	0.000001	4103.519774
-113.932000	0.000001	4114.571082
-113.880000	0.000001	4125.658338
-113.828000	0.000001	4136.748975
-113.776000	0.000001	4147.879384
-113.724000	0.000001	4159.015568
-113.672000	0.000001	4170.188258
-113.620000	0.000001	4181.368900
-113.568000	0.000001	4192.578640
-113.516000	0.000001	4203.800683
-113.464000	0.000001	4215.052700
-113.412000	0.000001	4226.318389
-113.360000	0.000001	4237.607456
-113.308000	0.000001	4248.915343
-113.256000	0.000001	4260.246707
-113.204000	0.000001	4271.597401
-113.152000	0.000001	4282.965840
-113.100000	0.000001	4294.359506
-113.048000	0.000001	4305.770246
-112.996000	0.000001	4317.205898
-112.944000	0.000001	4328.653706
-112.892000	0.000001	4340.129219
-112.840000	0.000001	4351.614093
-112.788000	0.000001	4363.129462
-112.736000	0.000001	4374.651397
-112.684000	0.000001	4386.211347
-112.632000	0.000001	4397.775575
-112.580000	0.000001	4409.375883
-112.528000	0.000001	4420.979276
-112.476000	0.000001	4432.617326
-112.424000	0.000001	4444.260603
-112.372000	0.000001	4455.935675
-112.320000	0.000001	4467.618831
-112.268000	0.000001	4479.330923
-112.216000	0.000001	4491.052444
-112.164000	0.000001	4502.796322
-112.112000	0.000001	4514.555916
-112.060000	0.000001	4526.342047
-112.008000	0.000001	4538.144823
-111.956000	0.000001	4549.967989
-111.904000	0.000001	4561.807883
-111.852000	0.000001	4573.662862
-111.800000	0.000001	4585.540088
-111.748000	0.000001	4597.432107
-111.696000	0.000001	4609.349166
-111.644000	0.000001	4621.278220
-111.592000	0.000001	4633.235111
-111.540000	0.000001	4645.201203
-111.488000	0.000001	4657.193582
-111.436000	0.000001	4669.191475
-111.384000	0.000001	4681.218047
-111.332000	0.000001	4693.247740
-111.280000	0.000001	4705.313650
-111.228000	0.000001	4717.382306
-111.176000	0.000001	4729.480549
-111.124000	0.000001	4741.584152
-111.072000	0.000001	4753.719388
-111.020000	0.000001	4765.861710
-110.968000	0.000001	4778.028709
-110.916000	0.000001	4790.205245
-110.864000	0.000001	4802.404002
-110.812000	0.000001	4814.614747
-110.760000	0.000001	4826.845267
-110.708000	0.000001	4839.090217
-110.656000	0.000001	4851.352517
-110.604000	0.000001	4863.631650
-110.552000	0.000001	4875.925734
-110.500000	0.000001	4888.239040
-110.448000	0.000001	4900.564903
-110.396000	0.000001	4912.908826
-110.344000	0.000001	4925.261235
-110.292000	0.000001	4937.641611
-110.240000	0.000001	4950.031027
-110.188000	0.000001	4962.442481
-110.136000	0.000001	4974.858441
-110.084000	0.000001	4987.303195
-110.032000	0.000001	4999.750928
-109.980000	0.000001	5012.224675
-109.928000	0.000001	5024.700669
-109.876000	0.000001	5037.201221
-109.824000	0.000001	5049.706521
-109.772000	0.000001	5062.238809
-109.720000	0.000001	5074.777142
-109.668000	0.000001	5087.335933
-109.616000	0.000001	5099.904373
-109.564000	0.000001	5112.494903
-109.512000	0.000001	5125.093607
-109.460000	0.000001	5137.705412
-109.408000	0.000001	5150.331752
-109.356000	0.000001	5162.975308
-109.304000	0.000001	5175.630266
-109.252000	0.000001	5188.295119
-109.200000	0.000001	5200.976130
-109.148000	0.000001	5213.667505
-109.096000	0.000001	5226.377029
-109.044000	0.000001	5239.094926
-108.992000	0.000001	5251.832961
-108.940000	0.000001	5264.577376
-108.888000	0.000001	5277.339536
-108.836000	0.000001	5290.105239
-108.784000	0.000001	5302.890273
-108.732000	0.000001	5315.677259
-108.680000	0.000001	5328.490358
-108.628000	0.000001	5341.305691
-108.576000	0.000001	5354.145460
-108.524000	0.000001	5366.987780
-108.472000	0.000001	5379.843573
-108.420000	0.000001	5392.704329
-108.368000	0.000001	5405.581372
-108.316000	0.000001	5418.466596
-108.264000	0.000001	5431.370119
-108.212000	0.000001	5444.279899
-108.160000	0.000001	5457.199445
-108.108000	0.000001	5470.128862
-108.056000	0.000001	5483.069676
-108.004000	0.000001	5496.021954
-107.952000	0.000001	5508.984037
-107.900000	0.000001	5521.955977
-107.848000	0.000001	5534.934100
-107.796000	0.000001	5547.926861
-107.744000	0.000001	5560.926248
-107.692000	0.000001	5573.937862
-107.640000	0.000001	5586.953284
-107.588000	0.000001	5599.986520
-107.536000	0.000001	5613.023200
-107.484000	0.000001	5626.069667
-107.432000	0.000001	5639.117149
-107.380000	0.000001	5652.185627
-107.328000	0.000001	5665.255145
-107.276000	0.000001	5678.334454
-107.224000	0.000001	5691.416365
-107.172000	0.000001	5704.511676
-107.120000	0.000001	5717.610823
-107.068000	0.000001	5730.722131
-107.016000	0.000001	5743.838511
-106.964000	0.000001	5756.965820
-106.912000	0.000001	5770.097426
-106.860000	0.000001	5783.235501
-106.808000	0.000001	5796.378696
-106.756000	0.000001	5809.527560
-106.704000	0.000001	5822.685140
-106.652000	0.000001	5835.850017
-106.600000	0.000001	5849.021582
-106.548000	0.000001	5862.197243
-106.496000	0.000001	5875.376755
-106.444000	0.000001	5888.557971
-106.392000	0.000001	5901.751460
-106.340000	0.000001	5914.948683
-106.288000	0.000001	5928.150513
-106.236000	0.000001	5941.353287
-106.184000	0.000001	5954.565876
-106.132000	0.000001	5967.779438
-106.080000	0.000001	5981.003574
-106.028000	0.000001	5994.228308
-105.976000	0.000001	6007.457964
-105.924000	0.000001	6020.688645
-105.872000	0.000001	6033.923819
-105.820000	0.000001	6047.160444
-105.768000	0.000001	6060.401135
-105.716000	0.000001	6073.645324
-105.664000	0.000001	6086.896763
-105.612000	0.000001	6100.148473
-105.560000	0.000001	6113.400203
-105.508000	0.000001	6126.654646
-105.456000	0.000001	6139.911907
-105.404000	0.000001	6153.172265
-105.352000	0.000001	6166.435062
-105.300000	0.000001	6179.698095
-105.248000	0.000001	6192.961192
-105.196000	0.000001	6206.224503
-105.144000	0.000001	6219.487903
-105.092000	0.000001	6232.755535
-105.040000	0.000001	6246.024461
-104.988000	0.000001	6259.293550
-104.936000	0.000001	6272.562773
-104.884000	0.000001	6285.827284
-104.832000	0.000001	6299.091603
-104.780000	0.000001	6312.361238
-104.728000	0.000001	6325.630618
-104.676000	0.000001	6338.895295
-104.624000	0.000001	6352.160172
-104.572000	0.000001	6365.425116
-104.520000	0.000001	6378.690279
-104.468000	0.000001	6391.955491
-104.416000	0.000001	6405.217654
-104.364000	0.000001	6418.472675
-104.312000	0.000001	6431.727950
-104.260000	0.000001	6444.983241
-104.208000	0.000001	6458.236345
-104.156000	0.000001	6471.486690
-104.104000	0.000001	6484.734421
-104.052000	0.000001	6497.979818
-104.000000	0.000001	6511.218916
-103.948000	0.000001	6524.454137
-103.896000	0.000001	6537.685890
-103.844000	0.000001	6550.916159
-103.792000	0.000001	6564.142536
-103.740000	0.000001	6577.367857
-103.688000	0.000001	6590.584383
-103.636000	0.000001	6603.799519
-103.584000	0.000001	6617.005030
-103.532000	0.000001	6630.209879
-103.480000	0.000001	6643.404478
-103.428000	0.000001	6656.598336
-103.376000	0.000001	6669.782724
-103.324000	0.000001	6682.965584
-103.272000	0.000001	6696.139764
-103.220000	0.000001	6709.310365
-103.168000	0.000001	6722.469106
-103.116000	0.000001	6735.624740
-103.064000	0.000001	6748.773271
-103.012000	0.000001	6761.915832
-102.960000	0.000001	6775.048924
-102.908000	0.000001	6788.177316
-102.856000	0.000001	6801.300215
-102.804000	0.000001	6814.411827
-102.752000	0.000001	6827.514068
-102.700000	0.000001	6840.606670
-102.648000	0.000001	6853.693487
-102.596000	0.000001	6866.773114
-102.544000	0.000001	6879.849730
-102.492000	0.000001	6892.906059
-102.440000	0.000001	6905.956784
-102.388000	0.000001	6918.998662
-102.336000	0.000001	6932.039185
-102.284000	0.000001	6945.055342
-102.232000	0.000001	6958.069759
-102.180000	0.000001	6971.068798
-102.128000	0.000001	6984.066091
-102.076000	0.000001	6997.044445
-102.024000	0.000001	7010.019457
-101.972000	0.000001	7022.977127
-101.920000	0.000001	7035.928572
-101.868000	0.000001	7048.860324
-101.816000	0.000001	7061.785536
-101.764000	0.000001	7074.696602
-101.712000	0.000001	7087.599526
-101.660000	0.000001	7100.489906
-101.608000	0.000001	7113.365544
-101.556000	0.000001	7126.224792
-101.504000	0.000001	7139.075550
-101.452000	0.000001	7151.919355
-101.400000	0.000001	7164.743530
-101.348000	0.000001	7177.556201
-101.296000	0.000001	7190.350504
-101.244000	0.000001	7203.137268
-101.192000	0.000001	7215.899515
-101.140000	0.000001	7228.655143
-101.088000	0.000001	7241.392838
-101.036000	0.000001	7254.127785
-100.984000	0.000001	7266.833326
-100.932000	0.000001	7279.536572
-100.880000	0.000001	7292.209090
-100.828000	0.000001	7304.878773
-100.776000	0.000001	7317.520129
-100.724000	0.000001	7330.156243
-100.672000	0.000001	7342.766437
-100.620000	0.000001	7355.370286
-100.568000	0.000001	7367.954548
-100.516000	0.000001	7380.527043
-100.464000	0.000001	7393.074913
-100.412000	0.000001	7405.608201
-100.360000	0.000001	7418.119684
-100.308000	0.000001	7430.616277
-100.256000	0.000001	7443.096611
-100.204000	0.000001	7455.559611
-100.152000	0.000001	7468.008793
-100.100000	0.000001	7480.431549
-100.048000	0.000001	7492.839120
-99.996000	0.000001	7505.224473
-99.944000	0.000001	7517.600893
-99.892000	0.000001	7529.944385
-99.840000	0.000001	7542.279191
-99.788000	0.000001	7554.586892
-99.736000	0.000001	7566.890541
-99.684000	0.000001	7579.154763
-99.632000	0.000001	7591.415874
-99.580000	0.000001	7603.636150
-99.528000	0.000001	7615.852930
-99.476000	0.000001	7628.036802
-99.424000	0.000001	7640.213445
-99.372000	0.000001	7652.355765
-99.320000	0.000001	7664.489041
-99.268000	0.000001	7676.595029
-99.216000	0.000001	7688.685622
-99.164000	0.000001	7700.744743
-99.112000	0.000001	7712.786980
-99.060000	0.000001	7724.804468
-99.008000	0.000001	7736.801843
-98.956000	0.000001	7748.777709
-98.904000	0.000001	7760.727268
-98.852000	0.000001	7772.656276
-98.800000	0.000001	7784.558673
-98.748000	0.000001	7796.446057
-98.696000	0.000001	7808.299827
-98.644000	0.000001	7820.140350
-98.592000	0.000001	7831.943610
-98.540000	0.000001	7843.737277
-98.488000	0.000001	7855.494582
-98.436000	0.000001	7867.246616
-98.384000	0.000001	7878.949118
-98.332000	0.000001	7890.647832
-98.280000	0.000001	7902.300786
-98.228000	0.000001	7913.949002
-98.176000	0.000001	7925.555073
-98.124000	0.000001	7937.152786
-98.072000	0.000001	7948.711980
-98.020000	0.000001	7960.257846
-97.968000	0.000001	7971.764927
-97.916000	0.000001	7983.254654
-97.864000	0.000001	7994.709626
-97.812000	0.000001	8006.143215
-97.760000	0.000001	8017.546084
-97.708000	0.000001	8028.926089
-97.656000	0.000001	8040.282087
-97.604000	0.000001	8051.608605
-97.552000	0.000001	8062.912503
-97.500000	0.000001	8074.179497
-97.448000	0.000001	8085.426066
-97.396000	0.000001	8096.635040
-97.344000	0.000001	8107.829505
-97.292000	0.000001	8118.982322
-97.240000	0.000001	8130.124686
-97.188000	0.000001	8141.216764
-97.136000	0.000001	8152.301792
-97.084000	0.000001	8163.337060
-97.032000	0.000001	8174.368238
-96.980000	0.000001	8185.343703
-96.928000	0.000001	8196.313664
-96.876000	0.000001	8207.237007
-96.824000	0.000001	8218.148888
-96.772000	0.000001	8229.009646
-96.720000	0.000001	8239.856850
-96.668000	0.000001	8250.665486
-96.616000	0.000001	8261.452990
-96.564000	0.000001	8272.199045
-96.512000	0.000001	8282.923486
-96.460000	0.000001	8293.617419
-96.408000	0.000001	8304.280535
-96.356000	0.000001	8314.911898
-96.304000	0.000001	8325.507579
-96.252000	0.000001	8336.076371
-96.200000	0.000001	8346.608006
-96.148000	0.000001	8357.119451
-96.096000	0.000001	8367.589282
-96.044000	0.000001	8378.043383
-95.992000	0.000001	8388.447211
-95.940000	0.000001	8398.838734
-95.888000	0.000001	8409.175123
-95.836000	0.000001	8419.504070
-95.784000	0.000001	8429.773020
-95.732000	0.000001	8440.037405
-95.680000	0.000001	8450.246308
-95.628000	0.000001	8460.447729
-95.576000	0.000001	8470.588810
-95.524000	0.000001	8480.718158
-95.472000	0.000001	8490.796642
-95.420000	0.000001	8500.858560
-95.368000	0.000001	8510.874450
-95.316000	0.000001	8520.868938
-95.264000	0.000001	8530.822232
-95.212000	0.000001	8540.749284
-95.160000	0.000001	8550.639987
-95.108000	0.000001	8560.496994
-95.056000	0.000001	8570.319885
-95.004000	0.000001	8580.106819
-94.952000	0.000001	8589.867123
-94.900000	0.000001	8599.583197
-94.848000	0.000001	8609.275686
-94.796000	0.000001	8618.918678
-94.744000	0.000001	8628.543347
-94.692000	0.000001	8638.117476
-94.640000	0.000001	8647.679559
-94.588000	0.000001	8657.181610
-94.536000	0.000001	8666.675870
-94.484000	0.000001	8676.109864
-94.432000	0.000001	8685.538703
-94.380000	0.000001	8694.897214
-94.328000	0.000001	8704.248561
-94.276000	0.000001	8713.544462
-94.224000	0.000001	8722.826344
-94.172000	0.000001	8732.049182
-94.120000	0.000001	8741.255184
-94.068000	0.000001	8750.415414
-94.016000	0.000001	8759.550336
-93.964000	0.000001	8768.637503
-93.912000	0.000001	8777.695934
-93.860000	0.000001	8786.715267
-93.808000	0.000001	8795.703236
-93.756000	0.000001	8804.659974
-93.704000	0.000001	8813.571396
-93.652000	0.000001	8822.449846
-93.600000	0.000001	8831.287208
-93.548000	0.000001	8840.103060
-93.496000	0.000001	8848.865285
-93.444000	0.000001	8857.608077
-93.392000	0.000001	8866.295815
-93.340000	0.000001	8874.970775
-93.288000	0.000001	8883.580771
-93.236000	0.000001	8892.182671
-93.184000	0.000001	8900.718986
-93.132000	0.000001	8909.250140
-93.080000	0.000001	8917.716272
-93.028000	0.000001	8926.173716
-92.976000	0.000001	8934.566769
-92.924000	0.000001	8942.945490
-92.872000	0.000001	8951.265469
-92.820000	0.000001	8959.566907
-92.768000	0.000001	8967.819036
-92.716000	0.000001	8976.045542
-92.664000	0.000001	8984.224596
-92.612000	0.000001	8992.374620
-92.560000	0.000001	9000.485832
-92.508000	0.000001	9008.560111
-92.456000	0.000001	9016.598255
-92.404000	0.000001	9024.593797
-92.352000	0.000001	9032.558873
-92.300000	0.000001	9040.479134
-92.248000	0.000001	9048.376369
-92.196000	0.000001	9056.219666
-92.144000	0.000001	9064.043831
-92.092000	0.000001	9071.808389
-92.040000	0.000001	9079.559483
-91.988000	0.000001	9087.245299
-91.936000	0.000001	9094.923319
-91.884000	0.000001	9102.535466
-91.832000	0.000001	9110.142200
-91.780000	0.000001	9117.679206
-91.728000	0.000001	9125.207212
-91.676000	0.000001	9132.671131
-91.624000	0.000001	9140.121459
-91.572000	0.000001	9147.517519
-91.520000	0.000001	9154.893290
-91.468000	0.000001	9162.216266
-91.416000	0.000001	9169.511443
-91.364000	0.000001	9176.756099
-91.312000	0.000001	9183.973700
-91.260000	0.000001	9191.155737
-91.208000	0.000001	9198.297857
-91.156000	0.000001	9205.401584
-91.104000	0.000001	9212.465469
-91.052000	0.000001	9219.501347
-91.000000	0.000001	9226.488640
-90.948000	0.000001	9233.451436
-90.896000	0.000001	9240.359981
-90.844000	0.000001	9247.249697
-90.792000	0.000001	9254.079494
-90.740000	0.000001	9260.896128
-90.688000	0.000001	9267.651864
-90.636000	0.000001	9274.400644
-90.584000	0.000001	9281.078169
-90.532000	0.000001	9287.750388
-90.480000	0.000001	9294.358137
-90.428000	0.000001	9300.956576
-90.376000	0.000001	9307.491228
-90.324000	0.000001	9314.010923
-90.272000	0.000001	9320.472480
-90.220000	0.000001	9326.913434
-90.168000	0.000001	9333.301895
-90.116000	0.000001	9339.665990
-90.064000	0.000001	9345.986581
-90.012000	0.000001	9352.277561
-89.960000	0.000001	9358.530295
-89.908000	0.000001	9364.745466
-89.856000	0.000001	9370.925107
-89.804000	0.000001	9377.061520
-89.752000	0.000001	9383.168074
-89.700000	0.000001	9389.229231
-89.648000	0.000001	9395.267925
-89.596000	0.000001	9401.255957
-89.544000	0.000001	9407.226786
-89.492000	0.000001	9413.137385
-89.440000	0.000001	9419.035124
-89.388000	0.000001	9424.871676
-89.336000	0.000001	9430.701551
-89.284000	0.000001	9436.464975
-89.232000	0.000001	9442.222934
-89.180000	0.000001	9447.911766
-89.128000	0.000001	9453.591670
-89.076000	0.000001	9459.212625
-89.024000	0.000001	9464.819411
-88.972000	0.000001	9470.372489
-88.920000	0.000001	9475.906156
-88.868000	0.000001	9481.391358
-88.816000	0.000001	9486.851904
-88.764000	0.000001	9492.269230
-88.712000	0.000001	9497.654344
-88.660000	0.000001	9502.998570
-88.608000	0.000001	9508.310347
-88.556000	0.000001	9513.591934
-88.504000	0.000001	9518.833097
-88.452000	0.000001	9524.046817
-88.400000	0.000001	9529.214848
-88.348000	0.000001	9534.360694
-88.296000	0.000001	9539.455591
-88.244000	0.000001	9544.533566
-88.192000	0.000001	9549.559660
-88.140000	0.000001	9554.574996
-88.088000	0.000001	9559.528854
-88.036000	0.000001	9564.476316
-87.984000	0.000001	9569.357039
-87.932000	0.000001	9574.232893
-87.880000	0.000001	9579.049757
-87.828000	0.000001	9583.857407
-87.776000	0.000001	9588.606385
-87.724000	0.000001	9593.340905
-87.672000	0.000001	9598.021999
-87.620000	0.000001	9602.686437
-87.568000	0.000001	9607.310103
-87.516000	0.000001	9611.908823
-87.464000	0.000001	9616.464609
-87.412000	0.000001	9620.992530
-87.360000	0.000001	9625.485664
-87.308000	0.000001	9629.946081
-87.256000	0.000001	9634.376568
-87.204000	0.000001	9638.766339
-87.152000	0.000001	9643.128948
-87.100000	0.000001	9647.452665
-87.048000	0.000001	9651.757855
-86.996000	0.000001	9656.015751
-86.944000	0.000001	9660.258288
-86.892000	0.000001	9664.448675
-86.840000	0.000001	9668.628563
-86.788000	0.000001	9672.751441
-86.736000	0.000001	9676.868678
-86.684000	0.000001	9680.924046
-86.632000	0.000001	9684.974966
-86.580000	0.000001	9688.972050
-86.528000	0.000001	9692.961104
-86.476000	0.000001	9696.900752
-86.424000	0.000001	9700.826795
-86.372000	0.000001	9704.703782
-86.320000	0.000001	9708.562322
-86.268000	0.000001	9712.376644
-86.216000	0.000001	9716.171577
-86.164000	0.000001	9719.933698
-86.112000	0.000001	9723.667688
-86.060000	0.000001	9727.367152
-86.008000	0.000001	9731.036387
-85.956000	0.000001	9734.678424
-85.904000	0.000001	9738.285776
-85.852000	0.000001	9741.870384
-85.800000	0.000001	9745.415854
-85.748000	0.000001	9748.943036
-85.696000	0.000001	9752.426624
-85.644000	0.000001	9755.896376
-85.592000	0.000001	9759.318081
-85.540000	0.000001	9762.730402
-85.488000	0.000001	9766.095001
-85.436000	0.000001	9769.455123
-85.384000	0.000001	9772.758291
-85.332000	0.000001	9776.057434
-85.280000	0.000001	9779.307849
-85.228000	0.000001	9782.550749
-85.176000	0.000001	9785.748954
-85.124000	0.000001	9788.934450
-85.072000	0.000001	9792.075214
-85.020000	0.000001	9795.200398
-84.968000	0.000001	9798.288951
-84.916000	0.000001	9801.357889
-84.864000	0.000001	9804.394230
-84.812000	0.000001	9807.404546
-84.760000	0.000001	9810.383451
-84.708000	0.000001	9813.337438
-84.656000	0.000001	9816.269371
-84.604000	0.000001	9819.169554
-84.552000	0.000001	9822.049277
-84.500000	0.000001	9824.896791
-84.448000	0.000001	9827.729540
-84.396000	0.000001	9830.518450
-84.344000	0.000001	9833.293760
-84.292000	0.000001	9836.033963
-84.240000	0.000001	9838.767527
-84.188000	0.000001	9841.453143
-84.136000	0.000001	9844.134496
-84.084000	0.000001	9846.763856
-84.032000	0.000001	9849.389613
-83.980000	0.000001	9851.971708
-83.928000	0.000001	9854.546847
-83.876000	0.000001	9857.081956
-83.824000	0.000001	9859.607664
-83.772000	0.000001	9862.101012
-83.720000	0.000001	9864.578556
-83.668000	0.000001	9867.019686
-83.616000	0.000001	9869.442970
-83.564000	0.000001	9871.837112
-83.512000	0.000002	9874.212172
-83.460000	0.000002	9876.564561
-83.408000	0.000002	9878.891827
-83.356000	0.000002	9881.197234
-83.304000	0.000002	9883.473871
-83.252000	0.000002	9885.732292
-83.200000	0.000002	9887.961908
-83.148000	0.000002	9890.178575
-83.096000	0.000002	9892.363196
-83.044000	0.000002	9894.538108
-82.992000	0.000002	9896.677732
-82.940000	0.000002	9898.810886
-82.888000	0.000002	9900.900694
-82.836000	0.000002	9902.986863
-82.784000	0.000002	9905.031272
-82.732000	0.000002	9907.072905
-82.680000	0.000002	9909.080718
-82.628000	0.000002	9911.082178
-82.576000	0.000002	9913.048220
-82.524000	0.000002	9915.004686
-82.472000	0.000002	9916.928985
-82.420000	0.000002	9918.840475
-82.368000	0.000002	9920.722977
-82.316000	0.000002	9922.591467
-82.264000	0.000002	9924.437457
-82.212000	0.000002	9926.264184
-82.160000	0.000002	9928.068410
-82.108000	0.000002	9929.852954
-82.056000	0.000002	9931.620645
-82.004000	0.000002	9933.365830
-81.952000	0.000002	9935.097013
-81.900000	0.000002	9936.802825
-81.848000	0.000002	9938.497444
-81.796000	0.000002	9940.163888
-81.744000	0.000002	9941.821999
-81.692000	0.000002	9943.444622
-81.640000	0.000002	9945.060939
-81.588000	0.000002	9946.648252
-81.536000	0.000002	9948.233192
-81.484000	0.000002	9949.786868
-81.432000	0.000002	9951.337235
-81.380000	0.000002	9952.849134
-81.328000	0.000002	9954.356974
-81.276000	0.000002	9955.842786
-81.224000	0.000002	9957.318840
-81.172000	0.000002	9958.762876
-81.120000	0.000002	9960.198829
-81.068000	0.000002	9961.616806
-81.016000	0.000002	9963.020600
-80.964000	0.000002	9964.402005
-80.912000	0.000002	9965.768856
-80.860000	0.000002	9967.118978
-80.808000	0.000002	9968.452093
-80.756000	0.000002	9969.770876
-80.704000	0.000002	9971.070244
-80.652000	0.000002	9972.357744
-80.600000	0.000002	9973.623382
-80.548000	0.000002	9974.879569
-80.496000	0.000002	9976.115519
-80.444000	0.000002	9977.345623
-80.392000	0.000002	9978.549002
-80.340000	0.000002	9979.747794
-80.288000	0.000002	9980.917427
-80.236000	0.000002	9982.084716
-80.184000	0.000002	9983.226084
-80.132000	0.000002	9984.364855
-80.080000	0.000002	9985.474879
-80.028000	0.000002	9986.581575
-79.976000	0.000002	9987.670734
-79.924000	0.000002	9988.752461
-79.872000	0.000002	9989.810327
-79.820000	0.000002	9990.859986
-79.768000	0.000002	9991.891733
-79.716000	0.000002	9992.911211
-79.664000	0.000002	9993.911665
-79.612000	0.000002	9994.902344
-79.560000	0.000002	9995.881942
-79.508000	0.000002	9996.850139
-79.456000	0.000002	9997.808879
-79.404000	0.000002	9998.748043
-79.352000	0.000002	9999.675439
-79.300000	0.000002	10000.588201
-79.248000	0.000002	10001.494767
-79.196000	0.000002	10002.380982
-79.144000	0.000002	10003.261460
-79.092000	0.000002	10004.124040
-79.040000	0.000002	10004.983660
-78.988000	0.000002	10005.818871
-78.936000	0.000002	10006.652163
-78.884000	0.000002	10007.464786
-78.832000	0.000002	10008.275602
-78.780000	0.000002	10009.067384
-78.728000	0.000002	10009.854883
-78.676000	0.000002	10010.620541
-78.624000	0.000002	10011.382444
-78.572000	0.000002	10012.132465
-78.520000	0.000002	10012.874172
-78.468000	0.000002	10013.598097
-78.416000	0.000002	10014.315857
-78.364000	0.000002	10015.024174
-78.312000	0.000002	10015.722614
-78.260000	0.000002	10016.410042
-78.208000	0.000002	10017.085978
-78.156000	0.000002	10017.752544
-78.104000	0.000002	10018.409299
-78.052000	0.000002	10019.060259
-78.000000	0.000002	10019.692769
-77.948000	0.000002	10020.317609
-77.896000	0.000002	10020.934284
-77.844000	0.000002	10021.548721
-77.792000	0.000002	10022.145189
-77.740000	0.000002	10022.738790
-77.688000	0.000002	10023.312757
-77.636000	0.000002	10023.885303
-77.584000	0.000002	10024.447586
-77.532000	0.000002	10025.007975
-77.480000	0.000002	10025.549363
-77.428000	0.000002	10026.088134
-77.376000	0.000002	10026.613905
-77.324000	0.000002	10027.134557
-77.272000	0.000002	10027.639430
-77.220000	0.000002	10028.140974
-77.168000	0.000002	10028.635463
-77.116000	0.000002	10029.123704
-77.064000	0.000002	10029.602526
-77.012000	0.000002	10030.073893
-76.960000	0.000002	10030.537078
-76.908000	0.000002	10030.991601
-76.856000	0.000002	10031.439176
-76.804000	0.000002	10031.880158
-76.752000	0.000002	10032.317298
-76.700000	0.000002	10032.743340
-76.648000	0.000002	10033.164870
-76.596000	0.000002	10033.574049
-76.544000	0.000002	10033.979914
-76.492000	0.000002	10034.376750
-76.440000	0.000002	10034.772205
-76.388000	0.000002	10035.152910
-76.336000	0.000002	10035.532548
-76.284000	0.000002	10035.901915
-76.232000	0.000002	10036.269801
-76.180000	0.000002	10036.623518
-76.128000	0.000002	10036.976373
-76.076000	0.000002	10037.324903
-76.024000	0.000002	10037.669542
-75.972000	0.000002	10038.002427
-75.920000	0.000002	10038.330211
-75.868000	0.000002	10038.647450
-75.816000	0.000002	10038.962625
-75.764000	0.000002	10039.274680
-75.712000	0.000002	10039.581738
-75.660000	0.000002	10039.883382
-75.608000	0.000002	10040.176282
-75.556000	0.000002	10040.462285
-75.504000	0.000002	10040.744994
-75.452000	0.000002	10041.025814
-75.400000	0.000002	10041.299190
-75.348000	0.000002	10041.569598
-75.296000	0.000002	10041.831746
-75.244000	0.000002	10042.091741
-75.192000	0.000002	10042.342641
-75.140000	0.000002	10042.592195
-75.088000	0.000002	10042.831882
-75.036000	0.000002	10043.070925
-74.984000	0.000002	10043.304843
-74.932000	0.000002	10043.537741
-74.880000	0.000002	10043.761262
-74.828000	0.000002	10043.982964
-74.776000	0.000002	10044.196038
-74.724000	0.000002	10044.407826
-74.672000	0.000002	10044.615710
-74.620000	0.000002	10044.821912
-74.568000	0.000002	10045.024634
-74.516000	0.000002	10045.223114
-74.464000	0.000002	10045.415390
-74.412000	0.000002	10045.602622
-74.360000	0.000002	10045.784483
-74.308000	0.000002	10045.963426
-74.256000	0.000002	10046.140073
-74.204000	0.000002	10046.313416
-74.152000	0.000002	10046.484904
-74.100000	0.000002	10046.652663
-74.048000	0.000002	10046.818965
-73.996000	0.000002	10046.976943
-73.944000	0.000002	10047.132800
-73.892000	0.000002	10047.284126
-73.840000	0.000002	10047.434823
-73.788000	0.000002	10047.580536
-73.736000	0.000002	10047.725871
-73.684000	0.000002	10047.866126
-73.632000	0.000002	10048.005869
-73.580000	0.000002	10048.140929
-73.528000	0.000002	10048.275079
-73.476000	0.000002	10048.404945
-73.424000	0.000002	10048.532141
-73.372000	0.000002	10048.651584
-73.320000	0.000002	10048.771077
-73.268000	0.000002	10048.890556
-73.216000	0.000002	10049.007913
-73.164000	0.000002	10049.122173
-73.112000	0.000002	10049.231340
-73.060000	0.000002	10049.335181
-73.008000	0.000002	10049.439075
-72.956000	0.000002	10049.542983
-72.904000	0.000002	10049.643534
-72.852000	0.000002	10049.742224
-72.800000	0.000002	10049.840942
-72.748000	0.000002	10049.939671
-72.696000	0.000002	10050.030031
-72.644000	0.000002	10050.118312
-72.592000	0.000002	10050.206628
-72.540000	0.000002	10050.294975
-72.488000	0.000002	10050.378313
-72.436000	0.000002	10050.461272
-72.384000	0.000002	10050.539197
-72.332000	0.000002	10050.617161
-72.280000	0.000002	10050.695092
-72.228000	0.000002	10050.772088
-72.176000	0.000002	10050.844822
-72.124000	0.000002	10050.916216
-72.072000	0.000002	10050.983725
-72.020000	0.000002	10051.051286
-71.968000	0.000002	10051.118856
-71.916000	0.000002	10051.184278
-71.864000	0.000002	10051.246624
-71.812000	0.000002	10051.309017
-71.760000	0.000002	10051.371400
-71.708000	0.000002	10051.430826
-71.656000	0.000002	10051.488016
-71.604000	0.000002	10051.541838
-71.552000	0.000002	10051.593834
-71.500000	0.000002	10051.645856
-71.448000	0.000002	10051.697887
-71.396000	0.000002	10051.749920
-71.344000	0.000002	10051.801959
-71.292000	0.000002	10051.849399
-71.240000	0.000002	10051.896244
-71.188000	0.000002	10051.943094
-71.136000	0.000002	10051.989783
-71.084000	0.000002	10052.031433
-71.032000	0.000002	10052.073117
-70.980000	0.000002	10052.114795
-70.928000	0.000002	10052.155512
-70.876000	0.000002	10052.191962
-70.824000	0.000002	10052.229856
-70.772000	0.000002	10052.271565
-70.720000	0.000002	10052.311512
-70.668000	0.000002	10052.348021
-70.616000	0.000002	10052.382357
-70.564000	0.000002	10052.413640
-70.512000	0.000002	10052.444976
-70.460000	0.000002	10052.476320
-70.408000	0.000002	10052.507688
-70.356000	0.000002	10052.539037
-70.304000	0.000002	10052.570416
-70.252000	0.000002	10052.601798
-70.200000	0.000002	10052.629361
-70.148000	0.000002	10052.655518
-70.096000	0.000002	10052.681710
-70.044000	0.000002	10052.707927
-69.992000	0.000002	10052.734133
-69.940000	0.000002	10052.760354
-69.888000	0.000002	10052.786579
-69.836000	0.000002	10052.812620
-69.784000	0.000002	10052.833616
-69.732000	0.000002	10052.854642
-69.680000	0.000002	10052.875687
-69.628000	0.000002	10052.897790
-69.576000	0.000002	10052.924064
-69.524000	0.000002	10052.947530
-69.472000	0.000002	10052.963372
-69.420000	0.000002	10052.981078
-69.368000	0.000002	10053.002149
-69.316000	0.000002	10053.023262
-69.264000	0.000002	10053.044362
-69.212000	0.000002	10053.062865
-69.160000	0.000002	10053.078765
-69.108000	0.000002	10053.094698
-69.056000	0.000002	10053.110628
-69.004000	0.000002	10053.126570
-68.952000	0.000002	10053.142502
-68.900000	0.000002	10053.158454
-68.848000	0.000002	10053.174415
-68.796000	0.000002	10053.190391
-68.744000	0.000002	10053.206381
-68.692000	0.000002	10053.217724
-68.640000	0.000002	10053.228513
-68.588000	0.000002	10053.244342
-68.536000	0.000002	10053.260127
-68.484000	0.000002	10053.270914
-68.432000	0.000002	10053.282371
-68.380000	0.000002	10053.298382
-68.328000	0.000002	10053.313387
-68.276000	0.000002	10053.324192
-68.224000	0.000002	10053.335036
-68.172000	0.000002	10053.345865
-68.120000	0.000002	10053.356733
-68.068000	0.000002	10053.367587
-68.016000	0.000002	10053.378473
-67.964000	0.000002	10053.389325
-67.912000	0.000002	10053.400213
-67.860000	0.000002	10053.411092
-67.808000	0.000002	10053.421989
-67.756000	0.000002	10053.432868
-67.704000	0.000002	10053.443785
-67.652000	0.000002	10053.454718
-67.600000	0.000002	10053.461767
-67.548000	0.000002	10053.467441
-67.496000	0.000002	10053.477420
-67.444000	0.000002	10053.488378
-67.392000	0.000002	10053.499322
-67.340000	0.000002	10053.510278
-67.288000	0.000002	10053.516154
-67.236000	0.000002	10053.522162
-67.184000	0.000002	10053.533114
-67.132000	0.000002	10053.543434
-67.080000	0.000002	10053.549174
-67.028000	0.000002	10053.554947
-66.976000	0.000002	10053.560708
-66.924000	0.000002	10053.567969
-66.872000	0.000002	10053.578954
-66.820000	0.000002	10053.588104
-66.768000	0.000002	10053.593881
-66.716000	0.000002	10053.599695
-66.664000	0.000002	10053.605495
-66.612000	0.000002	10053.611319
-66.560000	0.000002	10053.617116
-66.508000	0.000002	10053.622941
-66.456000	0.000002	10053.628762
-66.404000	0.000002	10053.634591
-66.352000	0.000002	10053.640409
-66.300000	0.000002	10053.646243
-66.248000	0.000002	10053.652085
-66.196000	0.000002	10053.657937
-66.144000	0.000002	10053.663802
-66.092000	0.000002	10053.669651
-66.040000	0.000002	10053.675512
-65.988000	0.000002	10053.681373
-65.936000	0.000002	10053.687257
-65.884000	0.000002	10053.693109
-65.832000	0.000002	10053.698988
-65.780000	0.000002	10053.704856
-65.728000	0.000002	10053.709671
-65.676000	0.000002	10053.710328
-65.624000	0.000002	10053.712505
-65.572000	0.000002	10053.718383
-65.520000	0.000002	10053.724290
-65.468000	0.000002	10053.730160
-65.416000	0.000002	10053.733776
-65.364000	0.000002	10053.734465
-65.312000	0.000002	10053.737867
-65.260000	0.000002	10053.743752
-65.208000	0.000002	10053.749676
-65.156000	0.000002	10053.755611
-65.104000	0.000002	10053.758042
-65.052000	0.000002	10053.758741
-65.000000	0.000002	10053.759438
-64.948000	0.000002	10053.760131
-64.896000	0.000002	10053.765150
-64.844000	0.000002	10053.771094
-64.792000	0.000002	10053.772320
-64.740000	0.000002	10053.773055
-64.688000	0.000002	10053.778890
-64.636000	0.000002	10053.784548
-64.584000	0.000002	10053.785269
-64.532000	0.000002	10053.786017
-64.480000	0.000002	10053.786726
-64.428000	0.000002	10053.787463
-64.376000	0.000002	10053.788160
-64.324000	0.000002	10053.788894
-64.272000	0.000002	10053.789636
-64.220000	0.000002	10053.790399
-64.168000	0.000002	10053.791103
-64.116000	0.000002	10053.791849
-64.064000	0.000002	10053.792600
-64.012000	0.000002	10053.793358
-63.960000	0.000002	10053.794073
-63.908000	0.000002	10053.794825
-63.856000	0.000002	10053.795587
-63.804000	0.000002	10053.796338
-63.752000	0.000002	10053.797064
-63.700000	0.000002	10053.797819
-63.648000	0.000002	10053.798592
-63.596000	0.000002	10053.795014
-63.544000	0.000002	10053.790548
-63.492000	0.000002	10053.790806
-63.440000	0.000002	10053.791561
-63.388000	0.000002	10053.792313
-63.336000	0.000002	10053.792765
-63.284000	0.000002	10053.788275
-63.232000	0.000002	10053.784534
-63.180000	0.000002	10053.785285
-63.128000	0.000002	10053.784933
-63.076000	0.000002	10053.780441
-63.024000	0.000002	10053.775976
-62.972000	0.000002	10053.771471
-62.920000	0.000003	10053.768941
-62.868000	0.000003	10053.769709
-62.816000	0.000003	10053.768149
-62.764000	0.000003	10053.763649
-62.712000	0.000003	10053.759176
-62.660000	0.000003	10053.754693
-62.608000	0.000003	10053.750231
-62.556000	0.000003	10053.745766
-62.504000	0.000003	10053.741302
-62.452000	0.000003	10053.736826
-62.400000	0.000003	10053.732343
-62.348000	0.000003	10053.727856
-62.296000	0.000003	10053.723375
-62.244000	0.000003	10053.718905
-62.192000	0.000003	10053.714414
-62.140000	0.000003	10053.709932
-62.088000	0.000003	10053.705446
-62.036000	0.000003	10053.700638
-61.984000	0.000003	10053.690909
-61.932000	0.000003	10053.681949
-61.880000	0.000003	10053.677458
-61.828000	0.000003	10053.672993
-61.776000	0.000003	10053.668487
-61.724000	0.000003	10053.662456
-61.672000	0.000003	10053.652733
-61.620000	0.000003	10053.643027
-61.568000	0.000003	10053.633263
-61.516000	0.000003	10053.625899
-61.464000	0.000003	10053.621407
-61.412000	0.000003	10053.614152
-61.360000	0.000003	10053.604390
-61.308000	0.000003	10053.594661
-61.256000	0.000003	10053.584942
-61.204000	0.000003	10053.575208
-61.152000	0.000003	10053.565449
-61.100000	0.000003	10053.555699
-61.048000	0.000003	10053.545955
-60.996000	0.000003	10053.536196
-60.944000	0.000003	10053.526439
-60.892000	0.000003	10053.516681
-60.840000	0.000003	10053.506938
-60.788000	0.000003	10053.497166
-60.736000	0.000003	10053.487410
-60.684000	0.000003	10053.477644
-60.632000	0.000003	10053.467901
-60.580000	0.000003	10053.458089
-60.528000	0.000003	10053.447133
-60.476000	0.000003	10053.432130
-60.424000	0.000003	10053.418722
-60.372000	0.000003	10053.408905
-60.320000	0.000003	10053.397134
-60.268000	0.000003	10053.382099
-60.216000	0.000003	10053.369466
-60.164000	0.000003	10053.359646
-60.112000	0.000003	10053.347060
-60.060000	0.000003	10053.332023
-60.008000	0.000003	10053.316991
-59.956000	0.000003	10053.301940
-59.904000	0.000003	10053.290499
-59.852000	0.000003	10053.280690
-59.800000	0.000003	10053.266855
-59.748000	0.000003	10053.251775
-59.696000	0.000003	10053.236698
-59.644000	0.000003	10053.221630
-59.592000	0.000003	10053.206561
-59.540000	0.000003	10053.191506
-59.488000	0.000003	10053.176421
-59.436000	0.000003	10053.161351
-59.384000	0.000003	10053.146244
-59.332000	0.000003	10053.131158
-59.280000	0.000003	10053.116029
-59.228000	0.000003	10053.100926
-59.176000	0.000003	10053.085807
-59.124000	0.000003	10053.069111
-59.072000	0.000003	10053.048744
-59.020000	0.000003	10053.030399
-58.968000	0.000003	10053.015243
-58.916000	0.000003	10053.000114
-58.864000	0.000003	10052.984970
-58.812000	0.000003	10052.967026
-58.760000	0.000003	10052.946637
-58.708000	0.000003	10052.929465
-58.656000	0.000003	10052.914289
-58.604000	0.000003	10052.899125
-58.552000	0.000003	10052.883960
-58.500000	0.000003	10052.864763
-58.448000	0.000003	10052.844352
-58.396000	0.000003	10052.828350
-58.344000	0.000003	10052.813153
-58.292000	0.000003	10052.793101
-58.240000	0.000003	10052.772657
-58.188000	0.000003	10052.752206
-58.136000	0.000003	10052.732181
-58.084000	0.000003	10052.716939
-58.032000	0.000003	10052.700905
-57.980000	0.000003	10052.680439
-57.928000	0.000003	10052.659992
-57.876000	0.000003	10052.639479
-57.824000	0.000003	10052.618990
-57.772000	0.000003	10052.598484
-57.720000	0.000003	10052.580020
-57.668000	0.000003	10052.564724
-57.616000	0.000003	10052.547025
-57.564000	0.000003	10052.526509
-57.512000	0.000003	10052.505991
-57.460000	0.000003	10052.485430
-57.408000	0.000003	10052.464884
-57.356000	0.000003	10052.444333
-57.304000	0.000003	10052.423792
-57.252000	0.000003	10052.403251
-57.200000	0.000003	10052.382680
-57.148000	0.000003	10052.362093
-57.096000	0.000003	10052.341507
-57.044000	0.000003	10052.320929
-56.992000	0.000003	10052.300327
-56.940000	0.000003	10052.279731
-56.888000	0.000003	10052.259103
-56.836000	0.000003	10052.238488
-56.784000	0.000003	10052.217835
-56.732000	0.000003	10052.197202
-56.680000	0.000003	10052.176552
-56.628000	0.000003	10052.155922
-56.576000	0.000003	10052.135251
-56.524000	0.000003	10052.114598
-56.472000	0.000003	10052.093906
-56.420000	0.000003	10052.073230
-56.368000	0.000003	10052.052518
-56.316000	0.000003	10052.031826
-56.264000	0.000003	10052.011122
-56.212000	0.000003	10051.990424
-56.160000	0.000003	10051.969700
-56.108000	0.000003	10051.948977
-56.056000	0.000003	10051.928234
-56.004000	0.000003	10051.907484
-55.952000	0.000003	10051.886721
-55.900000	0.000003	10051.865945
-55.848000	0.000003	10051.845163
-55.796000	0.000003	10051.824380
-55.744000	0.000003	10051.803606
-55.692000	0.000003	10051.782783
-55.640000	0.000003	10051.761961
-55.588000	0.000003	10051.741131
-55.536000	0.000003	10051.720316
-55.484000	0.000003	10051.699489
-55.432000	0.000003	10051.678680
-55.380000	0.000003	10051.657801
-55.328000	0.000003	10051.638200
-55.276000	0.000003	10051.622528
-55.224000	0.000003	10051.605214
-55.172000	0.000003	10051.584317
-55.120000	0.000003	10051.563435
-55.068000	0.000003	10051.542516
-55.016000	0.000003	10051.521609
-54.964000	0.000003	10051.500670
-54.912000	0.000003	10051.479735
-54.860000	0.000003	10051.458775
-54.808000	0.000003	10051.441106
-54.756000	0.000003	10051.425383
-54.704000	0.000003	10051.405952
-54.652000	0.000003	10051.384950
-54.600000	0.000003	10051.363952
-54.548000	0.000003	10051.342956
-54.496000	0.000003	10051.326431
-54.444000	0.000003	10051.310644
-54.392000	0.000003	10051.289935
-54.340000	0.000003	10051.268967
-54.288000	0.000003	10051.253125
-54.236000	0.000003	10051.236821
-54.184000	0.000003	10051.215748
-54.132000	0.000003	10051.195571
-54.080000	0.000003	10051.179675
-54.028000	0.000003	10051.162518
-53.976000	0.000003	10051.141396
-53.924000	0.000003	10051.121970
-53.872000	0.000003	10051.106026
-53.820000	0.000003	10051.090103
-53.768000	0.000003	10051.074163
-53.716000	0.000003	10051.055740
-53.664000	0.000003	10051.034549
-53.612000	0.000003	10051.016270
-53.560000	0.000003	10051.000315
-53.508000	0.000003	10050.984342
-53.456000	0.000003	10050.968337
-53.404000	0.000003	10050.952321
-53.352000	0.000003	10050.936294
-53.300000	0.000003	10050.920268
-53.248000	0.000003	10050.904245
-53.196000	0.000003	10050.888200
-53.144000	0.000003	10050.872155
-53.092000	0.000003	10050.856059
-53.040000	0.000003	10050.839964
-52.988000	0.000003	10050.823858
-52.936000	0.000003	10050.808263
-52.884000	0.000003	10050.797362
-52.832000	0.000003	10050.785577
-52.780000	0.000003	10050.769418
-52.728000	0.000003	10050.753279
-52.676000	0.000003	10050.737123
-52.624000	0.000003	10050.722683
-52.572000	0.000003	10050.711705
-52.520000	0.000003	10050.698627
-52.468000	0.000003	10050.682394
-52.416000	0.000003	10050.668693
-52.364000	0.000003	10050.657695
-52.312000	0.000003	10050.646686
-52.260000	0.000003	10050.635636
-52.208000	0.000003	10050.621272
-52.156000	0.000003	10050.604997
-52.104000	0.000003	10050.592439
-52.052000	0.000003	10050.581369
-52.000000	0.000003	10050.570283
-51.948000	0.000003	10050.559190
-51.896000	0.000003	10050.548074
-51.844000	0.000003	10050.536958
-51.792000	0.000003	10050.525812
-51.740000	0.000003	10050.514671
-51.688000	0.000003	10050.503496
-51.636000	0.000003	10050.492332
-51.584000	0.000003	10050.481126
-51.532000	0.000003	10050.470857
-51.480000	0.000003	10050.464853
-51.428000	0.000003	10050.457542
-51.376000	0.000003	10050.446310
-51.324000	0.000003	10050.436815
-51.272000	0.000003	10050.430759
-51.220000	0.000004	10050.422580
-51.168000	0.000004	10050.411268
-51.116000	0.000004	10050.397436
-51.064000	0.000004	10050.380898
-51.012000	0.000004	10050.387888
-50.960000	0.000004	10050.413163
-50.908000	0.000004	10050.404970
-50.856000	0.000004	10050.377896
-50.804000	0.000004	10050.350827
-50.752000	0.000004	10050.323756
-50.700000	0.000004	10050.338196
-50.648000	0.000004	10050.363397
-50.596000	0.000004	10050.342985
-50.544000	0.000004	10050.315837
-50.492000	0.000004	10050.338289
-50.440000	0.000004	10050.362090
-50.388000	0.000004	10050.334909
-50.336000	0.000004	10050.307739
-50.284000	0.000004	10050.280526
-50.232000	0.000004	10050.262758
-50.180000	0.000004	10050.287814
-50.128000	0.000004	10050.299414
-50.076000	0.000004	10050.272146
-50.024000	0.000004	10050.262399
-49.972000	0.000004	10050.287400
-49.920000	0.000004	10050.290861
-49.868000	0.000004	10050.263540
-49.816000	0.000004	10050.261811
-49.764000	0.000004	10050.286761
-49.712000	0.000004	10050.282094
-49.660000	0.000004	10050.254749
-49.608000	0.000004	10050.261051
-49.556000	0.000004	10050.285949
-49.504000	0.000004	10050.273127
-49.452000	0.000004	10050.245704
-49.400000	0.000004	10050.260008
-49.348000	0.000004	10050.284854
-49.296000	0.000004	10050.263910
-49.244000	0.000004	10050.236463
-49.192000	0.000004	10050.258787
-49.140000	0.000004	10050.282013
-49.088000	0.000004	10050.254475
-49.036000	0.000004	10050.232556
-48.984000	0.000004	10050.257309
-48.932000	0.000004	10050.272428
-48.880000	0.000004	10050.244828
-48.828000	0.000004	10050.230932
-48.776000	0.000004	10050.255628
-48.724000	0.000004	10050.262603
-48.672000	0.000004	10050.234948
-48.620000	0.000004	10050.229067
-48.568000	0.000004	10050.253681
-48.516000	0.000004	10050.252502
-48.464000	0.000004	10050.224821
-48.412000	0.000004	10050.226972
-48.360000	0.000004	10050.251532
-48.308000	0.000004	10050.276099
-48.256000	0.000004	10050.300661
-48.204000	0.000004	10050.287268
-48.152000	0.000004	10050.259479
-48.100000	0.000004	10050.273653
-48.048000	0.000004	10050.298162
-47.996000	0.000004	10050.276620
-47.944000	0.000004	10050.248777
-47.892000	0.000004	10050.270970
-47.840000	0.000004	10050.295425
-47.788000	0.000004	10050.319843
-47.736000	0.000004	10050.338444
-47.684000	0.000004	10050.310506
-47.632000	0.000004	10050.292448
-47.580000	0.000004	10050.316802
-47.528000	0.000004	10050.341165
-47.476000	0.000004	10050.365463
-47.424000	0.000004	10050.371832
-47.372000	0.000004	10050.343833
-47.320000	0.000004	10050.337817
-47.268000	0.000004	10050.362058
-47.216000	0.000004	10050.360288
-47.164000	0.000004	10050.332234
-47.112000	0.000004	10050.334228
-47.060000	0.000004	10050.358414
-47.008000	0.000004	10050.382606
-46.956000	0.000004	10050.406794
-46.904000	0.000004	10050.392824
-46.852000	0.000004	10050.364687
-46.800000	0.000004	10050.378693
-46.748000	0.000004	10050.402797
-46.696000	0.000004	10050.426895
-46.644000	0.000004	10050.451000
-46.592000	0.000004	10050.424788
-46.540000	0.000004	10050.398545
-46.488000	0.000004	10050.422581
-46.436000	0.000004	10050.446629
-46.384000	0.000004	10050.470635
-46.332000	0.000004	10050.494651
-46.280000	0.000004	10050.518598
-46.228000	0.000004	10050.528437
-46.176000	0.000004	10050.500085
-46.124000	0.000004	10050.489899
-46.072000	0.000004	10050.513788
-46.020000	0.000004	10050.537689
-45.968000	0.000004	10050.561576
-45.916000	0.000004	10050.559213
-45.864000	0.000004	10050.530748
-45.812000	0.000004	10050.532571
-45.760000	0.000004	10050.556402
-45.708000	0.000004	10050.580208
-45.656000	0.000004	10050.603983
-45.604000	0.000004	10050.589398
-45.552000	0.000004	10050.560876
-45.500000	0.000004	10050.574732
-45.448000	0.000004	10050.598478
-45.396000	0.000004	10050.622176
-45.344000	0.000004	10050.645865
-45.292000	0.000004	10050.669545
-45.240000	0.000004	10050.691011
-45.188000	0.000004	10050.662341
-45.136000	0.000004	10050.639940
-45.084000	0.000004	10050.663555
-45.032000	0.000004	10050.687181
-44.980000	0.000004	10050.710739
-44.928000	0.000004	10050.719970
-44.876000	0.000004	10050.691229
-44.824000	0.000004	10050.680876
-44.772000	0.000004	10050.704401
-44.720000	0.000004	10050.727923
-44.668000	0.000004	10050.751390
-44.616000	0.000004	10050.774869
-44.564000	0.000004	10050.798336
-44.512000	0.000004	10050.791286
-44.460000	0.000004	10050.762400
-44.408000	0.000004	10050.768056
-44.356000	0.000004	10050.791465
-44.304000	0.000004	10050.814841
-44.252000	0.000004	10050.838193
-44.200000	0.000004	10050.861542
-44.148000	0.000004	10050.884893
-44.096000	0.000004	10050.861559
-44.044000	0.000004	10050.832585
-43.992000	0.000004	10050.854251
-43.940000	0.000004	10050.877515
-43.888000	0.000004	10050.900767
-43.836000	0.000004	10050.924030
-43.784000	0.000004	10050.947249
-43.732000	0.000004	10050.959959
-43.680000	0.000004	10050.930823
-43.628000	0.000004	10050.916259
-43.576000	0.000004	10050.939416
-43.524000	0.000004	10050.962580
-43.472000	0.000004	10050.985706
-43.420000	0.000004	10050.986190
-43.368000	0.000004	10050.956963
-43.316000	0.000005	10050.954422
-43.264000	0.000005	10050.977489
-43.212000	0.000005	10051.000550
-43.160000	0.000005	10051.023587
-43.108000	0.000005	10051.046613
-43.056000	0.000005	10051.069621
-43.004000	0.000005	10051.053799
-42.952000	0.000005	10051.024453
-42.900000	0.000005	10051.037938
-42.848000	0.000005	10051.060886
-42.796000	0.000005	10051.083807
-42.744000	0.000005	10051.106726
-42.692000	0.000005	10051.078697
-42.640000	0.000005	10051.051947
-42.588000	0.000005	10051.074797
-42.536000	0.000005	10051.097656
-42.484000	0.000005	10051.120471
-42.432000	0.000005	10051.143296
-42.380000	0.000005	10051.166079
-42.328000	0.000005	10051.174094
-42.276000	0.000005	10051.144550
-42.224000	0.000005	10051.133828
-42.172000	0.000005	10051.156548
-42.120000	0.000005	10051.179272
-42.068000	0.000005	10051.201962
-42.016000	0.000005	10051.197755
-41.964000	0.000005	10051.168119
-41.912000	0.000005	10051.169423
-41.860000	0.000005	10051.192081
-41.808000	0.000005	10051.214711
-41.756000	0.000005	10051.237311
-41.704000	0.000005	10051.259893
-41.652000	0.000005	10051.282463
-41.600000	0.000005	10051.261975
-41.548000	0.000005	10051.232246
-41.496000	0.000005	10051.249560
-41.444000	0.000005	10051.272068
-41.392000	0.000005	10051.294567
-41.340000	0.000005	10051.314197
-41.288000	0.000005	10051.284369
-41.236000	0.000005	10051.261464
-41.184000	0.000005	10051.283868
-41.132000	0.000005	10051.306285
-41.080000	0.000005	10051.328684
-41.028000	0.000005	10051.336097
-40.976000	0.000005	10051.306169
-40.924000	0.000005	10051.295280
-40.872000	0.000005	10051.317617
-40.820000	0.000005	10051.339955
-40.768000	0.000005	10051.362260
-40.716000	0.000005	10051.357450
-40.664000	0.000005	10051.327429
-40.612000	0.000005	10051.328552
-40.560000	0.000005	10051.350796
-40.508000	0.000005	10051.373042
-40.456000	0.000005	10051.395284
-40.404000	0.000005	10051.378259
-40.352000	0.000005	10051.348146
-40.300000	0.000005	10051.361299
-40.248000	0.000005	10051.383479
-40.196000	0.000005	10051.358320
-40.144000	0.000005	10051.328173
-40.092000	0.000005	10051.349320
-40.040000	0.000005	10051.371410
-39.988000	0.000005	10051.393487
-39.936000	0.000005	10051.408442
-39.884000	0.000005	10051.378189
-39.832000	0.000005	10051.359121
-39.780000	0.000005	10051.381159
-39.728000	0.000005	10051.403201
-39.676000	0.000005	10051.425180
-39.624000	0.000005	10051.427919
-39.572000	0.000005	10051.397597
-39.520000	0.000005	10051.390559
-39.468000	0.000005	10051.412475
-39.416000	0.000005	10051.407067
-39.364000	0.000005	10051.376684
-39.312000	0.000005	10051.377662
-39.260000	0.000005	10051.399544
-39.208000	0.000005	10051.421412
-39.156000	0.000005	10051.443262
-39.104000	0.000005	10051.425644
-39.052000	0.000005	10051.395168
-39.000000	0.000005	10051.408176
-38.948000	0.000005	10051.429992
-38.896000	0.000005	10051.404229
-38.844000	0.000005	10051.373691
-38.792000	0.000005	10051.394709
-38.740000	0.000005	10051.413151
-38.688000	0.000005	10051.382570
-38.636000	0.000005	10051.359348
-38.584000	0.000005	10051.381054
-38.532000	0.000005	10051.402767
-38.480000	0.000005	10051.424413
-38.428000	0.000005	10051.430639
-38.376000	0.000005	10051.399985
-38.324000	0.000005	10051.388803
-38.272000	0.000005	10051.410412
-38.220000	0.000005	10051.408513
-38.168000	0.000005	10051.377794
-38.116000	0.000005	10051.374620
-38.064000	0.000005	10051.396167
-38.012000	0.000005	10051.386129
-37.960000	0.000005	10051.355376
-37.908000	0.000005	10051.360221
-37.856000	0.000005	10051.381705
-37.804000	0.000005	10051.363518
-37.752000	0.000005	10051.332702
-37.700000	0.000005	10051.345588
-37.648000	0.000005	10051.367065
-37.596000	0.000005	10051.388491
-37.544000	0.000006	10051.409908
-37.492000	0.000006	10051.379529
-37.440000	0.000006	10051.352176
-37.388000	0.000006	10051.373550
-37.336000	0.000006	10051.387363
-37.284000	0.000006	10051.356432
-37.232000	0.000006	10051.337119
-37.180000	0.000006	10051.358452
-37.128000	0.000006	10051.364143
-37.076000	0.000006	10051.333148
-37.024000	0.000006	10051.321843
-36.972000	0.000006	10051.343111
-36.920000	0.000006	10051.340661
-36.868000	0.000006	10051.309629
-36.816000	0.000006	10051.306358
-36.764000	0.000006	10051.327591
-36.712000	0.000006	10051.317008
-36.660000	0.000006	10051.285913
-36.608000	0.000006	10051.290664
-36.556000	0.000006	10051.311862
-36.504000	0.000006	10051.293154
-36.452000	0.000006	10051.262024
-36.400000	0.000006	10051.274793
-36.348000	0.000006	10051.295927
-36.296000	0.000006	10051.269089
-36.244000	0.000006	10051.237923
-36.192000	0.000006	10051.258727
-36.140000	0.000006	10051.276078
-36.088000	0.000006	10051.244866
-36.036000	0.000006	10051.221451
-35.984000	0.000006	10051.242502
-35.932000	0.000006	10051.251735
-35.880000	0.000006	10051.220457
-35.828000	0.000006	10051.205055
-35.776000	0.000006	10051.226068
-35.724000	0.000006	10051.227178
-35.672000	0.000006	10051.195862
-35.620000	0.000006	10051.188499
-35.568000	0.000006	10051.209476
-35.516000	0.000006	10051.202462
-35.464000	0.000006	10051.171111
-35.412000	0.000006	10051.171774
-35.360000	0.000006	10051.192688
-35.308000	0.000006	10051.177537
-35.256000	0.000006	10051.146150
-35.204000	0.000006	10051.154863
-35.152000	0.000006	10051.175769
-35.100000	0.000006	10051.152487
-35.048000	0.000006	10051.121038
-34.996000	0.000006	10051.137783
-34.944000	0.000006	10051.158652
-34.892000	0.000006	10051.127266
-34.840000	0.000006	10051.099773
-34.788000	0.000006	10051.120571
-34.736000	0.000006	10051.133372
-34.684000	0.000006	10051.101866
-34.632000	0.000006	10051.082414
-34.580000	0.000006	10051.103199
-34.528000	0.000006	10051.107905
-34.476000	0.000006	10051.076362
-34.424000	0.000006	10051.064950
-34.372000	0.000006	10051.085697
-34.320000	0.000006	10051.082281
-34.268000	0.000006	10051.050700
-34.216000	0.000006	10051.047328
-34.164000	0.000006	10051.068040
-34.112000	0.000006	10051.056499
-34.060000	0.000006	10051.024884
-34.008000	0.000006	10051.029548
-33.956000	0.000006	10051.050225
-33.904000	0.000006	10051.030577
-33.852000	0.000006	10050.998953
-33.800000	0.000006	10051.011664
-33.748000	0.000006	10051.032305
-33.696000	0.000006	10051.004537
-33.644000	0.000006	10050.972876
-33.592000	0.000006	10050.941182
-33.540000	0.000006	10050.913674
-33.488000	0.000006	10050.934291
-33.436000	0.000006	10050.946695
-33.384000	0.000006	10050.914957
-33.332000	0.000006	10050.895492
-33.280000	0.000006	10050.916072
-33.228000	0.000006	10050.920355
-33.176000	0.000006	10050.888606
-33.124000	0.000006	10050.877207
-33.072000	0.000006	10050.897749
-33.020000	0.000006	10050.893918
-32.968000	0.000007	10050.862161
-32.916000	0.000007	10050.858828
-32.864000	0.000007	10050.879362
-32.812000	0.000007	10050.867426
-32.760000	0.000007	10050.835633
-32.708000	0.000007	10050.840338
-32.656000	0.000007	10050.860838
-32.604000	0.000007	10050.881334
-32.552000	0.000007	10050.901829
-32.500000	0.000007	10050.877720
-32.448000	0.000007	10050.845888
-32.396000	0.000007	10050.862687
-32.344000	0.000007	10050.882812
-32.292000	0.000007	10050.850969
-32.240000	0.000007	10050.823529
-32.188000	0.000007	10050.843971
-32.136000	0.000007	10050.855982
-32.084000	0.000007	10050.824123
-32.032000	0.000007	10050.804752
-31.980000	0.000007	10050.825184
-31.928000	0.000007	10050.829104
-31.876000	0.000007	10050.797235
-31.824000	0.000007	10050.785926
-31.772000	0.000007	10050.806321
-31.720000	0.000007	10050.802132
-31.668000	0.000007	10050.770255
-31.616000	0.000007	10050.767008
-31.564000	0.000007	10050.787395
-31.512000	0.000007	10050.775119
-31.460000	0.000007	10050.743235
-31.408000	0.000007	10050.748050
-31.356000	0.000007	10050.768429
-31.304000	0.000007	10050.748049
-31.252000	0.000007	10050.716129
-31.200000	0.000007	10050.729018
-31.148000	0.000007	10050.749417
-31.096000	0.000007	10050.720951
-31.044000	0.000007	10050.689602
-30.992000	0.000007	10050.709983
-30.940000	0.000007	10050.730375
-30.888000	0.000007	10050.750728
-30.836000	0.000007	10050.762431
-30.784000	0.000007	10050.730508
-30.732000	0.000007	10050.711289
-30.680000	0.000007	10050.731631
-30.628000	0.000007	10050.735247
-30.576000	0.000007	10050.703316
-30.524000	0.000007	10050.692168
-30.472000	0.000007	10050.712528
-30.420000	0.000007	10050.708078
-30.368000	0.000007	10050.676139
-30.316000	0.000007	10050.673059
-30.264000	0.000007	10050.693412
-30.212000	0.000007	10050.680871
-30.160000	0.000007	10050.648925
-30.108000	0.000007	10050.653912
-30.056000	0.000007	10050.674258
-30.004000	0.000007	10050.694618
-29.952000	0.000007	10050.714988
-29.900000	0.000007	10050.690339
-29.848000	0.000007	10050.658410
-29.796000	0.000007	10050.675526
-29.744000	0.000007	10050.695092
-29.692000	0.000007	10050.663149
-29.640000	0.000007	10050.636048
-29.588000	0.000007	10050.656422
-29.536000	0.000007	10050.676806
-29.484000	0.000007	10050.697176
-29.432000	0.000007	10050.704639
-29.380000	0.000007	10050.672708
-29.328000	0.000008	10050.657741
-29.276000	0.000008	10050.678102
-29.224000	0.000008	10050.677483
-29.172000	0.000008	10050.645573
-29.120000	0.000008	10050.638702
-29.068000	0.000008	10050.659084
-29.016000	0.000008	10050.679481
-28.964000	0.000008	10050.699888
-28.912000	0.000008	10050.687183
-28.860000	0.000008	10050.655290
-28.808000	0.000008	10050.660565
-28.756000	0.000008	10050.680993
-28.704000	0.000008	10050.660225
-28.652000	0.000008	10050.628353
-28.600000	0.000008	10050.641709
-28.548000	0.000008	10050.662131
-28.496000	0.000008	10050.682568
-28.444000	0.000008	10050.701999
-28.392000	0.000008	10050.670139
-28.340000	0.000008	10050.643341
-28.288000	0.000008	10050.663799
-28.236000	0.000008	10050.684266
-28.184000	0.000008	10050.704721
-28.132000	0.000008	10050.712053
-28.080000	0.000008	10050.680236
-28.028000	0.000008	10050.665604
-27.976000	0.000008	10050.686106
-27.924000	0.000008	10050.685403
-27.872000	0.000008	10050.653607
-27.820000	0.000008	10050.647078
-27.768000	0.000008	10050.667602
-27.716000	0.000008	10050.688142
-27.664000	0.000008	10050.708691
-27.612000	0.000008	10050.695909
-27.560000	0.000008	10050.664160
-27.508000	0.000008	10050.669797
-27.456000	0.000008	10050.690369
-27.404000	0.000008	10050.710938
-27.352000	0.000008	10050.731506
-27.300000	0.000008	10050.706661
-27.248000	0.000008	10050.674986
-27.196000	0.000008	10050.692794
-27.144000	0.000008	10050.713413
-27.092000	0.000008	10050.734048
-27.040000	0.000008	10050.749421
-26.988000	0.000008	10050.717758
-26.936000	0.000008	10050.695416
-26.884000	0.000008	10050.716101
-26.832000	0.000008	10050.736793
-26.780000	0.000008	10050.757475
-26.728000	0.000008	10050.760784
-26.676000	0.000008	10050.729223
-26.624000	0.000008	10050.719098
-26.572000	0.000008	10050.739830
-26.520000	0.000008	10050.760577
-26.468000	0.000008	10050.781334
-26.416000	0.000008	10050.772596
-26.364000	0.000008	10050.741083
-26.312000	0.000008	10050.743134
-26.260000	0.000009	10050.763942
-26.208000	0.000009	10050.747177
-26.156000	0.000009	10050.715715
-26.104000	0.000009	10050.725896
-26.052000	0.000009	10050.746756
-26.000000	0.000009	10050.767631
-25.948000	0.000009	10050.788517
-25.896000	0.000009	10050.759711
-25.844000	0.000009	10050.729776
-25.792000	0.000009	10050.750728
-25.740000	0.000009	10050.771693
-25.688000	0.000009	10050.792648
-25.636000	0.000009	10050.804082
-25.584000	0.000009	10050.772793
-25.532000	0.000009	10050.755081
-25.480000	0.000009	10050.776086
-25.428000	0.000009	10050.797109
-25.376000	0.000009	10050.818167
-25.324000	0.000009	10050.817590
-25.272000	0.000009	10050.786377
-25.220000	0.000009	10050.780877
-25.168000	0.000009	10050.802015
-25.116000	0.000009	10050.823168
-25.064000	0.000009	10050.844333
-25.012000	0.000009	10050.831731
-24.960000	0.000009	10050.800597
-24.908000	0.000009	10050.807318
-24.856000	0.000009	10050.828563
-24.804000	0.000009	10050.849806
-24.752000	0.000009	10050.871049
-24.700000	0.000009	10050.846444
-24.648000	0.000009	10050.815445
-24.596000	0.000009	10050.834410
-24.544000	0.000009	10050.854093
-24.492000	0.000009	10050.823166
-24.440000	0.000009	10050.797956
-24.388000	0.000009	10050.819353
-24.336000	0.000009	10050.840760
-24.284000	0.000009	10050.862210
-24.232000	0.000009	10050.869884
-24.180000	0.000009	10050.839065
-24.128000	0.000009	10050.826091
-24.076000	0.000009	10050.847622
-24.024000	0.000009	10050.869174
-23.972000	0.000009	10050.890760
-23.920000	0.000009	10050.886455
-23.868000	0.000009	10050.855771
-23.816000	0.000009	10050.855048
-23.764000	0.000009	10050.876688
-23.712000	0.000009	10050.864387
-23.660000	0.000010	10050.833815
-23.608000	0.000010	10050.841281
-23.556000	0.000010	10050.863030
-23.504000	0.000010	10050.884815
-23.452000	0.000010	10050.906621
-23.400000	0.000010	10050.882340
-23.348000	0.000010	10050.851876
-23.296000	0.000010	10050.871596
-23.244000	0.000010	10050.891598
-23.192000	0.000010	10050.861233
-23.140000	0.000010	10050.836806
-23.088000	0.000010	10050.858794
-23.036000	0.000010	10050.880794
-22.984000	0.000010	10050.902839
-22.932000	0.000010	10050.910894
-22.880000	0.000010	10050.880698
-22.828000	0.000010	10050.868560
-22.776000	0.000010	10050.890688
-22.724000	0.000010	10050.890762
-22.672000	0.000010	10050.860677
-22.620000	0.000010	10050.856730
-22.568000	0.000010	10050.878970
-22.516000	0.000010	10050.871086
-22.464000	0.000010	10050.841113
-22.412000	0.000010	10050.845359
-22.360000	0.000010	10050.867711
-22.308000	0.000010	10050.851870
-22.256000	0.000010	10050.822008
-22.204000	0.000010	10050.834466
-22.152000	0.000010	10050.856958
-22.100000	0.000010	10050.879468
-22.048000	0.000010	10050.901989
-21.996000	0.000010	10050.874213
-21.944000	0.000010	10050.846626
-21.892000	0.000010	10050.869275
-21.840000	0.000010	10050.885792
-21.788000	0.000010	10050.856232
-21.736000	0.000010	10050.836868
-21.684000	0.000010	10050.859661
-21.632000	0.000010	10050.868242
-21.580000	0.000010	10050.838769
-21.528000	0.000010	10050.827588
-21.476000	0.000010	10050.850521
-21.424000	0.000010	10050.851168
-21.372000	0.000011	10050.821836
-21.320000	0.000011	10050.818880
-21.268000	0.000011	10050.841928
-21.216000	0.000011	10050.834636
-21.164000	0.000011	10050.805473
-21.112000	0.000011	10050.810748
-21.060000	0.000011	10050.833912
-21.008000	0.000011	10050.818682
-20.956000	0.000011	10050.789661
-20.904000	0.000011	10050.803178
-20.852000	0.000011	10050.826513
-20.800000	0.000011	10050.803348
-20.748000	0.000011	10050.774444
-20.696000	0.000011	10050.745605
-20.644000	0.000011	10050.719107
-20.592000	0.000011	10050.742631
-20.540000	0.000011	10050.759804
-20.488000	0.000011	10050.731147
-20.436000	0.000011	10050.712901
-20.384000	0.000011	10050.736572
-20.332000	0.000011	10050.745824
-20.280000	0.000011	10050.717312
-20.228000	0.000011	10050.707300
-20.176000	0.000011	10050.731142
-20.124000	0.000011	10050.732494
-20.072000	0.000011	10050.704126
-20.020000	0.000011	10050.675794
-19.968000	0.000011	10050.647512
-19.916000	0.000011	10050.649871
-19.864000	0.000011	10050.673973
-19.812000	0.000011	10050.663483
-19.760000	0.000011	10050.635374
-19.708000	0.000011	10050.645978
-19.656000	0.000011	10050.670224
-19.604000	0.000011	10050.651811
-19.552000	0.000011	10050.623851
-19.500000	0.000011	10050.595972
-19.448000	0.000011	10050.568124
-19.396000	0.000012	10050.591118
-19.344000	0.000012	10050.613086
-19.292000	0.000012	10050.585397
-19.240000	0.000012	10050.557725
-19.188000	0.000012	10050.530103
-19.136000	0.000012	10050.513114
-19.084000	0.000012	10050.537905
-19.032000	0.000012	10050.548055
-18.980000	0.000012	10050.520637
-18.928000	0.000012	10050.493243
-18.876000	0.000012	10050.465913
-18.824000	0.000012	10050.461351
-18.772000	0.000012	10050.486403
-18.720000	0.000012	10050.484716
-18.668000	0.000012	10050.457561
-18.616000	0.000012	10050.430461
-18.564000	0.000012	10050.403421
-18.512000	0.000012	10050.411286
-18.460000	0.000012	10050.436632
-18.408000	0.000012	10050.423152
-18.356000	0.000012	10050.396318
-18.304000	0.000012	10050.369524
-18.252000	0.000012	10050.342750
-18.200000	0.000012	10050.363059
-18.148000	0.000012	10050.388727
-18.096000	0.000012	10050.363427
-18.044000	0.000012	10050.336860
-17.992000	0.000012	10050.310419
-17.940000	0.000012	10050.283996
-17.888000	0.000012	10050.257627
-17.836000	0.000012	10050.242111
-17.784000	0.000012	10050.268184
-17.732000	0.000012	10050.279399
-17.680000	0.000012	10050.253264
-17.628000	0.000013	10050.227155
-17.576000	0.000013	10050.201110
-17.524000	0.000013	10050.175113
-17.472000	0.000013	10050.149214
-17.420000	0.000013	10050.150337
-17.368000	0.000013	10050.176797
-17.316000	0.000013	10050.172290
-17.264000	0.000013	10050.146598
-17.212000	0.000013	10050.120970
-17.160000	0.000013	10050.095398
-17.108000	0.000013	10050.069880
-17.056000	0.000013	10050.044399
-17.004000	0.000013	10050.018996
-16.952000	0.000013	10049.993632
-16.900000	0.000013	10050.015549
-16.848000	0.000013	10050.042601
-16.796000	0.000013	10050.018539
-16.744000	0.000013	10049.993441
-16.692000	0.000013	10049.968422
-16.640000	0.000013	10049.943415
-16.588000	0.000013	10049.918520
-16.536000	0.000013	10049.893640
-16.484000	0.000013	10049.868866
-16.432000	0.000013	10049.859209
-16.380000	0.000013	10049.886850
-16.328000	0.000013	10049.895389
-16.276000	0.000013	10049.870852
-16.224000	0.000013	10049.846365
-16.172000	0.000013	10049.821978
-16.120000	0.000013	10049.797628
-16.068000	0.000014	10049.773332
-16.016000	0.000014	10049.749106
-15.964000	0.000014	10049.724960
-15.912000	0.000014	10049.700878
-15.860000	0.000014	10049.676851
-15.808000	0.000014	10049.692246
-15.756000	0.000014	10049.720664
-15.704000	0.000014	10049.705794
-15.652000	0.000014	10049.682038
-15.600000	0.000014	10049.658371
-15.548000	0.000014	10049.634735
-15.496000	0.000014	10049.611221
-15.444000	0.000014	10049.587735
-15.392000	0.000014	10049.564355
-15.340000	0.000014	10049.540991
-15.288000	0.000014	10049.517741
-15.236000	0.000014	10049.494509
-15.184000	0.000014	10049.471409
-15.132000	0.000014	10049.463651
-15.080000	0.000014	10049.492997
-15.028000	0.000014	10049.503025
-14.976000	0.000014	10049.480197
-14.924000	0.000014	10049.457420
-14.872000	0.000014	10049.434743
-14.820000	0.000014	10049.412127
-14.768000	0.000014	10049.389600
-14.716000	0.000014	10049.367133
-14.664000	0.000014	10049.344730
-14.612000	0.000015	10049.322409
-14.560000	0.000015	10049.300158
-14.508000	0.000015	10049.277999
-14.456000	0.000015	10049.255900
-14.404000	0.000015	10049.233903
-14.352000	0.000015	10049.211954
-14.300000	0.000015	10049.237748
-14.248000	0.000015	10049.268249
-14.196000	0.000015	10049.247182
-14.144000	0.000015	10049.225509
-14.092000	0.000015	10049.203998
-14.040000	0.000015	10049.182508
-13.988000	0.000015	10049.161134
-13.936000	0.000015	10049.139781
-13.884000	0.000015	10049.118588
-13.832000	0.000015	10049.097419
-13.780000	0.000015	10049.076352
-13.728000	0.000015	10049.055332
-13.676000	0.000015	10049.034445
-13.624000	0.000015	10049.013611
-13.572000	0.000015	10048.992877
-13.520000	0.000015	10048.972206
-13.468000	0.000015	10048.951626
-13.416000	0.000015	10048.962809
-13.364000	0.000015	10048.994682
-13.312000	0.000016	10048.990925
-13.260000	0.000016	10048.970682
-13.208000	0.000016	10048.950517
-13.156000	0.000016	10048.930402
-13.104000	0.000016	10048.910432
-13.052000	0.000016	10048.890526
-13.000000	0.000016	10048.870718
-12.948000	0.000016	10048.850941
-12.896000	0.000016	10048.831316
-12.844000	0.000016	10048.811723
-12.792000	0.000016	10048.792268
-12.740000	0.000016	10048.772830
-12.688000	0.000016	10048.753570
-12.636000	0.000016	10048.746037
-12.584000	0.000016	10048.779229
-12.532000	0.000016	10048.796708
-12.480000	0.000016	10048.777787
-12.428000	0.000016	10048.758915
-12.376000	0.000016	10048.740181
-12.324000	0.000016	10048.721501
-12.272000	0.000016	10048.702923
-12.220000	0.000016	10048.684420
-12.168000	0.000016	10048.666028
-12.116000	0.000017	10048.647711
-12.064000	0.000017	10048.629476
-12.012000	0.000017	10048.611359
-11.960000	0.000017	10048.593339
-11.908000	0.000017	10048.575417
-11.856000	0.000017	10048.557554
-11.804000	0.000017	10048.583826
-11.752000	0.000017	10048.618419
-11.700000	0.000017	10048.605112
-11.648000	0.000017	10048.587623
-11.596000	0.000017	10048.570292
-11.544000	0.000017	10048.552991
-11.492000	0.000017	10048.535834
-11.440000	0.000017	10048.518696
-11.388000	0.000017	10048.501765
-11.336000	0.000017	10048.484853
-11.284000	0.000017	10048.468081
-11.232000	0.000017	10048.451350
-11.180000	0.000017	10048.434795
-11.128000	0.000017	10048.438296
-11.076000	0.000017	10048.474226
-11.024000	0.000018	10048.486176
-10.972000	0.000018	10048.469999
-10.920000	0.000018	10048.453889
-10.868000	0.000018	10048.437875
-10.816000	0.000018	10048.421978
-10.764000	0.000018	10048.406208
-10.712000	0.000018	10048.390529
-10.660000	0.000018	10048.374922
-10.608000	0.000018	10048.359452
-10.556000	0.000018	10048.344065
-10.504000	0.000018	10048.373052
-10.452000	0.000018	10048.410152
-10.400000	0.000018	10048.399117
-10.348000	0.000018	10048.384113
-10.296000	0.000018	10048.369292
-10.244000	0.000018	10048.354507
-10.192000	0.000018	10048.339897
-10.140000	0.000018	10048.325307
-10.088000	0.000018	10048.310900
-10.036000	0.000018	10048.308664
-9.984000	0.000019	10048.346774
-9.932000	0.000019	10048.368743
-9.880000	0.000019	10048.354779
-9.828000	0.000019	10048.340866
-9.776000	0.000019	10048.327095
-9.724000	0.000019	10048.313399
-9.672000	0.000019	10048.299850
-9.620000	0.000019	10048.286381
-9.568000	0.000019	10048.273028
-9.516000	0.000019	10048.292124
-9.464000	0.000019	10048.331289
-9.412000	0.000019	10048.334197
-9.360000	0.000019	10048.321289
-9.308000	0.000019	10048.308504
-9.256000	0.000019	10048.295791
-9.204000	0.000019	10048.283256
-9.152000	0.000019	10048.270795
-9.100000	0.000019	10048.306986
-9.048000	0.000020	10048.346776
-8.996000	0.000020	10048.334703
-8.944000	0.000020	10048.322666
-8.892000	0.000020	10048.310836
-8.840000	0.000020	10048.299027
-8.788000	0.000020	10048.287407
-8.736000	0.000020	10048.288178
-8.684000	0.000020	10048.329107
-8.632000	0.000020	10048.353679
-8.580000	0.000020	10048.342540
-8.528000	0.000020	10048.331454
-8.476000	0.000020	10048.320514
-8.424000	0.000020	10048.309661
-8.372000	0.000020	10048.298976
-8.320000	0.000020	10048.316905
-8.268000	0.000020	10048.358745
-8.216000	0.000020	10048.368136
-8.164000	0.000021	10048.357908
-8.112000	0.000021	10048.347809
-8.060000	0.000021	10048.337811
-8.008000	0.000021	10048.368597
-7.956000	0.000021	10048.411124
-7.904000	0.000021	10048.409156
-7.852000	0.000021	10048.399645
-7.800000	0.000021	10048.390292
-7.748000	0.000021	10048.381445
-7.696000	0.000021	10048.424655
-7.644000	0.000021	10048.463402
-7.592000	0.000021	10048.454594
-7.540000	0.000021	10048.445810
-7.488000	0.000021	10048.437247
-7.436000	0.000021	10048.441292
-7.384000	0.000021	10048.485259
-7.332000	0.000022	10048.512652
-7.280000	0.000022	10048.504555
-7.228000	0.000022	10048.496529
-7.176000	0.000022	10048.488694
-7.124000	0.000022	10048.505648
-7.072000	0.000022	10048.550371
-7.020000	0.000022	10048.566455
-6.968000	0.000022	10048.559117
-6.916000	0.000022	10048.551895
-6.864000	0.000022	10048.544792
-6.812000	0.000022	10048.574656
-6.760000	0.000022	10048.620114
-6.708000	0.000022	10048.624884
-6.656000	0.000022	10048.618311
-6.604000	0.000022	10048.656822
-6.552000	0.000023	10048.702810
-6.500000	0.000023	10048.700048
-6.448000	0.000023	10048.693977
-6.396000	0.000023	10048.688135
-6.344000	0.000023	10048.687050
-6.292000	0.000023	10048.733764
-6.240000	0.000023	10048.771743
-6.188000	0.000023	10048.766441
-6.136000	0.000023	10048.773968
-6.084000	0.000023	10048.821229
-6.032000	0.000023	10048.851705
-5.980000	0.000023	10048.846938
-5.928000	0.000023	10048.842245
-5.876000	0.000023	10048.837747
-5.824000	0.000024	10048.858260
-5.772000	0.000024	10048.906329
-5.720000	0.000024	10048.925545
-5.668000	0.000024	10048.921560
-5.616000	0.000024	10048.950719
-5.564000	0.000024	10048.999330
-5.512000	0.000024	10049.011060
-5.460000	0.000024	10049.007648
-5.408000	0.000024	10049.004392
-5.356000	0.000024	10049.001224
-5.304000	0.000024	10049.043385
-5.252000	0.000024	10049.092814
-5.200000	0.000024	10049.093284
-5.148000	0.000025	10049.091561
-5.096000	0.000025	10049.141498
-5.044000	0.000025	10049.186540
-4.992000	0.000025	10049.184479
-4.940000	0.000025	10049.191419
-4.888000	0.000025	10049.241949
-4.836000	0.000025	10049.279497
-4.784000	0.000025	10049.277996
-4.732000	0.000025	10049.293608
-4.680000	0.000025	10049.344689
-4.628000	0.000025	10049.374760
-4.576000	0.000025	10049.373850
-4.524000	0.000025	10049.373037
-4.472000	0.000026	10049.372404
-4.420000	0.000026	10049.401065
-4.368000	0.000026	10049.453009
-4.316000	0.000026	10049.471881
-4.264000	0.000026	10049.471813
-4.212000	0.000026	10049.509172
-4.160000	0.000026	10049.561703
-4.108000	0.000026	10049.573126
-4.056000	0.000026	10049.573645
-4.004000	0.000026	10049.619723
-3.952000	0.000026	10049.672854
-3.900000	0.000027	10049.676833
-3.848000	0.000027	10049.679060
-3.796000	0.000027	10049.732723
-3.744000	0.000027	10049.781270
-3.692000	0.000027	10049.782967
-3.640000	0.000027	10049.793885
-3.588000	0.000027	10049.848176
-3.536000	0.000027	10049.889272
-3.484000	0.000027	10049.891576
-3.432000	0.000027	10049.893945
-3.380000	0.000027	10049.896571
-3.328000	0.000027	10049.920584
-3.276000	0.000028	10049.975772
-3.224000	0.000028	10050.005727
-3.172000	0.000028	10050.008958
-3.120000	0.000028	10050.041706
-3.068000	0.000028	10050.097528
-3.016000	0.000028	10050.120080
-2.964000	0.000028	10050.123927
-2.912000	0.000028	10050.165409
-2.860000	0.000028	10050.221837
-2.808000	0.000028	10050.236968
-2.756000	0.000029	10050.241428
-2.704000	0.000029	10050.291670
-2.652000	0.000029	10050.348748
-2.600000	0.000029	10050.356471
-2.548000	0.000029	10050.362881
-2.496000	0.000029	10050.420556
-2.444000	0.000029	10050.472902
-2.392000	0.000029	10050.478587
-2.340000	0.000029	10050.484300
-2.288000	0.000029	10050.490346
-2.236000	0.000029	10050.509886
-2.184000	0.000030	10050.568557
-2.132000	0.000030	10050.609798
-2.080000	0.000030	10050.616473
-2.028000	0.000030	10050.644772
-1.976000	0.000030	10050.704077
-1.924000	0.000030	10050.737927
-1.872000	0.000030	10050.745259
-1.820000	0.000030	10050.782345
-1.768000	0.000030	10050.842309
-1.716000	0.000030	10050.868792
-1.664000	0.000031	10050.876794
-1.612000	0.000031	10050.884983
-1.560000	0.000031	10050.893310
-1.508000	0.000031	10050.943572
-1.456000	0.000031	10051.004512
-1.404000	0.000031	10051.019944
-1.352000	0.000031	10051.028945
-1.300000	0.000031	10051.088008
-1.248000	0.000031	10051.148072
-1.196000	0.000032	10051.157706
-1.144000	0.000032	10051.167384
-1.092000	0.000032	10051.177358
-1.040000	0.000032	10051.196993
-0.988000	0.000032	10051.259649
-0.936000	0.000032	10051.308680
-0.884000	0.000032	10051.319374
-0.832000	0.000032	10051.330135
-0.780000	0.000032	10051.341148
-0.728000	0.000033	10051.374014
-0.676000	0.000033	10051.437692
-0.624000	0.000033	10051.475709
-0.572000	0.000033	10051.487443
-0.520000	0.000033	10051.529151
-0.468000	0.000033	10051.593518
-0.416000	0.000033	10051.624201
-0.364000	0.000033	10051.636629
-0.312000	0.000034	10051.649259
-0.260000	0.000034	10051.662035
-0.208000	0.000034	10051.675040
-0.156000	0.000034	10051.688165
-0.104000	0.000034	10051.747537
-0.052000	0.000034	10051.813315
-0.000000	0.000034	10051.829372
0.052000	0.000034	10051.843229
0.104000	0.000034	10051.857403
0.156000	0.000035	10051.877427
0.208000	0.000035	10051.944273
0.260000	0.000035	10052.001303
0.312000	0.000035	10052.016232
0.364000	0.000035	10052.031209
0.416000	0.000035	10052.046487
0.468000	0.000035	10052.079776
0.520000	0.000035	10052.147747
0.572000	0.000036	10052.193854
0.624000	0.000036	10052.209884
0.676000	0.000036	10052.226048
0.728000	0.000036	10052.242448
0.780000	0.000036	10052.259006
0.832000	0.000036	10052.275765
0.884000	0.000036	10052.292729
0.936000	0.000037	10052.309888
0.988000	0.000037	10052.365386
1.040000	0.000037	10052.435205
1.092000	0.000037	10052.463111
1.144000	0.000037	10052.481012
1.196000	0.000037	10052.499199
1.248000	0.000037	10052.517488
1.300000	0.000037	10052.536084
1.352000	0.000038	10052.554749
1.404000	0.000038	10052.573750
1.456000	0.000038	10052.598819
1.508000	0.000038	10052.670526
1.560000	0.000038	10052.732202
1.612000	0.000038	10052.752018
1.664000	0.000038	10052.771887
1.716000	0.000039	10052.792090
1.768000	0.000039	10052.812381
1.820000	0.000039	10052.832996
1.872000	0.000039	10052.853718
1.924000	0.000039	10052.874705
1.976000	0.000039	10052.895837
2.028000	0.000039	10052.917217
2.080000	0.000040	10052.938780
2.132000	0.000040	10052.960573
2.184000	0.000040	10052.982569
2.236000	0.000040	10053.004756
2.288000	0.000040	10053.027170
2.340000	0.000040	10053.049741
2.392000	0.000041	10053.114976
2.444000	0.000041	10053.190267
2.496000	0.000041	10053.219430
2.548000	0.000041	10053.242820
2.600000	0.000041	10053.266555
2.652000	0.000041	10053.290368
2.704000	0.000041	10053.314538
2.756000	0.000042	10053.338751
2.808000	0.000042	10053.363353
2.860000	0.000042	10053.387991
2.912000	0.000042	10053.413026
2.964000	0.000042	10053.438123
3.016000	0.000042	10053.463596
3.068000	0.000043	10053.489151
3.120000	0.000043	10053.515000
3.172000	0.000043	10053.540978
3.224000	0.000043	10053.567267
3.276000	0.000043	10053.593719
3.328000	0.000043	10053.620448
3.380000	0.000044	10053.616878
3.432000	0.000044	10053.591720
3.484000	0.000044	10053.601299
3.536000	0.000044	10053.628855
3.588000	0.000044	10053.656680
3.640000	0.000044	10053.684689
3.692000	0.000045	10053.712990
3.744000	0.000045	10053.741434
3.796000	0.000045	10053.770180
3.848000	0.000045	10053.799028
3.900000	0.000045	10053.828243
3.952000	0.000045	10053.857538
4.004000	0.000046	10053.887244
4.056000	0.000046	10053.916997
4.108000	0.000046	10053.947170
4.160000	0.000046	10053.966879
4.212000	0.000046	10053.945193
4.264000	0.000047	10053.938117
4.316000	0.000047	10053.969196
4.368000	0.000047	10054.000378
4.420000	0.000047	10054.031918
4.472000	0.000047	10054.063580
4.524000	0.000048	10054.095529
4.576000	0.000048	10054.127656
4.628000	0.000048	10054.160082
4.680000	0.000048	10054.162022
4.732000	0.000048	10054.142626
4.784000	0.000048	10054.158200
4.836000	0.000049	10054.191540
4.888000	0.000049	10054.225155
4.940000	0.000049	10054.258955
4.992000	0.000049	10054.293072
5.044000	0.000049	10054.327343
5.096000	0.000050	10054.315107
5.148000	0.000050	10054.297546
5.200000	0.000050	10054.331287
5.252000	0.000050	10054.366511
5.304000	0.000051	10054.402152
5.356000	0.000051	10054.431158
5.408000	0.000051	10054.415031
5.460000	0.000051	10054.409661
5.512000	0.000051	10054.446275
5.564000	0.000052	10054.482967
5.616000	0.000052	10054.520107
5.668000	0.000052	10054.538552
5.720000	0.000052	10054.523846
5.772000	0.000052	10054.532130
5.824000	0.000053	10054.570222
5.876000	0.000053	10054.608499
5.928000	0.000053	10054.647079
5.980000	0.000053	10054.654973
6.032000	0.000054	10054.641764
6.084000	0.000054	10054.663767
6.136000	0.000054	10054.703340
6.188000	0.000054	10054.704218
6.240000	0.000054	10054.691994
6.292000	0.000055	10054.723158
6.344000	0.000055	10054.763749
6.396000	0.000055	10054.804718
6.448000	0.000055	10054.845809
6.500000	0.000056	10054.836223
6.552000	0.000056	10054.828400
6.604000	0.000056	10054.870455
6.656000	0.000056	10054.905658
6.708000	0.000057	10054.895988
6.760000	0.000057	10054.897300
6.812000	0.000057	10054.940444
6.864000	0.000057	10054.968695
6.916000	0.000057	10054.960084
6.968000	0.000058	10054.970609
7.020000	0.000058	10055.014813
7.072000	0.000058	10055.036125
7.124000	0.000058	10055.028562
7.176000	0.000059	10055.048297
7.228000	0.000059	10055.093561
7.280000	0.000059	10055.107944
7.332000	0.000059	10055.101467
7.384000	0.000060	10055.095263
7.436000	0.000060	10055.089298
7.488000	0.000060	10055.122894
7.540000	0.000061	10055.169796
7.592000	0.000061	10055.173835
7.644000	0.000061	10055.169010
7.696000	0.000061	10055.211875
7.748000	0.000062	10055.259868
7.800000	0.000062	10055.257019
7.852000	0.000062	10055.253302
7.904000	0.000062	10055.250065
7.956000	0.000063	10055.253992
8.008000	0.000063	10055.303686
8.060000	0.000063	10055.342276
8.112000	0.000064	10055.340239
8.164000	0.000064	10055.353486
8.216000	0.000064	10055.404322
8.268000	0.000064	10055.436065
8.320000	0.000065	10055.435207
8.372000	0.000065	10055.434523
8.424000	0.000065	10055.434221
8.476000	0.000066	10055.461458
8.528000	0.000066	10055.514036
8.580000	0.000066	10055.535548
8.632000	0.000066	10055.536451
8.684000	0.000067	10055.537662
8.736000	0.000067	10055.539136
8.788000	0.000067	10055.580428
8.840000	0.000068	10055.634826
8.892000	0.000068	10055.646176
8.944000	0.000068	10055.648889
8.996000	0.000069	10055.652050
9.048000	0.000069	10055.655347
9.100000	0.000069	10055.659195
9.152000	0.000070	10055.666440
9.204000	0.000070	10055.723221
9.256000	0.000070	10055.772721
9.308000	0.000070	10055.777917
9.360000	0.000071	10055.783167
9.412000	0.000071	10055.788968
9.464000	0.000071	10055.794876
9.516000	0.000072	10055.801350
9.568000	0.000072	10055.827421
9.620000	0.000072	10055.886808
9.672000	0.000073	10055.922911
9.724000	0.000073	10055.930658
9.776000	0.000073	10055.938663
9.828000	0.000074	10055.947068
9.880000	0.000074	10055.955782
9.932000	0.000075	10055.964850
9.984000	0.000075	10056.009899
10.036000	0.000075	10056.071947
10.088000	0.000076	10056.094743
10.140000	0.000076	10056.105137
10.192000	0.000076	10056.116011
10.244000	0.000077	10056.127095
10.296000	0.000077	10056.138716
10.348000	0.000077	10056.150497
10.400000	0.000078	10056.162863
10.452000	0.000078	10056.178847
10.504000	0.000078	10056.244270
10.556000	0.000079	10056.302203
10.608000	0.000079	10056.316067
10.660000	0.000080	10056.329997
10.712000	0.000080	10056.344583
10.764000	0.000080	10056.359285
10.816000	0.000081	10056.374575
10.868000	0.000081	10056.390042
10.920000	0.000082	10056.406061
10.972000	0.000082	10056.422318
11.024000	0.000082	10056.439086
11.076000	0.000083	10056.483899
11.128000	0.000083	10056.553716
11.180000	0.000084	10056.592087
11.232000	0.000084	10056.610334
11.284000	0.000084	10056.628989
11.336000	0.000085	10056.647983
11.388000	0.000085	10056.667460
11.440000	0.000086	10056.687230
11.492000	0.000086	10056.707547
11.544000	0.000086	10056.728098
11.596000	0.000087	10056.749244
11.648000	0.000087	10056.770560
11.700000	0.000088	10056.844552
11.752000	0.000088	10056.915243
11.804000	0.000089	10056.938091
11.856000	0.000089	10056.961004
11.908000	0.000090	10056.984692
11.960000	0.000090	10057.008459
12.012000	0.000090	10057.032981
12.064000	0.000091	10057.057641
12.116000	0.000091	10057.082974
12.168000	0.000092	10057.108509
12.220000	0.000092	10057.134666
12.272000	0.000093	10057.161097
12.324000	0.000093	10057.188105
12.376000	0.000094	10057.215454
12.428000	0.000094	10057.243315
12.480000	0.000095	10057.303593
12.532000	0.000095	10057.384616
12.584000	0.000096	10057.430056
12.636000	0.000096	10057.459622
12.688000	0.000097	10057.489755
12.740000	0.000097	10057.520225
12.792000	0.000098	10057.551312
12.844000	0.000098	10057.582657
12.896000	0.000099	10057.614728
12.948000	0.000099	10057.647001
13.000000	0.000100	10057.680021
13.052000	0.000100	10057.713165
13.104000	0.000101	10057.747171
13.156000	0.000101	10057.781255
13.208000	0.000102	10057.816273
13.260000	0.000102	10057.851383
13.312000	0.000103	10057.887337
13.364000	0.000103	10057.939518
13.416000	0.000104	10058.028695
13.468000	0.000104	10058.098017
13.520000	0.000105	10058.135897
13.572000	0.000106	10058.174094
13.624000	0.000106	10058.212944
13.676000	0.000107	10058.252182
13.728000	0.000107	10058.291993
13.780000	0.000108	10058.332304
13.832000	0.000108	10058.373158
13.884000	0.000109	10058.414556
13.936000	0.000110	10058.456388
13.988000	0.000110	10058.498894
14.040000	0.000111	10058.541790
14.092000	0.000111	10058.585406
14.144000	0.000112	10058.629317
14.196000	0.000113	10058.674062
14.248000	0.000113	10058.719034
14.300000	0.000114	10058.764932
14.352000	0.000114	10058.815142
14.404000	0.000115	10058.914485
14.456000	0.000116	10059.005713
14.508000	0.000116	10059.053946
14.560000	0.000117	10059.102291
14.612000	0.000118	10059.151615
14.664000	0.000118	10059.201136
14.716000	0.000119	10059.251571
14.768000	0.000120	10059.302306
14.820000	0.000120	10059.353925
14.872000	0.000121	10059.405919
14.924000	0.000122	10059.458666
14.976000	0.000122	10059.511890
15.028000	0.000123	10059.565805
15.080000	0.000124	10059.620300
15.132000	0.000124	10059.675411
15.184000	0.000125	10059.731211
15.236000	0.000126	10059.787552
15.288000	0.000126	10059.885176
15.340000	0.000127	10059.995009
15.392000	0.000128	10060.061186
15.444000	0.000129	10060.119988
15.496000	0.000129	10060.179779
15.548000	0.000130	10060.239829
15.600000	0.000131	10060.300980
15.652000	0.000132	10060.362298
15.704000	0.000132	10060.424847
15.756000	0.000133	10060.487504
15.808000	0.000134	10060.551437
15.860000	0.000135	10060.615516
15.912000	0.000135	10060.680801
15.964000	0.000136	10060.746332
16.016000	0.000137	10060.812968
16.068000	0.000138	10060.900498
16.120000	0.000139	10061.020793
16.172000	0.000139	10061.116973
16.224000	0.000140	10061.186359
16.276000	0.000141	10061.256341
16.328000	0.000142	10061.327174
16.380000	0.000143	10061.398695
16.432000	0.000144	10061.470933
16.484000	0.000144	10061.544019
16.536000	0.000145	10061.617755
16.588000	0.000146	10061.692440
16.640000	0.000147	10061.767653
16.692000	0.000148	10061.843945
16.744000	0.000149	10061.920658
16.796000	0.000150	10061.998599
16.848000	0.000151	10062.077415
16.900000	0.000152	10062.209323
16.952000	0.000153	10062.336827
17.004000	0.000153	10062.418145
17.056000	0.000154	10062.499591
17.108000	0.000155	10062.582590
17.160000	0.000156	10062.665770
17.212000	0.000157	10062.750406
17.264000	0.000158	10062.835354
17.316000	0.000159	10062.921654
17.368000	0.000160	10063.008402
17.420000	0.000161	10063.096404
17.472000	0.000162	10063.184980
17.524000	0.000163	10063.274673
17.576000	0.000164	10063.393948
17.628000	0.000165	10063.537724
17.680000	0.000166	10063.649489
17.732000	0.000167	10063.742726
17.784000	0.000169	10063.836996
17.836000	0.000170	10063.932042
17.888000	0.000171	10064.028265
17.940000	0.000172	10064.125128
17.992000	0.000173	10064.223361
18.044000	0.000174	10064.322115
18.096000	0.000175	10064.422396
18.148000	0.000176	10064.523055
18.200000	0.000177	10064.625436
18.252000	0.000179	10064.732874
18.304000	0.000180	10064.889656
18.356000	0.000181	10065.037737
18.408000	0.000182	10065.144288
18.460000	0.000183	10065.251075
18.512000	0.000185	10065.359698
18.564000	0.000186	10065.468719
18.616000	0.000187	10065.579423
18.668000	0.000188	10065.690692
18.720000	0.000190	10065.803505
18.772000	0.000191	10065.917061
18.824000	0.000192	10066.032029
18.876000	0.000194	10066.147925
18.928000	0.000195	10066.265095
18.980000	0.000196	10066.416475
19.032000	0.000198	10066.588176
19.084000	0.000199	10066.724051
19.136000	0.000200	10066.845730
19.188000	0.000202	10066.968935
19.240000	0.000203	10067.092952
19.292000	0.000205	10067.218696
19.344000	0.000206	10067.345078
19.396000	0.000207	10067.473390
19.448000	0.000209	10067.602163
19.500000	0.000210	10067.733144
19.552000	0.000212	10067.864415
19.604000	0.000213	10067.998058
19.656000	0.000215	10068.140977
19.708000	0.000217	10068.329591
19.760000	0.000218	10068.505398
19.812000	0.000220	10068.644313
19.864000	0.000221	10068.783748
19.916000	0.000223	10068.925319
19.968000	0.000225	10069.067621
20.020000	0.000226	10069.211871
20.072000	0.000228	10069.357097
20.124000	0.000230	10069.504138
20.176000	0.000231	10069.652376
20.228000	0.000233	10069.802224
20.280000	0.000235	10069.953523
20.332000	0.000237	10070.106253
20.384000	0.000238	10070.298030
20.436000	0.000240	10070.505972
20.488000	0.000242	10070.674518
20.540000	0.000244	10070.833199
20.592000	0.000246	10070.994141
20.644000	0.000248	10071.155898
20.696000	0.000250	10071.320132
20.748000	0.000252	10071.484941
20.800000	0.000254	10071.652601
20.852000	0.000256	10071.820618
20.904000	0.000258	10071.991801
20.956000	0.000260	10072.163243
21.008000	0.000262	10072.337816
21.060000	0.000264	10072.526137
21.112000	0.000266	10072.756379
21.164000	0.000269	10072.969952
21.216000	0.000271	10073.151417
21.268000	0.000273	10073.333839
21.320000	0.000275	10073.518756
21.372000	0.000278	10073.704980
21.424000	0.000280	10073.893585
21.476000	0.000282	10074.083800
21.528000	0.000285	10074.276137
21.580000	0.000287	10074.470349
21.632000	0.000290	10074.666373
21.684000	0.000292	10074.864662
21.736000	0.000295	10075.064554
21.788000	0.000298	10075.267082
21.840000	0.000300	10075.470951
21.892000	0.000303	10075.723407
21.944000	0.000306	10075.983543
21.996000	0.000309	10076.197423
22.048000	0.000311	10076.409465
22.100000	0.000314	10076.625256
22.152000	0.000317	10076.841492
22.204000	0.000320	10077.061878
22.256000	0.000323	10077.282602
22.308000	0.000326	10077.507457
22.360000	0.000329	10077.732902
22.412000	0.000333	10077.962380
22.464000	0.000336	10078.192778
22.516000	0.000339	10078.426757
22.568000	0.000342	10078.662096
22.620000	0.000346	10078.900904
22.672000	0.000349	10079.141427
22.724000	0.000353	10079.385014
22.776000	0.000356	10079.630757
22.828000	0.000360	10079.879293
22.880000	0.000364	10080.164135
22.932000	0.000368	10080.469953
22.984000	0.000371	10080.741081
23.036000	0.000375	10080.999853
23.088000	0.000379	10081.262185
23.140000	0.000383	10081.526293
23.192000	0.000388	10081.794443
23.244000	0.000392	10082.063980
23.296000	0.000396	10082.338068
23.348000	0.000401	10082.613143
23.400000	0.000405	10082.893306
23.452000	0.000410	10083.174040
23.504000	0.000415	10083.460464
23.556000	0.000419	10083.747353
23.608000	0.000424	10084.039940
23.660000	0.000429	10084.333338
23.712000	0.000435	10084.632066
23.764000	0.000440	10084.932086
23.816000	0.000445	10085.236998
23.868000	0.000451	10085.543775
23.920000	0.000456	10085.855203
23.972000	0.000462	10086.169039
24.024000	0.000468	10086.487094
24.076000	0.000474	10086.808128
24.128000	0.000480	10087.132945
24.180000	0.000486	10087.461321
24.232000	0.000493	10087.793011
24.284000	0.000499	10088.128955
24.336000	0.000506	10088.467796
24.388000	0.000513	10088.811582
24.440000	0.000520	10089.157781
24.492000	0.000528	10089.555659
24.544000	0.000535	10089.961618
24.596000	0.000543	10090.323784
24.648000	0.000551	10090.685107
24.700000	0.000559	10091.053569
24.752000	0.000567	10091.422791
24.804000	0.000575	10091.799984
24.856000	0.000584	10092.177817
24.908000	0.000593	10092.563410
24.960000	0.000602	10092.950175
25.012000	0.000612	10093.344354
25.064000	0.000622	10093.740405
25.116000	0.000632	10094.143349
25.168000	0.000642	10094.548903
25.220000	0.000652	10094.960820
25.272000	0.000663	10095.376145
25.324000	0.000675	10095.797326
25.376000	0.000686	10096.222740
25.428000	0.000698	10096.653431
25.480000	0.000710	10097.089196
25.532000	0.000723	10097.529599
25.584000	0.000736	10097.976054
25.636000	0.000749	10098.426552
25.688000	0.000763	10098.883988
25.740000	0.000777	10099.344736
25.792000	0.000792	10099.813547
25.844000	0.000807	10100.284987
25.896000	0.000822	10100.765363
25.948000	0.000838	10101.247551
26.000000	0.000855	10101.740017
26.052000	0.000872	10102.233518
26.104000	0.000890	10102.738343
26.156000	0.000908	10103.244080
26.208000	0.000927	10103.760863
26.260000	0.000946	10104.279375
26.312000	0.000966	10104.808419
26.364000	0.000987	10105.340193
26.416000	0.001009	10105.881746
26.468000	0.001031	10106.427126
26.520000	0.001054	10106.981641
26.572000	0.001077	10107.514752
26.624000	0.001102	10108.030174
26.676000	0.001128	10108.582141
26.728000	0.001154	10109.163602
26.780000	0.001181	10109.752493
26.832000	0.001209	10110.348052
26.884000	0.001239	10110.952350
26.936000	0.001269	10111.562370
26.988000	0.001300	10112.182559
27.040000	0.001333	10112.807501
27.092000	0.001366	10113.444194
27.144000	0.001401	10114.084623
27.196000	0.001438	10114.738248
27.248000	0.001475	10115.394461
27.300000	0.001514	10116.065581
27.352000	0.001554	10116.738117
27.404000	0.001596	10117.427342
27.456000	0.001639	10118.117911
27.508000	0.001685	10118.824690
27.560000	0.001731	10119.534066
27.612000	0.001780	10120.258687
27.664000	0.001830	10120.987422
27.716000	0.001882	10121.730520
27.768000	0.001936	10122.479329
27.820000	0.001993	10123.241470
27.872000	0.002051	10124.011026
27.924000	0.002112	10124.792827
27.976000	0.002175	10125.583820
28.028000	0.002241	10126.385849
28.080000	0.002309	10127.199030
28.132000	0.002380	10128.022038
28.184000	0.002453	10128.858120
28.236000	0.002529	10129.702601
28.288000	0.002609	10130.562419
28.340000	0.002691	10131.429256
28.392000	0.002778	10132.313593
28.444000	0.002866	10133.203355
28.496000	0.002960	10134.062368
28.548000	0.003055	10134.926184
28.600000	0.003156	10135.862268
28.652000	0.003258	10136.800364
28.704000	0.003368	10137.763696
28.756000	0.003479	10138.729049
28.808000	0.003598	10139.718649
28.860000	0.003717	10140.712304
28.912000	0.003845	10141.728949
28.964000	0.003975	10142.751973
29.016000	0.004113	10143.796706
29.068000	0.004253	10144.850202
29.120000	0.004402	10145.923721
29.172000	0.004554	10147.008654
29.224000	0.004713	10148.112084
29.276000	0.004878	10149.229729
29.328000	0.005050	10150.364139
29.380000	0.005228	10151.515661
29.432000	0.005412	10152.681990
29.484000	0.005605	10153.868644
29.536000	0.005803	10155.068110
29.588000	0.006011	10156.291198
29.640000	0.006224	10157.524867
29.692000	0.006448	10158.785731
29.744000	0.006676	10160.054817
29.796000	0.006918	10161.354900
29.848000	0.007162	10162.660663
29.900000	0.007422	10164.001434
29.952000	0.007684	10165.338427
30.004000	0.007963	10166.669080
30.056000	0.008244	10168.013754
30.108000	0.008543	10169.437471
30.160000	0.008843	10170.867689
30.212000	0.009162	10172.333528
30.264000	0.009484	10173.809472
30.316000	0.009822	10175.318946
30.368000	0.010166	10176.842408
30.420000	0.010526	10178.397180
30.472000	0.010892	10179.970004
30.524000	0.011272	10181.571531
30.576000	0.011662	10183.195618
30.628000	0.012063	10184.845832
30.680000	0.012475	10186.523211
30.732000	0.012898	10188.223676
30.784000	0.013333	10189.956383
30.836000	0.013776	10191.709031
30.888000	0.014233	10193.499270
30.940000	0.014697	10195.305995
30.992000	0.015174	10197.156065
31.044000	0.015657	10199.018906
31.096000	0.016154	10200.931108
31.148000	0.016654	10202.852041
31.200000	0.017168	10204.828852
31.252000	0.017684	10206.810406
31.304000	0.018211	10208.854137
31.356000	0.018740	10210.903231
31.408000	0.019278	10213.011845
31.460000	0.019816	10215.131141
31.512000	0.020359	10217.306975
31.564000	0.020902	10219.499297
31.616000	0.021446	10221.744936
31.668000	0.021988	10224.013288
31.720000	0.022526	10226.331376
31.772000	0.023060	10228.678773
31.824000	0.023586	10231.071866
31.876000	0.024104	10233.501465
31.928000	0.024610	10235.972554
31.980000	0.025103	10238.487719
32.032000	0.025581	10241.039629
32.084000	0.026038	10243.643827
32.136000	0.026480	10246.279713
32.188000	0.026889	10248.976499
32.240000	0.027282	10251.699391
32.292000	0.027632	10254.492487
32.344000	0.027965	10257.305704
32.396000	0.028241	10260.199311
32.448000	0.028503	10263.106602
32.500000	0.028691	10266.104602
32.552000	0.028869	10269.110209
32.604000	0.028952	10272.215487
32.656000	0.029027	10275.329944
32.708000	0.028995	10278.540836
32.760000	0.028949	10281.768045
32.812000	0.028791	10285.082667
32.864000	0.028606	10288.428477
32.916000	0.028310	10291.866892
32.968000	0.027971	10295.340588
33.020000	0.027521	10298.891941
33.072000	0.027012	10302.494141
33.124000	0.026397	10306.172320
33.176000	0.025704	10309.907383
33.228000	0.024911	10313.707274
33.280000	0.024022	10317.583806
33.332000	0.023041	10321.521781
33.384000	0.021945	10325.545571
33.436000	0.020768	10329.620321
33.488000	0.019456	10333.795642
33.540000	0.018076	10338.013114
33.592000	0.016544	10342.342044
33.644000	0.014959	10346.702919
33.696000	0.013205	10351.201443
33.748000	0.011413	10355.721752
33.800000	0.009441	10360.392519
33.852000	0.007447	10365.076562
33.904000	0.005263	10369.929491
33.956000	0.003064	10374.797103
34.008000	0.000691	10379.818676
34.060000	-0.001703	10384.870669
34.112000	-0.004244	10390.073263
34.164000	-0.006815	10395.321759
34.216000	-0.009503	10400.711521
34.268000	-0.012226	10406.166809
34.320000	-0.015036	10411.757711
34.372000	-0.017879	10417.427054
34.424000	-0.020781	10423.215932
34.476000	-0.023709	10429.108576
34.528000	-0.026670	10435.113672
34.580000	-0.029642	10441.236981
34.632000	-0.032624	10447.456681
34.684000	-0.035595	10453.824388
34.736000	-0.038559	10460.277517
34.788000	-0.041480	10466.898261
34.840000	-0.044382	10473.588017
34.892000	-0.047205	10480.466212
34.944000	-0.050001	10487.396711
34.996000	-0.052674	10494.553212
35.048000	-0.055321	10501.744891
35.100000	-0.057795	10509.184492
35.152000	-0.060251	10516.644789
35.204000	-0.062480	10524.374251
35.256000	-0.064688	10532.130622
35.308000	-0.066643	10540.143823
35.360000	-0.068559	10548.208833
35.412000	-0.070213	10556.520046
35.464000	-0.071798	10564.904811
35.516000	-0.073124	10573.514357
35.568000	-0.074351	10582.225389
35.620000	-0.075329	10591.146211
35.672000	-0.076175	10600.199847
35.724000	-0.076791	10609.448331
35.776000	-0.077245	10618.852662
35.828000	-0.077492	10628.426878
35.880000	-0.077548	10638.194622
35.932000	-0.077427	10648.114590
35.984000	-0.077091	10658.252450
36.036000	-0.076609	10668.516594
36.088000	-0.075894	10679.040348
36.140000	-0.075065	10689.668001
36.192000	-0.073992	10700.584441
36.244000	-0.072837	10711.577843
36.296000	-0.071434	10722.895393
36.348000	-0.069979	10734.262345
36.400000	-0.068280	10745.983932
36.452000	-0.066555	10757.736042
36.504000	-0.064600	10769.871882
36.556000	-0.062629	10782.047879
36.608000	-0.060472	10794.582313
36.660000	-0.058294	10807.185181
36.712000	-0.055979	10820.112316
36.764000	-0.053639	10833.141291
36.816000	-0.051205	10846.470549
36.868000	-0.048749	10859.933655
36.920000	-0.046237	10873.667877
36.972000	-0.043710	10887.570324
37.024000	-0.041158	10901.715425
37.076000	-0.038604	10916.054719
37.128000	-0.036048	10930.601566
37.180000	-0.033507	10945.375830
37.232000	-0.030981	10960.327121
37.284000	-0.028491	10975.539109
37.336000	-0.026025	10990.896975
37.388000	-0.023617	11006.538910
37.440000	-0.021237	11022.293084
37.492000	-0.018939	11038.351650
37.544000	-0.016668	11054.490033
37.596000	-0.014502	11070.964389
37.648000	-0.012358	11087.487628
37.700000	-0.010340	11104.359672
37.752000	-0.008336	11121.259830
37.804000	-0.006479	11138.503802
37.856000	-0.004634	11155.782483
37.908000	-0.002934	11173.363058
37.960000	-0.001257	11191.000611
38.012000	0.000285	11208.897732
38.064000	0.001792	11226.870045
38.116000	0.003177	11245.059561
38.168000	0.004516	11263.338527
38.220000	0.005747	11281.795664
38.272000	0.006923	11300.350564
38.324000	0.008005	11319.045395
38.376000	0.009024	11337.840370
38.428000	0.009965	11356.740318
38.480000	0.010836	11375.736168
38.532000	0.011644	11394.805836
38.584000	0.012377	11413.963350
38.636000	0.013061	11433.168878
38.688000	0.013668	11452.433143
38.740000	0.014237	11471.721534
38.792000	0.014728	11491.043828
38.844000	0.015193	11510.375183
38.896000	0.015578	11529.706538
38.948000	0.015949	11549.037213
39.000000	0.016241	11568.309288
39.052000	0.016526	11587.576301
39.104000	0.016735	11606.740935
39.156000	0.016940	11625.886104
39.208000	0.017081	11644.879884
39.260000	0.017214	11663.833338
39.312000	0.017296	11682.608245
39.364000	0.017367	11701.308426
39.416000	0.017397	11719.800404
39.468000	0.017414	11738.172356
39.520000	0.017400	11756.314401
39.572000	0.017371	11774.289511
39.624000	0.017318	11792.030754
39.676000	0.017250	11809.540067
39.728000	0.017165	11826.813019
39.780000	0.017065	11843.782913
39.832000	0.016952	11860.526433
39.884000	0.016825	11876.881178
39.936000	0.016689	11893.027212
39.988000	0.016540	11908.703093
40.040000	0.016385	11924.201289
40.092000	0.016219	11939.127271
40.144000	0.016049	11953.913710
40.196000	0.015869	11968.022578
40.248000	0.015687	11982.040063
40.300000	0.015496	11995.267130
40.352000	0.015305	12008.428817
40.404000	0.015107	12020.745784
40.456000	0.014908	12032.956892
40.508000	0.014705	12044.340463
40.560000	0.014502	12055.541498
40.612000	0.014296	12065.961017
40.664000	0.014090	12076.109806
40.716000	0.013883	12085.516412
40.768000	0.013675	12094.560581
40.820000	0.013468	12102.915139
40.872000	0.013261	12110.811808
40.924000	0.013054	12118.080713
40.976000	0.012848	12124.795808
41.028000	0.012644	12130.954891
41.080000	0.012440	12136.460562
41.132000	0.012238	12141.485757
41.184000	0.012038	12145.757708
41.236000	0.011840	12149.630321
41.288000	0.011644	12152.646590
41.340000	0.011449	12155.347366
41.392000	0.011257	12157.097220
41.444000	0.011066	12158.622080
41.496000	0.010879	12159.116165
41.548000	0.010693	12159.476054
41.600000	0.010511	12158.710623
41.652000	0.010330	12157.854813
41.704000	0.010153	12155.872266
41.756000	0.009977	12153.756548
41.808000	0.009806	12150.636528
41.860000	0.009635	12147.294786
41.912000	0.009469	12143.037911
41.964000	0.009304	12138.481240
42.016000	0.009143	12133.118673
42.068000	0.008983	12127.384239
42.120000	0.008827	12120.956366
42.172000	0.008673	12114.087383
42.224000	0.008522	12106.624991
42.276000	0.008373	12098.653730
42.328000	0.008228	12090.182432
42.380000	0.008084	12081.163834
42.432000	0.007943	12071.749536
42.484000	0.007806	12061.727875
42.536000	0.007670	12051.392148
42.588000	0.007537	12040.433106
42.640000	0.007406	12029.249409
42.692000	0.007278	12017.409085
42.744000	0.007152	12005.418898
42.796000	0.007029	11992.770108
42.848000	0.006907	11980.039397
42.900000	0.006789	11966.640784
42.952000	0.006672	11953.192812
43.004000	0.006559	11939.153216
43.056000	0.006446	11925.043270
43.108000	0.006337	11910.438305
43.160000	0.006228	11895.733312
43.212000	0.006123	11880.631257
43.264000	0.006019	11865.408548
43.316000	0.005918	11849.874285
43.368000	0.005818	11834.208278
43.420000	0.005721	11818.305314
43.472000	0.005625	11802.272990
43.524000	0.005531	11786.071837
43.576000	0.005439	11769.743322
43.628000	0.005349	11753.296178
43.680000	0.005261	11736.738746
43.732000	0.005174	11720.107544
43.784000	0.005089	11703.400585
43.836000	0.005006	11686.657154
43.888000	0.004924	11669.866718
43.940000	0.004844	11653.062757
43.992000	0.004766	11636.254192
44.044000	0.004689	11619.447433
44.096000	0.004614	11602.678604
44.148000	0.004539	11585.918254
44.200000	0.004467	11569.258387
44.252000	0.004396	11552.607717
44.304000	0.004327	11536.097613
44.356000	0.004258	11519.610517
44.408000	0.004192	11503.301439
44.460000	0.004126	11487.035455
44.512000	0.004062	11470.957568
44.564000	0.003998	11454.953969
44.616000	0.003937	11439.153090
44.668000	0.003876	11423.460051
44.720000	0.003817	11407.970577
44.772000	0.003758	11392.627399
44.824000	0.003701	11377.482856
44.876000	0.003645	11362.525945
44.928000	0.003590	11347.755307
44.980000	0.003536	11333.216552
45.032000	0.003483	11318.846217
45.084000	0.003432	11304.754805
45.136000	0.003381	11290.809157
45.188000	0.003331	11277.190077
45.240000	0.003282	11263.689299
45.292000	0.003234	11250.559519
45.344000	0.003187	11237.517005
45.396000	0.003141	11224.905031
45.448000	0.003095	11212.345882
45.500000	0.003051	11200.257080
45.552000	0.003007	11188.206817
45.604000	0.002965	11176.638706
45.656000	0.002923	11165.132049
45.708000	0.002882	11154.075367
45.760000	0.002841	11143.123179
45.812000	0.002802	11132.593154
45.864000	0.002763	11122.202743
45.916000	0.002725	11112.187412
45.968000	0.002687	11102.360482
46.020000	0.002651	11092.879715
46.072000	0.002615	11083.627182
46.124000	0.002579	11074.679600
46.176000	0.002545	11066.001738
46.228000	0.002511	11057.588278
46.280000	0.002477	11049.482452
46.332000	0.002444	11041.598926
46.384000	0.002412	11034.071869
46.436000	0.002380	11026.728286
46.488000	0.002349	11019.772578
46.540000	0.002319	11012.957245
46.592000	0.002289	11006.573627
46.644000	0.002260	11000.289599
46.696000	0.002231	10994.476081
46.748000	0.002202	10988.721084
46.800000	0.002175	10983.474643
46.852000	0.002147	10978.268557
46.904000	0.002121	10973.561991
46.956000	0.002094	10968.916268
47.008000	0.002069	10964.723069
47.060000	0.002043	10960.632759
47.112000	0.002018	10956.959146
47.164000	0.001994	10953.424973
47.216000	0.001970	10950.261515
47.268000	0.001946	10947.272028
47.320000	0.001923	10944.607665
47.372000	0.001900	10942.156466
47.424000	0.001878	10939.991486
47.476000	0.001856	10938.075399
47.528000	0.001834	10936.404664
47.580000	0.001813	10935.017501
47.632000	0.001793	10933.835429
47.684000	0.001772	10932.969509
47.736000	0.001752	10932.268585
47.788000	0.001732	10931.917499
47.840000	0.001713	10931.693327
47.892000	0.001694	10931.849179
47.944000	0.001675	10932.093677
47.996000	0.001657	10932.742319
48.048000	0.001639	10933.443532
48.100000	0.001621	10934.587753
48.152000	0.001604	10935.765607
48.204000	0.001587	10937.366656
48.256000	0.001570	10939.019329
48.308000	0.001554	10941.058855
48.360000	0.001537	10943.181408
48.412000	0.001521	10945.648178
48.464000	0.001506	10948.228510
48.516000	0.001491	10951.114071
48.568000	0.001475	10954.141352
48.620000	0.001461	10957.434249
48.672000	0.001446	10960.895841
48.724000	0.001432	10964.585888
48.776000	0.001418	10968.464753
48.828000	0.001404	10972.532837
48.880000	0.001390	10976.819818
48.932000	0.001377	10981.264991
48.984000	0.001364	10985.940169
49.036000	0.001351	10990.737585
49.088000	0.001339	10995.786025
49.140000	0.001326	11000.926296
49.192000	0.001314	11006.335054
49.244000	0.001302	11011.806060
49.296000	0.001290	11017.546799
49.348000	0.001279	11023.322967
49.400000	0.001267	11029.380122
49.452000	0.001256	11035.458070
49.504000	0.001245	11041.795231
49.556000	0.001235	11048.163447
49.608000	0.001224	11054.760151
49.660000	0.001214	11061.402028
49.712000	0.001204	11068.232443
49.764000	0.001194	11075.118141
49.816000	0.001184	11082.156131
49.868000	0.001174	11089.263276
49.920000	0.001165	11096.498304
49.972000	0.001155	11103.802186
50.024000	0.001146	11111.201606
50.076000	0.001137	11118.673799
50.128000	0.001129	11126.218736
50.180000	0.001120	11133.835769
50.232000	0.001112	11141.505661
50.284000	0.001103	11149.245817
50.336000	0.001095	11157.022083
50.388000	0.001087	11164.846454
50.440000	0.001080	11172.691020
50.492000	0.001072	11180.585694
50.544000	0.001064	11188.491570
50.596000	0.001057	11196.427421
50.648000	0.001050	11204.367592
50.700000	0.001043	11212.319106
50.752000	0.001036	11220.269692
50.804000	0.001029	11228.208380
50.856000	0.001022	11236.144815
50.908000	0.001016	11244.062311
50.960000	0.001009	11251.968239
51.012000	0.001003	11259.833966
51.064000	0.000997	11267.683929
51.116000	0.000991	11275.491448
51.168000	0.000985	11283.267911
51.220000	0.000979	11290.991149
51.272000	0.000974	11298.673661
51.324000	0.000968	11306.303471
51.376000	0.000963	11313.878560
51.428000	0.000957	11321.401550
51.480000	0.000952	11328.855263
51.532000	0.000947	11336.260713
51.584000	0.000942	11343.579606
51.636000	0.000938	11350.855062
51.688000	0.000933	11358.029771
51.740000	0.000928	11365.169702
51.792000	0.000924	11372.192247
51.844000	0.000919	11379.189088
51.896000	0.000915	11386.051268
51.948000	0.000911	11392.898064
52.000000	0.000907	11399.595468
52.052000	0.000903	11406.279851
52.104000	0.000899	11412.811408
52.156000	0.000896	11419.323979
52.208000	0.000892	11425.701989
52.260000	0.000888	11432.047017
52.312000	0.000885	11438.265075
52.364000	0.000882	11444.435482
52.416000	0.000878	11450.488288
52.468000	0.000875	11456.485731
52.520000	0.000872	11462.382855
52.572000	0.000869	11468.207282
52.624000	0.000867	11473.940164
52.676000	0.000864	11479.595223
52.728000	0.000861	11485.175557
52.780000	0.000859	11490.658204
52.832000	0.000856	11496.074817
52.884000	0.000854	11501.387814
52.936000	0.000851	11506.649641
52.988000	0.000849	11511.801672
53.040000	0.000847	11516.915348
53.092000	0.000845	11521.897510
53.144000	0.000843	11526.852378
53.196000	0.000842	11531.672213
53.248000	0.000840	11536.477116
53.300000	0.000838	11541.137232
53.352000	0.000837	11545.787108
53.404000	0.000835	11550.301195
53.456000	0.000834	11554.794898
53.508000	0.000832	11559.159545
53.560000	0.000831	11563.494370
53.612000	0.000830	11567.715914
53.664000	0.000829	11571.897113
53.716000	0.000828	11575.977283
53.768000	0.000827	11580.007074
53.820000	0.000827	11583.948270
53.872000	0.000826	11587.829556
53.924000	0.000825	11591.634495
53.976000	0.000825	11595.373832
54.028000	0.000824	11599.050284
54.080000	0.000824	11602.645587
54.132000	0.000824	11606.186800
54.184000	0.000824	11609.642627
54.236000	0.000824	11613.056623
54.288000	0.000824	11616.377813
54.340000	0.000824	11619.667827
54.392000	0.000824	11622.859741
54.444000	0.000824	11626.031010
54.496000	0.000824	11629.098247
54.548000	0.000825	11632.154429
54.600000	0.000825	11635.101979
54.652000	0.000826	11638.041342
54.704000	0.000827	11640.881160
54.756000	0.000827	11643.708865
54.808000	0.000828	11646.453688
54.860000	0.000829	11649.176163
54.912000	0.000830	11651.820042
54.964000	0.000831	11654.437436
55.016000	0.000833	11656.990310
55.068000	0.000834	11659.511788
55.120000	0.000835	11661.979543
55.172000	0.000837	11664.413986
55.224000	0.000838	11666.805332
55.276000	0.000840	11669.153694
55.328000	0.000842	11671.464495
55.380000	0.000844	11673.732207
55.432000	0.000845	11675.971377
55.484000	0.000847	11678.167350
55.536000	0.000850	11680.341622
55.588000	0.000852	11682.463809
55.640000	0.000854	11684.570235
55.692000	0.000856	11686.624380
55.744000	0.000859	11688.668275
55.796000	0.000861	11690.663739
55.848000	0.000864	11692.653265
55.900000	0.000867	11694.582494
55.952000	0.000870	11696.508756
56.004000	0.000873	11698.387457
56.056000	0.000876	11700.257310
56.108000	0.000879	11702.077552
56.160000	0.000882	11703.888356
56.212000	0.000885	11705.660479
56.264000	0.000889	11707.417637
56.316000	0.000892	11709.137986
56.368000	0.000896	11710.837602
56.420000	0.000900	11712.503423
56.472000	0.000904	11714.149412
56.524000	0.000908	11715.768272
56.576000	0.000912	11717.362046
56.628000	0.000916	11718.932272
56.680000	0.000920	11720.472448
56.732000	0.000924	11721.991817
56.784000	0.000929	11723.479049
56.836000	0.000934	11724.950229
56.888000	0.000938	11726.384838
56.940000	0.000943	11727.806692
56.992000	0.000948	11729.189812
57.044000	0.000953	11730.564245
57.096000	0.000958	11731.894393
57.148000	0.000964	11733.219292
57.200000	0.000969	11734.499334
57.252000	0.000974	11735.777125
57.304000	0.000980	11737.013501
57.356000	0.000986	11738.242849
57.408000	0.000992	11739.426521
57.460000	0.000998	11740.601134
57.512000	0.001004	11741.737090
57.564000	0.001010	11742.862837
57.616000	0.001017	11743.956499
57.668000	0.001023	11745.030981
57.720000	0.001030	11746.070807
57.772000	0.001037	11747.093021
57.824000	0.001044	11748.087737
57.876000	0.001051	11749.057105
57.928000	0.001058	11749.999730
57.980000	0.001066	11750.906627
58.032000	0.001073	11751.787462
58.084000	0.001081	11752.635048
58.136000	0.001089	11753.462027
58.188000	0.001097	11754.243370
58.240000	0.001105	11755.006251
58.292000	0.001113	11755.713457
58.344000	0.001122	11756.405718
58.396000	0.001130	11757.031947
58.448000	0.001139	11757.647919
58.500000	0.001148	11758.181914
58.552000	0.001157	11758.710474
58.604000	0.001167	11759.153266
58.656000	0.001176	11759.584296
58.708000	0.001186	11759.915886
58.760000	0.001195	11760.227755
58.812000	0.001205	11760.445593
58.864000	0.001216	11760.634110
58.916000	0.001226	11760.731024
58.968000	0.001237	11760.779659
59.020000	0.001247	11760.733037
59.072000	0.001258	11760.627966
59.124000	0.001270	11760.435096
59.176000	0.001281	11760.162462
59.228000	0.001293	11759.805049
59.280000	0.001304	11759.343753
59.332000	0.001316	11758.803524
59.384000	0.001329	11758.145406
59.436000	0.001341	11757.419480
59.488000	0.001354	11756.545950
59.540000	0.001367	11755.614542
59.592000	0.001380	11754.511803
59.644000	0.001393	11753.365169
59.696000	0.001407	11752.019736
59.748000	0.001421	11750.646488
59.800000	0.001435	11749.048839
59.852000	0.001449	11747.431252
59.904000	0.001464	11745.569760
59.956000	0.001479	11743.680616
60.008000	0.001494	11741.561074
60.060000	0.001509	11739.394182
60.112000	0.001525	11737.013103
60.164000	0.001541	11734.559419
60.216000	0.001557	11731.905702
60.268000	0.001574	11729.160156
60.320000	0.001591	11726.233708
60.372000	0.001608	11723.192936
60.424000	0.001625	11719.993002
60.476000	0.001643	11716.654045
60.528000	0.001661	11713.175714
60.580000	0.001680	11709.543623
60.632000	0.001698	11705.795426
60.684000	0.001718	11701.870440
60.736000	0.001737	11697.850811
60.788000	0.001757	11693.639322
60.840000	0.001777	11689.356479
60.892000	0.001798	11684.874241
60.944000	0.001818	11680.344247
60.996000	0.001840	11675.593552
61.048000	0.001861	11670.814969
61.100000	0.001884	11665.825041
61.152000	0.001906	11660.816955
61.204000	0.001929	11655.600393
61.256000	0.001952	11650.360600
61.308000	0.001976	11644.948197
61.360000	0.002000	11639.502858
61.412000	0.002025	11633.918301
61.464000	0.002050	11628.288273
61.516000	0.002075	11622.542299
61.568000	0.002101	11616.754212
61.620000	0.002128	11610.886969
61.672000	0.002155	11604.972876
61.724000	0.002182	11598.997965
61.776000	0.002210	11592.978140
61.828000	0.002239	11586.918170
61.880000	0.002268	11580.830312
61.932000	0.002297	11574.722818
61.984000	0.002327	11568.597604
62.036000	0.002358	11562.465300
62.088000	0.002389	11556.334565
62.140000	0.002421	11550.206526
62.192000	0.002453	11544.103677
62.244000	0.002486	11538.008708
62.296000	0.002520	11531.968161
62.348000	0.002554	11525.936474
62.400000	0.002589	11519.990301
62.452000	0.002625	11514.052425
62.504000	0.002661	11508.231272
62.556000	0.002698	11502.427665
62.608000	0.002736	11496.760161
62.660000	0.002774	11491.122774
62.712000	0.002813	11485.622674
62.764000	0.002853	11480.175581
62.816000	0.002894	11474.875637
62.868000	0.002935	11469.654856
62.920000	0.002978	11464.582599
62.972000	0.003021	11459.610179
63.024000	0.003065	11454.777382
63.076000	0.003109	11450.076460
63.128000	0.003155	11445.507854
63.180000	0.003201	11441.105805
63.232000	0.003249	11436.824015
63.284000	0.003297	11432.736876
63.336000	0.003346	11428.752262
63.388000	0.003397	11424.987974
63.440000	0.003448	11421.305454
63.492000	0.003500	11417.885961
63.544000	0.003553	11414.526687
63.596000	0.003608	11411.455347
63.648000	0.003662	11408.419380
63.700000	0.003719	11405.694402
63.752000	0.003777	11402.996227
63.804000	0.003836	11400.615550
63.856000	0.003895	11398.274521
63.908000	0.003957	11396.217901
63.960000	0.004019	11394.225047
64.012000	0.004082	11392.486547
64.064000	0.004147	11390.834140
64.116000	0.004213	11389.404551
64.168000	0.004281	11388.080934
64.220000	0.004349	11386.948116
64.272000	0.004420	11385.937910
64.324000	0.004491	11385.086465
64.376000	0.004564	11384.370603
64.428000	0.004638	11383.782578
64.480000	0.004715	11383.338494
64.532000	0.004792	11382.992745
64.584000	0.004871	11382.795068
64.636000	0.004951	11382.668968
64.688000	0.005034	11382.688780
64.740000	0.005117	11382.755898
64.792000	0.005203	11382.961557
64.844000	0.005290	11383.194061
64.896000	0.005380	11383.552626
64.948000	0.005470	11383.921833
65.000000	0.005563	11384.396150
65.052000	0.005657	11384.877521
65.104000	0.005754	11385.422950
65.156000	0.005852	11385.978424
65.208000	0.005953	11386.561366
65.260000	0.006054	11387.150930
65.312000	0.006159	11387.737903
65.364000	0.006265	11388.324628
65.416000	0.006374	11388.884650
65.468000	0.006484	11389.424560
65.520000	0.006597	11389.912289
65.572000	0.006712	11390.363101
65.624000	0.006829	11390.749294
65.676000	0.006949	11391.072381
65.728000	0.007070	11391.320315
65.780000	0.007195	11391.475981
65.832000	0.007321	11391.553577
65.884000	0.007450	11391.503208
65.936000	0.007581	11391.375983
65.988000	0.007716	11391.088029
66.040000	0.007851	11390.731282
66.092000	0.007991	11390.157651
66.144000	0.008131	11389.526481
66.196000	0.008276	11388.640722
66.248000	0.008422	11387.715473
66.300000	0.008572	11386.483109
66.352000	0.008723	11385.224678
66.404000	0.008878	11383.624172
66.456000	0.009035	11381.986541
66.508000	0.009195	11380.020248
66.560000	0.009357	11377.984471
66.612000	0.009523	11375.631602
66.664000	0.009690	11373.173566
66.716000	0.009861	11370.408790
66.768000	0.010034	11367.501093
66.820000	0.010210	11364.313927
66.872000	0.010388	11360.947937
66.924000	0.010568	11357.328326
66.976000	0.010752	11353.488232
67.028000	0.010937	11349.419945
67.080000	0.011125	11345.093974
67.132000	0.011315	11340.572776
67.184000	0.011508	11335.761396
67.236000	0.011702	11330.791300
67.288000	0.011899	11325.485147
67.340000	0.012097	11320.051004
67.392000	0.012298	11314.257541
67.444000	0.012499	11308.375028
67.496000	0.012702	11302.098135
67.548000	0.012906	11295.766093
67.600000	0.013112	11289.000669
67.652000	0.013318	11282.202740
67.704000	0.013525	11274.995242
67.756000	0.013731	11267.741368
67.808000	0.013938	11260.115715
67.860000	0.014145	11252.413474
67.912000	0.014350	11244.380838
67.964000	0.014555	11236.245716
68.016000	0.014758	11227.826810
68.068000	0.014959	11219.277672
68.120000	0.015157	11210.481946
68.172000	0.015352	11201.544160
68.224000	0.015544	11192.407176
68.276000	0.015731	11183.105158
68.328000	0.015914	11173.638184
68.380000	0.016090	11164.002860
68.432000	0.016261	11154.240413
68.484000	0.016423	11144.294561
68.536000	0.016580	11134.251904
68.588000	0.016723	11124.032905
68.640000	0.016863	11113.746085
68.692000	0.016983	11103.276769
68.744000	0.017101	11092.764665
68.796000	0.017194	11082.086935
68.848000	0.017285	11071.385180
68.900000	0.017346	11060.520933
68.952000	0.017403	11049.645264
69.004000	0.017428	11038.638210
69.056000	0.017445	11027.619582
69.108000	0.017427	11016.503583
69.160000	0.017397	11005.373265
69.212000	0.017330	10994.177070
69.264000	0.017245	10982.967950
69.316000	0.017123	10971.719263
69.368000	0.016975	10960.462800
69.420000	0.016788	10949.187863
69.472000	0.016568	10937.913731
69.524000	0.016310	10926.637343
69.576000	0.016008	10915.375187
69.628000	0.015669	10904.124079
69.680000	0.015275	10892.902076
69.732000	0.014847	10881.698439
69.784000	0.014350	10870.538069
69.836000	0.013824	10859.399488
69.888000	0.013213	10848.334174
69.940000	0.012579	10837.291365
69.992000	0.011844	10826.334218
70.044000	0.011093	10815.396530
70.096000	0.010224	10804.579377
70.148000	0.009346	10793.773808
70.200000	0.008335	10783.104804
70.252000	0.007312	10772.447708
70.304000	0.006160	10761.941012
70.356000	0.004984	10751.456956
70.408000	0.003686	10741.122134
70.460000	0.002351	10730.825432
70.512000	0.000903	10720.673570
70.564000	-0.000594	10710.577154
70.616000	-0.002194	10700.619759
70.668000	-0.003854	10690.735600
70.720000	-0.005604	10680.980527
70.772000	-0.007424	10671.314007
70.824000	-0.009320	10661.763143
70.876000	-0.011292	10652.327778
70.928000	-0.013327	10642.998705
70.980000	-0.015440	10633.795799
71.032000	-0.017601	10624.681323
71.084000	-0.019839	10615.717707
71.136000	-0.022110	10606.828392
71.188000	-0.024452	10598.108126
71.240000	-0.026813	10589.445064
71.292000	-0.029231	10580.970955
71.344000	-0.031658	10572.537131
71.396000	-0.034121	10564.310021
71.448000	-0.036586	10556.105609
71.500000	-0.039058	10548.125288
71.552000	-0.041527	10540.161345
71.604000	-0.043970	10532.409267
71.656000	-0.046403	10524.687454
71.708000	-0.048781	10517.162740
71.760000	-0.051133	10509.687616
71.812000	-0.053406	10502.393509
71.864000	-0.055634	10495.160732
71.916000	-0.057764	10488.083647
71.968000	-0.059821	10481.083804
72.020000	-0.061769	10474.221406
72.072000	-0.063611	10467.457877
72.124000	-0.065339	10460.816661
72.176000	-0.066924	10454.281999
72.228000	-0.068397	10447.848032
72.280000	-0.069687	10441.538214
72.332000	-0.070873	10435.312324
72.384000	-0.071836	10429.223677
72.436000	-0.072708	10423.201435
72.488000	-0.073315	10417.328870
72.540000	-0.073852	10411.505878
72.592000	-0.074084	10405.843771
72.644000	-0.074269	10400.214384
72.696000	-0.074114	10394.752173
72.748000	-0.073932	10389.308010
72.800000	-0.073395	10384.044009
72.852000	-0.072823	10378.794118
72.904000	-0.071929	10373.712986
72.956000	-0.070975	10368.653904
73.008000	-0.069737	10363.740937
73.060000	-0.068416	10358.863994
73.112000	-0.066853	10354.118770
73.164000	-0.065191	10349.421232
73.216000	-0.063328	10344.839362
73.268000	-0.061356	10340.315359
73.320000	-0.059225	10335.890244
73.372000	-0.056981	10331.529728
73.424000	-0.054617	10327.251785
73.476000	-0.052144	10323.050570
73.528000	-0.049587	10318.919201
73.580000	-0.046933	10314.872412
73.632000	-0.044225	10310.881857
73.684000	-0.041439	10306.979149
73.736000	-0.038622	10303.119803
73.788000	-0.035753	10299.359491
73.840000	-0.032871	10295.631119
73.892000	-0.029968	10292.002092
73.944000	-0.027063	10288.394736
73.996000	-0.024174	10284.902586
74.048000	-0.021287	10281.419560
74.100000	-0.018452	10278.042809
74.152000	-0.015627	10274.676272
74.204000	-0.012881	10271.418195
74.256000	-0.010155	10268.171568
74.308000	-0.007526	10265.010261
74.360000	-0.004934	10261.873769
74.412000	-0.002447	10258.821352
74.464000	-0.000015	10255.795702
74.516000	0.002309	10252.837696
74.568000	0.004558	10249.911919
74.620000	0.006702	10247.043424
74.672000	0.008753	10244.216415
74.724000	0.010706	10241.440240
74.776000	0.012547	10238.710387
74.828000	0.014302	10236.022180
74.880000	0.015927	10233.381184
74.932000	0.017480	10230.772971
74.984000	0.018887	10228.215581
75.036000	0.020238	10225.683592
75.088000	0.021430	10223.210892
75.140000	0.022582	10220.756864
75.192000	0.023565	10218.361370
75.244000	0.024524	10215.978381
75.296000	0.025307	10213.661911
75.348000	0.026075	10211.349794
75.400000	0.026675	10209.098259
75.452000	0.027256	10206.853522
75.504000	0.027692	10204.676078
75.556000	0.028100	10202.504312
75.608000	0.028385	10200.381049
75.660000	0.028634	10198.271771
75.712000	0.028781	10196.211460
75.764000	0.028887	10194.166606
75.816000	0.028911	10192.161536
75.868000	0.028888	10190.178447
75.920000	0.028802	10188.231726
75.972000	0.028668	10186.303652
76.024000	0.028485	10184.402786
76.076000	0.028255	10182.531020
76.128000	0.027989	10180.684922
76.180000	0.027678	10178.866245
76.232000	0.027341	10177.066975
76.284000	0.026963	10175.297826
76.336000	0.026568	10173.544041
76.388000	0.026135	10171.822509
76.440000	0.025694	10170.112144
76.492000	0.025219	10168.436407
76.544000	0.024740	10166.768175
76.596000	0.024235	10165.141738
76.648000	0.023728	10163.517017
76.700000	0.023203	10161.927508
76.752000	0.022677	10160.339930
76.804000	0.022140	10158.787851
76.856000	0.021602	10157.240082
76.908000	0.021060	10155.723840
76.960000	0.020519	10154.216600
77.012000	0.019978	10152.739907
77.064000	0.019438	10151.269501
77.116000	0.018903	10149.820515
77.168000	0.018371	10148.379476
77.220000	0.017845	10146.956944
77.272000	0.017325	10145.550770
77.324000	0.016812	10144.163850
77.376000	0.016307	10142.791497
77.428000	0.015809	10141.433731
77.480000	0.015323	10140.087741
77.532000	0.014842	10138.752677
77.584000	0.014376	10137.435141
77.636000	0.013915	10136.126993
77.688000	0.013469	10134.832405
77.740000	0.013028	10133.544713
77.792000	0.012605	10132.282363
77.844000	0.012185	10131.022604
77.896000	0.011785	10129.775921
77.948000	0.011386	10128.531570
78.000000	0.011008	10127.314865
78.052000	0.010632	10126.097385
78.104000	0.010275	10124.897258
78.156000	0.009922	10123.697414
78.208000	0.009585	10122.512971
78.260000	0.009254	10121.329795
78.312000	0.008938	10120.160051
78.364000	0.008628	10118.997840
78.416000	0.008332	10117.852416
78.468000	0.008043	10116.706805
78.520000	0.007764	10115.569248
78.572000	0.007495	10114.438731
78.624000	0.007235	10113.318668
78.676000	0.006985	10112.198821
78.728000	0.006742	10111.085125
78.780000	0.006509	10109.980238
78.832000	0.006283	10108.882528
78.884000	0.006067	10107.794372
78.936000	0.005856	10106.711942
78.988000	0.005656	10105.629570
79.040000	0.005459	10104.550805
79.092000	0.005274	10103.478530
79.144000	0.005091	10102.407743
79.196000	0.004920	10101.345182
79.248000	0.004750	10100.282965
79.300000	0.004592	10099.234517
79.352000	0.004435	10098.183000
79.404000	0.004288	10097.136329
79.456000	0.004142	10096.086624
79.508000	0.004006	10095.041123
79.560000	0.003872	10093.997188
79.612000	0.003745	10092.962820
79.664000	0.003621	10091.925271
79.716000	0.003503	10090.891042
79.768000	0.003389	10089.856555
79.820000	0.003280	10088.827169
79.872000	0.003174	10087.797681
79.924000	0.003073	10086.772673
79.976000	0.002975	10085.743749
80.028000	0.002881	10084.717484
80.080000	0.002791	10083.686848
80.132000	0.002704	10082.658751
80.184000	0.002621	10081.630686
80.236000	0.002540	10080.605712
80.288000	0.002463	10079.575462
80.340000	0.002388	10078.547223
80.392000	0.002317	10077.520038
80.444000	0.002247	10076.491829
80.496000	0.002182	10075.457074
80.548000	0.002117	10074.421028
80.600000	0.002057	10073.388498
80.652000	0.001997	10072.352405
80.704000	0.001941	10071.315821
80.756000	0.001885	10070.273356
80.808000	0.001833	10069.227067
80.860000	0.001782	10068.178742
80.912000	0.001733	10067.132907
80.964000	0.001686	10066.082204
81.016000	0.001640	10065.031202
81.068000	0.001596	10063.971702
81.120000	0.001554	10062.910089
81.172000	0.001513	10061.842551
81.224000	0.001474	10060.775234
81.276000	0.001436	10059.701369
81.328000	0.001400	10058.628017
81.380000	0.001365	10057.543136
81.432000	0.001331	10056.458268
81.484000	0.001298	10055.365522
81.536000	0.001266	10054.274060
81.588000	0.001236	10053.168854
81.640000	0.001206	10052.064305
81.692000	0.001178	10050.952506
81.744000	0.001150	10049.838965
81.796000	0.001124	10048.715266
81.848000	0.001098	10047.586494
81.900000	0.001074	10046.445310
81.952000	0.001050	10045.301760
82.004000	0.001027	10044.158034
82.056000	0.001004	10043.005829
82.108000	0.000983	10041.843581
82.160000	0.000962	10040.673738
82.212000	0.000942	10039.498035
82.264000	0.000922	10038.313644
82.316000	0.000903	10037.124329
82.368000	0.000885	10035.921995
82.420000	0.000867	10034.713568
82.472000	0.000850	10033.494117
82.524000	0.000833	10032.271600
82.576000	0.000817	10031.036888
82.628000	0.000802	10029.800135
82.680000	0.000787	10028.549987
82.732000	0.000772	10027.298837
82.784000	0.000758	10026.028194
82.836000	0.000744	10024.757134
82.888000	0.000730	10023.465040
82.940000	0.000717	10022.172262
82.992000	0.000705	10020.860249
83.044000	0.000693	10019.546003
83.096000	0.000681	10018.219347
83.148000	0.000669	10016.887310
83.200000	0.000658	10015.540511
83.252000	0.000647	10014.186388
83.304000	0.000637	10012.818955
83.356000	0.000626	10011.440605
83.408000	0.000616	10010.047173
83.460000	0.000607	10008.643143
83.512000	0.000597	10007.228763
83.564000	0.000588	10005.804927
83.616000	0.000579	10004.374760
83.668000	0.000570	10002.924266
83.720000	0.000562	10001.462413
83.772000	0.000553	9999.988542
83.824000	0.000545	9998.510657
83.876000	0.000538	9997.007364
83.928000	0.000530	9995.497467
83.980000	0.000522	9993.968534
84.032000	0.000515	9992.437156
84.084000	0.000508	9990.880123
84.136000	0.000501	9989.321814
84.188000	0.000494	9987.740872
84.240000	0.000488	9986.158063
84.292000	0.000481	9984.545000
84.344000	0.000475	9982.928589
84.396000	0.000469	9981.293831
84.448000	0.000463	9979.651072
84.500000	0.000457	9977.983975
84.552000	0.000451	9976.307714
84.604000	0.000446	9974.613143
84.656000	0.000440	9972.905278
84.708000	0.000435	9971.177945
84.760000	0.000430	9969.437156
84.812000	0.000425	9967.682189
84.864000	0.000420	9965.911590
84.916000	0.000415	9964.128870
84.968000	0.000410	9962.325118
85.020000	0.000405	9960.509314
85.072000	0.000401	9958.669905
85.124000	0.000396	9956.820978
85.176000	0.000392	9954.945831
85.228000	0.000388	9953.063690
85.280000	0.000383	9951.152691
85.332000	0.000379	9949.237218
85.384000	0.000375	9947.295051
85.436000	0.000371	9945.351361
85.488000	0.000367	9943.368352
85.540000	0.000363	9941.382776
85.592000	0.000360	9939.361246
85.644000	0.000356	9937.335279
85.696000	0.000352	9935.285594
85.748000	0.000349	9933.226460
85.800000	0.000345	9931.138018
85.852000	0.000342	9929.036952
85.904000	0.000338	9926.909470
85.956000	0.000335	9924.768362
86.008000	0.000332	9922.607058
86.060000	0.000329	9920.427076
86.112000	0.000326	9918.226671
86.164000	0.000322	9916.004531
86.216000	0.000319	9913.764921
86.268000	0.000316	9911.497277
86.320000	0.000313	9909.213150
86.372000	0.000311	9906.904801
86.424000	0.000308	9904.586585
86.476000	0.000305	9902.237447
86.528000	0.000302	9899.879862
86.580000	0.000299	9897.483851
86.632000	0.000297	9895.081633
86.684000	0.000294	9892.642317
86.736000	0.000292	9890.200415
86.788000	0.000289	9887.713436
86.840000	0.000287	9885.223534
86.892000	0.000284	9882.697122
86.944000	0.000282	9880.163541
86.996000	0.000279	9877.592406
87.048000	0.000277	9875.010352
87.100000	0.000275	9872.394387
87.152000	0.000272	9869.763928
87.204000	0.000270	9867.103041
87.256000	0.000268	9864.426196
87.308000	0.000266	9861.725448
87.360000	0.000263	9859.000775
87.412000	0.000261	9856.249733
87.464000	0.000259	9853.470850
87.516000	0.000257	9850.669430
87.568000	0.000255	9847.842788
87.620000	0.000253	9845.001477
87.672000	0.000251	9842.124506
87.724000	0.000249	9839.232755
87.776000	0.000247	9836.301395
87.828000	0.000245	9833.359119
87.880000	0.000243	9830.377811
87.932000	0.000241	9827.390258
87.984000	0.000239	9824.350406
88.036000	0.000238	9821.306692
88.088000	0.000236	9818.217638
88.140000	0.000234	9815.124470
88.192000	0.000232	9811.984899
88.244000	0.000230	9808.837034
88.296000	0.000229	9805.646900
88.348000	0.000227	9802.444352
88.400000	0.000225	9799.203551
88.452000	0.000224	9795.946349
88.504000	0.000222	9792.654844
88.556000	0.000220	9789.340926
88.608000	0.000219	9785.993360
88.660000	0.000217	9782.619066
88.712000	0.000216	9779.215490
88.764000	0.000214	9775.783691
88.816000	0.000213	9772.329246
88.868000	0.000211	9768.842630
88.920000	0.000210	9765.337285
88.972000	0.000208	9761.788491
89.024000	0.000207	9758.221804
89.076000	0.000205	9754.615030
89.128000	0.000204	9750.997356
89.180000	0.000202	9747.331204
89.232000	0.000201	9743.657357
89.284000	0.000199	9739.930607
89.336000	0.000198	9736.199706
89.388000	0.000197	9732.407860
89.440000	0.000195	9728.611599
89.492000	0.000194	9724.768775
89.544000	0.000193	9720.915641
89.596000	0.000191	9717.011350
89.648000	0.000190	9713.091848
89.700000	0.000189	9709.126066
89.752000	0.000188	9705.141930
89.804000	0.000186	9701.119731
89.856000	0.000185	9697.074834
89.908000	0.000184	9692.996290
89.960000	0.000183	9688.888163
90.012000	0.000181	9684.747916
90.064000	0.000180	9680.573345
90.116000	0.000179	9676.371462
90.168000	0.000178	9672.130454
90.220000	0.000177	9667.866860
90.272000	0.000176	9663.559355
90.324000	0.000174	9659.234017
90.376000	0.000173	9654.864127
90.428000	0.000172	9650.482310
90.480000	0.000171	9646.042489
90.532000	0.000170	9641.593630
90.584000	0.000169	9637.086551
90.636000	0.000168	9632.574823
90.688000	0.000167	9627.996946
90.740000	0.000166	9623.413874
90.792000	0.000165	9618.779492
90.844000	0.000164	9614.133607
90.896000	0.000163	9609.432200
90.948000	0.000162	9604.713999
91.000000	0.000161	9599.945549
91.052000	0.000160	9595.156778
91.104000	0.000159	9590.326423
91.156000	0.000158	9585.470962
91.208000	0.000157	9580.578704
91.260000	0.000156	9575.651521
91.312000	0.000155	9570.686861
91.364000	0.000154	9565.687514
91.416000	0.000153	9560.660928
91.468000	0.000152	9555.591539
91.520000	0.000151	9550.497774
91.572000	0.000150	9545.355987
91.624000	0.000149	9540.194989
91.676000	0.000148	9534.980789
91.728000	0.000147	9529.752580
91.780000	0.000146	9524.465959
91.832000	0.000146	9519.170512
91.884000	0.000145	9513.811431
91.936000	0.000144	9508.447306
91.988000	0.000143	9503.017165
92.040000	0.000142	9497.580524
92.092000	0.000141	9492.083160
92.144000	0.000141	9486.573066
92.196000	0.000140	9481.003213
92.248000	0.000139	9475.416264
92.300000	0.000138	9469.779125
92.352000	0.000137	9464.119654
92.404000	0.000136	9458.415156
92.456000	0.000136	9452.681005
92.508000	0.000135	9446.903970
92.560000	0.000134	9441.094186
92.612000	0.000133	9435.249786
92.664000	0.000133	9429.364478
92.716000	0.000132	9423.447443
92.768000	0.000131	9417.487253
92.820000	0.000130	9411.502873
92.872000	0.000130	9405.466350
92.924000	0.000129	9399.409320
92.976000	0.000128	9393.294546
93.028000	0.000127	9387.164880
93.080000	0.000127	9380.976402
93.132000	0.000126	9374.779318
93.184000	0.000125	9368.513225
93.236000	0.000124	9362.241636
93.288000	0.000124	9355.899066
93.340000	0.000123	9349.549681
93.392000	0.000122	9343.139700
93.444000	0.000122	9336.715727
93.496000	0.000121	9330.227877
93.548000	0.000120	9323.722634
93.600000	0.000120	9317.167317
93.652000	0.000119	9310.587622
93.704000	0.000118	9303.959556
93.756000	0.000118	9297.301502
93.808000	0.000117	9290.600742
93.860000	0.000116	9283.864350
93.912000	0.000116	9277.090828
93.964000	0.000115	9270.279011
94.016000	0.000115	9263.437968
94.068000	0.000114	9256.546685
94.120000	0.000113	9249.627657
94.172000	0.000113	9242.656120
94.224000	0.000112	9235.664320
94.276000	0.000111	9228.614381
94.328000	0.000111	9221.549795
94.380000	0.000110	9214.421451
94.432000	0.000110	9207.284085
94.484000	0.000109	9200.077296
94.536000	0.000109	9192.865124
94.588000	0.000108	9185.587277
94.640000	0.000107	9178.301199
94.692000	0.000107	9170.945334
94.744000	0.000106	9163.576094
94.796000	0.000106	9156.147445
94.848000	0.000105	9148.699743
94.900000	0.000105	9141.198243
94.952000	0.000104	9133.672055
95.004000	0.000103	9126.097738
95.056000	0.000103	9118.493095
95.108000	0.000102	9110.845927
95.160000	0.000102	9103.162798
95.212000	0.000101	9095.442773
95.264000	0.000101	9087.678173
95.316000	0.000100	9079.880057
95.368000	0.000100	9072.038088
95.420000	0.000099	9064.172327
95.472000	0.000099	9056.253690
95.524000	0.000098	9048.315037
95.576000	0.000098	9040.317880
95.628000	0.000097	9032.306339
95.680000	0.000097	9024.230677
95.732000	0.000096	9016.146265
95.784000	0.000096	9007.992075
95.836000	0.000095	8999.832332
95.888000	0.000095	8991.602014
95.940000	0.000094	8983.363691
95.992000	0.000094	8975.060482
96.044000	0.000093	8966.743584
96.096000	0.000093	8958.367479
96.148000	0.000092	8949.972014
96.200000	0.000092	8941.523002
96.252000	0.000091	8933.050771
96.304000	0.000091	8924.534058
96.356000	0.000091	8915.986693
96.408000	0.000090	8907.397033
96.460000	0.000090	8898.771088
96.512000	0.000089	8890.108504
96.564000	0.000089	8881.403981
96.616000	0.000088	8872.668437
96.668000	0.000088	8863.885311
96.720000	0.000087	8855.076803
96.772000	0.000087	8846.218894
96.824000	0.000087	8837.342665
96.876000	0.000086	8828.407578
96.928000	0.000086	8819.458380
96.980000	0.000085	8810.449305
97.032000	0.000085	8801.432366
97.084000	0.000084	8792.345287
97.136000	0.000084	8783.252833
97.188000	0.000084	8774.095100
97.240000	0.000083	8764.929046
97.292000	0.000083	8755.698334
97.344000	0.000082	8746.454624
97.396000	0.000082	8737.156188
97.448000	0.000082	8727.839486
97.500000	0.000081	8718.473273
97.552000	0.000081	8709.081741
97.604000	0.000080	8699.642537
97.656000	0.000080	8690.176791
97.708000	0.000080	8680.675029
97.760000	0.000079	8671.136666
97.812000	0.000079	8661.561933
97.864000	0.000079	8651.947942
97.916000	0.000078	8642.305385
97.968000	0.000078	8632.618359
98.020000	0.000077	8622.908043
98.072000	0.000077	8613.147995
98.124000	0.000077	8603.369872
98.176000	0.000076	8593.536789
98.228000	0.000076	8583.690871
98.280000	0.000076	8573.789397
98.332000	0.000075	8563.880919
98.384000	0.000075	8553.901956
98.436000	0.000075	8543.918058
98.488000	0.000074	8533.879120
98.540000	0.000074	8523.831546
98.592000	0.000074	8513.719610
98.644000	0.000073	8503.595412
98.696000	0.000073	8493.420883
98.748000	0.000073	8483.229231
98.800000	0.000072	8472.992124
98.852000	0.000072	8462.733049
98.904000	0.000072	8452.433353
98.956000	0.000071	8442.104610
99.008000	0.000071	8431.737092
99.060000	0.000071	8421.337922
99.112000	0.000070	8410.907807
99.164000	0.000070	8400.441196
99.216000	0.000070	8389.948480
99.268000	0.000069	8379.414423
99.320000	0.000069	8368.859099
99.372000	0.000069	8358.261449
99.424000	0.000068	8347.648747
99.476000	0.000068	8336.980788
99.528000	0.000068	8326.300269
99.580000	0.000067	8315.568532
99.632000	0.000067	8304.830597
99.684000	0.000067	8294.037051
99.736000	0.000066	8283.238649
99.788000	0.000066	8272.375442
99.840000	0.000066	8261.505860
99.892000	0.000066	8250.590494
99.944000	0.000065	8239.662601
99.996000	0.000065	8228.684619
100.048000	0.000065	8217.692154
100.100000	0.000064	8206.662030
100.152000	0.000064	8195.609671
100.204000	0.000064	8184.516911
100.256000	0.000064	8173.399336
100.308000	0.000063	8162.249192
100.360000	0.000063	8151.072434
100.412000	0.000063	8139.870078
100.464000	0.000062	8128.630974
100.516000	0.000062	8117.366033
100.568000	0.000062	8106.069864
100.620000	0.000062	8094.757931
100.672000	0.000061	8083.399567
100.724000	0.000061	8072.025037
100.776000	0.000061	8060.612013
100.828000	0.000061	8049.190483
100.880000	0.000060	8037.717531
100.932000	0.000060	8026.238629
100.984000	0.000060	8014.708878
101.036000	0.000060	8003.175132
101.088000	0.000059	7991.591795
101.140000	0.000059	7980.001865
101.192000	0.000059	7968.366325
101.244000	0.000059	7956.721200
101.296000	0.000058	7945.038727
101.348000	0.000058	7933.341547
101.400000	0.000058	7921.606859
101.452000	0.000058	7909.853434
101.504000	0.000057	7898.066586
101.556000	0.000057	7886.259227
101.608000	0.000057	7874.425393
101.660000	0.000057	7862.567421
101.712000	0.000056	7850.686627
101.764000	0.000056	7838.774956
101.816000	0.000056	7826.841981
101.868000	0.000056	7814.881205
101.920000	0.000055	7802.906620
101.972000	0.000055	7790.896995
102.024000	0.000055	7778.875442
102.076000	0.000055	7766.815198
102.128000	0.000054	7754.746641
102.180000	0.000054	7742.640506
102.232000	0.000054	7730.530229
102.284000	0.000054	7718.373992
102.336000	0.000054	7706.214446
102.388000	0.000053	7694.015384
102.440000	0.000053	7681.810878
102.492000	0.000053	7669.570075
102.544000	0.000053	7657.320578
102.596000	0.000052	7645.038005
102.648000	0.000052	7632.742006
102.700000	0.000052	7620.412465
102.752000	0.000052	7608.071557
102.804000	0.000052	7595.710751
102.856000	0.000051	7583.329232
102.908000	0.000051	7570.921411
102.960000	0.000051	7558.494668
103.012000	0.000051	7546.050342
103.064000	0.000051	7533.584253
103.116000	0.000050	7521.103396
103.168000	0.000050	7508.597944
103.220000	0.000050	7496.080545
103.272000	0.000050	7483.531827
103.324000	0.000050	7470.972685
103.376000	0.000049	7458.387619
103.428000	0.000049	7445.797160
103.480000	0.000049	7433.173657
103.532000	0.000049	7420.546683
103.584000	0.000049	7407.883813
103.636000	0.000048	7395.218463
103.688000	0.000048	7382.523582
103.740000	0.000048	7369.824495
103.792000	0.000048	7357.098347
103.844000	0.000048	7344.364441
103.896000	0.000047	7331.601730
103.948000	0.000047	7318.829946
104.000000	0.000047	7306.035966
104.052000	0.000047	7293.232397
104.104000	0.000047	7280.412328
104.156000	0.000046	7267.578328
104.208000	0.000046	7254.726957
104.260000	0.000046	7241.859221
104.312000	0.000046	7228.976529
104.364000	0.000046	7216.078186
104.416000	0.000046	7203.169422
104.468000	0.000045	7190.243001
104.520000	0.000045	7177.308192
104.572000	0.000045	7164.349736
104.624000	0.000045	7151.383591
104.676000	0.000045	7138.400067
104.728000	0.000044	7125.413048
104.780000	0.000044	7112.397581
104.832000	0.000044	7099.379278
104.884000	0.000044	7086.340386
104.936000	0.000044	7073.299922
104.988000	0.000044	7060.239877
105.040000	0.000043	7047.176227
105.092000	0.000043	7034.090097
105.144000	0.000043	7020.999459
105.196000	0.000043	7007.892455
105.248000	0.000043	6994.779323
105.300000	0.000043	6981.651494
105.352000	0.000042	6968.515918
105.404000	0.000042	6955.367263
105.456000	0.000042	6942.209227
105.508000	0.000042	6929.039690
105.560000	0.000042	6915.859170
105.612000	0.000042	6902.668804
105.664000	0.000041	6889.468964
105.716000	0.000041	6876.262941
105.768000	0.000041	6863.046270
105.820000	0.000041	6849.824666
105.872000	0.000041	6836.591163
105.924000	0.000041	6823.353904
105.976000	0.000041	6810.099199
106.028000	0.000040	6796.841096
106.080000	0.000040	6783.573456
106.132000	0.000040	6770.304944
106.184000	0.000040	6757.020937
106.236000	0.000040	6743.735767
106.288000	0.000040	6730.435965
106.340000	0.000039	6717.134702
106.392000	0.000039	6703.824520
106.444000	0.000039	6690.512055
106.496000	0.000039	6677.191474
106.548000	0.000039	6663.866236
106.600000	0.000039	6650.530040
106.652000	0.000039	6637.191897
106.704000	0.000038	6623.850545
106.756000	0.000038	6610.502097
106.808000	0.000038	6597.145111
106.860000	0.000038	6583.785360
106.912000	0.000038	6570.423213
106.964000	0.000038	6557.054721
107.016000	0.000038	6543.682191
107.068000	0.000037	6530.306069
107.120000	0.000037	6516.928350
107.172000	0.000037	6503.546655
107.224000	0.000037	6490.163777
107.276000	0.000037	6476.772154
107.328000	0.000037	6463.378911
107.380000	0.000037	6449.985659
107.432000	0.000037	6436.592452
107.484000	0.000036	6423.194065
107.536000	0.000036	6409.795319
107.588000	0.000036	6396.391741
107.640000	0.000036	6382.987432
107.692000	0.000036	6369.578691
107.744000	0.000036	6356.169981
107.796000	0.000036	6342.761311
107.848000	0.000035	6329.352668
107.900000	0.000035	6315.944091
107.952000	0.000035	6302.533539
108.004000	0.000035	6289.119770
108.056000	0.000035	6275.708400
108.108000	0.000035	6262.299925
108.160000	0.000035	6248.888672
108.212000	0.000035	6235.475063
108.264000	0.000034	6222.064647
108.316000	0.000034	6208.656327
108.368000	0.000034	6195.251618
108.420000	0.000034	6181.848615
108.472000	0.000034	6168.441587
108.524000	0.000034	6155.033384
108.576000	0.000034	6141.634019
108.628000	0.000034	6128.236358
108.680000	0.000034	6114.838723
108.732000	0.000033	6101.441146
108.784000	0.000033	6088.048794
108.836000	0.000033	6074.657284
108.888000	0.000033	6061.275459
108.940000	0.000033	6047.893677
108.992000	0.000033	6034.511939
109.044000	0.000033	6021.132630
109.096000	0.000033	6007.761413
109.148000	0.000032	5994.391824
109.200000	0.000032	5981.025921
109.252000	0.000032	5967.664054
109.304000	0.000032	5954.308697
109.356000	0.000032	5940.955758
109.408000	0.000032	5927.605688
109.460000	0.000032	5914.264072
109.512000	0.000032	5900.929772
109.564000	0.000032	5887.598697
109.616000	0.000031	5874.269711
109.668000	0.000031	5860.947958
109.720000	0.000031	5847.629480
109.772000	0.000031	5834.323111
109.824000	0.000031	5821.020430
109.876000	0.000031	5807.726600
109.928000	0.000031	5794.434420
109.980000	0.000031	5781.151932
110.032000	0.000031	5767.870319
110.084000	0.000031	5754.604391
110.136000	0.000030	5741.339340
110.188000	0.000030	5728.083948
110.240000	0.000030	5714.831867
110.292000	0.000030	5701.597479
110.344000	0.000030	5688.365567
110.396000	0.000030	5675.141716
110.448000	0.000030	5661.922765
110.500000	0.000030	5648.714684
110.552000	0.000030	5635.512708
110.604000	0.000029	5622.320392
110.656000	0.000029	5609.137829
110.708000	0.000029	5595.966540
110.760000	0.000029	5582.803756
110.812000	0.000029	5569.648203
110.864000	0.000029	5556.502388
110.916000	0.000029	5543.362633
110.968000	0.000029	5530.237451
111.020000	0.000029	5517.118679
111.072000	0.000029	5504.012058
111.124000	0.000029	5490.909052
111.176000	0.000028	5477.828335
111.228000	0.000028	5464.751575
111.280000	0.000028	5451.689395
111.332000	0.000028	5438.628515
111.384000	0.000028	5425.588450
111.436000	0.000028	5412.550610
111.488000	0.000028	5399.536794
111.540000	0.000028	5386.525541
111.592000	0.000028	5373.527520
111.644000	0.000028	5360.535746
111.696000	0.000027	5347.563919
111.748000	0.000027	5334.598715
111.800000	0.000027	5321.647939
111.852000	0.000027	5308.707435
111.904000	0.000027	5295.782878
111.956000	0.000027	5282.868151
112.008000	0.000027	5269.964590
112.060000	0.000027	5257.075348
112.112000	0.000027	5244.198062
112.164000	0.000027	5231.333811
112.216000	0.000027	5218.477494
112.268000	0.000027	5205.643199
112.320000	0.000026	5192.818381
112.372000	0.000026	5180.009860
112.424000	0.000026	5167.206055
112.476000	0.000026	5154.429098
112.528000	0.000026	5141.656737
112.580000	0.000026	5128.903918
112.632000	0.000026	5116.152885
112.684000	0.000026	5103.432952
112.736000	0.000026	5090.715358
112.788000	0.000026	5078.021647
112.840000	0.000026	5065.333147
112.892000	0.000025	5052.670944
112.944000	0.000025	5040.015104
112.996000	0.000025	5027.379150
113.048000	0.000025	5014.751571
113.100000	0.000025	5002.141868
113.152000	0.000025	4989.546690
113.204000	0.000025	4976.973662
113.256000	0.000025	4964.410570
113.308000	0.000025	4951.858591
113.360000	0.000025	4939.326787
113.412000	0.000025	4926.811512
113.464000	0.000025	4914.315950
113.516000	0.000025	4901.832156
113.568000	0.000024	4889.366807
113.620000	0.000024	4876.909254
113.672000	0.000024	4864.480376
113.724000	0.000024	4852.059552
113.776000	0.000024	4839.661206
113.828000	0.000024	4827.266594
113.880000	0.000024	4814.906331
113.932000	0.000024	4802.548893
113.984000	0.000024	4790.222444
114.036000	0.000024	4777.898927
114.088000	0.000024	4765.603935
114.140000	0.000024	4753.315168
114.192000	0.000024	4741.056907
114.244000	0.000023	4728.806409
114.296000	0.000023	4716.579655
114.348000	0.000023	4704.363071
114.400000	0.000023	4692.167767
114.452000	0.000023	4679.987164
114.504000	0.000023	4667.828623
114.556000	0.000023	4655.687578
114.608000	0.000023	4643.565716
114.660000	0.000023	4631.461300
114.712000	0.000023	4619.370971
114.764000	0.000023	4607.303788
114.816000	0.000023	4595.250166
114.868000	0.000023	4583.222517
114.920000	0.000023	4571.205596
114.972000	0.000022	4559.217499
115.024000	0.000022	4547.237305
115.076000	0.000022	4535.288773
115.128000	0.000022	4523.345308
115.180000	0.000022	4511.431397
115.232000	0.000022	4499.520171
115.284000	0.000022	4487.650092
115.336000	0.000022	4475.783582
115.388000	0.000022	4463.950217
115.440000	0.000022	4452.123233
115.492000	0.000022	4440.326577
115.544000	0.000022	4428.539126
115.596000	0.000022	4416.779234
115.648000	0.000022	4405.031360
115.700000	0.000022	4393.308176
115.752000	0.000021	4381.601961
115.804000	0.000021	4369.920770
115.856000	0.000021	4358.257237
115.908000	0.000021	4346.612754
115.960000	0.000021	4334.988760
116.012000	0.000021	4323.381013
116.064000	0.000021	4311.799904
116.116000	0.000021	4300.234124
116.168000	0.000021	4288.694482
116.220000	0.000021	4277.165430
116.272000	0.000021	4265.669489
116.324000	0.000021	4254.182397
116.376000	0.000021	4242.727137
116.428000	0.000021	4231.276802
116.480000	0.000021	4219.866036
116.532000	0.000021	4208.458457
116.584000	0.000020	4197.086713
116.636000	0.000020	4185.719213
116.688000	0.000020	4174.389463
116.740000	0.000020	4163.067180
116.792000	0.000020	4151.779402
116.844000	0.000020	4140.500981
116.896000	0.000020	4129.249941
116.948000	0.000020	4118.014546
117.000000	0.000020	4106.810704
117.052000	0.000020	4095.621860
117.104000	0.000020	4084.454756
117.156000	0.000020	4073.308023
117.208000	0.000020	4062.182915
117.260000	0.000020	4051.081392
117.312000	0.000020	4039.998253
117.364000	0.000020	4028.938588
117.416000	0.000020	4017.892216
117.468000	0.000019	4006.879640
117.520000	0.000019	3995.880458
117.572000	0.000019	3984.910403
117.624000	0.000019	3973.947953
117.676000	0.000019	3963.026609
117.728000	0.000019	3952.111378
117.780000	0.000019	3941.235913
117.832000	0.000019	3930.363621
117.884000	0.000019	3919.527012
117.936000	0.000019	3908.695367
117.988000	0.000019	3897.906013
118.040000	0.000019	3887.124302
118.092000	0.000019	3876.376894
118.144000	0.000019	3865.639005
118.196000	0.000019	3854.928395
118.248000	0.000019	3844.233628
118.300000	0.000019	3833.570220
118.352000	0.000019	3822.926282
118.404000	0.000018	3812.310076
118.456000	0.000018	3801.711851
118.508000	0.000018	3791.132415
118.560000	0.000018	3780.576750
118.612000	0.000018	3770.039314
118.664000	0.000018	3759.532246
118.716000	0.000018	3749.042041
118.768000	0.000018	3738.582050
118.820000	0.000018	3728.133808
118.872000	0.000018	3717.719043
118.924000	0.000018	3707.312797
118.976000	0.000018	3696.943267
119.028000	0.000018	3686.579012
119.080000	0.000018	3676.259708
119.132000	0.000018	3665.943969
119.184000	0.000018	3655.668827
119.236000	0.000018	3645.398285
119.288000	0.000018	3635.165146
119.340000	0.000018	3624.940800
119.392000	0.000018	3614.754925
119.444000	0.000017	3604.578719
119.496000	0.000017	3594.429591
119.548000	0.000017	3584.298288
119.600000	0.000017	3574.201625
119.652000	0.000017	3564.120275
119.704000	0.000017	3554.060387
119.756000	0.000017	3544.023804
119.808000	0.000017	3534.011151
119.860000	0.000017	3524.022443
119.912000	0.000017	3514.051797
119.964000	0.000017	3504.108321
120.016000	0.000017	3494.179680
120.068000	0.000017	3484.285242
120.120000	0.000017	3474.403829
120.172000	0.000017	3464.556065
120.224000	0.000017	3454.716650
120.276000	0.000017	3444.918754
120.328000	0.000017	3435.126594
120.380000	0.000017	3425.374549
120.432000	0.000017	3415.625827
120.484000	0.000017	3405.917580
120.536000	0.000016	3396.214703
120.588000	0.000016	3386.553701
120.640000	0.000016	3376.900700
120.692000	0.000016	3367.281709
120.744000	0.000016	3357.673941
120.796000	0.000016	3348.096961
120.848000	0.000016	3338.536228
120.900000	0.000016	3329.006490
120.952000	0.000016	3319.494430
121.004000	0.000016	3310.006731
121.056000	0.000016	3300.542534
121.108000	0.000016	3291.102078
121.160000	0.000016	3281.685740
121.212000	0.000016	3272.287296
121.264000	0.000016	3262.916212
121.316000	0.000016	3253.559810
121.368000	0.000016	3244.237806
121.420000	0.000016	3234.928636
121.472000	0.000016	3225.653290
121.524000	0.000016	3216.386124
121.576000	0.000016	3207.156049
121.628000	0.000016	3197.930917
121.680000	0.000016	3188.751130
121.732000	0.000015	3179.574873
121.784000	0.000015	3170.438919
121.836000	0.000015	3161.307927
121.888000	0.000015	3152.213996
121.940000	0.000015	3143.129258
121.992000	0.000015	3134.082576
122.044000	0.000015	3125.047299
122.096000	0.000015	3116.042663
122.148000	0.000015	3107.052657
122.200000	0.000015	3098.090070
122.252000	0.000015	3089.147553
122.304000	0.000015	3080.232215
122.356000	0.000015	3071.337956
122.408000	0.000015	3062.464666
122.460000	0.000015	3053.615668
122.512000	0.000015	3044.784402
122.564000	0.000015	3035.980665
122.616000	0.000015	3027.191443
122.668000	0.000015	3018.436817
122.720000	0.000015	3009.694839
122.772000	0.000015	3000.986878
122.824000	0.000015	2992.286939
122.876000	0.000015	2983.624266
122.928000	0.000015	2974.966368
122.980000	0.000015	2966.354034
123.032000	0.000014	2957.744995
123.084000	0.000014	2949.171060
123.136000	0.000014	2940.602895
123.188000	0.000014	2932.076244
123.240000	0.000014	2923.557953
123.292000	0.000014	2915.073333
123.344000	0.000014	2906.600295
123.396000	0.000014	2898.157729
123.448000	0.000014	2889.731819
123.500000	0.000014	2881.336568
123.552000	0.000014	2872.957085
123.604000	0.000014	2864.598606
123.656000	0.000014	2856.264043
123.708000	0.000014	2847.952881
123.760000	0.000014	2839.666197
123.812000	0.000014	2831.397093
123.864000	0.000014	2823.152223
123.916000	0.000014	2814.919918
123.968000	0.000014	2806.722421
124.020000	0.000014	2798.537395
124.072000	0.000014	2790.386561
124.124000	0.000014	2782.243584
124.176000	0.000014	2774.138048
124.228000	0.000014	2766.037122
124.280000	0.000014	2757.976885
124.332000	0.000014	2749.919997
124.384000	0.000014	2741.903072
124.436000	0.000013	2733.891469
124.488000	0.000013	2725.916611
124.540000	0.000013	2717.950293
124.592000	0.000013	2710.017503
124.644000	0.000013	2702.096471
124.696000	0.000013	2694.205719
124.748000	0.000013	2686.328094
124.800000	0.000013	2678.474209
124.852000	0.000013	2670.640800
124.904000	0.000013	2662.834213
124.956000	0.000013	2655.046384
125.008000	0.000013	2647.276638
125.060000	0.000013	2639.534607
125.112000	0.000013	2631.812132
125.164000	0.000013	2624.114071
125.216000	0.000013	2616.428461
125.268000	0.000013	2608.773972
125.320000	0.000013	2601.130421
125.372000	0.000013	2593.521240
125.424000	0.000013	2585.919749
125.476000	0.000013	2578.351184
125.528000	0.000013	2570.786524
125.580000	0.000013	2563.267852
125.632000	0.000013	2555.752405
125.684000	0.000013	2548.271764
125.736000	0.000013	2540.795950
125.788000	0.000013	2533.352158
125.840000	0.000013	2525.918167
125.892000	0.000013	2518.521710
125.944000	0.000013	2511.135712
125.996000	0.000013	2503.776107
126.048000	0.000012	2496.429777
126.100000	0.000012	2489.107022
126.152000	0.000012	2481.802651
126.204000	0.000012	2474.521976
126.256000	0.000012	2467.262918
126.308000	0.000012	2460.024353
126.360000	0.000012	2452.810604
126.412000	0.000012	2445.614095
126.464000	0.000012	2438.442154
126.516000	0.000012	2431.282522
126.568000	0.000012	2424.150296
126.620000	0.000012	2417.027533
126.672000	0.000012	2409.939297
126.724000	0.000012	2402.858579
126.776000	0.000012	2395.810964
126.828000	0.000012	2388.767117
126.880000	0.000012	2381.764317
126.932000	0.000012	2374.764590
126.984000	0.000012	2367.799546
127.036000	0.000012	2360.839491
127.088000	0.000012	2353.911341
127.140000	0.000012	2346.992092
127.192000	0.000012	2340.106034
127.244000	0.000012	2333.230592
127.296000	0.000012	2326.381399
127.348000	0.000012	2319.547553
127.400000	0.000012	2312.740480
127.452000	0.000012	2305.949657
127.504000	0.000012	2299.179451
127.556000	0.000012	2292.425606
127.608000	0.000012	2285.687064
127.660000	0.000012	2278.976645
127.712000	0.000012	2272.285432
127.764000	0.000012	2265.615401
127.816000	0.000011	2258.955820
127.868000	0.000011	2252.323801
127.920000	0.000011	2245.701103
127.972000	0.000011	2239.113129
128.024000	0.000011	2232.532518
128.076000	0.000011	2225.985145
128.128000	0.000011	2219.441390
128.180000	0.000011	2212.928605
128.232000	0.000011	2206.419018
128.284000	0.000011	2199.948913
128.336000	0.000011	2193.483959
128.388000	0.000011	2187.050735
128.440000	0.000011	2180.625471
128.492000	0.000011	2174.229126
128.544000	0.000011	2167.842034
128.596000	0.000011	2161.477366
128.648000	0.000011	2155.128224
128.700000	0.000011	2148.805694
128.752000	0.000011	2142.499570
128.804000	0.000011	2136.213921
128.856000	0.000011	2129.944756
128.908000	0.000011	2123.690761
128.960000	0.000011	2117.458816
129.012000	0.000011	2111.241734
129.064000	0.000011	2105.049527
129.116000	0.000011	2098.869351
129.168000	0.000011	2092.716873
129.220000	0.000011	2086.573567
129.272000	0.000011	2080.460827
129.324000	0.000011	2074.354421
129.376000	0.000011	2068.276652
129.428000	0.000011	2062.201889
129.480000	0.000011	2056.163394
129.532000	0.000011	2050.127883
129.584000	0.000011	2044.126791
129.636000	0.000011	2038.130273
129.688000	0.000011	2032.160851
129.740000	0.000011	2026.199553
129.792000	0.000010	2020.267054
129.844000	0.000010	2014.345490
129.896000	0.000010	2008.449889
129.948000	0.000010	2002.566091
130.000000	0.000010	1996.702186
130.052000	0.000010	1990.852488
130.104000	0.000010	1985.020253
130.156000	0.000010	1979.207415
130.208000	0.000010	1973.412138
130.260000	0.000010	1967.639049
130.312000	0.000010	1961.880675
130.364000	0.000010	1956.143746
130.416000	0.000010	1950.417036
130.468000	0.000010	1944.714243
130.520000	0.000010	1939.019247
130.572000	0.000010	1933.354936
130.624000	0.000010	1927.696802
130.676000	0.000010	1922.067485
130.728000	0.000010	1916.441067
130.780000	0.000010	1910.845870
130.832000	0.000010	1905.253260
130.884000	0.000010	1899.690078
130.936000	0.000010	1894.132373
130.988000	0.000010	1888.606083
131.040000	0.000010	1883.086916
131.092000	0.000010	1877.592367
131.144000	0.000010	1872.108914
131.196000	0.000010	1866.651283
131.248000	0.000010	1861.203619
131.300000	0.000010	1855.772475
131.352000	0.000010	1850.358058
131.404000	0.000010	1844.963862
131.456000	0.000010	1839.583634
131.508000	0.000010	1834.215899
131.560000	0.000010	1828.870520
131.612000	0.000010	1823.539738
131.664000	0.000010	1818.230548
131.716000	0.000010	1812.931478
131.768000	0.000010	1807.652448
131.820000	0.000010	1802.379854
131.872000	0.000010	1797.138119
131.924000	0.000010	1791.902432
131.976000	0.000010	1786.695700
132.028000	0.000010	1781.491750
132.080000	0.000009	1776.313953
132.132000	0.000009	1771.139111
132.184000	0.000009	1765.998401
132.236000	0.000009	1760.861762
132.288000	0.000009	1755.747532
132.340000	0.000009	1750.640563
132.392000	0.000009	1745.558095
132.444000	0.000009	1740.485291
132.496000	0.000009	1735.434533
132.548000	0.000009	1730.395853
132.600000	0.000009	1725.376833
132.652000	0.000009	1720.369900
132.704000	0.000009	1715.377394
132.756000	0.000009	1710.404583
132.808000	0.000009	1705.449047
132.860000	0.000009	1700.506399
132.912000	0.000009	1695.572150
132.964000	0.000009	1690.663219
133.016000	0.000009	1685.765902
133.068000	0.000009	1680.888739
133.120000	0.000009	1676.017921
133.172000	0.000009	1671.173741
133.224000	0.000009	1666.334680
133.276000	0.000009	1661.519843
133.328000	0.000009	1656.707253
133.380000	0.000009	1651.926162
133.432000	0.000009	1647.147283
133.484000	0.000009	1642.392763
133.536000	0.000009	1637.643242
133.588000	0.000009	1632.920485
133.640000	0.000009	1628.203916
133.692000	0.000009	1623.507662
133.744000	0.000009	1618.821219
133.796000	0.000009	1614.156753
133.848000	0.000009	1609.502478
133.900000	0.000009	1604.864519
133.952000	0.000009	1600.241181
134.004000	0.000009	1595.634988
134.056000	0.000009	1591.040172
134.108000	0.000009	1586.455288
134.160000	0.000009	1581.889838
134.212000	0.000009	1577.336723
134.264000	0.000009	1572.805466
134.316000	0.000009	1568.284107
134.368000	0.000009	1563.778978
134.420000	0.000009	1559.278910
134.472000	0.000009	1554.805579
134.524000	0.000009	1550.337237
134.576000	0.000009	1545.893281
134.628000	0.000009	1541.451588
134.680000	0.000008	1537.036095
134.732000	0.000008	1532.622920
134.784000	0.000008	1528.234007
134.836000	0.000008	1523.850340
134.888000	0.000008	1519.493337
134.940000	0.000008	1515.141416
134.992000	0.000008	1510.805741
135.044000	0.000008	1506.480018
135.096000	0.000008	1502.176160
135.148000	0.000008	1497.880571
135.200000	0.000008	1493.598016
135.252000	0.000008	1489.330219
135.304000	0.000008	1485.079459
135.356000	0.000008	1480.840166
135.408000	0.000008	1476.610743
135.460000	0.000008	1472.400885
135.512000	0.000008	1468.203260
135.564000	0.000008	1464.020315
135.616000	0.000008	1459.844010
135.668000	0.000008	1455.688068
135.720000	0.000008	1451.538285
135.772000	0.000008	1447.410953
135.824000	0.000008	1443.287748
135.876000	0.000008	1439.189024
135.928000	0.000008	1435.092574
135.980000	0.000008	1431.022252
136.032000	0.000008	1426.953933
136.084000	0.000008	1422.904942
136.136000	0.000008	1418.860388
136.188000	0.000008	1414.838011
136.240000	0.000008	1410.822067
136.292000	0.000008	1406.826277
136.344000	0.000008	1402.838915
136.396000	0.000008	1398.869688
136.448000	0.000008	1394.908839
136.500000	0.000008	1390.961002
136.552000	0.000008	1387.025585
136.604000	0.000008	1383.104315
136.656000	0.000008	1379.194616
136.708000	0.000008	1375.294743
136.760000	0.000008	1371.414553
136.812000	0.000008	1367.546482
136.864000	0.000008	1363.689519
136.916000	0.000008	1359.837596
136.968000	0.000008	1356.006149
137.020000	0.000008	1352.180777
137.072000	0.000008	1348.377952
137.124000	0.000008	1344.579160
137.176000	0.000008	1340.800102
137.228000	0.000008	1337.023002
137.280000	0.000008	1333.271910
137.332000	0.000008	1329.522921
137.384000	0.000008	1325.793242
137.436000	0.000008	1322.067256
137.488000	0.000008	1318.358942
137.540000	0.000008	1314.657183
137.592000	0.000008	1310.975490
137.644000	0.000008	1307.300677
137.696000	0.000008	1303.640406
137.748000	0.000007	1299.988594
137.800000	0.000007	1296.349692
137.852000	0.000007	1292.723335
137.904000	0.000007	1289.111063
137.956000	0.000007	1285.510440
138.008000	0.000007	1281.919571
138.060000	0.000007	1278.341957
138.112000	0.000007	1274.772523
138.164000	0.000007	1271.221629
138.216000	0.000007	1267.678778
138.268000	0.000007	1264.152434
138.320000	0.000007	1260.630964
138.372000	0.000007	1257.123167
138.424000	0.000007	1253.617879
138.476000	0.000007	1250.137291
138.528000	0.000007	1246.659014
138.580000	0.000007	1243.206672
138.632000	0.000007	1239.756056
138.684000	0.000007	1236.319913
138.736000	0.000007	1232.887568
138.788000	0.000007	1229.472880
138.840000	0.000007	1226.063573
138.892000	0.000007	1222.670286
138.944000	0.000007	1219.285673
138.996000	0.000007	1215.919049
139.048000	0.000007	1212.558884
139.100000	0.000007	1209.208465
139.152000	0.000007	1205.868207
139.204000	0.000007	1202.539254
139.256000	0.000007	1199.224943
139.308000	0.000007	1195.922635
139.360000	0.000007	1192.630340
139.412000	0.000007	1189.344246
139.464000	0.000007	1186.073117
139.516000	0.000007	1182.808469
139.568000	0.000007	1179.560404
139.620000	0.000007	1176.317147
139.672000	0.000007	1173.092145
139.724000	0.000007	1169.870308
139.776000	0.000007	1166.663453
139.828000	0.000007	1163.458341
139.880000	0.000007	1160.279098
139.932000	0.000007	1157.101670
139.984000	0.000007	1153.938642
140.036000	0.000007	1150.779516
140.088000	0.000007	1147.637956
140.140000	0.000007	1144.501887
140.192000	0.000007	1141.381826
140.244000	0.000007	1138.268834
140.296000	0.000007	1135.170219
140.348000	0.000007	1132.078140
140.400000	0.000007	1128.995773
140.452000	0.000007	1125.923653
140.504000	0.000007	1122.862767
140.556000	0.000007	1119.810791
140.608000	0.000007	1116.766189
140.660000	0.000007	1113.734992
140.712000	0.000007	1110.711851
140.764000	0.000007	1107.703749
140.816000	0.000007	1104.702064
140.868000	0.000007	1101.712948
140.920000	0.000007	1098.727521
140.972000	0.000007	1095.760429
141.024000	0.000007	1092.796437
141.076000	0.000007	1089.852459
141.128000	0.000007	1086.910316
141.180000	0.000007	1083.983724
141.232000	0.000007	1081.059034
141.284000	0.000007	1078.148752
141.336000	0.000007	1075.242481
141.388000	0.000006	1072.353687
141.440000	0.000006	1069.469147
141.492000	0.000006	1066.596640
141.544000	0.000006	1063.731311
141.596000	0.000006	1060.880326
141.648000	0.000006	1058.036606
141.700000	0.000006	1055.203513
141.752000	0.000006	1052.378967
141.804000	0.000006	1049.563714
141.856000	0.000006	1046.758613
141.908000	0.000006	1043.961757
141.960000	0.000006	1041.176057
142.012000	0.000006	1038.397075
142.064000	0.000006	1035.630591
142.116000	0.000006	1032.869450
142.168000	0.000006	1030.122602
142.220000	0.000006	1027.379828
142.272000	0.000006	1024.651874
142.324000	0.000006	1021.926453
142.376000	0.000006	1019.217646
142.428000	0.000006	1016.510544
142.480000	0.000006	1013.820470
142.532000	0.000006	1011.132446
142.584000	0.000006	1008.459230
142.636000	0.000006	1005.789465
142.688000	0.000006	1003.134155
142.740000	0.000006	1000.483456
142.792000	0.000006	997.845531
142.844000	0.000006	995.213297
142.896000	0.000006	992.592239
142.948000	0.000006	989.978089
143.000000	0.000006	987.373902
143.052000	0.000006	984.778095
143.104000	0.000006	982.191306
143.156000	0.000006	979.613855
143.208000	0.000006	977.043947
143.260000	0.000006	974.484596
143.312000	0.000006	971.931568
143.364000	0.000006	969.389981
143.416000	0.000006	966.853276
143.468000	0.000006	964.329673
143.520000	0.000006	961.809791
143.572000	0.000006	959.303892
143.624000	0.000006	956.800368
143.676000	0.000006	954.312071
143.728000	0.000006	951.825414
143.780000	0.000006	949.354724
143.832000	0.000006	946.886008
143.884000	0.000006	944.430637
143.936000	0.000006	941.978620
143.988000	0.000006	939.540194
144.040000	0.000006	937.105913
144.092000	0.000006	934.682809
144.144000	0.000006	932.265309
144.196000	0.000006	929.858635
144.248000	0.000006	927.458504
144.300000	0.000006	925.067686
144.352000	0.000006	922.684559
144.404000	0.000006	920.309659
144.456000	0.000006	917.943258
144.508000	0.000006	915.583700
144.560000	0.000006	913.233750
144.612000	0.000006	910.889562
144.664000	0.000006	908.556506
144.716000	0.000006	906.228175
144.768000	0.000006	903.911798
144.820000	0.000006	901.598831
144.872000	0.000006	899.298968
144.924000	0.000006	897.001316
144.976000	0.000006	894.717472
145.028000	0.000006	892.435186
145.080000	0.000006	890.167314
145.132000	0.000006	887.901511
145.184000	0.000006	885.649049
145.236000	0.000006	883.399535
145.288000	0.000006	881.161411
145.340000	0.000006	878.927526
145.392000	0.000006	876.704845
145.444000	0.000006	874.487124
145.496000	0.000006	872.278818
145.548000	0.000006	870.076692
145.600000	0.000006	867.883262
145.652000	0.000006	865.697074
145.704000	0.000006	863.518582
145.756000	0.000006	861.347749
145.808000	0.000006	859.183098
145.860000	0.000006	857.027778
145.912000	0.000005	854.878036
145.964000	0.000005	852.738351
146.016000	0.000005	850.602960
146.068000	0.000005	848.478753
146.120000	0.000005	846.357746
146.172000	0.000005	844.248993
146.224000	0.000005	842.142319
146.276000	0.000005	840.048504
146.328000	0.000005	837.956182
146.380000	0.000005	835.876765
146.432000	0.000005	833.799329
146.484000	0.000005	831.733825
146.536000	0.000005	829.671357
146.588000	0.000005	827.620262
146.640000	0.000005	825.572923
146.692000	0.000005	823.535251
146.744000	0.000005	821.502429
146.796000	0.000005	819.478654
146.848000	0.000005	817.460695
146.900000	0.000005	815.450852
146.952000	0.000005	813.447529
147.004000	0.000005	811.451127
147.056000	0.000005	809.462142
147.108000	0.000005	807.479134
147.160000	0.000005	805.504473
147.212000	0.000005	803.534848
147.264000	0.000005	801.574592
147.316000	0.000005	799.618371
147.368000	0.000005	797.672536
147.420000	0.000005	795.729695
147.472000	0.000005	793.798255
147.524000	0.000005	791.868774
147.576000	0.000005	789.951243
147.628000	0.000005	788.035175
147.680000	0.000005	786.130991
147.732000	0.000005	784.228755
147.784000	0.000005	782.337490
147.836000	0.000005	780.449143
147.888000	0.000005	778.571320
147.940000	0.000005	776.697046
147.992000	0.000005	774.831680
148.044000	0.000005	772.970879
148.096000	0.000005	771.118473
148.148000	0.000005	769.271497
148.200000	0.000005	767.432031
148.252000	0.000005	765.598608
148.304000	0.000005	763.771593
148.356000	0.000005	761.951452
148.408000	0.000005	760.136895
148.460000	0.000005	758.330412
148.512000	0.000005	756.528823
148.564000	0.000005	754.735488
148.616000	0.000005	752.945783
148.668000	0.000005	751.165661
148.720000	0.000005	749.388343
148.772000	0.000005	747.621608
148.824000	0.000005	745.856739
148.876000	0.000005	744.103369
148.928000	0.000005	742.351443
148.980000	0.000005	740.610367
149.032000	0.000005	738.871199
149.084000	0.000005	737.142109
149.136000	0.000005	735.415816
149.188000	0.000005	733.699211
149.240000	0.000005	731.985942
149.292000	0.000005	730.280839
149.344000	0.000005	728.580183
149.396000	0.000005	726.887580
149.448000	0.000005	725.199801
149.500000	0.000005	723.518688
149.552000	0.000005	721.843411
149.604000	0.000005	720.174318
149.656000	0.000005	718.511525
149.708000	0.000005	716.853909
149.760000	0.000005	715.203740
149.812000	0.000005	713.558162
149.864000	0.000005	711.920101
149.916000	0.000005	710.285422
149.968000	0.000005	708.659982
150.020000	0.000005	707.037282
150.072000	0.000005	705.424279
150.124000	0.000005	703.813044
150.176000	0.000005	702.212370
150.228000	0.000005	700.613140
150.280000	0.000005	699.024288
150.332000	0.000005	697.437304
150.384000	0.000005	695.859464
150.436000	0.000005	694.284185
150.488000	0.000005	692.717360
150.540000	0.000005	691.153952
150.592000	0.000005	689.598729
150.644000	0.000005	688.047463
150.696000	0.000005	686.503272
150.748000	0.000005	684.963741
150.800000	0.000005	683.430620
150.852000	0.000005	681.902856
150.904000	0.000005	680.380812
150.956000	0.000005	678.864821
151.008000	0.000005	677.353864
151.060000	0.000005	675.849674
151.112000	0.000005	674.349751
151.164000	0.000005	672.857026
151.216000	0.000005	671.367605
151.268000	0.000005	669.886627
151.320000	0.000005	668.408238
151.372000	0.000005	666.938654
151.424000	0.000005	665.470756
151.476000	0.000005	664.013035
151.528000	0.000005	662.556729
151.580000	0.000005	661.109274
151.632000	0.000005	659.663779
151.684000	0.000005	658.227443
151.736000	0.000004	656.793538
151.788000	0.000004	655.367337
151.840000	0.000004	653.944325
151.892000	0.000004	652.528737
151.944000	0.000004	651.116993
151.996000	0.000004	649.712054
152.048000	0.000004	648.311602
152.100000	0.000004	646.917296
152.152000	0.000004	645.527588
152.204000	0.000004	644.142906
152.256000	0.000004	642.764328
152.308000	0.000004	641.390849
152.360000	0.000004	640.023142
152.412000	0.000004	638.659265
152.464000	0.000004	637.302625
152.516000	0.000004	635.949333
152.568000	0.000004	634.603248
152.620000	0.000004	633.259530
152.672000	0.000004	631.924711
152.724000	0.000004	630.591624
152.776000	0.000004	629.267206
152.828000	0.000004	627.944234
152.880000	0.000004	626.630156
152.932000	0.000004	625.317925
152.984000	0.000004	624.013549
153.036000	0.000004	622.711691
153.088000	0.000004	621.417518
153.140000	0.000004	620.126316
153.192000	0.000004	618.841864
153.244000	0.000004	617.561138
153.296000	0.000004	616.286939
153.348000	0.000004	615.016590
153.400000	0.000004	613.751582
153.452000	0.000004	612.491501
153.504000	0.000004	611.236769
153.556000	0.000004	609.986930
153.608000	0.000004	608.741440
153.660000	0.000004	607.502107
153.712000	0.000004	606.266835
153.764000	0.000004	605.037689
153.816000	0.000004	603.811583
153.868000	0.000004	602.592730
153.920000	0.000004	601.376295
153.972000	0.000004	600.167429
154.024000	0.000004	598.960209
154.076000	0.000004	597.761719
154.128000	0.000004	596.564681
154.180000	0.000004	595.375606
154.232000	0.000004	594.188408
154.284000	0.000004	593.008625
154.336000	0.000004	591.831339
154.388000	0.000004	590.661376
154.440000	0.000004	589.494160
154.492000	0.000004	588.333039
154.544000	0.000004	587.175517
154.596000	0.000004	586.024240
154.648000	0.000004	584.876638
154.700000	0.000004	583.734171
154.752000	0.000004	582.596132
154.804000	0.000004	581.463039
154.856000	0.000004	580.334882
154.908000	0.000004	579.211176
154.960000	0.000004	578.092602
155.012000	0.000004	576.977680
155.064000	0.000004	575.868939
155.116000	0.000004	574.763321
155.168000	0.000004	573.664146
155.220000	0.000004	572.567292
155.272000	0.000004	571.477582
155.324000	0.000004	570.389530
155.376000	0.000004	569.309827
155.428000	0.000004	568.231590
155.480000	0.000004	567.160327
155.532000	0.000004	566.091045
155.584000	0.000004	565.029250
155.636000	0.000004	563.969818
155.688000	0.000004	562.916954
155.740000	0.000004	561.866758
155.792000	0.000004	560.822340
155.844000	0.000004	559.781210
155.896000	0.000004	558.745776
155.948000	0.000004	557.714080
156.000000	0.000004	556.687615
156.052000	0.000004	555.665344
156.104000	0.000004	554.647863
156.156000	0.000004	553.634722
156.208000	0.000004	552.625745
156.260000	0.000004	551.621597
156.312000	0.000004	550.621059
156.364000	0.000004	549.626342
156.416000	0.000004	548.634710
156.468000	0.000004	547.649168
156.520000	0.000004	546.665958
156.572000	0.000004	545.689472
156.624000	0.000004	544.714671
156.676000	0.000004	543.747270
156.728000	0.000004	542.781423
156.780000	0.000004	541.822597
156.832000	0.000004	540.865708
156.884000	0.000004	539.915476
156.936000	0.000004	538.967589
156.988000	0.000004	538.025936
157.040000	0.000004	537.086881
157.092000	0.000004	536.153327
157.144000	0.000004	535.222931
157.196000	0.000004	534.297986
157.248000	0.000004	533.376613
157.300000	0.000004	532.460320
157.352000	0.000004	531.547711
157.404000	0.000004	530.639535
157.456000	0.000004	529.735738
157.508000	0.000004	528.836245
157.560000	0.000004	527.941247
157.612000	0.000004	527.049811
157.664000	0.000004	526.163468
157.716000	0.000004	525.280089
157.768000	0.000004	524.402410
157.820000	0.000004	523.527077
157.872000	0.000004	522.658572
157.924000	0.000004	521.791855
157.976000	0.000004	520.932075
158.028000	0.000004	520.073875
158.080000	0.000004	519.221815
158.132000	0.000004	518.371734
158.184000	0.000004	517.527910
158.236000	0.000004	516.686419
158.288000	0.000004	515.850870
158.340000	0.000004	515.018007
158.392000	0.000004	514.190725
158.444000	0.000004	513.366487
158.496000	0.000004	512.547514
158.548000	0.000004	511.731686
158.600000	0.000004	510.920490
158.652000	0.000004	510.112745
158.704000	0.000004	509.309342
158.756000	0.000004	508.510034
158.808000	0.000004	507.714994
158.860000	0.000004	506.924488
158.912000	0.000004	506.137688
158.964000	0.000004	505.355231
159.016000	0.000004	504.575634
159.068000	0.000004	503.801810
159.120000	0.000004	503.030448
159.172000	0.000004	502.265038
159.224000	0.000004	501.501465
159.276000	0.000004	500.744360
159.328000	0.000004	499.988975
159.380000	0.000004	499.239775
159.432000	0.000004	498.492596
159.484000	0.000004	497.751348
159.536000	0.000004	497.012419
159.588000	0.000003	496.279110
159.640000	0.000003	495.548424
159.692000	0.000003	494.823102
159.744000	0.000003	494.100490
159.796000	0.000003	493.382622
159.848000	0.000003	492.667973
159.900000	0.000003	491.958128
159.952000	0.000003	491.251775
160.004000	0.000003	490.549919
160.056000	0.000003	489.851554
160.108000	0.000003	489.157264
160.160000	0.000003	488.467169
160.212000	0.000003	487.780774
160.264000	0.000003	487.098782
160.316000	0.000003	486.419800
160.368000	0.000003	485.745797
160.420000	0.000003	485.074245
160.472000	0.000003	484.408718
160.524000	0.000003	483.745156
160.576000	0.000003	483.087090
160.628000	0.000003	482.430896
160.680000	0.000003	481.780968
160.732000	0.000003	481.133112
160.784000	0.000003	480.490848
160.836000	0.000003	479.850901
160.888000	0.000003	479.216320
160.940000	0.000003	478.584289
160.992000	0.000003	477.957354
161.044000	0.000003	477.333223
161.096000	0.000003	476.714012
161.148000	0.000003	476.097596
161.200000	0.000003	475.485606
161.252000	0.000003	474.877161
161.304000	0.000003	474.273405
161.356000	0.000003	473.672833
161.408000	0.000003	473.076341
161.460000	0.000003	472.483748
161.512000	0.000003	471.894908
161.564000	0.000003	471.310091
161.616000	0.000003	470.728319
161.668000	0.000003	470.151610
161.720000	0.000003	469.577504
161.772000	0.000003	469.008568
161.824000	0.000003	468.441696
161.876000	0.000003	467.880891
161.928000	0.000003	467.322025
161.980000	0.000003	466.768594
162.032000	0.000003	466.217293
162.084000	0.000003	465.671264
162.136000	0.000003	465.127545
162.188000	0.000003	464.588882
162.240000	0.000003	464.052890
162.292000	0.000003	463.522194
162.344000	0.000003	462.994175
162.396000	0.000003	462.470919
162.448000	0.000003	461.950278
162.500000	0.000003	461.433989
162.552000	0.000003	460.921020
162.604000	0.000003	460.412740
162.656000	0.000003	459.907661
162.708000	0.000003	459.406890
162.760000	0.000003	458.909674
162.812000	0.000003	458.416252
162.864000	0.000003	457.926544
162.916000	0.000003	457.439980
162.968000	0.000003	456.958096
163.020000	0.000003	456.478906
163.072000	0.000003	456.004972
163.124000	0.000003	455.533262
163.176000	0.000003	455.067242
163.228000	0.000003	454.603289
163.280000	0.000003	454.144384
163.332000	0.000003	453.687760
163.384000	0.000003	453.236514
163.436000	0.000003	452.787583
163.488000	0.000003	452.343496
163.540000	0.000003	451.902019
163.592000	0.000003	451.465639
163.644000	0.000003	451.031825
163.696000	0.000003	450.602682
163.748000	0.000003	450.176215
163.800000	0.000003	449.754307
163.852000	0.000003	449.335491
163.904000	0.000003	448.921393
163.956000	0.000003	448.510181
164.008000	0.000003	448.103340
164.060000	0.000003	447.699739
164.112000	0.000003	447.300022
164.164000	0.000003	446.904073
164.216000	0.000003	446.511467
164.268000	0.000003	446.123638
164.320000	0.000003	445.738689
164.372000	0.000003	445.358150
164.424000	0.000003	444.979968
164.476000	0.000003	444.607555
164.528000	0.000003	444.237336
164.580000	0.000003	443.871822
164.632000	0.000003	443.508660
164.684000	0.000003	443.150595
164.736000	0.000003	442.794985
164.788000	0.000003	442.444393
164.840000	0.000003	442.096364
164.892000	0.000003	441.753301
164.944000	0.000003	441.412893
164.996000	0.000003	441.077359
165.048000	0.000003	440.744320
165.100000	0.000003	440.415818
165.152000	0.000003	440.090158
165.204000	0.000003	439.769239
165.256000	0.000003	439.451255
165.308000	0.000003	439.137941
165.360000	0.000003	438.827539
165.412000	0.000003	438.521124
165.464000	0.000003	438.218554
165.516000	0.000003	437.919556
165.568000	0.000003	437.624527
165.620000	0.000003	437.332449
165.672000	0.000003	437.044882
165.724000	0.000003	436.759859
165.776000	0.000003	436.480208
165.828000	0.000003	436.203000
165.880000	0.000003	435.931135
165.932000	0.000003	435.661606
165.984000	0.000003	435.396456
166.036000	0.000003	435.133914
166.088000	0.000003	434.876606
166.140000	0.000003	434.621807
166.192000	0.000003	434.371820
166.244000	0.000003	434.124374
166.296000	0.000003	433.881738
166.348000	0.000003	433.641683
166.400000	0.000003	433.406455
166.452000	0.000003	433.174109
166.504000	0.000003	432.946785
166.556000	0.000003	432.721780
166.608000	0.000003	432.501379
166.660000	0.000003	432.283914
166.712000	0.000003	432.070685
166.764000	0.000003	431.861403
166.816000	0.000003	431.655948
166.868000	0.000003	431.454111
166.920000	0.000003	431.255385
166.972000	0.000003	431.061325
167.024000	0.000003	430.870000
167.076000	0.000003	430.683136
167.128000	0.000003	430.498918
167.180000	0.000003	430.320172
167.232000	0.000003	430.143940
167.284000	0.000003	429.972326
167.336000	0.000003	429.803337
167.388000	0.000003	429.639380
167.440000	0.000003	429.478054
167.492000	0.000003	429.321757
167.544000	0.000003	429.167895
167.596000	0.000003	429.018823
167.648000	0.000003	428.872399
167.700000	0.000003	428.731078
167.752000	0.000003	428.592105
167.804000	0.000003	428.458044
167.856000	0.000003	428.326679
167.908000	0.000003	428.200419
167.960000	0.000003	428.076775
168.012000	0.000003	427.957511
168.064000	0.000003	427.841848
168.116000	0.000003	427.730159
168.168000	0.000003	427.622223
168.220000	0.000003	427.517642
168.272000	0.000003	427.417349
168.324000	0.000003	427.320002
168.376000	0.000003	427.227766
168.428000	0.000003	427.138275
168.480000	0.000003	427.053519
168.532000	0.000003	426.971463
168.584000	0.000003	426.894197
168.636000	0.000003	426.819577
168.688000	0.000003	426.749831
168.740000	0.000003	426.682855
168.792000	0.000003	426.621185
168.844000	0.000003	426.561824
168.896000	0.000003	426.507216
168.948000	0.000003	426.455334
169.000000	0.000003	426.408866
169.052000	0.000003	426.364507
169.104000	0.000003	426.325195
169.156000	0.000003	426.288595
169.208000	0.000003	426.257401
169.260000	0.000003	426.228520
169.312000	0.000003	426.204192
169.364000	0.000003	426.183576
169.416000	0.000003	426.167218
169.468000	0.000003	426.154227
169.520000	0.000003	426.144765
169.572000	0.000003	426.140241
169.624000	0.000003	426.138880
169.676000	0.000003	426.141821
169.728000	0.000003	426.147670
169.780000	0.000003	426.157947
169.832000	0.000003	426.171211
169.884000	0.000003	426.189870
169.936000	0.000003	426.211198
169.988000	0.000003	426.237282
170.040000	0.000003	426.266089
170.092000	0.000003	426.300125
170.144000	0.000003	426.336788
170.196000	0.000003	426.378783
170.248000	0.000003	426.423067
170.300000	0.000003	426.472586
170.352000	0.000003	426.524549
170.404000	0.000003	426.582122
170.456000	0.000003	426.641778
170.508000	0.000003	426.706828
170.560000	0.000003	426.774624
170.612000	0.000003	426.847410
170.664000	0.000003	426.923157
170.716000	0.000003	427.003241
170.768000	0.000003	427.087300
170.820000	0.000003	427.175206
170.872000	0.000003	427.267196
170.924000	0.000003	427.362564
170.976000	0.000003	427.462869
171.028000	0.000003	427.566296
171.080000	0.000003	427.674310
171.132000	0.000003	427.785299
171.184000	0.000003	427.901109
171.236000	0.000003	428.019742
171.288000	0.000002	428.143351
171.340000	0.000002	428.269815
171.392000	0.000002	428.401781
171.444000	0.000002	428.536250
171.496000	0.000002	428.676055
171.548000	0.000002	428.818218
171.600000	0.000002	428.965949
171.652000	0.000002	429.116167
171.704000	0.000002	429.272353
171.756000	0.000002	429.430317
171.808000	0.000002	429.593831
171.860000	0.000002	429.760160
171.912000	0.000002	429.931782
171.964000	0.000002	430.106034
172.016000	0.000002	430.284801
172.068000	0.000002	430.467670
172.120000	0.000002	430.654628
172.172000	0.000002	430.845801
172.224000	0.000002	431.040527
172.276000	0.000002	431.239375
172.328000	0.000002	431.441621
172.380000	0.000002	431.649100
172.432000	0.000002	431.859627
172.484000	0.000002	432.074772
172.536000	0.000002	432.293032
172.588000	0.000002	432.516865
172.640000	0.000002	432.743303
172.692000	0.000002	432.974837
172.744000	0.000002	433.208983
172.796000	0.000002	433.448800
172.848000	0.000002	433.691020
172.900000	0.000002	433.939095
172.952000	0.000002	434.189388
173.004000	0.000002	434.445780
173.056000	0.000002	434.703985
173.108000	0.000002	434.968057
173.160000	0.000002	435.234643
173.212000	0.000002	435.506680
173.264000	0.000002	435.781850
173.316000	0.000002	436.061878
173.368000	0.000002	436.345664
173.420000	0.000002	436.633708
173.472000	0.000002	436.925628
173.524000	0.000002	437.221299
173.576000	0.000002	437.521221
173.628000	0.000002	437.824731
173.680000	0.000002	438.133649
173.732000	0.000002	438.445776
173.784000	0.000002	438.762725
173.836000	0.000002	439.082631
173.888000	0.000002	439.407583
173.940000	0.000002	439.735441
173.992000	0.000002	440.069002
174.044000	0.000002	440.405012
174.096000	0.000002	440.746631
174.148000	0.000002	441.090719
174.200000	0.000002	441.440974
174.252000	0.000002	441.793476
174.304000	0.000002	442.152392
174.356000	0.000002	442.512807
174.408000	0.000002	442.879190
174.460000	0.000002	443.248154
174.512000	0.000002	443.622814
174.564000	0.000002	444.000698
174.616000	0.000002	444.383657
174.668000	0.000002	444.769545
174.720000	0.000002	445.159778
174.772000	0.000002	445.554508
174.824000	0.000002	445.953199
174.876000	0.000002	446.356798
174.928000	0.000002	446.763941
174.980000	0.000002	447.175284
175.032000	0.000002	447.590076
175.084000	0.000002	448.010254
175.136000	0.000002	448.433505
175.188000	0.000002	448.862044
175.240000	0.000002	449.293366
175.292000	0.000002	449.730205
175.344000	0.000002	450.169570
175.396000	0.000002	450.614813
175.448000	0.000002	451.062565
175.500000	0.000002	451.516727
175.552000	0.000002	451.972531
175.604000	0.000002	452.434585
175.656000	0.000002	452.898854
175.708000	0.000002	453.369630
175.760000	0.000002	453.842656
175.812000	0.000002	454.321430
175.864000	0.000002	454.802641
175.916000	0.000002	455.288905
175.968000	0.000002	455.779135
176.020000	0.000002	456.273948
176.072000	0.000002	456.772879
176.124000	0.000002	457.275826
176.176000	0.000002	457.782776
176.228000	0.000002	458.293518
176.280000	0.000002	458.809484
176.332000	0.000002	459.328768
176.384000	0.000002	459.852762
176.436000	0.000002	460.380044
176.488000	0.000002	460.913092
176.540000	0.000002	461.448792
176.592000	0.000002	461.989870
176.644000	0.000002	462.533497
176.696000	0.000002	463.083134
176.748000	0.000002	463.635026
176.800000	0.000002	464.193238
176.852000	0.000002	464.753407
176.904000	0.000002	465.320204
176.956000	0.000002	465.888538
177.008000	0.000002	466.463160
177.060000	0.000002	467.040475
177.112000	0.000002	467.623755
177.164000	0.000002	468.209525
177.216000	0.000002	468.800418
177.268000	0.000002	469.394392
177.320000	0.000002	469.992904
177.372000	0.000002	470.596117
177.424000	0.000002	471.203397
177.476000	0.000002	471.814736
177.528000	0.000002	472.429836
177.580000	0.000002	473.049791
177.632000	0.000002	473.673090
177.684000	0.000002	474.301141
177.736000	0.000002	474.932346
177.788000	0.000002	475.569010
177.840000	0.000002	476.208526
177.892000	0.000002	476.853808
177.944000	0.000002	477.501402
177.996000	0.000002	478.154771
178.048000	0.000002	478.810111
178.100000	0.000002	479.471569
178.152000	0.000002	480.135284
178.204000	0.000002	480.805867
178.256000	0.000002	481.477640
178.308000	0.000002	482.155511
178.360000	0.000002	482.836109
178.412000	0.000002	483.522629
178.464000	0.000002	484.211231
178.516000	0.000002	484.904825
178.568000	0.000002	485.602477
178.620000	0.000002	486.304704
178.672000	0.000002	487.010098
178.724000	0.000002	487.719521
178.776000	0.000002	488.433481
178.828000	0.000002	489.151153
178.880000	0.000002	489.873659
178.932000	0.000002	490.599337
178.984000	0.000002	491.329326
179.036000	0.000002	492.062574
179.088000	0.000002	492.801596
179.140000	0.000002	493.543025
179.192000	0.000002	494.289496
179.244000	0.000002	495.038468
179.296000	0.000002	495.793414
179.348000	0.000002	496.550285
179.400000	0.000002	497.313158
179.452000	0.000002	498.077623
179.504000	0.000002	498.848404
179.556000	0.000002	499.621084
179.608000	0.000002	500.399990
179.660000	0.000002	501.180835
179.712000	0.000002	501.967147
179.764000	0.000002	502.755967
179.816000	0.000002	503.549663
179.868000	0.000002	504.346428
179.920000	0.000002	505.147480
179.972000	0.000002	505.952681
180.024000	0.000002	506.761663
180.076000	0.000002	507.574114
180.128000	0.000002	508.390111
180.180000	0.000002	509.210812
180.232000	0.000002	510.034646
180.284000	0.000002	510.863040
180.336000	0.000002	511.694238
180.388000	0.000002	512.530285
180.440000	0.000002	513.368812
180.492000	0.000002	514.212475
180.544000	0.000002	515.058537
180.596000	0.000002	515.910292
180.648000	0.000002	516.763614
180.700000	0.000002	517.622382
180.752000	0.000002	518.482683
180.804000	0.000002	519.348932
180.856000	0.000002	520.217057
180.908000	0.000002	521.090985
180.960000	0.000002	521.966426
181.012000	0.000002	522.846805
181.064000	0.000002	523.730069
181.116000	0.000002	524.617901
181.168000	0.000002	525.508216
181.220000	0.000002	526.402409
181.272000	0.000002	527.300084
181.324000	0.000002	528.201276
181.376000	0.000002	529.106694
181.428000	0.000002	530.015194
181.480000	0.000002	530.927256
181.532000	0.000002	531.842175
181.584000	0.000002	532.761338
181.636000	0.000002	533.683062
181.688000	0.000002	534.609263
181.740000	0.000002	535.537737
181.792000	0.000002	536.470917
181.844000	0.000002	537.406088
181.896000	0.000002	538.346177
181.948000	0.000002	539.287703
182.000000	0.000002	540.234109
182.052000	0.000002	541.182294
182.104000	0.000002	542.135994
182.156000	0.000002	543.090799
182.208000	0.000002	544.050405
182.260000	0.000002	545.011858
182.312000	0.000002	545.977726
182.364000	0.000002	546.945913
182.416000	0.000002	547.917981
182.468000	0.000002	548.892822
182.520000	0.000002	549.871019
182.572000	0.000002	550.851909
182.624000	0.000002	551.835766
182.676000	0.000002	552.823026
182.728000	0.000002	553.812986
182.780000	0.000002	554.806532
182.832000	0.000002	555.802524
182.884000	0.000002	556.802269
182.936000	0.000002	557.804054
182.988000	0.000002	558.809381
183.040000	0.000002	559.816682
183.092000	0.000002	560.828026
183.144000	0.000002	561.840881
183.196000	0.000002	562.857625
183.248000	0.000002	563.876200
183.300000	0.000002	564.899293
183.352000	0.000002	565.923413
183.404000	0.000002	566.951707
183.456000	0.000002	567.981034
183.508000	0.000002	569.014205
183.560000	0.000002	570.049109
183.612000	0.000002	571.087526
183.664000	0.000002	572.128059
183.716000	0.000002	573.171627
183.768000	0.000002	574.217197
183.820000	0.000002	575.265314
183.872000	0.000002	576.316250
183.924000	0.000002	577.369450
183.976000	0.000002	578.425569
184.028000	0.000002	579.483589
184.080000	0.000002	580.543729
184.132000	0.000002	581.605886
184.184000	0.000002	582.671503
184.236000	0.000002	583.738682
184.288000	0.000002	584.808611
184.340000	0.000002	585.879912
184.392000	0.000002	586.954027
184.444000	0.000002	588.029590
184.496000	0.000002	589.108300
184.548000	0.000002	590.188338
184.600000	0.000002	591.271510
184.652000	0.000002	592.355584
184.704000	0.000002	593.442572
184.756000	0.000002	594.530496
184.808000	0.000002	595.621015
184.860000	0.000002	596.713098
184.912000	0.000002	597.807521
184.964000	0.000002	598.903335
185.016000	0.000002	600.001023
185.068000	0.000002	601.100809
185.120000	0.000002	602.202180
185.172000	0.000002	603.305336
185.224000	0.000002	604.409818
185.276000	0.000002	605.516101
185.328000	0.000002	606.623658
185.380000	0.000002	607.733448
185.432000	0.000002	608.844307
185.484000	0.000002	609.956938
185.536000	0.000002	611.070538
185.588000	0.000002	612.185867
185.640000	0.000002	613.302291
185.692000	0.000002	614.420691
185.744000	0.000002	615.539915
185.796000	0.000002	616.660714
185.848000	0.000002	617.782294
185.900000	0.000002	618.905339
185.952000	0.000002	620.029473
186.004000	0.000002	621.155135
186.056000	0.000002	622.281609
186.108000	0.000002	623.409152
186.160000	0.000002	624.537627
186.212000	0.000002	625.666911
186.264000	0.000002	626.797226
186.316000	0.000002	627.928106
186.368000	0.000002	629.060594
186.420000	0.000002	630.193477
186.472000	0.000002	631.327498
186.524000	0.000002	632.461778
186.576000	0.000002	633.597074
186.628000	0.000002	634.732611
186.680000	0.000002	635.869019
186.732000	0.000002	637.005673
186.784000	0.000002	638.143020
186.836000	0.000002	639.280812
186.888000	0.000002	640.419457
186.940000	0.000002	641.558426
186.992000	0.000002	642.697671
187.044000	0.000002	643.837312
187.096000	0.000002	644.976988
187.148000	0.000002	646.117154
187.200000	0.000002	647.257086
187.252000	0.000002	648.397627
187.304000	0.000002	649.537640
187.356000	0.000002	650.678697
187.408000	0.000002	651.819217
187.460000	0.000002	652.959974
187.512000	0.000002	654.099801
187.564000	0.000002	655.240686
187.616000	0.000002	656.380717
187.668000	0.000002	657.520783
187.720000	0.000002	658.659841
187.772000	0.000002	659.799803
187.824000	0.000002	660.938818
187.876000	0.000002	662.077941
187.928000	0.000002	663.216243
187.980000	0.000002	664.354341
188.032000	0.000002	665.491768
188.084000	0.000002	666.628657
188.136000	0.000002	667.764881
188.188000	0.000002	668.899853
188.240000	0.000002	670.034744
188.292000	0.000002	671.168656
188.344000	0.000002	672.302500
188.396000	0.000002	673.434644
188.448000	0.000002	674.566970
188.500000	0.000002	675.697157
188.552000	0.000002	676.827800
188.604000	0.000002	677.955838
188.656000	0.000002	679.084390
188.708000	0.000002	680.210334
188.760000	0.000002	681.336606
188.812000	0.000002	682.460293
188.864000	0.000002	683.584091
188.916000	0.000002	684.705350
188.968000	0.000002	685.826483
189.020000	0.000002	686.945161
189.072000	0.000002	688.062890
189.124000	0.000002	689.178434
189.176000	0.000002	690.293556
189.228000	0.000002	691.406726
189.280000	0.000002	692.518523
189.332000	0.000002	693.628546
189.384000	0.000002	694.736302
189.436000	0.000002	695.842756
189.488000	0.000002	696.946797
189.540000	0.000002	698.050116
189.592000	0.000002	699.150771
189.644000	0.000002	700.250626
189.696000	0.000002	701.346658
189.748000	0.000002	702.442559
189.800000	0.000002	703.534292
189.852000	0.000002	704.626319
189.904000	0.000002	705.713582
189.956000	0.000002	706.800796
190.008000	0.000002	707.883261
190.060000	0.000002	708.966112
190.112000	0.000002	710.044655
190.164000	0.000002	711.122329
190.216000	0.000002	712.195737
190.268000	0.000002	713.268325
190.320000	0.000002	714.336984
190.372000	0.000002	715.404329
190.424000	0.000002	716.468121
190.476000	0.000002	717.529972
190.528000	0.000002	718.588726
190.580000	0.000002	719.644893
190.632000	0.000002	720.698309
190.684000	0.000002	721.748074
190.736000	0.000002	722.795732
190.788000	0.000002	723.839423
190.840000	0.000002	724.881543
190.892000	0.000002	725.918968
190.944000	0.000002	726.955384
190.996000	0.000002	727.986354
191.048000	0.000002	729.016601
191.100000	0.000002	730.040397
191.152000	0.000002	731.064321
191.204000	0.000002	732.081339
191.256000	0.000002	733.098481
191.308000	0.000002	734.109051
191.360000	0.000002	735.119220
191.412000	0.000002	736.123177
191.464000	0.000002	737.125724
191.516000	0.000002	738.122383
191.568000	0.000002	739.117516
191.620000	0.000002	740.107254
191.672000	0.000002	741.094295
191.724000	0.000002	742.076568
191.776000	0.000002	743.056325
191.828000	0.000002	744.031765
191.880000	0.000001	745.002905
191.932000	0.000001	745.970469
191.984000	0.000001	746.933332
192.036000	0.000001	747.893270
192.088000	0.000001	748.847616
192.140000	0.000001	749.799729
192.192000	0.000001	750.745381
192.244000	0.000001	751.689462
192.296000	0.000001	752.626131
192.348000	0.000001	753.562051
192.400000	0.000001	754.489717
192.452000	0.000001	755.417183
192.504000	0.000001	756.335628
192.556000	0.000001	757.253833
192.608000	0.000001	758.163558
192.660000	0.000001	759.072386
192.712000	0.000001	759.973292
192.764000	0.000001	760.872491
192.816000	0.000001	761.764323
192.868000	0.000001	762.653750
192.920000	0.000001	763.536443
192.972000	0.000001	764.415902
193.024000	0.000001	765.289341
193.076000	0.000001	766.158626
193.128000	0.000001	767.022665
193.180000	0.000001	767.881609
193.232000	0.000001	768.736077
193.284000	0.000001	769.584410
193.336000	0.000001	770.429134
193.388000	0.000001	771.266848
193.440000	0.000001	772.101755
193.492000	0.000001	772.928583
193.544000	0.000001	773.753465
193.596000	0.000001	774.569243
193.648000	0.000001	775.383959
193.700000	0.000001	776.188532
193.752000	0.000001	776.992761
193.804000	0.000001	777.786156
193.856000	0.000001	778.579100
193.908000	0.000001	779.361912
193.960000	0.000001	780.143349
194.012000	0.000001	780.915344
194.064000	0.000001	781.685142
194.116000	0.000001	782.446240
194.168000	0.000001	783.204308
194.220000	0.000001	783.954463
194.272000	0.000001	784.700517
194.324000	0.000001	785.439520
194.376000	0.000001	786.173386
194.428000	0.000001	786.901135
194.480000	0.000001	787.622769
194.532000	0.000001	788.339187
194.584000	0.000001	789.048293
194.636000	0.000001	789.753188
194.688000	0.000001	790.449780
194.740000	0.000001	791.143079
194.792000	0.000001	791.826867
194.844000	0.000001	792.508402
194.896000	0.000001	793.179348
194.948000	0.000001	793.849028
195.000000	0.000001	794.506950
195.052000	0.000001	795.164406
195.104000	0.000001	795.809494
195.156000	0.000001	796.453813
195.208000	0.000001	797.086571
195.260000	0.000001	797.717633
195.312000	0.000001	798.338007
195.364000	0.000001	798.955745
195.416000	0.000001	799.563676
195.468000	0.000001	800.167877
195.520000	0.000001	800.763190
195.572000	0.000001	801.353741
195.624000	0.000001	801.936406
195.676000	0.000001	802.513168
195.728000	0.000001	803.083086
195.780000	0.000001	803.645939
195.832000	0.000001	804.202994
195.884000	0.000001	804.751770
195.936000	0.000001	805.295822
195.988000	0.000001	805.830414
196.040000	0.000001	806.361391
196.092000	0.000001	806.881738
196.144000	0.000001	807.399578
196.196000	0.000001	807.905573
196.248000	0.000001	808.410154
196.300000	0.000001	808.901644
196.352000	0.000001	809.392497
196.404000	0.000001	809.869729
196.456000	0.000001	810.346014
196.508000	0.000001	810.809646
196.560000	0.000001	811.271303
196.612000	0.000001	811.721297
196.664000	0.000001	812.168152
196.716000	0.000001	812.604326
196.768000	0.000001	813.036319
196.820000	0.000001	813.458683
196.872000	0.000001	813.875741
196.924000	0.000001	814.284270
196.976000	0.000001	814.686185
197.028000	0.000001	815.080721
197.080000	0.000001	815.467456
197.132000	0.000001	815.847968
197.184000	0.000001	816.219439
197.236000	0.000001	816.585856
197.288000	0.000001	816.941984
197.340000	0.000001	817.294214
197.392000	0.000001	817.634866
197.444000	0.000001	817.972805
197.496000	0.000001	818.297901
197.548000	0.000001	818.621516
197.600000	0.000001	818.931039
197.652000	0.000001	819.239855
197.704000	0.000001	819.534175
197.756000	0.000001	819.827349
197.808000	0.000001	820.107078
197.860000	0.000001	820.384525
197.912000	0.000001	820.649607
197.964000	0.000001	820.911264
198.016000	0.000001	821.161648
198.068000	0.000001	821.407499
198.120000	0.000001	821.643211
198.172000	0.000001	821.873116
198.224000	0.000001	822.094067
198.276000	0.000001	822.307899
198.328000	0.000001	822.514009
198.380000	0.000001	822.711815
198.432000	0.000001	822.903114
198.484000	0.000001	823.084788
198.536000	0.000001	823.261190
198.588000	0.000001	823.426680
198.640000	0.000001	823.588118
198.692000	0.000001	823.737330
198.744000	0.000001	823.883759
198.796000	0.000001	824.016696
198.848000	0.000001	824.148107
198.900000	0.000001	824.264727
198.952000	0.000001	824.380523
199.004000	0.000001	824.481259
199.056000	0.000001	824.580725
199.108000	0.000001	824.666288
199.160000	0.000001	824.749405
199.212000	0.000001	824.819767
199.264000	0.000001	824.886451
199.316000	0.000001	824.941527
199.368000	0.000001	824.991792
199.420000	0.000001	825.031645
199.472000	0.000001	825.065322
199.524000	0.000001	825.089849
199.576000	0.000001	825.107061
199.628000	0.000001	825.116361
199.680000	0.000001	825.116921
199.732000	0.000001	825.110848
199.784000	0.000001	825.094790
199.836000	0.000001	825.073389
199.888000	0.000001	825.040746
199.940000	0.000001	825.004016
199.992000	0.000001	824.954719
200.044000	0.000001	824.902613
200.096000	0.000001	824.836648
200.148000	0.000001	824.769124
200.200000	0.000001	824.686427
200.252000	0.000001	824.602921
200.304000	0.000001	824.504185
200.356000	0.000001	824.404051
200.408000	0.000001	824.289860
200.460000	0.000001	824.173034
200.512000	0.000001	824.043333
200.564000	0.000001	823.909846
200.616000	0.000001	823.764687
200.668000	0.000001	823.614546
200.720000	0.000001	823.453958
200.772000	0.000001	823.287078
200.824000	0.000001	823.111032
200.876000	0.000001	822.927461
200.928000	0.000001	822.736011
200.980000	0.000001	822.535757
201.032000	0.000001	822.328894
201.084000	0.000001	822.111911
201.136000	0.000001	821.889622
201.188000	0.000001	821.655977
201.240000	0.000001	821.418288
201.292000	0.000001	821.167945
201.344000	0.000001	820.914837
201.396000	0.000001	820.647812
201.448000	0.000001	820.379301
201.500000	0.000001	820.095611
201.552000	0.000001	819.811086
201.604000	0.000001	819.511469
201.656000	0.000001	819.210366
201.708000	0.000001	818.895367
201.760000	0.000001	818.577694
201.812000	0.000001	818.247332
201.864000	0.000001	817.913164
201.916000	0.000001	817.567516
201.968000	0.000001	817.216793
202.020000	0.000001	816.855824
202.072000	0.000001	816.488585
202.124000	0.000001	816.112374
202.176000	0.000001	815.728657
202.228000	0.000001	815.337257
202.280000	0.000001	814.937147
202.332000	0.000001	814.530585
202.384000	0.000001	814.113966
202.436000	0.000001	813.692216
202.488000	0.000001	813.259292
202.540000	0.000001	812.822481
202.592000	0.000001	812.373244
202.644000	0.000001	811.921352
202.696000	0.000001	811.455798
202.748000	0.000001	810.988869
202.800000	0.000001	810.507103
202.852000	0.000001	810.024465
202.904000	0.000001	809.527193
202.956000	0.000001	809.028426
203.008000	0.000001	808.516241
203.060000	0.000001	808.001421
203.112000	0.000001	807.474377
203.164000	0.000001	806.943517
203.216000	0.000001	806.401614
203.268000	0.000001	805.854817
203.320000	0.000001	805.298194
203.372000	0.000001	804.735439
203.424000	0.000001	804.164103
203.476000	0.000001	803.585457
203.528000	0.000001	802.999472
203.580000	0.000001	802.405001
203.632000	0.000001	801.804441
203.684000	0.000001	801.194273
203.736000	0.000001	800.579225
203.788000	0.000001	799.953379
203.840000	0.000001	799.323870
203.892000	0.000001	798.682426
203.944000	0.000001	798.038524
203.996000	0.000001	797.381557
204.048000	0.000001	796.723364
204.100000	0.000001	796.051017
204.152000	0.000001	795.377824
204.204000	0.000001	794.690803
204.256000	0.000001	794.002290
204.308000	0.000001	793.301131
204.360000	0.000001	792.597448
204.412000	0.000001	791.882280
204.464000	0.000001	791.163434
204.516000	0.000001	790.434234
204.568000	0.000001	789.700352
204.620000	0.000001	788.957288
204.672000	0.000001	788.208434
204.724000	0.000001	787.451583
204.776000	0.000001	786.687802
204.828000	0.000001	785.917226
204.880000	0.000001	785.138725
204.932000	0.000001	784.354571
204.984000	0.000001	783.561346
205.036000	0.000001	782.763622
205.088000	0.000001	781.955778
205.140000	0.000001	781.144624
205.192000	0.000001	780.322377
205.244000	0.000001	779.497897
205.296000	0.000001	778.661249
205.348000	0.000001	777.823479
205.400000	0.000001	776.972541
205.452000	0.000001	776.120887
205.504000	0.000001	775.256566
205.556000	0.000001	774.390806
205.608000	0.000001	773.513461
205.660000	0.000001	772.633740
205.712000	0.000001	771.743532
205.764000	0.000001	770.849933
205.816000	0.000001	769.946912
205.868000	0.000001	769.039604
205.920000	0.000001	768.123961
205.972000	0.000001	767.202933
206.024000	0.000001	766.274689
206.076000	0.000001	765.340173
206.128000	0.000001	764.399526
206.180000	0.000001	763.451594
206.232000	0.000001	762.498624
206.284000	0.000001	761.537465
206.336000	0.000001	760.572290
206.388000	0.000001	759.597935
206.440000	0.000001	758.620650
206.492000	0.000001	757.633338
206.544000	0.000001	756.644068
206.596000	0.000001	755.643833
206.648000	0.000001	754.642706
206.700000	0.000001	753.629793
206.752000	0.000001	752.616242
206.804000	0.000001	751.591445
206.856000	0.000001	750.565319
206.908000	0.000001	749.528945
206.960000	0.000001	748.490463
207.012000	0.000001	747.442744
207.064000	0.000001	746.391981
207.116000	0.000001	745.332944
207.168000	0.000001	744.270084
207.220000	0.000001	743.199942
207.272000	0.000001	742.125112
207.324000	0.000001	741.043997
207.376000	0.000001	739.957352
207.428000	0.000001	738.865390
207.480000	0.000001	737.767029
207.532000	0.000001	736.664339
207.584000	0.000001	735.554526
207.636000	0.000001	734.441268
207.688000	0.000001	733.320009
207.740000	0.000001	732.196287
207.792000	0.000001	731.063895
207.844000	0.000001	729.929886
207.896000	0.000001	728.786423
207.948000	0.000001	727.642214
208.000000	0.000001	726.487845
208.052000	0.000001	725.332976
208.104000	0.000001	724.168565
208.156000	0.000001	723.003064
208.208000	0.000001	721.828909
208.260000	0.000001	720.652900
208.312000	0.000001	719.469098
208.364000	0.000001	718.282741
208.416000	0.000001	717.089445
208.468000	0.000001	715.892961
208.520000	0.000001	714.690398
208.572000	0.000001	713.483883
208.624000	0.000001	712.272152
208.676000	0.000001	711.055780
208.728000	0.000001	709.835031
208.780000	0.000001	708.608983
208.832000	0.000001	707.379391
208.884000	0.000001	706.143892
208.936000	0.000001	704.905627
208.988000	0.000001	703.660810
209.040000	0.000001	702.414021
209.092000	0.000001	701.160113
209.144000	0.000001	699.904927
209.196000	0.000001	698.642008
209.248000	0.000001	697.378563
209.300000	0.000001	696.106869
209.352000	0.000001	694.834831
209.404000	0.000001	693.555152
209.456000	0.000001	692.274550
209.508000	0.000001	690.987031
209.560000	0.000001	689.698113
209.612000	0.000001	688.403026
209.664000	0.000001	687.105900
209.716000	0.000001	685.803302
209.768000	0.000001	684.498243
209.820000	0.000001	683.188422
209.872000	0.000001	681.875495
209.924000	0.000001	680.558521
209.976000	0.000001	679.237964
210.028000	0.000001	677.914046
210.080000	0.000001	676.586053
210.132000	0.000001	675.255360
210.184000	0.000001	673.920123
210.236000	0.000001	672.582821
210.288000	0.000001	671.240525
210.340000	0.000001	669.896750
210.392000	0.000001	668.547543
210.444000	0.000001	667.197464
210.496000	0.000001	665.841585
210.548000	0.000001	664.485395
210.600000	0.000001	663.123040
210.652000	0.000001	661.760434
210.704000	0.000001	660.392181
210.756000	0.000001	659.023333
210.808000	0.000001	657.649444
210.860000	0.000001	656.274561
210.912000	0.000001	654.895203
210.964000	0.000001	653.514431
211.016000	0.000001	652.129728
211.068000	0.000001	650.743301
211.120000	0.000001	649.353489
211.172000	0.000001	647.961533
211.224000	0.000001	646.566744
211.276000	0.000001	645.169501
211.328000	0.000001	643.769930
211.380000	0.000001	642.367549
211.432000	0.000001	640.963329
211.484000	0.000001	639.555999
211.536000	0.000001	638.147316
211.588000	0.000001	636.735288
211.640000	0.000001	635.322347
211.692000	0.000001	633.905815
211.744000	0.000001	632.488726
211.796000	0.000001	631.067776
211.848000	0.000001	629.646718
211.900000	0.000001	628.221650
211.952000	0.000001	626.796503
212.004000	0.000001	625.367761
212.056000	0.000001	623.938732
212.108000	0.000001	622.506541
212.160000	0.000001	621.073744
212.212000	0.000001	619.638166
212.264000	0.000001	618.201872
212.316000	0.000001	616.763189
212.368000	0.000001	615.323545
212.420000	0.000001	613.881887
212.472000	0.000001	612.439061
212.524000	0.000001	610.994600
212.576000	0.000001	609.548838
212.628000	0.000001	608.101763
212.680000	0.000001	606.653150
212.732000	0.000001	605.203555
212.784000	0.000001	603.752330
212.836000	0.000001	602.300437
212.888000	0.000001	600.846839
212.940000	0.000001	599.392797
212.992000	0.000001	597.936913
213.044000	0.000001	596.480850
213.096000	0.000001	595.022916
213.148000	0.000001	593.565051
213.200000	0.000001	592.105310
213.252000	0.000001	590.645613
213.304000	0.000001	589.184284
213.356000	0.000001	587.722942
213.408000	0.000001	586.260233
213.460000	0.000001	584.797441
213.512000	0.000001	583.333509
213.564000	0.000001	581.869402
213.616000	0.000001	580.404365
213.668000	0.000001	578.939214
213.720000	0.000001	577.473338
213.772000	0.000001	576.007202
213.824000	0.000001	574.540548
213.876000	0.000001	573.073656
213.928000	0.000001	571.606423
213.980000	0.000001	570.138954
214.032000	0.000001	568.671279
214.084000	0.000001	567.203351
214.136000	0.000001	565.735388
214.188000	0.000001	564.267282
214.240000	0.000001	562.799174
214.292000	0.000001	561.330902
214.344000	0.000001	559.862792
214.396000	0.000001	558.394683
214.448000	0.000001	556.926731
214.500000	0.000001	555.458843
214.552000	0.000001	553.991197
214.604000	0.000001	552.523746
214.656000	0.000001	551.056550
214.708000	0.000001	549.589623
214.760000	0.000001	548.123023
214.812000	0.000001	546.656760
214.864000	0.000001	545.191019
214.916000	0.000001	543.725670
214.968000	0.000001	542.260796
215.020000	0.000001	540.796366
215.072000	0.000001	539.332603
215.124000	0.000001	537.869328
215.176000	0.000001	536.406834
215.228000	0.000001	534.944837
215.280000	0.000001	533.483712
215.332000	0.000001	532.023082
215.384000	0.000001	530.563479
215.436000	0.000001	529.104370
215.488000	0.000001	527.646494
215.540000	0.000001	526.189046
215.592000	0.000001	524.732990
215.644000	0.000001	523.277298
215.696000	0.000001	521.823210
215.748000	0.000001	520.369453
215.800000	0.000001	518.917511
215.852000	0.000001	517.465925
215.904000	0.000001	516.016097
215.956000	0.000001	514.566808
216.008000	0.000001	513.119214
216.060000	0.000001	511.672356
216.112000	0.000001	510.227111
216.164000	0.000001	508.782826
216.216000	0.000001	507.340063
216.268000	0.000001	505.898527
216.320000	0.000001	504.458420
216.372000	0.000001	503.019703
216.424000	0.000001	501.582316
216.476000	0.000001	500.146551
216.528000	0.000001	498.711998
216.580000	0.000001	497.279308
216.632000	0.000001	495.847697
216.684000	0.000001	494.418215
216.736000	0.000001	492.989659
216.788000	0.000001	491.563503
216.840000	0.000001	490.138103
216.892000	0.000001	488.715396
216.944000	0.000001	487.293260
216.996000	0.000001	485.874125
217.048000	0.000001	484.455436
217.100000	0.000001	483.039993
217.152000	0.000001	481.625006
217.204000	0.000001	480.213056
217.256000	0.000001	478.801893
217.308000	0.000001	477.393589
217.360000	0.000001	475.986372
217.412000	0.000001	474.581804
217.464000	0.000001	473.178646
217.516000	0.000001	471.777923
217.568000	0.000001	470.378920
217.620000	0.000001	468.982135
217.672000	0.000001	467.587329
217.724000	0.000001	466.194541
217.776000	0.000001	464.804142
217.828000	0.000001	463.415506
217.880000	0.000001	462.029504
217.932000	0.000001	460.645035
217.984000	0.000001	459.263585
218.036000	0.000001	457.883410
218.088000	0.000001	456.506605
218.140000	0.000001	455.130778
218.192000	0.000001	453.758658
218.244000	0.000001	452.387289
218.296000	0.000001	451.020050
218.348000	0.000001	449.653280
218.400000	0.000001	448.290827
218.452000	0.000001	446.928989
218.504000	0.000001	445.571198
218.556000	0.000001	444.214355
218.608000	0.000001	442.861250
218.660000	0.000001	441.509514
218.712000	0.000001	440.161212
218.764000	0.000001	438.814678
218.816000	0.000001	437.471263
218.868000	0.000001	436.129944
218.920000	0.000001	434.791441
218.972000	0.000001	433.455458
219.024000	0.000001	432.121973
219.076000	0.000001	430.791346
219.128000	0.000001	429.462910
219.180000	0.000001	428.137765
219.232000	0.000001	426.814482
219.284000	0.000001	425.494887
219.336000	0.000001	424.176795
219.388000	0.000001	422.862767
219.440000	0.000001	421.549916
219.492000	0.000001	420.241575
219.544000	0.000001	418.934022
219.596000	0.000001	417.631373
219.648000	0.000001	416.329260
219.700000	0.000001	415.032251
219.752000	0.000001	413.735959
219.804000	0.000001	412.444418
219.856000	0.000001	411.153979
219.908000	0.000001	409.867897
219.960000	0.000001	408.583399
220.012000	0.000001	407.302878
220.064000	0.000001	406.024338
220.116000	0.000001	404.749386
220.168000	0.000001	403.476837
220.220000	0.000001	402.207504
220.272000	0.000001	400.941047
220.324000	0.000001	399.677421
220.376000	0.000001	398.417045
220.428000	0.000001	397.159132
220.480000	0.000001	395.904942
220.532000	0.000001	394.652789
220.584000	0.000001	393.404723
220.636000	0.000001	392.158335
220.688000	0.000001	390.916535
220.740000	0.000001	389.675988
220.792000	0.000001	388.440446
220.844000	0.000001	387.205778
220.896000	0.000001	385.976587
220.948000	0.000001	384.747940
221.000000	0.000001	383.524875
221.052000	0.000001	382.302603
221.104000	0.000001	381.085518
221.156000	0.000001	379.869648
221.208000	0.000001	378.658515
221.260000	0.000001	377.449065
221.312000	0.000001	376.243913
221.364000	0.000001	375.040915
221.416000	0.000001	373.841784
221.468000	0.000001	372.645311
221.520000	0.000001	371.452273
221.572000	0.000001	370.262237
221.624000	0.000001	369.075232
221.676000	0.000001	367.891766
221.728000	0.000001	366.710880
221.780000	0.000001	365.533902
221.832000	0.000001	364.359109
221.884000	0.000001	363.188745
221.936000	0.000001	362.020115
221.988000	0.000001	360.856337
222.040000	0.000001	359.693857
222.092000	0.000001	358.536682
222.144000	0.000001	357.380335
222.196000	0.000001	356.229726
222.248000	0.000001	355.079755
222.300000	0.000001	353.935653
222.352000	0.000001	352.792354
222.404000	0.000001	351.654438
222.456000	0.000001	350.517764
222.508000	0.000001	349.385996
222.560000	0.000001	348.256041
222.612000	0.000001	347.130535
222.664000	0.000001	346.007227
222.716000	0.000001	344.887898
222.768000	0.000001	343.771280
222.820000	0.000001	342.658201
222.872000	0.000001	341.548329
222.924000	0.000001	340.441534
222.976000	0.000001	339.338308
223.028000	0.000001	338.237724
223.080000	0.000001	337.141208
223.132000	0.000001	336.046866
223.184000	0.000001	334.957005
223.236000	0.000001	333.868914
223.288000	0.000001	332.785819
223.340000	0.000001	331.703994
223.392000	0.000001	330.627563
223.444000	0.000001	329.552009
223.496000	0.000001	328.482343
223.548000	0.000001	327.413218
223.600000	0.000001	326.349953
223.652000	0.000001	325.287564
223.704000	0.000001	324.230596
223.756000	0.000001	323.174905
223.808000	0.000001	322.124130
223.860000	0.000001	321.075204
223.912000	0.000001	320.030722
223.964000	0.000001	318.988419
224.016000	0.000001	317.950085
224.068000	0.000001	316.914534
224.120000	0.000001	315.882487
224.172000	0.000001	314.853577
224.224000	0.000001	313.827726
224.276000	0.000001	312.805502
224.328000	0.000001	311.785871
224.380000	0.000001	310.770271
224.432000	0.000001	309.756830
224.484000	0.000001	308.747897
224.536000	0.000001	307.740674
224.588000	0.000001	306.738395
224.640000	0.000001	305.737351
224.692000	0.000001	304.741665
224.744000	0.000001	303.746795
224.796000	0.000001	302.757742
224.848000	0.000001	301.769293
224.900000	0.000001	300.786626
224.952000	0.000001	299.804771
225.004000	0.000001	298.828196
225.056000	0.000001	297.852903
225.108000	0.000001	296.882411
225.160000	0.000001	295.913714
225.212000	0.000001	294.949342
225.264000	0.000001	293.987231
225.316000	0.000001	293.028974
225.368000	0.000001	292.073371
225.420000	0.000001	291.121168
225.472000	0.000001	290.172046
225.524000	0.000001	289.225885
225.576000	0.000001	288.283286
225.628000	0.000001	287.343204
225.680000	0.000001	286.407102
225.732000	0.000001	285.473058
225.784000	0.000001	284.543385
225.836000	0.000001	283.615327
225.888000	0.000001	282.692062
225.940000	0.000001	281.770001
225.992000	0.000001	280.853175
226.044000	0.000001	279.937087
226.096000	0.000001	279.026625
226.148000	0.000001	278.116716
226.200000	0.000001	277.212347
226.252000	0.000001	276.308829
226.304000	0.000001	275.410389
226.356000	0.000001	274.513213
226.408000	0.000001	273.620633
226.460000	0.000001	272.729810
226.512000	0.000001	271.843121
226.564000	0.000001	270.958531
226.616000	0.000001	270.077619
226.668000	0.000001	269.199327
226.720000	0.000001	268.324279
226.772000	0.000001	267.452260
226.824000	0.000001	266.583044
226.876000	0.000001	265.717219
226.928000	0.000001	264.853751
226.980000	0.000001	263.994039
227.032000	0.000001	263.136312
227.084000	0.000001	262.282844
227.136000	0.000001	261.430875
227.188000	0.000001	260.583470
227.240000	0.000001	259.737194
227.292000	0.000001	258.895929
227.344000	0.000001	258.055349
227.396000	0.000001	257.220143
227.448000	0.000001	256.385468
227.500000	0.000001	255.556032
227.552000	0.000001	254.727396
227.604000	0.000001	253.903545
227.656000	0.000001	253.080919
227.708000	0.000001	252.262626
227.760000	0.000001	251.446029
227.812000	0.000001	250.633324
227.864000	0.000001	249.822685
227.916000	0.000001	249.015500
227.968000	0.000001	248.210772
228.020000	0.000001	247.409080
228.072000	0.000001	246.610230
228.124000	0.000001	245.814006
228.176000	0.000001	245.021011
228.228000	0.000001	244.230233
228.280000	0.000001	243.443056
228.332000	0.000001	242.657693
228.384000	0.000001	241.876303
228.436000	0.000001	241.096329
228.488000	0.000001	240.320698
228.540000	0.000001	239.546115
228.592000	0.000001	238.776262
228.644000	0.000001	238.007008
228.696000	0.000001	237.242803
228.748000	0.000001	236.479137
228.800000	0.000001	235.720379
228.852000	0.000001	234.962360
228.904000	0.000001	234.208792
228.956000	0.000001	233.456447
229.008000	0.000001	232.708147
229.060000	0.000001	231.961369
229.112000	0.000001	231.218200
229.164000	0.000001	230.477048
229.216000	0.000001	229.739099
229.268000	0.000001	229.003427
229.320000	0.000001	228.270581
229.372000	0.000001	227.540457
229.424000	0.000001	226.812753
229.476000	0.000001	226.088047
229.528000	0.000001	225.365392
229.580000	0.000001	224.646118
229.632000	0.000001	223.928519
229.684000	0.000001	223.214645
229.736000	0.000001	222.502098
229.788000	0.000001	221.793646
229.840000	0.000001	221.086100
229.892000	0.000001	220.382929
229.944000	0.000001	219.680298
229.996000	0.000001	218.982378
230.048000	0.000001	218.284974
230.100000	0.000001	217.592111
230.152000	0.000001	216.899999
230.204000	0.000001	216.212009
230.256000	0.000001	215.525094
230.308000	0.000001	214.841895
230.360000	0.000001	214.160232
230.412000	0.000001	213.481902
230.464000	0.000001	212.805367
230.516000	0.000001	212.131783
230.568000	0.000001	211.460381
230.620000	0.000001	210.791568
230.672000	0.000001	210.125263
230.724000	0.000001	209.461179
230.776000	0.000001	208.799888
230.828000	0.000001	208.140477
230.880000	0.000001	207.484216
230.932000	0.000001	206.829509
230.984000	0.000001	206.178300
231.036000	0.000001	205.528231
231.088000	0.000001	204.881881
231.140000	0.000001	204.236410
231.192000	0.000001	203.595043
231.244000	0.000001	202.954160
231.296000	0.000001	202.317640
231.348000	0.000001	201.681607
231.400000	0.000001	201.049743
231.452000	0.000001	200.418515
231.504000	0.000001	199.791041
231.556000	0.000001	199.164676
231.608000	0.000001	198.541728
231.660000	0.000001	197.920127
231.712000	0.000001	197.301564
231.764000	0.000001	196.684732
231.816000	0.000001	196.070596
231.868000	0.000001	195.458494
231.920000	0.000001	194.848747
231.972000	0.000001	194.241286
232.024000	0.000001	193.635861
232.076000	0.000001	193.033062
232.128000	0.000001	192.431959
232.180000	0.000001	191.833738
232.232000	0.000001	191.236911
232.284000	0.000001	190.643285
232.336000	0.000001	190.050739
232.388000	0.000001	189.461675
232.440000	0.000001	188.873355
232.492000	0.000001	188.288772
232.544000	0.000001	187.704654
232.596000	0.000001	187.124568
232.648000	0.000001	186.544905
232.700000	0.000001	185.969030
232.752000	0.000001	185.393800
232.804000	0.000001	184.822001
232.856000	0.000001	184.251201
232.908000	0.000001	183.683502
232.960000	0.000001	183.117064
233.012000	0.000001	182.553390
233.064000	0.000001	181.991324
233.116000	0.000001	181.431702
233.168000	0.000001	180.873918
233.220000	0.000001	180.318281
233.272000	0.000001	179.764798
233.324000	0.000001	179.213162
233.376000	0.000001	178.663948
233.428000	0.000001	178.116254
233.480000	0.000001	177.571172
233.532000	0.000001	177.027375
233.584000	0.000001	176.486555
233.636000	0.000001	175.946687
233.688000	0.000001	175.409992
233.740000	0.000001	174.873961
233.792000	0.000001	174.341354
233.844000	0.000001	173.809166
233.896000	0.000001	173.280674
233.948000	0.000001	172.752538
234.000000	0.000001	172.227826
234.052000	0.000001	171.703767
234.104000	0.000001	171.182831
234.156000	0.000001	170.662786
234.208000	0.000001	170.145544
234.260000	0.000001	169.629521
234.312000	0.000001	169.116001
234.364000	0.000001	168.603921
234.416000	0.000001	168.094051
234.468000	0.000001	167.585876
234.520000	0.000001	167.079642
234.572000	0.000001	166.575393
234.624000	0.000001	166.072800
234.676000	0.000001	165.572397
234.728000	0.000001	165.073395
234.780000	0.000001	164.576854
234.832000	0.000001	164.081433
234.884000	0.000001	163.588678
234.936000	0.000001	163.096780
234.988000	0.000001	162.607782
235.040000	0.000001	162.119409
235.092000	0.000001	161.634185
235.144000	0.000001	161.149305
235.196000	0.000001	160.667779
235.248000	0.000001	160.186585
235.300000	0.000001	159.708485
235.352000	0.000001	159.231003
235.404000	0.000001	158.756342
235.456000	0.000001	158.282515
235.508000	0.000001	157.811218
235.560000	0.000001	157.341005
235.612000	0.000001	156.873048
235.664000	0.000001	156.406471
235.716000	0.000001	155.941880
235.768000	0.000001	155.478801
235.820000	0.000001	155.017480
235.872000	0.000001	154.558024
235.924000	0.000001	154.100045
235.976000	0.000001	153.644032
236.028000	0.000001	153.189282
236.080000	0.000001	152.736788
236.132000	0.000001	152.285298
236.184000	0.000001	151.836238
236.236000	0.000001	151.387947
236.288000	0.000001	150.942300
236.340000	0.000001	150.497187
236.392000	0.000001	150.054922
236.444000	0.000001	149.612994
236.496000	0.000001	149.174137
236.548000	0.000001	148.735587
236.600000	0.000001	148.299828
236.652000	0.000001	147.864613
236.704000	0.000001	147.431932
236.756000	0.000001	147.000024
236.808000	0.000001	146.570394
236.860000	0.000001	146.141816
236.912000	0.000001	145.715268
236.964000	0.000001	145.289891
237.016000	0.000001	144.866311
237.068000	0.000001	144.444209
237.120000	0.000001	144.023670
237.172000	0.000001	143.604759
237.224000	0.000001	143.187187
237.276000	0.000001	142.771446
237.328000	0.000001	142.356841
237.380000	0.000001	141.944297
237.432000	0.000001	141.532631
237.484000	0.000001	141.123149
237.536000	0.000001	140.714354
237.588000	0.000001	140.307962
237.640000	0.000001	139.902079
237.692000	0.000001	139.498808
237.744000	0.000001	139.095819
237.796000	0.000001	138.695580
237.848000	0.000001	138.295636
237.900000	0.000001	137.898205
237.952000	0.000001	137.501283
238.004000	0.000001	137.106639
238.056000	0.000001	136.712717
238.108000	0.000001	136.320841
238.160000	0.000001	135.929890
238.212000	0.000001	135.540760
238.264000	0.000001	135.152756
238.316000	0.000001	134.766366
238.368000	0.000001	134.381332
238.420000	0.000001	133.997691
238.472000	0.000001	133.615497
238.524000	0.000001	133.234518
238.576000	0.000001	132.855249
238.628000	0.000001	132.476963
238.680000	0.000001	132.100485
238.732000	0.000001	131.724836
238.784000	0.000001	131.351234
238.836000	0.000001	130.978222
238.888000	0.000001	130.607365
238.940000	0.000001	130.236966
238.992000	0.000001	129.868941
239.044000	0.000001	129.501142
239.096000	0.000001	129.135799
239.148000	0.000001	128.770779
239.200000	0.000001	128.408031
239.252000	0.000001	128.045722
239.304000	0.000001	127.685449
239.356000	0.000001	127.325889
239.408000	0.000001	126.968170
239.460000	0.000001	126.611310
239.512000	0.000001	126.256082
239.564000	0.000001	125.901834
239.616000	0.000001	125.549033
239.668000	0.000001	125.197480
239.720000	0.000001	124.847175
239.772000	0.000001	124.498188
239.824000	0.000001	124.150278
239.876000	0.000001	123.803889
239.928000	0.000001	123.458416
239.980000	0.000001	123.114654
240.032000	0.000001	122.771595
240.084000	0.000001	122.430339
240.136000	0.000001	122.089633
240.188000	0.000001	121.750908
240.240000	0.000001	121.412566
240.292000	0.000001	121.076357
240.344000	0.000001	120.740387
240.396000	0.000001	120.406641
240.448000	0.000001	120.073171
240.500000	0.000001	119.741730
240.552000	0.000001	119.410738
240.604000	0.000001	119.081582
240.656000	0.000001	118.753047
240.708000	0.000001	118.426159
240.760000	0.000001	118.100011
240.812000	0.000001	117.775327
240.864000	0.000001	117.451643
240.916000	0.000001	117.129244
240.968000	0.000001	116.807897
241.020000	0.000001	116.487677
241.072000	0.000001	116.168700
241.124000	0.000001	115.850701
241.176000	0.000001	115.534127
241.228000	0.000001	115.218322
241.280000	0.000001	114.903976
241.332000	0.000001	114.590300
241.384000	0.000001	114.278317
241.436000	0.000001	113.966828
241.488000	0.000001	113.657140
241.540000	0.000001	113.347763
241.592000	0.000001	113.040294
241.644000	0.000001	112.733086
241.696000	0.000001	112.427896
241.748000	0.000001	112.122931
241.800000	0.000001	111.819773
241.852000	0.000001	111.516994
241.904000	0.000001	111.215854
241.956000	0.000001	110.915334
242.008000	0.000001	110.616296
242.060000	0.000001	110.317990
242.112000	0.000001	110.020994
242.164000	0.000001	109.724822
242.216000	0.000001	109.429806
242.268000	0.000001	109.135796
242.320000	0.000001	108.842795
242.372000	0.000001	108.550930
242.424000	0.000001	108.259915
242.476000	0.000001	107.970125
242.528000	0.000001	107.681075
242.580000	0.000001	107.393448
242.632000	0.000001	107.106379
242.684000	0.000001	106.820792
242.736000	0.000001	106.535622
242.788000	0.000001	106.252058
242.840000	0.000001	105.968834
242.892000	0.000001	105.687384
242.944000	0.000001	105.406109
242.996000	0.000001	105.126611
243.048000	0.000001	104.847365
243.100000	0.000001	104.569754
243.152000	0.000001	104.292540
243.204000	0.000001	104.016803
243.256000	0.000001	103.741604
243.308000	0.000001	103.467727
243.360000	0.000001	103.194479
243.412000	0.000001	102.922403
243.464000	0.000001	102.651129
243.516000	0.000001	102.380884
243.568000	0.000001	102.111515
243.620000	0.000001	101.843051
243.672000	0.000001	101.575625
243.724000	0.000001	101.308974
243.776000	0.000001	101.043477
243.828000	0.000001	100.778627
243.880000	0.000001	100.515039
243.932000	0.000001	100.251949
243.984000	0.000001	99.990205
244.036000	0.000001	99.728857
244.088000	0.000001	99.468993
244.140000	0.000001	99.209406
244.192000	0.000001	98.951410
244.244000	0.000001	98.693574
244.296000	0.000001	98.437333
244.348000	0.000001	98.181334
244.400000	0.000001	97.926805
244.452000	0.000001	97.672605
244.504000	0.000001	97.419722
244.556000	0.000001	97.167386
244.608000	0.000001	96.916241
244.660000	0.000001	96.665623
244.712000	0.000001	96.416058
244.764000	0.000001	96.167280
244.816000	0.000001	95.919424
244.868000	0.000001	95.672368
244.920000	0.000001	95.426123
244.972000	0.000001	95.180828
245.024000	0.000001	94.936213
245.076000	0.000001	94.692612
245.128000	0.000001	94.449592
245.180000	0.000001	94.207724
245.232000	0.000001	93.966300
245.284000	0.000001	93.726098
245.336000	0.000001	93.486254
245.388000	0.000001	93.247757
245.440000	0.000001	93.009508
245.492000	0.000001	92.772699
245.544000	0.000001	92.536041
245.596000	0.000001	92.300818
245.648000	0.000001	92.065790
245.700000	0.000001	91.832068
245.752000	0.000001	91.598739
245.804000	0.000001	91.366611
245.856000	0.000001	91.134901
245.908000	0.000001	90.904248
245.960000	0.000001	90.674127
246.012000	0.000001	90.444948
246.064000	0.000001	90.216450
246.116000	0.000001	89.988777
246.168000	0.000001	89.761840
246.220000	0.000001	89.535629
246.272000	0.000001	89.310286
246.324000	0.000001	89.085567
246.376000	0.000001	88.861808
246.428000	0.000001	88.638553
246.480000	0.000001	88.416317
246.532000	0.000001	88.194479
246.584000	0.000001	87.973748
246.636000	0.000001	87.753367
246.688000	0.000001	87.534236
246.740000	0.000001	87.315268
246.792000	0.000001	87.097567
246.844000	0.000001	86.880040
246.896000	0.000001	86.663820
246.948000	0.000001	86.447821
247.000000	0.000001	86.233008
247.052000	0.000001	86.018484
247.104000	0.000001	85.805023
247.156000	0.000001	85.591949
247.208000	0.000001	85.379825
247.260000	0.000001	85.168239
247.312000	0.000001	84.957499
247.364000	0.000001	84.747391
247.416000	0.000001	84.538024
247.468000	0.000001	84.329325
247.520000	0.000001	84.121267
247.572000	0.000001	83.913966
247.624000	0.000001	83.707226
247.676000	0.000001	83.501365
247.728000	0.000001	83.295955
247.780000	0.000001	83.091470
247.832000	0.000001	82.887366
247.884000	0.000001	82.684298
247.936000	0.000001	82.481496
247.988000	0.000001	82.279783
248.040000	0.000001	82.078275
248.092000	0.000001	81.877958
248.144000	0.000001	81.677768
248.196000	0.000001	81.478736
248.248000	0.000001	81.279881
248.300000	0.000001	81.082083
248.352000	0.000001	80.884596
248.404000	0.000001	80.688069
248.456000	0.000001	80.491951
248.508000	0.000001	80.296689
248.560000	0.000001	80.101828
248.612000	0.000001	79.907724
248.664000	0.000001	79.714203
248.716000	0.000001	79.521355
248.768000	0.000001	79.329165
248.820000	0.000001	79.137551
248.872000	0.000001	78.946629
248.924000	0.000001	78.756197
248.976000	0.000001	78.566530
249.028000	0.000001	78.377287
249.080000	0.000001	78.188923
249.132000	0.000001	78.000878
249.184000	0.000001	77.813749
249.236000	0.000001	77.626858
249.288000	0.000001	77.440957
249.340000	0.000001	77.255243
249.392000	0.000001	77.070613
249.444000	0.000001	76.886102
249.496000	0.000001	76.702636
249.548000	0.000001	76.519376
249.600000	0.000001	76.337079
249.652000	0.000001	76.154989
249.704000	0.000001	75.973746
249.756000	0.000001	75.792935
249.808000	0.000001	75.612900
249.860000	0.000001	75.433228
249.912000	0.000001	75.254238
249.964000	0.000001	75.075787
250.016000	0.000001	74.897934
250.068000	0.000001	74.720644
250.120000	0.000001	74.543883
250.172000	0.000001	74.367796
250.224000	0.000001	74.192148
250.276000	0.000001	74.017200
250.328000	0.000001	73.842615
250.380000	0.000001	73.668803
250.432000	0.000001	73.495277
250.484000	0.000001	73.322585
250.536000	0.000000	73.150134
250.588000	0.000000	72.978610
250.640000	0.000000	72.807226
250.692000	0.000000	72.636807
250.744000	0.000000	72.466536
250.796000	0.000000	72.297221
250.848000	0.000000	72.128027
250.900000	0.000000	71.959677
250.952000	0.000000	71.791605
251.004000	0.000000	71.624313
251.056000	0.000000	71.457381
251.108000	0.000000	71.291141
251.160000	0.000000	71.125236
251.212000	0.000000	70.959944
251.264000	0.000000	70.795154
251.316000	0.000000	70.630901
251.368000	0.000000	70.467165
251.420000	0.000000	70.303895
251.472000	0.000000	70.141202
251.524000	0.000000	69.978921
251.576000	0.000000	69.817319
251.628000	0.000000	69.656043
251.680000	0.000000	69.495470
251.732000	0.000000	69.335156
251.784000	0.000000	69.175605
251.836000	0.000000	69.016246
251.888000	0.000000	68.857709
251.940000	0.000000	68.699329
251.992000	0.000000	68.541847
252.044000	0.000000	68.384471
252.096000	0.000000	68.227944
252.148000	0.000000	68.071569
252.200000	0.000000	67.915966
252.252000	0.000000	67.760585
252.304000	0.000000	67.605899
252.356000	0.000000	67.451549
252.408000	0.000000	67.297823
252.460000	0.000000	67.144459
252.512000	0.000000	66.991643
252.564000	0.000000	66.839244
252.616000	0.000000	66.687327
252.668000	0.000000	66.535887
252.720000	0.000000	66.384865
252.772000	0.000000	66.234374
252.824000	0.000000	66.084256
252.876000	0.000000	65.934765
252.928000	0.000000	65.785567
252.980000	0.000000	65.637011
253.032000	0.000000	65.488688
253.084000	0.000000	65.341062
253.136000	0.000000	65.193609
253.188000	0.000000	65.046906
253.240000	0.000000	64.900316
253.292000	0.000000	64.754527
253.344000	0.000000	64.608873
253.396000	0.000000	64.464002
253.448000	0.000000	64.319277
253.500000	0.000000	64.175248
253.552000	0.000000	64.031429
253.604000	0.000000	63.888236
253.656000	0.000000	63.745315
253.708000	0.000000	63.602953
253.760000	0.000000	63.460922
253.812000	0.000000	63.319389
253.864000	0.000000	63.178291
253.916000	0.000000	63.037621
253.968000	0.000000	62.897345
254.020000	0.000000	62.757460
254.072000	0.000000	62.618105
254.124000	0.000000	62.479071
254.176000	0.000000	62.340574
254.228000	0.000000	62.202344
254.280000	0.000000	62.064702
254.332000	0.000000	61.927272
254.384000	0.000000	61.790479
254.436000	0.000000	61.653842
254.488000	0.000000	61.517888
254.540000	0.000000	61.382072
254.592000	0.000000	61.247009
254.644000	0.000000	61.112002
254.696000	0.000000	60.977672
254.748000	0.000000	60.843519
254.800000	0.000000	60.710007
254.852000	0.000000	60.576694
254.904000	0.000000	60.443949
254.956000	0.000000	60.311455
255.008000	0.000000	60.179465
255.060000	0.000000	60.047786
255.112000	0.000000	59.916552
255.164000	0.000000	59.785677
255.216000	0.000000	59.655196
255.268000	0.000000	59.525116
255.320000	0.000000	59.395391
255.372000	0.000000	59.266157
255.424000	0.000000	59.137197
255.476000	0.000000	59.008697
255.528000	0.000000	58.880458
255.580000	0.000000	58.752792
255.632000	0.000000	58.625315
255.684000	0.000000	58.498421
255.736000	0.000000	58.371641
255.788000	0.000000	58.245464
255.840000	0.000000	58.119414
255.892000	0.000000	57.994053
255.944000	0.000000	57.868779
255.996000	0.000000	57.744133
256.048000	0.000000	57.619620
256.100000	0.000000	57.495676
256.152000	0.000000	57.371919
256.204000	0.000000	57.248674
256.256000	0.000000	57.125667
256.308000	0.000000	57.003116
256.360000	0.000000	56.880852
256.412000	0.000000	56.758996
256.464000	0.000000	56.637519
256.516000	0.000000	56.516390
256.568000	0.000000	56.395592
256.620000	0.000000	56.275102
256.672000	0.000000	56.155026
256.724000	0.000000	56.035230
256.776000	0.000000	55.915926
256.828000	0.000000	55.796820
256.880000	0.000000	55.678178
256.932000	0.000000	55.559733
256.984000	0.000000	55.441850
257.036000	0.000000	55.324070
257.088000	0.000000	55.206842
257.140000	0.000000	55.089732
257.192000	0.000000	54.973253
257.244000	0.000000	54.856819
257.296000	0.000000	54.740939
257.348000	0.000000	54.625228
257.400000	0.000000	54.510044
257.452000	0.000000	54.395037
257.504000	0.000000	54.280493
257.556000	0.000000	54.166124
257.608000	0.000000	54.052165
257.660000	0.000000	53.938525
257.712000	0.000000	53.825250
257.764000	0.000000	53.712284
257.816000	0.000000	53.599631
257.868000	0.000000	53.487282
257.920000	0.000000	53.375225
257.972000	0.000000	53.263590
258.024000	0.000000	53.152194
258.076000	0.000000	53.041218
258.128000	0.000000	52.930440
258.180000	0.000000	52.820116
258.232000	0.000000	52.709927
258.284000	0.000000	52.600204
258.336000	0.000000	52.490628
258.388000	0.000000	52.381600
258.440000	0.000000	52.272652
258.492000	0.000000	52.164263
258.544000	0.000000	52.055918
258.596000	0.000000	51.948078
258.648000	0.000000	51.840399
258.700000	0.000000	51.733200
258.752000	0.000000	51.626165
258.804000	0.000000	51.519550
258.856000	0.000000	51.413098
258.908000	0.000000	51.307019
258.960000	0.000000	51.201241
259.012000	0.000000	51.095789
259.064000	0.000000	50.990575
259.116000	0.000000	50.885661
259.168000	0.000000	50.781113
259.220000	0.000000	50.676806
259.272000	0.000000	50.572816
259.324000	0.000000	50.469060
259.376000	0.000000	50.365727
259.428000	0.000000	50.262553
259.480000	0.000000	50.159767
259.532000	0.000000	50.057151
259.584000	0.000000	49.955014
259.636000	0.000000	49.852956
259.688000	0.000000	49.751357
259.740000	0.000000	49.649834
259.792000	0.000000	49.548827
259.844000	0.000000	49.447894
259.896000	0.000000	49.347430
259.948000	0.000000	49.247084
