-260.000000	0.000997	96.366777
-259.948000	0.000997	96.775211
-259.896000	0.000998	97.188784
-259.844000	0.000999	97.602839
-259.792000	0.001000	98.021995
-259.740000	0.001000	98.441892
-259.688000	0.001001	98.866595
-259.636000	0.001002	99.292450
-259.584000	0.001002	99.722749
-259.532000	0.001003	100.154615
-259.480000	0.001004	100.590616
-259.428000	0.001005	101.028703
-259.376000	0.001005	101.470494
-259.324000	0.001006	101.914802
-259.272000	0.001007	102.362457
-259.220000	0.001007	102.813146
-259.168000	0.001008	103.266781
-259.116000	0.001009	103.723960
-259.064000	0.001010	104.183670
-259.012000	0.001010	104.647449
-258.960000	0.001011	105.113331
-258.908000	0.001012	105.583823
-258.856000	0.001012	106.055974
-258.804000	0.001013	106.533292
-258.752000	0.001014	107.011757
-258.700000	0.001015	107.495980
-258.648000	0.001015	107.980962
-258.596000	0.001016	108.472285
-258.544000	0.001017	108.964143
-258.492000	0.001018	109.462248
-258.440000	0.001018	109.961284
-258.388000	0.001019	110.466193
-258.336000	0.001020	110.972544
-258.284000	0.001021	111.484345
-258.232000	0.001021	111.998136
-258.180000	0.001022	112.516935
-258.128000	0.001023	113.038294
-258.076000	0.001023	113.564199
-258.024000	0.001024	114.093253
-257.972000	0.001025	114.626340
-257.920000	0.001026	115.163168
-257.868000	0.001026	115.703606
-257.816000	0.001027	116.248442
-257.764000	0.001028	116.796295
-257.712000	0.001029	117.349167
-257.660000	0.001029	117.904618
-257.608000	0.001030	118.465767
-257.556000	0.001031	119.028849
-257.504000	0.001032	119.598309
-257.452000	0.001032	120.169184
-257.400000	0.001033	120.747146
-257.348000	0.001034	121.325934
-257.296000	0.001035	121.912540
-257.244000	0.001035	122.499839
-257.192000	0.001036	123.094754
-257.140000	0.001037	123.690831
-257.088000	0.001038	124.294055
-257.036000	0.001038	124.899073
-256.984000	0.001039	125.510713
-256.932000	0.001040	126.124821
-256.880000	0.001041	126.745002
-256.828000	0.001041	127.368349
-256.776000	0.001042	127.997167
-256.724000	0.001043	128.629850
-256.672000	0.001044	129.267481
-256.620000	0.001044	129.909755
-256.568000	0.001045	130.556335
-256.516000	0.001046	131.208300
-256.464000	0.001047	131.863900
-256.412000	0.001047	132.525659
-256.360000	0.001048	133.190447
-256.308000	0.001049	133.862208
-256.256000	0.001050	134.536380
-256.204000	0.001050	135.218352
-256.152000	0.001051	135.901940
-256.100000	0.001052	136.594191
-256.048000	0.001053	137.287434
-255.996000	0.001054	137.990201
-255.944000	0.001054	138.693753
-255.892000	0.001055	139.406501
-255.840000	0.001056	140.120691
-255.788000	0.001057	140.843489
-255.736000	0.001057	141.568497
-255.684000	0.001058	142.301467
-255.632000	0.001059	143.037462
-255.580000	0.001060	143.780770
-255.528000	0.001060	144.527968
-255.476000	0.001061	145.281723
-255.424000	0.001062	146.040187
-255.372000	0.001063	146.804519
-255.320000	0.001064	147.574466
-255.268000	0.001064	148.349540
-255.216000	0.001065	149.131138
-255.164000	0.001066	149.917099
-255.112000	0.001067	150.710516
-255.060000	0.001067	151.507510
-255.008000	0.001068	152.312914
-254.956000	0.001069	153.121086
-254.904000	0.001070	153.938649
-254.852000	0.001071	154.758141
-254.800000	0.001071	155.588040
-254.748000	0.001072	156.419052
-254.696000	0.001073	157.261481
-254.644000	0.001074	158.104841
-254.592000	0.001074	158.959106
-254.540000	0.001075	159.815127
-254.488000	0.001076	160.681291
-254.436000	0.001077	161.550015
-254.384000	0.001078	162.428126
-254.332000	0.001078	163.309869
-254.280000	0.001079	164.200179
-254.228000	0.001080	165.095108
-254.176000	0.001081	165.997760
-254.124000	0.001082	166.906041
-254.072000	0.001082	167.821214
-254.020000	0.001083	168.743065
-253.968000	0.001084	169.670842
-253.916000	0.001085	170.606321
-253.864000	0.001086	171.546854
-253.812000	0.001086	172.496174
-253.760000	0.001087	173.449662
-253.708000	0.001088	174.413037
-253.656000	0.001089	175.379523
-253.604000	0.001090	176.357007
-253.552000	0.001090	177.336672
-253.500000	0.001091	178.328482
-253.448000	0.001092	179.321510
-253.396000	0.001093	180.327824
-253.344000	0.001094	181.335210
-253.292000	0.001094	182.355151
-253.240000	0.001095	183.377201
-253.188000	0.001096	184.410905
-253.136000	0.001097	185.447731
-253.084000	0.001098	186.495242
-253.032000	0.001098	187.546937
-252.980000	0.001099	188.608394
-252.928000	0.001100	189.675200
-252.876000	0.001101	190.750744
-252.824000	0.001102	191.832742
-252.772000	0.001102	192.922461
-252.720000	0.001103	194.019779
-252.668000	0.001104	195.123782
-252.616000	0.001105	196.236542
-252.564000	0.001106	197.354933
-252.512000	0.001107	198.483252
-252.460000	0.001107	199.616129
-252.408000	0.001108	200.760118
-252.356000	0.001109	201.907629
-252.304000	0.001110	203.067444
-252.252000	0.001111	204.229569
-252.200000	0.001111	205.405211
-252.148000	0.001112	206.582091
-252.096000	0.001113	207.773703
-252.044000	0.001114	208.966577
-251.992000	0.001115	210.173159
-251.940000	0.001116	211.382062
-251.888000	0.001116	212.603631
-251.836000	0.001117	213.828652
-251.784000	0.001118	215.065245
-251.732000	0.001119	216.306451
-251.680000	0.001120	217.558113
-251.628000	0.001121	218.815558
-251.576000	0.001121	220.082328
-251.524000	0.001122	221.356054
-251.472000	0.001123	222.637963
-251.420000	0.001124	223.928003
-251.368000	0.001125	225.225075
-251.316000	0.001126	226.531448
-251.264000	0.001126	227.843740
-251.212000	0.001127	229.166508
-251.160000	0.001128	230.493989
-251.108000	0.001129	231.833095
-251.056000	0.001130	233.175749
-251.004000	0.001131	234.531181
-250.952000	0.001131	235.888988
-250.900000	0.001132	237.260717
-250.848000	0.001133	238.633715
-250.796000	0.001134	240.021628
-250.744000	0.001135	241.410834
-250.692000	0.001136	242.813814
-250.640000	0.001137	244.219175
-250.588000	0.001137	245.637172
-250.536000	0.001138	247.058682
-250.484000	0.001139	248.491610
-250.432000	0.001140	249.929126
-250.380000	0.001141	251.376858
-250.328000	0.001142	252.830272
-250.276000	0.001143	254.292703
-250.224000	0.001143	255.761886
-250.172000	0.001144	257.238897
-250.120000	0.001145	258.723704
-250.068000	0.001146	260.215201
-250.016000	0.001147	261.715521
-249.964000	0.001148	263.221327
-249.912000	0.001149	264.736925
-249.860000	0.001149	266.256814
-249.808000	0.001150	267.787435
-249.756000	0.001151	269.321376
-249.704000	0.001152	270.866953
-249.652000	0.001153	272.414593
-249.600000	0.001154	273.974735
-249.548000	0.001155	275.536023
-249.496000	0.001155	277.110412
-249.444000	0.001156	278.686026
-249.392000	0.001157	280.273550
-249.340000	0.001158	281.863156
-249.288000	0.001159	283.463497
-249.236000	0.001160	285.066802
-249.184000	0.001161	286.679681
-249.132000	0.001161	288.296406
-249.080000	0.001162	289.921489
-249.028000	0.001163	291.551173
-248.976000	0.001164	293.188146
-248.924000	0.001165	294.830511
-248.872000	0.001166	296.479043
-248.820000	0.001167	298.133631
-248.768000	0.001168	299.793341
-248.716000	0.001169	301.459724
-248.664000	0.001169	303.130276
-248.612000	0.001170	304.808051
-248.560000	0.001171	306.489007
-248.508000	0.001172	308.177645
-248.456000	0.001173	309.868576
-248.404000	0.001174	311.567578
-248.352000	0.001175	313.268041
-248.300000	0.001176	314.976887
-248.248000	0.001176	316.686578
-248.196000	0.001177	318.404648
-248.144000	0.001178	320.123505
-248.092000	0.001179	321.849706
-248.040000	0.001180	323.577162
-247.988000	0.001181	325.310959
-247.936000	0.001182	327.046426
-247.884000	0.001183	328.787285
-247.832000	0.001184	330.530190
-247.780000	0.001184	332.277548
-247.728000	0.001185	334.027184
-247.676000	0.001186	335.780434
-247.624000	0.001187	337.536122
-247.572000	0.001188	339.294700
-247.520000	0.001189	341.055790
-247.468000	0.001190	342.819057
-247.416000	0.001191	344.584771
-247.364000	0.001192	346.352075
-247.312000	0.001193	348.121663
-247.260000	0.001193	349.892347
-247.208000	0.001194	351.665041
-247.156000	0.001195	353.438484
-247.104000	0.001196	355.213544
-247.052000	0.001197	356.988999
-247.000000	0.001198	358.765570
-246.948000	0.001199	360.542381
-246.896000	0.001200	362.319650
-246.844000	0.001201	364.096919
-246.792000	0.001202	365.874065
-246.740000	0.001203	367.651107
-246.688000	0.001203	369.427416
-246.636000	0.001204	371.203218
-246.584000	0.001205	372.977843
-246.532000	0.001206	374.751621
-246.480000	0.001207	376.523809
-246.428000	0.001208	378.294601
-246.376000	0.001209	380.063560
-246.324000	0.001210	381.830493
-246.272000	0.001211	383.595364
-246.220000	0.001212	385.357394
-246.168000	0.001213	387.117442
-246.116000	0.001214	388.873773
-246.064000	0.001215	390.628077
-246.012000	0.001215	392.377587
-245.960000	0.001216	394.125374
-245.908000	0.001217	395.867193
-245.856000	0.001218	397.607627
-245.804000	0.001219	399.340766
-245.752000	0.001220	401.072880
-245.700000	0.001221	402.796270
-245.648000	0.001222	404.519133
-245.596000	0.001223	406.232101
-245.544000	0.001224	407.944010
-245.492000	0.001225	409.646134
-245.440000	0.001226	411.346204
-245.388000	0.001227	413.036647
-245.336000	0.001228	414.723834
-245.284000	0.001229	416.401690
-245.232000	0.001229	418.075039
-245.180000	0.001230	419.739425
-245.128000	0.001231	421.397868
-245.076000	0.001232	423.047913
-245.024000	0.001233	424.690488
-244.972000	0.001234	426.325299
-244.920000	0.001235	427.950942
-244.868000	0.001236	429.569624
-244.816000	0.001237	431.177325
-244.764000	0.001238	432.779051
-244.712000	0.001239	434.367860
-244.660000	0.001240	435.951773
-244.608000	0.001241	437.520689
-244.556000	0.001242	439.085819
-244.504000	0.001243	440.633763
-244.452000	0.001244	442.179403
-244.400000	0.001245	443.705520
-244.348000	0.001246	445.230107
-244.296000	0.001247	446.733867
-244.244000	0.001248	448.235442
-244.192000	0.001248	449.717194
-244.140000	0.001249	451.194822
-244.088000	0.001250	452.653699
-244.036000	0.001251	454.106400
-243.984000	0.001252	455.541565
-243.932000	0.001253	456.968467
-243.880000	0.001254	458.379119
-243.828000	0.001255	459.779254
-243.776000	0.001256	461.164582
-243.724000	0.001257	462.537051
-243.672000	0.001258	463.896322
-243.620000	0.001259	465.240296
-243.568000	0.001260	466.572772
-243.516000	0.001261	467.887390
-243.464000	0.001262	469.192287
-243.412000	0.001263	470.476653
-243.360000	0.001264	471.753237
-243.308000	0.001265	473.006533
-243.256000	0.001266	474.254201
-243.204000	0.001267	475.475725
-243.152000	0.001268	476.693627
-243.100000	0.001269	477.882468
-243.048000	0.001270	479.069099
-242.996000	0.001271	480.225536
-242.944000	0.001272	481.378669
-242.892000	0.001273	482.503532
-242.840000	0.001274	483.622414
-242.788000	0.001275	484.715050
-242.736000	0.001276	485.799052
-242.684000	0.001277	486.858861
-242.632000	0.001278	487.907261
-242.580000	0.001279	488.933669
-242.528000	0.001280	489.945871
-242.476000	0.001281	490.938357
-242.424000	0.001282	491.913740
-242.372000	0.001283	492.871741
-242.320000	0.001284	493.809660
-242.268000	0.001285	494.732654
-242.216000	0.001286	495.632543
-242.164000	0.001287	496.520096
-242.112000	0.001288	497.381470
-242.060000	0.001289	498.233136
-242.008000	0.001290	499.055487
-241.956000	0.001291	499.870778
-241.904000	0.001292	500.653583
-241.852000	0.001293	501.432136
-241.800000	0.001294	502.174996
-241.748000	0.001295	502.915132
-241.696000	0.001296	503.618907
-241.644000	0.001297	504.318513
-241.592000	0.001298	504.984487
-241.540000	0.001299	505.643260
-241.488000	0.001300	506.271109
-241.436000	0.001301	506.888659
-241.384000	0.001302	507.478068
-241.332000	0.001303	508.054130
-241.280000	0.001304	508.604863
-241.228000	0.001305	509.139144
-241.176000	0.001306	509.650929
-241.124000	0.001307	510.143114
-241.072000	0.001308	510.615753
-241.020000	0.001309	511.065664
-240.968000	0.001310	511.498988
-240.916000	0.001311	511.906425
-240.864000	0.001312	512.300227
-240.812000	0.001313	512.664969
-240.760000	0.001314	513.019151
-240.708000	0.001315	513.341116
-240.656000	0.001316	513.655570
-240.604000	0.001317	513.934651
-240.552000	0.001318	514.209234
-240.500000	0.001319	514.445315
-240.448000	0.001320	514.678472
-240.396000	0.001321	514.873104
-240.344000	0.001322	515.063200
-240.292000	0.001323	515.217954
-240.240000	0.001324	515.364964
-240.188000	0.001325	515.479805
-240.136000	0.001327	515.583822
-240.084000	0.001328	515.658812
-240.032000	0.001329	515.719899
-239.980000	0.001330	515.755099
-239.928000	0.001331	515.773345
-239.876000	0.001332	515.768813
-239.824000	0.001333	515.744285
-239.772000	0.001334	515.700156
-239.720000	0.001335	515.633058
-239.668000	0.001336	515.549494
-239.616000	0.001337	515.440007
-239.564000	0.001338	515.317130
-239.512000	0.001339	515.165418
-239.460000	0.001340	515.003462
-239.408000	0.001341	514.809823
-239.356000	0.001342	514.609012
-239.304000	0.001343	514.373727
-239.252000	0.001344	514.134299
-239.200000	0.001345	513.857666
-239.148000	0.001347	513.578199
-239.096000	0.001348	513.262174
-239.044000	0.001349	512.941740
-238.992000	0.001350	512.588070
-238.940000	0.001351	512.226975
-238.888000	0.001352	511.835910
-238.836000	0.001353	511.434625
-238.784000	0.001354	511.006527
-238.732000	0.001355	510.565439
-238.680000	0.001356	510.100724
-238.628000	0.001357	509.620400
-238.576000	0.001358	509.119469
-238.524000	0.001359	508.600298
-238.472000	0.001360	508.063586
-238.420000	0.001362	507.506142
-238.368000	0.001363	506.934129
-238.316000	0.001364	506.338962
-238.264000	0.001365	505.732136
-238.212000	0.001366	505.099826
-238.160000	0.001367	504.458646
-238.108000	0.001368	503.789752
-238.056000	0.001369	503.114847
-238.004000	0.001370	502.410101
-237.952000	0.001371	501.701918
-237.900000	0.001372	500.961893
-237.848000	0.001373	500.219533
-237.796000	0.001375	499.446486
-237.744000	0.001376	498.669603
-237.692000	0.001377	497.865192
-237.640000	0.001378	497.054549
-237.588000	0.001379	496.219367
-237.536000	0.001380	495.375716
-237.484000	0.001381	494.510408
-237.432000	0.001382	493.634523
-237.380000	0.001383	492.739730
-237.328000	0.001384	491.832346
-237.276000	0.001386	490.908807
-237.224000	0.001387	489.970842
-237.172000	0.001388	489.019236
-237.120000	0.001389	488.051418
-237.068000	0.001390	487.072483
-237.016000	0.001391	486.075717
-236.964000	0.001392	485.070260
-236.912000	0.001393	484.045473
-236.860000	0.001394	483.014164
-236.808000	0.001395	481.962149
-236.756000	0.001397	480.905804
-236.704000	0.001398	479.827525
-236.652000	0.001399	478.746933
-236.600000	0.001400	477.643317
-236.548000	0.001401	476.538092
-236.496000	0.001402	475.411270
-236.444000	0.001403	474.281703
-236.392000	0.001404	473.133157
-236.340000	0.001406	471.980256
-236.288000	0.001407	470.810774
-236.236000	0.001408	469.635519
-236.184000	0.001409	468.445937
-236.132000	0.001410	467.249316
-236.080000	0.001411	466.040485
-236.028000	0.001412	464.823488
-235.976000	0.001413	463.596273
-235.924000	0.001415	462.359901
-235.872000	0.001416	461.115170
-235.820000	0.001417	459.860430
-235.768000	0.001418	458.599016
-235.716000	0.001419	457.326868
-235.664000	0.001420	456.049730
-235.612000	0.001421	454.761296
-235.560000	0.001423	453.469285
-235.508000	0.001424	452.165539
-235.456000	0.001425	450.859529
-235.404000	0.001426	449.541501
-235.352000	0.001427	448.222426
-235.300000	0.001428	446.891168
-235.248000	0.001429	445.559134
-235.196000	0.001431	444.216264
-235.144000	0.001432	442.872043
-235.092000	0.001433	441.518786
-235.040000	0.001434	440.163452
-234.988000	0.001435	438.800651
-234.936000	0.001436	437.435279
-234.884000	0.001438	436.063779
-234.832000	0.001439	434.689274
-234.780000	0.001440	433.309943
-234.728000	0.001441	431.927411
-234.676000	0.001442	430.541090
-234.624000	0.001443	429.151417
-234.572000	0.001445	427.758997
-234.520000	0.001446	426.363270
-234.468000	0.001447	424.965588
-234.416000	0.001448	423.564723
-234.364000	0.001449	422.162603
-234.312000	0.001450	420.757559
-234.260000	0.001452	419.351827
-234.208000	0.001453	417.943556
-234.156000	0.001454	416.535073
-234.104000	0.001455	415.124549
-234.052000	0.001456	413.714011
-234.000000	0.001457	412.302069
-233.948000	0.001459	410.890282
-233.896000	0.001460	409.477969
-233.844000	0.001461	408.065682
-233.792000	0.001462	406.653755
-233.740000	0.001463	405.242009
-233.688000	0.001465	403.831230
-233.636000	0.001466	402.420889
-233.584000	0.001467	401.011926
-233.532000	0.001468	399.603729
-233.480000	0.001469	398.197295
-233.428000	0.001471	396.792162
-233.376000	0.001472	395.388935
-233.324000	0.001473	393.987557
-233.272000	0.001474	392.588254
-233.220000	0.001475	391.191509
-233.168000	0.001477	389.796824
-233.116000	0.001478	388.405465
-233.064000	0.001479	387.015948
-233.012000	0.001480	385.630598
-232.960000	0.001481	384.246958
-232.908000	0.001483	382.868433
-232.856000	0.001484	381.491224
-232.804000	0.001485	380.120155
-232.752000	0.001486	378.749959
-232.700000	0.001487	377.387014
-232.648000	0.001489	376.024894
-232.596000	0.001490	374.670294
-232.544000	0.001491	373.316921
-232.492000	0.001492	371.971056
-232.440000	0.001493	370.627093
-232.388000	0.001495	369.290409
-232.336000	0.001496	367.956445
-232.284000	0.001497	366.629447
-232.232000	0.001498	365.306092
-232.180000	0.001500	363.989240
-232.128000	0.001501	362.676971
-232.076000	0.001502	361.370722
-232.024000	0.001503	360.070097
-231.972000	0.001504	358.774819
-231.920000	0.001506	357.486212
-231.868000	0.001507	356.202408
-231.816000	0.001508	354.926434
-231.764000	0.001509	353.654387
-231.712000	0.001511	352.391318
-231.660000	0.001512	351.131471
-231.608000	0.001513	349.881827
-231.556000	0.001514	348.634476
-231.504000	0.001516	347.398596
-231.452000	0.001517	346.164120
-231.400000	0.001518	344.942403
-231.348000	0.001519	343.721881
-231.296000	0.001521	342.513795
-231.244000	0.001522	341.307691
-231.192000	0.001523	340.113398
-231.140000	0.001524	338.922133
-231.088000	0.001526	337.741843
-231.036000	0.001527	336.565662
-230.984000	0.001528	335.399597
-230.932000	0.001529	334.238823
-230.880000	0.001531	333.087195
-230.828000	0.001532	331.942023
-230.776000	0.001533	330.805046
-230.724000	0.001534	329.675751
-230.672000	0.001536	328.553592
-230.620000	0.001537	327.440328
-230.568000	0.001538	326.333140
-230.516000	0.001540	325.236092
-230.464000	0.001541	324.144076
-230.412000	0.001542	323.063463
-230.360000	0.001543	321.986769
-230.308000	0.001545	320.922745
-230.256000	0.001546	319.861432
-230.204000	0.001547	318.814077
-230.152000	0.001548	317.768255
-230.100000	0.001550	316.737692
-230.048000	0.001551	315.708542
-229.996000	0.001552	314.693880
-229.944000	0.001554	313.681591
-229.892000	0.001555	312.682783
-229.840000	0.001556	311.687437
-229.788000	0.001557	310.704469
-229.736000	0.001559	309.726193
-229.684000	0.001560	308.759104
-229.632000	0.001561	307.797894
-229.580000	0.001563	306.846718
-229.528000	0.001564	305.902660
-229.476000	0.001565	304.967442
-229.424000	0.001567	304.040557
-229.372000	0.001568	303.121269
-229.320000	0.001569	302.211510
-229.268000	0.001570	301.308137
-229.216000	0.001572	300.415498
-229.164000	0.001573	299.528078
-229.112000	0.001574	298.652594
-229.060000	0.001576	297.781118
-229.008000	0.001577	296.922772
-228.956000	0.001578	296.067201
-228.904000	0.001580	295.225946
-228.852000	0.001581	294.386192
-228.800000	0.001582	293.561942
-228.748000	0.001584	292.739106
-228.696000	0.001585	291.930736
-228.644000	0.001586	291.124748
-228.592000	0.001588	290.332156
-228.540000	0.001589	289.543104
-228.488000	0.001590	288.766196
-228.436000	0.001591	287.993911
-228.384000	0.001593	287.232535
-228.332000	0.001594	286.476933
-228.280000	0.001595	285.731040
-228.228000	0.001597	284.992079
-228.176000	0.001598	284.261609
-228.124000	0.001599	283.539188
-228.072000	0.001601	282.824052
-228.020000	0.001602	282.118064
-227.968000	0.001603	281.418165
-227.916000	0.001605	280.728497
-227.864000	0.001606	280.043687
-227.812000	0.001608	279.370167
-227.760000	0.001609	278.700385
-227.708000	0.001610	278.042952
-227.656000	0.001612	277.388082
-227.604000	0.001613	276.746608
-227.552000	0.001614	276.106569
-227.500000	0.001616	275.480875
-227.448000	0.001617	274.856491
-227.396000	0.001618	274.245418
-227.344000	0.001620	273.636622
-227.292000	0.001621	273.040068
-227.240000	0.001622	272.446768
-227.188000	0.001624	271.864555
-227.136000	0.001625	271.286621
-227.084000	0.001627	270.718607
-227.032000	0.001628	270.155890
-226.980000	0.001629	269.601943
-226.928000	0.001631	269.054291
-226.876000	0.001632	268.514241
-226.824000	0.001633	267.981449
-226.772000	0.001635	267.455222
-226.720000	0.001636	266.937236
-226.668000	0.001637	266.424639
-226.616000	0.001639	265.921197
-226.564000	0.001640	265.422116
-226.512000	0.001642	264.933111
-226.460000	0.001643	264.447415
-226.408000	0.001644	263.972695
-226.356000	0.001646	263.500231
-226.304000	0.001647	263.039634
-226.252000	0.001649	262.580339
-226.200000	0.001650	262.133624
-226.148000	0.001651	261.688165
-226.096000	0.001653	261.254357
-226.044000	0.001654	260.822593
-225.992000	0.001656	260.401525
-225.940000	0.001657	259.983338
-225.888000	0.001658	259.574818
-225.836000	0.001660	259.170059
-225.784000	0.001661	258.773927
-225.732000	0.001663	258.382430
-225.680000	0.001664	257.998541
-225.628000	0.001665	257.620140
-225.576000	0.001667	257.248350
-225.524000	0.001668	256.882879
-225.472000	0.001670	256.523045
-225.420000	0.001671	256.170338
-225.368000	0.001672	255.822315
-225.316000	0.001674	255.482206
-225.264000	0.001675	255.145852
-225.212000	0.001677	254.818177
-225.160000	0.001678	254.493347
-225.108000	0.001680	254.177953
-225.056000	0.001681	253.864495
-225.004000	0.001682	253.561225
-224.952000	0.001684	253.259154
-224.900000	0.001685	252.967765
-224.848000	0.001687	252.677473
-224.796000	0.001688	252.397109
-224.744000	0.001690	252.118567
-224.692000	0.001691	251.849120
-224.640000	0.001692	251.582156
-224.588000	0.001694	251.323410
-224.536000	0.001695	251.067883
-224.484000	0.001697	250.819681
-224.432000	0.001698	250.575434
-224.380000	0.001700	250.337639
-224.328000	0.001701	250.104513
-224.276000	0.001703	249.877026
-224.224000	0.001704	249.654917
-224.172000	0.001706	249.437582
-224.120000	0.001707	249.226285
-224.068000	0.001708	249.018953
-224.016000	0.001710	248.818312
-223.964000	0.001711	248.620851
-223.912000	0.001713	248.430717
-223.860000	0.001714	248.242994
-223.808000	0.001716	248.063231
-223.756000	0.001717	247.885158
-223.704000	0.001719	247.715661
-223.652000	0.001720	247.547176
-223.600000	0.001722	247.387630
-223.548000	0.001723	247.229096
-223.496000	0.001725	247.078881
-223.444000	0.001726	246.930236
-223.392000	0.001728	246.789215
-223.340000	0.001729	246.650300
-223.288000	0.001731	246.518277
-223.236000	0.001732	246.388969
-223.184000	0.001733	246.265830
-223.132000	0.001735	246.146041
-223.080000	0.001736	246.031661
-223.028000	0.001738	245.921200
-222.976000	0.001739	245.815435
-222.924000	0.001741	245.714164
-222.872000	0.001742	245.616937
-222.820000	0.001744	245.524773
-222.768000	0.001745	245.435938
-222.716000	0.001747	245.352695
-222.664000	0.001748	245.272124
-222.612000	0.001750	245.197672
-222.560000	0.001751	245.125303
-222.508000	0.001753	245.059578
-222.456000	0.001754	244.995287
-222.404000	0.001756	244.938150
-222.352000	0.001758	244.881899
-222.300000	0.001759	244.833051
-222.248000	0.001761	244.785100
-222.196000	0.001762	244.744062
-222.144000	0.001764	244.704370
-222.092000	0.001765	244.671022
-222.040000	0.001767	244.639447
-221.988000	0.001768	244.613638
-221.936000	0.001770	244.590131
-221.884000	0.001771	244.571769
-221.832000	0.001773	244.556208
-221.780000	0.001774	244.545156
-221.728000	0.001776	244.537372
-221.676000	0.001777	244.533506
-221.624000	0.001779	244.533381
-221.572000	0.001780	244.536640
-221.520000	0.001782	244.544112
-221.468000	0.001784	244.554414
-221.416000	0.001785	244.569368
-221.364000	0.001787	244.586564
-221.312000	0.001788	244.608841
-221.260000	0.001790	244.632878
-221.208000	0.001791	244.662431
-221.156000	0.001793	244.693204
-221.104000	0.001794	244.729916
-221.052000	0.001796	244.767401
-221.000000	0.001798	244.811007
-220.948000	0.001799	244.855442
-220.896000	0.001801	244.905602
-220.844000	0.001802	244.956912
-220.792000	0.001804	245.013484
-220.740000	0.001805	245.071543
-220.688000	0.001807	245.134396
-220.636000	0.001809	245.199174
-220.584000	0.001810	245.268233
-220.532000	0.001812	245.339628
-220.480000	0.001813	245.414773
-220.428000	0.001815	245.492632
-220.376000	0.001816	245.573829
-220.324000	0.001818	245.658160
-220.272000	0.001820	245.745280
-220.220000	0.001821	245.835881
-220.168000	0.001823	245.928855
-220.116000	0.001824	246.025683
-220.064000	0.001826	246.124391
-220.012000	0.001828	246.227305
-219.960000	0.001829	246.331761
-219.908000	0.001831	246.440777
-219.856000	0.001832	246.550786
-219.804000	0.001834	246.665720
-219.752000	0.001836	246.781373
-219.700000	0.001837	246.902065
-219.648000	0.001839	247.023490
-219.596000	0.001840	247.149644
-219.544000	0.001842	247.276783
-219.492000	0.001844	247.408294
-219.440000	0.001845	247.541083
-219.388000	0.001847	247.677851
-219.336000	0.001848	247.816225
-219.284000	0.001850	247.958156
-219.232000	0.001852	248.102029
-219.180000	0.001853	248.249049
-219.128000	0.001855	248.398338
-219.076000	0.001857	248.550377
-219.024000	0.001858	248.704999
-218.972000	0.001860	248.861943
-218.920000	0.001861	249.021764
-218.868000	0.001863	249.183620
-218.816000	0.001865	249.348663
-218.764000	0.001866	249.515333
-218.712000	0.001868	249.685473
-218.660000	0.001870	249.856876
-218.608000	0.001871	250.032045
-218.556000	0.001873	250.208104
-218.504000	0.001875	250.388225
-218.452000	0.001876	250.568980
-218.400000	0.001878	250.753867
-218.348000	0.001880	250.939405
-218.296000	0.001881	251.128833
-218.244000	0.001883	251.319104
-218.192000	0.001885	251.512981
-218.140000	0.001886	251.707933
-218.088000	0.001888	251.906199
-218.036000	0.001890	252.105832
-217.984000	0.001891	252.308377
-217.932000	0.001893	252.512511
-217.880000	0.001895	252.719287
-217.828000	0.001896	252.927957
-217.776000	0.001898	253.138910
-217.724000	0.001900	253.351993
-217.672000	0.001901	253.567086
-217.620000	0.001903	253.784564
-217.568000	0.001905	254.003660
-217.516000	0.001906	254.225360
-217.464000	0.001908	254.448478
-217.412000	0.001910	254.674442
-217.360000	0.001911	254.901476
-217.308000	0.001913	255.131602
-217.256000	0.001915	255.362534
-217.204000	0.001917	255.596786
-217.152000	0.001918	255.831553
-217.100000	0.001920	256.069714
-217.048000	0.001922	256.308528
-216.996000	0.001923	256.550496
-216.944000	0.001925	256.793155
-216.892000	0.001927	257.038783
-216.840000	0.001929	257.285345
-216.788000	0.001930	257.534603
-216.736000	0.001932	257.784973
-216.684000	0.001934	258.037787
-216.632000	0.001935	258.291953
-216.580000	0.001937	258.548262
-216.528000	0.001939	258.806110
-216.476000	0.001941	259.065838
-216.424000	0.001942	259.327307
-216.372000	0.001944	259.590444
-216.320000	0.001946	259.855526
-216.268000	0.001947	260.122033
-216.216000	0.001949	260.390667
-216.164000	0.001951	260.660444
-216.112000	0.001953	260.932526
-216.060000	0.001954	261.205506
-216.008000	0.001956	261.480992
-215.956000	0.001958	261.757169
-215.904000	0.001960	262.036052
-215.852000	0.001961	262.315465
-215.800000	0.001963	262.597582
-215.748000	0.001965	262.880210
-215.696000	0.001967	263.165400
-215.644000	0.001968	263.451248
-215.592000	0.001970	263.739467
-215.540000	0.001972	264.028442
-215.488000	0.001974	264.319645
-215.436000	0.001976	264.611814
-215.384000	0.001977	264.905904
-215.332000	0.001979	265.201054
-215.280000	0.001981	265.498007
-215.228000	0.001983	265.796241
-215.176000	0.001984	266.095999
-215.124000	0.001986	266.397158
-215.072000	0.001988	266.699681
-215.020000	0.001990	267.003762
-214.968000	0.001992	267.309017
-214.916000	0.001993	267.615968
-214.864000	0.001995	267.923858
-214.812000	0.001997	268.233582
-214.760000	0.001999	268.544101
-214.708000	0.002001	268.856614
-214.656000	0.002002	269.169760
-214.604000	0.002004	269.485030
-214.552000	0.002006	269.800682
-214.500000	0.002008	270.118480
-214.448000	0.002010	270.436806
-214.396000	0.002011	270.757131
-214.344000	0.002013	271.078027
-214.292000	0.002015	271.400799
-214.240000	0.002017	271.724226
-214.188000	0.002019	272.049361
-214.136000	0.002021	272.375235
-214.084000	0.002022	272.702672
-214.032000	0.002024	273.030995
-213.980000	0.002026	273.360750
-213.928000	0.002028	273.691524
-213.876000	0.002030	274.023499
-213.824000	0.002032	274.356570
-213.772000	0.002033	274.690772
-213.720000	0.002035	275.026196
-213.668000	0.002037	275.362517
-213.616000	0.002039	275.700139
-213.564000	0.002041	276.038618
-213.512000	0.002043	276.378503
-213.460000	0.002044	276.718992
-213.408000	0.002046	277.061008
-213.356000	0.002048	277.403558
-213.304000	0.002050	277.747745
-213.252000	0.002052	278.092336
-213.200000	0.002054	278.438529
-213.148000	0.002056	278.785161
-213.096000	0.002057	279.133270
-213.044000	0.002059	279.481874
-212.992000	0.002061	279.831880
-212.940000	0.002063	280.182423
-212.888000	0.002065	280.534297
-212.836000	0.002067	280.886803
-212.784000	0.002069	281.240486
-212.732000	0.002071	281.594856
-212.680000	0.002073	281.950281
-212.628000	0.002074	282.306469
-212.576000	0.002076	282.663598
-212.524000	0.002078	283.021556
-212.472000	0.002080	283.380390
-212.420000	0.002082	283.740127
-212.368000	0.002084	284.100594
-212.316000	0.002086	284.462010
-212.264000	0.002088	284.824061
-212.212000	0.002090	285.187127
-212.160000	0.002092	285.550763
-212.108000	0.002093	285.915488
-212.056000	0.002095	286.280609
-212.004000	0.002097	286.646908
-211.952000	0.002099	287.013594
-211.900000	0.002101	287.381390
-211.848000	0.002103	287.749577
-211.796000	0.002105	288.118754
-211.744000	0.002107	288.488356
-211.692000	0.002109	288.858941
-211.640000	0.002111	289.229984
-211.588000	0.002113	289.601954
-211.536000	0.002115	289.974410
-211.484000	0.002117	290.347682
-211.432000	0.002118	290.721455
-211.380000	0.002120	291.095997
-211.328000	0.002122	291.471096
-211.276000	0.002124	291.846855
-211.224000	0.002126	292.223184
-211.172000	0.002128	292.600147
-211.120000	0.002130	292.977715
-211.068000	0.002132	293.355858
-211.016000	0.002134	293.734622
-210.964000	0.002136	294.113858
-210.912000	0.002138	294.493739
-210.860000	0.002140	294.874064
-210.808000	0.002142	295.255079
-210.756000	0.002144	295.636448
-210.704000	0.002146	296.018545
-210.652000	0.002148	296.400929
-210.600000	0.002150	296.783975
-210.548000	0.002152	297.167408
-210.496000	0.002154	297.551384
-210.444000	0.002156	297.935756
-210.392000	0.002158	298.320694
-210.340000	0.002160	298.705986
-210.288000	0.002162	299.091826
-210.236000	0.002164	299.478013
-210.184000	0.002166	299.864703
-210.132000	0.002168	300.251743
-210.080000	0.002170	300.639213
-210.028000	0.002172	301.027011
-209.976000	0.002174	301.415282
-209.924000	0.002176	301.803902
-209.872000	0.002178	302.192886
-209.820000	0.002180	302.582184
-209.768000	0.002182	302.971913
-209.716000	0.002184	303.361951
-209.664000	0.002186	303.752307
-209.612000	0.002188	304.142961
-209.560000	0.002190	304.533988
-209.508000	0.002192	304.925315
-209.456000	0.002194	305.316868
-209.404000	0.002196	305.708751
-209.352000	0.002198	306.100952
-209.300000	0.002200	306.493375
-209.248000	0.002202	306.886146
-209.196000	0.002204	307.279019
-209.144000	0.002206	307.672227
-209.092000	0.002208	308.065607
-209.040000	0.002211	308.459243
-208.988000	0.002213	308.853093
-208.936000	0.002215	309.247184
-208.884000	0.002217	309.641454
-208.832000	0.002219	310.035907
-208.780000	0.002221	310.430539
-208.728000	0.002223	310.825316
-208.676000	0.002225	311.220275
-208.624000	0.002227	311.615336
-208.572000	0.002229	312.010632
-208.520000	0.002231	312.405992
-208.468000	0.002233	312.801556
-208.416000	0.002235	313.197124
-208.364000	0.002237	313.592915
-208.312000	0.002240	313.988672
-208.260000	0.002242	314.384691
-208.208000	0.002244	314.780653
-208.156000	0.002246	315.176808
-208.104000	0.002248	315.572898
-208.052000	0.002250	315.969255
-208.000000	0.002252	316.365418
-207.948000	0.002254	316.761889
-207.896000	0.002256	317.158071
-207.844000	0.002259	317.554561
-207.792000	0.002261	317.950851
-207.740000	0.002263	318.347303
-207.688000	0.002265	318.743631
-207.636000	0.002267	319.140074
-207.584000	0.002269	319.536424
-207.532000	0.002271	319.932820
-207.480000	0.002273	320.329125
-207.428000	0.002276	320.725385
-207.376000	0.002278	321.121631
-207.324000	0.002280	321.517772
-207.272000	0.002282	321.913946
-207.220000	0.002284	322.309931
-207.168000	0.002286	322.705953
-207.116000	0.002288	323.101694
-207.064000	0.002291	323.497575
-207.012000	0.002293	323.893111
-206.960000	0.002295	324.288804
-206.908000	0.002297	324.684106
-206.856000	0.002299	325.079573
-206.804000	0.002301	325.474604
-206.752000	0.002304	325.869858
-206.700000	0.002306	326.264542
-206.648000	0.002308	326.659534
-206.596000	0.002310	327.053835
-206.544000	0.002312	327.448353
-206.492000	0.002314	327.842375
-206.440000	0.002317	328.236528
-206.388000	0.002319	328.630243
-206.336000	0.002321	329.023954
-206.284000	0.002323	329.417260
-206.232000	0.002325	329.810444
-206.180000	0.002328	330.203359
-206.128000	0.002330	330.596086
-206.076000	0.002332	330.988583
-206.024000	0.002334	331.380768
-205.972000	0.002337	331.772801
-205.920000	0.002339	332.164410
-205.868000	0.002341	332.555951
-205.816000	0.002343	332.946952
-205.764000	0.002345	333.337972
-205.712000	0.002348	333.728361
-205.660000	0.002350	334.118860
-205.608000	0.002352	334.508652
-205.556000	0.002354	334.898546
-205.504000	0.002357	335.287662
-205.452000	0.002359	335.676962
-205.400000	0.002361	336.065348
-205.348000	0.002363	336.454044
-205.296000	0.002366	336.841723
-205.244000	0.002368	337.229595
-205.192000	0.002370	337.616640
-205.140000	0.002372	338.003701
-205.088000	0.002375	338.390071
-205.036000	0.002377	338.776350
-204.984000	0.002379	339.162006
-204.932000	0.002381	339.547422
-204.880000	0.002384	339.932349
-204.828000	0.002386	340.316924
-204.776000	0.002388	340.701078
-204.724000	0.002390	341.084729
-204.672000	0.002393	341.468111
-204.620000	0.002395	341.850863
-204.568000	0.002397	342.233460
-204.516000	0.002400	342.615283
-204.464000	0.002402	342.997018
-204.412000	0.002404	343.377860
-204.360000	0.002407	343.758732
-204.308000	0.002409	344.138613
-204.256000	0.002411	344.518542
-204.204000	0.002413	344.897409
-204.152000	0.002416	345.276508
-204.100000	0.002418	345.654358
-204.048000	0.002420	346.032451
-203.996000	0.002423	346.409244
-203.944000	0.002425	346.786210
-203.892000	0.002427	347.162105
-203.840000	0.002430	347.537966
-203.788000	0.002432	347.912892
-203.736000	0.002434	348.287628
-203.684000	0.002437	348.661556
-203.632000	0.002439	349.035142
-203.580000	0.002441	349.408050
-203.528000	0.002444	349.780460
-203.476000	0.002446	350.152325
-203.424000	0.002449	350.523534
-203.372000	0.002451	350.894292
-203.320000	0.002453	351.264223
-203.268000	0.002456	351.633935
-203.216000	0.002458	352.002669
-203.164000	0.002460	352.371332
-203.112000	0.002463	352.738871
-203.060000	0.002465	353.106324
-203.008000	0.002467	353.472558
-202.956000	0.002470	353.838887
-202.904000	0.002472	354.203863
-202.852000	0.002475	354.568969
-202.800000	0.002477	354.932598
-202.748000	0.002479	355.296554
-202.696000	0.002482	355.658940
-202.644000	0.002484	356.021417
-202.592000	0.002487	356.382630
-202.540000	0.002489	356.743766
-202.488000	0.002491	357.103768
-202.436000	0.002494	357.463494
-202.384000	0.002496	357.822268
-202.332000	0.002499	358.180615
-202.280000	0.002501	358.538132
-202.228000	0.002504	358.895027
-202.176000	0.002506	359.251288
-202.124000	0.002508	359.606765
-202.072000	0.002511	359.961726
-202.020000	0.002513	360.315711
-201.968000	0.002516	360.669392
-201.916000	0.002518	361.021921
-201.864000	0.002521	361.374312
-201.812000	0.002523	361.725398
-201.760000	0.002526	362.076396
-201.708000	0.002528	362.425984
-201.656000	0.002530	362.775681
-201.604000	0.002533	363.123811
-201.552000	0.002535	363.472057
-201.500000	0.002538	363.818608
-201.448000	0.002540	364.165461
-201.396000	0.002543	364.510597
-201.344000	0.002545	364.855844
-201.292000	0.002548	365.199639
-201.240000	0.002550	365.543270
-201.188000	0.002553	365.885675
-201.136000	0.002555	366.227780
-201.084000	0.002558	366.568772
-201.032000	0.002560	366.909232
-200.980000	0.002563	367.248824
-200.928000	0.002565	367.587728
-200.876000	0.002568	367.925907
-200.824000	0.002570	368.263190
-200.772000	0.002573	368.599883
-200.720000	0.002575	368.935479
-200.668000	0.002578	369.270761
-200.616000	0.002580	369.604765
-200.564000	0.002583	369.938584
-200.512000	0.002585	370.270967
-200.460000	0.002588	370.603329
-200.408000	0.002591	370.934125
-200.356000	0.002593	371.264969
-200.304000	0.002596	371.594114
-200.252000	0.002598	371.923449
-200.200000	0.002601	372.250915
-200.148000	0.002603	372.578631
-200.096000	0.002606	372.904528
-200.044000	0.002608	373.230530
-199.992000	0.002611	373.555023
-199.940000	0.002614	373.879362
-199.888000	0.002616	374.202354
-199.836000	0.002619	374.524967
-199.784000	0.002621	374.846422
-199.732000	0.002624	375.167302
-199.680000	0.002626	375.487286
-199.628000	0.002629	375.806529
-199.576000	0.002632	376.124953
-199.524000	0.002634	376.442393
-199.472000	0.002637	376.759339
-199.420000	0.002639	377.075127
-199.368000	0.002642	377.390524
-199.316000	0.002645	377.704554
-199.264000	0.002647	378.018482
-199.212000	0.002650	378.330883
-199.160000	0.002653	378.643201
-199.108000	0.002655	378.953872
-199.056000	0.002658	379.264631
-199.004000	0.002660	379.573610
-198.952000	0.002663	379.882821
-198.900000	0.002666	380.190090
-198.848000	0.002668	380.497633
-198.796000	0.002671	380.803303
-198.744000	0.002674	381.109050
-198.692000	0.002676	381.413242
-198.640000	0.002679	381.717249
-198.588000	0.002682	382.019902
-198.536000	0.002684	382.322165
-198.484000	0.002687	382.623310
-198.432000	0.002690	382.923880
-198.380000	0.002692	383.223501
-198.328000	0.002695	383.522324
-198.276000	0.002698	383.820400
-198.224000	0.002700	384.117475
-198.172000	0.002703	384.414006
-198.120000	0.002706	384.709331
-198.068000	0.002708	385.004365
-198.016000	0.002711	385.298002
-197.964000	0.002714	385.591538
-197.912000	0.002717	385.883517
-197.860000	0.002719	386.175467
-197.808000	0.002722	386.465738
-197.756000	0.002725	386.756108
-197.704000	0.002727	387.044680
-197.652000	0.002730	387.333534
-197.600000	0.002733	387.620443
-197.548000	0.002736	387.907654
-197.496000	0.002738	388.193007
-197.444000	0.002741	388.478418
-197.392000	0.002744	388.762342
-197.340000	0.002747	389.046118
-197.288000	0.002749	389.328562
-197.236000	0.002752	389.610602
-197.184000	0.002755	389.891548
-197.132000	0.002758	390.171907
-197.080000	0.002760	390.451382
-197.028000	0.002763	390.730065
-196.976000	0.002766	391.008073
-196.924000	0.002769	391.285086
-196.872000	0.002771	391.561631
-196.820000	0.002774	391.836978
-196.768000	0.002777	392.112066
-196.716000	0.002780	392.385765
-196.664000	0.002783	392.659389
-196.612000	0.002785	392.931479
-196.560000	0.002788	393.203612
-196.508000	0.002791	393.474109
-196.456000	0.002794	393.744814
-196.404000	0.002797	394.013756
-196.352000	0.002799	394.282995
-196.300000	0.002802	394.550353
-196.248000	0.002805	394.818048
-196.196000	0.002808	395.083967
-196.144000	0.002811	395.349933
-196.092000	0.002814	395.614514
-196.040000	0.002816	395.878971
-195.988000	0.002819	396.142201
-195.936000	0.002822	396.405055
-195.884000	0.002825	396.666889
-195.832000	0.002828	396.928149
-195.780000	0.002831	397.188632
-195.728000	0.002834	397.448361
-195.676000	0.002836	397.707521
-195.624000	0.002839	397.965729
-195.572000	0.002842	398.223577
-195.520000	0.002845	398.480275
-195.468000	0.002848	398.736819
-195.416000	0.002851	398.992032
-195.364000	0.002854	399.247217
-195.312000	0.002857	399.500946
-195.260000	0.002859	399.754851
-195.208000	0.002862	400.007193
-195.156000	0.002865	400.259730
-195.104000	0.002868	400.510611
-195.052000	0.002871	400.761851
-195.000000	0.002874	401.011337
-194.948000	0.002877	401.261198
-194.896000	0.002880	401.509466
-194.844000	0.002883	401.757842
-194.792000	0.002886	402.004937
-194.740000	0.002889	402.251894
-194.688000	0.002892	402.497805
-194.636000	0.002895	402.743410
-194.584000	0.002897	402.988143
-194.532000	0.002900	403.232358
-194.480000	0.002903	403.475903
-194.428000	0.002906	403.718744
-194.376000	0.002909	403.961157
-194.324000	0.002912	404.202691
-194.272000	0.002915	404.443953
-194.220000	0.002918	404.684144
-194.168000	0.002921	404.924309
-194.116000	0.002924	405.163243
-194.064000	0.002927	405.402313
-194.012000	0.002930	405.640036
-193.960000	0.002933	405.877939
-193.908000	0.002936	406.114436
-193.856000	0.002939	406.351296
-193.804000	0.002942	406.586645
-193.752000	0.002945	406.822379
-193.700000	0.002948	407.056525
-193.648000	0.002951	407.291052
-193.596000	0.002954	407.524199
-193.544000	0.002957	407.757490
-193.492000	0.002960	407.989725
-193.440000	0.002963	408.221901
-193.388000	0.002966	408.453163
-193.336000	0.002970	408.684136
-193.284000	0.002973	408.914455
-193.232000	0.002976	409.144350
-193.180000	0.002979	409.373750
-193.128000	0.002982	409.602533
-193.076000	0.002985	409.831011
-193.024000	0.002988	410.058702
-192.972000	0.002991	410.286322
-192.920000	0.002994	410.512991
-192.868000	0.002997	410.739780
-192.816000	0.003000	410.965470
-192.764000	0.003003	411.191370
-192.712000	0.003006	411.416079
-192.660000	0.003010	411.641074
-192.608000	0.003013	411.864832
-192.556000	0.003016	412.088996
-192.504000	0.003019	412.311866
-192.452000	0.003022	412.535223
-192.400000	0.003025	412.757221
-192.348000	0.003028	412.979641
-192.296000	0.003031	413.200933
-192.244000	0.003034	413.422414
-192.192000	0.003038	413.643043
-192.140000	0.003041	413.863649
-192.088000	0.003044	414.083590
-192.036000	0.003047	414.303343
-191.984000	0.003050	414.522614
-191.932000	0.003053	414.741535
-191.880000	0.003057	414.960156
-191.828000	0.003060	415.178267
-191.776000	0.003063	415.396255
-191.724000	0.003066	415.613578
-191.672000	0.003069	415.831000
-191.620000	0.003072	416.047609
-191.568000	0.003076	416.264442
-191.516000	0.003079	416.480335
-191.464000	0.003082	416.696620
-191.412000	0.003085	416.911898
-191.360000	0.003088	417.127572
-191.308000	0.003092	417.342217
-191.256000	0.003095	417.557353
-191.204000	0.003098	417.771427
-191.152000	0.003101	417.986051
-191.100000	0.003105	418.199559
-191.048000	0.003108	418.413501
-190.996000	0.003111	418.626608
-190.944000	0.003114	418.839987
-190.892000	0.003118	419.052736
-190.840000	0.003121	419.265507
-190.788000	0.003124	419.477846
-190.736000	0.003127	419.690085
-190.684000	0.003131	419.902097
-190.632000	0.003134	420.113884
-190.580000	0.003137	420.325573
-190.528000	0.003140	420.536872
-190.476000	0.003144	420.748197
-190.424000	0.003147	420.958983
-190.372000	0.003150	421.170087
-190.320000	0.003154	421.380537
-190.268000	0.003157	421.591320
-190.216000	0.003160	421.801338
-190.164000	0.003164	422.011932
-190.112000	0.003167	422.221712
-190.060000	0.003170	422.431949
-190.008000	0.003174	422.641392
-189.956000	0.003177	422.851456
-189.904000	0.003180	423.060693
-189.852000	0.003184	423.270502
-189.800000	0.003187	423.479488
-189.748000	0.003190	423.688985
-189.696000	0.003194	423.897905
-189.644000	0.003197	424.107123
-189.592000	0.003200	424.315992
-189.540000	0.003204	424.524989
-189.488000	0.003207	424.733790
-189.436000	0.003211	424.942586
-189.384000	0.003214	425.151340
-189.332000	0.003217	425.359960
-189.280000	0.003221	425.568688
-189.228000	0.003224	425.777154
-189.176000	0.003227	425.985917
-189.124000	0.003231	426.194303
-189.072000	0.003234	426.403088
-189.020000	0.003238	426.611366
-188.968000	0.003241	426.820232
-188.916000	0.003245	427.028510
-188.864000	0.003248	427.237394
-188.812000	0.003251	427.445687
-188.760000	0.003255	427.654682
-188.708000	0.003258	427.863081
-188.656000	0.003262	428.072052
-188.604000	0.003265	428.280507
-188.552000	0.003269	428.489741
-188.500000	0.003272	428.698300
-188.448000	0.003276	428.907175
-188.396000	0.003279	429.115812
-188.344000	0.003283	429.324897
-188.292000	0.003286	429.533955
-188.240000	0.003290	429.743299
-188.188000	0.003293	429.952769
-188.136000	0.003297	430.162394
-188.084000	0.003300	430.371946
-188.032000	0.003304	430.581349
-187.980000	0.003307	430.791171
-187.928000	0.003311	431.000898
-187.876000	0.003314	431.211187
-187.824000	0.003318	431.421259
-187.772000	0.003321	431.631564
-187.720000	0.003325	431.841476
-187.668000	0.003328	432.052732
-187.616000	0.003332	432.263577
-187.564000	0.003335	432.474798
-187.512000	0.003339	432.685636
-187.460000	0.003343	432.897313
-187.408000	0.003346	433.108550
-187.356000	0.003350	433.320180
-187.304000	0.003353	433.531668
-187.252000	0.003357	433.744322
-187.200000	0.003361	433.956545
-187.148000	0.003364	434.169095
-187.096000	0.003368	434.381635
-187.044000	0.003371	434.594650
-186.992000	0.003375	434.807834
-186.940000	0.003379	435.021357
-186.888000	0.003382	435.235182
-186.836000	0.003386	435.449234
-186.784000	0.003389	435.663714
-186.732000	0.003393	435.878310
-186.680000	0.003397	436.093073
-186.628000	0.003400	436.307711
-186.576000	0.003404	436.523029
-186.524000	0.003408	436.738251
-186.472000	0.003411	436.954741
-186.420000	0.003415	437.171084
-186.368000	0.003419	437.387837
-186.316000	0.003422	437.604331
-186.264000	0.003426	437.821752
-186.212000	0.003430	438.038964
-186.160000	0.003434	438.257051
-186.108000	0.003437	438.474994
-186.056000	0.003441	438.693766
-186.004000	0.003445	438.912454
-185.952000	0.003448	439.131932
-185.900000	0.003452	439.351196
-185.848000	0.003456	439.570793
-185.796000	0.003460	439.790801
-185.744000	0.003463	440.011607
-185.692000	0.003467	440.232744
-185.640000	0.003471	440.454270
-185.588000	0.003475	440.675931
-185.536000	0.003478	440.897671
-185.484000	0.003482	441.120316
-185.432000	0.003486	441.343327
-185.380000	0.003490	441.567003
-185.328000	0.003493	441.790780
-185.276000	0.003497	442.014897
-185.224000	0.003501	442.238931
-185.172000	0.003505	442.464311
-185.120000	0.003509	442.689660
-185.068000	0.003512	442.915987
-185.016000	0.003516	443.142172
-184.964000	0.003520	443.368825
-184.912000	0.003524	443.595485
-184.860000	0.003528	443.823499
-184.808000	0.003532	444.051527
-184.756000	0.003535	444.280394
-184.704000	0.003539	444.509345
-184.652000	0.003543	444.739072
-184.600000	0.003547	444.968958
-184.548000	0.003551	445.199512
-184.496000	0.003555	445.430392
-184.444000	0.003559	445.661805
-184.392000	0.003563	445.893665
-184.340000	0.003566	446.125960
-184.288000	0.003570	446.358801
-184.236000	0.003574	446.591990
-184.184000	0.003578	446.826173
-184.132000	0.003582	447.060785
-184.080000	0.003586	447.295744
-184.028000	0.003590	447.530747
-183.976000	0.003594	447.767014
-183.924000	0.003598	448.003461
-183.872000	0.003602	448.240833
-183.820000	0.003606	448.478212
-183.768000	0.003610	448.716607
-183.716000	0.003614	448.954991
-183.664000	0.003617	449.194352
-183.612000	0.003621	449.433835
-183.560000	0.003625	449.674675
-183.508000	0.003629	449.915536
-183.456000	0.003633	450.156818
-183.404000	0.003637	450.398459
-183.352000	0.003641	450.641235
-183.300000	0.003645	450.884300
-183.248000	0.003649	451.128029
-183.196000	0.003653	451.372175
-183.144000	0.003657	451.616876
-183.092000	0.003661	451.862366
-183.040000	0.003666	452.108576
-182.988000	0.003670	452.355387
-182.936000	0.003674	452.602586
-182.884000	0.003678	452.850473
-182.832000	0.003682	453.098667
-182.780000	0.003686	453.348030
-182.728000	0.003690	453.597746
-182.676000	0.003694	453.847885
-182.624000	0.003698	454.098083
-182.572000	0.003702	454.349700
-182.520000	0.003706	454.601431
-182.468000	0.003710	454.854701
-182.416000	0.003714	455.108032
-182.364000	0.003719	455.362336
-182.312000	0.003723	455.616763
-182.260000	0.003727	455.872081
-182.208000	0.003731	456.127604
-182.156000	0.003735	456.383945
-182.104000	0.003739	456.640720
-182.052000	0.003743	456.898606
-182.000000	0.003747	457.156849
-181.948000	0.003752	457.415751
-181.896000	0.003756	457.675333
-181.844000	0.003760	457.935778
-181.792000	0.003764	458.196751
-181.740000	0.003768	458.458222
-181.688000	0.003773	458.720615
-181.636000	0.003777	458.983627
-181.584000	0.003781	459.247329
-181.532000	0.003785	459.511367
-181.480000	0.003789	459.776172
-181.428000	0.003794	460.041229
-181.376000	0.003798	460.307572
-181.324000	0.003802	460.574171
-181.272000	0.003806	460.841699
-181.220000	0.003811	461.109317
-181.168000	0.003815	461.378463
-181.116000	0.003819	461.647729
-181.064000	0.003823	461.918426
-181.012000	0.003828	462.189271
-180.960000	0.003832	462.460983
-180.908000	0.003836	462.732920
-180.856000	0.003840	463.005643
-180.804000	0.003845	463.278821
-180.752000	0.003849	463.553081
-180.700000	0.003853	463.827902
-180.648000	0.003858	464.103704
-180.596000	0.003862	464.379915
-180.544000	0.003866	464.656716
-180.492000	0.003871	464.934278
-180.440000	0.003875	465.212592
-180.388000	0.003879	465.491789
-180.336000	0.003884	465.771615
-180.284000	0.003888	466.052083
-180.232000	0.003893	466.332892
-180.180000	0.003897	466.614821
-180.128000	0.003901	466.897126
-180.076000	0.003906	467.180235
-180.024000	0.003910	467.463509
-179.972000	0.003914	467.748147
-179.920000	0.003919	468.032904
-179.868000	0.003923	468.319148
-179.816000	0.003928	468.605459
-179.764000	0.003932	468.892665
-179.712000	0.003937	469.180158
-179.660000	0.003941	469.469359
-179.608000	0.003945	469.758640
-179.556000	0.003950	470.048264
-179.504000	0.003954	470.338466
-179.452000	0.003959	470.630077
-179.400000	0.003963	470.922195
-179.348000	0.003968	471.215284
-179.296000	0.003972	471.508686
-179.244000	0.003977	471.802684
-179.192000	0.003981	472.097350
-179.140000	0.003986	472.392767
-179.088000	0.003990	472.688976
-179.036000	0.003995	472.985806
-178.984000	0.003999	473.283549
-178.932000	0.004004	473.581776
-178.880000	0.004009	473.880638
-178.828000	0.004013	474.179727
-178.776000	0.004018	474.479982
-178.724000	0.004022	474.780447
-178.672000	0.004027	475.082685
-178.620000	0.004031	475.385034
-178.568000	0.004036	475.688282
-178.516000	0.004041	475.991579
-178.464000	0.004045	476.296186
-178.412000	0.004050	476.600939
-178.360000	0.004054	476.906895
-178.308000	0.004059	477.213093
-178.256000	0.004064	477.520388
-178.204000	0.004068	477.828015
-178.152000	0.004073	478.136647
-178.100000	0.004078	478.445673
-178.048000	0.004082	478.755660
-177.996000	0.004087	479.066047
-177.944000	0.004092	479.377312
-177.892000	0.004096	479.688819
-177.840000	0.004101	480.000823
-177.788000	0.004106	480.313806
-177.736000	0.004110	480.627584
-177.684000	0.004115	480.942147
-177.632000	0.004120	481.257153
-177.580000	0.004124	481.573081
-177.528000	0.004129	481.889303
-177.476000	0.004134	482.206584
-177.424000	0.004139	482.524006
-177.372000	0.004143	482.843108
-177.320000	0.004148	483.162238
-177.268000	0.004153	483.482173
-177.216000	0.004158	483.802069
-177.164000	0.004162	484.123191
-177.112000	0.004167	484.444440
-177.060000	0.004172	484.767253
-177.008000	0.004177	485.090188
-176.956000	0.004182	485.414163
-176.904000	0.004187	485.738332
-176.852000	0.004191	486.063466
-176.800000	0.004196	486.388826
-176.748000	0.004201	486.715132
-176.696000	0.004206	487.041638
-176.644000	0.004211	487.369017
-176.592000	0.004216	487.697019
-176.540000	0.004220	488.025972
-176.488000	0.004225	488.355083
-176.436000	0.004230	488.684548
-176.384000	0.004235	489.015370
-176.332000	0.004240	489.346892
-176.280000	0.004245	489.678785
-176.228000	0.004250	490.010779
-176.176000	0.004255	490.344147
-176.124000	0.004260	490.677639
-176.072000	0.004265	491.012208
-176.020000	0.004270	491.346664
-175.968000	0.004274	491.682328
-175.916000	0.004279	492.017880
-175.864000	0.004284	492.355038
-175.812000	0.004289	492.692102
-175.760000	0.004294	493.030212
-175.708000	0.004299	493.368413
-175.656000	0.004304	493.707977
-175.604000	0.004309	494.047560
-175.552000	0.004314	494.388069
-175.500000	0.004319	494.728597
-175.448000	0.004324	495.070051
-175.396000	0.004329	495.411719
-175.344000	0.004335	495.754516
-175.292000	0.004340	496.097438
-175.240000	0.004345	496.441038
-175.188000	0.004350	496.785248
-175.136000	0.004355	497.130149
-175.084000	0.004360	497.475861
-175.032000	0.004365	497.822036
-174.980000	0.004370	498.168824
-174.928000	0.004375	498.515737
-174.876000	0.004380	498.863426
-174.824000	0.004385	499.211047
-174.772000	0.004391	499.560104
-174.720000	0.004396	499.908959
-174.668000	0.004401	500.259416
-174.616000	0.004406	500.609574
-174.564000	0.004411	500.960749
-174.512000	0.004416	501.311755
-174.460000	0.004422	501.664154
-174.408000	0.004427	502.016462
-174.356000	0.004432	502.370065
-174.304000	0.004437	502.723648
-174.252000	0.004442	503.078466
-174.200000	0.004448	503.433064
-174.148000	0.004453	503.788567
-174.096000	0.004458	504.143784
-174.044000	0.004463	504.499831
-173.992000	0.004469	504.856345
-173.940000	0.004474	505.213956
-173.888000	0.004479	505.571635
-173.836000	0.004484	505.929744
-173.784000	0.004490	506.288839
-173.732000	0.004495	506.648463
-173.680000	0.004500	507.008521
-173.628000	0.004506	507.368594
-173.576000	0.004511	507.729287
-173.524000	0.004516	508.089782
-173.472000	0.004522	508.452071
-173.420000	0.004527	508.814047
-173.368000	0.004532	509.177490
-173.316000	0.004538	509.540474
-173.264000	0.004543	509.904367
-173.212000	0.004548	510.268000
-173.160000	0.004554	510.633371
-173.108000	0.004559	510.998320
-173.056000	0.004565	511.364103
-173.004000	0.004570	511.729645
-172.952000	0.004575	512.096376
-172.900000	0.004581	512.463050
-172.848000	0.004586	512.831233
-172.796000	0.004592	513.198866
-172.744000	0.004597	513.567301
-172.692000	0.004603	513.935963
-172.640000	0.004608	514.305668
-172.588000	0.004614	514.675219
-172.536000	0.004619	515.045126
-172.484000	0.004625	515.415826
-172.432000	0.004630	515.786955
-172.380000	0.004636	516.158752
-172.328000	0.004641	516.530560
-172.276000	0.004647	516.902829
-172.224000	0.004652	517.274764
-172.172000	0.004658	517.648360
-172.120000	0.004663	518.021499
-172.068000	0.004669	518.396490
-172.016000	0.004674	518.770856
-171.964000	0.004680	519.146028
-171.912000	0.004686	519.520757
-171.860000	0.004691	519.897132
-171.808000	0.004697	520.273008
-171.756000	0.004702	520.650044
-171.704000	0.004708	521.026612
-171.652000	0.004714	521.404333
-171.600000	0.004719	521.781742
-171.548000	0.004725	522.160632
-171.496000	0.004731	522.538970
-171.444000	0.004736	522.918344
-171.392000	0.004742	523.297423
-171.340000	0.004748	523.677255
-171.288000	0.004754	524.057388
-171.236000	0.004759	524.438181
-171.184000	0.004765	524.819204
-171.132000	0.004771	525.200408
-171.080000	0.004776	525.582110
-171.028000	0.004782	525.963703
-170.976000	0.004788	526.346522
-170.924000	0.004794	526.729007
-170.872000	0.004799	527.113030
-170.820000	0.004805	527.496433
-170.768000	0.004811	527.881055
-170.716000	0.004817	528.264997
-170.664000	0.004823	528.650583
-170.612000	0.004829	529.035455
-170.560000	0.004834	529.421464
-170.508000	0.004840	529.806911
-170.456000	0.004846	530.193847
-170.404000	0.004852	530.580098
-170.352000	0.004858	530.967465
-170.300000	0.004864	531.354279
-170.248000	0.004870	531.742550
-170.196000	0.004875	532.130290
-170.144000	0.004881	532.519297
-170.092000	0.004887	532.908091
-170.040000	0.004893	533.297806
-169.988000	0.004899	533.687300
-169.936000	0.004905	534.077189
-169.884000	0.004911	534.467514
-169.832000	0.004917	534.858070
-169.780000	0.004923	535.249395
-169.728000	0.004929	535.640605
-169.676000	0.004935	536.032455
-169.624000	0.004941	536.423772
-169.572000	0.004947	536.817021
-169.520000	0.004953	537.209534
-169.468000	0.004959	537.603161
-169.416000	0.004965	537.995962
-169.364000	0.004971	538.390316
-169.312000	0.004977	538.783985
-169.260000	0.004983	539.179577
-169.208000	0.004989	539.574294
-169.156000	0.004996	539.970064
-169.104000	0.005002	540.365132
-169.052000	0.005008	540.761635
-169.000000	0.005014	541.157369
-168.948000	0.005020	541.554533
-168.896000	0.005026	541.951228
-168.844000	0.005032	542.349412
-168.792000	0.005038	542.746912
-168.740000	0.005045	543.145054
-168.688000	0.005051	543.543492
-168.636000	0.005057	543.942621
-168.584000	0.005063	544.341673
-168.532000	0.005069	544.740725
-168.480000	0.005076	545.140843
-168.428000	0.005082	545.540846
-168.376000	0.005088	545.941849
-168.324000	0.005094	546.342267
-168.272000	0.005101	546.744535
-168.220000	0.005107	547.145942
-168.168000	0.005113	547.548374
-168.116000	0.005120	547.949916
-168.064000	0.005126	548.353411
-168.012000	0.005132	548.756087
-167.960000	0.005139	549.160628
-167.908000	0.005145	549.564144
-167.856000	0.005151	549.968678
-167.804000	0.005158	550.372529
-167.752000	0.005164	550.778138
-167.700000	0.005170	551.183023
-167.648000	0.005177	551.589621
-167.596000	0.005183	551.995344
-167.544000	0.005190	552.402253
-167.492000	0.005196	552.808644
-167.440000	0.005202	553.215849
-167.388000	0.005209	553.623237
-167.336000	0.005215	554.031251
-167.284000	0.005222	554.439846
-167.232000	0.005228	554.848651
-167.180000	0.005235	555.258025
-167.128000	0.005241	555.667095
-167.076000	0.005248	556.077554
-167.024000	0.005254	556.487393
-166.972000	0.005261	556.899032
-166.920000	0.005267	557.309731
-166.868000	0.005274	557.721902
-166.816000	0.005280	558.133093
-166.764000	0.005287	558.546179
-166.712000	0.005294	558.958351
-166.660000	0.005300	559.372352
-166.608000	0.005307	559.785360
-166.556000	0.005313	560.199738
-166.504000	0.005320	560.613325
-166.452000	0.005327	561.028657
-166.400000	0.005333	561.443365
-166.348000	0.005340	561.860067
-166.296000	0.005347	562.275802
-166.244000	0.005353	562.692688
-166.192000	0.005360	563.109278
-166.140000	0.005367	563.526860
-166.088000	0.005374	563.944559
-166.036000	0.005380	564.362831
-165.984000	0.005387	564.781632
-165.932000	0.005394	565.200587
-165.880000	0.005400	565.620910
-165.828000	0.005407	566.041067
-165.776000	0.005414	566.462122
-165.724000	0.005421	566.882429
-165.672000	0.005428	567.304510
-165.620000	0.005434	567.725631
-165.568000	0.005441	568.149191
-165.516000	0.005448	568.571719
-165.464000	0.005455	568.996118
-165.412000	0.005462	569.419548
-165.360000	0.005469	569.844781
-165.308000	0.005476	570.269105
-165.256000	0.005483	570.695170
-165.204000	0.005489	571.120567
-165.152000	0.005496	571.548041
-165.100000	0.005503	571.974609
-165.048000	0.005510	572.402855
-164.996000	0.005517	572.830630
-164.944000	0.005524	573.260043
-164.892000	0.005531	573.689140
-164.840000	0.005538	574.119195
-164.788000	0.005545	574.549356
-164.736000	0.005552	574.980055
-164.684000	0.005559	575.411664
-164.632000	0.005566	575.843525
-164.580000	0.005573	576.276332
-164.528000	0.005580	576.708833
-164.476000	0.005587	577.143636
-164.424000	0.005595	577.577825
-164.372000	0.005602	578.013297
-164.320000	0.005609	578.447793
-164.268000	0.005616	578.885216
-164.216000	0.005623	579.321598
-164.164000	0.005630	579.759839
-164.112000	0.005637	580.197207
-164.060000	0.005645	580.636797
-164.008000	0.005652	581.075474
-163.956000	0.005659	581.515892
-163.904000	0.005666	581.955829
-163.852000	0.005673	582.398178
-163.800000	0.005681	582.839621
-163.748000	0.005688	583.282732
-163.696000	0.005695	583.725677
-163.644000	0.005702	584.170491
-163.592000	0.005710	584.615028
-163.540000	0.005717	585.060498
-163.488000	0.005724	585.506463
-163.436000	0.005732	585.953122
-163.384000	0.005739	586.401125
-163.332000	0.005746	586.849499
-163.280000	0.005754	587.298866
-163.228000	0.005761	587.747916
-163.176000	0.005768	588.199316
-163.124000	0.005776	588.650091
-163.072000	0.005783	589.103210
-163.020000	0.005791	589.555376
-162.968000	0.005798	590.009984
-162.916000	0.005805	590.463649
-162.864000	0.005813	590.919653
-162.812000	0.005820	591.374934
-162.760000	0.005828	591.832862
-162.708000	0.005835	592.290071
-162.656000	0.005843	592.749407
-162.604000	0.005850	593.208326
-162.552000	0.005858	593.669664
-162.500000	0.005866	594.130390
-162.448000	0.005873	594.593070
-162.396000	0.005881	595.055416
-162.344000	0.005888	595.519354
-162.292000	0.005896	595.983731
-162.240000	0.005903	596.449463
-162.188000	0.005911	596.916133
-162.136000	0.005919	597.383665
-162.084000	0.005926	597.852248
-162.032000	0.005934	598.321071
-161.980000	0.005942	598.791835
-161.928000	0.005949	599.262484
-161.876000	0.005957	599.735568
-161.824000	0.005965	600.208049
-161.772000	0.005973	600.682956
-161.720000	0.005980	601.157016
-161.668000	0.005988	601.634551
-161.616000	0.005996	602.111220
-161.564000	0.006004	602.590264
-161.512000	0.006011	603.068675
-161.460000	0.006019	603.549758
-161.408000	0.006027	604.030375
-161.356000	0.006035	604.513515
-161.304000	0.006043	604.996353
-161.252000	0.006051	605.481621
-161.200000	0.006059	605.966866
-161.148000	0.006066	606.454644
-161.096000	0.006074	606.942246
-161.044000	0.006082	607.431432
-160.992000	0.006090	607.921519
-160.940000	0.006098	608.413172
-160.888000	0.006106	608.905558
-160.836000	0.006114	609.398646
-160.784000	0.006122	609.894096
-160.732000	0.006130	610.390207
-160.680000	0.006138	610.887954
-160.628000	0.006146	611.385532
-160.576000	0.006154	611.886140
-160.524000	0.006162	612.386248
-160.472000	0.006170	612.889399
-160.420000	0.006178	613.391803
-160.368000	0.006187	613.897745
-160.316000	0.006195	614.403008
-160.264000	0.006203	614.911147
-160.212000	0.006211	615.418899
-160.160000	0.006219	615.929779
-160.108000	0.006227	616.440496
-160.056000	0.006236	616.954138
-160.004000	0.006244	617.467639
-159.952000	0.006252	617.983582
-159.900000	0.006260	618.499691
-159.848000	0.006268	619.018333
-159.796000	0.006277	619.537551
-159.744000	0.006285	620.058849
-159.692000	0.006293	620.581248
-159.640000	0.006302	621.105222
-159.588000	0.006310	621.630821
-159.536000	0.006318	622.157493
-159.484000	0.006327	622.686307
-159.432000	0.006335	623.215691
-159.380000	0.006343	623.747304
-159.328000	0.006352	624.278902
-159.276000	0.006360	624.814153
-159.224000	0.006369	625.349029
-159.172000	0.006377	625.887598
-159.120000	0.006385	626.425578
-159.068000	0.006394	626.967662
-159.016000	0.006402	627.509217
-158.964000	0.006411	628.053721
-158.912000	0.006419	628.598124
-158.860000	0.006428	629.146111
-158.808000	0.006436	629.694126
-158.756000	0.006445	630.245102
-158.704000	0.006454	630.796530
-158.652000	0.006462	631.351076
-158.600000	0.006471	631.906025
-158.548000	0.006479	632.463503
-158.496000	0.006488	633.022084
-158.444000	0.006497	633.582994
-158.392000	0.006505	634.145557
-158.340000	0.006514	634.709921
-158.288000	0.006523	635.276129
-158.236000	0.006532	635.843448
-158.184000	0.006540	636.413509
-158.132000	0.006549	636.984328
-158.080000	0.006558	637.557996
-158.028000	0.006567	638.131817
-157.976000	0.006575	638.709938
-157.924000	0.006584	639.287829
-157.872000	0.006593	639.869560
-157.820000	0.006602	640.450880
-157.768000	0.006611	641.036884
-157.716000	0.006620	641.622614
-157.664000	0.006628	642.211817
-157.612000	0.006637	642.801240
-157.560000	0.006646	643.394706
-157.508000	0.006655	643.988581
-157.456000	0.006664	644.585817
-157.404000	0.006673	645.183750
-157.352000	0.006682	645.784824
-157.300000	0.006691	646.387042
-157.248000	0.006700	646.992359
-157.196000	0.006709	647.599061
-157.144000	0.006718	648.208097
-157.092000	0.006727	648.819051
-157.040000	0.006736	649.431833
-156.988000	0.006745	650.047416
-156.936000	0.006755	650.664488
-156.884000	0.006764	651.284530
-156.832000	0.006773	651.905399
-156.780000	0.006782	652.530196
-156.728000	0.006791	653.155407
-156.676000	0.006800	653.785107
-156.624000	0.006810	654.414688
-156.572000	0.006819	655.049309
-156.520000	0.006828	655.683649
-156.468000	0.006837	656.322288
-156.416000	0.006847	656.961086
-156.364000	0.006856	657.604771
-156.312000	0.006865	658.248785
-156.260000	0.006874	658.896490
-156.208000	0.006884	659.545169
-156.156000	0.006893	660.197982
-156.104000	0.006903	660.851760
-156.052000	0.006912	661.508685
-156.000000	0.006921	662.167294
-155.948000	0.006931	662.829285
-155.896000	0.006940	663.493241
-155.844000	0.006950	664.159786
-155.792000	0.006959	664.829164
-155.740000	0.006969	665.500807
-155.688000	0.006978	666.175513
-155.636000	0.006988	666.851763
-155.584000	0.006997	667.531617
-155.532000	0.007007	668.212498
-155.480000	0.007016	668.897962
-155.428000	0.007026	669.584022
-155.376000	0.007036	670.274762
-155.324000	0.007045	670.965505
-155.272000	0.007055	671.662505
-155.220000	0.007065	672.359435
-155.168000	0.007074	673.061245
-155.116000	0.007084	673.763432
-155.064000	0.007094	674.470584
-155.012000	0.007104	675.178543
-154.960000	0.007113	675.891059
-154.908000	0.007123	676.604813
-154.856000	0.007133	677.322728
-154.804000	0.007143	678.042291
-154.752000	0.007153	678.765660
-154.700000	0.007162	679.491026
-154.648000	0.007172	680.219770
-154.596000	0.007182	680.951067
-154.544000	0.007192	681.685205
-154.492000	0.007202	682.422785
-154.440000	0.007212	683.162867
-154.388000	0.007222	683.906634
-154.336000	0.007232	684.652165
-154.284000	0.007242	685.402342
-154.232000	0.007252	686.153866
-154.180000	0.007262	686.910194
-154.128000	0.007272	687.667220
-154.076000	0.007282	688.430085
-154.024000	0.007292	689.193170
-153.972000	0.007302	689.962664
-153.920000	0.007312	690.732307
-153.868000	0.007323	691.507414
-153.816000	0.007333	692.283283
-153.764000	0.007343	693.065072
-153.712000	0.007353	693.847913
-153.660000	0.007363	694.635360
-153.608000	0.007374	695.424640
-153.556000	0.007384	696.218833
-153.504000	0.007394	697.014961
-153.452000	0.007404	697.814897
-153.400000	0.007415	698.617633
-153.348000	0.007425	699.424302
-153.296000	0.007435	700.234114
-153.244000	0.007446	701.047020
-153.192000	0.007456	701.863652
-153.140000	0.007467	702.682817
-153.088000	0.007477	703.506653
-153.036000	0.007487	704.332624
-152.984000	0.007498	705.163887
-152.932000	0.007508	705.996694
-152.880000	0.007519	706.834961
-152.828000	0.007529	707.674105
-152.776000	0.007540	708.519765
-152.724000	0.007551	709.365834
-152.672000	0.007561	710.218944
-152.620000	0.007572	711.072490
-152.568000	0.007582	711.932548
-152.516000	0.007593	712.793510
-152.464000	0.007604	713.660016
-152.412000	0.007614	714.528188
-152.360000	0.007625	715.402212
-152.308000	0.007636	716.278334
-152.256000	0.007647	717.159385
-152.204000	0.007657	718.043063
-152.152000	0.007668	718.931187
-152.100000	0.007679	719.822673
-152.048000	0.007690	720.718359
-151.996000	0.007701	721.617767
-151.944000	0.007712	722.520512
-151.892000	0.007722	723.427907
-151.840000	0.007733	724.338261
-151.788000	0.007744	725.253540
-151.736000	0.007755	726.171007
-151.684000	0.007766	727.094806
-151.632000	0.007777	728.020453
-151.580000	0.007788	728.952208
-151.528000	0.007799	729.885010
-151.476000	0.007810	730.824513
-151.424000	0.007821	731.764582
-151.372000	0.007833	732.712827
-151.320000	0.007844	733.661793
-151.268000	0.007855	734.618303
-151.216000	0.007866	735.576015
-151.164000	0.007877	736.539770
-151.112000	0.007888	737.505555
-151.060000	0.007900	738.477619
-151.008000	0.007911	739.452203
-150.956000	0.007922	740.432089
-150.904000	0.007933	741.415082
-150.852000	0.007945	742.402827
-150.800000	0.007956	743.394730
-150.748000	0.007967	744.391364
-150.696000	0.007979	745.392286
-150.644000	0.007990	746.396792
-150.592000	0.008002	747.406206
-150.540000	0.008013	748.418602
-150.488000	0.008025	749.437261
-150.436000	0.008036	750.458617
-150.384000	0.008048	751.486521
-150.332000	0.008059	752.516335
-150.280000	0.008071	753.553349
-150.228000	0.008082	754.591642
-150.176000	0.008094	755.637784
-150.124000	0.008105	756.684704
-150.072000	0.008117	757.740398
-150.020000	0.008129	758.797002
-149.968000	0.008140	759.861215
-149.916000	0.008152	760.927009
-149.864000	0.008164	761.999757
-149.812000	0.008176	763.074888
-149.760000	0.008187	764.156718
-149.708000	0.008199	765.241645
-149.656000	0.008211	766.332590
-149.604000	0.008223	767.427314
-149.552000	0.008235	768.527405
-149.500000	0.008247	769.631933
-149.448000	0.008258	770.741176
-149.396000	0.008270	771.855540
-149.344000	0.008282	772.973955
-149.292000	0.008294	774.098170
-149.240000	0.008306	775.225774
-149.188000	0.008318	776.360231
-149.136000	0.008330	777.497572
-149.084000	0.008343	778.642069
-149.032000	0.008355	779.788641
-148.980000	0.008367	780.943494
-148.928000	0.008379	782.099839
-148.876000	0.008391	783.264681
-148.824000	0.008403	784.430464
-148.772000	0.008415	785.605605
-148.720000	0.008428	786.781929
-148.668000	0.008440	787.966860
-148.616000	0.008452	789.153741
-148.564000	0.008465	790.348474
-148.512000	0.008477	791.545928
-148.460000	0.008489	792.750485
-148.408000	0.008502	793.958533
-148.356000	0.008514	795.172944
-148.304000	0.008526	796.391793
-148.252000	0.008539	797.616612
-148.200000	0.008551	798.846370
-148.148000	0.008564	800.081096
-148.096000	0.008576	801.321464
-148.044000	0.008589	802.566109
-147.992000	0.008602	803.817765
-147.940000	0.008614	805.073395
-147.888000	0.008627	806.336072
-147.836000	0.008639	807.601657
-147.784000	0.008652	808.875404
-147.732000	0.008665	810.151487
-147.680000	0.008678	811.436918
-147.628000	0.008690	812.724035
-147.576000	0.008703	814.020284
-147.524000	0.008716	815.317637
-147.472000	0.008729	816.625420
-147.420000	0.008742	817.934599
-147.368000	0.008754	819.252889
-147.316000	0.008767	820.573489
-147.264000	0.008780	821.902822
-147.212000	0.008793	823.235328
-147.160000	0.008806	824.575716
-147.108000	0.008819	825.919969
-147.056000	0.008832	827.270926
-147.004000	0.008845	828.626963
-146.952000	0.008858	829.989558
-146.900000	0.008871	831.357821
-146.848000	0.008885	832.731566
-146.796000	0.008898	834.111451
-146.744000	0.008911	835.495832
-146.692000	0.008924	836.887752
-146.640000	0.008937	838.283832
-146.588000	0.008951	839.688257
-146.536000	0.008964	841.096050
-146.484000	0.008977	842.512576
-146.432000	0.008991	843.931574
-146.380000	0.009004	845.360522
-146.328000	0.009017	846.791261
-146.276000	0.009031	848.232748
-146.224000	0.009044	849.675530
-146.172000	0.009058	851.129281
-146.120000	0.009071	852.584682
-146.068000	0.009085	854.050147
-146.016000	0.009098	855.518270
-145.964000	0.009112	856.995988
-145.912000	0.009125	858.477048
-145.860000	0.009139	859.965980
-145.808000	0.009153	861.459655
-145.756000	0.009166	862.961402
-145.704000	0.009180	864.468420
-145.652000	0.009194	865.981965
-145.600000	0.009208	867.501881
-145.548000	0.009221	869.027783
-145.496000	0.009235	870.560890
-145.444000	0.009249	872.099158
-145.392000	0.009263	873.645468
-145.340000	0.009277	875.196118
-145.288000	0.009291	876.755642
-145.236000	0.009305	878.318680
-145.184000	0.009319	879.891844
-145.132000	0.009333	881.467808
-145.080000	0.009347	883.054768
-145.028000	0.009361	884.643669
-144.976000	0.009375	886.243936
-144.924000	0.009389	887.845631
-144.872000	0.009403	889.459320
-144.820000	0.009418	891.074847
-144.768000	0.009432	892.700905
-144.716000	0.009446	894.330054
-144.664000	0.009460	895.970065
-144.612000	0.009475	897.613840
-144.560000	0.009489	899.266239
-144.508000	0.009503	900.923721
-144.456000	0.009518	902.589585
-144.404000	0.009532	904.261320
-144.352000	0.009547	905.940157
-144.300000	0.009561	907.626304
-144.248000	0.009576	909.319194
-144.196000	0.009590	911.019745
-144.144000	0.009605	912.725657
-144.092000	0.009619	914.440432
-144.040000	0.009634	916.159893
-143.988000	0.009649	917.889121
-143.936000	0.009663	919.622143
-143.884000	0.009678	921.366254
-143.832000	0.009693	923.113368
-143.780000	0.009707	924.872052
-143.728000	0.009722	926.632745
-143.676000	0.009737	928.406906
-143.624000	0.009752	930.182647
-143.572000	0.009767	931.970379
-143.520000	0.009782	933.760299
-143.468000	0.009797	935.562597
-143.416000	0.009812	937.368114
-143.364000	0.009827	939.184464
-143.312000	0.009842	941.005263
-143.260000	0.009857	942.836193
-143.208000	0.009872	944.672524
-143.156000	0.009887	946.517541
-143.104000	0.009902	948.369012
-143.052000	0.009917	950.228146
-143.000000	0.009933	952.094994
-142.948000	0.009948	953.968807
-142.896000	0.009963	955.851613
-142.844000	0.009979	957.740636
-142.792000	0.009994	959.638985
-142.740000	0.010009	961.542174
-142.688000	0.010025	963.456391
-142.636000	0.010040	965.374804
-142.584000	0.010056	967.304836
-142.532000	0.010071	969.237955
-142.480000	0.010087	971.184131
-142.428000	0.010102	973.132485
-142.376000	0.010118	975.094909
-142.324000	0.010134	977.059056
-142.272000	0.010149	979.037181
-142.220000	0.010165	981.017663
-142.168000	0.010181	983.010956
-142.116000	0.010197	985.007782
-142.064000	0.010212	987.016248
-142.012000	0.010228	989.029564
-141.960000	0.010244	991.053729
-141.908000	0.010260	993.083961
-141.856000	0.010276	995.123851
-141.804000	0.010292	997.170764
-141.752000	0.010308	999.225892
-141.700000	0.010324	1001.289381
-141.648000	0.010340	1003.360308
-141.596000	0.010356	1005.440948
-141.544000	0.010372	1007.528198
-141.492000	0.010388	1009.625912
-141.440000	0.010405	1011.728971
-141.388000	0.010421	1013.843925
-141.336000	0.010437	1015.963313
-141.284000	0.010453	1018.095267
-141.232000	0.010470	1020.230475
-141.180000	0.010486	1022.380222
-141.128000	0.010503	1024.532293
-141.076000	0.010519	1026.699024
-141.024000	0.010535	1028.867597
-140.972000	0.010552	1031.051614
-140.920000	0.010569	1033.238210
-140.868000	0.010585	1035.438491
-140.816000	0.010602	1037.642714
-140.764000	0.010618	1039.859788
-140.712000	0.010635	1042.082104
-140.660000	0.010652	1044.315975
-140.608000	0.010669	1046.556386
-140.556000	0.010685	1048.807074
-140.504000	0.010702	1051.065787
-140.452000	0.010719	1053.333855
-140.400000	0.010736	1055.610649
-140.348000	0.010753	1057.895085
-140.296000	0.010770	1060.190250
-140.244000	0.010787	1062.492624
-140.192000	0.010804	1064.806245
-140.140000	0.010821	1067.125518
-140.088000	0.010838	1069.457547
-140.036000	0.010855	1071.794238
-139.984000	0.010872	1074.145282
-139.932000	0.010890	1076.499924
-139.880000	0.010907	1078.869655
-139.828000	0.010924	1081.241721
-139.776000	0.010941	1083.630042
-139.724000	0.010959	1086.020352
-139.672000	0.010976	1088.427549
-139.620000	0.010994	1090.837542
-139.568000	0.011011	1093.262081
-139.516000	0.011029	1095.690968
-139.464000	0.011046	1098.133896
-139.412000	0.011064	1100.582449
-139.360000	0.011081	1103.043252
-139.308000	0.011099	1105.511058
-139.256000	0.011117	1107.989749
-139.204000	0.011135	1110.477241
-139.152000	0.011152	1112.974909
-139.100000	0.011170	1115.482187
-139.048000	0.011188	1117.997818
-138.996000	0.011206	1120.524880
-138.944000	0.011224	1123.059521
-138.892000	0.011242	1125.606530
-138.840000	0.011260	1128.159656
-138.788000	0.011278	1130.726786
-138.736000	0.011296	1133.298924
-138.684000	0.011314	1135.888067
-138.632000	0.011332	1138.481311
-138.580000	0.011350	1141.085028
-138.528000	0.011369	1143.690485
-138.476000	0.011387	1146.321953
-138.424000	0.011405	1148.955600
-138.372000	0.011424	1151.604573
-138.320000	0.011442	1154.256353
-138.268000	0.011460	1156.922160
-138.216000	0.011479	1159.593153
-138.164000	0.011497	1162.281025
-138.112000	0.011516	1164.974305
-138.060000	0.011535	1167.679011
-138.008000	0.011553	1170.392310
-137.956000	0.011572	1173.119099
-137.904000	0.011591	1175.853860
-137.852000	0.011609	1178.597545
-137.800000	0.011628	1181.353070
-137.748000	0.011647	1184.118910
-137.696000	0.011666	1186.895017
-137.644000	0.011685	1189.677779
-137.592000	0.011704	1192.478934
-137.540000	0.011723	1195.289079
-137.488000	0.011742	1198.107833
-137.436000	0.011761	1200.929673
-137.384000	0.011780	1203.773765
-137.332000	0.011799	1206.622984
-137.280000	0.011818	1209.486964
-137.228000	0.011838	1212.353106
-137.176000	0.011857	1215.240245
-137.124000	0.011876	1218.129410
-137.072000	0.011896	1221.033834
-137.020000	0.011915	1223.942522
-136.968000	0.011934	1226.874235
-136.916000	0.011954	1229.810122
-136.864000	0.011973	1232.758667
-136.812000	0.011993	1235.714189
-136.760000	0.012013	1238.684793
-136.708000	0.012032	1241.664075
-136.656000	0.012052	1244.656757
-136.604000	0.012072	1247.657473
-136.552000	0.012092	1250.667047
-136.500000	0.012111	1253.691254
-136.448000	0.012131	1256.728204
-136.396000	0.012151	1259.775478
-136.344000	0.012171	1262.829341
-136.292000	0.012191	1265.901696
-136.240000	0.012211	1268.982933
-136.188000	0.012231	1272.076739
-136.136000	0.012252	1275.174888
-136.084000	0.012272	1278.291058
-136.032000	0.012292	1281.411345
-135.980000	0.012312	1284.555915
-135.928000	0.012333	1287.703567
-135.876000	0.012353	1290.867159
-135.824000	0.012373	1294.032971
-135.772000	0.012394	1297.218883
-135.720000	0.012414	1300.409161
-135.668000	0.012435	1303.622349
-135.616000	0.012456	1306.839768
-135.564000	0.012476	1310.069771
-135.512000	0.012497	1313.308351
-135.460000	0.012518	1316.565629
-135.408000	0.012538	1319.829728
-135.356000	0.012559	1323.103833
-135.304000	0.012580	1326.390690
-135.252000	0.012601	1329.692134
-135.200000	0.012622	1333.005560
-135.148000	0.012643	1336.329127
-135.096000	0.012664	1339.669343
-135.044000	0.012685	1343.020260
-134.992000	0.012706	1346.382671
-134.940000	0.012727	1349.750480
-134.888000	0.012749	1353.138803
-134.836000	0.012770	1356.533961
-134.784000	0.012791	1359.947210
-134.732000	0.012813	1363.364482
-134.680000	0.012834	1366.806130
-134.628000	0.012856	1370.250742
-134.576000	0.012877	1373.711345
-134.524000	0.012899	1377.174849
-134.472000	0.012920	1380.668141
-134.420000	0.012942	1384.164418
-134.368000	0.012964	1387.674500
-134.316000	0.012986	1391.191148
-134.264000	0.013007	1394.728481
-134.212000	0.013029	1398.272935
-134.160000	0.013051	1401.832289
-134.108000	0.013073	1405.402408
-134.056000	0.013095	1408.989020
-134.004000	0.013117	1412.588468
-133.952000	0.013139	1416.202391
-133.900000	0.013161	1419.828352
-133.848000	0.013184	1423.464367
-133.796000	0.013206	1427.113952
-133.744000	0.013228	1430.772059
-133.692000	0.013251	1434.448831
-133.640000	0.013273	1438.134255
-133.588000	0.013296	1441.840277
-133.536000	0.013318	1445.553018
-133.484000	0.013341	1449.283915
-133.432000	0.013363	1453.018736
-133.380000	0.013386	1456.778024
-133.328000	0.013409	1460.540155
-133.276000	0.013431	1464.323504
-133.224000	0.013454	1468.109850
-133.172000	0.013477	1471.925837
-133.120000	0.013500	1475.745616
-133.068000	0.013523	1479.583591
-133.016000	0.013546	1483.427054
-132.964000	0.013569	1487.287016
-132.912000	0.013592	1491.157299
-132.860000	0.013615	1495.049706
-132.808000	0.013639	1498.950986
-132.756000	0.013662	1502.865388
-132.704000	0.013685	1506.795083
-132.652000	0.013709	1510.741993
-132.600000	0.013732	1514.700993
-132.548000	0.013756	1518.669958
-132.496000	0.013779	1522.655728
-132.444000	0.013803	1526.651974
-132.392000	0.013827	1530.666962
-132.340000	0.013850	1534.690488
-132.288000	0.013874	1538.734691
-132.236000	0.013898	1542.785491
-132.184000	0.013922	1546.854511
-132.132000	0.013946	1550.927355
-132.080000	0.013970	1555.029547
-132.028000	0.013994	1559.134885
-131.976000	0.014018	1563.266713
-131.924000	0.014042	1567.401208
-131.872000	0.014066	1571.560349
-131.820000	0.014091	1575.724127
-131.768000	0.014115	1579.910443
-131.716000	0.014139	1584.103495
-131.664000	0.014164	1588.316989
-131.612000	0.014188	1592.540905
-131.560000	0.014213	1596.786806
-131.508000	0.014237	1601.041632
-131.456000	0.014262	1605.309488
-131.404000	0.014287	1609.592731
-131.352000	0.014312	1613.893055
-131.300000	0.014336	1618.208318
-131.248000	0.014361	1622.535883
-131.196000	0.014386	1626.880325
-131.144000	0.014411	1631.235128
-131.092000	0.014436	1635.612355
-131.040000	0.014461	1639.999621
-130.988000	0.014487	1644.407642
-130.936000	0.014512	1648.822140
-130.884000	0.014537	1653.259331
-130.832000	0.014563	1657.701055
-130.780000	0.014588	1662.167412
-130.728000	0.014613	1666.636358
-130.676000	0.014639	1671.137103
-130.624000	0.014665	1675.640897
-130.572000	0.014690	1680.174037
-130.520000	0.014716	1684.711093
-130.468000	0.014742	1689.266139
-130.416000	0.014768	1693.830415
-130.364000	0.014794	1698.423054
-130.312000	0.014819	1703.024599
-130.260000	0.014846	1707.644371
-130.208000	0.014872	1712.275134
-130.156000	0.014898	1716.922047
-130.104000	0.014924	1721.584437
-130.052000	0.014950	1726.263772
-130.000000	0.014977	1730.960936
-129.948000	0.015003	1735.672697
-129.896000	0.015029	1740.401403
-129.844000	0.015056	1745.140354
-129.792000	0.015082	1749.901824
-129.740000	0.015109	1754.673190
-129.688000	0.015136	1759.465387
-129.636000	0.015163	1764.263938
-129.584000	0.015189	1769.094138
-129.532000	0.015216	1773.930324
-129.480000	0.015243	1778.791226
-129.428000	0.015270	1783.654695
-129.376000	0.015297	1788.549855
-129.324000	0.015325	1793.447726
-129.272000	0.015352	1798.369980
-129.220000	0.015379	1803.298687
-129.168000	0.015406	1808.258492
-129.116000	0.015434	1813.225187
-129.064000	0.015461	1818.212079
-129.012000	0.015489	1823.211219
-128.960000	0.015516	1828.235658
-128.908000	0.015544	1833.271158
-128.856000	0.015572	1838.322692
-128.804000	0.015599	1843.389793
-128.752000	0.015627	1848.473705
-128.700000	0.015655	1853.575530
-128.648000	0.015683	1858.691814
-128.596000	0.015711	1863.831611
-128.544000	0.015740	1868.985496
-128.492000	0.015768	1874.158340
-128.440000	0.015796	1879.339362
-128.388000	0.015824	1884.545344
-128.336000	0.015853	1889.758728
-128.284000	0.015881	1895.003886
-128.232000	0.015910	1900.254859
-128.180000	0.015938	1905.530626
-128.128000	0.015967	1910.808998
-128.076000	0.015996	1916.124095
-128.024000	0.016025	1921.442430
-127.972000	0.016053	1926.789805
-127.920000	0.016082	1932.142908
-127.868000	0.016111	1937.522559
-127.816000	0.016141	1942.910428
-127.764000	0.016170	1948.322347
-127.712000	0.016199	1953.746629
-127.660000	0.016228	1959.196052
-127.608000	0.016258	1964.658661
-127.556000	0.016287	1970.140361
-127.504000	0.016317	1975.640169
-127.452000	0.016346	1981.159423
-127.400000	0.016376	1986.693809
-127.348000	0.016405	1992.240159
-127.296000	0.016435	1997.810131
-127.244000	0.016465	2003.394030
-127.192000	0.016495	2009.004307
-127.140000	0.016525	2014.625750
-127.088000	0.016555	2020.272247
-127.036000	0.016585	2025.925998
-126.984000	0.016616	2031.611644
-126.932000	0.016646	2037.302934
-126.880000	0.016676	2043.023988
-126.828000	0.016707	2048.747949
-126.776000	0.016737	2054.503291
-126.724000	0.016768	2060.262904
-126.672000	0.016799	2066.060935
-126.620000	0.016829	2071.863925
-126.568000	0.016860	2077.688949
-126.516000	0.016891	2083.524836
-126.464000	0.016922	2089.392545
-126.412000	0.016953	2095.271055
-126.360000	0.016984	2101.170989
-126.308000	0.017015	2107.086280
-126.256000	0.017047	2113.023675
-126.204000	0.017078	2118.976797
-126.152000	0.017110	2124.946466
-126.100000	0.017141	2130.937108
-126.048000	0.017173	2136.944281
-125.996000	0.017204	2142.975185
-125.944000	0.017236	2149.019853
-125.892000	0.017268	2155.091014
-125.840000	0.017300	2161.173178
-125.788000	0.017332	2167.284594
-125.736000	0.017364	2173.404244
-125.684000	0.017396	2179.555911
-125.632000	0.017428	2185.713050
-125.580000	0.017461	2191.900053
-125.528000	0.017493	2198.090023
-125.476000	0.017525	2204.316366
-125.424000	0.017558	2210.547127
-125.372000	0.017591	2216.816114
-125.320000	0.017623	2223.091029
-125.268000	0.017656	2229.392192
-125.216000	0.017689	2235.703062
-125.164000	0.017722	2242.041631
-125.112000	0.017755	2248.394491
-125.060000	0.017788	2254.775693
-125.008000	0.017821	2261.170261
-124.956000	0.017854	2267.583652
-124.904000	0.017888	2274.017867
-124.852000	0.017921	2280.473944
-124.800000	0.017955	2286.948188
-124.748000	0.017988	2293.436483
-124.696000	0.018022	2299.951937
-124.644000	0.018056	2306.482912
-124.592000	0.018090	2313.040492
-124.540000	0.018124	2319.608907
-124.488000	0.018158	2326.206693
-124.436000	0.018192	2332.812547
-124.384000	0.018226	2339.455064
-124.332000	0.018260	2346.103582
-124.280000	0.018295	2352.782069
-124.228000	0.018329	2359.463626
-124.176000	0.018364	2366.186507
-124.124000	0.018398	2372.913445
-124.072000	0.018433	2379.673689
-124.020000	0.018468	2386.441788
-123.968000	0.018503	2393.244626
-123.916000	0.018538	2400.057290
-123.864000	0.018573	2406.897485
-123.812000	0.018608	2413.750387
-123.760000	0.018643	2420.627942
-123.708000	0.018679	2427.523201
-123.656000	0.018714	2434.443355
-123.604000	0.018749	2441.381931
-123.552000	0.018785	2448.339493
-123.500000	0.018821	2455.318242
-123.448000	0.018857	2462.313203
-123.396000	0.018892	2469.335456
-123.344000	0.018928	2476.373045
-123.292000	0.018964	2483.441096
-123.240000	0.019001	2490.521308
-123.188000	0.019037	2497.631008
-123.136000	0.019073	2504.748606
-123.084000	0.019110	2511.903012
-123.032000	0.019146	2519.063226
-122.980000	0.019183	2526.258468
-122.928000	0.019219	2533.457078
-122.876000	0.019256	2540.696813
-122.824000	0.019293	2547.940732
-122.772000	0.019330	2555.217787
-122.720000	0.019367	2562.502841
-122.668000	0.019404	2569.822440
-122.616000	0.019442	2577.153322
-122.564000	0.019479	2584.515464
-122.512000	0.019517	2591.892172
-122.460000	0.019554	2599.296857
-122.408000	0.019592	2606.717235
-122.356000	0.019630	2614.159251
-122.304000	0.019667	2621.622344
-122.252000	0.019705	2629.106944
-122.200000	0.019743	2636.612842
-122.148000	0.019781	2644.134796
-122.096000	0.019820	2651.687533
-122.044000	0.019858	2659.257293
-121.992000	0.019896	2666.853892
-121.940000	0.019935	2674.460998
-121.888000	0.019974	2682.101881
-121.836000	0.020012	2689.751558
-121.784000	0.020051	2697.438187
-121.732000	0.020090	2705.130429
-121.680000	0.020129	2712.862804
-121.628000	0.020168	2720.598802
-121.576000	0.020208	2728.375724
-121.524000	0.020247	2736.156955
-121.472000	0.020286	2743.971156
-121.420000	0.020326	2751.794457
-121.368000	0.020366	2759.656388
-121.316000	0.020405	2767.528382
-121.264000	0.020445	2775.427580
-121.212000	0.020485	2783.343248
-121.160000	0.020525	2791.290180
-121.108000	0.020565	2799.252917
-121.056000	0.020606	2807.237132
-121.004000	0.020646	2815.242555
-120.952000	0.020687	2823.269308
-120.900000	0.020727	2831.323424
-120.848000	0.020768	2839.397944
-120.796000	0.020809	2847.496647
-120.744000	0.020850	2855.608470
-120.692000	0.020891	2863.754818
-120.640000	0.020932	2871.914398
-120.588000	0.020973	2880.103710
-120.536000	0.021014	2888.300586
-120.484000	0.021056	2896.539152
-120.432000	0.021097	2904.783777
-120.380000	0.021139	2913.068682
-120.328000	0.021181	2921.357189
-120.276000	0.021223	2929.686429
-120.224000	0.021265	2938.020682
-120.172000	0.021307	2946.392383
-120.120000	0.021349	2954.772376
-120.068000	0.021391	2963.186536
-120.016000	0.021434	2971.612264
-119.964000	0.021476	2980.068883
-119.912000	0.021519	2988.540346
-119.860000	0.021562	2997.039425
-119.808000	0.021605	3005.558803
-119.756000	0.021648	3014.105584
-119.704000	0.021691	3022.673705
-119.652000	0.021734	3031.262982
-119.600000	0.021777	3039.873780
-119.548000	0.021821	3048.500317
-119.496000	0.021864	3057.161359
-119.444000	0.021908	3065.840841
-119.392000	0.021952	3074.547402
-119.340000	0.021996	3083.264140
-119.288000	0.022040	3092.019154
-119.236000	0.022084	3100.783604
-119.184000	0.022128	3109.580687
-119.132000	0.022173	3118.382383
-119.080000	0.022217	3127.229529
-119.028000	0.022262	3136.080659
-118.976000	0.022307	3144.977362
-118.924000	0.022352	3153.878631
-118.872000	0.022397	3162.812531
-118.820000	0.022442	3171.755869
-118.768000	0.022487	3180.737416
-118.716000	0.022532	3189.730676
-118.664000	0.022578	3198.754639
-118.612000	0.022623	3207.795397
-118.560000	0.022669	3216.867008
-118.508000	0.022715	3225.954656
-118.456000	0.022761	3235.063473
-118.404000	0.022807	3244.196381
-118.352000	0.022853	3253.352882
-118.300000	0.022900	3262.537060
-118.248000	0.022946	3271.741238
-118.196000	0.022993	3280.969834
-118.144000	0.023040	3290.211227
-118.092000	0.023086	3299.487474
-118.040000	0.023133	3308.776537
-117.988000	0.023181	3318.099813
-117.936000	0.023228	3327.431317
-117.884000	0.023275	3336.804855
-117.832000	0.023323	3346.184025
-117.780000	0.023370	3355.598736
-117.728000	0.023418	3365.017031
-117.676000	0.023466	3374.480689
-117.624000	0.023514	3383.950279
-117.572000	0.023562	3393.461550
-117.520000	0.023610	3402.980386
-117.468000	0.023659	3412.528810
-117.416000	0.023707	3422.090518
-117.364000	0.023756	3431.686550
-117.312000	0.023805	3441.297711
-117.260000	0.023854	3450.936124
-117.208000	0.023903	3460.595159
-117.156000	0.023952	3470.281200
-117.104000	0.024001	3479.988851
-117.052000	0.024051	3489.717303
-117.000000	0.024101	3499.470552
-116.948000	0.024150	3509.241412
-116.896000	0.024200	3519.040256
-116.844000	0.024250	3528.853519
-116.792000	0.024300	3538.701807
-116.740000	0.024351	3548.562704
-116.688000	0.024401	3558.453708
-116.636000	0.024452	3568.351774
-116.584000	0.024502	3578.292047
-116.532000	0.024553	3588.237737
-116.480000	0.024604	3598.229227
-116.428000	0.024656	3608.224190
-116.376000	0.024707	3618.254315
-116.324000	0.024758	3628.290547
-116.272000	0.024810	3638.368246
-116.220000	0.024862	3648.454682
-116.168000	0.024913	3658.574728
-116.116000	0.024965	3668.706780
-116.064000	0.025018	3678.869172
-116.012000	0.025070	3689.048688
-115.960000	0.025122	3699.258652
-115.908000	0.025175	3709.484890
-115.856000	0.025228	3719.731988
-115.804000	0.025281	3730.003493
-115.752000	0.025334	3740.298191
-115.700000	0.025387	3750.617828
-115.648000	0.025440	3760.954898
-115.596000	0.025494	3771.320097
-115.544000	0.025547	3781.699534
-115.492000	0.025601	3792.110290
-115.440000	0.025655	3802.532091
-115.388000	0.025709	3812.988404
-115.336000	0.025763	3823.452568
-115.284000	0.025818	3833.954432
-115.232000	0.025872	3844.460951
-115.180000	0.025927	3855.008366
-115.128000	0.025982	3865.559304
-115.076000	0.026037	3876.150206
-115.024000	0.026092	3886.746728
-114.972000	0.026147	3897.379939
-114.920000	0.026203	3908.023104
-114.868000	0.026258	3918.703859
-114.816000	0.026314	3929.395299
-114.764000	0.026370	3940.113133
-114.712000	0.026426	3950.846386
-114.660000	0.026482	3961.606531
-114.608000	0.026539	3972.385350
-114.556000	0.026595	3983.187824
-114.504000	0.026652	3994.012187
-114.452000	0.026709	4004.856997
-114.400000	0.026766	4015.723806
-114.348000	0.026823	4026.605724
-114.296000	0.026881	4037.519405
-114.244000	0.026938	4048.448881
-114.192000	0.026996	4059.405933
-114.140000	0.027054	4070.372508
-114.088000	0.027112	4081.373745
-114.036000	0.027170	4092.382646
-113.984000	0.027228	4103.429403
-113.932000	0.027287	4114.480627
-113.880000	0.027346	4125.567799
-113.828000	0.027405	4136.658351
-113.776000	0.027464	4147.788676
-113.724000	0.027523	4158.924775
-113.672000	0.027582	4170.097381
-113.620000	0.027642	4181.277938
-113.568000	0.027701	4192.487593
-113.516000	0.027761	4203.709552
-113.464000	0.027821	4214.961484
-113.412000	0.027882	4226.227087
-113.360000	0.027942	4237.516069
-113.308000	0.028003	4248.823871
-113.256000	0.028063	4260.155149
-113.204000	0.028124	4271.505758
-113.152000	0.028186	4282.874111
-113.100000	0.028247	4294.267691
-113.048000	0.028308	4305.678345
-112.996000	0.028370	4317.113911
-112.944000	0.028432	4328.561633
-112.892000	0.028494	4340.037059
-112.840000	0.028556	4351.521848
-112.788000	0.028618	4363.037130
-112.736000	0.028681	4374.558979
-112.684000	0.028744	4386.118841
-112.632000	0.028807	4397.682983
-112.580000	0.028870	4409.283204
-112.528000	0.028933	4420.886510
-112.476000	0.028997	4432.524473
-112.424000	0.029060	4444.167662
-112.372000	0.029124	4455.842647
-112.320000	0.029188	4467.525716
-112.268000	0.029252	4479.237721
-112.216000	0.029317	4490.959154
-112.164000	0.029381	4502.702944
-112.112000	0.029446	4514.462450
-112.060000	0.029511	4526.248493
-112.008000	0.029576	4538.051181
-111.956000	0.029642	4549.874258
-111.904000	0.029707	4561.714065
-111.852000	0.029773	4573.568955
-111.800000	0.029839	4585.446093
-111.748000	0.029905	4597.338024
-111.696000	0.029971	4609.254993
-111.644000	0.030038	4621.183959
-111.592000	0.030105	4633.140760
-111.540000	0.030172	4645.106764
-111.488000	0.030239	4657.099053
-111.436000	0.030306	4669.096856
-111.384000	0.030374	4681.123339
-111.332000	0.030441	4693.152943
-111.280000	0.030509	4705.218763
-111.228000	0.030577	4717.287330
-111.176000	0.030646	4729.385483
-111.124000	0.030714	4741.488996
-111.072000	0.030783	4753.624142
-111.020000	0.030852	4765.766374
-110.968000	0.030921	4777.933282
-110.916000	0.030990	4790.109728
-110.864000	0.031060	4802.308394
-110.812000	0.031130	4814.519048
-110.760000	0.031200	4826.749477
-110.708000	0.031270	4838.994336
-110.656000	0.031340	4851.256545
-110.604000	0.031411	4863.535587
-110.552000	0.031482	4875.829580
-110.500000	0.031553	4888.142795
-110.448000	0.031624	4900.468566
-110.396000	0.031696	4912.812397
-110.344000	0.031767	4925.164715
-110.292000	0.031839	4937.544999
-110.240000	0.031911	4949.934323
-110.188000	0.031984	4962.345685
-110.136000	0.032056	4974.761553
-110.084000	0.032129	4987.206215
-110.032000	0.032202	4999.653855
-109.980000	0.032275	5012.127509
-109.928000	0.032349	5024.603410
-109.876000	0.032422	5037.103870
-109.824000	0.032496	5049.609077
-109.772000	0.032570	5062.141272
-109.720000	0.032645	5074.679512
-109.668000	0.032719	5087.238210
-109.616000	0.032794	5099.806557
-109.564000	0.032869	5112.396993
-109.512000	0.032944	5124.995603
-109.460000	0.033020	5137.607314
-109.408000	0.033095	5150.233561
-109.356000	0.033171	5162.877023
-109.304000	0.033247	5175.531886
-109.252000	0.033324	5188.196645
-109.200000	0.033400	5200.877562
-109.148000	0.033477	5213.568842
-109.096000	0.033554	5226.278272
-109.044000	0.033632	5238.996074
-108.992000	0.033709	5251.734015
-108.940000	0.033787	5264.478334
-108.888000	0.033865	5277.240400
-108.836000	0.033944	5290.006007
-108.784000	0.034022	5302.790946
-108.732000	0.034101	5315.577836
-108.680000	0.034180	5328.390840
-108.628000	0.034259	5341.206077
-108.576000	0.034339	5354.045750
-108.524000	0.034418	5366.887974
-108.472000	0.034498	5379.743671
-108.420000	0.034579	5392.604331
-108.368000	0.034659	5405.481278
-108.316000	0.034740	5418.366406
-108.264000	0.034821	5431.269831
-108.212000	0.034902	5444.179515
-108.160000	0.034984	5457.098964
-108.108000	0.035065	5470.028285
-108.056000	0.035147	5482.969002
-108.004000	0.035230	5495.921182
-107.952000	0.035312	5508.883167
-107.900000	0.035395	5521.855011
-107.848000	0.035478	5534.833036
-107.796000	0.035561	5547.825699
-107.744000	0.035645	5560.824988
-107.692000	0.035729	5573.836504
-107.640000	0.035813	5586.851828
-107.588000	0.035897	5599.884966
-107.536000	0.035982	5612.921548
-107.484000	0.036067	5625.967916
-107.432000	0.036152	5639.015300
-107.380000	0.036237	5652.083679
-107.328000	0.036323	5665.153099
-107.276000	0.036409	5678.232309
-107.224000	0.036495	5691.314121
-107.172000	0.036582	5704.409332
-107.120000	0.036669	5717.508380
-107.068000	0.036756	5730.619589
-107.016000	0.036843	5743.735869
-106.964000	0.036930	5756.863078
-106.912000	0.037018	5769.994584
-106.860000	0.037107	5783.132559
-106.808000	0.037195	5796.275655
-106.756000	0.037284	5809.424417
-106.704000	0.037373	5822.581897
-106.652000	0.037462	5835.746674
-106.600000	0.037551	5848.918138
-106.548000	0.037641	5862.093699
-106.496000	0.037732	5875.273110
-106.444000	0.037822	5888.454225
-106.392000	0.037913	5901.647613
-106.340000	0.038004	5914.844734
-106.288000	0.038095	5928.046462
-106.236000	0.038187	5941.249135
-106.184000	0.038278	5954.461622
-106.132000	0.038371	5967.675083
-106.080000	0.038463	5980.899117
-106.028000	0.038556	5994.123749
-105.976000	0.038649	6007.353302
-105.924000	0.038742	6020.583881
-105.872000	0.038836	6033.818952
-105.820000	0.038930	6047.055475
-105.768000	0.039024	6060.296063
-105.716000	0.039119	6073.540150
-105.664000	0.039214	6086.791485
-105.612000	0.039309	6100.043092
-105.560000	0.039404	6113.294718
-105.508000	0.039500	6126.549058
-105.456000	0.039596	6139.806216
-105.404000	0.039693	6153.066470
-105.352000	0.039790	6166.329164
-105.300000	0.039887	6179.592092
-105.248000	0.039984	6192.855085
-105.196000	0.040082	6206.118291
-105.144000	0.040180	6219.381588
-105.092000	0.040278	6232.649115
-105.040000	0.040377	6245.917936
-104.988000	0.040476	6259.186921
-104.936000	0.040575	6272.456039
-104.884000	0.040675	6285.720445
-104.832000	0.040774	6298.984659
-104.780000	0.040875	6312.254188
-104.728000	0.040975	6325.523462
-104.676000	0.041076	6338.788034
-104.624000	0.041178	6352.052805
-104.572000	0.041279	6365.317643
-104.520000	0.041381	6378.582700
-104.468000	0.041483	6391.847806
-104.416000	0.041586	6405.109862
-104.364000	0.041689	6418.364777
-104.312000	0.041792	6431.619946
-104.260000	0.041896	6444.875129
-104.208000	0.042000	6458.128127
-104.156000	0.042104	6471.378365
-104.104000	0.042209	6484.625989
-104.052000	0.042314	6497.871278
-104.000000	0.042419	6511.110268
-103.948000	0.042525	6524.345383
-103.896000	0.042631	6537.577027
-103.844000	0.042737	6550.807189
-103.792000	0.042844	6564.033458
-103.740000	0.042951	6577.258670
-103.688000	0.043059	6590.475088
-103.636000	0.043166	6603.690115
-103.584000	0.043275	6616.895518
-103.532000	0.043383	6630.100258
-103.480000	0.043492	6643.294748
-103.428000	0.043601	6656.488497
-103.376000	0.043711	6669.672777
-103.324000	0.043821	6682.855527
-103.272000	0.043931	6696.029598
-103.220000	0.044042	6709.200089
-103.168000	0.044153	6722.358720
-103.116000	0.044265	6735.514244
-103.064000	0.044377	6748.662665
-103.012000	0.044489	6761.805116
-102.960000	0.044601	6774.938098
-102.908000	0.044715	6788.066379
-102.856000	0.044828	6801.189167
-102.804000	0.044942	6814.300668
-102.752000	0.045056	6827.402799
-102.700000	0.045170	6840.495289
-102.648000	0.045285	6853.581995
-102.596000	0.045401	6866.661511
-102.544000	0.045516	6879.738015
-102.492000	0.045633	6892.794232
-102.440000	0.045749	6905.844845
-102.388000	0.045866	6918.886611
-102.336000	0.045983	6931.927023
-102.284000	0.046101	6944.943067
-102.232000	0.046219	6957.957372
-102.180000	0.046337	6970.956298
-102.128000	0.046456	6983.953478
-102.076000	0.046576	6996.931720
-102.024000	0.046695	7009.906619
-101.972000	0.046816	7022.864175
-101.920000	0.046936	7035.815507
-101.868000	0.047057	7048.747145
-101.816000	0.047178	7061.672244
-101.764000	0.047300	7074.583196
-101.712000	0.047422	7087.486006
-101.660000	0.047545	7100.376272
-101.608000	0.047668	7113.251796
-101.556000	0.047792	7126.110929
-101.504000	0.047915	7138.961573
-101.452000	0.048040	7151.805263
-101.400000	0.048165	7164.629323
-101.348000	0.048290	7177.441879
-101.296000	0.048415	7190.236067
-101.244000	0.048541	7203.022716
-101.192000	0.048668	7215.784847
-101.140000	0.048795	7228.540359
-101.088000	0.048922	7241.277938
-101.036000	0.049050	7254.012770
-100.984000	0.049178	7266.718194
-100.932000	0.049307	7279.421324
-100.880000	0.049436	7292.093726
-100.828000	0.049566	7304.763292
-100.776000	0.049696	7317.404531
-100.724000	0.049826	7330.040529
-100.672000	0.049957	7342.650605
-100.620000	0.050089	7355.254337
-100.568000	0.050221	7367.838482
-100.516000	0.050353	7380.410860
-100.464000	0.050486	7392.958612
-100.412000	0.050619	7405.491782
-100.360000	0.050753	7418.003147
-100.308000	0.050887	7430.499622
-100.256000	0.051022	7442.979837
-100.204000	0.051157	7455.442718
-100.152000	0.051293	7467.891782
-100.100000	0.051429	7480.314419
-100.048000	0.051566	7492.721871
-99.996000	0.051703	7505.107105
-99.944000	0.051840	7517.483405
-99.892000	0.051978	7529.826778
-99.840000	0.052117	7542.161464
-99.788000	0.052256	7554.469046
-99.736000	0.052396	7566.772575
-99.684000	0.052536	7579.036676
-99.632000	0.052676	7591.297667
-99.580000	0.052817	7603.517822
-99.528000	0.052959	7615.734483
-99.476000	0.053101	7627.918233
-99.424000	0.053243	7640.094755
-99.372000	0.053387	7652.236955
-99.320000	0.053530	7664.370110
-99.268000	0.053674	7676.475975
-99.216000	0.053819	7688.566447
-99.164000	0.053964	7700.625446
-99.112000	0.054109	7712.667561
-99.060000	0.054256	7724.684927
-99.008000	0.054402	7736.682180
-98.956000	0.054550	7748.657924
-98.904000	0.054697	7760.607360
-98.852000	0.054846	7772.536245
-98.800000	0.054995	7784.438519
-98.748000	0.055144	7796.325780
-98.696000	0.055294	7808.179426
-98.644000	0.055445	7820.019827
-98.592000	0.055595	7831.822962
-98.540000	0.055747	7843.616506
-98.488000	0.055899	7855.373687
-98.436000	0.056052	7867.125597
-98.384000	0.056205	7878.827974
-98.332000	0.056359	7890.526564
-98.280000	0.056513	7902.179393
-98.228000	0.056668	7913.827484
-98.176000	0.056824	7925.433430
-98.124000	0.056980	7937.031019
-98.072000	0.057136	7948.590087
-98.020000	0.057293	7960.135828
-97.968000	0.057451	7971.642783
-97.916000	0.057609	7983.132384
-97.864000	0.057768	7994.587230
-97.812000	0.057928	8006.020693
-97.760000	0.058088	8017.423435
-97.708000	0.058249	8028.803314
-97.656000	0.058410	8040.159185
-97.604000	0.058572	8051.485576
-97.552000	0.058734	8062.789347
-97.500000	0.058897	8074.056214
-97.448000	0.059061	8085.302655
-97.396000	0.059225	8096.511502
-97.344000	0.059390	8107.705838
-97.292000	0.059556	8118.858528
-97.240000	0.059722	8130.000764
-97.188000	0.059888	8141.092713
-97.136000	0.060056	8152.177613
-97.084000	0.060224	8163.212752
-97.032000	0.060393	8174.243801
-96.980000	0.060562	8185.219137
-96.928000	0.060732	8196.188969
-96.876000	0.060902	8207.112183
-96.824000	0.061073	8218.023934
-96.772000	0.061245	8228.884563
-96.720000	0.061418	8239.731636
-96.668000	0.061591	8250.540142
-96.616000	0.061764	8261.327516
-96.564000	0.061939	8272.073440
-96.512000	0.062114	8282.797751
-96.460000	0.062289	8293.491554
-96.408000	0.062466	8304.154538
-96.356000	0.062643	8314.785770
-96.304000	0.062820	8325.381320
-96.252000	0.062999	8335.949980
-96.200000	0.063178	8346.481483
-96.148000	0.063358	8356.992796
-96.096000	0.063538	8367.462495
-96.044000	0.063719	8377.916464
-95.992000	0.063901	8388.320159
-95.940000	0.064083	8398.711549
-95.888000	0.064266	8409.047805
-95.836000	0.064450	8419.376619
-95.784000	0.064635	8429.645436
-95.732000	0.064820	8439.909688
-95.680000	0.065006	8450.118457
-95.628000	0.065193	8460.319745
-95.576000	0.065380	8470.460691
-95.524000	0.065568	8480.589906
-95.472000	0.065757	8490.668256
-95.420000	0.065947	8500.730039
-95.368000	0.066137	8510.745794
-95.316000	0.066328	8520.740147
-95.264000	0.066519	8530.693306
-95.212000	0.066712	8540.620223
-95.160000	0.066905	8550.510790
-95.108000	0.067099	8560.367662
-95.056000	0.067294	8570.190416
-95.004000	0.067489	8579.977215
-94.952000	0.067686	8589.737382
-94.900000	0.067883	8599.453320
-94.848000	0.068080	8609.145672
-94.796000	0.068279	8618.788527
-94.744000	0.068478	8628.413060
-94.692000	0.068678	8637.987051
-94.640000	0.068879	8647.548997
-94.588000	0.069081	8657.050911
-94.536000	0.069283	8666.545032
-94.484000	0.069486	8675.978889
-94.432000	0.069690	8685.407589
-94.380000	0.069895	8694.765962
-94.328000	0.070101	8704.117170
-94.276000	0.070307	8713.412933
-94.224000	0.070514	8722.694675
-94.172000	0.070722	8731.917374
-94.120000	0.070931	8741.123237
-94.068000	0.071141	8750.283328
-94.016000	0.071351	8759.418109
-93.964000	0.071562	8768.505137
-93.912000	0.071775	8777.563428
-93.860000	0.071988	8786.582620
-93.808000	0.072202	8795.570449
-93.756000	0.072416	8804.527046
-93.704000	0.072632	8813.438327
-93.652000	0.072848	8822.316636
-93.600000	0.073066	8831.153857
-93.548000	0.073283	8839.969567
-93.496000	0.073503	8848.731650
-93.444000	0.073722	8857.474300
-93.392000	0.073943	8866.161896
-93.340000	0.074165	8874.836714
-93.288000	0.074387	8883.446567
-93.236000	0.074611	8892.048324
-93.184000	0.074835	8900.584496
-93.132000	0.075060	8909.115507
-93.080000	0.075286	8917.581496
-93.028000	0.075513	8926.038796
-92.976000	0.075741	8934.431706
-92.924000	0.075970	8942.810283
-92.872000	0.076200	8951.130118
-92.820000	0.076430	8959.431411
-92.768000	0.076662	8967.683395
-92.716000	0.076894	8975.909757
-92.664000	0.077128	8984.088665
-92.612000	0.077362	8992.238544
-92.560000	0.077598	9000.349610
-92.508000	0.077834	9008.423744
-92.456000	0.078071	9016.461742
-92.404000	0.078310	9024.457139
-92.352000	0.078548	9032.422068
-92.300000	0.078789	9040.342182
-92.248000	0.079030	9048.239271
-92.196000	0.079272	9056.082421
-92.144000	0.079515	9063.906439
-92.092000	0.079760	9071.670849
-92.040000	0.080004	9079.421796
-91.988000	0.080251	9087.107464
-91.936000	0.080498	9094.785336
-91.884000	0.080746	9102.397334
-91.832000	0.080995	9110.003921
-91.780000	0.081245	9117.540778
-91.728000	0.081496	9125.068635
-91.676000	0.081749	9132.532405
-91.624000	0.082002	9139.982584
-91.572000	0.082257	9147.378495
-91.520000	0.082512	9154.754115
-91.468000	0.082768	9162.076942
-91.416000	0.083026	9169.371969
-91.364000	0.083284	9176.616474
-91.312000	0.083544	9183.833925
-91.260000	0.083805	9191.015811
-91.208000	0.084067	9198.157780
-91.156000	0.084330	9205.261356
-91.104000	0.084594	9212.325090
-91.052000	0.084859	9219.360816
-91.000000	0.085125	9226.347958
-90.948000	0.085392	9233.310601
-90.896000	0.085661	9240.218994
-90.844000	0.085930	9247.108557
-90.792000	0.086201	9253.938201
-90.740000	0.086473	9260.754683
-90.688000	0.086746	9267.510265
-90.636000	0.087020	9274.258892
-90.584000	0.087295	9280.936264
-90.532000	0.087571	9287.608328
-90.480000	0.087849	9294.215924
-90.428000	0.088128	9300.814209
-90.376000	0.088408	9307.348705
-90.324000	0.088689	9313.868246
-90.272000	0.088972	9320.329648
-90.220000	0.089255	9326.770447
-90.168000	0.089540	9333.158753
-90.116000	0.089825	9339.522692
-90.064000	0.090113	9345.843127
-90.012000	0.090401	9352.133950
-89.960000	0.090691	9358.386528
-89.908000	0.090982	9364.601543
-89.856000	0.091274	9370.781027
-89.804000	0.091567	9376.917283
-89.752000	0.091862	9383.023679
-89.700000	0.092158	9389.084679
-89.648000	0.092455	9395.123216
-89.596000	0.092753	9401.111089
-89.544000	0.093053	9407.081760
-89.492000	0.093354	9412.992201
-89.440000	0.093656	9418.889782
-89.388000	0.093960	9424.726174
-89.336000	0.094264	9430.555890
-89.284000	0.094571	9436.319155
-89.232000	0.094878	9442.076955
-89.180000	0.095187	9447.765626
-89.128000	0.095497	9453.445371
-89.076000	0.095809	9459.066166
-89.024000	0.096122	9464.672791
-88.972000	0.096436	9470.225709
-88.920000	0.096752	9475.759214
-88.868000	0.097069	9481.244255
-88.816000	0.097387	9486.704640
-88.764000	0.097707	9492.121804
-88.712000	0.098028	9497.506756
-88.660000	0.098351	9502.850820
-88.608000	0.098674	9508.162435
-88.556000	0.099000	9513.443859
-88.504000	0.099327	9518.684860
-88.452000	0.099656	9523.898416
-88.400000	0.099985	9529.066284
-88.348000	0.100316	9534.211967
-88.296000	0.100648	9539.306699
-88.244000	0.100983	9544.384511
-88.192000	0.101318	9549.410440
-88.140000	0.101656	9554.425612
-88.088000	0.101995	9559.379305
-88.036000	0.102335	9564.326602
-87.984000	0.102676	9569.207159
-87.932000	0.103020	9574.082848
-87.880000	0.103364	9578.899547
-87.828000	0.103710	9583.707031
-87.776000	0.104058	9588.455842
-87.724000	0.104407	9593.190196
-87.672000	0.104758	9597.871122
-87.620000	0.105110	9602.535393
-87.568000	0.105464	9607.158892
-87.516000	0.105820	9611.757445
-87.464000	0.106177	9616.313063
-87.412000	0.106536	9620.840817
-87.360000	0.106897	9625.333783
-87.308000	0.107258	9629.794031
-87.256000	0.107622	9634.224348
-87.204000	0.107987	9638.613951
-87.152000	0.108355	9642.976391
-87.100000	0.108723	9647.299939
-87.048000	0.109093	9651.604959
-86.996000	0.109464	9655.862684
-86.944000	0.109839	9660.105051
-86.892000	0.110214	9664.295268
-86.840000	0.110592	9668.474984
-86.788000	0.110970	9672.597692
-86.736000	0.111351	9676.714758
-86.684000	0.111733	9680.769954
-86.632000	0.112117	9684.820703
-86.580000	0.112502	9688.817614
-86.528000	0.112891	9692.806496
-86.476000	0.113279	9696.745971
-86.424000	0.113671	9700.671842
-86.372000	0.114063	9704.548655
-86.320000	0.114458	9708.407022
-86.268000	0.114855	9712.221171
-86.216000	0.115253	9716.015930
-86.164000	0.115653	9719.777876
-86.112000	0.116055	9723.511692
-86.060000	0.116459	9727.210982
-86.008000	0.116865	9730.880041
-85.956000	0.117273	9734.521903
-85.904000	0.117682	9738.129080
-85.852000	0.118094	9741.713512
-85.800000	0.118507	9745.258807
-85.748000	0.118922	9748.785812
-85.696000	0.119339	9752.269224
-85.644000	0.119759	9755.738799
-85.592000	0.120180	9759.160327
-85.540000	0.120603	9762.572470
-85.488000	0.121028	9765.936892
-85.436000	0.121456	9769.296836
-85.384000	0.121884	9772.599826
-85.332000	0.122315	9775.898791
-85.280000	0.122748	9779.149027
-85.228000	0.123184	9782.391749
-85.176000	0.123620	9785.589774
-85.124000	0.124061	9788.775091
-85.072000	0.124502	9791.915675
-85.020000	0.124946	9795.040680
-84.968000	0.125390	9798.129051
-84.916000	0.125839	9801.197809
-84.864000	0.126288	9804.233970
-84.812000	0.126741	9807.244105
-84.760000	0.127194	9810.222829
-84.708000	0.127651	9813.176634
-84.656000	0.128109	9816.108384
-84.604000	0.128570	9819.008385
-84.552000	0.129033	9821.887926
-84.500000	0.129499	9824.735257
-84.448000	0.129966	9827.567824
-84.396000	0.130435	9830.356550
-84.344000	0.130907	9833.131676
-84.292000	0.131381	9835.871696
-84.240000	0.131858	9838.605076
-84.188000	0.132336	9841.290507
-84.136000	0.132817	9843.971675
-84.084000	0.133301	9846.600851
-84.032000	0.133787	9849.226423
-83.980000	0.134275	9851.808332
-83.928000	0.134765	9854.383286
-83.876000	0.135257	9856.918208
-83.824000	0.135753	9859.443730
-83.772000	0.136250	9861.936891
-83.720000	0.136751	9864.414249
-83.668000	0.137252	9866.855191
-83.616000	0.137758	9869.278288
-83.564000	0.138264	9871.672242
-83.512000	0.138775	9874.047114
-83.460000	0.139287	9876.399314
-83.408000	0.139803	9878.726392
-83.356000	0.140319	9881.031609
-83.304000	0.140840	9883.308058
-83.252000	0.141362	9885.566289
-83.200000	0.141888	9887.795716
-83.148000	0.142416	9890.012192
-83.096000	0.142947	9892.196623
-83.044000	0.143479	9894.371344
-82.992000	0.144015	9896.510777
-82.940000	0.144553	9898.643741
-82.888000	0.145094	9900.733356
-82.836000	0.145638	9902.819334
-82.784000	0.146185	9904.863550
-82.732000	0.146733	9906.904991
-82.680000	0.147285	9908.912612
-82.628000	0.147840	9910.913878
-82.576000	0.148398	9912.879727
-82.524000	0.148958	9914.835999
-82.472000	0.149521	9916.760105
-82.420000	0.150087	9918.671400
-82.368000	0.150655	9920.553708
-82.316000	0.151227	9922.422003
-82.264000	0.151802	9924.267798
-82.212000	0.152380	9926.094329
-82.160000	0.152959	9927.898359
-82.108000	0.153543	9929.682707
-82.056000	0.154129	9931.450202
-82.004000	0.154719	9933.195190
-81.952000	0.155310	9934.926177
-81.900000	0.155906	9936.631791
-81.848000	0.156504	9938.326213
-81.796000	0.157106	9939.992459
-81.744000	0.157709	9941.650372
-81.692000	0.158318	9943.272797
-81.640000	0.158927	9944.888915
-81.588000	0.159542	9946.476029
-81.536000	0.160158	9948.060770
-81.484000	0.160780	9949.614245
-81.432000	0.161402	9951.164413
-81.380000	0.162030	9952.676112
-81.328000	0.162658	9954.183751
-81.276000	0.163292	9955.669361
-81.224000	0.163928	9957.145215
-81.172000	0.164568	9958.589049
-81.120000	0.165211	9960.024800
-81.068000	0.165857	9961.442575
-81.016000	0.166506	9962.846167
-80.964000	0.167160	9964.227369
-80.912000	0.167816	9965.594017
-80.860000	0.168476	9966.943935
-80.808000	0.169139	9968.276846
-80.756000	0.169806	9969.595425
-80.704000	0.170476	9970.894589
-80.652000	0.171149	9972.181884
-80.600000	0.171827	9973.447317
-80.548000	0.172508	9974.703299
-80.496000	0.173193	9975.939042
-80.444000	0.173880	9977.168941
-80.392000	0.174573	9978.372113
-80.340000	0.175268	9979.570699
-80.288000	0.175968	9980.740124
-80.236000	0.176670	9981.907206
-80.184000	0.177377	9983.048367
-80.132000	0.178086	9984.186930
-80.080000	0.178802	9985.296745
-80.028000	0.179518	9986.403234
-79.976000	0.180242	9987.492184
-79.924000	0.180965	9988.573701
-79.872000	0.181696	9989.631357
-79.820000	0.182428	9990.680807
-79.768000	0.183167	9991.712343
-79.716000	0.183907	9992.731611
-79.664000	0.184654	9993.731854
-79.612000	0.185402	9994.722321
-79.560000	0.186157	9995.701707
-79.508000	0.186913	9996.669693
-79.456000	0.187676	9997.628221
-79.404000	0.188441	9998.567172
-79.352000	0.189212	9999.494355
-79.300000	0.189985	10000.406904
-79.248000	0.190764	10001.313257
-79.196000	0.191546	10002.199258
-79.144000	0.192333	10003.079521
-79.092000	0.193124	10003.941887
-79.040000	0.193919	10004.801291
-78.988000	0.194719	10005.636288
-78.936000	0.195523	10006.469364
-78.884000	0.196332	10007.281771
-78.832000	0.197145	10008.092371
-78.780000	0.197963	10008.883935
-78.728000	0.198785	10009.671217
-78.676000	0.199612	10010.436658
-78.624000	0.200442	10011.198344
-78.572000	0.201279	10011.948147
-78.520000	0.202118	10012.689636
-78.468000	0.202965	10013.413342
-78.416000	0.203813	10014.130883
-78.364000	0.204669	10014.838981
-78.312000	0.205526	10015.537201
-78.260000	0.206392	10016.224409
-78.208000	0.207259	10016.900124
-78.156000	0.208135	10017.566469
-78.104000	0.209012	10018.223003
-78.052000	0.209898	10018.873742
-78.000000	0.210785	10019.506029
-77.948000	0.211680	10020.130648
-77.896000	0.212577	10020.747100
-77.844000	0.213482	10021.361314
-77.792000	0.214390	10021.957559
-77.740000	0.215305	10022.550936
-77.688000	0.216224	10023.124679
-77.636000	0.217149	10023.697001
-77.584000	0.218078	10024.259058
-77.532000	0.219013	10024.819223
-77.480000	0.219953	10025.360385
-77.428000	0.220899	10025.898930
-77.376000	0.221850	10026.424476
-77.324000	0.222807	10026.944901
-77.272000	0.223769	10027.449547
-77.220000	0.224737	10027.950864
-77.168000	0.225710	10028.445126
-77.116000	0.226688	10028.933138
-77.064000	0.227673	10029.411731
-77.012000	0.228662	10029.882870
-76.960000	0.229659	10030.345826
-76.908000	0.230659	10030.800119
-76.856000	0.231668	10031.247465
-76.804000	0.232680	10031.688216
-76.752000	0.233700	10032.125126
-76.700000	0.234723	10032.550937
-76.648000	0.235757	10032.972236
-76.596000	0.236791	10033.381183
-76.544000	0.237837	10033.786816
-76.492000	0.238883	10034.183420
-76.440000	0.239942	10034.578642
-76.388000	0.241001	10034.959114
-76.336000	0.242072	10035.338518
-76.284000	0.243143	10035.707652
-76.232000	0.244226	10036.075303
-76.180000	0.245311	10036.428785
-76.128000	0.246406	10036.781406
-76.076000	0.247505	10037.129700
-76.024000	0.248613	10037.474103
-75.972000	0.249724	10037.806751
-75.920000	0.250846	10038.134299
-75.868000	0.251971	10038.451301
-75.816000	0.253105	10038.766239
-75.764000	0.254244	10039.078056
-75.712000	0.255391	10039.384877
-75.660000	0.256543	10039.686282
-75.608000	0.257704	10039.978943
-75.556000	0.258872	10040.264706
-75.504000	0.260046	10040.547176
-75.452000	0.261228	10040.827755
-75.400000	0.262416	10041.100891
-75.348000	0.263613	10041.371058
-75.296000	0.264815	10041.632965
-75.244000	0.266026	10041.892718
-75.192000	0.267243	10042.143376
-75.140000	0.268470	10042.392688
-75.088000	0.269701	10042.632132
-75.036000	0.270943	10042.870932
-74.984000	0.272189	10043.104607
-74.932000	0.273446	10043.337261
-74.880000	0.274706	10043.560537
-74.828000	0.275980	10043.781995
-74.776000	0.277255	10043.994823
-74.724000	0.278545	10044.206365
-74.672000	0.279837	10044.414003
-74.620000	0.281143	10044.619959
-74.568000	0.282450	10044.822434
-74.516000	0.283772	10045.020667
-74.464000	0.285096	10045.212696
-74.412000	0.286435	10045.399680
-74.360000	0.287776	10045.581292
-74.308000	0.289130	10045.759986
-74.256000	0.290488	10045.936384
-74.204000	0.291859	10046.109477
-74.152000	0.293235	10046.280715
-74.100000	0.294622	10046.448224
-74.048000	0.296016	10046.614274
-73.996000	0.297420	10046.772001
-73.944000	0.298832	10046.927607
-73.892000	0.300254	10047.078680
-73.840000	0.301684	10047.229125
-73.788000	0.303124	10047.374585
-73.736000	0.304572	10047.519666
-73.684000	0.306029	10047.659668
-73.632000	0.307497	10047.799157
-73.580000	0.308972	10047.933962
-73.528000	0.310459	10048.067857
-73.476000	0.311953	10048.197467
-73.424000	0.313460	10048.324408
-73.372000	0.314972	10048.443594
-73.320000	0.316499	10048.562830
-73.268000	0.318030	10048.682052
-73.216000	0.319577	10048.799151
-73.164000	0.321128	10048.913153
-73.112000	0.322695	10049.022062
-73.060000	0.324265	10049.125644
-73.008000	0.325854	10049.229279
-72.956000	0.327443	10049.332927
-72.904000	0.329053	10049.433218
-72.852000	0.330664	10049.531647
-72.800000	0.332294	10049.630105
-72.748000	0.333927	10049.728572
-72.696000	0.335578	10049.818670
-72.644000	0.337233	10049.906688
-72.592000	0.338905	10049.994741
-72.540000	0.340583	10050.082826
-72.488000	0.342276	10050.165900
-72.436000	0.343977	10050.248595
-72.384000	0.345692	10050.326255
-72.332000	0.347416	10050.403954
-72.280000	0.349153	10050.481620
-72.228000	0.350900	10050.558350
-72.176000	0.352660	10050.630817
-72.124000	0.354431	10050.701945
-72.072000	0.356214	10050.769186
-72.020000	0.358010	10050.836480
-71.968000	0.359816	10050.903782
-71.916000	0.361636	10050.968935
-71.864000	0.363466	10051.031013
-71.812000	0.365311	10051.093136
-71.760000	0.367165	10051.155249
-71.708000	0.369036	10051.214405
-71.656000	0.370914	10051.271324
-71.604000	0.372811	10051.324874
-71.552000	0.374714	10051.376599
-71.500000	0.376638	10051.428348
-71.448000	0.378567	10051.480108
-71.396000	0.380518	10051.531867
-71.344000	0.382472	10051.583633
-71.292000	0.384450	10051.630798
-71.240000	0.386430	10051.677369
-71.188000	0.388436	10051.723944
-71.136000	0.390444	10051.770358
-71.084000	0.392477	10051.811732
-71.032000	0.394514	10051.853140
-70.980000	0.396575	10051.894540
-70.928000	0.398640	10051.934981
-70.876000	0.400729	10051.971152
-70.824000	0.402825	10052.008769
-70.772000	0.404941	10052.050198
-70.720000	0.407066	10052.089866
-70.668000	0.409212	10052.126096
-70.616000	0.411368	10052.160152
-70.564000	0.413543	10052.191155
-70.512000	0.415730	10052.222209
-70.460000	0.417935	10052.253272
-70.408000	0.420153	10052.284358
-70.356000	0.422388	10052.315425
-70.304000	0.424639	10052.346521
-70.252000	0.426905	10052.377619
-70.200000	0.429189	10052.404898
-70.148000	0.431487	10052.430771
-70.096000	0.433805	10052.456678
-70.044000	0.436134	10052.482610
-69.992000	0.438485	10052.508530
-69.940000	0.440847	10052.534465
-69.888000	0.443233	10052.560403
-69.836000	0.445627	10052.586156
-69.784000	0.448049	10052.606864
-69.732000	0.450477	10052.627603
-69.680000	0.452935	10052.648359
-69.628000	0.455397	10052.670172
-69.576000	0.457891	10052.696157
-69.524000	0.460389	10052.719333
-69.472000	0.462920	10052.734884
-69.420000	0.465453	10052.752299
-69.368000	0.468022	10052.773078
-69.316000	0.470594	10052.793899
-69.264000	0.473199	10052.814705
-69.212000	0.475810	10052.832915
-69.160000	0.478452	10052.848521
-69.108000	0.481103	10052.864160
-69.056000	0.483783	10052.879795
-69.004000	0.486473	10052.895443
-68.952000	0.489193	10052.911079
-68.900000	0.491925	10052.926735
-68.848000	0.494682	10052.942399
-68.796000	0.497456	10052.958077
-68.744000	0.500254	10052.973770
-68.692000	0.503071	10052.984814
-68.640000	0.505910	10052.995305
-68.588000	0.508770	10053.010834
-68.536000	0.511650	10053.026320
-68.484000	0.514554	10053.036806
-68.432000	0.517477	10053.047962
-68.380000	0.520426	10053.063672
-68.328000	0.523392	10053.078375
-68.276000	0.526387	10053.088878
-68.224000	0.529397	10053.099418
-68.172000	0.532439	10053.109943
-68.120000	0.535494	10053.120508
-68.068000	0.538584	10053.131057
-68.016000	0.541684	10053.141638
-67.964000	0.544823	10053.152184
-67.912000	0.547969	10053.162767
-67.860000	0.551157	10053.173339
-67.808000	0.554350	10053.183929
-67.756000	0.557589	10053.194500
-67.704000	0.560832	10053.205109
-67.652000	0.564122	10053.215733
-67.600000	0.567416	10053.222472
-67.548000	0.570755	10053.227837
-67.496000	0.574102	10053.237506
-67.444000	0.577493	10053.248153
-67.392000	0.580894	10053.258785
-67.340000	0.584336	10053.269429
-67.288000	0.587792	10053.274992
-67.236000	0.591288	10053.280687
-67.184000	0.594800	10053.291325
-67.132000	0.598348	10053.301332
-67.080000	0.601917	10053.306756
-67.028000	0.605521	10053.312215
-66.976000	0.609149	10053.317660
-66.924000	0.612808	10053.324605
-66.872000	0.616495	10053.335272
-66.820000	0.620212	10053.344105
-66.768000	0.623960	10053.349563
-66.716000	0.627735	10053.355059
-66.664000	0.631544	10053.360540
-66.612000	0.635378	10053.366044
-66.560000	0.639251	10053.371521
-66.508000	0.643145	10053.377025
-66.456000	0.647083	10053.382525
-66.404000	0.651039	10053.388032
-66.352000	0.655042	10053.393527
-66.300000	0.659060	10053.399038
-66.248000	0.663131	10053.404556
-66.196000	0.667213	10053.410084
-66.144000	0.671354	10053.415624
-66.092000	0.675501	10053.421148
-66.040000	0.679711	10053.426683
-65.988000	0.683925	10053.432217
-65.936000	0.688206	10053.437774
-65.884000	0.692492	10053.443299
-65.832000	0.696843	10053.448850
-65.780000	0.701202	10053.454388
-65.728000	0.705623	10053.458874
-65.676000	0.710057	10053.459201
-65.624000	0.714550	10053.461047
-65.572000	0.719061	10053.466594
-65.520000	0.723628	10053.472170
-65.468000	0.728217	10053.477707
-65.416000	0.732858	10053.480990
-65.364000	0.737527	10053.481346
-65.312000	0.742245	10053.484413
-65.260000	0.746995	10053.489964
-65.208000	0.751791	10053.495552
-65.156000	0.756624	10053.501151
-65.104000	0.761500	10053.503246
-65.052000	0.766418	10053.503608
-65.000000	0.771375	10053.503968
-64.948000	0.776381	10053.504322
-64.896000	0.781421	10053.509002
-64.844000	0.786516	10053.514607
-64.792000	0.791640	10053.515492
-64.740000	0.796826	10053.515887
-64.688000	0.802036	10053.521380
-64.636000	0.807315	10053.526697
-64.584000	0.812614	10053.527075
-64.532000	0.817987	10053.527481
-64.480000	0.823376	10053.527845
-64.428000	0.828847	10053.528238
-64.376000	0.834329	10053.528591
-64.324000	0.839898	10053.528979
-64.272000	0.845473	10053.529375
-64.220000	0.851144	10053.529791
-64.168000	0.856821	10053.530148
-64.116000	0.862590	10053.530545
-64.064000	0.868371	10053.530947
-64.012000	0.874241	10053.531356
-63.960000	0.880128	10053.531722
-63.908000	0.886100	10053.532122
-63.856000	0.892096	10053.532533
-63.804000	0.898172	10053.532932
-63.752000	0.904279	10053.533306
-63.700000	0.910463	10053.533708
-63.648000	0.916684	10053.534127
-63.596000	0.922976	10053.530195
-63.544000	0.929314	10053.525374
-63.492000	0.935718	10053.525277
-63.440000	0.942174	10053.525675
-63.388000	0.948693	10053.526070
-63.336000	0.955271	10053.526165
-63.284000	0.961906	10053.521316
-63.232000	0.968609	10053.517217
-63.180000	0.975363	10053.517608
-63.128000	0.982194	10053.516897
-63.076000	0.989070	10053.512044
-63.024000	0.996032	10053.507217
-62.972000	1.003031	10053.502350
-62.920000	1.010129	10053.499457
-62.868000	1.017258	10053.499861
-62.816000	1.024492	10053.497938
-62.764000	1.031750	10053.493073
-62.712000	1.039119	10053.488234
-62.660000	1.046506	10053.483385
-62.608000	1.054026	10053.478557
-62.556000	1.061556	10053.473724
-62.504000	1.069218	10053.468892
-62.452000	1.076888	10053.464047
-62.400000	1.084697	10053.459195
-62.348000	1.092519	10053.454338
-62.296000	1.100477	10053.449486
-62.244000	1.108456	10053.444645
-62.192000	1.116558	10053.439782
-62.140000	1.124693	10053.434927
-62.088000	1.132953	10053.430068
-62.036000	1.141254	10053.424886
-61.984000	1.149664	10053.414781
-61.932000	1.158128	10053.405446
-61.880000	1.166702	10053.400579
-61.828000	1.175340	10053.395737
-61.776000	1.184079	10053.390854
-61.724000	1.192891	10053.384444
-61.672000	1.201794	10053.374343
-61.620000	1.210782	10053.364258
-61.568000	1.219855	10053.354113
-61.516000	1.229029	10053.346368
-61.464000	1.238282	10053.341494
-61.412000	1.247646	10053.333856
-61.360000	1.257079	10053.323712
-61.308000	1.266633	10053.313599
-61.256000	1.276246	10053.303495
-61.204000	1.286002	10053.293376
-61.152000	1.295810	10053.283231
-61.100000	1.305768	10053.273095
-61.048000	1.315767	10053.262963
-60.996000	1.325931	10053.252816
-60.944000	1.336124	10053.242670
-60.892000	1.346505	10053.232523
-60.840000	1.356904	10053.222390
-60.788000	1.367502	10053.212227
-60.736000	1.378112	10053.202079
-60.684000	1.388932	10053.191920
-60.632000	1.399771	10053.181785
-60.580000	1.410807	10053.171579
-60.528000	1.421876	10053.160228
-60.476000	1.433138	10053.144830
-60.424000	1.444446	10053.131026
-60.372000	1.455935	10053.120812
-60.320000	1.467485	10053.108644
-60.268000	1.479210	10053.093210
-60.216000	1.491011	10053.080179
-60.164000	1.502978	10053.069959
-60.112000	1.515037	10053.056972
-60.060000	1.527251	10053.041534
-60.008000	1.539575	10053.026100
-59.956000	1.552046	10053.010647
-59.904000	1.564642	10052.998802
-59.852000	1.577370	10052.988589
-59.800000	1.590244	10052.974349
-59.748000	1.603239	10052.958863
-59.696000	1.616399	10052.943380
-59.644000	1.629666	10052.927905
-59.592000	1.643121	10052.912428
-59.540000	1.656671	10052.896964
-59.488000	1.670429	10052.881470
-59.436000	1.684267	10052.865990
-59.384000	1.698333	10052.850471
-59.332000	1.712464	10052.834974
-59.280000	1.726854	10052.819432
-59.228000	1.741293	10052.803916
-59.176000	1.756009	10052.788383
-59.124000	1.770757	10052.771272
-59.072000	1.785813	10052.750489
-59.020000	1.800888	10052.731728
-58.968000	1.816284	10052.716155
-58.916000	1.831703	10052.700608
-58.864000	1.847438	10052.685045
-58.812000	1.863217	10052.666682
-58.760000	1.879302	10052.645872
-58.708000	1.895451	10052.628279
-58.656000	1.911885	10052.612682
-58.604000	1.928409	10052.597094
-58.552000	1.945213	10052.581506
-58.500000	1.962130	10052.561884
-58.448000	1.979309	10052.541049
-58.396000	1.996629	10052.524621
-58.344000	2.014199	10052.508997
-58.292000	2.031932	10052.488517
-58.240000	2.049892	10052.467645
-58.188000	2.068049	10052.446764
-58.136000	2.086420	10052.426310
-58.084000	2.105014	10052.410637
-58.032000	2.123803	10052.394172
-57.980000	2.142846	10052.373273
-57.928000	2.162066	10052.352393
-57.876000	2.181577	10052.331445
-57.824000	2.201244	10052.310522
-57.772000	2.221231	10052.289580
-57.720000	2.241351	10052.270680
-57.668000	2.261833	10052.254947
-57.616000	2.282425	10052.236809
-57.564000	2.303411	10052.215855
-57.512000	2.324482	10052.194897
-57.460000	2.345992	10052.173895
-57.408000	2.367561	10052.152907
-57.356000	2.389613	10052.131914
-57.304000	2.411697	10052.110930
-57.252000	2.434298	10052.089945
-57.200000	2.456930	10052.068929
-57.148000	2.480078	10052.047897
-57.096000	2.503289	10052.026864
-57.044000	2.526996	10052.005839
-56.992000	2.550802	10051.984788
-56.940000	2.575080	10051.963743
-56.888000	2.599494	10051.942665
-56.836000	2.624363	10051.921600
-56.784000	2.649407	10051.900494
-56.732000	2.674883	10051.879408
-56.680000	2.700576	10051.858305
-56.628000	2.726679	10051.837222
-56.576000	2.753043	10051.816095
-56.524000	2.779794	10051.794986
-56.472000	2.806851	10051.773837
-56.420000	2.834265	10051.752704
-56.368000	2.862037	10051.731532
-56.316000	2.890139	10051.710382
-56.264000	2.918646	10051.689217
-56.212000	2.947448	10051.668057
-56.160000	2.976717	10051.646871
-56.108000	3.006254	10051.625684
-56.056000	3.036311	10051.604478
-56.004000	3.066599	10051.583263
-55.952000	3.097466	10051.562034
-55.900000	3.128524	10051.540791
-55.848000	3.160232	10051.519541
-55.796000	3.192092	10051.498290
-55.744000	3.224666	10051.477047
-55.692000	3.257349	10051.455754
-55.640000	3.290817	10051.434460
-55.588000	3.324348	10051.413157
-55.536000	3.358739	10051.391870
-55.484000	3.393181	10051.370568
-55.432000	3.428496	10051.349285
-55.380000	3.463904	10051.327930
-55.328000	3.500149	10051.307853
-55.276000	3.536546	10051.291703
-55.224000	3.573758	10051.273910
-55.172000	3.611185	10051.252534
-55.120000	3.649394	10051.231172
-55.068000	3.687882	10051.209772
-55.016000	3.727114	10051.188382
-54.964000	3.766699	10051.166960
-54.912000	3.806995	10051.145541
-54.860000	3.847717	10051.124095
-54.808000	3.889108	10051.105940
-54.756000	3.931005	10051.089730
-54.704000	3.973527	10051.069811
-54.652000	4.016641	10051.048321
-54.600000	4.060335	10051.026832
-54.548000	4.104713	10051.005346
-54.496000	4.149620	10050.988329
-54.444000	4.195300	10050.972049
-54.392000	4.241451	10050.950846
-54.340000	4.288482	10050.929383
-54.288000	4.335928	10050.913045
-54.236000	4.384361	10050.896245
-54.184000	4.433143	10050.874674
-54.132000	4.483027	10050.853998
-54.080000	4.533192	10050.837603
-54.028000	4.584578	10050.819946
-53.976000	4.636172	10050.798322
-53.924000	4.689117	10050.778394
-53.872000	4.742192	10050.761946
-53.820000	4.796748	10050.745518
-53.768000	4.851394	10050.729073
-53.716000	4.907578	10050.710143
-53.664000	4.963904	10050.688445
-53.612000	5.021729	10050.669657
-53.560000	5.079799	10050.653193
-53.508000	5.139325	10050.636710
-53.456000	5.199205	10050.620192
-53.404000	5.260484	10050.603664
-53.352000	5.322235	10050.587123
-53.300000	5.385329	10050.570583
-53.248000	5.449024	10050.554045
-53.196000	5.514009	10050.537483
-53.144000	5.579725	10050.520920
-53.092000	5.646654	10050.504306
-53.040000	5.714464	10050.487691
-52.988000	5.783422	10050.471064
-52.936000	5.853411	10050.454948
-52.884000	5.924462	10050.443523
-52.832000	5.996706	10050.431215
-52.780000	6.069926	10050.414531
-52.728000	6.144516	10050.397866
-52.676000	6.219988	10050.381183
-52.624000	6.297018	10050.366216
-52.572000	6.374828	10050.354708
-52.520000	6.454389	10050.341099
-52.468000	6.534615	10050.324335
-52.416000	6.616804	10050.310103
-52.364000	6.699539	10050.298570
-52.312000	6.784464	10050.287027
-52.260000	6.869806	10050.275442
-52.208000	6.957571	10050.260542
-52.156000	7.045611	10050.243729
-52.104000	7.136330	10050.230632
-52.052000	7.227213	10050.219023
-52.000000	7.320964	10050.207396
-51.948000	7.414934	10050.195761
-51.896000	7.511702	10050.184102
-51.844000	7.608879	10050.172442
-51.792000	7.708778	10050.160751
-51.740000	7.809290	10050.149064
-51.688000	7.912443	10050.137341
-51.636000	8.016427	10050.125628
-51.584000	8.122958	10050.113873
-51.532000	8.230556	10050.103053
-51.480000	8.340598	10050.096497
-51.428000	8.451956	10050.088634
-51.376000	8.565631	10050.076847
-51.324000	8.680899	10050.066797
-51.272000	8.798363	10050.060184
-51.220000	8.917708	10050.051448
-51.168000	9.039104	10050.039578
-51.116000	9.162687	10050.025186
-51.064000	9.288160	10050.008087
-51.012000	9.416160	10050.014516
-50.960000	9.545884	10050.039228
-50.908000	9.678482	10050.030470
-50.856000	9.812611	10050.002831
-50.804000	9.949983	10049.975195
-50.752000	10.088677	10049.947557
-50.700000	10.231080	10049.961428
-50.648000	10.374601	10049.986059
-50.596000	10.522158	10049.965076
-50.544000	10.670562	10049.937356
-50.492000	10.823558	10049.959235
-50.440000	10.977154	10049.982461
-50.388000	11.135740	10049.954704
-50.336000	11.294634	10049.926957
-50.284000	11.459128	10049.899166
-50.232000	11.623961	10049.880819
-50.180000	11.794264	10049.905294
-50.128000	11.965261	10049.916312
-50.076000	12.141527	10049.888461
-50.024000	12.318896	10049.878130
-49.972000	12.501484	10049.902545
-49.920000	12.685566	10049.905421
-49.868000	12.874580	10049.877512
-49.816000	13.065580	10049.875195
-49.764000	13.261430	10049.899554
-49.712000	13.459718	10049.894296
-49.660000	13.662559	10049.866358
-49.608000	13.868369	10049.872066
-49.556000	14.078510	10049.896369
-49.504000	14.292185	10049.882951
-49.452000	14.509934	10049.854931
-49.400000	14.731820	10049.868636
-49.348000	14.957485	10049.892883
-49.296000	15.187926	10049.871338
-49.244000	15.421815	10049.843288
-49.192000	15.661122	10049.865008
-49.140000	15.903493	10049.887630
-49.088000	16.152060	10049.859485
-49.036000	16.403324	10049.836959
-48.984000	16.661572	10049.861103
-48.932000	16.922089	10049.875613
-48.880000	17.190376	10049.847402
-48.828000	17.460455	10049.832894
-48.776000	17.739172	10049.856976
-48.724000	18.019171	10049.863337
-48.672000	18.308766	10049.835065
-48.620000	18.599098	10049.828567
-48.568000	18.899980	10049.852561
-48.516000	19.201503	10049.850763
-48.464000	19.513682	10049.822461
-48.412000	19.827044	10049.823988
-48.360000	20.150737	10049.847925
-48.308000	20.476348	10049.871866
-48.256000	20.811966	10049.895802
-48.204000	21.150307	10049.881781
-48.152000	21.498366	10049.853363
-48.100000	21.849968	10049.866906
-48.048000	22.210826	10049.890784
-47.996000	22.576143	10049.868609
-47.944000	22.950315	10049.840132
-47.892000	23.329879	10049.861688
-47.840000	23.717776	10049.885507
-47.788000	24.112070	10049.909285
-47.736000	24.514155	10049.927248
-47.684000	24.923721	10049.898668
-47.632000	25.340507	10049.879967
-47.580000	25.765891	10049.903678
-47.528000	26.197841	10049.927396
-47.476000	26.639525	10049.951048
-47.424000	27.087051	10049.956769
-47.372000	27.545601	10049.928120
-47.320000	28.009267	10049.921454
-47.268000	28.485199	10049.945044
-47.216000	28.965418	10049.942621
-47.164000	29.459232	10049.913912
-47.112000	29.956466	10049.915249
-47.060000	30.468634	10049.938778
-47.008000	30.983294	10049.962311
-46.956000	31.514370	10049.985838
-46.904000	32.046970	10049.971207
-46.852000	32.597427	10049.942407
-46.800000	33.148959	10049.955749
-46.748000	33.718622	10049.979187
-46.696000	34.289983	10050.002618
-46.644000	34.878716	10050.026054
-46.592000	35.470316	10049.999172
-46.540000	36.078531	10049.972258
-46.488000	36.690786	10049.995620
-46.436000	37.318689	10050.018995
-46.384000	37.951854	10050.042324
-46.332000	38.599754	10050.065664
-46.280000	39.254158	10050.088931
-46.228000	39.922311	10050.098091
-46.176000	40.598144	10050.069057
-46.124000	41.286550	10050.058189
-46.072000	41.983923	10050.081392
-46.020000	42.692839	10050.104608
-45.968000	43.411862	10050.127808
-45.916000	44.141186	10050.124755
-45.864000	44.881772	10050.095600
-45.812000	45.631452	10050.096732
-45.760000	46.393449	10050.119869
-45.708000	47.163279	10050.142981
-45.656000	47.946493	10050.166059
-45.604000	48.736319	10050.150777
-45.552000	49.540390	10050.121556
-45.500000	50.349802	10050.134711
-45.448000	51.174150	10050.157755
-45.396000	52.002581	10050.180749
-45.344000	52.846619	10050.203733
-45.292000	53.693556	10050.226706
-45.240000	54.556477	10050.247464
-45.188000	55.421149	10050.218084
-45.136000	56.301995	10050.194971
-45.084000	57.183801	10050.217873
-45.032000	58.081114	10050.240786
-44.980000	58.979532	10050.263627
-44.928000	59.891495	10050.272141
-44.876000	60.805228	10050.242680
-44.824000	61.730453	10050.231607
-44.772000	62.657932	10050.254410
-44.720000	63.594930	10050.277209
-44.668000	64.534453	10050.299951
-44.616000	65.481577	10050.322702
-44.564000	66.431229	10050.345441
-44.512000	67.386578	10050.337661
-44.460000	68.344218	10050.308044
-44.408000	69.305838	10050.312966
-44.356000	70.269178	10050.335640
-44.304000	71.234859	10050.358280
-44.252000	72.201381	10050.380894
-44.200000	73.168810	10050.403503
-44.148000	74.135850	10050.426113
-44.096000	75.102559	10050.402036
-44.044000	76.067241	10050.372318
-43.992000	77.030558	10050.393237
-43.940000	77.989864	10050.415755
-43.888000	78.947063	10050.438257
-43.836000	79.897807	10050.460770
-43.784000	80.845959	10050.483236
-43.732000	81.784870	10050.495192
-43.680000	82.721045	10050.465299
-43.628000	83.644682	10050.449978
-43.576000	84.565744	10050.472376
-43.524000	85.470654	10050.494779
-43.472000	86.373519	10050.517143
-43.420000	87.256114	10050.516863
-43.368000	88.137455	10050.486869
-43.316000	88.994313	10050.483561
-43.264000	89.849453	10050.505859
-43.212000	90.678450	10050.528148
-43.160000	91.503732	10050.550413
-43.108000	92.301681	10050.572664
-43.056000	93.093556	10050.594896
-43.004000	93.857321	10050.578297
-42.952000	94.612302	10050.548171
-42.900000	95.338798	10050.560876
-42.848000	96.053474	10050.583042
-42.796000	96.739721	10050.605177
-42.744000	97.410799	10050.627310
-42.692000	98.053918	10050.598492
-42.640000	98.678249	10050.570953
-42.588000	99.275516	10050.593011
-42.536000	99.850036	10050.615077
-42.484000	100.398674	10050.637096
-42.432000	100.920744	10050.659125
-42.380000	101.418852	10050.681109
-42.328000	101.886050	10050.688324
-42.276000	102.331211	10050.657977
-42.224000	102.740741	10050.646452
-42.172000	103.130386	10050.668366
-42.120000	103.480819	10050.690282
-42.068000	103.814433	10050.712163
-42.016000	104.103637	10050.707145
-41.964000	104.378650	10050.676696
-41.912000	104.605014	10050.677185
-41.860000	104.820398	10050.699026
-41.808000	104.982776	10050.720838
-41.756000	105.137503	10050.742618
-41.704000	105.235705	10050.764378
-41.652000	105.329774	10050.786123
-41.600000	105.362782	10050.764809
-41.548000	105.392211	10050.734253
-41.496000	105.362911	10050.750737
-41.444000	105.327021	10050.772415
-41.392000	105.235522	10050.794080
-41.340000	105.134078	10050.812876
-41.288000	104.981921	10050.782210
-41.236000	104.816301	10050.758467
-41.184000	104.603487	10050.780030
-41.132000	104.373978	10050.801604
-41.080000	104.101536	10050.823158
-41.028000	103.809460	10050.829726
-40.976000	103.478930	10050.798949
-40.924000	103.125805	10050.787210
-40.872000	102.738217	10050.808694
-40.820000	102.325656	10050.830179
-40.768000	101.883065	10050.851628
-40.716000	101.413100	10050.845960
-40.664000	100.917048	10050.815079
-40.612000	100.392192	10050.815340
-40.560000	99.845610	10050.836721
-40.508000	99.268389	10050.858101
-40.456000	98.673025	10050.879475
-40.404000	98.046095	10050.861580
-40.352000	97.404724	10050.830595
-40.300000	96.731146	10050.842875
-40.248000	96.046492	10050.864179
-40.196000	95.329347	10050.838142
-40.144000	94.604187	10050.807116
-40.092000	93.846838	10050.827380
-40.040000	93.084256	10050.848588
-39.988000	92.290051	10050.869779
-39.936000	91.493028	10050.883847
-39.884000	90.665545	10050.852703
-39.832000	89.836362	10050.832744
-39.780000	88.980121	10050.853888
-39.728000	88.121585	10050.875035
-39.676000	87.240465	10050.896115
-39.624000	86.356101	10050.897954
-39.572000	85.453390	10050.866730
-39.520000	84.546836	10050.858789
-39.468000	83.625672	10050.879799
-39.416000	82.700456	10050.873483
-39.364000	81.764075	10050.842189
-39.312000	80.823728	10050.842255
-39.260000	79.875113	10050.863222
-39.208000	78.923000	10050.884173
-39.156000	77.965236	10050.905105
-39.104000	77.004710	10050.886567
-39.052000	76.040674	10050.855167
-39.000000	75.074870	10050.867250
-38.948000	74.107287	10050.888139
-38.896000	73.139218	10050.861447
-38.844000	72.170762	10050.829977
-38.792000	71.203284	10050.850062
-38.740000	70.236421	10050.867569
-38.688000	69.272253	10050.836049
-38.636000	68.309400	10050.811887
-38.584000	67.351051	10050.832650
-38.532000	66.394366	10050.853419
-38.480000	65.444125	10050.874118
-38.428000	64.495613	10050.879396
-38.376000	63.555629	10050.847790
-38.324000	62.617192	10050.835656
-38.272000	61.689309	10050.856309
-38.220000	60.762541	10050.853452
-38.168000	59.848587	10050.821773
-38.116000	58.935431	10050.817637
-38.064000	58.036576	10050.838219
-38.012000	57.138963	10050.827214
-37.960000	56.255940	10050.795492
-37.908000	55.375212	10050.799366
-37.856000	54.508998	10050.819876
-37.804000	53.646244	10050.800714
-37.752000	52.797816	10050.768921
-37.700000	51.954062	10050.780826
-37.648000	51.124139	10050.801320
-37.596000	50.300140	10050.821760
-37.544000	49.489288	10050.842191
-37.492000	48.685693	10050.810821
-37.440000	47.894530	10050.782477
-37.388000	47.111852	10050.802856
-37.336000	46.340582	10050.815674
-37.284000	45.579152	10050.783744
-37.232000	44.828187	10050.763430
-37.180000	44.088295	10050.783759
-37.128000	43.357737	10050.788445
-37.076000	42.639498	10050.756439
-37.024000	41.929451	10050.744124
-36.972000	41.232878	10050.764379
-36.920000	40.543290	10050.760913
-36.868000	39.868363	10050.728863
-36.816000	39.199233	10050.724573
-36.764000	38.545754	10050.744783
-36.712000	37.896826	10050.733174
-36.660000	37.264592	10050.701052
-36.608000	36.635711	10050.704773
-36.556000	36.024505	10050.724938
-36.504000	35.415467	10050.705195
-36.452000	34.824912	10050.673028
-36.400000	34.235485	10050.684757
-36.348000	33.665051	10050.704849
-36.296000	33.095836	10050.676966
-36.244000	32.544217	10050.644753
-36.192000	31.994857	10050.664506
-36.140000	31.461640	10050.680806
-36.088000	30.931666	10050.648539
-36.036000	30.416390	10050.624068
-35.984000	29.905287	10050.644058
-35.932000	29.407488	10050.652229
-35.880000	28.914769	10050.619885
-35.828000	28.434088	10050.603416
-35.776000	27.959298	10050.623359
-35.724000	27.495220	10050.623397
-35.672000	27.037806	10050.591005
-35.620000	26.589869	10050.582565
-35.568000	26.149290	10050.602461
-35.516000	25.716980	10050.594365
-35.464000	25.292717	10050.561928
-35.412000	24.875622	10050.561502
-35.360000	24.467156	10050.581325
-35.308000	24.064763	10050.565081
-35.256000	23.671554	10050.532598
-35.204000	23.283400	10050.540212
-35.152000	22.904930	10050.560017
-35.100000	22.530552	10050.535631
-35.048000	22.166306	10050.503075
-34.996000	21.805242	10050.518710
-34.944000	21.454745	10050.538468
-34.892000	21.106584	10050.505966
-34.840000	20.769242	10050.477356
-34.788000	20.433417	10050.497033
-34.736000	20.108840	10050.508713
-34.684000	19.785044	10050.476080
-34.632000	19.472734	10050.455501
-34.580000	19.161070	10050.475154
-34.528000	18.859944	10050.478727
-34.476000	18.559989	10050.446046
-34.424000	18.269606	10050.433495
-34.372000	17.980950	10050.453100
-34.320000	17.700899	10050.448539
-34.268000	17.423093	10050.415811
-34.216000	17.153015	10050.411287
-34.164000	16.885643	10050.430846
-34.112000	16.625126	10050.418149
-34.060000	16.367766	10050.385374
-34.008000	16.116501	10050.388877
-33.956000	15.868766	10050.408389
-33.904000	15.626343	10050.387573
-33.852000	15.387845	10050.354779
-33.800000	15.154007	10050.366317
-33.748000	14.924406	10050.385782
-33.696000	14.698792	10050.356834
-33.644000	14.477716	10050.323993
-33.592000	14.260019	10050.291113
-33.540000	14.047091	10050.262417
-33.488000	13.836951	10050.281843
-33.436000	13.631876	10050.293054
-33.384000	13.429086	10050.260118
-33.332000	13.231558	10050.239455
-33.280000	13.035811	10050.258832
-33.228000	12.845527	10050.261910
-33.176000	12.656565	10050.228952
-33.124000	12.473194	10050.216341
-33.072000	12.290709	10050.235669
-33.020000	12.114001	10050.230621
-32.968000	11.937787	10050.197642
-32.916000	11.767463	10050.193086
-32.864000	11.597478	10050.212394
-32.812000	11.433036	10050.199228
-32.760000	11.269127	10050.166203
-32.708000	11.110288	10050.169672
-32.656000	10.952268	10050.188933
-32.604000	10.798775	10050.208186
-32.552000	10.646368	10050.227437
-32.500000	10.498016	10050.202080
-32.448000	10.351006	10050.168996
-32.396000	10.207639	10050.184540
-32.344000	10.065823	10050.203410
-32.292000	9.927190	10050.170305
-32.240000	9.790325	10050.141602
-32.188000	9.656278	10050.160776
-32.136000	9.524189	10050.171518
-32.084000	9.394558	10050.138383
-32.032000	9.267053	10050.117737
-31.980000	9.141663	10050.136888
-31.928000	9.018558	10050.139527
-31.876000	8.897255	10050.106371
-31.824000	8.778376	10050.093772
-31.772000	8.660999	10050.112874
-31.720000	8.546178	10050.107390
-31.668000	8.432585	10050.074213
-31.616000	8.321665	10050.069664
-31.564000	8.211716	10050.088745
-31.512000	8.104538	10050.075160
-31.460000	7.998090	10050.041963
-31.408000	7.894516	10050.045463
-31.356000	7.791450	10050.064523
-31.304000	7.691328	10050.042820
-31.252000	7.591506	10050.009574
-31.200000	7.494717	10050.021134
-31.148000	7.398107	10050.040201
-31.096000	7.304438	10050.010398
-31.044000	7.211006	10049.977711
-30.992000	7.120241	10049.996749
-30.940000	7.029868	10050.015796
-30.888000	6.941911	10050.034798
-30.836000	6.854485	10050.045149
-30.784000	6.769221	10050.011869
-30.732000	6.684623	10049.991291
-30.680000	6.601965	10050.010268
-30.628000	6.520093	10050.012519
-30.576000	6.439944	10049.979216
-30.524000	6.360692	10049.966696
-30.472000	6.282958	10049.985678
-30.420000	6.206228	10049.979847
-30.368000	6.130828	10049.946523
-30.316000	6.056524	10049.942056
-30.264000	5.983370	10049.961017
-30.212000	5.911403	10049.947081
-30.160000	5.840424	10049.913736
-30.108000	5.770708	10049.917320
-30.056000	5.701821	10049.936260
-30.004000	5.634271	10049.955211
-29.952000	5.567405	10049.974168
-29.900000	5.501944	10049.948101
-29.848000	5.437031	10049.914752
-29.796000	5.373580	10049.930444
-29.744000	5.310549	10049.948583
-29.692000	5.249033	10049.915207
-29.640000	5.187816	10049.886673
-29.588000	5.128170	10049.905606
-29.536000	5.068710	10049.924549
-29.484000	5.010866	10049.943470
-29.432000	4.953119	10049.949484
-29.380000	4.896990	10049.916098
-29.328000	4.840970	10049.899674
-29.276000	4.786430	10049.918573
-29.224000	4.732081	10049.916490
-29.172000	4.679063	10049.883109
-29.120000	4.626317	10049.874766
-29.068000	4.574779	10049.893671
-29.016000	4.523587	10049.912588
-28.964000	4.473478	10049.931510
-28.912000	4.423782	10049.917316
-28.860000	4.375051	10049.883931
-28.808000	4.326798	10049.887710
-28.756000	4.279403	10049.906638
-28.704000	4.232547	10049.884366
-28.652000	4.186448	10049.850986
-28.600000	4.140938	10049.862829
-28.548000	4.096083	10049.881736
-28.496000	4.051870	10049.900651
-28.444000	4.008223	10049.918560
-28.392000	3.965267	10049.885171
-28.340000	3.922791	10049.856842
-28.288000	3.881049	10049.875762
-28.236000	3.839704	10049.894691
-28.184000	3.799133	10049.913600
-28.132000	3.758883	10049.919386
-28.080000	3.719443	10049.886014
-28.028000	3.680252	10049.869827
-27.976000	3.641907	10049.888768
-27.924000	3.603744	10049.886501
-27.872000	3.566459	10049.853135
-27.820000	3.529294	10049.845033
-27.768000	3.493026	10049.863980
-27.716000	3.456816	10049.882938
-27.664000	3.421539	10049.901902
-27.612000	3.386315	10049.887531
-27.560000	3.351946	10049.854188
-27.508000	3.317675	10049.858226
-27.456000	3.284185	10049.877195
-27.404000	3.250839	10049.896156
-27.352000	3.218192	10049.915115
-27.300000	3.185733	10049.888653
-27.248000	3.153909	10049.855360
-27.196000	3.122314	10049.871543
-27.144000	3.091291	10049.890534
-27.092000	3.060534	10049.909535
-27.040000	3.030283	10049.923272
-26.988000	3.000333	10049.889966
-26.936000	2.970832	10049.865980
-26.884000	2.941667	10049.885013
-26.832000	2.912896	10049.904052
-26.780000	2.884488	10049.923073
-26.728000	2.856416	10049.924719
-26.676000	2.828741	10049.891488
-26.624000	2.801358	10049.879692
-26.572000	2.774398	10049.898745
-26.520000	2.747684	10049.917810
-26.468000	2.721410	10049.936881
-26.416000	2.695333	10049.926453
-26.364000	2.669730	10049.893243
-26.312000	2.644285	10049.893594
-26.260000	2.619326	10049.912698
-26.208000	2.594482	10049.894224
-26.156000	2.570155	10049.861048
-26.104000	2.545907	10049.869510
-26.052000	2.522187	10049.888647
-26.000000	2.498511	10049.907794
-25.948000	2.475379	10049.926947
-25.896000	2.452279	10049.896403
-25.844000	2.429697	10049.864728
-25.792000	2.407168	10049.883932
-25.740000	2.385115	10049.903146
-25.688000	2.363142	10049.922343
-25.636000	2.341599	10049.932018
-25.584000	2.320161	10049.898961
-25.532000	2.299111	10049.879480
-25.480000	2.278193	10049.898707
-25.428000	2.257626	10049.917950
-25.376000	2.237214	10049.937221
-25.324000	2.217114	10049.934855
-25.272000	2.197193	10049.901846
-25.220000	2.177552	10049.894547
-25.168000	2.158107	10049.913879
-25.116000	2.138908	10049.933222
-25.064000	2.119926	10049.952570
-25.012000	2.101158	10049.938149
-24.960000	2.082625	10049.905190
-24.908000	2.064274	10049.910080
-24.856000	2.046178	10049.929490
-24.804000	2.028237	10049.948891
-24.752000	2.010562	10049.968290
-24.700000	1.993013	10049.941833
-24.648000	1.975751	10049.908980
-24.596000	1.958593	10049.926083
-24.544000	1.941732	10049.943902
-24.492000	1.924949	10049.911101
-24.440000	1.908476	10049.884017
-24.388000	1.892058	10049.903530
-24.336000	1.875962	10049.923052
-24.284000	1.859898	10049.942608
-24.232000	1.844168	10049.948387
-24.180000	1.828458	10049.915663
-24.128000	1.813078	10049.900782
-24.076000	1.797725	10049.920398
-24.024000	1.782674	10049.940033
-23.972000	1.767668	10049.959693
-23.920000	1.752936	10049.953458
-23.868000	1.738265	10049.920839
-23.816000	1.723841	10049.918176
-23.764000	1.709497	10049.937870
-23.712000	1.695381	10049.923618
-23.660000	1.681359	10049.891088
-23.608000	1.667536	10049.896592
-23.556000	1.653821	10049.916375
-23.504000	1.640287	10049.936186
-23.452000	1.626874	10049.956013
-23.400000	1.613622	10049.929746
-23.348000	1.600504	10049.897294
-23.296000	1.587524	10049.915016
-23.244000	1.574689	10049.933018
-23.192000	1.561971	10049.900644
-23.140000	1.549416	10049.874207
-23.088000	1.536966	10049.894175
-23.036000	1.524680	10049.914153
-22.984000	1.512476	10049.934166
-22.932000	1.500455	10049.940187
-22.880000	1.488503	10049.907948
-22.828000	1.476737	10049.893763
-22.776000	1.465022	10049.913836
-22.724000	1.453505	10049.911852
-22.672000	1.442026	10049.879701
-22.620000	1.430755	10049.873685
-22.568000	1.419508	10049.893847
-22.516000	1.408472	10049.883881
-22.464000	1.397448	10049.851819
-22.412000	1.386643	10049.853971
-22.360000	1.375853	10049.874222
-22.308000	1.365259	10049.856274
-22.256000	1.354691	10049.824301
-22.204000	1.344302	10049.834639
-22.152000	1.333952	10049.855007
-22.100000	1.323768	10049.875385
-22.048000	1.313633	10049.895769
-21.996000	1.303645	10049.865849
-21.944000	1.293717	10049.836114
-21.892000	1.283924	10049.856606
-21.840000	1.274198	10049.870964
-21.788000	1.264591	10049.839233
-21.736000	1.255063	10049.817696
-21.684000	1.245646	10049.838306
-21.632000	1.236312	10049.844703
-21.580000	1.227069	10049.813034
-21.528000	1.217920	10049.799655
-21.476000	1.208853	10049.820381
-21.424000	1.199889	10049.818816
-21.372000	1.190996	10049.787263
-21.320000	1.182210	10049.782083
-21.268000	1.173481	10049.802899
-21.216000	1.164870	10049.793369
-21.164000	1.156306	10049.761961
-21.112000	1.147864	10049.764984
-21.060000	1.139459	10049.785890
-21.008000	1.131186	10049.768395
-20.956000	1.122941	10049.737104
-20.904000	1.114827	10049.748342
-20.852000	1.106731	10049.769392
-20.800000	1.098775	10049.743934
-20.748000	1.090828	10049.712734
-20.696000	1.083025	10049.681588
-20.644000	1.075230	10049.652782
-20.592000	1.067571	10049.673985
-20.540000	1.059928	10049.688836
-20.488000	1.052413	10049.657843
-20.436000	1.044920	10049.637262
-20.384000	1.037533	10049.658584
-20.332000	1.030178	10049.665486
-20.280000	1.022930	10049.634611
-20.228000	1.015720	10049.622233
-20.176000	1.008600	10049.643700
-20.124000	1.001524	10049.642673
-20.072000	0.994529	10049.611916
-20.020000	0.987586	10049.581190
-19.968000	0.980717	10049.550506
-19.916000	0.973905	10049.550456
-19.864000	0.967158	10049.572140
-19.812000	0.960473	10049.559226
-19.760000	0.953845	10049.528687
-19.708000	0.947284	10049.536854
-19.656000	0.940773	10049.558656
-19.604000	0.934334	10049.537789
-19.552000	0.927936	10049.507368
-19.500000	0.921616	10049.477020
-19.448000	0.915330	10049.446700
-19.396000	0.909126	10049.467210
-19.344000	0.902949	10049.486691
-19.292000	0.896858	10049.456502
-19.240000	0.890788	10049.426327
-19.188000	0.884808	10049.396190
-19.136000	0.878841	10049.376686
-19.084000	0.872970	10049.398946
-19.032000	0.867107	10049.406564
-18.980000	0.861342	10049.376600
-18.928000	0.855582	10049.346658
-18.876000	0.849917	10049.316767
-18.824000	0.844261	10049.309641
-18.772000	0.838690	10049.332119
-18.720000	0.833135	10049.327851
-18.668000	0.827659	10049.298107
-18.616000	0.822203	10049.268410
-18.564000	0.816819	10049.238766
-18.512000	0.811460	10049.244018
-18.460000	0.806166	10049.266743
-18.408000	0.800902	10049.250634
-18.356000	0.795696	10049.221164
-18.304000	0.790524	10049.191724
-18.252000	0.785404	10049.162300
-18.200000	0.780323	10049.179945
-18.148000	0.775288	10049.202945
-18.096000	0.770295	10049.174966
-18.044000	0.765343	10049.145716
-17.992000	0.760437	10049.116578
-17.940000	0.755567	10049.087457
-17.888000	0.750745	10049.058375
-17.836000	0.745954	10049.040145
-17.784000	0.741216	10049.063487
-17.732000	0.736503	10049.071969
-17.680000	0.731846	10049.043088
-17.628000	0.727209	10049.014230
-17.576000	0.722632	10048.985422
-17.524000	0.718070	10048.956658
-17.472000	0.713571	10048.927979
-17.420000	0.709082	10048.926317
-17.368000	0.704659	10048.949980
-17.316000	0.700242	10048.942670
-17.264000	0.695893	10048.914167
-17.212000	0.691549	10048.885718
-17.160000	0.687272	10048.857316
-17.108000	0.683000	10048.828959
-17.056000	0.678791	10048.800630
-17.004000	0.674591	10048.772370
-16.952000	0.670448	10048.744144
-16.900000	0.666318	10048.763184
-16.848000	0.662240	10048.787355
-16.796000	0.658179	10048.760398
-16.744000	0.654165	10048.732403
-16.692000	0.650171	10048.704470
-16.640000	0.646219	10048.676548
-16.588000	0.642291	10048.648720
-16.536000	0.638401	10048.620907
-16.484000	0.634537	10048.593181
-16.432000	0.630706	10048.580571
-16.380000	0.626906	10048.605243
-16.328000	0.623135	10048.610810
-16.276000	0.619396	10048.583288
-16.224000	0.615684	10048.555809
-16.172000	0.612005	10048.528417
-16.120000	0.608349	10048.501056
-16.068000	0.604730	10048.473737
-16.016000	0.601129	10048.446480
-15.964000	0.597569	10048.419292
-15.912000	0.594024	10048.392159
-15.860000	0.590520	10048.365072
-15.808000	0.587028	10048.377396
-15.756000	0.583581	10048.402736
-15.704000	0.580141	10048.384773
-15.652000	0.576748	10048.357920
-15.600000	0.573361	10048.331141
-15.548000	0.570022	10048.304389
-15.496000	0.566686	10048.277743
-15.444000	0.563399	10048.251121
-15.392000	0.560115	10048.224588
-15.340000	0.556877	10048.198068
-15.288000	0.553646	10048.171645
-15.236000	0.550455	10048.145237
-15.184000	0.547274	10048.118944
-15.132000	0.544131	10048.107988
-15.080000	0.540999	10048.134120
-15.028000	0.537902	10048.140929
-14.976000	0.534820	10048.114868
-14.924000	0.531768	10048.088852
-14.872000	0.528733	10048.062921
-14.820000	0.525726	10048.037043
-14.768000	0.522737	10048.011243
-14.716000	0.519775	10047.985492
-14.664000	0.516832	10047.959795
-14.612000	0.513912	10047.934169
-14.560000	0.511014	10047.908603
-14.508000	0.508136	10047.883116
-14.456000	0.505283	10047.857681
-14.404000	0.502446	10047.832334
-14.352000	0.499637	10047.807029
-14.300000	0.496841	10047.829451
-14.248000	0.494074	10047.856573
-14.196000	0.491318	10047.832110
-14.144000	0.488593	10047.807039
-14.092000	0.485876	10047.782110
-14.040000	0.483191	10047.757198
-13.988000	0.480513	10047.732384
-13.936000	0.477869	10047.707587
-13.884000	0.475229	10047.682931
-13.832000	0.472624	10047.658296
-13.780000	0.470021	10047.633743
-13.728000	0.467455	10047.609232
-13.676000	0.464891	10047.584838
-13.624000	0.462361	10047.560489
-13.572000	0.459835	10047.536226
-13.520000	0.457340	10047.512017
-13.468000	0.454851	10047.487885
-13.416000	0.452391	10047.495505
-13.364000	0.449939	10047.523802
-13.312000	0.447513	10047.516458
-13.260000	0.445097	10047.492618
-13.208000	0.442704	10047.468842
-13.156000	0.440323	10047.445106
-13.104000	0.437963	10047.421499
-13.052000	0.435617	10047.397950
-13.000000	0.433290	10047.374479
-12.948000	0.430978	10047.351035
-12.896000	0.428682	10047.327723
-12.844000	0.426403	10047.304438
-12.792000	0.424139	10047.281271
-12.740000	0.421893	10047.258120
-12.688000	0.419660	10047.235121
-12.636000	0.417446	10047.223847
-12.584000	0.415243	10047.253277
-12.532000	0.413061	10047.266989
-12.480000	0.410887	10047.244282
-12.428000	0.408736	10047.221618
-12.376000	0.406592	10047.199071
-12.324000	0.404472	10047.176570
-12.272000	0.402357	10047.154156
-12.220000	0.400266	10047.131808
-12.168000	0.398179	10047.109554
-12.116000	0.396118	10047.087364
-12.064000	0.394059	10047.065243
-12.012000	0.392027	10047.043226
-11.960000	0.389996	10047.021294
-11.908000	0.387991	10046.999444
-11.856000	0.385989	10046.977645
-11.804000	0.384011	10046.999962
-11.752000	0.382037	10047.030592
-11.700000	0.380084	10047.013302
-11.648000	0.378137	10046.991824
-11.596000	0.376211	10046.970481
-11.544000	0.374291	10046.949165
-11.492000	0.372390	10046.927969
-11.440000	0.370496	10046.906788
-11.388000	0.368620	10046.885788
-11.336000	0.366752	10046.864805
-11.284000	0.364900	10046.843938
-11.232000	0.363058	10046.823108
-11.180000	0.361230	10046.802430
-11.128000	0.359413	10046.801802
-11.076000	0.357608	10046.833582
-11.024000	0.355817	10046.841373
-10.972000	0.354036	10046.821019
-10.920000	0.352269	10046.800721
-10.868000	0.350510	10046.780501
-10.816000	0.348766	10046.760385
-10.764000	0.347030	10046.740383
-10.712000	0.345311	10046.720455
-10.660000	0.343596	10046.700587
-10.608000	0.341900	10046.680838
-10.556000	0.340207	10046.661160
-10.504000	0.338533	10046.685837
-10.452000	0.336862	10046.718618
-10.400000	0.335211	10046.703241
-10.348000	0.333561	10046.683888
-10.296000	0.331932	10046.664695
-10.244000	0.330303	10046.645533
-10.192000	0.328695	10046.626518
-10.140000	0.327088	10046.607521
-10.088000	0.325500	10046.588678
-10.036000	0.323914	10046.582002
-9.984000	0.322346	10046.615646
-9.932000	0.320781	10046.633144
-9.880000	0.319232	10046.614681
-9.828000	0.317688	10046.596264
-9.776000	0.316158	10046.577966
-9.724000	0.314635	10046.559734
-9.672000	0.313123	10046.541626
-9.620000	0.311619	10046.523587
-9.568000	0.310127	10046.505643
-9.516000	0.308643	10046.520135
-9.464000	0.307169	10046.554679
-9.412000	0.305704	10046.552949
-9.360000	0.304248	10046.535389
-9.308000	0.302801	10046.517932
-9.256000	0.301363	10046.500536
-9.204000	0.299936	10046.483294
-9.152000	0.298516	10046.466117
-9.100000	0.297107	10046.497567
-9.048000	0.295703	10046.532608
-8.996000	0.294312	10046.515758
-8.944000	0.292926	10046.498938
-8.892000	0.291553	10046.482295
-8.840000	0.290183	10046.465671
-8.788000	0.288827	10046.449203
-8.736000	0.287474	10046.445123
-8.684000	0.286136	10046.481171
-8.632000	0.284799	10046.500855
-8.580000	0.283477	10046.484800
-8.528000	0.282156	10046.468791
-8.476000	0.280851	10046.452900
-8.424000	0.279547	10046.437086
-8.372000	0.278257	10046.421416
-8.320000	0.276970	10046.434348
-8.268000	0.275695	10046.471168
-8.216000	0.274424	10046.475524
-8.164000	0.273164	10046.460242
-8.112000	0.271909	10046.445069
-8.060000	0.270664	10046.429981
-8.008000	0.269424	10046.455654
-7.956000	0.268195	10046.493055
-7.904000	0.266970	10046.485936
-7.852000	0.265755	10046.471263
-7.800000	0.264546	10046.456720
-7.748000	0.263345	10046.442675
-7.696000	0.262150	10046.480655
-7.644000	0.260963	10046.514167
-7.592000	0.259783	10046.500089
-7.540000	0.258610	10046.486033
-7.488000	0.257445	10046.472160
-7.436000	0.256285	10046.470893
-7.384000	0.255134	10046.509512
-7.332000	0.253987	10046.531551
-7.280000	0.252850	10046.518069
-7.228000	0.251717	10046.504648
-7.176000	0.250594	10046.491389
-7.124000	0.249474	10046.502906
-7.072000	0.248365	10046.542166
-7.020000	0.247257	10046.552771
-6.968000	0.246161	10046.539932
-6.916000	0.245066	10046.527189
-6.864000	0.243984	10046.514545
-6.812000	0.242902	10046.538846
-6.760000	0.241832	10046.578723
-6.708000	0.240763	10046.577886
-6.656000	0.239705	10046.565690
-6.604000	0.238649	10046.598551
-6.552000	0.237603	10046.638876
-6.500000	0.236559	10046.630420
-6.448000	0.235525	10046.618646
-6.396000	0.234494	10046.607065
-6.344000	0.233471	10046.600235
-6.292000	0.232452	10046.641165
-6.240000	0.231442	10046.673358
-6.188000	0.230435	10046.662227
-6.136000	0.229435	10046.663922
-6.084000	0.228440	10046.705311
-6.032000	0.227452	10046.729909
-5.980000	0.226468	10046.719229
-5.928000	0.225490	10046.708611
-5.876000	0.224519	10046.698156
-5.824000	0.223552	10046.712696
-5.772000	0.222592	10046.754764
-5.720000	0.221636	10046.767961
-5.668000	0.220687	10046.757931
-5.616000	0.219741	10046.781023
-5.564000	0.218803	10046.823544
-5.512000	0.217868	10046.829160
-5.460000	0.216941	10046.819612
-5.408000	0.216016	10046.810193
-5.356000	0.215100	10046.800845
-5.304000	0.214185	10046.836793
-5.252000	0.213279	10046.879996
-5.200000	0.212375	10046.874203
-5.148000	0.211479	10046.866207
-5.096000	0.210584	10046.909831
-5.044000	0.209699	10046.948553
-4.992000	0.208814	10046.940128
-4.940000	0.207939	10046.940700
-4.888000	0.207064	10046.984815
-4.836000	0.206198	10047.015942
-4.784000	0.205333	10047.007982
-4.732000	0.204477	10047.017125
-4.680000	0.203622	10047.061696
-4.628000	0.202774	10047.085243
-4.576000	0.201929	10047.077772
-4.524000	0.201091	10047.070383
-4.472000	0.200255	10047.063144
-4.420000	0.199425	10047.085174
-4.368000	0.198600	10047.130457
-4.316000	0.197779	10047.142644
-4.264000	0.196962	10047.135866
-4.212000	0.196150	10047.166487
-4.160000	0.195343	10047.212260
-4.108000	0.194539	10047.216889
-4.056000	0.193741	10047.210596
-4.004000	0.192946	10047.249826
-3.952000	0.192156	10047.296093
-3.900000	0.191369	10047.293168
-3.848000	0.190588	10047.288480
-3.796000	0.189810	10047.335178
-3.744000	0.189038	10047.376753
-3.692000	0.188268	10047.371429
-3.640000	0.187504	10047.375323
-3.588000	0.186742	10047.422537
-3.536000	0.185987	10047.456551
-3.484000	0.185233	10047.451727
-3.432000	0.184486	10047.446957
-3.380000	0.183740	10047.442397
-3.328000	0.183001	10047.459208
-3.276000	0.182263	10047.507152
-3.224000	0.181532	10047.529845
-3.172000	0.180802	10047.525779
-3.120000	0.180078	10047.551206
-3.068000	0.179356	10047.599672
-3.016000	0.178640	10047.614840
-2.964000	0.177926	10047.611273
-2.912000	0.177217	10047.645311
-2.860000	0.176511	10047.694271
-2.808000	0.175809	10047.701893
-2.756000	0.175111	10047.698821
-2.704000	0.174417	10047.741493
-2.652000	0.173725	10047.790986
-2.600000	0.173039	10047.791073
-2.548000	0.172355	10047.789833
-2.496000	0.171675	10047.839811
-2.444000	0.170998	10047.884453
-2.392000	0.170325	10047.882373
-2.340000	0.169655	10047.880316
-2.288000	0.168989	10047.878533
-2.236000	0.168327	10047.890237
-2.184000	0.167668	10047.941014
-2.132000	0.167013	10047.974351
-2.080000	0.166360	10047.973073
-2.028000	0.165711	10047.993401
-1.976000	0.165065	10048.044687
-1.924000	0.164423	10048.070497
-1.872000	0.163783	10048.069750
-1.820000	0.163149	10048.098727
-1.768000	0.162516	10048.150540
-1.716000	0.161888	10048.168842
-1.664000	0.161261	10048.168632
-1.612000	0.160640	10048.168575
-1.560000	0.160019	10048.168628
-1.508000	0.159404	10048.210570
-1.456000	0.158790	10048.263165
-1.404000	0.158181	10048.270205
-1.352000	0.157573	10048.270795
-1.300000	0.156970	10048.321389
-1.248000	0.156369	10048.372970
-1.196000	0.155772	10048.374065
-1.144000	0.155177	10048.375197
-1.092000	0.154586	10048.376557
-1.040000	0.153997	10048.387571
-0.988000	0.153411	10048.441536
-0.936000	0.152828	10048.481867
-0.884000	0.152249	10048.483803
-0.832000	0.151672	10048.485792
-0.780000	0.151098	10048.487973
-0.728000	0.150527	10048.511989
-0.676000	0.149959	10048.566767
-0.624000	0.149394	10048.595857
-0.572000	0.148831	10048.598612
-0.520000	0.148272	10048.631312
-0.468000	0.147715	10048.686632
-0.416000	0.147161	10048.708227
-0.364000	0.146609	10048.711529
-0.312000	0.146062	10048.714990
-0.260000	0.145515	10048.718565
-0.208000	0.144973	10048.722320
-0.156000	0.144431	10048.726168
-0.104000	0.143894	10048.776205
-0.052000	0.143358	10048.832627
-0.000000	0.142827	10048.839268
0.052000	0.142296	10048.843694
0.104000	0.141770	10048.848366
0.156000	0.141244	10048.858879
0.208000	0.140723	10048.916141
0.260000	0.140203	10048.963581
0.312000	0.139687	10048.968837
0.364000	0.139171	10048.974132
0.416000	0.138660	10048.979660
0.468000	0.138150	10049.003183
0.520000	0.137644	10049.061318
0.572000	0.137139	10049.097567
0.624000	0.136638	10049.103679
0.676000	0.136138	10049.109896
0.728000	0.135641	10049.116291
0.780000	0.135146	10049.122811
0.832000	0.134654	10049.129489
0.884000	0.134164	10049.136324
0.936000	0.133677	10049.143308
0.988000	0.133191	10049.188583
1.040000	0.132708	10049.248146
1.092000	0.132228	10049.265732
1.144000	0.131750	10049.273282
1.196000	0.131274	10049.281057
1.248000	0.130800	10049.288912
1.300000	0.130329	10049.297001
1.352000	0.129860	10049.305144
1.404000	0.129393	10049.313538
1.456000	0.128928	10049.327990
1.508000	0.128466	10049.388988
1.560000	0.128005	10049.439949
1.612000	0.127548	10049.448968
1.664000	0.127091	10049.458029
1.716000	0.126638	10049.467336
1.768000	0.126186	10049.476712
1.820000	0.125738	10049.486334
1.872000	0.125289	10049.496040
1.924000	0.124845	10049.505945
1.976000	0.124401	10049.515958
2.028000	0.123961	10049.526156
2.080000	0.123522	10049.536494
2.132000	0.123086	10049.547007
2.184000	0.122650	10049.557672
2.236000	0.122218	10049.568477
2.288000	0.121787	10049.579454
2.340000	0.121359	10049.590547
2.392000	0.120932	10049.644236
2.444000	0.120507	10049.707946
2.496000	0.120085	10049.725452
2.548000	0.119664	10049.737159
2.600000	0.119245	10049.749127
2.652000	0.118828	10049.761153
2.704000	0.118413	10049.773441
2.756000	0.118000	10049.785760
2.808000	0.117590	10049.798367
2.860000	0.117180	10049.811002
2.912000	0.116773	10049.823935
2.964000	0.116368	10049.836915
3.016000	0.115964	10049.850172
3.068000	0.115562	10049.863490
3.120000	0.115163	10049.877017
3.172000	0.114764	10049.890642
3.224000	0.114369	10049.904494
3.276000	0.113974	10049.918469
3.328000	0.113582	10049.932652
3.380000	0.113191	10049.916484
3.432000	0.112802	10049.878663
3.484000	0.112414	10049.875523
3.536000	0.112030	10049.890306
3.588000	0.111646	10049.905285
3.640000	0.111265	10049.920398
3.692000	0.110883	10049.935729
3.744000	0.110506	10049.951166
3.796000	0.110129	10049.966813
3.848000	0.109755	10049.982530
3.900000	0.109381	10049.998519
3.952000	0.109010	10050.014566
4.004000	0.108639	10050.030914
4.056000	0.108271	10050.047296
4.108000	0.107904	10050.063977
4.160000	0.107540	10050.070185
4.212000	0.107176	10050.034881
4.264000	0.106815	10050.014169
4.316000	0.106455	10050.031501
4.368000	0.106097	10050.048909
4.420000	0.105740	10050.066575
4.472000	0.105384	10050.084328
4.524000	0.105031	10050.102274
4.576000	0.104679	10050.120351
4.628000	0.104328	10050.138642
4.680000	0.103979	10050.126388
4.732000	0.103632	10050.092723
4.784000	0.103285	10050.093961
4.836000	0.102941	10050.112905
4.888000	0.102598	10050.132039
4.940000	0.102257	10050.151300
4.992000	0.101917	10050.170790
5.044000	0.101579	10050.190391
5.096000	0.101242	10050.163376
5.148000	0.100907	10050.131003
5.200000	0.100573	10050.149815
5.252000	0.100242	10050.170087
5.304000	0.099910	10050.190645
5.356000	0.099581	10050.204555
5.408000	0.099252	10050.173190
5.460000	0.098927	10050.152571
5.512000	0.098601	10050.173800
5.564000	0.098278	10050.195087
5.616000	0.097955	10050.216693
5.668000	0.097635	10050.219570
5.720000	0.097315	10050.189179
5.772000	0.096997	10050.181734
5.824000	0.096680	10050.203994
5.876000	0.096365	10050.226381
5.928000	0.096051	10050.248972
5.980000	0.095738	10050.240809
6.032000	0.095427	10050.211459
6.084000	0.095117	10050.217239
6.136000	0.094808	10050.240512
6.188000	0.094501	10050.224994
6.240000	0.094195	10050.196308
6.292000	0.093891	10050.210902
6.344000	0.093587	10050.234872
6.396000	0.093285	10050.259096
6.448000	0.092985	10050.283403
6.500000	0.092685	10050.256898
6.552000	0.092387	10050.232130
6.604000	0.092090	10050.257081
6.656000	0.091795	10050.275164
6.708000	0.091500	10050.248210
6.760000	0.091208	10050.232224
6.812000	0.090915	10050.257911
6.864000	0.090625	10050.268679
6.916000	0.090335	10050.242439
6.968000	0.090048	10050.235294
7.020000	0.089760	10050.261692
7.072000	0.089475	10050.265143
7.124000	0.089190	10050.239595
7.176000	0.088907	10050.241277
7.228000	0.088625	10050.268372
7.280000	0.088345	10050.264505
7.332000	0.088064	10050.239679
7.384000	0.087786	10050.215029
7.436000	0.087509	10050.190531
7.488000	0.087233	10050.205478
7.540000	0.086957	10050.233656
7.592000	0.086684	10050.218841
7.644000	0.086411	10050.195102
7.696000	0.086140	10050.218909
7.748000	0.085869	10050.247800
7.800000	0.085600	10050.225680
7.852000	0.085331	10050.202658
7.904000	0.085064	10050.179941
7.956000	0.084798	10050.164369
8.008000	0.084534	10050.194366
8.060000	0.084270	10050.213241
8.112000	0.084007	10050.191304
8.164000	0.083746	10050.184621
8.216000	0.083485	10050.215347
8.268000	0.083226	10050.226933
8.320000	0.082967	10050.205756
8.372000	0.082710	10050.184689
8.424000	0.082454	10050.163860
8.476000	0.082199	10050.170488
8.528000	0.081944	10050.202322
8.580000	0.081692	10050.202994
8.632000	0.081439	10050.182941
8.684000	0.081189	10050.163076
8.736000	0.080938	10050.143371
8.788000	0.080690	10050.163347
8.840000	0.080441	10050.196342
8.892000	0.080195	10050.186133
8.944000	0.079948	10050.167218
8.996000	0.079704	10050.148574
9.048000	0.079460	10050.130013
9.100000	0.079217	10050.111804
9.152000	0.078975	10050.096954
9.204000	0.078734	10050.131432
9.256000	0.078494	10050.158607
9.308000	0.078255	10050.141242
9.360000	0.078017	10050.123910
9.412000	0.077780	10050.106902
9.464000	0.077544	10050.089967
9.516000	0.077309	10050.073388
9.568000	0.077075	10050.076351
9.620000	0.076842	10050.112436
9.672000	0.076609	10050.125160
9.724000	0.076378	10050.109355
9.776000	0.076147	10050.093708
9.828000	0.075918	10050.078304
9.880000	0.075689	10050.063090
9.932000	0.075462	10050.048092
9.984000	0.075235	10050.068930
10.036000	0.075009	10050.106644
10.088000	0.074784	10050.104942
10.140000	0.074560	10050.090738
10.192000	0.074337	10050.076826
10.244000	0.074114	10050.063042
10.296000	0.073893	10050.049582
10.348000	0.073672	10050.036218
10.400000	0.073453	10050.023207
10.452000	0.073234	10050.013770
10.504000	0.073016	10050.053511
10.556000	0.072799	10050.085738
10.608000	0.072583	10050.073614
10.660000	0.072367	10050.061530
10.712000	0.072153	10050.049836
10.764000	0.071939	10050.038212
10.816000	0.071727	10050.026926
10.868000	0.071514	10050.015747
10.920000	0.071303	10050.004896
10.972000	0.071093	10049.994187
11.024000	0.070884	10049.983776
11.076000	0.070675	10050.001291
11.128000	0.070467	10050.043622
11.180000	0.070260	10050.054362
11.232000	0.070054	10050.044814
11.284000	0.069848	10050.035501
11.336000	0.069644	10050.026381
11.388000	0.069440	10050.017544
11.440000	0.069237	10050.008879
11.492000	0.069035	10050.000532
11.544000	0.068833	10049.992322
11.596000	0.068633	10049.984451
11.648000	0.068433	10049.976677
11.700000	0.068234	10050.021286
11.752000	0.068035	10050.062545
11.804000	0.067838	10050.055647
11.856000	0.067641	10050.048787
11.908000	0.067445	10050.042364
11.960000	0.067249	10050.035987
12.012000	0.067055	10050.030044
12.064000	0.066861	10050.024179
12.116000	0.066668	10050.018687
12.168000	0.066476	10050.013312
12.220000	0.066284	10050.008282
12.272000	0.066093	10050.003410
12.324000	0.065903	10049.998865
12.376000	0.065714	10049.994512
12.428000	0.065525	10049.990443
12.480000	0.065337	10050.018617
12.532000	0.065150	10050.067340
12.584000	0.064963	10050.080265
12.636000	0.064778	10050.077140
12.688000	0.064593	10050.074337
12.740000	0.064408	10050.071721
12.792000	0.064225	10050.069449
12.844000	0.064042	10050.067320
12.896000	0.063859	10050.065597
12.948000	0.063678	10050.063987
13.000000	0.063497	10050.062780
13.052000	0.063317	10050.061639
13.104000	0.063137	10050.060967
13.156000	0.062958	10050.060337
13.208000	0.062780	10050.060227
13.260000	0.062602	10050.060170
13.312000	0.062426	10050.060571
13.364000	0.062249	10050.077126
13.416000	0.062074	10050.130312
13.468000	0.061899	10050.163534
13.520000	0.061725	10050.164978
13.572000	0.061551	10050.166596
13.624000	0.061378	10050.168565
13.676000	0.061206	10050.170741
13.728000	0.061034	10050.173214
13.780000	0.060863	10050.175964
13.832000	0.060693	10050.179010
13.884000	0.060523	10050.182344
13.936000	0.060354	10050.185904
13.988000	0.060185	10050.189834
14.040000	0.060018	10050.193978
14.092000	0.059850	10050.198497
14.144000	0.059684	10050.203168
14.196000	0.059518	10050.208285
14.248000	0.059353	10050.213521
14.300000	0.059188	10050.219251
14.352000	0.059024	10050.229223
14.404000	0.058860	10050.287847
14.456000	0.058697	10050.338313
14.508000	0.058535	10050.345282
14.560000	0.058373	10050.352311
14.612000	0.058212	10050.359837
14.664000	0.058052	10050.367470
14.716000	0.057892	10050.375573
14.768000	0.057732	10050.383841
14.820000	0.057573	10050.392578
14.872000	0.057415	10050.401510
14.924000	0.057258	10050.410829
14.976000	0.057101	10050.420394
15.028000	0.056944	10050.430311
15.080000	0.056788	10050.440534
15.132000	0.056633	10050.451080
15.184000	0.056478	10050.461981
15.236000	0.056324	10050.473157
15.288000	0.056170	10050.525252
15.340000	0.056017	10050.589346
15.392000	0.055864	10050.609349
15.444000	0.055713	10050.621800
15.496000	0.055561	10050.634754
15.548000	0.055410	10050.647837
15.600000	0.055260	10050.661484
15.652000	0.055110	10050.675214
15.704000	0.054961	10050.689582
15.756000	0.054812	10050.704006
15.808000	0.054664	10050.719068
15.860000	0.054516	10050.734207
15.912000	0.054369	10050.749967
15.964000	0.054223	10050.765856
16.016000	0.054076	10050.782298
16.068000	0.053931	10050.819462
16.120000	0.053786	10050.888885
16.172000	0.053641	10050.933966
16.224000	0.053497	10050.951790
16.276000	0.053354	10050.969921
16.328000	0.053211	10050.988483
16.380000	0.053068	10051.007388
16.432000	0.052926	10051.026643
16.484000	0.052785	10051.046329
16.536000	0.052644	10051.066343
16.588000	0.052504	10051.086835
16.640000	0.052364	10051.107588
16.692000	0.052224	10051.128884
16.744000	0.052085	10051.150388
16.796000	0.051947	10051.172503
16.848000	0.051809	10051.195333
16.900000	0.051671	10051.270577
16.952000	0.051534	10051.341317
17.004000	0.051398	10051.365108
17.056000	0.051262	10051.388964
17.108000	0.051126	10051.413589
17.160000	0.050991	10051.438306
17.212000	0.050857	10051.463740
17.264000	0.050723	10051.489333
17.316000	0.050589	10051.515591
17.368000	0.050456	10051.542075
17.420000	0.050323	10051.569172
17.472000	0.050191	10051.596553
17.524000	0.050059	10051.624472
17.576000	0.049928	10051.681604
17.628000	0.049797	10051.762711
17.680000	0.049666	10051.811364
17.732000	0.049536	10051.841026
17.784000	0.049407	10051.871201
17.836000	0.049278	10051.901756
17.888000	0.049149	10051.932881
17.940000	0.049021	10051.964312
17.992000	0.048893	10051.996418
18.044000	0.048766	10052.028777
18.096000	0.048639	10052.061887
18.148000	0.048513	10052.095179
18.200000	0.048387	10052.129314
18.252000	0.048261	10052.168382
18.304000	0.048136	10052.255829
18.356000	0.048011	10052.334494
18.408000	0.047887	10052.370639
18.460000	0.047763	10052.406904
18.512000	0.047640	10052.444051
18.564000	0.047517	10052.481399
18.616000	0.047395	10052.519569
18.668000	0.047272	10052.558014
18.720000	0.047151	10052.597192
18.772000	0.047029	10052.636732
18.824000	0.046909	10052.676944
18.876000	0.046788	10052.717613
18.928000	0.046668	10052.758897
18.980000	0.046549	10052.833813
19.032000	0.046429	10052.928461
19.084000	0.046310	10052.986606
19.136000	0.046192	10053.030046
19.188000	0.046074	10053.074231
19.240000	0.045956	10053.118807
19.292000	0.045839	10053.164213
19.344000	0.045722	10053.209922
19.396000	0.045606	10053.256556
19.448000	0.045490	10053.303407
19.500000	0.045374	10053.351326
19.552000	0.045259	10053.399381
19.604000	0.045144	10053.448559
19.656000	0.045030	10053.506909
19.708000	0.044916	10053.609665
19.760000	0.044802	10053.699460
19.812000	0.044689	10053.751161
19.864000	0.044576	10053.803116
19.916000	0.044463	10053.856084
19.968000	0.044351	10053.909402
20.020000	0.044239	10053.963632
20.072000	0.044128	10054.018338
20.124000	0.044017	10054.073912
20.176000	0.043906	10054.130058
20.228000	0.043796	10054.186963
20.280000	0.043686	10054.244571
20.332000	0.043576	10054.302865
20.384000	0.043467	10054.399301
20.436000	0.043358	10054.511243
20.488000	0.043250	10054.582755
20.540000	0.043142	10054.643858
20.592000	0.043034	10054.706031
20.644000	0.042927	10054.768584
20.696000	0.042820	10054.832342
20.748000	0.042713	10054.896373
20.800000	0.042607	10054.961723
20.852000	0.042501	10055.027233
20.904000	0.042395	10055.094271
20.956000	0.042290	10055.161433
21.008000	0.042185	10055.230066
21.060000	0.042080	10055.312233
21.112000	0.041976	10055.434739
21.164000	0.041872	10055.540215
21.216000	0.041769	10055.612101
21.268000	0.041665	10055.684451
21.320000	0.041563	10055.757986
21.372000	0.041460	10055.832138
21.424000	0.041358	10055.907398
21.476000	0.041256	10055.983430
21.528000	0.041154	10056.060466
21.580000	0.041053	10056.138381
21.632000	0.040952	10056.217136
21.684000	0.040852	10056.296981
21.736000	0.040752	10056.377587
21.788000	0.040652	10056.459423
21.840000	0.040552	10056.541876
21.892000	0.040453	10056.671386
21.944000	0.040354	10056.808030
21.996000	0.040256	10056.896602
22.048000	0.040157	10056.982923
22.100000	0.040059	10057.071032
22.152000	0.039962	10057.159347
22.204000	0.039864	10057.249604
22.256000	0.039767	10057.340021
22.308000	0.039671	10057.432370
22.360000	0.039574	10057.525004
22.412000	0.039478	10057.619522
22.464000	0.039383	10057.714488
22.516000	0.039287	10057.811150
22.568000	0.039192	10057.908459
22.620000	0.039097	10058.007389
22.672000	0.039003	10058.107140
22.724000	0.038909	10058.208334
22.776000	0.038814	10058.310546
22.828000	0.038721	10058.414058
22.880000	0.038628	10058.552513
22.932000	0.038535	10058.710634
22.984000	0.038442	10058.832459
23.036000	0.038350	10058.940799
23.088000	0.038257	10059.050808
23.140000	0.038166	10059.161637
23.192000	0.038074	10059.274399
23.244000	0.037983	10059.387815
23.296000	0.037892	10059.503364
23.348000	0.037801	10059.619367
23.400000	0.037711	10059.737768
23.452000	0.037621	10059.856429
23.504000	0.037531	10059.977794
23.556000	0.037442	10060.099379
23.608000	0.037352	10060.223606
23.660000	0.037263	10060.348228
23.712000	0.037175	10060.475366
23.764000	0.037086	10060.603122
23.816000	0.036998	10060.733166
23.868000	0.036910	10060.864102
23.920000	0.036823	10060.997227
23.972000	0.036736	10061.131500
24.024000	0.036649	10061.267755
24.076000	0.036562	10061.405410
24.128000	0.036476	10061.544818
24.180000	0.036389	10061.685907
24.232000	0.036304	10061.828545
24.284000	0.036218	10061.973231
24.336000	0.036133	10062.119296
24.388000	0.036047	10062.267674
24.440000	0.035963	10062.417166
24.492000	0.035878	10062.615411
24.544000	0.035794	10062.820746
24.596000	0.035710	10062.978921
24.648000	0.035626	10063.135536
24.700000	0.035542	10063.295545
24.752000	0.035459	10063.455905
24.804000	0.035376	10063.620024
24.856000	0.035293	10063.784446
24.908000	0.035211	10063.952518
24.960000	0.035129	10064.121158
25.012000	0.035047	10064.293299
25.064000	0.034965	10064.466338
25.116000	0.034884	10064.642620
25.168000	0.034802	10064.820133
25.220000	0.034721	10065.000605
25.272000	0.034641	10065.182715
25.324000	0.034560	10065.367602
25.376000	0.034480	10065.554511
25.428000	0.034400	10065.743913
25.480000	0.034320	10065.935707
25.532000	0.034241	10066.129667
25.584000	0.034162	10066.326493
25.636000	0.034083	10066.525213
25.688000	0.034004	10066.727249
25.740000	0.033926	10066.930851
25.792000	0.033847	10067.138279
25.844000	0.033769	10067.346938
25.896000	0.033692	10067.559810
25.948000	0.033614	10067.773520
26.000000	0.033537	10067.992153
26.052000	0.033460	10068.211267
26.104000	0.033383	10068.435742
26.156000	0.033306	10068.660649
26.208000	0.033230	10068.890758
26.260000	0.033154	10069.121703
26.312000	0.033078	10069.357633
26.364000	0.033002	10069.594870
26.416000	0.032927	10069.836718
26.468000	0.032852	10070.080398
26.520000	0.032777	10070.328391
26.572000	0.032702	10070.552420
26.624000	0.032628	10070.754404
26.676000	0.032553	10070.989697
26.728000	0.032479	10071.250489
26.780000	0.032405	10071.514834
26.832000	0.032332	10071.782337
26.884000	0.032258	10072.053999
26.936000	0.032185	10072.328359
26.988000	0.032112	10072.607544
27.040000	0.032040	10072.888960
27.092000	0.031967	10073.176008
27.144000	0.031895	10073.464826
27.196000	0.031823	10073.759930
27.248000	0.031751	10074.056248
27.300000	0.031679	10074.359677
27.352000	0.031608	10074.663764
27.404000	0.031537	10074.975813
27.456000	0.031466	10075.288502
27.508000	0.031395	10075.608870
27.560000	0.031324	10075.930497
27.612000	0.031254	10076.259376
27.664000	0.031184	10076.590236
27.716000	0.031114	10076.927928
27.768000	0.031044	10077.268355
27.820000	0.030975	10077.615100
27.872000	0.030905	10077.965402
27.924000	0.030836	10078.321526
27.976000	0.030767	10078.682065
28.028000	0.030699	10079.047862
28.080000	0.030630	10079.418993
28.132000	0.030562	10079.794783
28.184000	0.030494	10080.176828
28.236000	0.030426	10080.562858
28.288000	0.030358	10080.956242
28.340000	0.030291	10081.352962
28.392000	0.030223	10081.758064
28.444000	0.030156	10082.165737
28.496000	0.030089	10082.532220
28.548000	0.030023	10082.901500
28.600000	0.029956	10083.331356
28.652000	0.029890	10083.762154
28.704000	0.029824	10084.205037
28.756000	0.029758	10084.648887
28.808000	0.029692	10085.104289
28.860000	0.029627	10085.561656
28.912000	0.029561	10086.029993
28.964000	0.029496	10086.501418
29.016000	0.029431	10086.983235
29.068000	0.029367	10087.469269
29.120000	0.029302	10087.964854
29.172000	0.029238	10088.465930
29.224000	0.029173	10088.975835
29.276000	0.029109	10089.492586
29.328000	0.029046	10090.017352
29.380000	0.028982	10090.550364
29.432000	0.028919	10091.090460
29.484000	0.028855	10091.640318
29.536000	0.028792	10092.196285
29.588000	0.028729	10092.763617
29.640000	0.028667	10093.336001
29.692000	0.028604	10093.921472
29.744000	0.028542	10094.510864
29.796000	0.028480	10095.115182
29.848000	0.028418	10095.722203
29.900000	0.028356	10096.346035
29.952000	0.028294	10096.964498
30.004000	0.028233	10097.556320
30.056000	0.028172	10098.160504
30.108000	0.028110	10098.824207
30.160000	0.028050	10099.491068
30.212000	0.027989	10100.175013
30.264000	0.027928	10100.863857
30.316000	0.027868	10101.568813
30.368000	0.027808	10102.280536
30.420000	0.027748	10103.007292
30.472000	0.027688	10103.742787
30.524000	0.027628	10104.492086
30.576000	0.027569	10105.252289
30.628000	0.027509	10106.025048
30.680000	0.027450	10106.810948
30.732000	0.027391	10107.607951
30.784000	0.027332	10108.420565
30.836000	0.027273	10109.242778
30.888000	0.027215	10110.083169
30.940000	0.027157	10110.931482
30.992000	0.027098	10111.800774
31.044000	0.027040	10112.676202
31.096000	0.026983	10113.575583
31.148000	0.026925	10114.479157
31.200000	0.026867	10115.409776
31.252000	0.026810	10116.342656
31.304000	0.026753	10117.305738
31.356000	0.026696	10118.271428
31.408000	0.026639	10119.265946
31.460000	0.026582	10120.265693
31.512000	0.026526	10121.292855
31.564000	0.026469	10122.328077
31.616000	0.026413	10123.389194
31.668000	0.026357	10124.461398
31.720000	0.026301	10125.557756
31.772000	0.026245	10126.668444
31.824000	0.026190	10127.801377
31.876000	0.026134	10128.952159
31.928000	0.026079	10130.123148
31.980000	0.026024	10131.315721
32.032000	0.025969	10132.526221
32.084000	0.025914	10133.762328
32.136000	0.025860	10135.013899
32.188000	0.025805	10136.295337
32.240000	0.025751	10137.589532
32.292000	0.025697	10138.918330
32.344000	0.025642	10140.257003
32.396000	0.025589	10141.634773
32.448000	0.025535	10143.019161
32.500000	0.025481	10144.448756
32.552000	0.025428	10145.882110
32.604000	0.025375	10147.364418
32.656000	0.025321	10148.851247
32.708000	0.025268	10150.385468
32.760000	0.025215	10151.927018
32.812000	0.025163	10153.509926
32.864000	0.025110	10155.110201
32.916000	0.025058	10156.759461
32.968000	0.025006	10158.425137
33.020000	0.024954	10160.127998
33.072000	0.024901	10161.857298
33.124000	0.024850	10163.625234
33.176000	0.024798	10165.419969
33.228000	0.024746	10167.245952
33.280000	0.024695	10169.111690
33.332000	0.024644	10171.008677
33.384000	0.024593	10172.948174
33.436000	0.024542	10174.912885
33.488000	0.024491	10176.927445
33.540000	0.024440	10178.962871
33.592000	0.024390	10181.051509
33.644000	0.024339	10183.155824
33.696000	0.024289	10185.330772
33.748000	0.024239	10187.516494
33.800000	0.024189	10189.777220
33.852000	0.024139	10192.044911
33.904000	0.024089	10194.398481
33.956000	0.024040	10196.758748
34.008000	0.023990	10199.193092
34.060000	0.023941	10201.642511
34.112000	0.023892	10204.166346
34.164000	0.023843	10206.712890
34.216000	0.023794	10209.329152
34.268000	0.023745	10211.979056
34.320000	0.023696	10214.697423
34.372000	0.023648	10217.453186
34.424000	0.023599	10220.266683
34.476000	0.023551	10223.132897
34.528000	0.023503	10226.055415
34.580000	0.023455	10229.034121
34.632000	0.023407	10232.059154
34.684000	0.023359	10235.159052
34.736000	0.023312	10238.301505
34.788000	0.023264	10241.526336
34.840000	0.023217	10244.784960
34.892000	0.023170	10248.133218
34.944000	0.023123	10251.506681
34.996000	0.023076	10254.993336
35.048000	0.023029	10258.497093
35.100000	0.022982	10262.122208
35.152000	0.022936	10265.757371
35.204000	0.022889	10269.523550
35.256000	0.022843	10273.302928
35.308000	0.022797	10277.207512
35.360000	0.022751	10281.138318
35.412000	0.022705	10285.190928
35.464000	0.022659	10289.278363
35.516000	0.022613	10293.473041
35.568000	0.022568	10297.717337
35.620000	0.022522	10302.063705
35.672000	0.022477	10306.476210
35.724000	0.022431	10310.984495
35.776000	0.022386	10315.567172
35.828000	0.022341	10320.231332
35.880000	0.022297	10324.991872
35.932000	0.022252	10329.827307
35.984000	0.022207	10334.766855
36.036000	0.022163	10339.767031
36.088000	0.022118	10344.896057
36.140000	0.022074	10350.075936
36.192000	0.022030	10355.396843
36.244000	0.021986	10360.755120
36.296000	0.021942	10366.272064
36.348000	0.021898	10371.812802
36.400000	0.021854	10377.524285
36.452000	0.021811	10383.250988
36.504000	0.021767	10389.167154
36.556000	0.021724	10395.103697
36.608000	0.021681	10401.217847
36.660000	0.021638	10407.364908
36.712000	0.021595	10413.669025
36.764000	0.021552	10420.023095
36.816000	0.021509	10426.523864
36.868000	0.021467	10433.090283
36.920000	0.021424	10439.789241
36.972000	0.021382	10446.572547
37.024000	0.021339	10453.476350
37.076000	0.021297	10460.473916
37.128000	0.021255	10467.572134
37.180000	0.021213	10474.781910
37.232000	0.021171	10482.078289
37.284000	0.021129	10489.504919
37.336000	0.021088	10497.003700
37.388000	0.021046	10504.642172
37.440000	0.021005	10512.335656
37.492000	0.020964	10520.176273
37.544000	0.020922	10528.055744
37.596000	0.020881	10536.102458
37.648000	0.020840	10544.172967
37.700000	0.020799	10552.414710
37.752000	0.020759	10560.670194
37.804000	0.020718	10569.094009
37.856000	0.020677	10577.534893
37.908000	0.020637	10586.123299
37.960000	0.020597	10594.739605
38.012000	0.020556	10603.482200
38.064000	0.020516	10612.261535
38.116000	0.020476	10621.146432
38.168000	0.020436	10630.074761
38.220000	0.020396	10639.089142
38.272000	0.020357	10648.150829
38.324000	0.020317	10657.279844
38.376000	0.020277	10666.457056
38.428000	0.020238	10675.684456
38.480000	0.020199	10684.957253
38.532000	0.020159	10694.264701
38.584000	0.020120	10703.615352
38.636000	0.020081	10712.988808
38.688000	0.020042	10722.386386
38.740000	0.020004	10731.794201
38.792000	0.019965	10741.214649
38.844000	0.019926	10750.638304
38.896000	0.019888	10760.060699
38.948000	0.019849	10769.481758
39.000000	0.019811	10778.865985
39.052000	0.019773	10788.247635
39.104000	0.019735	10797.575281
39.156000	0.019697	10806.892108
39.208000	0.019659	10816.125625
39.260000	0.019621	10825.339017
39.312000	0.019583	10834.460179
39.364000	0.019545	10843.542594
39.416000	0.019508	10852.516060
39.468000	0.019471	10861.426512
39.520000	0.019433	10870.216391
39.572000	0.019396	10878.921813
39.624000	0.019359	10887.507465
39.676000	0.019322	10895.974495
39.728000	0.019285	10904.320058
39.780000	0.019248	10912.510370
39.832000	0.019211	10920.584195
39.884000	0.019174	10928.457547
39.936000	0.019138	10936.223303
39.988000	0.019101	10943.751469
40.040000	0.019065	10951.188957
40.092000	0.019029	10958.334842
40.144000	0.018992	10965.409214
40.196000	0.018956	10972.138249
40.248000	0.018920	10978.820326
40.300000	0.018884	10985.100770
40.352000	0.018848	10991.347941
40.404000	0.018813	10997.165905
40.456000	0.018777	11002.929210
40.508000	0.018741	11008.265190
40.560000	0.018706	11013.510257
40.612000	0.018670	11018.362332
40.664000	0.018635	11023.077473
40.716000	0.018600	11027.415737
40.768000	0.018565	11031.568878
40.820000	0.018530	11035.368599
40.872000	0.018495	11038.937448
40.924000	0.018460	11042.188773
40.976000	0.018425	11045.157004
41.028000	0.018390	11047.840141
41.080000	0.018356	11050.190623
41.132000	0.018321	11052.295719
41.184000	0.018287	11054.020267
41.236000	0.018252	11055.542352
41.288000	0.018218	11056.628035
41.340000	0.018184	11057.552288
41.392000	0.018150	11057.989089
41.444000	0.018116	11058.310373
41.496000	0.018082	11058.108061
41.548000	0.018048	11057.836675
41.600000	0.018014	11056.995129
41.652000	0.017981	11056.107405
41.704000	0.017947	11054.640378
41.756000	0.017914	11053.106191
41.808000	0.017880	11051.061094
41.860000	0.017847	11048.901550
41.912000	0.017814	11046.268234
41.964000	0.017780	11043.483214
42.016000	0.017747	11040.286951
42.068000	0.017714	11036.899885
42.120000	0.017681	11033.155205
42.172000	0.017648	11029.183663
42.224000	0.017616	11024.905390
42.276000	0.017583	11020.365669
42.328000	0.017550	11015.568340
42.380000	0.017518	11010.488325
42.432000	0.017486	11005.202159
42.484000	0.017453	10999.599668
42.536000	0.017421	10993.832980
42.588000	0.017389	10987.744722
42.640000	0.017357	10981.539098
42.692000	0.017324	10974.987818
42.744000	0.017293	10968.357101
42.796000	0.017261	10961.383365
42.848000	0.017229	10954.365503
42.900000	0.017197	10946.992159
42.952000	0.017165	10939.592943
43.004000	0.017134	10931.878941
43.056000	0.017102	10924.127312
43.108000	0.017071	10916.106214
43.160000	0.017040	10908.031425
43.212000	0.017008	10899.738594
43.264000	0.016977	10891.379773
43.316000	0.016946	10882.846832
43.368000	0.016915	10874.240312
43.420000	0.016884	10865.498390
43.472000	0.016853	10856.683023
43.524000	0.016822	10847.768474
43.576000	0.016792	10838.776025
43.628000	0.016761	10829.709025
43.680000	0.016730	10820.569655
43.732000	0.016700	10811.379847
43.784000	0.016669	10802.136360
43.836000	0.016639	10792.864341
43.888000	0.016609	10783.547458
43.940000	0.016579	10774.214677
43.992000	0.016548	10764.855311
44.044000	0.016518	10755.489826
44.096000	0.016488	10746.112613
44.148000	0.016458	10736.735123
44.200000	0.016428	10727.378653
44.252000	0.016399	10718.023642
44.304000	0.016369	10708.701983
44.356000	0.016339	10699.389279
44.408000	0.016310	10690.134128
44.460000	0.016280	10680.893406
44.512000	0.016251	10671.713081
44.564000	0.016222	10662.560330
44.616000	0.016192	10653.478834
44.668000	0.016163	10644.438177
44.720000	0.016134	10635.471316
44.772000	0.016105	10626.560790
44.824000	0.016076	10617.723888
44.876000	0.016047	10608.959916
44.928000	0.016018	10600.265812
44.980000	0.015989	10591.662061
45.032000	0.015960	10583.121629
45.084000	0.015932	10574.690979
45.136000	0.015903	10566.315580
45.188000	0.015875	10558.068213
45.240000	0.015846	10549.865260
45.292000	0.015818	10541.805585
45.344000	0.015790	10533.778378
45.396000	0.015761	10525.922905
45.448000	0.015733	10518.086046
45.500000	0.015705	10510.430292
45.552000	0.015677	10502.789478
45.604000	0.015649	10495.333325
45.656000	0.015621	10487.902480
45.708000	0.015593	10480.642982
45.760000	0.015565	10473.426238
45.812000	0.015538	10466.371092
45.864000	0.015510	10459.367892
45.916000	0.015482	10452.500918
45.968000	0.015455	10445.708268
46.020000	0.015427	10439.045650
46.072000	0.015400	10432.469962
46.124000	0.015373	10426.005973
46.176000	0.015345	10419.643239
46.228000	0.015318	10413.375902
46.280000	0.015291	10407.219782
46.332000	0.015264	10401.141401
46.384000	0.015237	10395.196179
46.436000	0.015210	10389.315727
46.488000	0.015183	10383.571991
46.540000	0.015156	10377.875551
46.592000	0.015130	10372.332170
46.644000	0.015103	10366.821512
46.696000	0.015076	10361.475147
46.748000	0.015050	10356.146815
46.800000	0.015023	10350.992990
46.852000	0.014997	10345.852699
46.904000	0.014970	10340.876658
46.956000	0.014944	10335.921835
47.008000	0.014918	10331.110536
47.060000	0.014892	10326.335887
47.112000	0.014866	10321.695837
47.164000	0.014840	10317.101929
47.216000	0.014813	10312.622463
47.268000	0.014788	10308.197524
47.320000	0.014762	10303.869460
47.372000	0.014736	10299.608195
47.424000	0.014710	10295.431326
47.476000	0.014684	10291.331140
47.528000	0.014659	10287.302009
47.580000	0.014633	10283.358027
47.632000	0.014608	10279.471693
47.684000	0.014582	10275.677876
47.736000	0.014557	10271.928902
47.788000	0.014531	10268.280458
47.840000	0.014506	10264.665385
47.892000	0.014481	10261.157094
47.944000	0.014456	10257.670806
47.996000	0.014431	10254.291736
48.048000	0.014406	10250.924996
48.100000	0.014381	10247.681354
48.152000	0.014356	10244.445779
48.204000	0.014331	10241.315131
48.256000	0.014306	10238.199854
48.308000	0.014281	10235.181368
48.360000	0.014256	10232.185857
48.412000	0.014232	10229.274592
48.464000	0.014207	10226.393718
48.516000	0.014183	10223.586707
48.568000	0.014158	10220.816501
48.620000	0.014134	10218.109303
48.672000	0.014109	10215.445295
48.724000	0.014085	10212.834940
48.776000	0.014061	10210.269520
48.828000	0.014036	10207.746331
48.880000	0.014012	10205.280654
48.932000	0.013988	10202.852132
48.984000	0.013964	10200.477655
49.036000	0.013940	10198.129873
49.088000	0.013916	10195.844760
49.140000	0.013892	10193.579991
49.192000	0.013869	10191.386030
49.244000	0.013845	10189.205347
49.296000	0.013821	10187.089280
49.348000	0.013797	10184.980152
49.400000	0.013774	10182.943661
49.452000	0.013750	10180.911698
49.504000	0.013727	10178.942107
49.556000	0.013703	10176.983485
49.608000	0.013680	10175.086816
49.660000	0.013657	10173.204503
49.712000	0.013633	10171.373552
49.764000	0.013610	10169.558939
49.816000	0.013587	10167.785507
49.868000	0.013564	10166.037176
49.920000	0.013541	10164.329255
49.972000	0.013518	10162.644775
50.024000	0.013495	10160.990420
50.076000	0.013472	10159.365251
50.128000	0.013449	10157.766239
50.180000	0.013426	10156.200086
50.232000	0.013403	10154.655423
50.284000	0.013381	10153.150033
50.336000	0.013358	10151.661986
50.388000	0.013335	10150.202538
50.440000	0.013313	10148.753935
50.492000	0.013290	10147.350455
50.544000	0.013268	10145.955007
50.596000	0.013245	10144.601673
50.648000	0.013223	10143.252326
50.700000	0.013201	10141.946839
50.752000	0.013179	10140.643638
50.804000	0.013156	10139.375965
50.856000	0.013134	10138.115687
50.908000	0.013112	10136.894253
50.960000	0.013090	10135.679763
51.012000	0.013068	10134.492527
51.064000	0.013046	10133.318923
51.116000	0.013024	10132.174912
51.168000	0.013002	10131.042065
51.220000	0.012981	10129.929436
51.272000	0.012959	10128.832767
51.324000	0.012937	10127.755268
51.376000	0.012915	10126.695782
51.428000	0.012894	10125.652175
51.480000	0.012872	10124.628448
51.532000	0.012851	10123.617500
51.584000	0.012829	10122.628071
51.636000	0.012808	10121.648494
51.688000	0.012786	10120.692032
51.740000	0.012765	10119.742742
51.792000	0.012744	10118.817905
51.844000	0.012723	10117.897711
51.896000	0.012701	10117.003321
51.948000	0.012680	10116.111246
52.000000	0.012659	10115.246089
52.052000	0.012638	10114.381904
52.104000	0.012617	10113.537698
52.156000	0.012596	10112.698709
52.208000	0.012575	10111.884891
52.260000	0.012554	10111.076571
52.312000	0.012534	10110.286994
52.364000	0.012513	10109.502248
52.416000	0.012492	10108.730771
52.468000	0.012471	10107.970549
52.520000	0.012451	10107.226840
52.572000	0.012430	10106.490020
52.624000	0.012410	10105.762803
52.676000	0.012389	10105.050267
52.728000	0.012369	10104.349210
52.780000	0.012348	10103.656664
52.832000	0.012328	10102.970594
52.884000	0.012308	10102.297995
52.936000	0.012287	10101.631449
52.988000	0.012267	10100.984054
53.040000	0.012247	10100.341592
53.092000	0.012227	10099.709339
53.144000	0.012207	10099.079762
53.196000	0.012187	10098.466429
53.248000	0.012167	10097.854477
53.300000	0.012147	10097.259358
53.352000	0.012127	10096.666581
53.404000	0.012107	10096.093118
53.456000	0.012087	10095.520614
53.508000	0.012067	10094.957740
53.560000	0.012048	10094.398390
53.612000	0.012028	10093.850765
53.664000	0.012008	10093.307688
53.716000	0.011989	10092.774818
53.768000	0.011969	10092.247435
53.820000	0.011949	10091.728803
53.872000	0.011930	10091.216551
53.924000	0.011910	10090.711714
53.976000	0.011891	10090.217587
54.028000	0.011872	10089.731350
54.080000	0.011852	10089.249098
54.132000	0.011833	10088.770410
54.184000	0.011814	10088.300438
54.236000	0.011795	10087.834308
54.288000	0.011776	10087.377424
54.340000	0.011756	10086.923282
54.392000	0.011737	10086.479017
54.444000	0.011718	10086.036516
54.496000	0.011699	10085.604497
54.548000	0.011680	10085.173356
54.600000	0.011662	10084.753025
54.652000	0.011643	10084.333555
54.704000	0.011624	10083.923855
54.756000	0.011605	10083.517263
54.808000	0.011586	10083.122974
54.860000	0.011568	10082.729119
54.912000	0.011549	10082.339520
54.964000	0.011530	10081.952902
55.016000	0.011512	10081.572842
55.068000	0.011493	10081.196404
55.120000	0.011475	10080.825643
55.172000	0.011456	10080.462203
55.224000	0.011438	10080.105695
55.276000	0.011419	10079.750390
55.328000	0.011401	10079.397329
55.380000	0.011383	10079.049520
55.432000	0.011364	10078.704918
55.484000	0.011346	10078.370352
55.536000	0.011328	10078.039162
55.588000	0.011310	10077.709360
55.640000	0.011292	10077.380827
55.692000	0.011274	10077.058873
55.744000	0.011256	10076.738363
55.796000	0.011238	10076.429671
55.848000	0.011220	10076.120844
55.900000	0.011202	10075.814710
55.952000	0.011184	10075.510288
56.004000	0.011166	10075.216382
56.056000	0.011148	10074.922055
56.108000	0.011130	10074.629670
56.160000	0.011113	10074.340794
56.212000	0.011095	10074.060269
56.264000	0.011077	10073.781764
56.316000	0.011060	10073.507617
56.368000	0.011042	10073.233194
56.420000	0.011025	10072.960052
56.472000	0.011007	10072.692872
56.524000	0.010990	10072.430971
56.576000	0.010972	10072.172252
56.628000	0.010955	10071.916162
56.680000	0.010938	10071.663642
56.732000	0.010920	10071.413265
56.784000	0.010903	10071.166760
56.836000	0.010886	10070.921899
56.888000	0.010868	10070.681181
56.940000	0.010851	10070.441637
56.992000	0.010834	10070.206587
57.044000	0.010817	10069.972290
57.096000	0.010800	10069.742655
57.148000	0.010783	10069.513410
57.200000	0.010766	10069.289025
57.252000	0.010749	10069.066201
57.304000	0.010732	10068.851799
57.356000	0.010715	10068.636633
57.408000	0.010698	10068.421649
57.460000	0.010681	10068.207764
57.512000	0.010665	10067.997286
57.564000	0.010648	10067.790568
57.616000	0.010631	10067.589722
57.668000	0.010615	10067.387798
57.720000	0.010598	10067.185932
57.772000	0.010581	10066.989193
57.824000	0.010565	10066.796711
57.876000	0.010548	10066.606427
57.928000	0.010532	10066.417929
57.980000	0.010515	10066.227959
58.032000	0.010499	10066.038195
58.084000	0.010482	10065.855450
58.136000	0.010466	10065.674674
58.188000	0.010450	10065.496824
58.240000	0.010433	10065.319784
58.292000	0.010417	10065.145832
58.344000	0.010401	10064.972381
58.396000	0.010385	10064.802202
58.448000	0.010369	10064.632296
58.500000	0.010352	10064.465744
58.552000	0.010336	10064.300662
58.604000	0.010320	10064.142660
58.656000	0.010304	10063.983648
58.708000	0.010288	10063.823632
58.760000	0.010272	10063.664397
58.812000	0.010256	10063.507526
58.864000	0.010240	10063.354014
58.916000	0.010225	10063.205419
58.968000	0.010209	10063.055255
59.020000	0.010193	10062.904427
59.072000	0.010177	10062.758150
59.124000	0.010161	10062.615422
59.176000	0.010146	10062.474276
59.228000	0.010130	10062.334396
59.280000	0.010114	10062.192270
59.332000	0.010099	10062.049910
59.384000	0.010083	10061.913854
59.436000	0.010068	10061.779424
59.488000	0.010052	10061.647018
59.540000	0.010037	10061.515160
59.592000	0.010021	10061.385507
59.644000	0.010006	10061.256210
59.696000	0.009990	10061.129270
59.748000	0.009975	10061.003301
59.800000	0.009960	10060.884158
59.852000	0.009944	10060.764064
59.904000	0.009929	10060.641997
59.956000	0.009914	10060.520330
60.008000	0.009899	10060.400540
60.060000	0.009884	10060.283319
60.112000	0.009869	10060.171064
60.164000	0.009853	10060.057129
60.216000	0.009838	10059.941801
60.268000	0.009823	10059.830113
60.320000	0.009808	10059.722095
60.372000	0.009793	10059.615093
60.424000	0.009778	10059.509184
60.476000	0.009763	10059.400806
60.528000	0.009749	10059.291697
60.580000	0.009734	10059.187823
60.632000	0.009719	10059.085875
60.684000	0.009704	10058.985343
60.736000	0.009689	10058.885382
60.788000	0.009675	10058.786847
60.840000	0.009660	10058.688690
60.892000	0.009645	10058.592147
60.944000	0.009630	10058.495851
60.996000	0.009616	10058.401217
61.048000	0.009601	10058.307523
61.100000	0.009587	10058.219996
61.152000	0.009572	10058.131439
61.204000	0.009558	10058.040318
61.256000	0.009543	10057.949501
61.308000	0.009529	10057.860065
61.360000	0.009514	10057.773053
61.412000	0.009500	10057.690460
61.464000	0.009486	10057.605993
61.516000	0.009471	10057.519785
61.568000	0.009457	10057.437013
61.620000	0.009443	10057.357544
61.672000	0.009428	10057.278811
61.724000	0.009414	10057.200857
61.776000	0.009400	10057.120088
61.828000	0.009386	10057.038342
61.880000	0.009372	10056.961545
61.932000	0.009358	10056.886467
61.984000	0.009344	10056.812403
62.036000	0.009330	10056.738741
62.088000	0.009316	10056.666141
62.140000	0.009302	10056.593817
62.192000	0.009288	10056.522703
62.244000	0.009274	10056.451768
62.296000	0.009260	10056.382008
62.348000	0.009246	10056.312350
62.400000	0.009232	10056.243939
62.452000	0.009218	10056.175664
62.504000	0.009204	10056.108495
62.556000	0.009191	10056.043177
62.608000	0.009177	10055.982456
62.660000	0.009163	10055.920011
62.712000	0.009150	10055.855229
62.764000	0.009136	10055.790845
62.816000	0.009122	10055.727243
62.868000	0.009109	10055.666934
62.920000	0.009095	10055.609661
62.972000	0.009082	10055.549698
63.024000	0.009068	10055.488326
63.076000	0.009055	10055.427566
63.128000	0.009041	10055.367277
63.180000	0.009028	10055.311693
63.232000	0.009014	10055.257653
63.284000	0.009001	10055.204375
63.336000	0.008987	10055.151396
63.388000	0.008974	10055.094336
63.440000	0.008961	10055.037135
63.492000	0.008948	10054.985990
63.544000	0.008934	10054.934970
63.596000	0.008921	10054.884865
63.648000	0.008908	10054.834000
63.700000	0.008895	10054.779647
63.752000	0.008882	10054.726646
63.804000	0.008868	10054.678448
63.856000	0.008855	10054.630422
63.908000	0.008842	10054.583120
63.960000	0.008829	10054.536046
64.012000	0.008816	10054.489602
64.064000	0.008803	10054.443450
64.116000	0.008790	10054.397862
64.168000	0.008777	10054.352627
64.220000	0.008764	10054.307885
64.272000	0.008751	10054.263547
64.324000	0.008739	10054.219627
64.376000	0.008726	10054.176149
64.428000	0.008713	10054.133008
64.480000	0.008700	10054.090376
64.532000	0.008687	10054.048025
64.584000	0.008675	10054.006228
64.636000	0.008662	10053.964644
64.688000	0.008649	10053.923646
64.740000	0.008637	10053.882796
64.792000	0.008624	10053.842587
64.844000	0.008611	10053.802469
64.896000	0.008599	10053.763013
64.948000	0.008586	10053.723616
65.000000	0.008574	10053.684899
65.052000	0.008561	10053.646263
65.104000	0.008549	10053.608206
65.156000	0.008536	10053.570283
65.208000	0.008524	10053.532906
65.260000	0.008511	10053.495709
65.312000	0.008499	10053.459001
65.364000	0.008486	10053.424974
65.416000	0.008474	10053.394084
65.468000	0.008462	10053.360579
65.520000	0.008449	10053.325099
65.572000	0.008437	10053.289926
65.624000	0.008425	10053.255070
65.676000	0.008413	10053.220542
65.728000	0.008400	10053.186262
65.780000	0.008388	10053.152351
65.832000	0.008376	10053.118643
65.884000	0.008364	10053.085356
65.936000	0.008352	10053.052232
65.988000	0.008340	10053.024443
66.040000	0.008328	10052.997013
66.092000	0.008316	10052.964901
66.144000	0.008304	10052.932856
66.196000	0.008292	10052.901303
66.248000	0.008280	10052.869796
66.300000	0.008268	10052.838796
66.352000	0.008256	10052.807858
66.404000	0.008244	10052.777334
66.456000	0.008232	10052.746913
66.508000	0.008220	10052.716899
66.560000	0.008208	10052.687020
66.612000	0.008196	10052.657490
66.664000	0.008185	10052.630622
66.716000	0.008173	10052.606786
66.768000	0.008161	10052.580240
66.820000	0.008149	10052.551633
66.872000	0.008138	10052.523246
66.924000	0.008126	10052.495083
66.976000	0.008114	10052.467170
67.028000	0.008103	10052.439446
67.080000	0.008091	10052.412017
67.132000	0.008080	10052.384748
67.184000	0.008068	10052.357759
67.236000	0.008056	10052.330877
67.288000	0.008045	10052.304326
67.340000	0.008033	10052.277858
67.392000	0.008022	10052.251739
67.444000	0.008010	10052.225670
67.496000	0.007999	10052.199950
67.548000	0.007988	10052.173359
67.600000	0.007976	10052.142827
67.652000	0.007965	10052.113657
67.704000	0.007953	10052.088730
67.756000	0.007942	10052.063875
67.808000	0.007931	10052.039291
67.860000	0.007920	10052.014808
67.912000	0.007908	10051.990584
67.964000	0.007897	10051.966484
68.016000	0.007886	10051.942611
68.068000	0.007875	10051.915948
68.120000	0.007863	10051.887163
68.172000	0.007852	10051.861875
68.224000	0.007841	10051.838656
68.276000	0.007830	10051.811892
68.328000	0.007819	10051.783773
68.380000	0.007808	10051.759982
68.432000	0.007797	10051.737386
68.484000	0.007786	10051.710476
68.536000	0.007775	10051.682966
68.588000	0.007764	10051.660649
68.640000	0.007753	10051.638560
68.692000	0.007742	10051.611599
68.744000	0.007731	10051.585196
68.796000	0.007720	10051.563754
68.848000	0.007709	10051.541412
68.900000	0.007698	10051.515033
68.952000	0.007687	10051.488696
69.004000	0.007677	10051.462604
69.056000	0.007666	10051.436566
69.108000	0.007655	10051.410724
69.160000	0.007644	10051.384950
69.212000	0.007633	10051.359347
69.264000	0.007623	10051.333830
69.316000	0.007612	10051.308466
69.368000	0.007601	10051.283214
69.420000	0.007591	10051.258113
69.472000	0.007580	10051.233123
69.524000	0.007569	10051.208247
69.576000	0.007559	10051.183514
69.628000	0.007548	10051.158889
69.680000	0.007538	10051.134381
69.732000	0.007527	10051.109938
69.784000	0.007517	10051.081106
69.836000	0.007506	10051.051675
69.888000	0.007496	10051.027370
69.940000	0.007485	10051.003227
69.992000	0.007475	10050.974174
70.044000	0.007464	10050.945692
70.096000	0.007454	10050.922101
70.148000	0.007443	10050.897582
70.200000	0.007433	10050.868933
70.252000	0.007423	10050.840313
70.304000	0.007412	10050.811845
70.356000	0.007402	10050.783424
70.408000	0.007392	10050.755169
70.460000	0.007381	10050.726957
70.512000	0.007371	10050.698846
70.564000	0.007361	10050.670798
70.616000	0.007351	10050.642862
70.668000	0.007341	10050.615009
70.720000	0.007330	10050.587267
70.772000	0.007320	10050.556219
70.824000	0.007310	10050.523386
70.876000	0.007300	10050.494418
70.928000	0.007290	10050.466970
70.980000	0.007280	10050.435440
71.032000	0.007270	10050.402918
71.084000	0.007260	10050.370483
71.136000	0.007250	10050.338084
71.188000	0.007240	10050.305822
71.240000	0.007230	10050.273596
71.292000	0.007220	10050.241467
71.344000	0.007210	10050.209354
71.396000	0.007200	10050.177342
71.448000	0.007190	10050.145347
71.500000	0.007180	10050.113505
71.552000	0.007170	10050.080307
71.604000	0.007160	10050.043334
71.656000	0.007150	10050.006393
71.708000	0.007140	10049.969552
71.760000	0.007131	10049.934924
71.812000	0.007121	10049.903407
71.864000	0.007111	10049.869348
71.916000	0.007101	10049.832724
71.968000	0.007092	10049.793147
72.020000	0.007082	10049.751383
72.072000	0.007072	10049.713070
72.124000	0.007062	10049.676654
72.176000	0.007053	10049.636480
72.228000	0.007043	10049.594913
72.280000	0.007033	10049.553415
72.332000	0.007024	10049.511959
72.384000	0.007014	10049.470554
72.436000	0.007005	10049.429172
72.488000	0.006995	10049.387846
72.540000	0.006986	10049.346539
72.592000	0.006976	10049.305313
72.644000	0.006967	10049.263514
72.696000	0.006957	10049.217131
72.748000	0.006948	10049.170760
72.800000	0.006938	10049.124447
72.852000	0.006929	10049.078149
72.904000	0.006919	10049.031896
72.956000	0.006910	10048.983865
73.008000	0.006900	10048.932471
73.060000	0.006891	10048.881095
73.112000	0.006882	10048.829757
73.164000	0.006872	10048.778439
73.216000	0.006863	10048.727156
73.268000	0.006854	10048.675896
73.320000	0.006844	10048.624669
73.372000	0.006835	10048.570043
73.424000	0.006826	10048.513627
73.476000	0.006817	10048.457237
73.528000	0.006807	10048.400871
73.580000	0.006798	10048.344531
73.632000	0.006789	10048.288211
73.684000	0.006780	10048.227287
73.736000	0.006771	10048.165777
73.788000	0.006762	10048.104291
73.840000	0.006752	10048.042610
73.892000	0.006743	10047.975932
73.944000	0.006734	10047.909874
73.996000	0.006725	10047.848437
74.048000	0.006716	10047.784981
74.100000	0.006707	10047.713146
74.152000	0.006698	10047.642736
74.204000	0.006689	10047.576125
74.256000	0.006680	10047.505882
74.308000	0.006671	10047.428848
74.360000	0.006662	10047.354050
74.412000	0.006653	10047.282268
74.464000	0.006644	10047.207863
74.516000	0.006635	10047.130874
74.568000	0.006626	10047.050845
74.620000	0.006617	10046.968620
74.672000	0.006609	10046.886401
74.724000	0.006600	10046.804199
74.776000	0.006591	10046.721983
74.828000	0.006582	10046.639769
74.880000	0.006573	10046.553310
74.932000	0.006565	10046.465877
74.984000	0.006556	10046.373800
75.036000	0.006547	10046.281154
75.088000	0.006538	10046.188488
75.140000	0.006530	10046.095597
75.192000	0.006521	10045.997704
75.244000	0.006512	10045.899819
75.296000	0.006503	10045.801906
75.348000	0.006495	10045.701925
75.400000	0.006486	10045.593531
75.452000	0.006477	10045.486584
75.504000	0.006469	10045.383427
75.556000	0.006460	10045.276579
75.608000	0.006452	10045.162932
75.660000	0.006443	10045.049288
75.712000	0.006435	10044.935645
75.764000	0.006426	10044.819340
75.816000	0.006417	10044.700442
75.868000	0.006409	10044.581525
75.920000	0.006400	10044.462593
75.972000	0.006392	10044.336720
76.024000	0.006384	10044.207299
76.076000	0.006375	10044.077850
76.128000	0.006367	10043.948393
76.180000	0.006358	10043.814657
76.232000	0.006350	10043.679963
76.284000	0.006341	10043.540564
76.336000	0.006333	10043.400605
76.388000	0.006325	10043.255529
76.440000	0.006316	10043.110050
76.492000	0.006308	10042.959527
76.544000	0.006300	10042.809006
76.596000	0.006291	10042.658460
76.648000	0.006283	10042.505802
76.700000	0.006275	10042.344751
76.752000	0.006267	10042.182238
76.804000	0.006258	10042.015914
76.856000	0.006250	10041.847718
76.908000	0.006242	10041.676120
76.960000	0.006234	10041.504511
77.012000	0.006225	10041.332870
77.064000	0.006217	10041.155861
77.116000	0.006209	10040.973712
77.168000	0.006201	10040.785369
77.220000	0.006193	10040.592684
77.272000	0.006185	10040.399968
77.324000	0.006177	10040.207235
77.376000	0.006169	10040.010593
77.428000	0.006160	10039.812603
77.480000	0.006152	10039.605952
77.532000	0.006144	10039.397394
77.584000	0.006136	10039.184117
77.636000	0.006128	10038.970308
77.688000	0.006120	10038.746218
77.740000	0.006112	10038.521857
77.792000	0.006104	10038.297443
77.844000	0.006096	10038.071005
77.896000	0.006088	10037.830835
77.948000	0.006080	10037.590666
78.000000	0.006073	10037.350413
78.052000	0.006065	10037.107190
78.104000	0.006057	10036.856415
78.156000	0.006049	10036.601848
78.208000	0.006041	10036.340524
78.260000	0.006033	10036.074599
78.312000	0.006025	10035.802758
78.364000	0.006017	10035.530879
78.416000	0.006010	10035.258943
78.468000	0.006002	10034.977677
78.520000	0.005994	10034.689995
78.572000	0.005986	10034.398751
78.624000	0.005979	10034.105744
78.676000	0.005971	10033.800964
78.728000	0.005963	10033.492200
78.780000	0.005955	10033.179050
78.832000	0.005948	10032.864960
78.884000	0.005940	10032.546077
78.936000	0.005932	10032.226666
78.988000	0.005925	10031.891826
79.040000	0.005917	10031.556066
79.092000	0.005909	10031.210333
79.144000	0.005902	10030.863205
79.196000	0.005894	10030.506908
79.248000	0.005886	10030.149511
79.300000	0.005879	10029.787885
79.352000	0.005871	10029.421737
79.404000	0.005864	10029.044350
79.456000	0.005856	10028.661213
79.508000	0.005849	10028.268033
79.560000	0.005841	10027.872510
79.612000	0.005834	10027.474002
79.664000	0.005826	10027.067298
79.716000	0.005819	10026.652997
79.768000	0.005811	10026.232401
79.820000	0.005804	10025.807542
79.872000	0.005796	10025.375565
79.924000	0.005789	10024.940137
79.976000	0.005781	10024.492848
80.028000	0.005774	10024.041626
80.080000	0.005767	10023.577323
80.132000	0.005759	10023.110307
80.184000	0.005752	10022.633724
80.236000	0.005745	10022.156139
80.288000	0.005737	10021.663051
80.340000	0.005730	10021.169064
80.392000	0.005723	10020.665118
80.444000	0.005715	10020.158293
80.496000	0.005708	10019.633307
80.548000	0.005701	10019.106073
80.600000	0.005693	10018.570487
80.652000	0.005686	10018.030313
80.704000	0.005679	10017.478958
80.756000	0.005672	10016.919854
80.808000	0.005664	10016.347467
80.860000	0.005657	10015.770368
80.912000	0.005650	10015.187387
80.964000	0.005643	10014.596141
81.016000	0.005636	10013.997358
81.068000	0.005629	10013.385940
81.120000	0.005621	10012.766121
81.172000	0.005614	10012.135579
81.224000	0.005607	10011.499935
81.276000	0.005600	10010.852372
81.328000	0.005593	10010.200948
81.380000	0.005586	10009.531996
81.432000	0.005579	10008.859512
81.484000	0.005572	10008.172632
81.536000	0.005565	10007.484317
81.588000	0.005558	10006.775236
81.640000	0.005551	10006.064867
81.692000	0.005544	10005.339707
81.744000	0.005537	10004.611582
81.796000	0.005530	10003.865348
81.848000	0.005523	10003.113386
81.900000	0.005516	10002.340882
81.952000	0.005509	10001.565268
82.004000	0.005502	10000.782193
82.056000	0.005495	9999.989319
82.108000	0.005488	9999.179946
82.160000	0.005481	9998.361097
82.212000	0.005474	9997.530656
82.264000	0.005467	9996.689122
82.316000	0.005460	9995.837646
82.368000	0.005453	9994.970268
82.420000	0.005447	9994.092495
82.472000	0.005440	9993.200370
82.524000	0.005433	9992.301557
82.576000	0.005426	9991.386751
82.628000	0.005419	9990.466873
82.680000	0.005412	9989.529389
82.732000	0.005406	9988.588465
82.784000	0.005399	9987.623484
82.836000	0.005392	9986.656230
82.888000	0.005385	9985.662963
82.940000	0.005379	9984.667674
82.992000	0.005372	9983.647853
83.044000	0.005365	9982.624976
83.096000	0.005359	9981.584096
83.148000	0.005352	9980.537377
83.200000	0.005345	9979.470200
83.252000	0.005338	9978.395149
83.304000	0.005332	9977.301670
83.356000	0.005325	9976.196314
83.408000	0.005319	9975.071333
83.460000	0.005312	9973.934398
83.512000	0.005305	9972.783088
83.564000	0.005299	9971.620592
83.616000	0.005292	9970.448238
83.668000	0.005286	9969.253493
83.720000	0.005279	9968.044374
83.772000	0.005272	9966.820815
83.824000	0.005266	9965.590657
83.876000	0.005259	9964.332403
83.928000	0.005253	9963.065446
83.980000	0.005246	9961.776378
84.032000	0.005240	9960.483123
84.084000	0.005233	9959.160934
84.136000	0.005227	9957.836165
84.188000	0.005220	9956.485219
84.240000	0.005214	9955.131480
84.292000	0.005207	9953.743616
84.344000	0.005201	9952.351825
84.396000	0.005194	9950.937673
84.448000	0.005188	9949.515195
84.500000	0.005182	9948.064274
84.552000	0.005175	9946.603772
84.604000	0.005169	9945.121289
84.656000	0.005162	9943.624800
84.708000	0.005156	9942.105580
84.760000	0.005150	9940.571905
84.812000	0.005143	9939.021151
84.864000	0.005137	9937.453500
84.916000	0.005131	9935.871207
84.968000	0.005124	9934.266356
85.020000	0.005118	9932.647272
85.072000	0.005112	9931.002814
85.124000	0.005106	9929.346987
85.176000	0.005099	9927.662916
85.228000	0.005093	9925.970296
85.280000	0.005087	9924.246626
85.332000	0.005080	9922.517263
85.384000	0.005074	9920.758793
85.436000	0.005068	9918.997863
85.488000	0.005062	9917.194953
85.540000	0.005056	9915.388799
85.592000	0.005049	9913.543873
85.644000	0.005043	9911.694105
85.696000	0.005037	9909.817623
85.748000	0.005031	9907.931451
85.800000	0.005025	9906.012971
85.852000	0.005019	9904.081549
85.904000	0.005012	9902.121050
85.956000	0.005006	9900.146380
86.008000	0.005000	9898.149102
86.060000	0.004994	9896.132392
86.112000	0.004988	9894.093122
86.164000	0.004982	9892.031168
86.216000	0.004976	9889.949897
86.268000	0.004970	9887.839464
86.320000	0.004964	9885.710966
86.372000	0.004958	9883.556907
86.424000	0.004952	9881.391607
86.476000	0.004946	9879.193883
86.528000	0.004940	9876.986580
86.580000	0.004934	9874.739168
86.632000	0.004928	9872.484637
86.684000	0.004922	9870.191192
86.736000	0.004916	9867.894471
86.788000	0.004910	9865.550694
86.840000	0.004904	9863.203506
86.892000	0.004898	9860.817705
86.944000	0.004892	9858.424446
86.996000	0.004886	9855.991402
87.048000	0.004880	9853.547258
87.100000	0.004874	9851.066961
87.152000	0.004868	9848.571912
87.204000	0.004862	9846.044379
87.256000	0.004856	9843.500484
87.308000	0.004851	9840.930950
87.360000	0.004845	9838.336908
87.412000	0.004839	9835.714886
87.464000	0.004833	9833.064309
87.516000	0.004827	9830.389828
87.568000	0.004821	9827.689236
87.620000	0.004816	9824.972750
87.672000	0.004810	9822.219596
87.724000	0.004804	9819.450648
87.776000	0.004798	9816.640945
87.828000	0.004792	9813.819481
87.880000	0.004787	9810.957724
87.932000	0.004781	9808.089050
87.984000	0.004775	9805.166660
88.036000	0.004769	9802.239882
88.088000	0.004764	9799.266262
88.140000	0.004758	9796.288169
88.192000	0.004752	9793.262071
88.244000	0.004746	9790.227468
88.296000	0.004741	9787.148869
88.348000	0.004735	9784.057718
88.400000	0.004729	9780.926628
88.452000	0.004724	9777.778937
88.504000	0.004718	9774.595412
88.556000	0.004712	9771.389148
88.608000	0.004707	9768.147876
88.660000	0.004701	9764.879426
88.712000	0.004696	9761.580488
88.764000	0.004690	9758.252762
88.816000	0.004684	9754.901333
88.868000	0.004679	9751.517057
88.920000	0.004673	9748.113137
88.972000	0.004668	9744.664988
89.024000	0.004662	9741.198171
89.076000	0.004656	9737.690377
89.128000	0.004651	9734.171039
89.180000	0.004645	9730.602240
89.232000	0.004640	9727.025235
89.284000	0.004634	9723.394247
89.336000	0.004629	9719.758719
89.388000	0.004623	9716.061070
89.440000	0.004618	9712.358733
89.492000	0.004612	9708.608581
89.544000	0.004607	9704.847961
89.596000	0.004601	9701.034846
89.648000	0.004596	9697.206413
89.700000	0.004590	9693.330402
89.752000	0.004585	9689.435876
89.804000	0.004580	9685.502115
89.856000	0.004574	9681.545395
89.908000	0.004569	9677.553969
89.960000	0.004563	9673.532608
90.012000	0.004558	9669.478202
90.064000	0.004552	9665.389026
90.116000	0.004547	9661.271724
90.168000	0.004542	9657.114762
90.220000	0.004536	9652.934508
90.272000	0.004531	9648.709729
90.324000	0.004526	9644.466521
90.376000	0.004520	9640.178065
90.428000	0.004515	9635.877188
90.480000	0.004510	9631.517532
90.532000	0.004504	9627.148444
90.584000	0.004499	9622.720286
90.636000	0.004494	9618.287180
90.688000	0.004488	9613.786994
90.740000	0.004483	9609.281405
90.792000	0.004478	9604.723529
90.844000	0.004473	9600.154032
90.896000	0.004467	9595.527965
90.948000	0.004462	9590.885018
91.000000	0.004457	9586.190798
91.052000	0.004452	9581.476124
91.104000	0.004446	9576.718951
91.156000	0.004441	9571.936465
91.208000	0.004436	9567.116366
91.260000	0.004431	9562.261061
91.312000	0.004426	9557.367551
91.364000	0.004420	9552.438998
91.416000	0.004415	9547.482563
91.468000	0.004410	9542.482902
91.520000	0.004405	9537.458313
91.572000	0.004400	9532.385214
91.624000	0.004395	9527.292441
91.676000	0.004389	9522.145908
91.728000	0.004384	9516.984978
91.780000	0.004379	9511.765023
91.832000	0.004374	9506.535936
91.884000	0.004369	9501.242538
91.936000	0.004364	9495.943864
91.988000	0.004359	9490.578441
92.040000	0.004354	9485.206358
92.092000	0.004349	9479.772764
92.144000	0.004343	9474.326350
92.196000	0.004338	9468.819335
92.248000	0.004333	9463.295156
92.300000	0.004328	9457.719986
92.352000	0.004323	9452.122378
92.404000	0.004318	9446.479025
92.456000	0.004313	9440.805849
92.508000	0.004308	9435.089141
92.560000	0.004303	9429.339449
92.612000	0.004298	9423.554558
92.664000	0.004293	9417.728476
92.716000	0.004288	9411.870173
92.768000	0.004283	9405.968371
92.820000	0.004278	9400.041940
92.872000	0.004273	9394.062971
92.924000	0.004268	9388.063126
92.976000	0.004263	9382.005089
93.028000	0.004259	9375.931857
93.080000	0.004254	9369.799316
93.132000	0.004249	9363.657926
93.184000	0.004244	9357.446985
93.236000	0.004239	9351.230366
93.288000	0.004234	9344.942179
93.340000	0.004229	9338.647052
93.392000	0.004224	9332.290693
93.444000	0.004219	9325.920274
93.496000	0.004214	9319.485294
93.548000	0.004210	9313.032866
93.600000	0.004205	9306.529732
93.652000	0.004200	9300.002128
93.704000	0.004195	9293.425581
93.756000	0.004190	9286.818905
93.808000	0.004185	9280.169001
93.860000	0.004181	9273.483277
93.912000	0.004176	9266.759962
93.964000	0.004171	9259.998119
94.016000	0.004166	9253.206648
94.068000	0.004161	9246.364658
94.120000	0.004157	9239.494573
94.172000	0.004152	9232.571659
94.224000	0.004147	9225.628189
94.276000	0.004142	9218.626219
94.328000	0.004138	9211.609361
94.380000	0.004133	9204.528335
94.432000	0.004128	9197.438091
94.484000	0.004123	9190.277987
94.536000	0.004119	9183.112359
94.588000	0.004114	9175.880569
94.640000	0.004109	9168.640450
94.692000	0.004105	9161.330033
94.744000	0.004100	9154.006188
94.796000	0.004095	9146.622380
94.848000	0.004090	9139.219474
94.900000	0.004086	9131.762254
94.952000	0.004081	9124.280271
95.004000	0.004076	9116.749695
95.056000	0.004072	9109.188677
95.108000	0.004067	9101.584716
95.160000	0.004063	9093.944639
95.212000	0.004058	9086.267295
95.264000	0.004053	9078.545181
95.316000	0.004049	9070.789224
95.368000	0.004044	9062.989185
95.420000	0.004039	9055.165073
95.472000	0.004035	9047.287825
95.524000	0.004030	9039.390328
95.576000	0.004026	9031.434025
95.628000	0.004021	9023.463140
95.680000	0.004017	9015.427802
95.732000	0.004012	9007.383559
95.784000	0.004007	8999.269173
95.836000	0.004003	8991.149119
95.888000	0.003998	8982.958104
95.940000	0.003994	8974.759008
95.992000	0.003989	8966.494593
96.044000	0.003985	8958.216445
96.096000	0.003980	8949.878640
96.148000	0.003976	8941.521439
96.200000	0.003971	8933.110278
96.252000	0.003967	8924.675833
96.304000	0.003962	8916.196519
96.356000	0.003958	8907.686457
96.408000	0.003953	8899.133759
96.460000	0.003949	8890.544649
96.512000	0.003944	8881.918597
96.564000	0.003940	8873.250447
96.616000	0.003936	8864.551011
96.668000	0.003931	8855.803804
96.720000	0.003927	8847.030986
96.772000	0.003922	8838.208549
96.824000	0.003918	8829.367603
96.876000	0.003913	8820.467545
96.928000	0.003909	8811.553212
96.980000	0.003905	8802.578737
97.032000	0.003900	8793.596276
97.084000	0.003896	8784.543367
97.136000	0.003892	8775.484987
97.188000	0.003887	8766.361008
97.240000	0.003883	8757.228648
97.292000	0.003878	8748.031274
97.344000	0.003874	8738.820868
97.396000	0.003870	8729.555362
97.448000	0.003865	8720.271559
97.500000	0.003861	8710.937901
97.552000	0.003857	8701.578870
97.604000	0.003852	8692.171858
97.656000	0.003848	8682.738222
97.708000	0.003844	8673.268287
97.760000	0.003840	8663.761643
97.812000	0.003835	8654.218383
97.864000	0.003831	8644.635729
97.916000	0.003827	8635.024289
97.968000	0.003822	8625.368225
98.020000	0.003818	8615.688688
98.072000	0.003814	8605.959232
98.124000	0.003810	8596.211539
98.176000	0.003805	8586.408682
98.228000	0.003801	8576.592863
98.280000	0.003797	8566.721254
98.332000	0.003793	8556.842537
98.384000	0.003788	8546.893089
98.436000	0.003784	8536.938631
98.488000	0.003780	8526.928858
98.540000	0.003776	8516.910399
98.592000	0.003772	8506.827284
98.644000	0.003767	8496.731879
98.696000	0.003763	8486.585838
98.748000	0.003759	8476.422648
98.800000	0.003755	8466.213713
98.852000	0.003751	8455.982764
98.904000	0.003747	8445.710936
98.956000	0.003742	8435.409993
99.008000	0.003738	8425.070042
99.060000	0.003734	8414.698348
99.112000	0.003730	8404.295503
99.164000	0.003726	8393.856050
99.216000	0.003722	8383.390313
99.268000	0.003718	8372.883103
99.320000	0.003713	8362.354472
99.372000	0.003709	8351.783359
99.424000	0.003705	8341.197062
99.476000	0.003701	8330.555334
99.528000	0.003697	8319.900939
99.580000	0.003693	8309.195132
99.632000	0.003689	8298.483044
99.684000	0.003685	8287.715132
99.736000	0.003681	8276.942303
99.788000	0.003677	8266.104441
99.840000	0.003673	8255.260163
99.892000	0.003669	8244.369854
99.944000	0.003665	8233.466996
99.996000	0.003661	8222.513792
100.048000	0.003657	8211.546082
100.100000	0.003653	8200.540473
100.152000	0.003648	8189.512588
100.204000	0.003644	8178.444087
100.256000	0.003640	8167.350712
100.308000	0.003636	8156.224577
100.360000	0.003632	8145.071750
100.412000	0.003629	8133.893155
100.464000	0.003625	8122.677714
100.516000	0.003621	8111.436284
100.568000	0.003617	8100.163514
100.620000	0.003613	8088.874853
100.672000	0.003609	8077.539628
100.724000	0.003605	8066.188128
100.776000	0.003601	8054.797989
100.828000	0.003597	8043.399256
100.880000	0.003593	8031.948934
100.932000	0.003589	8020.492592
100.984000	0.003585	8008.985228
101.036000	0.003581	7997.473820
101.088000	0.003577	7985.912620
101.140000	0.003573	7974.344793
101.192000	0.003569	7962.731154
101.244000	0.003565	7951.107912
101.296000	0.003562	7939.447096
101.348000	0.003558	7927.771553
101.400000	0.003554	7916.058307
101.452000	0.003550	7904.326289
101.504000	0.003546	7892.560668
101.556000	0.003542	7880.774484
101.608000	0.003538	7868.961664
101.660000	0.003535	7857.124637
101.712000	0.003531	7845.264644
101.764000	0.003527	7833.373692
101.816000	0.003523	7821.461315
101.868000	0.003519	7809.521039
101.920000	0.003515	7797.566849
101.972000	0.003512	7785.577504
102.024000	0.003508	7773.576138
102.076000	0.003504	7761.535955
102.128000	0.003500	7749.487385
102.180000	0.003496	7737.401098
102.232000	0.003493	7725.310610
102.284000	0.003489	7713.174013
102.336000	0.003485	7701.034065
102.388000	0.003481	7688.854438
102.440000	0.003477	7676.669341
102.492000	0.003474	7664.447763
102.544000	0.003470	7652.217476
102.596000	0.003466	7639.953927
102.648000	0.003462	7627.676935
102.700000	0.003459	7615.366243
102.752000	0.003455	7603.044152
102.804000	0.003451	7590.702007
102.856000	0.003448	7578.339102
102.908000	0.003444	7565.949759
102.960000	0.003440	7553.541435
103.012000	0.003436	7541.115407
103.064000	0.003433	7528.667546
103.116000	0.003429	7516.204809
103.168000	0.003425	7503.717395
103.220000	0.003422	7491.217945
103.272000	0.003418	7478.687080
103.324000	0.003414	7466.145714
103.376000	0.003411	7453.578319
103.428000	0.003407	7441.005470
103.480000	0.003403	7428.399454
103.532000	0.003400	7415.789918
103.584000	0.003396	7403.144359
103.636000	0.003392	7390.496286
103.688000	0.003389	7377.818536
103.740000	0.003385	7365.136555
103.792000	0.003381	7352.427367
103.844000	0.003378	7339.710410
103.896000	0.003374	7326.964485
103.948000	0.003371	7314.209473
104.000000	0.003367	7301.432124
104.052000	0.003363	7288.645160
104.104000	0.003360	7275.841562
104.156000	0.003356	7263.023998
104.208000	0.003353	7250.188950
104.260000	0.003349	7237.337485
104.312000	0.003345	7224.470958
104.364000	0.003342	7211.588720
104.416000	0.003338	7198.695972
104.468000	0.003335	7185.785496
104.520000	0.003331	7172.866554
104.572000	0.003328	7159.923884
104.624000	0.003324	7146.973460
104.676000	0.003320	7134.005563
104.728000	0.003317	7121.034117
104.780000	0.003313	7108.034122
104.832000	0.003310	7095.031250
104.884000	0.003306	7082.007680
104.936000	0.003303	7068.982511
104.988000	0.003299	7055.937629
105.040000	0.003296	7042.889121
105.092000	0.003292	7029.818010
105.144000	0.003289	7016.742380
105.196000	0.003285	7003.650252
105.248000	0.003282	6990.551981
105.300000	0.003278	6977.438892
105.352000	0.003275	6964.318032
105.404000	0.003271	6951.183981
105.456000	0.003268	6938.040515
105.508000	0.003264	6924.885449
105.560000	0.003261	6911.719355
105.612000	0.003258	6898.543329
105.664000	0.003254	6885.357775
105.716000	0.003251	6872.165963
105.768000	0.003247	6858.963441
105.820000	0.003244	6845.755924
105.872000	0.003240	6832.536431
105.924000	0.003237	6819.313124
105.976000	0.003234	6806.072295
106.028000	0.003230	6792.828025
106.080000	0.003227	6779.574130
106.132000	0.003223	6766.319327
106.184000	0.003220	6753.048937
106.236000	0.003217	6739.777358
106.288000	0.003213	6726.491037
106.340000	0.003210	6713.203237
106.392000	0.003206	6699.906406
106.444000	0.003203	6686.607284
106.496000	0.003200	6673.299927
106.548000	0.003196	6659.987901
106.600000	0.003193	6646.664816
106.652000	0.003190	6633.339764
106.704000	0.003186	6620.011411
106.756000	0.003183	6606.675931
106.808000	0.003179	6593.331822
106.860000	0.003176	6579.984913
106.912000	0.003173	6566.635538
106.964000	0.003169	6553.279769
107.016000	0.003166	6539.919896
107.068000	0.003163	6526.556377
107.120000	0.003160	6513.191207
107.172000	0.003156	6499.821996
107.224000	0.003153	6486.451553
107.276000	0.003150	6473.072296
107.328000	0.003146	6459.691381
107.380000	0.003143	6446.310379
107.432000	0.003140	6432.929395
107.484000	0.003136	6419.543148
107.536000	0.003133	6406.156524
107.588000	0.003130	6392.764969
107.640000	0.003127	6379.372670
107.692000	0.003123	6365.975842
107.744000	0.003120	6352.579037
107.796000	0.003117	6339.182174
107.848000	0.003114	6325.785325
107.900000	0.003110	6312.388455
107.952000	0.003107	6298.989590
108.004000	0.003104	6285.587427
108.056000	0.003101	6272.187638
108.108000	0.003097	6258.790670
108.160000	0.003094	6245.390892
108.212000	0.003091	6231.988689
108.264000	0.003088	6218.589640
108.316000	0.003085	6205.192633
108.368000	0.003081	6191.799189
108.420000	0.003078	6178.407403
108.472000	0.003075	6165.011536
108.524000	0.003072	6151.614454
108.576000	0.003069	6138.226149
108.628000	0.003065	6124.839517
108.680000	0.003062	6111.452842
108.732000	0.003059	6098.066200
108.784000	0.003056	6084.684709
108.836000	0.003053	6071.304041
108.888000	0.003050	6057.932981
108.940000	0.003046	6044.561953
108.992000	0.003043	6031.190882
109.044000	0.003040	6017.822235
109.096000	0.003037	6004.461593
109.148000	0.003034	5991.102569
109.200000	0.003031	5977.747154
109.252000	0.003028	5964.395757
109.304000	0.003024	5951.050799
109.356000	0.003021	5937.708235
109.408000	0.003018	5924.368477
109.460000	0.003015	5911.037144
109.512000	0.003012	5897.713072
109.564000	0.003009	5884.392189
109.616000	0.003006	5871.073346
109.668000	0.003003	5857.761695
109.720000	0.003000	5844.453278
109.772000	0.002996	5831.156919
109.824000	0.002993	5817.864213
109.876000	0.002990	5804.580309
109.928000	0.002987	5791.298028
109.980000	0.002984	5778.025376
110.032000	0.002981	5764.753576
110.084000	0.002978	5751.497397
110.136000	0.002975	5738.242081
110.188000	0.002972	5724.996356
110.240000	0.002969	5711.753934
110.292000	0.002966	5698.529123
110.344000	0.002963	5685.306784
110.396000	0.002960	5672.092434
110.448000	0.002957	5658.882975
110.500000	0.002954	5645.684317
110.552000	0.002951	5632.491749
110.604000	0.002948	5619.308782
110.656000	0.002945	5606.135548
110.708000	0.002942	5592.973530
110.760000	0.002939	5579.819992
110.812000	0.002936	5566.673639
110.864000	0.002933	5553.536989
110.916000	0.002930	5540.406355
110.968000	0.002927	5527.290262
111.020000	0.002924	5514.180547
111.072000	0.002921	5501.082937
111.124000	0.002918	5487.988909
111.176000	0.002915	5474.917123
111.228000	0.002912	5461.849270
111.280000	0.002909	5448.795946
111.332000	0.002906	5435.743904
111.384000	0.002903	5422.712618
111.436000	0.002900	5409.683545
111.488000	0.002897	5396.678432
111.540000	0.002894	5383.675876
111.592000	0.002891	5370.686484
111.644000	0.002888	5357.703333
111.696000	0.002885	5344.740068
111.748000	0.002882	5331.783418
111.800000	0.002879	5318.841134
111.852000	0.002876	5305.909110
111.904000	0.002873	5292.992982
111.956000	0.002870	5280.086666
112.008000	0.002868	5267.191464
112.060000	0.002865	5254.310560
112.112000	0.002862	5241.441571
112.164000	0.002859	5228.585588
112.216000	0.002856	5215.737500
112.268000	0.002853	5202.911402
112.320000	0.002850	5190.094751
112.372000	0.002847	5177.294359
112.424000	0.002844	5164.498658
112.476000	0.002841	5151.729764
112.528000	0.002839	5138.965444
112.580000	0.002836	5126.220621
112.632000	0.002833	5113.477568
112.684000	0.002830	5100.765564
112.736000	0.002827	5088.055888
112.788000	0.002824	5075.370041
112.840000	0.002821	5062.689398
112.892000	0.002819	5050.034992
112.944000	0.002816	5037.386944
112.996000	0.002813	5024.758726
113.048000	0.002810	5012.138875
113.100000	0.002807	4999.536847
113.152000	0.002804	4986.949332
113.204000	0.002802	4974.383924
113.256000	0.002799	4961.828435
113.308000	0.002796	4949.284015
113.360000	0.002793	4936.759750
113.412000	0.002790	4924.251981
113.464000	0.002788	4911.763898
113.516000	0.002785	4899.287550
113.568000	0.002782	4886.829619
113.620000	0.002779	4874.379455
113.672000	0.002776	4861.957934
113.724000	0.002774	4849.544443
113.776000	0.002771	4837.153394
113.828000	0.002768	4824.766061
113.880000	0.002765	4812.413035
113.932000	0.002762	4800.062821
113.984000	0.002760	4787.743552
114.036000	0.002757	4775.427205
114.088000	0.002754	4763.139332
114.140000	0.002751	4750.857680
114.192000	0.002749	4738.606484
114.244000	0.002746	4726.363046
114.296000	0.002743	4714.143302
114.348000	0.002740	4701.933721
114.400000	0.002738	4689.745375
114.452000	0.002735	4677.571718
114.504000	0.002732	4665.420082
114.556000	0.002729	4653.285928
114.608000	0.002727	4641.170920
114.660000	0.002724	4629.073341
114.712000	0.002721	4616.989816
114.764000	0.002719	4604.929415
114.816000	0.002716	4592.882546
114.868000	0.002713	4580.861625
114.920000	0.002710	4568.851408
114.972000	0.002708	4556.869985
115.024000	0.002705	4544.896446
115.076000	0.002702	4532.954535
115.128000	0.002700	4521.017674
115.180000	0.002697	4509.110332
115.232000	0.002694	4497.205662
115.284000	0.002692	4485.342101
115.336000	0.002689	4473.482100
115.388000	0.002686	4461.655201
115.440000	0.002684	4449.834679
115.492000	0.002681	4438.044438
115.544000	0.002678	4426.263399
115.596000	0.002676	4414.509874
115.648000	0.002673	4402.768362
115.700000	0.002670	4391.051499
115.752000	0.002668	4379.351595
115.804000	0.002665	4367.676680
115.856000	0.002662	4356.019409
115.908000	0.002660	4344.381156
115.960000	0.002657	4332.763375
116.012000	0.002655	4321.161813
116.064000	0.002652	4309.586870
116.116000	0.002649	4298.027230
116.168000	0.002647	4286.493706
116.220000	0.002644	4274.970751
116.272000	0.002641	4263.480880
116.324000	0.002639	4251.999840
116.376000	0.002636	4240.550603
116.428000	0.002634	4229.106277
116.480000	0.002631	4217.701488
116.532000	0.002628	4206.299874
116.584000	0.002626	4194.934061
116.636000	0.002623	4183.572484
116.688000	0.002621	4172.248620
116.740000	0.002618	4160.932219
116.792000	0.002616	4149.650281
116.844000	0.002613	4138.377697
116.896000	0.002610	4127.132455
116.948000	0.002608	4115.902853
117.000000	0.002605	4104.704767
117.052000	0.002603	4093.521672
117.104000	0.002600	4082.360284
117.156000	0.002598	4071.219255
117.208000	0.002595	4060.099822
117.260000	0.002593	4049.003961
117.312000	0.002590	4037.926458
117.364000	0.002587	4026.872411
117.416000	0.002585	4015.831635
117.468000	0.002582	4004.824635
117.520000	0.002580	3993.831010
117.572000	0.002577	3982.866488
117.624000	0.002575	3971.909557
117.676000	0.002572	3960.993705
117.728000	0.002570	3950.083954
117.780000	0.002567	3939.213939
117.832000	0.002565	3928.347088
117.884000	0.002562	3917.515888
117.936000	0.002560	3906.689646
117.988000	0.002557	3895.905661
118.040000	0.002555	3885.129315
118.092000	0.002552	3874.387236
118.144000	0.002550	3863.654673
118.196000	0.002547	3852.949355
118.248000	0.002545	3842.259875
118.300000	0.002542	3831.601721
118.352000	0.002540	3820.963030
118.404000	0.002537	3810.352042
118.456000	0.002535	3799.759024
118.508000	0.002532	3789.184771
118.560000	0.002530	3778.634275
118.612000	0.002527	3768.101986
118.664000	0.002525	3757.600050
118.716000	0.002523	3747.114956
118.768000	0.002520	3736.660059
118.820000	0.002518	3726.216895
118.872000	0.002515	3715.807185
118.924000	0.002513	3705.405980
118.976000	0.002510	3695.041469
119.028000	0.002508	3684.682222
119.080000	0.002505	3674.367898
119.132000	0.002503	3664.057132
119.184000	0.002501	3653.786935
119.236000	0.002498	3643.521333
119.288000	0.002496	3633.293103
119.340000	0.002493	3623.073663
119.392000	0.002491	3612.892662
119.444000	0.002488	3602.721326
119.496000	0.002486	3592.577038
119.548000	0.002484	3582.450570
119.600000	0.002481	3572.358713
119.652000	0.002479	3562.282162
119.704000	0.002476	3552.227049
119.756000	0.002474	3542.195230
119.808000	0.002472	3532.187321
119.860000	0.002469	3522.203343
119.912000	0.002467	3512.237407
119.964000	0.002465	3502.298627
120.016000	0.002462	3492.374665
120.068000	0.002460	3482.484890
120.120000	0.002457	3472.608124
120.172000	0.002455	3462.764989
120.224000	0.002453	3452.930190
120.276000	0.002450	3443.136889
120.328000	0.002448	3433.349316
120.380000	0.002446	3423.601833
120.432000	0.002443	3413.857666
120.484000	0.002441	3404.153949
120.536000	0.002439	3394.455598
120.588000	0.002436	3384.799092
120.640000	0.002434	3375.150585
120.692000	0.002432	3365.536060
120.744000	0.002429	3355.932755
120.796000	0.002427	3346.360212
120.848000	0.002425	3336.803909
120.900000	0.002422	3327.278577
120.952000	0.002420	3317.770917
121.004000	0.002418	3308.287596
121.056000	0.002415	3298.827767
121.108000	0.002413	3289.391659
121.160000	0.002411	3279.979659
121.212000	0.002408	3270.585535
121.264000	0.002406	3261.218757
121.316000	0.002404	3251.866646
121.368000	0.002401	3242.548918
121.420000	0.002399	3233.244012
121.472000	0.002397	3223.972913
121.524000	0.002395	3214.709983
121.576000	0.002392	3205.484124
121.628000	0.002390	3196.263200
121.680000	0.002388	3187.087599
121.732000	0.002385	3177.915523
121.784000	0.002383	3168.783727
121.836000	0.002381	3159.656890
121.888000	0.002379	3150.567087
121.940000	0.002376	3141.486474
121.992000	0.002374	3132.443892
122.044000	0.002372	3123.412712
122.096000	0.002370	3114.412150
122.148000	0.002367	3105.426213
122.200000	0.002365	3096.467672
122.252000	0.002363	3087.529196
122.304000	0.002361	3078.617879
122.356000	0.002358	3069.727633
122.408000	0.002356	3060.858339
122.460000	0.002354	3052.013326
122.512000	0.002352	3043.186028
122.564000	0.002349	3034.386249
122.616000	0.002347	3025.600972
122.668000	0.002345	3016.850276
122.720000	0.002343	3008.112216
122.772000	0.002340	2999.408158
122.824000	0.002338	2990.712113
122.876000	0.002336	2982.053315
122.928000	0.002334	2973.399286
122.980000	0.002332	2964.790803
123.032000	0.002329	2956.185608
123.084000	0.002327	2947.615496
123.136000	0.002325	2939.051150
123.188000	0.002323	2930.528297
123.240000	0.002321	2922.013800
123.292000	0.002318	2913.532951
123.344000	0.002316	2905.063682
123.396000	0.002314	2896.624864
123.448000	0.002312	2888.202698
123.500000	0.002310	2879.811171
123.552000	0.002307	2871.435407
123.604000	0.002305	2863.080628
123.656000	0.002303	2854.749758
123.708000	0.002301	2846.442272
123.760000	0.002299	2838.159256
123.812000	0.002297	2829.893806
123.864000	0.002294	2821.652578
123.916000	0.002292	2813.423905
123.968000	0.002290	2805.230027
124.020000	0.002288	2797.048609
124.072000	0.002286	2788.901369
124.124000	0.002284	2780.761978
124.176000	0.002281	2772.660013
124.228000	0.002279	2764.562650
124.280000	0.002277	2756.505959
124.332000	0.002275	2748.452613
124.384000	0.002273	2740.439209
124.436000	0.002271	2732.431124
124.488000	0.002269	2724.459765
124.540000	0.002267	2716.496944
124.592000	0.002264	2708.567630
124.644000	0.002262	2700.650071
124.696000	0.002260	2692.762774
124.748000	0.002258	2684.888600
124.800000	0.002256	2677.038147
124.852000	0.002254	2669.208165
124.904000	0.002252	2661.404990
124.956000	0.002250	2653.620565
125.008000	0.002247	2645.854208
125.060000	0.002245	2638.115560
125.112000	0.002243	2630.396454
125.164000	0.002241	2622.701753
125.216000	0.002239	2615.019493
125.268000	0.002237	2607.368341
125.320000	0.002235	2599.728119
125.372000	0.002233	2592.122252
125.424000	0.002231	2584.524070
125.476000	0.002229	2576.958799
125.528000	0.002227	2569.397428
125.580000	0.002225	2561.882027
125.632000	0.002222	2554.369847
125.684000	0.002220	2546.892457
125.736000	0.002218	2539.419890
125.788000	0.002216	2531.979327
125.840000	0.002214	2524.548563
125.892000	0.002212	2517.155315
125.944000	0.002210	2509.772524
125.996000	0.002208	2502.416107
126.048000	0.002206	2495.072963
126.100000	0.002204	2487.753377
126.152000	0.002202	2480.452171
126.204000	0.002200	2473.174646
126.256000	0.002198	2465.918733
126.308000	0.002196	2458.683299
126.360000	0.002194	2451.472674
126.412000	0.002192	2444.279278
126.464000	0.002190	2437.110440
126.516000	0.002188	2429.953901
126.568000	0.002186	2422.824760
126.620000	0.002184	2415.705072
126.672000	0.002181	2408.619900
126.724000	0.002179	2401.542239
126.776000	0.002177	2394.497667
126.828000	0.002175	2387.456859
126.880000	0.002173	2380.457082
126.932000	0.002171	2373.460375
126.984000	0.002169	2366.498337
127.036000	0.002167	2359.541285
127.088000	0.002165	2352.616120
127.140000	0.002163	2345.699855
127.192000	0.002161	2338.816764
127.244000	0.002159	2331.944288
127.296000	0.002157	2325.098043
127.348000	0.002155	2318.267142
127.400000	0.002153	2311.463002
127.452000	0.002151	2304.675106
127.504000	0.002149	2297.907814
127.556000	0.002147	2291.156877
127.608000	0.002146	2284.421233
127.660000	0.002144	2277.713704
127.712000	0.002142	2271.025370
127.764000	0.002140	2264.358210
127.816000	0.002138	2257.701492
127.868000	0.002136	2251.072326
127.920000	0.002134	2244.452475
127.972000	0.002132	2237.867335
128.024000	0.002130	2231.289553
128.076000	0.002128	2224.744997
128.128000	0.002126	2218.204056
128.180000	0.002124	2211.694071
128.232000	0.002122	2205.187281
128.284000	0.002120	2198.719957
128.336000	0.002118	2192.257783
128.388000	0.002116	2185.827323
128.440000	0.002114	2179.404823
128.492000	0.002112	2173.011225
128.544000	0.002110	2166.626879
128.596000	0.002108	2160.264943
128.648000	0.002106	2153.918530
128.700000	0.002105	2147.598715
128.752000	0.002103	2141.295303
128.804000	0.002101	2135.012354
128.856000	0.002099	2128.745884
128.908000	0.002097	2122.494573
128.960000	0.002095	2116.265305
129.012000	0.002093	2110.050892
129.064000	0.002091	2103.861345
129.116000	0.002089	2097.683821
129.168000	0.002087	2091.533988
129.220000	0.002085	2085.393320
129.272000	0.002083	2079.283209
129.324000	0.002082	2073.179425
129.376000	0.002080	2067.104269
129.428000	0.002078	2061.032113
129.480000	0.002076	2054.996214
129.532000	0.002074	2048.963297
129.584000	0.002072	2042.964784
129.636000	0.002070	2036.970844
129.688000	0.002068	2031.003985
129.740000	0.002066	2025.045249
129.792000	0.002065	2019.115299
129.844000	0.002063	2013.196282
129.896000	0.002061	2007.303214
129.948000	0.002059	2001.421947
130.000000	0.002057	1995.560562
130.052000	0.002055	1989.713379
130.104000	0.002053	1983.883649
130.156000	0.002051	1978.073312
130.208000	0.002050	1972.280525
130.260000	0.002048	1966.509921
130.312000	0.002046	1960.754024
130.364000	0.002044	1955.019564
130.416000	0.002042	1949.295317
130.468000	0.002040	1943.594978
130.520000	0.002038	1937.902431
130.572000	0.002037	1932.240560
130.624000	0.002035	1926.584860
130.676000	0.002033	1920.957968
130.728000	0.002031	1915.333972
130.780000	0.002029	1909.741185
130.832000	0.002027	1904.150983
130.884000	0.002026	1898.590196
130.936000	0.002024	1893.034885
130.988000	0.002022	1887.510977
131.040000	0.002020	1881.994190
131.092000	0.002018	1876.502009
131.144000	0.002016	1871.020920
131.196000	0.002015	1865.565643
131.248000	0.002013	1860.120330
131.300000	0.002011	1854.691526
131.352000	0.002009	1849.279446
131.404000	0.002007	1843.887578
131.456000	0.002006	1838.509673
131.508000	0.002004	1833.144254
131.560000	0.002002	1827.801185
131.612000	0.002000	1822.472705
131.664000	0.001998	1817.165810
131.716000	0.001997	1811.869028
131.768000	0.001995	1806.592279
131.820000	0.001993	1801.321960
131.872000	0.001991	1796.082494
131.924000	0.001989	1790.849071
131.976000	0.001988	1785.644593
132.028000	0.001986	1780.442894
132.080000	0.001984	1775.267339
132.132000	0.001982	1770.094736
132.184000	0.001980	1764.956253
132.236000	0.001979	1759.821840
132.288000	0.001977	1754.709824
132.340000	0.001975	1749.605070
132.392000	0.001973	1744.524804
132.444000	0.001972	1739.454200
132.496000	0.001970	1734.405632
132.548000	0.001968	1729.369139
132.600000	0.001966	1724.352297
132.652000	0.001965	1719.347539
132.704000	0.001963	1714.357197
132.756000	0.001961	1709.386548
132.808000	0.001959	1704.433166
132.860000	0.001958	1699.492667
132.912000	0.001956	1694.560559
132.964000	0.001954	1689.653765
133.016000	0.001952	1684.758579
133.068000	0.001951	1679.883540
133.120000	0.001949	1675.014841
133.172000	0.001947	1670.172772
133.224000	0.001945	1665.335817
133.276000	0.001944	1660.523080
133.328000	0.001942	1655.712587
133.380000	0.001940	1650.933582
133.432000	0.001938	1646.156788
133.484000	0.001937	1641.404342
133.536000	0.001935	1636.656894
133.588000	0.001933	1631.936199
133.640000	0.001932	1627.221692
133.692000	0.001930	1622.527488
133.744000	0.001928	1617.843095
133.796000	0.001926	1613.180669
133.848000	0.001925	1608.528431
133.900000	0.001923	1603.892501
133.952000	0.001921	1599.271189
134.004000	0.001920	1594.667013
134.056000	0.001918	1590.074212
134.108000	0.001916	1585.491334
134.160000	0.001914	1580.927886
134.212000	0.001913	1576.376768
134.264000	0.001911	1571.847501
134.316000	0.001909	1567.328128
134.368000	0.001908	1562.824978
134.420000	0.001906	1558.326886
134.472000	0.001904	1553.855523
134.524000	0.001903	1549.389146
134.576000	0.001901	1544.947147
134.628000	0.001899	1540.507407
134.680000	0.001898	1536.093859
134.732000	0.001896	1531.682628
134.784000	0.001894	1527.295649
134.836000	0.001893	1522.913914
134.888000	0.001891	1518.558835
134.940000	0.001889	1514.208836
134.992000	0.001888	1509.875073
135.044000	0.001886	1505.551262
135.096000	0.001884	1501.249307
135.148000	0.001883	1496.955617
135.200000	0.001881	1492.674956
135.252000	0.001879	1488.409048
135.304000	0.001878	1484.160170
135.356000	0.001876	1479.922756
135.408000	0.001874	1475.695206
135.460000	0.001873	1471.487216
135.512000	0.001871	1467.291453
135.564000	0.001869	1463.110365
135.616000	0.001868	1458.935915
135.668000	0.001866	1454.781820
135.720000	0.001864	1450.633880
135.772000	0.001863	1446.508384
135.824000	0.001861	1442.387012
135.876000	0.001859	1438.290115
135.928000	0.001858	1434.195489
135.980000	0.001856	1430.126983
136.032000	0.001855	1426.060477
136.084000	0.001853	1422.013292
136.136000	0.001851	1417.970543
136.188000	0.001850	1413.949962
136.240000	0.001848	1409.935813
136.292000	0.001846	1405.941810
136.344000	0.001845	1401.956233
136.396000	0.001843	1397.988782
136.448000	0.001842	1394.029707
136.500000	0.001840	1390.083638
136.552000	0.001838	1386.149986
136.604000	0.001837	1382.230475
136.656000	0.001835	1378.322531
136.708000	0.001834	1374.424406
136.760000	0.001832	1370.545962
136.812000	0.001830	1366.679630
136.864000	0.001829	1362.824403
136.916000	0.001827	1358.974211
136.968000	0.001826	1355.144491
137.020000	0.001824	1351.320841
137.072000	0.001822	1347.519732
137.124000	0.001821	1343.722653
137.176000	0.001819	1339.945302
137.228000	0.001818	1336.169907
137.280000	0.001816	1332.420512
137.332000	0.001814	1328.673219
137.384000	0.001813	1324.945227
137.436000	0.001811	1321.220928
137.488000	0.001810	1317.514293
137.540000	0.001808	1313.814213
137.592000	0.001807	1310.134189
137.644000	0.001805	1306.461044
137.696000	0.001803	1302.802434
137.748000	0.001802	1299.152282
137.800000	0.001800	1295.515033
137.852000	0.001799	1291.890326
137.904000	0.001797	1288.279699
137.956000	0.001796	1284.680718
138.008000	0.001794	1281.091484
138.060000	0.001792	1277.515502
138.112000	0.001791	1273.947695
138.164000	0.001789	1270.398424
138.216000	0.001788	1266.857192
138.268000	0.001786	1263.332462
138.320000	0.001785	1259.812603
138.372000	0.001783	1256.306412
138.424000	0.001782	1252.802728
138.476000	0.001780	1249.323737
138.528000	0.001779	1245.847054
138.580000	0.001777	1242.396301
138.632000	0.001775	1238.947272
138.684000	0.001774	1235.512708
138.736000	0.001772	1232.081941
138.788000	0.001771	1228.668824
138.840000	0.001769	1225.261088
138.892000	0.001768	1221.869364
138.944000	0.001766	1218.486314
138.996000	0.001765	1215.121244
139.048000	0.001763	1211.762631
139.100000	0.001762	1208.413760
139.152000	0.001760	1205.075048
139.204000	0.001759	1201.747634
139.256000	0.001757	1198.434860
139.308000	0.001756	1195.134083
139.360000	0.001754	1191.843315
139.412000	0.001753	1188.558746
139.464000	0.001751	1185.289137
139.516000	0.001750	1182.026005
139.568000	0.001748	1178.779453
139.620000	0.001747	1175.537704
139.672000	0.001745	1172.314206
139.724000	0.001744	1169.093871
139.776000	0.001742	1165.888511
139.828000	0.001741	1162.684893
139.880000	0.001739	1159.507137
139.932000	0.001738	1156.331197
139.984000	0.001736	1153.169648
140.036000	0.001735	1150.012001
140.088000	0.001733	1146.871913
140.140000	0.001732	1143.737316
140.192000	0.001730	1140.618719
140.244000	0.001729	1137.507190
140.296000	0.001727	1134.410033
140.348000	0.001726	1131.319409
140.400000	0.001724	1128.238492
140.452000	0.001723	1125.167820
140.504000	0.001721	1122.108378
140.556000	0.001720	1119.057843
140.608000	0.001718	1116.014677
140.660000	0.001717	1112.984911
140.712000	0.001715	1109.963199
140.764000	0.001714	1106.956522
140.816000	0.001712	1103.956259
140.868000	0.001711	1100.968561
140.920000	0.001710	1097.984548
140.972000	0.001708	1095.018867
141.024000	0.001707	1092.056283
141.076000	0.001705	1089.113707
141.128000	0.001704	1086.172965
141.180000	0.001702	1083.247767
141.232000	0.001701	1080.324471
141.284000	0.001699	1077.415576
141.336000	0.001698	1074.510693
141.388000	0.001696	1071.623280
141.440000	0.001695	1068.740120
141.492000	0.001694	1065.868988
141.544000	0.001692	1063.005031
141.596000	0.001691	1060.155413
141.648000	0.001689	1057.313058
141.700000	0.001688	1054.481326
141.752000	0.001686	1051.658138
141.804000	0.001685	1048.844240
141.856000	0.001684	1046.040490
141.908000	0.001682	1043.244981
141.960000	0.001681	1040.460626
142.012000	0.001679	1037.682985
142.064000	0.001678	1034.917837
142.116000	0.001676	1032.158031
142.168000	0.001675	1029.412513
142.220000	0.001674	1026.671067
142.272000	0.001672	1023.944436
142.324000	0.001671	1021.220337
142.376000	0.001669	1018.512846
142.428000	0.001668	1015.807059
142.480000	0.001666	1013.118295
142.532000	0.001665	1010.431579
142.584000	0.001664	1007.759666
142.636000	0.001662	1005.091205
142.688000	0.001661	1002.437191
142.740000	0.001659	999.787788
142.792000	0.001658	997.151153
142.844000	0.001657	994.520209
142.896000	0.001655	991.900434
142.948000	0.001654	989.287566
143.000000	0.001652	986.684656
143.052000	0.001651	984.090125
143.104000	0.001650	981.504608
143.156000	0.001648	978.928427
143.208000	0.001647	976.359784
143.260000	0.001645	973.801696
143.312000	0.001644	971.249928
143.364000	0.001643	968.709597
143.416000	0.001641	966.174145
143.468000	0.001640	963.651793
143.520000	0.001639	961.133157
143.572000	0.001637	958.628503
143.624000	0.001636	956.126220
143.676000	0.001634	953.639160
143.728000	0.001633	951.153738
143.780000	0.001632	948.684279
143.832000	0.001630	946.216793
143.884000	0.001629	943.762647
143.936000	0.001628	941.311855
143.988000	0.001626	938.874646
144.040000	0.001625	936.441583
144.092000	0.001623	934.019692
144.144000	0.001622	931.603404
144.196000	0.001621	929.197937
144.248000	0.001619	926.799011
144.300000	0.001618	924.409395
144.352000	0.001617	922.027467
144.404000	0.001615	919.653762
144.456000	0.001614	917.288554
144.508000	0.001613	914.930187
144.560000	0.001611	912.581424
144.612000	0.001610	910.238420
144.664000	0.001609	907.906546
144.716000	0.001607	905.579393
144.768000	0.001606	903.264192
144.820000	0.001605	900.952398
144.872000	0.001603	898.653704
144.924000	0.001602	896.357220
144.976000	0.001601	894.074540
145.028000	0.001599	891.793416
145.080000	0.001598	889.526703
145.132000	0.001596	887.262057
145.184000	0.001595	885.010746
145.236000	0.001594	882.762384
145.288000	0.001593	880.525406
145.340000	0.001591	878.292667
145.392000	0.001590	876.071127
145.444000	0.001589	873.854546
145.496000	0.001587	871.647376
145.548000	0.001586	869.446384
145.600000	0.001585	867.254084
145.652000	0.001583	865.069025
145.704000	0.001582	862.891658
145.756000	0.001581	860.721948
145.808000	0.001579	858.558417
145.860000	0.001578	856.404215
145.912000	0.001577	854.255588
145.964000	0.001575	852.117015
146.016000	0.001574	849.982734
146.068000	0.001573	847.859633
146.120000	0.001571	845.739730
146.172000	0.001570	843.632078
146.224000	0.001569	841.526503
146.276000	0.001568	839.433784
146.328000	0.001566	837.342557
146.380000	0.001565	835.264230
146.432000	0.001564	833.187883
146.484000	0.001562	831.123464
146.536000	0.001561	829.062081
146.588000	0.001560	827.012065
146.640000	0.001558	824.965805
146.692000	0.001557	822.929208
146.744000	0.001556	820.897460
146.796000	0.001555	818.874754
146.848000	0.001553	816.857864
146.900000	0.001552	814.849085
146.952000	0.001551	812.846825
147.004000	0.001549	810.851483
147.056000	0.001548	808.863556
147.108000	0.001547	806.881603
147.160000	0.001546	804.907995
147.212000	0.001544	802.939421
147.264000	0.001543	800.980213
147.316000	0.001542	799.025037
147.368000	0.001541	797.080244
147.420000	0.001539	795.138444
147.472000	0.001538	793.208041
147.524000	0.001537	791.279596
147.576000	0.001535	789.363097
147.628000	0.001534	787.448061
147.680000	0.001533	785.544904
147.732000	0.001532	783.643695
147.784000	0.001530	781.753452
147.836000	0.001529	779.866127
147.888000	0.001528	777.989322
147.940000	0.001527	776.116064
147.992000	0.001525	774.251712
148.044000	0.001524	772.391922
148.096000	0.001523	770.540525
148.148000	0.001522	768.694556
148.200000	0.001520	766.856094
148.252000	0.001519	765.023673
148.304000	0.001518	763.197658
148.356000	0.001517	761.378515
148.408000	0.001515	759.564953
148.460000	0.001514	757.759462
148.512000	0.001513	755.958863
148.564000	0.001512	754.166516
148.616000	0.001510	752.377798
148.668000	0.001509	750.598659
148.720000	0.001508	748.822322
148.772000	0.001507	747.056565
148.824000	0.001505	745.292673
148.876000	0.001504	743.540278
148.928000	0.001503	741.789324
148.980000	0.001502	740.049217
149.032000	0.001501	738.311018
149.084000	0.001499	736.582893
149.136000	0.001498	734.857563
149.188000	0.001497	733.141919
149.240000	0.001496	731.429609
149.292000	0.001494	729.725462
149.344000	0.001493	728.025761
149.396000	0.001492	726.334109
149.448000	0.001491	724.647280
149.500000	0.001490	722.967114
149.552000	0.001488	721.292783
149.604000	0.001487	719.624633
149.656000	0.001486	717.962781
149.708000	0.001485	716.306104
149.760000	0.001483	714.656872
149.812000	0.001482	713.012229
149.864000	0.001481	711.375100
149.916000	0.001480	709.741352
149.968000	0.001479	708.116840
150.020000	0.001477	706.495067
150.072000	0.001476	704.882988
150.124000	0.001475	703.272675
150.176000	0.001474	701.672921
150.228000	0.001473	700.074609
150.280000	0.001471	698.486671
150.332000	0.001470	696.900601
150.384000	0.001469	695.323672
150.436000	0.001468	693.749303
150.488000	0.001467	692.183385
150.540000	0.001465	690.620882
150.592000	0.001464	689.066562
150.644000	0.001463	687.516197
150.696000	0.001462	685.972905
150.748000	0.001461	684.434273
150.800000	0.001460	682.902045
150.852000	0.001458	681.375175
150.904000	0.001457	679.854021
150.956000	0.001456	678.338920
151.008000	0.001455	676.828849
151.060000	0.001454	675.325545
151.112000	0.001452	673.826504
151.164000	0.001451	672.334660
151.216000	0.001450	670.846117
151.268000	0.001449	669.366016
151.320000	0.001448	667.888503
151.372000	0.001447	666.419792
151.424000	0.001445	664.952766
151.476000	0.001444	663.495914
151.528000	0.001443	662.040475
151.580000	0.001442	660.593884
151.632000	0.001441	659.149253
151.684000	0.001440	657.713777
151.736000	0.001438	656.280733
151.788000	0.001437	654.855388
151.840000	0.001436	653.433232
151.892000	0.001435	652.018497
151.944000	0.001434	650.607605
151.996000	0.001433	649.203516
152.048000	0.001432	647.803912
152.100000	0.001430	646.410451
152.152000	0.001429	645.021588
152.204000	0.001428	643.637748
152.256000	0.001427	642.260010
152.308000	0.001426	640.887369
152.360000	0.001425	639.520499
152.412000	0.001423	638.157456
152.464000	0.001422	636.801650
152.516000	0.001421	635.449188
152.568000	0.001420	634.103932
152.620000	0.001419	632.761042
152.672000	0.001418	631.427048
152.724000	0.001417	630.094785
152.776000	0.001415	628.771189
152.828000	0.001414	627.449038
152.880000	0.001413	626.135777
152.932000	0.001412	624.824362
152.984000	0.001411	623.520800
153.036000	0.001410	622.219755
153.088000	0.001409	620.926393
153.140000	0.001408	619.636001
153.192000	0.001406	618.352356
153.244000	0.001405	617.072435
153.296000	0.001404	615.799040
153.348000	0.001403	614.529493
153.400000	0.001402	613.265285
153.452000	0.001401	612.006002
153.504000	0.001400	610.752067
153.556000	0.001399	609.503024
153.608000	0.001397	608.258327
153.660000	0.001396	607.019785
153.712000	0.001395	605.785303
153.764000	0.001394	604.556945
153.816000	0.001393	603.331625
153.868000	0.001392	602.113556
153.920000	0.001391	600.897905
153.972000	0.001390	599.689819
154.024000	0.001389	598.483378
154.076000	0.001387	597.285665
154.128000	0.001386	596.089404
154.180000	0.001385	594.901103
154.232000	0.001384	593.714678
154.284000	0.001383	592.535665
154.336000	0.001382	591.359150
154.388000	0.001381	590.189954
154.440000	0.001380	589.023504
154.492000	0.001379	587.863146
154.544000	0.001378	586.706387
154.596000	0.001376	585.555871
154.648000	0.001375	584.409028
154.700000	0.001374	583.267318
154.752000	0.001373	582.130037
154.804000	0.001372	580.997698
154.856000	0.001371	579.870294
154.908000	0.001370	578.747338
154.960000	0.001369	577.629513
155.012000	0.001368	576.515339
155.064000	0.001367	575.407344
155.116000	0.001366	574.302470
155.168000	0.001365	573.204039
155.220000	0.001363	572.107925
155.272000	0.001362	571.018956
155.324000	0.001361	569.931642
155.376000	0.001360	568.852675
155.428000	0.001359	567.775174
155.480000	0.001358	566.704644
155.532000	0.001357	565.636094
155.584000	0.001356	564.575029
155.636000	0.001355	563.516327
155.688000	0.001354	562.464188
155.740000	0.001353	561.414718
155.792000	0.001352	560.371023
155.844000	0.001351	559.330616
155.896000	0.001349	558.295902
155.948000	0.001348	557.264926
156.000000	0.001347	556.239179
156.052000	0.001346	555.217624
156.104000	0.001345	554.200858
156.156000	0.001344	553.188430
156.208000	0.001343	552.180164
156.260000	0.001342	551.176726
156.312000	0.001341	550.176897
156.364000	0.001340	549.182887
156.416000	0.001339	548.191960
156.468000	0.001338	547.207122
156.520000	0.001337	546.224616
156.572000	0.001336	545.248830
156.624000	0.001335	544.274729
156.676000	0.001334	543.308026
156.728000	0.001333	542.342876
156.780000	0.001332	541.384744
156.832000	0.001330	540.428551
156.884000	0.001329	539.479010
156.936000	0.001328	538.531814
156.988000	0.001327	537.590850
157.040000	0.001326	536.652483
157.092000	0.001325	535.719614
157.144000	0.001324	534.789904
157.196000	0.001323	533.865642
157.248000	0.001322	532.944951
157.300000	0.001321	532.029338
157.352000	0.001320	531.117408
157.404000	0.001319	530.209910
157.456000	0.001318	529.306789
157.508000	0.001317	528.407971
157.560000	0.001316	527.513646
157.612000	0.001315	526.622882
157.664000	0.001314	525.737209
157.716000	0.001313	524.854500
157.768000	0.001312	523.977488
157.820000	0.001311	523.102821
157.872000	0.001310	522.234981
157.924000	0.001309	521.368929
157.976000	0.001308	520.509810
158.028000	0.001307	519.652272
158.080000	0.001306	518.800870
158.132000	0.001305	517.951447
158.184000	0.001304	517.108279
158.236000	0.001303	516.267444
158.288000	0.001302	515.432549
158.340000	0.001301	514.600339
158.392000	0.001300	513.773707
158.444000	0.001299	512.950119
158.496000	0.001298	512.131794
158.548000	0.001297	511.316613
158.600000	0.001296	510.506063
158.652000	0.001295	509.698962
158.704000	0.001294	508.896203
158.756000	0.001293	508.097536
158.808000	0.001292	507.303136
158.860000	0.001291	506.513269
158.912000	0.001289	505.727107
158.964000	0.001288	504.945287
159.016000	0.001287	504.166324
159.068000	0.001286	503.393134
159.120000	0.001285	502.622405
159.172000	0.001285	501.857625
159.224000	0.001284	501.094682
159.276000	0.001283	500.338205
159.328000	0.001282	499.583448
159.380000	0.001281	498.834873
159.432000	0.001280	498.088320
159.484000	0.001279	497.347693
159.536000	0.001278	496.609387
159.588000	0.001277	495.876698
159.640000	0.001276	495.146633
159.692000	0.001275	494.421928
159.744000	0.001274	493.699934
159.796000	0.001273	492.982680
159.848000	0.001272	492.268646
159.900000	0.001271	491.559414
159.952000	0.001270	490.853673
160.004000	0.001269	490.152426
160.056000	0.001268	489.454671
160.108000	0.001267	488.760990
160.160000	0.001266	488.071502
160.212000	0.001265	487.385712
160.264000	0.001264	486.704324
160.316000	0.001263	486.025945
160.368000	0.001262	485.352544
160.420000	0.001261	484.681594
160.472000	0.001260	484.016665
160.524000	0.001259	483.353701
160.576000	0.001258	482.696231
160.628000	0.001257	482.040634
160.680000	0.001256	481.391300
160.732000	0.001255	480.744038
160.784000	0.001254	480.102366
160.836000	0.001253	479.463010
160.888000	0.001252	478.829017
160.940000	0.001251	478.197575
160.992000	0.001250	477.571228
161.044000	0.001249	476.947683
161.096000	0.001248	476.329056
161.148000	0.001247	475.713224
161.200000	0.001246	475.101817
161.252000	0.001245	474.493953
161.304000	0.001244	473.890776
161.356000	0.001243	473.290783
161.408000	0.001243	472.694869
161.460000	0.001242	472.102853
161.512000	0.001241	471.514588
161.564000	0.001240	470.930345
161.616000	0.001239	470.349147
161.668000	0.001238	469.773009
161.720000	0.001237	469.199474
161.772000	0.001236	468.631107
161.824000	0.001235	468.064804
161.876000	0.001234	467.504567
161.928000	0.001233	466.946267
161.980000	0.001232	466.393401
162.032000	0.001231	465.842664
162.084000	0.001230	465.297198
162.136000	0.001229	464.754040
162.188000	0.001228	464.215938
162.240000	0.001227	463.680505
162.292000	0.001226	463.150367
162.344000	0.001225	462.622906
162.396000	0.001225	462.100206
162.448000	0.001224	461.580119
162.500000	0.001223	461.064384
162.552000	0.001222	460.551968
162.604000	0.001221	460.044239
162.656000	0.001220	459.539711
162.708000	0.001219	459.039490
162.760000	0.001218	458.542822
162.812000	0.001217	458.049947
162.864000	0.001216	457.560785
162.916000	0.001215	457.074766
162.968000	0.001214	456.593426
163.020000	0.001213	456.114779
163.072000	0.001212	455.641387
163.124000	0.001212	455.170217
163.176000	0.001211	454.704736
163.228000	0.001210	454.241322
163.280000	0.001209	453.782954
163.332000	0.001208	453.326866
163.384000	0.001207	452.876155
163.436000	0.001206	452.427759
163.488000	0.001205	451.984205
163.540000	0.001204	451.543260
163.592000	0.001203	451.107411
163.644000	0.001202	450.674128
163.696000	0.001201	450.245513
163.748000	0.001201	449.819574
163.800000	0.001200	449.398192
163.852000	0.001199	448.979903
163.904000	0.001198	448.566329
163.956000	0.001197	448.155641
164.008000	0.001196	447.749323
164.060000	0.001195	447.346243
164.112000	0.001194	446.947047
164.164000	0.001193	446.551617
164.216000	0.001192	446.159530
164.268000	0.001191	445.772218
164.320000	0.001191	445.387787
164.372000	0.001190	445.007763
164.424000	0.001189	444.630096
164.476000	0.001188	444.258196
164.528000	0.001187	443.888490
164.580000	0.001186	443.523487
164.632000	0.001185	443.160836
164.684000	0.001184	442.803279
164.736000	0.001183	442.448178
164.788000	0.001182	442.098093
164.840000	0.001182	441.750571
164.892000	0.001181	441.408013
164.944000	0.001180	441.068110
164.996000	0.001179	440.733079
165.048000	0.001178	440.400543
165.100000	0.001177	440.072543
165.152000	0.001176	439.747382
165.204000	0.001175	439.426963
165.256000	0.001174	439.109478
165.308000	0.001174	438.796662
165.360000	0.001173	438.486757
165.412000	0.001172	438.180837
165.464000	0.001171	437.878762
165.516000	0.001170	437.580258
165.568000	0.001169	437.285722
165.620000	0.001168	436.994136
165.672000	0.001167	436.707059
165.724000	0.001167	436.422526
165.776000	0.001166	436.143364
165.828000	0.001165	435.866644
165.880000	0.001164	435.595267
165.932000	0.001163	435.326224
165.984000	0.001162	435.061558
166.036000	0.001161	434.799501
166.088000	0.001160	434.542676
166.140000	0.001160	434.288359
166.192000	0.001159	434.038853
166.244000	0.001158	433.791889
166.296000	0.001157	433.549732
166.348000	0.001156	433.310156
166.400000	0.001155	433.075405
166.452000	0.001154	432.843536
166.504000	0.001153	432.616688
166.556000	0.001153	432.392158
166.608000	0.001152	432.172231
166.660000	0.001151	431.955239
166.712000	0.001150	431.742481
166.764000	0.001149	431.533671
166.816000	0.001148	431.328687
166.868000	0.001147	431.127319
166.920000	0.001147	430.929062
166.972000	0.001146	430.735470
167.024000	0.001145	430.544611
167.076000	0.001144	430.358213
167.128000	0.001143	430.174461
167.180000	0.001142	429.996178
167.232000	0.001141	429.820410
167.284000	0.001141	429.649258
167.336000	0.001140	429.480730
167.388000	0.001139	429.317234
167.440000	0.001138	429.156368
167.492000	0.001137	429.000530
167.544000	0.001136	428.847126
167.596000	0.001136	428.698511
167.648000	0.001135	428.552543
167.700000	0.001134	428.411677
167.752000	0.001133	428.273159
167.804000	0.001132	428.139551
167.856000	0.001131	428.008639
167.908000	0.001130	427.882830
167.960000	0.001130	427.759638
168.012000	0.001129	427.640824
168.064000	0.001128	427.525610
168.116000	0.001127	427.414370
168.168000	0.001126	427.306881
168.220000	0.001125	427.202747
168.272000	0.001125	427.102899
168.324000	0.001124	427.005999
168.376000	0.001123	426.914206
168.428000	0.001122	426.825158
168.480000	0.001121	426.740845
168.532000	0.001120	426.659231
168.584000	0.001120	426.582406
168.636000	0.001119	426.508226
168.688000	0.001118	426.438919
168.740000	0.001117	426.372381
168.792000	0.001116	426.311148
168.844000	0.001115	426.252225
168.896000	0.001115	426.198052
168.948000	0.001114	426.146605
169.000000	0.001113	426.100572
169.052000	0.001112	426.056646
169.104000	0.001111	426.017766
169.156000	0.001110	425.981598
169.208000	0.001110	425.950835
169.260000	0.001109	425.922384
169.312000	0.001108	425.898486
169.364000	0.001107	425.878298
169.416000	0.001106	425.862368
169.468000	0.001106	425.849804
169.520000	0.001105	425.840768
169.572000	0.001104	425.836670
169.624000	0.001103	425.835733
169.676000	0.001102	425.839098
169.728000	0.001101	425.845370
169.780000	0.001101	425.856069
169.832000	0.001100	425.869755
169.884000	0.001099	425.888834
169.936000	0.001098	425.910582
169.988000	0.001097	425.937085
170.040000	0.001097	425.966310
170.092000	0.001096	426.000763
170.144000	0.001095	426.037843
170.196000	0.001094	426.080254
170.248000	0.001093	426.124953
170.300000	0.001093	426.174887
170.352000	0.001092	426.227263
170.404000	0.001091	426.285249
170.456000	0.001090	426.345317
170.508000	0.001089	426.410778
170.560000	0.001089	426.478984
170.612000	0.001088	426.552180
170.664000	0.001087	426.628336
170.716000	0.001086	426.708829
170.768000	0.001085	426.793296
170.820000	0.001085	426.881608
170.872000	0.001084	426.974004
170.924000	0.001083	427.069777
170.976000	0.001082	427.170486
171.028000	0.001081	427.274317
171.080000	0.001081	427.382734
171.132000	0.001080	427.494126
171.184000	0.001079	427.610336
171.236000	0.001078	427.729370
171.288000	0.001077	427.853380
171.340000	0.001077	427.980243
171.392000	0.001076	428.112607
171.444000	0.001075	428.247474
171.496000	0.001074	428.387676
171.548000	0.001074	428.530236
171.600000	0.001073	428.678362
171.652000	0.001072	428.828975
171.704000	0.001071	428.985555
171.756000	0.001070	429.143913
171.808000	0.001070	429.307819
171.860000	0.001069	429.474540
171.912000	0.001068	429.646553
171.964000	0.001067	429.821196
172.016000	0.001066	430.000353
172.068000	0.001066	430.183611
172.120000	0.001065	430.370958
172.172000	0.001064	430.562518
172.224000	0.001063	430.757631
172.276000	0.001063	430.956865
172.328000	0.001062	431.159497
172.380000	0.001061	431.367360
172.432000	0.001060	431.578272
172.484000	0.001060	431.793800
172.536000	0.001059	432.012444
172.588000	0.001058	432.236658
172.640000	0.001057	432.463478
172.692000	0.001056	432.695392
172.744000	0.001056	432.929919
172.796000	0.001055	433.170115
172.848000	0.001054	433.412713
172.900000	0.001053	433.661166
172.952000	0.001053	433.911836
173.004000	0.001052	434.168604
173.056000	0.001051	434.427186
173.108000	0.001050	434.691633
173.160000	0.001050	434.958593
173.212000	0.001049	435.231004
173.264000	0.001048	435.506547
173.316000	0.001047	435.786948
173.368000	0.001046	436.071105
173.420000	0.001046	436.359520
173.472000	0.001045	436.651811
173.524000	0.001044	436.947851
173.576000	0.001043	437.248142
173.628000	0.001043	437.552021
173.680000	0.001042	437.861307
173.732000	0.001041	438.173801
173.784000	0.001040	438.491116
173.836000	0.001040	438.811388
173.888000	0.001039	439.136705
173.940000	0.001038	439.464927
173.992000	0.001037	439.798852
174.044000	0.001037	440.135226
174.096000	0.001036	440.477207
174.148000	0.001035	440.821657
174.200000	0.001034	441.172273
174.252000	0.001034	441.525135
174.304000	0.001033	441.884412
174.356000	0.001032	442.245186
174.408000	0.001031	442.611927
174.460000	0.001031	442.981249
174.512000	0.001030	443.356266
174.564000	0.001029	443.734507
174.616000	0.001028	444.117822
174.668000	0.001028	444.504065
174.720000	0.001027	444.894653
174.772000	0.001026	445.289737
174.824000	0.001026	445.688782
174.876000	0.001025	446.092734
174.928000	0.001024	446.500229
174.980000	0.001023	446.911923
175.032000	0.001023	447.327067
175.084000	0.001022	447.747595
175.136000	0.001021	448.171196
175.188000	0.001020	448.600084
175.240000	0.001020	449.031754
175.292000	0.001019	449.468941
175.344000	0.001018	449.908654
175.396000	0.001017	450.354243
175.448000	0.001017	450.802341
175.500000	0.001016	451.256848
175.552000	0.001015	451.712997
175.604000	0.001015	452.175396
175.656000	0.001014	452.640007
175.708000	0.001013	453.111127
175.760000	0.001012	453.584495
175.812000	0.001012	454.063611
175.864000	0.001011	454.545163
175.916000	0.001010	455.031767
175.968000	0.001009	455.522337
176.020000	0.001009	456.017490
176.072000	0.001008	456.516759
176.124000	0.001007	457.020045
176.176000	0.001007	457.527332
176.228000	0.001006	458.038411
176.280000	0.001005	458.554713
176.332000	0.001004	459.074333
176.384000	0.001004	459.598662
176.436000	0.001003	460.126279
176.488000	0.001002	460.659660
176.540000	0.001002	461.195694
176.592000	0.001001	461.737104
176.644000	0.001000	462.281064
176.696000	0.000999	462.831033
176.748000	0.000999	463.383256
176.800000	0.000998	463.941798
176.852000	0.000997	464.502297
176.904000	0.000997	465.069423
176.956000	0.000996	465.638086
177.008000	0.000995	466.213036
177.060000	0.000994	466.790679
177.112000	0.000994	467.374286
177.164000	0.000993	467.960382
177.216000	0.000992	468.551601
177.268000	0.000992	469.145900
177.320000	0.000991	469.744737
177.372000	0.000990	470.348274
177.424000	0.000989	470.955878
177.476000	0.000989	471.567540
177.528000	0.000988	472.182962
177.580000	0.000987	472.803239
177.632000	0.000987	473.426859
177.684000	0.000986	474.055230
177.736000	0.000985	474.686756
177.788000	0.000985	475.323739
177.840000	0.000984	475.963575
177.892000	0.000983	476.609175
177.944000	0.000982	477.257088
177.996000	0.000982	477.910774
178.048000	0.000981	478.566431
178.100000	0.000980	479.228205
178.152000	0.000980	479.892236
178.204000	0.000979	480.563133
178.256000	0.000978	481.235221
178.308000	0.000978	481.913406
178.360000	0.000977	482.594318
178.412000	0.000976	483.281151
178.464000	0.000975	483.970066
178.516000	0.000975	484.663971
178.568000	0.000974	485.361935
178.620000	0.000973	486.064473
178.672000	0.000973	486.770177
178.724000	0.000972	487.479910
178.776000	0.000971	488.194180
178.828000	0.000971	488.912160
178.880000	0.000970	489.634974
178.932000	0.000969	490.360960
178.984000	0.000969	491.091256
179.036000	0.000968	491.824811
179.088000	0.000967	492.564139
179.140000	0.000967	493.305873
179.192000	0.000966	494.052649
179.244000	0.000965	494.801926
179.296000	0.000964	495.557175
179.348000	0.000964	496.314350
179.400000	0.000963	497.077526
179.452000	0.000962	497.842294
179.504000	0.000962	498.613376
179.556000	0.000961	499.386357
179.608000	0.000960	500.165565
179.660000	0.000960	500.946710
179.712000	0.000959	501.733322
179.764000	0.000958	502.522440
179.816000	0.000958	503.316436
179.868000	0.000957	504.113498
179.920000	0.000956	504.914848
179.972000	0.000956	505.720347
180.024000	0.000955	506.529626
180.076000	0.000954	507.342373
180.128000	0.000954	508.158665
180.180000	0.000953	508.979661
180.232000	0.000952	509.803790
180.284000	0.000952	510.632479
180.336000	0.000951	511.463970
180.388000	0.000950	512.300310
180.440000	0.000950	513.139130
180.492000	0.000949	513.983086
180.544000	0.000948	514.829439
180.596000	0.000948	515.681486
180.648000	0.000947	516.535099
180.700000	0.000946	517.394156
180.752000	0.000946	518.254747
180.804000	0.000945	519.121285
180.856000	0.000944	519.989699
180.908000	0.000944	520.863916
180.960000	0.000943	521.739644
181.012000	0.000942	522.620311
181.064000	0.000942	523.503861
181.116000	0.000941	524.391980
181.168000	0.000940	525.282581
181.220000	0.000940	526.177059
181.272000	0.000939	527.075019
181.324000	0.000938	527.976495
181.376000	0.000938	528.882197
181.428000	0.000937	529.790981
181.480000	0.000936	530.703325
181.532000	0.000936	531.618527
181.584000	0.000935	532.537972
181.636000	0.000934	533.459978
181.688000	0.000934	534.386460
181.740000	0.000933	535.315214
181.792000	0.000933	536.248674
181.844000	0.000932	537.184125
181.896000	0.000931	538.124493
181.948000	0.000931	539.066297
182.000000	0.000930	540.012982
182.052000	0.000929	540.961445
182.104000	0.000929	541.915422
182.156000	0.000928	542.870503
182.208000	0.000927	543.830386
182.260000	0.000927	544.792115
182.312000	0.000926	545.758258
182.364000	0.000925	546.726720
182.416000	0.000925	547.699062
182.468000	0.000924	548.674178
182.520000	0.000923	549.652648
182.572000	0.000923	550.633812
182.624000	0.000922	551.617941
182.676000	0.000922	552.605473
182.728000	0.000921	553.595705
182.780000	0.000920	554.589522
182.832000	0.000920	555.585786
182.884000	0.000919	556.585801
182.936000	0.000918	557.587855
182.988000	0.000918	558.593452
183.040000	0.000917	559.601022
183.092000	0.000916	560.612635
183.144000	0.000916	561.625758
183.196000	0.000915	562.642769
183.248000	0.000915	563.661612
183.300000	0.000914	564.684972
183.352000	0.000913	565.709358
183.404000	0.000913	566.737918
183.456000	0.000912	567.767510
183.508000	0.000911	568.800946
183.560000	0.000911	569.836115
183.612000	0.000910	570.874796
183.664000	0.000909	571.915593
183.716000	0.000909	572.959424
183.768000	0.000908	574.005257
183.820000	0.000908	575.053636
183.872000	0.000907	576.104834
183.924000	0.000906	577.158296
183.976000	0.000906	578.214676
184.028000	0.000905	579.272957
184.080000	0.000904	580.333357
184.132000	0.000904	581.395774
184.184000	0.000903	582.461650
184.236000	0.000903	583.529088
184.288000	0.000902	584.599275
184.340000	0.000901	585.670835
184.392000	0.000901	586.745207
184.444000	0.000900	587.821028
184.496000	0.000899	588.899994
184.548000	0.000899	589.980289
184.600000	0.000898	591.063716
184.652000	0.000898	592.148046
184.704000	0.000897	593.235290
184.756000	0.000896	594.323469
184.808000	0.000896	595.414242
184.860000	0.000895	596.506578
184.912000	0.000895	597.601255
184.964000	0.000894	598.697322
185.016000	0.000893	599.795263
185.068000	0.000893	600.895301
185.120000	0.000892	601.996924
185.172000	0.000891	603.100331
185.224000	0.000891	604.205065
185.276000	0.000890	605.311598
185.328000	0.000890	606.419405
185.380000	0.000889	607.529445
185.432000	0.000888	608.640553
185.484000	0.000888	609.753433
185.536000	0.000887	610.867281
185.588000	0.000887	611.982858
185.640000	0.000886	613.099530
185.692000	0.000885	614.218177
185.744000	0.000885	615.337649
185.796000	0.000884	616.458694
185.848000	0.000884	617.580520
185.900000	0.000883	618.703811
185.952000	0.000882	619.828190
186.004000	0.000882	620.954097
186.056000	0.000881	622.080815
186.108000	0.000881	623.208603
186.160000	0.000880	624.337321
186.212000	0.000879	625.466848
186.264000	0.000879	626.597406
186.316000	0.000878	627.728529
186.368000	0.000877	628.861259
186.420000	0.000877	629.994384
186.472000	0.000876	631.128646
186.524000	0.000876	632.263167
186.576000	0.000875	633.398703
186.628000	0.000875	634.534481
186.680000	0.000874	635.671129
186.732000	0.000873	636.808023
186.784000	0.000873	637.945608
186.836000	0.000872	639.083639
186.888000	0.000872	640.222522
186.940000	0.000871	641.361729
186.992000	0.000870	642.501211
187.044000	0.000870	643.641089
187.096000	0.000869	644.781002
187.148000	0.000869	645.921404
187.200000	0.000868	647.061572
187.252000	0.000867	648.202348
187.304000	0.000867	649.342597
187.356000	0.000866	650.483888
187.408000	0.000866	651.624643
187.460000	0.000865	652.765634
187.512000	0.000864	653.905695
187.564000	0.000864	655.046813
187.616000	0.000863	656.187077
187.668000	0.000863	657.327375
187.720000	0.000862	658.466666
187.772000	0.000861	659.606859
187.824000	0.000861	660.746106
187.876000	0.000860	661.885460
187.928000	0.000860	663.023993
187.980000	0.000859	664.162321
188.032000	0.000859	665.299978
188.084000	0.000858	666.437097
188.136000	0.000857	667.573550
188.188000	0.000857	668.708751
188.240000	0.000856	669.843870
188.292000	0.000856	670.978010
188.344000	0.000855	672.112082
188.396000	0.000854	673.244453
188.448000	0.000854	674.377006
188.500000	0.000853	675.507420
188.552000	0.000853	676.638289
188.604000	0.000852	677.766553
188.656000	0.000852	678.895330
188.708000	0.000851	680.021500
188.760000	0.000850	681.147997
188.812000	0.000850	682.271908
188.864000	0.000849	683.395931
188.916000	0.000849	684.517414
188.968000	0.000848	685.638770
189.020000	0.000848	686.757671
189.072000	0.000847	687.875622
189.124000	0.000846	688.991389
189.176000	0.000846	690.106733
189.228000	0.000845	691.220125
189.280000	0.000845	692.332143
189.332000	0.000844	693.442386
189.384000	0.000844	694.550363
189.436000	0.000843	695.657037
189.488000	0.000842	696.761299
189.540000	0.000842	697.864837
189.592000	0.000841	698.965712
189.644000	0.000841	700.065785
189.696000	0.000840	701.162035
189.748000	0.000840	702.258155
189.800000	0.000839	703.350106
189.852000	0.000838	704.442349
189.904000	0.000838	705.529830
189.956000	0.000837	706.617261
190.008000	0.000837	707.699942
190.060000	0.000836	708.783009
190.112000	0.000836	709.861769
190.164000	0.000835	710.939658
190.216000	0.000835	712.013281
190.268000	0.000834	713.086083
190.320000	0.000833	714.154956
190.372000	0.000833	715.222515
190.424000	0.000832	716.286522
190.476000	0.000832	717.348586
190.528000	0.000831	718.407553
190.580000	0.000831	719.463933
190.632000	0.000830	720.517562
190.684000	0.000829	721.567538
190.736000	0.000829	722.615408
190.788000	0.000828	723.659311
190.840000	0.000828	724.701641
190.892000	0.000827	725.739278
190.944000	0.000827	726.775903
190.996000	0.000826	727.807084
191.048000	0.000826	728.837541
191.100000	0.000825	729.861546
191.152000	0.000824	730.885679
191.204000	0.000824	731.902906
191.256000	0.000823	732.920256
191.308000	0.000823	733.931034
191.360000	0.000822	734.941411
191.412000	0.000822	735.945576
191.464000	0.000821	736.948330
191.516000	0.000821	737.945196
191.568000	0.000820	738.940535
191.620000	0.000820	739.930479
191.672000	0.000819	740.917726
191.724000	0.000818	741.900205
191.776000	0.000818	742.880167
191.828000	0.000817	743.855812
191.880000	0.000817	744.827156
191.932000	0.000816	745.794924
191.984000	0.000816	746.757991
192.036000	0.000815	747.718133
192.088000	0.000815	748.672682
192.140000	0.000814	749.624998
192.192000	0.000814	750.570853
192.244000	0.000813	751.515137
192.296000	0.000812	752.452008
192.348000	0.000812	753.388129
192.400000	0.000811	754.315996
192.452000	0.000811	755.243663
192.504000	0.000810	756.162309
192.556000	0.000810	757.080714
192.608000	0.000809	757.990640
192.660000	0.000809	758.899667
192.712000	0.000808	759.800773
192.764000	0.000808	760.700171
192.816000	0.000807	761.592203
192.868000	0.000807	762.481828
192.920000	0.000806	763.364719
192.972000	0.000805	764.244376
193.024000	0.000805	765.118014
193.076000	0.000804	765.987496
193.128000	0.000804	766.851732
193.180000	0.000803	767.710873
193.232000	0.000803	768.565537
193.284000	0.000802	769.414066
193.336000	0.000802	770.258986
193.388000	0.000801	771.096895
193.440000	0.000801	771.931998
193.492000	0.000800	772.759021
193.544000	0.000800	773.584098
193.596000	0.000799	774.400070
193.648000	0.000799	775.214981
193.700000	0.000798	776.019747
193.752000	0.000797	776.824169
193.804000	0.000797	777.617758
193.856000	0.000796	778.410894
193.908000	0.000796	779.193899
193.960000	0.000795	779.975529
194.012000	0.000795	780.747716
194.064000	0.000794	781.517705
194.116000	0.000794	782.278995
194.168000	0.000793	783.037254
194.220000	0.000793	783.787599
194.272000	0.000792	784.533844
194.324000	0.000792	785.273037
194.376000	0.000791	786.007093
194.428000	0.000791	786.735032
194.480000	0.000790	787.456855
194.532000	0.000790	788.173463
194.584000	0.000789	788.882757
194.636000	0.000789	789.587841
194.688000	0.000788	790.284621
194.740000	0.000788	790.978108
194.792000	0.000787	791.662084
194.844000	0.000786	792.343806
194.896000	0.000786	793.014939
194.948000	0.000785	793.684806
195.000000	0.000785	794.342915
195.052000	0.000784	795.000557
195.104000	0.000784	795.645830
195.156000	0.000783	796.290336
195.208000	0.000783	796.923279
195.260000	0.000782	797.554527
195.312000	0.000782	798.175085
195.364000	0.000781	798.793008
195.416000	0.000781	799.401123
195.468000	0.000780	800.005508
195.520000	0.000780	800.601005
195.572000	0.000779	801.191739
195.624000	0.000779	801.774587
195.676000	0.000778	802.351532
195.728000	0.000778	802.921633
195.780000	0.000777	803.484668
195.832000	0.000777	804.041905
195.884000	0.000776	804.590863
195.936000	0.000776	805.135097
195.988000	0.000775	805.669870
196.040000	0.000775	806.201028
196.092000	0.000774	806.721555
196.144000	0.000774	807.239575
196.196000	0.000773	807.745751
196.248000	0.000773	808.250511
196.300000	0.000772	808.742181
196.352000	0.000772	809.233214
196.404000	0.000771	809.710625
196.456000	0.000771	810.187088
196.508000	0.000770	810.650899
196.560000	0.000770	811.112734
196.612000	0.000769	811.562906
196.664000	0.000769	812.009939
196.716000	0.000768	812.446291
196.768000	0.000768	812.878461
196.820000	0.000767	813.301001
196.872000	0.000767	813.718236
196.924000	0.000766	814.126941
196.976000	0.000766	814.529033
197.028000	0.000765	814.923745
197.080000	0.000765	815.310656
197.132000	0.000764	815.691343
197.184000	0.000764	816.062989
197.236000	0.000763	816.429580
197.288000	0.000763	816.785883
197.340000	0.000762	817.138288
197.392000	0.000762	817.479113
197.444000	0.000761	817.817226
197.496000	0.000761	818.142495
197.548000	0.000760	818.466284
197.600000	0.000760	818.775980
197.652000	0.000759	819.084968
197.704000	0.000759	819.379461
197.756000	0.000758	819.672808
197.808000	0.000758	819.952708
197.860000	0.000757	820.230327
197.912000	0.000757	820.495581
197.964000	0.000756	820.757409
198.016000	0.000756	821.007963
198.068000	0.000755	821.253985
198.120000	0.000755	821.489868
198.172000	0.000754	821.719944
198.224000	0.000754	821.941064
198.276000	0.000753	822.155065
198.328000	0.000753	822.361345
198.380000	0.000752	822.559320
198.432000	0.000752	822.750788
198.484000	0.000751	822.932631
198.536000	0.000751	823.109201
198.588000	0.000750	823.274860
198.640000	0.000750	823.436465
198.692000	0.000749	823.585845
198.744000	0.000749	823.732441
198.796000	0.000748	823.865546
198.848000	0.000748	823.997123
198.900000	0.000747	824.113911
198.952000	0.000747	824.229873
199.004000	0.000746	824.330775
199.056000	0.000746	824.430407
199.108000	0.000745	824.516136
199.160000	0.000745	824.599419
199.212000	0.000744	824.669945
199.264000	0.000744	824.736794
199.316000	0.000743	824.792035
199.368000	0.000743	824.842464
199.420000	0.000743	824.882482
199.472000	0.000742	824.916323
199.524000	0.000742	824.941014
199.576000	0.000741	824.958390
199.628000	0.000741	824.967853
199.680000	0.000740	824.968576
199.732000	0.000740	824.962666
199.784000	0.000739	824.946770
199.836000	0.000739	824.925532
199.888000	0.000738	824.893050
199.940000	0.000738	824.856482
199.992000	0.000737	824.807346
200.044000	0.000737	824.755402
200.096000	0.000736	824.689598
200.148000	0.000736	824.622235
200.200000	0.000735	824.539699
200.252000	0.000735	824.456353
200.304000	0.000734	824.357777
200.356000	0.000734	824.257803
200.408000	0.000733	824.143773
200.460000	0.000733	824.027106
200.512000	0.000733	823.897565
200.564000	0.000732	823.764237
200.616000	0.000732	823.619236
200.668000	0.000731	823.469253
200.720000	0.000731	823.308824
200.772000	0.000730	823.142102
200.824000	0.000730	822.966214
200.876000	0.000729	822.782801
200.928000	0.000729	822.591508
200.980000	0.000728	822.391411
201.032000	0.000728	822.184705
201.084000	0.000727	821.967879
201.136000	0.000727	821.745746
201.188000	0.000726	821.512258
201.240000	0.000726	821.274725
201.292000	0.000725	821.024537
201.344000	0.000725	820.771586
201.396000	0.000725	820.504716
201.448000	0.000724	820.236360
201.500000	0.000724	819.952825
201.552000	0.000723	819.668454
201.604000	0.000723	819.368991
201.656000	0.000722	819.068043
201.708000	0.000722	818.753198
201.760000	0.000721	818.435679
201.812000	0.000721	818.105470
201.864000	0.000720	817.771456
201.916000	0.000720	817.425961
201.968000	0.000719	817.075391
202.020000	0.000719	816.714574
202.072000	0.000719	816.347488
202.124000	0.000718	815.971429
202.176000	0.000718	815.587865
202.228000	0.000717	815.196617
202.280000	0.000717	814.796658
202.332000	0.000716	814.390248
202.384000	0.000716	813.973780
202.436000	0.000715	813.552181
202.488000	0.000715	813.119407
202.540000	0.000714	812.682747
202.592000	0.000714	812.233660
202.644000	0.000714	811.781918
202.696000	0.000713	811.316514
202.748000	0.000713	810.849735
202.800000	0.000712	810.368118
202.852000	0.000712	809.885629
202.904000	0.000711	809.388506
202.956000	0.000711	808.889888
203.008000	0.000710	808.377852
203.060000	0.000710	807.863181
203.112000	0.000709	807.336284
203.164000	0.000709	806.805572
203.216000	0.000709	806.263817
203.268000	0.000708	805.717168
203.320000	0.000708	805.160692
203.372000	0.000707	804.598084
203.424000	0.000707	804.026895
203.476000	0.000706	803.448396
203.528000	0.000706	802.862557
203.580000	0.000705	802.268232
203.632000	0.000705	801.667819
203.684000	0.000704	801.057796
203.736000	0.000704	800.442893
203.788000	0.000704	799.817193
203.840000	0.000703	799.187829
203.892000	0.000703	798.546530
203.944000	0.000702	797.902773
203.996000	0.000702	797.245951
204.048000	0.000701	796.587902
204.100000	0.000701	795.915699
204.152000	0.000700	795.242651
204.204000	0.000700	794.555773
204.256000	0.000700	793.867404
204.308000	0.000699	793.166388
204.360000	0.000699	792.462848
204.412000	0.000698	791.747823
204.464000	0.000698	791.029120
204.516000	0.000697	790.300063
204.568000	0.000697	789.566323
204.620000	0.000696	788.823401
204.672000	0.000696	788.074689
204.724000	0.000696	787.317980
204.776000	0.000695	786.554340
204.828000	0.000695	785.783906
204.880000	0.000694	785.005546
204.932000	0.000694	784.221533
204.984000	0.000693	783.428448
205.036000	0.000693	782.630865
205.088000	0.000693	781.823161
205.140000	0.000692	781.012148
205.192000	0.000692	780.190040
205.244000	0.000691	779.365700
205.296000	0.000691	778.529192
205.348000	0.000690	777.691562
205.400000	0.000690	776.840762
205.452000	0.000689	775.989248
205.504000	0.000689	775.125065
205.556000	0.000689	774.259443
205.608000	0.000688	773.382237
205.660000	0.000688	772.502654
205.712000	0.000687	771.612584
205.764000	0.000687	770.719123
205.816000	0.000686	769.816239
205.868000	0.000686	768.909069
205.920000	0.000686	767.993564
205.972000	0.000685	767.072672
206.024000	0.000685	766.144565
206.076000	0.000684	765.210185
206.128000	0.000684	764.269675
206.180000	0.000683	763.321880
206.232000	0.000683	762.369046
206.284000	0.000683	761.408022
206.336000	0.000682	760.442983
206.388000	0.000682	759.468764
206.440000	0.000681	758.491614
206.492000	0.000681	757.504437
206.544000	0.000680	756.515302
206.596000	0.000680	755.515201
206.648000	0.000680	754.514209
206.700000	0.000679	753.501431
206.752000	0.000679	752.488013
206.804000	0.000678	751.463351
206.856000	0.000678	750.437359
206.908000	0.000677	749.401118
206.960000	0.000677	748.362770
207.012000	0.000677	747.315184
207.064000	0.000676	746.264554
207.116000	0.000676	745.205650
207.168000	0.000675	744.142923
207.220000	0.000675	743.072913
207.272000	0.000674	741.998215
207.324000	0.000674	740.917232
207.376000	0.000674	739.830719
207.428000	0.000673	738.738889
207.480000	0.000673	737.640659
207.532000	0.000672	736.538101
207.584000	0.000672	735.428419
207.636000	0.000671	734.315292
207.688000	0.000671	733.194164
207.740000	0.000671	732.070573
207.792000	0.000670	730.938311
207.844000	0.000670	729.804433
207.896000	0.000669	728.661099
207.948000	0.000669	727.517021
208.000000	0.000669	726.362781
208.052000	0.000668	725.208042
208.104000	0.000668	724.043760
208.156000	0.000667	722.878389
208.208000	0.000667	721.704362
208.260000	0.000666	720.528482
208.312000	0.000666	719.344809
208.364000	0.000666	718.158581
208.416000	0.000665	716.965413
208.468000	0.000665	715.769057
208.520000	0.000664	714.566622
208.572000	0.000664	713.360235
208.624000	0.000664	712.148632
208.676000	0.000663	710.932387
208.728000	0.000663	709.711765
208.780000	0.000662	708.485844
208.832000	0.000662	707.256379
208.884000	0.000662	706.021007
208.936000	0.000661	704.782869
208.988000	0.000661	703.538178
209.040000	0.000660	702.291515
209.092000	0.000660	701.037733
209.144000	0.000659	699.782673
209.196000	0.000659	698.519880
209.248000	0.000659	697.256560
209.300000	0.000658	695.984992
209.352000	0.000658	694.713079
209.404000	0.000657	693.433525
209.456000	0.000657	692.153048
209.508000	0.000657	690.865654
209.560000	0.000656	689.576860
209.612000	0.000656	688.281897
209.664000	0.000655	686.984895
209.716000	0.000655	685.682421
209.768000	0.000655	684.377486
209.820000	0.000654	683.067789
209.872000	0.000654	681.754986
209.924000	0.000653	680.438134
209.976000	0.000653	679.117701
210.028000	0.000653	677.793906
210.080000	0.000652	676.466036
210.132000	0.000652	675.135465
210.184000	0.000651	673.800351
210.236000	0.000651	672.463171
210.288000	0.000651	671.120997
210.340000	0.000650	669.777344
210.392000	0.000650	668.428259
210.444000	0.000649	667.078302
210.496000	0.000649	665.722544
210.548000	0.000649	664.366476
210.600000	0.000648	663.004242
210.652000	0.000648	661.641756
210.704000	0.000647	660.273625
210.756000	0.000647	658.904897
210.808000	0.000647	657.531129
210.860000	0.000646	656.156366
210.912000	0.000646	654.777128
210.964000	0.000645	653.396476
211.016000	0.000645	652.011893
211.068000	0.000645	650.625585
211.120000	0.000644	649.235893
211.172000	0.000644	647.844057
211.224000	0.000643	646.449387
211.276000	0.000643	645.052262
211.328000	0.000643	643.652810
211.380000	0.000642	642.250548
211.432000	0.000642	640.846446
211.484000	0.000641	639.439235
211.536000	0.000641	638.030670
211.588000	0.000641	636.618760
211.640000	0.000640	635.205937
211.692000	0.000640	633.789523
211.744000	0.000639	632.372551
211.796000	0.000639	630.951719
211.848000	0.000639	629.530778
211.900000	0.000638	628.105827
211.952000	0.000638	626.680797
212.004000	0.000637	625.252173
212.056000	0.000637	623.823260
212.108000	0.000637	622.391185
212.160000	0.000636	620.958504
212.212000	0.000636	619.523043
212.264000	0.000635	618.086865
212.316000	0.000635	616.648297
212.368000	0.000635	615.208769
212.420000	0.000634	613.767226
212.472000	0.000634	612.324516
212.524000	0.000633	610.880170
212.576000	0.000633	609.434524
212.628000	0.000633	607.987563
212.680000	0.000632	606.539065
212.732000	0.000632	605.089585
212.784000	0.000632	603.638474
212.836000	0.000631	602.186695
212.888000	0.000631	600.733212
212.940000	0.000630	599.279283
212.992000	0.000630	597.823513
213.044000	0.000630	596.367564
213.096000	0.000629	594.909743
213.148000	0.000629	593.451992
213.200000	0.000628	591.992364
213.252000	0.000628	590.532781
213.304000	0.000628	589.071564
213.356000	0.000627	587.610335
213.408000	0.000627	586.147738
213.460000	0.000627	584.685059
213.512000	0.000626	583.221240
213.564000	0.000626	581.757245
213.616000	0.000625	580.292319
213.668000	0.000625	578.827281
213.720000	0.000625	577.361517
213.772000	0.000624	575.895492
213.824000	0.000624	574.428949
213.876000	0.000623	572.962168
213.928000	0.000623	571.495047
213.980000	0.000623	570.027688
214.032000	0.000622	568.560125
214.084000	0.000622	567.092307
214.136000	0.000622	565.624455
214.188000	0.000621	564.156459
214.240000	0.000621	562.688461
214.292000	0.000620	561.220299
214.344000	0.000620	559.752300
214.396000	0.000620	558.284300
214.448000	0.000619	556.816458
214.500000	0.000619	555.348679
214.552000	0.000619	553.881142
214.604000	0.000618	552.413802
214.656000	0.000618	550.946714
214.708000	0.000617	549.479896
214.760000	0.000617	548.013405
214.812000	0.000617	546.547250
214.864000	0.000616	545.081618
214.916000	0.000616	543.616377
214.968000	0.000616	542.151611
215.020000	0.000615	540.687290
215.072000	0.000615	539.223634
215.124000	0.000614	537.760467
215.176000	0.000614	536.298081
215.228000	0.000614	534.836192
215.280000	0.000613	533.375174
215.332000	0.000613	531.914651
215.384000	0.000613	530.455155
215.436000	0.000612	528.996153
215.488000	0.000612	527.538383
215.540000	0.000611	526.081042
215.592000	0.000611	524.625093
215.644000	0.000611	523.169508
215.696000	0.000610	521.715526
215.748000	0.000610	520.261875
215.800000	0.000610	518.810039
215.852000	0.000609	517.358559
215.904000	0.000609	515.908836
215.956000	0.000609	514.459652
216.008000	0.000608	513.012164
216.060000	0.000608	511.565412
216.112000	0.000607	510.120272
216.164000	0.000607	508.676091
216.216000	0.000607	507.233433
216.268000	0.000606	505.792002
216.320000	0.000606	504.352000
216.372000	0.000606	502.913387
216.424000	0.000605	501.476104
216.476000	0.000605	500.040443
216.528000	0.000604	498.605995
216.580000	0.000604	497.173408
216.632000	0.000604	495.741901
216.684000	0.000603	494.312523
216.736000	0.000603	492.884071
216.788000	0.000603	491.458018
216.840000	0.000602	490.032721
216.892000	0.000602	488.610117
216.944000	0.000602	487.188084
216.996000	0.000601	485.769051
217.048000	0.000601	484.350465
217.100000	0.000600	482.935124
217.152000	0.000600	481.520240
217.204000	0.000600	480.108392
217.256000	0.000599	478.697331
217.308000	0.000599	477.289129
217.360000	0.000599	475.882015
217.412000	0.000598	474.477548
217.464000	0.000598	473.074492
217.516000	0.000598	471.673870
217.568000	0.000597	470.274969
217.620000	0.000597	468.878284
217.672000	0.000597	467.483580
217.724000	0.000596	466.090893
217.776000	0.000596	464.700595
217.828000	0.000595	463.312059
217.880000	0.000595	461.926157
217.932000	0.000595	460.541790
217.984000	0.000594	459.160439
218.036000	0.000594	457.780365
218.088000	0.000594	456.403659
218.140000	0.000593	455.027932
218.192000	0.000593	453.655912
218.244000	0.000593	452.284643
218.296000	0.000592	450.917503
218.348000	0.000592	449.550833
218.400000	0.000592	448.188479
218.452000	0.000591	446.826740
218.504000	0.000591	445.469048
218.556000	0.000590	444.112304
218.608000	0.000590	442.759298
218.660000	0.000590	441.407661
218.712000	0.000589	440.059457
218.764000	0.000589	438.713022
218.816000	0.000589	437.369704
218.868000	0.000588	436.028484
218.920000	0.000588	434.690079
218.972000	0.000588	433.354194
219.024000	0.000587	432.020806
219.076000	0.000587	430.690277
219.128000	0.000587	429.361938
219.180000	0.000586	428.036890
219.232000	0.000586	426.713705
219.284000	0.000586	425.394207
219.336000	0.000585	424.076212
219.388000	0.000585	422.762281
219.440000	0.000584	421.449527
219.492000	0.000584	420.141282
219.544000	0.000584	418.833826
219.596000	0.000583	417.531273
219.648000	0.000583	416.229257
219.700000	0.000583	414.932344
219.752000	0.000582	413.636148
219.804000	0.000582	412.344702
219.856000	0.000582	411.054358
219.908000	0.000581	409.768372
219.960000	0.000581	408.483969
220.012000	0.000581	407.203545
220.064000	0.000580	405.925100
220.116000	0.000580	404.650243
220.168000	0.000580	403.377789
220.220000	0.000579	402.108551
220.272000	0.000579	400.842188
220.324000	0.000579	399.578657
220.376000	0.000578	398.318376
220.428000	0.000578	397.060557
220.480000	0.000578	395.806461
220.532000	0.000577	394.554403
220.584000	0.000577	393.306430
220.636000	0.000577	392.060136
220.688000	0.000576	390.818430
220.740000	0.000576	389.577976
220.792000	0.000575	388.342528
220.844000	0.000575	387.107954
220.896000	0.000575	385.878856
220.948000	0.000574	384.650302
221.000000	0.000574	383.427330
221.052000	0.000574	382.205151
221.104000	0.000573	380.988159
221.156000	0.000573	379.772382
221.208000	0.000573	378.561341
221.260000	0.000572	377.351984
221.312000	0.000572	376.146925
221.364000	0.000572	374.944018
221.416000	0.000571	373.744980
221.468000	0.000571	372.548598
221.520000	0.000571	371.355652
221.572000	0.000570	370.165708
221.624000	0.000570	368.978795
221.676000	0.000570	367.795420
221.728000	0.000569	366.614626
221.780000	0.000569	365.437740
221.832000	0.000569	364.263038
221.884000	0.000568	363.092764
221.936000	0.000568	361.924225
221.988000	0.000568	360.760538
222.040000	0.000567	359.598149
222.092000	0.000567	358.441065
222.144000	0.000567	357.284808
222.196000	0.000566	356.134289
222.248000	0.000566	354.984409
222.300000	0.000566	353.840397
222.352000	0.000565	352.697189
222.404000	0.000565	351.559362
222.456000	0.000565	350.422778
222.508000	0.000564	349.291099
222.560000	0.000564	348.161234
222.612000	0.000564	347.035817
222.664000	0.000563	345.912599
222.716000	0.000563	344.793360
222.768000	0.000563	343.676831
222.820000	0.000562	342.563841
222.872000	0.000562	341.454058
222.924000	0.000562	340.347351
222.976000	0.000561	339.244214
223.028000	0.000561	338.143719
223.080000	0.000561	337.047291
223.132000	0.000560	335.953038
223.184000	0.000560	334.863265
223.236000	0.000560	333.775262
223.288000	0.000559	332.692255
223.340000	0.000559	331.610518
223.392000	0.000559	330.534174
223.444000	0.000558	329.458708
223.496000	0.000558	328.389130
223.548000	0.000558	327.320092
223.600000	0.000557	326.256915
223.652000	0.000557	325.194613
223.704000	0.000557	324.137733
223.756000	0.000556	323.082129
223.808000	0.000556	322.031440
223.860000	0.000556	320.982601
223.912000	0.000555	319.938205
223.964000	0.000555	318.895990
224.016000	0.000555	317.857742
224.068000	0.000554	316.822277
224.120000	0.000554	315.790316
224.172000	0.000554	314.761493
224.224000	0.000553	313.735728
224.276000	0.000553	312.713589
224.328000	0.000553	311.694044
224.380000	0.000553	310.678530
224.432000	0.000552	309.665175
224.484000	0.000552	308.656328
224.536000	0.000552	307.649189
224.588000	0.000551	306.646996
224.640000	0.000551	305.646037
224.692000	0.000551	304.650437
224.744000	0.000550	303.655652
224.796000	0.000550	302.666684
224.848000	0.000550	301.678320
224.900000	0.000549	300.695737
224.952000	0.000549	299.713966
225.004000	0.000549	298.737476
225.056000	0.000548	297.762268
225.108000	0.000548	296.791860
225.160000	0.000548	295.823247
225.212000	0.000547	294.858959
225.264000	0.000547	293.896932
225.316000	0.000547	292.938758
225.368000	0.000546	291.983240
225.420000	0.000546	291.031120
225.472000	0.000546	290.082082
225.524000	0.000545	289.136004
225.576000	0.000545	288.193488
225.628000	0.000545	287.253489
225.680000	0.000544	286.317471
225.732000	0.000544	285.383510
225.784000	0.000544	284.453919
225.836000	0.000544	283.525945
225.888000	0.000543	282.602762
225.940000	0.000543	281.680783
225.992000	0.000543	280.764040
226.044000	0.000542	279.848035
226.096000	0.000542	278.937655
226.148000	0.000542	278.027828
226.200000	0.000541	277.123541
226.252000	0.000541	276.220105
226.304000	0.000541	275.321748
226.356000	0.000540	274.424653
226.408000	0.000540	273.532155
226.460000	0.000540	272.641413
226.512000	0.000539	271.754806
226.564000	0.000539	270.870297
226.616000	0.000539	269.989466
226.668000	0.000538	269.111256
226.720000	0.000538	268.236289
226.772000	0.000538	267.364351
226.824000	0.000538	266.495216
226.876000	0.000537	265.629472
226.928000	0.000537	264.766084
226.980000	0.000537	263.906453
227.032000	0.000536	263.048806
227.084000	0.000536	262.195419
227.136000	0.000536	261.343530
227.188000	0.000535	260.496205
227.240000	0.000535	259.650009
227.292000	0.000535	258.808824
227.344000	0.000534	257.968324
227.396000	0.000534	257.133198
227.448000	0.000534	256.298603
227.500000	0.000534	255.469246
227.552000	0.000533	254.640690
227.604000	0.000533	253.816918
227.656000	0.000533	252.994371
227.708000	0.000532	252.176157
227.760000	0.000532	251.359640
227.812000	0.000532	250.547014
227.864000	0.000531	249.736454
227.916000	0.000531	248.929348
227.968000	0.000531	248.124698
228.020000	0.000530	247.323085
228.072000	0.000530	246.524314
228.124000	0.000530	245.728168
228.176000	0.000530	244.935251
228.228000	0.000529	244.144552
228.280000	0.000529	243.357453
228.332000	0.000529	242.572168
228.384000	0.000528	241.790856
228.436000	0.000528	241.010960
228.488000	0.000528	240.235407
228.540000	0.000527	239.460901
228.592000	0.000527	238.691126
228.644000	0.000527	237.921950
228.696000	0.000526	237.157821
228.748000	0.000526	236.394233
228.800000	0.000526	235.635552
228.852000	0.000526	234.877611
228.904000	0.000525	234.124120
228.956000	0.000525	233.371852
229.008000	0.000525	232.623628
229.060000	0.000524	231.876927
229.112000	0.000524	231.133835
229.164000	0.000524	230.392759
229.216000	0.000523	229.654886
229.268000	0.000523	228.919291
229.320000	0.000523	228.186521
229.372000	0.000523	227.456473
229.424000	0.000522	226.728845
229.476000	0.000522	226.004216
229.528000	0.000522	225.281636
229.580000	0.000521	224.562439
229.632000	0.000521	223.844915
229.684000	0.000521	223.131117
229.736000	0.000520	222.418646
229.788000	0.000520	221.710269
229.840000	0.000520	221.002798
229.892000	0.000520	220.299702
229.944000	0.000519	219.597147
229.996000	0.000519	218.899302
230.048000	0.000519	218.201972
230.100000	0.000518	217.509185
230.152000	0.000518	216.817148
230.204000	0.000518	216.129232
230.256000	0.000517	215.442392
230.308000	0.000517	214.759267
230.360000	0.000517	214.077679
230.412000	0.000517	213.399424
230.464000	0.000516	212.722963
230.516000	0.000516	212.049453
230.568000	0.000516	211.378125
230.620000	0.000515	210.709386
230.672000	0.000515	210.043155
230.724000	0.000515	209.379145
230.776000	0.000514	208.717927
230.828000	0.000514	208.058590
230.880000	0.000514	207.402403
230.932000	0.000514	206.747769
230.984000	0.000513	206.096633
231.036000	0.000513	205.446638
231.088000	0.000513	204.800362
231.140000	0.000512	204.154964
231.192000	0.000512	203.513669
231.244000	0.000512	202.872860
231.296000	0.000512	202.236412
231.348000	0.000511	201.600452
231.400000	0.000511	200.968660
231.452000	0.000511	200.337505
231.504000	0.000510	199.710104
231.556000	0.000510	199.083811
231.608000	0.000510	198.460936
231.660000	0.000510	197.839406
231.712000	0.000509	197.220917
231.764000	0.000509	196.604156
231.816000	0.000509	195.990092
231.868000	0.000508	195.378062
231.920000	0.000508	194.768387
231.972000	0.000508	194.160998
232.024000	0.000507	193.555645
232.076000	0.000507	192.952917
232.128000	0.000507	192.351885
232.180000	0.000507	191.753735
232.232000	0.000506	191.156980
232.284000	0.000506	190.563425
232.336000	0.000506	189.970950
232.388000	0.000505	189.381958
232.440000	0.000505	188.793708
232.492000	0.000505	188.209196
232.544000	0.000505	187.625149
232.596000	0.000504	187.045134
232.648000	0.000504	186.465541
232.700000	0.000504	185.889737
232.752000	0.000503	185.314578
232.804000	0.000503	184.742850
232.856000	0.000503	184.172119
232.908000	0.000503	183.604491
232.960000	0.000502	183.038123
233.012000	0.000502	182.474519
233.064000	0.000502	181.912522
233.116000	0.000501	181.352970
233.168000	0.000501	180.795257
233.220000	0.000501	180.239689
233.272000	0.000501	179.686276
233.324000	0.000500	179.134710
233.376000	0.000500	178.585565
233.428000	0.000500	178.037940
233.480000	0.000499	177.492928
233.532000	0.000499	176.949200
233.584000	0.000499	176.408449
233.636000	0.000499	175.868650
233.688000	0.000498	175.332024
233.740000	0.000498	174.796062
233.792000	0.000498	174.263524
233.844000	0.000497	173.731405
233.896000	0.000497	173.202981
233.948000	0.000497	172.674914
234.000000	0.000497	172.150271
234.052000	0.000496	171.626280
234.104000	0.000496	171.105412
234.156000	0.000496	170.585435
234.208000	0.000496	170.068262
234.260000	0.000495	169.552307
234.312000	0.000495	169.038855
234.364000	0.000495	168.526842
234.416000	0.000494	168.017041
234.468000	0.000494	167.508934
234.520000	0.000494	167.002767
234.572000	0.000494	166.498586
234.624000	0.000493	165.996061
234.676000	0.000493	165.495725
234.728000	0.000493	164.996790
234.780000	0.000492	164.500317
234.832000	0.000492	164.004962
234.884000	0.000492	163.512275
234.936000	0.000492	163.020444
234.988000	0.000491	162.531513
235.040000	0.000491	162.043207
235.092000	0.000491	161.558050
235.144000	0.000491	161.073236
235.196000	0.000490	160.591777
235.248000	0.000490	160.110649
235.300000	0.000490	159.632616
235.352000	0.000489	159.155200
235.404000	0.000489	158.680606
235.456000	0.000489	158.206845
235.508000	0.000489	157.735615
235.560000	0.000488	157.265468
235.612000	0.000488	156.797577
235.664000	0.000488	156.331065
235.716000	0.000487	155.866541
235.768000	0.000487	155.403528
235.820000	0.000487	154.942272
235.872000	0.000487	154.482882
235.924000	0.000486	154.024969
235.976000	0.000486	153.569021
236.028000	0.000486	153.114336
236.080000	0.000486	152.661907
236.132000	0.000485	152.210483
236.184000	0.000485	151.761489
236.236000	0.000485	151.313263
236.288000	0.000484	150.867680
236.340000	0.000484	150.422632
236.392000	0.000484	149.980432
236.444000	0.000484	149.538569
236.496000	0.000483	149.099777
236.548000	0.000483	148.661291
236.600000	0.000483	148.225597
236.652000	0.000483	147.790447
236.704000	0.000482	147.357830
236.756000	0.000482	146.925987
236.808000	0.000482	146.496421
236.860000	0.000482	146.067907
236.912000	0.000481	145.641423
236.964000	0.000481	145.216110
237.016000	0.000481	144.792594
237.068000	0.000480	144.370556
237.120000	0.000480	143.950081
237.172000	0.000480	143.531234
237.224000	0.000480	143.113725
237.276000	0.000479	142.698048
237.328000	0.000479	142.283507
237.380000	0.000479	141.871026
237.432000	0.000479	141.459424
237.484000	0.000478	141.050005
237.536000	0.000478	140.641273
237.588000	0.000478	140.234945
237.640000	0.000477	139.829124
237.692000	0.000477	139.425917
237.744000	0.000477	139.022990
237.796000	0.000477	138.622814
237.848000	0.000476	138.222933
237.900000	0.000476	137.825565
237.952000	0.000476	137.428706
238.004000	0.000476	137.034125
238.056000	0.000475	136.640265
238.108000	0.000475	136.248452
238.160000	0.000475	135.857563
238.212000	0.000475	135.468495
238.264000	0.000474	135.080554
238.316000	0.000474	134.694226
238.368000	0.000474	134.309254
238.420000	0.000473	133.925674
238.472000	0.000473	133.543543
238.524000	0.000473	133.162626
238.576000	0.000473	132.783418
238.628000	0.000472	132.405195
238.680000	0.000472	132.028778
238.732000	0.000472	131.653190
238.784000	0.000472	131.279651
238.836000	0.000471	130.906700
238.888000	0.000471	130.535904
238.940000	0.000471	130.165566
238.992000	0.000471	129.797602
239.044000	0.000470	129.429865
239.096000	0.000470	129.064583
239.148000	0.000470	128.699624
239.200000	0.000470	128.336937
239.252000	0.000469	127.974689
239.304000	0.000469	127.614477
239.356000	0.000469	127.254977
239.408000	0.000469	126.897320
239.460000	0.000468	126.540520
239.512000	0.000468	126.185352
239.564000	0.000468	125.831165
239.616000	0.000467	125.478424
239.668000	0.000467	125.126932
239.720000	0.000467	124.776687
239.772000	0.000467	124.427761
239.824000	0.000466	124.079910
239.876000	0.000466	123.733581
239.928000	0.000466	123.388168
239.980000	0.000466	123.044467
240.032000	0.000465	122.701468
240.084000	0.000465	122.360271
240.136000	0.000465	122.019625
240.188000	0.000465	121.680960
240.240000	0.000464	121.342677
240.292000	0.000464	121.006527
240.344000	0.000464	120.670618
240.396000	0.000464	120.336931
240.448000	0.000463	120.003520
240.500000	0.000463	119.672138
240.552000	0.000463	119.341205
240.604000	0.000463	119.012108
240.656000	0.000462	118.683633
240.708000	0.000462	118.356804
240.760000	0.000462	118.030715
240.812000	0.000462	117.706089
240.864000	0.000461	117.382464
240.916000	0.000461	117.060124
240.968000	0.000461	116.738836
241.020000	0.000461	116.418674
241.072000	0.000460	116.099756
241.124000	0.000460	115.781815
241.176000	0.000460	115.465300
241.228000	0.000460	115.149553
241.280000	0.000459	114.835266
241.332000	0.000459	114.521648
241.384000	0.000459	114.209722
241.436000	0.000459	113.898291
241.488000	0.000458	113.588662
241.540000	0.000458	113.279342
241.592000	0.000458	112.971932
241.644000	0.000458	112.664781
241.696000	0.000457	112.359649
241.748000	0.000457	112.054741
241.800000	0.000457	111.751642
241.852000	0.000457	111.448920
241.904000	0.000456	111.147837
241.956000	0.000456	110.847375
242.008000	0.000456	110.548394
242.060000	0.000456	110.250146
242.112000	0.000455	109.953207
242.164000	0.000455	109.657092
242.216000	0.000455	109.362133
242.268000	0.000455	109.068180
242.320000	0.000454	108.775236
242.372000	0.000454	108.483428
242.424000	0.000454	108.192470
242.476000	0.000454	107.902737
242.528000	0.000453	107.613743
242.580000	0.000453	107.326173
242.632000	0.000453	107.039160
242.684000	0.000453	106.753630
242.736000	0.000452	106.468516
242.788000	0.000452	106.185009
242.840000	0.000452	105.901841
242.892000	0.000452	105.620448
242.944000	0.000451	105.339229
242.996000	0.000451	105.059787
243.048000	0.000451	104.780596
243.100000	0.000451	104.503042
243.152000	0.000450	104.225883
243.204000	0.000450	103.950203
243.256000	0.000450	103.675060
243.308000	0.000450	103.401239
243.360000	0.000449	103.128046
243.412000	0.000449	102.856026
243.464000	0.000449	102.584807
243.516000	0.000449	102.314618
243.568000	0.000448	102.045305
243.620000	0.000448	101.776896
243.672000	0.000448	101.509525
243.724000	0.000448	101.242929
243.776000	0.000447	100.977488
243.828000	0.000447	100.712692
243.880000	0.000447	100.449159
243.932000	0.000447	100.186125
243.984000	0.000446	99.924435
244.036000	0.000446	99.663143
244.088000	0.000446	99.403334
244.140000	0.000446	99.143801
244.192000	0.000445	98.885860
244.244000	0.000445	98.628078
244.296000	0.000445	98.371892
244.348000	0.000445	98.115948
244.400000	0.000444	97.861473
244.452000	0.000444	97.607327
244.504000	0.000444	97.354499
244.556000	0.000444	97.102217
244.608000	0.000443	96.851126
244.660000	0.000443	96.600563
244.712000	0.000443	96.351052
244.764000	0.000443	96.102328
244.816000	0.000442	95.854526
244.868000	0.000442	95.607524
244.920000	0.000442	95.361333
244.972000	0.000442	95.116092
245.024000	0.000442	94.871530
245.076000	0.000441	94.627983
245.128000	0.000441	94.385016
245.180000	0.000441	94.143202
245.232000	0.000441	93.901832
245.284000	0.000440	93.661683
245.336000	0.000440	93.421893
245.388000	0.000440	93.183449
245.440000	0.000440	92.945253
245.492000	0.000439	92.708497
245.544000	0.000439	92.471892
245.596000	0.000439	92.236723
245.648000	0.000439	92.001747
245.700000	0.000438	91.768078
245.752000	0.000438	91.534803
245.804000	0.000438	91.302728
245.856000	0.000438	91.071070
245.908000	0.000437	90.840469
245.960000	0.000437	90.610401
246.012000	0.000437	90.381275
246.064000	0.000437	90.152830
246.116000	0.000437	89.925210
246.168000	0.000436	89.698325
246.220000	0.000436	89.472166
246.272000	0.000436	89.246876
246.324000	0.000436	89.022208
246.376000	0.000435	88.798502
246.428000	0.000435	88.575299
246.480000	0.000435	88.353116
246.532000	0.000435	88.131330
246.584000	0.000434	87.910651
246.636000	0.000434	87.690321
246.688000	0.000434	87.471242
246.740000	0.000434	87.252326
246.792000	0.000433	87.034677
246.844000	0.000433	86.817202
246.896000	0.000433	86.601033
246.948000	0.000433	86.385085
247.000000	0.000433	86.170324
247.052000	0.000432	85.955852
247.104000	0.000432	85.742442
247.156000	0.000432	85.529420
247.208000	0.000432	85.317347
247.260000	0.000431	85.105812
247.312000	0.000431	84.895123
247.364000	0.000431	84.685066
247.416000	0.000431	84.475751
247.468000	0.000430	84.267102
247.520000	0.000430	84.059096
247.572000	0.000430	83.851846
247.624000	0.000430	83.645157
247.676000	0.000429	83.439347
247.728000	0.000429	83.233987
247.780000	0.000429	83.029553
247.832000	0.000429	82.825499
247.884000	0.000429	82.622482
247.936000	0.000428	82.419731
247.988000	0.000428	82.218068
248.040000	0.000428	82.016611
248.092000	0.000428	81.816344
248.144000	0.000427	81.616204
248.196000	0.000427	81.417222
248.248000	0.000427	81.218418
248.300000	0.000427	81.020670
248.352000	0.000426	80.823232
248.404000	0.000426	80.626756
248.456000	0.000426	80.430688
248.508000	0.000426	80.235476
248.560000	0.000426	80.040664
248.612000	0.000425	79.846610
248.664000	0.000425	79.653140
248.716000	0.000425	79.460341
248.768000	0.000425	79.268200
248.820000	0.000424	79.076637
248.872000	0.000424	78.885764
248.924000	0.000424	78.695381
248.976000	0.000424	78.505764
249.028000	0.000424	78.316570
249.080000	0.000423	78.128256
249.132000	0.000423	77.940260
249.184000	0.000423	77.753180
249.236000	0.000423	77.566338
249.288000	0.000422	77.380486
249.340000	0.000422	77.194822
249.392000	0.000422	77.010240
249.444000	0.000422	76.825779
249.496000	0.000421	76.642361
249.548000	0.000421	76.459150
249.600000	0.000421	76.276902
249.652000	0.000421	76.094860
249.704000	0.000421	75.913666
249.756000	0.000420	75.732904
249.808000	0.000420	75.552918
249.860000	0.000420	75.373295
249.912000	0.000420	75.194352
249.964000	0.000419	75.015951
250.016000	0.000419	74.838146
250.068000	0.000419	74.660904
250.120000	0.000419	74.484191
250.172000	0.000419	74.308152
250.224000	0.000418	74.132552
250.276000	0.000418	73.957652
250.328000	0.000418	73.783116
250.380000	0.000418	73.609351
250.432000	0.000417	73.435873
250.484000	0.000417	73.263230
250.536000	0.000417	73.090827
250.588000	0.000417	72.919350
250.640000	0.000417	72.748014
250.692000	0.000416	72.577643
250.744000	0.000416	72.407419
250.796000	0.000416	72.238152
250.848000	0.000416	72.069005
250.900000	0.000415	71.900703
250.952000	0.000415	71.732679
251.004000	0.000415	71.565434
251.056000	0.000415	71.398549
251.108000	0.000415	71.232356
251.160000	0.000414	71.066499
251.212000	0.000414	70.901254
251.264000	0.000414	70.736511
251.316000	0.000414	70.572305
251.368000	0.000413	70.408617
251.420000	0.000413	70.245393
251.472000	0.000413	70.082748
251.524000	0.000413	69.920514
251.576000	0.000413	69.758958
251.628000	0.000412	69.597729
251.680000	0.000412	69.437203
251.732000	0.000412	69.276936
251.784000	0.000412	69.117431
251.836000	0.000411	68.958119
251.888000	0.000411	68.799628
251.940000	0.000411	68.641295
251.992000	0.000411	68.483860
252.044000	0.000411	68.326530
252.096000	0.000410	68.170049
252.148000	0.000410	68.013720
252.200000	0.000410	67.858163
252.252000	0.000410	67.702828
252.304000	0.000410	67.548188
252.356000	0.000409	67.393885
252.408000	0.000409	67.240205
252.460000	0.000409	67.086887
252.512000	0.000409	66.934117
252.564000	0.000408	66.781763
252.616000	0.000408	66.629893
252.668000	0.000408	66.478498
252.720000	0.000408	66.327523
252.772000	0.000408	66.177077
252.824000	0.000407	66.027005
252.876000	0.000407	65.877559
252.928000	0.000407	65.728407
252.980000	0.000407	65.579896
253.032000	0.000406	65.431619
253.084000	0.000406	65.284038
253.136000	0.000406	65.136631
253.188000	0.000406	64.989973
253.240000	0.000406	64.843429
253.292000	0.000405	64.697684
253.344000	0.000405	64.552075
253.396000	0.000405	64.407250
253.448000	0.000405	64.262570
253.500000	0.000405	64.118586
253.552000	0.000404	63.974812
253.604000	0.000404	63.831664
253.656000	0.000404	63.688788
253.708000	0.000404	63.546470
253.760000	0.000403	63.404484
253.812000	0.000403	63.262996
253.864000	0.000403	63.121943
253.916000	0.000403	62.981318
253.968000	0.000403	62.841087
254.020000	0.000402	62.701246
254.072000	0.000402	62.561935
254.124000	0.000402	62.422946
254.176000	0.000402	62.284494
254.228000	0.000402	62.146307
254.280000	0.000401	62.008710
254.332000	0.000401	61.871324
254.384000	0.000401	61.734575
254.436000	0.000401	61.597982
254.488000	0.000401	61.462072
254.540000	0.000400	61.326301
254.592000	0.000400	61.191282
254.644000	0.000400	61.056319
254.696000	0.000400	60.922033
254.748000	0.000399	60.787924
254.800000	0.000399	60.654456
254.852000	0.000399	60.521187
254.904000	0.000399	60.388485
254.956000	0.000399	60.256035
255.008000	0.000398	60.124089
255.060000	0.000398	59.992453
255.112000	0.000398	59.861263
255.164000	0.000398	59.730431
255.216000	0.000398	59.599993
255.268000	0.000397	59.469958
255.320000	0.000397	59.340276
255.372000	0.000397	59.211085
255.424000	0.000397	59.082168
255.476000	0.000397	58.953712
255.528000	0.000396	58.825516
255.580000	0.000396	58.697892
255.632000	0.000396	58.570459
255.684000	0.000396	58.443608
255.736000	0.000396	58.316871
255.788000	0.000395	58.190737
255.840000	0.000395	58.064730
255.892000	0.000395	57.939412
255.944000	0.000395	57.814181
255.996000	0.000394	57.689578
256.048000	0.000394	57.565107
256.100000	0.000394	57.441207
256.152000	0.000394	57.317492
256.204000	0.000394	57.194290
256.256000	0.000393	57.071326
256.308000	0.000393	56.948817
256.360000	0.000393	56.826595
256.412000	0.000393	56.704781
256.464000	0.000393	56.583347
256.516000	0.000392	56.462260
256.568000	0.000392	56.341505
256.620000	0.000392	56.221057
256.672000	0.000392	56.101023
256.724000	0.000392	55.981270
256.776000	0.000391	55.862008
256.828000	0.000391	55.742943
256.880000	0.000391	55.624343
256.932000	0.000391	55.505941
256.984000	0.000391	55.388100
257.036000	0.000390	55.270362
257.088000	0.000390	55.153175
257.140000	0.000390	55.036108
257.192000	0.000390	54.919670
257.244000	0.000390	54.803278
257.296000	0.000389	54.687440
257.348000	0.000389	54.571770
257.400000	0.000389	54.456628
257.452000	0.000389	54.341662
257.504000	0.000389	54.227160
257.556000	0.000388	54.112833
257.608000	0.000388	53.998915
257.660000	0.000388	53.885317
257.712000	0.000388	53.772083
257.764000	0.000388	53.659158
257.816000	0.000387	53.546547
257.868000	0.000387	53.434239
257.920000	0.000387	53.322223
257.972000	0.000387	53.210629
258.024000	0.000387	53.099274
258.076000	0.000386	52.988339
258.128000	0.000386	52.877602
258.180000	0.000386	52.767319
258.232000	0.000386	52.657171
258.284000	0.000386	52.547489
258.336000	0.000385	52.437954
258.388000	0.000385	52.328967
258.440000	0.000385	52.220059
258.492000	0.000385	52.111711
258.544000	0.000385	52.003407
258.596000	0.000384	51.895608
258.648000	0.000384	51.787969
258.700000	0.000384	51.680810
258.752000	0.000384	51.573816
258.804000	0.000384	51.467241
258.856000	0.000383	51.360831
258.908000	0.000383	51.254791
258.960000	0.000383	51.149054
259.012000	0.000383	51.043642
259.064000	0.000383	50.938468
259.116000	0.000382	50.833595
259.168000	0.000382	50.729087
259.220000	0.000382	50.624821
259.272000	0.000382	50.520870
259.324000	0.000382	50.417154
259.376000	0.000381	50.313861
259.428000	0.000381	50.210728
259.480000	0.000381	50.107981
259.532000	0.000381	50.005405
259.584000	0.000381	49.903308
259.636000	0.000380	49.801290
259.688000	0.000380	49.699731
259.740000	0.000380	49.598247
259.792000	0.000380	49.497280
259.844000	0.000380	49.396386
259.896000	0.000379	49.295962
259.948000	0.000379	49.195656
