-260.000000	0.000376	96.373914
-259.948000	0.000376	96.782348
-259.896000	0.000376	97.195921
-259.844000	0.000376	97.609975
-259.792000	0.000376	98.029132
-259.740000	0.000376	98.449029
-259.688000	0.000376	98.873731
-259.636000	0.000376	99.299587
-259.584000	0.000376	99.729886
-259.532000	0.000376	100.161752
-259.480000	0.000376	100.597753
-259.428000	0.000376	101.035840
-259.376000	0.000376	101.477630
-259.324000	0.000376	101.921939
-259.272000	0.000376	102.369594
-259.220000	0.000376	102.820283
-259.168000	0.000376	103.273918
-259.116000	0.000376	103.731097
-259.064000	0.000376	104.190807
-259.012000	0.000376	104.654586
-258.960000	0.000376	105.120467
-258.908000	0.000376	105.590959
-258.856000	0.000376	106.063110
-258.804000	0.000376	106.540429
-258.752000	0.000376	107.018893
-258.700000	0.000376	107.503116
-258.648000	0.000376	107.988099
-258.596000	0.000376	108.479421
-258.544000	0.000376	108.971280
-258.492000	0.000376	109.469385
-258.440000	0.000376	109.968420
-258.388000	0.000376	110.473330
-258.336000	0.000376	110.979680
-258.284000	0.000376	111.491481
-258.232000	0.000376	112.005273
-258.180000	0.000376	112.524071
-258.128000	0.000376	113.045431
-258.076000	0.000376	113.571335
-258.024000	0.000376	114.100390
-257.972000	0.000376	114.633477
-257.920000	0.000376	115.170304
-257.868000	0.000376	115.710742
-257.816000	0.000376	116.255578
-257.764000	0.000376	116.803431
-257.712000	0.000376	117.356304
-257.660000	0.000376	117.911755
-257.608000	0.000376	118.472903
-257.556000	0.000376	119.035986
-257.504000	0.000376	119.605445
-257.452000	0.000376	120.176320
-257.400000	0.000376	120.754283
-257.348000	0.000376	121.333071
-257.296000	0.000376	121.919677
-257.244000	0.000376	122.506975
-257.192000	0.000376	123.101890
-257.140000	0.000376	123.697967
-257.088000	0.000376	124.301191
-257.036000	0.000376	124.906209
-256.984000	0.000376	125.517849
-256.932000	0.000376	126.131957
-256.880000	0.000376	126.752138
-256.828000	0.000376	127.375485
-256.776000	0.000376	128.004304
-256.724000	0.000376	128.636986
-256.672000	0.000376	129.274618
-256.620000	0.000376	129.916892
-256.568000	0.000376	130.563471
-256.516000	0.000376	131.215437
-256.464000	0.000376	131.871036
-256.412000	0.000376	132.532795
-256.360000	0.000376	133.197584
-256.308000	0.000376	133.869344
-256.256000	0.000376	134.543517
-256.204000	0.000376	135.225489
-256.152000	0.000376	135.909076
-256.100000	0.000376	136.601328
-256.048000	0.000376	137.294570
-255.996000	0.000376	137.997337
-255.944000	0.000376	138.700889
-255.892000	0.000376	139.413638
-255.840000	0.000376	140.127828
-255.788000	0.000376	140.850625
-255.736000	0.000376	141.575634
-255.684000	0.000376	142.308603
-255.632000	0.000376	143.044598
-255.580000	0.000376	143.787906
-255.528000	0.000376	144.535105
-255.476000	0.000376	145.288860
-255.424000	0.000376	146.047324
-255.372000	0.000376	146.811655
-255.320000	0.000376	147.581603
-255.268000	0.000376	148.356677
-255.216000	0.000376	149.138275
-255.164000	0.000376	149.924236
-255.112000	0.000376	150.717653
-255.060000	0.000376	151.514646
-255.008000	0.000376	152.320051
-254.956000	0.000376	153.128222
-254.904000	0.000376	153.945785
-254.852000	0.000376	154.765278
-254.800000	0.000376	155.595176
-254.748000	0.000376	156.426188
-254.696000	0.000376	157.268617
-254.644000	0.000376	158.111977
-254.592000	0.000376	158.966243
-254.540000	0.000376	159.822264
-254.488000	0.000376	160.688427
-254.436000	0.000376	161.557152
-254.384000	0.000376	162.435262
-254.332000	0.000376	163.317005
-254.280000	0.000376	164.207315
-254.228000	0.000376	165.102245
-254.176000	0.000376	166.004896
-254.124000	0.000376	166.913178
-254.072000	0.000376	167.828351
-254.020000	0.000376	168.750201
-253.968000	0.000376	169.677979
-253.916000	0.000376	170.613457
-253.864000	0.000376	171.553990
-253.812000	0.000376	172.503310
-253.760000	0.000376	173.456799
-253.708000	0.000376	174.420173
-253.656000	0.000376	175.386660
-253.604000	0.000376	176.364144
-253.552000	0.000376	177.343808
-253.500000	0.000376	178.335619
-253.448000	0.000376	179.328647
-253.396000	0.000376	180.334960
-253.344000	0.000376	181.342347
-253.292000	0.000376	182.362288
-253.240000	0.000376	183.384338
-253.188000	0.000376	184.418042
-253.136000	0.000376	185.454868
-253.084000	0.000376	186.502379
-253.032000	0.000376	187.554073
-252.980000	0.000376	188.615530
-252.928000	0.000376	189.682337
-252.876000	0.000376	190.757880
-252.824000	0.000376	191.839879
-252.772000	0.000376	192.929598
-252.720000	0.000376	194.026916
-252.668000	0.000376	195.130918
-252.616000	0.000376	196.243679
-252.564000	0.000376	197.362069
-252.512000	0.000376	198.490389
-252.460000	0.000376	199.623266
-252.408000	0.000376	200.767255
-252.356000	0.000376	201.914766
-252.304000	0.000376	203.074581
-252.252000	0.000376	204.236706
-252.200000	0.000376	205.412347
-252.148000	0.000376	206.589228
-252.096000	0.000376	207.780839
-252.044000	0.000376	208.973714
-251.992000	0.000376	210.180295
-251.940000	0.000376	211.389198
-251.888000	0.000376	212.610767
-251.836000	0.000376	213.835788
-251.784000	0.000376	215.072381
-251.732000	0.000376	216.313588
-251.680000	0.000376	217.565250
-251.628000	0.000376	218.822695
-251.576000	0.000376	220.089464
-251.524000	0.000376	221.363190
-251.472000	0.000376	222.645100
-251.420000	0.000376	223.935139
-251.368000	0.000376	225.232211
-251.316000	0.000376	226.538584
-251.264000	0.000376	227.850877
-251.212000	0.000376	229.173644
-251.160000	0.000376	230.501125
-251.108000	0.000376	231.840231
-251.056000	0.000376	233.182885
-251.004000	0.000376	234.538318
-250.952000	0.000376	235.896124
-250.900000	0.000376	237.267853
-250.848000	0.000376	238.640852
-250.796000	0.000376	240.028764
-250.744000	0.000376	241.417970
-250.692000	0.000376	242.820951
-250.640000	0.000376	244.226312
-250.588000	0.000376	245.644309
-250.536000	0.000376	247.065818
-250.484000	0.000376	248.498746
-250.432000	0.000376	249.936263
-250.380000	0.000376	251.383995
-250.328000	0.000376	252.837409
-250.276000	0.000376	254.299839
-250.224000	0.000376	255.769023
-250.172000	0.000376	257.246033
-250.120000	0.000376	258.730841
-250.068000	0.000376	260.222337
-250.016000	0.000376	261.722658
-249.964000	0.000376	263.228463
-249.912000	0.000376	264.744061
-249.860000	0.000376	266.263951
-249.808000	0.000376	267.794571
-249.756000	0.000376	269.328513
-249.704000	0.000376	270.874090
-249.652000	0.000376	272.421729
-249.600000	0.000376	273.981871
-249.548000	0.000376	275.543160
-249.496000	0.000376	277.117549
-249.444000	0.000376	278.693162
-249.392000	0.000376	280.280687
-249.340000	0.000376	281.870293
-249.288000	0.000376	283.470634
-249.236000	0.000376	285.073938
-249.184000	0.000376	286.686817
-249.132000	0.000376	288.303543
-249.080000	0.000376	289.928626
-249.028000	0.000376	291.558310
-248.976000	0.000376	293.195282
-248.924000	0.000376	294.837647
-248.872000	0.000376	296.486179
-248.820000	0.000376	298.140768
-248.768000	0.000376	299.800478
-248.716000	0.000376	301.466860
-248.664000	0.000376	303.137412
-248.612000	0.000376	304.815187
-248.560000	0.000376	306.496143
-248.508000	0.000376	308.184781
-248.456000	0.000376	309.875713
-248.404000	0.000376	311.574715
-248.352000	0.000376	313.275178
-248.300000	0.000376	314.984024
-248.248000	0.000376	316.693715
-248.196000	0.000376	318.411784
-248.144000	0.000376	320.130642
-248.092000	0.000376	321.856842
-248.040000	0.000376	323.584298
-247.988000	0.000376	325.318095
-247.936000	0.000376	327.053562
-247.884000	0.000376	328.794422
-247.832000	0.000376	330.537327
-247.780000	0.000376	332.284685
-247.728000	0.000376	334.034321
-247.676000	0.000376	335.787570
-247.624000	0.000376	337.543259
-247.572000	0.000376	339.301837
-247.520000	0.000376	341.062927
-247.468000	0.000376	342.826194
-247.416000	0.000376	344.591908
-247.364000	0.000376	346.359211
-247.312000	0.000376	348.128800
-247.260000	0.000376	349.899484
-247.208000	0.000376	351.672177
-247.156000	0.000376	353.445620
-247.104000	0.000376	355.220681
-247.052000	0.000376	356.996136
-247.000000	0.000376	358.772706
-246.948000	0.000376	360.549517
-246.896000	0.000376	362.326786
-246.844000	0.000376	364.104055
-246.792000	0.000376	365.881202
-246.740000	0.000376	367.658244
-246.688000	0.000376	369.434552
-246.636000	0.000376	371.210354
-246.584000	0.000376	372.984980
-246.532000	0.000376	374.758758
-246.480000	0.000376	376.530945
-246.428000	0.000376	378.301737
-246.376000	0.000376	380.070696
-246.324000	0.000376	381.837629
-246.272000	0.000376	383.602500
-246.220000	0.000376	385.364531
-246.168000	0.000376	387.124578
-246.116000	0.000376	388.880909
-246.064000	0.000376	390.635214
-246.012000	0.000376	392.384724
-245.960000	0.000376	394.132511
-245.908000	0.000376	395.874330
-245.856000	0.000376	397.614763
-245.804000	0.000376	399.347903
-245.752000	0.000376	401.080017
-245.700000	0.000376	402.803406
-245.648000	0.000376	404.526269
-245.596000	0.000376	406.239237
-245.544000	0.000376	407.951146
-245.492000	0.000376	409.653270
-245.440000	0.000376	411.353341
-245.388000	0.000376	413.043783
-245.336000	0.000376	414.730971
-245.284000	0.000376	416.408826
-245.232000	0.000376	418.082175
-245.180000	0.000376	419.746562
-245.128000	0.000376	421.405005
-245.076000	0.000376	423.055049
-245.024000	0.000376	424.697624
-244.972000	0.000376	426.332435
-244.920000	0.000376	427.958078
-244.868000	0.000376	429.576760
-244.816000	0.000376	431.184462
-244.764000	0.000376	432.786188
-244.712000	0.000376	434.374997
-244.660000	0.000376	435.958909
-244.608000	0.000376	437.527826
-244.556000	0.000376	439.092955
-244.504000	0.000376	440.640900
-244.452000	0.000376	442.186540
-244.400000	0.000376	443.712657
-244.348000	0.000376	445.237243
-244.296000	0.000376	446.741004
-244.244000	0.000376	448.242579
-244.192000	0.000376	449.724330
-244.140000	0.000376	451.201958
-244.088000	0.000376	452.660835
-244.036000	0.000376	454.113537
-243.984000	0.000376	455.548702
-243.932000	0.000376	456.975604
-243.880000	0.000376	458.386256
-243.828000	0.000376	459.786391
-243.776000	0.000376	461.171719
-243.724000	0.000376	462.544188
-243.672000	0.000376	463.903458
-243.620000	0.000376	465.247432
-243.568000	0.000376	466.579909
-243.516000	0.000376	467.894526
-243.464000	0.000376	469.199424
-243.412000	0.000376	470.483790
-243.360000	0.000376	471.760374
-243.308000	0.000376	473.013670
-243.256000	0.000376	474.261337
-243.204000	0.000376	475.482861
-243.152000	0.000376	476.700764
-243.100000	0.000376	477.889604
-243.048000	0.000376	479.076236
-242.996000	0.000376	480.232672
-242.944000	0.000376	481.385805
-242.892000	0.000376	482.510669
-242.840000	0.000376	483.629551
-242.788000	0.000376	484.722187
-242.736000	0.000376	485.806188
-242.684000	0.000376	486.865998
-242.632000	0.000376	487.914398
-242.580000	0.000376	488.940806
-242.528000	0.000376	489.953008
-242.476000	0.000376	490.945494
-242.424000	0.000376	491.920877
-242.372000	0.000376	492.878878
-242.320000	0.000376	493.816796
-242.268000	0.000376	494.739791
-242.216000	0.000376	495.639679
-242.164000	0.000376	496.527233
-242.112000	0.000376	497.388606
-242.060000	0.000376	498.240273
-242.008000	0.000376	499.062623
-241.956000	0.000376	499.877914
-241.904000	0.000376	500.660719
-241.852000	0.000376	501.439273
-241.800000	0.000376	502.182133
-241.748000	0.000376	502.922269
-241.696000	0.000376	503.626044
-241.644000	0.000376	504.325649
-241.592000	0.000376	504.991624
-241.540000	0.000376	505.650397
-241.488000	0.000376	506.278245
-241.436000	0.000376	506.895796
-241.384000	0.000376	507.485205
-241.332000	0.000376	508.061267
-241.280000	0.000376	508.612000
-241.228000	0.000376	509.146281
-241.176000	0.000376	509.658065
-241.124000	0.000376	510.150250
-241.072000	0.000376	510.622889
-241.020000	0.000376	511.072800
-240.968000	0.000376	511.506125
-240.916000	0.000376	511.913562
-240.864000	0.000376	512.307364
-240.812000	0.000376	512.672105
-240.760000	0.000376	513.026288
-240.708000	0.000376	513.348252
-240.656000	0.000376	513.662707
-240.604000	0.000376	513.941787
-240.552000	0.000376	514.216371
-240.500000	0.000376	514.452452
-240.448000	0.000376	514.685609
-240.396000	0.000376	514.880241
-240.344000	0.000376	515.070336
-240.292000	0.000376	515.225091
-240.240000	0.000376	515.372100
-240.188000	0.000376	515.486942
-240.136000	0.000376	515.590959
-240.084000	0.000376	515.665948
-240.032000	0.000376	515.727036
-239.980000	0.000376	515.762235
-239.928000	0.000376	515.780481
-239.876000	0.000376	515.775950
-239.824000	0.000376	515.751422
-239.772000	0.000376	515.707293
-239.720000	0.000376	515.640195
-239.668000	0.000376	515.556630
-239.616000	0.000376	515.447144
-239.564000	0.000376	515.324267
-239.512000	0.000376	515.172554
-239.460000	0.000376	515.010599
-239.408000	0.000376	514.816960
-239.356000	0.000376	514.616150
-239.304000	0.000376	514.380867
-239.252000	0.000377	514.141441
-239.200000	0.000377	513.864809
-239.148000	0.000377	513.585344
-239.096000	0.000377	513.269322
-239.044000	0.000377	512.948889
-238.992000	0.000377	512.595221
-238.940000	0.000378	512.234128
-238.888000	0.000378	511.843065
-238.836000	0.000378	511.441782
-238.784000	0.000378	511.013685
-238.732000	0.000378	510.572599
-238.680000	0.000379	510.107886
-238.628000	0.000379	509.627564
-238.576000	0.000379	509.126635
-238.524000	0.000379	508.607466
-238.472000	0.000379	508.070756
-238.420000	0.000380	507.513314
-238.368000	0.000380	506.941303
-238.316000	0.000380	506.346138
-238.264000	0.000380	505.739314
-238.212000	0.000380	505.107005
-238.160000	0.000381	504.465827
-238.108000	0.000381	503.796935
-238.056000	0.000381	503.122031
-238.004000	0.000381	502.417288
-237.952000	0.000381	501.709107
-237.900000	0.000382	500.969083
-237.848000	0.000382	500.226725
-237.796000	0.000382	499.453681
-237.744000	0.000382	498.676800
-237.692000	0.000382	497.872391
-237.640000	0.000383	497.061749
-237.588000	0.000383	496.226569
-237.536000	0.000383	495.382920
-237.484000	0.000383	494.517614
-237.432000	0.000383	493.641730
-237.380000	0.000384	492.746940
-237.328000	0.000384	491.839558
-237.276000	0.000384	490.916021
-237.224000	0.000384	489.978057
-237.172000	0.000384	489.026454
-237.120000	0.000385	488.058637
-237.068000	0.000385	487.079704
-237.016000	0.000385	486.082940
-236.964000	0.000385	485.077485
-236.912000	0.000385	484.052700
-236.860000	0.000386	483.021393
-236.808000	0.000386	481.969380
-236.756000	0.000386	480.913037
-236.704000	0.000386	479.834759
-236.652000	0.000386	478.754170
-236.600000	0.000387	477.650555
-236.548000	0.000387	476.545333
-236.496000	0.000387	475.418513
-236.444000	0.000387	474.288947
-236.392000	0.000387	473.140404
-236.340000	0.000388	471.987504
-236.288000	0.000388	470.818024
-236.236000	0.000388	469.642771
-236.184000	0.000388	468.453191
-236.132000	0.000389	467.256571
-236.080000	0.000389	466.047743
-236.028000	0.000389	464.830748
-235.976000	0.000389	463.603535
-235.924000	0.000389	462.367164
-235.872000	0.000390	461.122436
-235.820000	0.000390	459.867697
-235.768000	0.000390	458.606286
-235.716000	0.000390	457.334139
-235.664000	0.000390	456.057004
-235.612000	0.000391	454.768571
-235.560000	0.000391	453.476563
-235.508000	0.000391	452.172818
-235.456000	0.000391	450.866810
-235.404000	0.000391	449.548784
-235.352000	0.000392	448.229711
-235.300000	0.000392	446.898455
-235.248000	0.000392	445.566423
-235.196000	0.000392	444.223555
-235.144000	0.000392	442.879336
-235.092000	0.000393	441.526080
-235.040000	0.000393	440.170749
-234.988000	0.000393	438.807950
-234.936000	0.000393	437.442579
-234.884000	0.000393	436.071081
-234.832000	0.000394	434.696579
-234.780000	0.000394	433.317250
-234.728000	0.000394	431.934719
-234.676000	0.000394	430.548401
-234.624000	0.000394	429.158730
-234.572000	0.000395	427.766312
-234.520000	0.000395	426.370586
-234.468000	0.000395	424.972907
-234.416000	0.000395	423.572044
-234.364000	0.000396	422.169926
-234.312000	0.000396	420.764883
-234.260000	0.000396	419.359153
-234.208000	0.000396	417.950885
-234.156000	0.000396	416.542404
-234.104000	0.000397	415.131881
-234.052000	0.000397	413.721345
-234.000000	0.000397	412.309405
-233.948000	0.000397	410.897621
-233.896000	0.000397	409.485309
-233.844000	0.000398	408.073025
-233.792000	0.000398	406.661100
-233.740000	0.000398	405.249356
-233.688000	0.000398	403.838578
-233.636000	0.000398	402.428240
-233.584000	0.000399	401.019279
-233.532000	0.000399	399.611083
-233.480000	0.000399	398.204652
-233.428000	0.000399	396.799520
-233.376000	0.000400	395.396296
-233.324000	0.000400	393.994920
-233.272000	0.000400	392.595618
-233.220000	0.000400	391.198876
-233.168000	0.000400	389.804193
-233.116000	0.000401	388.412836
-233.064000	0.000401	387.023321
-233.012000	0.000401	385.637973
-232.960000	0.000401	384.254335
-232.908000	0.000401	382.875812
-232.856000	0.000402	381.498606
-232.804000	0.000402	380.127541
-232.752000	0.000402	378.757349
-232.700000	0.000402	377.394409
-232.648000	0.000403	376.032292
-232.596000	0.000403	374.677696
-232.544000	0.000403	373.324327
-232.492000	0.000403	371.978466
-232.440000	0.000403	370.634507
-232.388000	0.000404	369.297826
-232.336000	0.000404	367.963867
-232.284000	0.000404	366.636872
-232.232000	0.000404	365.313521
-232.180000	0.000404	363.996673
-232.128000	0.000405	362.684408
-232.076000	0.000405	361.378163
-232.024000	0.000405	360.077542
-231.972000	0.000405	358.782267
-231.920000	0.000406	357.493665
-231.868000	0.000406	356.209865
-231.816000	0.000406	354.933894
-231.764000	0.000406	353.661851
-231.712000	0.000406	352.398786
-231.660000	0.000407	351.138944
-231.608000	0.000407	349.889303
-231.556000	0.000407	348.641956
-231.504000	0.000407	347.406080
-231.452000	0.000407	346.171608
-231.400000	0.000408	344.949895
-231.348000	0.000408	343.729377
-231.296000	0.000408	342.521295
-231.244000	0.000408	341.315195
-231.192000	0.000409	340.120906
-231.140000	0.000409	338.929645
-231.088000	0.000409	337.749359
-231.036000	0.000409	336.573182
-230.984000	0.000409	335.407121
-230.932000	0.000410	334.246351
-230.880000	0.000410	333.094727
-230.828000	0.000410	331.949559
-230.776000	0.000410	330.812586
-230.724000	0.000411	329.683295
-230.672000	0.000411	328.561140
-230.620000	0.000411	327.447880
-230.568000	0.000411	326.340696
-230.516000	0.000411	325.243652
-230.464000	0.000412	324.151640
-230.412000	0.000412	323.071031
-230.360000	0.000412	321.994341
-230.308000	0.000412	320.930321
-230.256000	0.000413	319.869012
-230.204000	0.000413	318.821661
-230.152000	0.000413	317.775843
-230.100000	0.000413	316.745285
-230.048000	0.000413	315.716138
-229.996000	0.000414	314.701480
-229.944000	0.000414	313.689195
-229.892000	0.000414	312.690391
-229.840000	0.000414	311.695049
-229.788000	0.000415	310.712086
-229.736000	0.000415	309.733813
-229.684000	0.000415	308.766728
-229.632000	0.000415	307.805523
-229.580000	0.000415	306.854350
-229.528000	0.000416	305.910297
-229.476000	0.000416	304.975083
-229.424000	0.000416	304.048201
-229.372000	0.000416	303.128918
-229.320000	0.000417	302.219163
-229.268000	0.000417	301.315794
-229.216000	0.000417	300.423159
-229.164000	0.000417	299.535743
-229.112000	0.000417	298.660264
-229.060000	0.000418	297.788792
-229.008000	0.000418	296.930449
-228.956000	0.000418	296.074883
-228.904000	0.000418	295.233632
-228.852000	0.000419	294.393881
-228.800000	0.000419	293.569635
-228.748000	0.000419	292.746804
-228.696000	0.000419	291.938438
-228.644000	0.000419	291.132454
-228.592000	0.000420	290.339866
-228.540000	0.000420	289.550819
-228.488000	0.000420	288.773914
-228.436000	0.000420	288.001633
-228.384000	0.000421	287.240262
-228.332000	0.000421	286.484663
-228.280000	0.000421	285.738775
-228.228000	0.000421	284.999818
-228.176000	0.000422	284.269353
-228.124000	0.000422	283.546936
-228.072000	0.000422	282.831803
-228.020000	0.000422	282.125820
-227.968000	0.000422	281.425925
-227.916000	0.000423	280.736261
-227.864000	0.000423	280.051455
-227.812000	0.000423	279.377939
-227.760000	0.000423	278.708161
-227.708000	0.000424	278.050732
-227.656000	0.000424	277.395867
-227.604000	0.000424	276.754397
-227.552000	0.000424	276.114362
-227.500000	0.000424	275.488672
-227.448000	0.000425	274.864292
-227.396000	0.000425	274.253224
-227.344000	0.000425	273.644432
-227.292000	0.000425	273.047882
-227.240000	0.000426	272.454586
-227.188000	0.000426	271.872378
-227.136000	0.000426	271.294447
-227.084000	0.000426	270.726438
-227.032000	0.000427	270.163725
-226.980000	0.000427	269.609782
-226.928000	0.000427	269.062135
-226.876000	0.000427	268.522089
-226.824000	0.000427	267.989301
-226.772000	0.000428	267.463078
-226.720000	0.000428	266.945097
-226.668000	0.000428	266.432504
-226.616000	0.000428	265.929066
-226.564000	0.000429	265.429989
-226.512000	0.000429	264.940988
-226.460000	0.000429	264.455296
-226.408000	0.000429	263.980580
-226.356000	0.000430	263.508121
-226.304000	0.000430	263.047528
-226.252000	0.000430	262.588237
-226.200000	0.000430	262.141527
-226.148000	0.000431	261.696072
-226.096000	0.000431	261.262268
-226.044000	0.000431	260.830509
-225.992000	0.000431	260.409444
-225.940000	0.000431	259.991261
-225.888000	0.000432	259.582746
-225.836000	0.000432	259.177991
-225.784000	0.000432	258.781863
-225.732000	0.000432	258.390371
-225.680000	0.000433	258.006486
-225.628000	0.000433	257.628089
-225.576000	0.000433	257.256304
-225.524000	0.000433	256.890837
-225.472000	0.000434	256.531008
-225.420000	0.000434	256.178304
-225.368000	0.000434	255.830286
-225.316000	0.000434	255.490182
-225.264000	0.000435	255.153832
-225.212000	0.000435	254.826161
-225.160000	0.000435	254.501336
-225.108000	0.000435	254.185946
-225.056000	0.000435	253.872492
-225.004000	0.000436	253.569227
-224.952000	0.000436	253.267160
-224.900000	0.000436	252.975775
-224.848000	0.000436	252.685487
-224.796000	0.000437	252.405128
-224.744000	0.000437	252.126589
-224.692000	0.000437	251.857148
-224.640000	0.000437	251.590188
-224.588000	0.000438	251.331446
-224.536000	0.000438	251.075924
-224.484000	0.000438	250.827726
-224.432000	0.000438	250.583483
-224.380000	0.000439	250.345692
-224.328000	0.000439	250.112571
-224.276000	0.000439	249.885088
-224.224000	0.000439	249.662984
-224.172000	0.000440	249.445653
-224.120000	0.000440	249.234360
-224.068000	0.000440	249.027033
-224.016000	0.000440	248.826396
-223.964000	0.000441	248.628940
-223.912000	0.000441	248.438810
-223.860000	0.000441	248.251091
-223.808000	0.000441	248.071333
-223.756000	0.000441	247.893264
-223.704000	0.000442	247.723771
-223.652000	0.000442	247.555291
-223.600000	0.000442	247.395749
-223.548000	0.000442	247.237220
-223.496000	0.000443	247.087009
-223.444000	0.000443	246.938368
-223.392000	0.000443	246.797352
-223.340000	0.000443	246.658441
-223.288000	0.000444	246.526422
-223.236000	0.000444	246.397119
-223.184000	0.000444	246.273985
-223.132000	0.000444	246.154200
-223.080000	0.000445	246.039824
-223.028000	0.000445	245.929367
-222.976000	0.000445	245.823607
-222.924000	0.000445	245.722341
-222.872000	0.000446	245.625118
-222.820000	0.000446	245.532959
-222.768000	0.000446	245.444128
-222.716000	0.000446	245.360889
-222.664000	0.000447	245.280323
-222.612000	0.000447	245.205876
-222.560000	0.000447	245.133511
-222.508000	0.000447	245.067790
-222.456000	0.000448	245.003504
-222.404000	0.000448	244.946372
-222.352000	0.000448	244.890125
-222.300000	0.000448	244.841282
-222.248000	0.000449	244.793335
-222.196000	0.000449	244.752302
-222.144000	0.000449	244.712614
-222.092000	0.000449	244.679271
-222.040000	0.000450	244.647700
-221.988000	0.000450	244.621896
-221.936000	0.000450	244.598393
-221.884000	0.000450	244.580035
-221.832000	0.000451	244.564479
-221.780000	0.000451	244.553432
-221.728000	0.000451	244.545652
-221.676000	0.000451	244.541790
-221.624000	0.000452	244.541670
-221.572000	0.000452	244.544934
-221.520000	0.000452	244.552410
-221.468000	0.000452	244.562716
-221.416000	0.000453	244.577675
-221.364000	0.000453	244.594876
-221.312000	0.000453	244.617157
-221.260000	0.000453	244.641199
-221.208000	0.000454	244.670756
-221.156000	0.000454	244.701534
-221.104000	0.000454	244.738250
-221.052000	0.000454	244.775740
-221.000000	0.000455	244.819351
-220.948000	0.000455	244.863790
-220.896000	0.000455	244.913955
-220.844000	0.000455	244.965270
-220.792000	0.000456	245.021846
-220.740000	0.000456	245.079910
-220.688000	0.000456	245.142768
-220.636000	0.000456	245.207550
-220.584000	0.000457	245.276613
-220.532000	0.000457	245.348013
-220.480000	0.000457	245.423162
-220.428000	0.000457	245.501026
-220.376000	0.000458	245.582228
-220.324000	0.000458	245.666563
-220.272000	0.000458	245.753688
-220.220000	0.000458	245.844293
-220.168000	0.000459	245.937272
-220.116000	0.000459	246.034105
-220.064000	0.000459	246.132818
-220.012000	0.000459	246.235736
-219.960000	0.000460	246.340197
-219.908000	0.000460	246.449217
-219.856000	0.000460	246.559231
-219.804000	0.000460	246.674169
-219.752000	0.000461	246.789828
-219.700000	0.000461	246.910524
-219.648000	0.000461	247.031953
-219.596000	0.000461	247.158112
-219.544000	0.000462	247.285256
-219.492000	0.000462	247.416771
-219.440000	0.000462	247.549566
-219.388000	0.000462	247.686338
-219.336000	0.000463	247.824716
-219.284000	0.000463	247.966652
-219.232000	0.000463	248.110530
-219.180000	0.000463	248.257555
-219.128000	0.000464	248.406849
-219.076000	0.000464	248.558892
-219.024000	0.000464	248.713518
-218.972000	0.000465	248.870468
-218.920000	0.000465	249.030293
-218.868000	0.000465	249.192153
-218.816000	0.000465	249.357201
-218.764000	0.000466	249.523876
-218.712000	0.000466	249.694021
-218.660000	0.000466	249.865429
-218.608000	0.000466	250.040602
-218.556000	0.000467	250.216666
-218.504000	0.000467	250.396792
-218.452000	0.000467	250.577552
-218.400000	0.000467	250.762444
-218.348000	0.000468	250.947986
-218.296000	0.000468	251.137419
-218.244000	0.000468	251.327695
-218.192000	0.000468	251.521576
-218.140000	0.000469	251.716533
-218.088000	0.000469	251.914804
-218.036000	0.000469	252.114441
-217.984000	0.000469	252.316992
-217.932000	0.000470	252.521130
-217.880000	0.000470	252.727911
-217.828000	0.000470	252.936586
-217.776000	0.000471	253.147544
-217.724000	0.000471	253.360631
-217.672000	0.000471	253.575729
-217.620000	0.000471	253.793212
-217.568000	0.000472	254.012313
-217.516000	0.000472	254.234018
-217.464000	0.000472	254.457140
-217.412000	0.000472	254.683110
-217.360000	0.000473	254.910148
-217.308000	0.000473	255.140279
-217.256000	0.000473	255.371216
-217.204000	0.000473	255.605472
-217.152000	0.000474	255.840245
-217.100000	0.000474	256.078410
-217.048000	0.000474	256.317229
-216.996000	0.000475	256.559201
-216.944000	0.000475	256.801866
-216.892000	0.000475	257.047498
-216.840000	0.000475	257.294065
-216.788000	0.000476	257.543328
-216.736000	0.000476	257.793703
-216.684000	0.000476	258.046522
-216.632000	0.000476	258.300692
-216.580000	0.000477	258.557007
-216.528000	0.000477	258.814859
-216.476000	0.000477	259.074593
-216.424000	0.000477	259.336067
-216.372000	0.000478	259.599208
-216.320000	0.000478	259.864295
-216.268000	0.000478	260.130807
-216.216000	0.000479	260.399446
-216.164000	0.000479	260.669227
-216.112000	0.000479	260.941314
-216.060000	0.000479	261.214300
-216.008000	0.000480	261.489791
-215.956000	0.000480	261.765972
-215.904000	0.000480	262.044860
-215.852000	0.000480	262.324278
-215.800000	0.000481	262.606400
-215.748000	0.000481	262.889033
-215.696000	0.000481	263.174228
-215.644000	0.000482	263.460081
-215.592000	0.000482	263.748305
-215.540000	0.000482	264.037285
-215.488000	0.000482	264.328492
-215.436000	0.000483	264.620666
-215.384000	0.000483	264.914761
-215.332000	0.000483	265.209917
-215.280000	0.000483	265.506874
-215.228000	0.000484	265.805113
-215.176000	0.000484	266.104877
-215.124000	0.000484	266.406040
-215.072000	0.000485	266.708568
-215.020000	0.000485	267.012654
-214.968000	0.000485	267.317915
-214.916000	0.000485	267.624870
-214.864000	0.000486	267.932766
-214.812000	0.000486	268.242494
-214.760000	0.000486	268.553018
-214.708000	0.000486	268.865536
-214.656000	0.000487	269.178687
-214.604000	0.000487	269.493963
-214.552000	0.000487	269.809619
-214.500000	0.000488	270.127422
-214.448000	0.000488	270.445754
-214.396000	0.000488	270.766083
-214.344000	0.000488	271.086984
-214.292000	0.000489	271.409761
-214.240000	0.000489	271.733193
-214.188000	0.000489	272.058333
-214.136000	0.000489	272.384213
-214.084000	0.000490	272.711654
-214.032000	0.000490	273.039982
-213.980000	0.000490	273.369742
-213.928000	0.000491	273.700521
-213.876000	0.000491	274.032502
-213.824000	0.000491	274.365578
-213.772000	0.000491	274.699785
-213.720000	0.000492	275.035214
-213.668000	0.000492	275.371540
-213.616000	0.000492	275.709167
-213.564000	0.000493	276.047651
-213.512000	0.000493	276.387541
-213.460000	0.000493	276.728035
-213.408000	0.000493	277.070056
-213.356000	0.000494	277.412611
-213.304000	0.000494	277.756804
-213.252000	0.000494	278.101400
-213.200000	0.000495	278.447598
-213.148000	0.000495	278.794234
-213.096000	0.000495	279.142349
-213.044000	0.000495	279.490958
-212.992000	0.000496	279.840969
-212.940000	0.000496	280.191518
-212.888000	0.000496	280.543397
-212.836000	0.000497	280.895908
-212.784000	0.000497	281.249595
-212.732000	0.000497	281.603971
-212.680000	0.000497	281.959401
-212.628000	0.000498	282.315594
-212.576000	0.000498	282.672728
-212.524000	0.000498	283.030692
-212.472000	0.000498	283.389531
-212.420000	0.000499	283.749273
-212.368000	0.000499	284.109745
-212.316000	0.000499	284.471167
-212.264000	0.000500	284.833223
-212.212000	0.000500	285.196293
-212.160000	0.000500	285.559934
-212.108000	0.000500	285.924664
-212.056000	0.000501	286.289791
-212.004000	0.000501	286.656096
-211.952000	0.000501	287.022786
-211.900000	0.000502	287.390587
-211.848000	0.000502	287.758780
-211.796000	0.000502	288.127962
-211.744000	0.000503	288.497569
-211.692000	0.000503	288.868160
-211.640000	0.000503	289.239207
-211.588000	0.000503	289.611183
-211.536000	0.000504	289.983645
-211.484000	0.000504	290.356921
-211.432000	0.000504	290.730699
-211.380000	0.000505	291.105247
-211.328000	0.000505	291.480351
-211.276000	0.000505	291.856115
-211.224000	0.000505	292.232450
-211.172000	0.000506	292.609418
-211.120000	0.000506	292.986991
-211.068000	0.000506	293.365140
-211.016000	0.000507	293.743909
-210.964000	0.000507	294.123150
-210.912000	0.000507	294.503036
-210.860000	0.000507	294.883366
-210.808000	0.000508	295.264387
-210.756000	0.000508	295.645762
-210.704000	0.000508	296.027863
-210.652000	0.000509	296.410252
-210.600000	0.000509	296.793304
-210.548000	0.000509	297.176743
-210.496000	0.000509	297.560724
-210.444000	0.000510	297.945101
-210.392000	0.000510	298.330044
-210.340000	0.000510	298.715342
-210.288000	0.000511	299.101187
-210.236000	0.000511	299.487379
-210.184000	0.000511	299.874075
-210.132000	0.000512	300.261120
-210.080000	0.000512	300.648595
-210.028000	0.000512	301.036399
-209.976000	0.000512	301.424675
-209.924000	0.000513	301.813301
-209.872000	0.000513	302.202290
-209.820000	0.000513	302.591593
-209.768000	0.000514	302.981328
-209.716000	0.000514	303.371371
-209.664000	0.000514	303.761733
-209.612000	0.000514	304.152391
-209.560000	0.000515	304.543424
-209.508000	0.000515	304.934757
-209.456000	0.000515	305.326315
-209.404000	0.000516	305.718203
-209.352000	0.000516	306.110409
-209.300000	0.000516	306.502838
-209.248000	0.000517	306.895614
-209.196000	0.000517	307.288493
-209.144000	0.000517	307.681706
-209.092000	0.000517	308.075091
-209.040000	0.000518	308.468733
-208.988000	0.000518	308.862589
-208.936000	0.000518	309.256685
-208.884000	0.000519	309.650961
-208.832000	0.000519	310.045419
-208.780000	0.000519	310.440056
-208.728000	0.000520	310.834839
-208.676000	0.000520	311.229803
-208.624000	0.000520	311.624870
-208.572000	0.000520	312.020171
-208.520000	0.000521	312.415536
-208.468000	0.000521	312.811106
-208.416000	0.000521	313.206679
-208.364000	0.000522	313.602476
-208.312000	0.000522	313.998239
-208.260000	0.000522	314.394263
-208.208000	0.000523	314.790231
-208.156000	0.000523	315.186391
-208.104000	0.000523	315.582486
-208.052000	0.000524	315.978849
-208.000000	0.000524	316.375018
-207.948000	0.000524	316.771494
-207.896000	0.000524	317.167681
-207.844000	0.000525	317.564177
-207.792000	0.000525	317.960473
-207.740000	0.000525	318.356930
-207.688000	0.000526	318.753264
-207.636000	0.000526	319.149712
-207.584000	0.000526	319.546067
-207.532000	0.000527	319.942469
-207.480000	0.000527	320.338779
-207.428000	0.000527	320.735045
-207.376000	0.000527	321.131297
-207.324000	0.000528	321.527444
-207.272000	0.000528	321.923623
-207.220000	0.000528	322.319614
-207.168000	0.000529	322.715641
-207.116000	0.000529	323.111387
-207.064000	0.000529	323.507275
-207.012000	0.000530	323.902816
-206.960000	0.000530	324.298515
-206.908000	0.000530	324.693822
-206.856000	0.000531	325.089295
-206.804000	0.000531	325.484331
-206.752000	0.000531	325.879591
-206.700000	0.000531	326.274281
-206.648000	0.000532	326.669278
-206.596000	0.000532	327.063585
-206.544000	0.000532	327.458109
-206.492000	0.000533	327.852137
-206.440000	0.000533	328.246294
-206.388000	0.000533	328.640015
-206.336000	0.000534	329.033732
-206.284000	0.000534	329.427044
-206.232000	0.000534	329.820233
-206.180000	0.000535	330.213154
-206.128000	0.000535	330.605887
-206.076000	0.000535	330.998390
-206.024000	0.000536	331.390580
-205.972000	0.000536	331.782619
-205.920000	0.000536	332.174234
-205.868000	0.000536	332.565780
-205.816000	0.000537	332.956787
-205.764000	0.000537	333.347813
-205.712000	0.000537	333.738207
-205.660000	0.000538	334.128711
-205.608000	0.000538	334.518509
-205.556000	0.000538	334.908410
-205.504000	0.000539	335.297531
-205.452000	0.000539	335.686836
-205.400000	0.000539	336.075228
-205.348000	0.000540	336.463930
-205.296000	0.000540	336.851614
-205.244000	0.000540	337.239493
-205.192000	0.000541	337.626543
-205.140000	0.000541	338.013610
-205.088000	0.000541	338.399985
-205.036000	0.000542	338.786271
-204.984000	0.000542	339.171932
-204.932000	0.000542	339.557355
-204.880000	0.000542	339.942287
-204.828000	0.000543	340.326868
-204.776000	0.000543	340.711027
-204.724000	0.000543	341.094685
-204.672000	0.000544	341.478072
-204.620000	0.000544	341.860830
-204.568000	0.000544	342.243433
-204.516000	0.000545	342.625261
-204.464000	0.000545	343.007002
-204.412000	0.000545	343.387850
-204.360000	0.000546	343.768728
-204.308000	0.000546	344.148615
-204.256000	0.000546	344.528549
-204.204000	0.000547	344.907422
-204.152000	0.000547	345.286528
-204.100000	0.000547	345.664383
-204.048000	0.000548	346.042481
-203.996000	0.000548	346.419280
-203.944000	0.000548	346.796252
-203.892000	0.000549	347.172153
-203.840000	0.000549	347.548020
-203.788000	0.000549	347.922952
-203.736000	0.000550	348.297694
-203.684000	0.000550	348.671628
-203.632000	0.000550	349.045220
-203.580000	0.000551	349.418134
-203.528000	0.000551	349.790549
-203.476000	0.000551	350.162421
-203.424000	0.000552	350.533635
-203.372000	0.000552	350.904399
-203.320000	0.000552	351.274336
-203.268000	0.000553	351.644054
-203.216000	0.000553	352.012794
-203.164000	0.000553	352.381463
-203.112000	0.000553	352.749008
-203.060000	0.000554	353.116467
-203.008000	0.000554	353.482707
-202.956000	0.000554	353.849041
-202.904000	0.000555	354.214024
-202.852000	0.000555	354.579136
-202.800000	0.000555	354.942771
-202.748000	0.000556	355.306732
-202.696000	0.000556	355.669124
-202.644000	0.000556	356.031608
-202.592000	0.000557	356.392826
-202.540000	0.000557	356.753969
-202.488000	0.000557	357.113977
-202.436000	0.000558	357.473709
-202.384000	0.000558	357.832489
-202.332000	0.000558	358.190842
-202.280000	0.000559	358.548364
-202.228000	0.000559	358.905265
-202.176000	0.000559	359.261533
-202.124000	0.000560	359.617015
-202.072000	0.000560	359.971982
-202.020000	0.000560	360.325973
-201.968000	0.000561	360.679660
-201.916000	0.000561	361.032195
-201.864000	0.000561	361.384593
-201.812000	0.000562	361.735684
-201.760000	0.000562	362.086688
-201.708000	0.000562	362.436283
-201.656000	0.000563	362.785986
-201.604000	0.000563	363.134122
-201.552000	0.000563	363.482374
-201.500000	0.000564	363.828930
-201.448000	0.000564	364.175790
-201.396000	0.000564	364.520932
-201.344000	0.000565	364.866185
-201.292000	0.000565	365.209986
-201.240000	0.000565	365.553623
-201.188000	0.000566	365.896034
-201.136000	0.000566	366.238145
-201.084000	0.000566	366.579144
-201.032000	0.000567	366.919609
-200.980000	0.000567	367.259207
-200.928000	0.000567	367.598118
-200.876000	0.000568	367.936303
-200.824000	0.000568	368.273592
-200.772000	0.000568	368.610292
-200.720000	0.000569	368.945893
-200.668000	0.000569	369.281182
-200.616000	0.000569	369.615191
-200.564000	0.000570	369.949017
-200.512000	0.000570	370.281406
-200.460000	0.000571	370.613774
-200.408000	0.000571	370.944576
-200.356000	0.000571	371.275426
-200.304000	0.000572	371.604578
-200.252000	0.000572	371.933919
-200.200000	0.000572	372.261391
-200.148000	0.000573	372.589114
-200.096000	0.000573	372.915016
-200.044000	0.000573	373.241025
-199.992000	0.000574	373.565524
-199.940000	0.000574	373.889869
-199.888000	0.000574	374.212867
-199.836000	0.000575	374.535487
-199.784000	0.000575	374.856948
-199.732000	0.000575	375.177834
-199.680000	0.000576	375.497825
-199.628000	0.000576	375.817073
-199.576000	0.000576	376.135504
-199.524000	0.000577	376.452950
-199.472000	0.000577	376.769902
-199.420000	0.000577	377.085696
-199.368000	0.000578	377.401099
-199.316000	0.000578	377.715136
-199.264000	0.000578	378.029071
-199.212000	0.000579	378.341478
-199.160000	0.000579	378.653802
-199.108000	0.000579	378.964479
-199.056000	0.000580	379.275245
-199.004000	0.000580	379.584230
-198.952000	0.000581	379.893447
-198.900000	0.000581	380.200722
-198.848000	0.000581	380.508272
-198.796000	0.000582	380.813948
-198.744000	0.000582	381.119701
-198.692000	0.000582	381.423900
-198.640000	0.000583	381.727913
-198.588000	0.000583	382.030572
-198.536000	0.000583	382.332842
-198.484000	0.000584	382.633993
-198.432000	0.000584	382.934570
-198.380000	0.000584	383.234197
-198.328000	0.000585	383.533026
-198.276000	0.000585	383.831109
-198.224000	0.000585	384.128190
-198.172000	0.000586	384.424727
-198.120000	0.000586	384.720059
-198.068000	0.000586	385.015100
-198.016000	0.000587	385.308742
-197.964000	0.000587	385.602285
-197.912000	0.000588	385.894270
-197.860000	0.000588	386.186227
-197.808000	0.000588	386.476504
-197.756000	0.000589	386.766881
-197.704000	0.000589	387.055460
-197.652000	0.000589	387.344320
-197.600000	0.000590	387.631234
-197.548000	0.000590	387.918452
-197.496000	0.000590	388.203812
-197.444000	0.000591	388.489230
-197.392000	0.000591	388.773160
-197.340000	0.000591	389.056942
-197.288000	0.000592	389.339393
-197.236000	0.000592	389.621439
-197.184000	0.000593	389.902391
-197.132000	0.000593	390.182757
-197.080000	0.000593	390.462238
-197.028000	0.000594	390.740928
-196.976000	0.000594	391.018942
-196.924000	0.000594	391.295962
-196.872000	0.000595	391.572514
-196.820000	0.000595	391.847868
-196.768000	0.000595	392.122961
-196.716000	0.000596	392.396667
-196.664000	0.000596	392.670298
-196.612000	0.000597	392.942395
-196.560000	0.000597	393.214534
-196.508000	0.000597	393.485038
-196.456000	0.000598	393.755749
-196.404000	0.000598	394.024697
-196.352000	0.000598	394.293943
-196.300000	0.000599	394.561308
-196.248000	0.000599	394.829010
-196.196000	0.000599	395.094935
-196.144000	0.000600	395.360908
-196.092000	0.000600	395.625495
-196.040000	0.000601	395.889959
-195.988000	0.000601	396.153195
-195.936000	0.000601	396.416056
-195.884000	0.000602	396.677896
-195.832000	0.000602	396.939163
-195.780000	0.000602	397.199653
-195.728000	0.000603	397.459388
-195.676000	0.000603	397.718555
-195.624000	0.000603	397.976770
-195.572000	0.000604	398.234624
-195.520000	0.000604	398.491329
-195.468000	0.000605	398.747880
-195.416000	0.000605	399.003100
-195.364000	0.000605	399.258291
-195.312000	0.000606	399.512026
-195.260000	0.000606	399.765938
-195.208000	0.000606	400.018286
-195.156000	0.000607	400.270830
-195.104000	0.000607	400.521718
-195.052000	0.000607	400.772964
-195.000000	0.000608	401.022458
-194.948000	0.000608	401.272325
-194.896000	0.000609	401.520600
-194.844000	0.000609	401.768983
-194.792000	0.000609	402.016084
-194.740000	0.000610	402.263048
-194.688000	0.000610	402.508966
-194.636000	0.000610	402.754578
-194.584000	0.000611	402.999318
-194.532000	0.000611	403.243539
-194.480000	0.000612	403.487091
-194.428000	0.000612	403.729939
-194.376000	0.000612	403.972358
-194.324000	0.000613	404.213899
-194.272000	0.000613	404.455168
-194.220000	0.000613	404.695365
-194.168000	0.000614	404.935537
-194.116000	0.000614	405.174478
-194.064000	0.000615	405.413555
-194.012000	0.000615	405.651285
-193.960000	0.000615	405.889195
-193.908000	0.000616	406.125698
-193.856000	0.000616	406.362565
-193.804000	0.000616	406.597922
-193.752000	0.000617	406.833662
-193.700000	0.000617	407.067815
-193.648000	0.000618	407.302349
-193.596000	0.000618	407.535502
-193.544000	0.000618	407.768801
-193.492000	0.000619	408.001043
-193.440000	0.000619	408.233225
-193.388000	0.000620	408.464494
-193.336000	0.000620	408.695474
-193.284000	0.000620	408.925800
-193.232000	0.000621	409.155702
-193.180000	0.000621	409.385108
-193.128000	0.000621	409.613898
-193.076000	0.000622	409.842384
-193.024000	0.000622	410.070081
-192.972000	0.000623	410.297708
-192.920000	0.000623	410.524384
-192.868000	0.000623	410.751180
-192.816000	0.000624	410.976877
-192.764000	0.000624	411.202784
-192.712000	0.000624	411.427500
-192.660000	0.000625	411.652502
-192.608000	0.000625	411.876267
-192.556000	0.000626	412.100438
-192.504000	0.000626	412.323315
-192.452000	0.000626	412.546678
-192.400000	0.000627	412.768683
-192.348000	0.000627	412.991111
-192.296000	0.000628	413.212409
-192.244000	0.000628	413.433897
-192.192000	0.000628	413.654533
-192.140000	0.000629	413.875147
-192.088000	0.000629	414.095095
-192.036000	0.000630	414.314855
-191.984000	0.000630	414.534133
-191.932000	0.000630	414.753061
-191.880000	0.000631	414.971688
-191.828000	0.000631	415.189807
-191.776000	0.000631	415.407802
-191.724000	0.000632	415.625132
-191.672000	0.000632	415.842561
-191.620000	0.000633	416.059177
-191.568000	0.000633	416.276017
-191.516000	0.000633	416.491917
-191.464000	0.000634	416.708209
-191.412000	0.000634	416.923494
-191.360000	0.000635	417.139175
-191.308000	0.000635	417.353828
-191.256000	0.000635	417.568971
-191.204000	0.000636	417.783052
-191.152000	0.000636	417.997683
-191.100000	0.000637	418.211198
-191.048000	0.000637	418.425147
-190.996000	0.000637	418.638261
-190.944000	0.000638	418.851647
-190.892000	0.000638	419.064404
-190.840000	0.000639	419.277182
-190.788000	0.000639	419.489528
-190.736000	0.000639	419.701774
-190.684000	0.000640	419.913794
-190.632000	0.000640	420.125587
-190.580000	0.000641	420.337284
-190.528000	0.000641	420.548590
-190.476000	0.000641	420.759922
-190.424000	0.000642	420.970715
-190.372000	0.000642	421.181827
-190.320000	0.000643	421.392283
-190.268000	0.000643	421.603074
-190.216000	0.000643	421.813099
-190.164000	0.000644	422.023700
-190.112000	0.000644	422.233487
-190.060000	0.000645	422.443732
-190.008000	0.000645	422.653182
-189.956000	0.000645	422.863253
-189.904000	0.000646	423.072498
-189.852000	0.000646	423.282314
-189.800000	0.000647	423.491307
-189.748000	0.000647	423.700811
-189.696000	0.000647	423.909739
-189.644000	0.000648	424.118964
-189.592000	0.000648	424.327840
-189.540000	0.000649	424.536844
-189.488000	0.000649	424.745653
-189.436000	0.000649	424.954456
-189.384000	0.000650	425.163218
-189.332000	0.000650	425.371844
-189.280000	0.000651	425.580580
-189.228000	0.000651	425.789054
-189.176000	0.000651	425.997824
-189.124000	0.000652	426.206217
-189.072000	0.000652	426.415009
-189.020000	0.000653	426.623294
-188.968000	0.000653	426.832168
-188.916000	0.000653	427.040454
-188.864000	0.000654	427.249345
-188.812000	0.000654	427.457645
-188.760000	0.000655	427.666648
-188.708000	0.000655	427.875054
-188.656000	0.000655	428.084032
-188.604000	0.000656	428.292494
-188.552000	0.000656	428.501736
-188.500000	0.000657	428.710303
-188.448000	0.000657	428.919185
-188.396000	0.000658	429.127830
-188.344000	0.000658	429.336922
-188.292000	0.000658	429.545988
-188.240000	0.000659	429.755339
-188.188000	0.000659	429.964816
-188.136000	0.000660	430.174449
-188.084000	0.000660	430.384009
-188.032000	0.000660	430.593419
-187.980000	0.000661	430.803249
-187.928000	0.000661	431.012983
-187.876000	0.000662	431.223279
-187.824000	0.000662	431.433359
-187.772000	0.000663	431.643671
-187.720000	0.000663	431.853591
-187.668000	0.000663	432.064855
-187.616000	0.000664	432.275707
-187.564000	0.000664	432.486936
-187.512000	0.000665	432.697781
-187.460000	0.000665	432.909465
-187.408000	0.000665	433.120710
-187.356000	0.000666	433.332348
-187.304000	0.000666	433.543844
-187.252000	0.000667	433.756505
-187.200000	0.000667	433.968736
-187.148000	0.000668	434.181293
-187.096000	0.000668	434.393841
-187.044000	0.000668	434.606863
-186.992000	0.000669	434.820054
-186.940000	0.000669	435.033586
-186.888000	0.000670	435.247418
-186.836000	0.000670	435.461477
-186.784000	0.000670	435.675965
-186.732000	0.000671	435.890569
-186.680000	0.000671	436.105340
-186.628000	0.000672	436.319986
-186.576000	0.000672	436.535311
-186.524000	0.000673	436.750541
-186.472000	0.000673	436.967038
-186.420000	0.000673	437.183389
-186.368000	0.000674	437.400150
-186.316000	0.000674	437.616652
-186.264000	0.000675	437.834080
-186.212000	0.000675	438.051299
-186.160000	0.000676	438.269394
-186.108000	0.000676	438.487345
-186.056000	0.000676	438.706125
-186.004000	0.000677	438.924820
-185.952000	0.000677	439.144306
-185.900000	0.000678	439.363578
-185.848000	0.000678	439.583183
-185.796000	0.000679	439.803198
-185.744000	0.000679	440.024012
-185.692000	0.000679	440.245156
-185.640000	0.000680	440.466691
-185.588000	0.000680	440.688360
-185.536000	0.000681	440.910108
-185.484000	0.000681	441.132760
-185.432000	0.000682	441.355779
-185.380000	0.000682	441.579462
-185.328000	0.000682	441.803247
-185.276000	0.000683	442.027372
-185.224000	0.000683	442.251414
-185.172000	0.000684	442.476802
-185.120000	0.000684	442.702158
-185.068000	0.000685	442.928494
-185.016000	0.000685	443.154687
-184.964000	0.000685	443.381347
-184.912000	0.000686	443.608015
-184.860000	0.000686	443.836037
-184.808000	0.000687	444.064072
-184.756000	0.000687	444.292948
-184.704000	0.000688	444.521906
-184.652000	0.000688	444.751641
-184.600000	0.000689	444.981535
-184.548000	0.000689	445.212097
-184.496000	0.000689	445.442985
-184.444000	0.000690	445.674406
-184.392000	0.000690	445.906274
-184.340000	0.000691	446.138577
-184.288000	0.000691	446.371426
-184.236000	0.000692	446.604623
-184.184000	0.000692	446.838814
-184.132000	0.000693	447.073434
-184.080000	0.000693	447.308400
-184.028000	0.000693	447.543412
-183.976000	0.000694	447.779687
-183.924000	0.000694	448.016142
-183.872000	0.000695	448.253521
-183.820000	0.000695	448.490909
-183.768000	0.000696	448.729312
-183.716000	0.000696	448.967704
-183.664000	0.000696	449.207072
-183.612000	0.000697	449.446564
-183.560000	0.000697	449.687412
-183.508000	0.000698	449.928280
-183.456000	0.000698	450.169570
-183.404000	0.000699	450.411220
-183.352000	0.000699	450.654004
-183.300000	0.000700	450.897077
-183.248000	0.000700	451.140814
-183.196000	0.000701	451.384968
-183.144000	0.000701	451.629677
-183.092000	0.000701	451.875176
-183.040000	0.000702	452.121394
-182.988000	0.000702	452.368213
-182.936000	0.000703	452.615419
-182.884000	0.000703	452.863315
-182.832000	0.000704	453.111517
-182.780000	0.000704	453.360888
-182.728000	0.000705	453.610612
-182.676000	0.000705	453.860759
-182.624000	0.000705	454.110966
-182.572000	0.000706	454.362591
-182.520000	0.000706	454.614329
-182.468000	0.000707	454.867608
-182.416000	0.000707	455.120947
-182.364000	0.000708	455.375259
-182.312000	0.000708	455.629694
-182.260000	0.000709	455.885021
-182.208000	0.000709	456.140552
-182.156000	0.000710	456.396901
-182.104000	0.000710	456.653684
-182.052000	0.000710	456.911579
-182.000000	0.000711	457.169830
-181.948000	0.000711	457.428740
-181.896000	0.000712	457.688331
-181.844000	0.000712	457.948784
-181.792000	0.000713	458.209765
-181.740000	0.000713	458.471244
-181.688000	0.000714	458.733646
-181.636000	0.000714	458.996666
-181.584000	0.000715	459.260376
-181.532000	0.000715	459.524422
-181.480000	0.000716	459.789236
-181.428000	0.000716	460.054301
-181.376000	0.000716	460.320652
-181.324000	0.000717	460.587259
-181.272000	0.000717	460.854796
-181.220000	0.000718	461.122422
-181.168000	0.000718	461.391577
-181.116000	0.000719	461.660851
-181.064000	0.000719	461.931556
-181.012000	0.000720	462.202410
-180.960000	0.000720	462.474130
-180.908000	0.000721	462.746076
-180.856000	0.000721	463.018807
-180.804000	0.000722	463.291994
-180.752000	0.000722	463.566262
-180.700000	0.000722	463.841091
-180.648000	0.000723	464.116901
-180.596000	0.000723	464.393121
-180.544000	0.000724	464.669930
-180.492000	0.000724	464.947500
-180.440000	0.000725	465.225823
-180.388000	0.000725	465.505028
-180.336000	0.000726	465.784863
-180.284000	0.000726	466.065340
-180.232000	0.000727	466.346157
-180.180000	0.000727	466.628095
-180.128000	0.000728	466.910408
-180.076000	0.000728	467.193525
-180.024000	0.000729	467.476809
-179.972000	0.000729	467.761455
-179.920000	0.000730	468.046220
-179.868000	0.000730	468.332473
-179.816000	0.000730	468.618793
-179.764000	0.000731	468.906007
-179.712000	0.000731	469.193508
-179.660000	0.000732	469.482718
-179.608000	0.000732	469.772008
-179.556000	0.000733	470.061640
-179.504000	0.000733	470.351851
-179.452000	0.000734	470.643470
-179.400000	0.000734	470.935597
-179.348000	0.000735	471.228694
-179.296000	0.000735	471.522105
-179.244000	0.000736	471.816112
-179.192000	0.000736	472.110786
-179.140000	0.000737	472.406212
-179.088000	0.000737	472.702429
-179.036000	0.000738	472.999268
-178.984000	0.000738	473.297020
-178.932000	0.000739	473.595255
-178.880000	0.000739	473.894127
-178.828000	0.000740	474.193224
-178.776000	0.000740	474.493488
-178.724000	0.000741	474.793961
-178.672000	0.000741	475.096208
-178.620000	0.000741	475.398566
-178.568000	0.000742	475.701823
-178.516000	0.000742	476.005128
-178.464000	0.000743	476.309744
-178.412000	0.000743	476.614506
-178.360000	0.000744	476.920470
-178.308000	0.000744	477.226677
-178.256000	0.000745	477.533981
-178.204000	0.000745	477.841616
-178.152000	0.000746	478.150258
-178.100000	0.000746	478.459293
-178.048000	0.000747	478.769288
-177.996000	0.000747	479.079683
-177.944000	0.000748	479.390958
-177.892000	0.000748	479.702473
-177.840000	0.000749	480.014486
-177.788000	0.000749	480.327478
-177.736000	0.000750	480.641265
-177.684000	0.000750	480.955837
-177.632000	0.000751	481.270852
-177.580000	0.000751	481.586788
-177.528000	0.000752	481.903019
-177.476000	0.000752	482.220309
-177.424000	0.000753	482.537740
-177.372000	0.000753	482.856851
-177.320000	0.000754	483.175990
-177.268000	0.000754	483.495933
-177.216000	0.000755	483.815839
-177.164000	0.000755	484.136970
-177.112000	0.000756	484.458228
-177.060000	0.000756	484.781049
-177.008000	0.000757	485.103994
-176.956000	0.000757	485.427977
-176.904000	0.000758	485.752155
-176.852000	0.000758	486.077298
-176.800000	0.000759	486.402668
-176.748000	0.000759	486.728983
-176.696000	0.000760	487.055497
-176.644000	0.000760	487.382885
-176.592000	0.000761	487.710897
-176.540000	0.000761	488.039859
-176.488000	0.000762	488.368978
-176.436000	0.000762	488.698452
-176.384000	0.000763	489.029283
-176.332000	0.000763	489.360815
-176.280000	0.000764	489.692717
-176.228000	0.000764	490.024720
-176.176000	0.000765	490.358097
-176.124000	0.000765	490.691597
-176.072000	0.000766	491.026176
-176.020000	0.000766	491.360641
-175.968000	0.000767	491.696314
-175.916000	0.000767	492.031875
-175.864000	0.000768	492.369042
-175.812000	0.000768	492.706115
-175.760000	0.000769	493.044234
-175.708000	0.000769	493.382445
-175.656000	0.000770	493.722018
-175.604000	0.000770	494.061610
-175.552000	0.000771	494.402128
-175.500000	0.000771	494.742665
-175.448000	0.000772	495.084128
-175.396000	0.000772	495.425805
-175.344000	0.000773	495.768612
-175.292000	0.000773	496.111543
-175.240000	0.000774	496.455152
-175.188000	0.000774	496.799371
-175.136000	0.000775	497.144282
-175.084000	0.000775	497.490003
-175.032000	0.000776	497.836188
-174.980000	0.000776	498.182985
-174.928000	0.000777	498.529906
-174.876000	0.000777	498.877605
-174.824000	0.000778	499.225235
-174.772000	0.000778	499.574302
-174.720000	0.000779	499.923166
-174.668000	0.000779	500.273632
-174.616000	0.000780	500.623799
-174.564000	0.000781	500.974984
-174.512000	0.000781	501.325999
-174.460000	0.000782	501.678408
-174.408000	0.000782	502.030725
-174.356000	0.000783	502.384337
-174.304000	0.000783	502.737929
-174.252000	0.000784	503.092757
-174.200000	0.000784	503.447364
-174.148000	0.000785	503.802876
-174.096000	0.000785	504.158102
-174.044000	0.000786	504.514159
-173.992000	0.000786	504.870682
-173.940000	0.000787	505.228303
-173.888000	0.000787	505.585992
-173.836000	0.000788	505.944109
-173.784000	0.000788	506.303214
-173.732000	0.000789	506.662848
-173.680000	0.000789	507.022915
-173.628000	0.000790	507.382998
-173.576000	0.000790	507.743700
-173.524000	0.000791	508.104204
-173.472000	0.000791	508.466503
-173.420000	0.000792	508.828488
-173.368000	0.000793	509.191941
-173.316000	0.000793	509.554935
-173.264000	0.000794	509.918837
-173.212000	0.000794	510.282480
-173.160000	0.000795	510.647860
-173.108000	0.000795	511.012819
-173.056000	0.000796	511.378612
-173.004000	0.000796	511.744163
-172.952000	0.000797	512.110903
-172.900000	0.000797	512.477587
-172.848000	0.000798	512.845780
-172.796000	0.000798	513.213423
-172.744000	0.000799	513.581866
-172.692000	0.000799	513.950539
-172.640000	0.000800	514.320253
-172.588000	0.000801	514.689814
-172.536000	0.000801	515.059731
-172.484000	0.000802	515.430440
-172.432000	0.000802	515.801579
-172.380000	0.000803	516.173386
-172.328000	0.000803	516.545203
-172.276000	0.000804	516.917482
-172.224000	0.000804	517.289427
-172.172000	0.000805	517.663033
-172.120000	0.000805	518.036180
-172.068000	0.000806	518.411181
-172.016000	0.000806	518.785558
-171.964000	0.000807	519.160739
-171.912000	0.000808	519.535478
-171.860000	0.000808	519.911862
-171.808000	0.000809	520.287749
-171.756000	0.000809	520.664794
-171.704000	0.000810	521.041372
-171.652000	0.000810	521.419102
-171.600000	0.000811	521.796521
-171.548000	0.000811	522.175421
-171.496000	0.000812	522.553769
-171.444000	0.000812	522.933153
-171.392000	0.000813	523.312242
-171.340000	0.000814	523.692083
-171.288000	0.000814	524.072227
-171.236000	0.000815	524.453029
-171.184000	0.000815	524.834062
-171.132000	0.000816	525.215276
-171.080000	0.000816	525.596988
-171.028000	0.000817	525.978591
-170.976000	0.000817	526.361420
-170.924000	0.000818	526.743914
-170.872000	0.000818	527.127948
-170.820000	0.000819	527.511360
-170.768000	0.000820	527.895993
-170.716000	0.000820	528.279944
-170.664000	0.000821	528.665540
-170.612000	0.000821	529.050422
-170.560000	0.000822	529.436441
-170.508000	0.000822	529.821898
-170.456000	0.000823	530.208844
-170.404000	0.000823	530.595105
-170.352000	0.000824	530.982482
-170.300000	0.000825	531.369306
-170.248000	0.000825	531.757587
-170.196000	0.000826	532.145338
-170.144000	0.000826	532.534354
-170.092000	0.000827	532.923158
-170.040000	0.000827	533.312883
-169.988000	0.000828	533.702387
-169.936000	0.000828	534.092286
-169.884000	0.000829	534.482621
-169.832000	0.000830	534.873188
-169.780000	0.000830	535.264523
-169.728000	0.000831	535.655742
-169.676000	0.000831	536.047603
-169.624000	0.000832	536.438930
-169.572000	0.000832	536.832189
-169.520000	0.000833	537.224713
-169.468000	0.000834	537.618350
-169.416000	0.000834	538.011161
-169.364000	0.000835	538.405525
-169.312000	0.000835	538.799204
-169.260000	0.000836	539.194807
-169.208000	0.000836	539.589533
-169.156000	0.000837	539.985314
-169.104000	0.000838	540.380392
-169.052000	0.000838	540.776905
-169.000000	0.000839	541.172649
-168.948000	0.000839	541.569824
-168.896000	0.000840	541.966529
-168.844000	0.000840	542.364723
-168.792000	0.000841	542.762234
-168.740000	0.000842	543.160386
-168.688000	0.000842	543.558834
-168.636000	0.000843	543.957974
-168.584000	0.000843	544.357036
-168.532000	0.000844	544.756098
-168.480000	0.000844	545.156227
-168.428000	0.000845	545.556240
-168.376000	0.000846	545.957253
-168.324000	0.000846	546.357681
-168.272000	0.000847	546.759960
-168.220000	0.000847	547.161377
-168.168000	0.000848	547.563820
-168.116000	0.000848	547.965372
-168.064000	0.000849	548.368877
-168.012000	0.000850	548.771564
-167.960000	0.000850	549.176116
-167.908000	0.000851	549.579642
-167.856000	0.000851	549.984186
-167.804000	0.000852	550.388047
-167.752000	0.000852	550.793667
-167.700000	0.000853	551.198563
-167.648000	0.000854	551.605171
-167.596000	0.000854	552.010905
-167.544000	0.000855	552.417824
-167.492000	0.000855	552.824226
-167.440000	0.000856	553.231441
-167.388000	0.000857	553.638839
-167.336000	0.000857	554.046864
-167.284000	0.000858	554.455469
-167.232000	0.000858	554.864285
-167.180000	0.000859	555.273669
-167.128000	0.000860	555.682750
-167.076000	0.000860	556.093220
-167.024000	0.000861	556.503070
-166.972000	0.000861	556.914719
-166.920000	0.000862	557.325429
-166.868000	0.000862	557.737610
-166.816000	0.000863	558.148812
-166.764000	0.000864	558.561909
-166.712000	0.000864	558.974091
-166.660000	0.000865	559.388103
-166.608000	0.000865	559.801122
-166.556000	0.000866	560.215511
-166.504000	0.000867	560.629108
-166.452000	0.000867	561.044450
-166.400000	0.000868	561.459169
-166.348000	0.000868	561.875882
-166.296000	0.000869	562.291627
-166.244000	0.000870	562.708524
-166.192000	0.000870	563.125125
-166.140000	0.000871	563.542718
-166.088000	0.000871	563.960428
-166.036000	0.000872	564.378710
-165.984000	0.000873	564.797523
-165.932000	0.000873	565.216488
-165.880000	0.000874	565.636822
-165.828000	0.000874	566.056990
-165.776000	0.000875	566.478055
-165.724000	0.000876	566.898373
-165.672000	0.000876	567.320465
-165.620000	0.000877	567.741597
-165.568000	0.000877	568.165168
-165.516000	0.000878	568.587707
-165.464000	0.000879	569.012117
-165.412000	0.000879	569.435558
-165.360000	0.000880	569.860802
-165.308000	0.000880	570.285137
-165.256000	0.000881	570.711212
-165.204000	0.000882	571.136621
-165.152000	0.000882	571.564105
-165.100000	0.000883	571.990684
-165.048000	0.000883	572.418941
-164.996000	0.000884	572.846727
-164.944000	0.000885	573.276151
-164.892000	0.000885	573.705259
-164.840000	0.000886	574.135325
-164.788000	0.000887	574.565498
-164.736000	0.000887	574.996207
-164.684000	0.000888	575.427827
-164.632000	0.000888	575.859699
-164.580000	0.000889	576.292518
-164.528000	0.000890	576.725030
-164.476000	0.000890	577.159843
-164.424000	0.000891	577.594043
-164.372000	0.000891	578.029526
-164.320000	0.000892	578.464034
-164.268000	0.000893	578.901468
-164.216000	0.000893	579.337861
-164.164000	0.000894	579.776113
-164.112000	0.000895	580.213493
-164.060000	0.000895	580.653094
-164.008000	0.000896	581.091781
-163.956000	0.000896	581.532211
-163.904000	0.000897	581.972159
-163.852000	0.000898	582.414519
-163.800000	0.000898	582.855974
-163.748000	0.000899	583.299096
-163.696000	0.000900	583.742052
-163.644000	0.000900	584.186877
-163.592000	0.000901	584.631425
-163.540000	0.000901	585.076906
-163.488000	0.000902	585.522883
-163.436000	0.000903	585.969553
-163.384000	0.000903	586.417568
-163.332000	0.000904	586.865952
-163.280000	0.000905	587.315331
-163.228000	0.000905	587.764392
-163.176000	0.000906	588.215803
-163.124000	0.000906	588.666590
-163.072000	0.000907	589.119721
-163.020000	0.000908	589.571898
-162.968000	0.000908	590.026517
-162.916000	0.000909	590.480194
-162.864000	0.000910	590.936209
-162.812000	0.000910	591.391501
-162.760000	0.000911	591.849440
-162.708000	0.000912	592.306661
-162.656000	0.000912	592.766009
-162.604000	0.000913	593.224939
-162.552000	0.000913	593.686289
-162.500000	0.000914	594.147026
-162.448000	0.000915	594.609717
-162.396000	0.000915	595.072075
-162.344000	0.000916	595.536024
-162.292000	0.000917	596.000413
-162.240000	0.000917	596.466157
-162.188000	0.000918	596.932838
-162.136000	0.000919	597.400381
-162.084000	0.000919	597.868976
-162.032000	0.000920	598.337811
-161.980000	0.000921	598.808586
-161.928000	0.000921	599.279247
-161.876000	0.000922	599.752343
-161.824000	0.000922	600.224835
-161.772000	0.000923	600.699753
-161.720000	0.000924	601.173826
-161.668000	0.000924	601.651372
-161.616000	0.000925	602.128052
-161.564000	0.000926	602.607108
-161.512000	0.000926	603.085531
-161.460000	0.000927	603.566626
-161.408000	0.000928	604.047254
-161.356000	0.000928	604.530406
-161.304000	0.000929	605.013256
-161.252000	0.000930	605.498536
-161.200000	0.000930	605.983792
-161.148000	0.000931	606.471582
-161.096000	0.000932	606.959196
-161.044000	0.000932	607.448394
-160.992000	0.000933	607.938493
-160.940000	0.000934	608.430157
-160.888000	0.000934	608.922555
-160.836000	0.000935	609.415655
-160.784000	0.000936	609.911117
-160.732000	0.000936	610.407240
-160.680000	0.000937	610.904998
-160.628000	0.000938	611.402588
-160.576000	0.000938	611.903208
-160.524000	0.000939	612.403327
-160.472000	0.000940	612.906490
-160.420000	0.000940	613.408906
-160.368000	0.000941	613.914860
-160.316000	0.000941	614.420135
-160.264000	0.000942	614.928286
-160.212000	0.000943	615.436050
-160.160000	0.000943	615.946942
-160.108000	0.000944	616.457671
-160.056000	0.000945	616.971325
-160.004000	0.000945	617.484838
-159.952000	0.000946	618.000793
-159.900000	0.000947	618.516914
-159.848000	0.000948	619.035568
-159.796000	0.000948	619.554798
-159.744000	0.000949	620.076108
-159.692000	0.000950	620.598520
-159.640000	0.000950	621.122505
-159.588000	0.000951	621.648117
-159.536000	0.000952	622.174800
-159.484000	0.000952	622.703627
-159.432000	0.000953	623.233022
-159.380000	0.000954	623.764648
-159.328000	0.000954	624.296258
-159.276000	0.000955	624.831521
-159.224000	0.000956	625.366410
-159.172000	0.000956	625.904991
-159.120000	0.000957	626.442983
-159.068000	0.000958	626.985079
-159.016000	0.000958	627.526647
-158.964000	0.000959	628.071162
-158.912000	0.000960	628.615578
-158.860000	0.000960	629.163576
-158.808000	0.000961	629.711604
-158.756000	0.000962	630.262592
-158.704000	0.000962	630.814032
-158.652000	0.000963	631.368591
-158.600000	0.000964	631.923552
-158.548000	0.000964	632.481042
-158.496000	0.000965	633.039636
-158.444000	0.000966	633.600558
-158.392000	0.000967	634.163133
-158.340000	0.000967	634.727510
-158.288000	0.000968	635.293731
-158.236000	0.000969	635.861061
-158.184000	0.000969	636.431135
-158.132000	0.000970	637.001966
-158.080000	0.000971	637.575647
-158.028000	0.000971	638.149480
-157.976000	0.000972	638.727614
-157.924000	0.000973	639.305517
-157.872000	0.000973	639.887261
-157.820000	0.000974	640.468593
-157.768000	0.000975	641.054609
-157.716000	0.000976	641.640352
-157.664000	0.000976	642.229568
-157.612000	0.000977	642.819003
-157.560000	0.000978	643.412482
-157.508000	0.000978	644.006369
-157.456000	0.000979	644.603617
-157.404000	0.000980	645.201564
-157.352000	0.000980	645.802650
-157.300000	0.000981	646.404880
-157.248000	0.000982	647.010210
-157.196000	0.000983	647.616925
-157.144000	0.000983	648.225973
-157.092000	0.000984	648.836939
-157.040000	0.000985	649.449735
-156.988000	0.000985	650.065330
-156.936000	0.000986	650.682415
-156.884000	0.000987	651.302470
-156.832000	0.000987	651.923351
-156.780000	0.000988	652.548161
-156.728000	0.000989	653.173385
-156.676000	0.000990	653.803097
-156.624000	0.000990	654.432691
-156.572000	0.000991	655.067324
-156.520000	0.000992	655.701678
-156.468000	0.000992	656.340330
-156.416000	0.000993	656.979140
-156.364000	0.000994	657.622838
-156.312000	0.000995	658.266865
-156.260000	0.000995	658.914582
-156.208000	0.000996	659.563275
-156.156000	0.000997	660.216100
-156.104000	0.000997	660.869891
-156.052000	0.000998	661.526829
-156.000000	0.000999	662.185451
-155.948000	0.001000	662.847454
-155.896000	0.001000	663.511423
-155.844000	0.001001	664.177982
-155.792000	0.001002	664.847372
-155.740000	0.001003	665.519029
-155.688000	0.001003	666.193747
-155.636000	0.001004	666.870010
-155.584000	0.001005	667.549877
-155.532000	0.001005	668.230771
-155.480000	0.001006	668.916249
-155.428000	0.001007	669.602322
-155.376000	0.001008	670.293074
-155.324000	0.001008	670.983830
-155.272000	0.001009	671.680844
-155.220000	0.001010	672.377787
-155.168000	0.001011	673.079610
-155.116000	0.001011	673.781810
-155.064000	0.001012	674.488975
-155.012000	0.001013	675.196947
-154.960000	0.001013	675.909476
-154.908000	0.001014	676.623244
-154.856000	0.001015	677.341172
-154.804000	0.001016	678.060748
-154.752000	0.001016	678.784130
-154.700000	0.001017	679.509509
-154.648000	0.001018	680.238266
-154.596000	0.001019	680.969576
-154.544000	0.001019	681.703728
-154.492000	0.001020	682.441321
-154.440000	0.001021	683.181416
-154.388000	0.001022	683.925197
-154.336000	0.001022	684.670741
-154.284000	0.001023	685.420931
-154.232000	0.001024	686.172469
-154.180000	0.001025	686.928810
-154.128000	0.001025	687.685849
-154.076000	0.001026	688.448728
-154.024000	0.001027	689.211826
-153.972000	0.001027	689.981333
-153.920000	0.001028	690.750990
-153.868000	0.001029	691.526110
-153.816000	0.001030	692.301993
-153.764000	0.001030	693.083795
-153.712000	0.001031	693.866649
-153.660000	0.001032	694.654110
-153.608000	0.001033	695.443403
-153.556000	0.001033	696.237610
-153.504000	0.001034	697.033751
-153.452000	0.001035	697.833701
-153.400000	0.001036	698.636450
-153.348000	0.001037	699.443133
-153.296000	0.001037	700.252958
-153.244000	0.001038	701.065877
-153.192000	0.001039	701.882523
-153.140000	0.001040	702.701702
-153.088000	0.001040	703.525552
-153.036000	0.001041	704.351536
-152.984000	0.001042	705.182813
-152.932000	0.001043	706.015634
-152.880000	0.001043	706.853914
-152.828000	0.001044	707.693072
-152.776000	0.001045	708.538745
-152.724000	0.001046	709.384829
-152.672000	0.001046	710.237952
-152.620000	0.001047	711.091511
-152.568000	0.001048	711.951583
-152.516000	0.001049	712.812559
-152.464000	0.001049	713.679078
-152.412000	0.001050	714.547264
-152.360000	0.001051	715.421302
-152.308000	0.001052	716.297438
-152.256000	0.001053	717.178503
-152.204000	0.001053	718.062195
-152.152000	0.001054	718.950332
-152.100000	0.001055	719.841832
-152.048000	0.001056	720.737532
-151.996000	0.001056	721.636954
-151.944000	0.001057	722.539713
-151.892000	0.001058	723.447122
-151.840000	0.001059	724.357490
-151.788000	0.001060	725.272782
-151.736000	0.001060	726.190263
-151.684000	0.001061	727.114076
-151.632000	0.001062	728.039737
-151.580000	0.001063	728.971506
-151.528000	0.001063	729.904322
-151.476000	0.001064	730.843840
-151.424000	0.001065	731.783922
-151.372000	0.001066	732.732181
-151.320000	0.001067	733.681162
-151.268000	0.001067	734.637686
-151.216000	0.001068	735.595412
-151.164000	0.001069	736.559181
-151.112000	0.001070	737.524980
-151.060000	0.001070	738.497058
-151.008000	0.001071	739.471656
-150.956000	0.001072	740.451556
-150.904000	0.001073	741.434564
-150.852000	0.001074	742.422323
-150.800000	0.001074	743.414239
-150.748000	0.001075	744.410888
-150.696000	0.001076	745.411825
-150.644000	0.001077	746.416345
-150.592000	0.001078	747.425772
-150.540000	0.001078	748.438183
-150.488000	0.001079	749.456857
-150.436000	0.001080	750.478227
-150.384000	0.001081	751.506145
-150.332000	0.001082	752.535973
-150.280000	0.001082	753.573001
-150.228000	0.001083	754.611309
-150.176000	0.001084	755.657465
-150.124000	0.001085	756.704399
-150.072000	0.001086	757.760108
-150.020000	0.001086	758.816726
-149.968000	0.001087	759.880954
-149.916000	0.001088	760.946762
-149.864000	0.001089	762.019525
-149.812000	0.001090	763.094670
-149.760000	0.001090	764.176514
-149.708000	0.001091	765.261456
-149.656000	0.001092	766.352415
-149.604000	0.001093	767.447154
-149.552000	0.001094	768.547260
-149.500000	0.001095	769.651802
-149.448000	0.001095	770.761060
-149.396000	0.001096	771.875438
-149.344000	0.001097	772.993868
-149.292000	0.001098	774.118098
-149.240000	0.001099	775.245716
-149.188000	0.001099	776.380187
-149.136000	0.001100	777.517543
-149.084000	0.001101	778.662055
-149.032000	0.001102	779.808642
-148.980000	0.001103	780.963509
-148.928000	0.001104	782.119869
-148.876000	0.001104	783.284725
-148.824000	0.001105	784.450523
-148.772000	0.001106	785.625679
-148.720000	0.001107	786.802018
-148.668000	0.001108	787.986964
-148.616000	0.001108	789.173859
-148.564000	0.001109	790.368607
-148.512000	0.001110	791.566075
-148.460000	0.001111	792.770648
-148.408000	0.001112	793.978711
-148.356000	0.001113	795.193136
-148.304000	0.001113	796.412001
-148.252000	0.001114	797.636834
-148.200000	0.001115	798.866607
-148.148000	0.001116	800.101348
-148.096000	0.001117	801.341731
-148.044000	0.001118	802.586390
-147.992000	0.001118	803.838062
-147.940000	0.001119	805.093707
-147.888000	0.001120	806.356398
-147.836000	0.001121	807.621999
-147.784000	0.001122	808.895760
-147.732000	0.001123	810.171859
-147.680000	0.001123	811.457305
-147.628000	0.001124	812.744436
-147.576000	0.001125	814.040700
-147.524000	0.001126	815.338068
-147.472000	0.001127	816.645867
-147.420000	0.001128	817.955061
-147.368000	0.001129	819.273366
-147.316000	0.001129	820.593981
-147.264000	0.001130	821.923330
-147.212000	0.001131	823.255851
-147.160000	0.001132	824.596254
-147.108000	0.001133	825.940522
-147.056000	0.001134	827.291494
-147.004000	0.001134	828.647546
-146.952000	0.001135	830.010157
-146.900000	0.001136	831.378435
-146.848000	0.001137	832.752195
-146.796000	0.001138	834.132096
-146.744000	0.001139	835.516492
-146.692000	0.001140	836.908427
-146.640000	0.001140	838.304523
-146.588000	0.001141	839.708963
-146.536000	0.001142	841.116771
-146.484000	0.001143	842.533313
-146.432000	0.001144	843.952326
-146.380000	0.001145	845.381290
-146.328000	0.001146	846.812044
-146.276000	0.001147	848.253547
-146.224000	0.001147	849.696344
-146.172000	0.001148	851.150111
-146.120000	0.001149	852.605527
-146.068000	0.001150	854.071008
-146.016000	0.001151	855.539145
-145.964000	0.001152	857.016879
-145.912000	0.001153	858.497955
-145.860000	0.001153	859.986902
-145.808000	0.001154	861.480593
-145.756000	0.001155	862.982355
-145.704000	0.001156	864.489389
-145.652000	0.001157	866.002950
-145.600000	0.001158	867.522882
-145.548000	0.001159	869.048799
-145.496000	0.001160	870.581922
-145.444000	0.001160	872.120205
-145.392000	0.001161	873.666531
-145.340000	0.001162	875.217197
-145.288000	0.001163	876.776736
-145.236000	0.001164	878.339791
-145.184000	0.001165	879.912970
-145.132000	0.001166	881.488950
-145.080000	0.001167	883.075926
-145.028000	0.001168	884.664843
-144.976000	0.001168	886.265126
-144.924000	0.001169	887.866837
-144.872000	0.001170	889.480542
-144.820000	0.001171	891.096084
-144.768000	0.001172	892.722158
-144.716000	0.001173	894.351323
-144.664000	0.001174	895.991350
-144.612000	0.001175	897.635140
-144.560000	0.001176	899.287556
-144.508000	0.001176	900.945053
-144.456000	0.001177	902.610933
-144.404000	0.001178	904.282685
-144.352000	0.001179	905.961538
-144.300000	0.001180	907.647700
-144.248000	0.001181	909.340607
-144.196000	0.001182	911.041174
-144.144000	0.001183	912.747102
-144.092000	0.001184	914.461893
-144.040000	0.001184	916.181370
-143.988000	0.001185	917.910614
-143.936000	0.001186	919.643652
-143.884000	0.001187	921.387780
-143.832000	0.001188	923.134910
-143.780000	0.001189	924.893610
-143.728000	0.001190	926.654319
-143.676000	0.001191	928.428496
-143.624000	0.001192	930.204254
-143.572000	0.001193	931.992002
-143.520000	0.001194	933.781938
-143.468000	0.001194	935.584252
-143.416000	0.001195	937.389786
-143.364000	0.001196	939.206152
-143.312000	0.001197	941.026968
-143.260000	0.001198	942.857914
-143.208000	0.001199	944.694261
-143.156000	0.001200	946.539295
-143.104000	0.001201	948.390783
-143.052000	0.001202	950.249932
-143.000000	0.001203	952.116797
-142.948000	0.001204	953.990626
-142.896000	0.001205	955.873449
-142.844000	0.001206	957.762488
-142.792000	0.001206	959.660854
-142.740000	0.001207	961.564060
-142.688000	0.001208	963.478293
-142.636000	0.001209	965.396722
-142.584000	0.001210	967.326772
-142.532000	0.001211	969.259907
-142.480000	0.001212	971.206099
-142.428000	0.001213	973.154470
-142.376000	0.001214	975.116911
-142.324000	0.001215	977.081075
-142.272000	0.001216	979.059216
-142.220000	0.001217	981.039715
-142.168000	0.001218	983.033025
-142.116000	0.001219	985.029867
-142.064000	0.001219	987.038350
-142.012000	0.001220	989.051683
-141.960000	0.001221	991.075865
-141.908000	0.001222	993.106113
-141.856000	0.001223	995.146020
-141.804000	0.001224	997.192950
-141.752000	0.001225	999.248095
-141.700000	0.001226	1001.311601
-141.648000	0.001227	1003.382545
-141.596000	0.001228	1005.463202
-141.544000	0.001229	1007.550468
-141.492000	0.001230	1009.648199
-141.440000	0.001231	1011.751276
-141.388000	0.001232	1013.866246
-141.336000	0.001233	1015.985652
-141.284000	0.001234	1018.117622
-141.232000	0.001235	1020.252847
-141.180000	0.001236	1022.402611
-141.128000	0.001237	1024.554699
-141.076000	0.001237	1026.721448
-141.024000	0.001238	1028.890038
-140.972000	0.001239	1031.074072
-140.920000	0.001240	1033.260685
-140.868000	0.001241	1035.460983
-140.816000	0.001242	1037.665223
-140.764000	0.001243	1039.882315
-140.712000	0.001244	1042.104648
-140.660000	0.001245	1044.338536
-140.608000	0.001246	1046.578964
-140.556000	0.001247	1048.829669
-140.504000	0.001248	1051.088400
-140.452000	0.001249	1053.356485
-140.400000	0.001250	1055.633296
-140.348000	0.001251	1057.917750
-140.296000	0.001252	1060.212932
-140.244000	0.001253	1062.515323
-140.192000	0.001254	1064.828962
-140.140000	0.001255	1067.148252
-140.088000	0.001256	1069.480299
-140.036000	0.001257	1071.817007
-139.984000	0.001258	1074.168069
-139.932000	0.001259	1076.522727
-139.880000	0.001260	1078.892476
-139.828000	0.001261	1081.264560
-139.776000	0.001262	1083.652898
-139.724000	0.001263	1086.043226
-139.672000	0.001264	1088.450440
-139.620000	0.001265	1090.860451
-139.568000	0.001266	1093.285007
-139.516000	0.001267	1095.713912
-139.464000	0.001268	1098.156858
-139.412000	0.001269	1100.605428
-139.360000	0.001270	1103.066249
-139.308000	0.001271	1105.534073
-139.256000	0.001272	1108.012782
-139.204000	0.001273	1110.500292
-139.152000	0.001274	1112.997977
-139.100000	0.001275	1115.505273
-139.048000	0.001276	1118.020921
-138.996000	0.001277	1120.548001
-138.944000	0.001278	1123.082660
-138.892000	0.001279	1125.629686
-138.840000	0.001280	1128.182831
-138.788000	0.001281	1130.749978
-138.736000	0.001282	1133.322135
-138.684000	0.001283	1135.911295
-138.632000	0.001284	1138.504557
-138.580000	0.001285	1141.108292
-138.528000	0.001286	1143.713767
-138.476000	0.001287	1146.345253
-138.424000	0.001288	1148.978918
-138.372000	0.001289	1151.627909
-138.320000	0.001290	1154.279707
-138.268000	0.001291	1156.945532
-138.216000	0.001292	1159.616543
-138.164000	0.001293	1162.304433
-138.112000	0.001294	1164.997732
-138.060000	0.001295	1167.702455
-138.008000	0.001296	1170.415772
-137.956000	0.001297	1173.142580
-137.904000	0.001298	1175.877359
-137.852000	0.001299	1178.621062
-137.800000	0.001300	1181.376605
-137.748000	0.001301	1184.142463
-137.696000	0.001302	1186.918589
-137.644000	0.001303	1189.701369
-137.592000	0.001304	1192.502543
-137.540000	0.001305	1195.312706
-137.488000	0.001306	1198.131479
-137.436000	0.001307	1200.953336
-137.384000	0.001308	1203.797447
-137.332000	0.001309	1206.646684
-137.280000	0.001310	1209.510682
-137.228000	0.001311	1212.376843
-137.176000	0.001312	1215.264001
-137.124000	0.001313	1218.153184
-137.072000	0.001314	1221.057626
-137.020000	0.001315	1223.966333
-136.968000	0.001316	1226.898064
-136.916000	0.001317	1229.833970
-136.864000	0.001318	1232.782534
-136.812000	0.001319	1235.738074
-136.760000	0.001320	1238.708697
-136.708000	0.001322	1241.687997
-136.656000	0.001323	1244.680698
-136.604000	0.001324	1247.681432
-136.552000	0.001325	1250.691026
-136.500000	0.001326	1253.715251
-136.448000	0.001327	1256.752220
-136.396000	0.001328	1259.799512
-136.344000	0.001329	1262.853394
-136.292000	0.001330	1265.925768
-136.240000	0.001331	1269.007023
-136.188000	0.001332	1272.100848
-136.136000	0.001333	1275.199016
-136.084000	0.001334	1278.315205
-136.032000	0.001335	1281.435511
-135.980000	0.001336	1284.580099
-135.928000	0.001337	1287.727771
-135.876000	0.001338	1290.891382
-135.824000	0.001339	1294.057213
-135.772000	0.001341	1297.243143
-135.720000	0.001342	1300.433441
-135.668000	0.001343	1303.646648
-135.616000	0.001344	1306.864086
-135.564000	0.001345	1310.094107
-135.512000	0.001346	1313.332707
-135.460000	0.001347	1316.590004
-135.408000	0.001348	1319.854122
-135.356000	0.001349	1323.128247
-135.304000	0.001350	1326.415122
-135.252000	0.001351	1329.716586
-135.200000	0.001352	1333.030030
-135.148000	0.001353	1336.353617
-135.096000	0.001354	1339.693852
-135.044000	0.001356	1343.044789
-134.992000	0.001357	1346.407218
-134.940000	0.001358	1349.775047
-134.888000	0.001359	1353.163389
-134.836000	0.001360	1356.558566
-134.784000	0.001361	1359.971835
-134.732000	0.001362	1363.389126
-134.680000	0.001363	1366.830793
-134.628000	0.001364	1370.275425
-134.576000	0.001365	1373.736048
-134.524000	0.001366	1377.199571
-134.472000	0.001368	1380.692882
-134.420000	0.001369	1384.189179
-134.368000	0.001370	1387.699280
-134.316000	0.001371	1391.215948
-134.264000	0.001372	1394.753300
-134.212000	0.001373	1398.297774
-134.160000	0.001374	1401.857148
-134.108000	0.001375	1405.427286
-134.056000	0.001376	1409.013917
-134.004000	0.001377	1412.613386
-133.952000	0.001379	1416.227328
-133.900000	0.001380	1419.853309
-133.848000	0.001381	1423.489344
-133.796000	0.001382	1427.138948
-133.744000	0.001383	1430.797076
-133.692000	0.001384	1434.473866
-133.640000	0.001385	1438.159310
-133.588000	0.001386	1441.865353
-133.536000	0.001387	1445.578113
-133.484000	0.001388	1449.309030
-133.432000	0.001390	1453.043871
-133.380000	0.001391	1456.803179
-133.328000	0.001392	1460.565330
-133.276000	0.001393	1464.348699
-133.224000	0.001394	1468.135065
-133.172000	0.001395	1471.951072
-133.120000	0.001396	1475.770871
-133.068000	0.001397	1479.608866
-133.016000	0.001399	1483.452349
-132.964000	0.001400	1487.312331
-132.912000	0.001401	1491.182634
-132.860000	0.001402	1495.075061
-132.808000	0.001403	1498.976361
-132.756000	0.001404	1502.890784
-132.704000	0.001405	1506.820499
-132.652000	0.001407	1510.767429
-132.600000	0.001408	1514.726449
-132.548000	0.001409	1518.695434
-132.496000	0.001410	1522.681225
-132.444000	0.001411	1526.677491
-132.392000	0.001412	1530.692499
-132.340000	0.001413	1534.716046
-132.288000	0.001414	1538.760269
-132.236000	0.001416	1542.811090
-132.184000	0.001417	1546.880130
-132.132000	0.001418	1550.952994
-132.080000	0.001419	1555.055206
-132.028000	0.001420	1559.160565
-131.976000	0.001421	1563.292413
-131.924000	0.001423	1567.426929
-131.872000	0.001424	1571.586090
-131.820000	0.001425	1575.749889
-131.768000	0.001426	1579.936226
-131.716000	0.001427	1584.129298
-131.664000	0.001428	1588.342813
-131.612000	0.001429	1592.566750
-131.560000	0.001431	1596.812671
-131.508000	0.001432	1601.067518
-131.456000	0.001433	1605.335395
-131.404000	0.001434	1609.618659
-131.352000	0.001435	1613.919003
-131.300000	0.001436	1618.234287
-131.248000	0.001438	1622.561873
-131.196000	0.001439	1626.906336
-131.144000	0.001440	1631.261159
-131.092000	0.001441	1635.638407
-131.040000	0.001442	1640.025694
-130.988000	0.001443	1644.433736
-130.936000	0.001445	1648.848255
-130.884000	0.001446	1653.285467
-130.832000	0.001447	1657.727212
-130.780000	0.001448	1662.193590
-130.728000	0.001449	1666.662556
-130.676000	0.001451	1671.163323
-130.624000	0.001452	1675.667138
-130.572000	0.001453	1680.200298
-130.520000	0.001454	1684.737376
-130.468000	0.001455	1689.292443
-130.416000	0.001456	1693.856741
-130.364000	0.001458	1698.449400
-130.312000	0.001459	1703.050966
-130.260000	0.001460	1707.670759
-130.208000	0.001461	1712.301544
-130.156000	0.001462	1716.948478
-130.104000	0.001464	1721.610890
-130.052000	0.001465	1726.290246
-130.000000	0.001466	1730.987431
-129.948000	0.001467	1735.699213
-129.896000	0.001468	1740.427941
-129.844000	0.001470	1745.166913
-129.792000	0.001471	1749.928405
-129.740000	0.001472	1754.699792
-129.688000	0.001473	1759.492011
-129.636000	0.001474	1764.290583
-129.584000	0.001476	1769.120805
-129.532000	0.001477	1773.957012
-129.480000	0.001478	1778.817936
-129.428000	0.001479	1783.681427
-129.376000	0.001481	1788.576608
-129.324000	0.001482	1793.474501
-129.272000	0.001483	1798.396776
-129.220000	0.001484	1803.325505
-129.168000	0.001485	1808.285331
-129.116000	0.001487	1813.252049
-129.064000	0.001488	1818.238962
-129.012000	0.001489	1823.238124
-128.960000	0.001490	1828.262585
-128.908000	0.001492	1833.298107
-128.856000	0.001493	1838.349663
-128.804000	0.001494	1843.416785
-128.752000	0.001495	1848.500719
-128.700000	0.001496	1853.602566
-128.648000	0.001498	1858.718872
-128.596000	0.001499	1863.858690
-128.544000	0.001500	1869.012598
-128.492000	0.001501	1874.185464
-128.440000	0.001503	1879.366508
-128.388000	0.001504	1884.572512
-128.336000	0.001505	1889.785918
-128.284000	0.001506	1895.031098
-128.232000	0.001508	1900.282093
-128.180000	0.001509	1905.557882
-128.128000	0.001510	1910.836276
-128.076000	0.001511	1916.151396
-128.024000	0.001513	1921.469753
-127.972000	0.001514	1926.817150
-127.920000	0.001515	1932.170276
-127.868000	0.001516	1937.549949
-127.816000	0.001518	1942.937840
-127.764000	0.001519	1948.349781
-127.712000	0.001520	1953.774086
-127.660000	0.001521	1959.223531
-127.608000	0.001523	1964.686163
-127.556000	0.001524	1970.167885
-127.504000	0.001525	1975.667716
-127.452000	0.001526	1981.186992
-127.400000	0.001528	1986.721401
-127.348000	0.001529	1992.267773
-127.296000	0.001530	1997.837768
-127.244000	0.001532	2003.421689
-127.192000	0.001533	2009.031989
-127.140000	0.001534	2014.653454
-127.088000	0.001535	2020.299975
-127.036000	0.001537	2025.953748
-126.984000	0.001538	2031.639417
-126.932000	0.001539	2037.330730
-126.880000	0.001540	2043.051806
-126.828000	0.001542	2048.775790
-126.776000	0.001543	2054.531155
-126.724000	0.001544	2060.290791
-126.672000	0.001546	2066.088845
-126.620000	0.001547	2071.891857
-126.568000	0.001548	2077.716905
-126.516000	0.001549	2083.552814
-126.464000	0.001551	2089.420547
-126.412000	0.001552	2095.299080
-126.360000	0.001553	2101.199036
-126.308000	0.001555	2107.114350
-126.256000	0.001556	2113.051768
-126.204000	0.001557	2119.004913
-126.152000	0.001559	2124.974605
-126.100000	0.001560	2130.965270
-126.048000	0.001561	2136.972467
-125.996000	0.001562	2143.003394
-125.944000	0.001564	2149.048085
-125.892000	0.001565	2155.119270
-125.840000	0.001566	2161.201457
-125.788000	0.001568	2167.312896
-125.736000	0.001569	2173.432570
-125.684000	0.001570	2179.584260
-125.632000	0.001572	2185.741422
-125.580000	0.001573	2191.928449
-125.528000	0.001574	2198.118442
-125.476000	0.001576	2204.344808
-125.424000	0.001577	2210.575593
-125.372000	0.001578	2216.844603
-125.320000	0.001580	2223.119542
-125.268000	0.001581	2229.420729
-125.216000	0.001582	2235.731622
-125.164000	0.001584	2242.070214
-125.112000	0.001585	2248.423098
-125.060000	0.001586	2254.804324
-125.008000	0.001588	2261.198915
-124.956000	0.001589	2267.612330
-124.904000	0.001590	2274.046569
-124.852000	0.001592	2280.502670
-124.800000	0.001593	2286.976937
-124.748000	0.001594	2293.465256
-124.696000	0.001596	2299.980735
-124.644000	0.001597	2306.511733
-124.592000	0.001598	2313.069337
-124.540000	0.001600	2319.637776
-124.488000	0.001601	2326.235586
-124.436000	0.001602	2332.841464
-124.384000	0.001604	2339.484005
-124.332000	0.001605	2346.132547
-124.280000	0.001606	2352.811058
-124.228000	0.001608	2359.492639
-124.176000	0.001609	2366.215544
-124.124000	0.001610	2372.942506
-124.072000	0.001612	2379.702774
-124.020000	0.001613	2386.470898
-123.968000	0.001615	2393.273760
-123.916000	0.001616	2400.086448
-123.864000	0.001617	2406.926667
-123.812000	0.001619	2413.779593
-123.760000	0.001620	2420.657173
-123.708000	0.001621	2427.552456
-123.656000	0.001623	2434.472634
-123.604000	0.001624	2441.411235
-123.552000	0.001626	2448.368822
-123.500000	0.001627	2455.347595
-123.448000	0.001628	2462.342581
-123.396000	0.001630	2469.364858
-123.344000	0.001631	2476.402471
-123.292000	0.001632	2483.470547
-123.240000	0.001634	2490.550783
-123.188000	0.001635	2497.660508
-123.136000	0.001637	2504.778131
-123.084000	0.001638	2511.932562
-123.032000	0.001639	2519.092800
-122.980000	0.001641	2526.288067
-122.928000	0.001642	2533.486702
-122.876000	0.001644	2540.726461
-122.824000	0.001645	2547.970405
-122.772000	0.001646	2555.247485
-122.720000	0.001648	2562.532564
-122.668000	0.001649	2569.852187
-122.616000	0.001651	2577.183095
-122.564000	0.001652	2584.545262
-122.512000	0.001653	2591.921995
-122.460000	0.001655	2599.326705
-122.408000	0.001656	2606.747107
-122.356000	0.001658	2614.189148
-122.304000	0.001659	2621.652267
-122.252000	0.001660	2629.136892
-122.200000	0.001662	2636.642815
-122.148000	0.001663	2644.164794
-122.096000	0.001665	2651.717557
-122.044000	0.001666	2659.287342
-121.992000	0.001668	2666.883966
-121.940000	0.001669	2674.491097
-121.888000	0.001670	2682.132006
-121.836000	0.001672	2689.781708
-121.784000	0.001673	2697.468362
-121.732000	0.001675	2705.160630
-121.680000	0.001676	2712.893030
-121.628000	0.001678	2720.629053
-121.576000	0.001679	2728.406001
-121.524000	0.001680	2736.187258
-121.472000	0.001682	2744.001484
-121.420000	0.001683	2751.824811
-121.368000	0.001685	2759.686767
-121.316000	0.001686	2767.558787
-121.264000	0.001688	2775.458010
-121.212000	0.001689	2783.373704
-121.160000	0.001691	2791.320662
-121.108000	0.001692	2799.283425
-121.056000	0.001694	2807.267666
-121.004000	0.001695	2815.273114
-120.952000	0.001696	2823.299893
-120.900000	0.001698	2831.354035
-120.848000	0.001699	2839.428580
-120.796000	0.001701	2847.527309
-120.744000	0.001702	2855.639159
-120.692000	0.001704	2863.785533
-120.640000	0.001705	2871.945138
-120.588000	0.001707	2880.134477
-120.536000	0.001708	2888.331378
-120.484000	0.001710	2896.569971
-120.432000	0.001711	2904.814622
-120.380000	0.001713	2913.099553
-120.328000	0.001714	2921.388086
-120.276000	0.001716	2929.717352
-120.224000	0.001717	2938.051631
-120.172000	0.001718	2946.423359
-120.120000	0.001720	2954.803378
-120.068000	0.001721	2963.217565
-120.016000	0.001723	2971.643319
-119.964000	0.001724	2980.099964
-119.912000	0.001726	2988.571454
-119.860000	0.001727	2997.070559
-119.808000	0.001729	3005.589964
-119.756000	0.001730	3014.136771
-119.704000	0.001732	3022.704919
-119.652000	0.001733	3031.294222
-119.600000	0.001735	3039.905047
-119.548000	0.001736	3048.531610
-119.496000	0.001738	3057.192679
-119.444000	0.001739	3065.872188
-119.392000	0.001741	3074.578775
-119.340000	0.001742	3083.295540
-119.288000	0.001744	3092.050582
-119.236000	0.001745	3100.815058
-119.184000	0.001747	3109.612168
-119.132000	0.001748	3118.413890
-119.080000	0.001750	3127.261063
-119.028000	0.001752	3136.112221
-118.976000	0.001753	3145.008951
-118.924000	0.001755	3153.910247
-118.872000	0.001756	3162.844173
-118.820000	0.001758	3171.787538
-118.768000	0.001759	3180.769113
-118.716000	0.001761	3189.762400
-118.664000	0.001762	3198.786390
-118.612000	0.001764	3207.827175
-118.560000	0.001765	3216.898813
-118.508000	0.001767	3225.986488
-118.456000	0.001768	3235.095333
-118.404000	0.001770	3244.228268
-118.352000	0.001771	3253.384797
-118.300000	0.001773	3262.569002
-118.248000	0.001775	3271.773208
-118.196000	0.001776	3281.001831
-118.144000	0.001778	3290.243251
-118.092000	0.001779	3299.519525
-118.040000	0.001781	3308.808616
-117.988000	0.001782	3318.131920
-117.936000	0.001784	3327.463451
-117.884000	0.001785	3336.837017
-117.832000	0.001787	3346.216215
-117.780000	0.001789	3355.630954
-117.728000	0.001790	3365.049276
-117.676000	0.001792	3374.512962
-117.624000	0.001793	3383.982580
-117.572000	0.001795	3393.493879
-117.520000	0.001796	3403.012742
-117.468000	0.001798	3412.561194
-117.416000	0.001800	3422.122931
-117.364000	0.001801	3431.718991
-117.312000	0.001803	3441.330179
-117.260000	0.001804	3450.968620
-117.208000	0.001806	3460.627683
-117.156000	0.001807	3470.313752
-117.104000	0.001809	3480.021432
-117.052000	0.001811	3489.749912
-117.000000	0.001812	3499.503189
-116.948000	0.001814	3509.274077
-116.896000	0.001815	3519.072949
-116.844000	0.001817	3528.886241
-116.792000	0.001819	3538.734556
-116.740000	0.001820	3548.595482
-116.688000	0.001822	3558.486515
-116.636000	0.001823	3568.384609
-116.584000	0.001825	3578.324910
-116.532000	0.001827	3588.270629
-116.480000	0.001828	3598.262147
-116.428000	0.001830	3608.257138
-116.376000	0.001831	3618.287292
-116.324000	0.001833	3628.323552
-116.272000	0.001835	3638.401280
-116.220000	0.001836	3648.487745
-116.168000	0.001838	3658.607820
-116.116000	0.001840	3668.739901
-116.064000	0.001841	3678.902321
-116.012000	0.001843	3689.081866
-115.960000	0.001844	3699.291858
-115.908000	0.001846	3709.518126
-115.856000	0.001848	3719.765252
-115.804000	0.001849	3730.036787
-115.752000	0.001851	3740.331513
-115.700000	0.001853	3750.651179
-115.648000	0.001854	3760.988278
-115.596000	0.001856	3771.353506
-115.544000	0.001858	3781.732972
-115.492000	0.001859	3792.143758
-115.440000	0.001861	3802.565587
-115.388000	0.001863	3813.021930
-115.336000	0.001864	3823.486123
-115.284000	0.001866	3833.988016
-115.232000	0.001867	3844.494565
-115.180000	0.001869	3855.042009
-115.128000	0.001871	3865.592977
-115.076000	0.001872	3876.183908
-115.024000	0.001874	3886.780459
-114.972000	0.001876	3897.413700
-114.920000	0.001877	3908.056895
-114.868000	0.001879	3918.737679
-114.816000	0.001881	3929.429148
-114.764000	0.001882	3940.147012
-114.712000	0.001884	3950.880294
-114.660000	0.001886	3961.640470
-114.608000	0.001888	3972.419319
-114.556000	0.001889	3983.221821
-114.504000	0.001891	3994.046215
-114.452000	0.001893	4004.891055
-114.400000	0.001894	4015.757893
-114.348000	0.001896	4026.639841
-114.296000	0.001898	4037.553552
-114.244000	0.001899	4048.483058
-114.192000	0.001901	4059.440140
-114.140000	0.001903	4070.406745
-114.088000	0.001904	4081.408012
-114.036000	0.001906	4092.416943
-113.984000	0.001908	4103.463730
-113.932000	0.001910	4114.514985
-113.880000	0.001911	4125.602186
-113.828000	0.001913	4136.692769
-113.776000	0.001915	4147.823124
-113.724000	0.001916	4158.959254
-113.672000	0.001918	4170.131890
-113.620000	0.001920	4181.312478
-113.568000	0.001922	4192.522163
-113.516000	0.001923	4203.744152
-113.464000	0.001925	4214.996114
-113.412000	0.001927	4226.261748
-113.360000	0.001928	4237.550761
-113.308000	0.001930	4248.858593
-113.256000	0.001932	4260.189902
-113.204000	0.001934	4271.540541
-113.152000	0.001935	4282.908925
-113.100000	0.001937	4294.302536
-113.048000	0.001939	4305.713221
-112.996000	0.001941	4317.148817
-112.944000	0.001942	4328.596570
-112.892000	0.001944	4340.072028
-112.840000	0.001946	4351.556847
-112.788000	0.001948	4363.072160
-112.736000	0.001949	4374.594040
-112.684000	0.001951	4386.153933
-112.632000	0.001953	4397.718106
-112.580000	0.001955	4409.318359
-112.528000	0.001956	4420.921695
-112.476000	0.001958	4432.559690
-112.424000	0.001960	4444.202910
-112.372000	0.001962	4455.877926
-112.320000	0.001964	4467.561027
-112.268000	0.001965	4479.273063
-112.216000	0.001967	4490.994527
-112.164000	0.001969	4502.738349
-112.112000	0.001971	4514.497886
-112.060000	0.001972	4526.283961
-112.008000	0.001974	4538.086680
-111.956000	0.001976	4549.909789
-111.904000	0.001978	4561.749627
-111.852000	0.001980	4573.604549
-111.800000	0.001981	4585.481718
-111.748000	0.001983	4597.373680
-111.696000	0.001985	4609.290682
-111.644000	0.001987	4621.219679
-111.592000	0.001989	4633.176513
-111.540000	0.001990	4645.142548
-111.488000	0.001992	4657.134869
-111.436000	0.001994	4669.132704
-111.384000	0.001996	4681.159219
-111.332000	0.001998	4693.188855
-111.280000	0.001999	4705.254707
-111.228000	0.002001	4717.323306
-111.176000	0.002003	4729.421491
-111.124000	0.002005	4741.525036
-111.072000	0.002007	4753.660214
-111.020000	0.002008	4765.802478
-110.968000	0.002010	4777.969419
-110.916000	0.002012	4790.145897
-110.864000	0.002014	4802.344596
-110.812000	0.002016	4814.555282
-110.760000	0.002018	4826.785744
-110.708000	0.002019	4839.030635
-110.656000	0.002021	4851.292877
-110.604000	0.002023	4863.571951
-110.552000	0.002025	4875.865976
-110.500000	0.002027	4888.179224
-110.448000	0.002029	4900.505028
-110.396000	0.002031	4912.848892
-110.344000	0.002032	4925.201242
-110.292000	0.002034	4937.581559
-110.240000	0.002036	4949.970915
-110.188000	0.002038	4962.382310
-110.136000	0.002040	4974.798211
-110.084000	0.002042	4987.242906
-110.032000	0.002044	4999.690579
-109.980000	0.002045	5012.164266
-109.928000	0.002047	5024.640201
-109.876000	0.002049	5037.140693
-109.824000	0.002051	5049.645934
-109.772000	0.002053	5062.178162
-109.720000	0.002055	5074.716435
-109.668000	0.002057	5087.275166
-109.616000	0.002059	5099.843546
-109.564000	0.002061	5112.434016
-109.512000	0.002062	5125.032659
-109.460000	0.002064	5137.644404
-109.408000	0.002066	5150.270684
-109.356000	0.002068	5162.914179
-109.304000	0.002070	5175.569076
-109.252000	0.002072	5188.233869
-109.200000	0.002074	5200.914819
-109.148000	0.002076	5213.606133
-109.096000	0.002078	5226.315597
-109.044000	0.002080	5239.033433
-108.992000	0.002081	5251.771407
-108.940000	0.002083	5264.515760
-108.888000	0.002085	5277.277859
-108.836000	0.002087	5290.043501
-108.784000	0.002089	5302.828473
-108.732000	0.002091	5315.615398
-108.680000	0.002093	5328.428435
-108.628000	0.002095	5341.243706
-108.576000	0.002097	5354.083414
-108.524000	0.002099	5366.925672
-108.472000	0.002101	5379.781403
-108.420000	0.002103	5392.642097
-108.368000	0.002105	5405.519078
-108.316000	0.002107	5418.404240
-108.264000	0.002109	5431.307700
-108.212000	0.002110	5444.217419
-108.160000	0.002112	5457.136902
-108.108000	0.002114	5470.066257
-108.056000	0.002116	5483.007008
-108.004000	0.002118	5495.959224
-107.952000	0.002120	5508.921243
-107.900000	0.002122	5521.893122
-107.848000	0.002124	5534.871181
-107.796000	0.002126	5547.863879
-107.744000	0.002128	5560.863203
-107.692000	0.002130	5573.874754
-107.640000	0.002132	5586.890113
-107.588000	0.002134	5599.923286
-107.536000	0.002136	5612.959903
-107.484000	0.002138	5626.006306
-107.432000	0.002140	5639.053724
-107.380000	0.002142	5652.122139
-107.328000	0.002144	5665.191593
-107.276000	0.002146	5678.270838
-107.224000	0.002148	5691.352685
-107.172000	0.002150	5704.447932
-107.120000	0.002152	5717.547015
-107.068000	0.002154	5730.658259
-107.016000	0.002156	5743.774575
-106.964000	0.002158	5756.901819
-106.912000	0.002160	5770.033361
-106.860000	0.002162	5783.171371
-106.808000	0.002164	5796.314502
-106.756000	0.002166	5809.463301
-106.704000	0.002168	5822.620816
-106.652000	0.002170	5835.785629
-106.600000	0.002172	5848.957129
-106.548000	0.002174	5862.132725
-106.496000	0.002176	5875.312172
-106.444000	0.002178	5888.493323
-106.392000	0.002180	5901.686746
-106.340000	0.002182	5914.883904
-106.288000	0.002184	5928.085668
-106.236000	0.002186	5941.288376
-106.184000	0.002188	5954.500900
-106.132000	0.002191	5967.714397
-106.080000	0.002193	5980.938467
-106.028000	0.002195	5994.163135
-105.976000	0.002197	6007.392725
-105.924000	0.002199	6020.623340
-105.872000	0.002201	6033.858447
-105.820000	0.002203	6047.095006
-105.768000	0.002205	6060.335631
-105.716000	0.002207	6073.579754
-105.664000	0.002209	6086.831126
-105.612000	0.002211	6100.082770
-105.560000	0.002213	6113.334432
-105.508000	0.002215	6126.588809
-105.456000	0.002217	6139.846003
-105.404000	0.002220	6153.106294
-105.352000	0.002222	6166.369024
-105.300000	0.002224	6179.631990
-105.248000	0.002226	6192.895020
-105.196000	0.002228	6206.158263
-105.144000	0.002230	6219.421596
-105.092000	0.002232	6232.689160
-105.040000	0.002234	6245.958018
-104.988000	0.002236	6259.227040
-104.936000	0.002238	6272.496195
-104.884000	0.002241	6285.760638
-104.832000	0.002243	6299.024890
-104.780000	0.002245	6312.294456
-104.728000	0.002247	6325.563768
-104.676000	0.002249	6338.828377
-104.624000	0.002251	6352.093185
-104.572000	0.002253	6365.358061
-104.520000	0.002255	6378.623155
-104.468000	0.002258	6391.888298
-104.416000	0.002260	6405.150393
-104.364000	0.002262	6418.405345
-104.312000	0.002264	6431.660551
-104.260000	0.002266	6444.915773
-104.208000	0.002268	6458.168808
-104.156000	0.002270	6471.419084
-104.104000	0.002273	6484.666746
-104.052000	0.002275	6497.912073
-104.000000	0.002277	6511.151101
-103.948000	0.002279	6524.386253
-103.896000	0.002281	6537.617936
-103.844000	0.002283	6550.848136
-103.792000	0.002286	6564.074443
-103.740000	0.002288	6577.299693
-103.688000	0.002290	6590.516150
-103.636000	0.002292	6603.731215
-103.584000	0.002294	6616.936656
-103.532000	0.002296	6630.141435
-103.480000	0.002299	6643.335963
-103.428000	0.002301	6656.529751
-103.376000	0.002303	6669.714069
-103.324000	0.002305	6682.896858
-103.272000	0.002307	6696.070967
-103.220000	0.002310	6709.241497
-103.168000	0.002312	6722.400167
-103.116000	0.002314	6735.555729
-103.064000	0.002316	6748.704190
-103.012000	0.002318	6761.846680
-102.960000	0.002321	6774.979700
-102.908000	0.002323	6788.108020
-102.856000	0.002325	6801.230847
-102.804000	0.002327	6814.342388
-102.752000	0.002330	6827.444557
-102.700000	0.002332	6840.537087
-102.648000	0.002334	6853.623832
-102.596000	0.002336	6866.703387
-102.544000	0.002338	6879.779931
-102.492000	0.002341	6892.836187
-102.440000	0.002343	6905.886840
-102.388000	0.002345	6918.928645
-102.336000	0.002347	6931.969096
-102.284000	0.002350	6944.985180
-102.232000	0.002352	6957.999524
-102.180000	0.002354	6970.998490
-102.128000	0.002356	6983.995710
-102.076000	0.002359	6996.973991
-102.024000	0.002361	7009.948930
-101.972000	0.002363	7022.906527
-101.920000	0.002366	7035.857899
-101.868000	0.002368	7048.789577
-101.816000	0.002370	7061.714715
-101.764000	0.002372	7074.625708
-101.712000	0.002375	7087.528557
-101.660000	0.002377	7100.418864
-101.608000	0.002379	7113.294428
-101.556000	0.002382	7126.153601
-101.504000	0.002384	7139.004286
-101.452000	0.002386	7151.848016
-101.400000	0.002388	7164.672116
-101.348000	0.002391	7177.484713
-101.296000	0.002393	7190.278941
-101.244000	0.002395	7203.065631
-101.192000	0.002398	7215.827802
-101.140000	0.002400	7228.583355
-101.088000	0.002402	7241.320975
-101.036000	0.002405	7254.055848
-100.984000	0.002407	7266.761313
-100.932000	0.002409	7279.464484
-100.880000	0.002412	7292.136926
-100.828000	0.002414	7304.806533
-100.776000	0.002416	7317.447814
-100.724000	0.002419	7330.083852
-100.672000	0.002421	7342.693970
-100.620000	0.002423	7355.297743
-100.568000	0.002426	7367.881929
-100.516000	0.002428	7380.454348
-100.464000	0.002430	7393.002142
-100.412000	0.002433	7405.535353
-100.360000	0.002435	7418.046759
-100.308000	0.002437	7430.543276
-100.256000	0.002440	7443.023532
-100.204000	0.002442	7455.486456
-100.152000	0.002445	7467.935561
-100.100000	0.002447	7480.358240
-100.048000	0.002449	7492.765733
-99.996000	0.002452	7505.151009
-99.944000	0.002454	7517.527352
-99.892000	0.002456	7529.870767
-99.840000	0.002459	7542.205494
-99.788000	0.002461	7554.513118
-99.736000	0.002464	7566.816689
-99.684000	0.002466	7579.080833
-99.632000	0.002468	7591.341866
-99.580000	0.002471	7603.562063
-99.528000	0.002473	7615.778766
-99.476000	0.002476	7627.962559
-99.424000	0.002478	7640.139123
-99.372000	0.002481	7652.281365
-99.320000	0.002483	7664.414563
-99.268000	0.002485	7676.520471
-99.216000	0.002488	7688.610985
-99.164000	0.002490	7700.670027
-99.112000	0.002493	7712.712185
-99.060000	0.002495	7724.729593
-99.008000	0.002498	7736.726889
-98.956000	0.002500	7748.702676
-98.904000	0.002503	7760.652155
-98.852000	0.002505	7772.581084
-98.800000	0.002507	7784.483400
-98.748000	0.002510	7796.370705
-98.696000	0.002512	7808.224394
-98.644000	0.002515	7820.064837
-98.592000	0.002517	7831.868016
-98.540000	0.002520	7843.661603
-98.488000	0.002522	7855.418828
-98.436000	0.002525	7867.170781
-98.384000	0.002527	7878.873202
-98.332000	0.002530	7890.571836
-98.280000	0.002532	7902.224708
-98.228000	0.002535	7913.872843
-98.176000	0.002537	7925.478833
-98.124000	0.002540	7937.076465
-98.072000	0.002542	7948.635577
-98.020000	0.002545	7960.181362
-97.968000	0.002547	7971.688361
-97.916000	0.002550	7983.178006
-97.864000	0.002552	7994.632896
-97.812000	0.002555	8006.066403
-97.760000	0.002557	8017.469189
-97.708000	0.002560	8028.849113
-97.656000	0.002562	8040.205028
-97.604000	0.002565	8051.531464
-97.552000	0.002567	8062.835279
-97.500000	0.002570	8074.102190
-97.448000	0.002572	8085.348676
-97.396000	0.002575	8096.557567
-97.344000	0.002578	8107.751948
-97.292000	0.002580	8118.904683
-97.240000	0.002583	8130.046964
-97.188000	0.002585	8141.138958
-97.136000	0.002588	8152.223902
-97.084000	0.002590	8163.259087
-97.032000	0.002593	8174.290181
-96.980000	0.002596	8185.265561
-96.928000	0.002598	8196.235439
-96.876000	0.002601	8207.158697
-96.824000	0.002603	8218.070494
-96.772000	0.002606	8228.931168
-96.720000	0.002608	8239.778287
-96.668000	0.002611	8250.586838
-96.616000	0.002614	8261.374258
-96.564000	0.002616	8272.120227
-96.512000	0.002619	8282.844583
-96.460000	0.002621	8293.538432
-96.408000	0.002624	8304.201462
-96.356000	0.002627	8314.832740
-96.304000	0.002629	8325.428335
-96.252000	0.002632	8335.997041
-96.200000	0.002635	8346.528590
-96.148000	0.002637	8357.039949
-96.096000	0.002640	8367.509695
-96.044000	0.002642	8377.963709
-95.992000	0.002645	8388.367451
-95.940000	0.002648	8398.758887
-95.888000	0.002650	8409.095190
-95.836000	0.002653	8419.424050
-95.784000	0.002656	8429.692913
-95.732000	0.002658	8439.957211
-95.680000	0.002661	8450.166028
-95.628000	0.002664	8460.367362
-95.576000	0.002666	8470.508355
-95.524000	0.002669	8480.637616
-95.472000	0.002672	8490.716012
-95.420000	0.002674	8500.777842
-95.368000	0.002677	8510.793645
-95.316000	0.002680	8520.788044
-95.264000	0.002682	8530.741251
-95.212000	0.002685	8540.668214
-95.160000	0.002688	8550.558829
-95.108000	0.002691	8560.415748
-95.056000	0.002693	8570.238550
-95.004000	0.002696	8580.025396
-94.952000	0.002699	8589.785610
-94.900000	0.002701	8599.501596
-94.848000	0.002704	8609.193995
-94.796000	0.002707	8618.836898
-94.744000	0.002710	8628.461478
-94.692000	0.002712	8638.035518
-94.640000	0.002715	8647.597511
-94.588000	0.002718	8657.099472
-94.536000	0.002720	8666.593642
-94.484000	0.002723	8676.027546
-94.432000	0.002726	8685.456295
-94.380000	0.002729	8694.814716
-94.328000	0.002731	8704.165972
-94.276000	0.002734	8713.461783
-94.224000	0.002737	8722.743574
-94.172000	0.002740	8731.966321
-94.120000	0.002743	8741.172232
-94.068000	0.002745	8750.332371
-94.016000	0.002748	8759.467202
-93.964000	0.002751	8768.554278
-93.912000	0.002754	8777.612617
-93.860000	0.002756	8786.631859
-93.808000	0.002759	8795.619736
-93.756000	0.002762	8804.576382
-93.704000	0.002765	8813.487712
-93.652000	0.002768	8822.366070
-93.600000	0.002770	8831.203340
-93.548000	0.002773	8840.019099
-93.496000	0.002776	8848.781232
-93.444000	0.002779	8857.523930
-93.392000	0.002782	8866.211576
-93.340000	0.002785	8874.886443
-93.288000	0.002787	8883.496346
-93.236000	0.002790	8892.098152
-93.184000	0.002793	8900.634374
-93.132000	0.002796	8909.165435
-93.080000	0.002799	8917.631473
-93.028000	0.002802	8926.088824
-92.976000	0.002805	8934.481783
-92.924000	0.002807	8942.860410
-92.872000	0.002810	8951.180295
-92.820000	0.002813	8959.481638
-92.768000	0.002816	8967.733672
-92.716000	0.002819	8975.960084
-92.664000	0.002822	8984.139042
-92.612000	0.002825	8992.288972
-92.560000	0.002827	9000.400089
-92.508000	0.002830	9008.474273
-92.456000	0.002833	9016.512321
-92.404000	0.002836	9024.507768
-92.352000	0.002839	9032.472748
-92.300000	0.002842	9040.392913
-92.248000	0.002845	9048.290053
-92.196000	0.002848	9056.133253
-92.144000	0.002851	9063.957322
-92.092000	0.002854	9071.721784
-92.040000	0.002857	9079.472782
-91.988000	0.002860	9087.158501
-91.936000	0.002862	9094.836424
-91.884000	0.002865	9102.448474
-91.832000	0.002868	9110.055112
-91.780000	0.002871	9117.592020
-91.728000	0.002874	9125.119928
-91.676000	0.002877	9132.583750
-91.624000	0.002880	9140.033981
-91.572000	0.002883	9147.429943
-91.520000	0.002886	9154.805615
-91.468000	0.002889	9162.128494
-91.416000	0.002892	9169.423573
-91.364000	0.002895	9176.668130
-91.312000	0.002898	9183.885633
-91.260000	0.002901	9191.067571
-91.208000	0.002904	9198.209592
-91.156000	0.002907	9205.313220
-91.104000	0.002910	9212.377006
-91.052000	0.002913	9219.412785
-91.000000	0.002916	9226.399979
-90.948000	0.002919	9233.362675
-90.896000	0.002922	9240.271120
-90.844000	0.002925	9247.160736
-90.792000	0.002928	9253.990433
-90.740000	0.002931	9260.806968
-90.688000	0.002934	9267.562603
-90.636000	0.002937	9274.311282
-90.584000	0.002940	9280.988707
-90.532000	0.002943	9287.660825
-90.480000	0.002946	9294.268474
-90.428000	0.002949	9300.866812
-90.376000	0.002953	9307.401362
-90.324000	0.002956	9313.920956
-90.272000	0.002959	9320.382411
-90.220000	0.002962	9326.823264
-90.168000	0.002965	9333.211623
-90.116000	0.002968	9339.575616
-90.064000	0.002971	9345.896104
-90.012000	0.002974	9352.186982
-89.960000	0.002977	9358.439613
-89.908000	0.002980	9364.654682
-89.856000	0.002983	9370.834220
-89.804000	0.002987	9376.970531
-89.752000	0.002990	9383.076981
-89.700000	0.002993	9389.138035
-89.648000	0.002996	9395.176626
-89.596000	0.002999	9401.164554
-89.544000	0.003002	9407.135280
-89.492000	0.003005	9413.045775
-89.440000	0.003008	9418.943410
-89.388000	0.003012	9424.779857
-89.336000	0.003015	9430.609628
-89.284000	0.003018	9436.372948
-89.232000	0.003021	9442.130802
-89.180000	0.003024	9447.819529
-89.128000	0.003027	9453.499329
-89.076000	0.003031	9459.120178
-89.024000	0.003034	9464.726859
-88.972000	0.003037	9470.279832
-88.920000	0.003040	9475.813393
-88.868000	0.003043	9481.298489
-88.816000	0.003046	9486.758929
-88.764000	0.003050	9492.176149
-88.712000	0.003053	9497.561157
-88.660000	0.003056	9502.905277
-88.608000	0.003059	9508.216948
-88.556000	0.003063	9513.498428
-88.504000	0.003066	9518.739484
-88.452000	0.003069	9523.953097
-88.400000	0.003072	9529.121020
-88.348000	0.003075	9534.266760
-88.296000	0.003079	9539.361548
-88.244000	0.003082	9544.439416
-88.192000	0.003085	9549.465402
-88.140000	0.003088	9554.480630
-88.088000	0.003092	9559.434380
-88.036000	0.003095	9564.381733
-87.984000	0.003098	9569.262347
-87.932000	0.003102	9574.138093
-87.880000	0.003105	9578.954848
-87.828000	0.003108	9583.762390
-87.776000	0.003111	9588.511258
-87.724000	0.003115	9593.245669
-87.672000	0.003118	9597.926653
-87.620000	0.003121	9602.590981
-87.568000	0.003125	9607.214537
-87.516000	0.003128	9611.813148
-87.464000	0.003131	9616.368823
-87.412000	0.003135	9620.896634
-87.360000	0.003138	9625.389658
-87.308000	0.003141	9629.849964
-87.256000	0.003145	9634.280339
-87.204000	0.003148	9638.670000
-87.152000	0.003151	9643.032498
-87.100000	0.003155	9647.356104
-87.048000	0.003158	9651.661182
-86.996000	0.003161	9655.918965
-86.944000	0.003165	9660.161391
-86.892000	0.003168	9664.351666
-86.840000	0.003171	9668.531441
-86.788000	0.003175	9672.654207
-86.736000	0.003178	9676.771332
-86.684000	0.003182	9680.826587
-86.632000	0.003185	9684.877394
-86.580000	0.003188	9688.874364
-86.528000	0.003192	9692.863305
-86.476000	0.003195	9696.802840
-86.424000	0.003199	9700.728769
-86.372000	0.003202	9704.605642
-86.320000	0.003206	9708.464068
-86.268000	0.003209	9712.278276
-86.216000	0.003212	9716.073095
-86.164000	0.003216	9719.835101
-86.112000	0.003219	9723.568976
-86.060000	0.003223	9727.268326
-86.008000	0.003226	9730.937445
-85.956000	0.003230	9734.579367
-85.904000	0.003233	9738.186603
-85.852000	0.003237	9741.771096
-85.800000	0.003240	9745.316451
-85.748000	0.003244	9748.843516
-85.696000	0.003247	9752.326988
-85.644000	0.003251	9755.796623
-85.592000	0.003254	9759.218212
-85.540000	0.003258	9762.630416
-85.488000	0.003261	9765.994898
-85.436000	0.003265	9769.354903
-85.384000	0.003268	9772.657954
-85.332000	0.003272	9775.956980
-85.280000	0.003275	9779.207277
-85.228000	0.003279	9782.450060
-85.176000	0.003282	9785.648146
-85.124000	0.003286	9788.833525
-85.072000	0.003289	9791.974170
-85.020000	0.003293	9795.099236
-84.968000	0.003297	9798.187669
-84.916000	0.003300	9801.256488
-84.864000	0.003304	9804.292710
-84.812000	0.003307	9807.302907
-84.760000	0.003311	9810.281693
-84.708000	0.003314	9813.235560
-84.656000	0.003318	9816.167373
-84.604000	0.003322	9819.067436
-84.552000	0.003325	9821.947039
-84.500000	0.003329	9824.794432
-84.448000	0.003332	9827.627061
-84.396000	0.003336	9830.415850
-84.344000	0.003340	9833.191039
-84.292000	0.003343	9835.931121
-84.240000	0.003347	9838.664563
-84.188000	0.003351	9841.350058
-84.136000	0.003354	9844.031289
-84.084000	0.003358	9846.660527
-84.032000	0.003362	9849.286162
-83.980000	0.003365	9851.868135
-83.928000	0.003369	9854.443152
-83.876000	0.003373	9856.978137
-83.824000	0.003376	9859.503723
-83.772000	0.003380	9861.996947
-83.720000	0.003384	9864.474368
-83.668000	0.003387	9866.915374
-83.616000	0.003391	9869.338535
-83.564000	0.003395	9871.732553
-83.512000	0.003399	9874.107489
-83.460000	0.003402	9876.459753
-83.408000	0.003406	9878.786895
-83.356000	0.003410	9881.092177
-83.304000	0.003413	9883.368690
-83.252000	0.003417	9885.626985
-83.200000	0.003421	9887.856476
-83.148000	0.003425	9890.073017
-83.096000	0.003429	9892.257513
-83.044000	0.003432	9894.432299
-82.992000	0.003436	9896.571797
-82.940000	0.003440	9898.704825
-82.888000	0.003444	9900.794506
-82.836000	0.003447	9902.880549
-82.784000	0.003451	9904.924830
-82.732000	0.003455	9906.966336
-82.680000	0.003459	9908.974023
-82.628000	0.003463	9910.975355
-82.576000	0.003467	9912.941269
-82.524000	0.003470	9914.897607
-82.472000	0.003474	9916.821778
-82.420000	0.003478	9918.733140
-82.368000	0.003482	9920.615513
-82.316000	0.003486	9922.483874
-82.264000	0.003490	9924.329735
-82.212000	0.003493	9926.156333
-82.160000	0.003497	9927.960430
-82.108000	0.003501	9929.744844
-82.056000	0.003505	9931.512405
-82.004000	0.003509	9933.257461
-81.952000	0.003513	9934.988514
-81.900000	0.003517	9936.694195
-81.848000	0.003521	9938.388684
-81.796000	0.003525	9940.054997
-81.744000	0.003529	9941.712977
-81.692000	0.003533	9943.335469
-81.640000	0.003536	9944.951654
-81.588000	0.003540	9946.538836
-81.536000	0.003544	9948.123644
-81.484000	0.003548	9949.677187
-81.432000	0.003552	9951.227423
-81.380000	0.003556	9952.739189
-81.328000	0.003560	9954.246897
-81.276000	0.003564	9955.732575
-81.224000	0.003568	9957.208496
-81.172000	0.003572	9958.652399
-81.120000	0.003576	9960.088218
-81.068000	0.003580	9961.506062
-81.016000	0.003584	9962.909722
-80.964000	0.003588	9964.290992
-80.912000	0.003592	9965.657709
-80.860000	0.003596	9967.007696
-80.808000	0.003600	9968.340676
-80.756000	0.003604	9969.659324
-80.704000	0.003608	9970.958557
-80.652000	0.003613	9972.245921
-80.600000	0.003617	9973.511423
-80.548000	0.003621	9974.767475
-80.496000	0.003625	9976.003288
-80.444000	0.003629	9977.233256
-80.392000	0.003633	9978.436498
-80.340000	0.003637	9979.635153
-80.288000	0.003641	9980.804649
-80.236000	0.003645	9981.971801
-80.184000	0.003649	9983.113032
-80.132000	0.003654	9984.251665
-80.080000	0.003658	9985.361550
-80.028000	0.003662	9986.468109
-79.976000	0.003666	9987.557130
-79.924000	0.003670	9988.638718
-79.872000	0.003674	9989.696444
-79.820000	0.003678	9990.745965
-79.768000	0.003683	9991.777572
-79.716000	0.003687	9992.796911
-79.664000	0.003691	9993.797225
-79.612000	0.003695	9994.787764
-79.560000	0.003699	9995.767221
-79.508000	0.003704	9996.735278
-79.456000	0.003708	9997.693878
-79.404000	0.003712	9998.632900
-79.352000	0.003716	9999.560155
-79.300000	0.003721	10000.472776
-79.248000	0.003725	10001.379201
-79.196000	0.003729	10002.265274
-79.144000	0.003733	10003.145610
-79.092000	0.003738	10004.008047
-79.040000	0.003742	10004.867524
-78.988000	0.003746	10005.702593
-78.936000	0.003751	10006.535741
-78.884000	0.003755	10007.348221
-78.832000	0.003759	10008.158894
-78.780000	0.003764	10008.950532
-78.728000	0.003768	10009.737887
-78.676000	0.003772	10010.503400
-78.624000	0.003777	10011.265159
-78.572000	0.003781	10012.015036
-78.520000	0.003785	10012.756598
-78.468000	0.003790	10013.480378
-78.416000	0.003794	10014.197993
-78.364000	0.003798	10014.906164
-78.312000	0.003803	10015.604458
-78.260000	0.003807	10016.291740
-78.208000	0.003812	10016.967530
-78.156000	0.003816	10017.633949
-78.104000	0.003820	10018.290556
-78.052000	0.003825	10018.941370
-78.000000	0.003829	10019.573732
-77.948000	0.003834	10020.198425
-77.896000	0.003838	10020.814952
-77.844000	0.003843	10021.429241
-77.792000	0.003847	10022.025561
-77.740000	0.003852	10022.619013
-77.688000	0.003856	10023.192831
-77.636000	0.003861	10023.765228
-77.584000	0.003865	10024.327361
-77.532000	0.003870	10024.887602
-77.480000	0.003874	10025.428839
-77.428000	0.003879	10025.967460
-77.376000	0.003883	10026.493082
-77.324000	0.003888	10027.013583
-77.272000	0.003892	10027.518305
-77.220000	0.003897	10028.019698
-77.168000	0.003901	10028.514036
-77.116000	0.003906	10029.002125
-77.064000	0.003911	10029.480795
-77.012000	0.003915	10029.952010
-76.960000	0.003920	10030.415043
-76.908000	0.003924	10030.869413
-76.856000	0.003929	10031.316836
-76.804000	0.003934	10031.757664
-76.752000	0.003938	10032.194651
-76.700000	0.003943	10032.620539
-76.648000	0.003948	10033.041916
-76.596000	0.003952	10033.450941
-76.544000	0.003957	10033.856651
-76.492000	0.003962	10034.253332
-76.440000	0.003966	10034.648633
-76.388000	0.003971	10035.029183
-76.336000	0.003976	10035.408665
-76.284000	0.003981	10035.777877
-76.232000	0.003985	10036.145606
-76.180000	0.003990	10036.499167
-76.128000	0.003995	10036.851866
-76.076000	0.004000	10037.200239
-76.024000	0.004004	10037.544721
-75.972000	0.004009	10037.877448
-75.920000	0.004014	10038.205075
-75.868000	0.004019	10038.522157
-75.816000	0.004024	10038.837174
-75.764000	0.004029	10039.149070
-75.712000	0.004033	10039.455970
-75.660000	0.004038	10039.757455
-75.608000	0.004043	10040.050196
-75.556000	0.004048	10040.336039
-75.504000	0.004053	10040.618588
-75.452000	0.004058	10040.899248
-75.400000	0.004063	10041.172465
-75.348000	0.004068	10041.442712
-75.296000	0.004073	10041.704699
-75.244000	0.004077	10041.964533
-75.192000	0.004082	10042.215272
-75.140000	0.004087	10042.464664
-75.088000	0.004092	10042.704189
-75.036000	0.004097	10042.943070
-74.984000	0.004102	10043.176826
-74.932000	0.004107	10043.409562
-74.880000	0.004112	10043.632920
-74.828000	0.004117	10043.854459
-74.776000	0.004122	10044.067369
-74.724000	0.004127	10044.278993
-74.672000	0.004133	10044.486713
-74.620000	0.004138	10044.692751
-74.568000	0.004143	10044.895308
-74.516000	0.004148	10045.093623
-74.464000	0.004153	10045.285734
-74.412000	0.004158	10045.472801
-74.360000	0.004163	10045.654496
-74.308000	0.004168	10045.833272
-74.256000	0.004173	10046.009753
-74.204000	0.004179	10046.182930
-74.152000	0.004184	10046.354251
-74.100000	0.004189	10046.521843
-74.048000	0.004194	10046.687977
-73.996000	0.004199	10046.845788
-73.944000	0.004205	10047.001477
-73.892000	0.004210	10047.152634
-73.840000	0.004215	10047.303163
-73.788000	0.004220	10047.448707
-73.736000	0.004226	10047.593873
-73.684000	0.004231	10047.733958
-73.632000	0.004236	10047.873532
-73.580000	0.004242	10048.008422
-73.528000	0.004247	10048.142401
-73.476000	0.004252	10048.272097
-73.424000	0.004258	10048.399122
-73.372000	0.004263	10048.518393
-73.320000	0.004269	10048.637715
-73.268000	0.004274	10048.757023
-73.216000	0.004279	10048.874207
-73.164000	0.004285	10048.988294
-73.112000	0.004290	10049.097289
-73.060000	0.004296	10049.200957
-73.008000	0.004301	10049.304678
-72.956000	0.004307	10049.408413
-72.904000	0.004312	10049.508789
-72.852000	0.004318	10049.607305
-72.800000	0.004323	10049.705849
-72.748000	0.004329	10049.804403
-72.696000	0.004335	10049.894588
-72.644000	0.004340	10049.982693
-72.592000	0.004346	10050.070833
-72.540000	0.004352	10050.159005
-72.488000	0.004357	10050.242166
-72.436000	0.004363	10050.324949
-72.384000	0.004369	10050.402696
-72.332000	0.004374	10050.480483
-72.280000	0.004380	10050.558237
-72.228000	0.004386	10050.635056
-72.176000	0.004392	10050.707611
-72.124000	0.004397	10050.778827
-72.072000	0.004403	10050.846157
-72.020000	0.004409	10050.913539
-71.968000	0.004415	10050.980929
-71.916000	0.004421	10051.046171
-71.864000	0.004427	10051.108338
-71.812000	0.004432	10051.170550
-71.760000	0.004438	10051.232753
-71.708000	0.004444	10051.291998
-71.656000	0.004450	10051.349007
-71.604000	0.004456	10051.402647
-71.552000	0.004462	10051.454461
-71.500000	0.004468	10051.506300
-71.448000	0.004474	10051.558150
-71.396000	0.004480	10051.609999
-71.344000	0.004486	10051.661855
-71.292000	0.004493	10051.709111
-71.240000	0.004499	10051.755773
-71.188000	0.004505	10051.802439
-71.136000	0.004511	10051.848944
-71.084000	0.004517	10051.890408
-71.032000	0.004523	10051.931908
-70.980000	0.004530	10051.973400
-70.928000	0.004536	10052.013932
-70.876000	0.004542	10052.050195
-70.824000	0.004549	10052.087903
-70.772000	0.004555	10052.129424
-70.720000	0.004561	10052.169184
-70.668000	0.004568	10052.205506
-70.616000	0.004574	10052.239654
-70.564000	0.004581	10052.270750
-70.512000	0.004587	10052.301897
-70.460000	0.004594	10052.333052
-70.408000	0.004600	10052.364231
-70.356000	0.004607	10052.395391
-70.304000	0.004613	10052.426580
-70.252000	0.004620	10052.457772
-70.200000	0.004627	10052.485144
-70.148000	0.004633	10052.511111
-70.096000	0.004640	10052.537112
-70.044000	0.004647	10052.563137
-69.992000	0.004654	10052.589152
-69.940000	0.004660	10052.615181
-69.888000	0.004667	10052.641213
-69.836000	0.004674	10052.667061
-69.784000	0.004681	10052.687864
-69.732000	0.004688	10052.708697
-69.680000	0.004695	10052.729548
-69.628000	0.004702	10052.751457
-69.576000	0.004709	10052.777536
-69.524000	0.004716	10052.800808
-69.472000	0.004723	10052.816454
-69.420000	0.004731	10052.833965
-69.368000	0.004738	10052.854840
-69.316000	0.004745	10052.875757
-69.264000	0.004752	10052.896660
-69.212000	0.004760	10052.914966
-69.160000	0.004767	10052.930668
-69.108000	0.004774	10052.946404
-69.056000	0.004782	10052.962136
-69.004000	0.004789	10052.977880
-68.952000	0.004797	10052.993613
-68.900000	0.004805	10053.009366
-68.848000	0.004812	10053.025128
-68.796000	0.004820	10053.040904
-68.744000	0.004828	10053.056694
-68.692000	0.004835	10053.067836
-68.640000	0.004843	10053.078425
-68.588000	0.004851	10053.094052
-68.536000	0.004859	10053.109636
-68.484000	0.004867	10053.120221
-68.432000	0.004875	10053.131475
-68.380000	0.004883	10053.147284
-68.328000	0.004891	10053.162086
-68.276000	0.004899	10053.172688
-68.224000	0.004908	10053.183327
-68.172000	0.004916	10053.193952
-68.120000	0.004924	10053.204617
-68.068000	0.004933	10053.215265
-68.016000	0.004941	10053.225946
-67.964000	0.004950	10053.236592
-67.912000	0.004958	10053.247274
-67.860000	0.004967	10053.257947
-67.808000	0.004976	10053.268638
-67.756000	0.004984	10053.279309
-67.704000	0.004993	10053.290019
-67.652000	0.005002	10053.300744
-67.600000	0.005011	10053.307585
-67.548000	0.005020	10053.313050
-67.496000	0.005029	10053.322821
-67.444000	0.005039	10053.333569
-67.392000	0.005048	10053.344303
-67.340000	0.005057	10053.355049
-67.288000	0.005067	10053.360714
-67.236000	0.005076	10053.366512
-67.184000	0.005086	10053.377252
-67.132000	0.005095	10053.387361
-67.080000	0.005105	10053.392889
-67.028000	0.005115	10053.398450
-66.976000	0.005125	10053.403998
-66.924000	0.005135	10053.411046
-66.872000	0.005145	10053.421817
-66.820000	0.005155	10053.430753
-66.768000	0.005165	10053.436315
-66.716000	0.005176	10053.441915
-66.664000	0.005186	10053.447500
-66.612000	0.005197	10053.453108
-66.560000	0.005207	10053.458689
-66.508000	0.005218	10053.464298
-66.456000	0.005229	10053.469903
-66.404000	0.005240	10053.475515
-66.352000	0.005251	10053.481115
-66.300000	0.005262	10053.486731
-66.248000	0.005273	10053.492355
-66.196000	0.005284	10053.497988
-66.144000	0.005296	10053.503634
-66.092000	0.005307	10053.509264
-66.040000	0.005319	10053.514905
-65.988000	0.005331	10053.520545
-65.936000	0.005342	10053.526209
-65.884000	0.005354	10053.531840
-65.832000	0.005366	10053.537498
-65.780000	0.005379	10053.543143
-65.728000	0.005391	10053.547736
-65.676000	0.005403	10053.548170
-65.624000	0.005416	10053.550124
-65.572000	0.005428	10053.555778
-65.520000	0.005441	10053.561462
-65.468000	0.005454	10053.567107
-65.416000	0.005467	10053.570499
-65.364000	0.005480	10053.570963
-65.312000	0.005494	10053.574138
-65.260000	0.005507	10053.579798
-65.208000	0.005520	10053.585495
-65.156000	0.005534	10053.591203
-65.104000	0.005548	10053.593407
-65.052000	0.005562	10053.593879
-65.000000	0.005576	10053.594347
-64.948000	0.005590	10053.594812
-64.896000	0.005604	10053.599602
-64.844000	0.005618	10053.605316
-64.792000	0.005633	10053.606312
-64.740000	0.005647	10053.606817
-64.688000	0.005662	10053.612421
-64.636000	0.005677	10053.617849
-64.584000	0.005692	10053.618338
-64.532000	0.005707	10053.618854
-64.480000	0.005722	10053.619330
-64.428000	0.005737	10053.619835
-64.376000	0.005753	10053.620299
-64.324000	0.005768	10053.620799
-64.272000	0.005784	10053.621307
-64.220000	0.005800	10053.621836
-64.168000	0.005815	10053.622305
-64.116000	0.005831	10053.622815
-64.064000	0.005847	10053.623330
-64.012000	0.005864	10053.623852
-63.960000	0.005880	10053.624330
-63.908000	0.005896	10053.624844
-63.856000	0.005912	10053.625369
-63.804000	0.005929	10053.625881
-63.752000	0.005945	10053.626369
-63.700000	0.005962	10053.626886
-63.648000	0.005979	10053.627419
-63.596000	0.005995	10053.623601
-63.544000	0.006012	10053.618895
-63.492000	0.006029	10053.618912
-63.440000	0.006046	10053.619426
-63.388000	0.006062	10053.619936
-63.336000	0.006079	10053.620146
-63.284000	0.006096	10053.615413
-63.232000	0.006113	10053.611430
-63.180000	0.006130	10053.611936
-63.128000	0.006147	10053.611341
-63.076000	0.006164	10053.606605
-63.024000	0.006181	10053.601894
-62.972000	0.006198	10053.597144
-62.920000	0.006214	10053.594368
-62.868000	0.006231	10053.594890
-62.816000	0.006248	10053.593084
-62.764000	0.006265	10053.588336
-62.712000	0.006281	10053.583615
-62.660000	0.006298	10053.578884
-62.608000	0.006314	10053.574174
-62.556000	0.006330	10053.569460
-62.504000	0.006347	10053.564746
-62.452000	0.006363	10053.560020
-62.400000	0.006379	10053.555287
-62.348000	0.006395	10053.550549
-62.296000	0.006410	10053.545816
-62.244000	0.006426	10053.541094
-62.192000	0.006441	10053.536351
-62.140000	0.006457	10053.531616
-62.088000	0.006472	10053.526877
-62.036000	0.006487	10053.521815
-61.984000	0.006501	10053.511831
-61.932000	0.006516	10053.502617
-61.880000	0.006530	10053.497870
-61.828000	0.006544	10053.493150
-61.776000	0.006558	10053.488387
-61.724000	0.006571	10053.482099
-61.672000	0.006585	10053.472120
-61.620000	0.006598	10053.462156
-61.568000	0.006611	10053.452133
-61.516000	0.006623	10053.444511
-61.464000	0.006636	10053.439760
-61.412000	0.006647	10053.432244
-61.360000	0.006659	10053.422223
-61.308000	0.006671	10053.412233
-61.256000	0.006682	10053.402253
-61.204000	0.006693	10053.392257
-61.152000	0.006703	10053.382235
-61.100000	0.006714	10053.372223
-61.048000	0.006724	10053.362216
-60.996000	0.006733	10053.352193
-60.944000	0.006743	10053.342171
-60.892000	0.006751	10053.332149
-60.840000	0.006760	10053.322141
-60.788000	0.006768	10053.312103
-60.736000	0.006777	10053.302081
-60.684000	0.006784	10053.292048
-60.632000	0.006792	10053.282038
-60.580000	0.006799	10053.271958
-60.528000	0.006805	10053.260734
-60.476000	0.006812	10053.245462
-60.424000	0.006818	10053.231785
-60.372000	0.006824	10053.221697
-60.320000	0.006829	10053.209657
-60.268000	0.006834	10053.194350
-60.216000	0.006839	10053.181446
-60.164000	0.006844	10053.171354
-60.112000	0.006848	10053.158495
-60.060000	0.006852	10053.143185
-60.008000	0.006855	10053.127880
-59.956000	0.006859	10053.112555
-59.904000	0.006861	10053.100838
-59.852000	0.006864	10053.090755
-59.800000	0.006867	10053.076644
-59.748000	0.006869	10053.061288
-59.696000	0.006871	10053.045934
-59.644000	0.006872	10053.030589
-59.592000	0.006874	10053.015242
-59.540000	0.006875	10052.999909
-59.488000	0.006876	10052.984545
-59.436000	0.006876	10052.969195
-59.384000	0.006877	10052.953808
-59.332000	0.006877	10052.938442
-59.280000	0.006877	10052.923032
-59.228000	0.006877	10052.907647
-59.176000	0.006877	10052.892245
-59.124000	0.006876	10052.875267
-59.072000	0.006875	10052.854616
-59.020000	0.006874	10052.835987
-58.968000	0.006873	10052.820548
-58.916000	0.006872	10052.805133
-58.864000	0.006871	10052.789704
-58.812000	0.006870	10052.771474
-58.760000	0.006868	10052.750798
-58.708000	0.006866	10052.733339
-58.656000	0.006865	10052.717875
-58.604000	0.006863	10052.702423
-58.552000	0.006861	10052.686969
-58.500000	0.006859	10052.667482
-58.448000	0.006857	10052.646782
-58.396000	0.006855	10052.630489
-58.344000	0.006853	10052.615000
-58.292000	0.006850	10052.594656
-58.240000	0.006848	10052.573920
-58.188000	0.006846	10052.553176
-58.136000	0.006844	10052.532858
-58.084000	0.006841	10052.517322
-58.032000	0.006839	10052.500994
-57.980000	0.006837	10052.480232
-57.928000	0.006835	10052.459489
-57.876000	0.006833	10052.438679
-57.824000	0.006831	10052.417893
-57.772000	0.006828	10052.397090
-57.720000	0.006826	10052.378327
-57.668000	0.006824	10052.362733
-57.616000	0.006822	10052.344734
-57.564000	0.006821	10052.323919
-57.512000	0.006819	10052.303100
-57.460000	0.006817	10052.282238
-57.408000	0.006815	10052.261390
-57.356000	0.006814	10052.240537
-57.304000	0.006812	10052.219693
-57.252000	0.006811	10052.198849
-57.200000	0.006810	10052.177974
-57.148000	0.006808	10052.157082
-57.096000	0.006807	10052.136190
-57.044000	0.006806	10052.115307
-56.992000	0.006805	10052.094397
-56.940000	0.006805	10052.073494
-56.888000	0.006804	10052.052559
-56.836000	0.006803	10052.031636
-56.784000	0.006803	10052.010673
-56.732000	0.006803	10051.989730
-56.680000	0.006802	10051.968770
-56.628000	0.006802	10051.947830
-56.576000	0.006802	10051.926847
-56.524000	0.006803	10051.905882
-56.472000	0.006803	10051.884878
-56.420000	0.006803	10051.863889
-56.368000	0.006804	10051.842861
-56.316000	0.006805	10051.821856
-56.264000	0.006805	10051.800836
-56.212000	0.006806	10051.779822
-56.160000	0.006807	10051.758782
-56.108000	0.006809	10051.737741
-56.056000	0.006810	10051.716680
-56.004000	0.006811	10051.695612
-55.952000	0.006813	10051.674530
-55.900000	0.006815	10051.653434
-55.848000	0.006816	10051.632331
-55.796000	0.006818	10051.611228
-55.744000	0.006820	10051.590132
-55.692000	0.006823	10051.568987
-55.640000	0.006825	10051.547842
-55.588000	0.006827	10051.526687
-55.536000	0.006830	10051.505549
-55.484000	0.006833	10051.484396
-55.432000	0.006835	10051.463262
-55.380000	0.006838	10051.442056
-55.328000	0.006841	10051.422129
-55.276000	0.006844	10051.406129
-55.224000	0.006848	10051.388487
-55.172000	0.006851	10051.367261
-55.120000	0.006855	10051.346050
-55.068000	0.006858	10051.324801
-55.016000	0.006862	10051.303563
-54.964000	0.006866	10051.282292
-54.912000	0.006870	10051.261025
-54.860000	0.006874	10051.239731
-54.808000	0.006878	10051.221729
-54.756000	0.006882	10051.205671
-54.704000	0.006886	10051.185905
-54.652000	0.006891	10051.164568
-54.600000	0.006895	10051.143233
-54.548000	0.006900	10051.121901
-54.496000	0.006905	10051.105038
-54.444000	0.006910	10051.088912
-54.392000	0.006915	10051.067864
-54.340000	0.006920	10051.046556
-54.288000	0.006925	10051.030373
-54.236000	0.006930	10051.013729
-54.184000	0.006935	10050.992313
-54.132000	0.006941	10050.971793
-54.080000	0.006946	10050.955554
-54.028000	0.006952	10050.938053
-53.976000	0.006957	10050.916586
-53.924000	0.006963	10050.896815
-53.872000	0.006969	10050.880525
-53.820000	0.006975	10050.864255
-53.768000	0.006981	10050.847968
-53.716000	0.006987	10050.829196
-53.664000	0.006993	10050.807656
-53.612000	0.006999	10050.789027
-53.560000	0.007005	10050.772722
-53.508000	0.007012	10050.756398
-53.456000	0.007018	10050.740040
-53.404000	0.007024	10050.723672
-53.352000	0.007031	10050.707291
-53.300000	0.007038	10050.690911
-53.248000	0.007044	10050.674534
-53.196000	0.007051	10050.658133
-53.144000	0.007058	10050.641732
-53.092000	0.007065	10050.625279
-53.040000	0.007072	10050.608826
-52.988000	0.007079	10050.592362
-52.936000	0.007086	10050.576408
-52.884000	0.007093	10050.565146
-52.832000	0.007100	10050.553001
-52.780000	0.007107	10050.536480
-52.728000	0.007115	10050.519979
-52.676000	0.007122	10050.503460
-52.624000	0.007130	10050.488657
-52.572000	0.007137	10050.477313
-52.520000	0.007145	10050.463869
-52.468000	0.007152	10050.447271
-52.416000	0.007160	10050.433204
-52.364000	0.007168	10050.421837
-52.312000	0.007175	10050.410460
-52.260000	0.007183	10050.399041
-52.208000	0.007191	10050.384307
-52.156000	0.007199	10050.367662
-52.104000	0.007207	10050.354731
-52.052000	0.007215	10050.343290
-52.000000	0.007223	10050.331831
-51.948000	0.007231	10050.320364
-51.896000	0.007240	10050.308874
-51.844000	0.007248	10050.297382
-51.792000	0.007256	10050.285860
-51.740000	0.007264	10050.274343
-51.688000	0.007273	10050.262789
-51.636000	0.007281	10050.251246
-51.584000	0.007290	10050.239661
-51.532000	0.007298	10050.229012
-51.480000	0.007307	10050.222627
-51.428000	0.007315	10050.214935
-51.376000	0.007324	10050.203320
-51.324000	0.007333	10050.193441
-51.272000	0.007341	10050.187000
-51.220000	0.007350	10050.178437
-51.168000	0.007359	10050.166740
-51.116000	0.007368	10050.152521
-51.064000	0.007377	10050.135595
-51.012000	0.007386	10050.142198
-50.960000	0.007395	10050.167084
-50.908000	0.007404	10050.158500
-50.856000	0.007413	10050.131036
-50.804000	0.007422	10050.103575
-50.752000	0.007431	10050.076112
-50.700000	0.007440	10050.090158
-50.648000	0.007449	10050.114965
-50.596000	0.007458	10050.094159
-50.544000	0.007468	10050.066615
-50.492000	0.007477	10050.088670
-50.440000	0.007486	10050.112074
-50.388000	0.007496	10050.084494
-50.336000	0.007505	10050.056925
-50.284000	0.007515	10050.029313
-50.232000	0.007524	10050.011144
-50.180000	0.007534	10050.035798
-50.128000	0.007543	10050.046995
-50.076000	0.007553	10050.019324
-50.024000	0.007562	10050.009172
-49.972000	0.007572	10050.033768
-49.920000	0.007582	10050.036824
-49.868000	0.007592	10050.009095
-49.816000	0.007601	10050.006960
-49.764000	0.007611	10050.031501
-49.712000	0.007621	10050.026424
-49.660000	0.007631	10049.998668
-49.608000	0.007641	10050.004559
-49.556000	0.007651	10050.029044
-49.504000	0.007661	10050.015810
-49.452000	0.007671	10049.987973
-49.400000	0.007681	10050.001862
-49.348000	0.007691	10050.026293
-49.296000	0.007701	10050.004932
-49.244000	0.007711	10049.977067
-49.192000	0.007721	10049.998973
-49.140000	0.007731	10050.021780
-49.088000	0.007742	10049.993821
-49.036000	0.007752	10049.971481
-48.984000	0.007762	10049.995812
-48.932000	0.007772	10050.010508
-48.880000	0.007783	10049.982484
-48.828000	0.007793	10049.968164
-48.776000	0.007804	10049.992435
-48.724000	0.007814	10049.998983
-48.672000	0.007825	10049.970900
-48.620000	0.007835	10049.964591
-48.568000	0.007846	10049.988775
-48.516000	0.007856	10049.987166
-48.464000	0.007867	10049.959054
-48.412000	0.007877	10049.960772
-48.360000	0.007888	10049.984899
-48.308000	0.007899	10050.009032
-48.256000	0.007909	10050.033158
-48.204000	0.007920	10050.019330
-48.152000	0.007931	10049.991104
-48.100000	0.007942	10050.004840
-48.048000	0.007952	10050.028910
-47.996000	0.007963	10050.006928
-47.944000	0.007974	10049.978645
-47.892000	0.007985	10050.000396
-47.840000	0.007996	10050.024408
-47.788000	0.008007	10050.048382
-47.736000	0.008018	10050.066539
-47.684000	0.008029	10050.038155
-47.632000	0.008040	10050.019650
-47.580000	0.008051	10050.043556
-47.528000	0.008062	10050.067471
-47.476000	0.008073	10050.091319
-47.424000	0.008085	10050.097238
-47.372000	0.008096	10050.068787
-47.320000	0.008107	10050.062319
-47.268000	0.008118	10050.086107
-47.216000	0.008130	10050.083883
-47.164000	0.008141	10050.055373
-47.112000	0.008152	10050.056910
-47.060000	0.008164	10050.080639
-47.008000	0.008175	10050.104372
-46.956000	0.008186	10050.128100
-46.904000	0.008198	10050.113669
-46.852000	0.008209	10050.085070
-46.800000	0.008221	10050.098614
-46.748000	0.008232	10050.122255
-46.696000	0.008244	10050.145888
-46.644000	0.008256	10050.169527
-46.592000	0.008267	10050.142848
-46.540000	0.008279	10050.116138
-46.488000	0.008290	10050.139704
-46.436000	0.008302	10050.163283
-46.384000	0.008314	10050.186817
-46.332000	0.008326	10050.210362
-46.280000	0.008337	10050.233835
-46.228000	0.008349	10050.243201
-46.176000	0.008361	10050.214374
-46.124000	0.008373	10050.203712
-46.072000	0.008385	10050.227123
-46.020000	0.008397	10050.250546
-45.968000	0.008409	10050.273954
-45.916000	0.008421	10050.271110
-45.864000	0.008433	10050.242163
-45.812000	0.008445	10050.243504
-45.760000	0.008457	10050.266851
-45.708000	0.008469	10050.290172
-45.656000	0.008481	10050.313461
-45.604000	0.008493	10050.298389
-45.552000	0.008505	10050.269380
-45.500000	0.008517	10050.282747
-45.448000	0.008530	10050.306002
-45.396000	0.008542	10050.329208
-45.344000	0.008554	10050.352406
-45.292000	0.008567	10050.375592
-45.240000	0.008579	10050.396564
-45.188000	0.008591	10050.367397
-45.136000	0.008604	10050.344499
-45.084000	0.008616	10050.367616
-45.032000	0.008629	10050.390744
-44.980000	0.008641	10050.413801
-44.928000	0.008653	10050.422531
-44.876000	0.008666	10050.393286
-44.824000	0.008679	10050.382430
-44.772000	0.008691	10050.405450
-44.720000	0.008704	10050.428466
-44.668000	0.008716	10050.451427
-44.616000	0.008729	10050.474397
-44.564000	0.008742	10050.497354
-44.512000	0.008755	10050.489794
-44.460000	0.008767	10050.460396
-44.408000	0.008780	10050.465539
-44.356000	0.008793	10050.488434
-44.304000	0.008806	10050.511294
-44.252000	0.008819	10050.534130
-44.200000	0.008831	10050.556962
-44.148000	0.008844	10050.579794
-44.096000	0.008857	10050.555940
-44.044000	0.008870	10050.526444
-43.992000	0.008883	10050.547588
-43.940000	0.008896	10050.570329
-43.888000	0.008909	10050.593056
-43.836000	0.008923	10050.615794
-43.784000	0.008936	10050.638485
-43.732000	0.008949	10050.650667
-43.680000	0.008962	10050.621001
-43.628000	0.008975	10050.605906
-43.576000	0.008988	10050.628531
-43.524000	0.009002	10050.651162
-43.472000	0.009015	10050.673754
-43.420000	0.009028	10050.673702
-43.368000	0.009042	10050.643938
-43.316000	0.009055	10050.640859
-43.264000	0.009068	10050.663387
-43.212000	0.009082	10050.685906
-43.160000	0.009095	10050.708402
-43.108000	0.009109	10050.730884
-43.056000	0.009122	10050.753348
-43.004000	0.009136	10050.736980
-42.952000	0.009149	10050.707088
-42.900000	0.009163	10050.720025
-42.848000	0.009177	10050.742424
-42.796000	0.009190	10050.764794
-42.744000	0.009204	10050.787161
-42.692000	0.009218	10050.758578
-42.640000	0.009232	10050.731274
-42.588000	0.009245	10050.753568
-42.536000	0.009259	10050.775870
-42.484000	0.009273	10050.798126
-42.432000	0.009287	10050.820392
-42.380000	0.009301	10050.842613
-42.328000	0.009315	10050.850067
-42.276000	0.009329	10050.819958
-42.224000	0.009343	10050.808672
-42.172000	0.009357	10050.830826
-42.120000	0.009371	10050.852982
-42.068000	0.009385	10050.875103
-42.016000	0.009399	10050.870326
-41.964000	0.009413	10050.840118
-41.912000	0.009427	10050.840849
-41.860000	0.009442	10050.862933
-41.808000	0.009456	10050.884987
-41.756000	0.009470	10050.907010
-41.704000	0.009484	10050.929014
-41.652000	0.009499	10050.951004
-41.600000	0.009513	10050.929935
-41.548000	0.009527	10050.899623
-41.496000	0.009542	10050.916354
-41.444000	0.009556	10050.938278
-41.392000	0.009571	10050.960189
-41.340000	0.009585	10050.979232
-41.288000	0.009600	10050.948814
-41.236000	0.009614	10050.925319
-41.184000	0.009629	10050.947131
-41.132000	0.009644	10050.968954
-41.080000	0.009658	10050.990758
-41.028000	0.009673	10050.997575
-40.976000	0.009688	10050.967049
-40.924000	0.009702	10050.955562
-40.872000	0.009717	10050.977297
-40.820000	0.009732	10050.999034
-40.768000	0.009747	10051.020736
-40.716000	0.009762	10051.015321
-40.664000	0.009777	10050.984693
-40.612000	0.009792	10050.985209
-40.560000	0.009807	10051.006844
-40.508000	0.009822	10051.028480
-40.456000	0.009837	10051.050109
-40.404000	0.009852	10051.032470
-40.352000	0.009867	10051.001742
-40.300000	0.009882	10051.014279
-40.248000	0.009897	10051.035842
-40.196000	0.009912	10051.010063
-40.144000	0.009928	10050.979296
-40.092000	0.009943	10050.999819
-40.040000	0.009958	10051.021287
-39.988000	0.009974	10051.042738
-39.936000	0.009989	10051.057066
-39.884000	0.010004	10051.026184
-39.832000	0.010020	10051.006487
-39.780000	0.010035	10051.027894
-39.728000	0.010051	10051.049303
-39.676000	0.010066	10051.070648
-39.624000	0.010082	10051.072750
-39.572000	0.010098	10051.041791
-39.520000	0.010113	10051.034115
-39.468000	0.010129	10051.055390
-39.416000	0.010144	10051.049340
-39.364000	0.010160	10051.018313
-39.312000	0.010176	10051.018646
-39.260000	0.010192	10051.039881
-39.208000	0.010208	10051.061101
-39.156000	0.010223	10051.082302
-39.104000	0.010239	10051.064033
-39.052000	0.010255	10051.032903
-39.000000	0.010271	10051.045256
-38.948000	0.010287	10051.066417
-38.896000	0.010303	10051.039996
-38.844000	0.010319	10051.008799
-38.792000	0.010336	10051.029156
-38.740000	0.010352	10051.046936
-38.688000	0.010368	10051.015690
-38.636000	0.010384	10050.991802
-38.584000	0.010400	10051.012840
-38.532000	0.010417	10051.033885
-38.480000	0.010433	10051.054860
-38.428000	0.010449	10051.060415
-38.376000	0.010466	10051.029086
-38.324000	0.010482	10051.017229
-38.272000	0.010498	10051.038161
-38.220000	0.010515	10051.035583
-38.168000	0.010531	10051.004184
-38.116000	0.010548	10051.000328
-38.064000	0.010565	10051.021190
-38.012000	0.010581	10051.010467
-37.960000	0.010598	10050.979027
-37.908000	0.010615	10050.983183
-37.856000	0.010631	10051.003976
-37.804000	0.010648	10050.985098
-37.752000	0.010665	10050.953588
-37.700000	0.010682	10050.965778
-37.648000	0.010699	10050.986557
-37.596000	0.010716	10051.007284
-37.544000	0.010733	10051.028001
-37.492000	0.010750	10050.996918
-37.440000	0.010767	10050.968861
-37.388000	0.010784	10050.989529
-37.336000	0.010801	10051.002635
-37.284000	0.010818	10050.970994
-37.232000	0.010835	10050.950971
-37.180000	0.010852	10050.971590
-37.128000	0.010870	10050.976567
-37.076000	0.010887	10050.944854
-37.024000	0.010904	10050.932831
-36.972000	0.010922	10050.953379
-36.920000	0.010939	10050.950207
-36.868000	0.010956	10050.918451
-36.816000	0.010974	10050.914456
-36.764000	0.010991	10050.934961
-36.712000	0.011009	10050.923649
-36.660000	0.011026	10050.891823
-36.608000	0.011044	10050.895841
-36.556000	0.011062	10050.916304
-36.504000	0.011080	10050.896860
-36.452000	0.011097	10050.864993
-36.400000	0.011115	10050.877022
-36.348000	0.011133	10050.897414
-36.296000	0.011151	10050.869832
-36.244000	0.011169	10050.837921
-36.192000	0.011187	10050.857976
-36.140000	0.011205	10050.874579
-36.088000	0.011223	10050.842615
-36.036000	0.011241	10050.818448
-35.984000	0.011259	10050.838743
-35.932000	0.011277	10050.847219
-35.880000	0.011295	10050.815182
-35.828000	0.011313	10050.799020
-35.776000	0.011331	10050.819270
-35.724000	0.011350	10050.819616
-35.672000	0.011368	10050.787533
-35.620000	0.011386	10050.779402
-35.568000	0.011405	10050.799608
-35.516000	0.011423	10050.791822
-35.464000	0.011442	10050.759697
-35.412000	0.011460	10050.759583
-35.360000	0.011479	10050.779719
-35.308000	0.011497	10050.763788
-35.256000	0.011516	10050.731619
-35.204000	0.011535	10050.739547
-35.152000	0.011554	10050.759667
-35.100000	0.011572	10050.735597
-35.048000	0.011591	10050.703358
-34.996000	0.011610	10050.719311
-34.944000	0.011629	10050.739386
-34.892000	0.011648	10050.707203
-34.840000	0.011667	10050.678913
-34.788000	0.011686	10050.698910
-34.736000	0.011705	10050.710910
-34.684000	0.011724	10050.678598
-34.632000	0.011743	10050.658341
-34.580000	0.011762	10050.678317
-34.528000	0.011782	10050.682213
-34.476000	0.011801	10050.649857
-34.424000	0.011820	10050.637631
-34.372000	0.011840	10050.657561
-34.320000	0.011859	10050.653326
-34.268000	0.011878	10050.620924
-34.216000	0.011898	10050.616728
-34.164000	0.011917	10050.636615
-34.112000	0.011937	10050.624247
-34.060000	0.011957	10050.591802
-34.008000	0.011976	10050.595636
-33.956000	0.011996	10050.615478
-33.904000	0.012016	10050.594994
-33.852000	0.012035	10050.562532
-33.800000	0.012055	10050.574403
-33.748000	0.012075	10050.594202
-33.696000	0.012095	10050.565589
-33.644000	0.012115	10050.533083
-33.592000	0.012135	10050.500539
-33.540000	0.012155	10050.472181
-33.488000	0.012175	10050.491944
-33.436000	0.012195	10050.503494
-33.384000	0.012216	10050.470896
-33.332000	0.012236	10050.450572
-33.280000	0.012256	10050.470290
-33.228000	0.012277	10050.473709
-33.176000	0.012297	10050.441093
-33.124000	0.012317	10050.428825
-33.072000	0.012338	10050.448496
-33.020000	0.012358	10050.443791
-32.968000	0.012379	10050.411158
-32.916000	0.012399	10050.406947
-32.864000	0.012420	10050.426602
-32.812000	0.012441	10050.413783
-32.760000	0.012461	10050.381105
-32.708000	0.012482	10050.384923
-32.656000	0.012503	10050.404533
-32.604000	0.012524	10050.424137
-32.552000	0.012545	10050.443738
-32.500000	0.012566	10050.418732
-32.448000	0.012587	10050.386001
-32.396000	0.012608	10050.401898
-32.344000	0.012629	10050.421121
-32.292000	0.012650	10050.388371
-32.240000	0.012671	10050.360024
-32.188000	0.012693	10050.379554
-32.136000	0.012714	10050.390653
-32.084000	0.012735	10050.357877
-32.032000	0.012757	10050.337590
-31.980000	0.012778	10050.357100
-31.928000	0.012800	10050.360098
-31.876000	0.012821	10050.327302
-31.824000	0.012843	10050.315066
-31.772000	0.012865	10050.334530
-31.720000	0.012886	10050.329409
-31.668000	0.012908	10050.296596
-31.616000	0.012930	10050.292412
-31.564000	0.012952	10050.311859
-31.512000	0.012973	10050.298641
-31.460000	0.012995	10050.265811
-31.408000	0.013017	10050.269678
-31.356000	0.013039	10050.289108
-31.304000	0.013061	10050.267774
-31.252000	0.013084	10050.234899
-31.200000	0.013106	10050.246830
-31.148000	0.013128	10050.266269
-31.096000	0.013150	10050.236839
-31.044000	0.013173	10050.204526
-30.992000	0.013195	10050.223939
-30.940000	0.013218	10050.243361
-30.888000	0.013240	10050.262740
-30.836000	0.013263	10050.273467
-30.784000	0.013285	10050.240565
-30.732000	0.013308	10050.220366
-30.680000	0.013331	10050.239722
-30.628000	0.013353	10050.242354
-30.576000	0.013376	10050.209432
-30.524000	0.013399	10050.197293
-30.472000	0.013422	10050.216658
-30.420000	0.013445	10050.211211
-30.368000	0.013468	10050.178272
-30.316000	0.013491	10050.174190
-30.264000	0.013514	10050.193538
-30.212000	0.013537	10050.179989
-30.160000	0.013560	10050.147032
-30.108000	0.013584	10050.151005
-30.056000	0.013607	10050.170335
-30.004000	0.013630	10050.189676
-29.952000	0.013654	10050.209025
-29.900000	0.013677	10050.183351
-29.848000	0.013701	10050.150395
-29.796000	0.013724	10050.166481
-29.744000	0.013748	10050.185015
-29.692000	0.013772	10050.152035
-29.640000	0.013796	10050.123897
-29.588000	0.013819	10050.143229
-29.536000	0.013843	10050.162569
-29.484000	0.013867	10050.181891
-29.432000	0.013891	10050.188305
-29.380000	0.013915	10050.155321
-29.328000	0.013939	10050.139299
-29.276000	0.013964	10050.158601
-29.224000	0.013988	10050.156921
-29.172000	0.014012	10050.123946
-29.120000	0.014036	10050.116008
-29.068000	0.014061	10050.135320
-29.016000	0.014085	10050.154644
-28.964000	0.014110	10050.173975
-28.912000	0.014134	10050.160190
-28.860000	0.014159	10050.127216
-28.808000	0.014183	10050.131406
-28.756000	0.014208	10050.150746
-28.704000	0.014233	10050.128887
-28.652000	0.014258	10050.095922
-28.600000	0.014283	10050.108180
-28.548000	0.014308	10050.127502
-28.496000	0.014333	10050.146835
-28.444000	0.014358	10050.165161
-28.392000	0.014383	10050.132192
-28.340000	0.014408	10050.104282
-28.288000	0.014433	10050.123623
-28.236000	0.014459	10050.142973
-28.184000	0.014484	10050.162305
-28.132000	0.014509	10050.168514
-28.080000	0.014535	10050.135567
-28.028000	0.014560	10050.119805
-27.976000	0.014586	10050.139173
-27.924000	0.014612	10050.137333
-27.872000	0.014637	10050.104396
-27.820000	0.014663	10050.096723
-27.768000	0.014689	10050.116101
-27.716000	0.014715	10050.135490
-27.664000	0.014741	10050.154886
-27.612000	0.014767	10050.140948
-27.560000	0.014793	10050.108040
-27.508000	0.014819	10050.112513
-27.456000	0.014845	10050.131919
-27.404000	0.014872	10050.151318
-27.352000	0.014898	10050.170714
-27.300000	0.014924	10050.144692
-27.248000	0.014951	10050.111839
-27.196000	0.014977	10050.128463
-27.144000	0.015004	10050.147897
-27.092000	0.015031	10050.167341
-27.040000	0.015057	10050.181522
-26.988000	0.015084	10050.148662
-26.936000	0.015111	10050.125122
-26.884000	0.015138	10050.144602
-26.832000	0.015165	10050.164090
-26.780000	0.015192	10050.183561
-26.728000	0.015219	10050.185658
-26.676000	0.015246	10050.152879
-26.624000	0.015273	10050.141535
-26.572000	0.015301	10050.161042
-26.520000	0.015328	10050.180562
-26.468000	0.015355	10050.200088
-26.416000	0.015383	10050.190117
-26.364000	0.015410	10050.157366
-26.312000	0.015438	10050.158175
-26.260000	0.015466	10050.177739
-26.208000	0.015493	10050.159725
-26.156000	0.015521	10050.127012
-26.104000	0.015549	10050.135938
-26.052000	0.015577	10050.155539
-26.000000	0.015605	10050.175152
-25.948000	0.015633	10050.194772
-25.896000	0.015661	10050.164695
-25.844000	0.015690	10050.133488
-25.792000	0.015718	10050.153161
-25.740000	0.015746	10050.172846
-25.688000	0.015775	10050.192515
-25.636000	0.015803	10050.202663
-25.584000	0.015832	10050.170081
-25.532000	0.015860	10050.151075
-25.480000	0.015889	10050.170779
-25.428000	0.015918	10050.190499
-25.376000	0.015947	10050.210249
-25.324000	0.015976	10050.208362
-25.272000	0.016005	10050.175834
-25.220000	0.016034	10050.169017
-25.168000	0.016063	10050.188832
-25.116000	0.016092	10050.208659
-25.064000	0.016121	10050.228494
-25.012000	0.016151	10050.214558
-24.960000	0.016180	10050.182087
-24.908000	0.016209	10050.187467
-24.856000	0.016239	10050.207366
-24.804000	0.016269	10050.227259
-24.752000	0.016298	10050.247150
-24.700000	0.016328	10050.221186
-24.648000	0.016358	10050.188827
-24.596000	0.016388	10050.206427
-24.544000	0.016418	10050.224742
-24.492000	0.016448	10050.192441
-24.440000	0.016478	10050.165856
-24.388000	0.016508	10050.185869
-24.336000	0.016538	10050.205893
-24.284000	0.016569	10050.225952
-24.232000	0.016599	10050.232234
-24.180000	0.016630	10050.200017
-24.128000	0.016660	10050.185642
-24.076000	0.016691	10050.205766
-24.024000	0.016722	10050.225909
-23.972000	0.016752	10050.246080
-23.920000	0.016783	10050.240357
-23.868000	0.016814	10050.208250
-23.816000	0.016845	10050.206100
-23.764000	0.016876	10050.226309
-23.712000	0.016908	10050.212574
-23.660000	0.016939	10050.180561
-23.608000	0.016970	10050.186584
-23.556000	0.017002	10050.206886
-23.504000	0.017033	10050.227219
-23.452000	0.017065	10050.247569
-23.400000	0.017096	10050.221825
-23.348000	0.017128	10050.189897
-23.296000	0.017160	10050.208146
-23.244000	0.017192	10050.226676
-23.192000	0.017224	10050.194831
-23.140000	0.017256	10050.168923
-23.088000	0.017288	10050.189422
-23.036000	0.017320	10050.209932
-22.984000	0.017352	10050.230480
-22.932000	0.017385	10050.237036
-22.880000	0.017417	10050.205333
-22.828000	0.017450	10050.191686
-22.776000	0.017482	10050.212299
-22.724000	0.017515	10050.210855
-22.672000	0.017548	10050.179246
-22.620000	0.017581	10050.173772
-22.568000	0.017613	10050.194479
-22.516000	0.017646	10050.185059
-22.464000	0.017680	10050.153544
-22.412000	0.017713	10050.156243
-22.360000	0.017746	10050.177044
-22.308000	0.017779	10050.159647
-22.256000	0.017813	10050.128225
-22.204000	0.017846	10050.139117
-22.152000	0.017880	10050.160040
-22.100000	0.017914	10050.180974
-22.048000	0.017947	10050.201916
-21.996000	0.017981	10050.172555
-21.944000	0.018015	10050.143380
-21.892000	0.018049	10050.164434
-21.840000	0.018083	10050.179355
-21.788000	0.018117	10050.148189
-21.736000	0.018152	10050.127217
-21.684000	0.018186	10050.148395
-21.632000	0.018220	10050.155360
-21.580000	0.018255	10050.124261
-21.528000	0.018290	10050.111453
-21.476000	0.018324	10050.132752
-21.424000	0.018359	10050.131762
-21.372000	0.018394	10050.100785
-21.320000	0.018429	10050.096182
-21.268000	0.018464	10050.117576
-21.216000	0.018499	10050.108626
-21.164000	0.018535	10050.077799
-21.112000	0.018570	10050.081405
-21.060000	0.018605	10050.102895
-21.008000	0.018641	10050.085986
-20.956000	0.018676	10050.055282
-20.904000	0.018712	10050.067108
-20.852000	0.018748	10050.088749
-20.800000	0.018784	10050.063883
-20.748000	0.018820	10050.033275
-20.696000	0.018856	10050.002724
-20.644000	0.018892	10049.974512
-20.592000	0.018928	10049.996313
-20.540000	0.018965	10050.011762
-20.488000	0.019001	10049.981370
-20.436000	0.019038	10049.961390
-20.384000	0.019074	10049.983316
-20.332000	0.019111	10049.990822
-20.280000	0.019148	10049.960555
-20.228000	0.019185	10049.948784
-20.176000	0.019222	10049.970860
-20.124000	0.019259	10049.970444
-20.072000	0.019296	10049.940300
-20.020000	0.019333	10049.910187
-19.968000	0.019371	10049.880118
-19.916000	0.019408	10049.880684
-19.864000	0.019446	10049.902988
-19.812000	0.019483	10049.890694
-19.760000	0.019521	10049.860776
-19.708000	0.019559	10049.869565
-19.656000	0.019597	10049.891992
-19.604000	0.019635	10049.871752
-19.552000	0.019673	10049.841959
-19.500000	0.019711	10049.812241
-19.448000	0.019750	10049.782551
-19.396000	0.019788	10049.803694
-19.344000	0.019827	10049.823808
-19.292000	0.019865	10049.794256
-19.240000	0.019904	10049.764718
-19.188000	0.019943	10049.735221
-19.136000	0.019982	10049.716356
-19.084000	0.020021	10049.739259
-19.032000	0.020060	10049.747520
-18.980000	0.020100	10049.718202
-18.928000	0.020139	10049.688907
-18.876000	0.020178	10049.659665
-18.824000	0.020218	10049.653189
-18.772000	0.020258	10049.676319
-18.720000	0.020297	10049.672704
-18.668000	0.020337	10049.643615
-18.616000	0.020377	10049.614575
-18.564000	0.020417	10049.585590
-18.512000	0.020458	10049.591503
-18.460000	0.020498	10049.614890
-18.408000	0.020538	10049.599444
-18.356000	0.020579	10049.570640
-18.304000	0.020619	10049.541867
-18.252000	0.020660	10049.513111
-18.200000	0.020701	10049.531427
-18.148000	0.020742	10049.555100
-18.096000	0.020783	10049.527794
-18.044000	0.020824	10049.499220
-17.992000	0.020866	10049.470759
-17.940000	0.020907	10049.442317
-17.888000	0.020948	10049.413916
-17.836000	0.020990	10049.396368
-17.784000	0.021032	10049.420395
-17.732000	0.021073	10049.429562
-17.680000	0.021115	10049.401370
-17.628000	0.021157	10049.373200
-17.576000	0.021200	10049.345084
-17.524000	0.021242	10049.317012
-17.472000	0.021284	10049.289029
-17.420000	0.021327	10049.288063
-17.368000	0.021369	10049.312425
-17.316000	0.021412	10049.305815
-17.264000	0.021455	10049.278014
-17.212000	0.021498	10049.250269
-17.160000	0.021541	10049.222572
-17.108000	0.021584	10049.194923
-17.056000	0.021627	10049.167304
-17.004000	0.021671	10049.139755
-16.952000	0.021714	10049.112241
-16.900000	0.021758	10049.131997
-16.848000	0.021802	10049.156884
-16.796000	0.021846	10049.130647
-16.744000	0.021890	10049.103371
-16.692000	0.021934	10049.076161
-16.640000	0.021978	10049.048962
-16.588000	0.022022	10049.021862
-16.536000	0.022067	10048.994776
-16.484000	0.022111	10048.967781
-16.432000	0.022156	10048.955902
-16.380000	0.022201	10048.981309
-16.328000	0.022246	10048.987611
-16.276000	0.022291	10048.960826
-16.224000	0.022336	10048.934086
-16.172000	0.022382	10048.907436
-16.120000	0.022427	10048.880818
-16.068000	0.022473	10048.854244
-16.016000	0.022518	10048.827734
-15.964000	0.022564	10048.801295
-15.912000	0.022610	10048.774914
-15.860000	0.022656	10048.748580
-15.808000	0.022702	10048.761659
-15.756000	0.022748	10048.787756
-15.704000	0.022795	10048.770553
-15.652000	0.022841	10048.744460
-15.600000	0.022888	10048.718445
-15.548000	0.022935	10048.692458
-15.496000	0.022982	10048.666579
-15.444000	0.023029	10048.640726
-15.392000	0.023076	10048.614965
-15.340000	0.023124	10048.589218
-15.288000	0.023171	10048.563570
-15.236000	0.023219	10048.537938
-15.184000	0.023266	10048.512425
-15.132000	0.023314	10048.502250
-15.080000	0.023362	10048.529167
-15.028000	0.023410	10048.536762
-14.976000	0.023459	10048.511488
-14.924000	0.023507	10048.486261
-14.872000	0.023555	10048.461123
-14.820000	0.023604	10048.436039
-14.768000	0.023653	10048.411034
-14.716000	0.023702	10048.386082
-14.664000	0.023751	10048.361185
-14.612000	0.023800	10048.336362
-14.560000	0.023849	10048.311600
-14.508000	0.023899	10048.286921
-14.456000	0.023948	10048.262294
-14.404000	0.023998	10048.237758
-14.352000	0.024048	10048.213265
-14.300000	0.024098	10048.236503
-14.248000	0.024148	10048.264443
-14.196000	0.024198	10048.240801
-14.144000	0.024249	10048.216551
-14.092000	0.024299	10048.192447
-14.040000	0.024350	10048.168361
-13.988000	0.024401	10048.144376
-13.936000	0.024452	10048.120410
-13.884000	0.024503	10048.096587
-13.832000	0.024554	10048.072787
-13.780000	0.024606	10048.049072
-13.728000	0.024657	10048.025401
-13.676000	0.024709	10048.001849
-13.624000	0.024761	10047.978344
-13.572000	0.024813	10047.954928
-13.520000	0.024865	10047.931568
-13.468000	0.024917	10047.908288
-13.416000	0.024970	10047.916761
-13.364000	0.025022	10047.945914
-13.312000	0.025075	10047.939429
-13.260000	0.025128	10047.916450
-13.208000	0.025181	10047.893537
-13.156000	0.025234	10047.870665
-13.104000	0.025287	10047.847926
-13.052000	0.025341	10047.825247
-13.000000	0.025395	10047.802649
-12.948000	0.025448	10047.780079
-12.896000	0.025502	10047.757645
-12.844000	0.025556	10047.735239
-12.792000	0.025611	10047.712954
-12.740000	0.025665	10047.690686
-12.688000	0.025720	10047.668575
-12.636000	0.025774	10047.658190
-12.584000	0.025829	10047.688512
-12.532000	0.025884	10047.703117
-12.480000	0.025939	10047.681307
-12.428000	0.025995	10047.659541
-12.376000	0.026050	10047.637897
-12.324000	0.026106	10047.616301
-12.272000	0.026161	10047.594793
-12.220000	0.026217	10047.573353
-12.168000	0.026274	10047.552011
-12.116000	0.026330	10047.530735
-12.064000	0.026386	10047.509531
-12.012000	0.026443	10047.488433
-11.960000	0.026500	10047.467422
-11.908000	0.026557	10047.446497
-11.856000	0.026614	10047.425623
-11.804000	0.026671	10047.448870
-11.752000	0.026728	10047.480431
-11.700000	0.026786	10047.464076
-11.648000	0.026844	10047.443535
-11.596000	0.026901	10047.423132
-11.544000	0.026959	10047.402757
-11.492000	0.027018	10047.382506
-11.440000	0.027076	10047.362272
-11.388000	0.027135	10047.342223
-11.336000	0.027193	10047.322192
-11.284000	0.027252	10047.302281
-11.232000	0.027311	10047.282408
-11.180000	0.027371	10047.262692
-11.128000	0.027430	10047.263026
-11.076000	0.027490	10047.295773
-11.024000	0.027549	10047.304532
-10.972000	0.027609	10047.285150
-10.920000	0.027670	10047.265825
-10.868000	0.027730	10047.246583
-10.816000	0.027790	10047.227448
-10.764000	0.027851	10047.208427
-10.712000	0.027912	10047.189484
-10.660000	0.027973	10047.170605
-10.608000	0.028034	10047.151847
-10.556000	0.028095	10047.133162
-10.504000	0.028157	10047.158836
-10.452000	0.028219	10047.192615
-10.400000	0.028280	10047.178241
-10.348000	0.028342	10047.159892
-10.296000	0.028405	10047.141707
-10.244000	0.028467	10047.123554
-10.192000	0.028530	10047.105554
-10.140000	0.028593	10047.087572
-10.088000	0.028656	10047.069749
-10.036000	0.028719	10047.064094
-9.984000	0.028782	10047.098764
-9.932000	0.028846	10047.117288
-9.880000	0.028909	10047.099858
-9.828000	0.028973	10047.082474
-9.776000	0.029037	10047.065213
-9.724000	0.029102	10047.048019
-9.672000	0.029166	10047.030955
-9.620000	0.029231	10047.013961
-9.568000	0.029296	10046.997066
-9.516000	0.029361	10047.012609
-9.464000	0.029426	10047.048208
-9.412000	0.029492	10047.047536
-9.360000	0.029557	10047.031036
-9.308000	0.029623	10047.014643
-9.256000	0.029689	10046.998313
-9.204000	0.029755	10046.982140
-9.152000	0.029822	10046.966035
-9.100000	0.029888	10046.998562
-9.048000	0.029955	10047.034681
-8.996000	0.030022	10047.018914
-8.944000	0.030089	10047.003178
-8.892000	0.030157	10046.987624
-8.840000	0.030224	10046.972090
-8.788000	0.030292	10046.956718
-8.736000	0.030360	10046.953734
-8.684000	0.030429	10046.990884
-8.632000	0.030497	10047.011672
-8.580000	0.030566	10046.996725
-8.528000	0.030634	10046.981825
-8.476000	0.030703	10046.967049
-8.424000	0.030773	10046.952351
-8.372000	0.030842	10046.937802
-8.320000	0.030912	10046.951857
-8.268000	0.030982	10046.989804
-8.216000	0.031052	10046.995290
-8.164000	0.031122	10046.981141
-8.112000	0.031193	10046.967104
-8.060000	0.031263	10046.953156
-8.008000	0.031334	10046.979973
-7.956000	0.031406	10047.018520
-7.904000	0.031477	10047.012551
-7.852000	0.031549	10046.999031
-7.800000	0.031620	10046.985645
-7.748000	0.031692	10046.972759
-7.696000	0.031765	10047.011903
-7.644000	0.031837	10047.046580
-7.592000	0.031910	10047.033674
-7.540000	0.031983	10047.020790
-7.488000	0.032056	10047.008096
-7.436000	0.032129	10047.008008
-7.384000	0.032203	10047.047812
-7.332000	0.032277	10047.071038
-7.280000	0.032351	10047.058747
-7.228000	0.032425	10047.046520
-7.176000	0.032499	10047.034460
-7.124000	0.032574	10047.047178
-7.072000	0.032649	10047.087644
-7.020000	0.032724	10047.099457
-6.968000	0.032800	10047.087831
-6.916000	0.032875	10047.076303
-6.864000	0.032951	10047.064879
-6.812000	0.033027	10047.090402
-6.760000	0.033104	10047.131506
-6.708000	0.033180	10047.131900
-6.656000	0.033257	10047.120938
-6.604000	0.033334	10047.155037
-6.552000	0.033411	10047.196603
-6.500000	0.033489	10047.189393
-6.448000	0.033566	10047.178866
-6.396000	0.033645	10047.168539
-6.344000	0.033723	10047.162965
-6.292000	0.033801	10047.205155
-6.240000	0.033880	10047.238609
-6.188000	0.033959	10047.228748
-6.136000	0.034038	10047.231713
-6.084000	0.034118	10047.274379
-6.032000	0.034197	10047.300255
-5.980000	0.034277	10047.290858
-5.928000	0.034357	10047.281526
-5.876000	0.034438	10047.272362
-5.824000	0.034519	10047.288197
-5.772000	0.034600	10047.331564
-5.720000	0.034681	10047.346062
-5.668000	0.034762	10047.337339
-5.616000	0.034844	10047.361741
-5.564000	0.034926	10047.405576
-5.512000	0.035008	10047.412510
-5.460000	0.035091	10047.404284
-5.408000	0.035173	10047.396191
-5.356000	0.035256	10047.388173
-5.304000	0.035340	10047.425455
-5.252000	0.035423	10047.469996
-5.200000	0.035507	10047.465546
-5.148000	0.035591	10047.458895
-5.096000	0.035676	10047.503871
-5.044000	0.035760	10047.543947
-4.992000	0.035845	10047.536880
-4.940000	0.035930	10047.538813
-4.888000	0.036016	10047.584297
-4.836000	0.036101	10047.616795
-4.784000	0.036187	10047.610211
-4.732000	0.036273	10047.620732
-4.680000	0.036360	10047.666688
-4.628000	0.036447	10047.691622
-4.576000	0.036534	10047.685544
-4.524000	0.036621	10047.679551
-4.472000	0.036709	10047.673713
-4.420000	0.036796	10047.697148
-4.368000	0.036885	10047.743840
-4.316000	0.036973	10047.757440
-4.264000	0.037062	10047.752081
-4.212000	0.037151	10047.784124
-4.160000	0.037240	10047.831323
-4.108000	0.037330	10047.837384
-4.056000	0.037420	10047.832527
-4.004000	0.037510	10047.873197
-3.952000	0.037600	10047.920908
-3.900000	0.037691	10047.919433
-3.848000	0.037782	10047.916197
-3.796000	0.037873	10047.964354
-3.744000	0.037965	10048.007390
-3.692000	0.038057	10048.003536
-3.640000	0.038149	10048.008899
-3.588000	0.038241	10048.057591
-3.536000	0.038334	10048.093085
-3.484000	0.038427	10048.089747
-3.432000	0.038521	10048.086466
-3.380000	0.038614	10048.083402
-3.328000	0.038708	10048.101712
-3.276000	0.038803	10048.151161
-3.224000	0.038897	10048.175362
-3.172000	0.038992	10048.172810
-3.120000	0.039088	10048.199754
-3.068000	0.039183	10048.249744
-3.016000	0.039279	10048.266439
-2.964000	0.039375	10048.264406
-2.912000	0.039472	10048.299980
-2.860000	0.039568	10048.350483
-2.808000	0.039666	10048.359652
-2.756000	0.039763	10048.358132
-2.704000	0.039861	10048.402362
-2.652000	0.039959	10048.453414
-2.600000	0.040057	10048.455069
-2.548000	0.040156	10048.455400
-2.496000	0.040255	10048.506956
-2.444000	0.040354	10048.553178
-2.392000	0.040454	10048.552686
-2.340000	0.040554	10048.552218
-2.288000	0.040655	10048.552034
-2.236000	0.040755	10048.565338
-2.184000	0.040856	10048.617724
-2.132000	0.040957	10048.652671
-2.080000	0.041059	10048.653011
-2.028000	0.041161	10048.674960
-1.976000	0.041264	10048.727875
-1.924000	0.041366	10048.755317
-1.872000	0.041469	10048.756209
-1.820000	0.041573	10048.786828
-1.768000	0.041676	10048.840289
-1.716000	0.041781	10048.860245
-1.664000	0.041885	10048.861694
-1.612000	0.041990	10048.863301
-1.560000	0.042095	10048.865024
-1.508000	0.042200	10048.908642
-1.456000	0.042306	10048.962916
-1.404000	0.042412	10048.971642
-1.352000	0.042519	10048.973922
-1.300000	0.042626	10049.026213
-1.248000	0.042733	10049.079495
-1.196000	0.042841	10049.082300
-1.144000	0.042948	10049.085143
-1.092000	0.043057	10049.088223
-1.040000	0.043165	10049.100959
-0.988000	0.043275	10049.156656
-0.936000	0.043384	10049.198721
-0.884000	0.043494	10049.202400
-0.832000	0.043604	10049.206133
-0.780000	0.043715	10049.210068
-0.728000	0.043825	10049.235840
-0.676000	0.043937	10049.292384
-0.624000	0.044048	10049.323242
-0.572000	0.044160	10049.327774
-0.520000	0.044273	10049.362254
-0.468000	0.044386	10049.419361
-0.416000	0.044499	10049.442748
-0.364000	0.044612	10049.447848
-0.312000	0.044726	10049.453114
-0.260000	0.044841	10049.458498
-0.208000	0.044955	10049.464070
-0.156000	0.045071	10049.469740
-0.104000	0.045186	10049.521606
-0.052000	0.045302	10049.579861
-0.000000	0.045418	10049.588343
0.052000	0.045535	10049.594615
0.104000	0.045652	10049.601141
0.156000	0.045770	10049.613509
0.208000	0.045888	10049.672638
0.260000	0.046006	10049.721946
0.312000	0.046125	10049.729082
0.364000	0.046244	10049.736257
0.416000	0.046363	10049.743678
0.468000	0.046483	10049.769093
0.520000	0.046604	10049.829132
0.572000	0.046724	10049.867288
0.624000	0.046846	10049.875317
0.676000	0.046967	10049.883453
0.728000	0.047089	10049.891776
0.780000	0.047212	10049.900229
0.832000	0.047335	10049.908848
0.884000	0.047458	10049.917629
0.936000	0.047582	10049.926566
0.988000	0.047706	10049.973801
1.040000	0.047830	10050.035329
1.092000	0.047956	10050.054889
1.144000	0.048081	10050.064418
1.196000	0.048207	10050.074180
1.248000	0.048333	10050.084027
1.300000	0.048460	10050.094117
1.352000	0.048587	10050.104264
1.404000	0.048715	10050.114672
1.456000	0.048843	10050.131141
1.508000	0.048972	10050.194168
1.560000	0.049101	10050.247159
1.612000	0.049230	10050.258222
1.664000	0.049360	10050.269327
1.716000	0.049491	10050.280690
1.768000	0.049621	10050.292125
1.820000	0.049753	10050.303817
1.872000	0.049884	10050.315596
1.924000	0.050017	10050.327585
1.976000	0.050149	10050.339686
2.028000	0.050283	10050.351981
2.080000	0.050416	10050.364421
2.132000	0.050550	10050.377045
2.184000	0.050685	10050.389827
2.236000	0.050820	10050.402758
2.288000	0.050956	10050.415866
2.340000	0.051092	10050.429098
2.392000	0.051228	10050.484935
2.444000	0.051365	10050.550798
2.496000	0.051503	10050.570467
2.548000	0.051641	10050.584340
2.600000	0.051779	10050.598486
2.652000	0.051918	10050.612694
2.704000	0.052058	10050.627175
2.756000	0.052198	10050.641690
2.808000	0.052338	10050.656506
2.860000	0.052479	10050.671351
2.912000	0.052621	10050.686509
2.964000	0.052762	10050.701716
3.016000	0.052905	10050.717212
3.068000	0.053048	10050.732772
3.120000	0.053192	10050.748554
3.172000	0.053336	10050.764437
3.224000	0.053480	10050.780559
3.276000	0.053625	10050.796809
3.328000	0.053771	10050.813276
3.380000	0.053917	10050.799400
3.432000	0.054064	10050.763879
3.484000	0.054211	10050.763047
3.536000	0.054359	10050.780144
3.588000	0.054507	10050.797448
3.640000	0.054656	10050.814892
3.692000	0.054805	10050.832564
3.744000	0.054955	10050.850348
3.796000	0.055106	10050.868352
3.848000	0.055256	10050.886433
3.900000	0.055408	10050.904797
3.952000	0.055560	10050.923222
4.004000	0.055713	10050.941963
4.056000	0.055866	10050.960740
4.108000	0.056020	10050.979831
4.160000	0.056174	10050.988449
4.212000	0.056329	10050.955573
4.264000	0.056484	10050.937289
4.316000	0.056641	10050.957065
4.368000	0.056797	10050.976920
4.420000	0.056955	10050.997047
4.472000	0.057112	10051.017263
4.524000	0.057271	10051.037687
4.576000	0.057430	10051.058246
4.628000	0.057589	10051.079032
4.680000	0.057749	10051.069280
4.732000	0.057910	10051.038126
4.784000	0.058071	10051.041883
4.836000	0.058233	10051.063355
4.888000	0.058396	10051.085028
4.940000	0.058559	10051.106835
4.992000	0.058723	10051.128882
5.044000	0.058887	10051.151046
5.096000	0.059052	10051.126607
5.148000	0.059217	10051.096814
5.200000	0.059384	10051.118221
5.252000	0.059550	10051.141093
5.304000	0.059718	10051.164266
5.356000	0.059886	10051.180793
5.408000	0.060055	10051.152061
5.460000	0.060224	10051.134078
5.512000	0.060394	10051.157960
5.564000	0.060564	10051.181901
5.616000	0.060736	10051.206179
5.668000	0.060908	10051.211731
5.720000	0.061080	10051.184031
5.772000	0.061253	10051.179281
5.824000	0.061427	10051.204250
5.876000	0.061602	10051.229351
5.928000	0.061777	10051.254671
5.980000	0.061953	10051.249244
6.032000	0.062129	10051.222641
6.084000	0.062307	10051.231178
6.136000	0.062484	10051.257218
6.188000	0.062663	10051.244477
6.240000	0.062842	10051.218577
6.292000	0.063022	10051.235969
6.344000	0.063202	10051.262744
6.396000	0.063384	10051.289788
6.448000	0.063566	10051.316920
6.500000	0.063749	10051.293256
6.552000	0.063932	10051.271333
6.604000	0.064116	10051.299147
6.656000	0.064300	10051.320096
6.708000	0.064486	10051.296026
6.760000	0.064672	10051.282926
6.812000	0.064859	10051.311519
6.864000	0.065047	10051.325196
6.916000	0.065235	10051.301882
6.968000	0.065424	10051.297669
7.020000	0.065614	10051.327014
7.072000	0.065804	10051.333418
7.124000	0.065996	10051.310839
7.176000	0.066188	10051.315496
7.228000	0.066380	10051.345581
7.280000	0.066574	10051.344714
7.332000	0.066768	10051.322899
7.384000	0.066963	10051.301271
7.436000	0.067159	10051.279806
7.488000	0.067356	10051.297799
7.540000	0.067553	10051.329032
7.592000	0.067751	10051.317286
7.644000	0.067950	10051.296623
7.696000	0.068149	10051.323524
7.748000	0.068350	10051.355514
7.800000	0.068551	10051.336511
7.852000	0.068753	10051.316611
7.904000	0.068956	10051.297035
7.956000	0.069159	10051.284607
8.008000	0.069364	10051.317770
8.060000	0.069568	10051.339812
8.112000	0.069775	10051.321066
8.164000	0.069981	10051.317575
8.216000	0.070189	10051.351514
8.268000	0.070397	10051.366317
8.320000	0.070607	10051.348377
8.372000	0.070817	10051.330553
8.424000	0.071028	10051.312985
8.476000	0.071239	10051.322881
8.528000	0.071452	10051.358000
8.580000	0.071666	10051.361966
8.632000	0.071880	10051.345221
8.684000	0.072095	10051.328676
8.736000	0.072311	10051.312305
8.788000	0.072528	10051.335627
8.840000	0.072746	10051.371980
8.892000	0.072964	10051.365144
8.944000	0.073184	10051.349611
8.996000	0.073404	10051.334367
9.048000	0.073625	10051.319213
9.100000	0.073847	10051.304431
9.152000	0.074070	10051.293014
9.204000	0.074294	10051.330946
9.256000	0.074519	10051.361580
9.308000	0.074745	10051.347697
9.360000	0.074971	10051.333849
9.412000	0.075199	10051.320351
9.464000	0.075427	10051.306927
9.516000	0.075657	10051.293884
9.568000	0.075887	10051.300387
9.620000	0.076119	10051.340035
9.672000	0.076351	10051.356328
9.724000	0.076584	10051.344112
9.776000	0.076818	10051.332063
9.828000	0.077053	10051.320275
9.880000	0.077289	10051.308689
9.932000	0.077526	10051.297333
9.984000	0.077764	10051.321828
10.036000	0.078003	10051.363212
10.088000	0.078243	10051.365197
10.140000	0.078484	10051.354691
10.192000	0.078726	10051.344495
10.244000	0.078968	10051.334437
10.296000	0.079212	10051.324724
10.348000	0.079457	10051.315115
10.400000	0.079703	10051.305881
10.452000	0.079950	10051.300227
10.504000	0.080198	10051.343776
10.556000	0.080446	10051.379814
10.608000	0.080697	10051.371529
10.660000	0.080947	10051.363288
10.712000	0.081200	10051.355463
10.764000	0.081452	10051.347712
10.816000	0.081707	10051.340326
10.868000	0.081962	10051.333053
10.920000	0.082218	10051.326131
10.972000	0.082475	10051.319359
11.024000	0.082734	10051.312908
11.076000	0.082993	10051.334393
11.128000	0.083254	10051.380714
11.180000	0.083515	10051.395458
11.232000	0.083778	10051.389932
11.284000	0.084042	10051.384655
11.336000	0.084307	10051.379586
11.388000	0.084573	10051.374820
11.440000	0.084840	10051.370238
11.492000	0.085109	10051.365995
11.544000	0.085378	10051.361900
11.596000	0.085649	10051.358167
11.648000	0.085920	10051.354541
11.700000	0.086193	10051.403323
11.752000	0.086467	10051.448761
11.804000	0.086742	10051.446071
11.856000	0.087018	10051.443423
11.908000	0.087296	10051.441243
11.960000	0.087574	10051.439113
12.012000	0.087855	10051.437448
12.064000	0.088135	10051.435865
12.116000	0.088418	10051.434686
12.168000	0.088701	10051.433629
12.220000	0.088986	10051.432944
12.272000	0.089272	10051.432427
12.324000	0.089559	10051.432262
12.376000	0.089847	10051.432300
12.428000	0.090137	10051.432647
12.480000	0.090428	10051.465250
12.532000	0.090720	10051.518422
12.584000	0.091013	10051.535814
12.636000	0.091308	10051.537174
12.688000	0.091604	10051.538876
12.740000	0.091901	10051.540781
12.792000	0.092200	10051.543053
12.844000	0.092499	10051.545480
12.896000	0.092800	10051.548340
12.948000	0.093102	10051.551323
13.000000	0.093406	10051.554738
13.052000	0.093711	10051.558226
13.104000	0.094018	10051.562216
13.156000	0.094325	10051.566253
13.208000	0.094634	10051.570845
13.260000	0.094944	10051.575493
13.312000	0.095256	10051.580636
13.364000	0.095569	10051.601938
13.416000	0.095884	10051.659903
13.468000	0.096199	10051.697913
13.520000	0.096516	10051.704175
13.572000	0.096835	10051.710623
13.624000	0.097155	10051.717450
13.676000	0.097476	10051.724496
13.728000	0.097799	10051.731865
13.780000	0.098123	10051.739529
13.832000	0.098449	10051.747513
13.884000	0.098776	10051.755803
13.936000	0.099104	10051.764340
13.988000	0.099435	10051.773271
14.040000	0.099766	10051.782432
14.092000	0.100099	10051.791995
14.144000	0.100433	10051.801724
14.196000	0.100769	10051.811930
14.248000	0.101106	10051.822267
14.300000	0.101445	10051.833129
14.352000	0.101785	10051.848240
14.404000	0.102128	10051.912046
14.456000	0.102471	10051.967701
14.508000	0.102816	10051.979891
14.560000	0.103162	10051.992145
14.612000	0.103511	10052.004944
14.664000	0.103860	10052.017853
14.716000	0.104212	10052.031269
14.768000	0.104564	10052.044858
14.820000	0.104919	10052.058956
14.872000	0.105275	10052.073260
14.924000	0.105633	10052.087981
14.976000	0.105992	10052.102963
15.028000	0.106353	10052.118325
15.080000	0.106715	10052.134014
15.132000	0.107079	10052.150051
15.184000	0.107445	10052.166469
15.236000	0.107813	10052.183186
15.288000	0.108182	10052.240846
15.340000	0.108552	10052.310522
15.392000	0.108925	10052.336140
15.444000	0.109299	10052.354225
15.496000	0.109675	10052.372844
15.548000	0.110052	10052.391606
15.600000	0.110432	10052.410972
15.652000	0.110813	10052.430431
15.704000	0.111197	10052.450569
15.756000	0.111580	10052.470767
15.808000	0.111968	10052.491654
15.860000	0.112355	10052.512621
15.912000	0.112746	10052.534254
15.964000	0.113137	10052.556022
16.016000	0.113531	10052.578387
16.068000	0.113926	10052.621486
16.120000	0.114324	10052.696885
16.172000	0.114723	10052.747954
16.224000	0.115124	10052.771800
16.276000	0.115526	10052.795974
16.328000	0.115931	10052.820615
16.380000	0.116338	10052.845619
16.432000	0.116746	10052.871000
16.484000	0.117157	10052.896843
16.536000	0.117569	10052.923040
16.588000	0.117984	10052.949746
16.640000	0.118400	10052.976736
16.692000	0.118818	10053.004303
16.744000	0.119238	10053.032095
16.796000	0.119660	10053.060538
16.848000	0.120084	10053.089710
16.900000	0.120510	10053.171343
16.952000	0.120938	10053.248482
17.004000	0.121369	10053.278721
17.056000	0.121800	10053.309029
17.108000	0.122235	10053.340163
17.160000	0.122671	10053.371394
17.212000	0.123110	10053.403398
17.264000	0.123550	10053.435566
17.316000	0.123993	10053.468448
17.368000	0.124437	10053.501567
17.420000	0.124884	10053.535346
17.472000	0.125333	10053.569426
17.524000	0.125784	10053.604086
17.576000	0.126237	10053.667981
17.628000	0.126693	10053.755888
17.680000	0.127150	10053.811370
17.732000	0.127611	10053.847896
17.784000	0.128073	10053.884963
17.836000	0.128537	10053.922438
17.888000	0.129003	10053.960521
17.940000	0.129472	10053.998936
17.992000	0.129943	10054.038067
18.044000	0.130416	10054.077471
18.096000	0.130892	10054.117669
18.148000	0.131369	10054.158066
18.200000	0.131850	10054.199364
18.252000	0.132332	10054.245607
18.304000	0.132818	10054.340283
18.356000	0.133304	10054.426184
18.408000	0.133795	10054.469625
18.460000	0.134286	10054.513190
18.512000	0.134781	10054.557706
18.564000	0.135277	10054.602430
18.616000	0.135778	10054.648033
18.668000	0.136279	10054.693924
18.720000	0.136784	10054.740599
18.772000	0.137289	10054.787655
18.824000	0.137799	10054.835434
18.876000	0.138311	10054.883696
18.928000	0.138826	10054.932620
18.980000	0.139342	10055.015202
19.032000	0.139861	10055.117553
19.084000	0.140383	10055.183438
19.136000	0.140908	10055.234657
19.188000	0.141436	10055.286661
19.240000	0.141965	10055.339084
19.292000	0.142498	10055.392386
19.344000	0.143033	10055.446014
19.396000	0.143571	10055.500618
19.448000	0.144110	10055.555457
19.500000	0.144654	10055.611428
19.552000	0.145199	10055.667549
19.604000	0.145749	10055.724859
19.656000	0.146299	10055.791349
19.708000	0.146855	10055.902317
19.760000	0.147411	10056.000329
19.812000	0.147972	10056.060324
19.864000	0.148534	10056.120581
19.916000	0.149100	10056.181916
19.968000	0.149668	10056.243617
20.020000	0.150240	10056.306294
20.072000	0.150813	10056.369467
20.124000	0.151391	10056.433562
20.176000	0.151970	10056.498262
20.228000	0.152554	10056.563773
20.280000	0.153140	10056.630021
20.332000	0.153728	10056.696997
20.384000	0.154320	10056.802159
20.436000	0.154915	10056.922869
20.488000	0.155514	10057.003197
20.540000	0.156115	10057.073148
20.592000	0.156719	10057.144225
20.644000	0.157326	10057.215710
20.696000	0.157937	10057.288460
20.748000	0.158549	10057.361503
20.800000	0.159167	10057.435942
20.852000	0.159786	10057.510558
20.904000	0.160411	10057.586778
20.956000	0.161036	10057.663130
21.008000	0.161667	10057.741040
21.060000	0.162299	10057.832491
21.112000	0.162937	10057.964360
21.164000	0.163575	10058.079211
21.216000	0.164219	10058.160549
21.268000	0.164864	10058.242371
21.320000	0.165515	10058.325451
21.372000	0.166167	10058.409177
21.424000	0.166824	10058.494076
21.476000	0.167484	10058.579783
21.528000	0.168148	10058.666551
21.580000	0.168815	10058.754240
21.632000	0.169485	10058.842817
21.684000	0.170159	10058.932533
21.736000	0.170837	10059.023056
21.788000	0.171518	10059.114867
21.840000	0.172203	10059.207335
21.892000	0.172892	10059.346927
21.944000	0.173583	10059.493685
21.996000	0.174280	10059.592446
22.048000	0.174978	10059.688979
22.100000	0.175683	10059.787387
22.152000	0.176388	10059.886018
22.204000	0.177101	10059.986677
22.256000	0.177814	10060.087504
22.308000	0.178534	10060.190370
22.360000	0.179255	10060.293530
22.412000	0.179983	10060.398667
22.464000	0.180711	10060.504265
22.516000	0.181447	10060.611653
22.568000	0.182184	10060.719712
22.620000	0.182927	10060.829472
22.672000	0.183672	10060.940086
22.724000	0.184423	10061.052218
22.776000	0.185177	10061.165410
22.828000	0.185935	10061.279969
22.880000	0.186698	10061.429521
22.932000	0.187464	10061.598798
22.984000	0.188235	10061.731839
23.036000	0.189010	10061.851450
23.088000	0.189790	10061.972797
23.140000	0.190573	10062.095010
23.192000	0.191362	10062.219237
23.244000	0.192153	10062.344155
23.296000	0.192951	10062.471289
23.348000	0.193750	10062.598903
23.400000	0.194557	10062.729013
23.452000	0.195365	10062.859404
23.504000	0.196181	10062.992607
23.556000	0.196997	10063.126040
23.608000	0.197823	10063.262242
23.660000	0.198650	10063.398848
23.712000	0.199484	10063.538076
23.764000	0.200320	10063.677941
23.816000	0.201163	10063.820204
23.868000	0.202009	10063.963385
23.920000	0.202861	10064.108847
23.972000	0.203717	10064.255497
24.024000	0.204578	10064.404223
24.076000	0.205444	10064.554397
24.128000	0.206315	10064.706404
24.180000	0.207190	10064.860149
24.232000	0.208071	10065.015509
24.284000	0.208956	10065.172989
24.336000	0.209846	10065.331909
24.388000	0.210742	10065.493230
24.440000	0.211643	10065.655721
24.492000	0.212549	10065.867051
24.544000	0.213459	10066.085509
24.596000	0.214376	10066.256912
24.648000	0.215296	10066.426788
24.700000	0.216224	10066.600179
24.752000	0.217154	10066.773943
24.804000	0.218094	10066.951598
24.856000	0.219034	10067.129568
24.908000	0.219985	10067.311325
24.960000	0.220936	10067.493661
25.012000	0.221897	10067.679632
25.064000	0.222860	10067.866522
25.116000	0.223832	10068.056782
25.168000	0.224807	10068.248306
25.220000	0.225790	10068.442904
25.272000	0.226776	10068.639184
25.324000	0.227770	10068.838345
25.376000	0.228768	10069.039587
25.428000	0.229773	10069.243415
25.480000	0.230783	10069.449708
25.532000	0.231799	10069.658247
25.584000	0.232822	10069.869741
25.636000	0.233850	10070.083204
25.688000	0.234885	10070.300075
25.740000	0.235924	10070.518569
25.792000	0.236972	10070.741007
25.844000	0.238024	10070.964731
25.896000	0.239084	10071.192785
25.948000	0.240147	10071.421713
26.000000	0.241221	10071.655705
26.052000	0.242296	10071.890205
26.104000	0.243383	10072.130216
26.156000	0.244471	10072.370672
26.208000	0.245571	10072.616502
26.260000	0.246673	10072.863183
26.312000	0.247786	10073.115007
26.364000	0.248901	10073.368165
26.416000	0.250027	10073.626081
26.468000	0.251156	10073.885868
26.520000	0.252294	10074.150102
26.572000	0.253437	10074.390429
26.624000	0.254590	10074.608841
26.676000	0.255747	10074.860630
26.728000	0.256913	10075.138029
26.780000	0.258084	10075.419062
26.832000	0.259264	10075.703349
26.884000	0.260450	10075.991899
26.936000	0.261643	10076.283236
26.988000	0.262845	10076.579513
27.040000	0.264052	10076.878094
27.092000	0.265269	10077.182440
27.144000	0.266490	10077.488615
27.196000	0.267723	10077.801224
27.248000	0.268959	10078.115092
27.300000	0.270207	10078.436243
27.352000	0.271458	10078.758082
27.404000	0.272722	10079.088066
27.456000	0.273988	10079.418707
27.508000	0.275268	10079.757227
27.560000	0.276550	10080.097023
27.612000	0.277846	10080.444257
27.664000	0.279144	10080.793505
27.716000	0.280455	10081.149759
27.768000	0.281770	10081.508800
27.820000	0.283097	10081.874326
27.872000	0.284430	10082.243474
27.924000	0.285773	10082.618590
27.976000	0.287122	10082.998204
28.028000	0.288481	10083.383207
28.080000	0.289849	10083.773650
28.132000	0.291225	10084.168878
28.184000	0.292610	10084.570478
28.236000	0.294003	10084.976163
28.288000	0.295406	10085.389343
28.340000	0.296815	10085.805945
28.392000	0.298237	10086.231091
28.444000	0.299664	10086.658878
28.496000	0.301105	10087.045655
28.548000	0.302550	10087.435281
28.600000	0.304010	10087.885685
28.652000	0.305472	10088.337067
28.704000	0.306951	10088.800759
28.756000	0.308432	10089.265437
28.808000	0.309931	10089.741911
28.860000	0.311432	10090.220371
28.912000	0.312949	10090.710023
28.964000	0.314469	10091.202804
29.016000	0.316005	10091.706192
29.068000	0.317546	10092.213859
29.120000	0.319103	10092.731274
29.172000	0.320665	10093.254258
29.224000	0.322240	10093.786243
29.276000	0.323822	10094.325181
29.328000	0.325418	10094.872300
29.380000	0.327022	10095.427788
29.432000	0.328638	10095.990497
29.484000	0.330264	10096.563121
29.536000	0.331900	10097.141980
29.588000	0.333549	10097.732373
29.640000	0.335205	10098.327918
29.692000	0.336877	10098.936747
29.744000	0.338554	10099.549578
29.796000	0.340248	10100.177559
29.848000	0.341947	10100.808306
29.900000	0.343665	10101.456109
29.952000	0.345386	10102.098584
30.004000	0.347128	10102.714691
30.056000	0.348871	10103.343183
30.108000	0.350637	10104.031491
30.160000	0.352405	10104.722984
30.212000	0.354193	10105.431830
30.264000	0.355986	10106.145627
30.316000	0.357797	10106.875791
30.368000	0.359615	10107.612799
30.420000	0.361450	10108.365079
30.472000	0.363293	10109.126199
30.524000	0.365152	10109.901333
30.576000	0.367022	10110.687500
30.628000	0.368905	10111.486415
30.680000	0.370801	10112.298629
30.732000	0.372710	10113.122119
30.784000	0.374632	10113.961400
30.836000	0.376566	10114.810421
30.888000	0.378516	10115.677836
30.940000	0.380475	10116.553298
30.992000	0.382453	10117.449981
31.044000	0.384439	10118.352900
31.096000	0.386445	10119.280043
31.148000	0.388457	10120.211454
31.200000	0.390492	10121.170212
31.252000	0.392531	10122.131279
31.304000	0.394596	10123.122887
31.356000	0.396662	10124.117130
31.408000	0.398756	10125.140558
31.460000	0.400853	10126.169248
31.512000	0.402976	10127.225689
31.564000	0.405103	10128.290254
31.616000	0.407254	10129.381026
31.668000	0.409413	10130.482978
31.720000	0.411593	10131.609366
31.772000	0.413783	10132.750213
31.824000	0.415993	10133.913571
31.876000	0.418216	10135.094936
31.928000	0.420456	10136.296741
31.980000	0.422711	10137.520322
32.032000	0.424982	10138.762038
32.084000	0.427271	10140.029587
32.136000	0.429573	10141.312779
32.188000	0.431896	10142.626102
32.240000	0.434231	10143.952332
32.292000	0.436588	10145.313462
32.344000	0.438955	10146.684587
32.396000	0.441348	10148.095147
32.448000	0.443747	10149.512416
32.500000	0.446176	10150.975273
32.552000	0.448610	10152.441948
32.604000	0.451076	10153.957987
32.656000	0.453544	10155.478581
32.708000	0.456046	10157.047007
32.760000	0.458552	10158.622807
32.812000	0.461089	10160.240374
32.864000	0.463632	10161.875390
32.916000	0.466206	10163.559775
32.968000	0.468788	10165.260694
33.020000	0.471398	10166.999148
33.072000	0.474020	10168.764201
33.124000	0.476668	10170.568215
33.176000	0.479331	10172.399225
33.228000	0.482016	10174.261770
33.280000	0.484720	10176.164309
33.332000	0.487443	10178.098353
33.384000	0.490189	10180.075191
33.436000	0.492952	10182.077467
33.488000	0.495740	10184.129917
33.540000	0.498543	10186.203417
33.592000	0.501375	10188.330504
33.644000	0.504218	10190.473417
33.696000	0.507095	10192.687381
33.748000	0.509980	10194.912230
33.800000	0.512902	10197.212555
33.852000	0.515829	10199.519916
33.904000	0.518797	10201.913675
33.956000	0.521768	10204.314175
34.008000	0.524782	10206.789290
34.060000	0.527800	10209.279540
34.112000	0.530859	10211.844719
34.164000	0.533926	10214.432710
34.216000	0.537029	10217.090890
34.268000	0.540144	10219.782865
34.320000	0.543294	10222.543742
34.372000	0.546460	10225.342215
34.424000	0.549657	10228.198821
34.476000	0.552874	10231.108396
34.528000	0.556118	10234.074635
34.580000	0.559387	10237.097364
34.632000	0.562681	10240.166736
34.684000	0.566003	10243.311330
34.736000	0.569346	10246.498755
34.788000	0.572722	10249.768970
34.840000	0.576116	10253.073208
34.892000	0.579548	10256.467549
34.944000	0.582993	10259.887278
34.996000	0.586481	10263.420730
35.048000	0.589979	10266.971420
35.100000	0.593525	10270.644064
35.152000	0.597077	10274.326842
35.204000	0.600681	10278.141289
35.256000	0.604289	10281.968990
35.308000	0.607951	10285.922577
35.360000	0.611619	10289.902462
35.412000	0.615339	10294.004796
35.464000	0.619068	10298.142089
35.516000	0.622845	10302.387218
35.568000	0.626637	10306.682158
35.620000	0.630473	10311.079718
35.672000	0.634329	10315.543672
35.724000	0.638225	10320.103909
35.776000	0.642146	10324.738858
35.828000	0.646103	10329.455736
35.880000	0.650091	10334.269384
35.932000	0.654111	10339.158328
35.984000	0.658167	10344.151839
36.036000	0.662251	10349.206319
36.088000	0.666376	10354.390174
36.140000	0.670524	10359.625168
36.192000	0.674721	10365.001798
36.244000	0.678936	10370.416030
36.296000	0.683205	10375.989598
36.348000	0.687487	10381.587126
36.400000	0.691830	10387.356163
36.452000	0.696181	10393.140526
36.504000	0.700599	10399.115187
36.556000	0.705023	10405.110294
36.608000	0.709516	10411.283872
36.660000	0.714018	10417.490463
36.712000	0.718584	10423.854927
36.764000	0.723165	10430.269517
36.816000	0.727806	10436.831552
36.868000	0.732467	10443.459490
36.920000	0.737183	10450.220667
36.972000	0.741927	10457.066525
37.024000	0.746723	10464.033517
37.076000	0.751551	10471.094681
37.128000	0.756425	10478.257065
37.180000	0.761340	10485.531512
37.232000	0.766295	10492.893070
37.284000	0.771298	10500.385463
37.336000	0.776336	10507.950442
37.388000	0.781428	10515.655790
37.440000	0.786550	10523.416513
37.492000	0.791735	10531.325147
37.544000	0.796943	10539.272925
37.596000	0.802223	10547.388827
37.648000	0.807519	10555.528735
37.700000	0.812895	10563.840849
37.752000	0.818281	10572.166834
37.804000	0.823755	10580.662236
37.856000	0.829236	10589.174795
37.908000	0.834807	10597.835990
37.960000	0.840390	10606.525220
38.012000	0.846056	10615.341779
38.064000	0.851742	10624.195308
38.116000	0.857507	10633.155365
38.168000	0.863298	10642.159185
38.220000	0.869162	10651.249956
38.272000	0.875062	10660.388464
38.324000	0.881027	10669.595114
38.376000	0.887037	10678.850503
38.428000	0.893107	10688.156812
38.480000	0.899231	10697.509173
38.532000	0.905407	10706.896835
38.584000	0.911646	10716.328470
38.636000	0.917931	10725.783469
38.688000	0.924289	10735.263481
38.740000	0.930685	10744.754198
38.792000	0.937165	10754.258566
38.844000	0.943674	10763.766511
38.896000	0.950278	10773.274334
38.948000	0.956903	10782.781086
39.000000	0.963634	10792.252296
39.052000	0.970378	10801.721093
39.104000	0.977239	10811.137306
39.156000	0.984109	10820.542814
39.208000	0.991097	10829.866452
39.260000	0.998102	10839.170148
39.312000	1.005216	10848.382967
39.364000	1.012357	10857.557350
39.416000	1.019602	10866.624049
39.468000	1.026885	10875.628181
39.520000	1.034265	10884.512924
39.572000	1.041691	10893.313767
39.624000	1.049201	10901.995875
39.676000	1.056772	10910.560083
39.728000	1.064422	10919.003790
39.780000	1.072147	10927.293132
39.832000	1.079943	10935.466851
39.884000	1.087822	10943.441092
39.936000	1.095758	10951.308452
39.988000	1.103795	10958.939418
40.040000	1.111882	10966.480322
40.092000	1.120078	10973.730924
40.144000	1.128311	10980.910476
40.196000	1.136676	10987.746262
40.248000	1.145070	10994.535446
40.300000	1.153609	11000.924720
40.352000	1.162164	11007.280930
40.404000	1.170871	11013.209767
40.456000	1.179591	11019.084099
40.508000	1.188475	11024.533050
40.560000	1.197379	11029.891337
40.612000	1.206428	11034.858390
40.664000	1.215514	11039.688934
40.716000	1.224741	11044.144285
40.768000	1.234017	11048.415103
40.820000	1.243420	11052.334032
40.872000	1.252891	11056.022878
40.924000	1.262481	11059.395634
40.976000	1.272151	11062.486240
41.028000	1.281923	11065.292992
41.080000	1.291795	11067.768258
41.132000	1.301760	11069.999261
41.184000	1.311844	11071.851123
41.236000	1.322012	11073.501512
41.288000	1.332309	11074.717032
41.340000	1.342669	11075.771895
41.392000	1.353188	11076.341177
41.444000	1.363761	11076.795591
41.496000	1.374506	11076.728432
41.548000	1.385287	11076.592648
41.600000	1.396265	11075.889023
41.652000	1.407265	11075.139489
41.704000	1.418484	11073.813221
41.756000	1.429719	11072.419996
41.808000	1.441167	11070.518381
41.860000	1.452645	11068.502673
41.912000	1.464326	11066.015600
41.964000	1.476057	11063.377403
42.016000	1.487977	11060.330204
42.068000	1.499968	11057.093019
42.120000	1.512133	11053.500289
42.172000	1.524390	11049.681773
42.224000	1.536810	11045.558440
42.276000	1.549342	11041.174969
42.328000	1.562017	11036.535578
42.380000	1.574831	11031.615129
42.432000	1.587776	11026.490063
42.484000	1.600879	11021.050524
42.536000	1.614089	11015.448063
42.588000	1.627489	11009.526228
42.640000	1.640980	11003.488113
42.692000	1.654685	10997.106841
42.744000	1.668462	10990.646983
42.796000	1.682480	10983.846909
42.848000	1.696549	10977.003309
42.900000	1.710890	10969.807402
42.952000	1.725260	10962.585972
43.004000	1.739936	10955.053307
43.056000	1.754637	10947.483296
43.108000	1.769631	10939.647257
43.160000	1.784670	10931.758031
43.212000	1.799992	10923.654069
43.264000	1.815386	10915.484938
43.316000	1.831045	10907.144783
43.368000	1.846803	10898.732178
43.420000	1.862801	10890.186974
43.472000	1.878929	10881.569821
43.524000	1.895281	10872.856091
43.576000	1.911795	10864.066319
43.628000	1.928510	10855.204344
43.680000	1.945421	10846.272246
43.732000	1.962511	10837.291795
43.784000	1.979829	10828.260282
43.836000	1.997299	10819.202008
43.888000	2.015033	10810.101901
43.940000	2.032893	10800.987366
43.992000	2.051062	10791.849796
44.044000	2.069333	10782.707285
44.096000	2.087945	10773.556961
44.148000	2.106627	10764.407174
44.200000	2.125696	10755.282852
44.252000	2.144804	10746.160455
44.304000	2.164343	10737.076337
44.356000	2.183916	10728.001575
44.408000	2.203919	10718.989291
44.460000	2.223986	10709.992154
44.512000	2.244446	10701.059947
44.564000	2.265012	10692.156499
44.616000	2.285955	10683.328645
44.668000	2.307042	10674.543244
44.720000	2.328470	10665.835563
44.772000	2.350087	10657.186359
44.824000	2.372024	10648.614444
44.876000	2.394195	10640.118105
44.928000	2.416653	10631.694921
44.980000	2.439392	10623.365278
45.032000	2.462385	10615.101859
45.084000	2.485711	10606.951986
45.136000	2.509256	10598.859870
45.188000	2.533186	10590.900152
45.240000	2.557297	10582.986923
45.292000	2.581850	10575.221962
45.344000	2.606544	10567.491086
45.396000	2.631742	10559.937628
45.448000	2.657039	10552.403927
45.500000	2.682901	10545.057706
45.552000	2.708817	10537.727057
45.604000	2.735361	10530.588153
45.656000	2.761956	10523.475131
45.708000	2.789167	10516.540423
45.760000	2.816476	10509.649545
45.812000	2.844363	10502.926798
45.864000	2.872405	10496.257719
45.916000	2.900989	10489.731020
45.968000	2.929789	10483.281043
46.020000	2.959096	10476.966802
46.072000	2.988681	10470.742607
46.124000	3.018726	10464.635346
46.176000	3.049118	10458.633168
46.228000	3.079928	10452.731058
46.280000	3.111158	10446.944856
46.332000	3.142758	10441.240594
46.384000	3.174852	10435.674992
46.436000	3.207264	10430.177750
46.488000	3.240250	10424.823629
46.540000	3.273499	10419.519787
46.592000	3.307411	10414.376322
46.644000	3.341528	10409.267897
46.696000	3.376393	10404.332075
46.748000	3.411400	10399.415906
46.800000	3.447256	10394.683683
46.852000	3.483189	10389.965882
46.904000	3.520063	10385.422764
46.956000	3.557013	10380.901704
47.008000	3.594875	10376.534338
47.060000	3.632889	10372.205273
47.112000	3.671771	10368.020470
47.164000	3.710888	10363.884380
47.216000	3.750809	10359.871673
47.268000	3.791059	10355.917086
47.320000	3.832063	10352.067738
47.372000	3.873492	10348.289873
47.424000	3.915614	10344.604121
47.476000	3.958265	10341.000831
47.528000	4.001541	10337.475516
47.580000	4.045455	10334.042344
47.632000	4.089922	10330.672969
47.684000	4.135144	10327.404420
47.736000	4.180844	10324.186041
47.788000	4.227423	10321.077762
47.840000	4.274397	10318.007218
47.892000	4.322381	10315.054551
47.944000	4.370671	10312.127318
47.996000	4.420111	10309.319855
48.048000	4.469763	10306.527090
48.100000	4.520715	10303.871584
48.152000	4.571777	10301.225401
48.204000	4.624293	10298.700035
48.256000	4.676925	10296.191309
48.308000	4.730947	10293.794626
48.360000	4.785208	10291.423487
48.412000	4.840795	10289.151120
48.464000	4.896753	10286.913138
48.516000	4.953952	10284.762564
48.568000	5.011664	10282.654354
48.620000	5.070533	10280.621825
48.672000	5.130066	10278.639661
48.724000	5.190661	10276.722751
48.776000	5.252086	10274.859741
48.828000	5.314475	10273.049513
48.880000	5.377866	10271.307590
48.932000	5.442112	10269.612138
48.984000	5.507542	10267.983501
49.036000	5.573707	10266.389590
49.088000	5.641251	10264.873237
49.140000	5.709403	10263.383881
49.192000	5.779147	10261.982494
49.244000	5.849364	10260.599556
49.296000	5.921394	10259.300749
49.348000	5.993749	10258.012440
49.400000	6.068154	10256.818840
49.452000	6.142730	10255.631669
49.504000	6.219594	10254.531462
49.556000	6.296647	10253.444261
49.608000	6.375888	10252.442622
49.660000	6.455517	10251.459455
49.712000	6.537233	10250.550116
49.764000	6.619549	10249.663500
49.816000	6.703824	10248.839200
49.868000	6.788926	10248.048803
49.920000	6.875853	10247.318474
49.972000	6.963852	10246.622989
50.024000	7.053536	10245.975723
50.076000	7.144553	10245.371850
50.128000	7.237098	10244.810559
50.180000	7.331253	10244.299291
50.232000	7.426762	10243.824069
50.284000	7.524185	10243.408439
50.336000	7.622777	10243.022691
50.388000	7.723599	10242.689289
50.440000	7.825385	10242.377124
50.492000	7.929747	10242.137390
50.544000	8.034857	10241.913707
50.596000	8.142901	10241.763348
50.648000	8.251454	10241.622476
50.700000	8.363338	10241.560750
50.752000	8.475499	10241.504313
50.804000	8.591354	10241.522628
50.856000	8.707533	10241.551758
50.908000	8.827252	10241.657380
50.960000	8.947618	10241.776704
51.012000	9.071346	10241.958966
51.064000	9.196072	10242.165317
51.116000	9.323977	10242.435024
51.168000	9.453248	10242.730264
51.220000	9.585480	10243.077155
51.272000	9.719485	10243.458610
51.324000	9.856226	10243.888210
51.376000	9.995176	10244.359030
51.428000	10.136614	10244.872079
51.480000	10.280714	10245.432986
51.532000	10.427015	10246.029979
51.584000	10.576467	10246.681601
51.636000	10.727813	10247.363129
51.688000	10.882846	10248.106476
51.740000	11.039444	10248.873580
51.792000	11.200298	10249.709763
51.844000	11.362357	10250.563374
51.896000	11.529316	10251.494091
51.948000	11.697096	10252.435853
52.000000	11.870364	10253.462036
52.052000	12.044090	10254.494048
52.104000	12.223936	10255.610203
52.156000	12.404346	10256.737421
52.208000	12.590589	10257.951020
52.260000	12.777926	10259.181428
52.312000	12.970774	10260.488390
52.364000	13.165314	10261.817739
52.416000	13.365132	10263.215678
52.468000	13.567246	10264.648735
52.520000	13.774240	10266.149444
52.572000	13.984189	10267.687753
52.624000	14.198621	10269.282624
52.676000	14.416780	10270.930874
52.728000	14.639065	10272.633774
52.780000	14.865769	10274.391157
52.832000	15.096063	10276.192642
52.884000	15.331690	10278.062916
52.936000	15.570462	10279.972120
52.988000	15.815368	10281.964235
53.040000	16.062825	10283.988039
53.092000	16.317413	10286.096052
53.144000	16.573972	10288.227406
53.196000	16.838633	10290.459077
53.248000	17.104606	10292.705935
53.300000	17.379798	10295.065237
53.352000	17.655755	10297.434872
53.404000	17.941751	10299.928127
53.456000	18.228723	10302.432336
53.508000	18.525276	10305.045868
53.560000	18.823692	10307.682052
53.612000	19.131219	10310.424719
53.664000	19.441559	10313.200890
53.716000	19.760477	10316.076397
53.768000	20.083221	10318.996885
53.820000	20.413944	10322.009115
53.872000	20.749595	10325.078539
53.924000	21.092592	10328.231690
53.976000	21.441664	10331.458281
54.028000	21.797351	10334.761557
54.080000	22.160382	10338.144640
54.132000	22.529280	10341.592276
54.184000	22.906772	10345.137450
54.236000	23.289244	10348.738310
54.288000	23.681729	10352.451851
54.340000	24.078295	10356.210650
54.392000	24.486372	10360.098269
54.444000	24.897553	10364.020047
54.496000	25.321733	10368.086692
54.548000	25.747944	10372.175514
54.600000	26.188806	10376.426668
54.652000	26.630879	10380.691243
54.704000	27.088712	10385.129113
54.756000	27.548137	10389.586325
54.808000	28.022456	10394.210481
54.860000	28.499732	10398.865439
54.912000	28.991058	10403.670720
54.964000	29.486773	10408.524188
55.016000	29.995573	10413.520287
55.068000	30.510266	10418.580859
55.120000	31.037010	10423.772575
55.172000	31.571221	10429.048869
55.224000	32.116376	10434.446147
55.276000	32.670622	10439.938821
55.328000	33.234604	10445.535352
55.380000	33.809393	10451.249315
55.432000	34.392670	10457.055247
55.484000	34.988411	10463.000857
55.536000	35.591243	10469.024209
55.588000	36.208384	10475.197937
55.640000	36.831240	10481.432992
55.692000	37.470157	10487.842328
55.744000	38.113296	10494.297712
55.796000	38.774289	10500.951666
55.848000	39.437971	10507.634105
55.900000	40.121341	10514.525739
55.952000	40.806319	10521.436001
56.004000	41.511713	10528.572451
56.056000	42.219230	10535.730457
56.108000	42.945687	10543.091111
56.160000	43.675876	10550.494400
56.212000	44.423292	10558.089399
56.264000	45.176059	10565.742950
56.316000	45.944435	10573.567751
56.368000	46.719729	10581.465850
56.420000	47.508909	10589.514488
56.472000	48.306507	10597.659246
56.524000	49.116230	10605.940472
56.576000	49.935755	10614.330627
56.628000	50.765605	10622.835951
56.680000	51.606519	10631.465228
56.732000	52.455977	10640.190647
56.784000	53.317679	10649.054417
56.836000	54.186224	10657.995929
56.888000	55.067852	10667.087051
56.940000	55.954600	10676.237147
56.992000	56.855133	10685.547136
57.044000	57.759200	10694.898530
57.096000	58.677482	10704.417470
57.148000	59.597827	10713.961223
57.200000	60.532508	10723.677580
57.252000	61.468315	10733.408828
57.304000	62.417421	10743.309922
57.356000	63.367799	10753.225416
57.408000	64.329024	10763.277661
57.460000	65.292134	10773.355067
57.512000	66.263708	10783.548234
57.564000	67.237494	10793.775617
57.616000	68.217598	10804.098971
57.668000	69.199855	10814.454711
57.720000	70.186355	10824.878974
57.772000	71.174600	10835.341713
57.824000	72.165313	10845.858071
57.876000	73.156894	10856.405839
57.928000	74.149376	10866.987546
57.980000	75.141414	10877.588621
58.032000	76.133115	10888.207402
58.084000	77.122566	10898.842083
58.136000	78.110783	10909.485169
58.188000	79.094413	10920.122640
58.240000	80.076284	10930.759087
58.292000	81.050748	10941.368679
58.344000	82.023362	10951.972647
58.396000	82.985116	10962.522841
58.448000	83.945352	10973.066616
58.500000	84.890743	10983.524851
58.552000	85.834833	10993.976544
58.604000	86.760847	11004.321745
58.656000	87.684449	11014.648341
58.708000	88.588360	11024.841820
58.760000	89.487559	11035.001796
58.812000	90.366194	11045.021539
58.864000	91.237273	11054.988827
58.916000	92.087251	11064.810320
58.968000	92.926379	11074.548993
59.020000	93.744528	11084.134058
59.072000	94.547954	11093.612083
59.124000	95.330893	11102.941902
59.176000	96.094896	11112.128348
59.228000	96.839608	11121.171483
59.280000	97.560645	11130.029713
59.332000	98.264010	11138.754155
59.384000	98.938580	11147.261692
59.436000	99.597634	11155.653146
59.488000	100.222390	11163.779069
59.540000	100.834272	11171.807475
59.592000	101.406204	11179.526310
59.644000	101.968418	11187.171893
59.696000	102.484782	11194.461238
59.748000	102.994987	11201.705495
59.800000	103.452832	11208.546749
59.852000	103.906403	11215.353703
59.904000	104.305829	11221.739194
59.956000	104.698656	11228.071663
60.008000	105.039833	11234.006358
60.060000	105.369613	11239.852964
60.112000	105.650980	11245.330756
60.164000	105.916052	11250.678910
60.216000	106.136569	11255.684252
60.268000	106.335552	11260.525025
60.320000	106.493658	11265.056934
60.372000	106.625410	11269.386105
60.424000	106.721106	11273.443333
60.476000	106.785367	11277.257169
60.528000	106.818132	11280.833915
60.580000	106.814302	11284.137452
60.632000	106.783617	11287.243086
60.684000	106.711435	11290.038192
60.736000	106.617299	11292.672976
60.788000	106.477145	11294.966788
60.840000	106.320079	11297.138940
60.892000	106.113396	11298.950307
60.944000	105.894959	11300.679645
60.996000	105.621704	11302.013798
61.048000	105.341378	11303.301064
61.100000	105.003956	11304.190813
61.152000	104.661996	11305.047891
61.204000	104.264130	11305.520518
61.256000	103.859604	11305.945371
61.308000	103.405049	11306.038251
61.360000	102.939860	11306.060549
61.412000	102.430695	11305.802557
61.464000	101.907245	11305.448669
61.516000	101.345551	11304.854050
61.568000	100.766604	11304.154934
61.620000	100.155503	11303.268134
61.672000	99.524196	11302.261069
61.724000	98.865714	11301.100581
61.776000	98.184861	11299.810873
61.828000	97.481964	11298.403011
61.880000	96.754957	11296.873717
61.932000	96.010557	11295.261549
61.984000	95.240860	11293.528481
62.036000	94.458026	11291.738377
62.088000	93.649221	11289.838546
62.140000	92.831072	11287.904521
62.192000	91.986931	11285.876956
62.244000	91.136797	11283.832657
62.296000	90.261069	11281.716426
62.348000	89.382175	11279.595832
62.400000	88.478684	11277.429373
62.452000	87.573373	11275.261031
62.504000	86.646891	11273.086600
62.556000	85.718119	11270.912438
62.608000	84.772809	11268.765701
62.660000	83.824386	11266.623115
62.712000	82.863422	11264.522714
62.764000	81.899026	11262.441063
62.816000	80.925632	11260.423366
62.868000	79.948948	11258.443265
62.920000	78.966244	11256.540594
62.972000	77.980786	11254.688836
63.024000	76.991685	11252.915963
63.076000	76.000788	11251.220003
63.128000	75.008150	11249.606318
63.180000	74.015026	11248.098098
63.232000	73.021557	11246.669521
63.284000	72.029293	11245.369167
63.336000	71.037644	11244.139778
63.388000	70.049071	11243.059833
63.440000	69.061583	11242.038678
63.492000	68.079320	11241.204577
63.544000	67.098228	11240.415398
63.596000	66.124763	11239.835056
63.648000	65.152200	11239.282203
63.700000	64.189742	11238.957094
63.752000	63.228172	11238.652447
63.804000	62.278182	11238.589427
63.856000	61.329912	11238.555009
63.908000	60.393600	11238.737950
63.960000	59.460351	11238.968217
64.012000	58.539121	11239.394116
64.064000	57.622469	11239.884686
64.116000	56.717570	11240.547118
64.168000	55.818882	11241.289532
64.220000	54.931354	11242.179100
64.272000	54.051786	11243.161048
64.324000	53.182565	11244.264881
64.376000	52.323117	11245.470251
64.428000	51.472983	11246.772990
64.480000	50.634434	11248.182078
64.532000	49.803960	11249.664959
64.584000	48.986970	11251.255121
64.636000	48.176727	11252.897864
64.688000	47.381763	11254.642768
64.740000	46.592063	11256.421129
64.792000	45.819443	11258.291619
64.844000	45.050547	11260.179905
64.896000	44.300571	11262.145416
64.948000	43.552738	11264.116934
65.000000	42.825402	11266.142816
65.052000	42.099694	11268.171861
65.104000	41.393988	11270.218832
65.156000	40.691000	11272.268888
65.208000	40.006202	11274.305668
65.260000	39.325725	11276.338836
65.312000	38.661782	11278.333794
65.364000	38.003698	11280.315190
65.416000	37.360351	11282.238890
65.468000	36.724340	11284.126432
65.520000	36.101276	11285.935361
65.572000	35.487024	11287.688662
65.624000	34.884036	11289.354931
65.676000	34.291168	11290.937055
65.728000	33.707787	11292.425537
65.780000	33.135856	11293.798536
65.832000	32.571770	11295.078592
65.884000	32.020346	11296.205480
65.936000	31.475139	11297.244020
65.988000	30.943702	11298.094675
66.040000	30.416906	11298.868154
66.092000	29.904916	11299.396096
66.144000	29.396064	11299.861097
66.196000	28.903027	11300.041277
66.248000	28.411701	11300.179241
66.300000	27.937036	11299.978567
66.352000	27.463658	11299.749397
66.404000	27.005878	11299.149690
66.456000	26.550253	11298.508426
66.508000	26.108543	11297.513470
66.560000	25.670121	11296.442549
66.612000	25.243962	11295.032553
66.664000	24.822141	11293.508982
66.716000	24.411012	11291.659512
66.768000	24.005231	11289.656967
66.820000	23.608717	11287.358546
66.872000	23.218471	11284.869527
66.924000	22.836103	11282.113041
66.976000	22.460799	11279.122807
67.028000	22.092005	11275.892935
67.080000	21.731106	11272.390693
67.132000	21.375523	11268.683994
67.184000	21.028503	11264.671170
67.236000	20.685610	11260.492514
67.288000	20.351909	11255.960729
67.340000	20.021238	11251.295816
67.392000	19.700401	11246.253311
67.444000	19.381588	11241.118430
67.496000	19.073100	11235.569969
67.548000	18.765677	11229.964695
67.600000	18.469050	11223.906125
67.652000	18.173248	11217.813480
67.704000	17.887409	11211.293347
67.756000	17.602972	11204.723929
67.808000	17.327274	11197.766875
67.860000	17.053695	11190.729037
67.912000	16.787826	11183.346939
67.964000	16.524729	11175.856925
68.016000	16.268327	11168.071019
68.068000	16.015272	11160.148329
68.120000	15.767919	11151.968668
68.172000	15.524474	11143.639370
68.224000	15.285858	11135.102124
68.276000	15.051634	11126.391276
68.328000	14.821392	11117.508214
68.380000	14.596032	11108.447387
68.432000	14.373903	11099.253635
68.484000	14.157071	11089.866225
68.536000	13.942743	11080.377533
68.588000	13.734040	11070.701473
68.640000	13.527150	11060.954361
68.692000	13.326285	11051.013086
68.744000	13.126623	11041.026971
68.796000	12.933214	11030.862948
68.848000	12.740418	11020.673873
68.900000	12.554199	11010.309576
68.952000	12.368481	10999.932839
69.004000	12.188791	10989.413426
69.056000	12.009968	10978.880549
69.108000	11.836363	10968.240335
69.160000	11.664060	10957.583088
69.212000	11.496385	10946.851214
69.264000	11.330407	10936.102960
69.316000	11.168452	10925.307590
69.368000	11.008541	10914.500318
69.420000	10.852047	10903.668154
69.472000	10.697901	10892.832024
69.524000	10.546607	10881.988226
69.576000	10.398009	10871.153360
69.628000	10.251812	10860.325131
69.680000	10.108572	10849.520185
69.732000	9.967254	10838.730084
69.784000	9.829123	10827.976997
69.836000	9.692470	10817.243026
69.888000	9.559243	10806.575584
69.940000	9.427094	10795.928720
69.992000	9.298570	10785.360616
70.044000	9.170748	10774.810800
70.096000	9.046742	10764.374131
70.148000	8.923092	10753.948437
70.200000	8.803419	10743.651910
70.252000	8.684047	10733.366670
70.304000	8.568270	10723.225274
70.356000	8.453039	10713.105392
70.408000	8.340981	10703.128987
70.460000	8.229723	10693.189116
70.512000	8.121238	10683.389093
70.564000	8.013792	10673.642482
70.616000	7.908755	10664.030535
70.668000	7.804974	10654.489421
70.720000	7.703255	10645.073720
70.772000	7.602992	10635.743719
70.824000	7.504466	10626.526192
70.876000	7.407582	10617.420958
70.928000	7.312135	10608.419394
70.980000	7.218498	10599.540400
71.032000	7.126016	10590.747699
71.084000	7.035497	10582.101830
71.136000	6.945870	10573.528576
71.188000	6.858351	10565.119897
71.240000	6.771481	10556.767176
71.292000	6.686848	10548.598467
71.344000	6.602636	10540.469234
71.396000	6.520770	10532.541250
71.448000	6.439112	10524.635510
71.500000	6.359909	10516.947969
71.552000	6.280890	10509.276243
71.604000	6.204079	10501.810792
71.656000	6.127613	10494.374536
71.708000	6.053095	10487.130121
71.760000	5.979082	10479.933669
71.812000	5.906780	10472.913259
71.864000	5.835128	10465.952005
71.916000	5.764958	10459.141908
71.968000	5.695578	10452.406235
72.020000	5.627473	10445.803799
72.072000	5.560281	10439.296771
72.124000	5.494162	10432.908283
72.176000	5.429074	10426.622234
72.228000	5.364875	10420.433591
72.280000	5.301812	10414.364306
72.332000	5.239464	10408.376174
72.384000	5.178354	10402.519800
72.436000	5.117795	10396.727596
72.488000	5.058567	10391.078911
72.540000	4.999740	10385.478140
72.592000	4.942321	10380.031481
72.644000	4.885158	10374.616486
72.696000	4.829489	10369.361350
72.748000	4.773944	10364.123663
72.800000	4.719954	10359.058592
72.852000	4.666081	10354.006894
72.904000	4.613599	10349.117103
72.956000	4.561343	10344.248089
73.008000	4.510317	10339.519168
73.060000	4.459619	10334.824497
73.112000	4.410003	10330.256258
73.164000	4.360806	10325.733527
73.216000	4.312548	10321.322017
73.268000	4.264798	10316.965797
73.320000	4.217855	10312.704692
73.372000	4.171503	10308.505353
73.424000	4.125834	10304.385555
73.476000	4.080829	10300.339451
73.528000	4.036388	10296.360813
73.580000	3.992686	10292.463633
73.632000	3.949441	10288.620913
73.684000	3.906995	10284.862874
73.736000	3.864900	10281.146934
73.788000	3.823668	10277.526923
73.840000	3.782690	10273.938037
73.892000	3.742632	10270.445496
73.944000	3.702737	10266.974174
73.996000	3.663810	10263.615224
74.048000	3.624964	10260.265177
74.100000	3.587128	10257.018905
74.152000	3.549372	10253.782630
74.204000	3.512513	10250.652856
74.256000	3.475806	10247.534214
74.308000	3.439900	10244.499406
74.360000	3.404210	10241.489028
74.412000	3.369224	10238.561598
74.464000	3.334517	10235.660523
74.516000	3.300420	10232.826258
74.568000	3.266662	10230.023807
74.620000	3.233434	10227.278033
74.672000	3.200598	10224.573337
74.724000	3.168207	10221.919041
74.776000	3.136258	10219.310659
74.828000	3.104679	10216.743605
74.880000	3.073591	10214.223365
74.932000	3.042802	10211.735680
74.984000	3.012548	10209.298421
75.036000	2.982523	10206.886404
75.088000	2.953073	10204.533251
75.140000	2.923786	10202.198659
75.192000	2.895114	10199.922132
75.244000	2.866545	10197.658041
75.296000	2.838626	10195.459938
75.348000	2.810761	10193.266143
75.400000	2.783570	10191.132343
75.452000	2.756436	10189.005273
75.504000	2.729896	10186.944908
75.556000	2.703462	10184.890087
75.608000	2.677566	10182.883167
75.660000	2.651819	10180.890026
75.712000	2.626538	10178.945264
75.764000	2.601448	10177.015654
75.816000	2.576770	10175.125224
75.868000	2.552322	10173.256374
75.920000	2.528226	10171.423322
75.972000	2.504398	10169.608400
76.024000	2.480869	10167.820147
76.076000	2.457644	10166.060343
76.128000	2.434666	10164.325711
76.180000	2.412021	10162.617711
76.232000	2.389574	10160.928683
76.284000	2.367497	10159.268842
76.336000	2.345576	10157.624007
76.388000	2.324048	10156.010336
76.440000	2.302631	10154.407561
76.492000	2.281633	10152.838164
76.544000	2.260705	10151.276099
76.596000	2.240225	10149.754425
76.648000	2.219781	10148.234353
76.700000	2.199794	10146.748022
76.752000	2.179847	10145.263452
76.804000	2.160308	10143.813008
76.856000	2.140842	10142.366575
76.908000	2.121744	10140.950384
76.960000	2.102751	10139.542772
77.012000	2.084080	10138.164532
77.064000	2.065543	10136.792031
77.116000	2.047288	10135.439895
77.168000	2.029195	10134.095030
77.220000	2.011345	10132.767735
77.272000	1.993682	10131.455995
77.324000	1.976223	10130.162694
77.376000	1.958973	10128.883039
77.428000	1.941894	10127.617289
77.480000	1.925050	10126.362272
77.532000	1.908345	10125.117623
77.584000	1.891898	10123.889349
77.636000	1.875557	10122.670033
77.688000	1.859489	10121.463020
77.740000	1.843497	10120.262599
77.792000	1.827800	10119.086151
77.844000	1.812151	10117.912113
77.896000	1.796819	10116.749701
77.948000	1.781513	10115.589506
78.000000	1.766524	10114.455520
78.052000	1.751565	10113.320591
78.104000	1.736894	10112.201713
78.156000	1.722276	10111.082846
78.208000	1.707916	10109.978222
78.260000	1.693630	10108.874487
78.312000	1.679567	10107.783161
78.364000	1.665601	10106.698885
78.416000	1.651834	10105.630488
78.468000	1.638180	10104.561340
78.520000	1.624695	10103.499481
78.572000	1.611344	10102.443996
78.624000	1.598139	10101.398304
78.676000	1.585087	10100.352091
78.728000	1.572158	10099.311492
78.780000	1.559394	10098.278880
78.832000	1.546725	10097.253015
78.884000	1.534237	10096.235800
78.936000	1.521822	10095.223983
78.988000	1.509609	10094.211258
79.040000	1.497449	10093.201915
79.092000	1.485502	10092.198030
79.144000	1.473587	10091.195501
79.196000	1.461897	10090.200091
79.248000	1.450226	10089.204938
79.300000	1.438784	10088.222497
79.352000	1.427365	10087.236858
79.404000	1.416152	10086.255109
79.456000	1.404977	10085.270120
79.508000	1.393983	10084.288488
79.560000	1.383043	10083.308136
79.612000	1.372267	10082.336591
79.664000	1.361561	10081.361510
79.716000	1.350998	10080.389093
79.768000	1.340518	10079.416001
79.820000	1.330158	10078.447454
79.872000	1.319896	10077.478316
79.924000	1.309739	10076.513182
79.976000	1.299693	10075.543580
80.028000	1.289733	10074.576239
80.080000	1.279893	10073.603921
80.132000	1.270121	10072.633831
80.184000	1.260486	10071.663113
80.236000	1.250906	10070.695250
80.288000	1.241466	10069.721391
80.340000	1.232063	10068.749379
80.392000	1.222819	10067.777651
80.444000	1.213597	10066.804807
80.496000	1.204544	10065.824607
80.548000	1.195504	10064.843050
80.600000	1.186626	10063.864222
80.652000	1.177766	10062.881735
80.704000	1.169060	10061.898057
80.756000	1.160381	10060.908337
80.808000	1.151831	10059.914152
80.860000	1.143322	10058.917716
80.912000	1.134933	10057.923214
80.964000	1.126597	10056.923577
81.016000	1.118364	10055.923154
81.068000	1.110193	10054.913912
81.120000	1.102111	10053.902138
81.172000	1.094102	10052.884064
81.224000	1.086171	10051.865852
81.276000	1.078319	10050.840679
81.328000	1.070528	10049.815729
81.380000	1.062831	10048.778786
81.432000	1.055186	10047.741620
81.484000	1.047638	10046.696066
81.536000	1.040128	10045.651617
81.588000	1.032726	10044.592878
81.640000	1.025351	10043.534675
81.692000	1.018094	10042.468630
81.744000	1.010855	10041.400775
81.796000	1.003737	10040.322135
81.848000	0.996629	10039.238371
81.900000	0.989644	10038.141595
81.952000	0.982672	10037.042371
82.004000	0.975810	10035.942426
82.056000	0.968971	10034.833878
82.108000	0.962231	10033.714815
82.160000	0.955521	10032.587984
82.212000	0.948900	10031.454858
82.264000	0.942317	10030.312832
82.316000	0.935811	10029.165500
82.368000	0.929352	10028.004901
82.420000	0.922959	10026.837887
82.472000	0.916621	10025.659558
82.524000	0.910339	10024.477887
82.576000	0.904119	10023.283694
82.628000	0.897946	10022.087234
82.680000	0.891842	10020.877010
82.732000	0.885775	10019.665601
82.784000	0.879784	10018.434295
82.836000	0.873821	10017.202434
82.888000	0.867940	10015.949117
82.940000	0.862078	10014.695028
82.992000	0.856305	10013.421228
83.044000	0.850543	10012.145144
83.096000	0.844875	10010.856152
83.148000	0.839215	10009.561738
83.200000	0.833646	10008.252080
83.252000	0.828088	10006.935035
83.304000	0.822614	10005.604269
83.356000	0.817156	10004.262483
83.408000	0.811773	10002.905228
83.460000	0.806413	10001.537239
83.512000	0.801120	10000.158562
83.564000	0.795857	9998.770258
83.616000	0.790651	9997.375325
83.668000	0.785482	9995.959862
83.720000	0.780362	9994.532783
83.772000	0.775284	9993.093452
83.824000	0.770249	9991.649889
83.876000	0.765261	9990.180653
83.928000	0.760308	9988.704634
83.980000	0.755408	9987.209284
84.032000	0.750536	9985.711345
84.084000	0.745722	9984.187434
84.136000	0.740930	9982.662142
84.188000	0.736200	9981.113866
84.240000	0.731484	9979.563650
84.292000	0.726837	9977.982807
84.344000	0.722198	9976.398575
84.396000	0.717632	9974.795593
84.448000	0.713071	9973.184578
84.500000	0.708580	9971.548846
84.552000	0.704097	9969.903895
84.604000	0.699677	9968.240291
84.656000	0.695271	9966.563311
84.708000	0.690922	9964.866558
84.760000	0.686592	9963.156239
84.812000	0.682312	9961.431474
84.864000	0.678055	9959.690935
84.916000	0.673843	9957.938036
84.968000	0.669658	9956.163941
85.020000	0.665511	9954.377595
85.072000	0.661398	9952.567446
85.124000	0.657317	9950.747599
85.176000	0.653272	9948.901317
85.228000	0.649254	9947.047898
85.280000	0.645277	9945.165383
85.332000	0.641322	9943.278280
85.384000	0.637411	9941.364225
85.436000	0.633517	9939.448562
85.488000	0.629672	9937.493293
85.540000	0.625838	9935.535397
85.592000	0.622056	9933.541241
85.644000	0.618282	9931.542616
85.696000	0.614562	9929.519947
85.748000	0.610847	9927.487804
85.800000	0.607186	9925.426050
85.852000	0.603533	9923.351627
85.904000	0.599928	9921.250506
85.956000	0.596334	9919.135691
86.008000	0.592784	9917.000436
86.060000	0.589248	9914.846412
86.112000	0.585751	9912.671744
86.164000	0.582273	9910.475221
86.216000	0.578829	9908.261031
86.268000	0.575407	9906.018675
86.320000	0.572014	9903.759675
86.372000	0.568647	9901.476291
86.424000	0.565305	9899.182895
86.476000	0.561992	9896.858407
86.528000	0.558700	9894.525360
86.580000	0.555440	9892.153680
86.632000	0.552197	9889.775697
86.684000	0.548989	9887.360410
86.736000	0.545794	9884.942470
86.788000	0.542636	9882.479210
86.840000	0.539488	9880.012978
86.892000	0.536380	9877.509989
86.944000	0.533278	9874.999805
86.996000	0.530220	9872.451799
87.048000	0.527165	9869.892852
87.100000	0.524152	9867.299746
87.152000	0.521145	9864.692107
87.204000	0.518177	9862.053810
87.256000	0.515217	9859.399500
87.308000	0.512291	9856.721090
87.360000	0.509376	9854.018677
87.412000	0.506492	9851.289711
87.464000	0.503623	9848.532810
87.516000	0.500781	9845.753212
87.568000	0.497956	9842.948282
87.620000	0.495155	9840.128547
87.672000	0.492373	9837.273015
87.724000	0.489612	9834.402583
87.776000	0.486873	9831.492399
87.828000	0.484151	9828.571209
87.880000	0.481454	9825.610824
87.932000	0.478770	9822.644120
87.984000	0.476114	9819.624931
88.036000	0.473469	9816.601822
88.088000	0.470853	9813.533179
88.140000	0.468243	9810.460385
88.192000	0.465668	9807.340986
88.244000	0.463096	9804.213273
88.296000	0.460558	9801.043063
88.348000	0.458024	9797.860421
88.400000	0.455523	9794.639324
88.452000	0.453026	9791.401794
88.504000	0.450560	9788.129769
88.556000	0.448100	9784.835282
88.608000	0.445668	9781.506977
88.660000	0.443245	9778.151880
88.712000	0.440847	9774.767357
88.764000	0.438460	9771.354529
88.816000	0.436094	9767.918924
88.868000	0.433742	9764.451055
88.920000	0.431409	9760.964346
88.972000	0.429092	9757.434080
89.024000	0.426790	9753.885823
89.076000	0.424507	9750.297354
89.128000	0.422237	9746.697905
89.180000	0.419987	9743.049844
89.232000	0.417748	9739.394027
89.284000	0.415531	9735.685155
89.336000	0.413321	9731.972086
89.388000	0.411137	9728.197907
89.440000	0.408958	9724.419284
89.492000	0.406804	9720.593925
89.544000	0.404654	9716.758239
89.596000	0.402532	9712.871207
89.648000	0.400412	9708.968949
89.700000	0.398318	9705.020244
89.752000	0.396229	9701.053157
89.804000	0.394163	9697.047853
89.856000	0.392104	9693.019809
89.908000	0.390066	9688.957970
89.960000	0.388035	9684.866497
90.012000	0.386025	9680.742786
90.064000	0.384023	9676.584682
90.116000	0.382039	9672.399156
90.168000	0.380066	9668.174425
90.220000	0.378107	9663.927015
90.272000	0.376161	9659.635602
90.324000	0.374228	9655.326276
90.376000	0.372310	9650.972294
90.428000	0.370403	9646.606322
90.480000	0.368511	9642.182229
90.532000	0.366628	9637.749049
90.584000	0.364763	9633.257520
90.636000	0.362904	9628.761304
90.688000	0.361066	9624.198800
90.740000	0.359232	9619.631075
90.792000	0.357418	9615.011896
90.844000	0.355607	9610.381203
90.896000	0.353819	9605.694831
90.948000	0.352032	9600.991651
91.000000	0.350268	9596.238076
91.052000	0.348506	9591.464156
91.104000	0.346764	9586.648522
91.156000	0.345026	9581.807748
91.208000	0.343306	9576.930060
91.260000	0.341592	9572.017402
91.312000	0.339893	9567.067166
91.364000	0.338202	9562.082185
91.416000	0.336526	9557.069869
91.468000	0.334858	9552.014683
91.520000	0.333202	9546.935044
91.572000	0.331557	9541.807304
91.624000	0.329922	9536.660291
91.676000	0.328299	9531.459985
91.728000	0.326685	9526.245615
91.780000	0.325084	9520.972737
91.832000	0.323489	9515.690990
91.884000	0.321910	9510.345501
91.936000	0.320335	9504.994939
91.988000	0.318776	9499.578244
92.040000	0.317221	9494.155029
92.092000	0.315684	9488.670964
92.144000	0.314148	9483.174158
92.196000	0.312631	9477.617461
92.248000	0.311116	9472.043655
92.300000	0.309617	9466.419537
92.352000	0.308121	9460.773067
92.404000	0.306641	9455.081467
92.456000	0.305165	9449.360183
92.508000	0.303703	9443.595914
92.560000	0.302247	9437.798854
92.612000	0.300803	9431.967089
92.664000	0.299365	9426.094368
92.716000	0.297939	9420.189848
92.768000	0.296520	9414.242114
92.820000	0.295111	9408.270125
92.872000	0.293711	9402.245924
92.924000	0.292319	9396.201162
92.976000	0.290937	9390.098577
93.028000	0.289561	9383.981056
93.080000	0.288197	9377.804639
93.132000	0.286838	9371.619583
93.184000	0.285491	9365.365426
93.236000	0.284149	9359.105748
93.288000	0.282820	9352.774991
93.340000	0.281493	9346.437402
93.392000	0.280180	9340.039106
93.444000	0.278869	9333.626808
93.496000	0.277574	9327.150522
93.548000	0.276280	9320.656833
93.600000	0.275000	9314.112971
93.652000	0.273722	9307.544712
93.704000	0.272458	9300.927991
93.756000	0.271196	9294.281254
93.808000	0.269946	9287.591725
93.860000	0.268700	9280.866530
93.912000	0.267465	9274.104133
93.964000	0.266235	9267.303398
94.016000	0.265014	9260.473374
94.068000	0.263799	9253.593060
94.120000	0.262592	9246.684946
94.172000	0.261393	9239.724265
94.224000	0.260201	9232.743273
94.276000	0.259016	9225.704079
94.328000	0.257837	9218.650199
94.380000	0.256668	9211.532490
94.432000	0.255503	9204.405727
94.484000	0.254348	9197.209464
94.536000	0.253196	9190.007797
94.588000	0.252055	9182.740368
94.640000	0.250917	9175.464695
94.692000	0.249790	9168.119143
94.744000	0.248665	9160.760208
94.796000	0.247552	9153.341770
94.848000	0.246441	9145.904269
94.900000	0.245341	9138.412883
94.952000	0.244242	9130.896793
95.004000	0.243155	9123.332496
95.056000	0.242070	9115.737849
95.108000	0.240995	9108.100608
95.160000	0.239924	9100.427374
95.212000	0.238861	9092.717184
95.264000	0.237803	9084.962380
95.316000	0.236752	9077.174006
95.368000	0.235707	9069.341736
95.420000	0.234667	9061.485627
95.472000	0.233634	9053.576593
95.524000	0.232607	9045.647504
95.576000	0.231586	9037.659854
95.628000	0.230571	9029.657788
95.680000	0.229562	9021.591538
95.732000	0.228558	9013.516513
95.784000	0.227562	9005.371644
95.836000	0.226568	8997.221203
95.888000	0.225584	8989.000113
95.940000	0.224601	8980.771007
95.992000	0.223628	8972.476934
96.044000	0.222657	8964.169167
96.096000	0.221696	8955.802111
96.148000	0.220736	8947.415686
96.200000	0.219786	8938.975642
96.252000	0.218837	8930.512363
96.304000	0.217897	8922.004536
96.356000	0.216959	8913.466036
96.408000	0.216030	8904.885181
96.460000	0.215104	8896.268016
96.512000	0.214184	8887.614156
96.564000	0.213268	8878.918327
96.616000	0.212359	8870.191431
96.668000	0.211454	8861.416915
96.720000	0.210554	8852.616976
96.772000	0.209659	8843.767593
96.824000	0.208770	8834.899857
96.876000	0.207886	8825.973215
96.928000	0.207006	8817.032434
96.980000	0.206132	8808.031722
97.032000	0.205261	8799.023124
97.084000	0.204397	8789.944329
97.136000	0.203536	8780.860142
97.188000	0.202682	8771.710612
97.240000	0.201830	8762.552753
97.292000	0.200986	8753.330167
97.344000	0.200143	8744.094578
97.396000	0.199309	8734.804191
97.448000	0.198475	8725.495530
97.500000	0.197650	8716.137297
97.552000	0.196826	8706.753731
97.604000	0.196009	8697.322436
97.656000	0.195195	8687.864580
97.708000	0.194387	8678.370657
97.760000	0.193582	8668.840111
97.812000	0.192783	8659.273149
97.864000	0.191987	8649.666901
97.916000	0.191196	8640.032046
97.968000	0.190408	8630.352691
98.020000	0.189626	8620.650011
98.072000	0.188847	8610.897560
98.124000	0.188073	8601.127007
98.176000	0.187303	8591.301450
98.228000	0.186537	8581.463036
98.280000	0.185776	8571.569019
98.332000	0.185018	8561.667979
98.384000	0.184266	8551.696403
98.436000	0.183515	8541.719880
98.488000	0.182771	8531.688261
98.540000	0.182029	8521.647998
98.592000	0.181293	8511.543313
98.644000	0.180557	8501.426362
98.696000	0.179830	8491.259018
98.748000	0.179103	8481.074546
98.800000	0.178383	8470.844563
98.852000	0.177664	8460.592602
98.904000	0.176951	8450.299968
98.956000	0.176240	8439.978274
99.008000	0.175535	8429.617759
99.060000	0.174832	8419.225572
99.112000	0.174134	8408.802401
99.164000	0.173439	8398.342709
99.216000	0.172747	8387.856878
99.268000	0.172059	8377.329677
99.320000	0.171375	8366.781179
99.372000	0.170694	8356.190323
99.424000	0.170017	8345.584390
99.476000	0.169344	8334.923163
99.528000	0.168674	8324.249355
99.580000	0.168008	8313.524289
99.632000	0.167345	8302.793010
99.684000	0.166686	8292.006075
99.736000	0.166029	8281.214273
99.788000	0.165378	8270.357617
99.840000	0.164728	8259.494579
99.892000	0.164084	8248.585705
99.944000	0.163440	8237.664300
99.996000	0.162803	8226.692753
100.048000	0.162166	8215.706719
100.100000	0.161535	8204.682976
100.152000	0.160905	8193.636989
100.204000	0.160280	8182.550558
100.256000	0.159656	8171.439298
100.308000	0.159038	8160.295430
100.360000	0.158421	8149.124931
100.412000	0.157809	8137.928801
100.464000	0.157198	8126.695900
100.516000	0.156592	8115.437133
100.568000	0.155988	8104.147112
100.620000	0.155387	8092.841301
100.672000	0.154790	8081.489031
100.724000	0.154196	8070.120573
100.776000	0.153605	8058.713590
100.828000	0.153016	8047.298082
100.880000	0.152431	8035.831116
100.932000	0.151848	8024.358188
100.984000	0.151270	8012.834370
101.036000	0.150692	8001.306549
101.088000	0.150119	7989.729094
101.140000	0.149548	7978.145042
101.192000	0.148981	7966.515332
101.244000	0.148415	7954.876033
101.296000	0.147854	7943.199342
101.348000	0.147294	7931.507937
101.400000	0.146738	7919.778984
101.452000	0.146184	7908.031285
101.504000	0.145634	7896.250125
101.556000	0.145085	7884.448442
101.608000	0.144540	7872.620250
101.660000	0.143997	7860.767905
101.712000	0.143458	7848.892708
101.764000	0.142921	7836.986615
101.816000	0.142386	7825.059193
101.868000	0.141854	7813.103946
101.920000	0.141324	7801.134869
101.972000	0.140798	7789.130726
102.024000	0.140274	7777.114636
102.076000	0.139753	7765.059826
102.128000	0.139234	7752.996691
102.180000	0.138718	7740.895945
102.232000	0.138203	7728.791045
102.284000	0.137693	7716.640150
102.336000	0.137183	7704.485938
102.388000	0.136677	7692.292173
102.440000	0.136172	7680.092959
102.492000	0.135672	7667.857407
102.544000	0.135173	7655.613159
102.596000	0.134677	7643.335795
102.648000	0.134183	7631.045000
102.700000	0.133692	7618.720626
102.752000	0.133202	7606.384878
102.804000	0.132715	7594.029200
102.856000	0.132230	7581.652796
102.908000	0.131749	7569.250063
102.960000	0.131269	7556.828392
103.012000	0.130792	7544.389114
103.064000	0.130316	7531.928055
103.116000	0.129844	7519.452205
103.168000	0.129373	7506.951741
103.220000	0.128905	7494.439311
103.272000	0.128439	7481.895539
103.324000	0.127975	7469.341328
103.376000	0.127514	7456.761167
103.428000	0.127054	7444.175599
103.480000	0.126598	7431.556959
103.532000	0.126142	7418.934839
103.584000	0.125690	7406.276792
103.636000	0.125238	7393.616258
103.688000	0.124790	7380.926161
103.740000	0.124343	7368.231853
103.792000	0.123900	7355.510448
103.844000	0.123457	7342.781283
103.896000	0.123018	7330.023278
103.948000	0.122579	7317.256196
104.000000	0.122144	7304.466885
104.052000	0.121709	7291.667980
104.104000	0.121278	7278.852544
104.156000	0.120848	7266.023168
104.208000	0.120421	7253.176395
104.260000	0.119994	7240.313246
104.312000	0.119571	7227.435118
104.364000	0.119149	7214.541323
104.416000	0.118729	7201.637088
104.468000	0.118312	7188.715178
104.520000	0.117896	7175.784863
104.572000	0.117482	7162.830881
104.624000	0.117070	7149.869197
104.676000	0.116660	7136.890111
104.728000	0.116252	7123.907519
104.780000	0.115846	7110.896453
104.832000	0.115442	7097.882544
104.884000	0.115040	7084.848017
104.936000	0.114638	7071.811915
104.988000	0.114240	7058.756200
105.040000	0.113843	7045.696877
105.092000	0.113448	7032.615042
105.144000	0.113054	7019.528697
105.196000	0.112664	7006.425956
105.248000	0.112273	6993.317082
105.300000	0.111886	6980.193483
105.352000	0.111499	6967.062132
105.404000	0.111115	6953.917676
105.456000	0.110733	6940.763830
105.508000	0.110352	6927.598462
105.560000	0.109973	6914.422099
105.612000	0.109596	6901.235870
105.664000	0.109220	6888.040152
105.716000	0.108846	6874.838236
105.768000	0.108474	6861.625655
105.820000	0.108104	6848.408128
105.872000	0.107735	6835.178682
105.924000	0.107368	6821.945469
105.976000	0.107003	6808.694790
106.028000	0.106639	6795.440702
106.080000	0.106277	6782.177056
106.132000	0.105916	6768.912529
106.184000	0.105557	6755.632486
106.236000	0.105199	6742.351273
106.288000	0.104844	6729.055402
106.340000	0.104489	6715.758066
106.392000	0.104138	6702.451783
106.444000	0.103786	6689.143216
106.496000	0.103438	6675.826506
106.548000	0.103089	6662.505135
106.600000	0.102744	6649.172781
106.652000	0.102398	6635.838474
106.704000	0.102056	6622.500936
106.756000	0.101714	6609.156295
106.808000	0.101374	6595.803095
106.860000	0.101035	6582.447121
106.912000	0.100698	6569.088733
106.964000	0.100363	6555.723988
107.016000	0.100029	6542.355191
107.068000	0.099696	6528.982787
107.120000	0.099365	6515.608774
107.172000	0.099035	6502.230768
107.224000	0.098707	6488.851568
107.276000	0.098380	6475.463605
107.328000	0.098055	6462.074014
107.380000	0.097731	6448.684394
107.432000	0.097408	6435.294813
107.484000	0.097088	6421.900030
107.536000	0.096767	6408.504884
107.588000	0.096450	6395.104882
107.640000	0.096132	6381.704147
107.692000	0.095817	6368.298954
107.744000	0.095503	6354.893790
107.796000	0.095190	6341.488644
107.848000	0.094878	6328.083521
107.900000	0.094569	6314.678443
107.952000	0.094260	6301.271383
108.004000	0.093953	6287.861087
108.056000	0.093647	6274.453183
108.108000	0.093342	6261.048155
108.160000	0.093039	6247.640343
108.212000	0.092737	6234.230158
108.264000	0.092436	6220.823155
108.316000	0.092136	6207.418234
108.368000	0.091838	6194.016912
108.420000	0.091541	6180.617285
108.472000	0.091246	6167.213619
108.524000	0.090951	6153.808768
108.576000	0.090658	6140.412738
108.628000	0.090366	6127.018406
108.680000	0.090076	6113.624082
108.732000	0.089786	6100.229811
108.784000	0.089499	6086.840745
108.836000	0.089211	6073.452517
108.888000	0.088926	6060.073954
108.940000	0.088641	6046.695430
108.992000	0.088359	6033.316928
109.044000	0.088076	6019.940854
109.096000	0.087796	6006.572850
109.148000	0.087516	5993.206472
109.200000	0.087238	5979.843761
109.252000	0.086960	5966.485081
109.304000	0.086684	5953.132893
109.356000	0.086409	5939.783117
109.408000	0.086136	5926.436194
109.460000	0.085863	5913.097717
109.512000	0.085591	5899.766542
109.564000	0.085321	5886.438583
109.616000	0.085052	5873.112701
109.668000	0.084784	5859.794042
109.720000	0.084517	5846.478647
109.772000	0.084251	5833.175346
109.824000	0.083986	5819.875727
109.876000	0.083723	5806.584944
109.928000	0.083460	5793.295805
109.980000	0.083199	5780.016341
110.032000	0.082938	5766.737747
110.084000	0.082679	5753.474821
110.136000	0.082421	5740.212770
110.188000	0.082164	5726.960358
110.240000	0.081908	5713.711255
110.292000	0.081653	5700.479825
110.344000	0.081399	5687.250869
110.396000	0.081146	5674.029957
110.448000	0.080894	5660.813942
110.500000	0.080644	5647.608778
110.552000	0.080394	5634.409716
110.604000	0.080145	5621.220298
110.656000	0.079897	5608.040628
110.708000	0.079651	5594.872217
110.760000	0.079405	5581.712304
110.812000	0.079161	5568.559610
110.864000	0.078917	5555.416645
110.916000	0.078674	5542.279730
110.968000	0.078433	5529.157378
111.020000	0.078192	5516.041427
111.072000	0.077952	5502.937616
111.124000	0.077714	5489.837411
111.176000	0.077476	5476.759482
111.228000	0.077239	5463.685504
111.280000	0.077003	5450.626093
111.332000	0.076768	5437.567979
111.384000	0.076535	5424.530662
111.436000	0.076301	5411.495568
111.488000	0.076070	5398.484480
111.540000	0.075838	5385.475955
111.592000	0.075609	5372.480644
111.644000	0.075379	5359.491577
111.696000	0.075151	5346.522442
111.748000	0.074923	5333.559927
111.800000	0.074697	5320.611824
111.852000	0.074471	5307.673988
111.904000	0.074247	5294.752087
111.956000	0.074023	5281.840011
112.008000	0.073800	5268.939088
112.060000	0.073578	5256.052477
112.112000	0.073357	5243.177812
112.164000	0.073137	5230.316174
112.216000	0.072918	5217.462460
112.268000	0.072700	5204.630759
112.320000	0.072482	5191.808528
112.372000	0.072265	5179.002583
112.424000	0.072049	5166.201347
112.476000	0.071835	5153.426948
112.528000	0.071620	5140.657139
112.580000	0.071407	5127.906860
112.632000	0.071195	5115.158362
112.684000	0.070983	5102.440950
112.736000	0.070772	5089.725875
112.788000	0.070563	5077.034668
112.840000	0.070353	5064.348671
112.892000	0.070145	5051.688954
112.944000	0.069938	5039.035598
112.996000	0.069731	5026.402114
113.048000	0.069525	5013.777003
113.100000	0.069320	5001.169754
113.152000	0.069116	4988.577026
113.204000	0.068913	4976.006438
113.256000	0.068710	4963.445779
113.308000	0.068508	4950.896222
113.360000	0.068307	4938.366833
113.412000	0.068107	4925.853965
113.464000	0.067908	4913.360803
113.516000	0.067709	4900.879400
113.568000	0.067511	4888.416435
113.620000	0.067314	4875.961257
113.672000	0.067118	4863.534745
113.724000	0.066922	4851.116281
113.776000	0.066727	4838.720285
113.828000	0.066533	4826.328019
113.880000	0.066340	4813.970089
113.932000	0.066147	4801.614981
113.984000	0.065955	4789.290850
114.036000	0.065764	4776.969649
114.088000	0.065574	4764.676957
114.140000	0.065384	4752.390490
114.192000	0.065195	4740.134516
114.244000	0.065007	4727.886303
114.296000	0.064820	4715.661820
114.348000	0.064633	4703.447505
114.400000	0.064447	4691.254458
114.452000	0.064261	4679.076108
114.504000	0.064077	4666.919809
114.556000	0.063893	4654.781002
114.608000	0.063710	4642.661368
114.660000	0.063527	4630.559175
114.712000	0.063345	4618.471061
114.764000	0.063164	4606.406085
114.816000	0.062984	4594.354663
114.868000	0.062804	4582.329207
114.920000	0.062625	4570.314473
114.972000	0.062447	4558.328554
115.024000	0.062269	4546.350533
115.076000	0.062092	4534.404164
115.128000	0.061916	4522.462857
115.180000	0.061740	4510.551094
115.232000	0.061565	4498.642013
115.284000	0.061391	4486.774067
115.336000	0.061217	4474.909689
115.388000	0.061044	4463.078444
115.440000	0.060871	4451.253579
115.492000	0.060700	4439.459028
115.544000	0.060528	4427.673681
115.596000	0.060358	4415.915882
115.648000	0.060188	4404.170098
115.700000	0.060019	4392.448993
115.752000	0.059850	4380.744854
115.804000	0.059683	4369.065729
115.856000	0.059515	4357.404258
115.908000	0.059349	4345.761829
115.960000	0.059182	4334.139883
116.012000	0.059017	4322.534177
116.064000	0.058852	4310.955102
116.116000	0.058688	4299.391350
116.168000	0.058524	4287.853729
116.220000	0.058361	4276.326693
116.272000	0.058199	4264.832761
116.324000	0.058037	4253.347671
116.376000	0.057876	4241.894406
116.428000	0.057715	4230.446061
116.480000	0.057555	4219.037277
116.532000	0.057396	4207.631675
116.584000	0.057237	4196.261900
116.636000	0.057079	4184.896365
116.688000	0.056921	4173.568571
116.740000	0.056764	4162.248242
116.792000	0.056608	4150.962406
116.844000	0.056451	4139.685927
116.896000	0.056296	4128.436818
116.948000	0.056141	4117.203351
117.000000	0.055987	4106.001428
117.052000	0.055833	4094.814500
117.104000	0.055680	4083.649303
117.156000	0.055528	4072.504473
117.208000	0.055376	4061.381260
117.260000	0.055224	4050.281628
117.312000	0.055074	4039.200373
117.364000	0.054923	4028.142586
117.416000	0.054773	4017.098087
117.468000	0.054624	4006.087377
117.520000	0.054475	3995.090057
117.572000	0.054327	3984.121856
117.624000	0.054180	3973.161255
117.676000	0.054033	3962.241754
117.728000	0.053886	3951.328362
117.780000	0.053740	3940.454727
117.832000	0.053594	3929.584262
117.884000	0.053450	3918.749471
117.936000	0.053305	3907.919643
117.988000	0.053161	3897.132096
118.040000	0.053017	3886.352190
118.092000	0.052875	3875.606577
118.144000	0.052732	3864.870482
118.196000	0.052590	3854.161656
118.248000	0.052449	3843.468672
118.300000	0.052308	3832.807037
118.352000	0.052168	3822.164870
118.404000	0.052028	3811.550426
118.456000	0.051888	3800.953960
118.508000	0.051750	3790.376277
118.560000	0.051611	3779.822360
118.612000	0.051473	3769.286666
118.664000	0.051336	3758.781336
118.716000	0.051199	3748.292862
118.768000	0.051063	3737.834598
118.820000	0.050927	3727.388078
118.872000	0.050791	3716.975028
118.924000	0.050656	3706.570492
118.976000	0.050522	3696.202667
119.028000	0.050388	3685.840112
119.080000	0.050254	3675.522501
119.132000	0.050121	3665.208453
119.184000	0.049989	3654.934994
119.236000	0.049856	3644.666133
119.288000	0.049725	3634.434665
119.340000	0.049593	3624.211990
119.392000	0.049463	3614.027777
119.444000	0.049332	3603.853231
119.496000	0.049203	3593.705756
119.548000	0.049073	3583.576102
119.600000	0.048944	3573.481080
119.652000	0.048816	3563.401369
119.704000	0.048688	3553.343114
119.756000	0.048560	3543.308160
119.808000	0.048433	3533.297131
119.860000	0.048306	3523.310042
119.912000	0.048180	3513.341009
119.964000	0.048054	3503.399141
120.016000	0.047929	3493.472105
120.068000	0.047804	3483.579265
120.120000	0.047679	3473.699446
120.172000	0.047555	3463.853271
120.224000	0.047432	3454.015441
120.276000	0.047308	3444.219123
120.328000	0.047185	3434.428539
120.380000	0.047063	3424.678064
120.432000	0.046941	3414.930909
120.484000	0.046820	3405.224221
120.536000	0.046698	3395.522902
120.588000	0.046578	3385.863449
120.640000	0.046458	3376.211997
120.692000	0.046338	3366.594546
120.744000	0.046218	3356.988316
120.796000	0.046099	3347.412868
120.848000	0.045980	3337.853664
120.900000	0.045862	3328.325449
120.952000	0.045745	3318.814909
121.004000	0.045627	3309.328724
121.056000	0.045510	3299.866037
121.108000	0.045393	3290.427086
121.160000	0.045277	3281.012249
121.212000	0.045161	3271.615303
121.264000	0.045046	3262.245710
121.316000	0.044931	3252.890795
121.368000	0.044816	3243.570273
121.420000	0.044702	3234.262584
121.472000	0.044588	3224.988712
121.524000	0.044475	3215.723017
121.576000	0.044362	3206.494406
121.628000	0.044249	3197.270737
121.680000	0.044137	3188.092405
121.732000	0.044024	3178.917602
121.784000	0.043913	3169.783095
121.836000	0.043802	3160.653550
121.888000	0.043691	3151.561057
121.940000	0.043580	3142.477756
121.992000	0.043470	3133.432504
122.044000	0.043361	3124.398655
122.096000	0.043251	3115.395441
122.148000	0.043142	3106.406855
122.200000	0.043034	3097.445681
122.252000	0.042925	3088.504576
122.304000	0.042818	3079.590643
122.356000	0.042710	3070.697787
122.408000	0.042603	3061.825895
122.460000	0.042496	3052.978292
122.512000	0.042390	3044.148414
122.564000	0.042283	3035.346064
122.616000	0.042178	3026.558225
122.668000	0.042072	3017.804976
122.720000	0.041967	3009.064372
122.772000	0.041863	3000.357780
122.824000	0.041758	2991.659208
122.876000	0.041654	2982.997895
122.928000	0.041550	2974.341356
122.980000	0.041447	2965.730376
123.032000	0.041344	2957.122688
123.084000	0.041242	2948.550097
123.136000	0.041139	2939.983276
123.188000	0.041037	2931.457962
123.240000	0.040936	2922.941007
123.292000	0.040834	2914.457715
123.344000	0.040733	2905.986005
123.396000	0.040633	2897.544762
123.448000	0.040533	2889.120172
123.500000	0.040433	2880.726235
123.552000	0.040333	2872.348065
123.604000	0.040234	2863.990893
123.656000	0.040135	2855.657634
123.708000	0.040036	2847.347771
123.760000	0.039938	2839.062384
123.812000	0.039840	2830.794573
123.864000	0.039742	2822.550991
123.916000	0.039645	2814.319972
123.968000	0.039548	2806.123757
124.020000	0.039451	2797.940009
124.072000	0.039354	2789.790449
124.124000	0.039258	2781.648743
124.176000	0.039163	2773.544474
124.228000	0.039067	2765.444812
124.280000	0.038972	2757.385834
124.332000	0.038877	2749.330204
124.384000	0.038782	2741.314530
124.436000	0.038688	2733.304177
124.488000	0.038594	2725.330563
124.540000	0.038500	2717.365489
124.592000	0.038407	2709.433936
124.644000	0.038314	2701.514140
124.696000	0.038221	2693.624619
124.748000	0.038129	2685.748223
124.800000	0.038037	2677.895562
124.852000	0.037945	2670.063374
124.904000	0.037853	2662.258004
124.956000	0.037762	2654.471390
125.008000	0.037671	2646.702853
125.060000	0.037581	2638.962030
125.112000	0.037490	2631.240758
125.164000	0.037400	2623.543898
125.216000	0.037310	2615.859486
125.268000	0.037221	2608.206190
125.320000	0.037131	2600.563830
125.372000	0.037043	2592.955835
125.424000	0.036954	2585.355529
125.476000	0.036866	2577.788144
125.528000	0.036777	2570.224663
125.580000	0.036690	2562.707164
125.632000	0.036602	2555.192888
125.684000	0.036515	2547.713413
125.736000	0.036428	2540.238764
125.788000	0.036341	2532.796131
125.840000	0.036255	2525.363299
125.892000	0.036169	2517.967996
125.944000	0.036083	2510.583151
125.996000	0.035997	2503.224691
126.048000	0.035912	2495.879507
126.100000	0.035827	2488.557892
126.152000	0.035742	2481.254660
126.204000	0.035657	2473.975119
126.256000	0.035573	2466.717194
126.308000	0.035489	2459.479758
126.360000	0.035405	2452.267135
126.412000	0.035322	2445.071749
126.464000	0.035238	2437.900927
126.516000	0.035156	2430.742411
126.568000	0.035073	2423.611299
126.620000	0.034990	2416.489647
126.672000	0.034908	2409.402518
126.724000	0.034826	2402.322905
126.776000	0.034745	2395.276390
126.828000	0.034663	2388.233642
126.880000	0.034582	2381.231935
126.932000	0.034501	2374.233301
126.984000	0.034420	2367.269346
127.036000	0.034340	2360.310379
127.088000	0.034260	2353.383311
127.140000	0.034180	2346.465143
127.192000	0.034100	2339.580160
127.244000	0.034021	2332.705794
127.296000	0.033942	2325.857670
127.348000	0.033863	2319.024893
127.400000	0.033784	2312.218886
127.452000	0.033706	2305.429126
127.504000	0.033627	2298.659979
127.556000	0.033549	2291.907191
127.608000	0.033472	2285.169703
127.660000	0.033394	2278.460335
127.712000	0.033317	2271.770170
127.764000	0.033240	2265.101184
127.816000	0.033163	2258.442646
127.868000	0.033087	2251.811666
127.920000	0.033010	2245.190005
127.972000	0.032934	2238.603064
128.024000	0.032859	2232.023485
128.076000	0.032783	2225.477139
128.128000	0.032708	2218.934412
128.180000	0.032633	2212.422649
128.232000	0.032558	2205.914084
128.284000	0.032483	2199.444994
128.336000	0.032408	2192.981056
128.388000	0.032334	2186.548842
128.440000	0.032260	2180.124589
128.492000	0.032187	2173.729249
128.544000	0.032113	2167.343162
128.596000	0.032040	2160.979494
128.648000	0.031967	2154.631352
128.700000	0.031894	2148.309816
128.752000	0.031821	2142.004686
128.804000	0.031749	2135.720027
128.856000	0.031677	2129.451850
128.908000	0.031605	2123.198840
128.960000	0.031533	2116.967876
129.012000	0.031461	2110.751774
129.064000	0.031390	2104.560543
129.116000	0.031319	2098.381342
129.168000	0.031248	2092.229836
129.220000	0.031177	2086.087499
129.272000	0.031107	2079.975726
129.324000	0.031036	2073.870284
129.376000	0.030966	2067.793477
129.428000	0.030896	2061.719674
129.480000	0.030827	2055.682134
129.532000	0.030757	2049.647579
129.584000	0.030688	2043.647438
129.636000	0.030619	2037.651870
129.688000	0.030551	2031.683393
129.740000	0.030482	2025.723039
129.792000	0.030413	2019.791481
129.844000	0.030345	2013.870857
129.896000	0.030277	2007.976191
129.948000	0.030209	2002.093327
130.000000	0.030142	1996.230353
130.052000	0.030074	1990.381584
130.104000	0.030007	1984.550275
130.156000	0.029940	1978.738362
130.208000	0.029874	1972.944007
130.260000	0.029807	1967.171837
130.312000	0.029741	1961.414380
130.364000	0.029674	1955.678364
130.416000	0.029608	1949.952567
130.468000	0.029543	1944.250683
130.520000	0.029477	1938.556596
130.572000	0.029412	1932.893189
130.624000	0.029346	1927.235957
130.676000	0.029281	1921.607540
130.728000	0.029216	1915.982020
130.780000	0.029152	1910.387718
130.832000	0.029087	1904.796003
130.884000	0.029023	1899.233711
130.936000	0.028959	1893.676895
130.988000	0.028895	1888.151491
131.040000	0.028831	1882.633208
131.092000	0.028768	1877.139540
131.144000	0.028705	1871.656966
131.196000	0.028642	1866.200212
131.248000	0.028579	1860.753423
131.300000	0.028516	1855.323150
131.352000	0.028453	1849.909604
131.404000	0.028391	1844.516275
131.456000	0.028329	1839.136913
131.508000	0.028267	1833.770042
131.560000	0.028205	1828.425525
131.612000	0.028143	1823.095602
131.664000	0.028082	1817.787269
131.716000	0.028020	1812.489053
131.768000	0.027959	1807.210875
131.820000	0.027898	1801.939130
131.872000	0.027837	1796.698243
131.924000	0.027777	1791.463403
131.976000	0.027716	1786.257513
132.028000	0.027656	1781.054405
132.080000	0.027596	1775.877447
132.132000	0.027536	1770.703443
132.184000	0.027476	1765.563567
132.236000	0.027417	1760.427762
132.288000	0.027357	1755.314361
132.340000	0.027298	1750.208222
132.392000	0.027239	1745.126580
132.444000	0.027180	1740.054601
132.496000	0.027122	1735.004665
132.548000	0.027063	1729.966805
132.600000	0.027005	1724.948603
132.652000	0.026946	1719.942486
132.704000	0.026888	1714.950793
132.756000	0.026831	1709.978794
132.808000	0.026773	1705.024068
132.860000	0.026715	1700.082228
132.912000	0.026658	1695.148783
132.964000	0.026601	1690.240656
133.016000	0.026544	1685.344142
133.068000	0.026487	1680.467778
133.120000	0.026430	1675.597757
133.172000	0.026374	1670.754372
133.224000	0.026317	1665.916104
133.276000	0.026261	1661.102058
133.328000	0.026205	1656.290259
133.380000	0.026149	1651.509955
133.432000	0.026093	1646.731861
133.484000	0.026037	1641.978124
133.536000	0.025982	1637.229386
133.588000	0.025927	1632.507407
133.640000	0.025872	1627.791616
133.692000	0.025817	1623.096136
133.744000	0.025762	1618.410468
133.796000	0.025707	1613.746773
133.848000	0.025653	1609.093268
133.900000	0.025598	1604.456076
133.952000	0.025544	1599.833505
134.004000	0.025490	1595.228075
134.056000	0.025436	1590.634022
134.108000	0.025382	1586.049897
134.160000	0.025329	1581.485205
134.212000	0.025275	1576.932847
134.264000	0.025222	1572.402343
134.316000	0.025169	1567.881738
134.368000	0.025116	1563.377359
134.420000	0.025063	1558.878040
134.472000	0.025010	1554.405455
134.524000	0.024958	1549.937859
134.576000	0.024905	1545.494647
134.628000	0.024853	1541.053695
134.680000	0.024801	1536.638941
134.732000	0.024749	1532.226504
134.784000	0.024697	1527.838326
134.836000	0.024646	1523.455393
134.888000	0.024594	1519.099122
134.940000	0.024543	1514.747931
134.992000	0.024491	1510.412984
135.044000	0.024440	1506.087989
135.096000	0.024389	1501.784855
135.148000	0.024338	1497.489989
135.200000	0.024288	1493.208156
135.252000	0.024237	1488.941078
135.304000	0.024187	1484.691035
135.356000	0.024137	1480.452459
135.408000	0.024086	1476.223750
135.460000	0.024036	1472.014604
135.512000	0.023987	1467.817690
135.564000	0.023937	1463.635454
135.616000	0.023887	1459.459857
135.668000	0.023838	1455.304621
135.720000	0.023789	1451.155541
135.772000	0.023739	1447.028910
135.824000	0.023690	1442.906406
135.876000	0.023642	1438.808381
135.928000	0.023593	1434.712629
135.980000	0.023544	1430.643001
136.032000	0.023496	1426.575375
136.084000	0.023447	1422.527075
136.136000	0.023399	1418.483213
136.188000	0.023351	1414.461523
136.240000	0.023303	1410.446266
136.292000	0.023255	1406.451161
136.344000	0.023207	1402.464483
136.396000	0.023160	1398.495937
136.448000	0.023113	1394.535768
136.500000	0.023065	1390.588609
136.552000	0.023018	1386.653869
136.604000	0.022971	1382.733275
136.656000	0.022924	1378.824249
136.708000	0.022877	1374.925047
136.760000	0.022831	1371.045527
136.812000	0.022784	1367.178124
136.864000	0.022738	1363.321828
136.916000	0.022691	1359.470571
136.968000	0.022645	1355.639788
137.020000	0.022599	1351.815078
137.072000	0.022553	1348.012914
137.124000	0.022507	1344.214780
137.176000	0.022462	1340.436380
137.228000	0.022416	1336.659936
137.280000	0.022371	1332.909497
137.332000	0.022325	1329.161162
137.384000	0.022280	1325.432133
137.436000	0.022235	1321.706797
137.488000	0.022190	1317.999130
137.540000	0.022145	1314.298019
137.592000	0.022101	1310.616970
137.644000	0.022056	1306.942800
137.696000	0.022012	1303.283170
137.748000	0.021967	1299.631998
137.800000	0.021923	1295.993735
137.852000	0.021879	1292.368015
137.904000	0.021835	1288.756378
137.956000	0.021791	1285.156390
138.008000	0.021748	1281.566154
138.060000	0.021704	1277.989170
138.112000	0.021660	1274.420365
138.164000	0.021617	1270.870099
138.216000	0.021574	1267.327874
138.268000	0.021531	1263.802155
138.320000	0.021488	1260.281309
138.372000	0.021445	1256.774134
138.424000	0.021402	1253.269467
138.476000	0.021359	1249.789498
138.528000	0.021317	1246.311838
138.580000	0.021274	1242.860112
138.632000	0.021232	1239.410111
138.684000	0.021189	1235.974581
138.736000	0.021147	1232.542848
138.788000	0.021105	1229.128770
138.840000	0.021063	1225.720072
138.892000	0.021022	1222.327392
138.944000	0.020980	1218.943386
138.996000	0.020938	1215.577366
139.048000	0.020897	1212.217804
139.100000	0.020855	1208.867986
139.152000	0.020814	1205.528329
139.204000	0.020773	1202.199975
139.256000	0.020732	1198.886262
139.308000	0.020691	1195.584549
139.360000	0.020650	1192.292848
139.412000	0.020610	1189.007348
139.464000	0.020569	1185.736811
139.516000	0.020528	1182.472753
139.568000	0.020488	1179.225277
139.620000	0.020448	1175.982607
139.672000	0.020408	1172.758192
139.724000	0.020367	1169.536941
139.776000	0.020328	1166.330668
139.828000	0.020288	1163.126139
139.880000	0.020248	1159.947476
139.932000	0.020208	1156.770629
139.984000	0.020169	1153.608178
140.036000	0.020129	1150.449629
140.088000	0.020090	1147.308644
140.140000	0.020051	1144.173150
140.192000	0.020011	1141.053660
140.244000	0.019972	1137.941240
140.296000	0.019933	1134.843195
140.348000	0.019895	1131.751685
140.400000	0.019856	1128.669885
140.452000	0.019817	1125.598331
140.504000	0.019779	1122.538010
140.556000	0.019740	1119.486599
140.608000	0.019702	1116.442559
140.660000	0.019664	1113.411922
140.712000	0.019625	1110.389340
140.764000	0.019587	1107.381797
140.816000	0.019549	1104.380669
140.868000	0.019512	1101.392109
140.920000	0.019474	1098.407236
140.972000	0.019436	1095.440697
141.024000	0.019399	1092.477257
141.076000	0.019361	1089.533829
141.128000	0.019324	1086.592236
141.180000	0.019287	1083.666191
141.232000	0.019249	1080.742048
141.284000	0.019212	1077.832311
141.336000	0.019175	1074.926585
141.388000	0.019138	1072.038333
141.440000	0.019102	1069.154335
141.492000	0.019065	1066.282369
141.544000	0.019028	1063.417579
141.596000	0.018992	1060.567132
141.648000	0.018955	1057.723949
141.700000	0.018919	1054.891391
141.752000	0.018883	1052.067380
141.804000	0.018847	1049.252660
141.856000	0.018811	1046.448091
141.908000	0.018775	1043.651765
141.960000	0.018739	1040.866595
142.012000	0.018703	1038.088141
142.064000	0.018667	1035.322184
142.116000	0.018632	1032.561569
142.168000	0.018596	1029.815245
142.220000	0.018561	1027.072995
142.272000	0.018526	1024.345563
142.324000	0.018490	1021.620664
142.376000	0.018455	1018.912376
142.428000	0.018420	1016.205793
142.480000	0.018385	1013.516236
142.532000	0.018350	1010.828729
142.584000	0.018315	1008.156027
142.636000	0.018281	1005.486777
142.688000	0.018246	1002.831979
142.740000	0.018212	1000.181792
142.792000	0.018177	997.544377
142.844000	0.018143	994.912653
142.896000	0.018109	992.292103
142.948000	0.018074	989.678460
143.000000	0.018040	987.074779
143.052000	0.018006	984.479477
143.104000	0.017972	981.893192
143.156000	0.017938	979.316243
143.208000	0.017905	976.746837
143.260000	0.017871	974.187985
143.312000	0.017837	971.635457
143.364000	0.017804	969.094367
143.416000	0.017770	966.558159
143.468000	0.017737	964.035052
143.520000	0.017704	961.515664
143.572000	0.017671	959.010259
143.624000	0.017638	956.507228
143.676000	0.017605	954.019422
143.728000	0.017572	951.533255
143.780000	0.017539	949.063054
143.832000	0.017506	946.594826
143.884000	0.017473	944.139942
143.936000	0.017441	941.688412
143.988000	0.017408	939.250469
144.040000	0.017376	936.816673
144.092000	0.017344	934.394051
144.144000	0.017311	931.977033
144.196000	0.017279	929.570839
144.248000	0.017247	927.171187
144.300000	0.017215	924.780847
144.352000	0.017183	922.398198
144.404000	0.017151	920.023774
144.456000	0.017119	917.657848
144.508000	0.017088	915.298764
144.560000	0.017056	912.949287
144.612000	0.017024	910.605571
144.664000	0.016993	908.272986
144.716000	0.016962	905.945124
144.768000	0.016930	903.629216
144.820000	0.016899	901.316718
144.872000	0.016868	899.017320
144.924000	0.016837	896.720135
144.976000	0.016806	894.436756
145.028000	0.016775	892.154933
145.080000	0.016744	889.887524
145.132000	0.016713	887.622182
145.184000	0.016682	885.370181
145.236000	0.016652	883.121127
145.288000	0.016621	880.883461
145.340000	0.016591	878.650033
145.392000	0.016560	876.427809
145.444000	0.016530	874.210544
145.496000	0.016500	872.002692
145.548000	0.016469	869.801019
145.600000	0.016439	867.608042
145.652000	0.016409	865.422306
145.704000	0.016379	863.244264
145.756000	0.016349	861.073880
145.808000	0.016320	858.909678
145.860000	0.016290	856.754805
145.912000	0.016260	854.605510
145.964000	0.016230	852.466271
146.016000	0.016201	850.331325
146.068000	0.016171	848.207562
146.120000	0.016142	846.086997
146.172000	0.016113	843.978686
146.224000	0.016084	841.872452
146.276000	0.016054	839.779077
146.328000	0.016025	837.687195
146.380000	0.015996	835.608215
146.432000	0.015967	833.531216
146.484000	0.015938	831.466148
146.536000	0.015909	829.404116
146.588000	0.015881	827.353454
146.640000	0.015852	825.306549
146.692000	0.015823	823.269309
146.744000	0.015795	821.236918
146.796000	0.015766	819.213574
146.848000	0.015738	817.196044
146.900000	0.015710	815.186629
146.952000	0.015681	813.183734
147.004000	0.015653	811.187759
147.056000	0.015625	809.199199
147.108000	0.015597	807.216616
147.160000	0.015569	805.242379
147.212000	0.015541	803.273177
147.264000	0.015513	801.313343
147.316000	0.015485	799.357543
147.368000	0.015457	797.412128
147.420000	0.015430	795.469707
147.472000	0.015402	793.538686
147.524000	0.015375	791.609622
147.576000	0.015347	789.692507
147.628000	0.015320	787.776855
147.680000	0.015292	785.873085
147.732000	0.015265	783.971264
147.784000	0.015238	782.080412
147.836000	0.015211	780.192477
147.888000	0.015183	778.315065
147.940000	0.015156	776.441202
147.992000	0.015130	774.576245
148.044000	0.015103	772.715853
148.096000	0.015076	770.863855
148.148000	0.015049	769.017286
148.200000	0.015022	767.178225
148.252000	0.014996	765.345208
148.304000	0.014969	763.518597
148.356000	0.014943	761.698860
148.408000	0.014916	759.884705
148.460000	0.014890	758.078623
148.512000	0.014863	756.277436
148.564000	0.014837	754.484501
148.616000	0.014811	752.695195
148.668000	0.014785	750.915471
148.720000	0.014759	749.138551
148.772000	0.014733	747.372212
148.824000	0.014707	745.607739
148.876000	0.014681	743.854764
148.928000	0.014655	742.103232
148.980000	0.014629	740.362549
149.032000	0.014603	738.623774
149.084000	0.014578	736.895076
149.136000	0.014552	735.169173
149.188000	0.014527	733.452958
149.240000	0.014501	731.740079
149.292000	0.014476	730.035364
149.344000	0.014450	728.335096
149.396000	0.014425	726.642879
149.448000	0.014400	724.955486
149.500000	0.014375	723.274757
149.552000	0.014349	721.599865
149.604000	0.014324	719.931155
149.656000	0.014299	718.268745
149.708000	0.014274	716.611511
149.760000	0.014249	714.961722
149.812000	0.014225	713.316525
149.864000	0.014200	711.678843
149.916000	0.014175	710.044543
149.968000	0.014150	708.419480
150.020000	0.014126	706.797158
150.072000	0.014101	705.184531
150.124000	0.014077	703.573672
150.176000	0.014052	701.973373
150.228000	0.014028	700.374517
150.280000	0.014004	698.786037
150.332000	0.013979	697.199425
150.384000	0.013955	695.621957
150.436000	0.013931	694.047049
150.488000	0.013907	692.480594
150.540000	0.013883	690.917555
150.592000	0.013859	689.362701
150.644000	0.013835	687.811802
150.696000	0.013811	686.267978
150.748000	0.013787	684.728814
150.800000	0.013763	683.196057
150.852000	0.013740	681.668658
150.904000	0.013716	680.146978
150.956000	0.013692	678.631351
151.008000	0.013669	677.120755
151.060000	0.013645	675.616927
151.112000	0.013622	674.117365
151.164000	0.013599	672.625000
151.216000	0.013575	671.135938
151.268000	0.013552	669.655319
151.320000	0.013529	668.177288
151.372000	0.013505	666.708061
151.424000	0.013482	665.240520
151.476000	0.013459	663.783155
151.528000	0.013436	662.327203
151.580000	0.013413	660.880102
151.632000	0.013390	659.434961
151.684000	0.013368	657.998977
151.736000	0.013345	656.565425
151.788000	0.013322	655.139575
151.840000	0.013299	653.716914
151.892000	0.013277	652.301675
151.944000	0.013254	650.890280
151.996000	0.013231	649.485690
152.048000	0.013209	648.085586
152.100000	0.013186	646.691627
152.152000	0.013164	645.302265
152.204000	0.013142	643.917928
152.256000	0.013119	642.539695
152.308000	0.013097	641.166560
152.360000	0.013075	639.799197
152.412000	0.013053	638.435662
152.464000	0.013031	637.079365
152.516000	0.013009	635.726413
152.568000	0.012987	634.380669
152.620000	0.012965	633.037291
152.672000	0.012943	631.702812
152.724000	0.012921	630.370063
152.776000	0.012899	629.045983
152.828000	0.012877	627.723348
152.880000	0.012856	626.409607
152.932000	0.012834	625.097712
152.984000	0.012813	623.793670
153.036000	0.012791	622.492147
153.088000	0.012769	621.198308
153.140000	0.012748	619.907439
153.192000	0.012727	618.623319
153.244000	0.012705	617.342925
153.296000	0.012684	616.069057
153.348000	0.012663	614.799038
153.400000	0.012641	613.534360
153.452000	0.012620	612.274608
153.504000	0.012599	611.020204
153.556000	0.012578	609.770693
153.608000	0.012557	608.525530
153.660000	0.012536	607.286524
153.712000	0.012515	606.051577
153.764000	0.012494	604.822756
153.816000	0.012473	603.596975
153.868000	0.012452	602.378445
153.920000	0.012432	601.162334
153.972000	0.012411	599.953790
154.024000	0.012390	598.746892
154.076000	0.012370	597.548723
154.128000	0.012349	596.352005
154.180000	0.012329	595.163250
154.232000	0.012308	593.976372
154.284000	0.012288	592.796907
154.336000	0.012267	591.619939
154.388000	0.012247	590.450294
154.440000	0.012227	589.283394
154.492000	0.012206	588.122589
154.544000	0.012186	586.965383
154.596000	0.012166	585.814420
154.648000	0.012146	584.667132
154.700000	0.012126	583.524978
154.752000	0.012106	582.387253
154.804000	0.012086	581.254472
154.856000	0.012066	580.126627
154.908000	0.012046	579.003232
154.960000	0.012026	577.884968
155.012000	0.012006	576.770356
155.064000	0.011987	575.661924
155.116000	0.011967	574.556614
155.168000	0.011947	573.457747
155.220000	0.011927	572.361201
155.272000	0.011908	571.271798
155.324000	0.011888	570.184051
155.376000	0.011869	569.104654
155.428000	0.011849	568.026722
155.480000	0.011830	566.955763
155.532000	0.011811	565.886785
155.584000	0.011791	564.825293
155.636000	0.011772	563.766164
155.688000	0.011753	562.713601
155.740000	0.011733	561.663707
155.792000	0.011714	560.619589
155.844000	0.011695	559.578759
155.896000	0.011676	558.543624
155.948000	0.011657	557.512227
156.000000	0.011638	556.486061
156.052000	0.011619	555.464087
156.104000	0.011600	554.446904
156.156000	0.011581	553.434059
156.208000	0.011562	552.425378
156.260000	0.011544	551.421525
156.312000	0.011525	550.421282
156.364000	0.011506	549.426860
156.416000	0.011487	548.435521
156.468000	0.011469	547.450272
156.520000	0.011450	546.467355
156.572000	0.011432	545.491160
156.624000	0.011413	544.516651
156.676000	0.011395	543.549541
156.728000	0.011376	542.583984
156.780000	0.011358	541.625447
156.832000	0.011339	540.668848
156.884000	0.011321	539.718904
156.936000	0.011303	538.771305
156.988000	0.011284	537.829939
157.040000	0.011266	536.891171
157.092000	0.011248	535.957902
157.144000	0.011230	535.027793
157.196000	0.011212	534.103133
157.248000	0.011194	533.182045
157.300000	0.011176	532.266035
157.352000	0.011158	531.353710
157.404000	0.011140	530.445817
157.456000	0.011122	529.542302
157.508000	0.011104	528.643091
157.560000	0.011086	527.748374
157.612000	0.011069	526.857219
157.664000	0.011051	525.971155
157.716000	0.011033	525.088057
157.768000	0.011016	524.210657
157.820000	0.010998	523.335602
157.872000	0.010980	522.467375
157.924000	0.010963	521.600936
157.976000	0.010945	520.741432
158.028000	0.010928	519.883509
158.080000	0.010910	519.031724
158.132000	0.010893	518.181918
158.184000	0.010876	517.338369
158.236000	0.010858	516.497153
158.288000	0.010841	515.661878
158.340000	0.010824	514.829288
158.392000	0.010806	514.002278
158.444000	0.010789	513.178313
158.496000	0.010772	512.359611
158.548000	0.010755	511.544054
158.600000	0.010738	510.733128
158.652000	0.010721	509.925653
158.704000	0.010704	509.122520
158.756000	0.010687	508.323481
158.808000	0.010670	507.528709
158.860000	0.010653	506.738471
158.912000	0.010636	505.951938
158.964000	0.010619	505.169749
159.016000	0.010603	504.390418
159.068000	0.010586	503.616860
159.120000	0.010569	502.845764
159.172000	0.010553	502.080618
159.224000	0.010536	501.317310
159.276000	0.010519	500.560468
159.328000	0.010503	499.805347
159.380000	0.010486	499.056410
159.432000	0.010470	498.309494
159.484000	0.010453	497.568507
159.536000	0.010437	496.829840
159.588000	0.010420	496.096791
159.640000	0.010404	495.366366
159.692000	0.010388	494.641303
159.744000	0.010371	493.918951
159.796000	0.010355	493.201341
159.848000	0.010339	492.486950
159.900000	0.010323	491.777364
159.952000	0.010306	491.071268
160.004000	0.010290	490.369668
160.056000	0.010274	489.671560
160.108000	0.010258	488.977527
160.160000	0.010242	488.287687
160.212000	0.010226	487.601547
160.264000	0.010210	486.919809
160.316000	0.010194	486.241081
160.368000	0.010178	485.567332
160.420000	0.010162	484.896033
160.472000	0.010147	484.230758
160.524000	0.010131	483.567449
160.576000	0.010115	482.909634
160.628000	0.010099	482.253691
160.680000	0.010084	481.604014
160.732000	0.010068	480.956408
160.784000	0.010052	480.314394
160.836000	0.010037	479.674696
160.888000	0.010021	479.040363
160.940000	0.010006	478.408581
160.992000	0.009990	477.781894
161.044000	0.009975	477.158010
161.096000	0.009959	476.539046
161.148000	0.009944	475.922876
161.200000	0.009928	475.311132
161.252000	0.009913	474.702932
161.304000	0.009898	474.099421
161.356000	0.009882	473.499094
161.408000	0.009867	472.902846
161.460000	0.009852	472.310497
161.512000	0.009837	471.721900
161.564000	0.009822	471.137325
161.616000	0.009806	470.555796
161.668000	0.009791	469.979328
161.720000	0.009776	469.405464
161.772000	0.009761	468.836769
161.824000	0.009746	468.270137
161.876000	0.009731	467.709573
161.928000	0.009716	467.150946
161.980000	0.009701	466.597754
162.032000	0.009687	466.046692
162.084000	0.009672	465.500901
162.136000	0.009657	464.957420
162.188000	0.009642	464.418995
162.240000	0.009627	463.883239
162.292000	0.009613	463.352780
162.344000	0.009598	462.824997
162.396000	0.009583	462.301977
162.448000	0.009569	461.781570
162.500000	0.009554	461.265516
162.552000	0.009539	460.752781
162.604000	0.009525	460.244735
162.656000	0.009510	459.739890
162.708000	0.009496	459.239352
162.760000	0.009481	458.742368
162.812000	0.009467	458.249178
162.864000	0.009453	457.759702
162.916000	0.009438	457.273369
162.968000	0.009424	456.791716
163.020000	0.009409	456.312756
163.072000	0.009395	455.839053
163.124000	0.009381	455.367571
163.176000	0.009367	454.901780
163.228000	0.009352	454.438056
163.280000	0.009338	453.979380
163.332000	0.009324	453.522984
163.384000	0.009310	453.071965
163.436000	0.009296	452.623261
163.488000	0.009282	452.179400
163.540000	0.009268	451.738149
163.592000	0.009254	451.301995
163.644000	0.009240	450.868407
163.696000	0.009226	450.439489
163.748000	0.009212	450.013246
163.800000	0.009198	449.591562
163.852000	0.009184	449.172970
163.904000	0.009170	448.759095
163.956000	0.009157	448.348106
164.008000	0.009143	447.941488
164.060000	0.009129	447.538109
164.112000	0.009115	447.138613
164.164000	0.009102	446.742885
164.216000	0.009088	446.350500
164.268000	0.009074	445.962891
164.320000	0.009061	445.578163
164.372000	0.009047	445.197843
164.424000	0.009034	444.819881
164.476000	0.009020	444.447686
164.528000	0.009007	444.077686
164.580000	0.008993	443.712390
164.632000	0.008980	443.349446
164.684000	0.008966	442.991597
164.736000	0.008953	442.636204
164.788000	0.008939	442.285829
164.840000	0.008926	441.938016
164.892000	0.008913	441.595168
164.944000	0.008899	441.254976
164.996000	0.008886	440.919656
165.048000	0.008873	440.586832
165.100000	0.008860	440.258545
165.152000	0.008847	439.933098
165.204000	0.008833	439.612392
165.256000	0.008820	439.294621
165.308000	0.008807	438.981520
165.360000	0.008794	438.671330
165.412000	0.008781	438.365126
165.464000	0.008768	438.062768
165.516000	0.008755	437.763981
165.568000	0.008742	437.469163
165.620000	0.008729	437.177295
165.672000	0.008716	436.889938
165.724000	0.008703	436.605124
165.776000	0.008690	436.325683
165.828000	0.008678	436.048683
165.880000	0.008665	435.777027
165.932000	0.008652	435.507705
165.984000	0.008639	435.242763
166.036000	0.008626	434.980428
166.088000	0.008614	434.723327
166.140000	0.008601	434.468734
166.192000	0.008588	434.218953
166.244000	0.008576	433.971713
166.296000	0.008563	433.729283
166.348000	0.008550	433.489433
166.400000	0.008538	433.254409
166.452000	0.008525	433.022267
166.504000	0.008513	432.795148
166.556000	0.008500	432.570346
166.608000	0.008488	432.350148
166.660000	0.008475	432.132886
166.712000	0.008463	431.919859
166.764000	0.008450	431.710779
166.816000	0.008438	431.505526
166.868000	0.008426	431.303890
166.920000	0.008413	431.105365
166.972000	0.008401	430.911506
167.024000	0.008389	430.720381
167.076000	0.008377	430.533717
167.128000	0.008364	430.349698
167.180000	0.008352	430.171151
167.232000	0.008340	429.995118
167.284000	0.008328	429.823703
167.336000	0.008316	429.654912
167.388000	0.008303	429.491153
167.440000	0.008291	429.330024
167.492000	0.008279	429.173925
167.544000	0.008267	429.020259
167.596000	0.008255	428.871384
167.648000	0.008243	428.725156
167.700000	0.008231	428.584030
167.752000	0.008219	428.445253
167.804000	0.008207	428.311386
167.856000	0.008195	428.180216
167.908000	0.008184	428.054150
167.960000	0.008172	427.930700
168.012000	0.008160	427.811630
168.064000	0.008148	427.696160
168.116000	0.008136	427.584665
168.168000	0.008124	427.476921
168.220000	0.008113	427.372532
168.272000	0.008101	427.272430
168.324000	0.008089	427.175276
168.376000	0.008078	427.083230
168.428000	0.008066	426.993930
168.480000	0.008054	426.909365
168.532000	0.008043	426.827499
168.584000	0.008031	426.750423
168.636000	0.008020	426.675993
168.688000	0.008008	426.606436
168.740000	0.007996	426.539649
168.792000	0.007985	426.478167
168.844000	0.007973	426.418995
168.896000	0.007962	426.364574
168.948000	0.007951	426.312880
169.000000	0.007939	426.266600
169.052000	0.007928	426.222427
169.104000	0.007916	426.183302
169.156000	0.007905	426.146888
169.208000	0.007894	426.115879
169.260000	0.007882	426.087184
169.312000	0.007871	426.063042
169.364000	0.007860	426.042611
169.416000	0.007849	426.026437
169.468000	0.007837	426.013631
169.520000	0.007826	426.004353
169.572000	0.007815	426.000012
169.624000	0.007804	425.998834
169.676000	0.007793	426.001958
169.728000	0.007782	426.007991
169.780000	0.007771	426.018449
169.832000	0.007759	426.031896
169.884000	0.007748	426.050736
169.936000	0.007737	426.072246
169.988000	0.007726	426.098511
170.040000	0.007715	426.127498
170.092000	0.007704	426.161715
170.144000	0.007693	426.198558
170.196000	0.007683	426.240733
170.248000	0.007672	426.285196
170.300000	0.007661	426.334895
170.352000	0.007650	426.387037
170.404000	0.007639	426.444788
170.456000	0.007628	426.504622
170.508000	0.007617	426.569850
170.560000	0.007607	426.637824
170.612000	0.007596	426.710787
170.664000	0.007585	426.786712
170.716000	0.007574	426.866972
170.768000	0.007564	426.951208
170.820000	0.007553	427.039290
170.872000	0.007542	427.131455
170.924000	0.007532	427.226999
170.976000	0.007521	427.327479
171.028000	0.007510	427.431081
171.080000	0.007500	427.539270
171.132000	0.007489	427.650433
171.184000	0.007479	427.766417
171.236000	0.007468	427.885224
171.288000	0.007458	428.009007
171.340000	0.007447	428.135643
171.392000	0.007437	428.267782
171.444000	0.007426	428.402424
171.496000	0.007416	428.542401
171.548000	0.007406	428.684736
171.600000	0.007395	428.832639
171.652000	0.007385	428.983028
171.704000	0.007374	429.139385
171.756000	0.007364	429.297520
171.808000	0.007354	429.461204
171.860000	0.007344	429.627703
171.912000	0.007333	429.799495
171.964000	0.007323	429.973917
172.016000	0.007313	430.152853
172.068000	0.007303	430.335891
172.120000	0.007292	430.523018
172.172000	0.007282	430.714359
172.224000	0.007272	430.909253
172.276000	0.007262	431.108269
172.328000	0.007252	431.310683
172.380000	0.007242	431.518329
172.432000	0.007232	431.729023
172.484000	0.007222	431.944334
172.536000	0.007212	432.162762
172.588000	0.007201	432.386760
172.640000	0.007191	432.613364
172.692000	0.007181	432.845064
172.744000	0.007172	433.079376
172.796000	0.007162	433.319357
172.848000	0.007152	433.561742
172.900000	0.007142	433.809981
172.952000	0.007132	434.060438
173.004000	0.007122	434.316994
173.056000	0.007112	434.575363
173.108000	0.007102	434.839598
173.160000	0.007092	435.106347
173.212000	0.007083	435.378547
173.264000	0.007073	435.653880
173.316000	0.007063	435.934070
173.368000	0.007053	436.218018
173.420000	0.007044	436.506223
173.472000	0.007034	436.798305
173.524000	0.007024	437.094136
173.576000	0.007015	437.394220
173.628000	0.007005	437.697890
173.680000	0.006995	438.006969
173.732000	0.006986	438.319256
173.784000	0.006976	438.636365
173.836000	0.006966	438.956430
173.888000	0.006957	439.281542
173.940000	0.006947	439.609558
173.992000	0.006938	439.943278
174.044000	0.006928	440.279446
174.096000	0.006919	440.621224
174.148000	0.006909	440.965469
174.200000	0.006900	441.315882
174.252000	0.006890	441.668541
174.304000	0.006881	442.027615
174.356000	0.006871	442.388186
174.408000	0.006862	442.754726
174.460000	0.006853	443.123846
174.512000	0.006843	443.498662
174.564000	0.006834	443.876702
174.616000	0.006825	444.259817
174.668000	0.006815	444.645860
174.720000	0.006806	445.036248
174.772000	0.006797	445.431133
174.824000	0.006787	445.829978
174.876000	0.006778	446.233732
174.928000	0.006769	446.641028
174.980000	0.006760	447.052525
175.032000	0.006751	447.467471
175.084000	0.006741	447.887802
175.136000	0.006732	448.311206
175.188000	0.006723	448.739898
175.240000	0.006714	449.171372
175.292000	0.006705	449.608363
175.344000	0.006696	450.047880
175.396000	0.006687	450.493275
175.448000	0.006678	450.941178
175.500000	0.006669	451.395491
175.552000	0.006660	451.851446
175.604000	0.006651	452.313651
175.656000	0.006642	452.778070
175.708000	0.006633	453.248996
175.760000	0.006624	453.722173
175.812000	0.006615	454.201096
175.864000	0.006606	454.682457
175.916000	0.006597	455.168870
175.968000	0.006588	455.659248
176.020000	0.006579	456.154210
176.072000	0.006570	456.653290
176.124000	0.006561	457.156385
176.176000	0.006552	457.663483
176.228000	0.006544	458.174373
176.280000	0.006535	458.690486
176.332000	0.006526	459.209918
176.384000	0.006517	459.734058
176.436000	0.006508	460.261488
176.488000	0.006500	460.794681
176.540000	0.006491	461.330528
176.592000	0.006482	461.871752
176.644000	0.006474	462.415525
176.696000	0.006465	462.965307
176.748000	0.006456	463.517345
176.800000	0.006448	464.075702
176.852000	0.006439	464.636016
176.904000	0.006430	465.202957
176.956000	0.006422	465.771435
177.008000	0.006413	466.346202
177.060000	0.006405	466.923661
177.112000	0.006396	467.507084
177.164000	0.006387	468.092997
177.216000	0.006379	468.684034
177.268000	0.006370	469.278150
177.320000	0.006362	469.876805
177.372000	0.006353	470.480160
177.424000	0.006345	471.087583
177.476000	0.006337	471.699064
177.528000	0.006328	472.314305
177.580000	0.006320	472.934402
177.632000	0.006311	473.557842
177.684000	0.006303	474.186034
177.736000	0.006295	474.817380
177.788000	0.006286	475.454184
177.840000	0.006278	476.093841
177.892000	0.006269	476.739263
177.944000	0.006261	477.386997
177.996000	0.006253	478.040506
178.048000	0.006245	478.695985
178.100000	0.006236	479.357582
178.152000	0.006228	480.021437
178.204000	0.006220	480.692158
178.256000	0.006212	481.364069
178.308000	0.006203	482.042079
178.360000	0.006195	482.722814
178.412000	0.006187	483.409473
178.464000	0.006179	484.098213
178.516000	0.006171	484.791944
178.568000	0.006162	485.489733
178.620000	0.006154	486.192097
178.672000	0.006146	486.897628
178.724000	0.006138	487.607187
178.776000	0.006130	488.321284
178.828000	0.006122	489.039091
178.880000	0.006114	489.761733
178.932000	0.006106	490.487547
178.984000	0.006098	491.217672
179.036000	0.006090	491.951055
179.088000	0.006082	492.690212
179.140000	0.006074	493.431776
179.192000	0.006066	494.178381
179.244000	0.006058	494.927488
179.296000	0.006050	495.682567
179.348000	0.006042	496.439572
179.400000	0.006034	497.202579
179.452000	0.006026	497.967178
179.504000	0.006018	498.738092
179.556000	0.006010	499.510905
179.608000	0.006003	500.289944
179.660000	0.005995	501.070921
179.712000	0.005987	501.857366
179.764000	0.005979	502.646318
179.816000	0.005971	503.440146
179.868000	0.005963	504.237042
179.920000	0.005956	505.038226
179.972000	0.005948	505.843559
180.024000	0.005940	506.652672
180.076000	0.005932	507.465254
180.128000	0.005925	508.281381
180.180000	0.005917	509.102212
180.232000	0.005909	509.926177
180.284000	0.005902	510.754701
180.336000	0.005894	511.586029
180.388000	0.005886	512.422206
180.440000	0.005879	513.260862
180.492000	0.005871	514.104655
180.544000	0.005863	514.950845
180.596000	0.005856	515.802729
180.648000	0.005848	516.656180
180.700000	0.005841	517.515076
180.752000	0.005833	518.375506
180.804000	0.005825	519.241882
180.856000	0.005818	520.110135
180.908000	0.005810	520.984191
180.960000	0.005803	521.859759
181.012000	0.005795	522.740266
181.064000	0.005788	523.623657
181.116000	0.005780	524.511616
181.168000	0.005773	525.402057
181.220000	0.005765	526.296377
181.272000	0.005758	527.194178
181.324000	0.005751	528.095495
181.376000	0.005743	529.001040
181.428000	0.005736	529.909665
181.480000	0.005728	530.821852
181.532000	0.005721	531.736896
181.584000	0.005714	532.656185
181.636000	0.005706	533.578034
181.688000	0.005699	534.504359
181.740000	0.005692	535.432958
181.792000	0.005684	536.366262
181.844000	0.005677	537.301557
181.896000	0.005670	538.241769
181.948000	0.005662	539.183419
182.000000	0.005655	540.129949
182.052000	0.005648	541.078257
182.104000	0.005641	542.032080
182.156000	0.005634	542.987007
182.208000	0.005626	543.946737
182.260000	0.005619	544.908311
182.312000	0.005612	545.874302
182.364000	0.005605	546.842611
182.416000	0.005598	547.814801
182.468000	0.005590	548.789764
182.520000	0.005583	549.768082
182.572000	0.005576	550.749094
182.624000	0.005569	551.733071
182.676000	0.005562	552.720452
182.728000	0.005555	553.710533
182.780000	0.005548	554.704200
182.832000	0.005541	555.700312
182.884000	0.005534	556.700177
182.936000	0.005527	557.702082
182.988000	0.005520	558.707529
183.040000	0.005513	559.714950
183.092000	0.005506	560.726413
183.144000	0.005499	561.739387
183.196000	0.005492	562.756250
183.248000	0.005485	563.774944
183.300000	0.005478	564.798156
183.352000	0.005471	565.822394
183.404000	0.005464	566.850806
183.456000	0.005457	567.880251
183.508000	0.005450	568.913540
183.560000	0.005443	569.948562
183.612000	0.005436	570.987096
183.664000	0.005429	572.027747
183.716000	0.005422	573.071432
183.768000	0.005416	574.117119
183.820000	0.005409	575.165353
183.872000	0.005402	576.216405
183.924000	0.005395	577.269722
183.976000	0.005388	578.325957
184.028000	0.005381	579.384093
184.080000	0.005375	580.444350
184.132000	0.005368	581.506622
184.184000	0.005361	582.572354
184.236000	0.005354	583.639649
184.288000	0.005348	584.709693
184.340000	0.005341	585.781109
184.392000	0.005334	586.855339
184.444000	0.005327	587.931017
184.496000	0.005321	589.009841
184.548000	0.005314	590.089993
184.600000	0.005307	591.173279
184.652000	0.005301	592.257467
184.704000	0.005294	593.344570
184.756000	0.005287	594.432607
184.808000	0.005281	595.523240
184.860000	0.005274	596.615435
184.912000	0.005268	597.709971
184.964000	0.005261	598.805899
185.016000	0.005254	599.903700
185.068000	0.005248	601.003598
185.120000	0.005241	602.105081
185.172000	0.005235	603.208350
185.224000	0.005228	604.312944
185.276000	0.005222	605.419338
185.328000	0.005215	606.527007
185.380000	0.005209	607.636909
185.432000	0.005202	608.747879
185.484000	0.005196	609.860621
185.536000	0.005189	610.974332
185.588000	0.005183	612.089771
185.640000	0.005176	613.206306
185.692000	0.005170	614.324817
185.744000	0.005163	615.444152
185.796000	0.005157	616.565060
185.848000	0.005151	617.686751
185.900000	0.005144	618.809906
185.952000	0.005138	619.934149
186.004000	0.005131	621.059920
186.056000	0.005125	622.186504
186.108000	0.005119	623.314156
186.160000	0.005112	624.442740
186.212000	0.005106	625.572132
186.264000	0.005100	626.702556
186.316000	0.005093	627.833545
186.368000	0.005087	628.966141
186.420000	0.005081	630.099132
186.472000	0.005074	631.233261
186.524000	0.005068	632.367648
186.576000	0.005062	633.503052
186.628000	0.005056	634.638697
186.680000	0.005049	635.775212
186.732000	0.005043	636.911974
186.784000	0.005037	638.049428
186.836000	0.005031	639.187326
186.888000	0.005025	640.326078
186.940000	0.005018	641.465153
186.992000	0.005012	642.604505
187.044000	0.005006	643.744252
187.096000	0.005000	644.884033
187.148000	0.004994	646.024305
187.200000	0.004988	647.164343
187.252000	0.004981	648.304989
187.304000	0.004975	649.445108
187.356000	0.004969	650.586270
187.408000	0.004963	651.726895
187.460000	0.004957	652.867757
187.512000	0.004951	654.007689
187.564000	0.004945	655.148678
187.616000	0.004939	656.288814
187.668000	0.004933	657.428984
187.720000	0.004927	658.568146
187.772000	0.004921	659.708212
187.824000	0.004915	660.847331
187.876000	0.004909	661.986558
187.928000	0.004903	663.124963
187.980000	0.004897	664.263164
188.032000	0.004891	665.400695
188.084000	0.004885	666.537687
188.136000	0.004879	667.674013
188.188000	0.004873	668.809088
188.240000	0.004867	669.944082
188.292000	0.004861	671.078096
188.344000	0.004855	672.212042
188.396000	0.004849	673.344288
188.448000	0.004843	674.476716
188.500000	0.004837	675.607005
188.552000	0.004831	676.737749
188.604000	0.004825	677.865889
188.656000	0.004820	678.994542
188.708000	0.004814	680.120588
188.760000	0.004808	681.246961
188.812000	0.004802	682.370748
188.864000	0.004796	683.494647
188.916000	0.004790	684.616007
188.968000	0.004785	685.737240
189.020000	0.004779	686.856019
189.072000	0.004773	687.973847
189.124000	0.004767	689.089491
189.176000	0.004761	690.204713
189.228000	0.004756	691.317983
189.280000	0.004750	692.429879
189.332000	0.004744	693.540001
189.384000	0.004738	694.647856
189.436000	0.004733	695.754410
189.488000	0.004727	696.858550
189.540000	0.004721	697.961968
189.592000	0.004716	699.062721
189.644000	0.004710	700.162675
189.696000	0.004704	701.258804
189.748000	0.004698	702.354804
189.800000	0.004693	703.446635
189.852000	0.004687	704.538759
189.904000	0.004682	705.626120
189.956000	0.004676	706.713432
190.008000	0.004670	707.795994
190.060000	0.004665	708.878943
190.112000	0.004659	709.957583
190.164000	0.004653	711.035354
190.216000	0.004648	712.108859
190.268000	0.004642	713.181543
190.320000	0.004637	714.250299
190.372000	0.004631	715.317740
190.424000	0.004626	716.381629
190.476000	0.004620	717.443576
190.528000	0.004614	718.502425
190.580000	0.004609	719.558689
190.632000	0.004603	720.612201
190.684000	0.004598	721.662061
190.736000	0.004592	722.709814
190.788000	0.004587	723.753601
190.840000	0.004581	724.795816
190.892000	0.004576	725.833336
190.944000	0.004570	726.869846
190.996000	0.004565	727.900912
191.048000	0.004560	728.931253
191.100000	0.004554	729.955143
191.152000	0.004549	730.979162
191.204000	0.004543	731.996274
191.256000	0.004538	733.013510
191.308000	0.004532	734.024174
191.360000	0.004527	735.034436
191.412000	0.004522	736.038487
191.464000	0.004516	737.041128
191.516000	0.004511	738.037880
191.568000	0.004506	739.033106
191.620000	0.004500	740.022937
191.672000	0.004495	741.010071
191.724000	0.004490	741.992437
191.776000	0.004484	742.972287
191.828000	0.004479	743.947820
191.880000	0.004474	744.919051
191.932000	0.004468	745.886708
191.984000	0.004463	746.849663
192.036000	0.004458	747.809693
192.088000	0.004452	748.764130
192.140000	0.004447	749.716335
192.192000	0.004442	750.662079
192.244000	0.004437	751.606252
192.296000	0.004431	752.543012
192.348000	0.004426	753.479023
192.400000	0.004421	754.406780
192.452000	0.004416	755.334337
192.504000	0.004410	756.252872
192.556000	0.004405	757.171168
192.608000	0.004400	758.080983
192.660000	0.004395	758.989902
192.712000	0.004390	759.890898
192.764000	0.004385	760.790187
192.816000	0.004379	761.682109
192.868000	0.004374	762.571626
192.920000	0.004369	763.454408
192.972000	0.004364	764.333957
193.024000	0.004359	765.207486
193.076000	0.004354	766.076860
193.128000	0.004349	766.940988
193.180000	0.004343	767.800022
193.232000	0.004338	768.654579
193.284000	0.004333	769.503000
193.336000	0.004328	770.347813
193.388000	0.004323	771.185615
193.440000	0.004318	772.020611
193.492000	0.004313	772.847527
193.544000	0.004308	773.672497
193.596000	0.004303	774.488363
193.648000	0.004298	775.303168
193.700000	0.004293	776.107828
193.752000	0.004288	776.912144
193.804000	0.004283	777.705627
193.856000	0.004278	778.498658
193.908000	0.004273	779.281558
193.960000	0.004268	780.063082
194.012000	0.004263	780.835164
194.064000	0.004258	781.605048
194.116000	0.004253	782.366234
194.168000	0.004248	783.124388
194.220000	0.004243	783.874629
194.272000	0.004238	784.620770
194.324000	0.004233	785.359859
194.376000	0.004228	786.093811
194.428000	0.004223	786.821646
194.480000	0.004218	787.543366
194.532000	0.004213	788.259870
194.584000	0.004208	788.969062
194.636000	0.004204	789.674043
194.688000	0.004199	790.370720
194.740000	0.004194	791.064104
194.792000	0.004189	791.747977
194.844000	0.004184	792.429597
194.896000	0.004179	793.100628
194.948000	0.004174	793.770393
195.000000	0.004170	794.428400
195.052000	0.004165	795.085940
195.104000	0.004160	795.731112
195.156000	0.004155	796.375516
195.208000	0.004150	797.008358
195.260000	0.004145	797.639504
195.312000	0.004141	798.259961
195.364000	0.004136	798.877784
195.416000	0.004131	799.485798
195.468000	0.004126	800.090083
195.520000	0.004122	800.685480
195.572000	0.004117	801.276114
195.624000	0.004112	801.858862
195.676000	0.004107	802.435707
195.728000	0.004103	803.005708
195.780000	0.004098	803.568644
195.832000	0.004093	804.125781
195.884000	0.004088	804.674641
195.936000	0.004084	805.218775
195.988000	0.004079	805.753449
196.040000	0.004074	806.284508
196.092000	0.004070	806.804937
196.144000	0.004065	807.322859
196.196000	0.004060	807.828936
196.248000	0.004056	808.333599
196.300000	0.004051	808.825170
196.352000	0.004046	809.316105
196.404000	0.004042	809.793419
196.456000	0.004037	810.269785
196.508000	0.004032	810.733498
196.560000	0.004028	811.195237
196.612000	0.004023	811.645311
196.664000	0.004019	812.092247
196.716000	0.004014	812.528502
196.768000	0.004009	812.960576
196.820000	0.004005	813.383020
196.872000	0.004000	813.800159
196.924000	0.003996	814.208768
196.976000	0.003991	814.610763
197.028000	0.003987	815.005379
197.080000	0.003982	815.392195
197.132000	0.003978	815.772786
197.184000	0.003973	816.144337
197.236000	0.003968	816.510833
197.288000	0.003964	816.867041
197.340000	0.003959	817.219350
197.392000	0.003955	817.560081
197.444000	0.003950	817.898100
197.496000	0.003946	818.223274
197.548000	0.003941	818.546968
197.600000	0.003937	818.856570
197.652000	0.003932	819.165465
197.704000	0.003928	819.459864
197.756000	0.003924	819.753117
197.808000	0.003919	820.032924
197.860000	0.003915	820.310449
197.912000	0.003910	820.575609
197.964000	0.003906	820.837344
198.016000	0.003901	821.087806
198.068000	0.003897	821.333735
198.120000	0.003892	821.569524
198.172000	0.003888	821.799508
198.224000	0.003884	822.020536
198.276000	0.003879	822.234445
198.328000	0.003875	822.440632
198.380000	0.003871	822.638515
198.432000	0.003866	822.829892
198.484000	0.003862	823.011643
198.536000	0.003857	823.188122
198.588000	0.003853	823.353689
198.640000	0.003849	823.515203
198.692000	0.003844	823.664491
198.744000	0.003840	823.810997
198.796000	0.003836	823.944011
198.848000	0.003831	824.075497
198.900000	0.003827	824.192194
198.952000	0.003823	824.308066
199.004000	0.003818	824.408877
199.056000	0.003814	824.508419
199.108000	0.003810	824.594059
199.160000	0.003806	824.677251
199.212000	0.003801	824.747688
199.264000	0.003797	824.814447
199.316000	0.003793	824.869599
199.368000	0.003789	824.919939
199.420000	0.003784	824.959867
199.472000	0.003780	824.993619
199.524000	0.003776	825.018221
199.576000	0.003772	825.035508
199.628000	0.003767	825.044882
199.680000	0.003763	825.045517
199.732000	0.003759	825.039518
199.784000	0.003755	825.023534
199.836000	0.003751	825.002208
199.888000	0.003746	824.969638
199.940000	0.003742	824.932983
199.992000	0.003738	824.883759
200.044000	0.003734	824.831728
200.096000	0.003730	824.765836
200.148000	0.003725	824.698386
200.200000	0.003721	824.615762
200.252000	0.003717	824.532329
200.304000	0.003713	824.433667
200.356000	0.003709	824.333606
200.408000	0.003705	824.219488
200.460000	0.003701	824.102735
200.512000	0.003696	823.973108
200.564000	0.003692	823.839693
200.616000	0.003688	823.694607
200.668000	0.003684	823.544538
200.720000	0.003680	823.384023
200.772000	0.003676	823.217215
200.824000	0.003672	823.041241
200.876000	0.003668	822.857743
200.928000	0.003664	822.666365
200.980000	0.003660	822.466182
201.032000	0.003656	822.259391
201.084000	0.003652	822.042480
201.136000	0.003648	821.820263
201.188000	0.003643	821.586689
201.240000	0.003639	821.349072
201.292000	0.003635	821.098800
201.344000	0.003631	820.845764
201.396000	0.003627	820.578810
201.448000	0.003623	820.310370
201.500000	0.003619	820.026751
201.552000	0.003615	819.742297
201.604000	0.003611	819.442750
201.656000	0.003607	819.141718
201.708000	0.003603	818.826790
201.760000	0.003599	818.509188
201.812000	0.003595	818.178896
201.864000	0.003591	817.844798
201.916000	0.003588	817.499221
201.968000	0.003584	817.148568
202.020000	0.003580	816.787668
202.072000	0.003576	816.420500
202.124000	0.003572	816.044358
202.176000	0.003568	815.660711
202.228000	0.003564	815.269381
202.280000	0.003560	814.869341
202.332000	0.003556	814.462848
202.384000	0.003552	814.046299
202.436000	0.003548	813.624618
202.488000	0.003544	813.191762
202.540000	0.003540	812.755021
202.592000	0.003537	812.305853
202.644000	0.003533	811.854030
202.696000	0.003529	811.388544
202.748000	0.003525	810.921685
202.800000	0.003521	810.439987
202.852000	0.003517	809.957417
202.904000	0.003513	809.460214
202.956000	0.003510	808.961515
203.008000	0.003506	808.449399
203.060000	0.003502	807.934647
203.112000	0.003498	807.407671
203.164000	0.003494	806.876879
203.216000	0.003490	806.335044
203.268000	0.003487	805.788314
203.320000	0.003483	805.231759
203.372000	0.003479	804.669072
203.424000	0.003475	804.097803
203.476000	0.003471	803.519225
203.528000	0.003468	802.933307
203.580000	0.003464	802.338903
203.632000	0.003460	801.738410
203.684000	0.003456	801.128309
203.736000	0.003453	800.513328
203.788000	0.003449	799.887548
203.840000	0.003445	799.258106
203.892000	0.003441	798.616729
203.944000	0.003438	797.972894
203.996000	0.003434	797.315994
204.048000	0.003430	796.657866
204.100000	0.003426	795.985586
204.152000	0.003423	795.312460
204.204000	0.003419	794.625504
204.256000	0.003415	793.937058
204.308000	0.003412	793.235965
204.360000	0.003408	792.532348
204.412000	0.003404	791.817245
204.464000	0.003400	791.098465
204.516000	0.003397	790.369331
204.568000	0.003393	789.635514
204.620000	0.003389	788.892515
204.672000	0.003386	788.143727
204.724000	0.003382	787.386941
204.776000	0.003378	786.623225
204.828000	0.003375	785.852714
204.880000	0.003371	785.074278
204.932000	0.003368	784.290190
204.984000	0.003364	783.497029
205.036000	0.003360	782.699370
205.088000	0.003357	781.891590
205.140000	0.003353	781.080501
205.192000	0.003349	780.258318
205.244000	0.003346	779.433903
205.296000	0.003342	778.597319
205.348000	0.003339	777.759614
205.400000	0.003335	776.908740
205.452000	0.003331	776.057150
205.504000	0.003328	775.192893
205.556000	0.003324	774.327196
205.608000	0.003321	773.449915
205.660000	0.003317	772.570258
205.712000	0.003314	771.680114
205.764000	0.003310	770.786578
205.816000	0.003306	769.883620
205.868000	0.003303	768.976376
205.920000	0.003299	768.060797
205.972000	0.003296	767.139831
206.024000	0.003292	766.211650
206.076000	0.003289	765.277197
206.128000	0.003285	764.336613
206.180000	0.003282	763.388745
206.232000	0.003278	762.435837
206.284000	0.003275	761.474740
206.336000	0.003271	760.509628
206.388000	0.003268	759.535336
206.440000	0.003264	758.558113
206.492000	0.003261	757.570864
206.544000	0.003257	756.581656
206.596000	0.003254	755.581482
206.648000	0.003250	754.580418
206.700000	0.003247	753.567567
206.752000	0.003243	752.554078
206.804000	0.003240	751.529343
206.856000	0.003237	750.503279
206.908000	0.003233	749.466967
206.960000	0.003230	748.428546
207.012000	0.003226	747.380889
207.064000	0.003223	746.330187
207.116000	0.003219	745.271211
207.168000	0.003216	744.208413
207.220000	0.003212	743.138332
207.272000	0.003209	742.063562
207.324000	0.003206	740.982509
207.376000	0.003202	739.895925
207.428000	0.003199	738.804024
207.480000	0.003195	737.705723
207.532000	0.003192	736.603094
207.584000	0.003189	735.493342
207.636000	0.003185	734.380144
207.688000	0.003182	733.258946
207.740000	0.003179	732.135285
207.792000	0.003175	731.002953
207.844000	0.003172	729.869004
207.896000	0.003169	728.725601
207.948000	0.003165	727.581452
208.000000	0.003162	726.427143
208.052000	0.003158	725.272334
208.104000	0.003155	724.107983
208.156000	0.003152	722.942542
208.208000	0.003148	721.768446
208.260000	0.003145	720.592497
208.312000	0.003142	719.408754
208.364000	0.003139	718.222457
208.416000	0.003135	717.029220
208.468000	0.003132	715.832796
208.520000	0.003129	714.630292
208.572000	0.003125	713.423836
208.624000	0.003122	712.212164
208.676000	0.003119	710.995851
208.728000	0.003115	709.775161
208.780000	0.003112	708.549171
208.832000	0.003109	707.319638
208.884000	0.003106	706.084198
208.936000	0.003102	704.845992
208.988000	0.003099	703.601233
209.040000	0.003096	702.354503
209.092000	0.003093	701.100653
209.144000	0.003089	699.845525
209.196000	0.003086	698.582664
209.248000	0.003083	697.319277
209.300000	0.003080	696.047642
209.352000	0.003076	694.775661
209.404000	0.003073	693.496041
209.456000	0.003070	692.215496
209.508000	0.003067	690.928035
209.560000	0.003064	689.639175
209.612000	0.003060	688.344145
209.664000	0.003057	687.047077
209.716000	0.003054	685.744536
209.768000	0.003051	684.439535
209.820000	0.003048	683.129771
209.872000	0.003044	681.816901
209.924000	0.003041	680.499984
209.976000	0.003038	679.179485
210.028000	0.003035	677.855624
210.080000	0.003032	676.527687
210.132000	0.003029	675.197051
210.184000	0.003025	673.861871
210.236000	0.003022	672.524626
210.288000	0.003019	671.182386
210.340000	0.003016	669.838668
210.392000	0.003013	668.489517
210.444000	0.003010	667.139495
210.496000	0.003007	665.783672
210.548000	0.003004	664.427539
210.600000	0.003000	663.065240
210.652000	0.002997	661.702690
210.704000	0.002994	660.334493
210.756000	0.002991	658.965701
210.808000	0.002988	657.591868
210.860000	0.002985	656.217041
210.912000	0.002982	654.837738
210.964000	0.002979	653.457022
211.016000	0.002976	652.072375
211.068000	0.002973	650.686003
211.120000	0.002969	649.296246
211.172000	0.002966	647.904347
211.224000	0.002963	646.509613
211.276000	0.002960	645.112425
211.328000	0.002957	643.712909
211.380000	0.002954	642.310583
211.432000	0.002951	640.906418
211.484000	0.002948	639.499143
211.536000	0.002945	638.090515
211.588000	0.002942	636.678542
211.640000	0.002939	635.265656
211.692000	0.002936	633.849178
211.744000	0.002933	632.432144
211.796000	0.002930	631.011249
211.848000	0.002927	629.590245
211.900000	0.002924	628.165231
211.952000	0.002921	626.740139
212.004000	0.002918	625.311452
212.056000	0.002915	623.882476
212.108000	0.002912	622.450340
212.160000	0.002909	621.017596
212.212000	0.002906	619.582073
212.264000	0.002903	618.145833
212.316000	0.002900	616.707203
212.368000	0.002897	615.267613
212.420000	0.002894	613.826008
212.472000	0.002891	612.383237
212.524000	0.002888	610.938829
212.576000	0.002885	609.493121
212.628000	0.002882	608.046099
212.680000	0.002879	606.597539
212.732000	0.002876	605.147998
212.784000	0.002873	603.696826
212.836000	0.002870	602.244986
212.888000	0.002867	600.791442
212.940000	0.002864	599.337452
212.992000	0.002861	597.881621
213.044000	0.002859	596.425611
213.096000	0.002856	594.967729
213.148000	0.002853	593.509918
213.200000	0.002850	592.050229
213.252000	0.002847	590.590585
213.304000	0.002844	589.129308
213.356000	0.002841	587.668019
213.408000	0.002838	586.205362
213.460000	0.002835	584.742623
213.512000	0.002832	583.278743
213.564000	0.002830	581.814689
213.616000	0.002827	580.349703
213.668000	0.002824	578.884605
213.720000	0.002821	577.418781
213.772000	0.002818	575.952697
213.824000	0.002815	574.486095
213.876000	0.002812	573.019254
213.928000	0.002809	571.552074
213.980000	0.002807	570.084655
214.032000	0.002804	568.617033
214.084000	0.002801	567.149156
214.136000	0.002798	565.681245
214.188000	0.002795	564.213190
214.240000	0.002792	562.745133
214.292000	0.002790	561.276912
214.344000	0.002787	559.808854
214.396000	0.002784	558.340796
214.448000	0.002781	556.872895
214.500000	0.002778	555.405058
214.552000	0.002775	553.937463
214.604000	0.002773	552.470064
214.656000	0.002770	551.002918
214.708000	0.002767	549.536042
214.760000	0.002764	548.069493
214.812000	0.002761	546.603280
214.864000	0.002759	545.137590
214.916000	0.002756	543.672291
214.968000	0.002753	542.207468
215.020000	0.002750	540.743088
215.072000	0.002748	539.279375
215.124000	0.002745	537.816150
215.176000	0.002742	536.353707
215.228000	0.002739	534.891761
215.280000	0.002736	533.430685
215.332000	0.002734	531.970106
215.384000	0.002731	530.510552
215.436000	0.002728	529.051493
215.488000	0.002725	527.593667
215.540000	0.002723	526.136268
215.592000	0.002720	524.680262
215.644000	0.002717	523.224620
215.696000	0.002715	521.770582
215.748000	0.002712	520.316874
215.800000	0.002709	518.864982
215.852000	0.002706	517.413446
215.904000	0.002704	515.963667
215.956000	0.002701	514.514426
216.008000	0.002698	513.066882
216.060000	0.002696	511.620073
216.112000	0.002693	510.174877
216.164000	0.002690	508.730641
216.216000	0.002687	507.287927
216.268000	0.002685	505.846440
216.320000	0.002682	504.406382
216.372000	0.002679	502.967714
216.424000	0.002677	501.530376
216.476000	0.002674	500.094659
216.528000	0.002671	498.660155
216.580000	0.002669	497.227513
216.632000	0.002666	495.795950
216.684000	0.002663	494.366518
216.736000	0.002661	492.938010
216.788000	0.002658	491.511902
216.840000	0.002655	490.086550
216.892000	0.002653	488.663891
216.944000	0.002650	487.241804
216.996000	0.002647	485.822716
217.048000	0.002645	484.404075
217.100000	0.002642	482.988680
217.152000	0.002640	481.573741
217.204000	0.002637	480.161839
217.256000	0.002634	478.750724
217.308000	0.002632	477.342467
217.360000	0.002629	475.935298
217.412000	0.002626	474.530778
217.464000	0.002624	473.127668
217.516000	0.002621	471.726992
217.568000	0.002619	470.328037
217.620000	0.002616	468.931298
217.672000	0.002613	467.536540
217.724000	0.002611	466.143799
217.776000	0.002608	464.753447
217.828000	0.002606	463.364858
217.880000	0.002603	461.978903
217.932000	0.002601	460.594482
217.984000	0.002598	459.213078
218.036000	0.002595	457.832951
218.088000	0.002593	456.456192
218.140000	0.002590	455.080411
218.192000	0.002588	453.708338
218.244000	0.002585	452.337016
218.296000	0.002583	450.969824
218.348000	0.002580	449.603101
218.400000	0.002577	448.240694
218.452000	0.002575	446.878902
218.504000	0.002572	445.521158
218.556000	0.002570	444.164361
218.608000	0.002567	442.811302
218.660000	0.002565	441.459612
218.712000	0.002562	440.111356
218.764000	0.002560	438.764869
218.816000	0.002557	437.421499
218.868000	0.002555	436.080227
218.920000	0.002552	434.741770
218.972000	0.002550	433.405832
219.024000	0.002547	432.072393
219.076000	0.002545	430.741812
219.128000	0.002542	429.413421
219.180000	0.002540	428.088322
219.232000	0.002537	426.765084
219.284000	0.002535	425.445535
219.336000	0.002532	424.127488
219.388000	0.002530	422.813506
219.440000	0.002527	421.500701
219.492000	0.002525	420.192405
219.544000	0.002522	418.884897
219.596000	0.002520	417.582293
219.648000	0.002517	416.280225
219.700000	0.002515	414.983262
219.752000	0.002512	413.687015
219.804000	0.002510	412.395518
219.856000	0.002508	411.105124
219.908000	0.002505	409.819086
219.960000	0.002503	408.534633
220.012000	0.002500	407.254158
220.064000	0.002498	405.975662
220.116000	0.002495	404.700755
220.168000	0.002493	403.428250
220.220000	0.002490	402.158962
220.272000	0.002488	400.892549
220.324000	0.002486	399.628968
220.376000	0.002483	398.368636
220.428000	0.002481	397.110767
220.480000	0.002478	395.856622
220.532000	0.002476	394.604513
220.584000	0.002473	393.356490
220.636000	0.002471	392.110147
220.688000	0.002469	390.868391
220.740000	0.002466	389.627888
220.792000	0.002464	388.392389
220.844000	0.002461	387.157766
220.896000	0.002459	385.928619
220.948000	0.002457	384.700015
221.000000	0.002454	383.476994
221.052000	0.002452	382.254765
221.104000	0.002450	381.037725
221.156000	0.002447	379.821898
221.208000	0.002445	378.610808
221.260000	0.002442	377.401401
221.312000	0.002440	376.196293
221.364000	0.002438	374.993338
221.416000	0.002435	373.794251
221.468000	0.002433	372.597821
221.520000	0.002431	371.404826
221.572000	0.002428	370.214833
221.624000	0.002426	369.027871
221.676000	0.002424	367.844448
221.728000	0.002421	366.663605
221.780000	0.002419	365.486671
221.832000	0.002417	364.311920
221.884000	0.002414	363.141599
221.936000	0.002412	361.973011
221.988000	0.002410	360.809276
222.040000	0.002407	359.646839
222.092000	0.002405	358.489707
222.144000	0.002403	357.333402
222.196000	0.002400	356.182835
222.248000	0.002398	355.032908
222.300000	0.002396	353.888847
222.352000	0.002393	352.745591
222.404000	0.002391	351.607717
222.456000	0.002389	350.471086
222.508000	0.002386	349.339359
222.560000	0.002384	348.209447
222.612000	0.002382	347.083983
222.664000	0.002380	345.960717
222.716000	0.002377	344.841430
222.768000	0.002375	343.724854
222.820000	0.002373	342.611817
222.872000	0.002370	341.501987
222.924000	0.002368	340.395233
222.976000	0.002366	339.292050
223.028000	0.002364	338.191507
223.080000	0.002361	337.095033
223.132000	0.002359	336.000732
223.184000	0.002357	334.910913
223.236000	0.002355	333.822863
223.288000	0.002352	332.739810
223.340000	0.002350	331.658026
223.392000	0.002348	330.581636
223.444000	0.002346	329.506124
223.496000	0.002343	328.436499
223.548000	0.002341	327.367415
223.600000	0.002339	326.304191
223.652000	0.002337	325.241843
223.704000	0.002334	324.184917
223.756000	0.002332	323.129267
223.808000	0.002330	322.078532
223.860000	0.002328	321.029647
223.912000	0.002325	319.985206
223.964000	0.002323	318.942944
224.016000	0.002321	317.904651
224.068000	0.002319	316.869140
224.120000	0.002317	315.837134
224.172000	0.002314	314.808264
224.224000	0.002312	313.782454
224.276000	0.002310	312.760270
224.328000	0.002308	311.740680
224.380000	0.002306	310.725120
224.432000	0.002303	309.711720
224.484000	0.002301	308.702827
224.536000	0.002299	307.695644
224.588000	0.002297	306.693405
224.640000	0.002295	305.692402
224.692000	0.002292	304.696756
224.744000	0.002290	303.701926
224.796000	0.002288	302.712913
224.848000	0.002286	301.724504
224.900000	0.002284	300.741877
224.952000	0.002282	299.760062
225.004000	0.002279	298.783527
225.056000	0.002277	297.808274
225.108000	0.002275	296.837821
225.160000	0.002273	295.869164
225.212000	0.002271	294.904832
225.264000	0.002269	293.942761
225.316000	0.002267	292.984543
225.368000	0.002264	292.028980
225.420000	0.002262	291.076816
225.472000	0.002260	290.127733
225.524000	0.002258	289.181612
225.576000	0.002256	288.239052
225.628000	0.002254	287.299009
225.680000	0.002252	286.362946
225.732000	0.002249	285.428942
225.784000	0.002247	284.499307
225.836000	0.002245	283.571289
225.888000	0.002243	282.648063
225.940000	0.002241	281.726040
225.992000	0.002239	280.809254
226.044000	0.002237	279.893205
226.096000	0.002235	278.982781
226.148000	0.002233	278.072911
226.200000	0.002230	277.168581
226.252000	0.002228	276.265102
226.304000	0.002226	275.366701
226.356000	0.002224	274.469563
226.408000	0.002222	273.577022
226.460000	0.002220	272.686237
226.512000	0.002218	271.799587
226.564000	0.002216	270.915035
226.616000	0.002214	270.034161
226.668000	0.002212	269.155908
226.720000	0.002210	268.280899
226.772000	0.002208	267.408918
226.824000	0.002205	266.539740
226.876000	0.002203	265.673953
226.928000	0.002201	264.810523
226.980000	0.002199	263.950850
227.032000	0.002197	263.093160
227.084000	0.002195	262.239731
227.136000	0.002193	261.387799
227.188000	0.002191	260.540432
227.240000	0.002189	259.694194
227.292000	0.002187	258.852966
227.344000	0.002185	258.012425
227.396000	0.002183	257.177257
227.448000	0.002181	256.342619
227.500000	0.002179	255.513221
227.552000	0.002177	254.684622
227.604000	0.002175	253.860809
227.656000	0.002173	253.038220
227.708000	0.002171	252.219964
227.760000	0.002169	251.403406
227.812000	0.002167	250.590737
227.864000	0.002165	249.780136
227.916000	0.002163	248.972988
227.968000	0.002161	248.168297
228.020000	0.002159	247.366642
228.072000	0.002157	246.567830
228.124000	0.002155	245.771643
228.176000	0.002153	244.978685
228.228000	0.002151	244.187944
228.280000	0.002149	243.400804
228.332000	0.002147	242.615478
228.384000	0.002145	241.834125
228.436000	0.002143	241.054187
228.488000	0.002141	240.278594
228.540000	0.002139	239.504047
228.592000	0.002137	238.734231
228.644000	0.002135	237.965014
228.696000	0.002133	237.200845
228.748000	0.002131	236.437216
228.800000	0.002129	235.678494
228.852000	0.002127	234.920512
228.904000	0.002125	234.166981
228.956000	0.002123	233.414672
229.008000	0.002121	232.666408
229.060000	0.002119	231.919667
229.112000	0.002117	231.176534
229.164000	0.002115	230.435418
229.216000	0.002113	229.697505
229.268000	0.002111	228.961870
229.320000	0.002109	228.229059
229.372000	0.002107	227.498971
229.424000	0.002105	226.771303
229.476000	0.002103	226.046634
229.528000	0.002101	225.324014
229.580000	0.002099	224.604777
229.632000	0.002097	223.887214
229.684000	0.002096	223.173375
229.736000	0.002094	222.460864
229.788000	0.002092	221.752448
229.840000	0.002090	221.044938
229.892000	0.002088	220.341802
229.944000	0.002086	219.639207
229.996000	0.002084	218.941323
230.048000	0.002082	218.243954
230.100000	0.002080	217.551127
230.152000	0.002078	216.859050
230.204000	0.002076	216.171095
230.256000	0.002074	215.484216
230.308000	0.002073	214.801052
230.360000	0.002071	214.119425
230.412000	0.002069	213.441130
230.464000	0.002067	212.764630
230.516000	0.002065	212.091081
230.568000	0.002063	211.419714
230.620000	0.002061	210.750937
230.672000	0.002059	210.084667
230.724000	0.002057	209.420617
230.776000	0.002055	208.759361
230.828000	0.002054	208.099986
230.880000	0.002052	207.443760
230.932000	0.002050	206.789087
230.984000	0.002048	206.137913
231.036000	0.002046	205.487879
231.088000	0.002044	204.841564
231.140000	0.002042	204.196128
231.192000	0.002040	203.554795
231.244000	0.002039	202.913947
231.296000	0.002037	202.277461
231.348000	0.002035	201.641462
231.400000	0.002033	201.009633
231.452000	0.002031	200.378440
231.504000	0.002029	199.751000
231.556000	0.002027	199.124670
231.608000	0.002026	198.501756
231.660000	0.002024	197.880189
231.712000	0.002022	197.261661
231.764000	0.002020	196.644863
231.816000	0.002018	196.030761
231.868000	0.002016	195.418693
231.920000	0.002015	194.808980
231.972000	0.002013	194.201553
232.024000	0.002011	193.596163
232.076000	0.002009	192.993397
232.128000	0.002007	192.392328
232.180000	0.002005	191.794141
232.232000	0.002004	191.197348
232.284000	0.002002	190.603755
232.336000	0.002000	190.011244
232.388000	0.001998	189.422214
232.440000	0.001996	188.833927
232.492000	0.001995	188.249377
232.544000	0.001993	187.665293
232.596000	0.001991	187.085241
232.648000	0.001989	186.505611
232.700000	0.001987	185.929770
232.752000	0.001986	185.354574
232.804000	0.001984	184.782809
232.856000	0.001982	184.212042
232.908000	0.001980	183.644376
232.960000	0.001978	183.077971
233.012000	0.001977	182.514331
233.064000	0.001975	181.952297
233.116000	0.001973	181.392709
233.168000	0.001971	180.834958
233.220000	0.001969	180.279354
233.272000	0.001968	179.725904
233.324000	0.001966	179.174302
233.376000	0.001964	178.625121
233.428000	0.001962	178.077459
233.480000	0.001961	177.532411
233.532000	0.001959	176.988647
233.584000	0.001957	176.447859
233.636000	0.001955	175.908024
233.688000	0.001954	175.371362
233.740000	0.001952	174.835364
233.792000	0.001950	174.302790
233.844000	0.001948	173.770634
233.896000	0.001947	173.242175
233.948000	0.001945	172.714072
234.000000	0.001943	172.189392
234.052000	0.001941	171.665366
234.104000	0.001940	171.144462
234.156000	0.001938	170.624450
234.208000	0.001936	170.107241
234.260000	0.001934	169.591250
234.312000	0.001933	169.077762
234.364000	0.001931	168.565714
234.416000	0.001929	168.055877
234.468000	0.001927	167.547734
234.520000	0.001926	167.041532
234.572000	0.001924	166.537315
234.624000	0.001922	166.034755
234.676000	0.001921	165.534384
234.728000	0.001919	165.035414
234.780000	0.001917	164.538905
234.832000	0.001915	164.043516
234.884000	0.001914	163.550793
234.936000	0.001912	163.058927
234.988000	0.001910	162.569961
235.040000	0.001909	162.081619
235.092000	0.001907	161.596427
235.144000	0.001905	161.111579
235.196000	0.001903	160.630085
235.248000	0.001902	160.148922
235.300000	0.001900	159.670855
235.352000	0.001898	159.193404
235.404000	0.001897	158.718775
235.456000	0.001895	158.244979
235.508000	0.001893	157.773714
235.560000	0.001892	157.303533
235.612000	0.001890	156.835607
235.664000	0.001888	156.369061
235.716000	0.001887	155.904502
235.768000	0.001885	155.441454
235.820000	0.001883	154.980164
235.872000	0.001881	154.520739
235.924000	0.001880	154.062792
235.976000	0.001878	153.606810
236.028000	0.001876	153.152091
236.080000	0.001875	152.699628
236.132000	0.001873	152.248170
236.184000	0.001871	151.799141
236.236000	0.001870	151.350881
236.288000	0.001868	150.905265
236.340000	0.001867	150.460182
236.392000	0.001865	150.017948
236.444000	0.001863	149.576052
236.496000	0.001862	149.137225
236.548000	0.001860	148.698706
236.600000	0.001858	148.262978
236.652000	0.001857	147.827794
236.704000	0.001855	147.395143
236.756000	0.001853	146.963266
236.808000	0.001852	146.533667
236.860000	0.001850	146.105119
236.912000	0.001848	145.678602
236.964000	0.001847	145.253256
237.016000	0.001845	144.829706
237.068000	0.001844	144.407635
237.120000	0.001842	143.987126
237.172000	0.001840	143.568245
237.224000	0.001839	143.150704
237.276000	0.001837	142.734993
237.328000	0.001835	142.320419
237.380000	0.001834	141.907905
237.432000	0.001832	141.496270
237.484000	0.001831	141.086817
237.536000	0.001829	140.678052
237.588000	0.001827	140.271691
237.640000	0.001826	139.865838
237.692000	0.001824	139.462598
237.744000	0.001823	139.059638
237.796000	0.001821	138.659429
237.848000	0.001819	138.259515
237.900000	0.001818	137.862115
237.952000	0.001816	137.465223
238.004000	0.001815	137.070609
238.056000	0.001813	136.676716
238.108000	0.001811	136.284870
238.160000	0.001810	135.893949
238.212000	0.001808	135.504848
238.264000	0.001807	135.116874
238.316000	0.001805	134.730514
238.368000	0.001803	134.345509
238.420000	0.001802	133.961898
238.472000	0.001800	133.579734
238.524000	0.001799	133.198784
238.576000	0.001797	132.819544
238.628000	0.001796	132.441289
238.680000	0.001794	132.064840
238.732000	0.001792	131.689220
238.784000	0.001791	131.315648
238.836000	0.001789	130.942665
238.888000	0.001788	130.571838
238.940000	0.001786	130.201468
238.992000	0.001785	129.833472
239.044000	0.001783	129.465702
239.096000	0.001781	129.100388
239.148000	0.001780	128.735397
239.200000	0.001778	128.372679
239.252000	0.001777	128.010399
239.304000	0.001775	127.650155
239.356000	0.001774	127.290624
239.408000	0.001772	126.932934
239.460000	0.001771	126.576103
239.512000	0.001769	126.220904
239.564000	0.001768	125.866685
239.616000	0.001766	125.513912
239.668000	0.001764	125.162389
239.720000	0.001763	124.812112
239.772000	0.001761	124.463155
239.824000	0.001760	124.115273
239.876000	0.001758	123.768913
239.928000	0.001757	123.423468
239.980000	0.001755	123.079736
240.032000	0.001754	122.736705
240.084000	0.001752	122.395478
240.136000	0.001751	122.054800
240.188000	0.001749	121.716104
240.240000	0.001748	121.377790
240.292000	0.001746	121.041609
240.344000	0.001745	120.705669
240.396000	0.001743	120.371951
240.448000	0.001742	120.038508
240.500000	0.001740	119.707096
240.552000	0.001739	119.376132
240.604000	0.001737	119.047005
240.656000	0.001736	118.718498
240.708000	0.001734	118.391638
240.760000	0.001733	118.065519
240.812000	0.001731	117.740863
240.864000	0.001730	117.417207
240.916000	0.001728	117.094836
240.968000	0.001727	116.773518
241.020000	0.001725	116.453325
241.072000	0.001724	116.134376
241.124000	0.001722	115.816405
241.176000	0.001721	115.499859
241.228000	0.001719	115.184082
241.280000	0.001718	114.869765
241.332000	0.001716	114.556116
241.384000	0.001715	114.244161
241.436000	0.001713	113.932699
241.488000	0.001712	113.623039
241.540000	0.001710	113.313690
241.592000	0.001709	113.006249
241.644000	0.001707	112.699069
241.696000	0.001706	112.393906
241.748000	0.001704	112.088969
241.800000	0.001703	111.785839
241.852000	0.001701	111.483088
241.904000	0.001700	111.181974
241.956000	0.001699	110.881482
242.008000	0.001697	110.582471
242.060000	0.001696	110.284193
242.112000	0.001694	109.987225
242.164000	0.001693	109.691080
242.216000	0.001691	109.396091
242.268000	0.001690	109.102109
242.320000	0.001688	108.809135
242.372000	0.001687	108.517298
242.424000	0.001685	108.226310
242.476000	0.001684	107.936547
242.528000	0.001683	107.647524
242.580000	0.001681	107.359924
242.632000	0.001680	107.072882
242.684000	0.001678	106.787322
242.736000	0.001677	106.502179
242.788000	0.001675	106.218643
242.840000	0.001674	105.935445
242.892000	0.001673	105.654023
242.944000	0.001671	105.372775
242.996000	0.001670	105.093303
243.048000	0.001668	104.814084
243.100000	0.001667	104.536500
243.152000	0.001665	104.259312
243.204000	0.001664	103.983603
243.256000	0.001663	103.708430
243.308000	0.001661	103.434581
243.360000	0.001660	103.161359
243.412000	0.001658	102.889310
243.464000	0.001657	102.618062
243.516000	0.001655	102.347844
243.568000	0.001654	102.078502
243.620000	0.001653	101.810064
243.672000	0.001651	101.542665
243.724000	0.001650	101.276040
243.776000	0.001648	101.010570
243.828000	0.001647	100.745746
243.880000	0.001646	100.482184
243.932000	0.001644	100.219121
243.984000	0.001643	99.957403
244.036000	0.001641	99.696082
244.088000	0.001640	99.436244
244.140000	0.001639	99.176683
244.192000	0.001637	98.918713
244.244000	0.001636	98.660903
244.296000	0.001635	98.404689
244.348000	0.001633	98.148716
244.400000	0.001632	97.894213
244.452000	0.001630	97.640039
244.504000	0.001629	97.387182
244.556000	0.001628	97.134872
244.608000	0.001626	96.883754
244.660000	0.001625	96.633162
244.712000	0.001623	96.383623
244.764000	0.001622	96.134870
244.816000	0.001621	95.887040
244.868000	0.001619	95.640011
244.920000	0.001618	95.393792
244.972000	0.001617	95.148522
245.024000	0.001615	94.903933
245.076000	0.001614	94.660358
245.128000	0.001613	94.417363
245.180000	0.001611	94.175521
245.232000	0.001610	93.934124
245.284000	0.001608	93.693947
245.336000	0.001607	93.454129
245.388000	0.001606	93.215657
245.440000	0.001604	92.977433
245.492000	0.001603	92.740650
245.544000	0.001602	92.504018
245.596000	0.001600	92.268821
245.648000	0.001599	92.033817
245.700000	0.001598	91.800121
245.752000	0.001596	91.566818
245.804000	0.001595	91.334715
245.856000	0.001594	91.103030
245.908000	0.001592	90.872402
245.960000	0.001591	90.642307
246.012000	0.001590	90.413154
246.064000	0.001588	90.184681
246.116000	0.001587	89.957033
246.168000	0.001586	89.730121
246.220000	0.001584	89.503936
246.272000	0.001583	89.278618
246.324000	0.001582	89.053923
246.376000	0.001580	88.830190
246.428000	0.001579	88.606960
246.480000	0.001578	88.384749
246.532000	0.001576	88.162936
246.584000	0.001575	87.942230
246.636000	0.001574	87.721874
246.688000	0.001572	87.502768
246.740000	0.001571	87.283825
246.792000	0.001570	87.066149
246.844000	0.001568	86.848647
246.896000	0.001567	86.632451
246.948000	0.001566	86.416477
247.000000	0.001564	86.201689
247.052000	0.001563	85.987190
247.104000	0.001562	85.773753
247.156000	0.001561	85.560705
247.208000	0.001559	85.348606
247.260000	0.001558	85.137044
247.312000	0.001557	84.926328
247.364000	0.001555	84.716245
247.416000	0.001554	84.506903
247.468000	0.001553	84.298228
247.520000	0.001551	84.090195
247.572000	0.001550	83.882919
247.624000	0.001549	83.676203
247.676000	0.001548	83.470367
247.728000	0.001546	83.264980
247.780000	0.001545	83.060520
247.832000	0.001544	82.856440
247.884000	0.001542	82.653397
247.936000	0.001541	82.450619
247.988000	0.001540	82.248930
248.040000	0.001539	82.047447
248.092000	0.001537	81.847154
248.144000	0.001536	81.646988
248.196000	0.001535	81.447980
248.248000	0.001533	81.249150
248.300000	0.001532	81.051376
248.352000	0.001531	80.853912
248.404000	0.001530	80.657410
248.456000	0.001528	80.461316
248.508000	0.001527	80.266078
248.560000	0.001526	80.071241
248.612000	0.001525	79.877161
248.664000	0.001523	79.683664
248.716000	0.001522	79.490840
248.768000	0.001521	79.298674
248.820000	0.001520	79.107084
248.872000	0.001518	78.916186
248.924000	0.001517	78.725777
248.976000	0.001516	78.536134
249.028000	0.001515	78.346915
249.080000	0.001513	78.158575
249.132000	0.001512	77.970554
249.184000	0.001511	77.783449
249.236000	0.001510	77.596581
249.288000	0.001508	77.410704
249.340000	0.001507	77.225014
249.392000	0.001506	77.040407
249.444000	0.001505	76.855920
249.496000	0.001503	76.672477
249.548000	0.001502	76.489241
249.600000	0.001501	76.306968
249.652000	0.001500	76.124901
249.704000	0.001498	75.943681
249.756000	0.001497	75.762894
249.808000	0.001496	75.582882
249.860000	0.001495	75.403234
249.912000	0.001493	75.224267
249.964000	0.001492	75.045840
250.016000	0.001491	74.868010
250.068000	0.001490	74.690743
250.120000	0.001489	74.514005
250.172000	0.001487	74.337941
250.224000	0.001486	74.162317
250.276000	0.001485	73.987392
250.328000	0.001484	73.812831
250.380000	0.001482	73.639041
250.432000	0.001481	73.465538
250.484000	0.001480	73.292870
250.536000	0.001479	73.120442
250.588000	0.001478	72.948941
250.640000	0.001476	72.777580
250.692000	0.001475	72.607184
250.744000	0.001474	72.436936
250.796000	0.001473	72.267644
250.848000	0.001472	72.098473
250.900000	0.001470	71.930146
250.952000	0.001469	71.762097
251.004000	0.001468	71.594828
251.056000	0.001467	71.427918
251.108000	0.001465	71.261701
251.160000	0.001464	71.095819
251.212000	0.001463	70.930550
251.264000	0.001462	70.765783
251.316000	0.001461	70.601552
251.368000	0.001460	70.437839
251.420000	0.001458	70.274592
251.472000	0.001457	70.111922
251.524000	0.001456	69.949663
251.576000	0.001455	69.788084
251.628000	0.001454	69.626830
251.680000	0.001452	69.466280
251.732000	0.001451	69.305989
251.784000	0.001450	69.146460
251.836000	0.001449	68.987124
251.888000	0.001448	68.828609
251.940000	0.001446	68.670252
251.992000	0.001445	68.512792
252.044000	0.001444	68.355438
252.096000	0.001443	68.198934
252.148000	0.001442	68.042581
252.200000	0.001441	67.887000
252.252000	0.001439	67.731641
252.304000	0.001438	67.576978
252.356000	0.001437	67.422651
252.408000	0.001436	67.268947
252.460000	0.001435	67.115605
252.512000	0.001434	66.962811
252.564000	0.001432	66.810434
252.616000	0.001431	66.658540
252.668000	0.001430	66.507121
252.720000	0.001429	66.356122
252.772000	0.001428	66.205653
252.824000	0.001427	66.055557
252.876000	0.001425	65.906088
252.928000	0.001424	65.756912
252.980000	0.001423	65.608378
253.032000	0.001422	65.460077
253.084000	0.001421	65.312472
253.136000	0.001420	65.165042
253.188000	0.001419	65.018361
253.240000	0.001417	64.871793
253.292000	0.001416	64.726025
253.344000	0.001415	64.580393
253.396000	0.001414	64.435544
253.448000	0.001413	64.290841
253.500000	0.001412	64.146834
253.552000	0.001411	64.003036
253.604000	0.001409	63.859865
253.656000	0.001408	63.716966
253.708000	0.001407	63.574625
253.760000	0.001406	63.432616
253.812000	0.001405	63.291105
253.864000	0.001404	63.150029
253.916000	0.001403	63.009380
253.968000	0.001401	62.869126
254.020000	0.001400	62.729263
254.072000	0.001399	62.589929
254.124000	0.001398	62.450916
254.176000	0.001397	62.312441
254.228000	0.001396	62.174232
254.280000	0.001395	62.036612
254.332000	0.001394	61.899203
254.384000	0.001392	61.762431
254.436000	0.001391	61.625816
254.488000	0.001390	61.489883
254.540000	0.001389	61.354089
254.592000	0.001388	61.219047
254.644000	0.001387	61.084061
254.696000	0.001386	60.949752
254.748000	0.001385	60.815621
254.800000	0.001384	60.682130
254.852000	0.001382	60.548839
254.904000	0.001381	60.416114
254.956000	0.001380	60.283642
255.008000	0.001379	60.151673
255.060000	0.001378	60.020014
255.112000	0.001377	59.888802
255.164000	0.001376	59.757948
255.216000	0.001375	59.627488
255.268000	0.001374	59.497430
255.320000	0.001372	59.367725
255.372000	0.001371	59.238512
255.424000	0.001370	59.109573
255.476000	0.001369	58.981094
255.528000	0.001368	58.852876
255.580000	0.001367	58.725230
255.632000	0.001366	58.597775
255.684000	0.001365	58.470902
255.736000	0.001364	58.344143
255.788000	0.001363	58.217986
255.840000	0.001362	58.091957
255.892000	0.001360	57.966617
255.944000	0.001359	57.841364
255.996000	0.001358	57.716739
256.048000	0.001357	57.592246
256.100000	0.001356	57.468323
256.152000	0.001355	57.344587
256.204000	0.001354	57.221362
256.256000	0.001353	57.098376
256.308000	0.001352	56.975846
256.360000	0.001351	56.853602
256.412000	0.001350	56.731766
256.464000	0.001349	56.610310
256.516000	0.001348	56.489202
256.568000	0.001346	56.368424
256.620000	0.001345	56.247955
256.672000	0.001344	56.127899
256.724000	0.001343	56.008124
256.776000	0.001342	55.888840
256.828000	0.001341	55.769754
256.880000	0.001340	55.651133
256.932000	0.001339	55.532709
256.984000	0.001338	55.414846
257.036000	0.001337	55.297086
257.088000	0.001336	55.179878
257.140000	0.001335	55.062789
257.192000	0.001334	54.946330
257.244000	0.001333	54.829916
257.296000	0.001332	54.714057
257.348000	0.001331	54.598365
257.400000	0.001329	54.483202
257.452000	0.001328	54.368214
257.504000	0.001327	54.253691
257.556000	0.001326	54.139342
257.608000	0.001325	54.025403
257.660000	0.001324	53.911783
257.712000	0.001323	53.798528
257.764000	0.001322	53.685582
257.816000	0.001321	53.572950
257.868000	0.001320	53.460620
257.920000	0.001319	53.348584
257.972000	0.001318	53.236968
258.024000	0.001317	53.125592
258.076000	0.001316	53.014636
258.128000	0.001315	52.903878
258.180000	0.001314	52.793574
258.232000	0.001313	52.683405
258.284000	0.001312	52.573702
258.336000	0.001311	52.464146
258.388000	0.001310	52.355138
258.440000	0.001309	52.246209
258.492000	0.001308	52.137840
258.544000	0.001307	52.029515
258.596000	0.001306	51.921695
258.648000	0.001305	51.814035
258.700000	0.001303	51.706855
258.752000	0.001302	51.599840
258.804000	0.001301	51.493245
258.856000	0.001300	51.386813
258.908000	0.001299	51.280753
258.960000	0.001298	51.174995
259.012000	0.001297	51.069563
259.064000	0.001296	50.964368
259.116000	0.001295	50.859474
259.168000	0.001294	50.754945
259.220000	0.001293	50.650658
259.272000	0.001292	50.546687
259.324000	0.001291	50.442950
259.376000	0.001290	50.339637
259.428000	0.001289	50.236483
259.480000	0.001288	50.133716
259.532000	0.001287	50.031119
259.584000	0.001286	49.929001
259.636000	0.001285	49.826963
259.688000	0.001284	49.725383
259.740000	0.001283	49.623880
259.792000	0.001282	49.522892
259.844000	0.001281	49.421978
259.896000	0.001280	49.321533
259.948000	0.001279	49.221207
