-260.000000	0.000593	96.363220
-259.948000	0.000593	96.771654
-259.896000	0.000594	97.185227
-259.844000	0.000594	97.599281
-259.792000	0.000595	98.018438
-259.740000	0.000595	98.438335
-259.688000	0.000595	98.863037
-259.636000	0.000596	99.288893
-259.584000	0.000596	99.719192
-259.532000	0.000597	100.151058
-259.480000	0.000597	100.587059
-259.428000	0.000598	101.025146
-259.376000	0.000598	101.466936
-259.324000	0.000599	101.911245
-259.272000	0.000599	102.358900
-259.220000	0.000600	102.809589
-259.168000	0.000600	103.263224
-259.116000	0.000600	103.720403
-259.064000	0.000601	104.180113
-259.012000	0.000601	104.643892
-258.960000	0.000602	105.109773
-258.908000	0.000602	105.580265
-258.856000	0.000603	106.052416
-258.804000	0.000603	106.529735
-258.752000	0.000604	107.008199
-258.700000	0.000604	107.492422
-258.648000	0.000605	107.977405
-258.596000	0.000605	108.468727
-258.544000	0.000606	108.960586
-258.492000	0.000606	109.458691
-258.440000	0.000606	109.957724
-258.388000	0.000607	110.462632
-258.336000	0.000607	110.968980
-258.284000	0.000608	111.480780
-258.232000	0.000608	111.994569
-258.180000	0.000609	112.513366
-258.128000	0.000609	113.034723
-258.076000	0.000610	113.560626
-258.024000	0.000610	114.089679
-257.972000	0.000611	114.622764
-257.920000	0.000611	115.159589
-257.868000	0.000612	115.700026
-257.816000	0.000612	116.244860
-257.764000	0.000613	116.792711
-257.712000	0.000613	117.345581
-257.660000	0.000613	117.901031
-257.608000	0.000614	118.462177
-257.556000	0.000614	119.025258
-257.504000	0.000615	119.594716
-257.452000	0.000615	120.165589
-257.400000	0.000616	120.743550
-257.348000	0.000616	121.322335
-257.296000	0.000617	121.908940
-257.244000	0.000617	122.496236
-257.192000	0.000618	123.091150
-257.140000	0.000618	123.687225
-257.088000	0.000619	124.290447
-257.036000	0.000619	124.895463
-256.984000	0.000620	125.507101
-256.932000	0.000620	126.121207
-256.880000	0.000621	126.741386
-256.828000	0.000621	127.364731
-256.776000	0.000622	127.993548
-256.724000	0.000622	128.626228
-256.672000	0.000622	129.263858
-256.620000	0.000623	129.906130
-256.568000	0.000623	130.552708
-256.516000	0.000624	131.204671
-256.464000	0.000624	131.860269
-256.412000	0.000625	132.522026
-256.360000	0.000625	133.186812
-256.308000	0.000626	133.858571
-256.256000	0.000626	134.532742
-256.204000	0.000627	135.214712
-256.152000	0.000627	135.898297
-256.100000	0.000628	136.590547
-256.048000	0.000628	137.283788
-255.996000	0.000629	137.986553
-255.944000	0.000629	138.690103
-255.892000	0.000630	139.402849
-255.840000	0.000630	140.117037
-255.788000	0.000631	140.839833
-255.736000	0.000631	141.564840
-255.684000	0.000632	142.297807
-255.632000	0.000632	143.033800
-255.580000	0.000633	143.777106
-255.528000	0.000633	144.524303
-255.476000	0.000634	145.278056
-255.424000	0.000634	146.036518
-255.372000	0.000635	146.800848
-255.320000	0.000635	147.570793
-255.268000	0.000636	148.345865
-255.216000	0.000636	149.127462
-255.164000	0.000637	149.913420
-255.112000	0.000637	150.706836
-255.060000	0.000638	151.503827
-255.008000	0.000638	152.309229
-254.956000	0.000639	153.117399
-254.904000	0.000639	153.934960
-254.852000	0.000640	154.754451
-254.800000	0.000640	155.584348
-254.748000	0.000641	156.415357
-254.696000	0.000641	157.257784
-254.644000	0.000642	158.101143
-254.592000	0.000642	158.955406
-254.540000	0.000643	159.811425
-254.488000	0.000643	160.677587
-254.436000	0.000644	161.546309
-254.384000	0.000644	162.424418
-254.332000	0.000645	163.306159
-254.280000	0.000645	164.196467
-254.228000	0.000646	165.091394
-254.176000	0.000646	165.994044
-254.124000	0.000647	166.902324
-254.072000	0.000647	167.817494
-254.020000	0.000648	168.739343
-253.968000	0.000648	169.667118
-253.916000	0.000649	170.602595
-253.864000	0.000649	171.543126
-253.812000	0.000650	172.492444
-253.760000	0.000650	173.445931
-253.708000	0.000651	174.409303
-253.656000	0.000651	175.375788
-253.604000	0.000652	176.353270
-253.552000	0.000652	177.332932
-253.500000	0.000653	178.324741
-253.448000	0.000653	179.317767
-253.396000	0.000654	180.324078
-253.344000	0.000654	181.331463
-253.292000	0.000655	182.351402
-253.240000	0.000655	183.373450
-253.188000	0.000656	184.407152
-253.136000	0.000656	185.443976
-253.084000	0.000657	186.491485
-253.032000	0.000657	187.543178
-252.980000	0.000658	188.604632
-252.928000	0.000658	189.671437
-252.876000	0.000659	190.746979
-252.824000	0.000659	191.828975
-252.772000	0.000660	192.918692
-252.720000	0.000660	194.016008
-252.668000	0.000661	195.120009
-252.616000	0.000661	196.232767
-252.564000	0.000662	197.351155
-252.512000	0.000663	198.479473
-252.460000	0.000663	199.612348
-252.408000	0.000664	200.756335
-252.356000	0.000664	201.903844
-252.304000	0.000665	203.063657
-252.252000	0.000665	204.225780
-252.200000	0.000666	205.401419
-252.148000	0.000666	206.578298
-252.096000	0.000667	207.769907
-252.044000	0.000667	208.962780
-251.992000	0.000668	210.169360
-251.940000	0.000668	211.378260
-251.888000	0.000669	212.599827
-251.836000	0.000669	213.824846
-251.784000	0.000670	215.061437
-251.732000	0.000670	216.302642
-251.680000	0.000671	217.554301
-251.628000	0.000671	218.811745
-251.576000	0.000672	220.078512
-251.524000	0.000673	221.352236
-251.472000	0.000673	222.634144
-251.420000	0.000674	223.924181
-251.368000	0.000674	225.221251
-251.316000	0.000675	226.527622
-251.264000	0.000675	227.839912
-251.212000	0.000676	229.162678
-251.160000	0.000676	230.490157
-251.108000	0.000677	231.829261
-251.056000	0.000677	233.171913
-251.004000	0.000678	234.527343
-250.952000	0.000678	235.885148
-250.900000	0.000679	237.256874
-250.848000	0.000679	238.629871
-250.796000	0.000680	240.017781
-250.744000	0.000681	241.406985
-250.692000	0.000681	242.809964
-250.640000	0.000682	244.215323
-250.588000	0.000682	245.633318
-250.536000	0.000683	247.054825
-250.484000	0.000683	248.487751
-250.432000	0.000684	249.925266
-250.380000	0.000684	251.372996
-250.328000	0.000685	252.826407
-250.276000	0.000685	254.288836
-250.224000	0.000686	255.758017
-250.172000	0.000687	257.235026
-250.120000	0.000687	258.719831
-250.068000	0.000688	260.211326
-250.016000	0.000688	261.711644
-249.964000	0.000689	263.217448
-249.912000	0.000689	264.733043
-249.860000	0.000690	266.252931
-249.808000	0.000690	267.783549
-249.756000	0.000691	269.317489
-249.704000	0.000691	270.863063
-249.652000	0.000692	272.410701
-249.600000	0.000693	273.970841
-249.548000	0.000693	275.532127
-249.496000	0.000694	277.106514
-249.444000	0.000694	278.682126
-249.392000	0.000695	280.269648
-249.340000	0.000695	281.859252
-249.288000	0.000696	283.459591
-249.236000	0.000696	285.062893
-249.184000	0.000697	286.675770
-249.132000	0.000698	288.292494
-249.080000	0.000698	289.917574
-249.028000	0.000699	291.547256
-248.976000	0.000699	293.184227
-248.924000	0.000700	294.826590
-248.872000	0.000700	296.475120
-248.820000	0.000701	298.129706
-248.768000	0.000702	299.789414
-248.716000	0.000702	301.455794
-248.664000	0.000703	303.126344
-248.612000	0.000703	304.804117
-248.560000	0.000704	306.485071
-248.508000	0.000704	308.173707
-248.456000	0.000705	309.864636
-248.404000	0.000705	311.563636
-248.352000	0.000706	313.264097
-248.300000	0.000707	314.972941
-248.248000	0.000707	316.682629
-248.196000	0.000708	318.400697
-248.144000	0.000708	320.119552
-248.092000	0.000709	321.845751
-248.040000	0.000709	323.573204
-247.988000	0.000710	325.306999
-247.936000	0.000711	327.042464
-247.884000	0.000711	328.783322
-247.832000	0.000712	330.526224
-247.780000	0.000712	332.273580
-247.728000	0.000713	334.023214
-247.676000	0.000713	335.776462
-247.624000	0.000714	337.532148
-247.572000	0.000715	339.290724
-247.520000	0.000715	341.051812
-247.468000	0.000716	342.815077
-247.416000	0.000716	344.580788
-247.364000	0.000717	346.348090
-247.312000	0.000717	348.117676
-247.260000	0.000718	349.888358
-247.208000	0.000719	351.661049
-247.156000	0.000719	353.434490
-247.104000	0.000720	355.209549
-247.052000	0.000720	356.985001
-247.000000	0.000721	358.761570
-246.948000	0.000722	360.538379
-246.896000	0.000722	362.315645
-246.844000	0.000723	364.092912
-246.792000	0.000723	365.870056
-246.740000	0.000724	367.647096
-246.688000	0.000724	369.423403
-246.636000	0.000725	371.199202
-246.584000	0.000726	372.973826
-246.532000	0.000726	374.747601
-246.480000	0.000727	376.519787
-246.428000	0.000727	378.290577
-246.376000	0.000728	380.059533
-246.324000	0.000729	381.826465
-246.272000	0.000729	383.591333
-246.220000	0.000730	385.353362
-246.168000	0.000730	387.113407
-246.116000	0.000731	388.869736
-246.064000	0.000732	390.624038
-246.012000	0.000732	392.373546
-245.960000	0.000733	394.121330
-245.908000	0.000733	395.863147
-245.856000	0.000734	397.603579
-245.804000	0.000735	399.336716
-245.752000	0.000735	401.068828
-245.700000	0.000736	402.792215
-245.648000	0.000736	404.515076
-245.596000	0.000737	406.228042
-245.544000	0.000738	407.939949
-245.492000	0.000738	409.642070
-245.440000	0.000739	411.342138
-245.388000	0.000739	413.032579
-245.336000	0.000740	414.719764
-245.284000	0.000741	416.397618
-245.232000	0.000741	418.070964
-245.180000	0.000742	419.735349
-245.128000	0.000742	421.393789
-245.076000	0.000743	423.043831
-245.024000	0.000744	424.686404
-244.972000	0.000744	426.321213
-244.920000	0.000745	427.946854
-244.868000	0.000745	429.565534
-244.816000	0.000746	431.173233
-244.764000	0.000747	432.774957
-244.712000	0.000747	434.363763
-244.660000	0.000748	435.947674
-244.608000	0.000749	437.516588
-244.556000	0.000749	439.081715
-244.504000	0.000750	440.629657
-244.452000	0.000750	442.175295
-244.400000	0.000751	443.701410
-244.348000	0.000752	445.225994
-244.296000	0.000752	446.729753
-244.244000	0.000753	448.231325
-244.192000	0.000753	449.713074
-244.140000	0.000754	451.190700
-244.088000	0.000755	452.649575
-244.036000	0.000755	454.102274
-243.984000	0.000756	455.537437
-243.932000	0.000757	456.964337
-243.880000	0.000757	458.374987
-243.828000	0.000758	459.775119
-243.776000	0.000758	461.160445
-243.724000	0.000759	462.532912
-243.672000	0.000760	463.892180
-243.620000	0.000760	465.236152
-243.568000	0.000761	466.568626
-243.516000	0.000762	467.883241
-243.464000	0.000762	469.188137
-243.412000	0.000763	470.472500
-243.360000	0.000763	471.749082
-243.308000	0.000764	473.002376
-243.256000	0.000765	474.250041
-243.204000	0.000765	475.471562
-243.152000	0.000766	476.689463
-243.100000	0.000767	477.878301
-243.048000	0.000767	479.064930
-242.996000	0.000768	480.221365
-242.944000	0.000768	481.374495
-242.892000	0.000769	482.499356
-242.840000	0.000770	483.618236
-242.788000	0.000770	484.710870
-242.736000	0.000771	485.794869
-242.684000	0.000772	486.854676
-242.632000	0.000772	487.903074
-242.580000	0.000773	488.929480
-242.528000	0.000774	489.941679
-242.476000	0.000774	490.934163
-242.424000	0.000775	491.909544
-242.372000	0.000776	492.867542
-242.320000	0.000776	493.805459
-242.268000	0.000777	494.728451
-242.216000	0.000777	495.628337
-242.164000	0.000778	496.515888
-242.112000	0.000779	497.377259
-242.060000	0.000779	498.228923
-242.008000	0.000780	499.051272
-241.956000	0.000781	499.866560
-241.904000	0.000781	500.649363
-241.852000	0.000782	501.427914
-241.800000	0.000783	502.170772
-241.748000	0.000783	502.910906
-241.696000	0.000784	503.614678
-241.644000	0.000785	504.314281
-241.592000	0.000785	504.980254
-241.540000	0.000786	505.639024
-241.488000	0.000787	506.266870
-241.436000	0.000787	506.884418
-241.384000	0.000788	507.473825
-241.332000	0.000789	508.049885
-241.280000	0.000789	508.600615
-241.228000	0.000790	509.134894
-241.176000	0.000790	509.646676
-241.124000	0.000791	510.138859
-241.072000	0.000792	510.611496
-241.020000	0.000792	511.061404
-240.968000	0.000793	511.494727
-240.916000	0.000794	511.902161
-240.864000	0.000794	512.295961
-240.812000	0.000795	512.660700
-240.760000	0.000796	513.014880
-240.708000	0.000796	513.336842
-240.656000	0.000797	513.651294
-240.604000	0.000798	513.930373
-240.552000	0.000798	514.204953
-240.500000	0.000799	514.441032
-240.448000	0.000800	514.674187
-240.396000	0.000800	514.868817
-240.344000	0.000801	515.058909
-240.292000	0.000802	515.213662
-240.240000	0.000802	515.360669
-240.188000	0.000803	515.475508
-240.136000	0.000804	515.579523
-240.084000	0.000805	515.654510
-240.032000	0.000805	515.715595
-239.980000	0.000806	515.750792
-239.928000	0.000807	515.769036
-239.876000	0.000807	515.764502
-239.824000	0.000808	515.739971
-239.772000	0.000809	515.695840
-239.720000	0.000809	515.628739
-239.668000	0.000810	515.545172
-239.616000	0.000811	515.435684
-239.564000	0.000811	515.312804
-239.512000	0.000812	515.161089
-239.460000	0.000813	514.999131
-239.408000	0.000813	514.805490
-239.356000	0.000814	514.604676
-239.304000	0.000815	514.369389
-239.252000	0.000815	514.129959
-239.200000	0.000816	513.853323
-239.148000	0.000817	513.573853
-239.096000	0.000817	513.257827
-239.044000	0.000818	512.937389
-238.992000	0.000819	512.583718
-238.940000	0.000820	512.222620
-238.888000	0.000820	511.831552
-238.836000	0.000821	511.430266
-238.784000	0.000822	511.002164
-238.732000	0.000822	510.561074
-238.680000	0.000823	510.096356
-238.628000	0.000824	509.616031
-238.576000	0.000824	509.115097
-238.524000	0.000825	508.595924
-238.472000	0.000826	508.059209
-238.420000	0.000827	507.501763
-238.368000	0.000827	506.929747
-238.316000	0.000828	506.334578
-238.264000	0.000829	505.727750
-238.212000	0.000829	505.095437
-238.160000	0.000830	504.454254
-238.108000	0.000831	503.785358
-238.056000	0.000831	503.110450
-238.004000	0.000832	502.405703
-237.952000	0.000833	501.697517
-237.900000	0.000834	500.957489
-237.848000	0.000834	500.215127
-237.796000	0.000835	499.442077
-237.744000	0.000836	498.665192
-237.692000	0.000836	497.860779
-237.640000	0.000837	497.050133
-237.588000	0.000838	496.214948
-237.536000	0.000839	495.371295
-237.484000	0.000839	494.505984
-237.432000	0.000840	493.630097
-237.380000	0.000841	492.735301
-237.328000	0.000841	491.827915
-237.276000	0.000842	490.904374
-237.224000	0.000843	489.966406
-237.172000	0.000844	489.014798
-237.120000	0.000844	488.046977
-237.068000	0.000845	487.068039
-237.016000	0.000846	486.071271
-236.964000	0.000846	485.065811
-236.912000	0.000847	484.041022
-236.860000	0.000848	483.009711
-236.808000	0.000849	481.957693
-236.756000	0.000849	480.901346
-236.704000	0.000850	479.823064
-236.652000	0.000851	478.742470
-236.600000	0.000852	477.638851
-236.548000	0.000852	476.533624
-236.496000	0.000853	475.406799
-236.444000	0.000854	474.277230
-236.392000	0.000854	473.128682
-236.340000	0.000855	471.975777
-236.288000	0.000856	470.806293
-236.236000	0.000857	469.631035
-236.184000	0.000857	468.441451
-236.132000	0.000858	467.244827
-236.080000	0.000859	466.035995
-236.028000	0.000860	464.818995
-235.976000	0.000860	463.591777
-235.924000	0.000861	462.355402
-235.872000	0.000862	461.110669
-235.820000	0.000863	459.855926
-235.768000	0.000863	458.594510
-235.716000	0.000864	457.322359
-235.664000	0.000865	456.045219
-235.612000	0.000865	454.756782
-235.560000	0.000866	453.464769
-235.508000	0.000867	452.161020
-235.456000	0.000868	450.855008
-235.404000	0.000868	449.536977
-235.352000	0.000869	448.217900
-235.300000	0.000870	446.886639
-235.248000	0.000871	445.554602
-235.196000	0.000871	444.211730
-235.144000	0.000872	442.867507
-235.092000	0.000873	441.514246
-235.040000	0.000874	440.158911
-234.988000	0.000874	438.796107
-234.936000	0.000875	437.430732
-234.884000	0.000876	436.059229
-234.832000	0.000877	434.684722
-234.780000	0.000878	433.305388
-234.728000	0.000878	431.922854
-234.676000	0.000879	430.536531
-234.624000	0.000880	429.146855
-234.572000	0.000881	427.754433
-234.520000	0.000881	426.358702
-234.468000	0.000882	424.961018
-234.416000	0.000883	423.560150
-234.364000	0.000884	422.158028
-234.312000	0.000884	420.752981
-234.260000	0.000885	419.347246
-234.208000	0.000886	417.938973
-234.156000	0.000887	416.530488
-234.104000	0.000887	415.119961
-234.052000	0.000888	413.709420
-234.000000	0.000889	412.297475
-233.948000	0.000890	410.885686
-233.896000	0.000891	409.473370
-233.844000	0.000891	408.061081
-233.792000	0.000892	406.649152
-233.740000	0.000893	405.237403
-233.688000	0.000894	403.826621
-233.636000	0.000894	402.416278
-233.584000	0.000895	401.007312
-233.532000	0.000896	399.599112
-233.480000	0.000897	398.192676
-233.428000	0.000898	396.787539
-233.376000	0.000898	395.384311
-233.324000	0.000899	393.982930
-233.272000	0.000900	392.583624
-233.220000	0.000901	391.186877
-233.168000	0.000901	389.792189
-233.116000	0.000902	388.400827
-233.064000	0.000903	387.011308
-233.012000	0.000904	385.625955
-232.960000	0.000905	384.242312
-232.908000	0.000905	382.863784
-232.856000	0.000906	381.486572
-232.804000	0.000907	380.115501
-232.752000	0.000908	378.745303
-232.700000	0.000909	377.382355
-232.648000	0.000909	376.020232
-232.596000	0.000910	374.665630
-232.544000	0.000911	373.312254
-232.492000	0.000912	371.966386
-232.440000	0.000913	370.622421
-232.388000	0.000913	369.285734
-232.336000	0.000914	367.951768
-232.284000	0.000915	366.624766
-232.232000	0.000916	365.301409
-232.180000	0.000917	363.984554
-232.128000	0.000917	362.672283
-232.076000	0.000918	361.366031
-232.024000	0.000919	360.065403
-231.972000	0.000920	358.770122
-231.920000	0.000921	357.481513
-231.868000	0.000921	356.197706
-231.816000	0.000922	354.921729
-231.764000	0.000923	353.649680
-231.712000	0.000924	352.386608
-231.660000	0.000925	351.126759
-231.608000	0.000925	349.877112
-231.556000	0.000926	348.629758
-231.504000	0.000927	347.393876
-231.452000	0.000928	346.159396
-231.400000	0.000929	344.937677
-231.348000	0.000930	343.717153
-231.296000	0.000930	342.509063
-231.244000	0.000931	341.302957
-231.192000	0.000932	340.108661
-231.140000	0.000933	338.917393
-231.088000	0.000934	337.737101
-231.036000	0.000934	336.560917
-230.984000	0.000935	335.394849
-230.932000	0.000936	334.234073
-230.880000	0.000937	333.082442
-230.828000	0.000938	331.937267
-230.776000	0.000939	330.800287
-230.724000	0.000939	329.670990
-230.672000	0.000940	328.548828
-230.620000	0.000941	327.435561
-230.568000	0.000942	326.328370
-230.516000	0.000943	325.231319
-230.464000	0.000944	324.139302
-230.412000	0.000944	323.058685
-230.360000	0.000945	321.981988
-230.308000	0.000946	320.917962
-230.256000	0.000947	319.856647
-230.204000	0.000948	318.809288
-230.152000	0.000949	317.763463
-230.100000	0.000949	316.732898
-230.048000	0.000950	315.703745
-229.996000	0.000951	314.689080
-229.944000	0.000952	313.676788
-229.892000	0.000953	312.677977
-229.840000	0.000954	311.682629
-229.788000	0.000955	310.699659
-229.736000	0.000955	309.721379
-229.684000	0.000956	308.754288
-229.632000	0.000957	307.793075
-229.580000	0.000958	306.841896
-229.528000	0.000959	305.897835
-229.476000	0.000960	304.962615
-229.424000	0.000960	304.035726
-229.372000	0.000961	303.116436
-229.320000	0.000962	302.206674
-229.268000	0.000963	301.303298
-229.216000	0.000964	300.410656
-229.164000	0.000965	299.523234
-229.112000	0.000966	298.647747
-229.060000	0.000967	297.776269
-229.008000	0.000967	296.917919
-228.956000	0.000968	296.062346
-228.904000	0.000969	295.221088
-228.852000	0.000970	294.381331
-228.800000	0.000971	293.557078
-228.748000	0.000972	292.734240
-228.696000	0.000973	291.925867
-228.644000	0.000973	291.119876
-228.592000	0.000974	290.327281
-228.540000	0.000975	289.538226
-228.488000	0.000976	288.761315
-228.436000	0.000977	287.989027
-228.384000	0.000978	287.227649
-228.332000	0.000979	286.472044
-228.280000	0.000980	285.726148
-228.228000	0.000980	284.987184
-228.176000	0.000981	284.256712
-228.124000	0.000982	283.534288
-228.072000	0.000983	282.819149
-228.020000	0.000984	282.113158
-227.968000	0.000985	281.413256
-227.916000	0.000986	280.723585
-227.864000	0.000987	280.038772
-227.812000	0.000988	279.365249
-227.760000	0.000988	278.695465
-227.708000	0.000989	278.038029
-227.656000	0.000990	277.383156
-227.604000	0.000991	276.741679
-227.552000	0.000992	276.101637
-227.500000	0.000993	275.475940
-227.448000	0.000994	274.851554
-227.396000	0.000995	274.240478
-227.344000	0.000996	273.631679
-227.292000	0.000996	273.035122
-227.240000	0.000997	272.441819
-227.188000	0.000998	271.859604
-227.136000	0.000999	271.281666
-227.084000	0.001000	270.713650
-227.032000	0.001001	270.150930
-226.980000	0.001002	269.596979
-226.928000	0.001003	269.049325
-226.876000	0.001004	268.509272
-226.824000	0.001005	267.976477
-226.772000	0.001005	267.450247
-226.720000	0.001006	266.932259
-226.668000	0.001007	266.419659
-226.616000	0.001008	265.916214
-226.564000	0.001009	265.417130
-226.512000	0.001010	264.928121
-226.460000	0.001011	264.442423
-226.408000	0.001012	263.967700
-226.356000	0.001013	263.495233
-226.304000	0.001014	263.034633
-226.252000	0.001015	262.575335
-226.200000	0.001016	262.128617
-226.148000	0.001016	261.683155
-226.096000	0.001017	261.249344
-226.044000	0.001018	260.817578
-225.992000	0.001019	260.396506
-225.940000	0.001020	259.978316
-225.888000	0.001021	259.569793
-225.836000	0.001022	259.165031
-225.784000	0.001023	258.768896
-225.732000	0.001024	258.377396
-225.680000	0.001025	257.993505
-225.628000	0.001026	257.615101
-225.576000	0.001027	257.243308
-225.524000	0.001028	256.877834
-225.472000	0.001029	256.517997
-225.420000	0.001029	256.165287
-225.368000	0.001030	255.817262
-225.316000	0.001031	255.477150
-225.264000	0.001032	255.140792
-225.212000	0.001033	254.813114
-225.160000	0.001034	254.488282
-225.108000	0.001035	254.172884
-225.056000	0.001036	253.859423
-225.004000	0.001037	253.556151
-224.952000	0.001038	253.254077
-224.900000	0.001039	252.962685
-224.848000	0.001040	252.672390
-224.796000	0.001041	252.392023
-224.744000	0.001042	252.113477
-224.692000	0.001043	251.844028
-224.640000	0.001044	251.577061
-224.588000	0.001045	251.318312
-224.536000	0.001046	251.062782
-224.484000	0.001047	250.814577
-224.432000	0.001048	250.570326
-224.380000	0.001048	250.332529
-224.328000	0.001049	250.099400
-224.276000	0.001050	249.871910
-224.224000	0.001051	249.649798
-224.172000	0.001052	249.432460
-224.120000	0.001053	249.221159
-224.068000	0.001054	249.013825
-224.016000	0.001055	248.813181
-223.964000	0.001056	248.615717
-223.912000	0.001057	248.425580
-223.860000	0.001058	248.237854
-223.808000	0.001059	248.058088
-223.756000	0.001060	247.880012
-223.704000	0.001061	247.710512
-223.652000	0.001062	247.542024
-223.600000	0.001063	247.382474
-223.548000	0.001064	247.223938
-223.496000	0.001065	247.073719
-223.444000	0.001066	246.925071
-223.392000	0.001067	246.784047
-223.340000	0.001068	246.645129
-223.288000	0.001069	246.513103
-223.236000	0.001070	246.383792
-223.184000	0.001071	246.260650
-223.132000	0.001072	246.140858
-223.080000	0.001073	246.026475
-223.028000	0.001074	245.916011
-222.976000	0.001075	245.810243
-222.924000	0.001076	245.708969
-222.872000	0.001077	245.611739
-222.820000	0.001078	245.519572
-222.768000	0.001079	245.430734
-222.716000	0.001080	245.347487
-222.664000	0.001081	245.266914
-222.612000	0.001082	245.192459
-222.560000	0.001083	245.120087
-222.508000	0.001084	245.054358
-222.456000	0.001085	244.990064
-222.404000	0.001086	244.932924
-222.352000	0.001087	244.876670
-222.300000	0.001088	244.827819
-222.248000	0.001089	244.779865
-222.196000	0.001090	244.738824
-222.144000	0.001091	244.699129
-222.092000	0.001092	244.665778
-222.040000	0.001093	244.634200
-221.988000	0.001094	244.608388
-221.936000	0.001095	244.584877
-221.884000	0.001096	244.566512
-221.832000	0.001097	244.550948
-221.780000	0.001098	244.539893
-221.728000	0.001099	244.532106
-221.676000	0.001100	244.528236
-221.624000	0.001101	244.528108
-221.572000	0.001102	244.531365
-221.520000	0.001103	244.538833
-221.468000	0.001104	244.549132
-221.416000	0.001105	244.564083
-221.364000	0.001106	244.581276
-221.312000	0.001107	244.603549
-221.260000	0.001108	244.627583
-221.208000	0.001109	244.657133
-221.156000	0.001110	244.687903
-221.104000	0.001111	244.724612
-221.052000	0.001112	244.762094
-221.000000	0.001114	244.805697
-220.948000	0.001115	244.850128
-220.896000	0.001116	244.900285
-220.844000	0.001117	244.951593
-220.792000	0.001118	245.008161
-220.740000	0.001119	245.066217
-220.688000	0.001120	245.129067
-220.636000	0.001121	245.193841
-220.584000	0.001122	245.262898
-220.532000	0.001123	245.334289
-220.480000	0.001124	245.409431
-220.428000	0.001125	245.487287
-220.376000	0.001126	245.568481
-220.324000	0.001127	245.652808
-220.272000	0.001128	245.739925
-220.220000	0.001129	245.830523
-220.168000	0.001130	245.923494
-220.116000	0.001131	246.020319
-220.064000	0.001132	246.119024
-220.012000	0.001134	246.221934
-219.960000	0.001135	246.326387
-219.908000	0.001136	246.435400
-219.856000	0.001137	246.545406
-219.804000	0.001138	246.660336
-219.752000	0.001139	246.775987
-219.700000	0.001140	246.896675
-219.648000	0.001141	247.018097
-219.596000	0.001142	247.144248
-219.544000	0.001143	247.271383
-219.492000	0.001144	247.402891
-219.440000	0.001145	247.535677
-219.388000	0.001146	247.672441
-219.336000	0.001148	247.810812
-219.284000	0.001149	247.952740
-219.232000	0.001150	248.096610
-219.180000	0.001151	248.243627
-219.128000	0.001152	248.392913
-219.076000	0.001153	248.544949
-219.024000	0.001154	248.699567
-218.972000	0.001155	248.856508
-218.920000	0.001156	249.016325
-218.868000	0.001157	249.178178
-218.816000	0.001158	249.343218
-218.764000	0.001160	249.509884
-218.712000	0.001161	249.680021
-218.660000	0.001162	249.851421
-218.608000	0.001163	250.026587
-218.556000	0.001164	250.202642
-218.504000	0.001165	250.382760
-218.452000	0.001166	250.563512
-218.400000	0.001167	250.748396
-218.348000	0.001168	250.933931
-218.296000	0.001170	251.123355
-218.244000	0.001171	251.313623
-218.192000	0.001172	251.507496
-218.140000	0.001173	251.702446
-218.088000	0.001174	251.900708
-218.036000	0.001175	252.100337
-217.984000	0.001176	252.302880
-217.932000	0.001177	252.507010
-217.880000	0.001178	252.713783
-217.828000	0.001180	252.922449
-217.776000	0.001181	253.133400
-217.724000	0.001182	253.346479
-217.672000	0.001183	253.561569
-217.620000	0.001184	253.779043
-217.568000	0.001185	253.998136
-217.516000	0.001186	254.219833
-217.464000	0.001187	254.442947
-217.412000	0.001189	254.668908
-217.360000	0.001190	254.895939
-217.308000	0.001191	255.126062
-217.256000	0.001192	255.356990
-217.204000	0.001193	255.591239
-217.152000	0.001194	255.826003
-217.100000	0.001195	256.064160
-217.048000	0.001197	256.302970
-216.996000	0.001198	256.544935
-216.944000	0.001199	256.787591
-216.892000	0.001200	257.033215
-216.840000	0.001201	257.279774
-216.788000	0.001202	257.529029
-216.736000	0.001203	257.779395
-216.684000	0.001205	258.032206
-216.632000	0.001206	258.286368
-216.580000	0.001207	258.542674
-216.528000	0.001208	258.800519
-216.476000	0.001209	259.060244
-216.424000	0.001210	259.321709
-216.372000	0.001212	259.584843
-216.320000	0.001213	259.849921
-216.268000	0.001214	260.116425
-216.216000	0.001215	260.385056
-216.164000	0.001216	260.654829
-216.112000	0.001217	260.926908
-216.060000	0.001219	261.199885
-216.008000	0.001220	261.475367
-215.956000	0.001221	261.751541
-215.904000	0.001222	262.030420
-215.852000	0.001223	262.309830
-215.800000	0.001225	262.591944
-215.748000	0.001226	262.874568
-215.696000	0.001227	263.159754
-215.644000	0.001228	263.445599
-215.592000	0.001229	263.733815
-215.540000	0.001230	264.022787
-215.488000	0.001232	264.313986
-215.436000	0.001233	264.606151
-215.384000	0.001234	264.900237
-215.332000	0.001235	265.195385
-215.280000	0.001236	265.492334
-215.228000	0.001238	265.790564
-215.176000	0.001239	266.090320
-215.124000	0.001240	266.391474
-215.072000	0.001241	266.693994
-215.020000	0.001242	266.998072
-214.968000	0.001244	267.303324
-214.916000	0.001245	267.610270
-214.864000	0.001246	267.918158
-214.812000	0.001247	268.227878
-214.760000	0.001248	268.538393
-214.708000	0.001250	268.850903
-214.656000	0.001251	269.164045
-214.604000	0.001252	269.479312
-214.552000	0.001253	269.794960
-214.500000	0.001255	270.112755
-214.448000	0.001256	270.431078
-214.396000	0.001257	270.751399
-214.344000	0.001258	271.072291
-214.292000	0.001259	271.395060
-214.240000	0.001261	271.718483
-214.188000	0.001262	272.043615
-214.136000	0.001263	272.369486
-214.084000	0.001264	272.696919
-214.032000	0.001266	273.025238
-213.980000	0.001267	273.354990
-213.928000	0.001268	273.685760
-213.876000	0.001269	274.017732
-213.824000	0.001271	274.350800
-213.772000	0.001272	274.684998
-213.720000	0.001273	275.020418
-213.668000	0.001274	275.356736
-213.616000	0.001276	275.694354
-213.564000	0.001277	276.032830
-213.512000	0.001278	276.372711
-213.460000	0.001279	276.713196
-213.408000	0.001281	277.055209
-213.356000	0.001282	277.397755
-213.304000	0.001283	277.741939
-213.252000	0.001284	278.086527
-213.200000	0.001286	278.432716
-213.148000	0.001287	278.779344
-213.096000	0.001288	279.127450
-213.044000	0.001289	279.476050
-212.992000	0.001291	279.826053
-212.940000	0.001292	280.176592
-212.888000	0.001293	280.528463
-212.836000	0.001294	280.880965
-212.784000	0.001296	281.234644
-212.732000	0.001297	281.589010
-212.680000	0.001298	281.944433
-212.628000	0.001300	282.300616
-212.576000	0.001301	282.657741
-212.524000	0.001302	283.015697
-212.472000	0.001303	283.374527
-212.420000	0.001305	283.734260
-212.368000	0.001306	284.094723
-212.316000	0.001307	284.456136
-212.264000	0.001309	284.818184
-212.212000	0.001310	285.181245
-212.160000	0.001311	285.544878
-212.108000	0.001312	285.909599
-212.056000	0.001314	286.274716
-212.004000	0.001315	286.641013
-211.952000	0.001316	287.007694
-211.900000	0.001318	287.375487
-211.848000	0.001319	287.743670
-211.796000	0.001320	288.112844
-211.744000	0.001322	288.482442
-211.692000	0.001323	288.853023
-211.640000	0.001324	289.224062
-211.588000	0.001326	289.596030
-211.536000	0.001327	289.968482
-211.484000	0.001328	290.341749
-211.432000	0.001329	290.715519
-211.380000	0.001331	291.090058
-211.328000	0.001332	291.465153
-211.276000	0.001333	291.840908
-211.224000	0.001335	292.217233
-211.172000	0.001336	292.594193
-211.120000	0.001337	292.971757
-211.068000	0.001339	293.349897
-211.016000	0.001340	293.728657
-210.964000	0.001341	294.107889
-210.912000	0.001343	294.487766
-210.860000	0.001344	294.868088
-210.808000	0.001345	295.249099
-210.756000	0.001347	295.630465
-210.704000	0.001348	296.012557
-210.652000	0.001349	296.394937
-210.600000	0.001351	296.777980
-210.548000	0.001352	297.161410
-210.496000	0.001354	297.545382
-210.444000	0.001355	297.929750
-210.392000	0.001356	298.314684
-210.340000	0.001358	298.699973
-210.288000	0.001359	299.085809
-210.236000	0.001360	299.471992
-210.184000	0.001362	299.858679
-210.132000	0.001363	300.245714
-210.080000	0.001364	300.633181
-210.028000	0.001366	301.020975
-209.976000	0.001367	301.409242
-209.924000	0.001368	301.797859
-209.872000	0.001370	302.186839
-209.820000	0.001371	302.576133
-209.768000	0.001373	302.965859
-209.716000	0.001374	303.355893
-209.664000	0.001375	303.746245
-209.612000	0.001377	304.136895
-209.560000	0.001378	304.527918
-209.508000	0.001380	304.919242
-209.456000	0.001381	305.310791
-209.404000	0.001382	305.702670
-209.352000	0.001384	306.094867
-209.300000	0.001385	306.487287
-209.248000	0.001386	306.880053
-209.196000	0.001388	307.272923
-209.144000	0.001389	307.666127
-209.092000	0.001391	308.059503
-209.040000	0.001392	308.453135
-208.988000	0.001393	308.846982
-208.936000	0.001395	309.241069
-208.884000	0.001396	309.635335
-208.832000	0.001398	310.029785
-208.780000	0.001399	310.424413
-208.728000	0.001401	310.819186
-208.676000	0.001402	311.214140
-208.624000	0.001403	311.609198
-208.572000	0.001405	312.004490
-208.520000	0.001406	312.399846
-208.468000	0.001408	312.795407
-208.416000	0.001409	313.190970
-208.364000	0.001410	313.586758
-208.312000	0.001412	313.982511
-208.260000	0.001413	314.378526
-208.208000	0.001415	314.774484
-208.156000	0.001416	315.170635
-208.104000	0.001418	315.566721
-208.052000	0.001419	315.963074
-208.000000	0.001420	316.359234
-207.948000	0.001422	316.755701
-207.896000	0.001423	317.151879
-207.844000	0.001425	317.548365
-207.792000	0.001426	317.944651
-207.740000	0.001428	318.341100
-207.688000	0.001429	318.737424
-207.636000	0.001431	319.133862
-207.584000	0.001432	319.530208
-207.532000	0.001434	319.926601
-207.480000	0.001435	320.322902
-207.428000	0.001436	320.719158
-207.376000	0.001438	321.115401
-207.324000	0.001439	321.511538
-207.272000	0.001441	321.907707
-207.220000	0.001442	322.303688
-207.168000	0.001444	322.699706
-207.116000	0.001445	323.095443
-207.064000	0.001447	323.491321
-207.012000	0.001448	323.886853
-206.960000	0.001450	324.282542
-206.908000	0.001451	324.677839
-206.856000	0.001453	325.073303
-206.804000	0.001454	325.468330
-206.752000	0.001456	325.863580
-206.700000	0.001457	326.258260
-206.648000	0.001459	326.653248
-206.596000	0.001460	327.047545
-206.544000	0.001462	327.442059
-206.492000	0.001463	327.836078
-206.440000	0.001465	328.230226
-206.388000	0.001466	328.623937
-206.336000	0.001468	329.017644
-206.284000	0.001469	329.410947
-206.232000	0.001471	329.804126
-206.180000	0.001472	330.197038
-206.128000	0.001474	330.589761
-206.076000	0.001475	330.982254
-206.024000	0.001477	331.374435
-205.972000	0.001478	331.766464
-205.920000	0.001480	332.158069
-205.868000	0.001481	332.549606
-205.816000	0.001483	332.940602
-205.764000	0.001484	333.331619
-205.712000	0.001486	333.722003
-205.660000	0.001487	334.112498
-205.608000	0.001489	334.502286
-205.556000	0.001490	334.892177
-205.504000	0.001492	335.281289
-205.452000	0.001494	335.670584
-205.400000	0.001495	336.058966
-205.348000	0.001497	336.447658
-205.296000	0.001498	336.835333
-205.244000	0.001500	337.223201
-205.192000	0.001501	337.610242
-205.140000	0.001503	337.997299
-205.088000	0.001504	338.383665
-205.036000	0.001506	338.769940
-204.984000	0.001507	339.155592
-204.932000	0.001509	339.541004
-204.880000	0.001511	339.925927
-204.828000	0.001512	340.310498
-204.776000	0.001514	340.694647
-204.724000	0.001515	341.078295
-204.672000	0.001517	341.461673
-204.620000	0.001518	341.844420
-204.568000	0.001520	342.227013
-204.516000	0.001522	342.608832
-204.464000	0.001523	342.990563
-204.412000	0.001525	343.371402
-204.360000	0.001526	343.752269
-204.308000	0.001528	344.132146
-204.256000	0.001530	344.512071
-204.204000	0.001531	344.890934
-204.152000	0.001533	345.270029
-204.100000	0.001534	345.647874
-204.048000	0.001536	346.025963
-203.996000	0.001537	346.402752
-203.944000	0.001539	346.779714
-203.892000	0.001541	347.155605
-203.840000	0.001542	347.531462
-203.788000	0.001544	347.906383
-203.736000	0.001546	348.281116
-203.684000	0.001547	348.655040
-203.632000	0.001549	349.028622
-203.580000	0.001550	349.401525
-203.528000	0.001552	349.773931
-203.476000	0.001554	350.145792
-203.424000	0.001555	350.516997
-203.372000	0.001557	350.887750
-203.320000	0.001559	351.257677
-203.268000	0.001560	351.627385
-203.216000	0.001562	351.996115
-203.164000	0.001563	352.364774
-203.112000	0.001565	352.732309
-203.060000	0.001567	353.099758
-203.008000	0.001568	353.465987
-202.956000	0.001570	353.832312
-202.904000	0.001572	354.197284
-202.852000	0.001573	354.562386
-202.800000	0.001575	354.926011
-202.748000	0.001577	355.289962
-202.696000	0.001578	355.652344
-202.644000	0.001580	356.014817
-202.592000	0.001582	356.376025
-202.540000	0.001583	356.737158
-202.488000	0.001585	357.097156
-202.436000	0.001587	357.456877
-202.384000	0.001588	357.815647
-202.332000	0.001590	358.173990
-202.280000	0.001592	358.531502
-202.228000	0.001593	358.888393
-202.176000	0.001595	359.244650
-202.124000	0.001597	359.600122
-202.072000	0.001598	359.955079
-202.020000	0.001600	360.309060
-201.968000	0.001602	360.662737
-201.916000	0.001603	361.015261
-201.864000	0.001605	361.367648
-201.812000	0.001607	361.718730
-201.760000	0.001608	362.069724
-201.708000	0.001610	362.419308
-201.656000	0.001612	362.769000
-201.604000	0.001614	363.117126
-201.552000	0.001615	363.465368
-201.500000	0.001617	363.811914
-201.448000	0.001619	364.158763
-201.396000	0.001620	364.503895
-201.344000	0.001622	364.849137
-201.292000	0.001624	365.192928
-201.240000	0.001626	365.536554
-201.188000	0.001627	365.878955
-201.136000	0.001629	366.221056
-201.084000	0.001631	366.562044
-201.032000	0.001633	366.902499
-200.980000	0.001634	367.242087
-200.928000	0.001636	367.580987
-200.876000	0.001638	367.919161
-200.824000	0.001639	368.256440
-200.772000	0.001641	368.593129
-200.720000	0.001643	368.928720
-200.668000	0.001645	369.263998
-200.616000	0.001646	369.597997
-200.564000	0.001648	369.931812
-200.512000	0.001650	370.264191
-200.460000	0.001652	370.596548
-200.408000	0.001654	370.927340
-200.356000	0.001655	371.258180
-200.304000	0.001657	371.587320
-200.252000	0.001659	371.916651
-200.200000	0.001661	372.244112
-200.148000	0.001662	372.571825
-200.096000	0.001664	372.897717
-200.044000	0.001666	373.223715
-199.992000	0.001668	373.548203
-199.940000	0.001669	373.872537
-199.888000	0.001671	374.195525
-199.836000	0.001673	374.518134
-199.784000	0.001675	374.839585
-199.732000	0.001677	375.160460
-199.680000	0.001678	375.480440
-199.628000	0.001680	375.799678
-199.576000	0.001682	376.118098
-199.524000	0.001684	376.435534
-199.472000	0.001686	376.752474
-199.420000	0.001687	377.068258
-199.368000	0.001689	377.383650
-199.316000	0.001691	377.697676
-199.264000	0.001693	378.011600
-199.212000	0.001695	378.323997
-199.160000	0.001697	378.636310
-199.108000	0.001698	378.946976
-199.056000	0.001700	379.257732
-199.004000	0.001702	379.566706
-198.952000	0.001704	379.875912
-198.900000	0.001706	380.183177
-198.848000	0.001708	380.490715
-198.796000	0.001709	380.796380
-198.744000	0.001711	381.102123
-198.692000	0.001713	381.406311
-198.640000	0.001715	381.710313
-198.588000	0.001717	382.012961
-198.536000	0.001719	382.315220
-198.484000	0.001721	382.616360
-198.432000	0.001722	382.916926
-198.380000	0.001724	383.216543
-198.328000	0.001726	383.515361
-198.276000	0.001728	383.813433
-198.224000	0.001730	384.110503
-198.172000	0.001732	384.407030
-198.120000	0.001734	384.702350
-198.068000	0.001736	384.997380
-198.016000	0.001737	385.291012
-197.964000	0.001739	385.584543
-197.912000	0.001741	385.876517
-197.860000	0.001743	386.168463
-197.808000	0.001745	386.458730
-197.756000	0.001747	386.749095
-197.704000	0.001749	387.037663
-197.652000	0.001751	387.326512
-197.600000	0.001753	387.613416
-197.548000	0.001754	387.900623
-197.496000	0.001756	388.185971
-197.444000	0.001758	388.471378
-197.392000	0.001760	388.755297
-197.340000	0.001762	389.039068
-197.288000	0.001764	389.321508
-197.236000	0.001766	389.603543
-197.184000	0.001768	389.884484
-197.132000	0.001770	390.164839
-197.080000	0.001772	390.444309
-197.028000	0.001774	390.722988
-196.976000	0.001776	391.000991
-196.924000	0.001778	391.277999
-196.872000	0.001780	391.554540
-196.820000	0.001781	391.829882
-196.768000	0.001783	392.104965
-196.716000	0.001785	392.378659
-196.664000	0.001787	392.652279
-196.612000	0.001789	392.924365
-196.560000	0.001791	393.196493
-196.508000	0.001793	393.466985
-196.456000	0.001795	393.737685
-196.404000	0.001797	394.006622
-196.352000	0.001799	394.275857
-196.300000	0.001801	394.543211
-196.248000	0.001803	394.810901
-196.196000	0.001805	395.076815
-196.144000	0.001807	395.342776
-196.092000	0.001809	395.607353
-196.040000	0.001811	395.871805
-195.988000	0.001813	396.135031
-195.936000	0.001815	396.397880
-195.884000	0.001817	396.659709
-195.832000	0.001819	396.920964
-195.780000	0.001821	397.181442
-195.728000	0.001823	397.441166
-195.676000	0.001825	397.700322
-195.624000	0.001827	397.958525
-195.572000	0.001829	398.216368
-195.520000	0.001831	398.473062
-195.468000	0.001833	398.729601
-195.416000	0.001835	398.984810
-195.364000	0.001837	399.239989
-195.312000	0.001839	399.493714
-195.260000	0.001841	399.747614
-195.208000	0.001843	399.999951
-195.156000	0.001845	400.252483
-195.104000	0.001847	400.503359
-195.052000	0.001849	400.754594
-195.000000	0.001851	401.004076
-194.948000	0.001854	401.253932
-194.896000	0.001856	401.502196
-194.844000	0.001858	401.750566
-194.792000	0.001860	401.997657
-194.740000	0.001862	402.244609
-194.688000	0.001864	402.490515
-194.636000	0.001866	402.736115
-194.584000	0.001868	402.980844
-194.532000	0.001870	403.225054
-194.480000	0.001872	403.468594
-194.428000	0.001874	403.711430
-194.376000	0.001876	403.953838
-194.324000	0.001878	404.195367
-194.272000	0.001880	404.436624
-194.220000	0.001883	404.676810
-194.168000	0.001885	404.916970
-194.116000	0.001887	405.155900
-194.064000	0.001889	405.394965
-194.012000	0.001891	405.632683
-193.960000	0.001893	405.870581
-193.908000	0.001895	406.107073
-193.856000	0.001897	406.343928
-193.804000	0.001899	406.579273
-193.752000	0.001902	406.815001
-193.700000	0.001904	407.049143
-193.648000	0.001906	407.283665
-193.596000	0.001908	407.516807
-193.544000	0.001910	407.750093
-193.492000	0.001912	407.982324
-193.440000	0.001914	408.214495
-193.388000	0.001917	408.445751
-193.336000	0.001919	408.676720
-193.284000	0.001921	408.907034
-193.232000	0.001923	409.136924
-193.180000	0.001925	409.366318
-193.128000	0.001927	409.595097
-193.076000	0.001929	409.823570
-193.024000	0.001932	410.051256
-192.972000	0.001934	410.278870
-192.920000	0.001936	410.505535
-192.868000	0.001938	410.732319
-192.816000	0.001940	410.958004
-192.764000	0.001943	411.183899
-192.712000	0.001945	411.408603
-192.660000	0.001947	411.633593
-192.608000	0.001949	411.857346
-192.556000	0.001951	412.081506
-192.504000	0.001954	412.304370
-192.452000	0.001956	412.527722
-192.400000	0.001958	412.749715
-192.348000	0.001960	412.972131
-192.296000	0.001962	413.193417
-192.244000	0.001965	413.414893
-192.192000	0.001967	413.635517
-192.140000	0.001969	413.856118
-192.088000	0.001971	414.076054
-192.036000	0.001974	414.295802
-191.984000	0.001976	414.515068
-191.932000	0.001978	414.733984
-191.880000	0.001980	414.952600
-191.828000	0.001982	415.170706
-191.776000	0.001985	415.388689
-191.724000	0.001987	415.606007
-191.672000	0.001989	415.823423
-191.620000	0.001991	416.040027
-191.568000	0.001994	416.256856
-191.516000	0.001996	416.472743
-191.464000	0.001998	416.689023
-191.412000	0.002001	416.904296
-191.360000	0.002003	417.119965
-191.308000	0.002005	417.334605
-191.256000	0.002007	417.549736
-191.204000	0.002010	417.763805
-191.152000	0.002012	417.978424
-191.100000	0.002014	418.191927
-191.048000	0.002017	418.405863
-190.996000	0.002019	418.618965
-190.944000	0.002021	418.832339
-190.892000	0.002023	419.045083
-190.840000	0.002026	419.257849
-190.788000	0.002028	419.470183
-190.736000	0.002030	419.682417
-190.684000	0.002033	419.894424
-190.632000	0.002035	420.106205
-190.580000	0.002037	420.317889
-190.528000	0.002040	420.529183
-190.476000	0.002042	420.740503
-190.424000	0.002044	420.951284
-190.372000	0.002047	421.162383
-190.320000	0.002049	421.372827
-190.268000	0.002051	421.583606
-190.216000	0.002054	421.793618
-190.164000	0.002056	422.004206
-190.112000	0.002059	422.213981
-190.060000	0.002061	422.424213
-190.008000	0.002063	422.633651
-189.956000	0.002066	422.843710
-189.904000	0.002068	423.052942
-189.852000	0.002070	423.262746
-189.800000	0.002073	423.471726
-189.748000	0.002075	423.681218
-189.696000	0.002078	423.890133
-189.644000	0.002080	424.099346
-189.592000	0.002082	424.308209
-189.540000	0.002085	424.517201
-189.488000	0.002087	424.725997
-189.436000	0.002090	424.934787
-189.384000	0.002092	425.143536
-189.332000	0.002094	425.352150
-189.280000	0.002097	425.560874
-189.228000	0.002099	425.769335
-189.176000	0.002102	425.978092
-189.124000	0.002104	426.186472
-189.072000	0.002107	426.395252
-189.020000	0.002109	426.603525
-188.968000	0.002111	426.812386
-188.916000	0.002114	427.020659
-188.864000	0.002116	427.229537
-188.812000	0.002119	427.437825
-188.760000	0.002121	427.646815
-188.708000	0.002124	427.855208
-188.656000	0.002126	428.064174
-188.604000	0.002129	428.272623
-188.552000	0.002131	428.481852
-188.500000	0.002134	428.690406
-188.448000	0.002136	428.899275
-188.396000	0.002139	429.107907
-188.344000	0.002141	429.316986
-188.292000	0.002143	429.526039
-188.240000	0.002146	429.735378
-188.188000	0.002148	429.944842
-188.136000	0.002151	430.154463
-188.084000	0.002153	430.364009
-188.032000	0.002156	430.573407
-187.980000	0.002159	430.783223
-187.928000	0.002161	430.992945
-187.876000	0.002164	431.203228
-187.824000	0.002166	431.413295
-187.772000	0.002169	431.623594
-187.720000	0.002171	431.833501
-187.668000	0.002174	432.044752
-187.616000	0.002176	432.255591
-187.564000	0.002179	432.466807
-187.512000	0.002181	432.677639
-187.460000	0.002184	432.889310
-187.408000	0.002186	433.100542
-187.356000	0.002189	433.312167
-187.304000	0.002192	433.523650
-187.252000	0.002194	433.736298
-187.200000	0.002197	433.948516
-187.148000	0.002199	434.161060
-187.096000	0.002202	434.373595
-187.044000	0.002204	434.586604
-186.992000	0.002207	434.799782
-186.940000	0.002210	435.013300
-186.888000	0.002212	435.227120
-186.836000	0.002215	435.441166
-186.784000	0.002217	435.655640
-186.732000	0.002220	435.870231
-186.680000	0.002223	436.084989
-186.628000	0.002225	436.299621
-186.576000	0.002228	436.514934
-186.524000	0.002231	436.730150
-186.472000	0.002233	436.946634
-186.420000	0.002236	437.162972
-186.368000	0.002238	437.379720
-186.316000	0.002241	437.596208
-186.264000	0.002244	437.813623
-186.212000	0.002246	438.030829
-186.160000	0.002249	438.248911
-186.108000	0.002252	438.466848
-186.056000	0.002254	438.685615
-186.004000	0.002257	438.904297
-185.952000	0.002260	439.123770
-185.900000	0.002262	439.343028
-185.848000	0.002265	439.562619
-185.796000	0.002268	439.782622
-185.744000	0.002270	440.003422
-185.692000	0.002273	440.224553
-185.640000	0.002276	440.446074
-185.588000	0.002279	440.667730
-185.536000	0.002281	440.889464
-185.484000	0.002284	441.112103
-185.432000	0.002287	441.335108
-185.380000	0.002289	441.558778
-185.328000	0.002292	441.782550
-185.276000	0.002295	442.006662
-185.224000	0.002298	442.230690
-185.172000	0.002300	442.456064
-185.120000	0.002303	442.681407
-185.068000	0.002306	442.907729
-185.016000	0.002309	443.133908
-184.964000	0.002311	443.360555
-184.912000	0.002314	443.587209
-184.860000	0.002317	443.815218
-184.808000	0.002320	444.043240
-184.756000	0.002322	444.272102
-184.704000	0.002325	444.501047
-184.652000	0.002328	444.730768
-184.600000	0.002331	444.960648
-184.548000	0.002334	445.191196
-184.496000	0.002336	445.422071
-184.444000	0.002339	445.653478
-184.392000	0.002342	445.885332
-184.340000	0.002345	446.117622
-184.288000	0.002348	446.350457
-184.236000	0.002350	446.583640
-184.184000	0.002353	446.817817
-184.132000	0.002356	447.052424
-184.080000	0.002359	447.287376
-184.028000	0.002362	447.522374
-183.976000	0.002365	447.758635
-183.924000	0.002367	447.995076
-183.872000	0.002370	448.232442
-183.820000	0.002373	448.469816
-183.768000	0.002376	448.708205
-183.716000	0.002379	448.946583
-183.664000	0.002382	449.185938
-183.612000	0.002385	449.425415
-183.560000	0.002387	449.666250
-183.508000	0.002390	449.907104
-183.456000	0.002393	450.148381
-183.404000	0.002396	450.390017
-183.352000	0.002399	450.632787
-183.300000	0.002402	450.875845
-183.248000	0.002405	451.119569
-183.196000	0.002408	451.363708
-183.144000	0.002411	451.608404
-183.092000	0.002414	451.853888
-183.040000	0.002416	452.100092
-182.988000	0.002419	452.346897
-182.936000	0.002422	452.594090
-182.884000	0.002425	452.841971
-182.832000	0.002428	453.090160
-182.780000	0.002431	453.339516
-182.728000	0.002434	453.589226
-182.676000	0.002437	453.839360
-182.624000	0.002440	454.089552
-182.572000	0.002443	454.341163
-182.520000	0.002446	454.592887
-182.468000	0.002449	454.846152
-182.416000	0.002452	455.099476
-182.364000	0.002455	455.353775
-182.312000	0.002458	455.608196
-182.260000	0.002461	455.863508
-182.208000	0.002464	456.119025
-182.156000	0.002467	456.375360
-182.104000	0.002470	456.632129
-182.052000	0.002473	456.890009
-182.000000	0.002476	457.148246
-181.948000	0.002479	457.407142
-181.896000	0.002482	457.666718
-181.844000	0.002485	457.927157
-181.792000	0.002488	458.188124
-181.740000	0.002491	458.449589
-181.688000	0.002494	458.711976
-181.636000	0.002497	458.974982
-181.584000	0.002500	459.238678
-181.532000	0.002503	459.502710
-181.480000	0.002506	459.767509
-181.428000	0.002509	460.032560
-181.376000	0.002513	460.298896
-181.324000	0.002516	460.565489
-181.272000	0.002519	460.833011
-181.220000	0.002522	461.100623
-181.168000	0.002525	461.369763
-181.116000	0.002528	461.639023
-181.064000	0.002531	461.909714
-181.012000	0.002534	462.180553
-180.960000	0.002537	462.452258
-180.908000	0.002540	462.724190
-180.856000	0.002544	462.996907
-180.804000	0.002547	463.270079
-180.752000	0.002550	463.544332
-180.700000	0.002553	463.819147
-180.648000	0.002556	464.094943
-180.596000	0.002559	464.371148
-180.544000	0.002563	464.647942
-180.492000	0.002566	464.925498
-180.440000	0.002569	465.203806
-180.388000	0.002572	465.482997
-180.336000	0.002575	465.762817
-180.284000	0.002578	466.043279
-180.232000	0.002582	466.324082
-180.180000	0.002585	466.606004
-180.128000	0.002588	466.888303
-180.076000	0.002591	467.171406
-180.024000	0.002594	467.454674
-179.972000	0.002598	467.739305
-179.920000	0.002601	468.024056
-179.868000	0.002604	468.310295
-179.816000	0.002607	468.596599
-179.764000	0.002611	468.883799
-179.712000	0.002614	469.171285
-179.660000	0.002617	469.460480
-179.608000	0.002620	469.749755
-179.556000	0.002624	470.039373
-179.504000	0.002627	470.329568
-179.452000	0.002630	470.621173
-179.400000	0.002633	470.913284
-179.348000	0.002637	471.206367
-179.296000	0.002640	471.499763
-179.244000	0.002643	471.793755
-179.192000	0.002647	472.088414
-179.140000	0.002650	472.383825
-179.088000	0.002653	472.680027
-179.036000	0.002656	472.976851
-178.984000	0.002660	473.274588
-178.932000	0.002663	473.572808
-178.880000	0.002666	473.871665
-178.828000	0.002670	474.170748
-178.776000	0.002673	474.470996
-178.724000	0.002677	474.771454
-178.672000	0.002680	475.073686
-178.620000	0.002683	475.376028
-178.568000	0.002687	475.679270
-178.516000	0.002690	475.982561
-178.464000	0.002693	476.287161
-178.412000	0.002697	476.591908
-178.360000	0.002700	476.897857
-178.308000	0.002704	477.204049
-178.256000	0.002707	477.511338
-178.204000	0.002710	477.818958
-178.152000	0.002714	478.127584
-178.100000	0.002717	478.436604
-178.048000	0.002721	478.746584
-177.996000	0.002724	479.056964
-177.944000	0.002727	479.368223
-177.892000	0.002731	479.679723
-177.840000	0.002734	479.991721
-177.788000	0.002738	480.304698
-177.736000	0.002741	480.618470
-177.684000	0.002745	480.933026
-177.632000	0.002748	481.248025
-177.580000	0.002752	481.563946
-177.528000	0.002755	481.880162
-177.476000	0.002759	482.197437
-177.424000	0.002762	482.514853
-177.372000	0.002766	482.833948
-177.320000	0.002769	483.153071
-177.268000	0.002773	483.472999
-177.216000	0.002776	483.792889
-177.164000	0.002780	484.114005
-177.112000	0.002783	484.435247
-177.060000	0.002787	484.758053
-177.008000	0.002790	485.080982
-176.956000	0.002794	485.404950
-176.904000	0.002797	485.729113
-176.852000	0.002801	486.054240
-176.800000	0.002805	486.379594
-176.748000	0.002808	486.705893
-176.696000	0.002812	487.032392
-176.644000	0.002815	487.359764
-176.592000	0.002819	487.687760
-176.540000	0.002822	488.016707
-176.488000	0.002826	488.345811
-176.436000	0.002830	488.675269
-176.384000	0.002833	489.006085
-176.332000	0.002837	489.337600
-176.280000	0.002840	489.669486
-176.228000	0.002844	490.001474
-176.176000	0.002848	490.334835
-176.124000	0.002851	490.668320
-176.072000	0.002855	491.002883
-176.020000	0.002859	491.337332
-175.968000	0.002862	491.672989
-175.916000	0.002866	492.008535
-175.864000	0.002870	492.345685
-175.812000	0.002873	492.682743
-175.760000	0.002877	493.020846
-175.708000	0.002881	493.359041
-175.656000	0.002885	493.698598
-175.604000	0.002888	494.038174
-175.552000	0.002892	494.378677
-175.500000	0.002896	494.719197
-175.448000	0.002899	495.060645
-175.396000	0.002903	495.402306
-175.344000	0.002907	495.745097
-175.292000	0.002911	496.088012
-175.240000	0.002914	496.431604
-175.188000	0.002918	496.775808
-175.136000	0.002922	497.120702
-175.084000	0.002926	497.466407
-175.032000	0.002929	497.812576
-174.980000	0.002933	498.159357
-174.928000	0.002937	498.506263
-174.876000	0.002941	498.853945
-174.824000	0.002945	499.201559
-174.772000	0.002948	499.550609
-174.720000	0.002952	499.899457
-174.668000	0.002956	500.249908
-174.616000	0.002960	500.600059
-174.564000	0.002964	500.951227
-174.512000	0.002968	501.302226
-174.460000	0.002971	501.654619
-174.408000	0.002975	502.006920
-174.356000	0.002979	502.360515
-174.304000	0.002983	502.714091
-174.252000	0.002987	503.068903
-174.200000	0.002991	503.423493
-174.148000	0.002995	503.778990
-174.096000	0.002999	504.134199
-174.044000	0.003002	504.490240
-173.992000	0.003006	504.846747
-173.940000	0.003010	505.204351
-173.888000	0.003014	505.562023
-173.836000	0.003018	505.920125
-173.784000	0.003022	506.279213
-173.732000	0.003026	506.638830
-173.680000	0.003030	506.998881
-173.628000	0.003034	507.358947
-173.576000	0.003038	507.719633
-173.524000	0.003042	508.080121
-173.472000	0.003046	508.442403
-173.420000	0.003050	508.804372
-173.368000	0.003054	509.167808
-173.316000	0.003058	509.530785
-173.264000	0.003062	509.894671
-173.212000	0.003066	510.258297
-173.160000	0.003070	510.623661
-173.108000	0.003074	510.988603
-173.056000	0.003078	511.354379
-173.004000	0.003082	511.719914
-172.952000	0.003086	512.086637
-172.900000	0.003090	512.453305
-172.848000	0.003094	512.821480
-172.796000	0.003098	513.189107
-172.744000	0.003102	513.557534
-172.692000	0.003106	513.926189
-172.640000	0.003110	514.295887
-172.588000	0.003115	514.665431
-172.536000	0.003119	515.035331
-172.484000	0.003123	515.406023
-172.432000	0.003127	515.777146
-172.380000	0.003131	516.148936
-172.328000	0.003135	516.520736
-172.276000	0.003139	516.892998
-172.224000	0.003143	517.264926
-172.172000	0.003148	517.638515
-172.120000	0.003152	518.011646
-172.068000	0.003156	518.386630
-172.016000	0.003160	518.760989
-171.964000	0.003164	519.136153
-171.912000	0.003169	519.510875
-171.860000	0.003173	519.887243
-171.808000	0.003177	520.263112
-171.756000	0.003181	520.640141
-171.704000	0.003185	521.016702
-171.652000	0.003190	521.394415
-171.600000	0.003194	521.771817
-171.548000	0.003198	522.150700
-171.496000	0.003202	522.529030
-171.444000	0.003207	522.908397
-171.392000	0.003211	523.287469
-171.340000	0.003215	523.667294
-171.288000	0.003219	524.047420
-171.236000	0.003224	524.428205
-171.184000	0.003228	524.809220
-171.132000	0.003232	525.190417
-171.080000	0.003237	525.572112
-171.028000	0.003241	525.953698
-170.976000	0.003245	526.336510
-170.924000	0.003250	526.718987
-170.872000	0.003254	527.103003
-170.820000	0.003258	527.486398
-170.768000	0.003263	527.871013
-170.716000	0.003267	528.254948
-170.664000	0.003271	528.640526
-170.612000	0.003276	529.025390
-170.560000	0.003280	529.411393
-170.508000	0.003285	529.796832
-170.456000	0.003289	530.183761
-170.404000	0.003294	530.570004
-170.352000	0.003298	530.957364
-170.300000	0.003302	531.344170
-170.248000	0.003307	531.732433
-170.196000	0.003311	532.120167
-170.144000	0.003316	532.509166
-170.092000	0.003320	532.897952
-170.040000	0.003325	533.287660
-169.988000	0.003329	533.677146
-169.936000	0.003334	534.067028
-169.884000	0.003338	534.457345
-169.832000	0.003343	534.847894
-169.780000	0.003347	535.239212
-169.728000	0.003352	535.630413
-169.676000	0.003356	536.022256
-169.624000	0.003361	536.413566
-169.572000	0.003365	536.806807
-169.520000	0.003370	537.199313
-169.468000	0.003374	537.592933
-169.416000	0.003379	537.985726
-169.364000	0.003384	538.380072
-169.312000	0.003388	538.773733
-169.260000	0.003393	539.169318
-169.208000	0.003397	539.564027
-169.156000	0.003402	539.959790
-169.104000	0.003407	540.354850
-169.052000	0.003411	540.751345
-169.000000	0.003416	541.147071
-168.948000	0.003420	541.544228
-168.896000	0.003425	541.940916
-168.844000	0.003430	542.339092
-168.792000	0.003434	542.736584
-168.740000	0.003439	543.134719
-168.688000	0.003444	543.533149
-168.636000	0.003449	543.932271
-168.584000	0.003453	544.331315
-168.532000	0.003458	544.730358
-168.480000	0.003463	545.130469
-168.428000	0.003467	545.530465
-168.376000	0.003472	545.931460
-168.324000	0.003477	546.331870
-168.272000	0.003482	546.734130
-168.220000	0.003486	547.135529
-168.168000	0.003491	547.537954
-168.116000	0.003496	547.939488
-168.064000	0.003501	548.342975
-168.012000	0.003506	548.745644
-167.960000	0.003510	549.150177
-167.908000	0.003515	549.553685
-167.856000	0.003520	549.958211
-167.804000	0.003525	550.362054
-167.752000	0.003530	550.767656
-167.700000	0.003535	551.172533
-167.648000	0.003539	551.579123
-167.596000	0.003544	551.984838
-167.544000	0.003549	552.391740
-167.492000	0.003554	552.798123
-167.440000	0.003559	553.205320
-167.388000	0.003564	553.612699
-167.336000	0.003569	554.020706
-167.284000	0.003574	554.429293
-167.232000	0.003579	554.838090
-167.180000	0.003584	555.247456
-167.128000	0.003588	555.656518
-167.076000	0.003593	556.066969
-167.024000	0.003598	556.476801
-166.972000	0.003603	556.888431
-166.920000	0.003608	557.299123
-166.868000	0.003613	557.711286
-166.816000	0.003618	558.122469
-166.764000	0.003623	558.535547
-166.712000	0.003628	558.947710
-166.660000	0.003633	559.361704
-166.608000	0.003639	559.774704
-166.556000	0.003644	560.189074
-166.504000	0.003649	560.602652
-166.452000	0.003654	561.017976
-166.400000	0.003659	561.432676
-166.348000	0.003664	561.849370
-166.296000	0.003669	562.265097
-166.244000	0.003674	562.681975
-166.192000	0.003679	563.098557
-166.140000	0.003684	563.516132
-166.088000	0.003689	563.933823
-166.036000	0.003695	564.352086
-165.984000	0.003700	564.770880
-165.932000	0.003705	565.189826
-165.880000	0.003710	565.610142
-165.828000	0.003715	566.030290
-165.776000	0.003720	566.451337
-165.724000	0.003726	566.871636
-165.672000	0.003731	567.293709
-165.620000	0.003736	567.714822
-165.568000	0.003741	568.138373
-165.516000	0.003747	568.560893
-165.464000	0.003752	568.985284
-165.412000	0.003757	569.408706
-165.360000	0.003762	569.833931
-165.308000	0.003768	570.258247
-165.256000	0.003773	570.684303
-165.204000	0.003778	571.109692
-165.152000	0.003784	571.537158
-165.100000	0.003789	571.963717
-165.048000	0.003794	572.391955
-164.996000	0.003800	572.819722
-164.944000	0.003805	573.249127
-164.892000	0.003810	573.678216
-164.840000	0.003816	574.108263
-164.788000	0.003821	574.538416
-164.736000	0.003826	574.969106
-164.684000	0.003832	575.400706
-164.632000	0.003837	575.832559
-164.580000	0.003843	576.265359
-164.528000	0.003848	576.697851
-164.476000	0.003854	577.132645
-164.424000	0.003859	577.566826
-164.372000	0.003865	578.002289
-164.320000	0.003870	578.436778
-164.268000	0.003875	578.874192
-164.216000	0.003881	579.310565
-164.164000	0.003886	579.748798
-164.112000	0.003892	580.186158
-164.060000	0.003898	580.625740
-164.008000	0.003903	581.064408
-163.956000	0.003909	581.504817
-163.904000	0.003914	581.944747
-163.852000	0.003920	582.387087
-163.800000	0.003925	582.828522
-163.748000	0.003931	583.271624
-163.696000	0.003937	583.714560
-163.644000	0.003942	584.159366
-163.592000	0.003948	584.603894
-163.540000	0.003953	585.049356
-163.488000	0.003959	585.495313
-163.436000	0.003965	585.941963
-163.384000	0.003970	586.389958
-163.332000	0.003976	586.838323
-163.280000	0.003982	587.287682
-163.228000	0.003987	587.736723
-163.176000	0.003993	588.188114
-163.124000	0.003999	588.638881
-163.072000	0.004005	589.091992
-163.020000	0.004010	589.544149
-162.968000	0.004016	589.998749
-162.916000	0.004022	590.452405
-162.864000	0.004028	590.908400
-162.812000	0.004033	591.363672
-162.760000	0.004039	591.821592
-162.708000	0.004045	592.278793
-162.656000	0.004051	592.738120
-162.604000	0.004057	593.197031
-162.552000	0.004062	593.658360
-162.500000	0.004068	594.119077
-162.448000	0.004074	594.581748
-162.396000	0.004080	595.044085
-162.344000	0.004086	595.508015
-162.292000	0.004092	595.972383
-162.240000	0.004098	596.438107
-162.188000	0.004104	596.904768
-162.136000	0.004110	597.372291
-162.084000	0.004116	597.840865
-162.032000	0.004122	598.309680
-161.980000	0.004128	598.780435
-161.928000	0.004133	599.251075
-161.876000	0.004139	599.724151
-161.824000	0.004145	600.196623
-161.772000	0.004151	600.671521
-161.720000	0.004158	601.145573
-161.668000	0.004164	601.623098
-161.616000	0.004170	602.099758
-161.564000	0.004176	602.578794
-161.512000	0.004182	603.057196
-161.460000	0.004188	603.538271
-161.408000	0.004194	604.018878
-161.356000	0.004200	604.502010
-161.304000	0.004206	604.984839
-161.252000	0.004212	605.470098
-161.200000	0.004218	605.955334
-161.148000	0.004225	606.443103
-161.096000	0.004231	606.930696
-161.044000	0.004237	607.419873
-160.992000	0.004243	607.909952
-160.940000	0.004249	608.401595
-160.888000	0.004256	608.893972
-160.836000	0.004262	609.387051
-160.784000	0.004268	609.882493
-160.732000	0.004274	610.378595
-160.680000	0.004280	610.876333
-160.628000	0.004287	611.373902
-160.576000	0.004293	611.874501
-160.524000	0.004299	612.374600
-160.472000	0.004306	612.877742
-160.420000	0.004312	613.380137
-160.368000	0.004318	613.886069
-160.316000	0.004325	614.391323
-160.264000	0.004331	614.899453
-160.212000	0.004337	615.407197
-160.160000	0.004344	615.918068
-160.108000	0.004350	616.428775
-160.056000	0.004357	616.942408
-160.004000	0.004363	617.455900
-159.952000	0.004369	617.971834
-159.900000	0.004376	618.487934
-159.848000	0.004382	619.006567
-159.796000	0.004389	619.525776
-159.744000	0.004395	620.047065
-159.692000	0.004402	620.569455
-159.640000	0.004408	621.093420
-159.588000	0.004415	621.619010
-159.536000	0.004421	622.145672
-159.484000	0.004428	622.674477
-159.432000	0.004435	623.203852
-159.380000	0.004441	623.735456
-159.328000	0.004448	624.267045
-159.276000	0.004454	624.802286
-159.224000	0.004461	625.337153
-159.172000	0.004468	625.875713
-159.120000	0.004474	626.413684
-159.068000	0.004481	626.955758
-159.016000	0.004488	627.497305
-158.964000	0.004494	628.041799
-158.912000	0.004501	628.586193
-158.860000	0.004508	629.134170
-158.808000	0.004514	629.682176
-158.756000	0.004521	630.233142
-158.704000	0.004528	630.784561
-158.652000	0.004535	631.339098
-158.600000	0.004541	631.894037
-158.548000	0.004548	632.451506
-158.496000	0.004555	633.010078
-158.444000	0.004562	633.570979
-158.392000	0.004569	634.133532
-158.340000	0.004575	634.697887
-158.288000	0.004582	635.264086
-158.236000	0.004589	635.831395
-158.184000	0.004596	636.401447
-158.132000	0.004603	636.972256
-158.080000	0.004610	637.545915
-158.028000	0.004617	638.119727
-157.976000	0.004624	638.697838
-157.924000	0.004631	639.275719
-157.872000	0.004638	639.857441
-157.820000	0.004645	640.438751
-157.768000	0.004652	641.024746
-157.716000	0.004659	641.610467
-157.664000	0.004666	642.199660
-157.612000	0.004673	642.789073
-157.560000	0.004680	643.382530
-157.508000	0.004687	643.976396
-157.456000	0.004694	644.573621
-157.404000	0.004701	645.171546
-157.352000	0.004708	645.772610
-157.300000	0.004715	646.374818
-157.248000	0.004722	646.980125
-157.196000	0.004730	647.586818
-157.144000	0.004737	648.195844
-157.092000	0.004744	648.806788
-157.040000	0.004751	649.419561
-156.988000	0.004758	650.035135
-156.936000	0.004766	650.652197
-156.884000	0.004773	651.272229
-156.832000	0.004780	651.893088
-156.780000	0.004787	652.517875
-156.728000	0.004795	653.143077
-156.676000	0.004802	653.772767
-156.624000	0.004809	654.402339
-156.572000	0.004817	655.036949
-156.520000	0.004824	655.671280
-156.468000	0.004831	656.309909
-156.416000	0.004839	656.948697
-156.364000	0.004846	657.592372
-156.312000	0.004853	658.236377
-156.260000	0.004861	658.884072
-156.208000	0.004868	659.532741
-156.156000	0.004876	660.185545
-156.104000	0.004883	660.839313
-156.052000	0.004891	661.496228
-156.000000	0.004898	662.154827
-155.948000	0.004906	662.816808
-155.896000	0.004913	663.480754
-155.844000	0.004921	664.147289
-155.792000	0.004928	664.816657
-155.740000	0.004936	665.488291
-155.688000	0.004943	666.162987
-155.636000	0.004951	666.839227
-155.584000	0.004959	667.519071
-155.532000	0.004966	668.199942
-155.480000	0.004974	668.885396
-155.428000	0.004982	669.571447
-155.376000	0.004989	670.262176
-155.324000	0.004997	670.952909
-155.272000	0.005005	671.649899
-155.220000	0.005012	672.346820
-155.168000	0.005020	673.048619
-155.116000	0.005028	673.750796
-155.064000	0.005036	674.457938
-155.012000	0.005044	675.165887
-154.960000	0.005051	675.878393
-154.908000	0.005059	676.592137
-154.856000	0.005067	677.310042
-154.804000	0.005075	678.029595
-154.752000	0.005083	678.752953
-154.700000	0.005091	679.478309
-154.648000	0.005099	680.207043
-154.596000	0.005106	680.938330
-154.544000	0.005114	681.672458
-154.492000	0.005122	682.410029
-154.440000	0.005130	683.150100
-154.388000	0.005138	683.893857
-154.336000	0.005146	684.639378
-154.284000	0.005154	685.389544
-154.232000	0.005162	686.141058
-154.180000	0.005170	686.897376
-154.128000	0.005179	687.654392
-154.076000	0.005187	688.417247
-154.024000	0.005195	689.180322
-153.972000	0.005203	689.949805
-153.920000	0.005211	690.719438
-153.868000	0.005219	691.494534
-153.816000	0.005227	692.270393
-153.764000	0.005236	693.052172
-153.712000	0.005244	693.835002
-153.660000	0.005252	694.622439
-153.608000	0.005260	695.411709
-153.556000	0.005268	696.205892
-153.504000	0.005277	697.002009
-153.452000	0.005285	697.801935
-153.400000	0.005293	698.604661
-153.348000	0.005302	699.411319
-153.296000	0.005310	700.221121
-153.244000	0.005318	701.034016
-153.192000	0.005327	701.850638
-153.140000	0.005335	702.669793
-153.088000	0.005344	703.493618
-153.036000	0.005352	704.319579
-152.984000	0.005360	705.150831
-152.932000	0.005369	705.983628
-152.880000	0.005377	706.821884
-152.828000	0.005386	707.661018
-152.776000	0.005394	708.506667
-152.724000	0.005403	709.352726
-152.672000	0.005412	710.205825
-152.620000	0.005420	711.059360
-152.568000	0.005429	711.919408
-152.516000	0.005437	712.780359
-152.464000	0.005446	713.646854
-152.412000	0.005455	714.515016
-152.360000	0.005463	715.389029
-152.308000	0.005472	716.265141
-152.256000	0.005481	717.146181
-152.204000	0.005489	718.029849
-152.152000	0.005498	718.917962
-152.100000	0.005507	719.809437
-152.048000	0.005516	720.705113
-151.996000	0.005525	721.604510
-151.944000	0.005533	722.507244
-151.892000	0.005542	723.414629
-151.840000	0.005551	724.324972
-151.788000	0.005560	725.240240
-151.736000	0.005569	726.157696
-151.684000	0.005578	727.081484
-151.632000	0.005587	728.007121
-151.580000	0.005596	728.938865
-151.528000	0.005605	729.871656
-151.476000	0.005614	730.811149
-151.424000	0.005623	731.751207
-151.372000	0.005632	732.699441
-151.320000	0.005641	733.648396
-151.268000	0.005650	734.604895
-151.216000	0.005659	735.562597
-151.164000	0.005668	736.526341
-151.112000	0.005677	737.492115
-151.060000	0.005686	738.464168
-151.008000	0.005695	739.438741
-150.956000	0.005704	740.418616
-150.904000	0.005714	741.401598
-150.852000	0.005723	742.389332
-150.800000	0.005732	743.381224
-150.748000	0.005741	744.377847
-150.696000	0.005751	745.378759
-150.644000	0.005760	746.383254
-150.592000	0.005769	747.392656
-150.540000	0.005779	748.405042
-150.488000	0.005788	749.423690
-150.436000	0.005797	750.445035
-150.384000	0.005807	751.472927
-150.332000	0.005816	752.502730
-150.280000	0.005826	753.539733
-150.228000	0.005835	754.578015
-150.176000	0.005845	755.624146
-150.124000	0.005854	756.671054
-150.072000	0.005864	757.726738
-150.020000	0.005873	758.783331
-149.968000	0.005883	759.847533
-149.916000	0.005892	760.913316
-149.864000	0.005902	761.986052
-149.812000	0.005912	763.061172
-149.760000	0.005921	764.142990
-149.708000	0.005931	765.227907
-149.656000	0.005941	766.318840
-149.604000	0.005950	767.413554
-149.552000	0.005960	768.513633
-149.500000	0.005970	769.618150
-149.448000	0.005980	770.727382
-149.396000	0.005989	771.841734
-149.344000	0.005999	772.960138
-149.292000	0.006009	774.084342
-149.240000	0.006019	775.211935
-149.188000	0.006029	776.346380
-149.136000	0.006039	777.483710
-149.084000	0.006049	778.628195
-149.032000	0.006059	779.774756
-148.980000	0.006069	780.929597
-148.928000	0.006079	782.085931
-148.876000	0.006089	783.250761
-148.824000	0.006099	784.416533
-148.772000	0.006109	785.591663
-148.720000	0.006119	786.767976
-148.668000	0.006129	787.952895
-148.616000	0.006139	789.139765
-148.564000	0.006149	790.334486
-148.512000	0.006159	791.531928
-148.460000	0.006169	792.736474
-148.408000	0.006180	793.944511
-148.356000	0.006190	795.158910
-148.304000	0.006200	796.377748
-148.252000	0.006210	797.602555
-148.200000	0.006221	798.832301
-148.148000	0.006231	800.067016
-148.096000	0.006241	801.307372
-148.044000	0.006252	802.552005
-147.992000	0.006262	803.803651
-147.940000	0.006273	805.059268
-147.888000	0.006283	806.321934
-147.836000	0.006294	807.587507
-147.784000	0.006304	808.861242
-147.732000	0.006315	810.137314
-147.680000	0.006325	811.422734
-147.628000	0.006336	812.709838
-147.576000	0.006346	814.006075
-147.524000	0.006357	815.303417
-147.472000	0.006368	816.611188
-147.420000	0.006378	817.920355
-147.368000	0.006389	819.238634
-147.316000	0.006400	820.559221
-147.264000	0.006410	821.888543
-147.212000	0.006421	823.221037
-147.160000	0.006432	824.561414
-147.108000	0.006443	825.905654
-147.056000	0.006453	827.256600
-147.004000	0.006464	828.612625
-146.952000	0.006475	829.975209
-146.900000	0.006486	831.343459
-146.848000	0.006497	832.717192
-146.796000	0.006508	834.097066
-146.744000	0.006519	835.481435
-146.692000	0.006530	836.873342
-146.640000	0.006541	838.269411
-146.588000	0.006552	839.673823
-146.536000	0.006563	841.081605
-146.484000	0.006574	842.498119
-146.432000	0.006585	843.917104
-146.380000	0.006596	845.346041
-146.328000	0.006608	846.776768
-146.276000	0.006619	848.218243
-146.224000	0.006630	849.661013
-146.172000	0.006641	851.114752
-146.120000	0.006652	852.570141
-146.068000	0.006664	854.035594
-146.016000	0.006675	855.503704
-145.964000	0.006686	856.981410
-145.912000	0.006698	858.462458
-145.860000	0.006709	859.951377
-145.808000	0.006721	861.445040
-145.756000	0.006732	862.946775
-145.704000	0.006744	864.453781
-145.652000	0.006755	865.967314
-145.600000	0.006767	867.487218
-145.548000	0.006778	869.013107
-145.496000	0.006790	870.546203
-145.444000	0.006801	872.084458
-145.392000	0.006813	873.630756
-145.340000	0.006825	875.181394
-145.288000	0.006836	876.740905
-145.236000	0.006848	878.303931
-145.184000	0.006860	879.877082
-145.132000	0.006872	881.453034
-145.080000	0.006883	883.039982
-145.028000	0.006895	884.628871
-144.976000	0.006907	886.229125
-144.924000	0.006919	887.830808
-144.872000	0.006931	889.444485
-144.820000	0.006943	891.059998
-144.768000	0.006955	892.686045
-144.716000	0.006967	894.315181
-144.664000	0.006979	895.955180
-144.612000	0.006991	897.598942
-144.560000	0.007003	899.251329
-144.508000	0.007015	900.908798
-144.456000	0.007027	902.574649
-144.404000	0.007039	904.246372
-144.352000	0.007051	905.925196
-144.300000	0.007064	907.611331
-144.248000	0.007076	909.304208
-144.196000	0.007088	911.004747
-144.144000	0.007100	912.710646
-144.092000	0.007113	914.425408
-144.040000	0.007125	916.144857
-143.988000	0.007137	917.874072
-143.936000	0.007150	919.607082
-143.884000	0.007162	921.351180
-143.832000	0.007175	923.098281
-143.780000	0.007187	924.856953
-143.728000	0.007200	926.617632
-143.676000	0.007212	928.391781
-143.624000	0.007225	930.167509
-143.572000	0.007237	931.955228
-143.520000	0.007250	933.745136
-143.468000	0.007263	935.547421
-143.416000	0.007275	937.352925
-143.364000	0.007288	939.169262
-143.312000	0.007301	940.990049
-143.260000	0.007314	942.820965
-143.208000	0.007326	944.657284
-143.156000	0.007339	946.502288
-143.104000	0.007352	948.353747
-143.052000	0.007365	950.212867
-143.000000	0.007378	952.079702
-142.948000	0.007391	953.953502
-142.896000	0.007404	955.836296
-142.844000	0.007417	957.725305
-142.792000	0.007430	959.623641
-142.740000	0.007443	961.526818
-142.688000	0.007456	963.441022
-142.636000	0.007469	965.359421
-142.584000	0.007483	967.289441
-142.532000	0.007496	969.222547
-142.480000	0.007509	971.168709
-142.428000	0.007522	973.117050
-142.376000	0.007536	975.079461
-142.324000	0.007549	977.043595
-142.272000	0.007562	979.021707
-142.220000	0.007576	981.002176
-142.168000	0.007589	982.995455
-142.116000	0.007603	984.992268
-142.064000	0.007616	987.000721
-142.012000	0.007630	989.014024
-141.960000	0.007643	991.038176
-141.908000	0.007657	993.068394
-141.856000	0.007670	995.108271
-141.804000	0.007684	997.155171
-141.752000	0.007698	999.210286
-141.700000	0.007712	1001.273762
-141.648000	0.007725	1003.344675
-141.596000	0.007739	1005.425302
-141.544000	0.007753	1007.512538
-141.492000	0.007767	1009.610239
-141.440000	0.007781	1011.713285
-141.388000	0.007795	1013.828225
-141.336000	0.007809	1015.947601
-141.284000	0.007823	1018.079541
-141.232000	0.007837	1020.214735
-141.180000	0.007851	1022.364468
-141.128000	0.007865	1024.516526
-141.076000	0.007879	1026.683244
-141.024000	0.007893	1028.851803
-140.972000	0.007907	1031.035807
-140.920000	0.007921	1033.222389
-140.868000	0.007936	1035.422657
-140.816000	0.007950	1037.626866
-140.764000	0.007964	1039.843927
-140.712000	0.007979	1042.066229
-140.660000	0.007993	1044.300087
-140.608000	0.008007	1046.540484
-140.556000	0.008022	1048.791158
-140.504000	0.008036	1051.049858
-140.452000	0.008051	1053.317912
-140.400000	0.008065	1055.594692
-140.348000	0.008080	1057.879115
-140.296000	0.008095	1060.174266
-140.244000	0.008109	1062.476626
-140.192000	0.008124	1064.790233
-140.140000	0.008139	1067.109493
-140.088000	0.008154	1069.441508
-140.036000	0.008168	1071.778185
-139.984000	0.008183	1074.129216
-139.932000	0.008198	1076.483843
-139.880000	0.008213	1078.853561
-139.828000	0.008228	1081.225613
-139.776000	0.008243	1083.613920
-139.724000	0.008258	1086.004216
-139.672000	0.008273	1088.411399
-139.620000	0.008288	1090.821378
-139.568000	0.008303	1093.245903
-139.516000	0.008319	1095.674776
-139.464000	0.008334	1098.117691
-139.412000	0.008349	1100.566229
-139.360000	0.008364	1103.027018
-139.308000	0.008380	1105.494811
-139.256000	0.008395	1107.973488
-139.204000	0.008410	1110.460966
-139.152000	0.008426	1112.958619
-139.100000	0.008441	1115.465884
-139.048000	0.008457	1117.981500
-138.996000	0.008472	1120.508548
-138.944000	0.008488	1123.043175
-138.892000	0.008504	1125.590169
-138.840000	0.008519	1128.143282
-138.788000	0.008535	1130.710397
-138.736000	0.008551	1133.282522
-138.684000	0.008567	1135.871650
-138.632000	0.008582	1138.464880
-138.580000	0.008598	1141.068583
-138.528000	0.008614	1143.674025
-138.476000	0.008630	1146.305479
-138.424000	0.008646	1148.939112
-138.372000	0.008662	1151.588070
-138.320000	0.008678	1154.239836
-138.268000	0.008694	1156.905629
-138.216000	0.008710	1159.576607
-138.164000	0.008727	1162.264465
-138.112000	0.008743	1164.957731
-138.060000	0.008759	1167.662422
-138.008000	0.008775	1170.375707
-137.956000	0.008792	1173.102482
-137.904000	0.008808	1175.837228
-137.852000	0.008824	1178.580899
-137.800000	0.008841	1181.336409
-137.748000	0.008857	1184.102234
-137.696000	0.008874	1186.878327
-137.644000	0.008891	1189.661074
-137.592000	0.008907	1192.462215
-137.540000	0.008924	1195.272345
-137.488000	0.008941	1198.091085
-137.436000	0.008957	1200.912910
-137.384000	0.008974	1203.756988
-137.332000	0.008991	1206.606192
-137.280000	0.009008	1209.470157
-137.228000	0.009025	1212.336284
-137.176000	0.009042	1215.223409
-137.124000	0.009059	1218.112559
-137.072000	0.009076	1221.016968
-137.020000	0.009093	1223.925642
-136.968000	0.009110	1226.857340
-136.916000	0.009127	1229.793213
-136.864000	0.009144	1232.741743
-136.812000	0.009162	1235.697249
-136.760000	0.009179	1238.667839
-136.708000	0.009196	1241.647106
-136.656000	0.009214	1244.639773
-136.604000	0.009231	1247.640474
-136.552000	0.009249	1250.650034
-136.500000	0.009266	1253.674225
-136.448000	0.009284	1256.711161
-136.396000	0.009301	1259.758419
-136.344000	0.009319	1262.812268
-136.292000	0.009337	1265.884608
-136.240000	0.009354	1268.965829
-136.188000	0.009372	1272.059620
-136.136000	0.009390	1275.157754
-136.084000	0.009408	1278.273910
-136.032000	0.009426	1281.394181
-135.980000	0.009444	1284.538736
-135.928000	0.009462	1287.686374
-135.876000	0.009480	1290.849950
-135.824000	0.009498	1294.015748
-135.772000	0.009516	1297.201644
-135.720000	0.009534	1300.391907
-135.668000	0.009553	1303.605080
-135.616000	0.009571	1306.822484
-135.564000	0.009589	1310.052471
-135.512000	0.009608	1313.291036
-135.460000	0.009626	1316.548299
-135.408000	0.009645	1319.812383
-135.356000	0.009663	1323.086472
-135.304000	0.009682	1326.373314
-135.252000	0.009700	1329.674742
-135.200000	0.009719	1332.988153
-135.148000	0.009738	1336.311704
-135.096000	0.009756	1339.651905
-135.044000	0.009775	1343.002807
-134.992000	0.009794	1346.365202
-134.940000	0.009813	1349.732996
-134.888000	0.009832	1353.121303
-134.836000	0.009851	1356.516446
-134.784000	0.009870	1359.929680
-134.732000	0.009889	1363.346936
-134.680000	0.009908	1366.788568
-134.628000	0.009928	1370.233165
-134.576000	0.009947	1373.693753
-134.524000	0.009966	1377.157241
-134.472000	0.009985	1380.650517
-134.420000	0.010005	1384.146778
-134.368000	0.010024	1387.656845
-134.316000	0.010044	1391.173477
-134.264000	0.010063	1394.710794
-134.212000	0.010083	1398.255233
-134.160000	0.010103	1401.814571
-134.108000	0.010122	1405.384674
-134.056000	0.010142	1408.971270
-134.004000	0.010162	1412.570703
-133.952000	0.010182	1416.184610
-133.900000	0.010202	1419.810555
-133.848000	0.010222	1423.446555
-133.796000	0.010242	1427.096123
-133.744000	0.010262	1430.754215
-133.692000	0.010282	1434.430970
-133.640000	0.010302	1438.116378
-133.588000	0.010322	1441.822385
-133.536000	0.010343	1445.535110
-133.484000	0.010363	1449.265990
-133.432000	0.010383	1453.000796
-133.380000	0.010404	1456.760068
-133.328000	0.010424	1460.522183
-133.276000	0.010445	1464.305516
-133.224000	0.010465	1468.091846
-133.172000	0.010486	1471.907817
-133.120000	0.010507	1475.727580
-133.068000	0.010528	1479.565538
-133.016000	0.010548	1483.408985
-132.964000	0.010569	1487.268931
-132.912000	0.010590	1491.139198
-132.860000	0.010611	1495.031589
-132.808000	0.010632	1498.932852
-132.756000	0.010653	1502.847239
-132.704000	0.010675	1506.776917
-132.652000	0.010696	1510.723811
-132.600000	0.010717	1514.682795
-132.548000	0.010738	1518.651743
-132.496000	0.010760	1522.637497
-132.444000	0.010781	1526.633726
-132.392000	0.010803	1530.648698
-132.340000	0.010824	1534.672208
-132.288000	0.010846	1538.716395
-132.236000	0.010868	1542.767179
-132.184000	0.010889	1546.836182
-132.132000	0.010911	1550.909009
-132.080000	0.010933	1555.011185
-132.028000	0.010955	1559.116506
-131.976000	0.010977	1563.248317
-131.924000	0.010999	1567.382797
-131.872000	0.011021	1571.541920
-131.820000	0.011043	1575.705682
-131.768000	0.011065	1579.891981
-131.716000	0.011087	1584.085016
-131.664000	0.011110	1588.298494
-131.612000	0.011132	1592.522394
-131.560000	0.011155	1596.768277
-131.508000	0.011177	1601.023087
-131.456000	0.011200	1605.290927
-131.404000	0.011222	1609.574153
-131.352000	0.011245	1613.874460
-131.300000	0.011268	1618.189706
-131.248000	0.011290	1622.517255
-131.196000	0.011313	1626.861680
-131.144000	0.011336	1631.216465
-131.092000	0.011359	1635.593676
-131.040000	0.011382	1639.980924
-130.988000	0.011405	1644.388929
-130.936000	0.011429	1648.803410
-130.884000	0.011452	1653.240584
-130.832000	0.011475	1657.682291
-130.780000	0.011499	1662.148631
-130.728000	0.011522	1666.617560
-130.676000	0.011545	1671.118288
-130.624000	0.011569	1675.622065
-130.572000	0.011593	1680.155187
-130.520000	0.011616	1684.692227
-130.468000	0.011640	1689.247255
-130.416000	0.011664	1693.811515
-130.364000	0.011688	1698.404136
-130.312000	0.011712	1703.005664
-130.260000	0.011736	1707.625418
-130.208000	0.011760	1712.256165
-130.156000	0.011784	1716.903060
-130.104000	0.011808	1721.565433
-130.052000	0.011832	1726.244750
-130.000000	0.011857	1730.941897
-129.948000	0.011881	1735.653641
-129.896000	0.011905	1740.382330
-129.844000	0.011930	1745.121264
-129.792000	0.011955	1749.882716
-129.740000	0.011979	1754.654065
-129.688000	0.012004	1759.446245
-129.636000	0.012029	1764.244778
-129.584000	0.012054	1769.074961
-129.532000	0.012079	1773.911128
-129.480000	0.012104	1778.772013
-129.428000	0.012129	1783.635465
-129.376000	0.012154	1788.530608
-129.324000	0.012179	1793.428461
-129.272000	0.012204	1798.350697
-129.220000	0.012230	1803.279387
-129.168000	0.012255	1808.239173
-129.116000	0.012281	1813.205851
-129.064000	0.012306	1818.192725
-129.012000	0.012332	1823.191847
-128.960000	0.012358	1828.216269
-128.908000	0.012383	1833.251751
-128.856000	0.012409	1838.303268
-128.804000	0.012435	1843.370350
-128.752000	0.012461	1848.454245
-128.700000	0.012487	1853.556052
-128.648000	0.012513	1858.672318
-128.596000	0.012540	1863.812097
-128.544000	0.012566	1868.965965
-128.492000	0.012592	1874.138790
-128.440000	0.012619	1879.319794
-128.388000	0.012645	1884.525759
-128.336000	0.012672	1889.739125
-128.284000	0.012699	1894.984264
-128.232000	0.012725	1900.235219
-128.180000	0.012752	1905.510968
-128.128000	0.012779	1910.789322
-128.076000	0.012806	1916.104402
-128.024000	0.012833	1921.422718
-127.972000	0.012860	1926.770075
-127.920000	0.012887	1932.123160
-127.868000	0.012915	1937.502793
-127.816000	0.012942	1942.890644
-127.764000	0.012969	1948.302544
-127.712000	0.012997	1953.726808
-127.660000	0.013024	1959.176212
-127.608000	0.013052	1964.638803
-127.556000	0.013080	1970.120485
-127.504000	0.013108	1975.620275
-127.452000	0.013135	1981.139511
-127.400000	0.013163	1986.673878
-127.348000	0.013192	1992.220210
-127.296000	0.013220	1997.790163
-127.244000	0.013248	2003.374043
-127.192000	0.013276	2008.984302
-127.140000	0.013305	2014.605727
-127.088000	0.013333	2020.252206
-127.036000	0.013361	2025.905938
-126.984000	0.013390	2031.591565
-126.932000	0.013419	2037.282837
-126.880000	0.013448	2043.003872
-126.828000	0.013476	2048.727814
-126.776000	0.013505	2054.483137
-126.724000	0.013534	2060.242732
-126.672000	0.013564	2066.040744
-126.620000	0.013593	2071.843715
-126.568000	0.013622	2077.668721
-126.516000	0.013651	2083.504589
-126.464000	0.013681	2089.372279
-126.412000	0.013710	2095.250771
-126.360000	0.013740	2101.150685
-126.308000	0.013770	2107.065957
-126.256000	0.013799	2113.003334
-126.204000	0.013829	2118.956437
-126.152000	0.013859	2124.926086
-126.100000	0.013889	2130.916709
-126.048000	0.013919	2136.923864
-125.996000	0.013950	2142.954748
-125.944000	0.013980	2148.999397
-125.892000	0.014010	2155.070540
-125.840000	0.014041	2161.152685
-125.788000	0.014071	2167.264081
-125.736000	0.014102	2173.383713
-125.684000	0.014133	2179.535360
-125.632000	0.014164	2185.692480
-125.580000	0.014195	2191.879464
-125.528000	0.014226	2198.069415
-125.476000	0.014257	2204.295738
-125.424000	0.014288	2210.526480
-125.372000	0.014319	2216.795448
-125.320000	0.014351	2223.070344
-125.268000	0.014382	2229.371487
-125.216000	0.014414	2235.682338
-125.164000	0.014445	2242.020887
-125.112000	0.014477	2248.373727
-125.060000	0.014509	2254.754910
-125.008000	0.014541	2261.149458
-124.956000	0.014573	2267.562831
-124.904000	0.014605	2273.997026
-124.852000	0.014637	2280.453083
-124.800000	0.014669	2286.927307
-124.748000	0.014702	2293.415583
-124.696000	0.014734	2299.931018
-124.644000	0.014767	2306.461973
-124.592000	0.014800	2313.019533
-124.540000	0.014832	2319.587929
-124.488000	0.014865	2326.185695
-124.436000	0.014898	2332.791529
-124.384000	0.014931	2339.434026
-124.332000	0.014965	2346.082524
-124.280000	0.014998	2352.760992
-124.228000	0.015031	2359.442529
-124.176000	0.015065	2366.165390
-124.124000	0.015098	2372.892308
-124.072000	0.015132	2379.652532
-124.020000	0.015166	2386.420611
-123.968000	0.015200	2393.223430
-123.916000	0.015234	2400.036073
-123.864000	0.015268	2406.876248
-123.812000	0.015302	2413.729130
-123.760000	0.015336	2420.606666
-123.708000	0.015370	2427.501904
-123.656000	0.015405	2434.422038
-123.604000	0.015440	2441.360594
-123.552000	0.015474	2448.318136
-123.500000	0.015509	2455.296865
-123.448000	0.015544	2462.291806
-123.396000	0.015579	2469.314038
-123.344000	0.015614	2476.351606
-123.292000	0.015649	2483.419637
-123.240000	0.015685	2490.499829
-123.188000	0.015720	2497.609509
-123.136000	0.015756	2504.727087
-123.084000	0.015791	2511.881472
-123.032000	0.015827	2519.041666
-122.980000	0.015863	2526.236887
-122.928000	0.015899	2533.435477
-122.876000	0.015935	2540.675191
-122.824000	0.015971	2547.919089
-122.772000	0.016007	2555.196124
-122.720000	0.016044	2562.481157
-122.668000	0.016080	2569.800736
-122.616000	0.016117	2577.131597
-122.564000	0.016154	2584.493719
-122.512000	0.016190	2591.870406
-122.460000	0.016227	2599.275071
-122.408000	0.016265	2606.695427
-122.356000	0.016302	2614.137422
-122.304000	0.016339	2621.600495
-122.252000	0.016376	2629.085074
-122.200000	0.016414	2636.590951
-122.148000	0.016451	2644.112884
-122.096000	0.016489	2651.665601
-122.044000	0.016527	2659.235340
-121.992000	0.016565	2666.831918
-121.940000	0.016603	2674.439003
-121.888000	0.016641	2682.079865
-121.836000	0.016680	2689.729521
-121.784000	0.016718	2697.416129
-121.732000	0.016757	2705.108350
-121.680000	0.016796	2712.840703
-121.628000	0.016834	2720.576680
-121.576000	0.016873	2728.353581
-121.524000	0.016912	2736.134791
-121.472000	0.016952	2743.948970
-121.420000	0.016991	2751.772251
-121.368000	0.017030	2759.634160
-121.316000	0.017070	2767.506133
-121.264000	0.017109	2775.405310
-121.212000	0.017149	2783.320956
-121.160000	0.017189	2791.267867
-121.108000	0.017229	2799.230582
-121.056000	0.017269	2807.214776
-121.004000	0.017310	2815.220178
-120.952000	0.017350	2823.246909
-120.900000	0.017390	2831.301003
-120.848000	0.017431	2839.375501
-120.796000	0.017472	2847.474183
-120.744000	0.017513	2855.585985
-120.692000	0.017554	2863.732311
-120.640000	0.017595	2871.891869
-120.588000	0.017636	2880.081160
-120.536000	0.017678	2888.278014
-120.484000	0.017719	2896.516559
-120.432000	0.017761	2904.761161
-120.380000	0.017803	2913.046045
-120.328000	0.017845	2921.334530
-120.276000	0.017887	2929.663748
-120.224000	0.017929	2937.997979
-120.172000	0.017971	2946.369659
-120.120000	0.018014	2954.749629
-120.068000	0.018056	2963.163767
-120.016000	0.018099	2971.589474
-119.964000	0.018142	2980.046070
-119.912000	0.018185	2988.517511
-119.860000	0.018228	2997.016568
-119.808000	0.018271	3005.535925
-119.756000	0.018315	3014.082683
-119.704000	0.018358	3022.650782
-119.652000	0.018402	3031.240036
-119.600000	0.018446	3039.850813
-119.548000	0.018490	3048.477327
-119.496000	0.018534	3057.138347
-119.444000	0.018578	3065.817807
-119.392000	0.018623	3074.524345
-119.340000	0.018667	3083.241061
-119.288000	0.018712	3091.996053
-119.236000	0.018757	3100.760480
-119.184000	0.018802	3109.557541
-119.132000	0.018847	3118.359214
-119.080000	0.018892	3127.206337
-119.028000	0.018937	3136.057445
-118.976000	0.018983	3144.954126
-118.924000	0.019029	3153.855372
-118.872000	0.019075	3162.789249
-118.820000	0.019120	3171.732564
-118.768000	0.019167	3180.714089
-118.716000	0.019213	3189.707327
-118.664000	0.019259	3198.731267
-118.612000	0.019306	3207.772002
-118.560000	0.019353	3216.843590
-118.508000	0.019399	3225.931215
-118.456000	0.019447	3235.040009
-118.404000	0.019494	3244.172895
-118.352000	0.019541	3253.329373
-118.300000	0.019588	3262.513528
-118.248000	0.019636	3271.717683
-118.196000	0.019684	3280.946256
-118.144000	0.019732	3290.187625
-118.092000	0.019780	3299.463849
-118.040000	0.019828	3308.752889
-117.988000	0.019877	3318.076143
-117.936000	0.019925	3327.407623
-117.884000	0.019974	3336.781138
-117.832000	0.020023	3346.160285
-117.780000	0.020072	3355.574973
-117.728000	0.020121	3364.993244
-117.676000	0.020171	3374.456879
-117.624000	0.020220	3383.926446
-117.572000	0.020270	3393.437693
-117.520000	0.020320	3402.956505
-117.468000	0.020370	3412.504906
-117.416000	0.020420	3422.066591
-117.364000	0.020470	3431.662600
-117.312000	0.020521	3441.273737
-117.260000	0.020571	3450.912126
-117.208000	0.020622	3460.571138
-117.156000	0.020673	3470.257155
-117.104000	0.020724	3479.964783
-117.052000	0.020776	3489.693211
-117.000000	0.020827	3499.446436
-116.948000	0.020879	3509.217272
-116.896000	0.020931	3519.016092
-116.844000	0.020983	3528.829332
-116.792000	0.021035	3538.677596
-116.740000	0.021087	3548.538469
-116.688000	0.021140	3558.429449
-116.636000	0.021193	3568.327492
-116.584000	0.021246	3578.267740
-116.532000	0.021299	3588.213406
-116.480000	0.021352	3598.204872
-116.428000	0.021405	3608.199811
-116.376000	0.021459	3618.229912
-116.324000	0.021513	3628.266120
-116.272000	0.021567	3638.343795
-116.220000	0.021621	3648.430206
-116.168000	0.021675	3658.550229
-116.116000	0.021730	3668.682257
-116.064000	0.021785	3678.844624
-116.012000	0.021839	3689.024116
-115.960000	0.021895	3699.234055
-115.908000	0.021950	3709.460269
-115.856000	0.022005	3719.707342
-115.804000	0.022061	3729.978823
-115.752000	0.022117	3740.273496
-115.700000	0.022173	3750.593109
-115.648000	0.022229	3760.930154
-115.596000	0.022285	3771.295329
-115.544000	0.022342	3781.674741
-115.492000	0.022399	3792.085473
-115.440000	0.022455	3802.507249
-115.388000	0.022513	3812.963537
-115.336000	0.022570	3823.427676
-115.284000	0.022628	3833.929515
-115.232000	0.022685	3844.436010
-115.180000	0.022743	3854.983400
-115.128000	0.022801	3865.534314
-115.076000	0.022860	3876.125190
-115.024000	0.022918	3886.721687
-114.972000	0.022977	3897.354874
-114.920000	0.023036	3907.998014
-114.868000	0.023095	3918.678744
-114.816000	0.023154	3929.370158
-114.764000	0.023214	3940.087967
-114.712000	0.023273	3950.821195
-114.660000	0.023333	3961.581315
-114.608000	0.023394	3972.360109
-114.556000	0.023454	3983.162557
-114.504000	0.023515	3993.986895
-114.452000	0.023575	4004.831680
-114.400000	0.023636	4015.698464
-114.348000	0.023697	4026.580356
-114.296000	0.023759	4037.494012
-114.244000	0.023820	4048.423463
-114.192000	0.023882	4059.380489
-114.140000	0.023944	4070.347038
-114.088000	0.024007	4081.348250
-114.036000	0.024069	4092.357125
-113.984000	0.024132	4103.403857
-113.932000	0.024194	4114.455055
-113.880000	0.024258	4125.542201
-113.828000	0.024321	4136.632728
-113.776000	0.024385	4147.763027
-113.724000	0.024448	4158.899101
-113.672000	0.024512	4170.071680
-113.620000	0.024577	4181.252212
-113.568000	0.024641	4192.461841
-113.516000	0.024706	4203.683774
-113.464000	0.024771	4214.935680
-113.412000	0.024836	4226.201257
-113.360000	0.024901	4237.490213
-113.308000	0.024967	4248.797988
-113.256000	0.025032	4260.129241
-113.204000	0.025099	4271.479824
-113.152000	0.025165	4282.848150
-113.100000	0.025231	4294.241705
-113.048000	0.025298	4305.652332
-112.996000	0.025365	4317.087872
-112.944000	0.025432	4328.535567
-112.892000	0.025500	4340.010968
-112.840000	0.025567	4351.495729
-112.788000	0.025635	4363.010985
-112.736000	0.025703	4374.532808
-112.684000	0.025772	4386.092644
-112.632000	0.025841	4397.656759
-112.580000	0.025910	4409.256954
-112.528000	0.025979	4420.860233
-112.476000	0.026048	4432.498170
-112.424000	0.026118	4444.141332
-112.372000	0.026188	4455.816290
-112.320000	0.026258	4467.499332
-112.268000	0.026328	4479.211310
-112.216000	0.026399	4490.932716
-112.164000	0.026470	4502.676480
-112.112000	0.026541	4514.435959
-112.060000	0.026612	4526.221975
-112.008000	0.026684	4538.024636
-111.956000	0.026756	4549.847686
-111.904000	0.026828	4561.687466
-111.852000	0.026900	4573.542329
-111.800000	0.026973	4585.419440
-111.748000	0.027046	4597.311343
-111.696000	0.027119	4609.228286
-111.644000	0.027193	4621.157224
-111.592000	0.027266	4633.113998
-111.540000	0.027340	4645.079974
-111.488000	0.027415	4657.072237
-111.436000	0.027489	4669.070012
-111.384000	0.027564	4681.096468
-111.332000	0.027639	4693.126044
-111.280000	0.027715	4705.191837
-111.228000	0.027790	4717.260376
-111.176000	0.027866	4729.358501
-111.124000	0.027942	4741.461987
-111.072000	0.028019	4753.597105
-111.020000	0.028095	4765.739310
-110.968000	0.028173	4777.906190
-110.916000	0.028250	4790.082608
-110.864000	0.028327	4802.281247
-110.812000	0.028405	4814.491873
-110.760000	0.028483	4826.722274
-110.708000	0.028562	4838.967105
-110.656000	0.028641	4851.229286
-110.604000	0.028720	4863.508300
-110.552000	0.028799	4875.802265
-110.500000	0.028879	4888.115452
-110.448000	0.028958	4900.441195
-110.396000	0.029039	4912.784998
-110.344000	0.029119	4925.137287
-110.292000	0.029200	4937.517544
-110.240000	0.029281	4949.906839
-110.188000	0.029362	4962.318173
-110.136000	0.029444	4974.734013
-110.084000	0.029526	4987.178646
-110.032000	0.029608	4999.626258
-109.980000	0.029691	5012.099884
-109.928000	0.029774	5024.575757
-109.876000	0.029857	5037.076188
-109.824000	0.029941	5049.581367
-109.772000	0.030024	5062.113533
-109.720000	0.030109	5074.651744
-109.668000	0.030193	5087.210414
-109.616000	0.030278	5099.778732
-109.564000	0.030363	5112.369139
-109.512000	0.030448	5124.967721
-109.460000	0.030534	5137.579403
-109.408000	0.030620	5150.205620
-109.356000	0.030706	5162.849053
-109.304000	0.030793	5175.503888
-109.252000	0.030880	5188.168618
-109.200000	0.030968	5200.849506
-109.148000	0.031055	5213.540757
-109.096000	0.031143	5226.250158
-109.044000	0.031232	5238.967931
-108.992000	0.031320	5251.705842
-108.940000	0.031409	5264.450132
-108.888000	0.031499	5277.212169
-108.836000	0.031588	5289.977747
-108.784000	0.031678	5302.762656
-108.732000	0.031769	5315.549517
-108.680000	0.031859	5328.362491
-108.628000	0.031950	5341.177699
-108.576000	0.032042	5354.017342
-108.524000	0.032134	5366.859537
-108.472000	0.032226	5379.715204
-108.420000	0.032318	5392.575834
-108.368000	0.032411	5405.452752
-108.316000	0.032504	5418.337850
-108.264000	0.032598	5431.241246
-108.212000	0.032692	5444.150900
-108.160000	0.032786	5457.070319
-108.108000	0.032880	5469.999610
-108.056000	0.032975	5482.940297
-108.004000	0.033071	5495.892447
-107.952000	0.033166	5508.854403
-107.900000	0.033263	5521.826216
-107.848000	0.033359	5534.804211
-107.796000	0.033456	5547.796844
-107.744000	0.033553	5560.796103
-107.692000	0.033651	5573.807589
-107.640000	0.033748	5586.822883
-107.588000	0.033847	5599.855991
-107.536000	0.033945	5612.892542
-107.484000	0.034045	5625.938880
-107.432000	0.034144	5638.986233
-107.380000	0.034244	5652.054582
-107.328000	0.034344	5665.123971
-107.276000	0.034445	5678.203150
-107.224000	0.034546	5691.284932
-107.172000	0.034647	5704.380112
-107.120000	0.034749	5717.479130
-107.068000	0.034851	5730.590308
-107.016000	0.034954	5743.706557
-106.964000	0.035057	5756.833735
-106.912000	0.035161	5769.965211
-106.860000	0.035264	5783.103154
-106.808000	0.035369	5796.246219
-106.756000	0.035473	5809.394951
-106.704000	0.035578	5822.552400
-106.652000	0.035684	5835.717146
-106.600000	0.035790	5848.888579
-106.548000	0.035896	5862.064109
-106.496000	0.036003	5875.243488
-106.444000	0.036110	5888.424572
-106.392000	0.036218	5901.617928
-106.340000	0.036325	5914.815019
-106.288000	0.036434	5928.016715
-106.236000	0.036543	5941.219357
-106.184000	0.036652	5954.431813
-106.132000	0.036762	5967.645242
-106.080000	0.036872	5980.869244
-106.028000	0.036983	5994.093845
-105.976000	0.037094	6007.323366
-105.924000	0.037205	6020.553913
-105.872000	0.037317	6033.788953
-105.820000	0.037430	6047.025444
-105.768000	0.037543	6060.266000
-105.716000	0.037656	6073.510055
-105.664000	0.037770	6086.761358
-105.612000	0.037884	6100.012934
-105.560000	0.037999	6113.264528
-105.508000	0.038114	6126.518835
-105.456000	0.038229	6139.775961
-105.404000	0.038346	6153.036183
-105.352000	0.038462	6166.298845
-105.300000	0.038579	6179.561741
-105.248000	0.038696	6192.824702
-105.196000	0.038815	6206.087876
-105.144000	0.038933	6219.351139
-105.092000	0.039052	6232.618634
-105.040000	0.039171	6245.887423
-104.988000	0.039291	6259.156375
-104.936000	0.039412	6272.425460
-104.884000	0.039533	6285.689834
-104.832000	0.039654	6298.954015
-104.780000	0.039776	6312.223512
-104.728000	0.039898	6325.492754
-104.676000	0.040021	6338.757293
-104.624000	0.040144	6352.022030
-104.572000	0.040268	6365.286836
-104.520000	0.040393	6378.551860
-104.468000	0.040518	6391.816932
-104.416000	0.040643	6405.078956
-104.364000	0.040769	6418.333838
-104.312000	0.040895	6431.588974
-104.260000	0.041022	6444.844124
-104.208000	0.041150	6458.097088
-104.156000	0.041278	6471.347294
-104.104000	0.041407	6484.594884
-104.052000	0.041535	6497.840140
-104.000000	0.041665	6511.079097
-103.948000	0.041795	6524.314177
-103.896000	0.041926	6537.545789
-103.844000	0.042057	6550.775916
-103.792000	0.042189	6564.002152
-103.740000	0.042321	6577.227331
-103.688000	0.042455	6590.443715
-103.636000	0.042588	6603.658709
-103.584000	0.042722	6616.864077
-103.532000	0.042856	6630.068784
-103.480000	0.042992	6643.263240
-103.428000	0.043127	6656.456955
-103.376000	0.043264	6669.641200
-103.324000	0.043401	6682.823917
-103.272000	0.043538	6695.997953
-103.220000	0.043676	6709.168410
-103.168000	0.043815	6722.327007
-103.116000	0.043954	6735.482497
-103.064000	0.044094	6748.630884
-103.012000	0.044234	6761.773301
-102.960000	0.044375	6774.906248
-102.908000	0.044517	6788.034495
-102.856000	0.044659	6801.157248
-102.804000	0.044802	6814.268715
-102.752000	0.044945	6827.370811
-102.700000	0.045089	6840.463267
-102.648000	0.045233	6853.549938
-102.596000	0.045379	6866.629419
-102.544000	0.045524	6879.705889
-102.492000	0.045671	6892.762071
-102.440000	0.045818	6905.812650
-102.388000	0.045966	6918.854380
-102.336000	0.046114	6931.894757
-102.284000	0.046263	6944.910766
-102.232000	0.046413	6957.925036
-102.180000	0.046563	6970.923927
-102.128000	0.046714	6983.921072
-102.076000	0.046866	6996.899278
-102.024000	0.047018	7009.874142
-101.972000	0.047171	7022.831663
-101.920000	0.047324	7035.782960
-101.868000	0.047479	7048.714563
-101.816000	0.047634	7061.639626
-101.764000	0.047789	7074.550543
-101.712000	0.047945	7087.453317
-101.660000	0.048102	7100.343548
-101.608000	0.048260	7113.219035
-101.556000	0.048418	7126.078133
-101.504000	0.048577	7138.928741
-101.452000	0.048737	7151.772395
-101.400000	0.048897	7164.596419
-101.348000	0.049058	7177.408940
-101.296000	0.049220	7190.203092
-101.244000	0.049383	7202.989704
-101.192000	0.049546	7215.751799
-101.140000	0.049710	7228.507275
-101.088000	0.049875	7241.244818
-101.036000	0.050040	7253.979614
-100.984000	0.050206	7266.685002
-100.932000	0.050373	7279.388095
-100.880000	0.050541	7292.060461
-100.828000	0.050709	7304.729990
-100.776000	0.050878	7317.371193
-100.724000	0.051048	7330.007154
-100.672000	0.051218	7342.617194
-100.620000	0.051390	7355.220889
-100.568000	0.051562	7367.804997
-100.516000	0.051735	7380.377338
-100.464000	0.051908	7392.925053
-100.412000	0.052083	7405.458186
-100.360000	0.052258	7417.969514
-100.308000	0.052434	7430.465952
-100.256000	0.052611	7442.946130
-100.204000	0.052788	7455.408975
-100.152000	0.052967	7467.858001
-100.100000	0.053146	7480.280601
-100.048000	0.053326	7492.688016
-99.996000	0.053507	7505.073213
-99.944000	0.053688	7517.449476
-99.892000	0.053871	7529.792811
-99.840000	0.054054	7542.127459
-99.788000	0.054238	7554.435004
-99.736000	0.054423	7566.738495
-99.684000	0.054609	7579.002559
-99.632000	0.054795	7591.263512
-99.580000	0.054983	7603.483630
-99.528000	0.055171	7615.700252
-99.476000	0.055360	7627.883965
-99.424000	0.055550	7640.060448
-99.372000	0.055741	7652.202610
-99.320000	0.055933	7664.335727
-99.268000	0.056126	7676.441554
-99.216000	0.056319	7688.531988
-99.164000	0.056514	7700.590949
-99.112000	0.056709	7712.633026
-99.060000	0.056905	7724.650353
-99.008000	0.057102	7736.647568
-98.956000	0.057300	7748.623273
-98.904000	0.057499	7760.572671
-98.852000	0.057699	7772.501518
-98.800000	0.057900	7784.403753
-98.748000	0.058102	7796.290975
-98.696000	0.058305	7808.144583
-98.644000	0.058508	7819.984944
-98.592000	0.058713	7831.788041
-98.540000	0.058918	7843.581546
-98.488000	0.059125	7855.338688
-98.436000	0.059332	7867.090559
-98.384000	0.059540	7878.792897
-98.332000	0.059750	7890.491448
-98.280000	0.059960	7902.144237
-98.228000	0.060171	7913.792290
-98.176000	0.060384	7925.398196
-98.124000	0.060597	7936.995746
-98.072000	0.060811	7948.554774
-98.020000	0.061027	7960.100475
-97.968000	0.061243	7971.607391
-97.916000	0.061460	7983.096953
-97.864000	0.061679	7994.551759
-97.812000	0.061898	8005.985182
-97.760000	0.062119	8017.387884
-97.708000	0.062340	8028.767724
-97.656000	0.062563	8040.123555
-97.604000	0.062787	8051.449906
-97.552000	0.063011	8062.753637
-97.500000	0.063237	8074.020464
-97.448000	0.063463	8085.266864
-97.396000	0.063692	8096.475671
-97.344000	0.063920	8107.669967
-97.292000	0.064151	8118.822617
-97.240000	0.064382	8129.964812
-97.188000	0.064615	8141.056721
-97.136000	0.064848	8152.141580
-97.084000	0.065083	8163.176679
-97.032000	0.065318	8174.207688
-96.980000	0.065555	8185.182983
-96.928000	0.065793	8196.152774
-96.876000	0.066032	8207.075947
-96.824000	0.066272	8217.987657
-96.772000	0.066514	8228.848245
-96.720000	0.066756	8239.695278
-96.668000	0.067000	8250.503742
-96.616000	0.067245	8261.291075
-96.564000	0.067491	8272.036958
-96.512000	0.067739	8282.761227
-96.460000	0.067987	8293.454989
-96.408000	0.068237	8304.117932
-96.356000	0.068488	8314.749123
-96.304000	0.068740	8325.344631
-96.252000	0.068994	8335.913249
-96.200000	0.069249	8346.444711
-96.148000	0.069504	8356.955982
-96.096000	0.069762	8367.425640
-96.044000	0.070020	8377.879567
-95.992000	0.070280	8388.283220
-95.940000	0.070541	8398.674568
-95.888000	0.070804	8409.010782
-95.836000	0.071067	8419.339555
-95.784000	0.071332	8429.608329
-95.732000	0.071598	8439.872539
-95.680000	0.071866	8450.081266
-95.628000	0.072135	8460.282511
-95.576000	0.072405	8470.423415
-95.524000	0.072677	8480.552587
-95.472000	0.072950	8490.630894
-95.420000	0.073224	8500.692635
-95.368000	0.073500	8510.708348
-95.316000	0.073777	8520.702658
-95.264000	0.074055	8530.655774
-95.212000	0.074335	8540.582648
-95.160000	0.074616	8550.473173
-95.108000	0.074899	8560.330002
-95.056000	0.075183	8570.152713
-95.004000	0.075469	8579.939469
-94.952000	0.075756	8589.699592
-94.900000	0.076045	8599.415487
-94.848000	0.076334	8609.107796
-94.796000	0.076626	8618.750608
-94.744000	0.076918	8628.375097
-94.692000	0.077213	8637.949045
-94.640000	0.077508	8647.510947
-94.588000	0.077806	8657.012817
-94.536000	0.078105	8666.506895
-94.484000	0.078406	8675.940708
-94.432000	0.078707	8685.369364
-94.380000	0.079011	8694.727693
-94.328000	0.079316	8704.078857
-94.276000	0.079623	8713.374576
-94.224000	0.079931	8722.656275
-94.172000	0.080241	8731.878929
-94.120000	0.080552	8741.084748
-94.068000	0.080865	8750.244794
-94.016000	0.081180	8759.379532
-93.964000	0.081496	8768.466515
-93.912000	0.081814	8777.524761
-93.860000	0.082133	8786.543909
-93.808000	0.082455	8795.531693
-93.756000	0.082777	8804.488246
-93.704000	0.083102	8813.399481
-93.652000	0.083428	8822.277746
-93.600000	0.083757	8831.114922
-93.548000	0.084086	8839.930587
-93.496000	0.084418	8848.692625
-93.444000	0.084750	8857.435230
-93.392000	0.085086	8866.122780
-93.340000	0.085422	8874.797553
-93.288000	0.085761	8883.407362
-93.236000	0.086100	8892.009073
-93.184000	0.086443	8900.545199
-93.132000	0.086786	8909.076165
-93.080000	0.087132	8917.542108
-93.028000	0.087480	8925.999363
-92.976000	0.087829	8934.392226
-92.924000	0.088180	8942.770758
-92.872000	0.088533	8951.090547
-92.820000	0.088888	8959.391794
-92.768000	0.089245	8967.643732
-92.716000	0.089604	8975.870048
-92.664000	0.089964	8984.048910
-92.612000	0.090327	8992.198743
-92.560000	0.090691	9000.309763
-92.508000	0.091058	9008.383850
-92.456000	0.091426	9016.421801
-92.404000	0.091797	9024.417152
-92.352000	0.092169	9032.382034
-92.300000	0.092544	9040.302102
-92.248000	0.092920	9048.199144
-92.196000	0.093299	9056.042247
-92.144000	0.093678	9063.866218
-92.092000	0.094062	9071.630582
-92.040000	0.094446	9079.381481
-91.988000	0.094833	9087.067103
-91.936000	0.095222	9094.744927
-91.884000	0.095613	9102.356878
-91.832000	0.096006	9109.963417
-91.780000	0.096402	9117.500227
-91.728000	0.096799	9125.028036
-91.676000	0.097199	9132.491759
-91.624000	0.097601	9139.941891
-91.572000	0.098005	9147.337753
-91.520000	0.098411	9154.713326
-91.468000	0.098819	9162.036105
-91.416000	0.099230	9169.331084
-91.364000	0.099643	9176.575541
-91.312000	0.100059	9183.792944
-91.260000	0.100476	9190.974782
-91.208000	0.100897	9198.116703
-91.156000	0.101319	9205.220230
-91.104000	0.101744	9212.283916
-91.052000	0.102169	9219.319593
-91.000000	0.102600	9226.306687
-90.948000	0.103031	9233.269282
-90.896000	0.103466	9240.177625
-90.844000	0.103901	9247.067140
-90.792000	0.104342	9253.896735
-90.740000	0.104783	9260.713168
-90.688000	0.105227	9267.468701
-90.636000	0.105673	9274.217279
-90.584000	0.106123	9280.894602
-90.532000	0.106574	9287.566617
-90.480000	0.107029	9294.174163
-90.428000	0.107485	9300.772399
-90.376000	0.107945	9307.306846
-90.324000	0.108407	9313.826338
-90.272000	0.108871	9320.287689
-90.220000	0.109338	9326.728439
-90.168000	0.109808	9333.116695
-90.116000	0.110281	9339.480584
-90.064000	0.110756	9345.800969
-90.012000	0.111234	9352.091743
-89.960000	0.111715	9358.344270
-89.908000	0.112199	9364.559235
-89.856000	0.112685	9370.738669
-89.804000	0.113174	9376.874875
-89.752000	0.113665	9382.981221
-89.700000	0.114161	9389.042170
-89.648000	0.114658	9395.080656
-89.596000	0.115159	9401.068479
-89.544000	0.115661	9407.039099
-89.492000	0.116169	9412.949489
-89.440000	0.116677	9418.847019
-89.388000	0.117191	9424.683361
-89.336000	0.117705	9430.513026
-89.284000	0.118224	9436.276239
-89.232000	0.118745	9442.033988
-89.180000	0.119270	9447.722608
-89.128000	0.119797	9453.402302
-89.076000	0.120328	9459.023044
-89.024000	0.120862	9464.629619
-88.972000	0.121398	9470.182485
-88.920000	0.121938	9475.715938
-88.868000	0.122482	9481.200927
-88.816000	0.123028	9486.661260
-88.764000	0.123578	9492.078373
-88.712000	0.124131	9497.463272
-88.660000	0.124686	9502.807284
-88.608000	0.125246	9508.118847
-88.556000	0.125808	9513.400219
-88.504000	0.126375	9518.641167
-88.452000	0.126944	9523.854671
-88.400000	0.127518	9529.022486
-88.348000	0.128093	9534.168117
-88.296000	0.128675	9539.262796
-88.244000	0.129257	9544.340555
-88.192000	0.129846	9549.366431
-88.140000	0.130435	9554.381550
-88.088000	0.131030	9559.335191
-88.036000	0.131627	9564.282434
-87.984000	0.132229	9569.162938
-87.932000	0.132833	9574.038573
-87.880000	0.133443	9578.855219
-87.828000	0.134054	9583.662650
-87.776000	0.134671	9588.411407
-87.724000	0.135290	9593.145707
-87.672000	0.135914	9597.826581
-87.620000	0.136542	9602.490798
-87.568000	0.137173	9607.114242
-87.516000	0.137809	9611.712742
-87.464000	0.138447	9616.268305
-87.412000	0.139091	9620.796005
-87.360000	0.139737	9625.288917
-87.308000	0.140389	9629.749110
-87.256000	0.141043	9634.179374
-87.204000	0.141703	9638.568922
-87.152000	0.142365	9642.931307
-87.100000	0.143034	9647.254800
-87.048000	0.143703	9651.559765
-86.996000	0.144381	9655.817436
-86.944000	0.145058	9660.059748
-86.892000	0.145745	9664.249909
-86.840000	0.146432	9668.429571
-86.788000	0.147126	9672.552224
-86.736000	0.147822	9676.669234
-86.684000	0.148525	9680.724375
-86.632000	0.149230	9684.775068
-86.580000	0.149941	9688.771923
-86.528000	0.150655	9692.760750
-86.476000	0.151375	9696.700170
-86.424000	0.152098	9700.625984
-86.372000	0.152828	9704.502742
-86.320000	0.153561	9708.361053
-86.268000	0.154299	9712.175145
-86.216000	0.155042	9715.969848
-86.164000	0.155789	9719.731738
-86.112000	0.156541	9723.465497
-86.060000	0.157298	9727.164731
-86.008000	0.158060	9730.833734
-85.956000	0.158826	9734.475539
-85.904000	0.159599	9738.082659
-85.852000	0.160374	9741.667034
-85.800000	0.161157	9745.212272
-85.748000	0.161942	9748.739220
-85.696000	0.162736	9752.222575
-85.644000	0.163531	9755.692093
-85.592000	0.164336	9759.113563
-85.540000	0.165141	9762.525650
-85.488000	0.165956	9765.890014
-85.436000	0.166772	9769.249900
-85.384000	0.167597	9772.552833
-85.332000	0.168425	9775.851740
-85.280000	0.169260	9779.101918
-85.228000	0.170099	9782.344582
-85.176000	0.170945	9785.542549
-85.124000	0.171796	9788.727808
-85.072000	0.172652	9791.868334
-85.020000	0.173514	9794.993280
-84.968000	0.174382	9798.081593
-84.916000	0.175256	9801.150292
-84.864000	0.176135	9804.186394
-84.812000	0.177021	9807.196470
-84.760000	0.177911	9810.175135
-84.708000	0.178809	9813.128882
-84.656000	0.179711	9816.060573
-84.604000	0.180622	9818.960515
-84.552000	0.181535	9821.839997
-84.500000	0.182459	9824.687268
-84.448000	0.183384	9827.519775
-84.396000	0.184321	9830.308442
-84.344000	0.185258	9833.083509
-84.292000	0.186208	9835.823469
-84.240000	0.187159	9838.556789
-84.188000	0.188121	9841.242160
-84.136000	0.189085	9843.923268
-84.084000	0.190060	9846.552383
-84.032000	0.191038	9849.177896
-83.980000	0.192025	9851.759744
-83.928000	0.193017	9854.334638
-83.876000	0.194018	9856.869499
-83.824000	0.195024	9859.394961
-83.772000	0.196037	9861.888061
-83.720000	0.197058	9864.365358
-83.668000	0.198086	9866.806239
-83.616000	0.199121	9869.229275
-83.564000	0.200162	9871.623168
-83.512000	0.201212	9873.997979
-83.460000	0.202267	9876.350117
-83.408000	0.203332	9878.677134
-83.356000	0.204401	9880.982290
-83.304000	0.205482	9883.258677
-83.252000	0.206566	9885.516846
-83.200000	0.207662	9887.746211
-83.148000	0.208761	9889.962625
-83.096000	0.209873	9892.146994
-83.044000	0.210987	9894.321654
-82.992000	0.212116	9896.461024
-82.940000	0.213246	9898.593925
-82.888000	0.214390	9900.683478
-82.836000	0.215536	9902.769393
-82.784000	0.216696	9904.813547
-82.732000	0.217860	9906.854925
-82.680000	0.219035	9908.862483
-82.628000	0.220216	9910.863687
-82.576000	0.221408	9912.829472
-82.524000	0.222607	9914.785681
-82.472000	0.223816	9916.709723
-82.420000	0.225032	9918.620955
-82.368000	0.226257	9920.503199
-82.316000	0.227492	9922.371431
-82.264000	0.228734	9924.217162
-82.212000	0.229988	9926.043630
-82.160000	0.231247	9927.847596
-82.108000	0.232520	9929.631880
-82.056000	0.233797	9931.399310
-82.004000	0.235089	9933.144235
-81.952000	0.236384	9934.875156
-81.900000	0.237696	9936.580707
-81.848000	0.239010	9938.275064
-81.796000	0.240341	9939.941245
-81.744000	0.241674	9941.599093
-81.692000	0.243026	9943.221453
-81.640000	0.244379	9944.837506
-81.588000	0.245750	9946.424555
-81.536000	0.247124	9948.009230
-81.484000	0.248514	9949.562641
-81.432000	0.249910	9951.112743
-81.380000	0.251320	9952.624376
-81.328000	0.252737	9954.131950
-81.276000	0.254168	9955.617494
-81.224000	0.255607	9957.093282
-81.172000	0.257059	9958.537050
-81.120000	0.258521	9959.972735
-81.068000	0.259994	9961.390444
-81.016000	0.261479	9962.793969
-80.964000	0.262973	9964.175104
-80.912000	0.264481	9965.541686
-80.860000	0.265997	9966.891537
-80.808000	0.267529	9968.224382
-80.756000	0.269067	9969.542894
-80.704000	0.270624	9970.841991
-80.652000	0.272185	9972.129218
-80.600000	0.273766	9973.394584
-80.548000	0.275350	9974.650499
-80.496000	0.276957	9975.886175
-80.444000	0.278566	9977.116006
-80.392000	0.280197	9978.319110
-80.340000	0.281831	9979.517628
-80.288000	0.283487	9980.686986
-80.236000	0.285148	9981.853999
-80.184000	0.286829	9982.995092
-80.132000	0.288516	9984.133587
-80.080000	0.290223	9985.243334
-80.028000	0.291938	9986.349753
-79.976000	0.293670	9987.438635
-79.924000	0.295413	9988.520083
-79.872000	0.297171	9989.577670
-79.820000	0.298943	9990.627051
-79.768000	0.300728	9991.658518
-79.716000	0.302528	9992.677716
-79.664000	0.304341	9993.677890
-79.612000	0.306172	9994.668288
-79.560000	0.308012	9995.647605
-79.508000	0.309873	9996.615521
-79.456000	0.311742	9997.573979
-79.404000	0.313633	9998.512860
-79.352000	0.315531	9999.439973
-79.300000	0.317454	10000.352452
-79.248000	0.319381	10001.258734
-79.196000	0.321337	10002.144665
-79.144000	0.323295	10003.024858
-79.092000	0.325283	10003.887153
-79.040000	0.327274	10004.746486
-78.988000	0.329293	10005.581411
-78.936000	0.331318	10006.414416
-78.884000	0.333369	10007.226752
-78.832000	0.335428	10008.037281
-78.780000	0.337512	10008.828774
-78.728000	0.339606	10009.615985
-78.676000	0.341722	10010.381354
-78.624000	0.343852	10011.142968
-78.572000	0.346002	10011.892699
-78.520000	0.348169	10012.634115
-78.468000	0.350354	10013.357750
-78.416000	0.352559	10014.075218
-78.364000	0.354778	10014.783244
-78.312000	0.357021	10015.481391
-78.260000	0.359276	10016.168526
-78.208000	0.361558	10016.844169
-78.156000	0.363850	10017.510441
-78.104000	0.366172	10018.166901
-78.052000	0.368501	10018.817567
-78.000000	0.370864	10019.449782
-77.948000	0.373231	10020.074327
-77.896000	0.375635	10020.690706
-77.844000	0.378043	10021.304846
-77.792000	0.380488	10021.901017
-77.740000	0.382937	10022.494320
-77.688000	0.385423	10023.067989
-77.636000	0.387917	10023.640236
-77.584000	0.390444	10024.202220
-77.532000	0.392982	10024.762310
-77.480000	0.395551	10025.303397
-77.428000	0.398135	10025.841868
-77.376000	0.400747	10026.367338
-77.324000	0.403378	10026.887689
-77.272000	0.406033	10027.392260
-77.220000	0.408711	10027.893501
-77.168000	0.411412	10028.387687
-77.116000	0.414138	10028.875624
-77.064000	0.416884	10029.354142
-77.012000	0.419661	10029.825205
-76.960000	0.422454	10030.288085
-76.908000	0.425282	10030.742302
-76.856000	0.428122	10031.189572
-76.804000	0.431002	10031.630247
-76.752000	0.433890	10032.067080
-76.700000	0.436823	10032.492815
-76.648000	0.439762	10032.914037
-76.596000	0.442749	10033.322907
-76.544000	0.445741	10033.728463
-76.492000	0.448782	10034.124989
-76.440000	0.451829	10034.520135
-76.388000	0.454923	10034.900529
-76.336000	0.458027	10035.279856
-76.284000	0.461175	10035.648912
-76.232000	0.464338	10036.016485
-76.180000	0.467542	10036.369889
-76.128000	0.470765	10036.722432
-76.076000	0.474024	10037.070648
-76.024000	0.477308	10037.414972
-75.972000	0.480625	10037.747542
-75.920000	0.483973	10038.075011
-75.868000	0.487349	10038.391935
-75.816000	0.490760	10038.706794
-75.764000	0.494197	10039.018532
-75.712000	0.497674	10039.325273
-75.660000	0.501172	10039.626599
-75.608000	0.504716	10039.919180
-75.556000	0.508277	10040.204864
-75.504000	0.511890	10040.487254
-75.452000	0.515515	10040.767754
-75.400000	0.519199	10041.040809
-75.348000	0.522890	10041.310896
-75.296000	0.526646	10041.572723
-75.244000	0.530408	10041.832396
-75.192000	0.534234	10042.082973
-75.140000	0.538070	10042.332204
-75.088000	0.541968	10042.571567
-75.036000	0.545880	10042.810286
-74.984000	0.549849	10043.043879
-74.932000	0.553839	10043.276452
-74.880000	0.557881	10043.499647
-74.828000	0.561951	10043.721023
-74.776000	0.566069	10043.933770
-74.724000	0.570221	10044.145230
-74.672000	0.574416	10044.352786
-74.620000	0.578651	10044.558659
-74.568000	0.582925	10044.761052
-74.516000	0.587246	10044.959202
-74.464000	0.591601	10045.151148
-74.412000	0.596010	10045.338049
-74.360000	0.600448	10045.519579
-74.308000	0.604947	10045.698189
-74.256000	0.609468	10045.874504
-74.204000	0.614061	10046.047514
-74.152000	0.618669	10046.218669
-74.100000	0.623356	10046.386093
-74.048000	0.628052	10046.552060
-73.996000	0.632838	10046.709703
-73.944000	0.637630	10046.865225
-73.892000	0.642510	10047.016214
-73.840000	0.647402	10047.166574
-73.788000	0.652377	10047.311949
-73.736000	0.657371	10047.456946
-73.684000	0.662444	10047.596862
-73.632000	0.667545	10047.736267
-73.580000	0.672716	10047.870987
-73.528000	0.677925	10048.004796
-73.476000	0.683199	10048.134321
-73.424000	0.688518	10048.261176
-73.372000	0.693897	10048.380276
-73.320000	0.699331	10048.499426
-73.268000	0.704816	10048.618562
-73.216000	0.710367	10048.735575
-73.164000	0.715962	10048.849490
-73.112000	0.721633	10048.958313
-73.060000	0.727341	10049.061808
-73.008000	0.733135	10049.165356
-72.956000	0.738958	10049.268917
-72.904000	0.744879	10049.369120
-72.852000	0.750820	10049.467462
-72.800000	0.756871	10049.565832
-72.748000	0.762934	10049.664212
-72.696000	0.769118	10049.754222
-72.644000	0.775312	10049.842152
-72.592000	0.781626	10049.930117
-72.540000	0.787957	10050.018113
-72.488000	0.794402	10050.101099
-72.436000	0.800876	10050.183705
-72.384000	0.807454	10050.261276
-72.332000	0.814072	10050.338886
-72.280000	0.820788	10050.416463
-72.228000	0.827556	10050.493104
-72.176000	0.834413	10050.565481
-72.124000	0.841334	10050.636519
-72.072000	0.848336	10050.703671
-72.020000	0.855414	10050.770875
-71.968000	0.862564	10050.838086
-71.916000	0.869805	10050.903149
-71.864000	0.877107	10050.965136
-71.812000	0.884515	10051.027169
-71.760000	0.891973	10051.089191
-71.708000	0.899552	10051.148256
-71.656000	0.907170	10051.205084
-71.604000	0.914926	10051.258543
-71.552000	0.922709	10051.310176
-71.500000	0.930646	10051.361834
-71.448000	0.938599	10051.413501
-71.396000	0.946722	10051.465168
-71.344000	0.954858	10051.516842
-71.292000	0.963163	10051.563915
-71.240000	0.971492	10051.610393
-71.188000	0.979979	10051.656876
-71.136000	0.988507	10051.703197
-71.084000	0.997182	10051.744478
-71.032000	1.005914	10051.785793
-70.980000	1.014781	10051.827100
-70.928000	1.023723	10051.867447
-70.876000	1.032794	10051.903525
-70.824000	1.041952	10051.941047
-70.772000	1.051220	10051.982383
-70.720000	1.060600	10052.021956
-70.668000	1.070081	10052.058091
-70.616000	1.079691	10052.092053
-70.564000	1.089385	10052.122961
-70.512000	1.099231	10052.153921
-70.460000	1.109149	10052.184888
-70.408000	1.119240	10052.215879
-70.356000	1.129387	10052.246850
-70.304000	1.139725	10052.277851
-70.252000	1.150101	10052.308853
-70.200000	1.160699	10052.336036
-70.148000	1.171319	10052.361813
-70.096000	1.182186	10052.387623
-70.044000	1.193072	10052.413458
-69.992000	1.204191	10052.439282
-69.940000	1.215348	10052.465120
-69.888000	1.226733	10052.490961
-69.836000	1.238177	10052.516617
-69.784000	1.249832	10052.537228
-69.732000	1.261569	10052.557869
-69.680000	1.273500	10052.578527
-69.628000	1.285538	10052.600242
-69.576000	1.297755	10052.626128
-69.524000	1.310105	10052.649206
-69.472000	1.322618	10052.664659
-69.420000	1.335291	10052.681975
-69.368000	1.348106	10052.702655
-69.316000	1.361110	10052.723377
-69.264000	1.374237	10052.744084
-69.212000	1.387581	10052.762195
-69.160000	1.401025	10052.777701
-69.108000	1.414722	10052.793240
-69.056000	1.428499	10052.808775
-69.004000	1.442564	10052.824322
-68.952000	1.456684	10052.839858
-68.900000	1.471123	10052.855413
-68.848000	1.485592	10052.870977
-68.796000	1.500417	10052.886554
-68.744000	1.515270	10052.902145
-68.692000	1.530478	10052.913088
-68.640000	1.545741	10052.923478
-68.588000	1.561328	10052.938905
-68.536000	1.577003	10052.954289
-68.484000	1.592985	10052.964673
-68.432000	1.609091	10052.975727
-68.380000	1.625484	10052.991334
-68.328000	1.642037	10053.005935
-68.276000	1.658851	10053.016334
-68.224000	1.675862	10053.026772
-68.172000	1.693108	10053.037194
-68.120000	1.710592	10053.047655
-68.068000	1.728286	10053.058100
-68.016000	1.746265	10053.068577
-67.964000	1.764426	10053.079019
-67.912000	1.782913	10053.089497
-67.860000	1.801547	10053.099965
-67.808000	1.820560	10053.110451
-67.756000	1.839688	10053.120917
-67.704000	1.859242	10053.131421
-67.652000	1.878875	10053.141940
-67.600000	1.898991	10053.148573
-67.548000	1.919149	10053.153832
-67.496000	1.939852	10053.163395
-67.444000	1.960597	10053.173936
-67.392000	1.981858	10053.184462
-67.340000	2.003206	10053.195000
-67.288000	2.025045	10053.200456
-67.236000	2.047020	10053.206044
-67.184000	2.069456	10053.216575
-67.132000	2.092081	10053.226474
-67.080000	2.115137	10053.231791
-67.028000	2.138435	10053.237143
-66.976000	2.162125	10053.242479
-66.924000	2.186118	10053.249316
-66.872000	2.210469	10053.259875
-66.820000	2.235185	10053.268599
-66.768000	2.260216	10053.273949
-66.716000	2.285679	10053.279336
-66.664000	2.311413	10053.284707
-66.612000	2.337650	10053.290102
-66.560000	2.364112	10053.295469
-66.508000	2.391154	10053.300864
-66.456000	2.418370	10053.306254
-66.404000	2.446246	10053.311651
-66.352000	2.474242	10053.317035
-66.300000	2.502982	10053.322436
-66.248000	2.531785	10053.327843
-66.196000	2.561419	10053.333260
-66.144000	2.591121	10053.338689
-66.092000	2.621619	10053.344101
-66.040000	2.652255	10053.349524
-65.988000	2.683647	10053.354946
-65.936000	2.715253	10053.360391
-65.884000	2.747566	10053.365803
-65.832000	2.780177	10053.371242
-65.780000	2.813452	10053.376668
-65.728000	2.847111	10053.381040
-65.676000	2.881379	10053.381254
-65.624000	2.916123	10053.382987
-65.572000	2.951416	10053.388420
-65.520000	2.987286	10053.393882
-65.468000	3.023645	10053.399305
-65.416000	3.060689	10053.402474
-65.364000	3.098156	10053.402715
-65.312000	3.136411	10053.405667
-65.260000	3.175012	10053.411103
-65.208000	3.214533	10053.416576
-65.156000	3.254325	10053.422060
-65.104000	3.295160	10053.424039
-65.052000	3.336179	10053.424285
-65.000000	3.378380	10053.424528
-64.948000	3.420679	10053.424767
-64.896000	3.464293	10053.429330
-64.844000	3.508019	10053.434818
-64.792000	3.553002	10053.435586
-64.740000	3.598210	10053.435864
-64.688000	3.644618	10053.441240
-64.636000	3.691373	10053.446438
-64.584000	3.739252	10053.446698
-64.532000	3.787612	10053.446986
-64.480000	3.837025	10053.447232
-64.428000	3.887058	10053.447507
-64.376000	3.938058	10053.447740
-64.324000	3.989829	10053.448009
-64.272000	4.042477	10053.448286
-64.220000	4.096058	10053.448582
-64.168000	4.150417	10053.448819
-64.116000	4.205884	10053.449096
-64.064000	4.262022	10053.449378
-64.012000	4.319448	10053.449667
-63.960000	4.377427	10053.449911
-63.908000	4.436901	10053.450191
-63.856000	4.496805	10053.450481
-63.804000	4.558405	10053.450758
-63.752000	4.620295	10053.451010
-63.700000	4.684113	10053.451290
-63.648000	4.748092	10053.451587
-63.596000	4.814205	10053.447533
-63.544000	4.880510	10053.442589
-63.492000	4.948855	10053.442369
-63.440000	5.017578	10053.442644
-63.388000	5.088247	10053.442915
-63.336000	5.159497	10053.442887
-63.284000	5.232579	10053.437914
-63.232000	5.306458	10053.433691
-63.180000	5.382047	10053.433957
-63.128000	5.458667	10053.433121
-63.076000	5.536867	10053.428143
-63.024000	5.616349	10053.423191
-62.972000	5.697264	10053.418198
-62.920000	5.779727	10053.415180
-62.868000	5.863461	10053.415458
-62.816000	5.949032	10053.413409
-62.764000	6.035700	10053.408418
-62.712000	6.124515	10053.403452
-62.660000	6.214235	10053.398476
-62.608000	6.306433	10053.393521
-62.556000	6.399326	10053.388561
-62.504000	6.495048	10053.383601
-62.452000	6.591238	10053.378628
-62.400000	6.690644	10053.373648
-62.348000	6.790317	10053.368663
-62.296000	6.893518	10053.363682
-62.244000	6.997052	10053.358712
-62.192000	7.103967	10053.353719
-62.140000	7.211528	10053.348736
-62.088000	7.322311	10053.343746
-62.036000	7.434076	10053.338434
-61.984000	7.548875	10053.328199
-61.932000	7.665019	10053.318734
-61.880000	7.783999	10053.313736
-61.828000	7.904718	10053.308763
-61.776000	8.028056	10053.303748
-61.724000	8.153547	10053.297207
-61.672000	8.281405	10053.286974
-61.620000	8.411867	10053.276757
-61.568000	8.544432	10053.266479
-61.516000	8.680083	10053.258602
-61.464000	8.817542	10053.253595
-61.412000	8.958602	10053.245824
-61.360000	9.101147	10053.235546
-61.308000	9.247849	10053.225299
-61.256000	9.395689	10053.215062
-61.204000	9.548269	10053.204808
-61.152000	9.701606	10053.194529
-61.100000	9.860319	10053.184258
-61.048000	10.019477	10053.173991
-60.996000	10.184448	10053.163709
-60.944000	10.350002	10053.153427
-60.892000	10.521162	10053.143144
-60.840000	10.693419	10053.132875
-60.788000	10.870976	10053.122575
-60.736000	11.050189	10053.112291
-60.684000	11.234403	10053.101995
-60.632000	11.420855	10053.091723
-60.580000	11.611935	10053.081379
-60.528000	11.805907	10053.069891
-60.476000	12.004164	10053.054354
-60.424000	12.205993	10053.040412
-60.372000	12.411688	10053.030059
-60.320000	12.621644	10053.017752
-60.268000	12.834984	10053.002179
-60.216000	13.053375	10052.989008
-60.164000	13.274671	10052.978648
-60.112000	13.501856	10052.965521
-60.060000	13.731423	10052.949943
-60.008000	13.967680	10052.934369
-59.956000	14.205723	10052.918774
-59.904000	14.451383	10052.906788
-59.852000	14.698216	10052.896434
-59.800000	14.953639	10052.882052
-59.748000	15.209770	10052.866424
-59.696000	15.475067	10052.850798
-59.644000	15.741313	10052.835180
-59.592000	16.016283	10052.819560
-59.540000	16.292987	10052.803954
-59.488000	16.577838	10052.788315
-59.436000	16.865279	10052.772691
-59.384000	17.160376	10052.757029
-59.332000	17.458923	10052.741387
-59.280000	17.764474	10052.725701
-59.228000	18.074387	10052.710039
-59.176000	18.390652	10052.694360
-59.124000	18.712233	10052.677104
-59.072000	19.039472	10052.656175
-59.020000	19.373020	10052.637267
-58.968000	19.711493	10052.621548
-58.916000	20.057243	10052.605854
-58.864000	20.407105	10052.590144
-58.812000	20.765311	10052.571633
-58.760000	21.126823	10052.550676
-58.708000	21.497661	10052.532935
-58.656000	21.870927	10052.517189
-58.604000	22.254563	10052.501453
-58.552000	22.639740	10052.485716
-58.500000	23.036304	10052.465945
-58.448000	23.433798	10052.444960
-58.396000	23.843054	10052.428382
-58.344000	24.253551	10052.412607
-58.292000	24.674925	10052.391977
-58.240000	25.098449	10052.370954
-58.188000	25.531785	10052.349922
-58.136000	25.968207	10052.329316
-58.084000	26.413558	10052.313492
-58.032000	26.862835	10052.296875
-57.980000	27.319939	10052.275823
-57.928000	27.781793	10052.254790
-57.876000	28.250443	10052.233689
-57.824000	28.724608	10052.212612
-57.772000	29.204544	10052.191516
-57.720000	29.690601	10052.172462
-57.668000	30.181355	10052.156574
-57.616000	30.678799	10052.138281
-57.564000	31.179954	10052.117172
-57.512000	31.688153	10052.096059
-57.460000	32.199086	10052.074902
-57.408000	32.717279	10052.053758
-57.356000	33.237313	10052.032609
-57.304000	33.764628	10052.011468
-57.252000	34.292984	10051.990326
-57.200000	34.828371	10051.969153
-57.148000	35.364300	10051.947963
-57.096000	35.906438	10051.926772
-57.044000	36.449137	10051.905589
-56.992000	36.996528	10051.884378
-56.940000	37.544636	10051.863175
-56.888000	38.095928	10051.841937
-56.836000	38.647885	10051.820712
-56.784000	39.201725	10051.799447
-56.732000	39.755917	10051.778201
-56.680000	40.310798	10051.756936
-56.628000	40.865397	10051.735692
-56.576000	41.419602	10051.714404
-56.524000	41.972627	10051.693134
-56.472000	42.524439	10051.671823
-56.420000	43.073761	10051.650527
-56.368000	43.621204	10051.629192
-56.316000	44.164540	10051.607879
-56.264000	44.705638	10051.586551
-56.212000	45.240632	10051.565227
-56.160000	45.773305	10051.543877
-56.108000	46.297471	10051.522526
-56.056000	46.819534	10051.501154
-56.004000	47.330214	10051.479774
-55.952000	47.839327	10051.458380
-55.900000	48.333917	10051.436971
-55.848000	48.827257	10051.415555
-55.796000	49.303656	10051.394137
-55.744000	49.777844	10051.372727
-55.692000	50.234272	10051.351266
-55.640000	50.686516	10051.329806
-55.588000	51.120684	10051.308334
-55.536000	51.548328	10051.286879
-55.484000	51.957896	10051.265408
-55.432000	52.358256	10051.243956
-55.380000	52.740936	10051.222431
-55.328000	53.111435	10051.202184
-55.276000	53.465094	10051.185863
-55.224000	53.803297	10051.167901
-55.172000	54.125855	10051.146353
-55.120000	54.429419	10051.124820
-55.068000	54.718900	10051.103248
-55.016000	54.985714	10051.081686
-54.964000	55.240400	10051.060091
-54.912000	55.468520	10051.038500
-54.860000	55.686748	10051.016881
-54.808000	55.874546	10050.998553
-54.756000	56.055016	10050.982169
-54.704000	56.201083	10050.962075
-54.652000	56.342598	10050.940410
-54.600000	56.445852	10050.918746
-54.548000	56.546001	10050.897085
-54.496000	56.607112	10050.879892
-54.444000	56.663519	10050.863436
-54.392000	56.683698	10050.842056
-54.340000	56.695993	10050.820417
-54.288000	56.675137	10050.803901
-54.236000	56.643255	10050.786924
-54.184000	56.581469	10050.765175
-54.132000	56.505639	10050.744321
-54.080000	56.403338	10050.727745
-54.028000	56.284150	10050.709909
-53.976000	56.142010	10050.688105
-53.924000	55.980350	10050.667997
-53.872000	55.799256	10050.651369
-53.820000	55.596353	10050.634761
-53.768000	55.377553	10050.618134
-53.716000	55.134884	10050.599023
-53.664000	54.879678	10050.577143
-53.612000	54.599011	10050.558173
-53.560000	54.309062	10050.541525
-53.508000	53.992402	10050.524859
-53.456000	53.669481	10050.508158
-53.404000	53.318961	10050.491446
-53.352000	52.964938	10050.474720
-53.300000	52.582973	10050.457995
-53.248000	52.198858	10050.441272
-53.196000	51.789030	10050.424525
-53.144000	51.376285	10050.407776
-53.092000	50.941961	10050.390975
-53.040000	50.503266	10050.374173
-52.988000	50.046682	10050.357359
-52.936000	49.584663	10050.341055
-52.884000	49.108212	10050.329442
-52.832000	48.625630	10050.316945
-52.780000	48.131704	10050.300072
-52.728000	47.631277	10050.283218
-52.676000	47.122164	10050.266345
-52.624000	46.606561	10050.251188
-52.572000	46.084602	10050.239489
-52.520000	45.556492	10050.225690
-52.468000	45.023976	10050.208734
-52.416000	44.485900	10050.194310
-52.364000	43.944958	10050.182585
-52.312000	43.399416	10050.170849
-52.260000	42.852233	10050.159071
-52.208000	42.301492	10050.143977
-52.156000	41.749940	10050.126970
-52.104000	41.196302	10050.113678
-52.052000	40.642410	10050.101875
-52.000000	40.087863	10050.090052
-51.948000	39.533342	10050.078222
-51.896000	38.979814	10050.066367
-51.844000	38.426606	10050.054510
-51.792000	37.875678	10050.042622
-51.740000	37.325532	10050.030738
-51.688000	36.778505	10050.018817
-51.636000	36.232937	10050.006906
-51.584000	35.691163	10049.994951
-51.532000	35.151659	10049.983933
-51.480000	34.616282	10049.977176
-51.428000	34.084097	10049.969113
-51.376000	33.556105	10049.957126
-51.324000	33.032378	10049.946875
-51.272000	32.512760	10049.940060
-51.220000	31.998451	10049.931122
-51.168000	31.487882	10049.919050
-51.116000	30.983804	10049.904455
-51.064000	30.483013	10049.887153
-51.012000	29.989892	10049.893378
-50.960000	29.499451	10049.917886
-50.908000	29.017905	10049.908923
-50.856000	28.538333	10049.881079
-50.804000	28.068823	10049.853237
-50.752000	27.600485	10049.825393
-50.700000	27.143380	10049.839057
-50.648000	26.687178	10049.863481
-50.596000	26.242139	10049.842291
-50.544000	25.798619	10049.814364
-50.492000	25.365490	10049.836033
-50.440000	24.934832	10049.859051
-50.388000	24.513769	10049.831084
-50.336000	24.096094	10049.803127
-50.284000	23.687046	10049.775126
-50.232000	23.282350	10049.756569
-50.180000	22.885419	10049.780832
-50.128000	22.493709	10049.791639
-50.076000	22.108741	10049.763575
-50.024000	21.729863	10049.753032
-49.972000	21.356753	10049.777234
-49.920000	20.990619	10049.779896
-49.868000	20.629314	10049.751773
-49.816000	20.275724	10049.749241
-49.764000	19.925966	10049.773385
-49.712000	19.584736	10049.767911
-49.660000	19.246419	10049.739757
-49.608000	18.917301	10049.745249
-49.556000	18.590167	10049.769335
-49.504000	18.272907	10049.755700
-49.452000	17.956746	10049.727461
-49.400000	17.651054	10049.740947
-49.348000	17.346178	10049.764975
-49.296000	17.051236	10049.743210
-49.244000	16.757630	10049.714940
-49.192000	16.472830	10049.736440
-49.140000	16.190094	10049.758841
-49.088000	15.915176	10049.730475
-49.036000	15.643026	10049.707727
-48.984000	15.377781	10049.731648
-48.932000	15.115938	10049.745935
-48.880000	14.860056	10049.717500
-48.828000	14.608183	10049.702768
-48.776000	14.361401	10049.726626
-48.724000	14.119144	10049.732761
-48.672000	13.881101	10049.704263
-48.620000	13.648132	10049.697539
-48.568000	13.418618	10049.721307
-48.516000	13.194628	10049.719281
-48.464000	12.973331	10049.690751
-48.412000	12.757999	10049.692050
-48.360000	12.544659	10049.715758
-48.308000	12.337640	10049.739470
-48.256000	12.131946	10049.763175
-48.204000	11.932975	10049.748924
-48.152000	11.734718	10049.720276
-48.100000	11.543453	10049.733587
-48.048000	11.352725	10049.757232
-47.996000	11.168511	10049.734825
-47.944000	10.985199	10049.706116
-47.892000	10.807642	10049.727438
-47.840000	10.631447	10049.751022
-47.788000	10.460286	10049.774566
-47.736000	10.290907	10049.792293
-47.684000	10.125883	10049.763477
-47.632000	9.963038	10049.744540
-47.580000	9.803944	10049.768013
-47.528000	9.647398	10049.791495
-47.476000	9.494035	10049.814908
-47.424000	9.343538	10049.820391
-47.372000	9.195667	10049.791503
-47.320000	9.050966	10049.784597
-47.268000	8.908384	10049.807946
-47.216000	8.769243	10049.805282
-47.164000	8.631748	10049.776332
-47.112000	8.497941	10049.777427
-47.060000	8.365339	10049.800714
-47.008000	8.236649	10049.824004
-46.956000	8.108755	10049.847287
-46.904000	7.984965	10049.832411
-46.852000	7.861590	10049.803367
-46.800000	7.742504	10049.816463
-46.748000	7.623745	10049.839655
-46.696000	7.508904	10049.862840
-46.644000	7.394626	10049.886028
-46.592000	7.283806	10049.858899
-46.540000	7.173825	10049.831736
-46.488000	7.066869	10049.854850
-46.436000	6.961008	10049.877975
-46.384000	6.857771	10049.901054
-46.332000	6.755860	10049.924143
-46.280000	6.656190	10049.947159
-46.228000	6.558064	10049.956067
-46.176000	6.461832	10049.926781
-46.124000	6.367336	10049.915660
-46.072000	6.274401	10049.938609
-46.020000	6.183381	10049.961571
-45.968000	6.093620	10049.984515
-45.916000	6.005936	10049.981208
-45.864000	5.919227	10049.951796
-45.812000	5.834745	10049.952672
-45.760000	5.750974	10049.975552
-45.708000	5.669558	10049.998405
-45.656000	5.588607	10050.021225
-45.604000	5.510127	10050.005684
-45.552000	5.431885	10049.976203
-45.500000	5.356227	10049.989098
-45.448000	5.280764	10050.011880
-45.396000	5.207645	10050.034613
-45.344000	5.134874	10050.057335
-45.292000	5.064168	10050.080045
-45.240000	4.993977	10050.100540
-45.188000	4.925596	10050.070895
-45.136000	4.857882	10050.047517
-45.084000	4.791738	10050.070154
-45.032000	4.726400	10050.092801
-44.980000	4.662404	10050.115375
-44.928000	4.599345	10050.123622
-44.876000	4.537418	10050.093893
-44.824000	4.476548	10050.082552
-44.772000	4.416613	10050.105085
-44.720000	4.357844	10050.127613
-44.668000	4.299828	10050.150085
-44.616000	4.243077	10050.172566
-44.564000	4.186908	10050.195032
-44.512000	4.132090	10050.186980
-44.460000	4.077694	10050.157089
-44.408000	4.024738	10050.161738
-44.356000	3.972059	10050.184138
-44.304000	3.920895	10050.206502
-44.252000	3.869869	10050.228841
-44.200000	3.820415	10050.251173
-44.148000	3.771079	10050.273506
-44.096000	3.723174	10050.249151
-44.044000	3.675486	10050.219154
-43.992000	3.629048	10050.239795
-43.940000	3.582932	10050.262033
-43.888000	3.537923	10050.284253
-43.836000	3.493329	10050.306485
-43.784000	3.449689	10050.328669
-43.732000	3.406550	10050.340343
-43.680000	3.364231	10050.310167
-43.628000	3.322494	10050.294562
-43.576000	3.281449	10050.316674
-43.524000	3.241059	10050.338793
-43.472000	3.201242	10050.360870
-43.420000	3.162149	10050.360304
-43.368000	3.123517	10050.330022
-43.316000	3.085677	10050.326426
-43.264000	3.048194	10050.348435
-43.212000	3.011552	10050.370435
-43.160000	2.975167	10050.392409
-43.108000	2.939681	10050.414370
-43.056000	2.904362	10050.436310
-43.004000	2.869991	10050.419417
-42.952000	2.835702	10050.388999
-42.900000	2.802404	10050.401410
-42.848000	2.769180	10050.423281
-42.796000	2.736841	10050.445121
-42.744000	2.704643	10050.466958
-42.692000	2.673235	10050.437843
-42.640000	2.642032	10050.410007
-42.588000	2.611513	10050.431766
-42.536000	2.581259	10050.453534
-42.484000	2.551604	10050.475253
-42.432000	2.522268	10050.496982
-42.380000	2.493445	10050.518664
-42.328000	2.464996	10050.525578
-42.276000	2.436984	10050.494927
-42.224000	2.409390	10050.483098
-42.172000	2.382153	10050.504708
-42.120000	2.355384	10050.526319
-42.068000	2.328906	10050.547894
-42.016000	2.302929	10050.542570
-41.964000	2.277175	10050.511813
-41.912000	2.251965	10050.511995
-41.860000	2.226917	10050.533527
-41.808000	2.202448	10050.555029
-41.756000	2.178082	10050.576499
-41.704000	2.154326	10050.597947
-41.652000	2.130622	10050.619381
-41.600000	2.107551	10050.597755
-41.548000	2.084529	10050.566885
-41.496000	2.062077	10050.583055
-41.444000	2.039718	10050.604418
-41.392000	2.017864	10050.625767
-41.340000	1.996147	10050.644247
-41.288000	1.974875	10050.613263
-41.236000	1.953775	10050.589202
-41.184000	1.933055	10050.610445
-41.132000	1.912546	10050.631700
-41.080000	1.892372	10050.652934
-41.028000	1.872443	10050.659180
-40.976000	1.852794	10050.628080
-40.924000	1.833422	10050.616019
-40.872000	1.814282	10050.637178
-40.820000	1.795450	10050.658339
-40.768000	1.776804	10050.679462
-40.716000	1.758489	10050.673468
-40.664000	1.740318	10050.642260
-40.612000	1.722504	10050.642194
-40.560000	1.704795	10050.663245
-40.508000	1.687472	10050.684296
-40.456000	1.670215	10050.705339
-40.404000	1.653360	10050.687113
-40.352000	1.636538	10050.655796
-40.300000	1.620134	10050.667743
-40.248000	1.603764	10050.688714
-40.196000	1.587767	10050.662341
-40.144000	1.571833	10050.630980
-40.092000	1.556236	10050.650908
-40.040000	1.540730	10050.671779
-39.988000	1.525517	10050.692631
-39.936000	1.510421	10050.706360
-39.884000	1.495578	10050.674877
-39.832000	1.480877	10050.654577
-39.780000	1.466398	10050.675379
-39.728000	1.452085	10050.696184
-39.676000	1.437960	10050.716921
-39.624000	1.424019	10050.718415
-39.572000	1.410231	10050.686846
-39.520000	1.396652	10050.678560
-39.468000	1.383197	10050.699222
-39.416000	1.369969	10050.692559
-39.364000	1.356836	10050.660916
-39.312000	1.343943	10050.660633
-39.260000	1.331118	10050.681250
-39.208000	1.318555	10050.701850
-39.156000	1.306037	10050.722430
-39.104000	1.293790	10050.703538
-39.052000	1.281566	10050.671785
-39.000000	1.269630	10050.683512
-38.948000	1.257717	10050.704045
-38.896000	1.246052	10050.676996
-38.844000	1.234432	10050.645169
-38.792000	1.223042	10050.664894
-38.740000	1.211715	10050.682042
-38.688000	1.200585	10050.650161
-38.636000	1.189537	10050.625639
-38.584000	1.178662	10050.646039
-38.532000	1.167886	10050.666445
-38.480000	1.157260	10050.686779
-38.428000	1.146748	10050.691693
-38.376000	1.136362	10050.659720
-38.324000	1.126105	10050.647219
-38.272000	1.115953	10050.667504
-38.220000	1.105945	10050.664278
-38.168000	1.096021	10050.632229
-38.116000	1.086252	10050.627723
-38.064000	1.076547	10050.647932
-38.012000	1.067014	10050.636555
-37.960000	1.057527	10050.604459
-37.908000	1.048224	10050.607958
-37.856000	1.038951	10050.628092
-37.804000	1.029863	10050.608554
-37.752000	1.020791	10050.576382
-37.700000	1.011918	10050.587908
-37.648000	1.003063	10050.608023
-37.596000	0.994381	10050.628082
-37.544000	0.985731	10050.648132
-37.492000	0.977238	10050.616379
-37.440000	0.968790	10050.587651
-37.388000	0.960481	10050.607645
-37.336000	0.952229	10050.620078
-37.284000	0.944098	10050.587760
-37.232000	0.936037	10050.567059
-37.180000	0.928079	10050.586998
-37.128000	0.920202	10050.591294
-37.076000	0.912414	10050.558899
-37.024000	0.904717	10050.546192
-36.972000	0.897093	10050.566053
-36.920000	0.889571	10050.562194
-36.868000	0.882108	10050.529748
-36.816000	0.874756	10050.525062
-36.764000	0.867449	10050.544875
-36.712000	0.860262	10050.532868
-36.660000	0.853108	10050.500347
-36.608000	0.846082	10050.503667
-36.556000	0.839076	10050.523431
-36.504000	0.832206	10050.503285
-36.452000	0.825347	10050.470715
-36.400000	0.818627	10050.482039
-36.348000	0.811920	10050.501726
-36.296000	0.805337	10050.473435
-36.244000	0.798778	10050.440815
-36.192000	0.792329	10050.460159
-36.140000	0.785913	10050.476049
-36.088000	0.779595	10050.443371
-36.036000	0.773318	10050.418488
-35.984000	0.767128	10050.438064
-35.932000	0.760987	10050.445821
-35.880000	0.754921	10050.413061
-35.828000	0.748913	10050.396176
-35.776000	0.742968	10050.415700
-35.724000	0.737089	10050.415319
-35.672000	0.731263	10050.382508
-35.620000	0.725509	10050.373647
-35.568000	0.719798	10050.393120
-35.516000	0.714167	10050.384601
-35.464000	0.708568	10050.351739
-35.412000	0.703056	10050.350888
-35.360000	0.697567	10050.370284
-35.308000	0.692171	10050.353612
-35.256000	0.686789	10050.320700
-35.204000	0.681506	10050.327884
-35.152000	0.676231	10050.347257
-35.100000	0.671057	10050.322437
-35.048000	0.665892	10050.289448
-34.996000	0.660817	10050.304648
-34.944000	0.655759	10050.323970
-34.892000	0.650781	10050.291030
-34.840000	0.645828	10050.261982
-34.788000	0.640944	10050.281219
-34.736000	0.636092	10050.292458
-34.684000	0.631302	10050.259382
-34.632000	0.626550	10050.238360
-34.580000	0.621851	10050.257568
-34.528000	0.617194	10050.260696
-34.476000	0.612583	10050.227568
-34.424000	0.608021	10050.214569
-34.372000	0.603497	10050.233724
-34.320000	0.599027	10050.228713
-34.268000	0.594587	10050.195532
-34.216000	0.590207	10050.190556
-34.164000	0.585850	10050.209660
-34.112000	0.581557	10050.196507
-34.060000	0.577281	10050.163275
-34.008000	0.573073	10050.166320
-33.956000	0.568876	10050.185373
-33.904000	0.564751	10050.164096
-33.852000	0.560632	10050.130840
-33.800000	0.556588	10050.141914
-33.748000	0.552551	10050.160915
-33.696000	0.548579	10050.131501
-33.644000	0.544620	10050.098193
-33.592000	0.540721	10050.064844
-33.540000	0.536840	10050.035680
-33.488000	0.533011	10050.054634
-33.436000	0.529204	10050.065374
-33.384000	0.525444	10050.031963
-33.332000	0.521712	10050.010826
-33.280000	0.518019	10050.029725
-33.228000	0.514358	10050.032326
-33.176000	0.510731	10049.998889
-33.124000	0.507140	10049.985799
-33.072000	0.503577	10050.004645
-33.020000	0.500055	10049.999114
-32.968000	0.496555	10049.965651
-32.916000	0.493100	10049.960610
-32.864000	0.489661	10049.979431
-32.812000	0.486271	10049.965776
-32.760000	0.482893	10049.932261
-32.708000	0.479567	10049.935240
-32.656000	0.476248	10049.954008
-32.604000	0.472984	10049.972768
-32.552000	0.469724	10049.991523
-32.500000	0.466519	10049.965669
-32.448000	0.463320	10049.932088
-32.396000	0.460171	10049.947132
-32.344000	0.457031	10049.965501
-32.292000	0.453936	10049.931893
-32.240000	0.450854	10049.902688
-32.188000	0.447811	10049.921357
-32.136000	0.444786	10049.931593
-32.084000	0.441795	10049.897950
-32.032000	0.438826	10049.876795
-31.980000	0.435886	10049.895435
-31.928000	0.432970	10049.897562
-31.876000	0.430079	10049.863891
-31.824000	0.427217	10049.850778
-31.772000	0.424375	10049.869363
-31.720000	0.421564	10049.863362
-31.668000	0.418769	10049.829665
-31.616000	0.416009	10049.824595
-31.564000	0.413262	10049.843153
-31.512000	0.410552	10049.829045
-31.460000	0.407850	10049.795322
-31.408000	0.405187	10049.798295
-31.356000	0.402530	10049.816827
-31.304000	0.399915	10049.794594
-31.252000	0.397303	10049.760817
-31.200000	0.394733	10049.771843
-31.148000	0.392167	10049.790377
-31.096000	0.389639	10049.760038
-31.044000	0.387119	10049.726813
-30.992000	0.384632	10049.745312
-30.940000	0.382155	10049.763819
-30.888000	0.379708	10049.782278
-30.836000	0.377275	10049.792086
-30.784000	0.374868	10049.758259
-30.732000	0.372478	10049.737136
-30.680000	0.370110	10049.755563
-30.628000	0.367760	10049.757265
-30.576000	0.365430	10049.723410
-30.524000	0.363121	10049.710337
-30.472000	0.360828	10049.728764
-30.420000	0.358559	10049.722378
-30.368000	0.356303	10049.688495
-30.316000	0.354073	10049.683468
-30.264000	0.351852	10049.701869
-30.212000	0.349660	10049.687370
-30.160000	0.347474	10049.653460
-30.108000	0.345319	10049.656479
-30.056000	0.343168	10049.674852
-30.004000	0.341049	10049.693233
-29.952000	0.338934	10049.711619
-29.900000	0.336849	10049.684979
-29.848000	0.334768	10049.651056
-29.796000	0.332717	10049.666171
-29.744000	0.330671	10049.683733
-29.692000	0.328651	10049.649777
-29.640000	0.326639	10049.620663
-29.588000	0.324651	10049.639013
-29.536000	0.322673	10049.657371
-29.484000	0.320714	10049.675706
-29.432000	0.318769	10049.681133
-29.380000	0.316841	10049.647157
-29.328000	0.314928	10049.630142
-29.276000	0.313030	10049.648447
-29.224000	0.311148	10049.645770
-29.172000	0.309278	10049.611792
-29.120000	0.307427	10049.602851
-29.068000	0.305586	10049.621156
-29.016000	0.303765	10049.639471
-28.964000	0.301952	10049.657789
-28.912000	0.300161	10049.642990
-28.860000	0.298375	10049.608998
-28.808000	0.296612	10049.612167
-28.756000	0.294853	10049.630485
-28.704000	0.293119	10049.607600
-28.652000	0.291387	10049.573607
-28.600000	0.289680	10049.584833
-28.548000	0.287977	10049.603122
-28.496000	0.286295	10049.621418
-28.444000	0.284618	10049.638705
-28.392000	0.282961	10049.604692
-28.340000	0.281310	10049.575739
-28.288000	0.279678	10049.594031
-28.236000	0.278055	10049.612331
-28.184000	0.276446	10049.630609
-28.132000	0.274848	10049.635762
-28.080000	0.273263	10049.601755
-28.028000	0.271690	10049.584932
-27.976000	0.270128	10049.603234
-27.924000	0.268580	10049.600327
-27.872000	0.267041	10049.566318
-27.820000	0.265516	10049.557573
-27.768000	0.263999	10049.575873
-27.716000	0.262499	10049.594183
-27.664000	0.261004	10049.612496
-27.612000	0.259526	10049.597474
-27.560000	0.258053	10049.563477
-27.508000	0.256599	10049.566858
-27.456000	0.255147	10049.585170
-27.404000	0.253715	10049.603471
-27.352000	0.252284	10049.621768
-27.300000	0.250873	10049.594642
-27.248000	0.249464	10049.560684
-27.196000	0.248073	10049.576198
-27.144000	0.246686	10049.594521
-27.092000	0.245315	10049.612848
-27.040000	0.243949	10049.625912
-26.988000	0.242597	10049.591929
-26.936000	0.241251	10049.567266
-26.884000	0.239918	10049.585618
-26.832000	0.238593	10049.603976
-26.780000	0.237279	10049.622312
-26.728000	0.235974	10049.623273
-26.676000	0.234678	10049.589352
-26.624000	0.233393	10049.576866
-26.572000	0.232115	10049.595226
-26.520000	0.230849	10049.613597
-26.468000	0.229588	10049.631970
-26.416000	0.228340	10049.620844
-26.364000	0.227097	10049.586933
-26.312000	0.225869	10049.586581
-26.260000	0.224643	10049.604979
-26.208000	0.223433	10049.585797
-26.156000	0.222223	10049.551912
-26.104000	0.221030	10049.559662
-26.052000	0.219839	10049.578085
-26.000000	0.218663	10049.596515
-25.948000	0.217489	10049.614951
-25.896000	0.216329	10049.583685
-25.844000	0.215172	10049.551287
-25.792000	0.214027	10049.569765
-25.740000	0.212887	10049.588253
-25.688000	0.211757	10049.606719
-25.636000	0.210634	10049.615664
-25.584000	0.209520	10049.581871
-25.532000	0.208413	10049.561654
-25.480000	0.207314	10049.580142
-25.428000	0.206223	10049.598645
-25.376000	0.205139	10049.617172
-25.324000	0.204063	10049.614061
-25.272000	0.202993	10049.580304
-25.220000	0.201933	10049.572255
-25.168000	0.200877	10049.590834
-25.116000	0.199832	10049.609422
-25.064000	0.198791	10049.628013
-25.012000	0.197760	10049.612832
-24.960000	0.196732	10049.579111
-24.908000	0.195716	10049.583237
-24.856000	0.194702	10049.601880
-24.804000	0.193701	10049.620512
-24.752000	0.192700	10049.639139
-24.700000	0.191712	10049.611908
-24.648000	0.190726	10049.578279
-24.596000	0.189751	10049.594603
-24.544000	0.188778	10049.611641
-24.492000	0.187816	10049.578056
-24.440000	0.186857	10049.550187
-24.388000	0.185907	10049.568910
-24.336000	0.184962	10049.587642
-24.284000	0.184024	10049.606403
-24.232000	0.183092	10049.611386
-24.180000	0.182166	10049.577863
-24.128000	0.181247	10049.562181
-24.076000	0.180333	10049.580993
-24.024000	0.179426	10049.599822
-23.972000	0.178524	10049.618673
-23.920000	0.177630	10049.611628
-23.868000	0.176739	10049.578194
-23.816000	0.175857	10049.574715
-23.764000	0.174978	10049.593589
-23.712000	0.174108	10049.578515
-23.660000	0.173240	10049.545161
-23.608000	0.172381	10049.549838
-23.556000	0.171523	10049.568791
-23.504000	0.170677	10049.587769
-23.452000	0.169832	10049.606762
-23.400000	0.168996	10049.579657
-23.348000	0.168161	10049.546365
-23.296000	0.167336	10049.563244
-23.244000	0.166513	10049.580401
-23.192000	0.165698	10049.547178
-23.140000	0.164886	10049.519890
-23.088000	0.164081	10049.539003
-23.036000	0.163279	10049.558127
-22.984000	0.162485	10049.577279
-22.932000	0.161694	10049.582439
-22.880000	0.160909	10049.549334
-22.828000	0.160129	10049.534282
-22.776000	0.159353	10049.553484
-22.724000	0.158584	10049.550627
-22.672000	0.157818	10049.517600
-22.620000	0.157059	10049.510705
-22.568000	0.156302	10049.529985
-22.516000	0.155552	10049.519135
-22.464000	0.154805	10049.486185
-22.412000	0.154065	10049.487446
-22.360000	0.153327	10049.506804
-22.308000	0.152597	10049.487960
-22.256000	0.151868	10049.455088
-22.204000	0.151148	10049.464523
-22.152000	0.150428	10049.483987
-22.100000	0.149716	10049.503456
-22.048000	0.149005	10049.522931
-21.996000	0.148302	10049.492096
-21.944000	0.147601	10049.461445
-21.892000	0.146907	10049.481016
-21.840000	0.146215	10049.494453
-21.788000	0.145528	10049.461794
-21.736000	0.144845	10049.439330
-21.684000	0.144166	10049.459007
-21.632000	0.143492	10049.464470
-21.580000	0.142821	10049.431862
-21.528000	0.142155	10049.417542
-21.476000	0.141493	10049.437323
-21.424000	0.140836	10049.434812
-21.372000	0.140182	10049.402308
-21.320000	0.139533	10049.396175
-21.268000	0.138886	10049.416034
-21.216000	0.138245	10049.405544
-21.164000	0.137606	10049.373173
-21.112000	0.136974	10049.375230
-21.060000	0.136342	10049.395166
-21.008000	0.135717	10049.376698
-20.956000	0.135093	10049.344432
-20.904000	0.134476	10049.354690
-20.852000	0.133860	10049.374759
-20.800000	0.133250	10049.348314
-20.748000	0.132641	10049.316125
-20.696000	0.132039	10049.283987
-20.644000	0.131438	10049.254186
-20.592000	0.130842	10049.274389
-20.540000	0.130248	10049.288239
-20.488000	0.129659	10049.256239
-20.436000	0.129073	10049.234650
-20.384000	0.128491	10049.254959
-20.332000	0.127912	10049.260846
-20.280000	0.127337	10049.228951
-20.228000	0.126765	10049.215551
-20.176000	0.126196	10049.235991
-20.124000	0.125631	10049.233936
-20.072000	0.125069	10049.202145
-20.020000	0.124511	10049.170383
-19.968000	0.123955	10049.138659
-19.916000	0.123404	10049.137565
-19.864000	0.122854	10049.158203
-19.812000	0.122310	10049.144238
-19.760000	0.121766	10049.112645
-19.708000	0.121229	10049.119754
-19.656000	0.120691	10049.140496
-19.604000	0.120160	10049.118563
-19.552000	0.119630	10049.087075
-19.500000	0.119104	10049.055654
-19.448000	0.118580	10049.024259
-19.396000	0.118060	10049.043689
-19.344000	0.117542	10049.062088
-19.292000	0.117028	10049.030811
-19.240000	0.116516	10048.999548
-19.188000	0.116009	10048.968315
-19.136000	0.115503	10048.947714
-19.084000	0.115001	10048.968871
-19.032000	0.114501	10048.975385
-18.980000	0.114004	10048.944311
-18.928000	0.113510	10048.913257
-18.876000	0.113019	10048.882248
-18.824000	0.112531	10048.874002
-18.772000	0.112045	10048.895355
-18.720000	0.111563	10048.889959
-18.668000	0.111082	10048.859082
-18.616000	0.110606	10048.828249
-18.564000	0.110131	10048.797465
-18.512000	0.109660	10048.801573
-18.460000	0.109190	10048.823151
-18.408000	0.108725	10048.805889
-18.356000	0.108259	10048.775264
-18.304000	0.107799	10048.744663
-18.252000	0.107340	10048.714076
-18.200000	0.106885	10048.730552
-18.148000	0.106431	10048.752382
-18.096000	0.105981	10048.723225
-18.044000	0.105532	10048.692797
-17.992000	0.105087	10048.662473
-17.940000	0.104643	10048.632166
-17.888000	0.104202	10048.601889
-17.836000	0.103764	10048.582463
-17.784000	0.103329	10048.604603
-17.732000	0.102895	10048.611882
-17.680000	0.102464	10048.581790
-17.628000	0.102035	10048.551719
-17.576000	0.101609	10048.521692
-17.524000	0.101185	10048.491707
-17.472000	0.100764	10048.461801
-17.420000	0.100345	10048.458908
-17.368000	0.099927	10048.481337
-17.316000	0.099513	10048.472787
-17.264000	0.099100	10048.443040
-17.212000	0.098691	10048.413343
-17.160000	0.098282	10048.383689
-17.108000	0.097877	10048.354074
-17.056000	0.097473	10048.324485
-17.004000	0.097073	10048.294958
-16.952000	0.096673	10048.265462
-16.900000	0.096277	10048.283227
-16.848000	0.095882	10048.306120
-16.796000	0.095490	10048.277878
-16.744000	0.095099	10048.248595
-16.692000	0.094711	10048.219367
-16.640000	0.094325	10048.190150
-16.588000	0.093941	10048.161018
-16.536000	0.093559	10048.131899
-16.484000	0.093179	10048.102860
-16.432000	0.092801	10048.088935
-16.380000	0.092425	10048.112285
-16.328000	0.092052	10048.116527
-16.276000	0.091680	10048.087673
-16.224000	0.091310	10048.058860
-16.172000	0.090942	10048.030126
-16.120000	0.090576	10048.001421
-16.068000	0.090212	10047.972752
-16.016000	0.089851	10047.944141
-15.964000	0.089490	10047.915593
-15.912000	0.089132	10047.887095
-15.860000	0.088776	10047.858640
-15.808000	0.088422	10047.869589
-15.756000	0.088069	10047.893551
-15.704000	0.087719	10047.874203
-15.652000	0.087370	10047.845961
-15.600000	0.087023	10047.817786
-15.548000	0.086678	10047.789637
-15.496000	0.086335	10047.761584
-15.444000	0.085993	10047.733555
-15.392000	0.085654	10047.705605
-15.340000	0.085316	10047.677668
-15.288000	0.084980	10047.649817
-15.236000	0.084645	10047.621981
-15.184000	0.084313	10047.594250
-15.132000	0.083982	10047.581855
-15.080000	0.083653	10047.606540
-15.028000	0.083325	10047.611900
-14.976000	0.083000	10047.584380
-14.924000	0.082676	10047.556903
-14.872000	0.082353	10047.529504
-14.820000	0.082033	10047.502155
-14.768000	0.081713	10047.474876
-14.716000	0.081396	10047.447642
-14.664000	0.081080	10047.420455
-14.612000	0.080766	10047.393335
-14.560000	0.080453	10047.366269
-14.508000	0.080143	10047.339276
-14.456000	0.079833	10047.312330
-14.404000	0.079526	10047.285465
-14.352000	0.079219	10047.258639
-14.300000	0.078915	10047.279532
-14.248000	0.078612	10047.305122
-14.196000	0.078311	10047.279118
-14.144000	0.078011	10047.252505
-14.092000	0.077712	10047.226022
-14.040000	0.077415	10047.199556
-13.988000	0.077120	10047.173176
-13.936000	0.076826	10047.146814
-13.884000	0.076534	10047.120581
-13.832000	0.076243	10047.094368
-13.780000	0.075953	10047.068227
-13.728000	0.075665	10047.042125
-13.676000	0.075379	10047.016132
-13.624000	0.075094	10046.990180
-13.572000	0.074810	10046.964306
-13.520000	0.074528	10046.938482
-13.468000	0.074247	10046.912728
-13.416000	0.073968	10046.918720
-13.364000	0.073689	10046.945383
-13.312000	0.073413	10046.936398
-13.260000	0.073137	10046.910912
-13.208000	0.072864	10046.885482
-13.156000	0.072591	10046.860088
-13.104000	0.072320	10046.834814
-13.052000	0.072050	10046.809595
-13.000000	0.071782	10046.784444
-12.948000	0.071514	10046.759318
-12.896000	0.071249	10046.734312
-12.844000	0.070984	10046.709333
-12.792000	0.070721	10046.684459
-12.740000	0.070459	10046.659600
-12.688000	0.070198	10046.634882
-12.636000	0.069939	10046.621887
-12.584000	0.069681	10046.649584
-12.532000	0.069424	10046.661562
-12.480000	0.069168	10046.637109
-12.428000	0.068914	10046.612697
-12.376000	0.068661	10046.588392
-12.324000	0.068409	10046.564129
-12.272000	0.068158	10046.539943
-12.220000	0.067909	10046.515818
-12.168000	0.067660	10046.491780
-12.116000	0.067414	10046.467800
-12.064000	0.067168	10046.443882
-12.012000	0.066923	10046.420059
-11.960000	0.066679	10046.396316
-11.908000	0.066438	10046.372647
-11.856000	0.066196	10046.349023
-11.804000	0.065957	10046.369506
-11.752000	0.065717	10046.398297
-11.700000	0.065480	10046.379158
-11.648000	0.065243	10046.355829
-11.596000	0.065008	10046.332621
-11.544000	0.064774	10046.309439
-11.492000	0.064541	10046.286364
-11.440000	0.064309	10046.263302
-11.388000	0.064078	10046.240409
-11.336000	0.063848	10046.217530
-11.284000	0.063620	10046.194755
-11.232000	0.063392	10046.172014
-11.180000	0.063166	10046.149414
-11.128000	0.062940	10046.146859
-11.076000	0.062716	10046.176702
-11.024000	0.062493	10046.182550
-10.972000	0.062270	10046.160244
-10.920000	0.062049	10046.137988
-10.868000	0.061829	10046.115801
-10.816000	0.061610	10046.093711
-10.764000	0.061392	10046.071727
-10.712000	0.061175	10046.049809
-10.660000	0.060959	10046.027944
-10.608000	0.060744	10046.006188
-10.556000	0.060529	10045.984498
-10.504000	0.060317	10046.007152
-10.452000	0.060104	10046.037905
-10.400000	0.059894	10046.020487
-10.348000	0.059683	10045.999091
-10.296000	0.059475	10045.977841
-10.244000	0.059266	10045.956619
-10.192000	0.059059	10045.935530
-10.140000	0.058853	10045.914458
-10.088000	0.058648	10045.893524
-10.036000	0.058444	10045.884756
-9.984000	0.058241	10045.916292
-9.932000	0.058038	10045.931680
-9.880000	0.057837	10045.911094
-9.828000	0.057636	10045.890550
-9.776000	0.057437	10045.870111
-9.724000	0.057238	10045.849733
-9.672000	0.057040	10045.829469
-9.620000	0.056843	10045.809267
-9.568000	0.056647	10045.789150
-9.516000	0.056452	10045.801459
-9.464000	0.056258	10045.833813
-9.412000	0.056065	10045.829883
-9.360000	0.055872	10045.810115
-9.308000	0.055681	10045.790439
-9.256000	0.055490	10045.770818
-9.204000	0.055301	10045.751339
-9.152000	0.055112	10045.731920
-9.100000	0.054924	10045.761114
-9.048000	0.054736	10045.793894
-8.996000	0.054550	10045.774769
-8.944000	0.054365	10045.755671
-8.892000	0.054180	10045.736733
-8.840000	0.053996	10045.717812
-8.788000	0.053813	10045.699030
-8.736000	0.053631	10045.692634
-8.684000	0.053450	10045.726350
-8.632000	0.053269	10045.743698
-8.580000	0.053089	10045.725292
-8.528000	0.052910	10045.706926
-8.476000	0.052732	10045.688666
-8.424000	0.052555	10045.670476
-8.372000	0.052378	10045.652418
-8.320000	0.052203	10045.662954
-8.268000	0.052028	10045.697366
-8.216000	0.051854	10045.699305
-8.164000	0.051680	10045.681595
-8.112000	0.051508	10045.663984
-8.060000	0.051335	10045.646449
-8.008000	0.051165	10045.669663
-7.956000	0.050994	10045.704599
-7.904000	0.050825	10045.694999
-7.852000	0.050656	10045.677840
-7.800000	0.050488	10045.660795
-7.748000	0.050320	10045.644244
-7.696000	0.050154	10045.679700
-7.644000	0.049988	10045.710685
-7.592000	0.049823	10045.694061
-7.540000	0.049658	10045.677456
-7.488000	0.049495	10045.661017
-7.436000	0.049331	10045.657179
-7.384000	0.049169	10045.693210
-7.332000	0.049008	10045.712656
-7.280000	0.048847	10045.696564
-7.228000	0.048687	10045.680528
-7.176000	0.048527	10045.664638
-7.124000	0.048368	10045.673517
-7.072000	0.048210	10045.710125
-7.020000	0.048053	10045.718068
-6.968000	0.047896	10045.702554
-6.916000	0.047740	10045.687126
-6.864000	0.047585	10045.671786
-6.812000	0.047430	10045.693377
-6.760000	0.047276	10045.730535
-6.708000	0.047123	10045.726965
-6.656000	0.046970	10045.712029
-6.604000	0.046818	10045.742132
-6.552000	0.046666	10045.779693
-6.500000	0.046516	10045.768455
-6.448000	0.046366	10045.753895
-6.396000	0.046216	10045.739506
-6.344000	0.046067	10045.729866
-6.292000	0.045919	10045.767964
-6.240000	0.045772	10045.797323
-6.188000	0.045625	10045.783334
-6.136000	0.045479	10045.782169
-6.084000	0.045333	10045.820678
-6.032000	0.045188	10045.842391
-5.980000	0.045044	10045.828805
-5.928000	0.044900	10045.815276
-5.876000	0.044756	10045.801892
-5.824000	0.044614	10045.813495
-5.772000	0.044472	10045.852609
-5.720000	0.044331	10045.862840
-5.668000	0.044190	10045.849832
-5.616000	0.044050	10045.869933
-5.564000	0.043910	10045.909450
-5.512000	0.043771	10045.912046
-5.460000	0.043632	10045.899469
-5.408000	0.043495	10045.887003
-5.356000	0.043357	10045.874599
-5.304000	0.043221	10045.907474
-5.252000	0.043085	10045.947596
-5.200000	0.042949	10045.938700
-5.148000	0.042814	10045.927597
-5.096000	0.042680	10045.968090
-5.044000	0.042546	10046.003678
-4.992000	0.042413	10045.992095
-4.940000	0.042280	10045.989507
-4.888000	0.042148	10046.030430
-4.836000	0.042016	10046.058363
-4.784000	0.041885	10046.047191
-4.732000	0.041754	10046.053116
-4.680000	0.041624	10046.094441
-4.628000	0.041495	10046.114735
-4.576000	0.041366	10046.103993
-4.524000	0.041238	10046.093323
-4.472000	0.041110	10046.082783
-4.420000	0.040982	10046.101502
-4.368000	0.040856	10046.143460
-4.316000	0.040729	10046.152304
-4.264000	0.040603	10046.142167
-4.212000	0.040478	10046.169413
-4.160000	0.040353	10046.211801
-4.108000	0.040229	10046.213027
-4.056000	0.040105	10046.203320
-4.004000	0.039982	10046.239110
-3.952000	0.039859	10046.281928
-3.900000	0.039737	10046.275534
-3.848000	0.039616	10046.267373
-3.796000	0.039494	10046.310567
-3.744000	0.039374	10046.348634
-3.692000	0.039253	10046.339773
-3.640000	0.039134	10046.340128
-3.588000	0.039014	10046.383775
-3.536000	0.038896	10046.414218
-3.484000	0.038777	10046.405797
-3.432000	0.038660	10046.397424
-3.380000	0.038542	10046.389231
-3.328000	0.038425	10046.402402
-3.276000	0.038309	10046.446679
-3.224000	0.038193	10046.465696
-3.172000	0.038077	10046.457934
-3.120000	0.037963	10046.479651
-3.068000	0.037848	10046.524386
-3.016000	0.037734	10046.535806
-2.964000	0.037620	10046.528474
-2.912000	0.037507	10046.558729
-2.860000	0.037394	10046.603895
-2.808000	0.037282	10046.607700
-2.756000	0.037170	10046.600798
-2.704000	0.037059	10046.639612
-2.652000	0.036948	10046.685236
-2.600000	0.036838	10046.681430
-2.548000	0.036727	10046.676292
-2.496000	0.036618	10046.722340
-2.444000	0.036509	10046.763050
-2.392000	0.036400	10046.756998
-2.340000	0.036292	10046.750967
-2.288000	0.036184	10046.745177
-2.236000	0.036076	10046.752870
-2.184000	0.035969	10046.799605
-2.132000	0.035863	10046.828893
-2.080000	0.035756	10046.823533
-2.028000	0.035651	10046.839769
-1.976000	0.035545	10046.886934
-1.924000	0.035440	10046.908611
-1.872000	0.035336	10046.903709
-1.820000	0.035232	10046.928515
-1.768000	0.035128	10046.976138
-1.716000	0.035025	10046.990228
-1.664000	0.034922	10046.985783
-1.612000	0.034819	10046.981471
-1.560000	0.034717	10046.977256
-1.508000	0.034615	10047.014899
-1.456000	0.034514	10047.063181
-1.404000	0.034413	10047.065882
-1.352000	0.034313	10047.062124
-1.300000	0.034213	10047.108333
-1.248000	0.034113	10047.155522
-1.196000	0.034014	10047.152189
-1.144000	0.033914	10047.148889
-1.092000	0.033816	10047.145778
-1.040000	0.033718	10047.152319
-0.988000	0.033620	10047.201767
-0.936000	0.033522	10047.237578
-0.884000	0.033425	10047.234958
-0.832000	0.033329	10047.232382
-0.780000	0.033232	10047.229963
-0.728000	0.033136	10047.249367
-0.676000	0.033041	10047.299500
-0.624000	0.032946	10047.323930
-0.572000	0.032851	10047.321996
-0.520000	0.032756	10047.349990
-0.468000	0.032662	10047.400581
-0.416000	0.032568	10047.417422
-0.364000	0.032475	10047.415946
-0.312000	0.032382	10047.414603
-0.260000	0.032289	10047.413356
-0.208000	0.032197	10047.412258
-0.156000	0.032105	10047.411239
-0.104000	0.032013	10047.456373
-0.052000	0.031922	10047.507879
-0.000000	0.031831	10047.509566
0.052000	0.031740	10047.509032
0.104000	0.031650	10047.508699
0.156000	0.031560	10047.514202
0.208000	0.031471	10047.566410
0.260000	0.031381	10047.608793
0.312000	0.031292	10047.608940
0.364000	0.031204	10047.609119
0.416000	0.031116	10047.609495
0.468000	0.031028	10047.627852
0.520000	0.030940	10047.680780
0.572000	0.030853	10047.711808
0.624000	0.030766	10047.712669
0.676000	0.030679	10047.713612
0.728000	0.030593	10047.714701
0.780000	0.030507	10047.715890
0.832000	0.030421	10047.717208
0.884000	0.030336	10047.718656
0.936000	0.030251	10047.720230
0.988000	0.030166	10047.760062
1.040000	0.030082	10047.814160
1.092000	0.029998	10047.826246
1.144000	0.029914	10047.828276
1.196000	0.029831	10047.830495
1.248000	0.029748	10047.832782
1.300000	0.029665	10047.835254
1.352000	0.029582	10047.837769
1.404000	0.029500	10047.840486
1.456000	0.029418	10047.849255
1.508000	0.029337	10047.904514
1.560000	0.029255	10047.949729
1.612000	0.029174	10047.952953
1.664000	0.029094	10047.956210
1.716000	0.029013	10047.959662
1.768000	0.028933	10047.963170
1.820000	0.028853	10047.966878
1.872000	0.028774	10047.970654
1.924000	0.028695	10047.974590
1.976000	0.028616	10047.978611
2.028000	0.028537	10047.982776
2.080000	0.028459	10047.987054
2.132000	0.028381	10047.991475
2.184000	0.028303	10047.996014
2.236000	0.028225	10048.000664
2.288000	0.028148	10048.005448
2.340000	0.028071	10048.010326
2.392000	0.027995	10048.057755
2.444000	0.027918	10048.115186
2.496000	0.027842	10048.126363
2.548000	0.027766	10048.131725
2.600000	0.027691	10048.137296
2.652000	0.027615	10048.142914
2.704000	0.027541	10048.148735
2.756000	0.027466	10048.154582
2.808000	0.027391	10048.160648
2.860000	0.027317	10048.166737
2.912000	0.027243	10048.173063
2.964000	0.027170	10048.179427
3.016000	0.027096	10048.186009
3.068000	0.027023	10048.192637
3.120000	0.026950	10048.199420
3.172000	0.026878	10048.206279
3.224000	0.026805	10048.213318
3.276000	0.026733	10048.220452
3.328000	0.026661	10048.227747
3.380000	0.026590	10048.204663
3.432000	0.026518	10048.159890
3.484000	0.026447	10048.149756
3.536000	0.026376	10048.157508
3.588000	0.026306	10048.165412
3.640000	0.026236	10048.173419
3.692000	0.026166	10048.181598
3.744000	0.026096	10048.189862
3.796000	0.026026	10048.198274
3.848000	0.025957	10048.206738
3.900000	0.025888	10048.215411
3.952000	0.025819	10048.224131
4.004000	0.025750	10048.233079
4.056000	0.025682	10048.242055
4.108000	0.025614	10048.251251
4.160000	0.025546	10048.249967
4.212000	0.025479	10048.207099
4.264000	0.025411	10048.178810
4.316000	0.025344	10048.188494
4.368000	0.025277	10048.198235
4.420000	0.025210	10048.208175
4.472000	0.025144	10048.218175
4.524000	0.025078	10048.228315
4.576000	0.025012	10048.238551
4.628000	0.024946	10048.248947
4.680000	0.024881	10048.228759
4.732000	0.024815	10048.187115
4.784000	0.024750	10048.180328
4.836000	0.024685	10048.191209
4.888000	0.024621	10048.202225
4.940000	0.024556	10048.213333
4.992000	0.024492	10048.224613
5.044000	0.024428	10048.235978
5.096000	0.024365	10048.200655
5.148000	0.024301	10048.159951
5.200000	0.024238	10048.170353
5.252000	0.024175	10048.182202
5.304000	0.024112	10048.194254
5.356000	0.024049	10048.199650
5.408000	0.023987	10048.159679
5.460000	0.023925	10048.130446
5.512000	0.023863	10048.142974
5.564000	0.023801	10048.155545
5.616000	0.023740	10048.168356
5.668000	0.023678	10048.162416
5.720000	0.023617	10048.123132
5.772000	0.023556	10048.106763
5.824000	0.023495	10048.120030
5.876000	0.023435	10048.133385
5.928000	0.023375	10048.146880
5.980000	0.023315	10048.129575
6.032000	0.023255	10048.091031
6.084000	0.023195	10048.087562
6.136000	0.023135	10048.101542
6.188000	0.023076	10048.076663
6.240000	0.023017	10048.038574
6.292000	0.022958	10048.043694
6.344000	0.022900	10048.058158
6.396000	0.022841	10048.072792
6.448000	0.022783	10048.087483
6.500000	0.022725	10048.051272
6.552000	0.022667	10048.016780
6.604000	0.022609	10048.031907
6.656000	0.022552	10048.040157
6.708000	0.022495	10048.003258
6.760000	0.022438	10047.977317
6.812000	0.022381	10047.992943
6.864000	0.022324	10047.993634
6.916000	0.022267	10047.957221
6.968000	0.022211	10047.939877
7.020000	0.022155	10047.955987
7.072000	0.022099	10047.949113
7.124000	0.022043	10047.913155
7.176000	0.021988	10047.904380
7.228000	0.021932	10047.920946
7.280000	0.021877	10047.906495
7.332000	0.021822	10047.871021
7.384000	0.021767	10047.835654
7.436000	0.021713	10047.800380
7.488000	0.021658	10047.804475
7.540000	0.021604	10047.821753
7.592000	0.021550	10047.795952
7.644000	0.021496	10047.761190
7.696000	0.021442	10047.773871
7.748000	0.021389	10047.791605
7.800000	0.021335	10047.758219
7.852000	0.021282	10047.723913
7.904000	0.021229	10047.689787
7.956000	0.021176	10047.662796
8.008000	0.021124	10047.681236
8.060000	0.021071	10047.688543
8.112000	0.021019	10047.654916
8.164000	0.020967	10047.636521
8.216000	0.020915	10047.655418
8.268000	0.020863	10047.655142
8.320000	0.020811	10047.621998
8.372000	0.020760	10047.588918
8.424000	0.020708	10047.555975
8.476000	0.020657	10047.550433
8.528000	0.020606	10047.570013
8.580000	0.020555	10047.558360
8.632000	0.020505	10047.525900
8.684000	0.020454	10047.493548
8.736000	0.020404	10047.461288
8.788000	0.020354	10047.468616
8.840000	0.020304	10047.488909
8.892000	0.020254	10047.465886
8.944000	0.020204	10047.434110
8.996000	0.020155	10047.402486
9.048000	0.020106	10047.370910
9.100000	0.020057	10047.339547
9.152000	0.020007	10047.311521
9.204000	0.019959	10047.332678
9.256000	0.019910	10047.346521
9.308000	0.019861	10047.315652
9.360000	0.019813	10047.284802
9.412000	0.019765	10047.254134
9.464000	0.019717	10047.223508
9.516000	0.019669	10047.193095
9.568000	0.019621	10047.182182
9.620000	0.019574	10047.204265
9.672000	0.019526	10047.202930
9.724000	0.019479	10047.172945
9.776000	0.019432	10047.143049
9.828000	0.019385	10047.113292
9.880000	0.019338	10047.083640
9.932000	0.019291	10047.054111
9.984000	0.019245	10047.060314
10.036000	0.019198	10047.083309
10.088000	0.019152	10047.066777
10.140000	0.019106	10047.037676
10.192000	0.019060	10047.008731
10.244000	0.019014	10046.979858
10.296000	0.018969	10046.951158
10.348000	0.018923	10046.922512
10.400000	0.018878	10046.894057
10.452000	0.018833	10046.869150
10.504000	0.018788	10046.893236
10.556000	0.018743	10046.909792
10.608000	0.018698	10046.881798
10.660000	0.018653	10046.853826
10.712000	0.018609	10046.826059
10.764000	0.018564	10046.798328
10.816000	0.018520	10046.770761
10.868000	0.018476	10046.743251
10.920000	0.018432	10046.715912
10.972000	0.018388	10046.688647
11.024000	0.018345	10046.661536
11.076000	0.018301	10046.662263
11.128000	0.018258	10046.687677
11.180000	0.018215	10046.681395
11.232000	0.018171	10046.654713
11.284000	0.018129	10046.628138
11.336000	0.018086	10046.601655
11.388000	0.018043	10046.575313
11.440000	0.018000	10046.549058
11.492000	0.017958	10046.522961
11.544000	0.017916	10046.496933
11.596000	0.017874	10046.471059
11.648000	0.017831	10046.445232
11.700000	0.017790	10046.471582
11.752000	0.017748	10046.494549
11.804000	0.017706	10046.469132
11.856000	0.017665	10046.443734
11.908000	0.017623	10046.418531
11.960000	0.017582	10046.393350
12.012000	0.017541	10046.368374
12.064000	0.017500	10046.343433
12.116000	0.017459	10046.318657
12.168000	0.017418	10046.293932
12.220000	0.017378	10046.269356
12.272000	0.017337	10046.244854
12.324000	0.017297	10046.220506
12.376000	0.017257	10046.196237
12.428000	0.017216	10046.172089
12.480000	0.017177	10046.180055
12.532000	0.017137	10046.208431
12.584000	0.017097	10046.200855
12.636000	0.017057	10046.177107
12.688000	0.017018	10046.153500
12.740000	0.016978	10046.129980
12.792000	0.016939	10046.106599
12.844000	0.016900	10046.083278
12.896000	0.016861	10046.060133
12.948000	0.016822	10046.037041
13.000000	0.016783	10046.014093
13.052000	0.016745	10045.991172
13.104000	0.016706	10045.968435
13.156000	0.016668	10045.945718
13.208000	0.016629	10045.923221
13.260000	0.016591	10045.900745
13.312000	0.016553	10045.878448
13.364000	0.016515	10045.872249
13.416000	0.016477	10045.902420
13.468000	0.016440	10045.912544
13.520000	0.016402	10045.890647
13.572000	0.016365	10045.868816
13.624000	0.016327	10045.847119
13.676000	0.016290	10045.825492
13.728000	0.016253	10045.803967
13.780000	0.016216	10045.782551
13.832000	0.016179	10045.761254
13.884000	0.016142	10045.740052
13.936000	0.016105	10045.718928
13.988000	0.016069	10045.697945
14.040000	0.016032	10045.677048
14.092000	0.015996	10045.656271
14.144000	0.015960	10045.635547
14.196000	0.015924	10045.614976
14.248000	0.015887	10045.594451
14.300000	0.015852	10045.574096
14.352000	0.015816	10045.557936
14.404000	0.015780	10045.590065
14.456000	0.015744	10045.614008
14.508000	0.015709	10045.594079
14.560000	0.015674	10045.574169
14.612000	0.015638	10045.554412
14.664000	0.015603	10045.534688
14.716000	0.015568	10045.515103
14.768000	0.015533	10045.495577
14.820000	0.015498	10045.476220
14.872000	0.015463	10045.456920
14.924000	0.015429	10045.437736
14.976000	0.015394	10045.418621
15.028000	0.015360	10045.399609
15.080000	0.015325	10045.380692
15.132000	0.015291	10045.361880
15.184000	0.015257	10045.343178
15.236000	0.015223	10045.324565
15.288000	0.015189	10045.346581
15.340000	0.015155	10045.380437
15.392000	0.015121	10045.369873
15.444000	0.015088	10045.351633
15.496000	0.015054	10045.333526
15.548000	0.015021	10045.315457
15.600000	0.014987	10045.297535
15.652000	0.014954	10045.279639
15.704000	0.014921	10045.261928
15.756000	0.014888	10045.244235
15.808000	0.014855	10045.226707
15.860000	0.014822	10045.209202
15.912000	0.014789	10045.191873
15.964000	0.014757	10045.174578
16.016000	0.014724	10045.157422
16.068000	0.014692	10045.160853
16.120000	0.014659	10045.196165
16.172000	0.014627	10045.206955
16.224000	0.014595	10045.190143
16.276000	0.014563	10045.173414
16.328000	0.014531	10045.156802
16.380000	0.014499	10045.140261
16.432000	0.014467	10045.123794
16.484000	0.014435	10045.107438
16.536000	0.014404	10045.091171
16.588000	0.014372	10045.075012
16.640000	0.014341	10045.058917
16.692000	0.014309	10045.042944
16.744000	0.014278	10045.027021
16.796000	0.014247	10045.011232
16.848000	0.014216	10044.996043
16.900000	0.014185	10045.032735
16.952000	0.014154	10045.064852
17.004000	0.014123	10045.049433
17.056000	0.014092	10045.034030
17.108000	0.014062	10045.018792
17.160000	0.014031	10045.003575
17.212000	0.014001	10044.988509
17.264000	0.013970	10044.973476
17.316000	0.013940	10044.958582
17.368000	0.013910	10044.943735
17.420000	0.013880	10044.929013
17.472000	0.013850	10044.914341
17.524000	0.013820	10044.899764
17.576000	0.013790	10044.914107
17.628000	0.013760	10044.952026
17.680000	0.013731	10044.957138
17.732000	0.013701	10044.942905
17.784000	0.013672	10044.928769
17.836000	0.013642	10044.914709
17.888000	0.013613	10044.900740
17.940000	0.013584	10044.886823
17.992000	0.013554	10044.873029
18.044000	0.013525	10044.859285
18.096000	0.013496	10044.845676
18.148000	0.013467	10044.832104
18.200000	0.013439	10044.818680
18.252000	0.013410	10044.810098
18.304000	0.013381	10044.849129
18.356000	0.013353	10044.879315
18.408000	0.013324	10044.866201
18.460000	0.013296	10044.853107
18.512000	0.013267	10044.840165
18.564000	0.013239	10044.827256
18.616000	0.013211	10044.814485
18.668000	0.013183	10044.801755
18.720000	0.013155	10044.789128
18.772000	0.013127	10044.776553
18.824000	0.013099	10044.764071
18.876000	0.013071	10044.751661
18.928000	0.013043	10044.739352
18.980000	0.013016	10044.760209
19.032000	0.012988	10044.800340
19.084000	0.012961	10044.803418
19.136000	0.012933	10044.791398
19.188000	0.012906	10044.779487
19.240000	0.012879	10044.767639
19.292000	0.012852	10044.755894
19.344000	0.012824	10044.744190
19.396000	0.012797	10044.732599
19.448000	0.012770	10044.721040
19.500000	0.012744	10044.709628
19.552000	0.012717	10044.698241
19.604000	0.012690	10044.686961
19.656000	0.012664	10044.684772
19.708000	0.012637	10044.725966
19.760000	0.012610	10044.754063
19.812000	0.012584	10044.743105
19.864000	0.012558	10044.732177
19.916000	0.012531	10044.721363
19.968000	0.012505	10044.710582
20.020000	0.012479	10044.699886
20.072000	0.012453	10044.689249
20.124000	0.012427	10044.678724
20.176000	0.012401	10044.668261
20.228000	0.012375	10044.657881
20.280000	0.012350	10044.647572
20.332000	0.012324	10044.637337
20.384000	0.012298	10044.664520
20.436000	0.012273	10044.706697
20.488000	0.012247	10044.707593
20.540000	0.012222	10044.697646
20.592000	0.012196	10044.687782
20.644000	0.012171	10044.677952
20.696000	0.012146	10044.668236
20.748000	0.012121	10044.658550
20.800000	0.012096	10044.648989
20.852000	0.012071	10044.639448
20.904000	0.012046	10044.630041
20.956000	0.012021	10044.620648
21.008000	0.011996	10044.611365
21.060000	0.011972	10044.615433
21.112000	0.011947	10044.658590
21.164000	0.011922	10044.684404
21.216000	0.011898	10044.675409
21.268000	0.011873	10044.666447
21.320000	0.011849	10044.657568
21.372000	0.011825	10044.648741
21.424000	0.011800	10044.640007
21.476000	0.011776	10044.631335
21.528000	0.011752	10044.622745
21.580000	0.011728	10044.614200
21.632000	0.011704	10044.605700
21.684000	0.011680	10044.597298
21.736000	0.011656	10044.588970
21.788000	0.011633	10044.580717
21.840000	0.011609	10044.572505
21.892000	0.011585	10044.610027
21.944000	0.011562	10044.654228
21.996000	0.011538	10044.648855
22.048000	0.011515	10044.640905
22.100000	0.011491	10044.633055
22.152000	0.011468	10044.625221
22.204000	0.011445	10044.617496
22.256000	0.011421	10044.609784
22.308000	0.011398	10044.602180
22.360000	0.011375	10044.594595
22.412000	0.011352	10044.587136
22.464000	0.011329	10044.579701
22.516000	0.011306	10044.572358
22.568000	0.011283	10044.565057
22.620000	0.011261	10044.557858
22.672000	0.011238	10044.550692
22.724000	0.011215	10044.543583
22.776000	0.011193	10044.536535
22.828000	0.011170	10044.529571
22.880000	0.011148	10044.556399
22.932000	0.011125	10044.601820
22.984000	0.011103	10044.609535
23.036000	0.011080	10044.602804
23.088000	0.011058	10044.596148
23.140000	0.011036	10044.589533
23.192000	0.011014	10044.583002
23.244000	0.010992	10044.576504
23.296000	0.010970	10044.570099
23.348000	0.010948	10044.563718
23.400000	0.010926	10044.557413
23.452000	0.010904	10044.551120
23.504000	0.010883	10044.544964
23.556000	0.010861	10044.538820
23.608000	0.010839	10044.532758
23.660000	0.010817	10044.526716
23.712000	0.010796	10044.520798
23.764000	0.010774	10044.514900
23.816000	0.010753	10044.509071
23.868000	0.010732	10044.503276
23.920000	0.010710	10044.497563
23.972000	0.010689	10044.491893
24.024000	0.010668	10044.486298
24.076000	0.010647	10044.480741
24.128000	0.010626	10044.475235
24.180000	0.010605	10044.469788
24.232000	0.010584	10044.464398
24.284000	0.010563	10044.459076
24.336000	0.010542	10044.453803
24.388000	0.010521	10044.448606
24.440000	0.010500	10044.443450
24.492000	0.010480	10044.484443
24.544000	0.010459	10044.531672
24.596000	0.010438	10044.528869
24.648000	0.010418	10044.523919
24.700000	0.010397	10044.519045
24.752000	0.010377	10044.514184
24.804000	0.010357	10044.509433
24.856000	0.010336	10044.504692
24.908000	0.010316	10044.500033
24.960000	0.010296	10044.495391
25.012000	0.010276	10044.490848
25.064000	0.010256	10044.486326
25.116000	0.010235	10044.481873
25.168000	0.010216	10044.477446
25.220000	0.010196	10044.473082
25.272000	0.010176	10044.468760
25.324000	0.010156	10044.464513
25.376000	0.010136	10044.460316
25.428000	0.010116	10044.456186
25.480000	0.010097	10044.452086
25.532000	0.010077	10044.448017
25.584000	0.010057	10044.444015
25.636000	0.010038	10044.440063
25.688000	0.010018	10044.436168
25.740000	0.009999	10044.432305
25.792000	0.009979	10044.428526
25.844000	0.009960	10044.424779
25.896000	0.009941	10044.421080
25.948000	0.009921	10044.417395
26.000000	0.009902	10044.413811
26.052000	0.009883	10044.410243
26.104000	0.009864	10044.406757
26.156000	0.009845	10044.403282
26.208000	0.009826	10044.399888
26.260000	0.009807	10044.396508
26.312000	0.009788	10044.393203
26.364000	0.009769	10044.389918
26.416000	0.009751	10044.386702
26.468000	0.009732	10044.383521
26.520000	0.009713	10044.380422
26.572000	0.009694	10044.351023
26.624000	0.009676	10044.295689
26.676000	0.009657	10044.270757
26.728000	0.009639	10044.267809
26.780000	0.009620	10044.264905
26.832000	0.009602	10044.262046
26.884000	0.009583	10044.259238
26.936000	0.009565	10044.256468
26.988000	0.009547	10044.253756
27.040000	0.009529	10044.251075
27.092000	0.009510	10044.248458
27.144000	0.009492	10044.245866
27.196000	0.009474	10044.243345
27.248000	0.009456	10044.240841
27.300000	0.009438	10044.238391
27.352000	0.009420	10044.235949
27.404000	0.009402	10044.233618
27.456000	0.009384	10044.231296
27.508000	0.009367	10044.229029
27.560000	0.009349	10044.226773
27.612000	0.009331	10044.224567
27.664000	0.009313	10044.222388
27.716000	0.009296	10044.220299
27.768000	0.009278	10044.218229
27.820000	0.009261	10044.216202
27.872000	0.009243	10044.214207
27.924000	0.009226	10044.212269
27.976000	0.009208	10044.210370
28.028000	0.009191	10044.208522
28.080000	0.009173	10044.206704
28.132000	0.009156	10044.204916
28.184000	0.009139	10044.203164
28.236000	0.009122	10044.201438
28.288000	0.009105	10044.199789
28.340000	0.009087	10044.198180
28.392000	0.009070	10044.196593
28.444000	0.009053	10044.195018
28.496000	0.009036	10044.142758
28.548000	0.009019	10044.091525
28.600000	0.009002	10044.090093
28.652000	0.008986	10044.088668
28.704000	0.008969	10044.087354
28.756000	0.008952	10044.086048
28.808000	0.008935	10044.084769
28.860000	0.008919	10044.083506
28.912000	0.008902	10044.082317
28.964000	0.008885	10044.081149
29.016000	0.008869	10044.080049
29.068000	0.008852	10044.078961
29.120000	0.008836	10044.077895
29.172000	0.008819	10044.076862
29.224000	0.008803	10044.075886
29.276000	0.008786	10044.074949
29.328000	0.008770	10044.074061
29.380000	0.008754	10044.073205
29.432000	0.008738	10044.072380
29.484000	0.008721	10044.071589
29.536000	0.008705	10044.070825
29.588000	0.008689	10044.070100
29.640000	0.008673	10044.069397
29.692000	0.008657	10044.068738
29.744000	0.008641	10044.068097
29.796000	0.008625	10044.067527
29.848000	0.008609	10044.066974
29.900000	0.008593	10044.066474
29.952000	0.008577	10044.059204
30.004000	0.008562	10044.006447
30.056000	0.008546	10043.964519
30.108000	0.008530	10043.964175
30.160000	0.008514	10043.963839
30.212000	0.008499	10043.963528
30.264000	0.008483	10043.963234
30.316000	0.008468	10043.962985
30.368000	0.008452	10043.962756
30.420000	0.008436	10043.962569
30.472000	0.008421	10043.962406
30.524000	0.008406	10043.962280
30.576000	0.008390	10043.962195
30.628000	0.008375	10043.962159
30.680000	0.008360	10043.962140
30.732000	0.008344	10043.962138
30.784000	0.008329	10043.962171
30.836000	0.008314	10043.962231
30.888000	0.008299	10043.962330
30.940000	0.008283	10043.962451
30.992000	0.008268	10043.962638
31.044000	0.008253	10043.962848
31.096000	0.008238	10043.963083
31.148000	0.008223	10043.963327
31.200000	0.008208	10043.963598
31.252000	0.008193	10043.963876
31.304000	0.008179	10043.964239
31.356000	0.008164	10043.964609
31.408000	0.008149	10043.965034
31.460000	0.008134	10043.965466
31.512000	0.008119	10043.965925
31.564000	0.008105	10043.966399
31.616000	0.008090	10043.966920
31.668000	0.008075	10043.967460
31.720000	0.008061	10043.968042
31.772000	0.008046	10043.968647
31.824000	0.008032	10043.969291
31.876000	0.008017	10043.969962
31.928000	0.008003	10043.970668
31.980000	0.007988	10043.971390
32.032000	0.007974	10043.972130
32.084000	0.007960	10043.972905
32.136000	0.007945	10043.973706
32.188000	0.007931	10043.974528
32.240000	0.007917	10043.975363
32.292000	0.007903	10043.976242
32.344000	0.007888	10043.977139
32.396000	0.007874	10043.978084
32.448000	0.007860	10043.979042
32.500000	0.007846	10043.980053
32.552000	0.007832	10043.981072
32.604000	0.007818	10043.982122
32.656000	0.007804	10043.983177
32.708000	0.007790	10043.984261
32.760000	0.007776	10043.983827
32.812000	0.007762	10043.979742
32.864000	0.007749	10043.979541
32.916000	0.007735	10043.985977
32.968000	0.007721	10043.990088
33.020000	0.007707	10043.991329
33.072000	0.007694	10043.995335
33.124000	0.007680	10044.001868
33.176000	0.007666	10044.005270
33.228000	0.007653	10044.006607
33.280000	0.007639	10044.011525
33.332000	0.007625	10044.018154
33.384000	0.007612	10044.024801
33.436000	0.007598	10044.031463
33.488000	0.007585	10044.038166
33.540000	0.007572	10044.044890
33.592000	0.007558	10044.046855
33.644000	0.007545	10044.048355
33.696000	0.007532	10044.055093
33.748000	0.007518	10044.061913
33.800000	0.007505	10044.068760
33.852000	0.007492	10044.076357
33.904000	0.007479	10044.088470
33.956000	0.007465	10044.099441
34.008000	0.007452	10044.106359
34.060000	0.007439	10044.113289
34.112000	0.007426	10044.120268
34.164000	0.007413	10044.127257
34.216000	0.007400	10044.134271
34.268000	0.007387	10044.143655
34.320000	0.007374	10044.155932
34.372000	0.007361	10044.165470
34.424000	0.007348	10044.172580
34.476000	0.007335	10044.182872
34.528000	0.007322	10044.195245
34.580000	0.007310	10044.204064
34.632000	0.007297	10044.211242
34.684000	0.007284	10044.222414
34.736000	0.007271	10044.234856
34.788000	0.007259	10044.247338
34.840000	0.007246	10044.259841
34.892000	0.007233	10044.267564
34.944000	0.007221	10044.274843
34.996000	0.007208	10044.287359
35.048000	0.007196	10044.299931
35.100000	0.007183	10044.312530
35.152000	0.007171	10044.325135
35.204000	0.007158	10044.337770
35.256000	0.007146	10044.350414
35.308000	0.007133	10044.363111
35.360000	0.007121	10044.377385
35.412000	0.007109	10044.395319
35.464000	0.007096	10044.411291
35.516000	0.007084	10044.424057
35.568000	0.007072	10044.436826
35.620000	0.007060	10044.449598
35.672000	0.007047	10044.465179
35.724000	0.007035	10044.483243
35.776000	0.007023	10044.498134
35.828000	0.007011	10044.511002
35.880000	0.006999	10044.527481
35.932000	0.006987	10044.545613
35.984000	0.006975	10044.559751
36.036000	0.006963	10044.572660
36.088000	0.006951	10044.590010
36.140000	0.006939	10044.608211
36.192000	0.006927	10044.626435
36.244000	0.006915	10044.644670
36.296000	0.006903	10044.662931
36.348000	0.006891	10044.680816
36.400000	0.006880	10044.693884
36.452000	0.006868	10044.707744
36.504000	0.006856	10044.726049
36.556000	0.006844	10044.745554
36.608000	0.006833	10044.769151
36.660000	0.006821	10044.791161
36.712000	0.006809	10044.809563
36.764000	0.006798	10044.827968
36.816000	0.006786	10044.846376
36.868000	0.006774	10044.864805
36.920000	0.006763	10044.883275
36.972000	0.006751	10044.904555
37.024000	0.006740	10044.928262
37.076000	0.006728	10044.948773
37.128000	0.006717	10044.967285
37.180000	0.006706	10044.985814
37.232000	0.006694	10045.004359
37.284000	0.006683	10045.026943
37.336000	0.006672	10045.050753
37.388000	0.006660	10045.074584
37.440000	0.006649	10045.098428
37.492000	0.006638	10045.117447
37.544000	0.006626	10045.136069
37.596000	0.006615	10045.159945
37.648000	0.006604	10045.183830
37.700000	0.006593	10045.207769
37.752000	0.006582	10045.231714
37.804000	0.006571	10045.255636
37.856000	0.006560	10045.279566
37.908000	0.006548	10045.303549
37.960000	0.006537	10045.327541
38.012000	0.006526	10045.351559
38.064000	0.006515	10045.375580
38.116000	0.006504	10045.399605
38.168000	0.006494	10045.423641
38.220000	0.006483	10045.447700
38.272000	0.006472	10045.471762
38.324000	0.006461	10045.495828
38.376000	0.006450	10045.519923
38.428000	0.006439	10045.544051
38.480000	0.006428	10045.568181
38.532000	0.006418	10045.592316
38.584000	0.006407	10045.620493
38.636000	0.006396	10045.649864
38.688000	0.006385	10045.674832
38.740000	0.006375	10045.699036
38.792000	0.006364	10045.723242
38.844000	0.006354	10045.747474
38.896000	0.006343	10045.776940
38.948000	0.006332	10045.805988
39.000000	0.006322	10045.830235
39.052000	0.006311	10045.855316
39.104000	0.006301	10045.884827
39.156000	0.006290	10045.913111
39.208000	0.006280	10045.937426
39.260000	0.006269	10045.963384
39.312000	0.006259	10045.992937
39.364000	0.006249	10046.022499
39.416000	0.006238	10046.052086
39.468000	0.006228	10046.079230
39.520000	0.006218	10046.103595
39.572000	0.006207	10046.130823
39.624000	0.006197	10046.160451
39.676000	0.006187	10046.190095
39.728000	0.006176	10046.219759
39.780000	0.006166	10046.249424
39.832000	0.006156	10046.279094
39.884000	0.006146	10046.304722
39.936000	0.006136	10046.329197
39.988000	0.006126	10046.358140
40.040000	0.006116	10046.387851
40.092000	0.006106	10046.417586
40.144000	0.006095	10046.447332
40.196000	0.006085	10046.477080
40.248000	0.006075	10046.506832
40.300000	0.006065	10046.536613
40.352000	0.006055	10046.566400
40.404000	0.006046	10046.596190
40.456000	0.006036	10046.624730
40.508000	0.006026	10046.649325
40.560000	0.006016	10046.675583
40.612000	0.006006	10046.705414
40.664000	0.005996	10046.735256
40.716000	0.005986	10046.765122
40.768000	0.005977	10046.794991
40.820000	0.005967	10046.824864
40.872000	0.005957	10046.854751
40.924000	0.005947	10046.884659
40.976000	0.005938	10046.914569
41.028000	0.005928	10046.944484
41.080000	0.005918	10046.974416
41.132000	0.005909	10047.004366
41.184000	0.005899	10047.034318
41.236000	0.005889	10047.064274
41.288000	0.005880	10047.094233
41.340000	0.005870	10047.124196
41.392000	0.005861	10047.149292
41.444000	0.005851	10047.174126
41.496000	0.005842	10047.204127
41.548000	0.005832	10047.234132
41.600000	0.005823	10047.264165
41.652000	0.005813	10047.294205
41.704000	0.005804	10047.324247
41.756000	0.005794	10047.354293
41.808000	0.005785	10047.384342
41.860000	0.005776	10047.412717
41.912000	0.005766	10047.437563
41.964000	0.005757	10047.464501
42.016000	0.005748	10047.494596
42.068000	0.005739	10047.524696
42.120000	0.005729	10047.554805
42.172000	0.005720	10047.584921
42.224000	0.005711	10047.615046
42.276000	0.005702	10047.641881
42.328000	0.005692	10047.666795
42.380000	0.005683	10047.695418
42.432000	0.005674	10047.725577
42.484000	0.005665	10047.751637
42.536000	0.005656	10047.776582
42.588000	0.005647	10047.806044
42.640000	0.005638	10047.836234
42.692000	0.005629	10047.861521
42.744000	0.005620	10047.886587
42.796000	0.005611	10047.916802
42.848000	0.005602	10047.946531
42.900000	0.005593	10047.971532
42.952000	0.005584	10047.997434
43.004000	0.005575	10048.027678
43.056000	0.005566	10048.056627
43.108000	0.005557	10048.081660
43.160000	0.005548	10048.106698
43.212000	0.005539	10048.131744
43.264000	0.005531	10048.156794
43.316000	0.005522	10048.181853
43.368000	0.005513	10048.206917
43.420000	0.005504	10048.231991
43.472000	0.005495	10048.259986
43.524000	0.005487	10048.290303
43.576000	0.005478	10048.317306
43.628000	0.005469	10048.342410
43.680000	0.005461	10048.363794
43.732000	0.005452	10048.383680
43.784000	0.005443	10048.407699
43.836000	0.005435	10048.432828
43.888000	0.005426	10048.457961
43.940000	0.005417	10048.483099
43.992000	0.005409	10048.508246
44.044000	0.005400	10048.533290
44.096000	0.005392	10048.553222
44.148000	0.005383	10048.573673
44.200000	0.005375	10048.598847
44.252000	0.005366	10048.623109
44.304000	0.005358	10048.643065
44.356000	0.005349	10048.664346
44.408000	0.005341	10048.689545
44.460000	0.005333	10048.713022
44.512000	0.005324	10048.733003
44.564000	0.005316	10048.752990
44.616000	0.005307	10048.772984
44.668000	0.005299	10048.792982
44.720000	0.005291	10048.812984
44.772000	0.005282	10048.832992
44.824000	0.005274	10048.853011
44.876000	0.005266	10048.873031
44.928000	0.005258	10048.893057
44.980000	0.005249	10048.913087
45.032000	0.005241	10048.933126
45.084000	0.005233	10048.953168
45.136000	0.005225	10048.973217
45.188000	0.005217	10048.993270
45.240000	0.005208	10049.013329
45.292000	0.005200	10049.028435
45.344000	0.005192	10049.043406
45.396000	0.005184	10049.063480
45.448000	0.005176	10049.083024
45.500000	0.005168	10049.097879
45.552000	0.005160	10049.112738
45.604000	0.005152	10049.127604
45.656000	0.005144	10049.142474
45.708000	0.005136	10049.157350
45.760000	0.005128	10049.173976
45.812000	0.005120	10049.194090
45.864000	0.005112	10049.209905
45.916000	0.005104	10049.219569
45.968000	0.005096	10049.231793
46.020000	0.005088	10049.246697
46.072000	0.005080	10049.261604
46.124000	0.005072	10049.276517
46.176000	0.005065	10049.291431
46.228000	0.005057	10049.306352
46.280000	0.005049	10049.317509
46.332000	0.005041	10049.327211
46.384000	0.005033	10049.341085
46.436000	0.005026	10049.356024
46.488000	0.005018	10049.366390
46.540000	0.005010	10049.376107
46.592000	0.005002	10049.385827
46.644000	0.004995	10049.395552
46.696000	0.004987	10049.405280
46.748000	0.004979	10049.415013
46.800000	0.004972	10049.424749
46.852000	0.004964	10049.434489
46.904000	0.004956	10049.444233
46.956000	0.004949	10049.452615
47.008000	0.004941	10049.457136
47.060000	0.004934	10049.463431
47.112000	0.004926	10049.473189
47.164000	0.004918	10049.482951
47.216000	0.004911	10049.492716
47.268000	0.004903	10049.499908
47.320000	0.004896	10049.504451
47.372000	0.004888	10049.508995
47.424000	0.004881	10049.513545
47.476000	0.004873	10049.518096
47.528000	0.004866	10049.522653
47.580000	0.004859	10049.527212
47.632000	0.004851	10049.531777
47.684000	0.004844	10049.536342
47.736000	0.004836	10049.540911
47.788000	0.004829	10049.545481
47.840000	0.004822	10049.550056
47.892000	0.004814	10049.554631
47.944000	0.004807	10049.559036
47.996000	0.004800	10049.558388
48.048000	0.004792	10049.558325
48.100000	0.004785	10049.562910
48.152000	0.004778	10049.566517
48.204000	0.004771	10049.565880
48.256000	0.004763	10049.565247
48.308000	0.004756	10049.564616
48.360000	0.004749	10049.563988
48.412000	0.004742	10049.563362
48.464000	0.004735	10049.562738
48.516000	0.004727	10049.562114
48.568000	0.004720	10049.561494
48.620000	0.004713	10049.560879
48.672000	0.004706	10049.560263
48.724000	0.004699	10049.559651
48.776000	0.004692	10049.555631
48.828000	0.004685	10049.549792
48.880000	0.004678	10049.547765
48.932000	0.004671	10049.547163
48.984000	0.004664	10049.542343
49.036000	0.004656	10049.536511
49.088000	0.004649	10049.530681
49.140000	0.004642	10049.524857
49.192000	0.004636	10049.524051
49.244000	0.004629	10049.523260
49.296000	0.004622	10049.517436
49.348000	0.004615	10049.511616
49.400000	0.004608	10049.505795
49.452000	0.004601	10049.498973
49.504000	0.004594	10049.487925
49.556000	0.004587	10049.478288
49.608000	0.004580	10049.472472
49.660000	0.004573	10049.466659
49.712000	0.004566	10049.460849
49.764000	0.004560	10049.452823
49.816000	0.004553	10049.441783
49.868000	0.004546	10049.433364
49.920000	0.004539	10049.427557
49.972000	0.004532	10049.418724
50.024000	0.004526	10049.407687
50.076000	0.004519	10049.396650
50.128000	0.004512	10049.385619
50.180000	0.004506	10049.374585
50.232000	0.004499	10049.363553
50.284000	0.004492	10049.356757
50.336000	0.004485	10049.350957
50.388000	0.004479	10049.335874
50.440000	0.004472	10049.319615
50.492000	0.004466	10049.308396
50.544000	0.004459	10049.297367
50.596000	0.004452	10049.286336
50.648000	0.004446	10049.275309
50.700000	0.004439	10049.264278
50.752000	0.004432	10049.252224
50.804000	0.004426	10049.235963
50.856000	0.004419	10049.221136
50.908000	0.004413	10049.210105
50.960000	0.004406	10049.197241
51.012000	0.004400	10049.180981
51.064000	0.004393	10049.166960
51.116000	0.004387	10049.155929
51.168000	0.004380	10049.142256
51.220000	0.004374	10049.125997
51.272000	0.004367	10049.109736
51.324000	0.004361	10049.093477
51.376000	0.004355	10049.077213
51.428000	0.004348	10049.060952
51.480000	0.004342	10049.044687
51.532000	0.004335	10049.028425
51.584000	0.004329	10049.012158
51.636000	0.004323	10048.995894
51.688000	0.004316	10048.979626
51.740000	0.004310	10048.963361
51.792000	0.004304	10048.947088
51.844000	0.004297	10048.930818
51.896000	0.004291	10048.914549
51.948000	0.004285	10048.898285
52.000000	0.004279	10048.881997
52.052000	0.004272	10048.864665
52.104000	0.004266	10048.843156
52.156000	0.004260	10048.823103
52.208000	0.004254	10048.806833
52.260000	0.004247	10048.790560
52.312000	0.004241	10048.774270
52.364000	0.004235	10048.755724
52.416000	0.004229	10048.734214
52.468000	0.004223	10048.715371
52.520000	0.004216	10048.699099
52.572000	0.004210	10048.679749
52.624000	0.004204	10048.658229
52.676000	0.004198	10048.640169
52.728000	0.004192	10048.623859
52.780000	0.004186	10048.603676
52.832000	0.004180	10048.582146
52.884000	0.004174	10048.560618
52.936000	0.004168	10048.539096
52.988000	0.004162	10048.522240
53.040000	0.004156	10048.505929
53.092000	0.004150	10048.484510
53.144000	0.004144	10048.462950
53.196000	0.004138	10048.441419
53.248000	0.004132	10048.419895
53.300000	0.004126	10048.398321
53.352000	0.004120	10048.377821
53.404000	0.004114	10048.361484
53.456000	0.004108	10048.343678
53.508000	0.004102	10048.322121
53.560000	0.004096	10048.300562
53.612000	0.004090	10048.278987
53.664000	0.004084	10048.257407
53.716000	0.004078	10048.235813
53.768000	0.004072	10048.214222
53.820000	0.004067	10048.192637
53.872000	0.004061	10048.171054
53.924000	0.004055	10048.149479
53.976000	0.004049	10048.131385
54.028000	0.004043	10048.115020
54.080000	0.004037	10048.094743
54.132000	0.004032	10048.073131
54.184000	0.004026	10048.051520
54.236000	0.004020	10048.029916
54.288000	0.004014	10048.008294
54.340000	0.004009	10047.986671
54.392000	0.004003	10047.965028
54.444000	0.003997	10047.943386
54.496000	0.003991	10047.921748
54.548000	0.003986	10047.900115
54.600000	0.003980	10047.878459
54.652000	0.003974	10047.856807
54.704000	0.003969	10047.835160
54.756000	0.003963	10047.815005
54.808000	0.003957	10047.798542
54.860000	0.003952	10047.780189
54.912000	0.003946	10047.758533
54.964000	0.003940	10047.736864
55.016000	0.003935	10047.715162
55.068000	0.003929	10047.693463
55.120000	0.003924	10047.671771
55.172000	0.003918	10047.653180
55.224000	0.003912	10047.636699
55.276000	0.003907	10047.616690
55.328000	0.003901	10047.594961
55.380000	0.003896	10047.573235
55.432000	0.003890	10047.551515
55.484000	0.003885	10047.534102
55.536000	0.003879	10047.517594
55.588000	0.003874	10047.496340
55.640000	0.003868	10047.474583
55.692000	0.003863	10047.452829
55.744000	0.003857	10047.431388
55.796000	0.003852	10047.414823
55.848000	0.003846	10047.397549
55.900000	0.003841	10047.375759
55.952000	0.003836	10047.355086
56.004000	0.003830	10047.338509
56.056000	0.003825	10047.320413
56.108000	0.003819	10047.298588
56.160000	0.003814	10047.278688
56.212000	0.003809	10047.262102
56.264000	0.003803	10047.245502
56.316000	0.003798	10047.228871
56.368000	0.003793	10047.209512
56.420000	0.003787	10047.187661
56.472000	0.003782	10047.168933
56.524000	0.003777	10047.152293
56.576000	0.003771	10047.135640
56.628000	0.003766	10047.118983
56.680000	0.003761	10047.102310
56.732000	0.003755	10047.085634
56.784000	0.003750	10047.068942
56.836000	0.003745	10047.052248
56.888000	0.003740	10047.035535
56.940000	0.003734	10047.018823
56.992000	0.003729	10047.002114
57.044000	0.003724	10046.985411
57.096000	0.003719	10046.968661
57.148000	0.003714	10046.951912
57.200000	0.003708	10046.935140
57.252000	0.003703	10046.919508
57.304000	0.003698	10046.907976
57.356000	0.003693	10046.894900
57.408000	0.003688	10046.878093
57.460000	0.003683	10046.861289
57.512000	0.003678	10046.844492
57.564000	0.003672	10046.830029
57.616000	0.003667	10046.818416
57.668000	0.003662	10046.804054
57.720000	0.003657	10046.787222
57.772000	0.003652	10046.773522
57.824000	0.003647	10046.761874
57.876000	0.003642	10046.750213
57.928000	0.003637	10046.738548
57.980000	0.003632	10046.722921
58.032000	0.003627	10046.706036
58.084000	0.003622	10046.693481
58.136000	0.003617	10046.681780
58.188000	0.003612	10046.670060
58.240000	0.003607	10046.658341
58.292000	0.003602	10046.646602
58.344000	0.003597	10046.634864
58.396000	0.003592	10046.623105
58.448000	0.003587	10046.611350
58.500000	0.003582	10046.599544
58.552000	0.003577	10046.588901
58.604000	0.003572	10046.582335
58.656000	0.003567	10046.574204
58.708000	0.003562	10046.562363
58.760000	0.003557	10046.550520
58.812000	0.003552	10046.538663
58.864000	0.003548	10046.529169
58.916000	0.003543	10046.522524
58.968000	0.003538	10046.513098
59.020000	0.003533	10046.501206
59.072000	0.003528	10046.492467
59.124000	0.003523	10046.485760
59.176000	0.003518	10046.479040
59.228000	0.003514	10046.472315
59.280000	0.003509	10046.461591
59.332000	0.003504	10046.449619
59.384000	0.003499	10046.442019
59.436000	0.003494	10046.435260
59.488000	0.003490	10046.428460
59.540000	0.003485	10046.421655
59.592000	0.003480	10046.414830
59.644000	0.003475	10046.408017
59.696000	0.003471	10046.401183
59.748000	0.003466	10046.395129
59.800000	0.003461	10046.393478
59.852000	0.003456	10046.390652
59.904000	0.003452	10046.383755
59.956000	0.003447	10046.376853
60.008000	0.003442	10046.369912
60.060000	0.003438	10046.364955
60.112000	0.003433	10046.363226
60.164000	0.003428	10046.359101
60.216000	0.003424	10046.352126
60.268000	0.003419	10046.347927
60.320000	0.003414	10046.346137
60.372000	0.003410	10046.344336
60.424000	0.003405	10046.342529
60.476000	0.003400	10046.337091
60.528000	0.003396	10046.330010
60.580000	0.003391	10046.326903
60.632000	0.003387	10046.325007
60.684000	0.003382	10046.323113
60.736000	0.003378	10046.321227
60.788000	0.003373	10046.319279
60.840000	0.003368	10046.317321
60.892000	0.003364	10046.315342
60.944000	0.003359	10046.313366
60.996000	0.003355	10046.311369
61.048000	0.003350	10046.310172
61.100000	0.003346	10046.313359
61.152000	0.003341	10046.315345
61.204000	0.003337	10046.313257
61.256000	0.003332	10046.311165
61.308000	0.003328	10046.309034
61.360000	0.003323	10046.308908
61.412000	0.003319	10046.311990
61.464000	0.003314	10046.312653
61.516000	0.003310	10046.310489
61.568000	0.003305	10046.311111
61.620000	0.003301	10046.314104
61.672000	0.003297	10046.317086
61.724000	0.003292	10046.320064
61.776000	0.003288	10046.319388
61.828000	0.003283	10046.317091
61.880000	0.003279	10046.318790
61.932000	0.003275	10046.321678
61.984000	0.003270	10046.324549
62.036000	0.003266	10046.327420
62.088000	0.003261	10046.330252
62.140000	0.003257	10046.333079
62.192000	0.003253	10046.335862
62.244000	0.003248	10046.338644
62.296000	0.003244	10046.341379
62.348000	0.003240	10046.344116
62.400000	0.003235	10046.346803
62.452000	0.003231	10046.349492
62.504000	0.003227	10046.352136
62.556000	0.003222	10046.356406
62.608000	0.003218	10046.364264
62.660000	0.003214	10046.370075
62.712000	0.003210	10046.372631
62.764000	0.003205	10046.375182
62.816000	0.003201	10046.377723
62.868000	0.003197	10046.383071
62.920000	0.003193	10046.390770
62.972000	0.003188	10046.395216
63.024000	0.003184	10046.397669
63.076000	0.003180	10046.400094
63.128000	0.003176	10046.402503
63.180000	0.003171	10046.408912
63.232000	0.003167	10046.416480
63.284000	0.003163	10046.424030
63.336000	0.003159	10046.431581
63.388000	0.003155	10046.434212
63.440000	0.003151	10046.436493
63.492000	0.003146	10046.443929
63.544000	0.003142	10046.451363
63.596000	0.003138	10046.458751
63.648000	0.003134	10046.465300
63.700000	0.003130	10046.467412
63.752000	0.003126	10046.470768
63.804000	0.003122	10046.478066
63.856000	0.003117	10046.485359
63.908000	0.003113	10046.492613
63.960000	0.003109	10046.499851
64.012000	0.003105	10046.507035
64.064000	0.003101	10046.514203
64.116000	0.003097	10046.521344
64.168000	0.003093	10046.528465
64.220000	0.003089	10046.535562
64.272000	0.003085	10046.542634
64.324000	0.003081	10046.549689
64.376000	0.003077	10046.556698
64.428000	0.003073	10046.563681
64.480000	0.003069	10046.570631
64.532000	0.003065	10046.577570
64.584000	0.003061	10046.584472
64.636000	0.003057	10046.591368
64.688000	0.003053	10046.598201
64.740000	0.003049	10046.605025
64.792000	0.003045	10046.611806
64.844000	0.003041	10046.618586
64.896000	0.003037	10046.625293
64.948000	0.003033	10046.632001
65.000000	0.003029	10046.638660
65.052000	0.003025	10046.645318
65.104000	0.003021	10046.651907
65.156000	0.003017	10046.658491
65.208000	0.003013	10046.665037
65.260000	0.003009	10046.671574
65.312000	0.003005	10046.678078
65.364000	0.003001	10046.687026
65.416000	0.002997	10046.698661
65.468000	0.002993	10046.707394
65.520000	0.002990	10046.713757
65.572000	0.002986	10046.720095
65.624000	0.002982	10046.726416
65.676000	0.002978	10046.732691
65.728000	0.002974	10046.738940
65.780000	0.002970	10046.745139
65.832000	0.002966	10046.751318
65.884000	0.002963	10046.757459
65.936000	0.002959	10046.763595
65.988000	0.002955	10046.774569
66.040000	0.002951	10046.785787
66.092000	0.002947	10046.791784
66.144000	0.002943	10046.797777
66.196000	0.002940	10046.803697
66.248000	0.002936	10046.809618
66.300000	0.002932	10046.815492
66.352000	0.002928	10046.821360
66.404000	0.002924	10046.827135
66.456000	0.002921	10046.832906
66.508000	0.002917	10046.838640
66.560000	0.002913	10046.844356
66.612000	0.002909	10046.850020
66.664000	0.002906	10046.858159
66.716000	0.002902	10046.868983
66.768000	0.002898	10046.876871
66.820000	0.002894	10046.882395
66.872000	0.002891	10046.887880
66.924000	0.002887	10046.893334
66.976000	0.002883	10046.898743
67.028000	0.002880	10046.904127
67.080000	0.002876	10046.909478
67.132000	0.002872	10046.914819
67.184000	0.002869	10046.920083
67.236000	0.002865	10046.925326
67.288000	0.002861	10046.930507
67.340000	0.002858	10046.935679
67.392000	0.002854	10046.940784
67.444000	0.002850	10046.945886
67.496000	0.002847	10046.950888
67.548000	0.002843	10046.954985
67.600000	0.002839	10046.954710
67.652000	0.002836	10046.955743
67.704000	0.002832	10046.960629
67.756000	0.002829	10046.965499
67.808000	0.002825	10046.970288
67.860000	0.002821	10046.975060
67.912000	0.002818	10046.979779
67.964000	0.002814	10046.984474
68.016000	0.002811	10046.989124
68.068000	0.002807	10046.990805
68.120000	0.002803	10046.990129
68.172000	0.002800	10046.992743
68.224000	0.002796	10046.997227
68.276000	0.002793	10046.997932
68.328000	0.002789	10046.997116
68.380000	0.002786	10047.000369
68.432000	0.002782	10047.004685
68.484000	0.002779	10047.004403
68.536000	0.002775	10047.003420
68.588000	0.002772	10047.007320
68.640000	0.002768	10047.011377
68.692000	0.002765	10047.010232
68.744000	0.002761	10047.009605
68.796000	0.002758	10047.013584
68.848000	0.002754	10047.016635
68.900000	0.002751	10047.015311
68.952000	0.002747	10047.013984
69.004000	0.002744	10047.012591
69.056000	0.002740	10047.011182
69.108000	0.002737	10047.009693
69.160000	0.002733	10047.008178
69.212000	0.002730	10047.006593
69.264000	0.002726	10047.004972
69.316000	0.002723	10047.003290
69.368000	0.002720	10047.001575
69.420000	0.002716	10046.999825
69.472000	0.002713	10046.998020
69.524000	0.002709	10046.996173
69.576000	0.002706	10046.994280
69.628000	0.002702	10046.992363
69.680000	0.002699	10046.990359
69.732000	0.002696	10046.988317
69.784000	0.002692	10046.981656
69.836000	0.002689	10046.974315
69.888000	0.002686	10046.971857
69.940000	0.002682	10046.969508
69.992000	0.002679	10046.961978
70.044000	0.002675	10046.954989
70.096000	0.002672	10046.952611
70.148000	0.002669	10046.949282
70.200000	0.002665	10046.941547
70.252000	0.002662	10046.933806
70.304000	0.002659	10046.925975
70.356000	0.002655	10046.918134
70.408000	0.002652	10046.910235
70.460000	0.002649	10046.902303
70.512000	0.002646	10046.894281
70.564000	0.002642	10046.886224
70.616000	0.002639	10046.878106
70.668000	0.002636	10046.869955
70.720000	0.002632	10046.861769
70.772000	0.002629	10046.850142
70.824000	0.002626	10046.836603
70.876000	0.002623	10046.826779
70.928000	0.002619	10046.818373
70.980000	0.002616	10046.805716
71.032000	0.002613	10046.791984
71.084000	0.002610	10046.778153
71.136000	0.002606	10046.764297
71.188000	0.002603	10046.750378
71.240000	0.002600	10046.736453
71.292000	0.002597	10046.722411
71.344000	0.002593	10046.708362
71.396000	0.002590	10046.694186
71.448000	0.002587	10046.680009
71.500000	0.002584	10046.665760
71.552000	0.002581	10046.650127
71.604000	0.002577	10046.630526
71.656000	0.002574	10046.610909
71.708000	0.002571	10046.591213
71.760000	0.002568	10046.573666
71.812000	0.002565	10046.559077
71.864000	0.002562	10046.541865
71.916000	0.002558	10046.521951
71.968000	0.002555	10046.498989
72.020000	0.002552	10046.473723
72.072000	0.002549	10046.451797
72.124000	0.002546	10046.431665
72.176000	0.002543	10046.407655
72.228000	0.002540	10046.382171
72.280000	0.002536	10046.356615
72.332000	0.002533	10046.331034
72.384000	0.002530	10046.305355
72.436000	0.002527	10046.279650
72.488000	0.002524	10046.253838
72.540000	0.002521	10046.228010
72.592000	0.002518	10046.202089
72.644000	0.002515	10046.175576
72.696000	0.002512	10046.144296
72.748000	0.002508	10046.113012
72.800000	0.002505	10046.081605
72.852000	0.002502	10046.050188
72.904000	0.002499	10046.018659
72.956000	0.002496	10045.985312
73.008000	0.002493	10045.948459
73.060000	0.002490	10045.911572
73.112000	0.002487	10045.874597
73.164000	0.002484	10045.837576
73.216000	0.002481	10045.800478
73.268000	0.002478	10045.763323
73.320000	0.002475	10045.726104
73.372000	0.002472	10045.685399
73.424000	0.002469	10045.642828
73.476000	0.002466	10045.600177
73.528000	0.002463	10045.557483
73.580000	0.002460	10045.514700
73.632000	0.002457	10045.471883
73.684000	0.002454	10045.424338
73.736000	0.002451	10045.376169
73.788000	0.002448	10045.327891
73.840000	0.002445	10045.279392
73.892000	0.002442	10045.225752
73.944000	0.002439	10045.172719
73.996000	0.002436	10045.124149
74.048000	0.002433	10045.073548
74.100000	0.002430	10045.014422
74.152000	0.002427	10044.956699
74.204000	0.002424	10044.902653
74.256000	0.002421	10044.844939
74.308000	0.002418	10044.780312
74.360000	0.002416	10044.717877
74.412000	0.002413	10044.658358
74.464000	0.002410	10044.596163
74.516000	0.002407	10044.531293
74.568000	0.002404	10044.463319
74.620000	0.002401	10044.393071
74.672000	0.002398	10044.322753
74.724000	0.002395	10044.252384
74.776000	0.002392	10044.181918
74.828000	0.002389	10044.111399
74.880000	0.002387	10044.036543
74.932000	0.002384	10043.960672
74.984000	0.002381	10043.880051
75.036000	0.002378	10043.798828
75.088000	0.002375	10043.717474
75.140000	0.002372	10043.635872
75.192000	0.002369	10043.549152
75.244000	0.002366	10043.462427
75.296000	0.002364	10043.375548
75.348000	0.002361	10043.286592
75.400000	0.002358	10043.189101
75.452000	0.002355	10043.093041
75.504000	0.002352	10043.000659
75.556000	0.002350	10042.904560
75.608000	0.002347	10042.801571
75.660000	0.002344	10042.698547
75.712000	0.002341	10042.595438
75.764000	0.002338	10042.489619
75.816000	0.002335	10042.381132
75.868000	0.002333	10042.272574
75.920000	0.002330	10042.163939
75.972000	0.002327	10042.048298
76.024000	0.002324	10041.929056
76.076000	0.002322	10041.809715
76.128000	0.002319	10041.690323
76.180000	0.002316	10041.566573
76.232000	0.002313	10041.441830
76.284000	0.002310	10041.312294
76.336000	0.002308	10041.182173
76.388000	0.002305	10041.046843
76.440000	0.002302	10040.911092
76.492000	0.002299	10040.770193
76.544000	0.002297	10040.629287
76.596000	0.002294	10040.488252
76.648000	0.002291	10040.345098
76.700000	0.002289	10040.193454
76.752000	0.002286	10040.040333
76.804000	0.002283	10039.883312
76.856000	0.002280	10039.724396
76.908000	0.002278	10039.561998
76.960000	0.002275	10039.399557
77.012000	0.002272	10039.237012
77.064000	0.002270	10039.069061
77.116000	0.002267	10038.895910
77.168000	0.002264	10038.716518
77.220000	0.002262	10038.532732
77.272000	0.002259	10038.348861
77.324000	0.002256	10038.164927
77.376000	0.002254	10037.977027
77.428000	0.002251	10037.787743
77.480000	0.002248	10037.589733
77.532000	0.002246	10037.389786
77.584000	0.002243	10037.185046
77.636000	0.002240	10036.979749
77.688000	0.002238	10036.764101
77.740000	0.002235	10036.548170
77.792000	0.002232	10036.332094
77.844000	0.002230	10036.113986
77.896000	0.002227	10035.882061
77.948000	0.002224	10035.650132
78.000000	0.002222	10035.418031
78.052000	0.002219	10035.182947
78.104000	0.002217	10034.940241
78.156000	0.002214	10034.693723
78.208000	0.002211	10034.440383
78.260000	0.002209	10034.182415
78.312000	0.002206	10033.918469
78.364000	0.002204	10033.654455
78.416000	0.002201	10033.390336
78.468000	0.002198	10033.116844
78.520000	0.002196	10032.836890
78.572000	0.002193	10032.553331
78.624000	0.002191	10032.267972
78.676000	0.002188	10031.970791
78.728000	0.002186	10031.669596
78.780000	0.002183	10031.363961
78.832000	0.002181	10031.057361
78.884000	0.002178	10030.745903
78.936000	0.002175	10030.433899
78.988000	0.002173	10030.106402
79.040000	0.002170	10029.777974
79.092000	0.002168	10029.439504
79.144000	0.002165	10029.099634
79.196000	0.002163	10028.750517
79.248000	0.002160	10028.400293
79.300000	0.002158	10028.045771
79.352000	0.002155	10027.686716
79.404000	0.002153	10027.316360
79.456000	0.002150	10026.940238
79.508000	0.002148	10026.554019
79.560000	0.002145	10026.165435
79.612000	0.002143	10025.773814
79.664000	0.002140	10025.373970
79.716000	0.002138	10024.966487
79.768000	0.002135	10024.552676
79.820000	0.002133	10024.134560
79.872000	0.002130	10023.709293
79.924000	0.002128	10023.280545
79.976000	0.002125	10022.839892
80.028000	0.002123	10022.395281
80.080000	0.002120	10021.937541
80.132000	0.002118	10021.477066
80.184000	0.002116	10021.006975
80.236000	0.002113	10020.535867
80.288000	0.002111	10020.049202
80.340000	0.002108	10019.561628
80.392000	0.002106	10019.064031
80.444000	0.002103	10018.563549
80.496000	0.002101	10018.044843
80.548000	0.002098	10017.523884
80.600000	0.002096	10016.994518
80.652000	0.002094	10016.460554
80.704000	0.002091	10015.915355
80.756000	0.002089	10015.362393
80.808000	0.002086	10014.796103
80.860000	0.002084	10014.225081
80.912000	0.002082	10013.648132
80.964000	0.002079	10013.062896
81.016000	0.002077	10012.470086
81.068000	0.002074	10011.864617
81.120000	0.002072	10011.250717
81.172000	0.002070	10010.626058
81.224000	0.002067	10009.996269
81.276000	0.002065	10009.354526
81.328000	0.002063	10008.708903
81.380000	0.002060	10008.045709
81.432000	0.002058	10007.378967
81.484000	0.002055	10006.697782
81.536000	0.002053	10006.015149
81.588000	0.002051	10005.311707
81.640000	0.002048	10004.606971
81.692000	0.002046	10003.887388
81.744000	0.002044	10003.164836
81.796000	0.002041	10002.424120
81.848000	0.002039	10001.677673
81.900000	0.002037	10000.910638
81.952000	0.002034	10000.140484
82.004000	0.002032	9999.362819
82.056000	0.002030	9998.575343
82.108000	0.002027	9997.771331
82.160000	0.002025	9996.957827
82.212000	0.002023	9996.132697
82.264000	0.002020	9995.296453
82.316000	0.002018	9994.450234
82.368000	0.002016	9993.588089
82.420000	0.002014	9992.715524
82.472000	0.002011	9991.828579
82.524000	0.002009	9990.934924
82.576000	0.002007	9990.025242
82.628000	0.002004	9989.110468
82.680000	0.002002	9988.178056
82.732000	0.002000	9987.242192
82.784000	0.001998	9986.282236
82.836000	0.001995	9985.319996
82.888000	0.001993	9984.331698
82.940000	0.001991	9983.341369
82.992000	0.001989	9982.326467
83.044000	0.001986	9981.308505
83.096000	0.001984	9980.272497
83.148000	0.001982	9979.230644
83.200000	0.001980	9978.168290
83.252000	0.001977	9977.098053
83.304000	0.001975	9976.009353
83.356000	0.001973	9974.908763
83.408000	0.001971	9973.788515
83.460000	0.001968	9972.656299
83.512000	0.001966	9971.509678
83.564000	0.001964	9970.351853
83.616000	0.001962	9969.184143
83.668000	0.001959	9967.994024
83.720000	0.001957	9966.789509
83.772000	0.001955	9965.570528
83.824000	0.001953	9964.344925
83.876000	0.001951	9963.091205
83.928000	0.001948	9961.828768
83.980000	0.001946	9960.544186
84.032000	0.001944	9959.255402
84.084000	0.001942	9957.937657
84.136000	0.001940	9956.617325
84.188000	0.001938	9955.270778
84.240000	0.001935	9953.921431
84.292000	0.001933	9952.537922
84.344000	0.001931	9951.150483
84.396000	0.001929	9949.740640
84.448000	0.001927	9948.322466
84.500000	0.001924	9946.875820
84.552000	0.001922	9945.419584
84.604000	0.001920	9943.941336
84.656000	0.001918	9942.449070
84.708000	0.001916	9940.934045
84.760000	0.001914	9939.404552
84.812000	0.001912	9937.857953
84.864000	0.001909	9936.294443
84.916000	0.001907	9934.716271
84.968000	0.001905	9933.115522
85.020000	0.001903	9931.500518
85.072000	0.001901	9929.860122
85.124000	0.001899	9928.208342
85.176000	0.001897	9926.528292
85.228000	0.001895	9924.839679
85.280000	0.001892	9923.119991
85.332000	0.001890	9921.394601
85.384000	0.001888	9919.640076
85.436000	0.001886	9917.883083
85.488000	0.001884	9916.084081
85.540000	0.001882	9914.281831
85.592000	0.001880	9912.440770
85.644000	0.001878	9910.594865
85.696000	0.001876	9908.722218
85.748000	0.001874	9906.839875
85.800000	0.001871	9904.925195
85.852000	0.001869	9902.997566
85.904000	0.001867	9901.040826
85.956000	0.001865	9899.069910
86.008000	0.001863	9897.076367
86.060000	0.001861	9895.063379
86.112000	0.001859	9893.027806
86.164000	0.001857	9890.969535
86.216000	0.001855	9888.891929
86.268000	0.001853	9886.785146
86.320000	0.001851	9884.660279
86.372000	0.001849	9882.509835
86.424000	0.001847	9880.348137
86.476000	0.001845	9878.153996
86.528000	0.001843	9875.950265
86.580000	0.001841	9873.706401
86.632000	0.001839	9871.455407
86.684000	0.001837	9869.165476
86.736000	0.001835	9866.872262
86.788000	0.001832	9864.531963
86.840000	0.001830	9862.188249
86.892000	0.001828	9859.805898
86.944000	0.001826	9857.416087
86.996000	0.001824	9854.986462
87.048000	0.001822	9852.545733
87.100000	0.001820	9850.068820
87.152000	0.001818	9847.577151
87.204000	0.001816	9845.052978
87.256000	0.001814	9842.512435
87.308000	0.001812	9839.946231
87.360000	0.001810	9837.355509
87.412000	0.001808	9834.736788
87.464000	0.001806	9832.089499
87.516000	0.001804	9829.418288
87.568000	0.001802	9826.720956
87.620000	0.001800	9824.007715
87.672000	0.001799	9821.257790
87.724000	0.001797	9818.492059
87.776000	0.001795	9815.685553
87.828000	0.001793	9812.867276
87.880000	0.001791	9810.008688
87.932000	0.001789	9807.143177
87.984000	0.001787	9804.223926
88.036000	0.001785	9801.300284
88.088000	0.001783	9798.329776
88.140000	0.001781	9795.354791
88.192000	0.001779	9792.331776
88.244000	0.001777	9789.300256
88.296000	0.001775	9786.224713
88.348000	0.001773	9783.136615
88.400000	0.001771	9780.008556
88.452000	0.001769	9776.863891
88.504000	0.001767	9773.683371
88.556000	0.001765	9770.480106
88.608000	0.001763	9767.241813
88.660000	0.001762	9763.976334
88.712000	0.001760	9760.680352
88.764000	0.001758	9757.355570
88.816000	0.001756	9754.007072
88.868000	0.001754	9750.625714
88.920000	0.001752	9747.224700
88.972000	0.001750	9743.779443
89.024000	0.001748	9740.315508
89.076000	0.001746	9736.810580
89.128000	0.001744	9733.294100
89.180000	0.001742	9729.728142
89.232000	0.001741	9726.153971
89.284000	0.001739	9722.525798
89.336000	0.001737	9718.893081
89.388000	0.001735	9715.198222
89.440000	0.001733	9711.498673
89.492000	0.001731	9707.751287
89.544000	0.001729	9703.993431
89.596000	0.001727	9700.183057
89.648000	0.001726	9696.357364
89.700000	0.001724	9692.484073
89.752000	0.001722	9688.592262
89.804000	0.001720	9684.661199
89.856000	0.001718	9680.707171
89.908000	0.001716	9676.718419
89.960000	0.001714	9672.699726
90.012000	0.001713	9668.647973
90.064000	0.001711	9664.561442
90.116000	0.001709	9660.446772
90.168000	0.001707	9656.292431
90.220000	0.001705	9652.114788
90.272000	0.001703	9647.892607
90.324000	0.001701	9643.651989
90.376000	0.001700	9639.366108
90.428000	0.001698	9635.067800
90.480000	0.001696	9630.710697
90.532000	0.001694	9626.344157
90.584000	0.001692	9621.918530
90.636000	0.001691	9617.487951
90.688000	0.001689	9612.990275
90.740000	0.001687	9608.487193
90.792000	0.001685	9603.931804
90.844000	0.001683	9599.364794
90.896000	0.001681	9594.741194
90.948000	0.001680	9590.100712
91.000000	0.001678	9585.408938
91.052000	0.001676	9580.696708
91.104000	0.001674	9575.941963
91.156000	0.001672	9571.161899
91.208000	0.001671	9566.344210
91.260000	0.001669	9561.491306
91.312000	0.001667	9556.600186
91.364000	0.001665	9551.674014
91.416000	0.001664	9546.719950
91.468000	0.001662	9541.722649
91.520000	0.001660	9536.700412
91.572000	0.001658	9531.629654
91.624000	0.001656	9526.539214
91.676000	0.001655	9521.395002
91.728000	0.001653	9516.236387
91.780000	0.001651	9511.018734
91.832000	0.001649	9505.791943
91.884000	0.001648	9500.500827
91.936000	0.001646	9495.204432
91.988000	0.001644	9489.841271
92.040000	0.001642	9484.471449
92.092000	0.001641	9479.040099
92.144000	0.001639	9473.595927
92.196000	0.001637	9468.091138
92.248000	0.001635	9462.569182
92.300000	0.001634	9456.996221
92.352000	0.001632	9451.400817
92.404000	0.001630	9445.759656
92.456000	0.001628	9440.088667
92.508000	0.001627	9434.374132
92.560000	0.001625	9428.626609
92.612000	0.001623	9422.843875
92.664000	0.001622	9417.019944
92.716000	0.001620	9411.163781
92.768000	0.001618	9405.264111
92.820000	0.001616	9399.339805
92.872000	0.001615	9393.362950
92.924000	0.001613	9387.365212
92.976000	0.001611	9381.309272
93.028000	0.001610	9375.238132
93.080000	0.001608	9369.107670
93.132000	0.001606	9362.968357
93.184000	0.001605	9356.759478
93.236000	0.001603	9350.544919
93.288000	0.001601	9344.258778
93.340000	0.001599	9337.965694
93.392000	0.001598	9331.611365
93.444000	0.001596	9325.242974
93.496000	0.001594	9318.810007
93.548000	0.001593	9312.359590
93.600000	0.001591	9305.858453
93.652000	0.001589	9299.332844
93.704000	0.001588	9292.758280
93.756000	0.001586	9286.153582
93.808000	0.001584	9279.505645
93.860000	0.001583	9272.821884
93.912000	0.001581	9266.100521
93.964000	0.001579	9259.340624
94.016000	0.001578	9252.551092
94.068000	0.001576	9245.711032
94.120000	0.001574	9238.842871
94.172000	0.001573	9231.921872
94.224000	0.001571	9224.980310
94.276000	0.001569	9217.980239
94.328000	0.001568	9210.965276
94.380000	0.001566	9203.886135
94.432000	0.001565	9196.797770
94.484000	0.001563	9189.639536
94.536000	0.001561	9182.475774
94.588000	0.001560	9175.245838
94.640000	0.001558	9168.007571
94.692000	0.001556	9160.698994
94.744000	0.001555	9153.376987
94.796000	0.001553	9145.995004
94.848000	0.001551	9138.593922
94.900000	0.001550	9131.138513
94.952000	0.001548	9123.658339
95.004000	0.001547	9116.129561
95.056000	0.001545	9108.570337
95.108000	0.001543	9100.968162
95.160000	0.001542	9093.329865
95.212000	0.001540	9085.654293
95.264000	0.001539	9077.933945
95.316000	0.001537	9070.179746
95.368000	0.001535	9062.381459
95.420000	0.001534	9054.559093
95.472000	0.001532	9046.683584
95.524000	0.001531	9038.787819
95.576000	0.001529	9030.833240
95.628000	0.001527	9022.864076
95.680000	0.001526	9014.830449
95.732000	0.001524	9006.787914
95.784000	0.001523	8998.675226
95.836000	0.001521	8990.556867
95.888000	0.001520	8982.367535
95.940000	0.001518	8974.170122
95.992000	0.001516	8965.907378
96.044000	0.001515	8957.630901
96.096000	0.001513	8949.294755
96.148000	0.001512	8940.939211
96.200000	0.001510	8932.529697
96.252000	0.001509	8924.096895
96.304000	0.001507	8915.619216
96.356000	0.001505	8907.110784
96.408000	0.001504	8898.559710
96.460000	0.001502	8889.972219
96.512000	0.001501	8881.347778
96.564000	0.001499	8872.681234
96.616000	0.001498	8863.983398
96.668000	0.001496	8855.237785
96.720000	0.001495	8846.466555
96.772000	0.001493	8837.645700
96.824000	0.001491	8828.806330
96.876000	0.001490	8819.907841
96.928000	0.001488	8810.995074
96.980000	0.001487	8802.022156
97.032000	0.001485	8793.041250
97.084000	0.001484	8783.989886
97.136000	0.001482	8774.933048
97.188000	0.001481	8765.810603
97.240000	0.001479	8756.679776
97.292000	0.001478	8747.483923
97.344000	0.001476	8738.275038
97.396000	0.001475	8729.011043
97.448000	0.001473	8719.728749
97.500000	0.001472	8710.396592
97.552000	0.001470	8701.039058
97.604000	0.001469	8691.633536
97.656000	0.001467	8682.201385
97.708000	0.001466	8672.732930
97.760000	0.001464	8663.227761
97.812000	0.001463	8653.685969
97.864000	0.001461	8644.104779
97.916000	0.001460	8634.494797
97.968000	0.001458	8624.840186
98.020000	0.001457	8615.162097
98.072000	0.001455	8605.434083
98.124000	0.001454	8595.687828
98.176000	0.001452	8585.886402
98.228000	0.001451	8576.072010
98.280000	0.001449	8566.201823
98.332000	0.001448	8556.324524
98.384000	0.001446	8546.376484
98.436000	0.001445	8536.423434
98.488000	0.001443	8526.415061
98.540000	0.001442	8516.398000
98.592000	0.001440	8506.316273
98.644000	0.001439	8496.222255
98.696000	0.001437	8486.077593
98.748000	0.001436	8475.915781
98.800000	0.001435	8465.708216
98.852000	0.001433	8455.478635
98.904000	0.001432	8445.208166
98.956000	0.001430	8434.908580
99.008000	0.001429	8424.569980
99.060000	0.001427	8414.199632
99.112000	0.001426	8403.798129
99.164000	0.001424	8393.360013
99.216000	0.001423	8382.895608
99.268000	0.001421	8372.389725
99.320000	0.001420	8361.862417
99.372000	0.001419	8351.292622
99.424000	0.001417	8340.707638
99.476000	0.001416	8330.067218
99.528000	0.001414	8319.414128
99.580000	0.001413	8308.709619
99.632000	0.001411	8297.998826
99.684000	0.001410	8287.232203
99.736000	0.001409	8276.460661
99.788000	0.001407	8265.624079
99.840000	0.001406	8254.781079
99.892000	0.001404	8243.892040
99.944000	0.001403	8232.990451
99.996000	0.001401	8222.038508
100.048000	0.001400	8211.072057
100.100000	0.001399	8200.067701
100.152000	0.001397	8189.041067
100.204000	0.001396	8177.973810
100.256000	0.001394	8166.881676
100.308000	0.001393	8155.756777
100.360000	0.001392	8144.605183
100.412000	0.001390	8133.427816
100.464000	0.001389	8122.213598
100.516000	0.001387	8110.973387
100.568000	0.001386	8099.701832
100.620000	0.001385	8088.414381
100.672000	0.001383	8077.080363
100.724000	0.001382	8065.730066
100.776000	0.001380	8054.341124
100.828000	0.001379	8042.943586
100.880000	0.001378	8031.494452
100.932000	0.001376	8020.039297
100.984000	0.001375	8008.533113
101.036000	0.001374	7997.022884
101.088000	0.001372	7985.462856
101.140000	0.001371	7973.896201
101.192000	0.001369	7962.283724
101.244000	0.001368	7950.661645
101.296000	0.001367	7939.001985
101.348000	0.001365	7927.327597
101.400000	0.001364	7915.615499
101.452000	0.001363	7903.884626
101.504000	0.001361	7892.120146
101.556000	0.001360	7880.335101
101.608000	0.001359	7868.523413
101.660000	0.001357	7856.687516
101.712000	0.001356	7844.828648
101.764000	0.001354	7832.938818
101.816000	0.001353	7821.027559
101.868000	0.001352	7809.088398
101.920000	0.001350	7797.135318
101.972000	0.001349	7785.147080
102.024000	0.001348	7773.146817
102.076000	0.001346	7761.107732
102.128000	0.001345	7749.060258
102.180000	0.001344	7736.975062
102.232000	0.001342	7724.885663
102.284000	0.001341	7712.750149
102.336000	0.001340	7700.611282
102.388000	0.001338	7688.432731
102.440000	0.001337	7676.248708
102.492000	0.001336	7664.028198
102.544000	0.001334	7651.798979
102.596000	0.001333	7639.536491
102.648000	0.001332	7627.260559
102.700000	0.001330	7614.950921
102.752000	0.001329	7602.629883
102.804000	0.001328	7590.288784
102.856000	0.001326	7577.926925
102.908000	0.001325	7565.538621
102.960000	0.001324	7553.131335
103.012000	0.001322	7540.706342
103.064000	0.001321	7528.259512
103.116000	0.001320	7515.797801
103.168000	0.001319	7503.311411
103.220000	0.001317	7490.812982
103.272000	0.001316	7478.283133
103.324000	0.001315	7465.742781
103.376000	0.001313	7453.176396
103.428000	0.001312	7440.604553
103.480000	0.001311	7427.999540
103.532000	0.001309	7415.391005
103.584000	0.001308	7402.746442
103.636000	0.001307	7390.099364
103.688000	0.001306	7377.422601
103.740000	0.001304	7364.741609
103.792000	0.001303	7352.033404
103.844000	0.001302	7339.317428
103.896000	0.001300	7326.572478
103.948000	0.001299	7313.818441
104.000000	0.001298	7301.042062
104.052000	0.001297	7288.256066
104.104000	0.001295	7275.453432
104.156000	0.001294	7262.636828
104.208000	0.001293	7249.802737
104.260000	0.001292	7236.952228
104.312000	0.001290	7224.086653
104.364000	0.001289	7211.205363
104.416000	0.001288	7198.313561
104.468000	0.001286	7185.404026
104.520000	0.001285	7172.486023
104.572000	0.001284	7159.544289
104.624000	0.001283	7146.594798
104.676000	0.001281	7133.627831
104.728000	0.001280	7120.657312
104.780000	0.001279	7107.658240
104.832000	0.001278	7094.656290
104.884000	0.001276	7081.633637
104.936000	0.001275	7068.609384
104.988000	0.001274	7055.565413
105.040000	0.001273	7042.517815
105.092000	0.001271	7029.447608
105.144000	0.001270	7016.372882
105.196000	0.001269	7003.281652
105.248000	0.001268	6990.184280
105.300000	0.001266	6977.072084
105.352000	0.001265	6963.952116
105.404000	0.001264	6950.818953
105.456000	0.001263	6937.676373
105.508000	0.001262	6924.522189
105.560000	0.001260	6911.356976
105.612000	0.001259	6898.181826
105.664000	0.001258	6884.997146
105.716000	0.001257	6871.806205
105.768000	0.001255	6858.604552
105.820000	0.001254	6845.397901
105.872000	0.001253	6832.179271
105.924000	0.001252	6818.956825
105.976000	0.001251	6805.716853
106.028000	0.001249	6792.473437
106.080000	0.001248	6779.220394
106.132000	0.001247	6765.966441
106.184000	0.001246	6752.696897
106.236000	0.001244	6739.426163
106.288000	0.001243	6726.140681
106.340000	0.001242	6712.853721
106.392000	0.001241	6699.557725
106.444000	0.001240	6686.259437
106.496000	0.001238	6672.952909
106.548000	0.001237	6659.641712
106.600000	0.001236	6646.319451
106.652000	0.001235	6632.995223
106.704000	0.001234	6619.667689
106.756000	0.001232	6606.333027
106.808000	0.001231	6592.989733
106.860000	0.001230	6579.643637
106.912000	0.001229	6566.295070
106.964000	0.001228	6552.940109
107.016000	0.001227	6539.581041
107.068000	0.001225	6526.218323
107.120000	0.001224	6512.853952
107.172000	0.001223	6499.485538
107.224000	0.001222	6486.115891
107.276000	0.001221	6472.737425
107.328000	0.001219	6459.357299
107.380000	0.001218	6445.977085
107.432000	0.001217	6432.596886
107.484000	0.001216	6419.211421
107.536000	0.001215	6405.825577
107.588000	0.001214	6392.434798
107.640000	0.001212	6379.043274
107.692000	0.001211	6365.647218
107.744000	0.001210	6352.251184
107.796000	0.001209	6338.855087
107.848000	0.001208	6325.459004
107.900000	0.001207	6312.062896
107.952000	0.001205	6298.664792
108.004000	0.001204	6285.263387
108.056000	0.001203	6271.864353
108.108000	0.001202	6258.468139
108.160000	0.001201	6245.069111
108.212000	0.001200	6231.667657
108.264000	0.001199	6218.269354
108.316000	0.001197	6204.873091
108.368000	0.001196	6191.480389
108.420000	0.001195	6178.089343
108.472000	0.001194	6164.694213
108.524000	0.001193	6151.297867
108.576000	0.001192	6137.910294
108.628000	0.001191	6124.524393
108.680000	0.001189	6111.138446
108.732000	0.001188	6097.752530
108.784000	0.001187	6084.371761
108.836000	0.001186	6070.991816
108.888000	0.001185	6057.621474
108.940000	0.001184	6044.251164
108.992000	0.001183	6030.880807
109.044000	0.001181	6017.512873
109.096000	0.001180	6004.152941
109.148000	0.001179	5990.794626
109.200000	0.001178	5977.439917
109.252000	0.001177	5964.089224
109.304000	0.001176	5950.744967
109.356000	0.001175	5937.403103
109.408000	0.001174	5924.064042
109.460000	0.001172	5910.733404
109.512000	0.001171	5897.410026
109.564000	0.001170	5884.089834
109.616000	0.001169	5870.771680
109.668000	0.001168	5857.460716
109.720000	0.001167	5844.152985
109.772000	0.001166	5830.857308
109.824000	0.001165	5817.565283
109.876000	0.001164	5804.282057
109.928000	0.001163	5791.000454
109.980000	0.001161	5777.728476
110.032000	0.001160	5764.457349
110.084000	0.001159	5751.201840
110.136000	0.001158	5737.947192
110.188000	0.001157	5724.702133
110.240000	0.001156	5711.460376
110.292000	0.001155	5698.236228
110.344000	0.001154	5685.014549
110.396000	0.001153	5671.800858
110.448000	0.001152	5658.592057
110.500000	0.001150	5645.394052
110.552000	0.001149	5632.202138
110.604000	0.001148	5619.019821
110.656000	0.001147	5605.847236
110.708000	0.001146	5592.685864
110.760000	0.001145	5579.532971
110.812000	0.001144	5566.387260
110.864000	0.001143	5553.251252
110.916000	0.001142	5540.121257
110.968000	0.001141	5527.005801
111.020000	0.001140	5513.896721
111.072000	0.001139	5500.799745
111.124000	0.001137	5487.706349
111.176000	0.001136	5474.635192
111.228000	0.001135	5461.567967
111.280000	0.001134	5448.515269
111.332000	0.001133	5435.463851
111.384000	0.001132	5422.433187
111.436000	0.001131	5409.404735
111.488000	0.001130	5396.400240
111.540000	0.001129	5383.398302
111.592000	0.001128	5370.409524
111.644000	0.001127	5357.426986
111.696000	0.001126	5344.464332
111.748000	0.001125	5331.508292
111.800000	0.001124	5318.566615
111.852000	0.001123	5305.635197
111.904000	0.001122	5292.719673
111.956000	0.001121	5279.813960
112.008000	0.001119	5266.919359
112.060000	0.001118	5254.039053
112.112000	0.001117	5241.170662
112.164000	0.001116	5228.315274
112.216000	0.001115	5215.467779
112.268000	0.001114	5202.642272
112.320000	0.001113	5189.826212
112.372000	0.001112	5177.026409
112.424000	0.001111	5164.231295
112.476000	0.001110	5151.462985
112.528000	0.001109	5138.699249
112.580000	0.001108	5125.955008
112.632000	0.001107	5113.212535
112.684000	0.001106	5100.501108
112.736000	0.001105	5087.792010
112.788000	0.001104	5075.106737
112.840000	0.001103	5062.426668
112.892000	0.001102	5049.772833
112.944000	0.001101	5037.125354
112.996000	0.001100	5024.497704
113.048000	0.001099	5011.878420
113.100000	0.001098	4999.276956
113.152000	0.001097	4986.690005
113.204000	0.001096	4974.125159
113.256000	0.001095	4961.570229
113.308000	0.001094	4949.026368
113.360000	0.001093	4936.502660
113.412000	0.001092	4923.995446
113.464000	0.001091	4911.507917
113.516000	0.001090	4899.032121
113.568000	0.001089	4886.574740
113.620000	0.001088	4874.125126
113.672000	0.001087	4861.704152
113.724000	0.001086	4849.291207
113.776000	0.001085	4836.900702
113.828000	0.001084	4824.513912
113.880000	0.001083	4812.161427
113.932000	0.001082	4799.811752
113.984000	0.001081	4787.493020
114.036000	0.001080	4775.177211
114.088000	0.001079	4762.889872
114.140000	0.001078	4750.608754
114.192000	0.001077	4738.358089
114.244000	0.001076	4726.115182
114.296000	0.001075	4713.895967
114.348000	0.001074	4701.686914
114.400000	0.001073	4689.499093
114.452000	0.001072	4677.325960
114.504000	0.001071	4665.174847
114.556000	0.001070	4653.041215
114.608000	0.001069	4640.926727
114.660000	0.001068	4628.829666
114.712000	0.001067	4616.746658
114.764000	0.001066	4604.686772
114.816000	0.001065	4592.640418
114.868000	0.001064	4580.620009
114.920000	0.001063	4568.610303
114.972000	0.001062	4556.629390
115.024000	0.001061	4544.656359
115.076000	0.001060	4532.714955
115.128000	0.001059	4520.778601
115.180000	0.001058	4508.871762
115.232000	0.001057	4496.967595
115.284000	0.001056	4485.104534
115.336000	0.001055	4473.245034
115.388000	0.001054	4461.418632
115.440000	0.001053	4449.598608
115.492000	0.001052	4437.808862
115.544000	0.001051	4426.028317
115.596000	0.001050	4414.275285
115.648000	0.001049	4402.534265
115.700000	0.001048	4390.817892
115.752000	0.001047	4379.118476
115.804000	0.001046	4367.444048
115.856000	0.001045	4355.787263
115.908000	0.001044	4344.149495
115.960000	0.001043	4332.532198
116.012000	0.001042	4320.931119
116.064000	0.001041	4309.356655
116.116000	0.001041	4297.797495
116.168000	0.001040	4286.264449
116.220000	0.001039	4274.741971
116.272000	0.001038	4263.252575
116.324000	0.001037	4251.772010
116.376000	0.001036	4240.323245
116.428000	0.001035	4228.879390
116.480000	0.001034	4217.475070
116.532000	0.001033	4206.073926
116.584000	0.001032	4194.708580
116.636000	0.001031	4183.347470
116.688000	0.001030	4172.024071
116.740000	0.001029	4160.708133
116.792000	0.001028	4149.426657
116.844000	0.001027	4138.154534
116.896000	0.001026	4126.909752
116.948000	0.001025	4115.680609
117.000000	0.001025	4104.482980
117.052000	0.001024	4093.300341
117.104000	0.001023	4082.139408
117.156000	0.001022	4070.998832
117.208000	0.001021	4059.879853
117.260000	0.001020	4048.784442
117.312000	0.001019	4037.707389
117.364000	0.001018	4026.653791
117.416000	0.001017	4015.613463
117.468000	0.001016	4004.606908
117.520000	0.001015	3993.613729
117.572000	0.001014	3982.649651
117.624000	0.001013	3971.693162
117.676000	0.001012	3960.777751
117.728000	0.001012	3949.868440
117.780000	0.001011	3938.998863
117.832000	0.001010	3928.132451
117.884000	0.001009	3917.301687
117.936000	0.001008	3906.475882
117.988000	0.001007	3895.692330
118.040000	0.001006	3884.916417
118.092000	0.001005	3874.174770
118.144000	0.001004	3863.442639
118.196000	0.001003	3852.737750
118.248000	0.001002	3842.048698
118.300000	0.001002	3831.390971
118.352000	0.001001	3820.752706
118.404000	0.001000	3810.142143
118.456000	0.000999	3799.549549
118.508000	0.000998	3788.975719
118.560000	0.000997	3778.425644
118.612000	0.000996	3767.893776
118.664000	0.000995	3757.392258
118.716000	0.000994	3746.907583
118.768000	0.000993	3736.453103
118.820000	0.000993	3726.010355
118.872000	0.000992	3715.601060
118.924000	0.000991	3705.200268
118.976000	0.000990	3694.836170
119.028000	0.000989	3684.477335
119.080000	0.000988	3674.163421
119.132000	0.000987	3663.853064
119.184000	0.000986	3653.583275
119.236000	0.000985	3643.318080
119.288000	0.000985	3633.090256
119.340000	0.000984	3622.871222
119.392000	0.000983	3612.690624
119.444000	0.000982	3602.519691
119.496000	0.000981	3592.375804
119.548000	0.000980	3582.249737
119.600000	0.000979	3572.158280
119.652000	0.000978	3562.082128
119.704000	0.000978	3552.027412
119.756000	0.000977	3541.995990
119.808000	0.000976	3531.988475
119.860000	0.000975	3522.004892
119.912000	0.000974	3512.039350
119.964000	0.000973	3502.100962
120.016000	0.000972	3492.177392
120.068000	0.000971	3482.288006
120.120000	0.000971	3472.411630
120.172000	0.000970	3462.568882
120.224000	0.000969	3452.734471
120.276000	0.000968	3442.941556
120.328000	0.000967	3433.154368
120.380000	0.000966	3423.407269
120.432000	0.000965	3413.663486
120.484000	0.000965	3403.960150
120.536000	0.000964	3394.262180
120.588000	0.000963	3384.606054
120.640000	0.000962	3374.957926
120.692000	0.000961	3365.343779
120.744000	0.000960	3355.740852
120.796000	0.000959	3346.168684
120.848000	0.000959	3336.612757
120.900000	0.000958	3327.087799
120.952000	0.000957	3317.580512
121.004000	0.000956	3308.097563
121.056000	0.000955	3298.638105
121.108000	0.000954	3289.202368
121.160000	0.000953	3279.790736
121.212000	0.000953	3270.396982
121.264000	0.000952	3261.030571
121.316000	0.000951	3251.678826
121.368000	0.000950	3242.361463
121.420000	0.000949	3233.056922
121.472000	0.000948	3223.786186
121.524000	0.000948	3214.523620
121.576000	0.000947	3205.298122
121.628000	0.000946	3196.077559
121.680000	0.000945	3186.902318
121.732000	0.000944	3177.730601
121.784000	0.000943	3168.599163
121.836000	0.000942	3159.472683
121.888000	0.000942	3150.383236
121.940000	0.000941	3141.302978
121.992000	0.000940	3132.260750
122.044000	0.000939	3123.229924
122.096000	0.000938	3114.229714
122.148000	0.000938	3105.244130
122.200000	0.000937	3096.285939
122.252000	0.000936	3087.347813
122.304000	0.000935	3078.436844
122.356000	0.000934	3069.546947
122.408000	0.000933	3060.677999
122.460000	0.000933	3051.833333
122.512000	0.000932	3043.006380
122.564000	0.000931	3034.206945
122.616000	0.000930	3025.422013
122.668000	0.000929	3016.671659
122.720000	0.000928	3007.933941
122.772000	0.000928	2999.230223
122.824000	0.000927	2990.534519
122.876000	0.000926	2981.876060
122.928000	0.000925	2973.222370
122.980000	0.000924	2964.614224
123.032000	0.000924	2956.009365
123.084000	0.000923	2947.439589
123.136000	0.000922	2938.875578
123.188000	0.000921	2930.353059
123.240000	0.000920	2921.838896
123.292000	0.000920	2913.358379
123.344000	0.000919	2904.889442
123.396000	0.000918	2896.450955
123.448000	0.000917	2888.029119
123.500000	0.000916	2879.637920
123.552000	0.000915	2871.262484
123.604000	0.000915	2862.908033
123.656000	0.000914	2854.577489
123.708000	0.000913	2846.270329
123.760000	0.000912	2837.987638
123.812000	0.000911	2829.722512
123.864000	0.000911	2821.481608
123.916000	0.000910	2813.253257
123.968000	0.000909	2805.059700
124.020000	0.000908	2796.878603
124.072000	0.000908	2788.731684
124.124000	0.000907	2780.592612
124.176000	0.000906	2772.490965
124.228000	0.000905	2764.393919
124.280000	0.000904	2756.337545
124.332000	0.000904	2748.284515
124.384000	0.000903	2740.271426
124.436000	0.000902	2732.263657
124.488000	0.000901	2724.292611
124.540000	0.000900	2716.330104
124.592000	0.000900	2708.401101
124.644000	0.000899	2700.483854
124.696000	0.000898	2692.596867
124.748000	0.000897	2684.723003
124.800000	0.000897	2676.872859
124.852000	0.000896	2669.043185
124.904000	0.000895	2661.240317
124.956000	0.000894	2653.456199
125.008000	0.000893	2645.690148
125.060000	0.000893	2637.951805
125.112000	0.000892	2630.233004
125.164000	0.000891	2622.538607
125.216000	0.000890	2614.856649
125.268000	0.000890	2607.205799
125.320000	0.000889	2599.565879
125.372000	0.000888	2591.960313
125.424000	0.000887	2584.362431
125.476000	0.000886	2576.797459
125.528000	0.000886	2569.236387
125.580000	0.000885	2561.721283
125.632000	0.000884	2554.209401
125.684000	0.000883	2546.732306
125.736000	0.000883	2539.260036
125.788000	0.000882	2531.819767
125.840000	0.000881	2524.389297
125.892000	0.000880	2516.996343
125.944000	0.000880	2509.613846
125.996000	0.000879	2502.257720
126.048000	0.000878	2494.914867
126.100000	0.000877	2487.595572
126.152000	0.000877	2480.294655
126.204000	0.000876	2473.017420
126.256000	0.000875	2465.761795
126.308000	0.000874	2458.526649
126.360000	0.000874	2451.316310
126.412000	0.000873	2444.123200
126.464000	0.000872	2436.954648
126.516000	0.000871	2429.798395
126.568000	0.000870	2422.669537
126.620000	0.000870	2415.550133
126.672000	0.000869	2408.465243
126.724000	0.000868	2401.387864
126.776000	0.000868	2394.343574
126.828000	0.000867	2387.303047
126.880000	0.000866	2380.303550
126.932000	0.000865	2373.307123
126.984000	0.000865	2366.345363
127.036000	0.000864	2359.388590
127.088000	0.000863	2352.463702
127.140000	0.000862	2345.547713
127.192000	0.000862	2338.664898
127.244000	0.000861	2331.792698
127.296000	0.000860	2324.946727
127.348000	0.000859	2318.116101
127.400000	0.000859	2311.312233
127.452000	0.000858	2304.524611
127.504000	0.000857	2297.757591
127.556000	0.000856	2291.006926
127.608000	0.000856	2284.271552
127.660000	0.000855	2277.564293
127.712000	0.000854	2270.876229
127.764000	0.000853	2264.209338
127.816000	0.000853	2257.552888
127.868000	0.000852	2250.923989
127.920000	0.000851	2244.304405
127.972000	0.000851	2237.719531
128.024000	0.000850	2231.142015
128.076000	0.000849	2224.597724
128.128000	0.000848	2218.057047
128.180000	0.000848	2211.547326
128.232000	0.000847	2205.040800
128.284000	0.000846	2198.573738
128.336000	0.000845	2192.111825
128.388000	0.000845	2185.681626
128.440000	0.000844	2179.259387
128.492000	0.000843	2172.866049
128.544000	0.000843	2166.481963
128.596000	0.000842	2160.120285
128.648000	0.000841	2153.774130
128.700000	0.000840	2147.454573
128.752000	0.000840	2141.151417
128.804000	0.000839	2134.868725
128.856000	0.000838	2128.602511
128.908000	0.000838	2122.351455
128.960000	0.000837	2116.122442
129.012000	0.000836	2109.908282
129.064000	0.000835	2103.718988
129.116000	0.000835	2097.541717
129.168000	0.000834	2091.392136
129.220000	0.000833	2085.251720
129.272000	0.000833	2079.141859
129.324000	0.000832	2073.038326
129.376000	0.000831	2066.963419
129.428000	0.000831	2060.891513
129.480000	0.000830	2054.855862
129.532000	0.000829	2048.823193
129.584000	0.000828	2042.824928
129.636000	0.000828	2036.831234
129.688000	0.000827	2030.864621
129.740000	0.000826	2024.906131
129.792000	0.000826	2018.976426
129.844000	0.000825	2013.057653
129.896000	0.000824	2007.164829
129.948000	0.000824	2001.283806
130.000000	0.000823	1995.422663
130.052000	0.000822	1989.575722
130.104000	0.000821	1983.746234
130.156000	0.000821	1977.936138
130.208000	0.000820	1972.143592
130.260000	0.000819	1966.373228
130.312000	0.000819	1960.617569
130.364000	0.000818	1954.883348
130.416000	0.000817	1949.159340
130.468000	0.000817	1943.459239
130.520000	0.000816	1937.766929
130.572000	0.000815	1932.105294
130.624000	0.000815	1926.449831
130.676000	0.000814	1920.823174
130.728000	0.000813	1915.199413
130.780000	0.000812	1909.606860
130.832000	0.000812	1904.016892
130.884000	0.000811	1898.456338
130.936000	0.000810	1892.901260
130.988000	0.000810	1887.377584
131.040000	0.000809	1881.861028
131.092000	0.000808	1876.369078
131.144000	0.000808	1870.888221
131.196000	0.000807	1865.433174
131.248000	0.000806	1859.988090
131.300000	0.000806	1854.559516
131.352000	0.000805	1849.147665
131.404000	0.000804	1843.756024
131.456000	0.000804	1838.378346
131.508000	0.000803	1833.013154
131.560000	0.000802	1827.670311
131.612000	0.000802	1822.342057
131.664000	0.000801	1817.035387
131.716000	0.000800	1811.738830
131.768000	0.000800	1806.462306
131.820000	0.000799	1801.192211
131.872000	0.000798	1795.952967
131.924000	0.000798	1790.719768
131.976000	0.000797	1785.515512
132.028000	0.000796	1780.314035
132.080000	0.000796	1775.138701
132.132000	0.000795	1769.966319
132.184000	0.000794	1764.828056
132.236000	0.000794	1759.693863
132.288000	0.000793	1754.582066
132.340000	0.000792	1749.477530
132.392000	0.000792	1744.397483
132.444000	0.000791	1739.327097
132.496000	0.000790	1734.278746
132.548000	0.000790	1729.242469
132.600000	0.000789	1724.225844
132.652000	0.000788	1719.221302
132.704000	0.000788	1714.231175
132.756000	0.000787	1709.260740
132.808000	0.000786	1704.307573
132.860000	0.000786	1699.367288
132.912000	0.000785	1694.435393
132.964000	0.000784	1689.528812
133.016000	0.000784	1684.633839
133.068000	0.000783	1679.759012
133.120000	0.000782	1674.890523
133.172000	0.000782	1670.048665
133.224000	0.000781	1665.211921
133.276000	0.000780	1660.399394
133.328000	0.000780	1655.589110
133.380000	0.000779	1650.810315
133.432000	0.000779	1646.033729
133.484000	0.000778	1641.281491
133.536000	0.000777	1636.534250
133.588000	0.000777	1631.813762
133.640000	0.000776	1627.099463
133.692000	0.000775	1622.405465
133.744000	0.000775	1617.721277
133.796000	0.000774	1613.059057
133.848000	0.000773	1608.407024
133.900000	0.000773	1603.771298
133.952000	0.000772	1599.150190
134.004000	0.000771	1594.546218
134.056000	0.000771	1589.953620
134.108000	0.000770	1585.370945
134.160000	0.000770	1580.807698
134.212000	0.000769	1576.256782
134.264000	0.000768	1571.727716
134.316000	0.000768	1567.208544
134.368000	0.000767	1562.705594
134.420000	0.000766	1558.207702
134.472000	0.000766	1553.736538
134.524000	0.000765	1549.270360
134.576000	0.000764	1544.828560
134.628000	0.000764	1540.389018
134.680000	0.000763	1535.975667
134.732000	0.000763	1531.564633
134.784000	0.000762	1527.177851
134.836000	0.000761	1522.796313
134.888000	0.000761	1518.441429
134.940000	0.000760	1514.091626
134.992000	0.000759	1509.758059
135.044000	0.000759	1505.434442
135.096000	0.000758	1501.132680
135.148000	0.000758	1496.839184
135.200000	0.000757	1492.558716
135.252000	0.000756	1488.293002
135.304000	0.000756	1484.044316
135.356000	0.000755	1479.807095
135.408000	0.000754	1475.579735
135.460000	0.000754	1471.371936
135.512000	0.000753	1467.176364
135.564000	0.000753	1462.995467
135.616000	0.000752	1458.821206
135.668000	0.000751	1454.667302
135.720000	0.000751	1450.519551
135.772000	0.000750	1446.394243
135.824000	0.000750	1442.273060
135.876000	0.000749	1438.176351
135.928000	0.000748	1434.081912
135.980000	0.000748	1430.013593
136.032000	0.000747	1425.947274
136.084000	0.000746	1421.900275
136.136000	0.000746	1417.857711
136.188000	0.000745	1413.837315
136.240000	0.000745	1409.823352
136.292000	0.000744	1405.829533
136.344000	0.000743	1401.844140
136.396000	0.000743	1397.876873
136.448000	0.000742	1393.917981
136.500000	0.000742	1389.972095
136.552000	0.000741	1386.038626
136.604000	0.000740	1382.119296
136.656000	0.000740	1378.211534
136.708000	0.000739	1374.313591
136.760000	0.000739	1370.435327
136.812000	0.000738	1366.569177
136.864000	0.000737	1362.714130
136.916000	0.000737	1358.864118
136.968000	0.000736	1355.034577
137.020000	0.000736	1351.211105
137.072000	0.000735	1347.410175
137.124000	0.000734	1343.613274
137.176000	0.000734	1339.836101
137.228000	0.000733	1336.060884
137.280000	0.000733	1332.311666
137.332000	0.000732	1328.564550
137.384000	0.000731	1324.836734
137.436000	0.000731	1321.112611
137.488000	0.000730	1317.406151
137.540000	0.000730	1313.706246
137.592000	0.000729	1310.026398
137.644000	0.000728	1306.353427
137.696000	0.000728	1302.694991
137.748000	0.000727	1299.045013
137.800000	0.000727	1295.407937
137.852000	0.000726	1291.783403
137.904000	0.000725	1288.172948
137.956000	0.000725	1284.574139
138.008000	0.000724	1280.985078
138.060000	0.000724	1277.409267
138.112000	0.000723	1273.841630
138.164000	0.000723	1270.292530
138.216000	0.000722	1266.751469
138.268000	0.000721	1263.226909
138.320000	0.000721	1259.707220
138.372000	0.000720	1256.201198
138.424000	0.000720	1252.697683
138.476000	0.000719	1249.218860
138.528000	0.000718	1245.742345
138.580000	0.000718	1242.291760
138.632000	0.000717	1238.842899
138.684000	0.000717	1235.408501
138.736000	0.000716	1231.977901
138.788000	0.000716	1228.564951
138.840000	0.000715	1225.157381
138.892000	0.000714	1221.765823
138.944000	0.000714	1218.382938
138.996000	0.000713	1215.018033
139.048000	0.000713	1211.659585
139.100000	0.000712	1208.310878
139.152000	0.000712	1204.972329
139.204000	0.000711	1201.645079
139.256000	0.000710	1198.332468
139.308000	0.000710	1195.031854
139.360000	0.000709	1191.741249
139.412000	0.000709	1188.456842
139.464000	0.000708	1185.187395
139.516000	0.000708	1181.924425
139.568000	0.000707	1178.678033
139.620000	0.000706	1175.436445
139.672000	0.000706	1172.213108
139.724000	0.000705	1168.992933
139.776000	0.000705	1165.787733
139.828000	0.000704	1162.584275
139.880000	0.000704	1159.406678
139.932000	0.000703	1156.230896
139.984000	0.000702	1153.069506
140.036000	0.000702	1149.912017
140.088000	0.000701	1146.772087
140.140000	0.000701	1143.637647
140.192000	0.000700	1140.519207
140.244000	0.000700	1137.407835
140.296000	0.000699	1134.310834
140.348000	0.000699	1131.220366
140.400000	0.000698	1128.139605
140.452000	0.000697	1125.069089
140.504000	0.000697	1122.009801
140.556000	0.000696	1118.959422
140.608000	0.000696	1115.916410
140.660000	0.000695	1112.886799
140.712000	0.000695	1109.865240
140.764000	0.000694	1106.858717
140.816000	0.000694	1103.858607
140.868000	0.000693	1100.871062
140.920000	0.000692	1097.887202
140.972000	0.000692	1094.921672
141.024000	0.000691	1091.959240
141.076000	0.000691	1089.016816
141.128000	0.000690	1086.076226
141.180000	0.000690	1083.151179
141.232000	0.000689	1080.228033
141.284000	0.000689	1077.319289
141.336000	0.000688	1074.414556
141.388000	0.000687	1071.527293
141.440000	0.000687	1068.644282
141.492000	0.000686	1065.773299
141.544000	0.000686	1062.909491
141.596000	0.000685	1060.060022
141.648000	0.000685	1057.217815
141.700000	0.000684	1054.386230
141.752000	0.000684	1051.563190
141.804000	0.000683	1048.749439
141.856000	0.000683	1045.945837
141.908000	0.000682	1043.150474
141.960000	0.000681	1040.366265
142.012000	0.000681	1037.588770
142.064000	0.000680	1034.823769
142.116000	0.000680	1032.064108
142.168000	0.000679	1029.318735
142.220000	0.000679	1026.577434
142.272000	0.000678	1023.850948
142.324000	0.000678	1021.126993
142.376000	0.000677	1018.419646
142.428000	0.000677	1015.714002
142.480000	0.000676	1013.025382
142.532000	0.000676	1010.338809
142.584000	0.000675	1007.667039
142.636000	0.000674	1004.998720
142.688000	0.000674	1002.344848
142.740000	0.000673	999.695587
142.792000	0.000673	997.059094
142.844000	0.000672	994.428291
142.896000	0.000672	991.808658
142.948000	0.000671	989.195930
143.000000	0.000671	986.593161
143.052000	0.000670	983.998770
143.104000	0.000670	981.413393
143.156000	0.000669	978.837351
143.208000	0.000669	976.268848
143.260000	0.000668	973.710899
143.312000	0.000668	971.159269
143.364000	0.000667	968.619077
143.416000	0.000667	966.083764
143.468000	0.000666	963.561549
143.520000	0.000665	961.043051
143.572000	0.000665	958.538534
143.624000	0.000664	956.036389
143.676000	0.000664	953.549465
143.728000	0.000663	951.064180
143.780000	0.000663	948.594857
143.832000	0.000662	946.127508
143.884000	0.000662	943.673497
143.936000	0.000661	941.222840
143.988000	0.000661	938.785766
144.040000	0.000660	936.352838
144.092000	0.000660	933.931081
144.144000	0.000659	931.514928
144.196000	0.000659	929.109595
144.248000	0.000658	926.710803
144.300000	0.000658	924.321320
144.352000	0.000657	921.939526
144.404000	0.000657	919.565954
144.456000	0.000656	917.200878
144.508000	0.000656	914.842643
144.560000	0.000655	912.494013
144.612000	0.000655	910.151141
144.664000	0.000654	907.819399
144.716000	0.000654	905.492377
144.768000	0.000653	903.177307
144.820000	0.000653	900.865645
144.872000	0.000652	898.567081
144.924000	0.000652	896.270727
144.976000	0.000651	893.988177
145.028000	0.000650	891.707183
145.080000	0.000650	889.440599
145.132000	0.000649	887.176082
145.184000	0.000649	884.924901
145.236000	0.000648	882.676668
145.288000	0.000648	880.439818
145.340000	0.000647	878.207207
145.392000	0.000647	875.985795
145.444000	0.000646	873.769342
145.496000	0.000646	871.562300
145.548000	0.000645	869.361435
145.600000	0.000645	867.169262
145.652000	0.000644	864.984330
145.704000	0.000644	862.807089
145.756000	0.000643	860.637505
145.808000	0.000643	858.474100
145.860000	0.000642	856.320024
145.912000	0.000642	854.171523
145.964000	0.000641	852.033074
146.016000	0.000641	849.898918
146.068000	0.000640	847.775942
146.120000	0.000640	845.656164
146.172000	0.000639	843.548637
146.224000	0.000639	841.443186
146.276000	0.000638	839.350590
146.328000	0.000638	837.259487
146.380000	0.000637	835.181282
146.432000	0.000637	833.105059
146.484000	0.000636	831.040763
146.536000	0.000636	828.979502
146.588000	0.000635	826.929608
146.640000	0.000635	824.883470
146.692000	0.000634	822.846995
146.744000	0.000634	820.815368
146.796000	0.000634	818.792784
146.848000	0.000633	816.776015
146.900000	0.000633	814.767357
146.952000	0.000632	812.765218
147.004000	0.000632	810.769996
147.056000	0.000631	808.782189
147.108000	0.000631	806.800356
147.160000	0.000630	804.826867
147.212000	0.000630	802.858413
147.264000	0.000629	800.899324
147.316000	0.000629	798.944267
147.368000	0.000628	796.999593
147.420000	0.000628	795.057912
147.472000	0.000627	793.127627
147.524000	0.000627	791.199300
147.576000	0.000626	789.282919
147.628000	0.000626	787.368000
147.680000	0.000625	785.464961
147.732000	0.000625	783.563869
147.784000	0.000624	781.673743
147.836000	0.000624	779.786535
147.888000	0.000623	777.909845
147.940000	0.000623	776.036704
147.992000	0.000622	774.172468
148.044000	0.000622	772.312794
148.096000	0.000621	770.461512
148.148000	0.000621	768.615659
148.200000	0.000620	766.777311
148.252000	0.000620	764.945006
148.304000	0.000619	763.119105
148.356000	0.000619	761.300076
148.408000	0.000619	759.486629
148.460000	0.000618	757.681251
148.512000	0.000618	755.880766
148.564000	0.000617	754.088533
148.616000	0.000617	752.299928
148.668000	0.000616	750.520902
148.720000	0.000616	748.744679
148.772000	0.000615	746.979034
148.824000	0.000615	745.215255
148.876000	0.000614	743.462971
148.928000	0.000614	741.712130
148.980000	0.000613	739.972135
149.032000	0.000613	738.234047
149.084000	0.000612	736.506033
149.136000	0.000612	734.780815
149.188000	0.000611	733.065281
149.240000	0.000611	731.353082
149.292000	0.000611	729.649045
149.344000	0.000610	727.949455
149.396000	0.000610	726.257913
149.448000	0.000609	724.571194
149.500000	0.000609	722.891137
149.552000	0.000608	721.216916
149.604000	0.000608	719.548875
149.656000	0.000607	717.887132
149.708000	0.000607	716.230564
149.760000	0.000606	714.581441
149.812000	0.000606	712.936906
149.864000	0.000605	711.299885
149.916000	0.000605	709.666245
149.968000	0.000604	708.041841
150.020000	0.000604	706.420176
150.072000	0.000604	704.808204
150.124000	0.000603	703.197998
150.176000	0.000603	701.598351
150.228000	0.000602	700.000146
150.280000	0.000602	698.412314
150.332000	0.000601	696.826351
150.384000	0.000601	695.249528
150.436000	0.000600	693.675265
150.488000	0.000600	692.109452
150.540000	0.000599	690.547055
150.592000	0.000599	688.992840
150.644000	0.000599	687.442581
150.696000	0.000598	685.899394
150.748000	0.000598	684.360866
150.800000	0.000597	682.828743
150.852000	0.000597	681.301977
150.904000	0.000596	679.780927
150.956000	0.000596	678.265930
151.008000	0.000595	676.755963
151.060000	0.000595	675.252762
151.112000	0.000594	673.753825
151.164000	0.000594	672.262084
151.216000	0.000594	670.773644
151.268000	0.000593	669.293646
151.320000	0.000593	667.816236
151.372000	0.000592	666.347627
151.424000	0.000592	664.880703
151.476000	0.000591	663.423953
151.528000	0.000591	661.968615
151.580000	0.000590	660.522126
151.632000	0.000590	659.077597
151.684000	0.000589	657.642222
151.736000	0.000589	656.209279
151.788000	0.000589	654.784035
151.840000	0.000588	653.361980
151.892000	0.000588	651.947345
151.944000	0.000587	650.536553
151.996000	0.000587	649.132564
152.048000	0.000586	647.733060
152.100000	0.000586	646.339699
152.152000	0.000585	644.950935
152.204000	0.000585	643.567194
152.256000	0.000585	642.189555
152.308000	0.000584	640.817014
152.360000	0.000584	639.450242
152.412000	0.000583	638.087298
152.464000	0.000583	636.731590
152.516000	0.000582	635.379227
152.568000	0.000582	634.034069
152.620000	0.000582	632.691276
152.672000	0.000581	631.357381
152.724000	0.000581	630.025215
152.776000	0.000580	628.701716
152.828000	0.000580	627.379662
152.880000	0.000579	626.066498
152.932000	0.000579	624.755180
152.984000	0.000578	623.451714
153.036000	0.000578	622.150766
153.088000	0.000578	620.857501
153.140000	0.000577	619.567204
153.192000	0.000577	618.283655
153.244000	0.000576	617.003830
153.296000	0.000576	615.730530
153.348000	0.000575	614.461079
153.400000	0.000575	613.196966
153.452000	0.000575	611.937779
153.504000	0.000574	610.683938
153.556000	0.000574	609.434990
153.608000	0.000573	608.190387
153.660000	0.000573	606.951940
153.712000	0.000572	605.717551
153.764000	0.000572	604.489287
153.816000	0.000572	603.264061
153.868000	0.000571	602.046086
153.920000	0.000571	600.830528
153.972000	0.000570	599.622536
154.024000	0.000570	598.416188
154.076000	0.000569	597.218568
154.128000	0.000569	596.022399
154.180000	0.000569	594.834191
154.232000	0.000568	593.647858
154.284000	0.000568	592.468938
154.336000	0.000567	591.292515
154.388000	0.000567	590.123410
154.440000	0.000566	588.957052
154.492000	0.000566	587.796786
154.544000	0.000566	586.640118
154.596000	0.000565	585.489693
154.648000	0.000565	584.342941
154.700000	0.000564	583.201322
154.752000	0.000564	582.064131
154.804000	0.000564	580.931883
154.856000	0.000563	579.804569
154.908000	0.000563	578.681704
154.960000	0.000562	577.563969
155.012000	0.000562	576.449885
155.064000	0.000561	575.341980
155.116000	0.000561	574.237196
155.168000	0.000561	573.138853
155.220000	0.000560	572.042829
155.272000	0.000560	570.953948
155.324000	0.000559	569.866724
155.376000	0.000559	568.787846
155.428000	0.000559	567.710433
155.480000	0.000558	566.639991
155.532000	0.000558	565.571530
155.584000	0.000557	564.510553
155.636000	0.000557	563.451939
155.688000	0.000556	562.399887
155.740000	0.000556	561.350505
155.792000	0.000556	560.306898
155.844000	0.000555	559.266578
155.896000	0.000555	558.231951
155.948000	0.000554	557.201062
156.000000	0.000554	556.175402
156.052000	0.000554	555.153934
156.104000	0.000553	554.137254
156.156000	0.000553	553.124913
156.208000	0.000552	552.116733
156.260000	0.000552	551.113381
156.312000	0.000552	550.113637
156.364000	0.000551	549.119713
156.416000	0.000551	548.128872
156.468000	0.000550	547.144120
156.520000	0.000550	546.161698
156.572000	0.000549	545.185998
156.624000	0.000549	544.211982
156.676000	0.000549	543.245363
156.728000	0.000548	542.280298
156.780000	0.000548	541.322251
156.832000	0.000547	540.366142
156.884000	0.000547	539.416685
156.936000	0.000547	538.469574
156.988000	0.000546	537.528693
157.040000	0.000546	536.590410
157.092000	0.000545	535.657624
157.144000	0.000545	534.727998
157.196000	0.000545	533.803819
157.248000	0.000544	532.883211
157.300000	0.000544	531.967681
157.352000	0.000543	531.055835
157.404000	0.000543	530.148419
157.456000	0.000543	529.245380
157.508000	0.000542	528.346645
157.560000	0.000542	527.452402
157.612000	0.000541	526.561720
157.664000	0.000541	525.676129
157.716000	0.000541	524.793502
157.768000	0.000540	523.916572
157.820000	0.000540	523.041986
157.872000	0.000539	522.174228
157.924000	0.000539	521.308257
157.976000	0.000539	520.449219
158.028000	0.000538	519.591762
158.080000	0.000538	518.740441
158.132000	0.000537	517.891099
158.184000	0.000537	517.048011
158.236000	0.000537	516.207256
158.288000	0.000536	515.372441
158.340000	0.000536	514.540312
158.392000	0.000535	513.713760
158.444000	0.000535	512.890251
158.496000	0.000535	512.072006
158.548000	0.000534	511.256905
158.600000	0.000534	510.446434
158.652000	0.000534	509.639413
158.704000	0.000533	508.836732
158.756000	0.000533	508.038144
158.808000	0.000532	507.243823
158.860000	0.000532	506.454035
158.912000	0.000532	505.667951
158.964000	0.000531	504.886209
159.016000	0.000531	504.107325
159.068000	0.000530	503.334213
159.120000	0.000530	502.563562
159.172000	0.000530	501.798860
159.224000	0.000529	501.035995
159.276000	0.000529	500.279595
159.328000	0.000528	499.524916
159.380000	0.000528	498.776418
159.432000	0.000528	498.029942
159.484000	0.000527	497.289393
159.536000	0.000527	496.551164
159.588000	0.000527	495.818551
159.640000	0.000526	495.088563
159.692000	0.000526	494.363934
159.744000	0.000525	493.642016
159.796000	0.000525	492.924839
159.848000	0.000525	492.210881
159.900000	0.000524	491.501725
159.952000	0.000524	490.796059
160.004000	0.000524	490.094889
160.056000	0.000523	489.397209
160.108000	0.000523	488.703603
160.160000	0.000522	488.014190
160.212000	0.000522	487.328476
160.264000	0.000522	486.647163
160.316000	0.000521	485.968859
160.368000	0.000521	485.295533
160.420000	0.000520	484.624657
160.472000	0.000520	483.959803
160.524000	0.000520	483.296913
160.576000	0.000519	482.639517
160.628000	0.000519	481.983994
160.680000	0.000519	481.334735
160.732000	0.000518	480.687546
160.784000	0.000518	480.045948
160.836000	0.000517	479.406665
160.888000	0.000517	478.772746
160.940000	0.000517	478.141378
160.992000	0.000516	477.515103
161.044000	0.000516	476.891631
161.096000	0.000516	476.273078
161.148000	0.000515	475.657319
161.200000	0.000515	475.045984
161.252000	0.000514	474.438192
161.304000	0.000514	473.835089
161.356000	0.000514	473.235168
161.408000	0.000513	472.639326
161.460000	0.000513	472.047382
161.512000	0.000513	471.459189
161.564000	0.000512	470.875018
161.616000	0.000512	470.293891
161.668000	0.000512	469.717825
161.720000	0.000511	469.144361
161.772000	0.000511	468.576066
161.824000	0.000510	468.009835
161.876000	0.000510	467.449668
161.928000	0.000510	466.891439
161.980000	0.000509	466.338644
162.032000	0.000509	465.787978
162.084000	0.000509	465.242582
162.136000	0.000508	464.699495
162.188000	0.000508	464.161463
162.240000	0.000507	463.626100
162.292000	0.000507	463.096033
162.344000	0.000507	462.568642
162.396000	0.000506	462.046011
162.448000	0.000506	461.525994
162.500000	0.000506	461.010329
162.552000	0.000505	460.497982
162.604000	0.000505	459.990323
162.656000	0.000505	459.485864
162.708000	0.000504	458.985712
162.760000	0.000504	458.489113
162.812000	0.000503	457.996307
162.864000	0.000503	457.507214
162.916000	0.000503	457.021264
162.968000	0.000502	456.539992
163.020000	0.000502	456.061414
163.072000	0.000502	455.588090
163.124000	0.000501	455.116988
163.176000	0.000501	454.651576
163.228000	0.000501	454.188229
163.280000	0.000500	453.729930
163.332000	0.000500	453.273910
163.384000	0.000500	452.823266
163.436000	0.000499	452.374938
163.488000	0.000499	451.931451
163.540000	0.000498	451.490573
163.592000	0.000498	451.054791
163.644000	0.000498	450.621575
163.696000	0.000497	450.193028
163.748000	0.000497	449.767155
163.800000	0.000497	449.345840
163.852000	0.000496	448.927617
163.904000	0.000496	448.514110
163.956000	0.000496	448.103488
164.008000	0.000495	447.697237
164.060000	0.000495	447.294223
164.112000	0.000495	446.895093
164.164000	0.000494	446.499729
164.216000	0.000494	446.107708
164.268000	0.000493	445.720462
164.320000	0.000493	445.336096
164.372000	0.000493	444.956137
164.424000	0.000492	444.578536
164.476000	0.000492	444.206701
164.528000	0.000492	443.837060
164.580000	0.000491	443.472122
164.632000	0.000491	443.109536
164.684000	0.000491	442.752044
164.736000	0.000490	442.397008
164.788000	0.000490	442.046988
164.840000	0.000490	441.699530
164.892000	0.000489	441.357037
164.944000	0.000489	441.017198
164.996000	0.000489	440.682231
165.048000	0.000488	440.349759
165.100000	0.000488	440.021823
165.152000	0.000488	439.696726
165.204000	0.000487	439.376371
165.256000	0.000487	439.058950
165.308000	0.000487	438.746197
165.360000	0.000486	438.436355
165.412000	0.000486	438.130499
165.464000	0.000485	437.828487
165.516000	0.000485	437.530046
165.568000	0.000485	437.235573
165.620000	0.000484	436.944050
165.672000	0.000484	436.657036
165.724000	0.000484	436.372566
165.776000	0.000483	436.093466
165.828000	0.000483	435.816809
165.880000	0.000483	435.545494
165.932000	0.000482	435.276513
165.984000	0.000482	435.011910
166.036000	0.000482	434.749915
166.088000	0.000481	434.493152
166.140000	0.000481	434.238896
166.192000	0.000481	433.989453
166.244000	0.000480	433.742550
166.296000	0.000480	433.500455
166.348000	0.000480	433.260940
166.400000	0.000479	433.026251
166.452000	0.000479	432.794442
166.504000	0.000479	432.567656
166.556000	0.000478	432.343186
166.608000	0.000478	432.123321
166.660000	0.000478	431.906390
166.712000	0.000477	431.693693
166.764000	0.000477	431.484943
166.816000	0.000477	431.280019
166.868000	0.000476	431.078712
166.920000	0.000476	430.880515
166.972000	0.000476	430.686983
167.024000	0.000475	430.496185
167.076000	0.000475	430.309847
167.128000	0.000475	430.126155
167.180000	0.000474	429.947932
167.232000	0.000474	429.772223
167.284000	0.000474	429.601131
167.336000	0.000473	429.432663
167.388000	0.000473	429.269226
167.440000	0.000473	429.108419
167.492000	0.000472	428.952641
167.544000	0.000472	428.799296
167.596000	0.000472	428.650740
167.648000	0.000471	428.504831
167.700000	0.000471	428.364024
167.752000	0.000471	428.225565
167.804000	0.000470	428.092015
167.856000	0.000470	427.961161
167.908000	0.000470	427.835412
167.960000	0.000469	427.712277
168.012000	0.000469	427.593522
168.064000	0.000469	427.478366
168.116000	0.000468	427.367185
168.168000	0.000468	427.259753
168.220000	0.000468	427.155678
168.272000	0.000467	427.055887
168.324000	0.000467	426.959044
168.376000	0.000467	426.867309
168.428000	0.000466	426.778319
168.480000	0.000466	426.694064
168.532000	0.000466	426.612507
168.584000	0.000465	426.535739
168.636000	0.000465	426.461616
168.688000	0.000465	426.392366
168.740000	0.000464	426.325885
168.792000	0.000464	426.264709
168.844000	0.000464	426.205842
168.896000	0.000463	426.151727
168.948000	0.000463	426.100336
169.000000	0.000463	426.054359
169.052000	0.000462	426.010490
169.104000	0.000462	425.971667
169.156000	0.000462	425.935555
169.208000	0.000461	425.904848
169.260000	0.000461	425.876453
169.312000	0.000461	425.852611
169.364000	0.000461	425.832479
169.416000	0.000460	425.816604
169.468000	0.000460	425.804096
169.520000	0.000460	425.795116
169.572000	0.000459	425.791073
169.624000	0.000459	425.790192
169.676000	0.000459	425.793612
169.728000	0.000458	425.799940
169.780000	0.000458	425.810693
169.832000	0.000458	425.824434
169.884000	0.000457	425.843568
169.936000	0.000457	425.865372
169.988000	0.000457	425.891929
170.040000	0.000456	425.921208
170.092000	0.000456	425.955717
170.144000	0.000456	425.992851
170.196000	0.000455	426.035316
170.248000	0.000455	426.080070
170.300000	0.000455	426.130058
170.352000	0.000454	426.182488
170.404000	0.000454	426.240528
170.456000	0.000454	426.300650
170.508000	0.000454	426.366165
170.560000	0.000453	426.434425
170.612000	0.000453	426.507675
170.664000	0.000453	426.583885
170.716000	0.000452	426.664431
170.768000	0.000452	426.748951
170.820000	0.000452	426.837317
170.872000	0.000451	426.929766
170.924000	0.000451	427.025592
170.976000	0.000451	427.126355
171.028000	0.000450	427.230239
171.080000	0.000450	427.338709
171.132000	0.000450	427.450153
171.184000	0.000449	427.566417
171.236000	0.000449	427.685503
171.288000	0.000449	427.809566
171.340000	0.000449	427.936481
171.392000	0.000448	428.068898
171.444000	0.000448	428.203818
171.496000	0.000448	428.344071
171.548000	0.000447	428.486683
171.600000	0.000447	428.634862
171.652000	0.000447	428.785527
171.704000	0.000446	428.942159
171.756000	0.000446	429.100568
171.808000	0.000446	429.264527
171.860000	0.000445	429.431299
171.912000	0.000445	429.603364
171.964000	0.000445	429.778058
172.016000	0.000445	429.957267
172.068000	0.000444	430.140576
172.120000	0.000444	430.327975
172.172000	0.000444	430.519586
172.224000	0.000443	430.714750
172.276000	0.000443	430.914035
172.328000	0.000443	431.116718
172.380000	0.000442	431.324632
172.432000	0.000442	431.535595
172.484000	0.000442	431.751173
172.536000	0.000441	431.969868
172.588000	0.000441	432.194133
172.640000	0.000441	432.421003
172.692000	0.000441	432.652968
172.744000	0.000440	432.887545
172.796000	0.000440	433.127791
172.848000	0.000440	433.370439
172.900000	0.000439	433.618942
172.952000	0.000439	433.869663
173.004000	0.000439	434.126481
173.056000	0.000438	434.385112
173.108000	0.000438	434.649609
173.160000	0.000438	434.916619
173.212000	0.000438	435.189079
173.264000	0.000437	435.464672
173.316000	0.000437	435.745122
173.368000	0.000437	436.029329
173.420000	0.000436	436.317794
173.472000	0.000436	436.610133
173.524000	0.000436	436.906223
173.576000	0.000435	437.206563
173.628000	0.000435	437.510491
173.680000	0.000435	437.819825
173.732000	0.000435	438.132369
173.784000	0.000434	438.449733
173.836000	0.000434	438.770053
173.888000	0.000434	439.095419
173.940000	0.000433	439.423690
173.992000	0.000433	439.757663
174.044000	0.000433	440.094085
174.096000	0.000433	440.436115
174.148000	0.000432	440.780612
174.200000	0.000432	441.131277
174.252000	0.000432	441.484187
174.304000	0.000431	441.843512
174.356000	0.000431	442.204333
174.408000	0.000431	442.571123
174.460000	0.000430	442.940492
174.512000	0.000430	443.315558
174.564000	0.000430	443.693846
174.616000	0.000430	444.077209
174.668000	0.000429	444.463499
174.720000	0.000429	444.854134
174.772000	0.000429	445.249266
174.824000	0.000428	445.648358
174.876000	0.000428	446.052357
174.928000	0.000428	446.459900
174.980000	0.000428	446.871641
175.032000	0.000427	447.286832
175.084000	0.000427	447.707406
175.136000	0.000427	448.131054
175.188000	0.000426	448.559989
175.240000	0.000426	448.991706
175.292000	0.000426	449.428939
175.344000	0.000426	449.868698
175.396000	0.000425	450.314334
175.448000	0.000425	450.762478
175.500000	0.000425	451.217032
175.552000	0.000424	451.673227
175.604000	0.000424	452.135672
175.656000	0.000424	452.600330
175.708000	0.000423	453.071495
175.760000	0.000423	453.544910
175.812000	0.000423	454.024071
175.864000	0.000423	454.505670
175.916000	0.000422	454.992319
175.968000	0.000422	455.482935
176.020000	0.000422	455.978133
176.072000	0.000421	456.477448
176.124000	0.000421	456.980779
176.176000	0.000421	457.488112
176.228000	0.000421	457.999236
176.280000	0.000420	458.515583
176.332000	0.000420	459.035249
176.384000	0.000420	459.559623
176.436000	0.000419	460.087285
176.488000	0.000419	460.620711
176.540000	0.000419	461.156789
176.592000	0.000419	461.698245
176.644000	0.000418	462.242249
176.696000	0.000418	462.792263
176.748000	0.000418	463.344531
176.800000	0.000418	463.903118
176.852000	0.000417	464.463661
176.904000	0.000417	465.030831
176.956000	0.000417	465.599539
177.008000	0.000416	466.174533
177.060000	0.000416	466.752220
177.112000	0.000416	467.335871
177.164000	0.000416	467.922011
177.216000	0.000415	468.513275
177.268000	0.000415	469.107617
177.320000	0.000415	469.706498
177.372000	0.000414	470.310079
177.424000	0.000414	470.917727
177.476000	0.000414	471.529432
177.528000	0.000414	472.144898
177.580000	0.000413	472.765219
177.632000	0.000413	473.388882
177.684000	0.000413	474.017297
177.736000	0.000412	474.648866
177.788000	0.000412	475.285893
177.840000	0.000412	475.925772
177.892000	0.000412	476.571415
177.944000	0.000411	477.219371
177.996000	0.000411	477.873100
178.048000	0.000411	478.528799
178.100000	0.000411	479.190616
178.152000	0.000410	479.854690
178.204000	0.000410	480.525631
178.256000	0.000410	481.197761
178.308000	0.000409	481.875989
178.360000	0.000409	482.556943
178.412000	0.000409	483.243819
178.464000	0.000409	483.932776
178.516000	0.000408	484.626724
178.568000	0.000408	485.324730
178.620000	0.000408	486.027310
178.672000	0.000408	486.733056
178.724000	0.000407	487.442832
178.776000	0.000407	488.157143
178.828000	0.000407	488.875165
178.880000	0.000406	489.598021
178.932000	0.000406	490.324050
178.984000	0.000406	491.054388
179.036000	0.000406	491.787984
179.088000	0.000405	492.527354
179.140000	0.000405	493.269130
179.192000	0.000405	494.015947
179.244000	0.000405	494.765265
179.296000	0.000404	495.520556
179.348000	0.000404	496.277772
179.400000	0.000404	497.040989
179.452000	0.000403	497.805799
179.504000	0.000403	498.576922
179.556000	0.000403	499.349945
179.608000	0.000403	500.129193
179.660000	0.000402	500.910379
179.712000	0.000402	501.697032
179.764000	0.000402	502.486191
179.816000	0.000402	503.280228
179.868000	0.000401	504.077331
179.920000	0.000401	504.878722
179.972000	0.000401	505.684261
180.024000	0.000401	506.493581
180.076000	0.000400	507.306368
180.128000	0.000400	508.122701
180.180000	0.000400	508.943737
180.232000	0.000399	509.767907
180.284000	0.000399	510.596635
180.336000	0.000399	511.428167
180.388000	0.000399	512.264547
180.440000	0.000398	513.103407
180.492000	0.000398	513.947403
180.544000	0.000398	514.793796
180.596000	0.000398	515.645883
180.648000	0.000397	516.499536
180.700000	0.000397	517.358633
180.752000	0.000397	518.219264
180.804000	0.000397	519.085841
180.856000	0.000396	519.954295
180.908000	0.000396	520.828551
180.960000	0.000396	521.704319
181.012000	0.000396	522.585025
181.064000	0.000395	523.468615
181.116000	0.000395	524.356773
181.168000	0.000395	525.247413
181.220000	0.000394	526.141930
181.272000	0.000394	527.039929
181.324000	0.000394	527.941445
181.376000	0.000394	528.847186
181.428000	0.000393	529.756009
181.480000	0.000393	530.668392
181.532000	0.000393	531.583632
181.584000	0.000393	532.503116
181.636000	0.000392	533.425161
181.688000	0.000392	534.351681
181.740000	0.000392	535.280475
181.792000	0.000392	536.213973
181.844000	0.000391	537.149462
181.896000	0.000391	538.089868
181.948000	0.000391	539.031711
182.000000	0.000391	539.978435
182.052000	0.000390	540.926936
182.104000	0.000390	541.880951
182.156000	0.000390	542.836070
182.208000	0.000390	543.795992
182.260000	0.000389	544.757758
182.312000	0.000389	545.723939
182.364000	0.000389	546.692439
182.416000	0.000389	547.664820
182.468000	0.000388	548.639973
182.520000	0.000388	549.618481
182.572000	0.000388	550.599682
182.624000	0.000387	551.583849
182.676000	0.000387	552.571419
182.728000	0.000387	553.561688
182.780000	0.000387	554.555543
182.832000	0.000386	555.551844
182.884000	0.000386	556.551896
182.936000	0.000386	557.553988
182.988000	0.000386	558.559623
183.040000	0.000385	559.567230
183.092000	0.000385	560.578880
183.144000	0.000385	561.592039
183.196000	0.000385	562.609088
183.248000	0.000384	563.627968
183.300000	0.000384	564.651365
183.352000	0.000384	565.675787
183.404000	0.000384	566.704385
183.456000	0.000383	567.734014
183.508000	0.000383	568.767487
183.560000	0.000383	569.802692
183.612000	0.000383	570.841409
183.664000	0.000382	571.882243
183.716000	0.000382	572.926110
183.768000	0.000382	573.971980
183.820000	0.000382	575.020396
183.872000	0.000381	576.071630
183.924000	0.000381	577.125128
183.976000	0.000381	578.181544
184.028000	0.000381	579.239861
184.080000	0.000380	580.300298
184.132000	0.000380	581.362751
184.184000	0.000380	582.428663
184.236000	0.000380	583.496137
184.288000	0.000379	584.566360
184.340000	0.000379	585.637955
184.392000	0.000379	586.712364
184.444000	0.000379	587.788220
184.496000	0.000378	588.867223
184.548000	0.000378	589.947553
184.600000	0.000378	591.031016
184.652000	0.000378	592.115381
184.704000	0.000377	593.202660
184.756000	0.000377	594.290875
184.808000	0.000377	595.381683
184.860000	0.000377	596.474055
184.912000	0.000376	597.568767
184.964000	0.000376	598.664870
185.016000	0.000376	599.762846
185.068000	0.000376	600.862919
185.120000	0.000376	601.964577
185.172000	0.000375	603.068019
185.224000	0.000375	604.172788
185.276000	0.000375	605.279356
185.328000	0.000375	606.387198
185.380000	0.000374	607.497273
185.432000	0.000374	608.608415
185.484000	0.000374	609.721330
185.536000	0.000374	610.835213
185.588000	0.000373	611.950825
185.640000	0.000373	613.067531
185.692000	0.000373	614.186213
185.744000	0.000373	615.305719
185.796000	0.000372	616.426799
185.848000	0.000372	617.548660
185.900000	0.000372	618.671985
185.952000	0.000372	619.796398
186.004000	0.000371	620.922339
186.056000	0.000371	622.049092
186.108000	0.000371	623.176914
186.160000	0.000371	624.305666
186.212000	0.000370	625.435227
186.264000	0.000370	626.565819
186.316000	0.000370	627.696976
186.368000	0.000370	628.829740
186.420000	0.000369	629.962898
186.472000	0.000369	631.097195
186.524000	0.000369	632.231749
186.576000	0.000369	633.367319
186.628000	0.000369	634.503131
186.680000	0.000368	635.639812
186.732000	0.000368	636.776740
186.784000	0.000368	637.914359
186.836000	0.000368	639.052423
186.888000	0.000367	640.191340
186.940000	0.000367	641.330580
186.992000	0.000367	642.470096
187.044000	0.000367	643.610007
187.096000	0.000366	644.749952
187.148000	0.000366	645.890388
187.200000	0.000366	647.030589
187.252000	0.000366	648.171399
187.304000	0.000365	649.311681
187.356000	0.000365	650.453005
187.408000	0.000365	651.593792
187.460000	0.000365	652.734816
187.512000	0.000364	653.874910
187.564000	0.000364	655.016061
187.616000	0.000364	656.156358
187.668000	0.000364	657.296689
187.720000	0.000364	658.436012
187.772000	0.000363	659.576238
187.824000	0.000363	660.715518
187.876000	0.000363	661.854904
187.928000	0.000363	662.993469
187.980000	0.000362	664.131830
188.032000	0.000362	665.269520
188.084000	0.000362	666.406671
188.136000	0.000362	667.543156
188.188000	0.000361	668.678389
188.240000	0.000361	669.813541
188.292000	0.000361	670.947713
188.344000	0.000361	672.081817
188.396000	0.000361	673.214220
188.448000	0.000360	674.346805
188.500000	0.000360	675.477251
188.552000	0.000360	676.608152
188.604000	0.000360	677.736448
188.656000	0.000359	678.865257
188.708000	0.000359	679.991459
188.760000	0.000359	681.117987
188.812000	0.000359	682.241930
188.864000	0.000358	683.365985
188.916000	0.000358	684.487499
188.968000	0.000358	685.608887
189.020000	0.000358	686.727820
189.072000	0.000358	687.845803
189.124000	0.000357	688.961600
189.176000	0.000357	690.076976
189.228000	0.000357	691.190399
189.280000	0.000357	692.302448
189.332000	0.000356	693.412724
189.384000	0.000356	694.520731
189.436000	0.000356	695.627437
189.488000	0.000356	696.731729
189.540000	0.000355	697.835299
189.592000	0.000355	698.936204
189.644000	0.000355	700.036309
189.696000	0.000355	701.132590
189.748000	0.000355	702.228741
189.800000	0.000354	703.320722
189.852000	0.000354	704.412997
189.904000	0.000354	705.500508
189.956000	0.000354	706.587970
190.008000	0.000353	707.670682
190.060000	0.000353	708.753780
190.112000	0.000353	709.832570
190.164000	0.000353	710.910490
190.216000	0.000353	711.984143
190.268000	0.000352	713.056976
190.320000	0.000352	714.125880
190.372000	0.000352	715.193469
190.424000	0.000352	716.257506
190.476000	0.000351	717.319601
190.528000	0.000351	718.378597
190.580000	0.000351	719.435008
190.632000	0.000351	720.488667
190.684000	0.000351	721.538674
190.736000	0.000350	722.586574
190.788000	0.000350	723.630506
190.840000	0.000350	724.672867
190.892000	0.000350	725.710533
190.944000	0.000349	726.747189
190.996000	0.000349	727.778400
191.048000	0.000349	728.808886
191.100000	0.000349	729.832921
191.152000	0.000349	730.857084
191.204000	0.000348	731.874341
191.256000	0.000348	732.891721
191.308000	0.000348	733.902529
191.360000	0.000348	734.912935
191.412000	0.000347	735.917129
191.464000	0.000347	736.919913
191.516000	0.000347	737.916808
191.568000	0.000347	738.912177
191.620000	0.000347	739.902151
191.672000	0.000346	740.889427
191.724000	0.000346	741.871935
191.776000	0.000346	742.851927
191.828000	0.000346	743.827601
191.880000	0.000345	744.798974
191.932000	0.000345	745.766772
191.984000	0.000345	746.729867
192.036000	0.000345	747.690039
192.088000	0.000345	748.644616
192.140000	0.000344	749.596962
192.192000	0.000344	750.542846
192.244000	0.000344	751.487158
192.296000	0.000344	752.424058
192.348000	0.000343	753.360208
192.400000	0.000343	754.288104
192.452000	0.000343	755.215800
192.504000	0.000343	756.134475
192.556000	0.000343	757.052909
192.608000	0.000342	757.962863
192.660000	0.000342	758.871919
192.712000	0.000342	759.773053
192.764000	0.000342	760.672480
192.816000	0.000342	761.564540
192.868000	0.000341	762.454194
192.920000	0.000341	763.337113
192.972000	0.000341	764.216799
193.024000	0.000341	765.090465
193.076000	0.000340	765.959975
193.128000	0.000340	766.824239
193.180000	0.000340	767.683409
193.232000	0.000340	768.538101
193.284000	0.000340	769.386659
193.336000	0.000339	770.231606
193.388000	0.000339	771.069544
193.440000	0.000339	771.904675
193.492000	0.000339	772.731726
193.544000	0.000339	773.556830
193.596000	0.000338	774.372830
193.648000	0.000338	775.187769
193.700000	0.000338	775.992563
193.752000	0.000338	776.797013
193.804000	0.000337	777.590630
193.856000	0.000337	778.383793
193.908000	0.000337	779.166826
193.960000	0.000337	779.948483
194.012000	0.000337	780.720698
194.064000	0.000336	781.490715
194.116000	0.000336	782.252032
194.168000	0.000336	783.010319
194.220000	0.000336	783.760692
194.272000	0.000336	784.506964
194.324000	0.000335	785.246185
194.376000	0.000335	785.980268
194.428000	0.000335	786.708234
194.480000	0.000335	787.430084
194.532000	0.000335	788.146719
194.584000	0.000334	788.856041
194.636000	0.000334	789.561152
194.688000	0.000334	790.257959
194.740000	0.000334	790.951473
194.792000	0.000333	791.635476
194.844000	0.000333	792.317226
194.896000	0.000333	792.988385
194.948000	0.000333	793.658279
195.000000	0.000333	794.316415
195.052000	0.000332	794.974084
195.104000	0.000332	795.619384
195.156000	0.000332	796.263917
195.208000	0.000332	796.896886
195.260000	0.000332	797.528161
195.312000	0.000331	798.148745
195.364000	0.000331	798.766695
195.416000	0.000331	799.374837
195.468000	0.000331	799.979249
195.520000	0.000331	800.574772
195.572000	0.000330	801.165533
195.624000	0.000330	801.748408
195.676000	0.000330	802.325379
195.728000	0.000330	802.895506
195.780000	0.000330	803.458567
195.832000	0.000329	804.015831
195.884000	0.000329	804.564815
195.936000	0.000329	805.109075
195.988000	0.000329	805.643874
196.040000	0.000329	806.175059
196.092000	0.000328	806.695612
196.144000	0.000328	807.213659
196.196000	0.000328	807.719860
196.248000	0.000328	808.224647
196.300000	0.000327	808.716342
196.352000	0.000327	809.207401
196.404000	0.000327	809.684838
196.456000	0.000327	810.161328
196.508000	0.000327	810.625164
196.560000	0.000326	811.087025
196.612000	0.000326	811.537223
196.664000	0.000326	811.984282
196.716000	0.000326	812.420659
196.768000	0.000326	812.852855
196.820000	0.000325	813.275421
196.872000	0.000325	813.692682
196.924000	0.000325	814.101413
196.976000	0.000325	814.503530
197.028000	0.000325	814.898267
197.080000	0.000324	815.285203
197.132000	0.000324	815.665916
197.184000	0.000324	816.037588
197.236000	0.000324	816.404204
197.288000	0.000324	816.760532
197.340000	0.000323	817.112962
197.392000	0.000323	817.453813
197.444000	0.000323	817.791952
197.496000	0.000323	818.117246
197.548000	0.000323	818.441060
197.600000	0.000322	818.750781
197.652000	0.000322	819.059795
197.704000	0.000322	819.354312
197.756000	0.000322	819.647684
197.808000	0.000322	819.927610
197.860000	0.000321	820.205253
197.912000	0.000321	820.470532
197.964000	0.000321	820.732385
198.016000	0.000321	820.982965
198.068000	0.000321	821.229012
198.120000	0.000320	821.464919
198.172000	0.000320	821.695019
198.224000	0.000320	821.916165
198.276000	0.000320	822.130191
198.328000	0.000320	822.336495
198.380000	0.000319	822.534495
198.432000	0.000319	822.725987
198.484000	0.000319	822.907855
198.536000	0.000319	823.084450
198.588000	0.000319	823.250133
198.640000	0.000318	823.411763
198.692000	0.000318	823.561167
198.744000	0.000318	823.707788
198.796000	0.000318	823.840917
198.848000	0.000318	823.972519
198.900000	0.000318	824.089331
198.952000	0.000317	824.205317
199.004000	0.000317	824.306243
199.056000	0.000317	824.405900
199.108000	0.000317	824.491653
199.160000	0.000317	824.574960
199.212000	0.000316	824.645511
199.264000	0.000316	824.712383
199.316000	0.000316	824.767649
199.368000	0.000316	824.818102
199.420000	0.000316	824.858143
199.472000	0.000315	824.892009
199.524000	0.000315	824.916723
199.576000	0.000315	824.934123
199.628000	0.000315	824.943610
199.680000	0.000315	824.944357
199.732000	0.000314	824.938471
199.784000	0.000314	824.922599
199.836000	0.000314	824.901384
199.888000	0.000314	824.868927
199.940000	0.000314	824.832383
199.992000	0.000313	824.783270
200.044000	0.000313	824.731350
200.096000	0.000313	824.665569
200.148000	0.000313	824.598230
200.200000	0.000313	824.515718
200.252000	0.000312	824.432395
200.304000	0.000312	824.333843
200.356000	0.000312	824.233892
200.408000	0.000312	824.119885
200.460000	0.000312	824.003241
200.512000	0.000312	823.873724
200.564000	0.000311	823.740419
200.616000	0.000311	823.595442
200.668000	0.000311	823.445482
200.720000	0.000311	823.285077
200.772000	0.000311	823.118378
200.824000	0.000310	822.942512
200.876000	0.000310	822.759123
200.928000	0.000310	822.567853
200.980000	0.000310	822.367779
201.032000	0.000310	822.161097
201.084000	0.000309	821.944293
201.136000	0.000309	821.722183
201.188000	0.000309	821.488718
201.240000	0.000309	821.251208
201.292000	0.000309	821.001043
201.344000	0.000308	820.748115
201.396000	0.000308	820.481268
201.448000	0.000308	820.212934
201.500000	0.000308	819.929423
201.552000	0.000308	819.645074
201.604000	0.000308	819.345635
201.656000	0.000307	819.044709
201.708000	0.000307	818.729886
201.760000	0.000307	818.412391
201.812000	0.000307	818.082204
201.864000	0.000307	817.748212
201.916000	0.000306	817.402740
201.968000	0.000306	817.052193
202.020000	0.000306	816.691398
202.072000	0.000306	816.324335
202.124000	0.000306	815.948298
202.176000	0.000305	815.564756
202.228000	0.000305	815.173530
202.280000	0.000305	814.773594
202.332000	0.000305	814.367206
202.384000	0.000305	813.950761
202.436000	0.000305	813.529184
202.488000	0.000304	813.096432
202.540000	0.000304	812.659794
202.592000	0.000304	812.210730
202.644000	0.000304	811.759010
202.696000	0.000304	811.293628
202.748000	0.000303	810.826871
202.800000	0.000303	810.345276
202.852000	0.000303	809.862809
202.904000	0.000303	809.365709
202.956000	0.000303	808.867113
203.008000	0.000303	808.355098
203.060000	0.000302	807.840449
203.112000	0.000302	807.313575
203.164000	0.000302	806.782885
203.216000	0.000302	806.241151
203.268000	0.000302	805.694524
203.320000	0.000301	805.138069
203.372000	0.000301	804.575483
203.424000	0.000301	804.004316
203.476000	0.000301	803.425839
203.528000	0.000301	802.840022
203.580000	0.000301	802.245719
203.632000	0.000300	801.645326
203.684000	0.000300	801.035325
203.736000	0.000300	800.420444
203.788000	0.000300	799.794765
203.840000	0.000300	799.165423
203.892000	0.000299	798.524146
203.944000	0.000299	797.880410
203.996000	0.000299	797.223609
204.048000	0.000299	796.565582
204.100000	0.000299	795.893401
204.152000	0.000299	795.220373
204.204000	0.000298	794.533517
204.256000	0.000298	793.845169
204.308000	0.000298	793.144175
204.360000	0.000298	792.440656
204.412000	0.000298	791.725652
204.464000	0.000297	791.006970
204.516000	0.000297	790.277934
204.568000	0.000297	789.544216
204.620000	0.000297	788.801315
204.672000	0.000297	788.052624
204.724000	0.000297	787.295936
204.776000	0.000296	786.532317
204.828000	0.000296	785.761904
204.880000	0.000296	784.983565
204.932000	0.000296	784.199573
204.984000	0.000296	783.406509
205.036000	0.000296	782.608947
205.088000	0.000295	781.801264
205.140000	0.000295	780.990271
205.192000	0.000295	780.168184
205.244000	0.000295	779.343865
205.296000	0.000295	778.507377
205.348000	0.000294	777.669768
205.400000	0.000294	776.818990
205.452000	0.000294	775.967496
205.504000	0.000294	775.103334
205.556000	0.000294	774.237733
205.608000	0.000294	773.360547
205.660000	0.000293	772.480984
205.712000	0.000293	771.590936
205.764000	0.000293	770.697495
205.816000	0.000293	769.794631
205.868000	0.000293	768.887481
205.920000	0.000293	767.971997
205.972000	0.000292	767.051125
206.024000	0.000292	766.123039
206.076000	0.000292	765.188680
206.128000	0.000292	764.248189
206.180000	0.000292	763.300415
206.232000	0.000291	762.347601
206.284000	0.000291	761.386598
206.336000	0.000291	760.421579
206.388000	0.000291	759.447380
206.440000	0.000291	758.470250
206.492000	0.000291	757.483093
206.544000	0.000290	756.493978
206.596000	0.000290	755.493898
206.648000	0.000290	754.492926
206.700000	0.000290	753.480168
206.752000	0.000290	752.466770
206.804000	0.000290	751.442128
206.856000	0.000289	750.416156
206.908000	0.000289	749.379935
206.960000	0.000289	748.341607
207.012000	0.000289	747.294041
207.064000	0.000289	746.243431
207.116000	0.000289	745.184546
207.168000	0.000288	744.121839
207.220000	0.000288	743.051849
207.272000	0.000288	741.977171
207.324000	0.000288	740.896208
207.376000	0.000288	739.809715
207.428000	0.000287	738.717905
207.480000	0.000287	737.619694
207.532000	0.000287	736.517156
207.584000	0.000287	735.407493
207.636000	0.000287	734.294386
207.688000	0.000287	733.173277
207.740000	0.000286	732.049706
207.792000	0.000286	730.917464
207.844000	0.000286	729.783605
207.896000	0.000286	728.640291
207.948000	0.000286	727.496232
208.000000	0.000286	726.342012
208.052000	0.000285	725.187292
208.104000	0.000285	724.023030
208.156000	0.000285	722.857677
208.208000	0.000285	721.683671
208.260000	0.000285	720.507810
208.312000	0.000285	719.324156
208.364000	0.000284	718.137947
208.416000	0.000284	716.944798
208.468000	0.000284	715.748462
208.520000	0.000284	714.546046
208.572000	0.000284	713.339678
208.624000	0.000284	712.128094
208.676000	0.000283	710.911868
208.728000	0.000283	709.691266
208.780000	0.000283	708.465364
208.832000	0.000283	707.235918
208.884000	0.000283	706.000564
208.936000	0.000283	704.762446
208.988000	0.000282	703.517774
209.040000	0.000282	702.271130
209.092000	0.000282	701.017366
209.144000	0.000282	699.762326
209.196000	0.000282	698.499551
209.248000	0.000282	697.236251
209.300000	0.000281	695.964701
209.352000	0.000281	694.692807
209.404000	0.000281	693.413272
209.456000	0.000281	692.132814
209.508000	0.000281	690.845438
209.560000	0.000281	689.556663
209.612000	0.000280	688.261719
209.664000	0.000280	686.964736
209.716000	0.000280	685.662280
209.768000	0.000280	684.357364
209.820000	0.000280	683.047686
209.872000	0.000280	681.734901
209.924000	0.000279	680.418068
209.976000	0.000279	679.097653
210.028000	0.000279	677.773877
210.080000	0.000279	676.446025
210.132000	0.000279	675.115473
210.184000	0.000279	673.780377
210.236000	0.000278	672.443216
210.288000	0.000278	671.101060
210.340000	0.000278	669.757426
210.392000	0.000278	668.408359
210.444000	0.000278	667.058420
210.496000	0.000278	665.702681
210.548000	0.000277	664.346631
210.600000	0.000277	662.984415
210.652000	0.000277	661.621948
210.704000	0.000277	660.253834
210.756000	0.000277	658.885125
210.808000	0.000277	657.511375
210.860000	0.000276	656.136630
210.912000	0.000276	654.757410
210.964000	0.000276	653.376777
211.016000	0.000276	651.992212
211.068000	0.000276	650.605922
211.120000	0.000276	649.216247
211.172000	0.000275	647.824430
211.224000	0.000275	646.429778
211.276000	0.000275	645.032671
211.328000	0.000275	643.633237
211.380000	0.000275	642.230993
211.432000	0.000275	640.826909
211.484000	0.000275	639.419716
211.536000	0.000274	638.011169
211.588000	0.000274	636.599276
211.640000	0.000274	635.186472
211.692000	0.000274	633.770075
211.744000	0.000274	632.353121
211.796000	0.000274	630.932307
211.848000	0.000273	629.511383
211.900000	0.000273	628.086450
211.952000	0.000273	626.661438
212.004000	0.000273	625.232831
212.056000	0.000273	623.803936
212.108000	0.000273	622.371879
212.160000	0.000272	620.939216
212.212000	0.000272	619.503772
212.264000	0.000272	618.067612
212.316000	0.000272	616.629062
212.368000	0.000272	615.189551
212.420000	0.000272	613.748026
212.472000	0.000271	612.305333
212.524000	0.000271	610.861005
212.576000	0.000271	609.415375
212.628000	0.000271	607.968432
212.680000	0.000271	606.519952
212.732000	0.000271	605.070489
212.784000	0.000271	603.619395
212.836000	0.000270	602.167634
212.888000	0.000270	600.714168
212.940000	0.000270	599.260257
212.992000	0.000270	597.804504
213.044000	0.000270	596.348572
213.096000	0.000270	594.890768
213.148000	0.000269	593.433035
213.200000	0.000269	591.973423
213.252000	0.000269	590.513858
213.304000	0.000269	589.052658
213.356000	0.000269	587.591446
213.408000	0.000269	586.128866
213.460000	0.000268	584.666204
213.512000	0.000268	583.202402
213.564000	0.000268	581.738424
213.616000	0.000268	580.273516
213.668000	0.000268	578.808494
213.720000	0.000268	577.342747
213.772000	0.000268	575.876740
213.824000	0.000267	574.410214
213.876000	0.000267	572.943450
213.928000	0.000267	571.476345
213.980000	0.000267	570.009003
214.032000	0.000267	568.541457
214.084000	0.000267	567.073656
214.136000	0.000266	565.605821
214.188000	0.000266	564.137842
214.240000	0.000266	562.669861
214.292000	0.000266	561.201715
214.344000	0.000266	559.733733
214.396000	0.000266	558.265750
214.448000	0.000266	556.797924
214.500000	0.000265	555.330162
214.552000	0.000265	553.862642
214.604000	0.000265	552.395318
214.656000	0.000265	550.928247
214.708000	0.000265	549.461445
214.760000	0.000265	547.994971
214.812000	0.000264	546.528833
214.864000	0.000264	545.063217
214.916000	0.000264	543.597993
214.968000	0.000264	542.133244
215.020000	0.000264	540.668939
215.072000	0.000264	539.205299
215.124000	0.000264	537.742149
215.176000	0.000263	536.279779
215.228000	0.000263	534.817906
215.280000	0.000263	533.356905
215.332000	0.000263	531.896399
215.384000	0.000263	530.436919
215.436000	0.000263	528.977933
215.488000	0.000262	527.520180
215.540000	0.000262	526.062855
215.592000	0.000262	524.606922
215.644000	0.000262	523.151353
215.696000	0.000262	521.697387
215.748000	0.000262	520.243752
215.800000	0.000262	518.791933
215.852000	0.000261	517.340469
215.904000	0.000261	515.890763
215.956000	0.000261	514.441595
216.008000	0.000261	512.994123
216.060000	0.000261	511.547386
216.112000	0.000261	510.102262
216.164000	0.000261	508.658098
216.216000	0.000260	507.215456
216.268000	0.000260	505.774041
216.320000	0.000260	504.334055
216.372000	0.000260	502.895458
216.424000	0.000260	501.458191
216.476000	0.000260	500.022546
216.528000	0.000259	498.588114
216.580000	0.000259	497.155543
216.632000	0.000259	495.724051
216.684000	0.000259	494.294690
216.736000	0.000259	492.866253
216.788000	0.000259	491.440216
216.840000	0.000259	490.014935
216.892000	0.000258	488.592347
216.944000	0.000258	487.170329
216.996000	0.000258	485.751312
217.048000	0.000258	484.332742
217.100000	0.000258	482.917417
217.152000	0.000258	481.502548
217.204000	0.000258	480.090717
217.256000	0.000257	478.679671
217.308000	0.000257	477.271485
217.360000	0.000257	475.864386
217.412000	0.000257	474.459935
217.464000	0.000257	473.056894
217.516000	0.000257	471.656288
217.568000	0.000257	470.257402
217.620000	0.000256	468.860734
217.672000	0.000256	467.466044
217.724000	0.000256	466.073373
217.776000	0.000256	464.683090
217.828000	0.000256	463.294571
217.880000	0.000256	461.908684
217.932000	0.000255	460.524332
217.984000	0.000255	459.142997
218.036000	0.000255	457.762938
218.088000	0.000255	456.386248
218.140000	0.000255	455.010536
218.192000	0.000255	453.638531
218.244000	0.000255	452.267277
218.296000	0.000254	450.900153
218.348000	0.000254	449.533498
218.400000	0.000254	448.171159
218.452000	0.000254	446.809436
218.504000	0.000254	445.451759
218.556000	0.000254	444.095030
218.608000	0.000254	442.742039
218.660000	0.000253	441.390417
218.712000	0.000253	440.042228
218.764000	0.000253	438.695808
218.816000	0.000253	437.352506
218.868000	0.000253	436.011301
218.920000	0.000253	434.672911
218.972000	0.000253	433.337040
219.024000	0.000252	432.003668
219.076000	0.000252	430.673154
219.128000	0.000252	429.344830
219.180000	0.000252	428.019797
219.232000	0.000252	426.696627
219.284000	0.000252	425.377144
219.336000	0.000252	424.059164
219.388000	0.000251	422.745247
219.440000	0.000251	421.432509
219.492000	0.000251	420.124279
219.544000	0.000251	418.816837
219.596000	0.000251	417.514300
219.648000	0.000251	416.212298
219.700000	0.000251	414.915400
219.752000	0.000250	413.619219
219.804000	0.000250	412.327788
219.856000	0.000250	411.037459
219.908000	0.000250	409.751487
219.960000	0.000250	408.467099
220.012000	0.000250	407.186689
220.064000	0.000250	405.908259
220.116000	0.000249	404.633417
220.168000	0.000249	403.360977
220.220000	0.000249	402.091754
220.272000	0.000249	400.825406
220.324000	0.000249	399.561890
220.376000	0.000249	398.301623
220.428000	0.000249	397.043819
220.480000	0.000248	395.789738
220.532000	0.000248	394.537694
220.584000	0.000248	393.289735
220.636000	0.000248	392.043456
220.688000	0.000248	390.801764
220.740000	0.000248	389.561326
220.792000	0.000248	388.325891
220.844000	0.000247	387.091332
220.896000	0.000247	385.862249
220.948000	0.000247	384.633709
221.000000	0.000247	383.410751
221.052000	0.000247	382.188586
221.104000	0.000247	380.971609
221.156000	0.000247	379.755846
221.208000	0.000246	378.544820
221.260000	0.000246	377.335477
221.312000	0.000246	376.130432
221.364000	0.000246	374.927540
221.416000	0.000246	373.728515
221.468000	0.000246	372.532149
221.520000	0.000246	371.339217
221.572000	0.000246	370.149287
221.624000	0.000245	368.962388
221.676000	0.000245	367.779027
221.728000	0.000245	366.598247
221.780000	0.000245	365.421375
221.832000	0.000245	364.246687
221.884000	0.000245	363.076428
221.936000	0.000245	361.907903
221.988000	0.000244	360.744230
222.040000	0.000244	359.581855
222.092000	0.000244	358.424785
222.144000	0.000244	357.268542
222.196000	0.000244	356.118037
222.248000	0.000244	354.968171
222.300000	0.000244	353.824173
222.352000	0.000243	352.680979
222.404000	0.000243	351.543166
222.456000	0.000243	350.406596
222.508000	0.000243	349.274931
222.560000	0.000243	348.145080
222.612000	0.000243	347.019677
222.664000	0.000243	345.896473
222.716000	0.000242	344.777247
222.768000	0.000242	343.660732
222.820000	0.000242	342.547756
222.872000	0.000242	341.437987
222.924000	0.000242	340.331294
222.976000	0.000242	339.228171
223.028000	0.000242	338.127689
223.080000	0.000242	337.031275
223.132000	0.000241	335.937035
223.184000	0.000241	334.847277
223.236000	0.000241	333.759287
223.288000	0.000241	332.676294
223.340000	0.000241	331.594571
223.392000	0.000241	330.518241
223.444000	0.000241	329.442788
223.496000	0.000240	328.373223
223.548000	0.000240	327.304199
223.600000	0.000240	326.241036
223.652000	0.000240	325.178747
223.704000	0.000240	324.121880
223.756000	0.000240	323.066290
223.808000	0.000240	322.015615
223.860000	0.000240	320.966789
223.912000	0.000239	319.922408
223.964000	0.000239	318.880205
224.016000	0.000239	317.841971
224.068000	0.000239	316.806520
224.120000	0.000239	315.774572
224.172000	0.000239	314.745762
224.224000	0.000239	313.720011
224.276000	0.000238	312.697886
224.328000	0.000238	311.678354
224.380000	0.000238	310.662853
224.432000	0.000238	309.649511
224.484000	0.000238	308.640677
224.536000	0.000238	307.633552
224.588000	0.000238	306.631372
224.640000	0.000237	305.630427
224.692000	0.000237	304.634839
224.744000	0.000237	303.640068
224.796000	0.000237	302.651113
224.848000	0.000237	301.662762
224.900000	0.000237	300.680193
224.952000	0.000237	299.698435
225.004000	0.000237	298.721959
225.056000	0.000236	297.746763
225.108000	0.000236	296.776368
225.160000	0.000236	295.807768
225.212000	0.000236	294.843494
225.264000	0.000236	293.881480
225.316000	0.000236	292.923319
225.368000	0.000236	291.967814
225.420000	0.000236	291.015707
225.472000	0.000235	290.066682
225.524000	0.000235	289.120618
225.576000	0.000235	288.178114
225.628000	0.000235	287.238129
225.680000	0.000235	286.302123
225.732000	0.000235	285.368175
225.784000	0.000235	284.438598
225.836000	0.000234	283.510636
225.888000	0.000234	282.587466
225.940000	0.000234	281.665500
225.992000	0.000234	280.748770
226.044000	0.000234	279.832778
226.096000	0.000234	278.922410
226.148000	0.000234	278.012596
226.200000	0.000234	277.108323
226.252000	0.000233	276.204900
226.304000	0.000233	275.306555
226.356000	0.000233	274.409473
226.408000	0.000233	273.516987
226.460000	0.000233	272.626259
226.512000	0.000233	271.739664
226.564000	0.000233	270.855168
226.616000	0.000233	269.974350
226.668000	0.000232	269.096152
226.720000	0.000232	268.221198
226.772000	0.000232	267.349273
226.824000	0.000232	266.480150
226.876000	0.000232	265.614419
226.928000	0.000232	264.751044
226.980000	0.000232	263.891426
227.032000	0.000231	263.033792
227.084000	0.000231	262.180417
227.136000	0.000231	261.328540
227.188000	0.000231	260.481228
227.240000	0.000231	259.635045
227.292000	0.000231	258.793872
227.344000	0.000231	257.953385
227.396000	0.000231	257.118271
227.448000	0.000230	256.283689
227.500000	0.000230	255.454344
227.552000	0.000230	254.625800
227.604000	0.000230	253.802042
227.656000	0.000230	252.979507
227.708000	0.000230	252.161306
227.760000	0.000230	251.344801
227.812000	0.000230	250.532186
227.864000	0.000229	249.721639
227.916000	0.000229	248.914545
227.968000	0.000229	248.109908
228.020000	0.000229	247.308307
228.072000	0.000229	246.509549
228.124000	0.000229	245.713415
228.176000	0.000229	244.920511
228.228000	0.000229	244.129824
228.280000	0.000228	243.342737
228.332000	0.000228	242.557464
228.384000	0.000228	241.776165
228.436000	0.000228	240.996280
228.488000	0.000228	240.220740
228.540000	0.000228	239.446247
228.592000	0.000228	238.676484
228.644000	0.000228	237.907319
228.696000	0.000227	237.143203
228.748000	0.000227	236.379627
228.800000	0.000227	235.620958
228.852000	0.000227	234.863029
228.904000	0.000227	234.109550
228.956000	0.000227	233.357294
229.008000	0.000227	232.609083
229.060000	0.000227	231.862394
229.112000	0.000226	231.119314
229.164000	0.000226	230.378250
229.216000	0.000226	229.640389
229.268000	0.000226	228.904806
229.320000	0.000226	228.172048
229.372000	0.000226	227.442012
229.424000	0.000226	226.714396
229.476000	0.000226	225.989778
229.528000	0.000225	225.267211
229.580000	0.000225	224.548025
229.632000	0.000225	223.830514
229.684000	0.000225	223.116727
229.736000	0.000225	222.404268
229.788000	0.000225	221.695903
229.840000	0.000225	220.988444
229.892000	0.000225	220.285361
229.944000	0.000224	219.582817
229.996000	0.000224	218.884984
230.048000	0.000224	218.187666
230.100000	0.000224	217.494890
230.152000	0.000224	216.802865
230.204000	0.000224	216.114961
230.256000	0.000224	215.428133
230.308000	0.000224	214.745020
230.360000	0.000223	214.063444
230.412000	0.000223	213.385200
230.464000	0.000223	212.708751
230.516000	0.000223	212.035253
230.568000	0.000223	211.363936
230.620000	0.000223	210.695209
230.672000	0.000223	210.028990
230.724000	0.000223	209.364991
230.776000	0.000222	208.703785
230.828000	0.000222	208.044460
230.880000	0.000222	207.388284
230.932000	0.000222	206.733662
230.984000	0.000222	206.082538
231.036000	0.000222	205.432555
231.088000	0.000222	204.786289
231.140000	0.000222	204.140903
231.192000	0.000222	203.499620
231.244000	0.000221	202.858822
231.296000	0.000221	202.222386
231.348000	0.000221	201.586437
231.400000	0.000221	200.954657
231.452000	0.000221	200.323514
231.504000	0.000221	199.696124
231.556000	0.000221	199.069842
231.608000	0.000221	198.446978
231.660000	0.000220	197.825461
231.712000	0.000220	197.206982
231.764000	0.000220	196.590233
231.816000	0.000220	195.976181
231.868000	0.000220	195.364162
231.920000	0.000220	194.754498
231.972000	0.000220	194.147120
232.024000	0.000220	193.541779
232.076000	0.000219	192.939062
232.128000	0.000219	192.338042
232.180000	0.000219	191.739903
232.232000	0.000219	191.143159
232.284000	0.000219	190.549615
232.336000	0.000219	189.957152
232.388000	0.000219	189.368171
232.440000	0.000219	188.779933
232.492000	0.000219	188.195432
232.544000	0.000218	187.611396
232.596000	0.000218	187.031392
232.648000	0.000218	186.451811
232.700000	0.000218	185.876018
232.752000	0.000218	185.300870
232.804000	0.000218	184.729152
232.856000	0.000218	184.158433
232.908000	0.000218	183.590816
232.960000	0.000217	183.024459
233.012000	0.000217	182.460866
233.064000	0.000217	181.898881
233.116000	0.000217	181.339340
233.168000	0.000217	180.781637
233.220000	0.000217	180.226081
233.272000	0.000217	179.672678
233.324000	0.000217	179.121123
233.376000	0.000217	178.571990
233.428000	0.000216	178.024376
233.480000	0.000216	177.479375
233.532000	0.000216	176.935658
233.584000	0.000216	176.394917
233.636000	0.000216	175.855130
233.688000	0.000216	175.318514
233.740000	0.000216	174.782564
233.792000	0.000216	174.250037
233.844000	0.000215	173.717928
233.896000	0.000215	173.189516
233.948000	0.000215	172.661460
234.000000	0.000215	172.136827
234.052000	0.000215	171.612847
234.104000	0.000215	171.091990
234.156000	0.000215	170.572024
234.208000	0.000215	170.054862
234.260000	0.000215	169.538917
234.312000	0.000214	169.025476
234.364000	0.000214	168.513475
234.416000	0.000214	168.003684
234.468000	0.000214	167.495588
234.520000	0.000214	166.989432
234.572000	0.000214	166.485261
234.624000	0.000214	165.982747
234.676000	0.000214	165.482421
234.728000	0.000213	164.983498
234.780000	0.000213	164.487035
234.832000	0.000213	163.991691
234.884000	0.000213	163.499014
234.936000	0.000213	163.007194
234.988000	0.000213	162.518274
235.040000	0.000213	162.029979
235.092000	0.000213	161.544832
235.144000	0.000213	161.060029
235.196000	0.000212	160.578581
235.248000	0.000212	160.097463
235.300000	0.000212	159.619441
235.352000	0.000212	159.142036
235.404000	0.000212	158.667452
235.456000	0.000212	158.193702
235.508000	0.000212	157.722482
235.560000	0.000212	157.252346
235.612000	0.000212	156.784465
235.664000	0.000211	156.317964
235.716000	0.000211	155.853450
235.768000	0.000211	155.390447
235.820000	0.000211	154.929203
235.872000	0.000211	154.469822
235.924000	0.000211	154.011920
235.976000	0.000211	153.555982
236.028000	0.000211	153.101308
236.080000	0.000211	152.648890
236.132000	0.000210	152.197476
236.184000	0.000210	151.748492
236.236000	0.000210	151.300276
236.288000	0.000210	150.854705
236.340000	0.000210	150.409667
236.392000	0.000210	149.967477
236.444000	0.000210	149.525625
236.496000	0.000210	149.086842
236.548000	0.000210	148.648367
236.600000	0.000209	148.212684
236.652000	0.000209	147.777543
236.704000	0.000209	147.344937
236.756000	0.000209	146.913104
236.808000	0.000209	146.483548
236.860000	0.000209	146.055045
236.912000	0.000209	145.628571
236.964000	0.000209	145.203269
237.016000	0.000209	144.779763
237.068000	0.000208	144.357735
237.120000	0.000208	143.937270
237.172000	0.000208	143.518433
237.224000	0.000208	143.100935
237.276000	0.000208	142.685267
237.328000	0.000208	142.270736
237.380000	0.000208	141.858266
237.432000	0.000208	141.446674
237.484000	0.000208	141.037265
237.536000	0.000207	140.628543
237.588000	0.000207	140.222225
237.640000	0.000207	139.816415
237.692000	0.000207	139.413218
237.744000	0.000207	139.010301
237.796000	0.000207	138.610135
237.848000	0.000207	138.210264
237.900000	0.000207	137.812906
237.952000	0.000207	137.416057
238.004000	0.000206	137.021486
238.056000	0.000206	136.627636
238.108000	0.000206	136.235833
238.160000	0.000206	135.844954
238.212000	0.000206	135.455896
238.264000	0.000206	135.067965
238.316000	0.000206	134.681647
238.368000	0.000206	134.296685
238.420000	0.000206	133.913115
238.472000	0.000205	133.530994
238.524000	0.000205	133.150087
238.576000	0.000205	132.770889
238.628000	0.000205	132.392675
238.680000	0.000205	132.016268
238.732000	0.000205	131.640691
238.784000	0.000205	131.267161
238.836000	0.000205	130.894220
238.888000	0.000205	130.523434
238.940000	0.000204	130.153106
238.992000	0.000204	129.785152
239.044000	0.000204	129.417424
239.096000	0.000204	129.052152
239.148000	0.000204	128.687203
239.200000	0.000204	128.324526
239.252000	0.000204	127.962288
239.304000	0.000204	127.602085
239.356000	0.000204	127.242595
239.408000	0.000203	126.884947
239.460000	0.000203	126.528157
239.512000	0.000203	126.172999
239.564000	0.000203	125.818822
239.616000	0.000203	125.466091
239.668000	0.000203	125.114608
239.720000	0.000203	124.764373
239.772000	0.000203	124.415456
239.824000	0.000203	124.067616
239.876000	0.000202	123.721296
239.928000	0.000202	123.375893
239.980000	0.000202	123.032201
240.032000	0.000202	122.689212
240.084000	0.000202	122.348025
240.136000	0.000202	122.007388
240.188000	0.000202	121.668733
240.240000	0.000202	121.330460
240.292000	0.000202	120.994320
240.344000	0.000202	120.658419
240.396000	0.000201	120.324742
240.448000	0.000201	119.991340
240.500000	0.000201	119.659968
240.552000	0.000201	119.329045
240.604000	0.000201	118.999958
240.656000	0.000201	118.671492
240.708000	0.000201	118.344672
240.760000	0.000201	118.018593
240.812000	0.000201	117.693977
240.864000	0.000200	117.370361
240.916000	0.000200	117.048031
240.968000	0.000200	116.726752
241.020000	0.000200	116.406599
241.072000	0.000200	116.087690
241.124000	0.000200	115.769759
241.176000	0.000200	115.453253
241.228000	0.000200	115.137515
241.280000	0.000200	114.823238
241.332000	0.000200	114.509629
241.384000	0.000199	114.197713
241.436000	0.000199	113.886292
241.488000	0.000199	113.576671
241.540000	0.000199	113.267361
241.592000	0.000199	112.959960
241.644000	0.000199	112.652819
241.696000	0.000199	112.347696
241.748000	0.000199	112.042798
241.800000	0.000199	111.739707
241.852000	0.000198	111.436995
241.904000	0.000198	111.135921
241.956000	0.000198	110.835468
242.008000	0.000198	110.536497
242.060000	0.000198	110.238258
242.112000	0.000198	109.941328
242.164000	0.000198	109.645222
242.216000	0.000198	109.350273
242.268000	0.000198	109.056329
242.320000	0.000198	108.763394
242.372000	0.000197	108.471596
242.424000	0.000197	108.180646
242.476000	0.000197	107.890923
242.528000	0.000197	107.601938
242.580000	0.000197	107.314377
242.632000	0.000197	107.027373
242.684000	0.000197	106.741852
242.736000	0.000197	106.456747
242.788000	0.000197	106.173250
242.840000	0.000196	105.890090
242.892000	0.000196	105.608707
242.944000	0.000196	105.327497
242.996000	0.000196	105.048063
243.048000	0.000196	104.768882
243.100000	0.000196	104.491337
243.152000	0.000196	104.214187
243.204000	0.000196	103.938516
243.256000	0.000196	103.663381
243.308000	0.000196	103.389570
243.360000	0.000195	103.116386
243.412000	0.000195	102.844375
243.464000	0.000195	102.573165
243.516000	0.000195	102.302985
243.568000	0.000195	102.033680
243.620000	0.000195	101.765280
243.672000	0.000195	101.497919
243.724000	0.000195	101.231332
243.776000	0.000195	100.965899
243.828000	0.000195	100.701113
243.880000	0.000194	100.437589
243.932000	0.000194	100.174563
243.984000	0.000194	99.912883
244.036000	0.000194	99.651599
244.088000	0.000194	99.391799
244.140000	0.000194	99.132275
244.192000	0.000194	98.874343
244.244000	0.000194	98.616570
244.296000	0.000194	98.360392
244.348000	0.000194	98.104457
244.400000	0.000193	97.849991
244.452000	0.000193	97.595854
244.504000	0.000193	97.343035
244.556000	0.000193	97.090762
244.608000	0.000193	96.839680
244.660000	0.000193	96.589125
244.712000	0.000193	96.339623
244.764000	0.000193	96.090907
244.816000	0.000193	95.843114
244.868000	0.000193	95.596121
244.920000	0.000192	95.349939
244.972000	0.000192	95.104706
245.024000	0.000192	94.860154
245.076000	0.000192	94.616615
245.128000	0.000192	94.373657
245.180000	0.000192	94.131851
245.232000	0.000192	93.890490
245.284000	0.000192	93.650350
245.336000	0.000192	93.410568
245.388000	0.000192	93.172133
245.440000	0.000191	92.933946
245.492000	0.000191	92.697199
245.544000	0.000191	92.460602
245.596000	0.000191	92.225442
245.648000	0.000191	91.990475
245.700000	0.000191	91.756814
245.752000	0.000191	91.523547
245.804000	0.000191	91.291481
245.856000	0.000191	91.059832
245.908000	0.000191	90.829240
245.960000	0.000191	90.599180
246.012000	0.000191	90.370063
246.064000	0.000191	90.141626
246.116000	0.000191	89.914014
246.168000	0.000191	89.687138
246.220000	0.000191	89.460988
246.272000	0.000191	89.235706
246.324000	0.000191	89.011047
246.376000	0.000191	88.787349
246.428000	0.000191	88.564155
246.480000	0.000191	88.341980
246.532000	0.000191	88.120202
246.584000	0.000191	87.899532
246.636000	0.000191	87.679211
246.688000	0.000191	87.460140
246.740000	0.000191	87.241232
246.792000	0.000191	87.023592
246.844000	0.000191	86.806125
246.896000	0.000191	86.589964
246.948000	0.000191	86.374025
247.000000	0.000191	86.159272
247.052000	0.000191	85.944809
247.104000	0.000191	85.731407
247.156000	0.000191	85.518393
247.208000	0.000191	85.306329
247.260000	0.000191	85.094802
247.312000	0.000191	84.884121
247.364000	0.000191	84.674073
247.416000	0.000191	84.464766
247.468000	0.000191	84.256126
247.520000	0.000191	84.048127
247.572000	0.000191	83.840886
247.624000	0.000191	83.634205
247.676000	0.000191	83.428403
247.728000	0.000191	83.223052
247.780000	0.000191	83.018626
247.832000	0.000191	82.814580
247.884000	0.000191	82.611572
247.936000	0.000191	82.408828
247.988000	0.000191	82.207174
248.040000	0.000191	82.005725
248.092000	0.000191	81.805466
248.144000	0.000191	81.605334
248.196000	0.000191	81.406361
248.248000	0.000191	81.207565
248.300000	0.000191	81.009825
248.352000	0.000191	80.812396
248.404000	0.000191	80.615928
248.456000	0.000191	80.419867
248.508000	0.000191	80.224664
248.560000	0.000191	80.029860
248.612000	0.000191	79.835815
248.664000	0.000191	79.642352
248.716000	0.000191	79.449561
248.768000	0.000191	79.257429
248.820000	0.000191	79.065873
248.872000	0.000191	78.875009
248.924000	0.000191	78.684634
248.976000	0.000191	78.495024
249.028000	0.000191	78.305839
249.080000	0.000191	78.117533
249.132000	0.000191	77.929545
249.184000	0.000191	77.742474
249.236000	0.000191	77.555639
249.288000	0.000191	77.369795
249.340000	0.000191	77.184139
249.392000	0.000191	76.999565
249.444000	0.000191	76.815112
249.496000	0.000191	76.631702
249.548000	0.000191	76.448500
249.600000	0.000191	76.266260
249.652000	0.000191	76.084226
249.704000	0.000191	75.903039
249.756000	0.000191	75.722285
249.808000	0.000191	75.542307
249.860000	0.000191	75.362692
249.912000	0.000191	75.183757
249.964000	0.000191	75.005363
250.016000	0.000191	74.827566
250.068000	0.000191	74.650332
250.120000	0.000191	74.473627
250.172000	0.000191	74.297596
250.224000	0.000191	74.122005
250.276000	0.000191	73.947113
250.328000	0.000191	73.772584
250.380000	0.000191	73.598827
250.432000	0.000191	73.425357
250.484000	0.000191	73.252721
250.536000	0.000191	73.080326
250.588000	0.000191	72.908857
250.640000	0.000191	72.737529
250.692000	0.000191	72.567166
250.744000	0.000191	72.396950
250.796000	0.000191	72.227690
250.848000	0.000191	72.058551
250.900000	0.000191	71.890257
250.952000	0.000191	71.722241
251.004000	0.000191	71.555004
251.056000	0.000191	71.388126
251.108000	0.000191	71.221942
251.160000	0.000191	71.056092
251.212000	0.000191	70.890855
251.264000	0.000191	70.726120
251.316000	0.000191	70.561921
251.368000	0.000191	70.398240
251.420000	0.000191	70.235025
251.472000	0.000191	70.072387
251.524000	0.000191	69.910160
251.576000	0.000191	69.748612
251.628000	0.000191	69.587391
251.680000	0.000191	69.426873
251.732000	0.000191	69.266613
251.784000	0.000191	69.107116
251.836000	0.000191	68.947812
251.888000	0.000191	68.789329
251.940000	0.000191	68.631003
251.992000	0.000191	68.473575
252.044000	0.000191	68.316253
252.096000	0.000191	68.159780
252.148000	0.000191	68.003459
252.200000	0.000191	67.847910
252.252000	0.000191	67.692582
252.304000	0.000191	67.537950
252.356000	0.000191	67.383654
252.408000	0.000191	67.229982
252.460000	0.000191	67.076671
252.512000	0.000191	66.923909
252.564000	0.000191	66.771562
252.616000	0.000191	66.619699
252.668000	0.000191	66.468312
252.720000	0.000191	66.317344
252.772000	0.000191	66.166906
252.824000	0.000191	66.016841
252.876000	0.000191	65.867403
252.928000	0.000191	65.718259
252.980000	0.000191	65.569755
253.032000	0.000191	65.421485
253.084000	0.000191	65.273912
253.136000	0.000191	65.126512
253.188000	0.000191	64.979862
253.240000	0.000191	64.833325
253.292000	0.000191	64.687588
253.344000	0.000191	64.541987
253.396000	0.000191	64.397169
253.448000	0.000191	64.252496
253.500000	0.000191	64.108520
253.552000	0.000191	63.964752
253.604000	0.000191	63.821612
253.656000	0.000191	63.678744
253.708000	0.000191	63.536433
253.760000	0.000191	63.394454
253.812000	0.000191	63.252974
253.864000	0.000191	63.111928
253.916000	0.000191	62.971310
253.968000	0.000191	62.831086
254.020000	0.000191	62.691253
254.072000	0.000191	62.551950
254.124000	0.000191	62.412968
254.176000	0.000191	62.274523
254.228000	0.000191	62.136344
254.280000	0.000191	61.998754
254.332000	0.000191	61.861375
254.384000	0.000191	61.724633
254.436000	0.000191	61.588048
254.488000	0.000191	61.452145
254.540000	0.000191	61.316381
254.592000	0.000191	61.181369
254.644000	0.000191	61.046413
254.696000	0.000191	60.912134
254.748000	0.000191	60.778033
254.800000	0.000191	60.644572
254.852000	0.000191	60.511310
254.904000	0.000191	60.378616
254.956000	0.000191	60.246173
255.008000	0.000191	60.114234
255.060000	0.000191	59.982605
255.112000	0.000191	59.851423
255.164000	0.000191	59.720598
255.216000	0.000191	59.590167
255.268000	0.000191	59.460139
255.320000	0.000191	59.330464
255.372000	0.000191	59.201280
255.424000	0.000191	59.072371
255.476000	0.000191	58.943921
255.528000	0.000191	58.815733
255.580000	0.000191	58.688116
255.632000	0.000191	58.560690
255.684000	0.000191	58.433846
255.736000	0.000191	58.307116
255.788000	0.000191	58.180989
255.840000	0.000191	58.054990
255.892000	0.000191	57.929679
255.944000	0.000191	57.804455
255.996000	0.000191	57.679858
256.048000	0.000191	57.555395
256.100000	0.000191	57.431501
256.152000	0.000191	57.307794
256.204000	0.000191	57.184598
256.256000	0.000191	57.061642
256.308000	0.000191	56.939140
256.360000	0.000191	56.816925
256.412000	0.000191	56.695118
256.464000	0.000191	56.573691
256.516000	0.000191	56.452611
256.568000	0.000191	56.331862
256.620000	0.000191	56.211422
256.672000	0.000191	56.091395
256.724000	0.000191	55.971648
256.776000	0.000191	55.852393
256.828000	0.000191	55.733336
256.880000	0.000191	55.614743
256.932000	0.000191	55.496348
256.984000	0.000191	55.378514
257.036000	0.000191	55.260782
257.088000	0.000191	55.143603
257.140000	0.000191	55.026542
257.192000	0.000191	54.910111
257.244000	0.000191	54.793726
257.296000	0.000191	54.677895
257.348000	0.000191	54.562232
257.400000	0.000191	54.447097
257.452000	0.000191	54.332138
257.504000	0.000191	54.217643
257.556000	0.000191	54.103322
257.608000	0.000191	53.989411
257.660000	0.000191	53.875820
257.712000	0.000191	53.762593
257.764000	0.000191	53.649675
257.816000	0.000191	53.537070
257.868000	0.000191	53.424769
257.920000	0.000191	53.312761
257.972000	0.000191	53.201173
258.024000	0.000191	53.089825
258.076000	0.000191	52.978897
258.128000	0.000191	52.868167
258.180000	0.000191	52.757891
258.232000	0.000191	52.647749
258.284000	0.000191	52.538074
258.336000	0.000191	52.428546
258.388000	0.000191	52.319566
258.440000	0.000191	52.210665
258.492000	0.000191	52.102323
258.544000	0.000191	51.994026
258.596000	0.000191	51.886233
258.648000	0.000191	51.778601
258.700000	0.000191	51.671449
258.752000	0.000191	51.564462
258.804000	0.000191	51.457894
258.856000	0.000191	51.351490
258.908000	0.000191	51.245457
258.960000	0.000191	51.139726
259.012000	0.000191	51.034321
259.064000	0.000191	50.929154
259.116000	0.000191	50.824287
259.168000	0.000191	50.719786
259.220000	0.000191	50.615526
259.272000	0.000191	50.511583
259.324000	0.000191	50.407873
259.376000	0.000191	50.304587
259.428000	0.000191	50.201460
259.480000	0.000191	50.098720
259.532000	0.000191	49.996150
259.584000	0.000191	49.894060
259.636000	0.000191	49.792048
259.688000	0.000191	49.690496
259.740000	0.000191	49.589019
259.792000	0.000191	49.488059
259.844000	0.000191	49.387171
259.896000	0.000191	49.286753
259.948000	0.000191	49.186454
