-260.000000	0.000376	96.382847
-259.948000	0.000376	96.791281
-259.896000	0.000376	97.204854
-259.844000	0.000376	97.618909
-259.792000	0.000376	98.038065
-259.740000	0.000376	98.457962
-259.688000	0.000376	98.882665
-259.636000	0.000376	99.308520
-259.584000	0.000376	99.738819
-259.532000	0.000376	100.170685
-259.480000	0.000376	100.606686
-259.428000	0.000376	101.044773
-259.376000	0.000376	101.486564
-259.324000	0.000376	101.930872
-259.272000	0.000376	102.378527
-259.220000	0.000376	102.829216
-259.168000	0.000376	103.282851
-259.116000	0.000376	103.740030
-259.064000	0.000376	104.199740
-259.012000	0.000376	104.663519
-258.960000	0.000376	105.129401
-258.908000	0.000376	105.599893
-258.856000	0.000376	106.072043
-258.804000	0.000376	106.549362
-258.752000	0.000376	107.027827
-258.700000	0.000376	107.512050
-258.648000	0.000376	107.997032
-258.596000	0.000376	108.488354
-258.544000	0.000376	108.980213
-258.492000	0.000376	109.478319
-258.440000	0.000376	109.977356
-258.388000	0.000376	110.482267
-258.336000	0.000377	110.988619
-258.284000	0.000377	111.500422
-258.232000	0.000377	112.014216
-258.180000	0.000377	112.533016
-258.128000	0.000377	113.054377
-258.076000	0.000378	113.580284
-258.024000	0.000378	114.109340
-257.972000	0.000378	114.642429
-257.920000	0.000378	115.179258
-257.868000	0.000378	115.719698
-257.816000	0.000379	116.264536
-257.764000	0.000379	116.812391
-257.712000	0.000379	117.365265
-257.660000	0.000379	117.920718
-257.608000	0.000379	118.481868
-257.556000	0.000380	119.044953
-257.504000	0.000380	119.614414
-257.452000	0.000380	120.185291
-257.400000	0.000380	120.763256
-257.348000	0.000380	121.342045
-257.296000	0.000381	121.928653
-257.244000	0.000381	122.515954
-257.192000	0.000381	123.110871
-257.140000	0.000381	123.706950
-257.088000	0.000381	124.310175
-257.036000	0.000382	124.915196
-256.984000	0.000382	125.526837
-256.932000	0.000382	126.140947
-256.880000	0.000382	126.761130
-256.828000	0.000382	127.384479
-256.776000	0.000383	128.013299
-256.724000	0.000383	128.645984
-256.672000	0.000383	129.283617
-256.620000	0.000383	129.925893
-256.568000	0.000383	130.572474
-256.516000	0.000384	131.224442
-256.464000	0.000384	131.880043
-256.412000	0.000384	132.541804
-256.360000	0.000384	133.206595
-256.308000	0.000384	133.878357
-256.256000	0.000385	134.552532
-256.204000	0.000385	135.234505
-256.152000	0.000385	135.918095
-256.100000	0.000385	136.610348
-256.048000	0.000385	137.303593
-255.996000	0.000386	138.006361
-255.944000	0.000386	138.709916
-255.892000	0.000386	139.422666
-255.840000	0.000386	140.136858
-255.788000	0.000386	140.859657
-255.736000	0.000387	141.584668
-255.684000	0.000387	142.317639
-255.632000	0.000387	143.053636
-255.580000	0.000387	143.796946
-255.528000	0.000387	144.544146
-255.476000	0.000388	145.297903
-255.424000	0.000388	146.056369
-255.372000	0.000388	146.820703
-255.320000	0.000388	147.590652
-255.268000	0.000388	148.365728
-255.216000	0.000389	149.147328
-255.164000	0.000389	149.933291
-255.112000	0.000389	150.726710
-255.060000	0.000389	151.523705
-255.008000	0.000389	152.329112
-254.956000	0.000390	153.137285
-254.904000	0.000390	153.954850
-254.852000	0.000390	154.774345
-254.800000	0.000390	155.604245
-254.748000	0.000390	156.435259
-254.696000	0.000391	157.277690
-254.644000	0.000391	158.121052
-254.592000	0.000391	158.975319
-254.540000	0.000391	159.831342
-254.488000	0.000391	160.697508
-254.436000	0.000392	161.566234
-254.384000	0.000392	162.444347
-254.332000	0.000392	163.326092
-254.280000	0.000392	164.216403
-254.228000	0.000393	165.111335
-254.176000	0.000393	166.013989
-254.124000	0.000393	166.922272
-254.072000	0.000393	167.837447
-254.020000	0.000393	168.759300
-253.968000	0.000394	169.687079
-253.916000	0.000394	170.622559
-253.864000	0.000394	171.563094
-253.812000	0.000394	172.512416
-253.760000	0.000394	173.465907
-253.708000	0.000395	174.429283
-253.656000	0.000395	175.395772
-253.604000	0.000395	176.373258
-253.552000	0.000395	177.352924
-253.500000	0.000395	178.344737
-253.448000	0.000396	179.337767
-253.396000	0.000396	180.344082
-253.344000	0.000396	181.351471
-253.292000	0.000396	182.371414
-253.240000	0.000396	183.393466
-253.188000	0.000397	184.427172
-253.136000	0.000397	185.464000
-253.084000	0.000397	186.511512
-253.032000	0.000397	187.563209
-252.980000	0.000398	188.624668
-252.928000	0.000398	189.691477
-252.876000	0.000398	190.767022
-252.824000	0.000398	191.849023
-252.772000	0.000398	192.938744
-252.720000	0.000399	194.036064
-252.668000	0.000399	195.140068
-252.616000	0.000399	196.252831
-252.564000	0.000399	197.371223
-252.512000	0.000399	198.499545
-252.460000	0.000400	199.632424
-252.408000	0.000400	200.776415
-252.356000	0.000400	201.923928
-252.304000	0.000400	203.083745
-252.252000	0.000400	204.245872
-252.200000	0.000401	205.421515
-252.148000	0.000401	206.598398
-252.096000	0.000401	207.790011
-252.044000	0.000401	208.982888
-251.992000	0.000402	210.189472
-251.940000	0.000402	211.398376
-251.888000	0.000402	212.619948
-251.836000	0.000402	213.844971
-251.784000	0.000402	215.081566
-251.732000	0.000403	216.322774
-251.680000	0.000403	217.574438
-251.628000	0.000403	218.831885
-251.576000	0.000403	220.098657
-251.524000	0.000403	221.372385
-251.472000	0.000404	222.654296
-251.420000	0.000404	223.944338
-251.368000	0.000404	225.241412
-251.316000	0.000404	226.547787
-251.264000	0.000405	227.860081
-251.212000	0.000405	229.182851
-251.160000	0.000405	230.510334
-251.108000	0.000405	231.849442
-251.056000	0.000405	233.192098
-251.004000	0.000406	234.547533
-250.952000	0.000406	235.905341
-250.900000	0.000406	237.277072
-250.848000	0.000406	238.650073
-250.796000	0.000407	240.037987
-250.744000	0.000407	241.427196
-250.692000	0.000407	242.830178
-250.640000	0.000407	244.235541
-250.588000	0.000407	245.653540
-250.536000	0.000408	247.075052
-250.484000	0.000408	248.507982
-250.432000	0.000408	249.945501
-250.380000	0.000408	251.393235
-250.328000	0.000408	252.846650
-250.276000	0.000409	254.309083
-250.224000	0.000409	255.778269
-250.172000	0.000409	257.255281
-250.120000	0.000409	258.740091
-250.068000	0.000410	260.231590
-250.016000	0.000410	261.731912
-249.964000	0.000410	263.237720
-249.912000	0.000410	264.753320
-249.860000	0.000410	266.273211
-249.808000	0.000411	267.803834
-249.756000	0.000411	269.337777
-249.704000	0.000411	270.883356
-249.652000	0.000411	272.430998
-249.600000	0.000412	273.991142
-249.548000	0.000412	275.552433
-249.496000	0.000412	277.126824
-249.444000	0.000412	278.702440
-249.392000	0.000412	280.289966
-249.340000	0.000413	281.879574
-249.288000	0.000413	283.479918
-249.236000	0.000413	285.083224
-249.184000	0.000413	286.696105
-249.132000	0.000414	288.312833
-249.080000	0.000414	289.937918
-249.028000	0.000414	291.567604
-248.976000	0.000414	293.204579
-248.924000	0.000414	294.846946
-248.872000	0.000415	296.495480
-248.820000	0.000415	298.150070
-248.768000	0.000415	299.809783
-248.716000	0.000415	301.476167
-248.664000	0.000416	303.146721
-248.612000	0.000416	304.824498
-248.560000	0.000416	306.505457
-248.508000	0.000416	308.194097
-248.456000	0.000416	309.885030
-248.404000	0.000417	311.584034
-248.352000	0.000417	313.284500
-248.300000	0.000417	314.993350
-248.248000	0.000417	316.703043
-248.196000	0.000418	318.421116
-248.144000	0.000418	320.139977
-248.092000	0.000418	321.866180
-248.040000	0.000418	323.593639
-247.988000	0.000418	325.327439
-247.936000	0.000419	327.062909
-247.884000	0.000419	328.803772
-247.832000	0.000419	330.546680
-247.780000	0.000419	332.294041
-247.728000	0.000420	334.043680
-247.676000	0.000420	335.796933
-247.624000	0.000420	337.552624
-247.572000	0.000420	339.311205
-247.520000	0.000420	341.072298
-247.468000	0.000421	342.835569
-247.416000	0.000421	344.601285
-247.364000	0.000421	346.368592
-247.312000	0.000421	348.138184
-247.260000	0.000422	349.908871
-247.208000	0.000422	351.681567
-247.156000	0.000422	353.455013
-247.104000	0.000422	355.230077
-247.052000	0.000423	357.005535
-247.000000	0.000423	358.782109
-246.948000	0.000423	360.558923
-246.896000	0.000423	362.336195
-246.844000	0.000423	364.113467
-246.792000	0.000424	365.890617
-246.740000	0.000424	367.667662
-246.688000	0.000424	369.443973
-246.636000	0.000424	371.219778
-246.584000	0.000425	372.994407
-246.532000	0.000425	374.768188
-246.480000	0.000425	376.540379
-246.428000	0.000425	378.311174
-246.376000	0.000426	380.080136
-246.324000	0.000426	381.847073
-246.272000	0.000426	383.611947
-246.220000	0.000426	385.373980
-246.168000	0.000426	387.134031
-246.116000	0.000427	388.890365
-246.064000	0.000427	390.644673
-246.012000	0.000427	392.394186
-245.960000	0.000427	394.141976
-245.908000	0.000428	395.883798
-245.856000	0.000428	397.624235
-245.804000	0.000428	399.357377
-245.752000	0.000428	401.089494
-245.700000	0.000429	402.812887
-245.648000	0.000429	404.535754
-245.596000	0.000429	406.248726
-245.544000	0.000429	407.960639
-245.492000	0.000429	409.662767
-245.440000	0.000430	411.362842
-245.388000	0.000430	413.053289
-245.336000	0.000430	414.740480
-245.284000	0.000430	416.418340
-245.232000	0.000431	418.091693
-245.180000	0.000431	419.756084
-245.128000	0.000431	421.414531
-245.076000	0.000431	423.064579
-245.024000	0.000432	424.707159
-244.972000	0.000432	426.341974
-244.920000	0.000432	427.967621
-244.868000	0.000432	429.586307
-244.816000	0.000433	431.194013
-244.764000	0.000433	432.795743
-244.712000	0.000433	434.384556
-244.660000	0.000433	435.968472
-244.608000	0.000433	437.537393
-244.556000	0.000434	439.102527
-244.504000	0.000434	440.650475
-244.452000	0.000434	442.196120
-244.400000	0.000434	443.722241
-244.348000	0.000435	445.246831
-244.296000	0.000435	446.750596
-244.244000	0.000435	448.252176
-244.192000	0.000435	449.733931
-244.140000	0.000436	451.211563
-244.088000	0.000436	452.670444
-244.036000	0.000436	454.123150
-243.984000	0.000436	455.558320
-243.932000	0.000437	456.985225
-243.880000	0.000437	458.395882
-243.828000	0.000437	459.796021
-243.776000	0.000437	461.181353
-243.724000	0.000438	462.553826
-243.672000	0.000438	463.913101
-243.620000	0.000438	465.257079
-243.568000	0.000438	466.589560
-243.516000	0.000438	467.904182
-243.464000	0.000439	469.209084
-243.412000	0.000439	470.493454
-243.360000	0.000439	471.770042
-243.308000	0.000439	473.023342
-243.256000	0.000440	474.271014
-243.204000	0.000440	475.492542
-243.152000	0.000440	476.710449
-243.100000	0.000440	477.899293
-243.048000	0.000441	479.085929
-242.996000	0.000441	480.242370
-242.944000	0.000441	481.395508
-242.892000	0.000441	482.520377
-242.840000	0.000442	483.639265
-242.788000	0.000442	484.731905
-242.736000	0.000442	485.815912
-242.684000	0.000442	486.875727
-242.632000	0.000443	487.924132
-242.580000	0.000443	488.950545
-242.528000	0.000443	489.962752
-242.476000	0.000443	490.955244
-242.424000	0.000444	491.930632
-242.372000	0.000444	492.888638
-242.320000	0.000444	493.826562
-242.268000	0.000444	494.749562
-242.216000	0.000445	495.649455
-242.164000	0.000445	496.537014
-242.112000	0.000445	497.398393
-242.060000	0.000445	498.250064
-242.008000	0.000445	499.072420
-241.956000	0.000446	499.887717
-241.904000	0.000446	500.670527
-241.852000	0.000446	501.449086
-241.800000	0.000446	502.191951
-241.748000	0.000447	502.932092
-241.696000	0.000447	503.635873
-241.644000	0.000447	504.335483
-241.592000	0.000447	505.001463
-241.540000	0.000448	505.660242
-241.488000	0.000448	506.288095
-241.436000	0.000448	506.905651
-241.384000	0.000448	507.495065
-241.332000	0.000449	508.071133
-241.280000	0.000449	508.621871
-241.228000	0.000449	509.156157
-241.176000	0.000449	509.667947
-241.124000	0.000450	510.160137
-241.072000	0.000450	510.632782
-241.020000	0.000450	511.082698
-240.968000	0.000450	511.516028
-240.916000	0.000451	511.923470
-240.864000	0.000451	512.317278
-240.812000	0.000451	512.682025
-240.760000	0.000451	513.036212
-240.708000	0.000452	513.358182
-240.656000	0.000452	513.672642
-240.604000	0.000452	513.951728
-240.552000	0.000452	514.226317
-240.500000	0.000453	514.462403
-240.448000	0.000453	514.695565
-240.396000	0.000453	514.890203
-240.344000	0.000453	515.080303
-240.292000	0.000454	515.235063
-240.240000	0.000454	515.382078
-240.188000	0.000454	515.496925
-240.136000	0.000454	515.600948
-240.084000	0.000455	515.675943
-240.032000	0.000455	515.737036
-239.980000	0.000455	515.772241
-239.928000	0.000455	515.790492
-239.876000	0.000456	515.785966
-239.824000	0.000456	515.761443
-239.772000	0.000456	515.717320
-239.720000	0.000456	515.650227
-239.668000	0.000457	515.566668
-239.616000	0.000457	515.457187
-239.564000	0.000457	515.334315
-239.512000	0.000457	515.182608
-239.460000	0.000458	515.020658
-239.408000	0.000458	514.827025
-239.356000	0.000458	514.626220
-239.304000	0.000458	514.390943
-239.252000	0.000459	514.151522
-239.200000	0.000459	513.874896
-239.148000	0.000459	513.595436
-239.096000	0.000460	513.279420
-239.044000	0.000460	512.958992
-238.992000	0.000460	512.605330
-238.940000	0.000460	512.244242
-238.888000	0.000461	511.853184
-238.836000	0.000461	511.451907
-238.784000	0.000461	511.023816
-238.732000	0.000461	510.582735
-238.680000	0.000462	510.118028
-238.628000	0.000462	509.637712
-238.576000	0.000462	509.136788
-238.524000	0.000462	508.617624
-238.472000	0.000463	508.080919
-238.420000	0.000463	507.523483
-238.368000	0.000463	506.951478
-238.316000	0.000463	506.356318
-238.264000	0.000464	505.749500
-238.212000	0.000464	505.117196
-238.160000	0.000464	504.476024
-238.108000	0.000464	503.807137
-238.056000	0.000465	503.132239
-238.004000	0.000465	502.427502
-237.952000	0.000465	501.719326
-237.900000	0.000465	500.979308
-237.848000	0.000466	500.236956
-237.796000	0.000466	499.463916
-237.744000	0.000466	498.687041
-237.692000	0.000466	497.882637
-237.640000	0.000467	497.072001
-237.588000	0.000467	496.236827
-237.536000	0.000467	495.393184
-237.484000	0.000468	494.527883
-237.432000	0.000468	493.652005
-237.380000	0.000468	492.757220
-237.328000	0.000468	491.849844
-237.276000	0.000469	490.926312
-237.224000	0.000469	489.988354
-237.172000	0.000469	489.036757
-237.120000	0.000469	488.068945
-237.068000	0.000470	487.090018
-237.016000	0.000470	486.093260
-236.964000	0.000470	485.087810
-236.912000	0.000470	484.063031
-236.860000	0.000471	483.031730
-236.808000	0.000471	481.979722
-236.756000	0.000471	480.923385
-236.704000	0.000471	479.845113
-236.652000	0.000472	478.764529
-236.600000	0.000472	477.660921
-236.548000	0.000472	476.555703
-236.496000	0.000473	475.428889
-236.444000	0.000473	474.299330
-236.392000	0.000473	473.150791
-236.340000	0.000473	471.997897
-236.288000	0.000474	470.828423
-236.236000	0.000474	469.653176
-236.184000	0.000474	468.463602
-236.132000	0.000474	467.266988
-236.080000	0.000475	466.058165
-236.028000	0.000475	464.841176
-235.976000	0.000475	463.613968
-235.924000	0.000475	462.377604
-235.872000	0.000476	461.132881
-235.820000	0.000476	459.878148
-235.768000	0.000476	458.616742
-235.716000	0.000477	457.344601
-235.664000	0.000477	456.067471
-235.612000	0.000477	454.779045
-235.560000	0.000477	453.487042
-235.508000	0.000478	452.183303
-235.456000	0.000478	450.877301
-235.404000	0.000478	449.559281
-235.352000	0.000478	448.240214
-235.300000	0.000479	446.908963
-235.248000	0.000479	445.576937
-235.196000	0.000479	444.234075
-235.144000	0.000479	442.889862
-235.092000	0.000480	441.536612
-235.040000	0.000480	440.181286
-234.988000	0.000480	438.818493
-234.936000	0.000481	437.453128
-234.884000	0.000481	436.081636
-234.832000	0.000481	434.707140
-234.780000	0.000481	433.327816
-234.728000	0.000482	431.945291
-234.676000	0.000482	430.558979
-234.624000	0.000482	429.169314
-234.572000	0.000482	427.776902
-234.520000	0.000483	426.381181
-234.468000	0.000483	424.983508
-234.416000	0.000483	423.582650
-234.364000	0.000484	422.180538
-234.312000	0.000484	420.775502
-234.260000	0.000484	419.369778
-234.208000	0.000484	417.961515
-234.156000	0.000485	416.553040
-234.104000	0.000485	415.142523
-234.052000	0.000485	413.731993
-234.000000	0.000485	412.320059
-233.948000	0.000486	410.908281
-233.896000	0.000486	409.495975
-233.844000	0.000486	408.083696
-233.792000	0.000487	406.671777
-233.740000	0.000487	405.260039
-233.688000	0.000487	403.849268
-233.636000	0.000487	402.438935
-233.584000	0.000488	401.029980
-233.532000	0.000488	399.621790
-233.480000	0.000488	398.215365
-233.428000	0.000489	396.810239
-233.376000	0.000489	395.407021
-233.324000	0.000489	394.005650
-233.272000	0.000489	392.606355
-233.220000	0.000490	391.209618
-233.168000	0.000490	389.814942
-233.116000	0.000490	388.423590
-233.064000	0.000490	387.034081
-233.012000	0.000491	385.648739
-232.960000	0.000491	384.265107
-232.908000	0.000491	382.886590
-232.856000	0.000492	381.509390
-232.804000	0.000492	380.138331
-232.752000	0.000492	378.768145
-232.700000	0.000492	377.405211
-232.648000	0.000493	376.043100
-232.596000	0.000493	374.688510
-232.544000	0.000493	373.335147
-232.492000	0.000494	371.989292
-232.440000	0.000494	370.645339
-232.388000	0.000494	369.308665
-232.336000	0.000494	367.974711
-232.284000	0.000495	366.647722
-232.232000	0.000495	365.324378
-232.180000	0.000495	364.007535
-232.128000	0.000496	362.695277
-232.076000	0.000496	361.389037
-232.024000	0.000496	360.088422
-231.972000	0.000496	358.793154
-231.920000	0.000497	357.504557
-231.868000	0.000497	356.220763
-231.816000	0.000497	354.944799
-231.764000	0.000498	353.672762
-231.712000	0.000498	352.409703
-231.660000	0.000498	351.149867
-231.608000	0.000498	349.900232
-231.556000	0.000499	348.652892
-231.504000	0.000499	347.417022
-231.452000	0.000499	346.182555
-231.400000	0.000499	344.960848
-231.348000	0.000500	343.740337
-231.296000	0.000500	342.532260
-231.244000	0.000500	341.326166
-231.192000	0.000501	340.131884
-231.140000	0.000501	338.940629
-231.088000	0.000501	337.760349
-231.036000	0.000501	336.584179
-230.984000	0.000502	335.418123
-230.932000	0.000502	334.257360
-230.880000	0.000502	333.105742
-230.828000	0.000503	331.960580
-230.776000	0.000503	330.823613
-230.724000	0.000503	329.694328
-230.672000	0.000504	328.572179
-230.620000	0.000504	327.458925
-230.568000	0.000504	326.351747
-230.516000	0.000504	325.254709
-230.464000	0.000505	324.162704
-230.412000	0.000505	323.082101
-230.360000	0.000505	322.005417
-230.308000	0.000506	320.941403
-230.256000	0.000506	319.880101
-230.204000	0.000506	318.832756
-230.152000	0.000506	317.786944
-230.100000	0.000507	316.756392
-230.048000	0.000507	315.727251
-229.996000	0.000507	314.712600
-229.944000	0.000508	313.700321
-229.892000	0.000508	312.701523
-229.840000	0.000508	311.706188
-229.788000	0.000508	310.723231
-229.736000	0.000509	309.744964
-229.684000	0.000509	308.777886
-229.632000	0.000509	307.816686
-229.580000	0.000510	306.865520
-229.528000	0.000510	305.921473
-229.476000	0.000510	304.986265
-229.424000	0.000511	304.059390
-229.372000	0.000511	303.140113
-229.320000	0.000511	302.230364
-229.268000	0.000511	301.327001
-229.216000	0.000512	300.434372
-229.164000	0.000512	299.546963
-229.112000	0.000512	298.671490
-229.060000	0.000513	297.800024
-229.008000	0.000513	296.941688
-228.956000	0.000513	296.086128
-228.904000	0.000513	295.244883
-228.852000	0.000514	294.405139
-228.800000	0.000514	293.580900
-228.748000	0.000514	292.758075
-228.696000	0.000515	291.949715
-228.644000	0.000515	291.143737
-228.592000	0.000515	290.351156
-228.540000	0.000516	289.562115
-228.488000	0.000516	288.785216
-228.436000	0.000516	288.012942
-228.384000	0.000516	287.251577
-228.332000	0.000517	286.495985
-228.280000	0.000517	285.750103
-228.228000	0.000517	285.011152
-228.176000	0.000518	284.280693
-228.124000	0.000518	283.558283
-228.072000	0.000518	282.843157
-228.020000	0.000519	282.137180
-227.968000	0.000519	281.437291
-227.916000	0.000519	280.747633
-227.864000	0.000519	280.062834
-227.812000	0.000520	279.389324
-227.760000	0.000520	278.719553
-227.708000	0.000520	278.062131
-227.656000	0.000521	277.407272
-227.604000	0.000521	276.765808
-227.552000	0.000521	276.125780
-227.500000	0.000522	275.500096
-227.448000	0.000522	274.875723
-227.396000	0.000522	274.264661
-227.344000	0.000522	273.655875
-227.292000	0.000523	273.059332
-227.240000	0.000523	272.466042
-227.188000	0.000523	271.883841
-227.136000	0.000524	271.305917
-227.084000	0.000524	270.737914
-227.032000	0.000524	270.175208
-226.980000	0.000525	269.621271
-226.928000	0.000525	269.073630
-226.876000	0.000525	268.533591
-226.824000	0.000525	268.000809
-226.772000	0.000526	267.474593
-226.720000	0.000526	266.956618
-226.668000	0.000526	266.444032
-226.616000	0.000527	265.940600
-226.564000	0.000527	265.441531
-226.512000	0.000527	264.952535
-226.460000	0.000528	264.466850
-226.408000	0.000528	263.992141
-226.356000	0.000528	263.519689
-226.304000	0.000529	263.059102
-226.252000	0.000529	262.599818
-226.200000	0.000529	262.153114
-226.148000	0.000529	261.707666
-226.096000	0.000530	261.273868
-226.044000	0.000530	260.842115
-225.992000	0.000530	260.421058
-225.940000	0.000531	260.002881
-225.888000	0.000531	259.594373
-225.836000	0.000531	259.189624
-225.784000	0.000532	258.793503
-225.732000	0.000532	258.402017
-225.680000	0.000532	258.018139
-225.628000	0.000533	257.639749
-225.576000	0.000533	257.267971
-225.524000	0.000533	256.902510
-225.472000	0.000534	256.542687
-225.420000	0.000534	256.189991
-225.368000	0.000534	255.841979
-225.316000	0.000534	255.501881
-225.264000	0.000535	255.165538
-225.212000	0.000535	254.837874
-225.160000	0.000535	254.513055
-225.108000	0.000536	254.197672
-225.056000	0.000536	253.884225
-225.004000	0.000536	253.580966
-224.952000	0.000537	253.278906
-224.900000	0.000537	252.987528
-224.848000	0.000537	252.697247
-224.796000	0.000538	252.416894
-224.744000	0.000538	252.138363
-224.692000	0.000538	251.868928
-224.640000	0.000539	251.601974
-224.588000	0.000539	251.343240
-224.536000	0.000539	251.087724
-224.484000	0.000539	250.839533
-224.432000	0.000540	250.595296
-224.380000	0.000540	250.357513
-224.328000	0.000540	250.124398
-224.276000	0.000541	249.896922
-224.224000	0.000541	249.674824
-224.172000	0.000541	249.457501
-224.120000	0.000542	249.246214
-224.068000	0.000542	249.038894
-224.016000	0.000542	248.838264
-223.964000	0.000543	248.640814
-223.912000	0.000543	248.450691
-223.860000	0.000543	248.262980
-223.808000	0.000544	248.083228
-223.756000	0.000544	247.905166
-223.704000	0.000544	247.735680
-223.652000	0.000545	247.567206
-223.600000	0.000545	247.407671
-223.548000	0.000545	247.249149
-223.496000	0.000546	247.098945
-223.444000	0.000546	246.950311
-223.392000	0.000546	246.809301
-223.340000	0.000546	246.670398
-223.288000	0.000547	246.538386
-223.236000	0.000547	246.409089
-223.184000	0.000547	246.285962
-223.132000	0.000548	246.166184
-223.080000	0.000548	246.051815
-223.028000	0.000548	245.941365
-222.976000	0.000549	245.835612
-222.924000	0.000549	245.734352
-222.872000	0.000549	245.637137
-222.820000	0.000550	245.544984
-222.768000	0.000550	245.456160
-222.716000	0.000550	245.372928
-222.664000	0.000551	245.292370
-222.612000	0.000551	245.217929
-222.560000	0.000551	245.145571
-222.508000	0.000552	245.079857
-222.456000	0.000552	245.015578
-222.404000	0.000552	244.958452
-222.352000	0.000553	244.902212
-222.300000	0.000553	244.853376
-222.248000	0.000553	244.805437
-222.196000	0.000554	244.764411
-222.144000	0.000554	244.724730
-222.092000	0.000554	244.691393
-222.040000	0.000555	244.659830
-221.988000	0.000555	244.634032
-221.936000	0.000555	244.610536
-221.884000	0.000556	244.592186
-221.832000	0.000556	244.576637
-221.780000	0.000556	244.565597
-221.728000	0.000557	244.557824
-221.676000	0.000557	244.553969
-221.624000	0.000557	244.553855
-221.572000	0.000558	244.557127
-221.520000	0.000558	244.564610
-221.468000	0.000558	244.574923
-221.416000	0.000559	244.589889
-221.364000	0.000559	244.607097
-221.312000	0.000559	244.629385
-221.260000	0.000560	244.653434
-221.208000	0.000560	244.682998
-221.156000	0.000560	244.713783
-221.104000	0.000561	244.750507
-221.052000	0.000561	244.788004
-221.000000	0.000561	244.831621
-220.948000	0.000562	244.876068
-220.896000	0.000562	244.926240
-220.844000	0.000562	244.977562
-220.792000	0.000563	245.034145
-220.740000	0.000563	245.092216
-220.688000	0.000563	245.155081
-220.636000	0.000564	245.219870
-220.584000	0.000564	245.288941
-220.532000	0.000564	245.360347
-220.480000	0.000565	245.435504
-220.428000	0.000565	245.513375
-220.376000	0.000565	245.594584
-220.324000	0.000566	245.678926
-220.272000	0.000566	245.766058
-220.220000	0.000566	245.856671
-220.168000	0.000567	245.949657
-220.116000	0.000567	246.046497
-220.064000	0.000567	246.145217
-220.012000	0.000568	246.248143
-219.960000	0.000568	246.352610
-219.908000	0.000568	246.461638
-219.856000	0.000569	246.571660
-219.804000	0.000569	246.686605
-219.752000	0.000569	246.802270
-219.700000	0.000570	246.922973
-219.648000	0.000570	247.044411
-219.596000	0.000570	247.170577
-219.544000	0.000571	247.297727
-219.492000	0.000571	247.429250
-219.440000	0.000571	247.562052
-219.388000	0.000572	247.698831
-219.336000	0.000572	247.837217
-219.284000	0.000572	247.979160
-219.232000	0.000573	248.123045
-219.180000	0.000573	248.270078
-219.128000	0.000573	248.419378
-219.076000	0.000574	248.571429
-219.024000	0.000574	248.726063
-218.972000	0.000574	248.883019
-218.920000	0.000575	249.042852
-218.868000	0.000575	249.204720
-218.816000	0.000575	249.369775
-218.764000	0.000576	249.536457
-218.712000	0.000576	249.706609
-218.660000	0.000577	249.878025
-218.608000	0.000577	250.053206
-218.556000	0.000577	250.229276
-218.504000	0.000578	250.409409
-218.452000	0.000578	250.590177
-218.400000	0.000578	250.775076
-218.348000	0.000579	250.960626
-218.296000	0.000579	251.150066
-218.244000	0.000579	251.340350
-218.192000	0.000580	251.534238
-218.140000	0.000580	251.729203
-218.088000	0.000580	251.927481
-218.036000	0.000581	252.127126
-217.984000	0.000581	252.329683
-217.932000	0.000581	252.533830
-217.880000	0.000582	252.740618
-217.828000	0.000582	252.949300
-217.776000	0.000582	253.160266
-217.724000	0.000583	253.373360
-217.672000	0.000583	253.588466
-217.620000	0.000583	253.805956
-217.568000	0.000584	254.025064
-217.516000	0.000584	254.246777
-217.464000	0.000585	254.469906
-217.412000	0.000585	254.695883
-217.360000	0.000585	254.922930
-217.308000	0.000586	255.153068
-217.256000	0.000586	255.384012
-217.204000	0.000586	255.618276
-217.152000	0.000587	255.853056
-217.100000	0.000587	256.091229
-217.048000	0.000587	256.330055
-216.996000	0.000588	256.572035
-216.944000	0.000588	256.814707
-216.892000	0.000588	257.060347
-216.840000	0.000589	257.306922
-216.788000	0.000589	257.556193
-216.736000	0.000590	257.806574
-216.684000	0.000590	258.059401
-216.632000	0.000590	258.313579
-216.580000	0.000591	258.569901
-216.528000	0.000591	258.827761
-216.476000	0.000591	259.087502
-216.424000	0.000592	259.348984
-216.372000	0.000592	259.612133
-216.320000	0.000592	259.877227
-216.268000	0.000593	260.143747
-216.216000	0.000593	260.412394
-216.164000	0.000593	260.682183
-216.112000	0.000594	260.954277
-216.060000	0.000594	261.227270
-216.008000	0.000595	261.502769
-215.956000	0.000595	261.778958
-215.904000	0.000595	262.057854
-215.852000	0.000596	262.337279
-215.800000	0.000596	262.619409
-215.748000	0.000596	262.902050
-215.696000	0.000597	263.187252
-215.644000	0.000597	263.473113
-215.592000	0.000597	263.761345
-215.540000	0.000598	264.050333
-215.488000	0.000598	264.341548
-215.436000	0.000599	264.633729
-215.384000	0.000599	264.927832
-215.332000	0.000599	265.222995
-215.280000	0.000600	265.519960
-215.228000	0.000600	265.818207
-215.176000	0.000600	266.117978
-215.124000	0.000601	266.419149
-215.072000	0.000601	266.721685
-215.020000	0.000601	267.025779
-214.968000	0.000602	267.331047
-214.916000	0.000602	267.638010
-214.864000	0.000603	267.945914
-214.812000	0.000603	268.255650
-214.760000	0.000603	268.566182
-214.708000	0.000604	268.878708
-214.656000	0.000604	269.191866
-214.604000	0.000604	269.507150
-214.552000	0.000605	269.822814
-214.500000	0.000605	270.140625
-214.448000	0.000605	270.458964
-214.396000	0.000606	270.779302
-214.344000	0.000606	271.100210
-214.292000	0.000607	271.422995
-214.240000	0.000607	271.746435
-214.188000	0.000607	272.071583
-214.136000	0.000608	272.397470
-214.084000	0.000608	272.724920
-214.032000	0.000608	273.053256
-213.980000	0.000609	273.383024
-213.928000	0.000609	273.713811
-213.876000	0.000610	274.045799
-213.824000	0.000610	274.378883
-213.772000	0.000610	274.713098
-213.720000	0.000611	275.048534
-213.668000	0.000611	275.384869
-213.616000	0.000611	275.722504
-213.564000	0.000612	276.060996
-213.512000	0.000612	276.400894
-213.460000	0.000613	276.741396
-213.408000	0.000613	277.083424
-213.356000	0.000613	277.425988
-213.304000	0.000614	277.770189
-213.252000	0.000614	278.114792
-213.200000	0.000614	278.460999
-213.148000	0.000615	278.807643
-213.096000	0.000615	279.155766
-213.044000	0.000616	279.504383
-212.992000	0.000616	279.854402
-212.940000	0.000616	280.204958
-212.888000	0.000617	280.556845
-212.836000	0.000617	280.909364
-212.784000	0.000617	281.263060
-212.732000	0.000618	281.617443
-212.680000	0.000618	281.972882
-212.628000	0.000619	282.329083
-212.576000	0.000619	282.686225
-212.524000	0.000619	283.044197
-212.472000	0.000620	283.403044
-212.420000	0.000620	283.762794
-212.368000	0.000620	284.123274
-212.316000	0.000621	284.484704
-212.264000	0.000621	284.846768
-212.212000	0.000622	285.209846
-212.160000	0.000622	285.573496
-212.108000	0.000622	285.938234
-212.056000	0.000623	286.303368
-212.004000	0.000623	286.669682
-211.952000	0.000624	287.036380
-211.900000	0.000624	287.404189
-211.848000	0.000624	287.772390
-211.796000	0.000625	288.141580
-211.744000	0.000625	288.511196
-211.692000	0.000625	288.881794
-211.640000	0.000626	289.252850
-211.588000	0.000626	289.624835
-211.536000	0.000627	289.997304
-211.484000	0.000627	290.370589
-211.432000	0.000627	290.744375
-211.380000	0.000628	291.118931
-211.328000	0.000628	291.494043
-211.276000	0.000629	291.869816
-211.224000	0.000629	292.246158
-211.172000	0.000629	292.623135
-211.120000	0.000630	293.000716
-211.068000	0.000630	293.378873
-211.016000	0.000630	293.757651
-210.964000	0.000631	294.136900
-210.912000	0.000631	294.516794
-210.860000	0.000632	294.897133
-210.808000	0.000632	295.278162
-210.756000	0.000632	295.659544
-210.704000	0.000633	296.041654
-210.652000	0.000633	296.424052
-210.600000	0.000634	296.807112
-210.548000	0.000634	297.190559
-210.496000	0.000634	297.574549
-210.444000	0.000635	297.958934
-210.392000	0.000635	298.343886
-210.340000	0.000636	298.729191
-210.288000	0.000636	299.115045
-210.236000	0.000636	299.501245
-210.184000	0.000637	299.887950
-210.132000	0.000637	300.275003
-210.080000	0.000638	300.662487
-210.028000	0.000638	301.050299
-209.976000	0.000638	301.438583
-209.924000	0.000639	301.827217
-209.872000	0.000639	302.216215
-209.820000	0.000640	302.605526
-209.768000	0.000640	302.995270
-209.716000	0.000640	303.385321
-209.664000	0.000641	303.775691
-209.612000	0.000641	304.166358
-209.560000	0.000642	304.557399
-209.508000	0.000642	304.948740
-209.456000	0.000642	305.340307
-209.404000	0.000643	305.732204
-209.352000	0.000643	306.124418
-209.300000	0.000644	306.516856
-209.248000	0.000644	306.909640
-209.196000	0.000644	307.302527
-209.144000	0.000645	307.695750
-209.092000	0.000645	308.089143
-209.040000	0.000646	308.482793
-208.988000	0.000646	308.876657
-208.936000	0.000646	309.270762
-208.884000	0.000647	309.665047
-208.832000	0.000647	310.059514
-208.780000	0.000648	310.454159
-208.728000	0.000648	310.848950
-208.676000	0.000648	311.243923
-208.624000	0.000649	311.638998
-208.572000	0.000649	312.034308
-208.520000	0.000650	312.429682
-208.468000	0.000650	312.825261
-208.416000	0.000650	313.220842
-208.364000	0.000651	313.616647
-208.312000	0.000651	314.012419
-208.260000	0.000652	314.408452
-208.208000	0.000652	314.804428
-208.156000	0.000652	315.200597
-208.104000	0.000653	315.596701
-208.052000	0.000653	315.993072
-208.000000	0.000654	316.389250
-207.948000	0.000654	316.785735
-207.896000	0.000654	317.181931
-207.844000	0.000655	317.578435
-207.792000	0.000655	317.974739
-207.740000	0.000656	318.371205
-207.688000	0.000656	318.767548
-207.636000	0.000656	319.164004
-207.584000	0.000657	319.560369
-207.532000	0.000657	319.956779
-207.480000	0.000658	320.353098
-207.428000	0.000658	320.749373
-207.376000	0.000659	321.145634
-207.324000	0.000659	321.541789
-207.272000	0.000659	321.937977
-207.220000	0.000660	322.333976
-207.168000	0.000660	322.730012
-207.116000	0.000661	323.125767
-207.064000	0.000661	323.521663
-207.012000	0.000661	323.917214
-206.960000	0.000662	324.312921
-206.908000	0.000662	324.708237
-206.856000	0.000663	325.103719
-206.804000	0.000663	325.498764
-206.752000	0.000664	325.894032
-206.700000	0.000664	326.288731
-206.648000	0.000664	326.683738
-206.596000	0.000665	327.078053
-206.544000	0.000665	327.472586
-206.492000	0.000666	327.866622
-206.440000	0.000666	328.260789
-206.388000	0.000666	328.654519
-206.336000	0.000667	329.048244
-206.284000	0.000667	329.441566
-206.232000	0.000668	329.834763
-206.180000	0.000668	330.227693
-206.128000	0.000669	330.620435
-206.076000	0.000669	331.012947
-206.024000	0.000669	331.405146
-205.972000	0.000670	331.797194
-205.920000	0.000670	332.188818
-205.868000	0.000671	332.580373
-205.816000	0.000671	332.971388
-205.764000	0.000672	333.362423
-205.712000	0.000672	333.752826
-205.660000	0.000672	334.143340
-205.608000	0.000673	334.533147
-205.556000	0.000673	334.923056
-205.504000	0.000674	335.312187
-205.452000	0.000674	335.701501
-205.400000	0.000674	336.089901
-205.348000	0.000675	336.478613
-205.296000	0.000675	336.866306
-205.244000	0.000676	337.254193
-205.192000	0.000676	337.641253
-205.140000	0.000677	338.028329
-205.088000	0.000677	338.414713
-205.036000	0.000677	338.801008
-204.984000	0.000678	339.186678
-204.932000	0.000678	339.572110
-204.880000	0.000679	339.957051
-204.828000	0.000679	340.341641
-204.776000	0.000680	340.725809
-204.724000	0.000680	341.109476
-204.672000	0.000680	341.492873
-204.620000	0.000681	341.875639
-204.568000	0.000681	342.258251
-204.516000	0.000682	342.640089
-204.464000	0.000682	343.021839
-204.412000	0.000683	343.402697
-204.360000	0.000683	343.783583
-204.308000	0.000684	344.163479
-204.256000	0.000684	344.543423
-204.204000	0.000684	344.922305
-204.152000	0.000685	345.301420
-204.100000	0.000685	345.679284
-204.048000	0.000686	346.057392
-203.996000	0.000686	346.434200
-203.944000	0.000687	346.811181
-203.892000	0.000687	347.187091
-203.840000	0.000687	347.562968
-203.788000	0.000688	347.937908
-203.736000	0.000688	348.312660
-203.684000	0.000689	348.686603
-203.632000	0.000689	349.060204
-203.580000	0.000690	349.433127
-203.528000	0.000690	349.805552
-203.476000	0.000691	350.177433
-203.424000	0.000691	350.548657
-203.372000	0.000691	350.919430
-203.320000	0.000692	351.289376
-203.268000	0.000692	351.659104
-203.216000	0.000693	352.027852
-203.164000	0.000693	352.396531
-203.112000	0.000694	352.764085
-203.060000	0.000694	353.131554
-203.008000	0.000694	353.497803
-202.956000	0.000695	353.864147
-202.904000	0.000695	354.229139
-202.852000	0.000696	354.594260
-202.800000	0.000696	354.957905
-202.748000	0.000697	355.321875
-202.696000	0.000697	355.684277
-202.644000	0.000698	356.046769
-202.592000	0.000698	356.407997
-202.540000	0.000698	356.769149
-202.488000	0.000699	357.129167
-202.436000	0.000699	357.488908
-202.384000	0.000700	357.847698
-202.332000	0.000700	358.206060
-202.280000	0.000701	358.563592
-202.228000	0.000701	358.920503
-202.176000	0.000702	359.276780
-202.124000	0.000702	359.632271
-202.072000	0.000703	359.987248
-202.020000	0.000703	360.341249
-201.968000	0.000703	360.694945
-201.916000	0.000704	361.047490
-201.864000	0.000704	361.399897
-201.812000	0.000705	361.750998
-201.760000	0.000705	362.102012
-201.708000	0.000706	362.451616
-201.656000	0.000706	362.801328
-201.604000	0.000707	363.149474
-201.552000	0.000707	363.497735
-201.500000	0.000707	363.844301
-201.448000	0.000708	364.191171
-201.396000	0.000708	364.536323
-201.344000	0.000709	364.881585
-201.292000	0.000709	365.225395
-201.240000	0.000710	365.569042
-201.188000	0.000710	365.911463
-201.136000	0.000711	366.253583
-201.084000	0.000711	366.594591
-201.032000	0.000712	366.935067
-200.980000	0.000712	367.274675
-200.928000	0.000713	367.613595
-200.876000	0.000713	367.951790
-200.824000	0.000713	368.289089
-200.772000	0.000714	368.625798
-200.720000	0.000714	368.961409
-200.668000	0.000715	369.296707
-200.616000	0.000715	369.630726
-200.564000	0.000716	369.964561
-200.512000	0.000716	370.296961
-200.460000	0.000717	370.629338
-200.408000	0.000717	370.960150
-200.356000	0.000718	371.291010
-200.304000	0.000718	371.620171
-200.252000	0.000719	371.949522
-200.200000	0.000719	372.277004
-200.148000	0.000719	372.604737
-200.096000	0.000720	372.930649
-200.044000	0.000720	373.256668
-199.992000	0.000721	373.581176
-199.940000	0.000721	373.905531
-199.888000	0.000722	374.228539
-199.836000	0.000722	374.551169
-199.784000	0.000723	374.872640
-199.732000	0.000723	375.193536
-199.680000	0.000724	375.513536
-199.628000	0.000724	375.832795
-199.576000	0.000725	376.151235
-199.524000	0.000725	376.468692
-199.472000	0.000725	376.785653
-199.420000	0.000726	377.101457
-199.368000	0.000726	377.416870
-199.316000	0.000727	377.730917
-199.264000	0.000727	378.044861
-199.212000	0.000728	378.357278
-199.160000	0.000728	378.669613
-199.108000	0.000729	378.980300
-199.056000	0.000729	379.291076
-199.004000	0.000730	379.600071
-198.952000	0.000730	379.909298
-198.900000	0.000731	380.216583
-198.848000	0.000731	380.524143
-198.796000	0.000732	380.829829
-198.744000	0.000732	381.135592
-198.692000	0.000733	381.439801
-198.640000	0.000733	381.743824
-198.588000	0.000734	382.046493
-198.536000	0.000734	382.348773
-198.484000	0.000734	382.649934
-198.432000	0.000735	382.950521
-198.380000	0.000735	383.250158
-198.328000	0.000736	383.548997
-198.276000	0.000736	383.847090
-198.224000	0.000737	384.144181
-198.172000	0.000737	384.440729
-198.120000	0.000738	384.736071
-198.068000	0.000738	385.031121
-198.016000	0.000739	385.324774
-197.964000	0.000739	385.618327
-197.912000	0.000740	385.910322
-197.860000	0.000740	386.202289
-197.808000	0.000741	386.492577
-197.756000	0.000741	386.782963
-197.704000	0.000742	387.071552
-197.652000	0.000742	387.360423
-197.600000	0.000743	387.647348
-197.548000	0.000743	387.934576
-197.496000	0.000744	388.219946
-197.444000	0.000744	388.505374
-197.392000	0.000745	388.789314
-197.340000	0.000745	389.073107
-197.288000	0.000746	389.355567
-197.236000	0.000746	389.637624
-197.184000	0.000747	389.918587
-197.132000	0.000747	390.198963
-197.080000	0.000748	390.478454
-197.028000	0.000748	390.757154
-196.976000	0.000749	391.035179
-196.924000	0.000749	391.312209
-196.872000	0.000749	391.588771
-196.820000	0.000750	391.864135
-196.768000	0.000750	392.139239
-196.716000	0.000751	392.412955
-196.664000	0.000751	392.686596
-196.612000	0.000752	392.958703
-196.560000	0.000752	393.230853
-196.508000	0.000753	393.501367
-196.456000	0.000753	393.772089
-196.404000	0.000754	394.041048
-196.352000	0.000754	394.310304
-196.300000	0.000755	394.577679
-196.248000	0.000755	394.845391
-196.196000	0.000756	395.111327
-196.144000	0.000756	395.377310
-196.092000	0.000757	395.641908
-196.040000	0.000757	395.906382
-195.988000	0.000758	396.169630
-195.936000	0.000758	396.432501
-195.884000	0.000759	396.694351
-195.832000	0.000759	396.955628
-195.780000	0.000760	397.216129
-195.728000	0.000760	397.475875
-195.676000	0.000761	397.735052
-195.624000	0.000761	397.993277
-195.572000	0.000762	398.251142
-195.520000	0.000762	398.507858
-195.468000	0.000763	398.764419
-195.416000	0.000763	399.019649
-195.364000	0.000764	399.274851
-195.312000	0.000764	399.528597
-195.260000	0.000765	399.782520
-195.208000	0.000765	400.034879
-195.156000	0.000766	400.287433
-195.104000	0.000766	400.538331
-195.052000	0.000767	400.789589
-195.000000	0.000767	401.039093
-194.948000	0.000768	401.288971
-194.896000	0.000768	401.537256
-194.844000	0.000769	401.785650
-194.792000	0.000769	402.032762
-194.740000	0.000770	402.279736
-194.688000	0.000770	402.525665
-194.636000	0.000771	402.771287
-194.584000	0.000772	403.016038
-194.532000	0.000772	403.260270
-194.480000	0.000773	403.503833
-194.428000	0.000773	403.746691
-194.376000	0.000774	403.989121
-194.324000	0.000774	404.230673
-194.272000	0.000775	404.471953
-194.220000	0.000775	404.712161
-194.168000	0.000776	404.952344
-194.116000	0.000776	405.191295
-194.064000	0.000777	405.430383
-194.012000	0.000777	405.668124
-193.960000	0.000778	405.906044
-193.908000	0.000778	406.142559
-193.856000	0.000779	406.379437
-193.804000	0.000779	406.614804
-193.752000	0.000780	406.850555
-193.700000	0.000780	407.084719
-193.648000	0.000781	407.319264
-193.596000	0.000781	407.552428
-193.544000	0.000782	407.785738
-193.492000	0.000782	408.017991
-193.440000	0.000783	408.250184
-193.388000	0.000783	408.481464
-193.336000	0.000784	408.712455
-193.284000	0.000784	408.942792
-193.232000	0.000785	409.172704
-193.180000	0.000785	409.402122
-193.128000	0.000786	409.630923
-193.076000	0.000786	409.859419
-193.024000	0.000787	410.087128
-192.972000	0.000788	410.314765
-192.920000	0.000788	410.541453
-192.868000	0.000789	410.768260
-192.816000	0.000789	410.993968
-192.764000	0.000790	411.219886
-192.712000	0.000790	411.444613
-192.660000	0.000791	411.669626
-192.608000	0.000791	411.893402
-192.556000	0.000792	412.117584
-192.504000	0.000792	412.340472
-192.452000	0.000793	412.563847
-192.400000	0.000793	412.785863
-192.348000	0.000794	413.008302
-192.296000	0.000794	413.229611
-192.244000	0.000795	413.451110
-192.192000	0.000795	413.671757
-192.140000	0.000796	413.892382
-192.088000	0.000796	414.112341
-192.036000	0.000797	414.332112
-191.984000	0.000798	414.551402
-191.932000	0.000798	414.770341
-191.880000	0.000799	414.988980
-191.828000	0.000799	415.207109
-191.776000	0.000800	415.425116
-191.724000	0.000800	415.642457
-191.672000	0.000801	415.859897
-191.620000	0.000801	416.076524
-191.568000	0.000802	416.293376
-191.516000	0.000802	416.509287
-191.464000	0.000803	416.725591
-191.412000	0.000803	416.940886
-191.360000	0.000804	417.156579
-191.308000	0.000805	417.371243
-191.256000	0.000805	417.586397
-191.204000	0.000806	417.800490
-191.152000	0.000806	418.015132
-191.100000	0.000807	418.228659
-191.048000	0.000807	418.442619
-190.996000	0.000808	418.655744
-190.944000	0.000808	418.869142
-190.892000	0.000809	419.081910
-190.840000	0.000809	419.294699
-190.788000	0.000810	419.507057
-190.736000	0.000810	419.719314
-190.684000	0.000811	419.931345
-190.632000	0.000812	420.143150
-190.580000	0.000812	420.354858
-190.528000	0.000813	420.566176
-190.476000	0.000813	420.777520
-190.424000	0.000814	420.988325
-190.372000	0.000814	421.199447
-190.320000	0.000815	421.409916
-190.268000	0.000815	421.620718
-190.216000	0.000816	421.830754
-190.164000	0.000817	422.041367
-190.112000	0.000817	422.251166
-190.060000	0.000818	422.461421
-190.008000	0.000818	422.670883
-189.956000	0.000819	422.880966
-189.904000	0.000819	423.090223
-189.852000	0.000820	423.300050
-189.800000	0.000820	423.509055
-189.748000	0.000821	423.718571
-189.696000	0.000821	423.927510
-189.644000	0.000822	424.136747
-189.592000	0.000823	424.345635
-189.540000	0.000823	424.554650
-189.488000	0.000824	424.763471
-189.436000	0.000824	424.972285
-189.384000	0.000825	425.181059
-189.332000	0.000825	425.389697
-189.280000	0.000826	425.598445
-189.228000	0.000826	425.806930
-189.176000	0.000827	426.015712
-189.124000	0.000828	426.224117
-189.072000	0.000828	426.432921
-189.020000	0.000829	426.641218
-188.968000	0.000829	426.850103
-188.916000	0.000830	427.058401
-188.864000	0.000830	427.267303
-188.812000	0.000831	427.475616
-188.760000	0.000832	427.684630
-188.708000	0.000832	427.893048
-188.656000	0.000833	428.102038
-188.604000	0.000833	428.310512
-188.552000	0.000834	428.519766
-188.500000	0.000834	428.728345
-188.448000	0.000835	428.937238
-188.396000	0.000835	429.145895
-188.344000	0.000836	429.354999
-188.292000	0.000837	429.564077
-188.240000	0.000837	429.773440
-188.188000	0.000838	429.982929
-188.136000	0.000838	430.192574
-188.084000	0.000839	430.402146
-188.032000	0.000839	430.611568
-187.980000	0.000840	430.821409
-187.928000	0.000841	431.031156
-187.876000	0.000841	431.241464
-187.824000	0.000842	431.451556
-187.772000	0.000842	431.661880
-187.720000	0.000843	431.871812
-187.668000	0.000843	432.083088
-187.616000	0.000844	432.293952
-187.564000	0.000845	432.505193
-187.512000	0.000845	432.716050
-187.460000	0.000846	432.927746
-187.408000	0.000846	433.139003
-187.356000	0.000847	433.350653
-187.304000	0.000848	433.562161
-187.252000	0.000848	433.774835
-187.200000	0.000849	433.987077
-187.148000	0.000849	434.199647
-187.096000	0.000850	434.412206
-187.044000	0.000850	434.625241
-186.992000	0.000851	434.838445
-186.940000	0.000852	435.051988
-186.888000	0.000852	435.265833
-186.836000	0.000853	435.479904
-186.784000	0.000853	435.694404
-186.732000	0.000854	435.909020
-186.680000	0.000854	436.123803
-186.628000	0.000855	436.338461
-186.576000	0.000856	436.553799
-186.524000	0.000856	436.769041
-186.472000	0.000857	436.985551
-186.420000	0.000857	437.201914
-186.368000	0.000858	437.418687
-186.316000	0.000859	437.635201
-186.264000	0.000859	437.852642
-186.212000	0.000860	438.069873
-186.160000	0.000860	438.287981
-186.108000	0.000861	438.505944
-186.056000	0.000862	438.724736
-186.004000	0.000862	438.943444
-185.952000	0.000863	439.162942
-185.900000	0.000863	439.382227
-185.848000	0.000864	439.601844
-185.796000	0.000864	439.821872
-185.744000	0.000865	440.042698
-185.692000	0.000866	440.263855
-185.640000	0.000866	440.485402
-185.588000	0.000867	440.707083
-185.536000	0.000867	440.928843
-185.484000	0.000868	441.151508
-185.432000	0.000869	441.374539
-185.380000	0.000869	441.598235
-185.328000	0.000870	441.822033
-185.276000	0.000870	442.046171
-185.224000	0.000871	442.270225
-185.172000	0.000872	442.495625
-185.120000	0.000872	442.720994
-185.068000	0.000873	442.947342
-185.016000	0.000873	443.173548
-184.964000	0.000874	443.400220
-184.912000	0.000875	443.626901
-184.860000	0.000875	443.854935
-184.808000	0.000876	444.082984
-184.756000	0.000876	444.311872
-184.704000	0.000877	444.540843
-184.652000	0.000878	444.770591
-184.600000	0.000878	445.000498
-184.548000	0.000879	445.231072
-184.496000	0.000879	445.461973
-184.444000	0.000880	445.693406
-184.392000	0.000881	445.925287
-184.340000	0.000881	446.157603
-184.288000	0.000882	446.390465
-184.236000	0.000883	446.623674
-184.184000	0.000883	446.857878
-184.132000	0.000884	447.092511
-184.080000	0.000884	447.327490
-184.028000	0.000885	447.562514
-183.976000	0.000886	447.798802
-183.924000	0.000886	448.035270
-183.872000	0.000887	448.272662
-183.820000	0.000887	448.510063
-183.768000	0.000888	448.748479
-183.716000	0.000889	448.986883
-183.664000	0.000889	449.226265
-183.612000	0.000890	449.465769
-183.560000	0.000891	449.706631
-183.508000	0.000891	449.947512
-183.456000	0.000892	450.188815
-183.404000	0.000892	450.430478
-183.352000	0.000893	450.673275
-183.300000	0.000894	450.916360
-183.248000	0.000894	451.160110
-183.196000	0.000895	451.404277
-183.144000	0.000895	451.649000
-183.092000	0.000896	451.894511
-183.040000	0.000897	452.140742
-182.988000	0.000897	452.387574
-182.936000	0.000898	452.634794
-182.884000	0.000899	452.882702
-182.832000	0.000899	453.130918
-182.780000	0.000900	453.380301
-182.728000	0.000900	453.630038
-182.676000	0.000901	453.880199
-182.624000	0.000902	454.130419
-182.572000	0.000902	454.382057
-182.520000	0.000903	454.633809
-182.468000	0.000904	454.887100
-182.416000	0.000904	455.140452
-182.364000	0.000905	455.394778
-182.312000	0.000905	455.649226
-182.260000	0.000906	455.904566
-182.208000	0.000907	456.160110
-182.156000	0.000907	456.416472
-182.104000	0.000908	456.673269
-182.052000	0.000909	456.931177
-182.000000	0.000909	457.189441
-181.948000	0.000910	457.448365
-181.896000	0.000911	457.707969
-181.844000	0.000911	457.968435
-181.792000	0.000912	458.229430
-181.740000	0.000912	458.490922
-181.688000	0.000913	458.753337
-181.636000	0.000914	459.016370
-181.584000	0.000914	459.280094
-181.532000	0.000915	459.544153
-181.480000	0.000916	459.808980
-181.428000	0.000916	460.074059
-181.376000	0.000917	460.340423
-181.324000	0.000918	460.607044
-181.272000	0.000918	460.874594
-181.220000	0.000919	461.142234
-181.168000	0.000920	461.411402
-181.116000	0.000920	461.680689
-181.064000	0.000921	461.951408
-181.012000	0.000921	462.222276
-180.960000	0.000922	462.494009
-180.908000	0.000923	462.765969
-180.856000	0.000923	463.038714
-180.804000	0.000924	463.311913
-180.752000	0.000925	463.586195
-180.700000	0.000925	463.861038
-180.648000	0.000926	464.136862
-180.596000	0.000927	464.413095
-180.544000	0.000927	464.689918
-180.492000	0.000928	464.967502
-180.440000	0.000929	465.245838
-180.388000	0.000929	465.525057
-180.336000	0.000930	465.804905
-180.284000	0.000931	466.085396
-180.232000	0.000931	466.366227
-180.180000	0.000932	466.648178
-180.128000	0.000933	466.930505
-180.076000	0.000933	467.213636
-180.024000	0.000934	467.496933
-179.972000	0.000934	467.781593
-179.920000	0.000935	468.066372
-179.868000	0.000936	468.352639
-179.816000	0.000936	468.638972
-179.764000	0.000937	468.926200
-179.712000	0.000938	469.213715
-179.660000	0.000938	469.502939
-179.608000	0.000939	469.792243
-179.556000	0.000940	470.081889
-179.504000	0.000940	470.372113
-179.452000	0.000941	470.663747
-179.400000	0.000942	470.955887
-179.348000	0.000942	471.248999
-179.296000	0.000943	471.542423
-179.244000	0.000944	471.836444
-179.192000	0.000944	472.131132
-179.140000	0.000945	472.426572
-179.088000	0.000946	472.722803
-179.036000	0.000946	473.019656
-178.984000	0.000947	473.317421
-178.932000	0.000948	473.615671
-178.880000	0.000948	473.914556
-178.828000	0.000949	474.213668
-178.776000	0.000950	474.513945
-178.724000	0.000950	474.814433
-178.672000	0.000951	475.116694
-178.620000	0.000952	475.419066
-178.568000	0.000952	475.722337
-178.516000	0.000953	476.025657
-178.464000	0.000954	476.330286
-178.412000	0.000955	476.635062
-178.360000	0.000955	476.941041
-178.308000	0.000956	477.247262
-178.256000	0.000957	477.554580
-178.204000	0.000957	477.862229
-178.152000	0.000958	478.170885
-178.100000	0.000959	478.479934
-178.048000	0.000959	478.789944
-177.996000	0.000960	479.100353
-177.944000	0.000961	479.411642
-177.892000	0.000961	479.723171
-177.840000	0.000962	480.035198
-177.788000	0.000963	480.348205
-177.736000	0.000963	480.662007
-177.684000	0.000964	480.976593
-177.632000	0.000965	481.291621
-177.580000	0.000965	481.607572
-177.528000	0.000966	481.923818
-177.476000	0.000967	482.241122
-177.424000	0.000968	482.558568
-177.372000	0.000968	482.877693
-177.320000	0.000969	483.196846
-177.268000	0.000970	483.516804
-177.216000	0.000970	483.836724
-177.164000	0.000971	484.157869
-177.112000	0.000972	484.479142
-177.060000	0.000972	484.801977
-177.008000	0.000973	485.124937
-176.956000	0.000974	485.448934
-176.904000	0.000974	485.773127
-176.852000	0.000975	486.098284
-176.800000	0.000976	486.423669
-176.748000	0.000977	486.749998
-176.696000	0.000977	487.076527
-176.644000	0.000978	487.403930
-176.592000	0.000979	487.731956
-176.540000	0.000979	488.060932
-176.488000	0.000980	488.390067
-176.436000	0.000981	488.719555
-176.384000	0.000981	489.050401
-176.332000	0.000982	489.381947
-176.280000	0.000983	489.713864
-176.228000	0.000984	490.045882
-176.176000	0.000984	490.379273
-176.124000	0.000985	490.712789
-176.072000	0.000986	491.047382
-176.020000	0.000986	491.381861
-175.968000	0.000987	491.717549
-175.916000	0.000988	492.053125
-175.864000	0.000988	492.390307
-175.812000	0.000989	492.727395
-175.760000	0.000990	493.065529
-175.708000	0.000991	493.403754
-175.656000	0.000991	493.743342
-175.604000	0.000992	494.082949
-175.552000	0.000993	494.423482
-175.500000	0.000993	494.764034
-175.448000	0.000994	495.105512
-175.396000	0.000995	495.447204
-175.344000	0.000996	495.790026
-175.292000	0.000996	496.132972
-175.240000	0.000997	496.476595
-175.188000	0.000998	496.820830
-175.136000	0.000998	497.165755
-175.084000	0.000999	497.511491
-175.032000	0.001000	497.857691
-174.980000	0.001001	498.204503
-174.928000	0.001001	498.551440
-174.876000	0.001002	498.899153
-174.824000	0.001003	499.246798
-174.772000	0.001004	499.595880
-174.720000	0.001004	499.944759
-174.668000	0.001005	500.295241
-174.616000	0.001006	500.645423
-174.564000	0.001006	500.996623
-174.512000	0.001007	501.347653
-174.460000	0.001008	501.700077
-174.408000	0.001009	502.052409
-174.356000	0.001009	502.406036
-174.304000	0.001010	502.759644
-174.252000	0.001011	503.114487
-174.200000	0.001012	503.469109
-174.148000	0.001012	503.824637
-174.096000	0.001013	504.179878
-174.044000	0.001014	504.535950
-173.992000	0.001014	504.892489
-173.940000	0.001015	505.250125
-173.888000	0.001016	505.607828
-173.836000	0.001017	505.965962
-173.784000	0.001017	506.325082
-173.732000	0.001018	506.684731
-173.680000	0.001019	507.044814
-173.628000	0.001020	507.404912
-173.576000	0.001020	507.765629
-173.524000	0.001021	508.126149
-173.472000	0.001022	508.488463
-173.420000	0.001023	508.850464
-173.368000	0.001023	509.213932
-173.316000	0.001024	509.576941
-173.264000	0.001025	509.940859
-173.212000	0.001026	510.304517
-173.160000	0.001026	510.669913
-173.108000	0.001027	511.034887
-173.056000	0.001028	511.400696
-173.004000	0.001029	511.766262
-172.952000	0.001029	512.133018
-172.900000	0.001030	512.499718
-172.848000	0.001031	512.867926
-172.796000	0.001032	513.235585
-172.744000	0.001032	513.604044
-172.692000	0.001033	513.972732
-172.640000	0.001034	514.342462
-172.588000	0.001035	514.712038
-172.536000	0.001035	515.081971
-172.484000	0.001036	515.452696
-172.432000	0.001037	515.823851
-172.380000	0.001038	516.195673
-172.328000	0.001038	516.567506
-172.276000	0.001039	516.939801
-172.224000	0.001040	517.311761
-172.172000	0.001041	517.685383
-172.120000	0.001041	518.058547
-172.068000	0.001042	518.433563
-172.016000	0.001043	518.807955
-171.964000	0.001044	519.183152
-171.912000	0.001044	519.557907
-171.860000	0.001045	519.934308
-171.808000	0.001046	520.310210
-171.756000	0.001047	520.687271
-171.704000	0.001047	521.063865
-171.652000	0.001048	521.441612
-171.600000	0.001049	521.819046
-171.548000	0.001050	522.197962
-171.496000	0.001051	522.576326
-171.444000	0.001051	522.955726
-171.392000	0.001052	523.334831
-171.340000	0.001053	523.714689
-171.288000	0.001054	524.094848
-171.236000	0.001054	524.475666
-171.184000	0.001055	524.856715
-171.132000	0.001056	525.237945
-171.080000	0.001057	525.619674
-171.028000	0.001057	526.001292
-170.976000	0.001058	526.384138
-170.924000	0.001059	526.766648
-170.872000	0.001060	527.150698
-170.820000	0.001061	527.534127
-170.768000	0.001061	527.918775
-170.716000	0.001062	528.302743
-170.664000	0.001063	528.688355
-170.612000	0.001064	529.073253
-170.560000	0.001065	529.459289
-170.508000	0.001065	529.844762
-170.456000	0.001066	530.231724
-170.404000	0.001067	530.618001
-170.352000	0.001068	531.005395
-170.300000	0.001068	531.392235
-170.248000	0.001069	531.780532
-170.196000	0.001070	532.168300
-170.144000	0.001071	532.557332
-170.092000	0.001072	532.946153
-170.040000	0.001072	533.335894
-169.988000	0.001073	533.725415
-169.936000	0.001074	534.115330
-169.884000	0.001075	534.505682
-169.832000	0.001076	534.896265
-169.780000	0.001076	535.287616
-169.728000	0.001077	535.678852
-169.676000	0.001078	536.070729
-169.624000	0.001079	536.462073
-169.572000	0.001080	536.855349
-169.520000	0.001080	537.247889
-169.468000	0.001081	537.641543
-169.416000	0.001082	538.034371
-169.364000	0.001083	538.428751
-169.312000	0.001084	538.822446
-169.260000	0.001084	539.218066
-169.208000	0.001085	539.612809
-169.156000	0.001086	540.008607
-169.104000	0.001087	540.403701
-169.052000	0.001088	540.800231
-169.000000	0.001088	541.195992
-168.948000	0.001089	541.593183
-168.896000	0.001090	541.989905
-168.844000	0.001091	542.388116
-168.792000	0.001092	542.785643
-168.740000	0.001092	543.183813
-168.688000	0.001093	543.582277
-168.636000	0.001094	543.981434
-168.584000	0.001095	544.380513
-168.532000	0.001096	544.779592
-168.480000	0.001096	545.179738
-168.428000	0.001097	545.579768
-168.376000	0.001098	545.980798
-168.324000	0.001099	546.381243
-168.272000	0.001100	546.783538
-168.220000	0.001101	547.184973
-168.168000	0.001101	547.587433
-168.116000	0.001102	547.989002
-168.064000	0.001103	548.392524
-168.012000	0.001104	548.795228
-167.960000	0.001105	549.199797
-167.908000	0.001105	549.603340
-167.856000	0.001106	550.007901
-167.804000	0.001107	550.411779
-167.752000	0.001108	550.817416
-167.700000	0.001109	551.222329
-167.648000	0.001110	551.628955
-167.596000	0.001110	552.034706
-167.544000	0.001111	552.441642
-167.492000	0.001112	552.848061
-167.440000	0.001113	553.255294
-167.388000	0.001114	553.662709
-167.336000	0.001115	554.070751
-167.284000	0.001115	554.479374
-167.232000	0.001116	554.888207
-167.180000	0.001117	555.297608
-167.128000	0.001118	555.706707
-167.076000	0.001119	556.117194
-167.024000	0.001120	556.527061
-166.972000	0.001120	556.938727
-166.920000	0.001121	557.349455
-166.868000	0.001122	557.761654
-166.816000	0.001123	558.172873
-166.764000	0.001124	558.585987
-166.712000	0.001125	558.998186
-166.660000	0.001125	559.412216
-166.608000	0.001126	559.825252
-166.556000	0.001127	560.239659
-166.504000	0.001128	560.653273
-166.452000	0.001129	561.068633
-166.400000	0.001130	561.483369
-166.348000	0.001131	561.900100
-166.296000	0.001131	562.315863
-166.244000	0.001132	562.732778
-166.192000	0.001133	563.149396
-166.140000	0.001134	563.567007
-166.088000	0.001135	563.984734
-166.036000	0.001136	564.403034
-165.984000	0.001137	564.821864
-165.932000	0.001137	565.240847
-165.880000	0.001138	565.661200
-165.828000	0.001139	566.081385
-165.776000	0.001140	566.502468
-165.724000	0.001141	566.922804
-165.672000	0.001142	567.344914
-165.620000	0.001143	567.766064
-165.568000	0.001143	568.189652
-165.516000	0.001144	568.612209
-165.464000	0.001145	569.036637
-165.412000	0.001146	569.460095
-165.360000	0.001147	569.885358
-165.308000	0.001148	570.309710
-165.256000	0.001149	570.735804
-165.204000	0.001149	571.161230
-165.152000	0.001150	571.588733
-165.100000	0.001151	572.015329
-165.048000	0.001152	572.443604
-164.996000	0.001153	572.871408
-164.944000	0.001154	573.300850
-164.892000	0.001155	573.729977
-164.840000	0.001156	574.160061
-164.788000	0.001156	574.590251
-164.736000	0.001157	575.020979
-164.684000	0.001158	575.452617
-164.632000	0.001159	575.884507
-164.580000	0.001160	576.317344
-164.528000	0.001161	576.749874
-164.476000	0.001162	577.184706
-164.424000	0.001163	577.618924
-164.372000	0.001163	578.054426
-164.320000	0.001164	578.488951
-164.268000	0.001165	578.926404
-164.216000	0.001166	579.362815
-164.164000	0.001167	579.801085
-164.112000	0.001168	580.238483
-164.060000	0.001169	580.678103
-164.008000	0.001170	581.116809
-163.956000	0.001170	581.557256
-163.904000	0.001171	581.997224
-163.852000	0.001172	582.439602
-163.800000	0.001173	582.881075
-163.748000	0.001174	583.324215
-163.696000	0.001175	583.767190
-163.644000	0.001176	584.212034
-163.592000	0.001177	584.656600
-163.540000	0.001178	585.102100
-163.488000	0.001179	585.548095
-163.436000	0.001179	585.994784
-163.384000	0.001180	586.442817
-163.332000	0.001181	586.891220
-163.280000	0.001182	587.340617
-163.228000	0.001183	587.789697
-163.176000	0.001184	588.241127
-163.124000	0.001185	588.691932
-163.072000	0.001186	589.145082
-163.020000	0.001187	589.597278
-162.968000	0.001188	590.051916
-162.916000	0.001188	590.505611
-162.864000	0.001189	590.961645
-162.812000	0.001190	591.416956
-162.760000	0.001191	591.874914
-162.708000	0.001192	592.332154
-162.656000	0.001193	592.791520
-162.604000	0.001194	593.250470
-162.552000	0.001195	593.711838
-162.500000	0.001196	594.172594
-162.448000	0.001197	594.635304
-162.396000	0.001198	595.097680
-162.344000	0.001198	595.561649
-162.292000	0.001199	596.026057
-162.240000	0.001200	596.491820
-162.188000	0.001201	596.958520
-162.136000	0.001202	597.426082
-162.084000	0.001203	597.894696
-162.032000	0.001204	598.363550
-161.980000	0.001205	598.834344
-161.928000	0.001206	599.305024
-161.876000	0.001207	599.778139
-161.824000	0.001208	600.250651
-161.772000	0.001209	600.725588
-161.720000	0.001210	601.199679
-161.668000	0.001210	601.677245
-161.616000	0.001211	602.153945
-161.564000	0.001212	602.633020
-161.512000	0.001213	603.111462
-161.460000	0.001214	603.592576
-161.408000	0.001215	604.073223
-161.356000	0.001216	604.556395
-161.304000	0.001217	605.039264
-161.252000	0.001218	605.524563
-161.200000	0.001219	606.009839
-161.148000	0.001220	606.497648
-161.096000	0.001221	606.985281
-161.044000	0.001222	607.474499
-160.992000	0.001223	607.964617
-160.940000	0.001224	608.456301
-160.888000	0.001225	608.948718
-160.836000	0.001225	609.441837
-160.784000	0.001226	609.937319
-160.732000	0.001227	610.433462
-160.680000	0.001228	610.931240
-160.628000	0.001229	611.428850
-160.576000	0.001230	611.929488
-160.524000	0.001231	612.429628
-160.472000	0.001232	612.932810
-160.420000	0.001233	613.435246
-160.368000	0.001234	613.941219
-160.316000	0.001235	614.446514
-160.264000	0.001236	614.954685
-160.212000	0.001237	615.462469
-160.160000	0.001238	615.973381
-160.108000	0.001239	616.484129
-160.056000	0.001240	616.997803
-160.004000	0.001241	617.511336
-159.952000	0.001242	618.027310
-159.900000	0.001243	618.543452
-159.848000	0.001244	619.062125
-159.796000	0.001245	619.581375
-159.744000	0.001246	620.102705
-159.692000	0.001247	620.625137
-159.640000	0.001247	621.149143
-159.588000	0.001248	621.674774
-159.536000	0.001249	622.201477
-159.484000	0.001250	622.730324
-159.432000	0.001251	623.259739
-159.380000	0.001252	623.791385
-159.328000	0.001253	624.323016
-159.276000	0.001254	624.858298
-159.224000	0.001255	625.393207
-159.172000	0.001256	625.931808
-159.120000	0.001257	626.469821
-159.068000	0.001258	627.011937
-159.016000	0.001259	627.553525
-158.964000	0.001260	628.098061
-158.912000	0.001261	628.642496
-158.860000	0.001262	629.190515
-158.808000	0.001263	629.738563
-158.756000	0.001264	630.289571
-158.704000	0.001265	630.841032
-158.652000	0.001266	631.395611
-158.600000	0.001267	631.950592
-158.548000	0.001268	632.508103
-158.496000	0.001269	633.066717
-158.444000	0.001270	633.627660
-158.392000	0.001271	634.190256
-158.340000	0.001272	634.754653
-158.288000	0.001273	635.320894
-158.236000	0.001274	635.888245
-158.184000	0.001275	636.458340
-158.132000	0.001276	637.029191
-158.080000	0.001277	637.602892
-158.028000	0.001278	638.176746
-157.976000	0.001279	638.754900
-157.924000	0.001280	639.332824
-157.872000	0.001281	639.914589
-157.820000	0.001282	640.495941
-157.768000	0.001283	641.081978
-157.716000	0.001284	641.667742
-157.664000	0.001285	642.256978
-157.612000	0.001286	642.846434
-157.560000	0.001287	643.439934
-157.508000	0.001288	644.033842
-157.456000	0.001289	644.631111
-157.404000	0.001290	645.229078
-157.352000	0.001291	645.830185
-157.300000	0.001292	646.432437
-157.248000	0.001293	647.037787
-157.196000	0.001294	647.644523
-157.144000	0.001295	648.253592
-157.092000	0.001296	648.864580
-157.040000	0.001297	649.477396
-156.988000	0.001298	650.093013
-156.936000	0.001299	650.710118
-156.884000	0.001300	651.330194
-156.832000	0.001301	651.951096
-156.780000	0.001302	652.575927
-156.728000	0.001303	653.201172
-156.676000	0.001304	653.830906
-156.624000	0.001305	654.460521
-156.572000	0.001306	655.095175
-156.520000	0.001307	655.729550
-156.468000	0.001308	656.368223
-156.416000	0.001309	657.007055
-156.364000	0.001310	657.650774
-156.312000	0.001311	658.294822
-156.260000	0.001313	658.942561
-156.208000	0.001314	659.591275
-156.156000	0.001315	660.244122
-156.104000	0.001316	660.897934
-156.052000	0.001317	661.554894
-156.000000	0.001318	662.213536
-155.948000	0.001319	662.875561
-155.896000	0.001320	663.539552
-155.844000	0.001321	664.206131
-155.792000	0.001322	664.875544
-155.740000	0.001323	665.547222
-155.688000	0.001324	666.221962
-155.636000	0.001325	666.898247
-155.584000	0.001326	667.578135
-155.532000	0.001327	668.259050
-155.480000	0.001328	668.944550
-155.428000	0.001329	669.630645
-155.376000	0.001330	670.321419
-155.324000	0.001331	671.012196
-155.272000	0.001332	671.709232
-155.220000	0.001333	672.406197
-155.168000	0.001335	673.108041
-155.116000	0.001336	673.810263
-155.064000	0.001337	674.517450
-155.012000	0.001338	675.225444
-154.960000	0.001339	675.937995
-154.908000	0.001340	676.651784
-154.856000	0.001341	677.369734
-154.804000	0.001342	678.089332
-154.752000	0.001343	678.812736
-154.700000	0.001344	679.538137
-154.648000	0.001345	680.266916
-154.596000	0.001346	680.998249
-154.544000	0.001347	681.732422
-154.492000	0.001348	682.470038
-154.440000	0.001349	683.210155
-154.388000	0.001351	683.953958
-154.336000	0.001352	684.699524
-154.284000	0.001353	685.449736
-154.232000	0.001354	686.201296
-154.180000	0.001355	686.957659
-154.128000	0.001356	687.714721
-154.076000	0.001357	688.477621
-154.024000	0.001358	689.240742
-153.972000	0.001359	690.010271
-153.920000	0.001360	690.779950
-153.868000	0.001361	691.555093
-153.816000	0.001362	692.330998
-153.764000	0.001364	693.112822
-153.712000	0.001365	693.895699
-153.660000	0.001366	694.683183
-153.608000	0.001367	695.472498
-153.556000	0.001368	696.266727
-153.504000	0.001369	697.062891
-153.452000	0.001370	697.862864
-153.400000	0.001371	698.665636
-153.348000	0.001372	699.472340
-153.296000	0.001373	700.282189
-153.244000	0.001374	701.095130
-153.192000	0.001376	701.911799
-153.140000	0.001377	702.731001
-153.088000	0.001378	703.554873
-153.036000	0.001379	704.380880
-152.984000	0.001380	705.212179
-152.932000	0.001381	706.045023
-152.880000	0.001382	706.883326
-152.828000	0.001383	707.722507
-152.776000	0.001384	708.568203
-152.724000	0.001386	709.414309
-152.672000	0.001387	710.267456
-152.620000	0.001388	711.121037
-152.568000	0.001389	711.981133
-152.516000	0.001390	712.842131
-152.464000	0.001391	713.708673
-152.412000	0.001392	714.576882
-152.360000	0.001393	715.450943
-152.308000	0.001394	716.327102
-152.256000	0.001396	717.208190
-152.204000	0.001397	718.091905
-152.152000	0.001398	718.980065
-152.100000	0.001399	719.871589
-152.048000	0.001400	720.767312
-151.996000	0.001401	721.666757
-151.944000	0.001402	722.569539
-151.892000	0.001403	723.476971
-151.840000	0.001405	724.387363
-151.788000	0.001406	725.302678
-151.736000	0.001407	726.220183
-151.684000	0.001408	727.144019
-151.632000	0.001409	728.069703
-151.580000	0.001410	729.001496
-151.528000	0.001411	729.934335
-151.476000	0.001413	730.873876
-151.424000	0.001414	731.813982
-151.372000	0.001415	732.762264
-151.320000	0.001416	733.711268
-151.268000	0.001417	734.667816
-151.216000	0.001418	735.625566
-151.164000	0.001419	736.589359
-151.112000	0.001421	737.555181
-151.060000	0.001422	738.527282
-151.008000	0.001423	739.501904
-150.956000	0.001424	740.481828
-150.904000	0.001425	741.464859
-150.852000	0.001426	742.452642
-150.800000	0.001428	743.444583
-150.748000	0.001429	744.441255
-150.696000	0.001430	745.442215
-150.644000	0.001431	746.446759
-150.592000	0.001432	747.456211
-150.540000	0.001433	748.468646
-150.488000	0.001434	749.487343
-150.436000	0.001436	750.508737
-150.384000	0.001437	751.536679
-150.332000	0.001438	752.566531
-150.280000	0.001439	753.603583
-150.228000	0.001440	754.641915
-150.176000	0.001442	755.688095
-150.124000	0.001443	756.735053
-150.072000	0.001444	757.790786
-150.020000	0.001445	758.847429
-149.968000	0.001446	759.911681
-149.916000	0.001447	760.977513
-149.864000	0.001449	762.050300
-149.812000	0.001450	763.125469
-149.760000	0.001451	764.207338
-149.708000	0.001452	765.292304
-149.656000	0.001453	766.383287
-149.604000	0.001454	767.478051
-149.552000	0.001456	768.578180
-149.500000	0.001457	769.682747
-149.448000	0.001458	770.792029
-149.396000	0.001459	771.906432
-149.344000	0.001460	773.024886
-149.292000	0.001462	774.149141
-149.240000	0.001463	775.276784
-149.188000	0.001464	776.411279
-149.136000	0.001465	777.548660
-149.084000	0.001466	778.693196
-149.032000	0.001468	779.839807
-148.980000	0.001469	780.994699
-148.928000	0.001470	782.151084
-148.876000	0.001471	783.315965
-148.824000	0.001472	784.481787
-148.772000	0.001474	785.656968
-148.720000	0.001475	786.833332
-148.668000	0.001476	788.018302
-148.616000	0.001477	789.205223
-148.564000	0.001478	790.399996
-148.512000	0.001480	791.597489
-148.460000	0.001481	792.802086
-148.408000	0.001482	794.010174
-148.356000	0.001483	795.224624
-148.304000	0.001485	796.443514
-148.252000	0.001486	797.668372
-148.200000	0.001487	798.898170
-148.148000	0.001488	800.132936
-148.096000	0.001489	801.373344
-148.044000	0.001491	802.618029
-147.992000	0.001492	803.869726
-147.940000	0.001493	805.125395
-147.888000	0.001494	806.388112
-147.836000	0.001496	807.653738
-147.784000	0.001497	808.927524
-147.732000	0.001498	810.203649
-147.680000	0.001499	811.489120
-147.628000	0.001501	812.776277
-147.576000	0.001502	814.072566
-147.524000	0.001503	815.369960
-147.472000	0.001504	816.677783
-147.420000	0.001506	817.987003
-147.368000	0.001507	819.305333
-147.316000	0.001508	820.625974
-147.264000	0.001509	821.955348
-147.212000	0.001510	823.287895
-147.160000	0.001512	824.628323
-147.108000	0.001513	825.972617
-147.056000	0.001514	827.323615
-147.004000	0.001516	828.679693
-146.952000	0.001517	830.042329
-146.900000	0.001518	831.410633
-146.848000	0.001519	832.784419
-146.796000	0.001521	834.164345
-146.744000	0.001522	835.548767
-146.692000	0.001523	836.940728
-146.640000	0.001524	838.336849
-146.588000	0.001526	839.741315
-146.536000	0.001527	841.149150
-146.484000	0.001528	842.565717
-146.432000	0.001529	843.984756
-146.380000	0.001531	845.413746
-146.328000	0.001532	846.844526
-146.276000	0.001533	848.286055
-146.224000	0.001534	849.728879
-146.172000	0.001536	851.182671
-146.120000	0.001537	852.638114
-146.068000	0.001538	854.103621
-146.016000	0.001540	855.571784
-145.964000	0.001541	857.049545
-145.912000	0.001542	858.530646
-145.860000	0.001543	860.019620
-145.808000	0.001545	861.513337
-145.756000	0.001546	863.015126
-145.704000	0.001547	864.522186
-145.652000	0.001549	866.035773
-145.600000	0.001550	867.555731
-145.548000	0.001551	869.081675
-145.496000	0.001552	870.614825
-145.444000	0.001554	872.153134
-145.392000	0.001555	873.699487
-145.340000	0.001556	875.250179
-145.288000	0.001558	876.809745
-145.236000	0.001559	878.372826
-145.184000	0.001560	879.946032
-145.132000	0.001562	881.522039
-145.080000	0.001563	883.109041
-145.028000	0.001564	884.697985
-144.976000	0.001565	886.298294
-144.924000	0.001567	887.900032
-144.872000	0.001568	889.513764
-144.820000	0.001569	891.129333
-144.768000	0.001571	892.755434
-144.716000	0.001572	894.384626
-144.664000	0.001573	896.024680
-144.612000	0.001575	897.668497
-144.560000	0.001576	899.320940
-144.508000	0.001577	900.978464
-144.456000	0.001579	902.644371
-144.404000	0.001580	904.316150
-144.352000	0.001581	905.995030
-144.300000	0.001583	907.681219
-144.248000	0.001584	909.374153
-144.196000	0.001585	911.074747
-144.144000	0.001587	912.780703
-144.092000	0.001588	914.495521
-144.040000	0.001589	916.215025
-143.988000	0.001591	917.944297
-143.936000	0.001592	919.677362
-143.884000	0.001593	921.421517
-143.832000	0.001595	923.168675
-143.780000	0.001596	924.927402
-143.728000	0.001597	926.688138
-143.676000	0.001599	928.462343
-143.624000	0.001600	930.238128
-143.572000	0.001601	932.025904
-143.520000	0.001603	933.815868
-143.468000	0.001604	935.618209
-143.416000	0.001605	937.423771
-143.364000	0.001607	939.240165
-143.312000	0.001608	941.061008
-143.260000	0.001610	942.891982
-143.208000	0.001611	944.728357
-143.156000	0.001612	946.573419
-143.104000	0.001614	948.424934
-143.052000	0.001615	950.284111
-143.000000	0.001616	952.151004
-142.948000	0.001618	954.024861
-142.896000	0.001619	955.907712
-142.844000	0.001620	957.796779
-142.792000	0.001622	959.695172
-142.740000	0.001623	961.598407
-142.688000	0.001625	963.512668
-142.636000	0.001626	965.431125
-142.584000	0.001627	967.361203
-142.532000	0.001629	969.294366
-142.480000	0.001630	971.240587
-142.428000	0.001631	973.188986
-142.376000	0.001633	975.151455
-142.324000	0.001634	977.115646
-142.272000	0.001636	979.093816
-142.220000	0.001637	981.074344
-142.168000	0.001638	983.067682
-142.116000	0.001640	985.064553
-142.064000	0.001641	987.073064
-142.012000	0.001643	989.086425
-141.960000	0.001644	991.110636
-141.908000	0.001645	993.140912
-141.856000	0.001647	995.180848
-141.804000	0.001648	997.227806
-141.752000	0.001650	999.282980
-141.700000	0.001651	1001.346515
-141.648000	0.001652	1003.417487
-141.596000	0.001654	1005.498173
-141.544000	0.001655	1007.585468
-141.492000	0.001657	1009.683228
-141.440000	0.001658	1011.786333
-141.388000	0.001659	1013.901332
-141.336000	0.001661	1016.020767
-141.284000	0.001662	1018.152766
-141.232000	0.001664	1020.288020
-141.180000	0.001665	1022.437813
-141.128000	0.001667	1024.589930
-141.076000	0.001668	1026.756708
-141.024000	0.001669	1028.925327
-140.972000	0.001671	1031.109390
-140.920000	0.001672	1033.296032
-140.868000	0.001674	1035.496359
-140.816000	0.001675	1037.700628
-140.764000	0.001677	1039.917750
-140.712000	0.001678	1042.140111
-140.660000	0.001679	1044.374029
-140.608000	0.001681	1046.614487
-140.556000	0.001682	1048.865221
-140.504000	0.001684	1051.123981
-140.452000	0.001685	1053.392095
-140.400000	0.001687	1055.668936
-140.348000	0.001688	1057.953419
-140.296000	0.001690	1060.248631
-140.244000	0.001691	1062.551052
-140.192000	0.001692	1064.864720
-140.140000	0.001694	1067.184040
-140.088000	0.001695	1069.516116
-140.036000	0.001697	1071.852854
-139.984000	0.001698	1074.203946
-139.932000	0.001700	1076.558634
-139.880000	0.001701	1078.928412
-139.828000	0.001703	1081.300526
-139.776000	0.001704	1083.688894
-139.724000	0.001706	1086.079252
-139.672000	0.001707	1088.486496
-139.620000	0.001709	1090.896536
-139.568000	0.001710	1093.321123
-139.516000	0.001711	1095.750057
-139.464000	0.001713	1098.193034
-139.412000	0.001714	1100.641634
-139.360000	0.001716	1103.102484
-139.308000	0.001717	1105.570339
-139.256000	0.001719	1108.049078
-139.204000	0.001720	1110.536618
-139.152000	0.001722	1113.034333
-139.100000	0.001723	1115.541660
-139.048000	0.001725	1118.057338
-138.996000	0.001726	1120.584448
-138.944000	0.001728	1123.119137
-138.892000	0.001729	1125.666195
-138.840000	0.001731	1128.219369
-138.788000	0.001732	1130.786547
-138.736000	0.001734	1133.358734
-138.684000	0.001735	1135.947925
-138.632000	0.001737	1138.541218
-138.580000	0.001738	1141.144984
-138.528000	0.001740	1143.750489
-138.476000	0.001741	1146.382006
-138.424000	0.001743	1149.015702
-138.372000	0.001744	1151.664723
-138.320000	0.001746	1154.316552
-138.268000	0.001747	1156.982408
-138.216000	0.001749	1159.653449
-138.164000	0.001750	1162.341371
-138.112000	0.001752	1165.034700
-138.060000	0.001753	1167.739455
-138.008000	0.001755	1170.452803
-137.956000	0.001756	1173.179641
-137.904000	0.001758	1175.914451
-137.852000	0.001760	1178.658186
-137.800000	0.001761	1181.413760
-137.748000	0.001763	1184.179649
-137.696000	0.001764	1186.955806
-137.644000	0.001766	1189.738617
-137.592000	0.001767	1192.539822
-137.540000	0.001769	1195.350016
-137.488000	0.001770	1198.168821
-137.436000	0.001772	1200.990709
-137.384000	0.001773	1203.834852
-137.332000	0.001775	1206.684121
-137.280000	0.001776	1209.548150
-137.228000	0.001778	1212.414342
-137.176000	0.001780	1215.301532
-137.124000	0.001781	1218.190746
-137.072000	0.001783	1221.095220
-137.020000	0.001784	1224.003959
-136.968000	0.001786	1226.935722
-136.916000	0.001787	1229.871659
-136.864000	0.001789	1232.820255
-136.812000	0.001790	1235.775826
-136.760000	0.001792	1238.746481
-136.708000	0.001794	1241.725814
-136.656000	0.001795	1244.718546
-136.604000	0.001797	1247.719313
-136.552000	0.001798	1250.728938
-136.500000	0.001800	1253.753195
-136.448000	0.001802	1256.790196
-136.396000	0.001803	1259.837520
-136.344000	0.001805	1262.891434
-136.292000	0.001806	1265.963841
-136.240000	0.001808	1269.045128
-136.188000	0.001809	1272.138985
-136.136000	0.001811	1275.237185
-136.084000	0.001813	1278.353407
-136.032000	0.001814	1281.473745
-135.980000	0.001816	1284.618366
-135.928000	0.001817	1287.766070
-135.876000	0.001819	1290.929713
-135.824000	0.001821	1294.095577
-135.772000	0.001822	1297.281540
-135.720000	0.001824	1300.471869
-135.668000	0.001825	1303.685109
-135.616000	0.001827	1306.902580
-135.564000	0.001829	1310.132634
-135.512000	0.001830	1313.371266
-135.460000	0.001832	1316.628596
-135.408000	0.001833	1319.892747
-135.356000	0.001835	1323.166904
-135.304000	0.001837	1326.453813
-135.252000	0.001838	1329.755309
-135.200000	0.001840	1333.068787
-135.148000	0.001842	1336.392406
-135.096000	0.001843	1339.732675
-135.044000	0.001845	1343.083644
-134.992000	0.001846	1346.446107
-134.940000	0.001848	1349.813968
-134.888000	0.001850	1353.202344
-134.836000	0.001851	1356.597554
-134.784000	0.001853	1360.010856
-134.732000	0.001855	1363.428180
-134.680000	0.001856	1366.869881
-134.628000	0.001858	1370.314546
-134.576000	0.001860	1373.775202
-134.524000	0.001861	1377.238758
-134.472000	0.001863	1380.732103
-134.420000	0.001865	1384.228433
-134.368000	0.001866	1387.738569
-134.316000	0.001868	1391.255270
-134.264000	0.001869	1394.792656
-134.212000	0.001871	1398.337163
-134.160000	0.001873	1401.896570
-134.108000	0.001874	1405.466742
-134.056000	0.001876	1409.053408
-134.004000	0.001878	1412.652910
-133.952000	0.001879	1416.266886
-133.900000	0.001881	1419.892901
-133.848000	0.001883	1423.528970
-133.796000	0.001885	1427.178608
-133.744000	0.001886	1430.836769
-133.692000	0.001888	1434.513594
-133.640000	0.001890	1438.199072
-133.588000	0.001891	1441.905149
-133.536000	0.001893	1445.617943
-133.484000	0.001895	1449.348894
-133.432000	0.001896	1453.083769
-133.380000	0.001898	1456.843112
-133.328000	0.001900	1460.605297
-133.276000	0.001901	1464.388700
-133.224000	0.001903	1468.175100
-133.172000	0.001905	1471.991142
-133.120000	0.001906	1475.810975
-133.068000	0.001908	1479.649005
-133.016000	0.001910	1483.492522
-132.964000	0.001912	1487.352539
-132.912000	0.001913	1491.222877
-132.860000	0.001915	1495.115338
-132.808000	0.001917	1499.016673
-132.756000	0.001918	1502.931131
-132.704000	0.001920	1506.860881
-132.652000	0.001922	1510.807845
-132.600000	0.001924	1514.766901
-132.548000	0.001925	1518.735920
-132.496000	0.001927	1522.721746
-132.444000	0.001929	1526.718047
-132.392000	0.001931	1530.733091
-132.340000	0.001932	1534.756672
-132.288000	0.001934	1538.800931
-132.236000	0.001936	1542.851786
-132.184000	0.001937	1546.920861
-132.132000	0.001939	1550.993761
-132.080000	0.001941	1555.096009
-132.028000	0.001943	1559.201402
-131.976000	0.001944	1563.333286
-131.924000	0.001946	1567.467838
-131.872000	0.001948	1571.627034
-131.820000	0.001950	1575.790868
-131.768000	0.001951	1579.977241
-131.716000	0.001953	1584.170348
-131.664000	0.001955	1588.383899
-131.612000	0.001957	1592.607871
-131.560000	0.001958	1596.853828
-131.508000	0.001960	1601.108711
-131.456000	0.001962	1605.376624
-131.404000	0.001964	1609.659923
-131.352000	0.001966	1613.960304
-131.300000	0.001967	1618.275623
-131.248000	0.001969	1622.603245
-131.196000	0.001971	1626.947744
-131.144000	0.001973	1631.302603
-131.092000	0.001974	1635.679888
-131.040000	0.001976	1640.067210
-130.988000	0.001978	1644.475288
-130.936000	0.001980	1648.889843
-130.884000	0.001982	1653.327092
-130.832000	0.001983	1657.768873
-130.780000	0.001985	1662.235287
-130.728000	0.001987	1666.704290
-130.676000	0.001989	1671.205093
-130.624000	0.001991	1675.708944
-130.572000	0.001992	1680.242141
-130.520000	0.001994	1684.779255
-130.468000	0.001996	1689.334359
-130.416000	0.001998	1693.898693
-130.364000	0.002000	1698.491389
-130.312000	0.002001	1703.092993
-130.260000	0.002003	1707.712822
-130.208000	0.002005	1712.343644
-130.156000	0.002007	1716.990615
-130.104000	0.002009	1721.653063
-130.052000	0.002011	1726.332456
-130.000000	0.002012	1731.029678
-129.948000	0.002014	1735.741497
-129.896000	0.002016	1740.470262
-129.844000	0.002018	1745.209272
-129.792000	0.002020	1749.970800
-129.740000	0.002022	1754.742225
-129.688000	0.002023	1759.534481
-129.636000	0.002025	1764.333090
-129.584000	0.002027	1769.163349
-129.532000	0.002029	1773.999593
-129.480000	0.002031	1778.860555
-129.428000	0.002033	1783.724083
-129.376000	0.002035	1788.619302
-129.324000	0.002036	1793.517232
-129.272000	0.002038	1798.439545
-129.220000	0.002040	1803.368312
-129.168000	0.002042	1808.328176
-129.116000	0.002044	1813.294931
-129.064000	0.002046	1818.281882
-129.012000	0.002048	1823.281081
-128.960000	0.002049	1828.305580
-128.908000	0.002051	1833.341139
-128.856000	0.002053	1838.392734
-128.804000	0.002055	1843.459894
-128.752000	0.002057	1848.543866
-128.700000	0.002059	1853.645751
-128.648000	0.002061	1858.762095
-128.596000	0.002063	1863.901952
-128.544000	0.002065	1869.055898
-128.492000	0.002066	1874.228801
-128.440000	0.002068	1879.409884
-128.388000	0.002070	1884.615927
-128.336000	0.002072	1889.829370
-128.284000	0.002074	1895.074589
-128.232000	0.002076	1900.325622
-128.180000	0.002078	1905.601450
-128.128000	0.002080	1910.879883
-128.076000	0.002082	1916.195041
-128.024000	0.002084	1921.513437
-127.972000	0.002086	1926.860872
-127.920000	0.002087	1932.214036
-127.868000	0.002089	1937.593749
-127.816000	0.002091	1942.981679
-127.764000	0.002093	1948.393659
-127.712000	0.002095	1953.818003
-127.660000	0.002097	1959.267486
-127.608000	0.002099	1964.730157
-127.556000	0.002101	1970.211918
-127.504000	0.002103	1975.711788
-127.452000	0.002105	1981.231104
-127.400000	0.002107	1986.765551
-127.348000	0.002109	1992.311963
-127.296000	0.002111	1997.881997
-127.244000	0.002113	2003.465958
-127.192000	0.002115	2009.076297
-127.140000	0.002117	2014.697802
-127.088000	0.002119	2020.344362
-127.036000	0.002120	2025.998175
-126.984000	0.002122	2031.683883
-126.932000	0.002124	2037.375235
-126.880000	0.002126	2043.096351
-126.828000	0.002128	2048.820375
-126.776000	0.002130	2054.575779
-126.724000	0.002132	2060.335455
-126.672000	0.002134	2066.133549
-126.620000	0.002136	2071.936601
-126.568000	0.002138	2077.761689
-126.516000	0.002140	2083.597638
-126.464000	0.002142	2089.465411
-126.412000	0.002144	2095.343984
-126.360000	0.002146	2101.243980
-126.308000	0.002148	2107.159335
-126.256000	0.002150	2113.096793
-126.204000	0.002152	2119.049978
-126.152000	0.002154	2125.019710
-126.100000	0.002156	2131.010416
-126.048000	0.002158	2137.017653
-125.996000	0.002160	2143.048620
-125.944000	0.002162	2149.093352
-125.892000	0.002164	2155.164577
-125.840000	0.002166	2161.246805
-125.788000	0.002168	2167.358285
-125.736000	0.002170	2173.477999
-125.684000	0.002172	2179.629730
-125.632000	0.002174	2185.786933
-125.580000	0.002176	2191.974001
-125.528000	0.002178	2198.164035
-125.476000	0.002180	2204.390442
-125.424000	0.002183	2210.621268
-125.372000	0.002185	2216.890319
-125.320000	0.002187	2223.165299
-125.268000	0.002189	2229.466527
-125.216000	0.002191	2235.777462
-125.164000	0.002193	2242.116095
-125.112000	0.002195	2248.469020
-125.060000	0.002197	2254.850287
-125.008000	0.002199	2261.244920
-124.956000	0.002201	2267.658376
-124.904000	0.002203	2274.092657
-124.852000	0.002205	2280.548799
-124.800000	0.002207	2287.023108
-124.748000	0.002209	2293.511469
-124.696000	0.002211	2300.026989
-124.644000	0.002213	2306.558029
-124.592000	0.002215	2313.115675
-124.540000	0.002218	2319.684155
-124.488000	0.002220	2326.282007
-124.436000	0.002222	2332.887927
-124.384000	0.002224	2339.530510
-124.332000	0.002226	2346.179094
-124.280000	0.002228	2352.857647
-124.228000	0.002230	2359.539270
-124.176000	0.002232	2366.262217
-124.124000	0.002234	2372.989222
-124.072000	0.002236	2379.749533
-124.020000	0.002239	2386.517698
-123.968000	0.002241	2393.320603
-123.916000	0.002243	2400.133333
-123.864000	0.002245	2406.973595
-123.812000	0.002247	2413.826564
-123.760000	0.002249	2420.704186
-123.708000	0.002251	2427.599512
-123.656000	0.002253	2434.519733
-123.604000	0.002255	2441.458376
-123.552000	0.002258	2448.416006
-123.500000	0.002260	2455.394822
-123.448000	0.002262	2462.389851
-123.396000	0.002264	2469.412171
-123.344000	0.002266	2476.449827
-123.292000	0.002268	2483.517946
-123.240000	0.002270	2490.598225
-123.188000	0.002273	2497.707993
-123.136000	0.002275	2504.825659
-123.084000	0.002277	2511.980134
-123.032000	0.002279	2519.140415
-122.980000	0.002281	2526.335725
-122.928000	0.002283	2533.534404
-122.876000	0.002286	2540.774207
-122.824000	0.002288	2548.018194
-122.772000	0.002290	2555.295317
-122.720000	0.002292	2562.580440
-122.668000	0.002294	2569.900107
-122.616000	0.002296	2577.231058
-122.564000	0.002299	2584.593270
-122.512000	0.002301	2591.970047
-122.460000	0.002303	2599.374800
-122.408000	0.002305	2606.795247
-122.356000	0.002307	2614.237332
-122.304000	0.002310	2621.700494
-122.252000	0.002312	2629.185164
-122.200000	0.002314	2636.691131
-122.148000	0.002316	2644.213154
-122.096000	0.002318	2651.765961
-122.044000	0.002321	2659.335791
-121.992000	0.002323	2666.932460
-121.940000	0.002325	2674.539635
-121.888000	0.002327	2682.180588
-121.836000	0.002330	2689.830335
-121.784000	0.002332	2697.517034
-121.732000	0.002334	2705.209346
-121.680000	0.002336	2712.941791
-121.628000	0.002338	2720.677859
-121.576000	0.002341	2728.454851
-121.524000	0.002343	2736.236153
-121.472000	0.002345	2744.050424
-121.420000	0.002347	2751.873796
-121.368000	0.002350	2759.735797
-121.316000	0.002352	2767.607862
-121.264000	0.002354	2775.507131
-121.212000	0.002356	2783.422870
-121.160000	0.002359	2791.369873
-121.108000	0.002361	2799.332681
-121.056000	0.002363	2807.316968
-121.004000	0.002365	2815.322462
-120.952000	0.002368	2823.349286
-120.900000	0.002370	2831.403473
-120.848000	0.002372	2839.478064
-120.796000	0.002375	2847.576839
-120.744000	0.002377	2855.688734
-120.692000	0.002379	2863.835154
-120.640000	0.002381	2871.994805
-120.588000	0.002384	2880.184190
-120.536000	0.002386	2888.381138
-120.484000	0.002388	2896.619776
-120.432000	0.002391	2904.864473
-120.380000	0.002393	2913.149450
-120.328000	0.002395	2921.438029
-120.276000	0.002398	2929.767342
-120.224000	0.002400	2938.101667
-120.172000	0.002402	2946.473442
-120.120000	0.002405	2954.853507
-120.068000	0.002407	2963.267740
-120.016000	0.002409	2971.693541
-119.964000	0.002411	2980.150232
-119.912000	0.002414	2988.621769
-119.860000	0.002416	2997.120921
-119.808000	0.002418	3005.640373
-119.756000	0.002421	3014.187227
-119.704000	0.002423	3022.755421
-119.652000	0.002426	3031.344771
-119.600000	0.002428	3039.955643
-119.548000	0.002430	3048.582254
-119.496000	0.002433	3057.243370
-119.444000	0.002435	3065.922926
-119.392000	0.002437	3074.629560
-119.340000	0.002440	3083.346372
-119.288000	0.002442	3092.101461
-119.236000	0.002444	3100.865985
-119.184000	0.002447	3109.663142
-119.132000	0.002449	3118.464912
-119.080000	0.002452	3127.312133
-119.028000	0.002454	3136.163338
-118.976000	0.002456	3145.060115
-118.924000	0.002459	3153.961459
-118.872000	0.002461	3162.895434
-118.820000	0.002463	3171.838846
-118.768000	0.002466	3180.820469
-118.716000	0.002468	3189.813804
-118.664000	0.002471	3198.837843
-118.612000	0.002473	3207.878675
-118.560000	0.002476	3216.950362
-118.508000	0.002478	3226.038085
-118.456000	0.002480	3235.146978
-118.404000	0.002483	3244.279962
-118.352000	0.002485	3253.436538
-118.300000	0.002488	3262.620793
-118.248000	0.002490	3271.825047
-118.196000	0.002492	3281.053718
-118.144000	0.002495	3290.295187
-118.092000	0.002497	3299.571510
-118.040000	0.002500	3308.860650
-117.988000	0.002502	3318.184003
-117.936000	0.002505	3327.515583
-117.884000	0.002507	3336.889198
-117.832000	0.002510	3346.268444
-117.780000	0.002512	3355.683232
-117.728000	0.002515	3365.101604
-117.676000	0.002517	3374.565339
-117.624000	0.002519	3384.035006
-117.572000	0.002522	3393.546354
-117.520000	0.002524	3403.065267
-117.468000	0.002527	3412.613769
-117.416000	0.002529	3422.175555
-117.364000	0.002532	3431.771664
-117.312000	0.002534	3441.382902
-117.260000	0.002537	3451.021393
-117.208000	0.002539	3460.680506
-117.156000	0.002542	3470.366625
-117.104000	0.002544	3480.074354
-117.052000	0.002547	3489.802884
-117.000000	0.002549	3499.556211
-116.948000	0.002552	3509.327149
-116.896000	0.002554	3519.126071
-116.844000	0.002557	3528.939414
-116.792000	0.002559	3538.787780
-116.740000	0.002562	3548.648756
-116.688000	0.002564	3558.539839
-116.636000	0.002567	3568.437984
-116.584000	0.002570	3578.378335
-116.532000	0.002572	3588.324104
-116.480000	0.002575	3598.315673
-116.428000	0.002577	3608.310715
-116.376000	0.002580	3618.340920
-116.324000	0.002582	3628.377231
-116.272000	0.002585	3638.455010
-116.220000	0.002587	3648.541525
-116.168000	0.002590	3658.661652
-116.116000	0.002592	3668.793784
-116.064000	0.002595	3678.956255
-116.012000	0.002598	3689.135851
-115.960000	0.002600	3699.345895
-115.908000	0.002603	3709.572214
-115.856000	0.002605	3719.819392
-115.804000	0.002608	3730.090978
-115.752000	0.002611	3740.385756
-115.700000	0.002613	3750.705474
-115.648000	0.002616	3761.042624
-115.596000	0.002618	3771.407904
-115.544000	0.002621	3781.787422
-115.492000	0.002624	3792.198259
-115.440000	0.002626	3802.620141
-115.388000	0.002629	3813.076535
-115.336000	0.002631	3823.540781
-115.284000	0.002634	3834.042726
-115.232000	0.002637	3844.549327
-115.180000	0.002639	3855.096824
-115.128000	0.002642	3865.647843
-115.076000	0.002644	3876.238827
-115.024000	0.002647	3886.835430
-114.972000	0.002650	3897.468724
-114.920000	0.002652	3908.111971
-114.868000	0.002655	3918.792809
-114.816000	0.002658	3929.484330
-114.764000	0.002660	3940.202247
-114.712000	0.002663	3950.935582
-114.660000	0.002666	3961.695811
-114.608000	0.002668	3972.474713
-114.556000	0.002671	3983.277269
-114.504000	0.002674	3994.101715
-114.452000	0.002676	4004.946608
-114.400000	0.002679	4015.813500
-114.348000	0.002682	4026.695501
-114.296000	0.002684	4037.609266
-114.244000	0.002687	4048.538825
-114.192000	0.002690	4059.495960
-114.140000	0.002692	4070.462619
-114.088000	0.002695	4081.463940
-114.036000	0.002698	4092.472925
-113.984000	0.002701	4103.519766
-113.932000	0.002703	4114.571074
-113.880000	0.002706	4125.658330
-113.828000	0.002709	4136.748967
-113.776000	0.002711	4147.879376
-113.724000	0.002714	4159.015560
-113.672000	0.002717	4170.188250
-113.620000	0.002720	4181.368892
-113.568000	0.002722	4192.578632
-113.516000	0.002725	4203.800676
-113.464000	0.002728	4215.052693
-113.412000	0.002731	4226.318381
-113.360000	0.002733	4237.607449
-113.308000	0.002736	4248.915335
-113.256000	0.002739	4260.246699
-113.204000	0.002742	4271.597394
-113.152000	0.002744	4282.965832
-113.100000	0.002747	4294.359499
-113.048000	0.002750	4305.770238
-112.996000	0.002753	4317.205890
-112.944000	0.002756	4328.653698
-112.892000	0.002758	4340.129211
-112.840000	0.002761	4351.614085
-112.788000	0.002764	4363.129454
-112.736000	0.002767	4374.651390
-112.684000	0.002769	4386.211339
-112.632000	0.002772	4397.775567
-112.580000	0.002775	4409.375875
-112.528000	0.002778	4420.979268
-112.476000	0.002781	4432.617319
-112.424000	0.002784	4444.260595
-112.372000	0.002786	4455.935667
-112.320000	0.002789	4467.618823
-112.268000	0.002792	4479.330915
-112.216000	0.002795	4491.052436
-112.164000	0.002798	4502.796314
-112.112000	0.002801	4514.555908
-112.060000	0.002803	4526.342039
-112.008000	0.002806	4538.144815
-111.956000	0.002809	4549.967981
-111.904000	0.002812	4561.807875
-111.852000	0.002815	4573.662854
-111.800000	0.002818	4585.540080
-111.748000	0.002821	4597.432099
-111.696000	0.002823	4609.349158
-111.644000	0.002826	4621.278212
-111.592000	0.002829	4633.235103
-111.540000	0.002832	4645.201195
-111.488000	0.002835	4657.193574
-111.436000	0.002838	4669.191467
-111.384000	0.002841	4681.218039
-111.332000	0.002844	4693.247732
-111.280000	0.002847	4705.313642
-111.228000	0.002849	4717.382298
-111.176000	0.002852	4729.480541
-111.124000	0.002855	4741.584144
-111.072000	0.002858	4753.719380
-111.020000	0.002861	4765.861702
-110.968000	0.002864	4778.028701
-110.916000	0.002867	4790.205237
-110.864000	0.002870	4802.403994
-110.812000	0.002873	4814.614739
-110.760000	0.002876	4826.845259
-110.708000	0.002879	4839.090208
-110.656000	0.002882	4851.352509
-110.604000	0.002885	4863.631642
-110.552000	0.002888	4875.925726
-110.500000	0.002891	4888.239032
-110.448000	0.002894	4900.564895
-110.396000	0.002897	4912.908817
-110.344000	0.002900	4925.261227
-110.292000	0.002903	4937.641603
-110.240000	0.002906	4950.031018
-110.188000	0.002908	4962.442472
-110.136000	0.002911	4974.858433
-110.084000	0.002914	4987.303187
-110.032000	0.002917	4999.750920
-109.980000	0.002920	5012.224667
-109.928000	0.002924	5024.700660
-109.876000	0.002927	5037.201213
-109.824000	0.002930	5049.706513
-109.772000	0.002933	5062.238801
-109.720000	0.002936	5074.777133
-109.668000	0.002939	5087.335925
-109.616000	0.002942	5099.904365
-109.564000	0.002945	5112.494895
-109.512000	0.002948	5125.093599
-109.460000	0.002951	5137.705404
-109.408000	0.002954	5150.331744
-109.356000	0.002957	5162.975300
-109.304000	0.002960	5175.630257
-109.252000	0.002963	5188.295110
-109.200000	0.002966	5200.976122
-109.148000	0.002969	5213.667497
-109.096000	0.002972	5226.377021
-109.044000	0.002975	5239.094918
-108.992000	0.002978	5251.832953
-108.940000	0.002982	5264.577367
-108.888000	0.002985	5277.339528
-108.836000	0.002988	5290.105231
-108.784000	0.002991	5302.890265
-108.732000	0.002994	5315.677251
-108.680000	0.002997	5328.490350
-108.628000	0.003000	5341.305682
-108.576000	0.003003	5354.145451
-108.524000	0.003006	5366.987771
-108.472000	0.003010	5379.843564
-108.420000	0.003013	5392.704320
-108.368000	0.003016	5405.581364
-108.316000	0.003019	5418.466588
-108.264000	0.003022	5431.370110
-108.212000	0.003025	5444.279890
-108.160000	0.003028	5457.199437
-108.108000	0.003032	5470.128854
-108.056000	0.003035	5483.069668
-108.004000	0.003038	5496.021945
-107.952000	0.003041	5508.984028
-107.900000	0.003044	5521.955969
-107.848000	0.003047	5534.934091
-107.796000	0.003051	5547.926852
-107.744000	0.003054	5560.926239
-107.692000	0.003057	5573.937853
-107.640000	0.003060	5586.953275
-107.588000	0.003063	5599.986512
-107.536000	0.003067	5613.023192
-107.484000	0.003070	5626.069658
-107.432000	0.003073	5639.117141
-107.380000	0.003076	5652.185619
-107.328000	0.003079	5665.255137
-107.276000	0.003083	5678.334446
-107.224000	0.003086	5691.416356
-107.172000	0.003089	5704.511667
-107.120000	0.003092	5717.610814
-107.068000	0.003096	5730.722123
-107.016000	0.003099	5743.838503
-106.964000	0.003102	5756.965811
-106.912000	0.003105	5770.097417
-106.860000	0.003109	5783.235492
-106.808000	0.003112	5796.378688
-106.756000	0.003115	5809.527551
-106.704000	0.003119	5822.685131
-106.652000	0.003122	5835.850009
-106.600000	0.003125	5849.021573
-106.548000	0.003128	5862.197235
-106.496000	0.003132	5875.376746
-106.444000	0.003135	5888.557962
-106.392000	0.003138	5901.751451
-106.340000	0.003142	5914.948674
-106.288000	0.003145	5928.150504
-106.236000	0.003148	5941.353278
-106.184000	0.003152	5954.565867
-106.132000	0.003155	5967.779429
-106.080000	0.003158	5981.003565
-106.028000	0.003162	5994.228300
-105.976000	0.003165	6007.457955
-105.924000	0.003168	6020.688636
-105.872000	0.003172	6033.923810
-105.820000	0.003175	6047.160435
-105.768000	0.003178	6060.401126
-105.716000	0.003182	6073.645315
-105.664000	0.003185	6086.896754
-105.612000	0.003189	6100.148464
-105.560000	0.003192	6113.400194
-105.508000	0.003195	6126.654637
-105.456000	0.003199	6139.911898
-105.404000	0.003202	6153.172256
-105.352000	0.003205	6166.435053
-105.300000	0.003209	6179.698086
-105.248000	0.003212	6192.961183
-105.196000	0.003216	6206.224493
-105.144000	0.003219	6219.487894
-105.092000	0.003223	6232.755526
-105.040000	0.003226	6246.024452
-104.988000	0.003229	6259.293541
-104.936000	0.003233	6272.562764
-104.884000	0.003236	6285.827275
-104.832000	0.003240	6299.091594
-104.780000	0.003243	6312.361229
-104.728000	0.003247	6325.630609
-104.676000	0.003250	6338.895286
-104.624000	0.003254	6352.160162
-104.572000	0.003257	6365.425107
-104.520000	0.003261	6378.690269
-104.468000	0.003264	6391.955482
-104.416000	0.003268	6405.217644
-104.364000	0.003271	6418.472665
-104.312000	0.003275	6431.727941
-104.260000	0.003278	6444.983231
-104.208000	0.003282	6458.236335
-104.156000	0.003285	6471.486681
-104.104000	0.003289	6484.734412
-104.052000	0.003292	6497.979809
-104.000000	0.003296	6511.218906
-103.948000	0.003299	6524.454128
-103.896000	0.003303	6537.685881
-103.844000	0.003306	6550.916150
-103.792000	0.003310	6564.142527
-103.740000	0.003313	6577.367847
-103.688000	0.003317	6590.584374
-103.636000	0.003321	6603.799510
-103.584000	0.003324	6617.005021
-103.532000	0.003328	6630.209870
-103.480000	0.003331	6643.404468
-103.428000	0.003335	6656.598326
-103.376000	0.003339	6669.782715
-103.324000	0.003342	6682.965575
-103.272000	0.003346	6696.139755
-103.220000	0.003349	6709.310356
-103.168000	0.003353	6722.469097
-103.116000	0.003357	6735.624730
-103.064000	0.003360	6748.773262
-103.012000	0.003364	6761.915823
-102.960000	0.003367	6775.048915
-102.908000	0.003371	6788.177307
-102.856000	0.003375	6801.300205
-102.804000	0.003378	6814.411818
-102.752000	0.003382	6827.514059
-102.700000	0.003386	6840.606660
-102.648000	0.003389	6853.693477
-102.596000	0.003393	6866.773104
-102.544000	0.003397	6879.849721
-102.492000	0.003400	6892.906049
-102.440000	0.003404	6905.956774
-102.388000	0.003408	6918.998652
-102.336000	0.003412	6932.039176
-102.284000	0.003415	6945.055332
-102.232000	0.003419	6958.069749
-102.180000	0.003423	6971.068788
-102.128000	0.003426	6984.066081
-102.076000	0.003430	6997.044436
-102.024000	0.003434	7010.019448
-101.972000	0.003438	7022.977117
-101.920000	0.003441	7035.928563
-101.868000	0.003445	7048.860314
-101.816000	0.003449	7061.785526
-101.764000	0.003453	7074.696592
-101.712000	0.003456	7087.599516
-101.660000	0.003460	7100.489897
-101.608000	0.003464	7113.365534
-101.556000	0.003468	7126.224782
-101.504000	0.003471	7139.075541
-101.452000	0.003475	7151.919346
-101.400000	0.003479	7164.743520
-101.348000	0.003483	7177.556192
-101.296000	0.003487	7190.350495
-101.244000	0.003490	7203.137259
-101.192000	0.003494	7215.899505
-101.140000	0.003498	7228.655133
-101.088000	0.003502	7241.392828
-101.036000	0.003506	7254.127775
-100.984000	0.003510	7266.833316
-100.932000	0.003513	7279.536562
-100.880000	0.003517	7292.209080
-100.828000	0.003521	7304.878763
-100.776000	0.003525	7317.520119
-100.724000	0.003529	7330.156233
-100.672000	0.003533	7342.766427
-100.620000	0.003537	7355.370276
-100.568000	0.003541	7367.954538
-100.516000	0.003544	7380.527033
-100.464000	0.003548	7393.074903
-100.412000	0.003552	7405.608191
-100.360000	0.003556	7418.119674
-100.308000	0.003560	7430.616267
-100.256000	0.003564	7443.096601
-100.204000	0.003568	7455.559601
-100.152000	0.003572	7468.008783
-100.100000	0.003576	7480.431539
-100.048000	0.003580	7492.839110
-99.996000	0.003584	7505.224463
-99.944000	0.003588	7517.600883
-99.892000	0.003592	7529.944375
-99.840000	0.003596	7542.279181
-99.788000	0.003600	7554.586882
-99.736000	0.003604	7566.890531
-99.684000	0.003608	7579.154753
-99.632000	0.003612	7591.415864
-99.580000	0.003616	7603.636140
-99.528000	0.003620	7615.852920
-99.476000	0.003624	7628.036792
-99.424000	0.003628	7640.213434
-99.372000	0.003632	7652.355755
-99.320000	0.003636	7664.489031
-99.268000	0.003640	7676.595018
-99.216000	0.003644	7688.685612
-99.164000	0.003648	7700.744733
-99.112000	0.003652	7712.786970
-99.060000	0.003656	7724.804458
-99.008000	0.003660	7736.801833
-98.956000	0.003664	7748.777699
-98.904000	0.003668	7760.727258
-98.852000	0.003672	7772.656266
-98.800000	0.003676	7784.558663
-98.748000	0.003680	7796.446047
-98.696000	0.003684	7808.299816
-98.644000	0.003688	7820.140340
-98.592000	0.003693	7831.943599
-98.540000	0.003697	7843.737267
-98.488000	0.003701	7855.494572
-98.436000	0.003705	7867.246606
-98.384000	0.003709	7878.949108
-98.332000	0.003713	7890.647822
-98.280000	0.003717	7902.300775
-98.228000	0.003722	7913.948991
-98.176000	0.003726	7925.555062
-98.124000	0.003730	7937.152776
-98.072000	0.003734	7948.711970
-98.020000	0.003738	7960.257836
-97.968000	0.003742	7971.764917
-97.916000	0.003747	7983.254644
-97.864000	0.003751	7994.709616
-97.812000	0.003755	8006.143204
-97.760000	0.003759	8017.546073
-97.708000	0.003763	8028.926079
-97.656000	0.003768	8040.282076
-97.604000	0.003772	8051.608595
-97.552000	0.003776	8062.912493
-97.500000	0.003780	8074.179487
-97.448000	0.003785	8085.426055
-97.396000	0.003789	8096.635030
-97.344000	0.003793	8107.829494
-97.292000	0.003797	8118.982312
-97.240000	0.003802	8130.124676
-97.188000	0.003806	8141.216753
-97.136000	0.003810	8152.301782
-97.084000	0.003815	8163.337050
-97.032000	0.003819	8174.368227
-96.980000	0.003823	8185.343692
-96.928000	0.003828	8196.313654
-96.876000	0.003832	8207.236996
-96.824000	0.003836	8218.148877
-96.772000	0.003841	8229.009636
-96.720000	0.003845	8239.856839
-96.668000	0.003849	8250.665475
-96.616000	0.003854	8261.452979
-96.564000	0.003858	8272.199034
-96.512000	0.003862	8282.923475
-96.460000	0.003867	8293.617409
-96.408000	0.003871	8304.280524
-96.356000	0.003875	8314.911887
-96.304000	0.003880	8325.507569
-96.252000	0.003884	8336.076360
-96.200000	0.003889	8346.607995
-96.148000	0.003893	8357.119440
-96.096000	0.003897	8367.589271
-96.044000	0.003902	8378.043372
-95.992000	0.003906	8388.447200
-95.940000	0.003911	8398.838723
-95.888000	0.003915	8409.175112
-95.836000	0.003920	8419.504059
-95.784000	0.003924	8429.773009
-95.732000	0.003929	8440.037394
-95.680000	0.003933	8450.246297
-95.628000	0.003938	8460.447719
-95.576000	0.003942	8470.588799
-95.524000	0.003947	8480.718147
-95.472000	0.003951	8490.796631
-95.420000	0.003956	8500.858549
-95.368000	0.003960	8510.874439
-95.316000	0.003965	8520.868926
-95.264000	0.003969	8530.822221
-95.212000	0.003974	8540.749273
-95.160000	0.003978	8550.639976
-95.108000	0.003983	8560.496983
-95.056000	0.003987	8570.319874
-95.004000	0.003992	8580.106808
-94.952000	0.003996	8589.867112
-94.900000	0.004001	8599.583186
-94.848000	0.004006	8609.275675
-94.796000	0.004010	8618.918666
-94.744000	0.004015	8628.543336
-94.692000	0.004019	8638.117465
-94.640000	0.004024	8647.679548
-94.588000	0.004029	8657.181599
-94.536000	0.004033	8666.675858
-94.484000	0.004038	8676.109853
-94.432000	0.004043	8685.538692
-94.380000	0.004047	8694.897203
-94.328000	0.004052	8704.248549
-94.276000	0.004057	8713.544451
-94.224000	0.004061	8722.826333
-94.172000	0.004066	8732.049171
-94.120000	0.004071	8741.255172
-94.068000	0.004075	8750.415403
-94.016000	0.004080	8759.550325
-93.964000	0.004085	8768.637492
-93.912000	0.004089	8777.695923
-93.860000	0.004094	8786.715256
-93.808000	0.004099	8795.703225
-93.756000	0.004104	8804.659963
-93.704000	0.004108	8813.571384
-93.652000	0.004113	8822.449835
-93.600000	0.004118	8831.287197
-93.548000	0.004123	8840.103048
-93.496000	0.004127	8848.865274
-93.444000	0.004132	8857.608065
-93.392000	0.004137	8866.295803
-93.340000	0.004142	8874.970764
-93.288000	0.004146	8883.580760
-93.236000	0.004151	8892.182659
-93.184000	0.004156	8900.718974
-93.132000	0.004161	8909.250128
-93.080000	0.004166	8917.716261
-93.028000	0.004171	8926.173705
-92.976000	0.004175	8934.566758
-92.924000	0.004180	8942.945479
-92.872000	0.004185	8951.265458
-92.820000	0.004190	8959.566895
-92.768000	0.004195	8967.819024
-92.716000	0.004200	8976.045531
-92.664000	0.004205	8984.224584
-92.612000	0.004210	8992.374609
-92.560000	0.004215	9000.485820
-92.508000	0.004219	9008.560099
-92.456000	0.004224	9016.598243
-92.404000	0.004229	9024.593786
-92.352000	0.004234	9032.558861
-92.300000	0.004239	9040.479122
-92.248000	0.004244	9048.376357
-92.196000	0.004249	9056.219654
-92.144000	0.004254	9064.043819
-92.092000	0.004259	9071.808377
-92.040000	0.004264	9079.559471
-91.988000	0.004269	9087.245288
-91.936000	0.004274	9094.923307
-91.884000	0.004279	9102.535454
-91.832000	0.004284	9110.142189
-91.780000	0.004289	9117.679194
-91.728000	0.004294	9125.207200
-91.676000	0.004299	9132.671119
-91.624000	0.004304	9140.121447
-91.572000	0.004309	9147.517507
-91.520000	0.004314	9154.893278
-91.468000	0.004319	9162.216254
-91.416000	0.004325	9169.511431
-91.364000	0.004330	9176.756087
-91.312000	0.004335	9183.973688
-91.260000	0.004340	9191.155725
-91.208000	0.004345	9198.297845
-91.156000	0.004350	9205.401572
-91.104000	0.004355	9212.465457
-91.052000	0.004360	9219.501335
-91.000000	0.004365	9226.488628
-90.948000	0.004371	9233.451424
-90.896000	0.004376	9240.359969
-90.844000	0.004381	9247.249685
-90.792000	0.004386	9254.079481
-90.740000	0.004391	9260.896116
-90.688000	0.004397	9267.651852
-90.636000	0.004402	9274.400631
-90.584000	0.004407	9281.078157
-90.532000	0.004412	9287.750376
-90.480000	0.004417	9294.358125
-90.428000	0.004423	9300.956564
-90.376000	0.004428	9307.491215
-90.324000	0.004433	9314.010911
-90.272000	0.004438	9320.472468
-90.220000	0.004444	9326.913422
-90.168000	0.004449	9333.301883
-90.116000	0.004454	9339.665978
-90.064000	0.004460	9345.986568
-90.012000	0.004465	9352.277548
-89.960000	0.004470	9358.530282
-89.908000	0.004475	9364.745453
-89.856000	0.004481	9370.925095
-89.804000	0.004486	9377.061508
-89.752000	0.004491	9383.168061
-89.700000	0.004497	9389.229218
-89.648000	0.004502	9395.267913
-89.596000	0.004508	9401.255944
-89.544000	0.004513	9407.226773
-89.492000	0.004518	9413.137373
-89.440000	0.004524	9419.035112
-89.388000	0.004529	9424.871663
-89.336000	0.004535	9430.701538
-89.284000	0.004540	9436.464962
-89.232000	0.004545	9442.222921
-89.180000	0.004551	9447.911753
-89.128000	0.004556	9453.591658
-89.076000	0.004562	9459.212612
-89.024000	0.004567	9464.819398
-88.972000	0.004573	9470.372477
-88.920000	0.004578	9475.906143
-88.868000	0.004584	9481.391345
-88.816000	0.004589	9486.851891
-88.764000	0.004595	9492.269217
-88.712000	0.004600	9497.654331
-88.660000	0.004606	9502.998557
-88.608000	0.004611	9508.310335
-88.556000	0.004617	9513.591921
-88.504000	0.004622	9518.833084
-88.452000	0.004628	9524.046804
-88.400000	0.004634	9529.214835
-88.348000	0.004639	9534.360682
-88.296000	0.004645	9539.455578
-88.244000	0.004650	9544.533554
-88.192000	0.004656	9549.559647
-88.140000	0.004662	9554.574983
-88.088000	0.004667	9559.528842
-88.036000	0.004673	9564.476303
-87.984000	0.004679	9569.357026
-87.932000	0.004684	9574.232880
-87.880000	0.004690	9579.049744
-87.828000	0.004696	9583.857394
-87.776000	0.004701	9588.606372
-87.724000	0.004707	9593.340892
-87.672000	0.004713	9598.021986
-87.620000	0.004718	9602.686424
-87.568000	0.004724	9607.310090
-87.516000	0.004730	9611.908810
-87.464000	0.004736	9616.464596
-87.412000	0.004741	9620.992517
-87.360000	0.004747	9625.485651
-87.308000	0.004753	9629.946068
-87.256000	0.004759	9634.376555
-87.204000	0.004764	9638.766326
-87.152000	0.004770	9643.128935
-87.100000	0.004776	9647.452652
-87.048000	0.004782	9651.757842
-86.996000	0.004788	9656.015737
-86.944000	0.004794	9660.258275
-86.892000	0.004799	9664.448662
-86.840000	0.004805	9668.628549
-86.788000	0.004811	9672.751428
-86.736000	0.004817	9676.868665
-86.684000	0.004823	9680.924033
-86.632000	0.004829	9684.974953
-86.580000	0.004835	9688.972036
-86.528000	0.004841	9692.961091
-86.476000	0.004847	9696.900739
-86.424000	0.004852	9700.826782
-86.372000	0.004858	9704.703768
-86.320000	0.004864	9708.562309
-86.268000	0.004870	9712.376631
-86.216000	0.004876	9716.171564
-86.164000	0.004882	9719.933685
-86.112000	0.004888	9723.667674
-86.060000	0.004894	9727.367139
-86.008000	0.004900	9731.036373
-85.956000	0.004906	9734.678410
-85.904000	0.004912	9738.285762
-85.852000	0.004918	9741.870370
-85.800000	0.004924	9745.415841
-85.748000	0.004931	9748.943022
-85.696000	0.004937	9752.426611
-85.644000	0.004943	9755.896362
-85.592000	0.004949	9759.318067
-85.540000	0.004955	9762.730388
-85.488000	0.004961	9766.094987
-85.436000	0.004967	9769.455109
-85.384000	0.004973	9772.758277
-85.332000	0.004979	9776.057420
-85.280000	0.004986	9779.307835
-85.228000	0.004992	9782.550736
-85.176000	0.004998	9785.748940
-85.124000	0.005004	9788.934437
-85.072000	0.005010	9792.075200
-85.020000	0.005017	9795.200385
-84.968000	0.005023	9798.288937
-84.916000	0.005029	9801.357875
-84.864000	0.005035	9804.394216
-84.812000	0.005041	9807.404532
-84.760000	0.005048	9810.383438
-84.708000	0.005054	9813.337424
-84.656000	0.005060	9816.269357
-84.604000	0.005067	9819.169540
-84.552000	0.005073	9822.049263
-84.500000	0.005079	9824.896777
-84.448000	0.005086	9827.729526
-84.396000	0.005092	9830.518436
-84.344000	0.005098	9833.293746
-84.292000	0.005105	9836.033949
-84.240000	0.005111	9838.767513
-84.188000	0.005117	9841.453129
-84.136000	0.005124	9844.134481
-84.084000	0.005130	9846.763842
-84.032000	0.005137	9849.389599
-83.980000	0.005143	9851.971694
-83.928000	0.005149	9854.546833
-83.876000	0.005156	9857.081942
-83.824000	0.005162	9859.607650
-83.772000	0.005169	9862.100997
-83.720000	0.005175	9864.578542
-83.668000	0.005182	9867.019671
-83.616000	0.005188	9869.442956
-83.564000	0.005195	9871.837097
-83.512000	0.005201	9874.212158
-83.460000	0.005208	9876.564546
-83.408000	0.005214	9878.891813
-83.356000	0.005221	9881.197219
-83.304000	0.005228	9883.473857
-83.252000	0.005234	9885.732277
-83.200000	0.005241	9887.961894
-83.148000	0.005247	9890.178560
-83.096000	0.005254	9892.363182
-83.044000	0.005261	9894.538094
-82.992000	0.005267	9896.677718
-82.940000	0.005274	9898.810872
-82.888000	0.005281	9900.900679
-82.836000	0.005287	9902.986849
-82.784000	0.005294	9905.031257
-82.732000	0.005301	9907.072890
-82.680000	0.005307	9909.080704
-82.628000	0.005314	9911.082163
-82.576000	0.005321	9913.048205
-82.524000	0.005327	9915.004671
-82.472000	0.005334	9916.928971
-82.420000	0.005341	9918.840460
-82.368000	0.005348	9920.722962
-82.316000	0.005355	9922.591452
-82.264000	0.005361	9924.437442
-82.212000	0.005368	9926.264169
-82.160000	0.005375	9928.068395
-82.108000	0.005382	9929.852939
-82.056000	0.005389	9931.620630
-82.004000	0.005396	9933.365815
-81.952000	0.005402	9935.096998
-81.900000	0.005409	9936.802810
-81.848000	0.005416	9938.497429
-81.796000	0.005423	9940.163873
-81.744000	0.005430	9941.821984
-81.692000	0.005437	9943.444608
-81.640000	0.005444	9945.060924
-81.588000	0.005451	9946.648237
-81.536000	0.005458	9948.233177
-81.484000	0.005465	9949.786853
-81.432000	0.005472	9951.337220
-81.380000	0.005479	9952.849119
-81.328000	0.005486	9954.356959
-81.276000	0.005493	9955.842771
-81.224000	0.005500	9957.318825
-81.172000	0.005507	9958.762861
-81.120000	0.005514	9960.198814
-81.068000	0.005521	9961.616791
-81.016000	0.005528	9963.020585
-80.964000	0.005535	9964.401990
-80.912000	0.005543	9965.768841
-80.860000	0.005550	9967.118963
-80.808000	0.005557	9968.452078
-80.756000	0.005564	9969.770861
-80.704000	0.005571	9971.070229
-80.652000	0.005578	9972.357729
-80.600000	0.005586	9973.623367
-80.548000	0.005593	9974.879554
-80.496000	0.005600	9976.115503
-80.444000	0.005607	9977.345608
-80.392000	0.005615	9978.548986
-80.340000	0.005622	9979.747779
-80.288000	0.005629	9980.917411
-80.236000	0.005636	9982.084700
-80.184000	0.005644	9983.226069
-80.132000	0.005651	9984.364840
-80.080000	0.005658	9985.474863
-80.028000	0.005666	9986.581560
-79.976000	0.005673	9987.670719
-79.924000	0.005680	9988.752445
-79.872000	0.005688	9989.810311
-79.820000	0.005695	9990.859971
-79.768000	0.005703	9991.891717
-79.716000	0.005710	9992.911195
-79.664000	0.005717	9993.911650
-79.612000	0.005725	9994.902328
-79.560000	0.005732	9995.881926
-79.508000	0.005740	9996.850123
-79.456000	0.005747	9997.808864
-79.404000	0.005755	9998.748027
-79.352000	0.005762	9999.675423
-79.300000	0.005770	10000.588186
-79.248000	0.005778	10001.494752
-79.196000	0.005785	10002.380967
-79.144000	0.005793	10003.261444
-79.092000	0.005800	10004.124025
-79.040000	0.005808	10004.983644
-78.988000	0.005816	10005.818856
-78.936000	0.005823	10006.652147
-78.884000	0.005831	10007.464770
-78.832000	0.005838	10008.275586
-78.780000	0.005846	10009.067368
-78.728000	0.005854	10009.854867
-78.676000	0.005862	10010.620525
-78.624000	0.005869	10011.382428
-78.572000	0.005877	10012.132449
-78.520000	0.005885	10012.874156
-78.468000	0.005893	10013.598081
-78.416000	0.005900	10014.315841
-78.364000	0.005908	10015.024158
-78.312000	0.005916	10015.722598
-78.260000	0.005924	10016.410026
-78.208000	0.005932	10017.085962
-78.156000	0.005939	10017.752528
-78.104000	0.005947	10018.409282
-78.052000	0.005955	10019.060243
-78.000000	0.005963	10019.692753
-77.948000	0.005971	10020.317593
-77.896000	0.005979	10020.934268
-77.844000	0.005987	10021.548705
-77.792000	0.005995	10022.145173
-77.740000	0.006003	10022.738774
-77.688000	0.006011	10023.312741
-77.636000	0.006019	10023.885287
-77.584000	0.006027	10024.447569
-77.532000	0.006035	10025.007959
-77.480000	0.006043	10025.549346
-77.428000	0.006051	10026.088117
-77.376000	0.006059	10026.613889
-77.324000	0.006067	10027.134541
-77.272000	0.006075	10027.639414
-77.220000	0.006084	10028.140957
-77.168000	0.006092	10028.635447
-77.116000	0.006100	10029.123687
-77.064000	0.006108	10029.602509
-77.012000	0.006116	10030.073876
-76.960000	0.006125	10030.537062
-76.908000	0.006133	10030.991584
-76.856000	0.006141	10031.439160
-76.804000	0.006149	10031.880141
-76.752000	0.006158	10032.317281
-76.700000	0.006166	10032.743324
-76.648000	0.006174	10033.164854
-76.596000	0.006183	10033.574033
-76.544000	0.006191	10033.979897
-76.492000	0.006199	10034.376733
-76.440000	0.006208	10034.772189
-76.388000	0.006216	10035.152894
-76.336000	0.006224	10035.532531
-76.284000	0.006233	10035.901899
-76.232000	0.006241	10036.269784
-76.180000	0.006250	10036.623501
-76.128000	0.006258	10036.976356
-76.076000	0.006267	10037.324886
-76.024000	0.006275	10037.669525
-75.972000	0.006284	10038.002410
-75.920000	0.006292	10038.330193
-75.868000	0.006301	10038.647433
-75.816000	0.006310	10038.962608
-75.764000	0.006318	10039.274663
-75.712000	0.006327	10039.581721
-75.660000	0.006336	10039.883365
-75.608000	0.006344	10040.176265
-75.556000	0.006353	10040.462268
-75.504000	0.006362	10040.744977
-75.452000	0.006370	10041.025797
-75.400000	0.006379	10041.299173
-75.348000	0.006388	10041.569580
-75.296000	0.006397	10041.831729
-75.244000	0.006405	10042.091723
-75.192000	0.006414	10042.342624
-75.140000	0.006423	10042.592178
-75.088000	0.006432	10042.831864
-75.036000	0.006441	10043.070907
-74.984000	0.006450	10043.304826
-74.932000	0.006459	10043.537724
-74.880000	0.006468	10043.761245
-74.828000	0.006477	10043.982947
-74.776000	0.006486	10044.196021
-74.724000	0.006495	10044.407809
-74.672000	0.006504	10044.615693
-74.620000	0.006513	10044.821894
-74.568000	0.006522	10045.024617
-74.516000	0.006531	10045.223096
-74.464000	0.006540	10045.415373
-74.412000	0.006549	10045.602605
-74.360000	0.006558	10045.784466
-74.308000	0.006567	10045.963408
-74.256000	0.006576	10046.140055
-74.204000	0.006586	10046.313398
-74.152000	0.006595	10046.484886
-74.100000	0.006604	10046.652645
-74.048000	0.006613	10046.818947
-73.996000	0.006623	10046.976925
-73.944000	0.006632	10047.132782
-73.892000	0.006641	10047.284108
-73.840000	0.006651	10047.434806
-73.788000	0.006660	10047.580518
-73.736000	0.006669	10047.725853
-73.684000	0.006679	10047.866108
-73.632000	0.006688	10048.005851
-73.580000	0.006698	10048.140911
-73.528000	0.006707	10048.275061
-73.476000	0.006717	10048.404927
-73.424000	0.006726	10048.532123
-73.372000	0.006736	10048.651566
-73.320000	0.006745	10048.771059
-73.268000	0.006755	10048.890538
-73.216000	0.006765	10049.007895
-73.164000	0.006774	10049.122154
-73.112000	0.006784	10049.231322
-73.060000	0.006794	10049.335163
-73.008000	0.006803	10049.439057
-72.956000	0.006813	10049.542965
-72.904000	0.006823	10049.643516
-72.852000	0.006833	10049.742206
-72.800000	0.006843	10049.840924
-72.748000	0.006852	10049.939653
-72.696000	0.006862	10050.030012
-72.644000	0.006872	10050.118293
-72.592000	0.006882	10050.206609
-72.540000	0.006892	10050.294957
-72.488000	0.006902	10050.378295
-72.436000	0.006912	10050.461254
-72.384000	0.006922	10050.539178
-72.332000	0.006932	10050.617142
-72.280000	0.006942	10050.695074
-72.228000	0.006952	10050.772070
-72.176000	0.006962	10050.844803
-72.124000	0.006973	10050.916197
-72.072000	0.006983	10050.983706
-72.020000	0.006993	10051.051268
-71.968000	0.007003	10051.118837
-71.916000	0.007014	10051.184259
-71.864000	0.007024	10051.246606
-71.812000	0.007034	10051.308998
-71.760000	0.007045	10051.371381
-71.708000	0.007055	10051.430807
-71.656000	0.007065	10051.487997
-71.604000	0.007076	10051.541819
-71.552000	0.007086	10051.593815
-71.500000	0.007097	10051.645837
-71.448000	0.007107	10051.697868
-71.396000	0.007118	10051.749901
-71.344000	0.007129	10051.801940
-71.292000	0.007139	10051.849380
-71.240000	0.007150	10051.896225
-71.188000	0.007161	10051.943075
-71.136000	0.007171	10051.989764
-71.084000	0.007182	10052.031414
-71.032000	0.007193	10052.073098
-70.980000	0.007204	10052.114776
-70.928000	0.007215	10052.155493
-70.876000	0.007226	10052.191942
-70.824000	0.007237	10052.229837
-70.772000	0.007248	10052.271545
-70.720000	0.007259	10052.311492
-70.668000	0.007270	10052.348001
-70.616000	0.007281	10052.382337
-70.564000	0.007292	10052.413621
-70.512000	0.007303	10052.444956
-70.460000	0.007314	10052.476300
-70.408000	0.007326	10052.507668
-70.356000	0.007337	10052.539018
-70.304000	0.007348	10052.570396
-70.252000	0.007360	10052.601778
-70.200000	0.007371	10052.629341
-70.148000	0.007382	10052.655498
-70.096000	0.007394	10052.681690
-70.044000	0.007405	10052.707907
-69.992000	0.007417	10052.734114
-69.940000	0.007429	10052.760334
-69.888000	0.007440	10052.786560
-69.836000	0.007452	10052.812600
-69.784000	0.007464	10052.833596
-69.732000	0.007476	10052.854622
-69.680000	0.007487	10052.875667
-69.628000	0.007499	10052.897770
-69.576000	0.007511	10052.924044
-69.524000	0.007523	10052.947510
-69.472000	0.007535	10052.963352
-69.420000	0.007547	10052.981058
-69.368000	0.007559	10053.002129
-69.316000	0.007572	10053.023242
-69.264000	0.007584	10053.044342
-69.212000	0.007596	10053.062845
-69.160000	0.007608	10053.078745
-69.108000	0.007621	10053.094678
-69.056000	0.007633	10053.110607
-69.004000	0.007646	10053.126550
-68.952000	0.007658	10053.142482
-68.900000	0.007671	10053.158434
-68.848000	0.007683	10053.174395
-68.796000	0.007696	10053.190370
-68.744000	0.007709	10053.206361
-68.692000	0.007722	10053.217703
-68.640000	0.007735	10053.228493
-68.588000	0.007748	10053.244321
-68.536000	0.007761	10053.260107
-68.484000	0.007774	10053.270894
-68.432000	0.007787	10053.282350
-68.380000	0.007800	10053.298362
-68.328000	0.007813	10053.313367
-68.276000	0.007827	10053.324172
-68.224000	0.007840	10053.335015
-68.172000	0.007854	10053.345844
-68.120000	0.007867	10053.356713
-68.068000	0.007881	10053.367566
-68.016000	0.007894	10053.378452
-67.964000	0.007908	10053.389304
-67.912000	0.007922	10053.400192
-67.860000	0.007936	10053.411071
-67.808000	0.007950	10053.421969
-67.756000	0.007964	10053.432847
-67.704000	0.007978	10053.443764
-67.652000	0.007992	10053.454697
-67.600000	0.008006	10053.461746
-67.548000	0.008021	10053.467420
-67.496000	0.008035	10053.477399
-67.444000	0.008050	10053.488357
-67.392000	0.008064	10053.499301
-67.340000	0.008079	10053.510257
-67.288000	0.008094	10053.516133
-67.236000	0.008109	10053.522141
-67.184000	0.008124	10053.533093
-67.132000	0.008139	10053.543413
-67.080000	0.008154	10053.549152
-67.028000	0.008169	10053.554926
-66.976000	0.008185	10053.560687
-66.924000	0.008200	10053.567948
-66.872000	0.008216	10053.578932
-66.820000	0.008231	10053.588082
-66.768000	0.008247	10053.593859
-66.716000	0.008263	10053.599673
-66.664000	0.008279	10053.605473
-66.612000	0.008295	10053.611297
-66.560000	0.008311	10053.617094
-66.508000	0.008327	10053.622919
-66.456000	0.008343	10053.628741
-66.404000	0.008360	10053.634570
-66.352000	0.008377	10053.640387
-66.300000	0.008393	10053.646221
-66.248000	0.008410	10053.652063
-66.196000	0.008427	10053.657915
-66.144000	0.008444	10053.663780
-66.092000	0.008461	10053.669630
-66.040000	0.008479	10053.675490
-65.988000	0.008496	10053.681351
-65.936000	0.008513	10053.687235
-65.884000	0.008531	10053.693087
-65.832000	0.008549	10053.698966
-65.780000	0.008567	10053.704834
-65.728000	0.008585	10053.709649
-65.676000	0.008603	10053.710306
-65.624000	0.008621	10053.712482
-65.572000	0.008640	10053.718361
-65.520000	0.008658	10053.724268
-65.468000	0.008677	10053.730138
-65.416000	0.008696	10053.733754
-65.364000	0.008715	10053.734443
-65.312000	0.008734	10053.737844
-65.260000	0.008753	10053.743730
-65.208000	0.008773	10053.749653
-65.156000	0.008792	10053.755588
-65.104000	0.008812	10053.758020
-65.052000	0.008831	10053.758719
-65.000000	0.008851	10053.759416
-64.948000	0.008871	10053.760109
-64.896000	0.008892	10053.765128
-64.844000	0.008912	10053.771071
-64.792000	0.008932	10053.772297
-64.740000	0.008953	10053.773032
-64.688000	0.008974	10053.778867
-64.636000	0.008994	10053.784525
-64.584000	0.009015	10053.785246
-64.532000	0.009037	10053.785994
-64.480000	0.009058	10053.786703
-64.428000	0.009079	10053.787440
-64.376000	0.009101	10053.788138
-64.324000	0.009122	10053.788871
-64.272000	0.009144	10053.789614
-64.220000	0.009166	10053.790376
-64.168000	0.009188	10053.791081
-64.116000	0.009210	10053.791826
-64.064000	0.009232	10053.792577
-64.012000	0.009254	10053.793335
-63.960000	0.009277	10053.794050
-63.908000	0.009299	10053.794802
-63.856000	0.009322	10053.795564
-63.804000	0.009345	10053.796314
-63.752000	0.009367	10053.797040
-63.700000	0.009390	10053.797796
-63.648000	0.009413	10053.798569
-63.596000	0.009436	10053.794991
-63.544000	0.009459	10053.790525
-63.492000	0.009482	10053.790783
-63.440000	0.009505	10053.791538
-63.388000	0.009529	10053.792289
-63.336000	0.009552	10053.792741
-63.284000	0.009575	10053.788251
-63.232000	0.009599	10053.784511
-63.180000	0.009622	10053.785261
-63.128000	0.009645	10053.784910
-63.076000	0.009669	10053.780418
-63.024000	0.009692	10053.775952
-62.972000	0.009715	10053.771447
-62.920000	0.009739	10053.768917
-62.868000	0.009762	10053.769685
-62.816000	0.009785	10053.768126
-62.764000	0.009808	10053.763625
-62.712000	0.009831	10053.759152
-62.660000	0.009855	10053.754669
-62.608000	0.009878	10053.750208
-62.556000	0.009900	10053.745742
-62.504000	0.009923	10053.741278
-62.452000	0.009946	10053.736802
-62.400000	0.009969	10053.732319
-62.348000	0.009991	10053.727832
-62.296000	0.010014	10053.723351
-62.244000	0.010036	10053.718881
-62.192000	0.010058	10053.714390
-62.140000	0.010080	10053.709908
-62.088000	0.010102	10053.705422
-62.036000	0.010123	10053.700614
-61.984000	0.010145	10053.690884
-61.932000	0.010166	10053.681925
-61.880000	0.010187	10053.677434
-61.828000	0.010208	10053.672968
-61.776000	0.010229	10053.668463
-61.724000	0.010249	10053.662431
-61.672000	0.010269	10053.652709
-61.620000	0.010289	10053.643003
-61.568000	0.010309	10053.633239
-61.516000	0.010328	10053.625874
-61.464000	0.010348	10053.621382
-61.412000	0.010367	10053.614127
-61.360000	0.010385	10053.604365
-61.308000	0.010404	10053.594636
-61.256000	0.010422	10053.584917
-61.204000	0.010440	10053.575183
-61.152000	0.010457	10053.565424
-61.100000	0.010475	10053.555674
-61.048000	0.010492	10053.545930
-60.996000	0.010508	10053.536171
-60.944000	0.010525	10053.526414
-60.892000	0.010541	10053.516656
-60.840000	0.010557	10053.506913
-60.788000	0.010572	10053.497141
-60.736000	0.010587	10053.487385
-60.684000	0.010602	10053.477619
-60.632000	0.010617	10053.467876
-60.580000	0.010631	10053.458064
-60.528000	0.010645	10053.447108
-60.476000	0.010659	10053.432105
-60.424000	0.010672	10053.418697
-60.372000	0.010685	10053.408879
-60.320000	0.010698	10053.397109
-60.268000	0.010710	10053.382073
-60.216000	0.010722	10053.369441
-60.164000	0.010734	10053.359620
-60.112000	0.010746	10053.347034
-60.060000	0.010757	10053.331997
-60.008000	0.010768	10053.316966
-59.956000	0.010779	10053.301915
-59.904000	0.010789	10053.290473
-59.852000	0.010799	10053.280665
-59.800000	0.010809	10053.266829
-59.748000	0.010819	10053.251749
-59.696000	0.010828	10053.236672
-59.644000	0.010838	10053.221604
-59.592000	0.010846	10053.206535
-59.540000	0.010855	10053.191480
-59.488000	0.010864	10053.176395
-59.436000	0.010872	10053.161325
-59.384000	0.010880	10053.146218
-59.332000	0.010888	10053.131132
-59.280000	0.010895	10053.116003
-59.228000	0.010903	10053.100900
-59.176000	0.010910	10053.085781
-59.124000	0.010918	10053.069084
-59.072000	0.010925	10053.048717
-59.020000	0.010931	10053.030372
-58.968000	0.010938	10053.015217
-58.916000	0.010945	10053.000087
-58.864000	0.010951	10052.984943
-58.812000	0.010958	10052.967000
-58.760000	0.010964	10052.946610
-58.708000	0.010970	10052.929438
-58.656000	0.010976	10052.914263
-58.604000	0.010982	10052.899098
-58.552000	0.010988	10052.883933
-58.500000	0.010994	10052.864736
-58.448000	0.011000	10052.844325
-58.396000	0.011006	10052.828323
-58.344000	0.011012	10052.813126
-58.292000	0.011018	10052.793074
-58.240000	0.011024	10052.772630
-58.188000	0.011029	10052.752179
-58.136000	0.011035	10052.732154
-58.084000	0.011041	10052.716912
-58.032000	0.011047	10052.700878
-57.980000	0.011053	10052.680412
-57.928000	0.011059	10052.659965
-57.876000	0.011065	10052.639451
-57.824000	0.011071	10052.618962
-57.772000	0.011077	10052.598456
-57.720000	0.011083	10052.579992
-57.668000	0.011089	10052.564697
-57.616000	0.011096	10052.546997
-57.564000	0.011102	10052.526482
-57.512000	0.011109	10052.505963
-57.460000	0.011115	10052.485402
-57.408000	0.011122	10052.464856
-57.356000	0.011129	10052.444305
-57.304000	0.011136	10052.423764
-57.252000	0.011143	10052.403223
-57.200000	0.011150	10052.382652
-57.148000	0.011157	10052.362065
-57.096000	0.011164	10052.341479
-57.044000	0.011172	10052.320901
-56.992000	0.011179	10052.300299
-56.940000	0.011187	10052.279703
-56.888000	0.011195	10052.259075
-56.836000	0.011203	10052.238460
-56.784000	0.011211	10052.217807
-56.732000	0.011220	10052.197173
-56.680000	0.011228	10052.176523
-56.628000	0.011236	10052.155894
-56.576000	0.011245	10052.135223
-56.524000	0.011254	10052.114570
-56.472000	0.011263	10052.093878
-56.420000	0.011272	10052.073202
-56.368000	0.011282	10052.052489
-56.316000	0.011291	10052.031798
-56.264000	0.011301	10052.011094
-56.212000	0.011310	10051.990395
-56.160000	0.011320	10051.969672
-56.108000	0.011330	10051.948948
-56.056000	0.011341	10051.928205
-56.004000	0.011351	10051.907455
-55.952000	0.011361	10051.886692
-55.900000	0.011372	10051.865916
-55.848000	0.011383	10051.845134
-55.796000	0.011394	10051.824351
-55.744000	0.011405	10051.803577
-55.692000	0.011416	10051.782754
-55.640000	0.011428	10051.761932
-55.588000	0.011439	10051.741101
-55.536000	0.011451	10051.720287
-55.484000	0.011463	10051.699459
-55.432000	0.011475	10051.678650
-55.380000	0.011487	10051.657771
-55.328000	0.011499	10051.638171
-55.276000	0.011511	10051.622498
-55.224000	0.011524	10051.605184
-55.172000	0.011536	10051.584287
-55.120000	0.011549	10051.563405
-55.068000	0.011562	10051.542487
-55.016000	0.011575	10051.521579
-54.964000	0.011588	10051.500640
-54.912000	0.011602	10051.479706
-54.860000	0.011615	10051.458745
-54.808000	0.011629	10051.441076
-54.756000	0.011642	10051.425353
-54.704000	0.011656	10051.405922
-54.652000	0.011670	10051.384920
-54.600000	0.011684	10051.363921
-54.548000	0.011698	10051.342926
-54.496000	0.011713	10051.326401
-54.444000	0.011727	10051.310614
-54.392000	0.011742	10051.289905
-54.340000	0.011757	10051.268937
-54.288000	0.011771	10051.253094
-54.236000	0.011786	10051.236790
-54.184000	0.011801	10051.215718
-54.132000	0.011816	10051.195540
-54.080000	0.011832	10051.179644
-54.028000	0.011847	10051.162487
-53.976000	0.011862	10051.141365
-53.924000	0.011878	10051.121939
-53.872000	0.011894	10051.105996
-53.820000	0.011909	10051.090072
-53.768000	0.011925	10051.074132
-53.716000	0.011941	10051.055709
-53.664000	0.011957	10051.034518
-53.612000	0.011974	10051.016239
-53.560000	0.011990	10051.000284
-53.508000	0.012006	10050.984311
-53.456000	0.012023	10050.968305
-53.404000	0.012039	10050.952290
-53.352000	0.012056	10050.936262
-53.300000	0.012073	10050.920237
-53.248000	0.012090	10050.904214
-53.196000	0.012107	10050.888169
-53.144000	0.012124	10050.872124
-53.092000	0.012141	10050.856028
-53.040000	0.012158	10050.839932
-52.988000	0.012175	10050.823827
-52.936000	0.012193	10050.808232
-52.884000	0.012210	10050.797330
-52.832000	0.012228	10050.785545
-52.780000	0.012246	10050.769386
-52.728000	0.012263	10050.753247
-52.676000	0.012281	10050.737091
-52.624000	0.012299	10050.722652
-52.572000	0.012317	10050.711673
-52.520000	0.012335	10050.698595
-52.468000	0.012353	10050.682362
-52.416000	0.012372	10050.668661
-52.364000	0.012390	10050.657662
-52.312000	0.012408	10050.646654
-52.260000	0.012427	10050.635603
-52.208000	0.012445	10050.621240
-52.156000	0.012464	10050.604965
-52.104000	0.012483	10050.592406
-52.052000	0.012502	10050.581337
-52.000000	0.012521	10050.570251
-51.948000	0.012540	10050.559158
-51.896000	0.012559	10050.548042
-51.844000	0.012578	10050.536925
-51.792000	0.012597	10050.525779
-51.740000	0.012616	10050.514639
-51.688000	0.012636	10050.503463
-51.636000	0.012655	10050.492299
-51.584000	0.012675	10050.481093
-51.532000	0.012694	10050.470824
-51.480000	0.012714	10050.464820
-51.428000	0.012734	10050.457509
-51.376000	0.012753	10050.446277
-51.324000	0.012773	10050.436782
-51.272000	0.012793	10050.430725
-51.220000	0.012813	10050.422547
-51.168000	0.012833	10050.411235
-51.116000	0.012853	10050.397402
-51.064000	0.012874	10050.380864
-51.012000	0.012894	10050.387855
-50.960000	0.012914	10050.413130
-50.908000	0.012935	10050.404936
-50.856000	0.012955	10050.377862
-50.804000	0.012976	10050.350793
-50.752000	0.012996	10050.323723
-50.700000	0.013017	10050.338162
-50.648000	0.013038	10050.363363
-50.596000	0.013059	10050.342951
-50.544000	0.013079	10050.315803
-50.492000	0.013100	10050.338255
-50.440000	0.013122	10050.362056
-50.388000	0.013143	10050.334875
-50.336000	0.013164	10050.307705
-50.284000	0.013185	10050.280492
-50.232000	0.013206	10050.262724
-50.180000	0.013228	10050.287779
-50.128000	0.013249	10050.299379
-50.076000	0.013271	10050.272112
-50.024000	0.013292	10050.262365
-49.972000	0.013314	10050.287365
-49.920000	0.013336	10050.290826
-49.868000	0.013357	10050.263505
-49.816000	0.013379	10050.261777
-49.764000	0.013401	10050.286727
-49.712000	0.013423	10050.282059
-49.660000	0.013445	10050.254715
-49.608000	0.013467	10050.261016
-49.556000	0.013489	10050.285914
-49.504000	0.013512	10050.273092
-49.452000	0.013534	10050.245669
-49.400000	0.013556	10050.259972
-49.348000	0.013579	10050.284819
-49.296000	0.013601	10050.263875
-49.244000	0.013624	10050.236427
-49.192000	0.013646	10050.258752
-49.140000	0.013669	10050.281978
-49.088000	0.013692	10050.254440
-49.036000	0.013714	10050.232520
-48.984000	0.013737	10050.257273
-48.932000	0.013760	10050.272392
-48.880000	0.013783	10050.244792
-48.828000	0.013806	10050.230896
-48.776000	0.013829	10050.255592
-48.724000	0.013853	10050.262567
-48.672000	0.013876	10050.234912
-48.620000	0.013899	10050.229031
-48.568000	0.013922	10050.253644
-48.516000	0.013946	10050.252466
-48.464000	0.013969	10050.224785
-48.412000	0.013993	10050.226935
-48.360000	0.014017	10050.251496
-48.308000	0.014040	10050.276063
-48.256000	0.014064	10050.300625
-48.204000	0.014088	10050.287232
-48.152000	0.014112	10050.259443
-48.100000	0.014136	10050.273616
-48.048000	0.014160	10050.298125
-47.996000	0.014184	10050.276583
-47.944000	0.014208	10050.248740
-47.892000	0.014232	10050.270933
-47.840000	0.014256	10050.295388
-47.788000	0.014281	10050.319806
-47.736000	0.014305	10050.338407
-47.684000	0.014330	10050.310469
-47.632000	0.014354	10050.292410
-47.580000	0.014379	10050.316764
-47.528000	0.014403	10050.341127
-47.476000	0.014428	10050.365426
-47.424000	0.014453	10050.371795
-47.372000	0.014478	10050.343795
-47.320000	0.014503	10050.337779
-47.268000	0.014528	10050.362021
-47.216000	0.014553	10050.360251
-47.164000	0.014578	10050.332197
-47.112000	0.014603	10050.334190
-47.060000	0.014628	10050.358376
-47.008000	0.014654	10050.382568
-46.956000	0.014679	10050.406756
-46.904000	0.014705	10050.392785
-46.852000	0.014730	10050.364649
-46.800000	0.014756	10050.378655
-46.748000	0.014781	10050.402759
-46.696000	0.014807	10050.426857
-46.644000	0.014833	10050.450961
-46.592000	0.014859	10050.424750
-46.540000	0.014884	10050.398506
-46.488000	0.014910	10050.422542
-46.436000	0.014936	10050.446590
-46.384000	0.014963	10050.470596
-46.332000	0.014989	10050.494613
-46.280000	0.015015	10050.518559
-46.228000	0.015041	10050.528398
-46.176000	0.015068	10050.500046
-46.124000	0.015094	10050.489860
-46.072000	0.015121	10050.513749
-46.020000	0.015147	10050.537650
-45.968000	0.015174	10050.561537
-45.916000	0.015201	10050.559174
-45.864000	0.015227	10050.530709
-45.812000	0.015254	10050.532532
-45.760000	0.015281	10050.556362
-45.708000	0.015308	10050.580168
-45.656000	0.015335	10050.603943
-45.604000	0.015362	10050.589358
-45.552000	0.015389	10050.560836
-45.500000	0.015417	10050.574692
-45.448000	0.015444	10050.598438
-45.396000	0.015471	10050.622136
-45.344000	0.015499	10050.645825
-45.292000	0.015526	10050.669505
-45.240000	0.015554	10050.690971
-45.188000	0.015582	10050.662301
-45.136000	0.015609	10050.639900
-45.084000	0.015637	10050.663515
-45.032000	0.015665	10050.687141
-44.980000	0.015693	10050.710699
-44.928000	0.015721	10050.719930
-44.876000	0.015749	10050.691188
-44.824000	0.015777	10050.680835
-44.772000	0.015806	10050.704360
-44.720000	0.015834	10050.727882
-44.668000	0.015862	10050.751349
-44.616000	0.015891	10050.774828
-44.564000	0.015919	10050.798295
-44.512000	0.015948	10050.791245
-44.460000	0.015977	10050.762359
-44.408000	0.016005	10050.768015
-44.356000	0.016034	10050.791424
-44.304000	0.016063	10050.814799
-44.252000	0.016092	10050.838151
-44.200000	0.016121	10050.861500
-44.148000	0.016150	10050.884851
-44.096000	0.016179	10050.861517
-44.044000	0.016208	10050.832543
-43.992000	0.016238	10050.854209
-43.940000	0.016267	10050.877474
-43.888000	0.016297	10050.900725
-43.836000	0.016326	10050.923988
-43.784000	0.016356	10050.947207
-43.732000	0.016385	10050.959916
-43.680000	0.016415	10050.930781
-43.628000	0.016445	10050.916217
-43.576000	0.016475	10050.939374
-43.524000	0.016505	10050.962538
-43.472000	0.016535	10050.985664
-43.420000	0.016565	10050.986148
-43.368000	0.016596	10050.956920
-43.316000	0.016626	10050.954380
-43.264000	0.016656	10050.977446
-43.212000	0.016687	10051.000507
-43.160000	0.016717	10051.023544
-43.108000	0.016748	10051.046570
-43.056000	0.016778	10051.069578
-43.004000	0.016809	10051.053756
-42.952000	0.016840	10051.024409
-42.900000	0.016871	10051.037895
-42.848000	0.016902	10051.060843
-42.796000	0.016933	10051.083764
-42.744000	0.016964	10051.106683
-42.692000	0.016995	10051.078653
-42.640000	0.017027	10051.051903
-42.588000	0.017058	10051.074753
-42.536000	0.017090	10051.097612
-42.484000	0.017121	10051.120427
-42.432000	0.017153	10051.143252
-42.380000	0.017184	10051.166035
-42.328000	0.017216	10051.174050
-42.276000	0.017248	10051.144506
-42.224000	0.017280	10051.133784
-42.172000	0.017312	10051.156504
-42.120000	0.017344	10051.179227
-42.068000	0.017376	10051.201917
-42.016000	0.017409	10051.197711
-41.964000	0.017441	10051.168075
-41.912000	0.017473	10051.169379
-41.860000	0.017506	10051.192036
-41.808000	0.017539	10051.214666
-41.756000	0.017571	10051.237266
-41.704000	0.017604	10051.259848
-41.652000	0.017637	10051.282417
-41.600000	0.017670	10051.261929
-41.548000	0.017703	10051.232200
-41.496000	0.017736	10051.249514
-41.444000	0.017769	10051.272023
-41.392000	0.017802	10051.294521
-41.340000	0.017836	10051.314152
-41.288000	0.017869	10051.284323
-41.236000	0.017903	10051.261418
-41.184000	0.017936	10051.283822
-41.132000	0.017970	10051.306238
-41.080000	0.018004	10051.328638
-41.028000	0.018038	10051.336051
-40.976000	0.018072	10051.306122
-40.924000	0.018106	10051.295233
-40.872000	0.018140	10051.317570
-40.820000	0.018174	10051.339908
-40.768000	0.018208	10051.362214
-40.716000	0.018243	10051.357403
-40.664000	0.018277	10051.327382
-40.612000	0.018312	10051.328505
-40.560000	0.018346	10051.350749
-40.508000	0.018381	10051.372995
-40.456000	0.018416	10051.395237
-40.404000	0.018451	10051.378212
-40.352000	0.018486	10051.348099
-40.300000	0.018521	10051.361252
-40.248000	0.018556	10051.383431
-40.196000	0.018591	10051.358272
-40.144000	0.018627	10051.328126
-40.092000	0.018662	10051.349272
-40.040000	0.018698	10051.371362
-39.988000	0.018734	10051.393439
-39.936000	0.018769	10051.408393
-39.884000	0.018805	10051.378141
-39.832000	0.018841	10051.359073
-39.780000	0.018877	10051.381111
-39.728000	0.018913	10051.403153
-39.676000	0.018949	10051.425132
-39.624000	0.018986	10051.427870
-39.572000	0.019022	10051.397548
-39.520000	0.019059	10051.390511
-39.468000	0.019095	10051.412426
-39.416000	0.019132	10051.407018
-39.364000	0.019169	10051.376635
-39.312000	0.019205	10051.377613
-39.260000	0.019242	10051.399495
-39.208000	0.019279	10051.421363
-39.156000	0.019317	10051.443213
-39.104000	0.019354	10051.425595
-39.052000	0.019391	10051.395118
-39.000000	0.019429	10051.408126
-38.948000	0.019466	10051.429942
-38.896000	0.019504	10051.404180
-38.844000	0.019542	10051.373641
-38.792000	0.019579	10051.394659
-38.740000	0.019617	10051.413101
-38.688000	0.019655	10051.382520
-38.636000	0.019694	10051.359297
-38.584000	0.019732	10051.381003
-38.532000	0.019770	10051.402716
-38.480000	0.019809	10051.424362
-38.428000	0.019847	10051.430589
-38.376000	0.019886	10051.399934
-38.324000	0.019924	10051.388753
-38.272000	0.019963	10051.410362
-38.220000	0.020002	10051.408462
-38.168000	0.020041	10051.377743
-38.116000	0.020080	10051.374569
-38.064000	0.020120	10051.396116
-38.012000	0.020159	10051.386077
-37.960000	0.020198	10051.355325
-37.908000	0.020238	10051.360170
-37.856000	0.020278	10051.381653
-37.804000	0.020317	10051.363467
-37.752000	0.020357	10051.332650
-37.700000	0.020397	10051.345536
-37.648000	0.020437	10051.367013
-37.596000	0.020478	10051.388439
-37.544000	0.020518	10051.409856
-37.492000	0.020558	10051.379476
-37.440000	0.020599	10051.352123
-37.388000	0.020639	10051.373497
-37.336000	0.020680	10051.387310
-37.284000	0.020721	10051.356380
-37.232000	0.020762	10051.337066
-37.180000	0.020803	10051.358399
-37.128000	0.020844	10051.364090
-37.076000	0.020885	10051.333095
-37.024000	0.020927	10051.321789
-36.972000	0.020968	10051.343058
-36.920000	0.021010	10051.340607
-36.868000	0.021052	10051.309575
-36.816000	0.021093	10051.306305
-36.764000	0.021135	10051.327538
-36.712000	0.021177	10051.316954
-36.660000	0.021219	10051.285859
-36.608000	0.021262	10051.290610
-36.556000	0.021304	10051.311808
-36.504000	0.021347	10051.293100
-36.452000	0.021389	10051.261970
-36.400000	0.021432	10051.274739
-36.348000	0.021475	10051.295873
-36.296000	0.021518	10051.269034
-36.244000	0.021561	10051.237869
-36.192000	0.021604	10051.258672
-36.140000	0.021647	10051.276023
-36.088000	0.021691	10051.244811
-36.036000	0.021734	10051.221396
-35.984000	0.021778	10051.242447
-35.932000	0.021821	10051.251680
-35.880000	0.021865	10051.220402
-35.828000	0.021909	10051.204999
-35.776000	0.021953	10051.226012
-35.724000	0.021998	10051.227122
-35.672000	0.022042	10051.195806
-35.620000	0.022087	10051.188443
-35.568000	0.022131	10051.209420
-35.516000	0.022176	10051.202406
-35.464000	0.022221	10051.171055
-35.412000	0.022266	10051.171718
-35.360000	0.022311	10051.192631
-35.308000	0.022356	10051.177481
-35.256000	0.022401	10051.146093
-35.204000	0.022447	10051.154807
-35.152000	0.022492	10051.175712
-35.100000	0.022538	10051.152430
-35.048000	0.022584	10051.120980
-34.996000	0.022630	10051.137726
-34.944000	0.022676	10051.158595
-34.892000	0.022722	10051.127208
-34.840000	0.022768	10051.099715
-34.788000	0.022815	10051.120513
-34.736000	0.022861	10051.133314
-34.684000	0.022908	10051.101808
-34.632000	0.022955	10051.082356
-34.580000	0.023002	10051.103141
-34.528000	0.023049	10051.107847
-34.476000	0.023096	10051.076303
-34.424000	0.023143	10051.064891
-34.372000	0.023191	10051.085639
-34.320000	0.023238	10051.082222
-34.268000	0.023286	10051.050642
-34.216000	0.023334	10051.047268
-34.164000	0.023382	10051.067981
-34.112000	0.023430	10051.056440
-34.060000	0.023479	10051.024824
-34.008000	0.023527	10051.029489
-33.956000	0.023575	10051.050165
-33.904000	0.023624	10051.030517
-33.852000	0.023673	10050.998893
-33.800000	0.023722	10051.011604
-33.748000	0.023771	10051.032245
-33.696000	0.023820	10051.004476
-33.644000	0.023869	10050.972816
-33.592000	0.023919	10050.941122
-33.540000	0.023968	10050.913614
-33.488000	0.024018	10050.934230
-33.436000	0.024068	10050.946634
-33.384000	0.024118	10050.914896
-33.332000	0.024168	10050.895431
-33.280000	0.024219	10050.916011
-33.228000	0.024269	10050.920294
-33.176000	0.024320	10050.888545
-33.124000	0.024370	10050.877145
-33.072000	0.024421	10050.897687
-33.020000	0.024472	10050.893856
-32.968000	0.024523	10050.862099
-32.916000	0.024575	10050.858766
-32.864000	0.024626	10050.879300
-32.812000	0.024678	10050.867363
-32.760000	0.024729	10050.835570
-32.708000	0.024781	10050.840276
-32.656000	0.024833	10050.860775
-32.604000	0.024886	10050.881271
-32.552000	0.024938	10050.901766
-32.500000	0.024990	10050.877657
-32.448000	0.025043	10050.845825
-32.396000	0.025096	10050.862624
-32.344000	0.025148	10050.882749
-32.292000	0.025202	10050.850905
-32.240000	0.025255	10050.823465
-32.188000	0.025308	10050.843907
-32.136000	0.025362	10050.855918
-32.084000	0.025415	10050.824059
-32.032000	0.025469	10050.804688
-31.980000	0.025523	10050.825120
-31.928000	0.025577	10050.829040
-31.876000	0.025631	10050.797171
-31.824000	0.025686	10050.785861
-31.772000	0.025740	10050.806256
-31.720000	0.025795	10050.802067
-31.668000	0.025850	10050.770190
-31.616000	0.025905	10050.766943
-31.564000	0.025960	10050.787330
-31.512000	0.026015	10050.775054
-31.460000	0.026071	10050.743169
-31.408000	0.026127	10050.747984
-31.356000	0.026182	10050.768363
-31.304000	0.026239	10050.747983
-31.252000	0.026295	10050.716062
-31.200000	0.026351	10050.728952
-31.148000	0.026407	10050.749351
-31.096000	0.026464	10050.720884
-31.044000	0.026521	10050.689535
-30.992000	0.026578	10050.709917
-30.940000	0.026635	10050.730308
-30.888000	0.026692	10050.750661
-30.836000	0.026750	10050.762364
-30.784000	0.026807	10050.730441
-30.732000	0.026865	10050.711222
-30.680000	0.026923	10050.731563
-30.628000	0.026981	10050.735180
-30.576000	0.027039	10050.703248
-30.524000	0.027098	10050.692100
-30.472000	0.027156	10050.712460
-30.420000	0.027215	10050.708010
-30.368000	0.027274	10050.676070
-30.316000	0.027333	10050.672991
-30.264000	0.027392	10050.693343
-30.212000	0.027452	10050.680802
-30.160000	0.027512	10050.648856
-30.108000	0.027571	10050.653843
-30.056000	0.027631	10050.674188
-30.004000	0.027692	10050.694549
-29.952000	0.027752	10050.714919
-29.900000	0.027812	10050.690269
-29.848000	0.027873	10050.658340
-29.796000	0.027934	10050.675456
-29.744000	0.027995	10050.695022
-29.692000	0.028056	10050.663078
-29.640000	0.028117	10050.635977
-29.588000	0.028179	10050.656352
-29.536000	0.028241	10050.676735
-29.484000	0.028303	10050.697105
-29.432000	0.028365	10050.704568
-29.380000	0.028427	10050.672637
-29.328000	0.028490	10050.657670
-29.276000	0.028552	10050.678031
-29.224000	0.028615	10050.677412
-29.172000	0.028678	10050.645501
-29.120000	0.028741	10050.638630
-29.068000	0.028805	10050.659012
-29.016000	0.028868	10050.679409
-28.964000	0.028932	10050.699816
-28.912000	0.028996	10050.687110
-28.860000	0.029060	10050.655217
-28.808000	0.029125	10050.660492
-28.756000	0.029189	10050.680920
-28.704000	0.029254	10050.660152
-28.652000	0.029319	10050.628280
-28.600000	0.029384	10050.641636
-28.548000	0.029449	10050.662058
-28.496000	0.029515	10050.682494
-28.444000	0.029580	10050.701925
-28.392000	0.029646	10050.670065
-28.340000	0.029712	10050.643266
-28.288000	0.029779	10050.663724
-28.236000	0.029845	10050.684191
-28.184000	0.029912	10050.704646
-28.132000	0.029979	10050.711978
-28.080000	0.030046	10050.680161
-28.028000	0.030113	10050.665529
-27.976000	0.030180	10050.686031
-27.924000	0.030248	10050.685328
-27.872000	0.030316	10050.653531
-27.820000	0.030384	10050.647002
-27.768000	0.030452	10050.667526
-27.716000	0.030521	10050.688066
-27.664000	0.030590	10050.708614
-27.612000	0.030658	10050.695833
-27.560000	0.030727	10050.664083
-27.508000	0.030797	10050.669720
-27.456000	0.030866	10050.690292
-27.404000	0.030936	10050.710861
-27.352000	0.031006	10050.731429
-27.300000	0.031076	10050.706583
-27.248000	0.031146	10050.674909
-27.196000	0.031217	10050.692716
-27.144000	0.031288	10050.713335
-27.092000	0.031359	10050.733970
-27.040000	0.031430	10050.749343
-26.988000	0.031502	10050.717679
-26.936000	0.031573	10050.695337
-26.884000	0.031645	10050.716022
-26.832000	0.031717	10050.736715
-26.780000	0.031789	10050.757396
-26.728000	0.031862	10050.760705
-26.676000	0.031935	10050.729143
-26.624000	0.032008	10050.719019
-26.572000	0.032081	10050.739750
-26.520000	0.032154	10050.760497
-26.468000	0.032228	10050.781254
-26.416000	0.032302	10050.772516
-26.364000	0.032376	10050.741003
-26.312000	0.032450	10050.743053
-26.260000	0.032525	10050.763861
-26.208000	0.032600	10050.747096
-26.156000	0.032674	10050.715633
-26.104000	0.032750	10050.725815
-26.052000	0.032825	10050.746674
-26.000000	0.032901	10050.767550
-25.948000	0.032977	10050.788435
-25.896000	0.033053	10050.759629
-25.844000	0.033129	10050.729694
-25.792000	0.033206	10050.750646
-25.740000	0.033283	10050.771611
-25.688000	0.033360	10050.792565
-25.636000	0.033437	10050.803999
-25.584000	0.033515	10050.772710
-25.532000	0.033593	10050.754998
-25.480000	0.033671	10050.776003
-25.428000	0.033749	10050.797025
-25.376000	0.033828	10050.818083
-25.324000	0.033906	10050.817506
-25.272000	0.033985	10050.786293
-25.220000	0.034065	10050.780793
-25.168000	0.034144	10050.801931
-25.116000	0.034224	10050.823083
-25.064000	0.034304	10050.844248
-25.012000	0.034384	10050.831646
-24.960000	0.034465	10050.800511
-24.908000	0.034546	10050.807232
-24.856000	0.034627	10050.828477
-24.804000	0.034708	10050.849720
-24.752000	0.034789	10050.870963
-24.700000	0.034871	10050.846357
-24.648000	0.034953	10050.815358
-24.596000	0.035036	10050.834324
-24.544000	0.035118	10050.854007
-24.492000	0.035201	10050.823079
-24.440000	0.035284	10050.797869
-24.388000	0.035367	10050.819266
-24.336000	0.035451	10050.840672
-24.284000	0.035535	10050.862122
-24.232000	0.035619	10050.869796
-24.180000	0.035703	10050.838977
-24.128000	0.035788	10050.826003
-24.076000	0.035873	10050.847533
-24.024000	0.035958	10050.869085
-23.972000	0.036044	10050.890671
-23.920000	0.036129	10050.886365
-23.868000	0.036216	10050.855681
-23.816000	0.036302	10050.854958
-23.764000	0.036388	10050.876598
-23.712000	0.036475	10050.864297
-23.660000	0.036562	10050.833724
-23.608000	0.036650	10050.841191
-23.556000	0.036737	10050.862940
-23.504000	0.036825	10050.884724
-23.452000	0.036914	10050.906530
-23.400000	0.037002	10050.882248
-23.348000	0.037091	10050.851784
-23.296000	0.037180	10050.871504
-23.244000	0.037269	10050.891506
-23.192000	0.037359	10050.861141
-23.140000	0.037449	10050.836713
-23.088000	0.037539	10050.858702
-23.036000	0.037630	10050.880701
-22.984000	0.037721	10050.902746
-22.932000	0.037812	10050.910801
-22.880000	0.037903	10050.880605
-22.828000	0.037995	10050.868466
-22.776000	0.038087	10050.890594
-22.724000	0.038179	10050.890668
-22.672000	0.038272	10050.860582
-22.620000	0.038364	10050.856636
-22.568000	0.038458	10050.878875
-22.516000	0.038551	10050.870991
-22.464000	0.038645	10050.841018
-22.412000	0.038739	10050.845264
-22.360000	0.038833	10050.867616
-22.308000	0.038928	10050.851774
-22.256000	0.039023	10050.821912
-22.204000	0.039119	10050.834369
-22.152000	0.039214	10050.856862
-22.100000	0.039310	10050.879372
-22.048000	0.039406	10050.901892
-21.996000	0.039503	10050.874116
-21.944000	0.039600	10050.846528
-21.892000	0.039697	10050.869177
-21.840000	0.039794	10050.885694
-21.788000	0.039892	10050.856134
-21.736000	0.039991	10050.836770
-21.684000	0.040089	10050.859563
-21.632000	0.040188	10050.868143
-21.580000	0.040287	10050.838670
-21.528000	0.040386	10050.827488
-21.476000	0.040486	10050.850422
-21.424000	0.040586	10050.851068
-21.372000	0.040687	10050.821736
-21.320000	0.040788	10050.818780
-21.268000	0.040889	10050.841828
-21.216000	0.040990	10050.834535
-21.164000	0.041092	10050.805372
-21.112000	0.041194	10050.810647
-21.060000	0.041297	10050.833811
-21.008000	0.041399	10050.818580
-20.956000	0.041502	10050.789560
-20.904000	0.041606	10050.803076
-20.852000	0.041710	10050.826410
-20.800000	0.041814	10050.803246
-20.748000	0.041918	10050.774341
-20.696000	0.042023	10050.745502
-20.644000	0.042128	10050.719004
-20.592000	0.042234	10050.742527
-20.540000	0.042340	10050.759700
-20.488000	0.042446	10050.731043
-20.436000	0.042553	10050.712797
-20.384000	0.042660	10050.736468
-20.332000	0.042767	10050.745719
-20.280000	0.042875	10050.717207
-20.228000	0.042983	10050.707194
-20.176000	0.043091	10050.731036
-20.124000	0.043200	10050.732389
-20.072000	0.043309	10050.704020
-20.020000	0.043419	10050.675688
-19.968000	0.043529	10050.647405
-19.916000	0.043639	10050.649764
-19.864000	0.043750	10050.673866
-19.812000	0.043861	10050.663375
-19.760000	0.043972	10050.635266
-19.708000	0.044084	10050.645870
-19.656000	0.044196	10050.670116
-19.604000	0.044309	10050.651703
-19.552000	0.044421	10050.623742
-19.500000	0.044535	10050.595863
-19.448000	0.044648	10050.568015
-19.396000	0.044763	10050.591008
-19.344000	0.044877	10050.612976
-19.292000	0.044992	10050.585287
-19.240000	0.045107	10050.557615
-19.188000	0.045223	10050.529992
-19.136000	0.045339	10050.513004
-19.084000	0.045455	10050.537794
-19.032000	0.045572	10050.547944
-18.980000	0.045689	10050.520525
-18.928000	0.045807	10050.493131
-18.876000	0.045925	10050.465801
-18.824000	0.046043	10050.461238
-18.772000	0.046162	10050.486291
-18.720000	0.046281	10050.484603
-18.668000	0.046401	10050.457448
-18.616000	0.046521	10050.430347
-18.564000	0.046642	10050.403308
-18.512000	0.046762	10050.411172
-18.460000	0.046884	10050.436517
-18.408000	0.047006	10050.423037
-18.356000	0.047128	10050.396203
-18.304000	0.047250	10050.369409
-18.252000	0.047373	10050.342635
-18.200000	0.047497	10050.362943
-18.148000	0.047621	10050.388611
-18.096000	0.047745	10050.363311
-18.044000	0.047870	10050.336743
-17.992000	0.047995	10050.310302
-17.940000	0.048120	10050.283879
-17.888000	0.048246	10050.257509
-17.836000	0.048373	10050.241994
-17.784000	0.048500	10050.268066
-17.732000	0.048627	10050.279280
-17.680000	0.048755	10050.253145
-17.628000	0.048883	10050.227036
-17.576000	0.049012	10050.200991
-17.524000	0.049141	10050.174994
-17.472000	0.049271	10050.149094
-17.420000	0.049401	10050.150217
-17.368000	0.049531	10050.176676
-17.316000	0.049662	10050.172169
-17.264000	0.049794	10050.146477
-17.212000	0.049926	10050.120849
-17.160000	0.050058	10050.095276
-17.108000	0.050191	10050.069758
-17.056000	0.050324	10050.044276
-17.004000	0.050458	10050.018874
-16.952000	0.050592	10049.993510
-16.900000	0.050727	10050.015426
-16.848000	0.050862	10050.042477
-16.796000	0.050998	10050.018415
-16.744000	0.051134	10049.993317
-16.692000	0.051271	10049.968297
-16.640000	0.051408	10049.943291
-16.588000	0.051546	10049.918395
-16.536000	0.051683	10049.893515
-16.484000	0.051822	10049.868740
-16.432000	0.051961	10049.859083
-16.380000	0.052101	10049.886724
-16.328000	0.052241	10049.895263
-16.276000	0.052382	10049.870725
-16.224000	0.052523	10049.846238
-16.172000	0.052665	10049.821850
-16.120000	0.052807	10049.797500
-16.068000	0.052949	10049.773203
-16.016000	0.053092	10049.748977
-15.964000	0.053236	10049.724831
-15.912000	0.053380	10049.700749
-15.860000	0.053525	10049.676721
-15.808000	0.053670	10049.692116
-15.756000	0.053816	10049.720534
-15.704000	0.053962	10049.705663
-15.652000	0.054109	10049.681907
-15.600000	0.054257	10049.658240
-15.548000	0.054404	10049.634604
-15.496000	0.054553	10049.611089
-15.444000	0.054702	10049.587603
-15.392000	0.054851	10049.564223
-15.340000	0.055001	10049.540858
-15.288000	0.055152	10049.517608
-15.236000	0.055303	10049.494375
-15.184000	0.055455	10049.471275
-15.132000	0.055607	10049.463516
-15.080000	0.055760	10049.492862
-15.028000	0.055913	10049.502890
-14.976000	0.056067	10049.480062
-14.924000	0.056222	10049.457285
-14.872000	0.056377	10049.434607
-14.820000	0.056532	10049.411991
-14.768000	0.056689	10049.389463
-14.716000	0.056845	10049.366995
-14.664000	0.057003	10049.344592
-14.612000	0.057161	10049.322271
-14.560000	0.057319	10049.300020
-14.508000	0.057479	10049.277861
-14.456000	0.057638	10049.255761
-14.404000	0.057799	10049.233763
-14.352000	0.057959	10049.211814
-14.300000	0.058121	10049.237608
-14.248000	0.058283	10049.268109
-14.196000	0.058446	10049.247041
-14.144000	0.058609	10049.225367
-14.092000	0.058773	10049.203857
-14.040000	0.058937	10049.182366
-13.988000	0.059103	10049.160992
-13.936000	0.059268	10049.139638
-13.884000	0.059435	10049.118445
-13.832000	0.059602	10049.097276
-13.780000	0.059769	10049.076208
-13.728000	0.059937	10049.055188
-13.676000	0.060106	10049.034301
-13.624000	0.060276	10049.013466
-13.572000	0.060446	10048.992731
-13.520000	0.060617	10048.972060
-13.468000	0.060788	10048.951480
-13.416000	0.060960	10048.962663
-13.364000	0.061133	10048.994535
-13.312000	0.061306	10048.990777
-13.260000	0.061480	10048.970534
-13.208000	0.061655	10048.950369
-13.156000	0.061830	10048.930254
-13.104000	0.062007	10048.910283
-13.052000	0.062183	10048.890377
-13.000000	0.062361	10048.870568
-12.948000	0.062538	10048.850791
-12.896000	0.062717	10048.831166
-12.844000	0.062897	10048.811572
-12.792000	0.063077	10048.792116
-12.740000	0.063257	10048.772678
-12.688000	0.063439	10048.753418
-12.636000	0.063621	10048.745884
-12.584000	0.063804	10048.779076
-12.532000	0.063987	10048.796555
-12.480000	0.064172	10048.777633
-12.428000	0.064357	10048.758761
-12.376000	0.064542	10048.740026
-12.324000	0.064729	10048.721345
-12.272000	0.064916	10048.702767
-12.220000	0.065104	10048.684264
-12.168000	0.065292	10048.665871
-12.116000	0.065482	10048.647554
-12.064000	0.065672	10048.629319
-12.012000	0.065862	10048.611201
-11.960000	0.066054	10048.593181
-11.908000	0.066246	10048.575258
-11.856000	0.066439	10048.557395
-11.804000	0.066633	10048.583667
-11.752000	0.066827	10048.618259
-11.700000	0.067022	10048.604951
-11.648000	0.067218	10048.587463
-11.596000	0.067415	10048.570130
-11.544000	0.067612	10048.552829
-11.492000	0.067811	10048.535672
-11.440000	0.068010	10048.518533
-11.388000	0.068210	10048.501601
-11.336000	0.068410	10048.484689
-11.284000	0.068612	10048.467917
-11.232000	0.068814	10048.451185
-11.180000	0.069017	10048.434630
-11.128000	0.069221	10048.438130
-11.076000	0.069425	10048.474060
-11.024000	0.069631	10048.486009
-10.972000	0.069837	10048.469832
-10.920000	0.070044	10048.453722
-10.868000	0.070252	10048.437707
-10.816000	0.070460	10048.421809
-10.764000	0.070670	10048.406040
-10.712000	0.070880	10048.390360
-10.660000	0.071091	10048.374753
-10.608000	0.071303	10048.359282
-10.556000	0.071516	10048.343894
-10.504000	0.071730	10048.372881
-10.452000	0.071944	10048.409981
-10.400000	0.072160	10048.398945
-10.348000	0.072376	10048.383940
-10.296000	0.072593	10048.369119
-10.244000	0.072811	10048.354333
-10.192000	0.073030	10048.339722
-10.140000	0.073249	10048.325132
-10.088000	0.073470	10048.310725
-10.036000	0.073692	10048.308488
-9.984000	0.073914	10048.346598
-9.932000	0.074137	10048.368567
-9.880000	0.074362	10048.354602
-9.828000	0.074587	10048.340689
-9.776000	0.074813	10048.326917
-9.724000	0.075039	10048.313220
-9.672000	0.075267	10048.299670
-9.620000	0.075496	10048.286201
-9.568000	0.075726	10048.272847
-9.516000	0.075956	10048.291943
-9.464000	0.076188	10048.331108
-9.412000	0.076420	10048.334015
-9.360000	0.076654	10048.321106
-9.308000	0.076888	10048.308321
-9.256000	0.077123	10048.295608
-9.204000	0.077360	10048.283072
-9.152000	0.077597	10048.270611
-9.100000	0.077835	10048.306801
-9.048000	0.078074	10048.346590
-8.996000	0.078315	10048.334517
-8.944000	0.078555	10048.322479
-8.892000	0.078798	10048.310648
-8.840000	0.079041	10048.298840
-8.788000	0.079285	10048.287219
-8.736000	0.079530	10048.287989
-8.684000	0.079776	10048.328918
-8.632000	0.080023	10048.353489
-8.580000	0.080272	10048.342349
-8.528000	0.080521	10048.331263
-8.476000	0.080771	10048.320322
-8.424000	0.081022	10048.309469
-8.372000	0.081275	10048.298783
-8.320000	0.081528	10048.316712
-8.268000	0.081783	10048.358551
-8.216000	0.082038	10048.367941
-8.164000	0.082295	10048.357713
-8.112000	0.082552	10048.347614
-8.060000	0.082811	10048.337615
-8.008000	0.083071	10048.368400
-7.956000	0.083331	10048.410927
-7.904000	0.083594	10048.408958
-7.852000	0.083856	10048.399447
-7.800000	0.084121	10048.390093
-7.748000	0.084386	10048.381245
-7.696000	0.084652	10048.424454
-7.644000	0.084919	10048.463201
-7.592000	0.085188	10048.454392
-7.540000	0.085458	10048.445608
-7.488000	0.085729	10048.437044
-7.436000	0.086001	10048.441089
-7.384000	0.086274	10048.485055
-7.332000	0.086548	10048.512448
-7.280000	0.086824	10048.504350
-7.228000	0.087100	10048.496323
-7.176000	0.087379	10048.488487
-7.124000	0.087657	10048.505441
-7.072000	0.087938	10048.550163
-7.020000	0.088219	10048.566246
-6.968000	0.088502	10048.558908
-6.916000	0.088785	10048.551685
-6.864000	0.089070	10048.544582
-6.812000	0.089357	10048.574445
-6.760000	0.089644	10048.619903
-6.708000	0.089933	10048.624672
-6.656000	0.090223	10048.618098
-6.604000	0.090514	10048.656608
-6.552000	0.090806	10048.702595
-6.500000	0.091100	10048.699833
-6.448000	0.091395	10048.693761
-6.396000	0.091692	10048.687919
-6.344000	0.091988	10048.686833
-6.292000	0.092288	10048.733546
-6.240000	0.092587	10048.771525
-6.188000	0.092889	10048.766222
-6.136000	0.093192	10048.773749
-6.084000	0.093496	10048.821008
-6.032000	0.093801	10048.851484
-5.980000	0.094108	10048.846717
-5.928000	0.094416	10048.842023
-5.876000	0.094725	10048.837524
-5.824000	0.095036	10048.858036
-5.772000	0.095348	10048.906105
-5.720000	0.095661	10048.925319
-5.668000	0.095976	10048.921334
-5.616000	0.096292	10048.950492
-5.564000	0.096610	10048.999103
-5.512000	0.096929	10049.010832
-5.460000	0.097249	10049.007419
-5.408000	0.097571	10049.004162
-5.356000	0.097894	10049.000994
-5.304000	0.098219	10049.043154
-5.252000	0.098544	10049.092583
-5.200000	0.098872	10049.093052
-5.148000	0.099201	10049.091328
-5.096000	0.099532	10049.141265
-5.044000	0.099863	10049.186305
-4.992000	0.100197	10049.184243
-4.940000	0.100531	10049.191183
-4.888000	0.100868	10049.241712
-4.836000	0.101206	10049.279259
-4.784000	0.101545	10049.277758
-4.732000	0.101885	10049.293369
-4.680000	0.102228	10049.344450
-4.628000	0.102572	10049.374519
-4.576000	0.102918	10049.373608
-4.524000	0.103264	10049.372795
-4.472000	0.103613	10049.372162
-4.420000	0.103963	10049.400821
-4.368000	0.104315	10049.452765
-4.316000	0.104668	10049.471636
-4.264000	0.105023	10049.471567
-4.212000	0.105380	10049.508925
-4.160000	0.105737	10049.561456
-4.108000	0.106097	10049.572877
-4.056000	0.106458	10049.573396
-4.004000	0.106821	10049.619473
-3.952000	0.107186	10049.672603
-3.900000	0.107552	10049.676581
-3.848000	0.107919	10049.678808
-3.796000	0.108290	10049.732469
-3.744000	0.108661	10049.781015
-3.692000	0.109034	10049.782712
-3.640000	0.109409	10049.793629
-3.588000	0.109786	10049.847919
-3.536000	0.110163	10049.889014
-3.484000	0.110543	10049.891317
-3.432000	0.110924	10049.893685
-3.380000	0.111308	10049.896311
-3.328000	0.111693	10049.920323
-3.276000	0.112080	10049.975510
-3.224000	0.112469	10050.005464
-3.172000	0.112859	10050.008694
-3.120000	0.113252	10050.041442
-3.068000	0.113646	10050.097263
-3.016000	0.114042	10050.119814
-2.964000	0.114440	10050.123660
-2.912000	0.114839	10050.165141
-2.860000	0.115240	10050.221568
-2.808000	0.115644	10050.236698
-2.756000	0.116049	10050.241157
-2.704000	0.116457	10050.291398
-2.652000	0.116865	10050.348475
-2.600000	0.117277	10050.356198
-2.548000	0.117689	10050.362606
-2.496000	0.118104	10050.420280
-2.444000	0.118520	10050.472626
-2.392000	0.118940	10050.478309
-2.340000	0.119359	10050.484021
-2.288000	0.119783	10050.490067
-2.236000	0.120207	10050.509606
-2.184000	0.120634	10050.568276
-2.132000	0.121062	10050.609516
-2.080000	0.121494	10050.616190
-2.028000	0.121926	10050.644488
-1.976000	0.122361	10050.703792
-1.924000	0.122798	10050.737641
-1.872000	0.123237	10050.744973
-1.820000	0.123678	10050.782058
-1.768000	0.124121	10050.842020
-1.716000	0.124567	10050.868502
-1.664000	0.125014	10050.876503
-1.612000	0.125464	10050.884692
-1.560000	0.125915	10050.893017
-1.508000	0.126369	10050.943278
-1.456000	0.126824	10051.004217
-1.404000	0.127283	10051.019648
-1.352000	0.127743	10051.028649
-1.300000	0.128206	10051.087710
-1.248000	0.128671	10051.147773
-1.196000	0.129138	10051.157406
-1.144000	0.129607	10051.167083
-1.092000	0.130079	10051.177056
-1.040000	0.130552	10051.196690
-0.988000	0.131030	10051.259345
-0.936000	0.131508	10051.308374
-0.884000	0.131989	10051.319067
-0.832000	0.132472	10051.329827
-0.780000	0.132958	10051.340839
-0.728000	0.133446	10051.373704
-0.676000	0.133936	10051.437381
-0.624000	0.134428	10051.475397
-0.572000	0.134924	10051.487131
-0.520000	0.135421	10051.528837
-0.468000	0.135921	10051.593204
-0.416000	0.136424	10051.623885
-0.364000	0.136929	10051.636311
-0.312000	0.137437	10051.648941
-0.260000	0.137946	10051.661716
-0.208000	0.138459	10051.674720
-0.156000	0.138973	10051.687843
-0.104000	0.139492	10051.747214
-0.052000	0.140011	10051.812991
-0.000000	0.140535	10051.829047
0.052000	0.141059	10051.842903
0.104000	0.141588	10051.857076
0.156000	0.142117	10051.877099
0.208000	0.142651	10051.943943
0.260000	0.143186	10052.000972
0.312000	0.143726	10052.015900
0.364000	0.144266	10052.030876
0.416000	0.144811	10052.046153
0.468000	0.145357	10052.079440
0.520000	0.145907	10052.147410
0.572000	0.146459	10052.193515
0.624000	0.147014	10052.209544
0.676000	0.147572	10052.225708
0.728000	0.148133	10052.242106
0.780000	0.148696	10052.258663
0.832000	0.149262	10052.275421
0.884000	0.149831	10052.292384
0.936000	0.150403	10052.309541
0.988000	0.150978	10052.365037
1.040000	0.151556	10052.434856
1.092000	0.152137	10052.462761
1.144000	0.152721	10052.480660
1.196000	0.153308	10052.498846
1.248000	0.153897	10052.517134
1.300000	0.154490	10052.535728
1.352000	0.155085	10052.554392
1.404000	0.155685	10052.573391
1.456000	0.156286	10052.598459
1.508000	0.156893	10052.670165
1.560000	0.157500	10052.731839
1.612000	0.158112	10052.751654
1.664000	0.158725	10052.771522
1.716000	0.159344	10052.791723
1.768000	0.159964	10052.812013
1.820000	0.160589	10052.832626
1.872000	0.161216	10052.853348
1.924000	0.161847	10052.874333
1.976000	0.162480	10052.895463
2.028000	0.163118	10052.916842
2.080000	0.163758	10052.938403
2.132000	0.164402	10052.960195
2.184000	0.165050	10052.982190
2.236000	0.165700	10053.004375
2.288000	0.166355	10053.026788
2.340000	0.167012	10053.049357
2.392000	0.167673	10053.114591
2.444000	0.168337	10053.189881
2.496000	0.169006	10053.219042
2.548000	0.169676	10053.242430
2.600000	0.170352	10053.266164
2.652000	0.171029	10053.289975
2.704000	0.171713	10053.314144
2.756000	0.172397	10053.338356
2.808000	0.173089	10053.362956
2.860000	0.173780	10053.387593
2.912000	0.174478	10053.412626
2.964000	0.175177	10053.437722
3.016000	0.175883	10053.463193
3.068000	0.176590	10053.488746
3.120000	0.177303	10053.514594
3.172000	0.178018	10053.540571
3.224000	0.178738	10053.566858
3.276000	0.179461	10053.593308
3.328000	0.180189	10053.620036
3.380000	0.180920	10053.616464
3.432000	0.181655	10053.591304
3.484000	0.182394	10053.600882
3.536000	0.183137	10053.628436
3.588000	0.183885	10053.656260
3.640000	0.184636	10053.684267
3.692000	0.185392	10053.712566
3.744000	0.186150	10053.741009
3.796000	0.186915	10053.769753
3.848000	0.187681	10053.798599
3.900000	0.188455	10053.827812
3.952000	0.189229	10053.857106
4.004000	0.190011	10053.886810
4.056000	0.190794	10053.916561
4.108000	0.191585	10053.946732
4.160000	0.192376	10053.966439
4.212000	0.193176	10053.944752
4.264000	0.193976	10053.937674
4.316000	0.194785	10053.968752
4.368000	0.195595	10053.999932
4.420000	0.196411	10054.031470
4.472000	0.197231	10054.063130
4.524000	0.198056	10054.095077
4.576000	0.198885	10054.127202
4.628000	0.199719	10054.159626
4.680000	0.200557	10054.161565
4.732000	0.201401	10054.142168
4.784000	0.202249	10054.157739
4.836000	0.203101	10054.191077
4.888000	0.203959	10054.224691
4.940000	0.204821	10054.258488
4.992000	0.205689	10054.292604
5.044000	0.206559	10054.326873
5.096000	0.207437	10054.314635
5.148000	0.208318	10054.297072
5.200000	0.209206	10054.330811
5.252000	0.210096	10054.366034
5.304000	0.210995	10054.401672
5.356000	0.211895	10054.430676
5.408000	0.212805	10054.414547
5.460000	0.213715	10054.409176
5.512000	0.214634	10054.445787
5.564000	0.215556	10054.482477
5.616000	0.216486	10054.519615
5.668000	0.217418	10054.538058
5.720000	0.218358	10054.523350
5.772000	0.219302	10054.531632
5.824000	0.220252	10054.569722
5.876000	0.221206	10054.607997
5.928000	0.222167	10054.646575
5.980000	0.223133	10054.654467
6.032000	0.224105	10054.641256
6.084000	0.225082	10054.663257
6.136000	0.226065	10054.702827
6.188000	0.227054	10054.703704
6.240000	0.228048	10054.691478
6.292000	0.229049	10054.722639
6.344000	0.230054	10054.763228
6.396000	0.231068	10054.804195
6.448000	0.232084	10054.845283
6.500000	0.233110	10054.835695
6.552000	0.234137	10054.827870
6.604000	0.235176	10054.869923
6.656000	0.236215	10054.905124
6.708000	0.237266	10054.895451
6.760000	0.238318	10054.896760
6.812000	0.239381	10054.939903
6.864000	0.240446	10054.968151
6.916000	0.241521	10054.959538
6.968000	0.242599	10054.970060
7.020000	0.243687	10055.014263
7.072000	0.244778	10055.035571
7.124000	0.245878	10055.028006
7.176000	0.246983	10055.047739
7.228000	0.248096	10055.093001
7.280000	0.249215	10055.107382
7.332000	0.250341	10055.100901
7.384000	0.251473	10055.094695
7.436000	0.252612	10055.088728
7.488000	0.253758	10055.122321
7.540000	0.254910	10055.169220
7.592000	0.256072	10055.173257
7.644000	0.257237	10055.168430
7.696000	0.258413	10055.211292
7.748000	0.259592	10055.259283
7.800000	0.260782	10055.256431
7.852000	0.261976	10055.252711
7.904000	0.263181	10055.249472
7.956000	0.264388	10055.253396
8.008000	0.265609	10055.303088
8.060000	0.266831	10055.341675
8.112000	0.268067	10055.339635
8.164000	0.269304	10055.352880
8.216000	0.270555	10055.403713
8.268000	0.271809	10055.435453
8.320000	0.273074	10055.434593
8.372000	0.274344	10055.433905
8.424000	0.275624	10055.433601
8.476000	0.276910	10055.460835
8.528000	0.278205	10055.513410
8.580000	0.279508	10055.534920
8.632000	0.280819	10055.535820
8.684000	0.282138	10055.537028
8.736000	0.283465	10055.538499
8.788000	0.284802	10055.579788
8.840000	0.286145	10055.634184
8.892000	0.287499	10055.645530
8.944000	0.288858	10055.648241
8.996000	0.290230	10055.651398
9.048000	0.291605	10055.654693
9.100000	0.292996	10055.658538
9.152000	0.294388	10055.665780
9.204000	0.295796	10055.722558
9.256000	0.297205	10055.772055
9.308000	0.298632	10055.777248
9.360000	0.300060	10055.782495
9.412000	0.301505	10055.788292
9.464000	0.302952	10055.794197
9.516000	0.304414	10055.800668
9.568000	0.305880	10055.826736
9.620000	0.307360	10055.886120
9.672000	0.308846	10055.922219
9.724000	0.310345	10055.929964
9.776000	0.311850	10055.937965
9.828000	0.313368	10055.946366
9.880000	0.314894	10055.955077
9.932000	0.316429	10055.964142
9.984000	0.317976	10056.009187
10.036000	0.319532	10056.071232
10.088000	0.321099	10056.094025
10.140000	0.322674	10056.104416
10.192000	0.324263	10056.115286
10.244000	0.325858	10056.126367
10.296000	0.327468	10056.137984
10.348000	0.329083	10056.149762
10.400000	0.330715	10056.162125
10.452000	0.332350	10056.178105
10.504000	0.334005	10056.243524
10.556000	0.335661	10056.301454
10.608000	0.337339	10056.315314
10.660000	0.339018	10056.329241
10.712000	0.340717	10056.343823
10.764000	0.342419	10056.358522
10.816000	0.344139	10056.373808
10.868000	0.345865	10056.389271
10.920000	0.347608	10056.405286
10.972000	0.349357	10056.421540
11.024000	0.351122	10056.438303
11.076000	0.352897	10056.483113
11.128000	0.354685	10056.552927
11.180000	0.356484	10056.591293
11.232000	0.358295	10056.609536
11.284000	0.360119	10056.628187
11.336000	0.361954	10056.647177
11.388000	0.363804	10056.666651
11.440000	0.365663	10056.686417
11.492000	0.367539	10056.706729
11.544000	0.369422	10056.727277
11.596000	0.371325	10056.748418
11.648000	0.373232	10056.769731
11.700000	0.375163	10056.843718
11.752000	0.377096	10056.914406
11.804000	0.379054	10056.937248
11.856000	0.381013	10056.960158
11.908000	0.382997	10056.983841
11.960000	0.384985	10057.007604
12.012000	0.386996	10057.032122
12.064000	0.389012	10057.056778
12.116000	0.391050	10057.082106
12.168000	0.393095	10057.107637
12.220000	0.395161	10057.133790
12.272000	0.397236	10057.160216
12.324000	0.399329	10057.187220
12.376000	0.401434	10057.214564
12.428000	0.403556	10057.242421
12.480000	0.405692	10057.302694
12.532000	0.407842	10057.383713
12.584000	0.410008	10057.429148
12.636000	0.412188	10057.458709
12.688000	0.414387	10057.488838
12.740000	0.416597	10057.519302
12.792000	0.418828	10057.550385
12.844000	0.421067	10057.581726
12.896000	0.423331	10057.613791
12.948000	0.425602	10057.646059
13.000000	0.427900	10057.679075
13.052000	0.430201	10057.712214
13.104000	0.432533	10057.746215
13.156000	0.434867	10057.780294
13.208000	0.437234	10057.815306
13.260000	0.439603	10057.850412
13.312000	0.442002	10057.886361
13.364000	0.444407	10057.938537
13.416000	0.446839	10058.027708
13.468000	0.449280	10058.097025
13.520000	0.451747	10058.134899
13.572000	0.454225	10058.173091
13.624000	0.456726	10058.211936
13.676000	0.459242	10058.251168
13.728000	0.461779	10058.290974
13.780000	0.464333	10058.331280
13.832000	0.466906	10058.372128
13.884000	0.469499	10058.413521
13.936000	0.472108	10058.455347
13.988000	0.474740	10058.497847
14.040000	0.477387	10058.540738
14.092000	0.480060	10058.584349
14.144000	0.482744	10058.628254
14.196000	0.485459	10058.672993
14.248000	0.488182	10058.717959
14.300000	0.490939	10058.763851
14.352000	0.493701	10058.814056
14.404000	0.496501	10058.913392
14.456000	0.499304	10059.004615
14.508000	0.502147	10059.052841
14.560000	0.504994	10059.101180
14.612000	0.507878	10059.150498
14.664000	0.510769	10059.200013
14.716000	0.513695	10059.250442
14.768000	0.516633	10059.301171
14.820000	0.519602	10059.352784
14.872000	0.522585	10059.404770
14.924000	0.525598	10059.457511
14.976000	0.528629	10059.510729
15.028000	0.531686	10059.564638
15.080000	0.534766	10059.619126
15.132000	0.537868	10059.674230
15.184000	0.540997	10059.730024
15.236000	0.544146	10059.786357
15.288000	0.547326	10059.883975
15.340000	0.550521	10059.993801
15.392000	0.553751	10060.059971
15.444000	0.556995	10060.118767
15.496000	0.560278	10060.178550
15.548000	0.563571	10060.238593
15.600000	0.566907	10060.299737
15.652000	0.570249	10060.361048
15.704000	0.573639	10060.423590
15.756000	0.577033	10060.486239
15.808000	0.580478	10060.550166
15.860000	0.583928	10060.614236
15.912000	0.587425	10060.679514
15.964000	0.590932	10060.745038
16.016000	0.594483	10060.811667
16.068000	0.598048	10060.899189
16.120000	0.601653	10061.019476
16.172000	0.605277	10061.115648
16.224000	0.608938	10061.185026
16.276000	0.612622	10061.255001
16.328000	0.616340	10061.325826
16.380000	0.620086	10061.397338
16.432000	0.623861	10061.469569
16.484000	0.627671	10061.542646
16.536000	0.631505	10061.616374
16.588000	0.635379	10061.691051
16.640000	0.639273	10061.766255
16.692000	0.643212	10061.842539
16.744000	0.647167	10061.919243
16.796000	0.651173	10061.997176
16.848000	0.655191	10062.075983
16.900000	0.659265	10062.207883
16.952000	0.663347	10062.335378
17.004000	0.667492	10062.416687
17.056000	0.671641	10062.498124
17.108000	0.675854	10062.581114
17.160000	0.680074	10062.664284
17.212000	0.684355	10062.748912
17.264000	0.688648	10062.833850
17.316000	0.692998	10062.920141
17.368000	0.697366	10063.006880
17.420000	0.701786	10063.094871
17.472000	0.706230	10063.183438
17.524000	0.710721	10063.273121
17.576000	0.715243	10063.392387
17.628000	0.719808	10063.536152
17.680000	0.724410	10063.647908
17.732000	0.729049	10063.741135
17.784000	0.733732	10063.835394
17.836000	0.738447	10063.930430
17.888000	0.743213	10064.026643
17.940000	0.748006	10064.123496
17.992000	0.752857	10064.221718
18.044000	0.757729	10064.320461
18.096000	0.762667	10064.420732
18.148000	0.767620	10064.521380
18.200000	0.772646	10064.623750
18.252000	0.777682	10064.731176
18.304000	0.782799	10064.887947
18.356000	0.787923	10065.036018
18.408000	0.793129	10065.142556
18.460000	0.798345	10065.249332
18.512000	0.803639	10065.357944
18.564000	0.808951	10065.466953
18.616000	0.814334	10065.577645
18.668000	0.819743	10065.688902
18.720000	0.825218	10065.801703
18.772000	0.830726	10065.915247
18.824000	0.836295	10066.030202
18.876000	0.841904	10066.146086
18.928000	0.847568	10066.263244
18.980000	0.853282	10066.414611
19.032000	0.859044	10066.586299
19.084000	0.864864	10066.722161
19.136000	0.870725	10066.843827
19.188000	0.876654	10066.967019
19.240000	0.882617	10067.091023
19.292000	0.888657	10067.216753
19.344000	0.894724	10067.343122
19.396000	0.900878	10067.471419
19.448000	0.907052	10067.600178
19.500000	0.913322	10067.731145
19.552000	0.919604	10067.862402
19.604000	0.925993	10067.996030
19.656000	0.932391	10068.138935
19.708000	0.938898	10068.327534
19.760000	0.945419	10068.503326
19.812000	0.952041	10068.642226
19.864000	0.958687	10068.781646
19.916000	0.965428	10068.923202
19.968000	0.972202	10069.065488
20.020000	0.979064	10069.209722
20.072000	0.985970	10069.354932
20.124000	0.992955	10069.501957
20.176000	0.999995	10069.650178
20.228000	1.007107	10069.800009
20.280000	1.014284	10069.951292
20.332000	1.021523	10070.104005
20.384000	1.028842	10070.295764
20.436000	1.036217	10070.503689
20.488000	1.043682	10070.672217
20.540000	1.051192	10070.830881
20.592000	1.058806	10070.991804
20.644000	1.066456	10071.153543
20.696000	1.074217	10071.317759
20.748000	1.082003	10071.482548
20.800000	1.089924	10071.650190
20.852000	1.097860	10071.818187
20.904000	1.105938	10071.989351
20.956000	1.114028	10072.160773
21.008000	1.122261	10072.335326
21.060000	1.130514	10072.523627
21.112000	1.138903	10072.753848
21.164000	1.147325	10072.967400
21.216000	1.155875	10073.148844
21.268000	1.164469	10073.331244
21.320000	1.173175	10073.516140
21.372000	1.181943	10073.702341
21.424000	1.190821	10073.890924
21.476000	1.199773	10074.081116
21.528000	1.208823	10074.273431
21.580000	1.217961	10074.467619
21.632000	1.227182	10074.663619
21.684000	1.236507	10074.861884
21.736000	1.245905	10075.061752
21.788000	1.255428	10075.264254
21.840000	1.265013	10075.468098
21.892000	1.274734	10075.720529
21.944000	1.284501	10075.980639
21.996000	1.294431	10076.194492
22.048000	1.304396	10076.406507
22.100000	1.314534	10076.622271
22.152000	1.324691	10076.838479
22.204000	1.335046	10077.058837
22.256000	1.345417	10077.279532
22.308000	1.355980	10077.504358
22.360000	1.366572	10077.729773
22.412000	1.377353	10077.959221
22.464000	1.388178	10078.189589
22.516000	1.399167	10078.423536
22.568000	1.410222	10078.658843
22.620000	1.421440	10078.897619
22.672000	1.432740	10079.138109
22.724000	1.444182	10079.381662
22.776000	1.455727	10079.627372
22.828000	1.467403	10079.875872
22.880000	1.479202	10080.160679
22.932000	1.491117	10080.466462
22.984000	1.503178	10080.737553
23.036000	1.515337	10080.996287
23.088000	1.527668	10081.258581
23.140000	1.540083	10081.522650
23.192000	1.552688	10081.790760
23.244000	1.565357	10082.060256
23.296000	1.578246	10082.334303
23.348000	1.591180	10082.609336
23.400000	1.604359	10082.889456
23.452000	1.617564	10083.170147
23.504000	1.631040	10083.456525
23.556000	1.644537	10083.743369
23.608000	1.658309	10084.035909
23.660000	1.672120	10084.329259
23.712000	1.686183	10084.627937
23.764000	1.700309	10084.927908
23.816000	1.714669	10085.232768
23.868000	1.729119	10085.539494
23.920000	1.743791	10085.850868
23.972000	1.758579	10086.164650
24.024000	1.773568	10086.482649
24.076000	1.788702	10086.803626
24.128000	1.804018	10087.128384
24.180000	1.819509	10087.456700
24.232000	1.835158	10087.788329
24.284000	1.851010	10088.124210
24.336000	1.866997	10088.462987
24.388000	1.883227	10088.806707
24.440000	1.899574	10089.152838
24.492000	1.916190	10089.550647
24.544000	1.932895	10089.956536
24.596000	1.949911	10090.318628
24.648000	1.966991	10090.679877
24.700000	1.984415	10091.048261
24.752000	2.001875	10091.417406
24.804000	2.019723	10091.794517
24.856000	2.037602	10092.172268
24.908000	2.055858	10092.557774
24.960000	2.074171	10092.944453
25.012000	2.092842	10093.338541
25.064000	2.111605	10093.734500
25.116000	2.130703	10094.137349
25.168000	2.149930	10094.542805
25.220000	2.169470	10094.954621
25.272000	2.189175	10095.369844
25.324000	2.209162	10095.790917
25.376000	2.229357	10096.216222
25.428000	2.249807	10096.646800
25.480000	2.270508	10097.082449
25.532000	2.291436	10097.522733
25.584000	2.312662	10097.969065
25.636000	2.334084	10098.419436
25.688000	2.355846	10098.876741
25.740000	2.377768	10099.337355
25.792000	2.400087	10099.806026
25.844000	2.422534	10100.277324
25.896000	2.445424	10100.757551
25.948000	2.468401	10101.239588
26.000000	2.491881	10101.731895
26.052000	2.515410	10102.225235
26.104000	2.539500	10102.729891
26.156000	2.563634	10103.235456
26.208000	2.588312	10103.752058
26.260000	2.613076	10104.270388
26.312000	2.638358	10104.799239
26.364000	2.663776	10105.330817
26.416000	2.689676	10105.872164
26.468000	2.715767	10106.417335
26.520000	2.742307	10106.971630
26.572000	2.769091	10107.504516
26.624000	2.796281	10108.019704
26.676000	2.823780	10108.571430
26.728000	2.851651	10109.152640
26.780000	2.879892	10109.741272
26.832000	2.908460	10110.336564
26.884000	2.937464	10110.940583
26.936000	2.966750	10111.550317
26.988000	2.996545	10112.170207
27.040000	3.026575	10112.794842
27.092000	3.057187	10113.431213
27.144000	3.087981	10114.071313
27.196000	3.119434	10114.724591
27.248000	3.151013	10115.380453
27.300000	3.183336	10116.051199
27.352000	3.215727	10116.723357
27.404000	3.248950	10117.412179
27.456000	3.282239	10118.102342
27.508000	3.316336	10118.808687
27.560000	3.350564	10119.517624
27.612000	3.385550	10120.241779
27.664000	3.420744	10120.970041
27.716000	3.456650	10121.712638
27.768000	3.492845	10122.460935
27.820000	3.529703	10123.222536
27.872000	3.566935	10123.991539
27.924000	3.604776	10124.772761
27.976000	3.643078	10125.563155
28.028000	3.681929	10126.364561
28.080000	3.721340	10127.177095
28.132000	3.761241	10127.999432
28.184000	3.801800	10128.834813
28.236000	3.842778	10129.678571
28.288000	3.884525	10130.537630
28.340000	3.926621	10131.403689
28.392000	3.969597	10132.287205
28.444000	4.012842	10133.176128
28.496000	4.057095	10134.034252
28.548000	4.101537	10134.897165
28.600000	4.147107	10135.832284
28.652000	4.192776	10136.769408
28.704000	4.239716	10137.731696
28.756000	4.286757	10138.695999
28.808000	4.335016	10139.684471
28.860000	4.383481	10140.676988
28.912000	4.433103	10141.692418
28.964000	4.483047	10142.714209
29.016000	4.534078	10143.757634
29.068000	4.585553	10144.809794
29.120000	4.638035	10145.881904
29.172000	4.691095	10146.965392
29.224000	4.745086	10148.067306
29.276000	4.799795	10149.183387
29.328000	4.855345	10150.316166
29.380000	4.911760	10151.465997
29.432000	4.968918	10152.630573
29.484000	5.027106	10153.815399
29.536000	5.085938	10155.012981
29.588000	5.145966	10156.234095
29.640000	5.206525	10157.465742
29.692000	5.268461	10158.724477
29.744000	5.330808	10159.991394
29.796000	5.394725	10161.289182
29.848000	5.458924	10162.592622
29.900000	5.524902	10163.930924
29.952000	5.591029	10165.265428
30.004000	5.659139	10166.593430
30.056000	5.727412	10167.935438
30.108000	5.797582	10169.356317
30.160000	5.868085	10170.783676
30.212000	5.940393	10172.246492
30.264000	6.013216	10173.719375
30.316000	6.087734	10175.225633
30.368000	6.162966	10176.745827
30.420000	6.239783	10178.297187
30.472000	6.317519	10179.866529
30.524000	6.396707	10181.464444
30.576000	6.477047	10183.084831
30.628000	6.558711	10184.731231
30.680000	6.641759	10186.404695
30.732000	6.725977	10188.101144
30.784000	6.811837	10189.829721
30.836000	6.898707	10191.578155
30.888000	6.987498	10193.364055
30.940000	7.077124	10195.166376
30.992000	7.168964	10197.011908
31.044000	7.261451	10198.870164
31.096000	7.356457	10200.777646
31.148000	7.451903	10202.693827
31.200000	7.550213	10204.665757
31.252000	7.648761	10206.642413
31.304000	7.750485	10208.681129
31.356000	7.852484	10210.725200
31.408000	7.957526	10212.828706
31.460000	8.063119	10214.942888
31.512000	8.171604	10217.113564
31.564000	8.280938	10219.300727
31.616000	8.393001	10221.541204
31.668000	8.506235	10223.804407
31.720000	8.622022	10226.117383
31.772000	8.739319	10228.459707
31.824000	8.858960	10230.847801
31.876000	8.980484	10233.272480
31.928000	9.104140	10235.738756
31.980000	9.230072	10238.249242
32.032000	9.357893	10240.796605
32.084000	9.488420	10243.396463
32.136000	9.620579	10246.028158
32.188000	9.755891	10248.721053
32.240000	9.892549	10251.440211
32.292000	10.032833	10254.229987
32.344000	10.174150	10257.040033
32.396000	10.319685	10259.931021
32.448000	10.465934	10262.835819
32.500000	10.616838	10265.832042
32.552000	10.768131	10268.835958
32.604000	10.924625	10271.940445
32.656000	11.081599	10275.054189
32.708000	11.243606	10278.265380
32.760000	11.406544	10281.493034
32.812000	11.574220	10284.809148
32.864000	11.743328	10288.156716
32.916000	11.916933	10291.597949
32.968000	12.092494	10295.074867
33.020000	12.272236	10298.630492
33.072000	12.454511	10302.237523
33.124000	12.640650	10305.921550
33.176000	12.829915	10309.663191
33.228000	13.022659	10313.470617
33.280000	13.219239	10317.355593
33.332000	13.418953	10321.302889
33.384000	13.623171	10325.337092
33.436000	13.830062	10329.423026
33.488000	14.042232	10333.610808
33.540000	14.256612	10337.841388
33.592000	14.477053	10342.184873
33.644000	14.699182	10346.560810
33.696000	14.928284	10351.075997
33.748000	15.158526	10355.613324
33.800000	15.396612	10360.302833
33.852000	15.635350	10365.005819
33.904000	15.882703	10369.879495
33.956000	16.130886	10374.767993
34.008000	16.387341	10379.812110
34.060000	16.645390	10384.886850
34.112000	16.911310	10390.113582
34.164000	17.179633	10395.386502
34.216000	17.455331	10400.801800
34.268000	17.734320	10406.282952
34.320000	18.020212	10411.900549
34.372000	18.310329	10417.596903
34.424000	18.606778	10423.413354
34.476000	18.908466	10429.333814
34.528000	19.215890	10435.367040
34.580000	19.529659	10441.518583
34.632000	19.848524	10447.766614
34.684000	20.174849	10454.162544
34.736000	20.505521	10460.643823
34.788000	20.844859	10467.292324
34.840000	21.187752	10474.009643
34.892000	21.540665	10480.914655
34.944000	21.896300	10487.871716
34.996000	22.263344	10495.053614
35.048000	22.632190	10502.270440
35.100000	23.013807	10509.733549
35.152000	23.396483	10517.217171
35.204000	23.793049	10524.967807
35.256000	24.191004	10532.745162
35.308000	24.602132	10540.776934
35.360000	25.015855	10548.860139
35.412000	25.442014	10557.187065
35.464000	25.872084	10565.586893
35.516000	26.313898	10574.209038
35.568000	26.760934	10582.931723
35.620000	27.218714	10591.861837
35.672000	27.683203	10600.923515
35.724000	28.157574	10610.177850
35.776000	28.640135	10619.586489
35.828000	29.131513	10629.163052
35.880000	29.632656	10638.931332
35.932000	30.141509	10648.850148
35.984000	30.661807	10658.984816
36.036000	31.188655	10669.244380
36.088000	31.728673	10679.761340
36.140000	32.273984	10690.381119
36.192000	32.834178	10701.287363
36.244000	33.398316	10712.269793
36.296000	33.979153	10723.574014
36.348000	34.562534	10734.927141
36.400000	35.164494	10746.632590
36.452000	35.767982	10758.368318
36.504000	36.391098	10770.485585
36.556000	37.016232	10782.642858
36.608000	37.659632	10795.156802
36.660000	38.306662	10807.738975
36.712000	38.970605	10820.644116
36.764000	39.639845	10833.650858
36.816000	40.324643	10846.956998
36.868000	41.016401	10860.396769
36.920000	41.722211	10874.107125
36.972000	42.436582	10887.985567
37.024000	43.163352	10902.106421
37.076000	43.900377	10916.421453
37.128000	44.648262	10930.944018
37.180000	45.407976	10945.694148
37.232000	46.176872	10960.621440
37.284000	46.959087	10975.809772
37.336000	47.748786	10991.144210
37.388000	48.553225	11006.763272
37.440000	49.363468	11022.494838
37.492000	50.189748	11038.531575
37.544000	51.020171	11054.648382
37.596000	51.867780	11071.102161
37.648000	52.717914	11087.605025
37.700000	53.586116	11104.457904
37.752000	54.455767	11121.339019
37.804000	55.343191	11138.565349
37.856000	56.232416	11155.826503
37.908000	57.137211	11173.390933
37.960000	58.044961	11191.012552
38.012000	58.966086	11208.895027
38.064000	59.891092	11226.853018
38.116000	60.827248	11245.029381
38.168000	61.768009	11263.295624
38.220000	62.717896	11281.741068
38.272000	63.672783	11300.284799
38.324000	64.634787	11318.969347
38.376000	65.601862	11337.754641
38.428000	66.574216	11356.645649
38.480000	67.551407	11375.633224
38.532000	68.532291	11394.695216
38.584000	69.517296	11413.845765
38.636000	70.504577	11433.044794
38.688000	71.494822	11452.303301
38.740000	72.486212	11471.586281
38.792000	73.479055	11490.903916
38.844000	74.472265	11510.230854
38.896000	75.464699	11529.558544
38.948000	76.457025	11548.885701
39.000000	77.446028	11568.154999
39.052000	78.434671	11587.419306
39.104000	79.417063	11606.581949
39.156000	80.398451	11625.725177
39.208000	81.371533	11644.717615
39.260000	82.342305	11663.669807
39.312000	83.302905	11682.443934
39.364000	84.259425	11701.143444
39.416000	85.204475	11719.635134
39.468000	86.143113	11738.006924
39.520000	87.069283	11756.149105
39.572000	87.986240	11774.124489
39.624000	88.890307	11791.866233
39.676000	89.781783	11809.376188
39.728000	90.660365	11826.649953
39.780000	91.522575	11843.620797
39.832000	92.372501	11860.365391
39.884000	93.201649	11876.721341
39.936000	94.019537	11892.868667
39.988000	94.811832	11908.545962
40.040000	95.594458	11924.045628
40.092000	96.346262	11938.973190
40.144000	97.090506	11953.761244
40.196000	97.798307	11967.871823
40.248000	98.501152	11981.891038
40.300000	99.161418	11995.119914
40.352000	99.818154	12008.283418
40.404000	100.429308	12020.602268
40.456000	101.034921	12032.815262
40.508000	101.596615	12044.200761
40.560000	102.148366	12055.403728
40.612000	102.657531	12065.825203
40.664000	103.152142	12075.975951
40.716000	103.606698	12085.384528
40.768000	104.041946	12094.430667
40.820000	104.440332	12102.787196
40.872000	104.813977	12110.685833
40.924000	105.153593	12117.956700
40.976000	105.463669	12124.673749
41.028000	105.743996	12130.834776
41.080000	105.989305	12136.342378
41.132000	106.208781	12141.369491
41.184000	106.387521	12145.643343
41.236000	106.544587	12149.517843
41.288000	106.655716	12152.535975
41.340000	106.749852	12155.238602
41.392000	106.793189	12156.990278
41.444000	106.824394	12158.516950
41.496000	106.799941	12159.012811
41.548000	106.768215	12159.374468
41.600000	106.675470	12158.610764
41.652000	106.577843	12157.756678
41.704000	106.419737	12155.775808
41.756000	106.254440	12153.661763
41.808000	106.034443	12150.543372
41.860000	105.802676	12147.203252
41.912000	105.521829	12142.947957
41.964000	105.224653	12138.392854
42.016000	104.883476	12133.031819
42.068000	104.522214	12127.298900
42.120000	104.123308	12120.872510
42.172000	103.700520	12114.004991
42.224000	103.245444	12106.544032
42.276000	102.762671	12098.574183
42.328000	102.252466	12090.104270
42.380000	101.712416	12081.087033
42.432000	101.150722	12071.674073
42.484000	100.556026	12061.653721
42.536000	99.944092	12051.319286
42.588000	99.297643	12040.361504
42.640000	98.638693	12029.179054
42.692000	97.943832	12017.339942
42.744000	97.240623	12005.350956
42.796000	96.500579	11992.703332
42.848000	95.755919	11979.973779
42.900000	94.974287	11966.576285
42.952000	94.189831	11953.129430
43.004000	93.371683	11939.090909
43.056000	92.549691	11924.982035
43.108000	91.699610	11910.378105
43.160000	90.843866	11895.674143
43.212000	89.965127	11880.573085
43.264000	89.079427	11865.351365
43.316000	88.175361	11849.818062
43.368000	87.263512	11834.153005
43.420000	86.337342	11818.250964
43.472000	85.403133	11802.219552
43.524000	84.458239	11786.019289
43.576000	83.505469	11769.691648
43.628000	82.545024	11753.245360
43.680000	81.577354	11736.688767
43.732000	80.604532	11720.058390
43.784000	79.625556	11703.352236
43.836000	78.643424	11686.609599
43.888000	77.656608	11669.819935
43.940000	76.668131	11653.016738
43.992000	75.676812	11636.208914
44.044000	74.684851	11619.402890
44.096000	73.692240	11602.634773
44.148000	72.699550	11585.875130
44.200000	71.708576	11569.215946
44.252000	70.717852	11552.565957
44.304000	69.731091	11536.056508
44.356000	68.745134	11519.570065
44.408000	67.764823	11503.261618
44.460000	66.786222	11486.996261
44.512000	65.814388	11470.918981
44.564000	64.845470	11454.915985
44.616000	63.884090	11439.115691
44.668000	62.927027	11423.423229
44.720000	61.977765	11407.934318
44.772000	61.034432	11392.591695
44.824000	60.098848	11377.447694
44.876000	59.170967	11362.491316
44.928000	58.250466	11347.721200
44.980000	57.339536	11333.182957
45.032000	56.435314	11318.813124
45.084000	55.542646	11304.722204
45.136000	54.655795	11290.777040
45.188000	53.782535	11277.158433
45.240000	52.913990	11263.658121
45.292000	52.061006	11250.528795
45.344000	51.211445	11237.486731
45.396000	50.379517	11224.875192
45.448000	49.549614	11212.316476
45.500000	48.739371	11200.228093
45.552000	47.930705	11188.178248
45.604000	47.141525	11176.610539
45.656000	46.355016	11165.104283
45.708000	45.586588	11154.047990
45.760000	44.822487	11143.096187
45.812000	44.075070	11132.566536
45.864000	43.333603	11122.176496
45.916000	42.607198	11112.161526
45.968000	41.888366	11102.334953
46.020000	41.182973	11092.854534
46.072000	40.486752	11083.602343
46.124000	39.802318	11074.655097
46.176000	39.128569	11065.977565
46.228000	38.464886	11057.564428
46.280000	37.813399	11049.458920
46.332000	37.170312	11041.575706
46.384000	36.540837	11034.048954
46.436000	35.918085	11026.705673
46.488000	35.310206	11019.750258
46.540000	34.707374	11012.935216
46.592000	34.120738	11006.551881
46.644000	33.537565	11000.268133
46.696000	32.971732	10994.454887
46.748000	32.407802	10988.700162
46.800000	31.862292	10983.453982
46.852000	31.318213	10978.248158
46.904000	30.791521	10973.541844
46.956000	30.267213	10968.896372
47.008000	29.758464	10964.703417
47.060000	29.253387	10960.613350
47.112000	28.762113	10956.939971
47.164000	28.275741	10953.406032
47.216000	27.801526	10950.242802
47.268000	27.333302	10947.253539
47.320000	26.875522	10944.589395
47.372000	26.424865	10942.138413
47.424000	25.983208	10939.973645
47.476000	25.549595	10938.057766
47.528000	25.123436	10936.387236
47.580000	24.706240	10935.000275
47.632000	24.295111	10933.818400
47.684000	23.893826	10932.952673
47.736000	23.497312	10932.251941
47.788000	23.111380	10931.901041
47.840000	22.728960	10931.677053
47.892000	22.357824	10931.833085
47.944000	21.989030	10932.077762
47.996000	21.632149	10932.726577
48.048000	21.276514	10933.427962
48.100000	20.933347	10934.572350
48.152000	20.591132	10935.750371
48.204000	20.260409	10937.351581
48.256000	19.931311	10939.004414
48.308000	19.612445	10941.044096
48.360000	19.296021	10943.166804
48.412000	18.988545	10945.633724
48.464000	18.684269	10948.214205
48.516000	18.387768	10951.099912
48.568000	18.095159	10954.127336
48.620000	17.809216	10957.420373
48.672000	17.527818	10960.882104
48.724000	17.252068	10964.572286
48.776000	16.981435	10968.451285
48.828000	16.715462	10972.519500
48.880000	16.455174	10976.806610
48.932000	16.198667	10981.251909
48.984000	15.948293	10985.927211
49.036000	15.700836	10990.724749
49.088000	15.460015	10995.773309
49.140000	15.221347	11000.913698
49.192000	14.989647	11006.322571
49.244000	14.759353	11011.793692
49.296000	14.536390	11017.534542
49.348000	14.314157	11023.310820
49.400000	14.099621	11029.368081
49.452000	13.885669	11035.446136
49.504000	13.678726	11041.783400
49.556000	13.472797	11048.151718
49.608000	13.273032	11054.748522
49.660000	13.074766	11061.390498
49.712000	12.881866	11068.221009
49.764000	12.690949	11075.106802
49.816000	12.504758	11082.144884
49.868000	12.320953	11089.252121
49.920000	12.141159	11096.487239
49.972000	11.964127	11103.791209
50.024000	11.790470	11111.190715
50.076000	11.619913	11118.662993
50.128000	11.452133	11126.208013
50.180000	11.287812	11133.825128
50.232000	11.125753	11141.495100
50.284000	10.967418	11149.235334
50.336000	10.810820	11157.011677
50.388000	10.658209	11164.836124
50.440000	10.506864	11172.680765
50.492000	10.359782	11180.575511
50.544000	10.213533	11188.481459
50.596000	10.071695	11196.417379
50.648000	9.930273	11204.357620
50.700000	9.793499	11212.309200
50.752000	9.657075	11220.259853
50.804000	9.524848	11228.198605
50.856000	9.393252	11236.135104
50.908000	9.265362	11244.052661
50.960000	9.138400	11251.958651
51.012000	9.014677	11259.824436
51.064000	8.892157	11267.674458
51.116000	8.772449	11275.482034
51.168000	8.654196	11283.258553
51.220000	8.538347	11290.981846
51.272000	8.424187	11298.664411
51.324000	8.312056	11306.294274
51.376000	8.201830	11313.869414
51.428000	8.093283	11321.392453
51.480000	7.986832	11328.846216
51.532000	7.881727	11336.251714
51.584000	7.778899	11343.570653
51.636000	7.677113	11350.846155
51.688000	7.577769	11358.020908
51.740000	7.479181	11365.160883
51.792000	7.383186	11372.183470
51.844000	7.287682	11379.180353
51.896000	7.194895	11386.042574
51.948000	7.102350	11392.889409
52.000000	7.012658	11399.586851
52.052000	6.923178	11406.271272
52.104000	6.836251	11412.802865
52.156000	6.749720	11419.315472
52.208000	6.665445	11425.693516
52.260000	6.581752	11432.038577
52.312000	6.500041	11438.256668
52.364000	6.419079	11444.427107
52.416000	6.339834	11450.479943
52.468000	6.261498	11456.477415
52.520000	6.184640	11462.374568
52.572000	6.108831	11468.199023
52.624000	6.034261	11473.931932
52.676000	5.960878	11479.587018
52.728000	5.888523	11485.167377
52.780000	5.817479	11490.650048
52.832000	5.747262	11496.066684
52.884000	5.678470	11501.379703
52.936000	5.610318	11506.641552
52.988000	5.543691	11511.793603
53.040000	5.477525	11516.907300
53.092000	5.412981	11521.889480
53.144000	5.348735	11526.844367
53.196000	5.286200	11531.664219
53.248000	5.223810	11536.469138
53.300000	5.163209	11541.129270
53.352000	5.102740	11545.779160
53.404000	5.043872	11550.293262
53.456000	4.985260	11554.786978
53.508000	4.928061	11559.151637
53.560000	4.871234	11563.486473
53.612000	4.815647	11567.708028
53.664000	4.760541	11571.889237
53.716000	4.706514	11575.969415
53.768000	4.653069	11579.999215
53.820000	4.600551	11583.940418
53.872000	4.548706	11587.821710
53.924000	4.497644	11591.626655
53.976000	4.447343	11595.365996
54.028000	4.397690	11599.042453
54.080000	4.348875	11602.637759
54.132000	4.300580	11606.178974
54.184000	4.253202	11609.634802
54.236000	4.206228	11613.048800
54.288000	4.160233	11616.369989
54.340000	4.114527	11619.660003
54.392000	4.069873	11622.851914
54.444000	4.025406	11626.023181
54.496000	3.982041	11629.090415
54.548000	3.938769	11632.146593
54.600000	3.896642	11635.094138
54.652000	3.854605	11638.033495
54.704000	3.813601	11640.873306
54.756000	3.772768	11643.701004
54.808000	3.732841	11646.445818
54.860000	3.693159	11649.168285
54.912000	3.654278	11651.812154
54.964000	3.615714	11654.429537
55.016000	3.577852	11656.982400
55.068000	3.540371	11659.503865
55.120000	3.503486	11661.971607
55.172000	3.467046	11664.406037
55.224000	3.431113	11666.797368
55.276000	3.395681	11669.145714
55.328000	3.360669	11671.456499
55.380000	3.326213	11673.724194
55.432000	3.292095	11675.963345
55.484000	3.258580	11678.159298
55.536000	3.225326	11680.333551
55.588000	3.192725	11682.455717
55.640000	3.160313	11684.562121
55.692000	3.128589	11686.616244
55.744000	3.096984	11688.660116
55.796000	3.066118	11690.655555
55.848000	3.035314	11692.645056
55.900000	3.005263	11694.574258
55.952000	2.975276	11696.500494
56.004000	2.945969	11698.379166
56.056000	2.916779	11700.248991
56.108000	2.888195	11702.069203
56.160000	2.859777	11703.879976
56.212000	2.831884	11705.652067
56.264000	2.804208	11707.409193
56.316000	2.776997	11709.129508
56.368000	2.750044	11710.829089
56.420000	2.723488	11712.494875
56.472000	2.697232	11714.140827
56.524000	2.671310	11715.759650
56.576000	2.645732	11717.353385
56.628000	2.620434	11718.923572
56.680000	2.595515	11720.463707
56.732000	2.570821	11721.983034
56.784000	2.546533	11723.470224
56.836000	2.522417	11724.941360
56.888000	2.498746	11726.375924
56.940000	2.475202	11727.797732
56.992000	2.452130	11729.180805
57.044000	2.429137	11730.555191
57.096000	2.406645	11731.885290
57.148000	2.384194	11733.210139
57.200000	2.362251	11734.490129
57.252000	2.340354	11735.767867
57.304000	2.318921	11737.004189
57.356000	2.297570	11738.233483
57.408000	2.276626	11739.417098
57.460000	2.255798	11740.591654
57.512000	2.235333	11741.727551
57.564000	2.215016	11742.853239
57.616000	2.195013	11743.946839
57.668000	2.175193	11745.021259
57.720000	2.155648	11746.061022
57.772000	2.136308	11747.083171
57.824000	2.117195	11748.077820
57.876000	2.098320	11749.047121
57.928000	2.079639	11749.989677
57.980000	2.061216	11750.896504
58.032000	2.042946	11751.777267
58.084000	2.024962	11752.624779
58.136000	2.007097	11753.451684
58.188000	1.989542	11754.232951
58.240000	1.972072	11754.995755
58.292000	1.954929	11755.702881
58.344000	1.937839	11756.395063
58.396000	1.921096	11757.021209
58.448000	1.904381	11757.637098
58.500000	1.888029	11758.171007
58.552000	1.871710	11758.699481
58.604000	1.855707	11759.142184
58.656000	1.839763	11759.573125
58.708000	1.824103	11759.904622
58.760000	1.808527	11760.216398
58.812000	1.793205	11760.434141
58.864000	1.777988	11760.622561
58.916000	1.762989	11760.719377
58.968000	1.748117	11760.767911
59.020000	1.733435	11760.721186
59.072000	1.718902	11760.616011
59.124000	1.704532	11760.423035
59.176000	1.690327	11760.150292
59.228000	1.676254	11759.792770
59.280000	1.662368	11759.331362
59.332000	1.648591	11758.791019
59.384000	1.635017	11758.132784
59.436000	1.621526	11757.406740
59.488000	1.608252	11756.533089
59.540000	1.595037	11755.601559
59.592000	1.582056	11754.498694
59.644000	1.569111	11753.351934
59.696000	1.556421	11752.006371
59.748000	1.543751	11750.632992
59.800000	1.531332	11749.035208
59.852000	1.518936	11747.417486
59.904000	1.506766	11745.555854
59.956000	1.494640	11743.666569
60.008000	1.482719	11741.546882
60.060000	1.470858	11739.379845
60.112000	1.459172	11736.998615
60.164000	1.447564	11734.544781
60.216000	1.436117	11731.890908
60.268000	1.424761	11729.145205
60.320000	1.413537	11726.218596
60.372000	1.402422	11723.177662
60.424000	1.391422	11719.977562
60.476000	1.380542	11716.638435
60.528000	1.369755	11713.159932
60.580000	1.359105	11709.527665
60.632000	1.348531	11705.779291
60.684000	1.338107	11701.854123
60.736000	1.327741	11697.834310
60.788000	1.317537	11693.622631
60.840000	1.307374	11689.339598
60.892000	1.297379	11684.857163
60.944000	1.287409	11680.326972
60.996000	1.277626	11675.576074
61.048000	1.267858	11670.797286
61.100000	1.258268	11665.807147
61.152000	1.248696	11660.798849
61.204000	1.239287	11655.582068
61.256000	1.229912	11650.342055
61.308000	1.220685	11644.929426
61.360000	1.211504	11639.483858
61.412000	1.202455	11633.899066
61.464000	1.193461	11628.268801
61.516000	1.184577	11622.522584
61.568000	1.175763	11616.734250
61.620000	1.167046	11610.866755
61.672000	1.158408	11604.952407
61.724000	1.149853	11598.977235
61.776000	1.141388	11592.957145
61.828000	1.132994	11586.896904
61.880000	1.124700	11580.808770
61.932000	1.116462	11574.700996
61.984000	1.108332	11568.575494
62.036000	1.100245	11562.442901
62.088000	1.092278	11556.311868
62.140000	1.084341	11550.183528
62.192000	1.076527	11544.080369
62.244000	1.068731	11537.985088
62.296000	1.061074	11531.944219
62.348000	1.053427	11525.912210
62.400000	1.045912	11519.965702
62.452000	1.038411	11514.027489
62.504000	1.031036	11508.205990
62.556000	1.023684	11502.402033
62.608000	1.016434	11496.734169
62.660000	1.009220	11491.096420
62.712000	1.002105	11485.595946
62.764000	0.995033	11480.148476
62.816000	0.988043	11474.848144
62.868000	0.981105	11469.626970
62.920000	0.974239	11464.554312
62.972000	0.967433	11459.581483
63.024000	0.960688	11454.748269
63.076000	0.954011	11450.046922
63.128000	0.947385	11445.477884
63.180000	0.940833	11441.075391
63.232000	0.934323	11436.793153
63.284000	0.927895	11432.705553
63.336000	0.921498	11428.720474
63.388000	0.915190	11424.955706
63.440000	0.908905	11421.272702
63.492000	0.902714	11417.852710
63.544000	0.896537	11414.492934
63.596000	0.890462	11411.421075
63.648000	0.884394	11408.384587
63.700000	0.878428	11405.659068
63.752000	0.872472	11402.960350
63.804000	0.866607	11400.579111
63.856000	0.860761	11398.237517
63.908000	0.854996	11396.180312
63.960000	0.849256	11394.186870
64.012000	0.843589	11392.447764
64.064000	0.837954	11390.794744
64.116000	0.832383	11389.364524
64.168000	0.826850	11388.040268
64.220000	0.821371	11386.906796
64.272000	0.815938	11385.895925
64.324000	0.810552	11385.043799
64.376000	0.805217	11384.327245
64.428000	0.799920	11383.738512
64.480000	0.794680	11383.293706
64.532000	0.789471	11382.947223
64.584000	0.784325	11382.748793
64.636000	0.779202	11382.621931
64.688000	0.774147	11382.640958
64.740000	0.769109	11382.707284
64.792000	0.764143	11382.912125
64.844000	0.759187	11383.143807
64.896000	0.754309	11383.501519
64.948000	0.749437	11383.869872
65.000000	0.744642	11384.343300
65.052000	0.739856	11384.823780
65.104000	0.735137	11385.368287
65.156000	0.730434	11385.922833
65.208000	0.725793	11386.504817
65.260000	0.721171	11387.093414
65.312000	0.716604	11387.679392
65.364000	0.712063	11388.265110
65.416000	0.707569	11388.824100
65.468000	0.703105	11389.362961
65.520000	0.698683	11389.849616
65.572000	0.694297	11390.299337
65.624000	0.689945	11390.684416
65.676000	0.685633	11391.006367
65.728000	0.681350	11391.253146
65.780000	0.677112	11391.407630
65.832000	0.672896	11391.484028
65.884000	0.668730	11391.432429
65.936000	0.664581	11391.303962
65.988000	0.660484	11391.014730
66.040000	0.656400	11390.656696
66.092000	0.652373	11390.081738
66.144000	0.648352	11389.449234
66.196000	0.644393	11388.562097
66.248000	0.640438	11387.635466
66.300000	0.636541	11386.401674
66.352000	0.632652	11385.141810
66.404000	0.628816	11383.539827
66.456000	0.624991	11381.900711
66.508000	0.621214	11379.932892
66.560000	0.617452	11377.895578
66.612000	0.613732	11375.541134
66.664000	0.610033	11373.081509
66.716000	0.606370	11370.315111
66.768000	0.602731	11367.405773
66.820000	0.599124	11364.216936
66.872000	0.595545	11360.849255
66.924000	0.591992	11357.227928
66.976000	0.588471	11353.386092
67.028000	0.584972	11349.316043
67.080000	0.581508	11344.988285
67.132000	0.578062	11340.465282
67.184000	0.574653	11335.652070
67.236000	0.571259	11330.680131
67.288000	0.567906	11325.372106
67.340000	0.564562	11319.936084
67.392000	0.561262	11314.140713
67.444000	0.557968	11308.256290
67.496000	0.554721	11301.977463
67.548000	0.551478	11295.643484
67.600000	0.548281	11288.876105
67.652000	0.545089	11282.076220
67.704000	0.541939	11274.866757
67.756000	0.538798	11267.610919
67.808000	0.535693	11259.983302
67.860000	0.532602	11252.279099
67.912000	0.529543	11244.244511
67.964000	0.526500	11236.107445
68.016000	0.523486	11227.686613
68.068000	0.520490	11219.135566
68.120000	0.517520	11210.337956
68.172000	0.514571	11201.398316
68.224000	0.511644	11192.259510
68.276000	0.508741	11182.955715
68.328000	0.505856	11173.487002
68.380000	0.502998	11163.850008
68.432000	0.500154	11154.085931
68.484000	0.497340	11144.138545
68.536000	0.494537	11134.094395
68.588000	0.491766	11123.874034
68.640000	0.489003	11113.585891
68.692000	0.486275	11103.115429
68.744000	0.483550	11092.602207
68.796000	0.480864	11081.923591
68.848000	0.478180	11071.220970
68.900000	0.475533	11060.356148
68.952000	0.472890	11049.479933
69.004000	0.470280	11038.472649
69.056000	0.467677	11027.453856
69.108000	0.465103	11016.338029
69.160000	0.462539	11005.207994
69.212000	0.460001	10994.012434
69.264000	0.457476	10982.804118
69.316000	0.454974	10971.556598
69.368000	0.452487	10960.301540
69.420000	0.450019	10949.028373
69.472000	0.447569	10937.756333
69.524000	0.445135	10926.482398
69.576000	0.442721	10915.223112
69.628000	0.440321	10903.975220
69.680000	0.437943	10892.756964
69.732000	0.435575	10881.557392
69.784000	0.433232	10870.401744
69.836000	0.430898	10859.268163
69.888000	0.428589	10848.208649
69.940000	0.426287	10837.171865
69.992000	0.424012	10826.221697
70.044000	0.421740	10815.291145
70.096000	0.419499	10804.482246
70.148000	0.417259	10793.685023
70.200000	0.415049	10783.025622
70.252000	0.412842	10772.378248
70.304000	0.410662	10761.882492
70.356000	0.408487	10751.409608
70.408000	0.406335	10741.087118
70.460000	0.404192	10730.803096
70.512000	0.402069	10720.664993
70.564000	0.399957	10710.582798
70.616000	0.397863	10700.640601
70.668000	0.395781	10690.772210
70.720000	0.393714	10681.033765
70.772000	0.391662	10671.384532
70.824000	0.389623	10661.851682
70.876000	0.387600	10652.435056
70.928000	0.385587	10643.125308
70.980000	0.383593	10633.942483
71.032000	0.381607	10624.848530
71.084000	0.379641	10615.906179
71.136000	0.377681	10607.038437
71.188000	0.375743	10598.340415
71.240000	0.373809	10589.699783
71.292000	0.371897	10581.248647
71.344000	0.369989	10572.837881
71.396000	0.368104	10564.634169
71.448000	0.366221	10556.453179
71.500000	0.364361	10548.496339
71.552000	0.362505	10540.555852
71.604000	0.360669	10532.826985
71.656000	0.358839	10525.128279
71.708000	0.357027	10517.626155
71.760000	0.355222	10510.173376
71.812000	0.353432	10502.900871
71.864000	0.351652	10495.689251
71.916000	0.349886	10488.632404
71.968000	0.348130	10481.652101
72.020000	0.346387	10474.808207
72.072000	0.344655	10468.062180
72.124000	0.342934	10461.437377
72.176000	0.341226	10454.917778
72.228000	0.339527	10448.497801
72.280000	0.337842	10442.200245
72.332000	0.336164	10435.985621
72.384000	0.334502	10429.906118
72.436000	0.332846	10423.892161
72.488000	0.331206	10418.025364
72.540000	0.329570	10412.207469
72.592000	0.327953	10406.547567
72.644000	0.326337	10400.919940
72.696000	0.324741	10395.456260
72.748000	0.323147	10390.010364
72.800000	0.321572	10384.741261
72.852000	0.319999	10379.485936
72.904000	0.318443	10374.396313
72.956000	0.316891	10369.328166
73.008000	0.315355	10364.403435
73.060000	0.313824	10359.513950
73.112000	0.312306	10354.753874
73.164000	0.310795	10350.040545
73.216000	0.309296	10345.440978
73.268000	0.307805	10340.898240
73.320000	0.306324	10336.452878
73.372000	0.304853	10332.071044
73.424000	0.303391	10327.770645
73.476000	0.301939	10323.545942
73.528000	0.300494	10319.390279
73.580000	0.299061	10315.318278
73.632000	0.297634	10311.301992
73.684000	0.296220	10307.372815
73.736000	0.294810	10303.486708
73.788000	0.293414	10299.699143
73.840000	0.292021	10295.943391
73.892000	0.290643	10292.286792
73.944000	0.289267	10288.651834
73.996000	0.287907	10285.132236
74.048000	0.286549	10281.621784
74.100000	0.285205	10278.218107
74.152000	0.283864	10274.824730
74.204000	0.282537	10271.540562
74.256000	0.281213	10268.268043
74.308000	0.279901	10265.081759
74.360000	0.278594	10261.920637
74.412000	0.277298	10258.844598
74.464000	0.276008	10255.795843
74.516000	0.274728	10252.815764
74.568000	0.273454	10249.868615
74.620000	0.272189	10246.979751
74.672000	0.270931	10244.133259
74.724000	0.269680	10241.338529
74.776000	0.268438	10238.591187
74.828000	0.267202	10235.886309
74.880000	0.265976	10233.229877
74.932000	0.264755	10230.606913
74.984000	0.263544	10228.036154
75.036000	0.262336	10225.491332
75.088000	0.261141	10223.007307
75.140000	0.259948	10220.542337
75.192000	0.258767	10218.137503
75.244000	0.257588	10215.745405
75.296000	0.256422	10213.421498
75.348000	0.255257	10211.102077
75.400000	0.254105	10208.844851
75.452000	0.252954	10206.594587
75.504000	0.251815	10204.413004
75.556000	0.250679	10202.237361
75.608000	0.249553	10200.111391
75.660000	0.248431	10197.999748
75.712000	0.247318	10195.938037
75.764000	0.246209	10193.892180
75.816000	0.245108	10191.886886
75.868000	0.244014	10189.904007
75.920000	0.242926	10187.958107
75.972000	0.241844	10186.031306
76.024000	0.240769	10184.132176
76.076000	0.239700	10182.262597
76.128000	0.238637	10180.419025
76.180000	0.237582	10178.603308
76.232000	0.236531	10176.807233
76.284000	0.235488	10175.041680
76.336000	0.234449	10173.291646
76.388000	0.233419	10171.574223
76.440000	0.232391	10169.868056
76.492000	0.231373	10168.196825
76.544000	0.230356	10166.533141
76.596000	0.229351	10164.911503
76.648000	0.228347	10163.291597
76.700000	0.227353	10161.707077
76.752000	0.226360	10160.124501
76.804000	0.225377	10158.577522
76.856000	0.224397	10157.034861
76.908000	0.223425	10155.523767
76.960000	0.222456	10154.021672
77.012000	0.221495	10152.550120
77.064000	0.220538	10151.084837
77.116000	0.219587	10149.640940
77.168000	0.218641	10148.204952
77.220000	0.217700	10146.787418
77.272000	0.216765	10145.386182
77.324000	0.215835	10144.004138
77.376000	0.214911	10142.636578
77.428000	0.213991	10141.283542
77.480000	0.213078	10139.942174
77.532000	0.212169	10138.611673
77.584000	0.211266	10137.298570
77.636000	0.210366	10135.994804
77.688000	0.209474	10134.704445
77.740000	0.208584	10133.420945
77.792000	0.207703	10132.162612
77.844000	0.206822	10130.906847
77.896000	0.205951	10129.663967
77.948000	0.205080	10128.423402
78.000000	0.204218	10127.210289
78.052000	0.203357	10125.996379
78.104000	0.202505	10124.799644
78.156000	0.201655	10123.603155
78.208000	0.200811	10122.421909
78.260000	0.199970	10121.241878
78.312000	0.199135	10120.075140
78.364000	0.198304	10118.915870
78.416000	0.197479	10117.773267
78.468000	0.196657	10116.630400
78.520000	0.195840	10115.495486
78.572000	0.195028	10114.367526
78.624000	0.194220	10113.249935
78.676000	0.193417	10112.132465
78.728000	0.192617	10111.021079
78.780000	0.191823	10109.918399
78.832000	0.191031	10108.822844
78.884000	0.190247	10107.736735
78.936000	0.189464	10106.656314
78.988000	0.188688	10105.575839
79.040000	0.187913	10104.498945
79.092000	0.187145	10103.428425
79.144000	0.186378	10102.359378
79.196000	0.185619	10101.298441
79.248000	0.184861	10100.237838
79.300000	0.184111	10099.190895
79.352000	0.183361	10098.140870
79.404000	0.182618	10097.095598
79.456000	0.181877	10096.047271
79.508000	0.181141	10095.003069
79.560000	0.180407	10093.960407
79.612000	0.179680	10092.927245
79.664000	0.178955	10091.890871
79.716000	0.178235	10090.857761
79.768000	0.177518	10089.824360
79.820000	0.176805	10088.796013
79.872000	0.176096	10087.767526
79.924000	0.175390	10086.743483
79.976000	0.174688	10085.715483
80.028000	0.173989	10084.690113
80.080000	0.173296	10083.660329
80.132000	0.172605	10082.633064
80.184000	0.171919	10081.605786
80.236000	0.171234	10080.581583
80.288000	0.170556	10079.552060
80.340000	0.169878	10078.524538
80.392000	0.169207	10077.498023
80.444000	0.168537	10076.470479
80.496000	0.167873	10075.436344
80.548000	0.167209	10074.400914
80.600000	0.166552	10073.368959
80.652000	0.165896	10072.333435
80.704000	0.165245	10071.297385
80.756000	0.164596	10070.255446
80.808000	0.163952	10069.209655
80.860000	0.163310	10068.161817
80.912000	0.162672	10067.116444
80.964000	0.162037	10066.066192
81.016000	0.161406	10065.015620
81.068000	0.160777	10063.956537
81.120000	0.160152	10062.895324
81.172000	0.159531	10061.828173
81.224000	0.158912	10060.761230
81.276000	0.158296	10059.687723
81.328000	0.157683	10058.614719
81.380000	0.157075	10057.530171
81.432000	0.156468	10056.445627
81.484000	0.155866	10055.353191
81.536000	0.155265	10054.262031
81.588000	0.154669	10053.157112
81.640000	0.154075	10052.052846
81.692000	0.153485	10050.941313
81.744000	0.152896	10049.828038
81.796000	0.152313	10048.704587
81.848000	0.151730	10047.576060
81.900000	0.151152	10046.435109
81.952000	0.150575	10045.291788
82.004000	0.150003	10044.148279
82.056000	0.149433	10042.996288
82.108000	0.148866	10041.834244
82.160000	0.148301	10040.664601
82.212000	0.147740	10039.489088
82.264000	0.147181	10038.304885
82.316000	0.146626	10037.115748
82.368000	0.146073	10035.913589
82.420000	0.145522	10034.705329
82.472000	0.144975	10033.486042
82.524000	0.144430	10032.263683
82.576000	0.143888	10031.029124
82.628000	0.143348	10029.792520
82.680000	0.142812	10028.542515
82.732000	0.142277	10027.291505
82.784000	0.141747	10026.020996
82.836000	0.141217	10024.750069
82.888000	0.140692	10023.458100
82.940000	0.140167	10022.165447
82.992000	0.139647	10020.853552
83.044000	0.139128	10019.539424
83.096000	0.138614	10018.212880
83.148000	0.138100	10016.880954
83.200000	0.137590	10015.534259
83.252000	0.137081	10014.180241
83.304000	0.136576	10012.812907
83.356000	0.136072	10011.434656
83.408000	0.135572	10010.041318
83.460000	0.135073	10008.637381
83.512000	0.134577	10007.223090
83.564000	0.134084	10005.799343
83.616000	0.133593	10004.369260
83.668000	0.133104	10002.918849
83.720000	0.132618	10001.457076
83.772000	0.132134	9999.983284
83.824000	0.131652	9998.505476
83.876000	0.131174	9997.002257
83.928000	0.130696	9995.492433
83.980000	0.130222	9993.963571
84.032000	0.129749	9992.432262
84.084000	0.129280	9990.875296
84.136000	0.128811	9989.317053
84.188000	0.128346	9987.736175
84.240000	0.127882	9986.153428
84.292000	0.127422	9984.540426
84.344000	0.126962	9982.924075
84.396000	0.126506	9981.289375
84.448000	0.126050	9979.646674
84.500000	0.125599	9977.979632
84.552000	0.125148	9976.303425
84.604000	0.124701	9974.608907
84.656000	0.124255	9972.901094
84.708000	0.123812	9971.173811
84.760000	0.123370	9969.433073
84.812000	0.122930	9967.678154
84.864000	0.122492	9965.907602
84.916000	0.122057	9964.124929
84.968000	0.121624	9962.321222
85.020000	0.121192	9960.505463
85.072000	0.120763	9958.666098
85.124000	0.120335	9956.817213
85.176000	0.119910	9954.942108
85.228000	0.119487	9953.060008
85.280000	0.119066	9951.149049
85.332000	0.118646	9949.233615
85.384000	0.118230	9947.291487
85.436000	0.117813	9945.347835
85.488000	0.117401	9943.364863
85.540000	0.116988	9941.379324
85.592000	0.116579	9939.357829
85.644000	0.116170	9937.331898
85.696000	0.115766	9935.282247
85.748000	0.115362	9933.223147
85.800000	0.114960	9931.134738
85.852000	0.114559	9929.033705
85.904000	0.114161	9926.906255
85.956000	0.113764	9924.765178
86.008000	0.113370	9922.603905
86.060000	0.112977	9920.423954
86.112000	0.112586	9918.223579
86.164000	0.112196	9916.001468
86.216000	0.111810	9913.761887
86.268000	0.111424	9911.494272
86.320000	0.111040	9909.210172
86.372000	0.110658	9906.901850
86.424000	0.110277	9904.583662
86.476000	0.109899	9902.234550
86.528000	0.109521	9899.876992
86.580000	0.109146	9897.481006
86.632000	0.108772	9895.078813
86.684000	0.108401	9892.639523
86.736000	0.108030	9890.197645
86.788000	0.107662	9887.710691
86.840000	0.107295	9885.220812
86.892000	0.106931	9882.694424
86.944000	0.106567	9880.160866
86.996000	0.106206	9877.589754
87.048000	0.105845	9875.007722
87.100000	0.105487	9872.391779
87.152000	0.105130	9869.761343
87.204000	0.104775	9867.100477
87.256000	0.104421	9864.423653
87.308000	0.104069	9861.722925
87.360000	0.103718	9858.998273
87.412000	0.103369	9856.247252
87.464000	0.103021	9853.468389
87.516000	0.102675	9850.666988
87.568000	0.102331	9847.840366
87.620000	0.101988	9844.999075
87.672000	0.101647	9842.122123
87.724000	0.101308	9839.230391
87.776000	0.100970	9836.299049
87.828000	0.100633	9833.356791
87.880000	0.100297	9830.375501
87.932000	0.099963	9827.387967
87.984000	0.099631	9824.348132
88.036000	0.099300	9821.304435
88.088000	0.098971	9818.215398
88.140000	0.098642	9815.122247
88.192000	0.098316	9811.982694
88.244000	0.097991	9808.834845
88.296000	0.097668	9805.644727
88.348000	0.097345	9802.442196
88.400000	0.097025	9799.201410
88.452000	0.096705	9795.944224
88.504000	0.096388	9792.652734
88.556000	0.096071	9789.338832
88.608000	0.095756	9785.991281
88.660000	0.095442	9782.617002
88.712000	0.095129	9779.213441
88.764000	0.094818	9775.781657
88.816000	0.094508	9772.327227
88.868000	0.094200	9768.840625
88.920000	0.093893	9765.335294
88.972000	0.093587	9761.786515
89.024000	0.093283	9758.219842
89.076000	0.092980	9754.613081
89.128000	0.092678	9750.995421
89.180000	0.092378	9747.329282
89.232000	0.092078	9743.655448
89.284000	0.091781	9739.928712
89.336000	0.091483	9736.197824
89.388000	0.091189	9732.405991
89.440000	0.090894	9728.609743
89.492000	0.090602	9724.766932
89.544000	0.090310	9720.913810
89.596000	0.090020	9717.009531
89.648000	0.089730	9713.090042
89.700000	0.089443	9709.124272
89.752000	0.089156	9705.140148
89.804000	0.088871	9701.117960
89.856000	0.088586	9697.073076
89.908000	0.088304	9692.994543
89.960000	0.088022	9688.886428
90.012000	0.087741	9684.746192
90.064000	0.087462	9680.571632
90.116000	0.087184	9676.369761
90.168000	0.086907	9672.128764
90.220000	0.086631	9667.865180
90.272000	0.086356	9663.557687
90.324000	0.086083	9659.232360
90.376000	0.085810	9654.862481
90.428000	0.085539	9650.480674
90.480000	0.085269	9646.040863
90.532000	0.085000	9641.592015
90.584000	0.084732	9637.084946
90.636000	0.084465	9632.573228
90.688000	0.084200	9627.995362
90.740000	0.083935	9623.412299
90.792000	0.083672	9618.777927
90.844000	0.083409	9614.132052
90.896000	0.083149	9609.430655
90.948000	0.082888	9604.712464
91.000000	0.082630	9599.944023
91.052000	0.082371	9595.155262
91.104000	0.082115	9590.324916
91.156000	0.081859	9585.469465
91.208000	0.081604	9580.577215
91.260000	0.081350	9575.650042
91.312000	0.081098	9570.685391
91.364000	0.080846	9565.686053
91.416000	0.080596	9560.659476
91.468000	0.080346	9555.590096
91.520000	0.080098	9550.496340
91.572000	0.079850	9545.354561
91.624000	0.079604	9540.193572
91.676000	0.079358	9534.979381
91.728000	0.079114	9529.751180
91.780000	0.078871	9524.464568
91.832000	0.078628	9519.169129
91.884000	0.078387	9513.810055
91.936000	0.078146	9508.445939
91.988000	0.077907	9503.015806
92.040000	0.077668	9497.579174
92.092000	0.077431	9492.081818
92.144000	0.077194	9486.571732
92.196000	0.076958	9481.001886
92.248000	0.076723	9475.414945
92.300000	0.076490	9469.777813
92.352000	0.076257	9464.118351
92.404000	0.076025	9458.413860
92.456000	0.075794	9452.679717
92.508000	0.075565	9446.902689
92.560000	0.075335	9441.092912
92.612000	0.075108	9435.248519
92.664000	0.074880	9429.363219
92.716000	0.074654	9423.446191
92.768000	0.074429	9417.486008
92.820000	0.074204	9411.501635
92.872000	0.073981	9405.465119
92.924000	0.073758	9399.408097
92.976000	0.073536	9393.293329
93.028000	0.073315	9387.163671
93.080000	0.073096	9380.975199
93.132000	0.072876	9374.778122
93.184000	0.072658	9368.512035
93.236000	0.072441	9362.240453
93.288000	0.072224	9355.897890
93.340000	0.072008	9349.548511
93.392000	0.071794	9343.138537
93.444000	0.071580	9336.714571
93.496000	0.071367	9330.226727
93.548000	0.071154	9323.721491
93.600000	0.070943	9317.166180
93.652000	0.070732	9310.586491
93.704000	0.070523	9303.958431
93.756000	0.070314	9297.300384
93.808000	0.070106	9290.599630
93.860000	0.069899	9283.863244
93.912000	0.069692	9277.089727
93.964000	0.069486	9270.277917
94.016000	0.069282	9263.436880
94.068000	0.069078	9256.545603
94.120000	0.068874	9249.626581
94.172000	0.068672	9242.655050
94.224000	0.068470	9235.663255
94.276000	0.068269	9228.613322
94.328000	0.068069	9221.548742
94.380000	0.067870	9214.420404
94.432000	0.067671	9207.283043
94.484000	0.067474	9200.076259
94.536000	0.067277	9192.864093
94.588000	0.067081	9185.586252
94.640000	0.066885	9178.300179
94.692000	0.066691	9170.944319
94.744000	0.066496	9163.575085
94.796000	0.066303	9156.146441
94.848000	0.066111	9148.698745
94.900000	0.065919	9141.197249
94.952000	0.065728	9133.671067
95.004000	0.065538	9126.096755
95.056000	0.065348	9118.492117
95.108000	0.065160	9110.844955
95.160000	0.064972	9103.161831
95.212000	0.064784	9095.441811
95.264000	0.064598	9087.677215
95.316000	0.064412	9079.879104
95.368000	0.064227	9072.037140
95.420000	0.064042	9064.171384
95.472000	0.063859	9056.252752
95.524000	0.063675	9048.314104
95.576000	0.063493	9040.316952
95.628000	0.063311	9032.305416
95.680000	0.063130	9024.229758
95.732000	0.062950	9016.145351
95.784000	0.062771	9007.991166
95.836000	0.062591	8999.831428
95.888000	0.062413	8991.601114
95.940000	0.062236	8983.362795
95.992000	0.062059	8975.059591
96.044000	0.061883	8966.742697
96.096000	0.061707	8958.366597
96.148000	0.061532	8949.971137
96.200000	0.061358	8941.522129
96.252000	0.061184	8933.049902
96.304000	0.061012	8924.533194
96.356000	0.060839	8915.985833
96.408000	0.060668	8907.396177
96.460000	0.060497	8898.770237
96.512000	0.060326	8890.107656
96.564000	0.060157	8881.403138
96.616000	0.059987	8872.667598
96.668000	0.059819	8863.884477
96.720000	0.059651	8855.075972
96.772000	0.059484	8846.218067
96.824000	0.059317	8837.341843
96.876000	0.059152	8828.406760
96.928000	0.058986	8819.457566
96.980000	0.058822	8810.448495
97.032000	0.058657	8801.431559
97.084000	0.058494	8792.344485
97.136000	0.058331	8783.252035
97.188000	0.058169	8774.094305
97.240000	0.058007	8764.928256
97.292000	0.057846	8755.697547
97.344000	0.057685	8746.453841
97.396000	0.057526	8737.155409
97.448000	0.057366	8727.838710
97.500000	0.057208	8718.472501
97.552000	0.057049	8709.080973
97.604000	0.056892	8699.641772
97.656000	0.056735	8690.176030
97.708000	0.056579	8680.674272
97.760000	0.056423	8671.135912
97.812000	0.056268	8661.561183
97.864000	0.056113	8651.947196
97.916000	0.055959	8642.304642
97.968000	0.055805	8632.617620
98.020000	0.055652	8622.907307
98.072000	0.055500	8613.147262
98.124000	0.055348	8603.369143
98.176000	0.055197	8593.536063
98.228000	0.055046	8583.690149
98.280000	0.054896	8573.788679
98.332000	0.054746	8563.880204
98.384000	0.054597	8553.901244
98.436000	0.054448	8543.917350
98.488000	0.054300	8533.878415
98.540000	0.054152	8523.830844
98.592000	0.054006	8513.718911
98.644000	0.053859	8503.594717
98.696000	0.053713	8493.420191
98.748000	0.053568	8483.228543
98.800000	0.053423	8472.991438
98.852000	0.053278	8462.732367
98.904000	0.053135	8452.432673
98.956000	0.052991	8442.103934
99.008000	0.052849	8431.736419
99.060000	0.052706	8421.337252
99.112000	0.052565	8410.907140
99.164000	0.052423	8400.440532
99.216000	0.052282	8389.947819
99.268000	0.052142	8379.413765
99.320000	0.052002	8368.858444
99.372000	0.051863	8358.260797
99.424000	0.051724	8347.648098
99.476000	0.051586	8336.980142
99.528000	0.051448	8326.299625
99.580000	0.051311	8315.567891
99.632000	0.051174	8304.829960
99.684000	0.051038	8294.036416
99.736000	0.050902	8283.238017
99.788000	0.050767	8272.374814
99.840000	0.050632	8261.505234
99.892000	0.050497	8250.589870
99.944000	0.050363	8239.661980
99.996000	0.050230	8228.684001
100.048000	0.050097	8217.691539
100.100000	0.049964	8206.661418
100.152000	0.049832	8195.609061
100.204000	0.049701	8184.516304
100.256000	0.049570	8173.398732
100.308000	0.049439	8162.248591
100.360000	0.049309	8151.071835
100.412000	0.049179	8139.869482
100.464000	0.049050	8128.630380
100.516000	0.048921	8117.365442
100.568000	0.048792	8106.069276
100.620000	0.048664	8094.757345
100.672000	0.048537	8083.398983
100.724000	0.048410	8072.024456
100.776000	0.048283	8060.611435
100.828000	0.048157	8049.189908
100.880000	0.048031	8037.716958
100.932000	0.047906	8026.238059
100.984000	0.047781	8014.708310
101.036000	0.047657	8003.174566
101.088000	0.047533	7991.591232
101.140000	0.047409	7980.001305
101.192000	0.047286	7968.365767
101.244000	0.047163	7956.720644
101.296000	0.047041	7945.038174
101.348000	0.046919	7933.340995
101.400000	0.046798	7921.606310
101.452000	0.046677	7909.852887
101.504000	0.046556	7898.066041
101.556000	0.046436	7886.258685
101.608000	0.046316	7874.424854
101.660000	0.046197	7862.566884
101.712000	0.046078	7850.686092
101.764000	0.045959	7838.774423
101.816000	0.045841	7826.841451
101.868000	0.045723	7814.880677
101.920000	0.045606	7802.906094
101.972000	0.045489	7790.896471
102.024000	0.045373	7778.874921
102.076000	0.045256	7766.814678
102.128000	0.045141	7754.746124
102.180000	0.045025	7742.639991
102.232000	0.044910	7730.529716
102.284000	0.044796	7718.373482
102.336000	0.044681	7706.213938
102.388000	0.044568	7694.014878
102.440000	0.044454	7681.810374
102.492000	0.044341	7669.569572
102.544000	0.044229	7657.320077
102.596000	0.044116	7645.037507
102.648000	0.044004	7632.741509
102.700000	0.043893	7620.411971
102.752000	0.043782	7608.071065
102.804000	0.043671	7595.710261
102.856000	0.043561	7583.328744
102.908000	0.043451	7570.920925
102.960000	0.043341	7558.494184
103.012000	0.043232	7546.049860
103.064000	0.043123	7533.583773
103.116000	0.043014	7521.102918
103.168000	0.042906	7508.597467
103.220000	0.042798	7496.080071
103.272000	0.042691	7483.531354
103.324000	0.042584	7470.972214
103.376000	0.042477	7458.387151
103.428000	0.042371	7445.796694
103.480000	0.042265	7433.173192
103.532000	0.042159	7420.546220
103.584000	0.042054	7407.883352
103.636000	0.041948	7395.218004
103.688000	0.041844	7382.523125
103.740000	0.041739	7369.824039
103.792000	0.041636	7357.097893
103.844000	0.041532	7344.363990
103.896000	0.041429	7331.601280
103.948000	0.041326	7318.829498
104.000000	0.041223	7306.035520
104.052000	0.041121	7293.231953
104.104000	0.041019	7280.411885
104.156000	0.040918	7267.577887
104.208000	0.040816	7254.726517
104.260000	0.040716	7241.858783
104.312000	0.040615	7228.976093
104.364000	0.040515	7216.077752
104.416000	0.040415	7203.168990
104.468000	0.040315	7190.242571
104.520000	0.040216	7177.307763
104.572000	0.040117	7164.349308
104.624000	0.040019	7151.383165
104.676000	0.039920	7138.399643
104.728000	0.039822	7125.412625
104.780000	0.039725	7112.397160
104.832000	0.039627	7099.378859
104.884000	0.039530	7086.339968
104.936000	0.039434	7073.299507
104.988000	0.039337	7060.239463
105.040000	0.039241	7047.175814
105.092000	0.039146	7034.089686
105.144000	0.039050	7020.999049
105.196000	0.038955	7007.892047
105.248000	0.038860	6994.778917
105.300000	0.038766	6981.651089
105.352000	0.038672	6968.515515
105.404000	0.038578	6955.366861
105.456000	0.038484	6942.208827
105.508000	0.038391	6929.039292
105.560000	0.038298	6915.858773
105.612000	0.038205	6902.668409
105.664000	0.038113	6889.468570
105.716000	0.038021	6876.262549
105.768000	0.037929	6863.045879
105.820000	0.037837	6849.824277
105.872000	0.037746	6836.590775
105.924000	0.037655	6823.353518
105.976000	0.037565	6810.098814
106.028000	0.037474	6796.840712
106.080000	0.037384	6783.573074
106.132000	0.037295	6770.304563
106.184000	0.037205	6757.020558
106.236000	0.037116	6743.735389
106.288000	0.037027	6730.435589
106.340000	0.036938	6717.134327
106.392000	0.036850	6703.824146
106.444000	0.036762	6690.511683
106.496000	0.036674	6677.191103
106.548000	0.036587	6663.865867
106.600000	0.036500	6650.529672
106.652000	0.036413	6637.191530
106.704000	0.036326	6623.850180
106.756000	0.036240	6610.501733
106.808000	0.036154	6597.144748
106.860000	0.036068	6583.784999
106.912000	0.035982	6570.422853
106.964000	0.035897	6557.054362
107.016000	0.035812	6543.681834
107.068000	0.035727	6530.305713
107.120000	0.035643	6516.927995
107.172000	0.035558	6503.546301
107.224000	0.035474	6490.163425
107.276000	0.035391	6476.771803
107.328000	0.035307	6463.378561
107.380000	0.035224	6449.985310
107.432000	0.035141	6436.592105
107.484000	0.035058	6423.193719
107.536000	0.034976	6409.794975
107.588000	0.034894	6396.391398
107.640000	0.034812	6382.987090
107.692000	0.034730	6369.578350
107.744000	0.034649	6356.169641
107.796000	0.034568	6342.760973
107.848000	0.034487	6329.352331
107.900000	0.034406	6315.943755
107.952000	0.034326	6302.533204
108.004000	0.034246	6289.119437
108.056000	0.034166	6275.708068
108.108000	0.034086	6262.299594
108.160000	0.034007	6248.888343
108.212000	0.033928	6235.474735
108.264000	0.033849	6222.064320
108.316000	0.033770	6208.656001
108.368000	0.033692	6195.251293
108.420000	0.033614	6181.848291
108.472000	0.033536	6168.441264
108.524000	0.033458	6155.033063
108.576000	0.033381	6141.633698
108.628000	0.033304	6128.236038
108.680000	0.033227	6114.838405
108.732000	0.033150	6101.440829
108.784000	0.033074	6088.048478
108.836000	0.032997	6074.656969
108.888000	0.032921	6061.275145
108.940000	0.032846	6047.893364
108.992000	0.032770	6034.511627
109.044000	0.032695	6021.132320
109.096000	0.032620	6007.761103
109.148000	0.032545	5994.391516
109.200000	0.032470	5981.025614
109.252000	0.032396	5967.663748
109.304000	0.032322	5954.308392
109.356000	0.032248	5940.955454
109.408000	0.032174	5927.605384
109.460000	0.032100	5914.263770
109.512000	0.032027	5900.929471
109.564000	0.031954	5887.598397
109.616000	0.031881	5874.269412
109.668000	0.031809	5860.947660
109.720000	0.031736	5847.629184
109.772000	0.031664	5834.322815
109.824000	0.031592	5821.020135
109.876000	0.031521	5807.726306
109.928000	0.031449	5794.434127
109.980000	0.031378	5781.151640
110.032000	0.031307	5767.870028
110.084000	0.031236	5754.604101
110.136000	0.031165	5741.339052
110.188000	0.031095	5728.083660
110.240000	0.031024	5714.831581
110.292000	0.030954	5701.597193
110.344000	0.030885	5688.365282
110.396000	0.030815	5675.141432
110.448000	0.030746	5661.922482
110.500000	0.030676	5648.714402
110.552000	0.030607	5635.512427
110.604000	0.030539	5622.320112
110.656000	0.030470	5609.137550
110.708000	0.030402	5595.966262
110.760000	0.030334	5582.803479
110.812000	0.030266	5569.647927
110.864000	0.030198	5556.502112
110.916000	0.030130	5543.362358
110.968000	0.030063	5530.237177
111.020000	0.029996	5517.118406
111.072000	0.029929	5504.011787
111.124000	0.029862	5490.908781
111.176000	0.029796	5477.828065
111.228000	0.029729	5464.751306
111.280000	0.029663	5451.689127
111.332000	0.029597	5438.628248
111.384000	0.029532	5425.588183
111.436000	0.029466	5412.550345
111.488000	0.029401	5399.536529
111.540000	0.029335	5386.525278
111.592000	0.029270	5373.527258
111.644000	0.029206	5360.535484
111.696000	0.029141	5347.563658
111.748000	0.029077	5334.598455
111.800000	0.029012	5321.647680
111.852000	0.028948	5308.707176
111.904000	0.028884	5295.782620
111.956000	0.028821	5282.867895
112.008000	0.028757	5269.964334
112.060000	0.028694	5257.075093
112.112000	0.028631	5244.197808
112.164000	0.028568	5231.333557
112.216000	0.028505	5218.477241
112.268000	0.028443	5205.642947
112.320000	0.028380	5192.818130
112.372000	0.028318	5180.009610
112.424000	0.028256	5167.205806
112.476000	0.028194	5154.428849
112.528000	0.028133	5141.656489
112.580000	0.028071	5128.903671
112.632000	0.028010	5116.152639
112.684000	0.027949	5103.432706
112.736000	0.027888	5090.715113
112.788000	0.027827	5078.021403
112.840000	0.027767	5065.332904
112.892000	0.027706	5052.670702
112.944000	0.027646	5040.014862
112.996000	0.027586	5027.378909
113.048000	0.027526	5014.751331
113.100000	0.027466	5002.141629
113.152000	0.027407	4989.546451
113.204000	0.027347	4976.973425
113.256000	0.027288	4964.410333
113.308000	0.027229	4951.858355
113.360000	0.027170	4939.326551
113.412000	0.027112	4926.811277
113.464000	0.027053	4914.315717
113.516000	0.026995	4901.831923
113.568000	0.026937	4889.366575
113.620000	0.026879	4876.909022
113.672000	0.026821	4864.480145
113.724000	0.026763	4852.059322
113.776000	0.026706	4839.660977
113.828000	0.026648	4827.266366
113.880000	0.026591	4814.906103
113.932000	0.026534	4802.548665
113.984000	0.026477	4790.222217
114.036000	0.026421	4777.898702
114.088000	0.026364	4765.603709
114.140000	0.026308	4753.314943
114.192000	0.026251	4741.056684
114.244000	0.026195	4728.806185
114.296000	0.026140	4716.579433
114.348000	0.026084	4704.362849
114.400000	0.026028	4692.167546
114.452000	0.025973	4679.986943
114.504000	0.025918	4667.828403
114.556000	0.025862	4655.687359
114.608000	0.025808	4643.565497
114.660000	0.025753	4631.461082
114.712000	0.025698	4619.370754
114.764000	0.025644	4607.303572
114.816000	0.025589	4595.249950
114.868000	0.025535	4583.222302
114.920000	0.025481	4571.205382
114.972000	0.025427	4559.217286
115.024000	0.025373	4547.237092
115.076000	0.025320	4535.288560
115.128000	0.025266	4523.345096
115.180000	0.025213	4511.431186
115.232000	0.025160	4499.519960
115.284000	0.025107	4487.649882
115.336000	0.025054	4475.783373
115.388000	0.025002	4463.950008
115.440000	0.024949	4452.123025
115.492000	0.024897	4440.326370
115.544000	0.024844	4428.538920
115.596000	0.024792	4416.779028
115.648000	0.024740	4405.031155
115.700000	0.024689	4393.307972
115.752000	0.024637	4381.601757
115.804000	0.024585	4369.920567
115.856000	0.024534	4358.257034
115.908000	0.024483	4346.612552
115.960000	0.024432	4334.988558
116.012000	0.024381	4323.380812
116.064000	0.024330	4311.799704
116.116000	0.024280	4300.233924
116.168000	0.024229	4288.694283
116.220000	0.024179	4277.165231
116.272000	0.024128	4265.669291
116.324000	0.024078	4254.182200
116.376000	0.024028	4242.726940
116.428000	0.023978	4231.276606
116.480000	0.023929	4219.865841
116.532000	0.023879	4208.458261
116.584000	0.023830	4197.086518
116.636000	0.023781	4185.719019
116.688000	0.023731	4174.389270
116.740000	0.023682	4163.066987
116.792000	0.023634	4151.779210
116.844000	0.023585	4140.500790
116.896000	0.023536	4129.249750
116.948000	0.023488	4118.014356
117.000000	0.023439	4106.810514
117.052000	0.023391	4095.621671
117.104000	0.023343	4084.454567
117.156000	0.023295	4073.307834
117.208000	0.023247	4062.182727
117.260000	0.023200	4051.081205
117.312000	0.023152	4039.998066
117.364000	0.023105	4028.938402
117.416000	0.023058	4017.892030
117.468000	0.023010	4006.879455
117.520000	0.022963	3995.880274
117.572000	0.022916	3984.910219
117.624000	0.022870	3973.947769
117.676000	0.022823	3963.026426
117.728000	0.022776	3952.111196
117.780000	0.022730	3941.235731
117.832000	0.022684	3930.363439
117.884000	0.022638	3919.526831
117.936000	0.022592	3908.695187
117.988000	0.022546	3897.905833
118.040000	0.022500	3887.124123
118.092000	0.022454	3876.376715
118.144000	0.022409	3865.638827
118.196000	0.022363	3854.928217
118.248000	0.022318	3844.233451
118.300000	0.022273	3833.570043
118.352000	0.022228	3822.926106
118.404000	0.022183	3812.309900
118.456000	0.022138	3801.711676
118.508000	0.022094	3791.132241
118.560000	0.022049	3780.576575
118.612000	0.022005	3770.039140
118.664000	0.021960	3759.532073
118.716000	0.021916	3749.041868
118.768000	0.021872	3738.581878
118.820000	0.021828	3728.133637
118.872000	0.021784	3717.718872
118.924000	0.021741	3707.312626
118.976000	0.021697	3696.943097
119.028000	0.021654	3686.578842
119.080000	0.021610	3676.259538
119.132000	0.021567	3665.943800
119.184000	0.021524	3655.668659
119.236000	0.021481	3645.398117
119.288000	0.021438	3635.164979
119.340000	0.021395	3624.940633
119.392000	0.021352	3614.754759
119.444000	0.021310	3604.578553
119.496000	0.021267	3594.429426
119.548000	0.021225	3584.298123
119.600000	0.021183	3574.201460
119.652000	0.021141	3564.120111
119.704000	0.021099	3554.060224
119.756000	0.021057	3544.023641
119.808000	0.021015	3534.010989
119.860000	0.020973	3524.022281
119.912000	0.020932	3514.051635
119.964000	0.020890	3504.108159
120.016000	0.020849	3494.179520
120.068000	0.020808	3484.285082
120.120000	0.020766	3474.403669
120.172000	0.020725	3464.555906
120.224000	0.020685	3454.716491
120.276000	0.020644	3444.918595
120.328000	0.020603	3435.126435
120.380000	0.020563	3425.374392
120.432000	0.020522	3415.625670
120.484000	0.020482	3405.917423
120.536000	0.020441	3396.214546
120.588000	0.020401	3386.553545
120.640000	0.020361	3376.900544
120.692000	0.020321	3367.281554
120.744000	0.020281	3357.673786
120.796000	0.020242	3348.096807
120.848000	0.020202	3338.536074
120.900000	0.020162	3329.006336
120.952000	0.020123	3319.494277
121.004000	0.020084	3310.006578
121.056000	0.020044	3300.542381
121.108000	0.020005	3291.101926
121.160000	0.019966	3281.685588
121.212000	0.019927	3272.287145
121.264000	0.019888	3262.916061
121.316000	0.019850	3253.559660
121.368000	0.019811	3244.237656
121.420000	0.019773	3234.928487
121.472000	0.019734	3225.653141
121.524000	0.019696	3216.385976
121.576000	0.019658	3207.155901
121.628000	0.019619	3197.930769
121.680000	0.019581	3188.750982
121.732000	0.019543	3179.574726
121.784000	0.019506	3170.438772
121.836000	0.019468	3161.307781
121.888000	0.019430	3152.213850
121.940000	0.019393	3143.129112
121.992000	0.019355	3134.082431
122.044000	0.019318	3125.047154
122.096000	0.019281	3116.042519
122.148000	0.019243	3107.052513
122.200000	0.019206	3098.089926
122.252000	0.019169	3089.147410
122.304000	0.019133	3080.232073
122.356000	0.019096	3071.337814
122.408000	0.019059	3062.464524
122.460000	0.019023	3053.615527
122.512000	0.018986	3044.784260
122.564000	0.018950	3035.980524
122.616000	0.018913	3027.191303
122.668000	0.018877	3018.436677
122.720000	0.018841	3009.694699
122.772000	0.018805	3000.986739
122.824000	0.018769	2992.286800
122.876000	0.018733	2983.624127
122.928000	0.018697	2974.966229
122.980000	0.018662	2966.353897
123.032000	0.018626	2957.744858
123.084000	0.018591	2949.170923
123.136000	0.018555	2940.602758
123.188000	0.018520	2932.076108
123.240000	0.018485	2923.557817
123.292000	0.018450	2915.073197
123.344000	0.018415	2906.600160
123.396000	0.018380	2898.157594
123.448000	0.018345	2889.731684
123.500000	0.018310	2881.336434
123.552000	0.018275	2872.956951
123.604000	0.018241	2864.598473
123.656000	0.018206	2856.263910
123.708000	0.018172	2847.952748
123.760000	0.018137	2839.666064
123.812000	0.018103	2831.396961
123.864000	0.018069	2823.152091
123.916000	0.018035	2814.919787
123.968000	0.018001	2806.722290
124.020000	0.017967	2798.537264
124.072000	0.017933	2790.386431
124.124000	0.017899	2782.243454
124.176000	0.017866	2774.137919
124.228000	0.017832	2766.036992
124.280000	0.017799	2757.976755
124.332000	0.017765	2749.919868
124.384000	0.017732	2741.902943
124.436000	0.017699	2733.891341
124.488000	0.017666	2725.916483
124.540000	0.017633	2717.950166
124.592000	0.017600	2710.017376
124.644000	0.017567	2702.096344
124.696000	0.017534	2694.205593
124.748000	0.017501	2686.327968
124.800000	0.017468	2678.474083
124.852000	0.017436	2670.640675
124.904000	0.017403	2662.834088
124.956000	0.017371	2655.046259
125.008000	0.017339	2647.276513
125.060000	0.017306	2639.534483
125.112000	0.017274	2631.812008
125.164000	0.017242	2624.113947
125.216000	0.017210	2616.428338
125.268000	0.017178	2608.773849
125.320000	0.017146	2601.130299
125.372000	0.017114	2593.521117
125.424000	0.017083	2585.919626
125.476000	0.017051	2578.351062
125.528000	0.017020	2570.786403
125.580000	0.016988	2563.267731
125.632000	0.016957	2555.752284
125.684000	0.016925	2548.271643
125.736000	0.016894	2540.795830
125.788000	0.016863	2533.352038
125.840000	0.016832	2525.918047
125.892000	0.016801	2518.521590
125.944000	0.016770	2511.135593
125.996000	0.016739	2503.775988
126.048000	0.016708	2496.429659
126.100000	0.016678	2489.106903
126.152000	0.016647	2481.802533
126.204000	0.016617	2474.521858
126.256000	0.016586	2467.262800
126.308000	0.016556	2460.024236
126.360000	0.016525	2452.810487
126.412000	0.016495	2445.613979
126.464000	0.016465	2438.442038
126.516000	0.016435	2431.282406
126.568000	0.016405	2424.150181
126.620000	0.016375	2417.027418
126.672000	0.016345	2409.939182
126.724000	0.016315	2402.858464
126.776000	0.016285	2395.810849
126.828000	0.016256	2388.767003
126.880000	0.016226	2381.764203
126.932000	0.016196	2374.764476
126.984000	0.016167	2367.799433
127.036000	0.016138	2360.839378
127.088000	0.016108	2353.911228
127.140000	0.016079	2346.991980
127.192000	0.016050	2340.105922
127.244000	0.016021	2333.230480
127.296000	0.015992	2326.381287
127.348000	0.015963	2319.547441
127.400000	0.015934	2312.740368
127.452000	0.015905	2305.949546
127.504000	0.015876	2299.179340
127.556000	0.015848	2292.425495
127.608000	0.015819	2285.686954
127.660000	0.015790	2278.976536
127.712000	0.015762	2272.285322
127.764000	0.015734	2265.615291
127.816000	0.015705	2258.955711
127.868000	0.015677	2252.323692
127.920000	0.015649	2245.700995
127.972000	0.015621	2239.113021
128.024000	0.015593	2232.532410
128.076000	0.015565	2225.985037
128.128000	0.015537	2219.441283
128.180000	0.015509	2212.928498
128.232000	0.015481	2206.418911
128.284000	0.015453	2199.948806
128.336000	0.015425	2193.483852
128.388000	0.015398	2187.050628
128.440000	0.015370	2180.625365
128.492000	0.015343	2174.229020
128.544000	0.015315	2167.841929
128.596000	0.015288	2161.477260
128.648000	0.015261	2155.128119
128.700000	0.015234	2148.805590
128.752000	0.015206	2142.499466
128.804000	0.015179	2136.213817
128.856000	0.015152	2129.944652
128.908000	0.015125	2123.690658
128.960000	0.015099	2117.458712
129.012000	0.015072	2111.241631
129.064000	0.015045	2105.049424
129.116000	0.015018	2098.869248
129.168000	0.014992	2092.716770
129.220000	0.014965	2086.573465
129.272000	0.014939	2080.460725
129.324000	0.014912	2074.354319
129.376000	0.014886	2068.276550
129.428000	0.014859	2062.201787
129.480000	0.014833	2056.163293
129.532000	0.014807	2050.127783
129.584000	0.014781	2044.126691
129.636000	0.014755	2038.130172
129.688000	0.014729	2032.160751
129.740000	0.014703	2026.199453
129.792000	0.014677	2020.266955
129.844000	0.014651	2014.345391
129.896000	0.014625	2008.449790
129.948000	0.014600	2002.565992
130.000000	0.014574	1996.702087
130.052000	0.014548	1990.852389
130.104000	0.014523	1985.020154
130.156000	0.014497	1979.207317
130.208000	0.014472	1973.412040
130.260000	0.014446	1967.638952
130.312000	0.014421	1961.880578
130.364000	0.014396	1956.143648
130.416000	0.014371	1950.416939
130.468000	0.014346	1944.714146
130.520000	0.014321	1939.019151
130.572000	0.014296	1933.354840
130.624000	0.014271	1927.696706
130.676000	0.014246	1922.067389
130.728000	0.014221	1916.440971
130.780000	0.014196	1910.845774
130.832000	0.014171	1905.253165
130.884000	0.014147	1899.689983
130.936000	0.014122	1894.132278
130.988000	0.014098	1888.605989
131.040000	0.014073	1883.086821
131.092000	0.014049	1877.592273
131.144000	0.014024	1872.108820
131.196000	0.014000	1866.651190
131.248000	0.013976	1861.203526
131.300000	0.013952	1855.772381
131.352000	0.013927	1850.357965
131.404000	0.013903	1844.963769
131.456000	0.013879	1839.583541
131.508000	0.013855	1834.215807
131.560000	0.013831	1828.870428
131.612000	0.013807	1823.539646
131.664000	0.013784	1818.230457
131.716000	0.013760	1812.931387
131.768000	0.013736	1807.652357
131.820000	0.013713	1802.379762
131.872000	0.013689	1797.138028
131.924000	0.013665	1791.902342
131.976000	0.013642	1786.695609
132.028000	0.013619	1781.491660
132.080000	0.013595	1776.313863
132.132000	0.013572	1771.139021
132.184000	0.013549	1765.998311
132.236000	0.013525	1760.861673
132.288000	0.013502	1755.747442
132.340000	0.013479	1750.640474
132.392000	0.013456	1745.558006
132.444000	0.013433	1740.485202
132.496000	0.013410	1735.434445
132.548000	0.013387	1730.395765
132.600000	0.013364	1725.376745
132.652000	0.013341	1720.369813
132.704000	0.013319	1715.377306
132.756000	0.013296	1710.404496
132.808000	0.013273	1705.448960
132.860000	0.013251	1700.506312
132.912000	0.013228	1695.572063
132.964000	0.013206	1690.663132
133.016000	0.013183	1685.765816
133.068000	0.013161	1680.888653
133.120000	0.013138	1676.017835
133.172000	0.013116	1671.173655
133.224000	0.013094	1666.334594
133.276000	0.013072	1661.519757
133.328000	0.013050	1656.707168
133.380000	0.013028	1651.926077
133.432000	0.013005	1647.147198
133.484000	0.012983	1642.392678
133.536000	0.012962	1637.643158
133.588000	0.012940	1632.920400
133.640000	0.012918	1628.203832
133.692000	0.012896	1623.507578
133.744000	0.012874	1618.821135
133.796000	0.012853	1614.156670
133.848000	0.012831	1609.502395
133.900000	0.012809	1604.864436
133.952000	0.012788	1600.241098
134.004000	0.012766	1595.634905
134.056000	0.012745	1591.040090
134.108000	0.012723	1586.455206
134.160000	0.012702	1581.889755
134.212000	0.012681	1577.336641
134.264000	0.012659	1572.805384
134.316000	0.012638	1568.284025
134.368000	0.012617	1563.778896
134.420000	0.012596	1559.278829
134.472000	0.012575	1554.805498
134.524000	0.012554	1550.337156
134.576000	0.012533	1545.893201
134.628000	0.012512	1541.451507
134.680000	0.012491	1537.036014
134.732000	0.012470	1532.622840
134.784000	0.012449	1528.233927
134.836000	0.012429	1523.850260
134.888000	0.012408	1519.493257
134.940000	0.012387	1515.141336
134.992000	0.012367	1510.805661
135.044000	0.012346	1506.479939
135.096000	0.012326	1502.176081
135.148000	0.012305	1497.880492
135.200000	0.012285	1493.597937
135.252000	0.012264	1489.330140
135.304000	0.012244	1485.079380
135.356000	0.012224	1480.840088
135.408000	0.012203	1476.610665
135.460000	0.012183	1472.400807
135.512000	0.012163	1468.203182
135.564000	0.012143	1464.020237
135.616000	0.012123	1459.843933
135.668000	0.012103	1455.687991
135.720000	0.012083	1451.538208
135.772000	0.012063	1447.410876
135.824000	0.012043	1443.287671
135.876000	0.012023	1439.188947
135.928000	0.012003	1435.092497
135.980000	0.011984	1431.022175
136.032000	0.011964	1426.953856
136.084000	0.011944	1422.904866
136.136000	0.011925	1418.860312
136.188000	0.011905	1414.837935
136.240000	0.011886	1410.821991
136.292000	0.011866	1406.826202
136.344000	0.011847	1402.838840
136.396000	0.011827	1398.869613
136.448000	0.011808	1394.908764
136.500000	0.011788	1390.960927
136.552000	0.011769	1387.025510
136.604000	0.011750	1383.104241
136.656000	0.011731	1379.194542
136.708000	0.011712	1375.294669
136.760000	0.011692	1371.414479
136.812000	0.011673	1367.546408
136.864000	0.011654	1363.689445
136.916000	0.011635	1359.837522
136.968000	0.011616	1356.006076
137.020000	0.011597	1352.180703
137.072000	0.011578	1348.377879
137.124000	0.011560	1344.579087
137.176000	0.011541	1340.800029
137.228000	0.011522	1337.022930
137.280000	0.011503	1333.271837
137.332000	0.011485	1329.522849
137.384000	0.011466	1325.793170
137.436000	0.011448	1322.067184
137.488000	0.011429	1318.358870
137.540000	0.011410	1314.657112
137.592000	0.011392	1310.975419
137.644000	0.011373	1307.300605
137.696000	0.011355	1303.640334
137.748000	0.011337	1299.988523
137.800000	0.011318	1296.349621
137.852000	0.011300	1292.723264
137.904000	0.011282	1289.110992
137.956000	0.011264	1285.510370
138.008000	0.011246	1281.919501
138.060000	0.011227	1278.341887
138.112000	0.011209	1274.772452
138.164000	0.011191	1271.221559
138.216000	0.011173	1267.678708
138.268000	0.011155	1264.152364
138.320000	0.011137	1260.630894
138.372000	0.011120	1257.123098
138.424000	0.011102	1253.617810
138.476000	0.011084	1250.137222
138.528000	0.011066	1246.658945
138.580000	0.011048	1243.206603
138.632000	0.011031	1239.755987
138.684000	0.011013	1236.319844
138.736000	0.010995	1232.887499
138.788000	0.010978	1229.472811
138.840000	0.010960	1226.063504
138.892000	0.010943	1222.670218
138.944000	0.010925	1219.285605
138.996000	0.010908	1215.918981
139.048000	0.010890	1212.558816
139.100000	0.010873	1209.208397
139.152000	0.010856	1205.868140
139.204000	0.010839	1202.539187
139.256000	0.010821	1199.224876
139.308000	0.010804	1195.922568
139.360000	0.010787	1192.630273
139.412000	0.010770	1189.344179
139.464000	0.010753	1186.073051
139.516000	0.010736	1182.808402
139.568000	0.010719	1179.560338
139.620000	0.010702	1176.317081
139.672000	0.010685	1173.092079
139.724000	0.010668	1169.870243
139.776000	0.010651	1166.663387
139.828000	0.010634	1163.458276
139.880000	0.010617	1160.279032
139.932000	0.010600	1157.101605
139.984000	0.010584	1153.938577
140.036000	0.010567	1150.779451
140.088000	0.010550	1147.637891
140.140000	0.010534	1144.501823
140.192000	0.010517	1141.381761
140.244000	0.010500	1138.268769
140.296000	0.010484	1135.170155
140.348000	0.010467	1132.078075
140.400000	0.010451	1128.995708
140.452000	0.010434	1125.923589
140.504000	0.010418	1122.862703
140.556000	0.010402	1119.810728
140.608000	0.010385	1116.766126
140.660000	0.010369	1113.734928
140.712000	0.010353	1110.711788
140.764000	0.010337	1107.703686
140.816000	0.010320	1104.702001
140.868000	0.010304	1101.712885
140.920000	0.010288	1098.727458
140.972000	0.010272	1095.760367
141.024000	0.010256	1092.796375
141.076000	0.010240	1089.852397
141.128000	0.010224	1086.910254
141.180000	0.010208	1083.983662
141.232000	0.010192	1081.058972
141.284000	0.010176	1078.148690
141.336000	0.010160	1075.242419
141.388000	0.010144	1072.353626
141.440000	0.010129	1069.469085
141.492000	0.010113	1066.596579
141.544000	0.010097	1063.731250
141.596000	0.010081	1060.880265
141.648000	0.010066	1058.036545
141.700000	0.010050	1055.203452
141.752000	0.010035	1052.378906
141.804000	0.010019	1049.563653
141.856000	0.010003	1046.758552
141.908000	0.009988	1043.961696
141.960000	0.009973	1041.175997
142.012000	0.009957	1038.397015
142.064000	0.009942	1035.630531
142.116000	0.009926	1032.869390
142.168000	0.009911	1030.122542
142.220000	0.009896	1027.379769
142.272000	0.009880	1024.651814
142.324000	0.009865	1021.926394
142.376000	0.009850	1019.217587
142.428000	0.009835	1016.510485
142.480000	0.009820	1013.820411
142.532000	0.009804	1011.132387
142.584000	0.009789	1008.459171
142.636000	0.009774	1005.789406
142.688000	0.009759	1003.134096
142.740000	0.009744	1000.483397
142.792000	0.009729	997.845472
142.844000	0.009714	995.213239
142.896000	0.009699	992.592181
142.948000	0.009685	989.978031
143.000000	0.009670	987.373844
143.052000	0.009655	984.778037
143.104000	0.009640	982.191249
143.156000	0.009625	979.613798
143.208000	0.009611	977.043890
143.260000	0.009596	974.484538
143.312000	0.009581	971.931511
143.364000	0.009567	969.389924
143.416000	0.009552	966.853218
143.468000	0.009537	964.329616
143.520000	0.009523	961.809734
143.572000	0.009508	959.303836
143.624000	0.009494	956.800311
143.676000	0.009479	954.312014
143.728000	0.009465	951.825357
143.780000	0.009451	949.354667
143.832000	0.009436	946.885952
143.884000	0.009422	944.430581
143.936000	0.009408	941.978564
143.988000	0.009393	939.540138
144.040000	0.009379	937.105857
144.092000	0.009365	934.682753
144.144000	0.009351	932.265254
144.196000	0.009336	929.858579
144.248000	0.009322	927.458449
144.300000	0.009308	925.067631
144.352000	0.009294	922.684504
144.404000	0.009280	920.309604
144.456000	0.009266	917.943202
144.508000	0.009252	915.583645
144.560000	0.009238	913.233695
144.612000	0.009224	910.889507
144.664000	0.009210	908.556452
144.716000	0.009196	906.228120
144.768000	0.009182	903.911744
144.820000	0.009169	901.598777
144.872000	0.009155	899.298913
144.924000	0.009141	897.001262
144.976000	0.009127	894.717418
145.028000	0.009114	892.435132
145.080000	0.009100	890.167261
145.132000	0.009086	887.901457
145.184000	0.009073	885.648996
145.236000	0.009059	883.399482
145.288000	0.009045	881.161358
145.340000	0.009032	878.927473
145.392000	0.009018	876.704792
145.444000	0.009005	874.487071
145.496000	0.008991	872.278765
145.548000	0.008978	870.076639
145.600000	0.008964	867.883210
145.652000	0.008951	865.697022
145.704000	0.008938	863.518529
145.756000	0.008924	861.347696
145.808000	0.008911	859.183045
145.860000	0.008898	857.027725
145.912000	0.008884	854.877984
145.964000	0.008871	852.738298
146.016000	0.008858	850.602908
146.068000	0.008845	848.478701
146.120000	0.008832	846.357694
146.172000	0.008819	844.248941
146.224000	0.008805	842.142267
146.276000	0.008792	840.048452
146.328000	0.008779	837.956131
146.380000	0.008766	835.876713
146.432000	0.008753	833.799278
146.484000	0.008740	831.733774
146.536000	0.008727	829.671306
146.588000	0.008714	827.620211
146.640000	0.008702	825.572872
146.692000	0.008689	823.535200
146.744000	0.008676	821.502378
146.796000	0.008663	819.478604
146.848000	0.008650	817.460645
146.900000	0.008637	815.450801
146.952000	0.008625	813.447479
147.004000	0.008612	811.451077
147.056000	0.008599	809.462092
147.108000	0.008587	807.479084
147.160000	0.008574	805.504423
147.212000	0.008561	803.534798
147.264000	0.008549	801.574542
147.316000	0.008536	799.618321
147.368000	0.008524	797.672486
147.420000	0.008511	795.729646
147.472000	0.008499	793.798206
147.524000	0.008486	791.868724
147.576000	0.008474	789.951194
147.628000	0.008461	788.035126
147.680000	0.008449	786.130942
147.732000	0.008436	784.228706
147.784000	0.008424	782.337441
147.836000	0.008412	780.449094
147.888000	0.008399	778.571271
147.940000	0.008387	776.696997
147.992000	0.008375	774.831632
148.044000	0.008363	772.970830
148.096000	0.008350	771.118425
148.148000	0.008338	769.271449
148.200000	0.008326	767.431982
148.252000	0.008314	765.598560
148.304000	0.008302	763.771545
148.356000	0.008290	761.951404
148.408000	0.008278	760.136847
148.460000	0.008266	758.330364
148.512000	0.008254	756.528775
148.564000	0.008242	754.735440
148.616000	0.008230	752.945736
148.668000	0.008218	751.165614
148.720000	0.008206	749.388296
148.772000	0.008194	747.621561
148.824000	0.008182	745.856692
148.876000	0.008170	744.103322
148.928000	0.008158	742.351396
148.980000	0.008146	740.610320
149.032000	0.008135	738.871152
149.084000	0.008123	737.142062
149.136000	0.008111	735.415769
149.188000	0.008099	733.699165
149.240000	0.008088	731.985896
149.292000	0.008076	730.280793
149.344000	0.008064	728.580137
149.396000	0.008053	726.887534
149.448000	0.008041	725.199755
149.500000	0.008030	723.518642
149.552000	0.008018	721.843365
149.604000	0.008006	720.174272
149.656000	0.007995	718.511479
149.708000	0.007983	716.853863
149.760000	0.007972	715.203694
149.812000	0.007961	713.558116
149.864000	0.007949	711.920055
149.916000	0.007938	710.285376
149.968000	0.007926	708.659936
150.020000	0.007915	707.037237
150.072000	0.007904	705.424234
150.124000	0.007892	703.812999
150.176000	0.007881	702.212325
150.228000	0.007870	700.613095
150.280000	0.007858	699.024243
150.332000	0.007847	697.437259
150.384000	0.007836	695.859419
150.436000	0.007825	694.284140
150.488000	0.007814	692.717316
150.540000	0.007802	691.153907
150.592000	0.007791	689.598685
150.644000	0.007780	688.047418
150.696000	0.007769	686.503227
150.748000	0.007758	684.963697
150.800000	0.007747	683.430576
150.852000	0.007736	681.902812
150.904000	0.007725	680.380768
150.956000	0.007714	678.864778
151.008000	0.007703	677.353820
151.060000	0.007692	675.849631
151.112000	0.007681	674.349707
151.164000	0.007670	672.856983
151.216000	0.007659	671.367561
151.268000	0.007648	669.886583
151.320000	0.007638	668.408195
151.372000	0.007627	666.938611
151.424000	0.007616	665.470713
151.476000	0.007605	664.012992
151.528000	0.007594	662.556686
151.580000	0.007584	661.109231
151.632000	0.007573	659.663736
151.684000	0.007562	658.227400
151.736000	0.007552	656.793496
151.788000	0.007541	655.367295
151.840000	0.007530	653.944283
151.892000	0.007520	652.528694
151.944000	0.007509	651.116950
151.996000	0.007499	649.712012
152.048000	0.007488	648.311560
152.100000	0.007477	646.917254
152.152000	0.007467	645.527546
152.204000	0.007456	644.142864
152.256000	0.007446	642.764286
152.308000	0.007436	641.390807
152.360000	0.007425	640.023100
152.412000	0.007415	638.659223
152.464000	0.007404	637.302584
152.516000	0.007394	635.949291
152.568000	0.007384	634.603206
152.620000	0.007373	633.259488
152.672000	0.007363	631.924670
152.724000	0.007353	630.591583
152.776000	0.007342	629.267165
152.828000	0.007332	627.944193
152.880000	0.007322	626.630115
152.932000	0.007312	625.317884
152.984000	0.007301	624.013508
153.036000	0.007291	622.711650
153.088000	0.007281	621.417478
153.140000	0.007271	620.126275
153.192000	0.007261	618.841823
153.244000	0.007251	617.561097
153.296000	0.007240	616.286899
153.348000	0.007230	615.016549
153.400000	0.007220	613.751542
153.452000	0.007210	612.491460
153.504000	0.007200	611.236728
153.556000	0.007190	609.986890
153.608000	0.007180	608.741400
153.660000	0.007170	607.502067
153.712000	0.007160	606.266795
153.764000	0.007150	605.037649
153.816000	0.007141	603.811543
153.868000	0.007131	602.592690
153.920000	0.007121	601.376255
153.972000	0.007111	600.167389
154.024000	0.007101	598.960169
154.076000	0.007091	597.761679
154.128000	0.007081	596.564641
154.180000	0.007072	595.375567
154.232000	0.007062	594.188369
154.284000	0.007052	593.008585
154.336000	0.007042	591.831300
154.388000	0.007033	590.661337
154.440000	0.007023	589.494121
154.492000	0.007013	588.333000
154.544000	0.007004	587.175478
154.596000	0.006994	586.024201
154.648000	0.006984	584.876599
154.700000	0.006975	583.734132
154.752000	0.006965	582.596094
154.804000	0.006956	581.463001
154.856000	0.006946	580.334843
154.908000	0.006937	579.211137
154.960000	0.006927	578.092563
155.012000	0.006918	576.977642
155.064000	0.006908	575.868901
155.116000	0.006899	574.763282
155.168000	0.006889	573.664108
155.220000	0.006880	572.567254
155.272000	0.006870	571.477544
155.324000	0.006861	570.389492
155.376000	0.006852	569.309789
155.428000	0.006842	568.231553
155.480000	0.006833	567.160290
155.532000	0.006823	566.091007
155.584000	0.006814	565.029212
155.636000	0.006805	563.969781
155.688000	0.006796	562.916916
155.740000	0.006786	561.866721
155.792000	0.006777	560.822303
155.844000	0.006768	559.781173
155.896000	0.006759	558.745738
155.948000	0.006749	557.714042
156.000000	0.006740	556.687578
156.052000	0.006731	555.665307
156.104000	0.006722	554.647826
156.156000	0.006713	553.634685
156.208000	0.006704	552.625708
156.260000	0.006695	551.621560
156.312000	0.006686	550.621022
156.364000	0.006677	549.626305
156.416000	0.006667	548.634673
156.468000	0.006658	547.649131
156.520000	0.006649	546.665921
156.572000	0.006640	545.689436
156.624000	0.006631	544.714634
156.676000	0.006623	543.747234
156.728000	0.006614	542.781387
156.780000	0.006605	541.822560
156.832000	0.006596	540.865672
156.884000	0.006587	539.915440
156.936000	0.006578	538.967553
156.988000	0.006569	538.025900
157.040000	0.006560	537.086845
157.092000	0.006551	536.153291
157.144000	0.006543	535.222896
157.196000	0.006534	534.297951
157.248000	0.006525	533.376578
157.300000	0.006516	532.460284
157.352000	0.006507	531.547675
157.404000	0.006499	530.639500
157.456000	0.006490	529.735703
157.508000	0.006481	528.836210
157.560000	0.006473	527.941212
157.612000	0.006464	527.049776
157.664000	0.006455	526.163432
157.716000	0.006447	525.280054
157.768000	0.006438	524.402375
157.820000	0.006429	523.527041
157.872000	0.006421	522.658537
157.924000	0.006412	521.791820
157.976000	0.006404	520.932040
158.028000	0.006395	520.073840
158.080000	0.006386	519.221780
158.132000	0.006378	518.371699
158.184000	0.006369	517.527875
158.236000	0.006361	516.686384
158.288000	0.006352	515.850836
158.340000	0.006344	515.017973
158.392000	0.006336	514.190691
158.444000	0.006327	513.366453
158.496000	0.006319	512.547480
158.548000	0.006310	511.731651
158.600000	0.006302	510.920455
158.652000	0.006294	510.112711
158.704000	0.006285	509.309308
158.756000	0.006277	508.510000
158.808000	0.006269	507.714960
158.860000	0.006260	506.924454
158.912000	0.006252	506.137654
158.964000	0.006244	505.355197
159.016000	0.006235	504.575600
159.068000	0.006227	503.801776
159.120000	0.006219	503.030415
159.172000	0.006211	502.265004
159.224000	0.006202	501.501431
159.276000	0.006194	500.744326
159.328000	0.006186	499.988942
159.380000	0.006178	499.239742
159.432000	0.006170	498.492563
159.484000	0.006162	497.751314
159.536000	0.006153	497.012386
159.588000	0.006145	496.279076
159.640000	0.006137	495.548391
159.692000	0.006129	494.823068
159.744000	0.006121	494.100457
159.796000	0.006113	493.382588
159.848000	0.006105	492.667940
159.900000	0.006097	491.958095
159.952000	0.006089	491.251742
160.004000	0.006081	490.549886
160.056000	0.006073	489.851521
160.108000	0.006065	489.157232
160.160000	0.006057	488.467137
160.212000	0.006049	487.780741
160.264000	0.006041	487.098749
160.316000	0.006033	486.419768
160.368000	0.006025	485.745765
160.420000	0.006017	485.074213
160.472000	0.006010	484.408686
160.524000	0.006002	483.745124
160.576000	0.005994	483.087058
160.628000	0.005986	482.430863
160.680000	0.005978	481.780936
160.732000	0.005970	481.133080
160.784000	0.005963	480.490816
160.836000	0.005955	479.850869
160.888000	0.005947	479.216288
160.940000	0.005939	478.584257
160.992000	0.005932	477.957322
161.044000	0.005924	477.333191
161.096000	0.005916	476.713980
161.148000	0.005908	476.097564
161.200000	0.005901	475.485575
161.252000	0.005893	474.877129
161.304000	0.005885	474.273373
161.356000	0.005878	473.672801
161.408000	0.005870	473.076309
161.460000	0.005862	472.483717
161.512000	0.005855	471.894877
161.564000	0.005847	471.310059
161.616000	0.005840	470.728288
161.668000	0.005832	470.151578
161.720000	0.005825	469.577473
161.772000	0.005817	469.008536
161.824000	0.005810	468.441665
161.876000	0.005802	467.880860
161.928000	0.005794	467.321994
161.980000	0.005787	466.768563
162.032000	0.005780	466.217262
162.084000	0.005772	465.671233
162.136000	0.005765	465.127514
162.188000	0.005757	464.588852
162.240000	0.005750	464.052859
162.292000	0.005742	463.522163
162.344000	0.005735	462.994145
162.396000	0.005728	462.470889
162.448000	0.005720	461.950248
162.500000	0.005713	461.433959
162.552000	0.005705	460.920990
162.604000	0.005698	460.412710
162.656000	0.005691	459.907631
162.708000	0.005684	459.406860
162.760000	0.005676	458.909644
162.812000	0.005669	458.416222
162.864000	0.005662	457.926514
162.916000	0.005654	457.439950
162.968000	0.005647	456.958066
163.020000	0.005640	456.478876
163.072000	0.005633	456.004942
163.124000	0.005625	455.533232
163.176000	0.005618	455.067212
163.228000	0.005611	454.603259
163.280000	0.005604	454.144355
163.332000	0.005597	453.687730
163.384000	0.005590	453.236484
163.436000	0.005582	452.787553
163.488000	0.005575	452.343466
163.540000	0.005568	451.901989
163.592000	0.005561	451.465609
163.644000	0.005554	451.031796
163.696000	0.005547	450.602653
163.748000	0.005540	450.176186
163.800000	0.005533	449.754277
163.852000	0.005526	449.335462
163.904000	0.005519	448.921363
163.956000	0.005512	448.510151
164.008000	0.005505	448.103311
164.060000	0.005498	447.699710
164.112000	0.005491	447.299993
164.164000	0.005484	446.904044
164.216000	0.005477	446.511438
164.268000	0.005470	446.123609
164.320000	0.005463	445.738660
164.372000	0.005456	445.358121
164.424000	0.005449	444.979940
164.476000	0.005442	444.607526
164.528000	0.005435	444.237307
164.580000	0.005428	443.871793
164.632000	0.005422	443.508632
164.684000	0.005415	443.150566
164.736000	0.005408	442.794956
164.788000	0.005401	442.444364
164.840000	0.005394	442.096335
164.892000	0.005387	441.753272
164.944000	0.005381	441.412865
164.996000	0.005374	441.077330
165.048000	0.005367	440.744292
165.100000	0.005360	440.415790
165.152000	0.005354	440.090129
165.204000	0.005347	439.769211
165.256000	0.005340	439.451227
165.308000	0.005333	439.137913
165.360000	0.005327	438.827511
165.412000	0.005320	438.521096
165.464000	0.005313	438.218526
165.516000	0.005307	437.919528
165.568000	0.005300	437.624499
165.620000	0.005293	437.332421
165.672000	0.005287	437.044854
165.724000	0.005280	436.759831
165.776000	0.005273	436.480181
165.828000	0.005267	436.202972
165.880000	0.005260	435.931108
165.932000	0.005254	435.661579
165.984000	0.005247	435.396428
166.036000	0.005241	435.133886
166.088000	0.005234	434.876579
166.140000	0.005227	434.621779
166.192000	0.005221	434.371792
166.244000	0.005214	434.124347
166.296000	0.005208	433.881711
166.348000	0.005201	433.641656
166.400000	0.005195	433.406428
166.452000	0.005188	433.174082
166.504000	0.005182	432.946758
166.556000	0.005176	432.721753
166.608000	0.005169	432.501352
166.660000	0.005163	432.283887
166.712000	0.005156	432.070658
166.764000	0.005150	431.861376
166.816000	0.005143	431.655921
166.868000	0.005137	431.454084
166.920000	0.005131	431.255358
166.972000	0.005124	431.061298
167.024000	0.005118	430.869973
167.076000	0.005112	430.683109
167.128000	0.005105	430.498891
167.180000	0.005099	430.320145
167.232000	0.005093	430.143913
167.284000	0.005086	429.972299
167.336000	0.005080	429.803310
167.388000	0.005074	429.639353
167.440000	0.005067	429.478027
167.492000	0.005061	429.321731
167.544000	0.005055	429.167869
167.596000	0.005049	429.018797
167.648000	0.005042	428.872373
167.700000	0.005036	428.731052
167.752000	0.005030	428.592079
167.804000	0.005024	428.458017
167.856000	0.005018	428.326652
167.908000	0.005011	428.200392
167.960000	0.005005	428.076749
168.012000	0.004999	427.957485
168.064000	0.004993	427.841822
168.116000	0.004987	427.730134
168.168000	0.004981	427.622197
168.220000	0.004975	427.517617
168.272000	0.004968	427.417323
168.324000	0.004962	427.319977
168.376000	0.004956	427.227740
168.428000	0.004950	427.138249
168.480000	0.004944	427.053494
168.532000	0.004938	426.971437
168.584000	0.004932	426.894171
168.636000	0.004926	426.819551
168.688000	0.004920	426.749806
168.740000	0.004914	426.682830
168.792000	0.004908	426.621159
168.844000	0.004902	426.561799
168.896000	0.004896	426.507191
168.948000	0.004890	426.455309
169.000000	0.004884	426.408841
169.052000	0.004878	426.364482
169.104000	0.004872	426.325170
169.156000	0.004866	426.288570
169.208000	0.004860	426.257376
169.260000	0.004854	426.228495
169.312000	0.004848	426.204167
169.364000	0.004842	426.183551
169.416000	0.004837	426.167193
169.468000	0.004831	426.154202
169.520000	0.004825	426.144740
169.572000	0.004819	426.140217
169.624000	0.004813	426.138855
169.676000	0.004807	426.141796
169.728000	0.004801	426.147646
169.780000	0.004796	426.157922
169.832000	0.004790	426.171186
169.884000	0.004784	426.189845
169.936000	0.004778	426.211174
169.988000	0.004772	426.237257
170.040000	0.004767	426.266064
170.092000	0.004761	426.300101
170.144000	0.004755	426.336763
170.196000	0.004749	426.378759
170.248000	0.004744	426.423042
170.300000	0.004738	426.472562
170.352000	0.004732	426.524525
170.404000	0.004726	426.582097
170.456000	0.004721	426.641754
170.508000	0.004715	426.706804
170.560000	0.004709	426.774599
170.612000	0.004704	426.847386
170.664000	0.004698	426.923133
170.716000	0.004692	427.003217
170.768000	0.004687	427.087276
170.820000	0.004681	427.175182
170.872000	0.004675	427.267172
170.924000	0.004670	427.362540
170.976000	0.004664	427.462845
171.028000	0.004658	427.566272
171.080000	0.004653	427.674286
171.132000	0.004647	427.785275
171.184000	0.004642	427.901085
171.236000	0.004636	428.019718
171.288000	0.004631	428.143328
171.340000	0.004625	428.269791
171.392000	0.004619	428.401757
171.444000	0.004614	428.536227
171.496000	0.004608	428.676031
171.548000	0.004603	428.818195
171.600000	0.004597	428.965926
171.652000	0.004592	429.116144
171.704000	0.004586	429.272330
171.756000	0.004581	429.430294
171.808000	0.004575	429.593808
171.860000	0.004570	429.760137
171.912000	0.004564	429.931758
171.964000	0.004559	430.106011
172.016000	0.004554	430.284778
172.068000	0.004548	430.467647
172.120000	0.004543	430.654605
172.172000	0.004537	430.845778
172.224000	0.004532	431.040503
172.276000	0.004527	431.239352
172.328000	0.004521	431.441598
172.380000	0.004516	431.649076
172.432000	0.004510	431.859604
172.484000	0.004505	432.074749
172.536000	0.004500	432.293009
172.588000	0.004494	432.516842
172.640000	0.004489	432.743280
172.692000	0.004484	432.974814
172.744000	0.004478	433.208961
172.796000	0.004473	433.448777
172.848000	0.004468	433.690997
172.900000	0.004462	433.939072
172.952000	0.004457	434.189365
173.004000	0.004452	434.445757
173.056000	0.004447	434.703963
173.108000	0.004441	434.968034
173.160000	0.004436	435.234620
173.212000	0.004431	435.506657
173.264000	0.004426	435.781828
173.316000	0.004420	436.061856
173.368000	0.004415	436.345641
173.420000	0.004410	436.633686
173.472000	0.004405	436.925606
173.524000	0.004400	437.221276
173.576000	0.004394	437.521199
173.628000	0.004389	437.824709
173.680000	0.004384	438.133627
173.732000	0.004379	438.445754
173.784000	0.004374	438.762703
173.836000	0.004369	439.082609
173.888000	0.004363	439.407561
173.940000	0.004358	439.735419
173.992000	0.004353	440.068980
174.044000	0.004348	440.404990
174.096000	0.004343	440.746609
174.148000	0.004338	441.090697
174.200000	0.004333	441.440952
174.252000	0.004328	441.793454
174.304000	0.004323	442.152371
174.356000	0.004317	442.512785
174.408000	0.004312	442.879168
174.460000	0.004307	443.248132
174.512000	0.004302	443.622792
174.564000	0.004297	444.000676
174.616000	0.004292	444.383635
174.668000	0.004287	444.769523
174.720000	0.004282	445.159756
174.772000	0.004277	445.554486
174.824000	0.004272	445.953177
174.876000	0.004267	446.356777
174.928000	0.004262	446.763919
174.980000	0.004257	447.175262
175.032000	0.004252	447.590055
175.084000	0.004247	448.010233
175.136000	0.004242	448.433483
175.188000	0.004237	448.862023
175.240000	0.004233	449.293344
175.292000	0.004228	449.730184
175.344000	0.004223	450.169549
175.396000	0.004218	450.614792
175.448000	0.004213	451.062543
175.500000	0.004208	451.516705
175.552000	0.004203	451.972510
175.604000	0.004198	452.434564
175.656000	0.004193	452.898833
175.708000	0.004188	453.369609
175.760000	0.004184	453.842635
175.812000	0.004179	454.321409
175.864000	0.004174	454.802620
175.916000	0.004169	455.288884
175.968000	0.004164	455.779114
176.020000	0.004159	456.273927
176.072000	0.004155	456.772858
176.124000	0.004150	457.275805
176.176000	0.004145	457.782755
176.228000	0.004140	458.293497
176.280000	0.004135	458.809463
176.332000	0.004131	459.328747
176.384000	0.004126	459.852741
176.436000	0.004121	460.380024
176.488000	0.004116	460.913071
176.540000	0.004112	461.448771
176.592000	0.004107	461.989849
176.644000	0.004102	462.533476
176.696000	0.004097	463.083114
176.748000	0.004093	463.635006
176.800000	0.004088	464.193218
176.852000	0.004083	464.753387
176.904000	0.004079	465.320183
176.956000	0.004074	465.888518
177.008000	0.004069	466.463140
177.060000	0.004065	467.040455
177.112000	0.004060	467.623735
177.164000	0.004055	468.209505
177.216000	0.004051	468.800398
177.268000	0.004046	469.394371
177.320000	0.004041	469.992884
177.372000	0.004037	470.596097
177.424000	0.004032	471.203377
177.476000	0.004027	471.814716
177.528000	0.004023	472.429816
177.580000	0.004018	473.049771
177.632000	0.004014	473.673070
177.684000	0.004009	474.301121
177.736000	0.004004	474.932326
177.788000	0.004000	475.568990
177.840000	0.003995	476.208506
177.892000	0.003991	476.853788
177.944000	0.003986	477.501383
177.996000	0.003982	478.154751
178.048000	0.003977	478.810091
178.100000	0.003973	479.471549
178.152000	0.003968	480.135264
178.204000	0.003963	480.805847
178.256000	0.003959	481.477620
178.308000	0.003954	482.155491
178.360000	0.003950	482.836089
178.412000	0.003945	483.522610
178.464000	0.003941	484.211212
178.516000	0.003936	484.904805
178.568000	0.003932	485.602457
178.620000	0.003928	486.304684
178.672000	0.003923	487.010078
178.724000	0.003919	487.719501
178.776000	0.003914	488.433462
178.828000	0.003910	489.151133
178.880000	0.003905	489.873639
178.932000	0.003901	490.599318
178.984000	0.003896	491.329307
179.036000	0.003892	492.062555
179.088000	0.003888	492.801577
179.140000	0.003883	493.543006
179.192000	0.003879	494.289476
179.244000	0.003874	495.038449
179.296000	0.003870	495.793394
179.348000	0.003866	496.550266
179.400000	0.003861	497.313139
179.452000	0.003857	498.077604
179.504000	0.003853	498.848385
179.556000	0.003848	499.621065
179.608000	0.003844	500.399971
179.660000	0.003840	501.180816
179.712000	0.003835	501.967128
179.764000	0.003831	502.755948
179.816000	0.003827	503.549644
179.868000	0.003822	504.346409
179.920000	0.003818	505.147461
179.972000	0.003814	505.952662
180.024000	0.003809	506.761644
180.076000	0.003805	507.574095
180.128000	0.003801	508.390092
180.180000	0.003797	509.210793
180.232000	0.003792	510.034627
180.284000	0.003788	510.863021
180.336000	0.003784	511.694219
180.388000	0.003780	512.530266
180.440000	0.003775	513.368793
180.492000	0.003771	514.212456
180.544000	0.003767	515.058518
180.596000	0.003763	515.910274
180.648000	0.003759	516.763596
180.700000	0.003754	517.622363
180.752000	0.003750	518.482664
180.804000	0.003746	519.348913
180.856000	0.003742	520.217038
180.908000	0.003738	521.090967
180.960000	0.003733	521.966407
181.012000	0.003729	522.846787
181.064000	0.003725	523.730050
181.116000	0.003721	524.617883
181.168000	0.003717	525.508198
181.220000	0.003713	526.402391
181.272000	0.003708	527.300066
181.324000	0.003704	528.201258
181.376000	0.003700	529.106676
181.428000	0.003696	530.015176
181.480000	0.003692	530.927238
181.532000	0.003688	531.842156
181.584000	0.003684	532.761320
181.636000	0.003680	533.683044
181.688000	0.003676	534.609245
181.740000	0.003672	535.537719
181.792000	0.003667	536.470899
181.844000	0.003663	537.406070
181.896000	0.003659	538.346159
181.948000	0.003655	539.287685
182.000000	0.003651	540.234091
182.052000	0.003647	541.182276
182.104000	0.003643	542.135976
182.156000	0.003639	543.090781
182.208000	0.003635	544.050387
182.260000	0.003631	545.011840
182.312000	0.003627	545.977708
182.364000	0.003623	546.945895
182.416000	0.003619	547.917963
182.468000	0.003615	548.892804
182.520000	0.003611	549.871001
182.572000	0.003607	550.851892
182.624000	0.003603	551.835748
182.676000	0.003599	552.823008
182.728000	0.003595	553.812968
182.780000	0.003591	554.806514
182.832000	0.003587	555.802507
182.884000	0.003583	556.802251
182.936000	0.003579	557.804036
182.988000	0.003575	558.809364
183.040000	0.003571	559.816664
183.092000	0.003567	560.828009
183.144000	0.003564	561.840863
183.196000	0.003560	562.857607
183.248000	0.003556	563.876183
183.300000	0.003552	564.899276
183.352000	0.003548	565.923395
183.404000	0.003544	566.951690
183.456000	0.003540	567.981017
183.508000	0.003536	569.014188
183.560000	0.003532	570.049092
183.612000	0.003528	571.087508
183.664000	0.003525	572.128042
183.716000	0.003521	573.171609
183.768000	0.003517	574.217180
183.820000	0.003513	575.265297
183.872000	0.003509	576.316233
183.924000	0.003505	577.369433
183.976000	0.003502	578.425552
184.028000	0.003498	579.483572
184.080000	0.003494	580.543712
184.132000	0.003490	581.605869
184.184000	0.003486	582.671486
184.236000	0.003482	583.738665
184.288000	0.003479	584.808594
184.340000	0.003475	585.879895
184.392000	0.003471	586.954010
184.444000	0.003467	588.029573
184.496000	0.003464	589.108283
184.548000	0.003460	590.188321
184.600000	0.003456	591.271493
184.652000	0.003452	592.355567
184.704000	0.003448	593.442555
184.756000	0.003445	594.530479
184.808000	0.003441	595.620998
184.860000	0.003437	596.713081
184.912000	0.003433	597.807504
184.964000	0.003430	598.903318
185.016000	0.003426	600.001007
185.068000	0.003422	601.100792
185.120000	0.003419	602.202163
185.172000	0.003415	603.305319
185.224000	0.003411	604.409802
185.276000	0.003408	605.516084
185.328000	0.003404	606.623641
185.380000	0.003400	607.733432
185.432000	0.003396	608.844290
185.484000	0.003393	609.956921
185.536000	0.003389	611.070521
185.588000	0.003385	612.185850
185.640000	0.003382	613.302274
185.692000	0.003378	614.420674
185.744000	0.003374	615.539899
185.796000	0.003371	616.660697
185.848000	0.003367	617.782278
185.900000	0.003364	618.905323
185.952000	0.003360	620.029457
186.004000	0.003356	621.155118
186.056000	0.003353	622.281593
186.108000	0.003349	623.409136
186.160000	0.003345	624.537611
186.212000	0.003342	625.666895
186.264000	0.003338	626.797209
186.316000	0.003335	627.928090
186.368000	0.003331	629.060578
186.420000	0.003328	630.193460
186.472000	0.003324	631.327482
186.524000	0.003320	632.461762
186.576000	0.003317	633.597058
186.628000	0.003313	634.732595
186.680000	0.003310	635.869003
186.732000	0.003306	637.005657
186.784000	0.003303	638.143004
186.836000	0.003299	639.280796
186.888000	0.003296	640.419441
186.940000	0.003292	641.558410
186.992000	0.003288	642.697655
187.044000	0.003285	643.837296
187.096000	0.003281	644.976972
187.148000	0.003278	646.117138
187.200000	0.003274	647.257070
187.252000	0.003271	648.397611
187.304000	0.003267	649.537624
187.356000	0.003264	650.678681
187.408000	0.003260	651.819201
187.460000	0.003257	652.959958
187.512000	0.003254	654.099786
187.564000	0.003250	655.240670
187.616000	0.003247	656.380701
187.668000	0.003243	657.520767
187.720000	0.003240	658.659825
187.772000	0.003236	659.799787
187.824000	0.003233	660.938802
187.876000	0.003229	662.077925
187.928000	0.003226	663.216227
187.980000	0.003222	664.354325
188.032000	0.003219	665.491752
188.084000	0.003216	666.628642
188.136000	0.003212	667.764865
188.188000	0.003209	668.899838
188.240000	0.003205	670.034728
188.292000	0.003202	671.168641
188.344000	0.003199	672.302485
188.396000	0.003195	673.434629
188.448000	0.003192	674.566955
188.500000	0.003188	675.697142
188.552000	0.003185	676.827784
188.604000	0.003182	677.955822
188.656000	0.003178	679.084374
188.708000	0.003175	680.210319
188.760000	0.003172	681.336591
188.812000	0.003168	682.460277
188.864000	0.003165	683.584076
188.916000	0.003162	684.705335
188.968000	0.003158	685.826468
189.020000	0.003155	686.945146
189.072000	0.003152	688.062875
189.124000	0.003148	689.178419
189.176000	0.003145	690.293541
189.228000	0.003142	691.406711
189.280000	0.003138	692.518508
189.332000	0.003135	693.628531
189.384000	0.003132	694.736286
189.436000	0.003128	695.842741
189.488000	0.003125	696.946782
189.540000	0.003122	698.050101
189.592000	0.003118	699.150756
189.644000	0.003115	700.250611
189.696000	0.003112	701.346643
189.748000	0.003109	702.442544
189.800000	0.003105	703.534277
189.852000	0.003102	704.626304
189.904000	0.003099	705.713567
189.956000	0.003096	706.800781
190.008000	0.003092	707.883246
190.060000	0.003089	708.966097
190.112000	0.003086	710.044641
190.164000	0.003083	711.122314
190.216000	0.003079	712.195722
190.268000	0.003076	713.268310
190.320000	0.003073	714.336969
190.372000	0.003070	715.404314
190.424000	0.003067	716.468106
190.476000	0.003063	717.529958
190.528000	0.003060	718.588711
190.580000	0.003057	719.644879
190.632000	0.003054	720.698295
190.684000	0.003051	721.748059
190.736000	0.003047	722.795717
190.788000	0.003044	723.839409
190.840000	0.003041	724.881528
190.892000	0.003038	725.918954
190.944000	0.003035	726.955369
190.996000	0.003032	727.986340
191.048000	0.003028	729.016587
191.100000	0.003025	730.040382
191.152000	0.003022	731.064307
191.204000	0.003019	732.081325
191.256000	0.003016	733.098467
191.308000	0.003013	734.109037
191.360000	0.003010	735.119205
191.412000	0.003006	736.123163
191.464000	0.003003	737.125710
191.516000	0.003000	738.122369
191.568000	0.002997	739.117502
191.620000	0.002994	740.107240
191.672000	0.002991	741.094281
191.724000	0.002988	742.076554
191.776000	0.002985	743.056311
191.828000	0.002982	744.031751
191.880000	0.002978	745.002890
191.932000	0.002975	745.970455
191.984000	0.002972	746.933317
192.036000	0.002969	747.893256
192.088000	0.002966	748.847602
192.140000	0.002963	749.799715
192.192000	0.002960	750.745367
192.244000	0.002957	751.689448
192.296000	0.002954	752.626117
192.348000	0.002951	753.562037
192.400000	0.002948	754.489703
192.452000	0.002945	755.417169
192.504000	0.002942	756.335614
192.556000	0.002939	757.253819
192.608000	0.002936	758.163544
192.660000	0.002933	759.072372
192.712000	0.002930	759.973278
192.764000	0.002927	760.872477
192.816000	0.002924	761.764309
192.868000	0.002921	762.653736
192.920000	0.002918	763.536429
192.972000	0.002915	764.415888
193.024000	0.002912	765.289327
193.076000	0.002909	766.158612
193.128000	0.002906	767.022651
193.180000	0.002903	767.881595
193.232000	0.002900	768.736063
193.284000	0.002897	769.584397
193.336000	0.002894	770.429120
193.388000	0.002891	771.266834
193.440000	0.002888	772.101741
193.492000	0.002885	772.928570
193.544000	0.002882	773.753451
193.596000	0.002879	774.569229
193.648000	0.002876	775.383946
193.700000	0.002873	776.188518
193.752000	0.002870	776.992747
193.804000	0.002867	777.786143
193.856000	0.002864	778.579086
193.908000	0.002861	779.361899
193.960000	0.002858	780.143336
194.012000	0.002855	780.915331
194.064000	0.002852	781.685128
194.116000	0.002850	782.446227
194.168000	0.002847	783.204294
194.220000	0.002844	783.954449
194.272000	0.002841	784.700503
194.324000	0.002838	785.439506
194.376000	0.002835	786.173372
194.428000	0.002832	786.901121
194.480000	0.002829	787.622755
194.532000	0.002826	788.339174
194.584000	0.002824	789.048279
194.636000	0.002821	789.753175
194.688000	0.002818	790.449767
194.740000	0.002815	791.143065
194.792000	0.002812	791.826854
194.844000	0.002809	792.508389
194.896000	0.002806	793.179334
194.948000	0.002804	793.849015
195.000000	0.002801	794.506937
195.052000	0.002798	795.164393
195.104000	0.002795	795.809480
195.156000	0.002792	796.453800
195.208000	0.002789	797.086558
195.260000	0.002786	797.717620
195.312000	0.002784	798.337993
195.364000	0.002781	798.955732
195.416000	0.002778	799.563663
195.468000	0.002775	800.167864
195.520000	0.002772	800.763177
195.572000	0.002770	801.353728
195.624000	0.002767	801.936393
195.676000	0.002764	802.513155
195.728000	0.002761	803.083073
195.780000	0.002758	803.645926
195.832000	0.002756	804.202981
195.884000	0.002753	804.751757
195.936000	0.002750	805.295809
195.988000	0.002747	805.830401
196.040000	0.002745	806.361378
196.092000	0.002742	806.881725
196.144000	0.002739	807.399565
196.196000	0.002736	807.905560
196.248000	0.002734	808.410141
196.300000	0.002731	808.901631
196.352000	0.002728	809.392484
196.404000	0.002725	809.869716
196.456000	0.002723	810.346001
196.508000	0.002720	810.809633
196.560000	0.002717	811.271290
196.612000	0.002714	811.721284
196.664000	0.002712	812.168139
196.716000	0.002709	812.604313
196.768000	0.002706	813.036306
196.820000	0.002703	813.458670
196.872000	0.002701	813.875728
196.924000	0.002698	814.284257
196.976000	0.002695	814.686173
197.028000	0.002693	815.080708
197.080000	0.002690	815.467444
197.132000	0.002687	815.847955
197.184000	0.002685	816.219426
197.236000	0.002682	816.585843
197.288000	0.002679	816.941971
197.340000	0.002677	817.294202
197.392000	0.002674	817.634853
197.444000	0.002671	817.972793
197.496000	0.002668	818.297888
197.548000	0.002666	818.621503
197.600000	0.002663	818.931026
197.652000	0.002661	819.239842
197.704000	0.002658	819.534162
197.756000	0.002655	819.827337
197.808000	0.002653	820.107065
197.860000	0.002650	820.384512
197.912000	0.002647	820.649594
197.964000	0.002645	820.911252
198.016000	0.002642	821.161635
198.068000	0.002639	821.407487
198.120000	0.002637	821.643198
198.172000	0.002634	821.873104
198.224000	0.002632	822.094054
198.276000	0.002629	822.307886
198.328000	0.002626	822.513996
198.380000	0.002624	822.711802
198.432000	0.002621	822.903101
198.484000	0.002618	823.084776
198.536000	0.002616	823.261178
198.588000	0.002613	823.426668
198.640000	0.002611	823.588105
198.692000	0.002608	823.737317
198.744000	0.002606	823.883747
198.796000	0.002603	824.016684
198.848000	0.002600	824.148094
198.900000	0.002598	824.264715
198.952000	0.002595	824.380511
199.004000	0.002593	824.481247
199.056000	0.002590	824.580713
199.108000	0.002588	824.666276
199.160000	0.002585	824.749393
199.212000	0.002582	824.819755
199.264000	0.002580	824.886439
199.316000	0.002577	824.941515
199.368000	0.002575	824.991780
199.420000	0.002572	825.031633
199.472000	0.002570	825.065310
199.524000	0.002567	825.089837
199.576000	0.002565	825.107049
199.628000	0.002562	825.116349
199.680000	0.002560	825.116909
199.732000	0.002557	825.110836
199.784000	0.002555	825.094778
199.836000	0.002552	825.073377
199.888000	0.002550	825.040734
199.940000	0.002547	825.004004
199.992000	0.002545	824.954707
200.044000	0.002542	824.902601
200.096000	0.002540	824.836636
200.148000	0.002537	824.769112
200.200000	0.002535	824.686415
200.252000	0.002532	824.602909
200.304000	0.002530	824.504173
200.356000	0.002527	824.404039
200.408000	0.002525	824.289848
200.460000	0.002522	824.173022
200.512000	0.002520	824.043322
200.564000	0.002517	823.909835
200.616000	0.002515	823.764676
200.668000	0.002512	823.614534
200.720000	0.002510	823.453947
200.772000	0.002507	823.287066
200.824000	0.002505	823.111020
200.876000	0.002502	822.927450
200.928000	0.002500	822.735999
200.980000	0.002498	822.535745
201.032000	0.002495	822.328882
201.084000	0.002493	822.111899
201.136000	0.002490	821.889610
201.188000	0.002488	821.655965
201.240000	0.002485	821.418277
201.292000	0.002483	821.167933
201.344000	0.002481	820.914826
201.396000	0.002478	820.647801
201.448000	0.002476	820.379289
201.500000	0.002473	820.095600
201.552000	0.002471	819.811074
201.604000	0.002468	819.511457
201.656000	0.002466	819.210354
201.708000	0.002464	818.895355
201.760000	0.002461	818.577683
201.812000	0.002459	818.247320
201.864000	0.002457	817.913152
201.916000	0.002454	817.567504
201.968000	0.002452	817.216782
202.020000	0.002449	816.855812
202.072000	0.002447	816.488574
202.124000	0.002445	816.112362
202.176000	0.002442	815.728646
202.228000	0.002440	815.337246
202.280000	0.002438	814.937136
202.332000	0.002435	814.530574
202.384000	0.002433	814.113955
202.436000	0.002430	813.692205
202.488000	0.002428	813.259280
202.540000	0.002426	812.822470
202.592000	0.002423	812.373233
202.644000	0.002421	811.921341
202.696000	0.002419	811.455786
202.748000	0.002416	810.988858
202.800000	0.002414	810.507092
202.852000	0.002412	810.024453
202.904000	0.002409	809.527182
202.956000	0.002407	809.028415
203.008000	0.002405	808.516230
203.060000	0.002402	808.001410
203.112000	0.002400	807.474366
203.164000	0.002398	806.943506
203.216000	0.002395	806.401603
203.268000	0.002393	805.854806
203.320000	0.002391	805.298183
203.372000	0.002389	804.735428
203.424000	0.002386	804.164092
203.476000	0.002384	803.585446
203.528000	0.002382	802.999461
203.580000	0.002379	802.404990
203.632000	0.002377	801.804430
203.684000	0.002375	801.194262
203.736000	0.002373	800.579214
203.788000	0.002370	799.953368
203.840000	0.002368	799.323859
203.892000	0.002366	798.682415
203.944000	0.002363	798.038513
203.996000	0.002361	797.381546
204.048000	0.002359	796.723353
204.100000	0.002357	796.051006
204.152000	0.002354	795.377814
204.204000	0.002352	794.690792
204.256000	0.002350	794.002279
204.308000	0.002348	793.301121
204.360000	0.002345	792.597437
204.412000	0.002343	791.882269
204.464000	0.002341	791.163423
204.516000	0.002339	790.434223
204.568000	0.002336	789.700341
204.620000	0.002334	788.957277
204.672000	0.002332	788.208423
204.724000	0.002330	787.451572
204.776000	0.002328	786.687791
204.828000	0.002325	785.917215
204.880000	0.002323	785.138714
204.932000	0.002321	784.354561
204.984000	0.002319	783.561335
205.036000	0.002316	782.763611
205.088000	0.002314	781.955767
205.140000	0.002312	781.144613
205.192000	0.002310	780.322366
205.244000	0.002308	779.497886
205.296000	0.002305	778.661238
205.348000	0.002303	777.823469
205.400000	0.002301	776.972531
205.452000	0.002299	776.120877
205.504000	0.002297	775.256556
205.556000	0.002295	774.390795
205.608000	0.002292	773.513450
205.660000	0.002290	772.633729
205.712000	0.002288	771.743522
205.764000	0.002286	770.849922
205.816000	0.002284	769.946901
205.868000	0.002281	769.039593
205.920000	0.002279	768.123951
205.972000	0.002277	767.202922
206.024000	0.002275	766.274678
206.076000	0.002273	765.340162
206.128000	0.002271	764.399515
206.180000	0.002269	763.451584
206.232000	0.002266	762.498614
206.284000	0.002264	761.537454
206.336000	0.002262	760.572280
206.388000	0.002260	759.597925
206.440000	0.002258	758.620640
206.492000	0.002256	757.633328
206.544000	0.002254	756.644057
206.596000	0.002251	755.643822
206.648000	0.002249	754.642695
206.700000	0.002247	753.629783
206.752000	0.002245	752.616231
206.804000	0.002243	751.591435
206.856000	0.002241	750.565309
206.908000	0.002239	749.528935
206.960000	0.002237	748.490453
207.012000	0.002235	747.442734
207.064000	0.002232	746.391971
207.116000	0.002230	745.332934
207.168000	0.002228	744.270074
207.220000	0.002226	743.199932
207.272000	0.002224	742.125101
207.324000	0.002222	741.043987
207.376000	0.002220	739.957342
207.428000	0.002218	738.865380
207.480000	0.002216	737.767019
207.532000	0.002214	736.664329
207.584000	0.002212	735.554516
207.636000	0.002209	734.441258
207.688000	0.002207	733.319999
207.740000	0.002205	732.196277
207.792000	0.002203	731.063885
207.844000	0.002201	729.929876
207.896000	0.002199	728.786413
207.948000	0.002197	727.642204
208.000000	0.002195	726.487835
208.052000	0.002193	725.332966
208.104000	0.002191	724.168555
208.156000	0.002189	723.003054
208.208000	0.002187	721.828899
208.260000	0.002185	720.652890
208.312000	0.002183	719.469088
208.364000	0.002181	718.282731
208.416000	0.002179	717.089435
208.468000	0.002177	715.892951
208.520000	0.002175	714.690388
208.572000	0.002173	713.483873
208.624000	0.002171	712.272142
208.676000	0.002169	711.055770
208.728000	0.002167	709.835021
208.780000	0.002164	708.608973
208.832000	0.002162	707.379381
208.884000	0.002160	706.143882
208.936000	0.002158	704.905618
208.988000	0.002156	703.660800
209.040000	0.002154	702.414011
209.092000	0.002152	701.160103
209.144000	0.002150	699.904917
209.196000	0.002148	698.641998
209.248000	0.002146	697.378553
209.300000	0.002144	696.106859
209.352000	0.002142	694.834821
209.404000	0.002140	693.555143
209.456000	0.002138	692.274540
209.508000	0.002137	690.987021
209.560000	0.002135	689.698103
209.612000	0.002133	688.403016
209.664000	0.002131	687.105890
209.716000	0.002129	685.803292
209.768000	0.002127	684.498233
209.820000	0.002125	683.188412
209.872000	0.002123	681.875485
209.924000	0.002121	680.558511
209.976000	0.002119	679.237955
210.028000	0.002117	677.914037
210.080000	0.002115	676.586043
210.132000	0.002113	675.255350
210.184000	0.002111	673.920113
210.236000	0.002109	672.582811
210.288000	0.002107	671.240515
210.340000	0.002105	669.896741
210.392000	0.002103	668.547533
210.444000	0.002101	667.197455
210.496000	0.002099	665.841575
210.548000	0.002097	664.485385
210.600000	0.002095	663.123030
210.652000	0.002093	661.760424
210.704000	0.002092	660.392172
210.756000	0.002090	659.023323
210.808000	0.002088	657.649435
210.860000	0.002086	656.274551
210.912000	0.002084	654.895193
210.964000	0.002082	653.514421
211.016000	0.002080	652.129719
211.068000	0.002078	650.743291
211.120000	0.002076	649.353479
211.172000	0.002074	647.961524
211.224000	0.002072	646.566735
211.276000	0.002071	645.169491
211.328000	0.002069	643.769920
211.380000	0.002067	642.367539
211.432000	0.002065	640.963319
211.484000	0.002063	639.555990
211.536000	0.002061	638.147306
211.588000	0.002059	636.735278
211.640000	0.002057	635.322338
211.692000	0.002055	633.905805
211.744000	0.002053	632.488717
211.796000	0.002052	631.067767
211.848000	0.002050	629.646708
211.900000	0.002048	628.221640
211.952000	0.002046	626.796494
212.004000	0.002044	625.367752
212.056000	0.002042	623.938723
212.108000	0.002040	622.506532
212.160000	0.002039	621.073734
212.212000	0.002037	619.638157
212.264000	0.002035	618.201863
212.316000	0.002033	616.763180
212.368000	0.002031	615.323536
212.420000	0.002029	613.881877
212.472000	0.002027	612.439052
212.524000	0.002026	610.994591
212.576000	0.002024	609.548829
212.628000	0.002022	608.101754
212.680000	0.002020	606.653141
212.732000	0.002018	605.203546
212.784000	0.002016	603.752320
212.836000	0.002015	602.300428
212.888000	0.002013	600.846830
212.940000	0.002011	599.392788
212.992000	0.002009	597.936904
213.044000	0.002007	596.480841
213.096000	0.002005	595.022906
213.148000	0.002004	593.565042
213.200000	0.002002	592.105300
213.252000	0.002000	590.645604
213.304000	0.001998	589.184275
213.356000	0.001996	587.722933
213.408000	0.001994	586.260223
213.460000	0.001993	584.797432
213.512000	0.001991	583.333500
213.564000	0.001989	581.869393
213.616000	0.001987	580.404356
213.668000	0.001985	578.939205
213.720000	0.001984	577.473329
213.772000	0.001982	576.007193
213.824000	0.001980	574.540539
213.876000	0.001978	573.073647
213.928000	0.001977	571.606414
213.980000	0.001975	570.138945
214.032000	0.001973	568.671270
214.084000	0.001971	567.203342
214.136000	0.001969	565.735379
214.188000	0.001968	564.267273
214.240000	0.001966	562.799165
214.292000	0.001964	561.330893
214.344000	0.001962	559.862784
214.396000	0.001961	558.394674
214.448000	0.001959	556.926722
214.500000	0.001957	555.458834
214.552000	0.001955	553.991188
214.604000	0.001953	552.523738
214.656000	0.001952	551.056541
214.708000	0.001950	549.589614
214.760000	0.001948	548.123014
214.812000	0.001946	546.656751
214.864000	0.001945	545.191010
214.916000	0.001943	543.725661
214.968000	0.001941	542.260787
215.020000	0.001939	540.796357
215.072000	0.001938	539.332594
215.124000	0.001936	537.869319
215.176000	0.001934	536.406825
215.228000	0.001933	534.944829
215.280000	0.001931	533.483703
215.332000	0.001929	532.023074
215.384000	0.001927	530.563470
215.436000	0.001926	529.104361
215.488000	0.001924	527.646485
215.540000	0.001922	526.189037
215.592000	0.001920	524.732981
215.644000	0.001919	523.277290
215.696000	0.001917	521.823201
215.748000	0.001915	520.369444
215.800000	0.001914	518.917503
215.852000	0.001912	517.465917
215.904000	0.001910	516.016088
215.956000	0.001908	514.566799
216.008000	0.001907	513.119205
216.060000	0.001905	511.672348
216.112000	0.001903	510.227102
216.164000	0.001902	508.782817
216.216000	0.001900	507.340054
216.268000	0.001898	505.898518
216.320000	0.001897	504.458412
216.372000	0.001895	503.019695
216.424000	0.001893	501.582308
216.476000	0.001891	500.146542
216.528000	0.001890	498.711990
216.580000	0.001888	497.279299
216.632000	0.001886	495.847688
216.684000	0.001885	494.418207
216.736000	0.001883	492.989651
216.788000	0.001881	491.563494
216.840000	0.001880	490.138094
216.892000	0.001878	488.715387
216.944000	0.001876	487.293252
216.996000	0.001875	485.874116
217.048000	0.001873	484.455427
217.100000	0.001871	483.039984
217.152000	0.001870	481.624997
217.204000	0.001868	480.213048
217.256000	0.001866	478.801884
217.308000	0.001865	477.393580
217.360000	0.001863	475.986364
217.412000	0.001861	474.581796
217.464000	0.001860	473.178638
217.516000	0.001858	471.777915
217.568000	0.001857	470.378912
217.620000	0.001855	468.982126
217.672000	0.001853	467.587321
217.724000	0.001852	466.194533
217.776000	0.001850	464.804134
217.828000	0.001848	463.415498
217.880000	0.001847	462.029495
217.932000	0.001845	460.645027
217.984000	0.001843	459.263577
218.036000	0.001842	457.883402
218.088000	0.001840	456.506596
218.140000	0.001839	455.130769
218.192000	0.001837	453.758649
218.244000	0.001835	452.387281
218.296000	0.001834	451.020042
218.348000	0.001832	449.653272
218.400000	0.001830	448.290819
218.452000	0.001829	446.928981
218.504000	0.001827	445.571190
218.556000	0.001826	444.214347
218.608000	0.001824	442.861242
218.660000	0.001822	441.509506
218.712000	0.001821	440.161204
218.764000	0.001819	438.814670
218.816000	0.001818	437.471255
218.868000	0.001816	436.129936
218.920000	0.001814	434.791433
218.972000	0.001813	433.455450
219.024000	0.001811	432.121964
219.076000	0.001810	430.791338
219.128000	0.001808	429.462902
219.180000	0.001806	428.137757
219.232000	0.001805	426.814474
219.284000	0.001803	425.494879
219.336000	0.001802	424.176787
219.388000	0.001800	422.862759
219.440000	0.001799	421.549908
219.492000	0.001797	420.241567
219.544000	0.001795	418.934014
219.596000	0.001794	417.631365
219.648000	0.001792	416.329252
219.700000	0.001791	415.032243
219.752000	0.001789	413.735951
219.804000	0.001788	412.444410
219.856000	0.001786	411.153971
219.908000	0.001784	409.867889
219.960000	0.001783	408.583391
220.012000	0.001781	407.302870
220.064000	0.001780	406.024330
220.116000	0.001778	404.749378
220.168000	0.001777	403.476829
220.220000	0.001775	402.207496
220.272000	0.001774	400.941039
220.324000	0.001772	399.677413
220.376000	0.001771	398.417038
220.428000	0.001769	397.159124
220.480000	0.001767	395.904934
220.532000	0.001766	394.652781
220.584000	0.001764	393.404715
220.636000	0.001763	392.158327
220.688000	0.001761	390.916527
220.740000	0.001760	389.675980
220.792000	0.001758	388.440438
220.844000	0.001757	387.205770
220.896000	0.001755	385.976579
220.948000	0.001754	384.747932
221.000000	0.001752	383.524867
221.052000	0.001751	382.302595
221.104000	0.001749	381.085511
221.156000	0.001748	379.869640
221.208000	0.001746	378.658507
221.260000	0.001745	377.449057
221.312000	0.001743	376.243906
221.364000	0.001742	375.040907
221.416000	0.001740	373.841776
221.468000	0.001739	372.645303
221.520000	0.001737	371.452265
221.572000	0.001736	370.262229
221.624000	0.001734	369.075224
221.676000	0.001733	367.891758
221.728000	0.001731	366.710872
221.780000	0.001730	365.533895
221.832000	0.001728	364.359101
221.884000	0.001727	363.188737
221.936000	0.001725	362.020107
221.988000	0.001724	360.856329
222.040000	0.001722	359.693849
222.092000	0.001721	358.536675
222.144000	0.001719	357.380327
222.196000	0.001718	356.229718
222.248000	0.001716	355.079748
222.300000	0.001715	353.935645
222.352000	0.001713	352.792347
222.404000	0.001712	351.654430
222.456000	0.001710	350.517757
222.508000	0.001709	349.385988
222.560000	0.001707	348.256034
222.612000	0.001706	347.130527
222.664000	0.001704	346.007219
222.716000	0.001703	344.887891
222.768000	0.001701	343.771272
222.820000	0.001700	342.658193
222.872000	0.001698	341.548322
222.924000	0.001697	340.441526
222.976000	0.001696	339.338301
223.028000	0.001694	338.237717
223.080000	0.001693	337.141201
223.132000	0.001691	336.046859
223.184000	0.001690	334.956998
223.236000	0.001688	333.868906
223.288000	0.001687	332.785812
223.340000	0.001685	331.703987
223.392000	0.001684	330.627555
223.444000	0.001683	329.552001
223.496000	0.001681	328.482335
223.548000	0.001680	327.413210
223.600000	0.001678	326.349946
223.652000	0.001677	325.287557
223.704000	0.001675	324.230589
223.756000	0.001674	323.174898
223.808000	0.001672	322.124123
223.860000	0.001671	321.075196
223.912000	0.001670	320.030714
223.964000	0.001668	318.988412
224.016000	0.001667	317.950077
224.068000	0.001665	316.914527
224.120000	0.001664	315.882479
224.172000	0.001663	314.853569
224.224000	0.001661	313.827719
224.276000	0.001660	312.805494
224.328000	0.001658	311.785863
224.380000	0.001657	310.770263
224.432000	0.001655	309.756822
224.484000	0.001654	308.747890
224.536000	0.001653	307.740666
224.588000	0.001651	306.738387
224.640000	0.001650	305.737344
224.692000	0.001648	304.741658
224.744000	0.001647	303.746788
224.796000	0.001646	302.757735
224.848000	0.001644	301.769286
224.900000	0.001643	300.786619
224.952000	0.001641	299.804764
225.004000	0.001640	298.828189
225.056000	0.001639	297.852896
225.108000	0.001637	296.882404
225.160000	0.001636	295.913706
225.212000	0.001634	294.949335
225.264000	0.001633	293.987224
225.316000	0.001632	293.028966
225.368000	0.001630	292.073364
225.420000	0.001629	291.121161
225.472000	0.001628	290.172039
225.524000	0.001626	289.225878
225.576000	0.001625	288.283279
225.628000	0.001623	287.343196
225.680000	0.001622	286.407095
225.732000	0.001621	285.473051
225.784000	0.001619	284.543378
225.836000	0.001618	283.615320
225.888000	0.001617	282.692055
225.940000	0.001615	281.769993
225.992000	0.001614	280.853168
226.044000	0.001612	279.937080
226.096000	0.001611	279.026617
226.148000	0.001610	278.116708
226.200000	0.001608	277.212340
226.252000	0.001607	276.308822
226.304000	0.001606	275.410382
226.356000	0.001604	274.513206
226.408000	0.001603	273.620626
226.460000	0.001602	272.729803
226.512000	0.001600	271.843114
226.564000	0.001599	270.958524
226.616000	0.001598	270.077612
226.668000	0.001596	269.199320
226.720000	0.001595	268.324272
226.772000	0.001594	267.452253
226.824000	0.001592	266.583037
226.876000	0.001591	265.717212
226.928000	0.001590	264.853744
226.980000	0.001588	263.994032
227.032000	0.001587	263.136305
227.084000	0.001586	262.282837
227.136000	0.001584	261.430868
227.188000	0.001583	260.583463
227.240000	0.001582	259.737187
227.292000	0.001580	258.895922
227.344000	0.001579	258.055342
227.396000	0.001578	257.220136
227.448000	0.001576	256.385461
227.500000	0.001575	255.556025
227.552000	0.001574	254.727389
227.604000	0.001572	253.903538
227.656000	0.001571	253.080912
227.708000	0.001570	252.262619
227.760000	0.001568	251.446023
227.812000	0.001567	250.633317
227.864000	0.001566	249.822678
227.916000	0.001564	249.015493
227.968000	0.001563	248.210765
228.020000	0.001562	247.409073
228.072000	0.001560	246.610224
228.124000	0.001559	245.813999
228.176000	0.001558	245.021004
228.228000	0.001557	244.230226
228.280000	0.001555	243.443049
228.332000	0.001554	242.657686
228.384000	0.001553	241.876296
228.436000	0.001551	241.096322
228.488000	0.001550	240.320692
228.540000	0.001549	239.546108
228.592000	0.001548	238.776256
228.644000	0.001546	238.007001
228.696000	0.001545	237.242796
228.748000	0.001544	236.479130
228.800000	0.001542	235.720372
228.852000	0.001541	234.962353
228.904000	0.001540	234.208786
228.956000	0.001539	233.456441
229.008000	0.001537	232.708140
229.060000	0.001536	231.961362
229.112000	0.001535	231.218194
229.164000	0.001533	230.477041
229.216000	0.001532	229.739092
229.268000	0.001531	229.003420
229.320000	0.001530	228.270574
229.372000	0.001528	227.540450
229.424000	0.001527	226.812746
229.476000	0.001526	226.088040
229.528000	0.001525	225.365385
229.580000	0.001523	224.646111
229.632000	0.001522	223.928512
229.684000	0.001521	223.214638
229.736000	0.001519	222.502092
229.788000	0.001518	221.793639
229.840000	0.001517	221.086093
229.892000	0.001516	220.382922
229.944000	0.001514	219.680291
229.996000	0.001513	218.982372
230.048000	0.001512	218.284967
230.100000	0.001511	217.592104
230.152000	0.001509	216.899992
230.204000	0.001508	216.212002
230.256000	0.001507	215.525088
230.308000	0.001506	214.841888
230.360000	0.001504	214.160226
230.412000	0.001503	213.481896
230.464000	0.001502	212.805361
230.516000	0.001501	212.131776
230.568000	0.001500	211.460374
230.620000	0.001498	210.791562
230.672000	0.001497	210.125257
230.724000	0.001496	209.461172
230.776000	0.001495	208.799881
230.828000	0.001493	208.140471
230.880000	0.001492	207.484209
230.932000	0.001491	206.829502
230.984000	0.001490	206.178293
231.036000	0.001488	205.528225
231.088000	0.001487	204.881875
231.140000	0.001486	204.236404
231.192000	0.001485	203.595036
231.244000	0.001484	202.954154
231.296000	0.001482	202.317633
231.348000	0.001481	201.681600
231.400000	0.001480	201.049736
231.452000	0.001479	200.418509
231.504000	0.001477	199.791035
231.556000	0.001476	199.164669
231.608000	0.001475	198.541722
231.660000	0.001474	197.920120
231.712000	0.001473	197.301558
231.764000	0.001471	196.684726
231.816000	0.001470	196.070590
231.868000	0.001469	195.458487
231.920000	0.001468	194.848740
231.972000	0.001467	194.241280
232.024000	0.001465	193.635855
232.076000	0.001464	193.033055
232.128000	0.001463	192.431952
232.180000	0.001462	191.833731
232.232000	0.001461	191.236904
232.284000	0.001459	190.643278
232.336000	0.001458	190.050732
232.388000	0.001457	189.461669
232.440000	0.001456	188.873348
232.492000	0.001455	188.288765
232.544000	0.001454	187.704647
232.596000	0.001452	187.124561
232.648000	0.001451	186.544898
232.700000	0.001450	185.969024
232.752000	0.001449	185.393794
232.804000	0.001448	184.821995
232.856000	0.001446	184.251195
232.908000	0.001445	183.683496
232.960000	0.001444	183.117058
233.012000	0.001443	182.553384
233.064000	0.001442	181.991317
233.116000	0.001441	181.431695
233.168000	0.001439	180.873912
233.220000	0.001438	180.318274
233.272000	0.001437	179.764791
233.324000	0.001436	179.213156
233.376000	0.001435	178.663942
233.428000	0.001434	178.116247
233.480000	0.001432	177.571166
233.532000	0.001431	177.027369
233.584000	0.001430	176.486548
233.636000	0.001429	175.946681
233.688000	0.001428	175.409985
233.740000	0.001427	174.873955
233.792000	0.001425	174.341348
233.844000	0.001424	173.809160
233.896000	0.001423	173.280667
233.948000	0.001422	172.752532
234.000000	0.001421	172.227820
234.052000	0.001420	171.703761
234.104000	0.001419	171.182824
234.156000	0.001417	170.662780
234.208000	0.001416	170.145538
234.260000	0.001415	169.629515
234.312000	0.001414	169.115995
234.364000	0.001413	168.603915
234.416000	0.001412	168.094045
234.468000	0.001411	167.585870
234.520000	0.001409	167.079636
234.572000	0.001408	166.575387
234.624000	0.001407	166.072794
234.676000	0.001406	165.572391
234.728000	0.001405	165.073389
234.780000	0.001404	164.576848
234.832000	0.001403	164.081427
234.884000	0.001401	163.588672
234.936000	0.001400	163.096774
234.988000	0.001399	162.607776
235.040000	0.001398	162.119403
235.092000	0.001397	161.634179
235.144000	0.001396	161.149299
235.196000	0.001395	160.667773
235.248000	0.001394	160.186578
235.300000	0.001392	159.708479
235.352000	0.001391	159.230997
235.404000	0.001390	158.756336
235.456000	0.001389	158.282509
235.508000	0.001388	157.811212
235.560000	0.001387	157.340999
235.612000	0.001386	156.873042
235.664000	0.001385	156.406465
235.716000	0.001384	155.941874
235.768000	0.001382	155.478795
235.820000	0.001381	155.017474
235.872000	0.001380	154.558018
235.924000	0.001379	154.100039
235.976000	0.001378	153.644026
236.028000	0.001377	153.189276
236.080000	0.001376	152.736782
236.132000	0.001375	152.285292
236.184000	0.001374	151.836232
236.236000	0.001372	151.387941
236.288000	0.001371	150.942294
236.340000	0.001370	150.497181
236.392000	0.001369	150.054916
236.444000	0.001368	149.612988
236.496000	0.001367	149.174131
236.548000	0.001366	148.735581
236.600000	0.001365	148.299822
236.652000	0.001364	147.864607
236.704000	0.001363	147.431926
236.756000	0.001362	147.000018
236.808000	0.001360	146.570388
236.860000	0.001359	146.141810
236.912000	0.001358	145.715262
236.964000	0.001357	145.289885
237.016000	0.001356	144.866305
237.068000	0.001355	144.444203
237.120000	0.001354	144.023664
237.172000	0.001353	143.604753
237.224000	0.001352	143.187181
237.276000	0.001351	142.771440
237.328000	0.001350	142.356835
237.380000	0.001349	141.944291
237.432000	0.001347	141.532626
237.484000	0.001346	141.123143
237.536000	0.001345	140.714348
237.588000	0.001344	140.307956
237.640000	0.001343	139.902073
237.692000	0.001342	139.498803
237.744000	0.001341	139.095813
237.796000	0.001340	138.695574
237.848000	0.001339	138.295630
237.900000	0.001338	137.898199
237.952000	0.001337	137.501278
238.004000	0.001336	137.106634
238.056000	0.001335	136.712711
238.108000	0.001334	136.320836
238.160000	0.001333	135.929884
238.212000	0.001332	135.540754
238.264000	0.001330	135.152750
238.316000	0.001329	134.766360
238.368000	0.001328	134.381326
238.420000	0.001327	133.997685
238.472000	0.001326	133.615491
238.524000	0.001325	133.234512
238.576000	0.001324	132.855243
238.628000	0.001323	132.476958
238.680000	0.001322	132.100479
238.732000	0.001321	131.724830
238.784000	0.001320	131.351229
238.836000	0.001319	130.978216
238.888000	0.001318	130.607360
238.940000	0.001317	130.236960
238.992000	0.001316	129.868935
239.044000	0.001315	129.501136
239.096000	0.001314	129.135793
239.148000	0.001313	128.770773
239.200000	0.001312	128.408026
239.252000	0.001311	128.045716
239.304000	0.001310	127.685444
239.356000	0.001309	127.325883
239.408000	0.001308	126.968164
239.460000	0.001307	126.611304
239.512000	0.001306	126.256076
239.564000	0.001304	125.901828
239.616000	0.001303	125.549027
239.668000	0.001302	125.197474
239.720000	0.001301	124.847169
239.772000	0.001300	124.498183
239.824000	0.001299	124.150272
239.876000	0.001298	123.803883
239.928000	0.001297	123.458410
239.980000	0.001296	123.114649
240.032000	0.001295	122.771589
240.084000	0.001294	122.430334
240.136000	0.001293	122.089628
240.188000	0.001292	121.750903
240.240000	0.001291	121.412560
240.292000	0.001290	121.076351
240.344000	0.001289	120.740382
240.396000	0.001288	120.406636
240.448000	0.001287	120.073165
240.500000	0.001286	119.741724
240.552000	0.001285	119.410732
240.604000	0.001284	119.081576
240.656000	0.001283	118.753041
240.708000	0.001282	118.426153
240.760000	0.001281	118.100006
240.812000	0.001280	117.775321
240.864000	0.001279	117.451637
240.916000	0.001278	117.129239
240.968000	0.001277	116.807892
241.020000	0.001276	116.487671
241.072000	0.001275	116.168694
241.124000	0.001274	115.850696
241.176000	0.001273	115.534121
241.228000	0.001272	115.218316
241.280000	0.001271	114.903971
241.332000	0.001270	114.590295
241.384000	0.001269	114.278311
241.436000	0.001268	113.966822
241.488000	0.001267	113.657134
241.540000	0.001266	113.347757
241.592000	0.001265	113.040289
241.644000	0.001264	112.733081
241.696000	0.001263	112.427891
241.748000	0.001262	112.122925
241.800000	0.001261	111.819768
241.852000	0.001260	111.516989
241.904000	0.001259	111.215848
241.956000	0.001258	110.915328
242.008000	0.001257	110.616290
242.060000	0.001256	110.317985
242.112000	0.001255	110.020989
242.164000	0.001254	109.724816
242.216000	0.001253	109.429801
242.268000	0.001253	109.135791
242.320000	0.001252	108.842790
242.372000	0.001251	108.550925
242.424000	0.001250	108.259910
242.476000	0.001249	107.970120
242.528000	0.001248	107.681070
242.580000	0.001247	107.393442
242.632000	0.001246	107.106373
242.684000	0.001245	106.820787
242.736000	0.001244	106.535616
242.788000	0.001243	106.252053
242.840000	0.001242	105.968828
242.892000	0.001241	105.687379
242.944000	0.001240	105.406104
242.996000	0.001239	105.126605
243.048000	0.001238	104.847359
243.100000	0.001237	104.569749
243.152000	0.001236	104.292534
243.204000	0.001235	104.016798
243.256000	0.001234	103.741599
243.308000	0.001233	103.467722
243.360000	0.001232	103.194473
243.412000	0.001231	102.922398
243.464000	0.001230	102.651123
243.516000	0.001229	102.380878
243.568000	0.001229	102.111510
243.620000	0.001228	101.843046
243.672000	0.001227	101.575620
243.724000	0.001226	101.308968
243.776000	0.001225	101.043472
243.828000	0.001224	100.778621
243.880000	0.001223	100.515034
243.932000	0.001222	100.251944
243.984000	0.001221	99.990199
244.036000	0.001220	99.728852
244.088000	0.001219	99.468988
244.140000	0.001218	99.209401
244.192000	0.001217	98.951404
244.244000	0.001216	98.693568
244.296000	0.001215	98.437327
244.348000	0.001214	98.181329
244.400000	0.001213	97.926799
244.452000	0.001213	97.672600
244.504000	0.001212	97.419716
244.556000	0.001211	97.167380
244.608000	0.001210	96.916236
244.660000	0.001209	96.665618
244.712000	0.001208	96.416053
244.764000	0.001207	96.167275
244.816000	0.001206	95.919419
244.868000	0.001205	95.672363
244.920000	0.001204	95.426118
244.972000	0.001203	95.180823
245.024000	0.001202	94.936208
245.076000	0.001201	94.692607
245.128000	0.001201	94.449587
245.180000	0.001200	94.207718
245.232000	0.001199	93.966295
245.284000	0.001198	93.726093
245.336000	0.001197	93.486249
245.388000	0.001196	93.247752
245.440000	0.001195	93.009502
245.492000	0.001194	92.772694
245.544000	0.001193	92.536036
245.596000	0.001192	92.300813
245.648000	0.001191	92.065785
245.700000	0.001190	91.832063
245.752000	0.001190	91.598734
245.804000	0.001189	91.366606
245.856000	0.001188	91.134896
245.908000	0.001187	90.904242
245.960000	0.001186	90.674122
246.012000	0.001185	90.444943
246.064000	0.001184	90.216445
246.116000	0.001183	89.988772
246.168000	0.001182	89.761835
246.220000	0.001181	89.535624
246.272000	0.001181	89.310281
246.324000	0.001180	89.085562
246.376000	0.001179	88.861803
246.428000	0.001178	88.638548
246.480000	0.001177	88.416312
246.532000	0.001176	88.194474
246.584000	0.001175	87.973743
246.636000	0.001174	87.753362
246.688000	0.001173	87.534231
246.740000	0.001172	87.315263
246.792000	0.001172	87.097562
246.844000	0.001171	86.880035
246.896000	0.001170	86.663815
246.948000	0.001169	86.447816
247.000000	0.001168	86.233003
247.052000	0.001167	86.018479
247.104000	0.001166	85.805018
247.156000	0.001165	85.591944
247.208000	0.001164	85.379820
247.260000	0.001164	85.168234
247.312000	0.001163	84.957494
247.364000	0.001162	84.747386
247.416000	0.001161	84.538019
247.468000	0.001160	84.329320
247.520000	0.001159	84.121262
247.572000	0.001158	83.913961
247.624000	0.001157	83.707221
247.676000	0.001157	83.501360
247.728000	0.001156	83.295950
247.780000	0.001155	83.091465
247.832000	0.001154	82.887361
247.884000	0.001153	82.684294
247.936000	0.001152	82.481491
247.988000	0.001151	82.279778
248.040000	0.001150	82.078270
248.092000	0.001150	81.877953
248.144000	0.001149	81.677763
248.196000	0.001148	81.478731
248.248000	0.001147	81.279876
248.300000	0.001146	81.082078
248.352000	0.001145	80.884591
248.404000	0.001144	80.688064
248.456000	0.001144	80.491946
248.508000	0.001143	80.296684
248.560000	0.001142	80.101823
248.612000	0.001141	79.907719
248.664000	0.001140	79.714198
248.716000	0.001139	79.521350
248.768000	0.001138	79.329160
248.820000	0.001138	79.137546
248.872000	0.001137	78.946625
248.924000	0.001136	78.756192
248.976000	0.001135	78.566525
249.028000	0.001134	78.377282
249.080000	0.001133	78.188918
249.132000	0.001132	78.000874
249.184000	0.001132	77.813745
249.236000	0.001131	77.626853
249.288000	0.001130	77.440952
249.340000	0.001129	77.255239
249.392000	0.001128	77.070608
249.444000	0.001127	76.886097
249.496000	0.001126	76.702631
249.548000	0.001126	76.519371
249.600000	0.001125	76.337075
249.652000	0.001124	76.154984
249.704000	0.001123	75.973741
249.756000	0.001122	75.792930
249.808000	0.001121	75.612895
249.860000	0.001121	75.433224
249.912000	0.001120	75.254233
249.964000	0.001119	75.075783
250.016000	0.001118	74.897929
250.068000	0.001117	74.720639
250.120000	0.001116	74.543878
250.172000	0.001116	74.367791
250.224000	0.001115	74.192143
250.276000	0.001114	74.017195
250.328000	0.001113	73.842611
250.380000	0.001112	73.668798
250.432000	0.001111	73.495272
250.484000	0.001111	73.322580
250.536000	0.001110	73.150130
250.588000	0.001109	72.978605
250.640000	0.001108	72.807221
250.692000	0.001107	72.636803
250.744000	0.001106	72.466531
250.796000	0.001106	72.297216
250.848000	0.001105	72.128022
250.900000	0.001104	71.959672
250.952000	0.001103	71.791601
251.004000	0.001102	71.624308
251.056000	0.001102	71.457376
251.108000	0.001101	71.291136
251.160000	0.001100	71.125231
251.212000	0.001099	70.959939
251.264000	0.001098	70.795149
251.316000	0.001097	70.630896
251.368000	0.001097	70.467161
251.420000	0.001096	70.303890
251.472000	0.001095	70.141198
251.524000	0.001094	69.978917
251.576000	0.001093	69.817314
251.628000	0.001093	69.656038
251.680000	0.001092	69.495466
251.732000	0.001091	69.335152
251.784000	0.001090	69.175601
251.836000	0.001089	69.016242
251.888000	0.001089	68.857705
251.940000	0.001088	68.699324
251.992000	0.001087	68.541843
252.044000	0.001086	68.384466
252.096000	0.001085	68.227939
252.148000	0.001085	68.071564
252.200000	0.001084	67.915961
252.252000	0.001083	67.760580
252.304000	0.001082	67.605894
252.356000	0.001081	67.451545
252.408000	0.001080	67.297819
252.460000	0.001080	67.144454
252.512000	0.001079	66.991639
252.564000	0.001078	66.839239
252.616000	0.001077	66.687323
252.668000	0.001077	66.535882
252.720000	0.001076	66.384861
252.772000	0.001075	66.234370
252.824000	0.001074	66.084251
252.876000	0.001073	65.934760
252.928000	0.001073	65.785563
252.980000	0.001072	65.637006
253.032000	0.001071	65.488683
253.084000	0.001070	65.341057
253.136000	0.001069	65.193604
253.188000	0.001069	65.046902
253.240000	0.001068	64.900312
253.292000	0.001067	64.754522
253.344000	0.001066	64.608868
253.396000	0.001065	64.463998
253.448000	0.001065	64.319272
253.500000	0.001064	64.175244
253.552000	0.001063	64.031424
253.604000	0.001062	63.888231
253.656000	0.001062	63.745311
253.708000	0.001061	63.602948
253.760000	0.001060	63.460917
253.812000	0.001059	63.319384
253.864000	0.001058	63.178286
253.916000	0.001058	63.037616
253.968000	0.001057	62.897341
254.020000	0.001056	62.757456
254.072000	0.001055	62.618101
254.124000	0.001055	62.479067
254.176000	0.001054	62.340570
254.228000	0.001053	62.202339
254.280000	0.001052	62.064698
254.332000	0.001051	61.927267
254.384000	0.001051	61.790474
254.436000	0.001050	61.653837
254.488000	0.001049	61.517883
254.540000	0.001048	61.382067
254.592000	0.001048	61.247004
254.644000	0.001047	61.111997
254.696000	0.001046	60.977667
254.748000	0.001045	60.843515
254.800000	0.001045	60.710003
254.852000	0.001044	60.576690
254.904000	0.001043	60.443944
254.956000	0.001042	60.311451
255.008000	0.001042	60.179461
255.060000	0.001041	60.047781
255.112000	0.001040	59.916548
255.164000	0.001039	59.785673
255.216000	0.001038	59.655191
255.268000	0.001038	59.525112
255.320000	0.001037	59.395387
255.372000	0.001036	59.266152
255.424000	0.001035	59.137192
255.476000	0.001035	59.008693
255.528000	0.001034	58.880454
255.580000	0.001033	58.752787
255.632000	0.001032	58.625311
255.684000	0.001032	58.498417
255.736000	0.001031	58.371637
255.788000	0.001030	58.245459
255.840000	0.001029	58.119410
255.892000	0.001029	57.994049
255.944000	0.001028	57.868775
255.996000	0.001027	57.744129
256.048000	0.001026	57.619615
256.100000	0.001026	57.495672
256.152000	0.001025	57.371915
256.204000	0.001024	57.248670
256.256000	0.001023	57.125663
256.308000	0.001023	57.003112
256.360000	0.001022	56.880848
256.412000	0.001021	56.758991
256.464000	0.001021	56.637515
256.516000	0.001020	56.516386
256.568000	0.001019	56.395587
256.620000	0.001018	56.275098
256.672000	0.001018	56.155022
256.724000	0.001017	56.035226
256.776000	0.001016	55.915922
256.828000	0.001015	55.796815
256.880000	0.001015	55.678173
256.932000	0.001014	55.559729
256.984000	0.001013	55.441846
257.036000	0.001012	55.324066
257.088000	0.001012	55.206838
257.140000	0.001011	55.089728
257.192000	0.001010	54.973248
257.244000	0.001009	54.856815
257.296000	0.001009	54.740935
257.348000	0.001008	54.625223
257.400000	0.001007	54.510040
257.452000	0.001007	54.395032
257.504000	0.001006	54.280489
257.556000	0.001005	54.166120
257.608000	0.001004	54.052161
257.660000	0.001004	53.938521
257.712000	0.001003	53.825246
257.764000	0.001002	53.712280
257.816000	0.001002	53.599627
257.868000	0.001001	53.487278
257.920000	0.001000	53.375221
257.972000	0.000999	53.263586
258.024000	0.000999	53.152189
258.076000	0.000998	53.041214
258.128000	0.000997	52.930435
258.180000	0.000996	52.820112
258.232000	0.000996	52.709923
258.284000	0.000995	52.600200
258.336000	0.000994	52.490624
258.388000	0.000994	52.381596
258.440000	0.000993	52.272648
258.492000	0.000992	52.164258
258.544000	0.000991	52.055914
258.596000	0.000991	51.948074
258.648000	0.000990	51.840395
258.700000	0.000989	51.733195
258.752000	0.000989	51.626161
258.804000	0.000988	51.519545
258.856000	0.000987	51.413094
258.908000	0.000987	51.307015
258.960000	0.000986	51.201237
259.012000	0.000985	51.095785
259.064000	0.000984	50.990570
259.116000	0.000984	50.885657
259.168000	0.000983	50.781109
259.220000	0.000982	50.676802
259.272000	0.000982	50.572812
259.324000	0.000981	50.469056
259.376000	0.000980	50.365723
259.428000	0.000979	50.262549
259.480000	0.000979	50.159763
259.532000	0.000978	50.057147
259.584000	0.000977	49.955010
259.636000	0.000977	49.852952
259.688000	0.000976	49.751353
259.740000	0.000975	49.649830
259.792000	0.000975	49.548823
259.844000	0.000974	49.447890
259.896000	0.000973	49.347425
259.948000	0.000972	49.247080
