z_mm__Bz_on_axis,Total_potential_T__Bz_on_axis
-2.599479999999999563e+03,1.182007941651446814e-03
-2.598960000000000036e+03,1.183517160538268909e-03
-2.598440000000000055e+03,1.185045361768268576e-03
-2.597919999999999618e+03,1.186554580655091104e-03
-2.597400000000000091e+03,1.188082872921913382e-03
-2.596880000000000109e+03,1.189611163788735103e-03
-2.596360000000000127e+03,1.191139484075557330e-03
-2.595840000000000146e+03,1.192686744905557036e-03
-2.595319999999999709e+03,1.194215036122379383e-03
-2.594800000000000182e+03,1.195743356059201633e-03
-2.594279999999999745e+03,1.197290747276023555e-03
-2.593759999999999764e+03,1.198838076176023419e-03
-2.593240000000000236e+03,1.200385467392845558e-03
-2.592719999999999800e+03,1.201913787329668458e-03
-2.592200000000000273e+03,1.203461178546490163e-03
-2.591680000000000291e+03,1.205027630413312272e-03
-2.591159999999999854e+03,1.206574931643312164e-03
-2.590640000000000327e+03,1.208122350530134274e-03
-2.590119999999999891e+03,1.209688842796956352e-03
-2.589599999999999909e+03,1.211255361683778687e-03
-2.589079999999999927e+03,1.212821853950600982e-03
-2.588559999999999945e+03,1.214388281800600706e-03
-2.588039999999999964e+03,1.215954744997423120e-03
-2.587519999999999982e+03,1.217521265284245147e-03
-2.587000000000000000e+03,1.219087717151067039e-03
-2.586480000000000473e+03,1.220673337437889290e-03
-2.585960000000000036e+03,1.222239737267889282e-03
-2.585439999999999600e+03,1.223825357554711316e-03
-2.584920000000000073e+03,1.225410948421533494e-03
-2.584400000000000091e+03,1.226996511618355700e-03
-2.583879999999999654e+03,1.228582159575177489e-03
-2.583360000000000127e+03,1.230167631735177517e-03
-2.582840000000000146e+03,1.231753279691999740e-03
-2.582320000000000164e+03,1.233357942888821954e-03
-2.581800000000000182e+03,1.234943551845644116e-03
-2.581279999999999745e+03,1.236548215042466330e-03
-2.580760000000000218e+03,1.238152871962466166e-03
-2.580239999999999782e+03,1.239757535159288163e-03
-2.579719999999999800e+03,1.241362254046110298e-03
-2.579200000000000273e+03,1.242966946312932825e-03
-2.578679999999999836e+03,1.244590765199754751e-03
-2.578159999999999854e+03,1.246195366429754883e-03
-2.577640000000000327e+03,1.247819185316576809e-03
-2.577119999999999891e+03,1.249423877583398903e-03
-2.576600000000000364e+03,1.251047668450221096e-03
-2.576079999999999927e+03,1.252671488737042930e-03
-2.575559999999999945e+03,1.254314379603865132e-03
-2.575039999999999964e+03,1.255938079783865124e-03
-2.574519999999999982e+03,1.257561860720687570e-03
-2.574000000000000000e+03,1.259204751937509316e-03
-2.573480000000000018e+03,1.260828571874331389e-03
-2.572960000000000036e+03,1.262471463091153785e-03
-2.572440000000000509e+03,1.264114291991153688e-03
-2.571920000000000073e+03,1.265757183207976084e-03
-2.571399999999999636e+03,1.267400103144798165e-03
-2.570880000000000109e+03,1.269042994361619910e-03
-2.570360000000000127e+03,1.270704985228442120e-03
-2.569839999999999691e+03,1.272347905515264395e-03
-2.569320000000000164e+03,1.274009805345264210e-03
-2.568800000000000182e+03,1.275671919792086386e-03
-2.568279999999999745e+03,1.277333910658908596e-03
-2.567760000000000218e+03,1.278995930945730662e-03
-2.567239999999999782e+03,1.280657921812552655e-03
-2.566720000000000255e+03,1.282339014079374780e-03
-2.566199999999999818e+03,1.284000941929374761e-03
-2.565679999999999836e+03,1.285682034196196886e-03
-2.565160000000000309e+03,1.287363153083018836e-03
-2.564639999999999873e+03,1.289044216279841082e-03
-2.564119999999999891e+03,1.290725364236663779e-03
-2.563600000000000364e+03,1.292406427433485591e-03
-2.563079999999999927e+03,1.294087484353485459e-03
-2.562559999999999491e+03,1.295768547550307705e-03
-2.562039999999999964e+03,1.297468795507129759e-03
-2.561519999999999982e+03,1.299168958703952013e-03
-2.561000000000000000e+03,1.300869206660774068e-03
-2.560480000000000018e+03,1.302569369857596105e-03
-2.559960000000000036e+03,1.304269526777596415e-03
-2.559440000000000055e+03,1.305969784134418344e-03
-2.558920000000000073e+03,1.307670003021240519e-03
-2.558400000000000091e+03,1.309389295288062444e-03
-2.557880000000000109e+03,1.311108614174884843e-03
-2.557359999999999673e+03,1.312808806441706977e-03
-2.556840000000000146e+03,1.314528034291706981e-03
-2.556320000000000164e+03,1.316247354228528661e-03
-2.555800000000000182e+03,1.317985745445350880e-03
-2.555279999999999745e+03,1.319705065382173210e-03
-2.554760000000000218e+03,1.321443456598995212e-03
-2.554240000000000236e+03,1.323162776535817325e-03
-2.553720000000000255e+03,1.324901167752639761e-03
-2.553199999999999818e+03,1.326639496652639270e-03
-2.552679999999999836e+03,1.328377982029461599e-03
-2.552159999999999854e+03,1.330116401966283937e-03
-2.551639999999999873e+03,1.331873893183105513e-03
-2.551119999999999891e+03,1.333612284049927972e-03
-2.550599999999999909e+03,1.335369804336750078e-03
-2.550079999999999927e+03,1.337108195203571886e-03
-2.549559999999999945e+03,1.338865624453572031e-03
-2.549039999999999964e+03,1.340623115320394281e-03
-2.548519999999999982e+03,1.342399735607216395e-03
-2.548000000000000000e+03,1.344157226474038428e-03
-2.547480000000000018e+03,1.345933846760860760e-03
-2.546960000000000036e+03,1.347691431787682685e-03
-2.546440000000000055e+03,1.349468052074504799e-03
-2.545920000000000073e+03,1.351244590904504940e-03
-2.545400000000000091e+03,1.353021211191327055e-03
-2.544880000000000109e+03,1.354794302058149420e-03
-2.544360000000000127e+03,1.356576550014971464e-03
-2.543839999999999691e+03,1.358339613211793483e-03
-2.543319999999999709e+03,1.360121832098615648e-03
-2.542800000000000182e+03,1.361884424365437810e-03
-2.542280000000000200e+03,1.363666552215437797e-03
-2.541759999999999764e+03,1.365448838642259596e-03
-2.541239999999999782e+03,1.367231057529081978e-03
-2.540720000000000255e+03,1.369031849795903939e-03
-2.540200000000000273e+03,1.370833168682726328e-03
-2.539679999999999836e+03,1.372614860949548281e-03
-2.539159999999999854e+03,1.374416179836370237e-03
-2.538639999999999873e+03,1.376217011103192476e-03
-2.538119999999999891e+03,1.378018238953192471e-03
-2.537599999999999909e+03,1.379819031220014865e-03
-2.537079999999999927e+03,1.381639544266837155e-03
-2.536559999999999945e+03,1.383440364203658872e-03
-2.536039999999999964e+03,1.385260755420481080e-03
-2.535519999999999982e+03,1.387080675357303238e-03
-2.535000000000000000e+03,1.388901066574125013e-03
-2.534480000000000018e+03,1.390720986510947171e-03
-2.533960000000000036e+03,1.392540877727769426e-03
-2.533440000000000055e+03,1.394380345627769212e-03
-2.532920000000000073e+03,1.396200331004591793e-03
-2.532400000000000091e+03,1.398039350941413525e-03
-2.531880000000000109e+03,1.399878342158235572e-03
-2.531360000000000127e+03,1.401717362095058171e-03
-2.530840000000000146e+03,1.403556853311880171e-03
-2.530320000000000164e+03,1.405395873248702120e-03
-2.529799999999999727e+03,1.407253992135524363e-03
-2.529279999999999745e+03,1.409112094332346313e-03
-2.528760000000000218e+03,1.410970245412346367e-03
-2.528240000000000236e+03,1.412809208609168681e-03
-2.527719999999999800e+03,1.414686456565990812e-03
-2.527199999999999818e+03,1.416544519762812917e-03
-2.526680000000000291e+03,1.418402667719634823e-03
-2.526160000000000309e+03,1.420279830916456936e-03
-2.525639999999999873e+03,1.422157117873279345e-03
-2.525119999999999891e+03,1.424015303250101509e-03
-2.524599999999999909e+03,1.425911623186923265e-03
-2.524079999999999927e+03,1.427788751036923338e-03
-2.523559999999999945e+03,1.429665943303745331e-03
-2.523039999999999964e+03,1.431562262190567590e-03
-2.522519999999999982e+03,1.433438954457389846e-03
-2.522000000000000000e+03,1.435335312344211732e-03
-2.521480000000000018e+03,1.437231698771034060e-03
-2.520960000000000036e+03,1.439128017657856319e-03
-2.520440000000000055e+03,1.441023809924678366e-03
-2.519920000000000073e+03,1.442939228811500633e-03
-2.519400000000000091e+03,1.444854648748322831e-03
-2.518880000000000109e+03,1.446769578965144800e-03
-2.518360000000000127e+03,1.448685002025144929e-03
-2.517840000000000146e+03,1.450599893241966837e-03
-2.517320000000000164e+03,1.452515313178789251e-03
-2.516800000000000182e+03,1.454430204395610942e-03
-2.516279999999999745e+03,1.456364763332432992e-03
-2.515759999999999764e+03,1.458298754549254908e-03
-2.515239999999999782e+03,1.460214296666077381e-03
-2.514720000000000255e+03,1.462148287532899320e-03
-2.514199999999999818e+03,1.464082807819721502e-03
-2.513679999999999836e+03,1.466035937686543510e-03
-2.513159999999999854e+03,1.467970457973365476e-03
-2.512640000000000327e+03,1.469923548840187423e-03
-2.512119999999999891e+03,1.471876672250188025e-03
-2.511599999999999909e+03,1.473829763117010189e-03
-2.511079999999999927e+03,1.475783450073832196e-03
-2.510559999999999945e+03,1.477755613270654396e-03
-2.510039999999999964e+03,1.479708761227476388e-03
-2.509519999999999982e+03,1.481680924424298587e-03
-2.509000000000000000e+03,1.483653766541120434e-03
-2.508480000000000018e+03,1.485625968737942912e-03
-2.507960000000000036e+03,1.487598216694764912e-03
-2.507440000000000055e+03,1.489570435581587032e-03
-2.506920000000000073e+03,1.491542627848408895e-03
-2.506399999999999636e+03,1.493534079895230977e-03
-2.505880000000000109e+03,1.495547372162053410e-03
-2.505360000000000127e+03,1.497538691048875539e-03
-2.504840000000000146e+03,1.499529892278875448e-03
-2.504319999999999709e+03,1.501521250165697638e-03
-2.503800000000000182e+03,1.503531764262520031e-03
-2.503280000000000200e+03,1.505523084549341851e-03
-2.502760000000000218e+03,1.507533475416164255e-03
-2.502239999999999782e+03,1.509543434702985973e-03
-2.501719999999999800e+03,1.511553853589808110e-03
-2.501199999999999818e+03,1.513564340016630531e-03
-2.500680000000000291e+03,1.515593858903452459e-03
-2.500159999999999854e+03,1.517622917840274425e-03
-2.499639999999999873e+03,1.519652409057096814e-03
-2.499119999999999891e+03,1.521681928993919106e-03
-2.498600000000000364e+03,1.523711014370741001e-03
-2.498079999999999927e+03,1.525740573307562921e-03
-2.497559999999999945e+03,1.527789164524385101e-03
-2.497039999999999964e+03,1.529818184461207440e-03
-2.496519999999999982e+03,1.531866803348029375e-03
-2.496000000000000000e+03,1.533915056794851435e-03
-2.495480000000000018e+03,1.535963556624851461e-03
-2.494960000000000036e+03,1.538030776911673793e-03
-2.494440000000000055e+03,1.540079406778495840e-03
-2.493920000000000073e+03,1.542146748895317819e-03
-2.493400000000000091e+03,1.544214412092140059e-03
-2.492880000000000109e+03,1.546281660048962362e-03
-2.492359999999999673e+03,1.548348862245784059e-03
-2.491840000000000146e+03,1.550435710202606541e-03
-2.491320000000000164e+03,1.552502995579428668e-03
-2.490800000000000182e+03,1.554589354516250875e-03
-2.490279999999999745e+03,1.556676202473072706e-03
-2.489760000000000218e+03,1.558762465669894784e-03
-2.489240000000000236e+03,1.560848946786717048e-03
-2.488720000000000255e+03,1.562954309983538917e-03
-2.488199999999999818e+03,1.565040657940361228e-03
-2.487679999999999836e+03,1.567146115827183512e-03
-2.487159999999999854e+03,1.569252102254005540e-03
-2.486639999999999873e+03,1.571357521140827546e-03
-2.486119999999999891e+03,1.573482052407649797e-03
-2.485599999999999909e+03,1.575587471294471803e-03
-2.485079999999999927e+03,1.577712085391293857e-03
-2.484559999999999945e+03,1.579836615608115743e-03
-2.484039999999999964e+03,1.581961135544938338e-03
-2.483519999999999982e+03,1.584085126761760210e-03
-2.483000000000000000e+03,1.586209807878582274e-03
-2.482480000000000018e+03,1.588353398745403914e-03
-2.481960000000000036e+03,1.590497019032226494e-03
-2.481440000000000055e+03,1.592640677969048724e-03
-2.480920000000000073e+03,1.594784363345870667e-03
-2.480400000000000091e+03,1.596927483282692883e-03
-2.479880000000000109e+03,1.599090241169515191e-03
-2.479360000000000127e+03,1.601233861456337337e-03
-2.478839999999999691e+03,1.603396146483159141e-03
-2.478319999999999709e+03,1.605558814733158745e-03
-2.477800000000000182e+03,1.607740605599980834e-03
-2.477280000000000200e+03,1.609902892556803501e-03
-2.476759999999999764e+03,1.612084749913625294e-03
-2.476239999999999782e+03,1.614246997870448334e-03
-2.475720000000000255e+03,1.616428857157269691e-03
-2.475200000000000273e+03,1.618610242184092152e-03
-2.474679999999999836e+03,1.620811190140914078e-03
-2.474159999999999854e+03,1.622992492337736086e-03
-2.473639999999999873e+03,1.625193440294558662e-03
-2.473119999999999891e+03,1.627393964321380542e-03
-2.472599999999999909e+03,1.629594384608202542e-03
-2.472079999999999927e+03,1.631795303495024588e-03
-2.471559999999999945e+03,1.634014834761846925e-03
-2.471039999999999964e+03,1.636215347808669561e-03
-2.470519999999999982e+03,1.638435406745490739e-03
-2.470000000000000000e+03,1.640654927032313181e-03
-2.469480000000000018e+03,1.642874540079134957e-03
-2.468960000000000036e+03,1.645113171345957519e-03
-2.468440000000000055e+03,1.647332690232779402e-03
-2.467920000000000073e+03,1.649571349169601285e-03
-2.467400000000000091e+03,1.651810034546423315e-03
-2.466880000000000109e+03,1.654049193483245368e-03
-2.466360000000000127e+03,1.656306912370067485e-03
-2.465840000000000146e+03,1.658545626816890044e-03
-2.465320000000000164e+03,1.660803447720534017e-03
-2.464799999999999727e+03,1.663060668007356304e-03
-2.464279999999999745e+03,1.665318521104178304e-03
-2.463760000000000218e+03,1.667576239991000204e-03
-2.463240000000000236e+03,1.669853099277822731e-03
-2.462719999999999800e+03,1.672110790144644898e-03
-2.462199999999999818e+03,1.674387732261466578e-03
-2.461680000000000291e+03,1.676664534458288626e-03
-2.461160000000000309e+03,1.678959982415111334e-03
-2.460639999999999873e+03,1.681236935861933970e-03
-2.460119999999999891e+03,1.683532826728755070e-03
-2.459599999999999909e+03,1.685828313685577839e-03
-2.459079999999999927e+03,1.688105171042399936e-03
-2.458559999999999945e+03,1.690420257999222233e-03
-2.458039999999999964e+03,1.692734776886044637e-03
-2.457519999999999982e+03,1.695030802312866031e-03
-2.457000000000000000e+03,1.697345321199688001e-03
-2.456480000000000018e+03,1.699660352466510378e-03
-2.455960000000000036e+03,1.701974994583332554e-03
-2.455440000000000055e+03,1.704309152470154763e-03
-2.454920000000000073e+03,1.706623644736976692e-03
-2.454400000000000091e+03,1.708957896783799011e-03
-2.453880000000000109e+03,1.711291516720621136e-03
-2.453360000000000127e+03,1.713625146937443203e-03
-2.452840000000000146e+03,1.715978489054265348e-03
-2.452320000000000164e+03,1.718312147991087101e-03
-2.451800000000000182e+03,1.720664839207909332e-03
-2.451279999999999745e+03,1.723018192304731589e-03
-2.450759999999999764e+03,1.725390011191553366e-03
-2.450239999999999782e+03,1.727742770478375538e-03
-2.449720000000000255e+03,1.730114655505197909e-03
-2.449199999999999818e+03,1.732486514792020305e-03
-2.448679999999999836e+03,1.734858334728841796e-03
-2.448159999999999854e+03,1.737230377812486572e-03
-2.447640000000000327e+03,1.739602198099308040e-03
-2.447119999999999891e+03,1.741993127966130154e-03
-2.446599999999999909e+03,1.744384170082953012e-03
-2.446079999999999927e+03,1.746775100299775103e-03
-2.445559999999999945e+03,1.749166020236597036e-03
-2.445039999999999964e+03,1.751576201353418879e-03
-2.444519999999999982e+03,1.753986164550241185e-03
-2.444000000000000000e+03,1.756396251507063135e-03
-2.443480000000000018e+03,1.758806364553885688e-03
-2.442960000000000036e+03,1.761215895820708198e-03
-2.442440000000000055e+03,1.763626047867529727e-03
-2.441920000000000073e+03,1.766055167804352110e-03
-2.441399999999999636e+03,1.768484327091173879e-03
-2.440880000000000109e+03,1.770913040137995836e-03
-2.440360000000000127e+03,1.773361271404818532e-03
-2.439840000000000146e+03,1.775790390291640333e-03
-2.439319999999999709e+03,1.778238271408462239e-03
-2.438800000000000182e+03,1.780686593712106462e-03
-2.438280000000000200e+03,1.783134406758929294e-03
-2.437760000000000218e+03,1.785601765695750453e-03
-2.437239999999999782e+03,1.788049456912572770e-03
-2.436719999999999800e+03,1.790516938029394853e-03
-2.436199999999999818e+03,1.792983796966216925e-03
-2.435680000000000291e+03,1.795450588183039684e-03
-2.435159999999999854e+03,1.797937169299860909e-03
-2.434639999999999873e+03,1.800423060166683265e-03
-2.434119999999999891e+03,1.802909113613505865e-03
-2.433600000000000364e+03,1.805395504480327524e-03
-2.433079999999999927e+03,1.807881491437150637e-03
-2.432559999999999945e+03,1.810386644883972378e-03
-2.432039999999999964e+03,1.812891726787616486e-03
-2.431519999999999982e+03,1.815396907904438415e-03
-2.431000000000000000e+03,1.817902438121260554e-03
-2.430480000000000018e+03,1.820407458058082581e-03
-2.429960000000000036e+03,1.822931739174904952e-03
-2.429440000000000055e+03,1.825455802371726919e-03
-2.428920000000000073e+03,1.827980083488549290e-03
-2.428400000000000091e+03,1.830504241375371021e-03
-2.427880000000000109e+03,1.833047433642193309e-03
-2.427359999999999673e+03,1.835571714759015463e-03
-2.426840000000000146e+03,1.838114472645837249e-03
-2.426320000000000164e+03,1.840657850109482041e-03
-2.425800000000000182e+03,1.843220207996304006e-03
-2.425279999999999745e+03,1.845782689113126176e-03
-2.424760000000000218e+03,1.848345009049947359e-03
-2.424240000000000236e+03,1.850907339266770219e-03
-2.423720000000000255e+03,1.853469320383592219e-03
-2.423199999999999818e+03,1.856050711250413965e-03
-2.422679999999999836e+03,1.858613164697236813e-03
-2.422159999999999854e+03,1.861194123634059196e-03
-2.421639999999999873e+03,1.863775542520881325e-03
-2.421119999999999891e+03,1.866375787004524462e-03
-2.420599999999999909e+03,1.868957216871346919e-03
-2.420079999999999927e+03,1.871557358988169308e-03
-2.419559999999999945e+03,1.874157918274991196e-03
-2.419039999999999964e+03,1.876777142301814041e-03
-2.418519999999999982e+03,1.879377690258635840e-03
-2.418000000000000000e+03,1.881996943705457675e-03
-2.417480000000000018e+03,1.884616073572279761e-03
-2.416960000000000036e+03,1.887235721529102435e-03
-2.416440000000000055e+03,1.889874136942746143e-03
-2.415920000000000073e+03,1.892512395879568333e-03
-2.415400000000000091e+03,1.895151276996390535e-03
-2.414880000000000109e+03,1.897789495883212300e-03
-2.414360000000000127e+03,1.900427821310034628e-03
-2.413839999999999691e+03,1.903085179196856462e-03
-2.413319999999999709e+03,1.905742621313678874e-03
-2.412800000000000182e+03,1.908399952580501534e-03
-2.412280000000000200e+03,1.911057495664146089e-03
-2.411759999999999764e+03,1.913733954600967428e-03
-2.411239999999999782e+03,1.916391274887789542e-03
-2.410720000000000255e+03,1.919067826934611927e-03
-2.410200000000000273e+03,1.921763385871433924e-03
-2.409679999999999836e+03,1.924439937918255659e-03
-2.409159999999999854e+03,1.927135458205078006e-03
-2.408639999999999873e+03,1.929831202338721857e-03
-2.408119999999999891e+03,1.932526760225543707e-03
-2.407599999999999909e+03,1.935241013672366929e-03
-2.407079999999999927e+03,1.937936533609188649e-03
-2.406559999999999945e+03,1.940651285656010833e-03
-2.406039999999999964e+03,1.943385044942833040e-03
-2.405519999999999982e+03,1.946099268969655322e-03
-2.405000000000000000e+03,1.948833107963299184e-03
-2.404480000000000018e+03,1.951547389080121077e-03
-2.403960000000000036e+03,1.954300191276943464e-03
-2.403440000000000055e+03,1.957034072393765319e-03
-2.402920000000000073e+03,1.959786420350587491e-03
-2.402400000000000091e+03,1.962520216707409979e-03
-2.401880000000000109e+03,1.965272603664231996e-03
-2.401360000000000127e+03,1.968044246747876428e-03
-2.400840000000000146e+03,1.970797133704698615e-03
-2.400320000000000164e+03,1.973568620131520551e-03
-2.399799999999999727e+03,1.976340078018342262e-03
-2.399279999999999745e+03,1.979131259135165008e-03
-2.398760000000000218e+03,1.981902690401987112e-03
-2.398240000000000236e+03,1.984693433485630251e-03
-2.397719999999999800e+03,1.987484020442453151e-03
-2.397199999999999818e+03,1.990294234539275245e-03
-2.396680000000000291e+03,1.993084764756097426e-03
-2.396160000000000309e+03,1.995894545872920010e-03
-2.395639999999999873e+03,1.998704175739741788e-03
-2.395119999999999891e+03,2.001514047893385682e-03
-2.394599999999999909e+03,2.004342768180207915e-03
-2.394079999999999927e+03,2.007152492207030237e-03
-2.393559999999999945e+03,2.009981279163851851e-03
-2.393039999999999964e+03,2.012829232610674479e-03
-2.392519999999999982e+03,2.015657962477497133e-03
-2.392000000000000000e+03,2.018506034631141477e-03
-2.391480000000000018e+03,2.021353421587963363e-03
-2.390960000000000036e+03,2.024201278944785017e-03
-2.390440000000000055e+03,2.027068265901607515e-03
-2.389920000000000073e+03,2.029935347018429689e-03
-2.389400000000000091e+03,2.032801804905251704e-03
-2.388880000000000109e+03,2.035668921368895268e-03
-2.388360000000000127e+03,2.038555008325717340e-03
-2.387840000000000146e+03,2.041440660372539906e-03
-2.387320000000000164e+03,2.044326785799362167e-03
-2.386800000000000182e+03,2.047212304686183912e-03
-2.386279999999999745e+03,2.050117676839828280e-03
-2.385759999999999764e+03,2.053022335776650675e-03
-2.385239999999999782e+03,2.055927560153472580e-03
-2.384720000000000255e+03,2.058832247110294056e-03
-2.384199999999999818e+03,2.061756128227116517e-03
-2.383679999999999836e+03,2.064680449130760955e-03
-2.383159999999999854e+03,2.067604302577583444e-03
-2.382640000000000327e+03,2.070528183694405472e-03
-2.382119999999999891e+03,2.073471513561227306e-03
-2.381599999999999909e+03,2.076414455678049498e-03
-2.381079999999999927e+03,2.079357406001693630e-03
-2.380559999999999945e+03,2.082300330028515403e-03
-2.380039999999999964e+03,2.085262316985338205e-03
-2.379519999999999982e+03,2.088224398102159381e-03
-2.379000000000000000e+03,2.091186328318981897e-03
-2.378480000000000018e+03,2.094167572452626611e-03
-2.377960000000000036e+03,2.097148753569449096e-03
-2.377440000000000055e+03,2.100129811456271159e-03
-2.376920000000000073e+03,2.103110936883093290e-03
-2.376399999999999636e+03,2.106111123839914806e-03
-2.375880000000000109e+03,2.109092366923559156e-03
-2.375360000000000127e+03,2.112111748040381657e-03
-2.374840000000000146e+03,2.115111879307203686e-03
-2.374319999999999709e+03,2.118130731354025270e-03
-2.373800000000000182e+03,2.121150109347669406e-03
-2.373280000000000200e+03,2.124169462444491958e-03
-2.372760000000000218e+03,2.127188192661313895e-03
-2.372239999999999782e+03,2.130226673778135970e-03
-2.371719999999999800e+03,2.133265154894957612e-03
-2.371199999999999818e+03,2.136303075798602624e-03
-2.370680000000000291e+03,2.139360629245424302e-03
-2.370159999999999854e+03,2.142398516202246098e-03
-2.369639999999999873e+03,2.145475140229068361e-03
-2.369119999999999891e+03,2.148532312382713319e-03
-2.368600000000000364e+03,2.151608899339535301e-03
-2.368079999999999927e+03,2.154685052786357250e-03
-2.367559999999999945e+03,2.157761176813179776e-03
-2.367039999999999964e+03,2.160856954806823511e-03
-2.366519999999999982e+03,2.163933135923646299e-03
-2.366000000000000000e+03,2.167028266140467833e-03
-2.365480000000000018e+03,2.170142619237290255e-03
-2.364960000000000036e+03,2.173237991390934362e-03
-2.364440000000000055e+03,2.176352749277756047e-03
-2.363920000000000073e+03,2.179467074704578497e-03
-2.363400000000000091e+03,2.182600461661400766e-03
-2.362880000000000109e+03,2.185734004745045009e-03
-2.362359999999999673e+03,2.188867485861866954e-03
-2.361840000000000146e+03,2.192000844798688407e-03
-2.361320000000000164e+03,2.195134269175511368e-03
-2.360800000000000182e+03,2.198286941329155499e-03
-2.360279999999999745e+03,2.201438928285978040e-03
-2.359760000000000218e+03,2.204610581382799618e-03
-2.359240000000000236e+03,2.207782205759621728e-03
-2.358720000000000255e+03,2.210953883753266191e-03
-2.358199999999999818e+03,2.214125564870088152e-03
-2.357679999999999836e+03,2.217296688896910114e-03
-2.357159999999999854e+03,2.220487414853732685e-03
-2.356639999999999873e+03,2.223678259337375993e-03
-2.356119999999999891e+03,2.226868389204198287e-03
-2.355599999999999909e+03,2.230078270321021131e-03
-2.355079999999999927e+03,2.233287651437843371e-03
-2.354559999999999945e+03,2.236516600361487545e-03
-2.354039999999999964e+03,2.239725925788309865e-03
-2.353519999999999982e+03,2.242954906905131416e-03
-2.353000000000000000e+03,2.246202484898776174e-03
-2.352480000000000018e+03,2.249430936945598109e-03
-2.351960000000000036e+03,2.252679029042419998e-03
-2.351440000000000055e+03,2.255926488329242172e-03
-2.350920000000000073e+03,2.259174131412886293e-03
-2.350400000000000091e+03,2.262440812529708557e-03
-2.349880000000000109e+03,2.265707871466530934e-03
-2.349360000000000127e+03,2.268974643620174942e-03
-2.348839999999999691e+03,2.272260367996996929e-03
-2.348319999999999709e+03,2.275527088113819037e-03
-2.347800000000000182e+03,2.278812775070641200e-03
-2.347280000000000200e+03,2.282117690134285396e-03
-2.346759999999999764e+03,2.285422571251107676e-03
-2.346239999999999782e+03,2.288727330537929875e-03
-2.345720000000000255e+03,2.292032302691574333e-03
-2.345200000000000273e+03,2.295356226718395492e-03
-2.344679999999999836e+03,2.298680152675217948e-03
-2.344159999999999854e+03,2.302003724828862678e-03
-2.343639999999999873e+03,2.305327649205684681e-03
-2.343119999999999891e+03,2.308670702302506594e-03
-2.342599999999999909e+03,2.312013189259329044e-03
-2.342079999999999927e+03,2.315375500412972937e-03
-2.341559999999999945e+03,2.318737652459794928e-03
-2.341039999999999964e+03,2.322099211396617437e-03
-2.340519999999999982e+03,2.325461455880261513e-03
-2.340000000000000000e+03,2.328842207927083775e-03
-2.339480000000000018e+03,2.332223433883905822e-03
-2.338960000000000036e+03,2.335604306037549708e-03
-2.338440000000000055e+03,2.339004659134372079e-03
-2.337920000000000073e+03,2.342385383511194370e-03
-2.337400000000000091e+03,2.345804861504838332e-03
-2.336880000000000109e+03,2.349204781621660326e-03
-2.336360000000000127e+03,2.352623734718482969e-03
-2.335840000000000146e+03,2.356042777802126557e-03
-2.335320000000000164e+03,2.359481264758948784e-03
-2.334799999999999727e+03,2.362919357205770822e-03
-2.334279999999999745e+03,2.366357500289415720e-03
-2.333760000000000218e+03,2.369795553386237503e-03
-2.333240000000000236e+03,2.373252640343059567e-03
-2.332719999999999800e+03,2.376709951496703763e-03
-2.332199999999999818e+03,2.380167103543526057e-03
-2.331680000000000291e+03,2.383643328970347884e-03
-2.331160000000000309e+03,2.387119606963992568e-03
-2.330639999999999873e+03,2.390595927080814160e-03
-2.330119999999999891e+03,2.394091279127636470e-03
-2.329599999999999909e+03,2.397586251281280667e-03
-2.329079999999999927e+03,2.401081549218103076e-03
-2.328559999999999945e+03,2.404596002664924868e-03
-2.328039999999999964e+03,2.408110545748568931e-03
-2.327519999999999982e+03,2.411624526865391391e-03
-2.327000000000000000e+03,2.415138952822213324e-03
-2.326480000000000018e+03,2.418691696955857767e-03
-2.325960000000000036e+03,2.422224749002680356e-03
-2.325440000000000055e+03,2.425777441449502008e-03
-2.324920000000000073e+03,2.429310519443146112e-03
-2.324400000000000091e+03,2.432882300559967900e-03
-2.323880000000000109e+03,2.436434463586789959e-03
-2.323360000000000127e+03,2.440005835740434188e-03
-2.322840000000000146e+03,2.443577616857257277e-03
-2.322320000000000164e+03,2.447168033850900381e-03
-2.321800000000000182e+03,2.450739258227723014e-03
-2.321279999999999745e+03,2.454349211324545737e-03
-2.320759999999999764e+03,2.457939722478189818e-03
-2.320239999999999782e+03,2.461549203595011885e-03
-2.319720000000000255e+03,2.465158561481834397e-03
-2.319199999999999818e+03,2.468768172635478052e-03
-2.318679999999999836e+03,2.472415825732299753e-03
-2.318159999999999854e+03,2.476044509215944312e-03
-2.317640000000000327e+03,2.479673061262766941e-03
-2.317119999999999891e+03,2.483320648219588915e-03
-2.316599999999999909e+03,2.486968459373232587e-03
-2.316079999999999927e+03,2.490635212470055163e-03
-2.315559999999999945e+03,2.494301964516876940e-03
-2.315039999999999964e+03,2.497968875670521054e-03
-2.314519999999999982e+03,2.501654229117343010e-03
-2.314000000000000000e+03,2.505340146110987456e-03
-2.313480000000000018e+03,2.509025998157810109e-03
-2.312960000000000036e+03,2.512711351254631655e-03
-2.312440000000000055e+03,2.516416462408276652e-03
-2.311920000000000073e+03,2.520120943525098155e-03
-2.311399999999999636e+03,2.523845154678741858e-03
-2.310880000000000109e+03,2.527569112565564418e-03
-2.310360000000000127e+03,2.531292676992387154e-03
-2.309840000000000146e+03,2.535035449146031284e-03
-2.309319999999999709e+03,2.538778630262853407e-03
-2.308800000000000182e+03,2.542521412346497502e-03
-2.308280000000000200e+03,2.546283193463319897e-03
-2.307760000000000218e+03,2.550045419420141762e-03
-2.307239999999999782e+03,2.553826363553785093e-03
-2.306719999999999800e+03,2.557588154600607452e-03
-2.306199999999999818e+03,2.561369099084252060e-03
-2.305680000000000291e+03,2.565169119201074314e-03
-2.305159999999999854e+03,2.568950000317896717e-03
-2.304639999999999873e+03,2.572769711471541328e-03
-2.304119999999999891e+03,2.576569541338362499e-03
-2.303600000000000364e+03,2.580388752492006939e-03
-2.303079999999999927e+03,2.584207333608829621e-03
-2.302559999999999945e+03,2.588045644762473636e-03
-2.302039999999999964e+03,2.591883825879294761e-03
-2.301519999999999982e+03,2.595721989256117614e-03
-2.301000000000000000e+03,2.599560233389761835e-03
-2.300480000000000018e+03,2.603417553506583680e-03
-2.299960000000000036e+03,2.607293431500228020e-03
-2.299440000000000055e+03,2.611169822547050861e-03
-2.298920000000000073e+03,2.615046294700695047e-03
-2.298400000000000091e+03,2.618922214817516730e-03
-2.297880000000000109e+03,2.622817695934339180e-03
-2.297359999999999673e+03,2.626712779067983099e-03
-2.296840000000000146e+03,2.630627331114805244e-03
-2.296320000000000164e+03,2.634541514598449149e-03
-2.295800000000000182e+03,2.638455595715271437e-03
-2.295279999999999745e+03,2.642389406868916359e-03
-2.294760000000000218e+03,2.646322493825737244e-03
-2.294240000000000236e+03,2.650255747889382167e-03
-2.293720000000000255e+03,2.654208568006204486e-03
-2.293199999999999818e+03,2.658160940159848534e-03
-2.292679999999999836e+03,2.662132360276670256e-03
-2.292159999999999854e+03,2.666084641393492993e-03
-2.291639999999999873e+03,2.670056123477136580e-03
-2.291119999999999891e+03,2.674046643593958310e-03
-2.290599999999999909e+03,2.678037188077603270e-03
-2.290079999999999927e+03,2.682027680174425919e-03
-2.289559999999999945e+03,2.686037352328069991e-03
-2.289039999999999964e+03,2.690046972444892163e-03
-2.288519999999999982e+03,2.694075754528536641e-03
-2.288000000000000000e+03,2.698104341485358434e-03
-2.287480000000000018e+03,2.702133152639002358e-03
-2.286960000000000036e+03,2.706180433755824965e-03
-2.286440000000000055e+03,2.710228316889469382e-03
-2.285920000000000073e+03,2.714276107936290823e-03
-2.285400000000000091e+03,2.718342580089934749e-03
-2.284880000000000109e+03,2.722409500206757378e-03
-2.284360000000000127e+03,2.726495111360401156e-03
-2.283839999999999691e+03,2.730581064807223544e-03
-2.283319999999999709e+03,2.734666555854045698e-03
-2.282800000000000182e+03,2.738752667007689646e-03
-2.282280000000000200e+03,2.742857220104511894e-03
-2.281759999999999764e+03,2.746981031258156555e-03
-2.281239999999999782e+03,2.751105251374978342e-03
-2.280720000000000255e+03,2.755229023528622725e-03
-2.280200000000000273e+03,2.759352714575444895e-03
-2.279679999999999836e+03,2.763514725729088704e-03
-2.279159999999999854e+03,2.767658006845911522e-03
-2.278639999999999873e+03,2.771820017999555765e-03
-2.278119999999999891e+03,2.775981938116377831e-03
-2.277599999999999909e+03,2.780162982250021855e-03
-2.277079999999999927e+03,2.784343973296843616e-03
-2.276559999999999945e+03,2.788525084450488301e-03
-2.276039999999999964e+03,2.792725204567309515e-03
-2.275519999999999982e+03,2.796924876720954627e-03
-2.275000000000000000e+03,2.801144160204599356e-03
-2.274480000000000018e+03,2.805363380321421012e-03
-2.273960000000000036e+03,2.809582623405065555e-03
-2.273440000000000055e+03,2.813820443521886615e-03
-2.272920000000000073e+03,2.818058826655530941e-03
-2.272400000000000091e+03,2.822316246772353047e-03
-2.271880000000000109e+03,2.826554118925997307e-03
-2.271360000000000127e+03,2.830830639042819855e-03
-2.270840000000000146e+03,2.835106721126463662e-03
-2.270320000000000164e+03,2.839383241243286643e-03
-2.269799999999999727e+03,2.843678452396931206e-03
-2.269279999999999745e+03,2.847974033513752615e-03
-2.268760000000000218e+03,2.852269244667396744e-03
-2.268240000000000236e+03,2.856583464784218703e-03
-2.267719999999999800e+03,2.860897747917863325e-03
-2.267199999999999818e+03,2.865231499964685305e-03
-2.266680000000000291e+03,2.869564911118329883e-03
-2.266160000000000309e+03,2.873898322271973595e-03
-2.265639999999999873e+03,2.878250742388795570e-03
-2.265119999999999891e+03,2.882622353542440598e-03
-2.264599999999999909e+03,2.886974773659262139e-03
-2.264079999999999927e+03,2.891346345812906456e-03
-2.263559999999999945e+03,2.895736936859728567e-03
-2.263039999999999964e+03,2.900127648013373170e-03
-2.262519999999999982e+03,2.904537462290194411e-03
-2.262000000000000000e+03,2.908927673443838843e-03
-2.261480000000000018e+03,2.913356556577483512e-03
-2.260960000000000036e+03,2.917766237694305233e-03
-2.260440000000000055e+03,2.922195148847950286e-03
-2.259920000000000073e+03,2.926642539894772251e-03
-2.259400000000000091e+03,2.931090551048416443e-03
-2.258880000000000109e+03,2.935537971165238721e-03
-2.258360000000000127e+03,2.940005054648882950e-03
-2.257840000000000146e+03,2.944471665802526981e-03
-2.257320000000000164e+03,2.948957785919349012e-03
-2.256800000000000182e+03,2.953443458072993206e-03
-2.256279999999999745e+03,2.957948178189815508e-03
-2.255759999999999764e+03,2.962453554433459955e-03
-2.255239999999999782e+03,2.966958274550281389e-03
-2.254720000000000255e+03,2.971482185703925877e-03
-2.254199999999999818e+03,2.976006068837570417e-03
-2.253679999999999836e+03,2.980549488954392038e-03
-2.253159999999999854e+03,2.985092500108036100e-03
-2.252640000000000327e+03,2.989635420224858852e-03
-2.252119999999999891e+03,2.994197531378502922e-03
-2.251599999999999909e+03,2.998778713462147121e-03
-2.251079999999999927e+03,3.003340827738969123e-03
-2.250559999999999945e+03,3.007940599892613195e-03
-2.250039999999999964e+03,3.012521720009435963e-03
-2.249519999999999982e+03,3.017141131163080057e-03
-2.249000000000000000e+03,3.021741442316724143e-03
-2.248480000000000018e+03,3.026360290103546295e-03
-2.247960000000000036e+03,3.030998801257190831e-03
-2.247440000000000055e+03,3.035637221374011888e-03
-2.246920000000000073e+03,3.040275297617656917e-03
-2.246399999999999636e+03,3.044932908771300593e-03
-2.245880000000000109e+03,3.049609028888123231e-03
-2.245360000000000127e+03,3.054266640041767775e-03
-2.244840000000000146e+03,3.058961860158589553e-03
-2.244319999999999709e+03,3.063638571312233237e-03
-2.243800000000000182e+03,3.068333948605878221e-03
-2.243280000000000200e+03,3.073048268722700441e-03
-2.242760000000000218e+03,3.077762679876343971e-03
-2.242239999999999782e+03,3.082477561959989093e-03
-2.241719999999999800e+03,3.087230082076810895e-03
-2.241199999999999818e+03,3.091963593230455300e-03
-2.240680000000000291e+03,3.096716246507277056e-03
-2.240159999999999854e+03,3.101468857660921036e-03
-2.239639999999999873e+03,3.106240568814565891e-03
-2.239119999999999891e+03,3.111012188931387267e-03
-2.238600000000000364e+03,3.115803000085032130e-03
-2.238079999999999927e+03,3.120593811238675692e-03
-2.237559999999999945e+03,3.125403225515498325e-03
-2.237039999999999964e+03,3.130213136669142762e-03
-2.236519999999999982e+03,3.135023018752787754e-03
-2.236000000000000000e+03,3.139851938869607853e-03
-2.235480000000000018e+03,3.144699550023253003e-03
-2.234960000000000036e+03,3.149547755336897566e-03
-2.234440000000000055e+03,3.154395275453719671e-03
-2.233920000000000073e+03,3.159262525607363110e-03
-2.233400000000000091e+03,3.164148336761007842e-03
-2.232880000000000109e+03,3.169015456877830560e-03
-2.232359999999999673e+03,3.173920462191474976e-03
-2.231840000000000146e+03,3.178825401015118821e-03
-2.231320000000000164e+03,3.183730721131940253e-03
-2.230800000000000182e+03,3.188654732285585002e-03
-2.230279999999999745e+03,3.193578876599229271e-03
-2.229760000000000218e+03,3.198521867646051103e-03
-2.229240000000000236e+03,3.203464978799694558e-03
-2.228720000000000255e+03,3.208427189953339323e-03
-2.228199999999999818e+03,3.213389404230162887e-03
-2.227679999999999836e+03,3.218370715383807226e-03
-2.227159999999999854e+03,3.223332965537450967e-03
-2.226639999999999873e+03,3.228333285654272269e-03
-2.226119999999999891e+03,3.233333790967917159e-03
-2.225599999999999909e+03,3.238353302121561948e-03
-2.225079999999999927e+03,3.243372222238383520e-03
-2.224559999999999945e+03,3.248410872392027728e-03
-2.224039999999999964e+03,3.253449577705671766e-03
-2.223519999999999982e+03,3.258487716529316364e-03
-2.223000000000000000e+03,3.263545336646136823e-03
-2.222480000000000018e+03,3.268621647799781031e-03
-2.221960000000000036e+03,3.273698592113427099e-03
-2.221440000000000055e+03,3.278793883160248824e-03
-2.220920000000000073e+03,3.283870694313893203e-03
-2.220400000000000091e+03,3.288985299627537103e-03
-2.219880000000000109e+03,3.294099849781180304e-03
-2.219360000000000127e+03,3.299233369898003226e-03
-2.218839999999999691e+03,3.304367481051647196e-03
-2.218319999999999709e+03,3.309501186365291538e-03
-2.217800000000000182e+03,3.314672945482113452e-03
-2.217280000000000200e+03,3.319825684305757665e-03
-2.216759999999999764e+03,3.324997589619402890e-03
-2.216239999999999782e+03,3.330188539773046557e-03
-2.215720000000000255e+03,3.335379359889868202e-03
-2.215200000000000273e+03,3.340570365203513435e-03
-2.214679999999999836e+03,3.345780415357156676e-03
-2.214159999999999854e+03,3.351009026510801212e-03
-2.213639999999999873e+03,3.356238140787622982e-03
-2.213119999999999891e+03,3.361486390941267541e-03
-2.212599999999999909e+03,3.366734102094911651e-03
-2.212079999999999927e+03,3.372001535078556454e-03
-2.211559999999999945e+03,3.377268794195379710e-03
-2.211039999999999964e+03,3.382554705349022535e-03
-2.210519999999999982e+03,3.387841210662666074e-03
-2.210000000000000000e+03,3.393146288836310868e-03
-2.209480000000000018e+03,3.398451208953132824e-03
-2.208960000000000036e+03,3.403775914266778981e-03
-2.208440000000000055e+03,3.409100035350422653e-03
-2.207920000000000073e+03,3.414443246504067237e-03
-2.207400000000000091e+03,3.419805627450888709e-03
-2.206880000000000109e+03,3.425167938604533301e-03
-2.206360000000000127e+03,3.430530749758176328e-03
-2.205840000000000146e+03,3.435912294071820014e-03
-2.205320000000000164e+03,3.441312714188642010e-03
-2.204799999999999727e+03,3.446713264342287329e-03
-2.204279999999999745e+03,3.452113369655931876e-03
-2.203760000000000218e+03,3.457532980809575190e-03
-2.203240000000000236e+03,3.462971852793219740e-03
-2.202719999999999800e+03,3.468410472910041752e-03
-2.202199999999999818e+03,3.473868323063685794e-03
-2.201680000000000291e+03,3.479325728377329931e-03
-2.201160000000000309e+03,3.484802678530973981e-03
-2.200639999999999873e+03,3.490298283844618567e-03
-2.200119999999999891e+03,3.495775170981440822e-03
-2.199599999999999909e+03,3.501289782135086175e-03
-2.199079999999999927e+03,3.506805054118729888e-03
-2.198559999999999945e+03,3.512319665272373506e-03
-2.198039999999999964e+03,3.517853970586017412e-03
-2.197519999999999982e+03,3.523406729702840447e-03
-2.197000000000000000e+03,3.528959635016484190e-03
-2.196480000000000018e+03,3.534531585170129411e-03
-2.195960000000000036e+03,3.540103535323772897e-03
-2.195440000000000055e+03,3.545694668307418796e-03
-2.194920000000000073e+03,3.551286127424238982e-03
-2.194400000000000091e+03,3.556896332737884050e-03
-2.193880000000000109e+03,3.562525082891527823e-03
-2.193360000000000127e+03,3.568154416225171981e-03
-2.192840000000000146e+03,3.573802766378815932e-03
-2.192320000000000164e+03,3.579451105202460879e-03
-2.191800000000000182e+03,3.585118558479283204e-03
-2.191279999999999745e+03,3.590785469632925848e-03
-2.190759999999999764e+03,3.596472113946571660e-03
-2.190239999999999782e+03,3.602177764100215202e-03
-2.189720000000000255e+03,3.607882969413860573e-03
-2.189199999999999818e+03,3.613588647237504087e-03
-2.188679999999999836e+03,3.619331961514325995e-03
-2.188159999999999854e+03,3.625056711667971280e-03
-2.187640000000000327e+03,3.630819313071614179e-03
-2.187119999999999891e+03,3.636581724225257731e-03
-2.186599999999999909e+03,3.642344768538902273e-03
-2.186079999999999927e+03,3.648126307362546238e-03
-2.185559999999999945e+03,3.653926960639368882e-03
-2.185039999999999964e+03,3.659727610793013595e-03
-2.184519999999999982e+03,3.665547416106658581e-03
-2.184000000000000000e+03,3.671367166260301133e-03
-2.183480000000000018e+03,3.677225210573945979e-03
-2.182960000000000036e+03,3.683064077417589916e-03
-2.182440000000000055e+03,3.688922121731234762e-03
-2.181920000000000073e+03,3.694799171884879073e-03
-2.181399999999999636e+03,3.700676186161700604e-03
-2.180880000000000109e+03,3.706571836315345186e-03
-2.180360000000000127e+03,3.712487208298988293e-03
-2.179840000000000146e+03,3.718402419452633209e-03
-2.179319999999999709e+03,3.724317263766277475e-03
-2.178800000000000182e+03,3.730270713919923552e-03
-2.178280000000000200e+03,3.736204686253566474e-03
-2.177760000000000218e+03,3.742177225077211386e-03
-2.177239999999999782e+03,3.748149369390854808e-03
-2.176719999999999800e+03,3.754141022667677532e-03
-2.176199999999999818e+03,3.760132172821321287e-03
-2.175680000000000291e+03,3.766142478134965749e-03
-2.175159999999999854e+03,3.772152755958609917e-03
-2.174639999999999873e+03,3.778201329342253684e-03
-2.174119999999999891e+03,3.784230707515897837e-03
-2.173600000000000364e+03,3.790298312829542323e-03
-2.173079999999999927e+03,3.796347290653187111e-03
-2.172559999999999945e+03,3.802433534966832146e-03
-2.172039999999999964e+03,3.808539379280475191e-03
-2.171519999999999982e+03,3.814626029434119853e-03
-2.171000000000000000e+03,3.820731743710941743e-03
-2.170480000000000018e+03,3.826875749554586349e-03
-2.169960000000000036e+03,3.833019293868230107e-03
-2.169440000000000055e+03,3.839163338181874469e-03
-2.168920000000000073e+03,3.845325888335517691e-03
-2.168400000000000091e+03,3.851489021319162188e-03
-2.167880000000000109e+03,3.857670671472806720e-03
-2.167359999999999673e+03,3.863872044856451853e-03
-2.166840000000000146e+03,3.870072917190095149e-03
-2.166320000000000164e+03,3.876312367343739008e-03
-2.165800000000000182e+03,3.882532339327383203e-03
-2.165279999999999745e+03,3.888771289481026891e-03
-2.164760000000000218e+03,3.895029433794672865e-03
-2.164240000000000236e+03,3.901306639108316401e-03
-2.163720000000000255e+03,3.907583844951960893e-03
-2.163199999999999818e+03,3.913880189265605582e-03
-2.162679999999999836e+03,3.920176533579249403e-03
-2.162159999999999854e+03,3.926491883732893123e-03
-2.161639999999999873e+03,3.932826364679716490e-03
-2.161119999999999891e+03,3.939160938063360207e-03
-2.160599999999999909e+03,3.945533616237004333e-03
-2.160079999999999927e+03,3.951887260550649046e-03
-2.159559999999999945e+03,3.958278632534294010e-03
-2.159039999999999964e+03,3.964651282687937754e-03
-2.158519999999999982e+03,3.971061727001581020e-03
-2.158000000000000000e+03,3.977472699335225272e-03
-2.157480000000000018e+03,3.983902177158870142e-03
-2.156960000000000036e+03,3.990351321472514028e-03
-2.156440000000000055e+03,3.996799965786159044e-03
-2.155920000000000073e+03,4.003267672679802942e-03
-2.155400000000000091e+03,4.009755016993446844e-03
-2.154880000000000109e+03,4.016241889327090524e-03
-2.154360000000000127e+03,4.022747739480735454e-03
-2.153839999999999691e+03,4.029272811464379607e-03
-2.153319999999999709e+03,4.035778755778023780e-03
-2.152800000000000182e+03,4.042322900091668836e-03
-2.152280000000000200e+03,4.048886078265312438e-03
-2.151759999999999764e+03,4.055449350248955739e-03
-2.151239999999999782e+03,4.062031723632599824e-03
-2.150720000000000255e+03,4.068632573786245057e-03
-2.150200000000000273e+03,4.075234045769889242e-03
-2.149679999999999836e+03,4.081854618103533845e-03
-2.149159999999999854e+03,4.088493762417178337e-03
-2.148639999999999873e+03,4.095133312570823324e-03
-2.148119999999999891e+03,4.101791584554466061e-03
-2.147599999999999909e+03,4.108450328868109430e-03
-2.147079999999999927e+03,4.115127860308576656e-03
-2.146559999999999945e+03,4.121843838132221646e-03
-2.146039999999999964e+03,4.128559382445865303e-03
-2.145519999999999982e+03,4.135274926759509827e-03
-2.145000000000000000e+03,4.142009626763153846e-03
-2.144480000000000018e+03,4.148763276916798276e-03
-2.143960000000000036e+03,4.155517021230441949e-03
-2.143440000000000055e+03,4.162289894614085509e-03
-2.142920000000000073e+03,4.169081905597731182e-03
-2.142400000000000091e+03,4.175892977931374393e-03
-2.141880000000000109e+03,4.182703928085019715e-03
-2.141360000000000127e+03,4.189534100068663391e-03
-2.140840000000000146e+03,4.196383344382307104e-03
-2.140320000000000164e+03,4.203232155715950873e-03
-2.139799999999999727e+03,4.210100556769595312e-03
-2.139279999999999745e+03,4.216987906923240666e-03
-2.138760000000000218e+03,4.223893951236884665e-03
-2.138240000000000236e+03,4.230800642277350067e-03
-2.137719999999999800e+03,4.237725825590995220e-03
-2.137199999999999818e+03,4.244651469904638097e-03
-2.136680000000000291e+03,4.251614747728281983e-03
-2.136160000000000309e+03,4.258559049131927128e-03
-2.135639999999999873e+03,4.265560632445572313e-03
-2.135119999999999891e+03,4.272543104429217184e-03
-2.134599999999999909e+03,4.279545148742860960e-03
-2.134079999999999927e+03,4.286565860076504801e-03
-2.133559999999999945e+03,4.293605632060149696e-03
-2.133039999999999964e+03,4.300645311283792654e-03
-2.132519999999999982e+03,4.307722846634260035e-03
-2.132000000000000000e+03,4.314781785637904730e-03
-2.131480000000000018e+03,4.321878829951547943e-03
-2.130960000000000036e+03,4.328975874265192890e-03
-2.130440000000000055e+03,4.336110714318836511e-03
-2.129920000000000073e+03,4.343226886652480981e-03
-2.129400000000000091e+03,4.350381164476124080e-03
-2.128880000000000109e+03,4.357535047789770459e-03
-2.128360000000000127e+03,4.364708083140235277e-03
-2.127840000000000146e+03,4.371900683143878884e-03
-2.127320000000000164e+03,4.379111895527525167e-03
-2.126800000000000182e+03,4.386323039841167823e-03
-2.126279999999999745e+03,4.393553878844811723e-03
-2.125759999999999764e+03,4.400803223158456998e-03
-2.125239999999999782e+03,4.408052567472101405e-03
-2.124720000000000255e+03,4.415340207525744222e-03
-2.124199999999999818e+03,4.422627870896211205e-03
-2.123679999999999836e+03,4.429934487719856644e-03
-2.123159999999999854e+03,4.437241132033499340e-03
-2.122640000000000327e+03,4.444586043367143580e-03
-2.122119999999999891e+03,4.451911344420787266e-03
-2.121599999999999909e+03,4.459294388734433463e-03
-2.121079999999999927e+03,4.466658463084899507e-03
-2.120559999999999945e+03,4.474060163088544595e-03
-2.120039999999999964e+03,4.481462346402187609e-03
-2.119519999999999982e+03,4.488883147455832202e-03
-2.119000000000000000e+03,4.496323558789476482e-03
-2.118480000000000018e+03,4.503763403103121232e-03
-2.117960000000000036e+03,4.511222505123586683e-03
-2.117440000000000055e+03,4.518701077457231569e-03
-2.116920000000000073e+03,4.526198317510875604e-03
-2.116399999999999636e+03,4.533714561824519519e-03
-2.115880000000000109e+03,4.541230873158164094e-03
-2.115360000000000127e+03,4.548766375178629577e-03
-2.114840000000000146e+03,4.556339948562275130e-03
-2.114319999999999709e+03,4.563894459545918443e-03
-2.113800000000000182e+03,4.571487131879562772e-03
-2.113280000000000200e+03,4.579079842863206969e-03
-2.112760000000000218e+03,4.586710278213674240e-03
-2.112239999999999782e+03,4.594322118617317000e-03
-2.111719999999999800e+03,4.601972129600962087e-03
-2.111199999999999818e+03,4.609640673914605462e-03
-2.110680000000000291e+03,4.617309903955073118e-03
-2.110159999999999854e+03,4.624997577338717247e-03
-2.109639999999999873e+03,4.632723960652361528e-03
-2.109119999999999891e+03,4.640430799656004683e-03
-2.108600000000000364e+03,4.648175743969648957e-03
-2.108079999999999927e+03,4.655920875060116405e-03
-2.107559999999999945e+03,4.663704586393760225e-03
-2.107039999999999964e+03,4.671487758377404487e-03
-2.106519999999999982e+03,4.679290041691048195e-03
-2.106000000000000000e+03,4.687092500801515182e-03
-2.105480000000000018e+03,4.694932945115159496e-03
-2.104960000000000036e+03,4.702773050608803108e-03
-2.104440000000000055e+03,4.710632661592447680e-03
-2.103920000000000073e+03,4.718511465012915213e-03
-2.103400000000000091e+03,4.726409265016558170e-03
-2.102880000000000109e+03,4.734325648330201322e-03
-2.102359999999999673e+03,4.742242650350668963e-03
-2.101840000000000146e+03,4.750197290754312393e-03
-2.101320000000000164e+03,4.758152362737957594e-03
-2.100800000000000182e+03,4.766126046051600770e-03
-2.100279999999999745e+03,4.774119505162067838e-03
-2.099760000000000218e+03,4.782131388475711897e-03
-2.099240000000000236e+03,4.790143326949355788e-03
-2.098720000000000255e+03,4.798193465953000218e-03
-2.098199999999999818e+03,4.806243669373466351e-03
-2.097679999999999836e+03,4.814312908377112524e-03
-2.097159999999999854e+03,4.822401191690755748e-03
-2.096639999999999873e+03,4.830508654711219985e-03
-2.096119999999999891e+03,4.838616095114865213e-03
-2.095599999999999909e+03,4.846761800258511145e-03
-2.095079999999999927e+03,4.854926602628976962e-03
-2.094559999999999945e+03,4.863090842682622067e-03
-2.094039999999999964e+03,4.871274625996265331e-03
-2.093519999999999982e+03,4.879477656036730268e-03
-2.093000000000000000e+03,4.887699100350375268e-03
-2.092480000000000018e+03,4.895939834564019648e-03
-2.091960000000000036e+03,4.904200136934486372e-03
-2.091440000000000055e+03,4.912459847918129903e-03
-2.090920000000000073e+03,4.920757788321775475e-03
-2.090400000000000091e+03,4.929056290342240070e-03
-2.089880000000000109e+03,4.937373367815884630e-03
-2.089360000000000127e+03,4.945709535889529322e-03
-2.088839999999999691e+03,4.954064810239995967e-03
-2.088319999999999709e+03,4.962439149243639928e-03
-2.087800000000000182e+03,4.970832561627285158e-03
-2.087280000000000200e+03,4.979245285827749688e-03
-2.086759999999999764e+03,4.987657269141396177e-03
-2.086239999999999782e+03,4.996088880125038913e-03
-2.085720000000000255e+03,5.004558811565505867e-03
-2.085200000000000273e+03,5.013028216709148992e-03
-2.084679999999999836e+03,5.021536228042794772e-03
-2.084159999999999854e+03,5.030024759133259853e-03
-2.083639999999999873e+03,5.038551842446904391e-03
-2.083119999999999891e+03,5.047097766647371843e-03
-2.082599999999999909e+03,5.055662579031014806e-03
-2.082079999999999927e+03,5.064247018034659722e-03
-2.081559999999999945e+03,5.072831020055126698e-03
-2.081039999999999964e+03,5.081453254618770177e-03
-2.080519999999999982e+03,5.090075365602414990e-03
-2.080000000000000000e+03,5.098735739952881159e-03
-2.079480000000000018e+03,5.107396202186524625e-03
-2.078960000000000036e+03,5.116075715536991080e-03
-2.078440000000000055e+03,5.124792854540635711e-03
-2.077920000000000073e+03,5.133510557961101783e-03
-2.077400000000000091e+03,5.142247391124746270e-03
-2.076880000000000109e+03,5.151002674438389696e-03
-2.076360000000000127e+03,5.159758633548856138e-03
-2.075840000000000146e+03,5.168552238692501397e-03
-2.075320000000000164e+03,5.177365509132967301e-03
-2.074799999999999727e+03,5.186197220116610732e-03
-2.074279999999999745e+03,5.195048097590255175e-03
-2.073760000000000218e+03,5.203918656700720798e-03
-2.073240000000000236e+03,5.212788540014366007e-03
-2.072719999999999800e+03,5.221696903214832416e-03
-2.072199999999999818e+03,5.230605043268477493e-03
-2.071680000000000291e+03,5.239551445638942692e-03
-2.071160000000000309e+03,5.248497850782589749e-03
-2.070639999999999873e+03,5.257482482223053109e-03
-2.070119999999999891e+03,5.266466626366698989e-03
-2.069599999999999909e+03,5.275470385477164931e-03
-2.069079999999999927e+03,5.284493068790809336e-03
-2.068559999999999945e+03,5.293553640954453895e-03
-2.068039999999999964e+03,5.302614644374919507e-03
-2.067519999999999982e+03,5.311713377538564672e-03
-2.067000000000000000e+03,5.320812551889031287e-03
-2.066480000000000018e+03,5.329930358962675641e-03
-2.065960000000000036e+03,5.339067355143139147e-03
-2.065440000000000055e+03,5.348242395546784142e-03
-2.064920000000000073e+03,5.357418130727250281e-03
-2.064400000000000091e+03,5.366612269730895377e-03
-2.063880000000000109e+03,5.375825706311361703e-03
-2.063360000000000127e+03,5.385077145315006822e-03
-2.062840000000000146e+03,5.394328648735471042e-03
-2.062320000000000164e+03,5.403598820899115952e-03
-2.061800000000000182e+03,5.412888522919582016e-03
-2.061279999999999745e+03,5.422197357483228043e-03
-2.060759999999999764e+03,5.431543898503693804e-03
-2.060239999999999782e+03,5.440890933067338113e-03
-2.059720000000000255e+03,5.450257074087803619e-03
-2.059199999999999818e+03,5.459641807251449167e-03
-2.058679999999999836e+03,5.469064749671914867e-03
-2.058159999999999854e+03,5.478488273872381478e-03
-2.057640000000000327e+03,5.487930252926025848e-03
-2.057119999999999891e+03,5.497391449456491032e-03
-2.056599999999999909e+03,5.506890699440135546e-03
-2.056079999999999927e+03,5.516390152710602332e-03
-2.055559999999999945e+03,5.525927575024246891e-03
-2.055039999999999964e+03,5.535484328294713700e-03
-2.054519999999999982e+03,5.545040906298357754e-03
-2.054000000000000000e+03,5.554635803878823358e-03
-2.053480000000000018e+03,5.564249181882467699e-03
-2.052960000000000036e+03,5.573863150392933431e-03
-2.052440000000000055e+03,5.583515348503400449e-03
-2.051920000000000073e+03,5.593186053647045131e-03
-2.051399999999999636e+03,5.602876424087509591e-03
-2.050880000000000109e+03,5.612585368231155433e-03
-2.050360000000000127e+03,5.622313521501621711e-03
-2.049840000000000146e+03,5.632061134852087668e-03
-2.049319999999999709e+03,5.641827397085731784e-03
-2.048800000000000182e+03,5.651612766126197507e-03
-2.048280000000000200e+03,5.661417210269843389e-03
-2.047760000000000218e+03,5.671259841710310501e-03
-2.047239999999999782e+03,5.681102576890775975e-03
-2.046720000000000027e+03,5.690983478124420417e-03
-2.046200000000000045e+03,5.700863752474886678e-03
-2.045680000000000064e+03,5.710782853708530268e-03
-2.045159999999999854e+03,5.720702016908996157e-03
-2.044639999999999873e+03,5.730677820329463205e-03
-2.044120000000000118e+03,5.740635092493107799e-03
-2.043600000000000136e+03,5.750630062583573371e-03
-2.043079999999999927e+03,5.760644607077218884e-03
-2.042559999999999945e+03,5.770696960347684694e-03
-2.042039999999999964e+03,5.780749201368151277e-03
-2.041519999999999982e+03,5.790820602601796062e-03
-2.041000000000000000e+03,5.800930210112261072e-03
-2.040480000000000018e+03,5.811059340152727529e-03
-2.039960000000000036e+03,5.821188013366371955e-03
-2.039439999999999827e+03,5.831354448896839369e-03
-2.038920000000000073e+03,5.841540447007304536e-03
-2.038400000000000091e+03,5.851745491150949115e-03
-2.037880000000000109e+03,5.861988883421415282e-03
-2.037359999999999900e+03,5.872231585791882341e-03
-2.036839999999999918e+03,5.882513059005526831e-03
-2.036320000000000164e+03,5.892794122205992531e-03
-2.035800000000000182e+03,5.903113886456459215e-03
-2.035279999999999973e+03,5.913452036790102680e-03
-2.034759999999999991e+03,5.923809529060570025e-03
-2.034240000000000009e+03,5.934186564241035119e-03
-2.033720000000000255e+03,5.944601171314681069e-03
-2.033199999999999818e+03,5.955015906845145986e-03
-2.032680000000000064e+03,5.965468832095612711e-03
-2.032160000000000082e+03,5.975921795296078483e-03
-2.031639999999999873e+03,5.986431874349723223e-03
-2.031119999999999891e+03,5.996942109880189914e-03
-2.030599999999999909e+03,6.007471002150655860e-03
-2.030080000000000155e+03,6.018019375364299858e-03
-2.029559999999999945e+03,6.028605538564765949e-03
-2.029039999999999964e+03,6.039211209005233318e-03
-2.028519999999999982e+03,6.049835544185699042e-03
-2.028000000000000000e+03,6.060479445419343462e-03
-2.027480000000000018e+03,6.071161108619809593e-03
-2.026960000000000036e+03,6.081842772870276956e-03
-2.026440000000000055e+03,6.092562514240742154e-03
-2.025920000000000073e+03,6.103301954474386892e-03
-2.025399999999999864e+03,6.114059989654852673e-03
-2.024880000000000109e+03,6.124837181925319590e-03
-2.024360000000000127e+03,6.135652517455786673e-03
-2.023839999999999918e+03,6.146486296509432075e-03
-2.023319999999999936e+03,6.157320788779895547e-03
-2.022799999999999955e+03,6.168212551980362633e-03
-2.022280000000000200e+03,6.179103816230829480e-03
-2.021759999999999764e+03,6.190033751761294875e-03
-2.021240000000000009e+03,6.200963191994940220e-03
-2.020720000000000027e+03,6.211931327175405221e-03
-2.020200000000000045e+03,6.222918119445872490e-03
-2.019679999999999836e+03,6.233942988486338918e-03
-2.019159999999999854e+03,6.244968361699982512e-03
-2.018640000000000100e+03,6.256050665300448392e-03
-2.018120000000000118e+03,6.267113828500914079e-03
-2.017599999999999909e+03,6.278234292751381021e-03
-2.017079999999999927e+03,6.289354755951848466e-03
-2.016559999999999945e+03,6.300532048222315211e-03
-2.016040000000000191e+03,6.311709759385959913e-03
-2.015519999999999982e+03,6.322906595966426048e-03
-2.015000000000000000e+03,6.334141188236891949e-03
-2.014480000000000018e+03,6.345395390437358861e-03
-2.013959999999999809e+03,6.356668154687824396e-03
-2.013440000000000055e+03,6.367979523728290944e-03
-2.012920000000000073e+03,6.379290463961935845e-03
-2.012400000000000091e+03,6.390639628562400955e-03
-2.011879999999999882e+03,6.402007863742868385e-03
-2.011359999999999900e+03,6.413414895013335240e-03
-2.010840000000000146e+03,6.424840458213799607e-03
-2.010320000000000164e+03,6.436266050484268191e-03
-2.009799999999999955e+03,6.447748453734733487e-03
-2.009279999999999973e+03,6.459250325898378310e-03
-2.008759999999999991e+03,6.470771429498843770e-03
-2.008240000000000236e+03,6.482311564679309537e-03
-2.007719999999999800e+03,6.493889456949775846e-03
-2.007200000000000045e+03,6.505467888220242169e-03
-2.006680000000000064e+03,6.517103051420708622e-03
-2.006160000000000082e+03,6.528719654671175446e-03
-2.005639999999999873e+03,6.540412241101641912e-03
-2.005119999999999891e+03,6.552085643302107791e-03
-2.004600000000000136e+03,6.563816244535751986e-03
-2.004079999999999927e+03,6.575566019066218792e-03
-2.003559999999999945e+03,6.587334883316684798e-03
-2.003039999999999964e+03,6.599142014587148879e-03
-2.002519999999999982e+03,6.610968177787618014e-03
-2.002000000000000000e+03,6.622794409058083837e-03
-2.001480000000000018e+03,6.634677412308549564e-03
-2.000960000000000036e+03,6.646560875509016988e-03
-2.000440000000000055e+03,6.658482606779483719e-03
-1.999919999999999845e+03,6.670441999049951318e-03
-1.999400000000000091e+03,6.682421067390416185e-03
-1.998880000000000109e+03,6.694418698660882343e-03
-1.998360000000000127e+03,6.706454490931348239e-03
-1.997839999999999918e+03,6.718490265461814562e-03
-1.997319999999999936e+03,6.730564257732279607e-03
-1.996800000000000182e+03,6.742676460982747165e-03
-1.996279999999999745e+03,6.754807763183214367e-03
-1.995759999999999991e+03,6.766977388613680706e-03
-1.995240000000000009e+03,6.779146880884145791e-03
-1.994720000000000027e+03,6.791354492047789980e-03
-1.994199999999999818e+03,6.803600395298256727e-03
-1.993679999999999836e+03,6.815864887568722115e-03
-1.993160000000000082e+03,6.828129889769188506e-03
-1.992640000000000100e+03,6.840470915199656048e-03
-1.992119999999999891e+03,6.852811846470122613e-03
-1.991599999999999909e+03,6.865191448670591653e-03
-1.991079999999999927e+03,6.877570603957878018e-03
-1.990560000000000173e+03,6.890007035228344623e-03
-1.990039999999999964e+03,6.902443531588811458e-03
-1.989519999999999982e+03,6.914937262859279822e-03
-1.989000000000000000e+03,6.927430994129742982e-03
-1.988480000000000018e+03,6.939962857330209470e-03
-1.987960000000000036e+03,6.952532554740676989e-03
-1.987440000000000055e+03,6.965121786011142790e-03
-1.986920000000000073e+03,6.977730117281609468e-03
-1.986399999999999864e+03,6.990376119482075677e-03
-1.985879999999999882e+03,7.003041344912543618e-03
-1.985360000000000127e+03,7.015726076183008593e-03
-1.984840000000000146e+03,7.028467578383473975e-03
-1.984319999999999936e+03,7.041209175793938964e-03
-1.983799999999999955e+03,7.053988907064406844e-03
-1.983279999999999973e+03,7.066806838334873872e-03
-1.982760000000000218e+03,7.079643934695340271e-03
-1.982239999999999782e+03,7.092500065965803846e-03
-1.981720000000000027e+03,7.105394397236270039e-03
-1.981200000000000045e+03,7.118308013703561997e-03
-1.980680000000000064e+03,7.131259615904028334e-03
-1.980159999999999854e+03,7.144229819154493573e-03
-1.979639999999999873e+03,7.157238844584958189e-03
-1.979120000000000118e+03,7.170266346785424821e-03
-1.978600000000000136e+03,7.183351178055892225e-03
-1.978079999999999927e+03,7.196436603486358607e-03
-1.977559999999999945e+03,7.209559634756823425e-03
-1.977039999999999964e+03,7.222701766027290853e-03
-1.976519999999999982e+03,7.235882253424581571e-03
-1.976000000000000000e+03,7.249081723695049301e-03
-1.975480000000000018e+03,7.262319421105512159e-03
-1.974960000000000036e+03,7.275575652375978163e-03
-1.974439999999999827e+03,7.288870648736443282e-03
-1.973920000000000073e+03,7.302203780006911657e-03
-1.973400000000000091e+03,7.315555602314200746e-03
-1.972880000000000109e+03,7.328946194414667770e-03
-1.972359999999999900e+03,7.342355196615133958e-03
-1.971839999999999918e+03,7.355783922045601615e-03
-1.971320000000000164e+03,7.369250253316065105e-03
-1.970800000000000182e+03,7.382754917746531600e-03
-1.970279999999999973e+03,7.396278640053819027e-03
-1.969759999999999991e+03,7.409859636414286264e-03
-1.969240000000000009e+03,7.423440606684754417e-03
-1.968720000000000255e+03,7.437059832115218948e-03
-1.968199999999999818e+03,7.450697535365686727e-03
-1.967680000000000064e+03,7.464393290832972878e-03
-1.967160000000000082e+03,7.478088820703440893e-03
-1.966639999999999873e+03,7.491841246133907478e-03
-1.966119999999999891e+03,7.505594116404374835e-03
-1.965599999999999909e+03,7.519403841834839709e-03
-1.965080000000000155e+03,7.533232664142129262e-03
-1.964559999999999945e+03,7.547099699502594558e-03
-1.964039999999999964e+03,7.560985730773061089e-03
-1.963519999999999982e+03,7.574910095203526289e-03
-1.963000000000000000e+03,7.588872711670816874e-03
-1.962480000000000018e+03,7.602854309611282828e-03
-1.961960000000000036e+03,7.616874135041749524e-03
-1.961440000000000055e+03,7.630912976242214783e-03
-1.960920000000000073e+03,7.644989692709505680e-03
-1.960399999999999864e+03,7.659105057139970960e-03
-1.959880000000000109e+03,7.673257988410436999e-03
-1.959360000000000127e+03,7.687430743877725348e-03
-1.958839999999999918e+03,7.701621902818189640e-03
-1.958319999999999936e+03,7.715851338178657953e-03
-1.957799999999999955e+03,7.730138063609124158e-03
-1.957280000000000200e+03,7.744424824916411841e-03
-1.956759999999999764e+03,7.758768889346876613e-03
-1.956240000000000009e+03,7.773112914777345443e-03
-1.955720000000000027e+03,7.787514303754634881e-03
-1.955200000000000045e+03,7.801934768185101420e-03
-1.954679999999999836e+03,7.816411964545567220e-03
-1.954159999999999854e+03,7.830889820012853358e-03
-1.953640000000000100e+03,7.845424290283320098e-03
-1.953120000000000118e+03,7.859959343383788113e-03
-1.952599999999999909e+03,7.874570398851076306e-03
-1.952079999999999927e+03,7.889181269121544812e-03
-1.951559999999999945e+03,7.903849533552009116e-03
-1.951040000000000191e+03,7.918517850019297921e-03
-1.950519999999999982e+03,7.933243413049764076e-03
-1.950000000000000000e+03,7.947987983320229169e-03
-1.949480000000000018e+03,7.962790066807518691e-03
-1.948959999999999809e+03,7.977591492237985638e-03
-1.948440000000000055e+03,7.992450756668451756e-03
-1.947920000000000073e+03,8.007329145645740789e-03
-1.947400000000000091e+03,8.022245210076208929e-03
-1.946879999999999882e+03,8.037218665543497537e-03
-1.946359999999999900e+03,8.052192529973958499e-03
-1.945840000000000146e+03,8.067223222074428393e-03
-1.945320000000000164e+03,8.082272983381716056e-03
-1.944799999999999955e+03,8.097360879742181508e-03
-1.944279999999999973e+03,8.112468035209471906e-03
-1.943759999999999991e+03,8.127632427309936652e-03
-1.943240000000000236e+03,8.142815982777225348e-03
-1.942719999999999800e+03,8.158037147207690409e-03
-1.942200000000000045e+03,8.173277939658156466e-03
-1.941680000000000064e+03,8.188594628635446210e-03
-1.941160000000000082e+03,8.203892693065911040e-03
-1.940639999999999873e+03,8.219266748533201813e-03
-1.940119999999999891e+03,8.234659812963666947e-03
-1.939600000000000136e+03,8.250091196100955981e-03
-1.939079999999999927e+03,8.265542099531423756e-03
-1.938559999999999945e+03,8.281049354998711379e-03
-1.938039999999999964e+03,8.296595247099178283e-03
-1.937519999999999982e+03,8.312160330586466916e-03
-1.937000000000000000e+03,8.327763495016932138e-03
-1.936480000000000018e+03,8.343404478154221524e-03
-1.935960000000000036e+03,8.359064913514686890e-03
-1.935440000000000055e+03,8.374782768981974337e-03
-1.934919999999999845e+03,8.390519172412442758e-03
-1.934400000000000091e+03,8.406312861389731231e-03
-1.933880000000000109e+03,8.422125653840198053e-03
-1.933360000000000127e+03,8.437977209307485557e-03
-1.932839999999999918e+03,8.453866440407950544e-03
-1.932319999999999936e+03,8.469793395875240341e-03
-1.931800000000000182e+03,8.485759054465705220e-03
-1.931279999999999745e+03,8.501743837602996484e-03
-1.930759999999999991e+03,8.517785841033465033e-03
-1.930240000000000009e+03,8.533846524520749197e-03
-1.929720000000000027e+03,8.549964916621216604e-03
-1.929199999999999818e+03,8.566082911088505891e-03
-1.928679999999999836e+03,8.582277766555793802e-03
-1.928160000000000082e+03,8.598491158656259778e-03
-1.927640000000000100e+03,8.614761981143546909e-03
-1.927119999999999891e+03,8.631032673244014644e-03
-1.926599999999999909e+03,8.647360767711300550e-03
-1.926079999999999927e+03,8.663726932141768353e-03
-1.925560000000000173e+03,8.680131415279056586e-03
-1.925039999999999964e+03,8.696554631926346757e-03
-1.924519999999999982e+03,8.713035425426812752e-03
-1.924000000000000000e+03,8.729554547564098710e-03
-1.923480000000000018e+03,8.746111303031389034e-03
-1.922960000000000036e+03,8.762687134131854835e-03
-1.922440000000000055e+03,8.779320817619146178e-03
-1.921920000000000073e+03,8.795992121049608578e-03
-1.921399999999999864e+03,8.812682737346897582e-03
-1.920879999999999882e+03,8.829430492814187986e-03
-1.920360000000000127e+03,8.846216451934655126e-03
-1.919840000000000146e+03,8.863040107401942355e-03
-1.919319999999999936e+03,8.879905401869231038e-03
-1.918799999999999955e+03,8.896806027129696218e-03
-1.918279999999999973e+03,8.913725182596985222e-03
-1.917760000000000218e+03,8.930702232754272885e-03
-1.917239999999999782e+03,8.947697736184740888e-03
-1.916720000000000027e+03,8.964769813482030905e-03
-1.916200000000000045e+03,8.981842307949315651e-03
-1.915680000000000064e+03,8.998971568469783106e-03
-1.915159999999999854e+03,9.016119990607071588e-03
-1.914639999999999873e+03,9.033344840234359963e-03
-1.914120000000000118e+03,9.050588290391646529e-03
-1.913600000000000136e+03,9.067889393822116395e-03
-1.913079999999999927e+03,9.085190710119405919e-03
-1.912559999999999945e+03,9.102567804586693054e-03
-1.912039999999999964e+03,9.119963924707156361e-03
-1.911519999999999982e+03,9.137418013334445976e-03
-1.911000000000000000e+03,9.154909735471736601e-03
-1.910480000000000018e+03,9.172420587029021452e-03
-1.909960000000000036e+03,9.189988712289489173e-03
-1.909439999999999827e+03,9.207595506756779610e-03
-1.908920000000000073e+03,9.225259128894068572e-03
-1.908400000000000091e+03,9.242941445541356590e-03
-1.907880000000000109e+03,9.260662367678643841e-03
-1.907359999999999900e+03,9.278420965269110199e-03
-1.906839999999999918e+03,9.296236915426399003e-03
-1.906320000000000164e+03,9.314091633123687194e-03
-1.905800000000000182e+03,9.331984455260977987e-03
-1.905279999999999973e+03,9.349914977748265132e-03
-1.904759999999999991e+03,9.367902803008731558e-03
-1.904240000000000009e+03,9.385890597476019212e-03
-1.903720000000000255e+03,9.403974041793307370e-03
-1.903199999999999818e+03,9.422057365330598414e-03
-1.902680000000000064e+03,9.440216681627885617e-03
-1.902160000000000082e+03,9.458376404115172859e-03
-1.901639999999999873e+03,9.476631668375640541e-03
-1.901119999999999891e+03,9.494886418532928057e-03
-1.900599999999999909e+03,9.513198507160217088e-03
-1.900080000000000155e+03,9.531548758367506743e-03
-1.899559999999999945e+03,9.549956875014793331e-03
-1.899039999999999964e+03,9.568383536152082550e-03
-1.898519999999999982e+03,9.586867524779371652e-03
-1.898000000000000000e+03,9.605389678059838079e-03
-1.897480000000000018e+03,9.623949500197124737e-03
-1.896960000000000036e+03,9.642567284914412701e-03
-1.896440000000000055e+03,9.661223107051702605e-03
-1.895920000000000073e+03,9.679916695678990324e-03
-1.895399999999999864e+03,9.698649078996280162e-03
-1.894880000000000109e+03,9.717438130203568530e-03
-1.894360000000000127e+03,9.736265485850855231e-03
-1.893839999999999918e+03,9.755150507988141761e-03
-1.893319999999999936e+03,9.774054196615431303e-03
-1.892799999999999955e+03,9.793015279932724970e-03
-1.892280000000000200e+03,9.812014431140009957e-03
-1.891759999999999764e+03,9.831070986787295019e-03
-1.891240000000000009e+03,9.850146012047766159e-03
-1.890720000000000027e+03,9.869298001205055459e-03
-1.890200000000000045e+03,9.888468618902341786e-03
-1.889679999999999836e+03,9.907715674199631117e-03
-1.889159999999999854e+03,9.926962690846917112e-03
-1.888640000000000100e+03,9.946305151984207241e-03
-1.888120000000000118e+03,9.965647764371494272e-03
-1.887599999999999909e+03,9.985067152998785764e-03
-1.887079999999999927e+03,1.000450523631607122e-02
-1.886559999999999945e+03,1.002401905845336054e-02
-1.886040000000000191e+03,1.004355264317065115e-02
-1.885519999999999982e+03,1.006316259846794063e-02
-1.885000000000000000e+03,1.008279168178522617e-02
-1.884480000000000018e+03,1.010245846144933700e-02
-1.883959999999999809e+03,1.012216287967662720e-02
-1.883440000000000055e+03,1.014192513497391354e-02
-1.882920000000000073e+03,1.016176375127120397e-02
-1.882400000000000091e+03,1.018162153598849151e-02
-1.881879999999999882e+03,1.020155569128577966e-02
-1.881359999999999900e+03,1.022152807460306907e-02
-1.880840000000000146e+03,1.024153853714035792e-02
-1.880320000000000164e+03,1.026156822045764215e-02
-1.879799999999999955e+03,1.028167376477493247e-02
-1.879279999999999973e+03,1.030181802007222071e-02
-1.878759999999999991e+03,1.032203820478951213e-02
-1.878240000000000236e+03,1.034227796008680041e-02
-1.877719999999999800e+03,1.036255553444091239e-02
-1.877200000000000045e+03,1.038285211880819563e-02
-1.876680000000000064e+03,1.040328187445548926e-02
-1.876160000000000082e+03,1.042373122975277615e-02
-1.875639999999999873e+03,1.044423744214006272e-02
-1.875119999999999891e+03,1.046474409743735311e-02
-1.874600000000000136e+03,1.048534625308463961e-02
-1.874079999999999927e+03,1.050596712848875063e-02
-1.873559999999999945e+03,1.052662611180603912e-02
-1.873039999999999964e+03,1.054732332419332924e-02
-1.872519999999999982e+03,1.056813555182061805e-02
-1.872000000000000000e+03,1.058896647413790602e-02
-1.871480000000000018e+03,1.060981645850519670e-02
-1.870960000000000036e+03,1.063074293285930401e-02
-1.870440000000000055e+03,1.065170698815658991e-02
-1.869919999999999845e+03,1.067272837287388219e-02
-1.869400000000000091e+03,1.069378849519116680e-02
-1.868880000000000109e+03,1.071492447955845785e-02
-1.868360000000000127e+03,1.073611785391257074e-02
-1.867839999999999918e+03,1.075734980920985823e-02
-1.867319999999999936e+03,1.077863825475714431e-02
-1.866800000000000182e+03,1.079996521040443337e-02
-1.866279999999999745e+03,1.082129228580854495e-02
-1.865759999999999991e+03,1.084271480812583691e-02
-1.865240000000000009e+03,1.086415639144312252e-02
-1.864720000000000027e+03,1.088573130584723388e-02
-1.864199999999999818e+03,1.090732578332452053e-02
-1.863679999999999836e+03,1.092897696769180860e-02
-1.863160000000000082e+03,1.095062816233910094e-02
-1.862640000000000100e+03,1.097237543669321060e-02
-1.862119999999999891e+03,1.099414126006049812e-02
-1.861599999999999909e+03,1.101600263753778515e-02
-1.861079999999999927e+03,1.103788317996189441e-02
-1.860560000000000173e+03,1.105983943525918473e-02
-1.860039999999999964e+03,1.108183398664647212e-02
-1.859519999999999982e+03,1.110388649416058256e-02
-1.859000000000000000e+03,1.112597697852787428e-02
-1.858480000000000018e+03,1.114810517317516188e-02
-1.857960000000000036e+03,1.117029087075927136e-02
-1.857440000000000055e+03,1.119255276505655775e-02
-1.856920000000000073e+03,1.121489108737384888e-02
-1.856399999999999864e+03,1.123726778495795844e-02
-1.855879999999999882e+03,1.125968200727524640e-02
-1.855360000000000127e+03,1.128209682167935664e-02
-1.854840000000000146e+03,1.130464533815664710e-02
-1.854319999999999936e+03,1.132723145054393386e-02
-1.853799999999999955e+03,1.134989413003804556e-02
-1.853279999999999973e+03,1.137257578142533351e-02
-1.852760000000000218e+03,1.139531529477944352e-02
-1.852239999999999782e+03,1.141807344032673595e-02
-1.851720000000000027e+03,1.144094603462402111e-02
-1.851200000000000045e+03,1.146385657120813084e-02
-1.850680000000000064e+03,1.148686285452541964e-02
-1.850159999999999854e+03,1.150986939110953088e-02
-1.849639999999999873e+03,1.153291341447681799e-02
-1.849120000000000118e+03,1.155599582199092965e-02
-1.848600000000000136e+03,1.157921227337821782e-02
-1.848079999999999927e+03,1.160244748089232780e-02
-1.847559999999999945e+03,1.162575890425961676e-02
-1.847039999999999964e+03,1.164910871177372680e-02
-1.846519999999999982e+03,1.167253480216101647e-02
-1.846000000000000000e+03,1.169599870967512854e-02
-1.845480000000000018e+03,1.171952026106241711e-02
-1.844960000000000036e+03,1.174309924055652599e-02
-1.844439999999999827e+03,1.176673498610381410e-02
-1.843920000000000073e+03,1.179042802852792518e-02
-1.843400000000000091e+03,1.181415924500521519e-02
-1.842880000000000109e+03,1.183794782642932225e-02
-1.842359999999999900e+03,1.186179361488661280e-02
-1.841839999999999918e+03,1.188575415147072149e-02
-1.841320000000000164e+03,1.190973369389483442e-02
-1.840800000000000182e+03,1.193377054937212398e-02
-1.840279999999999973e+03,1.195782608595623471e-02
-1.839759999999999991e+03,1.198201510827352420e-02
-1.839240000000000009e+03,1.200622395583763116e-02
-1.838720000000000255e+03,1.203050872009174196e-02
-1.838199999999999818e+03,1.205483153656903075e-02
-1.837680000000000064e+03,1.207924991799314528e-02
-1.837160000000000082e+03,1.210366823447043237e-02
-1.836639999999999873e+03,1.212818221005454097e-02
-1.836119999999999891e+03,1.215273384663865218e-02
-1.835599999999999909e+03,1.217740037993593830e-02
-1.835080000000000155e+03,1.220208571652004956e-02
-1.834559999999999945e+03,1.222680931977416369e-02
-1.834039999999999964e+03,1.225159053625145093e-02
-1.833519999999999982e+03,1.227648601183555996e-02
-1.833000000000000000e+03,1.230140049325967148e-02
-1.832480000000000018e+03,1.232639130973695908e-02
-1.831960000000000036e+03,1.235143958532107164e-02
-1.831440000000000055e+03,1.237652556090518101e-02
-1.830920000000000073e+03,1.240170749608928910e-02
-1.830399999999999864e+03,1.242694615261657858e-02
-1.829880000000000109e+03,1.245226182820068951e-02
-1.829360000000000127e+03,1.247761517471480085e-02
-1.828839999999999918e+03,1.250304491129891095e-02
-1.828319999999999936e+03,1.252851282351620174e-02
-1.827799999999999955e+03,1.255409487003030997e-02
-1.827280000000000200e+03,1.257969645145442204e-02
-1.826759999999999764e+03,1.260535492703853191e-02
-1.826240000000000009e+03,1.263103288251581947e-02
-1.825720000000000027e+03,1.265684418576993459e-02
-1.825200000000000045e+03,1.268267502235404139e-02
-1.824679999999999836e+03,1.270865829209815064e-02
-1.824159999999999854e+03,1.273464143861226250e-02
-1.823640000000000100e+03,1.276072005082955207e-02
-1.823120000000000118e+03,1.278683692641366214e-02
-1.822599999999999909e+03,1.281301064099777363e-02
-1.822079999999999927e+03,1.283924208751188387e-02
-1.821559999999999945e+03,1.286553039076599424e-02
-1.821040000000000191e+03,1.289187646635010093e-02
-1.820519999999999982e+03,1.291831745089739615e-02
-1.820000000000000000e+03,1.294481579741150155e-02
-1.819480000000000018e+03,1.297137150066561204e-02
-1.818959999999999809e+03,1.299800367040972703e-02
-1.818440000000000055e+03,1.302471168499383727e-02
-1.817920000000000073e+03,1.305147748824794611e-02
-1.817400000000000091e+03,1.307830053476205512e-02
-1.816879999999999882e+03,1.310521864934616719e-02
-1.816359999999999900e+03,1.313219414676027909e-02
-1.815840000000000146e+03,1.315922732234438633e-02
-1.815320000000000164e+03,1.318631730785849859e-02
-1.814799999999999955e+03,1.321346452007579088e-02
-1.814279999999999973e+03,1.324065008981989942e-02
-1.813759999999999991e+03,1.326796883242401144e-02
-1.813240000000000236e+03,1.329530713567811731e-02
-1.812719999999999800e+03,1.332274054442222910e-02
-1.812200000000000045e+03,1.335019289093633890e-02
-1.811680000000000064e+03,1.337779863319045470e-02
-1.811160000000000082e+03,1.340540390293456369e-02
-1.810639999999999873e+03,1.343316194518867288e-02
-1.810119999999999891e+03,1.346093902077278096e-02
-1.809600000000000136e+03,1.348879262951689466e-02
-1.809079999999999927e+03,1.351668437177100390e-02
-1.808559999999999945e+03,1.354465204046511467e-02
-1.808039999999999964e+03,1.357265797375604641e-02
-1.807519999999999982e+03,1.360079798834015925e-02
-1.807000000000000000e+03,1.362897579708426642e-02
-1.806480000000000018e+03,1.365724900033837667e-02
-1.805960000000000036e+03,1.368557960908248911e-02
-1.805440000000000055e+03,1.371396747935660007e-02
-1.804919999999999845e+03,1.374243178810071429e-02
-1.804400000000000091e+03,1.377097190128482446e-02
-1.803880000000000109e+03,1.379960757102892920e-02
-1.803360000000000127e+03,1.382831961328304278e-02
-1.802839999999999918e+03,1.385708952202715540e-02
-1.802319999999999936e+03,1.388587814982808130e-02
-1.801800000000000182e+03,1.391480029208219324e-02
-1.801279999999999745e+03,1.394376070082630620e-02
-1.800759999999999991e+03,1.397281604308042019e-02
-1.800240000000000009e+03,1.400187195182452972e-02
-1.799720000000000027e+03,1.403108071625863706e-02
-1.799199999999999818e+03,1.406030802187956986e-02
-1.798679999999999836e+03,1.408968819729367918e-02
-1.798160000000000082e+03,1.411906833370779255e-02
-1.797640000000000100e+03,1.414854387631190799e-02
-1.797119999999999891e+03,1.417805771272601795e-02
-1.796599999999999909e+03,1.420776211250694351e-02
-1.796079999999999927e+03,1.423746689376105545e-02
-1.795560000000000173e+03,1.426720993052517199e-02
-1.795039999999999964e+03,1.429700976693928059e-02
-1.794519999999999982e+03,1.432696293765021132e-02
-1.794000000000000000e+03,1.435697291306432290e-02
-1.793480000000000018e+03,1.438707828333843190e-02
-1.792960000000000036e+03,1.441724106015254518e-02
-1.792440000000000055e+03,1.444744208760347787e-02
-1.791920000000000073e+03,1.447773802436758822e-02
-1.791399999999999864e+03,1.450811039978169327e-02
-1.790879999999999882e+03,1.453857879956262610e-02
-1.790360000000000127e+03,1.456910388081674064e-02
-1.789840000000000146e+03,1.459974414525084911e-02
-1.789319999999999936e+03,1.463042218403178343e-02
-1.788799999999999955e+03,1.466119565944589732e-02
-1.788279999999999973e+03,1.469198772388000465e-02
-1.787760000000000218e+03,1.472289496266093560e-02
-1.787239999999999782e+03,1.475383986609504934e-02
-1.786720000000000027e+03,1.478497629354597748e-02
-1.786200000000000045e+03,1.481613124129008835e-02
-1.785680000000000064e+03,1.484740084472420223e-02
-1.785159999999999854e+03,1.487867051117513009e-02
-1.784639999999999873e+03,1.491007321991924886e-02
-1.784120000000000118e+03,1.494151481439018325e-02
-1.783600000000000136e+03,1.497308998980429080e-02
-1.783079999999999927e+03,1.500470298567522370e-02
-1.782559999999999945e+03,1.503643096108933479e-02
-1.782039999999999964e+03,1.506819663650344615e-02
-1.781519999999999982e+03,1.510007712513437676e-02
-1.781000000000000000e+03,1.513203377287848130e-02
-1.780480000000000018e+03,1.516406696734941793e-02
-1.779960000000000036e+03,1.519617644276352944e-02
-1.779439999999999827e+03,1.522838148154446319e-02
-1.778920000000000073e+03,1.526064331404857269e-02
-1.778400000000000091e+03,1.529294347465950943e-02
-1.777880000000000109e+03,1.532537717809361738e-02
-1.777359999999999900e+03,1.535788784454454950e-02
-1.776839999999999918e+03,1.539049355034548261e-02
-1.776320000000000164e+03,1.542317511991959066e-02
-1.775800000000000182e+03,1.545595274346052081e-02
-1.775279999999999973e+03,1.548878701887463141e-02
-1.774759999999999991e+03,1.552173652467557161e-02
-1.774240000000000009e+03,1.555472369424967978e-02
-1.773720000000000255e+03,1.558790188872061742e-02
-1.773199999999999818e+03,1.562109922324154271e-02
-1.772680000000000064e+03,1.565439202083565573e-02
-1.772160000000000082e+03,1.568768482628659158e-02
-1.771639999999999873e+03,1.572114958724752168e-02
-1.771119999999999891e+03,1.575463330166162676e-02
-1.770599999999999909e+03,1.578828852520255954e-02
-1.770080000000000155e+03,1.582198202481349680e-02
-1.769559999999999945e+03,1.585580902824760760e-02
-1.769039999999999964e+03,1.588967492785854294e-02
-1.768519999999999982e+03,1.592365435139947091e-02
-1.768000000000000000e+03,1.595767248799358218e-02
-1.767480000000000018e+03,1.599180516577451347e-02
-1.766960000000000036e+03,1.602601389340544899e-02
-1.766440000000000055e+03,1.606029888892638105e-02
-1.765920000000000073e+03,1.609469902552048554e-02
-1.765399999999999864e+03,1.612919372513142713e-02
-1.764880000000000109e+03,1.616376525860235489e-02
-1.764360000000000127e+03,1.619835601530329044e-02
-1.763839999999999918e+03,1.623315659071740413e-02
-1.763319999999999936e+03,1.626801421834833325e-02
-1.762799999999999955e+03,1.630294824702926623e-02
-1.762280000000000200e+03,1.633792088050019936e-02
-1.761759999999999764e+03,1.637306500813113033e-02
-1.761240000000000009e+03,1.640824724577524471e-02
-1.760720000000000027e+03,1.644356317924617825e-02
-1.760200000000000045e+03,1.647889834587711391e-02
-1.759679999999999836e+03,1.651438577455804219e-02
-1.759159999999999854e+03,1.654989280218897157e-02
-1.758640000000000100e+03,1.658559032981990478e-02
-1.758120000000000118e+03,1.662130686434083737e-02
-1.757599999999999909e+03,1.665715760093494993e-02
-1.757079999999999927e+03,1.669306526756588263e-02
-1.756559999999999945e+03,1.672914432426681614e-02
-1.756040000000000191e+03,1.676524242387774158e-02
-1.755519999999999982e+03,1.680147481957867603e-02
-1.755000000000000000e+03,1.683774525304961370e-02
-1.754480000000000018e+03,1.687412985266054447e-02
-1.753959999999999809e+03,1.691061004836148102e-02
-1.753440000000000055e+03,1.694718567599240791e-02
-1.752920000000000073e+03,1.698385687169334107e-02
-1.752400000000000091e+03,1.702060389897427917e-02
-1.751879999999999882e+03,1.705748516560520733e-02
-1.751359999999999900e+03,1.709442376130613714e-02
-1.750840000000000146e+03,1.713153368893707146e-02
-1.750320000000000164e+03,1.716868185661800730e-02
-1.749799999999999955e+03,1.720596372324894111e-02
-1.749279999999999973e+03,1.724328377994987019e-02
-1.748759999999999991e+03,1.728073764074080157e-02
-1.748240000000000236e+03,1.731821006411173730e-02
-1.747719999999999800e+03,1.735589300272267002e-02
-1.747200000000000045e+03,1.739357545942360125e-02
-1.746680000000000064e+03,1.743146802605453557e-02
-1.746160000000000082e+03,1.746936068372229381e-02
-1.745639999999999873e+03,1.750742520709322458e-02
-1.745119999999999891e+03,1.754550836788415849e-02
-1.744600000000000136e+03,1.758376383556508465e-02
-1.744079999999999927e+03,1.762205753126601729e-02
-1.743559999999999945e+03,1.766054169789695386e-02
-1.743039999999999964e+03,1.769906421542788433e-02
-1.742519999999999982e+03,1.773773947309563795e-02
-1.742000000000000000e+03,1.777647196879656930e-02
-1.741480000000000018e+03,1.781531866858751187e-02
-1.740960000000000036e+03,1.785422309195844326e-02
-1.740440000000000055e+03,1.789320383056937705e-02
-1.739919999999999845e+03,1.793233711146712678e-02
-1.739400000000000091e+03,1.797158481709805813e-02
-1.738880000000000109e+03,1.801094714046899692e-02
-1.738360000000000127e+03,1.805034773032992285e-02
-1.737839999999999918e+03,1.808993932699768173e-02
-1.737319999999999936e+03,1.812960684452861321e-02
-1.736800000000000182e+03,1.816938935015954826e-02
-1.736279999999999745e+03,1.820922933105730002e-02
-1.735759999999999991e+03,1.824918329342823178e-02
-1.735240000000000009e+03,1.828915635421916527e-02
-1.734720000000000027e+03,1.832939687995692110e-02
-1.734199999999999818e+03,1.836963736841785294e-02
-1.733679999999999836e+03,1.841008749727878618e-02
-1.733160000000000082e+03,1.845055725068654034e-02
-1.732640000000000100e+03,1.849116015047747377e-02
-1.732119999999999891e+03,1.853182024617840845e-02
-1.731599999999999909e+03,1.857269069374616055e-02
-1.731079999999999927e+03,1.861359919353709411e-02
-1.730560000000000173e+03,1.865462234694484703e-02
-1.730039999999999964e+03,1.869572187580578054e-02
-1.729519999999999982e+03,1.873695466663354015e-02
-1.729000000000000000e+03,1.877828288416446764e-02
-1.728480000000000018e+03,1.881978291886540408e-02
-1.727960000000000036e+03,1.886135953736315859e-02
-1.727440000000000055e+03,1.890301250522408508e-02
-1.726920000000000073e+03,1.894481835279184304e-02
-1.726399999999999864e+03,1.898671908165277741e-02
-1.725879999999999882e+03,1.902873493401053412e-02
-1.725360000000000127e+03,1.907080756287146683e-02
-1.724840000000000146e+03,1.911307131043922178e-02
-1.724319999999999936e+03,1.915539236933697445e-02
-1.723799999999999955e+03,1.919790429679790744e-02
-1.723279999999999973e+03,1.924043541669566079e-02
-1.722760000000000218e+03,1.928311877322658879e-02
-1.722239999999999782e+03,1.932582183212435203e-02
-1.721720000000000027e+03,1.936875348760528498e-02
-1.721200000000000045e+03,1.941172344650303819e-02
-1.720680000000000064e+03,1.945494119407079406e-02
-1.720159999999999854e+03,1.949817848960172517e-02
-1.719639999999999873e+03,1.954154950949947914e-02
-1.719120000000000118e+03,1.958497789501723388e-02
-1.718600000000000136e+03,1.962861576287816545e-02
-1.718079999999999927e+03,1.967231110460592250e-02
-1.717559999999999945e+03,1.971615919117367804e-02
-1.717039999999999964e+03,1.976008355903461147e-02
-1.716519999999999982e+03,1.980412263462236547e-02
-1.716000000000000000e+03,1.984829489212011980e-02
-1.715480000000000018e+03,1.989260135101787730e-02
-1.714960000000000036e+03,1.993702194070880521e-02
-1.714439999999999827e+03,1.998155715529656082e-02
-1.713920000000000073e+03,2.002620691419431526e-02
-1.713400000000000091e+03,2.007095519492207297e-02
-1.712880000000000109e+03,2.011585319045301051e-02
-1.712359999999999900e+03,2.016086587737075594e-02
-1.711839999999999918e+03,2.020601185809851874e-02
-1.711320000000000164e+03,2.025121501559626683e-02
-1.710800000000000182e+03,2.029657100251402654e-02
-1.710279999999999973e+03,2.034200348324177732e-02
-1.709759999999999991e+03,2.038764591777271137e-02
-1.709240000000000009e+03,2.043330712652047243e-02
-1.708720000000000255e+03,2.047923611308822417e-02
-1.708199999999999818e+03,2.052518380514597660e-02
-1.707680000000000064e+03,2.057132241973373341e-02
-1.707160000000000082e+03,2.061749930046148302e-02
-1.706639999999999873e+03,2.066390532602924157e-02
-1.706119999999999891e+03,2.071034910710699284e-02
-1.705599999999999909e+03,2.075696532683475246e-02
-1.705080000000000155e+03,2.080365784142250776e-02
-1.704559999999999945e+03,2.085052186115025907e-02
-1.704039999999999964e+03,2.089748140889801514e-02
-1.703519999999999982e+03,2.094455489546577162e-02
-1.703000000000000000e+03,2.099176271519352308e-02
-1.702480000000000018e+03,2.103910423527128107e-02
-1.701960000000000036e+03,2.108657886083903366e-02
-1.701440000000000055e+03,2.113418776958678885e-02
-1.700920000000000073e+03,2.118194898931454948e-02
-1.700399999999999864e+03,2.122980573706229751e-02
-1.699880000000000109e+03,2.127781475679005677e-02
-1.699360000000000127e+03,2.132590061037780566e-02
-1.698839999999999918e+03,2.137415845917556290e-02
-1.698319999999999936e+03,2.142251139796013878e-02
-1.697799999999999955e+03,2.147105521768789479e-02
-1.697280000000000200e+03,2.151965636543565208e-02
-1.696759999999999764e+03,2.156842938516340819e-02
-1.696240000000000009e+03,2.161724017191116176e-02
-1.695720000000000027e+03,2.166635699163891454e-02
-1.695200000000000045e+03,2.171549253042349276e-02
-1.694679999999999836e+03,2.176481948915124504e-02
-1.694159999999999854e+03,2.181418416596900278e-02
-1.693640000000000100e+03,2.186377801371675728e-02
-1.693120000000000118e+03,2.191342867244451542e-02
-1.692599999999999909e+03,2.196332821122909396e-02
-1.692079999999999927e+03,2.201330356995684009e-02
-1.691559999999999945e+03,2.206341321186459578e-02
-1.691040000000000191e+03,2.211361791871917573e-02
-1.690519999999999982e+03,2.216399433844692957e-02
-1.690000000000000000e+03,2.221448542519468411e-02
-1.689480000000000018e+03,2.226512887495926338e-02
-1.688959999999999809e+03,2.231592568493702064e-02
-1.688440000000000055e+03,2.236687413268476782e-02
-1.687920000000000073e+03,2.241793781011934897e-02
-1.687400000000000091e+03,2.246909699102710503e-02
-1.686879999999999882e+03,2.252046617777485674e-02
-1.686359999999999900e+03,2.257195008462943228e-02
-1.685840000000000146e+03,2.262356763751719596e-02
-1.685320000000000164e+03,2.267526111530176677e-02
-1.684799999999999955e+03,2.272718385294951807e-02
-1.684279999999999973e+03,2.277918290271409643e-02
-1.683759999999999991e+03,2.283141118362185321e-02
-1.683240000000000236e+03,2.288367770040642887e-02
-1.682719999999999800e+03,2.293623021038418766e-02
-1.682200000000000045e+03,2.298880178781876477e-02
-1.681680000000000064e+03,2.304158346872652030e-02
-1.681160000000000082e+03,2.309440341458109114e-02
-1.680639999999999873e+03,2.314749069548885027e-02
-1.680119999999999891e+03,2.320065453410342579e-02
-1.679600000000000136e+03,2.325406592190118124e-02
-1.679079999999999927e+03,2.330751573284575370e-02
-1.678559999999999945e+03,2.336113796153033856e-02
-1.678039999999999964e+03,2.341487408727808972e-02
-1.677519999999999982e+03,2.346880135922266644e-02
-1.677000000000000000e+03,2.352286183587042057e-02
-1.676480000000000018e+03,2.357709421879499931e-02
-1.675960000000000036e+03,2.363147995880957378e-02
-1.675440000000000055e+03,2.368597966426415347e-02
-1.674919999999999845e+03,2.374063218417191146e-02
-1.674400000000000091e+03,2.379539942418648288e-02
-1.673880000000000109e+03,2.385037626280106168e-02
-1.673360000000000127e+03,2.390544901177881973e-02
-1.672839999999999918e+03,2.396076965039339521e-02
-1.672319999999999936e+03,2.401614759040797062e-02
-1.671800000000000182e+03,2.407175470135253931e-02
-1.671279999999999745e+03,2.412741908898029947e-02
-1.670759999999999991e+03,2.418335089992487696e-02
-1.670240000000000009e+03,2.423932046760945633e-02
-1.669720000000000027e+03,2.429557647855403249e-02
-1.669199999999999818e+03,2.435187078523861140e-02
-1.668679999999999836e+03,2.440841339034318866e-02
-1.668160000000000082e+03,2.446499415802776481e-02
-1.667640000000000100e+03,2.452186131693552193e-02
-1.667119999999999891e+03,2.457876628462009327e-02
-1.666599999999999909e+03,2.463593863456467123e-02
-1.666079999999999927e+03,2.469318806342924930e-02
-1.665560000000000173e+03,2.475060823111382632e-02
-1.665039999999999964e+03,2.480814348105839923e-02
-1.664519999999999982e+03,2.486588898190298519e-02
-1.664000000000000000e+03,2.492378659284755563e-02
-1.663480000000000018e+03,2.498191349953212889e-02
-1.662960000000000036e+03,2.504015507270671362e-02
-1.662440000000000055e+03,2.509851115032128710e-02
-1.661920000000000073e+03,2.515707745116586153e-02
-1.661399999999999864e+03,2.521575820111044211e-02
-1.660879999999999882e+03,2.527464870195501520e-02
-1.660360000000000127e+03,2.533365373665959208e-02
-1.659840000000000146e+03,2.539286888076417240e-02
-1.659319999999999936e+03,2.545217907848557060e-02
-1.658799999999999955e+03,2.551179541833014860e-02
-1.658279999999999973e+03,2.557146849010472067e-02
-1.657760000000000218e+03,2.563139026911929325e-02
-1.657239999999999782e+03,2.569131173698387463e-02
-1.656720000000000027e+03,2.575155783782845376e-02
-1.656200000000000045e+03,2.581182257296985721e-02
-1.655680000000000064e+03,2.587245061865442453e-02
-1.655159999999999854e+03,2.593309738651900648e-02
-1.654639999999999873e+03,2.599403058736358615e-02
-1.654120000000000118e+03,2.605502168917498210e-02
-1.653600000000000136e+03,2.611627956234955847e-02
-1.653079999999999927e+03,2.617761393021414071e-02
-1.652559999999999945e+03,2.623915777589871240e-02
-1.652039999999999964e+03,2.630085457771011090e-02
-1.651519999999999982e+03,2.636278054557469191e-02
-1.651000000000000000e+03,2.642484018541927174e-02
-1.650480000000000018e+03,2.648707181630065299e-02
-1.649960000000000036e+03,2.654949435649525680e-02
-1.649439999999999827e+03,2.661210748737664888e-02
-1.648920000000000073e+03,2.667489249231121476e-02
-1.648400000000000091e+03,2.673781116017579645e-02
-1.647880000000000109e+03,2.680092089105719916e-02
-1.647359999999999900e+03,2.686416426990177395e-02
-1.646839999999999918e+03,2.692765552880318353e-02
-1.646320000000000164e+03,2.699126176864774518e-02
-1.645800000000000182e+03,2.705509696070914141e-02
-1.645279999999999973e+03,2.711900780055372107e-02
-1.644759999999999991e+03,2.718330129845512172e-02
-1.644240000000000009e+03,2.724763290338970065e-02
-1.643720000000000255e+03,2.731221240129109995e-02
-1.643199999999999818e+03,2.737681138013566690e-02
-1.642680000000000064e+03,2.744183020517707017e-02
-1.642160000000000082e+03,2.750686810307848354e-02
-1.641639999999999873e+03,2.757219197608304015e-02
-1.641119999999999891e+03,2.763757367398444673e-02
-1.640599999999999909e+03,2.770326056604584600e-02
-1.640080000000000155e+03,2.776904277256041914e-02
-1.639559999999999945e+03,2.783503526462181854e-02
-1.639039999999999964e+03,2.790119962866322023e-02
-1.638519999999999982e+03,2.796761163552780038e-02
-1.638000000000000000e+03,2.803415799956920224e-02
-1.637480000000000018e+03,2.810089479747060817e-02
-1.636960000000000036e+03,2.816784178953199783e-02
-1.636440000000000055e+03,2.823497975827658074e-02
-1.635920000000000073e+03,2.830232785033796883e-02
-1.635399999999999864e+03,2.836979001437937159e-02
-1.634880000000000109e+03,2.843748135128076893e-02
-1.634360000000000127e+03,2.850532557101216613e-02
-1.633839999999999918e+03,2.857345618301675508e-02
-1.633319999999999936e+03,2.864170151407814668e-02
-1.632799999999999955e+03,2.871021370613954793e-02
-1.632280000000000200e+03,2.877876463685094532e-02
-1.631759999999999764e+03,2.884769709698234777e-02
-1.631240000000000009e+03,2.891668682804374862e-02
-1.630720000000000027e+03,2.898602038677514786e-02
-1.630200000000000045e+03,2.905537245081654327e-02
-1.629679999999999836e+03,2.912508752087793890e-02
-1.629159999999999854e+03,2.919484130867934513e-02
-1.628640000000000100e+03,2.926491923974073803e-02
-1.628120000000000118e+03,2.933507363694213416e-02
-1.627599999999999909e+03,2.940557129567352920e-02
-1.627079999999999927e+03,2.947616492673493099e-02
-1.626559999999999945e+03,2.954702555353633936e-02
-1.626040000000000191e+03,2.961803897875773389e-02
-1.625519999999999982e+03,2.968931970946912802e-02
-1.625000000000000000e+03,2.976075280860052824e-02
-1.624480000000000018e+03,2.983239662485876256e-02
-1.623959999999999809e+03,2.990423082259015958e-02
-1.623440000000000055e+03,2.997623698681155593e-02
-1.622920000000000073e+03,3.004849137461295186e-02
-1.622400000000000091e+03,3.012091776650434663e-02
-1.621879999999999882e+03,3.019361102760257862e-02
-1.621359999999999900e+03,3.026645714856397371e-02
-1.620840000000000146e+03,3.033958961862536635e-02
-1.620320000000000164e+03,3.041279861051676692e-02
-1.619799999999999955e+03,3.048635149484498971e-02
-1.619279999999999973e+03,3.055998056455639517e-02
-1.618759999999999991e+03,3.063397218551778406e-02
-1.618240000000000236e+03,3.070802114077600745e-02
-1.617719999999999800e+03,3.078243296173741733e-02
-1.617200000000000045e+03,3.085686392064879852e-02
-1.616680000000000064e+03,3.093175268174703021e-02
-1.616160000000000082e+03,3.100667970270842497e-02
-1.615639999999999873e+03,3.108193202463664304e-02
-1.615119999999999891e+03,3.115726011792804839e-02
-1.614600000000000136e+03,3.123293163985626369e-02
-1.614079999999999927e+03,3.130871819981766863e-02
-1.613559999999999945e+03,3.138480988274588990e-02
-1.613039999999999964e+03,3.146103521503728490e-02
-1.612519999999999982e+03,3.153754713696550749e-02
-1.612000000000000000e+03,3.161424999692690613e-02
-1.611480000000000018e+03,3.169122044103513114e-02
-1.610960000000000036e+03,3.176838120099653023e-02
-1.610440000000000055e+03,3.184573302432475161e-02
-1.609919999999999845e+03,3.192333314625297319e-02
-1.609400000000000091e+03,3.200114340037436833e-02
-1.608880000000000109e+03,3.207920145032258641e-02
-1.608360000000000127e+03,3.215737410132080837e-02
-1.607839999999999918e+03,3.223594839444222926e-02
-1.607319999999999936e+03,3.231463671637043594e-02
-1.606800000000000182e+03,3.239364980636865593e-02
-1.606279999999999745e+03,3.247270065047688087e-02
-1.605759999999999991e+03,3.255219112176827023e-02
-1.605240000000000009e+03,3.263171946692649400e-02
-1.604720000000000027e+03,3.271166805003471872e-02
-1.604199999999999818e+03,3.279165424003294138e-02
-1.603679999999999836e+03,3.287206122419115972e-02
-1.603160000000000082e+03,3.295254395117255819e-02
-1.602640000000000100e+03,3.303338969493078286e-02
-1.602119999999999891e+03,3.311433097908900169e-02
-1.601599999999999909e+03,3.319563473026721639e-02
-1.601079999999999927e+03,3.327707252026544660e-02
-1.600560000000000173e+03,3.335885370337366568e-02
-1.600039999999999964e+03,3.344078818753188492e-02
-1.599519999999999982e+03,3.352298907169009440e-02
-1.599000000000000000e+03,3.360540062286832691e-02
-1.598480000000000018e+03,3.368805990702655045e-02
-1.597960000000000036e+03,3.377098715680476593e-02
-1.597440000000000055e+03,3.385412394096299488e-02
-1.596920000000000073e+03,3.393754729214121246e-02
-1.596399999999999864e+03,3.402116397629943723e-02
-1.595879999999999882e+03,3.410510302747765676e-02
-1.595360000000000127e+03,3.418917536934270446e-02
-1.594840000000000146e+03,3.427361061468091330e-02
-1.594319999999999936e+03,3.435815983678913721e-02
-1.593799999999999955e+03,3.444305335994736483e-02
-1.593279999999999973e+03,3.452802283879558704e-02
-1.592760000000000218e+03,3.461346994715063657e-02
-1.592239999999999782e+03,3.469895509832884167e-02
-1.591720000000000027e+03,3.478489877133707914e-02
-1.591200000000000045e+03,3.487089963349530169e-02
-1.590680000000000064e+03,3.495737760338033656e-02
-1.590159999999999854e+03,3.504393198771855317e-02
-1.589639999999999873e+03,3.513083010503677273e-02
-1.589120000000000118e+03,3.521784291392181937e-02
-1.588600000000000136e+03,3.530525625926003719e-02
-1.588079999999999927e+03,3.539282244012507961e-02
-1.587559999999999945e+03,3.548071382446331412e-02
-1.587039999999999964e+03,3.556881483647151426e-02
-1.586519999999999982e+03,3.565722100191657390e-02
-1.586000000000000000e+03,3.574585619174479312e-02
-1.585480000000000018e+03,3.583474036711983834e-02
-1.584960000000000036e+03,3.592389141812805942e-02
-1.584439999999999827e+03,3.601330989350309819e-02
-1.583920000000000073e+03,3.610303349654814253e-02
-1.583400000000000091e+03,3.619296705286635663e-02
-1.582880000000000109e+03,3.628320639491139366e-02
-1.582359999999999900e+03,3.637361753598962466e-02
-1.581839999999999918e+03,3.646441071136466427e-02
-1.581320000000000164e+03,3.655533715340971573e-02
-1.580800000000000182e+03,3.664664550441793650e-02
-1.580279999999999973e+03,3.673804937979298357e-02
-1.579759999999999991e+03,3.682996914506802416e-02
-1.579240000000000009e+03,3.692194608711306392e-02
-1.578720000000000255e+03,3.701438081045128198e-02
-1.578199999999999818e+03,3.710685394665632492e-02
-1.577680000000000064e+03,3.719986181777137912e-02
-1.577160000000000082e+03,3.729294605981642308e-02
-1.576639999999999873e+03,3.738643099602145803e-02
-1.576119999999999891e+03,3.748004994842967647e-02
-1.575599999999999909e+03,3.757410792363472668e-02
-1.575080000000000155e+03,3.766831856567977310e-02
-1.574559999999999945e+03,3.776289176995480112e-02
-1.574039999999999964e+03,3.785767500615985770e-02
-1.573519999999999982e+03,3.795278338720490391e-02
-1.573000000000000000e+03,3.804813965247994673e-02
-1.572480000000000018e+03,3.814382062768497533e-02
-1.571960000000000036e+03,3.823978765998002627e-02
-1.571440000000000055e+03,3.833598371335507349e-02
-1.570920000000000073e+03,3.843250461763011300e-02
-1.570399999999999864e+03,3.852923559283517180e-02
-1.569880000000000109e+03,3.862634859711019941e-02
-1.569360000000000127e+03,3.872365219137206827e-02
-1.568839999999999918e+03,3.882133772331711197e-02
-1.568319999999999936e+03,3.891917603752216570e-02
-1.567799999999999955e+03,3.901747224179720475e-02
-1.567280000000000200e+03,3.911586444502224147e-02
-1.566759999999999764e+03,3.921479117349409987e-02
-1.566240000000000009e+03,3.931375638769915581e-02
-1.565720000000000027e+03,3.941331271999418823e-02
-1.565200000000000045e+03,3.951288872523606166e-02
-1.564679999999999836e+03,3.961296086267110383e-02
-1.564159999999999854e+03,3.971312896163615297e-02
-1.563640000000000100e+03,3.981381226687802366e-02
-1.563120000000000118e+03,3.991462880431305427e-02
-1.562599999999999909e+03,4.001584637560809399e-02
-1.562079999999999927e+03,4.011725510267995926e-02
-1.561559999999999945e+03,4.021910347397501112e-02
-1.561040000000000191e+03,4.032114254144686383e-02
-1.560519999999999982e+03,4.042352480550191751e-02
-1.560000000000000000e+03,4.052617447881378537e-02
-1.559480000000000018e+03,4.062916794426882361e-02
-1.558959999999999809e+03,4.073246711034069628e-02
-1.558440000000000055e+03,4.083603370583255288e-02
-1.557920000000000073e+03,4.094000074326759053e-02
-1.557400000000000091e+03,4.104419716642945803e-02
-1.556879999999999882e+03,4.114877503390133168e-02
-1.556359999999999900e+03,4.125356343695636696e-02
-1.555840000000000146e+03,4.135877213244823492e-02
-1.555320000000000164e+03,4.146411406659009785e-02
-1.554799999999999955e+03,4.156999067104513723e-02
-1.554279999999999973e+03,4.167596289420701788e-02
-1.553759999999999991e+03,4.178246936167887005e-02
-1.553240000000000236e+03,4.188901412384073847e-02
-1.552719999999999800e+03,4.199624655249259431e-02
-1.552200000000000045e+03,4.210351701856447637e-02
-1.551680000000000064e+03,4.221132228968951794e-02
-1.551160000000000082e+03,4.231922271834137605e-02
-1.550639999999999873e+03,4.242763878050324206e-02
-1.550119999999999891e+03,4.253622683682510563e-02
-1.549600000000000136e+03,4.264527314329697588e-02
-1.549079999999999927e+03,4.275452919961883480e-02
-1.548559999999999945e+03,4.286420536178070506e-02
-1.548039999999999964e+03,4.297412991810256599e-02
-1.547519999999999982e+03,4.308443648575444040e-02
-1.547000000000000000e+03,4.319504813895312656e-02
-1.546480000000000018e+03,4.330598456334499441e-02
-1.545960000000000036e+03,4.341726469164685492e-02
-1.545440000000000055e+03,4.352883138696872489e-02
-1.544919999999999845e+03,4.364081775462058665e-02
-1.544400000000000091e+03,4.375305244994245890e-02
-1.543880000000000109e+03,4.386572653630113616e-02
-1.543360000000000127e+03,4.397861063162301215e-02
-1.542839999999999918e+03,4.409199135601488129e-02
-1.542319999999999936e+03,4.420554304237356291e-02
-1.541800000000000182e+03,4.431962993769542059e-02
-1.541279999999999745e+03,4.443381245519729267e-02
-1.540759999999999991e+03,4.454862528055597570e-02
-1.540240000000000009e+03,4.466347570494785119e-02
-1.539720000000000027e+03,4.477901383342970665e-02
-1.539199999999999818e+03,4.489460925878839548e-02
-1.538679999999999836e+03,4.501075852218026224e-02
-1.538160000000000082e+03,4.512704110269894625e-02
-1.537640000000000100e+03,4.524393485920081420e-02
-1.537119999999999891e+03,4.536098144129950549e-02
-1.536599999999999909e+03,4.547850509981818390e-02
-1.536079999999999927e+03,4.559625823414006213e-02
-1.535560000000000173e+03,4.571450768272874304e-02
-1.535039999999999964e+03,4.583300543026742890e-02
-1.534519999999999982e+03,4.595188462541929808e-02
-1.534000000000000000e+03,4.607110821300797188e-02
-1.533480000000000018e+03,4.619071276054668301e-02
-1.532960000000000036e+03,4.631069978476853866e-02
-1.532440000000000055e+03,4.643099244328723063e-02
-1.531920000000000073e+03,4.655170485889591203e-02
-1.531399999999999864e+03,4.667268514508460947e-02
-1.530879999999999882e+03,4.679416106069327758e-02
-1.530360000000000127e+03,4.691586661921197388e-02
-1.529840000000000146e+03,4.703814473447066186e-02
-1.529319999999999936e+03,4.716057565320253692e-02
-1.528799999999999955e+03,4.728357957839122300e-02
-1.528279999999999973e+03,4.740669809399991608e-02
-1.527760000000000218e+03,4.753048471334859332e-02
-1.527239999999999782e+03,4.765434766795727944e-02
-1.526720000000000027e+03,4.777891749643278785e-02
-1.526200000000000045e+03,4.790356299395147344e-02
-1.525680000000000064e+03,4.802885857039015938e-02
-1.525159999999999854e+03,4.815428731880885826e-02
-1.524639999999999873e+03,4.828026947750754111e-02
-1.524120000000000118e+03,4.840644305978621803e-02
-1.523600000000000136e+03,4.853322790820491228e-02
-1.523079999999999927e+03,4.866022248701042108e-02
-1.522559999999999945e+03,4.878773263437911900e-02
-1.522039999999999964e+03,4.891552882179779627e-02
-1.521519999999999982e+03,4.904376438927329773e-02
-1.521000000000000000e+03,4.917236277704199743e-02
-1.520480000000000018e+03,4.930138139248069207e-02
-1.519960000000000036e+03,4.943080119895618130e-02
-1.519439999999999827e+03,4.956054515146489370e-02
-1.518920000000000073e+03,4.969078575794039221e-02
-1.518400000000000091e+03,4.982133141237907181e-02
-1.517880000000000109e+03,4.995239578534459157e-02
-1.517359999999999900e+03,5.008366773978327469e-02
-1.516839999999999918e+03,5.021556964041877513e-02
-1.516320000000000164e+03,5.034768149485747274e-02
-1.515800000000000182e+03,5.048040423449298014e-02
-1.515279999999999973e+03,5.061324144096850108e-02
-1.514759999999999991e+03,5.074676628956718144e-02
-1.514240000000000009e+03,5.088032942920268920e-02
-1.513720000000000255e+03,5.101473253550820042e-02
-1.513199999999999818e+03,5.114921238098371625e-02
-1.512680000000000064e+03,5.128445522958238745e-02
-1.512160000000000082e+03,5.141981280821789763e-02
-1.511639999999999873e+03,5.155578204785341706e-02
-1.511119999999999891e+03,5.169196095555891185e-02
-1.510599999999999909e+03,5.182875115602442878e-02
-1.510080000000000155e+03,5.196580859565994026e-02
-1.509559999999999945e+03,5.210340037429544990e-02
-1.509039999999999964e+03,5.224129778095095572e-02
-1.508519999999999982e+03,5.237967281048646478e-02
-1.508000000000000000e+03,5.251846742812197461e-02
-1.507480000000000018e+03,5.265773950675747828e-02
-1.506960000000000036e+03,5.279743193524301381e-02
-1.506440000000000055e+03,5.293746758194848440e-02
-1.505920000000000073e+03,5.307801952141401325e-02
-1.505399999999999864e+03,5.321883832222951138e-02
-1.504880000000000109e+03,5.336030658764184115e-02
-1.504360000000000127e+03,5.350202309943736384e-02
-1.503839999999999918e+03,5.364438856692287094e-02
-1.503319999999999936e+03,5.378694500778838372e-02
-1.502799999999999955e+03,5.393022740531071280e-02
-1.502280000000000200e+03,5.407360514617622765e-02
-1.501759999999999764e+03,5.421778470469856837e-02
-1.501240000000000009e+03,5.436202151223407109e-02
-1.500720000000000027e+03,5.450713689104957210e-02
-1.500200000000000045e+03,5.465232825062191907e-02
-1.499679999999999836e+03,5.479828365126741124e-02
-1.499159999999999854e+03,5.494437272216974588e-02
-1.498640000000000100e+03,5.509116792865525331e-02
-1.498120000000000118e+03,5.523817348840759367e-02
-1.497599999999999909e+03,5.538584735790993974e-02
-1.497079999999999927e+03,5.553380778762542769e-02
-1.496559999999999945e+03,5.568237942554775388e-02
-1.496040000000000191e+03,5.583129442821010285e-02
-1.495519999999999982e+03,5.598074424896241214e-02
-1.495000000000000000e+03,5.613063322351793949e-02
-1.494480000000000018e+03,5.628096115420028189e-02
-1.493959999999999809e+03,5.643180528593261247e-02
-1.493440000000000055e+03,5.658303044568493978e-02
-1.492920000000000073e+03,5.673482914443725433e-02
-1.492400000000000091e+03,5.688693287511960989e-02
-1.491879999999999882e+03,5.703972423487192744e-02
-1.491359999999999900e+03,5.719278312778425244e-02
-1.490840000000000146e+03,5.734654812653659783e-02
-1.490320000000000164e+03,5.750048505295893286e-02
-1.489799999999999955e+03,5.765524325171125786e-02
-1.489279999999999973e+03,5.781013521555358747e-02
-1.488759999999999991e+03,5.796586701430592181e-02
-1.488240000000000236e+03,5.812165620721824327e-02
-1.487719999999999800e+03,5.827838132780058245e-02
-1.487200000000000045e+03,5.843518285658973188e-02
-1.486680000000000064e+03,5.859284338850205553e-02
-1.486160000000000082e+03,5.875065670908442145e-02
-1.485639999999999873e+03,5.890925264099672320e-02
-1.485119999999999891e+03,5.906809739745588067e-02
-1.484600000000000136e+03,5.922762922936822272e-02
-1.484079999999999927e+03,5.938748588033738313e-02
-1.483559999999999945e+03,5.954795330214970178e-02
-1.483039999999999964e+03,5.970884082509886337e-02
-1.482519999999999982e+03,5.987032042368118506e-02
-1.482000000000000000e+03,6.003223890232033122e-02
-1.481480000000000018e+03,6.019465446739265951e-02
-1.480960000000000036e+03,6.035758525701182681e-02
-1.480440000000000055e+03,6.052095537605098330e-02
-1.479919999999999845e+03,6.068497436879330409e-02
-1.479400000000000091e+03,6.084937548059247275e-02
-1.478880000000000109e+03,6.101444498154163371e-02
-1.478360000000000127e+03,6.117978202241076968e-02
-1.477839999999999918e+03,6.134590155415309970e-02
-1.477319999999999936e+03,6.151223180495227205e-02
-1.476800000000000182e+03,6.167947822364142074e-02
-1.476279999999999745e+03,6.184685794677058368e-02
-1.475759999999999991e+03,6.201511639277974830e-02
-1.475240000000000009e+03,6.218346978257888180e-02
-1.474720000000000027e+03,6.235283593337802299e-02
-1.474199999999999818e+03,6.252229708522717699e-02
-1.473679999999999836e+03,6.269265597502633736e-02
-1.473160000000000082e+03,6.286318688805549171e-02
-1.472640000000000100e+03,6.303459624983465126e-02
-1.472119999999999891e+03,6.320625356286378727e-02
-1.471599999999999909e+03,6.337871257276979364e-02
-1.471079999999999927e+03,6.355147768439892153e-02
-1.470560000000000173e+03,6.372492977524807367e-02
-1.470039999999999964e+03,6.389882138924406207e-02
-1.469519999999999982e+03,6.407336180227321543e-02
-1.469000000000000000e+03,6.424839935430237681e-02
-1.468480000000000018e+03,6.442399039596834187e-02
-1.467960000000000036e+03,6.460013524799748663e-02
-1.467440000000000055e+03,6.477669989106348003e-02
-1.466920000000000073e+03,6.495399027076263765e-02
-1.466399999999999864e+03,6.513166268475859000e-02
-1.465879999999999882e+03,6.531011826994775893e-02
-1.465360000000000127e+03,6.548889804068373788e-02
-1.464840000000000146e+03,6.566849921690971759e-02
-1.464319999999999936e+03,6.584830983560886752e-02
-1.463799999999999955e+03,6.602907611183482517e-02
-1.463279999999999973e+03,6.620999462052082341e-02
-1.462760000000000218e+03,6.639194412441679072e-02
-1.462239999999999782e+03,6.657398900960594113e-02
-1.461720000000000027e+03,6.675710415250193930e-02
-1.461200000000000045e+03,6.694033339539791350e-02
-1.460680000000000064e+03,6.712453619964386942e-02
-1.460159999999999854e+03,6.730894914253986172e-02
-1.459639999999999873e+03,6.749431998543582722e-02
-1.459120000000000118e+03,6.767995538542180556e-02
-1.458600000000000136e+03,6.786635423964779146e-02
-1.458079999999999927e+03,6.805315439576059555e-02
-1.457559999999999945e+03,6.824075657765656111e-02
-1.457039999999999964e+03,6.842881664857253243e-02
-1.456519999999999982e+03,6.861752622462852225e-02
-1.456000000000000000e+03,6.880678975777448914e-02
-1.455480000000000018e+03,6.899662573070729221e-02
-1.454960000000000036e+03,6.918713027378324554e-02
-1.454439999999999827e+03,6.937813144087605355e-02
-1.453920000000000073e+03,6.956987697402204629e-02
-1.453400000000000091e+03,6.976202411709800377e-02
-1.452880000000000109e+03,6.995501122319078280e-02
-1.452359999999999900e+03,7.014830342300679145e-02
-1.451839999999999918e+03,7.034256975711956905e-02
-1.451320000000000164e+03,7.053706541446237710e-02
-1.450800000000000182e+03,7.073262992951835637e-02
-1.450279999999999973e+03,7.092832883030115998e-02
-1.449759999999999991e+03,7.112513512664395132e-02
-1.449240000000000009e+03,7.132201766387992470e-02
-1.448720000000000255e+03,7.152008399373271930e-02
-1.448199999999999818e+03,7.171826499007553923e-02
-1.447680000000000064e+03,7.191747742401831400e-02
-1.447160000000000082e+03,7.211691852036111738e-02
-1.446639999999999873e+03,7.231742921530392998e-02
-1.446119999999999891e+03,7.251824555064670386e-02
-1.445599999999999909e+03,7.271990181365951822e-02
-1.445080000000000155e+03,7.292199784760232395e-02
-1.444559999999999945e+03,7.312491418294510270e-02
-1.444039999999999964e+03,7.332832774011789623e-02
-1.443519999999999982e+03,7.353244740313068240e-02
-1.443000000000000000e+03,7.373721671836032387e-02
-1.442480000000000018e+03,7.394263466363312776e-02
-1.441960000000000036e+03,7.414874032080591426e-02
-1.441440000000000055e+03,7.435538090801555033e-02
-1.440920000000000073e+03,7.456282367120836696e-02
-1.440399999999999864e+03,7.477070516738115735e-02
-1.439880000000000109e+03,7.497948445459076683e-02
-1.439360000000000127e+03,7.518862611778356908e-02
-1.438839999999999918e+03,7.539881834399318750e-02
-1.438319999999999936e+03,7.560925926818598541e-02
-1.437799999999999955e+03,7.582080709439559252e-02
-1.437280000000000200e+03,7.603248924278520338e-02
-1.436759999999999764e+03,7.624548811695801287e-02
-1.436240000000000009e+03,7.645858319301764017e-02
-1.435720000000000027e+03,7.667284275822727757e-02
-1.435200000000000045e+03,7.688725577468688566e-02
-1.434679999999999836e+03,7.710287106207650010e-02
-1.434159999999999854e+03,7.731873514911610790e-02
-1.433640000000000100e+03,7.753566833650575585e-02
-1.433120000000000118e+03,7.775294482389537298e-02
-1.432599999999999909e+03,7.797123370702498113e-02
-1.432079999999999927e+03,7.818996180539458662e-02
-1.431559999999999945e+03,7.840954945945423360e-02
-1.431040000000000191e+03,7.862969060907384899e-02
-1.430519999999999982e+03,7.885057656313346208e-02
-1.430000000000000000e+03,7.907215024042306417e-02
-1.429480000000000018e+03,7.929441099684952921e-02
-1.428959999999999809e+03,7.951747397413914953e-02
-1.428440000000000055e+03,7.974112906135875922e-02
-1.427920000000000073e+03,7.996566234101520898e-02
-1.427400000000000091e+03,8.019063482823481082e-02
-1.426879999999999882e+03,8.041663837456128339e-02
-1.426359999999999900e+03,8.064300516178088407e-02
-1.425840000000000146e+03,8.087049803612732235e-02
-1.425320000000000164e+03,8.109823959141694572e-02
-1.424799999999999955e+03,8.132722230283338793e-02
-1.424279999999999973e+03,8.155637734915983927e-02
-1.423759999999999991e+03,8.178688761766628179e-02
-1.423240000000000236e+03,8.201751290611590528e-02
-1.422719999999999800e+03,8.224947462337232895e-02
-1.422200000000000045e+03,8.248162703087875969e-02
-1.421680000000000064e+03,8.271500181036522958e-02
-1.421160000000000082e+03,8.294866314554166786e-02
-1.420639999999999873e+03,8.318345136402813256e-02
-1.420119999999999891e+03,8.341865927153456484e-02
-1.419600000000000136e+03,8.365491781185101228e-02
-1.419079999999999927e+03,8.389169145835743968e-02
-1.418559999999999945e+03,8.412940116204069285e-02
-1.418039999999999964e+03,8.436772193621716598e-02
-1.417519999999999982e+03,8.460686357688358694e-02
-1.417000000000000000e+03,8.484673158422004202e-02
-1.416480000000000018e+03,8.508734389374328355e-02
-1.415960000000000036e+03,8.532881530107971901e-02
-1.415440000000000055e+03,8.557091712852300802e-02
-1.414919999999999845e+03,8.581399290818943204e-02
-1.414400000000000091e+03,8.605760663972272795e-02
-1.413880000000000109e+03,8.630228634705915114e-02
-1.413360000000000127e+03,8.654738591350240318e-02
-1.412839999999999918e+03,8.679366971736568459e-02
-1.412319999999999936e+03,8.704022126370210277e-02
-1.411800000000000182e+03,8.728816632430537459e-02
-1.411279999999999745e+03,8.753630239483865816e-02
-1.410759999999999991e+03,8.778583276537192670e-02
-1.410240000000000009e+03,8.803549682597516801e-02
-1.409720000000000027e+03,8.828665019650842882e-02
-1.409199999999999818e+03,8.853797553511172369e-02
-1.408679999999999836e+03,8.879065699040497583e-02
-1.408160000000000082e+03,8.904364349993824923e-02
-1.407640000000000100e+03,8.929787109370150577e-02
-1.407119999999999891e+03,8.955253843125475510e-02
-1.406599999999999909e+03,8.980835148272486856e-02
-1.406079999999999927e+03,9.006471835448812135e-02
-1.405560000000000173e+03,9.032207791527138707e-02
-1.405039999999999964e+03,9.058016337667146312e-02
-1.404519999999999982e+03,9.083914647645474627e-02
-1.404000000000000000e+03,9.109891226692483357e-02
-1.403480000000000018e+03,9.135942286670808987e-02
-1.402960000000000036e+03,9.162090768519819128e-02
-1.402440000000000055e+03,9.188309871779143378e-02
-1.401920000000000073e+03,9.214632111854152707e-02
-1.401399999999999864e+03,9.241005937019160232e-02
-1.400879999999999882e+03,9.267501952184170610e-02
-1.400360000000000127e+03,9.294038015131175778e-02
-1.399840000000000146e+03,9.320711605232505359e-02
-1.399319999999999936e+03,9.347415814297513337e-02
-1.398799999999999955e+03,9.374265133362522096e-02
-1.398279999999999973e+03,9.401131601843530639e-02
-1.397760000000000218e+03,9.428156540908540217e-02
-1.397239999999999782e+03,9.455193002977228811e-02
-1.396720000000000027e+03,9.482393674365238723e-02
-1.396200000000000045e+03,9.509613449513247552e-02
-1.395680000000000064e+03,9.536976462478255478e-02
-1.395159999999999854e+03,9.564375743571947031e-02
-1.394639999999999873e+03,9.591910565952956047e-02
-1.394120000000000118e+03,9.619493145000965195e-02
-1.393600000000000136e+03,9.647194203292656922e-02
-1.393079999999999927e+03,9.674958241791663249e-02
-1.392559999999999945e+03,9.702827286750356772e-02
-1.392039999999999964e+03,9.730774641551044601e-02
-1.391519999999999982e+03,9.758821260208055959e-02
-1.391000000000000000e+03,9.786955751675745219e-02
-1.390480000000000018e+03,9.815170466085439138e-02
-1.389960000000000036e+03,9.843488270460126754e-02
-1.389439999999999827e+03,9.871882478629817603e-02
-1.388920000000000073e+03,9.900389376939509878e-02
-1.388400000000000091e+03,9.928953525214199993e-02
-1.387880000000000109e+03,9.957651326290888061e-02
-1.387359999999999900e+03,9.986393116783580381e-02
-1.386839999999999918e+03,1.001529910885327057e-01
-1.386320000000000164e+03,1.004423949044396386e-01
-1.385800000000000182e+03,1.007328105483665526e-01
-1.385279999999999973e+03,1.010233217833302610e-01
-1.384759999999999991e+03,1.013163732662571703e-01
-1.384240000000000009e+03,1.016095771012209270e-01
-1.383720000000000255e+03,1.019042707118178043e-01
-1.383199999999999818e+03,1.021991549799415450e-01
-1.382680000000000064e+03,1.024954143309384780e-01
-1.382160000000000082e+03,1.027921130990622073e-01
-1.381639999999999873e+03,1.030904539677159337e-01
-1.381119999999999891e+03,1.033892536838028203e-01
-1.380599999999999909e+03,1.036891794185965388e-01
-1.380080000000000155e+03,1.039898500937903036e-01
-1.379559999999999945e+03,1.042918577566040034e-01
-1.379039999999999964e+03,1.045945526245577462e-01
-1.378519999999999982e+03,1.048981259997514986e-01
-1.378000000000000000e+03,1.052028102347252608e-01
-1.377480000000000018e+03,1.055084650375889138e-01
-1.376960000000000036e+03,1.058150749725626782e-01
-1.376440000000000055e+03,1.061222957276432427e-01
-1.375920000000000073e+03,1.064312926345969829e-01
-1.375399999999999864e+03,1.067411295099707363e-01
-1.374880000000000109e+03,1.070517691927212328e-01
-1.374360000000000127e+03,1.073626565386750081e-01
-1.373839999999999918e+03,1.076757019269155291e-01
-1.373319999999999936e+03,1.079892246689592855e-01
-1.372799999999999955e+03,1.083041418571998316e-01
-1.372280000000000200e+03,1.086192118553703928e-01
-1.371759999999999764e+03,1.089363437102809223e-01
-1.371240000000000009e+03,1.092535905854846584e-01
-1.370720000000000027e+03,1.095723268403952233e-01
-1.370200000000000045e+03,1.098914069066357635e-01
-1.369679999999999836e+03,1.102127594947062972e-01
-1.369159999999999854e+03,1.105344366609468804e-01
-1.368640000000000100e+03,1.108573358880174248e-01
-1.368120000000000118e+03,1.111808654674748126e-01
-1.367599999999999909e+03,1.115058656945453336e-01
-1.367079999999999927e+03,1.118316294896859325e-01
-1.366559999999999945e+03,1.121587302447764334e-01
-1.366040000000000191e+03,1.124865182018838367e-01
-1.365519999999999982e+03,1.128151847901343874e-01
-1.365000000000000000e+03,1.131452074763117654e-01
-1.364480000000000018e+03,1.134764902645623158e-01
-1.363959999999999809e+03,1.138086899838997162e-01
-1.363440000000000055e+03,1.141415386021870509e-01
-1.362920000000000073e+03,1.144761444495444314e-01
-1.362400000000000091e+03,1.148116096487750148e-01
-1.361879999999999882e+03,1.151482396628023680e-01
-1.361359999999999900e+03,1.154852708142497519e-01
-1.360840000000000146e+03,1.158240209282771216e-01
-1.360320000000000164e+03,1.161631526087945065e-01
-1.359799999999999955e+03,1.165046331269118801e-01
-1.359279999999999973e+03,1.168463620374660672e-01
-1.358759999999999991e+03,1.171896379846533998e-01
-1.358240000000000236e+03,1.175330476431708099e-01
-1.357719999999999800e+03,1.178784428755550173e-01
-1.357200000000000045e+03,1.182242013326723906e-01
-1.356680000000000064e+03,1.185721942320765721e-01
-1.356160000000000082e+03,1.189205308514239695e-01
-1.355639999999999873e+03,1.192701085618081552e-01
-1.355119999999999891e+03,1.196204312292823702e-01
-1.354600000000000136e+03,1.199726250486297385e-01
-1.354079999999999927e+03,1.203253919870339583e-01
-1.353559999999999945e+03,1.206791331305781534e-01
-1.353039999999999964e+03,1.210340579079823148e-01
-1.352519999999999982e+03,1.213904153082665249e-01
-1.352000000000000000e+03,1.217478800188306898e-01
-1.351480000000000018e+03,1.221063379293948897e-01
-1.350960000000000036e+03,1.224663620686791271e-01
-1.350440000000000055e+03,1.228274357702801300e-01
-1.349919999999999845e+03,1.231895605416743200e-01
-1.349400000000000091e+03,1.235522005390153194e-01
-1.348880000000000109e+03,1.239168078118095540e-01
-1.348360000000000127e+03,1.242820645742405555e-01
-1.347839999999999918e+03,1.246490589137047439e-01
-1.347319999999999936e+03,1.250164191151357518e-01
-1.346800000000000182e+03,1.253861247456368178e-01
-1.346279999999999745e+03,1.257560792462809884e-01
-1.345759999999999991e+03,1.261275994157820268e-01
-1.345240000000000009e+03,1.264993106794430611e-01
-1.344720000000000027e+03,1.268739633431040514e-01
-1.344199999999999818e+03,1.272488447447150672e-01
-1.343679999999999836e+03,1.276250817750460842e-01
-1.343160000000000082e+03,1.280018727967639769e-01
-1.342640000000000100e+03,1.283807070616549417e-01
-1.342119999999999891e+03,1.287601720590059451e-01
-1.341599999999999909e+03,1.291411074138838211e-01
-1.341079999999999927e+03,1.295230162773748361e-01
-1.340560000000000173e+03,1.299065487712526556e-01
-1.340039999999999964e+03,1.302912654308336915e-01
-1.339519999999999982e+03,1.306774333465415272e-01
-1.339000000000000000e+03,1.310646894070893465e-01
-1.338480000000000018e+03,1.314529387518672265e-01
-1.337960000000000036e+03,1.318424486545382579e-01
-1.337440000000000055e+03,1.322327984441560855e-01
-1.336920000000000073e+03,1.326249056320239206e-01
-1.336399999999999864e+03,1.330178527458385496e-01
-1.335879999999999882e+03,1.334128052395464614e-01
-1.335360000000000127e+03,1.338083691235042449e-01
-1.334840000000000146e+03,1.342056706071121097e-01
-1.334319999999999936e+03,1.346033349308567162e-01
-1.333799999999999955e+03,1.350033672814846264e-01
-1.333279999999999973e+03,1.354036480226192829e-01
-1.332760000000000218e+03,1.358059915122471206e-01
-1.332239999999999782e+03,1.362085636982217907e-01
-1.331720000000000027e+03,1.366140578730464239e-01
-1.331200000000000045e+03,1.370198576478710850e-01
-1.330680000000000064e+03,1.374274331316589493e-01
-1.330159999999999854e+03,1.378354861897936046e-01
-1.329639999999999873e+03,1.382451628036182600e-01
-1.329120000000000118e+03,1.386557941317097531e-01
-1.328600000000000136e+03,1.390686023063644472e-01
-1.328079999999999927e+03,1.394821939591890936e-01
-1.327559999999999945e+03,1.398971031352437555e-01
-1.327039999999999964e+03,1.403134254344452492e-01
-1.326519999999999982e+03,1.407314665480998983e-01
-1.326000000000000000e+03,1.411506346541913925e-01
-1.325480000000000018e+03,1.415707573530428920e-01
-1.324960000000000036e+03,1.419924839292775187e-01
-1.324439999999999827e+03,1.424152228961990119e-01
-1.323920000000000073e+03,1.428397573010704580e-01
-1.323400000000000091e+03,1.432651124793219988e-01
-1.322880000000000109e+03,1.436924732132634497e-01
-1.322359999999999900e+03,1.441204447413649559e-01
-1.321839999999999918e+03,1.445501734804464367e-01
-1.321320000000000164e+03,1.449802264475479330e-01
-1.320800000000000182e+03,1.454131856446862214e-01
-1.320279999999999973e+03,1.458463896507877222e-01
-1.319759999999999991e+03,1.462821914697560455e-01
-1.319240000000000009e+03,1.467181836148575280e-01
-1.318720000000000255e+03,1.471566021061558038e-01
-1.318199999999999818e+03,1.475954212120872966e-01
-1.317680000000000064e+03,1.480364549714556222e-01
-1.317160000000000082e+03,1.484780814625839274e-01
-1.316639999999999873e+03,1.489217319875722201e-01
-1.316119999999999891e+03,1.493663376191005365e-01
-1.315599999999999909e+03,1.498131201772488486e-01
-1.315080000000000155e+03,1.502607049364471647e-01
-1.314559999999999945e+03,1.507095881246322544e-01
-1.314039999999999964e+03,1.511599038169905984e-01
-1.313519999999999982e+03,1.516119193432088619e-01
-1.313000000000000000e+03,1.520653288645540391e-01
-1.312480000000000018e+03,1.525199601845823594e-01
-1.311960000000000036e+03,1.529761960739974835e-01
-1.311440000000000055e+03,1.534334246634125876e-01
-1.310920000000000073e+03,1.538928307746577073e-01
-1.310399999999999864e+03,1.543532104582328590e-01
-1.309880000000000109e+03,1.548155956143179857e-01
-1.309360000000000127e+03,1.552785729925831304e-01
-1.308839999999999918e+03,1.557437846483182564e-01
-1.308319999999999936e+03,1.562093781985633700e-01
-1.307799999999999955e+03,1.566773971780585084e-01
-1.307280000000000200e+03,1.571456066525004913e-01
-1.306759999999999764e+03,1.576169485139055915e-01
-1.306240000000000009e+03,1.580885387844375711e-01
-1.305720000000000027e+03,1.585630317925695310e-01
-1.305200000000000045e+03,1.590378494772046181e-01
-1.304679999999999836e+03,1.595144239518265783e-01
-1.304159999999999854e+03,1.599918389221885173e-01
-1.303640000000000100e+03,1.604720801648804596e-01
-1.303120000000000118e+03,1.609531236451724190e-01
-1.302599999999999909e+03,1.614359812486943768e-01
-1.302079999999999927e+03,1.619198320214231546e-01
-1.301559999999999945e+03,1.624053058639450542e-01
-1.301040000000000191e+03,1.628922122064670741e-01
-1.300519999999999982e+03,1.633808181731858100e-01
-1.300000000000000000e+03,1.638711048737646336e-01
-1.299480000000000018e+03,1.643628426771165940e-01
-1.298959999999999809e+03,1.648562040828353281e-01
-1.298440000000000055e+03,1.653505611456441426e-01
-1.297920000000000073e+03,1.658470927183828825e-01
-1.297400000000000091e+03,1.663445788459316510e-01
-1.296879999999999882e+03,1.668440897085704255e-01
-1.296359999999999900e+03,1.673441924813092174e-01
-1.295840000000000146e+03,1.678473888681448201e-01
-1.295320000000000164e+03,1.683511394017135621e-01
-1.294799999999999955e+03,1.688573147943892294e-01
-1.294279999999999973e+03,1.693637007611179246e-01
-1.293759999999999991e+03,1.698732187869535781e-01
-1.293240000000000236e+03,1.703829273127891730e-01
-1.292719999999999800e+03,1.708950425717847277e-01
-1.292200000000000045e+03,1.714077497736035405e-01
-1.291680000000000064e+03,1.719235313513059193e-01
-1.291160000000000082e+03,1.724399240773215325e-01
-1.290639999999999873e+03,1.729583223029871331e-01
-1.290119999999999891e+03,1.734778470898327429e-01
-1.289600000000000136e+03,1.739999121458850884e-01
-1.289079999999999927e+03,1.745229699337807194e-01
-1.288559999999999945e+03,1.750476322506631655e-01
-1.288039999999999964e+03,1.755737647706687443e-01
-1.287519999999999982e+03,1.761015590556211652e-01
-1.287000000000000000e+03,1.766310719056636003e-01
-1.286480000000000018e+03,1.771620173514460439e-01
-1.285960000000000036e+03,1.776952160975784067e-01
-1.285440000000000055e+03,1.782298090866208384e-01
-1.284919999999999845e+03,1.787662354566000866e-01
-1.284400000000000091e+03,1.793034443748925122e-01
-1.283880000000000109e+03,1.798430986838717716e-01
-1.283360000000000127e+03,1.803834395298341553e-01
-1.282839999999999918e+03,1.809268943609934066e-01
-1.282319999999999936e+03,1.814709024179358143e-01
-1.281800000000000182e+03,1.820173359270950697e-01
-1.281279999999999745e+03,1.825639790362543202e-01
-1.280759999999999991e+03,1.831142704076435535e-01
-1.280240000000000009e+03,1.836648094444728319e-01
-1.279720000000000027e+03,1.842182137168288658e-01
-1.279200000000000045e+03,1.847721331548881074e-01
-1.278679999999999836e+03,1.853287105494241527e-01
-1.278160000000000082e+03,1.858860107264833916e-01
-1.277639999999999873e+03,1.864456789596694308e-01
-1.277120000000000118e+03,1.870065308979086682e-01
-1.276599999999999909e+03,1.875698658991647449e-01
-1.276079999999999927e+03,1.881344420226008507e-01
-1.275559999999999945e+03,1.887009281850368647e-01
-1.275039999999999964e+03,1.892691333864729430e-01
-1.274519999999999982e+03,1.898392667509258280e-01
-1.274000000000000000e+03,1.904108325800318857e-01
-1.273480000000000018e+03,1.909835828336848007e-01
-1.272960000000000036e+03,1.915586245349508443e-01
-1.272440000000000055e+03,1.921350415563236880e-01
-1.271919999999999845e+03,1.927140175427866087e-01
-1.271400000000000091e+03,1.932940816110726157e-01
-1.270879999999999882e+03,1.938766098046055819e-01
-1.270360000000000127e+03,1.944598060211052692e-01
-1.269839999999999918e+03,1.950461538758181956e-01
-1.269319999999999936e+03,1.956330168363710209e-01
-1.268799999999999955e+03,1.962228022187539056e-01
-1.268279999999999973e+03,1.968128550464136317e-01
-1.267759999999999991e+03,1.974059821529933201e-01
-1.267240000000000009e+03,1.979994916133762106e-01
-1.266720000000000027e+03,1.985968011593059190e-01
-1.266200000000000045e+03,1.991945500438856154e-01
-1.265680000000000064e+03,1.997944950906953288e-01
-1.265160000000000082e+03,2.003954332971050190e-01
-1.264639999999999873e+03,2.009995417729016076e-01
-1.264120000000000118e+03,2.016046629587112393e-01
-1.263599999999999909e+03,2.022119223711409397e-01
-1.263080000000000155e+03,2.028206145091674961e-01
-1.262559999999999945e+03,2.034315217177740109e-01
-1.262039999999999964e+03,2.040439187037637880e-01
-1.261519999999999982e+03,2.046579579474603061e-01
-1.261000000000000000e+03,2.052740433853168234e-01
-1.260480000000000018e+03,2.058917495142101317e-01
-1.259960000000000036e+03,2.065117477522466771e-01
-1.259440000000000055e+03,2.071331200567732567e-01
-1.258920000000000073e+03,2.077570710578265922e-01
-1.258400000000000091e+03,2.083820916625331032e-01
-1.257879999999999882e+03,2.090099768025864280e-01
-1.257360000000000127e+03,2.096386452314898119e-01
-1.256839999999999918e+03,2.102704838284631950e-01
-1.256320000000000164e+03,2.109028189573665391e-01
-1.255799999999999955e+03,2.115380951874999138e-01
-1.255279999999999973e+03,2.121736190944031875e-01
-1.254759999999999991e+03,2.128127531155734331e-01
-1.254240000000000009e+03,2.134522686788666856e-01
-1.253720000000000027e+03,2.140955852057069009e-01
-1.253199999999999818e+03,2.147394366270571064e-01
-1.252680000000000064e+03,2.153858845960204271e-01
-1.252159999999999854e+03,2.160332495782005813e-01
-1.251640000000000100e+03,2.166833453682376343e-01
-1.251119999999999891e+03,2.173348164284177875e-01
-1.250599999999999909e+03,2.179891139118279586e-01
-1.250079999999999927e+03,2.186446523630449501e-01
-1.249559999999999945e+03,2.193020822563851169e-01
-1.249039999999999964e+03,2.199615168365020579e-01
-1.248519999999999982e+03,2.206231098497790644e-01
-1.248000000000000000e+03,2.212864790121560066e-01
-1.247480000000000018e+03,2.219512034534530387e-01
-1.246960000000000036e+03,2.226186024998901281e-01
-1.246440000000000055e+03,2.232875290191870532e-01
-1.245920000000000073e+03,2.239590528236808931e-01
-1.245400000000000091e+03,2.246316456481178558e-01
-1.244880000000000109e+03,2.253071257524416893e-01
-1.244360000000000127e+03,2.259833664290955835e-01
-1.243839999999999918e+03,2.266632362014893154e-01
-1.243319999999999936e+03,2.273436593728331845e-01
-1.242799999999999955e+03,2.280270426783869986e-01
-1.242279999999999973e+03,2.287106742548708216e-01
-1.241759999999999991e+03,2.293984120574814878e-01
-1.241240000000000009e+03,2.300865131961953025e-01
-1.240720000000000027e+03,2.307779173319658705e-01
-1.240200000000000045e+03,2.314700477663366174e-01
-1.239680000000000064e+03,2.321656348962671534e-01
-1.239159999999999854e+03,2.328621388667778402e-01
-1.238640000000000100e+03,2.335613737965384629e-01
-1.238119999999999891e+03,2.342618114321390888e-01
-1.237600000000000136e+03,2.349647131919365695e-01
-1.237079999999999927e+03,2.356693143287671710e-01
-1.236559999999999945e+03,2.363763981222546107e-01
-1.236039999999999964e+03,2.370852387113021043e-01
-1.235519999999999982e+03,2.377959706709296406e-01
-1.235000000000000000e+03,2.385087651321370350e-01
-1.234480000000000018e+03,2.392231634268544571e-01
-1.233960000000000036e+03,2.399402354488919253e-01
-1.233440000000000055e+03,2.406588163678062275e-01
-1.232920000000000073e+03,2.413803765865504825e-01
-1.232399999999999864e+03,2.421031399756080615e-01
-1.231880000000000109e+03,2.428288057056823546e-01
-1.231359999999999900e+03,2.435552169756766139e-01
-1.230840000000000146e+03,2.442852974576176228e-01
-1.230319999999999936e+03,2.450159098446119399e-01
-1.229799999999999955e+03,2.457499602966962404e-01
-1.229279999999999973e+03,2.464843351078872813e-01
-1.228759999999999991e+03,2.472227777190784681e-01
-1.228240000000000009e+03,2.479615833910996103e-01
-1.227720000000000027e+03,2.487036737744506287e-01
-1.227200000000000045e+03,2.494465283466517080e-01
-1.226680000000000064e+03,2.501928012908328780e-01
-1.226160000000000082e+03,2.509401625020338811e-01
-1.225639999999999873e+03,2.516906175723419015e-01
-1.225119999999999891e+03,2.524424860797198078e-01
-1.224599999999999909e+03,2.531971236831877525e-01
-1.224079999999999927e+03,2.539532703464356667e-01
-1.223559999999999945e+03,2.547115747279036224e-01
-1.223039999999999964e+03,2.554719230253614803e-01
-1.222519999999999982e+03,2.562344099676594489e-01
-1.222000000000000000e+03,2.569989594621741591e-01
-1.221480000000000018e+03,2.577650942286689451e-01
-1.220960000000000036e+03,2.585342654929768669e-01
-1.220440000000000055e+03,2.593051171596516546e-01
-1.219920000000000073e+03,2.600785858072632295e-01
-1.219400000000000091e+03,2.608531042129380029e-01
-1.218880000000000109e+03,2.616309267416727646e-01
-1.218359999999999900e+03,2.624096278272342597e-01
-1.217840000000000146e+03,2.631919796136759082e-01
-1.217319999999999936e+03,2.639748632094306435e-01
-1.216800000000000182e+03,2.647617003594190388e-01
-1.216279999999999973e+03,2.655488621180205344e-01
-1.215759999999999991e+03,2.663401103046421081e-01
-1.215240000000000009e+03,2.671317215634237963e-01
-1.214720000000000027e+03,2.679266176703321567e-01
-1.214200000000000045e+03,2.687223733533105618e-01
-1.213679999999999836e+03,2.695219676101989759e-01
-1.213160000000000082e+03,2.703225171210273392e-01
-1.212639999999999873e+03,2.711257586110756845e-01
-1.212120000000000118e+03,2.719306046899741536e-01
-1.211599999999999909e+03,2.727385642930693632e-01
-1.211079999999999927e+03,2.735480323351646148e-01
-1.210559999999999945e+03,2.743596582439297160e-01
-1.210039999999999964e+03,2.751733279472050042e-01
-1.209519999999999982e+03,2.759891168182002086e-01
-1.209000000000000000e+03,2.768075988104554130e-01
-1.208480000000000018e+03,2.776281056336674657e-01
-1.207960000000000036e+03,2.784509803147726670e-01
-1.207440000000000055e+03,2.792751344101447319e-01
-1.206919999999999845e+03,2.801027075111867659e-01
-1.206400000000000091e+03,2.809315597845587487e-01
-1.205879999999999882e+03,2.817633751187608726e-01
-1.205360000000000127e+03,2.825959135110196474e-01
-1.204839999999999918e+03,2.834325574173817697e-01
-1.204319999999999936e+03,2.842697940718705851e-01
-1.203799999999999955e+03,2.851110217694494686e-01
-1.203279999999999973e+03,2.859525550296083130e-01
-1.202759999999999991e+03,2.867981567894171691e-01
-1.202240000000000009e+03,2.876441974778628508e-01
-1.201720000000000027e+03,2.884939812433416906e-01
-1.201200000000000045e+03,2.893445286668774319e-01
-1.200680000000000064e+03,2.901984946246230490e-01
-1.200160000000000082e+03,2.910535494031487591e-01
-1.199639999999999873e+03,2.919116787930044477e-01
-1.199120000000000118e+03,2.927712409086369316e-01
-1.198599999999999909e+03,2.936335719983226289e-01
-1.198080000000000155e+03,2.944978509471151695e-01
-1.197559999999999945e+03,2.953648804570875863e-01
-1.197039999999999964e+03,2.962339723057101915e-01
-1.196519999999999982e+03,2.971051647213526214e-01
-1.196000000000000000e+03,2.979784774335220154e-01
-1.195480000000000018e+03,2.988533367764845128e-01
-1.194960000000000036e+03,2.997316176175537916e-01
-1.194440000000000055e+03,3.006117095572231057e-01
-1.193920000000000073e+03,3.014944565984725156e-01
-1.193400000000000091e+03,3.023782155013386985e-01
-1.192879999999999882e+03,3.032657367424179129e-01
-1.192360000000000127e+03,3.041541939745341372e-01
-1.191839999999999918e+03,3.050458786456501925e-01
-1.191320000000000164e+03,3.059379836499264704e-01
-1.190799999999999955e+03,3.068346150831025576e-01
-1.190279999999999973e+03,3.077315897595387373e-01
-1.189759999999999991e+03,3.086331099507716447e-01
-1.189240000000000009e+03,3.095350498550578089e-01
-1.188720000000000027e+03,3.104402370402808420e-01
-1.188199999999999818e+03,3.113463028088137574e-01
-1.187680000000000064e+03,3.122561877910935979e-01
-1.187159999999999854e+03,3.131671996874764718e-01
-1.186640000000000100e+03,3.140812672138962869e-01
-1.186119999999999891e+03,3.149969578395293013e-01
-1.185599999999999909e+03,3.159157237571659227e-01
-1.185079999999999927e+03,3.168360363456456108e-01
-1.184559999999999945e+03,3.177584715014954986e-01
-1.184039999999999964e+03,3.186832527811920279e-01
-1.183519999999999982e+03,3.196103838088519833e-01
-1.183000000000000000e+03,3.205402454273784674e-01
-1.182480000000000018e+03,3.214720743072551623e-01
-1.181960000000000036e+03,3.224063091169985240e-01
-1.181440000000000055e+03,3.233418044647751177e-01
-1.180920000000000073e+03,3.242807375466786324e-01
-1.180400000000000091e+03,3.252209312576520017e-01
-1.179880000000000109e+03,3.261645048574754457e-01
-1.179360000000000127e+03,3.271089002796088163e-01
-1.178839999999999918e+03,3.280574396816292038e-01
-1.178319999999999936e+03,3.290065333926125990e-01
-1.177799999999999955e+03,3.299591402958628739e-01
-1.177279999999999973e+03,3.309120719367131813e-01
-1.176759999999999991e+03,3.318695113401434194e-01
-1.176240000000000009e+03,3.328275234674204497e-01
-1.175720000000000027e+03,3.337896602617175246e-01
-1.175200000000000045e+03,3.347525644039778259e-01
-1.174680000000000064e+03,3.357183686371048581e-01
-1.174159999999999854e+03,3.366854522554287854e-01
-1.173640000000000100e+03,3.376559733621158355e-01
-1.173119999999999891e+03,3.386279462254597750e-01
-1.172600000000000136e+03,3.396026495116836741e-01
-1.172079999999999927e+03,3.405793393704176220e-01
-1.171559999999999945e+03,3.415587414958214385e-01
-1.171039999999999964e+03,3.425402628933853499e-01
-1.170519999999999982e+03,3.435238281100060909e-01
-1.170000000000000000e+03,3.445098568707668507e-01
-1.169480000000000018e+03,3.454976043494475402e-01
-1.168960000000000036e+03,3.464881213394582771e-01
-1.168440000000000055e+03,3.474800704581058608e-01
-1.167920000000000073e+03,3.484754763811065414e-01
-1.167399999999999864e+03,3.494721233286541273e-01
-1.166880000000000109e+03,3.504717501719416539e-01
-1.166359999999999900e+03,3.514720861497060422e-01
-1.165840000000000146e+03,3.524765827318235845e-01
-1.165319999999999936e+03,3.534815945759080535e-01
-1.164799999999999955e+03,3.544911519488924134e-01
-1.164279999999999973e+03,3.555010340218767717e-01
-1.163759999999999991e+03,3.565144112250778763e-01
-1.163240000000000009e+03,3.575283613372423064e-01
-1.162720000000000027e+03,3.585464363416735467e-01
-1.162200000000000045e+03,3.595653517837046897e-01
-1.161680000000000064e+03,3.605876090454926963e-01
-1.161160000000000082e+03,3.616110127167738719e-01
-1.160639999999999873e+03,3.626374531730818807e-01
-1.160119999999999891e+03,3.636655739127000464e-01
-1.159599999999999909e+03,3.646967120750279068e-01
-1.159079999999999927e+03,3.657294351814959765e-01
-1.158559999999999945e+03,3.667642399412308074e-01
-1.158039999999999964e+03,3.678014543330756503e-01
-1.157519999999999982e+03,3.688409764265005442e-01
-1.157000000000000000e+03,3.698829240252453077e-01
-1.156480000000000018e+03,3.709266091849901525e-01
-1.155960000000000036e+03,3.719730832760017591e-01
-1.155440000000000055e+03,3.730209513267934152e-01
-1.154920000000000073e+03,3.740719131846551027e-01
-1.154400000000000091e+03,3.751239633996935607e-01
-1.153880000000000109e+03,3.761794321487720305e-01
-1.153359999999999900e+03,3.772356654396237796e-01
-1.152840000000000146e+03,3.782956412127290169e-01
-1.152319999999999936e+03,3.793560562999374608e-01
-1.151800000000000182e+03,3.804205399132726817e-01
-1.151279999999999973e+03,3.814853476065012683e-01
-1.150759999999999991e+03,3.825541275808465591e-01
-1.150240000000000009e+03,3.836234458182087304e-01
-1.149720000000000027e+03,3.846964079313839879e-01
-1.149200000000000045e+03,3.857703256369961475e-01
-1.148679999999999836e+03,3.868480052133682623e-01
-1.148160000000000082e+03,3.879266972909703459e-01
-1.147639999999999873e+03,3.890080056876293324e-01
-1.147120000000000118e+03,3.900908422950982724e-01
-1.146599999999999909e+03,3.911763329247472942e-01
-1.146079999999999927e+03,3.922636572994161464e-01
-1.145559999999999945e+03,3.933533498934919104e-01
-1.145039999999999964e+03,3.944451810679908688e-01
-1.144519999999999982e+03,3.955390366732267071e-01
-1.144000000000000000e+03,3.966350693008223738e-01
-1.143480000000000018e+03,3.977325919249450892e-01
-1.142960000000000036e+03,3.988332878449876162e-01
-1.142440000000000055e+03,3.999355082802701911e-01
-1.141919999999999845e+03,4.010404598391427711e-01
-1.141400000000000091e+03,4.021463665945421706e-01
-1.140879999999999882e+03,4.032556913867547665e-01
-1.140360000000000127e+03,4.043657611419842479e-01
-1.139839999999999918e+03,4.054795743664303953e-01
-1.139319999999999936e+03,4.065938262618898347e-01
-1.138799999999999955e+03,4.077116498374160902e-01
-1.138279999999999973e+03,4.088297986338523260e-01
-1.137759999999999991e+03,4.099518807482084304e-01
-1.137240000000000009e+03,4.110745169601416893e-01
-1.136720000000000027e+03,4.122008009156947206e-01
-1.136200000000000045e+03,4.133278514224978384e-01
-1.135680000000000064e+03,4.144577828110409534e-01
-1.135160000000000082e+03,4.155889177808708146e-01
-1.134639999999999873e+03,4.167230315228604987e-01
-1.134120000000000118e+03,4.178584637719203743e-01
-1.133599999999999909e+03,4.189962440437771107e-01
-1.133080000000000155e+03,4.201358394538470820e-01
-1.132559999999999945e+03,4.212778023659338178e-01
-1.132039999999999964e+03,4.224216565003804380e-01
-1.131519999999999982e+03,4.235672674645140634e-01
-1.131000000000000000e+03,4.247153611788074823e-01
-1.130480000000000018e+03,4.258651543111910409e-01
-1.129960000000000036e+03,4.270174112155645241e-01
-1.129440000000000055e+03,4.281708744499749808e-01
-1.128920000000000073e+03,4.293270653787252811e-01
-1.128400000000000091e+03,4.304841730129655986e-01
-1.127879999999999882e+03,4.316443176338128906e-01
-1.127360000000000127e+03,4.328050918694630878e-01
-1.126839999999999918e+03,4.339696288595271678e-01
-1.126320000000000164e+03,4.351345859862243981e-01
-1.125799999999999955e+03,4.363031332151180997e-01
-1.125279999999999973e+03,4.374719479138053368e-01
-1.124759999999999991e+03,4.386442190681262288e-01
-1.124240000000000009e+03,4.398169873651002759e-01
-1.123720000000000027e+03,4.409929280471009405e-01
-1.123199999999999818e+03,4.421696303404316630e-01
-1.122680000000000064e+03,4.433492160536994797e-01
-1.122159999999999854e+03,4.445297187427802998e-01
-1.121640000000000100e+03,4.457124362283879093e-01
-1.121119999999999891e+03,4.468967005138256288e-01
-1.120599999999999909e+03,4.480836007682998390e-01
-1.120079999999999927e+03,4.492721248447845706e-01
-1.119559999999999945e+03,4.504626917283389709e-01
-1.119039999999999964e+03,4.516548818782134544e-01
-1.118519999999999982e+03,4.528485805857946356e-01
-1.118000000000000000e+03,4.540444760715560690e-01
-1.117480000000000018e+03,4.552418639715841153e-01
-1.116960000000000036e+03,4.564416929307353876e-01
-1.116440000000000055e+03,4.576427062917734490e-01
-1.115920000000000073e+03,4.588464699049885076e-01
-1.115400000000000091e+03,4.600511498218564088e-01
-1.114880000000000109e+03,4.612584277531714405e-01
-1.114360000000000127e+03,4.624662395865031805e-01
-1.113839999999999918e+03,4.636768971288079966e-01
-1.113319999999999936e+03,4.648878412621498812e-01
-1.112799999999999955e+03,4.661023950736716825e-01
-1.112279999999999973e+03,4.673171965046001852e-01
-1.111759999999999991e+03,4.685349615082187724e-01
-1.111240000000000009e+03,4.697532007726673564e-01
-1.110720000000000027e+03,4.709746103486258106e-01
-1.110200000000000045e+03,4.721966881775011560e-01
-1.109680000000000064e+03,4.734212297012465598e-01
-1.109159999999999854e+03,4.746466883252588587e-01
-1.108640000000000100e+03,4.758743616333742654e-01
-1.108119999999999891e+03,4.771032002646364845e-01
-1.107600000000000136e+03,4.783340060548355033e-01
-1.107079999999999927e+03,4.795662249452144477e-01
-1.106559999999999945e+03,4.808001840354235168e-01
-1.106039999999999964e+03,4.820357835367926058e-01
-1.105519999999999982e+03,4.832728529914282478e-01
-1.105000000000000000e+03,4.845118326838441791e-01
-1.104480000000000018e+03,4.857520531015068754e-01
-1.103960000000000036e+03,4.869940496024028342e-01
-1.103440000000000055e+03,4.882368671501124413e-01
-1.102920000000000073e+03,4.894824731081950375e-01
-1.102399999999999864e+03,4.907289577573145101e-01
-1.101880000000000109e+03,4.919776382509337687e-01
-1.101359999999999900e+03,4.932267611691002474e-01
-1.100840000000000146e+03,4.944787077582896706e-01
-1.100319999999999936e+03,4.957309601685528921e-01
-1.099799999999999955e+03,4.969857707601191832e-01
-1.099279999999999973e+03,4.982408113326222687e-01
-1.098759999999999991e+03,4.994982768262154482e-01
-1.098240000000000009e+03,5.007561818346054627e-01
-1.097720000000000027e+03,5.020167787202953757e-01
-1.097200000000000045e+03,5.032779685299254568e-01
-1.096680000000000064e+03,5.045412036179923732e-01
-1.096160000000000082e+03,5.058053534848090393e-01
-1.095639999999999873e+03,5.070716990709926986e-01
-1.095119999999999891e+03,5.083388284778694866e-01
-1.094599999999999909e+03,5.096072745550999095e-01
-1.094079999999999927e+03,5.108771343033534640e-01
-1.093559999999999945e+03,5.121487123148038556e-01
-1.093039999999999964e+03,5.134213984221744909e-01
-1.092519999999999982e+03,5.146950583636715759e-01
-1.092000000000000000e+03,5.159703446342488453e-01
-1.091480000000000018e+03,5.172466202158061410e-01
-1.090960000000000036e+03,5.185246916898101910e-01
-1.090440000000000055e+03,5.198035840294342735e-01
-1.089920000000000073e+03,5.210844628386251953e-01
-1.089400000000000091e+03,5.223659715035061657e-01
-1.088880000000000109e+03,5.236492373087968666e-01
-1.088359999999999900e+03,5.249328279827747412e-01
-1.087840000000000146e+03,5.262183470900924087e-01
-1.087319999999999936e+03,5.275040597975901857e-01
-1.086800000000000182e+03,5.287923480400947840e-01
-1.086279999999999973e+03,5.300808273786892233e-01
-1.085759999999999991e+03,5.313717510083304507e-01
-1.085240000000000009e+03,5.326628849782019115e-01
-1.084720000000000027e+03,5.339553742578332374e-01
-1.084200000000000045e+03,5.352483223238915233e-01
-1.083679999999999836e+03,5.365428932478364388e-01
-1.083160000000000082e+03,5.378382885209747055e-01
-1.082639999999999873e+03,5.391354756633297551e-01
-1.082120000000000118e+03,5.404332552907117337e-01
-1.081599999999999909e+03,5.417320082179234442e-01
-1.081079999999999927e+03,5.430317164342950420e-01
-1.080559999999999945e+03,5.443325698409171576e-01
-1.080039999999999964e+03,5.456345316327456674e-01
-1.079519999999999982e+03,5.469374666395011575e-01
-1.079000000000000000e+03,5.482413786294466629e-01
-1.078480000000000018e+03,5.495458800025321278e-01
-1.077960000000000036e+03,5.508518328725041657e-01
-1.077440000000000055e+03,5.521584151756366854e-01
-1.076919999999999845e+03,5.534662205710458860e-01
-1.076400000000000091e+03,5.547743883774349793e-01
-1.075879999999999882e+03,5.560843128409240776e-01
-1.075360000000000127e+03,5.573945836454301528e-01
-1.074839999999999918e+03,5.587057881021629813e-01
-1.074319999999999936e+03,5.600170876119987540e-01
-1.073799999999999955e+03,5.613304876388282016e-01
-1.073279999999999973e+03,5.626439451409409598e-01
-1.072759999999999991e+03,5.639583761399404871e-01
-1.072240000000000009e+03,5.652730558092070590e-01
-1.071720000000000027e+03,5.665890526724634002e-01
-1.071200000000000045e+03,5.679054348080598835e-01
-1.070680000000000064e+03,5.692230166183631646e-01
-1.070160000000000082e+03,5.705410572852364082e-01
-1.069639999999999873e+03,5.718602049878165339e-01
-1.069120000000000118e+03,5.731797351859664325e-01
-1.068599999999999909e+03,5.744999139918032238e-01
-1.068080000000000155e+03,5.758205893531602726e-01
-1.067559999999999945e+03,5.771418402701670169e-01
-1.067039999999999964e+03,5.784639102014506040e-01
-1.066519999999999982e+03,5.797867051021212692e-01
-1.066000000000000000e+03,5.811101494746119256e-01
-1.065480000000000018e+03,5.824339945151723041e-01
-1.064960000000000036e+03,5.837581835189395996e-01
-1.064440000000000055e+03,5.850825636527438034e-01
-1.063920000000000073e+03,5.864081494967512409e-01
-1.063400000000000091e+03,5.877340759728121311e-01
-1.062879999999999882e+03,5.890604603580263943e-01
-1.062360000000000127e+03,5.903869028875442515e-01
-1.061839999999999918e+03,5.917143374760150953e-01
-1.061320000000000164e+03,5.930418303018997195e-01
-1.060799999999999955e+03,5.943703944493177183e-01
-1.060279999999999973e+03,5.956989751903190022e-01
-1.059759999999999991e+03,5.970280518122736968e-01
-1.059240000000000009e+03,5.983572053263250812e-01
-1.058720000000000027e+03,5.996867975762635306e-01
-1.058199999999999818e+03,6.010165048437715596e-01
-1.057680000000000064e+03,6.023466125624067358e-01
-1.057159999999999854e+03,6.036770667489419484e-01
-1.056640000000000100e+03,6.050082247945938185e-01
-1.056119999999999891e+03,6.063393831845658166e-01
-1.055599999999999909e+03,6.076705409714243666e-01
-1.055079999999999927e+03,6.090019470244331101e-01
-1.054559999999999945e+03,6.103336202697087209e-01
-1.054039999999999964e+03,6.116656020890842704e-01
-1.053519999999999982e+03,6.129978099145667603e-01
-1.053000000000000000e+03,6.143300178802891809e-01
-1.052480000000000018e+03,6.156622250037183663e-01
-1.051960000000000036e+03,6.169944136677374402e-01
-1.051440000000000055e+03,6.183266206556035094e-01
-1.050920000000000073e+03,6.196592515168696247e-01
-1.050400000000000091e+03,6.209919740514323605e-01
-1.049880000000000109e+03,6.223246967278152075e-01
-1.049360000000000127e+03,6.236574192491749491e-01
-1.048839999999999918e+03,6.249896643129613238e-01
-1.048319999999999936e+03,6.263218709169777743e-01
-1.047799999999999955e+03,6.276546152917644728e-01
-1.047279999999999973e+03,6.289872994278545848e-01
-1.046759999999999991e+03,6.303194864351480131e-01
-1.046240000000000009e+03,6.316516927894779698e-01
-1.045720000000000027e+03,6.329838987680149742e-01
-1.045200000000000045e+03,6.343161081666688350e-01
-1.044680000000000064e+03,6.356483135486425962e-01
-1.044159999999999854e+03,6.369801950474462959e-01
-1.043640000000000100e+03,6.383113498215268189e-01
-1.043119999999999891e+03,6.396425050179275207e-01
-1.042600000000000136e+03,6.409736603254816423e-01
-1.042079999999999927e+03,6.423045892590091288e-01
-1.041559999999999945e+03,6.436352090467702958e-01
-1.041039999999999964e+03,6.449655615227346539e-01
-1.040519999999999982e+03,6.462956655135824180e-01
-1.040000000000000000e+03,6.476251203506901977e-01
-1.039480000000000018e+03,6.489542154119950501e-01
-1.038960000000000036e+03,6.502829057856998052e-01
-1.038440000000000055e+03,6.516114434894413332e-01
-1.037920000000000073e+03,6.529395804041827622e-01
-1.037399999999999864e+03,6.542676023780311656e-01
-1.036880000000000109e+03,6.555947485542662490e-01
-1.036359999999999900e+03,6.569217195746415161e-01
-1.035840000000000146e+03,6.582477166888736075e-01
-1.035319999999999936e+03,6.595736366793555350e-01
-1.034799999999999955e+03,6.608985071012942747e-01
-1.034279999999999973e+03,6.622233007642501779e-01
-1.033759999999999991e+03,6.635471611621356347e-01
-1.033240000000000009e+03,6.648708280563782047e-01
-1.032720000000000027e+03,6.661936155018407524e-01
-1.032200000000000045e+03,6.675160212775198554e-01
-1.031680000000000064e+03,6.688372651121461399e-01
-1.031160000000000082e+03,6.701581621300921610e-01
-1.030639999999999873e+03,6.714783329332451034e-01
-1.030119999999999891e+03,6.727978931568248111e-01
-1.029599999999999909e+03,6.741164978080846915e-01
-1.029079999999999927e+03,6.754346280077913045e-01
-1.028559999999999945e+03,6.767521821925246428e-01
-1.028039999999999964e+03,6.780686093286579785e-01
-1.027519999999999982e+03,6.793840811224983733e-01
-1.027000000000000000e+03,6.806985602008985836e-01
-1.026480000000000018e+03,6.820124884093354822e-01
-1.025960000000000036e+03,6.833256498213894359e-01
-1.025440000000000055e+03,6.846385051950599765e-01
-1.024920000000000073e+03,6.859493168552207587e-01
-1.024400000000000091e+03,6.872595771454182989e-01
-1.023880000000000109e+03,6.885689373478458553e-01
-1.023360000000000014e+03,6.898781253453999396e-01
-1.022840000000000032e+03,6.911848690534612150e-01
-1.022319999999999936e+03,6.924914407194092680e-01
-1.021800000000000068e+03,6.937964870016672947e-01
-1.021279999999999973e+03,6.951013011488821336e-01
-1.020759999999999991e+03,6.964042240753369750e-01
-1.020240000000000009e+03,6.977068043223453309e-01
-1.019719999999999914e+03,6.990076484253637812e-01
-1.019200000000000045e+03,7.003078408292721102e-01
-1.018679999999999950e+03,7.016060656326142952e-01
-1.018160000000000082e+03,7.029036220091764431e-01
-1.017639999999999986e+03,7.041997680499954004e-01
-1.017120000000000005e+03,7.054950518799841808e-01
-1.016599999999999909e+03,7.067890931733498139e-01
-1.016080000000000041e+03,7.080816460426624381e-01
-1.015559999999999945e+03,7.093725581374019651e-01
-1.015040000000000077e+03,7.106625890821413050e-01
-1.014519999999999982e+03,7.119519328481341836e-01
-1.014000000000000000e+03,7.132392900521404844e-01
-1.013480000000000018e+03,7.145255040674703961e-01
-1.012960000000000036e+03,7.158098440104502247e-01
-1.012440000000000055e+03,7.170934383592635353e-01
-1.011919999999999959e+03,7.183745501891803942e-01
-1.011399999999999977e+03,7.196550157305906525e-01
-1.010879999999999882e+03,7.209336635549911110e-01
-1.010360000000000014e+03,7.222120252740248381e-01
-1.009839999999999918e+03,7.234874264097289620e-01
-1.009320000000000050e+03,7.247626010526827534e-01
-1.008799999999999955e+03,7.260346984564305384e-01
-1.008279999999999973e+03,7.273064900770082053e-01
-1.007759999999999991e+03,7.285754351068625123e-01
-1.007240000000000009e+03,7.298438493999237497e-01
-1.006720000000000027e+03,7.311096624222049867e-01
-1.006200000000000045e+03,7.323748267357130803e-01
-1.005679999999999950e+03,7.336380232156747283e-01
-1.005160000000000082e+03,7.349000585126465035e-01
-1.004639999999999986e+03,7.361595880518750912e-01
-1.004120000000000118e+03,7.374176477315234068e-01
-1.003600000000000023e+03,7.386735516432356707e-01
-1.003080000000000041e+03,7.399279250730178559e-01
-1.002559999999999945e+03,7.411806745342469638e-01
-1.002039999999999964e+03,7.424316487529828423e-01
-1.001519999999999982e+03,7.436812883794554629e-01
-1.001000000000000000e+03,7.449282320533778812e-01
-1.000480000000000018e+03,7.461736671836073365e-01
-9.999599999999999227e+02,7.474168708021737828e-01
-9.994400000000000546e+02,7.486591545359736477e-01
-9.989199999999999591e+02,7.498981534689768136e-01
-9.984000000000000909e+02,7.511362548953834928e-01
-9.978799999999999955e+02,7.523716664477270166e-01
-9.973600000000000136e+02,7.536066355944105455e-01
-9.968399999999999181e+02,7.548376508814679253e-01
-9.963200000000000500e+02,7.560683834227751587e-01
-9.957999999999999545e+02,7.572949872024393736e-01
-9.952800000000000864e+02,7.585212286231302059e-01
-9.947599999999999909e+02,7.597442064584178922e-01
-9.942400000000000091e+02,7.609664183717154140e-01
-9.937200000000000273e+02,7.621851920183168039e-01
-9.931999999999999318e+02,7.634030523223280795e-01
-9.926800000000000637e+02,7.646181588194130851e-01
-9.921599999999999682e+02,7.658317190788780371e-01
-9.916399999999999864e+02,7.670421306697999819e-01
-9.911199999999998909e+02,7.682508397795786426e-01
-9.906000000000000227e+02,7.694570658171608901e-01
-9.900799999999999272e+02,7.706612485597762463e-01
-9.895600000000000591e+02,7.718633148535122279e-01
-9.890399999999999636e+02,7.730627229519312360e-01
-9.885199999999999818e+02,7.742600493281738272e-01
-9.880000000000000000e+02,7.754547436791036086e-01
-9.874800000000000182e+02,7.766478878893198212e-01
-9.869600000000000364e+02,7.778376930007562251e-01
-9.864400000000000546e+02,7.790261579332662389e-01
-9.859199999999999591e+02,7.802108609352461643e-01
-9.854000000000000909e+02,7.813946312233897018e-01
-9.848799999999999955e+02,7.825747314811736244e-01
-9.843600000000001273e+02,7.837542972770310534e-01
-9.838400000000000318e+02,7.849289387193379985e-01
-9.833199999999999363e+02,7.861031570988491479e-01
-9.827999999999999545e+02,7.872727917418002042e-01
-9.822799999999999727e+02,7.884419525259580563e-01
-9.817599999999999909e+02,7.896068891494394393e-01
-9.812400000000000091e+02,7.907709665296308588e-01
-9.807200000000000273e+02,7.919312274865657475e-01
-9.801999999999999318e+02,7.930901106952509272e-01
-9.796800000000000637e+02,7.942451191150595724e-01
-9.791599999999999682e+02,7.953983684860983505e-01
-9.786400000000001000e+02,7.965481416634705436e-01
-9.781200000000000045e+02,7.976957982794730118e-01
-9.776000000000000227e+02,7.988403390848091146e-01
-9.770799999999999272e+02,7.999825886911848816e-01
-9.765600000000000591e+02,8.011224530270314448e-01
-9.760399999999999636e+02,8.022593362354610846e-01
-9.755200000000000955e+02,8.033939681759542095e-01
-9.750000000000000000e+02,8.045248925147244767e-01
-9.744799999999999045e+02,8.056537544888514590e-01
-9.739600000000000364e+02,8.067788761628349459e-01
-9.734399999999999409e+02,8.079025054386658189e-01
-9.729200000000000728e+02,8.090219934153197734e-01
-9.723999999999999773e+02,8.101404096598741056e-01
-9.718799999999999955e+02,8.112538026600619734e-01
-9.713599999999999000e+02,8.123664730494098984e-01
-9.708400000000000318e+02,8.134741753684712195e-01
-9.703199999999999363e+02,8.145814610617198026e-01
-9.698000000000000682e+02,8.156831476752448573e-01
-9.692799999999999727e+02,8.167842841093768680e-01
-9.687599999999999909e+02,8.178807571636058649e-01
-9.682400000000000091e+02,8.189760661382712303e-01
-9.677200000000000273e+02,8.200662782286807229e-01
-9.672000000000000455e+02,8.211550943113367085e-01
-9.666800000000000637e+02,8.222400739713492390e-01
-9.661599999999999682e+02,8.233229126705222667e-01
-9.656399999999998727e+02,8.244016288445358276e-01
-9.651200000000000045e+02,8.254781466477890683e-01
-9.645999999999999091e+02,8.265516078332660888e-01
-9.640800000000000409e+02,8.276219984550534647e-01
-9.635599999999999454e+02,8.286891965056107923e-01
-9.630399999999999636e+02,8.297528269424581104e-01
-9.625199999999999818e+02,8.308137612005693784e-01
-9.620000000000000000e+02,8.318709751603906577e-01
-9.614800000000000182e+02,8.329261427365051151e-01
-9.609600000000000364e+02,8.339771691741468818e-01
-9.604399999999999409e+02,8.350265887701120437e-01
-9.599200000000000728e+02,8.360710083245372903e-01
-9.593999999999999773e+02,8.371141639072861018e-01
-9.588800000000001091e+02,8.381518233047914324e-01
-9.583600000000000136e+02,8.391886968733609509e-01
-9.578400000000000318e+02,8.402195955629605528e-01
-9.573199999999999363e+02,8.412500152224032801e-01
-9.568000000000000682e+02,8.422748986926830161e-01
-9.562799999999999727e+02,8.432989977063667375e-01
-9.557599999999999909e+02,8.443170829915368492e-01
-9.552400000000000091e+02,8.453339636350940545e-01
-9.547199999999999136e+02,8.463457854023448412e-01
-9.542000000000000455e+02,8.473559055867557754e-01
-9.536799999999999500e+02,8.483614644694267293e-01
-9.531600000000000819e+02,8.493648249369781800e-01
-9.526399999999999864e+02,8.503641012370933838e-01
-9.521200000000000045e+02,8.513607210066779230e-01
-9.515999999999999091e+02,8.523537145074102650e-01
-9.510800000000000409e+02,8.533433072090651494e-01
-9.505599999999999454e+02,8.543295221510009974e-01
-9.500400000000000773e+02,8.553121284123970103e-01
-9.495199999999999818e+02,8.562920390984735119e-01
-9.490000000000000000e+02,8.572675424699393032e-01
-9.484800000000000182e+02,8.582406740027092029e-01
-9.479600000000000364e+02,8.592088443507358564e-01
-9.474400000000000546e+02,8.601751781473363501e-01
-9.469199999999999591e+02,8.611364743231735286e-01
-9.463999999999999773e+02,8.620965266644042835e-01
-9.458799999999998818e+02,8.630506047822422699e-01
-9.453600000000000136e+02,8.640038803371964393e-01
-9.448399999999999181e+02,8.649511196103345512e-01
-9.443200000000000500e+02,8.658978464803293029e-01
-9.437999999999999545e+02,8.668375240545749261e-01
-9.432799999999999727e+02,8.677764793970501600e-01
-9.427599999999999909e+02,8.687099154569996040e-01
-9.422400000000000091e+02,8.696418983655450630e-01
-9.417200000000000273e+02,8.705680211919548661e-01
-9.412000000000000455e+02,8.714924045735981117e-01
-9.406799999999999500e+02,8.724122454531678672e-01
-9.401600000000000819e+02,8.733295479550848839e-01
-9.396399999999999864e+02,8.742420349736251817e-01
-9.391200000000001182e+02,8.751516801746025420e-01
-9.386000000000000227e+02,8.760574103444105365e-01
-9.380800000000000409e+02,8.769599689680283028e-01
-9.375599999999999454e+02,8.778594174588961740e-01
-9.370399999999999636e+02,8.787543414048042401e-01
-9.365199999999999818e+02,8.796459390505931841e-01
-9.360000000000000000e+02,8.805334357257786904e-01
-9.354800000000000182e+02,8.814187737330279049e-01
-9.349599999999999227e+02,8.822987440794335390e-01
-9.344400000000000546e+02,8.831767692203033038e-01
-9.339199999999999591e+02,8.840492957468866209e-01
-9.334000000000000909e+02,8.849205019868268129e-01
-9.328799999999999955e+02,8.857852572569605565e-01
-9.323600000000000136e+02,8.866491729442277370e-01
-9.318399999999999181e+02,8.875065391613791155e-01
-9.313200000000000500e+02,8.883633489621697299e-01
-9.307999999999999545e+02,8.892136888618712431e-01
-9.302800000000000864e+02,8.900631515658594672e-01
-9.297599999999999909e+02,8.909061372738882323e-01
-9.292400000000000091e+02,8.917477141281571207e-01
-9.287200000000000273e+02,8.925834288075862322e-01
-9.281999999999999318e+02,8.934172732148523144e-01
-9.276800000000000637e+02,8.942461496027886980e-01
-9.271599999999999682e+02,8.950724903070782501e-01
-9.266399999999999864e+02,8.958940954031723303e-01
-9.261199999999998909e+02,8.967127802961661898e-01
-9.256000000000000227e+02,8.975275881748204787e-01
-9.250799999999999272e+02,8.983386526263112959e-01
-9.245600000000000591e+02,8.991461481671061406e-01
-9.240399999999999636e+02,8.999493682915478132e-01
-9.235199999999999818e+02,9.007495331461700117e-01
-9.230000000000000000e+02,9.015452308981457552e-01
-9.224800000000000182e+02,9.023385771539076394e-01
-9.219600000000000364e+02,9.031265621176642888e-01
-9.214400000000000546e+02,9.039126370803239885e-01
-9.209199999999999591e+02,9.046927372752672225e-01
-9.204000000000000909e+02,9.054714814584442495e-01
-9.198799999999999955e+02,9.062436963560250858e-01
-9.193600000000001273e+02,9.070151286308694161e-01
-9.188400000000000318e+02,9.077799522852406655e-01
-9.183199999999999363e+02,9.085442641189022117e-01
-9.177999999999999545e+02,9.093015876286575372e-01
-9.172799999999999727e+02,9.100580150371695431e-01
-9.167599999999999909e+02,9.108080267046821943e-01
-9.162400000000000091e+02,9.115566654388616019e-01
-9.157200000000000273e+02,9.122998808162614548e-01
-9.151999999999999318e+02,9.130410741870881308e-01
-9.146800000000000637e+02,9.137769786623055612e-01
-9.141599999999999682e+02,9.145100964367991470e-01
-9.136400000000001000e+02,9.152381544507205424e-01
-9.131200000000000045e+02,9.159635024123721214e-01
-9.126000000000000227e+02,9.166853186631107597e-01
-9.120799999999999272e+02,9.174031079686590928e-01
-9.115600000000000591e+02,9.181170776899049146e-01
-9.110399999999999636e+02,9.188270402166508477e-01
-9.105200000000000955e+02,9.195342144026935616e-01
-9.100000000000000000e+02,9.202365222045207904e-01
-9.094799999999999045e+02,9.209363850495710935e-01
-9.089600000000000364e+02,9.216308087320683740e-01
-9.084399999999999409e+02,9.223233422719626651e-01
-9.079200000000000728e+02,9.230099016326641648e-01
-9.073999999999999773e+02,9.236951242828290720e-01
-9.068799999999999955e+02,9.243742577275244621e-01
-9.063599999999999000e+02,9.250527045837038109e-01
-9.058400000000000318e+02,9.257240118171464749e-01
-9.053199999999999363e+02,9.263948051996331312e-01
-9.048000000000000682e+02,9.270591258522965505e-01
-9.042799999999999727e+02,9.277225132639003169e-01
-9.037599999999999909e+02,9.283795646593809847e-01
-9.032400000000000091e+02,9.290350687000190621e-01
-9.027200000000000273e+02,9.296847879211341814e-01
-9.022000000000000455e+02,9.303324279291060872e-01
-9.016800000000000637e+02,9.309748178770581584e-01
-9.011599999999999682e+02,9.316147659165240347e-01
-9.006399999999998727e+02,9.322503831816506548e-01
-9.001200000000000045e+02,9.328830217214839626e-01
-8.995999999999999091e+02,9.335118227228847987e-01
-8.990800000000000409e+02,9.341368650819722452e-01
-8.985599999999999454e+02,9.347583750897067167e-01
-8.980399999999999636e+02,9.353755567903583312e-01
-8.975199999999999818e+02,9.359897375684075316e-01
-8.970000000000000000e+02,9.365993972432630210e-01
-8.964800000000000182e+02,9.372068068797354545e-01
-8.959600000000000364e+02,9.378091381681453731e-01
-8.954399999999999409e+02,9.384097314128526657e-01
-8.949200000000000728e+02,9.390043360780966353e-01
-8.943999999999999773e+02,9.395976398187975143e-01
-8.938800000000001091e+02,9.401848174723324014e-01
-8.933600000000000136e+02,9.407713312121872562e-01
-8.928400000000000318e+02,9.413511996264831705e-01
-8.923199999999999363e+02,9.419305382842155794e-01
-8.918000000000000682e+02,9.425029259849254659e-01
-8.912799999999999727e+02,9.430744378984292631e-01
-8.907599999999999909e+02,9.436400733257832574e-01
-8.902400000000000091e+02,9.442042571318708388e-01
-8.897199999999999136e+02,9.447630998481457709e-01
-8.892000000000000455e+02,9.453199759645171119e-01
-8.886799999999999500e+02,9.458720252032731812e-01
-8.881600000000000819e+02,9.464216152601458987e-01
-8.876399999999999864e+02,9.469668691026356111e-01
-8.871200000000000045e+02,9.475089028637421196e-01
-8.865999999999999091e+02,9.480468292361803329e-01
-8.860800000000000409e+02,9.485815363271278278e-01
-8.855599999999999454e+02,9.491132275103792981e-01
-8.850400000000000773e+02,9.496408533456213164e-01
-8.845199999999999818e+02,9.501657525464939358e-01
-8.840000000000000000e+02,9.506860932811036502e-01
-8.834800000000000182e+02,9.512041782248603639e-01
-8.829600000000000364e+02,9.517171928077207133e-01
-8.824400000000000546e+02,9.522285271761388170e-01
-8.819199999999999591e+02,9.527346737489302830e-01
-8.813999999999999773e+02,9.532397110124718465e-01
-8.808799999999998818e+02,9.537386267885407110e-01
-8.803600000000000136e+02,9.542368947511639110e-01
-8.798399999999999181e+02,9.547285039525641448e-01
-8.793200000000000500e+02,9.552196190634646422e-01
-8.787999999999999545e+02,9.557048374563755777e-01
-8.782799999999999727e+02,9.561891432859503936e-01
-8.777599999999999909e+02,9.566675707787289928e-01
-8.772400000000000091e+02,9.571445515841247031e-01
-8.767200000000000273e+02,9.576162070915211766e-01
-8.762000000000000455e+02,9.580861686744978067e-01
-8.756799999999999500e+02,9.585520844022050735e-01
-8.751600000000000819e+02,9.590154850638695772e-01
-8.746399999999999864e+02,9.594746108151648301e-01
-8.741200000000001182e+02,9.599309361998368262e-01
-8.736000000000000227e+02,9.603838288176930194e-01
-8.730800000000000409e+02,9.608334024579158195e-01
-8.725599999999999454e+02,9.612799986525597529e-01
-8.720399999999999636e+02,9.617225162118505644e-01
-8.715199999999999818e+02,9.621623453241822110e-01
-8.710000000000000000e+02,9.625982652404906359e-01
-8.704800000000000182e+02,9.630323336805231005e-01
-8.699599999999999227e+02,9.634616970394097590e-01
-8.694400000000000546e+02,9.638895114073867676e-01
-8.689199999999999591e+02,9.643121247599077961e-01
-8.684000000000000909e+02,9.647336856602387600e-01
-8.678799999999999955e+02,9.651495486321373107e-01
-8.673600000000000136e+02,9.655648601926731800e-01
-8.668399999999999181e+02,9.659739697536966485e-01
-8.663200000000000500e+02,9.663826467396630093e-01
-8.657999999999999545e+02,9.667859449416842388e-01
-8.652800000000000864e+02,9.671884459482087415e-01
-8.647599999999999909e+02,9.675859849948339475e-01
-8.642400000000000091e+02,9.679821763581132332e-01
-8.637200000000000273e+02,9.683734848228732206e-01
-8.631999999999999318e+02,9.687629474926304773e-01
-8.626800000000000637e+02,9.691479841997683309e-01
-8.621599999999999682e+02,9.695310996634125544e-01
-8.616399999999999864e+02,9.699109159341118280e-01
-8.611199999999998909e+02,9.702879554638007553e-01
-8.606000000000000227e+02,9.706615203134780767e-01
-8.600799999999999272e+02,9.710320771902519743e-01
-8.595600000000000591e+02,9.713999277250233710e-01
-8.590399999999999636e+02,9.717642920739284484e-01
-8.585199999999999818e+02,9.721263854400045146e-01
-8.580000000000000000e+02,9.724845978490543885e-01
-8.574800000000000182e+02,9.728409784559284290e-01
-8.569600000000000364e+02,9.731929961273295682e-01
-8.564400000000000546e+02,9.735436421446782562e-01
-8.559199999999999591e+02,9.738894892652435464e-01
-8.554000000000000909e+02,9.742344020088170575e-01
-8.548799999999999955e+02,9.745745531980540832e-01
-8.543600000000001273e+02,9.749142497112985861e-01
-8.538400000000000318e+02,9.752482659789099007e-01
-8.533199999999999363e+02,9.755818858220389744e-01
-8.527999999999999545e+02,9.759106686362091221e-01
-8.522799999999999727e+02,9.762386521809625073e-01
-8.517599999999999909e+02,9.765621951650972354e-01
-8.512400000000000091e+02,9.768844890152520444e-01
-8.507200000000000273e+02,9.772023216564581505e-01
-8.501999999999999318e+02,9.775185755887543237e-01
-8.496800000000000637e+02,9.778311919696883736e-01
-8.491599999999999682e+02,9.781418518070695844e-01
-8.486400000000001000e+02,9.784492524712248285e-01
-8.481200000000000045e+02,9.787540897480874191e-01
-8.476000000000000227e+02,9.790557588091707286e-01
-8.470799999999999272e+02,9.793549594465119634e-01
-8.465600000000000591e+02,9.796519707347568495e-01
-8.460399999999999636e+02,9.799458080457388309e-01
-8.455200000000000955e+02,9.802376236454453107e-01
-8.450000000000000000e+02,9.805262104877722207e-01
-8.444799999999999045e+02,9.808133283191001750e-01
-8.439600000000000364e+02,9.810960723072353895e-01
-8.434399999999999409e+02,9.813774615593819917e-01
-8.429200000000000728e+02,9.816553776415852806e-01
-8.423999999999999773e+02,9.819326286165130924e-01
-8.418799999999999955e+02,9.822051025267745095e-01
-8.413599999999999000e+02,9.824771614494806071e-01
-8.408400000000000318e+02,9.827440232417471444e-01
-8.403199999999999363e+02,9.830105284519109476e-01
-8.398000000000000682e+02,9.832726963177161883e-01
-8.392799999999999727e+02,9.835341860807482739e-01
-8.387599999999999909e+02,9.837916781584079562e-01
-8.382400000000000091e+02,9.840482268172787705e-01
-8.377200000000000273e+02,9.843015814345641434e-01
-8.372000000000000455e+02,9.845533412998725975e-01
-8.366800000000000637e+02,9.848014864340924879e-01
-8.361599999999999682e+02,9.850478701485860800e-01
-8.356399999999998727e+02,9.852913626464414598e-01
-8.351200000000000045e+02,9.855329630157199094e-01
-8.345999999999999091e+02,9.857722759498703802e-01
-8.340800000000000409e+02,9.860091314827342801e-01
-8.335599999999999454e+02,9.862437936260094462e-01
-8.330399999999999636e+02,9.864756158522548501e-01
-8.325199999999999818e+02,9.867056089288349652e-01
-8.320000000000000000e+02,9.869327834159430379e-01
-8.314800000000000182e+02,9.871586425492079320e-01
-8.309600000000000364e+02,9.873813395366775048e-01
-8.304399999999999409e+02,9.876030452933050041e-01
-8.299200000000000728e+02,9.878212858591658430e-01
-8.293999999999999773e+02,9.880388839206312168e-01
-8.288800000000001091e+02,9.882521902976845185e-01
-8.283600000000000136e+02,9.884651212475283888e-01
-8.278400000000000318e+02,9.886739129025501338e-01
-8.273199999999999363e+02,9.888824497158693605e-01
-8.268000000000000682e+02,9.890876479472603400e-01
-8.262799999999999727e+02,9.892922085188808889e-01
-8.257599999999999909e+02,9.894932770161333213e-01
-8.252400000000000091e+02,9.896933867387531780e-01
-8.247199999999999136e+02,9.898903301081607431e-01
-8.242000000000000455e+02,9.900859912564723420e-01
-8.236799999999999500e+02,9.902788038095221568e-01
-8.231600000000000819e+02,9.904702240613225683e-01
-8.226399999999999864e+02,9.906594475606675942e-01
-8.221200000000000045e+02,9.908467686987394440e-01
-8.215999999999999091e+02,9.910318696185403953e-01
-8.210800000000000409e+02,9.912150300688581384e-01
-8.205599999999999454e+02,9.913965404864673037e-01
-8.200400000000000773e+02,9.915758516558677016e-01
-8.195199999999999818e+02,9.917537572973388338e-01
-8.190000000000000000e+02,9.919291997512140746e-01
-8.184800000000000182e+02,9.921035369353612410e-01
-8.179600000000000364e+02,9.922751315709221753e-01
-8.174400000000000546e+02,9.924458895413647008e-01
-8.169199999999999591e+02,9.926131760771208512e-01
-8.163999999999999773e+02,9.927798371126985710e-01
-8.158799999999998818e+02,9.929436765245576169e-01
-8.153600000000000136e+02,9.931072973963211981e-01
-8.148399999999999181e+02,9.932678435998019140e-01
-8.143200000000000500e+02,9.934281003370810659e-01
-8.137999999999999545e+02,9.935845925654679389e-01
-8.132799999999999727e+02,9.937406823257126653e-01
-8.127599999999999909e+02,9.938946473631551370e-01
-8.122400000000000091e+02,9.940477047243518882e-01
-8.117200000000000273e+02,9.941975999522233431e-01
-8.112000000000000455e+02,9.943467442747658813e-01
-8.106799999999999500e+02,9.944941406226034397e-01
-8.101600000000000819e+02,9.946401968426249462e-01
-8.096399999999999864e+02,9.947840608263315287e-01
-8.091200000000001182e+02,9.949265529119120099e-01
-8.086000000000000227e+02,9.950674045017081637e-01
-8.080800000000000409e+02,9.952066794622480561e-01
-8.075599999999999454e+02,9.953445367678730449e-01
-8.070399999999999636e+02,9.954805801797088627e-01
-8.065199999999999818e+02,9.956154722582765126e-01
-8.060000000000000000e+02,9.957482844221551277e-01
-8.054800000000000182e+02,9.958801883546384293e-01
-8.049599999999999227e+02,9.960102152479625159e-01
-8.044400000000000546e+02,9.961396737198552342e-01
-8.039199999999999591e+02,9.962666454173025876e-01
-8.034000000000000909e+02,9.963931487700812273e-01
-8.028799999999999955e+02,9.965169113106643328e-01
-8.023600000000000136e+02,9.966404807995588033e-01
-8.018399999999999181e+02,9.967616175510818355e-01
-8.013200000000000500e+02,9.968825475693922078e-01
-8.007999999999999545e+02,9.970007463686252347e-01
-8.002800000000000864e+02,9.971187121235216555e-01
-7.997599999999999909e+02,9.972350505152337563e-01
-7.992400000000000091e+02,9.973507639426230087e-01
-7.987200000000000273e+02,9.974642209538348014e-01
-7.981999999999999318e+02,9.975769792280935189e-01
-7.976800000000000637e+02,9.976880831100748415e-01
-7.971599999999999682e+02,9.977981017218368054e-01
-7.966399999999999864e+02,9.979063292619113623e-01
-7.961199999999998909e+02,9.980137858745825596e-01
-7.956000000000000227e+02,9.981202277132772416e-01
-7.950799999999999272e+02,9.982257369414515580e-01
-7.945600000000000591e+02,9.983303958193586736e-01
-7.940399999999999636e+02,9.984333733819401591e-01
-7.935199999999999818e+02,9.985352015559699757e-01
-7.930000000000000000e+02,9.986358978266746123e-01
-7.924800000000000182e+02,9.987359938431440431e-01
-7.919600000000000364e+02,9.988344179367287801e-01
-7.914400000000000546e+02,9.989322988887447963e-01
-7.909199999999999591e+02,9.990287526669228146e-01
-7.904000000000000909e+02,9.991249563108822729e-01
-7.898799999999999955e+02,9.992191012002001882e-01
-7.893600000000001273e+02,9.993131020440132462e-01
-7.888400000000000318e+02,9.994054184238708727e-01
-7.883199999999999363e+02,9.994976424925502423e-01
-7.877999999999999545e+02,9.995883108254022265e-01
-7.872799999999999727e+02,9.996787109139509964e-01
-7.867599999999999909e+02,9.997672550579098649e-01
-7.862400000000000091e+02,9.998556226856825102e-01
-7.857200000000000273e+02,9.999430828974045227e-01
-7.851999999999999318e+02,1.000029980775667404e+00
-7.846800000000000637e+02,1.000115329341863424e+00
-7.841599999999999682e+02,1.000200401969362884e+00
-7.836400000000001000e+02,1.000284739015785851e+00
-7.831200000000000045e+02,1.000368447634989222e+00
-7.826000000000000227e+02,1.000451279188232512e+00
-7.820799999999999272e+02,1.000533366806259705e+00
-7.815600000000000591e+02,1.000614657555596976e+00
-7.810399999999999636e+02,1.000695434142921725e+00
-7.805200000000000955e+02,1.000775747185395748e+00
-7.800000000000000000e+02,1.000854741389987534e+00
-7.794799999999999045e+02,1.000933026070655707e+00
-7.789600000000000364e+02,1.001011082978341182e+00
-7.784399999999999409e+02,1.001088963355149630e+00
-7.779200000000000728e+02,1.001165597764613224e+00
-7.773999999999999773e+02,1.001242034487262123e+00
-7.768799999999999955e+02,1.001316996054539610e+00
-7.763599999999999000e+02,1.001391927048669306e+00
-7.758400000000000318e+02,1.001466312583697782e+00
-7.753199999999999363e+02,1.001540643059434688e+00
-7.748000000000000682e+02,1.001613452163771179e+00
-7.742799999999999727e+02,1.001686164742905394e+00
-7.737599999999999909e+02,1.001757898373982991e+00
-7.732400000000000091e+02,1.001829323598858679e+00
-7.727200000000000273e+02,1.001899422572603449e+00
-7.722000000000000455e+02,1.001969379214386002e+00
-7.716800000000000637e+02,1.002038800325646406e+00
-7.711599999999999682e+02,1.002107783374826866e+00
-7.706399999999998727e+02,1.002175941266351122e+00
-7.701200000000000045e+02,1.002243482474619807e+00
-7.695999999999999091e+02,1.002310255923752225e+00
-7.690800000000000409e+02,1.002376229811201780e+00
-7.685599999999999454e+02,1.002441540213172555e+00
-7.680399999999999636e+02,1.002506147013110471e+00
-7.675199999999999818e+02,1.002570316266455652e+00
-7.670000000000000000e+02,1.002633210509681794e+00
-7.664800000000000182e+02,1.002695623910341727e+00
-7.659600000000000364e+02,1.002756403888475978e+00
-7.654399999999999409e+02,1.002816833387230488e+00
-7.649200000000000728e+02,1.002875774818297483e+00
-7.643999999999999773e+02,1.002934487027913102e+00
-7.638800000000001091e+02,1.002991017971452070e+00
-7.633600000000000136e+02,1.003047207305955979e+00
-7.628400000000000318e+02,1.003101547473559618e+00
-7.623199999999999363e+02,1.003155371555009001e+00
-7.618000000000000682e+02,1.003206826321678236e+00
-7.612799999999999727e+02,1.003257624711162421e+00
-7.607599999999999909e+02,1.003306990676660737e+00
-7.602400000000000091e+02,1.003355152410103424e+00
-7.597199999999999136e+02,1.003401079285283881e+00
-7.592000000000000455e+02,1.003445403730815366e+00
-7.586799999999999500e+02,1.003487617449938529e+00
-7.581600000000000819e+02,1.003528187738415456e+00
-7.576399999999999864e+02,1.003567416162657322e+00
-7.571200000000000045e+02,1.003604370835570414e+00
-7.565999999999999091e+02,1.003639826577737981e+00
-7.560800000000000409e+02,1.003672194947929919e+00
-7.555599999999999454e+02,1.003703065279593298e+00
-7.550400000000000773e+02,1.003730949215298152e+00
-7.545199999999999818e+02,1.003758029929463724e+00
-7.540000000000000000e+02,1.003781192665081479e+00
-7.534800000000000182e+02,1.003803700442236435e+00
-7.529600000000000364e+02,1.003821782637237314e+00
-7.524400000000000546e+02,1.003839337578861235e+00
-7.519199999999999591e+02,1.003852264392038451e+00
-7.513999999999999773e+02,1.003864567215278614e+00
-7.508799999999998818e+02,1.003872335885829248e+00
-7.503600000000000136e+02,1.003879258926702711e+00
-7.498399999999999181e+02,1.003882404256356331e+00
-7.493200000000000500e+02,1.003884327567832635e+00
-7.487999999999999545e+02,1.003882352243236298e+00
-7.482799999999999727e+02,1.003878804220882603e+00
-7.477599999999999909e+02,1.003871846526113165e+00
-7.472400000000000091e+02,1.003863127958942059e+00
-7.467200000000000273e+02,1.003851873747700241e+00
-7.462000000000000455e+02,1.003838645999116208e+00
-7.456799999999999500e+02,1.003823380493584772e+00
-7.451600000000000819e+02,1.003805804457877482e+00
-7.446399999999999864e+02,1.003786352249336655e+00
-7.441200000000001182e+02,1.003764601329843131e+00
-7.436000000000000227e+02,1.003741403547806277e+00
-7.430800000000000409e+02,1.003716382486506964e+00
-7.425599999999999454e+02,1.003690583937423941e+00
-7.420399999999999636e+02,1.003663286479416161e+00
-7.415199999999999818e+02,1.003635543053606582e+00
-7.410000000000000000e+02,1.003606828249376637e+00
-7.404800000000000182e+02,1.003577913650184339e+00
-7.399599999999999227e+02,1.003548317438252235e+00
-7.394400000000000546e+02,1.003518584849835138e+00
-7.389199999999999591e+02,1.003489392493994270e+00
-7.384000000000000909e+02,1.003460398924011177e+00
-7.378799999999999955e+02,1.003432663891761889e+00
-7.373600000000000136e+02,1.003405504396806203e+00
-7.368399999999999181e+02,1.003380218818852754e+00
-7.363200000000000500e+02,1.003356002334262032e+00
-7.357999999999999545e+02,1.003334132442930349e+00
-7.352800000000000864e+02,1.003313982660807513e+00
-7.347599999999999909e+02,1.003296487976984563e+00
-7.342400000000000091e+02,1.003281289908199980e+00
-7.337200000000000273e+02,1.003268543376479416e+00
-7.331999999999999318e+02,1.003259215399554094e+00
-7.326800000000000637e+02,1.003253077186209374e+00
-7.321599999999999682e+02,1.003251072980078762e+00
-7.316399999999999864e+02,1.003251689380456835e+00
-7.311199999999998909e+02,1.003257129964092220e+00
-7.306000000000000227e+02,1.003264609342226166e+00
-7.300799999999999272e+02,1.003278339065064584e+00
-7.295600000000000591e+02,1.003294150775104310e+00
-7.290399999999999636e+02,1.003316800188762237e+00
-7.285199999999999818e+02,1.003340710630231225e+00
-7.280000000000000000e+02,1.003372594464073009e+00
-7.274800000000000182e+02,1.003405294531448000e+00
-7.269600000000000364e+02,1.003445755877516721e+00
-7.264400000000000546e+02,1.003486702070398140e+00
-7.259199999999999591e+02,1.003535687420903821e+00
-7.254000000000000909e+02,1.003585837211711684e+00
-7.248799999999999955e+02,1.003642593547818151e+00
-7.243600000000001273e+02,1.003700988881122580e+00
-7.238400000000000318e+02,1.003765006466116549e+00
-7.233199999999999363e+02,1.003831129457538385e+00
-7.227999999999999545e+02,1.003902400159453645e+00
-7.222799999999999727e+02,1.003975982238815678e+00
-7.217599999999999909e+02,1.004053274196015311e+00
-7.212400000000000091e+02,1.004133028843398279e+00
-7.207200000000000273e+02,1.004215591353653014e+00
-7.201999999999999318e+02,1.004300807617673374e+00
-7.196800000000000637e+02,1.004388377285963418e+00
-7.191599999999999682e+02,1.004478242182514691e+00
-7.186400000000001000e+02,1.004569446886977024e+00
-7.181200000000000045e+02,1.004662911447893325e+00
-7.176000000000000227e+02,1.004757442065967288e+00
-7.170799999999999272e+02,1.004853533091556450e+00
-7.165600000000000591e+02,1.004949988001982542e+00
-7.160399999999999636e+02,1.005047527572060950e+00
-7.155200000000000955e+02,1.005145150193482051e+00
-7.150000000000000000e+02,1.005243607835184072e+00
-7.144799999999999045e+02,1.005342147590583490e+00
-7.139600000000000364e+02,1.005440885307831822e+00
-7.134399999999999409e+02,1.005539636617387877e+00
-7.129200000000000728e+02,1.005637504732359577e+00
-7.123999999999999773e+02,1.005735237816051564e+00
-7.118799999999999955e+02,1.005832126702150386e+00
-7.113599999999999000e+02,1.005928737340438639e+00
-7.108400000000000318e+02,1.006023750178835607e+00
-7.103199999999999363e+02,1.006118251167360533e+00
-7.098000000000000682e+02,1.006211517922631415e+00
-7.092799999999999727e+02,1.006304007401606748e+00
-7.087599999999999909e+02,1.006394736583746008e+00
-7.082400000000000091e+02,1.006484677996398291e+00
-7.077200000000000273e+02,1.006573749440406118e+00
-7.072000000000000455e+02,1.006661465661439658e+00
-7.066800000000000637e+02,1.006747673993479530e+00
-7.061599999999999682e+02,1.006832302141307256e+00
-7.056399999999998727e+02,1.006915639005629748e+00
-7.051200000000000045e+02,1.006997412133610048e+00
-7.045999999999999091e+02,1.007078382681410478e+00
-7.040800000000000409e+02,1.007157629444177749e+00
-7.035599999999999454e+02,1.007236281102790620e+00
-7.030399999999999636e+02,1.007313064091766908e+00
-7.025199999999999818e+02,1.007389462370276156e+00
-7.020000000000000000e+02,1.007463537006593191e+00
-7.014800000000000182e+02,1.007537258881307851e+00
-7.009600000000000364e+02,1.007608973952929032e+00
-7.004399999999999409e+02,1.007680581607386827e+00
-6.999200000000000728e+02,1.007750359217392422e+00
-6.993999999999999773e+02,1.007819930918663953e+00
-6.988800000000001091e+02,1.007887960843174557e+00
-6.983600000000000136e+02,1.007955621212810016e+00
-6.978400000000000318e+02,1.008021509792599080e+00
-6.973199999999999363e+02,1.008086930543592219e+00
-6.968000000000000682e+02,1.008151303506093832e+00
-6.962799999999999727e+02,1.008215252155791219e+00
-6.957599999999999909e+02,1.008278749506029026e+00
-6.952400000000000091e+02,1.008341379072324573e+00
-6.947199999999999136e+02,1.008402500506699440e+00
-6.942000000000000455e+02,1.008463197627620600e+00
-6.936799999999999500e+02,1.008523657600619128e+00
-6.931600000000000819e+02,1.008583431517796170e+00
-6.926399999999999864e+02,1.008642755142259206e+00
-6.921200000000000045e+02,1.008701040196463783e+00
-6.915999999999999091e+02,1.008758765157853565e+00
-6.910800000000000409e+02,1.008815680095466627e+00
-6.905599999999999454e+02,1.008872374147103068e+00
-6.900400000000000773e+02,1.008928208321465014e+00
-6.895199999999999818e+02,1.008983884570829215e+00
-6.890000000000000000e+02,1.009038624763314074e+00
-6.884800000000000182e+02,1.009093300595413245e+00
-6.879600000000000364e+02,1.009147003031624523e+00
-6.874400000000000546e+02,1.009200618490714740e+00
-6.869199999999999591e+02,1.009252893820529628e+00
-6.863999999999999773e+02,1.009304903533910114e+00
-6.858799999999998818e+02,1.009356622138246395e+00
-6.853600000000000136e+02,1.009408076633222073e+00
-6.848399999999999181e+02,1.009458272373233267e+00
-6.843200000000000500e+02,1.009508161389312875e+00
-6.837999999999999545e+02,1.009557859970936278e+00
-6.832799999999999727e+02,1.009607016674523461e+00
-6.827599999999999909e+02,1.009655121841102954e+00
-6.822400000000000091e+02,1.009702693819081176e+00
-6.817200000000000273e+02,1.009749752071243956e+00
-6.812000000000000455e+02,1.009796127883943573e+00
-6.806799999999999500e+02,1.009842102900035066e+00
-6.801600000000000819e+02,1.009887274012184477e+00
-6.796399999999999864e+02,1.009932122303910162e+00
-6.791200000000001182e+02,1.009976092564770722e+00
-6.786000000000000227e+02,1.010019775266899789e+00
-6.780800000000000409e+02,1.010062542263786334e+00
-6.775599999999999454e+02,1.010105076145430214e+00
-6.770399999999999636e+02,1.010146571134643789e+00
-6.765199999999999818e+02,1.010187941532044720e+00
-6.760000000000000000e+02,1.010227813066748803e+00
-6.754800000000000182e+02,1.010267447906640026e+00
-6.749599999999999227e+02,1.010306457044622963e+00
-6.744400000000000546e+02,1.010345389014066564e+00
-6.739199999999999591e+02,1.010383345089030716e+00
-6.734000000000000909e+02,1.010421057824054225e+00
-6.728799999999999955e+02,1.010457403537651677e+00
-6.723600000000000136e+02,1.010493460099699981e+00
-6.718399999999999181e+02,1.010529243859841886e+00
-6.713200000000000500e+02,1.010564599511288852e+00
-6.707999999999999545e+02,1.010598864204908853e+00
-6.702800000000000864e+02,1.010632666253981071e+00
-6.697599999999999909e+02,1.010665970309977180e+00
-6.692400000000000091e+02,1.010698909031980675e+00
-6.687200000000000273e+02,1.010731824980636073e+00
-6.681999999999999318e+02,1.010764027838153112e+00
-6.676800000000000637e+02,1.010795622990313003e+00
-6.671599999999999682e+02,1.010826703760676182e+00
-6.666399999999999864e+02,1.010857567717121208e+00
-6.661199999999998909e+02,1.010887911402833295e+00
-6.656000000000000227e+02,1.010918136115435129e+00
-6.650799999999999272e+02,1.010947857659476812e+00
-6.645600000000000591e+02,1.010977548696094352e+00
-6.640399999999999636e+02,1.011006835719597374e+00
-6.635199999999999818e+02,1.011036114449009204e+00
-6.630000000000000000e+02,1.011065109260934181e+00
-6.624800000000000182e+02,1.011094052243322494e+00
-6.619600000000000364e+02,1.011122893744013984e+00
-6.614400000000000546e+02,1.011151696493969743e+00
-6.609199999999999591e+02,1.011180506891645958e+00
-6.604000000000000909e+02,1.011209333793251286e+00
-6.598799999999999955e+02,1.011238280512133603e+00
-6.593600000000001273e+02,1.011267287220908084e+00
-6.588400000000000318e+02,1.011296525701947502e+00
-6.583199999999999363e+02,1.011325860766385532e+00
-6.577999999999999545e+02,1.011355531881802605e+00
-6.572799999999999727e+02,1.011385282057110091e+00
-6.567599999999999909e+02,1.011415027907943909e+00
-6.562400000000000091e+02,1.011445246757827654e+00
-6.557200000000000273e+02,1.011476241437212931e+00
-6.551999999999999318e+02,1.011507692946598036e+00
-6.546800000000000637e+02,1.011539579289905788e+00
-6.541599999999999682e+02,1.011571894461093635e+00
-6.536400000000001000e+02,1.011604297017011378e+00
-6.531200000000000045e+02,1.011637803687983617e+00
-6.526000000000000227e+02,1.011671952122722651e+00
-6.520799999999999272e+02,1.011707109749314215e+00
-6.515600000000000591e+02,1.011742591503459243e+00
-6.510399999999999636e+02,1.011778965335398128e+00
-6.505200000000000955e+02,1.011815406320611066e+00
-6.500000000000000000e+02,1.011853322747475747e+00
-6.494799999999999045e+02,1.011891362928945215e+00
-6.489600000000000364e+02,1.011931527021707078e+00
-6.484399999999999409e+02,1.011971975817604008e+00
-6.479200000000000728e+02,1.012013575559285394e+00
-6.473999999999999773e+02,1.012055458233907634e+00
-6.468799999999999955e+02,1.012099456575260792e+00
-6.463599999999999000e+02,1.012143952573067773e+00
-6.458400000000000318e+02,1.012189403104657215e+00
-6.453199999999999363e+02,1.012235543498265278e+00
-6.448000000000000682e+02,1.012283076953546690e+00
-6.442799999999999727e+02,1.012331466919322853e+00
-6.437599999999999909e+02,1.012381086803067820e+00
-6.432400000000000091e+02,1.012431749559766558e+00
-6.427200000000000273e+02,1.012483504751394037e+00
-6.422000000000000455e+02,1.012536423258783680e+00
-6.416800000000000637e+02,1.012590322301582857e+00
-6.411599999999999682e+02,1.012645550987183674e+00
-6.406399999999998727e+02,1.012701584076771688e+00
-6.401200000000000045e+02,1.012759061770453606e+00
-6.396000000000000227e+02,1.012817172183435366e+00
-6.390800000000000409e+02,1.012876846389990204e+00
-6.385600000000000591e+02,1.012936986868437250e+00
-6.380399999999999636e+02,1.012998811338688299e+00
-6.375199999999999818e+02,1.013060892884943387e+00
-6.370000000000000000e+02,1.013124725529941816e+00
-6.364800000000000182e+02,1.013188724942231334e+00
-6.359599999999999227e+02,1.013253936811937983e+00
-6.354399999999999409e+02,1.013319249765149532e+00
-6.349199999999999591e+02,1.013386477155125975e+00
-6.343999999999999773e+02,1.013453985147666048e+00
-6.338799999999999955e+02,1.013522675939262152e+00
-6.333600000000000136e+02,1.013591663775465612e+00
-6.328400000000000318e+02,1.013661094227938042e+00
-6.323199999999999363e+02,1.013730939192952318e+00
-6.317999999999999545e+02,1.013801950080846392e+00
-6.312799999999999727e+02,1.013873181144283153e+00
-6.307599999999999909e+02,1.013944475680333301e+00
-6.302400000000000091e+02,1.014016085691485936e+00
-6.297200000000000273e+02,1.014087991169341896e+00
-6.292000000000000455e+02,1.014160275615156648e+00
-6.286800000000000637e+02,1.014233064007294072e+00
-6.281600000000000819e+02,1.014305657004010097e+00
-6.276399999999999864e+02,1.014377999559906929e+00
-6.271200000000000045e+02,1.014450184761678475e+00
-6.265999999999999091e+02,1.014522355406930476e+00
-6.260799999999999272e+02,1.014594103348545939e+00
-6.255599999999999454e+02,1.014665820200625346e+00
-6.250399999999999636e+02,1.014736790440574188e+00
-6.245199999999999818e+02,1.014807732413031127e+00
-6.240000000000000000e+02,1.014877617589877490e+00
-6.234800000000000182e+02,1.014947467611533316e+00
-6.229600000000000364e+02,1.015015939690911972e+00
-6.224400000000000546e+02,1.015084289679598850e+00
-6.219199999999999591e+02,1.015151136304927038e+00
-6.213999999999999773e+02,1.015217644097212490e+00
-6.208799999999999955e+02,1.015282550497552005e+00
-6.203600000000000136e+02,1.015346842332753186e+00
-6.198400000000000318e+02,1.015409010411351121e+00
-6.193200000000000500e+02,1.015470399273586066e+00
-6.188000000000000682e+02,1.015530558495264080e+00
-6.182799999999999727e+02,1.015589581307613898e+00
-6.177599999999999909e+02,1.015646987635721032e+00
-6.172400000000000091e+02,1.015702725335679624e+00
-6.167200000000000273e+02,1.015756566509960379e+00
-6.161999999999999318e+02,1.015808505219211844e+00
-6.156799999999999500e+02,1.015859097110254794e+00
-6.151599999999999682e+02,1.015907582729413061e+00
-6.146399999999999864e+02,1.015955197505295837e+00
-6.141200000000000045e+02,1.015999757728170305e+00
-6.136000000000000227e+02,1.016043097820668484e+00
-6.130800000000000409e+02,1.016083241743457544e+00
-6.125599999999999454e+02,1.016122677180884892e+00
-6.120399999999999636e+02,1.016158448982064533e+00
-6.115199999999999818e+02,1.016193819495024631e+00
-6.110000000000000000e+02,1.016225090182905966e+00
-6.104800000000000182e+02,1.016256092058991589e+00
-6.099600000000000364e+02,1.016282806045213594e+00
-6.094400000000000546e+02,1.016309085522675293e+00
-6.089200000000000728e+02,1.016331363638261598e+00
-6.084000000000000909e+02,1.016352819826063847e+00
-6.078799999999999955e+02,1.016370554899939105e+00
-6.073600000000000136e+02,1.016387081691997540e+00
-6.068399999999999181e+02,1.016400268066958823e+00
-6.063199999999999363e+02,1.016411877332207059e+00
-6.057999999999999545e+02,1.016420491043265484e+00
-6.052799999999999727e+02,1.016426992352634118e+00
-6.047599999999999909e+02,1.016430439399611974e+00
-6.042400000000000091e+02,1.016431740892667746e+00
-6.037200000000000273e+02,1.016431162071448346e+00
-6.032000000000000455e+02,1.016427713849975101e+00
-6.026800000000000637e+02,1.016422070193258920e+00
-6.021599999999999682e+02,1.016413663066970452e+00
-6.016399999999999864e+02,1.016404087875690365e+00
-6.011200000000000045e+02,1.016390993937851928e+00
-6.006000000000000227e+02,1.016376563823617518e+00
-6.000800000000000409e+02,1.016358556912052347e+00
-5.995600000000000591e+02,1.016339822930338865e+00
-5.990400000000000773e+02,1.016317723094744219e+00
-5.985199999999999818e+02,1.016295451460614174e+00
-5.980000000000000000e+02,1.016268855675309890e+00
-5.974800000000000182e+02,1.016241940880735495e+00
-5.969600000000000364e+02,1.016211301816109414e+00
-5.964399999999999409e+02,1.016180333034134575e+00
-5.959199999999999591e+02,1.016146130849755025e+00
-5.953999999999999773e+02,1.016111299036829507e+00
-5.948799999999999955e+02,1.016073751078172105e+00
-5.943600000000000136e+02,1.016035343286066928e+00
-5.938400000000000318e+02,1.015994651365693224e+00
-5.933200000000000500e+02,1.015952906547248791e+00
-5.927999999999999545e+02,1.015909315411699598e+00
-5.922799999999999727e+02,1.015864518739935773e+00
-5.917599999999999909e+02,1.015818263809894484e+00
-5.912400000000000091e+02,1.015770528611023904e+00
-5.907200000000000273e+02,1.015721306384814504e+00
-5.902000000000000455e+02,1.015670938471665341e+00
-5.896800000000000637e+02,1.015620086265493160e+00
-5.891599999999999682e+02,1.015567846600233359e+00
-5.886399999999999864e+02,1.015515077275150890e+00
-5.881200000000000045e+02,1.015460650057515624e+00
-5.876000000000000227e+02,1.015405724012668598e+00
-5.870799999999999272e+02,1.015349763608514921e+00
-5.865599999999999454e+02,1.015293926045933048e+00
-5.860399999999999636e+02,1.015236859623053434e+00
-5.855199999999999818e+02,1.015179848024126974e+00
-5.850000000000000000e+02,1.015121366088641341e+00
-5.844800000000000182e+02,1.015062843902108325e+00
-5.839600000000000364e+02,1.015003983684978017e+00
-5.834400000000000546e+02,1.014945246728528261e+00
-5.829200000000000728e+02,1.014885519921582269e+00
-5.823999999999999773e+02,1.014825790280400319e+00
-5.818799999999999955e+02,1.014765812759382824e+00
-5.813600000000000136e+02,1.014705906847233496e+00
-5.808400000000000318e+02,1.014646421582855007e+00
-5.803199999999999363e+02,1.014586913683760416e+00
-5.797999999999999545e+02,1.014527114239670569e+00
-5.792799999999999727e+02,1.014467366722831221e+00
-5.787599999999999909e+02,1.014407930927086587e+00
-5.782400000000000091e+02,1.014348652684914587e+00
-5.777200000000000273e+02,1.014289744108670233e+00
-5.772000000000000455e+02,1.014231274675397865e+00
-5.766799999999999500e+02,1.014173629723781556e+00
-5.761599999999999682e+02,1.014116069388512953e+00
-5.756399999999999864e+02,1.014058708201289738e+00
-5.751200000000000045e+02,1.014001862225905937e+00
-5.746000000000000227e+02,1.013945484344118464e+00
-5.740800000000000409e+02,1.013889791777454530e+00
-5.735600000000000591e+02,1.013834509065684619e+00
-5.730399999999999636e+02,1.013780045223694026e+00
-5.725199999999999818e+02,1.013726014061619995e+00
-5.720000000000000000e+02,1.013672964634154905e+00
-5.714800000000000182e+02,1.013620252829665835e+00
-5.709599999999999227e+02,1.013568666952096686e+00
-5.704399999999999409e+02,1.013517465059680323e+00
-5.699199999999999591e+02,1.013467395764855894e+00
-5.693999999999999773e+02,1.013417786761715567e+00
-5.688799999999999955e+02,1.013369279958546310e+00
-5.683600000000000136e+02,1.013321346566377734e+00
-5.678400000000000318e+02,1.013274498547187763e+00
-5.673199999999999363e+02,1.013228272749210124e+00
-5.667999999999999545e+02,1.013183182501443014e+00
-5.662799999999999727e+02,1.013138741864168413e+00
-5.657599999999999909e+02,1.013095403646344872e+00
-5.652400000000000091e+02,1.013052819019350848e+00
-5.647200000000000273e+02,1.013011298059447007e+00
-5.642000000000000455e+02,1.012970608059028832e+00
-5.636800000000000637e+02,1.012930937303260448e+00
-5.631600000000000819e+02,1.012892165500159702e+00
-5.626399999999999864e+02,1.012854369154289724e+00
-5.621200000000000045e+02,1.012817584662962567e+00
-5.615999999999999091e+02,1.012781665648636142e+00
-5.610799999999999272e+02,1.012746902483488531e+00
-5.605599999999999454e+02,1.012712856284525786e+00
-5.600399999999999636e+02,1.012680096184448653e+00
-5.595199999999999818e+02,1.012647973558961079e+00
-5.590000000000000000e+02,1.012617263166077253e+00
-5.584800000000000182e+02,1.012587113405410078e+00
-5.579600000000000364e+02,1.012558380210383024e+00
-5.574400000000000546e+02,1.012530216877236322e+00
-5.569199999999999591e+02,1.012503445427134219e+00
-5.563999999999999773e+02,1.012477294310116127e+00
-5.558799999999999955e+02,1.012452468277886153e+00
-5.553600000000000136e+02,1.012428327009588402e+00
-5.548400000000000318e+02,1.012405458170558159e+00
-5.543200000000000500e+02,1.012383295130519389e+00
-5.538000000000000682e+02,1.012362377851629303e+00
-5.532799999999999727e+02,1.012342284948033688e+00
-5.527599999999999909e+02,1.012323881135112069e+00
-5.522400000000000091e+02,1.012305965394472373e+00
-5.517200000000000273e+02,1.012288973335236486e+00
-5.511999999999999318e+02,1.012272645332936483e+00
-5.506799999999999500e+02,1.012257626007606159e+00
-5.501599999999999682e+02,1.012243240093500862e+00
-5.496399999999999864e+02,1.012230071696811118e+00
-5.491200000000000045e+02,1.012217691996360358e+00
-5.486000000000000227e+02,1.012206386717113160e+00
-5.480800000000000409e+02,1.012196318790646421e+00
-5.475599999999999454e+02,1.012187368192541737e+00
-5.470399999999999636e+02,1.012179047777472363e+00
-5.465199999999999818e+02,1.012171439252330218e+00
-5.460000000000000000e+02,1.012164901060799593e+00
-5.454800000000000182e+02,1.012159162616760977e+00
-5.449600000000000364e+02,1.012154967492489677e+00
-5.444400000000000546e+02,1.012151632554757041e+00
-5.439200000000000728e+02,1.012148890957134784e+00
-5.434000000000000909e+02,1.012146877785541577e+00
-5.428799999999999955e+02,1.012146506237130872e+00
-5.423600000000000136e+02,1.012146794080724277e+00
-5.418399999999999181e+02,1.012147805322207716e+00
-5.413199999999999363e+02,1.012149532851182698e+00
-5.407999999999999545e+02,1.012152981910246607e+00
-5.402799999999999727e+02,1.012156841620315495e+00
-5.397599999999999909e+02,1.012161657950282567e+00
-5.392400000000000091e+02,1.012167123477004438e+00
-5.387200000000000273e+02,1.012174361277962120e+00
-5.382000000000000455e+02,1.012181999474915495e+00
-5.376800000000000637e+02,1.012191165701156859e+00
-5.371599999999999682e+02,1.012200459699951649e+00
-5.366399999999999864e+02,1.012210964220474407e+00
-5.361200000000000045e+02,1.012222209965624620e+00
-5.356000000000000227e+02,1.012235094275680813e+00
-5.350800000000000409e+02,1.012248489378869021e+00
-5.345600000000000591e+02,1.012263184634730973e+00
-5.340400000000000773e+02,1.012278558381821680e+00
-5.335199999999999818e+02,1.012295108388231890e+00
-5.330000000000000000e+02,1.012312399203122659e+00
-5.324800000000000182e+02,1.012330827016278745e+00
-5.319600000000000364e+02,1.012350083661247346e+00
-5.314399999999999409e+02,1.012370353635017928e+00
-5.309199999999999591e+02,1.012391551159679937e+00
-5.303999999999999773e+02,1.012413663753382487e+00
-5.298799999999999955e+02,1.012436860986458687e+00
-5.293600000000000136e+02,1.012460839774359744e+00
-5.288400000000000318e+02,1.012486503066538202e+00
-5.283200000000000500e+02,1.012512741518433623e+00
-5.277999999999999545e+02,1.012539854846352227e+00
-5.272799999999999727e+02,1.012567446663542814e+00
-5.267599999999999909e+02,1.012596544940103094e+00
-5.262400000000000091e+02,1.012626135265493721e+00
-5.257200000000000273e+02,1.012657698200019718e+00
-5.252000000000000455e+02,1.012689208468843693e+00
-5.246800000000000637e+02,1.012722171182415254e+00
-5.241599999999999682e+02,1.012755530103335522e+00
-5.236399999999999864e+02,1.012790828153563139e+00
-5.231200000000000045e+02,1.012826369702915397e+00
-5.226000000000000227e+02,1.012863410361551253e+00
-5.220799999999999272e+02,1.012900441825798747e+00
-5.215599999999999454e+02,1.012938698989186870e+00
-5.210399999999999636e+02,1.012977746907887999e+00
-5.205199999999999818e+02,1.013018194471346334e+00
-5.200000000000000000e+02,1.013059192499845551e+00
-5.194800000000000182e+02,1.013101291751079325e+00
-5.189600000000000364e+02,1.013143978141416213e+00
-5.184400000000000546e+02,1.013187659787717187e+00
-5.179200000000000728e+02,1.013232063103395753e+00
-5.173999999999999773e+02,1.013277237606587278e+00
-5.168799999999999955e+02,1.013323252751104908e+00
-5.163600000000000136e+02,1.013369888786635808e+00
-5.158400000000000318e+02,1.013417443637187443e+00
-5.153199999999999363e+02,1.013465556869931339e+00
-5.147999999999999545e+02,1.013515102605298868e+00
-5.142799999999999727e+02,1.013564826357046700e+00
-5.137599999999999909e+02,1.013615189408922035e+00
-5.132400000000000091e+02,1.013665943314521867e+00
-5.127200000000000273e+02,1.013718072813718285e+00
-5.122000000000000455e+02,1.013770037862047335e+00
-5.116800000000000068e+02,1.013822759497039705e+00
-5.111599999999999682e+02,1.013875304070908090e+00
-5.106399999999999864e+02,1.013928416225782891e+00
-5.101200000000000045e+02,1.013983981104934706e+00
-5.096000000000000227e+02,1.014042057364768157e+00
-5.090800000000000409e+02,1.014096905076177446e+00
-5.085600000000000023e+02,1.014150365323275516e+00
-5.080400000000000205e+02,1.014204003832696710e+00
-5.075200000000000387e+02,1.014257932262351281e+00
-5.070000000000000000e+02,1.014316207008092663e+00
-5.064800000000000182e+02,1.014375695010959033e+00
-5.059599999999999795e+02,1.014430724503236902e+00
-5.054399999999999409e+02,1.014485121409111956e+00
-5.049199999999999591e+02,1.014544532207161343e+00
-5.043999999999999773e+02,1.014603991359051216e+00
-5.038799999999999955e+02,1.014658264633677698e+00
-5.033600000000000136e+02,1.014712383634396975e+00
-5.028399999999999750e+02,1.014766248093684542e+00
-5.023199999999999932e+02,1.014820909475728783e+00
-5.018000000000000114e+02,1.014879350032751759e+00
-5.012799999999999727e+02,1.014936320140286785e+00
-5.007599999999999909e+02,1.014988582045722953e+00
-5.002400000000000091e+02,1.015042587949592123e+00
-4.997200000000000273e+02,1.015098842291699555e+00
-4.992000000000000455e+02,1.015153117024100382e+00
-4.986800000000000068e+02,1.015202684250005483e+00
-4.981600000000000250e+02,1.015254987803493547e+00
-4.976400000000000432e+02,1.015308158250628257e+00
-4.971200000000000045e+02,1.015358404881310905e+00
-4.965999999999999659e+02,1.015404515680933928e+00
-4.960799999999999841e+02,1.015453881201256348e+00
-4.955599999999999454e+02,1.015503086827806101e+00
-4.950399999999999636e+02,1.015548250467770419e+00
-4.945199999999999818e+02,1.015589921949370922e+00
-4.940000000000000000e+02,1.015635162404564529e+00
-4.934800000000000182e+02,1.015679553133659097e+00
-4.929599999999999795e+02,1.015718404539905251e+00
-4.924399999999999977e+02,1.015754811960054127e+00
-4.919200000000000159e+02,1.015794839519333914e+00
-4.913999999999999773e+02,1.015833327113228268e+00
-4.908799999999999955e+02,1.015864932595422765e+00
-4.903600000000000136e+02,1.015895750166137423e+00
-4.898400000000000318e+02,1.015928901586608424e+00
-4.893200000000000500e+02,1.015960046207405432e+00
-4.888000000000000114e+02,1.015984106885174487e+00
-4.882800000000000296e+02,1.016008841218154934e+00
-4.877600000000000477e+02,1.016034006210120522e+00
-4.872399999999999523e+02,1.016057046048268742e+00
-4.867199999999999704e+02,1.016072696937946329e+00
-4.861999999999999886e+02,1.016090565238430221e+00
-4.856799999999999500e+02,1.016107032745503069e+00
-4.851599999999999682e+02,1.016121001917224653e+00
-4.846399999999999864e+02,1.016127998165109680e+00
-4.841200000000000045e+02,1.016137733941837595e+00
-4.836000000000000227e+02,1.016145671970853481e+00
-4.830799999999999841e+02,1.016153001507950293e+00
-4.825600000000000023e+02,1.016156575776473225e+00
-4.820400000000000205e+02,1.016155418667362254e+00
-4.815199999999999818e+02,1.016149336215386834e+00
-4.810000000000000000e+02,1.016146147384675569e+00
-4.804800000000000182e+02,1.016140936009849449e+00
-4.799600000000000364e+02,1.016129354104932325e+00
-4.794400000000000546e+02,1.016114475509596105e+00
-4.789200000000000159e+02,1.016102396337751124e+00
-4.784000000000000341e+02,1.016088398235396761e+00
-4.778799999999999955e+02,1.016071778161267147e+00
-4.773599999999999568e+02,1.016052886758441742e+00
-4.768399999999999750e+02,1.016026286011890489e+00
-4.763199999999999932e+02,1.015999497900101689e+00
-4.757999999999999545e+02,1.015973468808804236e+00
-4.752799999999999727e+02,1.015946776015326680e+00
-4.747599999999999909e+02,1.015916320721589106e+00
-4.742400000000000091e+02,1.015883787127095594e+00
-4.737200000000000273e+02,1.015843742637469127e+00
-4.731999999999999886e+02,1.015806096420813542e+00
-4.726800000000000068e+02,1.015767164804274758e+00
-4.721600000000000250e+02,1.015725840059539475e+00
-4.716399999999999864e+02,1.015678102917979109e+00
-4.711200000000000045e+02,1.015633248096690755e+00
-4.706000000000000227e+02,1.015587367667484253e+00
-4.700800000000000409e+02,1.015541065319239378e+00
-4.695600000000000591e+02,1.015492076483454298e+00
-4.690400000000000205e+02,1.015438583718945242e+00
-4.685199999999999818e+02,1.015381482006749492e+00
-4.680000000000000000e+02,1.015327691615110162e+00
-4.674799999999999613e+02,1.015273196218360319e+00
-4.669599999999999795e+02,1.015217578306991886e+00
-4.664399999999999977e+02,1.015160718439915621e+00
-4.659199999999999591e+02,1.015097575685903974e+00
-4.653999999999999773e+02,1.015033596036534647e+00
-4.648799999999999955e+02,1.014973276241557310e+00
-4.643600000000000136e+02,1.014912490182196203e+00
-4.638400000000000318e+02,1.014850300065789135e+00
-4.633199999999999932e+02,1.014787996881963306e+00
-4.628000000000000114e+02,1.014724266597539337e+00
-4.622800000000000296e+02,1.014659291964257637e+00
-4.617599999999999909e+02,1.014589132877183664e+00
-4.612400000000000091e+02,1.014521202033288771e+00
-4.607200000000000273e+02,1.014455422819464658e+00
-4.602000000000000455e+02,1.014390210003530690e+00
-4.596800000000000637e+02,1.014323881547289696e+00
-4.591599999999999682e+02,1.014255553357665596e+00
-4.586399999999999864e+02,1.014183896002627705e+00
-4.581200000000000045e+02,1.014115788128583828e+00
-4.575999999999999659e+02,1.014049530228382068e+00
-4.570799999999999841e+02,1.013983733976942636e+00
-4.565600000000000023e+02,1.013917865664002882e+00
-4.560399999999999636e+02,1.013848646732526726e+00
-4.555199999999999818e+02,1.013778224381345794e+00
-4.550000000000000000e+02,1.013712514549529375e+00
-4.544800000000000182e+02,1.013648233282118616e+00
-4.539600000000000364e+02,1.013584411451443623e+00
-4.534399999999999977e+02,1.013521247422227267e+00
-4.529200000000000159e+02,1.013458598855299098e+00
-4.524000000000000341e+02,1.013396509681644186e+00
-4.518799999999999955e+02,1.013329997450072018e+00
-4.513600000000000136e+02,1.013264982839009454e+00
-4.508400000000000318e+02,1.013205254349985429e+00
-4.503199999999999363e+02,1.013146457511905130e+00
-4.497999999999999545e+02,1.013088508378874764e+00
-4.492799999999999727e+02,1.013029964311106035e+00
-4.487599999999999909e+02,1.012968691569230639e+00
-4.482400000000000091e+02,1.012910029993220995e+00
-4.477199999999999704e+02,1.012855980290918945e+00
-4.471999999999999886e+02,1.012802619372771273e+00
-4.466800000000000068e+02,1.012750696742582557e+00
-4.461599999999999682e+02,1.012699377790506006e+00
-4.456399999999999864e+02,1.012649514232974779e+00
-4.451200000000000045e+02,1.012597298308169247e+00
-4.446000000000000227e+02,1.012544274019745894e+00
-4.440800000000000409e+02,1.012495515982527294e+00
-4.435600000000000023e+02,1.012449799763187830e+00
-4.430400000000000205e+02,1.012404984796755780e+00
-4.425200000000000387e+02,1.012361351603035642e+00
-4.420000000000000000e+02,1.012318707551966179e+00
-4.414800000000000182e+02,1.012277102792625838e+00
-4.409599999999999795e+02,1.012231929903941063e+00
-4.404399999999999409e+02,1.012187084697668160e+00
-4.399199999999999591e+02,1.012148469287707409e+00
-4.393999999999999773e+02,1.012110748685610018e+00
-4.388799999999999955e+02,1.012074314432896971e+00
-4.383600000000000136e+02,1.012038395464899265e+00
-4.378399999999999750e+02,1.012003894445662411e+00
-4.373199999999999932e+02,1.011968608749847176e+00
-4.368000000000000114e+02,1.011930689984293474e+00
-4.362799999999999727e+02,1.011894293814780355e+00
-4.357599999999999909e+02,1.011863310008418226e+00
-4.352400000000000091e+02,1.011832098657171164e+00
-4.347200000000000273e+02,1.011802720925186971e+00
-4.342000000000000455e+02,1.011770553054454513e+00
-4.336800000000000068e+02,1.011737344168790909e+00
-4.331600000000000250e+02,1.011706208370846349e+00
-4.326400000000000432e+02,1.011679313497685140e+00
-4.321200000000000045e+02,1.011651921107854513e+00
-4.315999999999999659e+02,1.011625979391767682e+00
-4.310799999999999841e+02,1.011599620951657563e+00
-4.305599999999999454e+02,1.011574440628679961e+00
-4.300399999999999636e+02,1.011545093416069463e+00
-4.295199999999999818e+02,1.011515296176587864e+00
-4.290000000000000000e+02,1.011489607391464540e+00
-4.284800000000000182e+02,1.011465481604991723e+00
-4.279599999999999795e+02,1.011441270406049364e+00
-4.274399999999999977e+02,1.011417452461340405e+00
-4.269200000000000159e+02,1.011388566969837255e+00
-4.263999999999999773e+02,1.011359890204103884e+00
-4.258799999999999955e+02,1.011336355460702885e+00
-4.253600000000000136e+02,1.011312604345698363e+00
-4.248400000000000318e+02,1.011289141303573391e+00
-4.243200000000000500e+02,1.011265224877053726e+00
-4.238000000000000114e+02,1.011241729630800057e+00
-4.232800000000000296e+02,1.011216011110447788e+00
-4.227600000000000477e+02,1.011187118679209407e+00
-4.222399999999999523e+02,1.011159043481752562e+00
-4.217199999999999704e+02,1.011135047449725155e+00
-4.211999999999999886e+02,1.011109770469546421e+00
-4.206799999999999500e+02,1.011085318716493653e+00
-4.201599999999999682e+02,1.011056757134703998e+00
-4.196399999999999864e+02,1.011026421037138245e+00
-4.191200000000000045e+02,1.010997706533905971e+00
-4.186000000000000227e+02,1.010971844735688574e+00
-4.180799999999999841e+02,1.010944436571239002e+00
-4.175600000000000023e+02,1.010917704794731309e+00
-4.170400000000000205e+02,1.010889404288766391e+00
-4.165199999999999818e+02,1.010861826879169811e+00
-4.160000000000000000e+02,1.010828225975054950e+00
-4.154800000000000182e+02,1.010794325191307852e+00
-4.149600000000000364e+02,1.010763549934456496e+00
-4.144400000000000546e+02,1.010733724544755630e+00
-4.139200000000000159e+02,1.010702507777718084e+00
-4.134000000000000341e+02,1.010671119960855346e+00
-4.128799999999999955e+02,1.010633678179942319e+00
-4.123599999999999568e+02,1.010596866731297006e+00
-4.118399999999999750e+02,1.010563576638156880e+00
-4.113199999999999932e+02,1.010530012941283973e+00
-4.107999999999999545e+02,1.010495678574068634e+00
-4.102799999999999727e+02,1.010459320454500709e+00
-4.097599999999999909e+02,1.010418678059999076e+00
-4.092400000000000091e+02,1.010379235180777213e+00
-4.087200000000000273e+02,1.010342682870645215e+00
-4.081999999999999886e+02,1.010305315467270759e+00
-4.076800000000000068e+02,1.010267676838625617e+00
-4.071600000000000250e+02,1.010226353153924173e+00
-4.066399999999999864e+02,1.010182320386399324e+00
-4.061200000000000045e+02,1.010140435610144660e+00
-4.056000000000000227e+02,1.010100511971153692e+00
-4.050800000000000409e+02,1.010059570710250876e+00
-4.045600000000000591e+02,1.010018503084523234e+00
-4.040400000000000205e+02,1.009972491198915412e+00
-4.035199999999999818e+02,1.009925100291785283e+00
-4.030000000000000000e+02,1.009880944652081336e+00
-4.024799999999999613e+02,1.009837707199192192e+00
-4.019599999999999795e+02,1.009788629661576120e+00
-4.014399999999999977e+02,1.009739060746582817e+00
-4.009199999999999591e+02,1.009693544637399354e+00
-4.003999999999999773e+02,1.009648108170821068e+00
-3.998799999999999955e+02,1.009601624926470542e+00
-3.993600000000000136e+02,1.009554431567398103e+00
-3.988400000000000318e+02,1.009501670714374910e+00
-3.983199999999999932e+02,1.009449912765710611e+00
-3.978000000000000114e+02,1.009401396678914820e+00
-3.972800000000000296e+02,1.009352571604529736e+00
-3.967599999999999909e+02,1.009303056016870093e+00
-3.962400000000000091e+02,1.009251105724851660e+00
-3.957200000000000273e+02,1.009195348519112079e+00
-3.952000000000000455e+02,1.009141206689167625e+00
-3.946800000000000637e+02,1.009089602191961532e+00
-3.941599999999999682e+02,1.009034364311072851e+00
-3.936399999999999864e+02,1.008976365667085373e+00
-3.931200000000000045e+02,1.008920460583464518e+00
-3.925999999999999659e+02,1.008866477557321950e+00
-3.920799999999999841e+02,1.008811246440090015e+00
-3.915600000000000023e+02,1.008755924835774920e+00
-3.910399999999999636e+02,1.008695213402304836e+00
-3.905199999999999818e+02,1.008633246814149897e+00
-3.900000000000000000e+02,1.008573931886272534e+00
-3.894800000000000182e+02,1.008515522433949707e+00
-3.889600000000000364e+02,1.008450690436986319e+00
-3.884399999999999977e+02,1.008385217628819719e+00
-3.879200000000000159e+02,1.008323298025949999e+00
-3.874000000000000341e+02,1.008260689357599604e+00
-3.868799999999999955e+02,1.008191692076650714e+00
-3.863600000000000136e+02,1.008122788752832122e+00
-3.858400000000000318e+02,1.008056966289427647e+00
-3.853199999999999363e+02,1.007990184139791578e+00
-3.847999999999999545e+02,1.007922209607382324e+00
-3.842799999999999727e+02,1.007851373585961552e+00
-3.837599999999999909e+02,1.007775868341616032e+00
-3.832400000000000091e+02,1.007700652484793791e+00
-3.827199999999999704e+02,1.007627984495096163e+00
-3.821999999999999886e+02,1.007550964868083154e+00
-3.816800000000000068e+02,1.007470618402367846e+00
-3.811599999999999682e+02,1.007390689703801634e+00
-3.806399999999999864e+02,1.007313063361058525e+00
-3.801200000000000045e+02,1.007229690320523785e+00
-3.796000000000000227e+02,1.007144334276980802e+00
-3.790800000000000409e+02,1.007059793914478529e+00
-3.785600000000000023e+02,1.006977199046659832e+00
-3.780400000000000205e+02,1.006887831140435008e+00
-3.775200000000000387e+02,1.006797689420712016e+00
-3.770000000000000000e+02,1.006709210982787317e+00
-3.764800000000000182e+02,1.006622053911548909e+00
-3.759599999999999795e+02,1.006532731704253170e+00
-3.754399999999999409e+02,1.006443661471547735e+00
-3.749199999999999591e+02,1.006347909022381026e+00
-3.743999999999999773e+02,1.006252560727025847e+00
-3.738799999999999955e+02,1.006161180822186640e+00
-3.733600000000000136e+02,1.006069137503007083e+00
-3.728399999999999750e+02,1.005972318365443652e+00
-3.723199999999999932e+02,1.005876883624878815e+00
-3.718000000000000114e+02,1.005785731091530577e+00
-3.712799999999999727e+02,1.005693496351300009e+00
-3.707599999999999909e+02,1.005598302593998516e+00
-3.702400000000000091e+02,1.005505940759465755e+00
-3.697200000000000273e+02,1.005417978788263556e+00
-3.692000000000000455e+02,1.005329033631195745e+00
-3.686800000000000068e+02,1.005238636338049441e+00
-3.681600000000000250e+02,1.005153161874147827e+00
-3.676400000000000432e+02,1.005071652513040092e+00
-3.671200000000000045e+02,1.004989950212697325e+00
-3.665999999999999659e+02,1.004907741744180960e+00
-3.660799999999999841e+02,1.004833065331349529e+00
-3.655599999999999454e+02,1.004761472887367280e+00
-3.650399999999999636e+02,1.004690892613530950e+00
-3.645199999999999818e+02,1.004620349100199483e+00
-3.640000000000000000e+02,1.004560141474175827e+00
-3.634800000000000182e+02,1.004502231824253577e+00
-3.629599999999999795e+02,1.004445640256316885e+00
-3.624399999999999977e+02,1.004390655860268877e+00
-3.619200000000000159e+02,1.004346978503600996e+00
-3.613999999999999773e+02,1.004305574425553793e+00
-3.608799999999999955e+02,1.004265279588040682e+00
-3.603600000000000136e+02,1.004228997666412715e+00
-3.598400000000000318e+02,1.004202792460106464e+00
-3.593200000000000500e+02,1.004179248153255877e+00
-3.588000000000000114e+02,1.004156793980965912e+00
-3.582800000000000296e+02,1.004140347859976856e+00
-3.577600000000000477e+02,1.004132095211250908e+00
-3.572399999999999523e+02,1.004126761944829305e+00
-3.567199999999999704e+02,1.004122096642298567e+00
-3.561999999999999886e+02,1.004125093803575064e+00
-3.556799999999999500e+02,1.004134126281704065e+00
-3.551599999999999682e+02,1.004145868844707801e+00
-3.546399999999999864e+02,1.004157659254756529e+00
-3.541200000000000045e+02,1.004178209146586065e+00
-3.536000000000000227e+02,1.004202587038438121e+00
-3.530799999999999841e+02,1.004228782194775293e+00
-3.525600000000000023e+02,1.004254569694230659e+00
-3.520400000000000205e+02,1.004289458991137085e+00
-3.515199999999999818e+02,1.004326398188145397e+00
-3.510000000000000000e+02,1.004363255395477772e+00
-3.504800000000000182e+02,1.004400079696058601e+00
-3.499600000000000364e+02,1.004444857583555173e+00
-3.494400000000000546e+02,1.004490901166727346e+00
-3.489200000000000159e+02,1.004533844939219156e+00
-3.484000000000000341e+02,1.004577969320918696e+00
-3.478799999999999955e+02,1.004628050881138046e+00
-3.473599999999999568e+02,1.004677958791826420e+00
-3.468399999999999750e+02,1.004723830498370774e+00
-3.463199999999999932e+02,1.004771209547612454e+00
-3.457999999999999545e+02,1.004822440010441742e+00
-3.452799999999999727e+02,1.004871865779754181e+00
-3.447599999999999909e+02,1.004917129591746283e+00
-3.442400000000000091e+02,1.004963664714832117e+00
-3.437200000000000273e+02,1.005012666286981382e+00
-3.431999999999999886e+02,1.005057913324168162e+00
-3.426800000000000068e+02,1.005099536708961905e+00
-3.421600000000000250e+02,1.005141977301902578e+00
-3.416399999999999864e+02,1.005186078383268899e+00
-3.411200000000000045e+02,1.005224338546108376e+00
-3.406000000000000227e+02,1.005260010889891698e+00
-3.400800000000000409e+02,1.005296061187532342e+00
-3.395600000000000591e+02,1.005333363256073254e+00
-3.390400000000000205e+02,1.005362828215289772e+00
-3.385199999999999818e+02,1.005390940165292291e+00
-3.380000000000000000e+02,1.005419369636006088e+00
-3.374799999999999613e+02,1.005448346631297118e+00
-3.369599999999999795e+02,1.005468624198503580e+00
-3.364399999999999977e+02,1.005487896799566183e+00
-3.359199999999999591e+02,1.005503651073198501e+00
-3.353999999999999773e+02,1.005518876490863356e+00
-3.348799999999999955e+02,1.005535775957056677e+00
-3.343600000000000136e+02,1.005550628767584831e+00
-3.338400000000000318e+02,1.005558343674078703e+00
-3.333199999999999932e+02,1.005565810274268390e+00
-3.328000000000000114e+02,1.005574956756552840e+00
-3.322800000000000296e+02,1.005580814169962922e+00
-3.317599999999999909e+02,1.005581188605290111e+00
-3.312400000000000091e+02,1.005581727533508385e+00
-3.307200000000000273e+02,1.005584007752765130e+00
-3.302000000000000455e+02,1.005581901007623458e+00
-3.296800000000000637e+02,1.005575893418001243e+00
-3.291599999999999682e+02,1.005570730018674253e+00
-3.286399999999999864e+02,1.005567162961087613e+00
-3.281200000000000045e+02,1.005558399848629492e+00
-3.275999999999999659e+02,1.005547141996306015e+00
-3.270799999999999841e+02,1.005537617511627291e+00
-3.265600000000000023e+02,1.005529439836776895e+00
-3.260399999999999636e+02,1.005519396814933852e+00
-3.255199999999999818e+02,1.005509277539114565e+00
-3.250000000000000000e+02,1.005493085802588782e+00
-3.244800000000000182e+02,1.005476036787837257e+00
-3.239600000000000364e+02,1.005462605989747793e+00
-3.234399999999999977e+02,1.005449362971885918e+00
-3.229200000000000159e+02,1.005430023026500974e+00
-3.224000000000000341e+02,1.005410947966472568e+00
-3.218799999999999955e+02,1.005395997345046366e+00
-3.213600000000000136e+02,1.005380017128461478e+00
-3.208400000000000318e+02,1.005359267032640780e+00
-3.203199999999999363e+02,1.005339569713972425e+00
-3.198000000000000114e+02,1.005323654872890993e+00
-3.192800000000000296e+02,1.005305936720610083e+00
-3.187599999999999909e+02,1.005284558368236603e+00
-3.182400000000000091e+02,1.005265191369240529e+00
-3.177199999999999704e+02,1.005248982111658362e+00
-3.171999999999999886e+02,1.005230351194407845e+00
-3.166800000000000068e+02,1.005208973071672451e+00
-3.161599999999999682e+02,1.005190575046689183e+00
-3.156399999999999864e+02,1.005174634808315259e+00
-3.151200000000000045e+02,1.005155638580324640e+00
-3.146000000000000227e+02,1.005134778271878915e+00
-3.140800000000000409e+02,1.005117865754427298e+00
-3.135600000000000023e+02,1.005102607565987016e+00
-3.130399999999999636e+02,1.005083659281642339e+00
-3.125199999999999818e+02,1.005063621056486500e+00
-3.120000000000000000e+02,1.005048522307699921e+00
-3.114800000000000182e+02,1.005034236431142647e+00
-3.109599999999999795e+02,1.005015569184191770e+00
-3.104399999999999977e+02,1.004996706698381814e+00
-3.099200000000000159e+02,1.004983479643805078e+00
-3.094000000000000341e+02,1.004970414431944015e+00
-3.088799999999999955e+02,1.004957753891402961e+00
-3.083600000000000136e+02,1.004944462018733331e+00
-3.078399999999999750e+02,1.004927194027472881e+00
-3.073199999999999932e+02,1.004911420842613090e+00
-3.068000000000000114e+02,1.004900006157472214e+00
-3.062799999999999727e+02,1.004887169358534615e+00
-3.057599999999999909e+02,1.004871119183434969e+00
-3.052400000000000091e+02,1.004857433354383378e+00
-3.047200000000000273e+02,1.004847187530142794e+00
-3.042000000000000455e+02,1.004834830681182734e+00
-3.036800000000000068e+02,1.004819934118658109e+00
-3.031599999999999682e+02,1.004808301358839806e+00
-3.026399999999999864e+02,1.004799218265781668e+00
-3.021200000000000045e+02,1.004787238303212593e+00
-3.016000000000000227e+02,1.004773453260209060e+00
-3.010799999999999841e+02,1.004763808755648080e+00
-3.005600000000000023e+02,1.004755767546446688e+00
-3.000400000000000205e+02,1.004748186429740286e+00
-2.995200000000000387e+02,1.004740691464660385e+00
-2.990000000000000000e+02,1.004729132451539053e+00
-2.984800000000000182e+02,1.004716904157101354e+00
-2.979599999999999795e+02,1.004709965166981300e+00
-2.974399999999999977e+02,1.004703371832218473e+00
-2.969200000000000159e+02,1.004691979694772197e+00
-2.963999999999999773e+02,1.004681175101728607e+00
-2.958799999999999955e+02,1.004675448235440971e+00
-2.953600000000000136e+02,1.004669848293065826e+00
-2.948400000000000318e+02,1.004664485737086554e+00
-2.943199999999999932e+02,1.004658005683903399e+00
-2.938000000000000114e+02,1.004647807061093134e+00
-2.932799999999999727e+02,1.004639453074106292e+00
-2.927599999999999909e+02,1.004634839135515101e+00
-2.922400000000000091e+02,1.004628290949267866e+00
-2.917200000000000273e+02,1.004618794196192155e+00
-2.911999999999999886e+02,1.004611968055572513e+00
-2.906800000000000068e+02,1.004607985478687349e+00
-2.901599999999999682e+02,1.004604195690616431e+00
-2.896399999999999864e+02,1.004600532447948336e+00
-2.891200000000000045e+02,1.004593744428151192e+00
-2.886000000000000227e+02,1.004585120882286020e+00
-2.880799999999999841e+02,1.004580425672800370e+00
-2.875600000000000023e+02,1.004577289684807306e+00
-2.870400000000000205e+02,1.004570231256805446e+00
-2.865199999999999818e+02,1.004562127102325952e+00
-2.860000000000000000e+02,1.004558737498003618e+00
-2.854799999999999613e+02,1.004556111377588268e+00
-2.849599999999999795e+02,1.004553655111098287e+00
-2.844399999999999977e+02,1.004551137753195267e+00
-2.839200000000000159e+02,1.004543649471134170e+00
-2.833999999999999773e+02,1.004536706643311517e+00
-2.828799999999999955e+02,1.004534653100813690e+00
-2.823600000000000136e+02,1.004532665808748337e+00
-2.818400000000000318e+02,1.004530767746017128e+00
-2.813199999999999932e+02,1.004527654571349293e+00
-2.807999999999999545e+02,1.004520717356776949e+00
-2.802799999999999727e+02,1.004515579379322121e+00
-2.797599999999999909e+02,1.004514048860165376e+00
-2.792400000000000091e+02,1.004510452275014121e+00
-2.787200000000000273e+02,1.004503857430474545e+00
-2.781999999999999886e+02,1.004499813839271338e+00
-2.776800000000000068e+02,1.004498579652581158e+00
-2.771600000000000250e+02,1.004497415204880895e+00
-2.766399999999999864e+02,1.004496300827905086e+00
-2.761200000000000045e+02,1.004491938022840758e+00
-2.755999999999999659e+02,1.004485728999609417e+00
-2.750799999999999841e+02,1.004483340257704693e+00
-2.745600000000000023e+02,1.004482484636592954e+00
-2.740400000000000205e+02,1.004481704710709744e+00
-2.735199999999999818e+02,1.004480959512077165e+00
-2.730000000000000000e+02,1.004475753189794984e+00
-2.724800000000000182e+02,1.004469914270438746e+00
-2.719600000000000364e+02,1.004469060648323531e+00
-2.714399999999999977e+02,1.004468525303607862e+00
-2.709199999999999591e+02,1.004468073670169881e+00
-2.703999999999999773e+02,1.004467113068740591e+00
-2.698799999999999955e+02,1.004461517583211450e+00
-2.693600000000000136e+02,1.004456880395369289e+00
-2.688400000000000318e+02,1.004456592327961806e+00
-2.683199999999999932e+02,1.004456364498746312e+00
-2.678000000000000114e+02,1.004456182658031160e+00
-2.672800000000000296e+02,1.004454279912388781e+00
-2.667599999999999909e+02,1.004448933226554930e+00
-2.662400000000000091e+02,1.004445783412275750e+00
-2.657199999999999704e+02,1.004445713158249154e+00
-2.651999999999999886e+02,1.004445718997330372e+00
-2.646800000000000068e+02,1.004445775193178791e+00
-2.641600000000000250e+02,1.004442882251113778e+00
-2.636399999999999864e+02,1.004437766996953973e+00
-2.631200000000000045e+02,1.004436024310415343e+00
-2.626000000000000227e+02,1.004436183335133181e+00
-2.620799999999999841e+02,1.004432631522633068e+00
-2.615600000000000023e+02,1.004427636479922725e+00
-2.610399999999999636e+02,1.004426837056660915e+00
-2.605199999999999818e+02,1.004427134369040742e+00
-2.600000000000000000e+02,1.004427464714484408e+00
-2.594800000000000182e+02,1.004427819777100828e+00
-2.589600000000000364e+02,1.004423239565628956e+00
-2.584399999999999977e+02,1.004418551082298494e+00
-2.579200000000000159e+02,1.004418995980530749e+00
-2.573999999999999773e+02,1.004419464472283030e+00
-2.568799999999999955e+02,1.004419945295235816e+00
-2.563600000000000136e+02,1.004419510411547423e+00
-2.558400000000000034e+02,1.004414812122706557e+00
-2.553199999999999932e+02,1.004411509960056570e+00
-2.548000000000000114e+02,1.004412097102012291e+00
-2.542800000000000011e+02,1.004412701157533672e+00
-2.537600000000000193e+02,1.004413325305685722e+00
-2.532400000000000091e+02,1.004411824772341699e+00
-2.527199999999999704e+02,1.004407287441525742e+00
-2.521999999999999886e+02,1.004405301789724758e+00
-2.516800000000000068e+02,1.004406029848906368e+00
-2.511599999999999966e+02,1.004406773442016565e+00
-2.506399999999999864e+02,1.004407530596015397e+00
-2.501200000000000045e+02,1.004404939133110686e+00
-2.496000000000000227e+02,1.004400509762903182e+00
-2.490800000000000125e+02,1.004399876771022937e+00
-2.485600000000000023e+02,1.004400735441254744e+00
-2.480399999999999920e+02,1.004401562422462479e+00
-2.475199999999999818e+02,1.004402444614707957e+00
-2.470000000000000000e+02,1.004398755407551969e+00
-2.464799999999999898e+02,1.004394455303097011e+00
-2.459600000000000080e+02,1.004395130280401949e+00
-2.454399999999999977e+02,1.004395919143449056e+00
-2.449200000000000159e+02,1.004391656094743901e+00
-2.444000000000000057e+02,1.004387981764240489e+00
-2.438800000000000239e+02,1.004388957067737786e+00
-2.433599999999999852e+02,1.004389967199449618e+00
-2.428399999999999750e+02,1.004391009620496433e+00
-2.423199999999999932e+02,1.004390673346259977e+00
-2.418000000000000114e+02,1.004386483175112588e+00
-2.412800000000000011e+02,1.004384126787130738e+00
-2.407599999999999909e+02,1.004385199142862728e+00
-2.402400000000000091e+02,1.004386326692365827e+00
-2.397200000000000273e+02,1.004387443656526102e+00
-2.392000000000000171e+02,1.004385997136287623e+00
-2.386799999999999784e+02,1.004381902194305676e+00
-2.381599999999999966e+02,1.004380820649995343e+00
-2.376399999999999864e+02,1.004382001541657354e+00
-2.371200000000000045e+02,1.004379797649698203e+00
-2.365999999999999943e+02,1.004375771416894159e+00
-2.360800000000000125e+02,1.004375557419606269e+00
-2.355600000000000023e+02,1.004376784512262644e+00
-2.350400000000000205e+02,1.004378027328399092e+00
-2.345200000000000102e+02,1.004379276610061433e+00
-2.340000000000000000e+02,1.004375936296502125e+00
-2.334799999999999898e+02,1.004371971508711381e+00
-2.329599999999999795e+02,1.004373064687355432e+00
-2.324399999999999977e+02,1.004374185565148014e+00
-2.319200000000000159e+02,1.004370275934102885e+00
-2.314000000000000057e+02,1.004366967799484422e+00
-2.308799999999999955e+02,1.004368293080632357e+00
-2.303600000000000136e+02,1.004369646764903257e+00
-2.298400000000000318e+02,1.004371011361610888e+00
-2.293199999999999932e+02,1.004370972218434410e+00
-2.287999999999999829e+02,1.004367145139625661e+00
-2.282800000000000011e+02,1.004365120068824835e+00
-2.277599999999999909e+02,1.004366523851191850e+00
-2.272400000000000091e+02,1.004365719926592737e+00
-2.267199999999999989e+02,1.004361931141122266e+00
-2.262000000000000171e+02,1.004360746402315874e+00
-2.256800000000000068e+02,1.004362206791697743e+00
-2.251599999999999682e+02,1.004360661650226749e+00
-2.246399999999999864e+02,1.004356908901252954e+00
-2.241200000000000045e+02,1.004356564640468186e+00
-2.235999999999999943e+02,1.004358041584639150e+00
-2.230799999999999841e+02,1.004355731431136434e+00
-2.225600000000000023e+02,1.004352014612045707e+00
-2.220400000000000205e+02,1.004352530856556847e+00
-2.215200000000000102e+02,1.004354086776404476e+00
-2.210000000000000000e+02,1.004355611125478109e+00
-2.204799999999999898e+02,1.004357159612536021e+00
-2.199599999999999795e+02,1.004353679702791657e+00
-2.194399999999999977e+02,1.004350224093697452e+00
-2.189199999999999875e+02,1.004351825376390561e+00
-2.184000000000000057e+02,1.004352779155363251e+00
-2.178799999999999955e+02,1.004349165922054699e+00
-2.173600000000000136e+02,1.004346567236218402e+00
-2.168400000000000034e+02,1.004348184584763937e+00
-2.163200000000000216e+02,1.004348390206144304e+00
-2.157999999999999829e+02,1.004344805658001105e+00
-2.152799999999999727e+02,1.004343020253955387e+00
-2.147599999999999909e+02,1.004344689846862426e+00
-2.142400000000000091e+02,1.004344129907997152e+00
-2.137199999999999989e+02,1.004340556435715071e+00
-2.131999999999999886e+02,1.004339648400790486e+00
-2.126800000000000068e+02,1.004341346991344919e+00
-2.121600000000000250e+02,1.004339998454217175e+00
-2.116400000000000148e+02,1.004336458848664959e+00
-2.111199999999999761e+02,1.004336386153684257e+00
-2.105999999999999943e+02,1.004338112800691629e+00
-2.100799999999999841e+02,1.004335993806620975e+00
-2.095600000000000023e+02,1.004332506799341607e+00
-2.090399999999999920e+02,1.004333288414164027e+00
-2.085200000000000102e+02,1.004335048217757320e+00
-2.080000000000000000e+02,1.004332157658250235e+00
-2.074800000000000182e+02,1.004328697226602785e+00
-2.069600000000000080e+02,1.004325250162775296e+00
-2.064399999999999977e+02,1.004322034811404141e+00
-2.059199999999999875e+02,1.004323834685579175e+00
-2.053999999999999773e+02,1.004324987924317014e+00
-2.048799999999999955e+02,1.004321594950062568e+00
-2.043600000000000136e+02,1.004319213608035888e+00
-2.038400000000000034e+02,1.004321041893296851e+00
-2.033199999999999932e+02,1.004321422566923028e+00
-2.028000000000000114e+02,1.004318035569940371e+00
-2.022800000000000296e+02,1.004316526410531596e+00
-2.017599999999999909e+02,1.004318384858881918e+00
-2.012399999999999807e+02,1.004317974754788789e+00
-2.007199999999999989e+02,1.004314636920140336e+00
-2.001999999999999886e+02,1.004311281485156471e+00
-1.996800000000000068e+02,1.004307935840027310e+00
-1.991599999999999966e+02,1.004307674281992080e+00
-1.986400000000000148e+02,1.004309576454978759e+00
-1.981200000000000045e+02,1.004308050115712447e+00
-1.976000000000000227e+02,1.004304732598776617e+00
-1.970799999999999841e+02,1.004305301579986098e+00
-1.965600000000000023e+02,1.004307228585018974e+00
-1.960399999999999920e+02,1.004304907846310435e+00
-1.955199999999999818e+02,1.004301615616621346e+00
-1.950000000000000000e+02,1.004298356585737517e+00
-1.944800000000000182e+02,1.004295080283197139e+00
-1.939600000000000080e+02,1.004296914598395318e+00
-1.934399999999999977e+02,1.004298614787482835e+00
-1.929200000000000159e+02,1.004295384503125943e+00
-1.923999999999999773e+02,1.004292134807378112e+00
-1.918799999999999955e+02,1.004288916421449684e+00
-1.913599999999999852e+02,1.004286769241036215e+00
-1.908400000000000034e+02,1.004288759312426338e+00
-1.903199999999999932e+02,1.004289320988240863e+00
-1.898000000000000114e+02,1.004286131724945408e+00
-1.892800000000000011e+02,1.004282922607887762e+00
-1.887600000000000193e+02,1.004279745975994009e+00
-1.882400000000000091e+02,1.004278844953197636e+00
-1.877199999999999704e+02,1.004280892504351597e+00
-1.871999999999999886e+02,1.004280291279889603e+00
-1.866800000000000068e+02,1.004277139692667964e+00
-1.861599999999999966e+02,1.004273993691400468e+00
-1.856399999999999864e+02,1.004270857023736196e+00
-1.851200000000000045e+02,1.004271179627039379e+00
-1.846000000000000227e+02,1.004273288518616303e+00
-1.840800000000000125e+02,1.004271508573880700e+00
-1.835600000000000023e+02,1.004268398720758126e+00
-1.830399999999999920e+02,1.004265293552264016e+00
-1.825199999999999818e+02,1.004262170794011810e+00
-1.820000000000000000e+02,1.004263780259948335e+00
-1.814799999999999898e+02,1.004265910992826916e+00
-1.809600000000000080e+02,1.004262966805630430e+00
-1.804399999999999977e+02,1.004259892603599491e+00
-1.799200000000000159e+02,1.004256831560537577e+00
-1.794000000000000057e+02,1.004253773745860334e+00
-1.788800000000000239e+02,1.004250722562709086e+00
-1.783599999999999852e+02,1.004248763301745173e+00
-1.778399999999999750e+02,1.004250943431811649e+00
-1.773199999999999932e+02,1.004251633693074686e+00
-1.768000000000000114e+02,1.004248611311281847e+00
-1.762800000000000011e+02,1.004245591663498693e+00
-1.757599999999999909e+02,1.004242580495499082e+00
-1.752400000000000091e+02,1.004239573681132924e+00
-1.747200000000000273e+02,1.004236579092187220e+00
-1.742000000000000171e+02,1.004236279885285077e+00
-1.736799999999999784e+02,1.004238527459279107e+00
-1.731599999999999966e+02,1.004237666997863654e+00
-1.726399999999999864e+02,1.004234697602738091e+00
-1.721200000000000045e+02,1.004231732995169546e+00
-1.715999999999999943e+02,1.004228798577297077e+00
-1.710800000000000125e+02,1.004225846640565356e+00
-1.705600000000000023e+02,1.004222901062216344e+00
-1.700400000000000205e+02,1.004219962460608517e+00
-1.695200000000000102e+02,1.004217029773305514e+00
-1.690000000000000000e+02,1.004218822928657495e+00
-1.684799999999999898e+02,1.004221136339331633e+00
-1.679599999999999795e+02,1.004218342821607379e+00
-1.674399999999999977e+02,1.004215438564204144e+00
-1.669200000000000159e+02,1.004212541728912722e+00
-1.664000000000000057e+02,1.004209648072346583e+00
-1.658799999999999955e+02,1.004206787165505377e+00
-1.653600000000000136e+02,1.004203906876698138e+00
-1.648400000000000318e+02,1.004201036555583570e+00
-1.643199999999999932e+02,1.004199678560626419e+00
-1.637999999999999829e+02,1.004202035612328237e+00
-1.632800000000000011e+02,1.004202505539240287e+00
-1.627599999999999909e+02,1.004199683282635203e+00
-1.622400000000000091e+02,1.004196843600500433e+00
-1.617199999999999989e+02,1.004194014115914912e+00
-1.612000000000000171e+02,1.004191188759543385e+00
-1.606800000000000068e+02,1.004188369577770912e+00
-1.601599999999999682e+02,1.004185556987268413e+00
-1.596400000000000148e+02,1.004182774758952013e+00
-1.591200000000000045e+02,1.004179976626412563e+00
-1.585999999999999943e+02,1.004177184572928816e+00
-1.580799999999999841e+02,1.004178335603099326e+00
-1.575600000000000023e+02,1.004180794765471285e+00
-1.570400000000000205e+02,1.004178922912401406e+00
-1.565199999999999818e+02,1.004176158252549689e+00
-1.560000000000000000e+02,1.004173401604132154e+00
-1.554799999999999898e+02,1.004170671271156445e+00
-1.549600000000000080e+02,1.004167928951322120e+00
-1.544399999999999977e+02,1.004165191275835367e+00
-1.539199999999999875e+02,1.004162462800437305e+00
-1.534000000000000057e+02,1.004159758748619513e+00
-1.528799999999999955e+02,1.004157042426187196e+00
-1.523600000000000136e+02,1.004154329471418805e+00
-1.518400000000000034e+02,1.004151650475988866e+00
-1.513199999999999932e+02,1.004150480536097012e+00
-1.508000000000000114e+02,1.004153026825029160e+00
-1.502800000000000011e+02,1.004153650865552416e+00
-1.497600000000000193e+02,1.004150975948327806e+00
-1.492400000000000091e+02,1.004148305886557235e+00
-1.487199999999999989e+02,1.004145666718424756e+00
-1.481999999999999886e+02,1.004143011910056060e+00
-1.476800000000000068e+02,1.004140365707536064e+00
-1.471599999999999966e+02,1.004137746716986745e+00
-1.466399999999999864e+02,1.004135111698092331e+00
-1.461200000000000045e+02,1.004132484504101974e+00
-1.455999999999999943e+02,1.004129885617829787e+00
-1.450799999999999841e+02,1.004127273126731890e+00
-1.445600000000000023e+02,1.004124666374805352e+00
-1.440399999999999920e+02,1.004122091029366670e+00
-1.435200000000000102e+02,1.004119498505945618e+00
-1.430000000000000000e+02,1.004121712611182327e+00
-1.424799999999999898e+02,1.004124348411559842e+00
-1.419600000000000080e+02,1.004121854419509408e+00
-1.414399999999999977e+02,1.004119309406439342e+00
-1.409200000000000159e+02,1.004116755425713547e+00
-1.403999999999999773e+02,1.004114226866442472e+00
-1.398799999999999955e+02,1.004111685692252509e+00
-1.393600000000000136e+02,1.004109147112726808e+00
-1.388400000000000034e+02,1.004106644350212019e+00
-1.383199999999999932e+02,1.004104122488958417e+00
-1.377999999999999829e+02,1.004101630493099417e+00
-1.372800000000000011e+02,1.004099121358324354e+00
-1.367599999999999909e+02,1.004096646172123686e+00
-1.362400000000000091e+02,1.004094153701987402e+00
-1.357199999999999989e+02,1.004091669766282724e+00
-1.351999999999999886e+02,1.004089213580891649e+00
-1.346800000000000068e+02,1.004086743689718952e+00
-1.341599999999999966e+02,1.004087453077929570e+00
-1.336400000000000148e+02,1.004090230210338719e+00
-1.331200000000000045e+02,1.004089465818698068e+00
-1.325999999999999943e+02,1.004087025030548919e+00
-1.320800000000000125e+02,1.004084613183074071e+00
-1.315600000000000023e+02,1.004082183345296642e+00
-1.310399999999999920e+02,1.004079788359913517e+00
-1.305199999999999818e+02,1.004077377032191354e+00
-1.300000000000000000e+02,1.004074995919180147e+00
-1.294800000000000182e+02,1.004072595521619871e+00
-1.289600000000000080e+02,1.004070229769470135e+00
-1.284399999999999977e+02,1.004067845276474857e+00
-1.279200000000000017e+02,1.004065494371784162e+00
-1.274000000000000057e+02,1.004063123030087157e+00
-1.268800000000000097e+02,1.004060788446908159e+00
-1.263599999999999852e+02,1.004059599161813088e+00
-1.258400000000000034e+02,1.004062511115299205e+00
-1.253199999999999932e+02,1.004063819034589189e+00
-1.248000000000000114e+02,1.004061513388327054e+00
-1.242800000000000011e+02,1.004059190347405428e+00
-1.237599999999999909e+02,1.004056900326478097e+00
-1.232399999999999949e+02,1.004054592989941375e+00
-1.227199999999999989e+02,1.004052316038659631e+00
-1.222000000000000028e+02,1.004050023949287773e+00
-1.216799999999999926e+02,1.004047762416354184e+00
-1.211599999999999966e+02,1.004045486138914089e+00
-1.206400000000000006e+02,1.004043237443571934e+00
-1.201200000000000045e+02,1.004040999196426753e+00
-1.196000000000000085e+02,1.004038747062522940e+00
-1.190799999999999983e+02,1.004036525299696114e+00
-1.185600000000000023e+02,1.004034285724107134e+00
-1.180400000000000063e+02,1.004036470934788650e+00
-1.175200000000000102e+02,1.004039477727877827e+00
-1.170000000000000000e+02,1.004037707523134371e+00
-1.164799999999999898e+02,1.004035521273278331e+00
-1.159600000000000080e+02,1.004033325624652973e+00
-1.154399999999999977e+02,1.004031155017691690e+00
-1.149200000000000159e+02,1.004028973652674850e+00
-1.143999999999999915e+02,1.004026815775884929e+00
-1.138799999999999955e+02,1.004024652884376145e+00
-1.133599999999999994e+02,1.004022513675791428e+00
-1.128400000000000034e+02,1.004020385527840675e+00
-1.123199999999999932e+02,1.004018239170933802e+00
-1.117999999999999972e+02,1.004016128795261364e+00
-1.112800000000000011e+02,1.004016006197596012e+00
-1.107600000000000051e+02,1.004019144864165103e+00
-1.102399999999999949e+02,1.004019881666983860e+00
-1.097199999999999989e+02,1.004017780192264064e+00
-1.092000000000000028e+02,1.004015705615138421e+00
-1.086800000000000068e+02,1.004013616029743261e+00
-1.081600000000000108e+02,1.004011559109311946e+00
-1.076399999999999864e+02,1.004009512257195036e+00
-1.071200000000000045e+02,1.004007450461265272e+00
-1.065999999999999943e+02,1.004005416082352831e+00
-1.060800000000000125e+02,1.004003392967664610e+00
-1.055599999999999881e+02,1.004001354084266717e+00
-1.050399999999999920e+02,1.004003760264206457e+00
-1.045199999999999960e+02,1.004006970133906496e+00
-1.040000000000000000e+02,1.004005381298380906e+00
-1.034800000000000040e+02,1.004003394843652419e+00
-1.029599999999999937e+02,1.004001401578038077e+00
-1.024399999999999977e+02,1.003999432539774084e+00
-1.019200000000000017e+02,1.003997477662604609e+00
-1.014000000000000057e+02,1.003995502193635092e+00
-1.008799999999999955e+02,1.003993562654929894e+00
-1.003599999999999994e+02,1.003992828850388319e+00
-9.984000000000000341e+01,1.003996118642765056e+00
-9.932000000000000739e+01,1.003997809844408007e+00
-9.880000000000001137e+01,1.003995883495542030e+00
-9.828000000000000114e+01,1.003993983403549173e+00
-9.775999999999999091e+01,1.003992093917694728e+00
-9.724000000000000909e+01,1.003990188099076919e+00
-9.671999999999999886e+01,1.003988316455860064e+00
-9.619999999999998863e+01,1.003986450394600105e+00
-9.567999999999999261e+01,1.003984571646588053e+00
-9.515999999999999659e+01,1.003985950797702031e+00
-9.464000000000000057e+01,1.003989344658117622e+00
-9.412000000000000455e+01,1.003989099984330169e+00
-9.359999999999999432e+01,1.003987256058663347e+00
-9.307999999999999829e+01,1.003985443046569781e+00
-9.256000000000000227e+01,1.003983635830731025e+00
-9.204000000000000625e+01,1.003981820090612320e+00
-9.151999999999999602e+01,1.003980033016710793e+00
-9.100000000000000000e+01,1.003983107886070147e+00
-9.048000000000000398e+01,1.003986508656699916e+00
-8.996000000000000796e+01,1.003984750201326825e+00
-8.944000000000001194e+01,1.003982994993951161e+00
-8.891999999999998749e+01,1.003981233943182394e+00
-8.840000000000000568e+01,1.003979495685210610e+00
-8.787999999999999545e+01,1.003977772209710295e+00
-8.736000000000001364e+01,1.003977269622746027e+00
-8.683999999999998920e+01,1.003980799125636647e+00
-8.631999999999999318e+01,1.003982689373010162e+00
-8.579999999999999716e+01,1.003981002670925049e+00
-8.528000000000000114e+01,1.003979297724179931e+00
-8.476000000000000512e+01,1.003977625467325607e+00
-8.423999999999999488e+01,1.003975960191588523e+00
-8.371999999999999886e+01,1.003974285969071900e+00
-8.320000000000000284e+01,1.003975486252832061e+00
-8.268000000000000682e+01,1.003979084997376203e+00
-8.215999999999999659e+01,1.003979425030277373e+00
-8.164000000000000057e+01,1.003977785282102575e+00
-8.112000000000000455e+01,1.003976176554395083e+00
-8.060000000000000853e+01,1.003974575778591172e+00
-8.007999999999998408e+01,1.003977032387151080e+00
-7.956000000000000227e+01,1.003980662872738350e+00
-7.903999999999999204e+01,1.003979857210409055e+00
-7.852000000000001023e+01,1.003978293273157130e+00
-7.800000000000000000e+01,1.003976718080075381e+00
-7.748000000000000398e+01,1.003975226405264820e+00
-7.695999999999999375e+01,1.003978907983504421e+00
-7.643999999999999773e+01,1.003982152745887646e+00
-7.592000000000000171e+01,1.003980619457498058e+00
-7.540000000000000568e+01,1.003979109628885258e+00
-7.488000000000000966e+01,1.003977616152566865e+00
-7.435999999999999943e+01,1.003977384909361836e+00
-7.384000000000000341e+01,1.003981120227413815e+00
-7.331999999999999318e+01,1.003983218292683111e+00
-7.279999999999999716e+01,1.003981759183106615e+00
-7.228000000000000114e+01,1.003980304814289681e+00
-7.176000000000000512e+01,1.003978842975854047e+00
-7.123999999999999488e+01,1.003979873310371307e+00
-7.071999999999999886e+01,1.003983686360996330e+00
-7.019999999999998863e+01,1.003984622514781488e+00
-6.968000000000000682e+01,1.003983197216873791e+00
-6.915999999999999659e+01,1.003981801805923224e+00
-6.864000000000000057e+01,1.003980415784209601e+00
-6.812000000000000455e+01,1.003982726567629991e+00
-6.759999999999999432e+01,1.003986552146127087e+00
-6.707999999999999829e+01,1.003986343418778349e+00
-6.656000000000000227e+01,1.003984996432539800e+00
-6.604000000000000625e+01,1.003988151350998503e+00
-6.551999999999999602e+01,1.003992034895934138e+00
-6.500000000000000000e+01,1.003991044880043315e+00
-6.448000000000000398e+01,1.003989733817333141e+00
-6.396000000000000085e+01,1.003988439795633125e+00
-6.344000000000000483e+01,1.003987603773060622e+00
-6.292000000000000171e+01,1.003991561388554832e+00
-6.240000000000000568e+01,1.003994641862776094e+00
-6.187999999999999545e+01,1.003993386274534716e+00
-6.135999999999999943e+01,1.003993412846419853e+00
-6.083999999999999631e+01,1.003997369228352365e+00
-6.032000000000000028e+01,1.003999689292411901e+00
-5.980000000000000426e+01,1.003998472572538381e+00
-5.928000000000000114e+01,1.003997261047665290e+00
-5.876000000000000512e+01,1.003996041929366312e+00
-5.823999999999999488e+01,1.003997334315553713e+00
-5.771999999999999886e+01,1.004001390110252023e+00
-5.719999999999999574e+01,1.004002549130907029e+00
-5.667999999999999972e+01,1.004001388340575840e+00
-5.615999999999999659e+01,1.004003520157494833e+00
-5.564000000000000057e+01,1.004007595455434165e+00
-5.511999999999999744e+01,1.004007995064527314e+00
-5.460000000000000142e+01,1.004006875258731002e+00
-5.408000000000000540e+01,1.004005766582178438e+00
-5.356000000000000227e+01,1.004004641287449040e+00
-5.304000000000000625e+01,1.004008061588803624e+00
-5.251999999999999602e+01,1.004012214437498551e+00
-5.200000000000000000e+01,1.004011470807267381e+00
-5.147999999999999687e+01,1.004010461036992874e+00
-5.096000000000000085e+01,1.004014648848785329e+00
-5.043999999999999773e+01,1.004018343513945144e+00
-4.992000000000000171e+01,1.004017318897805211e+00
-4.940000000000000568e+01,1.004017194425101733e+00
-4.887999999999999545e+01,1.004021404082429347e+00
-4.835999999999999943e+01,1.004024315064623529e+00
-4.783999999999999631e+01,1.004023330475125153e+00
-4.732000000000000028e+01,1.004024049292753462e+00
-4.679999999999999716e+01,1.004028317036321782e+00
-4.628000000000000114e+01,1.004030470744107451e+00
-4.575999999999999801e+01,1.004029504532073513e+00
-4.524000000000000199e+01,1.004028567799629679e+00
-4.472000000000000597e+01,1.004027643153823091e+00
-4.420000000000000284e+01,1.004029649150792958e+00
-4.368000000000000682e+01,1.004033977395143884e+00
-4.315999999999999659e+01,1.004034950425181094e+00
-4.264000000000000057e+01,1.004034064146908989e+00
-4.211999999999999744e+01,1.004036915228103677e+00
-4.160000000000000142e+01,1.004041284310569049e+00
-4.107999999999999829e+01,1.004041540129353871e+00
-4.056000000000000227e+01,1.004040695139216233e+00
-4.003999999999999204e+01,1.004044370409775677e+00
-3.951999999999999602e+01,1.004048780690738552e+00
-3.900000000000000000e+01,1.004048258994535425e+00
-3.847999999999999687e+01,1.004047569991745048e+00
-3.796000000000000085e+01,1.004051996524956136e+00
-3.744000000000000483e+01,1.004055907623303767e+00
-3.692000000000000171e+01,1.004055143123667726e+00
-3.639999999999999858e+01,1.004055297530885849e+00
-3.588000000000000256e+01,1.004059786984424107e+00
-3.535999999999999943e+01,1.004062941755672789e+00
-3.484000000000000341e+01,1.004062219136608425e+00
-3.432000000000000028e+01,1.004061479007414270e+00
-3.379999999999999716e+01,1.004060778271087306e+00
-3.328000000000000114e+01,1.004062221012813394e+00
-3.275999999999999801e+01,1.004066770479867143e+00
-3.224000000000000199e+01,1.004068787609820435e+00
-3.172000000000000242e+01,1.004068127980954239e+00
-3.120000000000000284e+01,1.004070376624201621e+00
-3.067999999999999972e+01,1.004074969130296369e+00
-3.016000000000000014e+01,1.004076230219747679e+00
-2.964000000000000057e+01,1.004075610682309438e+00
-2.911999999999999744e+01,1.004078746164597913e+00
-2.859999999999999787e+01,1.004083379921226982e+00
-2.807999999999999829e+01,1.004083841354142637e+00
-2.755999999999999872e+01,1.004083263383765079e+00
-2.704000000000000270e+01,1.004087246280711332e+00
-2.652000000000000313e+01,1.004091923500311623e+00
-2.600000000000000000e+01,1.004091649261288355e+00
-2.548000000000000043e+01,1.004091245554318723e+00
-2.496000000000000085e+01,1.004095962509532924e+00
-2.443999999999999773e+01,1.004100126023683703e+00
-2.391999999999999815e+01,1.004099628461104787e+00
-2.339999999999999858e+01,1.004099132545126061e+00
-2.287999999999999901e+01,1.004098659684611095e+00
-2.236000000000000298e+01,1.004099526542062915e+00
-2.184000000000000341e+01,1.004104308775784826e+00
-2.132000000000000028e+01,1.004107315615357487e+00
-2.080000000000000071e+01,1.004106883146090423e+00
-2.028000000000000114e+01,1.004108596249692953e+00
-1.975999999999999801e+01,1.004113418967422788e+00
-1.923999999999999844e+01,1.004115690076243128e+00
-1.872000000000000242e+01,1.004115301018386308e+00
-1.819999999999999929e+01,1.004117881923430211e+00
-1.767999999999999972e+01,1.004122726063551241e+00
-1.716000000000000014e+01,1.004124222351502338e+00
-1.664000000000000057e+01,1.004123876606909826e+00
-1.612000000000000099e+01,1.004123543364201288e+00
-1.560000000000000142e+01,1.004123219463346262e+00
-1.508000000000000007e+01,1.004127090317998405e+00
-1.455999999999999872e+01,1.004131999943573383e+00
-1.403999999999999915e+01,1.004132339521855988e+00
-1.352000000000000135e+01,1.004132058859595444e+00
-1.300000000000000000e+01,1.004136778296238042e+00
-1.248000000000000043e+01,1.004141596891987787e+00
-1.195999999999999908e+01,1.004141355982731243e+00
-1.143999999999999950e+01,1.004141118147821032e+00
-1.092000000000000171e+01,1.004140898434524587e+00
-1.040000000000000036e+01,1.004141635761628626e+00
-9.879999999999999005e+00,1.004146651945512891e+00
-9.360000000000001208e+00,1.004150318130627273e+00
-8.839999999999999858e+00,1.004150144706031700e+00
-8.320000000000000284e+00,1.004149975389036165e+00
-7.800000000000000711e+00,1.004149820899654655e+00
-7.279999999999999361e+00,1.004151850705759852e+00
-6.760000000000000675e+00,1.004156934769428577e+00
-6.240000000000000213e+00,1.004159444642857224e+00
-5.719999999999999751e+00,1.004159335941306797e+00
-5.200000000000000178e+00,1.004162216079985681e+00
-4.680000000000000604e+00,1.004167362558625820e+00
-4.160000000000000142e+00,1.004169119831298529e+00
-3.639999999999999680e+00,1.004169053883102070e+00
-3.120000000000000107e+00,1.004169000776102161e+00
-2.600000000000000089e+00,1.004168956355879105e+00
-2.080000000000000071e+00,1.004168904372942928e+00
-1.560000000000000053e+00,1.004168881582010453e+00
-1.040000000000000036e+00,1.004173477762924760e+00
-5.200000000000000178e-01,1.004178709939315794e+00
-0.000000000000000000e+00,1.004178957287553908e+00
5.200000000000000178e-01,1.004178980210625349e+00
1.040000000000000036e+00,1.004179022449153802e+00
1.560000000000000053e+00,1.004179639374458866e+00
2.080000000000000071e+00,1.004184938238017688e+00
2.600000000000000089e+00,1.004189222901227030e+00
3.120000000000000107e+00,1.004189310231929477e+00
3.639999999999999680e+00,1.004189399881518785e+00
4.160000000000000142e+00,1.004189508834885114e+00
4.680000000000000604e+00,1.004191417384777907e+00
5.200000000000000178e+00,1.004196764739414549e+00
5.719999999999999751e+00,1.004199939881177839e+00
6.240000000000000213e+00,1.004200094454207992e+00
6.760000000000000675e+00,1.004200234223945554e+00
7.279999999999999361e+00,1.004200409332106192e+00
7.800000000000000711e+00,1.004200594640096922e+00
8.320000000000000284e+00,1.004200791303901052e+00
8.839999999999999858e+00,1.004201000669285637e+00
9.360000000000001208e+00,1.004201221832343727e+00
9.879999999999999005e+00,1.004205275222578297e+00
1.040000000000000036e+01,1.004210732265996997e+00
1.092000000000000171e+01,1.004212001022155132e+00
1.143999999999999950e+01,1.004212243148750794e+00
1.195999999999999908e+01,1.004212524724269917e+00
1.248000000000000043e+01,1.004212812457495829e+00
1.300000000000000000e+01,1.004213117819051426e+00
1.352000000000000135e+01,1.004213427591580610e+00
1.403999999999999915e+01,1.004213755629236982e+00
1.455999999999999872e+01,1.004214697467860073e+00
1.508000000000000007e+01,1.004220282461510072e+00
1.560000000000000142e+01,1.004224857200436416e+00
1.612000000000000099e+01,1.004225233317356913e+00
1.664000000000000057e+01,1.004225589946137420e+00
1.716000000000000014e+01,1.004225987538994502e+00
1.767999999999999972e+01,1.004226389629078398e+00
1.819999999999999929e+01,1.004226811218065896e+00
1.872000000000000242e+01,1.004227238864144001e+00
1.923999999999999844e+01,1.004227681375964965e+00
1.975999999999999801e+01,1.004228132022346287e+00
2.028000000000000114e+01,1.004228596495471360e+00
2.080000000000000071e+01,1.004229071168776022e+00
2.132000000000000028e+01,1.004229537170225006e+00
2.184000000000000341e+01,1.004230036329380127e+00
2.236000000000000298e+01,1.004230546168902505e+00
2.287999999999999901e+01,1.004231068265344584e+00
2.339999999999999858e+01,1.004231599160860799e+00
2.391999999999999815e+01,1.004236367251066353e+00
2.443999999999999773e+01,1.004242155507885981e+00
2.496000000000000085e+01,1.004243318098395399e+00
2.548000000000000043e+01,1.004243894348978650e+00
2.600000000000000000e+01,1.004244490328811912e+00
2.652000000000000313e+01,1.004245090568368415e+00
2.704000000000000270e+01,1.004245688010035442e+00
2.755999999999999872e+01,1.004246309659208913e+00
2.807999999999999829e+01,1.004246952084796307e+00
2.859999999999999787e+01,1.004247596127733511e+00
2.911999999999999744e+01,1.004248262962937455e+00
2.964000000000000057e+01,1.004248933022868329e+00
3.016000000000000014e+01,1.004249623343922648e+00
3.067999999999999972e+01,1.004250318179960688e+00
3.120000000000000284e+01,1.004251027397901730e+00
3.172000000000000242e+01,1.004251743814300379e+00
3.224000000000000199e+01,1.004252455409315292e+00
3.275999999999999801e+01,1.004253197184650448e+00
3.328000000000000114e+01,1.004253954768988821e+00
3.379999999999999716e+01,1.004251665477087663e+00
3.432000000000000028e+01,1.004247229683729925e+00
3.484000000000000341e+01,1.004246243014132123e+00
3.535999999999999943e+01,1.004247042862501438e+00
3.588000000000000256e+01,1.004247856927067639e+00
3.639999999999999858e+01,1.004248681225760276e+00
3.692000000000000171e+01,1.004249520620192682e+00
3.744000000000000483e+01,1.004250368852699360e+00
3.796000000000000085e+01,1.004251230179365573e+00
3.847999999999999687e+01,1.004252074862195476e+00
3.900000000000000000e+01,1.004252961111695708e+00
3.951999999999999602e+01,1.004253851635722894e+00
4.003999999999999204e+01,1.004254763252366400e+00
4.056000000000000227e+01,1.004255677569189986e+00
4.107999999999999829e+01,1.004256612701247553e+00
4.160000000000000142e+01,1.004256498856144653e+00
4.211999999999999744e+01,1.004252222419999230e+00
4.264000000000000057e+01,1.004249400763870259e+00
4.315999999999999659e+01,1.004250381689027805e+00
4.368000000000000682e+01,1.004251367159992636e+00
4.420000000000000284e+01,1.004252371793187271e+00
4.472000000000000597e+01,1.004253359785668653e+00
4.524000000000000199e+01,1.004254382903663867e+00
4.575999999999999801e+01,1.004255415131852125e+00
4.628000000000000114e+01,1.004256462081114076e+00
4.679999999999999716e+01,1.004254464204465958e+00
4.732000000000000028e+01,1.004250301713631499e+00
4.783999999999999631e+01,1.004249626520287597e+00
4.835999999999999943e+01,1.004250718733579628e+00
4.887999999999999545e+01,1.004251823513891750e+00
4.940000000000000568e+01,1.004252937058450978e+00
4.992000000000000171e+01,1.004254066817807267e+00
5.043999999999999773e+01,1.004255204189460127e+00
5.096000000000000085e+01,1.004251656314909980e+00
5.147999999999999687e+01,1.004247581656829702e+00
5.200000000000000000e+01,1.004248626503182473e+00
5.251999999999999602e+01,1.004249809008829208e+00
5.304000000000000625e+01,1.004251010358779395e+00
5.356000000000000227e+01,1.004251545720239447e+00
5.408000000000000540e+01,1.004247539526353705e+00
5.460000000000000142e+01,1.004244623651190382e+00
5.511999999999999744e+01,1.004245870093010806e+00
5.564000000000000057e+01,1.004247119802731403e+00
5.615999999999999659e+01,1.004248392704805593e+00
5.667999999999999972e+01,1.004247778722563433e+00
5.719999999999999574e+01,1.004243855616903991e+00
5.771999999999999886e+01,1.004242171361755531e+00
5.823999999999999488e+01,1.004243486330803403e+00
5.876000000000000512e+01,1.004244809556771312e+00
5.928000000000000114e+01,1.004246145881982688e+00
5.980000000000000426e+01,1.004244417807024448e+00
6.032000000000000028e+01,1.004240544563502757e+00
6.083999999999999631e+01,1.004240178225651148e+00
6.135999999999999943e+01,1.004241559117836191e+00
6.187999999999999545e+01,1.004239057428908177e+00
6.240000000000000568e+01,1.004235226342347298e+00
6.292000000000000171e+01,1.004235728490525892e+00
6.344000000000000483e+01,1.004237155069091614e+00
6.396000000000000085e+01,1.004238597809537392e+00
6.448000000000000398e+01,1.004240045217970057e+00
6.500000000000000000e+01,1.004236372052179194e+00
6.551999999999999602e+01,1.004232915988755082e+00
6.604000000000000625e+01,1.004234404358491428e+00
6.656000000000000227e+01,1.004235206882024167e+00
6.707999999999999829e+01,1.004231487144557899e+00
6.759999999999999432e+01,1.004228857776127137e+00
6.812000000000000455e+01,1.004230392792893722e+00
6.864000000000000057e+01,1.004230441623537251e+00
6.915999999999999659e+01,1.004226767005080623e+00
6.968000000000000682e+01,1.004225007531643898e+00
7.019999999999998863e+01,1.004226587667770954e+00
7.071999999999999886e+01,1.004225881922478081e+00
7.123999999999999488e+01,1.004222249894312080e+00
7.176000000000000512e+01,1.004221338240235628e+00
7.228000000000000114e+01,1.004222960510006590e+00
7.279999999999999716e+01,1.004221458454037208e+00
7.331999999999999318e+01,1.004217871611901680e+00
7.384000000000000341e+01,1.004214313424799165e+00
7.435999999999999943e+01,1.004210744808790245e+00
7.488000000000000966e+01,1.004211125475921396e+00
7.540000000000000568e+01,1.004212814536019405e+00
7.592000000000000171e+01,1.004210183527877609e+00
7.643999999999999773e+01,1.004206662951172335e+00
7.695999999999999375e+01,1.004207892809207081e+00
7.748000000000000398e+01,1.004209623951388908e+00
7.800000000000000000e+01,1.004206255908496992e+00
7.852000000000001023e+01,1.004202777358715659e+00
7.903999999999999204e+01,1.004199316007040821e+00
7.956000000000000227e+01,1.004196581645266262e+00
8.007999999999998408e+01,1.004198378890648335e+00
8.060000000000000853e+01,1.004199050488947309e+00
8.112000000000000455e+01,1.004195632793266180e+00
8.164000000000000057e+01,1.004193748997584734e+00
8.215999999999999659e+01,1.004195588361977531e+00
8.268000000000000682e+01,1.004195504236563341e+00
8.320000000000000284e+01,1.004192133993223157e+00
8.371999999999999886e+01,1.004188788983572334e+00
8.423999999999999488e+01,1.004185436936938514e+00
8.476000000000000512e+01,1.004184824807654586e+00
8.528000000000000114e+01,1.004186728020307617e+00
8.579999999999999716e+01,1.004185509371960716e+00
8.631999999999999318e+01,1.004182202919270406e+00
8.683999999999998920e+01,1.004178925108030418e+00
8.736000000000001364e+01,1.004175637286776945e+00
8.787999999999999545e+01,1.004176317394423812e+00
8.840000000000000568e+01,1.004178286332107373e+00
8.891999999999998749e+01,1.004175915638827687e+00
8.944000000000001194e+01,1.004172672345547745e+00
8.996000000000000796e+01,1.004169440258288359e+00
9.048000000000000398e+01,1.004166215785295080e+00
9.100000000000000000e+01,1.004163011509009662e+00
9.151999999999999602e+01,1.004160154016033424e+00
9.204000000000000625e+01,1.004162203836803879e+00
9.256000000000000227e+01,1.004163529340885264e+00
9.307999999999999829e+01,1.004160370564902482e+00
9.359999999999999432e+01,1.004157213222780509e+00
9.412000000000000455e+01,1.004154092232524720e+00
9.464000000000000057e+01,1.004150956192598976e+00
9.515999999999999659e+01,1.004147839837870260e+00
9.567999999999999261e+01,1.004146675723721627e+00
9.619999999999998863e+01,1.004148811561789811e+00
9.671999999999999886e+01,1.004148604544167656e+00
9.724000000000000909e+01,1.004145546842309278e+00
9.775999999999999091e+01,1.004142478488414314e+00
9.828000000000000114e+01,1.004139422821296090e+00
9.880000000000001137e+01,1.004136396330598036e+00
9.932000000000000739e+01,1.004133339899006216e+00
9.984000000000000341e+01,1.004133888762104965e+00
1.003599999999999994e+02,1.004136108956290574e+00
1.008799999999999955e+02,1.004134367860755495e+00
1.014000000000000057e+02,1.004131372851997606e+00
1.019200000000000017e+02,1.004128412076400023e+00
1.024399999999999977e+02,1.004125438330839115e+00
1.029599999999999937e+02,1.004122481218968188e+00
1.034800000000000040e+02,1.004119547703443693e+00
1.040000000000000000e+02,1.004116613383839729e+00
1.045199999999999960e+02,1.004114044865372035e+00
1.050399999999999920e+02,1.004116366614805189e+00
1.055599999999999881e+02,1.004117925916274467e+00
1.060800000000000125e+02,1.004115033934743773e+00
1.065999999999999943e+02,1.004112163043283656e+00
1.071200000000000045e+02,1.004109292852969793e+00
1.076399999999999864e+02,1.004106425121583213e+00
1.081600000000000108e+02,1.004103591718046085e+00
1.086800000000000068e+02,1.004100744725839212e+00
1.092000000000000028e+02,1.004097913891339067e+00
1.097199999999999989e+02,1.004095086780068868e+00
1.102399999999999949e+02,1.004092276671695760e+00
1.107600000000000051e+02,1.004092244639392728e+00
1.112800000000000011e+02,1.004094689061056034e+00
1.117999999999999972e+02,1.004093972054879602e+00
1.123199999999999932e+02,1.004091201843913650e+00
1.128400000000000034e+02,1.004088460823463924e+00
1.133599999999999994e+02,1.004085708806430999e+00
1.138799999999999955e+02,1.004082970359191584e+00
1.143999999999999915e+02,1.004080258703955675e+00
1.149200000000000159e+02,1.004077542482842977e+00
1.154399999999999977e+02,1.004074833362696539e+00
1.159600000000000080e+02,1.004072156972587671e+00
1.164799999999999898e+02,1.004069466077688544e+00
1.170000000000000000e+02,1.004071987883669248e+00
1.175200000000000102e+02,1.004074188752497099e+00
1.180400000000000063e+02,1.004071536093654737e+00
1.185600000000000023e+02,1.004068884620539670e+00
1.190799999999999983e+02,1.004066270758404045e+00
1.196000000000000085e+02,1.004063639538555375e+00
1.201200000000000045e+02,1.004061027802546580e+00
1.206400000000000006e+02,1.004058415731627685e+00
1.211599999999999966e+02,1.004055822258816288e+00
1.216799999999999926e+02,1.004053233315074234e+00
1.222000000000000028e+02,1.004050677509282341e+00
1.227199999999999989e+02,1.004048109327337457e+00
1.232399999999999949e+02,1.004045555210689278e+00
1.237599999999999909e+02,1.004043027815870737e+00
1.242800000000000011e+02,1.004040492832032783e+00
1.248000000000000114e+02,1.004041176243234634e+00
1.253199999999999932e+02,1.004043894856453178e+00
1.258400000000000034e+02,1.004043013228778758e+00
1.263599999999999852e+02,1.004040514519997540e+00
1.268800000000000097e+02,1.004038048744539724e+00
1.274000000000000057e+02,1.004035571316694853e+00
1.279200000000000017e+02,1.004033107019237647e+00
1.284399999999999977e+02,1.004030666888449330e+00
1.289600000000000080e+02,1.004028224748698683e+00
1.294800000000000182e+02,1.004025786688348187e+00
1.300000000000000000e+02,1.004023381911793633e+00
1.305199999999999818e+02,1.004020959946132718e+00
1.310399999999999920e+02,1.004018555267685686e+00
1.315600000000000023e+02,1.004016152053891497e+00
1.320800000000000125e+02,1.004013788514444450e+00
1.325999999999999943e+02,1.004011386033053954e+00
1.331200000000000045e+02,1.004009022241563409e+00
1.336400000000000148e+02,1.004008284338173240e+00
1.341599999999999966e+02,1.004011169485682586e+00
1.346800000000000068e+02,1.004012054791249220e+00
1.351999999999999886e+02,1.004009727680125419e+00
1.357199999999999989e+02,1.004007406754728438e+00
1.362400000000000091e+02,1.004005117401311598e+00
1.367599999999999909e+02,1.004002815071654897e+00
1.372800000000000011e+02,1.004000522409455254e+00
1.377999999999999829e+02,1.003998239682165394e+00
1.383199999999999932e+02,1.003995987227034981e+00
1.388400000000000034e+02,1.003993724251611930e+00
1.393600000000000136e+02,1.003991468354188843e+00
1.398799999999999955e+02,1.003989245057115731e+00
1.403999999999999773e+02,1.003987010422889181e+00
1.409200000000000159e+02,1.003984786712593280e+00
1.414399999999999977e+02,1.003982587365493506e+00
1.419600000000000080e+02,1.003980382918394199e+00
1.424799999999999898e+02,1.003978182359044347e+00
1.430000000000000000e+02,1.003976016617964984e+00
1.435200000000000102e+02,1.003974255190802189e+00
1.440399999999999920e+02,1.003977321351739560e+00
1.445600000000000023e+02,1.003979567870384226e+00
1.450799999999999841e+02,1.003977422951608078e+00
1.455999999999999943e+02,1.003975257060501836e+00
1.461200000000000045e+02,1.003973146748183165e+00
1.466399999999999864e+02,1.003971020368407352e+00
1.471599999999999966e+02,1.003968907237374975e+00
1.476800000000000068e+02,1.003966817777535825e+00
1.481999999999999886e+02,1.003964725724503682e+00
1.487199999999999989e+02,1.003962638199141555e+00
1.492400000000000091e+02,1.003960581027396159e+00
1.497600000000000193e+02,1.003958510727630982e+00
1.502800000000000011e+02,1.003956450522555555e+00
1.508000000000000114e+02,1.003954417491826900e+00
1.513199999999999932e+02,1.003952375364751459e+00
1.518400000000000034e+02,1.003950343419749647e+00
1.523600000000000136e+02,1.003948319489201157e+00
1.528799999999999955e+02,1.003950373912269489e+00
1.534000000000000057e+02,1.003953599539427755e+00
1.539199999999999875e+02,1.003952387840495897e+00
1.544399999999999977e+02,1.003950398254781051e+00
1.549600000000000080e+02,1.003948421180046013e+00
1.554799999999999898e+02,1.003946466985197628e+00
1.560000000000000000e+02,1.003944506449462981e+00
1.565199999999999818e+02,1.003942548599455087e+00
1.570400000000000205e+02,1.003940627536043850e+00
1.575600000000000023e+02,1.003938688264035539e+00
1.580799999999999841e+02,1.003936764639624224e+00
1.585999999999999943e+02,1.003934842620882728e+00
1.591200000000000045e+02,1.003932956764108653e+00
1.596400000000000148e+02,1.003931054364423758e+00
1.601599999999999682e+02,1.003929143004789637e+00
1.606800000000000068e+02,1.003929320077264986e+00
1.612000000000000171e+02,1.003932680257597632e+00
1.617199999999999989e+02,1.003933600289179884e+00
1.622400000000000091e+02,1.003931742810398875e+00
1.627599999999999909e+02,1.003929892225821741e+00
1.632800000000000011e+02,1.003928072415110506e+00
1.637999999999999829e+02,1.003926239054729885e+00
1.643199999999999932e+02,1.003924413407215832e+00
1.648400000000000318e+02,1.003922597637872283e+00
1.653600000000000136e+02,1.003920809063217900e+00
1.658799999999999955e+02,1.003919010993703731e+00
1.664000000000000057e+02,1.003917219572316499e+00
1.669200000000000159e+02,1.003915457638679509e+00
1.674399999999999977e+02,1.003913681795292279e+00
1.679599999999999795e+02,1.003911918451905416e+00
1.684799999999999898e+02,1.003910234627224618e+00
1.690000000000000000e+02,1.003913721408034254e+00
1.695200000000000102e+02,1.003916751824721176e+00
1.700400000000000205e+02,1.003915022272200641e+00
1.705600000000000023e+02,1.003913294256956856e+00
1.710800000000000125e+02,1.003911581362493699e+00
1.715999999999999943e+02,1.003909889199116945e+00
1.721200000000000045e+02,1.003908192446020031e+00
1.726399999999999864e+02,1.003906498130606728e+00
1.731599999999999966e+02,1.003904836125286693e+00
1.736799999999999784e+02,1.003903159006930057e+00
1.742000000000000171e+02,1.003901493440610304e+00
1.747200000000000273e+02,1.003899851607450433e+00
1.752400000000000091e+02,1.003898199333397301e+00
1.757599999999999909e+02,1.003899416472747275e+00
1.762800000000000011e+02,1.003903016108624424e+00
1.768000000000000114e+02,1.003903337140591434e+00
1.773199999999999932e+02,1.003901716524244980e+00
1.778399999999999750e+02,1.003900123995211890e+00
1.783599999999999852e+02,1.003898518927795580e+00
1.788800000000000239e+02,1.003896923131736285e+00
1.794000000000000057e+02,1.003895350232740125e+00
1.799200000000000159e+02,1.003893769957590498e+00
1.804399999999999977e+02,1.003892194077301347e+00
1.809600000000000080e+02,1.003890649998241846e+00
1.814799999999999898e+02,1.003889089790112044e+00
1.820000000000000000e+02,1.003887543769109492e+00
1.825199999999999818e+02,1.003886496291017005e+00
1.830399999999999920e+02,1.003890197669664364e+00
1.835600000000000023e+02,1.003893003072859003e+00
1.840800000000000125e+02,1.003891504292873327e+00
1.846000000000000227e+02,1.003889988062737437e+00
1.851200000000000045e+02,1.003888485711821543e+00
1.856399999999999864e+02,1.003887005620685891e+00
1.861599999999999966e+02,1.003885519559586603e+00
1.866800000000000068e+02,1.003884036999888041e+00
1.871999999999999886e+02,1.003882582629825437e+00
1.877199999999999704e+02,1.003881114136796704e+00
1.882400000000000091e+02,1.003879654273804656e+00
1.887600000000000193e+02,1.003878220010812505e+00
1.892800000000000011e+02,1.003876775741980198e+00
1.898000000000000114e+02,1.003878642246008424e+00
1.903199999999999932e+02,1.003882445007213242e+00
1.908400000000000034e+02,1.003882549435437532e+00
1.913599999999999852e+02,1.003881131863312293e+00
1.918799999999999955e+02,1.003879743459606955e+00
1.923999999999999773e+02,1.003878341517868478e+00
1.929200000000000159e+02,1.003876948671869940e+00
1.934399999999999977e+02,1.003875556897851684e+00
1.939600000000000080e+02,1.003874178563183062e+00
1.944800000000000182e+02,1.003872803412311221e+00
1.950000000000000000e+02,1.003871460363369827e+00
1.955199999999999818e+02,1.003870100752898287e+00
1.960399999999999920e+02,1.003868751144006533e+00
1.965600000000000023e+02,1.003868318980261964e+00
1.970799999999999841e+02,1.003872218875459854e+00
1.976000000000000227e+02,1.003874802490765328e+00
1.981200000000000045e+02,1.003873501205020391e+00
1.986400000000000148e+02,1.003872183600212464e+00
1.991599999999999966e+02,1.003870876225447351e+00
1.996800000000000068e+02,1.003869590637809228e+00
2.001999999999999886e+02,1.003868294044331533e+00
2.007199999999999989e+02,1.003867002975400213e+00
2.012399999999999807e+02,1.003865741520922450e+00
2.017599999999999909e+02,1.003864466124151145e+00
2.022800000000000296e+02,1.003863198094220088e+00
2.028000000000000114e+02,1.003861956365868835e+00
2.033199999999999932e+02,1.003860701969097491e+00
2.038400000000000034e+02,1.003863196925592893e+00
2.043600000000000136e+02,1.003867186625879038e+00
2.048799999999999955e+02,1.003867041627214407e+00
2.053999999999999773e+02,1.003865813428900244e+00
2.059199999999999875e+02,1.003864612053032790e+00
2.064399999999999977e+02,1.003863394515548180e+00
2.069600000000000080e+02,1.003862187513940629e+00
2.074800000000000182e+02,1.003861002206492881e+00
2.080000000000000000e+02,1.003859809338045306e+00
2.085200000000000102e+02,1.003858618050704976e+00
2.090399999999999920e+02,1.003857458439964212e+00
2.095600000000000023e+02,1.003856280662553280e+00
2.100799999999999841e+02,1.003855113019882728e+00
2.105999999999999943e+02,1.003855284309491891e+00
2.111199999999999761e+02,1.003859363252017856e+00
2.116400000000000148e+02,1.003861706409347132e+00
2.121600000000000250e+02,1.003860584591223404e+00
2.126800000000000068e+02,1.003859446140556333e+00
2.131999999999999886e+02,1.003858293289102255e+00
2.137199999999999989e+02,1.003857186537648216e+00
2.142400000000000091e+02,1.003856068778281152e+00
2.147599999999999909e+02,1.003854957056864228e+00
2.152799999999999727e+02,1.003853871435447020e+00
2.157999999999999829e+02,1.003852771344066808e+00
2.163200000000000216e+02,1.003851674690720008e+00
2.168400000000000034e+02,1.003850587193499733e+00
2.173600000000000136e+02,1.003849525770189155e+00
2.178799999999999955e+02,1.003848452367659183e+00
2.184000000000000057e+02,1.003847381844348741e+00
2.189199999999999875e+02,1.003850903572905295e+00
2.194399999999999977e+02,1.003855077701812037e+00
2.199599999999999795e+02,1.003854295869368585e+00
2.204799999999999898e+02,1.003853249543114945e+00
2.210000000000000000e+02,1.003852212310671677e+00
2.215200000000000102e+02,1.003851195836285015e+00
2.220400000000000205e+02,1.003850169737351194e+00
2.225600000000000023e+02,1.003849145164015022e+00
2.230799999999999841e+02,1.003848130128628613e+00
2.235999999999999943e+02,1.003847135946508651e+00
2.241200000000000045e+02,1.003846134411121804e+00
2.246399999999999864e+02,1.003845135129002086e+00
2.251599999999999682e+02,1.003844162800685336e+00
2.256800000000000068e+02,1.003843175489495865e+00
2.262000000000000171e+02,1.003842197365432565e+00
2.267199999999999989e+02,1.003841241261312911e+00
2.272400000000000091e+02,1.003840271136900331e+00
2.277599999999999909e+02,1.003839306960800259e+00
2.282800000000000011e+02,1.003838368986717189e+00
2.287999999999999829e+02,1.003840796697394122e+00
2.293199999999999932e+02,1.003845081114347781e+00
2.298400000000000318e+02,1.003845591829115147e+00
2.303600000000000136e+02,1.003844655914138739e+00
2.308799999999999955e+02,1.003843727119942741e+00
2.314000000000000057e+02,1.003842820860656460e+00
2.319200000000000159e+02,1.003841903077790532e+00
2.324399999999999977e+02,1.003840988390664490e+00
2.329599999999999795e+02,1.003840101855574707e+00
2.334799999999999898e+02,1.003839197168449049e+00
2.340000000000000000e+02,1.003838300111359771e+00
2.345200000000000102e+02,1.003837423115270022e+00
2.350400000000000205e+02,1.003836539677237960e+00
2.355600000000000023e+02,1.003835656659148645e+00
2.360800000000000125e+02,1.003834778702058506e+00
2.365999999999999943e+02,1.003833904869166238e+00
2.371200000000000045e+02,1.003833043038203643e+00
2.376399999999999864e+02,1.003832182732981471e+00
2.381599999999999966e+02,1.003831347502019078e+00
2.386799999999999784e+02,1.003830496366183267e+00
2.392000000000000171e+02,1.003829652629030900e+00
2.397200000000000273e+02,1.003828832093194734e+00
2.402400000000000091e+02,1.003827998958939149e+00
2.407599999999999909e+02,1.003827168852173601e+00
2.412800000000000011e+02,1.003826363003114563e+00
2.418000000000000114e+02,1.003825543596179148e+00
2.423199999999999932e+02,1.003824728619450379e+00
2.428399999999999750e+02,1.003823939218354555e+00
2.433599999999999852e+02,1.003823135347295725e+00
2.438800000000000239e+02,1.003822338031396866e+00
2.444000000000000057e+02,1.003821563823704910e+00
2.449200000000000159e+02,1.003825379203895807e+00
2.454399999999999977e+02,1.003829826862873587e+00
2.459600000000000080e+02,1.003829278854045048e+00
2.464799999999999898e+02,1.003828503735203492e+00
2.470000000000000000e+02,1.003827735645080876e+00
2.475199999999999818e+02,1.003826987665239256e+00
2.480399999999999920e+02,1.003826230705503697e+00
2.485600000000000023e+02,1.003825474126711637e+00
2.490800000000000125e+02,1.003824744805976277e+00
2.496000000000000227e+02,1.003823997412911284e+00
2.501200000000000045e+02,1.003823258963106202e+00
2.506399999999999864e+02,1.003822541209040908e+00
2.511599999999999966e+02,1.003821810922515878e+00
2.516800000000000068e+02,1.003821083187506957e+00
2.521999999999999886e+02,1.003820360438931969e+00
2.527199999999999704e+02,1.003819660814903481e+00
2.532400000000000091e+02,1.003818949157365026e+00
2.537600000000000193e+02,1.003818242056566890e+00
2.542800000000000011e+02,1.003817559565698625e+00
2.548000000000000114e+02,1.003816861028796747e+00
2.553199999999999932e+02,1.003816164910258157e+00
2.558400000000000034e+02,1.003815494078497128e+00
2.563600000000000136e+02,1.003814808768915601e+00
2.568799999999999955e+02,1.003814128308083697e+00
2.573999999999999773e+02,1.003813469504341915e+00
2.579200000000000159e+02,1.003812800111580250e+00
2.584399999999999977e+02,1.003812132837875737e+00
2.589600000000000364e+02,1.003811489167294013e+00
2.594800000000000182e+02,1.003810827404569395e+00
2.600000000000000000e+02,1.003810174791694987e+00
2.605199999999999818e+02,1.003809523556989935e+00
2.610399999999999636e+02,1.003808899045515401e+00
2.615600000000000023e+02,1.003808255943970495e+00
2.620799999999999841e+02,1.003807598961132586e+00
2.626000000000000227e+02,1.003806983527657737e+00
2.631200000000000045e+02,1.003806356044820047e+00
2.636399999999999864e+02,1.003805730102381943e+00
2.641600000000000250e+02,1.003805129286563957e+00
2.646800000000000068e+02,1.003804512844126196e+00
2.651999999999999886e+02,1.003803903439288270e+00
2.657199999999999704e+02,1.003800679454557088e+00
2.662400000000000091e+02,1.003794842179139168e+00
2.667599999999999909e+02,1.003792064627568204e+00
2.672800000000000296e+02,1.003791468370857087e+00
2.678000000000000114e+02,1.003790895858285737e+00
2.683199999999999932e+02,1.003790307612904664e+00
2.688400000000000318e+02,1.003789724461333410e+00
2.693600000000000136e+02,1.003789163067819290e+00
2.698799999999999955e+02,1.003788588389108005e+00
2.703999999999999773e+02,1.003788015934593769e+00
2.709199999999999591e+02,1.003787469042129787e+00
2.714399999999999977e+02,1.003786904587615325e+00
2.719600000000000364e+02,1.003786346633100734e+00
2.724800000000000182e+02,1.003785790274327017e+00
2.730000000000000000e+02,1.003785257919812546e+00
2.735199999999999818e+02,1.003784706624405221e+00
2.740400000000000205e+02,1.003784165962157582e+00
2.745600000000000023e+02,1.003783644674313580e+00
2.750799999999999841e+02,1.003783109445926192e+00
2.755999999999999659e+02,1.003782574783678605e+00
2.761200000000000045e+02,1.003782063654941048e+00
2.766399999999999864e+02,1.003781536054660251e+00
2.771600000000000250e+02,1.003781016392942815e+00
2.776800000000000068e+02,1.003780517460732158e+00
2.781999999999999886e+02,1.003780002893174705e+00
2.787200000000000273e+02,1.003779491927633938e+00
2.792400000000000091e+02,1.003779004458353441e+00
2.797599999999999909e+02,1.003778501492812891e+00
2.802799999999999727e+02,1.003778003055292078e+00
2.807999999999999545e+02,1.003777507719788353e+00
2.813199999999999932e+02,1.003777033422667664e+00
2.818400000000000318e+02,1.003776543709344216e+00
2.823600000000000136e+02,1.003776055310823034e+00
2.828799999999999955e+02,1.003775593632409313e+00
2.833999999999999773e+02,1.003775116364975739e+00
2.839200000000000159e+02,1.003774641190652073e+00
2.844399999999999977e+02,1.003774185551237652e+00
2.849599999999999795e+02,1.003768638867950980e+00
2.854799999999999613e+02,1.003763208667537210e+00
2.860000000000000000e+02,1.003762747152320278e+00
2.865199999999999818e+02,1.003762304579926434e+00
2.870400000000000205e+02,1.003761853592379349e+00
2.875600000000000023e+02,1.003761402616162535e+00
2.880799999999999841e+02,1.003760973200945594e+00
2.886000000000000227e+02,1.003760526280418341e+00
2.891200000000000045e+02,1.003760085840078364e+00
2.896399999999999864e+02,1.003759665963861014e+00
2.901599999999999682e+02,1.003759233173371124e+00
2.906800000000000068e+02,1.003758801830314296e+00
2.911999999999999886e+02,1.003758372068893845e+00
2.917200000000000273e+02,1.003757963861713787e+00
2.922400000000000091e+02,1.003757542071223474e+00
2.927599999999999909e+02,1.003757101387273476e+00
2.932799999999999727e+02,1.003756706235782836e+00
2.938000000000000114e+02,1.003756295104399898e+00
2.943199999999999932e+02,1.003755886458399749e+00
2.948400000000000318e+02,1.003755499937996509e+00
2.953600000000000136e+02,1.003755096439773009e+00
2.958799999999999955e+02,1.003754696321442763e+00
2.963999999999999773e+02,1.003754317301389642e+00
2.969200000000000159e+02,1.003753922842165913e+00
2.974399999999999977e+02,1.003753529973979708e+00
2.979599999999999795e+02,1.003753162614756222e+00
2.984800000000000182e+02,1.003752777655533057e+00
2.990000000000000000e+02,1.003752397326346468e+00
2.995200000000000387e+02,1.003751349367123069e+00
3.000400000000000205e+02,1.003745757765956537e+00
3.005600000000000023e+02,1.003741236775770540e+00
3.010799999999999841e+02,1.003740869974253380e+00
3.016000000000000227e+02,1.003740522784066558e+00
3.021200000000000045e+02,1.003740159011970556e+00
3.026399999999999864e+02,1.003739795906980703e+00
3.031599999999999682e+02,1.003739437183813754e+00
3.036800000000000068e+02,1.003739099735564411e+00
3.042000000000000455e+02,1.003738745984378067e+00
3.047200000000000273e+02,1.003738394475478080e+00
3.052400000000000091e+02,1.003738065471018404e+00
3.057599999999999909e+02,1.003737720934098521e+00
3.062799999999999727e+02,1.003737380923799272e+00
3.068000000000000114e+02,1.003737060959739136e+00
3.073199999999999932e+02,1.003736723489489613e+00
3.078399999999999750e+02,1.003736389081556712e+00
3.083600000000000136e+02,1.003736075778326908e+00
3.088799999999999955e+02,1.003735747427134006e+00
3.094000000000000341e+02,1.003735420468214290e+00
3.099200000000000159e+02,1.003735118256021464e+00
3.104399999999999977e+02,1.003734799443828596e+00
3.109599999999999795e+02,1.003734482103965764e+00
3.114800000000000182e+02,1.003734165830772795e+00
3.120000000000000000e+02,1.003733870803776851e+00
3.125199999999999818e+02,1.003733557030583867e+00
3.130399999999999636e+02,1.003733251324410825e+00
3.135600000000000023e+02,1.003732964836415054e+00
3.140800000000000409e+02,1.003732664183328849e+00
3.146000000000000227e+02,1.003732363921466142e+00
3.151200000000000045e+02,1.003732084972469796e+00
3.156399999999999864e+02,1.003731788508233969e+00
3.161599999999999682e+02,1.003731495365077997e+00
3.166800000000000068e+02,1.003731223484151780e+00
3.171999999999999886e+02,1.003730936054212597e+00
3.177199999999999704e+02,1.003730650479126352e+00
3.182400000000000091e+02,1.003730387597150386e+00
3.187599999999999909e+02,1.003730107746261258e+00
3.192800000000000296e+02,1.003729830912061916e+00
3.198000000000000114e+02,1.003729574541065706e+00
3.203199999999999363e+02,1.003729300218196396e+00
3.208400000000000318e+02,1.003729029395327155e+00
3.213600000000000136e+02,1.003728760572108358e+00
3.218799999999999955e+02,1.003728512349238988e+00
3.224000000000000341e+02,1.003728246155006554e+00
3.229200000000000159e+02,1.003727983965297277e+00
3.234399999999999977e+02,1.003727741742077795e+00
3.239600000000000364e+02,1.003727485588245649e+00
3.244800000000000182e+02,1.003727229455276371e+00
3.250000000000000000e+02,1.003726997862443904e+00
3.255199999999999818e+02,1.003726747330441649e+00
3.260399999999999636e+02,1.003726499676609096e+00
3.265600000000000023e+02,1.003726271244606671e+00
3.270799999999999841e+02,1.003726025618444373e+00
3.275999999999999659e+02,1.003725628826841687e+00
3.281200000000000045e+02,1.003724873185876332e+00
3.286399999999999864e+02,1.003724500926733931e+00
3.291599999999999682e+02,1.003724800853838417e+00
3.296800000000000637e+02,1.003724831833165521e+00
3.302000000000000455e+02,1.003724619060270218e+00
3.307200000000000273e+02,1.003724656034287621e+00
3.312400000000000091e+02,1.003724964500392280e+00
3.317599999999999909e+02,1.003724949227496666e+00
3.322800000000000296e+02,1.003724743992550739e+00
3.328000000000000114e+02,1.003724885558655577e+00
3.333199999999999932e+02,1.003725182554796369e+00
3.338400000000000318e+02,1.003725500519851099e+00
3.343600000000000136e+02,1.003725819115992346e+00
3.348799999999999955e+02,1.003726122143276722e+00
3.353999999999999773e+02,1.003726446267438233e+00
3.359199999999999591e+02,1.003726292772542328e+00
3.364399999999999977e+02,1.003726082257533347e+00
3.369599999999999795e+02,1.003726393781694703e+00
3.374799999999999613e+02,1.003726725510995621e+00
3.380000000000000000e+02,1.003727059674157429e+00
3.385199999999999818e+02,1.003727451731478482e+00
3.390400000000000205e+02,1.003728304716469788e+00
3.395600000000000591e+02,1.003729043081647898e+00
3.400800000000000409e+02,1.003729382866638931e+00
3.406000000000000227e+02,1.003729723692030396e+00
3.411200000000000045e+02,1.003730049385228140e+00
3.416399999999999864e+02,1.003730395300256317e+00
3.421600000000000250e+02,1.003730743096577394e+00
3.426800000000000068e+02,1.003731320740675725e+00
3.431999999999999886e+02,1.003732186867033915e+00
3.437200000000000273e+02,1.003732768550131604e+00
3.442400000000000091e+02,1.003733124476489769e+00
3.447599999999999909e+02,1.003733787059587490e+00
3.452799999999999727e+02,1.003734660804652679e+00
3.457999999999999545e+02,1.003735192688100408e+00
3.463199999999999932e+02,1.003735553775288558e+00
3.468399999999999750e+02,1.003736298349423572e+00
3.473599999999999568e+02,1.003737177543851722e+00
3.478799999999999955e+02,1.003738060855936309e+00
3.484000000000000341e+02,1.003738945263231486e+00
3.489200000000000159e+02,1.003739352615366176e+00
3.494400000000000546e+02,1.003739721323011036e+00
3.499600000000000364e+02,1.003740610675145861e+00
3.504800000000000182e+02,1.003741500649460772e+00
3.510000000000000000e+02,1.003742393001595623e+00
3.515199999999999818e+02,1.003743285446840217e+00
3.520400000000000205e+02,1.003744180893135773e+00
3.525600000000000023e+02,1.003745076393397273e+00
3.530799999999999841e+02,1.003745976878691604e+00
3.536000000000000227e+02,1.003747030283043573e+00
3.541200000000000045e+02,1.003748465554235247e+00
3.546399999999999864e+02,1.003749691778530462e+00
3.551599999999999682e+02,1.003750597882882012e+00
3.556799999999999500e+02,1.003751503487233743e+00
3.561999999999999886e+02,1.003752409120655553e+00
3.567199999999999704e+02,1.003753603763656965e+00
3.572399999999999523e+02,1.003755030607008880e+00
3.577600000000000477e+02,1.003756152879430319e+00
3.582800000000000296e+02,1.003757066613818916e+00
3.588000000000000114e+02,1.003758344684840598e+00
3.593200000000000500e+02,1.003759777242459128e+00
3.598400000000000318e+02,1.003760827124810850e+00
3.603600000000000136e+02,1.003761743454939515e+00
3.608799999999999955e+02,1.003763102992450973e+00
3.613999999999999773e+02,1.003764540494909374e+00
3.619200000000000159e+02,1.003765979564038124e+00
3.624399999999999977e+02,1.003767438731586470e+00
3.629599999999999795e+02,1.003768881261715373e+00
3.634800000000000182e+02,1.003770304797333424e+00
3.640000000000000000e+02,1.003771234126412226e+00
3.645199999999999818e+02,1.003772240462030618e+00
3.650399999999999636e+02,1.003773685531159421e+00
3.655599999999999454e+02,1.003775265457814481e+00
3.660799999999999841e+02,1.003777250449122693e+00
3.665999999999999659e+02,1.003779064491548301e+00
3.671200000000000045e+02,1.003780536754837138e+00
3.676400000000000432e+02,1.003781990076181962e+00
3.681600000000000250e+02,1.003783462941837623e+00
3.686800000000000068e+02,1.003784917735162763e+00
3.692000000000000455e+02,1.003786376556508264e+00
3.697200000000000273e+02,1.003788121164636449e+00
3.702400000000000091e+02,1.003790114787382226e+00
3.707599999999999909e+02,1.003791784810744270e+00
3.712799999999999727e+02,1.003793265271089252e+00
3.718000000000000114e+02,1.003794727686594834e+00
3.723199999999999932e+02,1.003796192018920230e+00
3.728399999999999750e+02,1.003798077699372460e+00
3.733600000000000136e+02,1.003800078898717807e+00
3.738799999999999955e+02,1.003802082122079664e+00
3.743999999999999773e+02,1.003804067248915022e+00
3.749199999999999591e+02,1.003805571568367361e+00
3.754399999999999409e+02,1.003807041030729597e+00
3.759599999999999795e+02,1.003809047444341740e+00
3.764800000000000182e+02,1.003811053762393657e+00
3.770000000000000000e+02,1.003813065581846020e+00
3.775200000000000387e+02,1.003815058366388291e+00
3.780400000000000205e+02,1.003817067685840225e+00
3.785600000000000023e+02,1.003819077609382271e+00
3.790800000000000409e+02,1.003821091939814947e+00
3.796000000000000227e+02,1.003823107324356423e+00
3.801200000000000045e+02,1.003825105268005835e+00
3.806399999999999864e+02,1.003827122654127990e+00
3.811599999999999682e+02,1.003829139697777206e+00
3.816800000000000068e+02,1.003831158188339012e+00
3.821999999999999886e+02,1.003833178231988033e+00
3.827199999999999704e+02,1.003835179148147017e+00
3.832400000000000091e+02,1.003837198600758818e+00
3.837599999999999909e+02,1.003839221183408181e+00
3.842799999999999727e+02,1.003841246764657358e+00
3.847999999999999545e+02,1.003843252747306014e+00
3.853199999999999363e+02,1.003845277924644730e+00
3.858400000000000318e+02,1.003847704607294000e+00
3.863600000000000136e+02,1.003850245480980119e+00
3.868799999999999955e+02,1.003852351030299017e+00
3.874000000000000341e+02,1.003854381179968058e+00
3.879200000000000159e+02,1.003856411881323796e+00
3.884399999999999977e+02,1.003858442654222305e+00
3.889600000000000364e+02,1.003860991094578381e+00
3.894800000000000182e+02,1.003863501782897627e+00
3.900000000000000000e+02,1.003865535023603206e+00
3.905199999999999818e+02,1.003867644758118960e+00
3.910399999999999636e+02,1.003870196675858306e+00
3.915600000000000023e+02,1.003872633649373736e+00
3.920799999999999841e+02,1.003874653356749302e+00
3.925999999999999659e+02,1.003876863469435277e+00
3.931200000000000045e+02,1.003879418139041357e+00
3.936399999999999864e+02,1.003881972646416987e+00
3.941599999999999682e+02,1.003884529749002885e+00
3.946800000000000637e+02,1.003886857619745498e+00
3.952000000000000455e+02,1.003888879960281422e+00
3.957200000000000273e+02,1.003891208401867186e+00
3.962400000000000091e+02,1.003893768000279740e+00
3.967599999999999909e+02,1.003896329169885249e+00
3.972800000000000296e+02,1.003898891402507987e+00
3.978000000000000114e+02,1.003901472643043746e+00
3.983199999999999932e+02,1.003904034820856550e+00
3.988400000000000318e+02,1.003906197952429080e+00
3.993600000000000136e+02,1.003908227913071771e+00
3.998799999999999955e+02,1.003910735412713917e+00
4.003999999999999773e+02,1.003913300592249813e+00
4.009199999999999591e+02,1.003915867391893091e+00
4.014399999999999977e+02,1.003918435163515532e+00
4.019599999999999795e+02,1.003921002554195141e+00
4.024799999999999613e+02,1.003923570353837835e+00
4.030000000000000000e+02,1.003926159224410197e+00
4.035199999999999818e+02,1.003928729551722521e+00
4.040400000000000205e+02,1.003931300009422101e+00
4.045600000000000591e+02,1.003933736648065178e+00
4.050800000000000409e+02,1.003935794341867416e+00
4.056000000000000227e+02,1.003938023471547147e+00
4.061200000000000045e+02,1.003940596401226237e+00
4.066399999999999864e+02,1.003943169767538945e+00
4.071600000000000250e+02,1.003945745291378255e+00
4.076800000000000068e+02,1.003948321288078205e+00
4.081999999999999886e+02,1.003950915817757306e+00
4.087200000000000273e+02,1.003953492317229745e+00
4.092400000000000091e+02,1.003956070746909512e+00
4.097599999999999909e+02,1.003958648866838388e+00
4.102799999999999727e+02,1.003961227363188380e+00
4.107999999999999545e+02,1.003963807017064669e+00
4.113199999999999932e+02,1.003966388013764144e+00
4.118399999999999750e+02,1.003968988204273494e+00
4.123599999999999568e+02,1.003971568702022976e+00
4.128799999999999955e+02,1.003974149950589201e+00
4.134000000000000341e+02,1.003976731013428658e+00
4.139200000000000159e+02,1.003978836700028188e+00
4.144400000000000546e+02,1.003980904559744536e+00
4.149600000000000364e+02,1.003983488337380825e+00
4.154800000000000182e+02,1.003986071939220182e+00
4.160000000000000000e+02,1.003988658187786154e+00
4.165199999999999818e+02,1.003991244315572517e+00
4.170400000000000205e+02,1.003993849573102226e+00
4.175600000000000023e+02,1.003996435834048073e+00
4.180799999999999841e+02,1.003999022082614712e+00
4.186000000000000227e+02,1.004001436999250929e+00
4.191200000000000045e+02,1.004003509521196991e+00
4.196399999999999864e+02,1.004005792208763514e+00
4.201599999999999682e+02,1.004008381525399729e+00
4.206799999999999500e+02,1.004010971405402852e+00
4.211999999999999886e+02,1.004013561164948998e+00
4.217199999999999704e+02,1.004016152075745127e+00
4.222399999999999523e+02,1.004018761992381492e+00
4.227600000000000477e+02,1.004021009582314994e+00
4.232800000000000296e+02,1.004023085670930904e+00
4.238000000000000114e+02,1.004025525317604028e+00
4.243200000000000500e+02,1.004028137367400264e+00
4.248400000000000318e+02,1.004030310075073373e+00
4.253600000000000136e+02,1.004032388265006404e+00
4.258799999999999955e+02,1.004034905814802814e+00
4.263999999999999773e+02,1.004037519361475894e+00
4.269200000000000159e+02,1.004039618208149021e+00
4.274399999999999977e+02,1.004041698087982049e+00
4.279599999999999795e+02,1.004044293534655408e+00
4.284800000000000182e+02,1.004046851414488239e+00
4.290000000000000000e+02,1.004048932661161242e+00
4.295199999999999818e+02,1.004051089940994235e+00
4.300399999999999636e+02,1.004053687426667674e+00
4.305599999999999454e+02,1.004056170367500611e+00
4.310799999999999841e+02,1.004058253338370621e+00
4.315999999999999659e+02,1.004060317053113716e+00
4.321200000000000045e+02,1.004062399971946906e+00
4.326400000000000432e+02,1.004064461470836722e+00
4.331600000000000250e+02,1.004066545256509846e+00
4.336800000000000068e+02,1.004068610666379646e+00
4.342000000000000455e+02,1.004070695073882691e+00
4.347200000000000273e+02,1.004073066612822585e+00
4.352400000000000091e+02,1.004075667311712827e+00
4.357599999999999909e+02,1.004077943636385584e+00
4.362799999999999727e+02,1.004080029675325836e+00
4.368000000000000114e+02,1.004081734240885204e+00
4.373199999999999932e+02,1.004083305050755381e+00
4.378399999999999750e+02,1.004085277528695475e+00
4.383600000000000136e+02,1.004087364566585316e+00
4.388799999999999955e+02,1.004089432533195270e+00
4.393999999999999773e+02,1.004091520082065259e+00
4.399199999999999591e+02,1.004093608119954739e+00
4.404399999999999409e+02,1.004095677125564690e+00
4.409599999999999795e+02,1.004097250096614768e+00
4.414800000000000182e+02,1.004098861174554713e+00
4.420000000000000000e+02,1.004100931231151517e+00
4.425200000000000387e+02,1.004102925309091621e+00
4.430400000000000205e+02,1.004104498754051278e+00
4.435600000000000023e+02,1.004106187415787721e+00
4.440800000000000409e+02,1.004108277521748027e+00
4.446000000000000227e+02,1.004110195885414836e+00
4.451200000000000045e+02,1.004111751725321522e+00
4.456399999999999864e+02,1.004113326792111405e+00
4.461599999999999682e+02,1.004114883161087990e+00
4.466800000000000068e+02,1.004116439689844764e+00
4.471999999999999886e+02,1.004118015225841098e+00
4.477199999999999704e+02,1.004119571570451397e+00
4.482400000000000091e+02,1.004121148200608049e+00
4.487599999999999909e+02,1.004122705135204852e+00
4.492799999999999727e+02,1.004124281793031592e+00
4.497999999999999545e+02,1.004125839201008175e+00
4.503199999999999363e+02,1.004127397297835067e+00
4.508400000000000318e+02,1.004128973927991719e+00
4.513600000000000136e+02,1.004130532021695554e+00
4.518799999999999955e+02,1.004132109679522378e+00
4.524000000000000341e+02,1.004133667720658707e+00
4.529200000000000159e+02,1.004134748723325643e+00
4.534399999999999977e+02,1.004135792211189093e+00
4.539600000000000364e+02,1.004137369908016053e+00
4.544800000000000182e+02,1.004138871583012627e+00
4.550000000000000000e+02,1.004139915070876299e+00
4.555199999999999818e+02,1.004140958467702793e+00
4.560399999999999636e+02,1.004142002455566507e+00
4.565600000000000023e+02,1.004143045954759783e+00
4.570799999999999841e+02,1.004144109451586608e+00
4.575999999999999659e+02,1.004145325378450471e+00
4.581200000000000045e+02,1.004146884972153986e+00
4.586399999999999864e+02,1.004148024499017522e+00
4.591599999999999682e+02,1.004148553354950568e+00
4.596800000000000637e+02,1.004149330390777806e+00
4.602000000000000455e+02,1.004150374889971165e+00
4.607200000000000273e+02,1.004151419510994847e+00
4.612400000000000091e+02,1.004152464566928193e+00
4.617599999999999909e+02,1.004153509121811672e+00
4.622800000000000296e+02,1.004154553739712297e+00
4.628000000000000114e+02,1.004155216834645925e+00
4.633199999999999932e+02,1.004155746161509377e+00
4.638400000000000318e+02,1.004156695727372872e+00
4.643600000000000136e+02,1.004157740350326566e+00
4.648799999999999955e+02,1.004158327162386843e+00
4.653999999999999773e+02,1.004158837428250406e+00
4.659199999999999591e+02,1.004159366914220586e+00
4.664399999999999977e+02,1.004159896402264440e+00
4.669599999999999795e+02,1.004160406788234816e+00
4.674799999999999613e+02,1.004160936681768090e+00
4.680000000000000000e+02,1.004161466289918536e+00
4.685199999999999818e+02,1.004161995655782125e+00
4.690400000000000205e+02,1.004162506080752637e+00
4.695600000000000591e+02,1.004162901959833043e+00
4.700800000000000409e+02,1.004162896593766563e+00
4.706000000000000227e+02,1.004163082401916984e+00
4.711200000000000045e+02,1.004163592825487283e+00
4.716399999999999864e+02,1.004164122444617613e+00
4.721600000000000250e+02,1.004164651929537966e+00
4.726800000000000068e+02,1.004164913648668334e+00
4.731999999999999886e+02,1.004164908401659062e+00
4.737200000000000273e+02,1.004164902719389296e+00
4.742400000000000091e+02,1.004164916705539978e+00
4.747599999999999909e+02,1.004164910930510191e+00
4.752799999999999727e+02,1.004164905305330535e+00
4.757999999999999545e+02,1.004164918814447471e+00
4.763199999999999932e+02,1.004164913578417861e+00
4.768399999999999750e+02,1.004164907453238165e+00
4.773599999999999568e+02,1.004164920911368553e+00
4.778799999999999955e+02,1.004164914888555860e+00
4.784000000000000341e+02,1.004164909263376204e+00
4.789200000000000159e+02,1.004164921689313372e+00
4.794400000000000546e+02,1.004164896503133786e+00
4.799600000000000364e+02,1.004164374780320834e+00
4.804800000000000182e+02,1.004163909738451821e+00
4.810000000000000000e+02,1.004163903243308509e+00
4.815199999999999818e+02,1.004163801220495866e+00
4.820400000000000205e+02,1.004163278434316409e+00
4.825600000000000023e+02,1.004162756222483299e+00
4.830799999999999841e+02,1.004162233527340575e+00
4.836000000000000227e+02,1.004161710843527677e+00
4.841200000000000045e+02,1.004161188057348220e+00
4.846399999999999864e+02,1.004160664873535280e+00
4.851599999999999682e+02,1.004160141150372443e+00
4.856799999999999500e+02,1.004159617966559725e+00
4.861999999999999886e+02,1.004159094310417055e+00
4.867199999999999704e+02,1.004158571154274426e+00
4.872399999999999523e+02,1.004158047093691497e+00
4.877600000000000477e+02,1.004157179137548539e+00
4.882800000000000296e+02,1.004156119744772591e+00
4.888000000000000114e+02,1.004155461888629697e+00
4.893200000000000500e+02,1.004154937271487302e+00
4.898400000000000318e+02,1.004153992510904203e+00
4.903600000000000136e+02,1.004152932617778271e+00
4.908799999999999955e+02,1.004151891300635535e+00
4.913999999999999773e+02,1.004150850510982629e+00
4.919200000000000159e+02,1.004150286841966722e+00
4.924399999999999977e+02,1.004149741624823733e+00
4.929599999999999795e+02,1.004148699953878010e+00
4.934800000000000182e+02,1.004147658109065144e+00
4.940000000000000000e+02,1.004146596906189126e+00
4.945199999999999818e+02,1.004145439580083288e+00
4.950399999999999636e+02,1.004143881092010693e+00
4.955599999999999454e+02,1.004142436832394569e+00
4.960799999999999841e+02,1.004141393606288402e+00
4.965999999999999659e+02,1.004140331351375703e+00
4.971200000000000045e+02,1.004139287719429507e+00
4.976400000000000432e+02,1.004138014350413499e+00
4.981600000000000250e+02,1.004136435457467780e+00
4.986800000000000068e+02,1.004135123332762003e+00
4.992000000000000455e+02,1.004134078739815639e+00
4.997200000000000273e+02,1.004132708936939844e+00
5.002400000000000091e+02,1.004131147077853781e+00
5.007599999999999909e+02,1.004129566713977795e+00
5.012799999999999727e+02,1.004127986321031951e+00
5.018000000000000114e+02,1.004126404891015678e+00
5.023199999999999932e+02,1.004124823459069837e+00
5.028399999999999750e+02,1.004123680934194018e+00
5.033600000000000136e+02,1.004122614861354679e+00
5.038799999999999955e+02,1.004120630802268765e+00
5.043999999999999773e+02,1.004118532738392799e+00
5.049199999999999591e+02,1.004116930302537014e+00
5.054399999999999409e+02,1.004115365639627555e+00
5.059599999999999795e+02,1.004113781775751502e+00
5.064800000000000182e+02,1.004112198069932571e+00
5.070000000000000000e+02,1.004110613176986577e+00
5.075200000000000387e+02,1.004108932943147181e+00
5.080400000000000205e+02,1.004106831313131609e+00
5.085600000000000023e+02,1.004104863579292184e+00
5.090800000000000409e+02,1.004103277253366233e+00
5.096000000000000227e+02,1.004101519119527275e+00
5.101200000000000045e+02,1.004099416241377885e+00
5.106399999999999864e+02,1.004097523410661497e+00
5.111599999999999682e+02,1.004095954804842927e+00
5.116800000000000068e+02,1.004094077171003629e+00
5.122000000000000455e+02,1.004091972736114391e+00
5.127200000000000273e+02,1.004089868302275423e+00
5.132400000000000091e+02,1.004087763435456360e+00
5.137599999999999909e+02,1.004085638366270627e+00
5.142799999999999727e+02,1.004083532471431228e+00
5.147999999999999545e+02,1.004081425659772320e+00
5.153199999999999363e+02,1.004079318764932838e+00
5.158400000000000318e+02,1.004077211386783741e+00
5.163600000000000136e+02,1.004075103611001163e+00
5.168799999999999955e+02,1.004072975616162378e+00
5.173999999999999773e+02,1.004070867343503259e+00
5.179200000000000728e+02,1.004068757465353956e+00
5.184400000000000546e+02,1.004066647570514670e+00
5.189600000000000364e+02,1.004064537297855830e+00
5.194800000000000182e+02,1.004062427049743356e+00
5.200000000000000000e+02,1.004060295121923962e+00
5.205199999999999818e+02,1.004058086821245199e+00
5.210399999999999636e+02,1.004055439273132677e+00
5.215599999999999454e+02,1.004052944529543412e+00
5.220799999999999272e+02,1.004050831792761000e+00
5.226000000000000227e+02,1.004048718519751970e+00
5.231200000000000045e+02,1.004046603282969796e+00
5.236399999999999864e+02,1.004044258337980056e+00
5.241599999999999682e+02,1.004041608301198263e+00
5.246800000000000637e+02,1.004039244757608973e+00
5.252000000000000455e+02,1.004037129520476634e+00
5.257200000000000273e+02,1.004034688177854129e+00
5.262400000000000091e+02,1.004032054177705247e+00
5.267599999999999909e+02,1.004029744064153018e+00
5.272799999999999727e+02,1.004027623816040382e+00
5.277999999999999545e+02,1.004025121212418270e+00
5.283200000000000500e+02,1.004022465706429390e+00
5.288400000000000318e+02,1.004019829298716582e+00
5.293600000000000136e+02,1.004017174383764477e+00
5.298799999999999955e+02,1.004014994441142061e+00
5.303999999999999773e+02,1.004012871261099615e+00
5.309199999999999591e+02,1.004010230457477393e+00
5.314399999999999409e+02,1.004007589142525303e+00
5.319600000000000364e+02,1.004004930795642681e+00
5.324800000000000182e+02,1.004002291953020709e+00
5.330000000000000000e+02,1.003999629011978367e+00
5.335199999999999818e+02,1.003997080669355890e+00
5.340400000000000773e+02,1.003994952213510317e+00
5.345600000000000591e+02,1.003992671337557985e+00
5.350800000000000409e+02,1.003990027033935695e+00
5.356000000000000227e+02,1.003987363648053188e+00
5.361200000000000045e+02,1.003984716868977500e+00
5.366399999999999864e+02,1.003982050494425238e+00
5.371599999999999682e+02,1.003979401218473066e+00
5.376800000000000637e+02,1.003976732962627683e+00
5.382000000000000455e+02,1.003974083755095448e+00
5.387200000000000273e+02,1.003971415879143292e+00
5.392400000000000091e+02,1.003968747623297686e+00
5.397599999999999909e+02,1.003966440619675327e+00
5.402799999999999727e+02,1.003964304702829491e+00
5.407999999999999545e+02,1.003961785126877393e+00
5.413199999999999363e+02,1.003959111438051721e+00
5.418399999999999181e+02,1.003956438154536057e+00
5.423600000000000136e+02,1.003953784011743844e+00
5.428799999999999955e+02,1.003951108755898325e+00
5.434000000000000909e+02,1.003948451667072694e+00
5.439200000000000728e+02,1.003945773330120694e+00
5.444400000000000546e+02,1.003943113646604823e+00
5.449600000000000364e+02,1.003940435429759193e+00
5.454800000000000182e+02,1.003937775840934021e+00
5.460000000000000000e+02,1.003935094689178298e+00
5.465199999999999818e+02,1.003932432481295933e+00
5.470399999999999636e+02,1.003929751292470529e+00
5.475599999999999454e+02,1.003927221847955131e+00
5.480800000000000409e+02,1.003925070496199279e+00
5.486000000000000227e+02,1.003922728646373885e+00
5.491200000000000045e+02,1.003920063529528450e+00
5.496399999999999864e+02,1.003917378406842920e+00
5.501599999999999682e+02,1.003914708357017460e+00
5.506799999999999500e+02,1.003912019611101991e+00
5.511999999999999318e+02,1.003909349707473586e+00
5.517200000000000273e+02,1.003906965129627959e+00
5.522400000000000091e+02,1.003904808251782299e+00
5.527599999999999909e+02,1.003902306157116842e+00
5.532799999999999727e+02,1.003899611979271356e+00
5.538000000000000682e+02,1.003896937114642895e+00
5.543200000000000500e+02,1.003894242897797495e+00
5.548400000000000318e+02,1.003891986142131598e+00
5.553600000000000136e+02,1.003889824326253066e+00
5.558799999999999955e+02,1.003887183070587330e+00
5.563999999999999773e+02,1.003884483392742055e+00
5.569199999999999591e+02,1.003881803028113140e+00
5.574400000000000546e+02,1.003879142050267514e+00
5.579600000000000364e+02,1.003876972885638930e+00
5.584800000000000182e+02,1.003874726607793422e+00
5.590000000000000000e+02,1.003872022182164869e+00
5.595199999999999818e+02,1.003869450855569223e+00
5.600399999999999636e+02,1.003867278568760346e+00
5.605599999999999454e+02,1.003864934043132040e+00
5.610799999999999272e+02,1.003862242965286367e+00
5.615999999999999091e+02,1.003859724539658105e+00
5.621200000000000045e+02,1.003857549402699334e+00
5.626399999999999864e+02,1.003855373158013764e+00
5.631600000000000819e+02,1.003853192899224922e+00
5.636800000000000637e+02,1.003850745373596309e+00
5.642000000000000455e+02,1.003848030419947746e+00
5.647200000000000273e+02,1.003845638499192061e+00
5.652400000000000091e+02,1.003843455901233250e+00
5.657599999999999909e+02,1.003841271747584640e+00
5.662799999999999727e+02,1.003839067521955730e+00
5.667999999999999545e+02,1.003836880396327347e+00
5.673199999999999363e+02,1.003834692648518434e+00
5.678400000000000318e+02,1.003832502579629971e+00
5.683600000000000136e+02,1.003830312454001561e+00
5.688799999999999955e+02,1.003828119828372500e+00
5.693999999999999773e+02,1.003825907613723700e+00
5.699199999999999591e+02,1.003823714044835169e+00
5.704399999999999409e+02,1.003821520919206289e+00
5.709599999999999227e+02,1.003819323293577481e+00
5.714800000000000182e+02,1.003817124827055984e+00
5.720000000000000000e+02,1.003814923701076944e+00
5.725199999999999818e+02,1.003812818614448599e+00
5.730399999999999636e+02,1.003811152317889643e+00
5.735600000000000591e+02,1.003809313249967916e+00
5.740800000000000409e+02,1.003807107124339293e+00
5.746000000000000227e+02,1.003804881966780416e+00
5.751200000000000045e+02,1.003802675907821795e+00
5.756399999999999864e+02,1.003800697084209936e+00
5.761599999999999682e+02,1.003799020787651264e+00
5.766799999999999500e+02,1.003797038519729234e+00
5.772000000000000455e+02,1.003794826962170816e+00
5.777200000000000273e+02,1.003792938194248974e+00
5.782400000000000091e+02,1.003791237307620321e+00
5.787599999999999909e+02,1.003789535041098357e+00
5.792799999999999727e+02,1.003787831182139767e+00
5.797999999999999545e+02,1.003785746009777657e+00
5.803199999999999363e+02,1.003783526950819072e+00
5.808400000000000318e+02,1.003781724223297367e+00
5.813600000000000136e+02,1.003780015336668274e+00
5.818799999999999955e+02,1.003778323697816610e+00
5.823999999999999773e+02,1.003776612535385082e+00
5.829200000000000728e+02,1.003774899296532963e+00
5.834400000000000546e+02,1.003773185409904123e+00
5.839600000000000364e+02,1.003771468710052295e+00
5.844800000000000182e+02,1.003769771637690544e+00
5.850000000000000000e+02,1.003768049908768889e+00
5.855199999999999818e+02,1.003766442690209981e+00
5.860399999999999636e+02,1.003765255816448265e+00
5.865599999999999454e+02,1.003763895988926125e+00
5.870799999999999272e+02,1.003762169289074357e+00
5.876000000000000227e+02,1.003760460687642686e+00
5.881200000000000045e+02,1.003758731487790934e+00
5.886399999999999864e+02,1.003757230081048446e+00
5.891599999999999682e+02,1.003756033153527127e+00
5.896800000000000637e+02,1.003754548253675161e+00
5.902000000000000455e+02,1.003752813591243243e+00
5.907200000000000273e+02,1.003751401091391271e+00
5.912400000000000091e+02,1.003750195758029706e+00
5.917599999999999909e+02,1.003748970229107806e+00
5.922799999999999727e+02,1.003747762451435932e+00
5.927999999999999545e+02,1.003746151962914057e+00
5.933200000000000500e+02,1.003744406948259060e+00
5.938400000000000318e+02,1.003743099019337226e+00
5.943600000000000136e+02,1.003741867124974929e+00
5.948799999999999955e+02,1.003740650253143185e+00
5.953999999999999773e+02,1.003739432038488033e+00
5.959199999999999591e+02,1.003738192520895911e+00
5.964399999999999409e+02,1.003736971715204263e+00
5.969600000000000364e+02,1.003735729376532548e+00
5.974800000000000182e+02,1.003734582479048010e+00
5.980000000000000000e+02,1.003733869373355736e+00
5.985199999999999818e+02,1.003733041797700842e+00
5.990400000000000773e+02,1.003731791808129215e+00
5.995600000000000591e+02,1.003730559502437059e+00
6.000800000000000409e+02,1.003729304226782082e+00
6.006000000000000227e+02,1.003728257893949927e+00
6.011200000000000045e+02,1.003727534890624939e+00
6.016399999999999864e+02,1.003726581623932912e+00
6.021599999999999682e+02,1.003725320782137942e+00
6.026800000000000637e+02,1.003724363606482983e+00
6.032000000000000455e+02,1.003723613383051161e+00
6.037200000000000273e+02,1.003722880935416173e+00
6.042400000000000091e+02,1.003722147274564547e+00
6.047599999999999909e+02,1.003721047898909369e+00
6.052799999999999727e+02,1.003719793251274028e+00
6.057999999999999545e+02,1.003718936186949406e+00
6.063199999999999363e+02,1.003718192148277177e+00
6.068399999999999181e+02,1.003717429072622291e+00
6.073600000000000136e+02,1.003716684569827100e+00
6.078799999999999955e+02,1.003715934594171966e+00
6.084000000000000909e+02,1.003715182527479710e+00
6.089200000000000728e+02,1.003714428091175170e+00
6.094400000000000546e+02,1.003713673615519886e+00
6.099600000000000364e+02,1.003712916706885228e+00
6.104800000000000182e+02,1.003712236170229977e+00
6.110000000000000000e+02,1.003712008522595234e+00
6.115199999999999818e+02,1.003711646685940373e+00
6.120399999999999636e+02,1.003710878777305027e+00
6.125599999999999454e+02,1.003710110330719996e+00
6.130800000000000409e+02,1.003709318294414787e+00
6.136000000000000227e+02,1.003708754957759908e+00
6.141200000000000045e+02,1.003708495249124866e+00
6.146399999999999864e+02,1.003708005812469661e+00
6.151599999999999682e+02,1.003707227403834779e+00
6.156799999999999500e+02,1.003706732967179605e+00
6.161999999999999318e+02,1.003706462758544582e+00
6.167200000000000273e+02,1.003706191078979515e+00
6.172400000000000091e+02,1.003705918433361433e+00
6.177599999999999909e+02,1.003705298924726153e+00
6.182799999999999727e+02,1.003704505488071330e+00
6.188000000000000682e+02,1.003704109179436088e+00
6.193200000000000500e+02,1.003703826009801237e+00
6.198400000000000318e+02,1.003703541487412920e+00
6.203600000000000136e+02,1.003703274378777932e+00
6.208799999999999955e+02,1.003702984642122820e+00
6.213999999999999773e+02,1.003702693563524928e+00
6.219199999999999591e+02,1.003702416983959456e+00
6.224400000000000546e+02,1.003702120786304608e+00
6.229600000000000364e+02,1.003701819762866432e+00
6.234800000000000182e+02,1.003701537193231408e+00
6.240000000000000000e+02,1.003701230576683034e+00
6.245199999999999818e+02,1.003700923407047974e+00
6.250399999999999636e+02,1.003700630522609938e+00
6.255599999999999454e+02,1.003700471142695116e+00
6.260799999999999272e+02,1.003700691364096675e+00
6.265999999999999091e+02,1.003700699394461271e+00
6.271200000000000045e+02,1.003700377410023492e+00
6.276399999999999864e+02,1.003700072802438337e+00
6.281600000000000819e+02,1.003699748223840338e+00
6.286800000000000637e+02,1.003699684677435311e+00
6.292000000000000455e+02,1.003699886398836894e+00
6.297200000000000273e+02,1.003699762392218586e+00
6.302400000000000091e+02,1.003699427373483610e+00
6.307599999999999909e+02,1.003699088794885341e+00
6.312799999999999727e+02,1.003698767316286933e+00
6.317999999999999545e+02,1.003698822841861960e+00
6.323199999999999363e+02,1.003699009102264172e+00
6.328400000000000318e+02,1.003699174846895970e+00
6.333600000000000136e+02,1.003699358595967261e+00
6.338799999999999955e+02,1.003699039340599342e+00
6.343999999999999773e+02,1.003698699770964264e+00
6.349199999999999591e+02,1.003698871097505885e+00
6.354399999999999409e+02,1.003699022747977621e+00
6.359599999999999227e+02,1.003699188536049336e+00
6.364800000000000182e+02,1.003699258380681414e+00
6.370000000000000000e+02,1.003698883896242844e+00
6.375199999999999818e+02,1.003698642585714618e+00
6.380399999999999636e+02,1.003698797428946632e+00
6.385600000000000591e+02,1.003698951690398244e+00
6.390800000000000409e+02,1.003699082444960089e+00
6.396000000000000227e+02,1.003699230195431724e+00
6.401200000000000045e+02,1.003699372577663507e+00
6.406399999999998727e+02,1.003699493767135520e+00
6.411599999999999682e+02,1.003699630082697247e+00
6.416800000000000637e+02,1.003699764966328845e+00
6.422000000000000455e+02,1.003699877683470687e+00
6.427200000000000273e+02,1.003700006538032596e+00
6.432400000000000091e+02,1.003700132827504143e+00
6.437599999999999909e+02,1.003700254709736228e+00
6.442799999999999727e+02,1.003700354084404278e+00
6.448000000000000682e+02,1.003700469373876247e+00
6.453199999999999363e+02,1.003700582756108295e+00
6.458400000000000318e+02,1.003700673039740199e+00
6.463599999999999000e+02,1.003700781394301966e+00
6.468799999999999955e+02,1.003700883302480529e+00
6.473999999999999773e+02,1.003700964086112313e+00
6.479200000000000728e+02,1.003701059940673934e+00
6.484399999999999409e+02,1.003701154848852584e+00
6.489600000000000364e+02,1.003701223671484621e+00
6.494799999999999045e+02,1.003701310526046164e+00
6.500000000000000000e+02,1.003701392528384639e+00
6.505200000000000955e+02,1.003701454812016669e+00
6.510399999999999636e+02,1.003701528639088236e+00
6.515600000000000591e+02,1.003701602113756808e+00
6.520799999999999272e+02,1.003701651936388384e+00
6.526000000000000227e+02,1.003701719438727435e+00
6.531200000000000045e+02,1.003701783332288766e+00
6.536400000000001000e+02,1.003702072440467719e+00
6.541599999999999682e+02,1.003702641563099407e+00
6.546800000000000637e+02,1.003702921765438072e+00
6.551999999999999318e+02,1.003702969687019442e+00
6.557200000000000273e+02,1.003703015200688498e+00
6.562400000000000091e+02,1.003703058203026632e+00
6.567599999999999909e+02,1.003703077525658793e+00
6.572799999999999727e+02,1.003703112537927433e+00
6.577999999999999545e+02,1.003703142421559225e+00
6.583199999999999363e+02,1.003703150362897700e+00
6.588400000000000318e+02,1.003703173810426508e+00
6.593600000000001273e+02,1.003703195760728306e+00
6.598799999999999955e+02,1.003703688745326783e+00
6.604000000000000909e+02,1.003704218986665397e+00
6.609199999999999591e+02,1.003704206900333906e+00
6.614400000000000546e+02,1.003704213350635754e+00
6.619600000000000364e+02,1.003704211892324283e+00
6.624800000000000182e+02,1.003704191333663065e+00
6.630000000000000000e+02,1.003704184347331774e+00
6.635199999999999818e+02,1.003704176268563009e+00
6.640399999999999636e+02,1.003704140209901841e+00
6.645600000000000591e+02,1.003704121884750222e+00
6.650799999999999272e+02,1.003704099426089069e+00
6.656000000000000227e+02,1.003704055839757636e+00
6.661199999999998909e+02,1.003704025881096085e+00
6.666399999999999864e+02,1.003704241261785146e+00
6.671599999999999682e+02,1.003704719003123413e+00
6.676800000000000637e+02,1.003704906716792244e+00
6.681999999999999318e+02,1.003704841697130812e+00
6.687200000000000273e+02,1.003704791766489191e+00
6.692400000000000091e+02,1.003704737819157922e+00
6.697599999999999909e+02,1.003704660854656261e+00
6.702800000000000864e+02,1.003704598963015115e+00
6.707999999999999545e+02,1.003704533976683688e+00
6.713200000000000500e+02,1.003704467057022320e+00
6.718399999999999181e+02,1.003704373498710556e+00
6.723600000000000136e+02,1.003704296673209484e+00
6.728799999999999955e+02,1.003704212753548486e+00
6.734000000000000909e+02,1.003704108695236963e+00
6.739199999999999591e+02,1.003704016775575303e+00
6.744400000000000546e+02,1.003703923855913782e+00
6.749599999999999227e+02,1.003703801521799610e+00
6.754800000000000182e+02,1.003703602563138064e+00
6.760000000000000000e+02,1.003702978443476557e+00
6.765199999999999818e+02,1.003702467424165024e+00
6.770399999999999636e+02,1.003702331998663766e+00
6.775599999999999454e+02,1.003702213698059120e+00
6.780800000000000409e+02,1.003702086750727807e+00
6.786000000000000227e+02,1.003701938825226625e+00
6.791200000000001182e+02,1.003701804024621724e+00
6.796399999999999864e+02,1.003701666604960296e+00
6.801600000000000819e+02,1.003701505179808828e+00
6.806799999999999500e+02,1.003701071351184249e+00
6.812000000000000455e+02,1.003700383660592887e+00
6.817200000000000273e+02,1.003700035835441540e+00
6.822400000000000091e+02,1.003699875045817036e+00
6.827599999999999909e+02,1.003699327654175688e+00
6.832799999999999727e+02,1.003698624119711225e+00
6.837999999999999545e+02,1.003698334100399547e+00
6.843200000000000500e+02,1.003698154813898569e+00
6.848399999999999181e+02,1.003697511642363871e+00
6.853600000000000136e+02,1.003696789922702282e+00
6.858799999999998818e+02,1.003696558555257745e+00
6.863999999999999773e+02,1.003696344507926108e+00
6.869199999999999591e+02,1.003695606001481666e+00
6.874400000000000546e+02,1.003694942311856853e+00
6.879600000000000364e+02,1.003694707943445508e+00
6.884800000000000182e+02,1.003694396653821208e+00
6.890000000000000000e+02,1.003693638028669621e+00
6.895199999999999818e+02,1.003692898039045378e+00
6.900400000000000773e+02,1.003692132100670653e+00
6.905599999999999454e+02,1.003691363381009172e+00
6.910800000000000409e+02,1.003690606013564635e+00
6.915999999999999091e+02,1.003689826832903309e+00
6.921200000000000045e+02,1.003689039827858842e+00
6.926399999999999864e+02,1.003688268338233991e+00
6.931600000000000819e+02,1.003687470870789689e+00
6.936799999999999500e+02,1.003686669812308141e+00
6.942000000000000455e+02,1.003685883812753588e+00
6.947199999999999136e+02,1.003685073345309098e+00
6.952400000000000091e+02,1.003684257255684331e+00
6.957599999999999909e+02,1.003683437169533121e+00
6.962799999999999727e+02,1.003682632303138700e+00
6.968000000000000682e+02,1.003681800241533528e+00
6.973199999999999363e+02,1.003680963774089108e+00
6.978400000000000318e+02,1.003679681913534738e+00
6.983600000000000136e+02,1.003678321655053329e+00
6.988800000000001091e+02,1.003677449587608628e+00
6.993999999999999773e+02,1.003676575427054019e+00
6.999200000000000728e+02,1.003675195759609284e+00
7.004399999999999409e+02,1.003673871864144695e+00
7.009600000000000364e+02,1.003672998803940342e+00
7.014800000000000182e+02,1.003672048975496001e+00
7.020000000000000000e+02,1.003670646809101230e+00
7.025199999999999818e+02,1.003669243641656550e+00
7.030399999999999636e+02,1.003667830880052181e+00
7.035599999999999454e+02,1.003666398152657457e+00
7.040800000000000409e+02,1.003664977985213147e+00
7.045999999999999091e+02,1.003663553752678350e+00
7.051200000000000045e+02,1.003662120624233767e+00
7.056399999999998727e+02,1.003660683428768907e+00
7.061599999999999682e+02,1.003659239829394423e+00
7.066800000000000637e+02,1.003657792661950099e+00
7.072000000000000455e+02,1.003656340901395438e+00
7.077200000000000273e+02,1.003654538972950760e+00
7.082400000000000091e+02,1.003652558634576586e+00
7.087599999999999909e+02,1.003650935297168534e+00
7.092799999999999727e+02,1.003649460140703997e+00
7.098000000000000682e+02,1.003647557708169602e+00
7.103199999999999363e+02,1.003645556379724857e+00
7.108400000000000318e+02,1.003643526441350131e+00
7.113599999999999000e+02,1.003641512084885612e+00
7.118799999999999955e+02,1.003639491376548065e+00
7.123999999999999773e+02,1.003637449948103555e+00
7.129200000000000728e+02,1.003635416109728729e+00
7.134399999999999409e+02,1.003633361559104209e+00
7.139600000000000364e+02,1.003631313850766649e+00
7.144799999999999045e+02,1.003629246422321764e+00
7.150000000000000000e+02,1.003627190122947210e+00
7.155200000000000955e+02,1.003624979574209819e+00
7.160399999999999636e+02,1.003622394546815011e+00
7.165600000000000591e+02,1.003619788418370185e+00
7.170799999999999272e+02,1.003617174410032620e+00
7.176000000000000227e+02,1.003614785510658081e+00
7.181200000000000045e+02,1.003612673582213288e+00
7.186400000000001000e+02,1.003610309973875792e+00
7.191599999999999682e+02,1.003607690917411199e+00
7.196800000000000637e+02,1.003604741809073220e+00
7.201999999999999318e+02,1.003601574980628630e+00
7.207200000000000273e+02,1.003598746481254356e+00
7.212400000000000091e+02,1.003596085039586416e+00
7.217599999999999909e+02,1.003593033911141852e+00
7.222799999999999727e+02,1.003589843702804574e+00
7.227999999999999545e+02,1.003586646846339470e+00
7.233199999999999363e+02,1.003583446138001989e+00
7.238400000000000318e+02,1.003580216777627321e+00
7.243600000000001273e+02,1.003577003040219351e+00
7.248799999999999955e+02,1.003573778268515015e+00
7.254000000000000909e+02,1.003570551560176938e+00
7.259199999999999591e+02,1.003567315361769463e+00
7.264400000000000546e+02,1.003564020762394593e+00
7.269600000000000364e+02,1.003560236293057129e+00
7.274800000000000182e+02,1.003556450136592559e+00
7.280000000000000000e+02,1.003552671350084635e+00
7.285199999999999818e+02,1.003548871380747221e+00
7.290399999999999636e+02,1.003545079352302416e+00
7.295600000000000591e+02,1.003541093982964538e+00
7.300799999999999272e+02,1.003536756774626948e+00
7.306000000000000227e+02,1.003532415512851994e+00
7.311199999999998909e+02,1.003528065343514575e+00
7.316399999999999864e+02,1.003523710135177049e+00
7.321599999999999682e+02,1.003519346439892157e+00
7.326800000000000637e+02,1.003514996331554832e+00
7.331999999999999318e+02,1.003510619689886862e+00
7.337200000000000273e+02,1.003505892720548909e+00
7.342400000000000091e+02,1.003500987231104480e+00
7.347599999999999909e+02,1.003496055316926761e+00
7.352800000000000864e+02,1.003491136975258824e+00
7.357999999999999545e+02,1.003486209605920942e+00
7.363200000000000500e+02,1.003481278207513316e+00
7.368399999999999181e+02,1.003475859838175444e+00
7.373600000000000136e+02,1.003470380160631281e+00
7.378799999999999955e+02,1.003464909591293308e+00
7.384000000000000909e+02,1.003459397792885399e+00
7.389199999999999591e+02,1.003453377923547940e+00
7.394400000000000546e+02,1.003447414476039912e+00
7.399599999999999227e+02,1.003441912406702441e+00
7.404800000000000182e+02,1.003436180608294759e+00
7.410000000000000000e+02,1.003429617633116777e+00
7.415199999999999818e+02,1.003423186291449110e+00
7.420399999999999636e+02,1.003417123422111645e+00
7.425599999999999454e+02,1.003410695246933493e+00
7.430800000000000409e+02,1.003403568405265789e+00
7.436000000000000227e+02,1.003396667234878192e+00
7.441200000000001182e+02,1.003390062759700330e+00
7.446399999999999864e+02,1.003383185857032789e+00
7.451600000000000819e+02,1.003376032987695066e+00
7.456799999999999500e+02,1.003368568112516623e+00
7.462000000000000455e+02,1.003360884070849224e+00
7.467200000000000273e+02,1.003353193011441435e+00
7.472400000000000091e+02,1.003345496036263773e+00
7.477599999999999909e+02,1.003337789494595844e+00
7.482799999999999727e+02,1.003330076925258219e+00
7.487999999999999545e+02,1.003321916217100318e+00
7.493200000000000500e+02,1.003313674475432515e+00
7.498399999999999181e+02,1.003304945800255199e+00
7.503600000000000136e+02,1.003296156360953928e+00
7.508799999999998818e+02,1.003287353913446145e+00
7.513999999999999773e+02,1.003278529754038528e+00
7.519199999999999591e+02,1.003269197484700781e+00
7.524400000000000546e+02,1.003259863376193106e+00
7.529600000000000364e+02,1.003250514134875093e+00
7.534800000000000182e+02,1.003240954017404540e+00
7.540000000000000000e+02,1.003230538248066406e+00
7.545199999999999818e+02,1.003220254311888882e+00
7.550400000000000773e+02,1.003210360370221155e+00
7.555599999999999454e+02,1.003200081153100331e+00
7.560800000000000409e+02,1.003189102150432443e+00
7.565999999999999091e+02,1.003178138275254483e+00
7.571200000000000045e+02,1.003167164844916970e+00
7.576399999999999864e+02,1.003155918727445917e+00
7.581600000000000819e+02,1.003144394958108254e+00
7.586799999999999500e+02,1.003132864377620281e+00
7.592000000000000455e+02,1.003121325238319095e+00
7.597199999999999136e+02,1.003109109129811660e+00
7.602400000000000091e+02,1.003096503360473957e+00
7.607599999999999909e+02,1.003083907971023203e+00
7.612799999999999727e+02,1.003071286834845255e+00
7.618000000000000682e+02,1.003058255595544290e+00
7.623199999999999363e+02,1.003045105787036428e+00
7.628400000000000318e+02,1.003031466356698820e+00
7.633600000000000136e+02,1.003017784967247694e+00
7.638800000000001091e+02,1.003003593736910171e+00
7.643999999999999773e+02,1.002989342880439061e+00
7.649200000000000728e+02,1.002974578844261444e+00
7.654399999999999409e+02,1.002959813360650321e+00
7.659600000000000364e+02,1.002945034324472795e+00
7.664800000000000182e+02,1.002930044846002344e+00
7.670000000000000000e+02,1.002914199743683898e+00
7.675199999999999818e+02,1.002898218626213200e+00
7.680399999999999636e+02,1.002881842295875403e+00
7.685599999999999454e+02,1.002865271678404557e+00
7.690800000000000409e+02,1.002848363770246554e+00
7.695999999999999091e+02,1.002831451358615622e+00
7.701200000000000045e+02,1.002814508822437833e+00
7.706399999999998727e+02,1.002797044771986945e+00
7.711599999999999682e+02,1.002779054955916127e+00
7.716800000000000637e+02,1.002760427153248424e+00
7.722000000000000455e+02,1.002741387436127507e+00
7.727200000000000273e+02,1.002722321027619712e+00
7.732400000000000091e+02,1.002703246627318912e+00
7.737599999999999909e+02,1.002683782837867632e+00
7.742799999999999727e+02,1.002664161101689988e+00
7.748000000000000682e+02,1.002643684623219178e+00
7.753199999999999363e+02,1.002623010039608298e+00
7.758400000000000318e+02,1.002601867571500494e+00
7.763599999999999000e+02,1.002580645254029568e+00
7.768799999999999955e+02,1.002558414736908876e+00
7.773999999999999773e+02,1.002536142964277399e+00
7.779200000000000728e+02,1.002513856628099997e+00
7.784399999999999409e+02,1.002491359377648994e+00
7.789600000000000364e+02,1.002467489960178204e+00
7.794799999999999045e+02,1.002443619397910490e+00
7.800000000000000000e+02,1.002419712408459507e+00
7.805200000000000955e+02,1.002395536002318011e+00
7.810399999999999636e+02,1.002370582612867489e+00
7.815600000000000591e+02,1.002345242734396624e+00
7.820799999999999272e+02,1.002319238866288709e+00
7.826000000000000227e+02,1.002292753482677767e+00
7.831200000000000045e+02,1.002265683676536456e+00
7.836400000000001000e+02,1.002238587826085769e+00
7.841599999999999682e+02,1.002211500008615142e+00
7.846800000000000637e+02,1.002183468831544078e+00
7.851999999999999318e+02,1.002154779781093463e+00
7.857200000000000273e+02,1.002125737150755702e+00
7.862400000000000091e+02,1.002096533500304476e+00
7.867599999999999909e+02,1.002066117021833902e+00
7.872799999999999727e+02,1.002035312072782736e+00
7.877999999999999545e+02,1.002004074394311717e+00
7.883199999999999363e+02,1.001972735704861117e+00
7.888400000000000318e+02,1.001940886398719810e+00
7.893600000000001273e+02,1.001909013549318717e+00
7.898799999999999955e+02,1.001875580598867721e+00
7.904000000000000909e+02,1.001842049092727116e+00
7.909199999999999591e+02,1.001807508442276173e+00
7.914400000000000546e+02,1.001772831998715363e+00
7.919600000000000364e+02,1.001737239920594380e+00
7.924800000000000182e+02,1.001701531742123397e+00
7.930000000000000000e+02,1.001665386420742321e+00
7.935199999999999818e+02,1.001628799214601351e+00
7.940399999999999636e+02,1.001591071664150290e+00
7.945600000000000591e+02,1.001552786685679264e+00
7.950799999999999272e+02,1.001513474936628789e+00
7.956000000000000227e+02,1.001473928458157525e+00
7.961199999999998909e+02,1.001434082507706602e+00
7.966399999999999864e+02,1.001393408730635981e+00
7.971599999999999682e+02,1.001351959480184739e+00
7.976800000000000637e+02,1.001309890540714065e+00
7.981999999999999318e+02,1.001267391419333075e+00
7.987200000000000273e+02,1.001224176104228869e+00
7.992400000000000091e+02,1.001180627053777750e+00
7.997599999999999909e+02,1.001135864204377057e+00
8.002800000000000864e+02,1.001090711865255889e+00
8.007999999999999545e+02,1.001044248186785168e+00
8.013200000000000500e+02,1.000997511165404141e+00
8.018399999999999181e+02,1.000949824305990221e+00
8.023600000000000136e+02,1.000902018738849542e+00
8.028799999999999955e+02,1.000852653211628196e+00
8.034000000000000909e+02,1.000803208133157485e+00
8.039199999999999591e+02,1.000752750921706458e+00
8.044400000000000546e+02,1.000702024835672166e+00
8.049599999999999227e+02,1.000649465724221310e+00
8.054800000000000182e+02,1.000596675874820818e+00
8.060000000000000000e+02,1.000543045224369765e+00
8.065199999999999818e+02,1.000488954276285147e+00
8.070399999999999636e+02,1.000433741926884501e+00
8.075599999999999454e+02,1.000377761115433639e+00
8.080800000000000409e+02,1.000320448931122597e+00
8.086000000000000227e+02,1.000262652339778624e+00
8.091200000000001182e+02,1.000204268561657672e+00
8.096399999999999864e+02,1.000145056051256809e+00
8.101600000000000819e+02,1.000085068630842677e+00
8.106799999999999500e+02,1.000023831081441550e+00
8.112000000000000455e+02,9.999617622699908948e-01
8.117200000000000273e+02,9.998985938770665882e-01
8.122400000000000091e+02,9.998349192666655672e-01
8.127599999999999909e+02,9.997700504552147205e-01
8.132799999999999727e+02,9.997047937248707550e-01
8.137999999999999545e+02,9.996377842853995110e-01
8.143200000000000500e+02,9.995704251663853901e-01
8.148399999999999181e+02,9.995016169820748475e-01
8.153600000000000136e+02,9.994326510907303174e-01
8.158799999999998818e+02,9.993616263792793886e-01
8.163999999999999773e+02,9.992904458398086387e-01
8.169199999999999591e+02,9.992177968094647644e-01
8.174400000000000546e+02,9.991448597645037344e-01
8.179600000000000364e+02,9.990700872451397929e-01
8.184800000000000182e+02,9.989947597336886753e-01
8.190000000000000000e+02,9.989173525423445943e-01
8.195199999999999818e+02,9.988396557970335987e-01
8.200400000000000773e+02,9.987611986666892205e-01
8.205599999999999454e+02,9.986817437275683496e-01
8.210800000000000409e+02,9.986006494082042551e-01
8.215999999999999091e+02,9.985186121909133128e-01
8.221200000000000045e+02,9.984354149995693373e-01
8.226399999999999864e+02,9.983510832600983598e-01
8.231600000000000819e+02,9.982657666629140003e-01
8.236799999999999500e+02,9.981788741514634467e-01
8.242000000000000455e+02,9.980909197601193217e-01
8.247199999999999136e+02,9.980015232840149242e-01
8.252400000000000091e+02,9.979114684957940407e-01
8.257599999999999909e+02,9.978198159044501248e-01
8.262799999999999727e+02,9.977276394649791103e-01
8.268000000000000682e+02,9.976337121677950615e-01
8.273199999999999363e+02,9.975394168473808998e-01
8.278400000000000318e+02,9.974427341039999728e-01
8.283600000000000136e+02,9.973458177497257493e-01
8.288800000000001091e+02,9.972462897583816988e-01
8.293999999999999773e+02,9.971465686469311862e-01
8.299200000000000728e+02,9.970443809220767006e-01
8.304399999999999409e+02,9.969419051027127443e-01
8.309600000000000364e+02,9.968375962302618021e-01
8.314800000000000182e+02,9.967327321330776702e-01
8.320000000000000000e+02,9.966257856126637948e-01
8.325199999999999818e+02,9.965180720964226246e-01
8.330399999999999636e+02,9.964085070150083823e-01
8.335599999999999454e+02,9.962977728236641628e-01
8.340800000000000409e+02,9.961850382354434652e-01
8.345999999999999091e+02,9.960711089870092350e-01
8.351200000000000045e+02,9.959557534288249192e-01
8.356399999999998727e+02,9.958392829084110609e-01
8.361599999999999682e+02,9.957218076650299343e-01
8.366800000000000637e+02,9.956021074398259119e-01
8.372000000000000455e+02,9.954809636194117406e-01
8.377200000000000273e+02,9.953583769612277532e-01
8.382400000000000091e+02,9.952351327422135352e-01
8.387599999999999909e+02,9.951090662697628098e-01
8.392799999999999727e+02,9.949821309445585626e-01
8.398000000000000682e+02,9.948529850631443461e-01
8.403199999999999363e+02,9.947234125659604187e-01
8.408400000000000318e+02,9.945909419136164109e-01
8.413599999999999000e+02,9.944582184873621555e-01
8.418799999999999955e+02,9.943228798439814886e-01
8.423999999999999773e+02,9.941872518187768737e-01
8.429200000000000728e+02,9.940482014373630548e-01
8.434399999999999409e+02,9.939087681401790331e-01
8.439600000000000364e+02,9.937671006878344704e-01
8.444799999999999045e+02,9.936245908615808364e-01
8.450000000000000000e+02,9.934792351812166133e-01
8.455200000000000955e+02,9.933329211230326194e-01
8.460399999999999636e+02,9.931844095026183261e-01
8.465600000000000591e+02,9.930344800533977834e-01
8.470799999999999272e+02,9.928822833010532145e-01
8.476000000000000227e+02,9.927286470747989089e-01
8.481200000000000045e+02,9.925732969224548841e-01
8.486400000000001000e+02,9.924162575362508454e-01
8.491599999999999682e+02,9.922577539158368154e-01
8.496800000000000637e+02,9.920969851576528775e-01
8.501999999999999318e+02,9.919348100053086981e-01
8.507200000000000273e+02,9.917700846471245724e-01
8.512400000000000091e+02,9.916042047598703224e-01
8.517599999999999909e+02,9.914355216961961981e-01
8.522799999999999727e+02,9.912659702380118842e-01
8.527999999999999545e+02,9.910933119285780801e-01
8.533199999999999363e+02,9.909200747703938994e-01
8.538400000000000318e+02,9.907439355122098501e-01
8.543600000000001273e+02,9.905675619598659498e-01
8.548799999999999955e+02,9.903869679726118314e-01
8.554000000000000909e+02,9.902060657812676858e-01
8.559199999999999591e+02,9.900212670141202986e-01
8.564400000000000546e+02,9.898359886559359166e-01
8.569600000000000364e+02,9.896480347745220119e-01
8.574800000000000182e+02,9.894591245163375515e-01
8.580000000000000000e+02,9.892669667359738073e-01
8.585199999999999818e+02,9.890735253777894753e-01
8.590399999999999636e+02,9.888771617905356415e-01
8.595600000000000591e+02,9.886793792381917134e-01
8.600799999999999272e+02,9.884793461076775145e-01
8.606000000000000227e+02,9.882773582494935871e-01
8.611199999999998909e+02,9.880731216881860624e-01
8.616399999999999864e+02,9.878666037009319334e-01
8.621599999999999682e+02,9.876581627427478693e-01
8.626800000000000637e+02,9.874468090294038491e-01
8.631999999999999318e+02,9.872336298712193203e-01
8.637200000000000273e+02,9.870178974130352501e-01
8.642400000000000091e+02,9.868010466226582178e-01
8.647599999999999909e+02,9.865809549644740661e-01
8.652800000000000864e+02,9.863599003339599269e-01
8.657999999999999545e+02,9.861348386816156664e-01
8.663200000000000500e+02,9.859090458624315545e-01
8.668399999999999181e+02,9.856793778662144012e-01
8.673600000000000136e+02,9.854493810138704735e-01
8.678799999999999955e+02,9.852146646276661590e-01
8.684000000000000909e+02,9.849796211084822506e-01
8.689199999999999591e+02,9.847406994413347991e-01
8.694400000000000546e+02,9.845010502875906067e-01
8.699599999999999227e+02,9.842574079294065248e-01
8.704800000000000182e+02,9.840126553102227502e-01
8.710000000000000000e+02,9.837642909430749372e-01
8.715199999999999818e+02,9.835144325907311247e-01
8.720399999999999636e+02,9.832613485715467894e-01
8.725599999999999454e+02,9.830066170043997298e-01
8.730800000000000409e+02,9.827493099448152414e-01
8.736000000000000227e+02,9.824895696314711602e-01
8.741200000000001182e+02,9.822270248643241164e-01
8.746399999999999864e+02,9.819616065451400866e-01
8.751600000000000819e+02,9.816938263869562364e-01
8.756799999999999500e+02,9.814234195256483773e-01
8.762000000000000455e+02,9.811514169064644575e-01
8.767200000000000273e+02,9.808757541749005826e-01
8.772400000000000091e+02,9.805984967467533675e-01
8.777599999999999909e+02,9.803171739885688796e-01
8.782799999999999727e+02,9.800346760752248754e-01
8.787999999999999545e+02,9.797481543080777122e-01
8.793200000000000500e+02,9.794609208165636627e-01
8.798399999999999181e+02,9.791683208494161850e-01
8.803600000000000136e+02,9.788752951302321925e-01
8.808799999999998818e+02,9.785775722778878860e-01
8.813999999999999773e+02,9.782794073497407261e-01
8.819199999999999591e+02,9.779764282291567579e-01
8.824400000000000546e+02,9.776726072620093300e-01
8.829600000000000364e+02,9.773643893428254348e-01
8.834800000000000182e+02,9.770549083756779885e-01
8.840000000000000000e+02,9.767414335564938987e-01
8.845199999999999818e+02,9.764262940618564368e-01
8.850400000000000773e+02,9.761075864036722338e-01
8.855599999999999454e+02,9.757865803755250145e-01
8.860800000000000409e+02,9.754620981563409954e-01
8.865999999999999091e+02,9.751348782172135632e-01
8.871200000000000045e+02,9.748046088256996367e-01
8.876399999999999864e+02,9.744714649975523280e-01
8.881600000000000819e+02,9.741359582783682969e-01
8.886799999999999500e+02,9.737971542879908515e-01
8.892000000000000455e+02,9.734563906964768254e-01
8.897199999999999136e+02,9.731112045683295575e-01
8.902400000000000091e+02,9.727641385491455628e-01
8.907599999999999909e+02,9.724129873209979014e-01
8.912799999999999727e+02,9.720606804628140196e-01
8.918000000000000682e+02,9.717034143623368703e-01
8.923199999999999363e+02,9.713453404711727135e-01
8.928400000000000318e+02,9.709818594430252858e-01
8.933600000000000136e+02,9.706179341148779560e-01
8.938800000000001091e+02,9.702477852233639677e-01
8.943999999999999773e+02,9.698771754562165448e-01
8.949200000000000728e+02,9.695017871428724954e-01
8.954399999999999409e+02,9.691253279423953648e-01
8.959600000000000364e+02,9.687436505142476006e-01
8.964800000000000182e+02,9.683604239230837463e-01
8.970000000000000000e+02,9.679724254949364504e-01
8.975199999999999818e+02,9.675825884034222613e-01
8.980399999999999636e+02,9.671888334752749561e-01
8.985599999999999454e+02,9.667927820471277078e-01
8.990800000000000409e+02,9.663932403279439365e-01
8.995999999999999091e+02,9.659907297274661353e-01
9.001200000000000045e+02,9.655848973273388758e-01
9.006399999999998727e+02,9.651755816081551975e-01
9.011599999999999682e+02,9.647634659076776975e-01
9.016800000000000637e+02,9.643473854795303613e-01
9.022000000000000455e+02,9.639289628513831865e-01
9.027200000000000273e+02,9.635060954321991167e-01
9.032400000000000091e+02,9.630813840317218322e-01
9.037599999999999909e+02,9.626521535705946375e-01
9.042799999999999727e+02,9.622216749514105327e-01
9.048000000000000682e+02,9.617853137509331241e-01
9.053199999999999363e+02,9.613480096227858818e-01
9.058400000000000318e+02,9.609047890946387227e-01
9.063599999999999000e+02,9.604610870602143802e-01
9.068799999999999955e+02,9.600106770320667726e-01
9.073999999999999773e+02,9.595597292429197678e-01
9.079200000000000728e+02,9.591035305424425728e-01
9.084399999999999409e+02,9.586461843174185482e-01
9.089600000000000364e+02,9.581831805892708775e-01
9.094799999999999045e+02,9.577184941168137566e-01
9.100000000000000000e+02,9.572486698276666539e-01
9.105200000000000955e+02,9.567768168995191003e-01
9.110399999999999636e+02,9.563006850803350556e-01
9.115600000000000591e+02,9.558220462798578954e-01
9.120799999999999272e+02,9.553396288187306906e-01
9.126000000000000227e+02,9.548537085182532413e-01
9.131200000000000045e+02,9.543639521901059464e-01
9.136400000000001000e+02,9.538706920099221387e-01
9.141599999999999682e+02,9.533746504665344679e-01
9.146800000000000637e+02,9.528742817383870634e-01
9.151999999999999318e+02,9.523714196433996637e-01
9.157200000000000273e+02,9.518637116429227163e-01
9.162400000000000091e+02,9.513540263537754171e-01
9.167599999999999909e+02,9.508389599536476444e-01
9.172799999999999727e+02,9.503224730621339100e-01
9.177999999999999545e+02,9.498000693729867772e-01
9.183199999999999363e+02,9.492767619448393424e-01
9.188400000000000318e+02,9.487470180404520281e-01
9.193600000000001273e+02,9.482167353064649973e-01
9.198799999999999955e+02,9.476797867059876257e-01
9.204000000000000909e+02,9.471421671168406275e-01
9.209199999999999591e+02,9.465984155167130876e-01
9.214400000000000546e+02,9.460533636552354020e-01
9.219600000000000364e+02,9.455022536270883959e-01
9.224800000000000182e+02,9.449494221379414194e-01
9.230000000000000000e+02,9.443914910976769495e-01
9.235199999999999818e+02,9.438313213085297582e-01
9.240399999999999636e+02,9.432665862470522855e-01
9.245600000000000591e+02,9.426988479189054582e-01
9.250799999999999272e+02,9.421267795577780158e-01
9.256000000000000227e+02,9.415513988573007698e-01
9.261199999999998909e+02,9.409724883623135083e-01
9.266399999999999864e+02,9.403894804189260048e-01
9.271599999999999682e+02,9.398032310297786962e-01
9.276800000000000637e+02,9.392126369406316178e-01
9.281999999999999318e+02,9.386195885401542593e-01
9.287200000000000273e+02,9.380212742731870446e-01
9.292400000000000091e+02,9.374208871117097885e-01
9.297599999999999909e+02,9.368146609126324353e-01
9.302800000000000864e+02,9.362069188515049767e-01
9.307999999999999545e+02,9.355932594841879224e-01
9.313200000000000500e+02,9.349786962560409087e-01
9.318399999999999181e+02,9.343572004225827454e-01
9.323600000000000136e+02,9.337351270334356412e-01
9.328799999999999955e+02,9.331058913920654563e-01
9.334000000000000909e+02,9.324759660580782539e-01
9.339199999999999591e+02,9.318399081969506170e-01
9.344400000000000546e+02,9.312024550354733865e-01
9.349599999999999227e+02,9.305585255463260097e-01
9.354800000000000182e+02,9.299128746970988235e-01
9.360000000000000000e+02,9.292621437079516822e-01
9.365199999999999818e+02,9.286089639464742973e-01
9.370399999999999636e+02,9.279508941853468196e-01
9.375599999999999454e+02,9.272898017180299934e-01
9.380800000000000409e+02,9.266243986189527382e-01
9.386000000000000227e+02,9.259554154488619515e-01
9.391200000000001182e+02,9.252826545815446835e-01
9.396399999999999864e+02,9.246060645923973587e-01
9.401600000000000819e+02,9.239264825880101339e-01
9.406799999999999500e+02,9.232418671988631420e-01
9.412000000000000455e+02,9.225544337315455534e-01
9.417200000000000273e+02,9.218617356704184029e-01
9.422400000000000091e+02,9.211669658609780154e-01
9.427599999999999909e+02,9.204663379950607238e-01
9.432799999999999727e+02,9.197642318616031654e-01
9.437999999999999545e+02,9.190557121724561851e-01
9.443200000000000500e+02,9.183462698331582574e-01
9.448399999999999181e+02,9.176298368730815280e-01
9.453600000000000136e+02,9.169128461026410104e-01
9.458799999999998818e+02,9.161892492415135703e-01
9.463999999999999773e+02,9.154648100465263560e-01
9.469199999999999591e+02,9.147333406141189283e-01
9.474400000000000546e+02,9.140005326529917484e-01
9.479600000000000364e+02,9.132617270767116047e-01
9.484800000000000182e+02,9.125210268875644237e-01
9.490000000000000000e+02,9.117748628773370001e-01
9.495199999999999818e+02,9.110262503881895180e-01
9.500400000000000773e+02,9.102727721457688492e-01
9.505599999999999454e+02,9.095162319188517808e-01
9.510800000000000409e+02,9.087554172573744093e-01
9.515999999999999091e+02,9.079909851962473244e-01
9.521200000000000045e+02,9.072228153199665135e-01
9.526399999999999864e+02,9.064501859879090517e-01
9.531600000000000819e+02,9.056741639264318522e-01
9.536799999999999500e+02,9.048937193314448013e-01
9.542000000000000455e+02,9.041108959180943483e-01
9.547199999999999136e+02,9.033227315621071840e-01
9.552400000000000091e+02,9.025325531286496616e-01
9.557599999999999909e+02,9.017364970582091299e-01
9.562799999999999727e+02,9.009389818922918236e-01
9.568000000000000682e+02,9.001350169588347994e-01
9.573199999999999363e+02,8.993301685548844571e-01
9.578400000000000318e+02,8.985182933894968471e-01
9.583600000000000136e+02,8.977058602003499255e-01
9.588800000000001091e+02,8.968863226520891185e-01
9.593999999999999773e+02,8.960659806920119319e-01
9.599200000000000728e+02,8.952391052636948787e-01
9.604399999999999409e+02,8.944108716936041148e-01
9.609600000000000364e+02,8.935766593321268214e-01
9.614800000000000182e+02,8.927404963942295879e-01
9.620000000000000000e+02,8.918989503627889892e-01
9.625199999999999818e+02,8.910550700958219661e-01
9.630399999999999636e+02,8.902067038634146057e-01
9.635599999999999454e+02,8.893552562261338723e-01
9.640800000000000409e+02,8.884995536650068804e-01
9.645999999999999091e+02,8.876402158177963964e-01
9.651200000000000045e+02,8.867771794956692544e-01
9.656399999999998727e+02,8.859099125341918235e-01
9.661599999999999682e+02,8.850395405873312527e-01
9.666800000000000637e+02,8.841643819648539182e-01
9.672000000000000455e+02,8.832866546179937162e-01
9.677200000000000273e+02,8.824039882955166947e-01
9.682400000000000091e+02,8.815194422281991127e-01
9.687599999999999909e+02,8.806289998871785762e-01
9.692799999999999727e+02,8.797371371588613709e-01
9.698000000000000682e+02,8.788392443887707017e-01
9.703199999999999363e+02,8.779405635895234372e-01
9.708400000000000318e+02,8.770348178194330435e-01
9.713599999999999000e+02,8.761285528911157972e-01
9.718799999999999955e+02,8.752157010777651402e-01
9.723999999999999773e+02,8.743020259217777479e-01
9.729200000000000728e+02,8.733818554084274988e-01
9.734399999999999409e+02,8.724603654524401009e-01
9.739600000000000364e+02,8.715333767189827885e-01
9.744799999999999045e+02,8.706045516107721038e-01
9.750000000000000000e+02,8.696707417496450931e-01
9.755200000000000955e+02,8.687343888123645330e-01
9.760399999999999636e+02,8.677932456803073569e-01
9.765600000000000591e+02,8.668494227430268984e-01
9.770799999999999272e+02,8.659019938386393056e-01
9.776000000000000227e+02,8.649508732736891359e-01
9.781200000000000045e+02,8.639960945702684914e-01
9.786400000000001000e+02,8.630373903043515593e-01
9.791599999999999682e+02,8.620757880950906671e-01
9.796800000000000637e+02,8.611097469626834977e-01
9.801999999999999318e+02,8.601413301257533339e-01
9.807200000000000273e+02,8.591679341032759654e-01
9.812400000000000091e+02,8.581927157564154252e-01
9.817599999999999909e+02,8.572119839339382708e-01
9.822799999999999727e+02,8.562299475537478166e-01
9.827999999999999545e+02,8.552423201646002227e-01
9.833199999999999363e+02,8.542540009553398761e-01
9.838400000000000318e+02,8.532585992471295455e-01
9.843600000000001273e+02,8.522626976860024905e-01
9.848799999999999955e+02,8.512612765777918256e-01
9.854000000000000909e+02,8.502589555556642198e-01
9.859199999999999591e+02,8.492502021084538111e-01
9.864400000000000546e+02,8.482402051991937419e-01
9.869600000000000364e+02,8.472251270490464004e-01
9.874800000000000182e+02,8.462083467688557015e-01
9.880000000000000000e+02,8.451870049353985559e-01
9.885199999999999818e+02,8.441634431995180821e-01
9.890399999999999636e+02,8.431357990960975934e-01
9.895600000000000591e+02,8.421052462968502406e-01
9.900799999999999272e+02,8.410707841599196488e-01
9.906000000000000227e+02,8.400331448185491823e-01
9.911199999999998909e+02,8.389923997905823772e-01
9.916399999999999864e+02,8.379479982533015736e-01
9.921599999999999682e+02,8.369009507879140441e-01
9.926800000000000637e+02,8.358497683229639819e-01
9.931999999999999318e+02,8.347964376096133066e-01
9.937200000000000273e+02,8.337388562093159816e-01
9.942400000000000091e+02,8.326797393734352015e-01
9.947599999999999909e+02,8.316151106700152562e-01
9.952800000000000864e+02,8.305491977707677442e-01
9.957999999999999545e+02,8.294781501338372998e-01
9.963200000000000500e+02,8.284064475314669718e-01
9.968399999999999181e+02,8.273291935222063520e-01
9.973600000000000136e+02,8.262514397843091496e-01
9.978799999999999955e+02,8.251671755528686703e-01
9.984000000000000909e+02,8.240822605726781935e-01
9.989199999999999591e+02,8.229927625166908456e-01
9.994400000000000546e+02,8.219019833423404364e-01
9.999599999999999227e+02,8.208061825050597671e-01
1.000480000000000018e+03,8.197089471681295869e-01
1.001000000000000000e+03,8.186078973027421934e-01
1.001519999999999982e+03,8.175046284654615691e-01
1.002039999999999964e+03,8.163972954852711794e-01
1.002559999999999945e+03,8.152874748261609295e-01
1.003080000000000041e+03,8.141743585549333639e-01
1.003600000000000023e+03,8.130585980456730422e-01
1.004120000000000118e+03,8.119402464156324495e-01
1.004639999999999986e+03,8.108182212063721472e-01
1.005160000000000082e+03,8.096935913071248159e-01
1.005679999999999950e+03,8.085658184760341483e-01
1.006200000000000045e+03,8.074364499958438524e-01
1.006720000000000027e+03,8.063024326876334635e-01
1.007240000000000009e+03,8.051667862873359560e-01
1.007759999999999991e+03,8.040272867572957338e-01
1.008279999999999973e+03,8.028869208870353935e-01
1.008799999999999955e+03,8.017413885068447321e-01
1.009320000000000050e+03,8.005952412477342905e-01
1.009839999999999918e+03,7.994440155765070166e-01
1.010360000000000014e+03,7.982923657672463813e-01
1.010879999999999882e+03,7.971357384313659811e-01
1.011399999999999977e+03,7.959784601279454863e-01
1.011919999999999959e+03,7.948165799197350889e-01
1.012440000000000055e+03,7.936537628494746421e-01
1.012960000000000036e+03,7.924871679505773869e-01
1.013480000000000018e+03,7.913191003191367701e-01
1.014000000000000000e+03,7.901472727389463602e-01
1.014519999999999982e+03,7.889735517296858625e-01
1.015040000000000077e+03,7.877964781938053829e-01
1.015559999999999945e+03,7.866173554584550143e-01
1.016080000000000041e+03,7.854355457491946080e-01
1.016599999999999909e+03,7.842513233222774272e-01
1.017120000000000005e+03,7.830647995130166628e-01
1.017639999999999986e+03,7.818751920106463693e-01
1.018160000000000082e+03,7.806834354403858756e-01
1.018679999999999950e+03,7.794888646325254244e-01
1.019200000000000045e+03,7.782929115952450516e-01
1.019719999999999914e+03,7.770934351208944602e-01
1.020240000000000009e+03,7.758927494797039914e-01
1.020759999999999991e+03,7.746881929237168229e-01
1.021279999999999973e+03,7.734827901435263886e-01
1.021800000000000068e+03,7.722736146732658291e-01
1.022319999999999936e+03,7.710640158708953473e-01
1.022840000000000032e+03,7.698497985339648464e-01
1.023360000000000014e+03,7.686352535927744034e-01
1.023880000000000109e+03,7.674167433845640041e-01
1.024400000000000091e+03,7.661976777753034540e-01
1.024920000000000073e+03,7.649749676122830078e-01
1.025440000000000055e+03,7.637513773750025381e-01
1.025960000000000036e+03,7.625244658948118204e-01
1.026480000000000018e+03,7.612961963536215571e-01
1.027000000000000000e+03,7.600645737163412852e-01
1.027519999999999982e+03,7.588318016084805162e-01
1.028039999999999964e+03,7.575970139440603157e-01
1.028559999999999945e+03,7.563601580358498833e-01
1.029079999999999927e+03,7.551206532745523559e-01
1.029599999999999909e+03,7.538792526666918681e-01
1.030119999999999891e+03,7.526360677584815750e-01
1.030639999999999873e+03,7.513907175882210687e-01
1.031160000000000082e+03,7.501438690138706455e-01
1.031680000000000064e+03,7.488945481159402506e-01
1.032200000000000045e+03,7.476440169077295250e-01
1.032720000000000027e+03,7.463903448665392126e-01
1.033240000000000009e+03,7.451356368572787936e-01
1.033759999999999991e+03,7.438783006490683469e-01
1.034279999999999973e+03,7.426204250860477529e-01
1.034799999999999955e+03,7.413592352767872651e-01
1.035319999999999936e+03,7.400976987075766900e-01
1.035840000000000146e+03,7.388325386983163323e-01
1.036359999999999900e+03,7.375671475571258240e-01
1.036880000000000109e+03,7.362987814403022524e-01
1.037399999999999864e+03,7.350299744420217829e-01
1.037920000000000073e+03,7.337584639008313259e-01
1.038440000000000055e+03,7.324861495264808342e-01
1.038960000000000036e+03,7.312109537282004412e-01
1.039480000000000018e+03,7.299348582203398772e-01
1.040000000000000000e+03,7.286565004500794585e-01
1.040519999999999982e+03,7.273772032698889722e-01
1.041039999999999964e+03,7.260962319006786236e-01
1.041559999999999945e+03,7.248138621914181901e-01
1.042079999999999927e+03,7.235297263225575204e-01
1.042600000000000136e+03,7.222439614813670472e-01
1.043119999999999891e+03,7.209566961499266347e-01
1.043640000000000100e+03,7.196678402087360871e-01
1.044159999999999854e+03,7.183779458285457498e-01
1.044680000000000064e+03,7.170862691302654079e-01
1.045200000000000045e+03,7.157937476524417475e-01
1.045720000000000027e+03,7.144988481722510665e-01
1.046240000000000009e+03,7.132031782019907507e-01
1.046759999999999991e+03,7.119057405327804400e-01
1.047279999999999973e+03,7.106079540525898075e-01
1.047799999999999955e+03,7.093073136546591551e-01
1.048319999999999936e+03,7.080063843134688506e-01
1.048839999999999918e+03,7.067033811052583214e-01
1.049360000000000127e+03,7.054002230408378260e-01
1.049880000000000109e+03,7.040950858906842580e-01
1.050400000000000091e+03,7.027895842104937563e-01
1.050920000000000073e+03,7.014818162122131717e-01
1.051440000000000055e+03,7.001735883433528596e-01
1.051960000000000036e+03,6.988637230021624847e-01
1.052480000000000018e+03,6.975532252929017574e-01
1.053000000000000000e+03,6.962412479236913532e-01
1.053519999999999982e+03,6.949285046735378391e-01
1.054039999999999964e+03,6.936144158032774287e-01
1.054559999999999945e+03,6.922994055954169168e-01
1.055079999999999927e+03,6.909832193542265744e-01
1.055599999999999909e+03,6.896659403559458612e-01
1.056119999999999891e+03,6.883476431147556029e-01
1.056640000000000100e+03,6.870284211256019180e-01
1.057159999999999854e+03,6.857085416553415635e-01
1.057680000000000064e+03,6.843876076861308277e-01
1.058199999999999818e+03,6.830661540172704438e-01
1.058720000000000027e+03,6.817435257760799949e-01
1.059240000000000009e+03,6.804204904578561308e-01
1.059759999999999991e+03,6.790957095166658686e-01
1.060279999999999973e+03,6.777705817474555250e-01
1.060799999999999955e+03,6.764444889771946690e-01
1.061320000000000164e+03,6.751182972360043610e-01
1.061839999999999918e+03,6.737905499581807733e-01
1.062360000000000127e+03,6.724626864889703404e-01
1.062879999999999882e+03,6.711333402797097225e-01
1.063400000000000091e+03,6.698038403385194739e-01
1.063920000000000073e+03,6.684734317883658239e-01
1.064440000000000055e+03,6.671427934181053399e-01
1.064960000000000036e+03,6.658113408488949281e-01
1.065480000000000018e+03,6.644794088077045080e-01
1.066000000000000000e+03,6.631463605298805186e-01
1.066519999999999982e+03,6.618131186596201143e-01
1.067039999999999964e+03,6.604795441184300175e-01
1.067559999999999945e+03,6.591452583492193318e-01
1.068080000000000155e+03,6.578101046699956767e-01
1.068599999999999909e+03,6.564746794898053128e-01
1.069120000000000118e+03,6.551389799486148080e-01
1.069639999999999873e+03,6.538026461074241125e-01
1.070160000000000082e+03,6.524659047282006519e-01
1.070680000000000064e+03,6.511287938313201629e-01
1.071200000000000045e+03,6.497915241901297545e-01
1.071720000000000027e+03,6.484538279399761906e-01
1.072240000000000009e+03,6.471160129697157704e-01
1.072759999999999991e+03,6.457773325285252053e-01
1.073279999999999973e+03,6.444384595593147802e-01
1.073799999999999955e+03,6.430995762091609169e-01
1.074319999999999936e+03,6.417607088389005732e-01
1.074839999999999918e+03,6.404212976977099459e-01
1.075360000000000127e+03,6.390818469475563202e-01
1.075879999999999882e+03,6.377418899786959638e-01
1.076400000000000091e+03,6.364018747745755489e-01
1.076919999999999845e+03,6.350613907634217181e-01
1.077440000000000055e+03,6.337209061222314199e-01
1.077960000000000036e+03,6.323804305810409865e-01
1.078480000000000018e+03,6.310399350018172093e-01
1.079000000000000000e+03,6.296994323606268651e-01
1.079519999999999982e+03,6.283587361914163560e-01
1.080039999999999964e+03,6.270177054412626738e-01
1.080559999999999945e+03,6.256769002710022010e-01
1.081079999999999927e+03,6.243363741298116887e-01
1.081599999999999909e+03,6.229955781796582270e-01
1.082120000000000118e+03,6.216545288107976353e-01
1.082639999999999873e+03,6.203137801086072711e-01
1.083160000000000082e+03,6.189732551955235973e-01
1.083679999999999836e+03,6.176330694543331612e-01
1.084200000000000045e+03,6.162930336041793078e-01
1.084720000000000027e+03,6.149526071629889401e-01
1.085240000000000009e+03,6.136120419927285630e-01
1.085759999999999991e+03,6.122723500425748533e-01
1.086279999999999973e+03,6.109328279403845041e-01
1.086800000000000182e+03,6.095932992711740050e-01
1.087319999999999936e+03,6.082537692210203684e-01
1.087840000000000146e+03,6.069147649449198045e-01
1.088359999999999900e+03,6.055758164947661060e-01
1.088880000000000109e+03,6.042378325925756855e-01
1.089400000000000091e+03,6.028998476513852678e-01
1.089920000000000073e+03,6.015618547735616106e-01
1.090440000000000055e+03,6.002241090752812314e-01
1.090960000000000036e+03,5.988871567251274897e-01
1.091480000000000018e+03,5.975503556229370128e-01
1.092000000000000000e+03,5.962139110669433251e-01
1.092519999999999982e+03,5.948778654257529386e-01
1.093039999999999964e+03,5.935424631554923058e-01
1.093559999999999945e+03,5.922073058443388938e-01
1.094079999999999927e+03,5.908724088031482857e-01
1.094599999999999909e+03,5.895383492249746116e-01
1.095119999999999891e+03,5.882050299837841001e-01
1.095639999999999873e+03,5.868720125667904464e-01
1.096160000000000082e+03,5.855392009965302291e-01
1.096680000000000064e+03,5.842071093463766518e-01
1.097200000000000045e+03,5.828753187441860772e-01
1.097720000000000027e+03,5.815447470029954102e-01
1.098240000000000009e+03,5.802145176528419324e-01
1.098759999999999991e+03,5.788851784215813812e-01
1.099279999999999973e+03,5.775560077655877977e-01
1.099799999999999955e+03,5.762277858963773536e-01
1.100319999999999936e+03,5.748996390852236793e-01
1.100840000000000146e+03,5.735730518440331771e-01
1.101359999999999900e+03,5.722465395938796107e-01
1.101880000000000109e+03,5.709209939567791992e-01
1.102399999999999864e+03,5.695957729789554724e-01
1.102920000000000073e+03,5.682723202377648608e-01
1.103440000000000055e+03,5.669490958266113489e-01
1.103960000000000036e+03,5.656266664854209258e-01
1.104480000000000018e+03,5.643047328352671643e-01
1.105000000000000000e+03,5.629838617701466985e-01
1.105519999999999982e+03,5.616636004199931920e-01
1.106039999999999964e+03,5.603442880178026719e-01
1.106559999999999945e+03,5.590259668676490490e-01
1.107079999999999927e+03,5.577087499264584691e-01
1.107600000000000136e+03,5.563923696094649207e-01
1.108119999999999891e+03,5.550767088682744266e-01
1.108640000000000100e+03,5.537620193280508030e-01
1.109159999999999854e+03,5.524479192868603228e-01
1.109680000000000064e+03,5.511352664757066533e-01
1.110200000000000045e+03,5.498232410197130271e-01
1.110720000000000027e+03,5.485124514175224730e-01
1.111240000000000009e+03,5.472019840393490542e-01
1.111759999999999991e+03,5.458937472981585382e-01
1.112279999999999973e+03,5.445859103520949152e-01
1.112799999999999955e+03,5.432794997109041679e-01
1.113319999999999936e+03,5.419732399997506667e-01
1.113839999999999918e+03,5.406690364585602371e-01
1.114360000000000127e+03,5.393650421474065482e-01
1.114880000000000109e+03,5.380634494914129373e-01
1.115400000000000091e+03,5.367621044892224580e-01
1.115920000000000073e+03,5.354620724099988793e-01
1.116440000000000055e+03,5.341626505078085341e-01
1.116960000000000036e+03,5.328652247518148588e-01
1.117480000000000018e+03,5.315684668496243326e-01
1.118000000000000000e+03,5.302731204384706354e-01
1.118519999999999982e+03,5.289788028883168902e-01
1.119039999999999964e+03,5.276860651802864899e-01
1.119559999999999945e+03,5.263942990301327951e-01
1.120079999999999927e+03,5.251036546708524044e-01
1.120599999999999909e+03,5.238144414206986621e-01
1.121119999999999891e+03,5.225263919037050897e-01
1.121640000000000100e+03,5.212396550625145730e-01
1.122159999999999854e+03,5.199536959513608725e-01
1.122680000000000064e+03,5.186699322491704622e-01
1.123199999999999818e+03,5.173871031208469029e-01
1.123720000000000027e+03,5.161058939096933029e-01
1.124240000000000009e+03,5.148251605685029153e-01
1.124759999999999991e+03,5.135470953573492148e-01
1.125279999999999973e+03,5.122694866112853518e-01
1.125799999999999955e+03,5.109938218700951218e-01
1.126320000000000164e+03,5.097183276589413170e-01
1.126839999999999918e+03,5.084459232419475949e-01
1.127360000000000127e+03,5.071737664007572866e-01
1.127879999999999882e+03,5.059039705896039019e-01
1.128400000000000091e+03,5.046346903874131540e-01
1.128920000000000073e+03,5.033680431314193626e-01
1.129440000000000055e+03,5.021020256202658461e-01
1.129960000000000036e+03,5.008379703180754206e-01
1.130480000000000018e+03,4.995747550330118525e-01
1.131000000000000000e+03,4.983133115218581488e-01
1.131519999999999982e+03,4.970533366196677183e-01
1.132039999999999964e+03,4.957955336695140658e-01
1.132559999999999945e+03,4.945387416525204305e-01
1.133080000000000155e+03,4.932830371503300615e-01
1.133599999999999909e+03,4.920293548001762884e-01
1.134120000000000118e+03,4.907773116831826155e-01
1.134639999999999873e+03,4.895272337720288358e-01
1.135160000000000082e+03,4.882783178308383598e-01
1.135680000000000064e+03,4.870312523138448091e-01
1.136200000000000045e+03,4.857849482026912469e-01
1.136720000000000027e+03,4.845415070281706704e-01
1.137240000000000009e+03,4.832988485431071179e-01
1.137759999999999991e+03,4.820584378319535124e-01
1.138279999999999973e+03,4.808184070297629731e-01
1.138799999999999955e+03,4.795817933127692334e-01
1.139319999999999936e+03,4.783454463626156117e-01
1.139839999999999918e+03,4.771121911514621394e-01
1.140360000000000127e+03,4.758792224434317264e-01
1.140879999999999882e+03,4.746491107322780567e-01
1.141400000000000091e+03,4.734195911211242502e-01
1.141919999999999845e+03,4.721931244740939504e-01
1.142440000000000055e+03,4.709674414629402284e-01
1.142960000000000036e+03,4.697441047517864621e-01
1.143480000000000018e+03,4.685217789347928541e-01
1.144000000000000000e+03,4.673015861326025311e-01
1.144519999999999982e+03,4.660828450101188736e-01
1.145039999999999964e+03,4.648662999931251760e-01
1.145559999999999945e+03,4.636514909819715036e-01
1.146079999999999927e+03,4.624386054507111377e-01
1.146599999999999909e+03,4.612274391337174428e-01
1.147120000000000118e+03,4.600176861225638292e-01
1.147639999999999873e+03,4.588102416724101351e-01
1.148160000000000082e+03,4.576041312643798209e-01
1.148679999999999836e+03,4.564006350532261447e-01
1.149200000000000045e+03,4.551981868420724164e-01
1.149720000000000027e+03,4.539986022250785958e-01
1.150240000000000009e+03,4.527998186228882060e-01
1.150759999999999991e+03,4.516041847058946401e-01
1.151279999999999973e+03,4.504090463224109109e-01
1.151800000000000182e+03,4.492168457722572339e-01
1.152319999999999936e+03,4.480249303552635842e-01
1.152840000000000146e+03,4.468371021530732068e-01
1.153359999999999900e+03,4.456496369419195580e-01
1.153880000000000109e+03,4.444654525249258636e-01
1.154400000000000091e+03,4.432819164137722368e-01
1.154920000000000073e+03,4.421014122967785731e-01
1.155440000000000055e+03,4.409218061945881506e-01
1.155960000000000036e+03,4.397449500834344494e-01
1.156480000000000018e+03,4.385692963664409305e-01
1.157000000000000000e+03,4.373960833829572681e-01
1.157519999999999982e+03,4.362245703659636265e-01
1.158039999999999964e+03,4.350555592637730951e-01
1.158559999999999945e+03,4.338883034526194171e-01
1.159079999999999927e+03,4.327229351356258191e-01
1.159599999999999909e+03,4.315596093854722204e-01
1.160119999999999891e+03,4.303979062684786250e-01
1.160639999999999873e+03,4.292388559573248052e-01
1.161160000000000082e+03,4.280813134831544797e-01
1.161680000000000064e+03,4.269264054661607855e-01
1.162200000000000045e+03,4.257725277826772126e-01
1.162720000000000027e+03,4.246219524656834610e-01
1.163240000000000009e+03,4.234722546545299227e-01
1.163759999999999991e+03,4.223257470433763316e-01
1.164279999999999973e+03,4.211797164353458522e-01
1.164799999999999955e+03,4.200376164241919619e-01
1.165319999999999936e+03,4.188958402071984999e-01
1.165840000000000146e+03,4.177576527350449487e-01
1.166359999999999900e+03,4.166198659457212572e-01
1.166880000000000109e+03,4.154858412345674989e-01
1.167399999999999864e+03,4.143525619234137425e-01
1.167920000000000073e+03,4.132227181153834694e-01
1.168440000000000055e+03,4.120938097042297077e-01
1.168960000000000036e+03,4.109676301872361437e-01
1.169480000000000018e+03,4.098429971760823576e-01
1.170000000000000000e+03,4.087215137871088588e-01
1.170519999999999982e+03,4.076015386759551662e-01
1.171039999999999964e+03,4.064837008866314938e-01
1.171559999999999945e+03,4.053679066754778959e-01
1.172079999999999927e+03,4.042542706732873969e-01
1.172600000000000136e+03,4.031429826562938357e-01
1.173119999999999891e+03,4.020335080451400978e-01
1.173640000000000100e+03,4.009264019671465173e-01
1.174159999999999854e+03,3.998205940559928506e-01
1.174680000000000064e+03,3.987181659666692024e-01
1.175200000000000045e+03,3.976170541555155702e-01
1.175720000000000027e+03,3.965188632385219236e-01
1.176240000000000009e+03,3.954214161273683081e-01
1.176759999999999991e+03,3.943280761103746257e-01
1.177279999999999973e+03,3.932353276272410048e-01
1.177799999999999955e+03,3.921465498640505642e-01
1.178319999999999936e+03,3.910580964747269461e-01
1.178839999999999918e+03,3.899731739635732275e-01
1.179360000000000127e+03,3.888887672465795586e-01
1.179880000000000109e+03,3.878085649354258702e-01
1.180400000000000091e+03,3.867291262184323064e-01
1.180920000000000073e+03,3.856531018462786009e-01
1.181440000000000055e+03,3.845780325292849078e-01
1.181960000000000036e+03,3.835056778458014182e-01
1.182480000000000018e+03,3.824348884288076844e-01
1.183000000000000000e+03,3.813672298456741161e-01
1.183519999999999982e+03,3.803015185286804378e-01
1.184039999999999964e+03,3.792385555565268018e-01
1.184559999999999945e+03,3.781773880395331577e-01
1.185079999999999927e+03,3.771180927574495634e-01
1.185599999999999909e+03,3.760611654681258464e-01
1.186119999999999891e+03,3.750060524659354355e-01
1.186640000000000100e+03,3.739539770879418135e-01
1.187159999999999854e+03,3.729035627767880445e-01
1.187680000000000064e+03,3.718561648597945024e-01
1.188199999999999818e+03,3.708099500766607881e-01
1.188720000000000027e+03,3.697670588263371472e-01
1.189240000000000009e+03,3.687250078151835253e-01
1.189759999999999991e+03,3.676866240981899181e-01
1.190279999999999973e+03,3.666487559870362234e-01
1.190799999999999955e+03,3.656153765090425223e-01
1.191320000000000164e+03,3.645823406978888626e-01
1.191839999999999918e+03,3.635533522085653280e-01
1.192360000000000127e+03,3.625248214974116645e-01
1.192879999999999882e+03,3.615000340474379126e-01
1.193400000000000091e+03,3.604760878362843757e-01
1.193920000000000073e+03,3.594560019192907796e-01
1.194440000000000055e+03,3.584368704762071478e-01
1.194960000000000036e+03,3.574204301868834643e-01
1.195480000000000018e+03,3.564057660757298240e-01
1.196000000000000000e+03,3.553945586587362038e-01
1.196519999999999982e+03,3.543848796865825546e-01
1.197039999999999964e+03,3.533773208976088709e-01
1.197559999999999945e+03,3.523721113806152494e-01
1.198080000000000155e+03,3.513692511361315995e-01
1.198599999999999909e+03,3.503687975191379089e-01
1.199120000000000118e+03,3.493701387079842791e-01
1.199639999999999873e+03,3.483741927299907060e-01
1.200160000000000082e+03,3.473796982188369631e-01
1.200680000000000064e+03,3.463886418295132885e-01
1.201200000000000045e+03,3.453988650853796472e-01
1.201720000000000027e+03,3.444124499974560716e-01
1.202240000000000009e+03,3.434268365253023703e-01
1.202759999999999991e+03,3.424453894993455538e-01
1.203279999999999973e+03,3.414645158823518822e-01
1.203799999999999955e+03,3.404876130378682308e-01
1.204319999999999936e+03,3.395110535208746838e-01
1.204839999999999918e+03,3.385385260377410388e-01
1.205360000000000127e+03,3.375665339597473391e-01
1.205879999999999882e+03,3.365987246485938056e-01
1.206400000000000091e+03,3.356316985982701340e-01
1.206919999999999845e+03,3.346680530871164461e-01
1.207440000000000055e+03,3.337055350991928182e-01
1.207960000000000036e+03,3.327460726211990960e-01
1.208480000000000018e+03,3.317882335380654690e-01
1.209000000000000000e+03,3.308334887877418806e-01
1.209519999999999982e+03,3.298805015765881588e-01
1.210039999999999964e+03,3.289299230595945644e-01
1.210559999999999945e+03,3.279817133874409207e-01
1.211079999999999927e+03,3.270358525704473163e-01
1.211599999999999909e+03,3.260923985111604528e-01
1.212120000000000118e+03,3.251507210280267790e-01
1.212639999999999873e+03,3.242117759791031673e-01
1.213160000000000082e+03,3.232742642679495293e-01
1.213679999999999836e+03,3.223402102899559640e-01
1.214200000000000045e+03,3.214074164006323620e-01
1.214720000000000027e+03,3.204780035894785883e-01
1.215240000000000009e+03,3.195493926395049367e-01
1.215759999999999991e+03,3.186244894283513096e-01
1.216279999999999973e+03,3.177000638503576502e-01
1.216800000000000182e+03,3.167801653668740336e-01
1.217319999999999936e+03,3.158606109089870939e-01
1.217840000000000146e+03,3.149450692919935069e-01
1.218359999999999900e+03,3.140300247198399286e-01
1.218880000000000109e+03,3.131186665585362627e-01
1.219400000000000091e+03,3.122082250863825736e-01
1.219920000000000073e+03,3.113015845693888894e-01
1.220440000000000055e+03,3.103960714913953645e-01
1.220960000000000036e+03,3.094935971802417751e-01
1.221480000000000018e+03,3.085925942579380576e-01
1.222000000000000000e+03,3.076943250668912055e-01
1.222519999999999982e+03,3.067980417888975242e-01
1.223039999999999964e+03,3.059044706719039608e-01
1.223559999999999945e+03,3.050130020274202658e-01
1.224079999999999927e+03,3.041235972494266693e-01
1.224599999999999909e+03,3.032366377604530094e-01
1.225119999999999891e+03,3.023514353882993944e-01
1.225639999999999873e+03,3.014689654623425863e-01
1.226160000000000082e+03,3.005879485469289403e-01
1.226680000000000064e+03,2.997103887299353286e-01
1.227200000000000045e+03,2.988340704519415469e-01
1.227720000000000027e+03,2.979611342688078812e-01
1.228240000000000009e+03,2.970890014184842665e-01
1.228759999999999991e+03,2.962205950404906418e-01
1.229279999999999973e+03,2.953526475203738233e-01
1.229799999999999955e+03,2.944892292714501592e-01
1.230319999999999936e+03,2.936261552159865063e-01
1.230840000000000146e+03,2.927665760379928872e-01
1.231359999999999900e+03,2.919075512599992872e-01
1.231880000000000109e+03,2.910526730488455782e-01
1.232399999999999864e+03,2.901986359895588063e-01
1.232920000000000073e+03,2.893479413005851097e-01
1.233440000000000055e+03,2.884983925575015373e-01
1.233960000000000036e+03,2.876518832795079139e-01
1.234480000000000018e+03,2.868070371625142667e-01
1.235000000000000000e+03,2.859652315090674413e-01
1.235519999999999982e+03,2.851250105920737354e-01
1.236039999999999964e+03,2.842868505421001779e-01
1.236559999999999945e+03,2.834510989699465244e-01
1.237079999999999927e+03,2.826176621096928576e-01
1.237600000000000136e+03,2.817866710316991319e-01
1.238119999999999891e+03,2.809574386505823695e-01
1.238640000000000100e+03,2.801305937616087594e-01
1.239159999999999854e+03,2.793050095112850628e-01
1.239680000000000064e+03,2.784829028391314076e-01
1.240200000000000045e+03,2.776620196512077365e-01
1.240720000000000027e+03,2.768445574922709373e-01
1.241240000000000009e+03,2.760278596477872548e-01
1.241759999999999991e+03,2.752148883307937166e-01
1.242279999999999973e+03,2.744023764527999676e-01
1.242799999999999955e+03,2.735939157716832382e-01
1.243319999999999936e+03,2.727857994394495833e-01
1.243839999999999918e+03,2.719816578614559499e-01
1.244360000000000127e+03,2.711780323893023259e-01
1.244880000000000109e+03,2.703780581389786941e-01
1.245400000000000091e+03,2.695789429130218684e-01
1.245920000000000073e+03,2.687831730688881593e-01
1.246440000000000055e+03,2.679885679199645043e-01
1.246960000000000036e+03,2.671969810306408788e-01
1.247480000000000018e+03,2.664066934495240568e-01
1.248000000000000000e+03,2.656187596995503442e-01
1.248519999999999982e+03,2.648328706215566930e-01
1.249039999999999964e+03,2.640496569380730851e-01
1.249559999999999945e+03,2.632682970891495056e-01
1.250079999999999927e+03,2.624887347021926942e-01
1.250599999999999909e+03,2.617119411580589583e-01
1.251119999999999891e+03,2.609370963687353551e-01
1.251640000000000100e+03,2.601646792907417738e-01
1.252159999999999854e+03,2.593934877328549216e-01
1.252680000000000064e+03,2.586254108163912324e-01
1.253199999999999818e+03,2.578584044993976199e-01
1.253720000000000027e+03,2.570948192124407616e-01
1.254240000000000009e+03,2.563319982402871844e-01
1.254759999999999991e+03,2.555724650899635075e-01
1.255279999999999973e+03,2.548133139300599037e-01
1.255799999999999955e+03,2.540587326489430198e-01
1.256320000000000164e+03,2.533044765709494550e-01
1.256839999999999918e+03,2.525536776206258049e-01
1.257360000000000127e+03,2.518033752706520523e-01
1.257879999999999882e+03,2.510562459796052970e-01
1.258400000000000091e+03,2.503100722292816993e-01
1.258920000000000073e+03,2.495676656512879621e-01
1.259440000000000055e+03,2.488262723981911340e-01
1.259960000000000036e+03,2.480875169201975095e-01
1.260480000000000018e+03,2.473500798599438943e-01
1.261000000000000000e+03,2.466149940819502839e-01
1.261519999999999982e+03,2.458817238288533713e-01
1.262039999999999964e+03,2.451508234785297058e-01
1.262559999999999945e+03,2.444220643005361460e-01
1.263080000000000155e+03,2.436953333426492840e-01
1.263599999999999909e+03,2.429710851595157373e-01
1.264120000000000118e+03,2.422485561091919926e-01
1.264639999999999873e+03,2.415284552311983690e-01
1.265160000000000082e+03,2.408095792500814791e-01
1.265680000000000064e+03,2.400934381288279407e-01
1.266200000000000045e+03,2.393782348788542902e-01
1.266720000000000027e+03,2.386664696918974760e-01
1.267240000000000009e+03,2.379554296084138154e-01
1.267759999999999991e+03,2.372477175584401243e-01
1.268279999999999973e+03,2.365403504005533786e-01
1.268799999999999955e+03,2.358370730225597123e-01
1.269319999999999936e+03,2.351341011780760659e-01
1.269839999999999918e+03,2.344345700191391990e-01
1.270360000000000127e+03,2.337355358411455086e-01
1.270879999999999882e+03,2.330396773198919191e-01
1.271400000000000091e+03,2.323447168997750945e-01
1.271919999999999845e+03,2.316530437498015016e-01
1.272440000000000055e+03,2.309624215994777741e-01
1.272960000000000036e+03,2.302744187415909916e-01
1.273480000000000018e+03,2.295879250694373708e-01
1.274000000000000000e+03,2.289041100194637579e-01
1.274519999999999982e+03,2.282219004601769019e-01
1.275039999999999964e+03,2.275417359821832741e-01
1.275559999999999945e+03,2.268632160390995911e-01
1.276079999999999927e+03,2.261861896078327938e-01
1.276599999999999909e+03,2.255119908298390818e-01
1.277120000000000118e+03,2.248396653518455468e-01
1.277639999999999873e+03,2.241694805884687502e-01
1.278160000000000082e+03,2.235003091384950846e-01
1.278679999999999836e+03,2.228338915605013459e-01
1.279200000000000045e+03,2.221683733012145556e-01
1.279720000000000027e+03,2.215063331512408806e-01
1.280240000000000009e+03,2.208450006081572603e-01
1.280759999999999991e+03,2.201869936212004220e-01
1.281279999999999745e+03,2.195293499708767249e-01
1.281800000000000182e+03,2.188747669119399109e-01
1.282319999999999936e+03,2.182204897688563017e-01
1.282839999999999918e+03,2.175701719185327010e-01
1.283360000000000127e+03,2.169203316315758967e-01
1.283880000000000109e+03,2.162736643816021986e-01
1.284400000000000091e+03,2.156277802603485394e-01
1.284919999999999845e+03,2.149847640792317549e-01
1.285440000000000055e+03,2.143426843292581541e-01
1.285960000000000036e+03,2.137028056699712963e-01
1.286480000000000018e+03,2.130644941210476651e-01
1.287000000000000000e+03,2.124288032430540207e-01
1.287519999999999982e+03,2.117947560176272059e-01
1.288039999999999964e+03,2.111627353396334783e-01
1.288559999999999945e+03,2.105323577907098620e-01
1.289079999999999927e+03,2.099034912594430757e-01
1.289600000000000136e+03,2.092768044814494743e-01
1.290119999999999891e+03,2.086515909003326119e-01
1.290639999999999873e+03,2.080288633790790265e-01
1.291160000000000082e+03,2.074073029291052528e-01
1.291680000000000064e+03,2.067885331421485395e-01
1.292200000000000045e+03,2.061706428918248513e-01
1.292719999999999800e+03,2.055557930677980039e-01
1.293240000000000236e+03,2.049415754898043229e-01
1.293759999999999991e+03,2.043302054305175808e-01
1.294279999999999973e+03,2.037191227805439098e-01
1.294799999999999955e+03,2.031116540316202645e-01
1.295320000000000164e+03,2.025044728171734587e-01
1.295840000000000146e+03,2.019007154391797842e-01
1.296359999999999900e+03,2.012973979802429869e-01
1.296879999999999882e+03,2.006967755589893210e-01
1.297400000000000091e+03,2.000969562809956637e-01
1.297920000000000073e+03,1.995000065278988710e-01
1.298440000000000055e+03,1.989041459775752752e-01
1.298959999999999809e+03,1.983108474196884075e-01
1.299480000000000018e+03,1.977187334697148025e-01
1.300000000000000000e+03,1.971285723104279353e-01
1.300519999999999982e+03,1.965398445324342547e-01
1.301040000000000191e+03,1.959528371893506649e-01
1.301559999999999945e+03,1.953677621580838242e-01
1.302079999999999927e+03,1.947844110190901923e-01
1.302599999999999909e+03,1.942032765612033696e-01
1.303120000000000118e+03,1.936235951388997345e-01
1.303640000000000100e+03,1.930460544519428667e-01
1.304159999999999854e+03,1.924695268797892711e-01
1.304679999999999836e+03,1.918953729775924322e-01
1.305200000000000045e+03,1.913219667995987860e-01
1.305720000000000027e+03,1.907516357492750891e-01
1.306240000000000009e+03,1.901818969293382622e-01
1.306759999999999764e+03,1.896150289804146849e-01
1.307280000000000200e+03,1.890484304269678395e-01
1.307799999999999955e+03,1.884849471489742356e-01
1.308319999999999936e+03,1.879217128191073560e-01
1.308839999999999918e+03,1.873613885687837322e-01
1.309360000000000127e+03,1.868016187818269114e-01
1.309880000000000109e+03,1.862449627708532840e-01
1.310399999999999864e+03,1.856890140406364520e-01
1.310920000000000073e+03,1.851354977684828151e-01
1.311440000000000055e+03,1.845830900095459803e-01
1.311960000000000036e+03,1.840332435592223759e-01
1.312480000000000018e+03,1.834843919013355029e-01
1.313000000000000000e+03,1.829371676790318979e-01
1.313519999999999982e+03,1.823916067310750733e-01
1.314039999999999964e+03,1.818480359879914021e-01
1.314559999999999945e+03,1.813058601656877822e-01
1.315080000000000155e+03,1.807649278787309410e-01
1.315599999999999909e+03,1.802261940298072740e-01
1.316119999999999891e+03,1.796889149375404671e-01
1.316639999999999873e+03,1.791537969595468627e-01
1.317160000000000082e+03,1.786196551725899861e-01
1.317680000000000064e+03,1.780875223793563777e-01
1.318199999999999818e+03,1.775559835982395140e-01
1.318720000000000255e+03,1.770275410869159016e-01
1.319240000000000009e+03,1.764996912570490628e-01
1.319759999999999991e+03,1.759747122790554508e-01
1.320279999999999973e+03,1.754500028197686079e-01
1.320800000000000182e+03,1.749278933697949456e-01
1.321320000000000164e+03,1.744060514509081783e-01
1.321839999999999918e+03,1.738876137005844758e-01
1.322359999999999900e+03,1.733695780474876769e-01
1.322880000000000109e+03,1.728537605262340238e-01
1.323400000000000091e+03,1.723386502782772167e-01
1.323920000000000073e+03,1.718259726283035971e-01
1.324439999999999827e+03,1.713142701980867877e-01
1.324960000000000036e+03,1.708047275111299335e-01
1.325480000000000018e+03,1.702963896001563060e-01
1.326000000000000000e+03,1.697900039408694606e-01
1.326519999999999982e+03,1.692848042977857792e-01
1.327039999999999964e+03,1.687810212665189769e-01
1.327559999999999945e+03,1.682792270275254021e-01
1.328079999999999927e+03,1.677791166696385450e-01
1.328600000000000136e+03,1.672802884473348906e-01
1.329120000000000118e+03,1.667822654603780819e-01
1.329639999999999873e+03,1.662867837504544144e-01
1.330159999999999854e+03,1.657924305191876002e-01
1.330680000000000064e+03,1.653000856411939445e-01
1.331200000000000045e+03,1.648083540168171213e-01
1.331720000000000027e+03,1.643192828058434862e-01
1.332239999999999782e+03,1.638306916188866924e-01
1.332760000000000218e+03,1.633445089976330034e-01
1.333279999999999973e+03,1.628585370776961527e-01
1.333799999999999955e+03,1.623757191184093951e-01
1.334319999999999936e+03,1.618930729684357472e-01
1.334840000000000146e+03,1.614128601495488924e-01
1.335360000000000127e+03,1.609331442992252836e-01
1.335879999999999882e+03,1.604560698402884289e-01
1.336399999999999864e+03,1.599796060190347979e-01
1.336920000000000073e+03,1.595051506769179783e-01
1.337440000000000055e+03,1.590316704269443271e-01
1.337960000000000036e+03,1.585603555967274869e-01
1.338480000000000018e+03,1.580900530487706901e-01
1.339000000000000000e+03,1.576213573264670376e-01
1.339519999999999982e+03,1.571541147685802109e-01
1.340039999999999964e+03,1.566885755295865934e-01
1.340560000000000173e+03,1.562241461983197854e-01
1.341079999999999927e+03,1.557606943493961005e-01
1.341599999999999909e+03,1.552991737571292885e-01
1.342119999999999891e+03,1.548388593701724991e-01
1.342640000000000100e+03,1.543807253212488295e-01
1.343160000000000082e+03,1.539235674348219951e-01
1.343679999999999836e+03,1.534679982568283307e-01
1.344199999999999818e+03,1.530129278656114922e-01
1.344720000000000027e+03,1.525605142156378768e-01
1.345240000000000009e+03,1.521085786286810737e-01
1.345759999999999991e+03,1.516590748374642417e-01
1.346279999999999745e+03,1.512097638874905781e-01
1.346800000000000182e+03,1.507630717282038013e-01
1.347319999999999936e+03,1.503165901463001664e-01
1.347839999999999918e+03,1.498725035593432842e-01
1.348360000000000127e+03,1.494289327000564715e-01
1.348880000000000109e+03,1.489879815181528455e-01
1.349400000000000091e+03,1.485475465588660116e-01
1.349919999999999845e+03,1.481087018198723737e-01
1.350440000000000055e+03,1.476708322900055770e-01
1.350960000000000036e+03,1.472351465365586975e-01
1.351480000000000018e+03,1.468002635255850341e-01
1.352000000000000000e+03,1.463666622953682661e-01
1.352519999999999982e+03,1.459345145563746282e-01
1.353039999999999964e+03,1.455040511974378115e-01
1.353559999999999945e+03,1.450747358672209719e-01
1.354079999999999927e+03,1.446463784282273346e-01
1.354600000000000136e+03,1.442199526969605017e-01
1.355119999999999891e+03,1.437947331870368661e-01
1.355639999999999873e+03,1.433709678557700540e-01
1.356160000000000082e+03,1.429478353078132147e-01
1.356680000000000064e+03,1.425267478588895798e-01
1.357200000000000045e+03,1.421062350276227904e-01
1.357719999999999800e+03,1.416879618176991040e-01
1.358240000000000236e+03,1.412700731864322823e-01
1.358759999999999991e+03,1.408546147384754921e-01
1.359279999999999973e+03,1.404393667895518227e-01
1.359799999999999955e+03,1.400267019972850080e-01
1.360320000000000164e+03,1.396142291103281974e-01
1.360840000000000146e+03,1.392036687280745755e-01
1.361359999999999900e+03,1.387935481691377204e-01
1.361879999999999882e+03,1.383855929098508630e-01
1.362400000000000091e+03,1.379782879337872470e-01
1.362920000000000073e+03,1.375729744468303928e-01
1.363440000000000055e+03,1.371684822355068167e-01
1.363959999999999809e+03,1.367657875056399464e-01
1.364480000000000018e+03,1.363638974853531305e-01
1.365000000000000000e+03,1.359632925644494728e-01
1.365519999999999982e+03,1.355639302441626892e-01
1.366040000000000191e+03,1.351659445572058471e-01
1.366559999999999945e+03,1.347691083753022045e-01
1.367079999999999927e+03,1.343732126160153695e-01
1.367599999999999909e+03,1.339792856960785594e-01
1.368120000000000118e+03,1.335865438748249090e-01
1.368640000000000100e+03,1.331948953268681235e-01
1.369159999999999854e+03,1.328037277956012896e-01
1.369679999999999836e+03,1.324146053856776195e-01
1.370200000000000045e+03,1.320260384267407938e-01
1.370720000000000027e+03,1.316397283355239811e-01
1.371240000000000009e+03,1.312537829575303183e-01
1.371759999999999764e+03,1.308698110652634916e-01
1.372280000000000200e+03,1.304860125073767085e-01
1.372799999999999955e+03,1.301047758240730656e-01
1.373319999999999936e+03,1.297237497371162285e-01
1.373839999999999918e+03,1.293446216182294051e-01
1.374360000000000127e+03,1.289658572959257732e-01
1.374880000000000109e+03,1.285888140770389265e-01
1.375399999999999864e+03,1.282124212457721457e-01
1.375920000000000073e+03,1.278380192067784804e-01
1.376440000000000055e+03,1.274642681765616459e-01
1.376960000000000036e+03,1.270919556566248165e-01
1.377480000000000018e+03,1.267204844063011537e-01
1.378000000000000000e+03,1.263502568154343808e-01
1.378519999999999982e+03,1.259812912674775354e-01
1.379039999999999964e+03,1.256136857462238632e-01
1.379559999999999945e+03,1.252472469262870813e-01
1.380080000000000155e+03,1.248817474670002592e-01
1.380599999999999909e+03,1.245175693850965881e-01
1.381119999999999891e+03,1.241541598258097540e-01
1.381639999999999873e+03,1.237926040058729971e-01
1.382160000000000082e+03,1.234318135846193404e-01
1.382680000000000064e+03,1.230726688366624993e-01
1.383199999999999818e+03,1.227139659457956722e-01
1.383720000000000255e+03,1.223566430954720341e-01
1.384240000000000009e+03,1.219995138755352176e-01
1.384759999999999991e+03,1.216448696453183570e-01
1.385279999999999973e+03,1.212903977973615877e-01
1.385800000000000182e+03,1.209385280041279376e-01
1.386320000000000164e+03,1.205867924561710852e-01
1.386839999999999918e+03,1.202364758639042908e-01
1.387359999999999900e+03,1.198865220149806371e-01
1.387880000000000109e+03,1.195383144227138289e-01
1.388400000000000091e+03,1.191906224357569960e-01
1.388920000000000073e+03,1.188445183168701930e-01
1.389439999999999827e+03,1.184992555335665221e-01
1.389960000000000036e+03,1.181557539756796782e-01
1.390480000000000018e+03,1.178128842834129109e-01
1.391000000000000000e+03,1.174709734054192045e-01
1.391519999999999982e+03,1.171300584422223928e-01
1.392039999999999964e+03,1.167902179942655883e-01
1.392559999999999945e+03,1.164518497640487510e-01
1.393079999999999927e+03,1.161146480530751146e-01
1.393600000000000136e+03,1.157784421327882618e-01
1.394120000000000118e+03,1.154428117029214773e-01
1.394639999999999873e+03,1.151086563639278221e-01
1.395159999999999854e+03,1.147751350558910144e-01
1.395680000000000064e+03,1.144432386079342057e-01
1.396200000000000045e+03,1.141118015876473879e-01
1.396720000000000027e+03,1.137821633667436966e-01
1.397239999999999782e+03,1.134528328464568664e-01
1.397760000000000218e+03,1.131249579555900914e-01
1.398279999999999973e+03,1.127972367963032407e-01
1.398799999999999955e+03,1.124721005853296235e-01
1.399319999999999936e+03,1.121470996941127812e-01
1.399840000000000146e+03,1.118235146071559771e-01
1.400360000000000127e+03,1.115002925439591702e-01
1.400879999999999882e+03,1.111788133659654676e-01
1.401399999999999864e+03,1.108578702027686880e-01
1.401920000000000073e+03,1.105384810548118851e-01
1.402440000000000055e+03,1.102197799958750529e-01
1.402960000000000036e+03,1.099024948136213820e-01
1.403480000000000018e+03,1.095858409936845829e-01
1.404000000000000000e+03,1.092701266024677376e-01
1.404519999999999982e+03,1.089554073155109132e-01
1.405039999999999964e+03,1.086417998322072725e-01
1.405560000000000173e+03,1.083290544133204553e-01
1.406079999999999927e+03,1.080170015820536011e-01
1.406599999999999909e+03,1.077063063631668177e-01
1.407119999999999891e+03,1.073963379740232038e-01
1.407640000000000100e+03,1.070879004870663315e-01
1.408160000000000082e+03,1.067800381238695473e-01
1.408679999999999836e+03,1.064734226759126851e-01
1.409199999999999818e+03,1.061671534546590745e-01
1.409720000000000027e+03,1.058627008347222537e-01
1.410240000000000009e+03,1.055584970435053949e-01
1.410759999999999991e+03,1.052563032235686313e-01
1.411279999999999745e+03,1.049542439732449595e-01
1.411800000000000182e+03,1.046537364823780930e-01
1.412319999999999936e+03,1.043533827620912874e-01
1.412839999999999918e+03,1.040544303322244735e-01
1.413360000000000127e+03,1.037558794842676629e-01
1.413880000000000109e+03,1.034590309729439966e-01
1.414400000000000091e+03,1.031625846820771880e-01
1.414919999999999845e+03,1.028673079227903769e-01
1.415440000000000055e+03,1.025727385260835900e-01
1.415960000000000036e+03,1.022795486147599076e-01
1.416480000000000018e+03,1.019870870848930688e-01
1.417000000000000000e+03,1.016956433646062641e-01
1.417519999999999982e+03,1.014050405446694364e-01
1.418039999999999964e+03,1.011153183534526240e-01
1.418559999999999945e+03,1.008266108034789749e-01
1.419079999999999927e+03,1.005386890122621640e-01
1.419600000000000136e+03,1.002518588643053488e-01
1.420119999999999891e+03,9.996566160110850752e-02
1.420639999999999873e+03,9.968068961415169071e-02
1.421160000000000082e+03,9.939619423084805616e-02
1.421680000000000064e+03,9.911313831196121027e-02
1.422200000000000045e+03,9.883044641385439755e-02
1.422719999999999800e+03,9.854923155596759243e-02
1.423240000000000236e+03,9.826822836370077696e-02
1.423759999999999991e+03,9.798885105377710958e-02
1.424279999999999973e+03,9.770962716151031235e-02
1.424799999999999955e+03,9.743206944262347569e-02
1.425320000000000164e+03,9.715468411135665117e-02
1.425840000000000146e+03,9.687875586339983469e-02
1.426359999999999900e+03,9.660315228114617347e-02
1.426879999999999882e+03,9.632894806120936848e-02
1.427400000000000091e+03,9.605518363099252444e-02
1.427920000000000073e+03,9.578266580521570261e-02
1.428440000000000055e+03,9.551070231399889920e-02
1.428959999999999809e+03,9.523981280302523666e-02
1.429480000000000018e+03,9.496959338273842921e-02
1.430000000000000000e+03,9.470031385287161485e-02
1.430519999999999982e+03,9.443187623258478269e-02
1.431040000000000191e+03,9.416428254171796408e-02
1.431559999999999945e+03,9.389762672143113498e-02
1.432079999999999927e+03,9.363166193952750238e-02
1.432599999999999909e+03,9.336675018024065409e-02
1.433120000000000118e+03,9.310241348937385586e-02
1.433640000000000100e+03,9.283920726324702832e-02
1.434159999999999854e+03,9.257644274331021383e-02
1.434679999999999836e+03,9.231497796105654630e-02
1.435200000000000045e+03,9.205383937409974959e-02
1.435720000000000027e+03,9.179408161090292506e-02
1.436240000000000009e+03,9.153451676294610539e-02
1.436759999999999764e+03,9.127646539974924866e-02
1.437280000000000200e+03,9.101852955179245974e-02
1.437799999999999955e+03,9.076214529755881333e-02
1.438319999999999936e+03,9.050595260476197723e-02
1.438839999999999918e+03,9.025104214156515203e-02
1.439360000000000127e+03,8.999645679360834816e-02
1.439880000000000109e+03,8.974317780134150047e-02
1.440399999999999864e+03,8.949030038245468777e-02
1.440920000000000073e+03,8.923849459018787234e-02
1.441440000000000055e+03,8.898722548026424817e-02
1.441960000000000036e+03,8.873699384899744191e-02
1.442480000000000018e+03,8.848741213011059037e-02
1.443000000000000000e+03,8.823869203200376821e-02
1.443519999999999982e+03,8.799073881311693379e-02
1.444039999999999964e+03,8.774355462085010882e-02
1.444559999999999945e+03,8.749721171092646188e-02
1.445080000000000155e+03,8.725148161865967089e-02
1.445599999999999909e+03,8.700672853170283993e-02
1.446119999999999891e+03,8.676247416850599303e-02
1.446639999999999873e+03,8.651933102054919222e-02
1.447160000000000082e+03,8.627659115151235791e-02
1.447680000000000064e+03,8.603505940355556103e-02
1.448199999999999818e+03,8.579379804932191211e-02
1.448720000000000255e+03,8.555381790136508402e-02
1.449240000000000009e+03,8.531402983816827046e-02
1.449759999999999991e+03,8.507560225121142683e-02
1.450279999999999973e+03,8.483727075999461520e-02
1.450800000000000182e+03,8.460037686188778827e-02
1.451320000000000164e+03,8.436363614300096403e-02
1.451839999999999918e+03,8.412819925073415639e-02
1.452359999999999900e+03,8.389301051174050117e-02
1.452880000000000109e+03,8.365893274854366291e-02
1.453400000000000091e+03,8.342525650058685294e-02
1.453920000000000073e+03,8.319265743739003016e-02
1.454439999999999827e+03,8.296051715043321895e-02
1.454960000000000036e+03,8.272927928139639508e-02
1.455480000000000018e+03,8.249863383343958301e-02
1.456000000000000000e+03,8.226881177024275571e-02
1.456519999999999982e+03,8.203969873124911105e-02
1.457039999999999964e+03,8.181129806805227667e-02
1.457559999999999945e+03,8.158364272009546725e-02
1.458079999999999927e+03,8.135654335689863903e-02
1.458600000000000136e+03,8.113036330310181843e-02
1.459120000000000118e+03,8.090468283990499831e-02
1.459639999999999873e+03,8.067999799194816579e-02
1.460159999999999854e+03,8.045569772875135750e-02
1.460680000000000064e+03,8.023247194179451702e-02
1.461200000000000045e+03,8.000953518756087623e-02
1.461720000000000027e+03,7.978778516727405568e-02
1.462239999999999782e+03,7.956620714149721663e-02
1.462760000000000218e+03,7.934587305028041604e-02
1.463279999999999973e+03,7.912565403034359235e-02
1.463799999999999955e+03,7.890668353912679012e-02
1.464319999999999936e+03,7.868786631918994745e-02
1.464840000000000146e+03,7.847021972797310618e-02
1.465360000000000127e+03,7.825284060219631077e-02
1.465879999999999882e+03,7.803655311097947023e-02
1.466399999999999864e+03,7.782060980000583827e-02
1.466920000000000073e+03,7.760557130878900645e-02
1.467440000000000055e+03,7.739101078885221585e-02
1.467960000000000036e+03,7.717729272565537757e-02
1.468480000000000018e+03,7.696413007185856636e-02
1.469000000000000000e+03,7.675171580866171905e-02
1.469519999999999982e+03,7.653995438837489507e-02
1.470039999999999964e+03,7.632880869750807706e-02
1.470560000000000173e+03,7.611838977722126809e-02
1.471079999999999927e+03,7.590850768635444556e-02
1.471599999999999909e+03,7.569944796022762268e-02
1.472119999999999891e+03,7.549082887832397892e-02
1.472640000000000100e+03,7.528313111903714439e-02
1.473160000000000082e+03,7.507576112817031244e-02
1.473679999999999836e+03,7.486940740788350368e-02
1.474199999999999818e+03,7.466330301701666616e-02
1.474720000000000027e+03,7.445832809088985538e-02
1.475240000000000009e+03,7.425346820002302894e-02
1.475759999999999991e+03,7.404979697973620989e-02
1.476279999999999745e+03,7.384620271653939694e-02
1.476800000000000182e+03,7.364376186858258289e-02
1.477319999999999936e+03,7.344149350538578536e-02
1.477839999999999918e+03,7.324025955158892931e-02
1.478360000000000127e+03,7.303927338839209804e-02
1.478880000000000109e+03,7.283932144939846143e-02
1.479400000000000091e+03,7.263965718620164769e-02
1.479919999999999845e+03,7.244085883824481764e-02
1.480440000000000055e+03,7.224246317504801063e-02
1.480960000000000036e+03,7.204485462125118089e-02
1.481480000000000018e+03,7.184778139705438882e-02
1.482000000000000000e+03,7.165137857676751043e-02
1.482519999999999982e+03,7.145556988590071046e-02
1.483039999999999964e+03,7.126031806561389237e-02
1.483559999999999945e+03,7.106575646890705977e-02
1.484079999999999927e+03,7.087165617664024919e-02
1.484600000000000136e+03,7.067838015775342042e-02
1.485119999999999891e+03,7.048548816548660945e-02
1.485639999999999873e+03,7.029342094659976614e-02
1.486160000000000082e+03,7.010164184849294877e-02
1.486680000000000064e+03,6.991082012960611602e-02
1.487200000000000045e+03,6.972018993733930525e-02
1.487719999999999800e+03,6.953059705508565780e-02
1.488240000000000236e+03,6.934112083514884506e-02
1.488759999999999991e+03,6.915277354393202514e-02
1.489279999999999973e+03,6.896452231815519696e-02
1.489799999999999955e+03,6.877730692693838355e-02
1.490320000000000164e+03,6.859022570700154531e-02
1.490840000000000146e+03,6.840412411578473961e-02
1.491359999999999900e+03,6.821825169584790072e-02
1.491879999999999882e+03,6.803329919879108623e-02
1.492400000000000091e+03,6.784863360652426678e-02
1.492920000000000073e+03,6.766471991565743693e-02
1.493440000000000055e+03,6.748124599537062840e-02
1.493959999999999809e+03,6.729848084350380233e-02
1.494480000000000018e+03,6.711619471737696740e-02
1.495000000000000000e+03,6.693448502651015708e-02
1.495519999999999982e+03,6.675335030622332744e-02
1.496040000000000191e+03,6.657275391535651121e-02
1.496559999999999945e+03,6.639278938922969775e-02
1.497079999999999927e+03,6.621322692603287541e-02
1.497599999999999909e+03,6.603441327807606231e-02
1.498120000000000118e+03,6.585598571487923103e-02
1.498640000000000100e+03,6.567828536692238428e-02
1.499159999999999854e+03,6.550083449788557388e-02
1.499679999999999836e+03,6.532428464992875994e-02
1.500200000000000045e+03,6.514794698673194440e-02
1.500720000000000027e+03,6.497254873346512694e-02
1.501240000000000009e+03,6.479724741457830450e-02
1.501759999999999764e+03,6.462298011647148177e-02
1.502280000000000200e+03,6.444878909758465502e-02
1.502799999999999955e+03,6.427559830531781593e-02
1.503319999999999936e+03,6.410252308643100971e-02
1.503839999999999918e+03,6.393032890312734529e-02
1.504360000000000127e+03,6.375834547840054933e-02
1.504880000000000109e+03,6.358714708613370792e-02
1.505399999999999864e+03,6.341623669491690263e-02
1.505920000000000073e+03,6.324609681398006555e-02
1.506440000000000055e+03,6.307630134494325580e-02
1.506960000000000036e+03,6.290715712605642052e-02
1.507480000000000018e+03,6.273845373378961199e-02
1.508000000000000000e+03,6.257028911490278289e-02
1.508519999999999982e+03,6.240266132263594390e-02
1.509039999999999964e+03,6.223549502557913088e-02
1.509559999999999945e+03,6.206894230564230508e-02
1.510080000000000155e+03,6.190277465342548108e-02
1.510599999999999909e+03,6.173729553348866750e-02
1.511119999999999891e+03,6.157214273643184244e-02
1.511639999999999873e+03,6.140768041649501130e-02
1.512160000000000082e+03,6.124346845329821376e-02
1.512680000000000064e+03,6.108008173301136823e-02
1.513199999999999818e+03,6.091686803630453478e-02
1.513720000000000255e+03,6.075449711601772773e-02
1.514240000000000009e+03,6.059222226415090368e-02
1.514759999999999991e+03,6.043092794386409339e-02
1.515279999999999973e+03,6.026971155299728350e-02
1.515800000000000182e+03,6.010933762687045712e-02
1.516320000000000164e+03,5.994907876367362720e-02
1.516839999999999918e+03,5.978970094478680553e-02
1.517359999999999900e+03,5.963051519151998936e-02
1.517880000000000109e+03,5.947202359481314898e-02
1.518400000000000091e+03,5.931380027452635290e-02
1.518920000000000073e+03,5.915626661132952074e-02
1.519439999999999827e+03,5.899905865440951275e-02
1.519960000000000036e+03,5.884246648537269642e-02
1.520480000000000018e+03,5.868629483741585884e-02
1.521000000000000000e+03,5.853064101321905216e-02
1.521519999999999982e+03,5.837540876526222527e-02
1.522039999999999964e+03,5.822060039622540401e-02
1.522559999999999945e+03,5.806638650395857387e-02
1.523079999999999927e+03,5.791257668507177048e-02
1.523600000000000136e+03,5.775932336087494234e-02
1.524120000000000118e+03,5.760635900707809787e-02
1.524639999999999873e+03,5.745408424388128571e-02
1.525159999999999854e+03,5.730205819592447403e-02
1.525680000000000064e+03,5.715072333272765148e-02
1.526200000000000045e+03,5.699954333462083078e-02
1.526720000000000027e+03,5.684920765473401583e-02
1.527239999999999782e+03,5.669896846246717803e-02
1.527760000000000218e+03,5.654955304358035006e-02
1.528279999999999973e+03,5.640021414547354700e-02
1.528799999999999955e+03,5.625170145425670287e-02
1.529319999999999936e+03,5.610330387331989577e-02
1.529840000000000146e+03,5.595563708210307685e-02
1.530360000000000127e+03,5.580816188539625827e-02
1.530879999999999882e+03,5.566139579312941871e-02
1.531399999999999864e+03,5.551485940191260016e-02
1.531920000000000073e+03,5.536891962097578029e-02
1.532440000000000055e+03,5.522332472391896369e-02
1.532960000000000036e+03,5.507828810398213842e-02
1.533480000000000018e+03,5.493359581276530124e-02
1.534000000000000000e+03,5.478934479282848713e-02
1.534519999999999982e+03,5.464555386279166399e-02
1.535039999999999964e+03,5.450220554250485155e-02
1.535560000000000173e+03,5.435931824267484919e-02
1.536079999999999927e+03,5.421673945145803059e-02
1.536599999999999909e+03,5.407477346468120977e-02
1.537119999999999891e+03,5.393309437346439222e-02
1.537640000000000100e+03,5.379201138119755338e-02
1.538160000000000082e+03,5.365112089033074322e-02
1.538679999999999836e+03,5.351093916420390784e-02
1.539199999999999818e+03,5.337089161233710827e-02
1.539720000000000027e+03,5.323155719205028419e-02
1.540240000000000009e+03,5.309230082301346493e-02
1.540759999999999991e+03,5.295386560412663340e-02
1.541279999999999745e+03,5.281550735085981108e-02
1.541800000000000182e+03,5.267786225999297745e-02
1.542319999999999936e+03,5.254035193386615704e-02
1.542839999999999918e+03,5.240351257066933055e-02
1.543360000000000127e+03,5.226684556171252299e-02
1.543880000000000109e+03,5.213084909851570248e-02
1.544400000000000091e+03,5.199506424471887767e-02
1.544919999999999845e+03,5.185980167255888756e-02
1.545440000000000055e+03,5.172484514836206415e-02
1.545960000000000036e+03,5.159042580040523046e-02
1.546480000000000018e+03,5.145633133136840592e-02
1.547000000000000000e+03,5.132264028341158163e-02
1.547519999999999982e+03,5.118935245921477084e-02
1.548039999999999964e+03,5.105644916110794324e-02
1.548559999999999945e+03,5.092402624222111540e-02
1.549079999999999927e+03,5.079191194995428399e-02
1.549600000000000136e+03,5.066031437006746768e-02
1.550119999999999891e+03,5.052892850103065520e-02
1.550639999999999873e+03,5.039815668074382193e-02
1.551160000000000082e+03,5.026755878987701487e-02
1.551680000000000064e+03,5.013759283077019041e-02
1.552200000000000045e+03,5.000774290292019780e-02
1.552719999999999800e+03,4.987856491065337239e-02
1.553240000000000236e+03,4.974944575843653904e-02
1.553759999999999991e+03,4.962109513265972049e-02
1.554279999999999973e+03,4.949282136946289712e-02
1.554799999999999955e+03,4.936518035057608361e-02
1.555320000000000164e+03,4.923765409146926147e-02
1.555840000000000146e+03,4.911078260025243669e-02
1.556359999999999900e+03,4.898410258031560965e-02
1.556879999999999882e+03,4.885797852809878328e-02
1.557400000000000091e+03,4.873206510232196143e-02
1.557920000000000073e+03,4.860661503912513948e-02
1.558440000000000055e+03,4.848147163894513806e-02
1.558959999999999809e+03,4.835677155216831086e-02
1.559480000000000018e+03,4.823239706095149015e-02
1.560000000000000000e+03,4.810842516868466673e-02
1.560519999999999982e+03,4.798485551097785712e-02
1.561040000000000191e+03,4.786163149069103118e-02
1.561559999999999945e+03,4.773881059982420377e-02
1.562079999999999927e+03,4.761626014760737824e-02
1.562599999999999909e+03,4.749419024950055773e-02
1.563120000000000118e+03,4.737233235863374387e-02
1.563640000000000100e+03,4.725103037734693090e-02
1.564159999999999854e+03,4.712990147167692156e-02
1.564679999999999836e+03,4.700934885139009672e-02
1.565200000000000045e+03,4.688891242719327862e-02
1.565720000000000027e+03,4.676908920246646006e-02
1.566240000000000009e+03,4.664934281019963297e-02
1.566759999999999764e+03,4.653025031933281236e-02
1.567280000000000200e+03,4.641123523804599471e-02
1.567799999999999955e+03,4.629283396900916309e-02
1.568319999999999936e+03,4.617454712105234504e-02
1.568839999999999918e+03,4.605683839685552339e-02
1.569360000000000127e+03,4.593928311885552701e-02
1.569880000000000109e+03,4.582226487089869488e-02
1.570399999999999864e+03,4.570541914670187694e-02
1.570920000000000073e+03,4.558903629290506077e-02
1.571440000000000055e+03,4.547290272970823388e-02
1.571960000000000036e+03,4.535719087644141112e-02
1.572480000000000018e+03,4.524178655755459189e-02
1.573000000000000000e+03,4.512676788851776449e-02
1.573519999999999982e+03,4.501207430723094816e-02
1.574039999999999964e+03,4.489768840740095135e-02
1.574559999999999945e+03,4.478370614829412649e-02
1.575080000000000155e+03,4.466999412940729497e-02
1.575599999999999909e+03,4.455672246621047300e-02
1.576119999999999891e+03,4.444362427908365998e-02
1.576639999999999873e+03,4.433104468821684463e-02
1.577160000000000082e+03,4.421858219595002637e-02
1.577680000000000064e+03,4.410667471022319125e-02
1.578199999999999818e+03,4.399484510899318718e-02
1.578720000000000255e+03,4.388366831777637533e-02
1.579240000000000009e+03,4.377253136006954010e-02
1.579759999999999991e+03,4.366202706780272086e-02
1.580279999999999973e+03,4.355156097658590547e-02
1.580800000000000182e+03,4.344163478980908599e-02
1.581320000000000164e+03,4.333180399859225956e-02
1.581839999999999918e+03,4.322251104672542726e-02
1.582359999999999900e+03,4.311337153965542901e-02
1.582880000000000109e+03,4.300469474843862661e-02
1.583400000000000091e+03,4.289622856750179708e-02
1.583920000000000073e+03,4.278820367628496935e-02
1.584439999999999827e+03,4.268040960724815008e-02
1.584960000000000036e+03,4.257302052631132400e-02
1.585480000000000018e+03,4.246588073509451056e-02
1.586000000000000000e+03,4.235906733935451002e-02
1.586519999999999982e+03,4.225256037615768290e-02
1.587039999999999964e+03,4.214630365587085370e-02
1.587559999999999945e+03,4.204045019816404077e-02
1.588079999999999927e+03,4.193484790694721603e-02
1.588600000000000136e+03,4.182966685368039866e-02
1.589120000000000118e+03,4.172467885697357659e-02
1.589639999999999873e+03,4.162011352772357342e-02
1.590159999999999854e+03,4.151564620352674040e-02
1.590680000000000064e+03,4.141173427879992625e-02
1.591200000000000045e+03,4.130791882553311312e-02
1.591720000000000027e+03,4.120462303466628645e-02
1.592239999999999782e+03,4.110138560853945910e-02
1.592760000000000218e+03,4.099872318434263918e-02
1.593279999999999973e+03,4.089609995649264723e-02
1.593799999999999955e+03,4.079401359738581839e-02
1.594319999999999936e+03,4.069200403418898881e-02
1.594840000000000146e+03,4.059049598623217653e-02
1.595360000000000127e+03,4.048912235619533950e-02
1.595879999999999882e+03,4.038820896532853422e-02
1.596399999999999864e+03,4.028744938404171805e-02
1.596920000000000073e+03,4.018709560604172282e-02
1.597440000000000055e+03,4.008695215808488060e-02
1.597960000000000036e+03,3.998713562804806498e-02
1.598480000000000018e+03,3.988756876485123615e-02
1.599000000000000000e+03,3.978833055589441753e-02
1.599519999999999982e+03,3.968939758685759850e-02
1.600039999999999964e+03,3.959073252462759485e-02
1.600560000000000173e+03,3.949239550574076829e-02
1.601079999999999927e+03,3.939425363670394364e-02
1.601599999999999909e+03,3.929651275541713035e-02
1.602119999999999891e+03,3.919894376455031193e-02
1.602640000000000100e+03,3.910179860544348712e-02
1.603160000000000082e+03,3.900475037759348201e-02
1.603679999999999836e+03,3.890816455339666385e-02
1.604199999999999818e+03,3.881165712726983297e-02
1.604720000000000027e+03,3.871568597540301498e-02
1.605240000000000009e+03,3.861975348313618356e-02
1.605759999999999991e+03,3.852430108607936970e-02
1.606279999999999745e+03,3.842890602524937083e-02
1.606800000000000182e+03,3.833401043298255428e-02
1.607319999999999936e+03,3.823922957492572466e-02
1.607839999999999918e+03,3.814487375498890748e-02
1.608360000000000127e+03,3.805065220277208810e-02
1.608880000000000109e+03,3.795681770606526562e-02
1.609400000000000091e+03,3.786315464383526591e-02
1.609919999999999845e+03,3.776985494677843891e-02
1.610440000000000055e+03,3.767676622684161536e-02
1.610960000000000036e+03,3.758398720264478909e-02
1.611480000000000018e+03,3.749143940558797433e-02
1.612000000000000000e+03,3.739914282465114925e-02
1.612519999999999982e+03,3.730717152447115409e-02
1.613039999999999964e+03,3.721544809443433355e-02
1.613559999999999945e+03,3.712401397449751478e-02
1.614079999999999927e+03,3.703277342228068758e-02
1.614600000000000136e+03,3.694189882417386189e-02
1.615119999999999891e+03,3.685117906334386267e-02
1.615639999999999873e+03,3.676082266628703799e-02
1.616160000000000082e+03,3.667058031302021515e-02
1.616680000000000064e+03,3.658078122215339956e-02
1.617200000000000045e+03,3.649106013502657897e-02
1.617719999999999800e+03,3.640178224415974856e-02
1.618240000000000236e+03,3.631254418297975156e-02
1.618759999999999991e+03,3.622382128487292713e-02
1.619279999999999973e+03,3.613513699400611179e-02
1.619799999999999955e+03,3.604689651271928558e-02
1.620320000000000164e+03,3.595873304368246010e-02
1.620840000000000146e+03,3.587095658285246319e-02
1.621359999999999900e+03,3.578329465672564630e-02
1.621879999999999882e+03,3.569599613252882192e-02
1.622400000000000091e+03,3.560886991364200366e-02
1.622920000000000073e+03,3.552209215453518143e-02
1.623440000000000055e+03,3.543550588237518589e-02
1.623959999999999809e+03,3.534920797341835341e-02
1.624480000000000018e+03,3.526310270438152983e-02
1.625000000000000000e+03,3.517723058018471655e-02
1.625519999999999982e+03,3.509164542638788797e-02
1.626040000000000191e+03,3.500629159322789230e-02
1.626559999999999945e+03,3.492124423003106076e-02
1.627079999999999927e+03,3.483637031523424687e-02
1.627599999999999909e+03,3.475182255203742437e-02
1.628120000000000118e+03,3.466742857075059275e-02
1.628640000000000100e+03,3.458334386508059299e-02
1.629159999999999854e+03,3.449937514088378260e-02
1.629679999999999836e+03,3.441579041475695266e-02
1.630200000000000045e+03,3.433228306289013571e-02
1.630720000000000027e+03,3.424921699969331323e-02
1.631240000000000009e+03,3.416618977593331025e-02
1.631759999999999764e+03,3.408364445173648477e-02
1.632280000000000200e+03,3.400111915946966296e-02
1.632799999999999955e+03,3.391897797374285317e-02
1.633319999999999936e+03,3.383691361054603358e-02
1.633839999999999918e+03,3.375525304247602165e-02
1.634360000000000127e+03,3.367368772358919626e-02
1.634880000000000109e+03,3.359245019939238047e-02
1.635399999999999864e+03,3.351136547326555998e-02
1.635920000000000073e+03,3.343058841243556900e-02
1.636440000000000055e+03,3.334998471432874118e-02
1.636960000000000036e+03,3.326963326211190841e-02
1.637480000000000018e+03,3.318949287124508402e-02
1.638000000000000000e+03,3.310956421213826634e-02
1.638519999999999982e+03,3.302990491195827161e-02
1.639039999999999964e+03,3.295045866009144869e-02
1.639559999999999945e+03,3.287126126198462728e-02
1.640080000000000155e+03,3.279223520976779632e-02
1.640599999999999909e+03,3.271349922299097990e-02
1.641119999999999891e+03,3.263489895083098585e-02
1.641639999999999873e+03,3.255660569861416193e-02
1.642160000000000082e+03,3.247842807283733702e-02
1.642680000000000064e+03,3.240063442062050825e-02
1.643199999999999818e+03,3.232293744262050572e-02
1.643720000000000255e+03,3.224556896168369324e-02
1.644240000000000009e+03,3.216822007046686582e-02
1.644759999999999991e+03,3.209135181136003878e-02
1.645279999999999973e+03,3.201452175053005195e-02
1.645800000000000182e+03,3.193801885347322816e-02
1.646320000000000164e+03,3.186159280020640222e-02
1.646839999999999918e+03,3.178551250933957933e-02
1.647359999999999900e+03,3.170952835128276748e-02
1.647880000000000109e+03,3.163387135005276546e-02
1.648400000000000091e+03,3.155834909234594976e-02
1.648920000000000073e+03,3.148309810112910612e-02
1.649439999999999827e+03,3.140803914786229750e-02
1.649960000000000036e+03,3.133323018119228698e-02
1.650480000000000018e+03,3.125857476090546788e-02
1.651000000000000000e+03,3.118413163086864240e-02
1.651519999999999982e+03,3.110991854000181439e-02
1.652039999999999964e+03,3.103589804975182345e-02
1.652559999999999945e+03,3.096212688071500393e-02
1.653079999999999927e+03,3.088852952884818190e-02
1.653600000000000136e+03,3.081518304172136194e-02
1.654120000000000118e+03,3.074195316956136736e-02
1.654639999999999873e+03,3.066904988967453921e-02
1.655159999999999854e+03,3.059622409156771000e-02
1.655680000000000064e+03,3.052374406737088861e-02
1.656200000000000045e+03,3.045128374361089074e-02
1.656720000000000027e+03,3.037918818041406357e-02
1.657239999999999782e+03,3.030713135621725118e-02
1.657760000000000218e+03,3.023545900242043116e-02
1.658279999999999973e+03,3.016384447822359829e-02
1.658799999999999955e+03,3.009261660022360257e-02
1.659319999999999936e+03,3.002144629126678871e-02
1.659840000000000146e+03,2.995052436706996044e-02
1.660360000000000127e+03,2.987969849803313871e-02
1.660879999999999882e+03,2.980920230778314264e-02
1.661399999999999864e+03,2.973883981107631330e-02
1.661920000000000073e+03,2.966870898687949329e-02
1.662440000000000055e+03,2.959873149975267639e-02
1.662960000000000036e+03,2.952896609992266760e-02
1.663480000000000018e+03,2.945939314665585104e-02
1.664000000000000000e+03,2.938999614959903264e-02
1.664519999999999982e+03,2.932084698876903303e-02
1.665039999999999964e+03,2.925188882966221413e-02
1.665560000000000173e+03,2.918310543844538502e-02
1.666079999999999927e+03,2.911445828657856921e-02
1.666599999999999909e+03,2.904607817950856721e-02
1.667119999999999891e+03,2.897779392729173814e-02
1.667640000000000100e+03,2.890983796958492003e-02
1.668160000000000082e+03,2.884197887731809393e-02
1.668679999999999836e+03,2.877438941029809502e-02
1.669199999999999818e+03,2.870683895843127373e-02
1.669720000000000027e+03,2.863965536616444596e-02
1.670240000000000009e+03,2.857249150810762736e-02
1.670759999999999991e+03,2.850563370827763343e-02
1.671279999999999745e+03,2.843881414917081088e-02
1.671800000000000182e+03,2.837235989695397961e-02
1.672319999999999936e+03,2.830598250608716906e-02
1.672839999999999918e+03,2.823985813801716677e-02
1.673360000000000127e+03,2.817383008580034293e-02
1.673880000000000109e+03,2.810809058769352109e-02
1.674400000000000091e+03,2.804246522686352008e-02
1.674919999999999845e+03,2.797706952980669182e-02
1.675440000000000055e+03,2.791180897653987303e-02
1.675960000000000036e+03,2.784674292467305412e-02
1.676480000000000018e+03,2.778184991865304682e-02
1.677000000000000000e+03,2.771714976538622657e-02
1.677519999999999982e+03,2.765264170767940677e-02
1.678039999999999964e+03,2.758824911646259523e-02
1.678559999999999945e+03,2.752410804839258360e-02
1.679079999999999927e+03,2.746010299652575787e-02
1.679600000000000136e+03,2.739630850530894168e-02
1.680119999999999891e+03,2.733260923723893412e-02
1.680639999999999873e+03,2.726921734637212033e-02
1.681160000000000082e+03,2.720588338831530020e-02
1.681680000000000064e+03,2.714283983504846634e-02
1.682200000000000045e+03,2.707981702937847096e-02
1.682719999999999800e+03,2.701710167716164443e-02
1.683240000000000236e+03,2.695442511805483041e-02
1.683759999999999991e+03,2.689209225485801602e-02
1.684279999999999973e+03,2.682979766600801161e-02
1.684799999999999955e+03,2.676779510690117936e-02
1.685320000000000164e+03,2.670584924370435903e-02
1.685840000000000146e+03,2.664415484901436551e-02
1.686359999999999900e+03,2.658253719574754648e-02
1.686879999999999882e+03,2.652116992671071927e-02
1.687400000000000091e+03,2.645991764682390293e-02
1.687920000000000073e+03,2.639889668459390049e-02
1.688440000000000055e+03,2.633801041555708378e-02
1.688959999999999809e+03,2.627725923567025487e-02
1.689480000000000018e+03,2.621670026760025349e-02
1.690000000000000000e+03,2.615631500440343191e-02
1.690519999999999982e+03,2.609608464634661715e-02
1.691040000000000191e+03,2.603599095644661479e-02
1.691559999999999945e+03,2.597610788740978977e-02
1.692079999999999927e+03,2.591635790612296583e-02
1.692599999999999909e+03,2.585681955425614062e-02
1.693120000000000118e+03,2.579733967625614383e-02
1.693640000000000100e+03,2.573815012298931448e-02
1.694159999999999854e+03,2.567903803726249642e-02
1.694679999999999836e+03,2.562017476510249428e-02
1.695200000000000045e+03,2.556131150599567567e-02
1.695720000000000027e+03,2.550283212610885905e-02
1.696240000000000009e+03,2.544435335707202761e-02
1.696759999999999764e+03,2.538614699484202653e-02
1.697280000000000200e+03,2.532795964262520710e-02
1.697799999999999955e+03,2.527000458491839019e-02
1.698319999999999936e+03,2.521212588368838825e-02
1.698839999999999918e+03,2.515455232563156701e-02
1.699360000000000127e+03,2.509703697376474210e-02
1.699880000000000109e+03,2.503971776669474195e-02
1.700399999999999864e+03,2.498251301447792019e-02
1.700920000000000073e+03,2.492552045677109973e-02
1.701440000000000055e+03,2.486864286450427355e-02
1.701960000000000036e+03,2.481195590332427661e-02
1.702480000000000018e+03,2.475540467328745525e-02
1.703000000000000000e+03,2.469899045335063534e-02
1.703519999999999982e+03,2.464274938633063267e-02
1.704039999999999964e+03,2.458664336213381083e-02
1.704559999999999945e+03,2.453071080442699101e-02
1.705080000000000155e+03,2.447487520319699406e-02
1.705599999999999909e+03,2.441926834514017430e-02
1.706119999999999891e+03,2.436373779327334274e-02
1.706639999999999873e+03,2.430844058620334341e-02
1.707160000000000082e+03,2.425318243398652193e-02
1.707680000000000064e+03,2.419819430394970147e-02
1.708199999999999818e+03,2.414326391404969865e-02
1.708720000000000255e+03,2.408856462283288230e-02
1.709240000000000009e+03,2.403390469279605840e-02
1.709759999999999991e+03,2.397953311185923447e-02
1.710279999999999973e+03,2.392519990583923464e-02
1.710800000000000182e+03,2.387109578164241241e-02
1.711320000000000164e+03,2.381704949486559281e-02
1.711839999999999918e+03,2.376321833368559219e-02
1.712359999999999900e+03,2.370946406464876852e-02
1.712880000000000109e+03,2.365588361138195109e-02
1.713400000000000091e+03,2.360243754471194957e-02
1.713920000000000073e+03,2.354916565349512644e-02
1.714439999999999827e+03,2.349602709438830192e-02
1.714960000000000036e+03,2.344304183355830351e-02
1.715480000000000018e+03,2.339017258134147570e-02
1.716000000000000000e+03,2.333745968323465772e-02
1.716519999999999982e+03,2.328491975007465978e-02
1.717039999999999964e+03,2.323249586434783520e-02
1.717559999999999945e+03,2.318022621108101200e-02
1.718079999999999927e+03,2.312803413308101366e-02
1.718600000000000136e+03,2.307607105319419219e-02
1.719120000000000118e+03,2.302418449408736786e-02
1.719639999999999873e+03,2.297247386092736432e-02
1.720159999999999854e+03,2.292080236422054662e-02
1.720680000000000064e+03,2.286940068293372499e-02
1.721200000000000045e+03,2.281805704393372394e-02
1.721720000000000027e+03,2.276696151973690851e-02
1.722239999999999782e+03,2.271586599501007955e-02
1.722760000000000218e+03,2.266498513278008067e-02
1.723279999999999973e+03,2.261414340858325725e-02
1.723799999999999955e+03,2.256358772285643743e-02
1.724319999999999936e+03,2.251307072162643530e-02
1.724840000000000146e+03,2.246271159158961042e-02
1.725360000000000127e+03,2.241244783937279550e-02
1.725879999999999882e+03,2.236241344363279482e-02
1.726399999999999864e+03,2.231245578043597466e-02
1.726920000000000073e+03,2.226263395039914869e-02
1.727440000000000055e+03,2.221290903247915074e-02
1.727960000000000036e+03,2.216336010244232546e-02
1.728480000000000018e+03,2.211392513924550357e-02
1.729000000000000000e+03,2.206464364315550292e-02
1.729519999999999982e+03,2.201549669128868500e-02
1.730039999999999964e+03,2.196646596125186035e-02
1.730560000000000173e+03,2.191756983200186110e-02
1.731079999999999927e+03,2.186875167429503872e-02
1.731599999999999909e+03,2.182012595009821809e-02
1.732119999999999891e+03,2.177155868202821851e-02
1.732640000000000100e+03,2.172322239081138709e-02
1.733160000000000082e+03,2.167492543310457417e-02
1.733679999999999836e+03,2.162687829994457481e-02
1.734199999999999818e+03,2.157883211281775432e-02
1.734720000000000027e+03,2.153101702195093017e-02
1.735240000000000009e+03,2.148320258879093253e-02
1.735759999999999991e+03,2.143560020166410118e-02
1.736279999999999745e+03,2.138803697746727989e-02
1.736800000000000182e+03,2.134074081079728388e-02
1.737319999999999936e+03,2.129350221853045996e-02
1.737839999999999918e+03,2.124642106047364143e-02
1.738360000000000127e+03,2.119939769964363993e-02
1.738880000000000109e+03,2.115252664053681592e-02
1.739400000000000091e+03,2.110575254035681678e-02
1.739919999999999845e+03,2.105915441031999333e-02
1.740440000000000055e+03,2.101263255845317590e-02
1.740960000000000036e+03,2.096624459038317137e-02
1.741480000000000018e+03,2.091999113816635572e-02
1.742000000000000000e+03,2.087385434145953497e-02
1.742519999999999982e+03,2.082788997922953300e-02
1.743039999999999964e+03,2.078202312117270745e-02
1.743559999999999945e+03,2.073625269697588688e-02
1.744079999999999927e+03,2.069056030123588366e-02
1.744600000000000136e+03,2.064504111001905923e-02
1.745119999999999891e+03,2.059959947998223767e-02
1.745639999999999873e+03,2.055436939008224370e-02
1.746160000000000082e+03,2.050919816004541721e-02
1.746680000000000064e+03,2.046416209886541687e-02
1.747200000000000045e+03,2.041914562982859518e-02
1.747719999999999800e+03,2.037437784889177539e-02
1.748240000000000236e+03,2.032964798187177069e-02
1.748759999999999991e+03,2.028515215767495022e-02
1.749279999999999973e+03,2.024067599856812713e-02
1.749799999999999955e+03,2.019635259873812927e-02
1.750320000000000164e+03,2.015206744068130315e-02
1.750840000000000146e+03,2.010799478741448487e-02
1.751359999999999900e+03,2.006398062074448568e-02
1.751879999999999882e+03,2.002014216852766176e-02
1.752400000000000091e+03,1.997636119052766460e-02
1.752920000000000073e+03,1.993271123726084171e-02
1.753440000000000055e+03,1.988913927955401548e-02
1.753959999999999809e+03,1.984570501837401579e-02
1.754480000000000018e+03,1.980242455926719408e-02
1.755000000000000000e+03,1.975924099607037632e-02
1.755519999999999982e+03,1.971617320138037421e-02
1.756040000000000191e+03,1.967316454811355447e-02
1.756559999999999945e+03,1.963032741807672898e-02
1.757079999999999927e+03,1.958756662922672698e-02
1.757599999999999909e+03,1.954497977011990933e-02
1.758120000000000118e+03,1.950245069795990618e-02
1.758640000000000100e+03,1.946003826792308197e-02
1.759159999999999854e+03,1.941766488803626373e-02
1.759679999999999836e+03,1.937552241996626581e-02
1.760200000000000045e+03,1.933339989576943890e-02
1.760720000000000027e+03,1.929149003771261570e-02
1.761240000000000009e+03,1.924959920881261569e-02
1.761759999999999764e+03,1.920786377877579595e-02
1.762280000000000200e+03,1.916614744561579570e-02
1.762799999999999955e+03,1.912466075988897285e-02
1.763319999999999936e+03,1.908321220662215559e-02
1.763839999999999918e+03,1.904190156762215758e-02
1.764360000000000127e+03,1.900064797640533057e-02
1.764880000000000109e+03,1.895958698962850811e-02
1.765399999999999864e+03,1.891860295646851167e-02
1.765920000000000073e+03,1.887769732643168608e-02
1.766440000000000055e+03,1.883688763618168380e-02
1.766960000000000036e+03,1.879619357847486447e-02
1.767480000000000018e+03,1.875561501527804251e-02
1.768000000000000000e+03,1.871515277627804064e-02
1.768519999999999982e+03,1.867480586732122097e-02
1.769039999999999964e+03,1.863453712832121786e-02
1.769559999999999945e+03,1.859436420412439658e-02
1.770080000000000155e+03,1.855426871699757813e-02
1.770599999999999909e+03,1.851436621716757644e-02
1.771119999999999891e+03,1.847452158713075443e-02
1.771639999999999873e+03,1.843481206293393765e-02
1.772160000000000082e+03,1.839512226684393570e-02
1.772680000000000064e+03,1.835558661497711450e-02
1.773199999999999818e+03,1.831605217597711416e-02
1.773720000000000255e+03,1.827678589469028739e-02
1.774240000000000009e+03,1.823753982565346973e-02
1.774759999999999991e+03,1.819842905898346602e-02
1.775279999999999973e+03,1.815935680571664074e-02
1.775800000000000182e+03,1.812047773869664147e-02
1.776320000000000164e+03,1.808161758682982206e-02
1.776839999999999918e+03,1.804287465679299887e-02
1.777359999999999900e+03,1.800420806654299752e-02
1.777880000000000109e+03,1.796569629750617569e-02
1.778400000000000091e+03,1.792724183667617974e-02
1.778920000000000073e+03,1.788894217756935301e-02
1.779439999999999827e+03,1.785070022535253584e-02
1.779960000000000036e+03,1.781255548635253538e-02
1.780480000000000018e+03,1.777446833448571156e-02
1.781000000000000000e+03,1.773647886641570998e-02
1.781519999999999982e+03,1.769866161419889061e-02
1.782039999999999964e+03,1.766092184516206490e-02
1.782559999999999945e+03,1.762325945526206292e-02
1.783079999999999927e+03,1.758563629720524477e-02
1.783600000000000136e+03,1.754822476404524489e-02
1.784120000000000118e+03,1.751087103400841838e-02
1.784639999999999873e+03,1.747359555307160042e-02
1.785159999999999854e+03,1.743633938605159903e-02
1.785680000000000064e+03,1.739933336185478172e-02
1.786200000000000045e+03,1.736234702711477590e-02
1.786720000000000027e+03,1.732545769707795336e-02
1.787239999999999782e+03,1.728858784486113007e-02
1.787760000000000218e+03,1.725191070586113221e-02
1.788279999999999973e+03,1.721527202492431283e-02
1.788799999999999955e+03,1.717880745790431249e-02
1.789319999999999936e+03,1.714238093370749200e-02
1.789840000000000146e+03,1.710603287460066638e-02
1.790360000000000127e+03,1.706974207477066768e-02
1.790879999999999882e+03,1.703366341671384496e-02
1.791399999999999864e+03,1.699760388355384469e-02
1.791920000000000073e+03,1.696162272444702579e-02
1.792440000000000055e+03,1.692573747258019692e-02
1.792960000000000036e+03,1.688996850556020307e-02
1.793480000000000018e+03,1.685427675229337480e-02
1.794000000000000000e+03,1.681866211329337626e-02
1.794519999999999982e+03,1.678314423340655434e-02
1.795039999999999964e+03,1.674768489440655109e-02
1.795560000000000173e+03,1.671237919629973284e-02
1.796079999999999927e+03,1.667713177210291414e-02
1.796599999999999909e+03,1.664201917741291517e-02
1.797119999999999891e+03,1.660692655321609201e-02
1.797640000000000100e+03,1.657198788514609514e-02
1.798160000000000082e+03,1.653705006094927099e-02
1.798679999999999836e+03,1.650226657522244414e-02
1.799199999999999818e+03,1.646750221299244504e-02
1.799720000000000027e+03,1.643294998295562540e-02
1.800240000000000009e+03,1.639839824979562669e-02
1.800759999999999991e+03,1.636394342506880539e-02
1.801279999999999745e+03,1.632952677180198042e-02
1.801800000000000182e+03,1.629528423280197924e-02
1.802319999999999936e+03,1.626108018058515514e-02
1.802839999999999918e+03,1.622701148484515660e-02
1.803360000000000127e+03,1.619298145480833201e-02
1.803880000000000109e+03,1.615904792164833681e-02
1.804400000000000091e+03,1.612519173592151522e-02
1.804919999999999845e+03,1.609143248265469325e-02
1.805440000000000055e+03,1.605776944365469236e-02
1.805960000000000036e+03,1.602422231945787104e-02
1.806480000000000018e+03,1.599071398576787026e-02
1.807000000000000000e+03,1.595726383250104657e-02
1.807519999999999982e+03,1.592392999350104865e-02
1.808039999999999964e+03,1.589063466930422733e-02
1.808559999999999945e+03,1.585749315450739674e-02
1.809079999999999927e+03,1.582442921550740109e-02
1.809600000000000136e+03,1.579142389131057977e-02
1.810119999999999891e+03,1.575845695231057816e-02
1.810639999999999873e+03,1.572566364335375652e-02
1.811160000000000082e+03,1.569290880435375221e-02
1.811680000000000064e+03,1.566025128015693241e-02
1.812200000000000045e+03,1.562759382210011233e-02
1.812719999999999800e+03,1.559511023220011387e-02
1.813240000000000236e+03,1.556262666316328945e-02
1.813759999999999991e+03,1.553035473000329361e-02
1.814279999999999973e+03,1.549808324287646998e-02
1.814799999999999955e+03,1.546590887620647066e-02
1.815320000000000164e+03,1.543377305200964791e-02
1.815840000000000146e+03,1.540175392197282341e-02
1.816359999999999900e+03,1.536977293172282419e-02
1.816879999999999882e+03,1.533792667401600099e-02
1.817400000000000091e+03,1.530611914085600045e-02
1.817920000000000073e+03,1.527442821081917770e-02
1.818440000000000055e+03,1.524279502056917826e-02
1.818959999999999809e+03,1.521125839053235826e-02
1.819480000000000018e+03,1.517977993866553334e-02
1.820000000000000000e+03,1.514834087059553636e-02
1.820519999999999982e+03,1.511703641253871015e-02
1.821040000000000191e+03,1.508580887937871137e-02
1.821559999999999945e+03,1.505465922167189240e-02
1.822079999999999927e+03,1.502354822044188985e-02
1.822599999999999909e+03,1.499255286238507061e-02
1.823120000000000118e+03,1.496159672922507330e-02
1.823640000000000100e+03,1.493077527151824915e-02
1.824159999999999854e+03,1.489997381825142533e-02
1.824679999999999836e+03,1.486930725123142803e-02
1.825200000000000045e+03,1.483867932119460088e-02
1.825720000000000027e+03,1.480812926036460114e-02
1.826240000000000009e+03,1.477761787323778400e-02
1.826759999999999764e+03,1.474724174007778325e-02
1.827280000000000200e+03,1.471688471004096131e-02
1.827799999999999955e+03,1.468666282014096172e-02
1.828319999999999936e+03,1.465647966208414102e-02
1.828839999999999918e+03,1.462643213788731439e-02
1.829360000000000127e+03,1.459640389888731439e-02
1.829880000000000109e+03,1.456645291211049707e-02
1.830399999999999864e+03,1.453656025093049732e-02
1.830920000000000073e+03,1.450676412089367540e-02
1.831440000000000055e+03,1.447702578773367443e-02
1.831960000000000036e+03,1.444732710095685511e-02
1.832480000000000018e+03,1.441776263977685713e-02
1.833000000000000000e+03,1.438827610974002975e-02
1.833519999999999982e+03,1.435886647970320909e-02
1.834039999999999964e+03,1.432949545080320838e-02
1.834559999999999945e+03,1.430020239274638547e-02
1.835080000000000155e+03,1.427092895958638474e-02
1.835599999999999909e+03,1.424179072954956729e-02
1.836119999999999891e+03,1.421269113964956400e-02
1.836639999999999873e+03,1.418372628159274111e-02
1.837160000000000082e+03,1.415478104843274215e-02
1.837680000000000064e+03,1.412593278932591789e-02
1.838199999999999818e+03,1.409708515032591890e-02
1.838720000000000255e+03,1.406839107043910027e-02
1.839240000000000009e+03,1.403973584040227839e-02
1.839759999999999991e+03,1.401121577817227709e-02
1.840279999999999973e+03,1.398269624813545768e-02
1.840800000000000182e+03,1.395421585928545427e-02
1.841320000000000164e+03,1.392579382924862691e-02
1.841839999999999918e+03,1.389754476117862833e-02
1.842359999999999900e+03,1.386931513698180622e-02
1.842880000000000109e+03,1.384116354229180355e-02
1.843400000000000091e+03,1.381305001809498417e-02
1.843920000000000073e+03,1.378499545002498557e-02
1.844439999999999827e+03,1.375703672582816346e-02
1.844960000000000036e+03,1.372913693113816253e-02
1.845480000000000018e+03,1.370133310110133694e-02
1.846000000000000000e+03,1.367360604783451374e-02
1.846519999999999982e+03,1.364595660883451481e-02
1.847039999999999964e+03,1.361832705661769269e-02
1.847559999999999945e+03,1.359077508994769451e-02
1.848079999999999927e+03,1.356326213668087623e-02
1.848600000000000136e+03,1.353586499768087530e-02
1.849120000000000118e+03,1.350850593962405269e-02
1.849639999999999873e+03,1.348124437879405155e-02
1.850159999999999854e+03,1.345398281968722583e-02
1.850680000000000064e+03,1.342687508652722940e-02
1.851200000000000045e+03,1.339978695649040805e-02
1.851720000000000027e+03,1.337279576764040245e-02
1.852239999999999782e+03,1.334582420853358195e-02
1.852760000000000218e+03,1.331893066953358622e-02
1.853279999999999973e+03,1.329207514533676388e-02
1.853799999999999955e+03,1.326535483053993894e-02
1.854319999999999936e+03,1.323865369737993979e-02
1.854840000000000146e+03,1.321205006734311668e-02
1.855360000000000127e+03,1.318546503418311852e-02
1.855879999999999882e+03,1.315893924705629353e-02
1.856399999999999864e+03,1.313250958038629859e-02
1.856920000000000073e+03,1.310615715618947651e-02
1.857440000000000055e+03,1.307984361718947386e-02
1.857960000000000036e+03,1.305360723590265511e-02
1.858480000000000018e+03,1.302740976923265001e-02
1.859000000000000000e+03,1.300127094503583311e-02
1.859519999999999982e+03,1.297522780603583246e-02
1.860039999999999964e+03,1.294924331890900948e-02
1.860560000000000173e+03,1.292333575807900516e-02
1.861079999999999927e+03,1.289746692804218629e-02
1.861599999999999909e+03,1.287167599488218440e-02
1.862119999999999891e+03,1.284590510775536314e-02
1.862640000000000100e+03,1.282023027771853931e-02
1.863160000000000082e+03,1.279455541688854017e-02
1.863679999999999836e+03,1.276905448685171710e-02
1.864199999999999818e+03,1.274353489660172076e-02
1.864720000000000027e+03,1.271814956656489894e-02
1.865240000000000009e+03,1.269274560573489981e-02
1.865759999999999991e+03,1.266745777569807697e-02
1.866279999999999745e+03,1.264218960762807618e-02
1.866800000000000182e+03,1.261699915541125532e-02
1.867319999999999936e+03,1.259184708874125369e-02
1.867839999999999918e+03,1.256675316454442838e-02
1.868360000000000127e+03,1.254173629647442959e-02
1.868880000000000109e+03,1.251679723841760995e-02
1.869400000000000091e+03,1.249193510525760907e-02
1.869919999999999845e+03,1.246711214755078824e-02
1.870440000000000055e+03,1.244234698532078846e-02
1.870960000000000036e+03,1.241764012726396561e-02
1.871480000000000018e+03,1.239299122726396363e-02
1.872000000000000000e+03,1.236838127539714206e-02
1.872519999999999982e+03,1.234384893639714140e-02
1.873039999999999964e+03,1.231933595511032140e-02
1.873559999999999945e+03,1.229495791611032000e-02
1.874079999999999927e+03,1.227061839191349868e-02
1.874600000000000136e+03,1.224631822524349829e-02
1.875119999999999891e+03,1.222203753811667779e-02
1.875639999999999873e+03,1.219789160495667567e-02
1.876160000000000082e+03,1.217376577491985530e-02
1.876680000000000064e+03,1.214967911408985565e-02
1.877200000000000045e+03,1.212561155498302970e-02
1.877719999999999800e+03,1.210169838796303250e-02
1.878240000000000236e+03,1.207778506376620993e-02
1.878759999999999991e+03,1.205398802476620977e-02
1.879279999999999973e+03,1.203019124382938634e-02
1.879799999999999955e+03,1.200649117680938766e-02
1.880320000000000164e+03,1.198281014677256805e-02
1.880840000000000146e+03,1.195920751361256688e-02
1.881359999999999900e+03,1.193564252683574495e-02
1.881879999999999882e+03,1.191209857461892133e-02
1.882400000000000091e+03,1.188861213561892040e-02
1.882920000000000073e+03,1.186522210558209854e-02
1.883440000000000055e+03,1.184188984335210124e-02
1.883959999999999809e+03,1.181861592464527981e-02
1.884480000000000018e+03,1.179539976346527866e-02
1.885000000000000000e+03,1.177222283342845531e-02
1.885519999999999982e+03,1.174912336535845377e-02
1.886040000000000191e+03,1.172604331349163566e-02
1.886559999999999945e+03,1.170305944647163400e-02
1.887079999999999927e+03,1.168009552227481165e-02
1.887599999999999909e+03,1.165720915420480862e-02
1.888120000000000118e+03,1.163436183000799047e-02
1.888640000000000100e+03,1.161159153531798882e-02
1.889159999999999854e+03,1.158885940528116623e-02
1.889679999999999836e+03,1.156620517212116409e-02
1.890200000000000045e+03,1.154355141301434233e-02
1.890720000000000027e+03,1.152097505218434466e-02
1.891240000000000009e+03,1.149839869412752104e-02
1.891759999999999764e+03,1.147595815512751985e-02
1.892280000000000200e+03,1.145355510186069938e-02
1.892799999999999955e+03,1.143123070186069859e-02
1.893319999999999936e+03,1.140892471613387874e-02
1.893839999999999918e+03,1.138663988297388026e-02
1.894360000000000127e+03,1.136441182386705578e-02
1.894880000000000109e+03,1.134224259070705509e-02
1.895399999999999864e+03,1.132015020498023349e-02
1.895920000000000073e+03,1.129813536598023305e-02
1.896440000000000055e+03,1.127615860375023350e-02
1.896960000000000036e+03,1.125420247371341012e-02
1.897480000000000018e+03,1.123230414055341117e-02
1.898000000000000000e+03,1.121046355482658956e-02
1.898519999999999982e+03,1.118868138675658923e-02
1.899039999999999964e+03,1.116693826255976685e-02
1.899559999999999945e+03,1.114523402355976564e-02
1.900080000000000155e+03,1.112354921034294439e-02
1.900599999999999909e+03,1.110197964367294447e-02
1.901119999999999891e+03,1.108044918456612023e-02
1.901639999999999873e+03,1.105897705140612176e-02
1.902160000000000082e+03,1.103750492136930036e-02
1.902680000000000064e+03,1.101612973251930166e-02
1.903199999999999818e+03,1.099475457341247964e-02
1.903720000000000255e+03,1.097349613441248040e-02
1.904240000000000009e+03,1.095223701021565826e-02
1.904759999999999991e+03,1.093107504319565902e-02
1.905279999999999973e+03,1.090993196225883630e-02
1.905800000000000182e+03,1.088888612325883409e-02
1.906320000000000164e+03,1.086784023222201259e-02
1.906839999999999918e+03,1.084685259906201411e-02
1.907359999999999900e+03,1.082588454100519119e-02
1.907880000000000109e+03,1.080499385110519385e-02
1.908400000000000091e+03,1.078414192106836797e-02
1.908920000000000073e+03,1.076336748206837071e-02
1.909439999999999827e+03,1.074263102985154907e-02
1.909960000000000036e+03,1.072193443411154946e-02
1.910480000000000018e+03,1.070129560407472383e-02
1.911000000000000000e+03,1.068065727091472260e-02
1.911519999999999982e+03,1.066009584087790341e-02
1.912039999999999964e+03,1.063957358962790319e-02
1.912559999999999945e+03,1.061912873192107955e-02
1.913079999999999927e+03,1.059872219292108154e-02
1.913600000000000136e+03,1.057839336872425963e-02
1.914120000000000118e+03,1.055808380170425789e-02
1.914639999999999873e+03,1.053781333947425951e-02
1.915159999999999854e+03,1.051756248176743437e-02
1.915680000000000064e+03,1.049740824276743437e-02
1.916200000000000045e+03,1.047725381857061468e-02
1.916720000000000027e+03,1.045715882248061251e-02
1.917239999999999782e+03,1.043708239244379304e-02
1.917760000000000218e+03,1.041714117061379175e-02
1.918279999999999973e+03,1.039721904057696981e-02
1.918799999999999955e+03,1.037731695032696917e-02
1.919319999999999936e+03,1.035745362029014648e-02
1.919840000000000146e+03,1.033764865362014722e-02
1.920360000000000127e+03,1.031788222942332453e-02
1.920879999999999882e+03,1.029817429042332450e-02
1.921399999999999864e+03,1.027850430913650193e-02
1.921920000000000073e+03,1.025887427013650287e-02
1.922440000000000055e+03,1.023930145142968283e-02
1.922960000000000036e+03,1.021974871826968230e-02
1.923480000000000018e+03,1.020027283114285921e-02
1.924000000000000000e+03,1.018083579214286091e-02
1.924519999999999982e+03,1.016143776794603722e-02
1.925039999999999964e+03,1.014207860127603646e-02
1.925560000000000173e+03,1.012275856811603765e-02
1.926079999999999927e+03,1.010349578098921307e-02
1.926599999999999909e+03,1.008427284198921622e-02
1.927119999999999891e+03,1.006508795679239218e-02
1.927640000000000100e+03,1.004596149012239314e-02
1.928160000000000082e+03,1.002685453101557350e-02
1.928679999999999836e+03,1.000782496983556973e-02
1.929199999999999818e+03,9.988814539798746006e-03
1.929720000000000027e+03,9.969862906638747926e-03
1.930240000000000009e+03,9.950930319861927068e-03
1.930759999999999991e+03,9.932075252841928228e-03
1.931279999999999745e+03,9.913239667645103170e-03
1.931800000000000182e+03,9.894481128645101625e-03
1.932319999999999936e+03,9.875722998608281109e-03
1.932839999999999918e+03,9.857023608708281176e-03
1.933360000000000127e+03,9.838362541688284307e-03
1.933880000000000109e+03,9.819759617491459827e-03
1.934400000000000091e+03,9.801175978491458510e-03
1.934919999999999845e+03,9.782650991714636132e-03
1.935440000000000055e+03,9.764164297554635968e-03
1.935960000000000036e+03,9.745716739497813433e-03
1.936480000000000018e+03,9.727327100497812351e-03
1.937000000000000000e+03,9.708956876300991329e-03
1.937519999999999982e+03,9.690645080560993108e-03
1.938039999999999964e+03,9.672352728344171813e-03
1.938559999999999945e+03,9.654137489344172957e-03
1.939079999999999927e+03,9.635922659307349925e-03
1.939600000000000136e+03,9.617785265147350479e-03
1.940119999999999891e+03,9.599648369407350751e-03
1.940639999999999873e+03,9.581607411350528958e-03
1.941160000000000082e+03,9.563547878190529344e-03
1.941680000000000064e+03,9.545585348153706046e-03
1.942200000000000045e+03,9.527622880083706780e-03
1.942719999999999800e+03,9.509737128216885771e-03
1.943240000000000236e+03,9.491852100196885786e-03
1.943759999999999991e+03,9.474044776000063728e-03
1.944279999999999973e+03,9.456237637000061355e-03
1.944799999999999955e+03,9.438507277893241898e-03
1.945320000000000164e+03,9.420796517063239825e-03
1.945840000000000146e+03,9.403144650043240155e-03
1.946359999999999900e+03,9.385511320006418093e-03
1.946879999999999882e+03,9.367936796776417732e-03
1.947400000000000091e+03,9.350381366739596647e-03
1.947920000000000073e+03,9.332884177889591570e-03
1.948440000000000055e+03,9.315406647852771463e-03
1.948959999999999809e+03,9.297987508852771296e-03
1.949480000000000018e+03,9.280606355585949846e-03
1.950000000000000000e+03,9.263245016585951175e-03
1.950519999999999982e+03,9.245941869859128012e-03
1.951040000000000191e+03,9.228677936699127352e-03
1.951559999999999945e+03,9.211452268629127804e-03
1.952079999999999927e+03,9.194246638592305440e-03
1.952599999999999909e+03,9.177098805432305773e-03
1.953120000000000118e+03,9.159970519705483427e-03
1.953640000000000100e+03,9.142919319705481926e-03
1.954159999999999854e+03,9.125868866438660923e-03
1.954679999999999836e+03,9.108876427438662715e-03
1.955200000000000045e+03,9.091903403241835893e-03
1.955720000000000027e+03,9.075007408551839447e-03
1.956240000000000009e+03,9.058092869551838747e-03
1.956759999999999764e+03,9.041274616285017995e-03
1.957280000000000200e+03,9.024457116285017691e-03
1.957799999999999955e+03,9.007697286248197294e-03
1.958319999999999936e+03,8.990956997398194886e-03
1.958839999999999918e+03,8.974255938291370374e-03
1.959360000000000127e+03,8.957593199291373140e-03
1.959880000000000109e+03,8.940988575094550514e-03
1.960399999999999864e+03,8.924384675094550190e-03
1.960920000000000073e+03,8.907838413914551459e-03
1.961440000000000055e+03,8.891330827137727474e-03
1.961960000000000036e+03,8.874862588137730213e-03
1.962480000000000018e+03,8.858432363940908078e-03
1.963000000000000000e+03,8.842041496920907337e-03
1.963519999999999982e+03,8.825670205884084824e-03
1.964039999999999964e+03,8.809337515984082267e-03
1.964559999999999945e+03,8.793063185947261329e-03
1.965080000000000155e+03,8.776808546947262313e-03
1.965599999999999909e+03,8.760592485767262558e-03
1.966119999999999891e+03,8.744414655730439398e-03
1.966639999999999873e+03,8.728276098990440934e-03
1.967160000000000082e+03,8.712156974793617767e-03
1.967680000000000064e+03,8.696096335793618987e-03
1.968199999999999818e+03,8.680035983576795539e-03
1.968720000000000255e+03,8.664052215506794913e-03
1.969240000000000009e+03,8.648088457799974968e-03
1.969759999999999991e+03,8.632163463639973625e-03
1.970279999999999973e+03,8.616258124639973592e-03
1.970800000000000182e+03,8.600410966583149630e-03
1.971320000000000164e+03,8.584582904353151717e-03
1.971839999999999918e+03,8.568794046646330265e-03
1.972359999999999900e+03,8.553043546646332124e-03
1.972880000000000109e+03,8.537332522449508909e-03
1.973400000000000091e+03,8.521640755429507608e-03
1.973920000000000073e+03,8.506006787359507437e-03
1.974439999999999827e+03,8.490392235492685499e-03
1.974960000000000036e+03,8.474797996492686170e-03
1.975480000000000018e+03,8.459261005455864096e-03
1.976000000000000000e+03,8.443744044275863780e-03
1.976519999999999982e+03,8.428284885169041660e-03
1.977039999999999964e+03,8.412826346169041333e-03
1.977559999999999945e+03,8.397425485339041554e-03
1.978079999999999927e+03,8.382044294302221435e-03
1.978600000000000136e+03,8.366721333122219620e-03
1.979120000000000118e+03,8.351398374015397974e-03
1.979639999999999873e+03,8.336133835015397883e-03
1.980159999999999854e+03,8.320888183148574674e-03
1.980680000000000064e+03,8.305701083148575234e-03
1.981200000000000045e+03,8.290514387058576726e-03
1.981720000000000027e+03,8.275404462861752491e-03
1.982239999999999782e+03,8.260276123861751141e-03
1.982760000000000218e+03,8.245225066154930615e-03
1.983279999999999973e+03,8.230174032994932998e-03
1.983799999999999955e+03,8.215181284868108488e-03
1.984319999999999936e+03,8.200207745868109618e-03
1.984840000000000146e+03,8.185273312708109261e-03
1.985360000000000127e+03,8.170358455001285741e-03
1.985879999999999882e+03,8.155501516001287601e-03
1.986399999999999864e+03,8.140663473714464596e-03
1.986920000000000073e+03,8.125845734714464211e-03
1.987440000000000055e+03,8.111085704677643143e-03
1.987960000000000036e+03,8.096326671517641016e-03
1.988480000000000018e+03,8.081625004847643387e-03
1.989000000000000000e+03,8.066942884740819358e-03
1.989519999999999982e+03,8.052299923560820444e-03
1.990039999999999964e+03,8.037695693523999596e-03
1.990560000000000173e+03,8.023110654523997465e-03
1.991079999999999927e+03,8.008545502657176893e-03
1.991599999999999909e+03,7.994057473587177012e-03
1.992119999999999891e+03,7.979550806567176080e-03
1.992640000000000100e+03,7.965120882370354746e-03
1.993160000000000082e+03,7.950672043370353090e-03
1.993679999999999836e+03,7.936300985663533730e-03
1.994199999999999818e+03,7.921929962433529870e-03
1.994720000000000027e+03,7.907616795413532906e-03
1.995240000000000009e+03,7.893303471216708833e-03
1.995759999999999991e+03,7.879068232216708892e-03
1.996279999999999745e+03,7.864814341179887647e-03
1.996800000000000182e+03,7.850617651279886630e-03
1.997319999999999936e+03,7.836440593223064494e-03
1.997839999999999918e+03,7.822302854223063540e-03
1.998360000000000127e+03,7.808203221063064227e-03
1.998880000000000109e+03,7.794123730026241738e-03
1.999400000000000091e+03,7.780063834286244512e-03
1.999919999999999845e+03,7.766061582069420759e-03
2.000440000000000055e+03,7.752078643069421418e-03
2.000960000000000036e+03,7.738115804069421559e-03
2.001480000000000018e+03,7.724191518872598576e-03
2.002000000000000000e+03,7.710286950802600070e-03
2.002519999999999982e+03,7.696420965075775195e-03
2.003039999999999964e+03,7.682593731915775964e-03
2.003559999999999945e+03,7.668786140878954688e-03
2.004079999999999927e+03,7.655017301878953330e-03
2.004600000000000136e+03,7.641267939648952595e-03
2.005119999999999891e+03,7.627538181942131179e-03
2.005639999999999873e+03,7.613866314922130424e-03
2.006160000000000082e+03,7.600194829725310380e-03
2.006680000000000064e+03,7.586581790725311844e-03
2.007200000000000045e+03,7.572987322655311097e-03
2.007719999999999800e+03,7.559413298458488896e-03
2.008240000000000236e+03,7.545877142768488317e-03
2.008759999999999991e+03,7.532361512731665723e-03
2.009279999999999973e+03,7.518884079571666081e-03
2.009799999999999955e+03,7.505445820464845715e-03
2.010320000000000164e+03,7.492026781464846547e-03
2.010840000000000146e+03,7.478627231614848672e-03
2.011359999999999900e+03,7.465266401578021620e-03
2.011879999999999882e+03,7.451925262578024296e-03
2.012400000000000091e+03,7.438622609311201089e-03
2.012920000000000073e+03,7.425359409311202419e-03
2.013440000000000055e+03,7.412096142291203088e-03
2.013959999999999809e+03,7.398890990424378776e-03
2.014480000000000018e+03,7.385686051424377591e-03
2.015000000000000000e+03,7.372520231317557585e-03
2.015519999999999982e+03,7.359392598157558397e-03
2.016040000000000191e+03,7.346284159157556726e-03
2.016559999999999945e+03,7.333215273430734350e-03
2.017079999999999927e+03,7.320146440270732663e-03
2.017599999999999909e+03,7.307135920163912272e-03
2.018120000000000118e+03,7.294125481163912794e-03
2.018640000000000100e+03,7.281191942163912217e-03
2.019159999999999854e+03,7.268239089947090698e-03
2.019679999999999836e+03,7.255345262277088786e-03
2.020200000000000045e+03,7.242451332240267860e-03
2.020720000000000027e+03,7.229596070010268008e-03
2.021240000000000009e+03,7.216760531010267023e-03
2.021759999999999764e+03,7.203963611953445242e-03
2.022280000000000200e+03,7.191186278793445380e-03
2.022799999999999955e+03,7.178448121086622967e-03
2.023319999999999936e+03,7.165728653016623095e-03
2.023839999999999918e+03,7.153048358856622761e-03
2.024360000000000127e+03,7.140368528819800685e-03
2.024880000000000109e+03,7.127746561799800165e-03
2.025399999999999864e+03,7.115143509932980379e-03
2.025920000000000073e+03,7.102560780862980129e-03
2.026440000000000055e+03,7.089997641862977491e-03
2.026960000000000036e+03,7.077473017666156656e-03
2.027480000000000018e+03,7.064968150646157470e-03
2.028000000000000000e+03,7.052501459609334181e-03
2.028519999999999982e+03,7.040054769709335782e-03
2.029039999999999964e+03,7.027627330709334749e-03
2.029559999999999945e+03,7.015239000672514498e-03
2.030080000000000155e+03,7.002850706512513991e-03
2.030599999999999909e+03,6.990520148455689649e-03
2.031119999999999891e+03,6.978190180385691194e-03
2.031639999999999873e+03,6.965918419555690300e-03
2.032160000000000082e+03,6.953646728518871056e-03
2.032680000000000064e+03,6.941413789518869129e-03
2.033199999999999818e+03,6.929200237302046879e-03
2.033720000000000255e+03,6.917025598302045317e-03
2.034240000000000009e+03,6.904850941562047650e-03
2.034759999999999991e+03,6.892734417365225900e-03
2.035279999999999973e+03,6.880618578365223573e-03
2.035800000000000182e+03,6.868541348328402289e-03
2.036320000000000164e+03,6.856483320308403087e-03
2.036839999999999918e+03,6.844445258078403482e-03
2.037359999999999900e+03,6.832445400371579998e-03
2.037880000000000109e+03,6.820465761371579880e-03
2.038400000000000091e+03,6.808505076174757760e-03
2.038920000000000073e+03,6.796583709154755890e-03
2.039439999999999827e+03,6.784681441084755397e-03
2.039960000000000036e+03,6.772798616887933977e-03
2.040480000000000018e+03,6.760954189217936901e-03
2.041000000000000000e+03,6.749111250217936127e-03
2.041519999999999982e+03,6.737325426021111355e-03
2.042039999999999964e+03,6.725539798001111368e-03
2.042559999999999945e+03,6.713793238894291519e-03
2.043079999999999927e+03,6.702046705734291017e-03
2.043600000000000136e+03,6.690358539064291885e-03
2.044120000000000118e+03,6.678670348027468222e-03
2.044639999999999873e+03,6.667020786847466587e-03
2.045159999999999854e+03,6.655371727740646594e-03
2.045680000000000064e+03,6.643781088740645553e-03
2.046200000000000045e+03,6.632189961070646816e-03
2.046720000000000027e+03,6.620657436873825588e-03
2.047239999999999782e+03,6.609105497873826035e-03
2.047760000000000218e+03,6.597611801783824850e-03
2.048280000000000200e+03,6.586118016587002785e-03
2.048800000000000182e+03,6.574663577587002219e-03
2.049319999999999709e+03,6.563228119880180379e-03
2.049840000000000146e+03,6.551812325720180602e-03
2.050360000000000127e+03,6.540435286720179542e-03
2.050880000000000109e+03,6.529058599593360115e-03
2.051399999999999636e+03,6.517720666433358435e-03
2.051920000000000073e+03,6.506402375396535577e-03
2.052440000000000055e+03,6.495122808726536134e-03
2.052960000000000036e+03,6.483862275566536562e-03
2.053480000000000018e+03,6.472602227439713807e-03
2.054000000000000000e+03,6.461380988439713834e-03
2.054519999999999982e+03,6.450198449439713613e-03
2.055039999999999964e+03,6.439016725242890579e-03
2.055559999999999945e+03,6.427873397572893624e-03
2.056079999999999927e+03,6.416729967536069848e-03
2.056599999999999909e+03,6.405625677286070838e-03
2.057119999999999891e+03,6.394541138286070209e-03
2.057640000000000327e+03,6.383494747249247696e-03
2.058159999999999854e+03,6.372448314089246973e-03
2.058679999999999836e+03,6.361460656382426047e-03
2.059199999999999818e+03,6.350453527312426190e-03
2.059720000000000255e+03,6.339504566132425807e-03
2.060239999999999782e+03,6.328537036095603467e-03
2.060759999999999764e+03,6.317627397095602199e-03
2.061279999999999745e+03,6.306736897095603818e-03
2.061800000000000182e+03,6.295866245228781514e-03
2.062320000000000164e+03,6.285014349138781480e-03
2.062840000000000146e+03,6.274182558101960155e-03
2.063360000000000127e+03,6.263369824941960630e-03
2.063880000000000109e+03,6.252596385941959836e-03
2.064400000000000091e+03,6.241823394905138614e-03
2.064920000000000073e+03,6.231089005005137349e-03
2.065440000000000055e+03,6.220373837985137405e-03
2.065960000000000036e+03,6.209678207948314543e-03
2.066480000000000018e+03,6.199002213788315507e-03
2.067000000000000000e+03,6.188364383751494141e-03
2.067519999999999982e+03,6.177727644751492692e-03
2.068039999999999964e+03,6.167129088011493419e-03
2.068559999999999945e+03,6.156549935794671663e-03
2.069079999999999927e+03,6.145971496794670579e-03
2.069599999999999909e+03,6.135450857794670990e-03
2.070119999999999891e+03,6.124930572597849128e-03
2.070639999999999873e+03,6.114429504527848537e-03
2.071160000000000309e+03,6.103947946821027155e-03
2.071680000000000291e+03,6.093505624641026332e-03
2.072199999999999818e+03,6.083062885641025985e-03
2.072719999999999800e+03,6.072659255604204685e-03
2.073240000000000236e+03,6.062274855604204114e-03
2.073760000000000218e+03,6.051910393374203626e-03
2.074279999999999745e+03,6.041565507647382940e-03
2.074799999999999727e+03,6.031239868647382193e-03
2.075320000000000164e+03,6.020933274487381623e-03
2.075840000000000146e+03,6.010665844450560798e-03
2.076360000000000127e+03,6.000399005450561020e-03
2.076880000000000109e+03,5.990170691183739106e-03
2.077400000000000091e+03,5.979942496493737859e-03
2.077920000000000073e+03,5.969753057493738455e-03
2.078440000000000055e+03,5.959582666456916290e-03
2.078960000000000036e+03,5.949413233296915390e-03
2.079480000000000018e+03,5.939282065226917338e-03
2.080000000000000000e+03,5.929170435190093263e-03
2.080519999999999982e+03,5.919078385340094395e-03
2.081039999999999964e+03,5.909006455303272148e-03
2.081559999999999945e+03,5.898972316303272359e-03
2.082079999999999927e+03,5.888939122143271344e-03
2.082599999999999909e+03,5.878924963036450714e-03
2.083119999999999891e+03,5.868930524036450151e-03
2.083639999999999873e+03,5.858974768346449265e-03
2.084159999999999854e+03,5.849018844149627902e-03
2.084679999999999836e+03,5.839102305149628316e-03
2.085200000000000273e+03,5.829185805149627274e-03
2.085720000000000255e+03,5.819307751882805274e-03
2.086239999999999782e+03,5.809430412882806045e-03
2.086759999999999764e+03,5.799591193825983683e-03
2.087280000000000200e+03,5.789771532995984134e-03
2.087800000000000182e+03,5.779952993995984140e-03
2.088319999999999709e+03,5.770172034889161500e-03
2.088839999999999691e+03,5.760411334889160677e-03
2.089360000000000127e+03,5.750669601729161209e-03
2.089880000000000109e+03,5.740928843672339632e-03
2.090400000000000091e+03,5.731226416002339202e-03
2.090920000000000073e+03,5.721562582842339845e-03
2.091440000000000055e+03,5.711898723735516804e-03
2.091960000000000036e+03,5.702236023735517308e-03
2.092480000000000018e+03,5.692611484735516682e-03
2.093000000000000000e+03,5.683006332518695733e-03
2.093519999999999982e+03,5.673421004848695770e-03
2.094039999999999964e+03,5.663854674811874199e-03
2.094559999999999945e+03,5.654307912581874561e-03
2.095079999999999927e+03,5.644761812581874059e-03
2.095599999999999909e+03,5.635273382545051730e-03
2.096119999999999891e+03,5.625766415525050926e-03
2.096639999999999873e+03,5.616316693695050724e-03
2.097159999999999854e+03,5.606848363658228744e-03
2.097679999999999836e+03,5.597437895588228823e-03
2.098199999999999818e+03,5.588008301428228942e-03
2.098720000000000255e+03,5.578617871391407072e-03
2.099240000000000236e+03,5.569246604371407006e-03
2.099760000000000218e+03,5.559894910211407235e-03
2.100279999999999745e+03,5.550543152504584278e-03
2.100800000000000182e+03,5.541230184434584212e-03
2.101320000000000164e+03,5.531936793397762737e-03
2.101840000000000146e+03,5.522662960237761931e-03
2.102359999999999673e+03,5.513389693217762323e-03
2.102880000000000109e+03,5.504154602180941214e-03
2.103400000000000091e+03,5.494939041350941668e-03
2.103920000000000073e+03,5.485724073280941193e-03
2.104440000000000055e+03,5.476547782244118451e-03
2.104960000000000036e+03,5.467371543244119343e-03
2.105480000000000018e+03,5.458233882064117762e-03
2.106000000000000000e+03,5.449096791027295376e-03
2.106519999999999982e+03,5.439997895287295923e-03
2.107039999999999964e+03,5.430880362127295073e-03
2.107559999999999945e+03,5.421821171090473665e-03
2.108079999999999927e+03,5.412762032090474157e-03
2.108600000000000364e+03,5.403721965070472540e-03
2.109119999999999891e+03,5.394701379873650775e-03
2.109639999999999873e+03,5.385701011803651489e-03
2.110159999999999854e+03,5.376719154096828469e-03
2.110680000000000291e+03,5.367756959936828380e-03
2.111199999999999818e+03,5.358795320936829594e-03
2.111719999999999800e+03,5.349872762880006870e-03
2.112239999999999782e+03,5.340968962880006388e-03
2.112760000000000218e+03,5.332084600650007986e-03
2.113280000000000200e+03,5.323200742943185425e-03
2.113800000000000182e+03,5.314336642943185036e-03
2.114319999999999709e+03,5.305492009783184006e-03
2.114840000000000146e+03,5.296685579746362657e-03
2.115360000000000127e+03,5.287860651726363111e-03
2.115880000000000109e+03,5.279092983656362079e-03
2.116399999999999636e+03,5.270326159459540714e-03
2.116920000000000073e+03,5.261578631789540217e-03
2.117440000000000055e+03,5.252831592789540885e-03
2.117960000000000036e+03,5.244123068592719018e-03
2.118480000000000018e+03,5.235414740572719335e-03
2.119000000000000000e+03,5.226725472502718149e-03
2.119519999999999982e+03,5.218075342465896757e-03
2.120039999999999964e+03,5.209425720635896609e-03
2.120559999999999945e+03,5.200795281635896272e-03
2.121079999999999927e+03,5.192184390599073780e-03
2.121599999999999909e+03,5.183592623579075416e-03
2.122119999999999891e+03,5.175001261349074580e-03
2.122640000000000327e+03,5.166448670312252453e-03
2.123159999999999854e+03,5.157896131312252226e-03
2.123679999999999836e+03,5.149382579445430097e-03
2.124199999999999818e+03,5.140868779445429901e-03
2.124720000000000255e+03,5.132394112425429401e-03
2.125239999999999782e+03,5.123900253318606351e-03
2.125759999999999764e+03,5.115464759158607627e-03
2.126279999999999745e+03,5.107009720158606388e-03
2.126800000000000182e+03,5.098593762451785090e-03
2.127320000000000164e+03,5.090178368291784980e-03
2.127840000000000146e+03,5.081782129291784710e-03
2.128360000000000127e+03,5.073423971234962762e-03
2.128880000000000109e+03,5.065066442164963510e-03
2.129400000000000091e+03,5.056728409004963495e-03
2.129920000000000073e+03,5.048390917968142294e-03
2.130440000000000055e+03,5.040091651298142170e-03
2.130960000000000036e+03,5.031792412298142017e-03
2.131480000000000018e+03,5.023532199081318962e-03
2.132000000000000000e+03,5.015272131011319287e-03
2.132519999999999982e+03,5.007031692011319236e-03
2.133039999999999964e+03,4.998791606814497780e-03
2.133559999999999945e+03,4.990590367814497219e-03
2.134079999999999927e+03,4.982389101144497554e-03
2.134599999999999909e+03,4.974225982087675593e-03
2.135119999999999891e+03,4.966063319857675663e-03
2.135639999999999873e+03,4.957920919857675482e-03
2.136160000000000309e+03,4.949777889820853975e-03
2.136680000000000291e+03,4.941674056660854027e-03
2.137199999999999818e+03,4.933589428990852767e-03
2.137719999999999800e+03,4.925505198954032229e-03
2.138240000000000236e+03,4.917440602864030751e-03
2.138760000000000218e+03,4.909395108704031445e-03
2.139279999999999745e+03,4.901349578667208925e-03
2.139799999999999727e+03,4.893343339667208941e-03
2.140320000000000164e+03,4.885337139667209234e-03
2.140840000000000146e+03,4.877350287800386736e-03
2.141360000000000127e+03,4.869382730710387387e-03
2.141880000000000109e+03,4.861434791710386900e-03
2.142400000000000091e+03,4.853506267513563871e-03
2.142920000000000073e+03,4.845577967513565142e-03
2.143440000000000055e+03,4.837669728513564749e-03
2.143960000000000036e+03,4.829780498476742186e-03
2.144480000000000018e+03,4.821910347576742993e-03
2.145000000000000000e+03,4.814059380556743109e-03
2.145519999999999982e+03,4.806209389519921181e-03
2.146039999999999964e+03,4.798379050519920030e-03
2.146559999999999945e+03,4.790586817359920521e-03
2.147079999999999927e+03,4.782776026323098083e-03
2.147599999999999909e+03,4.775003459653098456e-03
2.148119999999999891e+03,4.767212169403098158e-03
2.148639999999999873e+03,4.759478278366276356e-03
2.149159999999999854e+03,4.751744939366276191e-03
2.149679999999999836e+03,4.744031239366276916e-03
2.150200000000000273e+03,4.736317315169455075e-03
2.150720000000000255e+03,4.728623676169455003e-03
2.151239999999999782e+03,4.720948619429454762e-03
2.151759999999999764e+03,4.713293561372632751e-03
2.152280000000000200e+03,4.705638528212633190e-03
2.152800000000000182e+03,4.698022328212632034e-03
2.153319999999999709e+03,4.690405998175810158e-03
2.153839999999999691e+03,4.682809398175810482e-03
2.154360000000000127e+03,4.675213135945810276e-03
2.154880000000000109e+03,4.667655050218987543e-03
2.155400000000000091e+03,4.660097650218988224e-03
2.155920000000000073e+03,4.652559717058988263e-03
2.156440000000000055e+03,4.645021787022165366e-03
2.156960000000000036e+03,4.637503587022165537e-03
2.157480000000000018e+03,4.630023548022165446e-03
2.158000000000000000e+03,4.622524733755344062e-03
2.158519999999999982e+03,4.615064239065344229e-03
2.159039999999999964e+03,4.607623400065343627e-03
2.159559999999999945e+03,4.600183509028522334e-03
2.160079999999999927e+03,4.592743575868522832e-03
2.160599999999999909e+03,4.585341975868521998e-03
2.161119999999999891e+03,4.577940307798521874e-03
2.161639999999999873e+03,4.570558677761699801e-03
2.162159999999999854e+03,4.563196127911700595e-03
2.162679999999999836e+03,4.555853288911700452e-03
2.163199999999999818e+03,4.548510358874878132e-03
2.163720000000000255e+03,4.541187064714878770e-03
2.164240000000000236e+03,4.533882925714878380e-03
2.164760000000000218e+03,4.526598305608055955e-03
2.165279999999999745e+03,4.519314238588055532e-03
2.165800000000000182e+03,4.512049177758055418e-03
2.166320000000000164e+03,4.504784686721233222e-03
2.166840000000000146e+03,4.497558947721233547e-03
2.167359999999999673e+03,4.490333247721234149e-03
2.167880000000000109e+03,4.483107794454409441e-03
2.168400000000000091e+03,4.475920755454409518e-03
2.168920000000000073e+03,4.468734227434410095e-03
2.169440000000000055e+03,4.461566669727587767e-03
2.169960000000000036e+03,4.454419275567588106e-03
2.170480000000000018e+03,4.447271936567588277e-03
2.171000000000000000e+03,4.440143606530765411e-03
2.171519999999999982e+03,4.433034977460765733e-03
2.172039999999999964e+03,4.425945844300767026e-03
2.172559999999999945e+03,4.418856725243944412e-03
2.173079999999999927e+03,4.411787258573944721e-03
2.173600000000000364e+03,4.404736919573944143e-03
2.174119999999999891e+03,4.397687025413944337e-03
2.174639999999999873e+03,4.390656666307122050e-03
2.175159999999999854e+03,4.383626466307122098e-03
2.175680000000000291e+03,4.376634833147122379e-03
2.176199999999999818e+03,4.369643175090300209e-03
2.176719999999999800e+03,4.362671247420300651e-03
2.177239999999999782e+03,4.355699808420299655e-03
2.177760000000000218e+03,4.348766423223477534e-03
2.178280000000000200e+03,4.341814555153478139e-03
2.178800000000000182e+03,4.334900916153477772e-03
2.179319999999999709e+03,4.327987697096655727e-03
2.179840000000000146e+03,4.321094063936655599e-03
2.180360000000000127e+03,4.314200536266655020e-03
2.180880000000000109e+03,4.307345606229833444e-03
2.181399999999999636e+03,4.300490738159833300e-03
2.181920000000000073e+03,4.293636343999833807e-03
2.182440000000000055e+03,4.286801513963011713e-03
2.182960000000000036e+03,4.279985885943012568e-03
2.183480000000000018e+03,4.273189346943011800e-03
2.184000000000000000e+03,4.266393186113013290e-03
2.184519999999999982e+03,4.259635795076190980e-03
2.185039999999999964e+03,4.252859327006189814e-03
2.185559999999999945e+03,4.246121627006189427e-03
2.186079999999999927e+03,4.239365102809367937e-03
2.186599999999999909e+03,4.232646974789368646e-03
2.187119999999999891e+03,4.225928835789367725e-03
2.187640000000000327e+03,4.219230178082547002e-03
2.188159999999999854e+03,4.212551183922545739e-03
2.188679999999999836e+03,4.205872715852545900e-03
2.189199999999999818e+03,4.199213324815723181e-03
2.189720000000000255e+03,4.192573085815724104e-03
2.190239999999999782e+03,4.185933224635723406e-03
2.190759999999999764e+03,4.179293933598901903e-03
2.191279999999999745e+03,4.172692894598901449e-03
2.191800000000000182e+03,4.166092337858901158e-03
2.192320000000000164e+03,4.159510804698901207e-03
2.192840000000000146e+03,4.152929774662078924e-03
2.193360000000000127e+03,4.146387074662079113e-03
2.193880000000000109e+03,4.139825707642080105e-03
2.194400000000000091e+03,4.133302922445258355e-03
2.194920000000000073e+03,4.126780783445256617e-03
2.195440000000000055e+03,4.120277226705257312e-03
2.195960000000000036e+03,4.113774596668435743e-03
2.196480000000000018e+03,4.107290563508435646e-03
2.197000000000000000e+03,4.100807163508434806e-03
2.197519999999999982e+03,4.094343205451612608e-03
2.198039999999999964e+03,4.087898911291612883e-03
2.198559999999999945e+03,4.081473772291612997e-03
2.199079999999999927e+03,4.075029515551611796e-03
2.199599999999999909e+03,4.068623885514790345e-03
2.200119999999999891e+03,4.062237852354789840e-03
2.200639999999999873e+03,4.055851952354789722e-03
2.201160000000000309e+03,4.049466394297967370e-03
2.201680000000000291e+03,4.043100594297968468e-03
2.202199999999999818e+03,4.036753261137967716e-03
2.202719999999999800e+03,4.030426002031147099e-03
2.203240000000000236e+03,4.024079774361146236e-03
2.203760000000000218e+03,4.017771735361145950e-03
2.204279999999999745e+03,4.011464141201146437e-03
2.204799999999999727e+03,4.005195183144324815e-03
2.205320000000000164e+03,3.998907283144324289e-03
2.205840000000000146e+03,3.992638915074325084e-03
2.206360000000000127e+03,3.986390085037502459e-03
2.206880000000000109e+03,3.980140763207502472e-03
2.207400000000000091e+03,3.973911124207502900e-03
2.207920000000000073e+03,3.967681933170682032e-03
2.208440000000000055e+03,3.961471866150680955e-03
2.208960000000000036e+03,3.955281371990681041e-03
2.209480000000000018e+03,3.949110503920681692e-03
2.210000000000000000e+03,3.942920473883858301e-03
2.210519999999999982e+03,3.936768746213858278e-03
2.211039999999999964e+03,3.930617913053859915e-03
2.211559999999999945e+03,3.924485722017037430e-03
2.212079999999999927e+03,3.918354054997036200e-03
2.212599999999999909e+03,3.912242054997036242e-03
2.213119999999999891e+03,3.906129801730214273e-03
2.213639999999999873e+03,3.900036862730213612e-03
2.214159999999999854e+03,3.893963562730213841e-03
2.214679999999999836e+03,3.887891196060214594e-03
2.215200000000000273e+03,3.881837310863392281e-03
2.215720000000000255e+03,3.875803171863392155e-03
2.216239999999999782e+03,3.869749943843392350e-03
2.216759999999999764e+03,3.863735284736570345e-03
2.217280000000000200e+03,3.857720690576570133e-03
2.217800000000000182e+03,3.851726251576570101e-03
2.218319999999999709e+03,3.845731193869747749e-03
2.218839999999999691e+03,3.839755393869747832e-03
2.219360000000000127e+03,3.833799560709748311e-03
2.219880000000000109e+03,3.827843832689747927e-03
2.220400000000000091e+03,3.821887973582925591e-03
2.220920000000000073e+03,3.815971473582925513e-03
2.221440000000000055e+03,3.810035240422926170e-03
2.221960000000000036e+03,3.804118610386103636e-03
2.222480000000000018e+03,3.798221182716103594e-03
2.223000000000000000e+03,3.792343843716104029e-03
2.223519999999999982e+03,3.786465830499281468e-03
2.224039999999999964e+03,3.780588462429281590e-03
2.224559999999999945e+03,3.774749862429280754e-03
2.225079999999999927e+03,3.768892123429281368e-03
2.225599999999999909e+03,3.763072438232458686e-03
2.226119999999999891e+03,3.757234271562457772e-03
2.226639999999999873e+03,3.751434832562458750e-03
2.227159999999999854e+03,3.745616213505636571e-03
2.227679999999999836e+03,3.739836251275636438e-03
2.228199999999999818e+03,3.734056451275636571e-03
2.228720000000000255e+03,3.728296212275635305e-03
2.229240000000000236e+03,3.722535921238813439e-03
2.229760000000000218e+03,3.716795282238813652e-03
2.230279999999999745e+03,3.711054560408813627e-03
2.230800000000000182e+03,3.705333430371991407e-03
2.231320000000000164e+03,3.699612334281992838e-03
2.231840000000000146e+03,3.693910934281992384e-03
2.232359999999999673e+03,3.688209401121991977e-03
2.232880000000000109e+03,3.682527510085171259e-03
2.233400000000000091e+03,3.676845671085170707e-03
2.233920000000000073e+03,3.671183471085171044e-03
2.234440000000000055e+03,3.665540119218348852e-03
2.234960000000000036e+03,3.659896962128348502e-03
2.235480000000000018e+03,3.654273423128348748e-03
2.236000000000000000e+03,3.648650332091526831e-03
2.236519999999999982e+03,3.643046298931525845e-03
2.237039999999999964e+03,3.637442859931526440e-03
2.237559999999999945e+03,3.631858559931526453e-03
2.238079999999999927e+03,3.626274129894704878e-03
2.238600000000000364e+03,3.620709308064704122e-03
2.239119999999999891e+03,3.615145011974704812e-03
2.239639999999999873e+03,3.609599820937882137e-03
2.240159999999999854e+03,3.604055181937881967e-03
2.240680000000000291e+03,3.598548781937882524e-03
2.241199999999999818e+03,3.593023148777881818e-03
2.241719999999999800e+03,3.587517157741059934e-03
2.242239999999999782e+03,3.582011191071059544e-03
2.242760000000000218e+03,3.576543894981058617e-03
2.243280000000000200e+03,3.571057909784236973e-03
2.243800000000000182e+03,3.565591170784236912e-03
2.244319999999999709e+03,3.560143570784237137e-03
2.244840000000000146e+03,3.554696431784236822e-03
2.245360000000000127e+03,3.549249646587414233e-03
2.245880000000000109e+03,3.543822107587415397e-03
2.246399999999999636e+03,3.538413622827415311e-03
2.246920000000000073e+03,3.533005592790592307e-03
2.247440000000000055e+03,3.527616698630592958e-03
2.247960000000000036e+03,3.522228359630592744e-03
2.248480000000000018e+03,3.516859159630592382e-03
2.249000000000000000e+03,3.511490329593770603e-03
2.249519999999999982e+03,3.506140690593771009e-03
2.250039999999999964e+03,3.500791467363770573e-03
2.250559999999999945e+03,3.495461281636949059e-03
2.251079999999999927e+03,3.490131281636949055e-03
2.251599999999999909e+03,3.484802242636949113e-03
2.252119999999999891e+03,3.479491748476948310e-03
2.252640000000000327e+03,3.474200818440126640e-03
2.253159999999999854e+03,3.468929118440127000e-03
2.253679999999999836e+03,3.463639279440126114e-03
2.254199999999999818e+03,3.458367956210125788e-03
2.254720000000000255e+03,3.453116170483304555e-03
2.255239999999999782e+03,3.447864570483304397e-03
2.255759999999999764e+03,3.442632531483303705e-03
2.256279999999999745e+03,3.437400401446482137e-03
2.256800000000000182e+03,3.432187907286482226e-03
2.257320000000000164e+03,3.426975468286481280e-03
2.257840000000000146e+03,3.421782139216482041e-03
2.258360000000000127e+03,3.416589181159660881e-03
2.258880000000000109e+03,3.411396759329661348e-03
2.259400000000000091e+03,3.406242620329660332e-03
2.259920000000000073e+03,3.401069829292838013e-03
2.260440000000000055e+03,3.395916190292838470e-03
2.260960000000000036e+03,3.390782096132838406e-03
2.261480000000000018e+03,3.385648028062838728e-03
2.262000000000000000e+03,3.380513937026017029e-03
2.262519999999999982e+03,3.375399470006017026e-03
2.263039999999999964e+03,3.370304142336016853e-03
2.263559999999999945e+03,3.365208618139194519e-03
2.264079999999999927e+03,3.360113818139194488e-03
2.264599999999999909e+03,3.355038579139194791e-03
2.265119999999999891e+03,3.349963379139194505e-03
2.265639999999999873e+03,3.344907025872372215e-03
2.266160000000000309e+03,3.339851386872371829e-03
2.266680000000000291e+03,3.334815358852372385e-03
2.267199999999999818e+03,3.329778792182372469e-03
2.267719999999999800e+03,3.324762206985550864e-03
2.268240000000000236e+03,3.319745267985550231e-03
2.268760000000000218e+03,3.314748467985550225e-03
2.269279999999999745e+03,3.309751508878727450e-03
2.269799999999999727e+03,3.304754708878727444e-03
2.270320000000000164e+03,3.299776847698728411e-03
2.270840000000000146e+03,3.294818747698728591e-03
2.271360000000000127e+03,3.289860489991906344e-03
2.271880000000000109e+03,3.284902889991906261e-03
2.272400000000000091e+03,3.279964256831906667e-03
2.272920000000000073e+03,3.275045356831905903e-03
2.273440000000000055e+03,3.270126297725084105e-03
2.273960000000000036e+03,3.265207897725083946e-03
2.274480000000000018e+03,3.260308530705084001e-03
2.275000000000000000e+03,3.255409545508261733e-03
2.275519999999999982e+03,3.250510678838261936e-03
2.276039999999999964e+03,3.245630978838261963e-03
2.276559999999999945e+03,3.240770839838261891e-03
2.277079999999999927e+03,3.235891454641439801e-03
2.277599999999999909e+03,3.231050886571439594e-03
2.278119999999999891e+03,3.226210347571439700e-03
2.278639999999999873e+03,3.221369819551438401e-03
2.279159999999999854e+03,3.216548695354617265e-03
2.279679999999999836e+03,3.211728267684617159e-03
2.280200000000000273e+03,3.206926928684617189e-03
2.280720000000000255e+03,3.202125537647795318e-03
2.281239999999999782e+03,3.197343269577795043e-03
2.281759999999999764e+03,3.192561975417795590e-03
2.282280000000000200e+03,3.187780236417795798e-03
2.282800000000000182e+03,3.183018017360973034e-03
2.283319999999999709e+03,3.178256378360972724e-03
2.283839999999999691e+03,3.173513256530972881e-03
2.284360000000000127e+03,3.168770717530973013e-03
2.284880000000000109e+03,3.164028626494150981e-03
2.285400000000000091e+03,3.159324758424150986e-03
2.285920000000000073e+03,3.154601858424150706e-03
2.286440000000000055e+03,3.149898334227328907e-03
2.286960000000000036e+03,3.145195506207328594e-03
2.287480000000000018e+03,3.140511767207328827e-03
2.288000000000000000e+03,3.135828067207328471e-03
2.288519999999999982e+03,3.131163215340506453e-03
2.289039999999999964e+03,3.126499115340506275e-03
2.289559999999999945e+03,3.121854547270506118e-03
2.290079999999999927e+03,3.117210047270506552e-03
2.290599999999999909e+03,3.112565417233684531e-03
2.291119999999999891e+03,3.107921295053683777e-03
2.291639999999999873e+03,3.103315456053684553e-03
2.292159999999999854e+03,3.098709656053684307e-03
2.292679999999999836e+03,3.094104698346862841e-03
2.293199999999999818e+03,3.089499275116862776e-03
2.293720000000000255e+03,3.084913536116862601e-03
2.294240000000000236e+03,3.080327745080040959e-03
2.294760000000000218e+03,3.075761606080040528e-03
2.295279999999999745e+03,3.071195478060040861e-03
2.295800000000000182e+03,3.066648844900040933e-03
2.296320000000000164e+03,3.062101753863218610e-03
2.296840000000000146e+03,3.057555714863218529e-03
2.297359999999999673e+03,3.053028258123218278e-03
2.297880000000000109e+03,3.048501319123218638e-03
2.298400000000000091e+03,3.043993833926396299e-03
2.298920000000000073e+03,3.039485994926396234e-03
2.299440000000000055e+03,3.034979166906395971e-03
2.299960000000000036e+03,3.030490927906396084e-03
2.300480000000000018e+03,3.026003542709574095e-03
2.301000000000000000e+03,3.021534903709573953e-03
2.301519999999999982e+03,3.017067246969573711e-03
2.302039999999999964e+03,3.012618116932752003e-03
2.302559999999999945e+03,3.008169616932751620e-03
2.303079999999999927e+03,3.003720483772751981e-03
2.303600000000000364e+03,2.999291555752751828e-03
2.304119999999999891e+03,2.994862525715930035e-03
2.304639999999999873e+03,2.990452725715929839e-03
2.305159999999999854e+03,2.986024192555930285e-03
2.305680000000000291e+03,2.981633935815929982e-03
2.306199999999999818e+03,2.977225005779108539e-03
2.306719999999999800e+03,2.972854405779108266e-03
2.307239999999999782e+03,2.968464666779108575e-03
2.307760000000000218e+03,2.964094444599107547e-03
2.308280000000000200e+03,2.959724214562284988e-03
2.308800000000000182e+03,2.955373714562285498e-03
2.309319999999999709e+03,2.951022675562285126e-03
2.309840000000000146e+03,2.946691746492285501e-03
2.310360000000000127e+03,2.942360594625463219e-03
2.310880000000000109e+03,2.938029694625463473e-03
2.311399999999999636e+03,2.933698755625463450e-03
2.311920000000000073e+03,2.929406555625463891e-03
2.312440000000000055e+03,2.925095003408641377e-03
2.312960000000000036e+03,2.920803303408641121e-03
2.313480000000000018e+03,2.916511564408641455e-03
2.314000000000000000e+03,2.912239344301819320e-03
2.314519999999999982e+03,2.907966705301819228e-03
2.315039999999999964e+03,2.903694483471819503e-03
2.315559999999999945e+03,2.899441944471818893e-03
2.316079999999999927e+03,2.895189353434997250e-03
2.316599999999999909e+03,2.890956386414997303e-03
2.317119999999999891e+03,2.886722986414996979e-03
2.317640000000000327e+03,2.882489953254996871e-03
2.318159999999999854e+03,2.878276533148174839e-03
2.318679999999999836e+03,2.874063194148175019e-03
2.319199999999999818e+03,2.869849866478174638e-03
2.319720000000000255e+03,2.865656033318174888e-03
2.320239999999999782e+03,2.861462242281352479e-03
2.320759999999999764e+03,2.857288075261353068e-03
2.321279999999999745e+03,2.853113475261353279e-03
2.321800000000000182e+03,2.848939875261352964e-03
2.322320000000000164e+03,2.844784621994530908e-03
2.322840000000000146e+03,2.840630121994530601e-03
2.323360000000000127e+03,2.836476082994530620e-03
2.323880000000000109e+03,2.832340655324530783e-03
2.324400000000000091e+03,2.828224725287708640e-03
2.324920000000000073e+03,2.824090231127709006e-03
2.325440000000000055e+03,2.819974864107708395e-03
2.325960000000000036e+03,2.815859564107708879e-03
2.326480000000000018e+03,2.811763205000886601e-03
2.327000000000000000e+03,2.807668005000886566e-03
2.327519999999999982e+03,2.803591271840886415e-03
2.328039999999999964e+03,2.799496071840886380e-03
2.328559999999999945e+03,2.795438914134064368e-03
2.329079999999999927e+03,2.791362814134064341e-03
2.329599999999999909e+03,2.787306191954064434e-03
2.330119999999999891e+03,2.783249691954064586e-03
2.330639999999999873e+03,2.779212632847242580e-03
2.331160000000000309e+03,2.775175732847242911e-03
2.331680000000000291e+03,2.771138832847242373e-03
2.332199999999999818e+03,2.767121399687242495e-03
2.332719999999999800e+03,2.763104508650420562e-03
2.333240000000000236e+03,2.759087180980420665e-03
2.333760000000000218e+03,2.755089480980420485e-03
2.334279999999999745e+03,2.751091713960420078e-03
2.334799999999999727e+03,2.747112899693598606e-03
2.335320000000000164e+03,2.743115699693598163e-03
2.335840000000000146e+03,2.739156660693598325e-03
2.336360000000000127e+03,2.735179060693598060e-03
2.336880000000000109e+03,2.731220469656776492e-03
2.337400000000000091e+03,2.727281447826776332e-03
2.337920000000000073e+03,2.723322908826776231e-03
2.338440000000000055e+03,2.719383980806776204e-03
2.338960000000000036e+03,2.715445489769954118e-03
2.339480000000000018e+03,2.711526121699954061e-03
2.340000000000000000e+03,2.707606727539954919e-03
2.340519999999999982e+03,2.703687927539954756e-03
2.341039999999999964e+03,2.699788136503132423e-03
2.341559999999999945e+03,2.695888397503132423e-03
2.342079999999999927e+03,2.691989169833132467e-03
2.342599999999999909e+03,2.688108975673131947e-03
2.343119999999999891e+03,2.684247856616309852e-03
2.343639999999999873e+03,2.680367688546309718e-03
2.344159999999999854e+03,2.676507188546309920e-03
2.344679999999999836e+03,2.672647094386309315e-03
2.345200000000000273e+03,2.668786464349487495e-03
2.345720000000000255e+03,2.664946064349487179e-03
2.346239999999999782e+03,2.661105164349487125e-03
2.346759999999999764e+03,2.657283836679487712e-03
2.347280000000000200e+03,2.653443184462665316e-03
2.347800000000000182e+03,2.649641455392665306e-03
2.348319999999999709e+03,2.645820155392664998e-03
2.348839999999999691e+03,2.642018916392665194e-03
2.349360000000000127e+03,2.638217125355843320e-03
2.349880000000000109e+03,2.634435431195843863e-03
2.350400000000000091e+03,2.630653331195843044e-03
2.350920000000000073e+03,2.626871192195843249e-03
2.351440000000000055e+03,2.623089473489020450e-03
2.351960000000000036e+03,2.619327445469021333e-03
2.352480000000000018e+03,2.615564822239020704e-03
2.353000000000000000e+03,2.611821883239021699e-03
2.353519999999999982e+03,2.608079392202199663e-03
2.354039999999999964e+03,2.604336492202199635e-03
2.354559999999999945e+03,2.600613153202199074e-03
2.355079999999999927e+03,2.596871159042199277e-03
2.355599999999999909e+03,2.593148268005377420e-03
2.356119999999999891e+03,2.589444540335376910e-03
2.356639999999999873e+03,2.585740744245377132e-03
2.357159999999999854e+03,2.582037544245377198e-03
2.357679999999999836e+03,2.578334159048554976e-03
2.358199999999999818e+03,2.574650559048555221e-03
2.358720000000000255e+03,2.570966420048554583e-03
2.359240000000000236e+03,2.567301920048554835e-03
2.359760000000000218e+03,2.563618820048555250e-03
2.360279999999999745e+03,2.559954095851732503e-03
2.360800000000000182e+03,2.556309695851732670e-03
2.361320000000000164e+03,2.552665211091733038e-03
2.361840000000000146e+03,2.549020811091732772e-03
2.362359999999999673e+03,2.545376281054910483e-03
2.362880000000000109e+03,2.541750886894910549e-03
2.363400000000000091e+03,2.538126086894910462e-03
2.363920000000000073e+03,2.534501286894910808e-03
2.364440000000000055e+03,2.530895956858088443e-03
2.364960000000000036e+03,2.527290756858088534e-03
2.365480000000000018e+03,2.523685462698088515e-03
2.366000000000000000e+03,2.520099238938088536e-03
2.366519999999999982e+03,2.516513547901266194e-03
2.367039999999999964e+03,2.512927947901266463e-03
2.367559999999999945e+03,2.509342847901266035e-03
2.368079999999999927e+03,2.505776714741266096e-03
2.368600000000000364e+03,2.502210623704444366e-03
2.369119999999999891e+03,2.498664223704444125e-03
2.369639999999999873e+03,2.495098223704444139e-03
2.370159999999999854e+03,2.491551755634444174e-03
2.370680000000000291e+03,2.488024714747621904e-03
2.371199999999999818e+03,2.484478814747621833e-03
2.371719999999999800e+03,2.480971075747621934e-03
2.372239999999999782e+03,2.477444275747622306e-03
2.372760000000000218e+03,2.473917975747622414e-03
2.373280000000000200e+03,2.470410590550799809e-03
2.373800000000000182e+03,2.466922951550799825e-03
2.374319999999999709e+03,2.463416751550799848e-03
2.374840000000000146e+03,2.459929122480799830e-03
2.375360000000000127e+03,2.456441375753978026e-03
2.375880000000000109e+03,2.452972742593977941e-03
2.376399999999999636e+03,2.449485642593977539e-03
2.376920000000000073e+03,2.446018142593977748e-03
2.377440000000000055e+03,2.442569651557155788e-03
2.377960000000000036e+03,2.439121212557155728e-03
2.378480000000000018e+03,2.435672718397155836e-03
2.379000000000000000e+03,2.432224818397155357e-03
2.379519999999999982e+03,2.428776759290333410e-03
2.380039999999999964e+03,2.425347931270333424e-03
2.380559999999999945e+03,2.421919603600333586e-03
2.381079999999999927e+03,2.418510403600333293e-03
2.381599999999999909e+03,2.415101479403511473e-03
2.382119999999999891e+03,2.411673179403511606e-03
2.382640000000000327e+03,2.408283579403511492e-03
2.383159999999999854e+03,2.404874879403511804e-03
2.383679999999999836e+03,2.401504811333511711e-03
2.384199999999999818e+03,2.398115526136689480e-03
2.384720000000000255e+03,2.394726398116689588e-03
2.385239999999999782e+03,2.391356870446688983e-03
2.385759999999999764e+03,2.387987331446688941e-03
2.386279999999999745e+03,2.384636840409867006e-03
2.386800000000000182e+03,2.381267746249866868e-03
2.387320000000000164e+03,2.377917307249867267e-03
2.387840000000000146e+03,2.374587007249866991e-03
2.388360000000000127e+03,2.371236987143044914e-03
2.388880000000000109e+03,2.367906187143044901e-03
2.389400000000000091e+03,2.364575725963045157e-03
2.389920000000000073e+03,2.361265025963045060e-03
2.390440000000000055e+03,2.357934698293044813e-03
2.390960000000000036e+03,2.354623907256222972e-03
2.391480000000000018e+03,2.351313668256223201e-03
2.392000000000000000e+03,2.348021974096223003e-03
2.392519999999999982e+03,2.344730874096223085e-03
2.393039999999999964e+03,2.341440153989400846e-03
2.393559999999999945e+03,2.338149014989401083e-03
2.394079999999999927e+03,2.334877486969400527e-03
2.394599999999999909e+03,2.331605986969400354e-03
2.395119999999999891e+03,2.328334868262578634e-03
2.395639999999999873e+03,2.325082929262578361e-03
2.396160000000000309e+03,2.321811429262578622e-03
2.396680000000000291e+03,2.318579129262578371e-03
2.397199999999999818e+03,2.315327229262578376e-03
2.397719999999999800e+03,2.312095270155756829e-03
2.398240000000000236e+03,2.308862970155756578e-03
2.398760000000000218e+03,2.305630642135756813e-03
2.399279999999999745e+03,2.302398803135756455e-03
2.399799999999999727e+03,2.299186012098934206e-03
2.400320000000000164e+03,2.295973784428934333e-03
2.400840000000000146e+03,2.292761584428934431e-03
2.401360000000000127e+03,2.289568445428934694e-03
2.401880000000000109e+03,2.286375754392112360e-03
2.402400000000000091e+03,2.283182625322112587e-03
2.402920000000000073e+03,2.279990525322112601e-03
2.403440000000000055e+03,2.276816986322112175e-03
2.403960000000000036e+03,2.273643458302112078e-03
2.404480000000000018e+03,2.270470367265289922e-03
2.405000000000000000e+03,2.267316467265290385e-03
2.405519999999999982e+03,2.264143900595290328e-03
2.406039999999999964e+03,2.260990500595290529e-03
2.406559999999999945e+03,2.257856109558468126e-03
2.407079999999999927e+03,2.254703180488467750e-03
2.407599999999999909e+03,2.251568841488468548e-03
2.408119999999999891e+03,2.248435041488468060e-03
2.408639999999999873e+03,2.245320813468468235e-03
2.409159999999999854e+03,2.242186922431646436e-03
2.409679999999999836e+03,2.239072683431645849e-03
2.410200000000000273e+03,2.235958483431645973e-03
2.410720000000000255e+03,2.232863855761646303e-03
2.411239999999999782e+03,2.229749564724824249e-03
2.411759999999999764e+03,2.226673996654823535e-03
2.412280000000000200e+03,2.223579396654823837e-03
2.412800000000000182e+03,2.220485296654823876e-03
2.413319999999999709e+03,2.217410205618001746e-03
2.413839999999999691e+03,2.214335138598002000e-03
2.414360000000000127e+03,2.211260638598001350e-03
2.414880000000000109e+03,2.208205238598001576e-03
2.415400000000000091e+03,2.205149810928001830e-03
2.415920000000000073e+03,2.202094280891179600e-03
2.416440000000000055e+03,2.199039380891179563e-03
2.416960000000000036e+03,2.196003551821179654e-03
2.417480000000000018e+03,2.192967751821179624e-03
2.418000000000000000e+03,2.189932321784357309e-03
2.418519999999999982e+03,2.186896993764357502e-03
2.419039999999999964e+03,2.183861693764357643e-03
2.419559999999999945e+03,2.180845493764357358e-03
2.420079999999999927e+03,2.177829254764357663e-03
2.420599999999999909e+03,2.174833036057535578e-03
2.421119999999999891e+03,2.171836436057535472e-03
2.421639999999999873e+03,2.168839806987535052e-03
2.422159999999999854e+03,2.165843667987535272e-03
2.422679999999999836e+03,2.162847476950712725e-03
2.423199999999999818e+03,2.159870976950712968e-03
2.423720000000000255e+03,2.156894448930713262e-03
2.424240000000000236e+03,2.153917409930713057e-03
2.424760000000000218e+03,2.150941409930713036e-03
2.425279999999999745e+03,2.147983918893890242e-03
2.425800000000000182e+03,2.145026991223890692e-03
2.426320000000000164e+03,2.142070023153891823e-03
2.426840000000000146e+03,2.139113123153891377e-03
2.427359999999999673e+03,2.136175732117069365e-03
2.427880000000000109e+03,2.133238432117069098e-03
2.428400000000000091e+03,2.130301065097069037e-03
2.428920000000000073e+03,2.127364265097069374e-03
2.429440000000000055e+03,2.124446565097069719e-03
2.429960000000000036e+03,2.121528774060247452e-03
2.430480000000000018e+03,2.118611035060247085e-03
2.431000000000000000e+03,2.115693835060247167e-03
2.431519999999999982e+03,2.112795205990247206e-03
2.432039999999999964e+03,2.109897105990247296e-03
2.432559999999999945e+03,2.106999375953425100e-03
2.433079999999999927e+03,2.104101275953424756e-03
2.433600000000000364e+03,2.101223247933424812e-03
2.434119999999999891e+03,2.098344747933425080e-03
2.434639999999999873e+03,2.095466617896603063e-03
2.435159999999999854e+03,2.092588117896602463e-03
2.435680000000000291e+03,2.089729217896602910e-03
2.436199999999999818e+03,2.086851188826602602e-03
2.436719999999999800e+03,2.083992749826602507e-03
2.437239999999999782e+03,2.081153358789780521e-03
2.437760000000000218e+03,2.078294958789780270e-03
2.438280000000000200e+03,2.075456158789780198e-03
2.438800000000000182e+03,2.072616791769780597e-03
2.439319999999999709e+03,2.069777900732958347e-03
2.439840000000000146e+03,2.066958200732958283e-03
2.440360000000000127e+03,2.064119900732958816e-03
2.440880000000000109e+03,2.061300161732958908e-03
2.441399999999999636e+03,2.058500532662958446e-03
2.441920000000000073e+03,2.055681241626135941e-03
2.442440000000000055e+03,2.052881641626136226e-03
2.442960000000000036e+03,2.050082002626136234e-03
2.443480000000000018e+03,2.047282402626136519e-03
2.444000000000000000e+03,2.044482774606136422e-03
2.444519999999999982e+03,2.041702683569314274e-03
2.445039999999999964e+03,2.038903044569314281e-03
2.445559999999999945e+03,2.036142644569314056e-03
2.446079999999999927e+03,2.033362615499314640e-03
2.446599999999999909e+03,2.030602124462492671e-03
2.447119999999999891e+03,2.027822624462492437e-03
2.447640000000000327e+03,2.025062685462492105e-03
2.448159999999999854e+03,2.022302285462492313e-03
2.448679999999999836e+03,2.019561485462492267e-03
2.449199999999999818e+03,2.016820566405670093e-03
2.449720000000000255e+03,2.014079727405670203e-03
2.450239999999999782e+03,2.011339427405669893e-03
2.450759999999999764e+03,2.008599127405670016e-03
2.451279999999999745e+03,2.005877898335669835e-03
2.451800000000000182e+03,2.003156568298848379e-03
2.452320000000000164e+03,2.000435868298848247e-03
2.452840000000000146e+03,1.997714668298848379e-03
2.453360000000000127e+03,1.994994468298847985e-03
2.453880000000000109e+03,1.992292738262025839e-03
2.454400000000000091e+03,1.989591610242025937e-03
2.454920000000000073e+03,1.986890010242025814e-03
2.455440000000000055e+03,1.984208010242026303e-03
2.455960000000000036e+03,1.981507371242026243e-03
2.456480000000000018e+03,1.978825251135203807e-03
2.457000000000000000e+03,1.976143751135204032e-03
2.457519999999999982e+03,1.973462751135203995e-03
2.458039999999999964e+03,1.970800312135203951e-03
2.458559999999999945e+03,1.968138412135203488e-03
2.459079999999999927e+03,1.965457321098381706e-03
2.459599999999999909e+03,1.962814521098381684e-03
2.460119999999999891e+03,1.960153121098381825e-03
2.460639999999999873e+03,1.957510282098381092e-03
2.461160000000000309e+03,1.954848853028381787e-03
2.461680000000000291e+03,1.952206461991559975e-03
2.462199999999999818e+03,1.949564661991559427e-03
2.462719999999999800e+03,1.946941922991559694e-03
2.463240000000000236e+03,1.944318722991559417e-03
2.463760000000000218e+03,1.941696431954737954e-03
2.464279999999999745e+03,1.939073731954737631e-03
2.464799999999999727e+03,1.936451492954737851e-03
2.465320000000000164e+03,1.933848892954737660e-03
2.465840000000000146e+03,1.931226692954737725e-03
2.466360000000000127e+03,1.928623472847915740e-03
2.466880000000000109e+03,1.926039933847915279e-03
2.467400000000000091e+03,1.923437333847915522e-03
2.467920000000000073e+03,1.920853833847915556e-03
2.468440000000000055e+03,1.918270833847915543e-03
2.468960000000000036e+03,1.915687242811093399e-03
2.469480000000000018e+03,1.913104203811093109e-03
2.470000000000000000e+03,1.910540303811093538e-03
2.470519999999999982e+03,1.907957803811093480e-03
2.471039999999999964e+03,1.905393903811093258e-03
2.471559999999999945e+03,1.902830844704270826e-03
2.472079999999999927e+03,1.900267444704270775e-03
2.472599999999999909e+03,1.897723144704270733e-03
2.473119999999999891e+03,1.895179344704271077e-03
2.473639999999999873e+03,1.892635505704270927e-03
2.474159999999999854e+03,1.890091614667449094e-03
2.474679999999999836e+03,1.887548314667448959e-03
2.475200000000000273e+03,1.885023614667448661e-03
2.475720000000000255e+03,1.882499414667448750e-03
2.476239999999999782e+03,1.879975084630626818e-03
2.476759999999999764e+03,1.877451355560626547e-03
2.477280000000000200e+03,1.874927155560626637e-03
2.477800000000000182e+03,1.872422555560626471e-03
2.478319999999999709e+03,1.869917916560627112e-03
2.478839999999999691e+03,1.867413725523804722e-03
2.479360000000000127e+03,1.864909625523804510e-03
2.479880000000000109e+03,1.862405525523804515e-03
2.480400000000000091e+03,1.859920486523804683e-03
2.480920000000000073e+03,1.857435486523804696e-03
2.481440000000000055e+03,1.854950895486982918e-03
2.481960000000000036e+03,1.852465866416983051e-03
2.482480000000000018e+03,1.850000966416982980e-03
2.483000000000000000e+03,1.847516427416983102e-03
2.483519999999999982e+03,1.845051527416983030e-03
2.484039999999999964e+03,1.842586036380160826e-03
2.484559999999999945e+03,1.840140236380160763e-03
2.485079999999999927e+03,1.837675297380160847e-03
2.485599999999999909e+03,1.835229997380160953e-03
2.486119999999999891e+03,1.832765597380161269e-03
2.486639999999999873e+03,1.830320206343338980e-03
2.487159999999999854e+03,1.827893967343338383e-03
2.487679999999999836e+03,1.825449167343338877e-03
2.488199999999999818e+03,1.823022967343338558e-03
2.488720000000000255e+03,1.820597767343338363e-03
2.489240000000000236e+03,1.818171976306516687e-03
2.489760000000000218e+03,1.815746237306516478e-03
2.490279999999999745e+03,1.813339637306516337e-03
2.490800000000000182e+03,1.810914937306516530e-03
2.491320000000000164e+03,1.808508837306516777e-03
2.491840000000000146e+03,1.806102607269693917e-03
2.492359999999999673e+03,1.803697007269694117e-03
2.492880000000000109e+03,1.801310007269694372e-03
2.493400000000000091e+03,1.798904407269694139e-03
2.493920000000000073e+03,1.796518368269694240e-03
2.494440000000000055e+03,1.794131777232872271e-03
2.494960000000000036e+03,1.791745777232871999e-03
2.495480000000000018e+03,1.789378877232872169e-03
2.496000000000000000e+03,1.787011977232872339e-03
2.496519999999999982e+03,1.784626438232871960e-03
2.497039999999999964e+03,1.782259447196049952e-03
2.497559999999999945e+03,1.779893047196049859e-03
2.498079999999999927e+03,1.777546247196050162e-03
2.498600000000000364e+03,1.775179808196049791e-03
2.499119999999999891e+03,1.772832508196049922e-03
2.499639999999999873e+03,1.770485617159228047e-03
2.500159999999999854e+03,1.768138817159228132e-03
2.500680000000000291e+03,1.765792517159228171e-03
2.501199999999999818e+03,1.763464778159228204e-03
2.501719999999999800e+03,1.761137578159228034e-03
2.502239999999999782e+03,1.758810287122405903e-03
2.502760000000000218e+03,1.756483087122406167e-03
2.503280000000000200e+03,1.754155848122405719e-03
2.503800000000000182e+03,1.751829148122405720e-03
2.504319999999999709e+03,1.749521548122405729e-03
2.504840000000000146e+03,1.747213857085583560e-03
2.505360000000000127e+03,1.744906257085583785e-03
2.505880000000000109e+03,1.742599118085583904e-03
2.506399999999999636e+03,1.740292018085584083e-03
2.506920000000000073e+03,1.738004018085584053e-03
2.507440000000000055e+03,1.735715927048761846e-03
2.507960000000000036e+03,1.733427888048761972e-03
2.508480000000000018e+03,1.731139888048761942e-03
2.509000000000000000e+03,1.728852888048761386e-03
2.509519999999999982e+03,1.726565388048761961e-03
2.510039999999999964e+03,1.724296897011939498e-03
2.510559999999999945e+03,1.722028458011939369e-03
2.511079999999999927e+03,1.719760558011939472e-03
2.511599999999999909e+03,1.717492658011939358e-03
2.512119999999999891e+03,1.715224758011939677e-03
2.512640000000000327e+03,1.712976327975117286e-03
2.513159999999999854e+03,1.710727527975117396e-03
2.513679999999999836e+03,1.708479227975117460e-03
2.514199999999999818e+03,1.706231427975117045e-03
2.514720000000000255e+03,1.703983127975117326e-03
2.515239999999999782e+03,1.701734697938294934e-03
2.515759999999999764e+03,1.699505997938295177e-03
2.516279999999999745e+03,1.697277297938295203e-03
2.516800000000000182e+03,1.695048597938295012e-03
2.517320000000000164e+03,1.692819858938295194e-03
2.517840000000000146e+03,1.690610667901473003e-03
2.518360000000000127e+03,1.688382467901472983e-03
2.518880000000000109e+03,1.686173367901472970e-03
2.519400000000000091e+03,1.683964267901472958e-03
2.519920000000000073e+03,1.681755628901472838e-03
2.520440000000000055e+03,1.679546528901472826e-03
2.520960000000000036e+03,1.677357028901472775e-03
2.521480000000000018e+03,1.675148428901472933e-03
2.522000000000000000e+03,1.672958928901472882e-03
2.522519999999999982e+03,1.670769889901472941e-03
2.523039999999999964e+03,1.668580889901473061e-03
2.523559999999999945e+03,1.666391889901472747e-03
2.524079999999999927e+03,1.664221989901473091e-03
2.524599999999999909e+03,1.662052050901472724e-03
2.525119999999999891e+03,1.659882650901472806e-03
2.525639999999999873e+03,1.657713250901473104e-03
2.526160000000000309e+03,1.655543850901473185e-03
2.526680000000000291e+03,1.653374450901472833e-03
2.527199999999999818e+03,1.651224611901473032e-03
2.527719999999999800e+03,1.649055211901472896e-03
2.528240000000000236e+03,1.646905411901472939e-03
2.528760000000000218e+03,1.644755611901473199e-03
2.529279999999999745e+03,1.642606272901473135e-03
2.529799999999999727e+03,1.640475572901472752e-03
2.530320000000000164e+03,1.638326272901473183e-03
2.530840000000000146e+03,1.636196072901472971e-03
2.531360000000000127e+03,1.634065872901472975e-03
2.531880000000000109e+03,1.631935633901472919e-03
2.532400000000000091e+03,1.629805933901473094e-03
2.532920000000000073e+03,1.627675733901472882e-03
2.533440000000000055e+03,1.625565133901472848e-03
2.533960000000000036e+03,1.623454533901473032e-03
2.534480000000000018e+03,1.621344394901473107e-03
2.535000000000000000e+03,1.619233794901472857e-03
2.535519999999999982e+03,1.617123694901472994e-03
2.536039999999999964e+03,1.615032694901472922e-03
2.536559999999999945e+03,1.612923055901472951e-03
2.537079999999999927e+03,1.610832055901472879e-03
2.537599999999999909e+03,1.608741555901472978e-03
2.538119999999999891e+03,1.606650555901472906e-03
2.538639999999999873e+03,1.604560055901472571e-03
2.539159999999999854e+03,1.602489116901473004e-03
2.539679999999999836e+03,1.600398616901472669e-03
2.540200000000000273e+03,1.598327716901472512e-03
2.540720000000000255e+03,1.596256816901472355e-03
2.541239999999999782e+03,1.594185916901472416e-03
2.541759999999999764e+03,1.592114977901472415e-03
2.542280000000000200e+03,1.590044577901472862e-03
2.542800000000000182e+03,1.587992777901472497e-03
2.543319999999999709e+03,1.585941477901472735e-03
2.543839999999999691e+03,1.583871077901472749e-03
2.544360000000000127e+03,1.581820238901472664e-03
2.544880000000000109e+03,1.579768938901472686e-03
2.545400000000000091e+03,1.577736738901472716e-03
2.545920000000000073e+03,1.575705538901472653e-03
2.546440000000000055e+03,1.573654699901472567e-03
2.546960000000000036e+03,1.571622999901472551e-03
2.547480000000000018e+03,1.569591299901472751e-03
2.548000000000000000e+03,1.567560099901472472e-03
2.548519999999999982e+03,1.565547999901472417e-03
2.549039999999999964e+03,1.563516760901472510e-03
2.549559999999999945e+03,1.561504660901472455e-03
2.550079999999999927e+03,1.559473960901472563e-03
2.550599999999999909e+03,1.557461860901472508e-03
2.551119999999999891e+03,1.555450260901472407e-03
2.551639999999999873e+03,1.553457721901472469e-03
2.552159999999999854e+03,1.551446621901472322e-03
2.552679999999999836e+03,1.549454121901472662e-03
2.553199999999999818e+03,1.547442521901472561e-03
2.553720000000000255e+03,1.545450521901472639e-03
2.554240000000000236e+03,1.543477582901472446e-03
2.554760000000000218e+03,1.541486082901472694e-03
2.555279999999999745e+03,1.539494082901472554e-03
2.555800000000000182e+03,1.537521682901472593e-03
2.556320000000000164e+03,1.535530143901472780e-03
2.556840000000000146e+03,1.533557743901472602e-03
2.557359999999999673e+03,1.531585343901472641e-03
2.557880000000000109e+03,1.529612943901472464e-03
2.558400000000000091e+03,1.527641043901472673e-03
2.558920000000000073e+03,1.525688204901472830e-03
2.559440000000000055e+03,1.523735404901472830e-03
2.559960000000000036e+03,1.521763504901472606e-03
2.560480000000000018e+03,1.519810704901472607e-03
2.561000000000000000e+03,1.517858404901472561e-03
2.561519999999999982e+03,1.515925165901472679e-03
2.562039999999999964e+03,1.513972865901472634e-03
2.562559999999999491e+03,1.512020565901472588e-03
2.563079999999999927e+03,1.510087365901472550e-03
2.563600000000000364e+03,1.508154665901472466e-03
2.564119999999999891e+03,1.506221926901472538e-03
2.564639999999999873e+03,1.504289226901472454e-03
2.565160000000000309e+03,1.502356526901472370e-03
2.565679999999999836e+03,1.500442926901472511e-03
2.566199999999999818e+03,1.498510726901472597e-03
2.566720000000000255e+03,1.496597087901472677e-03
2.567239999999999782e+03,1.494683987901472555e-03
2.567760000000000218e+03,1.492770887901472433e-03
2.568279999999999745e+03,1.490857787901472527e-03
2.568800000000000182e+03,1.488945187901472575e-03
2.569320000000000164e+03,1.487051148901472400e-03
2.569839999999999691e+03,1.485157648901472456e-03
2.570360000000000127e+03,1.483245048901472504e-03
2.570880000000000109e+03,1.481352048901472514e-03
2.571399999999999636e+03,1.479458548901472570e-03
2.571920000000000073e+03,1.477584609901472744e-03
2.572440000000000509e+03,1.475691609901472537e-03
2.572960000000000036e+03,1.473798109901472593e-03
2.573480000000000018e+03,1.471924209901472611e-03
2.574000000000000000e+03,1.470050770901472738e-03
2.574519999999999982e+03,1.468176870901472756e-03
2.575039999999999964e+03,1.466303470901472294e-03
2.575559999999999945e+03,1.464430070901472699e-03
2.576079999999999927e+03,1.462556670901472670e-03
2.576600000000000364e+03,1.460702331901472589e-03
2.577119999999999891e+03,1.458848531901472522e-03
2.577640000000000327e+03,1.456994231901472502e-03
2.578159999999999854e+03,1.455140431901472652e-03
2.578679999999999836e+03,1.453267531901472794e-03
2.579200000000000273e+03,1.451433292901472627e-03
2.579719999999999800e+03,1.449579492901472560e-03
2.580239999999999782e+03,1.447744792901472718e-03
2.580760000000000218e+03,1.445891492901472388e-03
2.581279999999999745e+03,1.444057292901472500e-03
2.581800000000000182e+03,1.442223053901472551e-03
2.582320000000000164e+03,1.440388853901472446e-03
2.582840000000000146e+03,1.438555153901472511e-03
2.583360000000000127e+03,1.436740053901472414e-03
2.583879999999999654e+03,1.434906353901472479e-03
2.584400000000000091e+03,1.433091714901472274e-03
2.584920000000000073e+03,1.431277114901472565e-03
2.585439999999999600e+03,1.429462514901472638e-03
2.585960000000000036e+03,1.427648414901472448e-03
2.586480000000000473e+03,1.425834314901472692e-03
2.587000000000000000e+03,1.424020175901472658e-03
2.587519999999999982e+03,1.422225175901472693e-03
2.588039999999999964e+03,1.420430175901472511e-03
2.588559999999999945e+03,1.418616575901472708e-03
2.589079999999999927e+03,1.416821575901472743e-03
2.589599999999999909e+03,1.415027036901472671e-03
2.590119999999999891e+03,1.413251636901472668e-03
2.590640000000000327e+03,1.411457136901472873e-03
2.591159999999999854e+03,1.409662636901472645e-03
2.591680000000000291e+03,1.407887736901472812e-03
2.592200000000000273e+03,1.406112297901472531e-03
2.592719999999999800e+03,1.404318297901472473e-03
2.593240000000000236e+03,1.402543397901472640e-03
2.593759999999999764e+03,1.400788097901472552e-03
2.594279999999999745e+03,1.399013197901472719e-03
2.594800000000000182e+03,1.397238758901472562e-03
2.595319999999999709e+03,1.395482958901472521e-03
2.595840000000000146e+03,1.393727658901472649e-03
2.596360000000000127e+03,1.391972358901472561e-03
2.596880000000000109e+03,1.390217058901472473e-03
2.597400000000000091e+03,1.388462258901472556e-03
2.597919999999999618e+03,1.386707419901472577e-03
2.598440000000000055e+03,1.384952619901472443e-03
2.598960000000000036e+03,1.383216419901472797e-03
2.599479999999999563e+03,1.381462119901472616e-03
