z_mm__Bz_on_axis,Total_potential_T__Bz_on_axis
-2.599479999999999563e+03,1.182009098730802754e-03
-2.598960000000000036e+03,1.183518318709208920e-03
-2.598440000000000055e+03,1.185046519939208587e-03
-2.597919999999999618e+03,1.186555739917615404e-03
-2.597400000000000091e+03,1.188084033276021970e-03
-2.596880000000000109e+03,1.189612325234428196e-03
-2.596360000000000127e+03,1.191140646612834711e-03
-2.595840000000000146e+03,1.192687907442834417e-03
-2.595319999999999709e+03,1.194216199751240836e-03
-2.594800000000000182e+03,1.195744520779647591e-03
-2.594279999999999745e+03,1.197291913088053801e-03
-2.593759999999999764e+03,1.198839241988053665e-03
-2.593240000000000236e+03,1.200386634296460092e-03
-2.592719999999999800e+03,1.201914955324867064e-03
-2.592200000000000273e+03,1.203462347633273274e-03
-2.591680000000000291e+03,1.205028800591679671e-03
-2.591159999999999854e+03,1.206576101821679563e-03
-2.590640000000000327e+03,1.208123521800085962e-03
-2.590119999999999891e+03,1.209690015158492327e-03
-2.589599999999999909e+03,1.211256535136898951e-03
-2.589079999999999927e+03,1.212823028495305534e-03
-2.588559999999999945e+03,1.214389456345305257e-03
-2.588039999999999964e+03,1.215955920633711744e-03
-2.587519999999999982e+03,1.217522442012118275e-03
-2.587000000000000000e+03,1.219088894970524455e-03
-2.586480000000000473e+03,1.220674516348930995e-03
-2.585960000000000036e+03,1.222240916178930987e-03
-2.585439999999999600e+03,1.223826537557337309e-03
-2.584920000000000073e+03,1.225412129515743775e-03
-2.584400000000000091e+03,1.226997693804150269e-03
-2.583879999999999654e+03,1.228583342852556347e-03
-2.583360000000000127e+03,1.230168815012556375e-03
-2.582840000000000146e+03,1.231754464060963103e-03
-2.582320000000000164e+03,1.233359128349369388e-03
-2.581800000000000182e+03,1.234944738397775838e-03
-2.581279999999999745e+03,1.236549402686182558e-03
-2.580760000000000218e+03,1.238154059606182394e-03
-2.580239999999999782e+03,1.239758723894588679e-03
-2.579719999999999800e+03,1.241363443872995102e-03
-2.579200000000000273e+03,1.242968137231401917e-03
-2.578679999999999836e+03,1.244591957209808131e-03
-2.578159999999999854e+03,1.246196558439808047e-03
-2.577640000000000327e+03,1.247820378418214478e-03
-2.577119999999999891e+03,1.249425071776620643e-03
-2.576600000000000364e+03,1.251048863735027125e-03
-2.576079999999999927e+03,1.252672685113433463e-03
-2.575559999999999945e+03,1.254315577071839737e-03
-2.575039999999999964e+03,1.255939277251839946e-03
-2.574519999999999982e+03,1.257563059280246464e-03
-2.574000000000000000e+03,1.259205951588652714e-03
-2.573480000000000018e+03,1.260829772617059075e-03
-2.572960000000000036e+03,1.262472664925465542e-03
-2.572440000000000509e+03,1.264115493825465663e-03
-2.571920000000000073e+03,1.265758386133872130e-03
-2.571399999999999636e+03,1.267401307162278716e-03
-2.570880000000000109e+03,1.269044199470684749e-03
-2.570360000000000127e+03,1.270706191429091247e-03
-2.569839999999999691e+03,1.272349112807497811e-03
-2.569320000000000164e+03,1.274011012637497843e-03
-2.568800000000000182e+03,1.275673128175904090e-03
-2.568279999999999745e+03,1.277335120134310588e-03
-2.567760000000000218e+03,1.278997141512716726e-03
-2.567239999999999782e+03,1.280659133471123440e-03
-2.566720000000000255e+03,1.282340226829529637e-03
-2.566199999999999818e+03,1.284002154679529618e-03
-2.565679999999999836e+03,1.285683248037936032e-03
-2.565160000000000309e+03,1.287364368016342270e-03
-2.564639999999999873e+03,1.289045432304749021e-03
-2.564119999999999891e+03,1.290726581353155789e-03
-2.563600000000000364e+03,1.292407645641561889e-03
-2.563079999999999927e+03,1.294088702561561758e-03
-2.562559999999999491e+03,1.295769766849968292e-03
-2.562039999999999964e+03,1.297470015898374634e-03
-2.561519999999999982e+03,1.299170180186781176e-03
-2.561000000000000000e+03,1.300870429235187519e-03
-2.560480000000000018e+03,1.302570593523594061e-03
-2.559960000000000036e+03,1.304270750443594154e-03
-2.559440000000000055e+03,1.305971008892000372e-03
-2.558920000000000073e+03,1.307671228870407052e-03
-2.558400000000000091e+03,1.309390522228813481e-03
-2.557880000000000109e+03,1.311109842207219952e-03
-2.557359999999999673e+03,1.312810035565626374e-03
-2.556840000000000146e+03,1.314529263415626379e-03
-2.556320000000000164e+03,1.316248584444032347e-03
-2.555800000000000182e+03,1.317986976752438854e-03
-2.555279999999999745e+03,1.319706297780845472e-03
-2.554760000000000218e+03,1.321444690089251762e-03
-2.554240000000000236e+03,1.323164011117658381e-03
-2.553720000000000255e+03,1.324902403426064888e-03
-2.553199999999999818e+03,1.326640732326064614e-03
-2.552679999999999836e+03,1.328379218794471014e-03
-2.552159999999999854e+03,1.330117639822877640e-03
-2.551639999999999873e+03,1.331875132131283722e-03
-2.551119999999999891e+03,1.333613524089690468e-03
-2.550599999999999909e+03,1.335371045468096863e-03
-2.550079999999999927e+03,1.337109437426503176e-03
-2.549559999999999945e+03,1.338866866676503104e-03
-2.549039999999999964e+03,1.340624358634909643e-03
-2.548519999999999982e+03,1.342400980013316045e-03
-2.548000000000000000e+03,1.344158471971722149e-03
-2.547480000000000018e+03,1.345935093350128986e-03
-2.546960000000000036e+03,1.347692679468535200e-03
-2.546440000000000055e+03,1.349469300846941602e-03
-2.545920000000000073e+03,1.351245839676941526e-03
-2.545400000000000091e+03,1.353022461055348145e-03
-2.544880000000000109e+03,1.354795553013754799e-03
-2.544360000000000127e+03,1.356577802062161131e-03
-2.543839999999999691e+03,1.358340866350567439e-03
-2.543319999999999709e+03,1.360123086328973892e-03
-2.542800000000000182e+03,1.361885679687380342e-03
-2.542280000000000200e+03,1.363667807537380329e-03
-2.541759999999999764e+03,1.365450095055786416e-03
-2.541239999999999782e+03,1.367232315034193086e-03
-2.540720000000000255e+03,1.369033108392599335e-03
-2.540200000000000273e+03,1.370834428371006013e-03
-2.539679999999999836e+03,1.372616121729412254e-03
-2.539159999999999854e+03,1.374417441707818715e-03
-2.538639999999999873e+03,1.376218274066225026e-03
-2.538119999999999891e+03,1.378019501916225237e-03
-2.537599999999999909e+03,1.379820295274631703e-03
-2.537079999999999927e+03,1.381640809413038282e-03
-2.536559999999999945e+03,1.383441630441444503e-03
-2.536039999999999964e+03,1.385262022749850783e-03
-2.535519999999999982e+03,1.387081943778257446e-03
-2.535000000000000000e+03,1.388902336086663509e-03
-2.534480000000000018e+03,1.390722257115069955e-03
-2.533960000000000036e+03,1.392542149423476282e-03
-2.533440000000000055e+03,1.394381617323476067e-03
-2.532920000000000073e+03,1.396201603791882937e-03
-2.532400000000000091e+03,1.398040624820289174e-03
-2.531880000000000109e+03,1.399879617128695509e-03
-2.531360000000000127e+03,1.401718638157102180e-03
-2.530840000000000146e+03,1.403558130465508685e-03
-2.530320000000000164e+03,1.405397151493914922e-03
-2.529799999999999727e+03,1.407255271472321453e-03
-2.529279999999999745e+03,1.409113374760727474e-03
-2.528760000000000218e+03,1.410971525840727745e-03
-2.528240000000000236e+03,1.412810490129134348e-03
-2.527719999999999800e+03,1.414687739177540766e-03
-2.527199999999999818e+03,1.416545803465947160e-03
-2.526680000000000291e+03,1.418403952514353354e-03
-2.526160000000000309e+03,1.420281116802759756e-03
-2.525639999999999873e+03,1.422158404851166453e-03
-2.525119999999999891e+03,1.424016591319572905e-03
-2.524599999999999909e+03,1.425912912347979166e-03
-2.524079999999999927e+03,1.427790040197979022e-03
-2.523559999999999945e+03,1.429667233556385303e-03
-2.523039999999999964e+03,1.431563553534791850e-03
-2.522519999999999982e+03,1.433440246893198395e-03
-2.522000000000000000e+03,1.435336605871604570e-03
-2.521480000000000018e+03,1.437232993390011402e-03
-2.520960000000000036e+03,1.439129313368417949e-03
-2.520440000000000055e+03,1.441025106726824285e-03
-2.519920000000000073e+03,1.442940526705230840e-03
-2.519400000000000091e+03,1.444855947733637326e-03
-2.518880000000000109e+03,1.446770879042043583e-03
-2.518360000000000127e+03,1.448686302102043712e-03
-2.517840000000000146e+03,1.450601194410450125e-03
-2.517320000000000164e+03,1.452516615438856611e-03
-2.516800000000000182e+03,1.454431507747262591e-03
-2.516279999999999745e+03,1.456366067775669145e-03
-2.515759999999999764e+03,1.458300060084075350e-03
-2.515239999999999782e+03,1.460215603292481894e-03
-2.514720000000000255e+03,1.462149595250888121e-03
-2.514199999999999818e+03,1.464084116629294809e-03
-2.513679999999999836e+03,1.466037247587700888e-03
-2.513159999999999854e+03,1.467971768966107359e-03
-2.512640000000000327e+03,1.469924860924513594e-03
-2.512119999999999891e+03,1.471877984334514196e-03
-2.511599999999999909e+03,1.473831076292920648e-03
-2.511079999999999927e+03,1.475784764341326726e-03
-2.510559999999999945e+03,1.477756928629733214e-03
-2.510039999999999964e+03,1.479710077678139711e-03
-2.509519999999999982e+03,1.481682241966546200e-03
-2.509000000000000000e+03,1.483655085174952334e-03
-2.508480000000000018e+03,1.485627288463359100e-03
-2.507960000000000036e+03,1.487599537511765388e-03
-2.507440000000000055e+03,1.489571757490171797e-03
-2.506920000000000073e+03,1.491543950848577948e-03
-2.506399999999999636e+03,1.493535403986984318e-03
-2.505880000000000109e+03,1.495548697345391040e-03
-2.505360000000000127e+03,1.497540017323797457e-03
-2.504840000000000146e+03,1.499531218553797366e-03
-2.504319999999999709e+03,1.501522577532203844e-03
-2.503800000000000182e+03,1.503533092720610526e-03
-2.503280000000000200e+03,1.505524414099016633e-03
-2.502760000000000218e+03,1.507534806057423326e-03
-2.502239999999999782e+03,1.509544766435829549e-03
-2.501719999999999800e+03,1.511555186414235757e-03
-2.501199999999999818e+03,1.513565673932642467e-03
-2.500680000000000291e+03,1.515595193911048683e-03
-2.500159999999999854e+03,1.517624253939455154e-03
-2.499639999999999873e+03,1.519653746247861615e-03
-2.499119999999999891e+03,1.521683267276268195e-03
-2.498600000000000364e+03,1.523712353744674595e-03
-2.498079999999999927e+03,1.525741913773080586e-03
-2.497559999999999945e+03,1.527790506081487271e-03
-2.497039999999999964e+03,1.529819527109893681e-03
-2.496519999999999982e+03,1.531868147088299905e-03
-2.496000000000000000e+03,1.533916401626706470e-03
-2.495480000000000018e+03,1.535964901456706279e-03
-2.494960000000000036e+03,1.538032122835113116e-03
-2.494440000000000055e+03,1.540080753793519452e-03
-2.493920000000000073e+03,1.542148097001925719e-03
-2.493400000000000091e+03,1.544215761290332030e-03
-2.492880000000000109e+03,1.546283010338738622e-03
-2.492359999999999673e+03,1.548350213627144823e-03
-2.491840000000000146e+03,1.550437062675551377e-03
-2.491320000000000164e+03,1.552504349143957792e-03
-2.490800000000000182e+03,1.554590709172364287e-03
-2.490279999999999745e+03,1.556677558220770623e-03
-2.489760000000000218e+03,1.558763822509176989e-03
-2.489240000000000236e+03,1.560850304717583325e-03
-2.488720000000000255e+03,1.562955669005989916e-03
-2.488199999999999818e+03,1.565042018054396515e-03
-2.487679999999999836e+03,1.567147477032802870e-03
-2.487159999999999854e+03,1.569253464551208970e-03
-2.486639999999999873e+03,1.571358884529615481e-03
-2.486119999999999891e+03,1.573483416888022020e-03
-2.485599999999999909e+03,1.575588836866428531e-03
-2.485079999999999927e+03,1.577713452054834873e-03
-2.484559999999999945e+03,1.579837983363241265e-03
-2.484039999999999964e+03,1.581962504391647931e-03
-2.483519999999999982e+03,1.584086496700054091e-03
-2.483000000000000000e+03,1.586211178908460660e-03
-2.482480000000000018e+03,1.588354770866866588e-03
-2.481960000000000036e+03,1.590498392245273240e-03
-2.481440000000000055e+03,1.592642052273679975e-03
-2.480920000000000073e+03,1.594785738742085989e-03
-2.480400000000000091e+03,1.596928859770492710e-03
-2.479880000000000109e+03,1.599091618748899090e-03
-2.479360000000000127e+03,1.601235240127305308e-03
-2.478839999999999691e+03,1.603397526245711616e-03
-2.478319999999999709e+03,1.605560194495711003e-03
-2.477800000000000182e+03,1.607741986454117814e-03
-2.477280000000000200e+03,1.609904274502524770e-03
-2.476759999999999764e+03,1.612086132950930634e-03
-2.476239999999999782e+03,1.614248381999337963e-03
-2.475720000000000255e+03,1.616430242377743607e-03
-2.475200000000000273e+03,1.618611628496150357e-03
-2.474679999999999836e+03,1.620812577544556354e-03
-2.474159999999999854e+03,1.622993880832963084e-03
-2.473639999999999873e+03,1.625194829881369731e-03
-2.473119999999999891e+03,1.627395354999775900e-03
-2.472599999999999909e+03,1.629595776378182188e-03
-2.472079999999999927e+03,1.631796696356588739e-03
-2.471559999999999945e+03,1.634016228714995148e-03
-2.471039999999999964e+03,1.636216742853402288e-03
-2.470519999999999982e+03,1.638436802881807755e-03
-2.470000000000000000e+03,1.640656324260214701e-03
-2.469480000000000018e+03,1.642875938398620332e-03
-2.468960000000000036e+03,1.645114570757027399e-03
-2.468440000000000055e+03,1.647334090735433788e-03
-2.467920000000000073e+03,1.649572750763839525e-03
-2.467400000000000091e+03,1.651811437232246060e-03
-2.466880000000000109e+03,1.654050597260652402e-03
-2.466360000000000127e+03,1.656308317239059240e-03
-2.465840000000000146e+03,1.658547032777465870e-03
-2.465320000000000164e+03,1.660804855864278203e-03
-2.464799999999999727e+03,1.663062077242684778e-03
-2.464279999999999745e+03,1.665319931431091067e-03
-2.463760000000000218e+03,1.667577651409497689e-03
-2.463240000000000236e+03,1.669854511787904287e-03
-2.462719999999999800e+03,1.672112203746310742e-03
-2.462199999999999818e+03,1.674389146954716493e-03
-2.461680000000000291e+03,1.676665950243123046e-03
-2.461160000000000309e+03,1.678961399291530043e-03
-2.460639999999999873e+03,1.681238353829936751e-03
-2.460119999999999891e+03,1.683534245788342355e-03
-2.459599999999999909e+03,1.685829733836749630e-03
-2.459079999999999927e+03,1.688106592285155798e-03
-2.458559999999999945e+03,1.690421680333562601e-03
-2.458039999999999964e+03,1.692736200311969075e-03
-2.457519999999999982e+03,1.695032226830374758e-03
-2.457000000000000000e+03,1.697346746808780799e-03
-2.456480000000000018e+03,1.699661779167188115e-03
-2.455960000000000036e+03,1.701976422375594145e-03
-2.455440000000000055e+03,1.704310581354000860e-03
-2.454920000000000073e+03,1.706625074712406860e-03
-2.454400000000000091e+03,1.708959327850813684e-03
-2.453880000000000109e+03,1.711292948879219664e-03
-2.453360000000000127e+03,1.713626580187626236e-03
-2.452840000000000146e+03,1.715979923396032452e-03
-2.452320000000000164e+03,1.718313583424438927e-03
-2.451800000000000182e+03,1.720666275732845229e-03
-2.451279999999999745e+03,1.723019629921251992e-03
-2.450759999999999764e+03,1.725391449899657840e-03
-2.450239999999999782e+03,1.727744210278064300e-03
-2.449720000000000255e+03,1.730116096396470743e-03
-2.449199999999999818e+03,1.732487956774877644e-03
-2.448679999999999836e+03,1.734859777803283640e-03
-2.448159999999999854e+03,1.737231823070096992e-03
-2.447640000000000327e+03,1.739603644448502748e-03
-2.447119999999999891e+03,1.741994575406908934e-03
-2.446599999999999909e+03,1.744385618615316297e-03
-2.446079999999999927e+03,1.746776549923722459e-03
-2.445559999999999945e+03,1.749167470952129114e-03
-2.445039999999999964e+03,1.751577653160535028e-03
-2.444519999999999982e+03,1.753987617448941839e-03
-2.444000000000000000e+03,1.756397705497347861e-03
-2.443480000000000018e+03,1.758807819635754702e-03
-2.442960000000000036e+03,1.761217351994161283e-03
-2.442440000000000055e+03,1.763627505132567101e-03
-2.441920000000000073e+03,1.766056626160974205e-03
-2.441399999999999636e+03,1.768485786539380263e-03
-2.440880000000000109e+03,1.770914500677786291e-03
-2.440360000000000127e+03,1.773362733036193276e-03
-2.439840000000000146e+03,1.775791853014599365e-03
-2.439319999999999709e+03,1.778239735223005559e-03
-2.438800000000000182e+03,1.780688059709818576e-03
-2.438280000000000200e+03,1.783135873848225479e-03
-2.437760000000000218e+03,1.785603233876631142e-03
-2.437239999999999782e+03,1.788050926185037531e-03
-2.436719999999999800e+03,1.790518408393443903e-03
-2.436199999999999818e+03,1.792985268421850697e-03
-2.435680000000000291e+03,1.795452060730257310e-03
-2.435159999999999854e+03,1.797938642938663257e-03
-2.434639999999999873e+03,1.800424534897069901e-03
-2.434119999999999891e+03,1.802910589435476789e-03
-2.433600000000000364e+03,1.805396981393882520e-03
-2.433079999999999927e+03,1.807882969442290138e-03
-2.432559999999999945e+03,1.810388123980695950e-03
-2.432039999999999964e+03,1.812893208067508852e-03
-2.431519999999999982e+03,1.815398390275915069e-03
-2.431000000000000000e+03,1.817903921584321496e-03
-2.430480000000000018e+03,1.820408942612727812e-03
-2.429960000000000036e+03,1.822933224821134254e-03
-2.429440000000000055e+03,1.825457289109540726e-03
-2.428920000000000073e+03,1.827981571317946951e-03
-2.428400000000000091e+03,1.830505730296353622e-03
-2.427880000000000109e+03,1.833048923654759981e-03
-2.427359999999999673e+03,1.835573205863166640e-03
-2.426840000000000146e+03,1.838115964841572497e-03
-2.426320000000000164e+03,1.840659344488385649e-03
-2.425800000000000182e+03,1.843221703466792118e-03
-2.425279999999999745e+03,1.845784185675198360e-03
-2.424760000000000218e+03,1.848346506703604265e-03
-2.424240000000000236e+03,1.850908838012011197e-03
-2.423720000000000255e+03,1.853470820220417484e-03
-2.423199999999999818e+03,1.856052212178823518e-03
-2.422679999999999836e+03,1.858614666717230872e-03
-2.422159999999999854e+03,1.861195626745637110e-03
-2.421639999999999873e+03,1.863777046724043526e-03
-2.421119999999999891e+03,1.866377293390855674e-03
-2.420599999999999909e+03,1.868958724349262203e-03
-2.420079999999999927e+03,1.871558867557669096e-03
-2.419559999999999945e+03,1.874159427936075055e-03
-2.419039999999999964e+03,1.876778653054482189e-03
-2.418519999999999982e+03,1.879379202102888060e-03
-2.418000000000000000e+03,1.881998456641294833e-03
-2.417480000000000018e+03,1.884617587599700991e-03
-2.416960000000000036e+03,1.887237236648107953e-03
-2.416440000000000055e+03,1.889875654244920237e-03
-2.415920000000000073e+03,1.892513914273326499e-03
-2.415400000000000091e+03,1.895152796481732989e-03
-2.414880000000000109e+03,1.897791016460139259e-03
-2.414360000000000127e+03,1.900429342978545875e-03
-2.413839999999999691e+03,1.903086701956951997e-03
-2.413319999999999709e+03,1.905744145165358915e-03
-2.412800000000000182e+03,1.908401477523765429e-03
-2.412280000000000200e+03,1.911059022790578561e-03
-2.411759999999999764e+03,1.913735482818984621e-03
-2.411239999999999782e+03,1.916392804197390807e-03
-2.410720000000000255e+03,1.919069357335797480e-03
-2.410200000000000273e+03,1.921764917364203766e-03
-2.409679999999999836e+03,1.924441470502609788e-03
-2.409159999999999854e+03,1.927136991881016207e-03
-2.408639999999999873e+03,1.929832738197828851e-03
-2.408119999999999891e+03,1.932528297176235206e-03
-2.407599999999999909e+03,1.935242551714642500e-03
-2.407079999999999927e+03,1.937938072743048724e-03
-2.406559999999999945e+03,1.940652825881454980e-03
-2.406039999999999964e+03,1.943386586259861475e-03
-2.405519999999999982e+03,1.946100811378268262e-03
-2.405000000000000000e+03,1.948834652555080918e-03
-2.404480000000000018e+03,1.951548934763486882e-03
-2.403960000000000036e+03,1.954301738051893774e-03
-2.403440000000000055e+03,1.957035620260299917e-03
-2.402920000000000073e+03,1.959787969308706378e-03
-2.402400000000000091e+03,1.962521766757112721e-03
-2.401880000000000109e+03,1.965274154805519459e-03
-2.401360000000000127e+03,1.968045800072332902e-03
-2.400840000000000146e+03,1.970798688120738943e-03
-2.400320000000000164e+03,1.973570175639145167e-03
-2.399799999999999727e+03,1.976341634617550733e-03
-2.399279999999999745e+03,1.979132816825957767e-03
-2.398760000000000218e+03,1.981904249184364159e-03
-2.398240000000000236e+03,1.984694994451176309e-03
-2.397719999999999800e+03,1.987485582499583930e-03
-2.397199999999999818e+03,1.990295797687989879e-03
-2.396680000000000291e+03,1.993086328996396348e-03
-2.396160000000000309e+03,1.995896111204802786e-03
-2.395639999999999873e+03,1.998705742163209287e-03
-2.395119999999999891e+03,2.001515616500022191e-03
-2.394599999999999909e+03,2.004344337878428278e-03
-2.394079999999999927e+03,2.007154062996834888e-03
-2.393559999999999945e+03,2.009982851045240358e-03
-2.393039999999999964e+03,2.012830805583647707e-03
-2.392519999999999982e+03,2.015659536542054216e-03
-2.392000000000000000e+03,2.018507610878867570e-03
-2.391480000000000018e+03,2.021354998927273744e-03
-2.390960000000000036e+03,2.024202857375679687e-03
-2.390440000000000055e+03,2.027069845424086473e-03
-2.389920000000000073e+03,2.029936927632492935e-03
-2.389400000000000091e+03,2.032803386610899238e-03
-2.388880000000000109e+03,2.035670505257711378e-03
-2.388360000000000127e+03,2.038556593306117739e-03
-2.387840000000000146e+03,2.041442246444525026e-03
-2.387320000000000164e+03,2.044328372962931142e-03
-2.386800000000000182e+03,2.047213892941337175e-03
-2.386279999999999745e+03,2.050119267278150120e-03
-2.385759999999999764e+03,2.053023927306556803e-03
-2.385239999999999782e+03,2.055929152774963430e-03
-2.384720000000000255e+03,2.058833840823368760e-03
-2.384199999999999818e+03,2.061757723031775510e-03
-2.383679999999999836e+03,2.064682046118588524e-03
-2.383159999999999854e+03,2.067605900656995302e-03
-2.382640000000000327e+03,2.070529782865401618e-03
-2.382119999999999891e+03,2.073473113823807740e-03
-2.381599999999999909e+03,2.076416057032214220e-03
-2.381079999999999927e+03,2.079359009539027362e-03
-2.380559999999999945e+03,2.082301934657432990e-03
-2.380039999999999964e+03,2.085263922705840513e-03
-2.379519999999999982e+03,2.088226004914245978e-03
-2.379000000000000000e+03,2.091187936222652782e-03
-2.378480000000000018e+03,2.094169182539466073e-03
-2.377960000000000036e+03,2.097150364747872846e-03
-2.377440000000000055e+03,2.100131423726278763e-03
-2.376920000000000073e+03,2.103112550244686050e-03
-2.376399999999999636e+03,2.106112738293091421e-03
-2.375880000000000109e+03,2.109093983559903913e-03
-2.375360000000000127e+03,2.112113365768311136e-03
-2.374840000000000146e+03,2.115113498126717454e-03
-2.374319999999999709e+03,2.118132351265123326e-03
-2.373800000000000182e+03,2.121151731441936472e-03
-2.373280000000000200e+03,2.124171085630343313e-03
-2.372760000000000218e+03,2.127189816938749537e-03
-2.372239999999999782e+03,2.130228299147155467e-03
-2.371719999999999800e+03,2.133266781355561831e-03
-2.371199999999999818e+03,2.136304704442374986e-03
-2.370680000000000291e+03,2.139362258980781386e-03
-2.370159999999999854e+03,2.142400147029187470e-03
-2.369639999999999873e+03,2.145476772147593587e-03
-2.369119999999999891e+03,2.148533946484407122e-03
-2.368600000000000364e+03,2.151610534532813392e-03
-2.368079999999999927e+03,2.154686689071219630e-03
-2.367559999999999945e+03,2.157762814189626444e-03
-2.367039999999999964e+03,2.160858594366439189e-03
-2.366519999999999982e+03,2.163934776574845831e-03
-2.366000000000000000e+03,2.167029907883251654e-03
-2.365480000000000018e+03,2.170144262071658364e-03
-2.364960000000000036e+03,2.173239636408471481e-03
-2.364440000000000055e+03,2.176354395386877454e-03
-2.363920000000000073e+03,2.179468721905283759e-03
-2.363400000000000091e+03,2.182602109953690750e-03
-2.362880000000000109e+03,2.185735655220503136e-03
-2.362359999999999673e+03,2.188869137428909369e-03
-2.361840000000000146e+03,2.192002497457315544e-03
-2.361320000000000164e+03,2.195135922925722360e-03
-2.360800000000000182e+03,2.198288597262535067e-03
-2.360279999999999745e+03,2.201440585310942329e-03
-2.359760000000000218e+03,2.204612239499347762e-03
-2.359240000000000236e+03,2.207783864967754160e-03
-2.358720000000000255e+03,2.210955545144567633e-03
-2.358199999999999818e+03,2.214127227352973449e-03
-2.357679999999999836e+03,2.217298352471380133e-03
-2.357159999999999854e+03,2.220489079519786559e-03
-2.356639999999999873e+03,2.223679926186598443e-03
-2.356119999999999891e+03,2.226870057145005459e-03
-2.355599999999999909e+03,2.230079939353412592e-03
-2.355079999999999927e+03,2.233289321561819120e-03
-2.354559999999999945e+03,2.236518272668631870e-03
-2.354039999999999964e+03,2.239727599187038478e-03
-2.353519999999999982e+03,2.242956581395444318e-03
-2.353000000000000000e+03,2.246204161572257652e-03
-2.352480000000000018e+03,2.249432614710663875e-03
-2.351960000000000036e+03,2.252680707899070052e-03
-2.351440000000000055e+03,2.255928168277476515e-03
-2.350920000000000073e+03,2.259175813544289646e-03
-2.350400000000000091e+03,2.262442495752695765e-03
-2.349880000000000109e+03,2.265709555781102863e-03
-2.349360000000000127e+03,2.268976330117915448e-03
-2.348839999999999691e+03,2.272262055586321723e-03
-2.348319999999999709e+03,2.275528776794728120e-03
-2.347800000000000182e+03,2.278814464843134137e-03
-2.347280000000000200e+03,2.282119382089946909e-03
-2.346759999999999764e+03,2.285424264298353911e-03
-2.346239999999999782e+03,2.288729024676760399e-03
-2.345720000000000255e+03,2.292033999013572999e-03
-2.345200000000000273e+03,2.295357924131978880e-03
-2.344679999999999836e+03,2.298681851180385191e-03
-2.344159999999999854e+03,2.302005425517198930e-03
-2.343639999999999873e+03,2.305329350985605222e-03
-2.343119999999999891e+03,2.308672405174011424e-03
-2.342599999999999909e+03,2.312014893222417728e-03
-2.342079999999999927e+03,2.315377206559230631e-03
-2.341559999999999945e+03,2.318739359697636910e-03
-2.341039999999999964e+03,2.322100919726044141e-03
-2.340519999999999982e+03,2.325463166392856360e-03
-2.340000000000000000e+03,2.328843919531262477e-03
-2.339480000000000018e+03,2.332225146579668812e-03
-2.338960000000000036e+03,2.335606020916482142e-03
-2.338440000000000055e+03,2.339006375104888368e-03
-2.337920000000000073e+03,2.342387100573295380e-03
-2.337400000000000091e+03,2.345806580750107485e-03
-2.336880000000000109e+03,2.349206501958513767e-03
-2.336360000000000127e+03,2.352625456146920698e-03
-2.335840000000000146e+03,2.356044501413733297e-03
-2.335320000000000164e+03,2.359482989462139378e-03
-2.334799999999999727e+03,2.362921083000545704e-03
-2.334279999999999745e+03,2.366359228267359179e-03
-2.333760000000000218e+03,2.369797282455765250e-03
-2.333240000000000236e+03,2.373254370504171602e-03
-2.332719999999999800e+03,2.376711683840984374e-03
-2.332199999999999818e+03,2.380168836979390957e-03
-2.331680000000000291e+03,2.383645063497797072e-03
-2.331160000000000309e+03,2.387121343674610333e-03
-2.330639999999999873e+03,2.390597664883016647e-03
-2.330119999999999891e+03,2.394093018021423245e-03
-2.329599999999999909e+03,2.397587992358236018e-03
-2.329079999999999927e+03,2.401083291386642282e-03
-2.328559999999999945e+03,2.404597745925048796e-03
-2.328039999999999964e+03,2.408112291191861435e-03
-2.327519999999999982e+03,2.411626273400267750e-03
-2.327000000000000000e+03,2.415140700448674405e-03
-2.326480000000000018e+03,2.418693446765487424e-03
-2.325960000000000036e+03,2.422226499903894301e-03
-2.325440000000000055e+03,2.425779193442300242e-03
-2.324920000000000073e+03,2.429312273619112922e-03
-2.324400000000000091e+03,2.432884055827519432e-03
-2.323880000000000109e+03,2.436436219945925345e-03
-2.323360000000000127e+03,2.440007594282738151e-03
-2.322840000000000146e+03,2.443579376491145528e-03
-2.322320000000000164e+03,2.447169795667957209e-03
-2.321800000000000182e+03,2.450741021136364130e-03
-2.321279999999999745e+03,2.454350975324771141e-03
-2.320759999999999764e+03,2.457941488661583799e-03
-2.320239999999999782e+03,2.461550970869990154e-03
-2.319720000000000255e+03,2.465160329848396954e-03
-2.319199999999999818e+03,2.468769943185209186e-03
-2.318679999999999836e+03,2.472417597373615175e-03
-2.318159999999999854e+03,2.476046283040428311e-03
-2.317640000000000327e+03,2.479674836178835228e-03
-2.317119999999999891e+03,2.483322424227241056e-03
-2.316599999999999909e+03,2.486970237564053738e-03
-2.316079999999999927e+03,2.490636991752460602e-03
-2.315559999999999945e+03,2.494303744890866668e-03
-2.315039999999999964e+03,2.497970658227679358e-03
-2.314519999999999982e+03,2.501656012766085603e-03
-2.314000000000000000e+03,2.505341931942899059e-03
-2.313480000000000018e+03,2.509027785081305566e-03
-2.312960000000000036e+03,2.512713139269711401e-03
-2.312440000000000055e+03,2.516418252606524974e-03
-2.311920000000000073e+03,2.520122734814930765e-03
-2.311399999999999636e+03,2.523846948151743479e-03
-2.310880000000000109e+03,2.527570907130150327e-03
-2.310360000000000127e+03,2.531294472648556917e-03
-2.309840000000000146e+03,2.535037246985369624e-03
-2.309319999999999709e+03,2.538780429193776035e-03
-2.308800000000000182e+03,2.542523213460589140e-03
-2.308280000000000200e+03,2.546284995668995389e-03
-2.307760000000000218e+03,2.550047222717401977e-03
-2.307239999999999782e+03,2.553828169034213884e-03
-2.306719999999999800e+03,2.557589961172620531e-03
-2.306199999999999818e+03,2.561370907839433716e-03
-2.305680000000000291e+03,2.565170929047840259e-03
-2.305159999999999854e+03,2.568951811256246949e-03
-2.304639999999999873e+03,2.572771524593059703e-03
-2.304119999999999891e+03,2.576571355551465596e-03
-2.303600000000000364e+03,2.580390568888278613e-03
-2.303079999999999927e+03,2.584209151096685149e-03
-2.302559999999999945e+03,2.588047464433498174e-03
-2.302039999999999964e+03,2.591885646641903587e-03
-2.301519999999999982e+03,2.595723811110310728e-03
-2.301000000000000000e+03,2.599562057427123960e-03
-2.300480000000000018e+03,2.603419378635530093e-03
-2.299960000000000036e+03,2.607295258812343010e-03
-2.299440000000000055e+03,2.611171650950749705e-03
-2.298920000000000073e+03,2.615048125287562468e-03
-2.298400000000000091e+03,2.618924046495968438e-03
-2.297880000000000109e+03,2.622819528704375611e-03
-2.297359999999999673e+03,2.626714614021187673e-03
-2.296840000000000146e+03,2.630629167159594106e-03
-2.296320000000000164e+03,2.634543352826406587e-03
-2.295800000000000182e+03,2.638457435034813597e-03
-2.295279999999999745e+03,2.642391248371626662e-03
-2.294760000000000218e+03,2.646324336420031835e-03
-2.294240000000000236e+03,2.650257592666845335e-03
-2.293720000000000255e+03,2.654210413875251941e-03
-2.293199999999999818e+03,2.658162788212065000e-03
-2.292679999999999836e+03,2.662134209420471010e-03
-2.292159999999999854e+03,2.666086491628878036e-03
-2.291639999999999873e+03,2.670057975895690199e-03
-2.291119999999999891e+03,2.674048497104095784e-03
-2.290599999999999909e+03,2.678039043770909754e-03
-2.290079999999999927e+03,2.682029536959316691e-03
-2.289559999999999945e+03,2.686039211296129339e-03
-2.289039999999999964e+03,2.690048832504535366e-03
-2.288519999999999982e+03,2.694077616771348854e-03
-2.288000000000000000e+03,2.698106204819754935e-03
-2.287480000000000018e+03,2.702135018156567436e-03
-2.286960000000000036e+03,2.706182300364974331e-03
-2.286440000000000055e+03,2.710230185681786891e-03
-2.285920000000000073e+03,2.714277977820193487e-03
-2.285400000000000091e+03,2.718344452157005556e-03
-2.284880000000000109e+03,2.722411373365412474e-03
-2.284360000000000127e+03,2.726496986702224828e-03
-2.283839999999999691e+03,2.730582941240631504e-03
-2.283319999999999709e+03,2.734668433379037946e-03
-2.282800000000000182e+03,2.738754546715850471e-03
-2.282280000000000200e+03,2.742859100904257441e-03
-2.281759999999999764e+03,2.746982914241070245e-03
-2.281239999999999782e+03,2.751107135449475886e-03
-2.280720000000000255e+03,2.755230909786289279e-03
-2.280200000000000273e+03,2.759354601924696171e-03
-2.279679999999999836e+03,2.763516615261508557e-03
-2.279159999999999854e+03,2.767659897469915229e-03
-2.278639999999999873e+03,2.771821910806728483e-03
-2.278119999999999891e+03,2.775983832015134403e-03
-2.277599999999999909e+03,2.780164878331947004e-03
-2.277079999999999927e+03,2.784345870470353486e-03
-2.276559999999999945e+03,2.788526983807166747e-03
-2.276039999999999964e+03,2.792727105015572250e-03
-2.275519999999999982e+03,2.796926779352385938e-03
-2.275000000000000000e+03,2.801146065019199244e-03
-2.274480000000000018e+03,2.805365286227605188e-03
-2.273960000000000036e+03,2.809584531494418308e-03
-2.273440000000000055e+03,2.813822352702823656e-03
-2.272920000000000073e+03,2.818060738019636559e-03
-2.272400000000000091e+03,2.822318159228042952e-03
-2.271880000000000109e+03,2.826556033564855790e-03
-2.271360000000000127e+03,2.830832554773262625e-03
-2.270840000000000146e+03,2.835108639040075009e-03
-2.270320000000000164e+03,2.839385160248482278e-03
-2.269799999999999727e+03,2.843680373585295417e-03
-2.269279999999999745e+03,2.847975955793701115e-03
-2.268760000000000218e+03,2.852271169130514254e-03
-2.268240000000000236e+03,2.856585390338920501e-03
-2.267719999999999800e+03,2.860899675655733700e-03
-2.267199999999999818e+03,2.865233428794139534e-03
-2.266680000000000291e+03,2.869566842130952689e-03
-2.266160000000000309e+03,2.873900255467764977e-03
-2.265639999999999873e+03,2.878252676676171674e-03
-2.265119999999999891e+03,2.882624290012984845e-03
-2.264599999999999909e+03,2.886976711221390674e-03
-2.264079999999999927e+03,2.891348285558203567e-03
-2.263559999999999945e+03,2.895738877696610401e-03
-2.263039999999999964e+03,2.900129591033423580e-03
-2.262519999999999982e+03,2.904539406401829109e-03
-2.262000000000000000e+03,2.908929619738641684e-03
-2.261480000000000018e+03,2.913358505055454930e-03
-2.260960000000000036e+03,2.917768187263861373e-03
-2.260440000000000055e+03,2.922197100600674568e-03
-2.259920000000000073e+03,2.926644492739081255e-03
-2.259400000000000091e+03,2.931092506075893590e-03
-2.258880000000000109e+03,2.935539927284300590e-03
-2.258360000000000127e+03,2.940007012951113396e-03
-2.257840000000000146e+03,2.944473626287925569e-03
-2.257320000000000164e+03,2.948959747496332755e-03
-2.256800000000000182e+03,2.953445421833145526e-03
-2.256279999999999745e+03,2.957950143041551683e-03
-2.255759999999999764e+03,2.962455521468364706e-03
-2.255239999999999782e+03,2.966960242676770863e-03
-2.254720000000000255e+03,2.971484156013583493e-03
-2.254199999999999818e+03,2.976008041330396609e-03
-2.253679999999999836e+03,2.980551462538802952e-03
-2.253159999999999854e+03,2.985094475875615157e-03
-2.252640000000000327e+03,2.989637397084022197e-03
-2.252119999999999891e+03,2.994199510420835278e-03
-2.251599999999999909e+03,2.998780694687648053e-03
-2.251079999999999927e+03,3.003342810056054343e-03
-2.250559999999999945e+03,3.007942584392866558e-03
-2.250039999999999964e+03,3.012523705601273614e-03
-2.249519999999999982e+03,3.017143118938086285e-03
-2.249000000000000000e+03,3.021743432274899381e-03
-2.248480000000000018e+03,3.026362281153305387e-03
-2.247960000000000036e+03,3.031000794490118500e-03
-2.247440000000000055e+03,3.035639215698524278e-03
-2.246920000000000073e+03,3.040277294125337884e-03
-2.246399999999999636e+03,3.044934907462150137e-03
-2.245880000000000109e+03,3.049611028670557063e-03
-2.245360000000000127e+03,3.054268642007370183e-03
-2.244840000000000146e+03,3.058963863215776249e-03
-2.244319999999999709e+03,3.063640576552588510e-03
-2.243800000000000182e+03,3.068335956029402071e-03
-2.243280000000000200e+03,3.073050277237808145e-03
-2.242760000000000218e+03,3.077764690574620685e-03
-2.242239999999999782e+03,3.082479574841434384e-03
-2.241719999999999800e+03,3.087232096049840474e-03
-2.241199999999999818e+03,3.091965609386653022e-03
-2.240680000000000291e+03,3.096718263755059500e-03
-2.240159999999999854e+03,3.101470877091872056e-03
-2.239639999999999873e+03,3.106242590428685488e-03
-2.239119999999999891e+03,3.111014211637091152e-03
-2.238600000000000364e+03,3.115805024973904592e-03
-2.238079999999999927e+03,3.120595838310717164e-03
-2.237559999999999945e+03,3.125405253679123651e-03
-2.237039999999999964e+03,3.130215167015936665e-03
-2.236519999999999982e+03,3.135025051282750233e-03
-2.236000000000000000e+03,3.139853972491155054e-03
-2.235480000000000018e+03,3.144701585827968347e-03
-2.234960000000000036e+03,3.149549793324781487e-03
-2.234440000000000055e+03,3.154397314533188314e-03
-2.233920000000000073e+03,3.159264566870000328e-03
-2.233400000000000091e+03,3.164150380206813638e-03
-2.232880000000000109e+03,3.169017501415220209e-03
-2.232359999999999673e+03,3.173922508912033202e-03
-2.231840000000000146e+03,3.178827449918846058e-03
-2.231320000000000164e+03,3.183732771127251778e-03
-2.230800000000000182e+03,3.188656784464065103e-03
-2.230279999999999745e+03,3.193580930960877948e-03
-2.229760000000000218e+03,3.198523923099284069e-03
-2.229240000000000236e+03,3.203467036436096101e-03
-2.228720000000000255e+03,3.208429249772908574e-03
-2.228199999999999818e+03,3.213391465141317294e-03
-2.227679999999999836e+03,3.218372778478130209e-03
-2.227159999999999854e+03,3.223335030814942527e-03
-2.226639999999999873e+03,3.228335352023348117e-03
-2.226119999999999891e+03,3.233335859520161584e-03
-2.225599999999999909e+03,3.238355372856974949e-03
-2.225079999999999927e+03,3.243374294065380810e-03
-2.224559999999999945e+03,3.248412946402193160e-03
-2.224039999999999964e+03,3.253451653899006642e-03
-2.223519999999999982e+03,3.258489794905819383e-03
-2.223000000000000000e+03,3.263547416114224997e-03
-2.222480000000000018e+03,3.268623729451036915e-03
-2.221960000000000036e+03,3.273700675947851992e-03
-2.221440000000000055e+03,3.278795968086257572e-03
-2.220920000000000073e+03,3.283872781423070094e-03
-2.220400000000000091e+03,3.288987388919883004e-03
-2.219880000000000109e+03,3.294101941256695216e-03
-2.219360000000000127e+03,3.299235462465102860e-03
-2.218839999999999691e+03,3.304369575801914538e-03
-2.218319999999999709e+03,3.309503283298727890e-03
-2.217800000000000182e+03,3.314675043507134093e-03
-2.217280000000000200e+03,3.319827784513946448e-03
-2.216759999999999764e+03,3.324999692010760684e-03
-2.216239999999999782e+03,3.330190644347572927e-03
-2.215720000000000255e+03,3.335381465555978860e-03
-2.215200000000000273e+03,3.340572473052793104e-03
-2.214679999999999836e+03,3.345782525389604488e-03
-2.214159999999999854e+03,3.351011138726417600e-03
-2.213639999999999873e+03,3.356240254094824092e-03
-2.213119999999999891e+03,3.361488506431636793e-03
-2.212599999999999909e+03,3.366736219768449914e-03
-2.212079999999999927e+03,3.372003654935262860e-03
-2.211559999999999945e+03,3.377270915143669970e-03
-2.211039999999999964e+03,3.382556828480482239e-03
-2.210519999999999982e+03,3.387843335977294354e-03
-2.210000000000000000e+03,3.393148416334107725e-03
-2.209480000000000018e+03,3.398453337542513535e-03
-2.208960000000000036e+03,3.403778045039328702e-03
-2.208440000000000055e+03,3.409102168306140518e-03
-2.207920000000000073e+03,3.414445381642954112e-03
-2.207400000000000091e+03,3.419807763681359438e-03
-2.206880000000000109e+03,3.425170077018172606e-03
-2.206360000000000127e+03,3.430532890354985077e-03
-2.205840000000000146e+03,3.435914436851796906e-03
-2.205320000000000164e+03,3.441314858060203190e-03
-2.204799999999999727e+03,3.446715410397016652e-03
-2.204279999999999745e+03,3.452115517893830209e-03
-2.203760000000000218e+03,3.457535131230641667e-03
-2.203240000000000236e+03,3.462974005397455226e-03
-2.202719999999999800e+03,3.468412626605861960e-03
-2.202199999999999818e+03,3.473870478942674145e-03
-2.201680000000000291e+03,3.479327886439487292e-03
-2.201160000000000309e+03,3.484804838776299485e-03
-2.200639999999999873e+03,3.490300446273112648e-03
-2.200119999999999891e+03,3.495777334501519191e-03
-2.199599999999999909e+03,3.501291947838333120e-03
-2.199079999999999927e+03,3.506807222005144976e-03
-2.198559999999999945e+03,3.512321835341958038e-03
-2.198039999999999964e+03,3.517856142838770087e-03
-2.197519999999999982e+03,3.523408903047177843e-03
-2.197000000000000000e+03,3.528961810543989729e-03
-2.196480000000000018e+03,3.534533762880803960e-03
-2.195960000000000036e+03,3.540105715217615589e-03
-2.195440000000000055e+03,3.545696850384430065e-03
-2.194920000000000073e+03,3.551288310592834539e-03
-2.194400000000000091e+03,3.556898518089648183e-03
-2.193880000000000109e+03,3.562527270426460967e-03
-2.193360000000000127e+03,3.568156605943273267e-03
-2.192840000000000146e+03,3.573804958280086229e-03
-2.192320000000000164e+03,3.579453299286899318e-03
-2.191800000000000182e+03,3.585120753655306365e-03
-2.191279999999999745e+03,3.590787666992117152e-03
-2.190759999999999764e+03,3.596474313488931974e-03
-2.190239999999999782e+03,3.602179965825744092e-03
-2.189720000000000255e+03,3.607885173322558474e-03
-2.189199999999999818e+03,3.613590853329370130e-03
-2.188679999999999836e+03,3.619334168697775894e-03
-2.188159999999999854e+03,3.625058921034590188e-03
-2.187640000000000327e+03,3.630821524621401231e-03
-2.187119999999999891e+03,3.636583937958213358e-03
-2.186599999999999909e+03,3.642346984455026911e-03
-2.186079999999999927e+03,3.648128525461839886e-03
-2.185559999999999945e+03,3.653929179830246385e-03
-2.185039999999999964e+03,3.659729832167060107e-03
-2.184519999999999982e+03,3.665549639663873236e-03
-2.184000000000000000e+03,3.671369392000684798e-03
-2.183480000000000018e+03,3.677227438497497787e-03
-2.182960000000000036e+03,3.683066307524310301e-03
-2.182440000000000055e+03,3.688924354021124157e-03
-2.181920000000000073e+03,3.694801406357937044e-03
-2.181399999999999636e+03,3.700678421726342864e-03
-2.180880000000000109e+03,3.706574074063155588e-03
-2.180360000000000127e+03,3.712489448229967272e-03
-2.179840000000000146e+03,3.718404661566781198e-03
-2.179319999999999709e+03,3.724319508063593607e-03
-2.178800000000000182e+03,3.730272960400408695e-03
-2.178280000000000200e+03,3.736206934917220192e-03
-2.177760000000000218e+03,3.742179475924034115e-03
-2.177239999999999782e+03,3.748151622420845680e-03
-2.176719999999999800e+03,3.754143276789252259e-03
-2.176199999999999818e+03,3.760134429126065023e-03
-2.175680000000000291e+03,3.766144736622877628e-03
-2.175159999999999854e+03,3.772155016629690806e-03
-2.174639999999999873e+03,3.778203592196503150e-03
-2.174119999999999891e+03,3.784232972553316313e-03
-2.173600000000000364e+03,3.790300580050128942e-03
-2.173079999999999927e+03,3.796349560056942306e-03
-2.172559999999999945e+03,3.802435806553755484e-03
-2.172039999999999964e+03,3.808541653050567539e-03
-2.171519999999999982e+03,3.814628305387380344e-03
-2.171000000000000000e+03,3.820734020755786955e-03
-2.170480000000000018e+03,3.826878028782600572e-03
-2.169960000000000036e+03,3.833021575279413340e-03
-2.169440000000000055e+03,3.839165621776225411e-03
-2.168920000000000073e+03,3.845328174113037643e-03
-2.168400000000000091e+03,3.851491309279850284e-03
-2.167880000000000109e+03,3.857672961616663825e-03
-2.167359999999999673e+03,3.863874337183477101e-03
-2.166840000000000146e+03,3.870075211700289841e-03
-2.166320000000000164e+03,3.876314664037101843e-03
-2.165800000000000182e+03,3.882534638203915048e-03
-2.165279999999999745e+03,3.888773590540726879e-03
-2.164760000000000218e+03,3.895031737037541429e-03
-2.164240000000000236e+03,3.901308944534353108e-03
-2.163720000000000255e+03,3.907586152561166176e-03
-2.163199999999999818e+03,3.913882499057980309e-03
-2.162679999999999836e+03,3.920178845554792707e-03
-2.162159999999999854e+03,3.926494197891605004e-03
-2.161639999999999873e+03,3.932828679930012658e-03
-2.161119999999999891e+03,3.939163255496824952e-03
-2.160599999999999909e+03,3.945535935853637655e-03
-2.160079999999999927e+03,3.951889582350450077e-03
-2.159559999999999945e+03,3.958280956517263617e-03
-2.159039999999999964e+03,3.964653608854075938e-03
-2.158519999999999982e+03,3.971064055350888647e-03
-2.158000000000000000e+03,3.977475029867701475e-03
-2.157480000000000018e+03,3.983904509874514922e-03
-2.156960000000000036e+03,3.990353656371326517e-03
-2.156440000000000055e+03,3.996802302868140977e-03
-2.155920000000000073e+03,4.003270011944952585e-03
-2.155400000000000091e+03,4.009757358441765930e-03
-2.154880000000000109e+03,4.016244232958578186e-03
-2.154360000000000127e+03,4.022750085295391693e-03
-2.153839999999999691e+03,4.029275159462203555e-03
-2.153319999999999709e+03,4.035781105959017172e-03
-2.152800000000000182e+03,4.042325252455829937e-03
-2.152280000000000200e+03,4.048888432812642983e-03
-2.151759999999999764e+03,4.055451706979454861e-03
-2.151239999999999782e+03,4.062034082546267522e-03
-2.150720000000000255e+03,4.068634934883081332e-03
-2.150200000000000273e+03,4.075236409049894093e-03
-2.149679999999999836e+03,4.081856983566707273e-03
-2.149159999999999854e+03,4.088496130063520341e-03
-2.148639999999999873e+03,4.095135682400333037e-03
-2.148119999999999891e+03,4.101793956567145218e-03
-2.147599999999999909e+03,4.108452703063958031e-03
-2.147079999999999927e+03,4.115130237779177254e-03
-2.146559999999999945e+03,4.121846217785990821e-03
-2.146039999999999964e+03,4.128561764282803054e-03
-2.145519999999999982e+03,4.135277310779617022e-03
-2.145000000000000000e+03,4.142012012966428749e-03
-2.144480000000000018e+03,4.148765665303242624e-03
-2.143960000000000036e+03,4.155519411800054005e-03
-2.143440000000000055e+03,4.162292287366867009e-03
-2.142920000000000073e+03,4.169084300533681259e-03
-2.142400000000000091e+03,4.175895375050493047e-03
-2.141880000000000109e+03,4.182706327387306078e-03
-2.141360000000000127e+03,4.189536501554119198e-03
-2.140840000000000146e+03,4.196385748050931487e-03
-2.140320000000000164e+03,4.203234561567743832e-03
-2.139799999999999727e+03,4.210102964804556848e-03
-2.139279999999999745e+03,4.216990317141370778e-03
-2.138760000000000218e+03,4.223896363638182487e-03
-2.138240000000000236e+03,4.230803057953401621e-03
-2.137719999999999800e+03,4.237728243450214483e-03
-2.137199999999999818e+03,4.244653889947026804e-03
-2.136680000000000291e+03,4.251617169953839266e-03
-2.136160000000000309e+03,4.258561473540652988e-03
-2.135639999999999873e+03,4.265563059037466749e-03
-2.135119999999999891e+03,4.272545533204280196e-03
-2.134599999999999909e+03,4.279547579701091682e-03
-2.134079999999999927e+03,4.286568293217904967e-03
-2.133559999999999945e+03,4.293608067384717571e-03
-2.133039999999999964e+03,4.300647748791529973e-03
-2.132519999999999982e+03,4.307725287416750218e-03
-2.132000000000000000e+03,4.314784228603563490e-03
-2.131480000000000018e+03,4.321881275100375279e-03
-2.130960000000000036e+03,4.328978321597187935e-03
-2.130440000000000055e+03,4.336113163834001000e-03
-2.129920000000000073e+03,4.343229338350814046e-03
-2.129400000000000091e+03,4.350383618357625722e-03
-2.128880000000000109e+03,4.357537503854439810e-03
-2.128360000000000127e+03,4.364710542479658360e-03
-2.127840000000000146e+03,4.371903144666470543e-03
-2.127320000000000164e+03,4.379114359233285403e-03
-2.126800000000000182e+03,4.386325505730097503e-03
-2.126279999999999745e+03,4.393556346916909980e-03
-2.125759999999999764e+03,4.400805693413723831e-03
-2.125239999999999782e+03,4.408055039910535947e-03
-2.124720000000000255e+03,4.415342682147348208e-03
-2.124199999999999818e+03,4.422630348792567188e-03
-2.123679999999999836e+03,4.429936967799381203e-03
-2.123159999999999854e+03,4.437243614296193343e-03
-2.122640000000000327e+03,4.444588527813005292e-03
-2.122119999999999891e+03,4.451913831049817555e-03
-2.121599999999999909e+03,4.459296877546632329e-03
-2.121079999999999927e+03,4.466660955171851237e-03
-2.120559999999999945e+03,4.474062657358664902e-03
-2.120039999999999964e+03,4.481464842855477360e-03
-2.119519999999999982e+03,4.488885646092290529e-03
-2.119000000000000000e+03,4.496326059609103386e-03
-2.118480000000000018e+03,4.503765906105915845e-03
-2.117960000000000036e+03,4.511225011401134161e-03
-2.117440000000000055e+03,4.518703585917947622e-03
-2.116920000000000073e+03,4.526200828154760235e-03
-2.116399999999999636e+03,4.533717074651572726e-03
-2.115880000000000109e+03,4.541233388168386745e-03
-2.115360000000000127e+03,4.548768893463605092e-03
-2.114840000000000146e+03,4.556342469030419222e-03
-2.114319999999999709e+03,4.563896982197231111e-03
-2.113800000000000182e+03,4.571489656714043150e-03
-2.113280000000000200e+03,4.579082369880856790e-03
-2.112760000000000218e+03,4.586712808506076926e-03
-2.112239999999999782e+03,4.594324651092888262e-03
-2.111719999999999800e+03,4.601974664259701926e-03
-2.111199999999999818e+03,4.609643210756513877e-03
-2.110680000000000291e+03,4.617312444071733531e-03
-2.110159999999999854e+03,4.625000119638547104e-03
-2.109639999999999873e+03,4.632726505135359961e-03
-2.109119999999999891e+03,4.640433346322171693e-03
-2.108600000000000364e+03,4.648178292818984543e-03
-2.108079999999999927e+03,4.655923427184204856e-03
-2.107559999999999945e+03,4.663707140701017252e-03
-2.107039999999999964e+03,4.671490314867830090e-03
-2.106519999999999982e+03,4.679292600364643243e-03
-2.106000000000000000e+03,4.687095062749862227e-03
-2.105480000000000018e+03,4.694935509246675118e-03
-2.104960000000000036e+03,4.702775616923487306e-03
-2.104440000000000055e+03,4.710635230090300454e-03
-2.103920000000000073e+03,4.718514036785520852e-03
-2.103400000000000091e+03,4.726411838972333253e-03
-2.102880000000000109e+03,4.734328224469144114e-03
-2.102359999999999673e+03,4.742245229764365487e-03
-2.101840000000000146e+03,4.750199872351176626e-03
-2.101320000000000164e+03,4.758154946517990404e-03
-2.100800000000000182e+03,4.766128632014802156e-03
-2.100279999999999745e+03,4.774122094400022956e-03
-2.099760000000000218e+03,4.782133979896835592e-03
-2.099240000000000236e+03,4.790145920553647192e-03
-2.098720000000000255e+03,4.798196061740461066e-03
-2.098199999999999818e+03,4.806246268435679196e-03
-2.097679999999999836e+03,4.814315509622493945e-03
-2.097159999999999854e+03,4.822403795119305746e-03
-2.096639999999999873e+03,4.830511261414523715e-03
-2.096119999999999891e+03,4.838618704001337520e-03
-2.095599999999999909e+03,4.846764411328151161e-03
-2.095079999999999927e+03,4.854929216973370709e-03
-2.094559999999999945e+03,4.863093459210183524e-03
-2.094039999999999964e+03,4.871277244706996232e-03
-2.093519999999999982e+03,4.879480278022214033e-03
-2.093000000000000000e+03,4.887701724519027610e-03
-2.092480000000000018e+03,4.895942460915840566e-03
-2.091960000000000036e+03,4.904202766561059287e-03
-2.091440000000000055e+03,4.912462479727872262e-03
-2.090920000000000073e+03,4.920760422314686411e-03
-2.090400000000000091e+03,4.929058927609903870e-03
-2.089880000000000109e+03,4.937376007266717007e-03
-2.089360000000000127e+03,4.945712177523530276e-03
-2.088839999999999691e+03,4.954067455148749785e-03
-2.088319999999999709e+03,4.962441796335562323e-03
-2.087800000000000182e+03,4.970835210902375262e-03
-2.087280000000000200e+03,4.979247938377594392e-03
-2.086759999999999764e+03,4.987659923874408589e-03
-2.086239999999999782e+03,4.996091537041219902e-03
-2.085720000000000255e+03,5.004561471756439721e-03
-2.085200000000000273e+03,5.013030879083250554e-03
-2.084679999999999836e+03,5.021538892600065779e-03
-2.084159999999999854e+03,5.030027426965284591e-03
-2.083639999999999873e+03,5.038554512462096839e-03
-2.083119999999999891e+03,5.047100439937317155e-03
-2.082599999999999909e+03,5.055665254504128694e-03
-2.082079999999999927e+03,5.064249695690942188e-03
-2.081559999999999945e+03,5.072833700986162028e-03
-2.081039999999999964e+03,5.081455937732974083e-03
-2.080519999999999982e+03,5.090078050899788341e-03
-2.080000000000000000e+03,5.098738428525006507e-03
-2.079480000000000018e+03,5.107398892941819417e-03
-2.078960000000000036e+03,5.116078409567038736e-03
-2.078440000000000055e+03,5.124795550753851077e-03
-2.077920000000000073e+03,5.133513257449070881e-03
-2.077400000000000091e+03,5.142250092795883944e-03
-2.076880000000000109e+03,5.151005378292695946e-03
-2.076360000000000127e+03,5.159761340677915253e-03
-2.075840000000000146e+03,5.168554948004728221e-03
-2.075320000000000164e+03,5.177368221719946990e-03
-2.074799999999999727e+03,5.186199934886758997e-03
-2.074279999999999745e+03,5.195050814543572884e-03
-2.073760000000000218e+03,5.203921376928791372e-03
-2.073240000000000236e+03,5.212791262425605157e-03
-2.072719999999999800e+03,5.221699628900823564e-03
-2.072199999999999818e+03,5.230607771137636350e-03
-2.071680000000000291e+03,5.239554176782856149e-03
-2.071160000000000309e+03,5.248500584109671782e-03
-2.070639999999999873e+03,5.257485218824888007e-03
-2.070119999999999891e+03,5.266469365151701595e-03
-2.069599999999999909e+03,5.275473127536921270e-03
-2.069079999999999927e+03,5.284495813033733384e-03
-2.068559999999999945e+03,5.293556387380547387e-03
-2.068039999999999964e+03,5.302617394075765864e-03
-2.067519999999999982e+03,5.311716129422579605e-03
-2.067000000000000000e+03,5.320815307047799085e-03
-2.066480000000000018e+03,5.329933116304611147e-03
-2.065960000000000036e+03,5.339070115759828386e-03
-2.065440000000000055e+03,5.348245158346641957e-03
-2.064920000000000073e+03,5.357420896801860961e-03
-2.064400000000000091e+03,5.366615037988675500e-03
-2.063880000000000109e+03,5.375828477843893824e-03
-2.063360000000000127e+03,5.385079919030707520e-03
-2.062840000000000146e+03,5.394331425725925472e-03
-2.062320000000000164e+03,5.403601600072738091e-03
-2.061800000000000182e+03,5.412891305367957887e-03
-2.061279999999999745e+03,5.422200142114771623e-03
-2.060759999999999764e+03,5.431546686409990249e-03
-2.060239999999999782e+03,5.440893723156803134e-03
-2.059720000000000255e+03,5.450259867452022372e-03
-2.059199999999999818e+03,5.459644602798835629e-03
-2.058679999999999836e+03,5.469067548494055062e-03
-2.058159999999999854e+03,5.478491075969274537e-03
-2.057640000000000327e+03,5.487933057206086616e-03
-2.057119999999999891e+03,5.497394257011305532e-03
-2.056599999999999909e+03,5.506893509178118623e-03
-2.056079999999999927e+03,5.516392965723338274e-03
-2.055559999999999945e+03,5.525930390220150541e-03
-2.055039999999999964e+03,5.535487146765371083e-03
-2.054519999999999982e+03,5.545043726952182846e-03
-2.054000000000000000e+03,5.554638627807402182e-03
-2.053480000000000018e+03,5.564252007994215099e-03
-2.052960000000000036e+03,5.573865979779433696e-03
-2.052440000000000055e+03,5.583518181164653579e-03
-2.051920000000000073e+03,5.593188888491465970e-03
-2.051399999999999636e+03,5.602879262206684162e-03
-2.050880000000000109e+03,5.612588208533498581e-03
-2.050360000000000127e+03,5.622316365078716856e-03
-2.049840000000000146e+03,5.632063981703936545e-03
-2.049319999999999709e+03,5.641830246120749237e-03
-2.048800000000000182e+03,5.651615618435966958e-03
-2.048280000000000200e+03,5.661420064762782284e-03
-2.047760000000000218e+03,5.671262699478002260e-03
-2.047239999999999782e+03,5.681105437933220599e-03
-2.046720000000000027e+03,5.690986341350033617e-03
-2.046200000000000045e+03,5.700866618975252743e-03
-2.045680000000000064e+03,5.710785722392064910e-03
-2.045159999999999854e+03,5.720704888867284531e-03
-2.044639999999999873e+03,5.730680695562504444e-03
-2.044120000000000118e+03,5.740637969909316747e-03
-2.043600000000000136e+03,5.750632943274535183e-03
-2.043079999999999927e+03,5.760647489951349273e-03
-2.042559999999999945e+03,5.770699846496567947e-03
-2.042039999999999964e+03,5.780752090791787395e-03
-2.041519999999999982e+03,5.790823494208601624e-03
-2.041000000000000000e+03,5.800933104993818631e-03
-2.040480000000000018e+03,5.811062238309037953e-03
-2.039960000000000036e+03,5.821190913705851823e-03
-2.039439999999999827e+03,5.831357352511071235e-03
-2.038920000000000073e+03,5.841543353896290133e-03
-2.038400000000000091e+03,5.851748400223103289e-03
-2.037880000000000109e+03,5.861991795768321453e-03
-2.037359999999999900e+03,5.872234501413542244e-03
-2.036839999999999918e+03,5.882515976810355311e-03
-2.036320000000000164e+03,5.892797043285573008e-03
-2.035800000000000182e+03,5.903116810810792557e-03
-2.035279999999999973e+03,5.913454963327605465e-03
-2.034759999999999991e+03,5.923812458872824808e-03
-2.034240000000000009e+03,5.934189497328043635e-03
-2.033720000000000255e+03,5.944604106584858161e-03
-2.033199999999999818e+03,5.955018845390075075e-03
-2.032680000000000064e+03,5.965471773915294665e-03
-2.032160000000000082e+03,5.975924740390513301e-03
-2.031639999999999873e+03,5.986434821627328352e-03
-2.031119999999999891e+03,5.996945060432547041e-03
-2.030599999999999909e+03,6.007473955977765852e-03
-2.030080000000000155e+03,6.018022331374578426e-03
-2.029559999999999945e+03,6.028608497849796515e-03
-2.029039999999999964e+03,6.039214171565017615e-03
-2.028519999999999982e+03,6.049838510020237071e-03
-2.028000000000000000e+03,6.060482413437049201e-03
-2.027480000000000018e+03,6.071164079912268197e-03
-2.026960000000000036e+03,6.081845747437488424e-03
-2.026440000000000055e+03,6.092565492082707354e-03
-2.025920000000000073e+03,6.103304934499519802e-03
-2.025399999999999864e+03,6.114062972954738447e-03
-2.024880000000000109e+03,6.124840168499958229e-03
-2.024360000000000127e+03,6.135655507305178176e-03
-2.023839999999999918e+03,6.146489288541992155e-03
-2.023319999999999936e+03,6.157323784087209359e-03
-2.022799999999999955e+03,6.168215550562428443e-03
-2.022280000000000200e+03,6.179106818087649021e-03
-2.021759999999999764e+03,6.190036756892866414e-03
-2.021240000000000009e+03,6.200966199309679468e-03
-2.020720000000000027e+03,6.211934337764899068e-03
-2.020200000000000045e+03,6.222921133310119202e-03
-2.019679999999999836e+03,6.233946005625338495e-03
-2.019159999999999854e+03,6.244971381022150665e-03
-2.018640000000000100e+03,6.256053687897369410e-03
-2.018120000000000118e+03,6.267116854372587961e-03
-2.017599999999999909e+03,6.278237321897807768e-03
-2.017079999999999927e+03,6.289357788373027211e-03
-2.016559999999999945e+03,6.300535083918247688e-03
-2.016040000000000191e+03,6.311712797265060966e-03
-2.015519999999999982e+03,6.322909637120279966e-03
-2.015000000000000000e+03,6.334144232665498732e-03
-2.014480000000000018e+03,6.345398438140718508e-03
-2.013959999999999809e+03,6.356671205665936908e-03
-2.013440000000000055e+03,6.367982577981155454e-03
-2.012920000000000073e+03,6.379293520397970665e-03
-2.012400000000000091e+03,6.390642688273188640e-03
-2.011879999999999882e+03,6.402010926728407200e-03
-2.011359999999999900e+03,6.413417961273627788e-03
-2.010840000000000146e+03,6.424843527748845019e-03
-2.010320000000000164e+03,6.436269123294066467e-03
-2.009799999999999955e+03,6.447751529819285496e-03
-2.009279999999999973e+03,6.459253404166098028e-03
-2.008759999999999991e+03,6.470774511041317220e-03
-2.008240000000000236e+03,6.482314649496535852e-03
-2.007719999999999800e+03,6.493892545041755893e-03
-2.007200000000000045e+03,6.505470979586974213e-03
-2.006680000000000064e+03,6.517106146062192663e-03
-2.006160000000000082e+03,6.528722752587413219e-03
-2.005639999999999873e+03,6.540415342292631683e-03
-2.005119999999999891e+03,6.552088747767851294e-03
-2.004600000000000136e+03,6.563819351184664065e-03
-2.004079999999999927e+03,6.575569128989883737e-03
-2.003559999999999945e+03,6.587337996515101740e-03
-2.003039999999999964e+03,6.599145131060319552e-03
-2.002519999999999982e+03,6.610971297535540685e-03
-2.002000000000000000e+03,6.622797532080760240e-03
-2.001480000000000018e+03,6.634680538605979699e-03
-2.000960000000000036e+03,6.646564005081198254e-03
-2.000440000000000055e+03,6.658485739626418716e-03
-1.999919999999999845e+03,6.670445135171638312e-03
-1.999400000000000091e+03,6.682424206786856911e-03
-1.998880000000000109e+03,6.694421841332076802e-03
-1.998360000000000127e+03,6.706457636877294695e-03
-1.997839999999999918e+03,6.718493414682513883e-03
-1.997319999999999936e+03,6.730567410227732660e-03
-1.996800000000000182e+03,6.742679616752953083e-03
-1.996279999999999745e+03,6.754810922228172282e-03
-1.995759999999999991e+03,6.766980550933391486e-03
-1.995240000000000009e+03,6.779150046478609436e-03
-1.994720000000000027e+03,6.791357659825422201e-03
-1.994199999999999818e+03,6.803603566350640945e-03
-1.993679999999999836e+03,6.815868061895860065e-03
-1.993160000000000082e+03,6.828133067371080188e-03
-1.992640000000000100e+03,6.840474096076299727e-03
-1.992119999999999891e+03,6.852815030621519157e-03
-1.991599999999999909e+03,6.865194636096741063e-03
-1.991079999999999927e+03,6.877573795750365447e-03
-1.990560000000000173e+03,6.890010230295584050e-03
-1.990039999999999964e+03,6.902446729930804617e-03
-1.989519999999999982e+03,6.914940464476024978e-03
-1.989000000000000000e+03,6.927434199021241870e-03
-1.988480000000000018e+03,6.939966065496462090e-03
-1.987960000000000036e+03,6.952535766181679872e-03
-1.987440000000000055e+03,6.965125000726900273e-03
-1.986920000000000073e+03,6.977733335272118947e-03
-1.986399999999999864e+03,6.990379340747338889e-03
-1.985879999999999882e+03,7.003044569452559695e-03
-1.985360000000000127e+03,7.015729303997777534e-03
-1.984840000000000146e+03,7.028470809472996648e-03
-1.984319999999999936e+03,7.041212410158215369e-03
-1.983799999999999955e+03,7.053992144703434379e-03
-1.983279999999999973e+03,7.066810079248654272e-03
-1.982760000000000218e+03,7.079647178883872669e-03
-1.982239999999999782e+03,7.092503313429089976e-03
-1.981720000000000027e+03,7.105397647974309901e-03
-1.981200000000000045e+03,7.118311268807939012e-03
-1.980680000000000064e+03,7.131262874283156479e-03
-1.980159999999999854e+03,7.144233080808375450e-03
-1.979639999999999873e+03,7.157242109513592063e-03
-1.979120000000000118e+03,7.170269614988812427e-03
-1.978600000000000136e+03,7.183354449534033563e-03
-1.978079999999999927e+03,7.196439878239251943e-03
-1.977559999999999945e+03,7.209562912784470493e-03
-1.977039999999999964e+03,7.222705047329691652e-03
-1.976519999999999982e+03,7.235885539093318657e-03
-1.976000000000000000e+03,7.249085012638538383e-03
-1.975480000000000018e+03,7.262322713323754973e-03
-1.974960000000000036e+03,7.275578947868973842e-03
-1.974439999999999827e+03,7.288873947504191826e-03
-1.973920000000000073e+03,7.302207082049413933e-03
-1.973400000000000091e+03,7.315558908723039308e-03
-1.972880000000000109e+03,7.328949504098258329e-03
-1.972359999999999900e+03,7.342358509573478249e-03
-1.971839999999999918e+03,7.355787238278699638e-03
-1.971320000000000164e+03,7.369253572823915126e-03
-1.970800000000000182e+03,7.382758240529133618e-03
-1.970279999999999973e+03,7.396281967202759065e-03
-1.969759999999999991e+03,7.409862966837980035e-03
-1.969240000000000009e+03,7.423443940383200185e-03
-1.968720000000000255e+03,7.437063169088418448e-03
-1.968199999999999818e+03,7.450700875613637357e-03
-1.967680000000000064e+03,7.464396635447262396e-03
-1.967160000000000082e+03,7.478092168592482408e-03
-1.966639999999999873e+03,7.491844597297702725e-03
-1.966119999999999891e+03,7.505597470842922080e-03
-1.965599999999999909e+03,7.519407199548139818e-03
-1.965080000000000155e+03,7.533236026221766524e-03
-1.964559999999999945e+03,7.547103064856984685e-03
-1.964039999999999964e+03,7.560989099402204081e-03
-1.963519999999999982e+03,7.574913467107423012e-03
-1.963000000000000000e+03,7.588876087941049883e-03
-1.962480000000000018e+03,7.602857689156269569e-03
-1.961960000000000036e+03,7.616877517861488263e-03
-1.961440000000000055e+03,7.630916362336707254e-03
-1.960920000000000073e+03,7.644993083170334436e-03
-1.960399999999999864e+03,7.659108450875552580e-03
-1.959880000000000109e+03,7.673261385420771484e-03
-1.959360000000000127e+03,7.687434145254396986e-03
-1.958839999999999918e+03,7.701625307469614143e-03
-1.958319999999999936e+03,7.715854746104835321e-03
-1.957799999999999955e+03,7.730141474810054390e-03
-1.957280000000000200e+03,7.744428240483680094e-03
-1.956759999999999764e+03,7.758772308188897730e-03
-1.956240000000000009e+03,7.773116336894119426e-03
-1.955720000000000027e+03,7.787517730237746884e-03
-1.955200000000000045e+03,7.801938197942965419e-03
-1.954679999999999836e+03,7.816415397578184085e-03
-1.954159999999999854e+03,7.830893257411807376e-03
-1.953640000000000100e+03,7.845427730957027848e-03
-1.953120000000000118e+03,7.859962787332247861e-03
-1.952599999999999909e+03,7.874573847165873206e-03
-1.952079999999999927e+03,7.889184720711093710e-03
-1.951559999999999945e+03,7.903852988416311745e-03
-1.951040000000000191e+03,7.918521309249937704e-03
-1.950519999999999982e+03,7.933246875555157590e-03
-1.950000000000000000e+03,7.947991449100374681e-03
-1.949480000000000018e+03,7.962793536954001355e-03
-1.948959999999999809e+03,7.977594965659222034e-03
-1.948440000000000055e+03,7.992454233364440150e-03
-1.947920000000000073e+03,8.007332626708066337e-03
-1.947400000000000091e+03,8.022248694413286474e-03
-1.946879999999999882e+03,8.037222154246913969e-03
-1.946359999999999900e+03,8.052196021952128663e-03
-1.945840000000000146e+03,8.067226717327348820e-03
-1.945320000000000164e+03,8.082276483000975370e-03
-1.944799999999999955e+03,8.097364382636192820e-03
-1.944279999999999973e+03,8.112471542469818636e-03
-1.943759999999999991e+03,8.127635937845037115e-03
-1.943240000000000236e+03,8.142819497678664697e-03
-1.942719999999999800e+03,8.158040665383883491e-03
-1.942200000000000045e+03,8.173281461109101545e-03
-1.941680000000000064e+03,8.188598154452726707e-03
-1.941160000000000082e+03,8.203896222157947005e-03
-1.940639999999999873e+03,8.219270281991573196e-03
-1.940119999999999891e+03,8.234663349696792062e-03
-1.939600000000000136e+03,8.250094737200418249e-03
-1.939079999999999927e+03,8.265545643905639756e-03
-1.938559999999999945e+03,8.281052903739264531e-03
-1.938039999999999964e+03,8.296598799114483433e-03
-1.937519999999999982e+03,8.312163886968109219e-03
-1.937000000000000000e+03,8.327767054673328173e-03
-1.936480000000000018e+03,8.343408042176952977e-03
-1.935960000000000036e+03,8.359068480812172075e-03
-1.935440000000000055e+03,8.374786340645796676e-03
-1.934919999999999845e+03,8.390522747351018829e-03
-1.934400000000000091e+03,8.406316440694644454e-03
-1.933880000000000109e+03,8.422129236419863274e-03
-1.933360000000000127e+03,8.437980796253487931e-03
-1.932839999999999918e+03,8.453870030628706650e-03
-1.932319999999999936e+03,8.469796990462333600e-03
-1.931800000000000182e+03,8.485762652327550476e-03
-1.931279999999999745e+03,8.501747439831178893e-03
-1.930759999999999991e+03,8.517789446536401174e-03
-1.930240000000000009e+03,8.533850134390022490e-03
-1.929720000000000027e+03,8.549968529765241895e-03
-1.929199999999999818e+03,8.566086528598868335e-03
-1.928679999999999836e+03,8.582281388432493399e-03
-1.928160000000000082e+03,8.598494783807713107e-03
-1.927640000000000100e+03,8.614765610661337392e-03
-1.927119999999999891e+03,8.631036306036557124e-03
-1.926599999999999909e+03,8.647364404870181917e-03
-1.926079999999999927e+03,8.663730572575401717e-03
-1.925560000000000173e+03,8.680135060079027104e-03
-1.925039999999999964e+03,8.696558281092654427e-03
-1.924519999999999982e+03,8.713039077867872420e-03
-1.924000000000000000e+03,8.729558204371497265e-03
-1.923480000000000018e+03,8.746114964205124742e-03
-1.922960000000000036e+03,8.762690798580342541e-03
-1.922440000000000055e+03,8.779324486433969302e-03
-1.921920000000000073e+03,8.795995793139187169e-03
-1.921399999999999864e+03,8.812686413802813326e-03
-1.920879999999999882e+03,8.829434173636440883e-03
-1.920360000000000127e+03,8.846220136031660020e-03
-1.919840000000000146e+03,8.863043795865282667e-03
-1.919319999999999936e+03,8.879909094698910238e-03
-1.918799999999999955e+03,8.896809723234129150e-03
-1.918279999999999973e+03,8.913728883067755307e-03
-1.917760000000000218e+03,8.930705937591380122e-03
-1.917239999999999782e+03,8.947701444296600123e-03
-1.916720000000000027e+03,8.964773525960227293e-03
-1.916200000000000045e+03,8.981846024793850927e-03
-1.915680000000000064e+03,8.998975288589070379e-03
-1.915159999999999854e+03,9.016123715092696014e-03
-1.914639999999999873e+03,9.033348569086323276e-03
-1.914120000000000118e+03,9.050592023609945261e-03
-1.913600000000000136e+03,9.067893130315168859e-03
-1.913079999999999927e+03,9.085194450978795536e-03
-1.912559999999999945e+03,9.102571549812418089e-03
-1.912039999999999964e+03,9.119967673207635128e-03
-1.911519999999999982e+03,9.137421766201261897e-03
-1.911000000000000000e+03,9.154913492704889674e-03
-1.910480000000000018e+03,9.172424348628511678e-03
-1.909960000000000036e+03,9.189992477163733131e-03
-1.909439999999999827e+03,9.207599275997360722e-03
-1.908920000000000073e+03,9.225262902500985102e-03
-1.908400000000000091e+03,9.242945223514612008e-03
-1.907880000000000109e+03,9.260666150018234677e-03
-1.907359999999999900e+03,9.278424750883454766e-03
-1.906839999999999918e+03,9.296240705407080723e-03
-1.906320000000000164e+03,9.314095427470707803e-03
-1.905800000000000182e+03,9.331988253974334013e-03
-1.905279999999999973e+03,9.349918780827958312e-03
-1.904759999999999991e+03,9.367906609363176734e-03
-1.904240000000000009e+03,9.385894408196803276e-03
-1.903720000000000255e+03,9.403977856880428587e-03
-1.903199999999999818e+03,9.422061184784055049e-03
-1.902680000000000064e+03,9.440220505447679405e-03
-1.902160000000000082e+03,9.458380232301305535e-03
-1.901639999999999873e+03,9.476635499836525214e-03
-1.901119999999999891e+03,9.494890254360149884e-03
-1.900599999999999909e+03,9.513202347353777802e-03
-1.900080000000000155e+03,9.531552602927404610e-03
-1.899559999999999945e+03,9.549960723941028351e-03
-1.899039999999999964e+03,9.568387389444652988e-03
-1.898519999999999982e+03,9.586871382438280978e-03
-1.898000000000000000e+03,9.605393538993501137e-03
-1.897480000000000018e+03,9.623953365497123214e-03
-1.896960000000000036e+03,9.642571154580750065e-03
-1.896440000000000055e+03,9.661226981084375387e-03
-1.895920000000000073e+03,9.679920574078000259e-03
-1.895399999999999864e+03,9.698652961761627250e-03
-1.894880000000000109e+03,9.717442017335252771e-03
-1.894360000000000127e+03,9.736269377348876625e-03
-1.893839999999999918e+03,9.755154403852502043e-03
-1.893319999999999936e+03,9.774058096846127003e-03
-1.892799999999999955e+03,9.793019184529757823e-03
-1.892280000000000200e+03,9.812018340103379963e-03
-1.891759999999999764e+03,9.831074900117003912e-03
-1.891240000000000009e+03,9.850149928652225315e-03
-1.890720000000000027e+03,9.869301922175853503e-03
-1.890200000000000045e+03,9.888472544239476983e-03
-1.889679999999999836e+03,9.907719603903101732e-03
-1.889159999999999854e+03,9.926966624916728349e-03
-1.888640000000000100e+03,9.946309090420353896e-03
-1.888120000000000118e+03,9.965651707173978080e-03
-1.887599999999999909e+03,9.985071100167606725e-03
-1.887079999999999927e+03,1.000450918785122933e-02
-1.886559999999999945e+03,1.002402301435485581e-02
-1.886040000000000191e+03,1.004355660343848357e-02
-1.885519999999999982e+03,1.006316656310210847e-02
-1.885000000000000000e+03,1.008279565078573289e-02
-1.884480000000000018e+03,1.010246243590776603e-02
-1.883959999999999809e+03,1.012216685850139165e-02
-1.883440000000000055e+03,1.014192911816501688e-02
-1.882920000000000073e+03,1.016176773882864447e-02
-1.882400000000000091e+03,1.018162552791226916e-02
-1.881879999999999882e+03,1.020155968757589272e-02
-1.881359999999999900e+03,1.022153207525952102e-02
-1.880840000000000146e+03,1.024154254216314702e-02
-1.880320000000000164e+03,1.026157222984676841e-02
-1.879799999999999955e+03,1.028167777853039588e-02
-1.879279999999999973e+03,1.030182203819402301e-02
-1.878759999999999991e+03,1.032204222727764985e-02
-1.878240000000000236e+03,1.034228198694127701e-02
-1.877719999999999800e+03,1.036255956675330957e-02
-1.877200000000000045e+03,1.038285615548692996e-02
-1.876680000000000064e+03,1.040328591550055901e-02
-1.876160000000000082e+03,1.042373527516418305e-02
-1.875639999999999873e+03,1.044424149191780851e-02
-1.875119999999999891e+03,1.046474815158143258e-02
-1.874600000000000136e+03,1.048535031159505970e-02
-1.874079999999999927e+03,1.050597119245709130e-02
-1.873559999999999945e+03,1.052663018014071868e-02
-1.873039999999999964e+03,1.054732739689434248e-02
-1.872519999999999982e+03,1.056813962888797191e-02
-1.872000000000000000e+03,1.058897055557159704e-02
-1.871480000000000018e+03,1.060982054430522313e-02
-1.870960000000000036e+03,1.063074702411725449e-02
-1.870440000000000055e+03,1.065171108378087581e-02
-1.869919999999999845e+03,1.067273247286450524e-02
-1.869400000000000091e+03,1.069379259954812700e-02
-1.868880000000000109e+03,1.071492858828175521e-02
-1.868360000000000127e+03,1.073612196809378867e-02
-1.867839999999999918e+03,1.075735392775741331e-02
-1.867319999999999936e+03,1.077864237767103654e-02
-1.866800000000000182e+03,1.079996933768466276e-02
-1.866279999999999745e+03,1.082129641854669665e-02
-1.865759999999999991e+03,1.084271894523032576e-02
-1.865240000000000009e+03,1.086416053291395026e-02
-1.864720000000000027e+03,1.088573545277598219e-02
-1.864199999999999818e+03,1.090732993461960600e-02
-1.863679999999999836e+03,1.092898112335323121e-02
-1.863160000000000082e+03,1.095063232236685898e-02
-1.862640000000000100e+03,1.097237960217888920e-02
-1.862119999999999891e+03,1.099414542991251562e-02
-1.861599999999999909e+03,1.101600681175613980e-02
-1.861079999999999927e+03,1.103788735963817311e-02
-1.860560000000000173e+03,1.105984361930179884e-02
-1.860039999999999964e+03,1.108183817505542339e-02
-1.859519999999999982e+03,1.110389068802745613e-02
-1.859000000000000000e+03,1.112598117676108327e-02
-1.858480000000000018e+03,1.114810937577470976e-02
-1.857960000000000036e+03,1.117029507881673982e-02
-1.857440000000000055e+03,1.119255697748036162e-02
-1.856920000000000073e+03,1.121489530416399164e-02
-1.856399999999999864e+03,1.123727200720602351e-02
-1.855879999999999882e+03,1.125968623388964862e-02
-1.855360000000000127e+03,1.128210105375168117e-02
-1.854840000000000146e+03,1.130464957459530705e-02
-1.854319999999999936e+03,1.132723569134893096e-02
-1.853799999999999955e+03,1.134989837630096497e-02
-1.853279999999999973e+03,1.137258003205459007e-02
-1.852760000000000218e+03,1.139531955086662066e-02
-1.852239999999999782e+03,1.141807770078025024e-02
-1.851720000000000027e+03,1.144095029944387255e-02
-1.851200000000000045e+03,1.146386084148590459e-02
-1.850680000000000064e+03,1.148686712916952880e-02
-1.850159999999999854e+03,1.150987367121156235e-02
-1.849639999999999873e+03,1.153291769894518662e-02
-1.849120000000000118e+03,1.155600011191722058e-02
-1.848600000000000136e+03,1.157921656767084417e-02
-1.848079999999999927e+03,1.160245178064287820e-02
-1.847559999999999945e+03,1.162576320837650258e-02
-1.847039999999999964e+03,1.164911302134853492e-02
-1.846519999999999982e+03,1.167253911610216174e-02
-1.846000000000000000e+03,1.169600302907419440e-02
-1.845480000000000018e+03,1.171952458482782185e-02
-1.844960000000000036e+03,1.174310356977985130e-02
-1.844439999999999827e+03,1.176673931969347657e-02
-1.843920000000000073e+03,1.179043236757550996e-02
-1.843400000000000091e+03,1.181416358841913712e-02
-1.842880000000000109e+03,1.183795217530116649e-02
-1.842359999999999900e+03,1.186179796812479245e-02
-1.841839999999999918e+03,1.188575851016682346e-02
-1.841320000000000164e+03,1.190973805804885696e-02
-1.840800000000000182e+03,1.193377491789248367e-02
-1.840279999999999973e+03,1.195783045993451671e-02
-1.839759999999999991e+03,1.198201948661814162e-02
-1.839240000000000009e+03,1.200622833964017262e-02
-1.838720000000000255e+03,1.203051310935220400e-02
-1.838199999999999818e+03,1.205483593019582821e-02
-1.837680000000000064e+03,1.207925431707786504e-02
-1.837160000000000082e+03,1.210367263792148929e-02
-1.836639999999999873e+03,1.212818661896352020e-02
-1.836119999999999891e+03,1.215273826100555198e-02
-1.835599999999999909e+03,1.217740479866917698e-02
-1.835080000000000155e+03,1.220209014071120882e-02
-1.834559999999999945e+03,1.222681374942324352e-02
-1.834039999999999964e+03,1.225159497026687139e-02
-1.833519999999999982e+03,1.227649045130889925e-02
-1.833000000000000000e+03,1.230140493819093309e-02
-1.832480000000000018e+03,1.232639575903455610e-02
-1.831960000000000036e+03,1.235144404007659270e-02
-1.831440000000000055e+03,1.237653002111862091e-02
-1.830920000000000073e+03,1.240171196176065131e-02
-1.830399999999999864e+03,1.242695062265427794e-02
-1.829880000000000109e+03,1.245226630369630945e-02
-1.829360000000000127e+03,1.247761965566834483e-02
-1.828839999999999918e+03,1.250304939771037550e-02
-1.828319999999999936e+03,1.252851731429400171e-02
-1.827799999999999955e+03,1.255409936626603225e-02
-1.827280000000000200e+03,1.257970095314806837e-02
-1.826759999999999764e+03,1.260535943419009708e-02
-1.826240000000000009e+03,1.263103739403372353e-02
-1.825720000000000027e+03,1.265684870274575748e-02
-1.825200000000000045e+03,1.268267954478778659e-02
-1.824679999999999836e+03,1.270866281998981988e-02
-1.824159999999999854e+03,1.273464597196185058e-02
-1.823640000000000100e+03,1.276072458854547731e-02
-1.823120000000000118e+03,1.278684146958750968e-02
-1.822599999999999909e+03,1.281301518962954175e-02
-1.822079999999999927e+03,1.283924664160157429e-02
-1.821559999999999945e+03,1.286553495031360524e-02
-1.821040000000000191e+03,1.289188103135563424e-02
-1.820519999999999982e+03,1.291832202026926661e-02
-1.820000000000000000e+03,1.294482037224129606e-02
-1.819480000000000018e+03,1.297137608095332538e-02
-1.818959999999999809e+03,1.299800825615536094e-02
-1.818440000000000055e+03,1.302471627619739176e-02
-1.817920000000000073e+03,1.305148208490942291e-02
-1.817400000000000091e+03,1.307830513688145770e-02
-1.816879999999999882e+03,1.310522325692348861e-02
-1.816359999999999900e+03,1.313219875979552281e-02
-1.815840000000000146e+03,1.315923194083755236e-02
-1.815320000000000164e+03,1.318632193180958520e-02
-1.814799999999999955e+03,1.321346914839321290e-02
-1.814279999999999973e+03,1.324065472359524376e-02
-1.813759999999999991e+03,1.326797347165727635e-02
-1.813240000000000236e+03,1.329531178036930626e-02
-1.812719999999999800e+03,1.332274519457133689e-02
-1.812200000000000045e+03,1.335019754654337074e-02
-1.811680000000000064e+03,1.337780329425540711e-02
-1.811160000000000082e+03,1.340540856945743493e-02
-1.810639999999999873e+03,1.343316661716946817e-02
-1.810119999999999891e+03,1.346094369821149682e-02
-1.809600000000000136e+03,1.348879731241353283e-02
-1.809079999999999927e+03,1.351668906012556265e-02
-1.808559999999999945e+03,1.354465673427759573e-02
-1.808039999999999964e+03,1.357266267411803319e-02
-1.807519999999999982e+03,1.360080269416006661e-02
-1.807000000000000000e+03,1.362898050836209608e-02
-1.806480000000000018e+03,1.365725371707413038e-02
-1.805960000000000036e+03,1.368558433127615992e-02
-1.805440000000000055e+03,1.371397220700819493e-02
-1.804919999999999845e+03,1.374243652121022799e-02
-1.804400000000000091e+03,1.377097663985226220e-02
-1.803880000000000109e+03,1.379961231505428751e-02
-1.803360000000000127e+03,1.382832436276632340e-02
-1.802839999999999918e+03,1.385709427696835486e-02
-1.802319999999999936e+03,1.388588291131878823e-02
-1.801800000000000182e+03,1.391480505903082247e-02
-1.801279999999999745e+03,1.394376547323285774e-02
-1.800759999999999991e+03,1.397282082094489231e-02
-1.800240000000000009e+03,1.400187673514692241e-02
-1.799720000000000027e+03,1.403108550503895033e-02
-1.799199999999999818e+03,1.406031281720939059e-02
-1.798679999999999836e+03,1.408969299808142395e-02
-1.798160000000000082e+03,1.411907313995345789e-02
-1.797640000000000100e+03,1.414854868801549218e-02
-1.797119999999999891e+03,1.417806252988752444e-02
-1.796599999999999909e+03,1.420776693621795574e-02
-1.796079999999999927e+03,1.423747172292998998e-02
-1.795560000000000173e+03,1.426721476515202536e-02
-1.795039999999999964e+03,1.429701460702405627e-02
-1.794519999999999982e+03,1.432696778428449447e-02
-1.794000000000000000e+03,1.435697776515652661e-02
-1.793480000000000018e+03,1.438708314088855793e-02
-1.792960000000000036e+03,1.441724592316059352e-02
-1.792440000000000055e+03,1.444744695716102846e-02
-1.791920000000000073e+03,1.447774289938306286e-02
-1.791399999999999864e+03,1.450811528025509195e-02
-1.790879999999999882e+03,1.453858368658552530e-02
-1.790360000000000127e+03,1.456910877329756389e-02
-1.789840000000000146e+03,1.459974904318959467e-02
-1.789319999999999936e+03,1.463042708852003472e-02
-1.788799999999999955e+03,1.466120056939206745e-02
-1.788279999999999973e+03,1.469199263928409709e-02
-1.787760000000000218e+03,1.472289988461453376e-02
-1.787239999999999782e+03,1.475384479350656981e-02
-1.786720000000000027e+03,1.478498122750700368e-02
-1.786200000000000045e+03,1.481613618070903513e-02
-1.785680000000000064e+03,1.484740578960107131e-02
-1.785159999999999854e+03,1.487867546260150664e-02
-1.784639999999999873e+03,1.491007817680354251e-02
-1.784120000000000118e+03,1.494151977782398437e-02
-1.783600000000000136e+03,1.497309495869601423e-02
-1.783079999999999927e+03,1.500470796111645286e-02
-1.782559999999999945e+03,1.503643594198848278e-02
-1.782039999999999964e+03,1.506820162286051992e-02
-1.781519999999999982e+03,1.510008211804095626e-02
-1.781000000000000000e+03,1.513203877124298137e-02
-1.780480000000000018e+03,1.516407197226342374e-02
-1.779960000000000036e+03,1.519618145313545755e-02
-1.779439999999999827e+03,1.522838649846589704e-02
-1.778920000000000073e+03,1.526064833642792537e-02
-1.778400000000000091e+03,1.529294850358836784e-02
-1.777880000000000109e+03,1.532538221248039984e-02
-1.777359999999999900e+03,1.535789288548083942e-02
-1.776839999999999918e+03,1.539049859783127652e-02
-1.776320000000000164e+03,1.542318017286330514e-02
-1.775800000000000182e+03,1.545595780295374276e-02
-1.775279999999999973e+03,1.548879208382577394e-02
-1.774759999999999991e+03,1.552174159617621813e-02
-1.774240000000000009e+03,1.555472877120824861e-02
-1.773720000000000255e+03,1.558790697222869198e-02
-1.773199999999999818e+03,1.562110431329912473e-02
-1.772680000000000064e+03,1.565439711635115833e-02
-1.772160000000000082e+03,1.568768992835159817e-02
-1.771639999999999873e+03,1.572115469586203573e-02
-1.771119999999999891e+03,1.575463841573406312e-02
-1.770599999999999909e+03,1.578829364582450337e-02
-1.770080000000000155e+03,1.582198715198494116e-02
-1.769559999999999945e+03,1.585581416087697773e-02
-1.769039999999999964e+03,1.588968006703741706e-02
-1.768519999999999982e+03,1.592365949712785250e-02
-1.768000000000000000e+03,1.595767763917988261e-02
-1.767480000000000018e+03,1.599181032351032136e-02
-1.766960000000000036e+03,1.602601905769076088e-02
-1.766440000000000055e+03,1.606030405976120040e-02
-1.765920000000000073e+03,1.609470420181322720e-02
-1.765399999999999864e+03,1.612919890797366931e-02
-1.764880000000000109e+03,1.616377044799410800e-02
-1.764360000000000127e+03,1.619836121124454756e-02
-1.763839999999999918e+03,1.623316179211658009e-02
-1.763319999999999936e+03,1.626801942629702014e-02
-1.762799999999999955e+03,1.630295346152745711e-02
-1.762280000000000200e+03,1.633792610154789771e-02
-1.761759999999999764e+03,1.637307023572833267e-02
-1.761240000000000009e+03,1.640825247883036936e-02
-1.760720000000000027e+03,1.644356841885080689e-02
-1.760200000000000045e+03,1.647890359203125002e-02
-1.759679999999999836e+03,1.651439102726168229e-02
-1.759159999999999854e+03,1.654989806144211914e-02
-1.758640000000000100e+03,1.658559559562255981e-02
-1.758120000000000118e+03,1.662131213669299640e-02
-1.757599999999999909e+03,1.665716287874503126e-02
-1.757079999999999927e+03,1.669307055192547143e-02
-1.756559999999999945e+03,1.672914961517590546e-02
-1.756040000000000191e+03,1.676524772133633837e-02
-1.755519999999999982e+03,1.680148012358678028e-02
-1.755000000000000000e+03,1.683775056360722194e-02
-1.754480000000000018e+03,1.687413516976766018e-02
-1.753959999999999809e+03,1.691061537201810072e-02
-1.753440000000000055e+03,1.694719100619853855e-02
-1.752920000000000073e+03,1.698386220844897571e-02
-1.752400000000000091e+03,1.702060924227941432e-02
-1.751879999999999882e+03,1.705749051545984996e-02
-1.751359999999999900e+03,1.709442911771028376e-02
-1.750840000000000146e+03,1.713153905189072554e-02
-1.750320000000000164e+03,1.716868722612116885e-02
-1.749799999999999955e+03,1.720596909930161011e-02
-1.749279999999999973e+03,1.724328916255204666e-02
-1.748759999999999991e+03,1.728074302989247857e-02
-1.748240000000000236e+03,1.731821545981292523e-02
-1.747719999999999800e+03,1.735589840497335848e-02
-1.747200000000000045e+03,1.739358086822379718e-02
-1.746680000000000064e+03,1.743147344140423549e-02
-1.746160000000000082e+03,1.746936610671308635e-02
-1.745639999999999873e+03,1.750743063663352111e-02
-1.745119999999999891e+03,1.754551380397396249e-02
-1.744600000000000136e+03,1.758376927820439611e-02
-1.744079999999999927e+03,1.762206298045483274e-02
-1.743559999999999945e+03,1.766054715363527677e-02
-1.743039999999999964e+03,1.769906967771571124e-02
-1.742519999999999982e+03,1.773774494302455401e-02
-1.742000000000000000e+03,1.777647744527499629e-02
-1.741480000000000018e+03,1.781532415161543939e-02
-1.740960000000000036e+03,1.785422858153587478e-02
-1.740440000000000055e+03,1.789320932669631603e-02
-1.739919999999999845e+03,1.793234261523515838e-02
-1.739400000000000091e+03,1.797159032741559373e-02
-1.738880000000000109e+03,1.801095265733603651e-02
-1.738360000000000127e+03,1.805035325374646990e-02
-1.737839999999999918e+03,1.808994485805531793e-02
-1.737319999999999936e+03,1.812961238213575688e-02
-1.736800000000000182e+03,1.816939489431619592e-02
-1.736279999999999745e+03,1.820923488285504030e-02
-1.735759999999999991e+03,1.824918885177547606e-02
-1.735240000000000009e+03,1.828916191911591355e-02
-1.734720000000000027e+03,1.832940245249475852e-02
-1.734199999999999818e+03,1.836964294750519783e-02
-1.733679999999999836e+03,1.841009308291563853e-02
-1.733160000000000082e+03,1.845056284396448185e-02
-1.732640000000000100e+03,1.849116575030492274e-02
-1.732119999999999891e+03,1.853182585255536141e-02
-1.731599999999999909e+03,1.857269630776420266e-02
-1.731079999999999927e+03,1.861360481410464021e-02
-1.730560000000000173e+03,1.865462797515348575e-02
-1.730039999999999964e+03,1.869572751056392673e-02
-1.729519999999999982e+03,1.873696030903277202e-02
-1.729000000000000000e+03,1.877828853311321045e-02
-1.728480000000000018e+03,1.881978857436365088e-02
-1.727960000000000036e+03,1.886136520050249454e-02
-1.727440000000000055e+03,1.890301817491292849e-02
-1.726920000000000073e+03,1.894482403012177213e-02
-1.726399999999999864e+03,1.898672476553221744e-02
-1.725879999999999882e+03,1.902874062553106330e-02
-1.725360000000000127e+03,1.907081326094150001e-02
-1.724840000000000146e+03,1.911307701615034757e-02
-1.724319999999999936e+03,1.915539808268918939e-02
-1.723799999999999955e+03,1.919791001669962985e-02
-1.723279999999999973e+03,1.924044114423847235e-02
-1.722760000000000218e+03,1.928312450731890781e-02
-1.722239999999999782e+03,1.932582757385776021e-02
-1.721720000000000027e+03,1.936875923588819715e-02
-1.721200000000000045e+03,1.941172920242703950e-02
-1.720680000000000064e+03,1.945494695763588452e-02
-1.720159999999999854e+03,1.949818425971632310e-02
-1.719639999999999873e+03,1.954155528725516622e-02
-1.719120000000000118e+03,1.958498368041401011e-02
-1.718600000000000136e+03,1.962862155482444915e-02
-1.718079999999999927e+03,1.967231690419329534e-02
-1.717559999999999945e+03,1.971616499840214351e-02
-1.717039999999999964e+03,1.976008937281258440e-02
-1.716519999999999982e+03,1.980412845604142408e-02
-1.716000000000000000e+03,1.984830072118027103e-02
-1.715480000000000018e+03,1.989260718771911768e-02
-1.714960000000000036e+03,1.993702778395955305e-02
-1.714439999999999827e+03,1.998156300618839781e-02
-1.713920000000000073e+03,2.002621277272724140e-02
-1.713400000000000091e+03,2.007096106109609174e-02
-1.712880000000000109e+03,2.011585906317652980e-02
-1.712359999999999900e+03,2.016087175773537132e-02
-1.711839999999999918e+03,2.020601774610421980e-02
-1.711320000000000164e+03,2.025122091124306051e-02
-1.710800000000000182e+03,2.029657690580190937e-02
-1.710279999999999973e+03,2.034200939417074930e-02
-1.709759999999999991e+03,2.038765183525119082e-02
-1.709240000000000009e+03,2.043331305164004102e-02
-1.708720000000000255e+03,2.047924204584888538e-02
-1.708199999999999818e+03,2.052518974554772696e-02
-1.707680000000000064e+03,2.057132836777656945e-02
-1.707160000000000082e+03,2.061750525614541169e-02
-1.706639999999999873e+03,2.066391128935426286e-02
-1.706119999999999891e+03,2.071035507807310327e-02
-1.705599999999999909e+03,2.075697130544195204e-02
-1.705080000000000155e+03,2.080366382767079650e-02
-1.704559999999999945e+03,2.085052785503963696e-02
-1.704039999999999964e+03,2.089748741042848565e-02
-1.703519999999999982e+03,2.094456090463733128e-02
-1.703000000000000000e+03,2.099176873200617188e-02
-1.702480000000000018e+03,2.103911025972502249e-02
-1.701960000000000036e+03,2.108658489293386423e-02
-1.701440000000000055e+03,2.113419380932270858e-02
-1.700920000000000073e+03,2.118195503669155835e-02
-1.700399999999999864e+03,2.122981179208039901e-02
-1.699880000000000109e+03,2.127782081944924741e-02
-1.699360000000000127e+03,2.132590668067808545e-02
-1.698839999999999918e+03,2.137416453711693531e-02
-1.698319999999999936e+03,2.142251748463418551e-02
-1.697799999999999955e+03,2.147106131200302720e-02
-1.697280000000000200e+03,2.151966246739187710e-02
-1.696759999999999764e+03,2.156843549476072583e-02
-1.696240000000000009e+03,2.161724628914956509e-02
-1.695720000000000027e+03,2.166636311651841049e-02
-1.695200000000000045e+03,2.171549866403565954e-02
-1.694679999999999836e+03,2.176482563040450444e-02
-1.694159999999999854e+03,2.181419031486335480e-02
-1.693640000000000100e+03,2.186378417025219845e-02
-1.693120000000000118e+03,2.191343483662104574e-02
-1.692599999999999909e+03,2.196333438413829858e-02
-1.692079999999999927e+03,2.201330975050713734e-02
-1.691559999999999945e+03,2.206341940005597871e-02
-1.691040000000000191e+03,2.211362411564323643e-02
-1.690519999999999982e+03,2.216400054301207942e-02
-1.690000000000000000e+03,2.221449163740092311e-02
-1.689480000000000018e+03,2.226513509589817322e-02
-1.688959999999999809e+03,2.231593191351702657e-02
-1.688440000000000055e+03,2.236688036890586290e-02
-1.687920000000000073e+03,2.241794405507311488e-02
-1.687400000000000091e+03,2.246910324362196357e-02
-1.686879999999999882e+03,2.252047243801080442e-02
-1.686359999999999900e+03,2.257195635359805427e-02
-1.685840000000000146e+03,2.262357391412690363e-02
-1.685320000000000164e+03,2.267526740064415222e-02
-1.684799999999999955e+03,2.272719014593299267e-02
-1.684279999999999973e+03,2.277918920443024881e-02
-1.683759999999999991e+03,2.283141749297909473e-02
-1.683240000000000236e+03,2.288368401849634470e-02
-1.682719999999999800e+03,2.293623653611519611e-02
-1.682200000000000045e+03,2.298880812228244405e-02
-1.681680000000000064e+03,2.304158981083128874e-02
-1.681160000000000082e+03,2.309440976541853735e-02
-1.680639999999999873e+03,2.314749705396738563e-02
-1.680119999999999891e+03,2.320066090131463546e-02
-1.679600000000000136e+03,2.325407229675348006e-02
-1.679079999999999927e+03,2.330752211643072683e-02
-1.678559999999999945e+03,2.336114435384798599e-02
-1.678039999999999964e+03,2.341488048723682977e-02
-1.677519999999999982e+03,2.346880776791407733e-02
-1.677000000000000000e+03,2.352286825220292754e-02
-1.676480000000000018e+03,2.357710064386017712e-02
-1.675960000000000036e+03,2.363148639260742589e-02
-1.675440000000000055e+03,2.368598610679467642e-02
-1.674919999999999845e+03,2.374063863434352703e-02
-1.674400000000000091e+03,2.379540588309077276e-02
-1.673880000000000109e+03,2.385038273043802587e-02
-1.673360000000000127e+03,2.390545548705687653e-02
-1.672839999999999918e+03,2.396077613440412285e-02
-1.672319999999999936e+03,2.401615408315137604e-02
-1.671800000000000182e+03,2.407176120282861903e-02
-1.671279999999999745e+03,2.412742559809746834e-02
-1.670759999999999991e+03,2.418335741777472014e-02
-1.670240000000000009e+03,2.423932699419197381e-02
-1.669720000000000027e+03,2.429558301386922428e-02
-1.669199999999999818e+03,2.435187732928647403e-02
-1.668679999999999836e+03,2.440841994312372906e-02
-1.668160000000000082e+03,2.446500071954097952e-02
-1.667640000000000100e+03,2.452186788608982579e-02
-1.667119999999999891e+03,2.457877286250707144e-02
-1.666599999999999909e+03,2.463594522118432717e-02
-1.666079999999999927e+03,2.469319465878157954e-02
-1.665560000000000173e+03,2.475061483519883088e-02
-1.665039999999999964e+03,2.480815009387607808e-02
-1.664519999999999982e+03,2.486589560345333488e-02
-1.664000000000000000e+03,2.492379322313058310e-02
-1.663480000000000018e+03,2.498192013854783067e-02
-1.662960000000000036e+03,2.504016172045508623e-02
-1.662440000000000055e+03,2.509851780680233749e-02
-1.661920000000000073e+03,2.515708411637958622e-02
-1.661399999999999864e+03,2.521576487505684111e-02
-1.660879999999999882e+03,2.527465538463408851e-02
-1.660360000000000127e+03,2.533366042807133969e-02
-1.659840000000000146e+03,2.539287558090859084e-02
-1.659319999999999936e+03,2.545218578845424851e-02
-1.658799999999999955e+03,2.551180213703150082e-02
-1.658279999999999973e+03,2.557147521753874719e-02
-1.657760000000000218e+03,2.563139700528599754e-02
-1.657239999999999782e+03,2.569131848188325323e-02
-1.656720000000000027e+03,2.575156459146050320e-02
-1.656200000000000045e+03,2.581182933642616611e-02
-1.655680000000000064e+03,2.587245739084340773e-02
-1.655159999999999854e+03,2.593310416744066746e-02
-1.654639999999999873e+03,2.599403737701791797e-02
-1.654120000000000118e+03,2.605502848865357338e-02
-1.653600000000000136e+03,2.611628637056082405e-02
-1.653079999999999927e+03,2.617762074715808060e-02
-1.652559999999999945e+03,2.623916460157532660e-02
-1.652039999999999964e+03,2.630086141321098109e-02
-1.651519999999999982e+03,2.636278738980823988e-02
-1.651000000000000000e+03,2.642484703838549054e-02
-1.650480000000000018e+03,2.648707867909113126e-02
-1.649960000000000036e+03,2.654950122801840937e-02
-1.649439999999999827e+03,2.661211436872405744e-02
-1.648920000000000073e+03,2.667489938239130109e-02
-1.648400000000000091e+03,2.673781805898855710e-02
-1.647880000000000109e+03,2.680092779969421579e-02
-1.647359999999999900e+03,2.686417118727146489e-02
-1.646839999999999918e+03,2.692766245599713740e-02
-1.646320000000000164e+03,2.699126870457437682e-02
-1.645800000000000182e+03,2.705510390646002905e-02
-1.645279999999999973e+03,2.711901475503728301e-02
-1.644759999999999991e+03,2.718330826276293966e-02
-1.644240000000000009e+03,2.724763987643019636e-02
-1.643720000000000255e+03,2.731221938415585512e-02
-1.643199999999999818e+03,2.737681837173309291e-02
-1.642680000000000064e+03,2.744183720659875564e-02
-1.642160000000000082e+03,2.750687511432442500e-02
-1.641639999999999873e+03,2.757219899606165939e-02
-1.641119999999999891e+03,2.763758070378732543e-02
-1.640599999999999909e+03,2.770326760567297722e-02
-1.640080000000000155e+03,2.776904982092023508e-02
-1.639559999999999945e+03,2.783504232280588353e-02
-1.639039999999999964e+03,2.790120669667154468e-02
-1.638519999999999982e+03,2.796761871226880608e-02
-1.638000000000000000e+03,2.803416508613446392e-02
-1.637480000000000018e+03,2.810090189386012238e-02
-1.636960000000000036e+03,2.816784889574577150e-02
-1.636440000000000055e+03,2.823498687322303219e-02
-1.635920000000000073e+03,2.830233497510867974e-02
-1.635399999999999864e+03,2.836979714897433849e-02
-1.634880000000000109e+03,2.843748849569999529e-02
-1.634360000000000127e+03,2.850533272525565195e-02
-1.633839999999999918e+03,2.857346334599291868e-02
-1.633319999999999936e+03,2.864170868687856628e-02
-1.632799999999999955e+03,2.871022088876422351e-02
-1.632280000000000200e+03,2.877877182929988037e-02
-1.631759999999999764e+03,2.884770429925554228e-02
-1.631240000000000009e+03,2.891669404014120259e-02
-1.630720000000000027e+03,2.898602760869686129e-02
-1.630200000000000045e+03,2.905537968256251616e-02
-1.629679999999999836e+03,2.912509476244817472e-02
-1.629159999999999854e+03,2.919484856007383694e-02
-1.628640000000000100e+03,2.926492650095948930e-02
-1.628120000000000118e+03,2.933508090798514489e-02
-1.627599999999999909e+03,2.940557857654079593e-02
-1.627079999999999927e+03,2.947617221742645371e-02
-1.626559999999999945e+03,2.954703285405212154e-02
-1.626040000000000191e+03,2.961804628909777554e-02
-1.625519999999999982e+03,2.968932702963343259e-02
-1.625000000000000000e+03,2.976076013858909228e-02
-1.624480000000000018e+03,2.983240396576316428e-02
-1.623959999999999809e+03,2.990423817331881728e-02
-1.623440000000000055e+03,2.997624434736447310e-02
-1.622920000000000073e+03,3.004849874499012849e-02
-1.622400000000000091e+03,3.012092514670578272e-02
-1.621879999999999882e+03,3.019361841871985933e-02
-1.621359999999999900e+03,3.026646454950551388e-02
-1.620840000000000146e+03,3.033959702939116598e-02
-1.620320000000000164e+03,3.041280603110682254e-02
-1.619799999999999955e+03,3.048635892635088995e-02
-1.619279999999999973e+03,3.055998800588655487e-02
-1.618759999999999991e+03,3.063397963667220669e-02
-1.618240000000000236e+03,3.070802860284626429e-02
-1.617719999999999800e+03,3.078244043363193364e-02
-1.617200000000000045e+03,3.085687140236757428e-02
-1.616680000000000064e+03,3.093176017438165060e-02
-1.616160000000000082e+03,3.100668720516730481e-02
-1.615639999999999873e+03,3.108193953801136403e-02
-1.615119999999999891e+03,3.115726764112702538e-02
-1.614600000000000136e+03,3.123293917397108876e-02
-1.614079999999999927e+03,3.130872574375675316e-02
-1.613559999999999945e+03,3.138481743760081905e-02
-1.613039999999999964e+03,3.146104277971647351e-02
-1.612519999999999982e+03,3.153755471256053378e-02
-1.612000000000000000e+03,3.161425758234619188e-02
-1.611480000000000018e+03,3.169122803737025457e-02
-1.610960000000000036e+03,3.176838880715592006e-02
-1.610440000000000055e+03,3.184574064139997912e-02
-1.609919999999999845e+03,3.192334077424404531e-02
-1.609400000000000091e+03,3.200115103818969992e-02
-1.608880000000000109e+03,3.207920909905376261e-02
-1.608360000000000127e+03,3.215738176096782225e-02
-1.607839999999999918e+03,3.223595606391350260e-02
-1.607319999999999936e+03,3.231464439675756084e-02
-1.606800000000000182e+03,3.239365749767161157e-02
-1.606279999999999745e+03,3.247270835269568806e-02
-1.605759999999999991e+03,3.255219883381133689e-02
-1.605240000000000009e+03,3.263172718988539833e-02
-1.604720000000000027e+03,3.271167578390946767e-02
-1.604199999999999818e+03,3.279166198482353495e-02
-1.603679999999999836e+03,3.287206897989759791e-02
-1.603160000000000082e+03,3.295255171670324890e-02
-1.602640000000000100e+03,3.303339747137731819e-02
-1.602119999999999891e+03,3.311433876645138163e-02
-1.601599999999999909e+03,3.319564252854544095e-02
-1.601079999999999927e+03,3.327708032945950883e-02
-1.600560000000000173e+03,3.335886152348357253e-02
-1.600039999999999964e+03,3.344079601855762945e-02
-1.599519999999999982e+03,3.352299691363169049e-02
-1.599000000000000000e+03,3.360540847572576761e-02
-1.598480000000000018e+03,3.368806777079982884e-02
-1.597960000000000036e+03,3.377099503149389587e-02
-1.597440000000000055e+03,3.385413182656796249e-02
-1.596920000000000073e+03,3.393755518866202470e-02
-1.596399999999999864e+03,3.402117188373608714e-02
-1.595879999999999882e+03,3.410511094583015129e-02
-1.595360000000000127e+03,3.418918329970262876e-02
-1.594840000000000146e+03,3.427361855595668222e-02
-1.594319999999999936e+03,3.435816778898074381e-02
-1.593799999999999955e+03,3.444306132305482299e-02
-1.593279999999999973e+03,3.452803081281887593e-02
-1.592760000000000218e+03,3.461347793318136218e-02
-1.592239999999999782e+03,3.469896309527541189e-02
-1.591720000000000027e+03,3.478490677919948704e-02
-1.591200000000000045e+03,3.487090765227354727e-02
-1.590680000000000064e+03,3.495738563416601885e-02
-1.590159999999999854e+03,3.504394002942007313e-02
-1.589639999999999873e+03,3.513083815765414425e-02
-1.589120000000000118e+03,3.521785097854661373e-02
-1.588600000000000136e+03,3.530526433480067616e-02
-1.588079999999999927e+03,3.539283052767314836e-02
-1.587559999999999945e+03,3.548072192292721361e-02
-1.587039999999999964e+03,3.556882294585127224e-02
-1.586519999999999982e+03,3.565722912330374778e-02
-1.586000000000000000e+03,3.574586432404781161e-02
-1.585480000000000018e+03,3.583474851143028661e-02
-1.584960000000000036e+03,3.592389957335435230e-02
-1.584439999999999827e+03,3.601331806073681391e-02
-1.583920000000000073e+03,3.610304167578928802e-02
-1.583400000000000091e+03,3.619297524302333979e-02
-1.582880000000000109e+03,3.628321459707581353e-02
-1.582359999999999900e+03,3.637362574906988222e-02
-1.581839999999999918e+03,3.646441893645235161e-02
-1.581320000000000164e+03,3.655534539050482590e-02
-1.580800000000000182e+03,3.664665375242889128e-02
-1.580279999999999973e+03,3.673805763981136813e-02
-1.579759999999999991e+03,3.682997741709383155e-02
-1.579240000000000009e+03,3.692195437114630108e-02
-1.578720000000000255e+03,3.701438910540036376e-02
-1.578199999999999818e+03,3.710686225361283647e-02
-1.577680000000000064e+03,3.719987013673531351e-02
-1.577160000000000082e+03,3.729295439078778029e-02
-1.576639999999999873e+03,3.738643933900024502e-02
-1.576119999999999891e+03,3.748005830232431501e-02
-1.575599999999999909e+03,3.757411628953678112e-02
-1.575080000000000155e+03,3.766832694358925732e-02
-1.574559999999999945e+03,3.776290015987172205e-02
-1.574039999999999964e+03,3.785768340808419452e-02
-1.573519999999999982e+03,3.795279180113667050e-02
-1.573000000000000000e+03,3.804814807841913615e-02
-1.572480000000000018e+03,3.814382906563160147e-02
-1.571960000000000036e+03,3.823979610993407524e-02
-1.571440000000000055e+03,3.833599217531655223e-02
-1.570920000000000073e+03,3.843251309159902152e-02
-1.570399999999999864e+03,3.852924407881149621e-02
-1.569880000000000109e+03,3.862635709509396054e-02
-1.569360000000000127e+03,3.872366070245484432e-02
-1.568839999999999918e+03,3.882134624640731085e-02
-1.568319999999999936e+03,3.891918457261978742e-02
-1.567799999999999955e+03,3.901748078890225624e-02
-1.567280000000000200e+03,3.911587300413472273e-02
-1.566759999999999764e+03,3.921479974570558913e-02
-1.566240000000000009e+03,3.931376497191808178e-02
-1.565720000000000027e+03,3.941332131622053703e-02
-1.565200000000000045e+03,3.951289733456141845e-02
-1.564679999999999836e+03,3.961296948400389040e-02
-1.564159999999999854e+03,3.971313759497636237e-02
-1.563640000000000100e+03,3.981382091331724105e-02
-1.563120000000000118e+03,3.991463746275970143e-02
-1.562599999999999909e+03,4.001585504606217092e-02
-1.562079999999999927e+03,4.011726378623304418e-02
-1.561559999999999945e+03,4.021911216953553275e-02
-1.561040000000000191e+03,4.032115125010639345e-02
-1.560519999999999982e+03,4.042353352616886997e-02
-1.560000000000000000e+03,4.052618321257975276e-02
-1.559480000000000018e+03,4.062917669004222077e-02
-1.558959999999999809e+03,4.073247586921310143e-02
-1.558440000000000055e+03,4.083604247780397295e-02
-1.557920000000000073e+03,4.094000952724644038e-02
-1.557400000000000091e+03,4.104420596350731587e-02
-1.556879999999999882e+03,4.114878384407820444e-02
-1.556359999999999900e+03,4.125357225914066950e-02
-1.555840000000000146e+03,4.135878096773154544e-02
-1.555320000000000164e+03,4.146412291497242331e-02
-1.554799999999999955e+03,4.156999953143488552e-02
-1.554279999999999973e+03,4.167597176769577416e-02
-1.553759999999999991e+03,4.178247824826663431e-02
-1.553240000000000236e+03,4.188902302352751766e-02
-1.552719999999999800e+03,4.199625546527838843e-02
-1.552200000000000045e+03,4.210352594444927848e-02
-1.551680000000000064e+03,4.221133122758174983e-02
-1.551160000000000082e+03,4.231923166933261593e-02
-1.550639999999999873e+03,4.242764774459349686e-02
-1.550119999999999891e+03,4.253623581401437537e-02
-1.549600000000000136e+03,4.264528213358525360e-02
-1.549079999999999927e+03,4.275453820300612745e-02
-1.548559999999999945e+03,4.286421437826700570e-02
-1.548039999999999964e+03,4.297413894768788850e-02
-1.547519999999999982e+03,4.308444552843876396e-02
-1.547000000000000000e+03,4.319505719582805020e-02
-1.546480000000000018e+03,4.330599363331892604e-02
-1.545960000000000036e+03,4.341727377471980148e-02
-1.545440000000000055e+03,4.352884048314067250e-02
-1.544919999999999845e+03,4.364082686389154919e-02
-1.544400000000000091e+03,4.375306157231243637e-02
-1.543880000000000109e+03,4.386573567286170677e-02
-1.543360000000000127e+03,4.397861978128259769e-02
-1.542839999999999918e+03,4.409200051877347482e-02
-1.542319999999999936e+03,4.420555221932275652e-02
-1.541800000000000182e+03,4.431963912774362219e-02
-1.541279999999999745e+03,4.443382165834450920e-02
-1.540759999999999991e+03,4.454863449789379232e-02
-1.540240000000000009e+03,4.466348493538467579e-02
-1.539720000000000027e+03,4.477902307696553924e-02
-1.539199999999999818e+03,4.489461851651482815e-02
-1.538679999999999836e+03,4.501076779300570291e-02
-1.538160000000000082e+03,4.512705038771498006e-02
-1.537640000000000100e+03,4.524394415731586294e-02
-1.537119999999999891e+03,4.536099075360514737e-02
-1.536599999999999909e+03,4.547851442631442587e-02
-1.536079999999999927e+03,4.559626757373531208e-02
-1.535560000000000173e+03,4.571451703651459308e-02
-1.535039999999999964e+03,4.583301479824387209e-02
-1.534519999999999982e+03,4.595189400649474926e-02
-1.534000000000000000e+03,4.607111760827403008e-02
-1.533480000000000018e+03,4.619072217000332742e-02
-1.532960000000000036e+03,4.631070920732419799e-02
-1.532440000000000055e+03,4.643100188003348311e-02
-1.531920000000000073e+03,4.655171430983276459e-02
-1.531399999999999864e+03,4.667269461021205518e-02
-1.530879999999999882e+03,4.679417054001132337e-02
-1.530360000000000127e+03,4.691587611272061281e-02
-1.529840000000000146e+03,4.703815424216989394e-02
-1.529319999999999936e+03,4.716058517400078393e-02
-1.528799999999999955e+03,4.728358911338006315e-02
-1.528279999999999973e+03,4.740670764317934938e-02
-1.527760000000000218e+03,4.753049427671862670e-02
-1.527239999999999782e+03,4.765435724551790597e-02
-1.526720000000000027e+03,4.777892708927559268e-02
-1.526200000000000045e+03,4.790357260098487835e-02
-1.525680000000000064e+03,4.802886819161415743e-02
-1.525159999999999854e+03,4.815429695422344947e-02
-1.524639999999999873e+03,4.828027912711273933e-02
-1.524120000000000118e+03,4.840645272358200940e-02
-1.523600000000000136e+03,4.853323758619130374e-02
-1.523079999999999927e+03,4.866023218027899083e-02
-1.522559999999999945e+03,4.878774234183827496e-02
-1.522039999999999964e+03,4.891553854344755231e-02
-1.521519999999999982e+03,4.904377412620523208e-02
-1.521000000000000000e+03,4.917237252816453186e-02
-1.520480000000000018e+03,4.930139115779381964e-02
-1.519960000000000036e+03,4.943081097955148717e-02
-1.519439999999999827e+03,4.956055494625079272e-02
-1.518920000000000073e+03,4.969079556800847647e-02
-1.518400000000000091e+03,4.982134123663775616e-02
-1.517880000000000109e+03,4.995240562488544728e-02
-1.517359999999999900e+03,5.008367759351473048e-02
-1.516839999999999918e+03,5.021557950943241616e-02
-1.516320000000000164e+03,5.034769137806170691e-02
-1.515800000000000182e+03,5.048041413297939262e-02
-1.515279999999999973e+03,5.061325135473708492e-02
-1.514759999999999991e+03,5.074677621752637230e-02
-1.514240000000000009e+03,5.088033937244405835e-02
-1.513720000000000255e+03,5.101474249403174788e-02
-1.513199999999999818e+03,5.114922235478944895e-02
-1.512680000000000064e+03,5.128446521757871329e-02
-1.512160000000000082e+03,5.141982281149639483e-02
-1.511639999999999873e+03,5.155579206641410644e-02
-1.511119999999999891e+03,5.169197098940177260e-02
-1.510599999999999909e+03,5.182876120514947477e-02
-1.510080000000000155e+03,5.196581866006717149e-02
-1.509559999999999945e+03,5.210341045398485249e-02
-1.509039999999999964e+03,5.224130787592255049e-02
-1.508519999999999982e+03,5.237968292074023091e-02
-1.508000000000000000e+03,5.251847755365791903e-02
-1.507480000000000018e+03,5.265774964757560794e-02
-1.506960000000000036e+03,5.279744209134331484e-02
-1.506440000000000055e+03,5.293747775333098454e-02
-1.505920000000000073e+03,5.307802970807867782e-02
-1.505399999999999864e+03,5.321884852417636119e-02
-1.504880000000000109e+03,5.336031680596246135e-02
-1.504360000000000127e+03,5.350203333304014847e-02
-1.503839999999999918e+03,5.364439881580784775e-02
-1.503319999999999936e+03,5.378695527195553883e-02
-1.502799999999999955e+03,5.393023768585163830e-02
-1.502280000000000200e+03,5.407361544199932452e-02
-1.501759999999999764e+03,5.421779501689543562e-02
-1.501240000000000009e+03,5.436203183971311664e-02
-1.500720000000000027e+03,5.450714723381078902e-02
-1.500200000000000045e+03,5.465233860975690638e-02
-1.499679999999999836e+03,5.479829402568458380e-02
-1.499159999999999854e+03,5.494438311296068189e-02
-1.498640000000000100e+03,5.509117833472836068e-02
-1.498120000000000118e+03,5.523818391085447144e-02
-1.497599999999999909e+03,5.538585779673058096e-02
-1.497079999999999927e+03,5.553381824172824721e-02
-1.496559999999999945e+03,5.568238989602434380e-02
-1.496040000000000191e+03,5.583130491506045623e-02
-1.495519999999999982e+03,5.598075475218653591e-02
-1.495000000000000000e+03,5.613064374202423462e-02
-1.494480000000000018e+03,5.628097168908034048e-02
-1.493959999999999809e+03,5.643181583718643451e-02
-1.493440000000000055e+03,5.658304101331252528e-02
-1.492920000000000073e+03,5.673483972843861023e-02
-1.492400000000000091e+03,5.688694347549472924e-02
-1.491879999999999882e+03,5.703973485162081025e-02
-1.491359999999999900e+03,5.719279376090689870e-02
-1.490840000000000146e+03,5.734655877603300755e-02
-1.490320000000000164e+03,5.750049571882910604e-02
-1.489799999999999955e+03,5.765525393395519449e-02
-1.489279999999999973e+03,5.781014591417128756e-02
-1.488759999999999991e+03,5.796587772929739230e-02
-1.488240000000000236e+03,5.812166693858347027e-02
-1.487719999999999800e+03,5.827839207553957984e-02
-1.487200000000000045e+03,5.843519362179407789e-02
-1.486680000000000064e+03,5.859285417008017194e-02
-1.486160000000000082e+03,5.875066750703629437e-02
-1.485639999999999873e+03,5.890926345532236652e-02
-1.485119999999999891e+03,5.906810822924686566e-02
-1.484600000000000136e+03,5.922764007753296422e-02
-1.484079999999999927e+03,5.938749674596749406e-02
-1.483559999999999945e+03,5.954796418415356923e-02
-1.483039999999999964e+03,5.970885172456807943e-02
-1.482519999999999982e+03,5.987033133952417152e-02
-1.482000000000000000e+03,6.003224983562865935e-02
-1.481480000000000018e+03,6.019466541707475804e-02
-1.480960000000000036e+03,6.035759622415927395e-02
-1.480440000000000055e+03,6.052096636066377211e-02
-1.479919999999999845e+03,6.068498536977984942e-02
-1.479400000000000091e+03,6.084938649904437363e-02
-1.478880000000000109e+03,6.101445601745888320e-02
-1.478360000000000127e+03,6.117979307579337472e-02
-1.477839999999999918e+03,6.134591262390946126e-02
-1.477319999999999936e+03,6.151224289217398222e-02
-1.476800000000000182e+03,6.167948932832847259e-02
-1.476279999999999745e+03,6.184686906892299108e-02
-1.475759999999999991e+03,6.201512753239750431e-02
-1.475240000000000009e+03,6.218348093966199336e-02
-1.474720000000000027e+03,6.235284710792649010e-02
-1.474199999999999818e+03,6.252230827724097884e-02
-1.473679999999999836e+03,6.269266718450550169e-02
-1.473160000000000082e+03,6.286319811499999077e-02
-1.472640000000000100e+03,6.303460749424451282e-02
-1.472119999999999891e+03,6.320626482473899743e-02
-1.471599999999999909e+03,6.337872385320190982e-02
-1.471079999999999927e+03,6.355148898229641408e-02
-1.470560000000000173e+03,6.372494109061091483e-02
-1.470039999999999964e+03,6.389883272316382312e-02
-1.469519999999999982e+03,6.407337315365832509e-02
-1.469000000000000000e+03,6.424841072315283508e-02
-1.468480000000000018e+03,6.442400178337573391e-02
-1.467960000000000036e+03,6.460014665287022728e-02
-1.467440000000000055e+03,6.477671131449315445e-02
-1.466920000000000073e+03,6.495400171165766068e-02
-1.466399999999999864e+03,6.513167414421054680e-02
-1.465879999999999882e+03,6.531012974686506434e-02
-1.465360000000000127e+03,6.548890953615799093e-02
-1.464840000000000146e+03,6.566851073094090441e-02
-1.464319999999999936e+03,6.584832136710538908e-02
-1.463799999999999955e+03,6.602908766188828049e-02
-1.463279999999999973e+03,6.621000618913121250e-02
-1.462760000000000218e+03,6.639195571158411358e-02
-1.462239999999999782e+03,6.657400061423861259e-02
-1.461720000000000027e+03,6.675711577569153066e-02
-1.461200000000000045e+03,6.694034503714445250e-02
-1.460680000000000064e+03,6.712454785994734219e-02
-1.460159999999999854e+03,6.730896082140026826e-02
-1.459639999999999873e+03,6.749433168285316753e-02
-1.459120000000000118e+03,6.767996710139607963e-02
-1.458600000000000136e+03,6.786636597417898542e-02
-1.458079999999999927e+03,6.805316614994030844e-02
-1.457559999999999945e+03,6.824076835039320776e-02
-1.457039999999999964e+03,6.842882843986611285e-02
-1.456519999999999982e+03,6.861753803447905031e-02
-1.456000000000000000e+03,6.880680158618193709e-02
-1.455480000000000018e+03,6.899663757876325909e-02
-1.454960000000000036e+03,6.918714214039616006e-02
-1.454439999999999827e+03,6.937814332713747312e-02
-1.453920000000000073e+03,6.956988887884038575e-02
-1.453400000000000091e+03,6.976203604047330475e-02
-1.452880000000000109e+03,6.995502316621460270e-02
-1.452359999999999900e+03,7.014831538458751736e-02
-1.451839999999999918e+03,7.034258173834881389e-02
-1.451320000000000164e+03,7.053707741534015474e-02
-1.450800000000000182e+03,7.073264194895306778e-02
-1.450279999999999973e+03,7.092834086938439031e-02
-1.449759999999999991e+03,7.112514718537568670e-02
-1.449240000000000009e+03,7.132202974116859384e-02
-1.448720000000000255e+03,7.152009609066992124e-02
-1.448199999999999818e+03,7.171827710666124622e-02
-1.447680000000000064e+03,7.191748956025253992e-02
-1.447160000000000082e+03,7.211693067624386222e-02
-1.446639999999999873e+03,7.231744139083519374e-02
-1.446119999999999891e+03,7.251825774582648654e-02
-1.445599999999999909e+03,7.271991402848780595e-02
-1.445080000000000155e+03,7.292201008207913060e-02
-1.444559999999999945e+03,7.312492643707042828e-02
-1.444039999999999964e+03,7.332834001389175460e-02
-1.443519999999999982e+03,7.353245969655305969e-02
-1.443000000000000000e+03,7.373722903252277749e-02
-1.442480000000000018e+03,7.394264699744410030e-02
-1.441960000000000036e+03,7.414875267426541960e-02
-1.441440000000000055e+03,7.435539328221514588e-02
-1.440920000000000073e+03,7.456283606505648143e-02
-1.440399999999999864e+03,7.477071758087777686e-02
-1.439880000000000109e+03,7.497949688882750430e-02
-1.439360000000000127e+03,7.518863857166881159e-02
-1.438839999999999918e+03,7.539883081861854797e-02
-1.438319999999999936e+03,7.560927176245986481e-02
-1.437799999999999955e+03,7.582081960940956211e-02
-1.437280000000000200e+03,7.603250177853929093e-02
-1.436759999999999764e+03,7.624550067236061934e-02
-1.436240000000000009e+03,7.645859576916033684e-02
-1.435720000000000027e+03,7.667285535511007832e-02
-1.435200000000000045e+03,7.688726839230979049e-02
-1.434679999999999836e+03,7.710288370043949513e-02
-1.434159999999999854e+03,7.731874780821920701e-02
-1.433640000000000100e+03,7.753568101634894516e-02
-1.433120000000000118e+03,7.775295752447868025e-02
-1.432599999999999909e+03,7.797124642834839248e-02
-1.432079999999999927e+03,7.818997454745810205e-02
-1.431559999999999945e+03,7.840956222225785310e-02
-1.431040000000000191e+03,7.862970339261757258e-02
-1.430519999999999982e+03,7.885058936741727587e-02
-1.430000000000000000e+03,7.907216306544699591e-02
-1.429480000000000018e+03,7.929442384370513630e-02
-1.428959999999999809e+03,7.951748684173484683e-02
-1.428440000000000055e+03,7.974114194969456060e-02
-1.427920000000000073e+03,7.996567525118269959e-02
-1.427400000000000091e+03,8.019064775914241938e-02
-1.426879999999999882e+03,8.041665132730055343e-02
-1.426359999999999900e+03,8.064301813526027207e-02
-1.425840000000000146e+03,8.087051103143838571e-02
-1.425320000000000164e+03,8.109825260746811315e-02
-1.424799999999999955e+03,8.132723534071624460e-02
-1.424279999999999973e+03,8.155639040887439906e-02
-1.423759999999999991e+03,8.178690069921250305e-02
-1.423240000000000236e+03,8.201752600840223062e-02
-1.422719999999999800e+03,8.224948774749034353e-02
-1.422200000000000045e+03,8.248164017682846350e-02
-1.421680000000000064e+03,8.271501497814660875e-02
-1.421160000000000082e+03,8.294867633515475014e-02
-1.420639999999999873e+03,8.318346457547289019e-02
-1.420119999999999891e+03,8.341867250481101170e-02
-1.419600000000000136e+03,8.365493106695913450e-02
-1.419079999999999927e+03,8.389170473529725114e-02
-1.418559999999999945e+03,8.412941446190379258e-02
-1.418039999999999964e+03,8.436773525791192718e-02
-1.417519999999999982e+03,8.460687692041005126e-02
-1.417000000000000000e+03,8.484674494957818169e-02
-1.416480000000000018e+03,8.508735728202469761e-02
-1.415960000000000036e+03,8.532882871119283619e-02
-1.415440000000000055e+03,8.557093056155938571e-02
-1.414919999999999845e+03,8.581400636305748508e-02
-1.414400000000000091e+03,8.605762011751404150e-02
-1.413880000000000109e+03,8.630229984668215393e-02
-1.413360000000000127e+03,8.654739943604869423e-02
-1.412839999999999918e+03,8.679368326283523616e-02
-1.412319999999999936e+03,8.704023483100334357e-02
-1.411800000000000182e+03,8.728817991452987590e-02
-1.411279999999999745e+03,8.753631600798643386e-02
-1.410759999999999991e+03,8.778584640144297679e-02
-1.410240000000000009e+03,8.803551048496947862e-02
-1.409720000000000027e+03,8.828666387842602770e-02
-1.409199999999999818e+03,8.853798923995258308e-02
-1.408679999999999836e+03,8.879067071816910961e-02
-1.408160000000000082e+03,8.904365725062564352e-02
-1.407640000000000100e+03,8.929788486731217445e-02
-1.407119999999999891e+03,8.955255222778869817e-02
-1.406599999999999909e+03,8.980836530327365730e-02
-1.406079999999999927e+03,9.006473219796018448e-02
-1.405560000000000173e+03,9.032209178166671071e-02
-1.405039999999999964e+03,9.058017726708164630e-02
-1.404519999999999982e+03,9.083916038978818996e-02
-1.404000000000000000e+03,9.109892620427315069e-02
-1.403480000000000018e+03,9.135943682697968138e-02
-1.402960000000000036e+03,9.162092166948462846e-02
-1.402440000000000055e+03,9.188311272500114535e-02
-1.401920000000000073e+03,9.214633514976609818e-02
-1.401399999999999864e+03,9.241007342543103298e-02
-1.400879999999999882e+03,9.267503360109596855e-02
-1.400360000000000127e+03,9.294039425458089365e-02
-1.399840000000000146e+03,9.320713017851744997e-02
-1.399319999999999936e+03,9.347417229318238929e-02
-1.398799999999999955e+03,9.374266550784733643e-02
-1.398279999999999973e+03,9.401133021667228140e-02
-1.397760000000000218e+03,9.428157963133720898e-02
-1.397239999999999782e+03,9.455194427713055350e-02
-1.396720000000000027e+03,9.482395101502549828e-02
-1.396200000000000045e+03,9.509614879052044611e-02
-1.395680000000000064e+03,9.536977894418538493e-02
-1.395159999999999854e+03,9.564377178022871739e-02
-1.394639999999999873e+03,9.591912002805366710e-02
-1.394120000000000118e+03,9.619494584254861813e-02
-1.393600000000000136e+03,9.647195645057196622e-02
-1.393079999999999927e+03,9.674959685957688904e-02
-1.392559999999999945e+03,9.702828733427026897e-02
-1.392039999999999964e+03,9.730776090738359196e-02
-1.391519999999999982e+03,9.758822711796855121e-02
-1.391000000000000000e+03,9.786957205775188851e-02
-1.390480000000000018e+03,9.815171922695525852e-02
-1.389960000000000036e+03,9.843489729580856551e-02
-1.389439999999999827e+03,9.871883940261191870e-02
-1.388920000000000073e+03,9.900390841081528615e-02
-1.388400000000000091e+03,9.928954991866863200e-02
-1.387880000000000109e+03,9.957652795454194350e-02
-1.387359999999999900e+03,9.986394588457531141e-02
-1.386839999999999918e+03,1.001530058303786580e-01
-1.386320000000000164e+03,1.004424096713920217e-01
-1.385800000000000182e+03,1.007328253404253804e-01
-1.385279999999999973e+03,1.010233366015871187e-01
-1.384759999999999991e+03,1.013163881096204449e-01
-1.384240000000000009e+03,1.016095919707822315e-01
-1.383720000000000255e+03,1.019042856064855673e-01
-1.383199999999999818e+03,1.021991699008073101e-01
-1.382680000000000064e+03,1.024954292769106878e-01
-1.382160000000000082e+03,1.027921280712324192e-01
-1.381639999999999873e+03,1.030904689660842033e-01
-1.381119999999999891e+03,1.033892687072775346e-01
-1.380599999999999909e+03,1.036891944682692551e-01
-1.380080000000000155e+03,1.039898651696610360e-01
-1.379559999999999945e+03,1.042918728586727656e-01
-1.379039999999999964e+03,1.045945677528245105e-01
-1.378519999999999982e+03,1.048981411542162928e-01
-1.378000000000000000e+03,1.052028254153880849e-01
-1.377480000000000018e+03,1.055084802444497677e-01
-1.376960000000000036e+03,1.058150902056215481e-01
-1.376440000000000055e+03,1.061223109879917276e-01
-1.375920000000000073e+03,1.064313079211434837e-01
-1.375399999999999864e+03,1.067411448227152532e-01
-1.374880000000000109e+03,1.070517845327553647e-01
-1.374360000000000127e+03,1.073626719049071698e-01
-1.373839999999999918e+03,1.076757173204372919e-01
-1.373319999999999936e+03,1.079892400886790643e-01
-1.372799999999999955e+03,1.083041573042092254e-01
-1.372280000000000200e+03,1.086192273296693878e-01
-1.371759999999999764e+03,1.089363592118695601e-01
-1.371240000000000009e+03,1.092536061132712982e-01
-1.370720000000000027e+03,1.095723423954714643e-01
-1.370200000000000045e+03,1.098914224890016195e-01
-1.369679999999999836e+03,1.102127751043617543e-01
-1.369159999999999854e+03,1.105344522978919525e-01
-1.368640000000000100e+03,1.108573515522521119e-01
-1.368120000000000118e+03,1.111808811600906721e-01
-1.367599999999999909e+03,1.115058814144507943e-01
-1.367079999999999927e+03,1.118316452368810082e-01
-1.366559999999999945e+03,1.121587460192611380e-01
-1.366040000000000191e+03,1.124865340047497275e-01
-1.365519999999999982e+03,1.128152006202898794e-01
-1.365000000000000000e+03,1.131452233348484437e-01
-1.364480000000000018e+03,1.134765061503885814e-01
-1.363959999999999809e+03,1.138087058981071958e-01
-1.363440000000000055e+03,1.141415545447757307e-01
-1.362920000000000073e+03,1.144761604205142974e-01
-1.362400000000000091e+03,1.148116256470344820e-01
-1.361879999999999882e+03,1.151482556894430492e-01
-1.361359999999999900e+03,1.154852868692716195e-01
-1.360840000000000146e+03,1.158240370116801615e-01
-1.360320000000000164e+03,1.161631687205787328e-01
-1.359799999999999955e+03,1.165046492670773204e-01
-1.359279999999999973e+03,1.168463782071042650e-01
-1.358759999999999991e+03,1.171896541826727978e-01
-1.358240000000000236e+03,1.175330638695714081e-01
-1.357719999999999800e+03,1.178784591314283731e-01
-1.357200000000000045e+03,1.182242176169269465e-01
-1.356680000000000064e+03,1.185722105458039133e-01
-1.356160000000000082e+03,1.189205471935324970e-01
-1.355639999999999873e+03,1.192701249333894542e-01
-1.355119999999999891e+03,1.196204476303364544e-01
-1.354600000000000136e+03,1.199726414780649952e-01
-1.354079999999999927e+03,1.203254084459420004e-01
-1.353559999999999945e+03,1.206791496189589669e-01
-1.353039999999999964e+03,1.210340744258358858e-01
-1.352519999999999982e+03,1.213904318555928952e-01
-1.352000000000000000e+03,1.217478965956298176e-01
-1.351480000000000018e+03,1.221063545356668167e-01
-1.350960000000000036e+03,1.224663787044238256e-01
-1.350440000000000055e+03,1.228274524365891990e-01
-1.349919999999999845e+03,1.231895772374561326e-01
-1.349400000000000091e+03,1.235522172653615303e-01
-1.348880000000000109e+03,1.239168245676285085e-01
-1.348360000000000127e+03,1.242820813606238944e-01
-1.347839999999999918e+03,1.246490757295608542e-01
-1.347319999999999936e+03,1.250164359615562326e-01
-1.346800000000000182e+03,1.253861416226216274e-01
-1.346279999999999745e+03,1.257560961527385834e-01
-1.345759999999999991e+03,1.261276163528039784e-01
-1.345240000000000009e+03,1.264993276470293693e-01
-1.344720000000000027e+03,1.268739803412547718e-01
-1.344199999999999818e+03,1.272488617734301164e-01
-1.343679999999999836e+03,1.276250988343254900e-01
-1.343160000000000082e+03,1.280018898876993383e-01
-1.342640000000000100e+03,1.283807241831546597e-01
-1.342119999999999891e+03,1.287601892110700474e-01
-1.341599999999999909e+03,1.291411245976038236e-01
-1.341079999999999927e+03,1.295230334916591952e-01
-1.340560000000000173e+03,1.299065660171929981e-01
-1.340039999999999964e+03,1.302912827073383906e-01
-1.339519999999999982e+03,1.306774506547021542e-01
-1.339000000000000000e+03,1.310647067469059290e-01
-1.338480000000000018e+03,1.314529561233397648e-01
-1.337960000000000036e+03,1.318424660565750972e-01
-1.337440000000000055e+03,1.322328158778489082e-01
-1.336920000000000073e+03,1.326249230973726712e-01
-1.336399999999999864e+03,1.330178702439348271e-01
-1.335879999999999882e+03,1.334128227692987223e-01
-1.335360000000000127e+03,1.338083866849124337e-01
-1.334840000000000146e+03,1.342056882001762264e-01
-1.334319999999999936e+03,1.346033525566683875e-01
-1.333799999999999955e+03,1.350033849389522533e-01
-1.333279999999999973e+03,1.354036657128344368e-01
-1.332760000000000218e+03,1.358060092341182024e-01
-1.332239999999999782e+03,1.362085814528403993e-01
-1.331720000000000027e+03,1.366140756604125595e-01
-1.331200000000000045e+03,1.370198754679847475e-01
-1.330680000000000064e+03,1.374274509834285396e-01
-1.330159999999999854e+03,1.378355040743107218e-01
-1.329639999999999873e+03,1.382451807208829320e-01
-1.329120000000000118e+03,1.386558120828135232e-01
-1.328600000000000136e+03,1.390686202902157442e-01
-1.328079999999999927e+03,1.394822119757879453e-01
-1.327559999999999945e+03,1.398971211845901341e-01
-1.327039999999999964e+03,1.403134435176307260e-01
-1.326519999999999982e+03,1.407314846640329020e-01
-1.326000000000000000e+03,1.411506528039635222e-01
-1.325480000000000018e+03,1.415707755366540921e-01
-1.324960000000000036e+03,1.419925021456362735e-01
-1.324439999999999827e+03,1.424152411463968926e-01
-1.323920000000000073e+03,1.428397755851074646e-01
-1.323400000000000091e+03,1.432651307971981036e-01
-1.322880000000000109e+03,1.436924915649786805e-01
-1.322359999999999900e+03,1.441204631269192848e-01
-1.321839999999999918e+03,1.445501918998398638e-01
-1.321320000000000164e+03,1.449802449007804861e-01
-1.320800000000000182e+03,1.454132041328494718e-01
-1.320279999999999973e+03,1.458464081727900985e-01
-1.319759999999999991e+03,1.462822100266891190e-01
-1.319240000000000009e+03,1.467182022056296997e-01
-1.318720000000000255e+03,1.471566207318586728e-01
-1.318199999999999818e+03,1.475954398716292915e-01
-1.317680000000000064e+03,1.480364736659283142e-01
-1.317160000000000082e+03,1.484781001919872889e-01
-1.316639999999999873e+03,1.489217507519063066e-01
-1.316119999999999891e+03,1.493663564183653203e-01
-1.315599999999999909e+03,1.498131390114443295e-01
-1.315080000000000155e+03,1.502607238055733152e-01
-1.314559999999999945e+03,1.507096070297807289e-01
-1.314039999999999964e+03,1.511599227570697701e-01
-1.313519999999999982e+03,1.516119383182187308e-01
-1.313000000000000000e+03,1.520653478755861765e-01
-1.312480000000000018e+03,1.525199792305451940e-01
-1.311960000000000036e+03,1.529762151559825589e-01
-1.311440000000000055e+03,1.534334437814200147e-01
-1.310920000000000073e+03,1.538928499286873752e-01
-1.310399999999999864e+03,1.543532296482848232e-01
-1.309880000000000109e+03,1.548156148403922183e-01
-1.309360000000000127e+03,1.552785922546796316e-01
-1.308839999999999918e+03,1.557438039464370538e-01
-1.308319999999999936e+03,1.562093975327044637e-01
-1.307799999999999955e+03,1.566774165482218706e-01
-1.307280000000000200e+03,1.571456260597777210e-01
-1.306759999999999764e+03,1.576169679572050897e-01
-1.306240000000000009e+03,1.580885582648509369e-01
-1.305720000000000027e+03,1.585630513100967642e-01
-1.305200000000000045e+03,1.590378690307541476e-01
-1.304679999999999836e+03,1.595144435424899754e-01
-1.304159999999999854e+03,1.599918585499657819e-01
-1.303640000000000100e+03,1.604720998297715917e-01
-1.303120000000000118e+03,1.609531433471774187e-01
-1.302599999999999909e+03,1.614360009878132440e-01
-1.302079999999999927e+03,1.619198517987474883e-01
-1.301559999999999945e+03,1.624053256783832277e-01
-1.301040000000000191e+03,1.628922320580191152e-01
-1.300519999999999982e+03,1.633808380629433177e-01
-1.300000000000000000e+03,1.638711248017275801e-01
-1.299480000000000018e+03,1.643628626421934080e-01
-1.298959999999999809e+03,1.648562240861176087e-01
-1.298440000000000055e+03,1.653505811871318343e-01
-1.297920000000000073e+03,1.658471127980760407e-01
-1.297400000000000091e+03,1.663445989638302758e-01
-1.296879999999999882e+03,1.668441098646744891e-01
-1.296359999999999900e+03,1.673442126756186921e-01
-1.295840000000000146e+03,1.678474091017513603e-01
-1.295320000000000164e+03,1.683511596735255689e-01
-1.294799999999999955e+03,1.688573351054982463e-01
-1.294279999999999973e+03,1.693637211104324358e-01
-1.293759999999999991e+03,1.698732391755650994e-01
-1.293240000000000236e+03,1.703829477406977322e-01
-1.292719999999999800e+03,1.708950630389903247e-01
-1.292200000000000045e+03,1.714077702790145485e-01
-1.291680000000000064e+03,1.719235518971055920e-01
-1.291160000000000082e+03,1.724399446624182153e-01
-1.290639999999999873e+03,1.729583429273808537e-01
-1.290119999999999891e+03,1.734778677535235014e-01
-1.289600000000000136e+03,1.739999328499644560e-01
-1.289079999999999927e+03,1.745229906771571526e-01
-1.288559999999999945e+03,1.750476530344282078e-01
-1.288039999999999964e+03,1.755737855937308245e-01
-1.287519999999999982e+03,1.761015799190718545e-01
-1.287000000000000000e+03,1.766310928095028987e-01
-1.286480000000000018e+03,1.771620382956739514e-01
-1.285960000000000036e+03,1.776952370821949512e-01
-1.285440000000000055e+03,1.782298301116260197e-01
-1.284919999999999845e+03,1.787662565230854761e-01
-1.284400000000000091e+03,1.793034654817664830e-01
-1.283880000000000109e+03,1.798431198322259783e-01
-1.283360000000000127e+03,1.803834607185769712e-01
-1.282839999999999918e+03,1.809269155912164029e-01
-1.282319999999999936e+03,1.814709236885474197e-01
-1.281800000000000182e+03,1.820173572391869110e-01
-1.281279999999999745e+03,1.825640003898263419e-01
-1.280759999999999991e+03,1.831142918026957833e-01
-1.280240000000000009e+03,1.836648308810052699e-01
-1.279720000000000027e+03,1.842182351959331110e-01
-1.279200000000000045e+03,1.847721546754725608e-01
-1.278679999999999836e+03,1.853287321125803855e-01
-1.278160000000000082e+03,1.858860323311198326e-01
-1.277639999999999873e+03,1.864457006068776512e-01
-1.277120000000000118e+03,1.870065525865970690e-01
-1.276599999999999909e+03,1.875698876304249807e-01
-1.276079999999999927e+03,1.881344637964328381e-01
-1.275559999999999945e+03,1.887009500014406593e-01
-1.275039999999999964e+03,1.892691552454484893e-01
-1.274519999999999982e+03,1.898392886535647528e-01
-1.274000000000000000e+03,1.904108545252426177e-01
-1.273480000000000018e+03,1.909836048225588834e-01
-1.272960000000000036e+03,1.915586465663967064e-01
-1.272440000000000055e+03,1.921350636314329563e-01
-1.271919999999999845e+03,1.927140396615592277e-01
-1.271400000000000091e+03,1.932941037724170419e-01
-1.270879999999999882e+03,1.938766320096133589e-01
-1.270360000000000127e+03,1.944598282708680237e-01
-1.269839999999999918e+03,1.950461761692443008e-01
-1.269319999999999936e+03,1.956330391734605323e-01
-1.268799999999999955e+03,1.962228245995067677e-01
-1.268279999999999973e+03,1.968128774719214436e-01
-1.267759999999999991e+03,1.974060046232561094e-01
-1.267240000000000009e+03,1.979995141273023229e-01
-1.266720000000000027e+03,1.985968237179870088e-01
-1.266200000000000045e+03,1.991945726473216549e-01
-1.265680000000000064e+03,1.997945177388863458e-01
-1.265160000000000082e+03,2.003954559900509858e-01
-1.264639999999999873e+03,2.009995645116940954e-01
-1.264120000000000118e+03,2.016046857422587324e-01
-1.263599999999999909e+03,2.022119451994433825e-01
-1.263080000000000155e+03,2.028206373833164322e-01
-1.262559999999999945e+03,2.034315446377694958e-01
-1.262039999999999964e+03,2.040439416685142227e-01
-1.261519999999999982e+03,2.046579809580573173e-01
-1.261000000000000000e+03,2.052740664417603556e-01
-1.260480000000000018e+03,2.058917726175917839e-01
-1.259960000000000036e+03,2.065117709014749059e-01
-1.259440000000000055e+03,2.071331432518479787e-01
-1.258920000000000073e+03,2.077570942998394343e-01
-1.258400000000000091e+03,2.083821149503924941e-01
-1.257879999999999882e+03,2.090100001373839944e-01
-1.257360000000000127e+03,2.096386686132254429e-01
-1.256839999999999918e+03,2.102705072571369738e-01
-1.256320000000000164e+03,2.109028424329784102e-01
-1.255799999999999955e+03,2.115381187100499605e-01
-1.255279999999999973e+03,2.121736426638913542e-01
-1.254759999999999991e+03,2.128127767330912912e-01
-1.254240000000000009e+03,2.134522923433226915e-01
-1.253720000000000027e+03,2.140956089181925981e-01
-1.253199999999999818e+03,2.147394603875725227e-01
-1.252680000000000064e+03,2.153859084034739357e-01
-1.252159999999999854e+03,2.160332734336838367e-01
-1.251640000000000100e+03,2.166833692728421801e-01
-1.251119999999999891e+03,2.173348403810520246e-01
-1.250599999999999909e+03,2.179891379124919149e-01
-1.250079999999999927e+03,2.186446764128302245e-01
-1.249559999999999945e+03,2.193021063542000826e-01
-1.249039999999999964e+03,2.199615409834383140e-01
-1.248519999999999982e+03,2.206231340458366386e-01
-1.248000000000000000e+03,2.212865032573348434e-01
-1.247480000000000018e+03,2.219512277477531936e-01
-1.246960000000000036e+03,2.226186268433115734e-01
-1.246440000000000055e+03,2.232875534117297889e-01
-1.245920000000000073e+03,2.239590772664364904e-01
-1.245400000000000091e+03,2.246316701399947713e-01
-1.244880000000000109e+03,2.253071502945314941e-01
-1.244360000000000127e+03,2.259833910213982222e-01
-1.243839999999999918e+03,2.266632608440048435e-01
-1.243319999999999936e+03,2.273436840655616020e-01
-1.242799999999999955e+03,2.280270674213282778e-01
-1.242279999999999973e+03,2.287106990480249902e-01
-1.241759999999999991e+03,2.293984369019400615e-01
-1.241240000000000009e+03,2.300865380908667657e-01
-1.240720000000000027e+03,2.307779422779418499e-01
-1.240200000000000045e+03,2.314700727636170574e-01
-1.239680000000000064e+03,2.321656599448520542e-01
-1.239159999999999854e+03,2.328621639666671739e-01
-1.238640000000000100e+03,2.335613989477322294e-01
-1.238119999999999891e+03,2.342618366346373437e-01
-1.237600000000000136e+03,2.349647384468308564e-01
-1.237079999999999927e+03,2.356693396349659464e-01
-1.236559999999999945e+03,2.363764234808494180e-01
-1.236039999999999964e+03,2.370852641222929713e-01
-1.235519999999999982e+03,2.377959961343165673e-01
-1.235000000000000000e+03,2.385087906479199660e-01
-1.234480000000000018e+03,2.392231889950334756e-01
-1.233960000000000036e+03,2.399402610694669757e-01
-1.233440000000000055e+03,2.406588420418689089e-01
-1.232920000000000073e+03,2.413804023141008226e-01
-1.232399999999999864e+03,2.421031657555544336e-01
-1.231880000000000109e+03,2.428288315391163577e-01
-1.231359999999999900e+03,2.435552428625982480e-01
-1.230840000000000146e+03,2.442853233991184314e-01
-1.230319999999999936e+03,2.450159358396004350e-01
-1.229799999999999955e+03,2.457499863451723388e-01
-1.229279999999999973e+03,2.464843612109426096e-01
-1.228759999999999991e+03,2.472228038767129987e-01
-1.228240000000000009e+03,2.479616096033133432e-01
-1.227720000000000027e+03,2.487037000412435639e-01
-1.227200000000000045e+03,2.494465546680238732e-01
-1.226680000000000064e+03,2.501928276667843010e-01
-1.226160000000000082e+03,2.509401889325645341e-01
-1.225639999999999873e+03,2.516906440585433002e-01
-1.225119999999999891e+03,2.524425126215920079e-01
-1.224599999999999909e+03,2.531971502807307539e-01
-1.224079999999999927e+03,2.539532969996494693e-01
-1.223559999999999945e+03,2.547116014367882819e-01
-1.223039999999999964e+03,2.554719497899169411e-01
-1.222519999999999982e+03,2.562344367878856000e-01
-1.222000000000000000e+03,2.569989863391627383e-01
-1.221480000000000018e+03,2.577651211624199523e-01
-1.220960000000000036e+03,2.585342924823986199e-01
-1.220440000000000055e+03,2.593051442058357803e-01
-1.219920000000000073e+03,2.600786129113013545e-01
-1.219400000000000091e+03,2.608531313737385005e-01
-1.218880000000000109e+03,2.616309539592356348e-01
-1.218359999999999900e+03,2.624096551026510737e-01
-1.217840000000000146e+03,2.631920069469467216e-01
-1.217319999999999936e+03,2.639748905994638850e-01
-1.216800000000000182e+03,2.647617278083977954e-01
-1.216279999999999973e+03,2.655488896248532904e-01
-1.215759999999999991e+03,2.663401378693288080e-01
-1.215240000000000009e+03,2.671317491859644400e-01
-1.214720000000000027e+03,2.679266453518183155e-01
-1.214200000000000045e+03,2.687224010937422913e-01
-1.213679999999999836e+03,2.695219954095763315e-01
-1.213160000000000082e+03,2.703225449793502100e-01
-1.212639999999999873e+03,2.711257865283441260e-01
-1.212120000000000118e+03,2.719306326661881101e-01
-1.211599999999999909e+03,2.727385923293204062e-01
-1.211079999999999927e+03,2.735480604314527997e-01
-1.210559999999999945e+03,2.743596864002550983e-01
-1.210039999999999964e+03,2.751733561635675285e-01
-1.209519999999999982e+03,2.759891450945999303e-01
-1.209000000000000000e+03,2.768076271468922211e-01
-1.208480000000000018e+03,2.776281340312329871e-01
-1.207960000000000036e+03,2.784510087723753302e-01
-1.207440000000000055e+03,2.792751629288761084e-01
-1.206919999999999845e+03,2.801027360910468555e-01
-1.206400000000000091e+03,2.809315884255476070e-01
-1.205879999999999882e+03,2.817634038208784442e-01
-1.205360000000000127e+03,2.825959422753575034e-01
-1.204839999999999918e+03,2.834325862428482834e-01
-1.204319999999999936e+03,2.842698229595574388e-01
-1.203799999999999955e+03,2.851110507193566068e-01
-1.203279999999999973e+03,2.859525840417357911e-01
-1.202759999999999991e+03,2.867981858637649317e-01
-1.202240000000000009e+03,2.876442266155224692e-01
-1.201720000000000027e+03,2.884940104432216490e-01
-1.201200000000000045e+03,2.893445579300693016e-01
-1.200680000000000064e+03,2.901985239511267745e-01
-1.200160000000000082e+03,2.910535787929643958e-01
-1.199639999999999873e+03,2.919117082461319401e-01
-1.199120000000000118e+03,2.927712704261679622e-01
-1.198599999999999909e+03,2.936336015791655152e-01
-1.198080000000000155e+03,2.944978805923614829e-01
-1.197559999999999945e+03,2.953649101667373822e-01
-1.197039999999999964e+03,2.962340020797634699e-01
-1.196519999999999982e+03,2.971051945598094379e-01
-1.196000000000000000e+03,2.979785073374738302e-01
-1.195480000000000018e+03,2.988533667448398101e-01
-1.194960000000000036e+03,2.997316476514041983e-01
-1.194440000000000055e+03,3.006117396565685107e-01
-1.193920000000000073e+03,3.014944867633130299e-01
-1.193400000000000091e+03,3.023782457327658379e-01
-1.192879999999999882e+03,3.032657670393400506e-01
-1.192360000000000127e+03,3.041542243380429000e-01
-1.191839999999999918e+03,3.050459090757456360e-01
-1.191320000000000164e+03,3.059380141466085390e-01
-1.190799999999999955e+03,3.068346456463713068e-01
-1.190279999999999973e+03,3.077316203893941671e-01
-1.189759999999999991e+03,3.086331406483052708e-01
-1.189240000000000009e+03,3.095350806191780602e-01
-1.188720000000000027e+03,3.104402678720792896e-01
-1.188199999999999818e+03,3.113463337082904570e-01
-1.187680000000000064e+03,3.122562187593401206e-01
-1.187159999999999854e+03,3.131672307234012465e-01
-1.186640000000000100e+03,3.140812983185908847e-01
-1.186119999999999891e+03,3.149969890119020954e-01
-1.185599999999999909e+03,3.159157549994001113e-01
-1.185079999999999927e+03,3.168360676566496226e-01
-1.184559999999999945e+03,3.177585028812692780e-01
-1.184039999999999964e+03,3.186832842308272573e-01
-1.183519999999999982e+03,3.196104153272569803e-01
-1.183000000000000000e+03,3.205402770156449144e-01
-1.182480000000000018e+03,3.214721059653830038e-01
-1.181960000000000036e+03,3.224063408460793312e-01
-1.181440000000000055e+03,3.233418362637172638e-01
-1.180920000000000073e+03,3.242807694165737997e-01
-1.180400000000000091e+03,3.252209631985001348e-01
-1.179880000000000109e+03,3.261645368692765445e-01
-1.179360000000000127e+03,3.271089323623629364e-01
-1.178839999999999918e+03,3.280574718364278608e-01
-1.178319999999999936e+03,3.290065656183642773e-01
-1.177799999999999955e+03,3.299591725936590891e-01
-1.177279999999999973e+03,3.309121043065539336e-01
-1.176759999999999991e+03,3.318695437820287641e-01
-1.176240000000000009e+03,3.328275559824419583e-01
-1.175720000000000027e+03,3.337896928498751414e-01
-1.175200000000000045e+03,3.347525970641800352e-01
-1.174680000000000064e+03,3.357184013704432313e-01
-1.174159999999999854e+03,3.366854850629948381e-01
-1.173640000000000100e+03,3.376560062428181075e-01
-1.173119999999999891e+03,3.386279791803897266e-01
-1.172600000000000136e+03,3.396026825408413607e-01
-1.172079999999999927e+03,3.405793724738030437e-01
-1.171559999999999945e+03,3.415587746734345953e-01
-1.171039999999999964e+03,3.425402961452262418e-01
-1.170519999999999982e+03,3.435238614371662891e-01
-1.170000000000000000e+03,3.445098902732463553e-01
-1.169480000000000018e+03,3.454976378272464066e-01
-1.168960000000000036e+03,3.464881548925764498e-01
-1.168440000000000055e+03,3.474801040876349112e-01
-1.167920000000000073e+03,3.484755100859548982e-01
-1.167399999999999864e+03,3.494721571099134172e-01
-1.166880000000000109e+03,3.504717840296118214e-01
-1.166359999999999900e+03,3.514721200848786586e-01
-1.165840000000000146e+03,3.524766167434071340e-01
-1.165319999999999936e+03,3.534816286649941075e-01
-1.164799999999999955e+03,3.544911861154809163e-01
-1.164279999999999973e+03,3.555010682659677790e-01
-1.163759999999999991e+03,3.565144455477629593e-01
-1.163240000000000009e+03,3.575283957374298383e-01
-1.162720000000000027e+03,3.585464708204551543e-01
-1.162200000000000045e+03,3.595653863410803730e-01
-1.161680000000000064e+03,3.605876436825540821e-01
-1.161160000000000082e+03,3.616110474324293333e-01
-1.160639999999999873e+03,3.626374879684229890e-01
-1.160119999999999891e+03,3.636656087877267463e-01
-1.159599999999999909e+03,3.646967470297403091e-01
-1.159079999999999927e+03,3.657294702158940258e-01
-1.158559999999999945e+03,3.667642750564060750e-01
-1.158039999999999964e+03,3.678014895290281916e-01
-1.157519999999999982e+03,3.688410117032303037e-01
-1.157000000000000000e+03,3.698829593827522855e-01
-1.156480000000000018e+03,3.709266446232743486e-01
-1.155960000000000036e+03,3.719731187961548002e-01
-1.155440000000000055e+03,3.730209869288152458e-01
-1.154920000000000073e+03,3.740719488685458338e-01
-1.154400000000000091e+03,3.751239991665446527e-01
-1.153880000000000109e+03,3.761794679985835388e-01
-1.153359999999999900e+03,3.772357013713040774e-01
-1.152840000000000146e+03,3.782956772284613578e-01
-1.152319999999999936e+03,3.793560923986302180e-01
-1.151800000000000182e+03,3.804205760960174265e-01
-1.151279999999999973e+03,3.814853838722063739e-01
-1.150759999999999991e+03,3.825541639306037078e-01
-1.150240000000000009e+03,3.836234822531094379e-01
-1.149720000000000027e+03,3.846964444503366276e-01
-1.149200000000000045e+03,3.857703622410924016e-01
-1.148679999999999836e+03,3.868480419026080752e-01
-1.148160000000000082e+03,3.879267340653537732e-01
-1.147639999999999873e+03,3.890080425482478899e-01
-1.147120000000000118e+03,3.900908792419520155e-01
-1.146599999999999909e+03,3.911763699578361675e-01
-1.146079999999999927e+03,3.922636944187402053e-01
-1.145559999999999945e+03,3.933533871001426707e-01
-1.145039999999999964e+03,3.944452183608768148e-01
-1.144519999999999982e+03,3.955390740534394101e-01
-1.144000000000000000e+03,3.966351067683618337e-01
-1.143480000000000018e+03,3.977326294809028218e-01
-1.142960000000000036e+03,3.988333254893637325e-01
-1.142440000000000055e+03,3.999355460130646356e-01
-1.141919999999999845e+03,4.010404976603554883e-01
-1.141400000000000091e+03,4.021464045052648428e-01
-1.140879999999999882e+03,4.032557293858958225e-01
-1.140360000000000127e+03,4.043657992306351479e-01
-1.139839999999999918e+03,4.054796125456828215e-01
-1.139319999999999936e+03,4.065938645306521604e-01
-1.138799999999999955e+03,4.077116881967799422e-01
-1.138279999999999973e+03,4.088298370838175932e-01
-1.137759999999999991e+03,4.099519192887752794e-01
-1.137240000000000009e+03,4.110745555924015249e-01
-1.136720000000000027e+03,4.122008396396477092e-01
-1.136200000000000045e+03,4.133278902381439246e-01
-1.135680000000000064e+03,4.144578217183800817e-01
-1.135160000000000082e+03,4.155889567809945007e-01
-1.134639999999999873e+03,4.167230706157689646e-01
-1.134120000000000118e+03,4.178585029576134535e-01
-1.133599999999999909e+03,4.189962833233464856e-01
-1.133080000000000155e+03,4.201358788262011257e-01
-1.132559999999999945e+03,4.212778418321641571e-01
-1.132039999999999964e+03,4.224216960604869064e-01
-1.131519999999999982e+03,4.235673071195884543e-01
-1.131000000000000000e+03,4.247154009288496845e-01
-1.130480000000000018e+03,4.258651941562010546e-01
-1.129960000000000036e+03,4.270174511555424046e-01
-1.129440000000000055e+03,4.281709144860122440e-01
-1.128920000000000073e+03,4.293271055108219825e-01
-1.128400000000000091e+03,4.304842132411216826e-01
-1.127879999999999882e+03,4.316443579591200397e-01
-1.127360000000000127e+03,4.328051322908296195e-01
-1.126839999999999918e+03,4.339696693791362803e-01
-1.126320000000000164e+03,4.351346266029845755e-01
-1.125799999999999955e+03,4.363031739301208023e-01
-1.125279999999999973e+03,4.374719887259591045e-01
-1.124759999999999991e+03,4.386442599796141484e-01
-1.124240000000000009e+03,4.398170283748308318e-01
-1.123720000000000027e+03,4.409929691561655929e-01
-1.123199999999999818e+03,4.421696715488305229e-01
-1.122680000000000064e+03,4.433492573625240629e-01
-1.122159999999999854e+03,4.445297601509389795e-01
-1.121640000000000100e+03,4.457124777369724233e-01
-1.121119999999999891e+03,4.468967421228359216e-01
-1.120599999999999909e+03,4.480836424788274819e-01
-1.120079999999999927e+03,4.492721666568295635e-01
-1.119559999999999945e+03,4.504627336419013139e-01
-1.119039999999999964e+03,4.516549238932930921e-01
-1.118519999999999982e+03,4.528486227034831946e-01
-1.118000000000000000e+03,4.540445182918535494e-01
-1.117480000000000018e+03,4.552419062955820883e-01
-1.116960000000000036e+03,4.564417353573422820e-01
-1.116440000000000055e+03,4.576427488220808359e-01
-1.115920000000000073e+03,4.588465125400879585e-01
-1.115400000000000091e+03,4.600511925606564634e-01
-1.114880000000000109e+03,4.612584705967635035e-01
-1.114360000000000127e+03,4.624662825359789342e-01
-1.113839999999999918e+03,4.636769401830759252e-01
-1.113319999999999936e+03,4.648878844223013340e-01
-1.112799999999999955e+03,4.661024383397068815e-01
-1.112279999999999973e+03,4.673172398776107017e-01
-1.111759999999999991e+03,4.685350049882044954e-01
-1.111240000000000009e+03,4.697532443596283969e-01
-1.110720000000000027e+03,4.709746540425621131e-01
-1.110200000000000045e+03,4.721967319795043472e-01
-1.109680000000000064e+03,4.734212736113165287e-01
-1.109159999999999854e+03,4.746467323444871766e-01
-1.108640000000000100e+03,4.758744057606694722e-01
-1.108119999999999891e+03,4.771032445010902068e-01
-1.107600000000000136e+03,4.783340504015392014e-01
-1.107079999999999927e+03,4.795662694021681216e-01
-1.106559999999999945e+03,4.808002286026272221e-01
-1.106039999999999964e+03,4.820358282142462314e-01
-1.105519999999999982e+03,4.832728977802235870e-01
-1.105000000000000000e+03,4.845118775839811764e-01
-1.104480000000000018e+03,4.857520981140770466e-01
-1.103960000000000036e+03,4.869940947263144970e-01
-1.103440000000000055e+03,4.882369123875489048e-01
-1.102920000000000073e+03,4.894825184580647304e-01
-1.102399999999999864e+03,4.907290032207088926e-01
-1.101880000000000109e+03,4.919776838278529518e-01
-1.101359999999999900e+03,4.932268068606357470e-01
-1.100840000000000146e+03,4.944787535633499709e-01
-1.100319999999999936e+03,4.957310060893211912e-01
-1.099799999999999955e+03,4.969858167955037986e-01
-1.099279999999999973e+03,4.982408574837148274e-01
-1.098759999999999991e+03,4.994983230930158946e-01
-1.098240000000000009e+03,5.007562282182054236e-01
-1.097720000000000027e+03,5.020168252206949067e-01
-1.097200000000000045e+03,5.032780151471244467e-01
-1.096680000000000064e+03,5.045412503530823933e-01
-1.096160000000000082e+03,5.058054003377903118e-01
-1.095639999999999873e+03,5.070717460429565726e-01
-1.095119999999999891e+03,5.083388755677245019e-01
-1.094599999999999909e+03,5.096073217650292086e-01
-1.094079999999999927e+03,5.108771816322654757e-01
-1.093559999999999945e+03,5.121487597637900402e-01
-1.093039999999999964e+03,5.134214459912350703e-01
-1.092519999999999982e+03,5.146951060538980105e-01
-1.092000000000000000e+03,5.159703924456410240e-01
-1.091480000000000018e+03,5.172466681483642859e-01
-1.090960000000000036e+03,5.185247397446257622e-01
-1.090440000000000055e+03,5.198036322065072712e-01
-1.089920000000000073e+03,5.210845111390471907e-01
-1.089400000000000091e+03,5.223660199272771587e-01
-1.088880000000000109e+03,5.236492858559169683e-01
-1.088359999999999900e+03,5.249328766543354119e-01
-1.087840000000000146e+03,5.262183958860937594e-01
-1.087319999999999936e+03,5.275041087180321053e-01
-1.086800000000000182e+03,5.287923970860688438e-01
-1.086279999999999973e+03,5.300808765501954234e-01
-1.085759999999999991e+03,5.313718003064605844e-01
-1.085240000000000009e+03,5.326629344029557567e-01
-1.084720000000000027e+03,5.339554238092107941e-01
-1.084200000000000045e+03,5.352483720029844738e-01
-1.083679999999999836e+03,5.365429430557363544e-01
-1.083160000000000082e+03,5.378383384565900149e-01
-1.082639999999999873e+03,5.391355257277519186e-01
-1.082120000000000118e+03,5.404333054850324336e-01
-1.081599999999999909e+03,5.417320585421426804e-01
-1.081079999999999927e+03,5.430317668884129256e-01
-1.080559999999999945e+03,5.443326204249334666e-01
-1.080039999999999964e+03,5.456345823477521950e-01
-1.079519999999999982e+03,5.469375174865892530e-01
-1.079000000000000000e+03,5.482414296086165484e-01
-1.078480000000000018e+03,5.495459311137836922e-01
-1.077960000000000036e+03,5.508518841169290914e-01
-1.077440000000000055e+03,5.521584665532347502e-01
-1.076919999999999845e+03,5.534662720829088833e-01
-1.076400000000000091e+03,5.547744400235630202e-01
-1.075879999999999882e+03,5.560843646213167180e-01
-1.075360000000000127e+03,5.573946355611792969e-01
-1.074839999999999918e+03,5.587058401543602004e-01
-1.074319999999999936e+03,5.600171397995523659e-01
-1.073799999999999955e+03,5.613305399639214599e-01
-1.073279999999999973e+03,5.626439976024824041e-01
-1.072759999999999991e+03,5.639584287390215778e-01
-1.072240000000000009e+03,5.652731085469192562e-01
-1.071720000000000027e+03,5.665891055488068151e-01
-1.071200000000000045e+03,5.679054878230345160e-01
-1.070680000000000064e+03,5.692230697730604749e-01
-1.070160000000000082e+03,5.705411105796565074e-01
-1.069639999999999873e+03,5.718602584230511043e-01
-1.069120000000000118e+03,5.731797887620153631e-01
-1.068599999999999909e+03,5.744999677097580859e-01
-1.068080000000000155e+03,5.758206432130211772e-01
-1.067559999999999945e+03,5.771418942719337419e-01
-1.067039999999999964e+03,5.784639643462150538e-01
-1.066519999999999982e+03,5.797867593909746819e-01
-1.066000000000000000e+03,5.811102039075545234e-01
-1.065480000000000018e+03,5.824340490922039759e-01
-1.064960000000000036e+03,5.837582382411520276e-01
-1.064440000000000055e+03,5.850826185212285591e-01
-1.063920000000000073e+03,5.864082045104167529e-01
-1.063400000000000091e+03,5.877341311338415419e-01
-1.062879999999999882e+03,5.890605156653280217e-01
-1.062360000000000127e+03,5.903869583433013490e-01
-1.061839999999999918e+03,5.917143930791360917e-01
-1.061320000000000164e+03,5.930418860545677573e-01
-1.060799999999999955e+03,5.943704503504412262e-01
-1.060279999999999973e+03,5.956990312420811229e-01
-1.059759999999999991e+03,5.970281080135828589e-01
-1.059240000000000009e+03,5.983572616782728559e-01
-1.058720000000000027e+03,5.996868540799414893e-01
-1.058199999999999818e+03,6.010165614991798133e-01
-1.057680000000000064e+03,6.023466693706368558e-01
-1.057159999999999854e+03,6.036771237099938237e-01
-1.056640000000000100e+03,6.050082819095591313e-01
-1.056119999999999891e+03,6.063394404534444559e-01
-1.055599999999999909e+03,6.076705983953079038e-01
-1.055079999999999927e+03,6.090020046033216561e-01
-1.054559999999999945e+03,6.103336780046937360e-01
-1.054039999999999964e+03,6.116656599801659766e-01
-1.053519999999999982e+03,6.129978679628365068e-01
-1.053000000000000000e+03,6.143300760857470788e-01
-1.052480000000000018e+03,6.156622833674559869e-01
-1.051960000000000036e+03,6.169944721897547835e-01
-1.051440000000000055e+03,6.183266793369922576e-01
-1.050920000000000073e+03,6.196593103576295558e-01
-1.050400000000000091e+03,6.209920330526552679e-01
-1.049880000000000109e+03,6.223247558895010911e-01
-1.049360000000000127e+03,6.236574785724152692e-01
-1.048839999999999918e+03,6.249897237988476517e-01
-1.048319999999999936e+03,6.263219305655101099e-01
-1.047799999999999955e+03,6.276546751029429272e-01
-1.047279999999999973e+03,6.289873594038621896e-01
-1.046759999999999991e+03,6.303195465748931969e-01
-1.046240000000000009e+03,6.316517530940525260e-01
-1.045720000000000027e+03,6.329839592385102520e-01
-1.045200000000000045e+03,6.343161688041765167e-01
-1.044680000000000064e+03,6.356483743531627928e-01
-1.044159999999999854e+03,6.369802560189787854e-01
-1.043640000000000100e+03,6.383114109611633946e-01
-1.043119999999999891e+03,6.396425663256679606e-01
-1.042600000000000136e+03,6.409737218035093109e-01
-1.042079999999999927e+03,6.423046509062323439e-01
-1.041559999999999945e+03,6.436352708653721999e-01
-1.041039999999999964e+03,6.449656235116237868e-01
-1.040519999999999982e+03,6.462957276749417002e-01
-1.040000000000000000e+03,6.476251826845199622e-01
-1.039480000000000018e+03,6.489542779193866462e-01
-1.038960000000000036e+03,6.502829684666533439e-01
-1.038440000000000055e+03,6.516115063450484968e-01
-1.037920000000000073e+03,6.529396434344432176e-01
-1.037399999999999864e+03,6.542676655840368172e-01
-1.036880000000000109e+03,6.555948119371085570e-01
-1.036359999999999900e+03,6.569217831343203695e-01
-1.035840000000000146e+03,6.582477804264807997e-01
-1.035319999999999936e+03,6.595737005948909548e-01
-1.034799999999999955e+03,6.608985711958496045e-01
-1.034279999999999973e+03,6.622233650389167670e-01
-1.033759999999999991e+03,6.635472256169137051e-01
-1.033240000000000009e+03,6.648708926923592166e-01
-1.032720000000000027e+03,6.661936803190248169e-01
-1.032200000000000045e+03,6.675160862769984327e-01
-1.031680000000000064e+03,6.688373302950108013e-01
-1.031160000000000082e+03,6.701582274963431285e-01
-1.030639999999999873e+03,6.714783984839737263e-01
-1.030119999999999891e+03,6.727979588931227717e-01
-1.029599999999999909e+03,6.741165637299519897e-01
-1.029079999999999927e+03,6.754346941163195117e-01
-1.028559999999999945e+03,6.767522484888054413e-01
-1.028039999999999964e+03,6.780686758126912572e-01
-1.027519999999999982e+03,6.793841477953757035e-01
-1.027000000000000000e+03,6.806986270626199653e-01
-1.026480000000000018e+03,6.820125554609925977e-01
-1.025960000000000036e+03,6.833257170640737455e-01
-1.025440000000000055e+03,6.846385726298631624e-01
-1.024920000000000073e+03,6.859493844821428210e-01
-1.024400000000000091e+03,6.872596449655506978e-01
-1.023880000000000109e+03,6.885690053611887018e-01
-1.023360000000000014e+03,6.898781935530448051e-01
-1.022840000000000032e+03,6.911849374564996706e-01
-1.022319999999999936e+03,6.924915093189327742e-01
-1.021800000000000068e+03,6.937965557976760733e-01
-1.021279999999999973e+03,6.951013701424677560e-01
-1.020759999999999991e+03,6.964042932664993302e-01
-1.020240000000000009e+03,6.977068737132675613e-01
-1.019719999999999914e+03,6.990077180160459980e-01
-1.019200000000000045e+03,7.003079106197142023e-01
-1.018679999999999950e+03,7.016061356249995162e-01
-1.018160000000000082e+03,7.029036922035046819e-01
-1.017639999999999986e+03,7.041998384473584505e-01
-1.017120000000000005e+03,7.054951224803818199e-01
-1.016599999999999909e+03,7.067891639778737245e-01
-1.016080000000000041e+03,7.080817170524041915e-01
-1.015559999999999945e+03,7.093726293534530214e-01
-1.015040000000000077e+03,7.106626605045019973e-01
-1.014519999999999982e+03,7.119520044789874325e-01
-1.014000000000000000e+03,7.132393618903948296e-01
-1.013480000000000018e+03,7.145255761153088692e-01
-1.012960000000000036e+03,7.158099162678729366e-01
-1.012440000000000055e+03,7.170935108284536286e-01
-1.011919999999999959e+03,7.183746228690461866e-01
-1.011399999999999977e+03,7.196550886233152866e-01
-1.010879999999999882e+03,7.209337366605746977e-01
-1.010360000000000014e+03,7.222120985946506311e-01
-1.009839999999999918e+03,7.234874999453967392e-01
-1.009320000000000050e+03,7.247626748033926258e-01
-1.008799999999999955e+03,7.260347724243656486e-01
-1.008279999999999973e+03,7.273065642621686644e-01
-1.007759999999999991e+03,7.285755095103397805e-01
-1.007240000000000009e+03,7.298439240228095093e-01
-1.006720000000000027e+03,7.311097372644992376e-01
-1.006200000000000045e+03,7.323749017985072829e-01
-1.005679999999999950e+03,7.336380985011521361e-01
-1.005160000000000082e+03,7.349001340208071165e-01
-1.004639999999999986e+03,7.361596637838105917e-01
-1.004120000000000118e+03,7.374177236872335728e-01
-1.003600000000000023e+03,7.386736278249038667e-01
-1.003080000000000041e+03,7.399280014806439709e-01
-1.002559999999999945e+03,7.411807511689225691e-01
-1.002039999999999964e+03,7.424317256157995093e-01
-1.001519999999999982e+03,7.436813654715048738e-01
-1.001000000000000000e+03,7.449283093746600359e-01
-1.000480000000000018e+03,7.461737447352138064e-01
-9.999599999999999227e+02,7.474169485851960282e-01
-9.994400000000000546e+02,7.486592325525949221e-01
-9.989199999999999591e+02,7.498982317181055457e-01
-9.984000000000000909e+02,7.511363333792030472e-01
-9.978799999999999955e+02,7.523717451673287426e-01
-9.973600000000000136e+02,7.536067145497943320e-01
-9.968399999999999181e+02,7.548377300748171370e-01
-9.963200000000000500e+02,7.560684628540896846e-01
-9.957999999999999545e+02,7.572950668728108958e-01
-9.952800000000000864e+02,7.585213085336502958e-01
-9.947599999999999909e+02,7.597442866101781211e-01
-9.942400000000000091e+02,7.609664987647157819e-01
-9.937200000000000273e+02,7.621852726547404533e-01
-9.931999999999999318e+02,7.634031332021751215e-01
-9.926800000000000637e+02,7.646182399448665512e-01
-9.921599999999999682e+02,7.658318004499380383e-01
-9.916399999999999864e+02,7.670422122875579785e-01
-9.911199999999998909e+02,7.682509216451262057e-01
-9.906000000000000227e+02,7.694571479326812735e-01
-9.900799999999999272e+02,7.706613309241778786e-01
-9.895600000000000591e+02,7.718633974700698230e-01
-9.890399999999999636e+02,7.730628058195532226e-01
-9.885199999999999818e+02,7.742601324490434589e-01
-9.880000000000000000e+02,7.754548270543122346e-01
-9.874800000000000182e+02,7.766479715199592349e-01
-9.869600000000000364e+02,7.778377768868263153e-01
-9.864400000000000546e+02,7.790262420769502594e-01
-9.859199999999999591e+02,7.802109453365441150e-01
-9.854000000000000909e+02,7.813947158844847252e-01
-9.848799999999999955e+02,7.825748164020656095e-01
-9.843600000000001273e+02,7.837543824599032538e-01
-9.838400000000000318e+02,7.849290241641905252e-01
-9.833199999999999363e+02,7.861032428078650325e-01
-9.827999999999999545e+02,7.872728777149794466e-01
-9.822799999999999727e+02,7.884420387643922279e-01
-9.817599999999999909e+02,7.896069756553117935e-01
-9.812400000000000091e+02,7.907710533029413957e-01
-9.807200000000000273e+02,7.919313145294977208e-01
-9.801999999999999318e+02,7.930901980078042257e-01
-9.796800000000000637e+02,7.942452066994173387e-01
-9.791599999999999682e+02,7.953984563422605847e-01
-9.786400000000001000e+02,7.965482297936204992e-01
-9.781200000000000045e+02,7.976958866836105777e-01
-9.776000000000000227e+02,7.988404277651175445e-01
-9.770799999999999272e+02,7.999826776476640644e-01
-9.765600000000000591e+02,8.011225422629562054e-01
-9.760399999999999636e+02,8.022594257497398518e-01
-9.755200000000000955e+02,8.033940579707701257e-01
-9.750000000000000000e+02,8.045249825911692243e-01
-9.744799999999999045e+02,8.056538448480163872e-01
-9.739600000000000364e+02,8.067789668058118480e-01
-9.734399999999999409e+02,8.079025963665462662e-01
-9.729200000000000728e+02,8.090220846302869084e-01
-9.723999999999999773e+02,8.101405011619279284e-01
-9.718799999999999955e+02,8.112538944513856265e-01
-9.713599999999999000e+02,8.123665651300033819e-01
-9.708400000000000318e+02,8.134742677405176758e-01
-9.703199999999999363e+02,8.145815537263108030e-01
-9.698000000000000682e+02,8.156832406334720842e-01
-9.692799999999999727e+02,8.167843773623317816e-01
-9.687599999999999909e+02,8.178808507123801474e-01
-9.682400000000000091e+02,8.189761599839564532e-01
-9.677200000000000273e+02,8.200663723734600286e-01
-9.672000000000000455e+02,8.211551887563016683e-01
-9.666800000000000637e+02,8.222401687175915352e-01
-9.661599999999999682e+02,8.233230077180418993e-01
-9.656399999999998727e+02,8.244017241966073994e-01
-9.651200000000000045e+02,8.254782423044125794e-01
-9.645999999999999091e+02,8.265517037966249037e-01
-9.640800000000000409e+02,8.276220947251473614e-01
-9.635599999999999454e+02,8.286892930857145956e-01
-9.630399999999999636e+02,8.297529238325720424e-01
-9.625199999999999818e+02,8.308138584028763596e-01
-9.620000000000000000e+02,8.318710726748907991e-01
-9.614800000000000182e+02,8.329262405653815593e-01
-9.609600000000000364e+02,8.339772673184912000e-01
-9.604399999999999409e+02,8.350266872321071565e-01
-9.599200000000000728e+02,8.360711071041834197e-01
-9.593999999999999773e+02,8.371142630067665014e-01
-9.588800000000001091e+02,8.381519227251977844e-01
-9.583600000000000136e+02,8.391887966168762869e-01
-9.578400000000000318e+02,8.402196956295847619e-01
-9.573199999999999363e+02,8.412501156143196157e-01
-9.568000000000000682e+02,8.422749994109830496e-01
-9.562799999999999727e+02,8.432990987532336113e-01
-9.557599999999999909e+02,8.443171843680622457e-01
-9.552400000000000091e+02,8.453340653423694340e-01
-9.547199999999999136e+02,8.463458874425534573e-01
-9.542000000000000455e+02,8.473560079598976280e-01
-9.536799999999999500e+02,8.483615671787765322e-01
-9.531600000000000819e+02,8.493649279825358223e-01
-9.526399999999999864e+02,8.503642046210421190e-01
-9.521200000000000045e+02,8.513608247290177511e-01
-9.515999999999999091e+02,8.523538185725075822e-01
-9.510800000000000409e+02,8.533434116158284954e-01
-9.505599999999999454e+02,8.543296269027050860e-01
-9.500400000000000773e+02,8.553122335090416195e-01
-9.495199999999999818e+02,8.562921445433334666e-01
-9.490000000000000000e+02,8.572676482630146033e-01
-9.484800000000000182e+02,8.582407801461832131e-01
-9.479600000000000364e+02,8.592089508456998148e-01
-9.474400000000000546e+02,8.601752849959737324e-01
-9.469199999999999591e+02,8.611365815265759061e-01
-9.463999999999999773e+02,8.620966342247545766e-01
-9.458799999999998818e+02,8.630507127006321610e-01
-9.453600000000000136e+02,8.640039886147177217e-01
-9.448399999999999181e+02,8.649512282491703674e-01
-9.443200000000000500e+02,8.658979554815708912e-01
-9.437999999999999545e+02,8.668376334214972223e-01
-9.432799999999999727e+02,8.677765891296533862e-01
-9.427599999999999909e+02,8.687100255574666807e-01
-9.422400000000000091e+02,8.696420088349675614e-01
-9.417200000000000273e+02,8.705681320325160399e-01
-9.412000000000000455e+02,8.714925157874812145e-01
-9.406799999999999500e+02,8.724123570414642481e-01
-9.401600000000000819e+02,8.733296599188863363e-01
-9.396399999999999864e+02,8.742421473151147371e-01
-9.391200000000001182e+02,8.751517928948718827e-01
-9.386000000000000227e+02,8.760575234467343764e-01
-9.380800000000000409e+02,8.769600824524064198e-01
-9.375599999999999454e+02,8.778595313286037261e-01
-9.370399999999999636e+02,8.787544556598410050e-01
-9.365199999999999818e+02,8.796460536942340980e-01
-9.360000000000000000e+02,8.805335507591151023e-01
-9.354800000000000182e+02,8.814188891582430685e-01
-9.349599999999999227e+02,8.822988598976191366e-01
-9.344400000000000546e+02,8.831768854336425889e-01
-9.339199999999999591e+02,8.840494123575625141e-01
-9.334000000000000909e+02,8.849206189959307745e-01
-9.328799999999999955e+02,8.857853746666760619e-01
-9.323600000000000136e+02,8.866492907567379289e-01
-9.318399999999999181e+02,8.875066573788668034e-01
-9.313200000000000500e+02,8.883634675846354689e-01
-9.307999999999999545e+02,8.892138078925894140e-01
-9.302800000000000864e+02,8.900632710059217523e-01
-9.297599999999999909e+02,8.909062571265694563e-01
-9.292400000000000091e+02,8.917478343934571727e-01
-9.287200000000000273e+02,8.925835494887798260e-01
-9.281999999999999318e+02,8.934173943130310214e-01
-9.276800000000000637e+02,8.942462711212274540e-01
-9.271599999999999682e+02,8.950726122446852617e-01
-9.266399999999999864e+02,8.958942177654058980e-01
-9.261199999999998909e+02,8.967129030830259806e-01
-9.256000000000000227e+02,8.975277113895812064e-01
-9.250799999999999272e+02,8.983387762700647539e-01
-9.245600000000000591e+02,8.991462722420353604e-01
-9.240399999999999636e+02,8.999494927987443660e-01
-9.235199999999999818e+02,9.007496580889086113e-01
-9.230000000000000000e+02,9.015453562786098773e-01
-9.224800000000000182e+02,9.023387029731886333e-01
-9.219600000000000364e+02,9.031266883779454080e-01
-9.214400000000000546e+02,9.039127637837880425e-01
-9.209199999999999591e+02,9.046928644240979089e-01
-9.204000000000000909e+02,9.054716090548244889e-01
-9.198799999999999955e+02,9.062438244021379097e-01
-9.193600000000001273e+02,9.070152571288981891e-01
-9.188400000000000318e+02,9.077800812362769589e-01
-9.183199999999999363e+02,9.085443935262208504e-01
-9.177999999999999545e+02,9.093017174944414416e-01
-9.172799999999999727e+02,9.100581453625105066e-01
-9.167599999999999909e+02,9.108081574928548196e-01
-9.162400000000000091e+02,9.115567966909576825e-01
-9.157200000000000273e+02,9.123000125355554824e-01
-9.151999999999999318e+02,9.130412063746718987e-01
-9.146800000000000637e+02,9.137771113214535612e-01
-9.141599999999999682e+02,9.145102295686033944e-01
-9.136400000000001000e+02,9.152382880595471004e-01
-9.131200000000000045e+02,9.159636364982208789e-01
-9.126000000000000227e+02,9.166854532303481129e-01
-9.120799999999999272e+02,9.174032430172852637e-01
-9.115600000000000591e+02,9.181172132242860773e-01
-9.110399999999999636e+02,9.188271762367868911e-01
-9.105200000000000955e+02,9.195343509129512150e-01
-9.100000000000000000e+02,9.202366592070828633e-01
-9.094799999999999045e+02,9.209365225466208393e-01
-9.089600000000000364e+02,9.216309467246974751e-01
-9.084399999999999409e+02,9.223234807645372957e-01
-9.079200000000000728e+02,9.230100406262760071e-01
-9.073999999999999773e+02,9.236952637796612686e-01
-9.068799999999999955e+02,9.243743977308517268e-01
-9.063599999999999000e+02,9.250528450957093973e-01
-9.058400000000000318e+02,9.257241528400134145e-01
-9.053199999999999363e+02,9.263949467355446776e-01
-9.048000000000000682e+02,9.270592679056192109e-01
-9.042799999999999727e+02,9.277226558346339802e-01
-9.037599999999999909e+02,9.283797077518918250e-01
-9.032400000000000091e+02,9.290352123153988728e-01
-9.027200000000000273e+02,9.296849320637491365e-01
-9.022000000000000455e+02,9.303325726000477580e-01
-9.016800000000000637e+02,9.309749630796015918e-01
-9.011599999999999682e+02,9.316149116528520402e-01
-9.006399999999998727e+02,9.322505294550381683e-01
-9.001200000000000045e+02,9.328831685330225554e-01
-8.995999999999999091e+02,9.335119700769406448e-01
-8.990800000000000409e+02,9.341370129796372490e-01
-8.985599999999999454e+02,9.347585235353470523e-01
-8.980399999999999636e+02,9.353757057850654588e-01
-8.975199999999999818e+02,9.359898871165478473e-01
-8.970000000000000000e+02,9.365995473459280962e-01
-8.964800000000000182e+02,9.372069575412919074e-01
-8.959600000000000364e+02,9.378092893896846638e-01
-8.954399999999999409e+02,9.384098831987408573e-01
-8.949200000000000728e+02,9.390044884294255212e-01
-8.943999999999999773e+02,9.395977927399333796e-01
-8.938800000000001091e+02,9.401849709654584997e-01
-8.933600000000000136e+02,9.407714852805781902e-01
-8.928400000000000318e+02,9.413513542734138762e-01
-8.923199999999999363e+02,9.419306935107775169e-01
-8.918000000000000682e+02,9.425030817954850315e-01
-8.912799999999999727e+02,9.430745942951694882e-01
-8.907599999999999909e+02,9.436402303119790780e-01
-8.902400000000000091e+02,9.442044147097053974e-01
-8.897199999999999136e+02,9.447632580219853526e-01
-8.892000000000000455e+02,9.453201347354533990e-01
-8.886799999999999500e+02,9.458721845767639191e-01
-8.881600000000000819e+02,9.464217752372827697e-01
-8.876399999999999864e+02,9.469670296877847893e-01
-8.871200000000000045e+02,9.475090640579953982e-01
-8.865999999999999091e+02,9.480469910460871397e-01
-8.860800000000000409e+02,9.485816987526881627e-01
-8.855599999999999454e+02,9.491133905570510176e-01
-8.850400000000000773e+02,9.496410170134046425e-01
-8.845199999999999818e+02,9.501659168419382961e-01
-8.840000000000000000e+02,9.506862582053005051e-01
-8.834800000000000182e+02,9.512043437821759984e-01
-8.829600000000000364e+02,9.517173590003384920e-01
-8.824400000000000546e+02,9.522286940084248030e-01
-8.819199999999999591e+02,9.527348412230678409e-01
-8.813999999999999773e+02,9.532398791317359121e-01
-8.808799999999998818e+02,9.537387955572974585e-01
-8.803600000000000136e+02,9.542370641715964830e-01
-8.798399999999999181e+02,9.547286740290387153e-01
-8.793200000000000500e+02,9.552197897992562581e-01
-8.787999999999999545e+02,9.557050088547588418e-01
-8.782799999999999727e+02,9.561893153491086705e-01
-8.777599999999999909e+02,9.566677435121199169e-01
-8.772400000000000091e+02,9.571447249888398456e-01
-8.767200000000000273e+02,9.576163811741101872e-01
-8.762000000000000455e+02,9.580863434349606855e-01
-8.756799999999999500e+02,9.585522598470913591e-01
-8.751600000000000819e+02,9.590156611942708409e-01
-8.746399999999999864e+02,9.594747876376304996e-01
-8.741200000000001182e+02,9.599311137154585838e-01
-8.736000000000000227e+02,9.603840070319286104e-01
-8.730800000000000409e+02,9.608335813718571483e-01
-8.725599999999999454e+02,9.612801782727560251e-01
-8.720399999999999636e+02,9.617226965393934623e-01
-8.715199999999999818e+02,9.621625263656211624e-01
-8.710000000000000000e+02,9.625984469969173229e-01
-8.704800000000000182e+02,9.630325161573956017e-01
-8.699599999999999227e+02,9.634618802389109948e-01
-8.694400000000000546e+02,9.638896953360661657e-01
-8.689199999999999591e+02,9.643123094199487211e-01
-8.684000000000000909e+02,9.647338710549160368e-01
-8.678799999999999955e+02,9.651497347658171133e-01
-8.673600000000000136e+02,9.655650470697219045e-01
-8.668399999999999181e+02,9.659741573784803581e-01
-8.663200000000000500e+02,9.663828351143652906e-01
-8.657999999999999545e+02,9.667861340717629481e-01
-8.652800000000000864e+02,9.671886358358467994e-01
-8.647599999999999909e+02,9.675861756465811148e-01
-8.642400000000000091e+02,9.679823677761525413e-01
-8.637200000000000273e+02,9.683736770137542083e-01
-8.631999999999999318e+02,9.687631404574447158e-01
-8.626800000000000637e+02,9.691481779450652478e-01
-8.621599999999999682e+02,9.695312941902839432e-01
-8.616399999999999864e+02,9.699111112512902588e-01
-8.611199999999998909e+02,9.702881515712863392e-01
-8.606000000000000227e+02,9.706617172189117015e-01
-8.600799999999999272e+02,9.710322748947252114e-01
-8.595600000000000591e+02,9.714001262361773303e-01
-8.590399999999999636e+02,9.717644913939466056e-01
-8.585199999999999818e+02,9.721265855754361862e-01
-8.580000000000000000e+02,9.724847988020824952e-01
-8.574800000000000182e+02,9.728411802320109381e-01
-8.569600000000000364e+02,9.731931987308330978e-01
-8.564400000000000546e+02,9.735438455799690916e-01
-8.559199999999999591e+02,9.738896935366879726e-01
-8.554000000000000909e+02,9.742346071207813596e-01
-8.548799999999999955e+02,9.745747591559962286e-01
-8.543600000000001273e+02,9.749144565195847489e-01
-8.538400000000000318e+02,9.752484736419065880e-01
-8.533199999999999363e+02,9.755820943441125825e-01
-8.527999999999999545e+02,9.759108780239091896e-01
-8.522799999999999727e+02,9.762388624364720657e-01
-8.517599999999999909e+02,9.765624062949657125e-01
-8.512400000000000091e+02,9.768847010227543759e-01
-8.507200000000000273e+02,9.772025345481437641e-01
-8.501999999999999318e+02,9.775187893678980444e-01
-8.496800000000000637e+02,9.778314066439312002e-01
-8.491599999999999682e+02,9.781420673775029773e-01
-8.486400000000001000e+02,9.784494689465816908e-01
-8.481200000000000045e+02,9.787543071294592112e-01
-8.476000000000000227e+02,9.790559771063819250e-01
-8.470799999999999272e+02,9.793551786606538023e-01
-8.465600000000000591e+02,9.796521908745621232e-01
-8.460399999999999636e+02,9.799460291122992217e-01
-8.455200000000000955e+02,9.802378456474934998e-01
-8.450000000000000000e+02,9.805264334285830330e-01
-8.444799999999999045e+02,9.808135522052229271e-01
-8.439600000000000364e+02,9.810962971430364776e-01
-8.434399999999999409e+02,9.813776873514108434e-01
-8.429200000000000728e+02,9.816556043942082921e-01
-8.423999999999999773e+02,9.819328563351882311e-01
-8.418799999999999955e+02,9.822053312169595207e-01
-8.413599999999999000e+02,9.824773911166337914e-01
-8.408400000000000318e+02,9.827442538924177073e-01
-8.403199999999999363e+02,9.830107600904653964e-01
-8.398000000000000682e+02,9.832729289507038395e-01
-8.392799999999999727e+02,9.835344197125356347e-01
-8.387599999999999909e+02,9.837919127966359145e-01
-8.382400000000000091e+02,9.840484624652222623e-01
-8.377200000000000273e+02,9.843018181009556278e-01
-8.372000000000000455e+02,9.845535789868954391e-01
-8.366800000000000637e+02,9.848017251515708281e-01
-8.361599999999999682e+02,9.850481098987032835e-01
-8.356399999999998727e+02,9.852916034390218902e-01
-8.351200000000000045e+02,9.855332048529464872e-01
-8.345999999999999091e+02,9.857725188415672468e-01
-8.340800000000000409e+02,9.860093754310848002e-01
-8.335599999999999454e+02,9.862440386408377613e-01
-8.330399999999999636e+02,9.864758619368357850e-01
-8.325199999999999818e+02,9.867058560919010901e-01
-8.320000000000000000e+02,9.869330316618608601e-01
-8.314800000000000182e+02,9.871588918856184502e-01
-8.309600000000000364e+02,9.873815899690387976e-01
-8.304399999999999409e+02,9.876032968292578484e-01
-8.299200000000000728e+02,9.878215385041683172e-01
-8.293999999999999773e+02,9.880391376801413994e-01
-8.288800000000001091e+02,9.882524451793431863e-01
-8.283600000000000136e+02,9.884653772578855246e-01
-8.278400000000000318e+02,9.886741700492464036e-01
-8.273199999999999363e+02,9.888827080032711603e-01
-8.268000000000000682e+02,9.890879073851918113e-01
-8.262799999999999727e+02,9.892924691106170787e-01
-8.257599999999999909e+02,9.894935387714983710e-01
-8.252400000000000091e+02,9.896936496621133728e-01
-8.247199999999999136e+02,9.898905942104320177e-01
-8.242000000000000455e+02,9.900862565398378390e-01
-8.236799999999999500e+02,9.902790702848979221e-01
-8.231600000000000819e+02,9.904704917319829827e-01
-8.226399999999999864e+02,9.906597164386202747e-01
-8.221200000000000045e+02,9.908470387850758510e-01
-8.215999999999999091e+02,9.910321409274512883e-01
-8.210800000000000409e+02,9.912153026014351997e-01
-8.205599999999999454e+02,9.913968142558092778e-01
-8.200400000000000773e+02,9.915761266652493022e-01
-8.195199999999999818e+02,9.917540335565843135e-01
-8.190000000000000000e+02,9.919294772657817338e-01
-8.184800000000000182e+02,9.921038157150751102e-01
-8.179600000000000364e+02,9.922754116212401110e-01
-8.174400000000000546e+02,9.924461708721109554e-01
-8.169199999999999591e+02,9.926134586937535031e-01
-8.163999999999999773e+02,9.927801210250417618e-01
-8.158799999999998818e+02,9.929439617391609962e-01
-8.153600000000000136e+02,9.931075839219173362e-01
-8.148399999999999181e+02,9.932681314440316989e-01
-8.143200000000000500e+02,9.934283895075858295e-01
-8.137999999999999545e+02,9.935848830731635051e-01
-8.132799999999999727e+02,9.937409741749652081e-01
-8.127599999999999909e+02,9.938949405648807023e-01
-8.122400000000000091e+02,9.940479992840084433e-01
-8.117200000000000273e+02,9.941978958818180612e-01
-8.112000000000000455e+02,9.943470415775734761e-01
-8.106799999999999500e+02,9.944944393139063532e-01
-8.101600000000000819e+02,9.946404969246063210e-01
-8.096399999999999864e+02,9.947843623142736957e-01
-8.091200000000001182e+02,9.949268558079978897e-01
-8.086000000000000227e+02,9.950677088212198651e-01
-8.080800000000000409e+02,9.952069852073688327e-01
-8.075599999999999454e+02,9.953448439538852277e-01
-8.070399999999999636e+02,9.954808888098870545e-01
-8.065199999999999818e+02,9.956157823457196798e-01
-8.060000000000000000e+02,9.957485959734129199e-01
-8.054800000000000182e+02,9.958805013817180196e-01
-8.049599999999999227e+02,9.960105297574136651e-01
-8.044400000000000546e+02,9.961399897225937661e-01
-8.039199999999999591e+02,9.962669629220610723e-01
-8.034000000000000909e+02,9.963934677866840284e-01
-8.028799999999999955e+02,9.965172318478439095e-01
-8.023600000000000136e+02,9.966408028671396302e-01
-8.018399999999999181e+02,9.967619411599797363e-01
-8.013200000000000500e+02,9.968828727272482926e-01
-8.007999999999999545e+02,9.970010730885382477e-01
-8.002800000000000864e+02,9.971190404109496752e-01
-7.997599999999999909e+02,9.972353803854588916e-01
-7.992400000000000091e+02,9.973510954000119888e-01
-7.987200000000000273e+02,9.974645540147608624e-01
-7.981999999999999318e+02,9.975773138969233900e-01
-7.976800000000000637e+02,9.976884194031822028e-01
-7.971599999999999682e+02,9.977984396424962599e-01
-7.966399999999999864e+02,9.979066688297716370e-01
-7.961199999999998909e+02,9.980141270907350037e-01
-7.956000000000000227e+02,9.981205705973705822e-01
-7.950799999999999272e+02,9.982260814967605089e-01
-7.945600000000000591e+02,9.983307420622568040e-01
-7.940399999999999636e+02,9.984337213178856585e-01
-7.935199999999999818e+02,9.985355512024282065e-01
-7.930000000000000000e+02,9.986362491891032089e-01
-7.924800000000000182e+02,9.987363469368252256e-01
-7.919600000000000364e+02,9.988347727703954515e-01
-7.914400000000000546e+02,9.989326554754958121e-01
-7.909199999999999591e+02,9.990291110165824273e-01
-7.904000000000000909e+02,9.991253164365496708e-01
-7.898799999999999955e+02,9.992194631127909732e-01
-7.893600000000001273e+02,9.993134657555349243e-01
-7.888400000000000318e+02,9.994057839463308390e-01
-7.883199999999999363e+02,9.994980098357727494e-01
-7.877999999999999545e+02,9.995886800057612875e-01
-7.872799999999999727e+02,9.996790819390874994e-01
-7.867599999999999909e+02,9.997676279452891723e-01
-7.862400000000000091e+02,9.998559974407624784e-01
-7.857200000000000273e+02,9.999434595409254500e-01
-7.851999999999999318e+02,1.000030359310903894e+00
-7.846800000000000637e+02,1.000115709791738583e+00
-7.841599999999999682e+02,1.000200784336060078e+00
-7.836400000000001000e+02,1.000285123322228520e+00
-7.831200000000000045e+02,1.000368833884452080e+00
-7.826000000000000227e+02,1.000451667404730127e+00
-7.820799999999999272e+02,1.000533756991975443e+00
-7.815600000000000591e+02,1.000615049734545625e+00
-7.810399999999999636e+02,1.000695828319469571e+00
-7.805200000000000955e+02,1.000776143380283090e+00
-7.800000000000000000e+02,1.000855139610855149e+00
-7.794799999999999045e+02,1.000933426336060528e+00
-7.789600000000000364e+02,1.001011485299199810e+00
-7.784399999999999409e+02,1.001089367747834968e+00
-7.779200000000000728e+02,1.001166004241133001e+00
-7.773999999999999773e+02,1.001242443062898335e+00
-7.768799999999999955e+02,1.001317406743483129e+00
-7.763599999999999000e+02,1.001392339864018988e+00
-7.758400000000000318e+02,1.001466727542919211e+00
-7.753199999999999363e+02,1.001541060173443576e+00
-7.748000000000000682e+02,1.001613871453307603e+00
-7.742799999999999727e+02,1.001686586215610353e+00
-7.737599999999999909e+02,1.001758322052779704e+00
-7.732400000000000091e+02,1.001829749491388144e+00
-7.727200000000000273e+02,1.001899850702881123e+00
-7.722000000000000455e+02,1.001969809586777505e+00
-7.716800000000000637e+02,1.002039232968533256e+00
-7.711599999999999682e+02,1.002108218291483999e+00
-7.706399999999998727e+02,1.002176378486251185e+00
-7.701200000000000045e+02,1.002243921999945719e+00
-7.695999999999999091e+02,1.002310697783976856e+00
-7.690800000000000409e+02,1.002376674010691859e+00
-7.685599999999999454e+02,1.002441986779217142e+00
-7.680399999999999636e+02,1.002506595953351010e+00
-7.675199999999999818e+02,1.002570767605998503e+00
-7.670000000000000000e+02,1.002633664258351098e+00
-7.664800000000000182e+02,1.002696080091060926e+00
-7.659600000000000364e+02,1.002756862513252356e+00
-7.654399999999999409e+02,1.002817294476804344e+00
-7.649200000000000728e+02,1.002876238389042163e+00
-7.643999999999999773e+02,1.002934953097294191e+00
-7.638800000000001091e+02,1.002991486559118295e+00
-7.633600000000000136e+02,1.003047678427189338e+00
-7.628400000000000318e+02,1.003102021149100187e+00
-7.623199999999999363e+02,1.003155847800139000e+00
-7.618000000000000682e+02,1.003207305160412677e+00
-7.612799999999999727e+02,1.003258106155508589e+00
-7.607599999999999909e+02,1.003307474752816786e+00
-7.602400000000000091e+02,1.003355639126801702e+00
-7.597199999999999136e+02,1.003401568674180622e+00
-7.592000000000000455e+02,1.003445895798459997e+00
-7.586799999999999500e+02,1.003488112230169982e+00
-7.581600000000000819e+02,1.003528685233416873e+00
-7.576399999999999864e+02,1.003567916411726157e+00
-7.571200000000000045e+02,1.003604873841981160e+00
-7.565999999999999091e+02,1.003640332377512934e+00
-7.560800000000000409e+02,1.003672703546526934e+00
-7.555599999999999454e+02,1.003703576710851753e+00
-7.550400000000000773e+02,1.003731463489041964e+00
-7.545199999999999818e+02,1.003758547076257557e+00
-7.540000000000000000e+02,1.003781712698024187e+00
-7.534800000000000182e+02,1.003804223389709094e+00
-7.529600000000000364e+02,1.003822308514522144e+00
-7.524400000000000546e+02,1.003839866412156612e+00
-7.519199999999999591e+02,1.003852796200992659e+00
-7.513999999999999773e+02,1.003865102022814870e+00
-7.508799999999998818e+02,1.003872873715962344e+00
-7.503600000000000136e+02,1.003879799799081152e+00
-7.498399999999999181e+02,1.003882948198269842e+00
-7.493200000000000500e+02,1.003884874595655008e+00
-7.487999999999999545e+02,1.003882902388623322e+00
-7.482799999999999727e+02,1.003879357496933356e+00
-7.477599999999999909e+02,1.003872402968850164e+00
-7.472400000000000091e+02,1.003863687579281017e+00
-7.467200000000000273e+02,1.003852436583846375e+00
-7.462000000000000455e+02,1.003839212058710739e+00
-7.456799999999999500e+02,1.003823949820290995e+00
-7.451600000000000819e+02,1.003806377057153698e+00
-7.446399999999999864e+02,1.003786928167028858e+00
-7.441200000000001182e+02,1.003765180570318272e+00
-7.436000000000000227e+02,1.003741986156910349e+00
-7.430800000000000409e+02,1.003716968471881410e+00
-7.425599999999999454e+02,1.003691173341640486e+00
-7.420399999999999636e+02,1.003663879314481866e+00
-7.415199999999999818e+02,1.003636139357727330e+00
-7.410000000000000000e+02,1.003607428040017568e+00
-7.404800000000000182e+02,1.003578516962276179e+00
-7.399599999999999227e+02,1.003548924292535283e+00
-7.394400000000000546e+02,1.003519195279056753e+00
-7.389199999999999591e+02,1.003490006523260591e+00
-7.384000000000000909e+02,1.003461016581703946e+00
-7.378799999999999955e+02,1.003433285207353531e+00
-7.373600000000000136e+02,1.003406129396495094e+00
-7.368399999999999181e+02,1.003380847536477605e+00
-7.363200000000000500e+02,1.003356634792746505e+00
-7.357999999999999545e+02,1.003334768680479216e+00
-7.352800000000000864e+02,1.003314622694887026e+00
-7.347599999999999909e+02,1.003297131852349144e+00
-7.342400000000000091e+02,1.003281937639040278e+00
-7.337200000000000273e+02,1.003269195013008375e+00
-7.331999999999999318e+02,1.003259870950504284e+00
-7.326800000000000637e+02,1.003253736706159804e+00
-7.321599999999999682e+02,1.003251736474487732e+00
-7.316399999999999864e+02,1.003252356911544574e+00
-7.311199999999998909e+02,1.003257801536225013e+00
-7.306000000000000227e+02,1.003265285014349528e+00
-7.300799999999999272e+02,1.003279018845911086e+00
-7.295600000000000591e+02,1.003294834719253403e+00
-7.290399999999999636e+02,1.003317488310404348e+00
-7.285199999999999818e+02,1.003341402980671093e+00
-7.280000000000000000e+02,1.003373291062958916e+00
-7.274800000000000182e+02,1.003405995425718400e+00
-7.269600000000000364e+02,1.003446461093369324e+00
-7.264400000000000546e+02,1.003487411648221528e+00
-7.259199999999999591e+02,1.003536401393445576e+00
-7.254000000000000909e+02,1.003586555616085674e+00
-7.248799999999999955e+02,1.003643316422229592e+00
-7.243600000000001273e+02,1.003701716257227927e+00
-7.238400000000000318e+02,1.003765738388670448e+00
-7.233199999999999363e+02,1.003831865954922131e+00
-7.227999999999999545e+02,1.003903141281879963e+00
-7.222799999999999727e+02,1.003976728008116437e+00
-7.217599999999999909e+02,1.004054024671135803e+00
-7.212400000000000091e+02,1.004133784040712740e+00
-7.207200000000000273e+02,1.004216351337564372e+00
-7.201999999999999318e+02,1.004301572400189357e+00
-7.196800000000000637e+02,1.004389146939128397e+00
-7.191599999999999682e+02,1.004479016712878536e+00
-7.186400000000001000e+02,1.004570226373133757e+00
-7.181200000000000045e+02,1.004663695895300579e+00
-7.176000000000000227e+02,1.004758231551036163e+00
-7.170799999999999272e+02,1.004854327626294008e+00
-7.165600000000000591e+02,1.004950787656250677e+00
-7.160399999999999636e+02,1.005048332365507946e+00
-7.155200000000000955e+02,1.005145960190511056e+00
-7.150000000000000000e+02,1.005244423063085257e+00
-7.144799999999999045e+02,1.005342968108302149e+00
-7.139600000000000364e+02,1.005441711150298678e+00
-7.134399999999999409e+02,1.005540467836999019e+00
-7.129200000000000728e+02,1.005638341371686728e+00
-7.123999999999999773e+02,1.005736079923124526e+00
-7.118799999999999955e+02,1.005832974326090312e+00
-7.113599999999999000e+02,1.005929590522725903e+00
-7.108400000000000318e+02,1.006024608978415502e+00
-7.103199999999999363e+02,1.006119115619164006e+00
-7.098000000000000682e+02,1.006212388093244980e+00
-7.092799999999999727e+02,1.006304883320503274e+00
-7.087599999999999909e+02,1.006395618325153007e+00
-7.082400000000000091e+02,1.006485565583239206e+00
-7.077200000000000273e+02,1.006574642956733046e+00
-7.072000000000000455e+02,1.006662365122534819e+00
-7.066800000000000637e+02,1.006748579493218942e+00
-7.061599999999999682e+02,1.006833213687332140e+00
-7.056399999999998727e+02,1.006916556702732057e+00
-7.051200000000000045e+02,1.006998335989431226e+00
-7.045999999999999091e+02,1.007079312792009684e+00
-7.040800000000000409e+02,1.007158565828111474e+00
-7.035599999999999454e+02,1.007237223850661056e+00
-7.030399999999999636e+02,1.007314013229771765e+00
-7.025199999999999818e+02,1.007390417983559106e+00
-7.020000000000000000e+02,1.007464499130084734e+00
-7.014800000000000182e+02,1.007538227591419311e+00
-7.009600000000000364e+02,1.007609949295506624e+00
-7.004399999999999409e+02,1.007681563652291779e+00
-6.999200000000000728e+02,1.007751348020295978e+00
-6.993999999999999773e+02,1.007820926542877693e+00
-6.988800000000001091e+02,1.007888963354193645e+00
-6.983600000000000136e+02,1.007956630664121889e+00
-6.978400000000000318e+02,1.008022526261706853e+00
-6.973199999999999363e+02,1.008087954077433235e+00
-6.968000000000000682e+02,1.008152334190903776e+00
-6.962799999999999727e+02,1.008216290030866658e+00
-6.957599999999999909e+02,1.008279794670704721e+00
-6.952400000000000091e+02,1.008342431554981378e+00
-6.947199999999999136e+02,1.008403560420862100e+00
-6.942000000000000455e+02,1.008464264991846049e+00
-6.936799999999999500e+02,1.008524732539348046e+00
-6.931600000000000819e+02,1.008584514041944491e+00
-6.926399999999999864e+02,1.008643845387183102e+00
-6.921200000000000045e+02,1.008702138175262553e+00
-6.915999999999999091e+02,1.008759870999333952e+00
-6.910800000000000409e+02,1.008816793822552071e+00
-6.905599999999999454e+02,1.008873495878775950e+00
-6.900400000000000773e+02,1.008929338093747852e+00
-6.895199999999999818e+02,1.008985022496155182e+00
-6.890000000000000000e+02,1.009039770889712750e+00
-6.884800000000000182e+02,1.009094455027677029e+00
-6.879600000000000364e+02,1.009148165827607135e+00
-6.874400000000000546e+02,1.009201789739926136e+00
-6.869199999999999591e+02,1.009254073600472257e+00
-6.863999999999999773e+02,1.009306091931911009e+00
-6.858799999999998818e+02,1.009357819238357212e+00
-6.853600000000000136e+02,1.009409282504212690e+00
-6.848399999999999181e+02,1.009459487123170573e+00
-6.843200000000000500e+02,1.009509385080417321e+00
-6.837999999999999545e+02,1.009559092718915529e+00
-6.832799999999999727e+02,1.009608258529590463e+00
-6.827599999999999909e+02,1.009656372939705671e+00
-6.822400000000000091e+02,1.009703954199425491e+00
-6.817200000000000273e+02,1.009751021879601751e+00
-6.812000000000000455e+02,1.009797407145421211e+00
-6.806799999999999500e+02,1.009843391789286171e+00
-6.801600000000000819e+02,1.009888572543399921e+00
-6.796399999999999864e+02,1.009933430657201203e+00
-6.791200000000001182e+02,1.009977410755419358e+00
-6.786000000000000227e+02,1.010021103467376502e+00
-6.780800000000000409e+02,1.010063880505746914e+00
-6.775599999999999454e+02,1.010106424594795493e+00
-6.770399999999999636e+02,1.010147929839443570e+00
-6.765199999999999818e+02,1.010189310637459759e+00
-6.760000000000000000e+02,1.010229192640457185e+00
-6.754800000000000182e+02,1.010268838090547794e+00
-6.749599999999999227e+02,1.010307857920599073e+00
-6.744400000000000546e+02,1.010346800705459680e+00
-6.739199999999999591e+02,1.010384767695175379e+00
-6.734000000000000909e+02,1.010422491455200467e+00
-6.728799999999999955e+02,1.010458848316056812e+00
-6.723600000000000136e+02,1.010494916124697884e+00
-6.718399999999999181e+02,1.010530711274430393e+00
-6.713200000000000500e+02,1.010566078399519840e+00
-6.707999999999999545e+02,1.010600354723970362e+00
-6.702800000000000864e+02,1.010634168468276917e+00
-6.697599999999999909e+02,1.010667484410534556e+00
-6.692400000000000091e+02,1.010700435071195447e+00
-6.687200000000000273e+02,1.010733363160451370e+00
-6.681999999999999318e+02,1.010765578189133151e+00
-6.676800000000000637e+02,1.010797185748240290e+00
-6.671599999999999682e+02,1.010828278945199221e+00
-6.666399999999999864e+02,1.010859155578212709e+00
-6.661199999999998909e+02,1.010889511965599841e+00
-6.656000000000000227e+02,1.010919749610200702e+00
-6.650799999999999272e+02,1.010949484134271437e+00
-6.645600000000000591e+02,1.010979188375783933e+00
-6.640399999999999636e+02,1.011008488670768868e+00
-6.635199999999999818e+02,1.011037780871422820e+00
-6.630000000000000000e+02,1.011066789246282571e+00
-6.624800000000000182e+02,1.011095745979358362e+00
-6.619600000000000364e+02,1.011124601346444773e+00
-6.614400000000000546e+02,1.011153418136357951e+00
-6.609199999999999591e+02,1.011182242714805835e+00
-6.604000000000000909e+02,1.011211083952187728e+00
-6.598799999999999955e+02,1.011240045176042157e+00
-6.593600000000001273e+02,1.011269066526236937e+00
-6.588400000000000318e+02,1.011298319839723625e+00
-6.583199999999999363e+02,1.011327669846859179e+00
-6.577999999999999545e+02,1.011357356135298202e+00
-6.572799999999999727e+02,1.011387121576412085e+00
-6.567599999999999909e+02,1.011416882948482865e+00
-6.562400000000000091e+02,1.011447117388373451e+00
-6.557200000000000273e+02,1.011478127952493589e+00
-6.551999999999999318e+02,1.011509595391368199e+00
-6.546800000000000637e+02,1.011541497986183202e+00
-6.541599999999999682e+02,1.011573829436167582e+00
-6.536400000000001000e+02,1.011606248614731252e+00
-6.531200000000000045e+02,1.011639771944371269e+00
-6.526000000000000227e+02,1.011673937365253462e+00
-6.520799999999999272e+02,1.011709112042391778e+00
-6.515600000000000591e+02,1.011744611151635498e+00
-6.510399999999999636e+02,1.011781002436915600e+00
-6.505200000000000955e+02,1.011817461162556553e+00
-6.500000000000000000e+02,1.011855395459748008e+00
-6.494799999999999045e+02,1.011893453774615814e+00
-6.489600000000000364e+02,1.011933636164513928e+00
-6.484399999999999409e+02,1.011974103496603439e+00
-6.479200000000000728e+02,1.012015721975329408e+00
-6.473999999999999773e+02,1.012057623599855072e+00
-6.468799999999999955e+02,1.012101641134534935e+00
-6.463599999999999000e+02,1.012146156513421102e+00
-6.458400000000000318e+02,1.012191626703352165e+00
-6.453199999999999363e+02,1.012237786910306969e+00
-6.448000000000000682e+02,1.012285340504226916e+00
-6.442799999999999727e+02,1.012333750737448801e+00
-6.437599999999999909e+02,1.012383391253228515e+00
-6.432400000000000091e+02,1.012434074736929590e+00
-6.427200000000000273e+02,1.012485851071453613e+00
-6.422000000000000455e+02,1.012538790782868237e+00
-6.416800000000000637e+02,1.012592711493615738e+00
-6.411599999999999682e+02,1.012647961884278747e+00
-6.406399999999998727e+02,1.012704017171233595e+00
-6.401200000000000045e+02,1.012761517115769783e+00
-6.396000000000000227e+02,1.012819650243528935e+00
-6.390800000000000409e+02,1.012879347259829643e+00
-6.385600000000000591e+02,1.012939510986838876e+00
-6.380399999999999636e+02,1.013001358845375233e+00
-6.375199999999999818e+02,1.013063464183801443e+00
-6.370000000000000000e+02,1.013127320811998855e+00
-6.364800000000000182e+02,1.013191344585175013e+00
-6.359599999999999227e+02,1.013256581053733729e+00
-6.354399999999999409e+02,1.013321918947463152e+00
-6.349199999999999591e+02,1.013389171568319203e+00
-6.343999999999999773e+02,1.013456705096290822e+00
-6.338799999999999955e+02,1.013525421771533708e+00
-6.333600000000000136e+02,1.013594435756639101e+00
-6.328400000000000318e+02,1.013663892767357355e+00
-6.323199999999999363e+02,1.013733764516575597e+00
-6.317999999999999545e+02,1.013804802655871695e+00
-6.312799999999999727e+02,1.013876061151913532e+00
-6.307599999999999909e+02,1.013947383658719836e+00
-6.302400000000000091e+02,1.014019021777076590e+00
-6.297200000000000273e+02,1.014090955969057406e+00
-6.292000000000000455e+02,1.014163269215232033e+00
-6.286800000000000637e+02,1.014236087083420612e+00
-6.281600000000000819e+02,1.014308709611857928e+00
-6.276399999999999864e+02,1.014381082410097834e+00
-6.271200000000000045e+02,1.014453297934989395e+00
-6.265999999999999091e+02,1.014525499583418755e+00
-6.260799999999999272e+02,1.014597278671208969e+00
-6.255599999999999454e+02,1.014669027303673587e+00
-6.250399999999999636e+02,1.014740029533591992e+00
-6.245199999999999818e+02,1.014811004087656787e+00
-6.240000000000000000e+02,1.014880922127740170e+00
-6.234800000000000182e+02,1.014950805566066094e+00
-6.229600000000000364e+02,1.015019311414696590e+00
-6.224400000000000546e+02,1.015087695671489376e+00
-6.219199999999999591e+02,1.015154576997190805e+00
-6.213999999999999773e+02,1.015221119937399274e+00
-6.208799999999999955e+02,1.015286062003072587e+00
-6.203600000000000136e+02,1.015350389894394301e+00
-6.198400000000000318e+02,1.015412594634942600e+00
-6.193200000000000500e+02,1.015474020489877782e+00
-6.188000000000000682e+02,1.015534217407236373e+00
-6.182799999999999727e+02,1.015593278182704839e+00
-6.177599999999999909e+02,1.015650723275153711e+00
-6.172400000000000091e+02,1.015706499938122453e+00
-6.167200000000000273e+02,1.015760380978153243e+00
-6.161999999999999318e+02,1.015812359676503629e+00
-6.156799999999999500e+02,1.015862992572910795e+00
-6.151599999999999682e+02,1.015911519281485154e+00
-6.146399999999999864e+02,1.015959176209987325e+00
-6.141200000000000045e+02,1.016003778712105010e+00
-6.136000000000000227e+02,1.016047162092469813e+00
-6.130800000000000409e+02,1.016087349522534433e+00
-6.125599999999999454e+02,1.016126829412548727e+00
-6.120399999999999636e+02,1.016162645988333502e+00
-6.115199999999999818e+02,1.016198062168814031e+00
-6.110000000000000000e+02,1.016229378953208862e+00
-6.104800000000000182e+02,1.016260427752137208e+00
-6.099600000000000364e+02,1.016287189198261220e+00
-6.094400000000000546e+02,1.016313516881176771e+00
-6.089200000000000728e+02,1.016335843866992272e+00
-6.084000000000000909e+02,1.016357349599622761e+00
-6.078799999999999955e+02,1.016375135010816333e+00
-6.073600000000000136e+02,1.016391712726373964e+00
-6.068399999999999181e+02,1.016404950954864050e+00
-6.063199999999999363e+02,1.016416612569220446e+00
-6.057999999999999545e+02,1.016425279704597395e+00
-6.052799999999999727e+02,1.016431834839988113e+00
-6.047599999999999909e+02,1.016435336943202872e+00
-6.042400000000000091e+02,1.016436693788315360e+00
-6.037200000000000273e+02,1.016436171708739344e+00
-6.032000000000000455e+02,1.016432780412295456e+00
-6.026800000000000637e+02,1.016427195251398796e+00
-6.021599999999999682e+02,1.016418846748645022e+00
-6.016399999999999864e+02,1.016409331802994087e+00
-6.011200000000000045e+02,1.016396298312727486e+00
-6.006000000000000227e+02,1.016381930193931638e+00
-6.000800000000000409e+02,1.016363985624929134e+00
-5.995600000000000591e+02,1.016345315448500930e+00
-5.990400000000000773e+02,1.016323279923595058e+00
-5.985199999999999818e+02,1.016301073969000823e+00
-5.980000000000000000e+02,1.016274544534556457e+00
-5.974800000000000182e+02,1.016247697354896617e+00
-5.969600000000000364e+02,1.016217126757712252e+00
-5.964399999999999409e+02,1.016186227600259118e+00
-5.959199999999999591e+02,1.016152096082863610e+00
-5.953999999999999773e+02,1.016117335972835933e+00
-5.948799999999999955e+02,1.016079860964756998e+00
-5.943600000000000136e+02,1.016041527032520486e+00
-5.938400000000000318e+02,1.016000910431463122e+00
-5.933200000000000500e+02,1.015959241698627613e+00
-5.927999999999999545e+02,1.015915728350466729e+00
-5.922799999999999727e+02,1.015871010086111470e+00
-5.917599999999999909e+02,1.015824835499949286e+00
-5.912400000000000091e+02,1.015777181097965221e+00
-5.907200000000000273e+02,1.015728041876917453e+00
-5.902000000000000455e+02,1.015677757247283930e+00
-5.896800000000000637e+02,1.015626990812348085e+00
-5.891599999999999682e+02,1.015574837120267526e+00
-5.886399999999999864e+02,1.015522156324854874e+00
-5.881200000000000045e+02,1.015467817967639297e+00
-5.876000000000000227e+02,1.015412983229452504e+00
-5.870799999999999272e+02,1.015357114694124929e+00
-5.865599999999999454e+02,1.015301371304703437e+00
-5.860399999999999636e+02,1.015244399871489733e+00
-5.855199999999999818e+02,1.015187485432298198e+00
-5.850000000000000000e+02,1.015129101741582440e+00
-5.844800000000000182e+02,1.015070679808334653e+00
-5.839600000000000364e+02,1.015011921217702451e+00
-5.834400000000000546e+02,1.014953287721612529e+00
-5.829200000000000728e+02,1.014893666060432187e+00
-5.823999999999999773e+02,1.014834043212217152e+00
-5.818799999999999955e+02,1.014774174499230686e+00
-5.813600000000000136e+02,1.014714378838187159e+00
-5.808400000000000318e+02,1.014655006191468978e+00
-5.803199999999999363e+02,1.014595612131517832e+00
-5.797999999999999545e+02,1.014535929279546833e+00
-5.792799999999999727e+02,1.014476299337252030e+00
-5.787599999999999909e+02,1.014416984264181254e+00
-5.782400000000000091e+02,1.014357827461853878e+00
-5.777200000000000273e+02,1.014299043915675158e+00
-5.772000000000000455e+02,1.014240699948010249e+00
-5.766799999999999500e+02,1.014183184509596325e+00
-5.761599999999999682e+02,1.014125754018279979e+00
-5.756399999999999864e+02,1.014068526812113458e+00
-5.751200000000000045e+02,1.014011815374494363e+00
-5.746000000000000227e+02,1.013955575982006696e+00
-5.740800000000000409e+02,1.013900022844496762e+00
-5.735600000000000591e+02,1.013844883311472822e+00
-5.730399999999999636e+02,1.013790563998518079e+00
-5.725199999999999818e+02,1.013736680880381158e+00
-5.720000000000000000e+02,1.013683781287051611e+00
-5.714800000000000182e+02,1.013631222567435985e+00
-5.709599999999999227e+02,1.013579792069250640e+00
-5.704399999999999409e+02,1.013528748571173921e+00
-5.699199999999999591e+02,1.013478840445496187e+00
-5.693999999999999773e+02,1.013429395285884382e+00
-5.688799999999999955e+02,1.013381055657758489e+00
-5.683600000000000136e+02,1.013333291786448376e+00
-5.678400000000000318e+02,1.013286617207995954e+00
-5.673199999999999363e+02,1.013240566835255985e+00
-5.667999999999999545e+02,1.013195656556991953e+00
-5.662799999999999727e+02,1.013151397475292370e+00
-5.657599999999999909e+02,1.013108246064656326e+00
-5.652400000000000091e+02,1.013065849409569896e+00
-5.647200000000000273e+02,1.013024522370708391e+00
-5.642000000000000455e+02,1.012984026983396513e+00
-5.636800000000000637e+02,1.012944557580176097e+00
-5.631600000000000819e+02,1.012905987676507413e+00
-5.626399999999999864e+02,1.012868400024089732e+00
-5.621200000000000045e+02,1.012831825180259271e+00
-5.615999999999999091e+02,1.012796122353111894e+00
-5.610799999999999272e+02,1.012761576955756748e+00
-5.605599999999999454e+02,1.012727754664748403e+00
-5.600399999999999636e+02,1.012695220761677728e+00
-5.595199999999999818e+02,1.012663330162257180e+00
-5.590000000000000000e+02,1.012632854813670713e+00
-5.584800000000000182e+02,1.012602945480994610e+00
-5.579600000000000364e+02,1.012574456506122544e+00
-5.574400000000000546e+02,1.012546542287794615e+00
-5.569199999999999591e+02,1.012520024646324179e+00
-5.563999999999999773e+02,1.012494131785051765e+00
-5.558799999999999955e+02,1.012469569542900016e+00
-5.553600000000000136e+02,1.012445695897232989e+00
-5.548400000000000318e+02,1.012423101242346579e+00
-5.543200000000000500e+02,1.012401215645922559e+00
-5.538000000000000682e+02,1.012380583385150468e+00
-5.532799999999999727e+02,1.012360778087819657e+00
-5.527599999999999909e+02,1.012342670614928331e+00
-5.522400000000000091e+02,1.012325053096210237e+00
-5.517200000000000273e+02,1.012308369119177209e+00
-5.511999999999999318e+02,1.012292350296122079e+00
-5.506799999999999500e+02,1.012277651355149688e+00
-5.501599999999999682e+02,1.012263586727050413e+00
-5.496399999999999864e+02,1.012250750729787097e+00
-5.491200000000000045e+02,1.012238705057406207e+00
-5.486000000000000227e+02,1.012227744552876230e+00
-5.480800000000000409e+02,1.012218024046035447e+00
-5.475599999999999454e+02,1.012209430882842875e+00
-5.470399999999999636e+02,1.012201471703581879e+00
-5.465199999999999818e+02,1.012194233899024187e+00
-5.460000000000000000e+02,1.012188071377321474e+00
-5.454800000000000182e+02,1.012182717279022759e+00
-5.449600000000000364e+02,1.012178912777100814e+00
-5.444400000000000546e+02,1.012175976434649183e+00
-5.439200000000000728e+02,1.012173641016635983e+00
-5.434000000000000909e+02,1.012172041087201713e+00
-5.428799999999999955e+02,1.012172091834550258e+00
-5.423600000000000136e+02,1.012172808134804924e+00
-5.418399999999999181e+02,1.012174258367829704e+00
-5.413199999999999363e+02,1.012176430023158380e+00
-5.407999999999999545e+02,1.012180335420129751e+00
-5.402799999999999727e+02,1.012184655550631085e+00
-5.397599999999999909e+02,1.012189946099747884e+00
-5.392400000000000091e+02,1.012195888736134863e+00
-5.387200000000000273e+02,1.012203619249863129e+00
-5.382000000000000455e+02,1.012211751816612493e+00
-5.376800000000000637e+02,1.012221429904196279e+00
-5.371599999999999682e+02,1.012231237171385967e+00
-5.366399999999999864e+02,1.012242272224800788e+00
-5.361200000000000045e+02,1.012254051052783765e+00
-5.356000000000000227e+02,1.012267484687355834e+00
-5.350800000000000409e+02,1.012281433225966421e+00
-5.345600000000000591e+02,1.012296697108828969e+00
-5.340400000000000773e+02,1.012312645233386599e+00
-5.335199999999999818e+02,1.012329783680144368e+00
-5.330000000000000000e+02,1.012347670382170550e+00
-5.324800000000000182e+02,1.012366706903120139e+00
-5.319600000000000364e+02,1.012386581471036218e+00
-5.314399999999999409e+02,1.012407480874144783e+00
-5.309199999999999591e+02,1.012429318881526985e+00
-5.303999999999999773e+02,1.012452082080211202e+00
-5.298799999999999955e+02,1.012475942743293000e+00
-5.293600000000000136e+02,1.012500593539960470e+00
-5.288400000000000318e+02,1.012526943663528911e+00
-5.283200000000000500e+02,1.012553876037745493e+00
-5.277999999999999545e+02,1.012581699932462831e+00
-5.272799999999999727e+02,1.012610007756908237e+00
-5.267599999999999909e+02,1.012639840579099504e+00
-5.262400000000000091e+02,1.012670169221544958e+00
-5.257200000000000273e+02,1.012702490943605982e+00
-5.252000000000000455e+02,1.012734762068517202e+00
-5.246800000000000637e+02,1.012768507904312276e+00
-5.241599999999999682e+02,1.012802651696174783e+00
-5.236399999999999864e+02,1.012838755849750028e+00
-5.231200000000000045e+02,1.012875106647304957e+00
-5.226000000000000227e+02,1.012912975891558931e+00
-5.220799999999999272e+02,1.012950840797883334e+00
-5.215599999999999454e+02,1.012989948914543525e+00
-5.210399999999999636e+02,1.013029854270527386e+00
-5.205199999999999818e+02,1.013071174815429076e+00
-5.200000000000000000e+02,1.013113053883446746e+00
-5.194800000000000182e+02,1.013156047802629134e+00
-5.189600000000000364e+02,1.013199638340232189e+00
-5.184400000000000546e+02,1.013244235773363089e+00
-5.179200000000000728e+02,1.013289565627976785e+00
-5.173999999999999773e+02,1.013335676355731074e+00
-5.168799999999999955e+02,1.013382639542302899e+00
-5.163600000000000136e+02,1.013430231388693592e+00
-5.158400000000000318e+02,1.013478754762695555e+00
-5.153199999999999363e+02,1.013527842484398311e+00
-5.147999999999999545e+02,1.013578375959466316e+00
-5.142799999999999727e+02,1.013629091686261585e+00
-5.137599999999999909e+02,1.013680460271753070e+00
-5.132400000000000091e+02,1.013732222388625370e+00
-5.127200000000000273e+02,1.013785373462269046e+00
-5.122000000000000455e+02,1.013838361368748275e+00
-5.116800000000000068e+02,1.013892118782974805e+00
-5.111599999999999682e+02,1.013945700020260077e+00
-5.106399999999999864e+02,1.013999859275189319e+00
-5.101200000000000045e+02,1.014056472570846523e+00
-5.096000000000000227e+02,1.014115605071661319e+00
-5.090800000000000409e+02,1.014171510543537602e+00
-5.085600000000000023e+02,1.014226033899865653e+00
-5.080400000000000205e+02,1.014280736874264122e+00
-5.075200000000000387e+02,1.014335732955230940e+00
-5.070000000000000000e+02,1.014395076078188129e+00
-5.064800000000000182e+02,1.014455633662287637e+00
-5.059599999999999795e+02,1.014511732350469542e+00
-5.054399999999999409e+02,1.014567197986141922e+00
-5.049199999999999591e+02,1.014627675557869591e+00
-5.043999999999999773e+02,1.014688199748910558e+00
-5.038799999999999955e+02,1.014743533924491681e+00
-5.033600000000000136e+02,1.014798711152875788e+00
-5.028399999999999750e+02,1.014853627035983585e+00
-5.023199999999999932e+02,1.014909336710092314e+00
-5.018000000000000114e+02,1.014968815392163881e+00
-5.012799999999999727e+02,1.015026820450420031e+00
-5.007599999999999909e+02,1.015080103346305940e+00
-5.002400000000000091e+02,1.015135127567334816e+00
-4.997200000000000273e+02,1.015192381702416879e+00
-4.992000000000000455e+02,1.015247654540202271e+00
-4.986800000000000068e+02,1.015298196402429909e+00
-4.981600000000000250e+02,1.015351472506222930e+00
-4.976400000000000432e+02,1.015405590134152325e+00
-4.971200000000000045e+02,1.015456779384989794e+00
-4.965999999999999659e+02,1.015503806595828840e+00
-4.960799999999999841e+02,1.015554080795675773e+00
-4.955599999999999454e+02,1.015604168543503993e+00
-4.950399999999999636e+02,1.015650202840928662e+00
-4.945199999999999818e+02,1.015692718576748366e+00
-4.940000000000000000e+02,1.015738787625201311e+00
-4.934800000000000182e+02,1.015783981391383817e+00
-4.929599999999999795e+02,1.015823615485402787e+00
-4.924399999999999977e+02,1.015860781434381632e+00
-4.919200000000000159e+02,1.015901542035088978e+00
-4.913999999999999773e+02,1.015940740468678216e+00
-4.908799999999999955e+02,1.015973025779749239e+00
-4.903600000000000136e+02,1.016004503493709077e+00
-4.898400000000000318e+02,1.016038277978489779e+00
-4.893200000000000500e+02,1.016070028923059754e+00
-4.888000000000000114e+02,1.016094653296051753e+00
-4.882800000000000296e+02,1.016119938315845239e+00
-4.877600000000000477e+02,1.016145604196547980e+00
-4.872399999999999523e+02,1.016169135678806290e+00
-4.867199999999999704e+02,1.016185222285272083e+00
-4.861999999999999886e+02,1.016203521484291272e+00
-4.856799999999999500e+02,1.016220357570260191e+00
-4.851599999999999682e+02,1.016234690326879964e+00
-4.846399999999999864e+02,1.016241990304820764e+00
-4.841200000000000045e+02,1.016252019773395521e+00
-4.836000000000000227e+02,1.016260195677186839e+00
-4.830799999999999841e+02,1.016267747834168622e+00
-4.825600000000000023e+02,1.016271493553470906e+00
-4.820400000000000205e+02,1.016270486988025246e+00
-4.815199999999999818e+02,1.016264507861053268e+00
-4.810000000000000000e+02,1.016261396402928341e+00
-4.804800000000000182e+02,1.016256220794953258e+00
-4.799600000000000364e+02,1.016244642962737199e+00
-4.794400000000000546e+02,1.016229731438669237e+00
-4.789200000000000159e+02,1.016217582645577711e+00
-4.784000000000000341e+02,1.016203483488715476e+00
-4.778799999999999955e+02,1.016186720754342243e+00
-4.773599999999999568e+02,1.016167660738856560e+00
-4.768399999999999750e+02,1.016140844948015598e+00
-4.763199999999999932e+02,1.016113821233038061e+00
-4.757999999999999545e+02,1.016087505807172331e+00
-4.752799999999999727e+02,1.016060511555225476e+00
-4.747599999999999909e+02,1.016029700427929949e+00
-4.742400000000000091e+02,1.015996801222558199e+00
-4.737200000000000273e+02,1.015956332842367527e+00
-4.731999999999999886e+02,1.015918257871048169e+00
-4.726800000000000068e+02,1.015878836880894864e+00
-4.721600000000000250e+02,1.015837018079648546e+00
-4.716399999999999864e+02,1.015788732521770488e+00
-4.711200000000000045e+02,1.015743320448881271e+00
-4.706000000000000227e+02,1.015696835172815282e+00
-4.700800000000000409e+02,1.015649915446323215e+00
-4.695600000000000591e+02,1.015600268171256149e+00
-4.690400000000000205e+02,1.015546101143859126e+00
-4.685199999999999818e+02,1.015488290124552773e+00
-4.680000000000000000e+02,1.015433771819748365e+00
-4.674799999999999613e+02,1.015378519199704233e+00
-4.669599999999999795e+02,1.015322123265993692e+00
-4.664399999999999977e+02,1.015264461495985815e+00
-4.659199999999999591e+02,1.015200494376420792e+00
-4.653999999999999773e+02,1.015135671437792819e+00
-4.648799999999999955e+02,1.015074484733855531e+00
-4.643600000000000136e+02,1.015012817292218372e+00
-4.638400000000000318e+02,1.014949721764490276e+00
-4.633199999999999932e+02,1.014886502737072371e+00
-4.628000000000000114e+02,1.014821832557087466e+00
-4.622800000000000296e+02,1.014755911026823831e+00
-4.617599999999999909e+02,1.014684781734167762e+00
-4.612400000000000091e+02,1.014615876628363722e+00
-4.607200000000000273e+02,1.014549100948714422e+00
-4.602000000000000455e+02,1.014482889842917679e+00
-4.596800000000000637e+02,1.014415542843558837e+00
-4.591599999999999682e+02,1.014346194707039572e+00
-4.586399999999999864e+02,1.014273502003943506e+00
-4.581200000000000045e+02,1.014204356609589297e+00
-4.575999999999999659e+02,1.014137049849698879e+00
-4.570799999999999841e+02,1.014070202346909921e+00
-4.565600000000000023e+02,1.014003275126248438e+00
-4.560399999999999636e+02,1.013932995084233069e+00
-4.555199999999999818e+02,1.013861506842465454e+00
-4.550000000000000000e+02,1.013794729603851641e+00
-4.544800000000000182e+02,1.013729378584920848e+00
-4.539600000000000364e+02,1.013664486574824330e+00
-4.534399999999999977e+02,1.013600251885889536e+00
-4.529200000000000159e+02,1.013536533652584781e+00
-4.524000000000000341e+02,1.013473375635607576e+00
-4.518799999999999955e+02,1.013405797359535176e+00
-4.513600000000000136e+02,1.013339718390470212e+00
-4.508400000000000318e+02,1.013278930280919976e+00
-4.503199999999999363e+02,1.013219075840652517e+00
-4.497999999999999545e+02,1.013160076222564765e+00
-4.492799999999999727e+02,1.013100483692444209e+00
-4.487599999999999909e+02,1.013038172060319653e+00
-4.482400000000000091e+02,1.012978473206330943e+00
-4.477199999999999704e+02,1.012923398304430123e+00
-4.471999999999999886e+02,1.012869013205131896e+00
-4.466800000000000068e+02,1.012816080944611397e+00
-4.461599999999999682e+02,1.012763753780170806e+00
-4.456399999999999864e+02,1.012712896771770010e+00
-4.451200000000000045e+02,1.012659690289885006e+00
-4.446000000000000227e+02,1.012605690093443478e+00
-4.440800000000000409e+02,1.012555960670640243e+00
-4.435600000000000023e+02,1.012509287221381449e+00
-4.430400000000000205e+02,1.012463521280899670e+00
-4.425200000000000387e+02,1.012418950443557231e+00
-4.420000000000000000e+02,1.012375376899725454e+00
-4.414800000000000182e+02,1.012332855048020397e+00
-4.409599999999999795e+02,1.012286775074616063e+00
-4.404399999999999409e+02,1.012241033894859754e+00
-4.399199999999999591e+02,1.012201534464263863e+00
-4.393999999999999773e+02,1.012162939575188547e+00
-4.388799999999999955e+02,1.012125644948830727e+00
-4.383600000000000136e+02,1.012088873835551128e+00
-4.378399999999999750e+02,1.012053536454249336e+00
-4.373199999999999932e+02,1.012017420980805715e+00
-4.368000000000000114e+02,1.011978690171502215e+00
-4.362799999999999727e+02,1.011941486876918317e+00
-4.357599999999999909e+02,1.011909715428081613e+00
-4.352400000000000091e+02,1.011877719603229586e+00
-4.347200000000000273e+02,1.011847578576558826e+00
-4.342000000000000455e+02,1.011814649158766066e+00
-4.336800000000000068e+02,1.011780701046757880e+00
-4.331600000000000250e+02,1.011748828076830531e+00
-4.326400000000000432e+02,1.011721216344978913e+00
-4.321200000000000045e+02,1.011693110850416133e+00
-4.315999999999999659e+02,1.011666474474096855e+00
-4.310799999999999841e+02,1.011639426757448224e+00
-4.305599999999999454e+02,1.011613573631030771e+00
-4.300399999999999636e+02,1.011583560595662235e+00
-4.295199999999999818e+02,1.011553112125720855e+00
-4.290000000000000000e+02,1.011526780598297481e+00
-4.284800000000000182e+02,1.011502024758100804e+00
-4.279599999999999795e+02,1.011477193411561615e+00
-4.274399999999999977e+02,1.011452766134673720e+00
-4.269200000000000159e+02,1.011423282627445630e+00
-4.263999999999999773e+02,1.011394016910503346e+00
-4.258799999999999955e+02,1.011369905749464282e+00
-4.253600000000000136e+02,1.011345585496597366e+00
-4.248400000000000318e+02,1.011321567097861696e+00
-4.243200000000000500e+02,1.011297100949489769e+00
-4.238000000000000114e+02,1.011273070814922681e+00
-4.232800000000000296e+02,1.011246821421104114e+00
-4.227600000000000477e+02,1.011217413964020206e+00
-4.222399999999999523e+02,1.011188826230621451e+00
-4.217199999999999704e+02,1.011164334445761259e+00
-4.211999999999999886e+02,1.011138563080504094e+00
-4.206799999999999500e+02,1.011113633932883449e+00
-4.201599999999999682e+02,1.011084596569886918e+00
-4.196399999999999864e+02,1.011053799882692728e+00
-4.191200000000000045e+02,1.011024627601753600e+00
-4.186000000000000227e+02,1.010998321451224591e+00
-4.180799999999999841e+02,1.010970472871807857e+00
-4.175600000000000023e+02,1.010943312468351785e+00
-4.170400000000000205e+02,1.010914588339260733e+00
-4.165199999999999818e+02,1.010886597573980472e+00
-4.160000000000000000e+02,1.010852589245850419e+00
-4.154800000000000182e+02,1.010818289753297572e+00
-4.149600000000000364e+02,1.010787122659163373e+00
-4.144400000000000546e+02,1.010756912810198083e+00
-4.139200000000000159e+02,1.010725319239176967e+00
-4.134000000000000341e+02,1.010693560644967182e+00
-4.128799999999999955e+02,1.010655756509371672e+00
-4.123599999999999568e+02,1.010618587512289723e+00
-4.118399999999999750e+02,1.010584948988716425e+00
-4.113199999999999932e+02,1.010551040517126076e+00
-4.107999999999999545e+02,1.010516371120858237e+00
-4.102799999999999727e+02,1.010479680546193304e+00
-4.097599999999999909e+02,1.010438715998967396e+00
-4.092400000000000091e+02,1.010398952530169980e+00
-4.087200000000000273e+02,1.010362090419681502e+00
-4.081999999999999886e+02,1.010324414089218026e+00
-4.076800000000000068e+02,1.010286477295413432e+00
-4.071600000000000250e+02,1.010244856502206412e+00
-4.066399999999999864e+02,1.010200536128416982e+00
-4.061200000000000045e+02,1.010158365549195025e+00
-4.056000000000000227e+02,1.010118164466589308e+00
-4.050800000000000409e+02,1.010076948277082387e+00
-4.045600000000000591e+02,1.010035613085486395e+00
-4.040400000000000205e+02,1.009989336742842081e+00
-4.035199999999999818e+02,1.009941687637820440e+00
-4.030000000000000000e+02,1.009897277538900351e+00
-4.024799999999999613e+02,1.009853791027955028e+00
-4.019599999999999795e+02,1.009804468684003087e+00
-4.014399999999999977e+02,1.009754659454543235e+00
-4.009199999999999591e+02,1.009708907733438910e+00
-4.003999999999999773e+02,1.009663239297556192e+00
-3.998799999999999955e+02,1.009616529285300324e+00
-3.993600000000000136e+02,1.009569112075035857e+00
-3.988400000000000318e+02,1.009516132956457479e+00
-3.983199999999999932e+02,1.009464158934139322e+00
-3.978000000000000114e+02,1.009415432688985259e+00
-3.972800000000000296e+02,1.009366398977910029e+00
-3.967599999999999909e+02,1.009316681044360786e+00
-3.962400000000000091e+02,1.009264529326658222e+00
-3.957200000000000273e+02,1.009208577218542180e+00
-3.952000000000000455e+02,1.009154241013456632e+00
-3.946800000000000637e+02,1.009102448657867468e+00
-3.941599999999999682e+02,1.009047023582279046e+00
-3.936399999999999864e+02,1.008988843438387351e+00
-3.931200000000000045e+02,1.008932757979194017e+00
-3.925999999999999659e+02,1.008878599641338303e+00
-3.920799999999999841e+02,1.008823194740611218e+00
-3.915600000000000023e+02,1.008767703730054421e+00
-3.910399999999999636e+02,1.008706824777691580e+00
-3.905199999999999818e+02,1.008644694402770714e+00
-3.900000000000000000e+02,1.008585217987003846e+00
-3.894800000000000182e+02,1.008526650311720285e+00
-3.889600000000000364e+02,1.008461662637370582e+00
-3.884399999999999977e+02,1.008396036794543482e+00
-3.879200000000000159e+02,1.008333967043161916e+00
-3.874000000000000341e+02,1.008271210421475939e+00
-3.868799999999999955e+02,1.008202068333137413e+00
-3.863600000000000136e+02,1.008133021933181661e+00
-3.858400000000000318e+02,1.008067059772093321e+00
-3.853199999999999363e+02,1.008000139223758973e+00
-3.847999999999999545e+02,1.007932029897062653e+00
-3.842799999999999727e+02,1.007861059985186492e+00
-3.837599999999999909e+02,1.007785424657831941e+00
-3.832400000000000091e+02,1.007710079252876811e+00
-3.827199999999999704e+02,1.007637285701511898e+00
-3.821999999999999886e+02,1.007560140830483286e+00
-3.816800000000000068e+02,1.007479673010066579e+00
-3.811599999999999682e+02,1.007399623375967668e+00
-3.806399999999999864e+02,1.007321879555830746e+00
-3.801200000000000045e+02,1.007238389728875250e+00
-3.796000000000000227e+02,1.007152919931332491e+00
-3.790800000000000409e+02,1.007068266759051145e+00
-3.785600000000000023e+02,1.006985561725270317e+00
-3.780400000000000205e+02,1.006896084829811189e+00
-3.775200000000000387e+02,1.006805836401173604e+00
-3.770000000000000000e+02,1.006717252646104122e+00
-3.764800000000000182e+02,1.006629992199649770e+00
-3.759599999999999795e+02,1.006540568203209807e+00
-3.754399999999999409e+02,1.006451397802362813e+00
-3.749199999999999591e+02,1.006355546951238189e+00
-3.743999999999999773e+02,1.006260101575833232e+00
-3.738799999999999955e+02,1.006168626529598153e+00
-3.733600000000000136e+02,1.006076489116944028e+00
-3.728399999999999750e+02,1.005979577968648231e+00
-3.723199999999999932e+02,1.005884052001108753e+00
-3.718000000000000114e+02,1.005792810467618148e+00
-3.712799999999999727e+02,1.005700487270853927e+00
-3.707599999999999909e+02,1.005605207413749591e+00
-3.702400000000000091e+02,1.005512759795972988e+00
-3.697200000000000273e+02,1.005424714507416217e+00
-3.692000000000000455e+02,1.005335686227295744e+00
-3.686800000000000068e+02,1.005245208204941010e+00
-3.681600000000000250e+02,1.005159653281452403e+00
-3.676400000000000432e+02,1.005078065592621694e+00
-3.671200000000000045e+02,1.004996285402281364e+00
-3.665999999999999659e+02,1.004914000910376526e+00
-3.660799999999999841e+02,1.004839249070161644e+00
-3.655599999999999454e+02,1.004767582833989481e+00
-3.650399999999999636e+02,1.004696929511331938e+00
-3.645199999999999818e+02,1.004626314362780715e+00
-3.640000000000000000e+02,1.004566035978079919e+00
-3.634800000000000182e+02,1.004508056771314717e+00
-3.629599999999999795e+02,1.004451396644242767e+00
-3.624399999999999977e+02,1.004396344688951004e+00
-3.619200000000000159e+02,1.004352600896279535e+00
-3.613999999999999773e+02,1.004311131206375052e+00
-3.608799999999999955e+02,1.004270771978487353e+00
-3.603600000000000136e+02,1.004234426313794337e+00
-3.598400000000000318e+02,1.004208158683056906e+00
-3.593200000000000500e+02,1.004184552437529909e+00
-3.588000000000000114e+02,1.004162037734707580e+00
-3.582800000000000296e+02,1.004145531419393889e+00
-3.577600000000000477e+02,1.004137220072905512e+00
-3.572399999999999523e+02,1.004131828303023832e+00
-3.567199999999999704e+02,1.004127106070005437e+00
-3.561999999999999886e+02,1.004130046425234957e+00
-3.556799999999999500e+02,1.004139023608069836e+00
-3.551599999999999682e+02,1.004150711052616218e+00
-3.546399999999999864e+02,1.004162447689039173e+00
-3.541200000000000045e+02,1.004182944092146368e+00
-3.536000000000000227e+02,1.004207269686194781e+00
-3.530799999999999841e+02,1.004233412931148983e+00
-3.525600000000000023e+02,1.004259149557318320e+00
-3.520400000000000205e+02,1.004293988461235632e+00
-3.515199999999999818e+02,1.004330878164720442e+00
-3.510000000000000000e+02,1.004367686443969676e+00
-3.504800000000000182e+02,1.004404462579485013e+00
-3.499600000000000364e+02,1.004449192952500125e+00
-3.494400000000000546e+02,1.004495189665225663e+00
-3.489200000000000159e+02,1.004538087292082826e+00
-3.484000000000000341e+02,1.004582166051016578e+00
-3.478799999999999955e+02,1.004632202785326722e+00
-3.473599999999999568e+02,1.004682066282724939e+00
-3.468399999999999750e+02,1.004727894436147517e+00
-3.463199999999999932e+02,1.004775230242277217e+00
-3.457999999999999545e+02,1.004826418380016850e+00
-3.452799999999999727e+02,1.004875802036007126e+00
-3.447599999999999909e+02,1.004921024713828048e+00
-3.442400000000000091e+02,1.004967518825000239e+00
-3.437200000000000273e+02,1.005016480411325075e+00
-3.431999999999999886e+02,1.005061687542373239e+00
-3.426800000000000068e+02,1.005103272004545634e+00
-3.421600000000000250e+02,1.005145673796030925e+00
-3.416399999999999864e+02,1.005189736953575164e+00
-3.411200000000000045e+02,1.005227959383620417e+00
-3.406000000000000227e+02,1.005263594769634228e+00
-3.400800000000000409e+02,1.005299608368210862e+00
-3.395600000000000591e+02,1.005336874421019377e+00
-3.390400000000000205e+02,1.005366303682154516e+00
-3.385199999999999818e+02,1.005394380519164965e+00
-3.380000000000000000e+02,1.005422775254574574e+00
-3.374799999999999613e+02,1.005451718016690865e+00
-3.369599999999999795e+02,1.005471961781897905e+00
-3.364399999999999977e+02,1.005491201001221135e+00
-3.359199999999999591e+02,1.005506922381051993e+00
-3.353999999999999773e+02,1.005522115250947923e+00
-3.348799999999999955e+02,1.005538982695515671e+00
-3.343600000000000136e+02,1.005553803754039910e+00
-3.338400000000000318e+02,1.005561487487069749e+00
-3.333199999999999932e+02,1.005568923117921010e+00
-3.328000000000000114e+02,1.005578039247612576e+00
-3.322800000000000296e+02,1.005583866447060881e+00
-3.317599999999999909e+02,1.005584211322285260e+00
-3.312400000000000091e+02,1.005584720768994744e+00
-3.307200000000000273e+02,1.005586972200990470e+00
-3.302000000000000455e+02,1.005584836723166786e+00
-3.296800000000000637e+02,1.005578801053630178e+00
-3.291599999999999682e+02,1.005573609658440670e+00
-3.286399999999999864e+02,1.005570015192263966e+00
-3.281200000000000045e+02,1.005561224802205889e+00
-3.275999999999999659e+02,1.005549940192967950e+00
-3.270799999999999841e+02,1.005540389128211531e+00
-3.265600000000000023e+02,1.005532185327382422e+00
-3.260399999999999636e+02,1.005522116400060950e+00
-3.255199999999999818e+02,1.005511971616099842e+00
-3.250000000000000000e+02,1.005495754627954375e+00
-3.244800000000000182e+02,1.005478680696699767e+00
-3.239600000000000364e+02,1.005465225280109509e+00
-3.234399999999999977e+02,1.005451957929742290e+00
-3.229200000000000159e+02,1.005432593982601652e+00
-3.224000000000000341e+02,1.005413495152233772e+00
-3.218799999999999955e+02,1.005398521123965105e+00
-3.213600000000000136e+02,1.005382517681741250e+00
-3.208400000000000318e+02,1.005361744757618192e+00
-3.203199999999999363e+02,1.005342024747095442e+00
-3.198000000000000114e+02,1.005326087637694377e+00
-3.192800000000000296e+02,1.005308347309878503e+00
-3.187599999999999909e+02,1.005286947236069039e+00
-3.182400000000000091e+02,1.005267558568033293e+00
-3.177199999999999704e+02,1.005251328110792208e+00
-3.171999999999999886e+02,1.005232676030997085e+00
-3.166800000000000068e+02,1.005211277204182352e+00
-3.161599999999999682e+02,1.005192858532973244e+00
-3.156399999999999864e+02,1.005176898043527611e+00
-3.151200000000000045e+02,1.005157881659433095e+00
-3.146000000000000227e+02,1.005137001554014420e+00
-3.140800000000000409e+02,1.005120069365122104e+00
-3.135600000000000023e+02,1.005104791817434062e+00
-3.130399999999999636e+02,1.005085824329938538e+00
-3.125199999999999818e+02,1.005065767176711367e+00
-3.120000000000000000e+02,1.005050649678872698e+00
-3.114800000000000182e+02,1.005036345283587984e+00
-3.109599999999999795e+02,1.005017659725310208e+00
-3.104399999999999977e+02,1.004998779123567276e+00
-3.099200000000000159e+02,1.004985534185565133e+00
-3.094000000000000341e+02,1.004972451249649845e+00
-3.088799999999999955e+02,1.004959773239393561e+00
-3.083600000000000136e+02,1.004946464023632524e+00
-3.078399999999999750e+02,1.004929178967635117e+00
-3.073199999999999932e+02,1.004913388814097308e+00
-3.068000000000000114e+02,1.004901957459372497e+00
-3.062799999999999727e+02,1.004889104055254556e+00
-3.057599999999999909e+02,1.004873037591534235e+00
-3.052400000000000091e+02,1.004859335508792029e+00
-3.047200000000000273e+02,1.004849073763794731e+00
-3.042000000000000455e+02,1.004836701021367240e+00
-3.036800000000000068e+02,1.004821788886300915e+00
-3.031599999999999682e+02,1.004810140596513079e+00
-3.026399999999999864e+02,1.004801042255113686e+00
-3.021200000000000045e+02,1.004789047109698741e+00
-3.016000000000000227e+02,1.004775247129455540e+00
-3.010799999999999841e+02,1.004765587779347991e+00
-3.005600000000000023e+02,1.004757531951649741e+00
-3.000400000000000205e+02,1.004749936324513371e+00
-2.995200000000000387e+02,1.004742427035664409e+00
-2.990000000000000000e+02,1.004730853829763904e+00
-2.984800000000000182e+02,1.004718611506284942e+00
-2.979599999999999795e+02,1.004711658638853367e+00
-2.974399999999999977e+02,1.004705051565410789e+00
-2.969200000000000159e+02,1.004693645855205153e+00
-2.963999999999999773e+02,1.004682827801835598e+00
-2.958799999999999955e+02,1.004677087658608414e+00
-2.953600000000000136e+02,1.004671474527711661e+00
-2.948400000000000318e+02,1.004666098984062561e+00
-2.943199999999999932e+02,1.004659606009795869e+00
-2.938000000000000114e+02,1.004649394677669783e+00
-2.932799999999999727e+02,1.004641028025030414e+00
-2.927599999999999909e+02,1.004636401652202471e+00
-2.922400000000000091e+02,1.004629841054641703e+00
-2.917200000000000273e+02,1.004620332136950456e+00
-2.911999999999999886e+02,1.004613493850272432e+00
-2.906800000000000068e+02,1.004609499345645807e+00
-2.901599999999999682e+02,1.004605697662580788e+00
-2.896399999999999864e+02,1.004602022730136435e+00
-2.891200000000000045e+02,1.004595223071867327e+00
-2.886000000000000227e+02,1.004586588068733466e+00
-2.880799999999999841e+02,1.004581881467474069e+00
-2.875600000000000023e+02,1.004578734244895299e+00
-2.870400000000000205e+02,1.004571664660901753e+00
-2.865199999999999818e+02,1.004563549486878982e+00
-2.860000000000000000e+02,1.004560148960164101e+00
-2.854799999999999613e+02,1.004557512035247235e+00
-2.849599999999999795e+02,1.004555045072322850e+00
-2.844399999999999977e+02,1.004552517115136379e+00
-2.839200000000000159e+02,1.004545018360415209e+00
-2.833999999999999773e+02,1.004538065142893455e+00
-2.828799999999999955e+02,1.004536001342777984e+00
-2.823600000000000136e+02,1.004534003854223867e+00
-2.818400000000000318e+02,1.004532095741275777e+00
-2.813199999999999932e+02,1.004528972563329514e+00
-2.807999999999999545e+02,1.004522025501574989e+00
-2.802799999999999727e+02,1.004516877708594436e+00
-2.797599999999999909e+02,1.004515337543107067e+00
-2.792400000000000091e+02,1.004511731330182567e+00
-2.787200000000000273e+02,1.004505127035797640e+00
-2.781999999999999886e+02,1.004501074010031303e+00
-2.776800000000000068e+02,1.004499830552515682e+00
-2.771600000000000250e+02,1.004498656858004768e+00
-2.766399999999999864e+02,1.004497533380490859e+00
-2.761200000000000045e+02,1.004493161512002075e+00
-2.755999999999999659e+02,1.004486943558519529e+00
-2.750799999999999841e+02,1.004484545935484752e+00
-2.745600000000000023e+02,1.004483681548951290e+00
-2.740400000000000205e+02,1.004482892916591652e+00
-2.735199999999999818e+02,1.004482139110816741e+00
-2.730000000000000000e+02,1.004476924253437042e+00
-2.724800000000000182e+02,1.004471076886310099e+00
-2.719600000000000364e+02,1.004470214895017754e+00
-2.714399999999999977e+02,1.004469671249895280e+00
-2.709199999999999591e+02,1.004469211413201224e+00
-2.703999999999999773e+02,1.004468242670736533e+00
-2.698799999999999955e+02,1.004462639140230928e+00
-2.693600000000000136e+02,1.004457993953258965e+00
-2.688400000000000318e+02,1.004457697994788790e+00
-2.683199999999999932e+02,1.004457462308349536e+00
-2.678000000000000114e+02,1.004457272730484796e+00
-2.672800000000000296e+02,1.004455362270616492e+00
-2.667599999999999909e+02,1.004450007994996952e+00
-2.662400000000000091e+02,1.004446850602939367e+00
-2.657199999999999704e+02,1.004446772904307617e+00
-2.651999999999999886e+02,1.004446771309699837e+00
-2.646800000000000068e+02,1.004446820193025003e+00
-2.641600000000000250e+02,1.004443919956993891e+00
-2.636399999999999864e+02,1.004438797520209592e+00
-2.631200000000000045e+02,1.004437047678335526e+00
-2.626000000000000227e+02,1.004437199644869327e+00
-2.620799999999999841e+02,1.004433640811299266e+00
-2.615600000000000023e+02,1.004428638833753551e+00
-2.610399999999999636e+02,1.004427832520411901e+00
-2.605199999999999818e+02,1.004428123018030750e+00
-2.600000000000000000e+02,1.004428446602201541e+00
-2.594800000000000182e+02,1.004428794967948235e+00
-2.589600000000000364e+02,1.004424208120735518e+00
-2.584399999999999977e+02,1.004419513056243218e+00
-2.579200000000000159e+02,1.004419951440991943e+00
-2.573999999999999773e+02,1.004420413464015782e+00
-2.568799999999999955e+02,1.004420887893559211e+00
-2.563600000000000136e+02,1.004420446651392185e+00
-2.558400000000000034e+02,1.004415742087033214e+00
-2.553199999999999932e+02,1.004412433672879912e+00
-2.548000000000000114e+02,1.004413014653934066e+00
-2.542800000000000011e+02,1.004413612563835878e+00
-2.537600000000000193e+02,1.004414230662427743e+00
-2.532400000000000091e+02,1.004412724088256326e+00
-2.527199999999999704e+02,1.004408180817038643e+00
-2.521999999999999886e+02,1.004406189233568281e+00
-2.516800000000000068e+02,1.004406911452773832e+00
-2.511599999999999966e+02,1.004407649220098842e+00
-2.506399999999999864e+02,1.004408400631272569e+00
-2.501200000000000045e+02,1.004405803447374623e+00
-2.496000000000000227e+02,1.004401368429309827e+00
-2.490800000000000125e+02,1.004400729817953586e+00
-2.485600000000000023e+02,1.004401582933112991e+00
-2.480399999999999920e+02,1.004402404395270620e+00
-2.475199999999999818e+02,1.004403281124136571e+00
-2.470000000000000000e+02,1.004399586495081431e+00
-2.464799999999999898e+02,1.004395281016756680e+00
-2.459600000000000080e+02,1.004395950668222071e+00
-2.454399999999999977e+02,1.004396734245818212e+00
-2.449200000000000159e+02,1.004392465964057735e+00
-2.444000000000000057e+02,1.004388786434338154e+00
-2.438800000000000239e+02,1.004389756596473671e+00
-2.433599999999999852e+02,1.004390761613021210e+00
-2.428399999999999750e+02,1.004391798982216200e+00
-2.423199999999999932e+02,1.004391457674684407e+00
-2.418000000000000114e+02,1.004387262539011783e+00
-2.412800000000000011e+02,1.004384901198511981e+00
-2.407599999999999909e+02,1.004385968675953755e+00
-2.402400000000000091e+02,1.004387091353715844e+00
-2.397200000000000273e+02,1.004388203522546652e+00
-2.392000000000000171e+02,1.004386752213527689e+00
-2.386799999999999784e+02,1.004382652552626709e+00
-2.381599999999999966e+02,1.004381566302496420e+00
-2.376399999999999864e+02,1.004382742549467356e+00
-2.371200000000000045e+02,1.004380534030282490e+00
-2.365999999999999943e+02,1.004376503227015105e+00
-2.360800000000000125e+02,1.004376284681095077e+00
-2.355600000000000023e+02,1.004377507275332704e+00
-2.350400000000000205e+02,1.004378745620339686e+00
-2.345200000000000102e+02,1.004379990473444728e+00
-2.340000000000000000e+02,1.004376645762983911e+00
-2.334799999999999898e+02,1.004372676616497095e+00
-2.329599999999999795e+02,1.004373765472467372e+00
-2.324399999999999977e+02,1.004374882059241747e+00
-2.319200000000000159e+02,1.004370968177567658e+00
-2.314000000000000057e+02,1.004367655817426375e+00
-2.308799999999999955e+02,1.004368976918897927e+00
-2.303600000000000136e+02,1.004370326443140948e+00
-2.298400000000000318e+02,1.004371686928942298e+00
-2.293199999999999932e+02,1.004371643690141536e+00
-2.287999999999999829e+02,1.004367812568104368e+00
-2.282800000000000011e+02,1.004365783464991280e+00
-2.277599999999999909e+02,1.004367183270716612e+00
-2.272400000000000091e+02,1.004366375374933673e+00
-2.267199999999999989e+02,1.004362582677225335e+00
-2.262000000000000171e+02,1.004361394031638488e+00
-2.256800000000000068e+02,1.004362850569911148e+00
-2.251599999999999682e+02,1.004361301584971944e+00
-2.246399999999999864e+02,1.004357545041651090e+00
-2.241200000000000045e+02,1.004357197000709911e+00
-2.235999999999999943e+02,1.004358670207296189e+00
-2.230799999999999841e+02,1.004356356334765721e+00
-2.225600000000000023e+02,1.004352635833761109e+00
-2.220400000000000205e+02,1.004353148419282027e+00
-2.215200000000000102e+02,1.004354700712886128e+00
-2.210000000000000000e+02,1.004356221460823484e+00
-2.204799999999999898e+02,1.004357766376217764e+00
-2.199599999999999795e+02,1.004354282923190400e+00
-2.194399999999999977e+02,1.004350823794828429e+00
-2.189199999999999875e+02,1.004352421589909783e+00
-2.184000000000000057e+02,1.004353371902010794e+00
-2.178799999999999955e+02,1.004349755236761066e+00
-2.173600000000000136e+02,1.004347153135357607e+00
-2.168400000000000034e+02,1.004348767105449847e+00
-2.163200000000000216e+02,1.004348969360384203e+00
-2.157999999999999829e+02,1.004345381488366717e+00
-2.152799999999999727e+02,1.004343592768087934e+00
-2.147599999999999909e+02,1.004345259088425424e+00
-2.142400000000000091e+02,1.004344695881356664e+00
-2.137199999999999989e+02,1.004341119187809328e+00
-2.131999999999999886e+02,1.004340207935985552e+00
-2.126800000000000068e+02,1.004341903351121168e+00
-2.121600000000000250e+02,1.004340551646215829e+00
-2.116400000000000148e+02,1.004337008912183249e+00
-2.111199999999999761e+02,1.004336933098546325e+00
-2.105999999999999943e+02,1.004338656661827978e+00
-2.100799999999999841e+02,1.004336534597130681e+00
-2.095600000000000023e+02,1.004333044549788889e+00
-2.090399999999999920e+02,1.004333823140922899e+00
-2.085200000000000102e+02,1.004335579948117507e+00
-2.080000000000000000e+02,1.004332686412951370e+00
-2.074800000000000182e+02,1.004329223026385165e+00
-2.069600000000000080e+02,1.004325773031653934e+00
-2.064399999999999977e+02,1.004322554767935749e+00
-2.059199999999999875e+02,1.004324351754870337e+00
-2.053999999999999773e+02,1.004325502122741742e+00
-2.048799999999999955e+02,1.004322106306001494e+00
-2.043600000000000136e+02,1.004319722132405390e+00
-2.038400000000000034e+02,1.004321547617752719e+00
-2.033199999999999932e+02,1.004321925500197832e+00
-2.028000000000000114e+02,1.004318535745873042e+00
-2.022800000000000296e+02,1.004317023834580436e+00
-2.017599999999999909e+02,1.004318879565977207e+00
-2.012399999999999807e+02,1.004318466749297034e+00
-2.007199999999999989e+02,1.004315126238084055e+00
-2.001999999999999886e+02,1.004311768128718585e+00
-1.996800000000000068e+02,1.004308419845230116e+00
-1.991599999999999966e+02,1.004308155654293877e+00
-1.986400000000000148e+02,1.004310055224943321e+00
-1.981200000000000045e+02,1.004308526290981440e+00
-1.976000000000000227e+02,1.004305206206639101e+00
-1.970799999999999841e+02,1.004305772632449800e+00
-1.965600000000000023e+02,1.004307697105006891e+00
-1.960399999999999920e+02,1.004305373848013438e+00
-1.955199999999999818e+02,1.004302079120779512e+00
-1.950000000000000000e+02,1.004298817607633065e+00
-1.944800000000000182e+02,1.004295538842478352e+00
-1.939600000000000080e+02,1.004297370712527782e+00
-1.934399999999999977e+02,1.004299068470657197e+00
-1.929200000000000159e+02,1.004295835777173629e+00
-1.923999999999999773e+02,1.004292583683215057e+00
-1.918799999999999955e+02,1.004289362923090900e+00
-1.913599999999999852e+02,1.004287213377214272e+00
-1.908400000000000034e+02,1.004289201109339169e+00
-1.903199999999999932e+02,1.004289760451346325e+00
-1.898000000000000114e+02,1.004286568881533670e+00
-1.892800000000000011e+02,1.004283357462324444e+00
-1.887600000000000193e+02,1.004280178557752423e+00
-1.882400000000000091e+02,1.004279275263368909e+00
-1.877199999999999704e+02,1.004281320573500391e+00
-1.871999999999999886e+02,1.004280717110198839e+00
-1.866800000000000068e+02,1.004277563311427590e+00
-1.861599999999999966e+02,1.004274415104068119e+00
-1.856399999999999864e+02,1.004271276253235312e+00
-1.851200000000000045e+02,1.004271596681010958e+00
-1.846000000000000227e+02,1.004273703419983788e+00
-1.840800000000000125e+02,1.004271921330285089e+00
-1.835600000000000023e+02,1.004268809351847702e+00
-1.830399999999999920e+02,1.004265702068954713e+00
-1.825199999999999818e+02,1.004262577212677643e+00
-1.820000000000000000e+02,1.004264184594779730e+00
-1.814799999999999898e+02,1.004266313256922949e+00
-1.809600000000000080e+02,1.004263367014273101e+00
-1.804399999999999977e+02,1.004260290768796304e+00
-1.799200000000000159e+02,1.004257227699754118e+00
-1.794000000000000057e+02,1.004254167867829173e+00
-1.788800000000000239e+02,1.004251114685986712e+00
-1.783599999999999852e+02,1.004249153433973252e+00
-1.778399999999999750e+02,1.004251331593730256e+00
-1.773199999999999932e+02,1.004252019889049663e+00
-1.768000000000000114e+02,1.004248995564236857e+00
-1.762800000000000011e+02,1.004245973976708450e+00
-1.757599999999999909e+02,1.004242960891886804e+00
-1.752400000000000091e+02,1.004239952162881755e+00
-1.747200000000000273e+02,1.004236955683311949e+00
-1.742000000000000171e+02,1.004236654587968847e+00
-1.736799999999999784e+02,1.004238900295353787e+00
-1.731599999999999966e+02,1.004238037970604180e+00
-1.726399999999999864e+02,1.004235066732884096e+00
-1.721200000000000045e+02,1.004232100287087759e+00
-1.715999999999999943e+02,1.004229164049544210e+00
-1.710800000000000125e+02,1.004226210299691058e+00
-1.705600000000000023e+02,1.004223262924594184e+00
-1.700400000000000205e+02,1.004220322536062859e+00
-1.695200000000000102e+02,1.004217388073843864e+00
-1.690000000000000000e+02,1.004219179466287359e+00
-1.684799999999999898e+02,1.004221491123877152e+00
-1.679599999999999795e+02,1.004218695866167410e+00
-1.674399999999999977e+02,1.004215789878603049e+00
-1.669200000000000159e+02,1.004212891326249579e+00
-1.664000000000000057e+02,1.004209995961353963e+00
-1.658799999999999955e+02,1.004207133361465498e+00
-1.653600000000000136e+02,1.004204251385068858e+00
-1.648400000000000318e+02,1.004201379392738902e+00
-1.643199999999999932e+02,1.004200019730932425e+00
-1.637999999999999829e+02,1.004202375133250280e+00
-1.632800000000000011e+02,1.004202843414053303e+00
-1.627599999999999909e+02,1.004200019530987475e+00
-1.622400000000000091e+02,1.004197178222391962e+00
-1.617199999999999989e+02,1.004194347132086218e+00
-1.612000000000000171e+02,1.004191520172177388e+00
-1.606800000000000068e+02,1.004188699404332974e+00
-1.601599999999999682e+02,1.004185885231033248e+00
-1.596400000000000148e+02,1.004183101435201841e+00
-1.591200000000000045e+02,1.004180301739513670e+00
-1.585999999999999943e+02,1.004177508138163200e+00
-1.580799999999999841e+02,1.004178657625925286e+00
-1.575600000000000023e+02,1.004181115258987456e+00
-1.570400000000000205e+02,1.004179241884249230e+00
-1.565199999999999818e+02,1.004176475713644656e+00
-1.560000000000000000e+02,1.004173717563207280e+00
-1.554799999999999898e+02,1.004170985738035871e+00
-1.549600000000000080e+02,1.004168241935830208e+00
-1.544399999999999977e+02,1.004165502785612896e+00
-1.539199999999999875e+02,1.004162772846399987e+00
-1.534000000000000057e+02,1.004160067337317441e+00
-1.528799999999999955e+02,1.004157349569627433e+00
-1.523600000000000136e+02,1.004154635175059429e+00
-1.518400000000000034e+02,1.004151954754020304e+00
-1.513199999999999932e+02,1.004150783392885771e+00
-1.508000000000000114e+02,1.004153328272582524e+00
-1.502800000000000011e+02,1.004153950907145099e+00
-1.497600000000000193e+02,1.004151274600333821e+00
-1.492400000000000091e+02,1.004148603151159724e+00
-1.487199999999999989e+02,1.004145962609814147e+00
-1.481999999999999886e+02,1.004143306430415494e+00
-1.476800000000000068e+02,1.004140658871056413e+00
-1.471599999999999966e+02,1.004138038526942278e+00
-1.466399999999999864e+02,1.004135402166490998e+00
-1.461200000000000045e+02,1.004132773636401410e+00
-1.455999999999999943e+02,1.004130173424945927e+00
-1.450799999999999841e+02,1.004127559614122367e+00
-1.445600000000000023e+02,1.004124951552294531e+00
-1.440399999999999920e+02,1.004122374904596215e+00
-1.435200000000000102e+02,1.004119781086556085e+00
-1.430000000000000000e+02,1.004121993904814936e+00
-1.424799999999999898e+02,1.004124628424764243e+00
-1.419600000000000080e+02,1.004122133162109298e+00
-1.414399999999999977e+02,1.004119586884984594e+00
-1.409200000000000159e+02,1.004117031648936953e+00
-1.403999999999999773e+02,1.004114501839801887e+00
-1.398799999999999955e+02,1.004111959425572076e+00
-1.393600000000000136e+02,1.004109419611464382e+00
-1.388400000000000034e+02,1.004106915624192409e+00
-1.383199999999999932e+02,1.004104392541455892e+00
-1.377999999999999829e+02,1.004101899336121262e+00
-1.372800000000000011e+02,1.004099388994054154e+00
-1.367599999999999909e+02,1.004096912612568726e+00
-1.362400000000000091e+02,1.004094418949330825e+00
-1.357199999999999989e+02,1.004091933833623385e+00
-1.351999999999999886e+02,1.004089476470412912e+00
-1.346800000000000068e+02,1.004087005412336753e+00
-1.341599999999999966e+02,1.004087713635826828e+00
-1.336400000000000148e+02,1.004090489614431370e+00
-1.331200000000000045e+02,1.004089724072260825e+00
-1.325999999999999943e+02,1.004087282143405924e+00
-1.320800000000000125e+02,1.004084869160683624e+00
-1.315600000000000023e+02,1.004082438195299520e+00
-1.310399999999999920e+02,1.004080042087767799e+00
-1.305199999999999818e+02,1.004077629644446468e+00
-1.300000000000000000e+02,1.004075247422385520e+00
-1.294800000000000182e+02,1.004072845922324930e+00
-1.289600000000000080e+02,1.004070479074224753e+00
-1.284399999999999977e+02,1.004068093490736890e+00
-1.279200000000000017e+02,1.004065741504285958e+00
-1.274000000000000057e+02,1.004063369083012081e+00
-1.268800000000000097e+02,1.004061033431172145e+00
-1.263599999999999852e+02,1.004059843079599057e+00
-1.258400000000000034e+02,1.004062753976431743e+00
-1.253199999999999932e+02,1.004064060841251216e+00
-1.248000000000000114e+02,1.004061754151434727e+00
-1.242800000000000011e+02,1.004059430066958303e+00
-1.237599999999999909e+02,1.004057139014483901e+00
-1.232399999999999949e+02,1.004054830646399887e+00
-1.227199999999999989e+02,1.004052552675578358e+00
-1.222000000000000028e+02,1.004050259566666936e+00
-1.216799999999999926e+02,1.004047997025109273e+00
-1.211599999999999966e+02,1.004045719741228693e+00
-1.206400000000000006e+02,1.004043470047086606e+00
-1.201200000000000045e+02,1.004041230805508444e+00
-1.196000000000000085e+02,1.004038977683720857e+00
-1.190799999999999983e+02,1.004036754937376541e+00
-1.185600000000000023e+02,1.004034514385911070e+00
-1.180400000000000063e+02,1.004036698623991031e+00
-1.175200000000000102e+02,1.004039704452119652e+00
-1.170000000000000000e+02,1.004037933286781925e+00
-1.164799999999999898e+02,1.004035746080698122e+00
-1.159600000000000080e+02,1.004033549482394427e+00
-1.154399999999999977e+02,1.004031377931212665e+00
-1.149200000000000159e+02,1.004029195627433424e+00
-1.143999999999999915e+02,1.004027036816247609e+00
-1.138799999999999955e+02,1.004024872996891915e+00
-1.133599999999999994e+02,1.004022732862643430e+00
-1.128400000000000034e+02,1.004020603797762146e+00
-1.123199999999999932e+02,1.004018456526107439e+00
-1.117999999999999972e+02,1.004016345244420405e+00
-1.112800000000000011e+02,1.004016221741831139e+00
-1.107600000000000051e+02,1.004019359512209775e+00
-1.102399999999999949e+02,1.004020095418838077e+00
-1.097199999999999989e+02,1.004017993057751745e+00
-1.092000000000000028e+02,1.004015917596442486e+00
-1.086800000000000068e+02,1.004013827133413805e+00
-1.081600000000000108e+02,1.004011769337531668e+00
-1.076399999999999864e+02,1.004009721618696949e+00
-1.071200000000000045e+02,1.004007658957140947e+00
-1.065999999999999943e+02,1.004005623720243268e+00
-1.060800000000000125e+02,1.004003599749752951e+00
-1.055599999999999881e+02,1.004001560017102612e+00
-1.050399999999999920e+02,1.004003965352155969e+00
-1.045199999999999960e+02,1.004007174380244560e+00
-1.040000000000000000e+02,1.004005584708565157e+00
-1.034800000000000040e+02,1.004003597422049587e+00
-1.029599999999999937e+02,1.004001603330105796e+00
-1.024399999999999977e+02,1.003999633468787289e+00
-1.019200000000000017e+02,1.003997677774021158e+00
-1.014000000000000057e+02,1.003995701490729919e+00
-1.008799999999999955e+02,1.003993761143160635e+00
-1.003599999999999994e+02,1.003993026531938559e+00
-9.984000000000000341e+01,1.003996315525275351e+00
-9.932000000000000739e+01,1.003998005928970372e+00
-9.880000000000001137e+01,1.003996078788705670e+00
-9.828000000000000114e+01,1.003994177907497454e+00
-9.775999999999999091e+01,1.003992287640068426e+00
-9.724000000000000909e+01,1.003990381040968050e+00
-9.671999999999999886e+01,1.003988508623817832e+00
-9.619999999999998863e+01,1.003986641789716083e+00
-9.567999999999999261e+01,1.003984762276503462e+00
-9.515999999999999659e+01,1.003986140663508664e+00
-9.464000000000000057e+01,1.003989533766364461e+00
-9.412000000000000455e+01,1.003989288336109009e+00
-9.359999999999999432e+01,1.003987443660524059e+00
-9.307999999999999829e+01,1.003985629900695065e+00
-9.256000000000000227e+01,1.003983821942578958e+00
-9.204000000000000625e+01,1.003982005463457838e+00
-9.151999999999999602e+01,1.003980217654920182e+00
-9.100000000000000000e+01,1.003983291792917898e+00
-9.048000000000000398e+01,1.003986691835460743e+00
-8.996000000000000796e+01,1.003984932656367457e+00
-8.944000000000001194e+01,1.003983176729637661e+00
-8.891999999999998749e+01,1.003981414963881491e+00
-8.840000000000000568e+01,1.003979675992013432e+00
-8.787999999999999545e+01,1.003977951809166269e+00
-8.736000000000001364e+01,1.003977448515947168e+00
-8.683999999999998920e+01,1.003980977318040591e+00
-8.631999999999999318e+01,1.003982866866800272e+00
-8.579999999999999716e+01,1.003981179472650531e+00
-8.528000000000000114e+01,1.003979473833841007e+00
-8.476000000000000512e+01,1.003977800891471706e+00
-8.423999999999999488e+01,1.003976134931311215e+00
-8.371999999999999886e+01,1.003974460030920834e+00
-8.320000000000000284e+01,1.003975659637898588e+00
-8.268000000000000682e+01,1.003979257711118622e+00
-8.215999999999999659e+01,1.003979597073787033e+00
-8.164000000000000057e+01,1.003977956660837334e+00
-8.112000000000000455e+01,1.003976347269446512e+00
-8.060000000000000853e+01,1.003974745835417348e+00
-8.007999999999998408e+01,1.003977201787935147e+00
-7.956000000000000227e+01,1.003980831621846592e+00
-7.903999999999999204e+01,1.003980025310024615e+00
-7.852000000000001023e+01,1.003978460727646516e+00
-7.800000000000000000e+01,1.003976884892713084e+00
-7.748000000000000398e+01,1.003975392579325554e+00
-7.695999999999999375e+01,1.003979073522263121e+00
-7.643999999999999773e+01,1.003982317651527678e+00
-7.592000000000000171e+01,1.003980783734385263e+00
-7.540000000000000568e+01,1.003979273278111650e+00
-7.488000000000000966e+01,1.003977779179589858e+00
-7.435999999999999943e+01,1.003977547316365460e+00
-7.384000000000000341e+01,1.003981282018763688e+00
-7.331999999999999318e+01,1.003983379469471027e+00
-7.279999999999999716e+01,1.003981919750790430e+00
-7.228000000000000114e+01,1.003980464772869619e+00
-7.176000000000000512e+01,1.003979002331879311e+00
-7.123999999999999488e+01,1.003980032062750327e+00
-7.071999999999999886e+01,1.003983844517370549e+00
-7.019999999999998863e+01,1.003984780075150685e+00
-6.968000000000000682e+01,1.003983354185604471e+00
-6.915999999999999659e+01,1.003981958184106515e+00
-6.864000000000000057e+01,1.003980571576212011e+00
-6.812000000000000455e+01,1.003982881775635105e+00
-6.759999999999999432e+01,1.003986706774500748e+00
-6.707999999999999829e+01,1.003986497469704142e+00
-6.656000000000000227e+01,1.003985149909292218e+00
-6.604000000000000625e+01,1.003988304254669117e+00
-6.551999999999999602e+01,1.003992187230889455e+00
-6.500000000000000000e+01,1.003991196648466033e+00
-6.448000000000000398e+01,1.003989885022498418e+00
-6.396000000000000085e+01,1.003988590440815898e+00
-6.344000000000000483e+01,1.003987753859352017e+00
-6.292000000000000171e+01,1.003991710920321578e+00
-6.240000000000000568e+01,1.003994790841109541e+00
-6.187999999999999545e+01,1.003993534703801149e+00
-6.135999999999999943e+01,1.003993560727711065e+00
-6.083999999999999631e+01,1.003997516566034642e+00
-6.032000000000000028e+01,1.003999836087576591e+00
-5.980000000000000426e+01,1.003998618829552214e+00
-5.928000000000000114e+01,1.003997406766528044e+00
-5.876000000000000512e+01,1.003996187115535843e+00
-5.823999999999999488e+01,1.003997478970121593e+00
-5.771999999999999886e+01,1.004001534236493187e+00
-5.719999999999999574e+01,1.004002692729913049e+00
-5.667999999999999972e+01,1.004001531417804571e+00
-5.615999999999999659e+01,1.004003662712946277e+00
-5.564000000000000057e+01,1.004007737492383034e+00
-5.511999999999999744e+01,1.004008136585156974e+00
-5.460000000000000142e+01,1.004007016266315722e+00
-5.408000000000000540e+01,1.004005907078901583e+00
-5.356000000000000227e+01,1.004004781275494196e+00
-5.304000000000000625e+01,1.004008201070353712e+00
-5.251999999999999602e+01,1.004012353415828063e+00
-5.200000000000000000e+01,1.004011609284559681e+00
-5.147999999999999687e+01,1.004010599014339533e+00
-5.096000000000000085e+01,1.004014786330553077e+00
-5.043999999999999773e+01,1.004018480501224886e+00
-4.992000000000000171e+01,1.004017455393871883e+00
-4.940000000000000568e+01,1.004017330431047350e+00
-4.887999999999999545e+01,1.004021539601528179e+00
-4.835999999999999943e+01,1.004024450097967591e+00
-4.783999999999999631e+01,1.004023465027080508e+00
-4.732000000000000028e+01,1.004024183364411460e+00
-4.679999999999999716e+01,1.004028450630957803e+00
-4.628000000000000114e+01,1.004030603862812621e+00
-4.575999999999999801e+01,1.004029637178122547e+00
-4.524000000000000199e+01,1.004028699973022798e+00
-4.472000000000000597e+01,1.004027774858926580e+00
-4.420000000000000284e+01,1.004029780388698390e+00
-4.368000000000000682e+01,1.004034108169125750e+00
-4.315999999999999659e+01,1.004035080736331187e+00
-4.264000000000000057e+01,1.004034193998502467e+00
-4.211999999999999744e+01,1.004037044621231667e+00
-4.160000000000000142e+01,1.004041413248506265e+00
-4.107999999999999829e+01,1.004041668612100535e+00
-4.056000000000000227e+01,1.004040823171138630e+00
-4.003999999999999204e+01,1.004044497991965157e+00
-3.951999999999999602e+01,1.004048907825378700e+00
-3.900000000000000000e+01,1.004048385683808942e+00
-3.847999999999999687e+01,1.004047696237835519e+00
-3.796000000000000085e+01,1.004052122331138053e+00
-3.744000000000000483e+01,1.004056032990668701e+00
-3.692000000000000171e+01,1.004055268053307470e+00
-3.639999999999999858e+01,1.004055422024983546e+00
-3.588000000000000256e+01,1.004059911046254472e+00
-3.535999999999999943e+01,1.004063065385235598e+00
-3.484000000000000341e+01,1.004062342338270408e+00
-3.432000000000000028e+01,1.004061601781174984e+00
-3.379999999999999716e+01,1.004060900621313257e+00
-3.328000000000000114e+01,1.004062342938413233e+00
-3.275999999999999801e+01,1.004066891985206711e+00
-3.224000000000000199e+01,1.004068908694900175e+00
-3.172000000000000242e+01,1.004068248649048867e+00
-3.120000000000000284e+01,1.004070496877494501e+00
-3.067999999999999972e+01,1.004075088969878626e+00
-3.016000000000000014e+01,1.004076349646710886e+00
-2.964000000000000057e+01,1.004075729699928532e+00
-2.911999999999999744e+01,1.004078864773964463e+00
-2.859999999999999787e+01,1.004083498125615703e+00
-2.807999999999999829e+01,1.004083959154645100e+00
-2.755999999999999872e+01,1.004083380781473078e+00
-2.704000000000000270e+01,1.004087363277808009e+00
-2.652000000000000313e+01,1.004092040098979899e+00
-2.600000000000000000e+01,1.004091765462620023e+00
-2.548000000000000043e+01,1.004091361360496704e+00
-2.496000000000000085e+01,1.004096077922740804e+00
-2.443999999999999773e+01,1.004100241045012609e+00
-2.391999999999999815e+01,1.004099743093829877e+00
-2.339999999999999858e+01,1.004099246789247335e+00
-2.287999999999999901e+01,1.004098773542311251e+00
-2.236000000000000298e+01,1.004099640014433970e+00
-2.184000000000000341e+01,1.004104421866101493e+00
-2.132000000000000028e+01,1.004107428323619544e+00
-2.080000000000000071e+01,1.004106995475572583e+00
-2.028000000000000114e+01,1.004108708200395217e+00
-1.975999999999999801e+01,1.004113530543711885e+00
-1.923999999999999844e+01,1.004115801278118614e+00
-1.872000000000000242e+01,1.004115411848031547e+00
-1.819999999999999929e+01,1.004117992380845426e+00
-1.767999999999999972e+01,1.004122836153102494e+00
-1.716000000000000014e+01,1.004124332073189629e+00
-1.664000000000000057e+01,1.004123985961824728e+00
-1.612000000000000099e+01,1.004123652354527163e+00
-1.560000000000000142e+01,1.004123328091266254e+00
-1.508000000000000007e+01,1.004127198584603642e+00
-1.455999999999999872e+01,1.004132107851047673e+00
-1.403999999999999915e+01,1.004132447071290679e+00
-1.352000000000000135e+01,1.004132166052081887e+00
-1.300000000000000000e+01,1.004136885133959822e+00
-1.248000000000000043e+01,1.004141703376036254e+00
-1.195999999999999908e+01,1.004141462115289318e+00
-1.143999999999999950e+01,1.004141223929980731e+00
-1.092000000000000171e+01,1.004141003868468829e+00
-1.040000000000000036e+01,1.004141740847357411e+00
-9.879999999999999005e+00,1.004146756686300934e+00
-9.360000000000001208e+00,1.004150422526474795e+00
-8.839999999999999858e+00,1.004150248760213193e+00
-8.320000000000000284e+00,1.004150079101552073e+00
-7.800000000000000711e+00,1.004149924272687677e+00
-7.279999999999999361e+00,1.004151953740401781e+00
-6.760000000000000675e+00,1.004157037467862335e+00
-6.240000000000000213e+00,1.004159547005083253e+00
-5.719999999999999751e+00,1.004159437970599589e+00
-5.200000000000000178e+00,1.004162317776345237e+00
-4.680000000000000604e+00,1.004167463925326853e+00
-4.160000000000000142e+00,1.004169220867249468e+00
-3.639999999999999680e+00,1.004169154591577628e+00
-3.120000000000000107e+00,1.004169101158194133e+00
-2.600000000000000089e+00,1.004169056412679062e+00
-2.080000000000000071e+00,1.004169004105542218e+00
-1.560000000000000053e+00,1.004168980992592441e+00
-1.040000000000000036e+00,1.004173576852581018e+00
-5.200000000000000178e-01,1.004178808709137671e+00
-0.000000000000000000e+00,1.004179055738633419e+00
5.200000000000000178e-01,1.004179078345145415e+00
1.040000000000000036e+00,1.004179120268205994e+00
1.560000000000000053e+00,1.004179736879134754e+00
2.080000000000000071e+00,1.004185035430500417e+00
2.600000000000000089e+00,1.004189319781516598e+00
3.120000000000000107e+00,1.004189406802209028e+00
3.639999999999999680e+00,1.004189496142880111e+00
4.160000000000000142e+00,1.004189604788419565e+00
4.680000000000000604e+00,1.004191513031577276e+00
5.200000000000000178e+00,1.004196860081661757e+00
5.719999999999999751e+00,1.004200034919964679e+00
6.240000000000000213e+00,1.004200189190626036e+00
6.760000000000000675e+00,1.004200328659086150e+00
7.279999999999999361e+00,1.004200503468152705e+00
7.800000000000000711e+00,1.004200688477049352e+00
8.320000000000000284e+00,1.004200884843942987e+00
8.839999999999999858e+00,1.004201093912416187e+00
9.360000000000001208e+00,1.004201314780746479e+00
9.879999999999999005e+00,1.004205367877345045e+00
1.040000000000000036e+01,1.004210824629310661e+00
1.092000000000000171e+01,1.004212093094015934e+00
1.143999999999999950e+01,1.004212334930250305e+00
1.195999999999999908e+01,1.004212616217591059e+00
1.248000000000000043e+01,1.004212903663730172e+00
1.300000000000000000e+01,1.004213208738199192e+00
1.352000000000000135e+01,1.004213518225825164e+00
1.403999999999999915e+01,1.004213845979669228e+00
1.455999999999999872e+01,1.004214787535572029e+00
1.508000000000000007e+01,1.004220372247593085e+00
1.560000000000000142e+01,1.004224946705982724e+00
1.612000000000000099e+01,1.004225322544548993e+00
1.664000000000000057e+01,1.004225678894975493e+00
1.716000000000000014e+01,1.004226076210570140e+00
1.767999999999999972e+01,1.004226478024483393e+00
1.819999999999999929e+01,1.004226899339483392e+00
1.872000000000000242e+01,1.004227326711573554e+00
1.923999999999999844e+01,1.004227768951590161e+00
1.975999999999999801e+01,1.004228219326166904e+00
2.028000000000000114e+01,1.004228683529670541e+00
2.080000000000000071e+01,1.004229157933353989e+00
2.132000000000000028e+01,1.004229623667364679e+00
2.184000000000000341e+01,1.004230122560173299e+00
2.236000000000000298e+01,1.004230632134440748e+00
2.287999999999999901e+01,1.004231153965627898e+00
2.339999999999999858e+01,1.004231684598072105e+00
2.391999999999999815e+01,1.004236452425205872e+00
2.443999999999999773e+01,1.004242240421136856e+00
2.496000000000000085e+01,1.004243402750757852e+00
2.548000000000000043e+01,1.004243978742635379e+00
2.600000000000000000e+01,1.004244574463763362e+00
2.652000000000000313e+01,1.004245174446797506e+00
2.704000000000000270e+01,1.004245771631942175e+00
2.755999999999999872e+01,1.004246393025684858e+00
2.807999999999999829e+01,1.004247035198024829e+00
2.859999999999999787e+01,1.004247678987714165e+00
2.911999999999999744e+01,1.004248345570762257e+00
2.964000000000000057e+01,1.004249015379628851e+00
3.016000000000000014e+01,1.004249705451802033e+00
3.067999999999999972e+01,1.004250400037867363e+00
3.120000000000000284e+01,1.004251109008018616e+00
3.172000000000000242e+01,1.004251825177719271e+00
3.224000000000000199e+01,1.004252536527127537e+00
3.275999999999999801e+01,1.004253278056856269e+00
3.328000000000000114e+01,1.004254035397771361e+00
3.379999999999999716e+01,1.004251745862446921e+00
3.432000000000000028e+01,1.004247309827849044e+00
3.484000000000000341e+01,1.004246322917011103e+00
3.535999999999999943e+01,1.004247122525232072e+00
3.588000000000000256e+01,1.004247936350740833e+00
3.639999999999999858e+01,1.004248760411468266e+00
3.692000000000000171e+01,1.004249599567935469e+00
3.744000000000000483e+01,1.004250447564659865e+00
3.796000000000000085e+01,1.004251308655543795e+00
3.847999999999999687e+01,1.004252153104774781e+00
3.900000000000000000e+01,1.004253039120676094e+00
3.951999999999999602e+01,1.004253929412195712e+00
4.003999999999999204e+01,1.004254840797423443e+00
4.056000000000000227e+01,1.004255754882831031e+00
4.107999999999999829e+01,1.004256689785656187e+00
4.160000000000000142e+01,1.004256575711320432e+00
4.211999999999999744e+01,1.004252299047033725e+00
4.264000000000000057e+01,1.004249477163855264e+00
4.315999999999999659e+01,1.004250457863054891e+00
4.368000000000000682e+01,1.004251443109153374e+00
4.420000000000000284e+01,1.004252447517481661e+00
4.472000000000000597e+01,1.004253435286188267e+00
4.524000000000000199e+01,1.004254458182591847e+00
4.575999999999999801e+01,1.004255490188096900e+00
4.628000000000000114e+01,1.004256536916858789e+00
4.679999999999999716e+01,1.004254538819710607e+00
4.732000000000000028e+01,1.004250376110559229e+00
4.783999999999999631e+01,1.004249700698898407e+00
4.835999999999999943e+01,1.004250792694965311e+00
4.887999999999999545e+01,1.004251897258052306e+00
4.940000000000000568e+01,1.004253010586477757e+00
4.992000000000000171e+01,1.004254140130791839e+00
5.043999999999999773e+01,1.004255277288494286e+00
5.096000000000000085e+01,1.004251729201085075e+00
5.147999999999999687e+01,1.004247654330145734e+00
5.200000000000000000e+01,1.004248698965823028e+00
5.251999999999999602e+01,1.004249881259702493e+00
5.304000000000000625e+01,1.004251082400068329e+00
5.356000000000000227e+01,1.004251617551944253e+00
5.408000000000000540e+01,1.004247611150657304e+00
5.460000000000000142e+01,1.004244695067001425e+00
5.511999999999999744e+01,1.004245941302512657e+00
5.564000000000000057e+01,1.004247190805923395e+00
5.615999999999999659e+01,1.004248463503871758e+00
5.667999999999999972e+01,1.004247849316411534e+00
5.719999999999999574e+01,1.004243926007717613e+00
5.771999999999999886e+01,1.004242241549534231e+00
5.823999999999999488e+01,1.004243556316638974e+00
5.876000000000000512e+01,1.004244879340663754e+00
5.928000000000000114e+01,1.004246215466115366e+00
5.980000000000000426e+01,1.004244487191397139e+00
6.032000000000000028e+01,1.004240613749207034e+00
6.083999999999999631e+01,1.004240247212687231e+00
6.135999999999999943e+01,1.004241627907295431e+00
6.187999999999999545e+01,1.004239126021882367e+00
6.240000000000000568e+01,1.004235294739927786e+00
6.292000000000000171e+01,1.004235796692712901e+00
6.344000000000000483e+01,1.004237223076976493e+00
6.396000000000000085e+01,1.004238665623120363e+00
6.448000000000000398e+01,1.004240112838342691e+00
6.500000000000000000e+01,1.004236439480432841e+00
6.551999999999999602e+01,1.004232983225981535e+00
6.604000000000000625e+01,1.004234471404690687e+00
6.656000000000000227e+01,1.004235273738287804e+00
6.707999999999999829e+01,1.004231553810885691e+00
6.759999999999999432e+01,1.004228924253610877e+00
6.812000000000000455e+01,1.004230459082624760e+00
6.864000000000000057e+01,1.004230507726607602e+00
6.915999999999999659e+01,1.004226832921489843e+00
6.968000000000000682e+01,1.004225073261392431e+00
7.019999999999998863e+01,1.004226653213041720e+00
7.071999999999999886e+01,1.004225947283270859e+00
7.123999999999999488e+01,1.004222315071719107e+00
7.176000000000000512e+01,1.004221403234256238e+00
7.228000000000000114e+01,1.004223025321732798e+00
7.279999999999999716e+01,1.004221523083468570e+00
7.331999999999999318e+01,1.004217936061221783e+00
7.384000000000000341e+01,1.004214377692916216e+00
7.435999999999999943e+01,1.004210808897887608e+00
7.488000000000000966e+01,1.004211189385999070e+00
7.540000000000000568e+01,1.004212878268168518e+00
7.592000000000000171e+01,1.004210247082098384e+00
7.643999999999999773e+01,1.004206726328556565e+00
7.695999999999999375e+01,1.004207956009754987e+00
7.748000000000000398e+01,1.004209686976191396e+00
7.800000000000000000e+01,1.004206318758646299e+00
7.852000000000001023e+01,1.004202840034211341e+00
7.903999999999999204e+01,1.004199378508974672e+00
7.956000000000000227e+01,1.004196643973638059e+00
8.007999999999998408e+01,1.004198441046549872e+00
8.060000000000000853e+01,1.004199112473469935e+00
8.112000000000000455e+01,1.004195694606410116e+00
8.164000000000000057e+01,1.004193810639349982e+00
8.215999999999999659e+01,1.004195649834547455e+00
8.268000000000000682e+01,1.004195565538845702e+00
8.320000000000000284e+01,1.004192195127401543e+00
8.371999999999999886e+01,1.004188849949646967e+00
8.423999999999999488e+01,1.004185497736000743e+00
8.476000000000000512e+01,1.004184885439704411e+00
8.528000000000000114e+01,1.004186788486436610e+00
8.579999999999999716e+01,1.004185569672168876e+00
8.631999999999999318e+01,1.004182263054649304e+00
8.683999999999998920e+01,1.004178985078580277e+00
8.736000000000001364e+01,1.004175697093589115e+00
8.787999999999999545e+01,1.004176377037498291e+00
8.840000000000000568e+01,1.004178345812535733e+00
8.891999999999998749e+01,1.004175974957701500e+00
8.944000000000001194e+01,1.004172731502867233e+00
8.996000000000000796e+01,1.004169499254053299e+00
9.048000000000000398e+01,1.004166274620597044e+00
9.100000000000000000e+01,1.004163070184940221e+00
9.151999999999999602e+01,1.004160212532593022e+00
9.204000000000000625e+01,1.004162262195083644e+00
9.256000000000000227e+01,1.004163587540884972e+00
9.307999999999999829e+01,1.004160428607714595e+00
9.359999999999999432e+01,1.004157271108404137e+00
9.412000000000000455e+01,1.004154149962052101e+00
9.464000000000000057e+01,1.004151013766029665e+00
9.515999999999999659e+01,1.004147897256295829e+00
9.567999999999999261e+01,1.004146732987142299e+00
9.619999999999998863e+01,1.004148868671296935e+00
9.671999999999999886e+01,1.004148661499761674e+00
9.724000000000000909e+01,1.004145603646173113e+00
9.775999999999999091e+01,1.004142535139456394e+00
9.828000000000000114e+01,1.004139479320607764e+00
9.880000000000001137e+01,1.004136452678179303e+00
9.932000000000000739e+01,1.004133396095948871e+00
9.984000000000000341e+01,1.004133944808409229e+00
1.003599999999999994e+02,1.004136164853047797e+00
1.008799999999999955e+02,1.004134423607965676e+00
1.014000000000000057e+02,1.004131428450752095e+00
1.019200000000000017e+02,1.004128467526699042e+00
1.024399999999999977e+02,1.004125493633774457e+00
1.029599999999999937e+02,1.004122536374539632e+00
1.034800000000000040e+02,1.004119602712742809e+00
1.040000000000000000e+02,1.004116668246866517e+00
1.045199999999999960e+02,1.004114099583218289e+00
1.050399999999999920e+02,1.004116421187470687e+00
1.055599999999999881e+02,1.004117980344850780e+00
1.060800000000000125e+02,1.004115088219230900e+00
1.065999999999999943e+02,1.004112217183681599e+00
1.071200000000000045e+02,1.004109346850370121e+00
1.076399999999999864e+02,1.004106478977077721e+00
1.081600000000000108e+02,1.004103645431634773e+00
1.086800000000000068e+02,1.004100798297521635e+00
1.092000000000000028e+02,1.004097967322207241e+00
1.097199999999999989e+02,1.004095140070122794e+00
1.102399999999999949e+02,1.004092329822026786e+00
1.107600000000000051e+02,1.004092297650000631e+00
1.112800000000000011e+02,1.004094741933033275e+00
1.117999999999999972e+02,1.004094024788225514e+00
1.123199999999999932e+02,1.004091254438628233e+00
1.128400000000000034e+02,1.004088513280638750e+00
1.133599999999999994e+02,1.004085761127158083e+00
1.138799999999999955e+02,1.004083022542378689e+00
1.143999999999999915e+02,1.004080310751786609e+00
1.149200000000000159e+02,1.004077594394225725e+00
1.154399999999999977e+02,1.004074885138722895e+00
1.159600000000000080e+02,1.004072208614348982e+00
1.164799999999999898e+02,1.004069517585185256e+00
1.170000000000000000e+02,1.004072039256901139e+00
1.175200000000000102e+02,1.004074239992555739e+00
1.180400000000000063e+02,1.004071587200539906e+00
1.185600000000000023e+02,1.004068935595343159e+00
1.190799999999999983e+02,1.004066321601125855e+00
1.196000000000000085e+02,1.004063690250287300e+00
1.201200000000000045e+02,1.004061078383288175e+00
1.206400000000000006e+02,1.004058466181379394e+00
1.211599999999999966e+02,1.004055872578669462e+00
1.216799999999999926e+02,1.004053283505028649e+00
1.222000000000000028e+02,1.004050727569338219e+00
1.227199999999999989e+02,1.004048159258586370e+00
1.232399999999999949e+02,1.004045605014223019e+00
1.237599999999999909e+02,1.004043077491689084e+00
1.242800000000000011e+02,1.004040542380135514e+00
1.248000000000000114e+02,1.004041225663622194e+00
1.253199999999999932e+02,1.004043944150216916e+00
1.258400000000000034e+02,1.004043062397010244e+00
1.263599999999999852e+02,1.004040563561605204e+00
1.268800000000000097e+02,1.004038097661706708e+00
1.274000000000000057e+02,1.004035620108330029e+00
1.279200000000000017e+02,1.004033155686431922e+00
1.284399999999999977e+02,1.004030715431203147e+00
1.289600000000000080e+02,1.004028273168103391e+00
1.294800000000000182e+02,1.004025834984403787e+00
1.300000000000000000e+02,1.004023430085591917e+00
1.305199999999999818e+02,1.004021007996582115e+00
1.310399999999999920e+02,1.004018603196969117e+00
1.315600000000000023e+02,1.004016199860917613e+00
1.320800000000000125e+02,1.004013836200304377e+00
1.325999999999999943e+02,1.004011433598839709e+00
1.331200000000000045e+02,1.004009069687274769e+00
1.336400000000000148e+02,1.004008331663810427e+00
1.341599999999999966e+02,1.004011216691245600e+00
1.346800000000000068e+02,1.004012101877829410e+00
1.351999999999999886e+02,1.004009774647723230e+00
1.357199999999999989e+02,1.004007453604434996e+00
1.362400000000000091e+02,1.004005164133127126e+00
1.367599999999999909e+02,1.004002861685579173e+00
1.372800000000000011e+02,1.004000568906579849e+00
1.377999999999999829e+02,1.003998286062490530e+00
1.383199999999999932e+02,1.003996033490560658e+00
1.388400000000000034e+02,1.003993770399429941e+00
1.393600000000000136e+02,1.003991514386298745e+00
1.398799999999999955e+02,1.003989290973517523e+00
1.403999999999999773e+02,1.003987056224674879e+00
1.409200000000000159e+02,1.003984832399762217e+00
1.414399999999999977e+02,1.003982632939138142e+00
1.419600000000000080e+02,1.003980428378513867e+00
1.424799999999999898e+02,1.003978227705639270e+00
1.430000000000000000e+02,1.003976061851035162e+00
1.435200000000000102e+02,1.003974300311439194e+00
1.440399999999999920e+02,1.003977366359943391e+00
1.445600000000000023e+02,1.003979612767246454e+00
1.450799999999999841e+02,1.003977467737128704e+00
1.455999999999999943e+02,1.003975301734680858e+00
1.461200000000000045e+02,1.003973191312112156e+00
1.466399999999999864e+02,1.003971064820994741e+00
1.471599999999999966e+02,1.003968951580803903e+00
1.476800000000000068e+02,1.003966862010714722e+00
1.481999999999999886e+02,1.003964769848524119e+00
1.487199999999999989e+02,1.003962682214003754e+00
1.492400000000000091e+02,1.003960624934191248e+00
1.497600000000000193e+02,1.003958554526359181e+00
1.502800000000000011e+02,1.003956494213217088e+00
1.508000000000000114e+02,1.003954461075513338e+00
1.513199999999999932e+02,1.003952418840370786e+00
1.518400000000000034e+02,1.003950386789485449e+00
1.523600000000000136e+02,1.003948362751961643e+00
1.528799999999999955e+02,1.003950417069146228e+00
1.534000000000000057e+02,1.003953642590420747e+00
1.539199999999999875e+02,1.003952430785605365e+00
1.544399999999999977e+02,1.003950441095098345e+00
1.549600000000000080e+02,1.003948463915571354e+00
1.554799999999999898e+02,1.003946509617022365e+00
1.560000000000000000e+02,1.003944548976495543e+00
1.565199999999999818e+02,1.003942591022787267e+00
1.570400000000000205e+02,1.003940669856766998e+00
1.575600000000000023e+02,1.003938730481058084e+00
1.580799999999999841e+02,1.003936806754037958e+00
1.585999999999999943e+02,1.003934884632687652e+00
1.591200000000000045e+02,1.003932998674396115e+00
1.596400000000000148e+02,1.003931096173193982e+00
1.601599999999999682e+02,1.003929184712042399e+00
1.606800000000000068e+02,1.003929361683000510e+00
1.612000000000000171e+02,1.003932721762907487e+00
1.617199999999999989e+02,1.003933641694063850e+00
1.622400000000000091e+02,1.003931784115948744e+00
1.627599999999999909e+02,1.003929933430945942e+00
1.632800000000000011e+02,1.003928113520900389e+00
1.637999999999999829e+02,1.003926280061185672e+00
1.643199999999999932e+02,1.003924454315428871e+00
1.648400000000000318e+02,1.003922638447842797e+00
1.653600000000000136e+02,1.003920849774945889e+00
1.658799999999999955e+02,1.003919051607188972e+00
1.664000000000000057e+02,1.003917260088651009e+00
1.669200000000000159e+02,1.003915498057863065e+00
1.674399999999999977e+02,1.003913722117324658e+00
1.679599999999999795e+02,1.003911958676786620e+00
1.684799999999999898e+02,1.003910274756046661e+00
1.690000000000000000e+02,1.003913761440796693e+00
1.695200000000000102e+02,1.003916791762516025e+00
1.700400000000000205e+02,1.003915062113935885e+00
1.705600000000000023e+02,1.003913334003724511e+00
1.710800000000000125e+02,1.003911621014293543e+00
1.715999999999999943e+02,1.003909928757040104e+00
1.721200000000000045e+02,1.003908231910067173e+00
1.726399999999999864e+02,1.003906537499686058e+00
1.731599999999999966e+02,1.003904875401581354e+00
1.736799999999999784e+02,1.003903198189348478e+00
1.742000000000000171e+02,1.003901532530243834e+00
1.747200000000000273e+02,1.003899890604299294e+00
1.752400000000000091e+02,1.003898238238553287e+00
1.757599999999999909e+02,1.003899455285118592e+00
1.762800000000000011e+02,1.003903054829302643e+00
1.768000000000000114e+02,1.003903375769576556e+00
1.773199999999999932e+02,1.003901755062628576e+00
1.778399999999999750e+02,1.003900162441902388e+00
1.783599999999999852e+02,1.003898557283884552e+00
1.788800000000000239e+02,1.003896961398315302e+00
1.794000000000000057e+02,1.003895388408717837e+00
1.799200000000000159e+02,1.003893808044058256e+00
1.804399999999999977e+02,1.003892232074259150e+00
1.809600000000000080e+02,1.003890687905689694e+00
1.814799999999999898e+02,1.003889127608050158e+00
1.820000000000000000e+02,1.003887581498629222e+00
1.825199999999999818e+02,1.003886533932118352e+00
1.830399999999999920e+02,1.003890235222347549e+00
1.835600000000000023e+02,1.003893040538215153e+00
1.840800000000000125e+02,1.003891541670902665e+00
1.846000000000000227e+02,1.003890025353440185e+00
1.851200000000000045e+02,1.003888522915197701e+00
1.856399999999999864e+02,1.003887042736735236e+00
1.861599999999999966e+02,1.003885556589400707e+00
1.866800000000000068e+02,1.003884073943467126e+00
1.871999999999999886e+02,1.003882619488260852e+00
1.877199999999999704e+02,1.003881150908997100e+00
1.882400000000000091e+02,1.003879690960861160e+00
1.887600000000000193e+02,1.003878256612725561e+00
1.892800000000000011e+02,1.003876812258749807e+00
1.898000000000000114e+02,1.003878678677634584e+00
1.903199999999999932e+02,1.003882481354787082e+00
1.908400000000000034e+02,1.003882585698959495e+00
1.913599999999999852e+02,1.003881168042782157e+00
1.918799999999999955e+02,1.003879779555024943e+00
1.923999999999999773e+02,1.003878377530325938e+00
1.929200000000000159e+02,1.003876984601367095e+00
1.934399999999999977e+02,1.003875592744388534e+00
1.939600000000000080e+02,1.003874214326759384e+00
1.944800000000000182e+02,1.003872839094018810e+00
1.950000000000000000e+02,1.003871495963208460e+00
1.955199999999999818e+02,1.003870136270868185e+00
1.960399999999999920e+02,1.003868786580107475e+00
1.965600000000000023e+02,1.003868354335585744e+00
1.970799999999999841e+02,1.003872254148914900e+00
1.976000000000000227e+02,1.003874837683443211e+00
1.981200000000000045e+02,1.003873536316920889e+00
1.986400000000000148e+02,1.003872218632427371e+00
1.991599999999999966e+02,1.003870911176885095e+00
1.996800000000000068e+02,1.003869625509561159e+00
2.001999999999999886e+02,1.003868328836397872e+00
2.007199999999999989e+02,1.003867037688872532e+00
2.012399999999999807e+02,1.003865776154708955e+00
2.017599999999999909e+02,1.003864500679343630e+00
2.022800000000000296e+02,1.003863232570818331e+00
2.028000000000000114e+02,1.003861990763873280e+00
2.033199999999999932e+02,1.003860736288507693e+00
2.038400000000000034e+02,1.003863231167500869e+00
2.043600000000000136e+02,1.003867220790284343e+00
2.048799999999999955e+02,1.003867075714117263e+00
2.053999999999999773e+02,1.003865847438300429e+00
2.059199999999999875e+02,1.003864645986022097e+00
2.064399999999999977e+02,1.003863428371035038e+00
2.069600000000000080e+02,1.003862221293016610e+00
2.074800000000000182e+02,1.003861035909157984e+00
2.080000000000000000e+02,1.003859842964299531e+00
2.085200000000000102e+02,1.003858651601639895e+00
2.090399999999999920e+02,1.003857491915579603e+00
2.095600000000000023e+02,1.003856314062849586e+00
2.100799999999999841e+02,1.003855146344859728e+00
2.105999999999999943e+02,1.003855317559149363e+00
2.111199999999999761e+02,1.003859396427447814e+00
2.116400000000000148e+02,1.003861739509457784e+00
2.121600000000000250e+02,1.003860617617106543e+00
2.126800000000000068e+02,1.003859479093303309e+00
2.131999999999999886e+02,1.003858326167621273e+00
2.137199999999999989e+02,1.003857219341939500e+00
2.142400000000000091e+02,1.003856101509436494e+00
2.147599999999999909e+02,1.003854989714883406e+00
2.152799999999999727e+02,1.003853904020329812e+00
2.157999999999999829e+02,1.003852803856905229e+00
2.163200000000000216e+02,1.003851707130422044e+00
2.168400000000000034e+02,1.003850619561157620e+00
2.173600000000000136e+02,1.003849558065802450e+00
2.178799999999999955e+02,1.003848484591227663e+00
2.184000000000000057e+02,1.003847413995872628e+00
2.189199999999999875e+02,1.003850935653476162e+00
2.194399999999999977e+02,1.003855109711429883e+00
2.199599999999999795e+02,1.003854327808033409e+00
2.204799999999999898e+02,1.003853281410826970e+00
2.210000000000000000e+02,1.003852244107430680e+00
2.215200000000000102e+02,1.003851227563182791e+00
2.220400000000000205e+02,1.003850201393295949e+00
2.225600000000000023e+02,1.003849176750098104e+00
2.230799999999999841e+02,1.003848161644850467e+00
2.235999999999999943e+02,1.003847167393960627e+00
2.241200000000000045e+02,1.003846165788712552e+00
2.246399999999999864e+02,1.003845166437822956e+00
2.251599999999999682e+02,1.003844194039644977e+00
2.256800000000000068e+02,1.003843206659685627e+00
2.262000000000000171e+02,1.003842228467944020e+00
2.267199999999999989e+02,1.003841272295054488e+00
2.272400000000000091e+02,1.003840302102963600e+00
2.277599999999999909e+02,1.003839337858093650e+00
2.282800000000000011e+02,1.003838399816332494e+00
2.287999999999999829e+02,1.003840827459331120e+00
2.293199999999999932e+02,1.003845111809698487e+00
2.298400000000000318e+02,1.003845622456787323e+00
2.303600000000000136e+02,1.003844686475224401e+00
2.308799999999999955e+02,1.003843757614441667e+00
2.314000000000000057e+02,1.003842851288568871e+00
2.319200000000000159e+02,1.003841933439116207e+00
2.324399999999999977e+02,1.003841018685403430e+00
2.329599999999999795e+02,1.003840132084818926e+00
2.334799999999999898e+02,1.003839227331106310e+00
2.340000000000000000e+02,1.003838330208522089e+00
2.345200000000000102e+02,1.003837453146937397e+00
2.350400000000000205e+02,1.003836569644501742e+00
2.355600000000000023e+02,1.003835686560917262e+00
2.360800000000000125e+02,1.003834808538332179e+00
2.365999999999999943e+02,1.003833934641036540e+00
2.371200000000000045e+02,1.003833072745670352e+00
2.376399999999999864e+02,1.003832212376044586e+00
2.381599999999999966e+02,1.003831377080678822e+00
2.386799999999999784e+02,1.003830525881531210e+00
2.392000000000000171e+02,1.003829682079975250e+00
2.397200000000000273e+02,1.003828861480827284e+00
2.402400000000000091e+02,1.003828028283259677e+00
2.407599999999999909e+02,1.003827198113182328e+00
2.412800000000000011e+02,1.003826392201903062e+00
2.418000000000000114e+02,1.003825572731655624e+00
2.423199999999999932e+02,1.003824757692706626e+00
2.428399999999999750e+02,1.003823968228298780e+00
2.433599999999999852e+02,1.003823164295019721e+00
2.438800000000000239e+02,1.003822366916900632e+00
2.444000000000000057e+02,1.003821592648079797e+00
2.449200000000000159e+02,1.003825407966050465e+00
2.454399999999999977e+02,1.003829855563899587e+00
2.459600000000000080e+02,1.003829307492850820e+00
2.464799999999999898e+02,1.003828532312880162e+00
2.470000000000000000e+02,1.003827764161628888e+00
2.475199999999999818e+02,1.003827016120658611e+00
2.480399999999999920e+02,1.003826259100886187e+00
2.485600000000000023e+02,1.003825502460965247e+00
2.490800000000000125e+02,1.003824773080192800e+00
2.496000000000000227e+02,1.003824025627090721e+00
2.501200000000000045e+02,1.003823287117248109e+00
2.506399999999999864e+02,1.003822569303145951e+00
2.511599999999999966e+02,1.003821838956584056e+00
2.516800000000000068e+02,1.003821111162629398e+00
2.521999999999999886e+02,1.003820388354017323e+00
2.527199999999999704e+02,1.003819688671043098e+00
2.532400000000000091e+02,1.003818976954559128e+00
2.537600000000000193e+02,1.003818269794815476e+00
2.542800000000000011e+02,1.003817587245001697e+00
2.548000000000000114e+02,1.003816888650245875e+00
2.553199999999999932e+02,1.003816192472761770e+00
2.558400000000000034e+02,1.003815521583146575e+00
2.563600000000000136e+02,1.003814836215711104e+00
2.568799999999999955e+02,1.003814155697025257e+00
2.573999999999999773e+02,1.003813496835429309e+00
2.579200000000000159e+02,1.003812827384814144e+00
2.584399999999999977e+02,1.003812160054347036e+00
2.589600000000000364e+02,1.003811516325911368e+00
2.594800000000000182e+02,1.003810854506424377e+00
2.600000000000000000e+02,1.003810201836787375e+00
2.605199999999999818e+02,1.003809550545319951e+00
2.610399999999999636e+02,1.003808925977083266e+00
2.615600000000000023e+02,1.003808282818775766e+00
2.620799999999999841e+02,1.003807625780267054e+00
2.626000000000000227e+02,1.003807010290029833e+00
2.631200000000000045e+02,1.003806382751521564e+00
2.636399999999999864e+02,1.003805756753412659e+00
2.641600000000000250e+02,1.003805155881923650e+00
2.646800000000000068e+02,1.003804539383815086e+00
2.651999999999999886e+02,1.003803929923306582e+00
2.657199999999999704e+02,1.003800705883996169e+00
2.662400000000000091e+02,1.003794868552907449e+00
2.667599999999999909e+02,1.003792090946757254e+00
2.672800000000000296e+02,1.003791494635466686e+00
2.678000000000000114e+02,1.003790922068316327e+00
2.683199999999999932e+02,1.003790333768356247e+00
2.688400000000000318e+02,1.003789750562205541e+00
2.693600000000000136e+02,1.003789189115203762e+00
2.698799999999999955e+02,1.003788614381913469e+00
2.703999999999999773e+02,1.003788041873911352e+00
2.709199999999999591e+02,1.003787494927959711e+00
2.714399999999999977e+02,1.003786930419957812e+00
2.719600000000000364e+02,1.003786372411955563e+00
2.724800000000000182e+02,1.003785815999693964e+00
2.730000000000000000e+02,1.003785283591692057e+00
2.735199999999999818e+02,1.003784732243888644e+00
2.740400000000000205e+02,1.003784191529244918e+00
2.745600000000000023e+02,1.003783670187913257e+00
2.750799999999999841e+02,1.003783134907130004e+00
2.755999999999999659e+02,1.003782600192486330e+00
2.761200000000000045e+02,1.003782089011352685e+00
2.766399999999999864e+02,1.003781561359767593e+00
2.771600000000000250e+02,1.003781041645653849e+00
2.776800000000000068e+02,1.003780542662138897e+00
2.781999999999999886e+02,1.003780028042185579e+00
2.787200000000000273e+02,1.003779517025340073e+00
2.792400000000000091e+02,1.003779029504755060e+00
2.797599999999999909e+02,1.003778526487910217e+00
2.802799999999999727e+02,1.003778027999084888e+00
2.807999999999999545e+02,1.003777532613368217e+00
2.813199999999999932e+02,1.003777058264943012e+00
2.818400000000000318e+02,1.003776568501406619e+00
2.823600000000000136e+02,1.003776080051581143e+00
2.828799999999999955e+02,1.003775618322954477e+00
2.833999999999999773e+02,1.003775141005307958e+00
2.839200000000000159e+02,1.003774665780771569e+00
2.844399999999999977e+02,1.003774210091144425e+00
2.849599999999999795e+02,1.003768663358736379e+00
2.854799999999999613e+02,1.003763233108109665e+00
2.860000000000000000e+02,1.003762771543771581e+00
2.865199999999999818e+02,1.003762328921164571e+00
2.870400000000000205e+02,1.003761877884496334e+00
2.875600000000000023e+02,1.003761426859158146e+00
2.880799999999999841e+02,1.003760997394820054e+00
2.886000000000000227e+02,1.003760550425171427e+00
2.891200000000000045e+02,1.003760109936801648e+00
2.896399999999999864e+02,1.003759690011463146e+00
2.901599999999999682e+02,1.003759257172943675e+00
2.906800000000000068e+02,1.003758825780765473e+00
2.911999999999999886e+02,1.003758395971315442e+00
2.917200000000000273e+02,1.003757987716105360e+00
2.922400000000000091e+02,1.003757565877585467e+00
2.927599999999999909e+02,1.003757125145605889e+00
2.932799999999999727e+02,1.003756729946085446e+00
2.938000000000000114e+02,1.003756318767764277e+00
2.943199999999999932e+02,1.003755910073734325e+00
2.948400000000000318e+02,1.003755523506393077e+00
2.953600000000000136e+02,1.003755119961231346e+00
2.958799999999999955e+02,1.003754719794871297e+00
2.963999999999999773e+02,1.003754340727880390e+00
2.969200000000000159e+02,1.003753946221718429e+00
2.974399999999999977e+02,1.003753553307685564e+00
2.979599999999999795e+02,1.003753185901524070e+00
2.984800000000000182e+02,1.003752800895362673e+00
2.990000000000000000e+02,1.003752420520329647e+00
2.995200000000000387e+02,1.003751372514168017e+00
3.000400000000000205e+02,1.003745780867155046e+00
3.005600000000000023e+02,1.003741259831122390e+00
3.010799999999999841e+02,1.003740892983758570e+00
3.016000000000000227e+02,1.003740545747725532e+00
3.021200000000000045e+02,1.003740181929782871e+00
3.026399999999999864e+02,1.003739818780038151e+00
3.031599999999999682e+02,1.003739460011024764e+00
3.036800000000000068e+02,1.003739122518020332e+00
3.042000000000000455e+02,1.003738768720987329e+00
3.047200000000000273e+02,1.003738417167332697e+00
3.052400000000000091e+02,1.003738088118117933e+00
3.057599999999999909e+02,1.003737743536442961e+00
3.062799999999999727e+02,1.003737403481388624e+00
3.068000000000000114e+02,1.003737083472573843e+00
3.073199999999999932e+02,1.003736745957569232e+00
3.078399999999999750e+02,1.003736411505972814e+00
3.083600000000000136e+02,1.003736098157988366e+00
3.088799999999999955e+02,1.003735769763131946e+00
3.094000000000000341e+02,1.003735442759457142e+00
3.099200000000000159e+02,1.003735140503601242e+00
3.104399999999999977e+02,1.003734821647745079e+00
3.109599999999999795e+02,1.003734504264218508e+00
3.114800000000000182e+02,1.003734187947362244e+00
3.120000000000000000e+02,1.003733892877794576e+00
3.125199999999999818e+02,1.003733579060938297e+00
3.130399999999999636e+02,1.003733273311101737e+00
3.135600000000000023e+02,1.003732986780534242e+00
3.140800000000000409e+02,1.003732686084876091e+00
3.146000000000000227e+02,1.003732385779350089e+00
3.151200000000000045e+02,1.003732106787782019e+00
3.156399999999999864e+02,1.003731810280974246e+00
3.161599999999999682e+02,1.003731517095246550e+00
3.166800000000000068e+02,1.003731245171748832e+00
3.171999999999999886e+02,1.003730957700329052e+00
3.177199999999999704e+02,1.003730672082671305e+00
3.182400000000000091e+02,1.003730409158123393e+00
3.187599999999999909e+02,1.003730129265754112e+00
3.192800000000000296e+02,1.003729852390074395e+00
3.198000000000000114e+02,1.003729595976506683e+00
3.203199999999999363e+02,1.003729321612157221e+00
3.208400000000000318e+02,1.003729050747807827e+00
3.213600000000000136e+02,1.003728781883108434e+00
3.218799999999999955e+02,1.003728533618758911e+00
3.224000000000000341e+02,1.003728267384137895e+00
3.229200000000000159e+02,1.003728005152948466e+00
3.234399999999999977e+02,1.003727762888249053e+00
3.239600000000000364e+02,1.003727506694028104e+00
3.244800000000000182e+02,1.003727250519578673e+00
3.250000000000000000e+02,1.003727018886357403e+00
3.255199999999999818e+02,1.003726768313966566e+00
3.260399999999999636e+02,1.003726520619745211e+00
3.265600000000000023e+02,1.003726292147354426e+00
3.270799999999999841e+02,1.003726046480803324e+00
3.275999999999999659e+02,1.003725649648812057e+00
3.281200000000000045e+02,1.003724893968549692e+00
3.286399999999999864e+02,1.003724521669018488e+00
3.291599999999999682e+02,1.003724821556826186e+00
3.296800000000000637e+02,1.003724852495764930e+00
3.302000000000000455e+02,1.003724639683572395e+00
3.307200000000000273e+02,1.003724676617201217e+00
3.312400000000000091e+02,1.003724985044008866e+00
3.317599999999999909e+02,1.003724969731816241e+00
3.322800000000000296e+02,1.003724764457573304e+00
3.328000000000000114e+02,1.003724905984381133e+00
3.333199999999999932e+02,1.003725202942316486e+00
3.338400000000000318e+02,1.003725520868073984e+00
3.343600000000000136e+02,1.003725839426009570e+00
3.348799999999999955e+02,1.003726142413997158e+00
3.353999999999999773e+02,1.003726466499953229e+00
3.359199999999999591e+02,1.003726312965760092e+00
3.364399999999999977e+02,1.003726102412545895e+00
3.369599999999999795e+02,1.003726413898501590e+00
3.374799999999999613e+02,1.003726745589597291e+00
3.380000000000000000e+02,1.003727079714553660e+00
3.385199999999999818e+02,1.003727471733669052e+00
3.390400000000000205e+02,1.003728324680455142e+00
3.395600000000000591e+02,1.003729063008519162e+00
3.400800000000000409e+02,1.003729402755304756e+00
3.406000000000000227e+02,1.003729743542490782e+00
3.411200000000000045e+02,1.003730069198574659e+00
3.416399999999999864e+02,1.003730415076488969e+00
3.421600000000000250e+02,1.003730762834604828e+00
3.426800000000000068e+02,1.003731340441588848e+00
3.431999999999999886e+02,1.003732206530833393e+00
3.437200000000000273e+02,1.003732788176817214e+00
3.442400000000000091e+02,1.003733144066061733e+00
3.447599999999999909e+02,1.003733806612045587e+00
3.452799999999999727e+02,1.003734680321088479e+00
3.457999999999999545e+02,1.003735212167422342e+00
3.463199999999999932e+02,1.003735573217496402e+00
3.468399999999999750e+02,1.003736317755608898e+00
3.473599999999999568e+02,1.003737196912923402e+00
3.478799999999999955e+02,1.003738080188985915e+00
3.484000000000000341e+02,1.003738964560258573e+00
3.489200000000000159e+02,1.003739371876370967e+00
3.494400000000000546e+02,1.003739740547993753e+00
3.499600000000000364e+02,1.003740629864106504e+00
3.504800000000000182e+02,1.003741519802398896e+00
3.510000000000000000e+02,1.003742412118511451e+00
3.515199999999999818e+02,1.003743304527733970e+00
3.520400000000000205e+02,1.003744199938007009e+00
3.525600000000000023e+02,1.003745095403337784e+00
3.530799999999999841e+02,1.003745995852609818e+00
3.536000000000000227e+02,1.003747049222031285e+00
3.541200000000000045e+02,1.003748484458292012e+00
3.546399999999999864e+02,1.003749710646564930e+00
3.551599999999999682e+02,1.003750616715985755e+00
3.556799999999999500e+02,1.003751522285406761e+00
3.561999999999999886e+02,1.003752427883897846e+00
3.567199999999999704e+02,1.003753622491968756e+00
3.572399999999999523e+02,1.003755049300389945e+00
3.577600000000000477e+02,1.003756171537880881e+00
3.582800000000000296e+02,1.003757085238430324e+00
3.588000000000000114e+02,1.003758363274521281e+00
3.593200000000000500e+02,1.003759795798300658e+00
3.598400000000000318e+02,1.003760845645721655e+00
3.603600000000000136e+02,1.003761761942011166e+00
3.608799999999999955e+02,1.003763121444591899e+00
3.613999999999999773e+02,1.003764558913211369e+00
3.619200000000000159e+02,1.003765997948500743e+00
3.624399999999999977e+02,1.003767457082210157e+00
3.629599999999999795e+02,1.003768899578499907e+00
3.634800000000000182e+02,1.003770323080278803e+00
3.640000000000000000e+02,1.003771252375518452e+00
3.645199999999999818e+02,1.003772258677297691e+00
3.650399999999999636e+02,1.003773703712587562e+00
3.655599999999999454e+02,1.003775283606495261e+00
3.660799999999999841e+02,1.003777268563964098e+00
3.665999999999999659e+02,1.003779082573642123e+00
3.671200000000000045e+02,1.003780554803092029e+00
3.676400000000000432e+02,1.003782008091689493e+00
3.681600000000000250e+02,1.003783480924597349e+00
3.686800000000000068e+02,1.003784935685174684e+00
3.692000000000000455e+02,1.003786394473772825e+00
3.697200000000000273e+02,1.003788139048062078e+00
3.702400000000000091e+02,1.003790132638060273e+00
3.707599999999999909e+02,1.003791802629766527e+00
3.712799999999999727e+02,1.003793283057363706e+00
3.718000000000000114e+02,1.003794745440121927e+00
3.723199999999999932e+02,1.003796209739699741e+00
3.728399999999999750e+02,1.003798095388495959e+00
3.733600000000000136e+02,1.003800096555093946e+00
3.738799999999999955e+02,1.003802099746799570e+00
3.743999999999999773e+02,1.003804084840887567e+00
3.749199999999999591e+02,1.003805589128683895e+00
3.754399999999999409e+02,1.003807058559390342e+00
3.759599999999999795e+02,1.003809064941346252e+00
3.764800000000000182e+02,1.003811071227742380e+00
3.770000000000000000e+02,1.003813083015538954e+00
3.775200000000000387e+02,1.003815075768425213e+00
3.780400000000000205e+02,1.003817085056221137e+00
3.785600000000000023e+02,1.003819094948107393e+00
3.790800000000000409e+02,1.003821109246883836e+00
3.796000000000000227e+02,1.003823124599769745e+00
3.801200000000000045e+02,1.003825122512854717e+00
3.806399999999999864e+02,1.003827139867320639e+00
3.811599999999999682e+02,1.003829156880405415e+00
3.816800000000000068e+02,1.003831175339311432e+00
3.821999999999999886e+02,1.003833195352396013e+00
3.827199999999999704e+02,1.003835196237990557e+00
3.832400000000000091e+02,1.003837215658946569e+00
3.837599999999999909e+02,1.003839238211031715e+00
3.842799999999999727e+02,1.003841263761716451e+00
3.847999999999999545e+02,1.003843269713800890e+00
3.853199999999999363e+02,1.003845294860575166e+00
3.858400000000000318e+02,1.003847721512659996e+00
3.863600000000000136e+02,1.003850262356873246e+00
3.868799999999999955e+02,1.003852367875627927e+00
3.874000000000000341e+02,1.003854397994732528e+00
3.879200000000000159e+02,1.003856428666615397e+00
3.884399999999999977e+02,1.003858459408949688e+00
3.889600000000000364e+02,1.003861007819832896e+00
3.894800000000000182e+02,1.003863518477587702e+00
3.900000000000000000e+02,1.003865551688820856e+00
3.905199999999999818e+02,1.003867661393863742e+00
3.910399999999999636e+02,1.003870213281038648e+00
3.915600000000000023e+02,1.003872650225081209e+00
3.920799999999999841e+02,1.003874669902984129e+00
3.925999999999999659e+02,1.003876879986197235e+00
3.931200000000000045e+02,1.003879434626330669e+00
3.936399999999999864e+02,1.003881989104233430e+00
3.941599999999999682e+02,1.003884546177346460e+00
3.946800000000000637e+02,1.003886874019707776e+00
3.952000000000000455e+02,1.003888896330771052e+00
3.957200000000000273e+02,1.003891224742884170e+00
3.962400000000000091e+02,1.003893784312915427e+00
3.967599999999999909e+02,1.003896345453048067e+00
3.972800000000000296e+02,1.003898907657289730e+00
3.978000000000000114e+02,1.003901488868352843e+00
3.983199999999999932e+02,1.003904051017784349e+00
3.988400000000000318e+02,1.003906214120975804e+00
3.993600000000000136e+02,1.003908244053237198e+00
3.998799999999999955e+02,1.003910751524498268e+00
4.003999999999999773e+02,1.003913316674561518e+00
4.009199999999999591e+02,1.003915883445823498e+00
4.014399999999999977e+02,1.003918451189064864e+00
4.019599999999999795e+02,1.003921018552454747e+00
4.024799999999999613e+02,1.003923586323716366e+00
4.030000000000000000e+02,1.003926175165907209e+00
4.035199999999999818e+02,1.003928745464838457e+00
4.040400000000000205e+02,1.003931315895248311e+00
4.045600000000000591e+02,1.003933752505510091e+00
4.050800000000000409e+02,1.003935810170931253e+00
4.056000000000000227e+02,1.003938039273321481e+00
4.061200000000000045e+02,1.003940612175710845e+00
4.066399999999999864e+02,1.003943185513642256e+00
4.071600000000000250e+02,1.003945761010192284e+00
4.076800000000000068e+02,1.003948336979602285e+00
4.081999999999999886e+02,1.003950931481991882e+00
4.087200000000000273e+02,1.003953507953083246e+00
4.092400000000000091e+02,1.003956086355473287e+00
4.097599999999999909e+02,1.003958664448112659e+00
4.102799999999999727e+02,1.003961242917173147e+00
4.107999999999999545e+02,1.003963822544851281e+00
4.113199999999999932e+02,1.003966403514261030e+00
4.118399999999999750e+02,1.003969003677481098e+00
4.123599999999999568e+02,1.003971584147940854e+00
4.128799999999999955e+02,1.003974165370308924e+00
4.134000000000000341e+02,1.003976746405858878e+00
4.139200000000000159e+02,1.003978852065168681e+00
4.144400000000000546e+02,1.003980919898687096e+00
4.149600000000000364e+02,1.003983503650125453e+00
4.154800000000000182e+02,1.003986087224675083e+00
4.160000000000000000e+02,1.003988673447043123e+00
4.165199999999999818e+02,1.003991259548631332e+00
4.170400000000000205e+02,1.003993864778871314e+00
4.175600000000000023e+02,1.003996451013619451e+00
4.180799999999999841e+02,1.003999037235987712e+00
4.186000000000000227e+02,1.004001452126426219e+00
4.191200000000000045e+02,1.004003524622174126e+00
4.196399999999999864e+02,1.004005807283542717e+00
4.201599999999999682e+02,1.004008396573980555e+00
4.206799999999999500e+02,1.004010986428877317e+00
4.211999999999999886e+02,1.004013576162225752e+00
4.217199999999999704e+02,1.004016167046823726e+00
4.222399999999999523e+02,1.004018776937262158e+00
4.227600000000000477e+02,1.004021024502089077e+00
4.232800000000000296e+02,1.004023100564507054e+00
4.238000000000000114e+02,1.004025540186073817e+00
4.243200000000000500e+02,1.004028152209671898e+00
4.248400000000000318e+02,1.004030324892238646e+00
4.253600000000000136e+02,1.004032403057065315e+00
4.258799999999999955e+02,1.004034920580663570e+00
4.263999999999999773e+02,1.004037534102230067e+00
4.269200000000000159e+02,1.004039632923796832e+00
4.274399999999999977e+02,1.004041712778523499e+00
4.279599999999999795e+02,1.004044308200090274e+00
4.284800000000000182e+02,1.004046866054816745e+00
4.290000000000000000e+02,1.004048947276383386e+00
4.295199999999999818e+02,1.004051104531110017e+00
4.300399999999999636e+02,1.004053701991677094e+00
4.305599999999999454e+02,1.004056184907403448e+00
4.310799999999999841e+02,1.004058267854258446e+00
4.315999999999999659e+02,1.004060331543895401e+00
4.321200000000000045e+02,1.004062414437622008e+00
4.326400000000000432e+02,1.004064475912496812e+00
4.331600000000000250e+02,1.004066559673063574e+00
4.336800000000000068e+02,1.004068625058918807e+00
4.342000000000000455e+02,1.004070709441315268e+00
4.347200000000000273e+02,1.004073080956240371e+00
4.352400000000000091e+02,1.004075681631115824e+00
4.357599999999999909e+02,1.004077957930681997e+00
4.362799999999999727e+02,1.004080043945607459e+00
4.368000000000000114e+02,1.004081748487152037e+00
4.373199999999999932e+02,1.004083319273007424e+00
4.378399999999999750e+02,1.004085291726932283e+00
4.383600000000000136e+02,1.004087378740807335e+00
4.388799999999999955e+02,1.004089446683402498e+00
4.393999999999999773e+02,1.004091534208257697e+00
4.399199999999999591e+02,1.004093622222132165e+00
4.404399999999999409e+02,1.004095691203727547e+00
4.409599999999999795e+02,1.004097264150762614e+00
4.414800000000000182e+02,1.004098875204687547e+00
4.420000000000000000e+02,1.004100945238361131e+00
4.425200000000000387e+02,1.004102939292286223e+00
4.430400000000000205e+02,1.004104512713231090e+00
4.435600000000000023e+02,1.004106201352044536e+00
4.440800000000000409e+02,1.004108291433990052e+00
4.446000000000000227e+02,1.004110209774733420e+00
4.451200000000000045e+02,1.004111765591716665e+00
4.456399999999999864e+02,1.004113340634491980e+00
4.461599999999999682e+02,1.004114896980545124e+00
4.466800000000000068e+02,1.004116453486378679e+00
4.471999999999999886e+02,1.004118028999451795e+00
4.477199999999999704e+02,1.004119585320047303e+00
4.482400000000000091e+02,1.004121161927280736e+00
4.487599999999999909e+02,1.004122718838954098e+00
4.492799999999999727e+02,1.004124295473857620e+00
4.497999999999999545e+02,1.004125852858910983e+00
4.503199999999999363e+02,1.004127410932814657e+00
4.508400000000000318e+02,1.004128987540047868e+00
4.513600000000000136e+02,1.004130545611920056e+00
4.518799999999999955e+02,1.004132123246823438e+00
4.524000000000000341e+02,1.004133681265036770e+00
4.529200000000000159e+02,1.004134762244780266e+00
4.534399999999999977e+02,1.004135805710812290e+00
4.539600000000000364e+02,1.004137383384715809e+00
4.544800000000000182e+02,1.004138885036788942e+00
4.550000000000000000e+02,1.004139928502821189e+00
4.555199999999999818e+02,1.004140971876724242e+00
4.560399999999999636e+02,1.004142015842756308e+00
4.565600000000000023e+02,1.004143059320117937e+00
4.570799999999999841e+02,1.004144122794021765e+00
4.575999999999999659e+02,1.004145338699053536e+00
4.581200000000000045e+02,1.004146898270925625e+00
4.586399999999999864e+02,1.004148037775957070e+00
4.591599999999999682e+02,1.004148566610058912e+00
4.596800000000000637e+02,1.004149343622962709e+00
4.602000000000000455e+02,1.004150388100324420e+00
4.607200000000000273e+02,1.004151432699516233e+00
4.612400000000000091e+02,1.004152477733618154e+00
4.617599999999999909e+02,1.004153522266669762e+00
4.622800000000000296e+02,1.004154566863830311e+00
4.628000000000000114e+02,1.004155229936932292e+00
4.633199999999999932e+02,1.004155759241964097e+00
4.638400000000000318e+02,1.004156708785995722e+00
4.643600000000000136e+02,1.004157753387117991e+00
4.648799999999999955e+02,1.004158340178438191e+00
4.653999999999999773e+02,1.004158850422469884e+00
4.659199999999999591e+02,1.004159379887699988e+00
4.664399999999999977e+02,1.004159909353912195e+00
4.669599999999999795e+02,1.004160419719142494e+00
4.674799999999999613e+02,1.004160949590844121e+00
4.680000000000000000e+02,1.004161479178254268e+00
4.685199999999999818e+02,1.004162008522286209e+00
4.690400000000000205e+02,1.004162518926516645e+00
4.695600000000000591e+02,1.004162914784856975e+00
4.700800000000000409e+02,1.004162909396958847e+00
4.706000000000000227e+02,1.004163095184369192e+00
4.711200000000000045e+02,1.004163605587199415e+00
4.716399999999999864e+02,1.004164135185589668e+00
4.721600000000000250e+02,1.004164664649769945e+00
4.726800000000000068e+02,1.004164926348160014e+00
4.731999999999999886e+02,1.004164921080410666e+00
4.737200000000000273e+02,1.004164915377400824e+00
4.742400000000000091e+02,1.004164929342811208e+00
4.747599999999999909e+02,1.004164923547041566e+00
4.752799999999999727e+02,1.004164917901121834e+00
4.757999999999999545e+02,1.004164931390590265e+00
4.763199999999999932e+02,1.004164926133820579e+00
4.768399999999999750e+02,1.004164919987900584e+00
4.773599999999999568e+02,1.004164933425291117e+00
4.778799999999999955e+02,1.004164927382829697e+00
4.784000000000000341e+02,1.004164921736909966e+00
4.789200000000000159e+02,1.004164934143198629e+00
4.794400000000000546e+02,1.004164908936278966e+00
4.799600000000000364e+02,1.004164387193817509e+00
4.804800000000000182e+02,1.004163922131208198e+00
4.810000000000000000e+02,1.004163915616416380e+00
4.815199999999999818e+02,1.004163813573955455e+00
4.820400000000000205e+02,1.004163290767035921e+00
4.825600000000000023e+02,1.004162768535554306e+00
4.830799999999999841e+02,1.004162245820763077e+00
4.836000000000000227e+02,1.004161723117301674e+00
4.841200000000000045e+02,1.004161200310382140e+00
4.846399999999999864e+02,1.004160677106920696e+00
4.851599999999999682e+02,1.004160153364109354e+00
4.856799999999999500e+02,1.004159630160647909e+00
4.861999999999999886e+02,1.004159106484856734e+00
4.867199999999999704e+02,1.004158583309065600e+00
4.872399999999999523e+02,1.004158059228834166e+00
4.877600000000000477e+02,1.004157191253042702e+00
4.882800000000000296e+02,1.004156131841709820e+00
4.888000000000000114e+02,1.004155473965918421e+00
4.893200000000000500e+02,1.004154949329127522e+00
4.898400000000000318e+02,1.004154004548895918e+00
4.903600000000000136e+02,1.004152944637212830e+00
4.908799999999999955e+02,1.004151903300421589e+00
4.913999999999999773e+02,1.004150862491120177e+00
4.919200000000000159e+02,1.004150298803547336e+00
4.924399999999999977e+02,1.004149753566756065e+00
4.929599999999999795e+02,1.004148711877253408e+00
4.934800000000000182e+02,1.004147670012792037e+00
4.940000000000000000e+02,1.004146608791359085e+00
4.945199999999999818e+02,1.004145451446696091e+00
4.950399999999999636e+02,1.004143892938974991e+00
4.955599999999999454e+02,1.004142448660801934e+00
4.960799999999999841e+02,1.004141405416138833e+00
4.965999999999999659e+02,1.004140343141577851e+00
4.971200000000000045e+02,1.004139299491074500e+00
4.976400000000000432e+02,1.004138026103501780e+00
4.981600000000000250e+02,1.004136447191998904e+00
4.986800000000000068e+02,1.004135135048736194e+00
4.992000000000000455e+02,1.004134090437232896e+00
4.997200000000000273e+02,1.004132720615800389e+00
5.002400000000000091e+02,1.004131158738157392e+00
5.007599999999999909e+02,1.004129578355724250e+00
5.012799999999999727e+02,1.004127997944221473e+00
5.018000000000000114e+02,1.004126416495648488e+00
5.023199999999999932e+02,1.004124835045145714e+00
5.028399999999999750e+02,1.004123692501712961e+00
5.033600000000000136e+02,1.004122626411408037e+00
5.038799999999999955e+02,1.004120642333765412e+00
5.043999999999999773e+02,1.004118544251332512e+00
5.049199999999999591e+02,1.004116941796919571e+00
5.054399999999999409e+02,1.004115377116544972e+00
5.059599999999999795e+02,1.004113793234111984e+00
5.064800000000000182e+02,1.004112209510827469e+00
5.070000000000000000e+02,1.004110624599324764e+00
5.075200000000000387e+02,1.004108944348020005e+00
5.080400000000000205e+02,1.004106842699447499e+00
5.085600000000000023e+02,1.004104874948142712e+00
5.090800000000000409e+02,1.004103288603659827e+00
5.096000000000000227e+02,1.004101530452355506e+00
5.101200000000000045e+02,1.004099427556740753e+00
5.106399999999999864e+02,1.004097534707467654e+00
5.111599999999999682e+02,1.004095966084183500e+00
5.116800000000000068e+02,1.004094088432878840e+00
5.122000000000000455e+02,1.004091983980524239e+00
5.127200000000000273e+02,1.004089879529219687e+00
5.132400000000000091e+02,1.004087774644935482e+00
5.137599999999999909e+02,1.004085649557192594e+00
5.142799999999999727e+02,1.004083543644888277e+00
5.147999999999999545e+02,1.004081436815763784e+00
5.153199999999999363e+02,1.004079329903458939e+00
5.158400000000000318e+02,1.004077222507844480e+00
5.163600000000000136e+02,1.004075114715688333e+00
5.168799999999999955e+02,1.004072986703383963e+00
5.173999999999999773e+02,1.004070878413259482e+00
5.179200000000000728e+02,1.004068768517645038e+00
5.184400000000000546e+02,1.004066658605340390e+00
5.189600000000000364e+02,1.004064548315215966e+00
5.194800000000000182e+02,1.004062438050729922e+00
5.200000000000000000e+02,1.004060306105445166e+00
5.205199999999999818e+02,1.004058097787301040e+00
5.210399999999999636e+02,1.004055450222814727e+00
5.215599999999999454e+02,1.004052955461760321e+00
5.220799999999999272e+02,1.004050842708603897e+00
5.226000000000000227e+02,1.004048729418129726e+00
5.231200000000000045e+02,1.004046614164973761e+00
5.236399999999999864e+02,1.004044269202518880e+00
5.241599999999999682e+02,1.004041619149363074e+00
5.246800000000000637e+02,1.004039255588308421e+00
5.252000000000000455e+02,1.004037140334802292e+00
5.257200000000000273e+02,1.004034698975805995e+00
5.262400000000000091e+02,1.004032064958191750e+00
5.267599999999999909e+02,1.004029754828265952e+00
5.272799999999999727e+02,1.004027634563779525e+00
5.277999999999999545e+02,1.004025131943783622e+00
5.283200000000000500e+02,1.004022476420329157e+00
5.288400000000000318e+02,1.004019839996242780e+00
5.293600000000000136e+02,1.004017185064916884e+00
5.298799999999999955e+02,1.004015005105920677e+00
5.303999999999999773e+02,1.004012881909504440e+00
5.309199999999999591e+02,1.004010241089508426e+00
5.314399999999999409e+02,1.004007599758182545e+00
5.319600000000000364e+02,1.004004941394926131e+00
5.324800000000000182e+02,1.004002302535930591e+00
5.330000000000000000e+02,1.003999639578514236e+00
5.335199999999999818e+02,1.003997091219518190e+00
5.340400000000000773e+02,1.003994962748390396e+00
5.345600000000000591e+02,1.003992681856064273e+00
5.350800000000000409e+02,1.003990037536068192e+00
5.356000000000000227e+02,1.003987374133812116e+00
5.361200000000000045e+02,1.003984727339454208e+00
5.366399999999999864e+02,1.003982060948528154e+00
5.371599999999999682e+02,1.003979411656202192e+00
5.376800000000000637e+02,1.003976743385074588e+00
5.382000000000000455e+02,1.003974094161168562e+00
5.387200000000000273e+02,1.003971426268842615e+00
5.392400000000000091e+02,1.003968757997714789e+00
5.397599999999999909e+02,1.003966450977718639e+00
5.402799999999999727e+02,1.003964315045590805e+00
5.407999999999999545e+02,1.003961795453264694e+00
5.413199999999999363e+02,1.003959121749156802e+00
5.418399999999999181e+02,1.003956448450359140e+00
5.423600000000000136e+02,1.003953794291193358e+00
5.428799999999999955e+02,1.003951119020065619e+00
5.434000000000000909e+02,1.003948461915957768e+00
5.439200000000000728e+02,1.003945783562631977e+00
5.444400000000000546e+02,1.003943123863833886e+00
5.449600000000000364e+02,1.003940445631706035e+00
5.454800000000000182e+02,1.003937786027598866e+00
5.460000000000000000e+02,1.003935104860560923e+00
5.465199999999999818e+02,1.003932442636304767e+00
5.470399999999999636e+02,1.003929761432197143e+00
5.475599999999999454e+02,1.003927231972399303e+00
5.480800000000000409e+02,1.003925080605361453e+00
5.486000000000000227e+02,1.003922738740254061e+00
5.491200000000000045e+02,1.003920073608126406e+00
5.496399999999999864e+02,1.003917388470158656e+00
5.501599999999999682e+02,1.003914718405050976e+00
5.506799999999999500e+02,1.003912029643853288e+00
5.511999999999999318e+02,1.003909359726034234e+00
5.517200000000000273e+02,1.003906975132906387e+00
5.522400000000000091e+02,1.003904818239778507e+00
5.527599999999999909e+02,1.003902316129830830e+00
5.532799999999999727e+02,1.003899621936703346e+00
5.538000000000000682e+02,1.003896947057884015e+00
5.543200000000000500e+02,1.003894252825756395e+00
5.548400000000000318e+02,1.003891996054808722e+00
5.553600000000000136e+02,1.003889834224739319e+00
5.558799999999999955e+02,1.003887192953791585e+00
5.563999999999999773e+02,1.003884493260664312e+00
5.569199999999999591e+02,1.003881812881844748e+00
5.574400000000000546e+02,1.003879151888716903e+00
5.579600000000000364e+02,1.003876982709897669e+00
5.584800000000000182e+02,1.003874736416770164e+00
5.590000000000000000e+02,1.003872031976950741e+00
5.595199999999999818e+02,1.003869460635073096e+00
5.600399999999999636e+02,1.003867288334073571e+00
5.605599999999999454e+02,1.003864943794254616e+00
5.610799999999999272e+02,1.003862252701126723e+00
5.615999999999999091e+02,1.003859734261307590e+00
5.621200000000000045e+02,1.003857559110158393e+00
5.626399999999999864e+02,1.003855382850190603e+00
5.631600000000000819e+02,1.003853202577211334e+00
5.636800000000000637e+02,1.003850755037392073e+00
5.642000000000000455e+02,1.003848040069552638e+00
5.647200000000000273e+02,1.003845648133515178e+00
5.652400000000000091e+02,1.003843465521365497e+00
5.657599999999999909e+02,1.003841281353526682e+00
5.662799999999999727e+02,1.003839077113707123e+00
5.667999999999999545e+02,1.003836889973888091e+00
5.673199999999999363e+02,1.003834702211888530e+00
5.678400000000000318e+02,1.003832512128809418e+00
5.683600000000000136e+02,1.003830321988990359e+00
5.688799999999999955e+02,1.003828129349170650e+00
5.693999999999999773e+02,1.003825917120331424e+00
5.699199999999999591e+02,1.003823723537252022e+00
5.704399999999999409e+02,1.003821530397432715e+00
5.709599999999999227e+02,1.003819332757613259e+00
5.714800000000000182e+02,1.003817134277992684e+00
5.720000000000000000e+02,1.003814933137823440e+00
5.725199999999999818e+02,1.003812828037004223e+00
5.730399999999999636e+02,1.003811161726254841e+00
5.735600000000000591e+02,1.003809322645233815e+00
5.740800000000000409e+02,1.003807116505414987e+00
5.746000000000000227e+02,1.003804891333665461e+00
5.751200000000000045e+02,1.003802685260515970e+00
5.756399999999999864e+02,1.003800706423805256e+00
5.761599999999999682e+02,1.003799030113055712e+00
5.766799999999999500e+02,1.003797047832034828e+00
5.772000000000000455e+02,1.003794836260285761e+00
5.777200000000000273e+02,1.003792947479264841e+00
5.782400000000000091e+02,1.003791246578445762e+00
5.787599999999999909e+02,1.003789544298824721e+00
5.792799999999999727e+02,1.003787840425675704e+00
5.797999999999999545e+02,1.003785755240214739e+00
5.803199999999999363e+02,1.003783536167065282e+00
5.808400000000000318e+02,1.003781733426444500e+00
5.813600000000000136e+02,1.003780024525624759e+00
5.818799999999999955e+02,1.003778332873674239e+00
5.823999999999999773e+02,1.003776621698143634e+00
5.829200000000000728e+02,1.003774908446192660e+00
5.834400000000000546e+02,1.003773194545373171e+00
5.839600000000000364e+02,1.003771477832422265e+00
5.844800000000000182e+02,1.003769780746961660e+00
5.850000000000000000e+02,1.003768059004940705e+00
5.855199999999999818e+02,1.003766451772191370e+00
5.860399999999999636e+02,1.003765264885330799e+00
5.865599999999999454e+02,1.003763905044709359e+00
5.870799999999999272e+02,1.003762178331758737e+00
5.876000000000000227e+02,1.003760469717227988e+00
5.881200000000000045e+02,1.003758740504277158e+00
5.886399999999999864e+02,1.003757239084435815e+00
5.891599999999999682e+02,1.003756042143815197e+00
5.896800000000000637e+02,1.003754557230864375e+00
5.902000000000000455e+02,1.003752822555333601e+00
5.907200000000000273e+02,1.003751410042382552e+00
5.912400000000000091e+02,1.003750204695921910e+00
5.917599999999999909e+02,1.003748979153900933e+00
5.922799999999999727e+02,1.003747771363130203e+00
5.927999999999999545e+02,1.003746160861509029e+00
5.933200000000000500e+02,1.003744415834846748e+00
5.938400000000000318e+02,1.003743107892825837e+00
5.943600000000000136e+02,1.003741875985364906e+00
5.948799999999999955e+02,1.003740659100434085e+00
5.953999999999999773e+02,1.003739440873771205e+00
5.959199999999999591e+02,1.003738201343080227e+00
5.964399999999999409e+02,1.003736980524289502e+00
5.969600000000000364e+02,1.003735738172518932e+00
5.974800000000000182e+02,1.003734591263026887e+00
5.980000000000000000e+02,1.003733878144235536e+00
5.985199999999999818e+02,1.003733050556573358e+00
5.990400000000000773e+02,1.003731800553902431e+00
5.995600000000000591e+02,1.003730568235111420e+00
6.000800000000000409e+02,1.003729312947448937e+00
6.006000000000000227e+02,1.003728266601517927e+00
6.011200000000000045e+02,1.003727543586185433e+00
6.016399999999999864e+02,1.003726590306394328e+00
6.021599999999999682e+02,1.003725329452592074e+00
6.026800000000000637e+02,1.003724372264929610e+00
6.032000000000000455e+02,1.003723622028398932e+00
6.037200000000000273e+02,1.003722889568756438e+00
6.042400000000000091e+02,1.003722155894805734e+00
6.047599999999999909e+02,1.003721056507143050e+00
6.052799999999999727e+02,1.003719801847500426e+00
6.057999999999999545e+02,1.003718944771168298e+00
6.063199999999999363e+02,1.003718200719396991e+00
6.068399999999999181e+02,1.003717437631734821e+00
6.073600000000000136e+02,1.003716693116932124e+00
6.078799999999999955e+02,1.003715943129269483e+00
6.084000000000000909e+02,1.003715191049478372e+00
6.089200000000000728e+02,1.003714436601166105e+00
6.094400000000000546e+02,1.003713682113503536e+00
6.099600000000000364e+02,1.003712925192861594e+00
6.104800000000000182e+02,1.003712244644198837e+00
6.110000000000000000e+02,1.003712016984556588e+00
6.115199999999999818e+02,1.003711655135894443e+00
6.120399999999999636e+02,1.003710887215251590e+00
6.125599999999999454e+02,1.003710118756659053e+00
6.130800000000000409e+02,1.003709326708346561e+00
6.136000000000000227e+02,1.003708763359684175e+00
6.141200000000000045e+02,1.003708503639041627e+00
6.146399999999999864e+02,1.003708014190379139e+00
6.151599999999999682e+02,1.003707235769736972e+00
6.156799999999999500e+02,1.003706741321074070e+00
6.161999999999999318e+02,1.003706471100431763e+00
6.167200000000000273e+02,1.003706199408859190e+00
6.172400000000000091e+02,1.003705926752325395e+00
6.177599999999999909e+02,1.003705307231682831e+00
6.182799999999999727e+02,1.003704513783020502e+00
6.188000000000000682e+02,1.003704117462377976e+00
6.193200000000000500e+02,1.003703834280735396e+00
6.198400000000000318e+02,1.003703549747431367e+00
6.203600000000000136e+02,1.003703282626789095e+00
6.208799999999999955e+02,1.003702992878126254e+00
6.213999999999999773e+02,1.003702701788612428e+00
6.219199999999999591e+02,1.003702425197039672e+00
6.224400000000000546e+02,1.003702128987377318e+00
6.229600000000000364e+02,1.003701827953023429e+00
6.234800000000000182e+02,1.003701545371380899e+00
6.240000000000000000e+02,1.003701238743916591e+00
6.245199999999999818e+02,1.003700931562274246e+00
6.250399999999999636e+02,1.003700638666920275e+00
6.255599999999999454e+02,1.003700479274997948e+00
6.260799999999999272e+02,1.003700699485483794e+00
6.265999999999999091e+02,1.003700707503841105e+00
6.271200000000000045e+02,1.003700385508487392e+00
6.276399999999999864e+02,1.003700080888894730e+00
6.281600000000000819e+02,1.003699756299380796e+00
6.286800000000000637e+02,1.003699692740968485e+00
6.292000000000000455e+02,1.003699894451454133e+00
6.297200000000000273e+02,1.003699770433920113e+00
6.302400000000000091e+02,1.003699435403177631e+00
6.307599999999999909e+02,1.003699096813663427e+00
6.312799999999999727e+02,1.003698775324149306e+00
6.317999999999999545e+02,1.003698830837716827e+00
6.323199999999999363e+02,1.003699017087203105e+00
6.328400000000000318e+02,1.003699182820919189e+00
6.333600000000000136e+02,1.003699366559074546e+00
6.338799999999999955e+02,1.003699047292790913e+00
6.343999999999999773e+02,1.003698707711148330e+00
6.349199999999999591e+02,1.003698879026774238e+00
6.354399999999999409e+02,1.003699030666330039e+00
6.359599999999999227e+02,1.003699196443486041e+00
6.364800000000000182e+02,1.003699266277202184e+00
6.370000000000000000e+02,1.003698891781847902e+00
6.375199999999999818e+02,1.003698650460403741e+00
6.380399999999999636e+02,1.003698805292720042e+00
6.385600000000000591e+02,1.003698959543255720e+00
6.390800000000000409e+02,1.003699090286901630e+00
6.396000000000000227e+02,1.003699238026457552e+00
6.401200000000000045e+02,1.003699380397773622e+00
6.406399999999998727e+02,1.003699501576329478e+00
6.411599999999999682e+02,1.003699637880975493e+00
6.416800000000000637e+02,1.003699772753691377e+00
6.422000000000000455e+02,1.003699885459917285e+00
6.427200000000000273e+02,1.003700014303563259e+00
6.432400000000000091e+02,1.003700140582119094e+00
6.437599999999999909e+02,1.003700262453435021e+00
6.442799999999999727e+02,1.003700361818279152e+00
6.448000000000000682e+02,1.003700477096835408e+00
6.453199999999999363e+02,1.003700590468151299e+00
6.458400000000000318e+02,1.003700680740867490e+00
6.463599999999999000e+02,1.003700789084513323e+00
6.468799999999999955e+02,1.003700890982867522e+00
6.473999999999999773e+02,1.003700971755583593e+00
6.479200000000000728e+02,1.003701067599229502e+00
6.484399999999999409e+02,1.003701162497584010e+00
6.489600000000000364e+02,1.003701231309299891e+00
6.494799999999999045e+02,1.003701318152945499e+00
6.500000000000000000e+02,1.003701400145460054e+00
6.505200000000000955e+02,1.003701462418175927e+00
6.510399999999999636e+02,1.003701536234331781e+00
6.515600000000000591e+02,1.003701609699176212e+00
6.520799999999999272e+02,1.003701659510891853e+00
6.526000000000000227e+02,1.003701727003406541e+00
6.531200000000000045e+02,1.003701790886051937e+00
6.536400000000001000e+02,1.003702079984406970e+00
6.541599999999999682e+02,1.003702649096122501e+00
6.546800000000000637e+02,1.003702929288637025e+00
6.551999999999999318e+02,1.003702977199302682e+00
6.557200000000000273e+02,1.003703022703147374e+00
6.562400000000000091e+02,1.003703065695661367e+00
6.567599999999999909e+02,1.003703085007377593e+00
6.572799999999999727e+02,1.003703120009821870e+00
6.577999999999999545e+02,1.003703149882537948e+00
6.583199999999999363e+02,1.003703157814052283e+00
6.588400000000000318e+02,1.003703181251756504e+00
6.593600000000001273e+02,1.003703203191142590e+00
6.598799999999999955e+02,1.003703696165916703e+00
6.604000000000000909e+02,1.003704226397431176e+00
6.609199999999999591e+02,1.003704214301275321e+00
6.614400000000000546e+02,1.003704220740661457e+00
6.619600000000000364e+02,1.003704219272525622e+00
6.624800000000000182e+02,1.003704198704040262e+00
6.630000000000000000e+02,1.003704191707884608e+00
6.635199999999999818e+02,1.003704183618200130e+00
6.640399999999999636e+02,1.003704147549714598e+00
6.645600000000000591e+02,1.003704129214738838e+00
6.650799999999999272e+02,1.003704106746253544e+00
6.656000000000000227e+02,1.003704063150097969e+00
6.661199999999998909e+02,1.003704033181611832e+00
6.666399999999999864e+02,1.003704248552476752e+00
6.671599999999999682e+02,1.003704726283990656e+00
6.676800000000000637e+02,1.003704913987835345e+00
6.681999999999999318e+02,1.003704848958349549e+00
6.687200000000000273e+02,1.003704799017883564e+00
6.692400000000000091e+02,1.003704745060728154e+00
6.697599999999999909e+02,1.003704668086402352e+00
6.702800000000000864e+02,1.003704606184936843e+00
6.707999999999999545e+02,1.003704541188781052e+00
6.713200000000000500e+02,1.003704474259295543e+00
6.718399999999999181e+02,1.003704380691159637e+00
6.723600000000000136e+02,1.003704303855834201e+00
6.728799999999999955e+02,1.003704219926348840e+00
6.734000000000000909e+02,1.003704115858213175e+00
6.739199999999999591e+02,1.003704023928727374e+00
6.744400000000000546e+02,1.003703930999241489e+00
6.749599999999999227e+02,1.003703808656394525e+00
6.754800000000000182e+02,1.003703609687908838e+00
6.760000000000000000e+02,1.003702985558423189e+00
6.765199999999999818e+02,1.003702474529287292e+00
6.770399999999999636e+02,1.003702339093961671e+00
6.775599999999999454e+02,1.003702220784624233e+00
6.780800000000000409e+02,1.003702093827468778e+00
6.786000000000000227e+02,1.003701945892143232e+00
6.791200000000001182e+02,1.003701811082805762e+00
6.796399999999999864e+02,1.003701673653320192e+00
6.801600000000000819e+02,1.003701512218344138e+00
6.806799999999999500e+02,1.003701078380987211e+00
6.812000000000000455e+02,1.003700390680571486e+00
6.817200000000000273e+02,1.003700042845595775e+00
6.822400000000000091e+02,1.003699882047238923e+00
6.827599999999999909e+02,1.003699334645773211e+00
6.832799999999999727e+02,1.003698631102575956e+00
6.837999999999999545e+02,1.003698341073439915e+00
6.843200000000000500e+02,1.003698161777114795e+00
6.848399999999999181e+02,1.003697518596847527e+00
6.853600000000000136e+02,1.003696796867361574e+00
6.858799999999998818e+02,1.003696565491184467e+00
6.863999999999999773e+02,1.003696351434028466e+00
6.869199999999999591e+02,1.003695612918851232e+00
6.874400000000000546e+02,1.003694949220494070e+00
6.879600000000000364e+02,1.003694714842258362e+00
6.884800000000000182e+02,1.003694403543901270e+00
6.890000000000000000e+02,1.003693644908925320e+00
6.895199999999999818e+02,1.003692904910568506e+00
6.900400000000000773e+02,1.003692138963461211e+00
6.905599999999999454e+02,1.003691370233975366e+00
6.910800000000000409e+02,1.003690612857798259e+00
6.915999999999999091e+02,1.003689833667312570e+00
6.921200000000000045e+02,1.003689046653535533e+00
6.926399999999999864e+02,1.003688275155177889e+00
6.931600000000000819e+02,1.003687477679001017e+00
6.936799999999999500e+02,1.003686676610695105e+00
6.942000000000000455e+02,1.003685890602408204e+00
6.947199999999999136e+02,1.003685080126230700e+00
6.952400000000000091e+02,1.003684264027873141e+00
6.957599999999999909e+02,1.003683443931897790e+00
6.962799999999999727e+02,1.003682639056770576e+00
6.968000000000000682e+02,1.003681806986433056e+00
6.973199999999999363e+02,1.003680970510255843e+00
6.978400000000000318e+02,1.003679688640968459e+00
6.983600000000000136e+02,1.003678328372663131e+00
6.988800000000001091e+02,1.003677456296485859e+00
6.993999999999999773e+02,1.003676582127198236e+00
6.999200000000000728e+02,1.003675202451020931e+00
7.004399999999999409e+02,1.003673878546823772e+00
7.009600000000000364e+02,1.003673005477886626e+00
7.014800000000000182e+02,1.003672055640709715e+00
7.020000000000000000e+02,1.003670653465582374e+00
7.025199999999999818e+02,1.003669250289404902e+00
7.030399999999999636e+02,1.003667837519067740e+00
7.035599999999999454e+02,1.003666404782940447e+00
7.040800000000000409e+02,1.003664984606763344e+00
7.045999999999999091e+02,1.003663560365495977e+00
7.051200000000000045e+02,1.003662127228319045e+00
7.056399999999998727e+02,1.003660690024121394e+00
7.061599999999999682e+02,1.003659246416013895e+00
7.066800000000000637e+02,1.003657799239837001e+00
7.072000000000000455e+02,1.003656347470549770e+00
7.077200000000000273e+02,1.003654545533372300e+00
7.082400000000000091e+02,1.003652565186265555e+00
7.087599999999999909e+02,1.003650941841216504e+00
7.092799999999999727e+02,1.003649466676019397e+00
7.098000000000000682e+02,1.003647564234751988e+00
7.103199999999999363e+02,1.003645562897574672e+00
7.108400000000000318e+02,1.003643532950467376e+00
7.113599999999999000e+02,1.003641518585270287e+00
7.118799999999999955e+02,1.003639497869291297e+00
7.123999999999999773e+02,1.003637456432114217e+00
7.129200000000000728e+02,1.003635422585006820e+00
7.134399999999999409e+02,1.003633368025649730e+00
7.139600000000000364e+02,1.003631320309670949e+00
7.144799999999999045e+02,1.003629252872493494e+00
7.150000000000000000e+02,1.003627196564385926e+00
7.155200000000000955e+02,1.003624986008007536e+00
7.160399999999999636e+02,1.003622400971880158e+00
7.165600000000000591e+02,1.003619794834702539e+00
7.170799999999999272e+02,1.003617180818723753e+00
7.176000000000000227e+02,1.003614791910616866e+00
7.181200000000000045e+02,1.003612679973439503e+00
7.186400000000001000e+02,1.003610316357460785e+00
7.191599999999999682e+02,1.003607697292263401e+00
7.196800000000000637e+02,1.003604748176284645e+00
7.201999999999999318e+02,1.003601581339107263e+00
7.207200000000000273e+02,1.003598752831000196e+00
7.212400000000000091e+02,1.003596091381691258e+00
7.217599999999999909e+02,1.003593040244514123e+00
7.222799999999999727e+02,1.003589850028535402e+00
7.227999999999999545e+02,1.003586653163337949e+00
7.233199999999999363e+02,1.003583452447359470e+00
7.238400000000000318e+02,1.003580223078251787e+00
7.243600000000001273e+02,1.003577009333203041e+00
7.248799999999999955e+02,1.003573784552765691e+00
7.254000000000000909e+02,1.003570557836786836e+00
7.259199999999999591e+02,1.003567321630738141e+00
7.264400000000000546e+02,1.003564027022630478e+00
7.269600000000000364e+02,1.003560242545652015e+00
7.274800000000000182e+02,1.003556456380454653e+00
7.280000000000000000e+02,1.003552677586305730e+00
7.285199999999999818e+02,1.003548877609327317e+00
7.290399999999999636e+02,1.003545085572149720e+00
7.295600000000000591e+02,1.003541100195170843e+00
7.300799999999999272e+02,1.003536762979192032e+00
7.306000000000000227e+02,1.003532421708684508e+00
7.311199999999998909e+02,1.003528071531705868e+00
7.316399999999999864e+02,1.003523716315727343e+00
7.321599999999999682e+02,1.003519352611710103e+00
7.326800000000000637e+02,1.003515002495731334e+00
7.331999999999999318e+02,1.003510625846422366e+00
7.337200000000000273e+02,1.003505898869443191e+00
7.342400000000000091e+02,1.003500993371266192e+00
7.347599999999999909e+02,1.003496061449447474e+00
7.352800000000000864e+02,1.003491143100138316e+00
7.357999999999999545e+02,1.003486215723159436e+00
7.363200000000000500e+02,1.003481284317110589e+00
7.368399999999999181e+02,1.003475865940131717e+00
7.373600000000000136e+02,1.003470386253854763e+00
7.378799999999999955e+02,1.003464915676875790e+00
7.384000000000000909e+02,1.003459403870826883e+00
7.389199999999999591e+02,1.003453383993848202e+00
7.394400000000000546e+02,1.003447420538698953e+00
7.399599999999999227e+02,1.003441918461720483e+00
7.404800000000000182e+02,1.003436186655671802e+00
7.410000000000000000e+02,1.003429623672852822e+00
7.415199999999999818e+02,1.003423192323543933e+00
7.420399999999999636e+02,1.003417129446565470e+00
7.425599999999999454e+02,1.003410701263746097e+00
7.430800000000000409e+02,1.003403574414437394e+00
7.436000000000000227e+02,1.003396673236408576e+00
7.441200000000001182e+02,1.003390068753589492e+00
7.446399999999999864e+02,1.003383191843280953e+00
7.451600000000000819e+02,1.003376038966302231e+00
7.456799999999999500e+02,1.003368574083482789e+00
7.462000000000000455e+02,1.003360890034174169e+00
7.467200000000000273e+02,1.003353198967125381e+00
7.472400000000000091e+02,1.003345501984306720e+00
7.477599999999999909e+02,1.003337795434997570e+00
7.482799999999999727e+02,1.003330082858018724e+00
7.487999999999999545e+02,1.003321922142219824e+00
7.493200000000000500e+02,1.003313680392911023e+00
7.498399999999999181e+02,1.003304951710092707e+00
7.503600000000000136e+02,1.003296162264241786e+00
7.508799999999998818e+02,1.003287359809093005e+00
7.513999999999999773e+02,1.003278535642044167e+00
7.519199999999999591e+02,1.003269203365065421e+00
7.524400000000000546e+02,1.003259869248916525e+00
7.529600000000000364e+02,1.003250519999957513e+00
7.534800000000000182e+02,1.003240959875937310e+00
7.540000000000000000e+02,1.003230544098958399e+00
7.545199999999999818e+02,1.003220260155139654e+00
7.550400000000000773e+02,1.003210366205830706e+00
7.555599999999999454e+02,1.003200086982160455e+00
7.560800000000000409e+02,1.003189107971851346e+00
7.565999999999999091e+02,1.003178144089032608e+00
7.571200000000000045e+02,1.003167170651053874e+00
7.576399999999999864e+02,1.003155924527033172e+00
7.581600000000000819e+02,1.003144400750054510e+00
7.586799999999999500e+02,1.003132870161925760e+00
7.592000000000000455e+02,1.003121331016074924e+00
7.597199999999999136e+02,1.003109114899926047e+00
7.602400000000000091e+02,1.003096509122947566e+00
7.607599999999999909e+02,1.003083913726946941e+00
7.612799999999999727e+02,1.003071292583128438e+00
7.618000000000000682e+02,1.003058261337277601e+00
7.623199999999999363e+02,1.003045111521128741e+00
7.628400000000000318e+02,1.003031472083150133e+00
7.633600000000000136e+02,1.003017790687149580e+00
7.638800000000001091e+02,1.003003599449170835e+00
7.643999999999999773e+02,1.002989348586150298e+00
7.649200000000000728e+02,1.002974584542331460e+00
7.654399999999999409e+02,1.002959819052171131e+00
7.659600000000000364e+02,1.002945040008352162e+00
7.664800000000000182e+02,1.002930050523332062e+00
7.670000000000000000e+02,1.002914205413372839e+00
7.675199999999999818e+02,1.002898224289352491e+00
7.680399999999999636e+02,1.002881847951373917e+00
7.685599999999999454e+02,1.002865277327353200e+00
7.690800000000000409e+02,1.002848369411554197e+00
7.695999999999999091e+02,1.002831456993373616e+00
7.701200000000000045e+02,1.002814514449555050e+00
7.706399999999998727e+02,1.002797050392554512e+00
7.711599999999999682e+02,1.002779060569934044e+00
7.716800000000000637e+02,1.002760432759625342e+00
7.722000000000000455e+02,1.002741393035954998e+00
7.727200000000000273e+02,1.002722326619806203e+00
7.732400000000000091e+02,1.002703252212955753e+00
7.737599999999999909e+02,1.002683788416955046e+00
7.742799999999999727e+02,1.002664166673136181e+00
7.748000000000000682e+02,1.002643690188115944e+00
7.753199999999999363e+02,1.002623015597955636e+00
7.758400000000000318e+02,1.002601873122206610e+00
7.763599999999999000e+02,1.002580650798186257e+00
7.768799999999999955e+02,1.002558420274515916e+00
7.773999999999999773e+02,1.002536148495335233e+00
7.779200000000000728e+02,1.002513862151516610e+00
7.784399999999999409e+02,1.002491364894515957e+00
7.789600000000000364e+02,1.002467495470495740e+00
7.794799999999999045e+02,1.002443624900587027e+00
7.800000000000000000e+02,1.002419717904586394e+00
7.805200000000000955e+02,1.002395541491895470e+00
7.810399999999999636e+02,1.002370588095895521e+00
7.815600000000000591e+02,1.002345248210874784e+00
7.820799999999999272e+02,1.002319244335125870e+00
7.826000000000000227e+02,1.002292758944965723e+00
7.831200000000000045e+02,1.002265689132274984e+00
7.836400000000001000e+02,1.002238593275274647e+00
7.841599999999999682e+02,1.002211505451254370e+00
7.846800000000000637e+02,1.002183474267633878e+00
7.851999999999999318e+02,1.002154785210633836e+00
7.857200000000000273e+02,1.002125742572654854e+00
7.862400000000000091e+02,1.002096538915654200e+00
7.867599999999999909e+02,1.002066122430633976e+00
7.872799999999999727e+02,1.002035317475033382e+00
7.877999999999999545e+02,1.002004079790012936e+00
7.883199999999999363e+02,1.001972741094012687e+00
7.888400000000000318e+02,1.001940891781321730e+00
7.893600000000001273e+02,1.001909018925371209e+00
7.898799999999999955e+02,1.001875585968371007e+00
7.904000000000000909e+02,1.001842054455680753e+00
7.909199999999999591e+02,1.001807513798680382e+00
7.914400000000000546e+02,1.001772837348569922e+00
7.919600000000000364e+02,1.001737245263899512e+00
7.924800000000000182e+02,1.001701537078879101e+00
7.930000000000000000e+02,1.001665391750948375e+00
7.935199999999999818e+02,1.001628804538257755e+00
7.940399999999999636e+02,1.001591076981257489e+00
7.945600000000000591e+02,1.001552791996236813e+00
7.950799999999999272e+02,1.001513480240636689e+00
7.956000000000000227e+02,1.001473933755616219e+00
7.961199999999998909e+02,1.001434087798615646e+00
7.966399999999999864e+02,1.001393414014995598e+00
7.971599999999999682e+02,1.001351964757994928e+00
7.976800000000000637e+02,1.001309895811974382e+00
7.981999999999999318e+02,1.001267396684043964e+00
7.987200000000000273e+02,1.001224181363482124e+00
7.992400000000000091e+02,1.001180632306481577e+00
7.997599999999999909e+02,1.001135869450531013e+00
8.002800000000000864e+02,1.001090717104860861e+00
8.007999999999999545e+02,1.001044253419840491e+00
8.013200000000000500e+02,1.000997516391909592e+00
8.018399999999999181e+02,1.000949829527038037e+00
8.023600000000000136e+02,1.000902023953347708e+00
8.028799999999999955e+02,1.000852658419576935e+00
8.034000000000000909e+02,1.000803213334556574e+00
8.039199999999999591e+02,1.000752756116556119e+00
8.044400000000000546e+02,1.000702030025063971e+00
8.049599999999999227e+02,1.000649470907063465e+00
8.054800000000000182e+02,1.000596681051113324e+00
8.060000000000000000e+02,1.000543050394113065e+00
8.065199999999999818e+02,1.000488959440570591e+00
8.070399999999999636e+02,1.000433747084620073e+00
8.075599999999999454e+02,1.000377766266620227e+00
8.080800000000000409e+02,1.000320454075759313e+00
8.086000000000000227e+02,1.000262657478957484e+00
8.091200000000001182e+02,1.000204273694287105e+00
8.096399999999999864e+02,1.000145061177336814e+00
8.101600000000000819e+02,1.000085073751464604e+00
8.106799999999999500e+02,1.000023836195513827e+00
8.112000000000000455e+02,9.999617673775137439e-01
8.117200000000000273e+02,9.998985989791315809e-01
8.122400000000000091e+02,9.998349243621811322e-01
8.127599999999999909e+02,9.997700555441806358e-01
8.132799999999999727e+02,9.997047988083788139e-01
8.137999999999999545e+02,9.996377893623581423e-01
8.143200000000000500e+02,9.995704302378860540e-01
8.148399999999999181e+02,9.995016220470259727e-01
8.153600000000000136e+02,9.994326561502235862e-01
8.158799999999998818e+02,9.993616314322231187e-01
8.163999999999999773e+02,9.992904508862029411e-01
8.169199999999999591e+02,9.992178018504009884e-01
8.174400000000000546e+02,9.991448647988905307e-01
8.179600000000000364e+02,9.990700922740685108e-01
8.184800000000000182e+02,9.989947647560680766e-01
8.190000000000000000e+02,9.989173575592660281e-01
8.195199999999999818e+02,9.988396608074056049e-01
8.200400000000000773e+02,9.987612036716031483e-01
8.205599999999999454e+02,9.986817487259329607e-01
8.210800000000000409e+02,9.986006544011107877e-01
8.215999999999999091e+02,9.985186171772704178e-01
8.221200000000000045e+02,9.984354199804683638e-01
8.226399999999999864e+02,9.983510882344480697e-01
8.231600000000000819e+02,9.982657716318057428e-01
8.236799999999999500e+02,9.981788791138056505e-01
8.242000000000000455e+02,9.980909247170035581e-01
8.247199999999999136e+02,9.980015282354411932e-01
8.252400000000000091e+02,9.979114734406708820e-01
8.257599999999999909e+02,9.978198208438691097e-01
8.262799999999999727e+02,9.977276443978484455e-01
8.268000000000000682e+02,9.976337170952065403e-01
8.273199999999999363e+02,9.975394217693345222e-01
8.278400000000000318e+02,9.974427390194041676e-01
8.283600000000000136e+02,9.973458226596719767e-01
8.288800000000001091e+02,9.972462946628698477e-01
8.293999999999999773e+02,9.971465735448699075e-01
8.299200000000000728e+02,9.970443858145574545e-01
8.304399999999999409e+02,9.969419099897355308e-01
8.309600000000000364e+02,9.968376011107353829e-01
8.314800000000000182e+02,9.967327370080931725e-01
8.320000000000000000e+02,9.966257904822214408e-01
8.325199999999999818e+02,9.965180769594306209e-01
8.330399999999999636e+02,9.964085118725585222e-01
8.335599999999999454e+02,9.962977776757563353e-01
8.340800000000000409e+02,9.961850430809862100e-01
8.345999999999999091e+02,9.960711138270939013e-01
8.351200000000000045e+02,9.959557582634517292e-01
8.356399999999998727e+02,9.958392877375800145e-01
8.361599999999999682e+02,9.957218124876493492e-01
8.366800000000000637e+02,9.956021122569874704e-01
8.372000000000000455e+02,9.954809684311152207e-01
8.377200000000000273e+02,9.953583817674734879e-01
8.382400000000000091e+02,9.952351375430013025e-01
8.387599999999999909e+02,9.951090710640010384e-01
8.392799999999999727e+02,9.949821357333388239e-01
8.398000000000000682e+02,9.948529898464667509e-01
8.403199999999999363e+02,9.947234173438249671e-01
8.408400000000000318e+02,9.945909466860229919e-01
8.413599999999999000e+02,9.944582232543107692e-01
8.418799999999999955e+02,9.943228846043806746e-01
8.423999999999999773e+02,9.941872565737179812e-01
8.429200000000000728e+02,9.940482061868463060e-01
8.434399999999999409e+02,9.939087728842045388e-01
8.439600000000000364e+02,9.937671054264018977e-01
8.444799999999999045e+02,9.936245955946904074e-01
8.450000000000000000e+02,9.934792399088683279e-01
8.455200000000000955e+02,9.933329258452262556e-01
8.460399999999999636e+02,9.931844142193539948e-01
8.465600000000000591e+02,9.930344847635839134e-01
8.470799999999999272e+02,9.928822880057815992e-01
8.476000000000000227e+02,9.927286517740694372e-01
8.481200000000000045e+02,9.925733016162674449e-01
8.486400000000001000e+02,9.924162622246054388e-01
8.491599999999999682e+02,9.922577585987335524e-01
8.496800000000000637e+02,9.920969898350915361e-01
8.501999999999999318e+02,9.919348146772893893e-01
8.507200000000000273e+02,9.917700893136472962e-01
8.512400000000000091e+02,9.916042094209351898e-01
8.517599999999999909e+02,9.914355263518033201e-01
8.522799999999999727e+02,9.912659748881609278e-01
8.527999999999999545e+02,9.910933165732692673e-01
8.533199999999999363e+02,9.909200794096272302e-01
8.538400000000000318e+02,9.907439401459851025e-01
8.543600000000001273e+02,9.905675665881833458e-01
8.548799999999999955e+02,9.903869725954713710e-01
8.554000000000000909e+02,9.902060703986691470e-01
8.559199999999999591e+02,9.900212716271554747e-01
8.564400000000000546e+02,9.898359932635132363e-01
8.569600000000000364e+02,9.896480393766414752e-01
8.574800000000000182e+02,9.894591291129991584e-01
8.580000000000000000e+02,9.892669713271774468e-01
8.585199999999999818e+02,9.890735299635351474e-01
8.590399999999999636e+02,9.888771663708233461e-01
8.595600000000000591e+02,9.886793838130215617e-01
8.600799999999999272e+02,9.884793506770492844e-01
8.606000000000000227e+02,9.882773628134075006e-01
8.611199999999998909e+02,9.880731262477336907e-01
8.616399999999999864e+02,9.878666082550217054e-01
8.621599999999999682e+02,9.876581672913794518e-01
8.626800000000000637e+02,9.874468135725775753e-01
8.631999999999999318e+02,9.872336344089354121e-01
8.637200000000000273e+02,9.870179019452932634e-01
8.642400000000000091e+02,9.868010511505499460e-01
8.647599999999999909e+02,9.865809594869079380e-01
8.652800000000000864e+02,9.863599048509357203e-01
8.657999999999999545e+02,9.861348431931336034e-01
8.663200000000000500e+02,9.859090503684916351e-01
8.668399999999999181e+02,9.856793823679081967e-01
8.673600000000000136e+02,9.854493855101061905e-01
8.678799999999999955e+02,9.852146691184440197e-01
8.684000000000000909e+02,9.849796255938021439e-01
8.689199999999999591e+02,9.847407039222881853e-01
8.694400000000000546e+02,9.845010547630861364e-01
8.699599999999999227e+02,9.842574123994441981e-01
8.704800000000000182e+02,9.840126597748023451e-01
8.710000000000000000e+02,9.837642954032882470e-01
8.715199999999999818e+02,9.835144370454865781e-01
8.720399999999999636e+02,9.832613530208446084e-01
8.725599999999999454e+02,9.830066214493310417e-01
8.730800000000000409e+02,9.827493143842886969e-01
8.736000000000000227e+02,9.824895740654867593e-01
8.741200000000001182e+02,9.822270292939733194e-01
8.746399999999999864e+02,9.819616109693312112e-01
8.751600000000000819e+02,9.816938308056895046e-01
8.756799999999999500e+02,9.814234239400153603e-01
8.762000000000000455e+02,9.811514213153735842e-01
8.767200000000000273e+02,9.808757585783516308e-01
8.772400000000000091e+02,9.805985011458380196e-01
8.777599999999999909e+02,9.803171783821957863e-01
8.782799999999999727e+02,9.800346804633938147e-01
8.787999999999999545e+02,9.797481586918802554e-01
8.793200000000000500e+02,9.794609251949083495e-01
8.798399999999999181e+02,9.791683252233944756e-01
8.803600000000000136e+02,9.788752994987526268e-01
8.808799999999998818e+02,9.785775766409502419e-01
8.813999999999999773e+02,9.782794117084367969e-01
8.819199999999999591e+02,9.779764325823949722e-01
8.824400000000000546e+02,9.776726116108811482e-01
8.829600000000000364e+02,9.773643936862392856e-01
8.834800000000000182e+02,9.770549127147254431e-01
8.840000000000000000e+02,9.767414378900836081e-01
8.845199999999999818e+02,9.764262983910797500e-01
8.850400000000000773e+02,9.761075907274376906e-01
8.855599999999999454e+02,9.757865846949240751e-01
8.860800000000000409e+02,9.754621024702820886e-01
8.865999999999999091e+02,9.751348825267883713e-01
8.871200000000000045e+02,9.748046131298165884e-01
8.876399999999999864e+02,9.744714692973029946e-01
8.881600000000000819e+02,9.741359625726608851e-01
8.886799999999999500e+02,9.737971585779170436e-01
8.892000000000000455e+02,9.734563949809451611e-01
8.897199999999999136e+02,9.731112088484317191e-01
8.902400000000000091e+02,9.727641428237895349e-01
8.907599999999999909e+02,9.724129915912755884e-01
8.912799999999999727e+02,9.720606847276338502e-01
8.918000000000000682e+02,9.717034186227904158e-01
8.923199999999999363e+02,9.713453447261681806e-01
8.928400000000000318e+02,9.709818636936544678e-01
8.933600000000000136e+02,9.706179383611408529e-01
8.938800000000001091e+02,9.702477894641690082e-01
8.943999999999999773e+02,9.698771796926551891e-01
8.949200000000000728e+02,9.695017913738532833e-01
8.954399999999999409e+02,9.691253321690097566e-01
8.959600000000000364e+02,9.687436547364955963e-01
8.964800000000000182e+02,9.683604281398738856e-01
8.970000000000000000e+02,9.679724297073601935e-01
8.975199999999999818e+02,9.675825926103881480e-01
8.980399999999999636e+02,9.671888376778746688e-01
8.985599999999999454e+02,9.667927862453609134e-01
8.990800000000000409e+02,9.663932445207192856e-01
8.995999999999999091e+02,9.659907339158751993e-01
9.001200000000000045e+02,9.655849015113815437e-01
9.006399999999998727e+02,9.651755857867400090e-01
9.011599999999999682e+02,9.647634700818960019e-01
9.016800000000000637e+02,9.643473896493823805e-01
9.022000000000000455e+02,9.639289670168688096e-01
9.027200000000000273e+02,9.635060995922268834e-01
9.032400000000000091e+02,9.630813881873832027e-01
9.037599999999999909e+02,9.626521577218897230e-01
9.042799999999999727e+02,9.622216790972475398e-01
9.048000000000000682e+02,9.617853178924038460e-01
9.053199999999999363e+02,9.613480137598903186e-01
9.058400000000000318e+02,9.609047932273768744e-01
9.063599999999999000e+02,9.604610911874946755e-01
9.068799999999999955e+02,9.600106811549807828e-01
9.073999999999999773e+02,9.595597333614674929e-01
9.079200000000000728e+02,9.591035346566239017e-01
9.084399999999999409e+02,9.586461884261417987e-01
9.089600000000000364e+02,9.581831846936278430e-01
9.094799999999999045e+02,9.577184982168044369e-01
9.100000000000000000e+02,9.572486739232910491e-01
9.105200000000000955e+02,9.567768209907772103e-01
9.110399999999999636e+02,9.563006891661353093e-01
9.115600000000000591e+02,9.558220503612916419e-01
9.120799999999999272e+02,9.553396328957979300e-01
9.126000000000000227e+02,9.548537125909540846e-01
9.131200000000000045e+02,9.543639562584405045e-01
9.136400000000001000e+02,9.538706960727988404e-01
9.141599999999999682e+02,9.533746545250448845e-01
9.146800000000000637e+02,9.528742857925311949e-01
9.151999999999999318e+02,9.523714236931775101e-01
9.157200000000000273e+02,9.518637156883341666e-01
9.162400000000000091e+02,9.513540303948204713e-01
9.167599999999999909e+02,9.508389639903264134e-01
9.172799999999999727e+02,9.503224770933548227e-01
9.177999999999999545e+02,9.498000733998412937e-01
9.183199999999999363e+02,9.492767659673275737e-01
9.188400000000000318e+02,9.487470220585737524e-01
9.193600000000001273e+02,9.482167393202204364e-01
9.198799999999999955e+02,9.476797907153768907e-01
9.204000000000000909e+02,9.471421711218633854e-01
9.209199999999999591e+02,9.465984195173694493e-01
9.214400000000000546e+02,9.460533676515254786e-01
9.219600000000000364e+02,9.455022576190121875e-01
9.224800000000000182e+02,9.449494261254989258e-01
9.230000000000000000e+02,9.443914950797764885e-01
9.235199999999999818e+02,9.438313252862630121e-01
9.240399999999999636e+02,9.432665902204193653e-01
9.245600000000000591e+02,9.426988518879059198e-01
9.250799999999999272e+02,9.421267835224121923e-01
9.256000000000000227e+02,9.415514028175684391e-01
9.261199999999998909e+02,9.409724923182150036e-01
9.266399999999999864e+02,9.403894843704611040e-01
9.271599999999999682e+02,9.398032349769475102e-01
9.276800000000000637e+02,9.392126408834341467e-01
9.281999999999999318e+02,9.386195924785905031e-01
9.287200000000000273e+02,9.380212782072568922e-01
9.292400000000000091e+02,9.374208910414132401e-01
9.297599999999999909e+02,9.368146648379696018e-01
9.302800000000000864e+02,9.362069227724758580e-01
9.307999999999999545e+02,9.355932634007924076e-01
9.313200000000000500e+02,9.349787001682791088e-01
9.318399999999999181e+02,9.343572043304544383e-01
9.323600000000000136e+02,9.337351309369410490e-01
9.328799999999999955e+02,9.331058952922961502e-01
9.334000000000000909e+02,9.324759699539425517e-01
9.339199999999999591e+02,9.318399120884485187e-01
9.344400000000000546e+02,9.312024589226050031e-01
9.349599999999999227e+02,9.305585294290913412e-01
9.354800000000000182e+02,9.299128785754977589e-01
9.360000000000000000e+02,9.292621475819844434e-01
9.365199999999999818e+02,9.286089678161406624e-01
9.370399999999999636e+02,9.279508980506468996e-01
9.375599999999999454e+02,9.272898055789635663e-01
9.380800000000000409e+02,9.266244024755200259e-01
9.386000000000000227e+02,9.259554193021546364e-01
9.391200000000001182e+02,9.252826584304709723e-01
9.396399999999999864e+02,9.246060684369573623e-01
9.401600000000000819e+02,9.239264864282038525e-01
9.406799999999999500e+02,9.232418710346904644e-01
9.412000000000000455e+02,9.225544375630064797e-01
9.417200000000000273e+02,9.218617394975128221e-01
9.422400000000000091e+02,9.211669696847979427e-01
9.427599999999999909e+02,9.204663418145142550e-01
9.432799999999999727e+02,9.197642356766903005e-01
9.437999999999999545e+02,9.190557159831769241e-01
9.443200000000000500e+02,9.183462736395127113e-01
9.448399999999999181e+02,9.176298406750694747e-01
9.453600000000000136e+02,9.169128499013542433e-01
9.458799999999998818e+02,9.161892530358605180e-01
9.463999999999999773e+02,9.154648138365070187e-01
9.469199999999999591e+02,9.147333443997333058e-01
9.474400000000000546e+02,9.140005364342398408e-01
9.479600000000000364e+02,9.132617308546847612e-01
9.484800000000000182e+02,9.125210306611712952e-01
9.490000000000000000e+02,9.117748666465775864e-01
9.495199999999999818e+02,9.110262541530637082e-01
9.500400000000000773e+02,9.102727759073683256e-01
9.505599999999999454e+02,9.095162356760849720e-01
9.510800000000000409e+02,9.087554210102410934e-01
9.515999999999999091e+02,9.079909889447477234e-01
9.521200000000000045e+02,9.072228190651921986e-01
9.526399999999999864e+02,9.064501897287684518e-01
9.531600000000000819e+02,9.056741676629249671e-01
9.536799999999999500e+02,9.048937230635716311e-01
9.542000000000000455e+02,9.041108996469462422e-01
9.547199999999999136e+02,9.033227352865927928e-01
9.552400000000000091e+02,9.025325568487689853e-01
9.557599999999999909e+02,9.017365007750537398e-01
9.562799999999999727e+02,9.009389856047701484e-01
9.568000000000000682e+02,9.001350206669467280e-01
9.573199999999999363e+02,8.993301722597214498e-01
9.578400000000000318e+02,8.985182970899675547e-01
9.583600000000000136e+02,8.977058638964543480e-01
9.588800000000001091e+02,8.968863263449188272e-01
9.593999999999999773e+02,8.960659843804753555e-01
9.599200000000000728e+02,8.952391089477917951e-01
9.604399999999999409e+02,8.944108753744263174e-01
9.609600000000000364e+02,8.935766630085827389e-01
9.614800000000000182e+02,8.927405000663191093e-01
9.620000000000000000e+02,8.918989540316039077e-01
9.625199999999999818e+02,8.910550737602703775e-01
9.630399999999999636e+02,8.902067075234967319e-01
9.635599999999999454e+02,8.893552598829411737e-01
9.640800000000000409e+02,8.884995573174478967e-01
9.645999999999999091e+02,8.876402194669626988e-01
9.651200000000000045e+02,8.867771831404690497e-01
9.656399999999998727e+02,8.859099161746253337e-01
9.661599999999999682e+02,8.850395442244900490e-01
9.666800000000000637e+02,8.841643855976464295e-01
9.672000000000000455e+02,8.832866582475115136e-01
9.677200000000000273e+02,8.824039919206679849e-01
9.682400000000000091e+02,8.815194458489841178e-01
9.687599999999999909e+02,8.806290035046889786e-01
9.692799999999999727e+02,8.797371407720052661e-01
9.698000000000000682e+02,8.788392479986402162e-01
9.703199999999999363e+02,8.779405671950264445e-01
9.708400000000000318e+02,8.770348214216612259e-01
9.713599999999999000e+02,8.761285564889776944e-01
9.718799999999999955e+02,8.752157046723523237e-01
9.723999999999999773e+02,8.743020295119986462e-01
9.729200000000000728e+02,8.733818589953734612e-01
9.734399999999999409e+02,8.724603690350196672e-01
9.739600000000000364e+02,8.715333802971961807e-01
9.744799999999999045e+02,8.706045551857106712e-01
9.750000000000000000e+02,8.696707453202173754e-01
9.755200000000000955e+02,8.687343923796619904e-01
9.760399999999999636e+02,8.677932492432384182e-01
9.765600000000000591e+02,8.668494263026832458e-01
9.770799999999999272e+02,8.659019973939293680e-01
9.776000000000000227e+02,8.649508768257042624e-01
9.781200000000000045e+02,8.639960981190090150e-01
9.786400000000001000e+02,8.630373938487256869e-01
9.791599999999999682e+02,8.620757916361903028e-01
9.796800000000000637e+02,8.611097504994164042e-01
9.801999999999999318e+02,8.601413336592117487e-01
9.807200000000000273e+02,8.591679376323679840e-01
9.812400000000000091e+02,8.581927192822328410e-01
9.817599999999999909e+02,8.572119874553892904e-01
9.822799999999999727e+02,8.562299510719240114e-01
9.827999999999999545e+02,8.552423236784101324e-01
9.833199999999999363e+02,8.542540044658749609e-01
9.838400000000000318e+02,8.532586027543896945e-01
9.843600000000001273e+02,8.522627011888964654e-01
9.848799999999999955e+02,8.512612800774109756e-01
9.854000000000000909e+02,8.502589590509170847e-01
9.859199999999999591e+02,8.492502056004319622e-01
9.864400000000000546e+02,8.482402086878971792e-01
9.869600000000000364e+02,8.472251305333835525e-01
9.874800000000000182e+02,8.462083502499181398e-01
9.880000000000000000e+02,8.451870084120947091e-01
9.885199999999999818e+02,8.441634466729392994e-01
9.890399999999999636e+02,8.431358025662440969e-01
9.895600000000000591e+02,8.421052497626304589e-01
9.900799999999999272e+02,8.410707876224250423e-01
9.906000000000000227e+02,8.400331482777797509e-01
9.911199999999998909e+02,8.389924032454466607e-01
9.916399999999999864e+02,8.379480017048910323e-01
9.921599999999999682e+02,8.369009542351372177e-01
9.926800000000000637e+02,8.358497717669124416e-01
9.931999999999999318e+02,8.347964410502870525e-01
9.937200000000000273e+02,8.337388596456234424e-01
9.942400000000000091e+02,8.326797428064679485e-01
9.947599999999999909e+02,8.316151140997730673e-01
9.952800000000000864e+02,8.305492011961592702e-01
9.957999999999999545e+02,8.294781535559541119e-01
9.963200000000000500e+02,8.284064509503088480e-01
9.968399999999999181e+02,8.273291969377735144e-01
9.973600000000000136e+02,8.262514431955100269e-01
9.978799999999999955e+02,8.251671789607949448e-01
9.984000000000000909e+02,8.240822639773296432e-01
9.989199999999999591e+02,8.229927659169760101e-01
9.994400000000000546e+02,8.219019867393508871e-01
9.999599999999999227e+02,8.208061858987953929e-01
1.000480000000000018e+03,8.197089505585903879e-01
1.001000000000000000e+03,8.186079006888365983e-01
1.001519999999999982e+03,8.175046318482813712e-01
1.002039999999999964e+03,8.163972988648161566e-01
1.002559999999999945e+03,8.152874782024310818e-01
1.003080000000000041e+03,8.141743619268372312e-01
1.003600000000000023e+03,8.130586014143020845e-01
1.004120000000000118e+03,8.119402497809868890e-01
1.004639999999999986e+03,8.108182245684517619e-01
1.005160000000000082e+03,8.096935946648381455e-01
1.005679999999999950e+03,8.085658218304727640e-01
1.006200000000000045e+03,8.074364533470076433e-01
1.006720000000000027e+03,8.063024360355224296e-01
1.007240000000000009e+03,8.051667896308587480e-01
1.007759999999999991e+03,8.040272900975437009e-01
1.008279999999999973e+03,8.028869242240085358e-01
1.008799999999999955e+03,8.017413918405431605e-01
1.009320000000000050e+03,8.005952445781580051e-01
1.009839999999999918e+03,7.994440189025644461e-01
1.010360000000000014e+03,7.982923690900289859e-01
1.010879999999999882e+03,7.971357417508737608e-01
1.011399999999999977e+03,7.959784634441786633e-01
1.011919999999999959e+03,7.948165832326934410e-01
1.012440000000000055e+03,7.936537661591581694e-01
1.012960000000000036e+03,7.924871712558945180e-01
1.013480000000000018e+03,7.913191036211792984e-01
1.014000000000000000e+03,7.901472760377141746e-01
1.014519999999999982e+03,7.889735550251788521e-01
1.015040000000000077e+03,7.877964814860237697e-01
1.015559999999999945e+03,7.866173587473985762e-01
1.016080000000000041e+03,7.854355490348633451e-01
1.016599999999999909e+03,7.842513266035797681e-01
1.017120000000000005e+03,7.830648027910444009e-01
1.017639999999999986e+03,7.818751952853992826e-01
1.018160000000000082e+03,7.806834387118640750e-01
1.018679999999999950e+03,7.794888679007287990e-01
1.019200000000000045e+03,7.782929148601736014e-01
1.019719999999999914e+03,7.770934383825484071e-01
1.020240000000000009e+03,7.758927527380831135e-01
1.020759999999999991e+03,7.746881961777296599e-01
1.021279999999999973e+03,7.734827933942644007e-01
1.021800000000000068e+03,7.722736179207291274e-01
1.022319999999999936e+03,7.710640191150839318e-01
1.022840000000000032e+03,7.698498017748784950e-01
1.023360000000000014e+03,7.686352568304134492e-01
1.023880000000000109e+03,7.674167466189283360e-01
1.024400000000000091e+03,7.661976810063929610e-01
1.024920000000000073e+03,7.649749708400978010e-01
1.025440000000000055e+03,7.637513805995425065e-01
1.025960000000000036e+03,7.625244691160771859e-01
1.026480000000000018e+03,7.612961995716119867e-01
1.027000000000000000e+03,7.600645769310568900e-01
1.027519999999999982e+03,7.588318048199216292e-01
1.028039999999999964e+03,7.575970171522264929e-01
1.028559999999999945e+03,7.563601612407413466e-01
1.029079999999999927e+03,7.551206564750775341e-01
1.029599999999999909e+03,7.538792558639423325e-01
1.030119999999999891e+03,7.526360709524572146e-01
1.030639999999999873e+03,7.513907207789218834e-01
1.031160000000000082e+03,7.501438722012968574e-01
1.031680000000000064e+03,7.488945513000916376e-01
1.032200000000000045e+03,7.476440200886061982e-01
1.032720000000000027e+03,7.463903480441410609e-01
1.033240000000000009e+03,7.451356400316059281e-01
1.033759999999999991e+03,7.438783038201206566e-01
1.034279999999999973e+03,7.426204282538253487e-01
1.034799999999999955e+03,7.413592384412901470e-01
1.035319999999999936e+03,7.400977018688048581e-01
1.035840000000000146e+03,7.388325418562696756e-01
1.036359999999999900e+03,7.375671507118045644e-01
1.036880000000000109e+03,7.362987845927978503e-01
1.037399999999999864e+03,7.350299775912425559e-01
1.037920000000000073e+03,7.337584670467772741e-01
1.038440000000000055e+03,7.324861526691521796e-01
1.038960000000000036e+03,7.312109568675968507e-01
1.039480000000000018e+03,7.299348613564615729e-01
1.040000000000000000e+03,7.286565035829265513e-01
1.040519999999999982e+03,7.273772063994611292e-01
1.041039999999999964e+03,7.260962350269760668e-01
1.041559999999999945e+03,7.248138653144408083e-01
1.042079999999999927e+03,7.235297294423054248e-01
1.042600000000000136e+03,7.222439645978402378e-01
1.043119999999999891e+03,7.209566992631251114e-01
1.043640000000000100e+03,7.196678433186597390e-01
1.044159999999999854e+03,7.183779489351946879e-01
1.044680000000000064e+03,7.170862722336395212e-01
1.045200000000000045e+03,7.157937507536327182e-01
1.045720000000000027e+03,7.144988512701673233e-01
1.046240000000000009e+03,7.132031812966321827e-01
1.046759999999999991e+03,7.119057436241470471e-01
1.047279999999999973e+03,7.106079571406818118e-01
1.047799999999999955e+03,7.093073167394764456e-01
1.048319999999999936e+03,7.080063873950113162e-01
1.048839999999999918e+03,7.067033841835260732e-01
1.049360000000000127e+03,7.054002261158308640e-01
1.049880000000000109e+03,7.040950889634940424e-01
1.050400000000000091e+03,7.027895872800287158e-01
1.050920000000000073e+03,7.014818192784735285e-01
1.051440000000000055e+03,7.001735914063383914e-01
1.051960000000000036e+03,6.988637260618731917e-01
1.052480000000000018e+03,6.975532283493378616e-01
1.053000000000000000e+03,6.962412509768526325e-01
1.053519999999999982e+03,6.949285077245159759e-01
1.054039999999999964e+03,6.936144188509808517e-01
1.054559999999999945e+03,6.922994086398455149e-01
1.055079999999999927e+03,6.909832223953803476e-01
1.055599999999999909e+03,6.896659433938250316e-01
1.056119999999999891e+03,6.883476461493599485e-01
1.056640000000000100e+03,6.870284241580230100e-01
1.057159999999999854e+03,6.857085446844879417e-01
1.057680000000000064e+03,6.843876107120024921e-01
1.058199999999999818e+03,6.830661570398673943e-01
1.058720000000000027e+03,6.817435287954022316e-01
1.059240000000000009e+03,6.804204934749951139e-01
1.059759999999999991e+03,6.790957125305301378e-01
1.060279999999999973e+03,6.777705847580449694e-01
1.060799999999999955e+03,6.764444919845095106e-01
1.061320000000000164e+03,6.751183002400443778e-01
1.061839999999999918e+03,6.737905529600376475e-01
1.062360000000000127e+03,6.724626894875522787e-01
1.062879999999999882e+03,6.711333432750171690e-01
1.063400000000000091e+03,6.698038433305519845e-01
1.063920000000000073e+03,6.684734347782151920e-01
1.064440000000000055e+03,6.671427964046799941e-01
1.064960000000000036e+03,6.658113438321947575e-01
1.065480000000000018e+03,6.644794117877296236e-01
1.066000000000000000e+03,6.631463635077224916e-01
1.066519999999999982e+03,6.618131216341873735e-01
1.067039999999999964e+03,6.604795470897224519e-01
1.067559999999999945e+03,6.591452613172370523e-01
1.068080000000000155e+03,6.578101076358302546e-01
1.068599999999999909e+03,6.564746824523650659e-01
1.069120000000000118e+03,6.551389829078998472e-01
1.069639999999999873e+03,6.538026490634344379e-01
1.070160000000000082e+03,6.524659076820277237e-01
1.070680000000000064e+03,6.511287967818725209e-01
1.071200000000000045e+03,6.497915271374072876e-01
1.071720000000000027e+03,6.484538308850705812e-01
1.072240000000000009e+03,6.471160159115354471e-01
1.072759999999999991e+03,6.457773354670701682e-01
1.073279999999999973e+03,6.444384624945849183e-01
1.073799999999999955e+03,6.430995791422479124e-01
1.074319999999999936e+03,6.417607117687128548e-01
1.074839999999999918e+03,6.404213006242476247e-01
1.075360000000000127e+03,6.390818498719106344e-01
1.075879999999999882e+03,6.377418928997755643e-01
1.076400000000000091e+03,6.364018776923803244e-01
1.076919999999999845e+03,6.350613936790433511e-01
1.077440000000000055e+03,6.337209090345783391e-01
1.077960000000000036e+03,6.323804334901131918e-01
1.078480000000000018e+03,6.310399379087062721e-01
1.079000000000000000e+03,6.296994352642411030e-01
1.079519999999999982e+03,6.283587390917558801e-01
1.080039999999999964e+03,6.270177083394189443e-01
1.080559999999999945e+03,6.256769031658836466e-01
1.081079999999999927e+03,6.243363770214185315e-01
1.081599999999999909e+03,6.229955810690819273e-01
1.082120000000000118e+03,6.216545316969465107e-01
1.082639999999999873e+03,6.203137829914813217e-01
1.083160000000000082e+03,6.189732580762145053e-01
1.083679999999999836e+03,6.176330723317493554e-01
1.084200000000000045e+03,6.162930364794123594e-01
1.084720000000000027e+03,6.149526100349472779e-01
1.085240000000000009e+03,6.136120448614121869e-01
1.085759999999999991e+03,6.122723529090752237e-01
1.086279999999999973e+03,6.109328308036100497e-01
1.086800000000000182e+03,6.095933021311248368e-01
1.087319999999999936e+03,6.082537720787880575e-01
1.087840000000000146e+03,6.069147677994127799e-01
1.088359999999999900e+03,6.055758193470759387e-01
1.088880000000000109e+03,6.042378354416106934e-01
1.089400000000000091e+03,6.028998504971455619e-01
1.089920000000000073e+03,6.015618576171386511e-01
1.090440000000000055e+03,6.002241119155835580e-01
1.090960000000000036e+03,5.988871595632466738e-01
1.091480000000000018e+03,5.975503584577813720e-01
1.092000000000000000e+03,5.962139138996046528e-01
1.092519999999999982e+03,5.948778682551394414e-01
1.093039999999999964e+03,5.935424659816042059e-01
1.093559999999999945e+03,5.922073086682674292e-01
1.094079999999999927e+03,5.908724116238021073e-01
1.094599999999999909e+03,5.895383520434452906e-01
1.095119999999999891e+03,5.882050327989800653e-01
1.095639999999999873e+03,5.868720153798031580e-01
1.096160000000000082e+03,5.855392038062682269e-01
1.096680000000000064e+03,5.842071121539315071e-01
1.097200000000000045e+03,5.828753215484661077e-01
1.097720000000000027e+03,5.815447498040007268e-01
1.098240000000000009e+03,5.802145204516641064e-01
1.098759999999999991e+03,5.788851812171287303e-01
1.099279999999999973e+03,5.775560105589520044e-01
1.099799999999999955e+03,5.762277886864668464e-01
1.100319999999999936e+03,5.748996418731300295e-01
1.100840000000000146e+03,5.735730546286647025e-01
1.101359999999999900e+03,5.722465423763279935e-01
1.101880000000000109e+03,5.709209967359528681e-01
1.102399999999999864e+03,5.695957757559458878e-01
1.102920000000000073e+03,5.682723230114805624e-01
1.103440000000000055e+03,5.669490985981439080e-01
1.103960000000000036e+03,5.656266692536786600e-01
1.104480000000000018e+03,5.643047356013417559e-01
1.105000000000000000e+03,5.629838645329464653e-01
1.105519999999999982e+03,5.616636031806098162e-01
1.106039999999999964e+03,5.603442907751446933e-01
1.106559999999999945e+03,5.590259696228078168e-01
1.107079999999999927e+03,5.577087526783425231e-01
1.107600000000000136e+03,5.563923723591658321e-01
1.108119999999999891e+03,5.550767116147005131e-01
1.108640000000000100e+03,5.537620220722937470e-01
1.109159999999999854e+03,5.524479220278285529e-01
1.109680000000000064e+03,5.511352692144916299e-01
1.110200000000000045e+03,5.498232437563147501e-01
1.110720000000000027e+03,5.485124541508495932e-01
1.111240000000000009e+03,5.472019867704930318e-01
1.111759999999999991e+03,5.458937500260276909e-01
1.112279999999999973e+03,5.445859130777809254e-01
1.112799999999999955e+03,5.432795024333154643e-01
1.113319999999999936e+03,5.419732427199788205e-01
1.113839999999999918e+03,5.406690391755136771e-01
1.114360000000000127e+03,5.393650448621767346e-01
1.114880000000000109e+03,5.380634522039998702e-01
1.115400000000000091e+03,5.367621071985346770e-01
1.115920000000000073e+03,5.354620751171279558e-01
1.116440000000000055e+03,5.341626532116627857e-01
1.116960000000000036e+03,5.328652274534859679e-01
1.117480000000000018e+03,5.315684695480207278e-01
1.118000000000000000e+03,5.302731231346837770e-01
1.118519999999999982e+03,5.289788055823468893e-01
1.119039999999999964e+03,5.276860678710417751e-01
1.119559999999999945e+03,5.263943017187049378e-01
1.120079999999999927e+03,5.251036573561498333e-01
1.120599999999999909e+03,5.238144441038129484e-01
1.121119999999999891e+03,5.225263945846362335e-01
1.121640000000000100e+03,5.212396577401708919e-01
1.122159999999999854e+03,5.199536986268340488e-01
1.122680000000000064e+03,5.186699349213687027e-01
1.123199999999999818e+03,5.173871057908620008e-01
1.123720000000000027e+03,5.161058965775253693e-01
1.124240000000000009e+03,5.148251632330601568e-01
1.124759999999999991e+03,5.135470980197233137e-01
1.125279999999999973e+03,5.122694892714763082e-01
1.125799999999999955e+03,5.109938245270112533e-01
1.126320000000000164e+03,5.097183303136743060e-01
1.126839999999999918e+03,5.084459258944974414e-01
1.127360000000000127e+03,5.071737690500324192e-01
1.127879999999999882e+03,5.059039732366957809e-01
1.128400000000000091e+03,5.046346930312303192e-01
1.128920000000000073e+03,5.033680457730533853e-01
1.129440000000000055e+03,5.021020282597167261e-01
1.129960000000000036e+03,5.008379729542515868e-01
1.130480000000000018e+03,4.995747576670048207e-01
1.131000000000000000e+03,4.983133141536678634e-01
1.131519999999999982e+03,4.970533392482027191e-01
1.132039999999999964e+03,4.957955362958658685e-01
1.132559999999999945e+03,4.945387442766891462e-01
1.133080000000000155e+03,4.932830397712239523e-01
1.133599999999999909e+03,4.920293574188870367e-01
1.134120000000000118e+03,4.907773142997101656e-01
1.134639999999999873e+03,4.895272363863732434e-01
1.135160000000000082e+03,4.882783204419079981e-01
1.135680000000000064e+03,4.870312549227313048e-01
1.136200000000000045e+03,4.857849508093945445e-01
1.136720000000000027e+03,4.845415096315991987e-01
1.137240000000000009e+03,4.832988511443524482e-01
1.137759999999999991e+03,4.820584404310157001e-01
1.138279999999999973e+03,4.808184096255504469e-01
1.138799999999999955e+03,4.795817959063735647e-01
1.139319999999999936e+03,4.783454489540366894e-01
1.139839999999999918e+03,4.771121937407000746e-01
1.140360000000000127e+03,4.758792250293948922e-01
1.140879999999999882e+03,4.746491133160580800e-01
1.141400000000000091e+03,4.734195937027211309e-01
1.141919999999999845e+03,4.721931270524160063e-01
1.142440000000000055e+03,4.709674440390791417e-01
1.142960000000000036e+03,4.697441073257422328e-01
1.143480000000000018e+03,4.685217815065654823e-01
1.144000000000000000e+03,4.673015887011003344e-01
1.144519999999999982e+03,4.660828475764334788e-01
1.145039999999999964e+03,4.648663025572566943e-01
1.145559999999999945e+03,4.636514935439198792e-01
1.146079999999999927e+03,4.624386080093846330e-01
1.146599999999999909e+03,4.612274416902077956e-01
1.147120000000000118e+03,4.600176886768710394e-01
1.147639999999999873e+03,4.588102442245342028e-01
1.148160000000000082e+03,4.576041338132290637e-01
1.148679999999999836e+03,4.564006375998922449e-01
1.149200000000000045e+03,4.551981893865553741e-01
1.149720000000000027e+03,4.539986047673784109e-01
1.150240000000000009e+03,4.527998211619131963e-01
1.150759999999999991e+03,4.516041872427364878e-01
1.151279999999999973e+03,4.504090488570696160e-01
1.151800000000000182e+03,4.492168483047327965e-01
1.152319999999999936e+03,4.480249328855559487e-01
1.152840000000000146e+03,4.468371046800908575e-01
1.153359999999999900e+03,4.456496394667539551e-01
1.153880000000000109e+03,4.444654550475771182e-01
1.154400000000000091e+03,4.432819189342403488e-01
1.154920000000000073e+03,4.421014148150635426e-01
1.155440000000000055e+03,4.409218087095983507e-01
1.155960000000000036e+03,4.397449525962614514e-01
1.156480000000000018e+03,4.385692988770847345e-01
1.157000000000000000e+03,4.373960858914179850e-01
1.157519999999999982e+03,4.362245728722411453e-01
1.158039999999999964e+03,4.350555617667759001e-01
1.158559999999999945e+03,4.338883059534390796e-01
1.159079999999999927e+03,4.327229376342622280e-01
1.159599999999999909e+03,4.315596118819254867e-01
1.160119999999999891e+03,4.303979087627487488e-01
1.160639999999999873e+03,4.292388584494117865e-01
1.161160000000000082e+03,4.280813159719666916e-01
1.161680000000000064e+03,4.269264079527898548e-01
1.162200000000000045e+03,4.257725302671230838e-01
1.162720000000000027e+03,4.246219549479461342e-01
1.163240000000000009e+03,4.234722571346093978e-01
1.163759999999999991e+03,4.223257495212726087e-01
1.164279999999999973e+03,4.211797189099675265e-01
1.164799999999999955e+03,4.200376188966303825e-01
1.165319999999999936e+03,4.188958426774536670e-01
1.165840000000000146e+03,4.177576552031169732e-01
1.166359999999999900e+03,4.166198684116101392e-01
1.166880000000000109e+03,4.154858436982732384e-01
1.167399999999999864e+03,4.143525643849363393e-01
1.167920000000000073e+03,4.132227205736312414e-01
1.168440000000000055e+03,4.120938121602943371e-01
1.168960000000000036e+03,4.109676326411175751e-01
1.169480000000000018e+03,4.098429996277807019e-01
1.170000000000000000e+03,4.087215162366240051e-01
1.170519999999999982e+03,4.076015411232871699e-01
1.171039999999999964e+03,4.064837033317802995e-01
1.171559999999999945e+03,4.053679091184435590e-01
1.172079999999999927e+03,4.042542731129782907e-01
1.172600000000000136e+03,4.031429850938015313e-01
1.173119999999999891e+03,4.020335104804646509e-01
1.173640000000000100e+03,4.009264044002879279e-01
1.174159999999999854e+03,3.998205964869510631e-01
1.174680000000000064e+03,3.987181683954442724e-01
1.175200000000000045e+03,3.976170565821074421e-01
1.175720000000000027e+03,3.965188656629305974e-01
1.176240000000000009e+03,3.954214185495938394e-01
1.176759999999999991e+03,3.943280785304170699e-01
1.177279999999999973e+03,3.932353300451002509e-01
1.177799999999999955e+03,3.921465522786350411e-01
1.178319999999999936e+03,3.910580988871282249e-01
1.178839999999999918e+03,3.899731763737913082e-01
1.179360000000000127e+03,3.888887696546145523e-01
1.179880000000000109e+03,3.878085673412776657e-01
1.180400000000000091e+03,3.867291286221009039e-01
1.180920000000000073e+03,3.856531042477640558e-01
1.181440000000000055e+03,3.845780349285871647e-01
1.181960000000000036e+03,3.835056802429205325e-01
1.182480000000000018e+03,3.824348908237436007e-01
1.183000000000000000e+03,3.813672322384268898e-01
1.183519999999999982e+03,3.803015209192500690e-01
1.184039999999999964e+03,3.792385579449132904e-01
1.184559999999999945e+03,3.781773904257363927e-01
1.185079999999999927e+03,3.771180951414696558e-01
1.185599999999999909e+03,3.760611678499627963e-01
1.186119999999999891e+03,3.750060548444976161e-01
1.186640000000000100e+03,3.739539794643207959e-01
1.187159999999999854e+03,3.729035651509839400e-01
1.187680000000000064e+03,3.718561672318071443e-01
1.188199999999999818e+03,3.708099524464902874e-01
1.188720000000000027e+03,3.697670611939835039e-01
1.189240000000000009e+03,3.687250101806466840e-01
1.189759999999999991e+03,3.676866264614698787e-01
1.190279999999999973e+03,3.666487583481330415e-01
1.190799999999999955e+03,3.656153788679561978e-01
1.191320000000000164e+03,3.645823430546193955e-01
1.191839999999999918e+03,3.635533545631126073e-01
1.192360000000000127e+03,3.625248238497758568e-01
1.192879999999999882e+03,3.615000363976189623e-01
1.193400000000000091e+03,3.604760901842822274e-01
1.193920000000000073e+03,3.594560042651054332e-01
1.194440000000000055e+03,3.584368728198386034e-01
1.194960000000000036e+03,3.574204325283317774e-01
1.195480000000000018e+03,3.564057684149949945e-01
1.196000000000000000e+03,3.553945609958182317e-01
1.196519999999999982e+03,3.543848820214813844e-01
1.197039999999999964e+03,3.533773232303245027e-01
1.197559999999999945e+03,3.523721137111477386e-01
1.198080000000000155e+03,3.513692534644809462e-01
1.198599999999999909e+03,3.503687998453040020e-01
1.199120000000000118e+03,3.493701410319672296e-01
1.199639999999999873e+03,3.483741950517905139e-01
1.200160000000000082e+03,3.473797005384535730e-01
1.200680000000000064e+03,3.463886441469467559e-01
1.201200000000000045e+03,3.453988674006299164e-01
1.201720000000000027e+03,3.444124523105231983e-01
1.202240000000000009e+03,3.434268388361863544e-01
1.202759999999999991e+03,3.424453918091379112e-01
1.203279999999999973e+03,3.414645181899611526e-01
1.203799999999999955e+03,3.404876153432942476e-01
1.204319999999999936e+03,3.395110558241175580e-01
1.204839999999999918e+03,3.385385283388007149e-01
1.205360000000000127e+03,3.375665362586238727e-01
1.205879999999999882e+03,3.365987269452871966e-01
1.206400000000000091e+03,3.356317008927803269e-01
1.206919999999999845e+03,3.346680553794434410e-01
1.207440000000000055e+03,3.337055373893366705e-01
1.207960000000000036e+03,3.327460749091598058e-01
1.208480000000000018e+03,3.317882358238429807e-01
1.209000000000000000e+03,3.308334910713362498e-01
1.209519999999999982e+03,3.298805038579993854e-01
1.210039999999999964e+03,3.289299253388225930e-01
1.210559999999999945e+03,3.279817156644857512e-01
1.211079999999999927e+03,3.270358548453090042e-01
1.211599999999999909e+03,3.260924007849305140e-01
1.212120000000000118e+03,3.251507232996136976e-01
1.212639999999999873e+03,3.242117782485069433e-01
1.213160000000000082e+03,3.232742665351701628e-01
1.213679999999999836e+03,3.223402125549933439e-01
1.214200000000000045e+03,3.214074186634865993e-01
1.214720000000000027e+03,3.204780058501496831e-01
1.215240000000000009e+03,3.195493948979928889e-01
1.215759999999999991e+03,3.186244916846560638e-01
1.216279999999999973e+03,3.177000661044792618e-01
1.216800000000000182e+03,3.167801676188123916e-01
1.217319999999999936e+03,3.158606131598339362e-01
1.217840000000000146e+03,3.149450715406572066e-01
1.218359999999999900e+03,3.140300269663203747e-01
1.218880000000000109e+03,3.131186688028336218e-01
1.219400000000000091e+03,3.122082273284967346e-01
1.219920000000000073e+03,3.113015868093198524e-01
1.220440000000000055e+03,3.103960737291431293e-01
1.220960000000000036e+03,3.094935994158063974e-01
1.221480000000000018e+03,3.085925964913195374e-01
1.222000000000000000e+03,3.076943272991811140e-01
1.222519999999999982e+03,3.067980440190042901e-01
1.223039999999999964e+03,3.059044728998275287e-01
1.223559999999999945e+03,3.050130042531606356e-01
1.224079999999999927e+03,3.041235994729838965e-01
1.224599999999999909e+03,3.032366399818270386e-01
1.225119999999999891e+03,3.023514376074902810e-01
1.225639999999999873e+03,3.014689676804418461e-01
1.226160000000000082e+03,3.005879507628451131e-01
1.226680000000000064e+03,2.997103909436682478e-01
1.227200000000000045e+03,2.988340726634913236e-01
1.227720000000000027e+03,2.979611364781745153e-01
1.228240000000000009e+03,2.970890036256677025e-01
1.228759999999999991e+03,2.962205972454909353e-01
1.229279999999999973e+03,2.953526497242825455e-01
1.229799999999999955e+03,2.944892314731757388e-01
1.230319999999999936e+03,2.936261574155288323e-01
1.230840000000000146e+03,2.927665782353520707e-01
1.231359999999999900e+03,2.919075534551753281e-01
1.231880000000000109e+03,2.910526752418384766e-01
1.232399999999999864e+03,2.901986381814600779e-01
1.232920000000000073e+03,2.893479434903032388e-01
1.233440000000000055e+03,2.884983947450364683e-01
1.233960000000000036e+03,2.876518854648596468e-01
1.234480000000000018e+03,2.868070393456828571e-01
1.235000000000000000e+03,2.859652336911444603e-01
1.235519999999999982e+03,2.851250127719676120e-01
1.236039999999999964e+03,2.842868527198108564e-01
1.236559999999999945e+03,2.834511011454740048e-01
1.237079999999999927e+03,2.826176642830371954e-01
1.237600000000000136e+03,2.817866732028603272e-01
1.238119999999999891e+03,2.809574408206519380e-01
1.238640000000000100e+03,2.801305959294951853e-01
1.239159999999999854e+03,2.793050116769882907e-01
1.239680000000000064e+03,2.784829050026515485e-01
1.240200000000000045e+03,2.776620218125446793e-01
1.240720000000000027e+03,2.768445596525162533e-01
1.241240000000000009e+03,2.760278618058493727e-01
1.241759999999999991e+03,2.752148904866726919e-01
1.242279999999999973e+03,2.744023786064958004e-01
1.242799999999999955e+03,2.735939179242874442e-01
1.243319999999999936e+03,2.727858015898706467e-01
1.243839999999999918e+03,2.719816600096938708e-01
1.244360000000000127e+03,2.711780345353570487e-01
1.244880000000000109e+03,2.703780602828502189e-01
1.245400000000000091e+03,2.695789450558018219e-01
1.245920000000000073e+03,2.687831752094849702e-01
1.246440000000000055e+03,2.679885700583781172e-01
1.246960000000000036e+03,2.671969831668713491e-01
1.247480000000000018e+03,2.664066955846629559e-01
1.248000000000000000e+03,2.656187618325060451e-01
1.248519999999999982e+03,2.648328727523292514e-01
1.249039999999999964e+03,2.640496590666624455e-01
1.249559999999999945e+03,2.632682992155557233e-01
1.250079999999999927e+03,2.624887368275073407e-01
1.250599999999999909e+03,2.617119432811904622e-01
1.251119999999999891e+03,2.609370984896837165e-01
1.251640000000000100e+03,2.601646814095068816e-01
1.252159999999999854e+03,2.593934898505284581e-01
1.252680000000000064e+03,2.586254129318816264e-01
1.253199999999999818e+03,2.578584066127048158e-01
1.253720000000000027e+03,2.570948213246563863e-01
1.254240000000000009e+03,2.563320003503196665e-01
1.254759999999999991e+03,2.555724671978127915e-01
1.255279999999999973e+03,2.548133160357259897e-01
1.255799999999999955e+03,2.540587347535175344e-01
1.256320000000000164e+03,2.533044786733408271e-01
1.256839999999999918e+03,2.525536797208339790e-01
1.257360000000000127e+03,2.518033773686770282e-01
1.257879999999999882e+03,2.510562480765387017e-01
1.258400000000000091e+03,2.503100743240319614e-01
1.258920000000000073e+03,2.495676677438550539e-01
1.259440000000000055e+03,2.488262744896666268e-01
1.259960000000000036e+03,2.480875190094898319e-01
1.260480000000000018e+03,2.473500819470530465e-01
1.261000000000000000e+03,2.466149961668762935e-01
1.261519999999999982e+03,2.458817259126878096e-01
1.262039999999999964e+03,2.451508255601810016e-01
1.262559999999999945e+03,2.444220663800042159e-01
1.263080000000000155e+03,2.436953354210257550e-01
1.263599999999999909e+03,2.429710872357090379e-01
1.264120000000000118e+03,2.422485581832021506e-01
1.264639999999999873e+03,2.415284573030253845e-01
1.265160000000000082e+03,2.408095813208169234e-01
1.265680000000000064e+03,2.400934401973801868e-01
1.266200000000000045e+03,2.393782369452233660e-01
1.266720000000000027e+03,2.386664717571749528e-01
1.267240000000000009e+03,2.379554316715081219e-01
1.267759999999999991e+03,2.372477196193512883e-01
1.268279999999999973e+03,2.365403524603729157e-01
1.268799999999999955e+03,2.358370750801961069e-01
1.269319999999999936e+03,2.351341032335293180e-01
1.269839999999999918e+03,2.344345720735008520e-01
1.270360000000000127e+03,2.337355378933239913e-01
1.270879999999999882e+03,2.330396793698872038e-01
1.271400000000000091e+03,2.323447189486787801e-01
1.271919999999999845e+03,2.316530457965220724e-01
1.272440000000000055e+03,2.309624236440152023e-01
1.272960000000000036e+03,2.302744207850368208e-01
1.273480000000000018e+03,2.295879271107000574e-01
1.274000000000000000e+03,2.289041120585432187e-01
1.274519999999999982e+03,2.282219024981647637e-01
1.275039999999999964e+03,2.275417380179879656e-01
1.275559999999999945e+03,2.268632180727211678e-01
1.276079999999999927e+03,2.261861916403627715e-01
1.276599999999999909e+03,2.255119928601858614e-01
1.277120000000000118e+03,2.248396673800091838e-01
1.277639999999999873e+03,2.241694826155407605e-01
1.278160000000000082e+03,2.235003111633839523e-01
1.278679999999999836e+03,2.228338935832070433e-01
1.279200000000000045e+03,2.221683753228287095e-01
1.279720000000000027e+03,2.215063351706718087e-01
1.280240000000000009e+03,2.208450026254050458e-01
1.280759999999999991e+03,2.201869956373566362e-01
1.281279999999999745e+03,2.195293519848497410e-01
1.281800000000000182e+03,2.188747689248213557e-01
1.282319999999999936e+03,2.182204917795545485e-01
1.282839999999999918e+03,2.175701739270477775e-01
1.283360000000000127e+03,2.169203336389994019e-01
1.283880000000000109e+03,2.162736663868425613e-01
1.284400000000000091e+03,2.156277822634057317e-01
1.284919999999999845e+03,2.149847660811974037e-01
1.285440000000000055e+03,2.143426863290405493e-01
1.285960000000000036e+03,2.137028076686621203e-01
1.286480000000000018e+03,2.130644961175553465e-01
1.287000000000000000e+03,2.124288052373785318e-01
1.287519999999999982e+03,2.117947580108601457e-01
1.288039999999999964e+03,2.111627373306832756e-01
1.288559999999999945e+03,2.105323597795764612e-01
1.289079999999999927e+03,2.099034932472180481e-01
1.289600000000000136e+03,2.092768064670413042e-01
1.290119999999999891e+03,2.086515928848328705e-01
1.290639999999999873e+03,2.080288653613961425e-01
1.291160000000000082e+03,2.074073049092391430e-01
1.291680000000000064e+03,2.067885351211908584e-01
1.292200000000000045e+03,2.061706448686840276e-01
1.292719999999999800e+03,2.055557950435656089e-01
1.293240000000000236e+03,2.049415774633887299e-01
1.293759999999999991e+03,2.043302074030103888e-01
1.294279999999999973e+03,2.037191247508535752e-01
1.294799999999999955e+03,2.031116559997467319e-01
1.295320000000000164e+03,2.025044747842083548e-01
1.295840000000000146e+03,2.019007174040315378e-01
1.296359999999999900e+03,2.012973999440031414e-01
1.296879999999999882e+03,2.006967775205663052e-01
1.297400000000000091e+03,2.000969582403895053e-01
1.297920000000000073e+03,1.995000084862011136e-01
1.298440000000000055e+03,1.989041479336943474e-01
1.298959999999999809e+03,1.983108493747158807e-01
1.299480000000000018e+03,1.977187354225591054e-01
1.300000000000000000e+03,1.971285742621806669e-01
1.300519999999999982e+03,1.965398464820038160e-01
1.301040000000000191e+03,1.959528391367370559e-01
1.301559999999999945e+03,1.953677641043786439e-01
1.302079999999999927e+03,1.947844129632018140e-01
1.302599999999999909e+03,1.942032785042234200e-01
1.303120000000000118e+03,1.936235970797366146e-01
1.303640000000000100e+03,1.930460563916881755e-01
1.304159999999999854e+03,1.924695288173514096e-01
1.304679999999999836e+03,1.918953749140629716e-01
1.305200000000000045e+03,1.913219687338861830e-01
1.305720000000000027e+03,1.907516376813793157e-01
1.306240000000000009e+03,1.901818988603508898e-01
1.306759999999999764e+03,1.896150309092441422e-01
1.307280000000000200e+03,1.890484323547056977e-01
1.307799999999999955e+03,1.884849490745289513e-01
1.308319999999999936e+03,1.879217147435705004e-01
1.308839999999999918e+03,1.873613904910636785e-01
1.309360000000000127e+03,1.868016207030152864e-01
1.309880000000000109e+03,1.862449646898584610e-01
1.310399999999999864e+03,1.856890159585500577e-01
1.310920000000000073e+03,1.851354996842132505e-01
1.311440000000000055e+03,1.845830919241848445e-01
1.311960000000000036e+03,1.840332454716780697e-01
1.312480000000000018e+03,1.834843938126996254e-01
1.313000000000000000e+03,1.829371695882128224e-01
1.313519999999999982e+03,1.823916086391644265e-01
1.314039999999999964e+03,1.818480378938975850e-01
1.314559999999999945e+03,1.813058620694107670e-01
1.315080000000000155e+03,1.807649297813623546e-01
1.315599999999999909e+03,1.802261959302555450e-01
1.316119999999999891e+03,1.796889168368971390e-01
1.316639999999999873e+03,1.791537988567203643e-01
1.317160000000000082e+03,1.786196570686719165e-01
1.317680000000000064e+03,1.780875242732551100e-01
1.318199999999999818e+03,1.775559854910467028e-01
1.318720000000000255e+03,1.770275429775398923e-01
1.319240000000000009e+03,1.764996931465814545e-01
1.319759999999999991e+03,1.759747141664047276e-01
1.320279999999999973e+03,1.754500047060262857e-01
1.320800000000000182e+03,1.749278952538694254e-01
1.321320000000000164e+03,1.744060533338910868e-01
1.321839999999999918e+03,1.738876155813842417e-01
1.322359999999999900e+03,1.733695799271958438e-01
1.322880000000000109e+03,1.728537624037590203e-01
1.323400000000000091e+03,1.723386521547106143e-01
1.323920000000000073e+03,1.718259745025538243e-01
1.324439999999999827e+03,1.713142720712454437e-01
1.324960000000000036e+03,1.708047293831970181e-01
1.325480000000000018e+03,1.702963914700401926e-01
1.326000000000000000e+03,1.697900058096617759e-01
1.326519999999999982e+03,1.692848061643949520e-01
1.327039999999999964e+03,1.687810231320365506e-01
1.327559999999999945e+03,1.682792288908597778e-01
1.328079999999999927e+03,1.677791185318813494e-01
1.328600000000000136e+03,1.672802903073945247e-01
1.329120000000000118e+03,1.667822673193461447e-01
1.329639999999999873e+03,1.662867856072393069e-01
1.330159999999999854e+03,1.657924323748808937e-01
1.330680000000000064e+03,1.653000874947040677e-01
1.331200000000000045e+03,1.648083558692356732e-01
1.331720000000000027e+03,1.643192846560788400e-01
1.332239999999999782e+03,1.638306934680305027e-01
1.332760000000000218e+03,1.633445108445936433e-01
1.333279999999999973e+03,1.628585389235652214e-01
1.333799999999999955e+03,1.623757209631868370e-01
1.334319999999999936e+03,1.618930748110300466e-01
1.334840000000000146e+03,1.614128619910516205e-01
1.335360000000000127e+03,1.609331461385448137e-01
1.335879999999999882e+03,1.604560716785163876e-01
1.336399999999999864e+03,1.599796078550795864e-01
1.336920000000000073e+03,1.595051525118711677e-01
1.337440000000000055e+03,1.590316722597143739e-01
1.337960000000000036e+03,1.585603574284059625e-01
1.338480000000000018e+03,1.580900548793575666e-01
1.339000000000000000e+03,1.576213591548707438e-01
1.339519999999999982e+03,1.571541165958923458e-01
1.340039999999999964e+03,1.566885773547155303e-01
1.340560000000000173e+03,1.562241480223571233e-01
1.341079999999999927e+03,1.557606961712502958e-01
1.341599999999999909e+03,1.552991755778919125e-01
1.342119999999999891e+03,1.548388611898434963e-01
1.342640000000000100e+03,1.543807271387366842e-01
1.343160000000000082e+03,1.539235692512182507e-01
1.343679999999999836e+03,1.534680000710414438e-01
1.344199999999999818e+03,1.530129296787330340e-01
1.344720000000000027e+03,1.525605160265762206e-01
1.345240000000000009e+03,1.521085804385278462e-01
1.345759999999999991e+03,1.516590766462194428e-01
1.346279999999999745e+03,1.512097656940626089e-01
1.346800000000000182e+03,1.507630735336842331e-01
1.347319999999999936e+03,1.503165919495974279e-01
1.347839999999999918e+03,1.498725053615489744e-01
1.348360000000000127e+03,1.494289345011705905e-01
1.348880000000000109e+03,1.489879833170837664e-01
1.349400000000000091e+03,1.485475483567053612e-01
1.349919999999999845e+03,1.481087036155285253e-01
1.350440000000000055e+03,1.476708340845701573e-01
1.350960000000000036e+03,1.472351483300317065e-01
1.351480000000000018e+03,1.468002653168748728e-01
1.352000000000000000e+03,1.463666640855665058e-01
1.352519999999999982e+03,1.459345163443896976e-01
1.353039999999999964e+03,1.455040529843613095e-01
1.353559999999999945e+03,1.450747376530528709e-01
1.354079999999999927e+03,1.446463802118760633e-01
1.354600000000000136e+03,1.442199544795176869e-01
1.355119999999999891e+03,1.437947349674108533e-01
1.355639999999999873e+03,1.433709696350524698e-01
1.356160000000000082e+03,1.429478370860040315e-01
1.356680000000000064e+03,1.425267496348972263e-01
1.357200000000000045e+03,1.421062368025388378e-01
1.357719999999999800e+03,1.416879635904320089e-01
1.358240000000000236e+03,1.412700749580735882e-01
1.358759999999999991e+03,1.408546165090251989e-01
1.359279999999999973e+03,1.404393685579183870e-01
1.359799999999999955e+03,1.400267037645600010e-01
1.360320000000000164e+03,1.396142308765115914e-01
1.360840000000000146e+03,1.392036704920747991e-01
1.361359999999999900e+03,1.387935499320463451e-01
1.361879999999999882e+03,1.383855946716679164e-01
1.362400000000000091e+03,1.379782896934211300e-01
1.362920000000000073e+03,1.375729762053727323e-01
1.363440000000000055e+03,1.371684839918659304e-01
1.363959999999999809e+03,1.367657892609074888e-01
1.364480000000000018e+03,1.363638992395291016e-01
1.365000000000000000e+03,1.359632943164422736e-01
1.365519999999999982e+03,1.355639319950638633e-01
1.366040000000000191e+03,1.351659463070154776e-01
1.366559999999999945e+03,1.347691101229286648e-01
1.367079999999999927e+03,1.343732143625502584e-01
1.367599999999999909e+03,1.339792874415218771e-01
1.368120000000000118e+03,1.335865456180850286e-01
1.368640000000000100e+03,1.331948970690366718e-01
1.369159999999999854e+03,1.328037295366782111e-01
1.369679999999999836e+03,1.324146071245714262e-01
1.370200000000000045e+03,1.320260401645430015e-01
1.370720000000000027e+03,1.316397300722345898e-01
1.371240000000000009e+03,1.312537846920577844e-01
1.371759999999999764e+03,1.308698127986993864e-01
1.372280000000000200e+03,1.304860142397210043e-01
1.372799999999999955e+03,1.301047775542341634e-01
1.373319999999999936e+03,1.297237514661857549e-01
1.373839999999999918e+03,1.293446233462073602e-01
1.374360000000000127e+03,1.289658590217205580e-01
1.374880000000000109e+03,1.285888158017421123e-01
1.375399999999999864e+03,1.282124229693837325e-01
1.375920000000000073e+03,1.278380209282068969e-01
1.376440000000000055e+03,1.274642698968985188e-01
1.376960000000000036e+03,1.270919573758701182e-01
1.377480000000000018e+03,1.267204861233632573e-01
1.378000000000000000e+03,1.263502585314048854e-01
1.378519999999999982e+03,1.259812929823564687e-01
1.379039999999999964e+03,1.256136874589196262e-01
1.379559999999999945e+03,1.252472486378912453e-01
1.380080000000000155e+03,1.248817491775128519e-01
1.380599999999999909e+03,1.245175710934260244e-01
1.381119999999999891e+03,1.241541615330476189e-01
1.381639999999999873e+03,1.237926057120192630e-01
1.382160000000000082e+03,1.234318152885824221e-01
1.382680000000000064e+03,1.230726705395340098e-01
1.383199999999999818e+03,1.227139676475755836e-01
1.383720000000000255e+03,1.223566447950687891e-01
1.384240000000000009e+03,1.219995155740403736e-01
1.384759999999999991e+03,1.216448713427319556e-01
1.385279999999999973e+03,1.212903994936835733e-01
1.385800000000000182e+03,1.209385296982667807e-01
1.386320000000000164e+03,1.205867941492183432e-01
1.386839999999999918e+03,1.202364775558599358e-01
1.387359999999999900e+03,1.198865237047531257e-01
1.387880000000000109e+03,1.195383161113947323e-01
1.388400000000000091e+03,1.191906241233463282e-01
1.388920000000000073e+03,1.188445200033679400e-01
1.389439999999999827e+03,1.184992572178810849e-01
1.389960000000000036e+03,1.181557556589026697e-01
1.390480000000000018e+03,1.178128859655443034e-01
1.391000000000000000e+03,1.174709750853674406e-01
1.391519999999999982e+03,1.171300601210790576e-01
1.392039999999999964e+03,1.167902196720306679e-01
1.392559999999999945e+03,1.164518514407222316e-01
1.393079999999999927e+03,1.161146497275654388e-01
1.393600000000000136e+03,1.157784438061870147e-01
1.394120000000000118e+03,1.154428133752286173e-01
1.394639999999999873e+03,1.151086580340517918e-01
1.395159999999999854e+03,1.147751367249234128e-01
1.395680000000000064e+03,1.144432402758750189e-01
1.396200000000000045e+03,1.141118032544966160e-01
1.396720000000000027e+03,1.137821650314097544e-01
1.397239999999999782e+03,1.134528345100313390e-01
1.397760000000000218e+03,1.131249596180729650e-01
1.398279999999999973e+03,1.127972384576945430e-01
1.398799999999999955e+03,1.124721022445377694e-01
1.399319999999999936e+03,1.121471013522293281e-01
1.399840000000000146e+03,1.118235162641809249e-01
1.400360000000000127e+03,1.115002941998925468e-01
1.400879999999999882e+03,1.111788150197156877e-01
1.401399999999999864e+03,1.108578718554273368e-01
1.401920000000000073e+03,1.105384827063789072e-01
1.402440000000000055e+03,1.102197816463505037e-01
1.402960000000000036e+03,1.099024964619136902e-01
1.403480000000000018e+03,1.095858426408852920e-01
1.404000000000000000e+03,1.092701282485768616e-01
1.404519999999999982e+03,1.089554089605284382e-01
1.405039999999999964e+03,1.086418014750416411e-01
1.405560000000000173e+03,1.083290560550632387e-01
1.406079999999999927e+03,1.080170032227048132e-01
1.406599999999999909e+03,1.077063080027264447e-01
1.407119999999999891e+03,1.073963396113996327e-01
1.407640000000000100e+03,1.070879021233511752e-01
1.408160000000000082e+03,1.067800397590628336e-01
1.408679999999999836e+03,1.064734243100143862e-01
1.409199999999999818e+03,1.061671550865775776e-01
1.409720000000000027e+03,1.058627024655491855e-01
1.410240000000000009e+03,1.055584986732407554e-01
1.410759999999999991e+03,1.052563048522124067e-01
1.411279999999999745e+03,1.049542455997055646e-01
1.411800000000000182e+03,1.046537381077471129e-01
1.412319999999999936e+03,1.043533843863687222e-01
1.412839999999999918e+03,1.040544319554103370e-01
1.413360000000000127e+03,1.037558811063619274e-01
1.413880000000000109e+03,1.034590325928551047e-01
1.414400000000000091e+03,1.031625863008966970e-01
1.414919999999999845e+03,1.028673095405183008e-01
1.415440000000000055e+03,1.025727401427199287e-01
1.415960000000000036e+03,1.022795502292130898e-01
1.416480000000000018e+03,1.019870886982546659e-01
1.417000000000000000e+03,1.016956449768762760e-01
1.417519999999999982e+03,1.014050421558478632e-01
1.418039999999999964e+03,1.011153199635394517e-01
1.418559999999999945e+03,1.008266124113826601e-01
1.419079999999999927e+03,1.005386906190742363e-01
1.419600000000000136e+03,1.002518604700258498e-01
1.420119999999999891e+03,9.996566320573743725e-02
1.420639999999999873e+03,9.968069121768902141e-02
1.421160000000000082e+03,9.939619583220221655e-02
1.421680000000000064e+03,9.911313991222378550e-02
1.422200000000000045e+03,9.883044801302538762e-02
1.422719999999999800e+03,9.854923315404701123e-02
1.423240000000000236e+03,9.826822996068859672e-02
1.423759999999999991e+03,9.798885264858178679e-02
1.424279999999999973e+03,9.770962875522337665e-02
1.424799999999999955e+03,9.743207103524496870e-02
1.425320000000000164e+03,9.715468570288655903e-02
1.425840000000000146e+03,9.687875745383815740e-02
1.426359999999999900e+03,9.660315386940132587e-02
1.426879999999999882e+03,9.632894964837293572e-02
1.427400000000000091e+03,9.605518521706450652e-02
1.427920000000000073e+03,9.578266739019611342e-02
1.428440000000000055e+03,9.551070389788771098e-02
1.428959999999999809e+03,9.523981438473087813e-02
1.429480000000000018e+03,9.496959496335249939e-02
1.430000000000000000e+03,9.470031543239408600e-02
1.430519999999999982e+03,9.443187781101568257e-02
1.431040000000000191e+03,9.416428411905727880e-02
1.431559999999999945e+03,9.389762829767886454e-02
1.432079999999999927e+03,9.363166351359206163e-02
1.432599999999999909e+03,9.336675175321362818e-02
1.433120000000000118e+03,9.310241506125523092e-02
1.433640000000000100e+03,9.283920883403684599e-02
1.434159999999999854e+03,9.257644431300843246e-02
1.434679999999999836e+03,9.231497952857160849e-02
1.435200000000000045e+03,9.205384094052321275e-02
1.435720000000000027e+03,9.179408317623481695e-02
1.436240000000000009e+03,9.153451832718641212e-02
1.436759999999999764e+03,9.127646696289795636e-02
1.437280000000000200e+03,9.101853111384958228e-02
1.437799999999999955e+03,9.076214685743276556e-02
1.438319999999999936e+03,9.050595416354435818e-02
1.438839999999999918e+03,9.025104369925596171e-02
1.439360000000000127e+03,8.999645835020754492e-02
1.439880000000000109e+03,8.974317935684913983e-02
1.440399999999999864e+03,8.949030193687072809e-02
1.440920000000000073e+03,8.923849614351232751e-02
1.441440000000000055e+03,8.898722703140554691e-02
1.441960000000000036e+03,8.873699539904712774e-02
1.442480000000000018e+03,8.848741367906870492e-02
1.443000000000000000e+03,8.823869357987031148e-02
1.443519999999999982e+03,8.799074035989187803e-02
1.444039999999999964e+03,8.774355616653348178e-02
1.444559999999999945e+03,8.749721325442666453e-02
1.445080000000000155e+03,8.725148316106827451e-02
1.445599999999999909e+03,8.700673007301987227e-02
1.446119999999999891e+03,8.676247570873144022e-02
1.446639999999999873e+03,8.651933255968305425e-02
1.447160000000000082e+03,8.627659268955463479e-02
1.447680000000000064e+03,8.603506094050623887e-02
1.448199999999999818e+03,8.579379958408943352e-02
1.448720000000000255e+03,8.555381943504102027e-02
1.449240000000000009e+03,8.531403137075262155e-02
1.449759999999999991e+03,8.507560378270419277e-02
1.450279999999999973e+03,8.483727229039579598e-02
1.450800000000000182e+03,8.460037839119738390e-02
1.451320000000000164e+03,8.436363767121898838e-02
1.451839999999999918e+03,8.412820077786058170e-02
1.452359999999999900e+03,8.389301203668375617e-02
1.452880000000000109e+03,8.365893427239534663e-02
1.453400000000000091e+03,8.342525802334693763e-02
1.453920000000000073e+03,8.319265895905854358e-02
1.454439999999999827e+03,8.296051867101014721e-02
1.454960000000000036e+03,8.272928080088173819e-02
1.455480000000000018e+03,8.249863535183334096e-02
1.456000000000000000e+03,8.226881328754492850e-02
1.456519999999999982e+03,8.203970024636811353e-02
1.457039999999999964e+03,8.181129958207969399e-02
1.457559999999999945e+03,8.158364423303129942e-02
1.458079999999999927e+03,8.135654486874288605e-02
1.458600000000000136e+03,8.113036481385449417e-02
1.459120000000000118e+03,8.090468434956608890e-02
1.459639999999999873e+03,8.067999950051767122e-02
1.460159999999999854e+03,8.045569923622926389e-02
1.460680000000000064e+03,8.023247344818085214e-02
1.461200000000000045e+03,8.000953669176404104e-02
1.461720000000000027e+03,7.978778667038563532e-02
1.462239999999999782e+03,7.956620864351721112e-02
1.462760000000000218e+03,7.934587455120883925e-02
1.463279999999999973e+03,7.912565553018041653e-02
1.463799999999999955e+03,7.890668503787202914e-02
1.464319999999999936e+03,7.868786781684360132e-02
1.464840000000000146e+03,7.847022122453517490e-02
1.465360000000000127e+03,7.825284209766679433e-02
1.465879999999999882e+03,7.803655460535838251e-02
1.466399999999999864e+03,7.782061129220156637e-02
1.466920000000000073e+03,7.760557279989316326e-02
1.467440000000000055e+03,7.739101227886477363e-02
1.467960000000000036e+03,7.717729421457636407e-02
1.468480000000000018e+03,7.696413155968796771e-02
1.469000000000000000e+03,7.675171729539953525e-02
1.469519999999999982e+03,7.653995587402112610e-02
1.470039999999999964e+03,7.632881018206272294e-02
1.470560000000000173e+03,7.611839126068432881e-02
1.471079999999999927e+03,7.590850916872592113e-02
1.471599999999999909e+03,7.569944944150752697e-02
1.472119999999999891e+03,7.549083035742069903e-02
1.472640000000000100e+03,7.528313259704229321e-02
1.473160000000000082e+03,7.507576260508386223e-02
1.473679999999999836e+03,7.486940888370546832e-02
1.474199999999999818e+03,7.466330449174705952e-02
1.474720000000000027e+03,7.445832956452866358e-02
1.475240000000000009e+03,7.425346967257025199e-02
1.475759999999999991e+03,7.404979845119184778e-02
1.476279999999999745e+03,7.384620418690344967e-02
1.476800000000000182e+03,7.364376333785505047e-02
1.477319999999999936e+03,7.344149497356665390e-02
1.477839999999999918e+03,7.324026101867822658e-02
1.478360000000000127e+03,7.303927485438981015e-02
1.478880000000000109e+03,7.283932291321300323e-02
1.479400000000000091e+03,7.263965864892460433e-02
1.479919999999999845e+03,7.244086029987620301e-02
1.480440000000000055e+03,7.224246463558779696e-02
1.480960000000000036e+03,7.204485608069939595e-02
1.481480000000000018e+03,7.184778285541100484e-02
1.482000000000000000e+03,7.165138003403254130e-02
1.482519999999999982e+03,7.145557134207415617e-02
1.483039999999999964e+03,7.126031952069575293e-02
1.483559999999999945e+03,7.106575792289733517e-02
1.484079999999999927e+03,7.087165762953895332e-02
1.484600000000000136e+03,7.067838160956053939e-02
1.485119999999999891e+03,7.048548961620212938e-02
1.485639999999999873e+03,7.029342239622371480e-02
1.486160000000000082e+03,7.010164329702529840e-02
1.486680000000000064e+03,6.991082157704689437e-02
1.487200000000000045e+03,6.972019138368851232e-02
1.487719999999999800e+03,6.953059849925168068e-02
1.488240000000000236e+03,6.934112227822328278e-02
1.488759999999999991e+03,6.915277498591489158e-02
1.489279999999999973e+03,6.896452375904646437e-02
1.489799999999999955e+03,6.877730836673806580e-02
1.490320000000000164e+03,6.859022714570965629e-02
1.490840000000000146e+03,6.840412555340125156e-02
1.491359999999999900e+03,6.821825313237284139e-02
1.491879999999999882e+03,6.803330063422444174e-02
1.492400000000000091e+03,6.784863504086603714e-02
1.492920000000000073e+03,6.766472134890762213e-02
1.493440000000000055e+03,6.748124742752922844e-02
1.493959999999999809e+03,6.729848227457081722e-02
1.494480000000000018e+03,6.711619614735239714e-02
1.495000000000000000e+03,6.693448645539400166e-02
1.495519999999999982e+03,6.675335173401560074e-02
1.496040000000000191e+03,6.657275534205718548e-02
1.496559999999999945e+03,6.639279081483878686e-02
1.497079999999999927e+03,6.621322835055039324e-02
1.497599999999999909e+03,6.603441470150198112e-02
1.498120000000000118e+03,6.585598713721357855e-02
1.498640000000000100e+03,6.567828678816514665e-02
1.499159999999999854e+03,6.550083591803673722e-02
1.499679999999999836e+03,6.532428606898833812e-02
1.500200000000000045e+03,6.514794840469995130e-02
1.500720000000000027e+03,6.497255015034154868e-02
1.501240000000000009e+03,6.479724883036314109e-02
1.501759999999999764e+03,6.462298153116473320e-02
1.502280000000000200e+03,6.444879051118630742e-02
1.502799999999999955e+03,6.427559971782789705e-02
1.503319999999999936e+03,6.410252449784950568e-02
1.503839999999999918e+03,6.393033031236267094e-02
1.504360000000000127e+03,6.375834688654428983e-02
1.504880000000000109e+03,6.358714849318587714e-02
1.505399999999999864e+03,6.341623810087747282e-02
1.505920000000000073e+03,6.324609821884906447e-02
1.506440000000000055e+03,6.307630274872065568e-02
1.506960000000000036e+03,6.290715852874224912e-02
1.507480000000000018e+03,6.273845513538385543e-02
1.508000000000000000e+03,6.257029051540542730e-02
1.508519999999999982e+03,6.240266272204701009e-02
1.509039999999999964e+03,6.223549642389861886e-02
1.509559999999999945e+03,6.206894370287020790e-02
1.510080000000000155e+03,6.190277604956179180e-02
1.510599999999999909e+03,6.173729692853340695e-02
1.511119999999999891e+03,6.157214413038498285e-02
1.511639999999999873e+03,6.140768180935657350e-02
1.512160000000000082e+03,6.124346984506819080e-02
1.512680000000000064e+03,6.108008312368976012e-02
1.513199999999999818e+03,6.091686942589135539e-02
1.513720000000000255e+03,6.075449850451295625e-02
1.514240000000000009e+03,6.059222365155454704e-02
1.514759999999999991e+03,6.043092933017615159e-02
1.515279999999999973e+03,6.026971293821776349e-02
1.515800000000000182e+03,6.010933901099933807e-02
1.516320000000000164e+03,5.994908014671093688e-02
1.516839999999999918e+03,5.978970232673253005e-02
1.517359999999999900e+03,5.963051657237412179e-02
1.517880000000000109e+03,5.947202497457571013e-02
1.518400000000000091e+03,5.931380165319732195e-02
1.518920000000000073e+03,5.915626798890890464e-02
1.519439999999999827e+03,5.899906003198888971e-02
1.519960000000000036e+03,5.884246786186049516e-02
1.520480000000000018e+03,5.868629621281207936e-02
1.521000000000000000e+03,5.853064238752367365e-02
1.521519999999999982e+03,5.837541013847527549e-02
1.522039999999999964e+03,5.822060176834686213e-02
1.522559999999999945e+03,5.806638787498844684e-02
1.523079999999999927e+03,5.791257805501006523e-02
1.523600000000000136e+03,5.775932472972165194e-02
1.524120000000000118e+03,5.760636037483321537e-02
1.524639999999999873e+03,5.745408561054482499e-02
1.525159999999999854e+03,5.730205956149643509e-02
1.525680000000000064e+03,5.715072469720801351e-02
1.526200000000000045e+03,5.699954469800961460e-02
1.526720000000000027e+03,5.684920901703121449e-02
1.527239999999999782e+03,5.669896982367279153e-02
1.527760000000000218e+03,5.654955440369439229e-02
1.528279999999999973e+03,5.640021550449599713e-02
1.528799999999999955e+03,5.625170281218756785e-02
1.529319999999999936e+03,5.610330523015917559e-02
1.529840000000000146e+03,5.595563843785077845e-02
1.530360000000000127e+03,5.580816324005237472e-02
1.530879999999999882e+03,5.566139714669394306e-02
1.531399999999999864e+03,5.551486075438553935e-02
1.531920000000000073e+03,5.536892097235714821e-02
1.532440000000000055e+03,5.522332607420873951e-02
1.532960000000000036e+03,5.507828945318032909e-02
1.533480000000000018e+03,5.493359716087192063e-02
1.534000000000000000e+03,5.478934613984350749e-02
1.534519999999999982e+03,5.464555520871510613e-02
1.535039999999999964e+03,5.450220688733670854e-02
1.535560000000000173e+03,5.435931958750670617e-02
1.536079999999999927e+03,5.421674079519830242e-02
1.536599999999999909e+03,5.407477480732990338e-02
1.537119999999999891e+03,5.393309571502150068e-02
1.537640000000000100e+03,5.379201272166306974e-02
1.538160000000000082e+03,5.365112222970467443e-02
1.538679999999999836e+03,5.351094050248626777e-02
1.539199999999999818e+03,5.337089294952786223e-02
1.539720000000000027e+03,5.323155852814946687e-02
1.540240000000000009e+03,5.309230215802106245e-02
1.540759999999999991e+03,5.295386693804264577e-02
1.541279999999999745e+03,5.281550868368424523e-02
1.541800000000000182e+03,5.267786359172582644e-02
1.542319999999999936e+03,5.254035326450741394e-02
1.542839999999999918e+03,5.240351390021900230e-02
1.543360000000000127e+03,5.226684689017062346e-02
1.543880000000000109e+03,5.213085042588220391e-02
1.544400000000000091e+03,5.199506557099380089e-02
1.544919999999999845e+03,5.185980299883381078e-02
1.545440000000000055e+03,5.172484647354540221e-02
1.545960000000000036e+03,5.159042712449697643e-02
1.546480000000000018e+03,5.145633265436858061e-02
1.547000000000000000e+03,5.132264160532016423e-02
1.547519999999999982e+03,5.118935378003176828e-02
1.548039999999999964e+03,5.105645048083336246e-02
1.548559999999999945e+03,5.092402756085494947e-02
1.549079999999999927e+03,5.079191326749653290e-02
1.549600000000000136e+03,5.066031568651813144e-02
1.550119999999999891e+03,5.052892981638973380e-02
1.550639999999999873e+03,5.039815799501132232e-02
1.551160000000000082e+03,5.026756010305292316e-02
1.551680000000000064e+03,5.013759414285451355e-02
1.552200000000000045e+03,5.000774421500452094e-02
1.552719999999999800e+03,4.987856622164611731e-02
1.553240000000000236e+03,4.974944706833769881e-02
1.553759999999999991e+03,4.962109644146929510e-02
1.554279999999999973e+03,4.949282267718089351e-02
1.554799999999999955e+03,4.936518165720248791e-02
1.555320000000000164e+03,4.923765539700408062e-02
1.555840000000000146e+03,4.911078390469567068e-02
1.556359999999999900e+03,4.898410388366725848e-02
1.556879999999999882e+03,4.885797983035884695e-02
1.557400000000000091e+03,4.873206640349044688e-02
1.557920000000000073e+03,4.860661633920203978e-02
1.558440000000000055e+03,4.848147293902203836e-02
1.558959999999999809e+03,4.835677285115363294e-02
1.559480000000000018e+03,4.823239835884522014e-02
1.560000000000000000e+03,4.810842646548681156e-02
1.560519999999999982e+03,4.798485680668841680e-02
1.561040000000000191e+03,4.786163278531000570e-02
1.561559999999999945e+03,4.773881189335159314e-02
1.562079999999999927e+03,4.761626144004318939e-02
1.562599999999999909e+03,4.749419154084478373e-02
1.563120000000000118e+03,4.737233364888638470e-02
1.563640000000000100e+03,4.725103166650799352e-02
1.564159999999999854e+03,4.712990276083798419e-02
1.564679999999999836e+03,4.700935013945956725e-02
1.565200000000000045e+03,4.688891371417116399e-02
1.565720000000000027e+03,4.676909048835276722e-02
1.566240000000000009e+03,4.664934409499435497e-02
1.566759999999999764e+03,4.653025160303594226e-02
1.567280000000000200e+03,4.641123652065753946e-02
1.567799999999999955e+03,4.629283525052913656e-02
1.568319999999999936e+03,4.617454840148072642e-02
1.568839999999999918e+03,4.605683967619231961e-02
1.569360000000000127e+03,4.593928439819232323e-02
1.569880000000000109e+03,4.582226614914391288e-02
1.570399999999999864e+03,4.570542042385550285e-02
1.570920000000000073e+03,4.558903756896710152e-02
1.571440000000000055e+03,4.547290400467868948e-02
1.571960000000000036e+03,4.535719215032028157e-02
1.572480000000000018e+03,4.524178783034188411e-02
1.573000000000000000e+03,4.512676916021347157e-02
1.573519999999999982e+03,4.501207557783507007e-02
1.574039999999999964e+03,4.489768967800507327e-02
1.574559999999999945e+03,4.478370741780666325e-02
1.575080000000000155e+03,4.466999539782825351e-02
1.575599999999999909e+03,4.455672373353984639e-02
1.576119999999999891e+03,4.444362554532144821e-02
1.576639999999999873e+03,4.433104595336304077e-02
1.577160000000000082e+03,4.421858346000463735e-02
1.577680000000000064e+03,4.410667597318622402e-02
1.578199999999999818e+03,4.399484637195622688e-02
1.578720000000000255e+03,4.388366957964782294e-02
1.579240000000000009e+03,4.377253262084940949e-02
1.579759999999999991e+03,4.366202832749100510e-02
1.580279999999999973e+03,4.355156223518259762e-02
1.580800000000000182e+03,4.344163604731419992e-02
1.581320000000000164e+03,4.333180525500578834e-02
1.581839999999999918e+03,4.322251230204737088e-02
1.582359999999999900e+03,4.311337279497736569e-02
1.582880000000000109e+03,4.300469600266898507e-02
1.583400000000000091e+03,4.289622982064057038e-02
1.583920000000000073e+03,4.278820492833215750e-02
1.584439999999999827e+03,4.268041085820376002e-02
1.584960000000000036e+03,4.257302177617534877e-02
1.585480000000000018e+03,4.246588198386694324e-02
1.586000000000000000e+03,4.235906858812694270e-02
1.586519999999999982e+03,4.225256162383853736e-02
1.587039999999999964e+03,4.214630490246012301e-02
1.587559999999999945e+03,4.204045144366171799e-02
1.588079999999999927e+03,4.193484915135332197e-02
1.588600000000000136e+03,4.182966809699491251e-02
1.589120000000000118e+03,4.172468009919650528e-02
1.589639999999999873e+03,4.162011476994650211e-02
1.590159999999999854e+03,4.151564744465809087e-02
1.590680000000000064e+03,4.141173551883968462e-02
1.591200000000000045e+03,4.130792006448128634e-02
1.591720000000000027e+03,4.120462427252288146e-02
1.592239999999999782e+03,4.110138684530446895e-02
1.592760000000000218e+03,4.099872442001605694e-02
1.593279999999999973e+03,4.089610119216606499e-02
1.593799999999999955e+03,4.079401483196765793e-02
1.594319999999999936e+03,4.069200526767924320e-02
1.594840000000000146e+03,4.059049721863084575e-02
1.595360000000000127e+03,4.048912358750243051e-02
1.595879999999999882e+03,4.038821019554403313e-02
1.596399999999999864e+03,4.028745061316563181e-02
1.596920000000000073e+03,4.018709683516563658e-02
1.597440000000000055e+03,4.008695338611721615e-02
1.597960000000000036e+03,3.998713685498881537e-02
1.598480000000000018e+03,3.988756999070040138e-02
1.599000000000000000e+03,3.978833178065200454e-02
1.599519999999999982e+03,3.968939881052359342e-02
1.600039999999999964e+03,3.959073374829358977e-02
1.600560000000000173e+03,3.949239672831518499e-02
1.601079999999999927e+03,3.939425485818677519e-02
1.601599999999999909e+03,3.929651397580837674e-02
1.602119999999999891e+03,3.919894498384997317e-02
1.602640000000000100e+03,3.910179982365156320e-02
1.603160000000000082e+03,3.900475159580155810e-02
1.603679999999999836e+03,3.890816577051315478e-02
1.604199999999999818e+03,3.881165834329474568e-02
1.604720000000000027e+03,3.871568719033634254e-02
1.605240000000000009e+03,3.861975469697792596e-02
1.605759999999999991e+03,3.852430229882953389e-02
1.606279999999999745e+03,3.842890723799952807e-02
1.606800000000000182e+03,3.833401164464112637e-02
1.607319999999999936e+03,3.823923078549271160e-02
1.607839999999999918e+03,3.814487496446430925e-02
1.608360000000000127e+03,3.805065341115589778e-02
1.608880000000000109e+03,3.795681891335749708e-02
1.609400000000000091e+03,3.786315585112749044e-02
1.609919999999999845e+03,3.776985615297909216e-02
1.610440000000000055e+03,3.767676743195067651e-02
1.610960000000000036e+03,3.758398840666227203e-02
1.611480000000000018e+03,3.749144060851387211e-02
1.612000000000000000e+03,3.739914402648546188e-02
1.612519999999999982e+03,3.730717272630546671e-02
1.613039999999999964e+03,3.721544929517706102e-02
1.613559999999999945e+03,3.712401517414865709e-02
1.614079999999999927e+03,3.703277462084024474e-02
1.614600000000000136e+03,3.694190002164184083e-02
1.615119999999999891e+03,3.685118026081184162e-02
1.615639999999999873e+03,3.676082386266343177e-02
1.616160000000000082e+03,3.667058150830502378e-02
1.616680000000000064e+03,3.658078241634661609e-02
1.617200000000000045e+03,3.649106132812821729e-02
1.617719999999999800e+03,3.640178343616980172e-02
1.618240000000000236e+03,3.631254537498980473e-02
1.618759999999999991e+03,3.622382247579140208e-02
1.619279999999999973e+03,3.613513818383300158e-02
1.619799999999999955e+03,3.604689770145458327e-02
1.620320000000000164e+03,3.595873423132618651e-02
1.620840000000000146e+03,3.587095777049618961e-02
1.621359999999999900e+03,3.578329584327778062e-02
1.621879999999999882e+03,3.569599731798936415e-02
1.622400000000000091e+03,3.560887109801096767e-02
1.622920000000000073e+03,3.552209333781256029e-02
1.623440000000000055e+03,3.543550706565256475e-02
1.623959999999999809e+03,3.534920915560414711e-02
1.624480000000000018e+03,3.526310388547574531e-02
1.625000000000000000e+03,3.517723176018733994e-02
1.625519999999999982e+03,3.509164660529892621e-02
1.626040000000000191e+03,3.500629277213893054e-02
1.626559999999999945e+03,3.492124540785052078e-02
1.627079999999999927e+03,3.483637149196212174e-02
1.627599999999999909e+03,3.475182372767371408e-02
1.628120000000000118e+03,3.466742974529529731e-02
1.628640000000000100e+03,3.458334503962529755e-02
1.629159999999999854e+03,3.449937631433690199e-02
1.629679999999999836e+03,3.441579158711848690e-02
1.630200000000000045e+03,3.433228423416009173e-02
1.630720000000000027e+03,3.424921816987167716e-02
1.631240000000000009e+03,3.416619094611167418e-02
1.631759999999999764e+03,3.408364562082327048e-02
1.632280000000000200e+03,3.400112032746486351e-02
1.632799999999999955e+03,3.391897914064646857e-02
1.633319999999999936e+03,3.383691477635805689e-02
1.633839999999999918e+03,3.375525420828805190e-02
1.634360000000000127e+03,3.367368888830964829e-02
1.634880000000000109e+03,3.359245136302124041e-02
1.635399999999999864e+03,3.351136663580283476e-02
1.635920000000000073e+03,3.343058957497283684e-02
1.636440000000000055e+03,3.334998587577443080e-02
1.636960000000000036e+03,3.326963442246601288e-02
1.637480000000000018e+03,3.318949403050761027e-02
1.638000000000000000e+03,3.310956537030921437e-02
1.638519999999999982e+03,3.302990607012921270e-02
1.639039999999999964e+03,3.295045981717080463e-02
1.639559999999999945e+03,3.287126241797239112e-02
1.640080000000000155e+03,3.279223636466398195e-02
1.640599999999999909e+03,3.271350037679558037e-02
1.641119999999999891e+03,3.263490010463558633e-02
1.641639999999999873e+03,3.255660685132718418e-02
1.642160000000000082e+03,3.247842922445876718e-02
1.642680000000000064e+03,3.240063557115035325e-02
1.643199999999999818e+03,3.232293859315035767e-02
1.643720000000000255e+03,3.224557011112196697e-02
1.644240000000000009e+03,3.216822121881354746e-02
1.644759999999999991e+03,3.209135295861513526e-02
1.645279999999999973e+03,3.201452289778514843e-02
1.645800000000000182e+03,3.193801999963673949e-02
1.646320000000000164e+03,3.186159394527833533e-02
1.646839999999999918e+03,3.178551365331992729e-02
1.647359999999999900e+03,3.170952949417153027e-02
1.647880000000000109e+03,3.163387249294152825e-02
1.648400000000000091e+03,3.155835023414312740e-02
1.648920000000000073e+03,3.148309924183469860e-02
1.649439999999999827e+03,3.140804028747630483e-02
1.649960000000000036e+03,3.133323132080630125e-02
1.650480000000000018e+03,3.125857589942789005e-02
1.651000000000000000e+03,3.118413276829947942e-02
1.651519999999999982e+03,3.110991967634106972e-02
1.652039999999999964e+03,3.103589918609108225e-02
1.652559999999999945e+03,3.096212801596267411e-02
1.653079999999999927e+03,3.088853066300426345e-02
1.653600000000000136e+03,3.081518417478586180e-02
1.654120000000000118e+03,3.074195430262586723e-02
1.654639999999999873e+03,3.066905102164745392e-02
1.655159999999999854e+03,3.059622522244904302e-02
1.655680000000000064e+03,3.052374519716063994e-02
1.656200000000000045e+03,3.045128487340064208e-02
1.656720000000000027e+03,3.037918930911222976e-02
1.657239999999999782e+03,3.030713248382382874e-02
1.657760000000000218e+03,3.023546012893542703e-02
1.658279999999999973e+03,3.016384560364700901e-02
1.658799999999999955e+03,3.009261772564700982e-02
1.659319999999999936e+03,3.002144741559861080e-02
1.659840000000000146e+03,2.995052549031020084e-02
1.660360000000000127e+03,2.987969962018179743e-02
1.660879999999999882e+03,2.980920342993180136e-02
1.661399999999999864e+03,2.973884093213338686e-02
1.661920000000000073e+03,2.966871010684498516e-02
1.662440000000000055e+03,2.959873261862658311e-02
1.662960000000000036e+03,2.952896721879657085e-02
1.663480000000000018e+03,2.945939426443816914e-02
1.664000000000000000e+03,2.938999726628977252e-02
1.664519999999999982e+03,2.932084810545977291e-02
1.665039999999999964e+03,2.925188994526136538e-02
1.665560000000000173e+03,2.918310655295295458e-02
1.666079999999999927e+03,2.911445939999455362e-02
1.666599999999999909e+03,2.904607929292454815e-02
1.667119999999999891e+03,2.897779503961613740e-02
1.667640000000000100e+03,2.890983908081773759e-02
1.668160000000000082e+03,2.884197998745932634e-02
1.668679999999999836e+03,2.877439052043932743e-02
1.669199999999999818e+03,2.870684006748092099e-02
1.669720000000000027e+03,2.863965647412251153e-02
1.670240000000000009e+03,2.857249261497410778e-02
1.670759999999999991e+03,2.850563481514411038e-02
1.671279999999999745e+03,2.843881525494569920e-02
1.671800000000000182e+03,2.837236100163728972e-02
1.672319999999999936e+03,2.830598360967889054e-02
1.672839999999999918e+03,2.823985924160888825e-02
1.673360000000000127e+03,2.817383118830048272e-02
1.673880000000000109e+03,2.810809168910208267e-02
1.674400000000000091e+03,2.804246632827208166e-02
1.674919999999999845e+03,2.797707063012366477e-02
1.675440000000000055e+03,2.791181007576526082e-02
1.675960000000000036e+03,2.784674402280686023e-02
1.676480000000000018e+03,2.778185101678684946e-02
1.677000000000000000e+03,2.771715086242844406e-02
1.677519999999999982e+03,2.765264280363003910e-02
1.678039999999999964e+03,2.758825021132164587e-02
1.678559999999999945e+03,2.752410914325163424e-02
1.679079999999999927e+03,2.746010409029322683e-02
1.679600000000000136e+03,2.739630959798482202e-02
1.680119999999999891e+03,2.733261032991481446e-02
1.680639999999999873e+03,2.726921843795641898e-02
1.681160000000000082e+03,2.720588447880801369e-02
1.681680000000000064e+03,2.714284092444959121e-02
1.682200000000000045e+03,2.707981811877959930e-02
1.682719999999999800e+03,2.701710276547119108e-02
1.683240000000000236e+03,2.695442620527279190e-02
1.683759999999999991e+03,2.689209334098438889e-02
1.684279999999999973e+03,2.682979875213438448e-02
1.684799999999999955e+03,2.676779619193597054e-02
1.685320000000000164e+03,2.670585032764756853e-02
1.685840000000000146e+03,2.664415593295757501e-02
1.686359999999999900e+03,2.658253827859916735e-02
1.686879999999999882e+03,2.652117100847075845e-02
1.687400000000000091e+03,2.645991872749235696e-02
1.687920000000000073e+03,2.639889776526235451e-02
1.688440000000000055e+03,2.633801149513395612e-02
1.688959999999999809e+03,2.627726031415554206e-02
1.689480000000000018e+03,2.621670134608554067e-02
1.690000000000000000e+03,2.615631608179713394e-02
1.690519999999999982e+03,2.609608572264873402e-02
1.691040000000000191e+03,2.603599203274873167e-02
1.691559999999999945e+03,2.597610896262032842e-02
1.692079999999999927e+03,2.591635898024191587e-02
1.692599999999999909e+03,2.585682062728350897e-02
1.693120000000000118e+03,2.579734074928351217e-02
1.693640000000000100e+03,2.573815119492509768e-02
1.694159999999999854e+03,2.567903910810669099e-02
1.694679999999999836e+03,2.562017583594669232e-02
1.695200000000000045e+03,2.556131257574828508e-02
1.695720000000000027e+03,2.550283319476988678e-02
1.696240000000000009e+03,2.544435442464147365e-02
1.696759999999999764e+03,2.538614806241147256e-02
1.697280000000000200e+03,2.532796070910306799e-02
1.697799999999999955e+03,2.527000565030466592e-02
1.698319999999999936e+03,2.521212694907466398e-02
1.698839999999999918e+03,2.515455338992625758e-02
1.699360000000000127e+03,2.509703803696784752e-02
1.699880000000000109e+03,2.503971882989784736e-02
1.700399999999999864e+03,2.498251407658944045e-02
1.700920000000000073e+03,2.492552151779103831e-02
1.701440000000000055e+03,2.486864392443262697e-02
1.701960000000000036e+03,2.481195696325263003e-02
1.702480000000000018e+03,2.475540573212422699e-02
1.703000000000000000e+03,2.469899151109582192e-02
1.703519999999999982e+03,2.464275044407581924e-02
1.704039999999999964e+03,2.458664441878740878e-02
1.704559999999999945e+03,2.453071185998900727e-02
1.705080000000000155e+03,2.447487625875900685e-02
1.705599999999999909e+03,2.441926939961060541e-02
1.706119999999999891e+03,2.436373884665219564e-02
1.706639999999999873e+03,2.430844163958219284e-02
1.707160000000000082e+03,2.425318348627378273e-02
1.707680000000000064e+03,2.419819535514538059e-02
1.708199999999999818e+03,2.414326496524537777e-02
1.708720000000000255e+03,2.408856567293697626e-02
1.709240000000000009e+03,2.403390574180856720e-02
1.709759999999999991e+03,2.397953415978016159e-02
1.710279999999999973e+03,2.392520095376016176e-02
1.710800000000000182e+03,2.387109682847175438e-02
1.711320000000000164e+03,2.381705054060334614e-02
1.711839999999999918e+03,2.376321937942334900e-02
1.712359999999999900e+03,2.370946510929494364e-02
1.712880000000000109e+03,2.365588465493654105e-02
1.713400000000000091e+03,2.360243858826653954e-02
1.713920000000000073e+03,2.354916669595812778e-02
1.714439999999999827e+03,2.349602813575972157e-02
1.714960000000000036e+03,2.344304287492972316e-02
1.715480000000000018e+03,2.339017362162131367e-02
1.716000000000000000e+03,2.333746072242291053e-02
1.716519999999999982e+03,2.328492078926291259e-02
1.717039999999999964e+03,2.323249690244449939e-02
1.717559999999999945e+03,2.318022724808609450e-02
1.718079999999999927e+03,2.312803517008609616e-02
1.718600000000000136e+03,2.307607208910768953e-02
1.719120000000000118e+03,2.302418552890928352e-02
1.719639999999999873e+03,2.297247489574927651e-02
1.720159999999999854e+03,2.292080339795087712e-02
1.720680000000000064e+03,2.286940171557247034e-02
1.721200000000000045e+03,2.281805807657246929e-02
1.721720000000000027e+03,2.276696255128406524e-02
1.722239999999999782e+03,2.271586702546565806e-02
1.722760000000000218e+03,2.266498616323565918e-02
1.723279999999999973e+03,2.261414443794725060e-02
1.723799999999999955e+03,2.256358875112884563e-02
1.724319999999999936e+03,2.251307174989884002e-02
1.724840000000000146e+03,2.246271261877043346e-02
1.725360000000000127e+03,2.241244886546203338e-02
1.725879999999999882e+03,2.236241446972203617e-02
1.726399999999999864e+03,2.231245680543363086e-02
1.726920000000000073e+03,2.226263497430521973e-02
1.727440000000000055e+03,2.221291005638522179e-02
1.727960000000000036e+03,2.216336112525681135e-02
1.728480000000000018e+03,2.211392616096840430e-02
1.729000000000000000e+03,2.206464466487840365e-02
1.729519999999999982e+03,2.201549771192000404e-02
1.730039999999999964e+03,2.196646698079159424e-02
1.730560000000000173e+03,2.191757085154159845e-02
1.731079999999999927e+03,2.186875269274318745e-02
1.731599999999999909e+03,2.182012696745478167e-02
1.732119999999999891e+03,2.177155969938478208e-02
1.732640000000000100e+03,2.172322340707636898e-02
1.733160000000000082e+03,2.167492644827797091e-02
1.733679999999999836e+03,2.162687931511797501e-02
1.734199999999999818e+03,2.157883312689956937e-02
1.734720000000000027e+03,2.153101803494115660e-02
1.735240000000000009e+03,2.148320360178116242e-02
1.735759999999999991e+03,2.143560121356274939e-02
1.736279999999999745e+03,2.138803798827433947e-02
1.736800000000000182e+03,2.134074182160434346e-02
1.737319999999999936e+03,2.129350322824593439e-02
1.737839999999999918e+03,2.124642206909753417e-02
1.738360000000000127e+03,2.119939870826753267e-02
1.738880000000000109e+03,2.115252764806912350e-02
1.739400000000000091e+03,2.110575354788912089e-02
1.739919999999999845e+03,2.105915541676071576e-02
1.740440000000000055e+03,2.101263356380231317e-02
1.740960000000000036e+03,2.096624559573231211e-02
1.741480000000000018e+03,2.091999214242390784e-02
1.742000000000000000e+03,2.087385534462550193e-02
1.742519999999999982e+03,2.082789098239550343e-02
1.743039999999999964e+03,2.078202412324709619e-02
1.743559999999999945e+03,2.073625369795868700e-02
1.744079999999999927e+03,2.069056130221868378e-02
1.744600000000000136e+03,2.064504210991027419e-02
1.745119999999999891e+03,2.059960047878186748e-02
1.745639999999999873e+03,2.055437038888187698e-02
1.746160000000000082e+03,2.050919915775346880e-02
1.746680000000000064e+03,2.046416309657346846e-02
1.747200000000000045e+03,2.041914662644505815e-02
1.747719999999999800e+03,2.037437884441665320e-02
1.748240000000000236e+03,2.032964897739664850e-02
1.748759999999999991e+03,2.028515315210824635e-02
1.749279999999999973e+03,2.024067699190983810e-02
1.749799999999999955e+03,2.019635359207984024e-02
1.750320000000000164e+03,2.015206843293143243e-02
1.750840000000000146e+03,2.010799577857302553e-02
1.751359999999999900e+03,2.006398161190302981e-02
1.751879999999999882e+03,2.002014315859461727e-02
1.752400000000000091e+03,1.997636218059462010e-02
1.752920000000000073e+03,1.993271222623621552e-02
1.753440000000000055e+03,1.988914026743780761e-02
1.753959999999999809e+03,1.984570600625780792e-02
1.754480000000000018e+03,1.980242554605939759e-02
1.755000000000000000e+03,1.975924198177099467e-02
1.755519999999999982e+03,1.971617418708099603e-02
1.756040000000000191e+03,1.967316553272259114e-02
1.756559999999999945e+03,1.963032840159418049e-02
1.757079999999999927e+03,1.958756761274418196e-02
1.757599999999999909e+03,1.954498075254577569e-02
1.758120000000000118e+03,1.950245168038577601e-02
1.758640000000000100e+03,1.946003924925736664e-02
1.759159999999999854e+03,1.941766586827895977e-02
1.759679999999999836e+03,1.937552340020896186e-02
1.760200000000000045e+03,1.933340087492055326e-02
1.760720000000000027e+03,1.929149101577214837e-02
1.761240000000000009e+03,1.924960018687214836e-02
1.761759999999999764e+03,1.920786475574374347e-02
1.762280000000000200e+03,1.916614842258374321e-02
1.762799999999999955e+03,1.912466173576533521e-02
1.763319999999999936e+03,1.908321318140693279e-02
1.763839999999999918e+03,1.904190254240693478e-02
1.764360000000000127e+03,1.900064895009852609e-02
1.764880000000000109e+03,1.895958796223011847e-02
1.765399999999999864e+03,1.891860392907011856e-02
1.765920000000000073e+03,1.887769829794171128e-02
1.766440000000000055e+03,1.883688860769170900e-02
1.766960000000000036e+03,1.879619454889330452e-02
1.767480000000000018e+03,1.875561598460489740e-02
1.768000000000000000e+03,1.871515374560489553e-02
1.768519999999999982e+03,1.867480683555649418e-02
1.769039999999999964e+03,1.863453809655649107e-02
1.769559999999999945e+03,1.859436517126808464e-02
1.770080000000000155e+03,1.855426968304968102e-02
1.770599999999999909e+03,1.851436718321967934e-02
1.771119999999999891e+03,1.847452255209127564e-02
1.771639999999999873e+03,1.843481302680287370e-02
1.772160000000000082e+03,1.839512323071287175e-02
1.772680000000000064e+03,1.835558757775446193e-02
1.773199999999999818e+03,1.831605313875446506e-02
1.773720000000000255e+03,1.827678685637605313e-02
1.774240000000000009e+03,1.823754078624765032e-02
1.774759999999999991e+03,1.819843001957765008e-02
1.775279999999999973e+03,1.815935776521923964e-02
1.775800000000000182e+03,1.812047869819924037e-02
1.776320000000000164e+03,1.808161854524083581e-02
1.776839999999999918e+03,1.804287561411243093e-02
1.777359999999999900e+03,1.800420902386242611e-02
1.777880000000000109e+03,1.796569725373402260e-02
1.778400000000000091e+03,1.792724279290402317e-02
1.778920000000000073e+03,1.788894313270561476e-02
1.779439999999999827e+03,1.785070117939721243e-02
1.779960000000000036e+03,1.781255644039721198e-02
1.780480000000000018e+03,1.777446928743880647e-02
1.781000000000000000e+03,1.773647981936880141e-02
1.781519999999999982e+03,1.769866256606039689e-02
1.782039999999999964e+03,1.766092279593198949e-02
1.782559999999999945e+03,1.762326040603198751e-02
1.783079999999999927e+03,1.758563724688358421e-02
1.783600000000000136e+03,1.754822571372358433e-02
1.784120000000000118e+03,1.751087198259517266e-02
1.784639999999999873e+03,1.747359650056676955e-02
1.785159999999999854e+03,1.743634033354676816e-02
1.785680000000000064e+03,1.739933430825836569e-02
1.786200000000000045e+03,1.736234797351836334e-02
1.786720000000000027e+03,1.732545864238995564e-02
1.787239999999999782e+03,1.728858878908154720e-02
1.787760000000000218e+03,1.725191165008154934e-02
1.788279999999999973e+03,1.721527296805314480e-02
1.788799999999999955e+03,1.717880840103314447e-02
1.789319999999999936e+03,1.714238187574474229e-02
1.789840000000000146e+03,1.710603381554633151e-02
1.790360000000000127e+03,1.706974301571633282e-02
1.790879999999999882e+03,1.703366435656792494e-02
1.791399999999999864e+03,1.699760482340792467e-02
1.791920000000000073e+03,1.696162366320952061e-02
1.792440000000000055e+03,1.692573841025110659e-02
1.792960000000000036e+03,1.688996944323111274e-02
1.793480000000000018e+03,1.685427768887270625e-02
1.794000000000000000e+03,1.681866304987270425e-02
1.794519999999999982e+03,1.678314516889430064e-02
1.795039999999999964e+03,1.674768582989429738e-02
1.795560000000000173e+03,1.671238013069589051e-02
1.796079999999999927e+03,1.667713270540748666e-02
1.796599999999999909e+03,1.664202011071748769e-02
1.797119999999999891e+03,1.660692748542908284e-02
1.797640000000000100e+03,1.657198881735908597e-02
1.798160000000000082e+03,1.653705099207067666e-02
1.798679999999999836e+03,1.650226750525226466e-02
1.799199999999999818e+03,1.646750314302226903e-02
1.799720000000000027e+03,1.643295091189386423e-02
1.800240000000000009e+03,1.639839917873386552e-02
1.800759999999999991e+03,1.636394435291545560e-02
1.801279999999999745e+03,1.632952769855704894e-02
1.801800000000000182e+03,1.629528515955704776e-02
1.802319999999999936e+03,1.626108110624863851e-02
1.802839999999999918e+03,1.622701241050863996e-02
1.803360000000000127e+03,1.619298237938023369e-02
1.803880000000000109e+03,1.615904884622023849e-02
1.804400000000000091e+03,1.612519265940183175e-02
1.804919999999999845e+03,1.609143340504342462e-02
1.805440000000000055e+03,1.605777036604342373e-02
1.805960000000000036e+03,1.602422324075502072e-02
1.806480000000000018e+03,1.599071490706501647e-02
1.807000000000000000e+03,1.595726475270661110e-02
1.807519999999999982e+03,1.592393091370660971e-02
1.808039999999999964e+03,1.589063558841820670e-02
1.808559999999999945e+03,1.585749407252979443e-02
1.809079999999999927e+03,1.582443013352979877e-02
1.809600000000000136e+03,1.579142480824138883e-02
1.810119999999999891e+03,1.575845786924138722e-02
1.810639999999999873e+03,1.572566455919298389e-02
1.811160000000000082e+03,1.569290972019297611e-02
1.811680000000000064e+03,1.566025219490457462e-02
1.812200000000000045e+03,1.562759473575616939e-02
1.812719999999999800e+03,1.559511114585616920e-02
1.813240000000000236e+03,1.556262757572776309e-02
1.813759999999999991e+03,1.553035564256776725e-02
1.814279999999999973e+03,1.549808415434936019e-02
1.814799999999999955e+03,1.546590978767935914e-02
1.815320000000000164e+03,1.543377396239094951e-02
1.815840000000000146e+03,1.540175483126254158e-02
1.816359999999999900e+03,1.536977384101254236e-02
1.816879999999999882e+03,1.533792758221413748e-02
1.817400000000000091e+03,1.530612004905413867e-02
1.817920000000000073e+03,1.527442911792572904e-02
1.818440000000000055e+03,1.524279592767572959e-02
1.818959999999999809e+03,1.521125929654732617e-02
1.819480000000000018e+03,1.517978084358891436e-02
1.820000000000000000e+03,1.514834177551891738e-02
1.820519999999999982e+03,1.511703731637051122e-02
1.821040000000000191e+03,1.508580978321051244e-02
1.821559999999999945e+03,1.505466012441210658e-02
1.822079999999999927e+03,1.502354912318210403e-02
1.822599999999999909e+03,1.499255376403370137e-02
1.823120000000000118e+03,1.496159763087370406e-02
1.823640000000000100e+03,1.493077617207529476e-02
1.824159999999999854e+03,1.489997471771688405e-02
1.824679999999999836e+03,1.486930815069688674e-02
1.825200000000000045e+03,1.483868021956847964e-02
1.825720000000000027e+03,1.480813015873847817e-02
1.826240000000000009e+03,1.477761877052007761e-02
1.826759999999999764e+03,1.474724263736007686e-02
1.827280000000000200e+03,1.471688560623166803e-02
1.827799999999999955e+03,1.468666371633166844e-02
1.828319999999999936e+03,1.465648055718326431e-02
1.828839999999999918e+03,1.462643303189485600e-02
1.829360000000000127e+03,1.459640479289485600e-02
1.829880000000000109e+03,1.456645380502645179e-02
1.830399999999999864e+03,1.453656114384645204e-02
1.830920000000000073e+03,1.450676501271804496e-02
1.831440000000000055e+03,1.447702667955804573e-02
1.831960000000000036e+03,1.444732799168964126e-02
1.832480000000000018e+03,1.441776353050964327e-02
1.833000000000000000e+03,1.438827699938123247e-02
1.833519999999999982e+03,1.435886736825282839e-02
1.834039999999999964e+03,1.432949633935282595e-02
1.834559999999999945e+03,1.430020328020441961e-02
1.835080000000000155e+03,1.427092984704441889e-02
1.835599999999999909e+03,1.424179161591601628e-02
1.836119999999999891e+03,1.421269202601601472e-02
1.836639999999999873e+03,1.418372716686760321e-02
1.837160000000000082e+03,1.415478193370760425e-02
1.837680000000000064e+03,1.412593367350920004e-02
1.838199999999999818e+03,1.409708603450920104e-02
1.838720000000000255e+03,1.406839195353079726e-02
1.839240000000000009e+03,1.403973672240239022e-02
1.839759999999999991e+03,1.401121666017238893e-02
1.840279999999999973e+03,1.398269712904398436e-02
1.840800000000000182e+03,1.395421674019398268e-02
1.841320000000000164e+03,1.392579470906557364e-02
1.841839999999999918e+03,1.389754564099557332e-02
1.842359999999999900e+03,1.386931601570716432e-02
1.842880000000000109e+03,1.384116442101716339e-02
1.843400000000000091e+03,1.381305089572875885e-02
1.843920000000000073e+03,1.378499632765876025e-02
1.844439999999999827e+03,1.375703760237035472e-02
1.844960000000000036e+03,1.372913780768035379e-02
1.845480000000000018e+03,1.370133397655194478e-02
1.846000000000000000e+03,1.367360692219353642e-02
1.846519999999999982e+03,1.364595748319353923e-02
1.847039999999999964e+03,1.361832792988513195e-02
1.847559999999999945e+03,1.359077596321513377e-02
1.848079999999999927e+03,1.356326300885672860e-02
1.848600000000000136e+03,1.353586586985672767e-02
1.849120000000000118e+03,1.350850681070832338e-02
1.849639999999999873e+03,1.348124524987832223e-02
1.850159999999999854e+03,1.345398368967991309e-02
1.850680000000000064e+03,1.342687595651991667e-02
1.851200000000000045e+03,1.339978782539151016e-02
1.851720000000000027e+03,1.337279663654150630e-02
1.852239999999999782e+03,1.334582507634309891e-02
1.852760000000000218e+03,1.331893153734310144e-02
1.853279999999999973e+03,1.329207601205469567e-02
1.853799999999999955e+03,1.326535569616629079e-02
1.854319999999999936e+03,1.323865456300628990e-02
1.854840000000000146e+03,1.321205093187787991e-02
1.855360000000000127e+03,1.318546589871788174e-02
1.855879999999999882e+03,1.315894011049947160e-02
1.856399999999999864e+03,1.313251044382947666e-02
1.856920000000000073e+03,1.310615801854107115e-02
1.857440000000000055e+03,1.307984447954106851e-02
1.857960000000000036e+03,1.305360809716266633e-02
1.858480000000000018e+03,1.302741063049266124e-02
1.859000000000000000e+03,1.300127180520426091e-02
1.859519999999999982e+03,1.297522866620425853e-02
1.860039999999999964e+03,1.294924417798585213e-02
1.860560000000000173e+03,1.292333661715584781e-02
1.861079999999999927e+03,1.289746778602744205e-02
1.861599999999999909e+03,1.287167685286744016e-02
1.862119999999999891e+03,1.284590596464903721e-02
1.862640000000000100e+03,1.282023113352062996e-02
1.863160000000000082e+03,1.279455627269063082e-02
1.863679999999999836e+03,1.276905534156222259e-02
1.864199999999999818e+03,1.274353575131222625e-02
1.864720000000000027e+03,1.271815042018381754e-02
1.865240000000000009e+03,1.269274645935381841e-02
1.865759999999999991e+03,1.266745862822541389e-02
1.866279999999999745e+03,1.264219046015541310e-02
1.866800000000000182e+03,1.261700000684700708e-02
1.867319999999999936e+03,1.259184794017700545e-02
1.867839999999999918e+03,1.256675401488859672e-02
1.868360000000000127e+03,1.254173714681859793e-02
1.868880000000000109e+03,1.251679808767019314e-02
1.869400000000000091e+03,1.249193595451019226e-02
1.869919999999999845e+03,1.246711299571178627e-02
1.870440000000000055e+03,1.244234783348178650e-02
1.870960000000000036e+03,1.241764097433338022e-02
1.871480000000000018e+03,1.239299207433337997e-02
1.872000000000000000e+03,1.236838212137497325e-02
1.872519999999999982e+03,1.234384978237497259e-02
1.873039999999999964e+03,1.231933679999656743e-02
1.873559999999999945e+03,1.229495876099656604e-02
1.874079999999999927e+03,1.227061923570816129e-02
1.874600000000000136e+03,1.224631906903816091e-02
1.875119999999999891e+03,1.222203838081975524e-02
1.875639999999999873e+03,1.219789244765975486e-02
1.876160000000000082e+03,1.217376661653134760e-02
1.876680000000000064e+03,1.214967995570134969e-02
1.877200000000000045e+03,1.212561239550294032e-02
1.877719999999999800e+03,1.210169922848294138e-02
1.878240000000000236e+03,1.207778590319453366e-02
1.878759999999999991e+03,1.205398886419453350e-02
1.879279999999999973e+03,1.203019208216612665e-02
1.879799999999999955e+03,1.200649201514612796e-02
1.880320000000000164e+03,1.198281098401772320e-02
1.880840000000000146e+03,1.195920835085772377e-02
1.881359999999999900e+03,1.193564336298931668e-02
1.881879999999999882e+03,1.191209940968090790e-02
1.882400000000000091e+03,1.188861297068090871e-02
1.882920000000000073e+03,1.186522293955250343e-02
1.883440000000000055e+03,1.184189067732250439e-02
1.883959999999999809e+03,1.181861675752409781e-02
1.884480000000000018e+03,1.179540059634409666e-02
1.885000000000000000e+03,1.177222366521569162e-02
1.885519999999999982e+03,1.174912419714569008e-02
1.886040000000000191e+03,1.172604414418728508e-02
1.886559999999999945e+03,1.170306027716728516e-02
1.887079999999999927e+03,1.168009635187887765e-02
1.887599999999999909e+03,1.165720998380887462e-02
1.888120000000000118e+03,1.163436265852047305e-02
1.888640000000000100e+03,1.161159236383047140e-02
1.889159999999999854e+03,1.158886023270206365e-02
1.889679999999999836e+03,1.156620599954206151e-02
1.890200000000000045e+03,1.154355223934365633e-02
1.890720000000000027e+03,1.152097587851365866e-02
1.891240000000000009e+03,1.149839951936524989e-02
1.891759999999999764e+03,1.147595898036525043e-02
1.892280000000000200e+03,1.145355592600684307e-02
1.892799999999999955e+03,1.143123152600684228e-02
1.893319999999999936e+03,1.140892553918843901e-02
1.893839999999999918e+03,1.138664070602844053e-02
1.894360000000000127e+03,1.136441264583003263e-02
1.894880000000000109e+03,1.134224341267003021e-02
1.895399999999999864e+03,1.132015102585162518e-02
1.895920000000000073e+03,1.129813618685162301e-02
1.896440000000000055e+03,1.127615942462162520e-02
1.896960000000000036e+03,1.125420329349321839e-02
1.897480000000000018e+03,1.123230496033321944e-02
1.898000000000000000e+03,1.121046437351481267e-02
1.898519999999999982e+03,1.118868220544481235e-02
1.899039999999999964e+03,1.116693908015640654e-02
1.899559999999999945e+03,1.114523484115640534e-02
1.900080000000000155e+03,1.112355002684799893e-02
1.900599999999999909e+03,1.110198046017799901e-02
1.901119999999999891e+03,1.108044999997959135e-02
1.901639999999999873e+03,1.105897786681959115e-02
1.902160000000000082e+03,1.103750573569118633e-02
1.902680000000000064e+03,1.101613054684118763e-02
1.903199999999999818e+03,1.099475538664278218e-02
1.903720000000000255e+03,1.097349694764278294e-02
1.904240000000000009e+03,1.095223782235437565e-02
1.904759999999999991e+03,1.093107585533437641e-02
1.905279999999999973e+03,1.090993277330597026e-02
1.905800000000000182e+03,1.088888693430596806e-02
1.906320000000000164e+03,1.086784104217756140e-02
1.906839999999999918e+03,1.084685340901756292e-02
1.907359999999999900e+03,1.082588534986915832e-02
1.907880000000000109e+03,1.080499465996915924e-02
1.908400000000000091e+03,1.078414272884074820e-02
1.908920000000000073e+03,1.076336828984075095e-02
1.909439999999999827e+03,1.074263183653234414e-02
1.909960000000000036e+03,1.072193524079234454e-02
1.910480000000000018e+03,1.070129640966393722e-02
1.911000000000000000e+03,1.068065807650393599e-02
1.911519999999999982e+03,1.066009664537552991e-02
1.912039999999999964e+03,1.063957439412552969e-02
1.912559999999999945e+03,1.061912953532712263e-02
1.913079999999999927e+03,1.059872299632712463e-02
1.913600000000000136e+03,1.057839417103871756e-02
1.914120000000000118e+03,1.055808460401871755e-02
1.914639999999999873e+03,1.053781414178871743e-02
1.915159999999999854e+03,1.051756328299030888e-02
1.915680000000000064e+03,1.049740904399030887e-02
1.916200000000000045e+03,1.047725461870190403e-02
1.916720000000000027e+03,1.045715962261190186e-02
1.917239999999999782e+03,1.043708319148349897e-02
1.917760000000000218e+03,1.041714196965349767e-02
1.918279999999999973e+03,1.039721983852509059e-02
1.918799999999999955e+03,1.037731774827508995e-02
1.919319999999999936e+03,1.035745441714668556e-02
1.919840000000000146e+03,1.033764945047668457e-02
1.920360000000000127e+03,1.031788302518827673e-02
1.920879999999999882e+03,1.029817508618827669e-02
1.921399999999999864e+03,1.027850510380987070e-02
1.921920000000000073e+03,1.025887506480987164e-02
1.922440000000000055e+03,1.023930224501146645e-02
1.922960000000000036e+03,1.021974951185146592e-02
1.923480000000000018e+03,1.020027362363305941e-02
1.924000000000000000e+03,1.018083658463305938e-02
1.924519999999999982e+03,1.016143855934465400e-02
1.925039999999999964e+03,1.014207939267465323e-02
1.925560000000000173e+03,1.012275935951465443e-02
1.926079999999999927e+03,1.010349657129624469e-02
1.926599999999999909e+03,1.008427363229624611e-02
1.927119999999999891e+03,1.006508874600783865e-02
1.927640000000000100e+03,1.004596227933783961e-02
1.928160000000000082e+03,1.002685531913943655e-02
1.928679999999999836e+03,1.000782575795943277e-02
1.929199999999999818e+03,9.988815326831025632e-03
1.929720000000000027e+03,9.969863693671027552e-03
1.930240000000000009e+03,9.950931105802621537e-03
1.930759999999999991e+03,9.932076038782620964e-03
1.931279999999999745e+03,9.913240452494212485e-03
1.931800000000000182e+03,9.894481913494212674e-03
1.932319999999999936e+03,9.875723782365805267e-03
1.932839999999999918e+03,9.857024392465807069e-03
1.933360000000000127e+03,9.838363325445808466e-03
1.933880000000000109e+03,9.819760400157402300e-03
1.934400000000000091e+03,9.801176761157400982e-03
1.934919999999999845e+03,9.782651773288993449e-03
1.935440000000000055e+03,9.764165079128993285e-03
1.935960000000000036e+03,9.745717519980587329e-03
1.936480000000000018e+03,9.727327880980586247e-03
1.937000000000000000e+03,9.708957655692181804e-03
1.937519999999999982e+03,9.690645859952181848e-03
1.938039999999999964e+03,9.672353506643777132e-03
1.938559999999999945e+03,9.654138267643778276e-03
1.939079999999999927e+03,9.635923436515370089e-03
1.939600000000000136e+03,9.617786042355368908e-03
1.940119999999999891e+03,9.599649146615369180e-03
1.940639999999999873e+03,9.581608187466965701e-03
1.941160000000000082e+03,9.563548654306964353e-03
1.941680000000000064e+03,9.545586123178557633e-03
1.942200000000000045e+03,9.527623655108556633e-03
1.942719999999999800e+03,9.509737902150152203e-03
1.943240000000000236e+03,9.491852874130152218e-03
1.943759999999999991e+03,9.474045548841746739e-03
1.944279999999999973e+03,9.456238409841746101e-03
1.944799999999999955e+03,9.438508049643339753e-03
1.945320000000000164e+03,9.420797288813337680e-03
1.945840000000000146e+03,9.403145421793338010e-03
1.946359999999999900e+03,9.385512090664932527e-03
1.946879999999999882e+03,9.367937567434933901e-03
1.947400000000000091e+03,9.350382136306525926e-03
1.947920000000000073e+03,9.332884947456522584e-03
1.948440000000000055e+03,9.315407416328117321e-03
1.948959999999999809e+03,9.297988277328117154e-03
1.949480000000000018e+03,9.280607122969710548e-03
1.950000000000000000e+03,9.263245783969711877e-03
1.950519999999999982e+03,9.245942636151305294e-03
1.951040000000000191e+03,9.228678702991304633e-03
1.951559999999999945e+03,9.211453034921305086e-03
1.952079999999999927e+03,9.194247403792897566e-03
1.952599999999999909e+03,9.177099570632897899e-03
1.953120000000000118e+03,9.159971283814492132e-03
1.953640000000000100e+03,9.142920083814490631e-03
1.954159999999999854e+03,9.125869629456084473e-03
1.954679999999999836e+03,9.108877190456086265e-03
1.955200000000000045e+03,9.091904165167677757e-03
1.955720000000000027e+03,9.075008170477679575e-03
1.956240000000000009e+03,9.058093631477678875e-03
1.956759999999999764e+03,9.041275377119274703e-03
1.957280000000000200e+03,9.024457877119272664e-03
1.957799999999999955e+03,9.007698045990867111e-03
1.958319999999999936e+03,8.990957757140864703e-03
1.958839999999999918e+03,8.974256696942458505e-03
1.959360000000000127e+03,8.957593957942459537e-03
1.959880000000000109e+03,8.940989332654053490e-03
1.960399999999999864e+03,8.924385432654051431e-03
1.960920000000000073e+03,8.907839171474052700e-03
1.961440000000000055e+03,8.891331583605645295e-03
1.961960000000000036e+03,8.874863344605648033e-03
1.962480000000000018e+03,8.858433119317242477e-03
1.963000000000000000e+03,8.842042252297241736e-03
1.963519999999999982e+03,8.825670960168834067e-03
1.964039999999999964e+03,8.809338270268831511e-03
1.964559999999999945e+03,8.793063939140427152e-03
1.965080000000000155e+03,8.776809300140428136e-03
1.965599999999999909e+03,8.760593238960428381e-03
1.966119999999999891e+03,8.744415407832021800e-03
1.966639999999999873e+03,8.728276851092021602e-03
1.967160000000000082e+03,8.712157725803613278e-03
1.967680000000000064e+03,8.696097086803616233e-03
1.968199999999999818e+03,8.680036733495209364e-03
1.968720000000000255e+03,8.664052965425208738e-03
1.969240000000000009e+03,8.648089206626801903e-03
1.969759999999999991e+03,8.632164212466802294e-03
1.970279999999999973e+03,8.616258873466802262e-03
1.970800000000000182e+03,8.600411714318393144e-03
1.971320000000000164e+03,8.584583652088395231e-03
1.971839999999999918e+03,8.568794793289990358e-03
1.972359999999999900e+03,8.553044293289992217e-03
1.972880000000000109e+03,8.537333268001583847e-03
1.973400000000000091e+03,8.521641500981582545e-03
1.973920000000000073e+03,8.506007532911582375e-03
1.974439999999999827e+03,8.490392979953178751e-03
1.974960000000000036e+03,8.474798740953177686e-03
1.975480000000000018e+03,8.459261748824770458e-03
1.976000000000000000e+03,8.443744787644770142e-03
1.976519999999999982e+03,8.428285627446364600e-03
1.977039999999999964e+03,8.412827088446362539e-03
1.977559999999999945e+03,8.397426227616364494e-03
1.978079999999999927e+03,8.382045035487959220e-03
1.978600000000000136e+03,8.366722074307957405e-03
1.979120000000000118e+03,8.351399114109552338e-03
1.979639999999999873e+03,8.336134575109550512e-03
1.980159999999999854e+03,8.320888922151143882e-03
1.980680000000000064e+03,8.305701822151144442e-03
1.981200000000000045e+03,8.290515126061145934e-03
1.981720000000000027e+03,8.275405200772738279e-03
1.982239999999999782e+03,8.260276861772736928e-03
1.982760000000000218e+03,8.245225802974331247e-03
1.983279999999999973e+03,8.230174769814333630e-03
1.983799999999999955e+03,8.215182020595927434e-03
1.984319999999999936e+03,8.200208481595928564e-03
1.984840000000000146e+03,8.185274048435928207e-03
1.985360000000000127e+03,8.170359189637519531e-03
1.985879999999999882e+03,8.155502250637519657e-03
1.986399999999999864e+03,8.140664207259113230e-03
1.986920000000000073e+03,8.125846468259112845e-03
1.987440000000000055e+03,8.111086437130706622e-03
1.987960000000000036e+03,8.096327403970706230e-03
1.988480000000000018e+03,8.081625737300706866e-03
1.989000000000000000e+03,8.066943616102299416e-03
1.989519999999999982e+03,8.052300654922300502e-03
1.990039999999999964e+03,8.037696423793894498e-03
1.990560000000000173e+03,8.023111384793892367e-03
1.991079999999999927e+03,8.008546231835486640e-03
1.991599999999999909e+03,7.994058202765486759e-03
1.992119999999999891e+03,7.979551535745485827e-03
1.992640000000000100e+03,7.965121610457081072e-03
1.993160000000000082e+03,7.950672771457079416e-03
1.993679999999999836e+03,7.936301712658674901e-03
1.994199999999999818e+03,7.921930689428672775e-03
1.994720000000000027e+03,7.907617522408675811e-03
1.995240000000000009e+03,7.893304197120266583e-03
1.995759999999999991e+03,7.879068958120266641e-03
1.996279999999999745e+03,7.864815065991860241e-03
1.996800000000000182e+03,7.850618376091859224e-03
1.997319999999999936e+03,7.836441316943453667e-03
1.997839999999999918e+03,7.822303577943454447e-03
1.998360000000000127e+03,7.808203944783454267e-03
1.998880000000000109e+03,7.794124452655046623e-03
1.999400000000000091e+03,7.780064556915049397e-03
1.999919999999999845e+03,7.766062303606641355e-03
2.000440000000000055e+03,7.752079364606642015e-03
2.000960000000000036e+03,7.738116525606642156e-03
2.001480000000000018e+03,7.724192239318234884e-03
2.002000000000000000e+03,7.710287671248237246e-03
2.002519999999999982e+03,7.696421684429828082e-03
2.003039999999999964e+03,7.682594451269828852e-03
2.003559999999999945e+03,7.668786859141423287e-03
2.004079999999999927e+03,7.655018020141421929e-03
2.004600000000000136e+03,7.641268657911421194e-03
2.005119999999999891e+03,7.627538899113015490e-03
2.005639999999999873e+03,7.613867032093014735e-03
2.006160000000000082e+03,7.600195545804609536e-03
2.006680000000000064e+03,7.586582506804610999e-03
2.007200000000000045e+03,7.572988038734610253e-03
2.007719999999999800e+03,7.559414013446203763e-03
2.008240000000000236e+03,7.545877857756203184e-03
2.008759999999999991e+03,7.532362226627796302e-03
2.009279999999999973e+03,7.518884793467796659e-03
2.009799999999999955e+03,7.505446533269391138e-03
2.010320000000000164e+03,7.492027494269391970e-03
2.010840000000000146e+03,7.478627944419394095e-03
2.011359999999999900e+03,7.465267113290984489e-03
2.011879999999999882e+03,7.451925974290986299e-03
2.012400000000000091e+03,7.438623319932578803e-03
2.012920000000000073e+03,7.425360119932580133e-03
2.013440000000000055e+03,7.412096852912580802e-03
2.013959999999999809e+03,7.398891699954173069e-03
2.014480000000000018e+03,7.385686760954171884e-03
2.015000000000000000e+03,7.372520939755765855e-03
2.015519999999999982e+03,7.359393306595767535e-03
2.016040000000000191e+03,7.346284867595765863e-03
2.016559999999999945e+03,7.333215980777359200e-03
2.017079999999999927e+03,7.320147147617358380e-03
2.017599999999999909e+03,7.307136626418953701e-03
2.018120000000000118e+03,7.294126187418953355e-03
2.018640000000000100e+03,7.281192648418952779e-03
2.019159999999999854e+03,7.268239795110546971e-03
2.019679999999999836e+03,7.255345967440545926e-03
2.020200000000000045e+03,7.242452036312138977e-03
2.020720000000000027e+03,7.229596774082139993e-03
2.021240000000000009e+03,7.216761235082139007e-03
2.021759999999999764e+03,7.203964314933733806e-03
2.022280000000000200e+03,7.191186981773733944e-03
2.022799999999999955e+03,7.178448822975326375e-03
2.023319999999999936e+03,7.165729354905326504e-03
2.023839999999999918e+03,7.153049060745326169e-03
2.024360000000000127e+03,7.140369229616921540e-03
2.024880000000000109e+03,7.127747262596921020e-03
2.025399999999999864e+03,7.115144209638515210e-03
2.025920000000000073e+03,7.102561480568514961e-03
2.026440000000000055e+03,7.089998341568513190e-03
2.026960000000000036e+03,7.077473716280106332e-03
2.027480000000000018e+03,7.064968849260107146e-03
2.028000000000000000e+03,7.052502157131701303e-03
2.028519999999999982e+03,7.040055467231702904e-03
2.029039999999999964e+03,7.027628028231701872e-03
2.029559999999999945e+03,7.015239697103295598e-03
2.030080000000000155e+03,7.002851402943295091e-03
2.030599999999999909e+03,6.990520843794887328e-03
2.031119999999999891e+03,6.978190875724888872e-03
2.031639999999999873e+03,6.965919114894887978e-03
2.032160000000000082e+03,6.953647422766483580e-03
2.032680000000000064e+03,6.941414483766482520e-03
2.033199999999999818e+03,6.929200930458075981e-03
2.033720000000000255e+03,6.917026291458074419e-03
2.034240000000000009e+03,6.904851634718076753e-03
2.034759999999999991e+03,6.892735109429669847e-03
2.035279999999999973e+03,6.880619270429667519e-03
2.035800000000000182e+03,6.868542039301263682e-03
2.036320000000000164e+03,6.856484011281264480e-03
2.036839999999999918e+03,6.844445949051264008e-03
2.037359999999999900e+03,6.832446090252855368e-03
2.037880000000000109e+03,6.820466451252855250e-03
2.038400000000000091e+03,6.808505764964451444e-03
2.038920000000000073e+03,6.796584397944448706e-03
2.039439999999999827e+03,6.784682129874449082e-03
2.039960000000000036e+03,6.772799304586041638e-03
2.040480000000000018e+03,6.760954876916043695e-03
2.041000000000000000e+03,6.749111937916043788e-03
2.041519999999999982e+03,6.737326112627634728e-03
2.042039999999999964e+03,6.725540484607634741e-03
2.042559999999999945e+03,6.713793924409230604e-03
2.043079999999999927e+03,6.702047391249230969e-03
2.043600000000000136e+03,6.690359224579230969e-03
2.044120000000000118e+03,6.678671032450823886e-03
2.044639999999999873e+03,6.667021471270821384e-03
2.045159999999999854e+03,6.655372411072416235e-03
2.045680000000000064e+03,6.643781772072415194e-03
2.046200000000000045e+03,6.632190644402416457e-03
2.046720000000000027e+03,6.620658119114011808e-03
2.047239999999999782e+03,6.609106180114011388e-03
2.047760000000000218e+03,6.597612484024010203e-03
2.048280000000000200e+03,6.586118697735603850e-03
2.048800000000000182e+03,6.574664258735603284e-03
2.049319999999999709e+03,6.563228799937198023e-03
2.049840000000000146e+03,6.551813005777198246e-03
2.050360000000000127e+03,6.540435966777197185e-03
2.050880000000000109e+03,6.529059278558793471e-03
2.051399999999999636e+03,6.517721345398791791e-03
2.051920000000000073e+03,6.506403053270383777e-03
2.052440000000000055e+03,6.495123486600384334e-03
2.052960000000000036e+03,6.483862953440384762e-03
2.053480000000000018e+03,6.472602904221979453e-03
2.054000000000000000e+03,6.461381665221979480e-03
2.054519999999999982e+03,6.450199126221979259e-03
2.055039999999999964e+03,6.439017400933571070e-03
2.055559999999999945e+03,6.427874073263574115e-03
2.056079999999999927e+03,6.416730642135165183e-03
2.056599999999999909e+03,6.405626351885166173e-03
2.057119999999999891e+03,6.394541812885165544e-03
2.057640000000000327e+03,6.383495420756758743e-03
2.058159999999999854e+03,6.372448987596758888e-03
2.058679999999999836e+03,6.361461328798352806e-03
2.059199999999999818e+03,6.350454199728352948e-03
2.059720000000000255e+03,6.339505238548353433e-03
2.060239999999999782e+03,6.328537707419946805e-03
2.060759999999999764e+03,6.317628068419945536e-03
2.061279999999999745e+03,6.306737568419947156e-03
2.061800000000000182e+03,6.295866915461540564e-03
2.062320000000000164e+03,6.285015019371539662e-03
2.062840000000000146e+03,6.274183227243134917e-03
2.063360000000000127e+03,6.263370494083135391e-03
2.063880000000000109e+03,6.252597055083134597e-03
2.064400000000000091e+03,6.241824062954728219e-03
2.064920000000000073e+03,6.231089673054727822e-03
2.065440000000000055e+03,6.220374506034727011e-03
2.065960000000000036e+03,6.209678874906320728e-03
2.066480000000000018e+03,6.199002880746320825e-03
2.067000000000000000e+03,6.188365049617916037e-03
2.067519999999999982e+03,6.177728310617914588e-03
2.068039999999999964e+03,6.167129753877915316e-03
2.068559999999999945e+03,6.156550600569509271e-03
2.069079999999999927e+03,6.145972161569508187e-03
2.069599999999999909e+03,6.135451522569508598e-03
2.070119999999999891e+03,6.124931236281102448e-03
2.070639999999999873e+03,6.114430168211100990e-03
2.071160000000000309e+03,6.103948609412696187e-03
2.071680000000000291e+03,6.093506287232695363e-03
2.072199999999999818e+03,6.083063548232695017e-03
2.072719999999999800e+03,6.072659917104289429e-03
2.073240000000000236e+03,6.062275517104288858e-03
2.073760000000000218e+03,6.051911054874288369e-03
2.074279999999999745e+03,6.041566168055882528e-03
2.074799999999999727e+03,6.031240529055881781e-03
2.075320000000000164e+03,6.020933934895882078e-03
2.075840000000000146e+03,6.010666503767476097e-03
2.076360000000000127e+03,6.000399664767476320e-03
2.076880000000000109e+03,5.990171349409070117e-03
2.077400000000000091e+03,5.979943154719068871e-03
2.077920000000000073e+03,5.969753715719070333e-03
2.078440000000000055e+03,5.959583323590663013e-03
2.078960000000000036e+03,5.949413890430662114e-03
2.079480000000000018e+03,5.939282722360664062e-03
2.080000000000000000e+03,5.929171091232256566e-03
2.080519999999999982e+03,5.919079041382257697e-03
2.081039999999999964e+03,5.909007110253850295e-03
2.081559999999999945e+03,5.898972971253850506e-03
2.082079999999999927e+03,5.888939777093850358e-03
2.082599999999999909e+03,5.878925616895445440e-03
2.083119999999999891e+03,5.868931177895444877e-03
2.083639999999999873e+03,5.858975422205443991e-03
2.084159999999999854e+03,5.849019496917038340e-03
2.084679999999999836e+03,5.839102957917038754e-03
2.085200000000000273e+03,5.829186457917037711e-03
2.085720000000000255e+03,5.819308403558631423e-03
2.086239999999999782e+03,5.809431064558632195e-03
2.086759999999999764e+03,5.799591844410225544e-03
2.087280000000000200e+03,5.789772183580225128e-03
2.087800000000000182e+03,5.779953644580225133e-03
2.088319999999999709e+03,5.770172684381818205e-03
2.088839999999999691e+03,5.760411984381818250e-03
2.089360000000000127e+03,5.750670251221817915e-03
2.089880000000000109e+03,5.740929492073412917e-03
2.090400000000000091e+03,5.731227064403412487e-03
2.090920000000000073e+03,5.721563231243413129e-03
2.091440000000000055e+03,5.711899371045006668e-03
2.091960000000000036e+03,5.702236671045006304e-03
2.092480000000000018e+03,5.692612132045005678e-03
2.093000000000000000e+03,5.683006978736599574e-03
2.093519999999999982e+03,5.673421651066600478e-03
2.094039999999999964e+03,5.663855319938193751e-03
2.094559999999999945e+03,5.654308557708194113e-03
2.095079999999999927e+03,5.644762457708193612e-03
2.095599999999999909e+03,5.635274026579787862e-03
2.096119999999999891e+03,5.625767059559786190e-03
2.096639999999999873e+03,5.616317337729786856e-03
2.097159999999999854e+03,5.606849006601379720e-03
2.097679999999999836e+03,5.597438538531379799e-03
2.098199999999999818e+03,5.588008944371380786e-03
2.098720000000000255e+03,5.578618513242973760e-03
2.099240000000000236e+03,5.569247246222973693e-03
2.099760000000000218e+03,5.559895552062973922e-03
2.100279999999999745e+03,5.550543793264566678e-03
2.100800000000000182e+03,5.541230825194566612e-03
2.101320000000000164e+03,5.531937433066160849e-03
2.101840000000000146e+03,5.522663599906160910e-03
2.102359999999999673e+03,5.513390332886161302e-03
2.102880000000000109e+03,5.504155240757755904e-03
2.103400000000000091e+03,5.494939679927755491e-03
2.103920000000000073e+03,5.485724711857755016e-03
2.104440000000000055e+03,5.476548419729347986e-03
2.104960000000000036e+03,5.467372180729348878e-03
2.105480000000000018e+03,5.458234519549347297e-03
2.106000000000000000e+03,5.449097427420941490e-03
2.106519999999999982e+03,5.439998531680941170e-03
2.107039999999999964e+03,5.430880998520940320e-03
2.107559999999999945e+03,5.421821806392534623e-03
2.108079999999999927e+03,5.412762667392535983e-03
2.108600000000000364e+03,5.403722600372534365e-03
2.109119999999999891e+03,5.394702014084128312e-03
2.109639999999999873e+03,5.385701646014129026e-03
2.110159999999999854e+03,5.376719787215720851e-03
2.110680000000000291e+03,5.367757593055720762e-03
2.111199999999999818e+03,5.358795954055721976e-03
2.111719999999999800e+03,5.349873394907315831e-03
2.112239999999999782e+03,5.340969594907315349e-03
2.112760000000000218e+03,5.332085232677316079e-03
2.113280000000000200e+03,5.323201373878910098e-03
2.113800000000000182e+03,5.314337273878909709e-03
2.114319999999999709e+03,5.305492640718908678e-03
2.114840000000000146e+03,5.296686209590502174e-03
2.115360000000000127e+03,5.287861281570502628e-03
2.115880000000000109e+03,5.279093613500501596e-03
2.116399999999999636e+03,5.270326788212095943e-03
2.116920000000000073e+03,5.261579260542095446e-03
2.117440000000000055e+03,5.252832221542096114e-03
2.117960000000000036e+03,5.244123696253689959e-03
2.118480000000000018e+03,5.235415368233690275e-03
2.119000000000000000e+03,5.226726100163689090e-03
2.119519999999999982e+03,5.218075969035283410e-03
2.120039999999999964e+03,5.209426347205284129e-03
2.120559999999999945e+03,5.200795908205282925e-03
2.121079999999999927e+03,5.192185016076876145e-03
2.121599999999999909e+03,5.183593249056876913e-03
2.122119999999999891e+03,5.175001886826876944e-03
2.122640000000000327e+03,5.166449294698470529e-03
2.123159999999999854e+03,5.157896755698470302e-03
2.123679999999999836e+03,5.149383202740063885e-03
2.124199999999999818e+03,5.140869402740064556e-03
2.124720000000000255e+03,5.132394735720064056e-03
2.125239999999999782e+03,5.123900875521656718e-03
2.125759999999999764e+03,5.115465381361657994e-03
2.126279999999999745e+03,5.107010342361656755e-03
2.126800000000000182e+03,5.098594383563250301e-03
2.127320000000000164e+03,5.090178989403250191e-03
2.127840000000000146e+03,5.081782750403249921e-03
2.128360000000000127e+03,5.073424591254843685e-03
2.128880000000000109e+03,5.065067062184844433e-03
2.129400000000000091e+03,5.056729029024844418e-03
2.129920000000000073e+03,5.048391536896438929e-03
2.130440000000000055e+03,5.040092270226438805e-03
2.130960000000000036e+03,5.031793031226438652e-03
2.131480000000000018e+03,5.023532816918032176e-03
2.132000000000000000e+03,5.015272748848032501e-03
2.132519999999999982e+03,5.007032309848032450e-03
2.133039999999999964e+03,4.998792223559625839e-03
2.133559999999999945e+03,4.990590984559625277e-03
2.134079999999999927e+03,4.982389717889625612e-03
2.134599999999999909e+03,4.974226597741219363e-03
2.135119999999999891e+03,4.966063935511219433e-03
2.135639999999999873e+03,4.957921535511220119e-03
2.136160000000000309e+03,4.949778504382813457e-03
2.136680000000000291e+03,4.941674671222813509e-03
2.137199999999999818e+03,4.933590043552812249e-03
2.137719999999999800e+03,4.925505812424407423e-03
2.138240000000000236e+03,4.917441216334405944e-03
2.138760000000000218e+03,4.909395722174406639e-03
2.139279999999999745e+03,4.901350191045998964e-03
2.139799999999999727e+03,4.893343952045998979e-03
2.140320000000000164e+03,4.885337752045999272e-03
2.140840000000000146e+03,4.877350899087593353e-03
2.141360000000000127e+03,4.869383341997594004e-03
2.141880000000000109e+03,4.861435402997593518e-03
2.142400000000000091e+03,4.853506877709186200e-03
2.142920000000000073e+03,4.845578577709187471e-03
2.143440000000000055e+03,4.837670338709187078e-03
2.143960000000000036e+03,4.829781107580781094e-03
2.144480000000000018e+03,4.821910956680781034e-03
2.145000000000000000e+03,4.814059989660782017e-03
2.145519999999999982e+03,4.806209997532374933e-03
2.146039999999999964e+03,4.798379658532373783e-03
2.146559999999999945e+03,4.790587425372373406e-03
2.147079999999999927e+03,4.782776633243967547e-03
2.147599999999999909e+03,4.775004066573967920e-03
2.148119999999999891e+03,4.767212776323967623e-03
2.148639999999999873e+03,4.759478884195561532e-03
2.149159999999999854e+03,4.751745545195562234e-03
2.149679999999999836e+03,4.744031845195562092e-03
2.150200000000000273e+03,4.736317919907155963e-03
2.150720000000000255e+03,4.728624280907155891e-03
2.151239999999999782e+03,4.720949224167156517e-03
2.151759999999999764e+03,4.713294165018749350e-03
2.152280000000000200e+03,4.705639131858749789e-03
2.152800000000000182e+03,4.698022931858748634e-03
2.153319999999999709e+03,4.690406600730342469e-03
2.153839999999999691e+03,4.682810000730342793e-03
2.154360000000000127e+03,4.675213738500342588e-03
2.154880000000000109e+03,4.667655651681936434e-03
2.155400000000000091e+03,4.660098251681936248e-03
2.155920000000000073e+03,4.652560318521937154e-03
2.156440000000000055e+03,4.645022387393529968e-03
2.156960000000000036e+03,4.637504187393530139e-03
2.157480000000000018e+03,4.630024148393530048e-03
2.158000000000000000e+03,4.622525333035123508e-03
2.158519999999999982e+03,4.615064838345123675e-03
2.159039999999999964e+03,4.607623999345123074e-03
2.159559999999999945e+03,4.600184107216717493e-03
2.160079999999999927e+03,4.592744174056717123e-03
2.160599999999999909e+03,4.585342574056717156e-03
2.161119999999999891e+03,4.577940905986717032e-03
2.161639999999999873e+03,4.570559274858310671e-03
2.162159999999999854e+03,4.563196725008311465e-03
2.162679999999999836e+03,4.555853886008311322e-03
2.163199999999999818e+03,4.548510954879904714e-03
2.163720000000000255e+03,4.541187660719905352e-03
2.164240000000000236e+03,4.533883521719904962e-03
2.164760000000000218e+03,4.526598900521497382e-03
2.165279999999999745e+03,4.519314833501497826e-03
2.165800000000000182e+03,4.512049772671497712e-03
2.166320000000000164e+03,4.504785280543091228e-03
2.166840000000000146e+03,4.497559541543090685e-03
2.167359999999999673e+03,4.490333841543091287e-03
2.167880000000000109e+03,4.483108387184684025e-03
2.168400000000000091e+03,4.475921348184683235e-03
2.168920000000000073e+03,4.468734820164683812e-03
2.169440000000000055e+03,4.461567261366277196e-03
2.169960000000000036e+03,4.454419867206277535e-03
2.170480000000000018e+03,4.447272528206278573e-03
2.171000000000000000e+03,4.440144197077870551e-03
2.171519999999999982e+03,4.433035568007870873e-03
2.172039999999999964e+03,4.425946434847871300e-03
2.172559999999999945e+03,4.418857314699465265e-03
2.173079999999999927e+03,4.411787848029465574e-03
2.173600000000000364e+03,4.404737509029464995e-03
2.174119999999999891e+03,4.397687614869465189e-03
2.174639999999999873e+03,4.390657254671058614e-03
2.175159999999999854e+03,4.383627054671058662e-03
2.175680000000000291e+03,4.376635421511058943e-03
2.176199999999999818e+03,4.369643762362653353e-03
2.176719999999999800e+03,4.362671834692652927e-03
2.177239999999999782e+03,4.355700395692651931e-03
2.177760000000000218e+03,4.348767009404245522e-03
2.178280000000000200e+03,4.341815141334246127e-03
2.178800000000000182e+03,4.334901502334245760e-03
2.179319999999999709e+03,4.327988282185839426e-03
2.179840000000000146e+03,4.321094649025839299e-03
2.180360000000000127e+03,4.314201121355838719e-03
2.180880000000000109e+03,4.307346190227432856e-03
2.181399999999999636e+03,4.300491322157432711e-03
2.181920000000000073e+03,4.293636927997433218e-03
2.182440000000000055e+03,4.286802096869026836e-03
2.182960000000000036e+03,4.279986468849027691e-03
2.183480000000000018e+03,4.273189929849026923e-03
2.184000000000000000e+03,4.266393769019028413e-03
2.184519999999999982e+03,4.259636376890620947e-03
2.185039999999999964e+03,4.252859908820619782e-03
2.185559999999999945e+03,4.246122208820620261e-03
2.186079999999999927e+03,4.239365683532213616e-03
2.186599999999999909e+03,4.232647555512214325e-03
2.187119999999999891e+03,4.225929416512214272e-03
2.187640000000000327e+03,4.219230757713808393e-03
2.188159999999999854e+03,4.212551763553807997e-03
2.188679999999999836e+03,4.205873295483808158e-03
2.189199999999999818e+03,4.199213903355401151e-03
2.189720000000000255e+03,4.192573664355402074e-03
2.190239999999999782e+03,4.185933803175401376e-03
2.190759999999999764e+03,4.179294511046994717e-03
2.191279999999999745e+03,4.172693472046995131e-03
2.191800000000000182e+03,4.166092915306993973e-03
2.192320000000000164e+03,4.159511382146994021e-03
2.192840000000000146e+03,4.152930351018588317e-03
2.193360000000000127e+03,4.146387651018588506e-03
2.193880000000000109e+03,4.139826283998588631e-03
2.194400000000000091e+03,4.133303497710183461e-03
2.194920000000000073e+03,4.126781358710181723e-03
2.195440000000000055e+03,4.120277801970182417e-03
2.195960000000000036e+03,4.113775170841776560e-03
2.196480000000000018e+03,4.107291137681776463e-03
2.197000000000000000e+03,4.100807737681775623e-03
2.197519999999999982e+03,4.094343778533368269e-03
2.198039999999999964e+03,4.087899484373369412e-03
2.198559999999999945e+03,4.081474345373368659e-03
2.199079999999999927e+03,4.075030088633368325e-03
2.199599999999999909e+03,4.068624457504962585e-03
2.200119999999999891e+03,4.062238424344962080e-03
2.200639999999999873e+03,4.055852524344961962e-03
2.201160000000000309e+03,4.049466965196556190e-03
2.201680000000000291e+03,4.043101165196556421e-03
2.202199999999999818e+03,4.036753832036556536e-03
2.202719999999999800e+03,4.030426571838150764e-03
2.203240000000000236e+03,4.024080344168150768e-03
2.203760000000000218e+03,4.017772305168150482e-03
2.204279999999999745e+03,4.011464711008150968e-03
2.204799999999999727e+03,4.005195751859744191e-03
2.205320000000000164e+03,3.998907851859743665e-03
2.205840000000000146e+03,3.992639483789744460e-03
2.206360000000000127e+03,3.986390652661337547e-03
2.206880000000000109e+03,3.980141330831337559e-03
2.207400000000000091e+03,3.973911691831337988e-03
2.207920000000000073e+03,3.967682499702931964e-03
2.208440000000000055e+03,3.961472432682930887e-03
2.208960000000000036e+03,3.955281938522930973e-03
2.209480000000000018e+03,3.949111070452931624e-03
2.210000000000000000e+03,3.942921039324524812e-03
2.210519999999999982e+03,3.936769311654524789e-03
2.211039999999999964e+03,3.930618478494525558e-03
2.211559999999999945e+03,3.924486286366118785e-03
2.212079999999999927e+03,3.918354619346117555e-03
2.212599999999999909e+03,3.912242619346118465e-03
2.213119999999999891e+03,3.906130364987711774e-03
2.213639999999999873e+03,3.900037425987711113e-03
2.214159999999999854e+03,3.893964125987711342e-03
2.214679999999999836e+03,3.887891759317712095e-03
2.215200000000000273e+03,3.881837873029305493e-03
2.215720000000000255e+03,3.875803734029305801e-03
2.216239999999999782e+03,3.869750506009305563e-03
2.216759999999999764e+03,3.863735845810899704e-03
2.217280000000000200e+03,3.857721251650899491e-03
2.217800000000000182e+03,3.851726812650899459e-03
2.218319999999999709e+03,3.845731753852492385e-03
2.218839999999999691e+03,3.839755953852492468e-03
2.219360000000000127e+03,3.833800120692492947e-03
2.219880000000000109e+03,3.827844392672492563e-03
2.220400000000000091e+03,3.821888532474085939e-03
2.220920000000000073e+03,3.815972032474085861e-03
2.221440000000000055e+03,3.810035799314086952e-03
2.221960000000000036e+03,3.804119168185680130e-03
2.222480000000000018e+03,3.798221740515680088e-03
2.223000000000000000e+03,3.792344401515680523e-03
2.223519999999999982e+03,3.786466387207273240e-03
2.224039999999999964e+03,3.780589019137273361e-03
2.224559999999999945e+03,3.774750419137272526e-03
2.225079999999999927e+03,3.768892680137273139e-03
2.225599999999999909e+03,3.763072993848866170e-03
2.226119999999999891e+03,3.757234827178865689e-03
2.226639999999999873e+03,3.751435388178866667e-03
2.227159999999999854e+03,3.745616768030460200e-03
2.227679999999999836e+03,3.739836805800460066e-03
2.228199999999999818e+03,3.734057005800460200e-03
2.228720000000000255e+03,3.728296766800458933e-03
2.229240000000000236e+03,3.722536474672052779e-03
2.229760000000000218e+03,3.716795835672053426e-03
2.230279999999999745e+03,3.711055113842053402e-03
2.230800000000000182e+03,3.705333982713646026e-03
2.231320000000000164e+03,3.699612886623647456e-03
2.231840000000000146e+03,3.693911486623647437e-03
2.232359999999999673e+03,3.688209953463646596e-03
2.232880000000000109e+03,3.682528061335241156e-03
2.233400000000000091e+03,3.676846222335240603e-03
2.233920000000000073e+03,3.671184022335240941e-03
2.234440000000000055e+03,3.665540669376834895e-03
2.234960000000000036e+03,3.659897512286834544e-03
2.235480000000000018e+03,3.654273973286834790e-03
2.236000000000000000e+03,3.648650881158428585e-03
2.236519999999999982e+03,3.643046847998427599e-03
2.237039999999999964e+03,3.637443408998428194e-03
2.237559999999999945e+03,3.631859108998428207e-03
2.238079999999999927e+03,3.626274677870021911e-03
2.238600000000000364e+03,3.620709856040021154e-03
2.239119999999999891e+03,3.615145559950021844e-03
2.239639999999999873e+03,3.609600367821614881e-03
2.240159999999999854e+03,3.604055728821615144e-03
2.240680000000000291e+03,3.598549328821615701e-03
2.241199999999999818e+03,3.593023695661614995e-03
2.241719999999999800e+03,3.587517703533208823e-03
2.242239999999999782e+03,3.582011736863208434e-03
2.242760000000000218e+03,3.576544440773207507e-03
2.243280000000000200e+03,3.571058454484802008e-03
2.243800000000000182e+03,3.565591715484801947e-03
2.244319999999999709e+03,3.560144115484801738e-03
2.244840000000000146e+03,3.554696976484801423e-03
2.245360000000000127e+03,3.549250190196394112e-03
2.245880000000000109e+03,3.543822651196395276e-03
2.246399999999999636e+03,3.538414166436395190e-03
2.246920000000000073e+03,3.533006135307988332e-03
2.247440000000000055e+03,3.527617241147988983e-03
2.247960000000000036e+03,3.522228902147988769e-03
2.248480000000000018e+03,3.516859702147988407e-03
2.249000000000000000e+03,3.511490871019582773e-03
2.249519999999999982e+03,3.506141232019582745e-03
2.250039999999999964e+03,3.500792008789582743e-03
2.250559999999999945e+03,3.495461821971176941e-03
2.251079999999999927e+03,3.490131821971176936e-03
2.251599999999999909e+03,3.484802782971176995e-03
2.252119999999999891e+03,3.479492288811176191e-03
2.252640000000000327e+03,3.474201357682769366e-03
2.253159999999999854e+03,3.468929657682770160e-03
2.253679999999999836e+03,3.463639818682769274e-03
2.254199999999999818e+03,3.458368495452768948e-03
2.254720000000000255e+03,3.453116708634363426e-03
2.255239999999999782e+03,3.447865108634363268e-03
2.255759999999999764e+03,3.442633069634362577e-03
2.256279999999999745e+03,3.437400938505957154e-03
2.256800000000000182e+03,3.432188444345957243e-03
2.257320000000000164e+03,3.426976005345956297e-03
2.257840000000000146e+03,3.421782676275957058e-03
2.258360000000000127e+03,3.416589717127551176e-03
2.258880000000000109e+03,3.411397295297551643e-03
2.259400000000000091e+03,3.406243156297550628e-03
2.259920000000000073e+03,3.401070364169143587e-03
2.260440000000000055e+03,3.395916725169144043e-03
2.260960000000000036e+03,3.390782631009143545e-03
2.261480000000000018e+03,3.385648562939144301e-03
2.262000000000000000e+03,3.380514470810738314e-03
2.262519999999999982e+03,3.375400003790738311e-03
2.263039999999999964e+03,3.370304676120738138e-03
2.263559999999999945e+03,3.365209150832331516e-03
2.264079999999999927e+03,3.360114350832331918e-03
2.264599999999999909e+03,3.355039111832331788e-03
2.265119999999999891e+03,3.349963911832331501e-03
2.265639999999999873e+03,3.344907557473925357e-03
2.266160000000000309e+03,3.339851918473924972e-03
2.266680000000000291e+03,3.334815890453925527e-03
2.267199999999999818e+03,3.329779323783925611e-03
2.267719999999999800e+03,3.324762737495519285e-03
2.268240000000000236e+03,3.319745798495518652e-03
2.268760000000000218e+03,3.314748998495518646e-03
2.269279999999999745e+03,3.309752038297112016e-03
2.269799999999999727e+03,3.304755238297112010e-03
2.270320000000000164e+03,3.299777377117112543e-03
2.270840000000000146e+03,3.294819277117112723e-03
2.271360000000000127e+03,3.289861018318706622e-03
2.271880000000000109e+03,3.284903418318706539e-03
2.272400000000000091e+03,3.279964785158706944e-03
2.272920000000000073e+03,3.275045885158706181e-03
2.273440000000000055e+03,3.270126824960300528e-03
2.273960000000000036e+03,3.265208424960299935e-03
2.274480000000000018e+03,3.260309057940299991e-03
2.275000000000000000e+03,3.255410071651893000e-03
2.275519999999999982e+03,3.250511204981893203e-03
2.276039999999999964e+03,3.245631504981893230e-03
2.276559999999999945e+03,3.240771365981893158e-03
2.277079999999999927e+03,3.235891979693487214e-03
2.277599999999999909e+03,3.231051411623487007e-03
2.278119999999999891e+03,3.226210872623487113e-03
2.278639999999999873e+03,3.221370344603485380e-03
2.279159999999999854e+03,3.216549219315080390e-03
2.279679999999999836e+03,3.211728791645080718e-03
2.280200000000000273e+03,3.206927452645080313e-03
2.280720000000000255e+03,3.202126060516674588e-03
2.281239999999999782e+03,3.197343792446673445e-03
2.281759999999999764e+03,3.192562498286673992e-03
2.282280000000000200e+03,3.187780759286674200e-03
2.282800000000000182e+03,3.183018539138267582e-03
2.283319999999999709e+03,3.178256900138267272e-03
2.283839999999999691e+03,3.173513778308267429e-03
2.284360000000000127e+03,3.168771239308267127e-03
2.284880000000000109e+03,3.164029147179860807e-03
2.285400000000000091e+03,3.159325279109861245e-03
2.285920000000000073e+03,3.154602379109860532e-03
2.286440000000000055e+03,3.149898853821454878e-03
2.286960000000000036e+03,3.145196025801454565e-03
2.287480000000000018e+03,3.140512286801454798e-03
2.288000000000000000e+03,3.135828586801454442e-03
2.288519999999999982e+03,3.131163733843048136e-03
2.289039999999999964e+03,3.126499633843047958e-03
2.289559999999999945e+03,3.121855065773047801e-03
2.290079999999999927e+03,3.117210565773047802e-03
2.290599999999999909e+03,3.112565934644641926e-03
2.291119999999999891e+03,3.107921812464641172e-03
2.291639999999999873e+03,3.103315973464641948e-03
2.292159999999999854e+03,3.098710173464642136e-03
2.292679999999999836e+03,3.094105214666235514e-03
2.293199999999999818e+03,3.089499791436235449e-03
2.293720000000000255e+03,3.084914052436235274e-03
2.294240000000000236e+03,3.080328260307829778e-03
2.294760000000000218e+03,3.075762121307829347e-03
2.295279999999999745e+03,3.071195993287829246e-03
2.295800000000000182e+03,3.066649360127829751e-03
2.296320000000000164e+03,3.062102267999423141e-03
2.296840000000000146e+03,3.057556228999422625e-03
2.297359999999999673e+03,3.053028772259422374e-03
2.297880000000000109e+03,3.048501833259423168e-03
2.298400000000000091e+03,3.043994346971016542e-03
2.298920000000000073e+03,3.039486507971016476e-03
2.299440000000000055e+03,3.034979679951016213e-03
2.299960000000000036e+03,3.030491440951015893e-03
2.300480000000000018e+03,3.026004054662609615e-03
2.301000000000000000e+03,3.021535415662609907e-03
2.301519999999999982e+03,3.017067758922609665e-03
2.302039999999999964e+03,3.012618627794203668e-03
2.302559999999999945e+03,3.008170127794203286e-03
2.303079999999999927e+03,3.003720994634203646e-03
2.303600000000000364e+03,2.999292066614203493e-03
2.304119999999999891e+03,2.994863035485797412e-03
2.304639999999999873e+03,2.990453235485797216e-03
2.305159999999999854e+03,2.986024702325797663e-03
2.305680000000000291e+03,2.981634445585797360e-03
2.306199999999999818e+03,2.977225514457391194e-03
2.306719999999999800e+03,2.972854914457390921e-03
2.307239999999999782e+03,2.968465175457391230e-03
2.307760000000000218e+03,2.964094953277390202e-03
2.308280000000000200e+03,2.959724722148983356e-03
2.308800000000000182e+03,2.955374222148983866e-03
2.309319999999999709e+03,2.951023183148983493e-03
2.309840000000000146e+03,2.946692254078983868e-03
2.310360000000000127e+03,2.942361101120577731e-03
2.310880000000000109e+03,2.938030201120577986e-03
2.311399999999999636e+03,2.933699262120577529e-03
2.311920000000000073e+03,2.929407062120577970e-03
2.312440000000000055e+03,2.925095508812171168e-03
2.312960000000000036e+03,2.920803808812170912e-03
2.313480000000000018e+03,2.916512069812171246e-03
2.314000000000000000e+03,2.912239848613765256e-03
2.314519999999999982e+03,2.907967209613764731e-03
2.315039999999999964e+03,2.903694987783765440e-03
2.315559999999999945e+03,2.899442448783764829e-03
2.316079999999999927e+03,2.895189856655358464e-03
2.316599999999999909e+03,2.890956889635358518e-03
2.317119999999999891e+03,2.886723489635358193e-03
2.317640000000000327e+03,2.882490456475358519e-03
2.318159999999999854e+03,2.878277035276952198e-03
2.318679999999999836e+03,2.874063696276951945e-03
2.319199999999999818e+03,2.869850368606951998e-03
2.319720000000000255e+03,2.865656535446952247e-03
2.320239999999999782e+03,2.861462743318545117e-03
2.320759999999999764e+03,2.857288576298545706e-03
2.321279999999999745e+03,2.853113976298545917e-03
2.321800000000000182e+03,2.848940376298545168e-03
2.322320000000000164e+03,2.844785121940139258e-03
2.322840000000000146e+03,2.840630621940138951e-03
2.323360000000000127e+03,2.836476582940139404e-03
2.323880000000000109e+03,2.832341155270139132e-03
2.324400000000000091e+03,2.828225224141732701e-03
2.324920000000000073e+03,2.824090729981733067e-03
2.325440000000000055e+03,2.819975362961732457e-03
2.325960000000000036e+03,2.815860062961732940e-03
2.326480000000000018e+03,2.811763702763326375e-03
2.327000000000000000e+03,2.807668502763326340e-03
2.327519999999999982e+03,2.803591769603326189e-03
2.328039999999999964e+03,2.799496569603326587e-03
2.328559999999999945e+03,2.795439410804919853e-03
2.329079999999999927e+03,2.791363310804920259e-03
2.329599999999999909e+03,2.787306688624919919e-03
2.330119999999999891e+03,2.783250188624920071e-03
2.330639999999999873e+03,2.779213128426513777e-03
2.331160000000000309e+03,2.775176228426514541e-03
2.331680000000000291e+03,2.771139328426514004e-03
2.332199999999999818e+03,2.767121895266514125e-03
2.332719999999999800e+03,2.763105003138107470e-03
2.333240000000000236e+03,2.759087675468107573e-03
2.333760000000000218e+03,2.755089975468107827e-03
2.334279999999999745e+03,2.751092208448106986e-03
2.334799999999999727e+03,2.747113393089701226e-03
2.335320000000000164e+03,2.743116193089700783e-03
2.335840000000000146e+03,2.739157154089700945e-03
2.336360000000000127e+03,2.735179554089700680e-03
2.336880000000000109e+03,2.731220961961294824e-03
2.337400000000000091e+03,2.727281940131294231e-03
2.337920000000000073e+03,2.723323401131294563e-03
2.338440000000000055e+03,2.719384473111294102e-03
2.338960000000000036e+03,2.715445980982888162e-03
2.339480000000000018e+03,2.711526612912888538e-03
2.340000000000000000e+03,2.707607218752888963e-03
2.340519999999999982e+03,2.703688418752888799e-03
2.341039999999999964e+03,2.699788626624482178e-03
2.341559999999999945e+03,2.695888887624482179e-03
2.342079999999999927e+03,2.691989659954482222e-03
2.342599999999999909e+03,2.688109465794481703e-03
2.343119999999999891e+03,2.684248345646075319e-03
2.343639999999999873e+03,2.680368177576075185e-03
2.344159999999999854e+03,2.676507677576074953e-03
2.344679999999999836e+03,2.672647583416074783e-03
2.345200000000000273e+03,2.668786952287668674e-03
2.345720000000000255e+03,2.664946552287668358e-03
2.346239999999999782e+03,2.661105652287668304e-03
2.346759999999999764e+03,2.657284324617668891e-03
2.347280000000000200e+03,2.653443671309262206e-03
2.347800000000000182e+03,2.649641942239262197e-03
2.348319999999999709e+03,2.645820642239261888e-03
2.348839999999999691e+03,2.642019403239262085e-03
2.349360000000000127e+03,2.638217611110855489e-03
2.349880000000000109e+03,2.634435916950856032e-03
2.350400000000000091e+03,2.630653816950855647e-03
2.350920000000000073e+03,2.626871677950855851e-03
2.351440000000000055e+03,2.623089958152448765e-03
2.351960000000000036e+03,2.619327930132449214e-03
2.352480000000000018e+03,2.615565306902449018e-03
2.353000000000000000e+03,2.611822367902449579e-03
2.353519999999999982e+03,2.608079875774043689e-03
2.354039999999999964e+03,2.604336975774043661e-03
2.354559999999999945e+03,2.600613636774043100e-03
2.355079999999999927e+03,2.596871642614043303e-03
2.355599999999999909e+03,2.593148750485636724e-03
2.356119999999999891e+03,2.589445022815636648e-03
2.356639999999999873e+03,2.585741226725636437e-03
2.357159999999999854e+03,2.582038026725636502e-03
2.357679999999999836e+03,2.578334640437230426e-03
2.358199999999999818e+03,2.574651040437230670e-03
2.358720000000000255e+03,2.570966901437230032e-03
2.359240000000000236e+03,2.567302401437230285e-03
2.359760000000000218e+03,2.563619301437230699e-03
2.360279999999999745e+03,2.559954576148823231e-03
2.360800000000000182e+03,2.556310176148823832e-03
2.361320000000000164e+03,2.552665691388823765e-03
2.361840000000000146e+03,2.549021291388823499e-03
2.362359999999999673e+03,2.545376760260417356e-03
2.362880000000000109e+03,2.541751366100417422e-03
2.363400000000000091e+03,2.538126566100417335e-03
2.363920000000000073e+03,2.534501766100417681e-03
2.364440000000000055e+03,2.530896434972010594e-03
2.364960000000000036e+03,2.527291234972010685e-03
2.365480000000000018e+03,2.523685940812010666e-03
2.366000000000000000e+03,2.520099717052010687e-03
2.366519999999999982e+03,2.516514024923604056e-03
2.367039999999999964e+03,2.512928424923604760e-03
2.367559999999999945e+03,2.509343324923604332e-03
2.368079999999999927e+03,2.505777191763604392e-03
2.368600000000000364e+03,2.502211099635197940e-03
2.369119999999999891e+03,2.498664699635197699e-03
2.369639999999999873e+03,2.495098699635197714e-03
2.370159999999999854e+03,2.491552231565197749e-03
2.370680000000000291e+03,2.488025189586791624e-03
2.371199999999999818e+03,2.484479289586791553e-03
2.371719999999999800e+03,2.480971550586791221e-03
2.372239999999999782e+03,2.477444750586792026e-03
2.372760000000000218e+03,2.473918450586791700e-03
2.373280000000000200e+03,2.470411064298384807e-03
2.373800000000000182e+03,2.466923425298384823e-03
2.374319999999999709e+03,2.463417225298384847e-03
2.374840000000000146e+03,2.459929596228385262e-03
2.375360000000000127e+03,2.456441848409978736e-03
2.375880000000000109e+03,2.452973215249979085e-03
2.376399999999999636e+03,2.449486115249978682e-03
2.376920000000000073e+03,2.446018615249978892e-03
2.377440000000000055e+03,2.442570123121572644e-03
2.377960000000000036e+03,2.439121684121572150e-03
2.378480000000000018e+03,2.435673189961572258e-03
2.379000000000000000e+03,2.432225289961571779e-03
2.379519999999999982e+03,2.428777229763165978e-03
2.380039999999999964e+03,2.425348401743165992e-03
2.380559999999999945e+03,2.421920074073166153e-03
2.381079999999999927e+03,2.418510874073165860e-03
2.381599999999999909e+03,2.415101948784759318e-03
2.382119999999999891e+03,2.411673648784759452e-03
2.382640000000000327e+03,2.408284048784759337e-03
2.383159999999999854e+03,2.404875348784759649e-03
2.383679999999999836e+03,2.401505280714759556e-03
2.384199999999999818e+03,2.398115994426353037e-03
2.384720000000000255e+03,2.394726866406353145e-03
2.385239999999999782e+03,2.391357338736352540e-03
2.385759999999999764e+03,2.387987799736352931e-03
2.386279999999999745e+03,2.384637307607946274e-03
2.386800000000000182e+03,2.381268213447946137e-03
2.387320000000000164e+03,2.377917774447946535e-03
2.387840000000000146e+03,2.374587474447946260e-03
2.388360000000000127e+03,2.371237453249540328e-03
2.388880000000000109e+03,2.367906653249540316e-03
2.389400000000000091e+03,2.364576192069540572e-03
2.389920000000000073e+03,2.361265492069540475e-03
2.390440000000000055e+03,2.357935164399540227e-03
2.390960000000000036e+03,2.354624372271133664e-03
2.391480000000000018e+03,2.351314133271133894e-03
2.392000000000000000e+03,2.348022439111133695e-03
2.392519999999999982e+03,2.344731339111134211e-03
2.393039999999999964e+03,2.341440617912727683e-03
2.393559999999999945e+03,2.338149478912727921e-03
2.394079999999999927e+03,2.334877950892727365e-03
2.394599999999999909e+03,2.331606450892727191e-03
2.395119999999999891e+03,2.328335331094320750e-03
2.395639999999999873e+03,2.325083392094320911e-03
2.396160000000000309e+03,2.321811892094320737e-03
2.396680000000000291e+03,2.318579592094320487e-03
2.397199999999999818e+03,2.315327692094320492e-03
2.397719999999999800e+03,2.312095731895914656e-03
2.398240000000000236e+03,2.308863431895914406e-03
2.398760000000000218e+03,2.305631103875914641e-03
2.399279999999999745e+03,2.302399264875914283e-03
2.399799999999999727e+03,2.299186472747507745e-03
2.400320000000000164e+03,2.295974245077507872e-03
2.400840000000000146e+03,2.292762045077507971e-03
2.401360000000000127e+03,2.289568906077507800e-03
2.401880000000000109e+03,2.286376213949102044e-03
2.402400000000000091e+03,2.283183084879102272e-03
2.402920000000000073e+03,2.279990984879102286e-03
2.403440000000000055e+03,2.276817445879101426e-03
2.403960000000000036e+03,2.273643917859101762e-03
2.404480000000000018e+03,2.270470825730694885e-03
2.405000000000000000e+03,2.267316925730695782e-03
2.405519999999999982e+03,2.264144359060695291e-03
2.406039999999999964e+03,2.260990959060695492e-03
2.406559999999999945e+03,2.257856566932289234e-03
2.407079999999999927e+03,2.254703637862288858e-03
2.407599999999999909e+03,2.251569298862289657e-03
2.408119999999999891e+03,2.248435498862289168e-03
2.408639999999999873e+03,2.245321270842289343e-03
2.409159999999999854e+03,2.242187378713882823e-03
2.409679999999999836e+03,2.239073139713882669e-03
2.410200000000000273e+03,2.235958939713882793e-03
2.410720000000000255e+03,2.232864312043882690e-03
2.411239999999999782e+03,2.229750019915476347e-03
2.411759999999999764e+03,2.226674451845476067e-03
2.412280000000000200e+03,2.223579851845476369e-03
2.412800000000000182e+03,2.220485751845476408e-03
2.413319999999999709e+03,2.217410659717069556e-03
2.413839999999999691e+03,2.214335592697069376e-03
2.414360000000000127e+03,2.211261092697069160e-03
2.414880000000000109e+03,2.208205692697069386e-03
2.415400000000000091e+03,2.205150265027069640e-03
2.415920000000000073e+03,2.202094733898663555e-03
2.416440000000000055e+03,2.199039833898663518e-03
2.416960000000000036e+03,2.196004004828663175e-03
2.417480000000000018e+03,2.192968204828663146e-03
2.418000000000000000e+03,2.189932773700256543e-03
2.418519999999999982e+03,2.186897445680256735e-03
2.419039999999999964e+03,2.183862145680256876e-03
2.419559999999999945e+03,2.180845945680256592e-03
2.420079999999999927e+03,2.177829706680256897e-03
2.420599999999999909e+03,2.174833486881850523e-03
2.421119999999999891e+03,2.171836886881850417e-03
2.421639999999999873e+03,2.168840257811850431e-03
2.422159999999999854e+03,2.165844118811850218e-03
2.422679999999999836e+03,2.162847926683443382e-03
2.423199999999999818e+03,2.159871426683443625e-03
2.423720000000000255e+03,2.156894898663443919e-03
2.424240000000000236e+03,2.153917859663444147e-03
2.424760000000000218e+03,2.150941859663443693e-03
2.425279999999999745e+03,2.147984367535037045e-03
2.425800000000000182e+03,2.145027439865037494e-03
2.426320000000000164e+03,2.142070471795038192e-03
2.426840000000000146e+03,2.139113571795038179e-03
2.427359999999999673e+03,2.136176179666631446e-03
2.427880000000000109e+03,2.133238879666631178e-03
2.428400000000000091e+03,2.130301512646631118e-03
2.428920000000000073e+03,2.127364712646631455e-03
2.429440000000000055e+03,2.124447012646631799e-03
2.429960000000000036e+03,2.121529220518225244e-03
2.430480000000000018e+03,2.118611481518224877e-03
2.431000000000000000e+03,2.115694281518224959e-03
2.431519999999999982e+03,2.112795652448224999e-03
2.432039999999999964e+03,2.109897552448225088e-03
2.432559999999999945e+03,2.106999821319818604e-03
2.433079999999999927e+03,2.104101721319818260e-03
2.433600000000000364e+03,2.101223693299818316e-03
2.434119999999999891e+03,2.098345193299818150e-03
2.434639999999999873e+03,2.095467062171412279e-03
2.435159999999999854e+03,2.092588562171412113e-03
2.435680000000000291e+03,2.089729662171412126e-03
2.436199999999999818e+03,2.086851633101412251e-03
2.436719999999999800e+03,2.083993194101411723e-03
2.437239999999999782e+03,2.081153801973005448e-03
2.437760000000000218e+03,2.078295401973005198e-03
2.438280000000000200e+03,2.075456601973005126e-03
2.438800000000000182e+03,2.072617234953005524e-03
2.439319999999999709e+03,2.069778342824598986e-03
2.439840000000000146e+03,2.066958642824599356e-03
2.440360000000000127e+03,2.064120342824599455e-03
2.440880000000000109e+03,2.061300603824599547e-03
2.441399999999999636e+03,2.058500974754599085e-03
2.441920000000000073e+03,2.055681682626192292e-03
2.442440000000000055e+03,2.052882082626192577e-03
2.442960000000000036e+03,2.050082443626192585e-03
2.443480000000000018e+03,2.047282843626192870e-03
2.444000000000000000e+03,2.044483215606192773e-03
2.444519999999999982e+03,2.041703123477786770e-03
2.445039999999999964e+03,2.038903484477786344e-03
2.445559999999999945e+03,2.036143084477786552e-03
2.446079999999999927e+03,2.033363055407786703e-03
2.446599999999999909e+03,2.030602563279380011e-03
2.447119999999999891e+03,2.027823063279380212e-03
2.447640000000000327e+03,2.025063124279379879e-03
2.448159999999999854e+03,2.022302724279379654e-03
2.448679999999999836e+03,2.019561924279380041e-03
2.449199999999999818e+03,2.016821004130973580e-03
2.449720000000000255e+03,2.014080165130973689e-03
2.450239999999999782e+03,2.011339865130973379e-03
2.450759999999999764e+03,2.008599565130973503e-03
2.451279999999999745e+03,2.005878336060973322e-03
2.451800000000000182e+03,2.003157004932567143e-03
2.452320000000000164e+03,2.000436304932567012e-03
2.452840000000000146e+03,1.997715104932567143e-03
2.453360000000000127e+03,1.994994904932567183e-03
2.453880000000000109e+03,1.992293173804160749e-03
2.454400000000000091e+03,1.989592045784160847e-03
2.454920000000000073e+03,1.986890445784160724e-03
2.455440000000000055e+03,1.984208445784161213e-03
2.455960000000000036e+03,1.981507806784161153e-03
2.456480000000000018e+03,1.978825685585754428e-03
2.457000000000000000e+03,1.976144185585754654e-03
2.457519999999999982e+03,1.973463185585754617e-03
2.458039999999999964e+03,1.970800746585754572e-03
2.458559999999999945e+03,1.968138846585754109e-03
2.459079999999999927e+03,1.965457754457348039e-03
2.459599999999999909e+03,1.962814954457348018e-03
2.460119999999999891e+03,1.960153554457348159e-03
2.460639999999999873e+03,1.957510715457347859e-03
2.461160000000000309e+03,1.954849286387348554e-03
2.461680000000000291e+03,1.952206894258942020e-03
2.462199999999999818e+03,1.949565094258941473e-03
2.462719999999999800e+03,1.946942355258941956e-03
2.463240000000000236e+03,1.944319155258941462e-03
2.463760000000000218e+03,1.941696863130535494e-03
2.464279999999999745e+03,1.939074163130535388e-03
2.464799999999999727e+03,1.936451924130535608e-03
2.465320000000000164e+03,1.933849324130535417e-03
2.465840000000000146e+03,1.931227124130535265e-03
2.466360000000000127e+03,1.928623902932128991e-03
2.466880000000000109e+03,1.926040363932128531e-03
2.467400000000000091e+03,1.923437763932128773e-03
2.467920000000000073e+03,1.920854263932128807e-03
2.468440000000000055e+03,1.918271263932128795e-03
2.468960000000000036e+03,1.915687671803722580e-03
2.469480000000000018e+03,1.913104632803722290e-03
2.470000000000000000e+03,1.910540732803722719e-03
2.470519999999999982e+03,1.907958232803722660e-03
2.471039999999999964e+03,1.905394332803722439e-03
2.471559999999999945e+03,1.902831272605315501e-03
2.472079999999999927e+03,1.900267872605315451e-03
2.472599999999999909e+03,1.897723572605315625e-03
2.473119999999999891e+03,1.895179772605315753e-03
2.473639999999999873e+03,1.892635933605315603e-03
2.474159999999999854e+03,1.890092041476909698e-03
2.474679999999999836e+03,1.887548741476909779e-03
2.475200000000000273e+03,1.885024041476909265e-03
2.475720000000000255e+03,1.882499841476909354e-03
2.476239999999999782e+03,1.879975510348502916e-03
2.476759999999999764e+03,1.877451781278502863e-03
2.477280000000000200e+03,1.874927581278502953e-03
2.477800000000000182e+03,1.872422981278502570e-03
2.478319999999999709e+03,1.869918342278503428e-03
2.478839999999999691e+03,1.867414150150096966e-03
2.479360000000000127e+03,1.864910050150096754e-03
2.479880000000000109e+03,1.862405950150096542e-03
2.480400000000000091e+03,1.859920911150096928e-03
2.480920000000000073e+03,1.857435911150096724e-03
2.481440000000000055e+03,1.854951319021690224e-03
2.481960000000000036e+03,1.852466289951690574e-03
2.482480000000000018e+03,1.850001389951690502e-03
2.483000000000000000e+03,1.847516850951690407e-03
2.483519999999999982e+03,1.845051950951690552e-03
2.484039999999999964e+03,1.842586458823284061e-03
2.484559999999999945e+03,1.840140658823284214e-03
2.485079999999999927e+03,1.837675719823284081e-03
2.485599999999999909e+03,1.835230419823284404e-03
2.486119999999999891e+03,1.832766019823284503e-03
2.486639999999999873e+03,1.830320627694877710e-03
2.487159999999999854e+03,1.827894388694877329e-03
2.487679999999999836e+03,1.825449588694877823e-03
2.488199999999999818e+03,1.823023388694877504e-03
2.488720000000000255e+03,1.820598188694877309e-03
2.489240000000000236e+03,1.818172396566471562e-03
2.489760000000000218e+03,1.815746657566471352e-03
2.490279999999999745e+03,1.813340057566471212e-03
2.490800000000000182e+03,1.810915357566471404e-03
2.491320000000000164e+03,1.808509257566471651e-03
2.491840000000000146e+03,1.806103026438064503e-03
2.492359999999999673e+03,1.803697426438064704e-03
2.492880000000000109e+03,1.801310426438064742e-03
2.493400000000000091e+03,1.798904826438064508e-03
2.493920000000000073e+03,1.796518787438064610e-03
2.494440000000000055e+03,1.794132195309658352e-03
2.494960000000000036e+03,1.791746195309658080e-03
2.495480000000000018e+03,1.789379295309658250e-03
2.496000000000000000e+03,1.787012395309658420e-03
2.496519999999999982e+03,1.784626856309658042e-03
2.497039999999999964e+03,1.782259864181251962e-03
2.497559999999999945e+03,1.779893464181251869e-03
2.498079999999999927e+03,1.777546664181252171e-03
2.498600000000000364e+03,1.775180225181251801e-03
2.499119999999999891e+03,1.772832925181251715e-03
2.499639999999999873e+03,1.770486033052845118e-03
2.500159999999999854e+03,1.768139233052845420e-03
2.500680000000000291e+03,1.765792933052845459e-03
2.501199999999999818e+03,1.763465194052845275e-03
2.501719999999999800e+03,1.761137994052845105e-03
2.502239999999999782e+03,1.758810701924438903e-03
2.502760000000000218e+03,1.756483501924439167e-03
2.503280000000000200e+03,1.754156262924438936e-03
2.503800000000000182e+03,1.751829562924438937e-03
2.504319999999999709e+03,1.749521962924438945e-03
2.504840000000000146e+03,1.747214270796032271e-03
2.505360000000000127e+03,1.744906670796032280e-03
2.505880000000000109e+03,1.742599531796032615e-03
2.506399999999999636e+03,1.740292431796032794e-03
2.506920000000000073e+03,1.738004431796032548e-03
2.507440000000000055e+03,1.735716339667626269e-03
2.507960000000000036e+03,1.733428300667626612e-03
2.508480000000000018e+03,1.731140300667626582e-03
2.509000000000000000e+03,1.728853300667626026e-03
2.509519999999999982e+03,1.726565800667626601e-03
2.510039999999999964e+03,1.724297308539219850e-03
2.510559999999999945e+03,1.722028869539219504e-03
2.511079999999999927e+03,1.719760969539219607e-03
2.511599999999999909e+03,1.717493069539219493e-03
2.512119999999999891e+03,1.715225169539219812e-03
2.512640000000000327e+03,1.712976738410813566e-03
2.513159999999999854e+03,1.710727938410813460e-03
2.513679999999999836e+03,1.708479638410813524e-03
2.514199999999999818e+03,1.706231838410813108e-03
2.514720000000000255e+03,1.703983538410813389e-03
2.515239999999999782e+03,1.701735107282406709e-03
2.515759999999999764e+03,1.699506407282406735e-03
2.516279999999999745e+03,1.697277707282406978e-03
2.516800000000000182e+03,1.695049007282406787e-03
2.517320000000000164e+03,1.692820268282406752e-03
2.517840000000000146e+03,1.690611076154000707e-03
2.518360000000000127e+03,1.688382876154000470e-03
2.518880000000000109e+03,1.686173776154000674e-03
2.519400000000000091e+03,1.683964676154000662e-03
2.519920000000000073e+03,1.681756037154000542e-03
2.520440000000000055e+03,1.679546937154000530e-03
2.520960000000000036e+03,1.677357437154000479e-03
2.521480000000000018e+03,1.675148837154000637e-03
2.522000000000000000e+03,1.672959337154000586e-03
2.522519999999999982e+03,1.670770298154000645e-03
2.523039999999999964e+03,1.668581298154000764e-03
2.523559999999999945e+03,1.666392298154000451e-03
2.524079999999999927e+03,1.664222398154000578e-03
2.524599999999999909e+03,1.662052459154000428e-03
2.525119999999999891e+03,1.659883059154000510e-03
2.525639999999999873e+03,1.657713659154000808e-03
2.526160000000000309e+03,1.655544259154000672e-03
2.526680000000000291e+03,1.653374859154000320e-03
2.527199999999999818e+03,1.651225020154000519e-03
2.527719999999999800e+03,1.649055620154000600e-03
2.528240000000000236e+03,1.646905820154000426e-03
2.528760000000000218e+03,1.644756020154000686e-03
2.529279999999999745e+03,1.642606681154000622e-03
2.529799999999999727e+03,1.640475981154000456e-03
2.530320000000000164e+03,1.638326681154000670e-03
2.530840000000000146e+03,1.636196481154000458e-03
2.531360000000000127e+03,1.634066281154000679e-03
2.531880000000000109e+03,1.631936042154000406e-03
2.532400000000000091e+03,1.629806342154000798e-03
2.532920000000000073e+03,1.627676142154000586e-03
2.533440000000000055e+03,1.625565542154000552e-03
2.533960000000000036e+03,1.623454942154000519e-03
2.534480000000000018e+03,1.621344803154000811e-03
2.535000000000000000e+03,1.619234203154000344e-03
2.535519999999999982e+03,1.617124103154000698e-03
2.536039999999999964e+03,1.615033103154000626e-03
2.536559999999999945e+03,1.612923464154000439e-03
2.537079999999999927e+03,1.610832464154000583e-03
2.537599999999999909e+03,1.608741964154000465e-03
2.538119999999999891e+03,1.606650964154000610e-03
2.538639999999999873e+03,1.604560464154000275e-03
2.539159999999999854e+03,1.602489525154000491e-03
2.539679999999999836e+03,1.600399025154000373e-03
2.540200000000000273e+03,1.598328125153999999e-03
2.540720000000000255e+03,1.596257225153999842e-03
2.541239999999999782e+03,1.594186325153999903e-03
2.541759999999999764e+03,1.592115386153999902e-03
2.542280000000000200e+03,1.590044986154000133e-03
2.542800000000000182e+03,1.587993186153999984e-03
2.543319999999999709e+03,1.585941886154000223e-03
2.543839999999999691e+03,1.583871486154000236e-03
2.544360000000000127e+03,1.581820647154000151e-03
2.544880000000000109e+03,1.579769347153999956e-03
2.545400000000000091e+03,1.577737147153999986e-03
2.545920000000000073e+03,1.575705947153999923e-03
2.546440000000000055e+03,1.573655108154000054e-03
2.546960000000000036e+03,1.571623408154000038e-03
2.547480000000000018e+03,1.569591708154000021e-03
2.548000000000000000e+03,1.567560508153999959e-03
2.548519999999999982e+03,1.565548408153999904e-03
2.549039999999999964e+03,1.563517169153999997e-03
2.549559999999999945e+03,1.561505069153999942e-03
2.550079999999999927e+03,1.559474369154000050e-03
2.550599999999999909e+03,1.557462269153999995e-03
2.551119999999999891e+03,1.555450669153999894e-03
2.551639999999999873e+03,1.553458130153999956e-03
2.552159999999999854e+03,1.551447030153999809e-03
2.552679999999999836e+03,1.549454530154000149e-03
2.553199999999999818e+03,1.547442930153999831e-03
2.553720000000000255e+03,1.545450930153999909e-03
2.554240000000000236e+03,1.543477991153999716e-03
2.554760000000000218e+03,1.541486491153999964e-03
2.555279999999999745e+03,1.539494491154000042e-03
2.555800000000000182e+03,1.537522091153999864e-03
2.556320000000000164e+03,1.535530552154000267e-03
2.556840000000000146e+03,1.533558152154000090e-03
2.557359999999999673e+03,1.531585752153999912e-03
2.557880000000000109e+03,1.529613352153999734e-03
2.558400000000000091e+03,1.527641452154000160e-03
2.558920000000000073e+03,1.525688613154000100e-03
2.559440000000000055e+03,1.523735813154000317e-03
2.559960000000000036e+03,1.521763913154000093e-03
2.560480000000000018e+03,1.519811113154000094e-03
2.561000000000000000e+03,1.517858813154000048e-03
2.561519999999999982e+03,1.515925574154000166e-03
2.562039999999999964e+03,1.513973274154000121e-03
2.562559999999999491e+03,1.512020974154000075e-03
2.563079999999999927e+03,1.510087774154000037e-03
2.563600000000000364e+03,1.508155074153999953e-03
2.564119999999999891e+03,1.506222335154000025e-03
2.564639999999999873e+03,1.504289635153999941e-03
2.565160000000000309e+03,1.502356935153999857e-03
2.565679999999999836e+03,1.500443335153999998e-03
2.566199999999999818e+03,1.498511135154000085e-03
2.566720000000000255e+03,1.496597496154000164e-03
2.567239999999999782e+03,1.494684396153999825e-03
2.567760000000000218e+03,1.492771296153999920e-03
2.568279999999999745e+03,1.490858196154000014e-03
2.568800000000000182e+03,1.488945596153999846e-03
2.569320000000000164e+03,1.487051557153999887e-03
2.569839999999999691e+03,1.485158057153999943e-03
2.570360000000000127e+03,1.483245457153999991e-03
2.570880000000000109e+03,1.481352457153999784e-03
2.571399999999999636e+03,1.479458957154000057e-03
2.571920000000000073e+03,1.477585018154000231e-03
2.572440000000000509e+03,1.475692018154000024e-03
2.572960000000000036e+03,1.473798518153999863e-03
2.573480000000000018e+03,1.471924618154000098e-03
2.574000000000000000e+03,1.470051179154000225e-03
2.574519999999999982e+03,1.468177279154000243e-03
2.575039999999999964e+03,1.466303879153999781e-03
2.575559999999999945e+03,1.464430479154000186e-03
2.576079999999999927e+03,1.462557079154000158e-03
2.576600000000000364e+03,1.460702740154000076e-03
2.577119999999999891e+03,1.458848940153999792e-03
2.577640000000000327e+03,1.456994640153999989e-03
2.578159999999999854e+03,1.455140840154000139e-03
2.578679999999999836e+03,1.453267940154000064e-03
2.579200000000000273e+03,1.451433701154000114e-03
2.579719999999999800e+03,1.449579901153999831e-03
2.580239999999999782e+03,1.447745201154000206e-03
2.580760000000000218e+03,1.445891901153999876e-03
2.581279999999999745e+03,1.444057701153999987e-03
2.581800000000000182e+03,1.442223462154000038e-03
2.582320000000000164e+03,1.440389262153999933e-03
2.582840000000000146e+03,1.438555562153999998e-03
2.583360000000000127e+03,1.436740462153999901e-03
2.583879999999999654e+03,1.434906762153999966e-03
2.584400000000000091e+03,1.433092123153999762e-03
2.584920000000000073e+03,1.431277523154000052e-03
2.585439999999999600e+03,1.429462923153999908e-03
2.585960000000000036e+03,1.427648823153999935e-03
2.586480000000000473e+03,1.425834723153999962e-03
2.587000000000000000e+03,1.424020584154000145e-03
2.587519999999999982e+03,1.422225584154000180e-03
2.588039999999999964e+03,1.420430584153999998e-03
2.588559999999999945e+03,1.418616984154000196e-03
2.589079999999999927e+03,1.416821984154000014e-03
2.589599999999999909e+03,1.415027445154000158e-03
2.590119999999999891e+03,1.413252045154000155e-03
2.590640000000000327e+03,1.411457545154000143e-03
2.591159999999999854e+03,1.409663045154000132e-03
2.591680000000000291e+03,1.407888145154000299e-03
2.592200000000000273e+03,1.406112706154000018e-03
2.592719999999999800e+03,1.404318706153999960e-03
2.593240000000000236e+03,1.402543806154000127e-03
2.593759999999999764e+03,1.400788506154000039e-03
2.594279999999999745e+03,1.399013606154000207e-03
2.594800000000000182e+03,1.397239167154000049e-03
2.595319999999999709e+03,1.395483367154000008e-03
2.595840000000000146e+03,1.393728067153999920e-03
2.596360000000000127e+03,1.391972767154000049e-03
2.596880000000000109e+03,1.390217467153999960e-03
2.597400000000000091e+03,1.388462667154000043e-03
2.597919999999999618e+03,1.386707828153999848e-03
2.598440000000000055e+03,1.384953028153999713e-03
2.598960000000000036e+03,1.383216828154000067e-03
2.599479999999999563e+03,1.381462528153999886e-03
