z_mm__Bz_on_axis,Total_potential_T__Bz_on_axis
-2.599479999999999563e+03,1.182021852045614298e-03
-2.598960000000000036e+03,1.183531084055449486e-03
-2.598440000000000055e+03,1.185059285285449153e-03
-2.597919999999999618e+03,1.186568517295284991e-03
-2.597400000000000091e+03,1.188096822685120795e-03
-2.596880000000000109e+03,1.189625126674955825e-03
-2.596360000000000127e+03,1.191153460084791362e-03
-2.595840000000000146e+03,1.192700720914791068e-03
-2.595319999999999709e+03,1.194229025254626726e-03
-2.594800000000000182e+03,1.195757358314462502e-03
-2.594279999999999745e+03,1.197304762654297734e-03
-2.593759999999999764e+03,1.198852091554297597e-03
-2.593240000000000236e+03,1.200399495894133263e-03
-2.592719999999999800e+03,1.201927828953969256e-03
-2.592200000000000273e+03,1.203475233293804488e-03
-2.591680000000000291e+03,1.205041698283639906e-03
-2.591159999999999854e+03,1.206588999513639798e-03
-2.590640000000000327e+03,1.208136431523475218e-03
-2.590119999999999891e+03,1.209702936913310822e-03
-2.589599999999999909e+03,1.211269468923146467e-03
-2.589079999999999927e+03,1.212835974312982072e-03
-2.588559999999999945e+03,1.214402402162981795e-03
-2.588039999999999964e+03,1.215968878482817520e-03
-2.587519999999999982e+03,1.217535411892652856e-03
-2.587000000000000000e+03,1.219101876882488274e-03
-2.586480000000000473e+03,1.220687510292324052e-03
-2.585960000000000036e+03,1.222253910122323827e-03
-2.585439999999999600e+03,1.223839543532159171e-03
-2.584920000000000073e+03,1.225425147521994659e-03
-2.584400000000000091e+03,1.227010723841830391e-03
-2.583879999999999654e+03,1.228596384921665490e-03
-2.583360000000000127e+03,1.230181857081665518e-03
-2.582840000000000146e+03,1.231767518161501268e-03
-2.582320000000000164e+03,1.233372194481336791e-03
-2.581800000000000182e+03,1.234957816561172263e-03
-2.581279999999999745e+03,1.236562492881007787e-03
-2.580760000000000218e+03,1.238167149801007623e-03
-2.580239999999999782e+03,1.239771826120843147e-03
-2.579719999999999800e+03,1.241376558130678591e-03
-2.579200000000000273e+03,1.242981263520514428e-03
-2.578679999999999836e+03,1.244605095530349880e-03
-2.578159999999999854e+03,1.246209696760349796e-03
-2.577640000000000327e+03,1.247833528770185031e-03
-2.577119999999999891e+03,1.249438234160020434e-03
-2.576600000000000364e+03,1.251062038149855938e-03
-2.576079999999999927e+03,1.252685871559691298e-03
-2.575559999999999945e+03,1.254328775549526809e-03
-2.575039999999999964e+03,1.255952475729526802e-03
-2.574519999999999982e+03,1.257576269789362558e-03
-2.574000000000000000e+03,1.259219174129197830e-03
-2.573480000000000018e+03,1.260843007189033430e-03
-2.572960000000000036e+03,1.262485911528868918e-03
-2.572440000000000509e+03,1.264128740428869038e-03
-2.571920000000000073e+03,1.265771644768704527e-03
-2.571399999999999636e+03,1.267414577828540135e-03
-2.570880000000000109e+03,1.269057482168375189e-03
-2.570360000000000127e+03,1.270719486158210926e-03
-2.569839999999999691e+03,1.272362419568046727e-03
-2.569320000000000164e+03,1.274024319398046542e-03
-2.568800000000000182e+03,1.275686446967881811e-03
-2.568279999999999745e+03,1.277348450957717331e-03
-2.567760000000000218e+03,1.279010484367552707e-03
-2.567239999999999782e+03,1.280672488357388443e-03
-2.566720000000000255e+03,1.282353593747223661e-03
-2.566199999999999818e+03,1.284015521597223642e-03
-2.565679999999999836e+03,1.285696626987059077e-03
-2.565160000000000309e+03,1.287377758996894554e-03
-2.564639999999999873e+03,1.289058835316730109e-03
-2.564119999999999891e+03,1.290739996396566116e-03
-2.563600000000000364e+03,1.292421072716401238e-03
-2.563079999999999927e+03,1.294102129636401106e-03
-2.562559999999999491e+03,1.295783205956236661e-03
-2.562039999999999964e+03,1.297483467036072242e-03
-2.561519999999999982e+03,1.299183643355907806e-03
-2.561000000000000000e+03,1.300883904435743170e-03
-2.560480000000000018e+03,1.302584080755578733e-03
-2.559960000000000036e+03,1.304284237675579043e-03
-2.559440000000000055e+03,1.305984508155414283e-03
-2.558920000000000073e+03,1.307684740165249767e-03
-2.558400000000000091e+03,1.309404045555085218e-03
-2.557880000000000109e+03,1.311123377564920710e-03
-2.557359999999999673e+03,1.312823582954756371e-03
-2.556840000000000146e+03,1.314542810804756375e-03
-2.556320000000000164e+03,1.316262143864591365e-03
-2.555800000000000182e+03,1.318000548204426893e-03
-2.555279999999999745e+03,1.319719881264262750e-03
-2.554760000000000218e+03,1.321458285604098061e-03
-2.554240000000000236e+03,1.323177618663933484e-03
-2.553720000000000255e+03,1.324916023003769447e-03
-2.553199999999999818e+03,1.326654351903768956e-03
-2.552679999999999836e+03,1.328392850403604377e-03
-2.552159999999999854e+03,1.330131283463440025e-03
-2.551639999999999873e+03,1.331888787803275345e-03
-2.551119999999999891e+03,1.333627191793111113e-03
-2.550599999999999909e+03,1.335384725202946312e-03
-2.550079999999999927e+03,1.337123129192781864e-03
-2.549559999999999945e+03,1.338880558442782009e-03
-2.549039999999999964e+03,1.340638062432617352e-03
-2.548519999999999982e+03,1.342414695842452776e-03
-2.548000000000000000e+03,1.344172199832288118e-03
-2.547480000000000018e+03,1.345948833242123976e-03
-2.546960000000000036e+03,1.347706431391959211e-03
-2.546440000000000055e+03,1.349483064801794635e-03
-2.545920000000000073e+03,1.351259603631794776e-03
-2.545400000000000091e+03,1.353036237041630417e-03
-2.544880000000000109e+03,1.354809341031466092e-03
-2.544360000000000127e+03,1.356591602111301446e-03
-2.543839999999999691e+03,1.358354678431136775e-03
-2.543319999999999709e+03,1.360136910440972466e-03
-2.542800000000000182e+03,1.361899515830807938e-03
-2.542280000000000200e+03,1.363681643680807925e-03
-2.541759999999999764e+03,1.365463943230643034e-03
-2.541239999999999782e+03,1.367246175240478942e-03
-2.540720000000000255e+03,1.369046980630314212e-03
-2.540200000000000273e+03,1.370848312640149912e-03
-2.539679999999999836e+03,1.372630018029985391e-03
-2.539159999999999854e+03,1.374431350039820657e-03
-2.538639999999999873e+03,1.376232194429656205e-03
-2.538119999999999891e+03,1.378033422279656200e-03
-2.537599999999999909e+03,1.379834227669491905e-03
-2.537079999999999927e+03,1.381654753839327504e-03
-2.536559999999999945e+03,1.383455586899162747e-03
-2.536039999999999964e+03,1.385275991238998266e-03
-2.535519999999999982e+03,1.387095924298833733e-03
-2.535000000000000000e+03,1.388916328638668818e-03
-2.534480000000000018e+03,1.390736261698504502e-03
-2.533960000000000036e+03,1.392556166038340067e-03
-2.533440000000000055e+03,1.394395633938339853e-03
-2.532920000000000073e+03,1.396215632438175527e-03
-2.532400000000000091e+03,1.398054665498011002e-03
-2.531880000000000109e+03,1.399893669837846358e-03
-2.531360000000000127e+03,1.401732702897682051e-03
-2.530840000000000146e+03,1.403572207237517794e-03
-2.530320000000000164e+03,1.405411240297353053e-03
-2.529799999999999727e+03,1.407269372307188389e-03
-2.529279999999999745e+03,1.409127487627023648e-03
-2.528760000000000218e+03,1.410985638707023919e-03
-2.528240000000000236e+03,1.412824615026859760e-03
-2.527719999999999800e+03,1.414701876106694983e-03
-2.527199999999999818e+03,1.416559952426530615e-03
-2.526680000000000291e+03,1.418418113506365831e-03
-2.526160000000000309e+03,1.420295289826201471e-03
-2.525639999999999873e+03,1.422172589906036972e-03
-2.525119999999999891e+03,1.424030788405872446e-03
-2.524599999999999909e+03,1.425927121465707945e-03
-2.524079999999999927e+03,1.427804249315707801e-03
-2.523559999999999945e+03,1.429681454705543104e-03
-2.523039999999999964e+03,1.431577786715378673e-03
-2.522519999999999982e+03,1.433454492105214455e-03
-2.522000000000000000e+03,1.435350863115049651e-03
-2.521480000000000018e+03,1.437247262664885289e-03
-2.520960000000000036e+03,1.439143594674721074e-03
-2.520440000000000055e+03,1.441039400064556431e-03
-2.519920000000000073e+03,1.442954832074392008e-03
-2.519400000000000091e+03,1.444870265134227515e-03
-2.518880000000000109e+03,1.446785208474062794e-03
-2.518360000000000127e+03,1.448700631534062923e-03
-2.517840000000000146e+03,1.450615535873898358e-03
-2.517320000000000164e+03,1.452530968933734082e-03
-2.516800000000000182e+03,1.454445873273569083e-03
-2.516279999999999745e+03,1.456380445333404442e-03
-2.515759999999999764e+03,1.458314449673240101e-03
-2.515239999999999782e+03,1.460230004913075667e-03
-2.514720000000000255e+03,1.462164008902911132e-03
-2.514199999999999818e+03,1.464098542312746625e-03
-2.513679999999999836e+03,1.466051685302581726e-03
-2.513159999999999854e+03,1.467986218712417435e-03
-2.512640000000000327e+03,1.469939322702252691e-03
-2.512119999999999891e+03,1.471892446112253294e-03
-2.511599999999999909e+03,1.473845550102088767e-03
-2.511079999999999927e+03,1.475799250181924083e-03
-2.510559999999999945e+03,1.477771426501759593e-03
-2.510039999999999964e+03,1.479724587581594895e-03
-2.509519999999999982e+03,1.481696763901430621e-03
-2.509000000000000000e+03,1.483669619141265777e-03
-2.508480000000000018e+03,1.485641834461101565e-03
-2.507960000000000036e+03,1.487614095540937091e-03
-2.507440000000000055e+03,1.489586327550772521e-03
-2.506920000000000073e+03,1.491558532940607477e-03
-2.506399999999999636e+03,1.493549998110443085e-03
-2.505880000000000109e+03,1.495563303500278829e-03
-2.505360000000000127e+03,1.497554635510114267e-03
-2.504840000000000146e+03,1.499545836740114177e-03
-2.504319999999999709e+03,1.501537207749949893e-03
-2.503800000000000182e+03,1.503547734969785596e-03
-2.503280000000000200e+03,1.505539068379620725e-03
-2.502760000000000218e+03,1.507549472369456656e-03
-2.502239999999999782e+03,1.509559444779291684e-03
-2.501719999999999800e+03,1.511569876789127130e-03
-2.501199999999999818e+03,1.513580376338963078e-03
-2.500680000000000291e+03,1.515609908348798315e-03
-2.500159999999999854e+03,1.517638980408633808e-03
-2.499639999999999873e+03,1.519668484748469290e-03
-2.499119999999999891e+03,1.521698017808304892e-03
-2.498600000000000364e+03,1.523727116308140313e-03
-2.498079999999999927e+03,1.525756688367975542e-03
-2.497559999999999945e+03,1.527805292707811033e-03
-2.497039999999999964e+03,1.529834325767646681e-03
-2.496519999999999982e+03,1.531882957777482143e-03
-2.496000000000000000e+03,1.533931224347317513e-03
-2.495480000000000018e+03,1.535979724177317322e-03
-2.494960000000000036e+03,1.538046957587153396e-03
-2.494440000000000055e+03,1.540095600576988754e-03
-2.493920000000000073e+03,1.542162955816824043e-03
-2.493400000000000091e+03,1.544230632136659592e-03
-2.492880000000000109e+03,1.546297893216495205e-03
-2.492359999999999673e+03,1.548365108536330428e-03
-2.491840000000000146e+03,1.550451969616166220e-03
-2.491320000000000164e+03,1.552519268116001657e-03
-2.490800000000000182e+03,1.554605640175837173e-03
-2.490279999999999745e+03,1.556692501255672531e-03
-2.489760000000000218e+03,1.558778777575507918e-03
-2.489240000000000236e+03,1.560865271815343276e-03
-2.488720000000000255e+03,1.562970648135178888e-03
-2.488199999999999818e+03,1.565057009215014509e-03
-2.487679999999999836e+03,1.567162480224850102e-03
-2.487159999999999854e+03,1.569268479774685440e-03
-2.486639999999999873e+03,1.571373911784520756e-03
-2.486119999999999891e+03,1.573498456174356533e-03
-2.485599999999999909e+03,1.575603888184191849e-03
-2.485079999999999927e+03,1.577728515404027212e-03
-2.484559999999999945e+03,1.579853058743862625e-03
-2.484039999999999964e+03,1.581977591803698530e-03
-2.483519999999999982e+03,1.584101596143533495e-03
-2.483000000000000000e+03,1.586226290383369302e-03
-2.482480000000000018e+03,1.588369894373204251e-03
-2.481960000000000036e+03,1.590513527783039924e-03
-2.481440000000000055e+03,1.592657199842875898e-03
-2.480920000000000073e+03,1.594800898342710934e-03
-2.480400000000000091e+03,1.596944031402546677e-03
-2.479880000000000109e+03,1.599106802412382294e-03
-2.479360000000000127e+03,1.601250435822217750e-03
-2.478839999999999691e+03,1.603412733972052646e-03
-2.478319999999999709e+03,1.605575402222052250e-03
-2.477800000000000182e+03,1.607757206211888300e-03
-2.477280000000000200e+03,1.609919506291724277e-03
-2.476759999999999764e+03,1.612101376771559163e-03
-2.476239999999999782e+03,1.614263637851395513e-03
-2.475720000000000255e+03,1.616445510261230395e-03
-2.475200000000000273e+03,1.618626908411065950e-03
-2.474679999999999836e+03,1.620827869490901185e-03
-2.474159999999999854e+03,1.623009184810737153e-03
-2.473639999999999873e+03,1.625210145890572822e-03
-2.473119999999999891e+03,1.627410683040408012e-03
-2.472599999999999909e+03,1.629611116450243539e-03
-2.472079999999999927e+03,1.631812048460078678e-03
-2.471559999999999945e+03,1.634031592849914541e-03
-2.471039999999999964e+03,1.636232119019750486e-03
-2.470519999999999982e+03,1.638452191079584975e-03
-2.470000000000000000e+03,1.640671724489420943e-03
-2.469480000000000018e+03,1.642891350659256029e-03
-2.468960000000000036e+03,1.645129995049091683e-03
-2.468440000000000055e+03,1.647349527058927093e-03
-2.467920000000000073e+03,1.649588199118762286e-03
-2.467400000000000091e+03,1.651826897618597625e-03
-2.466880000000000109e+03,1.654066069678433205e-03
-2.466360000000000127e+03,1.656323801688268848e-03
-2.465840000000000146e+03,1.658562529258104500e-03
-2.465320000000000164e+03,1.660820376407775309e-03
-2.464799999999999727e+03,1.663077609817610689e-03
-2.464279999999999745e+03,1.665335476037446217e-03
-2.463760000000000218e+03,1.667593208047281859e-03
-2.463240000000000236e+03,1.669870080457117479e-03
-2.462719999999999800e+03,1.672127784446952956e-03
-2.462199999999999818e+03,1.674404739686788162e-03
-2.461680000000000291e+03,1.676681555006623303e-03
-2.461160000000000309e+03,1.678977016086459538e-03
-2.460639999999999873e+03,1.681253982656295484e-03
-2.460119999999999891e+03,1.683549886646130110e-03
-2.459599999999999909e+03,1.685845386725966190e-03
-2.459079999999999927e+03,1.688122257205801812e-03
-2.458559999999999945e+03,1.690437357285637203e-03
-2.458039999999999964e+03,1.692751889295472916e-03
-2.457519999999999982e+03,1.695047927845307620e-03
-2.457000000000000000e+03,1.697362459855142900e-03
-2.456480000000000018e+03,1.699677504244979020e-03
-2.455960000000000036e+03,1.701992159484814505e-03
-2.455440000000000055e+03,1.704326330494650241e-03
-2.454920000000000073e+03,1.706640835884485263e-03
-2.454400000000000091e+03,1.708975101054321108e-03
-2.453880000000000109e+03,1.711308734114156543e-03
-2.453360000000000127e+03,1.713642377453991703e-03
-2.452840000000000146e+03,1.715995732693827158e-03
-2.452320000000000164e+03,1.718329404753662654e-03
-2.451800000000000182e+03,1.720682109093497978e-03
-2.451279999999999745e+03,1.723035475313333762e-03
-2.450759999999999764e+03,1.725407307323169066e-03
-2.450239999999999782e+03,1.727760079733004113e-03
-2.449720000000000255e+03,1.730131977882840011e-03
-2.449199999999999818e+03,1.732503850292675934e-03
-2.448679999999999836e+03,1.734875683352510734e-03
-2.448159999999999854e+03,1.737247752682182563e-03
-2.447640000000000327e+03,1.739619586092016907e-03
-2.447119999999999891e+03,1.742010529081852548e-03
-2.446599999999999909e+03,1.744401584321688932e-03
-2.446079999999999927e+03,1.746792527661524116e-03
-2.445559999999999945e+03,1.749183460721359792e-03
-2.445039999999999964e+03,1.751593654961195162e-03
-2.444519999999999982e+03,1.754003631281030344e-03
-2.444000000000000000e+03,1.756413731360865821e-03
-2.443480000000000018e+03,1.758823857530701683e-03
-2.442960000000000036e+03,1.761233401920537286e-03
-2.442440000000000055e+03,1.763643567090372342e-03
-2.441920000000000073e+03,1.766072700150208468e-03
-2.441399999999999636e+03,1.768501872560043330e-03
-2.440880000000000109e+03,1.770930598729878814e-03
-2.440360000000000127e+03,1.773378843119714820e-03
-2.439840000000000146e+03,1.775807975129549713e-03
-2.439319999999999709e+03,1.778255869369385145e-03
-2.438800000000000182e+03,1.780704217919055988e-03
-2.438280000000000200e+03,1.783152044088892347e-03
-2.437760000000000218e+03,1.785619416148727032e-03
-2.437239999999999782e+03,1.788067120488562225e-03
-2.436719999999999800e+03,1.790534614728397835e-03
-2.436199999999999818e+03,1.793001486788233434e-03
-2.435680000000000291e+03,1.795468291128069285e-03
-2.435159999999999854e+03,1.797954885367904253e-03
-2.434639999999999873e+03,1.800440789357740136e-03
-2.434119999999999891e+03,1.802926855927575612e-03
-2.433600000000000364e+03,1.805413259917410581e-03
-2.433079999999999927e+03,1.807899259997247220e-03
-2.432559999999999945e+03,1.810404426567082271e-03
-2.432039999999999964e+03,1.812909534716753432e-03
-2.431519999999999982e+03,1.815414728956588671e-03
-2.431000000000000000e+03,1.817920272296424120e-03
-2.430480000000000018e+03,1.820425305356259673e-03
-2.429960000000000036e+03,1.822949599596095354e-03
-2.429440000000000055e+03,1.825473675915930414e-03
-2.428920000000000073e+03,1.827997970155766094e-03
-2.428400000000000091e+03,1.830522141165601786e-03
-2.427880000000000109e+03,1.833065346555436950e-03
-2.427359999999999673e+03,1.835589640795272631e-03
-2.426840000000000146e+03,1.838132411805107943e-03
-2.426320000000000164e+03,1.840675815514779138e-03
-2.425800000000000182e+03,1.843238186524614628e-03
-2.425279999999999745e+03,1.845800680764449891e-03
-2.424760000000000218e+03,1.848363013824284818e-03
-2.424240000000000236e+03,1.850925357164120988e-03
-2.423720000000000255e+03,1.853487351403956080e-03
-2.423199999999999818e+03,1.856068755393791353e-03
-2.422679999999999836e+03,1.858631221963627728e-03
-2.422159999999999854e+03,1.861212194023462987e-03
-2.421639999999999873e+03,1.863793626033298425e-03
-2.421119999999999891e+03,1.866393896762968616e-03
-2.420599999999999909e+03,1.868975339752804382e-03
-2.420079999999999927e+03,1.871575494992640297e-03
-2.419559999999999945e+03,1.874176067402475278e-03
-2.419039999999999964e+03,1.876795304552311434e-03
-2.418519999999999982e+03,1.879395865632146759e-03
-2.418000000000000000e+03,1.882015132201982121e-03
-2.417480000000000018e+03,1.884634275191817516e-03
-2.416960000000000036e+03,1.887253936271653717e-03
-2.416440000000000055e+03,1.889892377931324044e-03
-2.415920000000000073e+03,1.892530649991159544e-03
-2.415400000000000091e+03,1.895169544230994839e-03
-2.414880000000000109e+03,1.897807776240830347e-03
-2.414360000000000127e+03,1.900446114790665985e-03
-2.413839999999999691e+03,1.903103485800501128e-03
-2.413319999999999709e+03,1.905760941040336850e-03
-2.412800000000000182e+03,1.908418285430173037e-03
-2.412280000000000200e+03,1.911075854759843994e-03
-2.411759999999999764e+03,1.913752326819679076e-03
-2.411239999999999782e+03,1.916409660229514283e-03
-2.410720000000000255e+03,1.919086225399350195e-03
-2.410200000000000273e+03,1.921781797459185719e-03
-2.409679999999999836e+03,1.924458362629020329e-03
-2.409159999999999854e+03,1.927153896038856203e-03
-2.408639999999999873e+03,1.929849666418526890e-03
-2.408119999999999891e+03,1.932545237428362050e-03
-2.407599999999999909e+03,1.935259503998198799e-03
-2.407079999999999927e+03,1.937955037058034045e-03
-2.406559999999999945e+03,1.940669802227869322e-03
-2.406039999999999964e+03,1.943403574637704839e-03
-2.405519999999999982e+03,1.946117811787540647e-03
-2.405000000000000000e+03,1.948851677027211345e-03
-2.404480000000000018e+03,1.951565971267046548e-03
-2.403960000000000036e+03,1.954318786586882028e-03
-2.403440000000000055e+03,1.957052680826717409e-03
-2.402920000000000073e+03,1.959805041906553108e-03
-2.402400000000000091e+03,1.962538851386388689e-03
-2.401880000000000109e+03,1.965291251466224232e-03
-2.401360000000000127e+03,1.968062920795895284e-03
-2.400840000000000146e+03,1.970815820875730998e-03
-2.400320000000000164e+03,1.973587320425566026e-03
-2.399799999999999727e+03,1.976358791435400830e-03
-2.399279999999999745e+03,1.979149985675237103e-03
-2.398760000000000218e+03,1.981921430065072733e-03
-2.398240000000000236e+03,1.984712199394742926e-03
-2.397719999999999800e+03,1.987502799474579352e-03
-2.397199999999999818e+03,1.990313026694414105e-03
-2.396680000000000291e+03,1.993103570034249813e-03
-2.396160000000000309e+03,1.995913364274085923e-03
-2.395639999999999873e+03,1.998723007263920794e-03
-2.395119999999999891e+03,2.001532905663592175e-03
-2.394599999999999909e+03,2.004361639073427067e-03
-2.394079999999999927e+03,2.007171376223262915e-03
-2.393559999999999945e+03,2.010000176303097623e-03
-2.393039999999999964e+03,2.012848142872933777e-03
-2.392519999999999982e+03,2.015676885862769524e-03
-2.392000000000000000e+03,2.018524984262440921e-03
-2.391480000000000018e+03,2.021372384342276333e-03
-2.390960000000000036e+03,2.024220254822111514e-03
-2.390440000000000055e+03,2.027087254901946672e-03
-2.389920000000000073e+03,2.029954349141782372e-03
-2.389400000000000091e+03,2.032820820151617913e-03
-2.388880000000000109e+03,2.035687962861288530e-03
-2.388360000000000127e+03,2.038574062941123696e-03
-2.387840000000000146e+03,2.041459728110959788e-03
-2.387320000000000164e+03,2.044345866660795142e-03
-2.386800000000000182e+03,2.047231398670630413e-03
-2.386279999999999745e+03,2.050136797070301400e-03
-2.385759999999999764e+03,2.053041469130137322e-03
-2.385239999999999782e+03,2.055946706629972753e-03
-2.384720000000000255e+03,2.058851406709807322e-03
-2.384199999999999818e+03,2.061775300949643310e-03
-2.383679999999999836e+03,2.064699648099314368e-03
-2.383159999999999854e+03,2.067623514669150384e-03
-2.382640000000000327e+03,2.070547408908985938e-03
-2.382119999999999891e+03,2.073490751898820865e-03
-2.381599999999999909e+03,2.076433707138656149e-03
-2.381079999999999927e+03,2.079376683708327334e-03
-2.380559999999999945e+03,2.082319620858162634e-03
-2.380039999999999964e+03,2.085281620937998962e-03
-2.379519999999999982e+03,2.088243715177833231e-03
-2.379000000000000000e+03,2.091205658517669274e-03
-2.378480000000000018e+03,2.094186928897340608e-03
-2.377960000000000036e+03,2.097168123137176186e-03
-2.377440000000000055e+03,2.100149194147011775e-03
-2.376920000000000073e+03,2.103130332696847432e-03
-2.376399999999999636e+03,2.106130532776682475e-03
-2.375880000000000109e+03,2.109111802106353011e-03
-2.375360000000000127e+03,2.112131196346189038e-03
-2.374840000000000146e+03,2.115131340736024594e-03
-2.374319999999999709e+03,2.118150205905859271e-03
-2.373800000000000182e+03,2.121169610145530460e-03
-2.373280000000000200e+03,2.124188976365366539e-03
-2.372760000000000218e+03,2.127207719705201568e-03
-2.372239999999999782e+03,2.130246213945037170e-03
-2.371719999999999800e+03,2.133284708184871904e-03
-2.371199999999999818e+03,2.136322655334543536e-03
-2.370680000000000291e+03,2.139380221904378741e-03
-2.370159999999999854e+03,2.142418121984214063e-03
-2.369639999999999873e+03,2.145494759134049419e-03
-2.369119999999999891e+03,2.148551957533720996e-03
-2.368600000000000364e+03,2.151628557613556505e-03
-2.368079999999999927e+03,2.154704724183391547e-03
-2.367559999999999945e+03,2.157780861333227600e-03
-2.367039999999999964e+03,2.160876665572897953e-03
-2.366519999999999982e+03,2.163952859812734268e-03
-2.366000000000000000e+03,2.167048003152569329e-03
-2.365480000000000018e+03,2.170162369372404844e-03
-2.364960000000000036e+03,2.173257767772076438e-03
-2.364440000000000055e+03,2.176372538781911649e-03
-2.363920000000000073e+03,2.179486877331746758e-03
-2.363400000000000091e+03,2.182620277411582554e-03
-2.362880000000000109e+03,2.185753846741252983e-03
-2.362359999999999673e+03,2.188887340981088888e-03
-2.361840000000000146e+03,2.192020713040923868e-03
-2.361320000000000164e+03,2.195154150540759921e-03
-2.360800000000000182e+03,2.198306848940430672e-03
-2.360279999999999745e+03,2.201458849020266739e-03
-2.359760000000000218e+03,2.204630515240101410e-03
-2.359240000000000236e+03,2.207802152739937046e-03
-2.358720000000000255e+03,2.210973856979608129e-03
-2.358199999999999818e+03,2.214145551219443616e-03
-2.357679999999999836e+03,2.217316688369278671e-03
-2.357159999999999854e+03,2.220507427449114769e-03
-2.356639999999999873e+03,2.223698298178784696e-03
-2.356119999999999891e+03,2.226888441168620517e-03
-2.355599999999999909e+03,2.230098335408456887e-03
-2.355079999999999927e+03,2.233307729648292220e-03
-2.354559999999999945e+03,2.236536704817963447e-03
-2.354039999999999964e+03,2.239746043367798860e-03
-2.353519999999999982e+03,2.242975037607633938e-03
-2.353000000000000000e+03,2.246222641847305315e-03
-2.352480000000000018e+03,2.249451107017140777e-03
-2.351960000000000036e+03,2.252699212236975758e-03
-2.351440000000000055e+03,2.255946684646811026e-03
-2.350920000000000073e+03,2.259194353976482200e-03
-2.350400000000000091e+03,2.262461048216317556e-03
-2.349880000000000109e+03,2.265728120276153893e-03
-2.349360000000000127e+03,2.268994918675824521e-03
-2.348839999999999691e+03,2.272280656175660035e-03
-2.348319999999999709e+03,2.275547389415495236e-03
-2.347800000000000182e+03,2.278833089495330491e-03
-2.347280000000000200e+03,2.282138030805001740e-03
-2.346759999999999764e+03,2.285442925044837113e-03
-2.346239999999999782e+03,2.288747697454672839e-03
-2.345720000000000255e+03,2.292052695854343916e-03
-2.345200000000000273e+03,2.295376633004178601e-03
-2.344679999999999836e+03,2.298700572084014151e-03
-2.344159999999999854e+03,2.302024170483685933e-03
-2.343639999999999873e+03,2.305348107983521029e-03
-2.343119999999999891e+03,2.308691174203356903e-03
-2.342599999999999909e+03,2.312033674283192012e-03
-2.342079999999999927e+03,2.315396011682863391e-03
-2.341559999999999945e+03,2.318758176852698475e-03
-2.341039999999999964e+03,2.322119748912534511e-03
-2.340519999999999982e+03,2.325482019642204773e-03
-2.340000000000000000e+03,2.328862784812040562e-03
-2.339480000000000018e+03,2.332244023891875701e-03
-2.338960000000000036e+03,2.335624922291547074e-03
-2.338440000000000055e+03,2.339025288511382972e-03
-2.337920000000000073e+03,2.342406026011218355e-03
-2.337400000000000091e+03,2.345825530250888937e-03
-2.336880000000000109e+03,2.349225463490724024e-03
-2.336360000000000127e+03,2.352644429710559759e-03
-2.335840000000000146e+03,2.356063499040230835e-03
-2.335320000000000164e+03,2.359501999120066154e-03
-2.334799999999999727e+03,2.362940104689901719e-03
-2.334279999999999745e+03,2.366378274019572802e-03
-2.333760000000000218e+03,2.369816340239408545e-03
-2.333240000000000236e+03,2.373273440319243269e-03
-2.332719999999999800e+03,2.376730777718914518e-03
-2.332199999999999818e+03,2.380187942888750338e-03
-2.331680000000000291e+03,2.383664181438585258e-03
-2.331160000000000309e+03,2.387140485678256561e-03
-2.330639999999999873e+03,2.390616818918092114e-03
-2.330119999999999891e+03,2.394112184087927517e-03
-2.329599999999999909e+03,2.397607182487598333e-03
-2.329079999999999927e+03,2.401102493547434269e-03
-2.328559999999999945e+03,2.404616960117269154e-03
-2.328039999999999964e+03,2.408131529446940703e-03
-2.327519999999999982e+03,2.411645523686775823e-03
-2.327000000000000000e+03,2.415159962766611282e-03
-2.326480000000000018e+03,2.418712733146282344e-03
-2.325960000000000036e+03,2.422245798316118026e-03
-2.325440000000000055e+03,2.425798503885953205e-03
-2.324920000000000073e+03,2.429331608125624362e-03
-2.324400000000000091e+03,2.432903402365459676e-03
-2.323880000000000109e+03,2.436455578515295262e-03
-2.323360000000000127e+03,2.440026976914966110e-03
-2.322840000000000146e+03,2.443598771154802292e-03
-2.322320000000000164e+03,2.447189214394472016e-03
-2.321800000000000182e+03,2.450760451894308176e-03
-2.321279999999999745e+03,2.454370418114143991e-03
-2.320759999999999764e+03,2.457960955513814692e-03
-2.320239999999999782e+03,2.461570449753650285e-03
-2.319720000000000255e+03,2.465179820763486324e-03
-2.319199999999999818e+03,2.468789458163156599e-03
-2.318679999999999836e+03,2.472437124382991826e-03
-2.318159999999999854e+03,2.476065834112663004e-03
-2.317640000000000327e+03,2.479694399282498726e-03
-2.317119999999999891e+03,2.483341999362334226e-03
-2.316599999999999909e+03,2.486989836762004951e-03
-2.316079999999999927e+03,2.490656602981840620e-03
-2.315559999999999945e+03,2.494323368151675924e-03
-2.315039999999999964e+03,2.497990305551346657e-03
-2.314519999999999982e+03,2.501675672121181707e-03
-2.314000000000000000e+03,2.505361615360853205e-03
-2.313480000000000018e+03,2.509047480530688951e-03
-2.312960000000000036e+03,2.512732846750524024e-03
-2.312440000000000055e+03,2.516437984150195640e-03
-2.311920000000000073e+03,2.520142478390030236e-03
-2.311399999999999636e+03,2.523866715789701426e-03
-2.310880000000000109e+03,2.527590686799537079e-03
-2.310360000000000127e+03,2.531314264349372907e-03
-2.309840000000000146e+03,2.535057062749043657e-03
-2.309319999999999709e+03,2.538800256988879307e-03
-2.308800000000000182e+03,2.542543065318550455e-03
-2.308280000000000200e+03,2.546304859558385942e-03
-2.307760000000000218e+03,2.550067098638220901e-03
-2.307239999999999782e+03,2.553848069017891284e-03
-2.306719999999999800e+03,2.557609873187727170e-03
-2.306199999999999818e+03,2.561390843917398831e-03
-2.305680000000000291e+03,2.565190877157234612e-03
-2.305159999999999854e+03,2.568971771397069673e-03
-2.304639999999999873e+03,2.572791508796740904e-03
-2.304119999999999891e+03,2.576591351786575602e-03
-2.303600000000000364e+03,2.580410589186247095e-03
-2.303079999999999927e+03,2.584229183426082870e-03
-2.302559999999999945e+03,2.588067520825753937e-03
-2.302039999999999964e+03,2.591905715065588155e-03
-2.301519999999999982e+03,2.595743891565424535e-03
-2.301000000000000000e+03,2.599582161945095376e-03
-2.300480000000000018e+03,2.603439495184930747e-03
-2.299960000000000036e+03,2.607315399424601707e-03
-2.299440000000000055e+03,2.611191803594437640e-03
-2.298920000000000073e+03,2.615068301994108446e-03
-2.298400000000000091e+03,2.618944235233943655e-03
-2.297880000000000109e+03,2.622839729473780065e-03
-2.297359999999999673e+03,2.626734838853450171e-03
-2.296840000000000146e+03,2.630649404023285409e-03
-2.296320000000000164e+03,2.634563613752956366e-03
-2.295800000000000182e+03,2.638477707992792180e-03
-2.295279999999999745e+03,2.642411545392463722e-03
-2.294760000000000218e+03,2.646344645472298134e-03
-2.294240000000000236e+03,2.650277925781969243e-03
-2.293720000000000255e+03,2.654230759021805088e-03
-2.293199999999999818e+03,2.658183157421476189e-03
-2.292679999999999836e+03,2.662154590661311437e-03
-2.292159999999999854e+03,2.666106884901147268e-03
-2.291639999999999873e+03,2.670078393230817474e-03
-2.291119999999999891e+03,2.674068926470652297e-03
-2.290599999999999909e+03,2.678059497200324744e-03
-2.290079999999999927e+03,2.682050002420160485e-03
-2.289559999999999945e+03,2.686059700819831177e-03
-2.289039999999999964e+03,2.690069334059666875e-03
-2.288519999999999982e+03,2.694098142389337973e-03
-2.288000000000000000e+03,2.698126742469173292e-03
-2.287480000000000018e+03,2.702155579868843836e-03
-2.286960000000000036e+03,2.706202874108679969e-03
-2.286440000000000055e+03,2.710250783488350572e-03
-2.285920000000000073e+03,2.714298587658185973e-03
-2.285400000000000091e+03,2.718365086057856518e-03
-2.284880000000000109e+03,2.722432019297692674e-03
-2.284360000000000127e+03,2.726517656697363071e-03
-2.283839999999999691e+03,2.730603623267198552e-03
-2.283319999999999709e+03,2.734689127437033799e-03
-2.282800000000000182e+03,2.738775264836705234e-03
-2.282280000000000200e+03,2.742879831056540575e-03
-2.281759999999999764e+03,2.747003668456211856e-03
-2.281239999999999782e+03,2.751127901696046301e-03
-2.280720000000000255e+03,2.755251700095718171e-03
-2.280200000000000273e+03,2.759375404265553867e-03
-2.279679999999999836e+03,2.763537441665224297e-03
-2.279159999999999854e+03,2.767680735905059773e-03
-2.278639999999999873e+03,2.771842773304731503e-03
-2.278119999999999891e+03,2.776004706544566662e-03
-2.277599999999999909e+03,2.780185776924237306e-03
-2.277079999999999927e+03,2.784366781094072592e-03
-2.276559999999999945e+03,2.788547918493744331e-03
-2.276039999999999964e+03,2.792748051733578204e-03
-2.275519999999999982e+03,2.796947750133250369e-03
-2.275000000000000000e+03,2.801167059862922151e-03
-2.274480000000000018e+03,2.805386293102756900e-03
-2.273960000000000036e+03,2.809605562432428063e-03
-2.273440000000000055e+03,2.813843395672263083e-03
-2.272920000000000073e+03,2.818081805051933595e-03
-2.272400000000000091e+03,2.822339238291769227e-03
-2.271880000000000109e+03,2.826577136691440107e-03
-2.271360000000000127e+03,2.830853669931276181e-03
-2.270840000000000146e+03,2.835129778260946608e-03
-2.270320000000000164e+03,2.839406311500782681e-03
-2.269799999999999727e+03,2.843701548900453863e-03
-2.269279999999999745e+03,2.847997143140289233e-03
-2.268760000000000218e+03,2.852292380539959982e-03
-2.268240000000000236e+03,2.856606613779795467e-03
-2.267719999999999800e+03,2.860920923159466708e-03
-2.267199999999999818e+03,2.865254688329302215e-03
-2.266680000000000291e+03,2.869588125728972979e-03
-2.266160000000000309e+03,2.873921563128643743e-03
-2.265639999999999873e+03,2.878273996368478811e-03
-2.265119999999999891e+03,2.882645633768150459e-03
-2.264599999999999909e+03,2.886998067007985527e-03
-2.264079999999999927e+03,2.891369665407656896e-03
-2.263559999999999945e+03,2.895760269577492101e-03
-2.263039999999999964e+03,2.900151006977163756e-03
-2.262519999999999982e+03,2.904560834376998090e-03
-2.262000000000000000e+03,2.908951071776669142e-03
-2.261480000000000018e+03,2.913379981156340864e-03
-2.260960000000000036e+03,2.917789675396176112e-03
-2.260440000000000055e+03,2.922218612795847350e-03
-2.259920000000000073e+03,2.926666016965683275e-03
-2.259400000000000091e+03,2.931114054365353654e-03
-2.258880000000000109e+03,2.935561487605189458e-03
-2.258360000000000127e+03,2.940028597334860740e-03
-2.257840000000000146e+03,2.944495234734530523e-03
-2.257320000000000164e+03,2.948981367974366514e-03
-2.256800000000000182e+03,2.953467066374037327e-03
-2.256279999999999745e+03,2.957971799613873156e-03
-2.255759999999999764e+03,2.962477202103544222e-03
-2.255239999999999782e+03,2.966981935343379184e-03
-2.254720000000000255e+03,2.971505872743050291e-03
-2.254199999999999818e+03,2.976029782122721450e-03
-2.253679999999999836e+03,2.980573215362557031e-03
-2.253159999999999854e+03,2.985116252762227713e-03
-2.252640000000000327e+03,2.989659186002063557e-03
-2.252119999999999891e+03,2.994221323401734681e-03
-2.251599999999999909e+03,2.998802531731405065e-03
-2.251079999999999927e+03,3.003364659131240594e-03
-2.250559999999999945e+03,3.007964457530910851e-03
-2.250039999999999964e+03,3.012545590770747145e-03
-2.249519999999999982e+03,3.017165028170418293e-03
-2.249000000000000000e+03,3.021765365570089432e-03
-2.248480000000000018e+03,3.026384226479924243e-03
-2.247960000000000036e+03,3.031022763879595832e-03
-2.247440000000000055e+03,3.035661197119430416e-03
-2.246920000000000073e+03,3.040299299609102064e-03
-2.246399999999999636e+03,3.044956937008772794e-03
-2.245880000000000109e+03,3.049633070248608958e-03
-2.245360000000000127e+03,3.054290707648279687e-03
-2.244840000000000146e+03,3.058985940888114992e-03
-2.244319999999999709e+03,3.063662678287785296e-03
-2.243800000000000182e+03,3.068358081827456899e-03
-2.243280000000000200e+03,3.073072415067292212e-03
-2.242760000000000218e+03,3.077786852466962795e-03
-2.242239999999999782e+03,3.082501760796634970e-03
-2.241719999999999800e+03,3.087254294036469865e-03
-2.241199999999999818e+03,3.091987831436140890e-03
-2.240680000000000291e+03,3.096740497835976172e-03
-2.240159999999999854e+03,3.101493135235647205e-03
-2.239639999999999873e+03,3.106264872635318679e-03
-2.239119999999999891e+03,3.111036505875153148e-03
-2.238600000000000364e+03,3.115827343274824631e-03
-2.238079999999999927e+03,3.120618180674495246e-03
-2.237559999999999945e+03,3.125427608074330971e-03
-2.237039999999999964e+03,3.130237545474002462e-03
-2.236519999999999982e+03,3.135047453803674073e-03
-2.236000000000000000e+03,3.139876387043508132e-03
-2.235480000000000018e+03,3.144724024443179469e-03
-2.234960000000000036e+03,3.149572256002850217e-03
-2.234440000000000055e+03,3.154419789242686283e-03
-2.233920000000000073e+03,3.159287065642356340e-03
-2.233400000000000091e+03,3.164172903042028126e-03
-2.232880000000000109e+03,3.169040036281863502e-03
-2.232359999999999673e+03,3.173945067841534972e-03
-2.231840000000000146e+03,3.178850032911205870e-03
-2.231320000000000164e+03,3.183755366151040395e-03
-2.230800000000000182e+03,3.188679403550711763e-03
-2.230279999999999745e+03,3.193603574110382651e-03
-2.229760000000000218e+03,3.198546578280218010e-03
-2.229240000000000236e+03,3.203489715679888519e-03
-2.228720000000000255e+03,3.208451953079559035e-03
-2.228199999999999818e+03,3.213414180479396993e-03
-2.227679999999999836e+03,3.218395517879067518e-03
-2.227159999999999854e+03,3.223357794278738312e-03
-2.226639999999999873e+03,3.228358127518572273e-03
-2.226119999999999891e+03,3.233358659078244650e-03
-2.225599999999999909e+03,3.238378196477916058e-03
-2.225079999999999927e+03,3.243397129717750724e-03
-2.224559999999999945e+03,3.248435806117421984e-03
-2.224039999999999964e+03,3.253474537677092642e-03
-2.223519999999999982e+03,3.258512702746764293e-03
-2.223000000000000000e+03,3.263570335986597844e-03
-2.222480000000000018e+03,3.268646673386268672e-03
-2.221960000000000036e+03,3.273723643945941359e-03
-2.221440000000000055e+03,3.278818948115776611e-03
-2.220920000000000073e+03,3.283895785515447609e-03
-2.220400000000000091e+03,3.289010417075118129e-03
-2.219880000000000109e+03,3.294124993474788817e-03
-2.219360000000000127e+03,3.299258526714624832e-03
-2.218839999999999691e+03,3.304392664114295421e-03
-2.218319999999999709e+03,3.309526395673966382e-03
-2.217800000000000182e+03,3.314698167913801390e-03
-2.217280000000000200e+03,3.319850932983472655e-03
-2.216759999999999764e+03,3.325022864543144933e-03
-2.216239999999999782e+03,3.330213840942814786e-03
-2.215720000000000255e+03,3.335404674182649958e-03
-2.215200000000000273e+03,3.340595705742322244e-03
-2.214679999999999836e+03,3.345805782141992105e-03
-2.214159999999999854e+03,3.351034419541663693e-03
-2.213639999999999873e+03,3.356263546941498557e-03
-2.213119999999999891e+03,3.361511823341170168e-03
-2.212599999999999909e+03,3.366759560740840030e-03
-2.212079999999999927e+03,3.372027019970511887e-03
-2.211559999999999945e+03,3.377294292210348235e-03
-2.211039999999999964e+03,3.382580229610018547e-03
-2.210519999999999982e+03,3.387866761169689139e-03
-2.210000000000000000e+03,3.393171865589359685e-03
-2.209480000000000018e+03,3.398476798829195601e-03
-2.208960000000000036e+03,3.403801530388867944e-03
-2.208440000000000055e+03,3.409125677718538670e-03
-2.207920000000000073e+03,3.414468915118209873e-03
-2.207400000000000091e+03,3.419831309188044437e-03
-2.206880000000000109e+03,3.425193646587716516e-03
-2.206360000000000127e+03,3.430556483987386163e-03
-2.205840000000000146e+03,3.435938054547056468e-03
-2.205320000000000164e+03,3.441338487786891557e-03
-2.204799999999999727e+03,3.446739064186563496e-03
-2.204279999999999745e+03,3.452139195746235095e-03
-2.203760000000000218e+03,3.457558833145904596e-03
-2.203240000000000236e+03,3.462997731375575764e-03
-2.202719999999999800e+03,3.468436364615411736e-03
-2.202199999999999818e+03,3.473894241015082832e-03
-2.201680000000000291e+03,3.479351672574753588e-03
-2.201160000000000309e+03,3.484828648974423824e-03
-2.200639999999999873e+03,3.490324280534095030e-03
-2.200119999999999891e+03,3.495801180793930811e-03
-2.199599999999999909e+03,3.501315818193602783e-03
-2.199079999999999927e+03,3.506831116423273116e-03
-2.198559999999999945e+03,3.512345753822943787e-03
-2.198039999999999964e+03,3.517880085382614746e-03
-2.197519999999999982e+03,3.523432857622450440e-03
-2.197000000000000000e+03,3.528985789182121236e-03
-2.196480000000000018e+03,3.534557765581793510e-03
-2.195960000000000036e+03,3.540129741981463182e-03
-2.195440000000000055e+03,3.545720901211135700e-03
-2.194920000000000073e+03,3.551312373450968979e-03
-2.194400000000000091e+03,3.556922605010641534e-03
-2.193880000000000109e+03,3.562551381410312360e-03
-2.193360000000000127e+03,3.568180740989982704e-03
-2.192840000000000146e+03,3.573829117389653275e-03
-2.192320000000000164e+03,3.579477482459325274e-03
-2.191800000000000182e+03,3.585144948859160692e-03
-2.191279999999999745e+03,3.590811886258830389e-03
-2.190759999999999764e+03,3.596498556818501953e-03
-2.190239999999999782e+03,3.602204233218173415e-03
-2.189720000000000255e+03,3.607909464777845406e-03
-2.189199999999999818e+03,3.613615168847515106e-03
-2.188679999999999836e+03,3.619358496247350974e-03
-2.188159999999999854e+03,3.625083272647022011e-03
-2.187640000000000327e+03,3.630845900296691964e-03
-2.187119999999999891e+03,3.636608337696362134e-03
-2.186599999999999909e+03,3.642371408256034598e-03
-2.186079999999999927e+03,3.648152973325704748e-03
-2.185559999999999945e+03,3.653953639725540919e-03
-2.185039999999999964e+03,3.659754316125211817e-03
-2.184519999999999982e+03,3.665574147684883856e-03
-2.184000000000000000e+03,3.671393924084553461e-03
-2.183480000000000018e+03,3.677251994644224493e-03
-2.182960000000000036e+03,3.683090887733895050e-03
-2.182440000000000055e+03,3.688948958293567382e-03
-2.181920000000000073e+03,3.694826034693237879e-03
-2.181399999999999636e+03,3.700703062093073370e-03
-2.180880000000000109e+03,3.706598738492743704e-03
-2.180360000000000127e+03,3.712514136722413864e-03
-2.179840000000000146e+03,3.718429374122085400e-03
-2.179319999999999709e+03,3.724344244681755851e-03
-2.178800000000000182e+03,3.730297721081428982e-03
-2.178280000000000200e+03,3.736231719661099390e-03
-2.177760000000000218e+03,3.742204284730770922e-03
-2.177239999999999782e+03,3.748176455290440964e-03
-2.176719999999999800e+03,3.754168121690276781e-03
-2.176199999999999818e+03,3.760159298089947588e-03
-2.175680000000000291e+03,3.766169629649618669e-03
-2.175159999999999854e+03,3.772179933719289023e-03
-2.174639999999999873e+03,3.778228533348960277e-03
-2.174119999999999891e+03,3.784257937768631484e-03
-2.173600000000000364e+03,3.790325569328302155e-03
-2.173079999999999927e+03,3.796374573397973563e-03
-2.172559999999999945e+03,3.802460843957645217e-03
-2.172039999999999964e+03,3.808566714517314881e-03
-2.171519999999999982e+03,3.814653390916986162e-03
-2.171000000000000000e+03,3.820759118316821145e-03
-2.170480000000000018e+03,3.826903150406493238e-03
-2.169960000000000036e+03,3.833046720966164049e-03
-2.169440000000000055e+03,3.839190791525834163e-03
-2.168920000000000073e+03,3.845353367925504438e-03
-2.168400000000000091e+03,3.851516527155175989e-03
-2.167880000000000109e+03,3.857698203554846706e-03
-2.167359999999999673e+03,3.863899603184518892e-03
-2.166840000000000146e+03,3.870100501764189675e-03
-2.166320000000000164e+03,3.876339978163859720e-03
-2.165800000000000182e+03,3.882559976393530968e-03
-2.165279999999999745e+03,3.888798952793201275e-03
-2.164760000000000218e+03,3.895057123352873435e-03
-2.164240000000000236e+03,3.901334354912543590e-03
-2.163720000000000255e+03,3.907611587002215135e-03
-2.163199999999999818e+03,3.913907957561886877e-03
-2.162679999999999836e+03,3.920204328121557752e-03
-2.162159999999999854e+03,3.926519704521228525e-03
-2.161639999999999873e+03,3.932854198591064117e-03
-2.161119999999999891e+03,3.939188798220734887e-03
-2.160599999999999909e+03,3.945561502640406067e-03
-2.160079999999999927e+03,3.951915173200076098e-03
-2.159559999999999945e+03,3.958306571429748115e-03
-2.159039999999999964e+03,3.964679247829419780e-03
-2.158519999999999982e+03,3.971089718389089231e-03
-2.158000000000000000e+03,3.977500716968760536e-03
-2.157480000000000018e+03,3.983930221038431592e-03
-2.156960000000000036e+03,3.990379391598101663e-03
-2.156440000000000055e+03,3.996828062157773732e-03
-2.155920000000000073e+03,4.003295795297444684e-03
-2.155400000000000091e+03,4.009783165857115639e-03
-2.154880000000000109e+03,4.016270064436786372e-03
-2.154360000000000127e+03,4.022775940836457488e-03
-2.153839999999999691e+03,4.029301039066127826e-03
-2.153319999999999709e+03,4.035807009625799052e-03
-2.152800000000000182e+03,4.042351180185471161e-03
-2.152280000000000200e+03,4.048914384605140949e-03
-2.151759999999999764e+03,4.055477682834812171e-03
-2.151239999999999782e+03,4.062060082464482441e-03
-2.150720000000000255e+03,4.068660958864153861e-03
-2.150200000000000273e+03,4.075262457093825098e-03
-2.149679999999999836e+03,4.081883055673496755e-03
-2.149159999999999854e+03,4.088522226233167432e-03
-2.148639999999999873e+03,4.095161802632838605e-03
-2.148119999999999891e+03,4.101820100862509262e-03
-2.147599999999999909e+03,4.108478871422179685e-03
-2.147079999999999927e+03,4.115156442231686189e-03
-2.146559999999999945e+03,4.121872446301358232e-03
-2.146039999999999964e+03,4.128588016861028075e-03
-2.145519999999999982e+03,4.135303587420699652e-03
-2.145000000000000000e+03,4.142038313670370724e-03
-2.144480000000000018e+03,4.148791990070042207e-03
-2.143960000000000036e+03,4.155545760629712065e-03
-2.143440000000000055e+03,4.162318660259382679e-03
-2.142920000000000073e+03,4.169110697489055405e-03
-2.142400000000000091e+03,4.175921796068724802e-03
-2.141880000000000109e+03,4.182732772468396309e-03
-2.141360000000000127e+03,4.189562970698067039e-03
-2.140840000000000146e+03,4.196412241257737805e-03
-2.140320000000000164e+03,4.203261078837408626e-03
-2.139799999999999727e+03,4.210129506137080119e-03
-2.139279999999999745e+03,4.217016882536750791e-03
-2.138760000000000218e+03,4.223922953096421844e-03
-2.138240000000000236e+03,4.230829683505927391e-03
-2.137719999999999800e+03,4.237754893065598730e-03
-2.137199999999999818e+03,4.244680563625268660e-03
-2.136680000000000291e+03,4.251643867694939599e-03
-2.136160000000000309e+03,4.258588195344611797e-03
-2.135639999999999873e+03,4.265589804904284035e-03
-2.135119999999999891e+03,4.272572303133955092e-03
-2.134599999999999909e+03,4.279574373693625054e-03
-2.134079999999999927e+03,4.286595111273296815e-03
-2.133559999999999945e+03,4.293634909502967896e-03
-2.133039999999999964e+03,4.300674614972637907e-03
-2.132519999999999982e+03,4.307752189692145434e-03
-2.132000000000000000e+03,4.314811154941817183e-03
-2.131480000000000018e+03,4.321908225501485713e-03
-2.130960000000000036e+03,4.329005296061157713e-03
-2.130440000000000055e+03,4.336140162360828387e-03
-2.129920000000000073e+03,4.343256360940499043e-03
-2.129400000000000091e+03,4.350410665010170062e-03
-2.128880000000000109e+03,4.357564574569842628e-03
-2.128360000000000127e+03,4.364737649289347592e-03
-2.127840000000000146e+03,4.371930275539017384e-03
-2.127320000000000164e+03,4.379141514168690720e-03
-2.126800000000000182e+03,4.386352684728361297e-03
-2.126279999999999745e+03,4.393583549978031383e-03
-2.125759999999999764e+03,4.400832920537702843e-03
-2.125239999999999782e+03,4.408082291097374303e-03
-2.124720000000000255e+03,4.415369957397043306e-03
-2.124199999999999818e+03,4.422657660136550435e-03
-2.123679999999999836e+03,4.429964303206222059e-03
-2.123159999999999854e+03,4.437270973765892676e-03
-2.122640000000000327e+03,4.444615911345563102e-03
-2.122119999999999891e+03,4.451941238645233841e-03
-2.121599999999999909e+03,4.459324309204906224e-03
-2.121079999999999927e+03,4.466688422924412413e-03
-2.120559999999999945e+03,4.474090149174083687e-03
-2.120039999999999964e+03,4.481492358733754622e-03
-2.119519999999999982e+03,4.488913186033426268e-03
-2.119000000000000000e+03,4.496353623613096734e-03
-2.118480000000000018e+03,4.503793494172767670e-03
-2.117960000000000036e+03,4.511252635562273267e-03
-2.117440000000000055e+03,4.518731234141945205e-03
-2.116920000000000073e+03,4.526228500441614559e-03
-2.116399999999999636e+03,4.533744771001286394e-03
-2.115880000000000109e+03,4.541261108580958022e-03
-2.115360000000000127e+03,4.548796649970463651e-03
-2.114840000000000146e+03,4.556370249600135390e-03
-2.114319999999999709e+03,4.563924786829805756e-03
-2.113800000000000182e+03,4.571517485409477138e-03
-2.113280000000000200e+03,4.579110222639147521e-03
-2.112760000000000218e+03,4.586740697358654938e-03
-2.112239999999999782e+03,4.594352564008324750e-03
-2.111719999999999800e+03,4.602002601237996891e-03
-2.111199999999999818e+03,4.609671171797666452e-03
-2.110680000000000291e+03,4.617340441207174254e-03
-2.110159999999999854e+03,4.625028140836845436e-03
-2.109639999999999873e+03,4.632754550396515902e-03
-2.109119999999999891e+03,4.640461415646186978e-03
-2.108600000000000364e+03,4.648206386205856570e-03
-2.108079999999999927e+03,4.655951556665364165e-03
-2.107559999999999945e+03,4.663735294245035037e-03
-2.107039999999999964e+03,4.671518492474706352e-03
-2.106519999999999982e+03,4.679320802034377114e-03
-2.106000000000000000e+03,4.687123300513883380e-03
-2.105480000000000018e+03,4.694963771073554747e-03
-2.104960000000000036e+03,4.702803902813225412e-03
-2.104440000000000055e+03,4.710663540042896169e-03
-2.103920000000000073e+03,4.718542382832402980e-03
-2.103400000000000091e+03,4.726440209082073858e-03
-2.102880000000000109e+03,4.734356618641744063e-03
-2.102359999999999673e+03,4.742273660031251850e-03
-2.101840000000000146e+03,4.750228326680921466e-03
-2.101320000000000164e+03,4.758183424910592853e-03
-2.100800000000000182e+03,4.766157134470263949e-03
-2.100279999999999745e+03,4.774150632949771163e-03
-2.099760000000000218e+03,4.782162542509441408e-03
-2.099240000000000236e+03,4.790174507229112352e-03
-2.098720000000000255e+03,4.798224672478783835e-03
-2.098199999999999818e+03,4.806274915268289247e-03
-2.097679999999999836e+03,4.814344180517961605e-03
-2.097159999999999854e+03,4.822432490077631882e-03
-2.096639999999999873e+03,4.830539992467137132e-03
-2.096119999999999891e+03,4.838647459116808547e-03
-2.095599999999999909e+03,4.846793190506480664e-03
-2.095079999999999927e+03,4.854958032245986627e-03
-2.094559999999999945e+03,4.863122298545657918e-03
-2.094039999999999964e+03,4.871306108105329102e-03
-2.093519999999999982e+03,4.879509177514834185e-03
-2.093000000000000000e+03,4.887730648074505371e-03
-2.092480000000000018e+03,4.895971408534176804e-03
-2.091960000000000036e+03,4.904231750273682806e-03
-2.091440000000000055e+03,4.912491487503354258e-03
-2.090920000000000073e+03,4.920789454153026016e-03
-2.090400000000000091e+03,4.929087995542530756e-03
-2.089880000000000109e+03,4.937405099262201502e-03
-2.089360000000000127e+03,4.945741293581874115e-03
-2.088839999999999691e+03,4.954096607301380906e-03
-2.088319999999999709e+03,4.962470972551051053e-03
-2.087800000000000182e+03,4.970864411180722468e-03
-2.087280000000000200e+03,4.979277174750228012e-03
-2.086759999999999764e+03,4.987689184309900686e-03
-2.086239999999999782e+03,4.996120821539570475e-03
-2.085720000000000255e+03,5.004590792349077576e-03
-2.085200000000000273e+03,5.013060223738746018e-03
-2.084679999999999836e+03,5.021568261318418852e-03
-2.084159999999999854e+03,5.030056831777924946e-03
-2.083639999999999873e+03,5.038583941337596538e-03
-2.083119999999999891e+03,5.047129904907103268e-03
-2.082599999999999909e+03,5.055694743536773283e-03
-2.082079999999999927e+03,5.064279208786445254e-03
-2.081559999999999945e+03,5.072863250175951508e-03
-2.081039999999999964e+03,5.081485510985622907e-03
-2.080519999999999982e+03,5.090107648215293906e-03
-2.080000000000000000e+03,5.098768061934800221e-03
-2.079480000000000018e+03,5.107428550414470740e-03
-2.078960000000000036e+03,5.116108103133977340e-03
-2.078440000000000055e+03,5.124825268383647291e-03
-2.077920000000000073e+03,5.133543011173154376e-03
-2.077400000000000091e+03,5.142279870582825915e-03
-2.076880000000000109e+03,5.151035180142496395e-03
-2.076360000000000127e+03,5.159791178622002115e-03
-2.075840000000000146e+03,5.168584810011674427e-03
-2.075320000000000164e+03,5.177398119821179610e-03
-2.074799999999999727e+03,5.186229857050850094e-03
-2.074279999999999745e+03,5.195080760770521590e-03
-2.073760000000000218e+03,5.203951359250027359e-03
-2.073240000000000236e+03,5.212821268809699621e-03
-2.072719999999999800e+03,5.221729671379205309e-03
-2.072199999999999818e+03,5.230637837678876571e-03
-2.071680000000000291e+03,5.239584279418382784e-03
-2.071160000000000309e+03,5.248530710808056027e-03
-2.070639999999999873e+03,5.257515381617560400e-03
-2.070119999999999891e+03,5.266499552007232465e-03
-2.069599999999999909e+03,5.275503350486738553e-03
-2.069079999999999927e+03,5.284526060046408277e-03
-2.068559999999999945e+03,5.293586658456081624e-03
-2.068039999999999964e+03,5.302647701245586515e-03
-2.067519999999999982e+03,5.311746460655258732e-03
-2.067000000000000000e+03,5.320845674374765494e-03
-2.066480000000000018e+03,5.329963507694436033e-03
-2.065960000000000036e+03,5.339100543243940553e-03
-2.065440000000000055e+03,5.348275609893611733e-03
-2.064920000000000073e+03,5.357451384443118018e-03
-2.064400000000000091e+03,5.366645549692790167e-03
-2.063880000000000109e+03,5.375859025642296639e-03
-2.063360000000000127e+03,5.385110490891967944e-03
-2.062840000000000146e+03,5.394362033681473177e-03
-2.062320000000000164e+03,5.403632232091143406e-03
-2.061800000000000182e+03,5.412921973480650482e-03
-2.061279999999999745e+03,5.422230834290322696e-03
-2.060759999999999764e+03,5.431577414679828603e-03
-2.060239999999999782e+03,5.440924475489499965e-03
-2.059720000000000255e+03,5.450290655879005616e-03
-2.059199999999999818e+03,5.459675415288677350e-03
-2.058679999999999836e+03,5.469098397078184064e-03
-2.058159999999999854e+03,5.478521960647689953e-03
-2.057640000000000327e+03,5.487963965947361376e-03
-2.057119999999999891e+03,5.497425201846866706e-03
-2.056599999999999909e+03,5.506924478076538274e-03
-2.056079999999999927e+03,5.516423970716045205e-03
-2.055559999999999945e+03,5.525961419275715082e-03
-2.055039999999999964e+03,5.535518211915222905e-03
-2.054519999999999982e+03,5.545074816164893144e-03
-2.054000000000000000e+03,5.554669753114399762e-03
-2.053480000000000018e+03,5.564283157364071156e-03
-2.052960000000000036e+03,5.573897165243576167e-03
-2.052440000000000055e+03,5.583549402723083331e-03
-2.051920000000000073e+03,5.593220134112754198e-03
-2.051399999999999636e+03,5.602910543922259672e-03
-2.050880000000000109e+03,5.612619514311931700e-03
-2.050360000000000127e+03,5.622347706951438123e-03
-2.049840000000000146e+03,5.632095359670944226e-03
-2.049319999999999709e+03,5.641861648150614528e-03
-2.048800000000000182e+03,5.651647056560121264e-03
-2.048280000000000200e+03,5.661451526949793332e-03
-2.047760000000000218e+03,5.671294197759301457e-03
-2.047239999999999782e+03,5.681136972308807077e-03
-2.046720000000000027e+03,5.691017899788477705e-03
-2.046200000000000045e+03,5.700898213507983245e-03
-2.045680000000000064e+03,5.710817340987653888e-03
-2.045159999999999854e+03,5.720736543557160790e-03
-2.044639999999999873e+03,5.730712386346667984e-03
-2.044120000000000118e+03,5.740669684756338764e-03
-2.043600000000000136e+03,5.750664694215844482e-03
-2.043079999999999927e+03,5.760679264955516181e-03
-2.042559999999999945e+03,5.770731657595022136e-03
-2.042039999999999964e+03,5.780783937984528865e-03
-2.041519999999999982e+03,5.790855365464201571e-03
-2.041000000000000000e+03,5.800965012343705859e-03
-2.040480000000000018e+03,5.811094181753212462e-03
-2.039960000000000036e+03,5.821222881212883941e-03
-2.039439999999999827e+03,5.831389356112391502e-03
-2.038920000000000073e+03,5.841575393591896814e-03
-2.038400000000000091e+03,5.851780463981567579e-03
-2.037880000000000109e+03,5.862023895621073025e-03
-2.037359999999999900e+03,5.872266637360581097e-03
-2.036839999999999918e+03,5.882548136820252641e-03
-2.036320000000000164e+03,5.892829239389757619e-03
-2.035800000000000182e+03,5.903149043009264449e-03
-2.035279999999999973e+03,5.913487219588934966e-03
-2.034759999999999991e+03,5.923844751228442458e-03
-2.034240000000000009e+03,5.934221825777948565e-03
-2.033720000000000255e+03,5.944636459097619834e-03
-2.033199999999999818e+03,5.955051233997124896e-03
-2.032680000000000064e+03,5.965504198616631767e-03
-2.032160000000000082e+03,5.975957201186137685e-03
-2.031639999999999873e+03,5.986467306485810345e-03
-2.031119999999999891e+03,5.996977581385317183e-03
-2.030599999999999909e+03,6.007506513024822407e-03
-2.030080000000000155e+03,6.018054912484492591e-03
-2.029559999999999945e+03,6.028641115053998828e-03
-2.029039999999999964e+03,6.039246824863507210e-03
-2.028519999999999982e+03,6.049871199413013080e-03
-2.028000000000000000e+03,6.060515126892684554e-03
-2.027480000000000018e+03,6.071196829462190830e-03
-2.026960000000000036e+03,6.081878533081697472e-03
-2.026440000000000055e+03,6.092598313821202816e-03
-2.025920000000000073e+03,6.103337780300873740e-03
-2.025399999999999864e+03,6.114095854850379666e-03
-2.024880000000000109e+03,6.124873086489886730e-03
-2.024360000000000127e+03,6.135688461389393958e-03
-2.023839999999999918e+03,6.146522266689066413e-03
-2.023319999999999936e+03,6.157356798328570899e-03
-2.022799999999999955e+03,6.168248600898077263e-03
-2.022280000000000200e+03,6.179139904517584256e-03
-2.021759999999999764e+03,6.190069879417088930e-03
-2.021240000000000009e+03,6.200999345896761328e-03
-2.020720000000000027e+03,6.211967520446267342e-03
-2.020200000000000045e+03,6.222954352085774757e-03
-2.019679999999999836e+03,6.233979260495281331e-03
-2.019159999999999854e+03,6.245004659954951111e-03
-2.018640000000000100e+03,6.256087002924457137e-03
-2.018120000000000118e+03,6.267150205493962969e-03
-2.017599999999999909e+03,6.278270709113470058e-03
-2.017079999999999927e+03,6.289391211682976782e-03
-2.016559999999999945e+03,6.300568543322483672e-03
-2.016040000000000191e+03,6.311746280732155427e-03
-2.015519999999999982e+03,6.322943156681662576e-03
-2.015000000000000000e+03,6.334177788321167756e-03
-2.014480000000000018e+03,6.345432029890674813e-03
-2.013959999999999809e+03,6.356704833510180494e-03
-2.013440000000000055e+03,6.368016241919687188e-03
-2.012920000000000073e+03,6.379327208399359142e-03
-2.012400000000000091e+03,6.390676412368864398e-03
-2.011879999999999882e+03,6.402044686918370239e-03
-2.011359999999999900e+03,6.413451757557878108e-03
-2.010840000000000146e+03,6.424877360127382621e-03
-2.010320000000000164e+03,6.436302991766891350e-03
-2.009799999999999955e+03,6.447785434386396793e-03
-2.009279999999999973e+03,6.459287332796068669e-03
-2.008759999999999991e+03,6.470808475765574275e-03
-2.008240000000000236e+03,6.482348650315080188e-03
-2.007719999999999800e+03,6.493926581954586642e-03
-2.007200000000000045e+03,6.505505052594093111e-03
-2.006680000000000064e+03,6.517140255163598843e-03
-2.006160000000000082e+03,6.528756897783107548e-03
-2.005639999999999873e+03,6.540449523582611557e-03
-2.005119999999999891e+03,6.552122965152119317e-03
-2.004600000000000136e+03,6.563853592631789698e-03
-2.004079999999999927e+03,6.575603406531297518e-03
-2.003559999999999945e+03,6.587372310150801935e-03
-2.003039999999999964e+03,6.599179480790307896e-03
-2.002519999999999982e+03,6.611005683359815442e-03
-2.002000000000000000e+03,6.622831953999322278e-03
-2.001480000000000018e+03,6.634714996618828152e-03
-2.000960000000000036e+03,6.646598499188335722e-03
-2.000440000000000055e+03,6.658520269827842598e-03
-1.999919999999999845e+03,6.670479701467350343e-03
-1.999400000000000091e+03,6.682458809176854489e-03
-1.998880000000000109e+03,6.694456479816362528e-03
-1.998360000000000127e+03,6.706492311455866835e-03
-1.997839999999999918e+03,6.718528125355374171e-03
-1.997319999999999936e+03,6.730602156994878495e-03
-1.996800000000000182e+03,6.742714399614387066e-03
-1.996279999999999745e+03,6.754845741183893547e-03
-1.995759999999999991e+03,6.767015405983400032e-03
-1.995240000000000009e+03,6.779184937622905263e-03
-1.994720000000000027e+03,6.791392575032577372e-03
-1.994199999999999818e+03,6.803638517652082530e-03
-1.993679999999999836e+03,6.815903049291588932e-03
-1.993160000000000082e+03,6.828168090861095468e-03
-1.992640000000000100e+03,6.840509155660602289e-03
-1.992119999999999891e+03,6.852850126300109000e-03
-1.991599999999999909e+03,6.865229767869619054e-03
-1.991079999999999927e+03,6.877608975648958657e-03
-1.990560000000000173e+03,6.890045446288465408e-03
-1.990039999999999964e+03,6.902481982017971522e-03
-1.989519999999999982e+03,6.914975752657480032e-03
-1.989000000000000000e+03,6.927469523296983338e-03
-1.988480000000000018e+03,6.940001425866490839e-03
-1.987960000000000036e+03,6.952571162645996769e-03
-1.987440000000000055e+03,6.965160433285504452e-03
-1.986920000000000073e+03,6.977768803925009540e-03
-1.986399999999999864e+03,6.990414845494517630e-03
-1.985879999999999882e+03,7.003080110294024850e-03
-1.985360000000000127e+03,7.015764880933529971e-03
-1.984840000000000146e+03,7.028506422503035499e-03
-1.984319999999999936e+03,7.041248059282541501e-03
-1.983799999999999955e+03,7.054027829922047792e-03
-1.983279999999999973e+03,7.066845800561555833e-03
-1.982760000000000218e+03,7.079682936291061511e-03
-1.982239999999999782e+03,7.092539106930566099e-03
-1.981720000000000027e+03,7.105433477570072438e-03
-1.981200000000000045e+03,7.118347146529417635e-03
-1.980680000000000064e+03,7.131298788098924119e-03
-1.980159999999999854e+03,7.144269030718429503e-03
-1.979639999999999873e+03,7.157278095517934265e-03
-1.979120000000000118e+03,7.170305637087441043e-03
-1.978600000000000136e+03,7.183390507726949460e-03
-1.978079999999999927e+03,7.196475972526454254e-03
-1.977559999999999945e+03,7.209599043165960085e-03
-1.977039999999999964e+03,7.222741213805467658e-03
-1.976519999999999982e+03,7.235921753694812483e-03
-1.976000000000000000e+03,7.249121263334317757e-03
-1.975480000000000018e+03,7.262359000113822495e-03
-1.974960000000000036e+03,7.275615270753327778e-03
-1.974439999999999827e+03,7.288910306482833043e-03
-1.973920000000000073e+03,7.302243477122341564e-03
-1.973400000000000091e+03,7.315595351921684759e-03
-1.972880000000000109e+03,7.328985983391190194e-03
-1.972359999999999900e+03,7.342395024960697396e-03
-1.971839999999999918e+03,7.355823789760205199e-03
-1.971320000000000164e+03,7.369290160399708835e-03
-1.970800000000000182e+03,7.382794864199215476e-03
-1.970279999999999973e+03,7.396318638998557009e-03
-1.969759999999999991e+03,7.409899674728065259e-03
-1.969240000000000009e+03,7.423480684367570956e-03
-1.968720000000000255e+03,7.437099949167077367e-03
-1.968199999999999818e+03,7.450737691786584425e-03
-1.967680000000000064e+03,7.464433499745925550e-03
-1.967160000000000082e+03,7.478129068985431976e-03
-1.966639999999999873e+03,7.491881533784939574e-03
-1.966119999999999891e+03,7.505634443424445343e-03
-1.965599999999999909e+03,7.519444208223952097e-03
-1.965080000000000155e+03,7.533273083023294889e-03
-1.964559999999999945e+03,7.547140157752799464e-03
-1.964039999999999964e+03,7.561026228392306141e-03
-1.963519999999999982e+03,7.574950632191811487e-03
-1.963000000000000000e+03,7.588913301151156178e-03
-1.962480000000000018e+03,7.602894938460662277e-03
-1.961960000000000036e+03,7.616914803260168253e-03
-1.961440000000000055e+03,7.630953683829673657e-03
-1.960920000000000073e+03,7.645030452789018660e-03
-1.960399999999999864e+03,7.659145856588523218e-03
-1.959880000000000109e+03,7.673298827228029403e-03
-1.959360000000000127e+03,7.687471635187371859e-03
-1.958839999999999918e+03,7.701662833496875429e-03
-1.958319999999999936e+03,7.715892308226385624e-03
-1.957799999999999955e+03,7.730179073025890239e-03
-1.957280000000000200e+03,7.744465886825232029e-03
-1.956759999999999764e+03,7.758809990624736079e-03
-1.956240000000000009e+03,7.773154055424246790e-03
-1.955720000000000027e+03,7.787555496893588600e-03
-1.955200000000000045e+03,7.801976000693095284e-03
-1.954679999999999836e+03,7.816453236422601231e-03
-1.954159999999999854e+03,7.830931144381941475e-03
-1.953640000000000100e+03,7.845465654021449228e-03
-1.953120000000000118e+03,7.860000746490954787e-03
-1.952599999999999909e+03,7.874611854450297085e-03
-1.952079999999999927e+03,7.889222764089804871e-03
-1.951559999999999945e+03,7.903891067889311922e-03
-1.951040000000000191e+03,7.918559436848653099e-03
-1.950519999999999982e+03,7.933285039248158532e-03
-1.950000000000000000e+03,7.948029648887664639e-03
-1.949480000000000018e+03,7.962831784867006532e-03
-1.948959999999999809e+03,7.977633249666514492e-03
-1.948440000000000055e+03,7.992492553466018154e-03
-1.947920000000000073e+03,8.007370994935363029e-03
-1.947400000000000091e+03,8.022287098734870447e-03
-1.946879999999999882e+03,8.037260606694213161e-03
-1.946359999999999900e+03,8.052234510493715136e-03
-1.945840000000000146e+03,8.067265241963224309e-03
-1.945320000000000164e+03,8.082315055762566078e-03
-1.944799999999999955e+03,8.097402991492070809e-03
-1.944279999999999973e+03,8.112510199451413578e-03
-1.943759999999999991e+03,8.127674630920919338e-03
-1.943240000000000236e+03,8.142858238880260405e-03
-1.942719999999999800e+03,8.158079442679768215e-03
-1.942200000000000045e+03,8.173320274499271815e-03
-1.941680000000000064e+03,8.188637015968615665e-03
-1.941160000000000082e+03,8.203935119768121509e-03
-1.940639999999999873e+03,8.219309227727466388e-03
-1.940119999999999891e+03,8.234702331526970800e-03
-1.939600000000000136e+03,8.250133767156313941e-03
-1.939079999999999927e+03,8.265584709955820994e-03
-1.938559999999999945e+03,8.281092017915162723e-03
-1.938039999999999964e+03,8.296637949384668906e-03
-1.937519999999999982e+03,8.312203085364009911e-03
-1.937000000000000000e+03,8.327806289163517880e-03
-1.936480000000000018e+03,8.343447324792859637e-03
-1.935960000000000036e+03,8.359107799522364282e-03
-1.935440000000000055e+03,8.374825707481705836e-03
-1.934919999999999845e+03,8.390562150281213535e-03
-1.934400000000000091e+03,8.406355891750556114e-03
-1.933880000000000109e+03,8.422168723570062215e-03
-1.933360000000000127e+03,8.438020331529403825e-03
-1.932839999999999918e+03,8.453909601998909826e-03
-1.932319999999999936e+03,8.469836609958251994e-03
-1.931800000000000182e+03,8.485802307917757886e-03
-1.931279999999999745e+03,8.501787143547101522e-03
-1.930759999999999991e+03,8.517829186346609349e-03
-1.930240000000000009e+03,8.533889922325949354e-03
-1.929720000000000027e+03,8.550008353795456040e-03
-1.929199999999999818e+03,8.566126400754797698e-03
-1.928679999999999836e+03,8.582321308714139715e-03
-1.928160000000000082e+03,8.598534740183646705e-03
-1.927640000000000100e+03,8.614805615162987942e-03
-1.927119999999999891e+03,8.631076346632494956e-03
-1.926599999999999909e+03,8.647404493591834967e-03
-1.926079999999999927e+03,8.663770697391340314e-03
-1.925560000000000173e+03,8.680175233020684389e-03
-1.925039999999999964e+03,8.696598502160026931e-03
-1.924519999999999982e+03,8.713079335029532205e-03
-1.924000000000000000e+03,8.729598509658874003e-03
-1.923480000000000018e+03,8.746155317618218433e-03
-1.922960000000000036e+03,8.762731188087721779e-03
-1.922440000000000055e+03,8.779364924067065493e-03
-1.921920000000000073e+03,8.796036266866568906e-03
-1.921399999999999864e+03,8.812726935655912017e-03
-1.920879999999999882e+03,8.829474743615256527e-03
-1.920360000000000127e+03,8.846260742104762945e-03
-1.919840000000000146e+03,8.863084450064102546e-03
-1.919319999999999936e+03,8.879949797023447070e-03
-1.918799999999999955e+03,8.896850461652951528e-03
-1.918279999999999973e+03,8.913769669612294638e-03
-1.917760000000000218e+03,8.930746772261632938e-03
-1.917239999999999782e+03,8.947742315061143689e-03
-1.916720000000000027e+03,8.964814444850486078e-03
-1.916200000000000045e+03,8.981886991809824930e-03
-1.915680000000000064e+03,8.999016291699333397e-03
-1.915159999999999854e+03,9.016164766328674252e-03
-1.914639999999999873e+03,9.033389668448016732e-03
-1.914120000000000118e+03,9.050633171097357405e-03
-1.913600000000000136e+03,9.067934313896866549e-03
-1.913079999999999927e+03,9.085235682686208444e-03
-1.912559999999999945e+03,9.102612829645549686e-03
-1.912039999999999964e+03,9.120008989135052271e-03
-1.911519999999999982e+03,9.137463130254397728e-03
-1.911000000000000000e+03,9.154954904883738989e-03
-1.910480000000000018e+03,9.172465808933077946e-03
-1.909960000000000036e+03,9.190033973562588415e-03
-1.909439999999999827e+03,9.207640820521929489e-03
-1.908920000000000073e+03,9.225304495151272557e-03
-1.908400000000000091e+03,9.242986864290614682e-03
-1.907880000000000109e+03,9.260707838919954304e-03
-1.907359999999999900e+03,9.278466475879461675e-03
-1.906839999999999918e+03,9.296282478528802851e-03
-1.906320000000000164e+03,9.314137248718145148e-03
-1.905800000000000182e+03,9.332030123347490047e-03
-1.905279999999999973e+03,9.349960698326831299e-03
-1.904759999999999991e+03,9.367948562956335268e-03
-1.904240000000000009e+03,9.385936409915677028e-03
-1.903720000000000255e+03,9.404019906725019293e-03
-1.903199999999999818e+03,9.422103282754362708e-03
-1.902680000000000064e+03,9.440262651543704017e-03
-1.902160000000000082e+03,9.458422426523045365e-03
-1.901639999999999873e+03,9.476677730152552326e-03
-1.901119999999999891e+03,9.494932532801893948e-03
-1.900599999999999909e+03,9.513244673921235350e-03
-1.900080000000000155e+03,9.531594977620579112e-03
-1.899559999999999945e+03,9.550003146759919806e-03
-1.899039999999999964e+03,9.568429860389261396e-03
-1.898519999999999982e+03,9.586913901508604605e-03
-1.898000000000000000e+03,9.605436094158110311e-03
-1.897480000000000018e+03,9.623995968787451075e-03
-1.896960000000000036e+03,9.642613805996793144e-03
-1.896440000000000055e+03,9.661269680626135420e-03
-1.895920000000000073e+03,9.679963321745477245e-03
-1.895399999999999864e+03,9.698695757554819455e-03
-1.894880000000000109e+03,9.717484861254161929e-03
-1.894360000000000127e+03,9.736312269393502736e-03
-1.893839999999999918e+03,9.755197344022843373e-03
-1.893319999999999936e+03,9.774101085142187020e-03
-1.892799999999999955e+03,9.793062220951531324e-03
-1.892280000000000200e+03,9.812061424650870417e-03
-1.891759999999999764e+03,9.831118032790211320e-03
-1.891240000000000009e+03,9.850193097419720004e-03
-1.890720000000000027e+03,9.869345139069063411e-03
-1.890200000000000045e+03,9.888515809258402109e-03
-1.889679999999999836e+03,9.907762917047745546e-03
-1.889159999999999854e+03,9.927009986187087381e-03
-1.888640000000000100e+03,9.946352499816428147e-03
-1.888120000000000118e+03,9.965695164695769284e-03
-1.887599999999999909e+03,9.985114605815116617e-03
-1.887079999999999927e+03,1.000455274162445271e-02
-1.886559999999999945e+03,1.002406661625379614e-02
-1.886040000000000191e+03,1.004360025346313912e-02
-1.885519999999999982e+03,1.006321026125248097e-02
-1.885000000000000000e+03,1.008283939706182235e-02
-1.884480000000000018e+03,1.010250624234100038e-02
-1.883959999999999809e+03,1.012221071306034295e-02
-1.883440000000000055e+03,1.014197302084968340e-02
-1.882920000000000073e+03,1.016181168963902794e-02
-1.882400000000000091e+03,1.018166952684836785e-02
-1.881879999999999882e+03,1.020160373463770836e-02
-1.881359999999999900e+03,1.022157617044705188e-02
-1.880840000000000146e+03,1.024158668547639657e-02
-1.880320000000000164e+03,1.026161642128573318e-02
-1.879799999999999955e+03,1.028172201809507760e-02
-1.879279999999999973e+03,1.030186632588441994e-02
-1.878759999999999991e+03,1.032208656309376374e-02
-1.878240000000000236e+03,1.034232637088310612e-02
-1.877719999999999800e+03,1.036260401085228357e-02
-1.877200000000000045e+03,1.038290064771162265e-02
-1.876680000000000064e+03,1.040333045585096691e-02
-1.876160000000000082e+03,1.042377986364030791e-02
-1.875639999999999873e+03,1.044428612851964859e-02
-1.875119999999999891e+03,1.046479283630898961e-02
-1.874600000000000136e+03,1.048539504444833369e-02
-1.874079999999999927e+03,1.050601598546751017e-02
-1.873559999999999945e+03,1.052667502127685104e-02
-1.873039999999999964e+03,1.054737228615619353e-02
-1.872519999999999982e+03,1.056818456627553818e-02
-1.872000000000000000e+03,1.058901554108487852e-02
-1.871480000000000018e+03,1.060986557794422330e-02
-1.870960000000000036e+03,1.063079211791339782e-02
-1.870440000000000055e+03,1.065175622570273782e-02
-1.869919999999999845e+03,1.067277766291208248e-02
-1.869400000000000091e+03,1.069383783772142119e-02
-1.868880000000000109e+03,1.071497387458076461e-02
-1.868360000000000127e+03,1.073616731454994470e-02
-1.867839999999999918e+03,1.075739932233928629e-02
-1.867319999999999936e+03,1.077868782037862475e-02
-1.866800000000000182e+03,1.080001482851796792e-02
-1.866279999999999745e+03,1.082134196953714496e-02
-1.865759999999999991e+03,1.084276454434649102e-02
-1.865240000000000009e+03,1.086420618015583074e-02
-1.864720000000000027e+03,1.088578116017500930e-02
-1.864199999999999818e+03,1.090737569014434832e-02
-1.863679999999999836e+03,1.092902692700369049e-02
-1.863160000000000082e+03,1.095067817414303521e-02
-1.862640000000000100e+03,1.097242551411221206e-02
-1.862119999999999891e+03,1.099419138997155369e-02
-1.861599999999999909e+03,1.101605281994089483e-02
-1.861079999999999927e+03,1.103793342798007129e-02
-1.860560000000000173e+03,1.105988973576941398e-02
-1.860039999999999964e+03,1.108188433964875548e-02
-1.859519999999999982e+03,1.110393691277793311e-02
-1.859000000000000000e+03,1.112602744963727547e-02
-1.858480000000000018e+03,1.114815569677661891e-02
-1.857960000000000036e+03,1.117034145997579560e-02
-1.857440000000000055e+03,1.119260340676513435e-02
-1.856920000000000073e+03,1.121494178157447785e-02
-1.856399999999999864e+03,1.123731854477365635e-02
-1.855879999999999882e+03,1.125973281958299668e-02
-1.855360000000000127e+03,1.128214769960217585e-02
-1.854840000000000146e+03,1.130469626857151695e-02
-1.854319999999999936e+03,1.132728243345085782e-02
-1.853799999999999955e+03,1.134994517856003672e-02
-1.853279999999999973e+03,1.137262688243938051e-02
-1.852760000000000218e+03,1.139536646140855425e-02
-1.852239999999999782e+03,1.141812465944790078e-02
-1.851720000000000027e+03,1.144099730623724005e-02
-1.851200000000000045e+03,1.146390790843641698e-02
-1.850680000000000064e+03,1.148691424424575815e-02
-1.850159999999999854e+03,1.150992084644493658e-02
-1.849639999999999873e+03,1.153296492230427607e-02
-1.849120000000000118e+03,1.155604739543345666e-02
-1.848600000000000136e+03,1.157926389931279720e-02
-1.848079999999999927e+03,1.160249917244197265e-02
-1.847559999999999945e+03,1.162581064830131572e-02
-1.847039999999999964e+03,1.164916052143049469e-02
-1.846519999999999982e+03,1.167258666430983499e-02
-1.846000000000000000e+03,1.169605063743901427e-02
-1.845480000000000018e+03,1.171957224131835867e-02
-1.844960000000000036e+03,1.174315128642753302e-02
-1.844439999999999827e+03,1.176678708446687351e-02
-1.843920000000000073e+03,1.179048019250605178e-02
-1.843400000000000091e+03,1.181421146147539590e-02
-1.842880000000000109e+03,1.183800010851457016e-02
-1.842359999999999900e+03,1.186184594946391307e-02
-1.841839999999999918e+03,1.188580655166309070e-02
-1.841320000000000164e+03,1.190978615970226910e-02
-1.840800000000000182e+03,1.193382306767161276e-02
-1.840279999999999973e+03,1.195787866987079069e-02
-1.839759999999999991e+03,1.198206774468013082e-02
-1.839240000000000009e+03,1.200627665785930671e-02
-1.838720000000000255e+03,1.203056148772848472e-02
-1.838199999999999818e+03,1.205488435669782588e-02
-1.837680000000000064e+03,1.207930280373700586e-02
-1.837160000000000082e+03,1.210372117270634706e-02
-1.836639999999999873e+03,1.212823521390552287e-02
-1.836119999999999891e+03,1.215278691610470300e-02
-1.835599999999999909e+03,1.217745350189404149e-02
-1.835080000000000155e+03,1.220213890409321995e-02
-1.834559999999999945e+03,1.222686257296239955e-02
-1.834039999999999964e+03,1.225164384193174263e-02
-1.833519999999999982e+03,1.227653938313091712e-02
-1.833000000000000000e+03,1.230145393017009585e-02
-1.832480000000000018e+03,1.232644479913943582e-02
-1.831960000000000036e+03,1.235149314033861558e-02
-1.831440000000000055e+03,1.237657918153779041e-02
-1.830920000000000073e+03,1.240176118233696570e-02
-1.830399999999999864e+03,1.242699989135630928e-02
-1.829880000000000109e+03,1.245231563255548568e-02
-1.829360000000000127e+03,1.247766904468466595e-02
-1.828839999999999918e+03,1.250309884688384325e-02
-1.828319999999999936e+03,1.252856681159318641e-02
-1.827799999999999955e+03,1.255414892372236184e-02
-1.827280000000000200e+03,1.257975057076154111e-02
-1.826759999999999764e+03,1.260540911196071645e-02
-1.826240000000000009e+03,1.263108711993005985e-02
-1.825720000000000027e+03,1.265689848879924043e-02
-1.825200000000000045e+03,1.268272939099841269e-02
-1.824679999999999836e+03,1.270871272635759087e-02
-1.824159999999999854e+03,1.273469593848676820e-02
-1.823640000000000100e+03,1.276077460319611188e-02
-1.823120000000000118e+03,1.278689154439528915e-02
-1.822599999999999909e+03,1.281306532459446784e-02
-1.822079999999999927e+03,1.283929683672364180e-02
-1.821559999999999945e+03,1.286558520559282284e-02
-1.821040000000000191e+03,1.289193134679199500e-02
-1.820519999999999982e+03,1.291837238383134259e-02
-1.820000000000000000e+03,1.294487079596051693e-02
-1.819480000000000018e+03,1.297142656482969288e-02
-1.818959999999999809e+03,1.299805880018887506e-02
-1.818440000000000055e+03,1.302476688038805078e-02
-1.817920000000000073e+03,1.305153274925722508e-02
-1.817400000000000091e+03,1.307835586138640475e-02
-1.816879999999999882e+03,1.310527404158558229e-02
-1.816359999999999900e+03,1.313224960461476139e-02
-1.815840000000000146e+03,1.315928284581393583e-02
-1.815320000000000164e+03,1.318637289694311529e-02
-1.814799999999999955e+03,1.321352016165245995e-02
-1.814279999999999973e+03,1.324070579701163396e-02
-1.813759999999999991e+03,1.326802460523081491e-02
-1.813240000000000236e+03,1.329536297409998798e-02
-1.812719999999999800e+03,1.332279644845916697e-02
-1.812200000000000045e+03,1.335024886058834223e-02
-1.811680000000000064e+03,1.337785466845752176e-02
-1.811160000000000082e+03,1.340546000381669968e-02
-1.810639999999999873e+03,1.343321811168587433e-02
-1.810119999999999891e+03,1.346099525288505308e-02
-1.809600000000000136e+03,1.348884892724423225e-02
-1.809079999999999927e+03,1.351674073511341043e-02
-1.808559999999999945e+03,1.354470846942258493e-02
-1.808039999999999964e+03,1.357271448145159522e-02
-1.807519999999999982e+03,1.360085456165077700e-02
-1.807000000000000000e+03,1.362903243600994962e-02
-1.806480000000000018e+03,1.365730570487913055e-02
-1.805960000000000036e+03,1.368563637923830671e-02
-1.805440000000000055e+03,1.371402431512748661e-02
-1.804919999999999845e+03,1.374248868948666630e-02
-1.804400000000000091e+03,1.377102886828584193e-02
-1.803880000000000109e+03,1.379966460364501560e-02
-1.803360000000000127e+03,1.382837671151419638e-02
-1.802839999999999918e+03,1.385714668587337446e-02
-1.802319999999999936e+03,1.388593539241238066e-02
-1.801800000000000182e+03,1.391485760028156153e-02
-1.801279999999999745e+03,1.394381807464073995e-02
-1.800759999999999991e+03,1.397287348250991941e-02
-1.800240000000000009e+03,1.400192945686909440e-02
-1.799720000000000027e+03,1.403113828691826895e-02
-1.799199999999999818e+03,1.406036567127728378e-02
-1.798679999999999836e+03,1.408974591230646028e-02
-1.798160000000000082e+03,1.411912611433564259e-02
-1.797640000000000100e+03,1.414860172255482176e-02
-1.797119999999999891e+03,1.417811562458399892e-02
-1.796599999999999909e+03,1.420782010310300651e-02
-1.796079999999999927e+03,1.423752494997218392e-02
-1.795560000000000173e+03,1.426726805235136591e-02
-1.795039999999999964e+03,1.429706795438053998e-02
-1.794519999999999982e+03,1.432702120382955448e-02
-1.794000000000000000e+03,1.435703124485873151e-02
-1.793480000000000018e+03,1.438713668074790945e-02
-1.792960000000000036e+03,1.441729952317708646e-02
-1.792440000000000055e+03,1.444750062936610117e-02
-1.791920000000000073e+03,1.447779663174527873e-02
-1.791399999999999864e+03,1.450816907277445098e-02
-1.790879999999999882e+03,1.453863755129346236e-02
-1.790360000000000127e+03,1.456916269816264237e-02
-1.789840000000000146e+03,1.459980302821182151e-02
-1.789319999999999936e+03,1.463048114573083439e-02
-1.788799999999999955e+03,1.466125468676001374e-02
-1.788279999999999973e+03,1.469204681680918653e-02
-1.787760000000000218e+03,1.472295413432820298e-02
-1.787239999999999782e+03,1.475389910337738045e-02
-1.786720000000000027e+03,1.478503560956638714e-02
-1.786200000000000045e+03,1.481619062292556695e-02
-1.785680000000000064e+03,1.484746029197474629e-02
-1.785159999999999854e+03,1.487873003716375792e-02
-1.784639999999999873e+03,1.491013281152293868e-02
-1.784120000000000118e+03,1.494157448473195510e-02
-1.783600000000000136e+03,1.497314972576112985e-02
-1.783079999999999927e+03,1.500476280037014130e-02
-1.782559999999999945e+03,1.503649084139931959e-02
-1.782039999999999964e+03,1.506825658242849988e-02
-1.781519999999999982e+03,1.510013714979751079e-02
-1.781000000000000000e+03,1.513209386315668079e-02
-1.780480000000000018e+03,1.516412713636569772e-02
-1.779960000000000036e+03,1.519623667739487642e-02
-1.779439999999999827e+03,1.522844179491389047e-02
-1.778920000000000073e+03,1.526070369303306543e-02
-1.778400000000000091e+03,1.529300393238208419e-02
-1.777880000000000109e+03,1.532543770143125761e-02
-1.777359999999999900e+03,1.535794844662027349e-02
-1.776839999999999918e+03,1.539055423115928169e-02
-1.776320000000000164e+03,1.542323586634846040e-02
-1.775800000000000182e+03,1.545601356862746911e-02
-1.775279999999999973e+03,1.548884790965664691e-02
-1.774759999999999991e+03,1.552179749419566740e-02
-1.774240000000000009e+03,1.555478472938484277e-02
-1.773720000000000255e+03,1.558796300259385897e-02
-1.773199999999999818e+03,1.562116041585286802e-02
-1.772680000000000064e+03,1.565445327906204651e-02
-1.772160000000000082e+03,1.568774616325106092e-02
-1.771639999999999873e+03,1.572121100295006957e-02
-1.771119999999999891e+03,1.575469478297924358e-02
-1.770599999999999909e+03,1.578835008525825839e-02
-1.770080000000000155e+03,1.582204366360727074e-02
-1.769559999999999945e+03,1.585587073265645394e-02
-1.769039999999999964e+03,1.588973671100546436e-02
-1.768519999999999982e+03,1.592371621328447437e-02
-1.768000000000000000e+03,1.595773441549365110e-02
-1.767480000000000018e+03,1.599186717201266789e-02
-1.766960000000000036e+03,1.602607597838167849e-02
-1.766440000000000055e+03,1.606036105264069258e-02
-1.765920000000000073e+03,1.609476125484986600e-02
-1.765399999999999864e+03,1.612925603319888615e-02
-1.764880000000000109e+03,1.616382764540789593e-02
-1.764360000000000127e+03,1.619841848084691005e-02
-1.763839999999999918e+03,1.623321912187608573e-02
-1.763319999999999936e+03,1.626807682824510035e-02
-1.762799999999999955e+03,1.630301093566411189e-02
-1.762280000000000200e+03,1.633798364787312704e-02
-1.761759999999999764e+03,1.637312785424213657e-02
-1.761240000000000009e+03,1.640831015750131988e-02
-1.760720000000000027e+03,1.644362616971033197e-02
-1.760200000000000045e+03,1.647896141507934967e-02
-1.759679999999999836e+03,1.651444892249835303e-02
-1.759159999999999854e+03,1.654995602886736791e-02
-1.758640000000000100e+03,1.658565363523637967e-02
-1.758120000000000118e+03,1.662137024849539430e-02
-1.757599999999999909e+03,1.665722105070457232e-02
-1.757079999999999927e+03,1.669312879607358704e-02
-1.756559999999999945e+03,1.672920793151259564e-02
-1.756040000000000191e+03,1.676530610986160311e-02
-1.755519999999999982e+03,1.680153858430061958e-02
-1.755000000000000000e+03,1.683780909650963581e-02
-1.754480000000000018e+03,1.687419377485864860e-02
-1.753959999999999809e+03,1.691067404929766371e-02
-1.753440000000000055e+03,1.694724975566667263e-02
-1.752920000000000073e+03,1.698392103010568782e-02
-1.752400000000000091e+03,1.702066813612470100e-02
-1.751879999999999882e+03,1.705754948149371120e-02
-1.751359999999999900e+03,1.709448815593271956e-02
-1.750840000000000146e+03,1.713159816230173590e-02
-1.750320000000000164e+03,1.716874640872075378e-02
-1.749799999999999955e+03,1.720602835408976614e-02
-1.749279999999999973e+03,1.724334848952877725e-02
-1.748759999999999991e+03,1.728080242905778718e-02
-1.748240000000000236e+03,1.731827493116680494e-02
-1.747719999999999800e+03,1.735595794851581622e-02
-1.747200000000000045e+03,1.739364048395482601e-02
-1.746680000000000064e+03,1.743153312932384236e-02
-1.746160000000000082e+03,1.746942587885269224e-02
-1.745639999999999873e+03,1.750749048096170504e-02
-1.745119999999999891e+03,1.754557372049071751e-02
-1.744600000000000136e+03,1.758382926690972570e-02
-1.744079999999999927e+03,1.762212304134873689e-02
-1.743559999999999945e+03,1.766060728671775548e-02
-1.743039999999999964e+03,1.769912988298676451e-02
-1.742519999999999982e+03,1.773780523251561325e-02
-1.742000000000000000e+03,1.777653780695462316e-02
-1.741480000000000018e+03,1.781538458548364429e-02
-1.740960000000000036e+03,1.785428908759265423e-02
-1.740440000000000055e+03,1.789326990494167352e-02
-1.739919999999999845e+03,1.793240327770051143e-02
-1.739400000000000091e+03,1.797165106206952828e-02
-1.738880000000000109e+03,1.801101346417854215e-02
-1.738360000000000127e+03,1.805041413277755358e-02
-1.737839999999999918e+03,1.809000582130640411e-02
-1.737319999999999936e+03,1.812967341757541415e-02
-1.736800000000000182e+03,1.816945600194443122e-02
-1.736279999999999745e+03,1.820929607470327810e-02
-1.735759999999999991e+03,1.824925011581228843e-02
-1.735240000000000009e+03,1.828922325534130047e-02
-1.734720000000000027e+03,1.832946387294015142e-02
-1.734199999999999818e+03,1.836970444013916182e-02
-1.733679999999999836e+03,1.841015464773818056e-02
-1.733160000000000082e+03,1.845062449300702290e-02
-1.732640000000000100e+03,1.849122747153604182e-02
-1.732119999999999891e+03,1.853188764597505159e-02
-1.731599999999999909e+03,1.857275818540389881e-02
-1.731079999999999927e+03,1.861366676393290745e-02
-1.730560000000000173e+03,1.865469000920175896e-02
-1.730039999999999964e+03,1.869578961680077450e-02
-1.729519999999999982e+03,1.873702249948962228e-02
-1.729000000000000000e+03,1.877835079575863528e-02
-1.728480000000000018e+03,1.881985090919765027e-02
-1.727960000000000036e+03,1.886142761955649991e-02
-1.727440000000000055e+03,1.890308066615550495e-02
-1.726920000000000073e+03,1.894488660558435456e-02
-1.726399999999999864e+03,1.898678741318337096e-02
-1.725879999999999882e+03,1.902880335740222278e-02
-1.725360000000000127e+03,1.907087606500123059e-02
-1.724840000000000146e+03,1.911313990443008065e-02
-1.724319999999999936e+03,1.915546105518892844e-02
-1.723799999999999955e+03,1.919797306138793999e-02
-1.723279999999999973e+03,1.924050427314678846e-02
-1.722760000000000218e+03,1.928318770841579849e-02
-1.722239999999999782e+03,1.932589085917465338e-02
-1.721720000000000027e+03,1.936882259339366488e-02
-1.721200000000000045e+03,1.941179264415251321e-02
-1.720680000000000064e+03,1.945501048358136073e-02
-1.720159999999999854e+03,1.949824785785037387e-02
-1.719639999999999873e+03,1.954161896960922296e-02
-1.719120000000000118e+03,1.958504744698806935e-02
-1.718600000000000136e+03,1.962868539358708295e-02
-1.718079999999999927e+03,1.967238082717593164e-02
-1.717559999999999945e+03,1.971622900560478231e-02
-1.717039999999999964e+03,1.976015345220379429e-02
-1.716519999999999982e+03,1.980419261965264341e-02
-1.716000000000000000e+03,1.984836496901149286e-02
-1.715480000000000018e+03,1.989267151977033854e-02
-1.714960000000000036e+03,1.993709218819935194e-02
-1.714439999999999827e+03,1.998162749464819921e-02
-1.713920000000000073e+03,2.002627734540704529e-02
-1.713400000000000091e+03,2.007102571799589813e-02
-1.712880000000000109e+03,2.011592379226491423e-02
-1.712359999999999900e+03,2.016093657104375478e-02
-1.711839999999999918e+03,2.020608264363260922e-02
-1.711320000000000164e+03,2.025128589299145590e-02
-1.710800000000000182e+03,2.029664197177030380e-02
-1.710279999999999973e+03,2.034207454435914969e-02
-1.709759999999999991e+03,2.038771705762816577e-02
-1.709240000000000009e+03,2.043337835823701848e-02
-1.708720000000000255e+03,2.047930743666586881e-02
-1.708199999999999818e+03,2.052525522058470941e-02
-1.707680000000000064e+03,2.057139392703356134e-02
-1.707160000000000082e+03,2.061757089962240608e-02
-1.706639999999999873e+03,2.066397701705125628e-02
-1.706119999999999891e+03,2.071042088999010267e-02
-1.705599999999999909e+03,2.075703720157895393e-02
-1.705080000000000155e+03,2.080372980802780436e-02
-1.704559999999999945e+03,2.085059391961664732e-02
-1.704039999999999964e+03,2.089755355922549851e-02
-1.703519999999999982e+03,2.094462713765434664e-02
-1.703000000000000000e+03,2.099183504924319321e-02
-1.702480000000000018e+03,2.103917666118204632e-02
-1.701960000000000036e+03,2.108665137861089056e-02
-1.701440000000000055e+03,2.113426037921974088e-02
-1.700920000000000073e+03,2.118202169080858968e-02
-1.700399999999999864e+03,2.122987853041743631e-02
-1.699880000000000109e+03,2.127788764200628721e-02
-1.699360000000000127e+03,2.132597358745513122e-02
-1.698839999999999918e+03,2.137423152811398358e-02
-1.698319999999999936e+03,2.142258457188266421e-02
-1.697799999999999955e+03,2.147112848347151187e-02
-1.697280000000000200e+03,2.151972972308036428e-02
-1.696759999999999764e+03,2.156850283466921550e-02
-1.696240000000000009e+03,2.161731371327806073e-02
-1.695720000000000027e+03,2.166643062486690863e-02
-1.695200000000000045e+03,2.171556626863559158e-02
-1.694679999999999836e+03,2.176489331922443898e-02
-1.694159999999999854e+03,2.181425808790328838e-02
-1.693640000000000100e+03,2.186385202751213799e-02
-1.693120000000000118e+03,2.191350277810098779e-02
-1.692599999999999909e+03,2.196340242186967454e-02
-1.692079999999999927e+03,2.201337787245851579e-02
-1.691559999999999945e+03,2.206348760622736313e-02
-1.691040000000000191e+03,2.211369241806605129e-02
-1.690519999999999982e+03,2.216406892965489678e-02
-1.690000000000000000e+03,2.221456010826374644e-02
-1.689480000000000018e+03,2.226520366301243045e-02
-1.688959999999999809e+03,2.231600056485128283e-02
-1.688440000000000055e+03,2.236694910446012513e-02
-1.687920000000000073e+03,2.241801288687881449e-02
-1.687400000000000091e+03,2.246917215964766221e-02
-1.686879999999999882e+03,2.252054143825650556e-02
-1.686359999999999900e+03,2.257202545009518932e-02
-1.685840000000000146e+03,2.262364309484404465e-02
-1.685320000000000164e+03,2.267533667761272367e-02
-1.684799999999999955e+03,2.272725950712156662e-02
-1.684279999999999973e+03,2.277925866187025666e-02
-1.683759999999999991e+03,2.283148703463910509e-02
-1.683240000000000236e+03,2.288375365640778897e-02
-1.682719999999999800e+03,2.293630625824663941e-02
-1.682200000000000045e+03,2.298887794066532125e-02
-1.681680000000000064e+03,2.304165971343417191e-02
-1.681160000000000082e+03,2.309447976427285443e-02
-1.680639999999999873e+03,2.314756713704170174e-02
-1.680119999999999891e+03,2.320073108064038547e-02
-1.679600000000000136e+03,2.325414256029923604e-02
-1.679079999999999927e+03,2.330759247622791325e-02
-1.678559999999999945e+03,2.336121480989660631e-02
-1.678039999999999964e+03,2.341495102750545260e-02
-1.677519999999999982e+03,2.346887840443413406e-02
-1.677000000000000000e+03,2.352293897294298330e-02
-1.676480000000000018e+03,2.357717146085166679e-02
-1.675960000000000036e+03,2.363155730585034600e-02
-1.675440000000000055e+03,2.368605711628903390e-02
-1.674919999999999845e+03,2.374070972805788701e-02
-1.674400000000000091e+03,2.379547707305656665e-02
-1.673880000000000109e+03,2.385045401665525019e-02
-1.673360000000000127e+03,2.390552685749409989e-02
-1.672839999999999918e+03,2.396084760109278358e-02
-1.672319999999999936e+03,2.401622564609146721e-02
-1.671800000000000182e+03,2.407183286202014411e-02
-1.671279999999999745e+03,2.412749734150899938e-02
-1.670759999999999991e+03,2.418342925743768163e-02
-1.670240000000000009e+03,2.423939893010636573e-02
-1.669720000000000027e+03,2.429565504603505011e-02
-1.669199999999999818e+03,2.435194945770373723e-02
-1.668679999999999836e+03,2.440849216779241923e-02
-1.668160000000000082e+03,2.446507304046110359e-02
-1.667640000000000100e+03,2.452194029122995583e-02
-1.667119999999999891e+03,2.457884536389863192e-02
-1.666599999999999909e+03,2.463601781882731809e-02
-1.666079999999999927e+03,2.469326735267600437e-02
-1.665560000000000173e+03,2.475068762534468614e-02
-1.665039999999999964e+03,2.480822298027336725e-02
-1.664519999999999982e+03,2.486596858610205796e-02
-1.664000000000000000e+03,2.492386630203073661e-02
-1.663480000000000018e+03,2.498199331369941809e-02
-1.662960000000000036e+03,2.504023499185810755e-02
-1.662440000000000055e+03,2.509859117445678925e-02
-1.661920000000000073e+03,2.515715758028547189e-02
-1.661399999999999864e+03,2.521583843521415721e-02
-1.660879999999999882e+03,2.527472904104283852e-02
-1.660360000000000127e+03,2.533373418073152361e-02
-1.659840000000000146e+03,2.539294942982020867e-02
-1.659319999999999936e+03,2.545225974564872470e-02
-1.658799999999999955e+03,2.551187619047741093e-02
-1.658279999999999973e+03,2.557154936723609120e-02
-1.657760000000000218e+03,2.563147125123477546e-02
-1.657239999999999782e+03,2.569139282408345812e-02
-1.656720000000000027e+03,2.575163902991214546e-02
-1.656200000000000045e+03,2.581190388316067022e-02
-1.655680000000000064e+03,2.587253203382934574e-02
-1.655159999999999854e+03,2.593317890667802897e-02
-1.654639999999999873e+03,2.599411221250671686e-02
-1.654120000000000118e+03,2.605510343242523411e-02
-1.653600000000000136e+03,2.611636141058391869e-02
-1.653079999999999927e+03,2.617769588343260914e-02
-1.652559999999999945e+03,2.623923983410128211e-02
-1.652039999999999964e+03,2.630093675401980538e-02
-1.651519999999999982e+03,2.636286282686849114e-02
-1.651000000000000000e+03,2.642492257169717570e-02
-1.650480000000000018e+03,2.648715432068568174e-02
-1.649960000000000036e+03,2.654957696586439028e-02
-1.649439999999999827e+03,2.661219021485290021e-02
-1.648920000000000073e+03,2.667497532477157776e-02
-1.648400000000000091e+03,2.673789409762026073e-02
-1.647880000000000109e+03,2.680100394660878474e-02
-1.647359999999999900e+03,2.686424743043746774e-02
-1.646839999999999918e+03,2.692773880744599516e-02
-1.646320000000000164e+03,2.699134515227466849e-02
-1.645800000000000182e+03,2.705518046244318256e-02
-1.645279999999999973e+03,2.711909140727187389e-02
-1.644759999999999991e+03,2.718338502328039238e-02
-1.644240000000000009e+03,2.724771673319908299e-02
-1.643720000000000255e+03,2.731229634920760013e-02
-1.643199999999999818e+03,2.737689543303627529e-02
-1.642680000000000064e+03,2.744191437618479640e-02
-1.642160000000000082e+03,2.750695239219332414e-02
-1.641639999999999873e+03,2.757227637018199937e-02
-1.641119999999999891e+03,2.763765818619052031e-02
-1.640599999999999909e+03,2.770334519635903395e-02
-1.640080000000000155e+03,2.776912750785772224e-02
-1.639559999999999945e+03,2.783512011802623601e-02
-1.639039999999999964e+03,2.790128460017476247e-02
-1.638519999999999982e+03,2.796769671202345084e-02
-1.638000000000000000e+03,2.803424319417196706e-02
-1.637480000000000018e+03,2.810098011018049430e-02
-1.636960000000000036e+03,2.816792722034900179e-02
-1.636440000000000055e+03,2.823506529407768945e-02
-1.635920000000000073e+03,2.830241350424620231e-02
-1.635399999999999864e+03,2.836987578639472637e-02
-1.634880000000000109e+03,2.843756724140324155e-02
-1.634360000000000127e+03,2.850541157924176353e-02
-1.633839999999999918e+03,2.857354229623045375e-02
-1.633319999999999936e+03,2.864178774539897013e-02
-1.632799999999999955e+03,2.871030005556748921e-02
-1.632280000000000200e+03,2.877885110438600791e-02
-1.631759999999999764e+03,2.884778368262453166e-02
-1.631240000000000009e+03,2.891677353179305382e-02
-1.630720000000000027e+03,2.898610720863156742e-02
-1.630200000000000045e+03,2.905545939078008760e-02
-1.629679999999999836e+03,2.912517457894860454e-02
-1.629159999999999854e+03,2.919492848485713207e-02
-1.628640000000000100e+03,2.926500653402564628e-02
-1.628120000000000118e+03,2.933516104933415677e-02
-1.627599999999999909e+03,2.940565882617268006e-02
-1.627079999999999927e+03,2.947625257534119622e-02
-1.626559999999999945e+03,2.954711332024972589e-02
-1.626040000000000191e+03,2.961812686357824173e-02
-1.625519999999999982e+03,2.968940771239675716e-02
-1.625000000000000000e+03,2.976084092963528216e-02
-1.624480000000000018e+03,2.983248487712364047e-02
-1.623959999999999809e+03,2.990431919296215879e-02
-1.623440000000000055e+03,2.997632547529067992e-02
-1.622920000000000073e+03,3.004857998119919021e-02
-1.622400000000000091e+03,3.012100649119770976e-02
-1.621879999999999882e+03,3.019369988352607267e-02
-1.621359999999999900e+03,3.026654612259458907e-02
-1.620840000000000146e+03,3.033967871076310302e-02
-1.620320000000000164e+03,3.041288782076162489e-02
-1.619799999999999955e+03,3.048644083631998555e-02
-1.619279999999999973e+03,3.056007002413850884e-02
-1.618759999999999991e+03,3.063406176320701904e-02
-1.618240000000000236e+03,3.070811084969537336e-02
-1.617719999999999800e+03,3.078252278876390108e-02
-1.617200000000000045e+03,3.085695386578240010e-02
-1.616680000000000064e+03,3.093184275811076966e-02
-1.616160000000000082e+03,3.100676989717928225e-02
-1.615639999999999873e+03,3.108202235033763819e-02
-1.615119999999999891e+03,3.115735056173616138e-02
-1.614600000000000136e+03,3.123302221489451108e-02
-1.614079999999999927e+03,3.130880889296303732e-02
-1.613559999999999945e+03,3.138490070712138952e-02
-1.613039999999999964e+03,3.146112615751991276e-02
-1.612519999999999982e+03,3.153763821067825934e-02
-1.612000000000000000e+03,3.161434118874677929e-02
-1.611480000000000018e+03,3.169131176408514217e-02
-1.610960000000000036e+03,3.176847264215366257e-02
-1.610440000000000055e+03,3.184582459671201488e-02
-1.609919999999999845e+03,3.192342484987037432e-02
-1.609400000000000091e+03,3.200123522209888383e-02
-1.608880000000000109e+03,3.207929340327723977e-02
-1.608360000000000127e+03,3.215746618550558572e-02
-1.607839999999999918e+03,3.223604059673412792e-02
-1.607319999999999936e+03,3.231472904989247247e-02
-1.606800000000000182e+03,3.239374227112083032e-02
-1.606279999999999745e+03,3.247279324645919313e-02
-1.605759999999999991e+03,3.255228383585769686e-02
-1.605240000000000009e+03,3.263181231224605849e-02
-1.604720000000000027e+03,3.271176102658441415e-02
-1.604199999999999818e+03,3.279174734781276773e-02
-1.603679999999999836e+03,3.287215446320112394e-02
-1.603160000000000082e+03,3.295263730828962984e-02
-1.602640000000000100e+03,3.303348318327799932e-02
-1.602119999999999891e+03,3.311442459866634908e-02
-1.601599999999999909e+03,3.319572848107470164e-02
-1.601079999999999927e+03,3.327716640230306278e-02
-1.600560000000000173e+03,3.335894771664141278e-02
-1.600039999999999964e+03,3.344088233202976296e-02
-1.599519999999999982e+03,3.352308334741811030e-02
-1.599000000000000000e+03,3.360549502982647374e-02
-1.598480000000000018e+03,3.368815444521483515e-02
-1.597960000000000036e+03,3.377108182622318849e-02
-1.597440000000000055e+03,3.385421874161154143e-02
-1.596920000000000073e+03,3.393764222401989689e-02
-1.596399999999999864e+03,3.402125903940825258e-02
-1.595879999999999882e+03,3.410519822181660998e-02
-1.595360000000000127e+03,3.418927070803481211e-02
-1.594840000000000146e+03,3.427370608460314494e-02
-1.594319999999999936e+03,3.435825543794150672e-02
-1.593799999999999955e+03,3.444314909232986527e-02
-1.593279999999999973e+03,3.452811870240821840e-02
-1.592760000000000218e+03,3.461356595511641543e-02
-1.592239999999999782e+03,3.469905123752475840e-02
-1.591720000000000027e+03,3.478499504176312679e-02
-1.591200000000000045e+03,3.487099603515148027e-02
-1.590680000000000064e+03,3.495747414938966957e-02
-1.590159999999999854e+03,3.504402866495801711e-02
-1.589639999999999873e+03,3.513092691350636759e-02
-1.589120000000000118e+03,3.521793986674456173e-02
-1.588600000000000136e+03,3.530535334331291047e-02
-1.588079999999999927e+03,3.539291966853110732e-02
-1.587559999999999945e+03,3.548081118409946583e-02
-1.587039999999999964e+03,3.556891232733781077e-02
-1.586519999999999982e+03,3.565731863713601096e-02
-1.586000000000000000e+03,3.574595395819436805e-02
-1.585480000000000018e+03,3.583483827792256077e-02
-1.584960000000000036e+03,3.592398946016091277e-02
-1.584439999999999827e+03,3.601340807988909903e-02
-1.583920000000000073e+03,3.610313182728728393e-02
-1.583400000000000091e+03,3.619306551483563589e-02
-1.582880000000000109e+03,3.628330500123382041e-02
-1.582359999999999900e+03,3.637371627354218928e-02
-1.581839999999999918e+03,3.646450959327036945e-02
-1.581320000000000164e+03,3.655543617966857534e-02
-1.580800000000000182e+03,3.664674466190692703e-02
-1.580279999999999973e+03,3.673814868163512160e-02
-1.579759999999999991e+03,3.683006859126330967e-02
-1.579240000000000009e+03,3.692204567766148998e-02
-1.578720000000000255e+03,3.701448053222984591e-02
-1.578199999999999818e+03,3.710695381278803634e-02
-1.577680000000000064e+03,3.719996182825623804e-02
-1.577160000000000082e+03,3.729304621465442254e-02
-1.576639999999999873e+03,3.738653129521261193e-02
-1.576119999999999891e+03,3.748015037885096823e-02
-1.575599999999999909e+03,3.757420849840915900e-02
-1.575080000000000155e+03,3.766841928480735291e-02
-1.574559999999999945e+03,3.776299263343552842e-02
-1.574039999999999964e+03,3.785777601399372555e-02
-1.573519999999999982e+03,3.795288453939191925e-02
-1.573000000000000000e+03,3.804824094902010956e-02
-1.572480000000000018e+03,3.814392206857829259e-02
-1.571960000000000036e+03,3.823988924522648408e-02
-1.571440000000000055e+03,3.833608544295467879e-02
-1.570920000000000073e+03,3.843260649158287273e-02
-1.570399999999999864e+03,3.852933761114106515e-02
-1.569880000000000109e+03,3.862645075976924719e-02
-1.569360000000000127e+03,3.872375451150728010e-02
-1.568839999999999918e+03,3.882144018780547129e-02
-1.568319999999999936e+03,3.891927864636366557e-02
-1.567799999999999955e+03,3.901757499499185211e-02
-1.567280000000000200e+03,3.911596734257004326e-02
-1.566759999999999764e+03,3.921489422851806572e-02
-1.566240000000000009e+03,3.931385958707626221e-02
-1.565720000000000027e+03,3.941341606372444212e-02
-1.565200000000000045e+03,3.951299222644247267e-02
-1.564679999999999836e+03,3.961306450823066233e-02
-1.564159999999999854e+03,3.971323275154885896e-02
-1.563640000000000100e+03,3.981391621426688676e-02
-1.563120000000000118e+03,3.991473289605506486e-02
-1.562599999999999909e+03,4.001595061170325207e-02
-1.562079999999999927e+03,4.011735949625128139e-02
-1.561559999999999945e+03,4.021920801189948075e-02
-1.561040000000000191e+03,4.032124723684749751e-02
-1.560519999999999982e+03,4.042362964525568481e-02
-1.560000000000000000e+03,4.052627947604372366e-02
-1.559480000000000018e+03,4.062927308585190939e-02
-1.558959999999999809e+03,4.073257240939993917e-02
-1.558440000000000055e+03,4.083613916236795288e-02
-1.557920000000000073e+03,4.094010634415614497e-02
-1.557400000000000091e+03,4.104430292479416958e-02
-1.556879999999999882e+03,4.114888094974220728e-02
-1.556359999999999900e+03,4.125366949715039006e-02
-1.555840000000000146e+03,4.135887835011841512e-02
-1.555320000000000164e+03,4.146422044173643517e-02
-1.554799999999999955e+03,4.157009719054462898e-02
-1.554279999999999973e+03,4.167606957118265981e-02
-1.553759999999999991e+03,4.178257619613068297e-02
-1.553240000000000236e+03,4.188912111576870850e-02
-1.552719999999999800e+03,4.199635370189672839e-02
-1.552200000000000045e+03,4.210362432544476063e-02
-1.551680000000000064e+03,4.221142974092295663e-02
-1.551160000000000082e+03,4.231933032705097186e-02
-1.550639999999999873e+03,4.242774654668900192e-02
-1.550119999999999891e+03,4.253633476048702261e-02
-1.549600000000000136e+03,4.264538122443505691e-02
-1.549079999999999927e+03,4.275463743823307294e-02
-1.548559999999999945e+03,4.286431375787110726e-02
-1.548039999999999964e+03,4.297423847166912531e-02
-1.547519999999999982e+03,4.308454519679715683e-02
-1.547000000000000000e+03,4.319515702059501666e-02
-1.546480000000000018e+03,4.330609360246304163e-02
-1.545960000000000036e+03,4.341737388824107313e-02
-1.545440000000000055e+03,4.352894074103909328e-02
-1.544919999999999845e+03,4.364092726616711909e-02
-1.544400000000000091e+03,4.375316211896515539e-02
-1.543880000000000109e+03,4.386583637592299939e-02
-1.543360000000000127e+03,4.397872062872104637e-02
-1.542839999999999918e+03,4.409210151058906568e-02
-1.542319999999999936e+03,4.420565336754692792e-02
-1.541800000000000182e+03,4.431974042034494271e-02
-1.541279999999999745e+03,4.443392309532297885e-02
-1.540759999999999991e+03,4.454873609128083556e-02
-1.540240000000000009e+03,4.466358667314886816e-02
-1.539720000000000027e+03,4.477912495910688073e-02
-1.539199999999999818e+03,4.489472055506475018e-02
-1.538679999999999836e+03,4.501086997593276712e-02
-1.538160000000000082e+03,4.512715272705063174e-02
-1.537640000000000100e+03,4.524404664102866375e-02
-1.537119999999999891e+03,4.536109339372652177e-02
-1.536599999999999909e+03,4.547861722284438080e-02
-1.536079999999999927e+03,4.559637051464241614e-02
-1.535560000000000173e+03,4.571462013383027073e-02
-1.535039999999999964e+03,4.583311805196813027e-02
-1.534519999999999982e+03,4.595199740459615656e-02
-1.534000000000000000e+03,4.607122116278401097e-02
-1.533480000000000018e+03,4.619082588092188885e-02
-1.532960000000000036e+03,4.631081306261990854e-02
-1.532440000000000055e+03,4.643110589173777419e-02
-1.531920000000000073e+03,4.655181847794562927e-02
-1.531399999999999864e+03,4.667279893473350039e-02
-1.530879999999999882e+03,4.679427502094134217e-02
-1.530360000000000127e+03,4.691598075005920521e-02
-1.529840000000000146e+03,4.703825903591707380e-02
-1.529319999999999936e+03,4.716069011212511292e-02
-1.528799999999999955e+03,4.728369420791297267e-02
-1.528279999999999973e+03,4.740681289412083249e-02
-1.527760000000000218e+03,4.753059968406869035e-02
-1.527239999999999782e+03,4.765446280927654321e-02
-1.526720000000000027e+03,4.777903282147424185e-02
-1.526200000000000045e+03,4.790367848959209418e-02
-1.525680000000000064e+03,4.802897423662996074e-02
-1.525159999999999854e+03,4.815440315564783330e-02
-1.524639999999999873e+03,4.828038548494568982e-02
-1.524120000000000118e+03,4.840655923782354736e-02
-1.523600000000000136e+03,4.853334425684140835e-02
-1.523079999999999927e+03,4.866033901936910738e-02
-1.522559999999999945e+03,4.878784933733697204e-02
-1.522039999999999964e+03,4.891564569535482992e-02
-1.521519999999999982e+03,4.904388144655251469e-02
-1.521000000000000000e+03,4.917248000492038806e-02
-1.520480000000000018e+03,4.930149879095826332e-02
-1.519960000000000036e+03,4.943091878115593585e-02
-1.519439999999999827e+03,4.956066290426382193e-02
-1.518920000000000073e+03,4.969090369446150374e-02
-1.518400000000000091e+03,4.982144951949936396e-02
-1.517880000000000109e+03,4.995251407618706008e-02
-1.517359999999999900e+03,5.008378620122493075e-02
-1.516839999999999918e+03,5.021568828558261449e-02
-1.516320000000000164e+03,5.034780031062048578e-02
-1.515800000000000182e+03,5.048052323397818342e-02
-1.515279999999999973e+03,5.061336062417588072e-02
-1.514759999999999991e+03,5.074688564337374169e-02
-1.514240000000000009e+03,5.088044896673143275e-02
-1.513720000000000255e+03,5.101485225675913421e-02
-1.513199999999999818e+03,5.114933228595683334e-02
-1.512680000000000064e+03,5.128457530515467822e-02
-1.512160000000000082e+03,5.141993306751237169e-02
-1.511639999999999873e+03,5.155590249087008831e-02
-1.511119999999999891e+03,5.169208158229775946e-02
-1.510599999999999909e+03,5.182887196648547357e-02
-1.510080000000000155e+03,5.196592958984316835e-02
-1.509559999999999945e+03,5.210352155220085435e-02
-1.509039999999999964e+03,5.224141914257857122e-02
-1.508519999999999982e+03,5.237979435583625665e-02
-1.508000000000000000e+03,5.251858915719394977e-02
-1.507480000000000018e+03,5.265786141955165062e-02
-1.506960000000000036e+03,5.279755403175936251e-02
-1.506440000000000055e+03,5.293758986218703028e-02
-1.505920000000000073e+03,5.307814198537473549e-02
-1.505399999999999864e+03,5.321896096991243080e-02
-1.504880000000000109e+03,5.336042943216996043e-02
-1.504360000000000127e+03,5.350214612768765948e-02
-1.503839999999999918e+03,5.364451177889536376e-02
-1.503319999999999936e+03,5.378706840348305290e-02
-1.502799999999999955e+03,5.393035099785058878e-02
-1.502280000000000200e+03,5.407372892243828000e-02
-1.501759999999999764e+03,5.421790867780583445e-02
-1.501240000000000009e+03,5.436214566906352047e-02
-1.500720000000000027e+03,5.450726123160120479e-02
-1.500200000000000045e+03,5.465245278801876549e-02
-1.499679999999999836e+03,5.479840837238644097e-02
-1.499159999999999854e+03,5.494449764013396853e-02
-1.498640000000000100e+03,5.509129303034167313e-02
-1.498120000000000118e+03,5.523829878693920642e-02
-1.497599999999999909e+03,5.538597285328675235e-02
-1.497079999999999927e+03,5.553393346672443054e-02
-1.496559999999999945e+03,5.568250530149196353e-02
-1.496040000000000191e+03,5.583142050099950543e-02
-1.495519999999999982e+03,5.598087051859700763e-02
-1.495000000000000000e+03,5.613075967687473217e-02
-1.494480000000000018e+03,5.628108780440227443e-02
-1.493959999999999809e+03,5.643193213297979793e-02
-1.493440000000000055e+03,5.658315748957733204e-02
-1.492920000000000073e+03,5.673495638517484646e-02
-1.492400000000000091e+03,5.688706031270239494e-02
-1.491879999999999882e+03,5.703985186929992623e-02
-1.491359999999999900e+03,5.719291095905743721e-02
-1.490840000000000146e+03,5.734667615465498247e-02
-1.490320000000000164e+03,5.750061327792253818e-02
-1.489799999999999955e+03,5.765537167352004916e-02
-1.489279999999999973e+03,5.781026383420757864e-02
-1.488759999999999991e+03,5.796599582980512672e-02
-1.488240000000000236e+03,5.812178521956264110e-02
-1.487719999999999800e+03,5.827851053699018014e-02
-1.487200000000000045e+03,5.843531227574754600e-02
-1.486680000000000064e+03,5.859297300450507645e-02
-1.486160000000000082e+03,5.875078652193262835e-02
-1.485639999999999873e+03,5.890938265069013691e-02
-1.485119999999999891e+03,5.906822761711751080e-02
-1.484600000000000136e+03,5.922775964587503883e-02
-1.484079999999999927e+03,5.938761650681242260e-02
-1.483559999999999945e+03,5.954808412546994112e-02
-1.483039999999999964e+03,5.970897185838731219e-02
-1.482519999999999982e+03,5.987045165381483375e-02
-1.482000000000000000e+03,6.003237034242220327e-02
-1.481480000000000018e+03,6.019478610433973143e-02
-1.480960000000000036e+03,6.035771710392710820e-02
-1.480440000000000055e+03,6.052108743293448806e-02
-1.479919999999999845e+03,6.068510662252199483e-02
-1.479400000000000091e+03,6.084950794428937298e-02
-1.478880000000000109e+03,6.101457765520675730e-02
-1.478360000000000127e+03,6.117991490604410970e-02
-1.477839999999999918e+03,6.134603463463163264e-02
-1.477319999999999936e+03,6.151236509539902836e-02
-1.476800000000000182e+03,6.167961172405638653e-02
-1.476279999999999745e+03,6.184699165715375202e-02
-1.475759999999999991e+03,6.201525031313114000e-02
-1.475240000000000009e+03,6.218360391289848993e-02
-1.474720000000000027e+03,6.235297027366584754e-02
-1.474199999999999818e+03,6.252243163548321103e-02
-1.473679999999999836e+03,6.269279073525059476e-02
-1.473160000000000082e+03,6.286332185824794472e-02
-1.472640000000000100e+03,6.303473142999534151e-02
-1.472119999999999891e+03,6.320638895299267312e-02
-1.471599999999999909e+03,6.337884818598989167e-02
-1.471079999999999927e+03,6.355161350758725680e-02
-1.470560000000000173e+03,6.372506580840461843e-02
-1.470039999999999964e+03,6.389895764549183288e-02
-1.469519999999999982e+03,6.407349826848919572e-02
-1.469000000000000000e+03,6.424853603048656658e-02
-1.468480000000000018e+03,6.442412729524377157e-02
-1.467960000000000036e+03,6.460027235724112582e-02
-1.467440000000000055e+03,6.477683722339834527e-02
-1.466920000000000073e+03,6.495412781306571237e-02
-1.466399999999999864e+03,6.513180045015290465e-02
-1.465879999999999882e+03,6.531025624531028306e-02
-1.465360000000000127e+03,6.548903623913750194e-02
-1.464840000000000146e+03,6.566863763845469382e-02
-1.464319999999999936e+03,6.584844846712205324e-02
-1.463799999999999955e+03,6.602921496643926469e-02
-1.463279999999999973e+03,6.621013369821646122e-02
-1.462760000000000218e+03,6.639208342520365458e-02
-1.462239999999999782e+03,6.657412852036102835e-02
-1.461720000000000027e+03,6.675724388634825257e-02
-1.461200000000000045e+03,6.694047335233545282e-02
-1.460680000000000064e+03,6.712467637967264866e-02
-1.460159999999999854e+03,6.730908954565985314e-02
-1.459639999999999873e+03,6.749446061164705857e-02
-1.459120000000000118e+03,6.768009623472426295e-02
-1.458600000000000136e+03,6.786649531204146102e-02
-1.458079999999999927e+03,6.805329570436850772e-02
-1.457559999999999945e+03,6.824089810935569933e-02
-1.457039999999999964e+03,6.842895840336289670e-02
-1.456519999999999982e+03,6.861766820251012644e-02
-1.456000000000000000e+03,6.880693195874731938e-02
-1.455480000000000018e+03,6.899676816789435119e-02
-1.454960000000000036e+03,6.918727293406154444e-02
-1.454439999999999827e+03,6.937827433736859506e-02
-1.453920000000000073e+03,6.957002009360581385e-02
-1.453400000000000091e+03,6.976216745977299738e-02
-1.452880000000000109e+03,6.995515480208001902e-02
-1.452359999999999900e+03,7.014844722498725371e-02
-1.451839999999999918e+03,7.034271379531426005e-02
-1.451320000000000164e+03,7.053720968887131071e-02
-1.450800000000000182e+03,7.073277442701852991e-02
-1.450279999999999973e+03,7.092847356401556225e-02
-1.449759999999999991e+03,7.112528009657259620e-02
-1.449240000000000009e+03,7.132216285689979562e-02
-1.448720000000000255e+03,7.152022942296683283e-02
-1.448199999999999818e+03,7.171841065552389538e-02
-1.447680000000000064e+03,7.191762332568091276e-02
-1.447160000000000082e+03,7.211706465823794487e-02
-1.446639999999999873e+03,7.231757558939500008e-02
-1.446119999999999891e+03,7.251839216095201657e-02
-1.445599999999999909e+03,7.272004866017907354e-02
-1.445080000000000155e+03,7.292214493033612188e-02
-1.444559999999999945e+03,7.312506150189314325e-02
-1.444039999999999964e+03,7.332847529528019326e-02
-1.443519999999999982e+03,7.353259519450720816e-02
-1.443000000000000000e+03,7.373736475907409493e-02
-1.442480000000000018e+03,7.394278294056114142e-02
-1.441960000000000036e+03,7.414888883394817054e-02
-1.441440000000000055e+03,7.435552967049506579e-02
-1.440920000000000073e+03,7.456297266990211114e-02
-1.440399999999999864e+03,7.477085440228914415e-02
-1.439880000000000109e+03,7.497963393883601280e-02
-1.439360000000000127e+03,7.518877583824304378e-02
-1.438839999999999918e+03,7.539896831378992137e-02
-1.438319999999999936e+03,7.560940947419696190e-02
-1.437799999999999955e+03,7.582095754974381430e-02
-1.437280000000000200e+03,7.603263994747069821e-02
-1.436759999999999764e+03,7.624563905785775031e-02
-1.436240000000000009e+03,7.645873438325460902e-02
-1.435720000000000027e+03,7.667299419780151948e-02
-1.435200000000000045e+03,7.688740746359837286e-02
-1.434679999999999836e+03,7.710302300032524647e-02
-1.434159999999999854e+03,7.731888733670211344e-02
-1.433640000000000100e+03,7.753582077342899281e-02
-1.433120000000000118e+03,7.775309751015586912e-02
-1.432599999999999909e+03,7.797138664262273644e-02
-1.432079999999999927e+03,7.819011499032960111e-02
-1.431559999999999945e+03,7.840970289372650726e-02
-1.431040000000000191e+03,7.862984429268336795e-02
-1.430519999999999982e+03,7.885073049608024021e-02
-1.430000000000000000e+03,7.907230442270710147e-02
-1.429480000000000018e+03,7.929456544159382836e-02
-1.428959999999999809e+03,7.951762866822069398e-02
-1.428440000000000055e+03,7.974128400477756284e-02
-1.427920000000000073e+03,7.996581754689427446e-02
-1.427400000000000091e+03,8.019079028345114935e-02
-1.426879999999999882e+03,8.041679409223786990e-02
-1.426359999999999900e+03,8.064316112879472975e-02
-1.425840000000000146e+03,8.087065426560144377e-02
-1.425320000000000164e+03,8.109839607022831243e-02
-1.424799999999999955e+03,8.132737904410501650e-02
-1.424279999999999973e+03,8.155653435289175746e-02
-1.423759999999999991e+03,8.178704488385844795e-02
-1.423240000000000236e+03,8.201767042164533061e-02
-1.422719999999999800e+03,8.224963240136201614e-02
-1.422200000000000045e+03,8.248178507132872261e-02
-1.421680000000000064e+03,8.271516011327545437e-02
-1.421160000000000082e+03,8.294882171091215450e-02
-1.420639999999999873e+03,8.318361019185889493e-02
-1.420119999999999891e+03,8.341881836182558907e-02
-1.419600000000000136e+03,8.365507716460231225e-02
-1.419079999999999927e+03,8.389185107356900151e-02
-1.418559999999999945e+03,8.412956105283553310e-02
-1.418039999999999964e+03,8.436788208947228196e-02
-1.417519999999999982e+03,8.460702399259896478e-02
-1.417000000000000000e+03,8.484689226239568172e-02
-1.416480000000000018e+03,8.508750484750221554e-02
-1.415960000000000036e+03,8.532897651729892674e-02
-1.415440000000000055e+03,8.557107862032549417e-02
-1.414919999999999845e+03,8.581415466245218004e-02
-1.414400000000000091e+03,8.605776866956875437e-02
-1.413880000000000109e+03,8.630244863936543942e-02
-1.413360000000000127e+03,8.654754848139198375e-02
-1.412839999999999918e+03,8.679383256083852971e-02
-1.412319999999999936e+03,8.704038436963522363e-02
-1.411800000000000182e+03,8.728832970582177386e-02
-1.411279999999999745e+03,8.753646605193832198e-02
-1.410759999999999991e+03,8.778599669805488281e-02
-1.410240000000000009e+03,8.803566103424140254e-02
-1.409720000000000027e+03,8.828681468035796953e-02
-1.409199999999999818e+03,8.853814029454451506e-02
-1.408679999999999836e+03,8.879082202542105950e-02
-1.408160000000000082e+03,8.904380881053761132e-02
-1.407640000000000100e+03,8.929803667988416016e-02
-1.407119999999999891e+03,8.955270429302067403e-02
-1.406599999999999909e+03,8.980851763319708247e-02
-1.406079999999999927e+03,9.006488478054362756e-02
-1.405560000000000173e+03,9.032224461691015782e-02
-1.405039999999999964e+03,9.058033036701654273e-02
-1.404519999999999982e+03,9.083931374238309042e-02
-1.404000000000000000e+03,9.109907982155948658e-02
-1.403480000000000018e+03,9.135959069692600742e-02
-1.402960000000000036e+03,9.162107580412241770e-02
-1.402440000000000055e+03,9.188326711229893862e-02
-1.401920000000000073e+03,9.214648980175532689e-02
-1.401399999999999864e+03,9.241022834211169712e-02
-1.400879999999999882e+03,9.267518878246808200e-02
-1.400360000000000127e+03,9.294054970064444254e-02
-1.399840000000000146e+03,9.320728587724100289e-02
-1.399319999999999936e+03,9.347432825659739153e-02
-1.398799999999999955e+03,9.374282173595377410e-02
-1.398279999999999973e+03,9.401148670947015451e-02
-1.397760000000000218e+03,9.428173638882653140e-02
-1.397239999999999782e+03,9.455210131134274276e-02
-1.396720000000000027e+03,9.482410831392912298e-02
-1.396200000000000045e+03,9.509630635411552013e-02
-1.395680000000000064e+03,9.536993677247188050e-02
-1.395159999999999854e+03,9.564392988523810757e-02
-1.394639999999999873e+03,9.591927839775449272e-02
-1.394120000000000118e+03,9.619510447694086530e-02
-1.393600000000000136e+03,9.647211536168709411e-02
-1.393079999999999927e+03,9.674975603538345237e-02
-1.392559999999999945e+03,9.702844678679969914e-02
-1.392039999999999964e+03,9.730792063663588898e-02
-1.391519999999999982e+03,9.758838711191228366e-02
-1.391000000000000000e+03,9.786973232841848780e-02
-1.390480000000000018e+03,9.815187977434473854e-02
-1.389960000000000036e+03,9.843505811992091237e-02
-1.389439999999999827e+03,9.871900050344713240e-02
-1.388920000000000073e+03,9.900406978837336669e-02
-1.388400000000000091e+03,9.928971157294957939e-02
-1.387880000000000109e+03,9.957668988554575773e-02
-1.387359999999999900e+03,9.986410809230200636e-02
-1.386839999999999918e+03,1.001531683148282059e-01
-1.386320000000000164e+03,1.004425724325644503e-01
-1.385800000000000182e+03,1.007329883783206759e-01
-1.385279999999999973e+03,1.010234999282367124e-01
-1.384759999999999991e+03,1.013165517129929055e-01
-1.384240000000000009e+03,1.016097558629089903e-01
-1.383720000000000255e+03,1.019044497753351791e-01
-1.383199999999999818e+03,1.021993343584112340e-01
-1.382680000000000064e+03,1.024955940112374786e-01
-1.382160000000000082e+03,1.027922930943135083e-01
-1.381639999999999873e+03,1.030906342779195906e-01
-1.381119999999999891e+03,1.033894342958357748e-01
-1.380599999999999909e+03,1.036893603455818075e-01
-1.380080000000000155e+03,1.039900313357278727e-01
-1.379559999999999945e+03,1.042920393134939283e-01
-1.379039999999999964e+03,1.045947344963999714e-01
-1.378519999999999982e+03,1.048983081865460520e-01
-1.378000000000000000e+03,1.052029927364721285e-01
-1.377480000000000018e+03,1.055086478542881234e-01
-1.376960000000000036e+03,1.058152581042141882e-01
-1.376440000000000055e+03,1.061224791873700973e-01
-1.375920000000000073e+03,1.064314764092761378e-01
-1.375399999999999864e+03,1.067413135996022194e-01
-1.374880000000000109e+03,1.070519536104280606e-01
-1.374360000000000127e+03,1.073628412713341501e-01
-1.373839999999999918e+03,1.076758869876500019e-01
-1.373319999999999936e+03,1.079894100446460864e-01
-1.372799999999999955e+03,1.083043275609619771e-01
-1.372280000000000200e+03,1.086193978872078553e-01
-1.371759999999999764e+03,1.089365300701937295e-01
-1.371240000000000009e+03,1.092537772603497798e-01
-1.370720000000000027e+03,1.095725138433356755e-01
-1.370200000000000045e+03,1.098915942376515464e-01
-1.369679999999999836e+03,1.102129471537974109e-01
-1.369159999999999854e+03,1.105346246481133388e-01
-1.368640000000000100e+03,1.108575242032592278e-01
-1.368120000000000118e+03,1.111810541239149352e-01
-1.367599999999999909e+03,1.115060546790608148e-01
-1.367079999999999927e+03,1.118318188022767307e-01
-1.366559999999999945e+03,1.121589198854425762e-01
-1.366040000000000191e+03,1.124867081837483268e-01
-1.365519999999999982e+03,1.128153751000742222e-01
-1.365000000000000000e+03,1.131453981274499476e-01
-1.364480000000000018e+03,1.134766812437758010e-01
-1.363959999999999809e+03,1.138088813043115627e-01
-1.363440000000000055e+03,1.141417302637972586e-01
-1.362920000000000073e+03,1.144763364523529864e-01
-1.362400000000000091e+03,1.148118019796588868e-01
-1.361879999999999882e+03,1.151484323348845873e-01
-1.361359999999999900e+03,1.154854638275303325e-01
-1.360840000000000146e+03,1.158242142827560495e-01
-1.360320000000000164e+03,1.161633463044717679e-01
-1.359799999999999955e+03,1.165048271637875166e-01
-1.359279999999999973e+03,1.168465564286630537e-01
-1.358759999999999991e+03,1.171898327170487336e-01
-1.358240000000000236e+03,1.175332427167644772e-01
-1.357719999999999800e+03,1.178786383034700486e-01
-1.357200000000000045e+03,1.182243971017857831e-01
-1.356680000000000064e+03,1.185723903555113146e-01
-1.356160000000000082e+03,1.189207273160570871e-01
-1.355639999999999873e+03,1.192703053807626229e-01
-1.355119999999999891e+03,1.196206284025581879e-01
-1.354600000000000136e+03,1.199728225631038897e-01
-1.354079999999999927e+03,1.203255898558294734e-01
-1.353559999999999945e+03,1.206793313536950324e-01
-1.353039999999999964e+03,1.210342564854205438e-01
-1.352519999999999982e+03,1.213906142400261456e-01
-1.352000000000000000e+03,1.217480793049116466e-01
-1.351480000000000018e+03,1.221065375697972105e-01
-1.350960000000000036e+03,1.224665620634028118e-01
-1.350440000000000055e+03,1.228276361324481952e-01
-1.349919999999999845e+03,1.231897612581637352e-01
-1.349400000000000091e+03,1.235524016229491290e-01
-1.348880000000000109e+03,1.239170092500647136e-01
-1.348360000000000127e+03,1.242822663799400956e-01
-1.347839999999999918e+03,1.246492610737256479e-01
-1.347319999999999936e+03,1.250166216426010224e-01
-1.346800000000000182e+03,1.253863276405464688e-01
-1.346279999999999745e+03,1.257562824955119896e-01
-1.345759999999999991e+03,1.261278030324574084e-01
-1.345240000000000009e+03,1.264995146635627954e-01
-1.344720000000000027e+03,1.268741676946681940e-01
-1.344199999999999818e+03,1.272490494637235903e-01
-1.343679999999999836e+03,1.276252868614989322e-01
-1.343160000000000082e+03,1.280020782637842358e-01
-1.342640000000000100e+03,1.283809128961195811e-01
-1.342119999999999891e+03,1.287603782609149650e-01
-1.341599999999999909e+03,1.291413139963602241e-01
-1.341079999999999927e+03,1.295232232272955919e-01
-1.340560000000000173e+03,1.299067561017408223e-01
-1.340039999999999964e+03,1.302914731287662387e-01
-1.339519999999999982e+03,1.306776414250414575e-01
-1.339000000000000000e+03,1.310648978661566599e-01
-1.338480000000000018e+03,1.314531475915019232e-01
-1.337960000000000036e+03,1.318426578616173073e-01
-1.337440000000000055e+03,1.322330080318025458e-01
-1.336920000000000073e+03,1.326251156002377363e-01
-1.336399999999999864e+03,1.330180631077428066e-01
-1.335879999999999882e+03,1.334130159820181016e-01
-1.335360000000000127e+03,1.338085802465432683e-01
-1.334840000000000146e+03,1.342058821107185163e-01
-1.334319999999999936e+03,1.346035468281535363e-01
-1.333799999999999955e+03,1.350035795593488297e-01
-1.333279999999999973e+03,1.354038606941738998e-01
-1.332760000000000218e+03,1.358062045643691207e-01
-1.332239999999999782e+03,1.362087771440341766e-01
-1.331720000000000027e+03,1.366142717125491957e-01
-1.331200000000000045e+03,1.370200718810642981e-01
-1.330680000000000064e+03,1.374276477454195178e-01
-1.330159999999999854e+03,1.378357011972445589e-01
-1.329639999999999873e+03,1.382453782047596558e-01
-1.329120000000000118e+03,1.386560099396645374e-01
-1.328600000000000136e+03,1.390688185080096173e-01
-1.328079999999999927e+03,1.394824105545247050e-01
-1.327559999999999945e+03,1.398973201242697528e-01
-1.327039999999999964e+03,1.403136428302846628e-01
-1.326519999999999982e+03,1.407316843376297255e-01
-1.326000000000000000e+03,1.411508528505346360e-01
-1.325480000000000018e+03,1.415709759561994963e-01
-1.324960000000000036e+03,1.419927029261245643e-01
-1.324439999999999827e+03,1.424154422998594738e-01
-1.323920000000000073e+03,1.428399771115443362e-01
-1.323400000000000091e+03,1.432653326966093210e-01
-1.322880000000000109e+03,1.436926938373641605e-01
-1.322359999999999900e+03,1.441206657722790552e-01
-1.321839999999999918e+03,1.445503949181739800e-01
-1.321320000000000164e+03,1.449804482920888649e-01
-1.320800000000000182e+03,1.454134079091635723e-01
-1.320279999999999973e+03,1.458466123220785171e-01
-1.319759999999999991e+03,1.462824145609832593e-01
-1.319240000000000009e+03,1.467184071128981582e-01
-1.318720000000000255e+03,1.471568260241328807e-01
-1.318199999999999818e+03,1.475956455368777620e-01
-1.317680000000000064e+03,1.480366797161825065e-01
-1.317160000000000082e+03,1.484783066272472585e-01
-1.316639999999999873e+03,1.489219575721719702e-01
-1.316119999999999891e+03,1.493665636236367056e-01
-1.315599999999999909e+03,1.498133466017214643e-01
-1.315080000000000155e+03,1.502609317808561717e-01
-1.314559999999999945e+03,1.507098154021007386e-01
-1.314039999999999964e+03,1.511601315143955293e-01
-1.313519999999999982e+03,1.516121474605502117e-01
-1.313000000000000000e+03,1.520655574149548106e-01
-1.312480000000000018e+03,1.525201891549195499e-01
-1.311960000000000036e+03,1.529764254773940957e-01
-1.311440000000000055e+03,1.534336544998686769e-01
-1.310920000000000073e+03,1.538930610441732461e-01
-1.310399999999999864e+03,1.543534411608078194e-01
-1.309880000000000109e+03,1.548158267499523677e-01
-1.309360000000000127e+03,1.552788045612769896e-01
-1.308839999999999918e+03,1.557440166500715373e-01
-1.308319999999999936e+03,1.562096106333761003e-01
-1.307799999999999955e+03,1.566776300459306881e-01
-1.307280000000000200e+03,1.571458399665550953e-01
-1.306759999999999764e+03,1.576171822610196449e-01
-1.306240000000000009e+03,1.580887729777340767e-01
-1.305720000000000027e+03,1.585632664320484886e-01
-1.305200000000000045e+03,1.590380845497430251e-01
-1.304679999999999836e+03,1.595146594705474374e-01
-1.304159999999999854e+03,1.599920748870918563e-01
-1.303640000000000100e+03,1.604723165759662507e-01
-1.303120000000000118e+03,1.609533605024406622e-01
-1.302599999999999909e+03,1.614362185521450443e-01
-1.302079999999999927e+03,1.619200697841793324e-01
-1.301559999999999945e+03,1.624055440728836563e-01
-1.301040000000000191e+03,1.628924508615881284e-01
-1.300519999999999982e+03,1.633810572876123746e-01
-1.300000000000000000e+03,1.638713444474966252e-01
-1.299480000000000018e+03,1.643630826970310377e-01
-1.298959999999999809e+03,1.648564445620552543e-01
-1.298440000000000055e+03,1.653508020841695236e-01
-1.297920000000000073e+03,1.658473341162137460e-01
-1.297400000000000091e+03,1.663448207030679971e-01
-1.296879999999999882e+03,1.668443320250121986e-01
-1.296359999999999900e+03,1.673444352570564730e-01
-1.295840000000000146e+03,1.678476321163205609e-01
-1.295320000000000164e+03,1.683513831091947577e-01
-1.294799999999999955e+03,1.688575589742989103e-01
-1.294279999999999973e+03,1.693639454003330880e-01
-1.293759999999999991e+03,1.698734638985972267e-01
-1.293240000000000236e+03,1.703831728968612791e-01
-1.292719999999999800e+03,1.708952886282853467e-01
-1.292200000000000045e+03,1.714079962894096143e-01
-1.291680000000000064e+03,1.719237783526635088e-01
-1.291160000000000082e+03,1.724401715511075794e-01
-1.290639999999999873e+03,1.729585702492016652e-01
-1.290119999999999891e+03,1.734780955084757326e-01
-1.289600000000000136e+03,1.740001610500795937e-01
-1.289079999999999927e+03,1.745232193104037099e-01
-1.288559999999999945e+03,1.750478821128376439e-01
-1.288039999999999964e+03,1.755740151052717357e-01
-1.287519999999999982e+03,1.761018098757756167e-01
-1.287000000000000000e+03,1.766313232113695397e-01
-1.286480000000000018e+03,1.771622691427034990e-01
-1.285960000000000036e+03,1.776954683743873498e-01
-1.285440000000000055e+03,1.782300618489812971e-01
-1.284919999999999845e+03,1.787664887176350359e-01
-1.284400000000000091e+03,1.793036981214789216e-01
-1.283880000000000109e+03,1.798433529291327271e-01
-1.283360000000000127e+03,1.803836942606465987e-01
-1.282839999999999918e+03,1.809271495904803406e-01
-1.282319999999999936e+03,1.814711581329742363e-01
-1.281800000000000182e+03,1.820175921408080100e-01
-1.281279999999999745e+03,1.825642357486417788e-01
-1.280759999999999991e+03,1.831145276187055027e-01
-1.280240000000000009e+03,1.836650671542092994e-01
-1.279720000000000027e+03,1.842184719383628544e-01
-1.279200000000000045e+03,1.847723918750966143e-01
-1.278679999999999836e+03,1.853289697814301806e-01
-1.278160000000000082e+03,1.858862704571639102e-01
-1.277639999999999873e+03,1.864459392021474982e-01
-1.277120000000000118e+03,1.870067916390612262e-01
-1.276599999999999909e+03,1.875701271521148239e-01
-1.276079999999999927e+03,1.881347037873484507e-01
-1.275559999999999945e+03,1.887011904615819857e-01
-1.275039999999999964e+03,1.892693961748155851e-01
-1.274519999999999982e+03,1.898395300641889938e-01
-1.274000000000000000e+03,1.904110964050926003e-01
-1.273480000000000018e+03,1.909838471836660390e-01
-1.272960000000000036e+03,1.915588893967295758e-01
-1.272440000000000055e+03,1.921353069430229987e-01
-1.271919999999999845e+03,1.927142834544064154e-01
-1.271400000000000091e+03,1.932943480344899989e-01
-1.270879999999999882e+03,1.938768767529434334e-01
-1.270360000000000127e+03,1.944600735074866749e-01
-1.269839999999999918e+03,1.950464218871201527e-01
-1.269319999999999936e+03,1.956332853725935017e-01
-1.268799999999999955e+03,1.962230712798969656e-01
-1.268279999999999973e+03,1.968131246456002181e-01
-1.267759999999999991e+03,1.974062522902234607e-01
-1.267240000000000009e+03,1.979997622755268472e-01
-1.266720000000000027e+03,1.985970723595001097e-01
-1.266200000000000045e+03,1.991948217821233602e-01
-1.265680000000000064e+03,1.997947673669766278e-01
-1.265160000000000082e+03,2.003957061114298721e-01
-1.264639999999999873e+03,2.009998151383929899e-01
-1.264120000000000118e+03,2.016049368622462312e-01
-1.263599999999999909e+03,2.022121968127194580e-01
-1.263080000000000155e+03,2.028208895019125435e-01
-1.262559999999999945e+03,2.034317972616856429e-01
-1.262039999999999964e+03,2.040441947857189464e-01
-1.261519999999999982e+03,2.046582345805820491e-01
-1.261000000000000000e+03,2.052743205696050954e-01
-1.260480000000000018e+03,2.058920272627879910e-01
-1.259960000000000036e+03,2.065120260519911488e-01
-1.259440000000000055e+03,2.071333989076842574e-01
-1.258920000000000073e+03,2.077573504730271525e-01
-1.258400000000000091e+03,2.083823716289002204e-01
-1.257879999999999882e+03,2.090102573332431324e-01
-1.257360000000000127e+03,2.096389263264361036e-01
-1.256839999999999918e+03,2.102707654876990462e-01
-1.256320000000000164e+03,2.109031011808919498e-01
-1.255799999999999955e+03,2.115383779753149118e-01
-1.255279999999999973e+03,2.121739024465077728e-01
-1.254759999999999991e+03,2.128130370450906084e-01
-1.254240000000000009e+03,2.134525531726734204e-01
-1.253720000000000027e+03,2.140958702769262256e-01
-1.253199999999999818e+03,2.147397222756890767e-01
-1.252680000000000064e+03,2.153861708089419291e-01
-1.252159999999999854e+03,2.160335363685346732e-01
-1.251640000000000100e+03,2.166836327491072911e-01
-1.251119999999999891e+03,2.173351043867000620e-01
-1.250599999999999909e+03,2.179894024475228509e-01
-1.250079999999999927e+03,2.186449414892754350e-01
-1.249559999999999945e+03,2.193023719600281640e-01
-1.249039999999999964e+03,2.199618071306806977e-01
-1.248519999999999982e+03,2.206234007344933523e-01
-1.248000000000000000e+03,2.212867704874058872e-01
-1.247480000000000018e+03,2.219514955192385119e-01
-1.246960000000000036e+03,2.226188951562111940e-01
-1.246440000000000055e+03,2.232878222660437673e-01
-1.245920000000000073e+03,2.239593466741962025e-01
-1.245400000000000091e+03,2.246319400891687579e-01
-1.244880000000000109e+03,2.253074207971511866e-01
-1.244360000000000127e+03,2.259836620774637039e-01
-1.243839999999999918e+03,2.266635324535160589e-01
-1.243319999999999936e+03,2.273439562285185234e-01
-1.242799999999999955e+03,2.280273401377309328e-01
-1.242279999999999973e+03,2.287109723178733511e-01
-1.241759999999999991e+03,2.293987107372656709e-01
-1.241240000000000009e+03,2.300868124796380809e-01
-1.240720000000000027e+03,2.307782172321903025e-01
-1.240200000000000045e+03,2.314703482833426751e-01
-1.239680000000000064e+03,2.321659360300548647e-01
-1.239159999999999854e+03,2.328624406173471495e-01
-1.238640000000000100e+03,2.335616761638893979e-01
-1.238119999999999891e+03,2.342621144162716496e-01
-1.237600000000000136e+03,2.349650168059738142e-01
-1.237079999999999927e+03,2.356696185595860138e-01
-1.236559999999999945e+03,2.363767029829780819e-01
-1.236039999999999964e+03,2.370855442019302317e-01
-1.235519999999999982e+03,2.377962767914624242e-01
-1.235000000000000000e+03,2.385090718825744194e-01
-1.234480000000000018e+03,2.392234708071964977e-01
-1.233960000000000036e+03,2.399405434591385944e-01
-1.233440000000000055e+03,2.406591250210805832e-01
-1.232920000000000073e+03,2.413806858828524970e-01
-1.232399999999999864e+03,2.421034499018147046e-01
-1.231880000000000109e+03,2.428291162749166565e-01
-1.231359999999999900e+03,2.435555281879385747e-01
-1.230840000000000146e+03,2.442856093260302175e-01
-1.230319999999999936e+03,2.450162223560522212e-01
-1.229799999999999955e+03,2.457502734511641806e-01
-1.229279999999999973e+03,2.464846489185059109e-01
-1.228759999999999991e+03,2.472230921858477315e-01
-1.228240000000000009e+03,2.479618985140195353e-01
-1.227720000000000027e+03,2.487039895535212430e-01
-1.227200000000000045e+03,2.494468447818730117e-01
-1.226680000000000064e+03,2.501931183822048155e-01
-1.226160000000000082e+03,2.509404802495565079e-01
-1.225639999999999873e+03,2.516909359891381648e-01
-1.225119999999999891e+03,2.524428051657897631e-01
-1.224599999999999909e+03,2.531974434385313999e-01
-1.224079999999999927e+03,2.539535907710530060e-01
-1.223559999999999945e+03,2.547118958217946538e-01
-1.223039999999999964e+03,2.554722447885262038e-01
-1.222519999999999982e+03,2.562347324000978088e-01
-1.222000000000000000e+03,2.569992825770092693e-01
-1.221480000000000018e+03,2.577654180259007499e-01
-1.220960000000000036e+03,2.585345899594823083e-01
-1.220440000000000055e+03,2.593054423085537352e-01
-1.219920000000000073e+03,2.600789116516851185e-01
-1.219400000000000091e+03,2.608534307397565311e-01
-1.218880000000000109e+03,2.616312539508879875e-01
-1.218359999999999900e+03,2.624099557319691800e-01
-1.217840000000000146e+03,2.631923082139305814e-01
-1.217319999999999936e+03,2.639751924920820114e-01
-1.216800000000000182e+03,2.647620303507131068e-01
-1.216279999999999973e+03,2.655491928048343553e-01
-1.215759999999999991e+03,2.663404416869756264e-01
-1.215240000000000009e+03,2.671320536412769564e-01
-1.214720000000000027e+03,2.679269504568280169e-01
-1.214200000000000045e+03,2.687227068484492332e-01
-1.213679999999999836e+03,2.695223018139803473e-01
-1.213160000000000082e+03,2.703228520334514107e-01
-1.212639999999999873e+03,2.711260942321425116e-01
-1.212120000000000118e+03,2.719309410196836807e-01
-1.211599999999999909e+03,2.727389013445445931e-01
-1.211079999999999927e+03,2.735483701084055475e-01
-1.210559999999999945e+03,2.743599967389364624e-01
-1.210039999999999964e+03,2.751736671639775089e-01
-1.209519999999999982e+03,2.759894567567384716e-01
-1.209000000000000000e+03,2.768079394707593788e-01
-1.208480000000000018e+03,2.776284470288601924e-01
-1.207960000000000036e+03,2.784513224317310964e-01
-1.207440000000000055e+03,2.792754772619919224e-01
-1.206919999999999845e+03,2.801030510979227173e-01
-1.206400000000000091e+03,2.809319041061834610e-01
-1.205879999999999882e+03,2.817637201752742904e-01
-1.205360000000000127e+03,2.825962593155448843e-01
-1.204839999999999918e+03,2.834329039567957120e-01
-1.204319999999999936e+03,2.842701413592962911e-01
-1.203799999999999955e+03,2.851113698048869383e-01
-1.203279999999999973e+03,2.859529038130575462e-01
-1.202759999999999991e+03,2.867985063208781660e-01
-1.202240000000000009e+03,2.876445477704585585e-01
-1.201720000000000027e+03,2.884943322839492175e-01
-1.201200000000000045e+03,2.893448804686197251e-01
-1.200680000000000064e+03,2.901988471875001085e-01
-1.200160000000000082e+03,2.910539027271606405e-01
-1.199639999999999873e+03,2.919120328781510398e-01
-1.199120000000000118e+03,2.927715957680413483e-01
-1.198599999999999909e+03,2.936339276188618674e-01
-1.198080000000000155e+03,2.944982073419121216e-01
-1.197559999999999945e+03,2.953652376261423074e-01
-1.197039999999999964e+03,2.962343302490227370e-01
-1.196519999999999982e+03,2.971055234389229915e-01
-1.196000000000000000e+03,2.979788369384731017e-01
-1.195480000000000018e+03,2.988536970556934236e-01
-1.194960000000000036e+03,2.997319786841435296e-01
-1.194440000000000055e+03,3.006120714111936154e-01
-1.193920000000000073e+03,3.014948192398238525e-01
-1.193400000000000091e+03,3.023785789431938653e-01
-1.192879999999999882e+03,3.032661009716538514e-01
-1.192360000000000127e+03,3.041545590042738501e-01
-1.191839999999999918e+03,3.050462444758937908e-01
-1.191320000000000164e+03,3.059383502806738431e-01
-1.190799999999999955e+03,3.068349825143537601e-01
-1.190279999999999973e+03,3.077319579912938252e-01
-1.189759999999999991e+03,3.086334789961535097e-01
-1.189240000000000009e+03,3.095354197009434483e-01
-1.188720000000000027e+03,3.104406076997933139e-01
-1.188199999999999818e+03,3.113466742819530619e-01
-1.187680000000000064e+03,3.122565600909827377e-01
-1.187159999999999854e+03,3.131675728009924997e-01
-1.186640000000000100e+03,3.140816411541621500e-01
-1.186119999999999891e+03,3.149973325934219970e-01
-1.185599999999999909e+03,3.159160993509314563e-01
-1.185079999999999927e+03,3.168364127661609797e-01
-1.184559999999999945e+03,3.177588487487607027e-01
-1.184039999999999964e+03,3.186836308683301255e-01
-1.183519999999999982e+03,3.196107627227399162e-01
-1.183000000000000000e+03,3.205406251811392382e-01
-1.182480000000000018e+03,3.214724549008888266e-01
-1.181960000000000036e+03,3.224066905636280289e-01
-1.181440000000000055e+03,3.233421867512774606e-01
-1.180920000000000073e+03,3.242811206861768158e-01
-1.180400000000000091e+03,3.252213152501460813e-01
-1.179880000000000109e+03,3.261648897029654215e-01
-1.179360000000000127e+03,3.271092859780946327e-01
-1.178839999999999918e+03,3.280578262462338635e-01
-1.178319999999999936e+03,3.290069208102131548e-01
-1.177799999999999955e+03,3.299595285795823840e-01
-1.177279999999999973e+03,3.309124610865514793e-01
-1.176759999999999991e+03,3.318699013561006161e-01
-1.176240000000000009e+03,3.328279143626196035e-01
-1.175720000000000027e+03,3.337900520361585244e-01
-1.175200000000000045e+03,3.347529570445377245e-01
-1.174680000000000064e+03,3.357187621569066582e-01
-1.174159999999999854e+03,3.366858466675954897e-01
-1.173640000000000100e+03,3.376563686535244413e-01
-1.173119999999999891e+03,3.386283424092332850e-01
-1.172600000000000136e+03,3.396030465878220883e-01
-1.172079999999999927e+03,3.405797373389209404e-01
-1.171559999999999945e+03,3.415591403566897166e-01
-1.171039999999999964e+03,3.425406626466184767e-01
-1.170519999999999982e+03,3.435242287687271801e-01
-1.170000000000000000e+03,3.445102584349758468e-01
-1.169480000000000018e+03,3.454980068191444431e-01
-1.168960000000000036e+03,3.464885247146431424e-01
-1.168440000000000055e+03,3.474804747519015802e-01
-1.167920000000000073e+03,3.484758815803902232e-01
-1.167399999999999864e+03,3.494725294465487186e-01
-1.166880000000000109e+03,3.504721572084472103e-01
-1.166359999999999900e+03,3.514724941179455664e-01
-1.165840000000000146e+03,3.524769916186740182e-01
-1.165319999999999936e+03,3.534820043944923995e-01
-1.164799999999999955e+03,3.544915626992107827e-01
-1.164279999999999973e+03,3.555014457039291087e-01
-1.163759999999999991e+03,3.565148238519871282e-01
-1.163240000000000009e+03,3.575287748958855261e-01
-1.162720000000000027e+03,3.585468508451736813e-01
-1.162200000000000045e+03,3.595657672320617948e-01
-1.161680000000000064e+03,3.605880254518297745e-01
-1.161160000000000082e+03,3.616114300679679205e-01
-1.160639999999999873e+03,3.626378714822559024e-01
-1.160119999999999891e+03,3.636659931798539858e-01
-1.159599999999999909e+03,3.646971323001618748e-01
-1.159079999999999927e+03,3.657298563646099177e-01
-1.158559999999999945e+03,3.667646620954477243e-01
-1.158039999999999964e+03,3.678018774583955985e-01
-1.157519999999999982e+03,3.688414005229234682e-01
-1.157000000000000000e+03,3.698833490927712075e-01
-1.156480000000000018e+03,3.709270352236190282e-01
-1.155960000000000036e+03,3.719735102988566688e-01
-1.155440000000000055e+03,3.730213793338743589e-01
-1.154920000000000073e+03,3.740723421759620249e-01
-1.154400000000000091e+03,3.751243933883494641e-01
-1.153880000000000109e+03,3.761798631347769706e-01
-1.153359999999999900e+03,3.772360974098546982e-01
-1.152840000000000146e+03,3.782960741934320303e-01
-1.152319999999999936e+03,3.793564902779894554e-01
-1.151800000000000182e+03,3.804209749017967157e-01
-1.151279999999999973e+03,3.814857835923742835e-01
-1.150759999999999991e+03,3.825545645771916692e-01
-1.150240000000000009e+03,3.836238838381488825e-01
-1.149720000000000027e+03,3.846968469617961239e-01
-1.149200000000000045e+03,3.857707656910032701e-01
-1.148679999999999836e+03,3.868484462909704824e-01
-1.148160000000000082e+03,3.879271393921676081e-01
-1.147639999999999873e+03,3.890084488255446393e-01
-1.147120000000000118e+03,3.900912864697316240e-01
-1.146599999999999909e+03,3.911767781360986906e-01
-1.146079999999999927e+03,3.922641035474856430e-01
-1.145559999999999945e+03,3.933537971914023990e-01
-1.145039999999999964e+03,3.944456294026195131e-01
-1.144519999999999982e+03,3.955394860576963989e-01
-1.144000000000000000e+03,3.966355197351331130e-01
-1.143480000000000018e+03,3.977330434222199340e-01
-1.142960000000000036e+03,3.988337404052265112e-01
-1.142440000000000055e+03,3.999359619034731916e-01
-1.141919999999999845e+03,4.010409145253098218e-01
-1.141400000000000091e+03,4.021468223567963851e-01
-1.140879999999999882e+03,4.032561482119730312e-01
-1.140360000000000127e+03,4.043662190432896208e-01
-1.139839999999999918e+03,4.054800333569458792e-01
-1.139319999999999936e+03,4.065942863284923714e-01
-1.138799999999999955e+03,4.077121109932287935e-01
-1.138279999999999973e+03,4.088302608788750847e-01
-1.137759999999999991e+03,4.099523440824413001e-01
-1.137240000000000009e+03,4.110749813967076727e-01
-1.136720000000000027e+03,4.122012664545938732e-01
-1.136200000000000045e+03,4.133283180637301601e-01
-1.135680000000000064e+03,4.144582505546062778e-01
-1.135160000000000082e+03,4.155893866398923109e-01
-1.134639999999999873e+03,4.167235014973382223e-01
-1.134120000000000118e+03,4.178589348618541588e-01
-1.133599999999999909e+03,4.189967162622901253e-01
-1.133080000000000155e+03,4.201363127878161574e-01
-1.132559999999999945e+03,4.212782768284821233e-01
-1.132039999999999964e+03,4.224221320915077516e-01
-1.131519999999999982e+03,4.235677441973436652e-01
-1.131000000000000000e+03,4.247158390533392058e-01
-1.130480000000000018e+03,4.258656333274248862e-01
-1.129960000000000036e+03,4.270178913735006021e-01
-1.129440000000000055e+03,4.281713557627361277e-01
-1.128920000000000073e+03,4.293275478463116079e-01
-1.128400000000000091e+03,4.304846566353771053e-01
-1.127879999999999882e+03,4.316448024241726911e-01
-1.127360000000000127e+03,4.328055778146479571e-01
-1.126839999999999918e+03,4.339701159857832780e-01
-1.126320000000000164e+03,4.351350742804286909e-01
-1.125799999999999955e+03,4.363036226903936887e-01
-1.125279999999999973e+03,4.374724385570289975e-01
-1.124759999999999991e+03,4.386447109055441884e-01
-1.124240000000000009e+03,4.398174803835893654e-01
-1.123720000000000027e+03,4.409934222597842735e-01
-1.123199999999999818e+03,4.421701257473092395e-01
-1.122680000000000064e+03,4.433497126678942468e-01
-1.122159999999999854e+03,4.445302165511692549e-01
-1.121640000000000100e+03,4.457129352440941106e-01
-1.121119999999999891e+03,4.468972007368490207e-01
-1.120599999999999909e+03,4.480841022117635353e-01
-1.120079999999999927e+03,4.492726275086885712e-01
-1.119559999999999945e+03,4.504631956126832204e-01
-1.119039999999999964e+03,4.516553869829978973e-01
-1.118519999999999982e+03,4.528490869241422745e-01
-1.118000000000000000e+03,4.540449836434670150e-01
-1.117480000000000018e+03,4.552423727901812600e-01
-1.116960000000000036e+03,4.564422029828958394e-01
-1.116440000000000055e+03,4.576432175906201549e-01
-1.115920000000000073e+03,4.588469824636445260e-01
-1.115400000000000091e+03,4.600516636271986259e-01
-1.114880000000000109e+03,4.612589428183229701e-01
-1.114360000000000127e+03,4.624667559245870252e-01
-1.113839999999999918e+03,4.636774147267012092e-01
-1.113319999999999936e+03,4.648883601329752979e-01
-1.112799999999999955e+03,4.661029152174293588e-01
-1.112279999999999973e+03,4.673177179344132903e-01
-1.111759999999999991e+03,4.685354842240871398e-01
-1.111240000000000009e+03,4.697537247745910416e-01
-1.110720000000000027e+03,4.709751356366047581e-01
-1.110200000000000045e+03,4.721972147646584794e-01
-1.109680000000000064e+03,4.734217575875822037e-01
-1.109159999999999854e+03,4.746472175238957703e-01
-1.108640000000000100e+03,4.758748921311894975e-01
-1.108119999999999891e+03,4.771037320747531507e-01
-1.107600000000000136e+03,4.783345391903764954e-01
-1.107079999999999927e+03,4.795667594061797656e-01
-1.106559999999999945e+03,4.808007198218131606e-01
-1.106039999999999964e+03,4.820363206486065755e-01
-1.105519999999999982e+03,4.832733914417896015e-01
-1.105000000000000000e+03,4.845123724727530279e-01
-1.104480000000000018e+03,4.857525942420859999e-01
-1.103960000000000036e+03,4.869945920815292872e-01
-1.103440000000000055e+03,4.882374109940323392e-01
-1.102920000000000073e+03,4.894830183037853222e-01
-1.102399999999999864e+03,4.907295043176981286e-01
-1.101880000000000109e+03,4.919781861761108321e-01
-1.101359999999999900e+03,4.932273104721937029e-01
-1.100840000000000146e+03,4.944792584261765156e-01
-1.100319999999999936e+03,4.957315122274791874e-01
-1.099799999999999955e+03,4.969863241969617595e-01
-1.099279999999999973e+03,4.982413661605043509e-01
-1.098759999999999991e+03,4.994988330451369807e-01
-1.098240000000000009e+03,5.007567394576893927e-01
-1.097720000000000027e+03,5.020173377475417587e-01
-1.097200000000000045e+03,5.032785289613341817e-01
-1.096680000000000064e+03,5.045417654666866092e-01
-1.096160000000000082e+03,5.058059167507887866e-01
-1.095639999999999873e+03,5.070722637673807931e-01
-1.095119999999999891e+03,5.083393945915430923e-01
-1.094599999999999909e+03,5.096078421123049207e-01
-1.094079999999999927e+03,5.108777032909669336e-01
-1.093559999999999945e+03,5.121492827459487307e-01
-1.093039999999999964e+03,5.134219702968509935e-01
-1.092519999999999982e+03,5.146956316950024313e-01
-1.092000000000000000e+03,5.159709194222341644e-01
-1.091480000000000018e+03,5.172471964604460348e-01
-1.090960000000000036e+03,5.185252694042276067e-01
-1.090440000000000055e+03,5.198041632136292112e-01
-1.089920000000000073e+03,5.210850435057206020e-01
-1.089400000000000091e+03,5.223665536535020415e-01
-1.088880000000000109e+03,5.236498209416933225e-01
-1.088359999999999900e+03,5.249334131116946134e-01
-1.087840000000000146e+03,5.262189337150359192e-01
-1.087319999999999936e+03,5.275046479185571124e-01
-1.086800000000000182e+03,5.287929376702082962e-01
-1.086279999999999973e+03,5.300814185179492100e-01
-1.085759999999999991e+03,5.313723436698600811e-01
-1.085240000000000009e+03,5.326634791620010745e-01
-1.084720000000000027e+03,5.339559699639018220e-01
-1.084200000000000045e+03,5.352489195653526988e-01
-1.083679999999999836e+03,5.365434920378132633e-01
-1.083160000000000082e+03,5.378388888463441209e-01
-1.082639999999999873e+03,5.391360775372147085e-01
-1.082120000000000118e+03,5.404338587262351723e-01
-1.081599999999999909e+03,5.417326132150854789e-01
-1.081079999999999927e+03,5.430323229930958950e-01
-1.080559999999999945e+03,5.443331779613564958e-01
-1.080039999999999964e+03,5.456351413279466600e-01
-1.079519999999999982e+03,5.469380779225866407e-01
-1.079000000000000000e+03,5.482419915004168587e-01
-1.078480000000000018e+03,5.495464944613870362e-01
-1.077960000000000036e+03,5.508524489323667339e-01
-1.077440000000000055e+03,5.521590328365066913e-01
-1.076919999999999845e+03,5.534668398460466099e-01
-1.076400000000000091e+03,5.547750092665664212e-01
-1.075879999999999882e+03,5.560849353441860154e-01
-1.075360000000000127e+03,5.573952077759457557e-01
-1.074839999999999918e+03,5.587064138730551965e-01
-1.074319999999999936e+03,5.600177150101446344e-01
-1.073799999999999955e+03,5.613311166904738636e-01
-1.073279999999999973e+03,5.626445758329633451e-01
-1.072759999999999991e+03,5.639590084854626539e-01
-1.072240000000000009e+03,5.652736898213517325e-01
-1.071720000000000027e+03,5.665896883512308024e-01
-1.071200000000000045e+03,5.679060721534500145e-01
-1.070680000000000064e+03,5.692236556434989714e-01
-1.070160000000000082e+03,5.705416979901178909e-01
-1.069639999999999873e+03,5.718608473855668617e-01
-1.069120000000000118e+03,5.731803792765854944e-01
-1.068599999999999909e+03,5.745005597884139670e-01
-1.068080000000000155e+03,5.758212368557626970e-01
-1.067559999999999945e+03,5.771424894787612336e-01
-1.067039999999999964e+03,5.784645611291595602e-01
-1.066519999999999982e+03,5.797873577620679120e-01
-1.066000000000000000e+03,5.811108038667963660e-01
-1.065480000000000018e+03,5.824346506395945422e-01
-1.064960000000000036e+03,5.837588413887225824e-01
-1.064440000000000055e+03,5.850832232810107003e-01
-1.063920000000000073e+03,5.864088108703788826e-01
-1.063400000000000091e+03,5.877347391180465230e-01
-1.062879999999999882e+03,5.890611252617445892e-01
-1.062360000000000127e+03,5.903875695759922548e-01
-1.061839999999999918e+03,5.917150059360698489e-01
-1.061320000000000164e+03,5.930425005598073396e-01
-1.060799999999999955e+03,5.943710664919551467e-01
-1.060279999999999973e+03,5.956996490439323555e-01
-1.059759999999999991e+03,5.970287274637398056e-01
-1.059240000000000009e+03,5.983578827887671148e-01
-1.058720000000000027e+03,5.996874768628044361e-01
-1.058199999999999818e+03,6.010171859544113371e-01
-1.057680000000000064e+03,6.023472955102684434e-01
-1.057159999999999854e+03,6.036777515340253641e-01
-1.056640000000000100e+03,6.050089114300222226e-01
-1.056119999999999891e+03,6.063400716703390980e-01
-1.055599999999999909e+03,6.076712313206654725e-01
-1.055079999999999927e+03,6.090026392371421515e-01
-1.054559999999999945e+03,6.103343143590086450e-01
-1.054039999999999964e+03,6.116662980549751882e-01
-1.053519999999999982e+03,6.129985077701715079e-01
-1.053000000000000000e+03,6.143307176256077584e-01
-1.052480000000000018e+03,6.156629266518739430e-01
-1.051960000000000036e+03,6.169951172187299049e-01
-1.051440000000000055e+03,6.183273261225559203e-01
-1.050920000000000073e+03,6.196599588997819819e-01
-1.050400000000000091e+03,6.209926833634278331e-01
-1.049880000000000109e+03,6.223254079688936846e-01
-1.049360000000000127e+03,6.236581324324592668e-01
-1.048839999999999918e+03,6.249903794515746513e-01
-1.048319999999999936e+03,6.263225880109201116e-01
-1.047799999999999955e+03,6.276553343410358199e-01
-1.047279999999999973e+03,6.289880204587009471e-01
-1.046759999999999991e+03,6.303202094344463324e-01
-1.046240000000000009e+03,6.316524177703513043e-01
-1.045720000000000027e+03,6.329846257435863821e-01
-1.045200000000000045e+03,6.343168371500611524e-01
-1.044680000000000064e+03,6.356490445398560452e-01
-1.044159999999999854e+03,6.369809280464807655e-01
-1.043640000000000100e+03,6.383120848415053672e-01
-1.043119999999999891e+03,6.396432420588501477e-01
-1.042600000000000136e+03,6.409743994135943534e-01
-1.042079999999999927e+03,6.423053303811889769e-01
-1.041559999999999945e+03,6.436359522292631752e-01
-1.041039999999999964e+03,6.449663067524176174e-01
-1.040519999999999982e+03,6.462964128167014710e-01
-1.040000000000000000e+03,6.476258697272453402e-01
-1.039480000000000018e+03,6.489549668751093403e-01
-1.038960000000000036e+03,6.502836593353732431e-01
-1.038440000000000055e+03,6.516121991387969770e-01
-1.037920000000000073e+03,6.529403381532205008e-01
-1.037399999999999864e+03,6.542683622398741683e-01
-1.036880000000000109e+03,6.555955105420373519e-01
-1.036359999999999900e+03,6.569224836883408303e-01
-1.035840000000000146e+03,6.582484829416239691e-01
-1.035319999999999936e+03,6.595744050711571660e-01
-1.034799999999999955e+03,6.608992776452701223e-01
-1.034279999999999973e+03,6.622240734735230783e-01
-1.033759999999999991e+03,6.635479360367059209e-01
-1.033240000000000009e+03,6.648716051093686019e-01
-1.032720000000000027e+03,6.661943947332513716e-01
-1.032200000000000045e+03,6.675168027004737548e-01
-1.031680000000000064e+03,6.688380487397661556e-01
-1.031160000000000082e+03,6.701589479623785151e-01
-1.030639999999999873e+03,6.714791209833206320e-01
-1.030119999999999891e+03,6.727986834378126835e-01
-1.029599999999999909e+03,6.741172903199847966e-01
-1.029079999999999927e+03,6.754354227637265895e-01
-1.028559999999999945e+03,6.767529792056183879e-01
-1.028039999999999964e+03,6.780694085989099618e-01
-1.027519999999999982e+03,6.793848826630316529e-01
-1.027000000000000000e+03,6.806993640117131594e-01
-1.026480000000000018e+03,6.820132945035545236e-01
-1.025960000000000036e+03,6.833264582121357789e-01
-1.025440000000000055e+03,6.846393158954566793e-01
-1.024920000000000073e+03,6.859501298652678214e-01
-1.024400000000000091e+03,6.872603924782386686e-01
-1.023880000000000109e+03,6.885697550034395320e-01
-1.023360000000000014e+03,6.898789453368900926e-01
-1.022840000000000032e+03,6.911856913939707914e-01
-1.022319999999999936e+03,6.924922654220611040e-01
-1.021800000000000068e+03,6.937973140664616123e-01
-1.021279999999999973e+03,6.951021305889419910e-01
-1.020759999999999991e+03,6.964050558906621502e-01
-1.020240000000000009e+03,6.977076385391819402e-01
-1.019719999999999914e+03,6.990084850437119357e-01
-1.019200000000000045e+03,7.003086798491316989e-01
-1.018679999999999950e+03,7.016069070802313234e-01
-1.018160000000000082e+03,7.029044658845509108e-01
-1.017639999999999986e+03,7.042006143662503659e-01
-1.017120000000000005e+03,7.054959006371196439e-01
-1.016599999999999909e+03,7.067899443844888330e-01
-1.016080000000000041e+03,7.080824997209278493e-01
-1.015559999999999945e+03,7.093734142959169375e-01
-1.015040000000000077e+03,7.106634477209058387e-01
-1.014519999999999982e+03,7.119527939933942839e-01
-1.014000000000000000e+03,7.132401536907732043e-01
-1.013480000000000018e+03,7.145263702257215188e-01
-1.012960000000000036e+03,7.158107126883199722e-01
-1.012440000000000055e+03,7.170943095829979130e-01
-1.011919999999999959e+03,7.183754239456563440e-01
-1.011399999999999977e+03,7.196558920460540687e-01
-1.010879999999999882e+03,7.209345424294422155e-01
-1.010360000000000014e+03,7.222129067337096364e-01
-1.009839999999999918e+03,7.234883104546473431e-01
-1.009320000000000050e+03,7.247634876828347172e-01
-1.008799999999999955e+03,7.260355876980620904e-01
-1.008279999999999973e+03,7.273073819301194565e-01
-1.007759999999999991e+03,7.285763295845765208e-01
-1.007240000000000009e+03,7.298447465153634628e-01
-1.006720000000000027e+03,7.311105621753704042e-01
-1.006200000000000045e+03,7.323757291397270386e-01
-1.005679999999999950e+03,7.336389282967835657e-01
-1.005160000000000082e+03,7.349009662708499979e-01
-1.004639999999999986e+03,7.361604985002964119e-01
-1.004120000000000118e+03,7.374185608701624428e-01
-1.003600000000000023e+03,7.386744674983384273e-01
-1.003080000000000041e+03,7.399288436445844441e-01
-1.002559999999999945e+03,7.411815958354003309e-01
-1.002039999999999964e+03,7.424325727968458244e-01
-1.001519999999999982e+03,7.436822151791513402e-01
-1.001000000000000000e+03,7.449291616089066537e-01
-1.000480000000000018e+03,7.461745995080918403e-01
-9.999599999999999227e+02,7.474178059087371873e-01
-9.994400000000000546e+02,7.486600924508618471e-01
-9.989199999999999591e+02,7.498990941790669718e-01
-9.984000000000000909e+02,7.511371984269215041e-01
-9.978799999999999955e+02,7.523726128138359392e-01
-9.973600000000000136e+02,7.536075847950902684e-01
-9.968399999999999181e+02,7.548386029429645649e-01
-9.963200000000000500e+02,7.560693383450887151e-01
-9.957999999999999545e+02,7.572959449986927938e-01
-9.952800000000000864e+02,7.585221893064466592e-01
-9.947599999999999909e+02,7.597451700419203258e-01
-9.942400000000000091e+02,7.609673848554038278e-01
-9.937200000000000273e+02,7.621861614284370923e-01
-9.931999999999999318e+02,7.634040246588804646e-01
-9.926800000000000637e+02,7.646191341086434612e-01
-9.921599999999999682e+02,7.658326973207864041e-01
-9.916399999999999864e+02,7.670431118775093982e-01
-9.911199999999998909e+02,7.682518239662120552e-01
-9.906000000000000227e+02,7.694580530089643045e-01
-9.900799999999999272e+02,7.706622387436267152e-01
-9.895600000000000591e+02,7.718643080687788149e-01
-9.890399999999999636e+02,7.730637191854908830e-01
-9.885199999999999818e+02,7.742610486062726505e-01
-9.880000000000000000e+02,7.754557460148644443e-01
-9.874800000000000182e+02,7.766488932958658387e-01
-9.869600000000000364e+02,7.778387014780873132e-01
-9.864400000000000546e+02,7.790271695076285141e-01
-9.859199999999999591e+02,7.802118756066395155e-01
-9.854000000000000909e+02,7.813956490180603565e-01
-9.848799999999999955e+02,7.825757523991213604e-01
-9.843600000000001273e+02,7.837553213445019873e-01
-9.838400000000000318e+02,7.849299659363322412e-01
-9.833199999999999363e+02,7.861041874916125938e-01
-9.827999999999999545e+02,7.872738253103328532e-01
-9.822799999999999727e+02,7.884429892833828557e-01
-9.817599999999999909e+02,7.896079291220025054e-01
-9.812400000000000091e+02,7.907720097173323026e-01
-9.807200000000000273e+02,7.919322739156515745e-01
-9.801999999999999318e+02,7.930911603657210263e-01
-9.796800000000000637e+02,7.942461720531599489e-01
-9.791599999999999682e+02,7.953994246918291156e-01
-9.786400000000001000e+02,7.965492011630777025e-01
-9.781200000000000045e+02,7.976968610729564535e-01
-9.776000000000000227e+02,7.988414051984149555e-01
-9.770799999999999272e+02,7.999836581249131218e-01
-9.765600000000000591e+02,8.011235258202510368e-01
-9.760399999999999636e+02,8.022604123750491922e-01
-9.755200000000000955e+02,8.033950476881567271e-01
-9.750000000000000000e+02,8.045259754126644625e-01
-9.744799999999999045e+02,8.056548407856517491e-01
-9.739600000000000364e+02,8.067799658716188205e-01
-9.734399999999999409e+02,8.079035985725561142e-01
-9.729200000000000728e+02,8.090230900005626058e-01
-9.723999999999999773e+02,8.101415096964694751e-01
-9.718799999999999955e+02,8.112549061742558854e-01
-9.713599999999999000e+02,8.123675800412022419e-01
-9.708400000000000318e+02,8.134752858641082218e-01
-9.703199999999999363e+02,8.145825750743244109e-01
-9.698000000000000682e+02,8.156842652179401298e-01
-9.692799999999999727e+02,8.167854051952856409e-01
-9.687599999999999909e+02,8.178818818058511964e-01
-9.682400000000000091e+02,8.189771943499762896e-01
-9.677200000000000273e+02,8.200674100360912933e-01
-9.672000000000000455e+02,8.211562297275760702e-01
-9.666800000000000637e+02,8.222412130095403393e-01
-9.661599999999999682e+02,8.233240553306649945e-01
-9.656399999999998727e+02,8.244027751659992465e-01
-9.651200000000000045e+02,8.254792966305732893e-01
-9.645999999999999091e+02,8.265527615036171172e-01
-9.640800000000000409e+02,8.276231558129711896e-01
-9.635599999999999454e+02,8.286903575904641661e-01
-9.630399999999999636e+02,8.297539917542473553e-01
-9.625199999999999818e+02,8.308149297655404997e-01
-9.620000000000000000e+02,8.318721474785435444e-01
-9.614800000000000182e+02,8.329273188340859946e-01
-9.609600000000000364e+02,8.339783490642787012e-01
-9.604399999999999409e+02,8.350277724790404754e-01
-9.599200000000000728e+02,8.360721958522626673e-01
-9.593999999999999773e+02,8.371153552800544295e-01
-9.588800000000001091e+02,8.381530185357257690e-01
-9.583600000000000136e+02,8.391898959887071907e-01
-9.578400000000000318e+02,8.402207985627188069e-01
-9.573199999999999363e+02,8.412512221328195539e-01
-9.568000000000000682e+02,8.422761095268801457e-01
-9.562799999999999727e+02,8.433002124905909502e-01
-9.557599999999999909e+02,8.443183017389109812e-01
-9.552400000000000091e+02,8.453351863587413861e-01
-9.547199999999999136e+02,8.463470121285112668e-01
-9.542000000000000455e+02,8.473571363154411840e-01
-9.536799999999999500e+02,8.483626992400004063e-01
-9.531600000000000819e+02,8.493660637494399035e-01
-9.526399999999999864e+02,8.503653441176891592e-01
-9.521200000000000045e+02,8.513619679554078612e-01
-9.515999999999999091e+02,8.523549655767663769e-01
-9.510800000000000409e+02,8.533445623859244877e-01
-9.505599999999999454e+02,8.543307814747326256e-01
-9.500400000000000773e+02,8.553133918830008176e-01
-9.495199999999999818e+02,8.562933067553185618e-01
-9.490000000000000000e+02,8.572688143130255956e-01
-9.484800000000000182e+02,8.582419500582827432e-01
-9.479600000000000364e+02,8.592101246319195917e-01
-9.474400000000000546e+02,8.601764626803766189e-01
-9.469199999999999591e+02,8.611377631211931671e-01
-9.463999999999999773e+02,8.620978197536492971e-01
-9.458799999999998818e+02,8.630519021758354947e-01
-9.453600000000000136e+02,8.640051820482611555e-01
-9.448399999999999181e+02,8.649524256651167642e-01
-9.443200000000000500e+02,8.658991568919518489e-01
-9.437999999999999545e+02,8.668388388624068686e-01
-9.432799999999999727e+02,8.677777986010918321e-01
-9.427599999999999909e+02,8.687112390834966780e-01
-9.422400000000000091e+02,8.696432264276207080e-01
-9.417200000000000273e+02,8.705693537158549766e-01
-9.412000000000000455e+02,8.714937415855688041e-01
-9.406799999999999500e+02,8.724135869663321996e-01
-9.401600000000000819e+02,8.733308939825655814e-01
-9.396399999999999864e+02,8.742433855416685828e-01
-9.391200000000001182e+02,8.751530352963317050e-01
-9.386000000000000227e+02,8.760587700591943028e-01
-9.380800000000000409e+02,8.769613332758666724e-01
-9.375599999999999454e+02,8.778607863991583216e-01
-9.370399999999999636e+02,8.787557149774900545e-01
-9.365199999999999818e+02,8.796473172950718400e-01
-9.360000000000000000e+02,8.805348186551731349e-01
-9.354800000000000182e+02,8.814201613735842544e-01
-9.349599999999999227e+02,8.823001364442745187e-01
-9.344400000000000546e+02,8.831781663356752521e-01
-9.339199999999999591e+02,8.840506976390355431e-01
-9.334000000000000909e+02,8.849219086688754343e-01
-9.328799999999999955e+02,8.857866687551552154e-01
-9.323600000000000136e+02,8.866505892848143278e-01
-9.318399999999999181e+02,8.875079603706035325e-01
-9.313200000000000500e+02,8.883647750400321952e-01
-9.307999999999999545e+02,8.892151198477405982e-01
-9.302800000000000864e+02,8.900645874728588813e-01
-9.297599999999999909e+02,8.909075781413866579e-01
-9.292400000000000091e+02,8.917491599561546689e-01
-9.287200000000000273e+02,8.925848796354517445e-01
-9.281999999999999318e+02,8.934187290557088490e-01
-9.276800000000000637e+02,8.942476104960056515e-01
-9.271599999999999682e+02,8.950739562395321203e-01
-9.266399999999999864e+02,8.958955664404784081e-01
-9.261199999999998909e+02,8.967142564383245862e-01
-9.256000000000000227e+02,8.975290694612000353e-01
-9.250799999999999272e+02,8.983401390700351818e-01
-9.245600000000000591e+02,8.991476397944203613e-01
-9.240399999999999636e+02,8.999508651155753158e-01
-9.235199999999999818e+02,9.007510352062798598e-01
-9.230000000000000000e+02,9.015467382205839542e-01
-9.224800000000000182e+02,9.023400897517973585e-01
-9.219600000000000364e+02,9.031280800172512002e-01
-9.214400000000000546e+02,9.039141603078542087e-01
-9.209199999999999591e+02,9.046942658569870899e-01
-9.204000000000000909e+02,9.054730154205995474e-01
-9.198799999999999955e+02,9.062452357248619306e-01
-9.193600000000001273e+02,9.070166734326338132e-01
-9.188400000000000318e+02,9.077815025330555621e-01
-9.183199999999999363e+02,9.085458198521366713e-01
-9.177999999999999545e+02,9.093031488735575651e-01
-9.172799999999999727e+02,9.100595818068583087e-01
-9.167599999999999909e+02,9.108095990385285390e-01
-9.162400000000000091e+02,9.115582433499886950e-01
-9.157200000000000273e+02,9.123014643440383598e-01
-9.151999999999999318e+02,9.130426633446375728e-01
-9.146800000000000637e+02,9.137785734889968259e-01
-9.141599999999999682e+02,9.145116969457552925e-01
-9.136400000000001000e+02,9.152397606944334685e-01
-9.131200000000000045e+02,9.159651143908418280e-01
-9.126000000000000227e+02,9.166869364288293687e-01
-9.120799999999999272e+02,9.174047315216264931e-01
-9.115600000000000591e+02,9.181187070826134500e-01
-9.110399999999999636e+02,9.188286754491001851e-01
-9.105200000000000955e+02,9.195358555273760448e-01
-9.100000000000000000e+02,9.202381692476822028e-01
-9.094799999999999045e+02,9.209380380374575514e-01
-9.089600000000000364e+02,9.216324676778031577e-01
-9.084399999999999409e+02,9.223250072280374523e-01
-9.079200000000000728e+02,9.230115726122020137e-01
-9.073999999999999773e+02,9.236968013120760990e-01
-9.068799999999999955e+02,9.243759408458496196e-01
-9.063599999999999000e+02,9.250543938173532155e-01
-9.058400000000000318e+02,9.257257071923661318e-01
-9.053199999999999363e+02,9.263965067426690458e-01
-9.048000000000000682e+02,9.270608336156407336e-01
-9.042799999999999727e+02,9.277242272475531015e-01
-9.037599999999999909e+02,9.283812849158341596e-01
-9.032400000000000091e+02,9.290367952423955744e-01
-9.027200000000000273e+02,9.296865208019260418e-01
-9.022000000000000455e+02,9.303341671614363539e-01
-9.016800000000000637e+02,9.309765635002961170e-01
-9.011599999999999682e+02,9.316165179569154686e-01
-9.006399999999998727e+02,9.322521416785646275e-01
-9.001200000000000045e+02,9.328847866880434214e-01
-8.995999999999999091e+02,9.335135942115819763e-01
-8.990800000000000409e+02,9.341386431059301998e-01
-8.985599999999999454e+02,9.347601597014172370e-01
-8.980399999999999636e+02,9.353773480029445864e-01
-8.975199999999999818e+02,9.359915354343615324e-01
-8.970000000000000000e+02,9.366012017757079366e-01
-8.964800000000000182e+02,9.372086181311631847e-01
-8.959600000000000364e+02,9.378109561516790871e-01
-8.954399999999999409e+02,9.384115561809841521e-01
-8.949200000000000728e+02,9.390061676439489524e-01
-8.943999999999999773e+02,9.395994782348628949e-01
-8.938800000000001091e+02,9.401866627648567398e-01
-8.933600000000000136e+02,9.407731834205397270e-01
-8.928400000000000318e+02,9.413530587900326152e-01
-8.923199999999999363e+02,9.419324044160852782e-01
-8.918000000000000682e+02,9.425047991376072076e-01
-8.912799999999999727e+02,9.430763180981691640e-01
-8.907599999999999909e+02,9.436419606119503811e-01
-8.902400000000000091e+02,9.442061515307114128e-01
-8.897199999999999136e+02,9.447650014121514728e-01
-8.892000000000000455e+02,9.453218847068112218e-01
-8.886799999999999500e+02,9.458739411894706572e-01
-8.881600000000000819e+02,9.464235385033696879e-01
-8.876399999999999864e+02,9.469687996553777243e-01
-8.871200000000000045e+02,9.475108407391258369e-01
-8.865999999999999091e+02,9.480487745129434485e-01
-8.860800000000000409e+02,9.485834890052705637e-01
-8.855599999999999454e+02,9.491151876555166123e-01
-8.850400000000000773e+02,9.496428209577532087e-01
-8.845199999999999818e+02,9.501677277043585335e-01
-8.840000000000000000e+02,9.506880759978239004e-01
-8.834800000000000182e+02,9.512061685529284993e-01
-8.829600000000000364e+02,9.517191907733826284e-01
-8.824400000000000546e+02,9.522305328318864115e-01
-8.819199999999999591e+02,9.527366871210096733e-01
-8.813999999999999773e+02,9.532417321402523180e-01
-8.808799999999998818e+02,9.537406557245141636e-01
-8.803600000000000136e+02,9.542389315215763501e-01
-8.798399999999999181e+02,9.547305486099074701e-01
-8.793200000000000500e+02,9.552216716471081392e-01
-8.787999999999999545e+02,9.557068980056881990e-01
-8.782799999999999727e+02,9.561912118271782557e-01
-8.777599999999999909e+02,9.566696473774869425e-01
-8.772400000000000091e+02,9.571466362535359096e-01
-8.767200000000000273e+02,9.576182999103237670e-01
-8.762000000000000455e+02,9.580882696426915590e-01
-8.756799999999999500e+02,9.585541935985282258e-01
-8.751600000000000819e+02,9.590176025014450767e-01
-8.746399999999999864e+02,9.594767365727308039e-01
-8.741200000000001182e+02,9.599330702905163326e-01
-8.736000000000000227e+02,9.603859713071009052e-01
-8.730800000000000409e+02,9.608355533591755870e-01
-8.725599999999999454e+02,9.612821580444089742e-01
-8.720399999999999636e+02,9.617246841074126307e-01
-8.715199999999999818e+02,9.621645218021948054e-01
-8.710000000000000000e+02,9.626004503140770385e-01
-8.704800000000000182e+02,9.630345274152983803e-01
-8.699599999999999227e+02,9.634638994616198104e-01
-8.694400000000000546e+02,9.638917225957697177e-01
-8.689199999999999591e+02,9.643143447407097613e-01
-8.684000000000000909e+02,9.647359144728286928e-01
-8.678799999999999955e+02,9.651517863290073329e-01
-8.673600000000000136e+02,9.655671068263154133e-01
-8.668399999999999181e+02,9.659762253766027706e-01
-8.663200000000000500e+02,9.663849113780793587e-01
-8.657999999999999545e+02,9.667882186612259954e-01
-8.652800000000000864e+02,9.671907287751216886e-01
-8.647599999999999909e+02,9.675882770078564343e-01
-8.642400000000000091e+02,9.679844775834910431e-01
-8.637200000000000273e+02,9.683757953393443696e-01
-8.631999999999999318e+02,9.687652673133181347e-01
-8.626800000000000637e+02,9.691503134034105127e-01
-8.621599999999999682e+02,9.695334382631323189e-01
-8.616399999999999864e+02,9.699132640348933077e-01
-8.611199999999998909e+02,9.702903130656439501e-01
-8.606000000000000227e+02,9.706638875082440610e-01
-8.600799999999999272e+02,9.710344539910636952e-01
-8.595600000000000591e+02,9.714023142237417918e-01
-8.590399999999999636e+02,9.717666882968000186e-01
-8.585199999999999818e+02,9.721287914657670282e-01
-8.580000000000000000e+02,9.724870137039539619e-01
-8.574800000000000182e+02,9.728434042055797981e-01
-8.569600000000000364e+02,9.731954318242252988e-01
-8.564400000000000546e+02,9.735460878413099151e-01
-8.559199999999999591e+02,9.738919450141036993e-01
-8.554000000000000909e+02,9.742368678623973821e-01
-8.548799999999999955e+02,9.745770292219698705e-01
-8.543600000000001273e+02,9.749167359580417358e-01
-8.538400000000000318e+02,9.752507625009724235e-01
-8.533199999999999363e+02,9.755843926719131032e-01
-8.527999999999999545e+02,9.759131858926328729e-01
-8.522799999999999727e+02,9.762411798701819965e-01
-8.517599999999999909e+02,9.765647333658502571e-01
-8.512400000000000091e+02,9.768870377669077731e-01
-8.507200000000000273e+02,9.772048810377548245e-01
-8.501999999999999318e+02,9.775211456390608955e-01
-8.496800000000000637e+02,9.778337727808659174e-01
-8.491599999999999682e+02,9.781444433922410475e-01
-8.486400000000001000e+02,9.784518549353744543e-01
-8.481200000000000045e+02,9.787567031043379329e-01
-8.476000000000000227e+02,9.790583831756297650e-01
-8.470799999999999272e+02,9.793575948363021366e-01
-8.465600000000000591e+02,9.796546172528621810e-01
-8.460399999999999636e+02,9.799484657052826009e-01
-8.455200000000000955e+02,9.802402925514114296e-01
-8.450000000000000000e+02,9.805288906795299742e-01
-8.444799999999999045e+02,9.808160198753874681e-01
-8.439600000000000364e+02,9.810987752805443440e-01
-8.434399999999999409e+02,9.813801760284506237e-01
-8.429200000000000728e+02,9.816581036589056009e-01
-8.423999999999999773e+02,9.819353662477001699e-01
-8.418799999999999955e+02,9.822078518374435241e-01
-8.413599999999999000e+02,9.824799225052466278e-01
-8.408400000000000318e+02,9.827467961213481873e-01
-8.403199999999999363e+02,9.830133132078392455e-01
-8.398000000000000682e+02,9.832754930287095352e-01
-8.392799999999999727e+02,9.835369947992989026e-01
-8.387599999999999909e+02,9.837944989763769410e-01
-8.382400000000000091e+02,9.840510597740350640e-01
-8.377200000000000273e+02,9.843044266350918781e-01
-8.372000000000000455e+02,9.845561987704176676e-01
-8.366800000000000637e+02,9.848043562927621952e-01
-8.361599999999999682e+02,9.850507524216265409e-01
-8.356399999999998727e+02,9.852942574519598651e-01
-8.351200000000000045e+02,9.855358703799620423e-01
-8.345999999999999091e+02,9.857751959909432093e-01
-8.340800000000000409e+02,9.860120642268842550e-01
-8.335599999999999454e+02,9.862467391913434245e-01
-8.330399999999999636e+02,9.864785742781420064e-01
-8.325199999999999818e+02,9.867085803202592098e-01
-8.320000000000000000e+02,9.869357678253966037e-01
-8.314800000000000182e+02,9.871616400685517823e-01
-8.309600000000000364e+02,9.873843502315269305e-01
-8.304399999999999409e+02,9.876060692555207465e-01
-8.299200000000000728e+02,9.878243231543630820e-01
-8.293999999999999773e+02,9.880419346144253545e-01
-8.288800000000001091e+02,9.882552544819361851e-01
-8.283600000000000136e+02,9.884681990009761554e-01
-8.278400000000000318e+02,9.886770043170547417e-01
-8.273199999999999363e+02,9.888855548439229315e-01
-8.268000000000000682e+02,9.890907669069698427e-01
-8.262799999999999727e+02,9.892953413496156090e-01
-8.257599999999999909e+02,9.894964238360002273e-01
-8.252400000000000091e+02,9.896965476002443918e-01
-8.247199999999999136e+02,9.898935051425064024e-01
-8.242000000000000455e+02,9.900891804899183413e-01
-8.236799999999999500e+02,9.902820073732989670e-01
-8.231600000000000819e+02,9.904734419947988089e-01
-8.226399999999999864e+02,9.906626800081966833e-01
-8.221200000000000045e+02,9.908500156734444397e-01
-8.215999999999999091e+02,9.910351312910202770e-01
-8.210800000000000409e+02,9.912183064522361864e-01
-8.205599999999999454e+02,9.913998317382194392e-01
-8.200400000000000773e+02,9.915791578153628771e-01
-8.195199999999999818e+02,9.917570784826843511e-01
-8.190000000000000000e+02,9.919325360280251136e-01
-8.184800000000000182e+02,9.921068884217445483e-01
-8.179600000000000364e+02,9.922784983324931529e-01
-8.174400000000000546e+02,9.924492716962302064e-01
-8.169199999999999591e+02,9.926165736908960646e-01
-8.163999999999999773e+02,9.927832503034907941e-01
-8.158799999999998818e+02,9.929471053711047546e-01
-8.153600000000000136e+02,9.931107420036074940e-01
-8.148399999999999181e+02,9.932713040596882204e-01
-8.143200000000000500e+02,9.934315767414285681e-01
-8.137999999999999545e+02,9.935880850455071078e-01
-8.132799999999999727e+02,9.937441909339349566e-01
-8.127599999999999909e+02,9.938981722307911326e-01
-8.122400000000000091e+02,9.940512459170164350e-01
-8.117200000000000273e+02,9.942011576142696372e-01
-8.112000000000000455e+02,9.943503184455628752e-01
-8.106799999999999500e+02,9.944977314858735040e-01
-8.101600000000000819e+02,9.946438044246140864e-01
-8.096399999999999864e+02,9.947876853107620043e-01
-8.091200000000001182e+02,9.949301943250297153e-01
-8.086000000000000227e+02,9.950710630272353585e-01
-8.080800000000000409e+02,9.952103551264305237e-01
-8.075599999999999454e+02,9.953482297544332669e-01
-8.070399999999999636e+02,9.954842905280157916e-01
-8.065199999999999818e+02,9.956192001258062918e-01
-8.060000000000000000e+02,9.957520298876457732e-01
-8.054800000000000182e+02,9.958839515624431371e-01
-8.049599999999999227e+02,9.960139962768193023e-01
-8.044400000000000546e+02,9.961434727009944590e-01
-8.039199999999999591e+02,9.962704624557081612e-01
-8.034000000000000909e+02,9.963969839838604514e-01
-8.028799999999999955e+02,9.965207648048010070e-01
-8.023600000000000136e+02,9.966443526921602292e-01
-8.018399999999999181e+02,9.967655079733780399e-01
-8.013200000000000500e+02,9.968864566132445981e-01
-8.007999999999999545e+02,9.970046741915095101e-01
-8.002800000000000864e+02,9.971226587910532180e-01
-7.997599999999999909e+02,9.972390162111345324e-01
-7.992400000000000091e+02,9.973547487193853422e-01
-7.987200000000000273e+02,9.974682250083036772e-01
-7.981999999999999318e+02,9.975810026127611696e-01
-7.976800000000000637e+02,9.976921260217864740e-01
-7.971599999999999682e+02,9.978021641999612612e-01
-7.966399999999999864e+02,9.979104115426631338e-01
-7.961199999999998909e+02,9.980178879710843720e-01
-7.956000000000000227e+02,9.981243498617433652e-01
-7.950799999999999272e+02,9.982298791812512784e-01
-7.945600000000000591e+02,9.983345583473370866e-01
-7.940399999999999636e+02,9.984375562637122226e-01
-7.935199999999999818e+02,9.985394050015041767e-01
-7.930000000000000000e+02,9.986401219015856867e-01
-7.924800000000000182e+02,9.987402387311542507e-01
-7.919600000000000364e+02,9.988386837428224752e-01
-7.914400000000000546e+02,9.989365857703979001e-01
-7.909199999999999591e+02,9.990330607422425180e-01
-7.904000000000000909e+02,9.991292857373446079e-01
-7.898799999999999955e+02,9.992234521090355148e-01
-7.893600000000001273e+02,9.993174745795744274e-01
-7.888400000000000318e+02,9.994098127305113266e-01
-7.883199999999999363e+02,9.995020586883769376e-01
-7.877999999999999545e+02,9.995927491072603699e-01
-7.872799999999999727e+02,9.996831713737017733e-01
-7.867599999999999909e+02,9.997717379055215403e-01
-7.862400000000000091e+02,9.998601279867698199e-01
-7.857200000000000273e+02,9.999476109013052394e-01
-7.851999999999999318e+02,1.000034531521750036e+00
-7.846800000000000637e+02,1.000119903105711527e+00
-7.841599999999999682e+02,1.000204998777222576e+00
-7.836400000000001000e+02,1.000289359143240242e+00
-7.831200000000000045e+02,1.000373091121407487e+00
-7.826000000000000227e+02,1.000455946322321044e+00
-7.820799999999999272e+02,1.000538057614264398e+00
-7.815600000000000591e+02,1.000619372326223777e+00
-7.810399999999999636e+02,1.000700172928663090e+00
-7.805200000000000955e+02,1.000780510235588894e+00
-7.800000000000000000e+02,1.000859528796493203e+00
-7.794799999999999045e+02,1.000937838056565443e+00
-7.789600000000000364e+02,1.001015919674885346e+00
-7.784399999999999409e+02,1.001093824959172984e+00
-7.779200000000000728e+02,1.001170484420469187e+00
-7.773999999999999773e+02,1.001246946378672620e+00
-7.768799999999999955e+02,1.001321933352104177e+00
-7.763599999999999000e+02,1.001396889909863752e+00
-7.758400000000000318e+02,1.001471301218490595e+00
-7.753199999999999363e+02,1.001545657599055783e+00
-7.748000000000000682e+02,1.001618492857557996e+00
-7.742799999999999727e+02,1.001691231682718897e+00
-7.737599999999999909e+02,1.001762991835406291e+00
-7.732400000000000091e+02,1.001834443673753183e+00
-7.727200000000000273e+02,1.001904569549675550e+00
-7.722000000000000455e+02,1.001974553146127711e+00
-7.716800000000000637e+02,1.002044001553255459e+00
-7.711599999999999682e+02,1.002113011937672882e+00
-7.706399999999998727e+02,1.002181197518755562e+00
-7.701200000000000045e+02,1.002248766442828343e+00
-7.695999999999999091e+02,1.002315567962086318e+00
-7.690800000000000409e+02,1.002381569972153663e+00
-7.685599999999999454e+02,1.002446908824817129e+00
-7.680399999999999636e+02,1.002511544167309143e+00
-7.675199999999999818e+02,1.002575742265037873e+00
-7.670000000000000000e+02,1.002638665470754420e+00
-7.664800000000000182e+02,1.002701108109488315e+00
-7.659600000000000364e+02,1.002761917470049502e+00
-7.654399999999999409e+02,1.002822376600568166e+00
-7.649200000000000728e+02,1.002881347860244299e+00
-7.643999999999999773e+02,1.002940090108437543e+00
-7.638800000000001091e+02,1.002996651326768296e+00
-7.633600000000000136e+02,1.003052871119786360e+00
-7.628400000000000318e+02,1.003107241995241150e+00
-7.623199999999999363e+02,1.003161096968264054e+00
-7.618000000000000682e+02,1.003212582915213202e+00
-7.612799999999999727e+02,1.003263412629330276e+00
-7.607599999999999909e+02,1.003312810234413988e+00
-7.602400000000000091e+02,1.003361003712425648e+00
-7.597199999999999136e+02,1.003406962712743100e+00
-7.592000000000000455e+02,1.003451319362149263e+00
-7.586799999999999500e+02,1.003493565691960576e+00
-7.581600000000000819e+02,1.003534168617371769e+00
-7.576399999999999864e+02,1.003573430150976220e+00
-7.571200000000000045e+02,1.003610417972621072e+00
-7.565999999999999091e+02,1.003645907296579987e+00
-7.560800000000000409e+02,1.003678309314178119e+00
-7.555599999999999454e+02,1.003709213700061165e+00
-7.550400000000000773e+02,1.003737131808092764e+00
-7.545199999999999818e+02,1.003764247062029824e+00
-7.540000000000000000e+02,1.003787444494894876e+00
-7.534800000000000182e+02,1.003809987310495311e+00
-7.529600000000000364e+02,1.003828104727664039e+00
-7.524400000000000546e+02,1.003845695206408317e+00
-7.519199999999999591e+02,1.003858657792920051e+00
-7.513999999999999773e+02,1.003870996665077842e+00
-7.508799999999998818e+02,1.003878801673252497e+00
-7.503600000000000136e+02,1.003885761287963918e+00
-7.498399999999999181e+02,1.003888943519531285e+00
-7.493200000000000500e+02,1.003890903929766321e+00
-7.487999999999999545e+02,1.003888966084496293e+00
-7.482799999999999727e+02,1.003885455698944940e+00
-7.477599999999999909e+02,1.003878536074037209e+00
-7.472400000000000091e+02,1.003869855707957948e+00
-7.467200000000000273e+02,1.003858640157113680e+00
-7.462000000000000455e+02,1.003845451160788160e+00
-7.456799999999999500e+02,1.003830224932435566e+00
-7.451600000000000819e+02,1.003812688239522410e+00
-7.446399999999999864e+02,1.003793275924942163e+00
-7.441200000000001182e+02,1.003771564951901452e+00
-7.436000000000000227e+02,1.003748407667483633e+00
-7.430800000000000409e+02,1.003723427195664986e+00
-7.425599999999999454e+02,1.003697669747859678e+00
-7.420399999999999636e+02,1.003670413535482586e+00
-7.415199999999999818e+02,1.003642711814609623e+00
-7.410000000000000000e+02,1.003614038925284557e+00
-7.404800000000000182e+02,1.003585166660933226e+00
-7.399599999999999227e+02,1.003555613033179528e+00
-7.394400000000000546e+02,1.003525923422631250e+00
-7.389199999999999591e+02,1.003496774346488429e+00
-7.384000000000000909e+02,1.003467824397401564e+00
-7.378799999999999955e+02,1.003440133340370188e+00
-7.373600000000000136e+02,1.003413018135584922e+00
-7.368399999999999181e+02,1.003387777254614699e+00
-7.363200000000000500e+02,1.003363605742590980e+00
-7.357999999999999545e+02,1.003341781283131340e+00
-7.352800000000000864e+02,1.003321677142849255e+00
-7.347599999999999909e+02,1.003304228638910223e+00
-7.342400000000000091e+02,1.003289076920608869e+00
-7.337200000000000273e+02,1.003276377343029990e+00
-7.331999999999999318e+02,1.003267096425230598e+00
-7.326800000000000637e+02,1.003261005927162497e+00
-7.321599999999999682e+02,1.003259049501923572e+00
-7.316399999999999864e+02,1.003259714431204985e+00
-7.311199999999998909e+02,1.003265203596235944e+00
-7.306000000000000227e+02,1.003272732264407940e+00
-7.300799999999999272e+02,1.003286511382268653e+00
-7.295600000000000591e+02,1.003302373143481363e+00
-7.290399999999999636e+02,1.003325072778911364e+00
-7.285199999999999818e+02,1.003349034058934386e+00
-7.280000000000000000e+02,1.003380968967544140e+00
-7.274800000000000182e+02,1.003413720673976828e+00
-7.269600000000000364e+02,1.003454233974055532e+00
-7.264400000000000546e+02,1.003495232606498311e+00
-7.259199999999999591e+02,1.003544270790255766e+00
-7.254000000000000909e+02,1.003594473860497827e+00
-7.248799999999999955e+02,1.003651283935343974e+00
-7.243600000000001273e+02,1.003709733387955660e+00
-7.238400000000000318e+02,1.003773805630300275e+00
-7.233199999999999363e+02,1.003839983620271159e+00
-7.227999999999999545e+02,1.003911309924393924e+00
-7.222799999999999727e+02,1.003984947868423738e+00
-7.217599999999999909e+02,1.004062296398934073e+00
-7.212400000000000091e+02,1.004142107816472951e+00
-7.207200000000000273e+02,1.004224727871141143e+00
-7.201999999999999318e+02,1.004310001823928156e+00
-7.196800000000000637e+02,1.004397630047104029e+00
-7.191599999999999682e+02,1.004487553577279035e+00
-7.186400000000001000e+02,1.004578817860222184e+00
-7.181200000000000045e+02,1.004672342065234147e+00
-7.176000000000000227e+02,1.004766933246014959e+00
-7.170799999999999272e+02,1.004863084978663723e+00
-7.165600000000000591e+02,1.004959601436022698e+00
-7.160399999999999636e+02,1.005057202789247928e+00
-7.155200000000000955e+02,1.005154887968073396e+00
-7.150000000000000000e+02,1.005253408495255574e+00
-7.144799999999999045e+02,1.005352011844777849e+00
-7.139600000000000364e+02,1.005450813576085567e+00
-7.134399999999999409e+02,1.005549629529605360e+00
-7.129200000000000728e+02,1.005647562800338291e+00
-7.123999999999999773e+02,1.005745361617204292e+00
-7.118799999999999955e+02,1.005842316827012750e+00
-7.113599999999999000e+02,1.005938994287684851e+00
-7.108400000000000318e+02,1.006034074657108590e+00
-7.103199999999999363e+02,1.006128643596596817e+00
-7.098000000000000682e+02,1.006221979103334663e+00
-7.092799999999999727e+02,1.006314537688098421e+00
-7.087599999999999909e+02,1.006405336868390954e+00
-7.082400000000000091e+02,1.006495348554779845e+00
-7.077200000000000273e+02,1.006584491282996208e+00
-7.072000000000000455e+02,1.006672278971960655e+00
-7.066800000000000637e+02,1.006758559900510441e+00
-7.061599999999999682e+02,1.006843260736709267e+00
-7.056399999999998727e+02,1.006926671549212005e+00
-7.051200000000000045e+02,1.007008518717233736e+00
-7.045999999999999091e+02,1.007089564459900721e+00
-7.040800000000000409e+02,1.007168886640625649e+00
-7.035599999999999454e+02,1.007247614806406677e+00
-7.030399999999999636e+02,1.007324474617503185e+00
-7.025199999999999818e+02,1.007400950741727641e+00
-7.020000000000000000e+02,1.007475103643696190e+00
-7.014800000000000182e+02,1.007548904702673553e+00
-7.009600000000000364e+02,1.007620699509724105e+00
-7.004399999999999409e+02,1.007692387739484108e+00
-6.999200000000000728e+02,1.007762246594065214e+00
-6.993999999999999773e+02,1.007831900301047190e+00
-6.988800000000001091e+02,1.007900013018649288e+00
-6.983600000000000136e+02,1.007967756824403649e+00
-6.978400000000000318e+02,1.008033729772045861e+00
-6.973199999999999363e+02,1.008099235455181431e+00
-6.968000000000000682e+02,1.008163694386543519e+00
-6.962799999999999727e+02,1.008227729477529921e+00
-6.957599999999999909e+02,1.008291314463251265e+00
-6.952400000000000091e+02,1.008354032006228085e+00
-6.947199999999999136e+02,1.008415242782078058e+00
-6.942000000000000455e+02,1.008476029467565205e+00
-6.936799999999999500e+02,1.008536580501153468e+00
-6.931600000000000819e+02,1.008596445610150605e+00
-6.926399999999999864e+02,1.008655862053687180e+00
-6.921200000000000045e+02,1.008714240084441327e+00
-6.915999999999999091e+02,1.008772059570896440e+00
-6.910800000000000409e+02,1.008829069309158166e+00
-6.905599999999999454e+02,1.008885859591851508e+00
-6.900400000000000773e+02,1.008941790430329721e+00
-6.895199999999999818e+02,1.008997564695480742e+00
-6.890000000000000000e+02,1.009052403481164983e+00
-6.884800000000000182e+02,1.009107179166273127e+00
-6.879600000000000364e+02,1.009160982151012798e+00
-6.874400000000000546e+02,1.009214699234718404e+00
-6.869199999999999591e+02,1.009267077120882927e+00
-6.863999999999999773e+02,1.009319190440453928e+00
-6.858799999999998818e+02,1.009371013661452654e+00
-6.853600000000000136e+02,1.009422573599840778e+00
-6.848399999999999181e+02,1.009472876082442516e+00
-6.843200000000000500e+02,1.009522872589124765e+00
-6.837999999999999545e+02,1.009572680052390092e+00
-6.832799999999999727e+02,1.009621946241277657e+00
-6.827599999999999909e+02,1.009670162533534254e+00
-6.822400000000000091e+02,1.009717846096495286e+00
-6.817200000000000273e+02,1.009765017692124234e+00
-6.812000000000000455e+02,1.009811507150119914e+00
-6.806799999999999500e+02,1.009857597911189009e+00
-6.801600000000000819e+02,1.009902884938915557e+00
-6.796399999999999864e+02,1.009947851311515654e+00
-6.791200000000001182e+02,1.009991939836972552e+00
-6.786000000000000227e+02,1.010035742877134268e+00
-6.780800000000000409e+02,1.010078630592620819e+00
-6.775599999999999454e+02,1.010121287187562444e+00
-6.770399999999999636e+02,1.010162905467486771e+00
-6.765199999999999818e+02,1.010204400900958976e+00
-6.760000000000000000e+02,1.010244398285361500e+00
-6.754800000000000182e+02,1.010284160680942289e+00
-6.749599999999999227e+02,1.010323298358841271e+00
-6.744400000000000546e+02,1.010362360351100941e+00
-6.739199999999999591e+02,1.010400447643076127e+00
-6.734000000000000909e+02,1.010438292920534664e+00
-6.728799999999999955e+02,1.010474772646344777e+00
-6.723600000000000136e+02,1.010510964414799595e+00
-6.718399999999999181e+02,1.010546885100462866e+00
-6.713200000000000500e+02,1.010582378687903571e+00
-6.707999999999999545e+02,1.010616783207230585e+00
-6.702800000000000864e+02,1.010650725856268251e+00
-6.697599999999999909e+02,1.010684172808756998e+00
-6.692400000000000091e+02,1.010717255057157482e+00
-6.687200000000000273e+02,1.010750316959967421e+00
-6.681999999999999318e+02,1.010782666139083519e+00
-6.676800000000000637e+02,1.010814410447413270e+00
-6.671599999999999682e+02,1.010845640610160689e+00
-6.666399999999999864e+02,1.010876656964159848e+00
-6.661199999999998909e+02,1.010907153349255738e+00
-6.656000000000000227e+02,1.010937533530196664e+00
-6.650799999999999272e+02,1.010967411119990444e+00
-6.645600000000000591e+02,1.010997260905700523e+00
-6.640399999999999636e+02,1.011026707478800191e+00
-6.635199999999999818e+02,1.011056148159320101e+00
-6.630000000000000000e+02,1.011085306024686048e+00
-6.624800000000000182e+02,1.011114414317673571e+00
-6.619600000000000364e+02,1.011143422520003776e+00
-6.614400000000000546e+02,1.011172394058157398e+00
-6.609199999999999591e+02,1.011201374936900432e+00
-6.604000000000000909e+02,1.011230374183040182e+00
-6.598799999999999955e+02,1.011259495280523835e+00
-6.593600000000001273e+02,1.011288678008277042e+00
-6.588400000000000318e+02,1.011318094804821932e+00
-6.583199999999999363e+02,1.011347609510189871e+00
-6.577999999999999545e+02,1.011377463035492807e+00
-6.572799999999999727e+02,1.011407396736142328e+00
-6.567599999999999909e+02,1.011437329183103140e+00
-6.562400000000000091e+02,1.011467735455863437e+00
-6.557200000000000273e+02,1.011498921101339432e+00
-6.551999999999999318e+02,1.011530564114858421e+00
-6.546800000000000637e+02,1.011562645833589347e+00
-6.541599999999999682e+02,1.011595156708275489e+00
-6.536400000000001000e+02,1.011627759101440871e+00
-6.531200000000000045e+02,1.011661466042719892e+00
-6.526000000000000227e+02,1.011695818684669845e+00
-6.520799999999999272e+02,1.011731181292730541e+00
-6.515600000000000591e+02,1.011766871689664837e+00
-6.510399999999999636e+02,1.011803455345464231e+00
-6.505200000000000955e+02,1.011840109605890436e+00
-6.500000000000000000e+02,1.011878240869607204e+00
-6.494799999999999045e+02,1.011916499050574458e+00
-6.489600000000000364e+02,1.011956883111286620e+00
-6.484399999999999409e+02,1.011997554749073158e+00
-6.479200000000000728e+02,1.012039379747279089e+00
-6.473999999999999773e+02,1.012081490237413339e+00
-6.468799999999999955e+02,1.012125719320710493e+00
-6.463599999999999000e+02,1.012170448317619709e+00
-6.458400000000000318e+02,1.012216135181556842e+00
-6.453199999999999363e+02,1.012262513770980643e+00
-6.448000000000000682e+02,1.012310289332735591e+00
-6.442799999999999727e+02,1.012358922953501050e+00
-6.437599999999999909e+02,1.012408790875321429e+00
-6.432400000000000091e+02,1.012459702811797868e+00
-6.427200000000000273e+02,1.012511712183071122e+00
-6.422000000000000455e+02,1.012564885604995579e+00
-6.416800000000000637e+02,1.012619045139609986e+00
-6.411599999999999682e+02,1.012674534763208678e+00
-6.406399999999998727e+02,1.012730834709273386e+00
-6.401200000000000045e+02,1.012788579902459851e+00
-6.396000000000000227e+02,1.012846963392226352e+00
-6.390800000000000409e+02,1.012906911817268885e+00
-6.385600000000000591e+02,1.012967331789654368e+00
-6.380399999999999636e+02,1.013029437433589974e+00
-6.375199999999999818e+02,1.013091805009044277e+00
-6.370000000000000000e+02,1.013155925979769556e+00
-6.364800000000000182e+02,1.013220218258348293e+00
-6.359599999999999227e+02,1.013285725855161079e+00
-6.354399999999999409e+02,1.013351338642981769e+00
-6.349199999999999591e+02,1.013418869358289287e+00
-6.343999999999999773e+02,1.013486684337481014e+00
-6.338799999999999955e+02,1.013555686301969905e+00
-6.333600000000000136e+02,1.013624988499958857e+00
-6.328400000000000318e+02,1.013694738235346282e+00
-6.323199999999999363e+02,1.013764905199739497e+00
-6.317999999999999545e+02,1.013836243703662321e+00
-6.312799999999999727e+02,1.013907804561548165e+00
-6.307599999999999909e+02,1.013979435361692660e+00
-6.302400000000000091e+02,1.014051383277316365e+00
-6.297200000000000273e+02,1.014123633956038883e+00
-6.292000000000000455e+02,1.014196264639438239e+00
-6.286800000000000637e+02,1.014269407392305755e+00
-6.281600000000000819e+02,1.014342355419025177e+00
-6.276399999999999864e+02,1.014415061548007202e+00
-6.271200000000000045e+02,1.014487611293967140e+00
-6.265999999999999091e+02,1.014560154659044811e+00
-6.260799999999999272e+02,1.014632277039600350e+00
-6.255599999999999454e+02,1.014704375955091109e+00
-6.250399999999999636e+02,1.014775730778069596e+00
-6.245199999999999818e+02,1.014847064446229297e+00
-6.240000000000000000e+02,1.014917344704516111e+00
-6.234800000000000182e+02,1.014987596460980024e+00
-6.229600000000000364e+02,1.015056474513900353e+00
-6.224400000000000546e+02,1.015125236473345627e+00
-6.219199999999999591e+02,1.015192500266145714e+00
-6.213999999999999773e+02,1.015259430606338720e+00
-6.208799999999999955e+02,1.015324765774894056e+00
-6.203600000000000136e+02,1.015389491076349460e+00
-6.198400000000000318e+02,1.015452099904474270e+00
-6.193200000000000500e+02,1.015513933492509180e+00
-6.188000000000000682e+02,1.015574545891207769e+00
-6.182799999999999727e+02,1.015634025095716320e+00
-6.177599999999999909e+02,1.015691897448274261e+00
-6.172400000000000091e+02,1.015748103561071813e+00
-6.167200000000000273e+02,1.015802424000923798e+00
-6.161999999999999318e+02,1.015854843458646739e+00
-6.156799999999999500e+02,1.015905928315686824e+00
-6.151599999999999682e+02,1.015954907911314153e+00
-6.146399999999999864e+02,1.016003029445481154e+00
-6.141200000000000045e+02,1.016048097948909268e+00
-6.136000000000000227e+02,1.016091958447625343e+00
-6.130800000000000409e+02,1.016132625414358115e+00
-6.125599999999999454e+02,1.016172595260258715e+00
-6.120399999999999636e+02,1.016208905341200674e+00
-6.115199999999999818e+02,1.016244824868547836e+00
-6.110000000000000000e+02,1.016276649728160564e+00
-6.104800000000000182e+02,1.016308215710098661e+00
-6.099600000000000364e+02,1.016335500258696012e+00
-6.094400000000000546e+02,1.016362359261550496e+00
-6.089200000000000728e+02,1.016385224894445383e+00
-6.084000000000000909e+02,1.016407276709578422e+00
-6.078799999999999955e+02,1.016425616938091858e+00
-6.073600000000000136e+02,1.016442755931846964e+00
-6.068399999999999181e+02,1.016456565689311864e+00
-6.063199999999999363e+02,1.016468804294912154e+00
-6.057999999999999545e+02,1.016478060272490547e+00
-6.052799999999999727e+02,1.016485208677648577e+00
-6.047599999999999909e+02,1.016489317610051346e+00
-6.042400000000000091e+02,1.016491284544868812e+00
-6.037200000000000273e+02,1.016491387871007124e+00
-6.032000000000000455e+02,1.016488624001558039e+00
-6.026800000000000637e+02,1.016483683580881925e+00
-6.021599999999999682e+02,1.016475981226026448e+00
-6.016399999999999864e+02,1.016467130306976774e+00
-6.011200000000000045e+02,1.016454763069126521e+00
-6.006000000000000227e+02,1.016441078263313313e+00
-6.000800000000000409e+02,1.016423820833287417e+00
-5.995600000000000591e+02,1.016405853917951241e+00
-5.990400000000000773e+02,1.016384527224688750e+00
-5.985199999999999818e+02,1.016363045189150105e+00
-5.980000000000000000e+02,1.016337247073090033e+00
-5.974800000000000182e+02,1.016311145144209727e+00
-5.969600000000000364e+02,1.016281329194350880e+00
-5.964399999999999409e+02,1.016251197437537668e+00
-5.959199999999999591e+02,1.016217844810797244e+00
-5.953999999999999773e+02,1.016183875009250448e+00
-5.948799999999999955e+02,1.016147204061576437e+00
-5.943600000000000136e+02,1.016109684211924602e+00
-5.938400000000000318e+02,1.016069897779473097e+00
-5.933200000000000500e+02,1.016029067661306406e+00
-5.927999999999999545e+02,1.015986411684812518e+00
-5.922799999999999727e+02,1.015942557625975740e+00
-5.917599999999999909e+02,1.015897268589087021e+00
-5.912400000000000091e+02,1.015850504729419734e+00
-5.907200000000000273e+02,1.015802280390269763e+00
-5.902000000000000455e+02,1.015752913710548544e+00
-5.896800000000000637e+02,1.015703092645151351e+00
-5.891599999999999682e+02,1.015651886548424310e+00
-5.886399999999999864e+02,1.015600181525971646e+00
-5.881200000000000045e+02,1.015546822587239495e+00
-5.876000000000000227e+02,1.015492994229968193e+00
-5.870799999999999272e+02,1.015438138271742563e+00
-5.865599999999999454e+02,1.015383432857769552e+00
-5.860399999999999636e+02,1.015327508399513246e+00
-5.855199999999999818e+02,1.015271664853760303e+00
-5.850000000000000000e+02,1.015214364015723625e+00
-5.844800000000000182e+02,1.015157047072984042e+00
-5.839600000000000364e+02,1.015099408608397979e+00
-5.834400000000000546e+02,1.015041915451154964e+00
-5.829200000000000728e+02,1.014983452705348510e+00
-5.823999999999999773e+02,1.014925006927933193e+00
-5.818799999999999955e+02,1.014866337495764714e+00
-5.813600000000000136e+02,1.014807757021088497e+00
-5.808400000000000318e+02,1.014749625644875586e+00
-5.803199999999999363e+02,1.014691486318599178e+00
-5.797999999999999545e+02,1.014633088543566819e+00
-5.792799999999999727e+02,1.014574754506496923e+00
-5.787599999999999909e+02,1.014516770037292570e+00
-5.782400000000000091e+02,1.014458951743480331e+00
-5.777200000000000273e+02,1.014401546277186705e+00
-5.772000000000000455e+02,1.014344585189947523e+00
-5.766799999999999500e+02,1.014288497244498322e+00
-5.761599999999999682e+02,1.014232497891669471e+00
-5.756399999999999864e+02,1.014176747423106706e+00
-5.751200000000000045e+02,1.014121518859120163e+00
-5.746000000000000227e+02,1.014066805894038303e+00
-5.740800000000000409e+02,1.014012789542994453e+00
-5.735600000000000591e+02,1.013959228124395651e+00
-5.730399999999999636e+02,1.013906501808743865e+00
-5.725199999999999818e+02,1.013854250429111259e+00
-5.720000000000000000e+02,1.013803002305829759e+00
-5.714800000000000182e+02,1.013752130885858138e+00
-5.709599999999999227e+02,1.013702412977380396e+00
-5.704399999999999409e+02,1.013653115299818497e+00
-5.699199999999999591e+02,1.013604983578548335e+00
-5.693999999999999773e+02,1.013557344300345164e+00
-5.688799999999999955e+02,1.013510847273549453e+00
-5.683600000000000136e+02,1.013464951859110785e+00
-5.678400000000000318e+02,1.013420188942391498e+00
-5.673199999999999363e+02,1.013376072104522629e+00
-5.667999999999999545e+02,1.013333145447969041e+00
-5.662799999999999727e+02,1.013290887469646462e+00
-5.657599999999999909e+02,1.013249795045592094e+00
-5.652400000000000091e+02,1.013209470214622820e+00
-5.647200000000000273e+02,1.013170280571166204e+00
-5.642000000000000455e+02,1.013131930207185949e+00
-5.636800000000000637e+02,1.013094680109339896e+00
-5.631600000000000819e+02,1.013058335538791210e+00
-5.626399999999999864e+02,1.013023048103108614e+00
-5.621200000000000045e+02,1.012988783991481956e+00
-5.615999999999999091e+02,1.012955463976829895e+00
-5.610799999999999272e+02,1.012923318813479412e+00
-5.605599999999999454e+02,1.012891964433264125e+00
-5.600399999999999636e+02,1.012861923670893782e+00
-5.595199999999999818e+02,1.012832590460004178e+00
-5.590000000000000000e+02,1.012804705766850111e+00
-5.584800000000000182e+02,1.012777446428615002e+00
-5.579600000000000364e+02,1.012751649245367869e+00
-5.574400000000000546e+02,1.012726480767593307e+00
-5.569199999999999591e+02,1.012702760601820851e+00
-5.563999999999999773e+02,1.012679714232288974e+00
-5.558799999999999955e+02,1.012658059481222672e+00
-5.553600000000000136e+02,1.012637135568988711e+00
-5.548400000000000318e+02,1.012617562968455509e+00
-5.543200000000000500e+02,1.012598735352231882e+00
-5.538000000000000682e+02,1.012581244557746230e+00
-5.532799999999999727e+02,1.012564609253220338e+00
-5.527599999999999909e+02,1.012549768036598019e+00
-5.522400000000000091e+02,1.012535437516332681e+00
-5.517200000000000273e+02,1.012522149217651268e+00
-5.511999999999999318e+02,1.012509538164533707e+00
-5.506799999999999500e+02,1.012498370496118127e+00
-5.501599999999999682e+02,1.012487847078536563e+00
-5.496399999999999864e+02,1.012478674783769961e+00
-5.491200000000000045e+02,1.012470310764777892e+00
-5.486000000000000227e+02,1.012463150363056119e+00
-5.480800000000000409e+02,1.012457259111176011e+00
-5.475599999999999454e+02,1.012452605591305899e+00
-5.470399999999999636e+02,1.012448627948803415e+00
-5.465199999999999818e+02,1.012445476222091356e+00
-5.460000000000000000e+02,1.012443454328733505e+00
-5.454800000000000182e+02,1.012442336484578043e+00
-5.449600000000000364e+02,1.012442837417516284e+00
-5.444400000000000546e+02,1.012444294387482957e+00
-5.439200000000000728e+02,1.012446435876257267e+00
-5.434000000000000909e+02,1.012449390696956719e+00
-5.428799999999999955e+02,1.012454095983111202e+00
-5.423600000000000136e+02,1.012459534727557786e+00
-5.418399999999999181e+02,1.012465823520096286e+00
-5.413199999999999363e+02,1.012472890330781139e+00
-5.407999999999999545e+02,1.012481825478705577e+00
-5.402799999999999727e+02,1.012491220357704558e+00
-5.397599999999999909e+02,1.012501737744614161e+00
-5.392400000000000091e+02,1.012512939078017871e+00
-5.387200000000000273e+02,1.012526100266010198e+00
-5.382000000000000455e+02,1.012539681770732836e+00
-5.376800000000000637e+02,1.012555001587909009e+00
-5.371599999999999682e+02,1.012570466093203558e+00
-5.366399999999999864e+02,1.012587348673805066e+00
-5.361200000000000045e+02,1.012605003134393389e+00
-5.356000000000000227e+02,1.012624491417203565e+00
-5.350800000000000409e+02,1.012644539914413944e+00
-5.345600000000000591e+02,1.012666071197275031e+00
-5.340400000000000773e+02,1.012688350103399637e+00
-5.335199999999999818e+02,1.012711974332624498e+00
-5.330000000000000000e+02,1.012736428895527174e+00
-5.324800000000000182e+02,1.012762174586487429e+00
-5.319600000000000364e+02,1.012788859893738902e+00
-5.314399999999999409e+02,1.012816696859476284e+00
-5.309199999999999591e+02,1.012845594259738302e+00
-5.303999999999999773e+02,1.012875528418743620e+00
-5.298799999999999955e+02,1.012906701399406861e+00
-5.293600000000000136e+02,1.012938759068657157e+00
-5.288400000000000318e+02,1.012972679439583024e+00
-5.283200000000000500e+02,1.013007260217320793e+00
-5.277999999999999545e+02,1.013042915970789659e+00
-5.272799999999999727e+02,1.013079115618629178e+00
-5.267599999999999909e+02,1.013117044593974114e+00
-5.262400000000000091e+02,1.013155510958160699e+00
-5.257200000000000273e+02,1.013196196027352114e+00
-5.252000000000000455e+02,1.013236853298952189e+00
-5.246800000000000637e+02,1.013279230698526101e+00
-5.241599999999999682e+02,1.013322025328516451e+00
-5.236399999999999864e+02,1.013367014343546701e+00
-5.231200000000000045e+02,1.013412284665103469e+00
-5.226000000000000227e+02,1.013459286570125517e+00
-5.220799999999999272e+02,1.013506337665045720e+00
-5.215599999999999454e+02,1.013554824978486923e+00
-5.210399999999999636e+02,1.013604180997940585e+00
-5.205199999999999818e+02,1.013655123533861557e+00
-5.200000000000000000e+02,1.013706713408908389e+00
-5.194800000000000182e+02,1.013759568347511353e+00
-5.189600000000000364e+02,1.013813124385465558e+00
-5.184400000000000546e+02,1.013867815610075329e+00
-5.179200000000000728e+02,1.013923357765744493e+00
-5.173999999999999773e+02,1.013979787549424083e+00
-5.168799999999999955e+02,1.014037200044172637e+00
-5.163600000000000136e+02,1.014095326826420562e+00
-5.158400000000000318e+02,1.014154525254302719e+00
-5.153199999999999363e+02,1.014214353781645039e+00
-5.147999999999999545e+02,1.014275774111870643e+00
-5.142799999999999727e+02,1.014337423375768266e+00
-5.137599999999999909e+02,1.014399874940742130e+00
-5.132400000000000091e+02,1.014462749550192777e+00
-5.127200000000000273e+02,1.014527160405169104e+00
-5.122000000000000455e+02,1.014591422241942098e+00
-5.116800000000000068e+02,1.014656596002487587e+00
-5.111599999999999682e+02,1.014721603331549815e+00
-5.106399999999999864e+02,1.014787303710749322e+00
-5.101200000000000045e+02,1.014855472640579848e+00
-5.096000000000000227e+02,1.014926247016852079e+00
-5.090800000000000409e+02,1.014993811111934541e+00
-5.085600000000000023e+02,1.015060052045471339e+00
-5.080400000000000205e+02,1.015126487540113587e+00
-5.075200000000000387e+02,1.015193251261065521e+00
-5.070000000000000000e+02,1.015264370024908214e+00
-5.064800000000000182e+02,1.015336716520559568e+00
-5.059599999999999795e+02,1.015404599873198421e+00
-5.054399999999999409e+02,1.015471845035907927e+00
-5.049199999999999591e+02,1.015544080574351860e+00
-5.043999999999999773e+02,1.015616343614168082e+00
-5.038799999999999955e+02,1.015683371027377380e+00
-5.033600000000000136e+02,1.015750212028419419e+00
-5.028399999999999750e+02,1.015816716692287791e+00
-5.023199999999999932e+02,1.015883980628987215e+00
-5.018000000000000114e+02,1.015954901512919006e+00
-5.012799999999999727e+02,1.016024313785639954e+00
-5.007599999999999909e+02,1.016088850026044099e+00
-5.002400000000000091e+02,1.016155098126621414e+00
-4.997200000000000273e+02,1.016223371967900579e+00
-4.992000000000000455e+02,1.016289645911293782e+00
-4.986800000000000068e+02,1.016350930203404390e+00
-4.981600000000000250e+02,1.016414925745019460e+00
-4.976400000000000432e+02,1.016479483188327704e+00
-4.971200000000000045e+02,1.016541061987233485e+00
-4.965999999999999659e+02,1.016598189871529057e+00
-4.960799999999999841e+02,1.016658479526220349e+00
-4.955599999999999454e+02,1.016718290004223757e+00
-4.950399999999999636e+02,1.016773920677755516e+00
-4.945199999999999818e+02,1.016825741773476066e+00
-4.940000000000000000e+02,1.016880943566916828e+00
-4.934800000000000182e+02,1.016934988398269901e+00
-4.929599999999999795e+02,1.016983249267559009e+00
-4.924399999999999977e+02,1.017028775712219613e+00
-4.919200000000000159e+02,1.017077615886771591e+00
-4.913999999999999773e+02,1.017124649186969432e+00
-4.908799999999999955e+02,1.017164427563780782e+00
-4.903600000000000136e+02,1.017203181368689258e+00
-4.898400000000000318e+02,1.017243823260836066e+00
-4.893200000000000500e+02,1.017282257098775622e+00
-4.888000000000000114e+02,1.017313094513769611e+00
-4.882800000000000296e+02,1.017344449197024714e+00
-4.877600000000000477e+02,1.017375635867395101e+00
-4.872399999999999523e+02,1.017404586245148179e+00
-4.867199999999999704e+02,1.017425475316840577e+00
-4.861999999999999886e+02,1.017448523874358468e+00
-4.856799999999999500e+02,1.017469422432509152e+00
-4.851599999999999682e+02,1.017487762617522717e+00
-4.846399999999999864e+02,1.017498410304507050e+00
-4.841200000000000045e+02,1.017511676841104107e+00
-4.836000000000000227e+02,1.017522474597823523e+00
-4.830799999999999841e+02,1.017532480468511968e+00
-4.825600000000000023e+02,1.017538115916252428e+00
-4.820400000000000205e+02,1.017538768641283564e+00
-4.815199999999999818e+02,1.017533928361261442e+00
-4.810000000000000000e+02,1.017531669702860464e+00
-4.804800000000000182e+02,1.017526888316690137e+00
-4.799600000000000364e+02,1.017515355373735941e+00
-4.794400000000000546e+02,1.017500080909578664e+00
-4.789200000000000159e+02,1.017487164751941231e+00
-4.784000000000000341e+02,1.017471951773501582e+00
-4.778799999999999955e+02,1.017453616639632186e+00
-4.773599999999999568e+02,1.017432698177424211e+00
-4.768399999999999750e+02,1.017403512170993674e+00
-4.763199999999999932e+02,1.017373891640492412e+00
-4.757999999999999545e+02,1.017344420238436298e+00
-4.752799999999999727e+02,1.017314103314849616e+00
-4.747599999999999909e+02,1.017279370194338339e+00
-4.742400000000000091e+02,1.017242441230240102e+00
-4.737200000000000273e+02,1.017197300733325482e+00
-4.731999999999999886e+02,1.017154500033234266e+00
-4.726800000000000068e+02,1.017109685172958633e+00
-4.721600000000000250e+02,1.017062420886758911e+00
-4.716399999999999864e+02,1.017008090690791899e+00
-4.711200000000000045e+02,1.016956536597426464e+00
-4.706000000000000227e+02,1.016903384706514313e+00
-4.700800000000000409e+02,1.016849660244370179e+00
-4.695600000000000591e+02,1.016792755659415404e+00
-4.690400000000000205e+02,1.016731156914534751e+00
-4.685199999999999818e+02,1.016665527920746159e+00
-4.680000000000000000e+02,1.016602986565751099e+00
-4.674799999999999613e+02,1.016539387839614061e+00
-4.669599999999999795e+02,1.016474416552961557e+00
-4.664399999999999977e+02,1.016407916218437624e+00
-4.659199999999999591e+02,1.016334862951609574e+00
-4.653999999999999773e+02,1.016260745288863898e+00
-4.648799999999999955e+02,1.016190003524747310e+00
-4.643600000000000136e+02,1.016118621498212526e+00
-4.638400000000000318e+02,1.016045546537738486e+00
-4.633199999999999932e+02,1.015972233093207278e+00
-4.628000000000000114e+02,1.015897203395601078e+00
-4.622800000000000296e+02,1.015820845178129650e+00
-4.617599999999999909e+02,1.015739022291161531e+00
-4.612400000000000091e+02,1.015659378882254771e+00
-4.607200000000000273e+02,1.015581620168203969e+00
-4.602000000000000455e+02,1.015504405923488118e+00
-4.596800000000000637e+02,1.015425832554074814e+00
-4.591599999999999682e+02,1.015345242575083518e+00
-4.586399999999999864e+02,1.015261138278082731e+00
-4.581200000000000045e+02,1.015180557347279633e+00
-4.575999999999999659e+02,1.015101690068455520e+00
-4.570799999999999841e+02,1.015023255685871817e+00
-4.565600000000000023e+02,1.014944657196972022e+00
-4.560399999999999636e+02,1.014862681607294315e+00
-4.555199999999999818e+02,1.014779445132236724e+00
-4.550000000000000000e+02,1.014700902948677985e+00
-4.544800000000000182e+02,1.014623761141292269e+00
-4.539600000000000364e+02,1.014547073626421048e+00
-4.534399999999999977e+02,1.014471038138882397e+00
-4.529200000000000159e+02,1.014395530055574479e+00
-4.524000000000000341e+02,1.014320591260291726e+00
-4.518799999999999955e+02,1.014241263054497688e+00
-4.513600000000000136e+02,1.014163452744269112e+00
-4.508400000000000318e+02,1.014090985509957354e+00
-4.503199999999999363e+02,1.014019474191040660e+00
-4.497999999999999545e+02,1.013948896139221123e+00
-4.492799999999999727e+02,1.013877747469607238e+00
-4.487599999999999909e+02,1.013803985201590541e+00
-4.482400000000000091e+02,1.013732853482130380e+00
-4.477199999999999704e+02,1.013666478842520702e+00
-4.471999999999999886e+02,1.013600805230837176e+00
-4.466800000000000068e+02,1.013536744836880610e+00
-4.461599999999999682e+02,1.013473305167830407e+00
-4.456399999999999864e+02,1.013411498355835549e+00
-4.451200000000000045e+02,1.013347373965674425e+00
-4.446000000000000227e+02,1.013282617322735168e+00
-4.440800000000000409e+02,1.013222181299644920e+00
-4.435600000000000023e+02,1.013164957273671174e+00
-4.430400000000000205e+02,1.013108709708594235e+00
-4.425200000000000387e+02,1.013053804174468775e+00
-4.420000000000000000e+02,1.012999985772534473e+00
-4.414800000000000182e+02,1.012947355739761246e+00
-4.409599999999999795e+02,1.012891277889430341e+00
-4.404399999999999409e+02,1.012835661300664158e+00
-4.399199999999999591e+02,1.012786418205206651e+00
-4.393999999999999773e+02,1.012738186935522311e+00
-4.388799999999999955e+02,1.012691409281150756e+00
-4.383600000000000136e+02,1.012645245832769714e+00
-4.378399999999999750e+02,1.012600690078799381e+00
-4.373199999999999932e+02,1.012555428806267255e+00
-4.368000000000000114e+02,1.012507747660471802e+00
-4.362799999999999727e+02,1.012461648243015322e+00
-4.357599999999999909e+02,1.012421195408252261e+00
-4.352400000000000091e+02,1.012380553124712312e+00
-4.347200000000000273e+02,1.012341999073140375e+00
-4.342000000000000455e+02,1.012300675892764401e+00
-4.336800000000000068e+02,1.012258580036834665e+00
-4.331600000000000250e+02,1.012218581966135122e+00
-4.326400000000000432e+02,1.012183069026374671e+00
-4.321200000000000045e+02,1.012147103699987838e+00
-4.315999999999999659e+02,1.012112810786901518e+00
-4.310799999999999841e+02,1.012078165872493996e+00
-4.305599999999999454e+02,1.012044897114613651e+00
-4.300399999999999636e+02,1.012007545388770913e+00
-4.295199999999999818e+02,1.011969919064499734e+00
-4.290000000000000000e+02,1.011936503239138530e+00
-4.284800000000000182e+02,1.011904802954335381e+00
-4.279599999999999795e+02,1.011873136348408808e+00
-4.274399999999999977e+02,1.011841993019532593e+00
-4.269200000000000159e+02,1.011805918190141096e+00
-4.263999999999999773e+02,1.011770161060022932e+00
-4.258799999999999955e+02,1.011739696630675978e+00
-4.253600000000000136e+02,1.011709103347101957e+00
-4.248400000000000318e+02,1.011678963814451215e+00
-4.243200000000000500e+02,1.011648438638400593e+00
-4.238000000000000114e+02,1.011618512971244943e+00
-4.232800000000000296e+02,1.011586412296433535e+00
-4.227600000000000477e+02,1.011551328230644309e+00
-4.222399999999999523e+02,1.011517091332229779e+00
-4.217199999999999704e+02,1.011487135365575663e+00
-4.211999999999999886e+02,1.011455914893905295e+00
-4.206799999999999500e+02,1.011425723909064711e+00
-4.201599999999999682e+02,1.011391442491300641e+00
-4.196399999999999864e+02,1.011355569190737214e+00
-4.191200000000000045e+02,1.011321351289389936e+00
-4.186000000000000227e+02,1.011290147492999170e+00
-4.180799999999999841e+02,1.011257444665085048e+00
-4.175600000000000023e+02,1.011225559940534202e+00
-4.170400000000000205e+02,1.011192166642419288e+00
-4.165199999999999818e+02,1.011159619875736881e+00
-4.160000000000000000e+02,1.011121120924990402e+00
-4.154800000000000182e+02,1.011082426868750606e+00
-4.149600000000000364e+02,1.011046940948775674e+00
-4.144400000000000546e+02,1.011012493594398265e+00
-4.139200000000000159e+02,1.010976746894377110e+00
-4.134000000000000341e+02,1.010940901596687480e+00
-4.128799999999999955e+02,1.010899103592119097e+00
-4.123599999999999568e+02,1.010857993700445823e+00
-4.118399999999999750e+02,1.010820514780808477e+00
-4.113199999999999932e+02,1.010782806206410145e+00
-4.107999999999999545e+02,1.010744444123933050e+00
-4.102799999999999727e+02,1.010704089233168235e+00
-4.097599999999999909e+02,1.010659573922470411e+00
-4.092400000000000091e+02,1.010616276919207301e+00
-4.087200000000000273e+02,1.010576000192897839e+00
-4.081999999999999886e+02,1.010534918871756949e+00
-4.076800000000000068e+02,1.010493695705134032e+00
-4.071600000000000250e+02,1.010448800185531848e+00
-4.066399999999999864e+02,1.010401309818937499e+00
-4.061200000000000045e+02,1.010355989122831311e+00
-4.056000000000000227e+02,1.010312730060025643e+00
-4.050800000000000409e+02,1.010268483610730517e+00
-4.045600000000000591e+02,1.010224199311335891e+00
-4.040400000000000205e+02,1.010175008126402929e+00
-4.035199999999999818e+02,1.010124513167306670e+00
-4.030000000000000000e+02,1.010077298421956815e+00
-4.024799999999999613e+02,1.010031066796092558e+00
-4.019599999999999795e+02,1.009979046199637631e+00
-4.014399999999999977e+02,1.009926588227005873e+00
-4.009199999999999591e+02,1.009878239594125926e+00
-4.003999999999999773e+02,1.009830014395346476e+00
-3.998799999999999955e+02,1.009780804949953259e+00
-3.993600000000000136e+02,1.009730920454529945e+00
-3.988400000000000318e+02,1.009675535615615294e+00
-3.983199999999999932e+02,1.009621180032070242e+00
-3.978000000000000114e+02,1.009570137424003589e+00
-3.972800000000000296e+02,1.009518804121827928e+00
-3.967599999999999909e+02,1.009466855934303853e+00
-3.962400000000000091e+02,1.009412484105121077e+00
-3.957200000000000273e+02,1.009354383785345144e+00
-3.952000000000000455e+02,1.009297905179779686e+00
-3.946800000000000637e+02,1.009244042251342455e+00
-3.941599999999999682e+02,1.009186553918014706e+00
-3.936399999999999864e+02,1.009126373284348954e+00
-3.931200000000000045e+02,1.009068299727753582e+00
-3.925999999999999659e+02,1.009012209106295410e+00
-3.920799999999999841e+02,1.008954888765966729e+00
-3.915600000000000023e+02,1.008897530561838396e+00
-3.910399999999999636e+02,1.008834805218245201e+00
-3.905199999999999818e+02,1.008770869587549912e+00
-3.900000000000000000e+02,1.008709613254198389e+00
-3.894800000000000182e+02,1.008649301647334351e+00
-3.889600000000000364e+02,1.008582598098696437e+00
-3.884399999999999977e+02,1.008515285509671511e+00
-3.879200000000000159e+02,1.008451560823190318e+00
-3.874000000000000341e+02,1.008387173461608333e+00
-3.868799999999999955e+02,1.008316435307952341e+00
-3.863600000000000136e+02,1.008245811924526114e+00
-3.858400000000000318e+02,1.008178310017240120e+00
-3.853199999999999363e+02,1.008109864040108494e+00
-3.847999999999999545e+02,1.008040269012393741e+00
-3.842799999999999727e+02,1.007967823361522575e+00
-3.837599999999999909e+02,1.007890754260797550e+00
-3.832400000000000091e+02,1.007813980977872115e+00
-3.827199999999999704e+02,1.007739803487315733e+00
-3.821999999999999886e+02,1.007661278178241471e+00
-3.816800000000000068e+02,1.007579472787761166e+00
-3.811599999999999682e+02,1.007498090203667429e+00
-3.806399999999999864e+02,1.007419051549102829e+00
-3.801200000000000045e+02,1.007334274503614235e+00
-3.796000000000000227e+02,1.007247550910848277e+00
-3.790800000000000409e+02,1.007161654350529956e+00
-3.785600000000000023e+02,1.007077735068833357e+00
-3.780400000000000205e+02,1.006987056895339183e+00
-3.775200000000000387e+02,1.006895632322321488e+00
-3.770000000000000000e+02,1.006805887762943996e+00
-3.764800000000000182e+02,1.006717487916094056e+00
-3.759599999999999795e+02,1.006626942000925284e+00
-3.754399999999999409e+02,1.006536667548021180e+00
-3.749199999999999591e+02,1.006439732111691798e+00
-3.743999999999999773e+02,1.006343216721143019e+00
-3.738799999999999955e+02,1.006250693027581855e+00
-3.733600000000000136e+02,1.006157518517773131e+00
-3.728399999999999750e+02,1.006059593228290083e+00
-3.723199999999999932e+02,1.005963061758129440e+00
-3.718000000000000114e+02,1.005870839266132410e+00
-3.712799999999999727e+02,1.005777541102513606e+00
-3.707599999999999909e+02,1.005681312254410154e+00
-3.702400000000000091e+02,1.005587919134748986e+00
-3.697200000000000273e+02,1.005498955523305371e+00
-3.692000000000000455e+02,1.005409011061893176e+00
-3.686800000000000068e+02,1.005317643243170078e+00
-3.681600000000000250e+02,1.005231201495076609e+00
-3.676400000000000432e+02,1.005148750479021746e+00
-3.671200000000000045e+02,1.005066111786060201e+00
-3.665999999999999659e+02,1.004982989365278190e+00
-3.660799999999999841e+02,1.004907406165346018e+00
-3.655599999999999454e+02,1.004834926592537370e+00
-3.650399999999999636e+02,1.004763468126646409e+00
-3.645199999999999818e+02,1.004692063415562941e+00
-3.640000000000000000e+02,1.004631005129567045e+00
-3.634800000000000182e+02,1.004572259268110335e+00
-3.629599999999999795e+02,1.004514843483072850e+00
-3.624399999999999977e+02,1.004459046890604723e+00
-3.619200000000000159e+02,1.004414570841097420e+00
-3.613999999999999773e+02,1.004372377978085984e+00
-3.608799999999999955e+02,1.004331309040260578e+00
-3.603600000000000136e+02,1.004294260800267180e+00
-3.598400000000000318e+02,1.004267305128195398e+00
-3.593200000000000500e+02,1.004243016195320415e+00
-3.588000000000000114e+02,1.004219834325693173e+00
-3.582800000000000296e+02,1.004202664549255219e+00
-3.577600000000000477e+02,1.004193706236731432e+00
-3.572399999999999523e+02,1.004187669642408798e+00
-3.567199999999999704e+02,1.004182319922238831e+00
-3.561999999999999886e+02,1.004184634161899847e+00
-3.556799999999999500e+02,1.004193001880663960e+00
-3.551599999999999682e+02,1.004204081810230909e+00
-3.546399999999999864e+02,1.004215225754395258e+00
-3.541200000000000045e+02,1.004235132605446612e+00
-3.536000000000000227e+02,1.004258881773728351e+00
-3.530799999999999841e+02,1.004284452852042042e+00
-3.525600000000000023e+02,1.004309628753459638e+00
-3.520400000000000205e+02,1.004343912226453917e+00
-3.515199999999999818e+02,1.004380256412913397e+00
-3.510000000000000000e+02,1.004416525407417549e+00
-3.504800000000000182e+02,1.004452770668156747e+00
-3.499600000000000364e+02,1.004496977337127284e+00
-3.494400000000000546e+02,1.004542457444351555e+00
-3.489200000000000159e+02,1.004584846454576352e+00
-3.484000000000000341e+02,1.004628422359932216e+00
-3.478799999999999955e+02,1.004677965023607733e+00
-3.473599999999999568e+02,1.004727338998251396e+00
-3.468399999999999750e+02,1.004772687109685592e+00
-3.463199999999999932e+02,1.004819546290752763e+00
-3.457999999999999545e+02,1.004870267921861959e+00
-3.452799999999999727e+02,1.004919187405318715e+00
-3.447599999999999909e+02,1.004963956702797923e+00
-3.442400000000000091e+02,1.005009998781148939e+00
-3.437200000000000273e+02,1.005058519644195458e+00
-3.431999999999999886e+02,1.005103286930259632e+00
-3.426800000000000068e+02,1.005144442387765791e+00
-3.421600000000000250e+02,1.005186416510073455e+00
-3.416399999999999864e+02,1.005230061671709363e+00
-3.411200000000000045e+02,1.005267868211345839e+00
-3.406000000000000227e+02,1.005303096249265726e+00
-3.400800000000000409e+02,1.005338705351196849e+00
-3.395600000000000591e+02,1.005375574439034692e+00
-3.390400000000000205e+02,1.005404610236345198e+00
-3.385199999999999818e+02,1.005432300058377137e+00
-3.380000000000000000e+02,1.005460311941682283e+00
-3.374799999999999613e+02,1.005488877386151447e+00
-3.369599999999999795e+02,1.005508748586126044e+00
-3.364399999999999977e+02,1.005527619872316869e+00
-3.359199999999999591e+02,1.005542978697064438e+00
-3.353999999999999773e+02,1.005557812825839781e+00
-3.348799999999999955e+02,1.005574327328435880e+00
-3.343600000000000136e+02,1.005588798416751306e+00
-3.338400000000000318e+02,1.005596138556229757e+00
-3.333199999999999932e+02,1.005603232843407024e+00
-3.328000000000000114e+02,1.005612014427181844e+00
-3.322800000000000296e+02,1.005617508608705135e+00
-3.317599999999999909e+02,1.005617527672830303e+00
-3.312400000000000091e+02,1.005617712174703415e+00
-3.307200000000000273e+02,1.005619646313851590e+00
-3.302000000000000455e+02,1.005617194144752258e+00
-3.296800000000000637e+02,1.005610848978734317e+00
-3.291599999999999682e+02,1.005605349013483529e+00
-3.286399999999999864e+02,1.005601452450154421e+00
-3.281200000000000045e+02,1.005592361406715263e+00
-3.275999999999999659e+02,1.005580781883088193e+00
-3.270799999999999841e+02,1.005570937853033975e+00
-3.265600000000000023e+02,1.005562446091981421e+00
-3.260399999999999636e+02,1.005552091634785317e+00
-3.255199999999999818e+02,1.005541665700389720e+00
-3.250000000000000000e+02,1.005525170389195866e+00
-3.244800000000000182e+02,1.005507821828541370e+00
-3.239600000000000364e+02,1.005494095067131166e+00
-3.234399999999999977e+02,1.005480559524178696e+00
-3.229200000000000159e+02,1.005460931029975580e+00
-3.224000000000000341e+02,1.005441570203208457e+00
-3.218799999999999955e+02,1.005426338185006374e+00
-3.213600000000000136e+02,1.005410078750066161e+00
-3.208400000000000318e+02,1.005389054212666888e+00
-3.203199999999999363e+02,1.005369084092796683e+00
-3.198000000000000114e+02,1.005352901542242661e+00
-3.192800000000000296e+02,1.005334916795945333e+00
-3.187599999999999909e+02,1.005313277308728770e+00
-3.182400000000000091e+02,1.005293649804794631e+00
-3.177199999999999704e+02,1.005277185685169661e+00
-3.171999999999999886e+02,1.005258300352059209e+00
-3.166800000000000068e+02,1.005236673325129448e+00
-3.161599999999999682e+02,1.005218027091471011e+00
-3.156399999999999864e+02,1.005201843394953221e+00
-3.151200000000000045e+02,1.005182604850521022e+00
-3.146000000000000227e+02,1.005161506543104766e+00
-3.140800000000000409e+02,1.005144357535829203e+00
-3.135600000000000023e+02,1.005128866610746741e+00
-3.130399999999999636e+02,1.005109687466351209e+00
-3.125199999999999818e+02,1.005089421688143636e+00
-3.120000000000000000e+02,1.005074097538479316e+00
-3.114800000000000182e+02,1.005059589030000478e+00
-3.109599999999999795e+02,1.005040701644500212e+00
-3.104399999999999977e+02,1.005021621369160512e+00
-3.099200000000000159e+02,1.005008179320255879e+00
-3.094000000000000341e+02,1.004994901030026755e+00
-3.088799999999999955e+02,1.004982030468779763e+00
-3.083600000000000136e+02,1.004968530097673618e+00
-3.078399999999999750e+02,1.004951056954345612e+00
-3.073199999999999932e+02,1.004935079772243167e+00
-3.068000000000000114e+02,1.004923464685564927e+00
-3.062799999999999727e+02,1.004910428259347954e+00
-3.057599999999999909e+02,1.004894182262642932e+00
-3.052400000000000091e+02,1.004880301031922052e+00
-3.047200000000000273e+02,1.004869863808531827e+00
-3.042000000000000455e+02,1.004857315888497249e+00
-3.036800000000000068e+02,1.004842232113063893e+00
-3.031599999999999682e+02,1.004830412652134575e+00
-3.026399999999999864e+02,1.004821146243702668e+00
-3.021200000000000045e+02,1.004808983753140872e+00
-3.016000000000000227e+02,1.004795019134822276e+00
-3.010799999999999841e+02,1.004785196157279570e+00
-3.005600000000000023e+02,1.004776979204683007e+00
-3.000400000000000205e+02,1.004769223643759979e+00
-2.995200000000000387e+02,1.004761556478498630e+00
-2.990000000000000000e+02,1.004749826839957727e+00
-2.984800000000000182e+02,1.004737429888552080e+00
-2.979599999999999795e+02,1.004730324065562952e+00
-2.974399999999999977e+02,1.004723565564553889e+00
-2.969200000000000159e+02,1.004712010255559562e+00
-2.963999999999999773e+02,1.004701043842638031e+00
-2.958799999999999955e+02,1.004695157361139124e+00
-2.953600000000000136e+02,1.004689398866516425e+00
-2.948400000000000318e+02,1.004683880172924093e+00
-2.943199999999999932e+02,1.004677244782631762e+00
-2.938000000000000114e+02,1.004666893368576952e+00
-2.932799999999999727e+02,1.004658387115266116e+00
-2.927599999999999909e+02,1.004653623692429498e+00
-2.922400000000000091e+02,1.004646926297520171e+00
-2.917200000000000273e+02,1.004637283301583528e+00
-2.911999999999999886e+02,1.004630311141194277e+00
-2.906800000000000068e+02,1.004626185169142261e+00
-2.901599999999999682e+02,1.004622252379594682e+00
-2.896399999999999864e+02,1.004618448602576430e+00
-2.891200000000000045e+02,1.004611520665210644e+00
-2.886000000000000227e+02,1.004602759380197385e+00
-2.880799999999999841e+02,1.004597927218944253e+00
-2.875600000000000023e+02,1.004594656168897426e+00
-2.870400000000000205e+02,1.004587463623698884e+00
-2.865199999999999818e+02,1.004579226992399432e+00
-2.860000000000000000e+02,1.004575706079205544e+00
-2.854799999999999613e+02,1.004572950067203818e+00
-2.849599999999999795e+02,1.004570365208305782e+00
-2.844399999999999977e+02,1.004567720425943333e+00
-2.839200000000000159e+02,1.004560106241691786e+00
-2.833999999999999773e+02,1.004553038509027996e+00
-2.828799999999999955e+02,1.004550861649573745e+00
-2.823600000000000136e+02,1.004548751775440341e+00
-2.818400000000000318e+02,1.004546732889124883e+00
-2.813199999999999932e+02,1.004543499455162525e+00
-2.807999999999999545e+02,1.004536443857886763e+00
-2.802799999999999727e+02,1.004531187878295873e+00
-2.797599999999999909e+02,1.004529541391069980e+00
-2.792400000000000091e+02,1.004525829060941122e+00
-2.787200000000000273e+02,1.004519120610474880e+00
-2.781999999999999886e+02,1.004514963597066934e+00
-2.776800000000000068e+02,1.004513617956624083e+00
-2.771600000000000250e+02,1.004512342343877762e+00
-2.766399999999999864e+02,1.004511118560339478e+00
-2.761200000000000045e+02,1.004506646794895319e+00
-2.755999999999999659e+02,1.004500330412291476e+00
-2.750799999999999841e+02,1.004497834901549869e+00
-2.745600000000000023e+02,1.004496873902640752e+00
-2.740400000000000205e+02,1.004495989307603088e+00
-2.735199999999999818e+02,1.004495140634010131e+00
-2.730000000000000000e+02,1.004489831702886304e+00
-2.724800000000000182e+02,1.004483891224529746e+00
-2.719600000000000364e+02,1.004482936988271069e+00
-2.714399999999999977e+02,1.004482301856161941e+00
-2.709199999999999591e+02,1.004481751603278239e+00
-2.703999999999999773e+02,1.004480693130415325e+00
-2.698799999999999955e+02,1.004475000928277684e+00
-2.693600000000000136e+02,1.004470267574993469e+00
-2.688400000000000318e+02,1.004469884641322697e+00
-2.683199999999999932e+02,1.004469562352656942e+00
-2.678000000000000114e+02,1.004469287496023044e+00
-2.672800000000000296e+02,1.004467292010045254e+00
-2.667599999999999909e+02,1.004461854079899519e+00
-2.662400000000000091e+02,1.004458613165661429e+00
-2.657199999999999704e+02,1.004458453412683694e+00
-2.651999999999999886e+02,1.004458369884043911e+00
-2.646800000000000068e+02,1.004458338168825682e+00
-2.641600000000000250e+02,1.004455357538785343e+00
-2.636399999999999864e+02,1.004450155935197708e+00
-2.631200000000000045e+02,1.004448327227306148e+00
-2.626000000000000227e+02,1.004448401398619684e+00
-2.620799999999999841e+02,1.004444765178897914e+00
-2.615600000000000023e+02,1.004439686765683515e+00
-2.610399999999999636e+02,1.004438804509961258e+00
-2.605199999999999818e+02,1.004439019895368546e+00
-2.600000000000000000e+02,1.004439268956867526e+00
-2.594800000000000182e+02,1.004439543509797028e+00
-2.589600000000000364e+02,1.004434883523527056e+00
-2.584399999999999977e+02,1.004430115921548961e+00
-2.579200000000000159e+02,1.004430482514760525e+00
-2.573999999999999773e+02,1.004430873239535726e+00
-2.568799999999999955e+02,1.004431277200998895e+00
-2.563600000000000136e+02,1.004430765875757636e+00
-2.558400000000000034e+02,1.004425992142713220e+00
-2.553199999999999932e+02,1.004422614824565407e+00
-2.548000000000000114e+02,1.004423127900233803e+00
-2.542800000000000011e+02,1.004423658073190007e+00
-2.537600000000000193e+02,1.004424209493602005e+00
-2.532400000000000091e+02,1.004422636337502173e+00
-2.527199999999999704e+02,1.004418027591247320e+00
-2.521999999999999886e+02,1.004415970628991683e+00
-2.516800000000000068e+02,1.004416628480051532e+00
-2.511599999999999966e+02,1.004417302035639725e+00
-2.506399999999999864e+02,1.004417990149465201e+00
-2.501200000000000045e+02,1.004415329908847410e+00
-2.496000000000000227e+02,1.004410832640168616e+00
-2.490800000000000125e+02,1.004410132091015706e+00
-2.485600000000000023e+02,1.004410923978232395e+00
-2.480399999999999920e+02,1.004411684609484601e+00
-2.475199999999999818e+02,1.004412501121048074e+00
-2.470000000000000000e+02,1.004408746731884738e+00
-2.464799999999999898e+02,1.004404382022834996e+00
-2.459600000000000080e+02,1.004404992972957711e+00
-2.454399999999999977e+02,1.004405718294374195e+00
-2.449200000000000159e+02,1.004401392333942988e+00
-2.444000000000000057e+02,1.004397655498526776e+00
-2.438800000000000239e+02,1.004398568992631136e+00
-2.433599999999999852e+02,1.004399517629902316e+00
-2.428399999999999750e+02,1.004400499317643414e+00
-2.423199999999999932e+02,1.004400102533192118e+00
-2.418000000000000114e+02,1.004395852678580114e+00
-2.412800000000000011e+02,1.004393436751486846e+00
-2.407599999999999909e+02,1.004394450460472044e+00
-2.402400000000000091e+02,1.004395519441966256e+00
-2.397200000000000273e+02,1.004396578756728831e+00
-2.392000000000000171e+02,1.004395074665830778e+00
-2.386799999999999784e+02,1.004390922993061874e+00
-2.381599999999999966e+02,1.004389784875441061e+00
-2.376399999999999864e+02,1.004390909928681408e+00
-2.371200000000000045e+02,1.004388650408268635e+00
-2.365999999999999943e+02,1.004384569229407553e+00
-2.360800000000000125e+02,1.004384300548522679e+00
-2.355600000000000023e+02,1.004385473561241193e+00
-2.350400000000000205e+02,1.004386662625514903e+00
-2.345200000000000102e+02,1.004387858667111999e+00
-2.340000000000000000e+02,1.004384465494054801e+00
-2.334799999999999898e+02,1.004380448306071871e+00
-2.329599999999999795e+02,1.004381489517582882e+00
-2.324399999999999977e+02,1.004382558808809778e+00
-2.319200000000000159e+02,1.004378598076750784e+00
-2.314000000000000057e+02,1.004375239142947684e+00
-2.308799999999999955e+02,1.004376514176077206e+00
-2.303600000000000136e+02,1.004377817848544074e+00
-2.298400000000000318e+02,1.004379133023983517e+00
-2.293199999999999932e+02,1.004379044643260999e+00
-2.287999999999999829e+02,1.004375168956810560e+00
-2.282800000000000011e+02,1.004373095409598404e+00
-2.277599999999999909e+02,1.004374451384827838e+00
-2.272400000000000091e+02,1.004373599718705989e+00
-2.267199999999999989e+02,1.004369763900355705e+00
-2.262000000000000171e+02,1.004368532194284347e+00
-2.256800000000000068e+02,1.004369946285674997e+00
-2.251599999999999682e+02,1.004368354938074193e+00
-2.246399999999999864e+02,1.004364556573505762e+00
-2.241200000000000045e+02,1.004364166867725894e+00
-2.235999999999999943e+02,1.004365598878699029e+00
-2.230799999999999841e+02,1.004363244015089807e+00
-2.225600000000000023e+02,1.004359482932074776e+00
-2.220400000000000205e+02,1.004359955188245390e+00
-2.215200000000000102e+02,1.004361467513442463e+00
-2.210000000000000000e+02,1.004362948569694991e+00
-2.204799999999999898e+02,1.004364454118253258e+00
-2.199599999999999795e+02,1.004360931611207430e+00
-2.194399999999999977e+02,1.004357433693517931e+00
-2.189199999999999875e+02,1.004358993048183546e+00
-2.184000000000000057e+02,1.004359905148465737e+00
-2.178799999999999955e+02,1.004356250656402993e+00
-2.173600000000000136e+02,1.004353610908658156e+00
-2.168400000000000034e+02,1.004355187641477354e+00
-2.163200000000000216e+02,1.004355352791484357e+00
-2.157999999999999829e+02,1.004351728283765510e+00
-2.152799999999999727e+02,1.004349903012005329e+00
-2.147599999999999909e+02,1.004351533262118235e+00
-2.142400000000000091e+02,1.004350934032951059e+00
-2.137199999999999989e+02,1.004347321834656359e+00
-2.131999999999999886e+02,1.004346375126211388e+00
-2.126800000000000068e+02,1.004348035541919870e+00
-2.121600000000000250e+02,1.004346648921807361e+00
-2.116400000000000148e+02,1.004343071705698920e+00
-2.111199999999999761e+02,1.004342961518269073e+00
-2.105999999999999943e+02,1.004344651092763607e+00
-2.100799999999999841e+02,1.004342495183656592e+00
-2.095600000000000023e+02,1.004338971628784716e+00
-2.090399999999999920e+02,1.004339716892860279e+00
-2.085200000000000102e+02,1.004341440673781838e+00
-2.080000000000000000e+02,1.004338514340940236e+00
-2.074800000000000182e+02,1.004335018385295486e+00
-2.069600000000000080e+02,1.004331536086177312e+00
-2.064399999999999977e+02,1.004328285722606351e+00
-2.059199999999999875e+02,1.004330050886411030e+00
-2.053999999999999773e+02,1.004331169611623720e+00
-2.048799999999999955e+02,1.004327742465042528e+00
-2.043600000000000136e+02,1.004325327081919239e+00
-2.038400000000000034e+02,1.004327121706651171e+00
-2.033199999999999932e+02,1.004327468824732117e+00
-2.028000000000000114e+02,1.004324048679017478e+00
-2.022800000000000296e+02,1.004322506436492235e+00
-2.017599999999999909e+02,1.004324332221661953e+00
-2.012399999999999807e+02,1.004323889506880674e+00
-2.007199999999999989e+02,1.004320519494603658e+00
-2.001999999999999886e+02,1.004317131908236904e+00
-1.996800000000000068e+02,1.004313754544784443e+00
-1.991599999999999966e+02,1.004313461334041202e+00
-1.986400000000000148e+02,1.004315332221763946e+00
-1.981200000000000045e+02,1.004313774689094885e+00
-1.976000000000000227e+02,1.004310426306831650e+00
-1.970799999999999841e+02,1.004310964567066700e+00
-1.965600000000000023e+02,1.004312861126708700e+00
-1.960399999999999920e+02,1.004310510113207933e+00
-1.955199999999999818e+02,1.004307187858064498e+00
-1.950000000000000000e+02,1.004303898985448251e+00
-1.944800000000000182e+02,1.004300593077389614e+00
-1.939600000000000080e+02,1.004302397997038021e+00
-1.934399999999999977e+02,1.004304068961174634e+00
-1.929200000000000159e+02,1.004300809714327336e+00
-1.923999999999999773e+02,1.004297531187319237e+00
-1.918799999999999955e+02,1.004294284258836711e+00
-1.913599999999999852e+02,1.004292108640853165e+00
-1.908400000000000034e+02,1.004294070589625720e+00
-1.903199999999999932e+02,1.004294604208437747e+00
-1.898000000000000114e+02,1.004291387216215137e+00
-1.892800000000000011e+02,1.004288150422721904e+00
-1.887600000000000193e+02,1.004284946468714690e+00
-1.882400000000000091e+02,1.004284018136927248e+00
-1.877199999999999704e+02,1.004286038746534659e+00
-1.871999999999999886e+02,1.004285410606772455e+00
-1.866800000000000068e+02,1.004282232432325728e+00
-1.861599999999999966e+02,1.004279059909448213e+00
-1.856399999999999864e+02,1.004275896995757256e+00
-1.851200000000000045e+02,1.004276193444894938e+00
-1.846000000000000227e+02,1.004278276457889474e+00
-1.840800000000000125e+02,1.004276470726432668e+00
-1.835600000000000023e+02,1.004273335322803051e+00
-1.830399999999999920e+02,1.004270204735031813e+00
-1.825199999999999818e+02,1.004267056754348131e+00
-1.820000000000000000e+02,1.004268641168451826e+00
-1.814799999999999898e+02,1.004270747006974052e+00
-1.809600000000000080e+02,1.004267778109143583e+00
-1.804399999999999977e+02,1.004264679340831634e+00
-1.799200000000000159e+02,1.004261593941456976e+00
-1.794000000000000057e+02,1.004258511875451010e+00
-1.788800000000000239e+02,1.004255436664062140e+00
-1.783599999999999852e+02,1.004253453466722013e+00
-1.778399999999999750e+02,1.004255609909749269e+00
-1.773199999999999932e+02,1.004256276536465320e+00
-1.768000000000000114e+02,1.004253230795708385e+00
-1.762800000000000011e+02,1.004250187828330754e+00
-1.757599999999999909e+02,1.004247153616319777e+00
-1.752400000000000091e+02,1.004244123784187925e+00
-1.747200000000000273e+02,1.004241106466183142e+00
-1.742000000000000171e+02,1.004240784556467814e+00
-1.736799999999999784e+02,1.004243009690108934e+00
-1.731599999999999966e+02,1.004242126827709747e+00
-1.726399999999999864e+02,1.004239135280937667e+00
-1.721200000000000045e+02,1.004236148574214615e+00
-1.715999999999999943e+02,1.004233192280278963e+00
-1.710800000000000125e+02,1.004230218546221964e+00
-1.705600000000000023e+02,1.004227251367393103e+00
-1.700400000000000205e+02,1.004224291283412285e+00
-1.695200000000000102e+02,1.004221337258089708e+00
-1.690000000000000000e+02,1.004223109219775090e+00
-1.684799999999999898e+02,1.004225401554889707e+00
-1.679599999999999795e+02,1.004222587119081966e+00
-1.674399999999999977e+02,1.004219662061702767e+00
-1.669200000000000159e+02,1.004216744583911414e+00
-1.664000000000000057e+02,1.004213830389829143e+00
-1.658799999999999955e+02,1.004210949129194397e+00
-1.653600000000000136e+02,1.004208048552208243e+00
-1.648400000000000318e+02,1.004205158139760412e+00
-1.643199999999999932e+02,1.004203780105961785e+00
-1.637999999999999829e+02,1.004206117328790171e+00
-1.632800000000000011e+02,1.004206567466198186e+00
-1.627599999999999909e+02,1.004203725656303225e+00
-1.622400000000000091e+02,1.004200866420878357e+00
-1.617199999999999989e+02,1.004198017632340401e+00
-1.612000000000000171e+02,1.004195172998262109e+00
-1.606800000000000068e+02,1.004192334748751358e+00
-1.601599999999999682e+02,1.004189503129879535e+00
-1.596400000000000148e+02,1.004186702056915959e+00
-1.591200000000000045e+02,1.004183885132221343e+00
-1.585999999999999943e+02,1.004181074470304580e+00
-1.580799999999999841e+02,1.004182206957657142e+00
-1.575600000000000023e+02,1.004184647734687408e+00
-1.570400000000000205e+02,1.004182757588136798e+00
-1.565199999999999818e+02,1.004179974766034711e+00
-1.560000000000000000e+02,1.004177200060350827e+00
-1.554799999999999898e+02,1.004174451788215849e+00
-1.549600000000000080e+02,1.004171691647329556e+00
-1.544399999999999977e+02,1.004168936242651577e+00
-1.539199999999999875e+02,1.004166190169292427e+00
-1.534000000000000057e+02,1.004163468598251896e+00
-1.528799999999999955e+02,1.004160734900949814e+00
-1.523600000000000136e+02,1.004158004636926949e+00
-1.518400000000000034e+02,1.004155308502841404e+00
-1.513199999999999932e+02,1.004154121476786177e+00
-1.508000000000000114e+02,1.004156650823908148e+00
-1.502800000000000011e+02,1.004157257961990179e+00
-1.497600000000000193e+02,1.004154566339169552e+00
-1.492400000000000091e+02,1.004151879598049080e+00
-1.487199999999999989e+02,1.004149223921165790e+00
-1.481999999999999886e+02,1.004146552630292177e+00
-1.476800000000000068e+02,1.004143890115866578e+00
-1.471599999999999966e+02,1.004141254852780829e+00
-1.466399999999999864e+02,1.004138603705702737e+00
-1.461200000000000045e+02,1.004135960449144216e+00
-1.455999999999999943e+02,1.004133345631533780e+00
-1.450799999999999841e+02,1.004130717274712481e+00
-1.445600000000000023e+02,1.004128094775170066e+00
-1.440399999999999920e+02,1.004125503773976469e+00
-1.435200000000000102e+02,1.004122895686661465e+00
-1.430000000000000000e+02,1.004125094319865630e+00
-1.424799999999999898e+02,1.004127714726948506e+00
-1.419600000000000080e+02,1.004125205459710291e+00
-1.414399999999999977e+02,1.004122645250190793e+00
-1.409200000000000159e+02,1.004120076177999810e+00
-1.403999999999999773e+02,1.004117532592878392e+00
-1.398799999999999955e+02,1.004114976510944945e+00
-1.393600000000000136e+02,1.004112423089291051e+00
-1.388400000000000034e+02,1.004109905602755592e+00
-1.383199999999999932e+02,1.004107369056850052e+00
-1.377999999999999829e+02,1.004104862520692087e+00
-1.372800000000000011e+02,1.004102338871864175e+00
-1.367599999999999909e+02,1.004099849315964077e+00
-1.362400000000000091e+02,1.004097342502374257e+00
-1.357199999999999989e+02,1.004094844380691853e+00
-1.351999999999999886e+02,1.004092374035569613e+00
-1.346800000000000068e+02,1.004089890115895445e+00
-1.341599999999999966e+02,1.004090585501850930e+00
-1.336400000000000148e+02,1.004093348763235083e+00
-1.331200000000000045e+02,1.004092570539938167e+00
-1.325999999999999943e+02,1.004090116038240055e+00
-1.320800000000000125e+02,1.004087690542831313e+00
-1.315600000000000023e+02,1.004085247148980953e+00
-1.310399999999999920e+02,1.004082838673140410e+00
-1.305199999999999818e+02,1.004080413933698290e+00
-1.300000000000000000e+02,1.004078019487705475e+00
-1.294800000000000182e+02,1.004075605835901719e+00
-1.289600000000000080e+02,1.004073226908246630e+00
-1.284399999999999977e+02,1.004070829305361068e+00
-1.279200000000000017e+02,1.004068465395763887e+00
-1.274000000000000057e+02,1.004066081075406736e+00
-1.268800000000000097e+02,1.004063733644797951e+00
-1.263599999999999852e+02,1.004062531538518765e+00
-1.258400000000000034e+02,1.004065430788927626e+00
-1.253199999999999932e+02,1.004066726031386914e+00
-1.248000000000000114e+02,1.004064407839523998e+00
-1.242800000000000011e+02,1.004062072253001592e+00
-1.237599999999999909e+02,1.004059769830826676e+00
-1.232399999999999949e+02,1.004057450093042370e+00
-1.227199999999999989e+02,1.004055160884865794e+00
-1.222000000000000028e+02,1.004052856538599769e+00
-1.216799999999999926e+02,1.004050582880001707e+00
-1.211599999999999966e+02,1.004048294503143479e+00
-1.206400000000000006e+02,1.004046033800243931e+00
-1.201200000000000045e+02,1.004043783598033812e+00
-1.196000000000000085e+02,1.004041519587802744e+00
-1.190799999999999983e+02,1.004039286001140896e+00
-1.185600000000000023e+02,1.004037034693577857e+00
-1.180400000000000063e+02,1.004039208211654488e+00
-1.175200000000000102e+02,1.004042203403999967e+00
-1.170000000000000000e+02,1.004040421651004822e+00
-1.164799999999999898e+02,1.004038223905388882e+00
-1.159600000000000080e+02,1.004036016839741974e+00
-1.154399999999999977e+02,1.004033834881373988e+00
-1.149200000000000159e+02,1.004031642230565735e+00
-1.143999999999999915e+02,1.004029473120476634e+00
-1.138799999999999955e+02,1.004027299074406354e+00
-1.133599999999999994e+02,1.004025148737506035e+00
-1.128400000000000034e+02,1.004023009566224145e+00
-1.123199999999999932e+02,1.004020852212232029e+00
-1.117999999999999972e+02,1.004018730944458815e+00
-1.112800000000000011e+02,1.004018597467815077e+00
-1.107600000000000051e+02,1.004021725360390249e+00
-1.102399999999999949e+02,1.004022451389215087e+00
-1.097199999999999989e+02,1.004020339258608230e+00
-1.092000000000000028e+02,1.004018254051841641e+00
-1.086800000000000068e+02,1.004016153915543885e+00
-1.081600000000000108e+02,1.004014086470455869e+00
-1.076399999999999864e+02,1.004012029198666500e+00
-1.071200000000000045e+02,1.004009956996186892e+00
-1.065999999999999943e+02,1.004007912302586236e+00
-1.060800000000000125e+02,1.004005878899455473e+00
-1.055599999999999881e+02,1.004003829806353165e+00
-1.050399999999999920e+02,1.004006225829080723e+00
-1.045199999999999960e+02,1.004009425580937309e+00
-1.040000000000000000e+02,1.004007826693183336e+00
-1.034800000000000040e+02,1.004005830238718922e+00
-1.029599999999999937e+02,1.004003827038983276e+00
-1.024399999999999977e+02,1.004001848105967376e+00
-1.019200000000000017e+02,1.003999883399660842e+00
-1.014000000000000057e+02,1.003997898140923217e+00
-1.008799999999999955e+02,1.003995948878064981e+00
-1.003599999999999994e+02,1.003995205375616706e+00
-9.984000000000000341e+01,1.003998485561947485e+00
-9.932000000000000739e+01,1.004000167170667979e+00
-9.880000000000001137e+01,1.003998231307617006e+00
-9.828000000000000114e+01,1.003996321727685714e+00
-9.775999999999999091e+01,1.003994422845753576e+00
-9.724000000000000909e+01,1.003992507644181353e+00
-9.671999999999999886e+01,1.003990626696747990e+00
-9.619999999999998863e+01,1.003988751344394359e+00
-9.567999999999999261e+01,1.003986863397150264e+00
-9.515999999999999659e+01,1.003988233362154814e+00
-9.464000000000000057e+01,1.003991618115198881e+00
-9.412000000000000455e+01,1.003991364347163184e+00
-9.359999999999999432e+01,1.003989511405986468e+00
-9.307999999999999829e+01,1.003987689404628680e+00
-9.256000000000000227e+01,1.003985873265140771e+00
-9.204000000000000625e+01,1.003984048640742088e+00
-9.151999999999999602e+01,1.003982252735052594e+00
-9.100000000000000000e+01,1.003985318811992933e+00
-9.048000000000000398e+01,1.003988710829572639e+00
-8.996000000000000796e+01,1.003986943673641941e+00
-8.944000000000001194e+01,1.003985179818200235e+00
-8.891999999999998749e+01,1.003983410171857882e+00
-8.840000000000000568e+01,1.003981663331435348e+00
-8.787999999999999545e+01,1.003979931352222410e+00
-8.736000000000001364e+01,1.003979420274668577e+00
-8.683999999999998920e+01,1.003982941352584479e+00
-8.631999999999999318e+01,1.003984823201229393e+00
-8.579999999999999716e+01,1.003983128179153805e+00
-8.528000000000000114e+01,1.003981414912418213e+00
-8.476000000000000512e+01,1.003979734414311542e+00
-8.423999999999999488e+01,1.003978060910444947e+00
-8.371999999999999886e+01,1.003976378538536940e+00
-8.320000000000000284e+01,1.003977570686028775e+00
-8.268000000000000682e+01,1.003981161359919883e+00
-8.215999999999999659e+01,1.003981493335290853e+00
-8.164000000000000057e+01,1.003979845595200926e+00
-8.112000000000000455e+01,1.003978228888701141e+00
-8.060000000000000853e+01,1.003976620199720227e+00
-8.007999999999998408e+01,1.003979068921349249e+00
-7.956000000000000227e+01,1.003982691572497643e+00
-7.903999999999999204e+01,1.003981878101975367e+00
-7.852000000000001023e+01,1.003980306409022472e+00
-7.800000000000000000e+01,1.003978723499608927e+00
-7.748000000000000398e+01,1.003977224147835301e+00
-7.695999999999999375e+01,1.003980898088481233e+00
-7.643999999999999773e+01,1.003984135239516684e+00
-7.592000000000000171e+01,1.003982594392271332e+00
-7.540000000000000568e+01,1.003981077017926049e+00
-7.488000000000000966e+01,1.003979576061489798e+00
-7.435999999999999943e+01,1.003979337364413471e+00
-7.384000000000000341e+01,1.003983065281085940e+00
-7.331999999999999318e+01,1.003985155958098563e+00
-7.279999999999999716e+01,1.003983689525880463e+00
-7.228000000000000114e+01,1.003982227834422147e+00
-7.176000000000000512e+01,1.003980758752083258e+00
-7.123999999999999488e+01,1.003981781829573983e+00
-7.071999999999999886e+01,1.003985587715033878e+00
-7.019999999999998863e+01,1.003986516703653686e+00
-6.968000000000000682e+01,1.003985084293072649e+00
-6.915999999999999659e+01,1.003983681782571802e+00
-6.864000000000000057e+01,1.003982288713799909e+00
-6.812000000000000455e+01,1.003984592476408366e+00
-6.759999999999999432e+01,1.003988411086585542e+00
-6.707999999999999829e+01,1.003988195417162554e+00
-6.656000000000000227e+01,1.003986841528218932e+00
-6.604000000000000625e+01,1.003989989557095619e+00
-6.551999999999999602e+01,1.003993866264941470e+00
-6.500000000000000000e+01,1.003992869438206537e+00
-6.448000000000000398e+01,1.003991551604021426e+00
-6.396000000000000085e+01,1.003990250850215649e+00
-6.344000000000000483e+01,1.003989408108660220e+00
-6.292000000000000171e+01,1.003993359057663737e+00
-6.240000000000000568e+01,1.003996432878517142e+00
-6.187999999999999545e+01,1.003995170689400140e+00
-6.135999999999999943e+01,1.003995190673532489e+00
-6.083999999999999631e+01,1.003999140520204447e+00
-6.032000000000000028e+01,1.004001454062126042e+00
-5.980000000000000426e+01,1.004000230872607258e+00
-5.928000000000000114e+01,1.003999012878088459e+00
-5.876000000000000512e+01,1.003997787355758842e+00
-5.823999999999999488e+01,1.003999073351038884e+00
-5.771999999999999886e+01,1.004003122794198788e+00
-5.719999999999999574e+01,1.004004275476438224e+00
-5.667999999999999972e+01,1.004003108413306755e+00
-5.615999999999999659e+01,1.004005233957425247e+00
-5.564000000000000057e+01,1.004009303021933475e+00
-5.511999999999999744e+01,1.004009696423841191e+00
-5.460000000000000142e+01,1.004008570450228399e+00
-5.408000000000000540e+01,1.004007455632105472e+00
-5.356000000000000227e+01,1.004006324222052049e+00
-5.304000000000000625e+01,1.004009738434328503e+00
-5.251999999999999602e+01,1.004013885233314252e+00
-5.200000000000000000e+01,1.004013135579619798e+00
-5.147999999999999687e+01,1.004012119799005287e+00
-5.096000000000000085e+01,1.004016301652949750e+00
-5.043999999999999773e+01,1.004019990373384408e+00
-4.992000000000000171e+01,1.004018959851888271e+00
-4.940000000000000568e+01,1.004018829486952091e+00
-4.887999999999999545e+01,1.004023033291415512e+00
-4.835999999999999943e+01,1.004025938433869003e+00
-4.783999999999999631e+01,1.004024948057121502e+00
-4.732000000000000028e+01,1.004025661100623967e+00
-4.679999999999999716e+01,1.004029923109435618e+00
-4.628000000000000114e+01,1.004032071095587453e+00
-4.575999999999999801e+01,1.004031099201288635e+00
-4.524000000000000199e+01,1.004030156786579919e+00
-4.472000000000000597e+01,1.004029226511000683e+00
-4.420000000000000284e+01,1.004031226891320960e+00
-4.368000000000000682e+01,1.004035549558391027e+00
-4.315999999999999659e+01,1.004036517024270658e+00
-4.264000000000000057e+01,1.004035625221209926e+00
-4.211999999999999744e+01,1.004038470790739046e+00
-4.160000000000000142e+01,1.004042834400907580e+00
-4.107999999999999829e+01,1.004043084747396009e+00
-4.056000000000000227e+01,1.004042234337453987e+00
-4.003999999999999204e+01,1.004045904201331663e+00
-3.951999999999999602e+01,1.004050309101859328e+00
-3.900000000000000000e+01,1.004049782051466444e+00
-3.847999999999999687e+01,1.004049087720733091e+00
-3.796000000000000085e+01,1.004053508965369490e+00
-3.744000000000000483e+01,1.004057414788265934e+00
-3.692000000000000171e+01,1.004056645026301542e+00
-3.639999999999999858e+01,1.004056794197437208e+00
-3.588000000000000256e+01,1.004061278454262185e+00
-3.535999999999999943e+01,1.004064428028797584e+00
-3.484000000000000341e+01,1.004063700265511949e+00
-3.432000000000000028e+01,1.004062954992096524e+00
-3.379999999999999716e+01,1.004062249164040299e+00
-3.328000000000000114e+01,1.004063686800914290e+00
-3.275999999999999801e+01,1.004068231215607732e+00
-3.224000000000000199e+01,1.004070243293200937e+00
-3.172000000000000242e+01,1.004069578651343608e+00
-3.120000000000000284e+01,1.004071822307846196e+00
-3.067999999999999972e+01,1.004076409840318762e+00
-3.016000000000000014e+01,1.004077665969270949e+00
-2.964000000000000057e+01,1.004077041510702539e+00
-2.911999999999999744e+01,1.004080172084984124e+00
-2.859999999999999787e+01,1.004084800972975255e+00
-2.807999999999999829e+01,1.004085257550375809e+00
-2.755999999999999872e+01,1.004084674737606431e+00
-2.704000000000000270e+01,1.004088652818406979e+00
-2.652000000000000313e+01,1.004093325248107016e+00
-2.600000000000000000e+01,1.004093046232306996e+00
-2.548000000000000043e+01,1.004092637774806507e+00
-2.496000000000000085e+01,1.004097350005736189e+00
-2.443999999999999773e+01,1.004101508808725063e+00
-2.391999999999999815e+01,1.004101006574353416e+00
-2.339999999999999858e+01,1.004100505986581959e+00
-2.287999999999999901e+01,1.004100028480520157e+00
-2.236000000000000298e+01,1.004100890705548421e+00
-2.184000000000000341e+01,1.004105668346215730e+00
-2.132000000000000028e+01,1.004108670592733787e+00
-2.080000000000000071e+01,1.004108233569780628e+00
-2.028000000000000114e+01,1.004109942119697507e+00
-1.975999999999999801e+01,1.004114760336233925e+00
-1.923999999999999844e+01,1.004117026943860624e+00
-1.872000000000000242e+01,1.004116633411056281e+00
-1.819999999999999929e+01,1.004119209841152660e+00
-1.767999999999999972e+01,1.004124049558818177e+00
-1.716000000000000014e+01,1.004125541424313539e+00
-1.664000000000000057e+01,1.004125191270388795e+00
-1.612000000000000099e+01,1.004124853644593696e+00
-1.560000000000000142e+01,1.004124525386898226e+00
-1.508000000000000007e+01,1.004128391897832984e+00
-1.455999999999999872e+01,1.004133297205936914e+00
-1.403999999999999915e+01,1.004133632479870863e+00
-1.352000000000000135e+01,1.004133347526384723e+00
-1.300000000000000000e+01,1.004138062698048284e+00
-1.248000000000000043e+01,1.004142877041941828e+00
-1.195999999999999908e+01,1.004142631907074756e+00
-1.143999999999999950e+01,1.004142389859677298e+00
-1.092000000000000171e+01,1.004142165960139499e+00
-1.040000000000000036e+01,1.004142899101002406e+00
-9.879999999999999005e+00,1.004147911138014493e+00
-9.360000000000001208e+00,1.004151573176256473e+00
-8.839999999999999858e+00,1.004151395644157674e+00
-8.320000000000000284e+00,1.004151222219659134e+00
-7.800000000000000711e+00,1.004151063649020292e+00
-7.279999999999999361e+00,1.004153089386991438e+00
-6.760000000000000675e+00,1.004158169408772006e+00
-6.240000000000000213e+00,1.004160675240312495e+00
-5.719999999999999751e+00,1.004160562536243084e+00
-5.200000000000000178e+00,1.004163438672402986e+00
-4.680000000000000604e+00,1.004168581187892872e+00
-4.160000000000000142e+00,1.004170334484292715e+00
-3.639999999999999680e+00,1.004170264599192119e+00
-3.120000000000000107e+00,1.004170207568411133e+00
-2.600000000000000089e+00,1.004170159237530280e+00
-2.080000000000000071e+00,1.004170103357059141e+00
-1.560000000000000053e+00,1.004170076694837599e+00
-1.040000000000000036e+00,1.004174669017585897e+00
-5.200000000000000178e-01,1.004179897348933981e+00
-0.000000000000000000e+00,1.004180140865252424e+00
5.200000000000000178e-01,1.004180159982650089e+00
1.040000000000000036e+00,1.004180198428627602e+00
1.560000000000000053e+00,1.004180811574504784e+00
2.080000000000000071e+00,1.004186106684881841e+00
2.600000000000000089e+00,1.004190387594909195e+00
3.120000000000000107e+00,1.004190471198675771e+00
3.639999999999999680e+00,1.004190557134452488e+00
4.160000000000000142e+00,1.004190662387128841e+00
4.680000000000000604e+00,1.004192567249454937e+00
5.200000000000000178e+00,1.004197910942770777e+00
5.719999999999999751e+00,1.004201082436336323e+00
6.240000000000000213e+00,1.004201233374292013e+00
6.760000000000000675e+00,1.004201369522077725e+00
7.279999999999999361e+00,1.004201541034532852e+00
7.800000000000000711e+00,1.004201722746817627e+00
8.320000000000000284e+00,1.004201915841162585e+00
8.839999999999999858e+00,1.004202121637087108e+00
9.360000000000001208e+00,1.004202339256931475e+00
9.879999999999999005e+00,1.004206389117075826e+00
1.040000000000000036e+01,1.004211842656649756e+00
1.092000000000000171e+01,1.004213107908963565e+00
1.143999999999999950e+01,1.004213346544837515e+00
1.195999999999999908e+01,1.004213624655881265e+00
1.248000000000000043e+01,1.004213908937754418e+00
1.300000000000000000e+01,1.004214210847957700e+00
1.352000000000000135e+01,1.004214517195380463e+00
1.403999999999999915e+01,1.004214841821053028e+00
1.455999999999999872e+01,1.004215780260815816e+00
1.508000000000000007e+01,1.004221361868728346e+00
1.560000000000000142e+01,1.004225933235040502e+00
1.612000000000000099e+01,1.004226306005592484e+00
1.664000000000000057e+01,1.004226659288004475e+00
1.716000000000000014e+01,1.004227053547616100e+00
1.767999999999999972e+01,1.004227452317577818e+00
1.819999999999999929e+01,1.004227870612689033e+00
1.872000000000000242e+01,1.004228294964890633e+00
1.923999999999999844e+01,1.004228734209081431e+00
1.975999999999999801e+01,1.004229181587832143e+00
2.028000000000000114e+01,1.004229642819572943e+00
2.080000000000000071e+01,1.004230114251493333e+00
2.132000000000000028e+01,1.004230577037803940e+00
2.184000000000000341e+01,1.004231072994943963e+00
2.236000000000000298e+01,1.004231579645573857e+00
2.287999999999999901e+01,1.004232098553123897e+00
2.339999999999999858e+01,1.004232626285993968e+00
2.391999999999999815e+01,1.004237391213553376e+00
2.443999999999999773e+01,1.004243176333972531e+00
2.496000000000000085e+01,1.004244335788081921e+00
2.548000000000000043e+01,1.004244908928510815e+00
2.600000000000000000e+01,1.004245501798189943e+00
2.652000000000000313e+01,1.004246098953838651e+00
2.704000000000000270e+01,1.004246693311597216e+00
2.755999999999999872e+01,1.004247311889985506e+00
2.807999999999999829e+01,1.004247951271033834e+00
2.859999999999999787e+01,1.004248592269431972e+00
2.911999999999999744e+01,1.004249256073219909e+00
2.964000000000000057e+01,1.004249923114857612e+00
3.016000000000000014e+01,1.004250610443865099e+00
3.067999999999999972e+01,1.004251302274733026e+00
3.120000000000000284e+01,1.004252008513750072e+00
3.172000000000000242e+01,1.004252721964347561e+00
3.224000000000000199e+01,1.004253430606684594e+00
3.275999999999999801e+01,1.004254169429341648e+00
3.328000000000000114e+01,1.004254924087248035e+00
3.379999999999999716e+01,1.004252631868914891e+00
3.432000000000000028e+01,1.004248193175371284e+00
3.484000000000000341e+01,1.004247203605587391e+00
3.535999999999999943e+01,1.004248000566893895e+00
3.588000000000000256e+01,1.004248811757519899e+00
3.639999999999999858e+01,1.004249633195395841e+00
3.692000000000000171e+01,1.004250469729011330e+00
3.744000000000000483e+01,1.004251315126947208e+00
3.796000000000000085e+01,1.004252173619042621e+00
3.847999999999999687e+01,1.004253015493547618e+00
3.900000000000000000e+01,1.004253898934722944e+00
3.951999999999999602e+01,1.004254786663548060e+00
4.003999999999999204e+01,1.004255695498112999e+00
4.056000000000000227e+01,1.004256607032857573e+00
4.107999999999999829e+01,1.004257539409082467e+00
4.160000000000000142e+01,1.004257422808146671e+00
4.211999999999999744e+01,1.004253143629291412e+00
4.264000000000000057e+01,1.004250319243575662e+00
4.315999999999999659e+01,1.004251297452269487e+00
4.368000000000000682e+01,1.004252280219893434e+00
4.420000000000000284e+01,1.004253282149747406e+00
4.472000000000000597e+01,1.004254267452011185e+00
4.524000000000000199e+01,1.004255287906034466e+00
4.575999999999999801e+01,1.004256317457128178e+00
4.628000000000000114e+01,1.004257361755541478e+00
4.679999999999999716e+01,1.004255361228044485e+00
4.732000000000000028e+01,1.004251196112607492e+00
4.783999999999999631e+01,1.004250518294660832e+00
4.835999999999999943e+01,1.004251607896473164e+00
4.887999999999999545e+01,1.004252710065305809e+00
4.940000000000000568e+01,1.004253821011508174e+00
4.992000000000000171e+01,1.004254948185630880e+00
5.043999999999999773e+01,1.004256082985173215e+00
5.096000000000000085e+01,1.004252532551635380e+00
5.147999999999999687e+01,1.004248455334567636e+00
5.200000000000000000e+01,1.004249497648178835e+00
5.251999999999999602e+01,1.004250677607960940e+00
5.304000000000000625e+01,1.004251876438292390e+00
5.356000000000000227e+01,1.004252409280133929e+00
5.408000000000000540e+01,1.004248400592875567e+00
5.460000000000000142e+01,1.004245482211216789e+00
5.511999999999999744e+01,1.004246726172787652e+00
5.564000000000000057e+01,1.004247973402258687e+00
5.615999999999999659e+01,1.004249243850329654e+00
5.667999999999999972e+01,1.004248627400960769e+00
5.719999999999999574e+01,1.004244701854420940e+00
5.771999999999999886e+01,1.004243015158391872e+00
5.823999999999999488e+01,1.004244327699682193e+00
5.876000000000000512e+01,1.004245648497892773e+00
5.928000000000000114e+01,1.004246982421592715e+00
5.980000000000000426e+01,1.004245251945123041e+00
6.032000000000000028e+01,1.004241376313212752e+00
6.083999999999999631e+01,1.004241007586972767e+00
6.135999999999999943e+01,1.004242386103892493e+00
6.187999999999999545e+01,1.004239882052821997e+00
6.240000000000000568e+01,1.004236048617241694e+00
6.292000000000000171e+01,1.004236548416401087e+00
6.344000000000000483e+01,1.004237972659070222e+00
6.396000000000000085e+01,1.004239413063619857e+00
6.448000000000000398e+01,1.004240858149279214e+00
6.500000000000000000e+01,1.004237182673837658e+00
6.551999999999999602e+01,1.004233724313886356e+00
6.604000000000000625e+01,1.004235210387095512e+00
6.656000000000000227e+01,1.004236010627223896e+00
6.707999999999999829e+01,1.004232288606353052e+00
6.759999999999999432e+01,1.004229656967641215e+00
6.812000000000000455e+01,1.004231189727249340e+00
6.864000000000000057e+01,1.004231236313857467e+00
6.915999999999999659e+01,1.004227559451365659e+00
6.968000000000000682e+01,1.004225797733893533e+00
7.019999999999998863e+01,1.004227375652231524e+00
7.071999999999999886e+01,1.004226667689149366e+00
7.123999999999999488e+01,1.004223033456317138e+00
7.176000000000000512e+01,1.004222119597574459e+00
7.228000000000000114e+01,1.004223739675802252e+00
7.279999999999999716e+01,1.004222235428289478e+00
7.331999999999999318e+01,1.004218646420856675e+00
7.384000000000000341e+01,1.004215086055334050e+00
7.435999999999999943e+01,1.004211515287150913e+00
7.488000000000000966e+01,1.004211893802108069e+00
7.540000000000000568e+01,1.004213580723154919e+00
7.592000000000000171e+01,1.004210947575961743e+00
7.643999999999999773e+01,1.004207424873328147e+00
7.695999999999999375e+01,1.004208652605435015e+00
7.748000000000000398e+01,1.004210381634811577e+00
7.800000000000000000e+01,1.004207011492237456e+00
7.852000000000001023e+01,1.004203530842773917e+00
7.903999999999999204e+01,1.004200067404540153e+00
7.956000000000000227e+01,1.004197330956206224e+00
8.007999999999998408e+01,1.004199126128152431e+00
8.060000000000000853e+01,1.004199795666138151e+00
8.112000000000000455e+01,1.004196375910143990e+00
8.164000000000000057e+01,1.004194490054149513e+00
8.215999999999999659e+01,1.004196327384475174e+00
8.268000000000000682e+01,1.004196241211870788e+00
8.320000000000000284e+01,1.004192868947586526e+00
8.371999999999999886e+01,1.004189521916991845e+00
8.423999999999999488e+01,1.004186167862537005e+00
8.476000000000000512e+01,1.004185553725432056e+00
8.528000000000000114e+01,1.004187454943387126e+00
8.579999999999999716e+01,1.004186234300341818e+00
8.631999999999999318e+01,1.004182925866076825e+00
8.683999999999998920e+01,1.004179646073261933e+00
8.736000000000001364e+01,1.004176356283556393e+00
8.787999999999999545e+01,1.004177034422750969e+00
8.840000000000000568e+01,1.004179001405105520e+00
8.891999999999998749e+01,1.004176628769619883e+00
8.944000000000001194e+01,1.004173383534134212e+00
8.996000000000000796e+01,1.004170149504668652e+00
9.048000000000000398e+01,1.004166923102592479e+00
9.100000000000000000e+01,1.004163716910347004e+00
9.151999999999999602e+01,1.004160857501410931e+00
9.204000000000000625e+01,1.004162905419344387e+00
9.256000000000000227e+01,1.004164229020588772e+00
9.307999999999999829e+01,1.004161068354892272e+00
9.359999999999999432e+01,1.004157909123055914e+00
9.412000000000000455e+01,1.004154786256209686e+00
9.464000000000000057e+01,1.004151648339693059e+00
9.515999999999999659e+01,1.004148530121496075e+00
9.567999999999999261e+01,1.004147364143879617e+00
9.619999999999998863e+01,1.004149498131602813e+00
9.671999999999999886e+01,1.004149289263636113e+00
9.724000000000000909e+01,1.004146229737678864e+00
9.775999999999999091e+01,1.004143159546562192e+00
9.828000000000000114e+01,1.004140102055344874e+00
9.880000000000001137e+01,1.004137073740547947e+00
9.932000000000000739e+01,1.004134015497980092e+00
9.984000000000000341e+01,1.004134562550103249e+00
1.003599999999999994e+02,1.004136780946436103e+00
1.008799999999999955e+02,1.004135038053048046e+00
1.014000000000000057e+02,1.004132041259560237e+00
1.019200000000000017e+02,1.004129078699232736e+00
1.024399999999999977e+02,1.004126103182065188e+00
1.029599999999999937e+02,1.004123144298587400e+00
1.034800000000000040e+02,1.004120209024579102e+00
1.040000000000000000e+02,1.004117272946491557e+00
1.045199999999999960e+02,1.004114702682663118e+00
1.050399999999999920e+02,1.004117022686735305e+00
1.055599999999999881e+02,1.004118580255966897e+00
1.060800000000000125e+02,1.004115686542198516e+00
1.065999999999999943e+02,1.004112813918500713e+00
1.071200000000000045e+02,1.004109942009071776e+00
1.076399999999999864e+02,1.004107072571693626e+00
1.081600000000000108e+02,1.004104237462164706e+00
1.086800000000000068e+02,1.004101388763966041e+00
1.092000000000000028e+02,1.004098556236597162e+00
1.097199999999999989e+02,1.004095727432458229e+00
1.102399999999999949e+02,1.004092915644339445e+00
1.107600000000000051e+02,1.004092881932290515e+00
1.112800000000000011e+02,1.004095324687331647e+00
1.117999999999999972e+02,1.004094606014532376e+00
1.123199999999999932e+02,1.004091834136943584e+00
1.128400000000000034e+02,1.004089091462994077e+00
1.133599999999999994e+02,1.004086337805584650e+00
1.138799999999999955e+02,1.004083597704845454e+00
1.143999999999999915e+02,1.004080884422355879e+00
1.149200000000000159e+02,1.004078166560866459e+00
1.154399999999999977e+02,1.004075455813466355e+00
1.159600000000000080e+02,1.004072777809226880e+00
1.164799999999999898e+02,1.004070085300197368e+00
1.170000000000000000e+02,1.004072605492047243e+00
1.175200000000000102e+02,1.004074804759867323e+00
1.180400000000000063e+02,1.004072150500017413e+00
1.185600000000000023e+02,1.004069497439017633e+00
1.190799999999999983e+02,1.004066881988997517e+00
1.196000000000000085e+02,1.004064249194387415e+00
1.201200000000000045e+02,1.004061635883616965e+00
1.206400000000000006e+02,1.004059022237936638e+00
1.211599999999999966e+02,1.004056427203486423e+00
1.216799999999999926e+02,1.004053836698105773e+00
1.222000000000000028e+02,1.004051279330675284e+00
1.227199999999999989e+02,1.004048709600214861e+00
1.232399999999999949e+02,1.004046153948174203e+00
1.237599999999999909e+02,1.004043625017963182e+00
1.242800000000000011e+02,1.004041088498732526e+00
1.248000000000000114e+02,1.004041770374541676e+00
1.253199999999999932e+02,1.004044487465490798e+00
1.258400000000000034e+02,1.004043604328669570e+00
1.263599999999999852e+02,1.004041104097618931e+00
1.268800000000000097e+02,1.004038636826137587e+00
1.274000000000000057e+02,1.004036157889146352e+00
1.279200000000000017e+02,1.004033692095665620e+00
1.284399999999999977e+02,1.004031250468853775e+00
1.289600000000000080e+02,1.004028806846202437e+00
1.294800000000000182e+02,1.004026367302951472e+00
1.300000000000000000e+02,1.004023961056619507e+00
1.305199999999999818e+02,1.004021537608058123e+00
1.310399999999999920e+02,1.004019131472956738e+00
1.315600000000000023e+02,1.004016726789385139e+00
1.320800000000000125e+02,1.004014361793283294e+00
1.325999999999999943e+02,1.004011957868361504e+00
1.331200000000000045e+02,1.004009592633339443e+00
1.336400000000000148e+02,1.004008853286417535e+00
1.341599999999999966e+02,1.004011736990395809e+00
1.346800000000000068e+02,1.004012620865553762e+00
1.351999999999999886e+02,1.004010292324021503e+00
1.357199999999999989e+02,1.004007969981339121e+00
1.362400000000000091e+02,1.004005679210637103e+00
1.367599999999999909e+02,1.004003375463694558e+00
1.372800000000000011e+02,1.004001081397332351e+00
1.377999999999999829e+02,1.003998797265880150e+00
1.383199999999999932e+02,1.003996543406587394e+00
1.388400000000000034e+02,1.003994279040125281e+00
1.393600000000000136e+02,1.003992021751662467e+00
1.398799999999999955e+02,1.003989797063549849e+00
1.403999999999999773e+02,1.003987561051406852e+00
1.409200000000000159e+02,1.003985335963194725e+00
1.414399999999999977e+02,1.003983135251301562e+00
1.419600000000000080e+02,1.003980929439408865e+00
1.424799999999999898e+02,1.003978727515265623e+00
1.430000000000000000e+02,1.003976560409392871e+00
1.435200000000000102e+02,1.003974797630559745e+00
1.440399999999999920e+02,1.003977862439826563e+00
1.445600000000000023e+02,1.003980107619923956e+00
1.450799999999999841e+02,1.003977961362600313e+00
1.455999999999999943e+02,1.003975794132946797e+00
1.461200000000000045e+02,1.003973682495203690e+00
1.466399999999999864e+02,1.003971554776880604e+00
1.471599999999999966e+02,1.003969440333547070e+00
1.476800000000000068e+02,1.003967349548283483e+00
1.481999999999999886e+02,1.003965256182949961e+00
1.487199999999999989e+02,1.003963167345286678e+00
1.492400000000000091e+02,1.003961108874362518e+00
1.497600000000000193e+02,1.003959037275419242e+00
1.502800000000000011e+02,1.003956975771165272e+00
1.508000000000000114e+02,1.003954941454381800e+00
1.513199999999999932e+02,1.003952898028127594e+00
1.518400000000000034e+02,1.003950864810193799e+00
1.523600000000000136e+02,1.003948839593589826e+00
1.528799999999999955e+02,1.003950892743725953e+00
1.534000000000000057e+02,1.003954117097951793e+00
1.539199999999999875e+02,1.003952904126087731e+00
1.544399999999999977e+02,1.003950913280563517e+00
1.549600000000000080e+02,1.003948934946019333e+00
1.554799999999999898e+02,1.003946979504484860e+00
1.560000000000000000e+02,1.003945017708940624e+00
1.565199999999999818e+02,1.003943058612246420e+00
1.570400000000000205e+02,1.003941136315271709e+00
1.575600000000000023e+02,1.003939195796577311e+00
1.580799999999999841e+02,1.003937270938602744e+00
1.585999999999999943e+02,1.003935347686298218e+00
1.591200000000000045e+02,1.003933460609083950e+00
1.596400000000000148e+02,1.003931556988958862e+00
1.601599999999999682e+02,1.003929644408884325e+00
1.606800000000000068e+02,1.003929820260919481e+00
1.612000000000000171e+02,1.003933179233934769e+00
1.617199999999999989e+02,1.003934098058199664e+00
1.622400000000000091e+02,1.003932239385224578e+00
1.627599999999999909e+02,1.003930387593330309e+00
1.632800000000000011e+02,1.003928566588424776e+00
1.637999999999999829e+02,1.003926732033850078e+00
1.643199999999999932e+02,1.003924905205264562e+00
1.648400000000000318e+02,1.003923088254849993e+00
1.653600000000000136e+02,1.003921298499124370e+00
1.658799999999999955e+02,1.003919499248538960e+00
1.664000000000000057e+02,1.003917706659203768e+00
1.669200000000000159e+02,1.003915943557618595e+00
1.674399999999999977e+02,1.003914166546282960e+00
1.679599999999999795e+02,1.003912402034947915e+00
1.684799999999999898e+02,1.003910717055441992e+00
1.690000000000000000e+02,1.003914202681426504e+00
1.695200000000000102e+02,1.003917231956411138e+00
1.700400000000000205e+02,1.003915501249065256e+00
1.705600000000000023e+02,1.003913772092119627e+00
1.710800000000000125e+02,1.003912058055954404e+00
1.715999999999999943e+02,1.003910364763998198e+00
1.721200000000000045e+02,1.003908666882322276e+00
1.726399999999999864e+02,1.003906971425206685e+00
1.731599999999999966e+02,1.003905308304430477e+00
1.736799999999999784e+02,1.003903630057494833e+00
1.742000000000000171e+02,1.003901963375718909e+00
1.747200000000000273e+02,1.003900320427102866e+00
1.752400000000000091e+02,1.003898667050716620e+00
1.757599999999999909e+02,1.003899883074610422e+00
1.762800000000000011e+02,1.003903481608154680e+00
1.768000000000000114e+02,1.003903801537788354e+00
1.773199999999999932e+02,1.003902179832231845e+00
1.778399999999999750e+02,1.003900586200865419e+00
1.783599999999999852e+02,1.003898980044239275e+00
1.788800000000000239e+02,1.003897383172092761e+00
1.794000000000000057e+02,1.003895809183886545e+00
1.799200000000000159e+02,1.003894227832649921e+00
1.804399999999999977e+02,1.003892650876273551e+00
1.809600000000000080e+02,1.003891105721127053e+00
1.814799999999999898e+02,1.003889544436910253e+00
1.820000000000000000e+02,1.003887997352943318e+00
1.825199999999999818e+02,1.003886948811886892e+00
1.830399999999999920e+02,1.003890649127570311e+00
1.835600000000000023e+02,1.003893453480923847e+00
1.840800000000000125e+02,1.003891953651097069e+00
1.846000000000000227e+02,1.003890436371119854e+00
1.851200000000000045e+02,1.003888932970363079e+00
1.856399999999999864e+02,1.003887451829386324e+00
1.861599999999999966e+02,1.003885964731568992e+00
1.866800000000000068e+02,1.003884481135152384e+00
1.871999999999999886e+02,1.003883025741494794e+00
1.877199999999999704e+02,1.003881556211748016e+00
1.882400000000000091e+02,1.003880095325160760e+00
1.887600000000000193e+02,1.003878660038573623e+00
1.892800000000000011e+02,1.003877214746146551e+00
1.898000000000000114e+02,1.003879080226579568e+00
1.903199999999999932e+02,1.003882881977312236e+00
1.908400000000000034e+02,1.003882985395064598e+00
1.913599999999999852e+02,1.003881566812467208e+00
1.918799999999999955e+02,1.003880177398289941e+00
1.923999999999999773e+02,1.003878774459202372e+00
1.929200000000000159e+02,1.003877380615854964e+00
1.934399999999999977e+02,1.003875987844487394e+00
1.939600000000000080e+02,1.003874608512469901e+00
1.944800000000000182e+02,1.003873232377372249e+00
1.950000000000000000e+02,1.003871888344204599e+00
1.955199999999999818e+02,1.003870527749507247e+00
1.960399999999999920e+02,1.003869177156389458e+00
1.965600000000000023e+02,1.003868744021541692e+00
1.970799999999999841e+02,1.003872642932513770e+00
1.976000000000000227e+02,1.003875225576716268e+00
1.981200000000000045e+02,1.003873923319868355e+00
1.986400000000000148e+02,1.003872604757080511e+00
1.991599999999999966e+02,1.003871296411212199e+00
1.996800000000000068e+02,1.003870009865594382e+00
2.001999999999999886e+02,1.003868712314136546e+00
2.007199999999999989e+02,1.003867420300348368e+00
2.012399999999999807e+02,1.003866157887890687e+00
2.017599999999999909e+02,1.003864881546262300e+00
2.022800000000000296e+02,1.003863612571474162e+00
2.028000000000000114e+02,1.003862369898265827e+00
2.033199999999999932e+02,1.003861114556637624e+00
2.038400000000000034e+02,1.003863608581399225e+00
2.043600000000000136e+02,1.003867597349951346e+00
2.048799999999999955e+02,1.003867451419552692e+00
2.053999999999999773e+02,1.003866222289504506e+00
2.059199999999999875e+02,1.003865019995026087e+00
2.064399999999999977e+02,1.003863801525807675e+00
2.069600000000000080e+02,1.003862593605589160e+00
2.074800000000000182e+02,1.003861407379530668e+00
2.080000000000000000e+02,1.003860213592472128e+00
2.085200000000000102e+02,1.003859021399643670e+00
2.090399999999999920e+02,1.003857860883414999e+00
2.095600000000000023e+02,1.003856682200516381e+00
2.100799999999999841e+02,1.003855513652357700e+00
2.105999999999999943e+02,1.003855684036478957e+00
2.111199999999999761e+02,1.003859762086640073e+00
2.116400000000000148e+02,1.003862104338481442e+00
2.121600000000000250e+02,1.003860981627992865e+00
2.126800000000000068e+02,1.003859842298084004e+00
2.131999999999999886e+02,1.003858688554264855e+00
2.137199999999999989e+02,1.003857580910445968e+00
2.142400000000000091e+02,1.003856462271836891e+00
2.147599999999999909e+02,1.003855349671178177e+00
2.152799999999999727e+02,1.003854263170519179e+00
2.157999999999999829e+02,1.003853162213019790e+00
2.163200000000000216e+02,1.003852064680431200e+00
2.168400000000000034e+02,1.003850976317092192e+00
2.173600000000000136e+02,1.003849914027662660e+00
2.178799999999999955e+02,1.003848839759013734e+00
2.184000000000000057e+02,1.003847768369584337e+00
2.189199999999999875e+02,1.003851289245144995e+00
2.194399999999999977e+02,1.003855462521056063e+00
2.199599999999999795e+02,1.003854679835616714e+00
2.204799999999999898e+02,1.003853632656367179e+00
2.210000000000000000e+02,1.003852594570928014e+00
2.215200000000000102e+02,1.003851577256668515e+00
2.220400000000000205e+02,1.003850550304738798e+00
2.225600000000000023e+02,1.003849524891529565e+00
2.230799999999999841e+02,1.003848509016270540e+00
2.235999999999999943e+02,1.003847514007400799e+00
2.241200000000000045e+02,1.003846511632141114e+00
2.246399999999999864e+02,1.003845511523271394e+00
2.251599999999999682e+02,1.003844538355082028e+00
2.256800000000000068e+02,1.003843550217142555e+00
2.262000000000000171e+02,1.003842571279452311e+00
2.267199999999999989e+02,1.003841614348582878e+00
2.272400000000000091e+02,1.003840643410543354e+00
2.277599999999999909e+02,1.003839678407693503e+00
2.282800000000000011e+02,1.003838739619983711e+00
2.287999999999999829e+02,1.003841166517033701e+00
2.293199999999999932e+02,1.003845450133483697e+00
2.298400000000000318e+02,1.003845960034624119e+00
2.303600000000000136e+02,1.003845023319144047e+00
2.308799999999999955e+02,1.003844093724444164e+00
2.314000000000000057e+02,1.003843186664653997e+00
2.319200000000000159e+02,1.003842268081284184e+00
2.324399999999999977e+02,1.003841352593654257e+00
2.329599999999999795e+02,1.003840465271183868e+00
2.334799999999999898e+02,1.003839559783554325e+00
2.340000000000000000e+02,1.003838661939084220e+00
2.345200000000000102e+02,1.003837784155613644e+00
2.350400000000000205e+02,1.003836899943323813e+00
2.355600000000000023e+02,1.003836016137853671e+00
2.360800000000000125e+02,1.003835137393383148e+00
2.365999999999999943e+02,1.003834262786232889e+00
2.371200000000000045e+02,1.003833400181012525e+00
2.376399999999999864e+02,1.003832539101532584e+00
2.381599999999999966e+02,1.003831703096312200e+00
2.386799999999999784e+02,1.003830851199341678e+00
2.392000000000000171e+02,1.003830006687931320e+00
2.397200000000000273e+02,1.003829185390960665e+00
2.402400000000000091e+02,1.003828351495570148e+00
2.407599999999999909e+02,1.003827520627669889e+00
2.412800000000000011e+02,1.003826714030599199e+00
2.418000000000000114e+02,1.003825893862528851e+00
2.423199999999999932e+02,1.003825078137788429e+00
2.428399999999999750e+02,1.003824287975557672e+00
2.433599999999999852e+02,1.003823483356487190e+00
2.438800000000000239e+02,1.003822685292576455e+00
2.444000000000000057e+02,1.003821910349995683e+00
2.449200000000000159e+02,1.003825724982174927e+00
2.454399999999999977e+02,1.003830171906263891e+00
2.459600000000000080e+02,1.003829623149423922e+00
2.464799999999999898e+02,1.003828847295693327e+00
2.470000000000000000e+02,1.003828078470681895e+00
2.475199999999999818e+02,1.003827329755951459e+00
2.480399999999999920e+02,1.003826572074450363e+00
2.485600000000000023e+02,1.003825814760769486e+00
2.490800000000000125e+02,1.003825084718268590e+00
2.496000000000000227e+02,1.003824336603437839e+00
2.501200000000000045e+02,1.003823597431866776e+00
2.506399999999999864e+02,1.003822878956035947e+00
2.511599999999999966e+02,1.003822147947745158e+00
2.516800000000000068e+02,1.003821419504093759e+00
2.521999999999999886e+02,1.003820696033752791e+00
2.527199999999999704e+02,1.003819995701081602e+00
2.532400000000000091e+02,1.003819283334900225e+00
2.537600000000000193e+02,1.003818575525459611e+00
2.542800000000000011e+02,1.003817892325948646e+00
2.548000000000000114e+02,1.003817193093527127e+00
2.553199999999999932e+02,1.003816496266345615e+00
2.558400000000000034e+02,1.003815824739064944e+00
2.563600000000000136e+02,1.003815138733963552e+00
2.568799999999999955e+02,1.003814457577612007e+00
2.573999999999999773e+02,1.003813798078350361e+00
2.579200000000000159e+02,1.003813127990069276e+00
2.584399999999999977e+02,1.003812460033968179e+00
2.589600000000000364e+02,1.003811815667866592e+00
2.594800000000000182e+02,1.003811153222745167e+00
2.600000000000000000e+02,1.003810499927474176e+00
2.605199999999999818e+02,1.003809848010372541e+00
2.610399999999999636e+02,1.003809222816501201e+00
2.615600000000000023e+02,1.003808579032559489e+00
2.620799999999999841e+02,1.003807921380448054e+00
2.626000000000000227e+02,1.003807305264576399e+00
2.631200000000000045e+02,1.003806677112465184e+00
2.636399999999999864e+02,1.003806050500753111e+00
2.641600000000000250e+02,1.003805449015661599e+00
2.646800000000000068e+02,1.003804831903950090e+00
2.651999999999999886e+02,1.003804221829838639e+00
2.657199999999999704e+02,1.003800997188956767e+00
2.662400000000000091e+02,1.003795159244265323e+00
2.667599999999999909e+02,1.003792381036543446e+00
2.672800000000000296e+02,1.003791784123681419e+00
2.678000000000000114e+02,1.003791210954959601e+00
2.683199999999999932e+02,1.003790622053428061e+00
2.688400000000000318e+02,1.003790038245706118e+00
2.693600000000000136e+02,1.003789476209164144e+00
2.698799999999999955e+02,1.003788900874302170e+00
2.703999999999999773e+02,1.003788327776760525e+00
2.709199999999999591e+02,1.003787780241268690e+00
2.714399999999999977e+02,1.003787215143726597e+00
2.719600000000000364e+02,1.003786656546184375e+00
2.724800000000000182e+02,1.003786099544382804e+00
2.730000000000000000e+02,1.003785566546840924e+00
2.735199999999999818e+02,1.003785014621528804e+00
2.740400000000000205e+02,1.003784473329376592e+00
2.745600000000000023e+02,1.003783951398504737e+00
2.750799999999999841e+02,1.003783415540212776e+00
2.755999999999999659e+02,1.003782880248060616e+00
2.761200000000000045e+02,1.003782368489418264e+00
2.766399999999999864e+02,1.003781840272356174e+00
2.771600000000000250e+02,1.003781319980733944e+00
2.776800000000000068e+02,1.003780820431741772e+00
2.781999999999999886e+02,1.003780305234279968e+00
2.787200000000000273e+02,1.003779793651957242e+00
2.792400000000000091e+02,1.003779305565895008e+00
2.797599999999999909e+02,1.003778801983573166e+00
2.802799999999999727e+02,1.003778302929270394e+00
2.807999999999999545e+02,1.003777806990108212e+00
2.813199999999999932e+02,1.003777332076205786e+00
2.818400000000000318e+02,1.003776841759223659e+00
2.823600000000000136e+02,1.003776352743920963e+00
2.828799999999999955e+02,1.003775890461848563e+00
2.833999999999999773e+02,1.003775412590756311e+00
2.839200000000000159e+02,1.003774936812774188e+00
2.844399999999999977e+02,1.003774480569701089e+00
2.849599999999999795e+02,1.003768933295879018e+00
2.854799999999999613e+02,1.003763502491806570e+00
2.860000000000000000e+02,1.003763040386054017e+00
2.865199999999999818e+02,1.003762597210001495e+00
2.870400000000000205e+02,1.003762145631918790e+00
2.875600000000000023e+02,1.003761694065166354e+00
2.880799999999999841e+02,1.003761264059413794e+00
2.886000000000000227e+02,1.003760816548350920e+00
2.891200000000000045e+02,1.003760375530598381e+00
2.896399999999999864e+02,1.003759955063845410e+00
2.901599999999999682e+02,1.003759521695942958e+00
2.906800000000000068e+02,1.003759089762350509e+00
2.911999999999999886e+02,1.003758659423517718e+00
2.917200000000000273e+02,1.003758250638924654e+00
2.922400000000000091e+02,1.003757828271022001e+00
2.927599999999999909e+02,1.003757387009659441e+00
2.932799999999999727e+02,1.003756991280756017e+00
2.938000000000000114e+02,1.003756579585083575e+00
2.943199999999999932e+02,1.003756170361670863e+00
2.948400000000000318e+02,1.003755783276978120e+00
2.953600000000000136e+02,1.003755379214464893e+00
2.958799999999999955e+02,1.003754978518722085e+00
2.963999999999999773e+02,1.003754598934379461e+00
2.969200000000000159e+02,1.003754203910866227e+00
2.974399999999999977e+02,1.003753810491513354e+00
2.979599999999999795e+02,1.003753442568000365e+00
2.984800000000000182e+02,1.003753057044487695e+00
2.990000000000000000e+02,1.003752676164134439e+00
2.995200000000000387e+02,1.003751627640621535e+00
3.000400000000000205e+02,1.003746035488288335e+00
3.005600000000000023e+02,1.003741513946935893e+00
3.010799999999999841e+02,1.003741146594251843e+00
3.016000000000000227e+02,1.003740798852898575e+00
3.021200000000000045e+02,1.003740434529636127e+00
3.026399999999999864e+02,1.003740070886602664e+00
3.031599999999999682e+02,1.003739711612269492e+00
3.036800000000000068e+02,1.003739373625976539e+00
3.042000000000000455e+02,1.003739019323623305e+00
3.047200000000000273e+02,1.003738667276679930e+00
3.052400000000000091e+02,1.003738337734176866e+00
3.057599999999999909e+02,1.003737992659213374e+00
3.062799999999999727e+02,1.003737652110870515e+00
3.068000000000000114e+02,1.003737331608766992e+00
3.073199999999999932e+02,1.003736993600473859e+00
3.078399999999999750e+02,1.003736658667620185e+00
3.083600000000000136e+02,1.003736344826346993e+00
3.088799999999999955e+02,1.003736015950233540e+00
3.094000000000000341e+02,1.003735688453270214e+00
3.099200000000000159e+02,1.003735385716157058e+00
3.104399999999999977e+02,1.003735066379043639e+00
3.109599999999999795e+02,1.003734748514260033e+00
3.114800000000000182e+02,1.003734431716146513e+00
3.120000000000000000e+02,1.003734136177353076e+00
3.125199999999999818e+02,1.003733821879239541e+00
3.130399999999999636e+02,1.003733515648145946e+00
3.135600000000000023e+02,1.003733228648352904e+00
3.140800000000000409e+02,1.003732927483468762e+00
3.146000000000000227e+02,1.003732626696685726e+00
3.151200000000000045e+02,1.003732347235891886e+00
3.156399999999999864e+02,1.003732050259858344e+00
3.161599999999999682e+02,1.003731756604905101e+00
3.166800000000000068e+02,1.003731484212181391e+00
3.171999999999999886e+02,1.003731196283567551e+00
3.177199999999999704e+02,1.003730910196683812e+00
3.182400000000000091e+02,1.003730646802910353e+00
3.187599999999999909e+02,1.003730366453346790e+00
3.192800000000000296e+02,1.003730089120472790e+00
3.198000000000000114e+02,1.003729832237679309e+00
3.203199999999999363e+02,1.003729557416135565e+00
3.208400000000000318e+02,1.003729286094591666e+00
3.213600000000000136e+02,1.003729016772698213e+00
3.218799999999999955e+02,1.003728768051154185e+00
3.224000000000000341e+02,1.003728501371370374e+00
3.229200000000000159e+02,1.003728238682986662e+00
3.234399999999999977e+02,1.003727995961092745e+00
3.239600000000000364e+02,1.003727739321709223e+00
3.244800000000000182e+02,1.003727482690065287e+00
3.250000000000000000e+02,1.003727250611681221e+00
3.255199999999999818e+02,1.003726999594127589e+00
3.260399999999999636e+02,1.003726751454743438e+00
3.265600000000000023e+02,1.003726522537189636e+00
3.270799999999999841e+02,1.003726276425475739e+00
3.275999999999999659e+02,1.003725879148321454e+00
3.281200000000000045e+02,1.003725123034927780e+00
3.286399999999999864e+02,1.003724750290233780e+00
3.291599999999999682e+02,1.003725049744909947e+00
3.296800000000000637e+02,1.003725080238685674e+00
3.302000000000000455e+02,1.003724866993361831e+00
3.307200000000000273e+02,1.003724903481827635e+00
3.312400000000000091e+02,1.003725211475503976e+00
3.317599999999999909e+02,1.003725195730179820e+00
3.322800000000000296e+02,1.003724990022805574e+00
3.328000000000000114e+02,1.003725131116481872e+00
3.333199999999999932e+02,1.003725427653317182e+00
3.338400000000000318e+02,1.003725745145943149e+00
3.343600000000000136e+02,1.003726063282778913e+00
3.348799999999999955e+02,1.003726365837634971e+00
3.353999999999999773e+02,1.003726689502490999e+00
3.359199999999999591e+02,1.003726535535166553e+00
3.364399999999999977e+02,1.003726324560852090e+00
3.369599999999999795e+02,1.003726635625707964e+00
3.374799999999999613e+02,1.003726966895703621e+00
3.380000000000000000e+02,1.003727300599559724e+00
3.385199999999999818e+02,1.003727692197575294e+00
3.390400000000000205e+02,1.003728544723261340e+00
3.395600000000000591e+02,1.003729282642256804e+00
3.400800000000000409e+02,1.003729621967942354e+00
3.406000000000000227e+02,1.003729962334028558e+00
3.411200000000000045e+02,1.003730287581043656e+00
3.416399999999999864e+02,1.003730633049889631e+00
3.421600000000000250e+02,1.003730980386905225e+00
3.426800000000000068e+02,1.003731557584820910e+00
3.431999999999999886e+02,1.003732423264996676e+00
3.437200000000000273e+02,1.003733004501911941e+00
3.442400000000000091e+02,1.003733359982087681e+00
3.447599999999999909e+02,1.003734022119002978e+00
3.452799999999999727e+02,1.003734895431008800e+00
3.457999999999999545e+02,1.003735426868274105e+00
3.463199999999999932e+02,1.003735787509279831e+00
3.468399999999999750e+02,1.003736531650355035e+00
3.473599999999999568e+02,1.003737410398600760e+00
3.478799999999999955e+02,1.003738293277626203e+00
3.484000000000000341e+02,1.003739177251861792e+00
3.489200000000000159e+02,1.003739584170936894e+00
3.494400000000000546e+02,1.003739952445522388e+00
3.499600000000000364e+02,1.003740841364597847e+00
3.504800000000000182e+02,1.003741730905853391e+00
3.510000000000000000e+02,1.003742622824928654e+00
3.515199999999999818e+02,1.003743514837113882e+00
3.520400000000000205e+02,1.003744409850349850e+00
3.525600000000000023e+02,1.003745304930675042e+00
3.530799999999999841e+02,1.003746204982909784e+00
3.536000000000000227e+02,1.003747257967325446e+00
3.541200000000000045e+02,1.003748692818580590e+00
3.546399999999999864e+02,1.003749918609816216e+00
3.551599999999999682e+02,1.003750824294231458e+00
3.556799999999999500e+02,1.003751729478646659e+00
3.561999999999999886e+02,1.003752634692132162e+00
3.567199999999999704e+02,1.003753828915197266e+00
3.572399999999999523e+02,1.003755255338612651e+00
3.577600000000000477e+02,1.003756377191097782e+00
3.582800000000000296e+02,1.003757290518673129e+00
3.588000000000000114e+02,1.003758568169758281e+00
3.593200000000000500e+02,1.003760000320563339e+00
3.598400000000000318e+02,1.003761049782978754e+00
3.603600000000000136e+02,1.003761965706293724e+00
3.608799999999999955e+02,1.003763324823868874e+00
3.613999999999999773e+02,1.003764761919513804e+00
3.619200000000000159e+02,1.003766200581829304e+00
3.624399999999999977e+02,1.003767659342564178e+00
3.629599999999999795e+02,1.003769101465879610e+00
3.634800000000000182e+02,1.003770524594684410e+00
3.640000000000000000e+02,1.003771453516949519e+00
3.645199999999999818e+02,1.003772459445754661e+00
3.650399999999999636e+02,1.003773904108069992e+00
3.655599999999999454e+02,1.003775483641034860e+00
3.660799999999999841e+02,1.003777468225529601e+00
3.665999999999999659e+02,1.003779281874264795e+00
3.671200000000000045e+02,1.003780753730740161e+00
3.676400000000000432e+02,1.003782206658394793e+00
3.681600000000000250e+02,1.003783679130359596e+00
3.686800000000000068e+02,1.003785133529994544e+00
3.692000000000000455e+02,1.003786591957649632e+00
3.697200000000000273e+02,1.003788336158964567e+00
3.702400000000000091e+02,1.003790329388019709e+00
3.707599999999999909e+02,1.003791999030814397e+00
3.712799999999999727e+02,1.003793479097468966e+00
3.718000000000000114e+02,1.003794941119284134e+00
3.723199999999999932e+02,1.003796405057919117e+00
3.728399999999999750e+02,1.003798290357803991e+00
3.733600000000000136e+02,1.003800291163459146e+00
3.738799999999999955e+02,1.003802294006253426e+00
3.743999999999999773e+02,1.003804278739398370e+00
3.749199999999999591e+02,1.003805782678283354e+00
3.754399999999999409e+02,1.003807251760078456e+00
3.759599999999999795e+02,1.003809257793123022e+00
3.764800000000000182e+02,1.003811263730607584e+00
3.770000000000000000e+02,1.003813275169492369e+00
3.775200000000000387e+02,1.003815267573467285e+00
3.780400000000000205e+02,1.003817276512351864e+00
3.785600000000000023e+02,1.003819286055326776e+00
3.790800000000000409e+02,1.003821300005191652e+00
3.796000000000000227e+02,1.003823315009165995e+00
3.801200000000000045e+02,1.003825312585370888e+00
3.806399999999999864e+02,1.003827329590925466e+00
3.811599999999999682e+02,1.003829346267130385e+00
3.816800000000000068e+02,1.003831364377125057e+00
3.821999999999999886e+02,1.003833384053329558e+00
3.827199999999999704e+02,1.003835384602044245e+00
3.832400000000000091e+02,1.003837403674088913e+00
3.837599999999999909e+02,1.003839425889293757e+00
3.842799999999999727e+02,1.003841451103098636e+00
3.847999999999999545e+02,1.003843456718302773e+00
3.853199999999999363e+02,1.003845481528197192e+00
3.858400000000000318e+02,1.003847907843401943e+00
3.863600000000000136e+02,1.003850448362766601e+00
3.868799999999999955e+02,1.003852553544641202e+00
3.874000000000000341e+02,1.003854583326865724e+00
3.879200000000000159e+02,1.003856613673900222e+00
3.884399999999999977e+02,1.003858644079354434e+00
3.889600000000000364e+02,1.003861192165389271e+00
3.894800000000000182e+02,1.003863702486263998e+00
3.900000000000000000e+02,1.003865735372648338e+00
3.905199999999999818e+02,1.003867844752842853e+00
3.910399999999999636e+02,1.003870396303137458e+00
3.915600000000000023e+02,1.003872832922331648e+00
3.920799999999999841e+02,1.003874852275385754e+00
3.925999999999999659e+02,1.003877062033750489e+00
3.931200000000000045e+02,1.003879616349035331e+00
3.936399999999999864e+02,1.003882170502089499e+00
3.941599999999999682e+02,1.003884727250353937e+00
3.946800000000000637e+02,1.003887054779898147e+00
3.952000000000000455e+02,1.003889076766112609e+00
3.957200000000000273e+02,1.003891404853377134e+00
3.962400000000000091e+02,1.003893964110591508e+00
3.967599999999999909e+02,1.003896524925875555e+00
3.972800000000000296e+02,1.003899086817300113e+00
3.978000000000000114e+02,1.003901667703514633e+00
3.983199999999999932e+02,1.003904229540128812e+00
3.988400000000000318e+02,1.003906392330502939e+00
3.993600000000000136e+02,1.003908421949947449e+00
3.998799999999999955e+02,1.003910929108391192e+00
4.003999999999999773e+02,1.003913493933605849e+00
4.009199999999999591e+02,1.003916060392050724e+00
4.014399999999999977e+02,1.003918627822474763e+00
4.019599999999999795e+02,1.003921194885079027e+00
4.024799999999999613e+02,1.003923762343523540e+00
4.030000000000000000e+02,1.003926350872897277e+00
4.035199999999999818e+02,1.003928920859011420e+00
4.040400000000000205e+02,1.003931490988635655e+00
4.045600000000000591e+02,1.003933927286080108e+00
4.050800000000000409e+02,1.003935984638684165e+00
4.056000000000000227e+02,1.003938213440288552e+00
4.061200000000000045e+02,1.003940786041892297e+00
4.066399999999999864e+02,1.003943359067006824e+00
4.071600000000000250e+02,1.003945934262770789e+00
4.076800000000000068e+02,1.003948509931395172e+00
4.081999999999999886e+02,1.003951104132998928e+00
4.087200000000000273e+02,1.003953680291273409e+00
4.092400000000000091e+02,1.003956258392877388e+00
4.097599999999999909e+02,1.003958836184731362e+00
4.102799999999999727e+02,1.003961414353005788e+00
4.107999999999999545e+02,1.003963993691929790e+00
4.113199999999999932e+02,1.003966574360553921e+00
4.118399999999999750e+02,1.003969174222988148e+00
4.123599999999999568e+02,1.003971754392662064e+00
4.128799999999999955e+02,1.003974335326276002e+00
4.134000000000000341e+02,1.003976916061039892e+00
4.139200000000000159e+02,1.003979021419564299e+00
4.144400000000000546e+02,1.003981088964328139e+00
4.149600000000000364e+02,1.003983672427012142e+00
4.154800000000000182e+02,1.003986255700776375e+00
4.160000000000000000e+02,1.003988841634390061e+00
4.165199999999999818e+02,1.003991427447224138e+00
4.170400000000000205e+02,1.003994032376678280e+00
4.175600000000000023e+02,1.003996618322672063e+00
4.180799999999999841e+02,1.003999204256286193e+00
4.186000000000000227e+02,1.004001618857970346e+00
4.191200000000000045e+02,1.004003691064963899e+00
4.196399999999999864e+02,1.004005973437578136e+00
4.201599999999999682e+02,1.004008562439261842e+00
4.206799999999999500e+02,1.004011152017435515e+00
4.211999999999999886e+02,1.004013741462029596e+00
4.217199999999999704e+02,1.004016332057873440e+00
4.222399999999999523e+02,1.004018941659557518e+00
4.227600000000000477e+02,1.004021188947661569e+00
4.232800000000000296e+02,1.004023264721325415e+00
4.238000000000000114e+02,1.004025704066169311e+00
4.243200000000000500e+02,1.004028315801013038e+00
4.248400000000000318e+02,1.004030488206856697e+00
4.253600000000000136e+02,1.004032566094960499e+00
4.258799999999999955e+02,1.004035083329804623e+00
4.263999999999999773e+02,1.004037696574648253e+00
4.269200000000000159e+02,1.004039795119491929e+00
4.274399999999999977e+02,1.004041874697495729e+00
4.279599999999999795e+02,1.004044469842339860e+00
4.284800000000000182e+02,1.004047027420343463e+00
4.290000000000000000e+02,1.004049108365187237e+00
4.295199999999999818e+02,1.004051265343191002e+00
4.300399999999999636e+02,1.004053862527034990e+00
4.305599999999999454e+02,1.004056345166038700e+00
4.310799999999999841e+02,1.004058427848202317e+00
4.315999999999999659e+02,1.004060491261116184e+00
4.321200000000000045e+02,1.004062573878119924e+00
4.326400000000000432e+02,1.004064635088303570e+00
4.331600000000000250e+02,1.004066718572147243e+00
4.336800000000000068e+02,1.004068783693310873e+00
4.342000000000000455e+02,1.004070867798984690e+00
4.347200000000000273e+02,1.004073239049218191e+00
4.352400000000000091e+02,1.004075839459402264e+00
4.357599999999999909e+02,1.004078115482245570e+00
4.362799999999999727e+02,1.004080201232479430e+00
4.368000000000000114e+02,1.004081905509332628e+00
4.373199999999999932e+02,1.004083476030496636e+00
4.378399999999999750e+02,1.004085448219730115e+00
4.383600000000000136e+02,1.004087534968913786e+00
4.388799999999999955e+02,1.004089602646817347e+00
4.393999999999999773e+02,1.004091689906981166e+00
4.399199999999999591e+02,1.004093777656164255e+00
4.404399999999999409e+02,1.004095846373068257e+00
4.409599999999999795e+02,1.004097419055411722e+00
4.414800000000000182e+02,1.004099029844645496e+00
4.420000000000000000e+02,1.004101099625658966e+00
4.425200000000000387e+02,1.004103093414892678e+00
4.430400000000000205e+02,1.004104666571146165e+00
4.435600000000000023e+02,1.004106354957299274e+00
4.440800000000000409e+02,1.004108444774553632e+00
4.446000000000000227e+02,1.004110362862636885e+00
4.451200000000000045e+02,1.004111918426960237e+00
4.456399999999999864e+02,1.004113493205043728e+00
4.461599999999999682e+02,1.004115049298437201e+00
4.466800000000000068e+02,1.004116605551610641e+00
4.471999999999999886e+02,1.004118180812023864e+00
4.477199999999999704e+02,1.004119736867927992e+00
4.482400000000000091e+02,1.004121313222501310e+00
4.487599999999999909e+02,1.004122869881514557e+00
4.492799999999999727e+02,1.004124446263758186e+00
4.497999999999999545e+02,1.004126003396151434e+00
4.503199999999999363e+02,1.004127561217395215e+00
4.508400000000000318e+02,1.004129137571968311e+00
4.513600000000000136e+02,1.004130695403211870e+00
4.518799999999999955e+02,1.004132272785455360e+00
4.524000000000000341e+02,1.004133830551008577e+00
4.529200000000000159e+02,1.004134911278092401e+00
4.534399999999999977e+02,1.004135954503495576e+00
4.539600000000000364e+02,1.004137531924738980e+00
4.544800000000000182e+02,1.004139033324152219e+00
4.550000000000000000e+02,1.004140076549555838e+00
4.555199999999999818e+02,1.004141119670798998e+00
4.560399999999999636e+02,1.004142163396202436e+00
4.565600000000000023e+02,1.004143206632935437e+00
4.570799999999999841e+02,1.004144269854178928e+00
4.575999999999999659e+02,1.004145485518582515e+00
4.581200000000000045e+02,1.004147044849825754e+00
4.586399999999999864e+02,1.004148184114229014e+00
4.591599999999999682e+02,1.004148712707702007e+00
4.596800000000000637e+02,1.004149489467945688e+00
4.602000000000000455e+02,1.004150533704678772e+00
4.607200000000000273e+02,1.004151578063242178e+00
4.612400000000000091e+02,1.004152622856715471e+00
4.617599999999999909e+02,1.004153667149138451e+00
4.622800000000000296e+02,1.004154711517702081e+00
4.628000000000000114e+02,1.004155374350175434e+00
4.633199999999999932e+02,1.004155903414578388e+00
4.638400000000000318e+02,1.004156852717981829e+00
4.643600000000000136e+02,1.004157897078475248e+00
4.648799999999999955e+02,1.004158483641198307e+00
4.653999999999999773e+02,1.004158993644601594e+00
4.659199999999999591e+02,1.004159522881234334e+00
4.664399999999999977e+02,1.004160052106817913e+00
4.669599999999999795e+02,1.004160562243451293e+00
4.674799999999999613e+02,1.004161091874524292e+00
4.680000000000000000e+02,1.004161621233337520e+00
4.685199999999999818e+02,1.004162150336740611e+00
4.690400000000000205e+02,1.004162660512373906e+00
4.695600000000000591e+02,1.004163056142117094e+00
4.700800000000000409e+02,1.004163050513590338e+00
4.706000000000000227e+02,1.004163236072403542e+00
4.711200000000000045e+02,1.004163746246636624e+00
4.716399999999999864e+02,1.004164275616429514e+00
4.721600000000000250e+02,1.004164804852012871e+00
4.726800000000000068e+02,1.004165066321805799e+00
4.731999999999999886e+02,1.004165060825459310e+00
4.737200000000000273e+02,1.004165054893852105e+00
4.742400000000000091e+02,1.004165068630665569e+00
4.747599999999999909e+02,1.004165062606298564e+00
4.752799999999999727e+02,1.004165056731781691e+00
4.757999999999999545e+02,1.004165070004684468e+00
4.763199999999999932e+02,1.004165064519317641e+00
4.768399999999999750e+02,1.004165058144800504e+00
4.773599999999999568e+02,1.004165071353593897e+00
4.778799999999999955e+02,1.004165065094567044e+00
4.784000000000000341e+02,1.004165059220049949e+00
4.789200000000000159e+02,1.004165071409772958e+00
4.794400000000000546e+02,1.004165045974255932e+00
4.799600000000000364e+02,1.004164524015228821e+00
4.804800000000000182e+02,1.004164058724022368e+00
4.810000000000000000e+02,1.004164051992665119e+00
4.815199999999999818e+02,1.004163949733638317e+00
4.820400000000000205e+02,1.004163426698121420e+00
4.825600000000000023e+02,1.004162904250074373e+00
4.830799999999999841e+02,1.004162381318717046e+00
4.836000000000000227e+02,1.004161858398690210e+00
4.841200000000000045e+02,1.004161335363173313e+00
4.846399999999999864e+02,1.004160811943146214e+00
4.851599999999999682e+02,1.004160287983768995e+00
4.856799999999999500e+02,1.004159764563742119e+00
4.861999999999999886e+02,1.004159240671385067e+00
4.867199999999999704e+02,1.004158717279028279e+00
4.872399999999999523e+02,1.004158192982230968e+00
4.877600000000000477e+02,1.004157324789873851e+00
4.882800000000000296e+02,1.004156265174006801e+00
4.888000000000000114e+02,1.004155607081649748e+00
4.893200000000000500e+02,1.004155082228292972e+00
4.898400000000000318e+02,1.004154137231495714e+00
4.903600000000000136e+02,1.004153077115278458e+00
4.908799999999999955e+02,1.004152035561921341e+00
4.913999999999999773e+02,1.004150994536054275e+00
4.919200000000000159e+02,1.004150430643947267e+00
4.924399999999999977e+02,1.004149885190589897e+00
4.929599999999999795e+02,1.004148843296553073e+00
4.934800000000000182e+02,1.004147801215526048e+00
4.940000000000000000e+02,1.004146739789558707e+00
4.945199999999999818e+02,1.004145582240361545e+00
4.950399999999999636e+02,1.004144023516074569e+00
4.955599999999999454e+02,1.004142579033367344e+00
4.960799999999999841e+02,1.004141535584169853e+00
4.965999999999999659e+02,1.004140473093043218e+00
4.971200000000000045e+02,1.004139429238005699e+00
4.976400000000000432e+02,1.004138155645898367e+00
4.981600000000000250e+02,1.004136576529861546e+00
4.986800000000000068e+02,1.004135264182064446e+00
4.992000000000000455e+02,1.004134219366026759e+00
4.997200000000000273e+02,1.004132849340059863e+00
5.002400000000000091e+02,1.004131287257882699e+00
5.007599999999999909e+02,1.004129706670915390e+00
5.012799999999999727e+02,1.004128126054878223e+00
5.018000000000000114e+02,1.004126544401770849e+00
5.023199999999999932e+02,1.004124962746733685e+00
5.028399999999999750e+02,1.004123819998766765e+00
5.033600000000000136e+02,1.004122753715959160e+00
5.038799999999999955e+02,1.004120769433781923e+00
5.043999999999999773e+02,1.004118671146814856e+00
5.049199999999999591e+02,1.004117068487867526e+00
5.054399999999999409e+02,1.004115503614990024e+00
5.059599999999999795e+02,1.004113919528022869e+00
5.064800000000000182e+02,1.004112335612235674e+00
5.070000000000000000e+02,1.004110750496198579e+00
5.075200000000000387e+02,1.004109070052390917e+00
5.080400000000000205e+02,1.004106968199284022e+00
5.085600000000000023e+02,1.004105000255476554e+00
5.090800000000000409e+02,1.004103413706459280e+00
5.096000000000000227e+02,1.004101655362651835e+00
5.101200000000000045e+02,1.004099552274534402e+00
5.106399999999999864e+02,1.004097659220726912e+00
5.111599999999999682e+02,1.004096090404940078e+00
5.116800000000000068e+02,1.004094212561132515e+00
5.122000000000000455e+02,1.004092107916275012e+00
5.127200000000000273e+02,1.004090003272467779e+00
5.132400000000000091e+02,1.004087898195680451e+00
5.137599999999999909e+02,1.004085772903403395e+00
5.142799999999999727e+02,1.004083666798596175e+00
5.147999999999999545e+02,1.004081559776968779e+00
5.153199999999999363e+02,1.004079452672161032e+00
5.158400000000000318e+02,1.004077345084043671e+00
5.163600000000000136e+02,1.004075237111416108e+00
5.168799999999999955e+02,1.004073108906609058e+00
5.173999999999999773e+02,1.004071000423981896e+00
5.179200000000000728e+02,1.004068890335864328e+00
5.184400000000000546e+02,1.004066780231056777e+00
5.189600000000000364e+02,1.004064669748429672e+00
5.194800000000000182e+02,1.004062559303472213e+00
5.200000000000000000e+02,1.004060427165684555e+00
5.205199999999999818e+02,1.004058218655037527e+00
5.210399999999999636e+02,1.004055570910079576e+00
5.215599999999999454e+02,1.004053075956522267e+00
5.220799999999999272e+02,1.004050963022894649e+00
5.226000000000000227e+02,1.004048849539917576e+00
5.231200000000000045e+02,1.004046734106289973e+00
5.236399999999999864e+02,1.004044388951332190e+00
5.241599999999999682e+02,1.004041738717705190e+00
5.246800000000000637e+02,1.004039374964147857e+00
5.252000000000000455e+02,1.004037259530170090e+00
5.257200000000000273e+02,1.004034817990702377e+00
5.262400000000000091e+02,1.004032183780585230e+00
5.267599999999999909e+02,1.004029873470187795e+00
5.272799999999999727e+02,1.004027753025229952e+00
5.277999999999999545e+02,1.004025250224762855e+00
5.283200000000000500e+02,1.004022594508805488e+00
5.288400000000000318e+02,1.004019957904247695e+00
5.293600000000000136e+02,1.004017302792450383e+00
5.298799999999999955e+02,1.004015122652982539e+00
5.303999999999999773e+02,1.004012999276095108e+00
5.309199999999999591e+02,1.004010358275627457e+00
5.314399999999999409e+02,1.004007716763830382e+00
5.319600000000000364e+02,1.004005058220102331e+00
5.324800000000000182e+02,1.004002419180635375e+00
5.330000000000000000e+02,1.003999756042747604e+00
5.335199999999999818e+02,1.003997207503279920e+00
5.340400000000000773e+02,1.003995078863712198e+00
5.345600000000000591e+02,1.003992797790914882e+00
5.350800000000000409e+02,1.003990153290446941e+00
5.356000000000000227e+02,1.003987489707719671e+00
5.361200000000000045e+02,1.003984842744921835e+00
5.366399999999999864e+02,1.003982176173524143e+00
5.371599999999999682e+02,1.003979526700726765e+00
5.376800000000000637e+02,1.003976858261159455e+00
5.382000000000000455e+02,1.003974208856781791e+00
5.387200000000000273e+02,1.003971540783984429e+00
5.392400000000000091e+02,1.003968872344416674e+00
5.397599999999999909e+02,1.003966565143949108e+00
5.402799999999999727e+02,1.003964429043381346e+00
5.407999999999999545e+02,1.003961909270583597e+00
5.413199999999999363e+02,1.003959235398035998e+00
5.418399999999999181e+02,1.003956561930797964e+00
5.423600000000000136e+02,1.003953907591160766e+00
5.428799999999999955e+02,1.003951232151593098e+00
5.434000000000000909e+02,1.003948574879045097e+00
5.439200000000000728e+02,1.003945896345248112e+00
5.444400000000000546e+02,1.003943236478009871e+00
5.449600000000000364e+02,1.003940558077442313e+00
5.454800000000000182e+02,1.003937898304894771e+00
5.460000000000000000e+02,1.003935216969416899e+00
5.465199999999999818e+02,1.003932554564689328e+00
5.470399999999999636e+02,1.003929873192141775e+00
5.475599999999999454e+02,1.003927343563904007e+00
5.480800000000000409e+02,1.003925192028426228e+00
5.486000000000000227e+02,1.003922849994878463e+00
5.491200000000000045e+02,1.003920184694310880e+00
5.496399999999999864e+02,1.003917499387902978e+00
5.501599999999999682e+02,1.003914829154355592e+00
5.506799999999999500e+02,1.003912140224717753e+00
5.511999999999999318e+02,1.003909470150490257e+00
5.517200000000000273e+02,1.003907085388922260e+00
5.522400000000000091e+02,1.003904928327354673e+00
5.527599999999999909e+02,1.003902426048966845e+00
5.532799999999999727e+02,1.003899731687398988e+00
5.538000000000000682e+02,1.003897056652171438e+00
5.543200000000000500e+02,1.003894362251603889e+00
5.548400000000000318e+02,1.003892105312216065e+00
5.553600000000000136e+02,1.003889943325738221e+00
5.558799999999999955e+02,1.003887301886350336e+00
5.563999999999999773e+02,1.003884602024782913e+00
5.569199999999999591e+02,1.003881921489554907e+00
5.574400000000000546e+02,1.003879260327987133e+00
5.579600000000000364e+02,1.003877090992759236e+00
5.584800000000000182e+02,1.003874844531191579e+00
5.590000000000000000e+02,1.003872139934963936e+00
5.595199999999999818e+02,1.003869568424646141e+00
5.600399999999999636e+02,1.003867395967237952e+00
5.605599999999999454e+02,1.003865051271010334e+00
5.610799999999999272e+02,1.003862360009442733e+00
5.615999999999999091e+02,1.003859841413214937e+00
5.621200000000000045e+02,1.003857666105657076e+00
5.626399999999999864e+02,1.003855489677249357e+00
5.631600000000000819e+02,1.003853309247861425e+00
5.636800000000000637e+02,1.003850861551633500e+00
5.642000000000000455e+02,1.003848146427385846e+00
5.647200000000000273e+02,1.003845754322908013e+00
5.652400000000000091e+02,1.003843571554349889e+00
5.657599999999999909e+02,1.003841387230102411e+00
5.662799999999999727e+02,1.003839182833874188e+00
5.667999999999999545e+02,1.003836995537646715e+00
5.673199999999999363e+02,1.003834807619238489e+00
5.678400000000000318e+02,1.003832617379750936e+00
5.683600000000000136e+02,1.003830427083523213e+00
5.688799999999999955e+02,1.003828234287295063e+00
5.693999999999999773e+02,1.003826021902047172e+00
5.699199999999999591e+02,1.003823828162559328e+00
5.704399999999999409e+02,1.003821634866331358e+00
5.709599999999999227e+02,1.003819437070103460e+00
5.714800000000000182e+02,1.003817238446105709e+00
5.720000000000000000e+02,1.003815037149527578e+00
5.725199999999999818e+02,1.003812931892299920e+00
5.730399999999999636e+02,1.003811265425141874e+00
5.735600000000000591e+02,1.003809426199743893e+00
5.740800000000000409e+02,1.003807219903516401e+00
5.746000000000000227e+02,1.003804994575358212e+00
5.751200000000000045e+02,1.003802788345800279e+00
5.756399999999999864e+02,1.003800809364712165e+00
5.761599999999999682e+02,1.003799132897554180e+00
5.766799999999999500e+02,1.003797150472156119e+00
5.772000000000000455e+02,1.003794938743998610e+00
5.777200000000000273e+02,1.003793049818600513e+00
5.782400000000000091e+02,1.003791348761372770e+00
5.787599999999999909e+02,1.003789646337374775e+00
5.792799999999999727e+02,1.003787942307816872e+00
5.797999999999999545e+02,1.003785856977978730e+00
5.803199999999999363e+02,1.003783637748420832e+00
5.808400000000000318e+02,1.003781834863422873e+00
5.813600000000000136e+02,1.003780125806194912e+00
5.818799999999999955e+02,1.003778434009867215e+00
5.823999999999999773e+02,1.003776722689959211e+00
5.829200000000000728e+02,1.003775009293631060e+00
5.834400000000000546e+02,1.003773295236403129e+00
5.839600000000000364e+02,1.003771578379075047e+00
5.844800000000000182e+02,1.003769881149237264e+00
5.850000000000000000e+02,1.003768159262839355e+00
5.855199999999999818e+02,1.003766551873681134e+00
5.860399999999999636e+02,1.003765364842443386e+00
5.865599999999999454e+02,1.003764004857444991e+00
5.870799999999999272e+02,1.003762278000117192e+00
5.876000000000000227e+02,1.003760569241209044e+00
5.881200000000000045e+02,1.003758839883881260e+00
5.886399999999999864e+02,1.003757338319662740e+00
5.891599999999999682e+02,1.003756141234665167e+00
5.896800000000000637e+02,1.003754656177336946e+00
5.902000000000000455e+02,1.003752921357429218e+00
5.907200000000000273e+02,1.003751508700100992e+00
5.912400000000000091e+02,1.003750303209263173e+00
5.917599999999999909e+02,1.003749077522865019e+00
5.922799999999999727e+02,1.003747869587717112e+00
5.927999999999999545e+02,1.003746258941718983e+00
5.933200000000000500e+02,1.003744513782710790e+00
5.938400000000000318e+02,1.003743205696312701e+00
5.943600000000000136e+02,1.003741973644474372e+00
5.948799999999999955e+02,1.003740756615166596e+00
5.953999999999999773e+02,1.003739538256158026e+00
5.959199999999999591e+02,1.003738298581090094e+00
5.964399999999999409e+02,1.003737077617922191e+00
5.969600000000000364e+02,1.003735835121774223e+00
5.974800000000000182e+02,1.003734688079936488e+00
5.980000000000000000e+02,1.003733974816767960e+00
5.985199999999999818e+02,1.003733147096760092e+00
5.990400000000000773e+02,1.003731896949712210e+00
5.995600000000000591e+02,1.003730664486544022e+00
6.000800000000000409e+02,1.003729409066535627e+00
6.006000000000000227e+02,1.003728362576227440e+00
6.011200000000000045e+02,1.003727639428549478e+00
6.016399999999999864e+02,1.003726686004381197e+00
6.021599999999999682e+02,1.003725425018233253e+00
6.026800000000000637e+02,1.003724467698224876e+00
6.032000000000000455e+02,1.003723717317317021e+00
6.037200000000000273e+02,1.003722984725328837e+00
6.042400000000000091e+02,1.003722250907000957e+00
6.047599999999999909e+02,1.003721151386992805e+00
6.052799999999999727e+02,1.003719896595004490e+00
6.057999999999999545e+02,1.003719039386326450e+00
6.063199999999999363e+02,1.003718295190178189e+00
6.068399999999999181e+02,1.003717531970170107e+00
6.073600000000000136e+02,1.003716787323021942e+00
6.078799999999999955e+02,1.003716037203013611e+00
6.084000000000000909e+02,1.003715284978845101e+00
6.089200000000000728e+02,1.003714530398187144e+00
6.094400000000000546e+02,1.003713775778178885e+00
6.099600000000000364e+02,1.003713018725191253e+00
6.104800000000000182e+02,1.003712338044182584e+00
6.110000000000000000e+02,1.003712110252194645e+00
6.115199999999999818e+02,1.003711748271186810e+00
6.120399999999999636e+02,1.003710980218198268e+00
6.125599999999999454e+02,1.003710211627259818e+00
6.130800000000000409e+02,1.003709419446601858e+00
6.136000000000000227e+02,1.003708855965593782e+00
6.141200000000000045e+02,1.003708596112605766e+00
6.146399999999999864e+02,1.003708106531597144e+00
6.151599999999999682e+02,1.003707327978609287e+00
6.156799999999999500e+02,1.003706833397600917e+00
6.161999999999999318e+02,1.003706563044612921e+00
6.167200000000000273e+02,1.003706291220694435e+00
6.172400000000000091e+02,1.003706018443846437e+00
6.177599999999999909e+02,1.003705398790858183e+00
6.182799999999999727e+02,1.003704605209849721e+00
6.188000000000000682e+02,1.003704208756861505e+00
6.193200000000000500e+02,1.003703925442873457e+00
6.198400000000000318e+02,1.003703640789255003e+00
6.203600000000000136e+02,1.003703373536267041e+00
6.208799999999999955e+02,1.003703083655258732e+00
6.213999999999999773e+02,1.003702792445430481e+00
6.219199999999999591e+02,1.003702515721512034e+00
6.224400000000000546e+02,1.003702219379503990e+00
6.229600000000000364e+02,1.003701918224835676e+00
6.234800000000000182e+02,1.003701635510847456e+00
6.240000000000000000e+02,1.003701328763068945e+00
6.245199999999999818e+02,1.003701021449080910e+00
6.250399999999999636e+02,1.003700728433412737e+00
6.255599999999999454e+02,1.003700568909144497e+00
6.260799999999999272e+02,1.003700788999316140e+00
6.265999999999999091e+02,1.003700796885327762e+00
6.271200000000000045e+02,1.003700474769659623e+00
6.276399999999999864e+02,1.003700170017721494e+00
6.281600000000000819e+02,1.003699845307893135e+00
6.286800000000000637e+02,1.003699781617134912e+00
6.292000000000000455e+02,1.003699983207306357e+00
6.297200000000000273e+02,1.003699859069458133e+00
6.302400000000000091e+02,1.003699523906369961e+00
6.307599999999999909e+02,1.003699185196541555e+00
6.312799999999999727e+02,1.003698863586713008e+00
6.317999999999999545e+02,1.003698918967934617e+00
6.323199999999999363e+02,1.003699105097106914e+00
6.328400000000000318e+02,1.003699270710508351e+00
6.333600000000000136e+02,1.003699454328349727e+00
6.338799999999999955e+02,1.003699134941751669e+00
6.343999999999999773e+02,1.003698795227763396e+00
6.349199999999999591e+02,1.003698966423075101e+00
6.354399999999999409e+02,1.003699117942316699e+00
6.359599999999999227e+02,1.003699283599158276e+00
6.364800000000000182e+02,1.003699353312559994e+00
6.370000000000000000e+02,1.003698978696891508e+00
6.375199999999999818e+02,1.003698737255132922e+00
6.380399999999999636e+02,1.003698891967134799e+00
6.385600000000000591e+02,1.003699046097356495e+00
6.390800000000000409e+02,1.003699176720687980e+00
6.396000000000000227e+02,1.003699324339929699e+00
6.401200000000000045e+02,1.003699466590931344e+00
6.406399999999998727e+02,1.003699587649173219e+00
6.411599999999999682e+02,1.003699723833504587e+00
6.416800000000000637e+02,1.003699858585906268e+00
6.422000000000000455e+02,1.003699971171817973e+00
6.427200000000000273e+02,1.003700099895149744e+00
6.432400000000000091e+02,1.003700226053391154e+00
6.437599999999999909e+02,1.003700347804392878e+00
6.442799999999999727e+02,1.003700447060953849e+00
6.448000000000000682e+02,1.003700562219196124e+00
6.453199999999999363e+02,1.003700675470197812e+00
6.458400000000000318e+02,1.003700765622599356e+00
6.463599999999999000e+02,1.003700873845930985e+00
6.468799999999999955e+02,1.003700975636002468e+00
6.473999999999999773e+02,1.003701056288404336e+00
6.479200000000000728e+02,1.003701152011735820e+00
6.484399999999999409e+02,1.003701246801807168e+00
6.489600000000000364e+02,1.003701315493209067e+00
6.494799999999999045e+02,1.003701402216540473e+00
6.500000000000000000e+02,1.003701484100772090e+00
6.505200000000000955e+02,1.003701546253173760e+00
6.510399999999999636e+02,1.003701619949015411e+00
6.515600000000000591e+02,1.003701693305576681e+00
6.520799999999999272e+02,1.003701742996978119e+00
6.526000000000000227e+02,1.003701810381210091e+00
6.531200000000000045e+02,1.003701874143541062e+00
6.536400000000001000e+02,1.003702163133613157e+00
6.541599999999999682e+02,1.003702732125014485e+00
6.546800000000000637e+02,1.003703012209246070e+00
6.551999999999999318e+02,1.003703059999597746e+00
6.557200000000000273e+02,1.003703105395159501e+00
6.562400000000000091e+02,1.003703148279390556e+00
6.567599999999999909e+02,1.003703167470792579e+00
6.572799999999999727e+02,1.003703202364953917e+00
6.577999999999999545e+02,1.003703232117355570e+00
6.583199999999999363e+02,1.003703239940586966e+00
6.588400000000000318e+02,1.003703263270008472e+00
6.593600000000001273e+02,1.003703285089080133e+00
6.598799999999999955e+02,1.003703777955571530e+00
6.604000000000000909e+02,1.003704308078803065e+00
6.609199999999999591e+02,1.003704295874364494e+00
6.614400000000000546e+02,1.003704302193436204e+00
6.619600000000000364e+02,1.003704300617017653e+00
6.624800000000000182e+02,1.003704279940249133e+00
6.630000000000000000e+02,1.003704272835810762e+00
6.635199999999999818e+02,1.003704264625812081e+00
6.640399999999999636e+02,1.003704228449043612e+00
6.645600000000000591e+02,1.003704210005784914e+00
6.650799999999999272e+02,1.003704187429016681e+00
6.656000000000000227e+02,1.003704143724578390e+00
6.661199999999998909e+02,1.003704113647809537e+00
6.666399999999999864e+02,1.003704328910391519e+00
6.671599999999999682e+02,1.003704806533622707e+00
6.676800000000000637e+02,1.003704994129184236e+00
6.681999999999999318e+02,1.003704928991415724e+00
6.687200000000000273e+02,1.003704878942667023e+00
6.692400000000000091e+02,1.003704824877228674e+00
6.697599999999999909e+02,1.003704747794619934e+00
6.702800000000000864e+02,1.003704685784871709e+00
6.707999999999999545e+02,1.003704620680432980e+00
6.713200000000000500e+02,1.003704553642664532e+00
6.718399999999999181e+02,1.003704459966245688e+00
6.723600000000000136e+02,1.003704383022637536e+00
6.728799999999999955e+02,1.003704298984869236e+00
6.734000000000000909e+02,1.003704194808450634e+00
6.739199999999999591e+02,1.003704102770681894e+00
6.744400000000000546e+02,1.003704009732913516e+00
6.749599999999999227e+02,1.003703887293815100e+00
6.754800000000000182e+02,1.003703688217046253e+00
6.760000000000000000e+02,1.003703063979277887e+00
6.765199999999999818e+02,1.003702552841859053e+00
6.770399999999999636e+02,1.003702417298250937e+00
6.775599999999999454e+02,1.003702298892661826e+00
6.780800000000000409e+02,1.003702171827223433e+00
6.786000000000000227e+02,1.003702023783614949e+00
6.791200000000001182e+02,1.003701888878026249e+00
6.796399999999999864e+02,1.003701751340257520e+00
6.801600000000000819e+02,1.003701589796998750e+00
6.806799999999999500e+02,1.003701155863390371e+00
6.812000000000000455e+02,1.003700468054691930e+00
6.817200000000000273e+02,1.003700120111433280e+00
6.822400000000000091e+02,1.003699959216824977e+00
6.827599999999999909e+02,1.003699411707076328e+00
6.832799999999999727e+02,1.003698708067627621e+00
6.837999999999999545e+02,1.003698417930208864e+00
6.843200000000000500e+02,1.003698238525600805e+00
6.848399999999999181e+02,1.003697595249082086e+00
6.853600000000000136e+02,1.003696873411313417e+00
6.858799999999998818e+02,1.003696641938884859e+00
6.863999999999999773e+02,1.003696427773445921e+00
6.869199999999999591e+02,1.003695689162017235e+00
6.874400000000000546e+02,1.003695025367408622e+00
6.879600000000000364e+02,1.003694790880889975e+00
6.884800000000000182e+02,1.003694479486281432e+00
6.890000000000000000e+02,1.003693720743022766e+00
6.895199999999999818e+02,1.003692980648414501e+00
6.900400000000000773e+02,1.003692214605055755e+00
6.905599999999999454e+02,1.003691445767287194e+00
6.910800000000000409e+02,1.003690688294858635e+00
6.915999999999999091e+02,1.003689908996090008e+00
6.921200000000000045e+02,1.003689121886061297e+00
6.926399999999999864e+02,1.003688350291452425e+00
6.931600000000000819e+02,1.003687552719024101e+00
6.936799999999999500e+02,1.003686751542435474e+00
6.942000000000000455e+02,1.003685965437896899e+00
6.947199999999999136e+02,1.003685154865468165e+00
6.952400000000000091e+02,1.003684338670859155e+00
6.957599999999999909e+02,1.003683518466600866e+00
6.962799999999999727e+02,1.003682713495222201e+00
6.968000000000000682e+02,1.003681881328633008e+00
6.973199999999999363e+02,1.003681044756204566e+00
6.978400000000000318e+02,1.003679762790665952e+00
6.983600000000000136e+02,1.003678402414077464e+00
6.988800000000001091e+02,1.003677530241648963e+00
6.993999999999999773e+02,1.003676655976110110e+00
6.999200000000000728e+02,1.003675276203681355e+00
7.004399999999999409e+02,1.003673952203232744e+00
7.009600000000000364e+02,1.003673079038044147e+00
7.014800000000000182e+02,1.003672129104615562e+00
7.020000000000000000e+02,1.003670726833236770e+00
7.025199999999999818e+02,1.003669323560808069e+00
7.030399999999999636e+02,1.003667910694219234e+00
7.035599999999999454e+02,1.003666477861840489e+00
7.040800000000000409e+02,1.003665057589411935e+00
7.045999999999999091e+02,1.003663633251893117e+00
7.051200000000000045e+02,1.003662200018464734e+00
7.056399999999998727e+02,1.003660762718015631e+00
7.061599999999999682e+02,1.003659319013656903e+00
7.066800000000000637e+02,1.003657871741228558e+00
7.072000000000000455e+02,1.003656419875689876e+00
7.077200000000000273e+02,1.003654617842260954e+00
7.082400000000000091e+02,1.003652637398902758e+00
7.087599999999999909e+02,1.003651013969633743e+00
7.092799999999999727e+02,1.003649538708185185e+00
7.098000000000000682e+02,1.003647636170666324e+00
7.103199999999999363e+02,1.003645634737237557e+00
7.108400000000000318e+02,1.003643604693878810e+00
7.113599999999999000e+02,1.003641590232430270e+00
7.118799999999999955e+02,1.003639569432231538e+00
7.123999999999999773e+02,1.003637527898803006e+00
7.129200000000000728e+02,1.003635493955444158e+00
7.134399999999999409e+02,1.003633439299835395e+00
7.139600000000000364e+02,1.003631391499636871e+00
7.144799999999999045e+02,1.003629323966207743e+00
7.150000000000000000e+02,1.003627267561849168e+00
7.155200000000000955e+02,1.003625056921250591e+00
7.160399999999999636e+02,1.003622471788871540e+00
7.165600000000000591e+02,1.003619865555442692e+00
7.170799999999999272e+02,1.003617251455243942e+00
7.176000000000000227e+02,1.003614862450885381e+00
7.181200000000000045e+02,1.003612750417456567e+00
7.186400000000001000e+02,1.003610386717258107e+00
7.191599999999999682e+02,1.003607767555809271e+00
7.196800000000000637e+02,1.003604818355610329e+00
7.201999999999999318e+02,1.003601651422181495e+00
7.207200000000000273e+02,1.003598822817822978e+00
7.212400000000000091e+02,1.003596161284294075e+00
7.217599999999999909e+02,1.003593110050865489e+00
7.222799999999999727e+02,1.003589919750667026e+00
7.227999999999999545e+02,1.003586722789217900e+00
7.233199999999999363e+02,1.003583521989019456e+00
7.238400000000000318e+02,1.003580292523660544e+00
7.243600000000001273e+02,1.003577078694391389e+00
7.248799999999999955e+02,1.003573853817702810e+00
7.254000000000000909e+02,1.003570627017503769e+00
7.259199999999999591e+02,1.003567390727235109e+00
7.264400000000000546e+02,1.003564096022876440e+00
7.269600000000000364e+02,1.003560311461677790e+00
7.274800000000000182e+02,1.003556525200228977e+00
7.280000000000000000e+02,1.003552746321860090e+00
7.285199999999999818e+02,1.003548946260661490e+00
7.290399999999999636e+02,1.003545154127232664e+00
7.295600000000000591e+02,1.003541168666033601e+00
7.300799999999999272e+02,1.003536831365834825e+00
7.306000000000000227e+02,1.003532489999075850e+00
7.311199999999998909e+02,1.003528139737877245e+00
7.316399999999999864e+02,1.003523784437678756e+00
7.321599999999999682e+02,1.003519420637409842e+00
7.326800000000000637e+02,1.003515070437211110e+00
7.331999999999999318e+02,1.003510693703682177e+00
7.337200000000000273e+02,1.003505966642483038e+00
7.342400000000000091e+02,1.003501061048054588e+00
7.347599999999999909e+02,1.003496129042015905e+00
7.352800000000000864e+02,1.003491210608486783e+00
7.357999999999999545e+02,1.003486283147287716e+00
7.363200000000000500e+02,1.003481351657019127e+00
7.368399999999999181e+02,1.003475933195820291e+00
7.373600000000000136e+02,1.003470453413291885e+00
7.378799999999999955e+02,1.003464982752092949e+00
7.384000000000000909e+02,1.003459470861823855e+00
7.389199999999999591e+02,1.003453450900625210e+00
7.394400000000000546e+02,1.003447487361256218e+00
7.399599999999999227e+02,1.003441985200057562e+00
7.404800000000000182e+02,1.003436253309788695e+00
7.410000000000000000e+02,1.003429690242749750e+00
7.415199999999999818e+02,1.003423258809220897e+00
7.420399999999999636e+02,1.003417195848022470e+00
7.425599999999999454e+02,1.003410767580983132e+00
7.430800000000000409e+02,1.003403640647454464e+00
7.436000000000000227e+02,1.003396739385205683e+00
7.441200000000001182e+02,1.003390134818166635e+00
7.446399999999999864e+02,1.003383257823637909e+00
7.451600000000000819e+02,1.003376104862439222e+00
7.456799999999999500e+02,1.003368639895399816e+00
7.462000000000000455e+02,1.003360955761871010e+00
7.467200000000000273e+02,1.003353264610602258e+00
7.472400000000000091e+02,1.003345567543563632e+00
7.477599999999999909e+02,1.003337860910034740e+00
7.482799999999999727e+02,1.003330148248835707e+00
7.487999999999999545e+02,1.003321987448816843e+00
7.493200000000000500e+02,1.003313745615287855e+00
7.498399999999999181e+02,1.003305016848249576e+00
7.503600000000000136e+02,1.003296227330209955e+00
7.508799999999998818e+02,1.003287424790841431e+00
7.513999999999999773e+02,1.003278600539572629e+00
7.519199999999999591e+02,1.003269268178373697e+00
7.524400000000000546e+02,1.003259933978005058e+00
7.529600000000000364e+02,1.003250584644825860e+00
7.534800000000000182e+02,1.003241024448617180e+00
7.540000000000000000e+02,1.003230608587418082e+00
7.545199999999999818e+02,1.003220324559379595e+00
7.550400000000000773e+02,1.003210430525850683e+00
7.555599999999999454e+02,1.003200151229991510e+00
7.560800000000000409e+02,1.003189172135462659e+00
7.565999999999999091e+02,1.003178208168423735e+00
7.571200000000000045e+02,1.003167234646225037e+00
7.576399999999999864e+02,1.003155988450015856e+00
7.581600000000000819e+02,1.003144464588817009e+00
7.586799999999999500e+02,1.003132933916468295e+00
7.592000000000000455e+02,1.003121394698428981e+00
7.597199999999999136e+02,1.003109178498060139e+00
7.602400000000000091e+02,1.003096572636861472e+00
7.607599999999999909e+02,1.003083977168672591e+00
7.612799999999999727e+02,1.003071355940633680e+00
7.618000000000000682e+02,1.003058324622594588e+00
7.623199999999999363e+02,1.003045174722225763e+00
7.628400000000000318e+02,1.003031535200026969e+00
7.633600000000000136e+02,1.003017853731837716e+00
7.638800000000001091e+02,1.003003662409639229e+00
7.643999999999999773e+02,1.002989411474429993e+00
7.649200000000000728e+02,1.002974647346391190e+00
7.654399999999999409e+02,1.002959881784041940e+00
7.659600000000000364e+02,1.002945102656003229e+00
7.664800000000000182e+02,1.002930113098794651e+00
7.670000000000000000e+02,1.002914267904615464e+00
7.675199999999999818e+02,1.002898286708406417e+00
7.680399999999999636e+02,1.002881910286207878e+00
7.685599999999999454e+02,1.002865339589998683e+00
7.690800000000000409e+02,1.002848431589979716e+00
7.695999999999999091e+02,1.002831519099610436e+00
7.701200000000000045e+02,1.002814576471571906e+00
7.706399999999998727e+02,1.002797112342382890e+00
7.711599999999999682e+02,1.002779122447573945e+00
7.716800000000000637e+02,1.002760494553045056e+00
7.722000000000000455e+02,1.002741454757186013e+00
7.727200000000000273e+02,1.002722388256817254e+00
7.732400000000000091e+02,1.002703313777778105e+00
7.737599999999999909e+02,1.002683849909588920e+00
7.742799999999999727e+02,1.002664228081550313e+00
7.748000000000000682e+02,1.002643751524341376e+00
7.753199999999999363e+02,1.002623076861992368e+00
7.758400000000000318e+02,1.002601934302023157e+00
7.763599999999999000e+02,1.002580711905814548e+00
7.768799999999999955e+02,1.002558481309955729e+00
7.773999999999999773e+02,1.002536209458586125e+00
7.779200000000000728e+02,1.002513923030547538e+00
7.784399999999999409e+02,1.002491425701358407e+00
7.789600000000000364e+02,1.002467556205149490e+00
7.794799999999999045e+02,1.002443685551020813e+00
7.800000000000000000e+02,1.002419778482831925e+00
7.805200000000000955e+02,1.002395601997952301e+00
7.810399999999999636e+02,1.002370648529763653e+00
7.815600000000000591e+02,1.002345308572554439e+00
7.820799999999999272e+02,1.002319304612585560e+00
7.826000000000000227e+02,1.002292819150236713e+00
7.831200000000000045e+02,1.002265749265357497e+00
7.836400000000001000e+02,1.002238653336168683e+00
7.841599999999999682e+02,1.002211565439959706e+00
7.846800000000000637e+02,1.002183534184150737e+00
7.851999999999999318e+02,1.002154845054961774e+00
7.857200000000000273e+02,1.002125802332763049e+00
7.862400000000000091e+02,1.002096598603573696e+00
7.867599999999999909e+02,1.002066182046364995e+00
7.872799999999999727e+02,1.002035377018575701e+00
7.877999999999999545e+02,1.002004139261366777e+00
7.883199999999999363e+02,1.001972800493178051e+00
7.888400000000000318e+02,1.001940951108298616e+00
7.893600000000001273e+02,1.001909078180159396e+00
7.898799999999999955e+02,1.001875645150970495e+00
7.904000000000000909e+02,1.001842113566091763e+00
7.909199999999999591e+02,1.001807572836902915e+00
7.914400000000000546e+02,1.001772896314603756e+00
7.919600000000000364e+02,1.001737304157744868e+00
7.924800000000000182e+02,1.001701595900535757e+00
7.930000000000000000e+02,1.001665450500416554e+00
7.935199999999999818e+02,1.001628863215537457e+00
7.940399999999999636e+02,1.001591135586348491e+00
7.945600000000000591e+02,1.001552850529139338e+00
7.950799999999999272e+02,1.001513538701350736e+00
7.956000000000000227e+02,1.001473992144141345e+00
7.961199999999998909e+02,1.001434146114952517e+00
7.966399999999999864e+02,1.001393472259143547e+00
7.971599999999999682e+02,1.001352022929954622e+00
7.976800000000000637e+02,1.001309953911745376e+00
7.981999999999999318e+02,1.001267454711626481e+00
7.987200000000000273e+02,1.001224239330907428e+00
7.992400000000000091e+02,1.001180690201717960e+00
7.997599999999999909e+02,1.001135927273579140e+00
8.002800000000000864e+02,1.001090774855720067e+00
8.007999999999999545e+02,1.001044311098511441e+00
8.013200000000000500e+02,1.000997573998392065e+00
8.018399999999999181e+02,1.000949887073363298e+00
8.023600000000000136e+02,1.000902081427484269e+00
8.028799999999999955e+02,1.000852715821525019e+00
8.034000000000000909e+02,1.000803270664315958e+00
8.039199999999999591e+02,1.000752813374127248e+00
8.044400000000000546e+02,1.000702087222477887e+00
8.049599999999999227e+02,1.000649528032288904e+00
8.054800000000000182e+02,1.000596738104150063e+00
8.060000000000000000e+02,1.000543107374961105e+00
8.065199999999999818e+02,1.000489016361261418e+00
8.070399999999999636e+02,1.000433803933122645e+00
8.075599999999999454e+02,1.000377823042933878e+00
8.080800000000000409e+02,1.000320510779884486e+00
8.086000000000000227e+02,1.000262714122925445e+00
8.091200000000001182e+02,1.000204330266066588e+00
8.096399999999999864e+02,1.000145117676927597e+00
8.101600000000000819e+02,1.000085130190898175e+00
8.106799999999999500e+02,1.000023892562759142e+00
8.112000000000000455e+02,9.999618236725702491e-01
8.117200000000000273e+02,9.998986552140312067e-01
8.122400000000000091e+02,9.998349805248919475e-01
8.127599999999999909e+02,9.997701116347030847e-01
8.132799999999999727e+02,9.997048548387440503e-01
8.137999999999999545e+02,9.996378453205346792e-01
8.143200000000000500e+02,9.995704861359056004e-01
8.148399999999999181e+02,9.995016778728568196e-01
8.153600000000000136e+02,9.994327119158972206e-01
8.158799999999998818e+02,9.993616871257083867e-01
8.163999999999999773e+02,9.992905065074993987e-01
8.169199999999999591e+02,9.992178574115405665e-01
8.174400000000000546e+02,9.991449202878412983e-01
8.179600000000000364e+02,9.990701477028621769e-01
8.184800000000000182e+02,9.989948201126731542e-01
8.190000000000000000e+02,9.989174128557141152e-01
8.195199999999999818e+02,9.988397160316649925e-01
8.200400000000000773e+02,9.987612588357054344e-01
8.205599999999999454e+02,9.986818038178465473e-01
8.210800000000000409e+02,9.986007094328676059e-01
8.215999999999999091e+02,9.985186721368383145e-01
8.221200000000000045e+02,9.984354748798792700e-01
8.226399999999999864e+02,9.983511430616703874e-01
8.231600000000000819e+02,9.982658263988709590e-01
8.236799999999999500e+02,9.981789338086820562e-01
8.242000000000000455e+02,9.980909793517230844e-01
8.247199999999999136e+02,9.980015828100035069e-01
8.252400000000000091e+02,9.979115279430444962e-01
8.257599999999999909e+02,9.978198752860857335e-01
8.262799999999999727e+02,9.977276987678764808e-01
8.268000000000000682e+02,9.976337714050772520e-01
8.273199999999999363e+02,9.975394760190482435e-01
8.278400000000000318e+02,9.974427931969291894e-01
8.283600000000000136e+02,9.973458767770398969e-01
8.288800000000001091e+02,9.972463487200807775e-01
8.293999999999999773e+02,9.971466275298920268e-01
8.299200000000000728e+02,9.970444397394224723e-01
8.304399999999999409e+02,9.969419638544435580e-01
8.309600000000000364e+02,9.968376549032545997e-01
8.314800000000000182e+02,9.967327907404552878e-01
8.320000000000000000e+02,9.966258441544265656e-01
8.325199999999999818e+02,9.965181305594471572e-01
8.330399999999999636e+02,9.964085654124177349e-01
8.335599999999999454e+02,9.962978311554586686e-01
8.340800000000000409e+02,9.961850964884997328e-01
8.345999999999999091e+02,9.960711671744504336e-01
8.351200000000000045e+02,9.959558115506511600e-01
8.356399999999998727e+02,9.958393409646221217e-01
8.361599999999999682e+02,9.957218656425029790e-01
8.366800000000000637e+02,9.956021653516839987e-01
8.372000000000000455e+02,9.954810214656547585e-01
8.377200000000000273e+02,9.953584347418557021e-01
8.382400000000000091e+02,9.952351904572261931e-01
8.387599999999999909e+02,9.951091239060375626e-01
8.392799999999999727e+02,9.949821885152181355e-01
8.398000000000000682e+02,9.948530425681888500e-01
8.403199999999999363e+02,9.947234700053900758e-01
8.408400000000000318e+02,9.945909992874308880e-01
8.413599999999999000e+02,9.944582757955615637e-01
8.418799999999999955e+02,9.943229370734426587e-01
8.423999999999999773e+02,9.941873089826230858e-01
8.429200000000000728e+02,9.940482585355940870e-01
8.434399999999999409e+02,9.939088251727951073e-01
8.439600000000000364e+02,9.937671576548354757e-01
8.444799999999999045e+02,9.936246477629668838e-01
8.450000000000000000e+02,9.934792920169874808e-01
8.455200000000000955e+02,9.933329778931884180e-01
8.460399999999999636e+02,9.931844662071589447e-01
8.465600000000000591e+02,9.930345366792003858e-01
8.470799999999999272e+02,9.928823398612408591e-01
8.476000000000000227e+02,9.927287035693714845e-01
8.481200000000000045e+02,9.925733533514125018e-01
8.486400000000001000e+02,9.924163138995932831e-01
8.491599999999999682e+02,9.922578102135641842e-01
8.496800000000000637e+02,9.920970413897650664e-01
8.501999999999999318e+02,9.919348661718059290e-01
8.507200000000000273e+02,9.917701407480066234e-01
8.512400000000000091e+02,9.916042607951373045e-01
8.517599999999999909e+02,9.914355776658482222e-01
8.522799999999999727e+02,9.912660261420489505e-01
8.527999999999999545e+02,9.910933677669999664e-01
8.533199999999999363e+02,9.909201305432007167e-01
8.538400000000000318e+02,9.907439912194014875e-01
8.543600000000001273e+02,9.905676176014427403e-01
8.548799999999999955e+02,9.903870235485734419e-01
8.554000000000000909e+02,9.902061212916142274e-01
8.559199999999999591e+02,9.900213224719748295e-01
8.564400000000000546e+02,9.898360440481752676e-01
8.569600000000000364e+02,9.896480901011464049e-01
8.574800000000000182e+02,9.894591797773469866e-01
8.580000000000000000e+02,9.892670219313680624e-01
8.585199999999999818e+02,9.890735805075686615e-01
8.590399999999999636e+02,9.888772168546998698e-01
8.595600000000000591e+02,9.886794342367407618e-01
8.600799999999999272e+02,9.884794010406114939e-01
8.606000000000000227e+02,9.882774131168123866e-01
8.611199999999998909e+02,9.880731765030128511e-01
8.616399999999999864e+02,9.878666584501435421e-01
8.621599999999999682e+02,9.876582174263445202e-01
8.626800000000000637e+02,9.874468636473853200e-01
8.631999999999999318e+02,9.872336844235858333e-01
8.637200000000000273e+02,9.870179518997866941e-01
8.642400000000000091e+02,9.868011010569176511e-01
8.647599999999999909e+02,9.865810093331185415e-01
8.652800000000000864e+02,9.863599546369892224e-01
8.657999999999999545e+02,9.861348929190298929e-01
8.663200000000000500e+02,9.859091000342307121e-01
8.668399999999999181e+02,9.856794319855214370e-01
8.673600000000000136e+02,9.854494350675626624e-01
8.678799999999999955e+02,9.852147186157431680e-01
8.684000000000000909e+02,9.849796750309440796e-01
8.689199999999999591e+02,9.847407533113046174e-01
8.694400000000000546e+02,9.845011040919453560e-01
8.699599999999999227e+02,9.842574616681462052e-01
8.704800000000000182e+02,9.840127089833473617e-01
8.710000000000000000e+02,9.837643445637075379e-01
8.715199999999999818e+02,9.835144861457485455e-01
8.720399999999999636e+02,9.832614020609493632e-01
8.725599999999999454e+02,9.830066704413100709e-01
8.730800000000000409e+02,9.827493633161108466e-01
8.736000000000000227e+02,9.824896229371515854e-01
8.741200000000001182e+02,9.822270781175124199e-01
8.746399999999999864e+02,9.819616597327133212e-01
8.751600000000000819e+02,9.816938795089142911e-01
8.756799999999999500e+02,9.814234725951144211e-01
8.762000000000000455e+02,9.811514699103156545e-01
8.767200000000000273e+02,9.808758071131365996e-01
8.772400000000000091e+02,9.805985496324972628e-01
8.777599999999999909e+02,9.803172268086977059e-01
8.782799999999999727e+02,9.800347288297385218e-01
8.787999999999999545e+02,9.797482070100993479e-01
8.793200000000000500e+02,9.794609734529703404e-01
8.798399999999999181e+02,9.791683734333308520e-01
8.803600000000000136e+02,9.788753476485316796e-01
8.808799999999998818e+02,9.785776247305723041e-01
8.813999999999999773e+02,9.782794597499331335e-01
8.819199999999999591e+02,9.779764805637339853e-01
8.824400000000000546e+02,9.776726595440945466e-01
8.829600000000000364e+02,9.773644415592954715e-01
8.834800000000000182e+02,9.770549605396560144e-01
8.840000000000000000e+02,9.767414856548570778e-01
8.845199999999999818e+02,9.764263461077274942e-01
8.850400000000000773e+02,9.761076383839281112e-01
8.855599999999999454e+02,9.757866323032888811e-01
8.860800000000000409e+02,9.754621500184897931e-01
8.865999999999999091e+02,9.751349300268702391e-01
8.871200000000000045e+02,9.748046605697412437e-01
8.876399999999999864e+02,9.744715166891019242e-01
8.881600000000000819e+02,9.741360099043029352e-01
8.886799999999999500e+02,9.737972058614333681e-01
8.892000000000000455e+02,9.734564422043042731e-01
8.897199999999999136e+02,9.731112560236649944e-01
8.902400000000000091e+02,9.727641899388658198e-01
8.907599999999999909e+02,9.724130386582261476e-01
8.912799999999999727e+02,9.720607317344270859e-01
8.918000000000000682e+02,9.717034655814579258e-01
8.923199999999999363e+02,9.713453916246788111e-01
8.928400000000000318e+02,9.709819105440393727e-01
8.933600000000000136e+02,9.706179851634000322e-01
8.938800000000001091e+02,9.702478362062709749e-01
8.943999999999999773e+02,9.698772263866314303e-01
8.949200000000000728e+02,9.695018380076723119e-01
8.954399999999999409e+02,9.691253787547031706e-01
8.959600000000000364e+02,9.687437012740632847e-01
8.964800000000000182e+02,9.683604746172843614e-01
8.970000000000000000e+02,9.679724761366449437e-01
8.975199999999999818e+02,9.675826389795157967e-01
8.980399999999999636e+02,9.671888839988765918e-01
8.985599999999999454e+02,9.667928325182372218e-01
8.990800000000000409e+02,9.663932907334383815e-01
8.995999999999999091e+02,9.659907800804685696e-01
9.001200000000000045e+02,9.655849476278491883e-01
9.006399999999998727e+02,9.651756318430503301e-01
9.011599999999999682e+02,9.647635160900809304e-01
9.016800000000000637e+02,9.643474356094414723e-01
9.022000000000000455e+02,9.639290129288021758e-01
9.027200000000000273e+02,9.635061454440030371e-01
9.032400000000000091e+02,9.630814339910335198e-01
9.037599999999999909e+02,9.626522034774143144e-01
9.042799999999999727e+02,9.622217247926151407e-01
9.048000000000000682e+02,9.617853635396457213e-01
9.053199999999999363e+02,9.613480593590063572e-01
9.058400000000000318e+02,9.609048387783671874e-01
9.063599999999999000e+02,9.604611366783279980e-01
9.068799999999999955e+02,9.600107265976883797e-01
9.073999999999999773e+02,9.595597787560493641e-01
9.079200000000000728e+02,9.591035800030800473e-01
9.084399999999999409e+02,9.586462337124408428e-01
9.089600000000000364e+02,9.581832299318011614e-01
9.094799999999999045e+02,9.577185434068520298e-01
9.100000000000000000e+02,9.572487190652129163e-01
9.105200000000000955e+02,9.567768660845733519e-01
9.110399999999999636e+02,9.563007341997741273e-01
9.115600000000000591e+02,9.558220953468049563e-01
9.120799999999999272e+02,9.553396778331855188e-01
9.126000000000000227e+02,9.548537574802159478e-01
9.131200000000000045e+02,9.543640010995766421e-01
9.136400000000001000e+02,9.538707408537777654e-01
9.141599999999999682e+02,9.533746992578980839e-01
9.146800000000000637e+02,9.528743304772586686e-01
9.151999999999999318e+02,9.523714683297792583e-01
9.157200000000000273e+02,9.518637602768101891e-01
9.162400000000000091e+02,9.513540749351708792e-01
9.167599999999999909e+02,9.508390084825510957e-01
9.172799999999999727e+02,9.503225215254224034e-01
9.177999999999999545e+02,9.498001177837832598e-01
9.183199999999999363e+02,9.492768103031438143e-01
9.188400000000000318e+02,9.487470663462641562e-01
9.193600000000001273e+02,9.482167835597851147e-01
9.198799999999999955e+02,9.476798349068158434e-01
9.204000000000000909e+02,9.471422152651767234e-01
9.209199999999999591e+02,9.465984636125571727e-01
9.214400000000000546e+02,9.460534116985874764e-01
9.219600000000000364e+02,9.455023016179484596e-01
9.224800000000000182e+02,9.449494700763094723e-01
9.230000000000000000e+02,9.443915389704298224e-01
9.235199999999999818e+02,9.438313691287905094e-01
9.240399999999999636e+02,9.432666340148211370e-01
9.245600000000000591e+02,9.426988956341819659e-01
9.250799999999999272e+02,9.421268272205625127e-01
9.256000000000000227e+02,9.415514464675932560e-01
9.261199999999998909e+02,9.409725359201139838e-01
9.266399999999999864e+02,9.403895279242344696e-01
9.271599999999999682e+02,9.398032784825951502e-01
9.276800000000000637e+02,9.392126843409559500e-01
9.281999999999999318e+02,9.386196358879865809e-01
9.287200000000000273e+02,9.380213215685273553e-01
9.292400000000000091e+02,9.374209343545578665e-01
9.297599999999999909e+02,9.368147081029885026e-01
9.302800000000000864e+02,9.362069659893690332e-01
9.307999999999999545e+02,9.355933065695598572e-01
9.313200000000000500e+02,9.349787432889208327e-01
9.318399999999999181e+02,9.343572474029706587e-01
9.323600000000000136e+02,9.337351739613315438e-01
9.328799999999999955e+02,9.331059382805920732e-01
9.334000000000000909e+02,9.324760128941128601e-01
9.339199999999999591e+02,9.318399549804932125e-01
9.344400000000000546e+02,9.312025017665238602e-01
9.349599999999999227e+02,9.305585722248844727e-01
9.354800000000000182e+02,9.299129213231651647e-01
9.360000000000000000e+02,9.292621902815261237e-01
9.365199999999999818e+02,9.286090104675566170e-01
9.370399999999999636e+02,9.279509406539371286e-01
9.375599999999999454e+02,9.272898481341280696e-01
9.380800000000000409e+02,9.266244449825588037e-01
9.386000000000000227e+02,9.259554617730991755e-01
9.391200000000001182e+02,9.252827008532898967e-01
9.396399999999999864e+02,9.246061108116504501e-01
9.401600000000000819e+02,9.239265287547712147e-01
9.406799999999999500e+02,9.232419133131321010e-01
9.412000000000000455e+02,9.225544797933223906e-01
9.417200000000000273e+02,9.218617816797032294e-01
9.422400000000000091e+02,9.211670118308938893e-01
9.427599999999999909e+02,9.204663839124844760e-01
9.432799999999999727e+02,9.197642777265350178e-01
9.437999999999999545e+02,9.190557579848959158e-01
9.443200000000000500e+02,9.183463155931059774e-01
9.448399999999999181e+02,9.176298825805370152e-01
9.453600000000000136e+02,9.169128917707275450e-01
9.458799999999998818e+02,9.161892948571080941e-01
9.463999999999999773e+02,9.154648556096288692e-01
9.469199999999999591e+02,9.147333861247294307e-01
9.474400000000000546e+02,9.140005781111102401e-01
9.479600000000000364e+02,9.132617724954606997e-01
9.484800000000000182e+02,9.125210722538215080e-01
9.490000000000000000e+02,9.117749081911020737e-01
9.495199999999999818e+02,9.110262956494625808e-01
9.500400000000000773e+02,9.102728173676729595e-01
9.505599999999999454e+02,9.095162770882637693e-01
9.510800000000000409e+02,9.087554623742942761e-01
9.515999999999999091e+02,9.079910302606751804e-01
9.521200000000000045e+02,9.072228603450254170e-01
9.526399999999999864e+02,9.064502309604759445e-01
9.531600000000000819e+02,9.056742088465067342e-01
9.536799999999999500e+02,9.048937641990276726e-01
9.542000000000000455e+02,9.041109407463078229e-01
9.547199999999999136e+02,9.033227763378286479e-01
9.552400000000000091e+02,9.025325978518791148e-01
9.557599999999999909e+02,9.017365417420696305e-01
9.562799999999999727e+02,9.009390265236603135e-01
9.568000000000000682e+02,9.001350615377112785e-01
9.573199999999999363e+02,8.993302130943917616e-01
9.578400000000000318e+02,8.985183378765121409e-01
9.583600000000000136e+02,8.977059046348730975e-01
9.588800000000001091e+02,8.968863670472434491e-01
9.593999999999999773e+02,8.960660250346742517e-01
9.599200000000000728e+02,8.952391495538649657e-01
9.604399999999999409e+02,8.944109159444051382e-01
9.609600000000000364e+02,8.935767035304357231e-01
9.614800000000000182e+02,8.927405405400464788e-01
9.620000000000000000e+02,8.918989944692370386e-01
9.625199999999999818e+02,8.910551141497777827e-01
9.630399999999999636e+02,8.902067478648783005e-01
9.635599999999999454e+02,8.893553001882286146e-01
9.640800000000000409e+02,8.884995975746096120e-01
9.645999999999999091e+02,8.876402596880301754e-01
9.651200000000000045e+02,8.867772233134108006e-01
9.656399999999998727e+02,8.859099562994413590e-01
9.661599999999999682e+02,8.850395843132117246e-01
9.666800000000000637e+02,8.841644256382423794e-01
9.672000000000000455e+02,8.832866982520132249e-01
9.677200000000000273e+02,8.824040318770439706e-01
9.682400000000000091e+02,8.815194857572343778e-01
9.687599999999999909e+02,8.806290433768448889e-01
9.692799999999999727e+02,8.797371805960355617e-01
9.698000000000000682e+02,8.788392877865760511e-01
9.703199999999999363e+02,8.779406069348366648e-01
9.708400000000000318e+02,8.770348611253769855e-01
9.713599999999999000e+02,8.761285961445677284e-01
9.718799999999999955e+02,8.752157442918482300e-01
9.723999999999999773e+02,8.743020690833687159e-01
9.729200000000000728e+02,8.733818985306494032e-01
9.734399999999999409e+02,8.724604085221698835e-01
9.739600000000000364e+02,8.715334197362206714e-01
9.744799999999999045e+02,8.706045945886409232e-01
9.750000000000000000e+02,8.696707846750220128e-01
9.755200000000000955e+02,8.687344316983720560e-01
9.760399999999999636e+02,8.677932885138228691e-01
9.765600000000000591e+02,8.668494655371734581e-01
9.770799999999999272e+02,8.659020365802938546e-01
9.776000000000000227e+02,8.649509159759746213e-01
9.781200000000000045e+02,8.639961372331850242e-01
9.786400000000001000e+02,8.630374329147760815e-01
9.791599999999999682e+02,8.620758306661460146e-01
9.796800000000000637e+02,8.611097894812466125e-01
9.801999999999999318e+02,8.601413726049474961e-01
9.807200000000000273e+02,8.591679765299781169e-01
9.812400000000000091e+02,8.581927581437487351e-01
9.817599999999999909e+02,8.572120262687794590e-01
9.822799999999999727e+02,8.562299898492198302e-01
9.827999999999999545e+02,8.552423624075802255e-01
9.833199999999999363e+02,8.542540431589508154e-01
9.838400000000000318e+02,8.532586414113713102e-01
9.843600000000001273e+02,8.522627397977523556e-01
9.848799999999999955e+02,8.512613186501727380e-01
9.854000000000000909e+02,8.502589975755531215e-01
9.859199999999999591e+02,8.492502440889735382e-01
9.864400000000000546e+02,8.482402471403444055e-01
9.869600000000000364e+02,8.472251689377049422e-01
9.874800000000000182e+02,8.462083886181454018e-01
9.880000000000000000e+02,8.451870467321961344e-01
9.885199999999999818e+02,8.441634849569465970e-01
9.890399999999999636e+02,8.431358408141570449e-01
9.895600000000000591e+02,8.421052879624175702e-01
9.900799999999999272e+02,8.410708257861180259e-01
9.906000000000000227e+02,8.400331864053784958e-01
9.911199999999998909e+02,8.389924413249196800e-01
9.916399999999999864e+02,8.379480397482699239e-01
9.921599999999999682e+02,8.369009922303903837e-01
9.926800000000000637e+02,8.358498097260710358e-01
9.931999999999999318e+02,8.347964789733514079e-01
9.937200000000000273e+02,8.337388975205620723e-01
9.942400000000000091e+02,8.326797806453123396e-01
9.947599999999999909e+02,8.316151519025232197e-01
9.952800000000000864e+02,8.305492389507836970e-01
9.957999999999999545e+02,8.294781912744841890e-01
9.963200000000000500e+02,8.284064886327446864e-01
9.968399999999999181e+02,8.273292345841151141e-01
9.973600000000000136e+02,8.262514807937259009e-01
9.978799999999999955e+02,8.251672165229165801e-01
9.984000000000000909e+02,8.240823015033567067e-01
9.989199999999999591e+02,8.229928033948774591e-01
9.994400000000000546e+02,8.219020241811580973e-01
9.999599999999999227e+02,8.208062233045084755e-01
1.000480000000000018e+03,8.197089879282091207e-01
1.001000000000000000e+03,8.186079380103296055e-01
1.001519999999999982e+03,8.175046691336801397e-01
1.002039999999999964e+03,8.163973361141205753e-01
1.002559999999999945e+03,8.152875154156412618e-01
1.003080000000000041e+03,8.141743990919216856e-01
1.003600000000000023e+03,8.130586385432921892e-01
1.004120000000000118e+03,8.119402868738827550e-01
1.004639999999999986e+03,8.108182616252532782e-01
1.005160000000000082e+03,8.096936316735139361e-01
1.005679999999999950e+03,8.085658588030543159e-01
1.006200000000000045e+03,8.074364902834949564e-01
1.006720000000000027e+03,8.063024729359155041e-01
1.007240000000000009e+03,8.051668264831259858e-01
1.007759999999999991e+03,8.040273269137165890e-01
1.008279999999999973e+03,8.028869610040872962e-01
1.008799999999999955e+03,8.017414285845275712e-01
1.009320000000000050e+03,8.005952812860481771e-01
1.009839999999999918e+03,7.994440555623287814e-01
1.010360000000000014e+03,7.982924057136990825e-01
1.010879999999999882e+03,7.971357783384496187e-01
1.011399999999999977e+03,7.959784999956601714e-01
1.011919999999999959e+03,7.948166197480805995e-01
1.012440000000000055e+03,7.936538026384512001e-01
1.012960000000000036e+03,7.924872076870618232e-01
1.013480000000000018e+03,7.913191400162521427e-01
1.014000000000000000e+03,7.901473123966927803e-01
1.014519999999999982e+03,7.889735913480632190e-01
1.015040000000000077e+03,7.877965177728137869e-01
1.015559999999999945e+03,7.866173949980942437e-01
1.016080000000000041e+03,7.854355852494648849e-01
1.016599999999999909e+03,7.842513627700555823e-01
1.017120000000000005e+03,7.830648389214257543e-01
1.017639999999999986e+03,7.818752313796865083e-01
1.018160000000000082e+03,7.806834747700569510e-01
1.018679999999999950e+03,7.794889039228274363e-01
1.019200000000000045e+03,7.782929508461779999e-01
1.019719999999999914e+03,7.770934743324583449e-01
1.020240000000000009e+03,7.758927886518988126e-01
1.020759999999999991e+03,7.746882320434196334e-01
1.021279999999999973e+03,7.734828292238601355e-01
1.021800000000000068e+03,7.722736537142305124e-01
1.022319999999999936e+03,7.710640548724910781e-01
1.022840000000000032e+03,7.698498374961914026e-01
1.023360000000000014e+03,7.686352925156320071e-01
1.023880000000000109e+03,7.674167822680526552e-01
1.024400000000000091e+03,7.661977166194230415e-01
1.024920000000000073e+03,7.649750064170335317e-01
1.025440000000000055e+03,7.637514161403839985e-01
1.025960000000000036e+03,7.625245046208243282e-01
1.026480000000000018e+03,7.612962350402650014e-01
1.027000000000000000e+03,7.600646123636155549e-01
1.027519999999999982e+03,7.588318402163859444e-01
1.028039999999999964e+03,7.575970525125965693e-01
1.028559999999999945e+03,7.563601965650170733e-01
1.029079999999999927e+03,7.551206917512276462e-01
1.029599999999999909e+03,7.538792911039979838e-01
1.030119999999999891e+03,7.526361061564187382e-01
1.030639999999999873e+03,7.513907559467890573e-01
1.031160000000000082e+03,7.501439073330696816e-01
1.031680000000000064e+03,7.488945863957702231e-01
1.032200000000000045e+03,7.476440551481905450e-01
1.032720000000000027e+03,7.463903830676310580e-01
1.033240000000000009e+03,7.451356750190016864e-01
1.033759999999999991e+03,7.438783387714220652e-01
1.034279999999999973e+03,7.426204631690325186e-01
1.034799999999999955e+03,7.413592733204029672e-01
1.035319999999999936e+03,7.400977367118234396e-01
1.035840000000000146e+03,7.388325766631939073e-01
1.036359999999999900e+03,7.375671854826345575e-01
1.036880000000000109e+03,7.362988193395649805e-01
1.037399999999999864e+03,7.350300123019154475e-01
1.037920000000000073e+03,7.337585017213559269e-01
1.038440000000000055e+03,7.324861873076363716e-01
1.038960000000000036e+03,7.312109914699869151e-01
1.039480000000000018e+03,7.299348959227572875e-01
1.040000000000000000e+03,7.286565381131279162e-01
1.040519999999999982e+03,7.273772408935682554e-01
1.041039999999999964e+03,7.260962694849888432e-01
1.041559999999999945e+03,7.248138997363594571e-01
1.042079999999999927e+03,7.235297638281297239e-01
1.042600000000000136e+03,7.222439989475701871e-01
1.043119999999999891e+03,7.209567335767608220e-01
1.043640000000000100e+03,7.196678775962012109e-01
1.044159999999999854e+03,7.183779831766416990e-01
1.044680000000000064e+03,7.170863064389924046e-01
1.045200000000000045e+03,7.157937849349226278e-01
1.045720000000000027e+03,7.144988854153629942e-01
1.046240000000000009e+03,7.132032154057336149e-01
1.046759999999999991e+03,7.119057776971542406e-01
1.047279999999999973e+03,7.106079911775946556e-01
1.047799999999999955e+03,7.093073507402949396e-01
1.048319999999999936e+03,7.080064213597355716e-01
1.048839999999999918e+03,7.067034181121559788e-01
1.049360000000000127e+03,7.054002600083665309e-01
1.049880000000000109e+03,7.040951228319669575e-01
1.050400000000000091e+03,7.027896211124072812e-01
1.050920000000000073e+03,7.014818530747577441e-01
1.051440000000000055e+03,7.001736251665283683e-01
1.051960000000000036e+03,6.988637597859689299e-01
1.052480000000000018e+03,6.975532620373392501e-01
1.053000000000000000e+03,6.962412846287597823e-01
1.053519999999999982e+03,6.949285413523602628e-01
1.054039999999999964e+03,6.936144524427306779e-01
1.054559999999999945e+03,6.922994421955012134e-01
1.055079999999999927e+03,6.909832559149418074e-01
1.055599999999999909e+03,6.896659768772921417e-01
1.056119999999999891e+03,6.883476795967327089e-01
1.056640000000000100e+03,6.870284575813330186e-01
1.057159999999999854e+03,6.857085780717037116e-01
1.057680000000000064e+03,6.843876440631238012e-01
1.058199999999999818e+03,6.830661903548944647e-01
1.058720000000000027e+03,6.817435620743349522e-01
1.059240000000000009e+03,6.804205267298650828e-01
1.059759999999999991e+03,6.790957457493057570e-01
1.060279999999999973e+03,6.777706179407263498e-01
1.060799999999999955e+03,6.764445251310965412e-01
1.061320000000000164e+03,6.751183333505371698e-01
1.061839999999999918e+03,6.737905860464675767e-01
1.062360000000000127e+03,6.724627225378879691e-01
1.062879999999999882e+03,6.711333762892585098e-01
1.063400000000000091e+03,6.698038763086990866e-01
1.063920000000000073e+03,6.684734677322994312e-01
1.064440000000000055e+03,6.671428293226698836e-01
1.064960000000000036e+03,6.658113767140904082e-01
1.065480000000000018e+03,6.644794446335309246e-01
1.066000000000000000e+03,6.631463963294610409e-01
1.066519999999999982e+03,6.618131544198315730e-01
1.067039999999999964e+03,6.604795798392723016e-01
1.067559999999999945e+03,6.591452940306927744e-01
1.068080000000000155e+03,6.578101403252231139e-01
1.068599999999999909e+03,6.564747151056635754e-01
1.069120000000000118e+03,6.551390155251040071e-01
1.069639999999999873e+03,6.538026816445443590e-01
1.070160000000000082e+03,6.524659402390747820e-01
1.070680000000000064e+03,6.511288293028254515e-01
1.071200000000000045e+03,6.497915596222657575e-01
1.071720000000000027e+03,6.484538633458661883e-01
1.072240000000000009e+03,6.471160483362368154e-01
1.072759999999999991e+03,6.457773678556771868e-01
1.073279999999999973e+03,6.444384948470976981e-01
1.073799999999999955e+03,6.430996114706979405e-01
1.074319999999999936e+03,6.417607440610684222e-01
1.074839999999999918e+03,6.404213328805089533e-01
1.075360000000000127e+03,6.390818821041092113e-01
1.075879999999999882e+03,6.377419250958797914e-01
1.076400000000000091e+03,6.364019098523903128e-01
1.076919999999999845e+03,6.350614258149904767e-01
1.077440000000000055e+03,6.337209411344310039e-01
1.077960000000000036e+03,6.323804655538716180e-01
1.078480000000000018e+03,6.310399699484019465e-01
1.079000000000000000e+03,6.296994672678424276e-01
1.079519999999999982e+03,6.283587710592628550e-01
1.080039999999999964e+03,6.270177402828630564e-01
1.080559999999999945e+03,6.256769350732335200e-01
1.081079999999999927e+03,6.243364088926740552e-01
1.081599999999999909e+03,6.229956129162745881e-01
1.082120000000000118e+03,6.216545635080449328e-01
1.082639999999999873e+03,6.203138147664855051e-01
1.083160000000000082e+03,6.189732898271558259e-01
1.083679999999999836e+03,6.176331040465964373e-01
1.084200000000000045e+03,6.162930681701964675e-01
1.084720000000000027e+03,6.149526416896371472e-01
1.085240000000000009e+03,6.136120764800077065e-01
1.085759999999999991e+03,6.122723845036078805e-01
1.086279999999999973e+03,6.109328623620484677e-01
1.086800000000000182e+03,6.095933336534690161e-01
1.087319999999999936e+03,6.082538035770694851e-01
1.087840000000000146e+03,6.069147992615997467e-01
1.088359999999999900e+03,6.055758507852000427e-01
1.088880000000000109e+03,6.042378668436405587e-01
1.089400000000000091e+03,6.028998818630810774e-01
1.089920000000000073e+03,6.015618889590114149e-01
1.090440000000000055e+03,6.002241432213619721e-01
1.090960000000000036e+03,5.988871908449622250e-01
1.091480000000000018e+03,5.975503897034026846e-01
1.092000000000000000e+03,5.962139451211629915e-01
1.092519999999999982e+03,5.948778994406035414e-01
1.093039999999999964e+03,5.935424971309739561e-01
1.093559999999999945e+03,5.922073397935744277e-01
1.094079999999999927e+03,5.908724427130148671e-01
1.094599999999999909e+03,5.895383831085951876e-01
1.095119999999999891e+03,5.882050638280356125e-01
1.095639999999999873e+03,5.868720463847958424e-01
1.096160000000000082e+03,5.855392347751666726e-01
1.096680000000000064e+03,5.842071430987669789e-01
1.097200000000000045e+03,5.828753524572073408e-01
1.097720000000000027e+03,5.815447806766477212e-01
1.098240000000000009e+03,5.802145513002482380e-01
1.098759999999999991e+03,5.788852120296185122e-01
1.099279999999999973e+03,5.775560413473789234e-01
1.099799999999999955e+03,5.762278194387995267e-01
1.100319999999999936e+03,5.748996726013998471e-01
1.100840000000000146e+03,5.735730853208402813e-01
1.101359999999999900e+03,5.722465730444405985e-01
1.101880000000000109e+03,5.709210273679712344e-01
1.102399999999999864e+03,5.695958063639015023e-01
1.102920000000000073e+03,5.682723535833418271e-01
1.103440000000000055e+03,5.669491291459421989e-01
1.103960000000000036e+03,5.656266997653828232e-01
1.104480000000000018e+03,5.643047660889830563e-01
1.105000000000000000e+03,5.629838949844935270e-01
1.105519999999999982e+03,5.616636336080939040e-01
1.106039999999999964e+03,5.603443211665345425e-01
1.106559999999999945e+03,5.590259999901346921e-01
1.107079999999999927e+03,5.577087830095751597e-01
1.107600000000000136e+03,5.563924026663356059e-01
1.108119999999999891e+03,5.550767418857761593e-01
1.108640000000000100e+03,5.537620523193064193e-01
1.109159999999999854e+03,5.524479522387468755e-01
1.109680000000000064e+03,5.511352994013472006e-01
1.110200000000000045e+03,5.498232739191074581e-01
1.110720000000000027e+03,5.485124842775479515e-01
1.111240000000000009e+03,5.472020168731285272e-01
1.111759999999999991e+03,5.458937800925689476e-01
1.112279999999999973e+03,5.445859431202592082e-01
1.112799999999999955e+03,5.432795324396996195e-01
1.113319999999999936e+03,5.419732727023001129e-01
1.113839999999999918e+03,5.406690691217405087e-01
1.114360000000000127e+03,5.393650747843408144e-01
1.114880000000000109e+03,5.380634821021011982e-01
1.115400000000000091e+03,5.367621370605416553e-01
1.115920000000000073e+03,5.354621049550720713e-01
1.116440000000000055e+03,5.341626830135125514e-01
1.116960000000000036e+03,5.328652572312728708e-01
1.117480000000000018e+03,5.315684992897133920e-01
1.118000000000000000e+03,5.302731528523135784e-01
1.118519999999999982e+03,5.289788352759138279e-01
1.119039999999999964e+03,5.276860975285144750e-01
1.119559999999999945e+03,5.263943313521147749e-01
1.120079999999999927e+03,5.251036869534652096e-01
1.120599999999999909e+03,5.238144736770654619e-01
1.121119999999999891e+03,5.225264241338258842e-01
1.121640000000000100e+03,5.212396872532664149e-01
1.122159999999999854e+03,5.199537281158667090e-01
1.122680000000000064e+03,5.186699643743071242e-01
1.123199999999999818e+03,5.173871352197374485e-01
1.123720000000000027e+03,5.161059259823379541e-01
1.124240000000000009e+03,5.148251926017785030e-01
1.124759999999999991e+03,5.135471273643787971e-01
1.125279999999999973e+03,5.122695185920689287e-01
1.125799999999999955e+03,5.109938538115096351e-01
1.126320000000000164e+03,5.097183595741097140e-01
1.126839999999999918e+03,5.084459551308700975e-01
1.127360000000000127e+03,5.071737982503107256e-01
1.127879999999999882e+03,5.059040024129112245e-01
1.128400000000000091e+03,5.046347221713515241e-01
1.128920000000000073e+03,5.033680748891117274e-01
1.129440000000000055e+03,5.021020573517122054e-01
1.129960000000000036e+03,5.008380020101527164e-01
1.130480000000000018e+03,4.995747866988431429e-01
1.131000000000000000e+03,4.983133431614433784e-01
1.131519999999999982e+03,4.970533682198838288e-01
1.132039999999999964e+03,4.957955652434841709e-01
1.132559999999999945e+03,4.945387732002445857e-01
1.133080000000000155e+03,4.932830686586851532e-01
1.133599999999999909e+03,4.920293862822853748e-01
1.134120000000000118e+03,4.907773431390456409e-01
1.134639999999999873e+03,4.895272652016458559e-01
1.135160000000000082e+03,4.882783492210863163e-01
1.135680000000000064e+03,4.870312836778467602e-01
1.136200000000000045e+03,4.857849795404471371e-01
1.136720000000000027e+03,4.845415383265575526e-01
1.137240000000000009e+03,4.832988798152479948e-01
1.137759999999999991e+03,4.820584690778483283e-01
1.138279999999999973e+03,4.808184382362886700e-01
1.138799999999999955e+03,4.795818244930489804e-01
1.139319999999999936e+03,4.783454775166492978e-01
1.139839999999999918e+03,4.771122222792498202e-01
1.140360000000000127e+03,4.758792535318503991e-01
1.140879999999999882e+03,4.746491417944506686e-01
1.141400000000000091e+03,4.734196221570509122e-01
1.141919999999999845e+03,4.721931554706514378e-01
1.142440000000000055e+03,4.709674724332517104e-01
1.142960000000000036e+03,4.697441356958519387e-01
1.143480000000000018e+03,4.685218098526122699e-01
1.144000000000000000e+03,4.673016170110529943e-01
1.144519999999999982e+03,4.660828758623232759e-01
1.145039999999999964e+03,4.648663308190835730e-01
1.145559999999999945e+03,4.636515217816838952e-01
1.146079999999999927e+03,4.624386362110543547e-01
1.146599999999999909e+03,4.612274698678146545e-01
1.147120000000000118e+03,4.600177168304150910e-01
1.147639999999999873e+03,4.588102723540153360e-01
1.148160000000000082e+03,4.576041619066160138e-01
1.148679999999999836e+03,4.564006656692163322e-01
1.149200000000000045e+03,4.551982174318165431e-01
1.149720000000000027e+03,4.539986327885767170e-01
1.150240000000000009e+03,4.527998491470172637e-01
1.150759999999999991e+03,4.516042152037776924e-01
1.151279999999999973e+03,4.504090767940479023e-01
1.151800000000000182e+03,4.492168762176482200e-01
1.152319999999999936e+03,4.480249607744085649e-01
1.152840000000000146e+03,4.468371325328491239e-01
1.153359999999999900e+03,4.456496672954494698e-01
1.153880000000000109e+03,4.444654828522097700e-01
1.154400000000000091e+03,4.432819467148101378e-01
1.154920000000000073e+03,4.421014425715704688e-01
1.155440000000000055e+03,4.409218364300108717e-01
1.155960000000000036e+03,4.397449802926112206e-01
1.156480000000000018e+03,4.385693265493716408e-01
1.157000000000000000e+03,4.373961135396420286e-01
1.157519999999999982e+03,4.362246004964023260e-01
1.158039999999999964e+03,4.350555893548427866e-01
1.158559999999999945e+03,4.338883335174430478e-01
1.159079999999999927e+03,4.327229651742034444e-01
1.159599999999999909e+03,4.315596393978038403e-01
1.160119999999999891e+03,4.303979362545642395e-01
1.160639999999999873e+03,4.292388859171644144e-01
1.161160000000000082e+03,4.280813434036249143e-01
1.161680000000000064e+03,4.269264353603852147e-01
1.162200000000000045e+03,4.257725576506556364e-01
1.162720000000000027e+03,4.246219823074158795e-01
1.163240000000000009e+03,4.234722844700162803e-01
1.163759999999999991e+03,4.223257768326166284e-01
1.164279999999999973e+03,4.211797461852171409e-01
1.164799999999999955e+03,4.200376461478171897e-01
1.165319999999999936e+03,4.188958699045776668e-01
1.165840000000000146e+03,4.177576824061781102e-01
1.166359999999999900e+03,4.166198955906084134e-01
1.166880000000000109e+03,4.154858708532085942e-01
1.167399999999999864e+03,4.143525915158088324e-01
1.167920000000000073e+03,4.132227476684095513e-01
1.168440000000000055e+03,4.120938392310097842e-01
1.168960000000000036e+03,4.109676596877701593e-01
1.169480000000000018e+03,4.098430266503703678e-01
1.170000000000000000e+03,4.087215432351508637e-01
1.170519999999999982e+03,4.076015680977511657e-01
1.171039999999999964e+03,4.064837302821814324e-01
1.171559999999999945e+03,4.053679360447817737e-01
1.172079999999999927e+03,4.042543000032223222e-01
1.172600000000000136e+03,4.031430119599827000e-01
1.173119999999999891e+03,4.020335373225829012e-01
1.173640000000000100e+03,4.009264312183433154e-01
1.174159999999999854e+03,3.998206232809436433e-01
1.174680000000000064e+03,3.987181951653739342e-01
1.175200000000000045e+03,3.976170833279742967e-01
1.175720000000000027e+03,3.965188923847345892e-01
1.176240000000000009e+03,3.954214452473349684e-01
1.176759999999999991e+03,3.943281052040952805e-01
1.177279999999999973e+03,3.932353566947155987e-01
1.177799999999999955e+03,3.921465788921561502e-01
1.178319999999999936e+03,3.910581254765864712e-01
1.178839999999999918e+03,3.899732029391867472e-01
1.179360000000000127e+03,3.888887961959470729e-01
1.179880000000000109e+03,3.878085938585473236e-01
1.180400000000000091e+03,3.867291551153077545e-01
1.180920000000000073e+03,3.856531307169080436e-01
1.181440000000000055e+03,3.845780613736682896e-01
1.181960000000000036e+03,3.835057066639387946e-01
1.182480000000000018e+03,3.824349172206990000e-01
1.183000000000000000e+03,3.813672586113194263e-01
1.183519999999999982e+03,3.803015472680797426e-01
1.184039999999999964e+03,3.792385842696801013e-01
1.184559999999999945e+03,3.781774167264403963e-01
1.185079999999999927e+03,3.771181214181107411e-01
1.185599999999999909e+03,3.760611941025410188e-01
1.186119999999999891e+03,3.750060810609815443e-01
1.186640000000000100e+03,3.739540056567418613e-01
1.187159999999999854e+03,3.729035913193420870e-01
1.187680000000000064e+03,3.718561933761024840e-01
1.188199999999999818e+03,3.708099785667228199e-01
1.188720000000000027e+03,3.697670872901531181e-01
1.189240000000000009e+03,3.687250362527534353e-01
1.189759999999999991e+03,3.676866525095138227e-01
1.190279999999999973e+03,3.666487843721141227e-01
1.190799999999999955e+03,3.656154048678744162e-01
1.191320000000000164e+03,3.645823690304747511e-01
1.191839999999999918e+03,3.635533805149051001e-01
1.192360000000000127e+03,3.625248497775054868e-01
1.192879999999999882e+03,3.615000623012856740e-01
1.193400000000000091e+03,3.604761160638861317e-01
1.193920000000000073e+03,3.594560301206464747e-01
1.194440000000000055e+03,3.584368986513168376e-01
1.194960000000000036e+03,3.574204583357470932e-01
1.195480000000000018e+03,3.564057941983475031e-01
1.196000000000000000e+03,3.553945867551078219e-01
1.196519999999999982e+03,3.543849077567081118e-01
1.197039999999999964e+03,3.533773489414884228e-01
1.197559999999999945e+03,3.523721393982487959e-01
1.198080000000000155e+03,3.513692791275191407e-01
1.198599999999999909e+03,3.503688254842793337e-01
1.199120000000000118e+03,3.493701666468796985e-01
1.199639999999999873e+03,3.483742206426401200e-01
1.200160000000000082e+03,3.473797261052403162e-01
1.200680000000000064e+03,3.463886696896706918e-01
1.201200000000000045e+03,3.453988929192909896e-01
1.201720000000000027e+03,3.444124778051214086e-01
1.202240000000000009e+03,3.434268643067216464e-01
1.202759999999999991e+03,3.424454172676418273e-01
1.203279999999999973e+03,3.414645436244021504e-01
1.203799999999999955e+03,3.404876407536724381e-01
1.204319999999999936e+03,3.395110812104328857e-01
1.204839999999999918e+03,3.385385537010531798e-01
1.205360000000000127e+03,3.375665615968134747e-01
1.205879999999999882e+03,3.365987522594139358e-01
1.206400000000000091e+03,3.356317261828442033e-01
1.206919999999999845e+03,3.346680806454445101e-01
1.207440000000000055e+03,3.337055626312748768e-01
1.207960000000000036e+03,3.327461001270350938e-01
1.208480000000000018e+03,3.317882610176554614e-01
1.209000000000000000e+03,3.308335162410858676e-01
1.209519999999999982e+03,3.298805290036861404e-01
1.210039999999999964e+03,3.289299504604464852e-01
1.210559999999999945e+03,3.279817407620467806e-01
1.211079999999999927e+03,3.270358799188071708e-01
1.211599999999999909e+03,3.260924258463973047e-01
1.212120000000000118e+03,3.251507483370176255e-01
1.212639999999999873e+03,3.242118032618479528e-01
1.213160000000000082e+03,3.232742915244483095e-01
1.213679999999999836e+03,3.223402375202086834e-01
1.214200000000000045e+03,3.214074436046390204e-01
1.214720000000000027e+03,3.204780307672392969e-01
1.215240000000000009e+03,3.195494197910196399e-01
1.215759999999999991e+03,3.186245165536198964e-01
1.216279999999999973e+03,3.177000909493802872e-01
1.216800000000000182e+03,3.167801924396506097e-01
1.217319999999999936e+03,3.158606379686406673e-01
1.217840000000000146e+03,3.149450963254010749e-01
1.218359999999999900e+03,3.140300517270014358e-01
1.218880000000000109e+03,3.131186935394517645e-01
1.219400000000000091e+03,3.122082520410520146e-01
1.219920000000000073e+03,3.113016114978123250e-01
1.220440000000000055e+03,3.103960983935727391e-01
1.220960000000000036e+03,3.094936240561731444e-01
1.221480000000000018e+03,3.085926211076234216e-01
1.222000000000000000e+03,3.076943519034535668e-01
1.222519999999999982e+03,3.067980685992138801e-01
1.223039999999999964e+03,3.059044974559742558e-01
1.223559999999999945e+03,3.050130287852444999e-01
1.224079999999999927e+03,3.041236239810048980e-01
1.224599999999999909e+03,3.032366644657852328e-01
1.225119999999999891e+03,3.023514620673856124e-01
1.225639999999999873e+03,3.014689921283056906e-01
1.226160000000000082e+03,3.005879751866460947e-01
1.226680000000000064e+03,2.997104153434064222e-01
1.227200000000000045e+03,2.988340970391666351e-01
1.227720000000000027e+03,2.979611608297869640e-01
1.228240000000000009e+03,2.970890279532172884e-01
1.228759999999999991e+03,2.962206215489776584e-01
1.229279999999999973e+03,2.953526740157378372e-01
1.229799999999999955e+03,2.944892557405681677e-01
1.230319999999999936e+03,2.936261816588584539e-01
1.230840000000000146e+03,2.927666024546188295e-01
1.231359999999999900e+03,2.919075776503792241e-01
1.231880000000000109e+03,2.910526994129794542e-01
1.232399999999999864e+03,2.901986623405696797e-01
1.232920000000000073e+03,2.893479676253499777e-01
1.233440000000000055e+03,2.884984188560202889e-01
1.233960000000000036e+03,2.876519095517806601e-01
1.234480000000000018e+03,2.868070634085410076e-01
1.235000000000000000e+03,2.859652577419712349e-01
1.235519999999999982e+03,2.851250367987314682e-01
1.236039999999999964e+03,2.842868767225117943e-01
1.236559999999999945e+03,2.834511251241120799e-01
1.237079999999999927e+03,2.826176882376124633e-01
1.237600000000000136e+03,2.817866971333727322e-01
1.238119999999999891e+03,2.809574647391329116e-01
1.238640000000000100e+03,2.801306198239132961e-01
1.239159999999999854e+03,2.793050355473435387e-01
1.239680000000000064e+03,2.784829288489438781e-01
1.240200000000000045e+03,2.776620456347742016e-01
1.240720000000000027e+03,2.768445834627143998e-01
1.241240000000000009e+03,2.760278855919846563e-01
1.241759999999999991e+03,2.752149142487450573e-01
1.242279999999999973e+03,2.744024023445053584e-01
1.242799999999999955e+03,2.735939416502655708e-01
1.243319999999999936e+03,2.727858252917859105e-01
1.243839999999999918e+03,2.719816836875462163e-01
1.244360000000000127e+03,2.711780581891465869e-01
1.244880000000000109e+03,2.703780839125768942e-01
1.245400000000000091e+03,2.695789686734970658e-01
1.245920000000000073e+03,2.687831988031173513e-01
1.246440000000000055e+03,2.679885936279476355e-01
1.246960000000000036e+03,2.671970067123780046e-01
1.247480000000000018e+03,2.664067191181381800e-01
1.248000000000000000e+03,2.656187853419184619e-01
1.248519999999999982e+03,2.648328962376788054e-01
1.249039999999999964e+03,2.640496825279490811e-01
1.249559999999999945e+03,2.632683226527795517e-01
1.250079999999999927e+03,2.624887602526996822e-01
1.250599999999999909e+03,2.617119666823199409e-01
1.251119999999999891e+03,2.609371218667503323e-01
1.251640000000000100e+03,2.601647047625106901e-01
1.252159999999999854e+03,2.593935131915008352e-01
1.252680000000000064e+03,2.586254362487911407e-01
1.253199999999999818e+03,2.578584299055514673e-01
1.253720000000000027e+03,2.570948446054716618e-01
1.254240000000000009e+03,2.563320236070720237e-01
1.254759999999999991e+03,2.555724904305022860e-01
1.255279999999999973e+03,2.548133392443526768e-01
1.255799999999999955e+03,2.540587579501127902e-01
1.256320000000000164e+03,2.533045018458732200e-01
1.256839999999999918e+03,2.525537028693035091e-01
1.257360000000000127e+03,2.518034004930836955e-01
1.257879999999999882e+03,2.510562711889139376e-01
1.258400000000000091e+03,2.503100974123443345e-01
1.258920000000000073e+03,2.495676908081045919e-01
1.259440000000000055e+03,2.488262975418847334e-01
1.259960000000000036e+03,2.480875420376450757e-01
1.260480000000000018e+03,2.473501049511454275e-01
1.261000000000000000e+03,2.466150191469057840e-01
1.261519999999999982e+03,2.458817488806858687e-01
1.262039999999999964e+03,2.451508485041162255e-01
1.262559999999999945e+03,2.444220892998766048e-01
1.263080000000000155e+03,2.436953583288667124e-01
1.263599999999999909e+03,2.429711101194871326e-01
1.264120000000000118e+03,2.422485810429173825e-01
1.264639999999999873e+03,2.415284801386777536e-01
1.265160000000000082e+03,2.408096041444378332e-01
1.265680000000000064e+03,2.400934629969382617e-01
1.266200000000000045e+03,2.393782597207186058e-01
1.266720000000000027e+03,2.386664945206387611e-01
1.267240000000000009e+03,2.379554544109090675e-01
1.267759999999999991e+03,2.372477423346893710e-01
1.268279999999999973e+03,2.365403751636795671e-01
1.268799999999999955e+03,2.358370977594398954e-01
1.269319999999999936e+03,2.351341258887102437e-01
1.269839999999999918e+03,2.344345947166503741e-01
1.270360000000000127e+03,2.337355605124106783e-01
1.270879999999999882e+03,2.330397019649110002e-01
1.271400000000000091e+03,2.323447415316711728e-01
1.271919999999999845e+03,2.316530683554515746e-01
1.272440000000000055e+03,2.309624461788818417e-01
1.272960000000000036e+03,2.302744433078720288e-01
1.273480000000000018e+03,2.295879496094724026e-01
1.274000000000000000e+03,2.289041345332527289e-01
1.274519999999999982e+03,2.282219249608428424e-01
1.275039999999999964e+03,2.275417604566032093e-01
1.275559999999999945e+03,2.268632404872735209e-01
1.276079999999999927e+03,2.261862140428836931e-01
1.276599999999999909e+03,2.255120152386439203e-01
1.277120000000000118e+03,2.248396897344043799e-01
1.277639999999999873e+03,2.241695049579045529e-01
1.278160000000000082e+03,2.235003334816849097e-01
1.278679999999999836e+03,2.228339158774451378e-01
1.279200000000000045e+03,2.221683976050353448e-01
1.279720000000000027e+03,2.215063574288155812e-01
1.280240000000000009e+03,2.208450248594859555e-01
1.280759999999999991e+03,2.201870178594061145e-01
1.281279999999999745e+03,2.195293741828364120e-01
1.281800000000000182e+03,2.188747911107765953e-01
1.282319999999999936e+03,2.182205139414469253e-01
1.282839999999999918e+03,2.175701960648772915e-01
1.283360000000000127e+03,2.169203557647974845e-01
1.283880000000000109e+03,2.162736884885777811e-01
1.284400000000000091e+03,2.156278043410780887e-01
1.284919999999999845e+03,2.149847881468383015e-01
1.285440000000000055e+03,2.143427083706186398e-01
1.285960000000000036e+03,2.137028296982087794e-01
1.286480000000000018e+03,2.130645181230391150e-01
1.287000000000000000e+03,2.124288272187994653e-01
1.287519999999999982e+03,2.117947799802496200e-01
1.288039999999999964e+03,2.111627592760099148e-01
1.288559999999999945e+03,2.105323817008402376e-01
1.289079999999999927e+03,2.099035151564504209e-01
1.289600000000000136e+03,2.092768283522108141e-01
1.290119999999999891e+03,2.086516147579709490e-01
1.290639999999999873e+03,2.080288872104713305e-01
1.291160000000000082e+03,2.074073267342514959e-01
1.291680000000000064e+03,2.067885569341717522e-01
1.292200000000000045e+03,2.061706666576020863e-01
1.292719999999999800e+03,2.055558168204522085e-01
1.293240000000000236e+03,2.049415992162125222e-01
1.293759999999999991e+03,2.043302291438027218e-01
1.294279999999999973e+03,2.037191464675830455e-01
1.294799999999999955e+03,2.031116776924133671e-01
1.295320000000000164e+03,2.025044964648435308e-01
1.295840000000000146e+03,2.019007390606038510e-01
1.296359999999999900e+03,2.012974215885440232e-01
1.296879999999999882e+03,2.006967991410443242e-01
1.297400000000000091e+03,2.000969798368046615e-01
1.297920000000000073e+03,1.995000300705848661e-01
1.298440000000000055e+03,1.989041694940152372e-01
1.298959999999999809e+03,1.983108709230053668e-01
1.299480000000000018e+03,1.977187569467857009e-01
1.300000000000000000e+03,1.971285957743758310e-01
1.300519999999999982e+03,1.965398679701361451e-01
1.301040000000000191e+03,1.959528606008064944e-01
1.301559999999999945e+03,1.953677855564166788e-01
1.302079999999999927e+03,1.947844343911770137e-01
1.302599999999999909e+03,1.942032999201671606e-01
1.303120000000000118e+03,1.936236184716175202e-01
1.303640000000000100e+03,1.930460777715376219e-01
1.304159999999999854e+03,1.924695501731380209e-01
1.304679999999999836e+03,1.918953962578181516e-01
1.305200000000000045e+03,1.913219900535785001e-01
1.305720000000000027e+03,1.907516589770087700e-01
1.306240000000000009e+03,1.901819201439489126e-01
1.306759999999999764e+03,1.896150521687793022e-01
1.307280000000000200e+03,1.890484536022094542e-01
1.307799999999999955e+03,1.884849702979698449e-01
1.308319999999999936e+03,1.879217359549799626e-01
1.308839999999999918e+03,1.873614116784102779e-01
1.309360000000000127e+03,1.868016418783304544e-01
1.309880000000000109e+03,1.862449858411107384e-01
1.310399999999999864e+03,1.856890370977709037e-01
1.310920000000000073e+03,1.851355207993712615e-01
1.311440000000000055e+03,1.845831130273114240e-01
1.311960000000000036e+03,1.840332665507417587e-01
1.312480000000000018e+03,1.834844148797319108e-01
1.313000000000000000e+03,1.829371906311822726e-01
1.313519999999999982e+03,1.823916296701024176e-01
1.314039999999999964e+03,1.818480589007727410e-01
1.314559999999999945e+03,1.813058830522230602e-01
1.315080000000000155e+03,1.807649507521432164e-01
1.315599999999999909e+03,1.802262168769735440e-01
1.316119999999999891e+03,1.796889377715837066e-01
1.316639999999999873e+03,1.791538197673440969e-01
1.317160000000000082e+03,1.786196779672641899e-01
1.317680000000000064e+03,1.780875451477845484e-01
1.318199999999999818e+03,1.775560063535446820e-01
1.318720000000000255e+03,1.770275638159750642e-01
1.319240000000000009e+03,1.764997139729851949e-01
1.319759999999999991e+03,1.759747349687455775e-01
1.320279999999999973e+03,1.754500254963357042e-01
1.320800000000000182e+03,1.749279160201160088e-01
1.321320000000000164e+03,1.744060740881062110e-01
1.321839999999999918e+03,1.738876363115365031e-01
1.322359999999999900e+03,1.733696006453166738e-01
1.322880000000000109e+03,1.728537830978170153e-01
1.323400000000000091e+03,1.723386728367371779e-01
1.323920000000000073e+03,1.718259951605175251e-01
1.324439999999999827e+03,1.713142927171777130e-01
1.324960000000000036e+03,1.708047500170978561e-01
1.325480000000000018e+03,1.702964120798781678e-01
1.326000000000000000e+03,1.697900264074683474e-01
1.326519999999999982e+03,1.692848267381386329e-01
1.327039999999999964e+03,1.687810436937488279e-01
1.327559999999999945e+03,1.682792494285092200e-01
1.328079999999999927e+03,1.677791390574993602e-01
1.328600000000000136e+03,1.672803108089496726e-01
1.329120000000000118e+03,1.667822878088698335e-01
1.329639999999999873e+03,1.662868060727001607e-01
1.330159999999999854e+03,1.657924528283103160e-01
1.330680000000000064e+03,1.653001079240706273e-01
1.331200000000000045e+03,1.648083762865708013e-01
1.331720000000000027e+03,1.643193050493511331e-01
1.332239999999999782e+03,1.638307138492713366e-01
1.332760000000000218e+03,1.633445312017716422e-01
1.333279999999999973e+03,1.628585592687117611e-01
1.333799999999999955e+03,1.623757412963019731e-01
1.334319999999999936e+03,1.618930951200823198e-01
1.334840000000000146e+03,1.614128822880724623e-01
1.335360000000000127e+03,1.609331664115027927e-01
1.335879999999999882e+03,1.604560919394429352e-01
1.336399999999999864e+03,1.599796280919432989e-01
1.336920000000000073e+03,1.595051727367034211e-01
1.337440000000000055e+03,1.590316924604837923e-01
1.337960000000000036e+03,1.585603776171439216e-01
1.338480000000000018e+03,1.580900750560641221e-01
1.339000000000000000e+03,1.576213793075144365e-01
1.339519999999999982e+03,1.571541367365046071e-01
1.340039999999999964e+03,1.566885974712649288e-01
1.340560000000000173e+03,1.562241681268751181e-01
1.341079999999999927e+03,1.557607162517054000e-01
1.341599999999999909e+03,1.552991956463155854e-01
1.342119999999999891e+03,1.548388812462357655e-01
1.342640000000000100e+03,1.543807471710661183e-01
1.343160000000000082e+03,1.539235892715162535e-01
1.343679999999999836e+03,1.534680200672765282e-01
1.344199999999999818e+03,1.530129496629366870e-01
1.344720000000000027e+03,1.525605359867170385e-01
1.345240000000000009e+03,1.521086003866372327e-01
1.345759999999999991e+03,1.516590965822973980e-01
1.346279999999999745e+03,1.512097856060777012e-01
1.346800000000000182e+03,1.507630934336678941e-01
1.347319999999999936e+03,1.503166118255182537e-01
1.347839999999999918e+03,1.498725252254383689e-01
1.348360000000000127e+03,1.494289543530285258e-01
1.348880000000000109e+03,1.489880031448788389e-01
1.349400000000000091e+03,1.485475681724690300e-01
1.349919999999999845e+03,1.481087234072293313e-01
1.350440000000000055e+03,1.476708538642395319e-01
1.350960000000000036e+03,1.472351680976696497e-01
1.351480000000000018e+03,1.468002850604499809e-01
1.352000000000000000e+03,1.463666838171101825e-01
1.352519999999999982e+03,1.459345360518705115e-01
1.353039999999999964e+03,1.455040726798106920e-01
1.353559999999999945e+03,1.450747573364708221e-01
1.354079999999999927e+03,1.446463998712311516e-01
1.354600000000000136e+03,1.442199741268413438e-01
1.355119999999999891e+03,1.437947545906716751e-01
1.355639999999999873e+03,1.433709892462818325e-01
1.356160000000000082e+03,1.429478566852019905e-01
1.356680000000000064e+03,1.425267692100322947e-01
1.357200000000000045e+03,1.421062563656425026e-01
1.357719999999999800e+03,1.416879831294728109e-01
1.358240000000000236e+03,1.412700944850829865e-01
1.358759999999999991e+03,1.408546360240031659e-01
1.359279999999999973e+03,1.404393880488334634e-01
1.359799999999999955e+03,1.400267232434436460e-01
1.360320000000000164e+03,1.396142503433638049e-01
1.360840000000000146e+03,1.392036899348641776e-01
1.361359999999999900e+03,1.387935693628042921e-01
1.361879999999999882e+03,1.383856140903944321e-01
1.362400000000000091e+03,1.379783090880847829e-01
1.362920000000000073e+03,1.375729955880049260e-01
1.363440000000000055e+03,1.371685033504352891e-01
1.363959999999999809e+03,1.367658086074454438e-01
1.364480000000000018e+03,1.363639185740356252e-01
1.365000000000000000e+03,1.359633136268859344e-01
1.365519999999999982e+03,1.355639512934761204e-01
1.366040000000000191e+03,1.351659655933962756e-01
1.366559999999999945e+03,1.347691293852465999e-01
1.367079999999999927e+03,1.343732336128367622e-01
1.367599999999999909e+03,1.339793066797769494e-01
1.368120000000000118e+03,1.335865648322772659e-01
1.368640000000000100e+03,1.331949162711974499e-01
1.369159999999999854e+03,1.328037487268075856e-01
1.369679999999999836e+03,1.324146262906379101e-01
1.370200000000000045e+03,1.320260593185780817e-01
1.370720000000000027e+03,1.316397492142382664e-01
1.371240000000000009e+03,1.312538038099985704e-01
1.371759999999999764e+03,1.308698319046087410e-01
1.372280000000000200e+03,1.304860333335989275e-01
1.372799999999999955e+03,1.301047966240492515e-01
1.373319999999999936e+03,1.297237705239694117e-01
1.373839999999999918e+03,1.293446423919595856e-01
1.374360000000000127e+03,1.289658780434099206e-01
1.374880000000000109e+03,1.285888348114000435e-01
1.375399999999999864e+03,1.282124419670102600e-01
1.375920000000000073e+03,1.278380399017705615e-01
1.376440000000000055e+03,1.274642888584307243e-01
1.376960000000000036e+03,1.270919763253708923e-01
1.377480000000000018e+03,1.267205050488011964e-01
1.378000000000000000e+03,1.263502774448113930e-01
1.378519999999999982e+03,1.259813118837315449e-01
1.379039999999999964e+03,1.256137063362318396e-01
1.379559999999999945e+03,1.252472675031720273e-01
1.380080000000000155e+03,1.248817680307621886e-01
1.380599999999999909e+03,1.245175899226124983e-01
1.381119999999999891e+03,1.241541803502026614e-01
1.381639999999999873e+03,1.237926245171428741e-01
1.382160000000000082e+03,1.234318340696431981e-01
1.382680000000000064e+03,1.230726893085633544e-01
1.383199999999999818e+03,1.227139864045734829e-01
1.383720000000000255e+03,1.223566635280038395e-01
1.384240000000000009e+03,1.219995342949440065e-01
1.384759999999999991e+03,1.216448900516041431e-01
1.385279999999999973e+03,1.212904181905243434e-01
1.385800000000000182e+03,1.209385483710446740e-01
1.386320000000000164e+03,1.205868128099648190e-01
1.386839999999999918e+03,1.202364962045749941e-01
1.387359999999999900e+03,1.198865423294053212e-01
1.387880000000000109e+03,1.195383347240154964e-01
1.388400000000000091e+03,1.191906427239356608e-01
1.388920000000000073e+03,1.188445385919258274e-01
1.389439999999999827e+03,1.184992757823761372e-01
1.389960000000000036e+03,1.181557742113662907e-01
1.390480000000000018e+03,1.178129045059764790e-01
1.391000000000000000e+03,1.174709936017367673e-01
1.391519999999999982e+03,1.171300786254169390e-01
1.392039999999999964e+03,1.167902381643371457e-01
1.392559999999999945e+03,1.164518699209972780e-01
1.393079999999999927e+03,1.161146681837776223e-01
1.393600000000000136e+03,1.157784622503677668e-01
1.394120000000000118e+03,1.154428318073779380e-01
1.394639999999999873e+03,1.151086764421382636e-01
1.395159999999999854e+03,1.147751551209784532e-01
1.395680000000000064e+03,1.144432586598986279e-01
1.396200000000000045e+03,1.141118216264887936e-01
1.396720000000000027e+03,1.137821833793390830e-01
1.397239999999999782e+03,1.134528528459292362e-01
1.397760000000000218e+03,1.131249779419394308e-01
1.398279999999999973e+03,1.127972567695295775e-01
1.398799999999999955e+03,1.124721205323099410e-01
1.399319999999999936e+03,1.121471196279700960e-01
1.399840000000000146e+03,1.118235345278902476e-01
1.400360000000000127e+03,1.115003124515704519e-01
1.400879999999999882e+03,1.111788332473307300e-01
1.401399999999999864e+03,1.108578900710109338e-01
1.401920000000000073e+03,1.105385009099311006e-01
1.402440000000000055e+03,1.102197998378712518e-01
1.402960000000000036e+03,1.099025146293715754e-01
1.403480000000000018e+03,1.095858607963117459e-01
1.404000000000000000e+03,1.092701463919718841e-01
1.404519999999999982e+03,1.089554270918920570e-01
1.405039999999999964e+03,1.086418195823423971e-01
1.405560000000000173e+03,1.083290741503325494e-01
1.406079999999999927e+03,1.080170213059426926e-01
1.406599999999999909e+03,1.077063260739329065e-01
1.407119999999999891e+03,1.073963576585432456e-01
1.407640000000000100e+03,1.070879201584633567e-01
1.408160000000000082e+03,1.067800577821435837e-01
1.408679999999999836e+03,1.064734423210637049e-01
1.409199999999999818e+03,1.061671730735640473e-01
1.409720000000000027e+03,1.058627204405042238e-01
1.410240000000000009e+03,1.055585166361643623e-01
1.410759999999999991e+03,1.052563228031045822e-01
1.411279999999999745e+03,1.049542635265348772e-01
1.411800000000000182e+03,1.046537560225450081e-01
1.412319999999999936e+03,1.043534022891351859e-01
1.412839999999999918e+03,1.040544498461453693e-01
1.413360000000000127e+03,1.037558989850655283e-01
1.413880000000000109e+03,1.034590504474958428e-01
1.414400000000000091e+03,1.031626041435060176e-01
1.414919999999999845e+03,1.028673273710961900e-01
1.415440000000000055e+03,1.025727579612663865e-01
1.415960000000000036e+03,1.022795680236966709e-01
1.416480000000000018e+03,1.019871064807068295e-01
1.417000000000000000e+03,1.016956627472970082e-01
1.417519999999999982e+03,1.014050599142371639e-01
1.418039999999999964e+03,1.011153377098973349e-01
1.418559999999999945e+03,1.008266301336776666e-01
1.419079999999999927e+03,1.005387083293378253e-01
1.419600000000000136e+03,1.002518781682580074e-01
1.420119999999999891e+03,9.996568089193816342e-02
1.420639999999999873e+03,9.968070889185833006e-02
1.421160000000000082e+03,9.939621348230866238e-02
1.421680000000000064e+03,9.911315755029881380e-02
1.422200000000000045e+03,9.883046563906897064e-02
1.422719999999999800e+03,9.854925076805916284e-02
1.423240000000000236e+03,9.826824756266933081e-02
1.423759999999999991e+03,9.798887022649964418e-02
1.424279999999999973e+03,9.770964632110983039e-02
1.424799999999999955e+03,9.743208858909997716e-02
1.425320000000000164e+03,9.715470324471013608e-02
1.425840000000000146e+03,9.687877498363031692e-02
1.426359999999999900e+03,9.660317137513062258e-02
1.426879999999999882e+03,9.632896714207081490e-02
1.427400000000000091e+03,9.605520269873095429e-02
1.427920000000000073e+03,9.578268485983112979e-02
1.428440000000000055e+03,9.551072135549129594e-02
1.428959999999999809e+03,9.523983181827158639e-02
1.429480000000000018e+03,9.496961238486179013e-02
1.430000000000000000e+03,9.470033284187194533e-02
1.430519999999999982e+03,9.443189520846211049e-02
1.431040000000000191e+03,9.416430150447227532e-02
1.431559999999999945e+03,9.389764567106242965e-02
1.432079999999999927e+03,9.363168086291276393e-02
1.432599999999999909e+03,9.336676909050291295e-02
1.433120000000000118e+03,9.310243238651308428e-02
1.433640000000000100e+03,9.283922614726326794e-02
1.434159999999999854e+03,9.257646161420342301e-02
1.434679999999999836e+03,9.231499680570373623e-02
1.435200000000000045e+03,9.205385820562392296e-02
1.435720000000000027e+03,9.179410042930409575e-02
1.436240000000000009e+03,9.153453556822425952e-02
1.436759999999999764e+03,9.127648419190438622e-02
1.437280000000000200e+03,9.101854833082458074e-02
1.437799999999999955e+03,9.076216405034490120e-02
1.438319999999999936e+03,9.050597134442506242e-02
1.438839999999999918e+03,9.025106086810523454e-02
1.439360000000000127e+03,8.999647550702540022e-02
1.439880000000000109e+03,8.974319650163554984e-02
1.440399999999999864e+03,8.949031906962572058e-02
1.440920000000000073e+03,8.923851326423588859e-02
1.441440000000000055e+03,8.898724412806624517e-02
1.441960000000000036e+03,8.873701248367640848e-02
1.442480000000000018e+03,8.848743075166655425e-02
1.443000000000000000e+03,8.823871064043672940e-02
1.443519999999999982e+03,8.799075740842687843e-02
1.444039999999999964e+03,8.774357320303705077e-02
1.444559999999999945e+03,8.749723026686737071e-02
1.445080000000000155e+03,8.725150016147754928e-02
1.445599999999999909e+03,8.700674706139771564e-02
1.446119999999999891e+03,8.676249268507786605e-02
1.446639999999999873e+03,8.651934952399803480e-02
1.447160000000000082e+03,8.627660964183819781e-02
1.447680000000000064e+03,8.603507788075837048e-02
1.448199999999999818e+03,8.579381650027870232e-02
1.448720000000000255e+03,8.555383633919887154e-02
1.449240000000000009e+03,8.531404826287902754e-02
1.449759999999999991e+03,8.507562066279918123e-02
1.450279999999999973e+03,8.483728915845936691e-02
1.450800000000000182e+03,8.460039524722950954e-02
1.451320000000000164e+03,8.436365451521966874e-02
1.451839999999999918e+03,8.412821760982984454e-02
1.452359999999999900e+03,8.389302884459015619e-02
1.452880000000000109e+03,8.365895106827032912e-02
1.453400000000000091e+03,8.342527480719048871e-02
1.453920000000000073e+03,8.319267573087064938e-02
1.454439999999999827e+03,8.296053543079083548e-02
1.454960000000000036e+03,8.272929754863099505e-02
1.455480000000000018e+03,8.249865208755116641e-02
1.456000000000000000e+03,8.226883001123133643e-02
1.456519999999999982e+03,8.203971694599165865e-02
1.457039999999999964e+03,8.181131626967182158e-02
1.457559999999999945e+03,8.158366090859198172e-02
1.458079999999999927e+03,8.135656153227215082e-02
1.458600000000000136e+03,8.113038146535231365e-02
1.459120000000000118e+03,8.090470098903247698e-02
1.459639999999999873e+03,8.068001612795264177e-02
1.460159999999999854e+03,8.045571585163281692e-02
1.460680000000000064e+03,8.023249005155295988e-02
1.461200000000000045e+03,8.000955327107329984e-02
1.461720000000000027e+03,7.978780323766346272e-02
1.462239999999999782e+03,7.956622519876360711e-02
1.462760000000000218e+03,7.934589109442380384e-02
1.463279999999999973e+03,7.912567206136396358e-02
1.463799999999999955e+03,7.890670155702414479e-02
1.464319999999999936e+03,7.868788432396428556e-02
1.464840000000000146e+03,7.847023771962444161e-02
1.465360000000000127e+03,7.825285858072461576e-02
1.465879999999999882e+03,7.803657107638477253e-02
1.466399999999999864e+03,7.782062773916510745e-02
1.466920000000000073e+03,7.760558923482525906e-02
1.467440000000000055e+03,7.739102870176545190e-02
1.467960000000000036e+03,7.717731062544561094e-02
1.468480000000000018e+03,7.696414795852578317e-02
1.469000000000000000e+03,7.675173368220593317e-02
1.469519999999999982e+03,7.653997224879607875e-02
1.470039999999999964e+03,7.632882654480625806e-02
1.470560000000000173e+03,7.611840761139643252e-02
1.471079999999999927e+03,7.590852550740660731e-02
1.471599999999999909e+03,7.569946576815676786e-02
1.472119999999999891e+03,7.549084666000709098e-02
1.472640000000000100e+03,7.528314888759723988e-02
1.473160000000000082e+03,7.507577888360739138e-02
1.473679999999999836e+03,7.486942515019756605e-02
1.474199999999999818e+03,7.466332074620771198e-02
1.474720000000000027e+03,7.445834580695789851e-02
1.475240000000000009e+03,7.425348590296805551e-02
1.475759999999999991e+03,7.404981466955821989e-02
1.476279999999999745e+03,7.384622039323840426e-02
1.476800000000000182e+03,7.364377953215857364e-02
1.477319999999999936e+03,7.344151115583874567e-02
1.477839999999999918e+03,7.324027718891888694e-02
1.478360000000000127e+03,7.303929101259903911e-02
1.478880000000000109e+03,7.283933904735938325e-02
1.479400000000000091e+03,7.263967477103955295e-02
1.479919999999999845e+03,7.244087640995972022e-02
1.480440000000000055e+03,7.224248073363988276e-02
1.480960000000000036e+03,7.204487216672005034e-02
1.481480000000000018e+03,7.184779892940022783e-02
1.482000000000000000e+03,7.165139609599036064e-02
1.482519999999999982e+03,7.145558739200053022e-02
1.483039999999999964e+03,7.126033555859069557e-02
1.483559999999999945e+03,7.106577394876086029e-02
1.484079999999999927e+03,7.087167364337103315e-02
1.484600000000000136e+03,7.067839761136120169e-02
1.485119999999999891e+03,7.048550560597136028e-02
1.485639999999999873e+03,7.029343837396152816e-02
1.486160000000000082e+03,7.010165926273168036e-02
1.486680000000000064e+03,6.991083753072184492e-02
1.487200000000000045e+03,6.972020732533201759e-02
1.487719999999999800e+03,6.953061441683235089e-02
1.488240000000000236e+03,6.934113818377250771e-02
1.488759999999999991e+03,6.915279087943268510e-02
1.489279999999999973e+03,6.896453964053284036e-02
1.489799999999999955e+03,6.877732423619301039e-02
1.490320000000000164e+03,6.859024300313315559e-02
1.490840000000000146e+03,6.840414139879334721e-02
1.491359999999999900e+03,6.821826896573350563e-02
1.491879999999999882e+03,6.803331645555366070e-02
1.492400000000000091e+03,6.784865085016383857e-02
1.492920000000000073e+03,6.766473714617399215e-02
1.493440000000000055e+03,6.748126321276416706e-02
1.493959999999999809e+03,6.729849804777432443e-02
1.494480000000000018e+03,6.711621190852448682e-02
1.495000000000000000e+03,6.693450220453465993e-02
1.495519999999999982e+03,6.675336747112481373e-02
1.496040000000000191e+03,6.657277106713499482e-02
1.496559999999999945e+03,6.639280652788515091e-02
1.497079999999999927e+03,6.621324405156531201e-02
1.497599999999999909e+03,6.603443039048548235e-02
1.498120000000000118e+03,6.585600281416563451e-02
1.498640000000000100e+03,6.567830245308578507e-02
1.499159999999999854e+03,6.550085157092595811e-02
1.499679999999999836e+03,6.532430170984612761e-02
1.500200000000000045e+03,6.514796403352629550e-02
1.500720000000000027e+03,6.497256576713647536e-02
1.501240000000000009e+03,6.479726443512663636e-02
1.501759999999999764e+03,6.462299712389679707e-02
1.502280000000000200e+03,6.444880609188695375e-02
1.502799999999999955e+03,6.427561528649711198e-02
1.503319999999999936e+03,6.410254005448727532e-02
1.503839999999999918e+03,6.393034584493759165e-02
1.504360000000000127e+03,6.375836240708777913e-02
1.504880000000000109e+03,6.358716400169794891e-02
1.505399999999999864e+03,6.341625359735811318e-02
1.505920000000000073e+03,6.324611370329827342e-02
1.506440000000000055e+03,6.307631822113843323e-02
1.506960000000000036e+03,6.290717398912860914e-02
1.507480000000000018e+03,6.273847058373877017e-02
1.508000000000000000e+03,6.257030595172892451e-02
1.508519999999999982e+03,6.240267814633907589e-02
1.509039999999999964e+03,6.223551183615925325e-02
1.509559999999999945e+03,6.206895910309941783e-02
1.510080000000000155e+03,6.190279143775957033e-02
1.510599999999999909e+03,6.173731230469975406e-02
1.511119999999999891e+03,6.157215949451990550e-02
1.511639999999999873e+03,6.140769716146006474e-02
1.512160000000000082e+03,6.124348518514025064e-02
1.512680000000000064e+03,6.108009845173039548e-02
1.513199999999999818e+03,6.091688474190055935e-02
1.513720000000000255e+03,6.075451380849072880e-02
1.514240000000000009e+03,6.059223894350090206e-02
1.514759999999999991e+03,6.043094461009106827e-02
1.515279999999999973e+03,6.026972820610124876e-02
1.515800000000000182e+03,6.010935426685140581e-02
1.516320000000000164e+03,5.994909539053156627e-02
1.516839999999999918e+03,5.978971755852172804e-02
1.517359999999999900e+03,5.963053179213190225e-02
1.517880000000000109e+03,5.947204018230205225e-02
1.518400000000000091e+03,5.931381684889223266e-02
1.518920000000000073e+03,5.915628317257239782e-02
1.519439999999999827e+03,5.899907521565238289e-02
1.519960000000000036e+03,5.884248303349255693e-02
1.520480000000000018e+03,5.868631137241270279e-02
1.521000000000000000e+03,5.853065753509287261e-02
1.521519999999999982e+03,5.837542527401303610e-02
1.522039999999999964e+03,5.822061689185319133e-02
1.522559999999999945e+03,5.806640298646335852e-02
1.523079999999999927e+03,5.791259315445354550e-02
1.523600000000000136e+03,5.775933981713369386e-02
1.524120000000000118e+03,5.760637545021383976e-02
1.524639999999999873e+03,5.745410067389401798e-02
1.525159999999999854e+03,5.730207461281418974e-02
1.525680000000000064e+03,5.715073973649435063e-02
1.526200000000000045e+03,5.699955972526452030e-02
1.526720000000000027e+03,5.684922403225468879e-02
1.527239999999999782e+03,5.669898482686484137e-02
1.527760000000000218e+03,5.654956939485500378e-02
1.528279999999999973e+03,5.640023048362518415e-02
1.528799999999999955e+03,5.625171777928533040e-02
1.529319999999999936e+03,5.610332018522550673e-02
1.529840000000000146e+03,5.595565338088567819e-02
1.530360000000000127e+03,5.580817817105584305e-02
1.530879999999999882e+03,5.566141206566599386e-02
1.531399999999999864e+03,5.551487566132615181e-02
1.531920000000000073e+03,5.536893586726632926e-02
1.532440000000000055e+03,5.522334095708649609e-02
1.532960000000000036e+03,5.507830432402666121e-02
1.533480000000000018e+03,5.493361201968681440e-02
1.534000000000000000e+03,5.478936098662697679e-02
1.534519999999999982e+03,5.464557004346715097e-02
1.535039999999999964e+03,5.450222171005731503e-02
1.535560000000000173e+03,5.435933441022731266e-02
1.536079999999999927e+03,5.421675560588749138e-02
1.536599999999999909e+03,5.407478960598765400e-02
1.537119999999999891e+03,5.393311050164781989e-02
1.537640000000000100e+03,5.379202749625797142e-02
1.538160000000000082e+03,5.365113699226813776e-02
1.538679999999999836e+03,5.351095525301829969e-02
1.539199999999999818e+03,5.337090768802847662e-02
1.539720000000000027e+03,5.323157325461864986e-02
1.540240000000000009e+03,5.309231687245880710e-02
1.540759999999999991e+03,5.295388164044896595e-02
1.541279999999999745e+03,5.281552337405913400e-02
1.541800000000000182e+03,5.267787827006929074e-02
1.542319999999999936e+03,5.254036793081945378e-02
1.542839999999999918e+03,5.240352855449961073e-02
1.543360000000000127e+03,5.226686153241979355e-02
1.543880000000000109e+03,5.213086505609995647e-02
1.544400000000000091e+03,5.199508018918012203e-02
1.544919999999999845e+03,5.185981761702013193e-02
1.545440000000000055e+03,5.172486107970029195e-02
1.545960000000000036e+03,5.159044171862044864e-02
1.546480000000000018e+03,5.145634723646061448e-02
1.547000000000000000e+03,5.132265617538075975e-02
1.547519999999999982e+03,5.118936833806093933e-02
1.548039999999999964e+03,5.105646502683110211e-02
1.548559999999999945e+03,5.092404209482126465e-02
1.549079999999999927e+03,5.079192778943141667e-02
1.549600000000000136e+03,5.066033019642159074e-02
1.550119999999999891e+03,5.052894431426176169e-02
1.550639999999999873e+03,5.039817248085191881e-02
1.551160000000000082e+03,5.026757457686209518e-02
1.551680000000000064e+03,5.013760860463225416e-02
1.552200000000000045e+03,5.000775867678226849e-02
1.552719999999999800e+03,4.987858067139242652e-02
1.553240000000000236e+03,4.974946150605258355e-02
1.553759999999999991e+03,4.962111086715274844e-02
1.554279999999999973e+03,4.949283709083290850e-02
1.554799999999999955e+03,4.936519605882307843e-02
1.555320000000000164e+03,4.923766978659324667e-02
1.555840000000000146e+03,4.911079828225340532e-02
1.556359999999999900e+03,4.898411824919356172e-02
1.556879999999999882e+03,4.885799418385372572e-02
1.557400000000000091e+03,4.873208074495388731e-02
1.557920000000000073e+03,4.860663066863406268e-02
1.558440000000000055e+03,4.848148726845406126e-02
1.558959999999999809e+03,4.835678716855421749e-02
1.559480000000000018e+03,4.823241266421438023e-02
1.560000000000000000e+03,4.810844075882454718e-02
1.560519999999999982e+03,4.798487108799472101e-02
1.561040000000000191e+03,4.786164705458487850e-02
1.561559999999999945e+03,4.773882615059504148e-02
1.562079999999999927e+03,4.761627568525520632e-02
1.562599999999999909e+03,4.749420577402537619e-02
1.563120000000000118e+03,4.737234787003554576e-02
1.563640000000000100e+03,4.725104587562572317e-02
1.564159999999999854e+03,4.712991696995571383e-02
1.564679999999999836e+03,4.700936433654587243e-02
1.565200000000000045e+03,4.688892789922603777e-02
1.565720000000000027e+03,4.676910466137620959e-02
1.566240000000000009e+03,4.664935825598636593e-02
1.566759999999999764e+03,4.653026575199652182e-02
1.567280000000000200e+03,4.641125065758669455e-02
1.567799999999999955e+03,4.629284937542686024e-02
1.568319999999999936e+03,4.617456251434701869e-02
1.568839999999999918e+03,4.605685377702718741e-02
1.569360000000000127e+03,4.593929849902719104e-02
1.569880000000000109e+03,4.582228023794734928e-02
1.570399999999999864e+03,4.570543450062751478e-02
1.570920000000000073e+03,4.558905163370768204e-02
1.571440000000000055e+03,4.547291805738783860e-02
1.571960000000000036e+03,4.535720619099800621e-02
1.572480000000000018e+03,4.524180185898817735e-02
1.573000000000000000e+03,4.512678317682834034e-02
1.573519999999999982e+03,4.501208958241850744e-02
1.574039999999999964e+03,4.489770368258851063e-02
1.574559999999999945e+03,4.478372141035866921e-02
1.575080000000000155e+03,4.467000937834882807e-02
1.575599999999999909e+03,4.455673770202899647e-02
1.576119999999999891e+03,4.444363950177916689e-02
1.576639999999999873e+03,4.433105989778933498e-02
1.577160000000000082e+03,4.421859739239950016e-02
1.577680000000000064e+03,4.410668989354965541e-02
1.578199999999999818e+03,4.399486029231965828e-02
1.578720000000000255e+03,4.388368348797982987e-02
1.579240000000000009e+03,4.377254651714998501e-02
1.579759999999999991e+03,4.366204221176014921e-02
1.580279999999999973e+03,4.355157610742031726e-02
1.580800000000000182e+03,4.344164990752048122e-02
1.581320000000000164e+03,4.333181910318063823e-02
1.581839999999999918e+03,4.322252613819079631e-02
1.582359999999999900e+03,4.311338663112079805e-02
1.582880000000000109e+03,4.300470982678097909e-02
1.583400000000000091e+03,4.289624363272113994e-02
1.583920000000000073e+03,4.278821872838129564e-02
1.584439999999999827e+03,4.268042464622146676e-02
1.584960000000000036e+03,4.257303555216162411e-02
1.585480000000000018e+03,4.246589574782180104e-02
1.586000000000000000e+03,4.235908235208180050e-02
1.586519999999999982e+03,4.225257537576196376e-02
1.587039999999999964e+03,4.214631864235211800e-02
1.587559999999999945e+03,4.204046517152228851e-02
1.588079999999999927e+03,4.193486286718245415e-02
1.588600000000000136e+03,4.182968180079262022e-02
1.589120000000000118e+03,4.172469379096278852e-02
1.589639999999999873e+03,4.162012846171278535e-02
1.590159999999999854e+03,4.151566112439293577e-02
1.590680000000000064e+03,4.141174918654310505e-02
1.591200000000000045e+03,4.130793372015328230e-02
1.591720000000000027e+03,4.120463791616344601e-02
1.592239999999999782e+03,4.110140047691360210e-02
1.592760000000000218e+03,4.099873803959377255e-02
1.593279999999999973e+03,4.089611481174377366e-02
1.593799999999999955e+03,4.079402843951393520e-02
1.594319999999999936e+03,4.069201886319409600e-02
1.594840000000000146e+03,4.059051080211426715e-02
1.595360000000000127e+03,4.048913715895441356e-02
1.595879999999999882e+03,4.038822375496459172e-02
1.596399999999999864e+03,4.028746416055476592e-02
1.596920000000000073e+03,4.018711038255476375e-02
1.597440000000000055e+03,4.008696692147491192e-02
1.597960000000000036e+03,3.998715037831508667e-02
1.598480000000000018e+03,3.988758350199524128e-02
1.599000000000000000e+03,3.978834527991541303e-02
1.599519999999999982e+03,3.968941229775558438e-02
1.600039999999999964e+03,3.959074723552558073e-02
1.600560000000000173e+03,3.949241020351573761e-02
1.601079999999999927e+03,3.939426832135590334e-02
1.601599999999999909e+03,3.929652742694607348e-02
1.602119999999999891e+03,3.919895842295623850e-02
1.602640000000000100e+03,3.910181325072639713e-02
1.603160000000000082e+03,3.900476502287639896e-02
1.603679999999999836e+03,3.890817918555656424e-02
1.604199999999999818e+03,3.881167174630672373e-02
1.604720000000000027e+03,3.871570058131689612e-02
1.605240000000000009e+03,3.861976807592704813e-02
1.605759999999999991e+03,3.852431566574722466e-02
1.606279999999999745e+03,3.842892060491721884e-02
1.606800000000000182e+03,3.833402499952739267e-02
1.607319999999999936e+03,3.823924412834754649e-02
1.607839999999999918e+03,3.814488829528771968e-02
1.608360000000000127e+03,3.805066672994788374e-02
1.608880000000000109e+03,3.795683222011804470e-02
1.609400000000000091e+03,3.786316915788804499e-02
1.609919999999999845e+03,3.776986944770821530e-02
1.610440000000000055e+03,3.767678071464836825e-02
1.610960000000000036e+03,3.758400167732853236e-02
1.611480000000000018e+03,3.749145386714870104e-02
1.612000000000000000e+03,3.739915727308885940e-02
1.612519999999999982e+03,3.730718597290886424e-02
1.613039999999999964e+03,3.721546252974903407e-02
1.613559999999999945e+03,3.712402839668919874e-02
1.614079999999999927e+03,3.703278783134936192e-02
1.614600000000000136e+03,3.694191322011952661e-02
1.615119999999999891e+03,3.685119345928952739e-02
1.615639999999999873e+03,3.676083704910968614e-02
1.616160000000000082e+03,3.667059468271985367e-02
1.616680000000000064e+03,3.658079557873002152e-02
1.617200000000000045e+03,3.649107447848018437e-02
1.617719999999999800e+03,3.640179657449034434e-02
1.618240000000000236e+03,3.631255851331034734e-02
1.618759999999999991e+03,3.622383560208051329e-02
1.619279999999999973e+03,3.613515129809068138e-02
1.619799999999999955e+03,3.604691080368083861e-02
1.620320000000000164e+03,3.595874732152101044e-02
1.620840000000000146e+03,3.587097086069101354e-02
1.621359999999999900e+03,3.578330892144117314e-02
1.621879999999999882e+03,3.569601038412133914e-02
1.622400000000000091e+03,3.560888415211150432e-02
1.622920000000000073e+03,3.552210637988167247e-02
1.623440000000000055e+03,3.543552010772167693e-02
1.623959999999999809e+03,3.534922218564183483e-02
1.624480000000000018e+03,3.526311690348199468e-02
1.625000000000000000e+03,3.517724476616215790e-02
1.625519999999999982e+03,3.509165959924231970e-02
1.626040000000000191e+03,3.500630576608232403e-02
1.626559999999999945e+03,3.492125838976248287e-02
1.627079999999999927e+03,3.483638446184265242e-02
1.627599999999999909e+03,3.475183668552282029e-02
1.628120000000000118e+03,3.466744269111297211e-02
1.628640000000000100e+03,3.458335798544297235e-02
1.629159999999999854e+03,3.449938924812314539e-02
1.629679999999999836e+03,3.441580450887330583e-02
1.630200000000000045e+03,3.433229714388347925e-02
1.630720000000000027e+03,3.424923106756363328e-02
1.631240000000000009e+03,3.416620384380363723e-02
1.631759999999999764e+03,3.408365850648380213e-02
1.632280000000000200e+03,3.400113320109396375e-02
1.632799999999999955e+03,3.391899200224414435e-02
1.633319999999999936e+03,3.383692762592430819e-02
1.633839999999999918e+03,3.375526705785429626e-02
1.634360000000000127e+03,3.367370172584446125e-02
1.634880000000000109e+03,3.359246418852462890e-02
1.635399999999999864e+03,3.351137944927479878e-02
1.635920000000000073e+03,3.343060238844480087e-02
1.636440000000000055e+03,3.334999867721496342e-02
1.636960000000000036e+03,3.326964721187511409e-02
1.637480000000000018e+03,3.318950680788528007e-02
1.638000000000000000e+03,3.310957813565545277e-02
1.638519999999999982e+03,3.302991883547545804e-02
1.639039999999999964e+03,3.295047257048561856e-02
1.639559999999999945e+03,3.287127515925578058e-02
1.640080000000000155e+03,3.279224909391594001e-02
1.640599999999999909e+03,3.271351309401610702e-02
1.641119999999999891e+03,3.263491282185610604e-02
1.641639999999999873e+03,3.255661955651627248e-02
1.642160000000000082e+03,3.247844191761643101e-02
1.642680000000000064e+03,3.240064825227659262e-02
1.643199999999999818e+03,3.232295127427659009e-02
1.643720000000000255e+03,3.224558278021676799e-02
1.644240000000000009e+03,3.216823387587693095e-02
1.644759999999999991e+03,3.209136560364708735e-02
1.645279999999999973e+03,3.201453554281710051e-02
1.645800000000000182e+03,3.193803263263726017e-02
1.646320000000000164e+03,3.186160656624742460e-02
1.646839999999999918e+03,3.178552626225758515e-02
1.647359999999999900e+03,3.170954209107775673e-02
1.647880000000000109e+03,3.163388508984775471e-02
1.648400000000000091e+03,3.155836281901792939e-02
1.648920000000000073e+03,3.148311181467807612e-02
1.649439999999999827e+03,3.140805284828825095e-02
1.649960000000000036e+03,3.133324388161824736e-02
1.650480000000000018e+03,3.125858844820841170e-02
1.651000000000000000e+03,3.118414530504856966e-02
1.651519999999999982e+03,3.110993220105872856e-02
1.652039999999999964e+03,3.103591171080873762e-02
1.652559999999999945e+03,3.096214052864890501e-02
1.653079999999999927e+03,3.088854316365906641e-02
1.653600000000000136e+03,3.081519666340923336e-02
1.654120000000000118e+03,3.074196679124923878e-02
1.654639999999999873e+03,3.066906349823939754e-02
1.655159999999999854e+03,3.059623768700956217e-02
1.655680000000000064e+03,3.052375764968972421e-02
1.656200000000000045e+03,3.045129732592972635e-02
1.656720000000000027e+03,3.037920174960988956e-02
1.657239999999999782e+03,3.030714491229005714e-02
1.657760000000000218e+03,3.023547254537022055e-02
1.658279999999999973e+03,3.016385800805037459e-02
1.658799999999999955e+03,3.009263013005037887e-02
1.659319999999999936e+03,3.002145980797055191e-02
1.659840000000000146e+03,2.995053787065070708e-02
1.660360000000000127e+03,2.987971198849087920e-02
1.660879999999999882e+03,2.980921579824088313e-02
1.661399999999999864e+03,2.973885328841104070e-02
1.661920000000000073e+03,2.966872245109120759e-02
1.662440000000000055e+03,2.959874495084137760e-02
1.662960000000000036e+03,2.952897955101136535e-02
1.663480000000000018e+03,2.945940658462153569e-02
1.664000000000000000e+03,2.939000957444170420e-02
1.664519999999999982e+03,2.932086041361170459e-02
1.665039999999999964e+03,2.925190224138187259e-02
1.665560000000000173e+03,2.918311883704203039e-02
1.666079999999999927e+03,2.911447167205220149e-02
1.666599999999999909e+03,2.904609156498219602e-02
1.667119999999999891e+03,2.897780729964235732e-02
1.667640000000000100e+03,2.890985132881252612e-02
1.668160000000000082e+03,2.884199222342268693e-02
1.668679999999999836e+03,2.877440275640269149e-02
1.669199999999999818e+03,2.870685229141285363e-02
1.669720000000000027e+03,2.863966868602301624e-02
1.670240000000000009e+03,2.857250481484318108e-02
1.670759999999999991e+03,2.850564701501318715e-02
1.671279999999999745e+03,2.843882744278334804e-02
1.671800000000000182e+03,2.837237317744350715e-02
1.672319999999999936e+03,2.830599577345368004e-02
1.672839999999999918e+03,2.823987140538367774e-02
1.673360000000000127e+03,2.817384334004384427e-02
1.673880000000000109e+03,2.810810382881400588e-02
1.674400000000000091e+03,2.804247846798400487e-02
1.674919999999999845e+03,2.797708275780416351e-02
1.675440000000000055e+03,2.791182219141433163e-02
1.675960000000000036e+03,2.784675612642449616e-02
1.676480000000000018e+03,2.778186312040448885e-02
1.677000000000000000e+03,2.771716295401465552e-02
1.677519999999999982e+03,2.765265488318482262e-02
1.678039999999999964e+03,2.758826227884499799e-02
1.678559999999999945e+03,2.752412121077498289e-02
1.679079999999999927e+03,2.746011614578515100e-02
1.679600000000000136e+03,2.739632164144531826e-02
1.680119999999999891e+03,2.733262237337531417e-02
1.680639999999999873e+03,2.726923046938548381e-02
1.681160000000000082e+03,2.720589649820565059e-02
1.681680000000000064e+03,2.714285293181580364e-02
1.682200000000000045e+03,2.707983012614581173e-02
1.682719999999999800e+03,2.701711476080596863e-02
1.683240000000000236e+03,2.695443818857614152e-02
1.683759999999999991e+03,2.689210531225631404e-02
1.684279999999999973e+03,2.682981072340630962e-02
1.684799999999999955e+03,2.676780815117646081e-02
1.685320000000000164e+03,2.670586227485663433e-02
1.685840000000000146e+03,2.664416788016664081e-02
1.686359999999999900e+03,2.658255021377680521e-02
1.686879999999999882e+03,2.652118293161696491e-02
1.687400000000000091e+03,2.645993063860713548e-02
1.687920000000000073e+03,2.639890967637713304e-02
1.688440000000000055e+03,2.633802339421730324e-02
1.688959999999999809e+03,2.627727220120746124e-02
1.689480000000000018e+03,2.621671323313745985e-02
1.690000000000000000e+03,2.615632795681762518e-02
1.690519999999999982e+03,2.609609758563779039e-02
1.691040000000000191e+03,2.603600389573778803e-02
1.691559999999999945e+03,2.597612081357795685e-02
1.692079999999999927e+03,2.591637081916811636e-02
1.692599999999999909e+03,2.585683245417827805e-02
1.693120000000000118e+03,2.579735257617828126e-02
1.693640000000000100e+03,2.573816300978843882e-02
1.694159999999999854e+03,2.567905091093860420e-02
1.694679999999999836e+03,2.562018763877860553e-02
1.695200000000000045e+03,2.556132436654877035e-02
1.695720000000000027e+03,2.550284497353894064e-02
1.696240000000000009e+03,2.544436619137909958e-02
1.696759999999999764e+03,2.538615982914909849e-02
1.697280000000000200e+03,2.532797246380926598e-02
1.697799999999999955e+03,2.527001739297943597e-02
1.698319999999999936e+03,2.521213869174943403e-02
1.698839999999999918e+03,2.515456512056959623e-02
1.699360000000000127e+03,2.509704975557976170e-02
1.699880000000000109e+03,2.503973054850976154e-02
1.700399999999999864e+03,2.498252578316992323e-02
1.700920000000000073e+03,2.492553321234008967e-02
1.701440000000000055e+03,2.486865560695025387e-02
1.701960000000000036e+03,2.481196864577025693e-02
1.702480000000000018e+03,2.475541740261042248e-02
1.703000000000000000e+03,2.469900316955058600e-02
1.703519999999999982e+03,2.464276210253058680e-02
1.704039999999999964e+03,2.458665606521074493e-02
1.704559999999999945e+03,2.453072349438091201e-02
1.705080000000000155e+03,2.447488789315091506e-02
1.705599999999999909e+03,2.441928102197108222e-02
1.706119999999999891e+03,2.436375045698124103e-02
1.706639999999999873e+03,2.430845324991124171e-02
1.707160000000000082e+03,2.425319508457140366e-02
1.707680000000000064e+03,2.419820694141157358e-02
1.708199999999999818e+03,2.414327655151157076e-02
1.708720000000000255e+03,2.408857724717173784e-02
1.709240000000000009e+03,2.403391730401190085e-02
1.709759999999999991e+03,2.397954570995206730e-02
1.710279999999999973e+03,2.392521250393206747e-02
1.710800000000000182e+03,2.387110836661223215e-02
1.711320000000000164e+03,2.381706206671239598e-02
1.711839999999999918e+03,2.376323090553239537e-02
1.712359999999999900e+03,2.370947662337256207e-02
1.712880000000000109e+03,2.365589615698272460e-02
1.713400000000000091e+03,2.360245009031272656e-02
1.713920000000000073e+03,2.354917818597289034e-02
1.714439999999999827e+03,2.349603961374304925e-02
1.714960000000000036e+03,2.344305435291305084e-02
1.715480000000000018e+03,2.339018508757321341e-02
1.716000000000000000e+03,2.333747217634338234e-02
1.716519999999999982e+03,2.328493224318338439e-02
1.717039999999999964e+03,2.323250834433354325e-02
1.717559999999999945e+03,2.318023867794370696e-02
1.718079999999999927e+03,2.312804659994370862e-02
1.718600000000000136e+03,2.307608350693387406e-02
1.719120000000000118e+03,2.302419693470404011e-02
1.719639999999999873e+03,2.297248630154403656e-02
1.720159999999999854e+03,2.292081479171420577e-02
1.720680000000000064e+03,2.286941309730436758e-02
1.721200000000000045e+03,2.281806945830436653e-02
1.721720000000000027e+03,2.276697392098453801e-02
1.722239999999999782e+03,2.271587838313469596e-02
1.722760000000000218e+03,2.266499752090469708e-02
1.723279999999999973e+03,2.261415578358486056e-02
1.723799999999999955e+03,2.256360008473502765e-02
1.724319999999999936e+03,2.251308308350502205e-02
1.724840000000000146e+03,2.246272394034518408e-02
1.725360000000000127e+03,2.241246017500535606e-02
1.725879999999999882e+03,2.236242577926535538e-02
1.726399999999999864e+03,2.231246810294552560e-02
1.726920000000000073e+03,2.226264625978568654e-02
1.727440000000000055e+03,2.221292134186568512e-02
1.727960000000000036e+03,2.216337239870585021e-02
1.728480000000000018e+03,2.211393742238601176e-02
1.729000000000000000e+03,2.206465592629601111e-02
1.729519999999999982e+03,2.201550896130618357e-02
1.730039999999999964e+03,2.196647821814634235e-02
1.730560000000000173e+03,2.191758208889634657e-02
1.731079999999999927e+03,2.186876391806650763e-02
1.731599999999999909e+03,2.182013818074667391e-02
1.732119999999999891e+03,2.177157091267667086e-02
1.732640000000000100e+03,2.172323460833682982e-02
1.733160000000000082e+03,2.167493763750700381e-02
1.733679999999999836e+03,2.162689050434700444e-02
1.734199999999999818e+03,2.157884430409717086e-02
1.734720000000000027e+03,2.153102920010733362e-02
1.735240000000000009e+03,2.148321476694733598e-02
1.735759999999999991e+03,2.143561236669749154e-02
1.736279999999999745e+03,2.138804912937765715e-02
1.736800000000000182e+03,2.134075296270766114e-02
1.737319999999999936e+03,2.129351435731782413e-02
1.737839999999999918e+03,2.124643318613799250e-02
1.738360000000000127e+03,2.119940982530799101e-02
1.738880000000000109e+03,2.115253875307815390e-02
1.739400000000000091e+03,2.110576465289815476e-02
1.739919999999999845e+03,2.105916650973831822e-02
1.740440000000000055e+03,2.101264464474848423e-02
1.740960000000000036e+03,2.096625667667848317e-02
1.741480000000000018e+03,2.092000321133865096e-02
1.742000000000000000e+03,2.087386640150881364e-02
1.742519999999999982e+03,2.082790203927881514e-02
1.743039999999999964e+03,2.078203516809897650e-02
1.743559999999999945e+03,2.073626473077914284e-02
1.744079999999999927e+03,2.069057233503913962e-02
1.744600000000000136e+03,2.064505313069930209e-02
1.745119999999999891e+03,2.059961148753946397e-02
1.745639999999999873e+03,2.055438139763947000e-02
1.746160000000000082e+03,2.050921015447963389e-02
1.746680000000000064e+03,2.046417409329963702e-02
1.747200000000000045e+03,2.041915761113979877e-02
1.747719999999999800e+03,2.037438981707996241e-02
1.748240000000000236e+03,2.032965995005996118e-02
1.748759999999999991e+03,2.028516411274012762e-02
1.749279999999999973e+03,2.024068794051029144e-02
1.749799999999999955e+03,2.019636454068029358e-02
1.750320000000000164e+03,2.015207936950045436e-02
1.750840000000000146e+03,2.010800670311061952e-02
1.751359999999999900e+03,2.006399253644062033e-02
1.751879999999999882e+03,2.002015407110078332e-02
1.752400000000000091e+03,1.997637309310078269e-02
1.752920000000000073e+03,1.993272312671094670e-02
1.753440000000000055e+03,1.988915115588111085e-02
1.753959999999999809e+03,1.984571689470111117e-02
1.754480000000000018e+03,1.980243642247127636e-02
1.755000000000000000e+03,1.975925284615144203e-02
1.755519999999999982e+03,1.971618505146144340e-02
1.756040000000000191e+03,1.967317638507160710e-02
1.756559999999999945e+03,1.963033924191177199e-02
1.757079999999999927e+03,1.958757845306177345e-02
1.757599999999999909e+03,1.954499158083193924e-02
1.758120000000000118e+03,1.950246250867193609e-02
1.758640000000000100e+03,1.946005006551209879e-02
1.759159999999999854e+03,1.941767667250226398e-02
1.759679999999999836e+03,1.937553420443226607e-02
1.760200000000000045e+03,1.933341166711242953e-02
1.760720000000000027e+03,1.929150179593259323e-02
1.761240000000000009e+03,1.924961096703259322e-02
1.761759999999999764e+03,1.920787552387275693e-02
1.762280000000000200e+03,1.916615919071275667e-02
1.762799999999999955e+03,1.912467249186292073e-02
1.763319999999999936e+03,1.908322392547309038e-02
1.763839999999999918e+03,1.904191328647308890e-02
1.764360000000000127e+03,1.900065968213325227e-02
1.764880000000000109e+03,1.895959868223341671e-02
1.765399999999999864e+03,1.891861464907342028e-02
1.765920000000000073e+03,1.887770900591358159e-02
1.766440000000000055e+03,1.883689931566357931e-02
1.766960000000000036e+03,1.879620524483374688e-02
1.767480000000000018e+03,1.875562666851391183e-02
1.768000000000000000e+03,1.871516442951390996e-02
1.768519999999999982e+03,1.867481750743407720e-02
1.769039999999999964e+03,1.863454876843407410e-02
1.769559999999999945e+03,1.859437583111423972e-02
1.770080000000000155e+03,1.855428033086440470e-02
1.770599999999999909e+03,1.851437783103440302e-02
1.771119999999999891e+03,1.847453318787457138e-02
1.771639999999999873e+03,1.843482365055473804e-02
1.772160000000000082e+03,1.839513385446473609e-02
1.772680000000000064e+03,1.835559818947490179e-02
1.773199999999999818e+03,1.831606375047490146e-02
1.773720000000000255e+03,1.827679745606506159e-02
1.774240000000000009e+03,1.823755137390522738e-02
1.774759999999999991e+03,1.819844060723522713e-02
1.775279999999999973e+03,1.815936834084538876e-02
1.775800000000000182e+03,1.812048927382538949e-02
1.776320000000000164e+03,1.808162910883555699e-02
1.776839999999999918e+03,1.804288616567572071e-02
1.777359999999999900e+03,1.800421957542571935e-02
1.777880000000000109e+03,1.796570779326588443e-02
1.778400000000000091e+03,1.792725333243588848e-02
1.778920000000000073e+03,1.788895366020604866e-02
1.779439999999999827e+03,1.785071169486621839e-02
1.779960000000000036e+03,1.781256695586621794e-02
1.780480000000000018e+03,1.777447979087637756e-02
1.781000000000000000e+03,1.773649032280637597e-02
1.781519999999999982e+03,1.769867305746654351e-02
1.782039999999999964e+03,1.766093327530670817e-02
1.782559999999999945e+03,1.762327088540670619e-02
1.783079999999999927e+03,1.758564771422687148e-02
1.783600000000000136e+03,1.754823618106687161e-02
1.784120000000000118e+03,1.751088243790703547e-02
1.784639999999999873e+03,1.747360694384720095e-02
1.785159999999999854e+03,1.743635077682719955e-02
1.785680000000000064e+03,1.739934473950736568e-02
1.786200000000000045e+03,1.736235840476736333e-02
1.786720000000000027e+03,1.732546906160752770e-02
1.787239999999999782e+03,1.728859919626769132e-02
1.787760000000000218e+03,1.725192205726769346e-02
1.788279999999999973e+03,1.721528336320786098e-02
1.788799999999999955e+03,1.717881879618786065e-02
1.789319999999999936e+03,1.714239225886802706e-02
1.789840000000000146e+03,1.710604418663818835e-02
1.790360000000000127e+03,1.706975338680818965e-02
1.790879999999999882e+03,1.703367471562835037e-02
1.791399999999999864e+03,1.699761518246835010e-02
1.791920000000000073e+03,1.696163401023851811e-02
1.792440000000000055e+03,1.692574874524867615e-02
1.792960000000000036e+03,1.688997977822868229e-02
1.793480000000000018e+03,1.685428801183884440e-02
1.794000000000000000e+03,1.681867337283884586e-02
1.794519999999999982e+03,1.678315547982900738e-02
1.795039999999999964e+03,1.674769614082900759e-02
1.795560000000000173e+03,1.671239042959917279e-02
1.796079999999999927e+03,1.667714299227934099e-02
1.796599999999999909e+03,1.664203039758934202e-02
1.797119999999999891e+03,1.660693776026950577e-02
1.797640000000000100e+03,1.657199909219950890e-02
1.798160000000000082e+03,1.653706125487967166e-02
1.798679999999999836e+03,1.650227775602983171e-02
1.799199999999999818e+03,1.646751339379983262e-02
1.799720000000000027e+03,1.643296115063999988e-02
1.800240000000000009e+03,1.639840941748000117e-02
1.800759999999999991e+03,1.636395457963016678e-02
1.801279999999999745e+03,1.632953791324032525e-02
1.801800000000000182e+03,1.629529537424032407e-02
1.802319999999999936e+03,1.626109130890048687e-02
1.802839999999999918e+03,1.622702261316048833e-02
1.803360000000000127e+03,1.619299257000065065e-02
1.803880000000000109e+03,1.615905903684065545e-02
1.804400000000000091e+03,1.612520283799082077e-02
1.804919999999999845e+03,1.609144357160098918e-02
1.805440000000000055e+03,1.605778053260098828e-02
1.805960000000000036e+03,1.602423339528115040e-02
1.806480000000000018e+03,1.599072506159114962e-02
1.807000000000000000e+03,1.595727489520131284e-02
1.807519999999999982e+03,1.592394105620131492e-02
1.808039999999999964e+03,1.589064571888148050e-02
1.808559999999999945e+03,1.585750419096164029e-02
1.809079999999999927e+03,1.582444025196164464e-02
1.809600000000000136e+03,1.579143491464181023e-02
1.810119999999999891e+03,1.575846797564180862e-02
1.810639999999999873e+03,1.572567465356197389e-02
1.811160000000000082e+03,1.569291981456196611e-02
1.811680000000000064e+03,1.566026227724213321e-02
1.812200000000000045e+03,1.562760480606229657e-02
1.812719999999999800e+03,1.559512121616229811e-02
1.813240000000000236e+03,1.556263763400246233e-02
1.813759999999999991e+03,1.553036570084246649e-02
1.814279999999999973e+03,1.549809420059262977e-02
1.814799999999999955e+03,1.546591983392262871e-02
1.815320000000000164e+03,1.543378399660279288e-02
1.815840000000000146e+03,1.540176485344295527e-02
1.816359999999999900e+03,1.536978386319295606e-02
1.816879999999999882e+03,1.533793759236312150e-02
1.817400000000000091e+03,1.530613005920312096e-02
1.817920000000000073e+03,1.527443911604328512e-02
1.818440000000000055e+03,1.524280592579328568e-02
1.818959999999999809e+03,1.521126928263345258e-02
1.819480000000000018e+03,1.517979081764361284e-02
1.820000000000000000e+03,1.514835174957361585e-02
1.820519999999999982e+03,1.511704727839377829e-02
1.821040000000000191e+03,1.508581974523378125e-02
1.821559999999999945e+03,1.505467007440394744e-02
1.822079999999999927e+03,1.502355907317394490e-02
1.822599999999999909e+03,1.499256370199411256e-02
1.823120000000000118e+03,1.496160756883411352e-02
1.823640000000000100e+03,1.493078609800427281e-02
1.824159999999999854e+03,1.489998463161443590e-02
1.824679999999999836e+03,1.486931806459443860e-02
1.825200000000000045e+03,1.483869012143460182e-02
1.825720000000000027e+03,1.480814006060460035e-02
1.826240000000000009e+03,1.477762866035477012e-02
1.826759999999999764e+03,1.474725252719476937e-02
1.827280000000000200e+03,1.471689548403493260e-02
1.827799999999999955e+03,1.468667359413493301e-02
1.828319999999999936e+03,1.465649042295509921e-02
1.828839999999999918e+03,1.462644288563526296e-02
1.829360000000000127e+03,1.459641464663526123e-02
1.829880000000000109e+03,1.456646364673543081e-02
1.830399999999999864e+03,1.453657098555543106e-02
1.830920000000000073e+03,1.450677484239559431e-02
1.831440000000000055e+03,1.447703650923559508e-02
1.831960000000000036e+03,1.444733780933576094e-02
1.832480000000000018e+03,1.441777334815576295e-02
1.833000000000000000e+03,1.438828680499592595e-02
1.833519999999999982e+03,1.435887716183609046e-02
1.834039999999999964e+03,1.432950613293608975e-02
1.834559999999999945e+03,1.430021306175625027e-02
1.835080000000000155e+03,1.427093962859624955e-02
1.835599999999999909e+03,1.424180138543641727e-02
1.836119999999999891e+03,1.421270179553641572e-02
1.836639999999999873e+03,1.418373692435657800e-02
1.837160000000000082e+03,1.415479169119657904e-02
1.837680000000000064e+03,1.412594341896674516e-02
1.838199999999999818e+03,1.409709577996674443e-02
1.838720000000000255e+03,1.406840168695691271e-02
1.839240000000000009e+03,1.403974644379707599e-02
1.839759999999999991e+03,1.401122638156707643e-02
1.840279999999999973e+03,1.398270683840724220e-02
1.840800000000000182e+03,1.395422644955724052e-02
1.841320000000000164e+03,1.392580440639740180e-02
1.841839999999999918e+03,1.389755533832740149e-02
1.842359999999999900e+03,1.386932570100756629e-02
1.842880000000000109e+03,1.384117410631756362e-02
1.843400000000000091e+03,1.381306056899772941e-02
1.843920000000000073e+03,1.378500600092773080e-02
1.844439999999999827e+03,1.375704726360789561e-02
1.844960000000000036e+03,1.372914746891789467e-02
1.845480000000000018e+03,1.370134362575805946e-02
1.846000000000000000e+03,1.367361655936821796e-02
1.846519999999999982e+03,1.364596712036822077e-02
1.847039999999999964e+03,1.361833755502838382e-02
1.847559999999999945e+03,1.359078558835838564e-02
1.848079999999999927e+03,1.356327262196855427e-02
1.848600000000000136e+03,1.353587548296855160e-02
1.849120000000000118e+03,1.350851641178871937e-02
1.849639999999999873e+03,1.348125485095871823e-02
1.850159999999999854e+03,1.345399327872887942e-02
1.850680000000000064e+03,1.342688554556888299e-02
1.851200000000000045e+03,1.339979740240904681e-02
1.851720000000000027e+03,1.337280621355904121e-02
1.852239999999999782e+03,1.334583464132920762e-02
1.852760000000000218e+03,1.331894110232921015e-02
1.853279999999999973e+03,1.329208556500937645e-02
1.853799999999999955e+03,1.326536523708954016e-02
1.854319999999999936e+03,1.323866410392953927e-02
1.854840000000000146e+03,1.321206046076970307e-02
1.855360000000000127e+03,1.318547542760970491e-02
1.855879999999999882e+03,1.315894962735986509e-02
1.856399999999999864e+03,1.313251996068987015e-02
1.856920000000000073e+03,1.310616752337003324e-02
1.857440000000000055e+03,1.307985398437002886e-02
1.857960000000000036e+03,1.305361758996020048e-02
1.858480000000000018e+03,1.302742012329019539e-02
1.859000000000000000e+03,1.300128128597036366e-02
1.859519999999999982e+03,1.297523814697036301e-02
1.860039999999999964e+03,1.294925364672052694e-02
1.860560000000000173e+03,1.292334608589052261e-02
1.861079999999999927e+03,1.289747724273069066e-02
1.861599999999999909e+03,1.287168630957068877e-02
1.862119999999999891e+03,1.284591540932085614e-02
1.862640000000000100e+03,1.282024056616101922e-02
1.863160000000000082e+03,1.279456570533101835e-02
1.863679999999999836e+03,1.276906476217118391e-02
1.864199999999999818e+03,1.274354517192118584e-02
1.864720000000000027e+03,1.271815982876134919e-02
1.865240000000000009e+03,1.269275586793135006e-02
1.865759999999999991e+03,1.266746802477151414e-02
1.866279999999999745e+03,1.264219985670151335e-02
1.866800000000000182e+03,1.261700939136167939e-02
1.867319999999999936e+03,1.259185732469167776e-02
1.867839999999999918e+03,1.256676338737183936e-02
1.868360000000000127e+03,1.254174651930184230e-02
1.868880000000000109e+03,1.251680744812200784e-02
1.869400000000000091e+03,1.249194531496200695e-02
1.869919999999999845e+03,1.246712234413217303e-02
1.870440000000000055e+03,1.244235718190217325e-02
1.870960000000000036e+03,1.241765031072233731e-02
1.871480000000000018e+03,1.239300141072233533e-02
1.872000000000000000e+03,1.236839144573250067e-02
1.872519999999999982e+03,1.234385910673250000e-02
1.873039999999999964e+03,1.231934611232266517e-02
1.873559999999999945e+03,1.229496807332266378e-02
1.874079999999999927e+03,1.227062853600283110e-02
1.874600000000000136e+03,1.224632836933282898e-02
1.875119999999999891e+03,1.222204766908299538e-02
1.875639999999999873e+03,1.219790173592299500e-02
1.876160000000000082e+03,1.217377589276315980e-02
1.876680000000000064e+03,1.214968923193316015e-02
1.877200000000000045e+03,1.212562165970332111e-02
1.877719999999999800e+03,1.210170849268332391e-02
1.878240000000000236e+03,1.207779515536348651e-02
1.878759999999999991e+03,1.205399811636348635e-02
1.879279999999999973e+03,1.203020132230365156e-02
1.879799999999999955e+03,1.200650125528365288e-02
1.880320000000000164e+03,1.198282021212381844e-02
1.880840000000000146e+03,1.195921757896381728e-02
1.881359999999999900e+03,1.193565257906398225e-02
1.881879999999999882e+03,1.191210861372414553e-02
1.882400000000000091e+03,1.188862217472414461e-02
1.882920000000000073e+03,1.186523213156431139e-02
1.883440000000000055e+03,1.184189986933431235e-02
1.883959999999999809e+03,1.181862593750447783e-02
1.884480000000000018e+03,1.179540977632447495e-02
1.885000000000000000e+03,1.177223283316464024e-02
1.885519999999999982e+03,1.174913336509463870e-02
1.886040000000000191e+03,1.172605330010480576e-02
1.886559999999999945e+03,1.170306943308480584e-02
1.887079999999999927e+03,1.168010549576497040e-02
1.887599999999999909e+03,1.165721912769496736e-02
1.888120000000000118e+03,1.163437179037513612e-02
1.888640000000000100e+03,1.161160149568513274e-02
1.889159999999999854e+03,1.158886935252529705e-02
1.889679999999999836e+03,1.156621511936529664e-02
1.890200000000000045e+03,1.154356134713546006e-02
1.890720000000000027e+03,1.152098498630546065e-02
1.891240000000000009e+03,1.149840861512562568e-02
1.891759999999999764e+03,1.147596807612562449e-02
1.892280000000000200e+03,1.145356500973579092e-02
1.892799999999999955e+03,1.143124060973579013e-02
1.893319999999999936e+03,1.140893461088595545e-02
1.893839999999999918e+03,1.138664977772595698e-02
1.894360000000000127e+03,1.136442170549612114e-02
1.894880000000000109e+03,1.134225247233611872e-02
1.895399999999999864e+03,1.132016007348628575e-02
1.895920000000000073e+03,1.129814523448628358e-02
1.896440000000000055e+03,1.127616847225628403e-02
1.896960000000000036e+03,1.125421232909644756e-02
1.897480000000000018e+03,1.123231399593644861e-02
1.898000000000000000e+03,1.121047339708661390e-02
1.898519999999999982e+03,1.118869122901661184e-02
1.899039999999999964e+03,1.116694809169677637e-02
1.899559999999999945e+03,1.114524385269677689e-02
1.900080000000000155e+03,1.112355902635694255e-02
1.900599999999999909e+03,1.110198945968694263e-02
1.901119999999999891e+03,1.108045898745710529e-02
1.901639999999999873e+03,1.105898685429710683e-02
1.902160000000000082e+03,1.103751471113727060e-02
1.902680000000000064e+03,1.101613952228727190e-02
1.903199999999999818e+03,1.099476435005743678e-02
1.903720000000000255e+03,1.097350591105743754e-02
1.904240000000000009e+03,1.095224677373760232e-02
1.904759999999999991e+03,1.093108480671760308e-02
1.905279999999999973e+03,1.090994171265776726e-02
1.905800000000000182e+03,1.088889587365776505e-02
1.906320000000000164e+03,1.086784996949792872e-02
1.906839999999999918e+03,1.084686233633793025e-02
1.907359999999999900e+03,1.082589426515809597e-02
1.907880000000000109e+03,1.080500357525809862e-02
1.908400000000000091e+03,1.078415163209825965e-02
1.908920000000000073e+03,1.076337719309826239e-02
1.909439999999999827e+03,1.074264072775842419e-02
1.909960000000000036e+03,1.072194413201842458e-02
1.910480000000000018e+03,1.070130528885858759e-02
1.911000000000000000e+03,1.068066695569858636e-02
1.911519999999999982e+03,1.066010551253875234e-02
1.912039999999999964e+03,1.063958326128875385e-02
1.912559999999999945e+03,1.061913839045891712e-02
1.913079999999999927e+03,1.059873185145891912e-02
1.913600000000000136e+03,1.057840301413908238e-02
1.914120000000000118e+03,1.055809344711908238e-02
1.914639999999999873e+03,1.053782298488908226e-02
1.915159999999999854e+03,1.051757211405924576e-02
1.915680000000000064e+03,1.049741787505924576e-02
1.916200000000000045e+03,1.047726343773940950e-02
1.916720000000000027e+03,1.045716844164940734e-02
1.917239999999999782e+03,1.043709199848957651e-02
1.917760000000000218e+03,1.041715077665957521e-02
1.918279999999999973e+03,1.039722863349973846e-02
1.918799999999999955e+03,1.037732654324973781e-02
1.919319999999999936e+03,1.035746320008990376e-02
1.919840000000000146e+03,1.033765823341990450e-02
1.920360000000000127e+03,1.031789179610006699e-02
1.920879999999999882e+03,1.029818385710006869e-02
1.921399999999999864e+03,1.027851386269023302e-02
1.921920000000000073e+03,1.025888382369023397e-02
1.922440000000000055e+03,1.023931099186039910e-02
1.922960000000000036e+03,1.021975825870039857e-02
1.923480000000000018e+03,1.020028235845056239e-02
1.924000000000000000e+03,1.018084531945056236e-02
1.924519999999999982e+03,1.016144728213072730e-02
1.925039999999999964e+03,1.014208811546072654e-02
1.925560000000000173e+03,1.012276808230072773e-02
1.926079999999999927e+03,1.010350528205089006e-02
1.926599999999999909e+03,1.008428234305089148e-02
1.927119999999999891e+03,1.006509744473105608e-02
1.927640000000000100e+03,1.004597097806105704e-02
1.928160000000000082e+03,1.002686400583122257e-02
1.928679999999999836e+03,1.000783444465121880e-02
1.929199999999999818e+03,9.988824001491381985e-03
1.929720000000000027e+03,9.969872368331383905e-03
1.930240000000000009e+03,9.950939768431549953e-03
1.930759999999999991e+03,9.932084701411549379e-03
1.931279999999999745e+03,9.913249103091712963e-03
1.931800000000000182e+03,9.894490564091711418e-03
1.932319999999999936e+03,9.875732420931876074e-03
1.932839999999999918e+03,9.857033031031877876e-03
1.933360000000000127e+03,9.838371964011879273e-03
1.933880000000000109e+03,9.819769026692043434e-03
1.934400000000000091e+03,9.801185387692042117e-03
1.934919999999999845e+03,9.782660387792206647e-03
1.935440000000000055e+03,9.764173693632206483e-03
1.935960000000000036e+03,9.745726122452370854e-03
1.936480000000000018e+03,9.727336483452369773e-03
1.937000000000000000e+03,9.708966246132533923e-03
1.937519999999999982e+03,9.690654450392535701e-03
1.938039999999999964e+03,9.672362085052703048e-03
1.938559999999999945e+03,9.654146846052702458e-03
1.939079999999999927e+03,9.635932002892866333e-03
1.939600000000000136e+03,9.617794608732866887e-03
1.940119999999999891e+03,9.599657712992867159e-03
1.940639999999999873e+03,9.581616741813032273e-03
1.941160000000000082e+03,9.563557208653030925e-03
1.941680000000000064e+03,9.545594665493196268e-03
1.942200000000000045e+03,9.527632197423197002e-03
1.942719999999999800e+03,9.509746432433359431e-03
1.943240000000000236e+03,9.491861404413361181e-03
1.943759999999999991e+03,9.474054067093526030e-03
1.944279999999999973e+03,9.456246928093525392e-03
1.944799999999999955e+03,9.438516555863689372e-03
1.945320000000000164e+03,9.420805795033687299e-03
1.945840000000000146e+03,9.403153928013689364e-03
1.946359999999999900e+03,9.385520584853854209e-03
1.946879999999999882e+03,9.367946061623853848e-03
1.947400000000000091e+03,9.350390618464017936e-03
1.947920000000000073e+03,9.332893429614014594e-03
1.948440000000000055e+03,9.315415886454181393e-03
1.948959999999999809e+03,9.297996747454182961e-03
1.949480000000000018e+03,9.280615581064344949e-03
1.950000000000000000e+03,9.263254242064346278e-03
1.950519999999999982e+03,9.245951082214510022e-03
1.951040000000000191e+03,9.228687149054509362e-03
1.951559999999999945e+03,9.211461480984511549e-03
1.952079999999999927e+03,9.194255837824674357e-03
1.952599999999999909e+03,9.177108004664674690e-03
1.953120000000000118e+03,9.159979705814839251e-03
1.953640000000000100e+03,9.142928505814837750e-03
1.954159999999999854e+03,9.125878039425003654e-03
1.954679999999999836e+03,9.108885600425005447e-03
1.955200000000000045e+03,9.091912563105167266e-03
1.955720000000000027e+03,9.075016568415169085e-03
1.956240000000000009e+03,9.058102029415168385e-03
1.956759999999999764e+03,9.041283763025332806e-03
1.957280000000000200e+03,9.024466263025332502e-03
1.957799999999999955e+03,9.007706419865497277e-03
1.958319999999999936e+03,8.990966131015496604e-03
1.958839999999999918e+03,8.974265058785660734e-03
1.959360000000000127e+03,8.957602319785661765e-03
1.959880000000000109e+03,8.940997682465826046e-03
1.960399999999999864e+03,8.924393782465823988e-03
1.960920000000000073e+03,8.907847521285826992e-03
1.961440000000000055e+03,8.891339921385989914e-03
1.961960000000000036e+03,8.874871682385992652e-03
1.962480000000000018e+03,8.858441445066157424e-03
1.963000000000000000e+03,8.842050578046156684e-03
1.963519999999999982e+03,8.825679273886319343e-03
1.964039999999999964e+03,8.809346583986316787e-03
1.964559999999999945e+03,8.793072240826482755e-03
1.965080000000000155e+03,8.776817601826483739e-03
1.965599999999999909e+03,8.760601540646483984e-03
1.966119999999999891e+03,8.744423697486647731e-03
1.966639999999999873e+03,8.728285140746649268e-03
1.967160000000000082e+03,8.712166003426813007e-03
1.967680000000000064e+03,8.696105364426814227e-03
1.968199999999999818e+03,8.680044999086979421e-03
1.968720000000000255e+03,8.664061231016978795e-03
1.969240000000000009e+03,8.648097460187142288e-03
1.969759999999999991e+03,8.632172466027140945e-03
1.970279999999999973e+03,8.616267127027140912e-03
1.970800000000000182e+03,8.600419955847303857e-03
1.971320000000000164e+03,8.584591893617305944e-03
1.971839999999999918e+03,8.568803022787471399e-03
1.972359999999999900e+03,8.553052522787473258e-03
1.972880000000000109e+03,8.537341485467636951e-03
1.973400000000000091e+03,8.521649718447635649e-03
1.973920000000000073e+03,8.506015750377635479e-03
1.974439999999999827e+03,8.490401185387802183e-03
1.974960000000000036e+03,8.474806946387801118e-03
1.975480000000000018e+03,8.459269942227965952e-03
1.976000000000000000e+03,8.443752981047965636e-03
1.976519999999999982e+03,8.428293808818130423e-03
1.977039999999999964e+03,8.412835269818128361e-03
1.977559999999999945e+03,8.397434408988130317e-03
1.978079999999999927e+03,8.382053204828295370e-03
1.978600000000000136e+03,8.366730243648293555e-03
1.979120000000000118e+03,8.351407271418458816e-03
1.979639999999999873e+03,8.336142732418458726e-03
1.980159999999999854e+03,8.320897067428624158e-03
1.980680000000000064e+03,8.305709967428622983e-03
1.981200000000000045e+03,8.290523271338626210e-03
1.981720000000000027e+03,8.275413334018787148e-03
1.982239999999999782e+03,8.260284995018787532e-03
1.982760000000000218e+03,8.245233924188952179e-03
1.983279999999999973e+03,8.230182891028954562e-03
1.983799999999999955e+03,8.215190129779116959e-03
1.984319999999999936e+03,8.200216590779118089e-03
1.984840000000000146e+03,8.185282157619117732e-03
1.985360000000000127e+03,8.170367286789281119e-03
1.985879999999999882e+03,8.155510347789281245e-03
1.986399999999999864e+03,8.140672292379446881e-03
1.986920000000000073e+03,8.125854553379446496e-03
1.987440000000000055e+03,8.111094510219610601e-03
1.987960000000000036e+03,8.096335477059610208e-03
1.988480000000000018e+03,8.081633810389610845e-03
1.989000000000000000e+03,8.066951677159775458e-03
1.989519999999999982e+03,8.052308715979776543e-03
1.990039999999999964e+03,8.037704472819942603e-03
1.990560000000000173e+03,8.023119433819940471e-03
1.991079999999999927e+03,8.008554268830103337e-03
1.991599999999999909e+03,7.994066239760103457e-03
1.992119999999999891e+03,7.979559572740102524e-03
1.992640000000000100e+03,7.965129635420268098e-03
1.993160000000000082e+03,7.950680796420268176e-03
1.993679999999999836e+03,7.936309725590433989e-03
1.994199999999999818e+03,7.921938702360431864e-03
1.994720000000000027e+03,7.907625535340433165e-03
1.995240000000000009e+03,7.893312198020595999e-03
1.995759999999999991e+03,7.879076959020596058e-03
1.996279999999999745e+03,7.864823054860761720e-03
1.996800000000000182e+03,7.850626364960760703e-03
1.997319999999999936e+03,7.836449293780925474e-03
1.997839999999999918e+03,7.822311554780926254e-03
1.998360000000000127e+03,7.808211921620926074e-03
1.998880000000000109e+03,7.794132417461088758e-03
1.999400000000000091e+03,7.780072521721090664e-03
1.999919999999999845e+03,7.766070256381254686e-03
2.000440000000000055e+03,7.752087317381256212e-03
2.000960000000000036e+03,7.738124478381256353e-03
2.001480000000000018e+03,7.724200180061419410e-03
2.002000000000000000e+03,7.710295611991420904e-03
2.002519999999999982e+03,7.696429613141583803e-03
2.003039999999999964e+03,7.682602379981584573e-03
2.003559999999999945e+03,7.668794775821749336e-03
2.004079999999999927e+03,7.655025936821747978e-03
2.004600000000000136e+03,7.641276574591747243e-03
2.005119999999999891e+03,7.627546803761913602e-03
2.005639999999999873e+03,7.613874936741911979e-03
2.006160000000000082e+03,7.600203438422077976e-03
2.006680000000000064e+03,7.586590399422078572e-03
2.007200000000000045e+03,7.572995931352077825e-03
2.007719999999999800e+03,7.559421894032241664e-03
2.008240000000000236e+03,7.545885738342241085e-03
2.008759999999999991e+03,7.532370095182406265e-03
2.009279999999999973e+03,7.518892662022406623e-03
2.009799999999999955e+03,7.505454389792572296e-03
2.010320000000000164e+03,7.492035350792573996e-03
2.010840000000000146e+03,7.478635800942575254e-03
2.011359999999999900e+03,7.465274957782736844e-03
2.011879999999999882e+03,7.451933818782738653e-03
2.012400000000000091e+03,7.438631152392902353e-03
2.012920000000000073e+03,7.425367952392903682e-03
2.013440000000000055e+03,7.412104685372904352e-03
2.013959999999999809e+03,7.398899520383065212e-03
2.014480000000000018e+03,7.385694581383064894e-03
2.015000000000000000e+03,7.372528748153230928e-03
2.015519999999999982e+03,7.359401114993231741e-03
2.016040000000000191e+03,7.346292675993230069e-03
2.016559999999999945e+03,7.333223777143395468e-03
2.017079999999999927e+03,7.320154943983393780e-03
2.017599999999999909e+03,7.307144410753559430e-03
2.018120000000000118e+03,7.294133971753559952e-03
2.018640000000000100e+03,7.281200432753559375e-03
2.019159999999999854e+03,7.268247567413724762e-03
2.019679999999999836e+03,7.255353739743723718e-03
2.020200000000000045e+03,7.242459796583888831e-03
2.020720000000000027e+03,7.229604534353888980e-03
2.021240000000000009e+03,7.216768995353887994e-03
2.021759999999999764e+03,7.203972063174052254e-03
2.022280000000000200e+03,7.191194730014052391e-03
2.022799999999999955e+03,7.178456559184216886e-03
2.023319999999999936e+03,7.165737091114217014e-03
2.023839999999999918e+03,7.153056796954215812e-03
2.024360000000000127e+03,7.140376953794381511e-03
2.024880000000000109e+03,7.127754986774381858e-03
2.025399999999999864e+03,7.115151921784547244e-03
2.025920000000000073e+03,7.102569192714546994e-03
2.026440000000000055e+03,7.090006053714545224e-03
2.026960000000000036e+03,7.077481416394709561e-03
2.027480000000000018e+03,7.064976549374711243e-03
2.028000000000000000e+03,7.052509845214875728e-03
2.028519999999999982e+03,7.040063155314877329e-03
2.029039999999999964e+03,7.027635716314876296e-03
2.029559999999999945e+03,7.015247373155040350e-03
2.030080000000000155e+03,7.002859078995039843e-03
2.030599999999999909e+03,6.990528507815203275e-03
2.031119999999999891e+03,6.978198539745204820e-03
2.031639999999999873e+03,6.965926778915203926e-03
2.032160000000000082e+03,6.953655074755370723e-03
2.032680000000000064e+03,6.941422135755368795e-03
2.033199999999999818e+03,6.929208570415534320e-03
2.033720000000000255e+03,6.917033931415532758e-03
2.034240000000000009e+03,6.904859274675535091e-03
2.034759999999999991e+03,6.892742737355699381e-03
2.035279999999999973e+03,6.880626898355697921e-03
2.035800000000000182e+03,6.868549655195863544e-03
2.036320000000000164e+03,6.856491627175865210e-03
2.036839999999999918e+03,6.844453564945864738e-03
2.037359999999999900e+03,6.832453694116026426e-03
2.037880000000000109e+03,6.820474055116025440e-03
2.038400000000000091e+03,6.808513356796191962e-03
2.038920000000000073e+03,6.796591989776189224e-03
2.039439999999999827e+03,6.784689721706189600e-03
2.039960000000000036e+03,6.772806884386354219e-03
2.040480000000000018e+03,6.760962456716356275e-03
2.041000000000000000e+03,6.749119517716356369e-03
2.041519999999999982e+03,6.737333680396518504e-03
2.042039999999999964e+03,6.725548052376518517e-03
2.042559999999999945e+03,6.713801480146685575e-03
2.043079999999999927e+03,6.702054946986685073e-03
2.043600000000000136e+03,6.690366780316685073e-03
2.044120000000000118e+03,6.678678576156849185e-03
2.044639999999999873e+03,6.667029014976847551e-03
2.045159999999999854e+03,6.655379942747012730e-03
2.045680000000000064e+03,6.643789303747011689e-03
2.046200000000000045e+03,6.632198176077012952e-03
2.046720000000000027e+03,6.620665638757178631e-03
2.047239999999999782e+03,6.609113699757178211e-03
2.047760000000000218e+03,6.597620003667177026e-03
2.048280000000000200e+03,6.586126205347342735e-03
2.048800000000000182e+03,6.574671766347342169e-03
2.049319999999999709e+03,6.563236295517507236e-03
2.049840000000000146e+03,6.551820501357506592e-03
2.050360000000000127e+03,6.540443462357505532e-03
2.050880000000000109e+03,6.529066762107673880e-03
2.051399999999999636e+03,6.517728828947672200e-03
2.051920000000000073e+03,6.506410524787836248e-03
2.052440000000000055e+03,6.495130958117836806e-03
2.052960000000000036e+03,6.483870424957837234e-03
2.053480000000000018e+03,6.472610363708000518e-03
2.054000000000000000e+03,6.461389124708000545e-03
2.054519999999999982e+03,6.450206585707999457e-03
2.055039999999999964e+03,6.439024848388163330e-03
2.055559999999999945e+03,6.427881520718166375e-03
2.056079999999999927e+03,6.416738077558329506e-03
2.056599999999999909e+03,6.405633787308330496e-03
2.057119999999999891e+03,6.394549248308328999e-03
2.057640000000000327e+03,6.383502844148493394e-03
2.058159999999999854e+03,6.372456410988493539e-03
2.058679999999999836e+03,6.361468740158658652e-03
2.059199999999999818e+03,6.350461611088658795e-03
2.059720000000000255e+03,6.339512649908658412e-03
2.060239999999999782e+03,6.328545106748822979e-03
2.060759999999999764e+03,6.317635467748821711e-03
2.061279999999999745e+03,6.306744967748823330e-03
2.061800000000000182e+03,6.295874302758987934e-03
2.062320000000000164e+03,6.285022406668987899e-03
2.062840000000000146e+03,6.274190602509152614e-03
2.063360000000000127e+03,6.263377869349153089e-03
2.063880000000000109e+03,6.252604430349152295e-03
2.064400000000000091e+03,6.241831426189317980e-03
2.064920000000000073e+03,6.231097036289317583e-03
2.065440000000000055e+03,6.220381869269316771e-03
2.065960000000000036e+03,6.209686226109481684e-03
2.066480000000000018e+03,6.199010231949481781e-03
2.067000000000000000e+03,6.188372388789646454e-03
2.067519999999999982e+03,6.177735649789645872e-03
2.068039999999999964e+03,6.167137093049645732e-03
2.068559999999999945e+03,6.156557927709810883e-03
2.069079999999999927e+03,6.145979488709809799e-03
2.069599999999999909e+03,6.135458849709810210e-03
2.070119999999999891e+03,6.124938551389976123e-03
2.070639999999999873e+03,6.114437483319974664e-03
2.071160000000000309e+03,6.103955912490140190e-03
2.071680000000000291e+03,6.093513590310139366e-03
2.072199999999999818e+03,6.083070851310138152e-03
2.072719999999999800e+03,6.072667208150303760e-03
2.073240000000000236e+03,6.062282808150304056e-03
2.073760000000000218e+03,6.051918345920303567e-03
2.074279999999999745e+03,6.041573447070468054e-03
2.074799999999999727e+03,6.031247808070468175e-03
2.075320000000000164e+03,6.020941213910467604e-03
2.075840000000000146e+03,6.010673770750632819e-03
2.076360000000000127e+03,6.000406931750633041e-03
2.076880000000000109e+03,5.990178604360798034e-03
2.077400000000000091e+03,5.979950409670796788e-03
2.077920000000000073e+03,5.969760970670798250e-03
2.078440000000000055e+03,5.959590566510962126e-03
2.078960000000000036e+03,5.949421133350961226e-03
2.079480000000000018e+03,5.939289965280963174e-03
2.080000000000000000e+03,5.929178322121125139e-03
2.080519999999999982e+03,5.919086272271126270e-03
2.081039999999999964e+03,5.909014329111290931e-03
2.081559999999999945e+03,5.898980190111291141e-03
2.082079999999999927e+03,5.888946995951290994e-03
2.082599999999999909e+03,5.878932823721457271e-03
2.083119999999999891e+03,5.868938384721456708e-03
2.083639999999999873e+03,5.858982629031455822e-03
2.084159999999999854e+03,5.849026691711620499e-03
2.084679999999999836e+03,5.839110152711620913e-03
2.085200000000000273e+03,5.829193652711619870e-03
2.085720000000000255e+03,5.819315586321784778e-03
2.086239999999999782e+03,5.809438247321784682e-03
2.086759999999999764e+03,5.799599015141950094e-03
2.087280000000000200e+03,5.789779354311949677e-03
2.087800000000000182e+03,5.779960815311949683e-03
2.088319999999999709e+03,5.770179843082113950e-03
2.088839999999999691e+03,5.760419143082113128e-03
2.089360000000000127e+03,5.750677409922113660e-03
2.089880000000000109e+03,5.740936638742278990e-03
2.090400000000000091e+03,5.731234211072278560e-03
2.090920000000000073e+03,5.721570377912279202e-03
2.091440000000000055e+03,5.711906505682443069e-03
2.091960000000000036e+03,5.702243805682443573e-03
2.092480000000000018e+03,5.692619266682442947e-03
2.093000000000000000e+03,5.683014101342608038e-03
2.093519999999999982e+03,5.673428773672608075e-03
2.094039999999999964e+03,5.663862430512772543e-03
2.094559999999999945e+03,5.654315668282772905e-03
2.095079999999999927e+03,5.644769568282772404e-03
2.095599999999999909e+03,5.635281125122937849e-03
2.096119999999999891e+03,5.625774158102936177e-03
2.096639999999999873e+03,5.616324436272936843e-03
2.097159999999999854e+03,5.606856093113100035e-03
2.097679999999999836e+03,5.597445625043100115e-03
2.098199999999999818e+03,5.588016030883101101e-03
2.098720000000000255e+03,5.578625587723265271e-03
2.099240000000000236e+03,5.569254320703266072e-03
2.099760000000000218e+03,5.559902626543265433e-03
2.100279999999999745e+03,5.550550855713430251e-03
2.100800000000000182e+03,5.541237887643429318e-03
2.101320000000000164e+03,5.531944483483593883e-03
2.101840000000000146e+03,5.522670650323593944e-03
2.102359999999999673e+03,5.513397383303594336e-03
2.102880000000000109e+03,5.504162279143759266e-03
2.103400000000000091e+03,5.494946718313759720e-03
2.103920000000000073e+03,5.485731750243759246e-03
2.104440000000000055e+03,5.476555446083924278e-03
2.104960000000000036e+03,5.467379207083925170e-03
2.105480000000000018e+03,5.458241545903923589e-03
2.106000000000000000e+03,5.449104441744087243e-03
2.106519999999999982e+03,5.440005546004087790e-03
2.107039999999999964e+03,5.430888012844086940e-03
2.107559999999999945e+03,5.421828808684252439e-03
2.108079999999999927e+03,5.412769669684252931e-03
2.108600000000000364e+03,5.403729602664251314e-03
2.109119999999999891e+03,5.394709004344416456e-03
2.109639999999999873e+03,5.385708636274417170e-03
2.110159999999999854e+03,5.376726765444580190e-03
2.110680000000000291e+03,5.367764571284580101e-03
2.111199999999999818e+03,5.358802932284581315e-03
2.111719999999999800e+03,5.349880361104745498e-03
2.112239999999999782e+03,5.340976561104745883e-03
2.112760000000000218e+03,5.332092198874746614e-03
2.113280000000000200e+03,5.323208328044910960e-03
2.113800000000000182e+03,5.314344228044910572e-03
2.114319999999999709e+03,5.305499594884909541e-03
2.114840000000000146e+03,5.296693151725074232e-03
2.115360000000000127e+03,5.287868223705074686e-03
2.115880000000000109e+03,5.279100555635073654e-03
2.116399999999999636e+03,5.270333718315239196e-03
2.116920000000000073e+03,5.261586190645238699e-03
2.117440000000000055e+03,5.252839151645238500e-03
2.117960000000000036e+03,5.244130614325403540e-03
2.118480000000000018e+03,5.235422286305403856e-03
2.119000000000000000e+03,5.226733018235402671e-03
2.119519999999999982e+03,5.218082875075568186e-03
2.120039999999999964e+03,5.209433253245568038e-03
2.120559999999999945e+03,5.200802814245566834e-03
2.121079999999999927e+03,5.192191910085732116e-03
2.121599999999999909e+03,5.183600143065733752e-03
2.122119999999999891e+03,5.175008780835732916e-03
2.122640000000000327e+03,5.166456176675896829e-03
2.123159999999999854e+03,5.157903637675897469e-03
2.123679999999999836e+03,5.149390072686061380e-03
2.124199999999999818e+03,5.140876272686061184e-03
2.124720000000000255e+03,5.132401605666060684e-03
2.125239999999999782e+03,5.123907733436225409e-03
2.125759999999999764e+03,5.115472239276225817e-03
2.126279999999999745e+03,5.107017200276224578e-03
2.126800000000000182e+03,5.098601229446390187e-03
2.127320000000000164e+03,5.090185835286390077e-03
2.127840000000000146e+03,5.081789596286389807e-03
2.128360000000000127e+03,5.073431425106553899e-03
2.128880000000000109e+03,5.065073896036555515e-03
2.129400000000000091e+03,5.056735862876554632e-03
2.129920000000000073e+03,5.048398358716720338e-03
2.130440000000000055e+03,5.040099092046720214e-03
2.130960000000000036e+03,5.031799853046720061e-03
2.131480000000000018e+03,5.023539626706883914e-03
2.132000000000000000e+03,5.015279558636884238e-03
2.132519999999999982e+03,5.007039119636884188e-03
2.133039999999999964e+03,4.998799021317048771e-03
2.133559999999999945e+03,4.990597782317049078e-03
2.134079999999999927e+03,4.982396515647049412e-03
2.134599999999999909e+03,4.974233383467213492e-03
2.135119999999999891e+03,4.966070721237213562e-03
2.135639999999999873e+03,4.957928321237214248e-03
2.136160000000000309e+03,4.949785278077378781e-03
2.136680000000000291e+03,4.941681444917378832e-03
2.137199999999999818e+03,4.933596817247377572e-03
2.137719999999999800e+03,4.925512574087543075e-03
2.138240000000000236e+03,4.917447977997541596e-03
2.138760000000000218e+03,4.909402483837542290e-03
2.139279999999999745e+03,4.901356940677706678e-03
2.139799999999999727e+03,4.893350701677706693e-03
2.140320000000000164e+03,4.885344501677706987e-03
2.140840000000000146e+03,4.877357636687871395e-03
2.141360000000000127e+03,4.869390079597872047e-03
2.141880000000000109e+03,4.861442140597871560e-03
2.142400000000000091e+03,4.853513603278035438e-03
2.142920000000000073e+03,4.845585303278035841e-03
2.143440000000000055e+03,4.837677064278035448e-03
2.143960000000000036e+03,4.829787821118200659e-03
2.144480000000000018e+03,4.821917670218200599e-03
2.145000000000000000e+03,4.814066703198201583e-03
2.145519999999999982e+03,4.806216699038365694e-03
2.146039999999999964e+03,4.798386360038365411e-03
2.146559999999999945e+03,4.790594126878365035e-03
2.147079999999999927e+03,4.782783322718529503e-03
2.147599999999999909e+03,4.775010756048529877e-03
2.148119999999999891e+03,4.767219465798529579e-03
2.148639999999999873e+03,4.759485561638694684e-03
2.149159999999999854e+03,4.751752222638694519e-03
2.149679999999999836e+03,4.744038522638694376e-03
2.150200000000000273e+03,4.736324585318859443e-03
2.150720000000000255e+03,4.728630946318859371e-03
2.151239999999999782e+03,4.720955889578859997e-03
2.151759999999999764e+03,4.713300818399023158e-03
2.152280000000000200e+03,4.705645785239023597e-03
2.152800000000000182e+03,4.698029585239023309e-03
2.153319999999999709e+03,4.690413242079188340e-03
2.153839999999999691e+03,4.682816642079187797e-03
2.154360000000000127e+03,4.675220379849188458e-03
2.154880000000000109e+03,4.667662280999352632e-03
2.155400000000000091e+03,4.660104880999352446e-03
2.155920000000000073e+03,4.652566947839353352e-03
2.156440000000000055e+03,4.645029004679516495e-03
2.156960000000000036e+03,4.637510804679516666e-03
2.157480000000000018e+03,4.630030765679516574e-03
2.158000000000000000e+03,4.622531938289682098e-03
2.158519999999999982e+03,4.615071443599681397e-03
2.159039999999999964e+03,4.607630604599681663e-03
2.159559999999999945e+03,4.600190700439846410e-03
2.160079999999999927e+03,4.592750767279846907e-03
2.160599999999999909e+03,4.585349167279846073e-03
2.161119999999999891e+03,4.577947499209846817e-03
2.161639999999999873e+03,4.570565856050010783e-03
2.162159999999999854e+03,4.563203306200011578e-03
2.162679999999999836e+03,4.555860467200010568e-03
2.163199999999999818e+03,4.548517524040175154e-03
2.163720000000000255e+03,4.541194229880175792e-03
2.164240000000000236e+03,4.533890090880175402e-03
2.164760000000000218e+03,4.526605457650339885e-03
2.165279999999999745e+03,4.519321390630339462e-03
2.165800000000000182e+03,4.512056329800339348e-03
2.166320000000000164e+03,4.504791825640504059e-03
2.166840000000000146e+03,4.497566086640503516e-03
2.167359999999999673e+03,4.490340386640504118e-03
2.167880000000000109e+03,4.483114920250667185e-03
2.168400000000000091e+03,4.475927881250667262e-03
2.168920000000000073e+03,4.468741353230666971e-03
2.169440000000000055e+03,4.461573782400831550e-03
2.169960000000000036e+03,4.454426388240831890e-03
2.170480000000000018e+03,4.447279049240832061e-03
2.171000000000000000e+03,4.440150706080996101e-03
2.171519999999999982e+03,4.433042077010996423e-03
2.172039999999999964e+03,4.425952943850996850e-03
2.172559999999999945e+03,4.418863811671161143e-03
2.173079999999999927e+03,4.411794345001162319e-03
2.173600000000000364e+03,4.404744006001161741e-03
2.174119999999999891e+03,4.397694111841161935e-03
2.174639999999999873e+03,4.390663739611325687e-03
2.175159999999999854e+03,4.383633539611325736e-03
2.175680000000000291e+03,4.376641906451326017e-03
2.176199999999999818e+03,4.369650235271490754e-03
2.176719999999999800e+03,4.362678307601491196e-03
2.177239999999999782e+03,4.355706868601490200e-03
2.177760000000000218e+03,4.348773470281654986e-03
2.178280000000000200e+03,4.341821602211656458e-03
2.178800000000000182e+03,4.334907963211655224e-03
2.179319999999999709e+03,4.327994731031819219e-03
2.179840000000000146e+03,4.321101097871819091e-03
2.180360000000000127e+03,4.314207570201819379e-03
2.180880000000000109e+03,4.307352627041983843e-03
2.181399999999999636e+03,4.300497758971983699e-03
2.181920000000000073e+03,4.293643364811984206e-03
2.182440000000000055e+03,4.286808521652148152e-03
2.182960000000000036e+03,4.279992893632149006e-03
2.183480000000000018e+03,4.273196354632149106e-03
2.184000000000000000e+03,4.266400193802149729e-03
2.184519999999999982e+03,4.259642789642313458e-03
2.185039999999999964e+03,4.252866321572313160e-03
2.185559999999999945e+03,4.246128621572312772e-03
2.186079999999999927e+03,4.239372084252478190e-03
2.186599999999999909e+03,4.232653956232478032e-03
2.187119999999999891e+03,4.225935817232477978e-03
2.187640000000000327e+03,4.219237146402643295e-03
2.188159999999999854e+03,4.212558152242642899e-03
2.188679999999999836e+03,4.205879684172643060e-03
2.189199999999999818e+03,4.199220280012806381e-03
2.189720000000000255e+03,4.192580041012807304e-03
2.190239999999999782e+03,4.185940179832806605e-03
2.190759999999999764e+03,4.179300875672972010e-03
2.191279999999999745e+03,4.172699836672971556e-03
2.191800000000000182e+03,4.166099279932971265e-03
2.192320000000000164e+03,4.159517746772971314e-03
2.192840000000000146e+03,4.152936703613135938e-03
2.193360000000000127e+03,4.146394003613136127e-03
2.193880000000000109e+03,4.139832636593137119e-03
2.194400000000000091e+03,4.133309838273301409e-03
2.194920000000000073e+03,4.126787699273299671e-03
2.195440000000000055e+03,4.120284142533300366e-03
2.195960000000000036e+03,4.113781499373465704e-03
2.196480000000000018e+03,4.107297466213465607e-03
2.197000000000000000e+03,4.100814066213464767e-03
2.197519999999999982e+03,4.094350095033629476e-03
2.198039999999999964e+03,4.087905800873629751e-03
2.198559999999999945e+03,4.081480661873629866e-03
2.199079999999999927e+03,4.075036405133629532e-03
2.199599999999999909e+03,4.068630761973794120e-03
2.200119999999999891e+03,4.062244728813793615e-03
2.200639999999999873e+03,4.055858828813793497e-03
2.201160000000000309e+03,4.049473257633958052e-03
2.201680000000000291e+03,4.043107457633958284e-03
2.202199999999999818e+03,4.036760124473958398e-03
2.202719999999999800e+03,4.030432852244123822e-03
2.203240000000000236e+03,4.024086624574123826e-03
2.203760000000000218e+03,4.017778585574123540e-03
2.204279999999999745e+03,4.011470991414124027e-03
2.204799999999999727e+03,4.005202020234288444e-03
2.205320000000000164e+03,3.998914120234287918e-03
2.205840000000000146e+03,3.992645752164287846e-03
2.206360000000000127e+03,3.986396909004452996e-03
2.206880000000000109e+03,3.980147587174453008e-03
2.207400000000000091e+03,3.973917948174452569e-03
2.207920000000000073e+03,3.967688744014617741e-03
2.208440000000000055e+03,3.961478676994617532e-03
2.208960000000000036e+03,3.955288182834617618e-03
2.209480000000000018e+03,3.949117314764618268e-03
2.210000000000000000e+03,3.942927271604780917e-03
2.210519999999999982e+03,3.936775543934780894e-03
2.211039999999999964e+03,3.930624710774782531e-03
2.211559999999999945e+03,3.924492506614946953e-03
2.212079999999999927e+03,3.918360839594945723e-03
2.212599999999999909e+03,3.912248839594945765e-03
2.213119999999999891e+03,3.906136573205110703e-03
2.213639999999999873e+03,3.900043634205110476e-03
2.214159999999999854e+03,3.893970334205110271e-03
2.214679999999999836e+03,3.887897967535111025e-03
2.215200000000000273e+03,3.881844069215274751e-03
2.215720000000000255e+03,3.875809930215275059e-03
2.216239999999999782e+03,3.869756702195274820e-03
2.216759999999999764e+03,3.863742029965440156e-03
2.217280000000000200e+03,3.857727435805439510e-03
2.217800000000000182e+03,3.851732996805439912e-03
2.218319999999999709e+03,3.845737925975604467e-03
2.218839999999999691e+03,3.839762125975604550e-03
2.219360000000000127e+03,3.833806292815605029e-03
2.219880000000000109e+03,3.827850564795604645e-03
2.220400000000000091e+03,3.821894692565768348e-03
2.220920000000000073e+03,3.815978192565768271e-03
2.221440000000000055e+03,3.810041959405768928e-03
2.221960000000000036e+03,3.804125316245933301e-03
2.222480000000000018e+03,3.798227888575933693e-03
2.223000000000000000e+03,3.792350549575933694e-03
2.223519999999999982e+03,3.786472523236098040e-03
2.224039999999999964e+03,3.780595155166098162e-03
2.224559999999999945e+03,3.774756555166097760e-03
2.225079999999999927e+03,3.768898816166097940e-03
2.225599999999999909e+03,3.763079117846261732e-03
2.226119999999999891e+03,3.757240951176260817e-03
2.226639999999999873e+03,3.751441512176261796e-03
2.227159999999999854e+03,3.745622879996426523e-03
2.227679999999999836e+03,3.739842917766426390e-03
2.228199999999999818e+03,3.734063117766426524e-03
2.228720000000000255e+03,3.728302878766424824e-03
2.229240000000000236e+03,3.722542574606590299e-03
2.229760000000000218e+03,3.716801935606590512e-03
2.230279999999999745e+03,3.711061213776590487e-03
2.230800000000000182e+03,3.705340070616754307e-03
2.231320000000000164e+03,3.699618974526755737e-03
2.231840000000000146e+03,3.693917574526755284e-03
2.232359999999999673e+03,3.688216041366754877e-03
2.232880000000000109e+03,3.682534137206920199e-03
2.233400000000000091e+03,3.676852298206920080e-03
2.233920000000000073e+03,3.671190098206920417e-03
2.234440000000000055e+03,3.665546733217085133e-03
2.234960000000000036e+03,3.659903576127084782e-03
2.235480000000000018e+03,3.654280037127085028e-03
2.236000000000000000e+03,3.648656932967249151e-03
2.236519999999999982e+03,3.643052899807248165e-03
2.237039999999999964e+03,3.637449460807248760e-03
2.237559999999999945e+03,3.631865160807248773e-03
2.238079999999999927e+03,3.626280717647414106e-03
2.238600000000000364e+03,3.620715895817413349e-03
2.239119999999999891e+03,3.615151599727414039e-03
2.239639999999999873e+03,3.609606395567578271e-03
2.240159999999999854e+03,3.604061756567578101e-03
2.240680000000000291e+03,3.598555356567578658e-03
2.241199999999999818e+03,3.593029723407577952e-03
2.241719999999999800e+03,3.587523719247742108e-03
2.242239999999999782e+03,3.582017752577741718e-03
2.242760000000000218e+03,3.576550456487741225e-03
2.243280000000000200e+03,3.571064458167906054e-03
2.243800000000000182e+03,3.565597719167906427e-03
2.244319999999999709e+03,3.560150119167906219e-03
2.244840000000000146e+03,3.554702980167905903e-03
2.245360000000000127e+03,3.549256181848070221e-03
2.245880000000000109e+03,3.543828642848071385e-03
2.246399999999999636e+03,3.538420158088071300e-03
2.246920000000000073e+03,3.533012114928234769e-03
2.247440000000000055e+03,3.527623220768235420e-03
2.247960000000000036e+03,3.522234881768235206e-03
2.248480000000000018e+03,3.516865681768234844e-03
2.249000000000000000e+03,3.511496838608399972e-03
2.249519999999999982e+03,3.506147199608400378e-03
2.250039999999999964e+03,3.500797976378399942e-03
2.250559999999999945e+03,3.495467777528565335e-03
2.251079999999999927e+03,3.490137777528565331e-03
2.251599999999999909e+03,3.484808738528565389e-03
2.252119999999999891e+03,3.479498244368564586e-03
2.252640000000000327e+03,3.474207301208728955e-03
2.253159999999999854e+03,3.468935601208729316e-03
2.253679999999999836e+03,3.463645762208728430e-03
2.254199999999999818e+03,3.458374438978728538e-03
2.254720000000000255e+03,3.453122640128894211e-03
2.255239999999999782e+03,3.447871040128893620e-03
2.255759999999999764e+03,3.442639001128892928e-03
2.256279999999999745e+03,3.437406857969058701e-03
2.256800000000000182e+03,3.432194363809058790e-03
2.257320000000000164e+03,3.426981924809057844e-03
2.257840000000000146e+03,3.421788595739058605e-03
2.258360000000000127e+03,3.416595624559222617e-03
2.258880000000000109e+03,3.411403202729223084e-03
2.259400000000000091e+03,3.406249063729222069e-03
2.259920000000000073e+03,3.401076259569387090e-03
2.260440000000000055e+03,3.395922620569387547e-03
2.260960000000000036e+03,3.390788526409387049e-03
2.261480000000000018e+03,3.385654458339387805e-03
2.262000000000000000e+03,3.380520354179553013e-03
2.262519999999999982e+03,3.375405887159552577e-03
2.263039999999999964e+03,3.370310559489552403e-03
2.263559999999999945e+03,3.365215022169716109e-03
2.264079999999999927e+03,3.360120222169716512e-03
2.264599999999999909e+03,3.355044983169716381e-03
2.265119999999999891e+03,3.349969783169716095e-03
2.265639999999999873e+03,3.344913416779881146e-03
2.266160000000000309e+03,3.339857777779880760e-03
2.266680000000000291e+03,3.334821749759880882e-03
2.267199999999999818e+03,3.329785183089881400e-03
2.267719999999999800e+03,3.324768584770046703e-03
2.268240000000000236e+03,3.319751645770046070e-03
2.268760000000000218e+03,3.314754845770046063e-03
2.269279999999999745e+03,3.309757873540209328e-03
2.269799999999999727e+03,3.304761073540209322e-03
2.270320000000000164e+03,3.299783212360210289e-03
2.270840000000000146e+03,3.294825112360210469e-03
2.271360000000000127e+03,3.289866841530375129e-03
2.271880000000000109e+03,3.284909241530375047e-03
2.272400000000000091e+03,3.279970608370375452e-03
2.272920000000000073e+03,3.275051708370374688e-03
2.273440000000000055e+03,3.270132636140539797e-03
2.273960000000000036e+03,3.265214236140539638e-03
2.274480000000000018e+03,3.260314869120539694e-03
2.275000000000000000e+03,3.255415870800703899e-03
2.275519999999999982e+03,3.250517004130704102e-03
2.276039999999999964e+03,3.245637304130703695e-03
2.276559999999999945e+03,3.240777165130703623e-03
2.277079999999999927e+03,3.235897766810868440e-03
2.277599999999999909e+03,3.231057198740868667e-03
2.278119999999999891e+03,3.226216659740868773e-03
2.278639999999999873e+03,3.221376131720867040e-03
2.279159999999999854e+03,3.216554994401032812e-03
2.279679999999999836e+03,3.211734566731033139e-03
2.280200000000000273e+03,3.206933227731033169e-03
2.280720000000000255e+03,3.202131823571197338e-03
2.281239999999999782e+03,3.197349555501197062e-03
2.281759999999999764e+03,3.192568261341197609e-03
2.282280000000000200e+03,3.187786522341197817e-03
2.282800000000000182e+03,3.183024290161361528e-03
2.283319999999999709e+03,3.178262651161361217e-03
2.283839999999999691e+03,3.173519529331361808e-03
2.284360000000000127e+03,3.168776990331361506e-03
2.284880000000000109e+03,3.164034886171525948e-03
2.285400000000000091e+03,3.159331018101526386e-03
2.285920000000000073e+03,3.154608118101525673e-03
2.286440000000000055e+03,3.149904580781690781e-03
2.286960000000000036e+03,3.145201752761690468e-03
2.287480000000000018e+03,3.140518013761691134e-03
2.288000000000000000e+03,3.135834313761690778e-03
2.288519999999999982e+03,3.131169448771855233e-03
2.289039999999999964e+03,3.126505348771855056e-03
2.289559999999999945e+03,3.121860780701854899e-03
2.290079999999999927e+03,3.117216280701855333e-03
2.290599999999999909e+03,3.112571637542019785e-03
2.291119999999999891e+03,3.107927515362019031e-03
2.291639999999999873e+03,3.103321676362019808e-03
2.292159999999999854e+03,3.098715876362019561e-03
2.292679999999999836e+03,3.094110905532184569e-03
2.293199999999999818e+03,3.089505482302184938e-03
2.293720000000000255e+03,3.084919743302184762e-03
2.294240000000000236e+03,3.080333939142349594e-03
2.294760000000000218e+03,3.075767800142348730e-03
2.295279999999999745e+03,3.071201672122349062e-03
2.295800000000000182e+03,3.066655038962349568e-03
2.296320000000000164e+03,3.062107934802513719e-03
2.296840000000000146e+03,3.057561895802513637e-03
2.297359999999999673e+03,3.053034439062513386e-03
2.297880000000000109e+03,3.048507500062513746e-03
2.298400000000000091e+03,3.044000001742678315e-03
2.298920000000000073e+03,3.039492162742678250e-03
2.299440000000000055e+03,3.034985334722677987e-03
2.299960000000000036e+03,3.030497095722677666e-03
2.300480000000000018e+03,3.026009697402842584e-03
2.301000000000000000e+03,3.021541058402842442e-03
2.301519999999999982e+03,3.017073401662842200e-03
2.302039999999999964e+03,3.012624258503006965e-03
2.302559999999999945e+03,3.008175758503006583e-03
2.303079999999999927e+03,3.003726625343006943e-03
2.303600000000000364e+03,2.999297697323006790e-03
2.304119999999999891e+03,2.994868654163171471e-03
2.304639999999999873e+03,2.990458854163171275e-03
2.305159999999999854e+03,2.986030321003172155e-03
2.305680000000000291e+03,2.981640064263171852e-03
2.306199999999999818e+03,2.977231121103336448e-03
2.306719999999999800e+03,2.972860521103336609e-03
2.307239999999999782e+03,2.968470782103336918e-03
2.307760000000000218e+03,2.964100559923335456e-03
2.308280000000000200e+03,2.959730316763499805e-03
2.308800000000000182e+03,2.955379816763500315e-03
2.309319999999999709e+03,2.951028777763499943e-03
2.309840000000000146e+03,2.946697848693500318e-03
2.310360000000000127e+03,2.942366683703664509e-03
2.310880000000000109e+03,2.938035783703664763e-03
2.311399999999999636e+03,2.933704844703664740e-03
2.311920000000000073e+03,2.929412644703665181e-03
2.312440000000000055e+03,2.925101079363829574e-03
2.312960000000000036e+03,2.920809379363829318e-03
2.313480000000000018e+03,2.916517640363829652e-03
2.314000000000000000e+03,2.912245407133993991e-03
2.314519999999999982e+03,2.907972768133993899e-03
2.315039999999999964e+03,2.903700546303994174e-03
2.315559999999999945e+03,2.899448007303993997e-03
2.316079999999999927e+03,2.895195403144158394e-03
2.316599999999999909e+03,2.890962436124158881e-03
2.317119999999999891e+03,2.886729036124158123e-03
2.317640000000000327e+03,2.882496002964158449e-03
2.318159999999999854e+03,2.878282569734322890e-03
2.318679999999999836e+03,2.874069230734323070e-03
2.319199999999999818e+03,2.869855903064322689e-03
2.319720000000000255e+03,2.865662069904322939e-03
2.320239999999999782e+03,2.861468265744487004e-03
2.320759999999999764e+03,2.857294098724487592e-03
2.321279999999999745e+03,2.853119498724487803e-03
2.321800000000000182e+03,2.848945898724487488e-03
2.322320000000000164e+03,2.844790632334651907e-03
2.322840000000000146e+03,2.840636132334651599e-03
2.323360000000000127e+03,2.836482093334651618e-03
2.323880000000000109e+03,2.832346665664651781e-03
2.324400000000000091e+03,2.828230722504816979e-03
2.324920000000000073e+03,2.824096228344816911e-03
2.325440000000000055e+03,2.819980861324816734e-03
2.325960000000000036e+03,2.815865561324816784e-03
2.326480000000000018e+03,2.811769189094980980e-03
2.327000000000000000e+03,2.807673989094980945e-03
2.327519999999999982e+03,2.803597255934980794e-03
2.328039999999999964e+03,2.799502055934981193e-03
2.328559999999999945e+03,2.795444885105145653e-03
2.329079999999999927e+03,2.791368785105145627e-03
2.329599999999999909e+03,2.787312162925145286e-03
2.330119999999999891e+03,2.783255662925145871e-03
2.330639999999999873e+03,2.779218590695310340e-03
2.331160000000000309e+03,2.775181690695311103e-03
2.331680000000000291e+03,2.771144790695310566e-03
2.332199999999999818e+03,2.767127357535310687e-03
2.332719999999999800e+03,2.763110453375475228e-03
2.333240000000000236e+03,2.759093125705475331e-03
2.333760000000000218e+03,2.755095425705475151e-03
2.334279999999999745e+03,2.751097658685474744e-03
2.334799999999999727e+03,2.747118831295639312e-03
2.335320000000000164e+03,2.743121631295638869e-03
2.335840000000000146e+03,2.739162592295639031e-03
2.336360000000000127e+03,2.735184992295639200e-03
2.336880000000000109e+03,2.731226388135804106e-03
2.337400000000000091e+03,2.727287366305803946e-03
2.337920000000000073e+03,2.723328827305803845e-03
2.338440000000000055e+03,2.719389899285803817e-03
2.338960000000000036e+03,2.715451395125968205e-03
2.339480000000000018e+03,2.711532027055968581e-03
2.340000000000000000e+03,2.707612632895969006e-03
2.340519999999999982e+03,2.703693832895968843e-03
2.341039999999999964e+03,2.699794028736133417e-03
2.341559999999999945e+03,2.695894289736133417e-03
2.342079999999999927e+03,2.691995062066133027e-03
2.342599999999999909e+03,2.688114867906132941e-03
2.343119999999999891e+03,2.684253735726297753e-03
2.343639999999999873e+03,2.680373567656297619e-03
2.344159999999999854e+03,2.676513067656297387e-03
2.344679999999999836e+03,2.672652973496297216e-03
2.345200000000000273e+03,2.668792330336461870e-03
2.345720000000000255e+03,2.664951930336461553e-03
2.346239999999999782e+03,2.661111030336461500e-03
2.346759999999999764e+03,2.657289702666462087e-03
2.347280000000000200e+03,2.653449037326626164e-03
2.347800000000000182e+03,2.649647308256626154e-03
2.348319999999999709e+03,2.645826008256625846e-03
2.348839999999999691e+03,2.642024769256626042e-03
2.349360000000000127e+03,2.638222965096790641e-03
2.349880000000000109e+03,2.634441270936791184e-03
2.350400000000000091e+03,2.630659170936790799e-03
2.350920000000000073e+03,2.626877031936791004e-03
2.351440000000000055e+03,2.623095300106954679e-03
2.351960000000000036e+03,2.619333272086955128e-03
2.352480000000000018e+03,2.615570648856954932e-03
2.353000000000000000e+03,2.611827709856955494e-03
2.353519999999999982e+03,2.608085205697120365e-03
2.354039999999999964e+03,2.604342305697120337e-03
2.354559999999999945e+03,2.600618966697119776e-03
2.355079999999999927e+03,2.596876972537119979e-03
2.355599999999999909e+03,2.593154068377285029e-03
2.356119999999999891e+03,2.589450340707284519e-03
2.356639999999999873e+03,2.585746544617284742e-03
2.357159999999999854e+03,2.582043344617284374e-03
2.357679999999999836e+03,2.578339946297449059e-03
2.358199999999999818e+03,2.574656346297449303e-03
2.358720000000000255e+03,2.570972207297448665e-03
2.359240000000000236e+03,2.567307707297448918e-03
2.359760000000000218e+03,2.563624607297449332e-03
2.360279999999999745e+03,2.559959869977613059e-03
2.360800000000000182e+03,2.556315469977613660e-03
2.361320000000000164e+03,2.552670985217613594e-03
2.361840000000000146e+03,2.549026585217613328e-03
2.362359999999999673e+03,2.545382042057777947e-03
2.362880000000000109e+03,2.541756647897778446e-03
2.363400000000000091e+03,2.538131847897778359e-03
2.363920000000000073e+03,2.534507047897778705e-03
2.364440000000000055e+03,2.530901704737942379e-03
2.364960000000000036e+03,2.527296504737942470e-03
2.365480000000000018e+03,2.523691210577942452e-03
2.366000000000000000e+03,2.520104986817942472e-03
2.366519999999999982e+03,2.516519282658106604e-03
2.367039999999999964e+03,2.512933682658106873e-03
2.367559999999999945e+03,2.509348582658106445e-03
2.368079999999999927e+03,2.505782449498106506e-03
2.368600000000000364e+03,2.502216345338271683e-03
2.369119999999999891e+03,2.498669945338271442e-03
2.369639999999999873e+03,2.495103945338271456e-03
2.370159999999999854e+03,2.491557477268271491e-03
2.370680000000000291e+03,2.488030423258435694e-03
2.371199999999999818e+03,2.484484523258435624e-03
2.371719999999999800e+03,2.480976784258435725e-03
2.372239999999999782e+03,2.477449984258436096e-03
2.372760000000000218e+03,2.473923684258436204e-03
2.373280000000000200e+03,2.470416285938600073e-03
2.373800000000000182e+03,2.466928646938600089e-03
2.374319999999999709e+03,2.463422446938600113e-03
2.374840000000000146e+03,2.459934817868600528e-03
2.375360000000000127e+03,2.456447058018765197e-03
2.375880000000000109e+03,2.452978424858765112e-03
2.376399999999999636e+03,2.449491324858765143e-03
2.376920000000000073e+03,2.446023824858764920e-03
2.377440000000000055e+03,2.442575320698929867e-03
2.377960000000000036e+03,2.439126881698929807e-03
2.378480000000000018e+03,2.435678387538929915e-03
2.379000000000000000e+03,2.432230487538929436e-03
2.379519999999999982e+03,2.428782415309093962e-03
2.380039999999999964e+03,2.425353587289093976e-03
2.380559999999999945e+03,2.421925259619094137e-03
2.381079999999999927e+03,2.418516059619093845e-03
2.381599999999999909e+03,2.415107122299258932e-03
2.382119999999999891e+03,2.411678822299258632e-03
2.382640000000000327e+03,2.408289222299258518e-03
2.383159999999999854e+03,2.404880522299258829e-03
2.383679999999999836e+03,2.401510454229258736e-03
2.384199999999999818e+03,2.398121155909422979e-03
2.384720000000000255e+03,2.394732027889423086e-03
2.385239999999999782e+03,2.391362500219422482e-03
2.385759999999999764e+03,2.387992961219422873e-03
2.386279999999999745e+03,2.384642457059586978e-03
2.386800000000000182e+03,2.381273362899587274e-03
2.387320000000000164e+03,2.377922923899587673e-03
2.387840000000000146e+03,2.374592623899586964e-03
2.388360000000000127e+03,2.371242590669752227e-03
2.388880000000000109e+03,2.367911790669752214e-03
2.389400000000000091e+03,2.364581329489752470e-03
2.389920000000000073e+03,2.361270629489752373e-03
2.390440000000000055e+03,2.357940301819752126e-03
2.390960000000000036e+03,2.354629497659916759e-03
2.391480000000000018e+03,2.351319258659916554e-03
2.392000000000000000e+03,2.348027564499916790e-03
2.392519999999999982e+03,2.344736464499916871e-03
2.393039999999999964e+03,2.341445731270081106e-03
2.393559999999999945e+03,2.338154592270081343e-03
2.394079999999999927e+03,2.334883064250080787e-03
2.394599999999999909e+03,2.331611564250080613e-03
2.395119999999999891e+03,2.328340432420245801e-03
2.395639999999999873e+03,2.325088493420245529e-03
2.396160000000000309e+03,2.321816993420245789e-03
2.396680000000000291e+03,2.318584693420245538e-03
2.397199999999999818e+03,2.315332793420245543e-03
2.397719999999999800e+03,2.312100821190410035e-03
2.398240000000000236e+03,2.308868521190409785e-03
2.398760000000000218e+03,2.305636193170410454e-03
2.399279999999999745e+03,2.302404354170410096e-03
2.399799999999999727e+03,2.299191550010574320e-03
2.400320000000000164e+03,2.295979322340574447e-03
2.400840000000000146e+03,2.292767122340574545e-03
2.401360000000000127e+03,2.289573983340574374e-03
2.401880000000000109e+03,2.286381279180739381e-03
2.402400000000000091e+03,2.283188150110739608e-03
2.402920000000000073e+03,2.279996050110739622e-03
2.403440000000000055e+03,2.276822511110739196e-03
2.403960000000000036e+03,2.273648983090739099e-03
2.404480000000000018e+03,2.270475878930903416e-03
2.405000000000000000e+03,2.267321978930903880e-03
2.405519999999999982e+03,2.264149412260903823e-03
2.406039999999999964e+03,2.260996012260904024e-03
2.406559999999999945e+03,2.257861608101068094e-03
2.407079999999999927e+03,2.254708679031067718e-03
2.407599999999999909e+03,2.251574340031068516e-03
2.408119999999999891e+03,2.248440540031068028e-03
2.408639999999999873e+03,2.245326312011068203e-03
2.409159999999999854e+03,2.242192407851232878e-03
2.409679999999999836e+03,2.239078168851232724e-03
2.410200000000000273e+03,2.235963968851232848e-03
2.410720000000000255e+03,2.232869341181232745e-03
2.411239999999999782e+03,2.229755037021397598e-03
2.411759999999999764e+03,2.226679468951397317e-03
2.412280000000000200e+03,2.223584868951397620e-03
2.412800000000000182e+03,2.220490768951397225e-03
2.413319999999999709e+03,2.217415664791561568e-03
2.413839999999999691e+03,2.214340597771561822e-03
2.414360000000000127e+03,2.211266097771561173e-03
2.414880000000000109e+03,2.208210697771561398e-03
2.415400000000000091e+03,2.205155270101561652e-03
2.415920000000000073e+03,2.202099726941726329e-03
2.416440000000000055e+03,2.199044826941725858e-03
2.416960000000000036e+03,2.196008997871725949e-03
2.417480000000000018e+03,2.192973197871725920e-03
2.418000000000000000e+03,2.189937754711890512e-03
2.418519999999999982e+03,2.186902426691891138e-03
2.419039999999999964e+03,2.183867126691890845e-03
2.419559999999999945e+03,2.180850926691890561e-03
2.420079999999999927e+03,2.177834687691890866e-03
2.420599999999999909e+03,2.174838455862055254e-03
2.421119999999999891e+03,2.171841855862055148e-03
2.421639999999999873e+03,2.168845226792055162e-03
2.422159999999999854e+03,2.165849087792054949e-03
2.422679999999999836e+03,2.162852883632219309e-03
2.423199999999999818e+03,2.159876383632219551e-03
2.423720000000000255e+03,2.156899855612219412e-03
2.424240000000000236e+03,2.153922816612219640e-03
2.424760000000000218e+03,2.150946816612219186e-03
2.425279999999999745e+03,2.147989312452383732e-03
2.425800000000000182e+03,2.145032384782384182e-03
2.426320000000000164e+03,2.142075416712384880e-03
2.426840000000000146e+03,2.139118516712384867e-03
2.427359999999999673e+03,2.136181112552549329e-03
2.427880000000000109e+03,2.133243812552549062e-03
2.428400000000000091e+03,2.130306445532549001e-03
2.428920000000000073e+03,2.127369645532549338e-03
2.429440000000000055e+03,2.124451945532549683e-03
2.429960000000000036e+03,2.121534141372713456e-03
2.430480000000000018e+03,2.118616402372713522e-03
2.431000000000000000e+03,2.115699202372713604e-03
2.431519999999999982e+03,2.112800573302713210e-03
2.432039999999999964e+03,2.109902473302713299e-03
2.432559999999999945e+03,2.107004730142878444e-03
2.433079999999999927e+03,2.104106630142877667e-03
2.433600000000000364e+03,2.101228602122877723e-03
2.434119999999999891e+03,2.098350102122877991e-03
2.434639999999999873e+03,2.095471958963042447e-03
2.435159999999999854e+03,2.092593458963042281e-03
2.435680000000000291e+03,2.089734558963042728e-03
2.436199999999999818e+03,2.086856529893042420e-03
2.436719999999999800e+03,2.083998090893042325e-03
2.437239999999999782e+03,2.081158686733206812e-03
2.437760000000000218e+03,2.078300286733206562e-03
2.438280000000000200e+03,2.075461486733206056e-03
2.438800000000000182e+03,2.072622119713206888e-03
2.439319999999999709e+03,2.069783215553371546e-03
2.439840000000000146e+03,2.066963515553371482e-03
2.440360000000000127e+03,2.064125215553371580e-03
2.440880000000000109e+03,2.061305476553371673e-03
2.441399999999999636e+03,2.058505847483371645e-03
2.441920000000000073e+03,2.055686543323535613e-03
2.442440000000000055e+03,2.052886943323535898e-03
2.442960000000000036e+03,2.050087304323535906e-03
2.443480000000000018e+03,2.047287704323536191e-03
2.444000000000000000e+03,2.044488076303536093e-03
2.444519999999999982e+03,2.041707972143700419e-03
2.445039999999999964e+03,2.038908333143700426e-03
2.445559999999999945e+03,2.036147933143700201e-03
2.446079999999999927e+03,2.033367904073700785e-03
2.446599999999999909e+03,2.030607399913865289e-03
2.447119999999999891e+03,2.027827899913865490e-03
2.447640000000000327e+03,2.025067960913865157e-03
2.448159999999999854e+03,2.022307560913864932e-03
2.448679999999999836e+03,2.019566760913865319e-03
2.449199999999999818e+03,2.016825828734029186e-03
2.449720000000000255e+03,2.014084989734029729e-03
2.450239999999999782e+03,2.011344689734029419e-03
2.450759999999999764e+03,2.008604389734029109e-03
2.451279999999999745e+03,2.005883160664029361e-03
2.451800000000000182e+03,2.003161817504194378e-03
2.452320000000000164e+03,2.000441117504194247e-03
2.452840000000000146e+03,1.997719917504194378e-03
2.453360000000000127e+03,1.994999717504193984e-03
2.453880000000000109e+03,1.992297974344358746e-03
2.454400000000000091e+03,1.989596846324358844e-03
2.454920000000000073e+03,1.986895246324358721e-03
2.455440000000000055e+03,1.984213246324359210e-03
2.455960000000000036e+03,1.981512607324359149e-03
2.456480000000000018e+03,1.978830474094523187e-03
2.457000000000000000e+03,1.976148974094523413e-03
2.457519999999999982e+03,1.973467974094523375e-03
2.458039999999999964e+03,1.970805535094523331e-03
2.458559999999999945e+03,1.968143635094522868e-03
2.459079999999999927e+03,1.965462530934687559e-03
2.459599999999999909e+03,1.962819730934687538e-03
2.460119999999999891e+03,1.960158330934687679e-03
2.460639999999999873e+03,1.957515491934687379e-03
2.461160000000000309e+03,1.954854062864688075e-03
2.461680000000000291e+03,1.952211658704852953e-03
2.462199999999999818e+03,1.949569858704852188e-03
2.462719999999999800e+03,1.946947119704852671e-03
2.463240000000000236e+03,1.944323919704852395e-03
2.463760000000000218e+03,1.941701615545016971e-03
2.464279999999999745e+03,1.939078915545016865e-03
2.464799999999999727e+03,1.936456676545017085e-03
2.465320000000000164e+03,1.933854076545016894e-03
2.465840000000000146e+03,1.931231876545016742e-03
2.466360000000000127e+03,1.928628643315181447e-03
2.466880000000000109e+03,1.926045104315180986e-03
2.467400000000000091e+03,1.923442504315181229e-03
2.467920000000000073e+03,1.920859004315181263e-03
2.468440000000000055e+03,1.918276004315181251e-03
2.468960000000000036e+03,1.915692400155346014e-03
2.469480000000000018e+03,1.913109361155345724e-03
2.470000000000000000e+03,1.910545461155346153e-03
2.470519999999999982e+03,1.907962961155346094e-03
2.471039999999999964e+03,1.905399061155345873e-03
2.471559999999999945e+03,1.902835988925509914e-03
2.472079999999999927e+03,1.900272588925509864e-03
2.472599999999999909e+03,1.897728288925510038e-03
2.473119999999999891e+03,1.895184488925510382e-03
2.473639999999999873e+03,1.892640649925510232e-03
2.474159999999999854e+03,1.890096745765674872e-03
2.474679999999999836e+03,1.887553445765674737e-03
2.475200000000000273e+03,1.885028745765674439e-03
2.475720000000000255e+03,1.882504545765674529e-03
2.476239999999999782e+03,1.879980202605839503e-03
2.476759999999999764e+03,1.877456473535839233e-03
2.477280000000000200e+03,1.874932273535839323e-03
2.477800000000000182e+03,1.872427673535839157e-03
2.478319999999999709e+03,1.869923034535839797e-03
2.478839999999999691e+03,1.867418830376004098e-03
2.479360000000000127e+03,1.864914730376003886e-03
2.479880000000000109e+03,1.862410630376003674e-03
2.480400000000000091e+03,1.859925591376003842e-03
2.480920000000000073e+03,1.857440591376003855e-03
2.481440000000000055e+03,1.854955987216168334e-03
2.481960000000000036e+03,1.852470958146168467e-03
2.482480000000000018e+03,1.850006058146168612e-03
2.483000000000000000e+03,1.847521519146168517e-03
2.483519999999999982e+03,1.845056619146168662e-03
2.484039999999999964e+03,1.842591114986333149e-03
2.484559999999999945e+03,1.840145314986333302e-03
2.485079999999999927e+03,1.837680375986333169e-03
2.485599999999999909e+03,1.835235075986333493e-03
2.486119999999999891e+03,1.832770675986333591e-03
2.486639999999999873e+03,1.830325271826497777e-03
2.487159999999999854e+03,1.827899032826497397e-03
2.487679999999999836e+03,1.825454232826497891e-03
2.488199999999999818e+03,1.823028032826497571e-03
2.488720000000000255e+03,1.820602832826497377e-03
2.489240000000000236e+03,1.818177028666662391e-03
2.489760000000000218e+03,1.815751289666661964e-03
2.490279999999999745e+03,1.813344689666662041e-03
2.490800000000000182e+03,1.810919989666662016e-03
2.491320000000000164e+03,1.808513889666662480e-03
2.491840000000000146e+03,1.806107646506826528e-03
2.492359999999999673e+03,1.803702046506826728e-03
2.492880000000000109e+03,1.801315046506826766e-03
2.493400000000000091e+03,1.798909446506826533e-03
2.493920000000000073e+03,1.796523407506826634e-03
2.494440000000000055e+03,1.794136803346991355e-03
2.494960000000000036e+03,1.791750803346991083e-03
2.495480000000000018e+03,1.789383903346991253e-03
2.496000000000000000e+03,1.787017003346991423e-03
2.496519999999999982e+03,1.784631464346991044e-03
2.497039999999999964e+03,1.782264460187155510e-03
2.497559999999999945e+03,1.779898060187155634e-03
2.498079999999999927e+03,1.777551260187155719e-03
2.498600000000000364e+03,1.775184821187155348e-03
2.499119999999999891e+03,1.772837521187155480e-03
2.499639999999999873e+03,1.770490617027320078e-03
2.500159999999999854e+03,1.768143817027320380e-03
2.500680000000000291e+03,1.765797517027320419e-03
2.501199999999999818e+03,1.763469778027320451e-03
2.501719999999999800e+03,1.761142578027320065e-03
2.502239999999999782e+03,1.758815273867484624e-03
2.502760000000000218e+03,1.756488073867484888e-03
2.503280000000000200e+03,1.754160834867484657e-03
2.503800000000000182e+03,1.751834134867484441e-03
2.504319999999999709e+03,1.749526534867484450e-03
2.504840000000000146e+03,1.747218830707648971e-03
2.505360000000000127e+03,1.744911230707648980e-03
2.505880000000000109e+03,1.742604091707649098e-03
2.506399999999999636e+03,1.740296991707649277e-03
2.506920000000000073e+03,1.738008991707649248e-03
2.507440000000000055e+03,1.735720887547813947e-03
2.507960000000000036e+03,1.733432848547814291e-03
2.508480000000000018e+03,1.731144848547814261e-03
2.509000000000000000e+03,1.728857848547813705e-03
2.509519999999999982e+03,1.726570348547814063e-03
2.510039999999999964e+03,1.724301844387978290e-03
2.510559999999999945e+03,1.722033405387978161e-03
2.511079999999999927e+03,1.719765505387978264e-03
2.511599999999999909e+03,1.717497605387978150e-03
2.512119999999999891e+03,1.715229705387978469e-03
2.512640000000000327e+03,1.712981262228142768e-03
2.513159999999999854e+03,1.710732462228142878e-03
2.513679999999999836e+03,1.708484162228142726e-03
2.514199999999999818e+03,1.706236362228142310e-03
2.514720000000000255e+03,1.703988062228142591e-03
2.515239999999999782e+03,1.701739619068307324e-03
2.515759999999999764e+03,1.699510919068307349e-03
2.516279999999999745e+03,1.697282219068307592e-03
2.516800000000000182e+03,1.695053519068307401e-03
2.517320000000000164e+03,1.692824780068307366e-03
2.517840000000000146e+03,1.690615575908471866e-03
2.518360000000000127e+03,1.688387375908471846e-03
2.518880000000000109e+03,1.686178275908471833e-03
2.519400000000000091e+03,1.683969175908471821e-03
2.519920000000000073e+03,1.681760536908471701e-03
2.520440000000000055e+03,1.679551436908471689e-03
2.520960000000000036e+03,1.677361936908471638e-03
2.521480000000000018e+03,1.675153336908471796e-03
2.522000000000000000e+03,1.672963836908471745e-03
2.522519999999999982e+03,1.670774797908471804e-03
2.523039999999999964e+03,1.668585797908471923e-03
2.523559999999999945e+03,1.666396797908471610e-03
2.524079999999999927e+03,1.664226897908471954e-03
2.524599999999999909e+03,1.662056958908471587e-03
2.525119999999999891e+03,1.659887558908471668e-03
2.525639999999999873e+03,1.657718158908471967e-03
2.526160000000000309e+03,1.655548758908472048e-03
2.526680000000000291e+03,1.653379358908471696e-03
2.527199999999999818e+03,1.651229519908471895e-03
2.527719999999999800e+03,1.649060119908471759e-03
2.528240000000000236e+03,1.646910319908471802e-03
2.528760000000000218e+03,1.644760519908472062e-03
2.529279999999999745e+03,1.642611180908471998e-03
2.529799999999999727e+03,1.640480480908471615e-03
2.530320000000000164e+03,1.638331180908472046e-03
2.530840000000000146e+03,1.636200980908471833e-03
2.531360000000000127e+03,1.634070780908471838e-03
2.531880000000000109e+03,1.631940541908471782e-03
2.532400000000000091e+03,1.629810841908471957e-03
2.532920000000000073e+03,1.627680641908471745e-03
2.533440000000000055e+03,1.625570041908471711e-03
2.533960000000000036e+03,1.623459441908471895e-03
2.534480000000000018e+03,1.621349302908471970e-03
2.535000000000000000e+03,1.619238702908471720e-03
2.535519999999999982e+03,1.617128602908471857e-03
2.536039999999999964e+03,1.615037602908471785e-03
2.536559999999999945e+03,1.612927963908471814e-03
2.537079999999999927e+03,1.610836963908471742e-03
2.537599999999999909e+03,1.608746463908471841e-03
2.538119999999999891e+03,1.606655463908471769e-03
2.538639999999999873e+03,1.604564963908471434e-03
2.539159999999999854e+03,1.602494024908471867e-03
2.539679999999999836e+03,1.600403524908471532e-03
2.540200000000000273e+03,1.598332624908471158e-03
2.540720000000000255e+03,1.596261724908471001e-03
2.541239999999999782e+03,1.594190824908471278e-03
2.541759999999999764e+03,1.592119885908471061e-03
2.542280000000000200e+03,1.590049485908471508e-03
2.542800000000000182e+03,1.587997685908471143e-03
2.543319999999999709e+03,1.585946385908471382e-03
2.543839999999999691e+03,1.583875985908471395e-03
2.544360000000000127e+03,1.581825146908471527e-03
2.544880000000000109e+03,1.579773846908471332e-03
2.545400000000000091e+03,1.577741646908471362e-03
2.545920000000000073e+03,1.575710446908471299e-03
2.546440000000000055e+03,1.573659607908471213e-03
2.546960000000000036e+03,1.571627907908471197e-03
2.547480000000000018e+03,1.569596207908471397e-03
2.548000000000000000e+03,1.567565007908471118e-03
2.548519999999999982e+03,1.565552907908471063e-03
2.549039999999999964e+03,1.563521668908471156e-03
2.549559999999999945e+03,1.561509568908471101e-03
2.550079999999999927e+03,1.559478868908471209e-03
2.550599999999999909e+03,1.557466768908471371e-03
2.551119999999999891e+03,1.555455168908471053e-03
2.551639999999999873e+03,1.553462629908471115e-03
2.552159999999999854e+03,1.551451529908470968e-03
2.552679999999999836e+03,1.549459029908471308e-03
2.553199999999999818e+03,1.547447429908471207e-03
2.553720000000000255e+03,1.545455429908471285e-03
2.554240000000000236e+03,1.543482490908471092e-03
2.554760000000000218e+03,1.541490990908471340e-03
2.555279999999999745e+03,1.539498990908471200e-03
2.555800000000000182e+03,1.537526590908471240e-03
2.556320000000000164e+03,1.535535051908471426e-03
2.556840000000000146e+03,1.533562651908471249e-03
2.557359999999999673e+03,1.531590251908471288e-03
2.557880000000000109e+03,1.529617851908471110e-03
2.558400000000000091e+03,1.527645951908471319e-03
2.558920000000000073e+03,1.525693112908471476e-03
2.559440000000000055e+03,1.523740312908471476e-03
2.559960000000000036e+03,1.521768412908471252e-03
2.560480000000000018e+03,1.519815612908471253e-03
2.561000000000000000e+03,1.517863312908471207e-03
2.561519999999999982e+03,1.515930073908471325e-03
2.562039999999999964e+03,1.513977773908471497e-03
2.562559999999999491e+03,1.512025473908471234e-03
2.563079999999999927e+03,1.510092273908471196e-03
2.563600000000000364e+03,1.508159573908471112e-03
2.564119999999999891e+03,1.506226834908471184e-03
2.564639999999999873e+03,1.504294134908471317e-03
2.565160000000000309e+03,1.502361434908471233e-03
2.565679999999999836e+03,1.500447834908471157e-03
2.566199999999999818e+03,1.498515634908471244e-03
2.566720000000000255e+03,1.496601995908471323e-03
2.567239999999999782e+03,1.494688895908471201e-03
2.567760000000000218e+03,1.492775795908471079e-03
2.568279999999999745e+03,1.490862695908471173e-03
2.568800000000000182e+03,1.488950095908471221e-03
2.569320000000000164e+03,1.487056056908471046e-03
2.569839999999999691e+03,1.485162556908471102e-03
2.570360000000000127e+03,1.483249956908471150e-03
2.570880000000000109e+03,1.481356956908471160e-03
2.571399999999999636e+03,1.479463456908471216e-03
2.571920000000000073e+03,1.477589517908471607e-03
2.572440000000000509e+03,1.475696517908471183e-03
2.572960000000000036e+03,1.473803017908471239e-03
2.573480000000000018e+03,1.471929117908471257e-03
2.574000000000000000e+03,1.470055678908471384e-03
2.574519999999999982e+03,1.468181778908471402e-03
2.575039999999999964e+03,1.466308378908471157e-03
2.575559999999999945e+03,1.464434978908471345e-03
2.576079999999999927e+03,1.462561578908471317e-03
2.576600000000000364e+03,1.460707239908471235e-03
2.577119999999999891e+03,1.458853439908471168e-03
2.577640000000000327e+03,1.456999139908471148e-03
2.578159999999999854e+03,1.455145339908471514e-03
2.578679999999999836e+03,1.453272439908471440e-03
2.579200000000000273e+03,1.451438200908471273e-03
2.579719999999999800e+03,1.449584400908471207e-03
2.580239999999999782e+03,1.447749700908471581e-03
2.580760000000000218e+03,1.445896400908471251e-03
2.581279999999999745e+03,1.444062200908471363e-03
2.581800000000000182e+03,1.442227961908471197e-03
2.582320000000000164e+03,1.440393761908471092e-03
2.582840000000000146e+03,1.438560061908471157e-03
2.583360000000000127e+03,1.436744961908471060e-03
2.583879999999999654e+03,1.434911261908471125e-03
2.584400000000000091e+03,1.433096622908471137e-03
2.584920000000000073e+03,1.431282022908471211e-03
2.585439999999999600e+03,1.429467422908471284e-03
2.585960000000000036e+03,1.427653322908471094e-03
2.586480000000000473e+03,1.425839222908471338e-03
2.587000000000000000e+03,1.424025083908471521e-03
2.587519999999999982e+03,1.422230083908471339e-03
2.588039999999999964e+03,1.420435083908471157e-03
2.588559999999999945e+03,1.418621483908471355e-03
2.589079999999999927e+03,1.416826483908471390e-03
2.589599999999999909e+03,1.415031944908471317e-03
2.590119999999999891e+03,1.413256544908471314e-03
2.590640000000000327e+03,1.411462044908471519e-03
2.591159999999999854e+03,1.409667544908471291e-03
2.591680000000000291e+03,1.407892644908471458e-03
2.592200000000000273e+03,1.406117205908471394e-03
2.592719999999999800e+03,1.404323205908471119e-03
2.593240000000000236e+03,1.402548305908471286e-03
2.593759999999999764e+03,1.400793005908471198e-03
2.594279999999999745e+03,1.399018105908471366e-03
2.594800000000000182e+03,1.397243666908471208e-03
2.595319999999999709e+03,1.395487866908471167e-03
2.595840000000000146e+03,1.393732566908471296e-03
2.596360000000000127e+03,1.391977266908471208e-03
2.596880000000000109e+03,1.390221966908471119e-03
2.597400000000000091e+03,1.388467166908471202e-03
2.597919999999999618e+03,1.386712327908471223e-03
2.598440000000000055e+03,1.384957527908471089e-03
2.598960000000000036e+03,1.383221327908471443e-03
2.599479999999999563e+03,1.381467027908471262e-03
