z_mm__Bz_on_axis,Total_potential_T__Bz_on_axis
-2.599479999999999563e+03,1.182594539963945004e-03
-2.598960000000000036e+03,1.184104265013061902e-03
-2.598440000000000055e+03,1.185632719103061651e-03
-2.597919999999999618e+03,1.187142444152178766e-03
-2.597400000000000091e+03,1.188671242581295848e-03
-2.596880000000000109e+03,1.190200039610412371e-03
-2.596360000000000127e+03,1.191728866059529402e-03
-2.595840000000000146e+03,1.193276379749529190e-03
-2.595319999999999709e+03,1.194805177128646125e-03
-2.594800000000000182e+03,1.196334003227763395e-03
-2.594279999999999745e+03,1.197881900606880120e-03
-2.593759999999999764e+03,1.199429482366879849e-03
-2.593240000000000236e+03,1.200977379745997008e-03
-2.592719999999999800e+03,1.202506205845114496e-03
-2.592200000000000273e+03,1.204054103224231221e-03
-2.591680000000000291e+03,1.205621061253348133e-03
-2.591159999999999854e+03,1.207168615343348107e-03
-2.590640000000000327e+03,1.208716540392464804e-03
-2.590119999999999891e+03,1.210283538821581685e-03
-2.589599999999999909e+03,1.211850563870698824e-03
-2.589079999999999927e+03,1.213417562299815922e-03
-2.588559999999999945e+03,1.214984243009815728e-03
-2.588039999999999964e+03,1.216551212368932730e-03
-2.587519999999999982e+03,1.218118238818049993e-03
-2.587000000000000000e+03,1.219685196847166688e-03
-2.586480000000000473e+03,1.221271323296283309e-03
-2.585960000000000036e+03,1.222837975986283384e-03
-2.585439999999999600e+03,1.224424102435400438e-03
-2.584920000000000073e+03,1.226010199464517203e-03
-2.584400000000000091e+03,1.227596268823634429e-03
-2.583879999999999654e+03,1.229182422942751022e-03
-2.583360000000000127e+03,1.230768147962750915e-03
-2.582840000000000146e+03,1.232354302081868158e-03
-2.582320000000000164e+03,1.233959471440984959e-03
-2.581800000000000182e+03,1.235545586560102141e-03
-2.581279999999999745e+03,1.237150755919219159e-03
-2.580760000000000218e+03,1.238755665699218860e-03
-2.580239999999999782e+03,1.240360835058336095e-03
-2.579719999999999800e+03,1.241966060107452816e-03
-2.579200000000000273e+03,1.243571258536569713e-03
-2.578679999999999836e+03,1.245195583585686876e-03
-2.578159999999999854e+03,1.246800437675686874e-03
-2.577640000000000327e+03,1.248424762724803386e-03
-2.577119999999999891e+03,1.250029961153920500e-03
-2.576600000000000364e+03,1.251654258183037280e-03
-2.576079999999999927e+03,1.253278584632154351e-03
-2.575559999999999945e+03,1.254921981661271139e-03
-2.575039999999999964e+03,1.256545934701270998e-03
-2.574519999999999982e+03,1.258170221800388247e-03
-2.574000000000000000e+03,1.259813619179505012e-03
-2.573480000000000018e+03,1.261437945278621889e-03
-2.572960000000000036e+03,1.263081342657739088e-03
-2.572440000000000509e+03,1.264724424417739074e-03
-2.571920000000000073e+03,1.266367821796855839e-03
-2.571399999999999636e+03,1.268011247895972941e-03
-2.570880000000000109e+03,1.269654645275089489e-03
-2.570360000000000127e+03,1.271317142304206720e-03
-2.569839999999999691e+03,1.272960568753323798e-03
-2.569320000000000164e+03,1.274622721443323696e-03
-2.568800000000000182e+03,1.276285594912440324e-03
-2.568279999999999745e+03,1.277948091941557337e-03
-2.567760000000000218e+03,1.279610618390674207e-03
-2.567239999999999782e+03,1.281273115419791220e-03
-2.566720000000000255e+03,1.282954713848908149e-03
-2.566199999999999818e+03,1.284616894558908212e-03
-2.565679999999999836e+03,1.286298492988024924e-03
-2.565160000000000309e+03,1.287980118037141894e-03
-2.564639999999999873e+03,1.289661687396258943e-03
-2.564119999999999891e+03,1.291343341515376227e-03
-2.563600000000000364e+03,1.293024910874493059e-03
-2.563079999999999927e+03,1.294706220654493010e-03
-2.562559999999999491e+03,1.296387790013609842e-03
-2.562039999999999964e+03,1.298088544132726917e-03
-2.561519999999999982e+03,1.299789213491843974e-03
-2.561000000000000000e+03,1.301489967610960615e-03
-2.560480000000000018e+03,1.303190636970077672e-03
-2.559960000000000036e+03,1.304891046750077631e-03
-2.559440000000000055e+03,1.306592063129194663e-03
-2.558920000000000073e+03,1.308292788178311641e-03
-2.558400000000000091e+03,1.310012586607428369e-03
-2.557880000000000109e+03,1.311732411656545355e-03
-2.557359999999999673e+03,1.313433110085662292e-03
-2.556840000000000146e+03,1.315152590795662596e-03
-2.556320000000000164e+03,1.316872416894779079e-03
-2.555800000000000182e+03,1.318611314273895885e-03
-2.555279999999999745e+03,1.320331140373013235e-03
-2.554760000000000218e+03,1.322070037752130041e-03
-2.554240000000000236e+03,1.323789863851246740e-03
-2.553720000000000255e+03,1.325528761230363979e-03
-2.553199999999999818e+03,1.327267342990363572e-03
-2.552679999999999836e+03,1.329006587389480786e-03
-2.552159999999999854e+03,1.330745513488597711e-03
-2.551639999999999873e+03,1.332503510867714307e-03
-2.551119999999999891e+03,1.334242407896831569e-03
-2.550599999999999909e+03,1.336000434345948262e-03
-2.550079999999999927e+03,1.337739331375065307e-03
-2.549559999999999945e+03,1.339497013485065318e-03
-2.549039999999999964e+03,1.341255010514182154e-03
-2.548519999999999982e+03,1.343032136963299289e-03
-2.548000000000000000e+03,1.344790133992415909e-03
-2.547480000000000018e+03,1.346567260441533260e-03
-2.546960000000000036e+03,1.348325604490649855e-03
-2.546440000000000055e+03,1.350102730939766989e-03
-2.545920000000000073e+03,1.351879522629766996e-03
-2.545400000000000091e+03,1.353656649078883913e-03
-2.544880000000000109e+03,1.355430246108001082e-03
-2.544360000000000127e+03,1.357213000227117930e-03
-2.543839999999999691e+03,1.358976569586234535e-03
-2.543319999999999709e+03,1.360759294635351937e-03
-2.542800000000000182e+03,1.362522393064468686e-03
-2.542280000000000200e+03,1.364304773774468755e-03
-2.541759999999999764e+03,1.366087819223585223e-03
-2.541239999999999782e+03,1.367870544272702625e-03
-2.540720000000000255e+03,1.369671842701819173e-03
-2.540200000000000273e+03,1.371473667750936366e-03
-2.539679999999999836e+03,1.373255866180053339e-03
-2.539159999999999854e+03,1.375057691229170098e-03
-2.538639999999999873e+03,1.376859028658286924e-03
-2.538119999999999891e+03,1.378660509368287001e-03
-2.537599999999999909e+03,1.380461807797404199e-03
-2.537079999999999927e+03,1.382283079866521158e-03
-2.536559999999999945e+03,1.384084405965637895e-03
-2.536039999999999964e+03,1.385905303344754907e-03
-2.535519999999999982e+03,1.387725729443871868e-03
-2.535000000000000000e+03,1.389546626822988446e-03
-2.534480000000000018e+03,1.391367052922105408e-03
-2.533960000000000036e+03,1.393187450301222249e-03
-2.533440000000000055e+03,1.395027171061222118e-03
-2.532920000000000073e+03,1.396847915460339585e-03
-2.532400000000000091e+03,1.398687441559456337e-03
-2.531880000000000109e+03,1.400526938938573187e-03
-2.531360000000000127e+03,1.402366465037690373e-03
-2.530840000000000146e+03,1.404206462416807393e-03
-2.530320000000000164e+03,1.406045988515924145e-03
-2.529799999999999727e+03,1.407904613565040975e-03
-2.529279999999999745e+03,1.409763221924157728e-03
-2.528760000000000218e+03,1.411621878724157947e-03
-2.528240000000000236e+03,1.413461348083275065e-03
-2.527719999999999800e+03,1.415339102202391782e-03
-2.527199999999999818e+03,1.417197671561508691e-03
-2.526680000000000291e+03,1.419056325680625617e-03
-2.526160000000000309e+03,1.420933995039742534e-03
-2.525639999999999873e+03,1.422811788158859746e-03
-2.525119999999999891e+03,1.424670732557976579e-03
-2.524599999999999909e+03,1.426567558657093355e-03
-2.524079999999999927e+03,1.428444939367093294e-03
-2.523559999999999945e+03,1.430322637796210090e-03
-2.523039999999999964e+03,1.432219462845327369e-03
-2.522519999999999982e+03,1.434096661274444212e-03
-2.522000000000000000e+03,1.435993525323561119e-03
-2.521480000000000018e+03,1.437890670772678115e-03
-2.520960000000000036e+03,1.439787495821795178e-03
-2.520440000000000055e+03,1.441683794250912028e-03
-2.519920000000000073e+03,1.443599719300029099e-03
-2.519400000000000091e+03,1.445515645399146100e-03
-2.518880000000000109e+03,1.447431081778262872e-03
-2.518360000000000127e+03,1.449347010558262950e-03
-2.517840000000000146e+03,1.451262407937379661e-03
-2.517320000000000164e+03,1.453178334036496879e-03
-2.516800000000000182e+03,1.455093731415613590e-03
-2.516279999999999745e+03,1.457028796514730226e-03
-2.515759999999999764e+03,1.458963293893847379e-03
-2.515239999999999782e+03,1.460879595032964088e-03
-2.514720000000000255e+03,1.462814092062081047e-03
-2.514199999999999818e+03,1.464749118511198033e-03
-2.513679999999999836e+03,1.466702754540314844e-03
-2.513159999999999854e+03,1.468637780989431613e-03
-2.512640000000000327e+03,1.470591378018548580e-03
-2.512119999999999891e+03,1.472545007148549131e-03
-2.511599999999999909e+03,1.474498604177665881e-03
-2.511079999999999927e+03,1.476452797296782908e-03
-2.510559999999999945e+03,1.478425466655899695e-03
-2.510039999999999964e+03,1.480379120775016490e-03
-2.509519999999999982e+03,1.482351790134133927e-03
-2.509000000000000000e+03,1.484325391273250225e-03
-2.508480000000000018e+03,1.486298099632367507e-03
-2.507960000000000036e+03,1.488270853751484527e-03
-2.507440000000000055e+03,1.490243578800601234e-03
-2.506920000000000073e+03,1.492216277229718117e-03
-2.506399999999999636e+03,1.494208488298835085e-03
-2.505880000000000109e+03,1.496222286727951888e-03
-2.505360000000000127e+03,1.498214111777069037e-03
-2.504840000000000146e+03,1.500205565867069029e-03
-2.504319999999999709e+03,1.502197429916186022e-03
-2.503800000000000182e+03,1.504208703035303301e-03
-2.503280000000000200e+03,1.506200529484419924e-03
-2.502760000000000218e+03,1.508211426513536915e-03
-2.502239999999999782e+03,1.510221891962653653e-03
-2.501719999999999800e+03,1.512232817011770376e-03
-2.501199999999999818e+03,1.514244062460887684e-03
-2.500680000000000291e+03,1.516274087510004415e-03
-2.500159999999999854e+03,1.518303652609121401e-03
-2.499639999999999873e+03,1.520333649988238377e-03
-2.499119999999999891e+03,1.522363676087355256e-03
-2.498600000000000364e+03,1.524393520486472253e-03
-2.498079999999999927e+03,1.526423585585588759e-03
-2.497559999999999945e+03,1.528472682964706177e-03
-2.497039999999999964e+03,1.530502209063823102e-03
-2.496519999999999982e+03,1.532551334112939841e-03
-2.496000000000000000e+03,1.534600346582056787e-03
-2.495480000000000018e+03,1.536649099272056678e-03
-2.494960000000000036e+03,1.538716825721173813e-03
-2.494440000000000055e+03,1.540765961750290881e-03
-2.493920000000000073e+03,1.542834062889407529e-03
-2.493400000000000091e+03,1.544902232248524356e-03
-2.492880000000000109e+03,1.546969986367641679e-03
-2.492359999999999673e+03,1.549037694726758396e-03
-2.491840000000000146e+03,1.551125048845875464e-03
-2.491320000000000164e+03,1.553193093244992478e-03
-2.490800000000000182e+03,1.555279958344109271e-03
-2.490279999999999745e+03,1.557367312463225906e-03
-2.489760000000000218e+03,1.559454081822342787e-03
-2.489240000000000236e+03,1.561541321961459937e-03
-2.488720000000000255e+03,1.563647191320576826e-03
-2.488199999999999818e+03,1.565734045439694157e-03
-2.487679999999999836e+03,1.567840009488810811e-03
-2.487159999999999854e+03,1.569946754937927725e-03
-2.486639999999999873e+03,1.572052679987044534e-03
-2.486119999999999891e+03,1.574177717416161805e-03
-2.485599999999999909e+03,1.576283642465278615e-03
-2.485079999999999927e+03,1.578409015584395338e-03
-2.484559999999999945e+03,1.580534051963512028e-03
-2.484039999999999964e+03,1.582659078062629426e-03
-2.483519999999999982e+03,1.584783575441746101e-03
-2.483000000000000000e+03,1.586909015580863268e-03
-2.482480000000000018e+03,1.589053112609979711e-03
-2.481960000000000036e+03,1.591197239059096661e-03
-2.481440000000000055e+03,1.593341404158214129e-03
-2.480920000000000073e+03,1.595485848557330524e-03
-2.480400000000000091e+03,1.597629474656447760e-03
-2.479880000000000109e+03,1.599792738705564871e-03
-2.479360000000000127e+03,1.601936865154681604e-03
-2.478839999999999691e+03,1.604099909203798293e-03
-2.478319999999999709e+03,1.606262830313797763e-03
-2.477800000000000182e+03,1.608445127342914872e-03
-2.477280000000000200e+03,1.610607920462032560e-03
-2.476759999999999764e+03,1.612790536841149022e-03
-2.476239999999999782e+03,1.614953290960266649e-03
-2.475720000000000255e+03,1.617135656409382808e-03
-2.475200000000000273e+03,1.619317800458499939e-03
-2.474679999999999836e+03,1.621519254577616668e-03
-2.474159999999999854e+03,1.623701062936733913e-03
-2.473639999999999873e+03,1.625902517055851293e-03
-2.473119999999999891e+03,1.628103800104968059e-03
-2.472599999999999909e+03,1.630304726554084645e-03
-2.472079999999999927e+03,1.632506151603201495e-03
-2.471559999999999945e+03,1.634726189032318635e-03
-2.471039999999999964e+03,1.636927461101436157e-03
-2.470519999999999982e+03,1.639148026200552355e-03
-2.470000000000000000e+03,1.641368052649669384e-03
-2.469480000000000018e+03,1.643588424718785829e-03
-2.468960000000000036e+03,1.645827562147903194e-03
-2.468440000000000055e+03,1.648047587197020315e-03
-2.467920000000000073e+03,1.650286752296136784e-03
-2.467400000000000091e+03,1.652526196695253483e-03
-2.466880000000000109e+03,1.654765861794370340e-03
-2.466360000000000127e+03,1.657024086843487259e-03
-2.465840000000000146e+03,1.659263560312604921e-03
-2.465320000000000164e+03,1.661522140680837985e-03
-2.464799999999999727e+03,1.663779867129954858e-03
-2.464279999999999745e+03,1.666038479249071962e-03
-2.463760000000000218e+03,1.668296704298189315e-03
-2.463240000000000236e+03,1.670574069747306429e-03
-2.462719999999999800e+03,1.672832266776423183e-03
-2.462199999999999818e+03,1.675109967915539531e-03
-2.461680000000000291e+03,1.677387276274656816e-03
-2.461160000000000309e+03,1.679683230393774112e-03
-2.460639999999999873e+03,1.681960942862891200e-03
-2.460119999999999891e+03,1.684257339892007320e-03
-2.459599999999999909e+03,1.686553333011125110e-03
-2.459079999999999927e+03,1.688830949390241875e-03
-2.458559999999999945e+03,1.691146542509358759e-03
-2.458039999999999964e+03,1.693461567558476183e-03
-2.457519999999999982e+03,1.695758352007592463e-03
-2.457000000000000000e+03,1.698073377056709236e-03
-2.456480000000000018e+03,1.700388914485826634e-03
-2.455960000000000036e+03,1.702704315624943478e-03
-2.455440000000000055e+03,1.705038979674060708e-03
-2.454920000000000073e+03,1.707353978103177223e-03
-2.454400000000000091e+03,1.709688989172294211e-03
-2.453880000000000109e+03,1.712023115271410923e-03
-2.453360000000000127e+03,1.714357251650527577e-03
-2.452840000000000146e+03,1.716711352789644608e-03
-2.452320000000000164e+03,1.719045517888761814e-03
-2.451800000000000182e+03,1.721398715267878632e-03
-2.451279999999999745e+03,1.723752827386995992e-03
-2.450759999999999764e+03,1.726125152436112573e-03
-2.450239999999999782e+03,1.728478417885229114e-03
-2.449720000000000255e+03,1.730851061934346154e-03
-2.449199999999999818e+03,1.733223427383463354e-03
-2.448679999999999836e+03,1.735595753482580082e-03
-2.448159999999999854e+03,1.737968808890814247e-03
-2.447640000000000327e+03,1.740341135339930302e-03
-2.447119999999999891e+03,1.742732571369047436e-03
-2.446599999999999909e+03,1.745124372508165397e-03
-2.446079999999999927e+03,1.747515808887282075e-03
-2.445559999999999945e+03,1.749907234986399027e-03
-2.445039999999999964e+03,1.752318175125515539e-03
-2.444519999999999982e+03,1.754728644484632866e-03
-2.444000000000000000e+03,1.757139237603749836e-03
-2.443480000000000018e+03,1.759550109672866408e-03
-2.442960000000000036e+03,1.761960147101983721e-03
-2.442440000000000055e+03,1.764371058171100137e-03
-2.441920000000000073e+03,1.766800684270217756e-03
-2.441399999999999636e+03,1.769230349719334329e-03
-2.440880000000000109e+03,1.771659821788450955e-03
-2.440360000000000127e+03,1.774108559217568671e-03
-2.439840000000000146e+03,1.776538184266685059e-03
-2.439319999999999709e+03,1.778986824405801633e-03
-2.438800000000000182e+03,1.781435906174035815e-03
-2.438280000000000200e+03,1.783884478243153316e-03
-2.437760000000000218e+03,1.786352343342269278e-03
-2.437239999999999782e+03,1.788800540721385965e-03
-2.436719999999999800e+03,1.791268780860502934e-03
-2.436199999999999818e+03,1.793736145959620460e-03
-2.435680000000000291e+03,1.796203443338737589e-03
-2.435159999999999854e+03,1.798690783477853916e-03
-2.434639999999999873e+03,1.801177180506971075e-03
-2.434119999999999891e+03,1.803663992976088344e-03
-2.433600000000000364e+03,1.806150890005204807e-03
-2.433079999999999927e+03,1.808637383124322507e-03
-2.432559999999999945e+03,1.811143295593438916e-03
-2.432039999999999964e+03,1.813649136961673200e-03
-2.431519999999999982e+03,1.816155077100789581e-03
-2.431000000000000000e+03,1.818661113479906957e-03
-2.430480000000000018e+03,1.821166639579023571e-03
-2.429960000000000036e+03,1.823691679718140828e-03
-2.429440000000000055e+03,1.826216249077257381e-03
-2.428920000000000073e+03,1.828741289216374421e-03
-2.428400000000000091e+03,1.831265953265491173e-03
-2.427880000000000109e+03,1.833809651694608481e-03
-2.427359999999999673e+03,1.836334691833725304e-03
-2.426840000000000146e+03,1.838877955882841676e-03
-2.426320000000000164e+03,1.841422345671076075e-03
-2.425800000000000182e+03,1.843985209720193277e-03
-2.425279999999999745e+03,1.846548449859309899e-03
-2.424760000000000218e+03,1.849111275958426103e-03
-2.424240000000000236e+03,1.851674112337543549e-03
-2.423720000000000255e+03,1.854236852476660435e-03
-2.423199999999999818e+03,1.856818749505776984e-03
-2.422679999999999836e+03,1.859381961974894502e-03
-2.422159999999999854e+03,1.861963427074011688e-03
-2.421639999999999873e+03,1.864545352123128620e-03
-2.421119999999999891e+03,1.867146608931361581e-03
-2.420599999999999909e+03,1.869728544960478842e-03
-2.420079999999999927e+03,1.872329446099596333e-03
-2.419559999999999945e+03,1.874930511548712807e-03
-2.419039999999999964e+03,1.877550494597830105e-03
-2.418519999999999982e+03,1.880151548716946707e-03
-2.418000000000000000e+03,1.882771561186063645e-03
-2.417480000000000018e+03,1.885391197215180534e-03
-2.416960000000000036e+03,1.888011351334298012e-03
-2.416440000000000055e+03,1.890650779072531110e-03
-2.415920000000000073e+03,1.893289544171648320e-03
-2.415400000000000091e+03,1.895929184310765408e-03
-2.414880000000000109e+03,1.898567909359882193e-03
-2.414360000000000127e+03,1.901206993808999407e-03
-2.413839999999999691e+03,1.903864857858116044e-03
-2.413319999999999709e+03,1.906523058997233126e-03
-2.412800000000000182e+03,1.909180896426349939e-03
-2.412280000000000200e+03,1.911839451834584534e-03
-2.411759999999999764e+03,1.914516416933700676e-03
-2.411239999999999782e+03,1.917174243382817594e-03
-2.410720000000000255e+03,1.919851554451934648e-03
-2.410200000000000273e+03,1.922547619551052099e-03
-2.409679999999999836e+03,1.925224930620168286e-03
-2.409159999999999854e+03,1.927920957069285219e-03
-2.408639999999999873e+03,1.930617713527518894e-03
-2.408119999999999891e+03,1.933313777576635764e-03
-2.407599999999999909e+03,1.936028790045753655e-03
-2.407079999999999927e+03,1.938724816144869962e-03
-2.406559999999999945e+03,1.941440327213987248e-03
-2.406039999999999964e+03,1.944174592663104042e-03
-2.405519999999999982e+03,1.946889575712220776e-03
-2.405000000000000000e+03,1.949624174170454813e-03
-2.404480000000000018e+03,1.952339214309571592e-03
-2.403960000000000036e+03,1.955092522668688566e-03
-2.403440000000000055e+03,1.957827162807805089e-03
-2.402920000000000073e+03,1.960580016926922065e-03
-2.402400000000000091e+03,1.963314572306039656e-03
-2.401880000000000109e+03,1.966067465425156476e-03
-2.401360000000000127e+03,1.968840120833390515e-03
-2.400840000000000146e+03,1.971593513952507072e-03
-2.400320000000000164e+03,1.974365759401624110e-03
-2.399799999999999727e+03,1.977137723450740625e-03
-2.399279999999999745e+03,1.979929663589858040e-03
-2.398760000000000218e+03,1.982701601018974948e-03
-2.398240000000000236e+03,1.985493356427208127e-03
-2.397719999999999800e+03,1.988284449546325831e-03
-2.397199999999999818e+03,1.991095422665442160e-03
-2.396680000000000291e+03,1.993886459044559144e-03
-2.396160000000000309e+03,1.996696999183676831e-03
-2.395639999999999873e+03,1.999507135212792979e-03
-2.395119999999999891e+03,2.002318019691026914e-03
-2.394599999999999909e+03,2.005147246140144383e-03
-2.394079999999999927e+03,2.007957729189261374e-03
-2.393559999999999945e+03,2.010787022308377359e-03
-2.393039999999999964e+03,2.013635734777494656e-03
-2.392519999999999982e+03,2.016464970806612113e-03
-2.392000000000000000e+03,2.019314055284846064e-03
-2.391480000000000018e+03,2.022161948403962753e-03
-2.390960000000000036e+03,2.025010564783079510e-03
-2.390440000000000055e+03,2.027878057902196812e-03
-2.389920000000000073e+03,2.030745898041313655e-03
-2.389400000000000091e+03,2.033612862090430472e-03
-2.388880000000000109e+03,2.036480990878664077e-03
-2.388360000000000127e+03,2.039367583997780519e-03
-2.387840000000000146e+03,2.042253995066898187e-03
-2.387320000000000164e+03,2.045140879516015118e-03
-2.386800000000000182e+03,2.048026904565131666e-03
-2.386279999999999745e+03,2.050933289043365641e-03
-2.385759999999999764e+03,2.053838454142482839e-03
-2.385239999999999782e+03,2.056744437541599847e-03
-2.384720000000000255e+03,2.059649630660716126e-03
-2.384199999999999818e+03,2.062574270799833256e-03
-2.383679999999999836e+03,2.065499351168067002e-03
-2.383159999999999854e+03,2.068423963637184594e-03
-2.382640000000000327e+03,2.071348603776301291e-03
-2.382119999999999891e+03,2.074292439805417929e-03
-2.381599999999999909e+03,2.077236140944534789e-03
-2.381079999999999927e+03,2.080179850732769096e-03
-2.380559999999999945e+03,2.083123533781885538e-03
-2.380039999999999964e+03,2.086086026901002709e-03
-2.379519999999999982e+03,2.089048867040119422e-03
-2.379000000000000000e+03,2.092011303419236308e-03
-2.378480000000000018e+03,2.094993559877470629e-03
-2.377960000000000036e+03,2.097975500016587783e-03
-2.377440000000000055e+03,2.100957064065704649e-03
-2.376920000000000073e+03,2.103938948514821449e-03
-2.376399999999999636e+03,2.106939641633938202e-03
-2.375880000000000109e+03,2.109921897042172159e-03
-2.375360000000000127e+03,2.112942037181289329e-03
-2.374840000000000146e+03,2.115942674610406162e-03
-2.374319999999999709e+03,2.118962285679522415e-03
-2.373800000000000182e+03,2.121982423137756726e-03
-2.373280000000000200e+03,2.125002535256873947e-03
-2.372760000000000218e+03,2.128021771635990253e-03
-2.372239999999999782e+03,2.131061011775106998e-03
-2.371719999999999800e+03,2.134100251914223742e-03
-2.371199999999999818e+03,2.137138932282458062e-03
-2.370680000000000291e+03,2.140197244751575276e-03
-2.370159999999999854e+03,2.143235637870691875e-03
-2.369639999999999873e+03,2.146313020919808374e-03
-2.369119999999999891e+03,2.149371205398042939e-03
-2.368600000000000364e+03,2.152448298517159724e-03
-2.368079999999999927e+03,2.155525210986276342e-03
-2.367559999999999945e+03,2.158602094035393971e-03
-2.367039999999999964e+03,2.161698631493627881e-03
-2.366519999999999982e+03,2.164775571632744904e-03
-2.366000000000000000e+03,2.167871208011861242e-03
-2.365480000000000018e+03,2.170986320130978767e-03
-2.364960000000000036e+03,2.174082704609212047e-03
-2.364440000000000055e+03,2.177197968658328969e-03
-2.363920000000000073e+03,2.180313053107446088e-03
-2.363400000000000091e+03,2.183446946226563160e-03
-2.362880000000000109e+03,2.186581501634796577e-03
-2.362359999999999673e+03,2.189715741773913624e-03
-2.361840000000000146e+03,2.192849606873030315e-03
-2.361320000000000164e+03,2.195983790272147945e-03
-2.360800000000000182e+03,2.199137474750381249e-03
-2.360279999999999745e+03,2.202289967869498592e-03
-2.359760000000000218e+03,2.205462379988615274e-03
-2.359240000000000236e+03,2.208634763387731619e-03
-2.358720000000000255e+03,2.211807200845965823e-03
-2.358199999999999818e+03,2.214979640985082886e-03
-2.357679999999999836e+03,2.218151524034199951e-03
-2.357159999999999854e+03,2.221342756153316892e-03
-2.356639999999999873e+03,2.224534612961550240e-03
-2.356119999999999891e+03,2.227725248990667338e-03
-2.355599999999999909e+03,2.230935889129784418e-03
-2.355079999999999927e+03,2.234146029268902194e-03
-2.354559999999999945e+03,2.237375737657135676e-03
-2.354039999999999964e+03,2.240585822106252664e-03
-2.353519999999999982e+03,2.243815562245369318e-03
-2.353000000000000000e+03,2.247063899703603818e-03
-2.352480000000000018e+03,2.250293110772720422e-03
-2.351960000000000036e+03,2.253541961891836979e-03
-2.351440000000000055e+03,2.256789927340953524e-03
-2.350920000000000073e+03,2.260038582749187685e-03
-2.350400000000000091e+03,2.263306022888304618e-03
-2.349880000000000109e+03,2.266573587987422232e-03
-2.349360000000000127e+03,2.269841372465655847e-03
-2.348839999999999691e+03,2.273127855864772503e-03
-2.348319999999999709e+03,2.276395335003889714e-03
-2.347800000000000182e+03,2.279681528123006246e-03
-2.347280000000000200e+03,2.282987455511239615e-03
-2.346759999999999764e+03,2.286293095650356998e-03
-2.346239999999999782e+03,2.289598361099474434e-03
-2.345720000000000255e+03,2.292904345577708065e-03
-2.345200000000000273e+03,2.296229028626823893e-03
-2.344679999999999836e+03,2.299553460745941153e-03
-2.344159999999999854e+03,2.302878045224176357e-03
-2.343639999999999873e+03,2.306202728623292595e-03
-2.343119999999999891e+03,2.309546540742409178e-03
-2.342599999999999909e+03,2.312889533861525997e-03
-2.342079999999999927e+03,2.316252857339759930e-03
-2.341559999999999945e+03,2.319615768408877458e-03
-2.341039999999999964e+03,2.322977833507994770e-03
-2.340519999999999982e+03,2.326341090316227586e-03
-2.340000000000000000e+03,2.329722601385344951e-03
-2.339480000000000018e+03,2.333104333504461801e-03
-2.338960000000000036e+03,2.336486217982695728e-03
-2.338440000000000055e+03,2.339887330101812334e-03
-2.337920000000000073e+03,2.343268813500930161e-03
-2.337400000000000091e+03,2.346689050959163431e-03
-2.336880000000000109e+03,2.350089730098280094e-03
-2.336360000000000127e+03,2.353509442217397406e-03
-2.335840000000000146e+03,2.356929497625631035e-03
-2.335320000000000164e+03,2.360368490744748065e-03
-2.334799999999999727e+03,2.363807342213864772e-03
-2.334279999999999745e+03,2.367246497622098843e-03
-2.333760000000000218e+03,2.370685309741215729e-03
-2.333240000000000236e+03,2.374142902860332596e-03
-2.332719999999999800e+03,2.377601226338566399e-03
-2.332199999999999818e+03,2.381059137407683796e-03
-2.331680000000000291e+03,2.384536121856800292e-03
-2.331160000000000309e+03,2.388013159315034717e-03
-2.330639999999999873e+03,2.391490238454151412e-03
-2.330119999999999891e+03,2.394986349523267524e-03
-2.329599999999999909e+03,2.398482334001501761e-03
-2.329079999999999927e+03,2.401978138100618974e-03
-2.328559999999999945e+03,2.405493350569735435e-03
-2.328039999999999964e+03,2.409008905977969538e-03
-2.327519999999999982e+03,2.412523646117086234e-03
-2.327000000000000000e+03,2.416038578236203403e-03
-2.326480000000000018e+03,2.419592334694437453e-03
-2.325960000000000036e+03,2.423126145763554277e-03
-2.325440000000000055e+03,2.426679597232670599e-03
-2.324920000000000073e+03,2.430213434690905311e-03
-2.324400000000000091e+03,2.433785974830021768e-03
-2.323880000000000109e+03,2.437338896879138496e-03
-2.323360000000000127e+03,2.440911281357372332e-03
-2.322840000000000146e+03,2.444483821496490523e-03
-2.322320000000000164e+03,2.448074997954722935e-03
-2.321800000000000182e+03,2.451646981353840238e-03
-2.321279999999999745e+03,2.455257693472957629e-03
-2.320759999999999764e+03,2.458849216951191317e-03
-2.320239999999999782e+03,2.462459457090308487e-03
-2.319720000000000255e+03,2.466069321139425802e-03
-2.319199999999999818e+03,2.469679944617658631e-03
-2.318679999999999836e+03,2.473328356736775868e-03
-2.318159999999999854e+03,2.476958052545010034e-03
-2.317640000000000327e+03,2.480587363614126899e-03
-2.317119999999999891e+03,2.484235456733243242e-03
-2.316599999999999909e+03,2.487884280211477388e-03
-2.316079999999999927e+03,2.491551792330594633e-03
-2.315559999999999945e+03,2.495219303399711513e-03
-2.315039999999999964e+03,2.498887226877944800e-03
-2.314519999999999982e+03,2.502573339347061859e-03
-2.314000000000000000e+03,2.506260015805296046e-03
-2.313480000000000018e+03,2.509946626874412934e-03
-2.312960000000000036e+03,2.513632738993529150e-03
-2.312440000000000055e+03,2.517338862471764187e-03
-2.311920000000000073e+03,2.521044102610880359e-03
-2.311399999999999636e+03,2.524769326089114103e-03
-2.310880000000000109e+03,2.528493790138231032e-03
-2.310360000000000127e+03,2.532218113587348871e-03
-2.309840000000000146e+03,2.535961898065582608e-03
-2.309319999999999709e+03,2.539705838204699400e-03
-2.308800000000000182e+03,2.543449632612933536e-03
-2.308280000000000200e+03,2.547212172752050165e-03
-2.307760000000000218e+03,2.550974904871166835e-03
-2.307239999999999782e+03,2.554756861329400205e-03
-2.306719999999999800e+03,2.558519411398517233e-03
-2.306199999999999818e+03,2.562301368206751882e-03
-2.305680000000000291e+03,2.566102147345868372e-03
-2.305159999999999854e+03,2.569883787484985443e-03
-2.304639999999999873e+03,2.573704510963219661e-03
-2.304119999999999891e+03,2.577504846992336070e-03
-2.303600000000000364e+03,2.581325070470569683e-03
-2.303079999999999927e+03,2.585144410609687467e-03
-2.302559999999999945e+03,2.588983734087921523e-03
-2.302039999999999964e+03,2.592822674227037317e-03
-2.301519999999999982e+03,2.596661596626154839e-03
-2.301000000000000000e+03,2.600500853084388667e-03
-2.300480000000000018e+03,2.604358932223505181e-03
-2.299960000000000036e+03,2.608235569681739262e-03
-2.299440000000000055e+03,2.612112719750856772e-03
-2.298920000000000073e+03,2.615990204229090132e-03
-2.298400000000000091e+03,2.619866883368207350e-03
-2.297880000000000109e+03,2.623763123507324470e-03
-2.297359999999999673e+03,2.627659218965557562e-03
-2.296840000000000146e+03,2.631574530034674377e-03
-2.296320000000000164e+03,2.635489725842908321e-03
-2.295800000000000182e+03,2.639404565982025278e-03
-2.295279999999999745e+03,2.643339389460259807e-03
-2.294760000000000218e+03,2.647272982579375496e-03
-2.294240000000000236e+03,2.651207248967610026e-03
-2.293720000000000255e+03,2.655160828106727013e-03
-2.293199999999999818e+03,2.659114212584960668e-03
-2.292679999999999836e+03,2.663086391724077927e-03
-2.292159999999999854e+03,2.667039431863195333e-03
-2.291639999999999873e+03,2.671011926271428093e-03
-2.291119999999999891e+03,2.675003205410544926e-03
-2.290599999999999909e+03,2.678994762218779926e-03
-2.290079999999999927e+03,2.682986013337896811e-03
-2.289559999999999945e+03,2.686996697816130489e-03
-2.289039999999999964e+03,2.691007076955247330e-03
-2.288519999999999982e+03,2.695036871363481416e-03
-2.288000000000000000e+03,2.699065964482598012e-03
-2.287480000000000018e+03,2.703095787960831976e-03
-2.286960000000000036e+03,2.707143828099949252e-03
-2.286440000000000055e+03,2.711192723558183276e-03
-2.285920000000000073e+03,2.715241273627299820e-03
-2.285400000000000091e+03,2.719308758105532485e-03
-2.284880000000000109e+03,2.723376437244650651e-03
-2.284360000000000127e+03,2.727463060722884036e-03
-2.283839999999999691e+03,2.731549773192000659e-03
-2.283319999999999709e+03,2.735636023261117915e-03
-2.282800000000000182e+03,2.739723146739351904e-03
-2.282280000000000200e+03,2.743828458858468822e-03
-2.281759999999999764e+03,2.747953282336702656e-03
-2.281239999999999782e+03,2.752078261475819111e-03
-2.280720000000000255e+03,2.756203045954053535e-03
-2.280200000000000273e+03,2.760327496023170808e-03
-2.279679999999999836e+03,2.764490519501404224e-03
-2.279159999999999854e+03,2.768634559640521277e-03
-2.278639999999999873e+03,2.772797583118755127e-03
-2.278119999999999891e+03,2.776960262257871861e-03
-2.277599999999999909e+03,2.781142318716105927e-03
-2.277079999999999927e+03,2.785324068785222790e-03
-2.276559999999999945e+03,2.789506192263456648e-03
-2.276039999999999964e+03,2.793707071402572965e-03
-2.275519999999999982e+03,2.797907755880807684e-03
-2.275000000000000000e+03,2.802128051689042020e-03
-2.274480000000000018e+03,2.806348030828158344e-03
-2.273960000000000036e+03,2.810568286236392061e-03
-2.273440000000000055e+03,2.814806865375509091e-03
-2.272920000000000073e+03,2.819046260833742157e-03
-2.272400000000000091e+03,2.823304439972858931e-03
-2.271880000000000109e+03,2.827543324451093232e-03
-2.271360000000000127e+03,2.831820603590210449e-03
-2.270840000000000146e+03,2.836097697998443863e-03
-2.270320000000000164e+03,2.840374977137561513e-03
-2.269799999999999727e+03,2.844671200615796116e-03
-2.269279999999999745e+03,2.848967540754912629e-03
-2.268760000000000218e+03,2.853263764233146364e-03
-2.268240000000000236e+03,2.857578743372262559e-03
-2.267719999999999800e+03,2.861894038830497221e-03
-2.267199999999999818e+03,2.866228549899613870e-03
-2.266680000000000291e+03,2.870562973377847622e-03
-2.266160000000000309e+03,2.874897396856081373e-03
-2.265639999999999873e+03,2.879250575995198451e-03
-2.265119999999999891e+03,2.883623199473432219e-03
-2.264599999999999909e+03,2.887976378612548863e-03
-2.264079999999999927e+03,2.892348963090782786e-03
-2.263559999999999945e+03,2.896740313159900000e-03
-2.263039999999999964e+03,2.901132036638134210e-03
-2.262519999999999982e+03,2.905542862797249985e-03
-2.262000000000000000e+03,2.909934086275484458e-03
-2.261480000000000018e+03,2.914363981733718301e-03
-2.260960000000000036e+03,2.918774421872835124e-03
-2.260440000000000055e+03,2.923204345351069350e-03
-2.259920000000000073e+03,2.927652495420186417e-03
-2.259400000000000091e+03,2.932101518898420217e-03
-2.258880000000000109e+03,2.936549698037537164e-03
-2.258360000000000127e+03,2.941017793845771434e-03
-2.257840000000000146e+03,2.945485417324004637e-03
-2.257320000000000164e+03,2.949972296463121337e-03
-2.256800000000000182e+03,2.954458980941355572e-03
-2.256279999999999745e+03,2.958964460080472977e-03
-2.255759999999999764e+03,2.963471101508706462e-03
-2.255239999999999782e+03,2.967976580647823000e-03
-2.254720000000000255e+03,2.972501504126057095e-03
-2.254199999999999818e+03,2.977026399584291241e-03
-2.253679999999999836e+03,2.981570578723407531e-03
-2.253159999999999854e+03,2.986114602201641200e-03
-2.252640000000000327e+03,2.990658281340759055e-03
-2.252119999999999891e+03,2.995221404818992732e-03
-2.251599999999999909e+03,2.999803599227226537e-03
-2.251079999999999927e+03,3.004366725386343508e-03
-2.250559999999999945e+03,3.008967509864576752e-03
-2.250039999999999964e+03,3.013549389003694189e-03
-2.249519999999999982e+03,3.018169812481927890e-03
-2.249000000000000000e+03,3.022771135960161584e-03
-2.248480000000000018e+03,3.027390742769278838e-03
-2.247960000000000036e+03,3.032030266247512981e-03
-2.247440000000000055e+03,3.036669445386629140e-03
-2.246920000000000073e+03,3.041308786814863208e-03
-2.246399999999999636e+03,3.045967410293096492e-03
-2.245880000000000109e+03,3.050644289432214665e-03
-2.245360000000000127e+03,3.055302912910448383e-03
-2.244840000000000146e+03,3.059998892049564830e-03
-2.244319999999999709e+03,3.064676615527798555e-03
-2.243800000000000182e+03,3.069373258006032577e-03
-2.243280000000000200e+03,3.074088337145149466e-03
-2.242760000000000218e+03,3.078803760623383037e-03
-2.242239999999999782e+03,3.083519655031617766e-03
-2.241719999999999800e+03,3.088272934170734670e-03
-2.241199999999999818e+03,3.093007457648967815e-03
-2.240680000000000291e+03,3.097761122808085407e-03
-2.240159999999999854e+03,3.102514746286318559e-03
-2.239639999999999873e+03,3.107287469764552588e-03
-2.239119999999999891e+03,3.112059848903669500e-03
-2.238600000000000364e+03,3.116851672381903537e-03
-2.238079999999999927e+03,3.121643495860136706e-03
-2.237559999999999945e+03,3.126453922019254306e-03
-2.237039999999999964e+03,3.131264845497488351e-03
-2.236519999999999982e+03,3.136075739905722949e-03
-2.236000000000000000e+03,3.140905419044838151e-03
-2.235480000000000018e+03,3.145754042523072475e-03
-2.234960000000000036e+03,3.150603513021306944e-03
-2.234440000000000055e+03,3.155451792160423718e-03
-2.233920000000000073e+03,3.160320054638657630e-03
-2.233400000000000091e+03,3.165206878116891102e-03
-2.232880000000000109e+03,3.170074757256008055e-03
-2.232359999999999673e+03,3.174981027754242811e-03
-2.231840000000000146e+03,3.179886978902476263e-03
-2.231320000000000164e+03,3.184793058041592798e-03
-2.230800000000000182e+03,3.189718081519826720e-03
-2.230279999999999745e+03,3.194643491018060461e-03
-2.229760000000000218e+03,3.199587241087177396e-03
-2.229240000000000236e+03,3.204531364565410458e-03
-2.228720000000000255e+03,3.209494588043643962e-03
-2.228199999999999818e+03,3.214457814202763362e-03
-2.227679999999999836e+03,3.219440137680996874e-03
-2.227159999999999854e+03,3.224403400159230222e-03
-2.226639999999999873e+03,3.229404479298346193e-03
-2.226119999999999891e+03,3.234406249796580989e-03
-2.225599999999999909e+03,3.239426773274815385e-03
-2.225079999999999927e+03,3.244446452413932060e-03
-2.224559999999999945e+03,3.249486114892165874e-03
-2.224039999999999964e+03,3.254526085390399819e-03
-2.223519999999999982e+03,3.259565236538633590e-03
-2.223000000000000000e+03,3.264623615677749585e-03
-2.222480000000000018e+03,3.269700939155982967e-03
-2.221960000000000036e+03,3.274779148654217639e-03
-2.221440000000000055e+03,3.279875198723334467e-03
-2.220920000000000073e+03,3.284953022201568019e-03
-2.220400000000000091e+03,3.290068892699802260e-03
-2.219880000000000109e+03,3.295184455178035501e-03
-2.219360000000000127e+03,3.300318734317153092e-03
-2.218839999999999691e+03,3.305453857795386235e-03
-2.218319999999999709e+03,3.310588828293620049e-03
-2.217800000000000182e+03,3.315761346432737500e-03
-2.217280000000000200e+03,3.320915097580971320e-03
-2.216759999999999764e+03,3.326088268079205584e-03
-2.216239999999999782e+03,3.331280230557439291e-03
-2.215720000000000255e+03,3.336471809696555171e-03
-2.215200000000000273e+03,3.341664080194790745e-03
-2.214679999999999836e+03,3.346875142673023593e-03
-2.214159999999999854e+03,3.352104766151257735e-03
-2.213639999999999873e+03,3.357334892310373606e-03
-2.213119999999999891e+03,3.362584154788608205e-03
-2.212599999999999909e+03,3.367832878266842356e-03
-2.212079999999999927e+03,3.373101576435076632e-03
-2.211559999999999945e+03,3.378369594574194123e-03
-2.211039999999999964e+03,3.383656518052427422e-03
-2.210519999999999982e+03,3.388944288550661300e-03
-2.210000000000000000e+03,3.394250379048894834e-03
-2.209480000000000018e+03,3.399556058188011893e-03
-2.208960000000000036e+03,3.404882028686246655e-03
-2.208440000000000055e+03,3.410207162094479934e-03
-2.207920000000000073e+03,3.415551385572714125e-03
-2.207400000000000091e+03,3.420914778401830565e-03
-2.206880000000000109e+03,3.426278101880065197e-03
-2.206360000000000127e+03,3.431641925358297832e-03
-2.205840000000000146e+03,3.437024734856531424e-03
-2.205320000000000164e+03,3.442425913995648089e-03
-2.204799999999999727e+03,3.447827476473882581e-03
-2.204279999999999745e+03,3.453228846972116600e-03
-2.203760000000000218e+03,3.458649470450349522e-03
-2.203240000000000236e+03,3.464089607618584844e-03
-2.202719999999999800e+03,3.469528986757701092e-03
-2.202199999999999818e+03,3.474987849235934307e-03
-2.201680000000000291e+03,3.480446519734168350e-03
-2.201160000000000309e+03,3.485924482212402007e-03
-2.200639999999999873e+03,3.491421352710636066e-03
-2.200119999999999891e+03,3.496898998869753857e-03
-2.199599999999999909e+03,3.502414622347988383e-03
-2.199079999999999927e+03,3.507931159516221135e-03
-2.198559999999999945e+03,3.513446782994455661e-03
-2.198039999999999964e+03,3.518982353492688606e-03
-2.197519999999999982e+03,3.524535871631806743e-03
-2.197000000000000000e+03,3.530090042130039091e-03
-2.196480000000000018e+03,3.535663004608273485e-03
-2.195960000000000036e+03,3.541235967086507445e-03
-2.195440000000000055e+03,3.546828365254742817e-03
-2.194920000000000073e+03,3.552420583393857238e-03
-2.194400000000000091e+03,3.558032053892092213e-03
-2.193880000000000109e+03,3.563661816370326894e-03
-2.193360000000000127e+03,3.569292414888560090e-03
-2.192840000000000146e+03,3.574941777366793649e-03
-2.192320000000000164e+03,3.580591128515028202e-03
-2.191800000000000182e+03,3.586259593674145062e-03
-2.191279999999999745e+03,3.591927517152377746e-03
-2.190759999999999764e+03,3.597615426650612163e-03
-2.190239999999999782e+03,3.603322089128845745e-03
-2.189720000000000255e+03,3.609028559627080156e-03
-2.189199999999999818e+03,3.614735249775314577e-03
-2.188679999999999836e+03,3.620479575934430587e-03
-2.188159999999999854e+03,3.626205338412665045e-03
-2.187640000000000327e+03,3.631969205000898284e-03
-2.187119999999999891e+03,3.637732628479131008e-03
-2.186599999999999909e+03,3.643496937977366325e-03
-2.186079999999999927e+03,3.649279489125599896e-03
-2.185559999999999945e+03,3.655081154284717075e-03
-2.185039999999999964e+03,3.660882816762950527e-03
-2.184519999999999982e+03,3.666703887261185419e-03
-2.184000000000000000e+03,3.672524649739417578e-03
-2.183480000000000018e+03,3.678383959237651463e-03
-2.182960000000000036e+03,3.684223838405885441e-03
-2.182440000000000055e+03,3.690083147904121060e-03
-2.181920000000000073e+03,3.695961210382354544e-03
-2.181399999999999636e+03,3.701839236541471043e-03
-2.180880000000000109e+03,3.707735899019704798e-03
-2.180360000000000127e+03,3.713652536187936944e-03
-2.179840000000000146e+03,3.719568759666171901e-03
-2.179319999999999709e+03,3.725484869164405639e-03
-2.178800000000000182e+03,3.731439331642640456e-03
-2.178280000000000200e+03,3.737374569160874151e-03
-2.177760000000000218e+03,3.743348120309109104e-03
-2.177239999999999782e+03,3.749321529807341565e-03
-2.176719999999999800e+03,3.755314194966459258e-03
-2.176199999999999818e+03,3.761306357444692619e-03
-2.175680000000000291e+03,3.767317927942926987e-03
-2.175159999999999854e+03,3.773329218091160328e-03
-2.174639999999999873e+03,3.779379056659394002e-03
-2.174119999999999891e+03,3.785409447157627328e-03
-2.173600000000000364e+03,3.791478317655862153e-03
-2.173079999999999927e+03,3.797528307804096115e-03
-2.172559999999999945e+03,3.803615817302330188e-03
-2.172039999999999964e+03,3.809722926800562706e-03
-2.171519999999999982e+03,3.815810589278796541e-03
-2.171000000000000000e+03,3.821917315437914266e-03
-2.170480000000000018e+03,3.828062333606148913e-03
-2.169960000000000036e+03,3.834207143104382143e-03
-2.169440000000000055e+03,3.840352452602615978e-03
-2.168920000000000073e+03,3.846516015080849241e-03
-2.168400000000000091e+03,3.852680413249083211e-03
-2.167880000000000109e+03,3.858863075727317349e-03
-2.167359999999999673e+03,3.865065714295551087e-03
-2.166840000000000146e+03,3.871267851813785157e-03
-2.166320000000000164e+03,3.877508314292018622e-03
-2.165800000000000182e+03,3.883729551460252290e-03
-2.165279999999999745e+03,3.889969513938485151e-03
-2.164760000000000218e+03,3.896228923436720597e-03
-2.164240000000000236e+03,3.902507393934954039e-03
-2.163720000000000255e+03,3.908785612103188138e-03
-2.163199999999999818e+03,3.915083221601422733e-03
-2.162679999999999836e+03,3.921380831099656461e-03
-2.162159999999999854e+03,3.927697193577889788e-03
-2.161639999999999873e+03,3.934032686407007255e-03
-2.161119999999999891e+03,3.940368524975240878e-03
-2.160599999999999909e+03,3.946742215473473744e-03
-2.160079999999999927e+03,3.953097124971708363e-03
-2.159559999999999945e+03,3.959489762139942366e-03
-2.159039999999999964e+03,3.965863424618176585e-03
-2.158519999999999982e+03,3.972275134116409756e-03
-2.158000000000000000e+03,3.978687371634643914e-03
-2.157480000000000018e+03,3.985117861782877524e-03
-2.156960000000000036e+03,3.991568271281111316e-03
-2.156440000000000055e+03,3.998018180779345371e-03
-2.155920000000000073e+03,4.004486899997579744e-03
-2.155400000000000091e+03,4.010975509495813551e-03
-2.154880000000000109e+03,4.017463647014046270e-03
-2.154360000000000127e+03,4.023970509492280807e-03
-2.153839999999999691e+03,4.030496846660514866e-03
-2.153319999999999709e+03,4.037004056158748945e-03
-2.152800000000000182e+03,4.043549465656983040e-03
-2.152280000000000200e+03,4.050113656155216249e-03
-2.151759999999999764e+03,4.056678193323450324e-03
-2.151239999999999782e+03,4.063261831891682579e-03
-2.150720000000000255e+03,4.069863694369917420e-03
-2.150200000000000273e+03,4.076466431538151511e-03
-2.149679999999999836e+03,4.083088269056386020e-03
-2.149159999999999854e+03,4.089728678554620418e-03
-2.148639999999999873e+03,4.096369241032854144e-03
-2.148119999999999891e+03,4.103028778201086788e-03
-2.147599999999999909e+03,4.109688787699321798e-03
-2.147079999999999927e+03,4.116367837626671265e-03
-2.146559999999999945e+03,4.123084827774906730e-03
-2.146039999999999964e+03,4.129801637273139425e-03
-2.145519999999999982e+03,4.136518446771372988e-03
-2.145000000000000000e+03,4.143254411959607780e-03
-2.144480000000000018e+03,4.150009074437840950e-03
-2.143960000000000036e+03,4.156764083936074529e-03
-2.143440000000000055e+03,4.163538222504307995e-03
-2.142920000000000073e+03,4.170331498672543574e-03
-2.142400000000000091e+03,4.177143836190775825e-03
-2.141880000000000109e+03,4.183955798669009886e-03
-2.141360000000000127e+03,4.190787235837243468e-03
-2.140840000000000146e+03,4.197637745335478822e-03
-2.140320000000000164e+03,4.204487821853711629e-03
-2.139799999999999727e+03,4.211357488091945107e-03
-2.139279999999999745e+03,4.218245850570179201e-03
-2.138760000000000218e+03,4.225153160068413107e-03
-2.138240000000000236e+03,4.232061369595763352e-03
-2.137719999999999800e+03,4.238987818093997544e-03
-2.137199999999999818e+03,4.245914727592231194e-03
-2.136680000000000291e+03,4.252879017740465555e-03
-2.136160000000000309e+03,4.259824584328699738e-03
-2.135639999999999873e+03,4.266827432826933962e-03
-2.135119999999999891e+03,4.273811169995167872e-03
-2.134599999999999909e+03,4.280814479493400687e-03
-2.134079999999999927e+03,4.287836456011634434e-03
-2.133559999999999945e+03,4.294877493179869235e-03
-2.133039999999999964e+03,4.301918184728102668e-03
-2.132519999999999982e+03,4.308997238565454892e-03
-2.132000000000000000e+03,4.316057442753688626e-03
-2.131480000000000018e+03,4.323155752251920877e-03
-2.130960000000000036e+03,4.330254061750155731e-03
-2.130440000000000055e+03,4.337390166988389258e-03
-2.129920000000000073e+03,4.344507604506622767e-03
-2.129400000000000091e+03,4.351662894654855472e-03
-2.128880000000000109e+03,4.358818043153091758e-03
-2.128360000000000127e+03,4.365992596990441420e-03
-2.127840000000000146e+03,4.373186462178674065e-03
-2.127320000000000164e+03,4.380398939746909387e-03
-2.126800000000000182e+03,4.387611349245142817e-03
-2.126279999999999745e+03,4.394843453433376623e-03
-2.125759999999999764e+03,4.402094062931611804e-03
-2.125239999999999782e+03,4.409344672429845249e-03
-2.124720000000000255e+03,4.416633577668077106e-03
-2.124199999999999818e+03,4.423922759525428065e-03
-2.123679999999999836e+03,4.431230388673663111e-03
-2.123159999999999854e+03,4.438538298171896580e-03
-2.122640000000000327e+03,4.445884474690129859e-03
-2.122119999999999891e+03,4.453211040928363451e-03
-2.121599999999999909e+03,4.460595350426598688e-03
-2.121079999999999927e+03,4.467960943263949575e-03
-2.120559999999999945e+03,4.475363908452184569e-03
-2.120039999999999964e+03,4.482767356950417489e-03
-2.119519999999999982e+03,4.490189423188651122e-03
-2.119000000000000000e+03,4.497631099706885308e-03
-2.118480000000000018e+03,4.505072209205119096e-03
-2.117960000000000036e+03,4.512532829712468524e-03
-2.117440000000000055e+03,4.520012667230703315e-03
-2.116920000000000073e+03,4.527511172468936390e-03
-2.116399999999999636e+03,4.535028681967171946e-03
-2.115880000000000109e+03,4.542546258485405559e-03
-2.115360000000000127e+03,4.550083278992755886e-03
-2.114840000000000146e+03,4.557658117560990478e-03
-2.114319999999999709e+03,4.565213893729222830e-03
-2.113800000000000182e+03,4.572807831247456198e-03
-2.113280000000000200e+03,4.580401807415691168e-03
-2.112760000000000218e+03,4.588033761253042415e-03
-2.112239999999999782e+03,4.595646866841275081e-03
-2.111719999999999800e+03,4.603298143009510075e-03
-2.111199999999999818e+03,4.610967952507743356e-03
-2.110680000000000291e+03,4.618638701035094121e-03
-2.110159999999999854e+03,4.626327639603328157e-03
-2.109639999999999873e+03,4.634055288101562343e-03
-2.109119999999999891e+03,4.641763392289795405e-03
-2.108600000000000364e+03,4.649509601788028718e-03
-2.108079999999999927e+03,4.657256251365381010e-03
-2.107559999999999945e+03,4.665041227883613868e-03
-2.107039999999999964e+03,4.672825665051848036e-03
-2.106519999999999982e+03,4.680629213550081651e-03
-2.106000000000000000e+03,4.688433191147433482e-03
-2.105480000000000018e+03,4.696274900645666835e-03
-2.104960000000000036e+03,4.704116524183900652e-03
-2.104440000000000055e+03,4.711977400352134263e-03
-2.103920000000000073e+03,4.719857722259486639e-03
-2.103400000000000091e+03,4.727756787447719503e-03
-2.102880000000000109e+03,4.735674435945951694e-03
-2.102359999999999673e+03,4.743592956453305046e-03
-2.101840000000000146e+03,4.751548862041537515e-03
-2.101320000000000164e+03,4.759505199209771754e-03
-2.100800000000000182e+03,4.767480147708004837e-03
-2.100279999999999745e+03,4.775475125305355881e-03
-2.099760000000000218e+03,4.783488273803588979e-03
-2.099240000000000236e+03,4.791501730321823076e-03
-2.098720000000000255e+03,4.799553134510058279e-03
-2.098199999999999818e+03,4.807604856417407521e-03
-2.097679999999999836e+03,4.815675360605643600e-03
-2.097159999999999854e+03,4.823764909103875863e-03
-2.096639999999999873e+03,4.831873890611225811e-03
-2.096119999999999891e+03,4.839982596199460946e-03
-2.095599999999999909e+03,4.848129819387695348e-03
-2.095079999999999927e+03,4.856296140245046009e-03
-2.094559999999999945e+03,4.864461645483280153e-03
-2.094039999999999964e+03,4.872646693981513323e-03
-2.093519999999999982e+03,4.880851242508863104e-03
-2.093000000000000000e+03,4.889073952007098010e-03
-2.092480000000000018e+03,4.897316204265331728e-03
-2.091960000000000036e+03,4.905578025122682428e-03
-2.091440000000000055e+03,4.913839001290915866e-03
-2.090920000000000073e+03,4.922138206879150477e-03
-2.090400000000000091e+03,4.930438227386499915e-03
-2.089880000000000109e+03,4.938756822904732946e-03
-2.089360000000000127e+03,4.947094256162968412e-03
-2.088839999999999691e+03,4.955451049000319901e-03
-2.088319999999999709e+03,4.963826653188552901e-03
-2.087800000000000182e+03,4.972221330756788037e-03
-2.087280000000000200e+03,4.980635826304137710e-03
-2.086759999999999764e+03,4.989049074802372370e-03
-2.086239999999999782e+03,4.997481950970605012e-03
-2.085720000000000255e+03,5.005953400897955943e-03
-2.085200000000000273e+03,5.014424324086189273e-03
-2.084679999999999836e+03,5.022933600604424093e-03
-2.084159999999999854e+03,5.031423650181774884e-03
-2.083639999999999873e+03,5.039951998680008462e-03
-2.083119999999999891e+03,5.048499694227360189e-03
-2.082599999999999909e+03,5.057065771795593058e-03
-2.082079999999999927e+03,5.065651475983827014e-03
-2.081559999999999945e+03,5.074236996491177966e-03
-2.081039999999999964e+03,5.082860749099411650e-03
-2.080519999999999982e+03,5.091484125267646370e-03
-2.080000000000000000e+03,5.100146018104997382e-03
-2.079480000000000018e+03,5.108807998383230187e-03
-2.078960000000000036e+03,5.117489030220581485e-03
-2.078440000000000055e+03,5.126207434408815156e-03
-2.077920000000000073e+03,5.134926656316166071e-03
-2.077400000000000091e+03,5.143665007524399896e-03
-2.076880000000000109e+03,5.152421556022633228e-03
-2.076360000000000127e+03,5.161179033619983647e-03
-2.075840000000000146e+03,5.169974156808218244e-03
-2.075320000000000164e+03,5.178788945735568992e-03
-2.074799999999999727e+03,5.187621921903802329e-03
-2.074279999999999745e+03,5.196474317422036110e-03
-2.073760000000000218e+03,5.205346395019386577e-03
-2.073240000000000236e+03,5.214217543517620825e-03
-2.072719999999999800e+03,5.223127678064970643e-03
-2.072199999999999818e+03,5.232037083303204758e-03
-2.071680000000000291e+03,5.240985004160556536e-03
-2.071160000000000309e+03,5.249932927348792064e-03
-2.070639999999999873e+03,5.258919077276140268e-03
-2.070119999999999891e+03,5.267904739464376353e-03
-2.069599999999999909e+03,5.276910017061726271e-03
-2.069079999999999927e+03,5.285933965559959716e-03
-2.068559999999999945e+03,5.294996055768194480e-03
-2.068039999999999964e+03,5.304058577675544069e-03
-2.067519999999999982e+03,5.313158828883778571e-03
-2.067000000000000000e+03,5.322259521721130898e-03
-2.066480000000000018e+03,5.331378593979364290e-03
-2.065960000000000036e+03,5.340517361506712940e-03
-2.065440000000000055e+03,5.349693667094946974e-03
-2.064920000000000073e+03,5.358871173622298256e-03
-2.064400000000000091e+03,5.368066577810532390e-03
-2.063880000000000109e+03,5.377281785737882125e-03
-2.063360000000000127e+03,5.386534489926117150e-03
-2.062840000000000146e+03,5.395787511833467082e-03
-2.062320000000000164e+03,5.405059202041700463e-03
-2.061800000000000182e+03,5.414350422549052237e-03
-2.061279999999999745e+03,5.423660775157286736e-03
-2.060759999999999764e+03,5.433008834664637340e-03
-2.060239999999999782e+03,5.442357387272870987e-03
-2.059720000000000255e+03,5.451725046780221337e-03
-2.059199999999999818e+03,5.461111297988456223e-03
-2.058679999999999836e+03,5.470535758895807635e-03
-2.058159999999999854e+03,5.479961054443157654e-03
-2.057640000000000327e+03,5.489404298681391063e-03
-2.057119999999999891e+03,5.498867266558741390e-03
-2.056599999999999909e+03,5.508367781726974943e-03
-2.056079999999999927e+03,5.517869006344326005e-03
-2.055559999999999945e+03,5.527407693842559602e-03
-2.055039999999999964e+03,5.536966218459911555e-03
-2.054519999999999982e+03,5.546524061648144648e-03
-2.054000000000000000e+03,5.556120730575495395e-03
-2.053480000000000018e+03,5.565735373763730509e-03
-2.052960000000000036e+03,5.575351113621079650e-03
-2.052440000000000055e+03,5.585004830218431512e-03
-2.051920000000000073e+03,5.594677053406665532e-03
-2.051399999999999636e+03,5.604368942334014836e-03
-2.050880000000000109e+03,5.614079404522249149e-03
-2.050360000000000127e+03,5.623809329139600570e-03
-2.049840000000000146e+03,5.633558460976951371e-03
-2.049319999999999709e+03,5.643326241255183957e-03
-2.048800000000000182e+03,5.653113128782534524e-03
-2.048280000000000200e+03,5.662919090970770612e-03
-2.047760000000000218e+03,5.672763240898120833e-03
-2.047239999999999782e+03,5.682607747425471451e-03
-2.046720000000000027e+03,5.692490166703705230e-03
-2.046200000000000045e+03,5.702371959541055468e-03
-2.045680000000000064e+03,5.712292578819289264e-03
-2.045159999999999854e+03,5.722213513366640296e-03
-2.044639999999999873e+03,5.732190835273992188e-03
-2.044120000000000118e+03,5.742149625482226120e-03
-2.043600000000000136e+03,5.752146114059575668e-03
-2.043079999999999927e+03,5.762162176597809653e-03
-2.042559999999999945e+03,5.772216301215161473e-03
-2.042039999999999964e+03,5.782270060722512033e-03
-2.041519999999999982e+03,5.792342980000747023e-03
-2.041000000000000000e+03,5.802454358858097176e-03
-2.040480000000000018e+03,5.812585007385446742e-03
-2.039960000000000036e+03,5.822715198643680506e-03
-2.039439999999999827e+03,5.832883405521032197e-03
-2.038920000000000073e+03,5.843070922118382207e-03
-2.038400000000000091e+03,5.853277484306616124e-03
-2.037880000000000109e+03,5.863522647923966567e-03
-2.037359999999999900e+03,5.873766868781319338e-03
-2.036839999999999918e+03,5.884049860039552299e-03
-2.036320000000000164e+03,5.894332694586903142e-03
-2.035800000000000182e+03,5.904654230184253234e-03
-2.035279999999999973e+03,5.914993645702486605e-03
-2.034759999999999991e+03,5.925352909319838227e-03
-2.034240000000000009e+03,5.935731715847188464e-03
-2.033720000000000255e+03,5.946147588105423452e-03
-2.033199999999999818e+03,5.956564094982773512e-03
-2.032680000000000064e+03,5.967018791580124513e-03
-2.032160000000000082e+03,5.977473526127474561e-03
-2.031639999999999873e+03,5.987984870365709207e-03
-2.031119999999999891e+03,5.998496877243060174e-03
-2.030599999999999909e+03,6.009027540860410396e-03
-2.030080000000000155e+03,6.019577432118643733e-03
-2.029559999999999945e+03,6.030165366665994099e-03
-2.029039999999999964e+03,6.040772555593346312e-03
-2.028519999999999982e+03,6.051398662120697179e-03
-2.028000000000000000e+03,6.062044081398930070e-03
-2.027480000000000018e+03,6.072727515946280477e-03
-2.026960000000000036e+03,6.083410951543632116e-03
-2.026440000000000055e+03,6.094132211400982158e-03
-2.025920000000000073e+03,6.104873169679217101e-03
-2.025399999999999864e+03,6.115632976206566290e-03
-2.024880000000000109e+03,6.126411939823918351e-03
-2.024360000000000127e+03,6.137229046701268842e-03
-2.023839999999999918e+03,6.148064090939504150e-03
-2.023319999999999936e+03,6.158900354556852766e-03
-2.022799999999999955e+03,6.169793889104204128e-03
-2.022280000000000200e+03,6.180686924701555250e-03
-2.021759999999999764e+03,6.191618631578904922e-03
-2.021240000000000009e+03,6.202549589857139604e-03
-2.020720000000000027e+03,6.213519496384490616e-03
-2.020200000000000045e+03,6.224508060001841293e-03
-2.019679999999999836e+03,6.235534447529192566e-03
-2.019159999999999854e+03,6.246561338787425498e-03
-2.018640000000000100e+03,6.257645413734775654e-03
-2.018120000000000118e+03,6.268710348282126484e-03
-2.017599999999999909e+03,6.279832583879477702e-03
-2.017079999999999927e+03,6.290954818426828556e-03
-2.016559999999999945e+03,6.302133882044180443e-03
-2.016040000000000191e+03,6.313313111252413616e-03
-2.015519999999999982e+03,6.324511719179765762e-03
-2.015000000000000000e+03,6.335748082797115072e-03
-2.014480000000000018e+03,6.347004056344466259e-03
-2.013959999999999809e+03,6.358278591941816937e-03
-2.013440000000000055e+03,6.369591479469168330e-03
-2.012920000000000073e+03,6.380903937747402568e-03
-2.012400000000000091e+03,6.392254873694752822e-03
-2.011879999999999882e+03,6.403624880222102793e-03
-2.011359999999999900e+03,6.415033682839455659e-03
-2.010840000000000146e+03,6.426461017386803434e-03
-2.010320000000000164e+03,6.437888381004155426e-03
-2.009799999999999955e+03,6.449372555601506733e-03
-2.009279999999999973e+03,6.460875945809739160e-03
-2.008759999999999991e+03,6.472398820757091498e-03
-2.008240000000000236e+03,6.483940727284441541e-03
-2.007719999999999800e+03,6.495520390901792125e-03
-2.007200000000000045e+03,6.507100593519141857e-03
-2.006680000000000064e+03,6.518737528066493453e-03
-2.006160000000000082e+03,6.530355902663845420e-03
-2.005639999999999873e+03,6.542050513301195594e-03
-2.005119999999999891e+03,6.553725686848547484e-03
-2.004600000000000136e+03,6.565457806126780149e-03
-2.004079999999999927e+03,6.577209352004131232e-03
-2.003559999999999945e+03,6.588979987601480647e-03
-2.003039999999999964e+03,6.600788890218831605e-03
-2.002519999999999982e+03,6.612616824766184148e-03
-2.002000000000000000e+03,6.624444827383534247e-03
-2.001480000000000018e+03,6.636329601980884250e-03
-2.000960000000000036e+03,6.648214836528235951e-03
-2.000440000000000055e+03,6.660138339145586957e-03
-1.999919999999999845e+03,6.672099502762938832e-03
-1.999400000000000091e+03,6.684080595310288274e-03
-1.998880000000000109e+03,6.696079997927640443e-03
-1.998360000000000127e+03,6.708117561544989747e-03
-1.997839999999999918e+03,6.720155107422340346e-03
-1.997319999999999936e+03,6.732230871039691401e-03
-1.996800000000000182e+03,6.744344845637041501e-03
-1.996279999999999745e+03,6.756477919184392111e-03
-1.995759999999999991e+03,6.768649568821743026e-03
-1.995240000000000009e+03,6.780820832439093254e-03
-1.994720000000000027e+03,6.793029961647329383e-03
-1.994199999999999818e+03,6.805277636244679539e-03
-1.993679999999999836e+03,6.817543899862028335e-03
-1.993160000000000082e+03,6.829810673409379002e-03
-1.992640000000000100e+03,6.842153723046729384e-03
-1.992119999999999891e+03,6.854496425664082827e-03
-1.991599999999999909e+03,6.866877799211436144e-03
-1.991079999999999927e+03,6.879258979147901722e-03
-1.990560000000000173e+03,6.891697181765252603e-03
-1.990039999999999964e+03,6.904135702332603146e-03
-1.989519999999999982e+03,6.916631204949954918e-03
-1.989000000000000000e+03,6.929126707567304956e-03
-1.988480000000000018e+03,6.941660342114655720e-03
-1.987960000000000036e+03,6.954232063732004344e-03
-1.987440000000000055e+03,6.966823066349356157e-03
-1.986920000000000073e+03,6.979433168966706243e-03
-1.986399999999999864e+03,6.992080942514059330e-03
-1.985879999999999882e+03,7.004748192151410112e-03
-1.985360000000000127e+03,7.017434694768759362e-03
-1.984840000000000146e+03,7.030177968316109888e-03
-1.984319999999999936e+03,7.042921589933461186e-03
-1.983799999999999955e+03,7.055703092550813342e-03
-1.983279999999999973e+03,7.068522795168163779e-03
-1.982760000000000218e+03,7.081361915735513018e-03
-1.982239999999999782e+03,7.094219818352861737e-03
-1.981720000000000027e+03,7.107115920970213073e-03
-1.981200000000000045e+03,7.120031814946683676e-03
-1.980680000000000064e+03,7.132985188494034290e-03
-1.980159999999999854e+03,7.145957163091384672e-03
-1.979639999999999873e+03,7.158968212728732995e-03
-1.979120000000000118e+03,7.171997486276083904e-03
-1.978600000000000136e+03,7.185084088893437318e-03
-1.978079999999999927e+03,7.198171538530788276e-03
-1.977559999999999945e+03,7.211296341148135634e-03
-1.977039999999999964e+03,7.224440243765488205e-03
-1.976519999999999982e+03,7.237623008671958437e-03
-1.976000000000000000e+03,7.250824250289309575e-03
-1.975480000000000018e+03,7.264063971906657008e-03
-1.974960000000000036e+03,7.277321974524007288e-03
-1.974439999999999827e+03,7.290618995091356982e-03
-1.973920000000000073e+03,7.303953897708710501e-03
-1.973400000000000091e+03,7.317307744665180538e-03
-1.972880000000000109e+03,7.330700360972529535e-03
-1.972359999999999900e+03,7.344111134519880867e-03
-1.971839999999999918e+03,7.357541884157233099e-03
-1.971320000000000164e+03,7.371009986774579997e-03
-1.970800000000000182e+03,7.384516675411933670e-03
-1.970279999999999973e+03,7.398042422368399443e-03
-1.969759999999999991e+03,7.411625442935751255e-03
-1.969240000000000009e+03,7.425208184553101949e-03
-1.968720000000000255e+03,7.438829434190450188e-03
-1.968199999999999818e+03,7.452468908787803110e-03
-1.967680000000000064e+03,7.466166941764271377e-03
-1.967160000000000082e+03,7.479864242981621066e-03
-1.966639999999999873e+03,7.493618692618972225e-03
-1.966119999999999891e+03,7.507373334236322991e-03
-1.965599999999999909e+03,7.521185083873673308e-03
-1.965080000000000155e+03,7.535015930830141206e-03
-1.964559999999999945e+03,7.548884990397491945e-03
-1.964039999999999964e+03,7.562772793014842752e-03
-1.963519999999999982e+03,7.576699181652192527e-03
-1.963000000000000000e+03,7.590664075628661758e-03
-1.962480000000000018e+03,7.604647444916012855e-03
-1.961960000000000036e+03,7.618669294553363260e-03
-1.961440000000000055e+03,7.632709907100713662e-03
-1.960920000000000073e+03,7.646788901077182336e-03
-1.960399999999999864e+03,7.660906289714534793e-03
-1.959880000000000109e+03,7.675060992331885108e-03
-1.959360000000000127e+03,7.689236025308351236e-03
-1.958839999999999918e+03,7.703428955595700671e-03
-1.958319999999999936e+03,7.717660415163054427e-03
-1.957799999999999955e+03,7.731949164800404339e-03
-1.957280000000000200e+03,7.746237950756871236e-03
-1.956759999999999764e+03,7.760584039394220583e-03
-1.956240000000000009e+03,7.774930089031573989e-03
-1.955720000000000027e+03,7.789333502658042641e-03
-1.955200000000000045e+03,7.803755991295393754e-03
-1.954679999999999836e+03,7.818235211862742395e-03
-1.954159999999999854e+03,7.832715344839209781e-03
-1.953640000000000100e+03,7.847251586456561664e-03
-1.953120000000000118e+03,7.861788663763911653e-03
-1.952599999999999909e+03,7.876401996740379358e-03
-1.952079999999999927e+03,7.891014638357731273e-03
-1.951559999999999945e+03,7.905684926995081019e-03
-1.951040000000000191e+03,7.920355520971551072e-03
-1.950519999999999982e+03,7.935083108208900934e-03
-1.950000000000000000e+03,7.949829449826247701e-03
-1.949480000000000018e+03,7.964633810822718471e-03
-1.948959999999999809e+03,7.979437260460067391e-03
-1.948440000000000055e+03,7.994298549097418952e-03
-1.947920000000000073e+03,8.009178962723888934e-03
-1.947400000000000091e+03,8.024097051361239047e-03
-1.946879999999999882e+03,8.039072784337707167e-03
-1.946359999999999900e+03,8.054048672975053572e-03
-1.945840000000000146e+03,8.069081389282408909e-03
-1.945320000000000164e+03,8.084133175238875785e-03
-1.944799999999999955e+03,8.099223095806224945e-03
-1.944279999999999973e+03,8.114332528782694856e-03
-1.943759999999999991e+03,8.129498945090043310e-03
-1.943240000000000236e+03,8.144684778066511519e-03
-1.942719999999999800e+03,8.159907966703862023e-03
-1.942200000000000045e+03,8.175150783361211787e-03
-1.941680000000000064e+03,8.190469496987680745e-03
-1.941160000000000082e+03,8.205769585625031018e-03
-1.940639999999999873e+03,8.221145918601501304e-03
-1.940119999999999891e+03,8.236541007238851880e-03
-1.939600000000000136e+03,8.251974667885318693e-03
-1.939079999999999927e+03,8.267427595522671910e-03
-1.938559999999999945e+03,8.282937128499137311e-03
-1.938039999999999964e+03,8.298485044806487923e-03
-1.937519999999999982e+03,8.314052405802956069e-03
-1.937000000000000000e+03,8.329657594440306734e-03
-1.936480000000000018e+03,8.345300855086775632e-03
-1.935960000000000036e+03,8.360963314654124706e-03
-1.935440000000000055e+03,8.376683447630591667e-03
-1.934919999999999845e+03,8.392421875267943795e-03
-1.934400000000000091e+03,8.408217588894411482e-03
-1.933880000000000109e+03,8.424032405551762012e-03
-1.933360000000000127e+03,8.439886238528230764e-03
-1.932839999999999918e+03,8.455777493835579459e-03
-1.932319999999999936e+03,8.471706726812047034e-03
-1.931800000000000182e+03,8.487674662469397655e-03
-1.931279999999999745e+03,8.503661723115866697e-03
-1.930759999999999991e+03,8.519705750753218954e-03
-1.930240000000000009e+03,8.535768711749684365e-03
-1.929720000000000027e+03,8.551889128057035480e-03
-1.929199999999999818e+03,8.568009400033502546e-03
-1.928679999999999836e+03,8.584206533009971704e-03
-1.928160000000000082e+03,8.600421949317321388e-03
-1.927640000000000100e+03,8.616695049313789767e-03
-1.927119999999999891e+03,8.632967765621141210e-03
-1.926599999999999909e+03,8.649298137597606628e-03
-1.926079999999999927e+03,8.665666326234958139e-03
-1.925560000000000173e+03,8.682073086881425886e-03
-1.925039999999999964e+03,8.698498833897895868e-03
-1.924519999999999982e+03,8.714981651605245572e-03
-1.924000000000000000e+03,8.731503051251711042e-03
-1.923480000000000018e+03,8.748062084228179144e-03
-1.922960000000000036e+03,8.764639939535530389e-03
-1.922440000000000055e+03,8.781275900531999509e-03
-1.921920000000000073e+03,8.797949228169347352e-03
-1.921399999999999864e+03,8.814642374835816169e-03
-1.920879999999999882e+03,8.831392407812286086e-03
-1.920360000000000127e+03,8.848180391139635198e-03
-1.919840000000000146e+03,8.865006324116103675e-03
-1.919319999999999936e+03,8.881873896092571871e-03
-1.918799999999999955e+03,8.898776798419922793e-03
-1.918279999999999973e+03,8.915698231396391310e-03
-1.917760000000000218e+03,8.932677559062855016e-03
-1.917239999999999782e+03,8.949675086700208462e-03
-1.916720000000000027e+03,8.966749694366676557e-03
-1.916200000000000045e+03,8.983824466343142551e-03
-1.915680000000000064e+03,9.000955751070493713e-03
-1.915159999999999854e+03,9.018106450716961708e-03
-1.914639999999999873e+03,9.035333830713429895e-03
-1.914120000000000118e+03,9.052579558379895974e-03
-1.913600000000000136e+03,9.069882686017249548e-03
-1.913079999999999927e+03,9.087186532683718884e-03
-1.912559999999999945e+03,9.104565904660183798e-03
-1.912039999999999964e+03,9.121964048987532547e-03
-1.911519999999999982e+03,9.139420667984001975e-03
-1.911000000000000000e+03,9.156914667630470378e-03
-1.910480000000000018e+03,9.174427796696934742e-03
-1.909960000000000036e+03,9.191998199024288205e-03
-1.909439999999999827e+03,9.209607271000756420e-03
-1.908920000000000073e+03,9.227273170647224895e-03
-1.908400000000000091e+03,9.244958017663690991e-03
-1.907880000000000109e+03,9.262681217310159490e-03
-1.907359999999999900e+03,9.280442091967511589e-03
-1.906839999999999918e+03,9.298260319633976437e-03
-1.906320000000000164e+03,9.316117567700444441e-03
-1.905800000000000182e+03,9.334012667346914746e-03
-1.905279999999999973e+03,9.351945467343383139e-03
-1.904759999999999991e+03,9.369935569670733572e-03
-1.904240000000000009e+03,9.387925641647199004e-03
-1.903720000000000255e+03,9.406011616333666975e-03
-1.903199999999999818e+03,9.424097217380135796e-03
-1.902680000000000064e+03,9.442259064046601078e-03
-1.902160000000000082e+03,9.460421064043069567e-03
-1.901639999999999873e+03,9.478678605370421256e-03
-1.901119999999999891e+03,9.496935633036890020e-03
-1.900599999999999909e+03,9.515250252033357128e-03
-1.900080000000000155e+03,9.533602780749826297e-03
-1.899559999999999945e+03,9.552013427766292697e-03
-1.899039999999999964e+03,9.570442366412759694e-03
-1.898519999999999982e+03,9.588928885409226874e-03
-1.898000000000000000e+03,9.607453315756577308e-03
-1.897480000000000018e+03,9.626015415403045214e-03
-1.896960000000000036e+03,9.644635730489514724e-03
-1.896440000000000055e+03,9.663293830135980672e-03
-1.895920000000000073e+03,9.681989949132448203e-03
-1.895399999999999864e+03,9.700724862818917854e-03
-1.894880000000000109e+03,9.719516191535384000e-03
-1.894360000000000127e+03,9.738346077551852248e-03
-1.893839999999999918e+03,9.757233377198318292e-03
-1.893319999999999936e+03,9.776139596194785911e-03
-1.892799999999999955e+03,9.795103209881257655e-03
-1.892280000000000200e+03,9.814104638597722155e-03
-1.891759999999999764e+03,9.833163724614187029e-03
-1.891240000000000009e+03,9.852241026941543911e-03
-1.890720000000000027e+03,9.871395293608012725e-03
-1.890200000000000045e+03,9.890568441674475395e-03
-1.889679999999999836e+03,9.909818027340944538e-03
-1.889159999999999854e+03,9.929067574357412079e-03
-1.888640000000000100e+03,9.948412313003879986e-03
-1.888120000000000118e+03,9.967757455760345095e-03
-1.887599999999999909e+03,9.987179374756818134e-03
-1.887079999999999927e+03,1.000661998844328167e-02
-1.886559999999999945e+03,1.002613608808975050e-02
-1.886040000000000191e+03,1.004567220317621745e-02
-1.885519999999999982e+03,1.006528468884268675e-02
-1.885000000000000000e+03,1.008491630252915383e-02
-1.884480000000000018e+03,1.010458586586473854e-02
-1.883959999999999809e+03,1.012429256160120652e-02
-1.883440000000000055e+03,1.014405734726767268e-02
-1.882920000000000073e+03,1.016389849393414466e-02
-1.882400000000000091e+03,1.018375880902061027e-02
-1.881879999999999882e+03,1.020369549468707650e-02
-1.881359999999999900e+03,1.022367040837354572e-02
-1.880840000000000146e+03,1.024368314842001408e-02
-1.880320000000000164e+03,1.026371536210647639e-02
-1.879799999999999955e+03,1.028382343679294653e-02
-1.879279999999999973e+03,1.030397022245941631e-02
-1.878759999999999991e+03,1.032419293754588581e-02
-1.878240000000000236e+03,1.034443522321235216e-02
-1.877719999999999800e+03,1.036471558123793803e-02
-1.877200000000000045e+03,1.038501469597440281e-02
-1.876680000000000064e+03,1.040544698199087278e-02
-1.876160000000000082e+03,1.042589886765733949e-02
-1.875639999999999873e+03,1.044640761041380587e-02
-1.875119999999999891e+03,1.046691679608027607e-02
-1.874600000000000136e+03,1.048752148209674238e-02
-1.874079999999999927e+03,1.050814514117232729e-02
-1.873559999999999945e+03,1.052880665485879559e-02
-1.873039999999999964e+03,1.054950639761526206e-02
-1.872519999999999982e+03,1.057032115561173068e-02
-1.872000000000000000e+03,1.059115460829819846e-02
-1.871480000000000018e+03,1.061200712303466895e-02
-1.870960000000000036e+03,1.063293638106025188e-02
-1.870440000000000055e+03,1.065390296672671586e-02
-1.869919999999999845e+03,1.067492688181318795e-02
-1.869400000000000091e+03,1.069598953449965063e-02
-1.868880000000000109e+03,1.071712804923611977e-02
-1.868360000000000127e+03,1.073832420726170654e-02
-1.867839999999999918e+03,1.075955869292817557e-02
-1.867319999999999936e+03,1.078084992170463829e-02
-1.866800000000000182e+03,1.080217940772110717e-02
-1.866279999999999745e+03,1.082350926679669610e-02
-1.865759999999999991e+03,1.084493431948316440e-02
-1.865240000000000009e+03,1.086637843316962983e-02
-1.864720000000000027e+03,1.088795613124521507e-02
-1.864199999999999818e+03,1.090955339195168183e-02
-1.863679999999999836e+03,1.093120710668814798e-02
-1.863160000000000082e+03,1.095286083170461840e-02
-1.862640000000000100e+03,1.097461088973020193e-02
-1.862119999999999891e+03,1.099637924346666927e-02
-1.861599999999999909e+03,1.101824340417313641e-02
-1.861079999999999927e+03,1.104012673026871956e-02
-1.860560000000000173e+03,1.106208551593518968e-02
-1.860039999999999964e+03,1.108408259769165689e-02
-1.859519999999999982e+03,1.110613814173723977e-02
-1.859000000000000000e+03,1.112823115647370957e-02
-1.858480000000000018e+03,1.115036188149017872e-02
-1.857960000000000036e+03,1.117255061560576239e-02
-1.857440000000000055e+03,1.119481504027222685e-02
-1.856920000000000073e+03,1.121715589295869953e-02
-1.856399999999999864e+03,1.123953562707428154e-02
-1.855879999999999882e+03,1.126195237976074931e-02
-1.855360000000000127e+03,1.128436997783633516e-02
-1.854840000000000146e+03,1.130692127754280227e-02
-1.854319999999999936e+03,1.132950992029926884e-02
-1.853799999999999955e+03,1.135217563632485473e-02
-1.853279999999999973e+03,1.137485981808132249e-02
-1.852760000000000218e+03,1.139760211510690464e-02
-1.852239999999999782e+03,1.142036304388337545e-02
-1.851720000000000027e+03,1.144323816854984216e-02
-1.851200000000000045e+03,1.146615174166542607e-02
-1.850680000000000064e+03,1.148916055535189294e-02
-1.850159999999999854e+03,1.151217012846747836e-02
-1.849639999999999873e+03,1.153521668220394529e-02
-1.849120000000000118e+03,1.155830212624953113e-02
-1.848600000000000136e+03,1.158152110800599738e-02
-1.848079999999999927e+03,1.160475935205158328e-02
-1.847559999999999945e+03,1.162807330578805032e-02
-1.847039999999999964e+03,1.165142614983363453e-02
-1.846519999999999982e+03,1.167485477059010401e-02
-1.846000000000000000e+03,1.169832171463568854e-02
-1.845480000000000018e+03,1.172184579639215865e-02
-1.844960000000000036e+03,1.174542781241773998e-02
-1.844439999999999827e+03,1.176906634119420821e-02
-1.843920000000000073e+03,1.179276216728979490e-02
-1.843400000000000091e+03,1.181649616699626155e-02
-1.842880000000000109e+03,1.184028753209184423e-02
-1.842359999999999900e+03,1.186413610377831315e-02
-1.841839999999999918e+03,1.188809967689389777e-02
-1.841320000000000164e+03,1.191208200298948285e-02
-1.840800000000000182e+03,1.193612164169595251e-02
-1.840279999999999973e+03,1.196018021481153569e-02
-1.839759999999999991e+03,1.198437176749800326e-02
-1.839240000000000009e+03,1.200858365159358787e-02
-1.838720000000000255e+03,1.203287145237917112e-02
-1.838199999999999818e+03,1.205719705208563829e-02
-1.837680000000000064e+03,1.208161821718122669e-02
-1.837160000000000082e+03,1.210603931688769390e-02
-1.836639999999999873e+03,1.213055632900327668e-02
-1.836119999999999891e+03,1.215511100211886207e-02
-1.835599999999999909e+03,1.217978006578532800e-02
-1.835080000000000155e+03,1.220446843890091344e-02
-1.834559999999999945e+03,1.222919507868649829e-02
-1.834039999999999964e+03,1.225397907839296738e-02
-1.833519999999999982e+03,1.227887759050855059e-02
-1.833000000000000000e+03,1.230379485560413599e-02
-1.832480000000000018e+03,1.232878845531060370e-02
-1.831960000000000036e+03,1.235383976742618871e-02
-1.831440000000000055e+03,1.237892877954177226e-02
-1.830920000000000073e+03,1.240411375125735453e-02
-1.830399999999999864e+03,1.242935519101382412e-02
-1.829880000000000109e+03,1.245467390312940750e-02
-1.829360000000000127e+03,1.248003028617499476e-02
-1.828839999999999918e+03,1.250546305929057904e-02
-1.828319999999999936e+03,1.253093375473704821e-02
-1.827799999999999955e+03,1.255651883778262888e-02
-1.827280000000000200e+03,1.258212320287821831e-02
-1.826759999999999764e+03,1.260778471499379889e-02
-1.826240000000000009e+03,1.263346545370026656e-02
-1.825720000000000027e+03,1.265927979348585586e-02
-1.825200000000000045e+03,1.268511366660143684e-02
-1.824679999999999836e+03,1.271110022573702231e-02
-1.824159999999999854e+03,1.273708640878260488e-02
-1.823640000000000100e+03,1.276316780422907457e-02
-1.823120000000000118e+03,1.278928771634465882e-02
-1.822599999999999909e+03,1.281546446746024449e-02
-1.822079999999999927e+03,1.284169895050582370e-02
-1.821559999999999945e+03,1.286799029029141346e-02
-1.821040000000000191e+03,1.289433940240699607e-02
-1.820519999999999982e+03,1.292078317018346967e-02
-1.820000000000000000e+03,1.294728455322904752e-02
-1.819480000000000018e+03,1.297384329301463392e-02
-1.818959999999999809e+03,1.300047875215022165e-02
-1.818440000000000055e+03,1.302718980326580782e-02
-1.817920000000000073e+03,1.305395864305138737e-02
-1.817400000000000091e+03,1.308078472609697403e-02
-1.816879999999999882e+03,1.310770587721255855e-02
-1.816359999999999900e+03,1.313468466401814146e-02
-1.815840000000000146e+03,1.316172087613372461e-02
-1.815320000000000164e+03,1.318881389817931279e-02
-1.814799999999999955e+03,1.321596389362578346e-02
-1.814279999999999973e+03,1.324315275276136475e-02
-1.813759999999999991e+03,1.327047453189695095e-02
-1.813240000000000236e+03,1.329781587168253273e-02
-1.812719999999999800e+03,1.332525256981811554e-02
-1.812200000000000045e+03,1.335270795286370125e-02
-1.811680000000000064e+03,1.338031673164928950e-02
-1.811160000000000082e+03,1.340792529078487470e-02
-1.810639999999999873e+03,1.343568636957045634e-02
-1.810119999999999891e+03,1.346346648168603860e-02
-1.809600000000000136e+03,1.349132337982162505e-02
-1.809079999999999927e+03,1.351921815860721368e-02
-1.808559999999999945e+03,1.354718911669279546e-02
-1.808039999999999964e+03,1.357519833981749545e-02
-1.807519999999999982e+03,1.360334139093308248e-02
-1.807000000000000000e+03,1.363152248906866412e-02
-1.806480000000000018e+03,1.365979872885425030e-02
-1.805960000000000036e+03,1.368813262698983547e-02
-1.805440000000000055e+03,1.371652353379541889e-02
-1.804919999999999845e+03,1.374499113193100759e-02
-1.804400000000000091e+03,1.377353428164659020e-02
-1.803880000000000109e+03,1.380217324078216942e-02
-1.803360000000000127e+03,1.383088831956775892e-02
-1.802839999999999918e+03,1.385966151770334776e-02
-1.802319999999999936e+03,1.388845368819804395e-02
-1.801800000000000182e+03,1.391737886698362486e-02
-1.801279999999999745e+03,1.394634256511921230e-02
-1.800759999999999991e+03,1.397540094390480221e-02
-1.800240000000000009e+03,1.400446014204038449e-02
-1.799720000000000027e+03,1.403367219586596631e-02
-1.799199999999999818e+03,1.406290279132066737e-02
-1.798679999999999836e+03,1.409228625612625116e-02
-1.798160000000000082e+03,1.412166968193184075e-02
-1.797640000000000100e+03,1.415114826106742517e-02
-1.797119999999999891e+03,1.418066538687301308e-02
-1.796599999999999909e+03,1.421037332934770893e-02
-1.796079999999999927e+03,1.424008114713329505e-02
-1.795560000000000173e+03,1.426982747328887913e-02
-1.795039999999999964e+03,1.429963059909446221e-02
-1.794519999999999982e+03,1.432958731249916323e-02
-1.794000000000000000e+03,1.435960057730475276e-02
-1.793480000000000018e+03,1.438970898411033594e-02
-1.792960000000000036e+03,1.441987505031592023e-02
-1.792440000000000055e+03,1.445007962046062147e-02
-1.791920000000000073e+03,1.448037884661620804e-02
-1.791399999999999864e+03,1.451075451142178931e-02
-1.790879999999999882e+03,1.454122645389649068e-02
-1.790360000000000127e+03,1.457175457168207594e-02
-1.789840000000000146e+03,1.460239812550765889e-02
-1.789319999999999936e+03,1.463307970698236350e-02
-1.788799999999999955e+03,1.466385647178794840e-02
-1.788279999999999973e+03,1.469465182561353021e-02
-1.787760000000000218e+03,1.472556260708823318e-02
-1.787239999999999782e+03,1.475651079991382141e-02
-1.786720000000000027e+03,1.478765077005851636e-02
-1.786200000000000045e+03,1.481880900719410171e-02
-1.785680000000000064e+03,1.485008190001968834e-02
-1.785159999999999854e+03,1.488135510916438822e-02
-1.784639999999999873e+03,1.491276110729997627e-02
-1.784120000000000118e+03,1.494420624446468095e-02
-1.783600000000000136e+03,1.497578470927026298e-02
-1.783079999999999927e+03,1.500740124783496270e-02
-1.782559999999999945e+03,1.503913251264054826e-02
-1.782039999999999964e+03,1.507090147744613584e-02
-1.781519999999999982e+03,1.510278576163083530e-02
-1.781000000000000000e+03,1.513474569876641432e-02
-1.780480000000000018e+03,1.516678243593111951e-02
-1.779960000000000036e+03,1.519889520073670376e-02
-1.779439999999999827e+03,1.523110378221140954e-02
-1.778920000000000073e+03,1.526336890410699178e-02
-1.778400000000000091e+03,1.529567286027169563e-02
-1.777880000000000109e+03,1.532810985309727980e-02
-1.777359999999999900e+03,1.536062406224197874e-02
-1.776839999999999918e+03,1.539323331073668213e-02
-1.776320000000000164e+03,1.542591842256226496e-02
-1.775800000000000182e+03,1.545869958879696367e-02
-1.775279999999999973e+03,1.549153715360254702e-02
-1.774759999999999991e+03,1.552449020209725750e-02
-1.774240000000000009e+03,1.555748091392283872e-02
-1.773720000000000255e+03,1.559066265108754491e-02
-1.773199999999999818e+03,1.562386352830224048e-02
-1.772680000000000064e+03,1.565715986814782482e-02
-1.772160000000000082e+03,1.569045621629253096e-02
-1.771639999999999873e+03,1.572392477280722817e-02
-1.771119999999999891e+03,1.575741177661281120e-02
-1.770599999999999909e+03,1.579107054284751427e-02
-1.770080000000000155e+03,1.582476783801221518e-02
-1.769559999999999945e+03,1.585859813083780392e-02
-1.769039999999999964e+03,1.589246782600250638e-02
-1.768519999999999982e+03,1.592645079223720464e-02
-1.768000000000000000e+03,1.596047247108278722e-02
-1.767480000000000018e+03,1.599460869155748879e-02
-1.766960000000000036e+03,1.602882121474218796e-02
-1.766440000000000055e+03,1.606310975295689031e-02
-1.765920000000000073e+03,1.609751343180247651e-02
-1.765399999999999864e+03,1.613201192696718522e-02
-1.764880000000000109e+03,1.616658700313187980e-02
-1.764360000000000127e+03,1.620118155538658247e-02
-1.763839999999999918e+03,1.623598542019216717e-02
-1.763319999999999936e+03,1.627084684337687034e-02
-1.762799999999999955e+03,1.630578466761157391e-02
-1.762280000000000200e+03,1.634076084377627386e-02
-1.761759999999999764e+03,1.637590876696097195e-02
-1.761240000000000009e+03,1.641109454685655764e-02
-1.760720000000000027e+03,1.644641402302126146e-02
-1.760200000000000045e+03,1.648175298520596771e-02
-1.759679999999999836e+03,1.651724420944066310e-02
-1.759159999999999854e+03,1.655275503262536307e-02
-1.758640000000000100e+03,1.658845635581006686e-02
-1.758120000000000118e+03,1.662417643302476974e-02
-1.757599999999999909e+03,1.666003071187035361e-02
-1.757079999999999927e+03,1.669594217405505343e-02
-1.756559999999999945e+03,1.673202502630975405e-02
-1.756040000000000191e+03,1.676812692147445008e-02
-1.755519999999999982e+03,1.680436311272915859e-02
-1.755000000000000000e+03,1.684063708889386307e-02
-1.754480000000000018e+03,1.687702548405856443e-02
-1.753959999999999809e+03,1.691350947531326462e-02
-1.753440000000000055e+03,1.695008889849796557e-02
-1.752920000000000073e+03,1.698676388975266585e-02
-1.752400000000000091e+03,1.702351471258737106e-02
-1.751879999999999882e+03,1.706039977477206981e-02
-1.751359999999999900e+03,1.709734216602676674e-02
-1.750840000000000146e+03,1.713445588921146817e-02
-1.750320000000000164e+03,1.717160785244617807e-02
-1.749799999999999955e+03,1.720889351463087899e-02
-1.749279999999999973e+03,1.724621736688557866e-02
-1.748759999999999991e+03,1.728367527609027399e-02
-1.748240000000000236e+03,1.732115149501498030e-02
-1.747719999999999800e+03,1.735883822917968361e-02
-1.747200000000000045e+03,1.739652448143438196e-02
-1.746680000000000064e+03,1.743442084361908687e-02
-1.746160000000000082e+03,1.747231755014290802e-02
-1.745639999999999873e+03,1.751038586906760591e-02
-1.745119999999999891e+03,1.754847307827231070e-02
-1.744600000000000136e+03,1.758673234150700745e-02
-1.744079999999999927e+03,1.762502983276170720e-02
-1.743559999999999945e+03,1.766351779494641089e-02
-1.743039999999999964e+03,1.770204436089111225e-02
-1.742519999999999982e+03,1.774072366741492879e-02
-1.742000000000000000e+03,1.777945995866963072e-02
-1.741480000000000018e+03,1.781831070687433724e-02
-1.740960000000000036e+03,1.785721892579903575e-02
-1.740440000000000055e+03,1.789620345996374359e-02
-1.739919999999999845e+03,1.793534104257755654e-02
-1.739400000000000091e+03,1.797459254376225848e-02
-1.738880000000000109e+03,1.801395866268696438e-02
-1.738360000000000127e+03,1.805336330096166120e-02
-1.737839999999999918e+03,1.809295894648548300e-02
-1.737319999999999936e+03,1.813263051243018190e-02
-1.736800000000000182e+03,1.817241681361488406e-02
-1.736279999999999745e+03,1.821226109622870251e-02
-1.735759999999999991e+03,1.825221885415339793e-02
-1.735240000000000009e+03,1.829219596335810230e-02
-1.734720000000000027e+03,1.833244053795192105e-02
-1.734199999999999818e+03,1.837268507482662377e-02
-1.733679999999999836e+03,1.841313925210132443e-02
-1.733160000000000082e+03,1.845361305436514499e-02
-1.732640000000000100e+03,1.849422000256984930e-02
-1.732119999999999891e+03,1.853488389382455109e-02
-1.731599999999999909e+03,1.857575864310836641e-02
-1.731079999999999927e+03,1.861667119131306392e-02
-1.730560000000000173e+03,1.865769839357688670e-02
-1.730039999999999964e+03,1.869880197085159110e-02
-1.729519999999999982e+03,1.874003906339541045e-02
-1.729000000000000000e+03,1.878137132934010536e-02
-1.728480000000000018e+03,1.882287515959481239e-02
-1.727960000000000036e+03,1.886445607980863359e-02
-1.727440000000000055e+03,1.890611309608332749e-02
-1.726920000000000073e+03,1.894792324536714867e-02
-1.726399999999999864e+03,1.898982802264184699e-02
-1.725879999999999882e+03,1.903184792385567009e-02
-1.725360000000000127e+03,1.907392460113037369e-02
-1.724840000000000146e+03,1.911619265041418839e-02
-1.724319999999999936e+03,1.915851801102800428e-02
-1.723799999999999955e+03,1.920103398690270816e-02
-1.723279999999999973e+03,1.924356940851652473e-02
-1.722760000000000218e+03,1.928625681346122361e-02
-1.722239999999999782e+03,1.932896417407504661e-02
-1.721720000000000027e+03,1.937189987796975044e-02
-1.721200000000000045e+03,1.941487413858356686e-02
-1.720680000000000064e+03,1.945809618786738596e-02
-1.720159999999999854e+03,1.950133753181208796e-02
-1.719639999999999873e+03,1.954471285342590514e-02
-1.719120000000000118e+03,1.958814554065972310e-02
-1.718600000000000136e+03,1.963178745693442556e-02
-1.718079999999999927e+03,1.967548735323824613e-02
-1.717559999999999945e+03,1.971933974152206143e-02
-1.717039999999999964e+03,1.976326815779676921e-02
-1.716519999999999982e+03,1.980731153510058296e-02
-1.716000000000000000e+03,1.985148809431440051e-02
-1.715480000000000018e+03,1.989579885492822123e-02
-1.714960000000000036e+03,1.994022374589292032e-02
-1.714439999999999827e+03,1.998476326219674262e-02
-1.713920000000000073e+03,2.002941732281055681e-02
-1.713400000000000091e+03,2.007417015811437805e-02
-1.712880000000000109e+03,2.011907220205907953e-02
-1.712359999999999900e+03,2.016408919069289860e-02
-1.711839999999999918e+03,2.020923972599671797e-02
-1.711320000000000164e+03,2.025444718521053622e-02
-1.710800000000000182e+03,2.029980747384435222e-02
-1.710279999999999973e+03,2.034524450914816998e-02
-1.709759999999999991e+03,2.039089099209287492e-02
-1.709240000000000009e+03,2.043655675541669603e-02
-1.708720000000000255e+03,2.048249004370051446e-02
-1.708199999999999818e+03,2.052844229033433041e-02
-1.707680000000000064e+03,2.057458520663814697e-02
-1.707160000000000082e+03,2.062076664194196357e-02
-1.706639999999999873e+03,2.066717696922578534e-02
-1.706119999999999891e+03,2.071362530487960013e-02
-1.705599999999999909e+03,2.076024607918342327e-02
-1.705080000000000155e+03,2.080694289548724180e-02
-1.704559999999999945e+03,2.085381146979105663e-02
-1.704039999999999964e+03,2.090077557211487622e-02
-1.703519999999999982e+03,2.094785336039869592e-02
-1.703000000000000000e+03,2.099506573470251436e-02
-1.702480000000000018e+03,2.104241180935633587e-02
-1.701960000000000036e+03,2.108989073664015168e-02
-1.701440000000000055e+03,2.113750419996397040e-02
-1.700920000000000073e+03,2.118526997426779454e-02
-1.700399999999999864e+03,2.123313127659160957e-02
-1.699880000000000109e+03,2.128114485089542540e-02
-1.699360000000000127e+03,2.132923500619924445e-02
-1.698839999999999918e+03,2.137749740957306521e-02
-1.698319999999999936e+03,2.142585515623599696e-02
-1.697799999999999955e+03,2.147440353053981302e-02
-1.697280000000000200e+03,2.152300923286363729e-02
-1.696759999999999764e+03,2.157178680716746039e-02
-1.696240000000000009e+03,2.162060214849127401e-02
-1.695720000000000027e+03,2.166972352279509031e-02
-1.695200000000000045e+03,2.171886386945802785e-02
-1.694679999999999836e+03,2.176819538276184365e-02
-1.694159999999999854e+03,2.181756461415566145e-02
-1.693640000000000100e+03,2.186716301647947946e-02
-1.693120000000000118e+03,2.191681822978330113e-02
-1.692599999999999909e+03,2.196672257644624246e-02
-1.692079999999999927e+03,2.201670248975005559e-02
-1.691559999999999945e+03,2.206681693909387162e-02
-1.691040000000000191e+03,2.211702645382681090e-02
-1.690519999999999982e+03,2.216740742813062826e-02
-1.690000000000000000e+03,2.221790306945444632e-02
-1.689480000000000018e+03,2.226855132709737797e-02
-1.688959999999999809e+03,2.231935294451120252e-02
-1.688440000000000055e+03,2.237030594683501322e-02
-1.687920000000000073e+03,2.242137443214795023e-02
-1.687400000000000091e+03,2.247253842049177011e-02
-1.686879999999999882e+03,2.252391216181558881e-02
-1.686359999999999900e+03,2.257540087654852368e-02
-1.685840000000000146e+03,2.262702323687235118e-02
-1.685320000000000164e+03,2.267872152253527784e-02
-1.684799999999999955e+03,2.273064906761909643e-02
-1.684279999999999973e+03,2.278265292526203412e-02
-1.683759999999999991e+03,2.283488601360585124e-02
-1.683240000000000236e+03,2.288715733826878276e-02
-1.682719999999999800e+03,2.293971465568260884e-02
-1.682200000000000045e+03,2.299229104099554180e-02
-1.681680000000000064e+03,2.304507752933936462e-02
-1.681160000000000082e+03,2.309790228307229479e-02
-1.680639999999999873e+03,2.315099437141611427e-02
-1.680119999999999891e+03,2.320416327076904942e-02
-1.679600000000000136e+03,2.325757921314286839e-02
-1.679079999999999927e+03,2.331103408482580047e-02
-1.678559999999999945e+03,2.336466137424874148e-02
-1.678039999999999964e+03,2.341840205457255616e-02
-1.677519999999999982e+03,2.347233438725549251e-02
-1.677000000000000000e+03,2.352639967133931392e-02
-1.676480000000000018e+03,2.358063711500224882e-02
-1.675960000000000036e+03,2.363502791575517945e-02
-1.675440000000000055e+03,2.368953242908811846e-02
-1.674919999999999845e+03,2.374418975643194027e-02
-1.674400000000000091e+03,2.379896205718486785e-02
-1.673880000000000109e+03,2.385394395653780628e-02
-1.673360000000000127e+03,2.390902151295163161e-02
-1.672839999999999918e+03,2.396434721230456324e-02
-1.672319999999999936e+03,2.401973021305749828e-02
-1.671800000000000182e+03,2.407534238474042659e-02
-1.671279999999999745e+03,2.413101157980425057e-02
-1.670759999999999991e+03,2.418694845148718423e-02
-1.670240000000000009e+03,2.424292307991012321e-02
-1.669720000000000027e+03,2.429918415159305553e-02
-1.669199999999999818e+03,2.435548351901599406e-02
-1.668679999999999836e+03,2.441203143771892778e-02
-1.668160000000000082e+03,2.446861726614186355e-02
-1.667640000000000100e+03,2.452548923248568449e-02
-1.667119999999999891e+03,2.458239926090861199e-02
-1.666599999999999909e+03,2.463957667159155304e-02
-1.666079999999999927e+03,2.469683141405448756e-02
-1.665560000000000173e+03,2.475425664247742769e-02
-1.665039999999999964e+03,2.481179695316035674e-02
-1.664519999999999982e+03,2.486954776760329569e-02
-1.664000000000000000e+03,2.492745043928622922e-02
-1.663480000000000018e+03,2.498558240670916211e-02
-1.662960000000000036e+03,2.504382929348210329e-02
-1.662440000000000055e+03,2.510219043183503640e-02
-1.661920000000000073e+03,2.516076204627797075e-02
-1.661399999999999864e+03,2.521944785696090749e-02
-1.660879999999999882e+03,2.527834367140384050e-02
-1.660360000000000127e+03,2.533735376684677354e-02
-1.659840000000000146e+03,2.539657422454971378e-02
-1.659319999999999936e+03,2.545588973631176394e-02
-1.658799999999999955e+03,2.551551138975470187e-02
-1.658279999999999973e+03,2.557518977512763039e-02
-1.657760000000000218e+03,2.563511661488056606e-02
-1.657239999999999782e+03,2.569504339634350390e-02
-1.656720000000000027e+03,2.575529481078643948e-02
-1.656200000000000045e+03,2.581556511282849520e-02
-1.655680000000000064e+03,2.587619821925142560e-02
-1.655159999999999854e+03,2.593685030071436748e-02
-1.654639999999999873e+03,2.599778881515730361e-02
-1.654120000000000118e+03,2.605878548386934834e-02
-1.653600000000000136e+03,2.612004867064228464e-02
-1.653079999999999927e+03,2.618138835210522333e-02
-1.652559999999999945e+03,2.624293725852815118e-02
-1.652039999999999964e+03,2.630463962724021582e-02
-1.651519999999999982e+03,2.636657090870314635e-02
-1.651000000000000000e+03,2.642863586214608609e-02
-1.650480000000000018e+03,2.649087305992812308e-02
-1.649960000000000036e+03,2.655330091372107987e-02
-1.649439999999999827e+03,2.661591961150312421e-02
-1.648920000000000073e+03,2.667871018289605031e-02
-1.648400000000000091e+03,2.674163416435899193e-02
-1.647880000000000109e+03,2.680474946214105383e-02
-1.647359999999999900e+03,2.686799815458397814e-02
-1.646839999999999918e+03,2.693149498038604345e-02
-1.646320000000000164e+03,2.699510653382896502e-02
-1.645800000000000182e+03,2.705894754565101035e-02
-1.645279999999999973e+03,2.712286369909395339e-02
-1.644759999999999991e+03,2.718716276389600284e-02
-1.644240000000000009e+03,2.725149993528894546e-02
-1.643720000000000255e+03,2.731608500009100049e-02
-1.643199999999999818e+03,2.738068929253392389e-02
-1.642680000000000064e+03,2.744571393733597972e-02
-1.642160000000000082e+03,2.751075740213803841e-02
-1.641639999999999873e+03,2.757608684160096565e-02
-1.641119999999999891e+03,2.764147410640302449e-02
-1.640599999999999909e+03,2.770716681822506591e-02
-1.640080000000000155e+03,2.777295433833800592e-02
-1.639559999999999945e+03,2.783895265016005788e-02
-1.639039999999999964e+03,2.790512283396210519e-02
-1.638519999999999982e+03,2.797154015442504874e-02
-1.638000000000000000e+03,2.803809233822710661e-02
-1.637480000000000018e+03,2.810483470302916134e-02
-1.636960000000000036e+03,2.817178751485120702e-02
-1.636440000000000055e+03,2.823893105005414669e-02
-1.635920000000000073e+03,2.830628496187618387e-02
-1.635399999999999864e+03,2.837375294567824613e-02
-1.634880000000000109e+03,2.844144984948030266e-02
-1.634360000000000127e+03,2.850929988897234896e-02
-1.633839999999999918e+03,2.857743606743529119e-02
-1.633319999999999936e+03,2.864568721825733535e-02
-1.632799999999999955e+03,2.871420523007939263e-02
-1.632280000000000200e+03,2.878276198055144258e-02
-1.631759999999999764e+03,2.885170026044349759e-02
-1.631240000000000009e+03,2.892069581126555794e-02
-1.630720000000000027e+03,2.899003518975760627e-02
-1.630200000000000045e+03,2.905939307355965423e-02
-1.629679999999999836e+03,2.912911396338170589e-02
-1.629159999999999854e+03,2.919887357094376121e-02
-1.628640000000000100e+03,2.926895732176580667e-02
-1.628120000000000118e+03,2.933911779158785912e-02
-1.627599999999999909e+03,2.940962127007991367e-02
-1.627079999999999927e+03,2.948022072090196108e-02
-1.626559999999999945e+03,2.955108716746402200e-02
-1.626040000000000191e+03,2.962210666530607286e-02
-1.625519999999999982e+03,2.969339321577811608e-02
-1.625000000000000000e+03,2.976483213467017927e-02
-1.624480000000000018e+03,2.983648227685135185e-02
-1.623959999999999809e+03,2.990832229434340489e-02
-1.623440000000000055e+03,2.998033453118545064e-02
-1.622920000000000073e+03,3.005259473874750259e-02
-1.622400000000000091e+03,3.012502720325955022e-02
-1.621879999999999882e+03,3.019772653742073057e-02
-1.621359999999999900e+03,3.027057873100277852e-02
-1.620840000000000146e+03,3.034371702082483066e-02
-1.620320000000000164e+03,3.041693208533687715e-02
-1.619799999999999955e+03,3.049049129558805554e-02
-1.619279999999999973e+03,3.056412618506011009e-02
-1.618759999999999991e+03,3.063812387864215878e-02
-1.618240000000000236e+03,3.071217915982332389e-02
-1.617719999999999800e+03,3.078659705340538663e-02
-1.617200000000000045e+03,3.086103408493742067e-02
-1.616680000000000064e+03,3.093592891909859727e-02
-1.616160000000000082e+03,3.101086201268064835e-02
-1.615639999999999873e+03,3.108612066053182202e-02
-1.615119999999999891e+03,3.116145482644387329e-02
-1.614600000000000136e+03,3.123713267429504420e-02
-1.614079999999999927e+03,3.131292530687709852e-02
-1.613559999999999945e+03,3.138902331572826498e-02
-1.613039999999999964e+03,3.146525472064032325e-02
-1.612519999999999982e+03,3.154177296849149104e-02
-1.612000000000000000e+03,3.161848190107353213e-02
-1.611480000000000018e+03,3.169545892396470610e-02
-1.610960000000000036e+03,3.177262575654676152e-02
-1.610440000000000055e+03,3.184998390579793504e-02
-1.609919999999999845e+03,3.192759035364910181e-02
-1.609400000000000091e+03,3.200540693325115010e-02
-1.608880000000000109e+03,3.208347130912232031e-02
-1.608360000000000127e+03,3.216165028604348053e-02
-1.607839999999999918e+03,3.224023090464555458e-02
-1.607319999999999936e+03,3.231892555249671339e-02
-1.606800000000000182e+03,3.239794496841788551e-02
-1.606279999999999745e+03,3.247700239130905941e-02
-1.605759999999999991e+03,3.255649893522109817e-02
-1.605240000000000009e+03,3.263603385916227090e-02
-1.604720000000000027e+03,3.271598902105343765e-02
-1.604199999999999818e+03,3.279598153697461244e-02
-1.603679999999999836e+03,3.287639509991577974e-02
-1.603160000000000082e+03,3.295688389951783454e-02
-1.602640000000000100e+03,3.303773622205900123e-02
-1.602119999999999891e+03,3.311868408500016903e-02
-1.601599999999999909e+03,3.319999441496133963e-02
-1.601079999999999927e+03,3.328143853088251503e-02
-1.600560000000000173e+03,3.336322629277368307e-02
-1.600039999999999964e+03,3.344516735571484434e-02
-1.599519999999999982e+03,3.352737481865600971e-02
-1.599000000000000000e+03,3.360979294861719119e-02
-1.598480000000000018e+03,3.369245881155834982e-02
-1.597960000000000036e+03,3.377539264011952813e-02
-1.597440000000000055e+03,3.385853600306069910e-02
-1.596920000000000073e+03,3.394196593302185871e-02
-1.596399999999999864e+03,3.402558919596303244e-02
-1.595879999999999882e+03,3.410953482592420094e-02
-1.595360000000000127e+03,3.419361399987450034e-02
-1.594840000000000146e+03,3.427805607685566192e-02
-1.594319999999999936e+03,3.436261187774682785e-02
-1.593799999999999955e+03,3.444751197968799750e-02
-1.593279999999999973e+03,3.453248803731916866e-02
-1.592760000000000218e+03,3.461794223061945980e-02
-1.592239999999999782e+03,3.470343396058062080e-02
-1.591720000000000027e+03,3.478938446523179712e-02
-1.591200000000000045e+03,3.487539190617296864e-02
-1.590680000000000064e+03,3.496187670814324827e-02
-1.590159999999999854e+03,3.504843792412441761e-02
-1.589639999999999873e+03,3.513534287308558296e-02
-1.589120000000000118e+03,3.522236251405587437e-02
-1.588600000000000136e+03,3.530978269103704492e-02
-1.588079999999999927e+03,3.539735570398732517e-02
-1.587559999999999945e+03,3.548525391996849854e-02
-1.587039999999999964e+03,3.557336176361965835e-02
-1.586519999999999982e+03,3.566177501400995958e-02
-1.586000000000000000e+03,3.575041678262112083e-02
-1.585480000000000018e+03,3.583930804294141459e-02
-1.584960000000000036e+03,3.592846592559258145e-02
-1.584439999999999827e+03,3.601789148591286183e-02
-1.583920000000000073e+03,3.610762217390315471e-02
-1.583400000000000091e+03,3.619756256186430765e-02
-1.582880000000000109e+03,3.628780898885459322e-02
-1.582359999999999900e+03,3.637822696157577695e-02
-1.581839999999999918e+03,3.646902722189605817e-02
-1.581320000000000164e+03,3.655996074888635122e-02
-1.580800000000000182e+03,3.665127593153751778e-02
-1.580279999999999973e+03,3.674268689185780645e-02
-1.579759999999999991e+03,3.683461399493809241e-02
-1.579240000000000009e+03,3.692659802192837376e-02
-1.578720000000000255e+03,3.701903957690953761e-02
-1.578199999999999818e+03,3.711152005091983286e-02
-1.577680000000000064e+03,3.720453500698012173e-02
-1.577160000000000082e+03,3.729762633397040728e-02
-1.576639999999999873e+03,3.739111860798068759e-02
-1.576119999999999891e+03,3.748474439203185876e-02
-1.575599999999999909e+03,3.757880970504214740e-02
-1.575080000000000155e+03,3.767302743203243542e-02
-1.574559999999999945e+03,3.776760797411271575e-02
-1.574039999999999964e+03,3.786239854812300382e-02
-1.573519999999999982e+03,3.795751401411329162e-02
-1.573000000000000000e+03,3.805287761719357287e-02
-1.572480000000000018e+03,3.814856593020386072e-02
-1.571960000000000036e+03,3.824454030030414314e-02
-1.571440000000000055e+03,3.834074343862443196e-02
-1.570920000000000073e+03,3.843727168070473071e-02
-1.570399999999999864e+03,3.853400999371501406e-02
-1.569880000000000109e+03,3.863113033579529398e-02
-1.569360000000000127e+03,3.872844152116469707e-02
-1.568839999999999918e+03,3.882613439091498614e-02
-1.568319999999999936e+03,3.892398004292527830e-02
-1.567799999999999955e+03,3.902228358500556965e-02
-1.567280000000000200e+03,3.912068312603584480e-02
-1.566759999999999764e+03,3.921961769847524121e-02
-1.566240000000000009e+03,3.931859025048554251e-02
-1.565720000000000027e+03,3.941815392058582029e-02
-1.565200000000000045e+03,3.951773751693522102e-02
-1.564679999999999836e+03,3.961781724503551233e-02
-1.564159999999999854e+03,3.971799268180579989e-02
-1.563640000000000100e+03,3.981868357815520482e-02
-1.563120000000000118e+03,3.991950770625548456e-02
-1.562599999999999909e+03,4.002073261535576965e-02
-1.562079999999999927e+03,4.012214918639517292e-02
-1.561559999999999945e+03,4.022400489549546321e-02
-1.561040000000000191e+03,4.032605180693485392e-02
-1.560519999999999982e+03,4.042844166165514980e-02
-1.560000000000000000e+03,4.053109892607455189e-02
-1.559480000000000018e+03,4.063409998219483926e-02
-1.558959999999999809e+03,4.073740699223424300e-02
-1.558440000000000055e+03,4.084098143169364453e-02
-1.557920000000000073e+03,4.094495605979393132e-02
-1.557400000000000091e+03,4.104916032692332989e-02
-1.556879999999999882e+03,4.115374603836273459e-02
-1.556359999999999900e+03,4.125854203208301901e-02
-1.555840000000000146e+03,4.136375857154242497e-02
-1.555320000000000164e+03,4.146910834965182591e-02
-1.554799999999999955e+03,4.157499254477211442e-02
-1.554279999999999973e+03,4.168097261190152614e-02
-1.553759999999999991e+03,4.178748692334090936e-02
-1.553240000000000236e+03,4.189403952947032272e-02
-1.552719999999999800e+03,4.200128005494972033e-02
-1.552200000000000045e+03,4.210855836498913346e-02
-1.551680000000000064e+03,4.221637122677941723e-02
-1.551160000000000082e+03,4.232427975225881711e-02
-1.550639999999999873e+03,4.243270365838822111e-02
-1.550119999999999891e+03,4.254129981153762646e-02
-1.549600000000000136e+03,4.265035396197703471e-02
-1.549079999999999927e+03,4.275961811512642152e-02
-1.548559999999999945e+03,4.286930212125583672e-02
-1.548039999999999964e+03,4.297923477440523249e-02
-1.547519999999999982e+03,4.308954943888464173e-02
-1.547000000000000000e+03,4.320016918935316169e-02
-1.546480000000000018e+03,4.331111371057256437e-02
-1.545960000000000036e+03,4.342240193570196666e-02
-1.545440000000000055e+03,4.353397672785137146e-02
-1.544919999999999845e+03,4.364597119233077499e-02
-1.544400000000000091e+03,4.375821398448017513e-02
-1.543880000000000109e+03,4.387089642096868997e-02
-1.543360000000000127e+03,4.398378861311810772e-02
-1.542839999999999918e+03,4.409717743433751169e-02
-1.542319999999999936e+03,4.421073747082602395e-02
-1.541800000000000182e+03,4.432483246297542340e-02
-1.541279999999999745e+03,4.443902333016483408e-02
-1.540759999999999991e+03,4.455384450565335469e-02
-1.540240000000000009e+03,4.466870302687275807e-02
-1.539720000000000027e+03,4.478424950504215907e-02
-1.539199999999999818e+03,4.489985328053067853e-02
-1.538679999999999836e+03,4.501601064075007319e-02
-1.538160000000000082e+03,4.513230182425858467e-02
-1.537640000000000100e+03,4.524920393044799122e-02
-1.537119999999999891e+03,4.536625886267652008e-02
-1.536599999999999909e+03,4.548379112418503983e-02
-1.536079999999999927e+03,4.560155235533445289e-02
-1.535560000000000173e+03,4.571981040691296128e-02
-1.535039999999999964e+03,4.583831675744148848e-02
-1.534519999999999982e+03,4.595720430228088932e-02
-1.534000000000000000e+03,4.607643649285939752e-02
-1.533480000000000018e+03,4.619604964338793612e-02
-1.532960000000000036e+03,4.631604501729733731e-02
-1.532440000000000055e+03,4.643634627880585675e-02
-1.531920000000000073e+03,4.655706729740437255e-02
-1.531399999999999864e+03,4.667805618658289746e-02
-1.530879999999999882e+03,4.679954070518140691e-02
-1.530360000000000127e+03,4.692125486668993067e-02
-1.529840000000000146e+03,4.704354158493845306e-02
-1.529319999999999936e+03,4.716598110621786355e-02
-1.528799999999999955e+03,4.728899363439637710e-02
-1.528279999999999973e+03,4.741212075299490458e-02
-1.527760000000000218e+03,4.753591622819342000e-02
-1.527239999999999782e+03,4.765978778579193359e-02
-1.526720000000000027e+03,4.778436672341956903e-02
-1.526200000000000045e+03,4.790902082392808903e-02
-1.525680000000000064e+03,4.803432525621660620e-02
-1.525159999999999854e+03,4.815976286048513633e-02
-1.524639999999999873e+03,4.828575387503365041e-02
-1.524120000000000118e+03,4.841193606030217561e-02
-1.523600000000000136e+03,4.853872976457069416e-02
-1.523079999999999927e+03,4.866573345252832999e-02
-1.522559999999999945e+03,4.879325245574685221e-02
-1.522039999999999964e+03,4.892105749901536765e-02
-1.521519999999999982e+03,4.904930217564299616e-02
-1.521000000000000000e+03,4.917790941926152709e-02
-1.520480000000000018e+03,4.930693689055005297e-02
-1.519960000000000036e+03,4.943636580617767617e-02
-1.519439999999999827e+03,4.956611886739621664e-02
-1.518920000000000073e+03,4.969636858302384219e-02
-1.518400000000000091e+03,4.982692309331235303e-02
-1.517880000000000109e+03,4.995799682829000360e-02
-1.517359999999999900e+03,5.008927763857852489e-02
-1.516839999999999918e+03,5.022118890122614920e-02
-1.516320000000000164e+03,5.035330961151467805e-02
-1.515800000000000182e+03,5.048604171316231626e-02
-1.515279999999999973e+03,5.061888802878995730e-02
-1.514759999999999991e+03,5.075242198609847266e-02
-1.514240000000000009e+03,5.088599448774611123e-02
-1.513720000000000255e+03,5.102040695606374632e-02
-1.513199999999999818e+03,5.115489591069138919e-02
-1.512680000000000064e+03,5.129014786799989539e-02
-1.512160000000000082e+03,5.142551480864754332e-02
-1.511639999999999873e+03,5.156149341029517968e-02
-1.511119999999999891e+03,5.169768168001280528e-02
-1.510599999999999909e+03,5.183448149535044291e-02
-1.510080000000000155e+03,5.197154829699808520e-02
-1.509559999999999945e+03,5.210914943764571178e-02
-1.509039999999999964e+03,5.224705620631336922e-02
-1.508519999999999982e+03,5.238544085072099898e-02
-1.508000000000000000e+03,5.252424483036862574e-02
-1.507480000000000018e+03,5.266352627101626022e-02
-1.506960000000000036e+03,5.280322831437391645e-02
-1.506440000000000055e+03,5.294327332309152478e-02
-1.505920000000000073e+03,5.308383487742917434e-02
-1.505399999999999864e+03,5.322466329311679317e-02
-1.504880000000000109e+03,5.336614117384357037e-02
-1.504360000000000127e+03,5.350786730051119988e-02
-1.503839999999999918e+03,5.365024238286884156e-02
-1.503319999999999936e+03,5.379280843860646810e-02
-1.502799999999999955e+03,5.393610070430322756e-02
-1.502280000000000200e+03,5.407948806004086312e-02
-1.501759999999999764e+03,5.422367748673763421e-02
-1.501240000000000009e+03,5.436792390914527845e-02
-1.500720000000000027e+03,5.451304890283289323e-02
-1.500200000000000045e+03,5.465825013057967752e-02
-1.499679999999999836e+03,5.480421539895728722e-02
-1.499159999999999854e+03,5.495031433803403836e-02
-1.498640000000000100e+03,5.509711915939167343e-02
-1.498120000000000118e+03,5.524413484017843406e-02
-1.497599999999999909e+03,5.539181857785520358e-02
-1.497079999999999927e+03,5.553978887530282987e-02
-1.496559999999999945e+03,5.568837038139956563e-02
-1.496040000000000191e+03,5.583729550509633488e-02
-1.495519999999999982e+03,5.598675544688307137e-02
-1.495000000000000000e+03,5.613665403631071943e-02
-1.494480000000000018e+03,5.628699208802748905e-02
-1.493959999999999809e+03,5.643784634079424684e-02
-1.493440000000000055e+03,5.658908162158100136e-02
-1.492920000000000073e+03,5.674089044136772925e-02
-1.492400000000000091e+03,5.689300429308450507e-02
-1.491879999999999882e+03,5.704580577387124291e-02
-1.491359999999999900e+03,5.719887504067799194e-02
-1.490840000000000146e+03,5.735265016046475067e-02
-1.490320000000000164e+03,5.750659720792152679e-02
-1.489799999999999955e+03,5.766136552770826512e-02
-1.489279999999999973e+03,5.781626786544502572e-02
-1.488759999999999991e+03,5.797200978523178727e-02
-1.488240000000000236e+03,5.812780935203851196e-02
-1.487719999999999800e+03,5.828454484651528211e-02
-1.487200000000000045e+03,5.844135674964113375e-02
-1.486680000000000064e+03,5.859902765544790226e-02
-1.486160000000000082e+03,5.875685134992467140e-02
-1.485639999999999873e+03,5.891545765573140414e-02
-1.485119999999999891e+03,5.907431278652728462e-02
-1.484600000000000136e+03,5.923385499233403684e-02
-1.484079999999999927e+03,5.939372227049992403e-02
-1.483559999999999945e+03,5.955420031906664968e-02
-1.483039999999999964e+03,5.971509846921254500e-02
-1.482519999999999982e+03,5.987658844168928379e-02
-1.482000000000000000e+03,6.003851754752514286e-02
-1.481480000000000018e+03,6.020094373935190590e-02
-1.480960000000000036e+03,6.036388515616777917e-02
-1.480440000000000055e+03,6.052726590240365551e-02
-1.479919999999999845e+03,6.069129552190038329e-02
-1.479400000000000091e+03,6.085570751375628251e-02
-1.478880000000000109e+03,6.102078764190215637e-02
-1.478360000000000127e+03,6.118613556282801597e-02
-1.477839999999999918e+03,6.135226572132475992e-02
-1.477319999999999936e+03,6.151860685218064201e-02
-1.476800000000000182e+03,6.168586389806651055e-02
-1.476279999999999745e+03,6.185325450125239016e-02
-1.475759999999999991e+03,6.202152408017827523e-02
-1.475240000000000009e+03,6.218988835003413929e-02
-1.474720000000000027e+03,6.235926538088999715e-02
-1.474199999999999818e+03,6.252873741279586783e-02
-1.473679999999999836e+03,6.269910718265173100e-02
-1.473160000000000082e+03,6.286964922859759886e-02
-1.472640000000000100e+03,6.304106947043350284e-02
-1.472119999999999891e+03,6.321273791637933848e-02
-1.471599999999999909e+03,6.338520805964435734e-02
-1.471079999999999927e+03,6.355798430419019873e-02
-1.470560000000000173e+03,6.373144727509606755e-02
-1.470039999999999964e+03,6.390535027531106527e-02
-1.469519999999999982e+03,6.407990182125694600e-02
-1.469000000000000000e+03,6.425495050620282089e-02
-1.468480000000000018e+03,6.443055293408779527e-02
-1.467960000000000036e+03,6.460670891903365354e-02
-1.467440000000000055e+03,6.478328494831865625e-02
-1.466920000000000073e+03,6.496058646093451350e-02
-1.466399999999999864e+03,6.513827026114950292e-02
-1.465879999999999882e+03,6.531673723211538218e-02
-1.465360000000000127e+03,6.549552838907038432e-02
-1.464840000000000146e+03,6.567514120437537017e-02
-1.464319999999999936e+03,6.585496295599123362e-02
-1.463799999999999955e+03,6.603574087129622516e-02
-1.463279999999999973e+03,6.621667076620120496e-02
-1.462760000000000218e+03,6.639863190917619229e-02
-1.462239999999999782e+03,6.658068818014206691e-02
-1.461720000000000027e+03,6.676381496211707123e-02
-1.461200000000000045e+03,6.694705584409205157e-02
-1.460680000000000064e+03,6.713127028741702751e-02
-1.460159999999999854e+03,6.731569486939201208e-02
-1.459639999999999873e+03,6.750107735136702536e-02
-1.459120000000000118e+03,6.768672439043199596e-02
-1.458600000000000136e+03,6.787313488373698800e-02
-1.458079999999999927e+03,6.805994718509109087e-02
-1.457559999999999945e+03,6.824756100606607645e-02
-1.457039999999999964e+03,6.843563271606105392e-02
-1.456519999999999982e+03,6.862435418405607446e-02
-1.456000000000000000e+03,6.881362960914104432e-02
-1.455480000000000018e+03,6.900347747445514934e-02
-1.454960000000000036e+03,6.919399390947011952e-02
-1.454439999999999827e+03,6.938500722180422631e-02
-1.453920000000000073e+03,6.957676464688922202e-02
-1.453400000000000091e+03,6.976892368190422411e-02
-1.452880000000000109e+03,6.996192293323830191e-02
-1.452359999999999900e+03,7.015522702499331353e-02
-1.451839999999999918e+03,7.034950550434737604e-02
-1.451320000000000164e+03,7.054401355979150745e-02
-1.450800000000000182e+03,7.073958996678650357e-02
-1.450279999999999973e+03,7.093530101281060596e-02
-1.449759999999999991e+03,7.113211970725472066e-02
-1.449240000000000009e+03,7.132901438928969384e-02
-1.448720000000000255e+03,7.152709286438380110e-02
-1.448199999999999818e+03,7.172528625882791664e-02
-1.447680000000000064e+03,7.192451109087202865e-02
-1.447160000000000082e+03,7.212396458531611376e-02
-1.446639999999999873e+03,7.232448767836023584e-02
-1.446119999999999891e+03,7.252531641180431921e-02
-1.445599999999999909e+03,7.272698507291842918e-02
-1.445080000000000155e+03,7.292909350496254439e-02
-1.444559999999999945e+03,7.313202223840664651e-02
-1.444039999999999964e+03,7.333544844654073247e-02
-1.443519999999999982e+03,7.353958050765484200e-02
-1.443000000000000000e+03,7.374436272714807172e-02
-1.442480000000000018e+03,7.394979307052217121e-02
-1.441960000000000036e+03,7.415591137865627791e-02
-1.441440000000000055e+03,7.436256487012950223e-02
-1.440920000000000073e+03,7.457002028428362517e-02
-1.440399999999999864e+03,7.477791443141772187e-02
-1.439880000000000109e+03,7.498670662289093347e-02
-1.439360000000000127e+03,7.519586093704502816e-02
-1.438839999999999918e+03,7.540606606751827645e-02
-1.438319999999999936e+03,7.561651964267238069e-02
-1.437799999999999955e+03,7.582808037314558991e-02
-1.437280000000000200e+03,7.603977567865879972e-02
-1.436759999999999764e+03,7.625278720379292940e-02
-1.436240000000000009e+03,7.646589543697612790e-02
-1.435720000000000027e+03,7.668016790644938130e-02
-1.435200000000000045e+03,7.689459408003260221e-02
-1.434679999999999836e+03,7.711022252454580173e-02
-1.434159999999999854e+03,7.732609976870900848e-02
-1.433640000000000100e+03,7.754304611322225538e-02
-1.433120000000000118e+03,7.776033575773548534e-02
-1.432599999999999909e+03,7.797863779798869244e-02
-1.432079999999999927e+03,7.819737905348189688e-02
-1.431559999999999945e+03,7.841697986466515669e-02
-1.431040000000000191e+03,7.863713442426836786e-02
-1.430519999999999982e+03,7.885803353545157990e-02
-1.430000000000000000e+03,7.907962062272479165e-02
-1.429480000000000018e+03,7.930189478957715143e-02
-1.428959999999999809e+03,7.952497117685035366e-02
-1.428440000000000055e+03,7.974863967405357301e-02
-1.427920000000000073e+03,7.997318661699590048e-02
-1.427400000000000091e+03,8.019817251419913973e-02
-1.426879999999999882e+03,8.042418972381149000e-02
-1.426359999999999900e+03,8.065056992101470035e-02
-1.425840000000000146e+03,8.087807645864703021e-02
-1.425320000000000164e+03,8.110583142392024936e-02
-1.424799999999999955e+03,8.133482805148259387e-02
-1.424279999999999973e+03,8.156399676109495067e-02
-1.423759999999999991e+03,8.179452094574726773e-02
-1.423240000000000236e+03,8.202515989704049770e-02
-1.422719999999999800e+03,8.225713527758281296e-02
-1.422200000000000045e+03,8.248930160123515987e-02
-1.421680000000000064e+03,8.272269029686751818e-02
-1.421160000000000082e+03,8.295636554818984487e-02
-1.420639999999999873e+03,8.319116768282221186e-02
-1.420119999999999891e+03,8.342638950647453255e-02
-1.419600000000000136e+03,8.366266221579689299e-02
-1.419079999999999927e+03,8.389944977844920881e-02
-1.418559999999999945e+03,8.413717390444065691e-02
-1.418039999999999964e+03,8.437550859476301846e-02
-1.417519999999999982e+03,8.461466440443533854e-02
-1.417000000000000000e+03,8.485454658077767887e-02
-1.416480000000000018e+03,8.509517305974913237e-02
-1.415960000000000036e+03,8.533665863609146696e-02
-1.415440000000000055e+03,8.557877488584293701e-02
-1.414919999999999845e+03,8.582186483451524628e-02
-1.414400000000000091e+03,8.606549324121673394e-02
-1.413880000000000109e+03,8.631018711755907014e-02
-1.413360000000000127e+03,8.655530110631051710e-02
-1.412839999999999918e+03,8.680159958534196252e-02
-1.412319999999999936e+03,8.704816530068427982e-02
-1.411800000000000182e+03,8.729612503645575727e-02
-1.411279999999999745e+03,8.754427578215723260e-02
-1.410759999999999991e+03,8.779382082785867902e-02
-1.410240000000000009e+03,8.804349956363011209e-02
-1.409720000000000027e+03,8.829466760933159242e-02
-1.409199999999999818e+03,8.854600762310306517e-02
-1.408679999999999836e+03,8.879870375356450907e-02
-1.408160000000000082e+03,8.905170493826596034e-02
-1.407640000000000100e+03,8.930594746005741935e-02
-1.407119999999999891e+03,8.956062947277886044e-02
-1.406599999999999909e+03,8.981645770557945829e-02
-1.406079999999999927e+03,9.007283950537089967e-02
-1.405560000000000173e+03,9.033021399418234010e-02
-1.405039999999999964e+03,9.058831463691291441e-02
-1.404519999999999982e+03,9.084731266472438616e-02
-1.404000000000000000e+03,9.110709363652495785e-02
-1.403480000000000018e+03,9.136761916433638886e-02
-1.402960000000000036e+03,9.162911916415698854e-02
-1.402440000000000055e+03,9.189132537763843034e-02
-1.401920000000000073e+03,9.215456295971900802e-02
-1.401399999999999864e+03,9.241831664555957837e-02
-1.400879999999999882e+03,9.268329223140013562e-02
-1.400360000000000127e+03,9.294866804220068557e-02
-1.399840000000000146e+03,9.321541912410218067e-02
-1.399319999999999936e+03,9.348247664894274167e-02
-1.398799999999999955e+03,9.375098527378332436e-02
-1.398279999999999973e+03,9.401966564564390172e-02
-1.397760000000000218e+03,9.428993047048445098e-02
-1.397239999999999782e+03,9.456031077866415557e-02
-1.396720000000000027e+03,9.483233317959473274e-02
-1.396200000000000045e+03,9.510454661812531296e-02
-1.395680000000000064e+03,9.537819218196587345e-02
-1.395159999999999854e+03,9.565220093325556283e-02
-1.394639999999999873e+03,9.592756484411613105e-02
-1.394120000000000118e+03,9.620340632164670058e-02
-1.393600000000000136e+03,9.648043284491640559e-02
-1.393079999999999927e+03,9.675808916981697150e-02
-1.392559999999999945e+03,9.703679555975668058e-02
-1.392039999999999964e+03,9.731628530097634344e-02
-1.391519999999999982e+03,9.759676717459692119e-02
-1.391000000000000000e+03,9.787812828248659835e-02
-1.390480000000000018e+03,9.816029161979632212e-02
-1.389960000000000036e+03,9.844348585675599672e-02
-1.389439999999999827e+03,9.872744413166567590e-02
-1.388920000000000073e+03,9.901252930797536933e-02
-1.388400000000000091e+03,9.929818698393505505e-02
-1.387880000000000109e+03,9.958518118791472029e-02
-1.387359999999999900e+03,9.987261553891442489e-02
-1.386839999999999918e+03,1.001616916528241114e-01
-1.386320000000000164e+03,1.004511119148038395e-01
-1.385800000000000182e+03,1.007415440048035349e-01
-1.385279999999999973e+03,1.010320719391423067e-01
-1.384759999999999991e+03,1.013251398681419835e-01
-1.384240000000000009e+03,1.016183604024808174e-01
-1.383720000000000255e+03,1.019130704591504899e-01
-1.383199999999999818e+03,1.022079716795092907e-01
-1.382680000000000064e+03,1.025042474765790051e-01
-1.382160000000000082e+03,1.028009631969377807e-01
-1.381639999999999873e+03,1.030993207649666121e-01
-1.381119999999999891e+03,1.033981371799862908e-01
-1.380599999999999909e+03,1.036980798670150694e-01
-1.380080000000000155e+03,1.039987674944439222e-01
-1.379559999999999945e+03,1.043007921094927098e-01
-1.379039999999999964e+03,1.046035041825414957e-01
-1.378519999999999982e+03,1.049070945099703361e-01
-1.378000000000000000e+03,1.052117959500391692e-01
-1.377480000000000018e+03,1.055174677051379101e-01
-1.376960000000000036e+03,1.058240948452067176e-01
-1.376440000000000055e+03,1.061313330586846904e-01
-1.375920000000000073e+03,1.064403471707335014e-01
-1.375399999999999864e+03,1.067502012512023118e-01
-1.374880000000000109e+03,1.070608583923502027e-01
-1.374360000000000127e+03,1.073717629433990628e-01
-1.373839999999999918e+03,1.076848260428969334e-01
-1.373319999999999936e+03,1.079983659900357745e-01
-1.372799999999999955e+03,1.083133008895336841e-01
-1.372280000000000200e+03,1.086283885989616227e-01
-1.371759999999999764e+03,1.089455381651295296e-01
-1.371240000000000009e+03,1.092628024982883334e-01
-1.370720000000000027e+03,1.095815564644562479e-01
-1.370200000000000045e+03,1.099006542419541516e-01
-1.369679999999999836e+03,1.102220247941420733e-01
-1.369159999999999854e+03,1.105437196716400200e-01
-1.368640000000000100e+03,1.108666368628279247e-01
-1.368120000000000118e+03,1.111901846597050103e-01
-1.367599999999999909e+03,1.115152028508928916e-01
-1.367079999999999927e+03,1.118409846101508232e-01
-1.366559999999999945e+03,1.121681033293587260e-01
-1.366040000000000191e+03,1.124959095038858131e-01
-1.365519999999999982e+03,1.128245943091137210e-01
-1.365000000000000000e+03,1.131546352127107413e-01
-1.364480000000000018e+03,1.134859362179386627e-01
-1.363959999999999809e+03,1.138181544075557439e-01
-1.363440000000000055e+03,1.141510214961227315e-01
-1.362920000000000073e+03,1.144856458137598065e-01
-1.362400000000000091e+03,1.148211292299677611e-01
-1.361879999999999882e+03,1.151577777142747672e-01
-1.361359999999999900e+03,1.154948275888618148e-01
-1.360840000000000146e+03,1.158335961731688235e-01
-1.360320000000000164e+03,1.161727465768259276e-01
-1.359799999999999955e+03,1.165142458180829371e-01
-1.359279999999999973e+03,1.168559937050790698e-01
-1.358759999999999991e+03,1.171992883754061077e-01
-1.358240000000000236e+03,1.175427167570631398e-01
-1.357719999999999800e+03,1.178881312187493036e-01
-1.357200000000000045e+03,1.182339083990063683e-01
-1.356680000000000064e+03,1.185819205277125060e-01
-1.356160000000000082e+03,1.189302761230595640e-01
-1.355639999999999873e+03,1.192798730627457199e-01
-1.355119999999999891e+03,1.196302149595218911e-01
-1.354600000000000136e+03,1.199824277548689200e-01
-1.354079999999999927e+03,1.203352139225750961e-01
-1.353559999999999945e+03,1.206889745482812443e-01
-1.353039999999999964e+03,1.210439185549873897e-01
-1.352519999999999982e+03,1.214002954374335530e-01
-1.352000000000000000e+03,1.217577796301596432e-01
-1.351480000000000018e+03,1.221162570228858102e-01
-1.350960000000000036e+03,1.224763006443320146e-01
-1.350440000000000055e+03,1.228373940813972665e-01
-1.349919999999999845e+03,1.231995385878134064e-01
-1.349400000000000091e+03,1.235621983206187241e-01
-1.348880000000000109e+03,1.239268253284348947e-01
-1.348360000000000127e+03,1.242921020791901421e-01
-1.347839999999999918e+03,1.246591161536762943e-01
-1.347319999999999936e+03,1.250264963434315757e-01
-1.346800000000000182e+03,1.253962219622568319e-01
-1.346279999999999745e+03,1.257661964507829633e-01
-1.345759999999999991e+03,1.261377366086083029e-01
-1.345240000000000009e+03,1.265094681134535659e-01
-1.344720000000000027e+03,1.268841410182988405e-01
-1.344199999999999818e+03,1.272590426610941128e-01
-1.343679999999999836e+03,1.276352999326093585e-01
-1.343160000000000082e+03,1.280121114488137757e-01
-1.342640000000000100e+03,1.283909662077490355e-01
-1.342119999999999891e+03,1.287704514462843230e-01
-1.341599999999999909e+03,1.291514075485087065e-01
-1.341079999999999927e+03,1.295333369060439610e-01
-1.340560000000000173e+03,1.299168901472683435e-01
-1.340039999999999964e+03,1.303016273008936465e-01
-1.339519999999999982e+03,1.306878162168080282e-01
-1.339000000000000000e+03,1.310750930247023827e-01
-1.338480000000000018e+03,1.314633633696868364e-01
-1.337960000000000036e+03,1.318528940192620902e-01
-1.337440000000000055e+03,1.322432645562264808e-01
-1.336920000000000073e+03,1.326353929971608725e-01
-1.336399999999999864e+03,1.330283613644843432e-01
-1.335879999999999882e+03,1.334233348583988010e-01
-1.335360000000000127e+03,1.338189199954231412e-01
-1.334840000000000146e+03,1.342162427320975349e-01
-1.334319999999999936e+03,1.346139283093510386e-01
-1.333799999999999955e+03,1.350139819130454777e-01
-1.333279999999999973e+03,1.354142844134089696e-01
-1.332760000000000218e+03,1.358166491561033362e-01
-1.332239999999999782e+03,1.362192428484468587e-01
-1.331720000000000027e+03,1.366247587825003273e-01
-1.331200000000000045e+03,1.370305803165538794e-01
-1.330680000000000064e+03,1.374381773062682555e-01
-1.330159999999999854e+03,1.378462521236317462e-01
-1.329639999999999873e+03,1.382559504966852648e-01
-1.329120000000000118e+03,1.386666040901678720e-01
-1.328600000000000136e+03,1.390794342769114400e-01
-1.328079999999999927e+03,1.394930476889649218e-01
-1.327559999999999945e+03,1.399079788771084298e-01
-1.327039999999999964e+03,1.403243236945610484e-01
-1.326519999999999982e+03,1.407423868203045436e-01
-1.326000000000000000e+03,1.411615771917872075e-01
-1.325480000000000018e+03,1.415817224088898318e-01
-1.324960000000000036e+03,1.420034712500733154e-01
-1.324439999999999827e+03,1.424262327352459334e-01
-1.323920000000000073e+03,1.428507896583685322e-01
-1.323400000000000091e+03,1.432761673548711978e-01
-1.322880000000000109e+03,1.437035506070638013e-01
-1.322359999999999900e+03,1.441315449062764431e-01
-1.321839999999999918e+03,1.445612964164690595e-01
-1.321320000000000164e+03,1.449913721546816636e-01
-1.320800000000000182e+03,1.454243543762333835e-01
-1.320279999999999973e+03,1.458575811534460476e-01
-1.319759999999999991e+03,1.462934062496877852e-01
-1.319240000000000009e+03,1.467294211659004310e-01
-1.318720000000000255e+03,1.471678629344721767e-01
-1.318199999999999818e+03,1.476067050643747602e-01
-1.317680000000000064e+03,1.480477621010165279e-01
-1.317160000000000082e+03,1.484894121222782581e-01
-1.316639999999999873e+03,1.489330859245399930e-01
-1.316119999999999891e+03,1.493777150862017344e-01
-1.315599999999999909e+03,1.498245211744835270e-01
-1.315080000000000155e+03,1.502721294638152127e-01
-1.314559999999999945e+03,1.507210364354360510e-01
-1.314039999999999964e+03,1.511713759107878308e-01
-1.313519999999999982e+03,1.516234149671395470e-01
-1.313000000000000000e+03,1.520768485247804558e-01
-1.312480000000000018e+03,1.525315036278021841e-01
-1.311960000000000036e+03,1.529877635535130120e-01
-1.311440000000000055e+03,1.534450161792238754e-01
-1.310920000000000073e+03,1.539044465796247374e-01
-1.310399999999999864e+03,1.543648505523556314e-01
-1.309880000000000109e+03,1.548272597447364618e-01
-1.309360000000000127e+03,1.552902614121573488e-01
-1.308839999999999918e+03,1.557554976099081723e-01
-1.308319999999999936e+03,1.562211154493090282e-01
-1.307799999999999955e+03,1.566891589708198917e-01
-1.307280000000000200e+03,1.571573932405798957e-01
-1.306759999999999764e+03,1.576287596440007210e-01
-1.306240000000000009e+03,1.581003747098507217e-01
-1.305720000000000027e+03,1.585748925133006748e-01
-1.305200000000000045e+03,1.590497349928115256e-01
-1.304679999999999836e+03,1.595263345156115176e-01
-1.304159999999999854e+03,1.600037745341515161e-01
-1.303640000000000100e+03,1.604840408250214623e-01
-1.303120000000000118e+03,1.609651093534914534e-01
-1.302599999999999909e+03,1.614479922580514260e-01
-1.302079999999999927e+03,1.619318683322605312e-01
-1.301559999999999945e+03,1.624173674758204455e-01
-1.301040000000000191e+03,1.629042991193804801e-01
-1.300519999999999982e+03,1.633929308932995650e-01
-1.300000000000000000e+03,1.638832431482186713e-01
-1.299480000000000018e+03,1.643750065054686571e-01
-1.298959999999999809e+03,1.648683937183877402e-01
-1.298440000000000055e+03,1.653627765883968481e-01
-1.297920000000000073e+03,1.658593339683359091e-01
-1.297400000000000091e+03,1.663568461559449818e-01
-1.296879999999999882e+03,1.668563830786440882e-01
-1.296359999999999900e+03,1.673565116585832013e-01
-1.295840000000000146e+03,1.678597346116413869e-01
-1.295320000000000164e+03,1.683635112052704885e-01
-1.294799999999999955e+03,1.688697129113087281e-01
-1.294279999999999973e+03,1.693761251909577659e-01
-1.293759999999999991e+03,1.698856697830160023e-01
-1.293240000000000236e+03,1.703954048750742356e-01
-1.292719999999999800e+03,1.709075469531524116e-01
-1.292200000000000045e+03,1.714202804678915115e-01
-1.291680000000000064e+03,1.719360891179788631e-01
-1.291160000000000082e+03,1.724525086630770421e-01
-1.290639999999999873e+03,1.729709337078252640e-01
-1.290119999999999891e+03,1.734904855666134782e-01
-1.289600000000000136e+03,1.740125776950507408e-01
-1.289079999999999927e+03,1.745356625548890039e-01
-1.288559999999999945e+03,1.750603521970163501e-01
-1.288039999999999964e+03,1.755865120418245440e-01
-1.287519999999999982e+03,1.761143336520218650e-01
-1.287000000000000000e+03,1.766438740801692109e-01
-1.286480000000000018e+03,1.771748471040565376e-01
-1.285960000000000036e+03,1.777080734282938113e-01
-1.285440000000000055e+03,1.782426939954411815e-01
-1.284919999999999845e+03,1.787791484496876193e-01
-1.284400000000000091e+03,1.793163851989449387e-01
-1.283880000000000109e+03,1.798560675921914154e-01
-1.283360000000000127e+03,1.803964362691187207e-01
-1.282839999999999918e+03,1.809399194374051723e-01
-1.282319999999999936e+03,1.814839553253124738e-01
-1.281800000000000182e+03,1.820304171715989572e-01
-1.281279999999999745e+03,1.825770886178853802e-01
-1.280759999999999991e+03,1.831274085792618245e-01
-1.280240000000000009e+03,1.836779759532183032e-01
-1.279720000000000027e+03,1.842314090688638439e-01
-1.279200000000000045e+03,1.847853570969102965e-01
-1.278679999999999836e+03,1.853419635875958316e-01
-1.278160000000000082e+03,1.858992923546422815e-01
-1.277639999999999873e+03,1.864589896839778382e-01
-1.277120000000000118e+03,1.870198704650642141e-01
-1.276599999999999909e+03,1.875832345624698361e-01
-1.276079999999999927e+03,1.881478400349154145e-01
-1.275559999999999945e+03,1.887143555463609568e-01
-1.275039999999999964e+03,1.892825900968064801e-01
-1.274519999999999982e+03,1.898527530635711613e-01
-1.274000000000000000e+03,1.904243482416867195e-01
-1.273480000000000018e+03,1.909971283505114692e-01
-1.272960000000000036e+03,1.915721996536469407e-01
-1.272440000000000055e+03,1.921486465301916191e-01
-1.271919999999999845e+03,1.927276526246863297e-01
-1.271400000000000091e+03,1.933077462948418479e-01
-1.270879999999999882e+03,1.938903045964066041e-01
-1.270360000000000127e+03,1.944735311742403772e-01
-1.269839999999999918e+03,1.950599093898450764e-01
-1.269319999999999936e+03,1.956468024584296916e-01
-1.268799999999999955e+03,1.962366182017044047e-01
-1.268279999999999973e+03,1.968267016435581995e-01
-1.267759999999999991e+03,1.974198596171919950e-01
-1.267240000000000009e+03,1.980133994384666307e-01
-1.266720000000000027e+03,1.986107398514504740e-01
-1.266200000000000045e+03,1.992085196030842220e-01
-1.265680000000000064e+03,1.998084957698080533e-01
-1.265160000000000082e+03,2.004094650961318058e-01
-1.264639999999999873e+03,2.010136049451447526e-01
-1.264120000000000118e+03,2.016187572508685300e-01
-1.263599999999999909e+03,2.022260477832123204e-01
-1.263080000000000155e+03,2.028347715473152180e-01
-1.262559999999999945e+03,2.034457103819981016e-01
-1.262039999999999964e+03,2.040581387407620073e-01
-1.261519999999999982e+03,2.046722096105348665e-01
-1.261000000000000000e+03,2.052883269273278188e-01
-1.260480000000000018e+03,2.059060651884598026e-01
-1.259960000000000036e+03,2.065260955582927105e-01
-1.259440000000000055e+03,2.071474997417556141e-01
-1.258920000000000073e+03,2.077714831279076912e-01
-1.258400000000000091e+03,2.083965358644105925e-01
-1.257879999999999882e+03,2.090244533895625756e-01
-1.257360000000000127e+03,2.096531544564246285e-01
-1.256839999999999918e+03,2.102850256913567084e-01
-1.256320000000000164e+03,2.109173934582186938e-01
-1.255799999999999955e+03,2.115527025791707205e-01
-1.255279999999999973e+03,2.121882591240326632e-01
-1.254759999999999991e+03,2.128274262893239122e-01
-1.254240000000000009e+03,2.134669749962958551e-01
-1.253720000000000027e+03,2.141103246672570459e-01
-1.253199999999999818e+03,2.147542094855882655e-01
-1.252680000000000064e+03,2.154006905982302211e-01
-1.252159999999999854e+03,2.160480892302513445e-01
-1.251640000000000100e+03,2.166982186705716795e-01
-1.251119999999999891e+03,2.173497233805927742e-01
-1.250599999999999909e+03,2.180040547667039808e-01
-1.250079999999999927e+03,2.186596271210641540e-01
-1.249559999999999945e+03,2.193170909171053284e-01
-1.249039999999999964e+03,2.199765596532255452e-01
-1.248519999999999982e+03,2.206381870753658381e-01
-1.248000000000000000e+03,2.213015903937460283e-01
-1.247480000000000018e+03,2.219663492439063746e-01
-1.246960000000000036e+03,2.226337829520666778e-01
-1.246440000000000055e+03,2.233027438802268894e-01
-1.245920000000000073e+03,2.239743025997462944e-01
-1.245400000000000091e+03,2.246469300859065266e-01
-1.244880000000000109e+03,2.253224453581158804e-01
-1.244360000000000127e+03,2.259987212026553227e-01
-1.243839999999999918e+03,2.266786261429346860e-01
-1.243319999999999936e+03,2.273590844821640478e-01
-1.242799999999999955e+03,2.280425032084633929e-01
-1.242279999999999973e+03,2.287261702056928303e-01
-1.241759999999999991e+03,2.294139436823513234e-01
-1.241240000000000009e+03,2.301020804946706799e-01
-1.240720000000000027e+03,2.307935205573491688e-01
-1.240200000000000045e+03,2.314856869186277533e-01
-1.239680000000000064e+03,2.321813102283261654e-01
-1.239159999999999854e+03,2.328778501257446898e-01
-1.238640000000000100e+03,2.335771214881331714e-01
-1.238119999999999891e+03,2.342775953035016179e-01
-1.237600000000000136e+03,2.349805337492292812e-01
-1.237079999999999927e+03,2.356851713186877140e-01
-1.236559999999999945e+03,2.363922917981053085e-01
-1.236039999999999964e+03,2.371011693259429676e-01
-1.235519999999999982e+03,2.378119382243606139e-01
-1.235000000000000000e+03,2.385247698772182123e-01
-1.234480000000000018e+03,2.392392051107258000e-01
-1.233960000000000036e+03,2.399563145772733996e-01
-1.233440000000000055e+03,2.406749329411401461e-01
-1.232920000000000073e+03,2.413965308576968838e-01
-1.232399999999999864e+03,2.421193316912645388e-01
-1.231880000000000109e+03,2.428450351191512591e-01
-1.231359999999999900e+03,2.435714843398180118e-01
-1.230840000000000146e+03,2.443016030257337545e-01
-1.230319999999999936e+03,2.450322533634005095e-01
-1.229799999999999955e+03,2.457663420190172587e-01
-1.229279999999999973e+03,2.465007552870430996e-01
-1.228759999999999991e+03,2.472392363550689753e-01
-1.228240000000000009e+03,2.479780807367848727e-01
-1.227720000000000027e+03,2.487202098298306185e-01
-1.227200000000000045e+03,2.494631033645864637e-01
-1.226680000000000064e+03,2.502094152713223441e-01
-1.226160000000000082e+03,2.509568154450780852e-01
-1.225639999999999873e+03,2.517073097312431673e-01
-1.225119999999999891e+03,2.524592177073380905e-01
-1.224599999999999909e+03,2.532138947795231076e-01
-1.224079999999999927e+03,2.539700811643480494e-01
-1.223559999999999945e+03,2.547284250145330775e-01
-1.223039999999999964e+03,2.554888132864279182e-01
-1.222519999999999982e+03,2.562513399503028588e-01
-1.222000000000000000e+03,2.570159296725569864e-01
-1.221480000000000018e+03,2.577821046667910787e-01
-1.220960000000000036e+03,2.585513161583960495e-01
-1.220440000000000055e+03,2.593222083056700988e-01
-1.219920000000000073e+03,2.600957179400433805e-01
-1.219400000000000091e+03,2.608702768263174154e-01
-1.218880000000000109e+03,2.616481403413715157e-01
-1.218359999999999900e+03,2.624268824136947176e-01
-1.217840000000000146e+03,2.632092754397579171e-01
-1.217319999999999936e+03,2.639922000218320464e-01
-1.216800000000000182e+03,2.647790789176043824e-01
-1.216279999999999973e+03,2.655662821686874397e-01
-1.215759999999999991e+03,2.663575718477906862e-01
-1.215240000000000009e+03,2.671492248519138912e-01
-1.214720000000000027e+03,2.679441629574662032e-01
-1.214200000000000045e+03,2.687399608919485150e-01
-1.213679999999999836e+03,2.695395971474808805e-01
-1.213160000000000082e+03,2.703401891626731612e-01
-1.212639999999999873e+03,2.711434729042254133e-01
-1.212120000000000118e+03,2.719483614874877997e-01
-1.211599999999999909e+03,2.727563641011092055e-01
-1.211079999999999927e+03,2.735658751537305977e-01
-1.210559999999999945e+03,2.743775440730220616e-01
-1.210039999999999964e+03,2.751912570396835012e-01
-1.209519999999999982e+03,2.760070891740649679e-01
-1.209000000000000000e+03,2.768256144297063792e-01
-1.208480000000000018e+03,2.776461650224669730e-01
-1.207960000000000036e+03,2.784690832198183918e-01
-1.207440000000000055e+03,2.792932813375989531e-01
-1.206919999999999845e+03,2.801208984610494279e-01
-1.206400000000000091e+03,2.809497947568299625e-01
-1.205879999999999882e+03,2.817816543663005380e-01
-1.205360000000000127e+03,2.826142372871301989e-01
-1.204839999999999918e+03,2.834509257216207834e-01
-1.204319999999999936e+03,2.842882071575403846e-01
-1.203799999999999955e+03,2.851294798894101201e-01
-1.203279999999999973e+03,2.859710579309997502e-01
-1.202759999999999991e+03,2.868167049779594135e-01
-1.202240000000000009e+03,2.876627912068581705e-01
-1.201720000000000027e+03,2.885126202594878730e-01
-1.201200000000000045e+03,2.893632132234767451e-01
-1.200680000000000064e+03,2.902172249745353927e-01
-1.200160000000000082e+03,2.910723257992341995e-01
-1.199639999999999873e+03,2.919305012352629847e-01
-1.199120000000000118e+03,2.927901096503708889e-01
-1.198599999999999909e+03,2.936524870390896935e-01
-1.198080000000000155e+03,2.945168125402175541e-01
-1.197559999999999945e+03,2.953838888553854125e-01
-1.197039999999999964e+03,2.962530275092034038e-01
-1.196519999999999982e+03,2.971242667300412754e-01
-1.196000000000000000e+03,2.979976267535682788e-01
-1.195480000000000018e+03,2.988725334074462392e-01
-1.194960000000000036e+03,2.997508618127332491e-01
-1.194440000000000055e+03,3.006310013166201833e-01
-1.193920000000000073e+03,3.015137961749473350e-01
-1.193400000000000091e+03,3.023976031481934723e-01
-1.192879999999999882e+03,3.032851724592102727e-01
-1.192360000000000127e+03,3.041736780145665731e-01
-1.191839999999999918e+03,3.050654110089226489e-01
-1.191320000000000164e+03,3.059575645892988471e-01
-1.190799999999999955e+03,3.068542448514349208e-01
-1.190279999999999973e+03,3.077512683568310869e-01
-1.189759999999999991e+03,3.086528376303262489e-01
-1.189240000000000009e+03,3.095548266164324103e-01
-1.188720000000000027e+03,3.104600633896377193e-01
-1.188199999999999818e+03,3.113661787461529107e-01
-1.187680000000000064e+03,3.122761135697173507e-01
-1.187159999999999854e+03,3.131871753069425113e-01
-1.186640000000000100e+03,3.141012929275069365e-01
-1.186119999999999891e+03,3.150170336468421928e-01
-1.185599999999999909e+03,3.159358501647857032e-01
-1.185079999999999927e+03,3.168562133531299674e-01
-1.184559999999999945e+03,3.177786991088443758e-01
-1.184039999999999964e+03,3.187035314945678155e-01
-1.183519999999999982e+03,3.196307133749523022e-01
-1.183000000000000000e+03,3.205606263523657073e-01
-1.182480000000000018e+03,3.214925065911292124e-01
-1.181960000000000036e+03,3.224267932659217739e-01
-1.181440000000000055e+03,3.233623402254452439e-01
-1.180920000000000073e+03,3.243013254252578581e-01
-1.180400000000000091e+03,3.252415712541403825e-01
-1.179880000000000109e+03,3.261851972247329923e-01
-1.179360000000000127e+03,3.271296450176355841e-01
-1.178839999999999918e+03,3.280782372965873606e-01
-1.178319999999999936e+03,3.290273836311999878e-01
-1.177799999999999955e+03,3.299800436642417178e-01
-1.177279999999999973e+03,3.309330284348834250e-01
-1.176759999999999991e+03,3.318905212209651290e-01
-1.176240000000000009e+03,3.328485872370559595e-01
-1.175720000000000027e+03,3.338107779201667236e-01
-1.175200000000000045e+03,3.347737356979385570e-01
-1.174680000000000064e+03,3.357395940727393446e-01
-1.174159999999999854e+03,3.367067323388993061e-01
-1.173640000000000100e+03,3.376773078401201222e-01
-1.173119999999999891e+03,3.386493353513000959e-01
-1.172600000000000136e+03,3.396240935382200399e-01
-1.172079999999999927e+03,3.406008385505100433e-01
-1.171559999999999945e+03,3.415802958294698599e-01
-1.171039999999999964e+03,3.425618726334498931e-01
-1.170519999999999982e+03,3.435454935097890239e-01
-1.170000000000000000e+03,3.445315781831280177e-01
-1.169480000000000018e+03,3.455193818272470074e-01
-1.168960000000000036e+03,3.465099549826961001e-01
-1.168440000000000055e+03,3.475019605200843631e-01
-1.167920000000000073e+03,3.484974231142433654e-01
-1.167399999999999864e+03,3.494941267333915857e-01
-1.166880000000000109e+03,3.504938107539997683e-01
-1.166359999999999900e+03,3.514942039095270698e-01
-1.165840000000000146e+03,3.524987579218252787e-01
-1.165319999999999936e+03,3.535038274493926824e-01
-1.164799999999999955e+03,3.545134427587199322e-01
-1.164279999999999973e+03,3.555233827680472358e-01
-1.163759999999999991e+03,3.565368184137535645e-01
-1.163240000000000009e+03,3.575508267151209507e-01
-1.162720000000000027e+03,3.585689604149173704e-01
-1.162200000000000045e+03,3.595879345523137482e-01
-1.161680000000000064e+03,3.606102512684893346e-01
-1.161160000000000082e+03,3.616337138879957003e-01
-1.160639999999999873e+03,3.626602140515511885e-01
-1.160119999999999891e+03,3.636883944984168338e-01
-1.159599999999999909e+03,3.647195923679922847e-01
-1.159079999999999927e+03,3.657523754345679001e-01
-1.158559999999999945e+03,3.667872406605725000e-01
-1.158039999999999964e+03,3.678245157715472335e-01
-1.157519999999999982e+03,3.688640983312419519e-01
-1.157000000000000000e+03,3.699061069019764503e-01
-1.156480000000000018e+03,3.709498530337110855e-01
-1.155960000000000036e+03,3.719963886028748723e-01
-1.155440000000000055e+03,3.730443183846786082e-01
-1.154920000000000073e+03,3.740953419735524310e-01
-1.154400000000000091e+03,3.751474544257652477e-01
-1.153880000000000109e+03,3.762029854120181871e-01
-1.153359999999999900e+03,3.772592809396020375e-01
-1.152840000000000146e+03,3.783193197089039783e-01
-1.152319999999999936e+03,3.793797977918668130e-01
-1.151800000000000182e+03,3.804443446542588037e-01
-1.151279999999999973e+03,3.815092153432417255e-01
-1.150759999999999991e+03,3.825780590723637520e-01
-1.150240000000000009e+03,3.836474413178048715e-01
-1.149720000000000027e+03,3.847204674386168199e-01
-1.149200000000000045e+03,3.857944494051679385e-01
-1.148679999999999836e+03,3.868721934953390784e-01
-1.148160000000000082e+03,3.879509503396001979e-01
-1.147639999999999873e+03,3.890323237562204883e-01
-1.147120000000000118e+03,3.901152256365106874e-01
-1.146599999999999909e+03,3.912007817918410346e-01
-1.146079999999999927e+03,3.922881716921911566e-01
-1.145559999999999945e+03,3.933779305709704244e-01
-1.145039999999999964e+03,3.944698275240107743e-01
-1.144519999999999982e+03,3.955637496668101272e-01
-1.144000000000000000e+03,3.966598488319694193e-01
-1.143480000000000018e+03,3.977574384998179835e-01
-1.142960000000000036e+03,3.988582017164464810e-01
-1.142440000000000055e+03,3.999604894483148598e-01
-1.141919999999999845e+03,4.010655085566333655e-01
-1.141400000000000091e+03,4.021714833676409140e-01
-1.140879999999999882e+03,4.032808762150194015e-01
-1.140360000000000127e+03,4.043910142787170425e-01
-1.139839999999999918e+03,4.055048963177936838e-01
-1.139319999999999936e+03,4.066192167745812380e-01
-1.138799999999999955e+03,4.077371096704580089e-01
-1.138279999999999973e+03,4.088553277872446490e-01
-1.137759999999999991e+03,4.099774794748113904e-01
-1.137240000000000009e+03,4.111001857661172876e-01
-1.136720000000000027e+03,4.122265398010430681e-01
-1.136200000000000045e+03,4.133536606400790570e-01
-1.135680000000000064e+03,4.144836626137147761e-01
-1.135160000000000082e+03,4.156148686747996868e-01
-1.134639999999999873e+03,4.167490537609044865e-01
-1.134120000000000118e+03,4.178845573540795333e-01
-1.133599999999999909e+03,4.190224094762135532e-01
-1.133080000000000155e+03,4.201620767361185504e-01
-1.132559999999999945e+03,4.213041117513426914e-01
-1.132039999999999964e+03,4.224480384946466272e-01
-1.131519999999999982e+03,4.235937223209399471e-01
-1.131000000000000000e+03,4.247418891502530713e-01
-1.130480000000000018e+03,4.258917553976561132e-01
-1.129960000000000036e+03,4.270440859227694341e-01
-1.129440000000000055e+03,4.281976230312216081e-01
-1.128920000000000073e+03,4.293538883397339245e-01
-1.128400000000000091e+03,4.305110701008761920e-01
-1.127879999999999882e+03,4.316712898605077342e-01
-1.127360000000000127e+03,4.328321387287799582e-01
-1.126839999999999918e+03,4.339967513637903451e-01
-1.126320000000000164e+03,4.351617838821319473e-01
-1.125799999999999955e+03,4.363304070088321884e-01
-1.125279999999999973e+03,4.374992976048836524e-01
-1.124759999999999991e+03,4.386716454160333178e-01
-1.124240000000000009e+03,4.398444901165339815e-01
-1.123720000000000027e+03,4.410205079610834411e-01
-1.123199999999999818e+03,4.421972874169630696e-01
-1.122680000000000064e+03,4.433769507989420156e-01
-1.122159999999999854e+03,4.445575311562915966e-01
-1.121640000000000100e+03,4.457403268163303567e-01
-1.121119999999999891e+03,4.469246695290591820e-01
-1.120599999999999909e+03,4.481116484641267661e-01
-1.120079999999999927e+03,4.493002517269250595e-01
-1.119559999999999945e+03,4.504908977967926886e-01
-1.119039999999999964e+03,4.516831676387005889e-01
-1.118519999999999982e+03,4.528769462916175104e-01
-1.118000000000000000e+03,4.540729219755746393e-01
-1.117480000000000018e+03,4.552703905799607154e-01
-1.116960000000000036e+03,4.564703002430276491e-01
-1.116440000000000055e+03,4.576713948141437616e-01
-1.115920000000000073e+03,4.588752401435991501e-01
-1.115400000000000091e+03,4.600800015234050022e-01
-1.114880000000000109e+03,4.612873616766803297e-01
-1.114360000000000127e+03,4.624952559852746892e-01
-1.113839999999999918e+03,4.637059962552599335e-01
-1.113319999999999936e+03,4.649170233695842369e-01
-1.112799999999999955e+03,4.661316604149488008e-01
-1.112279999999999973e+03,4.673465458387421889e-01
-1.111759999999999991e+03,4.685643948352255506e-01
-1.111240000000000009e+03,4.697827183453990862e-01
-1.110720000000000027e+03,4.710042124199423363e-01
-1.110200000000000045e+03,4.722263752535650339e-01
-1.109680000000000064e+03,4.734510020349175785e-01
-1.109159999999999854e+03,4.746765466755593632e-01
-1.108640000000000100e+03,4.759043057470018767e-01
-1.108119999999999891e+03,4.771332306477535923e-01
-1.107600000000000136e+03,4.783641232136043864e-01
-1.107079999999999927e+03,4.795964291324950612e-01
-1.106559999999999945e+03,4.808304755040759826e-01
-1.106039999999999964e+03,4.820661625396768790e-01
-1.105519999999999982e+03,4.833033200347065517e-01
-1.105000000000000000e+03,4.845423880203766354e-01
-1.104480000000000018e+03,4.857826972374555963e-01
-1.103960000000000036e+03,4.870247825373256179e-01
-1.103440000000000055e+03,4.882676896434739455e-01
-1.102920000000000073e+03,4.895133854124128492e-01
-1.102399999999999864e+03,4.907599601256910082e-01
-1.101880000000000109e+03,4.920087309363290196e-01
-1.101359999999999900e+03,4.932579446776764742e-01
-1.100840000000000146e+03,4.945099823424645158e-01
-1.100319999999999936e+03,4.957623263349310028e-01
-1.099799999999999955e+03,4.970172287611181461e-01
-1.099279999999999973e+03,4.982723616744045847e-01
-1.098759999999999991e+03,4.995299197616409614e-01
-1.098240000000000009e+03,5.007879176169766078e-01
-1.097720000000000027e+03,5.020486078553320075e-01
-1.097200000000000045e+03,5.033098912704875305e-01
-1.096680000000000064e+03,5.045732204702422230e-01
-1.096160000000000082e+03,5.058374649544667978e-01
-1.095639999999999873e+03,5.071039054113605227e-01
-1.095119999999999891e+03,5.083711299413652407e-01
-1.094599999999999909e+03,5.096396716483281297e-01
-1.094079999999999927e+03,5.109096272787317927e-01
-1.093559999999999945e+03,5.121813016784946271e-01
-1.093039999999999964e+03,5.134540844270375493e-01
-1.092519999999999982e+03,5.147278415158694775e-01
-1.092000000000000000e+03,5.160032254395013895e-01
-1.091480000000000018e+03,5.172795986741135499e-01
-1.090960000000000036e+03,5.185577685601946429e-01
-1.090440000000000055e+03,5.198367593118957686e-01
-1.089920000000000073e+03,5.211177375450459781e-01
-1.089400000000000091e+03,5.223993456338861252e-01
-1.088880000000000109e+03,5.236827113688563573e-01
-1.088359999999999900e+03,5.249664022258155871e-01
-1.087840000000000146e+03,5.262520220218349642e-01
-1.087319999999999936e+03,5.275378356708942951e-01
-1.086800000000000182e+03,5.288262256139827366e-01
-1.086279999999999973e+03,5.301148066531612413e-01
-1.085759999999999991e+03,5.314058327424087125e-01
-1.085240000000000009e+03,5.326970694247462612e-01
-1.084720000000000027e+03,5.339896616697037413e-01
-1.084200000000000045e+03,5.352827134601106929e-01
-1.083679999999999836e+03,5.365773886145662752e-01
-1.083160000000000082e+03,5.378728881177730070e-01
-1.082639999999999873e+03,5.391701799963588559e-01
-1.082120000000000118e+03,5.404680651189939233e-01
-1.081599999999999909e+03,5.417669237943186777e-01
-1.081079999999999927e+03,5.430667380116634968e-01
-1.080559999999999945e+03,5.443676976721186778e-01
-1.080039999999999964e+03,5.456697667296626086e-01
-1.079519999999999982e+03,5.469728090025756106e-01
-1.079000000000000000e+03,5.482768290172588266e-01
-1.078480000000000018e+03,5.495814386679420682e-01
-1.077960000000000036e+03,5.508875003216741062e-01
-1.077440000000000055e+03,5.521941916614264700e-01
-1.076919999999999845e+03,5.535021071053379815e-01
-1.076400000000000091e+03,5.548103849602293858e-01
-1.075879999999999882e+03,5.561204199779405943e-01
-1.075360000000000127e+03,5.574308015899712698e-01
-1.074839999999999918e+03,5.587421178661108323e-01
-1.074319999999999936e+03,5.600535291949111372e-01
-1.073799999999999955e+03,5.613670418001698303e-01
-1.073279999999999973e+03,5.626806121331295873e-01
-1.072759999999999991e+03,5.639951564691383368e-01
-1.072240000000000009e+03,5.653099499815762430e-01
-1.071720000000000027e+03,5.666260611937240510e-01
-1.071200000000000045e+03,5.679425581839319115e-01
-1.070680000000000064e+03,5.692602551021488377e-01
-1.070160000000000082e+03,5.705784116355158142e-01
-1.069639999999999873e+03,5.718976754578920518e-01
-1.069120000000000118e+03,5.732173225344180389e-01
-1.068599999999999909e+03,5.745376184719330759e-01
-1.068080000000000155e+03,5.758584117235484579e-01
-1.067559999999999945e+03,5.771797805308135354e-01
-1.067039999999999964e+03,5.785019693642378114e-01
-1.066519999999999982e+03,5.798248834203512114e-01
-1.066000000000000000e+03,5.811484477068649124e-01
-1.065480000000000018e+03,5.824724126614482245e-01
-1.064960000000000036e+03,5.837967225911206981e-01
-1.064440000000000055e+03,5.851212239041324592e-01
-1.063920000000000073e+03,5.864469314326250515e-01
-1.063400000000000091e+03,5.877729800997757437e-01
-1.062879999999999882e+03,5.890994871813575173e-01
-1.062360000000000127e+03,5.904260531667073764e-01
-1.061839999999999918e+03,5.917536114634279754e-01
-1.061320000000000164e+03,5.930812290098871342e-01
-1.060799999999999955e+03,5.944099178774371328e-01
-1.060279999999999973e+03,5.957386240980351300e-01
-1.059759999999999991e+03,5.970678264520042910e-01
-1.059240000000000009e+03,5.983971064570923204e-01
-1.058720000000000027e+03,5.997268257042297490e-01
-1.058199999999999818e+03,6.010566607275167339e-01
-1.057680000000000064e+03,6.023868967080933112e-01
-1.057159999999999854e+03,6.037174794094296582e-01
-1.056640000000000100e+03,6.050487667289051741e-01
-1.056119999999999891e+03,6.063800548984207284e-01
-1.055599999999999909e+03,6.077113429709851689e-01
-1.055079999999999927e+03,6.090428800682797794e-01
-1.054559999999999945e+03,6.103746848640034806e-01
-1.054039999999999964e+03,6.117067987395472528e-01
-1.053519999999999982e+03,6.130391391273600776e-01
-1.053000000000000000e+03,6.143714804139929209e-01
-1.052480000000000018e+03,6.157038211116349080e-01
-1.051960000000000036e+03,6.170361441084467602e-01
-1.051440000000000055e+03,6.183684859352678309e-01
-1.050920000000000073e+03,6.197012526469289906e-01
-1.050400000000000091e+03,6.210341112851891499e-01
-1.049880000000000109e+03,6.223669705709893307e-01
-1.049360000000000127e+03,6.236998304607885846e-01
-1.048839999999999918e+03,6.250322136520369831e-01
-1.048319999999999936e+03,6.263645586363754125e-01
-1.047799999999999955e+03,6.276974421500639556e-01
-1.047279999999999973e+03,6.290302661845206256e-01
-1.046759999999999991e+03,6.303625935954582094e-01
-1.046240000000000009e+03,6.316949406067347006e-01
-1.045720000000000027e+03,6.330272882541004842e-01
-1.045200000000000045e+03,6.343596400806054136e-01
-1.044680000000000064e+03,6.356919883961504869e-01
-1.044159999999999854e+03,6.370240130813851209e-01
-1.043640000000000100e+03,6.383553120537791559e-01
-1.043119999999999891e+03,6.396866119542130580e-01
-1.042600000000000136e+03,6.410179129781252705e-01
-1.042079999999999927e+03,6.423489878804284903e-01
-1.041559999999999945e+03,6.436797543964298818e-01
-1.041039999999999964e+03,6.450102541059122840e-01
-1.040519999999999982e+03,6.463405060897425836e-01
-1.040000000000000000e+03,6.476701096784130973e-01
-1.039480000000000018e+03,6.489993539974426850e-01
-1.038960000000000036e+03,6.503281946403123293e-01
-1.038440000000000055e+03,6.516568828665211255e-01
-1.037920000000000073e+03,6.529851713151695325e-01
-1.037399999999999864e+03,6.543133450762276260e-01
-1.036880000000000109e+03,6.556406443044143773e-01
-1.036359999999999900e+03,6.569677686296014896e-01
-1.035840000000000146e+03,6.582939198076673826e-01
-1.035319999999999936e+03,6.596199943677035771e-01
-1.034799999999999955e+03,6.609450206239385617e-01
-1.034279999999999973e+03,6.622699703744929778e-01
-1.033759999999999991e+03,6.635939876185573683e-01
-1.033240000000000009e+03,6.649178121180008283e-01
-1.032720000000000027e+03,6.662407579272441316e-01
-1.032200000000000045e+03,6.675633225728665465e-01
-1.031680000000000064e+03,6.688847262893182766e-01
-1.031160000000000082e+03,6.702057836948098757e-01
-1.030639999999999873e+03,6.715261158973907518e-01
-1.030119999999999891e+03,6.728458382794205717e-01
-1.029599999999999909e+03,6.741646055948503635e-01
-1.029079999999999927e+03,6.754828992177495106e-01
-1.028559999999999945e+03,6.768006175846976724e-01
-1.028039999999999964e+03,6.781172099144856524e-01
-1.027519999999999982e+03,6.794328471552829596e-01
-1.027000000000000000e+03,6.807474929449400802e-01
-1.026480000000000018e+03,6.820615881179364903e-01
-1.025960000000000036e+03,6.833749180121519995e-01
-1.025440000000000055e+03,6.846879421212863637e-01
-1.024920000000000073e+03,6.859989235283511233e-01
-1.024400000000000091e+03,6.873093538187547979e-01
-1.023880000000000109e+03,6.886188852856884868e-01
-1.023360000000000014e+03,6.899282450539111489e-01
-1.022840000000000032e+03,6.912351617973832019e-01
-1.022319999999999936e+03,6.925419070049043668e-01
-1.021800000000000068e+03,6.938471278401753262e-01
-1.021279999999999973e+03,6.951521170465656541e-01
-1.020759999999999991e+03,6.964552157907757390e-01
-1.020240000000000009e+03,6.977579731207239622e-01
-1.019719999999999914e+03,6.990589948124024122e-01
-1.019200000000000045e+03,7.003593655635508286e-01
-1.018679999999999950e+03,7.016577697264575475e-01
-1.018160000000000082e+03,7.029555062211642058e-01
-1.017639999999999986e+03,7.042518333920100293e-01
-1.017120000000000005e+03,7.055472991106055414e-01
-1.016599999999999909e+03,7.068415230516004177e-01
-1.016080000000000041e+03,7.081342595804244189e-01
-1.015559999999999945e+03,7.094253560936976122e-01
-1.015040000000000077e+03,7.107155724684106612e-01
-1.014519999999999982e+03,7.120051024238418513e-01
-1.014000000000000000e+03,7.132926465754242384e-01
-1.013480000000000018e+03,7.145790482977947278e-01
-1.012960000000000036e+03,7.158635774649751982e-01
-1.012440000000000055e+03,7.171473615445937977e-01
-1.011919999999999959e+03,7.184286641163134535e-01
-1.011399999999999977e+03,7.197093209061311558e-01
-1.010879999999999882e+03,7.209881614960990115e-01
-1.010360000000000014e+03,7.222667167401649602e-01
-1.009839999999999918e+03,7.235423124123411265e-01
-1.009320000000000050e+03,7.248176818446270264e-01
-1.008799999999999955e+03,7.260899760614714094e-01
-1.008279999999999973e+03,7.273619647480056294e-01
-1.007759999999999991e+03,7.286311078556990672e-01
-1.007240000000000009e+03,7.298997212384814581e-01
-1.006720000000000027e+03,7.311657341090640472e-01
-1.006200000000000045e+03,7.324310992827557376e-01
-1.005679999999999950e+03,7.336944981409454503e-01
-1.005160000000000082e+03,7.349567363218653115e-01
-1.004639999999999986e+03,7.362164697569244520e-01
-1.004120000000000118e+03,7.374747343438431413e-01
-1.003600000000000023e+03,7.387308441751503363e-01
-1.003080000000000041e+03,7.399854245359676064e-01
-1.002559999999999945e+03,7.412383816872540887e-01
-1.002039999999999964e+03,7.424895651136494967e-01
-1.001519999999999982e+03,7.437394147068040473e-01
-1.001000000000000000e+03,7.449865693588484383e-01
-1.000480000000000018e+03,7.462322162262221559e-01
-9.999599999999999227e+02,7.474756330995350195e-01
-9.994400000000000546e+02,7.487181308475459041e-01
-9.989199999999999591e+02,7.499573453114779520e-01
-9.984000000000000909e+02,7.511956627754180493e-01
-9.978799999999999955e+02,7.524312918828972574e-01
-9.973600000000000136e+02,7.536664790904364919e-01
-9.968399999999999181e+02,7.548977142092541115e-01
-9.963200000000000500e+02,7.561286670880414951e-01
-9.957999999999999545e+02,7.573554927227882372e-01
-9.952800000000000864e+02,7.585819567575841083e-01
-9.947599999999999909e+02,7.598051587245788774e-01
-9.942400000000000091e+02,7.610275952753036144e-01
-9.937200000000000273e+02,7.622465953302366426e-01
-9.931999999999999318e+02,7.634646825482998000e-01
-9.926800000000000637e+02,7.646800174774811554e-01
-9.921599999999999682e+02,7.658938071804822778e-01
-9.916399999999999864e+02,7.671044494796829261e-01
-9.911199999999998909e+02,7.683133903096224238e-01
-9.906000000000000227e+02,7.695198495854101983e-01
-9.900799999999999272e+02,7.707242663243687453e-01
-9.895600000000000591e+02,7.719265678800748542e-01
-9.890399999999999636e+02,7.731262125043215638e-01
-9.885199999999999818e+02,7.743237764187168581e-01
-9.880000000000000000e+02,7.755187100782610088e-01
-9.874800000000000182e+02,7.767120941032543691e-01
-9.869600000000000364e+02,7.779021407994877180e-01
-9.864400000000000546e+02,7.790908478233993240e-01
-9.859199999999999591e+02,7.802757949396608161e-01
-9.854000000000000909e+02,7.814598101015506337e-01
-9.848799999999999955e+02,7.826401570031006338e-01
-9.843600000000001273e+02,7.838199699493286765e-01
-9.838400000000000318e+02,7.849948605648865430e-01
-9.833199999999999363e+02,7.861693288771129939e-01
-9.827999999999999545e+02,7.873392149699394160e-01
-9.822799999999999727e+02,7.885086282158548787e-01
-9.817599999999999909e+02,7.896738190719984063e-01
-9.812400000000000091e+02,7.908381516962920132e-01
-9.807200000000000273e+02,7.919986694153740014e-01
-9.801999999999999318e+02,7.931578103976458793e-01
-9.796800000000000637e+02,7.943130781090860237e-01
-9.791599999999999682e+02,7.954665880360560770e-01
-9.786400000000001000e+02,7.966166230345443910e-01
-9.781200000000000045e+02,7.977645429888227113e-01
-9.776000000000000227e+02,7.989093483976194010e-01
-9.770799999999999272e+02,8.000518641246158191e-01
-9.765600000000000591e+02,8.011919958467097480e-01
-9.760399999999999636e+02,8.023291479581046159e-01
-9.755200000000000955e+02,8.034640498138876374e-01
-9.750000000000000000e+02,8.045952460912698667e-01
-9.744799999999999045e+02,8.057243807630311005e-01
-9.739600000000000364e+02,8.068497774108314147e-01
-9.734399999999999409e+02,8.079736821666412272e-01
-9.729200000000000728e+02,8.090934481527586319e-01
-9.723999999999999773e+02,8.102121426596365916e-01
-9.718799999999999955e+02,8.113258167044925528e-01
-9.713599999999999000e+02,8.124387683913685265e-01
-9.708400000000000318e+02,8.135467542845826738e-01
-9.703199999999999363e+02,8.146543245638661057e-01
-9.698000000000000682e+02,8.157562977867485188e-01
-9.692799999999999727e+02,8.168577218421202435e-01
-9.687599999999999909e+02,8.179544842880509536e-01
-9.682400000000000091e+02,8.190500839191605653e-01
-9.677200000000000273e+02,8.201405886897786823e-01
-9.672000000000000455e+02,8.212296989702460026e-01
-9.666800000000000637e+02,8.223149743456716898e-01
-9.661599999999999682e+02,8.233981100245583162e-01
-9.656399999999998727e+02,8.244771249496319898e-01
-9.651200000000000045e+02,8.255539432739653627e-01
-9.645999999999999091e+02,8.266277062457074720e-01
-9.640800000000000409e+02,8.276984004237795123e-01
-9.635599999999999454e+02,8.287659038019684621e-01
-9.630399999999999636e+02,8.298298413364676440e-01
-9.625199999999999818e+02,8.308910839574152885e-01
-9.620000000000000000e+02,8.319486083029529189e-01
-9.614800000000000182e+02,8.330040875299681291e-01
-9.609600000000000364e+02,8.340554278946932243e-01
-9.604399999999999409e+02,8.351051624300660503e-01
-9.599200000000000728e+02,8.361498994524990680e-01
-9.593999999999999773e+02,8.371933732627203639e-01
-9.588800000000001091e+02,8.382313536696003320e-01
-9.583600000000000136e+02,8.392685492598693786e-01
-9.578400000000000318e+02,8.402997722469081054e-01
-9.573199999999999363e+02,8.413305174689746924e-01
-9.568000000000000682e+02,8.423557287780606417e-01
-9.562799999999999727e+02,8.433801571485950443e-01
-9.557599999999999909e+02,8.443985740667981910e-01
-9.552400000000000091e+02,8.454157876081306311e-01
-9.547199999999999136e+02,8.464279445497814303e-01
-9.542000000000000455e+02,8.474384011728921529e-01
-9.536799999999999500e+02,8.484442987713300965e-01
-9.531600000000000819e+02,8.494479997246682235e-01
-9.526399999999999864e+02,8.504476182814747487e-01
-9.521200000000000045e+02,8.514445823306304728e-01
-9.515999999999999091e+02,8.524379221355835590e-01
-9.510800000000000409e+02,8.534278631638968493e-01
-9.505599999999999454e+02,8.544144279509778839e-01
-9.500400000000000773e+02,8.553973865861187464e-01
-9.495199999999999818e+02,8.563776511644275446e-01
-9.490000000000000000e+02,8.573535109567251844e-01
-9.484800000000000182e+02,8.583269996697919790e-01
-9.479600000000000364e+02,8.592955307385975461e-01
-9.474400000000000546e+02,8.602622260154414446e-01
-9.469199999999999591e+02,8.612238869591443136e-01
-9.463999999999999773e+02,8.621843050805655384e-01
-9.458799999999998818e+02,8.631387520133561031e-01
-9.453600000000000136e+02,8.640923971422854732e-01
-9.448399999999999181e+02,8.650400095303232284e-01
-9.443200000000000500e+02,8.659871105270998681e-01
-9.437999999999999545e+02,8.669271655166341795e-01
-9.432799999999999727e+02,8.678664995386982106e-01
-9.427599999999999909e+02,8.688003168077209626e-01
-9.422400000000000091e+02,8.697326824429421066e-01
-9.417200000000000273e+02,8.706591910312321270e-01
-9.412000000000000455e+02,8.715839619456601239e-01
-9.406799999999999500e+02,8.725041928870570507e-01
-9.401600000000000819e+02,8.734218874741233041e-01
-9.396399999999999864e+02,8.743347688544378382e-01
-9.391200000000001182e+02,8.752448106933712335e-01
-9.386000000000000227e+02,8.761509397782024644e-01
-9.380800000000000409e+02,8.770538998454432411e-01
-9.375599999999999454e+02,8.779537518041415911e-01
-9.370399999999999636e+02,8.788490819993397540e-01
-9.365199999999999818e+02,8.797410874129054648e-01
-9.360000000000000000e+02,8.806289953963503114e-01
-9.354800000000000182e+02,8.815147457241832019e-01
-9.349599999999999227e+02,8.823951321845151519e-01
-9.344400000000000546e+02,8.832735744516355680e-01
-9.339199999999999591e+02,8.841465224039742887e-01
-9.334000000000000909e+02,8.850181508286918408e-01
-9.328799999999999955e+02,8.858833323302480744e-01
-9.323600000000000136e+02,8.867476752612619695e-01
-9.318399999999999181e+02,8.876054727688044155e-01
-9.313200000000000500e+02,8.884627148714268063e-01
-9.307999999999999545e+02,8.893134908671863625e-01
-9.302800000000000864e+02,8.901633911848352287e-01
-9.297599999999999909e+02,8.910068180478915023e-01
-9.292400000000000091e+02,8.918488378272079187e-01
-9.287200000000000273e+02,8.926849987201911363e-01
-9.281999999999999318e+02,8.935192916171937894e-01
-9.276800000000000637e+02,8.943486195305136999e-01
-9.271599999999999682e+02,8.951754140354846179e-01
-9.266399999999999864e+02,8.959974759687913126e-01
-9.261199999999998909e+02,8.968166204804578490e-01
-9.256000000000000227e+02,8.976318905077116383e-01
-9.250799999999999272e+02,8.984434203954244635e-01
-9.245600000000000591e+02,8.992513831433458504e-01
-9.240399999999999636e+02,9.000550745211159942e-01
-9.235199999999999818e+02,9.008557124004137329e-01
-9.230000000000000000e+02,9.016518874765699909e-01
-9.224800000000000182e+02,9.024457118155343460e-01
-9.219600000000000364e+02,9.032341801734379283e-01
-9.214400000000000546e+02,9.040207392897092742e-01
-9.209199999999999591e+02,9.048013286963491053e-01
-9.204000000000000909e+02,9.055805628506868876e-01
-9.198799999999999955e+02,9.063532730303730522e-01
-9.193600000000001273e+02,9.071252018525074456e-01
-9.188400000000000318e+02,9.078905263532311976e-01
-9.183199999999999363e+02,9.086553410574520484e-01
-9.177999999999999545e+02,9.094131717372710977e-01
-9.172799999999999727e+02,9.101701080863092708e-01
-9.167599999999999909e+02,9.109206327414347548e-01
-9.162400000000000091e+02,9.116697869922696373e-01
-9.157200000000000273e+02,9.124135216805516757e-01
-9.151999999999999318e+02,9.131552371441624683e-01
-9.146800000000000637e+02,9.138916672535315477e-01
-9.141599999999999682e+02,9.146253136969387798e-01
-9.136400000000001000e+02,9.153539041744428451e-01
-9.131200000000000045e+02,9.160797876339971113e-01
-9.126000000000000227e+02,9.168021426715881050e-01
-9.120799999999999272e+02,9.175204743040283883e-01
-9.115600000000000591e+02,9.182349891353953630e-01
-9.110399999999999636e+02,9.189455013237426417e-01
-9.105200000000000955e+02,9.196532269431756390e-01
-9.100000000000000000e+02,9.203560919950577457e-01
-9.094799999999999045e+02,9.210565133553476613e-01
-9.089600000000000364e+02,9.217515011164468808e-01
-9.084399999999999409e+02,9.224446002538722045e-01
-9.079200000000000728e+02,9.231317312811868625e-01
-9.073999999999999773e+02,9.238175266102894856e-01
-9.068799999999999955e+02,9.244972385510296098e-01
-9.063599999999999000e+02,9.251762659270184042e-01
-9.058400000000000318e+02,9.258481587383550204e-01
-9.053199999999999363e+02,9.265195402282202508e-01
-9.048000000000000682e+02,9.271844543000915539e-01
-9.042799999999999727e+02,9.278484374066431339e-01
-9.037599999999999909e+02,9.285060895560407479e-01
-9.032400000000000091e+02,9.291621971324979246e-01
-9.027200000000000273e+02,9.298125246955414314e-01
-9.022000000000000455e+02,9.304607765859240764e-01
-9.016800000000000637e+02,9.311037822105139306e-01
-9.011599999999999682e+02,9.317443504789818531e-01
-9.006399999999998727e+02,9.323805915144776080e-01
-9.001200000000000045e+02,9.330138583766022231e-01
-8.995999999999999091e+02,9.336432907363833023e-01
-8.990800000000000409e+02,9.342689700172137623e-01
-8.985599999999999454e+02,9.348911197299201170e-01
-8.980399999999999636e+02,9.355089469517661183e-01
-8.975199999999999818e+02,9.361237755285184425e-01
-8.970000000000000000e+02,9.367340893240200250e-01
-8.964800000000000182e+02,9.373421551057874446e-01
-8.959600000000000364e+02,9.379451496200146288e-01
-8.954399999999999409e+02,9.385464076094681696e-01
-8.949200000000000728e+02,9.391416843528409553e-01
-8.943999999999999773e+02,9.397356621963197654e-01
-8.938800000000001091e+02,9.403235207807368878e-01
-8.933600000000000136e+02,9.409107174756813352e-01
-8.928400000000000318e+02,9.414912759264734143e-01
-8.923199999999999363e+02,9.420713068968843418e-01
-8.918000000000000682e+02,9.426443934864020546e-01
-8.912799999999999727e+02,9.432166073239178772e-01
-8.907599999999999909e+02,9.437829507452512035e-01
-8.902400000000000091e+02,9.443478460862426704e-01
-8.897199999999999136e+02,9.449074061549704862e-01
-8.892000000000000455e+02,9.454650039228572611e-01
-8.886799999999999500e+02,9.460177801253999430e-01
-8.881600000000000819e+02,9.465681019508418448e-01
-8.876399999999999864e+02,9.471140921151496306e-01
-8.871200000000000045e+02,9.476568677614366498e-01
-8.865999999999999091e+02,9.481955405731891107e-01
-8.860800000000000409e+02,9.487310001720908881e-01
-8.855599999999999454e+02,9.492634476584080883e-01
-8.850400000000000773e+02,9.497918366239358479e-01
-8.845199999999999818e+02,9.503175019920679922e-01
-8.840000000000000000e+02,9.508386169858995540e-01
-8.834800000000000182e+02,9.513574782135271191e-01
-8.829600000000000364e+02,9.518712781841032200e-01
-8.824400000000000546e+02,9.523833997120260131e-01
-8.819199999999999591e+02,9.528903425481667355e-01
-8.813999999999999773e+02,9.533961778464047354e-01
-8.808799999999998818e+02,9.538959010147589623e-01
-8.803600000000000136e+02,9.543949783934320141e-01
-8.798399999999999181e+02,9.548874058627512262e-01
-8.793200000000000500e+02,9.553793425300782793e-01
-8.787999999999999545e+02,9.558653903194020973e-01
-8.782799999999999727e+02,9.563505293391743045e-01
-8.777599999999999909e+02,9.568297976101619584e-01
-8.772400000000000091e+02,9.573076237456888959e-01
-8.767200000000000273e+02,9.577801316659506625e-01
-8.762000000000000455e+02,9.582509507189921338e-01
-8.756799999999999500e+02,9.587177307466383525e-01
-8.751600000000000819e+02,9.591820015244638675e-01
-8.746399999999999864e+02,9.596420034632141549e-01
-8.741200000000001182e+02,9.600992121158633541e-01
-8.736000000000000227e+02,9.605529930611080847e-01
-8.730800000000000409e+02,9.610034626149619452e-01
-8.725599999999999454e+02,9.614509595302305200e-01
-8.720399999999999636e+02,9.618943866606884940e-01
-8.715199999999999818e+02,9.623351291397408414e-01
-8.710000000000000000e+02,9.627719722847525308e-01
-8.704800000000000182e+02,9.632069664842997092e-01
-8.699599999999999227e+02,9.636372669822852455e-01
-8.694400000000000546e+02,9.640660207677552718e-01
-8.689199999999999591e+02,9.644895849173537039e-01
-8.684000000000000909e+02,9.649120988918291619e-01
-8.678799999999999955e+02,9.653289263183413293e-01
-8.673600000000000136e+02,9.657452056224401504e-01
-8.668399999999999181e+02,9.661552935489151617e-01
-8.663200000000000500e+02,9.665649526941184622e-01
-8.657999999999999545e+02,9.669692429191274474e-01
-8.652800000000000864e+02,9.673727410067245458e-01
-8.647599999999999909e+02,9.677712867457561874e-01
-8.642400000000000091e+02,9.681684906181066141e-01
-8.637200000000000273e+02,9.685608201918310955e-01
-8.631999999999999318e+02,9.689513105453554376e-01
-8.626800000000000637e+02,9.693373830304339300e-01
-8.621599999999999682e+02,9.697215421111213818e-01
-8.616399999999999864e+02,9.701024095882021525e-01
-8.611199999999998909e+02,9.704805089215126079e-01
-8.606000000000000227e+02,9.708551398994074155e-01
-8.600799999999999272e+02,9.712267730192410964e-01
-8.595600000000000591e+02,9.715957051102280806e-01
-8.590399999999999636e+02,9.719611629006538189e-01
-8.585199999999999818e+02,9.723243540095239945e-01
-8.580000000000000000e+02,9.726836768052528059e-01
-8.574800000000000182e+02,9.730411708353369216e-01
-8.569600000000000364e+02,9.733943168504576304e-01
-8.564400000000000546e+02,9.737460932361747812e-01
-8.559199999999999591e+02,9.740930856456181397e-01
-8.554000000000000909e+02,9.744391464612986997e-01
-8.548799999999999955e+02,9.747804603907341825e-01
-8.543600000000001273e+02,9.751213234388462769e-01
-8.538400000000000318e+02,9.754565196446745023e-01
-8.533199999999999363e+02,9.757913244849895085e-01
-8.527999999999999545e+02,9.761213054477195783e-01
-8.522799999999999727e+02,9.764504927048374139e-01
-8.517599999999999909e+02,9.767752512884100291e-01
-8.512400000000000091e+02,9.770987683251299849e-01
-8.507200000000000273e+02,9.774178352813948090e-01
-8.501999999999999318e+02,9.777353321273166697e-01
-8.496800000000000637e+02,9.780492015393725813e-01
-8.491599999999999682e+02,9.783611245227177289e-01
-8.486400000000001000e+02,9.786697974393353539e-01
-8.481200000000000045e+02,9.789759180949425543e-01
-8.476000000000000227e+02,9.792788788831314761e-01
-8.470799999999999272e+02,9.795793841438802385e-01
-8.465600000000000591e+02,9.798777068862911666e-01
-8.460399999999999636e+02,9.801728703177614577e-01
-8.455200000000000955e+02,9.804660176044146525e-01
-8.450000000000000000e+02,9.807559528237749236e-01
-8.444799999999999045e+02,9.810444225748302660e-01
-8.439600000000000364e+02,9.813285371961021353e-01
-8.434399999999999409e+02,9.816113003712189089e-01
-8.429200000000000728e+02,9.818906093426614801e-01
-8.423999999999999773e+02,9.821692567490801773e-01
-8.418799999999999955e+02,9.824431452989640379e-01
-8.413599999999999000e+02,9.827166239207039133e-01
-8.408400000000000318e+02,9.829849231148580779e-01
-8.403199999999999363e+02,9.832528717973187948e-01
-8.398000000000000682e+02,9.835164995739743565e-01
-8.392799999999999727e+02,9.837794573411465793e-01
-8.387599999999999909e+02,9.840384323447819437e-01
-8.382400000000000091e+02,9.842964737924954077e-01
-8.377200000000000273e+02,9.845513351094618004e-01
-8.372000000000000455e+02,9.848046130540356602e-01
-8.366800000000000637e+02,9.850542891673618184e-01
-8.361599999999999682e+02,9.853022170105665278e-01
-8.356399999999998727e+02,9.855472647669537567e-01
-8.351200000000000045e+02,9.857904358201081685e-01
-8.345999999999999091e+02,9.860313293036552240e-01
-8.340800000000000409e+02,9.862697825812805075e-01
-8.335599999999999454e+02,9.865060508176777265e-01
-8.330399999999999636e+02,9.867394988614521800e-01
-8.325199999999999818e+02,9.869711238277395493e-01
-8.320000000000000000e+02,9.871999524580039598e-01
-8.314800000000000182e+02,9.874274702890015742e-01
-8.309600000000000364e+02,9.876518505038349716e-01
-8.304399999999999409e+02,9.878752430309625243e-01
-8.299200000000000728e+02,9.880951954026748751e-01
-8.293999999999999773e+02,9.883145095708232297e-01
-8.288800000000001091e+02,9.885295560793554426e-01
-8.283600000000000136e+02,9.887442334848325354e-01
-8.278400000000000318e+02,9.889547943559829912e-01
-8.273199999999999363e+02,9.891651087315803670e-01
-8.268000000000000682e+02,9.893721060223300556e-01
-8.262799999999999727e+02,9.895784755161761703e-01
-8.257599999999999909e+02,9.897813729155746643e-01
-8.252400000000000091e+02,9.899833241851100363e-01
-8.247199999999999136e+02,9.901821275646361942e-01
-8.242000000000000455e+02,9.903796633898306334e-01
-8.236799999999999500e+02,9.905743670600865025e-01
-8.231600000000000819e+02,9.907676958777598131e-01
-8.226399999999999864e+02,9.909588428665827564e-01
-8.221200000000000045e+02,9.911481069647949393e-01
-8.215999999999999091e+02,9.913351639992060704e-01
-8.210800000000000409e+02,9.915203033219762707e-01
-8.205599999999999454e+02,9.917038032374657641e-01
-8.200400000000000773e+02,9.918851299506528107e-01
-8.195199999999999818e+02,9.920650589785514617e-01
-8.190000000000000000e+02,9.922425541528259174e-01
-8.184800000000000182e+02,9.924189496242726838e-01
-8.179600000000000364e+02,9.925926344097045773e-01
-8.174400000000000546e+02,9.927654875911990917e-01
-8.169199999999999591e+02,9.929349029705984986e-01
-8.163999999999999773e+02,9.931036994281601249e-01
-8.158799999999998818e+02,9.932697046078569070e-01
-8.153600000000000136e+02,9.934355001010964914e-01
-8.148399999999999181e+02,9.935982500080492441e-01
-8.143200000000000500e+02,9.937607215777366498e-01
-8.137999999999999545e+02,9.939194559518348404e-01
-8.132799999999999727e+02,9.940778020197196252e-01
-8.127599999999999909e+02,9.942340496666655092e-01
-8.122400000000000091e+02,9.943894068340570769e-01
-8.117200000000000273e+02,9.945416253889685088e-01
-8.112000000000000455e+02,9.946931135215377751e-01
-8.106799999999999500e+02,9.948428756844143184e-01
-8.101600000000000819e+02,9.949913207306195773e-01
-8.096399999999999864e+02,9.951375927640619956e-01
-8.091200000000001182e+02,9.952825194505626749e-01
-8.086000000000000227e+02,9.954258225890912914e-01
-8.080800000000000409e+02,9.955675789367279815e-01
-8.075599999999999454e+02,9.957079312900821710e-01
-8.070399999999999636e+02,9.958465051513741839e-01
-8.065199999999999818e+02,9.959839380519653895e-01
-8.060000000000000000e+02,9.961193304866812204e-01
-8.054800000000000182e+02,9.962538217749472569e-01
-8.049599999999999227e+02,9.963864797714875321e-01
-8.044400000000000546e+02,9.965185751667997582e-01
-8.039199999999999591e+02,9.966482272831246325e-01
-8.034000000000000909e+02,9.967774188974217742e-01
-8.028799999999999955e+02,9.969039119306815078e-01
-8.023600000000000136e+02,9.970302240535131588e-01
-8.018399999999999181e+02,9.971541436481365928e-01
-8.013200000000000500e+02,9.972778711785232897e-01
-8.007999999999999545e+02,9.973989034012600285e-01
-8.002800000000000864e+02,9.975197220520918284e-01
-7.997599999999999909e+02,9.976389487463312999e-01
-7.992400000000000091e+02,9.977575732354172500e-01
-7.987200000000000273e+02,9.978739734281801832e-01
-7.981999999999999318e+02,9.979897016889189842e-01
-7.976800000000000637e+02,9.981038033786153729e-01
-7.971599999999999682e+02,9.982168526712185130e-01
-7.966399999999999864e+02,9.983281371975361029e-01
-7.961199999999998909e+02,9.984386864501524350e-01
-7.956000000000000227e+02,9.985482429355735379e-01
-7.950799999999999272e+02,9.986569085337012597e-01
-7.945600000000000591e+02,9.987647417412559570e-01
-7.940399999999999636e+02,9.988709416790967355e-01
-7.935199999999999818e+02,9.989760058899027628e-01
-7.930000000000000000e+02,9.990799918059148910e-01
-7.924800000000000182e+02,9.991833868297037569e-01
-7.919600000000000364e+02,9.992851696091065161e-01
-7.914400000000000546e+02,9.993864173437679854e-01
-7.909199999999999591e+02,9.994862983421121116e-01
-7.904000000000000909e+02,9.995859403373852370e-01
-7.898799999999999955e+02,9.996835799702197267e-01
-7.893600000000001273e+02,9.997810914925945314e-01
-7.888400000000000318e+02,9.998769711507591307e-01
-7.883199999999999363e+02,9.999727797419661890e-01
-7.877999999999999545e+02,1.000067083175980365e+00
-7.872799999999999727e+02,1.000161144919087475e+00
-7.867599999999999909e+02,1.000253398515221326e+00
-7.862400000000000091e+02,1.000345506952020402e+00
-7.857200000000000273e+02,1.000436750967372612e+00
-7.851999999999999318e+02,1.000527470326732171e+00
-7.846800000000000637e+02,1.000616679829473332e+00
-7.841599999999999682e+02,1.000705656886322403e+00
-7.836400000000001000e+02,1.000793933013203629e+00
-7.831200000000000045e+02,1.000881632044771541e+00
-7.826000000000000227e+02,1.000968483857590074e+00
-7.820799999999999272e+02,1.001054650652457134e+00
-7.815600000000000591e+02,1.001140045368644760e+00
-7.810399999999999636e+02,1.001224991415328835e+00
-7.805200000000000955e+02,1.001309491878626057e+00
-7.800000000000000000e+02,1.001392747847976716e+00
-7.794799999999999045e+02,1.001475306185343195e+00
-7.789600000000000364e+02,1.001557722220830060e+00
-7.784399999999999409e+02,1.001639971846473687e+00
-7.779200000000000728e+02,1.001721057436278262e+00
-7.773999999999999773e+02,1.001801961022779963e+00
-7.768799999999999955e+02,1.001881468604840508e+00
-7.763599999999999000e+02,1.001960968123600360e+00
-7.758400000000000318e+02,1.002039996278315748e+00
-7.753199999999999363e+02,1.002118998709922604e+00
-7.748000000000000682e+02,1.002196550073612968e+00
-7.742799999999999727e+02,1.002274041327036569e+00
-7.737599999999999909e+02,1.002350618879571886e+00
-7.732400000000000091e+02,1.002426933543801635e+00
-7.727200000000000273e+02,1.002501982400170855e+00
-7.722000000000000455e+02,1.002576941521226894e+00
-7.716800000000000637e+02,1.002651418729580302e+00
-7.711599999999999682e+02,1.002725520839320872e+00
-7.706399999999998727e+02,1.002798846352467521e+00
-7.701200000000000045e+02,1.002871627754062578e+00
-7.695999999999999091e+02,1.002943682624643618e+00
-7.690800000000000409e+02,1.003015020367670873e+00
-7.685599999999999454e+02,1.003085727508076674e+00
-7.680399999999999636e+02,1.003155825619185926e+00
-7.675199999999999818e+02,1.003225510974155021e+00
-7.670000000000000000e+02,1.003294028788485726e+00
-7.664800000000000182e+02,1.003362081446858900e+00
-7.659600000000000364e+02,1.003428620290351070e+00
-7.654399999999999409e+02,1.003494822823027377e+00
-7.649200000000000728e+02,1.003559654115970146e+00
-7.643999999999999773e+02,1.003624278446218598e+00
-7.638800000000001091e+02,1.003686834293911811e+00
-7.633600000000000136e+02,1.003749080146262074e+00
-7.628400000000000318e+02,1.003809582535595268e+00
-7.623199999999999363e+02,1.003869611325446831e+00
-7.618000000000000682e+02,1.003927368667068443e+00
-7.612799999999999727e+02,1.003984524254130539e+00
-7.607599999999999909e+02,1.004040339974581642e+00
-7.602400000000000091e+02,1.004095016198675250e+00
-7.597199999999999136e+02,1.004147541526853704e+00
-7.592000000000000455e+02,1.004198543067496674e+00
-7.586799999999999500e+02,1.004247510512022323e+00
-7.581600000000000819e+02,1.004294925050666309e+00
-7.576399999999999864e+02,1.004341065507478037e+00
-7.571200000000000045e+02,1.004385038162627586e+00
-7.565999999999999091e+02,1.004427568795127623e+00
-7.560800000000000409e+02,1.004467133430663406e+00
-7.555599999999999454e+02,1.004505245809041991e+00
-7.550400000000000773e+02,1.004540510362722516e+00
-7.545199999999999818e+02,1.004575005590488068e+00
-7.540000000000000000e+02,1.004605738353913535e+00
-7.534800000000000182e+02,1.004635837157755285e+00
-7.529600000000000364e+02,1.004661687387635505e+00
-7.524400000000000546e+02,1.004687030097834111e+00
-7.519199999999999591e+02,1.004707913092306892e+00
-7.513999999999999773e+02,1.004728204725070961e+00
-7.508799999999998818e+02,1.004744126068155774e+00
-7.503600000000000136e+02,1.004759248568624752e+00
-7.498399999999999181e+02,1.004770746854951380e+00
-7.493200000000000500e+02,1.004781085839014931e+00
-7.487999999999999545e+02,1.004787670582892645e+00
-7.482799999999999727e+02,1.004792761020920633e+00
-7.477599999999999909e+02,1.004794574805488283e+00
-7.472400000000000091e+02,1.004794725073177242e+00
-7.467200000000000273e+02,1.004792462602236425e+00
-7.462000000000000455e+02,1.004788343418368646e+00
-7.456799999999999500e+02,1.004782297247925671e+00
-7.451600000000000819e+02,1.004774075576758241e+00
-7.446399999999999864e+02,1.004764074343853730e+00
-7.441200000000001182e+02,1.004751932439265749e+00
-7.436000000000000227e+02,1.004738426123070294e+00
-7.430800000000000409e+02,1.004723279095629085e+00
-7.425599999999999454e+02,1.004707420341253155e+00
-7.420399999999999636e+02,1.004690270028017807e+00
-7.415199999999999818e+02,1.004672721300141403e+00
-7.410000000000000000e+02,1.004654434843560873e+00
-7.404800000000000182e+02,1.004635976926492091e+00
-7.399599999999999227e+02,1.004617102908086368e+00
-7.394400000000000546e+02,1.004598120593924726e+00
-7.389199999999999591e+02,1.004579931888232247e+00
-7.384000000000000909e+02,1.004561989770436981e+00
-7.378799999999999955e+02,1.004545548189337500e+00
-7.373600000000000136e+02,1.004529753209807197e+00
-7.368399999999999181e+02,1.004516061505009494e+00
-7.363200000000000500e+02,1.004503534483943250e+00
-7.357999999999999545e+02,1.004493570014056036e+00
-7.352800000000000864e+02,1.004485445516094755e+00
-7.347599999999999909e+02,1.004480174376807033e+00
-7.342400000000000091e+02,1.004477348539987824e+00
-7.337200000000000273e+02,1.004477157331218118e+00
-7.331999999999999318e+02,1.004480561682781881e+00
-7.326800000000000637e+02,1.004487319673321055e+00
-7.321599999999999682e+02,1.004498419271345755e+00
-7.316399999999999864e+02,1.004512284389869947e+00
-7.311199999999998909e+02,1.004531216944741123e+00
-7.306000000000000227e+02,1.004552310702234053e+00
-7.300799999999999272e+02,1.004579933712550055e+00
-7.295600000000000591e+02,1.004609734818982414e+00
-7.290399999999999636e+02,1.004646692491242499e+00
-7.285199999999999818e+02,1.004684981001461530e+00
-7.280000000000000000e+02,1.004731604248954913e+00
-7.274800000000000182e+02,1.004779084459459959e+00
-7.269600000000000364e+02,1.004834733063873831e+00
-7.264400000000000546e+02,1.004890907747645334e+00
-7.259199999999999591e+02,1.004955511765289966e+00
-7.254000000000000909e+02,1.005021354831974634e+00
-7.248799999999999955e+02,1.005094175910778320e+00
-7.243600000000001273e+02,1.005168745993706647e+00
-7.238400000000000318e+02,1.005249289316138439e+00
-7.233199999999999363e+02,1.005332086738177866e+00
-7.227999999999999545e+02,1.005420361620496195e+00
-7.222799999999999727e+02,1.005511137028387125e+00
-7.217599999999999909e+02,1.005605929562899625e+00
-7.212400000000000091e+02,1.005703416666850147e+00
-7.207200000000000273e+02,1.005803991322927748e+00
-7.201999999999999318e+02,1.005907498389355448e+00
-7.196800000000000637e+02,1.006013609979225398e+00
-7.191599999999999682e+02,1.006122346529449985e+00
-7.186400000000001000e+02,1.006232644424790657e+00
-7.181200000000000045e+02,1.006345584250256886e+00
-7.176000000000000227e+02,1.006459775510221588e+00
-7.170799999999999272e+02,1.006575970193286373e+00
-7.165600000000000591e+02,1.006692675448294994e+00
-7.160399999999999636e+02,1.006810970079477396e+00
-7.155200000000000955e+02,1.006929451713557855e+00
-7.150000000000000000e+02,1.007049342371176603e+00
-7.144799999999999045e+02,1.007169376105636838e+00
-7.139600000000000364e+02,1.007290247551899220e+00
-7.134399999999999409e+02,1.007411198102439398e+00
-7.129200000000000728e+02,1.007531882201184725e+00
-7.123999999999999773e+02,1.007652550385171430e+00
-7.118799999999999955e+02,1.007772960268088269e+00
-7.113599999999999000e+02,1.007893268416281796e+00
-7.108400000000000318e+02,1.008012534321887754e+00
-7.103199999999999363e+02,1.008131526838755176e+00
-7.098000000000000682e+02,1.008249806799528692e+00
-7.092799999999999727e+02,1.008367614192248407e+00
-7.087599999999999909e+02,1.008484144786528036e+00
-7.082400000000000091e+02,1.008600263117709117e+00
-7.077200000000000273e+02,1.008715953766442297e+00
-7.072000000000000455e+02,1.008830741564933575e+00
-7.066800000000000637e+02,1.008944418755528094e+00
-7.061599999999999682e+02,1.009057048288166891e+00
-7.056399999999998727e+02,1.009168733756540703e+00
-7.051200000000000045e+02,1.009279478538708474e+00
-7.045999999999999091e+02,1.009389710810038032e+00
-7.040800000000000409e+02,1.009498938943413471e+00
-7.035599999999999454e+02,1.009607799583345233e+00
-7.030399999999999636e+02,1.009715614370695125e+00
-7.025199999999999818e+02,1.009823204795317286e+00
-7.020000000000000000e+02,1.009929407426760406e+00
-7.014800000000000182e+02,1.010035352150062238e+00
-7.009600000000000364e+02,1.010140326309126424e+00
-7.004399999999999409e+02,1.010245300797694368e+00
-6.999200000000000728e+02,1.010349442291347266e+00
-6.993999999999999773e+02,1.010453574121278786e+00
-6.988800000000001091e+02,1.010557115713167420e+00
-6.983600000000000136e+02,1.010660576790833431e+00
-6.978400000000000318e+02,1.010763161993035952e+00
-6.973199999999999363e+02,1.010865675364220895e+00
-6.968000000000000682e+02,1.010967991097176055e+00
-6.962799999999999727e+02,1.011070389011829107e+00
-6.957599999999999909e+02,1.011173123831891729e+00
-6.952400000000000091e+02,1.011275604823591578e+00
-6.947199999999999136e+02,1.011377285231649603e+00
-6.942000000000000455e+02,1.011479296120872728e+00
-6.936799999999999500e+02,1.011581716222754945e+00
-6.931600000000000819e+02,1.011684333260358892e+00
-6.926399999999999864e+02,1.011787057869252937e+00
-6.921200000000000045e+02,1.011889782662076298e+00
-6.915999999999999091e+02,1.011992414446695632e+00
-6.910800000000000409e+02,1.012095421877366341e+00
-6.905599999999999454e+02,1.012198568037190549e+00
-6.900400000000000773e+02,1.012302238489976025e+00
-6.895199999999999818e+02,1.012406005946200116e+00
-6.890000000000000000e+02,1.012510372730925923e+00
-6.884800000000000182e+02,1.012614826660866552e+00
-6.879600000000000364e+02,1.012720035769320459e+00
-6.874400000000000546e+02,1.012825336961801881e+00
-6.869199999999999591e+02,1.012930933049170479e+00
-6.863999999999999773e+02,1.013036592526348700e+00
-6.858799999999998818e+02,1.013143525879078855e+00
-6.853600000000000136e+02,1.013250679124353626e+00
-6.848399999999999181e+02,1.013358050613710537e+00
-6.843200000000000500e+02,1.013465779920427190e+00
-6.837999999999999545e+02,1.013574720948270613e+00
-6.832799999999999727e+02,1.013683959107903210e+00
-6.827599999999999909e+02,1.013793427786015000e+00
-6.822400000000000091e+02,1.013903397741266366e+00
-6.817200000000000273e+02,1.014014018955989194e+00
-6.812000000000000455e+02,1.014125213949901960e+00
-6.806799999999999500e+02,1.014237060368433641e+00
-6.801600000000000819e+02,1.014349580855473221e+00
-6.796399999999999864e+02,1.014462686362467281e+00
-6.791200000000001182e+02,1.014576638097128836e+00
-6.786000000000000227e+02,1.014691054854301111e+00
-6.780800000000000409e+02,1.014806543651518123e+00
-6.775599999999999454e+02,1.014922382243020449e+00
-6.770399999999999636e+02,1.015039459471573702e+00
-6.765199999999999818e+02,1.015156809410199701e+00
-6.760000000000000000e+02,1.015275232352611079e+00
-6.754800000000000182e+02,1.015393663426187754e+00
-6.749599999999999227e+02,1.015514269761248478e+00
-6.744400000000000546e+02,1.015635100134008928e+00
-6.739199999999999591e+02,1.015757624348418986e+00
-6.734000000000000909e+02,1.015880451445160260e+00
-6.728799999999999955e+02,1.016004470260352122e+00
-6.723600000000000136e+02,1.016129002289023697e+00
-6.718399999999999181e+02,1.016255658433669717e+00
-6.713200000000000500e+02,1.016382970767357508e+00
-6.707999999999999545e+02,1.016511438362288411e+00
-6.702800000000000864e+02,1.016640818391447265e+00
-6.697599999999999909e+02,1.016771764601111627e+00
-6.692400000000000091e+02,1.016904029039893409e+00
-6.687200000000000273e+02,1.017038131078171759e+00
-6.681999999999999318e+02,1.017173541147675664e+00
-6.676800000000000637e+02,1.017310000598938613e+00
-6.671599999999999682e+02,1.017448327111845963e+00
-6.666399999999999864e+02,1.017587865823980531e+00
-6.661199999999998909e+02,1.017729621990775213e+00
-6.656000000000000227e+02,1.017872421169483399e+00
-6.650799999999999272e+02,1.018017870363292943e+00
-6.645600000000000591e+02,1.018164183759470598e+00
-6.640399999999999636e+02,1.018313661276974091e+00
-6.635199999999999818e+02,1.018463727330926050e+00
-6.630000000000000000e+02,1.018617499382484137e+00
-6.624800000000000182e+02,1.018771590879059996e+00
-6.619600000000000364e+02,1.018929846183302290e+00
-6.614400000000000546e+02,1.019088538183934078e+00
-6.609199999999999591e+02,1.019251293510882173e+00
-6.604000000000000909e+02,1.019414897061104996e+00
-6.598799999999999955e+02,1.019582414155740802e+00
-6.593600000000001273e+02,1.019751203000675677e+00
-6.588400000000000318e+02,1.019923769551056791e+00
-6.583199999999999363e+02,1.020098021954608525e+00
-6.577999999999999545e+02,1.020275847616183729e+00
-6.572799999999999727e+02,1.020455757555044141e+00
-6.567599999999999909e+02,1.020638617942027926e+00
-6.562400000000000091e+02,1.020824359594565856e+00
-6.557200000000000273e+02,1.021013497584205343e+00
-6.551999999999999318e+02,1.021205921672518446e+00
-6.546800000000000637e+02,1.021401060258131377e+00
-6.541599999999999682e+02,1.021599882496601941e+00
-6.536400000000001000e+02,1.021800712983685022e+00
-6.531200000000000045e+02,1.022006325701978247e+00
-6.526000000000000227e+02,1.022214115176926619e+00
-6.520799999999999272e+02,1.022427046866523304e+00
-6.515600000000000591e+02,1.022641450032893307e+00
-6.510399999999999636e+02,1.022861275809483939e+00
-6.505200000000000955e+02,1.023081908976892107e+00
-6.500000000000000000e+02,1.023308980774665589e+00
-6.494799999999999045e+02,1.023536639167435869e+00
-6.489600000000000364e+02,1.023771513632523833e+00
-6.484399999999999409e+02,1.024007250429848748e+00
-6.479200000000000728e+02,1.024248791636920286e+00
-6.473999999999999773e+02,1.024491573696860724e+00
-6.468799999999999955e+02,1.024740695801323431e+00
-6.463599999999999000e+02,1.024991629246014613e+00
-6.458400000000000318e+02,1.025247269273511286e+00
-6.453199999999999363e+02,1.025505253183092602e+00
-6.448000000000000682e+02,1.025767940223550889e+00
-6.442799999999999727e+02,1.026033441974534721e+00
-6.437599999999999909e+02,1.026303024787713847e+00
-6.432400000000000091e+02,1.026575860761586245e+00
-6.427200000000000273e+02,1.026852181900222094e+00
-6.422000000000000455e+02,1.027132096111128323e+00
-6.416800000000000637e+02,1.027414957031919540e+00
-6.411599999999999682e+02,1.027701724506810299e+00
-6.406399999999998727e+02,1.027990840295463171e+00
-6.401200000000000045e+02,1.028284082037322467e+00
-6.396000000000000227e+02,1.028579103406557005e+00
-6.390800000000000409e+02,1.028878383336864211e+00
-6.385600000000000591e+02,1.029178912318566175e+00
-6.380399999999999636e+02,1.029483744472565743e+00
-6.375199999999999818e+02,1.029789299634338295e+00
-6.370000000000000000e+02,1.030099077425896459e+00
-6.364800000000000182e+02,1.030409292950839051e+00
-6.359599999999999227e+02,1.030722781585759362e+00
-6.354399999999999409e+02,1.031036614946802432e+00
-6.349199999999999591e+02,1.031353817565841213e+00
-6.343999999999999773e+02,1.031671556805163759e+00
-6.338799999999999955e+02,1.031991387004894456e+00
-6.333600000000000136e+02,1.032311681750030186e+00
-6.328400000000000318e+02,1.032632815761775014e+00
-6.323199999999999363e+02,1.032954341114497243e+00
-6.317999999999999545e+02,1.033276992880381329e+00
-6.312799999999999727e+02,1.033599535671508862e+00
-6.307599999999999909e+02,1.033921743645941138e+00
-6.302400000000000091e+02,1.034243515650842937e+00
-6.297200000000000273e+02,1.034564915817963726e+00
-6.292000000000000455e+02,1.034885397057604628e+00
-6.286800000000000637e+02,1.035205542516429267e+00
-6.281600000000000819e+02,1.035523506892808587e+00
-6.276399999999999864e+02,1.035840293878683260e+00
-6.271200000000000045e+02,1.036154152703282483e+00
-6.265999999999999091e+02,1.036467090996671558e+00
-6.260799999999999272e+02,1.036775920704144482e+00
-6.255599999999999454e+02,1.037083943298855226e+00
-6.250399999999999636e+02,1.037386462564035661e+00
-6.245199999999999818e+02,1.037688425324048147e+00
-6.240000000000000000e+02,1.037983414731422194e+00
-6.234800000000000182e+02,1.038277987136388747e+00
-6.229600000000000364e+02,1.038564420771259877e+00
-6.224400000000000546e+02,1.038849978994767387e+00
-6.219199999999999591e+02,1.039127112746145665e+00
-6.213999999999999773e+02,1.039402382847161688e+00
-6.208799999999999955e+02,1.039669107218839317e+00
-6.203600000000000136e+02,1.039932809703660421e+00
-6.198400000000000318e+02,1.040187584720471792e+00
-6.193200000000000500e+02,1.040438164516335418e+00
-6.188000000000000682e+02,1.040680952228040246e+00
-6.182799999999999727e+02,1.040918080479098728e+00
-6.177599999999999909e+02,1.041147422027979275e+00
-6.172400000000000091e+02,1.041369371037389024e+00
-6.167200000000000273e+02,1.041583777270238320e+00
-6.161999999999999318e+02,1.041789279900357856e+00
-6.156799999999999500e+02,1.041988444920505463e+00
-6.151599999999999682e+02,1.042177152748464675e+00
-6.146399999999999864e+02,1.042360745150264112e+00
-6.141200000000000045e+02,1.042531489023981184e+00
-6.136000000000000227e+02,1.042697577314322110e+00
-6.130800000000000409e+02,1.042849294881875277e+00
-6.125599999999999454e+02,1.042997808871753973e+00
-6.120399999999999636e+02,1.043130083363762450e+00
-6.115199999999999818e+02,1.043260479721227929e+00
-6.110000000000000000e+02,1.043372739410256989e+00
-6.104800000000000182e+02,1.043483769754307566e+00
-6.099600000000000364e+02,1.043576073108663183e+00
-6.094400000000000546e+02,1.043666371995745523e+00
-6.089200000000000728e+02,1.043739311449370710e+00
-6.084000000000000909e+02,1.043808588872169762e+00
-6.078799999999999955e+02,1.043861676469827859e+00
-6.073600000000000136e+02,1.043909521136161755e+00
-6.068399999999999181e+02,1.043942893600733335e+00
-6.063199999999999363e+02,1.043969389463653696e+00
-6.057999999999999545e+02,1.043982904260924549e+00
-6.052799999999999727e+02,1.043987776456910321e+00
-6.047599999999999909e+02,1.043980853771631079e+00
-6.042400000000000091e+02,1.043964087582452294e+00
-6.037200000000000273e+02,1.043938011856659465e+00
-6.032000000000000455e+02,1.043900220244958099e+00
-6.026800000000000637e+02,1.043854100462316303e+00
-6.021599999999999682e+02,1.043795341055970827e+00
-6.016399999999999864e+02,1.043730572225743281e+00
-6.011200000000000045e+02,1.043651546525162344e+00
-6.006000000000000227e+02,1.043567599720559125e+00
-6.000800000000000409e+02,1.043468340520955051e+00
-5.995600000000000591e+02,1.043365912216277946e+00
-5.990400000000000773e+02,1.043247874781302098e+00
-5.985199999999999818e+02,1.043128403825308359e+00
-5.980000000000000000e+02,1.042991796321091957e+00
-5.974800000000000182e+02,1.042854143094422481e+00
-5.969600000000000364e+02,1.042700518416173727e+00
-5.964399999999999409e+02,1.042545366944448881e+00
-5.959199999999999591e+02,1.042376314329310549e+00
-5.953999999999999773e+02,1.042204584845084270e+00
-5.948799999999999955e+02,1.042021025381969057e+00
-5.943600000000000136e+02,1.041833812856557628e+00
-5.938400000000000318e+02,1.041636651596185459e+00
-5.933200000000000500e+02,1.041435009725214078e+00
-5.927999999999999545e+02,1.041225225001235266e+00
-5.922799999999999727e+02,1.041010314650825164e+00
-5.917599999999999909e+02,1.040788951071748736e+00
-5.912400000000000091e+02,1.040561792604355551e+00
-5.907200000000000273e+02,1.040329320715425609e+00
-5.902000000000000455e+02,1.040091153542361369e+00
-5.896800000000000637e+02,1.039849763599023813e+00
-5.891599999999999682e+02,1.039602343768823101e+00
-5.886399999999999864e+02,1.039352562332514163e+00
-5.881200000000000045e+02,1.039096551176007965e+00
-5.876000000000000227e+02,1.038838945023932592e+00
-5.870799999999999272e+02,1.038575972995672503e+00
-5.865599999999999454e+02,1.038312636217147977e+00
-5.860399999999999636e+02,1.038044101260023222e+00
-5.855199999999999818e+02,1.037775615178912814e+00
-5.850000000000000000e+02,1.037502167457144742e+00
-5.844800000000000182e+02,1.037228882080431625e+00
-5.839600000000000364e+02,1.036952626956928247e+00
-5.834400000000000546e+02,1.036676638450200416e+00
-5.829200000000000728e+02,1.036398032104619560e+00
-5.823999999999999773e+02,1.036119489841545782e+00
-5.818799999999999955e+02,1.035839904258972544e+00
-5.813600000000000136e+02,1.035560481141001299e+00
-5.808400000000000318e+02,1.035281390875835594e+00
-5.803199999999999363e+02,1.035002491631862531e+00
-5.797999999999999545e+02,1.034723812229841222e+00
-5.792799999999999727e+02,1.034445600096395745e+00
-5.787599999999999909e+02,1.034168676746363369e+00
-5.782400000000000091e+02,1.033892605846911117e+00
-5.777200000000000273e+02,1.033618248248974414e+00
-5.772000000000000455e+02,1.033345371247965216e+00
-5.766799999999999500e+02,1.033074921983881067e+00
-5.761599999999999682e+02,1.032806021023839893e+00
-5.756399999999999864e+02,1.032538983189781767e+00
-5.751200000000000045e+02,1.032274498591873257e+00
-5.746000000000000227e+02,1.032012067856568072e+00
-5.740800000000000409e+02,1.031752992765942789e+00
-5.735600000000000591e+02,1.031495743801193576e+00
-5.730399999999999636e+02,1.031242663636902757e+00
-5.725199999999999818e+02,1.030991188318517660e+00
-5.720000000000000000e+02,1.030744753863104934e+00
-5.714800000000000182e+02,1.030499714796902389e+00
-5.709599999999999227e+02,1.030260159112263318e+00
-5.704399999999999409e+02,1.030022231947015365e+00
-5.699199999999999591e+02,1.029789836497652322e+00
-5.693999999999999773e+02,1.029559444869596163e+00
-5.688799999999999955e+02,1.029334529499374540e+00
-5.683600000000000136e+02,1.029112059907505428e+00
-5.678400000000000318e+02,1.028894978425495488e+00
-5.673199999999999363e+02,1.028680724149409809e+00
-5.667999999999999545e+02,1.028471781224827630e+00
-5.662799999999999727e+02,1.028266033589292805e+00
-5.657599999999999909e+02,1.028065426905269364e+00
-5.652400000000000091e+02,1.027868454865123793e+00
-5.647200000000000273e+02,1.027676405523294978e+00
-5.642000000000000455e+02,1.027488382560327151e+00
-5.636800000000000637e+02,1.027305050065616454e+00
-5.631600000000000819e+02,1.027126210391483996e+00
-5.626399999999999864e+02,1.026951650267585059e+00
-5.621200000000000045e+02,1.026782211612654150e+00
-5.615999999999999091e+02,1.026616488540972760e+00
-5.610799999999999272e+02,1.026456557894152466e+00
-5.605599999999999454e+02,1.026299694000805784e+00
-5.600399999999999636e+02,1.026149318211176720e+00
-5.595199999999999818e+02,1.026001456456311578e+00
-5.590000000000000000e+02,1.025860714954335284e+00
-5.584800000000000182e+02,1.025722179097393827e+00
-5.579600000000000364e+02,1.025590780782964506e+00
-5.574400000000000546e+02,1.025461744056745284e+00
-5.569199999999999591e+02,1.025339543168358736e+00
-5.563999999999999773e+02,1.025220026488264935e+00
-5.558799999999999955e+02,1.025107044787094024e+00
-5.553600000000000136e+02,1.024997026154192525e+00
-5.548400000000000318e+02,1.024893279628512399e+00
-5.543200000000000500e+02,1.024792721537696183e+00
-5.538000000000000682e+02,1.024698201192651981e+00
-5.532799999999999727e+02,1.024607159531564005e+00
-5.527599999999999909e+02,1.024522448458070167e+00
-5.522400000000000091e+02,1.024441015265174615e+00
-5.517200000000000273e+02,1.024364990933852138e+00
-5.511999999999999318e+02,1.024292535201071663e+00
-5.506799999999999500e+02,1.024225796495177310e+00
-5.501599999999999682e+02,1.024162797445222983e+00
-5.496399999999999864e+02,1.024105011305068258e+00
-5.491200000000000045e+02,1.024051553043895835e+00
-5.486000000000000227e+02,1.024002722954139744e+00
-5.480800000000000409e+02,1.023959122936804134e+00
-5.475599999999999454e+02,1.023919675338705648e+00
-5.470399999999999636e+02,1.023885327752772856e+00
-5.465199999999999818e+02,1.023854276841887234e+00
-5.460000000000000000e+02,1.023829210328337735e+00
-5.454800000000000182e+02,1.023807248103639100e+00
-5.449600000000000364e+02,1.023791816876802985e+00
-5.444400000000000546e+02,1.023779580941947209e+00
-5.439200000000000728e+02,1.023772803412345667e+00
-5.434000000000000909e+02,1.023769138858760641e+00
-5.428799999999999955e+02,1.023771982347411402e+00
-5.423600000000000136e+02,1.023777886101478352e+00
-5.418399999999999181e+02,1.023789340320802488e+00
-5.413199999999999363e+02,1.023803903446612651e+00
-5.407999999999999545e+02,1.023825095247284045e+00
-5.402799999999999727e+02,1.023849040836742885e+00
-5.397599999999999909e+02,1.023878892303008659e+00
-5.392400000000000091e+02,1.023911647372685918e+00
-5.387200000000000273e+02,1.023951249617460757e+00
-5.382000000000000455e+02,1.023993384286575159e+00
-5.376800000000000637e+02,1.024042277654189537e+00
-5.371599999999999682e+02,1.024093536416895045e+00
-5.366399999999999864e+02,1.024150928547923556e+00
-5.361200000000000045e+02,1.024211693692219871e+00
-5.356000000000000227e+02,1.024278535100967114e+00
-5.350800000000000409e+02,1.024349025191108042e+00
-5.345600000000000591e+02,1.024424786939859944e+00
-5.340400000000000773e+02,1.024504841362089413e+00
-5.335199999999999818e+02,1.024589567462582895e+00
-5.330000000000000000e+02,1.024679171144171397e+00
-5.324800000000000182e+02,1.024773068412958343e+00
-5.319600000000000364e+02,1.024872116337630423e+00
-5.314399999999999409e+02,1.024975160944133989e+00
-5.309199999999999591e+02,1.025083633683866235e+00
-5.303999999999999773e+02,1.025195837144378785e+00
-5.298799999999999955e+02,1.025313791156306831e+00
-5.293600000000000136e+02,1.025435131622734586e+00
-5.288400000000000318e+02,1.025563072887700988e+00
-5.283200000000000500e+02,1.025693976402471064e+00
-5.277999999999999545e+02,1.025830874619436228e+00
-5.272799999999999727e+02,1.025970380335530452e+00
-5.267599999999999909e+02,1.026116760907346936e+00
-5.262400000000000091e+02,1.026265482957002595e+00
-5.257200000000000273e+02,1.026421807746527914e+00
-5.252000000000000455e+02,1.026579629981719810e+00
-5.246800000000000637e+02,1.026744776748408805e+00
-5.241599999999999682e+02,1.026911888163003272e+00
-5.236399999999999864e+02,1.027086412878881028e+00
-5.231200000000000045e+02,1.027263165296254943e+00
-5.226000000000000227e+02,1.027446306626184969e+00
-5.220799999999999272e+02,1.027631882345656278e+00
-5.215599999999999454e+02,1.027823008696921558e+00
-5.210399999999999636e+02,1.028017821149130873e+00
-5.205199999999999818e+02,1.028217774792295591e+00
-5.200000000000000000e+02,1.028421605504501457e+00
-5.194800000000000182e+02,1.028629808648392485e+00
-5.189600000000000364e+02,1.028842100078934507e+00
-5.184400000000000546e+02,1.029058284200030871e+00
-5.179200000000000728e+02,1.029278856265628095e+00
-5.173999999999999773e+02,1.029502734571820399e+00
-5.168799999999999955e+02,1.029731210244302586e+00
-5.163600000000000136e+02,1.029962481770149818e+00
-5.158400000000000318e+02,1.030198499240883026e+00
-5.153199999999999363e+02,1.030436915297430200e+00
-5.147999999999999545e+02,1.030680598031737505e+00
-5.142799999999999727e+02,1.030925963751228913e+00
-5.137599999999999909e+02,1.031175747441511081e+00
-5.132400000000000091e+02,1.031427134775587673e+00
-5.127200000000000273e+02,1.031683523820174031e+00
-5.122000000000000455e+02,1.031940698929050937e+00
-5.116800000000000068e+02,1.032202051998635461e+00
-5.111599999999999682e+02,1.032464139419934535e+00
-5.106399999999999864e+02,1.032729542434880798e+00
-5.101200000000000045e+02,1.032998460466651558e+00
-5.096000000000000227e+02,1.033271942732633120e+00
-5.090800000000000409e+02,1.033543353141785026e+00
-5.085600000000000023e+02,1.033814772018190054e+00
-5.080400000000000205e+02,1.034087528057908267e+00
-5.075200000000000387e+02,1.034361391035278688e+00
-5.070000000000000000e+02,1.034640648727562340e+00
-5.064800000000000182e+02,1.034921465571581489e+00
-5.059599999999999795e+02,1.035198529228282149e+00
-5.054399999999999409e+02,1.035474973764160422e+00
-5.049199999999999591e+02,1.035756680972440558e+00
-5.043999999999999773e+02,1.036038212050654606e+00
-5.038799999999999955e+02,1.036314209409525899e+00
-5.033600000000000136e+02,1.036589663524069449e+00
-5.028399999999999750e+02,1.036863818304298412e+00
-5.023199999999999932e+02,1.037138322187580064e+00
-5.018000000000000114e+02,1.037414702147706702e+00
-5.012799999999999727e+02,1.037689198968931636e+00
-5.007599999999999909e+02,1.037956132957929878e+00
-5.002400000000000091e+02,1.038224555232160728e+00
-4.997200000000000273e+02,1.038491245502567217e+00
-4.992000000000000455e+02,1.038755967111039125e+00
-4.986800000000000068e+02,1.039010791613717011e+00
-4.981600000000000250e+02,1.039268305325372399e+00
-4.976400000000000432e+02,1.039520997174281147e+00
-4.971200000000000045e+02,1.039770175965049503e+00
-4.965999999999999659e+02,1.040009280761140298e+00
-4.960799999999999841e+02,1.040250342754816204e+00
-4.955599999999999454e+02,1.040485174556646797e+00
-4.950399999999999636e+02,1.040713828369971727e+00
-4.945199999999999818e+02,1.040932908410965974e+00
-4.940000000000000000e+02,1.041152470233710048e+00
-4.934800000000000182e+02,1.041365292980348745e+00
-4.929599999999999795e+02,1.041568346155459013e+00
-4.924399999999999977e+02,1.041763426886103572e+00
-4.919200000000000159e+02,1.041956646044057466e+00
-4.913999999999999773e+02,1.042143286602531527e+00
-4.908799999999999955e+02,1.042316230044433079e+00
-4.903600000000000136e+02,1.042483963421489523e+00
-4.898400000000000318e+02,1.042645756963972659e+00
-4.893200000000000500e+02,1.042801835306208291e+00
-4.888000000000000114e+02,1.042941221705979249e+00
-4.882800000000000296e+02,1.043078467215534433e+00
-4.877600000000000477e+02,1.043204826686085385e+00
-4.872399999999999523e+02,1.043327147152584455e+00
-4.867199999999999704e+02,1.043429299475498118e+00
-4.861999999999999886e+02,1.043532805257189056e+00
-4.856799999999999500e+02,1.043620607760235908e+00
-4.851599999999999682e+02,1.043705030963072655e+00
-4.846399999999999864e+02,1.043768715060161334e+00
-4.841200000000000045e+02,1.043833107945849825e+00
-4.836000000000000227e+02,1.043882840236723952e+00
-4.830799999999999841e+02,1.043928739199668554e+00
-4.825600000000000023e+02,1.043959065989168211e+00
-4.820400000000000205e+02,1.043980144183101144e+00
-4.815199999999999818e+02,1.043985368004263448e+00
-4.810000000000000000e+02,1.043987812384290503e+00
-4.804800000000000182e+02,1.043978606153536104e+00
-4.799600000000000364e+02,1.043955986284081039e+00
-4.794400000000000546e+02,1.043921534361179626e+00
-4.789200000000000159e+02,1.043881642470111615e+00
-4.784000000000000341e+02,1.043832611390772991e+00
-4.778799999999999955e+02,1.043771545709712312e+00
-4.773599999999999568e+02,1.043702281513257057e+00
-4.768399999999999750e+02,1.043614744644763670e+00
-4.763199999999999932e+02,1.043522364008331982e+00
-4.757999999999999545e+02,1.043419150710281240e+00
-4.752799999999999727e+02,1.043311897969695146e+00
-4.747599999999999909e+02,1.043188418973377773e+00
-4.742400000000000091e+02,1.043060742793630258e+00
-4.737200000000000273e+02,1.042912158339229345e+00
-4.731999999999999886e+02,1.042765009318933789e+00
-4.726800000000000068e+02,1.042602610670717800e+00
-4.721600000000000250e+02,1.042436912769499902e+00
-4.716399999999999864e+02,1.042252266657078152e+00
-4.711200000000000045e+02,1.042068648096934114e+00
-4.706000000000000227e+02,1.041873016588573675e+00
-4.700800000000000409e+02,1.041674262090310554e+00
-4.695600000000000591e+02,1.041463329297225737e+00
-4.690400000000000205e+02,1.041244439429251267e+00
-4.685199999999999818e+02,1.041013826549777255e+00
-4.680000000000000000e+02,1.040782434774385035e+00
-4.674799999999999613e+02,1.040543555285604160e+00
-4.669599999999999795e+02,1.040298930665439547e+00
-4.664399999999999977e+02,1.040047556731363620e+00
-4.659199999999999591e+02,1.039784867744909302e+00
-4.653999999999999773e+02,1.039516999922214469e+00
-4.648799999999999955e+02,1.039247469289217074e+00
-4.643600000000000136e+02,1.038974177071708693e+00
-4.638400000000000318e+02,1.038694043168158831e+00
-4.633199999999999932e+02,1.038411451750878900e+00
-4.628000000000000114e+02,1.038121971320156378e+00
-4.622800000000000296e+02,1.037829711372097785e+00
-4.617599999999999909e+02,1.037526959350345779e+00
-4.612400000000000091e+02,1.037225594180144927e+00
-4.607200000000000273e+02,1.036921311156116632e+00
-4.602000000000000455e+02,1.036617282773103943e+00
-4.596800000000000637e+02,1.036307506239765752e+00
-4.591599999999999682e+02,1.035995526104813491e+00
-4.586399999999999864e+02,1.035676694798670194e+00
-4.581200000000000045e+02,1.035361038619134311e+00
-4.575999999999999659e+02,1.035044638532481631e+00
-4.570799999999999841e+02,1.034728285446563811e+00
-4.565600000000000023e+02,1.034410107658549904e+00
-4.560399999999999636e+02,1.034088214999628219e+00
-4.555199999999999818e+02,1.033764021847533243e+00
-4.550000000000000000e+02,1.033444340588195010e+00
-4.544800000000000182e+02,1.033125556948653490e+00
-4.539600000000000364e+02,1.032807271512907743e+00
-4.534399999999999977e+02,1.032489555941591197e+00
-4.529200000000000159e+02,1.032172706193291045e+00
-4.524000000000000341e+02,1.031856641217154369e+00
-4.518799999999999955e+02,1.031536910115684158e+00
-4.513600000000000136e+02,1.031219111225829321e+00
-4.508400000000000318e+02,1.030907790336732521e+00
-4.503199999999999363e+02,1.030597921796542416e+00
-4.497999999999999545e+02,1.030290632648984461e+00
-4.492799999999999727e+02,1.029983279886540259e+00
-4.487599999999999909e+02,1.029675487930012734e+00
-4.482400000000000091e+02,1.029370750044760419e+00
-4.477199999999999704e+02,1.029073483210887652e+00
-4.471999999999999886e+02,1.028777217350210327e+00
-4.466800000000000068e+02,1.028485811306162123e+00
-4.461599999999999682e+02,1.028195422182286656e+00
-4.456399999999999864e+02,1.027909949513149401e+00
-4.451200000000000045e+02,1.027622885240701223e+00
-4.446000000000000227e+02,1.027338436954571721e+00
-4.440800000000000409e+02,1.027059400184994198e+00
-4.435600000000000023e+02,1.026786705987634996e+00
-4.430400000000000205e+02,1.026516468138374716e+00
-4.425200000000000387e+02,1.026250513733830694e+00
-4.420000000000000000e+02,1.025987542541332509e+00
-4.414800000000000182e+02,1.025728497510452586e+00
-4.409599999999999795e+02,1.025468300942447009e+00
-4.404399999999999409e+02,1.025211027615392512e+00
-4.399199999999999591e+02,1.024962841947157699e+00
-4.393999999999999773e+02,1.024717833299329417e+00
-4.388799999999999955e+02,1.024477412162755119e+00
-4.383600000000000136e+02,1.024239446552514421e+00
-4.378399999999999750e+02,1.024006626373935136e+00
-4.373199999999999932e+02,1.023774586355779892e+00
-4.368000000000000114e+02,1.023544083540447458e+00
-4.362799999999999727e+02,1.023316287434636207e+00
-4.357599999999999909e+02,1.023098471410433641e+00
-4.352400000000000091e+02,1.022881212232748194e+00
-4.347200000000000273e+02,1.022670740185888993e+00
-4.342000000000000455e+02,1.022457937649295934e+00
-4.336800000000000068e+02,1.022249304977735918e+00
-4.331600000000000250e+02,1.022043280013753552e+00
-4.326400000000000432e+02,1.021846233445798946e+00
-4.321200000000000045e+02,1.021649625705646658e+00
-4.315999999999999659e+02,1.021458766135453500e+00
-4.310799999999999841e+02,1.021268806388915040e+00
-4.305599999999999454e+02,1.021083857711700293e+00
-4.300399999999999636e+02,1.020896434078127912e+00
-4.295199999999999818e+02,1.020711952125681332e+00
-4.290000000000000000e+02,1.020533621888497278e+00
-4.284800000000000182e+02,1.020359806368778655e+00
-4.279599999999999795e+02,1.020188270404236208e+00
-4.274399999999999977e+02,1.020019649803204365e+00
-4.269200000000000159e+02,1.019848645039487911e+00
-4.263999999999999773e+02,1.019679969871137848e+00
-4.258799999999999955e+02,1.019519397736948774e+00
-4.253600000000000136e+02,1.019360320502980199e+00
-4.248400000000000318e+02,1.019204775303883315e+00
-4.243200000000000500e+02,1.019050110564277523e+00
-4.238000000000000114e+02,1.018899347311681858e+00
-4.232800000000000296e+02,1.018747323532608329e+00
-4.227600000000000477e+02,1.018595836915744401e+00
-4.222399999999999523e+02,1.018445779451296218e+00
-4.217199999999999704e+02,1.018303723236800851e+00
-4.211999999999999886e+02,1.018160742655228823e+00
-4.206799999999999500e+02,1.018022552455541963e+00
-4.201599999999999682e+02,1.017880669035529762e+00
-4.196399999999999864e+02,1.017740553249398161e+00
-4.191200000000000045e+02,1.017602757331971697e+00
-4.186000000000000227e+02,1.017470941621763991e+00
-4.180799999999999841e+02,1.017338541250101480e+00
-4.175600000000000023e+02,1.017209559757942250e+00
-4.170400000000000205e+02,1.017080224280365375e+00
-4.165199999999999818e+02,1.016953998506302081e+00
-4.160000000000000000e+02,1.016823178782990000e+00
-4.154800000000000182e+02,1.016694086349907877e+00
-4.149600000000000364e+02,1.016569760255046972e+00
-4.144400000000000546e+02,1.016448105453367390e+00
-4.139200000000000159e+02,1.016326878922404253e+00
-4.134000000000000341e+02,1.016206892213725954e+00
-4.128799999999999955e+02,1.016082842433343902e+00
-4.123599999999999568e+02,1.015960554711133890e+00
-4.118399999999999750e+02,1.015843937556017540e+00
-4.113199999999999932e+02,1.015727914323913739e+00
-4.107999999999999545e+02,1.015613410224675439e+00
-4.102799999999999727e+02,1.015497501911575728e+00
-4.097599999999999909e+02,1.015379723506580678e+00
-4.092400000000000091e+02,1.015263532631751842e+00
-4.087200000000000273e+02,1.015152755436114163e+00
-4.081999999999999886e+02,1.015041395373690758e+00
-4.076800000000000068e+02,1.014932277829220464e+00
-4.071600000000000250e+02,1.014819750768515494e+00
-4.066399999999999864e+02,1.014706731505883086e+00
-4.061200000000000045e+02,1.014596313078872436e+00
-4.056000000000000227e+02,1.014489804428198916e+00
-4.050800000000000409e+02,1.014382897417360985e+00
-4.045600000000000591e+02,1.014277577875736469e+00
-4.040400000000000205e+02,1.014168072649587193e+00
-4.035199999999999818e+02,1.014058644124454567e+00
-4.030000000000000000e+02,1.013953358126127302e+00
-4.024799999999999613e+02,1.013850247700130325e+00
-4.019599999999999795e+02,1.013742317685083716e+00
-4.014399999999999977e+02,1.013634945458823600e+00
-4.009199999999999591e+02,1.013532747354999541e+00
-4.003999999999999773e+02,1.013431484277937944e+00
-3.998799999999999955e+02,1.013330409475999172e+00
-3.993600000000000136e+02,1.013229313267490106e+00
-3.988400000000000318e+02,1.013123969481712905e+00
-3.983199999999999932e+02,1.013020151138602554e+00
-3.978000000000000114e+02,1.012920967531296457e+00
-3.972800000000000296e+02,1.012821845234279650e+00
-3.967599999999999909e+02,1.012723510411033478e+00
-3.962400000000000091e+02,1.012622973128903370e+00
-3.957200000000000273e+02,1.012520156827725337e+00
-3.952000000000000455e+02,1.012419100246171100e+00
-3.946800000000000637e+02,1.012322105096475022e+00
-3.941599999999999682e+02,1.012221653581151903e+00
-3.936399999999999864e+02,1.012119771378041655e+00
-3.931200000000000045e+02,1.012020268922662058e+00
-3.925999999999999659e+02,1.011923869662746167e+00
-3.920799999999999841e+02,1.011826603990973572e+00
-3.915600000000000023e+02,1.011730267367219938e+00
-3.910399999999999636e+02,1.011629007700019622e+00
-3.905199999999999818e+02,1.011527360941559817e+00
-3.900000000000000000e+02,1.011428927871190542e+00
-3.894800000000000182e+02,1.011332161190720003e+00
-3.889600000000000364e+02,1.011229588205419638e+00
-3.884399999999999977e+02,1.011126992963832238e+00
-3.879200000000000159e+02,1.011028643416209238e+00
-3.874000000000000341e+02,1.010930121526960379e+00
-3.868799999999999955e+02,1.010825961523986960e+00
-3.863600000000000136e+02,1.010722306318542874e+00
-3.858400000000000318e+02,1.010622533644315535e+00
-3.853199999999999363e+02,1.010522113586567405e+00
-3.847999999999999545e+02,1.010421353227543673e+00
-3.842799999999999727e+02,1.010317953756808551e+00
-3.837599999999999909e+02,1.010210781477412834e+00
-3.832400000000000091e+02,1.010104037369544905e+00
-3.827199999999999704e+02,1.010000776808902101e+00
-3.821999999999999886e+02,1.009893254757812109e+00
-3.816800000000000068e+02,1.009783316981335721e+00
-3.811599999999999682e+02,1.009673911687430037e+00
-3.806399999999999864e+02,1.009567617785377180e+00
-3.801200000000000045e+02,1.009455756743245169e+00
-3.796000000000000227e+02,1.009342620923360023e+00
-3.790800000000000409e+02,1.009230540372660911e+00
-3.785600000000000023e+02,1.009121021596263157e+00
-3.780400000000000205e+02,1.009005024587293242e+00
-3.775200000000000387e+02,1.008888784683338757e+00
-3.770000000000000000e+02,1.008774552514708267e+00
-3.764800000000000182e+02,1.008662094866146886e+00
-3.759599999999999795e+02,1.008547859599982388e+00
-3.754399999999999409e+02,1.008434256255216210e+00
-3.749199999999999591e+02,1.008314397984441557e+00
-3.743999999999999773e+02,1.008195256179477584e+00
-3.738799999999999955e+02,1.008080548054364867e+00
-3.733600000000000136e+02,1.007965426765195405e+00
-3.728399999999999750e+02,1.007846026359999980e+00
-3.723199999999999932e+02,1.007728200567231003e+00
-3.718000000000000114e+02,1.007615185349920228e+00
-3.712799999999999727e+02,1.007501224184669697e+00
-3.707599999999999909e+02,1.007384860490682987e+00
-3.702400000000000091e+02,1.007271413555830275e+00
-3.697200000000000273e+02,1.007162946532851766e+00
-3.692000000000000455e+02,1.007053554054816891e+00
-3.686800000000000068e+02,1.006943271254135519e+00
-3.681600000000000250e+02,1.006837987502805953e+00
-3.676400000000000432e+02,1.006737168357991763e+00
-3.671200000000000045e+02,1.006636272766902707e+00
-3.665999999999999659e+02,1.006535307694604198e+00
-3.660799999999999841e+02,1.006442028405503786e+00
-3.655599999999999454e+02,1.006352214807830103e+00
-3.650399999999999636e+02,1.006263602820785197e+00
-3.645199999999999818e+02,1.006175356632156737e+00
-3.640000000000000000e+02,1.006097666421339021e+00
-3.634800000000000182e+02,1.006022554842469496e+00
-3.629599999999999795e+02,1.005949007782622528e+00
-3.624399999999999977e+02,1.005877303206746509e+00
-3.619200000000000159e+02,1.005817179467031641e+00
-3.613999999999999773e+02,1.005759524800650562e+00
-3.608799999999999955e+02,1.005703274198771480e+00
-3.603600000000000136e+02,1.005651192536818117e+00
-3.598400000000000318e+02,1.005609503946618410e+00
-3.593200000000000500e+02,1.005570595296895853e+00
-3.588000000000000114e+02,1.005533112391793882e+00
-3.582800000000000296e+02,1.005501723393759761e+00
-3.577600000000000477e+02,1.005478882984095046e+00
-3.572399999999999523e+02,1.005459015388923349e+00
-3.567199999999999704e+02,1.005440187087748960e+00
-3.561999999999999886e+02,1.005429059735523767e+00
-3.556799999999999500e+02,1.005424323327726910e+00
-3.551599999999999682e+02,1.005422348407036592e+00
-3.546399999999999864e+02,1.005420737447578317e+00
-3.541200000000000045e+02,1.005427963207639941e+00
-3.536000000000000227e+02,1.005439296354847523e+00
-3.530799999999999841e+02,1.005452548572832727e+00
-3.525600000000000023e+02,1.005465635541578751e+00
-3.520400000000000205e+02,1.005487948656645036e+00
-3.515199999999999818e+02,1.005512521657204728e+00
-3.510000000000000000e+02,1.005537156521676634e+00
-3.504800000000000182e+02,1.005561937307721143e+00
-3.499600000000000364e+02,1.005594834027549345e+00
-3.494400000000000546e+02,1.005629148420006835e+00
-3.489200000000000159e+02,1.005660541308907918e+00
-3.484000000000000341e+02,1.005693239931715777e+00
-3.478799999999999955e+02,1.005732089493818870e+00
-3.473599999999999568e+02,1.005770865453278651e+00
-3.468399999999999750e+02,1.005805813155182360e+00
-3.463199999999999932e+02,1.005842344941974886e+00
-3.457999999999999545e+02,1.005882948502525354e+00
-3.452799999999999727e+02,1.005921802325984160e+00
-3.447599999999999909e+02,1.005956727220060909e+00
-3.442400000000000091e+02,1.005992958622308420e+00
-3.437200000000000273e+02,1.006031899382116457e+00
-3.431999999999999886e+02,1.006067111936689740e+00
-3.426800000000000068e+02,1.006098932604277296e+00
-3.421600000000000250e+02,1.006131607193806676e+00
-3.416399999999999864e+02,1.006166148708266705e+00
-3.411200000000000045e+02,1.006194902735061625e+00
-3.406000000000000227e+02,1.006221250557449709e+00
-3.400800000000000409e+02,1.006248046480738845e+00
-3.395600000000000591e+02,1.006276253500744566e+00
-3.390400000000000205e+02,1.006296707742514007e+00
-3.385199999999999818e+02,1.006315945503679421e+00
-3.380000000000000000e+02,1.006335598542549725e+00
-3.374799999999999613e+02,1.006355916636493708e+00
-3.369599999999999795e+02,1.006367644712579112e+00
-3.364399999999999977e+02,1.006378467113924202e+00
-3.359199999999999591e+02,1.006385892252624537e+00
-3.353999999999999773e+02,1.006392871866505168e+00
-3.348799999999999955e+02,1.006401654953559932e+00
-3.343600000000000136e+02,1.006408457237796705e+00
-3.338400000000000318e+02,1.006408262189715686e+00
-3.333199999999999932e+02,1.006407870248619219e+00
-3.328000000000000114e+02,1.006409306868333964e+00
-3.322800000000000296e+02,1.006407491140046240e+00
-3.317599999999999909e+02,1.006400348966089986e+00
-3.312400000000000091e+02,1.006393394832850063e+00
-3.307200000000000273e+02,1.006388347136667916e+00
-3.302000000000000455e+02,1.006378930956982387e+00
-3.296800000000000637e+02,1.006365768694768459e+00
-3.291599999999999682e+02,1.006353476448626605e+00
-3.286399999999999864e+02,1.006342919349459519e+00
-3.281200000000000045e+02,1.006327203671776527e+00
-3.275999999999999659e+02,1.006309115596582648e+00
-3.270799999999999841e+02,1.006292809762665330e+00
-3.265600000000000023e+02,1.006277957123770772e+00
-3.260399999999999636e+02,1.006261298143607652e+00
-3.255199999999999818e+02,1.006244656122943226e+00
-3.250000000000000000e+02,1.006222009006271456e+00
-3.244800000000000182e+02,1.006198583386618717e+00
-3.239600000000000364e+02,1.006178852215234398e+00
-3.234399999999999977e+02,1.006159376959298690e+00
-3.229200000000000159e+02,1.006133887847935560e+00
-3.224000000000000341e+02,1.006108719597755385e+00
-3.218799999999999955e+02,1.006087765698761460e+00
-3.213600000000000136e+02,1.006065827034249960e+00
-3.208400000000000318e+02,1.006039215749738203e+00
-3.203199999999999363e+02,1.006013692192345044e+00
-3.198000000000000114e+02,1.005992053945309550e+00
-3.192800000000000296e+02,1.005968637710669578e+00
-3.187599999999999909e+02,1.005941669936871730e+00
-3.182400000000000091e+02,1.005916730226441569e+00
-3.177199999999999704e+02,1.005895060464591539e+00
-3.171999999999999886e+02,1.005870982206831910e+00
-3.166800000000000068e+02,1.005844265659150860e+00
-3.161599999999999682e+02,1.005820547944303422e+00
-3.156399999999999864e+02,1.005799381481516042e+00
-3.151200000000000045e+02,1.005775186882192251e+00
-3.146000000000000227e+02,1.005749212803167314e+00
-3.140800000000000409e+02,1.005727221966401075e+00
-3.135600000000000023e+02,1.005706958408822072e+00
-3.130399999999999636e+02,1.005683047804787345e+00
-3.125199999999999818e+02,1.005658111344979844e+00
-3.120000000000000000e+02,1.005638162477477504e+00
-3.114800000000000182e+02,1.005619080687568667e+00
-3.109599999999999795e+02,1.005595671470482122e+00
-3.104399999999999977e+02,1.005572113619947805e+00
-3.099200000000000159e+02,1.005554250211235123e+00
-3.094000000000000341e+02,1.005536587397393378e+00
-3.088799999999999955e+02,1.005519393078645907e+00
-3.083600000000000136e+02,1.005501598833716370e+00
-3.078399999999999750e+02,1.005479897108041198e+00
-3.073199999999999932e+02,1.005459715260828890e+00
-3.068000000000000114e+02,1.005443964605343909e+00
-3.062799999999999727e+02,1.005426809815217482e+00
-3.057599999999999909e+02,1.005406518393775039e+00
-3.052400000000000091e+02,1.005388602711233315e+00
-3.047200000000000273e+02,1.005374206819303229e+00
-3.042000000000000455e+02,1.005357710280970540e+00
-3.036800000000000068e+02,1.005338750269968218e+00
-3.031599999999999682e+02,1.005323068491941640e+00
-3.026399999999999864e+02,1.005310002996967267e+00
-3.021200000000000045e+02,1.005294060382099897e+00
-3.016000000000000227e+02,1.005276370691253973e+00
-3.010799999999999841e+02,1.005262848126303732e+00
-3.005600000000000023e+02,1.005250982049310293e+00
-3.000400000000000205e+02,1.005239606451798773e+00
-2.995200000000000387e+02,1.005228360573466206e+00
-2.990000000000000000e+02,1.005213086353427876e+00
-2.984800000000000182e+02,1.005197181353137514e+00
-2.979599999999999795e+02,1.005186605670523647e+00
-2.974399999999999977e+02,1.005176409076958155e+00
-2.969200000000000159e+02,1.005161455975557949e+00
-2.963999999999999773e+02,1.005147118278717278e+00
-2.958799999999999955e+02,1.005137904403458293e+00
-2.953600000000000136e+02,1.005128839739616975e+00
-2.948400000000000318e+02,1.005120062356973820e+00
-2.943199999999999932e+02,1.005110185204307172e+00
-2.938000000000000114e+02,1.005096641404118696e+00
-2.932799999999999727e+02,1.005084954900445249e+00
-2.927599999999999909e+02,1.005077064420993649e+00
-2.922400000000000091e+02,1.005067248047554207e+00
-2.917200000000000273e+02,1.005054542123625216e+00
-2.911999999999999886e+02,1.005044514658331334e+00
-2.906800000000000068e+02,1.005037382934390822e+00
-2.901599999999999682e+02,1.005030454885513347e+00
-2.896399999999999864e+02,1.005023702267170194e+00
-2.891200000000000045e+02,1.005013840569805694e+00
-2.886000000000000227e+02,1.005002186153133970e+00
-2.880799999999999841e+02,1.004994479569600196e+00
-2.875600000000000023e+02,1.004988368935948673e+00
-2.870400000000000205e+02,1.004978358904393687e+00
-2.865199999999999818e+02,1.004967334809148127e+00
-2.860000000000000000e+02,1.004961052106584152e+00
-2.854799999999999613e+02,1.004955560497434508e+00
-2.849599999999999795e+02,1.004950267864897828e+00
-2.844399999999999977e+02,1.004944937696292451e+00
-2.839200000000000159e+02,1.004934669273774617e+00
-2.833999999999999773e+02,1.004924966820770038e+00
-2.828799999999999955e+02,1.004920187084128003e+00
-2.823600000000000136e+02,1.004915489552866692e+00
-2.818400000000000318e+02,1.004910917722046992e+00
-2.813199999999999932e+02,1.004905143441309656e+00
-2.807999999999999545e+02,1.004895583871495912e+00
-2.802799999999999727e+02,1.004887832654586255e+00
-2.797599999999999909e+02,1.004883730180710089e+00
-2.792400000000000091e+02,1.004877568475578853e+00
-2.787200000000000273e+02,1.004868451316493161e+00
-2.781999999999999886e+02,1.004861891738435986e+00
-2.776800000000000068e+02,1.004858180571675863e+00
-2.771600000000000250e+02,1.004854547750876126e+00
-2.766399999999999864e+02,1.004850999954748580e+00
-2.761200000000000045e+02,1.004844215377130645e+00
-2.755999999999999659e+02,1.004835616242805152e+00
-2.750799999999999841e+02,1.004830852075589975e+00
-2.745600000000000023e+02,1.004827648132070816e+00
-2.740400000000000205e+02,1.004824537607864388e+00
-2.735199999999999818e+02,1.004821484861416980e+00
-2.730000000000000000e+02,1.004813991249311478e+00
-2.724800000000000182e+02,1.004805885810035937e+00
-2.719600000000000364e+02,1.004802786687226446e+00
-2.714399999999999977e+02,1.004800022811301208e+00
-2.709199999999999591e+02,1.004797367972017685e+00
-2.703999999999999773e+02,1.004794219614413731e+00
-2.698799999999999955e+02,1.004786461191911728e+00
-2.693600000000000136e+02,1.004779672717233119e+00
-2.688400000000000318e+02,1.004777260715656650e+00
-2.683199999999999932e+02,1.004774918321803101e+00
-2.678000000000000114e+02,1.004772651802582351e+00
-2.672800000000000296e+02,1.004768671467802577e+00
-2.667599999999999909e+02,1.004761277586452950e+00
-2.662400000000000091e+02,1.004756085133003296e+00
-2.657199999999999704e+02,1.004754004659845767e+00
-2.651999999999999886e+02,1.004752004835699708e+00
-2.646800000000000068e+02,1.004750084749175043e+00
-2.641600000000000250e+02,1.004745222106615987e+00
-2.636399999999999864e+02,1.004738163747376456e+00
-2.631200000000000045e+02,1.004734487069775195e+00
-2.626000000000000227e+02,1.004732735153054834e+00
-2.620799999999999841e+02,1.004727283792854697e+00
-2.615600000000000023e+02,1.004720409213325283e+00
-2.610399999999999636e+02,1.004717743925818585e+00
-2.605199999999999818e+02,1.004716193357531928e+00
-2.600000000000000000e+02,1.004714690509861841e+00
-2.594800000000000182e+02,1.004713228082779075e+00
-2.589600000000000364e+02,1.004706847095137467e+00
-2.584399999999999977e+02,1.004700371259331648e+00
-2.579200000000000159e+02,1.004699046532710804e+00
-2.573999999999999773e+02,1.004697756543583953e+00
-2.568799999999999955e+02,1.004696498639255919e+00
-2.563600000000000136e+02,1.004694334398260169e+00
-2.558400000000000034e+02,1.004687927267386760e+00
-2.553199999999999932e+02,1.004682923605374034e+00
-2.548000000000000114e+02,1.004681831536358150e+00
-2.542800000000000011e+02,1.004680761444299630e+00
-2.537600000000000193e+02,1.004679734999774032e+00
-2.532400000000000091e+02,1.004676587670190413e+00
-2.527199999999999704e+02,1.004670427858386228e+00
-2.521999999999999886e+02,1.004666823522035068e+00
-2.516800000000000068e+02,1.004665955185499282e+00
-2.511599999999999966e+02,1.004665107698702098e+00
-2.506399999999999864e+02,1.004664293529488051e+00
-2.501200000000000045e+02,1.004660137832296352e+00
-2.496000000000000227e+02,1.004654161957635239e+00
-2.490800000000000125e+02,1.004651991322901505e+00
-2.485600000000000023e+02,1.004651327547975148e+00
-2.480399999999999920e+02,1.004650642971600227e+00
-2.475199999999999818e+02,1.004650026777540006e+00
-2.470000000000000000e+02,1.004644851085305879e+00
-2.464799999999999898e+02,1.004639075893933420e+00
-2.459600000000000080e+02,1.004638289205362245e+00
-2.454399999999999977e+02,1.004637626280437956e+00
-2.449200000000000159e+02,1.004631925372291068e+00
-2.444000000000000057e+02,1.004626822046157386e+00
-2.438800000000000239e+02,1.004626383043346394e+00
-2.433599999999999852e+02,1.004625986212304589e+00
-2.428399999999999750e+02,1.004625637626431311e+00
-2.423199999999999932e+02,1.004623915915713317e+00
-2.418000000000000114e+02,1.004618357530429495e+00
-2.412800000000000011e+02,1.004614636726075982e+00
-2.407599999999999909e+02,1.004614363154292311e+00
-2.402400000000000091e+02,1.004614147813253533e+00
-2.397200000000000273e+02,1.004613940376613002e+00
-2.392000000000000171e+02,1.004611172492546833e+00
-2.386799999999999784e+02,1.004605773156664439e+00
-2.381599999999999966e+02,1.004603392028101227e+00
-2.376399999999999864e+02,1.004603287773298881e+00
-2.371200000000000045e+02,1.004599804810592190e+00
-2.365999999999999943e+02,1.004594513184479787e+00
-2.360800000000000125e+02,1.004593040629949474e+00
-2.355600000000000023e+02,1.004593021070128600e+00
-2.350400000000000205e+02,1.004593025842085652e+00
-2.345200000000000102e+02,1.004593046958357938e+00
-2.340000000000000000e+02,1.004588487595195589e+00
-2.334799999999999898e+02,1.004583313129101318e+00
-2.329599999999999795e+02,1.004583207011297885e+00
-2.324399999999999977e+02,1.004583136191269377e+00
-2.319200000000000159e+02,1.004578046004608316e+00
-2.314000000000000057e+02,1.004573563393186930e+00
-2.308799999999999955e+02,1.004573726353387819e+00
-2.303600000000000136e+02,1.004573923287592985e+00
-2.298400000000000318e+02,1.004574143544278764e+00
-2.293199999999999932e+02,1.004572964618752229e+00
-2.287999999999999829e+02,1.004568010927543220e+00
-2.282800000000000011e+02,1.004564862788805302e+00
-2.277599999999999909e+02,1.004565157433092493e+00
-2.272400000000000091e+02,1.004563246901224671e+00
-2.267199999999999989e+02,1.004558365692529875e+00
-2.262000000000000171e+02,1.004556091314170230e+00
-2.256800000000000068e+02,1.004556475488135758e+00
-2.251599999999999682e+02,1.004553857421525143e+00
-2.246399999999999864e+02,1.004549043398874630e+00
-2.241200000000000045e+02,1.004547642927362983e+00
-2.235999999999999943e+02,1.004548073539596187e+00
-2.230799999999999841e+02,1.004544723383175242e+00
-2.225600000000000023e+02,1.004539975173444066e+00
-2.220400000000000205e+02,1.004539467116683182e+00
-2.215200000000000102e+02,1.004540006587187007e+00
-2.210000000000000000e+02,1.004540521830030286e+00
-2.204799999999999898e+02,1.004541068302879703e+00
-2.199599999999999795e+02,1.004536594481946432e+00
-2.194399999999999977e+02,1.004532151040033572e+00
-2.189199999999999875e+02,1.004532773099974907e+00
-2.184000000000000057e+02,1.004532752974659271e+00
-2.178799999999999955e+02,1.004528175207035634e+00
-2.173600000000000136e+02,1.004524616544999027e+00
-2.168400000000000034e+02,1.004525283288202120e+00
-2.163200000000000216e+02,1.004524542102005258e+00
-2.157999999999999829e+02,1.004520021383654482e+00
-2.152799999999999727e+02,1.004517302593956884e+00
-2.147599999999999909e+02,1.004518049944744362e+00
-2.142400000000000091e+02,1.004516569535548465e+00
-2.137199999999999989e+02,1.004512086990654307e+00
-2.131999999999999886e+02,1.004510272160626938e+00
-2.126800000000000068e+02,1.004511073834425616e+00
-2.121600000000000250e+02,1.004508831670818392e+00
-2.116400000000000148e+02,1.004504407557669232e+00
-2.111199999999999761e+02,1.004503454404832352e+00
-2.105999999999999943e+02,1.004504308699657011e+00
-2.100799999999999841e+02,1.004501321910191036e+00
-2.095600000000000023e+02,1.004496974199980297e+00
-2.090399999999999920e+02,1.004496900428566208e+00
-2.085200000000000102e+02,1.004497811431340315e+00
-2.080000000000000000e+02,1.004494078400917756e+00
-2.074800000000000182e+02,1.004489780311098146e+00
-2.069600000000000080e+02,1.004485502678909015e+00
-2.064399999999999977e+02,1.004481461065315218e+00
-2.059199999999999875e+02,1.004482442020380617e+00
-2.053999999999999773e+02,1.004482780392403241e+00
-2.048799999999999955e+02,1.004478580148732814e+00
-2.043600000000000136e+02,1.004475394576033409e+00
-2.038400000000000034e+02,1.004476426987828352e+00
-2.033199999999999932e+02,1.004476014320126787e+00
-2.028000000000000114e+02,1.004471842592767228e+00
-2.022800000000000296e+02,1.004469550980933601e+00
-2.017599999999999909e+02,1.004470635335391604e+00
-2.012399999999999807e+02,1.004469453162055936e+00
-2.007199999999999989e+02,1.004465352375720766e+00
-2.001999999999999886e+02,1.004461235254234364e+00
-1.996800000000000068e+02,1.004457136787298754e+00
-1.991599999999999966e+02,1.004456124685408680e+00
-1.986400000000000148e+02,1.004457283659864419e+00
-1.981200000000000045e+02,1.004455017159483488e+00
-1.976000000000000227e+02,1.004450965813990404e+00
-1.970799999999999841e+02,1.004450805270127534e+00
-1.965600000000000023e+02,1.004452008069436353e+00
-1.960399999999999920e+02,1.004448967682233684e+00
-1.955199999999999818e+02,1.004444960869654180e+00
-1.950000000000000000e+02,1.004440991813551953e+00
-1.944800000000000182e+02,1.004437010298094179e+00
-1.939600000000000080e+02,1.004438144464652405e+00
-1.934399999999999977e+02,1.004439148050889408e+00
-1.929200000000000159e+02,1.004435227241167849e+00
-1.923999999999999773e+02,1.004431290058798165e+00
-1.918799999999999955e+02,1.004427390517478536e+00
-1.913599999999999852e+02,1.004424564713812362e+00
-1.908400000000000034e+02,1.004425882999784747e+00
-1.903199999999999932e+02,1.004425774662413007e+00
-1.898000000000000114e+02,1.004421922477068518e+00
-1.892800000000000011e+02,1.004418052209751000e+00
-1.887600000000000193e+02,1.004414221519619677e+00
-1.882400000000000091e+02,1.004412667703327600e+00
-1.877199999999999704e+02,1.004414069553450251e+00
-1.871999999999999886e+02,1.004412824398861703e+00
-1.866800000000000068e+02,1.004409035466930833e+00
-1.861599999999999966e+02,1.004405254398905267e+00
-1.856399999999999864e+02,1.004401487983831442e+00
-1.851200000000000045e+02,1.004401183877141168e+00
-1.846000000000000227e+02,1.004402671378072931e+00
-1.840800000000000125e+02,1.004400272827248086e+00
-1.835600000000000023e+02,1.004396549180337272e+00
-1.830399999999999920e+02,1.004392833762518089e+00
-1.825199999999999818e+02,1.004389104554475276e+00
-1.820000000000000000e+02,1.004390112127850898e+00
-1.814799999999999898e+02,1.004391644007796014e+00
-1.809600000000000080e+02,1.004388105525338748e+00
-1.804399999999999977e+02,1.004384439814371754e+00
-1.799200000000000159e+02,1.004380792579510961e+00
-1.794000000000000057e+02,1.004377150599452762e+00
-1.788800000000000239e+02,1.004373520315639645e+00
-1.783599999999999852e+02,1.004370984232850317e+00
-1.778399999999999750e+02,1.004372592859554381e+00
-1.773199999999999932e+02,1.004372713389244609e+00
-1.768000000000000114e+02,1.004369126848086768e+00
-1.762800000000000011e+02,1.004365544812285904e+00
-1.757599999999999909e+02,1.004361976575616655e+00
-1.752400000000000091e+02,1.004358414210625439e+00
-1.747200000000000273e+02,1.004354869643705017e+00
-1.742000000000000171e+02,1.004354021976872735e+00
-1.736799999999999784e+02,1.004355726156982653e+00
-1.731599999999999966e+02,1.004354324073029936e+00
-1.726399999999999864e+02,1.004350818120970823e+00
-1.721200000000000045e+02,1.004347318981117843e+00
-1.715999999999999943e+02,1.004343854337099939e+00
-1.710800000000000125e+02,1.004340374452616702e+00
-1.705600000000000023e+02,1.004336904726050195e+00
-1.700400000000000205e+02,1.004333445267385549e+00
-1.695200000000000102e+02,1.004329994762211742e+00
-1.690000000000000000e+02,1.004331273644597511e+00
-1.684799999999999898e+02,1.004333075314886026e+00
-1.679599999999999795e+02,1.004329773854983898e+00
-1.674399999999999977e+02,1.004326364187983378e+00
-1.669200000000000159e+02,1.004322965488442465e+00
-1.664000000000000057e+02,1.004319572499764668e+00
-1.658799999999999955e+02,1.004316216565624309e+00
-1.653600000000000136e+02,1.004312842516029258e+00
-1.648400000000000318e+02,1.004309482992241209e+00
-1.643199999999999932e+02,1.004307637060679825e+00
-1.637999999999999829e+02,1.004309510987194232e+00
-1.632800000000000011e+02,1.004309498801685852e+00
-1.627599999999999909e+02,1.004306199497821295e+00
-1.622400000000000091e+02,1.004302883527007140e+00
-1.617199999999999989e+02,1.004299582566486437e+00
-1.612000000000000171e+02,1.004296286999363463e+00
-1.606800000000000068e+02,1.004293001912536676e+00
-1.601599999999999682e+02,1.004289724935466976e+00
-1.596400000000000148e+02,1.004286481866815128e+00
-1.591200000000000045e+02,1.004283224665729390e+00
-1.585999999999999943e+02,1.004279977342791730e+00
-1.580799999999999841e+02,1.004280675128599531e+00
-1.575600000000000023e+02,1.004282684086236443e+00
-1.570400000000000205e+02,1.004280364560127703e+00
-1.565199999999999818e+02,1.004277155013119982e+00
-1.560000000000000000e+02,1.004273956262544898e+00
-1.554799999999999898e+02,1.004270786107132052e+00
-1.549600000000000080e+02,1.004267607003161755e+00
-1.544399999999999977e+02,1.004264434316654242e+00
-1.539199999999999875e+02,1.004261274374698809e+00
-1.534000000000000057e+02,1.004258140376137698e+00
-1.528799999999999955e+02,1.004254997399006921e+00
-1.523600000000000136e+02,1.004251859561771765e+00
-1.518400000000000034e+02,1.004248759482524900e+00
-1.513199999999999932e+02,1.004247169724884925e+00
-1.508000000000000114e+02,1.004249299235254522e+00
-1.502800000000000011e+02,1.004249507762841942e+00
-1.497600000000000193e+02,1.004246421385076138e+00
-1.492400000000000091e+02,1.004243341127948996e+00
-1.487199999999999989e+02,1.004240295057389654e+00
-1.481999999999999886e+02,1.004237234611778717e+00
-1.476800000000000068e+02,1.004234186317806365e+00
-1.471599999999999966e+02,1.004231166501431183e+00
-1.466399999999999864e+02,1.004228133695896474e+00
-1.461200000000000045e+02,1.004225110487497519e+00
-1.455999999999999943e+02,1.004222118119839413e+00
-1.450799999999999841e+02,1.004219114425306980e+00
-1.445600000000000023e+02,1.004216118496806587e+00
-1.440399999999999920e+02,1.004213156506490234e+00
-1.435200000000000102e+02,1.004210179364167566e+00
-1.430000000000000000e+02,1.004212011129338666e+00
-1.424799999999999898e+02,1.004214266362324581e+00
-1.419600000000000080e+02,1.004211394588322648e+00
-1.414399999999999977e+02,1.004208473313115357e+00
-1.409200000000000159e+02,1.004205545855250570e+00
-1.403999999999999773e+02,1.004202645338212019e+00
-1.398799999999999955e+02,1.004199734738835170e+00
-1.393600000000000136e+02,1.004196828506353834e+00
-1.388400000000000034e+02,1.004193960623464443e+00
-1.383199999999999932e+02,1.004191074907462733e+00
-1.377999999999999829e+02,1.004188222096041194e+00
-1.372800000000000011e+02,1.004185352905167861e+00
-1.367599999999999909e+02,1.004182520954914670e+00
-1.362400000000000091e+02,1.004179672480190133e+00
-1.357199999999999989e+02,1.004176835832384596e+00
-1.351999999999999886e+02,1.004174027947217551e+00
-1.346800000000000068e+02,1.004171209142151744e+00
-1.341599999999999966e+02,1.004171570628793697e+00
-1.336400000000000148e+02,1.004174002645517483e+00
-1.331200000000000045e+02,1.004172894150957784e+00
-1.325999999999999943e+02,1.004170111792470621e+00
-1.320800000000000125e+02,1.004167360399749187e+00
-1.315600000000000023e+02,1.004164592536981315e+00
-1.310399999999999920e+02,1.004161861551699175e+00
-1.305199999999999818e+02,1.004159115996751561e+00
-1.300000000000000000e+02,1.004156402429188910e+00
-1.294800000000000182e+02,1.004153671349750532e+00
-1.289600000000000080e+02,1.004150976941257323e+00
-1.284399999999999977e+02,1.004148265311289201e+00
-1.279200000000000017e+02,1.004145589548904427e+00
-1.274000000000000057e+02,1.004142894108977835e+00
-1.268800000000000097e+02,1.004140238466312507e+00
-1.263599999999999852e+02,1.004138728881195153e+00
-1.258400000000000034e+02,1.004141323067239799e+00
-1.253199999999999932e+02,1.004142313978553025e+00
-1.248000000000000114e+02,1.004139694363057167e+00
-1.242800000000000011e+02,1.004137057605761552e+00
-1.237599999999999909e+02,1.004134456907646022e+00
-1.232399999999999949e+02,1.004131839146780392e+00
-1.227199999999999989e+02,1.004129254810355310e+00
-1.222000000000000028e+02,1.004126655841560023e+00
-1.216799999999999926e+02,1.004124089962226130e+00
-1.211599999999999966e+02,1.004121510603570133e+00
-1.206400000000000006e+02,1.004118960347268441e+00
-1.201200000000000045e+02,1.004116422310952661e+00
-1.196000000000000085e+02,1.004113871907692079e+00
-1.190799999999999983e+02,1.004111353394437689e+00
-1.185600000000000023e+02,1.004108818841537021e+00
-1.180400000000000063e+02,1.004110710593393962e+00
-1.175200000000000102e+02,1.004113425447914265e+00
-1.170000000000000000e+02,1.004111365076391538e+00
-1.164799999999999898e+02,1.004108889672965299e+00
-1.159600000000000080e+02,1.004106406643443306e+00
-1.154399999999999977e+02,1.004103950427817082e+00
-1.149200000000000159e+02,1.004101484720646642e+00
-1.143999999999999915e+02,1.004099044020632547e+00
-1.138799999999999955e+02,1.004096600078573154e+00
-1.133599999999999994e+02,1.004094180578902096e+00
-1.128400000000000034e+02,1.004091774419143768e+00
-1.123199999999999932e+02,1.004089350809893810e+00
-1.117999999999999972e+02,1.004086965461156833e+00
-1.112800000000000011e+02,1.004086568396588941e+00
-1.107600000000000051e+02,1.004089434875534259e+00
-1.102399999999999949e+02,1.004089899743588976e+00
-1.097199999999999989e+02,1.004087529119545907e+00
-1.092000000000000028e+02,1.004085185899701083e+00
-1.086800000000000068e+02,1.004082829444260971e+00
-1.081600000000000108e+02,1.004080506666109152e+00
-1.076399999999999864e+02,1.004078195982690325e+00
-1.071200000000000045e+02,1.004075871114480378e+00
-1.065999999999999943e+02,1.004073575436404742e+00
-1.060800000000000125e+02,1.004071292034877327e+00
-1.055599999999999881e+02,1.004068994384454072e+00
-1.050399999999999920e+02,1.004071143316297876e+00
-1.045199999999999960e+02,1.004074096697808560e+00
-1.040000000000000000e+02,1.004072253146325089e+00
-1.034800000000000040e+02,1.004070012988847793e+00
-1.029599999999999937e+02,1.004067767792716115e+00
-1.024399999999999977e+02,1.004065547583842033e+00
-1.019200000000000017e+02,1.004063343308293499e+00
-1.014000000000000057e+02,1.004061119200852392e+00
-1.008799999999999955e+02,1.004058932795906411e+00
-1.003599999999999994e+02,1.004057952631729256e+00
-9.984000000000000341e+01,1.004060998090445800e+00
-9.932000000000000739e+01,1.004062445464591447e+00
-9.880000000000001137e+01,1.004060277060901951e+00
-9.828000000000000114e+01,1.004058135926410023e+00
-9.775999999999999091e+01,1.004056006918312427e+00
-9.724000000000000909e+01,1.004053862336473868e+00
-9.671999999999999886e+01,1.004051753702709826e+00
-9.619999999999998863e+01,1.004049651157065126e+00
-9.567999999999999261e+01,1.004047537950644386e+00
-9.515999999999999659e+01,1.004048682896652167e+00
-9.464000000000000057e+01,1.004051844577494856e+00
-9.412000000000000455e+01,1.004051367977436993e+00
-9.359999999999999432e+01,1.004049293898173989e+00
-9.307999999999999829e+01,1.004047251744808467e+00
-9.256000000000000227e+01,1.004045216654209316e+00
-9.204000000000000625e+01,1.004043174052096976e+00
-9.151999999999999602e+01,1.004041161129411108e+00
-9.100000000000000000e+01,1.004044011415612836e+00
-9.048000000000000398e+01,1.004047188615851960e+00
-8.996000000000000796e+01,1.004045207603297518e+00
-8.944000000000001194e+01,1.004043231104809308e+00
-8.891999999999998749e+01,1.004041250281857645e+00
-8.840000000000000568e+01,1.004039292505005232e+00
-8.787999999999999545e+01,1.004037351283297630e+00
-8.736000000000001364e+01,1.004036631203428565e+00
-8.683999999999998920e+01,1.004039944985645860e+00
-8.631999999999999318e+01,1.004041620018950809e+00
-8.579999999999999716e+01,1.004039719875470693e+00
-8.528000000000000114e+01,1.004037801993050483e+00
-8.476000000000000512e+01,1.004035918067475386e+00
-8.423999999999999488e+01,1.004034041882039041e+00
-8.371999999999999886e+01,1.004032158269637431e+00
-8.320000000000000284e+01,1.004033149922535006e+00
-8.268000000000000682e+01,1.004036541302727903e+00
-8.215999999999999659e+01,1.004036674477440050e+00
-8.164000000000000057e+01,1.004034829137587570e+00
-8.112000000000000455e+01,1.004033015577224797e+00
-8.060000000000000853e+01,1.004031211235277166e+00
-8.007999999999998408e+01,1.004033465037158290e+00
-7.956000000000000227e+01,1.004036893982135137e+00
-7.903999999999999204e+01,1.004035887538660354e+00
-7.852000000000001023e+01,1.004034123833472458e+00
-7.800000000000000000e+01,1.004032349885221276e+00
-7.748000000000000398e+01,1.004030660468008040e+00
-7.695999999999999375e+01,1.004034145316612392e+00
-7.643999999999999773e+01,1.004037193855964460e+00
-7.592000000000000171e+01,1.004035465863473142e+00
-7.540000000000000568e+01,1.004033761584061102e+00
-7.488000000000000966e+01,1.004032074923454143e+00
-7.435999999999999943e+01,1.004031651508285883e+00
-7.384000000000000341e+01,1.004035195667583702e+00
-7.331999999999999318e+01,1.004037103080260840e+00
-7.279999999999999716e+01,1.004035454837463925e+00
-7.228000000000000114e+01,1.004033811335426352e+00
-7.176000000000000512e+01,1.004032162136444084e+00
-7.123999999999999488e+01,1.004033005109972398e+00
-7.071999999999999886e+01,1.004036632825584530e+00
-7.019999999999998863e+01,1.004037383644356574e+00
-6.968000000000000682e+01,1.004035774277505233e+00
-6.915999999999999659e+01,1.004034195303773025e+00
-6.864000000000000057e+01,1.004032626732487277e+00
-6.812000000000000455e+01,1.004034755978659543e+00
-6.759999999999999432e+01,1.004038400780258522e+00
-6.707999999999999829e+01,1.004038012288335668e+00
-6.656000000000000227e+01,1.004036486297430031e+00
-6.604000000000000625e+01,1.004039462717384090e+00
-6.551999999999999602e+01,1.004043168777023931e+00
-6.500000000000000000e+01,1.004042002288161983e+00
-6.448000000000000398e+01,1.004040515512387710e+00
-6.396000000000000085e+01,1.004039046790390799e+00
-6.344000000000000483e+01,1.004038036320823002e+00
-6.292000000000000171e+01,1.004041820755391612e+00
-6.240000000000000568e+01,1.004044728301989320e+00
-6.187999999999999545e+01,1.004043301305053593e+00
-6.135999999999999943e+01,1.004043156721546648e+00
-6.083999999999999631e+01,1.004046943214156551e+00
-6.032000000000000028e+01,1.004049093642195523e+00
-5.980000000000000426e+01,1.004047708552370688e+00
-5.928000000000000114e+01,1.004046328657546283e+00
-5.876000000000000512e+01,1.004044942941527463e+00
-5.823999999999999488e+01,1.004046068983297291e+00
-5.771999999999999886e+01,1.004049959193484831e+00
-5.719999999999999574e+01,1.004050953135791291e+00
-5.667999999999999972e+01,1.004049628786483295e+00
-5.615999999999999659e+01,1.004051597297285436e+00
-5.564000000000000057e+01,1.004055509796154988e+00
-5.511999999999999744e+01,1.004055747618502581e+00
-5.460000000000000142e+01,1.004054466785867517e+00
-5.408000000000000540e+01,1.004053198094800869e+00
-5.356000000000000227e+01,1.004051913039302191e+00
-5.304000000000000625e+01,1.004055174339352208e+00
-5.251999999999999602e+01,1.004059169199509327e+00
-5.200000000000000000e+01,1.004058268087344441e+00
-5.147999999999999687e+01,1.004057101341299107e+00
-5.096000000000000085e+01,1.004061133443389764e+00
-5.043999999999999773e+01,1.004064672652150048e+00
-4.992000000000000171e+01,1.004063493592377121e+00
-4.940000000000000568e+01,1.004063214929343584e+00
-4.887999999999999545e+01,1.004067271409107676e+00
-4.835999999999999943e+01,1.004070029719900559e+00
-4.783999999999999631e+01,1.004068893472210178e+00
-4.732000000000000028e+01,1.004069461137808927e+00
-4.679999999999999716e+01,1.004073578489254492e+00
-4.628000000000000114e+01,1.004075582311079629e+00
-4.575999999999999801e+01,1.004074466972991964e+00
-4.524000000000000199e+01,1.004073381367354356e+00
-4.472000000000000597e+01,1.004072309114423245e+00
-4.420000000000000284e+01,1.004074167757571301e+00
-4.368000000000000682e+01,1.004078349660866509e+00
-4.315999999999999659e+01,1.004079176603150936e+00
-4.264000000000000057e+01,1.004078145249892806e+00
-4.211999999999999744e+01,1.004080851509403516e+00
-4.160000000000000142e+01,1.004085076782951891e+00
-4.107999999999999829e+01,1.004085189045679893e+00
-4.056000000000000227e+01,1.004084201512694507e+00
-4.003999999999999204e+01,1.004087734746568206e+00
-3.951999999999999602e+01,1.004092003497450314e+00
-3.900000000000000000e+01,1.004091340777770958e+00
-3.847999999999999687e+01,1.004090511763829019e+00
-3.796000000000000085e+01,1.004094798792935173e+00
-3.744000000000000483e+01,1.004098571146200269e+00
-3.692000000000000171e+01,1.004097668154784184e+00
-3.639999999999999858e+01,1.004097684576826799e+00
-3.588000000000000256e+01,1.004102037057956087e+00
-3.535999999999999943e+01,1.004105054856795798e+00
-3.484000000000000341e+01,1.004104196531392157e+00
-3.432000000000000028e+01,1.004103320948718236e+00
-3.379999999999999716e+01,1.004102485772120801e+00
-3.328000000000000114e+01,1.004103793820274593e+00
-3.275999999999999801e+01,1.004108209859824408e+00
-3.224000000000000199e+01,1.004110093815134386e+00
-3.172000000000000242e+01,1.004109301771531459e+00
-3.120000000000000284e+01,1.004111418506647313e+00
-3.067999999999999972e+01,1.004115879610772089e+00
-3.016000000000000014e+01,1.004117009804415872e+00
-2.964000000000000057e+01,1.004116260131076910e+00
-2.911999999999999744e+01,1.004119265730767152e+00
-2.859999999999999787e+01,1.004123770617564970e+00
-2.807999999999999829e+01,1.004124103686811376e+00
-2.755999999999999872e+01,1.004123397606067281e+00
-2.704000000000000270e+01,1.004127253152111487e+00
-2.652000000000000313e+01,1.004131803274553869e+00
-2.600000000000000000e+01,1.004131402697395314e+00
-2.548000000000000043e+01,1.004130873158894710e+00
-2.496000000000000085e+01,1.004135464789183141e+00
-2.443999999999999773e+01,1.004139503484569929e+00
-2.391999999999999815e+01,1.004138882115994447e+00
-2.339999999999999858e+01,1.004138262141158755e+00
-2.287999999999999901e+01,1.004137666234111048e+00
-2.236000000000000298e+01,1.004138410298333062e+00
-2.184000000000000341e+01,1.004143070498731971e+00
-2.132000000000000028e+01,1.004145955557841363e+00
-2.080000000000000071e+01,1.004145402068017612e+00
-2.028000000000000114e+01,1.004146994403923854e+00
-1.975999999999999801e+01,1.004151697367166696e+00
-1.923999999999999844e+01,1.004153848721499820e+00
-1.872000000000000242e+01,1.004153340668620720e+00
-1.819999999999999929e+01,1.004155802831502076e+00
-1.767999999999999972e+01,1.004160529242669631e+00
-1.716000000000000014e+01,1.004161907801667253e+00
-1.664000000000000057e+01,1.004161444834283934e+00
-1.612000000000000099e+01,1.004160994875388679e+00
-1.560000000000000142e+01,1.004160555017811873e+00
-1.508000000000000007e+01,1.004164310169044505e+00
-1.455999999999999872e+01,1.004169104850664462e+00
-1.403999999999999915e+01,1.004169329738294536e+00
-1.352000000000000135e+01,1.004168934638683508e+00
-1.300000000000000000e+01,1.004173540397440334e+00
-1.248000000000000043e+01,1.004178245568606798e+00
-1.195999999999999908e+01,1.004177891994231020e+00
-1.143999999999999950e+01,1.004177541747504065e+00
-1.092000000000000171e+01,1.004177210381855812e+00
-1.040000000000000036e+01,1.004177836056607598e+00
-9.879999999999999005e+00,1.004182741348046859e+00
-9.360000000000001208e+00,1.004186296893575747e+00
-8.839999999999999858e+00,1.004186013842162106e+00
-8.320000000000000284e+00,1.004185734645488548e+00
-7.800000000000000711e+00,1.004185471035893062e+00
-7.279999999999999361e+00,1.004187392227946729e+00
-6.760000000000000675e+00,1.004192368184168904e+00
-6.240000000000000213e+00,1.004194770203010734e+00
-5.719999999999999751e+00,1.004194554153920338e+00
-5.200000000000000178e+00,1.004197327197919654e+00
-4.680000000000000604e+00,1.004202367594646317e+00
-4.160000000000000142e+00,1.004204018532103726e+00
-3.639999999999999680e+00,1.004203847008598771e+00
-3.120000000000000107e+00,1.004203688832452812e+00
-2.600000000000000089e+00,1.004203539596385975e+00
-2.080000000000000071e+00,1.004203383303768460e+00
-1.560000000000000053e+00,1.004203256709758740e+00
-1.040000000000000036e+00,1.004207749340898514e+00
-5.200000000000000178e-01,1.004212878473677018e+00
-0.000000000000000000e+00,1.004213023031605090e+00
5.200000000000000178e-01,1.004212943923831203e+00
1.040000000000000036e+00,1.004212884384816373e+00
1.560000000000000053e+00,1.004213399785880645e+00
2.080000000000000071e+00,1.004218597884662945e+00
2.600000000000000089e+00,1.004222781783095986e+00
3.120000000000000107e+00,1.004222768855626891e+00
3.639999999999999680e+00,1.004222758753206435e+00
4.160000000000000142e+00,1.004222768207865712e+00
4.680000000000000604e+00,1.004224577765213455e+00
5.200000000000000178e+00,1.004229826633910028e+00
5.719999999999999751e+00,1.004232903543035516e+00
6.240000000000000213e+00,1.004232960389589868e+00
6.760000000000000675e+00,1.004233002686154119e+00
7.279999999999999361e+00,1.004233080827745761e+00
7.800000000000000711e+00,1.004233169422027894e+00
8.320000000000000284e+00,1.004233269878727963e+00
8.839999999999999858e+00,1.004233383289867998e+00
9.360000000000001208e+00,1.004233509005286518e+00
9.879999999999999005e+00,1.004237467201184009e+00
1.040000000000000036e+01,1.004242829809729898e+00
1.092000000000000171e+01,1.004244004131015666e+00
1.143999999999999950e+01,1.004244152076040786e+00
1.195999999999999908e+01,1.004244340229453858e+00
1.248000000000000043e+01,1.004244534793876209e+00
1.300000000000000000e+01,1.004244746986628245e+00
1.352000000000000135e+01,1.004244964349818803e+00
1.403999999999999915e+01,1.004245200231438373e+00
1.455999999999999872e+01,1.004246050167326931e+00
1.508000000000000007e+01,1.004251543764405064e+00
1.560000000000000142e+01,1.004256027360061587e+00
1.612000000000000099e+01,1.004256313093176978e+00
1.664000000000000057e+01,1.004256579085292200e+00
1.716000000000000014e+01,1.004256886800506399e+00
1.767999999999999972e+01,1.004257199013389723e+00
1.819999999999999929e+01,1.004257531484641364e+00
1.872000000000000242e+01,1.004257870012983389e+00
1.923999999999999844e+01,1.004258223913672810e+00
1.975999999999999801e+01,1.004258586201782766e+00
2.028000000000000114e+01,1.004258962823241008e+00
2.080000000000000071e+01,1.004259349897739018e+00
2.132000000000000028e+01,1.004259728806985441e+00
2.184000000000000341e+01,1.004260141127240935e+00
2.236000000000000298e+01,1.004260564381165510e+00
2.287999999999999901e+01,1.004261000144870186e+00
2.339999999999999858e+01,1.004261445214253312e+00
2.391999999999999815e+01,1.004266127478325776e+00
2.443999999999999773e+01,1.004271830668477028e+00
2.496000000000000085e+01,1.004272908192317848e+00
2.548000000000000043e+01,1.004273399882837037e+00
2.600000000000000000e+01,1.004273911555466414e+00
2.652000000000000313e+01,1.004274427994424013e+00
2.704000000000000270e+01,1.004274941635491469e+00
2.755999999999999872e+01,1.004275479990228259e+00
2.807999999999999829e+01,1.004276039627983064e+00
2.859999999999999787e+01,1.004276600883087900e+00
2.911999999999999744e+01,1.004277185436621700e+00
2.964000000000000057e+01,1.004277773468184698e+00
3.016000000000000014e+01,1.004278382267476344e+00
3.067999999999999972e+01,1.004278995328448554e+00
3.120000000000000284e+01,1.004279623530788701e+00
3.172000000000000242e+01,1.004280259184888502e+00
3.224000000000000199e+01,1.004280890270907278e+00
3.275999999999999801e+01,1.004281551790105809e+00
3.328000000000000114e+01,1.004282229624912537e+00
3.379999999999999716e+01,1.004279860583479733e+00
3.432000000000000028e+01,1.004275345800054842e+00
3.484000000000000341e+01,1.004274280140389886e+00
3.535999999999999943e+01,1.004275001251994315e+00
3.588000000000000256e+01,1.004275736833097676e+00
3.639999999999999858e+01,1.004276483154490363e+00
3.692000000000000171e+01,1.004277244571622596e+00
3.744000000000000483e+01,1.004278015333433416e+00
3.796000000000000085e+01,1.004278799442264170e+00
3.847999999999999687e+01,1.004279567413862928e+00
3.900000000000000000e+01,1.004280376952132015e+00
3.951999999999999602e+01,1.004281191271090279e+00
4.003999999999999204e+01,1.004282026683107398e+00
4.056000000000000227e+01,1.004282865048164552e+00
4.107999999999999829e+01,1.004283724987920179e+00
4.160000000000000142e+01,1.004283535697655383e+00
4.211999999999999744e+01,1.004279184322510288e+00
4.264000000000000057e+01,1.004276287980683913e+00
4.315999999999999659e+01,1.004277194726306499e+00
4.368000000000000682e+01,1.004278106018178462e+00
4.420000000000000284e+01,1.004279036725140628e+00
4.472000000000000597e+01,1.004279951297551543e+00
4.524000000000000199e+01,1.004280901249220648e+00
4.575999999999999801e+01,1.004281860310640928e+00
4.628000000000000114e+01,1.004282834599739216e+00
4.679999999999999716e+01,1.004280764062927656e+00
4.732000000000000028e+01,1.004276529671394247e+00
4.783999999999999631e+01,1.004275782577351395e+00
4.835999999999999943e+01,1.004276803143246521e+00
4.887999999999999545e+01,1.004277836276162406e+00
4.940000000000000568e+01,1.004278878679486953e+00
4.992000000000000171e+01,1.004279937550911272e+00
5.043999999999999773e+01,1.004281004287934209e+00
5.096000000000000085e+01,1.004277386032056629e+00
5.147999999999999687e+01,1.004273241245508874e+00
5.200000000000000000e+01,1.004274216469998926e+00
5.251999999999999602e+01,1.004275329100480452e+00
5.304000000000000625e+01,1.004276461334729920e+00
5.356000000000000227e+01,1.004276927327629299e+00
5.408000000000000540e+01,1.004272852524647597e+00
5.460000000000000142e+01,1.004269868039946001e+00
5.511999999999999744e+01,1.004271046125972955e+00
5.564000000000000057e+01,1.004272227732759593e+00
5.615999999999999659e+01,1.004273433038504804e+00
5.667999999999999972e+01,1.004272751206631176e+00
5.719999999999999574e+01,1.004268761010804978e+00
5.771999999999999886e+01,1.004267009412629585e+00
5.823999999999999488e+01,1.004268257544812748e+00
5.876000000000000512e+01,1.004269514186775902e+00
5.928000000000000114e+01,1.004270784181727771e+00
5.980000000000000426e+01,1.004268990029369313e+00
6.032000000000000028e+01,1.004265050961750116e+00
6.083999999999999631e+01,1.004264618799800779e+00
6.135999999999999943e+01,1.004265934121190584e+00
6.187999999999999545e+01,1.004263367367629556e+00
6.240000000000000568e+01,1.004259471469737930e+00
6.292000000000000171e+01,1.004259908806585555e+00
6.344000000000000483e+01,1.004261270827122576e+00
6.396000000000000085e+01,1.004262649262400275e+00
6.448000000000000398e+01,1.004264032618966462e+00
6.500000000000000000e+01,1.004260295654612056e+00
6.551999999999999602e+01,1.004256776045926225e+00
6.604000000000000625e+01,1.004258201123260807e+00
6.656000000000000227e+01,1.004258940607694495e+00
6.707999999999999829e+01,1.004255157831128509e+00
6.759999999999999432e+01,1.004252465676901185e+00
6.812000000000000455e+01,1.004253938414032987e+00
6.864000000000000057e+01,1.004253924965483824e+00
6.915999999999999659e+01,1.004250188320694903e+00
6.968000000000000682e+01,1.004248366820925664e+00
7.019999999999998863e+01,1.004249885690185140e+00
7.071999999999999886e+01,1.004249118425164289e+00
7.123999999999999488e+01,1.004245425383432755e+00
7.176000000000000512e+01,1.004244452715790992e+00
7.228000000000000114e+01,1.004246014478158644e+00
7.279999999999999716e+01,1.004244451661925996e+00
7.331999999999999318e+01,1.004240804818991917e+00
7.384000000000000341e+01,1.004237186377788360e+00
7.435999999999999943e+01,1.004233558014283156e+00
7.488000000000000966e+01,1.004233879186777756e+00
7.540000000000000568e+01,1.004235508752681749e+00
7.592000000000000171e+01,1.004232818503205893e+00
7.643999999999999773e+01,1.004229238938468827e+00
7.695999999999999375e+01,1.004230409808472002e+00
7.748000000000000398e+01,1.004232082468784037e+00
7.800000000000000000e+01,1.004228655944465309e+00
7.852000000000001023e+01,1.004225119166116675e+00
7.903999999999999204e+01,1.004221599839177026e+00
7.956000000000000227e+01,1.004218807754997389e+00
8.007999999999998408e+01,1.004220547278417142e+00
8.060000000000000853e+01,1.004221161660915573e+00
8.112000000000000455e+01,1.004217686749434346e+00
8.164000000000000057e+01,1.004215745737952581e+00
8.215999999999999659e+01,1.004217528393149816e+00
8.268000000000000682e+01,1.004217387558097307e+00
8.320000000000000284e+01,1.004213961111723785e+00
8.371999999999999886e+01,1.004210559899039623e+00
8.423999999999999488e+01,1.004207151902674733e+00
8.476000000000000512e+01,1.004206483823659735e+00
8.528000000000000114e+01,1.004208331592743919e+00
8.579999999999999716e+01,1.004207057500828171e+00
8.631999999999999318e+01,1.004203695857871503e+00
8.683999999999998920e+01,1.004200362856365158e+00
8.736000000000001364e+01,1.004197020098147375e+00
8.787999999999999545e+01,1.004197645521689886e+00
8.840000000000000568e+01,1.004199560028571359e+00
8.891999999999998749e+01,1.004197135157792076e+00
8.944000000000001194e+01,1.004193837687012758e+00
8.996000000000000796e+01,1.004190551422253774e+00
9.048000000000000398e+01,1.004187273277923120e+00
9.100000000000000000e+01,1.004184015583602374e+00
9.151999999999999602e+01,1.004181104672591474e+00
9.204000000000000625e+01,1.004183101328629091e+00
9.256000000000000227e+01,1.004184373667977415e+00
9.307999999999999829e+01,1.004181162233424462e+00
9.359999999999999432e+01,1.004177951979871697e+00
9.412000000000000455e+01,1.004174778584348227e+00
9.464000000000000057e+01,1.004171590139154358e+00
9.515999999999999659e+01,1.004168421885319296e+00
9.567999999999999261e+01,1.004167205619205028e+00
9.619999999999998863e+01,1.004169289811469579e+00
9.671999999999999886e+01,1.004169031148044011e+00
9.724000000000000909e+01,1.004165922306986536e+00
9.775999999999999091e+01,1.004162802560590428e+00
9.828000000000000114e+01,1.004159695754273107e+00
9.880000000000001137e+01,1.004156618377235910e+00
9.932000000000000739e+01,1.004153511312607661e+00
9.984000000000000341e+01,1.004154009542669979e+00
1.003599999999999994e+02,1.004156179357120759e+00
1.008799999999999955e+02,1.004154387881851296e+00
1.014000000000000057e+02,1.004151342746661513e+00
1.019200000000000017e+02,1.004148332097491547e+00
1.024399999999999977e+02,1.004145308731660968e+00
1.029599999999999937e+02,1.004142301999520370e+00
1.034800000000000040e+02,1.004139319117028251e+00
1.040000000000000000e+02,1.004136335683316839e+00
1.045199999999999960e+02,1.004133718051184010e+00
1.050399999999999920e+02,1.004135990939811984e+00
1.055599999999999881e+02,1.004137501633778351e+00
1.060800000000000125e+02,1.004134561044744522e+00
1.065999999999999943e+02,1.004131641545781495e+00
1.071200000000000045e+02,1.004128723254126943e+00
1.076399999999999864e+02,1.004125807421842209e+00
1.081600000000000108e+02,1.004122926170266883e+00
1.086800000000000068e+02,1.004120031330021368e+00
1.092000000000000028e+02,1.004117152900785293e+00
1.097199999999999989e+02,1.004114278447639341e+00
1.102399999999999949e+02,1.004111420997832349e+00
1.107600000000000051e+02,1.004111341876955610e+00
1.112800000000000011e+02,1.004113739210487521e+00
1.117999999999999972e+02,1.004112975369039429e+00
1.123199999999999932e+02,1.004110158575661993e+00
1.128400000000000034e+02,1.004107370973243318e+00
1.133599999999999994e+02,1.004104572627543490e+00
1.138799999999999955e+02,1.004101787851194860e+00
1.143999999999999915e+02,1.004099030373454493e+00
1.149200000000000159e+02,1.004096268076534848e+00
1.154399999999999977e+02,1.004093513133883953e+00
1.159600000000000080e+02,1.004090791174572672e+00
1.164799999999999898e+02,1.004088054963331533e+00
1.170000000000000000e+02,1.004090531200110048e+00
1.175200000000000102e+02,1.004092687005897711e+00
1.180400000000000063e+02,1.004089989284015161e+00
1.185600000000000023e+02,1.004087293001162395e+00
1.190799999999999983e+02,1.004084634329289294e+00
1.196000000000000085e+02,1.004081958805865371e+00
1.201200000000000045e+02,1.004079302513421146e+00
1.206400000000000006e+02,1.004076646138927220e+00
1.211599999999999966e+02,1.004074008615842395e+00
1.216799999999999926e+02,1.004071375621827356e+00
1.222000000000000028e+02,1.004068775765762256e+00
1.227199999999999989e+02,1.004066164039706832e+00
1.232399999999999949e+02,1.004063566379389982e+00
1.237599999999999909e+02,1.004060995693762948e+00
1.242800000000000011e+02,1.004058417419116500e+00
1.248000000000000114e+02,1.004059057539509858e+00
1.253199999999999932e+02,1.004061733115222177e+00
1.258400000000000034e+02,1.004060808703343799e+00
1.263599999999999852e+02,1.004058266957056356e+00
1.268800000000000097e+02,1.004055758903556805e+00
1.274000000000000057e+02,1.004053238944368154e+00
1.279200000000000017e+02,1.004050732368869214e+00
1.284399999999999977e+02,1.004048249960039829e+00
1.289600000000000080e+02,1.004045765795549494e+00
1.294800000000000182e+02,1.004043285710459754e+00
1.300000000000000000e+02,1.004040839415328179e+00
1.305199999999999818e+02,1.004038375424928242e+00
1.310399999999999920e+02,1.004035929481206457e+00
1.315600000000000023e+02,1.004033484748835026e+00
1.320800000000000125e+02,1.004031079944113003e+00
1.325999999999999943e+02,1.004028636450750245e+00
1.331200000000000045e+02,1.004026231900147392e+00
1.336400000000000148e+02,1.004025452984784961e+00
1.341599999999999966e+02,1.004028297373181777e+00
1.346800000000000068e+02,1.004029142172938149e+00
1.351999999999999886e+02,1.004026774556004309e+00
1.357199999999999989e+02,1.004024413378099334e+00
1.362400000000000091e+02,1.004022083772174945e+00
1.367599999999999909e+02,1.004019741190010029e+00
1.372800000000000011e+02,1.004017408781464837e+00
1.377999999999999829e+02,1.004015086054969474e+00
1.383199999999999932e+02,1.004012793853493735e+00
1.388400000000000034e+02,1.004010491385027404e+00
1.393600000000000136e+02,1.004008195994560815e+00
1.398799999999999955e+02,1.004005933204444645e+00
1.403999999999999773e+02,1.004003659583337038e+00
1.409200000000000159e+02,1.004001396633300125e+00
1.414399999999999977e+02,1.003999158552621784e+00
1.419600000000000080e+02,1.003996915371943910e+00
1.424799999999999898e+02,1.003994675826155314e+00
1.430000000000000000e+02,1.003992471351497384e+00
1.435200000000000102e+02,1.003990671696918247e+00
1.440399999999999920e+02,1.003993699377579096e+00
1.445600000000000023e+02,1.003995907669249732e+00
1.450799999999999841e+02,1.003993724776359509e+00
1.455999999999999943e+02,1.003991520911139412e+00
1.461200000000000045e+02,1.003989372625148535e+00
1.466399999999999864e+02,1.003987208271258869e+00
1.471599999999999966e+02,1.003985057672717174e+00
1.476800000000000068e+02,1.003982930744926172e+00
1.481999999999999886e+02,1.003980801224384489e+00
1.487199999999999989e+02,1.003978676231512823e+00
1.492400000000000091e+02,1.003976582098420334e+00
1.497600000000000193e+02,1.003974474837307840e+00
1.502800000000000011e+02,1.003972377670885097e+00
1.508000000000000114e+02,1.003970307932111838e+00
1.513199999999999932e+02,1.003968228843689081e+00
1.518400000000000034e+02,1.003966160443944933e+00
1.523600000000000136e+02,1.003964100058211351e+00
1.528799999999999955e+02,1.003966118026536902e+00
1.534000000000000057e+02,1.003969307451812787e+00
1.539199999999999875e+02,1.003968059298138371e+00
1.544399999999999977e+02,1.003966033763842969e+00
1.549600000000000080e+02,1.003964020740527818e+00
1.554799999999999898e+02,1.003962031103261543e+00
1.560000000000000000e+02,1.003960034618946562e+00
1.565199999999999818e+02,1.003958041073660601e+00
1.570400000000000205e+02,1.003956084821133299e+00
1.575600000000000023e+02,1.003954109853847365e+00
1.580799999999999841e+02,1.003952151040320206e+00
1.585999999999999943e+02,1.003950193832463089e+00
1.591200000000000045e+02,1.003948273039875660e+00
1.596400000000000148e+02,1.003946335704377191e+00
1.601599999999999682e+02,1.003944389408929716e+00
1.606800000000000068e+02,1.003944531798451667e+00
1.612000000000000171e+02,1.003947857296273005e+00
1.617199999999999989e+02,1.003948742898204127e+00
1.622400000000000091e+02,1.003946851243074256e+00
1.627599999999999909e+02,1.003944965975986037e+00
1.632800000000000011e+02,1.003943111988926384e+00
1.637999999999999829e+02,1.003941244452196679e+00
1.643199999999999932e+02,1.003939385134496209e+00
1.648400000000000318e+02,1.003937535442105844e+00
1.653600000000000136e+02,1.003935712944405090e+00
1.658799999999999955e+02,1.003933881204704504e+00
1.664000000000000057e+02,1.003932056366433123e+00
1.669200000000000159e+02,1.003930260763052029e+00
1.674399999999999977e+02,1.003928451502780206e+00
1.679599999999999795e+02,1.003926654742508973e+00
1.684799999999999898e+02,1.003924937754246516e+00
1.690000000000000000e+02,1.003928391624334004e+00
1.695200000000000102e+02,1.003931389130741536e+00
1.700400000000000205e+02,1.003929626667498853e+00
1.705600000000000023e+02,1.003927865741975678e+00
1.710800000000000125e+02,1.003926120190092641e+00
1.715999999999999943e+02,1.003924395622598498e+00
1.721200000000000045e+02,1.003922666465384195e+00
1.726399999999999864e+02,1.003920939492551456e+00
1.731599999999999966e+02,1.003919245336416299e+00
1.736799999999999784e+02,1.003917535813942274e+00
1.742000000000000171e+02,1.003915838096807178e+00
1.747200000000000273e+02,1.003914164365692363e+00
1.752400000000000091e+02,1.003912480446986555e+00
1.757599999999999909e+02,1.003913665435521185e+00
1.762800000000000011e+02,1.003917233426745881e+00
1.768000000000000114e+02,1.003917522814059993e+00
1.773199999999999932e+02,1.003915870806363353e+00
1.778399999999999750e+02,1.003914246632677365e+00
1.783599999999999852e+02,1.003912610173910647e+00
1.788800000000000239e+02,1.003910983492663167e+00
1.794000000000000057e+02,1.003909379202316599e+00
1.799200000000000159e+02,1.003907768041978787e+00
1.804399999999999977e+02,1.003906161023641275e+00
1.809600000000000080e+02,1.003904586059393589e+00
1.814799999999999898e+02,1.003902994966076045e+00
1.820000000000000000e+02,1.003901418313187355e+00
1.825199999999999818e+02,1.003900340203209174e+00
1.830399999999999920e+02,1.003904010949970615e+00
1.835600000000000023e+02,1.003906786227441339e+00
1.840800000000000125e+02,1.003905257068872015e+00
1.846000000000000227e+02,1.003903710713012654e+00
1.851200000000000045e+02,1.003902177983513111e+00
1.856399999999999864e+02,1.003900667766653987e+00
1.861599999999999966e+02,1.003899151833133274e+00
1.866800000000000068e+02,1.003897639401013508e+00
1.871999999999999886e+02,1.003896155411832192e+00
1.877199999999999704e+02,1.003894657046382033e+00
1.882400000000000091e+02,1.003893167564270827e+00
1.887600000000000193e+02,1.003891703682159742e+00
1.892800000000000011e+02,1.003890230047068455e+00
1.898000000000000114e+02,1.003892066931977745e+00
1.903199999999999932e+02,1.003895840580225851e+00
1.908400000000000034e+02,1.003895915895493429e+00
1.913599999999999852e+02,1.003894469210411478e+00
1.918799999999999955e+02,1.003893051693749427e+00
1.923999999999999773e+02,1.003891620892356285e+00
1.929200000000000159e+02,1.003890199186703747e+00
1.934399999999999977e+02,1.003888778553030825e+00
1.939600000000000080e+02,1.003887371358707981e+00
1.944800000000000182e+02,1.003885967854343919e+00
1.950000000000000000e+02,1.003884596199050350e+00
1.955199999999999818e+02,1.003883208235086810e+00
1.960399999999999920e+02,1.003881830019842880e+00
1.965600000000000023e+02,1.003881369755908359e+00
1.970799999999999841e+02,1.003885241297614472e+00
1.976000000000000227e+02,1.003887796812729993e+00
1.981200000000000045e+02,1.003886467426795104e+00
1.986400000000000148e+02,1.003885122227959892e+00
1.991599999999999966e+02,1.003883786753004825e+00
1.996800000000000068e+02,1.003882473318479240e+00
2.001999999999999886e+02,1.003881149130974038e+00
2.007199999999999989e+02,1.003879830468457524e+00
2.012399999999999807e+02,1.003878541419952031e+00
2.017599999999999909e+02,1.003877238682455486e+00
2.022800000000000296e+02,1.003875943058939235e+00
2.028000000000000114e+02,1.003874673989862742e+00
2.033199999999999932e+02,1.003873392252366381e+00
2.038400000000000034e+02,1.003875860374298767e+00
2.043600000000000136e+02,1.003879822987161941e+00
2.048799999999999955e+02,1.003879650901074561e+00
2.053999999999999773e+02,1.003878395615337205e+00
2.059199999999999875e+02,1.003877167658209224e+00
2.064399999999999977e+02,1.003875923286161820e+00
2.069600000000000080e+02,1.003874689450433566e+00
2.074800000000000182e+02,1.003873477561725291e+00
2.080000000000000000e+02,1.003872258112017191e+00
2.085200000000000102e+02,1.003871040496718159e+00
2.090399999999999920e+02,1.003869854558018915e+00
2.095600000000000023e+02,1.003868650452649947e+00
2.100799999999999841e+02,1.003867456482020915e+00
2.105999999999999943e+02,1.003867601443671598e+00
2.111199999999999761e+02,1.003871654564401528e+00
2.116400000000000148e+02,1.003873971393772546e+00
2.121600000000000250e+02,1.003872823753853227e+00
2.126800000000000068e+02,1.003871659481832213e+00
2.131999999999999886e+02,1.003870480808582100e+00
2.137199999999999989e+02,1.003869348235331804e+00
2.142400000000000091e+02,1.003868204907471195e+00
2.147599999999999909e+02,1.003867067617560282e+00
2.152799999999999727e+02,1.003865956427649531e+00
2.157999999999999829e+02,1.003864831021077597e+00
2.163200000000000216e+02,1.003863708799237031e+00
2.168400000000000034e+02,1.003862596239685434e+00
2.173600000000000136e+02,1.003861509501183580e+00
2.178799999999999955e+02,1.003860411036322065e+00
2.184000000000000057e+02,1.003859315197819901e+00
2.189199999999999875e+02,1.003862812117347403e+00
2.194399999999999977e+02,1.003866961437224870e+00
2.199599999999999795e+02,1.003866154795752363e+00
2.204799999999999898e+02,1.003865083407609715e+00
2.210000000000000000e+02,1.003864021366136949e+00
2.215200000000000102e+02,1.003862980336023725e+00
2.220400000000000205e+02,1.003861929680920806e+00
2.225600000000000023e+02,1.003860880551857404e+00
2.230799999999999841e+02,1.003859840960744432e+00
2.235999999999999943e+02,1.003858822729059908e+00
2.241200000000000045e+02,1.003857796637946276e+00
2.246399999999999864e+02,1.003856773306261774e+00
2.251599999999999682e+02,1.003855776422218238e+00
2.256800000000000068e+02,1.003854765061463983e+00
2.262000000000000171e+02,1.003853763141138611e+00
2.267199999999999989e+02,1.003852782987454395e+00
2.272400000000000091e+02,1.003851789066779299e+00
2.277599999999999909e+02,1.003850800841114665e+00
2.282800000000000011e+02,1.003849839070769523e+00
2.287999999999999829e+02,1.003852242985184162e+00
2.293199999999999932e+02,1.003856503859178018e+00
2.298400000000000318e+02,1.003856991030543044e+00
2.303600000000000136e+02,1.003856031572606611e+00
2.308799999999999955e+02,1.003855079488310764e+00
2.314000000000000057e+02,1.003854149686064234e+00
2.319200000000000159e+02,1.003853208613098236e+00
2.324399999999999977e+02,1.003852270635872346e+00
2.329599999999999795e+02,1.003851361063984982e+00
2.334799999999999898e+02,1.003850433086759253e+00
2.340000000000000000e+02,1.003849512992871951e+00
2.345200000000000102e+02,1.003848612959984843e+00
2.350400000000000205e+02,1.003847706738457246e+00
2.355600000000000023e+02,1.003846800683570351e+00
2.360800000000000125e+02,1.003845899689682852e+00
2.365999999999999943e+02,1.003845003326155005e+00
2.371200000000000045e+02,1.003844118711697098e+00
2.376399999999999864e+02,1.003843235875839346e+00
2.381599999999999966e+02,1.003842377861381641e+00
2.386799999999999784e+02,1.003841504448212518e+00
2.392000000000000171e+02,1.003840638180424794e+00
2.397200000000000273e+02,1.003839795367255538e+00
2.402400000000000091e+02,1.003838939702806909e+00
2.407599999999999909e+02,1.003838087318708272e+00
2.412800000000000011e+02,1.003837259445618413e+00
2.418000000000000114e+02,1.003836418014209864e+00
2.423199999999999932e+02,1.003835581013450717e+00
2.428399999999999750e+02,1.003834769335021360e+00
2.433599999999999852e+02,1.003833943439931708e+00
2.438800000000000239e+02,1.003833124352861983e+00
2.444000000000000057e+02,1.003832328374441474e+00
2.449200000000000159e+02,1.003836121983461727e+00
2.454399999999999977e+02,1.003840547871710953e+00
2.459600000000000080e+02,1.003839978091711771e+00
2.464799999999999898e+02,1.003839181455001617e+00
2.470000000000000000e+02,1.003838391847010181e+00
2.475199999999999818e+02,1.003837622349300185e+00
2.480399999999999920e+02,1.003836844124998740e+00
2.485600000000000023e+02,1.003836066028337859e+00
2.490800000000000125e+02,1.003835315443036391e+00
2.496000000000000227e+02,1.003834546785405291e+00
2.501200000000000045e+02,1.003833787071033878e+00
2.506399999999999864e+02,1.003833048052402477e+00
2.511599999999999966e+02,1.003832296754171072e+00
2.516800000000000068e+02,1.003831548007898533e+00
2.521999999999999886e+02,1.003830804247617392e+00
2.527199999999999704e+02,1.003830083612325064e+00
2.532400000000000091e+02,1.003829351196382502e+00
2.537600000000000193e+02,1.003828623337180481e+00
2.542800000000000011e+02,1.003827920087908110e+00
2.548000000000000114e+02,1.003827200793044661e+00
2.553199999999999932e+02,1.003826483916101964e+00
2.558400000000000034e+02,1.003825792579239318e+00
2.563600000000000136e+02,1.003825087017416351e+00
2.568799999999999955e+02,1.003824386051482831e+00
2.573999999999999773e+02,1.003823706742639210e+00
2.579200000000000159e+02,1.003823016844776150e+00
2.584399999999999977e+02,1.003822329319272288e+00
2.589600000000000364e+02,1.003821665396448681e+00
2.594800000000000182e+02,1.003820983381924936e+00
2.600000000000000000e+02,1.003820310770111135e+00
2.605199999999999818e+02,1.003819639283606735e+00
2.610399999999999636e+02,1.003818994773193030e+00
2.615600000000000023e+02,1.003818331672708730e+00
2.620799999999999841e+02,1.003817654944233695e+00
2.626000000000000227e+02,1.003817019511819675e+00
2.631200000000000045e+02,1.003816372283344860e+00
2.636399999999999864e+02,1.003815726595269631e+00
2.641600000000000250e+02,1.003815106033814741e+00
2.646800000000000068e+02,1.003814469845739854e+00
2.651999999999999886e+02,1.003813840695265025e+00
2.657199999999999704e+02,1.003810597218198986e+00
2.662400000000000091e+02,1.003804740197143941e+00
2.667599999999999909e+02,1.003801943406098074e+00
2.672800000000000296e+02,1.003801327657052322e+00
2.678000000000000114e+02,1.003800735905006292e+00
2.683199999999999932e+02,1.003800128167290584e+00
2.688400000000000318e+02,1.003799525776244650e+00
2.693600000000000136e+02,1.003798945396558118e+00
2.698799999999999955e+02,1.003798351225512198e+00
2.703999999999999773e+02,1.003797759784825328e+00
2.709199999999999591e+02,1.003797193906188934e+00
2.714399999999999977e+02,1.003796610465502059e+00
2.719600000000000364e+02,1.003796033524815279e+00
2.724800000000000182e+02,1.003795458179868483e+00
2.730000000000000000e+02,1.003794906839181822e+00
2.735199999999999818e+02,1.003794336810904575e+00
2.740400000000000205e+02,1.003793777668646303e+00
2.745600000000000023e+02,1.003793237394629889e+00
2.750799999999999841e+02,1.003792683433372579e+00
2.755999999999999659e+02,1.003792130291114804e+00
2.761200000000000045e+02,1.003791600429507103e+00
2.766399999999999864e+02,1.003791054602518606e+00
2.771600000000000250e+02,1.003790516207931027e+00
2.776800000000000068e+02,1.003789999049012227e+00
2.781999999999999886e+02,1.003789466001445030e+00
2.787200000000000273e+02,1.003788936809196120e+00
2.792400000000000091e+02,1.003788430860347747e+00
2.797599999999999909e+02,1.003787909668099276e+00
2.802799999999999727e+02,1.003787393003870987e+00
2.807999999999999545e+02,1.003786879694961609e+00
2.813199999999999932e+02,1.003786387171132777e+00
2.818400000000000318e+02,1.003785879737263631e+00
2.823600000000000136e+02,1.003785373112034973e+00
2.828799999999999955e+02,1.003784893460215599e+00
2.833999999999999773e+02,1.003784398219376373e+00
2.839200000000000159e+02,1.003783905324507231e+00
2.844399999999999977e+02,1.003783431711687379e+00
2.849599999999999795e+02,1.003777867561157500e+00
2.854799999999999613e+02,1.003772419387338077e+00
2.860000000000000000e+02,1.003771940404877716e+00
2.865199999999999818e+02,1.003771479859078219e+00
2.870400000000000205e+02,1.003771011404287927e+00
2.875600000000000023e+02,1.003770542960827905e+00
2.880799999999999841e+02,1.003770096078367535e+00
2.886000000000000227e+02,1.003769631690597075e+00
2.891200000000000045e+02,1.003769173783456203e+00
2.896399999999999864e+02,1.003768736439995646e+00
2.901599999999999682e+02,1.003768286435564816e+00
2.906800000000000068e+02,1.003767837878124514e+00
2.911999999999999886e+02,1.003767390902763346e+00
2.917200000000000273e+02,1.003766965481642126e+00
2.922400000000000091e+02,1.003766526477210874e+00
2.927599999999999909e+02,1.003766068832180114e+00
2.932799999999999727e+02,1.003765656466748535e+00
2.938000000000000114e+02,1.003765228374726703e+00
2.943199999999999932e+02,1.003764802767645792e+00
2.948400000000000318e+02,1.003764399286603881e+00
2.953600000000000136e+02,1.003763979080601443e+00
2.958799999999999955e+02,1.003763562001190435e+00
2.963999999999999773e+02,1.003763166020498421e+00
2.969200000000000159e+02,1.003762754853496197e+00
2.974399999999999977e+02,1.003762345530833322e+00
2.979599999999999795e+02,1.003761961463831565e+00
2.984800000000000182e+02,1.003761559796829461e+00
2.990000000000000000e+02,1.003761163013166424e+00
2.995200000000000387e+02,1.003760098346164531e+00
3.000400000000000205e+02,1.003754490290521328e+00
3.005600000000000023e+02,1.003749952845859106e+00
3.010799999999999841e+02,1.003749569589865498e+00
3.016000000000000227e+02,1.003749205945202672e+00
3.021200000000000045e+02,1.003748825718630000e+00
3.026399999999999864e+02,1.003748446665326366e+00
3.031599999999999682e+02,1.003748071487682969e+00
3.036800000000000068e+02,1.003747718091119401e+00
3.042000000000000455e+02,1.003747347885456387e+00
3.047200000000000273e+02,1.003746980428242841e+00
3.052400000000000091e+02,1.003746635222608763e+00
3.057599999999999909e+02,1.003746274737374655e+00
3.062799999999999727e+02,1.003745918778761625e+00
3.068000000000000114e+02,1.003745582613527310e+00
3.073199999999999932e+02,1.003745229194963784e+00
3.078399999999999750e+02,1.003744879092019149e+00
3.083600000000000136e+02,1.003744549840475120e+00
3.088799999999999955e+02,1.003744205794270705e+00
3.094000000000000341e+02,1.003743862887036542e+00
3.099200000000000159e+02,1.003743544979831981e+00
3.104399999999999977e+02,1.003743210472627601e+00
3.109599999999999795e+02,1.003742877437752590e+00
3.114800000000000182e+02,1.003742545469547887e+00
3.120000000000000000e+02,1.003742235253702431e+00
3.125199999999999818e+02,1.003741905785497712e+00
3.130399999999999636e+02,1.003741584384312935e+00
3.135600000000000023e+02,1.003741282707467652e+00
3.140800000000000409e+02,1.003740966612671759e+00
3.146000000000000227e+02,1.003740650655797539e+00
3.151200000000000045e+02,1.003740356517951460e+00
3.156399999999999864e+02,1.003740044864866121e+00
3.161599999999999682e+02,1.003739736280000683e+00
3.166800000000000068e+02,1.003739449210225176e+00
3.171999999999999886e+02,1.003739146844738750e+00
3.177199999999999704e+02,1.003738845827942816e+00
3.182400000000000091e+02,1.003738567757117561e+00
3.187599999999999909e+02,1.003738272970681189e+00
3.192800000000000296e+02,1.003737981200934604e+00
3.198000000000000114e+02,1.003737709641088882e+00
3.203199999999999363e+02,1.003737420382672552e+00
3.208400000000000318e+02,1.003737134624256067e+00
3.213600000000000136e+02,1.003736850865489805e+00
3.218799999999999955e+02,1.003736587707073413e+00
3.224000000000000341e+02,1.003736306830595781e+00
3.229200000000000159e+02,1.003736029958199438e+00
3.234399999999999977e+02,1.003735772799432713e+00
3.239600000000000364e+02,1.003735501963355814e+00
3.244800000000000182e+02,1.003735231147699469e+00
3.250000000000000000e+02,1.003734984872621805e+00
3.255199999999999818e+02,1.003734719911234752e+00
3.260399999999999636e+02,1.003734457575157224e+00
3.265600000000000023e+02,1.003734214713769779e+00
3.270799999999999841e+02,1.003733954405362727e+00
3.275999999999999659e+02,1.003733543184375243e+00
3.281200000000000045e+02,1.003732773367327136e+00
3.286399999999999864e+02,1.003732386425939982e+00
3.291599999999999682e+02,1.003732672176961938e+00
3.296800000000000637e+02,1.003732688726904243e+00
3.302000000000000455e+02,1.003732461777926188e+00
3.307200000000000273e+02,1.003732484322558571e+00
3.312400000000000091e+02,1.003732778612580923e+00
3.317599999999999909e+02,1.003732749163602334e+00
3.322800000000000296e+02,1.003732529752574099e+00
3.328000000000000114e+02,1.003732657142596185e+00
3.333199999999999932e+02,1.003732940215956715e+00
3.338400000000000318e+02,1.003733244004928471e+00
3.343600000000000136e+02,1.003733548678289234e+00
3.348799999999999955e+02,1.003733837782351257e+00
3.353999999999999773e+02,1.003734147983732505e+00
3.359199999999999591e+02,1.003733980312754070e+00
3.364399999999999977e+02,1.003733756127825005e+00
3.369599999999999795e+02,1.003734053729205655e+00
3.374799999999999613e+02,1.003734371788586488e+00
3.380000000000000000e+02,1.003734692028968034e+00
3.385199999999999818e+02,1.003735070416368780e+00
3.390400000000000205e+02,1.003735909731439557e+00
3.395600000000000591e+02,1.003736634427139673e+00
3.400800000000000409e+02,1.003736960542210399e+00
3.406000000000000227e+02,1.003737287697681557e+00
3.411200000000000045e+02,1.003737599721401308e+00
3.416399999999999864e+02,1.003737932219811224e+00
3.421600000000000250e+02,1.003738266346212216e+00
3.426800000000000068e+02,1.003738830573692287e+00
3.431999999999999886e+02,1.003739683283432438e+00
3.437200000000000273e+02,1.003740251549912310e+00
3.442400000000000091e+02,1.003740594059652436e+00
3.447599999999999909e+02,1.003741243226132340e+00
3.452799999999999727e+02,1.003742103807881536e+00
3.457999999999999545e+02,1.003742622274711449e+00
3.463199999999999932e+02,1.003742970198141515e+00
3.468399999999999750e+02,1.003743701608960537e+00
3.473599999999999568e+02,1.003744567386770647e+00
3.478799999999999955e+02,1.003745437535539686e+00
3.484000000000000341e+02,1.003746309032379047e+00
3.489200000000000159e+02,1.003746703221197967e+00
3.494400000000000546e+02,1.003747059018387233e+00
3.499600000000000364e+02,1.003747935207206510e+00
3.504800000000000182e+02,1.003748812271065605e+00
3.510000000000000000e+02,1.003749691459884463e+00
3.515199999999999818e+02,1.003750570994673685e+00
3.520400000000000205e+02,1.003751453530512983e+00
3.525600000000000023e+02,1.003752336120761424e+00
3.530799999999999841e+02,1.003753223695599939e+00
3.536000000000000227e+02,1.003754264442798583e+00
3.541200000000000045e+02,1.003755686803976532e+00
3.546399999999999864e+02,1.003756900117816153e+00
3.551599999999999682e+02,1.003757793565014156e+00
3.556799999999999500e+02,1.003758686512212339e+00
3.561999999999999886e+02,1.003759579488480824e+00
3.567199999999999704e+02,1.003760761474329133e+00
3.572399999999999523e+02,1.003762175660527500e+00
3.577600000000000477e+02,1.003763285275795614e+00
3.582800000000000296e+02,1.003764186606332931e+00
3.588000000000000114e+02,1.003765452020201288e+00
3.593200000000000500e+02,1.003766872426828494e+00
3.598400000000000318e+02,1.003767909652026891e+00
3.603600000000000136e+02,1.003768813578304497e+00
3.608799999999999955e+02,1.003770160711522585e+00
3.613999999999999773e+02,1.003771585810129707e+00
3.619200000000000159e+02,1.003773012475407178e+00
3.624399999999999977e+02,1.003774459491964643e+00
3.629599999999999795e+02,1.003775889618242267e+00
3.634800000000000182e+02,1.003777301002869216e+00
3.640000000000000000e+02,1.003778217928096739e+00
3.645199999999999818e+02,1.003779212112724029e+00
3.650399999999999636e+02,1.003780644778001552e+00
3.655599999999999454e+02,1.003782212806967999e+00
3.660799999999999841e+02,1.003784185647285332e+00
3.665999999999999659e+02,1.003785987539161706e+00
3.671200000000000045e+02,1.003787447651459441e+00
3.676400000000000432e+02,1.003788889075115653e+00
3.681600000000000250e+02,1.003790350043082258e+00
3.686800000000000068e+02,1.003791792938718563e+00
3.692000000000000455e+02,1.003793239862375009e+00
3.697200000000000273e+02,1.003794972066652580e+00
3.702400000000000091e+02,1.003796953791709079e+00
3.707599999999999909e+02,1.003798612170684779e+00
3.712799999999999727e+02,1.003800080733340927e+00
3.718000000000000114e+02,1.003801531504017630e+00
3.723199999999999932e+02,1.003802983938654414e+00
3.728399999999999750e+02,1.003804857974719633e+00
3.733600000000000136e+02,1.003806847276376146e+00
3.738799999999999955e+02,1.003808838855351659e+00
3.743999999999999773e+02,1.003810812337358138e+00
3.749199999999999591e+02,1.003812305012423911e+00
3.754399999999999409e+02,1.003813762830399581e+00
3.759599999999999795e+02,1.003815757852485113e+00
3.764800000000000182e+02,1.003817752526150908e+00
3.770000000000000000e+02,1.003819752701216483e+00
3.775200000000000387e+02,1.003821734094232143e+00
3.780400000000000205e+02,1.003823731769297511e+00
3.785600000000000023e+02,1.003825730301312946e+00
3.790800000000000409e+02,1.003827732987359056e+00
3.796000000000000227e+02,1.003829736980374143e+00
3.801200000000000045e+02,1.003831723785799213e+00
3.806399999999999864e+02,1.003833729527534802e+00
3.811599999999999682e+02,1.003835735432959453e+00
3.816800000000000068e+02,1.003837742531995092e+00
3.821999999999999886e+02,1.003839751437419547e+00
3.827199999999999704e+02,1.003841740962494677e+00
3.832400000000000091e+02,1.003843749023580090e+00
3.837599999999999909e+02,1.003845760468004888e+00
3.842799999999999727e+02,1.003847774911029722e+00
3.847999999999999545e+02,1.003849769755454036e+00
3.853199999999999363e+02,1.003851783794568631e+00
3.858400000000000318e+02,1.003854199338993558e+00
3.863600000000000136e+02,1.003856729327757824e+00
3.868799999999999955e+02,1.003858823738852379e+00
3.874000000000000341e+02,1.003860842750297078e+00
3.879200000000000159e+02,1.003862862566730740e+00
3.884399999999999977e+02,1.003864882454265306e+00
3.889600000000000364e+02,1.003867420009699529e+00
3.894800000000000182e+02,1.003869919559794432e+00
3.900000000000000000e+02,1.003871941915578159e+00
3.905199999999999818e+02,1.003874041018032015e+00
3.910399999999999636e+02,1.003876581797546796e+00
3.915600000000000023e+02,1.003879008139000328e+00
3.920799999999999841e+02,1.003881016961454042e+00
3.925999999999999659e+02,1.003883216189217942e+00
3.931200000000000045e+02,1.003885760226762347e+00
3.936399999999999864e+02,1.003888303849215680e+00
3.941599999999999682e+02,1.003890850319739680e+00
3.946800000000000637e+02,1.003893167558862931e+00
3.952000000000000455e+02,1.003895179267336513e+00
3.957200000000000273e+02,1.003897497076860601e+00
3.962400000000000091e+02,1.003900046043653571e+00
3.967599999999999909e+02,1.003902596581196960e+00
3.972800000000000296e+02,1.003905148435060068e+00
3.978000000000000114e+02,1.003907719043533930e+00
3.983199999999999932e+02,1.003910270589727149e+00
3.988400000000000318e+02,1.003912423342539828e+00
3.993600000000000136e+02,1.003914442924423112e+00
3.998799999999999955e+02,1.003916940045305406e+00
4.003999999999999773e+02,1.003919494592779404e+00
4.009199999999999591e+02,1.003922051013662831e+00
4.014399999999999977e+02,1.003924608406525643e+00
4.019599999999999795e+02,1.003927165671747890e+00
4.024799999999999613e+02,1.003929723092631177e+00
4.030000000000000000e+02,1.003932301584443465e+00
4.035199999999999818e+02,1.003934861532996381e+00
4.040400000000000205e+02,1.003937421865238377e+00
4.045600000000000591e+02,1.003939848125121825e+00
4.050800000000000409e+02,1.003941895693024389e+00
4.056000000000000227e+02,1.003944114697246759e+00
4.061200000000000045e+02,1.003946677501468487e+00
4.066399999999999864e+02,1.003949240489021344e+00
4.071600000000000250e+02,1.003951806140263470e+00
4.076800000000000068e+02,1.003954372011505836e+00
4.081999999999999886e+02,1.003956956415728019e+00
4.087200000000000273e+02,1.003959522789300784e+00
4.092400000000000091e+02,1.003962091093522746e+00
4.097599999999999909e+02,1.003964659340854881e+00
4.102799999999999727e+02,1.003967227711747290e+00
4.107999999999999545e+02,1.003969797746328441e+00
4.113199999999999932e+02,1.003972368617570332e+00
4.118399999999999750e+02,1.003974958935482498e+00
4.123599999999999568e+02,1.003977529307774619e+00
4.128799999999999955e+02,1.003980100937045705e+00
4.134000000000000341e+02,1.003982672127287756e+00
4.139200000000000159e+02,1.003984767941289880e+00
4.144400000000000546e+02,1.003986825928851134e+00
4.149600000000000364e+02,1.003989400087192285e+00
4.154800000000000182e+02,1.003991973816434458e+00
4.160000000000000000e+02,1.003994550445705292e+00
4.165199999999999818e+02,1.003997126701336784e+00
4.170400000000000205e+02,1.003999722086268864e+00
4.175600000000000023e+02,1.004002298727919795e+00
4.180799999999999841e+02,1.004004875357191295e+00
4.186000000000000227e+02,1.004007280654532597e+00
4.191200000000000045e+02,1.004009343557183520e+00
4.196399999999999864e+02,1.004011616625454906e+00
4.201599999999999682e+02,1.004014196322795982e+00
4.206799999999999500e+02,1.004016776836806235e+00
4.211999999999999886e+02,1.004019356977057464e+00
4.217199999999999704e+02,1.004021938521418633e+00
4.222399999999999523e+02,1.004024538818759638e+00
4.227600000000000477e+02,1.004026777042700269e+00
4.232800000000000296e+02,1.004028843512021485e+00
4.238000000000000114e+02,1.004031273792701739e+00
4.243200000000000500e+02,1.004033876476062792e+00
4.248400000000000318e+02,1.004036039817743031e+00
4.253600000000000136e+02,1.004038108641683413e+00
4.258799999999999955e+02,1.004040616825044419e+00
4.263999999999999773e+02,1.004043221005724851e+00
4.269200000000000159e+02,1.004045310486405329e+00
4.274399999999999977e+02,1.004047381253105442e+00
4.279599999999999795e+02,1.004049967333785931e+00
4.284800000000000182e+02,1.004052516100486070e+00
4.290000000000000000e+02,1.004054587981166424e+00
4.295199999999999818e+02,1.004056736147866724e+00
4.300399999999999636e+02,1.004059324267547071e+00
4.305599999999999454e+02,1.004061798095247537e+00
4.310799999999999841e+02,1.004063872206286900e+00
4.315999999999999659e+02,1.004065926555037347e+00
4.321200000000000045e+02,1.004068000360737623e+00
4.326400000000000432e+02,1.004070052999797014e+00
4.331600000000000250e+02,1.004072127419477267e+00
4.336800000000000068e+02,1.004074183969516865e+00
4.342000000000000455e+02,1.004076259263887216e+00
4.347200000000000273e+02,1.004078621942996241e+00
4.352400000000000091e+02,1.004081213782056059e+00
4.357599999999999909e+02,1.004083480740736167e+00
4.362799999999999727e+02,1.004085557919845551e+00
4.368000000000000114e+02,1.004087253625574938e+00
4.373199999999999932e+02,1.004088815575614468e+00
4.378399999999999750e+02,1.004090779193723915e+00
4.383600000000000136e+02,1.004092857371783332e+00
4.388799999999999955e+02,1.004094916478562860e+00
4.393999999999999773e+02,1.004096995167602424e+00
4.399199999999999591e+02,1.004099074345661480e+00
4.404399999999999409e+02,1.004101134491440783e+00
4.409599999999999795e+02,1.004102698855520392e+00
4.414800000000000182e+02,1.004104301073629912e+00
4.420000000000000000e+02,1.004106362523698559e+00
4.425200000000000387e+02,1.004108347741808238e+00
4.430400000000000205e+02,1.004109912326937248e+00
4.435600000000000023e+02,1.004111592635005490e+00
4.440800000000000409e+02,1.004113673881135371e+00
4.446000000000000227e+02,1.004115583638274023e+00
4.451200000000000045e+02,1.004117130871652552e+00
4.456399999999999864e+02,1.004118697331471743e+00
4.461599999999999682e+02,1.004120245093920172e+00
4.466800000000000068e+02,1.004121793269008744e+00
4.471999999999999886e+02,1.004123360198476922e+00
4.477199999999999704e+02,1.004124907683256795e+00
4.482400000000000091e+02,1.004126475959745690e+00
4.487599999999999909e+02,1.004128024287813892e+00
4.492799999999999727e+02,1.004129592591972431e+00
4.497999999999999545e+02,1.004131141393421078e+00
4.503199999999999363e+02,1.004132691136579547e+00
4.508400000000000318e+02,1.004134259413068220e+00
4.513600000000000136e+02,1.004135809153545944e+00
4.518799999999999955e+02,1.004137378457704566e+00
4.524000000000000341e+02,1.004138928145172693e+00
4.529200000000000159e+02,1.004140000541311473e+00
4.534399999999999977e+02,1.004141035928808989e+00
4.539600000000000364e+02,1.004142605271967748e+00
4.544800000000000182e+02,1.004144098340435942e+00
4.550000000000000000e+02,1.004145133727934125e+00
4.555199999999999818e+02,1.004146168771092196e+00
4.560399999999999636e+02,1.004147204658590198e+00
4.565600000000000023e+02,1.004148240057417540e+00
4.570799999999999841e+02,1.004149295200576386e+00
4.575999999999999659e+02,1.004150503027073871e+00
4.581200000000000045e+02,1.004152054267551497e+00
4.586399999999999864e+02,1.004153185694049100e+00
4.591599999999999682e+02,1.004153706449616656e+00
4.596800000000000637e+02,1.004154475131775470e+00
4.602000000000000455e+02,1.004155511530602896e+00
4.607200000000000273e+02,1.004156548304120822e+00
4.612400000000000091e+02,1.004157585259688235e+00
4.617599999999999909e+02,1.004158621714205779e+00
4.622800000000000296e+02,1.004159658485042739e+00
4.628000000000000114e+02,1.004160313479610434e+00
4.633199999999999932e+02,1.004160834706107952e+00
4.638400000000000318e+02,1.004161776171605513e+00
4.643600000000000136e+02,1.004162812694193496e+00
4.648799999999999955e+02,1.004163391912050285e+00
4.653999999999999773e+02,1.004163894077547692e+00
4.659199999999999591e+02,1.004164415716454650e+00
4.664399999999999977e+02,1.004164937356992304e+00
4.669599999999999795e+02,1.004165439895899237e+00
4.674799999999999613e+02,1.004165961689066577e+00
4.680000000000000000e+02,1.004166483703013313e+00
4.685199999999999818e+02,1.004167004968511190e+00
4.690400000000000205e+02,1.004167507546418037e+00
4.695600000000000591e+02,1.004167895831294954e+00
4.700800000000000409e+02,1.004167882364862541e+00
4.706000000000000227e+02,1.004168060578809030e+00
4.711200000000000045e+02,1.004168563155315663e+00
4.716399999999999864e+02,1.004169085180242726e+00
4.721600000000000250e+02,1.004169606818099414e+00
4.726800000000000068e+02,1.004169860943026071e+00
4.731999999999999886e+02,1.004169847848953356e+00
4.737200000000000273e+02,1.004169834572479880e+00
4.742400000000000091e+02,1.004169840964426852e+00
4.747599999999999909e+02,1.004169827342333621e+00
4.752799999999999727e+02,1.004169814122950477e+00
4.757999999999999545e+02,1.004169820291165971e+00
4.763199999999999932e+02,1.004169807208072696e+00
4.768399999999999750e+02,1.004169793488689510e+00
4.773599999999999568e+02,1.004169799352616188e+00
4.778799999999999955e+02,1.004169785988902275e+00
4.784000000000000341e+02,1.004169772769519131e+00
4.789200000000000159e+02,1.004169777601695124e+00
4.794400000000000546e+02,1.004169744821311827e+00
4.799600000000000364e+02,1.004169215757597433e+00
4.804800000000000182e+02,1.004168743121524487e+00
4.810000000000000000e+02,1.004168729285480177e+00
4.815199999999999818e+02,1.004168619921766314e+00
4.820400000000000205e+02,1.004168089541383369e+00
4.825600000000000023e+02,1.004167559988649039e+00
4.830799999999999841e+02,1.004167029952604651e+00
4.836000000000000227e+02,1.004166499927890532e+00
4.841200000000000045e+02,1.004165969547507586e+00
4.846399999999999864e+02,1.004165439022793205e+00
4.851599999999999682e+02,1.004164907958729147e+00
4.856799999999999500e+02,1.004164377434015210e+00
4.861999999999999886e+02,1.004163846436971097e+00
4.867199999999999704e+02,1.004163315939927026e+00
4.872399999999999523e+02,1.004162784791303054e+00
4.877600000000000477e+02,1.004161909494258653e+00
4.882800000000000296e+02,1.004160843013883753e+00
4.888000000000000114e+02,1.004160177816839417e+00
4.893200000000000500e+02,1.004159645858795802e+00
4.898400000000000318e+02,1.004158694010171438e+00
4.903600000000000136e+02,1.004157627029446331e+00
4.908799999999999955e+02,1.004156578371402375e+00
4.913999999999999773e+02,1.004155530493708204e+00
4.919200000000000159e+02,1.004154959737093344e+00
4.924399999999999977e+02,1.004154407179048913e+00
4.929599999999999795e+02,1.004153358673364416e+00
4.934800000000000182e+02,1.004152309487650108e+00
4.940000000000000000e+02,1.004151241450035092e+00
4.945199999999999818e+02,1.004150077036330080e+00
4.950399999999999636e+02,1.004148511207356265e+00
4.955599999999999454e+02,1.004147060113001144e+00
4.960799999999999841e+02,1.004146009799295802e+00
4.965999999999999659e+02,1.004144940456342061e+00
4.971200000000000045e+02,1.004143889989656868e+00
4.976400000000000432e+02,1.004142609533041908e+00
4.981600000000000250e+02,1.004141023805356747e+00
4.986800000000000068e+02,1.004139704593052018e+00
4.992000000000000455e+02,1.004138653165366657e+00
4.997200000000000273e+02,1.004137276527752087e+00
5.002400000000000091e+02,1.004135707581067072e+00
5.007599999999999909e+02,1.004134120382451867e+00
5.012799999999999727e+02,1.004132533154766804e+00
5.018000000000000114e+02,1.004130944637152023e+00
5.023199999999999932e+02,1.004129356370466963e+00
5.028399999999999750e+02,1.004128207010851925e+00
5.033600000000000136e+02,1.004127134356576079e+00
5.038799999999999955e+02,1.004125143209891213e+00
5.043999999999999773e+02,1.004123038311276250e+00
5.049199999999999591e+02,1.004121429040681246e+00
5.054399999999999409e+02,1.004119857796335280e+00
5.059599999999999795e+02,1.004118267097720230e+00
5.064800000000000182e+02,1.004116676810464570e+00
5.070000000000000000e+02,1.004115085082779357e+00
5.075200000000000387e+02,1.004113398267503454e+00
5.080400000000000205e+02,1.004111289549888708e+00
5.085600000000000023e+02,1.004109315234612776e+00
5.090800000000000409e+02,1.004107722073947606e+00
5.096000000000000227e+02,1.004105957358671919e+00
5.101200000000000045e+02,1.004103847899085800e+00
5.106399999999999864e+02,1.004101948486490814e+00
5.111599999999999682e+02,1.004100373299235072e+00
5.116800000000000068e+02,1.004098489083959267e+00
5.122000000000000455e+02,1.004096378067633299e+00
5.127200000000000273e+02,1.004094267052357603e+00
5.132400000000000091e+02,1.004092155604101588e+00
5.137599999999999909e+02,1.004090023700176859e+00
5.142799999999999727e+02,1.004087911223900953e+00
5.147999999999999545e+02,1.004085798083665049e+00
5.153199999999999363e+02,1.004083684607388838e+00
5.158400000000000318e+02,1.004081570647803234e+00
5.163600000000000136e+02,1.004079456543886417e+00
5.168799999999999955e+02,1.004077321967610681e+00
5.173999999999999773e+02,1.004075207366374789e+00
5.179200000000000728e+02,1.004073090906788757e+00
5.184400000000000546e+02,1.004070974430512964e+00
5.189600000000000364e+02,1.004068857829277128e+00
5.194800000000000182e+02,1.004066741253030415e+00
5.200000000000000000e+02,1.004064602743774515e+00
5.205199999999999818e+02,1.004062388114518756e+00
5.210399999999999636e+02,1.004059734238271773e+00
5.215599999999999454e+02,1.004057233166105956e+00
5.220799999999999272e+02,1.004055114101189083e+00
5.226000000000000227e+02,1.004052994499603502e+00
5.231200000000000045e+02,1.004050872934686645e+00
5.236399999999999864e+02,1.004048521661120574e+00
5.241599999999999682e+02,1.004045865296204099e+00
5.246800000000000637e+02,1.004043495424038257e+00
5.252000000000000455e+02,1.004041373858771458e+00
5.257200000000000273e+02,1.004038926440874446e+00
5.262400000000000091e+02,1.004036285859288835e+00
5.267599999999999909e+02,1.004033969670462101e+00
5.272799999999999727e+02,1.004031843094215226e+00
5.277999999999999545e+02,1.004029334415318608e+00
5.283200000000000500e+02,1.004026672580752955e+00
5.288400000000000318e+02,1.004024029844905908e+00
5.293600000000000136e+02,1.004021368854679075e+00
5.298799999999999955e+02,1.004019182836782376e+00
5.303999999999999773e+02,1.004017053328605691e+00
5.309199999999999591e+02,1.004014406449708519e+00
5.314399999999999409e+02,1.004011759059482367e+00
5.319600000000000364e+02,1.004009094637325239e+00
5.324800000000000182e+02,1.004006449719428984e+00
5.330000000000000000e+02,1.004003780450251959e+00
5.335199999999999818e+02,1.004001226032355198e+00
5.340400000000000773e+02,1.003999091754537609e+00
5.345600000000000591e+02,1.003996804803310550e+00
5.350800000000000409e+02,1.003994154424413754e+00
5.356000000000000227e+02,1.003991484963257186e+00
5.361200000000000045e+02,1.003988832109349527e+00
5.366399999999999864e+02,1.003986159659522759e+00
5.371599999999999682e+02,1.003983504308295860e+00
5.376800000000000637e+02,1.003980830230478460e+00
5.382000000000000455e+02,1.003978174947671942e+00
5.387200000000000273e+02,1.003975500996445058e+00
5.392400000000000091e+02,1.003972826918627437e+00
5.397599999999999909e+02,1.003970513839730572e+00
5.402799999999999727e+02,1.003968372100913165e+00
5.407999999999999545e+02,1.003965846449686117e+00
5.413199999999999363e+02,1.003963166938888429e+00
5.418399999999999181e+02,1.003960487833400750e+00
5.423600000000000136e+02,1.003957827868194208e+00
5.428799999999999955e+02,1.003955146790376451e+00
5.434000000000000909e+02,1.003952483879578805e+00
5.439200000000000728e+02,1.003949799467352300e+00
5.444400000000000546e+02,1.003947133961864413e+00
5.449600000000000364e+02,1.003944449923046767e+00
5.454800000000000182e+02,1.003941784512249358e+00
5.460000000000000000e+02,1.003939097791381352e+00
5.465199999999999818e+02,1.003936429508224704e+00
5.470399999999999636e+02,1.003933742497427062e+00
5.475599999999999454e+02,1.003931207230939426e+00
5.480800000000000409e+02,1.003929050310071514e+00
5.486000000000000227e+02,1.003926702638273882e+00
5.491200000000000045e+02,1.003924031699456654e+00
5.496399999999999864e+02,1.003921341007658619e+00
5.501599999999999682e+02,1.003918665135861144e+00
5.506799999999999500e+02,1.003915970567973659e+00
5.511999999999999318e+02,1.003913295348535240e+00
5.517200000000000273e+02,1.003910904948717597e+00
5.522400000000000091e+02,1.003908742248899921e+00
5.527599999999999909e+02,1.003906234585121959e+00
5.532799999999999727e+02,1.003903534585304680e+00
5.538000000000000682e+02,1.003900854404866427e+00
5.543200000000000500e+02,1.003898154366048567e+00
5.548400000000000318e+02,1.003895892041271054e+00
5.553600000000000136e+02,1.003893724656722330e+00
5.558799999999999955e+02,1.003891077831944534e+00
5.563999999999999773e+02,1.003888372332127243e+00
5.569199999999999591e+02,1.003885686651688536e+00
5.574400000000000546e+02,1.003883019851870673e+00
5.579600000000000364e+02,1.003880845371432295e+00
5.584800000000000182e+02,1.003878593271614550e+00
5.590000000000000000e+02,1.003875883530176205e+00
5.595199999999999818e+02,1.003873306634468276e+00
5.600399999999999636e+02,1.003871128778989874e+00
5.605599999999999454e+02,1.003868778937551554e+00
5.610799999999999272e+02,1.003866082037733864e+00
5.615999999999999091e+02,1.003863558296295588e+00
5.621200000000000045e+02,1.003861377843527025e+00
5.626399999999999864e+02,1.003859196029729173e+00
5.631600000000000819e+02,1.003857010202270805e+00
5.636800000000000637e+02,1.003854557360832178e+00
5.642000000000000455e+02,1.003851837091373822e+00
5.647200000000000273e+02,1.003849439348646122e+00
5.652400000000000091e+02,1.003847251434877297e+00
5.657599999999999909e+02,1.003845061965418894e+00
5.662799999999999727e+02,1.003842852423980414e+00
5.667999999999999545e+02,1.003840659982542016e+00
5.673199999999999363e+02,1.003838466666063356e+00
5.678400000000000318e+02,1.003836271281364878e+00
5.683600000000000136e+02,1.003834075839926676e+00
5.688799999999999955e+02,1.003831877898487823e+00
5.693999999999999773e+02,1.003829660368029231e+00
5.699199999999999591e+02,1.003827461483330907e+00
5.704399999999999409e+02,1.003825263041892013e+00
5.709599999999999227e+02,1.003823060100453413e+00
5.714800000000000182e+02,1.003820856571424613e+00
5.720000000000000000e+02,1.003818650129635781e+00
5.725199999999999818e+02,1.003816539727197199e+00
5.730399999999999636e+02,1.003814868114828451e+00
5.735600000000000591e+02,1.003813023984399200e+00
5.740800000000000409e+02,1.003810812542961006e+00
5.746000000000000227e+02,1.003808582069592115e+00
5.751200000000000045e+02,1.003806370694823702e+00
5.756399999999999864e+02,1.003804386808704319e+00
5.761599999999999682e+02,1.003802705196335632e+00
5.766799999999999500e+02,1.003800717865906078e+00
5.772000000000000455e+02,1.003798500992538090e+00
5.777200000000000273e+02,1.003796607162108501e+00
5.782400000000000091e+02,1.003794900959670056e+00
5.787599999999999909e+02,1.003793193630640568e+00
5.792799999999999727e+02,1.003791484455872185e+00
5.797999999999999545e+02,1.003789394473862728e+00
5.803199999999999363e+02,1.003787170099094128e+00
5.808400000000000318e+02,1.003785362309064899e+00
5.813600000000000136e+02,1.003783648106626014e+00
5.818799999999999955e+02,1.003781951405266826e+00
5.823999999999999773e+02,1.003780235433187507e+00
5.829200000000000728e+02,1.003778517131827863e+00
5.834400000000000546e+02,1.003776797929389453e+00
5.839600000000000364e+02,1.003775076167030100e+00
5.844800000000000182e+02,1.003773374285020781e+00
5.850000000000000000e+02,1.003771647493591379e+00
5.855199999999999818e+02,1.003770034959222679e+00
5.860399999999999636e+02,1.003768843275813616e+00
5.865599999999999454e+02,1.003767478385783951e+00
5.870799999999999272e+02,1.003765746623424659e+00
5.876000000000000227e+02,1.003764033212345197e+00
5.881200000000000045e+02,1.003762298949985698e+00
5.886399999999999864e+02,1.003760792733596308e+00
5.891599999999999682e+02,1.003759590743567021e+00
5.896800000000000637e+02,1.003758100781207530e+00
5.902000000000000455e+02,1.003756361309128264e+00
5.907200000000000273e+02,1.003754943746768769e+00
5.912400000000000091e+02,1.003753733603759635e+00
5.917599999999999909e+02,1.003752503012329989e+00
5.922799999999999727e+02,1.003751290425010767e+00
5.927999999999999545e+02,1.003749674873981146e+00
5.933200000000000500e+02,1.003747925302981070e+00
5.938400000000000318e+02,1.003746612311551489e+00
5.943600000000000136e+02,1.003745375607542067e+00
5.948799999999999955e+02,1.003744153673202799e+00
5.953999999999999773e+02,1.003742930902202124e+00
5.959199999999999591e+02,1.003741686322102700e+00
5.964399999999999409e+02,1.003740460706763482e+00
5.969600000000000364e+02,1.003739213558444421e+00
5.974800000000000182e+02,1.003738061851754182e+00
5.980000000000000000e+02,1.003737343936414339e+00
5.985199999999999818e+02,1.003736511804414366e+00
5.990400000000000773e+02,1.003735256752334992e+00
5.995600000000000591e+02,1.003734019636995489e+00
6.000800000000000409e+02,1.003732759804995212e+00
6.006000000000000227e+02,1.003731708409655532e+00
6.011200000000000045e+02,1.003730980849985466e+00
6.016399999999999864e+02,1.003730022773645869e+00
6.021599999999999682e+02,1.003728757122645865e+00
6.026800000000000637e+02,1.003727795390645383e+00
6.032000000000000455e+02,1.003727040357565992e+00
6.037200000000000273e+02,1.003726303353585703e+00
6.042400000000000091e+02,1.003725564630226552e+00
6.047599999999999909e+02,1.003724460698226295e+00
6.052799999999999727e+02,1.003723201494245876e+00
6.057999999999999545e+02,1.003722339873575731e+00
6.063199999999999363e+02,1.003721591025255933e+00
6.068399999999999181e+02,1.003720823393255968e+00
6.073600000000000136e+02,1.003720074081255742e+00
6.078799999999999955e+02,1.003719319549254863e+00
6.084000000000000909e+02,1.003718562672915482e+00
6.089200000000000728e+02,1.003717803680265197e+00
6.094400000000000546e+02,1.003717044648265055e+00
6.099600000000000364e+02,1.003716283183285096e+00
6.104800000000000182e+02,1.003715598090284544e+00
6.110000000000000000e+02,1.003715365886304500e+00
6.115199999999999818e+02,1.003714999493304560e+00
6.120399999999999636e+02,1.003714227028323691e+00
6.125599999999999454e+02,1.003713454025393581e+00
6.130800000000000409e+02,1.003712657432743294e+00
6.136000000000000227e+02,1.003712089539743113e+00
6.141200000000000045e+02,1.003711825274762770e+00
6.146399999999999864e+02,1.003711331281762265e+00
6.151599999999999682e+02,1.003710548316782303e+00
6.156799999999999500e+02,1.003710049323781828e+00
6.161999999999999318e+02,1.003709774558801504e+00
6.167200000000000273e+02,1.003709498322891136e+00
6.172400000000000091e+02,1.003709221374230021e+00
6.177599999999999909e+02,1.003708597309249884e+00
6.182799999999999727e+02,1.003707799316249538e+00
6.188000000000000682e+02,1.003707398451269217e+00
6.193200000000000500e+02,1.003707110725288842e+00
6.198400000000000318e+02,1.003706822152717670e+00
6.203600000000000136e+02,1.003706550487737603e+00
6.208799999999999955e+02,1.003706256194736968e+00
6.213999999999999773e+02,1.003705960813096043e+00
6.219199999999999591e+02,1.003705679677185714e+00
6.224400000000000546e+02,1.003705378923185565e+00
6.229600000000000364e+02,1.003705073849564311e+00
6.234800000000000182e+02,1.003704786723583986e+00
6.240000000000000000e+02,1.003704475803992580e+00
6.245199999999999818e+02,1.003704164078012662e+00
6.250399999999999636e+02,1.003703867143391548e+00
6.255599999999999454e+02,1.003703703207131204e+00
6.260799999999999272e+02,1.003703919125489952e+00
6.265999999999999091e+02,1.003703922599509690e+00
6.271200000000000045e+02,1.003703596564888612e+00
6.276399999999999864e+02,1.003703287400958377e+00
6.281600000000000819e+02,1.003702958519317345e+00
6.286800000000000637e+02,1.003702890669426750e+00
6.292000000000000455e+02,1.003703088087785522e+00
6.297200000000000273e+02,1.003702959778124404e+00
6.302400000000000091e+02,1.003702620455904304e+00
6.307599999999999909e+02,1.003702277574263002e+00
6.312799999999999727e+02,1.003701951792621561e+00
6.317999999999999545e+02,1.003702003014711241e+00
6.323199999999999363e+02,1.003702184972070643e+00
6.328400000000000318e+02,1.003702346666519363e+00
6.333600000000000136e+02,1.003702526112548066e+00
6.338799999999999955e+02,1.003702202806996846e+00
6.343999999999999773e+02,1.003701858681016690e+00
6.349199999999999591e+02,1.003702025957375454e+00
6.354399999999999409e+02,1.003702173304804379e+00
6.359599999999999227e+02,1.003702334789832840e+00
6.364800000000000182e+02,1.003702400584281840e+00
6.370000000000000000e+02,1.003702022049660636e+00
6.375199999999999818e+02,1.003701776436089377e+00
6.380399999999999636e+02,1.003701927229138313e+00
6.385600000000000591e+02,1.003702077187547115e+00
6.390800000000000409e+02,1.003702203891926104e+00
6.396000000000000227e+02,1.003702347339354706e+00
6.401200000000000045e+02,1.003702485671403410e+00
6.406399999999998727e+02,1.003702602557832613e+00
6.411599999999999682e+02,1.003702734823211262e+00
6.416800000000000637e+02,1.003702865656660004e+00
6.422000000000000455e+02,1.003702974070759035e+00
6.427200000000000273e+02,1.003703098875137867e+00
6.432400000000000091e+02,1.003703220861566381e+00
6.437599999999999909e+02,1.003703338693615388e+00
6.442799999999999727e+02,1.003703434271402850e+00
6.448000000000000682e+02,1.003703545257832008e+00
6.453199999999999363e+02,1.003703654589880978e+00
6.458400000000000318e+02,1.003703740823329804e+00
6.463599999999999000e+02,1.003703845127708938e+00
6.468799999999999955e+02,1.003703942986146735e+00
6.473999999999999773e+02,1.003704019719595886e+00
6.479200000000000728e+02,1.003704111523974429e+00
6.484399999999999409e+02,1.003704202382412314e+00
6.489600000000000364e+02,1.003704267154861274e+00
6.494799999999999045e+02,1.003704349959239961e+00
6.500000000000000000e+02,1.003704428164697848e+00
6.505200000000000955e+02,1.003704486398147022e+00
6.510399999999999636e+02,1.003704555922175556e+00
6.515600000000000591e+02,1.003704625599963540e+00
6.520799999999999272e+02,1.003704671372412038e+00
6.526000000000000227e+02,1.003704735077870502e+00
6.531200000000000045e+02,1.003704794921248755e+00
6.536400000000001000e+02,1.003705079979687165e+00
6.541599999999999682e+02,1.003705645052135775e+00
6.546800000000000637e+02,1.003705921457593853e+00
6.551999999999999318e+02,1.003705965328992589e+00
6.557200000000000273e+02,1.003706007045780835e+00
6.562400000000000091e+02,1.003706046251238604e+00
6.567599999999999909e+02,1.003706061523687465e+00
6.572799999999999727e+02,1.003706092739075295e+00
6.577999999999999545e+02,1.003706118572524453e+00
6.583199999999999363e+02,1.003706122716982119e+00
6.588400000000000318e+02,1.003706142114769939e+00
6.593600000000001273e+02,1.003706160014889104e+00
6.598799999999999955e+02,1.003706649202606771e+00
6.604000000000000909e+02,1.003707175647064576e+00
6.609199999999999591e+02,1.003707159763852497e+00
6.614400000000000546e+02,1.003707162163971489e+00
6.619600000000000364e+02,1.003707156908779430e+00
6.624800000000000182e+02,1.003707132553237624e+00
6.630000000000000000e+02,1.003707121770025523e+00
6.635199999999999818e+02,1.003707109641074124e+00
6.640399999999999636e+02,1.003707069785532147e+00
6.645600000000000591e+02,1.003707047916359896e+00
6.650799999999999272e+02,1.003707021660818155e+00
6.656000000000000227e+02,1.003706974277606134e+00
6.661199999999998909e+02,1.003706940522063773e+00
6.666399999999999864e+02,1.003707152105872469e+00
6.671599999999999682e+02,1.003707626050329926e+00
6.676800000000000637e+02,1.003707809967117726e+00
6.681999999999999318e+02,1.003707741150575927e+00
6.687200000000000273e+02,1.003707687423053496e+00
6.692400000000000091e+02,1.003707629678841640e+00
6.697599999999999909e+02,1.003707549170319568e+00
6.702800000000000864e+02,1.003707483481797613e+00
6.707999999999999545e+02,1.003707414698585598e+00
6.713200000000000500e+02,1.003707343982043421e+00
6.718399999999999181e+02,1.003707246626851068e+00
6.723600000000000136e+02,1.003707166257329364e+00
6.728799999999999955e+02,1.003707078540787778e+00
6.734000000000000909e+02,1.003706970685595445e+00
6.739199999999999591e+02,1.003706874969053420e+00
6.744400000000000546e+02,1.003706778252511089e+00
6.749599999999999227e+02,1.003706652627678553e+00
6.754800000000000182e+02,1.003706449872136419e+00
6.760000000000000000e+02,1.003705821955594102e+00
6.765199999999999818e+02,1.003705307139401981e+00
6.770399999999999636e+02,1.003705168169880091e+00
6.775599999999999454e+02,1.003705046325697126e+00
6.780800000000000409e+02,1.003704915581485002e+00
6.786000000000000227e+02,1.003704764111962966e+00
6.791200000000001182e+02,1.003704625767780190e+00
6.796399999999999864e+02,1.003704484551237952e+00
6.801600000000000819e+02,1.003704319582065629e+00
6.806799999999999500e+02,1.003703882209862730e+00
6.812000000000000455e+02,1.003703190722391003e+00
6.817200000000000273e+02,1.003702839353218801e+00
6.822400000000000091e+02,1.003702675020015977e+00
6.827599999999999909e+02,1.003702123831493820e+00
6.832799999999999727e+02,1.003701417006310992e+00
6.837999999999999545e+02,1.003701123190118727e+00
6.843200000000000500e+02,1.003700940359597116e+00
6.848399999999999181e+02,1.003700293644484098e+00
6.853600000000000136e+02,1.003699568127941921e+00
6.858799999999998818e+02,1.003699333469778798e+00
6.863999999999999773e+02,1.003699115625566796e+00
6.869199999999999591e+02,1.003698373828403767e+00
6.874400000000000546e+02,1.003697706595200856e+00
6.879600000000000364e+02,1.003697468682768656e+00
6.884800000000000182e+02,1.003697153849566037e+00
6.890000000000000000e+02,1.003696391680393818e+00
6.895199999999999818e+02,1.003695648147191255e+00
6.900400000000000773e+02,1.003694878918098166e+00
6.905599999999999454e+02,1.003694106401556096e+00
6.910800000000000409e+02,1.003693345743393195e+00
6.915999999999999091e+02,1.003692562765851060e+00
6.921200000000000045e+02,1.003691772470088006e+00
6.926399999999999864e+02,1.003690997436885057e+00
6.931600000000000819e+02,1.003690196678722391e+00
6.936799999999999500e+02,1.003689392076220210e+00
6.942000000000000455e+02,1.003688602533087337e+00
6.947199999999999136e+02,1.003687788774924483e+00
6.952400000000000091e+02,1.003686969141721175e+00
6.957599999999999909e+02,1.003686145511549332e+00
6.962799999999999727e+02,1.003685337354436546e+00
6.968000000000000682e+02,1.003684501749253055e+00
6.973199999999999363e+02,1.003683661991090492e+00
6.978400000000000318e+02,1.003682376586957359e+00
6.983600000000000136e+02,1.003681012784455318e+00
6.988800000000001091e+02,1.003680137426292474e+00
6.993999999999999773e+02,1.003679259722159545e+00
6.999200000000000728e+02,1.003677876763996446e+00
7.004399999999999409e+02,1.003676549577813493e+00
7.009600000000000364e+02,1.003675672974030819e+00
7.014800000000000182e+02,1.003674719854867892e+00
7.020000000000000000e+02,1.003673314397754979e+00
7.025199999999999818e+02,1.003671907939591934e+00
7.030399999999999636e+02,1.003670491634409245e+00
7.035599999999999454e+02,1.003669055616296157e+00
7.040800000000000409e+02,1.003667632158133260e+00
7.045999999999999091e+02,1.003666204382020366e+00
7.051200000000000045e+02,1.003664767962857418e+00
7.056399999999998727e+02,1.003663327476674194e+00
7.061599999999999682e+02,1.003661880586581345e+00
7.066800000000000637e+02,1.003660430128418657e+00
7.072000000000000455e+02,1.003658974824285677e+00
7.077200000000000273e+02,1.003657169605122634e+00
7.082400000000000091e+02,1.003655185976029873e+00
7.087599999999999909e+02,1.003653559601205947e+00
7.092799999999999727e+02,1.003652081154023268e+00
7.098000000000000682e+02,1.003650175177910109e+00
7.103199999999999363e+02,1.003648170558747221e+00
7.108400000000000318e+02,1.003646137329654131e+00
7.113599999999999000e+02,1.003644119682471247e+00
7.118799999999999955e+02,1.003642095936717382e+00
7.123999999999999773e+02,1.003640051217554729e+00
7.129200000000000728e+02,1.003638014088461539e+00
7.134399999999999409e+02,1.003635955994258699e+00
7.139600000000000364e+02,1.003633905248505043e+00
7.144799999999999045e+02,1.003631834529341793e+00
7.150000000000000000e+02,1.003629774939248875e+00
7.155200000000000955e+02,1.003627561353095388e+00
7.160399999999999636e+02,1.003624973034982215e+00
7.165600000000000591e+02,1.003622363615819024e+00
7.170799999999999272e+02,1.003619746570065141e+00
7.176000000000000227e+02,1.003617354379972459e+00
7.181200000000000045e+02,1.003615239160809525e+00
7.186400000000001000e+02,1.003612872515055932e+00
7.191599999999999682e+02,1.003610250167872531e+00
7.196800000000000637e+02,1.003607298022118899e+00
7.201999999999999318e+02,1.003604127902956167e+00
7.207200000000000273e+02,1.003601296112863306e+00
7.212400000000000091e+02,1.003598631633779270e+00
7.217599999999999909e+02,1.003595577214616341e+00
7.222799999999999727e+02,1.003592383968862745e+00
7.227999999999999545e+02,1.003589183821679498e+00
7.233199999999999363e+02,1.003585980075926143e+00
7.238400000000000318e+02,1.003582747424832888e+00
7.243600000000001273e+02,1.003579530650009044e+00
7.248799999999999955e+02,1.003576302587586122e+00
7.254000000000000909e+02,1.003573072841832170e+00
7.259199999999999591e+02,1.003569833606008377e+00
7.264400000000000546e+02,1.003566535715915364e+00
7.269600000000000364e+02,1.003562748209161581e+00
7.274800000000000182e+02,1.003558958761978870e+00
7.280000000000000000e+02,1.003555177190915026e+00
7.285199999999999818e+02,1.003551374184161293e+00
7.290399999999999636e+02,1.003547578864998346e+00
7.295600000000000591e+02,1.003543590458244372e+00
7.300799999999999272e+02,1.003539250212490463e+00
7.306000000000000227e+02,1.003534905659997589e+00
7.311199999999998909e+02,1.003530552453243851e+00
7.316399999999999864e+02,1.003526194207490008e+00
7.321599999999999682e+02,1.003521827474347372e+00
7.326800000000000637e+02,1.003517474328593506e+00
7.331999999999999318e+02,1.003513094649509663e+00
7.337200000000000273e+02,1.003508364642755613e+00
7.342400000000000091e+02,1.003503455862592597e+00
7.347599999999999909e+02,1.003498521163858959e+00
7.352800000000000864e+02,1.003493599784774926e+00
7.357999999999999545e+02,1.003488669378020948e+00
7.363200000000000500e+02,1.003483734942197447e+00
7.368399999999999181e+02,1.003478313535443478e+00
7.373600000000000136e+02,1.003472830820040906e+00
7.378799999999999955e+02,1.003467357213287059e+00
7.384000000000000909e+02,1.003461842377463054e+00
7.389199999999999591e+02,1.003455819470709498e+00
7.394400000000000546e+02,1.003449853238645328e+00
7.399599999999999227e+02,1.003444348131891539e+00
7.404800000000000182e+02,1.003438613296067983e+00
7.410000000000000000e+02,1.003432047536334082e+00
7.415199999999999818e+02,1.003425613157250096e+00
7.420399999999999636e+02,1.003419547250496535e+00
7.425599999999999454e+02,1.003413116290762686e+00
7.430800000000000409e+02,1.003405986411678663e+00
7.436000000000000227e+02,1.003399082203874970e+00
7.441200000000001182e+02,1.003392474944141188e+00
7.446399999999999864e+02,1.003385595004057329e+00
7.451600000000000819e+02,1.003378439097303731e+00
7.456799999999999500e+02,1.003370971437569370e+00
7.462000000000000455e+02,1.003363284358485652e+00
7.467200000000000273e+02,1.003355590261661989e+00
7.472400000000000091e+02,1.003347890501928186e+00
7.477599999999999909e+02,1.003340180922844160e+00
7.482799999999999727e+02,1.003332465316090438e+00
7.487999999999999545e+02,1.003324301823376619e+00
7.493200000000000500e+02,1.003316057044292497e+00
7.498399999999999181e+02,1.003307325584559040e+00
7.503600000000000136e+02,1.003298533361144163e+00
7.508799999999998818e+02,1.003289728129080238e+00
7.513999999999999773e+02,1.003280900932256747e+00
7.519199999999999591e+02,1.003271565625502904e+00
7.524400000000000546e+02,1.003262228732439310e+00
7.529600000000000364e+02,1.003252876453704978e+00
7.534800000000000182e+02,1.003243313804980774e+00
7.540000000000000000e+02,1.003232894998226543e+00
7.545199999999999818e+02,1.003222608277493100e+00
7.550400000000000773e+02,1.003212711298409054e+00
7.555599999999999454e+02,1.003202429550034580e+00
7.560800000000000409e+02,1.003191447509950818e+00
7.565999999999999091e+02,1.003180480850216716e+00
7.571200000000000045e+02,1.003169504382462884e+00
7.576399999999999864e+02,1.003158255733738180e+00
7.581600000000000819e+02,1.003146728926984421e+00
7.586799999999999500e+02,1.003135195561940529e+00
7.592000000000000455e+02,1.003123653638525736e+00
7.597199999999999136e+02,1.003111434745461938e+00
7.602400000000000091e+02,1.003098825938708361e+00
7.607599999999999909e+02,1.003086228018003734e+00
7.612799999999999727e+02,1.003073604097269866e+00
7.618000000000000682e+02,1.003060570073855073e+00
7.623199999999999363e+02,1.003047417480791070e+00
7.628400000000000318e+02,1.003033775013037365e+00
7.633600000000000136e+02,1.003020091092332589e+00
7.638800000000001091e+02,1.003005896824578969e+00
7.643999999999999773e+02,1.002991643436854208e+00
7.649200000000000728e+02,1.002976876616120450e+00
7.654399999999999409e+02,1.002962108348395498e+00
7.659600000000000364e+02,1.002947326527661831e+00
7.664800000000000182e+02,1.002932334517937285e+00
7.670000000000000000e+02,1.002916486378203187e+00
7.675199999999999818e+02,1.002900502729478616e+00
7.680399999999999636e+02,1.002884123361724944e+00
7.685599999999999454e+02,1.002867550213000003e+00
7.690800000000000409e+02,1.002850639520286302e+00
7.695999999999999091e+02,1.002833724324541542e+00
7.701200000000000045e+02,1.002816779003807612e+00
7.706399999999998727e+02,1.002799312422103073e+00
7.711599999999999682e+02,1.002781320074778382e+00
7.716800000000000637e+02,1.002762689234694582e+00
7.722000000000000455e+02,1.002743646986319792e+00
7.727200000000000273e+02,1.002724577793256078e+00
7.732400000000000091e+02,1.002705500608841449e+00
7.737599999999999909e+02,1.002686034288136296e+00
7.742799999999999727e+02,1.002666409767402733e+00
7.748000000000000682e+02,1.002645930757678050e+00
7.753199999999999363e+02,1.002625253389953563e+00
7.758400000000000318e+02,1.002604108137289618e+00
7.763599999999999000e+02,1.002582883288564819e+00
7.768799999999999955e+02,1.002560650240190476e+00
7.773999999999999773e+02,1.002538375683445393e+00
7.779200000000000728e+02,1.002516086562711628e+00
7.784399999999999409e+02,1.002493586781006973e+00
7.789600000000000364e+02,1.002469714832282310e+00
7.794799999999999045e+02,1.002445841232598722e+00
7.800000000000000000e+02,1.002421931711893643e+00
7.805200000000000955e+02,1.002397752774498718e+00
7.810399999999999636e+02,1.002372796853794101e+00
7.815600000000000591e+02,1.002347454444069363e+00
7.820799999999999272e+02,1.002321447791405529e+00
7.826000000000000227e+02,1.002294959623680981e+00
7.831200000000000045e+02,1.002267887286286019e+00
7.836400000000001000e+02,1.002240788904581681e+00
7.841599999999999682e+02,1.002213698555857180e+00
7.846800000000000637e+02,1.002185664847532243e+00
7.851999999999999318e+02,1.002156973265827755e+00
7.857200000000000273e+02,1.002127927598073898e+00
7.862400000000000091e+02,1.002098721416369020e+00
7.867599999999999909e+02,1.002068302406644573e+00
7.872799999999999727e+02,1.002037494926339534e+00
7.877999999999999545e+02,1.002006254716614864e+00
7.883199999999999363e+02,1.001974913495910391e+00
7.888400000000000318e+02,1.001943061658515433e+00
7.893600000000001273e+02,1.001911186277860466e+00
7.898799999999999955e+02,1.001877750796156041e+00
7.904000000000000909e+02,1.001844216758761563e+00
7.909199999999999591e+02,1.001809673577056969e+00
7.914400000000000546e+02,1.001774994349382109e+00
7.919600000000000364e+02,1.001739399740007253e+00
7.924800000000000182e+02,1.001703689030282840e+00
7.930000000000000000e+02,1.001667541177647669e+00
7.935199999999999818e+02,1.001630951440253048e+00
7.940399999999999636e+02,1.001593221358548336e+00
7.945600000000000591e+02,1.001554933848823659e+00
7.950799999999999272e+02,1.001515619568519089e+00
7.956000000000000227e+02,1.001476070558794618e+00
7.961199999999998909e+02,1.001436222077089599e+00
7.966399999999999864e+02,1.001395545768765105e+00
7.971599999999999682e+02,1.001354093987060212e+00
7.976800000000000637e+02,1.001312022516335665e+00
7.981999999999999318e+02,1.001269520863700802e+00
7.987200000000000273e+02,1.001226303270645435e+00
7.992400000000000091e+02,1.001182751688940442e+00
7.997599999999999909e+02,1.001137986308285877e+00
8.002800000000000864e+02,1.001092831437911057e+00
8.007999999999999545e+02,1.001046365228186685e+00
8.013200000000000500e+02,1.000999625675551563e+00
8.018399999999999181e+02,1.000951936538186482e+00
8.023600000000000136e+02,1.000904128439791707e+00
8.028799999999999955e+02,1.000854760634176888e+00
8.034000000000000909e+02,1.000805313024452081e+00
8.039199999999999591e+02,1.000754853281747403e+00
8.044400000000000546e+02,1.000704124917761950e+00
8.049599999999999227e+02,1.000651563275057221e+00
8.054800000000000182e+02,1.000598770894402634e+00
8.060000000000000000e+02,1.000545137712697930e+00
8.065199999999999818e+02,1.000491044486661929e+00
8.070399999999999636e+02,1.000435829606007188e+00
8.075599999999999454e+02,1.000379846263303119e+00
8.080800000000000409e+02,1.000322531800598158e+00
8.086000000000000227e+02,1.000264732931302580e+00
8.091200000000001182e+02,1.000206346621927977e+00
8.096399999999999864e+02,1.000147131580273241e+00
8.101600000000000819e+02,1.000087141881907726e+00
8.106799999999999500e+02,1.000025901801252726e+00
8.112000000000000455e+02,9.999638304585481974e-01
8.117200000000000273e+02,9.999006600405325740e-01
8.122400000000000091e+02,9.998369828988777908e-01
8.127599999999999909e+02,9.997721115561731819e-01
8.132799999999999727e+02,9.997068525478775003e-01
8.137999999999999545e+02,9.996398405771528273e-01
8.143200000000000500e+02,9.995724791801871012e-01
8.148399999999999181e+02,9.995036687174826406e-01
8.153600000000000136e+02,9.994347005481868385e-01
8.158799999999998818e+02,9.993636733054820365e-01
8.163999999999999773e+02,9.992924902347575244e-01
8.169199999999999591e+02,9.992198389264620451e-01
8.174400000000000546e+02,9.991468996031075411e-01
8.179600000000000364e+02,9.990721248057917725e-01
8.184800000000000182e+02,9.989967947630870038e-01
8.190000000000000000e+02,9.989193852937916507e-01
8.195199999999999818e+02,9.988416862700867371e-01
8.200400000000000773e+02,9.987632268617908649e-01
8.205599999999999454e+02,9.986837693914163427e-01
8.210800000000000409e+02,9.986026727941008652e-01
8.215999999999999091e+02,9.985206332984160049e-01
8.221200000000000045e+02,9.984374338291203133e-01
8.226399999999999864e+02,9.983530995583960177e-01
8.231600000000000819e+02,9.982677809361201193e-01
8.236799999999999500e+02,9.981808858934154705e-01
8.242000000000000455e+02,9.980929292241200734e-01
8.247199999999999136e+02,9.980035304700640708e-01
8.252400000000000091e+02,9.979134734034496024e-01
8.257599999999999909e+02,9.978218185341541924e-01
8.262799999999999727e+02,9.977296395634294157e-01
8.268000000000000682e+02,9.976357102411539390e-01
8.273199999999999363e+02,9.975414126427880612e-01
8.278400000000000318e+02,9.974447273681537052e-01
8.283600000000000136e+02,9.973478089887878317e-01
8.288800000000001091e+02,9.972482787194921761e-01
8.293999999999999773e+02,9.971485550767880124e-01
8.299200000000000728e+02,9.970463653268419879e-01
8.304399999999999409e+02,9.969438872295264265e-01
8.309600000000000364e+02,9.968395758258220551e-01
8.314800000000000182e+02,9.967347097035462733e-01
8.320000000000000000e+02,9.966277609051809039e-01
8.325199999999999818e+02,9.965200451105460377e-01
8.330399999999999636e+02,9.964104777511801903e-01
8.335599999999999454e+02,9.962997412818845877e-01
8.340800000000000409e+02,9.961870044152699721e-01
8.345999999999999091e+02,9.960730728888844698e-01
8.351200000000000045e+02,9.959577153056085042e-01
8.356399999999998727e+02,9.958412425072432628e-01
8.361599999999999682e+02,9.957237647326084851e-01
8.366800000000000637e+02,9.956040624823130347e-01
8.372000000000000455e+02,9.954829163839472583e-01
8.377200000000000273e+02,9.953603277006717320e-01
8.382400000000000091e+02,9.952370812037062420e-01
8.387599999999999909e+02,9.951110122000016434e-01
8.392799999999999727e+02,9.949840748497057463e-01
8.398000000000000682e+02,9.948549266903401467e-01
8.403199999999999363e+02,9.947253521680650135e-01
8.408400000000000318e+02,9.945928792377691785e-01
8.413599999999999000e+02,9.944601537864237173e-01
8.418799999999999955e+02,9.943248126117890662e-01
8.423999999999999773e+02,9.941891825614930234e-01
8.429200000000000728e+02,9.940501299021278214e-01
8.434399999999999409e+02,9.939106945798522608e-01
8.439600000000000364e+02,9.937690248495564260e-01
8.444799999999999045e+02,9.936265129982111421e-01
8.450000000000000000e+02,9.934811550398954250e-01
8.455200000000000955e+02,9.933348389566198922e-01
8.460399999999999636e+02,9.931863250582542157e-01
8.465600000000000591e+02,9.930363933306398661e-01
8.470799999999999272e+02,9.928841943003439141e-01
8.476000000000000227e+02,9.927305560489979586e-01
8.481200000000000045e+02,9.925752036187028837e-01
8.486400000000001000e+02,9.924181622074070841e-01
8.491599999999999682e+02,9.922596563090415600e-01
8.496800000000000637e+02,9.920988855257660832e-01
8.501999999999999318e+02,9.919367080954704097e-01
8.507200000000000273e+02,9.917719807121948561e-01
8.512400000000000091e+02,9.916060987998489562e-01
8.517599999999999909e+02,9.914374134582236708e-01
8.522799999999999727e+02,9.912678599749479291e-01
8.527999999999999545e+02,9.910951993875625199e-01
8.533199999999999363e+02,9.909219602042869113e-01
8.538400000000000318e+02,9.907458189210112121e-01
8.543600000000001273e+02,9.905694430907160397e-01
8.548799999999999955e+02,9.903888470783702713e-01
8.554000000000000909e+02,9.902079426090747427e-01
8.559199999999999591e+02,9.900231420701380847e-01
8.564400000000000546e+02,9.898378616868623858e-01
8.569600000000000364e+02,9.896499055274967649e-01
8.574800000000000182e+02,9.894609932442212097e-01
8.580000000000000000e+02,9.892688331859057493e-01
8.585199999999999818e+02,9.890753898026302116e-01
8.590399999999999636e+02,9.888790241902847278e-01
8.595600000000000591e+02,9.886812393599891946e-01
8.600799999999999272e+02,9.884812042043835678e-01
8.606000000000000227e+02,9.882792143211081015e-01
8.611199999999998909e+02,9.880749757351515727e-01
8.616399999999999864e+02,9.878684557228057939e-01
8.621599999999999682e+02,9.876600127395303019e-01
8.626800000000000637e+02,9.874486567482346766e-01
8.631999999999999318e+02,9.872354755649588309e-01
8.637200000000000273e+02,9.870197410816834438e-01
8.642400000000000091e+02,9.868028882666570745e-01
8.647599999999999909e+02,9.865827945833814949e-01
8.652800000000000864e+02,9.863617379277759278e-01
8.657999999999999545e+02,9.861366739974800621e-01
8.663200000000000500e+02,9.859108791532046334e-01
8.668399999999999181e+02,9.856812093851982093e-01
8.673600000000000136e+02,9.854512102549030095e-01
8.678799999999999955e+02,9.852164918436070451e-01
8.684000000000000909e+02,9.849814462993315978e-01
8.689199999999999591e+02,9.847425228603949865e-01
8.694400000000000546e+02,9.845028714286992999e-01
8.699599999999999227e+02,9.842592270454236791e-01
8.704800000000000182e+02,9.840144724011484767e-01
8.710000000000000000e+02,9.837661062622115038e-01
8.715199999999999818e+02,9.835162456319161972e-01
8.720399999999999636e+02,9.832631595876404340e-01
8.725599999999999454e+02,9.830084262487042146e-01
8.730800000000000409e+02,9.827511171640284093e-01
8.736000000000000227e+02,9.824913745727328340e-01
8.741200000000001182e+02,9.822288280337962973e-01
8.746399999999999864e+02,9.819634076895208397e-01
8.751600000000000819e+02,9.816956255062455616e-01
8.756799999999999500e+02,9.814252166202886984e-01
8.762000000000000455e+02,9.811532119760133508e-01
8.767200000000000273e+02,9.808775472193578260e-01
8.772400000000000091e+02,9.806002880194213400e-01
8.777599999999999909e+02,9.803189632361456463e-01
8.782799999999999727e+02,9.800364630448501480e-01
8.787999999999999545e+02,9.797499395059136029e-01
8.793200000000000500e+02,9.794627039893081255e-01
8.798399999999999181e+02,9.791701022503713769e-01
8.803600000000000136e+02,9.788770745060961787e-01
8.808799999999998818e+02,9.785793493758001560e-01
8.813999999999999773e+02,9.782811826758638363e-01
8.819199999999999591e+02,9.779782015301883291e-01
8.824400000000000546e+02,9.776743787912517414e-01
8.829600000000000364e+02,9.773661588469765293e-01
8.834800000000000182e+02,9.770566761080397011e-01
8.840000000000000000e+02,9.767431992637642946e-01
8.845199999999999818e+02,9.764280577444777176e-01
8.850400000000000773e+02,9.761093480612018647e-01
8.855599999999999454e+02,9.757883402612657076e-01
8.860800000000000409e+02,9.754638560169900385e-01
8.865999999999999091e+02,9.751366343060735575e-01
8.871200000000000045e+02,9.748063628894680921e-01
8.876399999999999864e+02,9.744732172895315125e-01
8.881600000000000819e+02,9.741377085452559426e-01
8.886799999999999500e+02,9.737989025302294932e-01
8.892000000000000455e+02,9.734581369136240392e-01
8.897199999999999136e+02,9.731129490136875004e-01
8.902400000000000091e+02,9.727658809694119668e-01
8.907599999999999909e+02,9.724147279694752566e-01
8.912799999999999727e+02,9.720624190861997249e-01
8.918000000000000682e+02,9.717051512139334157e-01
8.923199999999999363e+02,9.713470752976778311e-01
8.928400000000000318e+02,9.709835924977413546e-01
8.933600000000000136e+02,9.706196653978049760e-01
8.938800000000001091e+02,9.702495144811993377e-01
8.943999999999999773e+02,9.698789029422627550e-01
8.949200000000000728e+02,9.695035123509671005e-01
8.954399999999999409e+02,9.691270513787010321e-01
8.959600000000000364e+02,9.687453721787639971e-01
8.964800000000000182e+02,9.683621435625086038e-01
8.970000000000000000e+02,9.679741433625720370e-01
8.975199999999999818e+02,9.675843042459664201e-01
8.980399999999999636e+02,9.671905475460300661e-01
8.985599999999999454e+02,9.667944943460935470e-01
8.990800000000000409e+02,9.663949506018183477e-01
8.995999999999999091e+02,9.659924382295513867e-01
9.001200000000000045e+02,9.655866040576350784e-01
9.006399999999998727e+02,9.651772863133597502e-01
9.011599999999999682e+02,9.647651688410930904e-01
9.016800000000000637e+02,9.643490866411565943e-01
9.022000000000000455e+02,9.639306622412201486e-01
9.027200000000000273e+02,9.635077927969446510e-01
9.032400000000000091e+02,9.630830796246780956e-01
9.037599999999999909e+02,9.626538473917617411e-01
9.042799999999999727e+02,9.622233667474862084e-01
9.048000000000000682e+02,9.617870037752196399e-01
9.053199999999999363e+02,9.613496978752831268e-01
9.058400000000000318e+02,9.609064755753468079e-01
9.063599999999999000e+02,9.604627715158309265e-01
9.068799999999999955e+02,9.600123597158942701e-01
9.073999999999999773e+02,9.595614101549583275e-01
9.079200000000000728e+02,9.591052096826919726e-01
9.084399999999999409e+02,9.586478616854361423e-01
9.089600000000000364e+02,9.581848561854995339e-01
9.094799999999999045e+02,9.577201679412532531e-01
9.100000000000000000e+02,9.572503418803169906e-01
9.105200000000000955e+02,9.567784871803801661e-01
9.110399999999999636e+02,9.563023533361045825e-01
9.115600000000000591e+02,9.558237127638381514e-01
9.120799999999999272e+02,9.553412935309217868e-01
9.126000000000000227e+02,9.548553714586550667e-01
9.131200000000000045e+02,9.543656133587186119e-01
9.136400000000001000e+02,9.538723511534433763e-01
9.141599999999999682e+02,9.533763078382666567e-01
9.146800000000000637e+02,9.528759373383299813e-01
9.151999999999999318e+02,9.523730737244135991e-01
9.157200000000000273e+02,9.518653639521473808e-01
9.162400000000000091e+02,9.513556768912106998e-01
9.167599999999999909e+02,9.508406087192939893e-01
9.172799999999999727e+02,9.503241198026888270e-01
9.177999999999999545e+02,9.498017143417523123e-01
9.183199999999999363e+02,9.492784051418157176e-01
9.188400000000000318e+02,9.487486594656391325e-01
9.193600000000001273e+02,9.482183752127230081e-01
9.198799999999999955e+02,9.476814248404563656e-01
9.204000000000000909e+02,9.471438034795200966e-01
9.209199999999999591e+02,9.466000501076036189e-01
9.214400000000000546e+02,9.460549964743369955e-01
9.219600000000000364e+02,9.455038846744006076e-01
9.224800000000000182e+02,9.449510514134644712e-01
9.230000000000000000e+02,9.443931186009684176e-01
9.235199999999999818e+02,9.438329470400320664e-01
9.240399999999999636e+02,9.432682102067656560e-01
9.245600000000000591e+02,9.427004701068293357e-01
9.250799999999999272e+02,9.421283999739125115e-01
9.256000000000000227e+02,9.415530175016462167e-01
9.261199999999998909e+02,9.409741054877298616e-01
9.266399999999999864e+02,9.403910957725533093e-01
9.271599999999999682e+02,9.398048446116167298e-01
9.276800000000000637e+02,9.392142487506803805e-01
9.281999999999999318e+02,9.386211985784140843e-01
9.287200000000000273e+02,9.380228827925175539e-01
9.292400000000000091e+02,9.374224938592510270e-01
9.297599999999999909e+02,9.368162658883846250e-01
9.302800000000000864e+02,9.362085220554680065e-01
9.307999999999999545e+02,9.355948611692216366e-01
9.313200000000000500e+02,9.349802961692854630e-01
9.318399999999999181e+02,9.343587985640382509e-01
9.323600000000000136e+02,9.337367234031019869e-01
9.328799999999999955e+02,9.331074862432447992e-01
9.334000000000000909e+02,9.324775593903285031e-01
9.339199999999999591e+02,9.318414997574117065e-01
9.344400000000000546e+02,9.312040448241452051e-01
9.349599999999999227e+02,9.305601135632086685e-01
9.354800000000000182e+02,9.299144611950523887e-01
9.360000000000000000e+02,9.292637284341158654e-01
9.365199999999999818e+02,9.286105469008494318e-01
9.370399999999999636e+02,9.279524753679329052e-01
9.375599999999999454e+02,9.272913813816865414e-01
9.380800000000000409e+02,9.266259765108201263e-01
9.386000000000000227e+02,9.259569918222425589e-01
9.391200000000001182e+02,9.252842294359963082e-01
9.396399999999999864e+02,9.246076376750598236e-01
9.401600000000000819e+02,9.239280538988832170e-01
9.406799999999999500e+02,9.232434367379470652e-01
9.412000000000000455e+02,9.225560017517001610e-01
9.417200000000000273e+02,9.218633019187840727e-01
9.422400000000000091e+02,9.211685305908567933e-01
9.427599999999999909e+02,9.204679012060104082e-01
9.432799999999999727e+02,9.197657933007634679e-01
9.437999999999999545e+02,9.190572718398272167e-01
9.443200000000000500e+02,9.183478279816005285e-01
9.448399999999999181e+02,9.176313932497341952e-01
9.453600000000000136e+02,9.169144009608070078e-01
9.458799999999998818e+02,9.161908023278901858e-01
9.463999999999999773e+02,9.154663616139737670e-01
9.469199999999999591e+02,9.147348904097775124e-01
9.474400000000000546e+02,9.140020806768609507e-01
9.479600000000000364e+02,9.132632738349538704e-01
9.484800000000000182e+02,9.125225718740174186e-01
9.490000000000000000e+02,9.117764063448609013e-01
9.495199999999999818e+02,9.110277920839243704e-01
9.500400000000000773e+02,9.102743123230168099e-01
9.505599999999999454e+02,9.095177705771706478e-01
9.510800000000000409e+02,9.087569541439037835e-01
9.515999999999999091e+02,9.079925203109875387e-01
9.521200000000000045e+02,9.072243491690800132e-01
9.526399999999999864e+02,9.064517180652333916e-01
9.531600000000000819e+02,9.056756942319671433e-01
9.536799999999999500e+02,9.048952481180507768e-01
9.542000000000000455e+02,9.041124231862132099e-01
9.547199999999999136e+02,9.033242573112969520e-01
9.552400000000000091e+02,9.025340771060503808e-01
9.557599999999999909e+02,9.017380195171230683e-01
9.562799999999999727e+02,9.009405028322766684e-01
9.568000000000000682e+02,9.001365361270301513e-01
9.573199999999999363e+02,8.993316864574527614e-01
9.578400000000000318e+02,8.985198095202762136e-01
9.583600000000000136e+02,8.977073745593401322e-01
9.588800000000001091e+02,8.968878357454524997e-01
9.593999999999999773e+02,8.960674920135861532e-01
9.599200000000000728e+02,8.952406150663396733e-01
9.604399999999999409e+02,8.944123799777624617e-01
9.609600000000000364e+02,8.935781658444957865e-01
9.614800000000000182e+02,8.927420013876693483e-01
9.620000000000000000e+02,8.919004538377419689e-01
9.625199999999999818e+02,8.910565720518456301e-01
9.630399999999999636e+02,8.902082040476492208e-01
9.635599999999999454e+02,8.893567551447415509e-01
9.640800000000000409e+02,8.885010508118253991e-01
9.645999999999999091e+02,8.876417116989878675e-01
9.651200000000000045e+02,8.867786736050713436e-01
9.656399999999998727e+02,8.859114048718050860e-01
9.661599999999999682e+02,8.850410316593175786e-01
9.666800000000000637e+02,8.841658712650510843e-01
9.672000000000000455e+02,8.832881426525640567e-01
9.677200000000000273e+02,8.824054745582974313e-01
9.682400000000000091e+02,8.815209269720507557e-01
9.687599999999999909e+02,8.806304831125435495e-01
9.692799999999999727e+02,8.797386188652972505e-01
9.698000000000000682e+02,8.788407245767196896e-01
9.703199999999999363e+02,8.779420422585432204e-01
9.708400000000000318e+02,8.770362949699658239e-01
9.713599999999999000e+02,8.761300285227197060e-01
9.718799999999999955e+02,8.752171751908821573e-01
9.723999999999999773e+02,8.743034985159654493e-01
9.729200000000000728e+02,8.733833264841281974e-01
9.734399999999999409e+02,8.724618350092113728e-01
9.739600000000000364e+02,8.715348445039653447e-01
9.744799999999999045e+02,8.706060181301276124e-01
9.750000000000000000e+02,8.696722064972114419e-01
9.755200000000000955e+02,8.687358522943039452e-01
9.760399999999999636e+02,8.677947073904574982e-01
9.765600000000000591e+02,8.668508831875502141e-01
9.770799999999999272e+02,8.659034525113734615e-01
9.776000000000000227e+02,8.649523306807963552e-01
9.781200000000000045e+02,8.639975504588888189e-01
9.786400000000001000e+02,8.630388446740427932e-01
9.791599999999999682e+02,8.620772411991550754e-01
9.796800000000000637e+02,8.611111982949587462e-01
9.801999999999999318e+02,8.601427801924015348e-01
9.807200000000000273e+02,8.591693823981351175e-01
9.812400000000000091e+02,8.581941627856476407e-01
9.817599999999999909e+02,8.572134291913813264e-01
9.822799999999999727e+02,8.562313915455639357e-01
9.827999999999999545e+02,8.552437623846271819e-01
9.833199999999999363e+02,8.542554419097400098e-01
9.838400000000000318e+02,8.532600389359026316e-01
9.843600000000001273e+02,8.522641356029864168e-01
9.848799999999999955e+02,8.512627132291489263e-01
9.854000000000000909e+02,8.502603904352323827e-01
9.859199999999999591e+02,8.492516357223949264e-01
9.864400000000000546e+02,8.482416375475079207e-01
9.869600000000000364e+02,8.472265576255713082e-01
9.874800000000000182e+02,8.462097760797537838e-01
9.880000000000000000e+02,8.451884324745074784e-01
9.885199999999999818e+02,8.441648694730001790e-01
9.890399999999999636e+02,8.431372238510929096e-01
9.895600000000000591e+02,8.421066695329163521e-01
9.900799999999999272e+02,8.410722061303589348e-01
9.906000000000000227e+02,8.400345652705014654e-01
9.911199999999998909e+02,8.389938187236052336e-01
9.916399999999999864e+02,8.379494159206977155e-01
9.921599999999999682e+02,8.369023666835210262e-01
9.926800000000000637e+02,8.358511829529439163e-01
9.931999999999999318e+02,8.347978507211064603e-01
9.937200000000000273e+02,8.337402678018799307e-01
9.942400000000000091e+02,8.326811497003725471e-01
9.947599999999999909e+02,8.316165194784654879e-01
9.952800000000000864e+02,8.305506050602889934e-01
9.957999999999999545e+02,8.294795561577315013e-01
9.963200000000000500e+02,8.284078520368740595e-01
9.968399999999999181e+02,8.273305967619866141e-01
9.973600000000000136e+02,8.262528415051605402e-01
9.978799999999999955e+02,8.251685757552331690e-01
9.984000000000000909e+02,8.240836595094157557e-01
9.989199999999999591e+02,8.229941599344993142e-01
9.994400000000000546e+02,8.219033792416620132e-01
9.999599999999999227e+02,8.208075771387542963e-01
1.000480000000000018e+03,8.197103405361972905e-01
1.001000000000000000e+03,8.186092888990207372e-01
1.001519999999999982e+03,8.175060187961131764e-01
1.002039999999999964e+03,8.163986845502959611e-01
1.002559999999999945e+03,8.152888623726987083e-01
1.003080000000000041e+03,8.141757445825420492e-01
1.003600000000000023e+03,8.130599828076546798e-01
1.004120000000000118e+03,8.119416296591274174e-01
1.004639999999999986e+03,8.108196031842401785e-01
1.005160000000000082e+03,8.096949717660636425e-01
1.005679999999999950e+03,8.085671974164860831e-01
1.006200000000000045e+03,8.074378276706689617e-01
1.006720000000000027e+03,8.063038090968315252e-01
1.007240000000000009e+03,8.051681611776050351e-01
1.007759999999999991e+03,8.040286601290778101e-01
1.008279999999999973e+03,8.028882929931906443e-01
1.008799999999999955e+03,8.017427593473731573e-01
1.009320000000000050e+03,8.005966105697757129e-01
1.009839999999999918e+03,7.994453833796192344e-01
1.010360000000000014e+03,7.982937323047318845e-01
1.010879999999999882e+03,7.971371037032245477e-01
1.011399999999999977e+03,7.959798238813172722e-01
1.011919999999999959e+03,7.948179424074798272e-01
1.012440000000000055e+03,7.936551240715924438e-01
1.012960000000000036e+03,7.924885276537659839e-01
1.013480000000000018e+03,7.913204585038386973e-01
1.014000000000000000e+03,7.901486296580213509e-01
1.014519999999999982e+03,7.889749073831339166e-01
1.015040000000000077e+03,7.877978325816266114e-01
1.015559999999999945e+03,7.866187083277893510e-01
1.016080000000000041e+03,7.854368973529018971e-01
1.016599999999999909e+03,7.842526734070557337e-01
1.017120000000000005e+03,7.830661483321680327e-01
1.017639999999999986e+03,7.818765393113108475e-01
1.018160000000000082e+03,7.806847814754234172e-01
1.018679999999999950e+03,7.794902094019360295e-01
1.019200000000000045e+03,7.782942550990287200e-01
1.019719999999999914e+03,7.770947771061913478e-01
1.020240000000000009e+03,7.758940901993739425e-01
1.020759999999999991e+03,7.746895321244575694e-01
1.021279999999999973e+03,7.734841280786403095e-01
1.021800000000000068e+03,7.722749513427528134e-01
1.022319999999999936e+03,7.710653510218955509e-01
1.022840000000000032e+03,7.698511324193380023e-01
1.023360000000000014e+03,7.686365862125207338e-01
1.023880000000000109e+03,7.674180747386836199e-01
1.024400000000000091e+03,7.661990078637961332e-01
1.024920000000000073e+03,7.649762961822887952e-01
1.025440000000000055e+03,7.637527046793813890e-01
1.025960000000000036e+03,7.625257919335639567e-01
1.026480000000000018e+03,7.612975211267466458e-01
1.027000000000000000e+03,7.600658972238394373e-01
1.027519999999999982e+03,7.588331238503518428e-01
1.028039999999999964e+03,7.575983346674446395e-01
1.028559999999999945e+03,7.563614774936073815e-01
1.029079999999999927e+03,7.551219712133807604e-01
1.029599999999999909e+03,7.538805693398933361e-01
1.030119999999999891e+03,7.526373831660561065e-01
1.030639999999999873e+03,7.513920317301687746e-01
1.031160000000000082e+03,7.501451816373314596e-01
1.031680000000000064e+03,7.488958594737742391e-01
1.032200000000000045e+03,7.476453269999366880e-01
1.032720000000000027e+03,7.463916536931194390e-01
1.033240000000000009e+03,7.451369444182320834e-01
1.033759999999999991e+03,7.438796069443948111e-01
1.034279999999999973e+03,7.426217298628872143e-01
1.034799999999999955e+03,7.413605387879999009e-01
1.035319999999999936e+03,7.400990009531625002e-01
1.035840000000000146e+03,7.388338396782750950e-01
1.036359999999999900e+03,7.375684472714578721e-01
1.036880000000000109e+03,7.363000801423096320e-01
1.037399999999999864e+03,7.350312718784023369e-01
1.037920000000000073e+03,7.337597600715849433e-01
1.038440000000000055e+03,7.324874441787476709e-01
1.038960000000000036e+03,7.312122471148403413e-01
1.039480000000000018e+03,7.299361503413529517e-01
1.040000000000000000e+03,7.286577913054655964e-01
1.040519999999999982e+03,7.273784928596481736e-01
1.041039999999999964e+03,7.260975202248108884e-01
1.041559999999999945e+03,7.248151492499236292e-01
1.042079999999999927e+03,7.235310121154361340e-01
1.042600000000000136e+03,7.222452460086187243e-01
1.043119999999999891e+03,7.209579791586915309e-01
1.043640000000000100e+03,7.196691219518740468e-01
1.044159999999999854e+03,7.183792263060567729e-01
1.044680000000000064e+03,7.170875483421494945e-01
1.045200000000000045e+03,7.157950258520012765e-01
1.045720000000000027e+03,7.145001251061837699e-01
1.046240000000000009e+03,7.132044538702965175e-01
1.046759999999999991e+03,7.119070149354591592e-01
1.047279999999999973e+03,7.106092271896418122e-01
1.047799999999999955e+03,7.093085855260842232e-01
1.048319999999999936e+03,7.080076549192670932e-01
1.048839999999999918e+03,7.067046504454297384e-01
1.049360000000000127e+03,7.054014908625223512e-01
1.049880000000000109e+03,7.040963527000441147e-01
1.050400000000000091e+03,7.027908497542267874e-01
1.050920000000000073e+03,7.014830804903193773e-01
1.051440000000000055e+03,7.001748513558322395e-01
1.051960000000000036e+03,6.988649847490148170e-01
1.052480000000000018e+03,6.975544857741273752e-01
1.053000000000000000e+03,6.962425071392899234e-01
1.053519999999999982e+03,6.949297628768118518e-01
1.054039999999999964e+03,6.936156727409246159e-01
1.054559999999999945e+03,6.923006612674372784e-01
1.055079999999999927e+03,6.909844737606198883e-01
1.055599999999999909e+03,6.896671934967123496e-01
1.056119999999999891e+03,6.883488949898951548e-01
1.056640000000000100e+03,6.870296719884169123e-01
1.057159999999999854e+03,6.857097912525296213e-01
1.057680000000000064e+03,6.843888560176920599e-01
1.058199999999999818e+03,6.830674010832047394e-01
1.058720000000000027e+03,6.817447715763874649e-01
1.059240000000000009e+03,6.804217352458390433e-01
1.059759999999999991e+03,6.790969530390218445e-01
1.060279999999999973e+03,6.777718240041845643e-01
1.060799999999999955e+03,6.764457299682969937e-01
1.061320000000000164e+03,6.751195369614797492e-01
1.061839999999999918e+03,6.737917886713314930e-01
1.062360000000000127e+03,6.724639239364941234e-01
1.062879999999999882e+03,6.711345764616069021e-01
1.063400000000000091e+03,6.698050752547894948e-01
1.063920000000000073e+03,6.684746656923113983e-01
1.064440000000000055e+03,6.671440260564239777e-01
1.064960000000000036e+03,6.658125722215866293e-01
1.065480000000000018e+03,6.644806389147692727e-01
1.066000000000000000e+03,6.631475896246209478e-01
1.066519999999999982e+03,6.618143464887336069e-01
1.067039999999999964e+03,6.604807706819164626e-01
1.067559999999999945e+03,6.591464836470789512e-01
1.068080000000000155e+03,6.578113289555308496e-01
1.068599999999999909e+03,6.564759025097134382e-01
1.069120000000000118e+03,6.551402017028959968e-01
1.069639999999999873e+03,6.538038665960785867e-01
1.070160000000000082e+03,6.524671242045303465e-01
1.070680000000000064e+03,6.511300120420231430e-01
1.071200000000000045e+03,6.497927411352056870e-01
1.071720000000000027e+03,6.484550438727275656e-01
1.072240000000000009e+03,6.471172276368402088e-01
1.072759999999999991e+03,6.457785459300228181e-01
1.073279999999999973e+03,6.444396716951854565e-01
1.073799999999999955e+03,6.431007873327071467e-01
1.074319999999999936e+03,6.417619186968197553e-01
1.074839999999999918e+03,6.404225062900024135e-01
1.075360000000000127e+03,6.390830545275241192e-01
1.075879999999999882e+03,6.377430962930369374e-01
1.076400000000000091e+03,6.364030800761495410e-01
1.076919999999999845e+03,6.350625950526711527e-01
1.077440000000000055e+03,6.337221091458539179e-01
1.077960000000000036e+03,6.323816323390366589e-01
1.078480000000000018e+03,6.310411357474884353e-01
1.079000000000000000e+03,6.297006318406711545e-01
1.079519999999999982e+03,6.283599344058337088e-01
1.080039999999999964e+03,6.270189026433553581e-01
1.080559999999999945e+03,6.256780962074680597e-01
1.081079999999999927e+03,6.243375688006506108e-01
1.081599999999999909e+03,6.229967718381727027e-01
1.082120000000000118e+03,6.216557212036851743e-01
1.082639999999999873e+03,6.203149712358678736e-01
1.083160000000000082e+03,6.189744455633195974e-01
1.083679999999999836e+03,6.176342585565023358e-01
1.084200000000000045e+03,6.162942216940238138e-01
1.084720000000000027e+03,6.149537939872067316e-01
1.085240000000000009e+03,6.136132275513193068e-01
1.085759999999999991e+03,6.122735345888410396e-01
1.086279999999999973e+03,6.109340112210236429e-01
1.086800000000000182e+03,6.095944812861864293e-01
1.087319999999999936e+03,6.082549502237081240e-01
1.087840000000000146e+03,6.069159449348406898e-01
1.088359999999999900e+03,6.055769954723625448e-01
1.088880000000000109e+03,6.042390103045450767e-01
1.089400000000000091e+03,6.029010240977278334e-01
1.089920000000000073e+03,6.015630302075796187e-01
1.090440000000000055e+03,6.002252832436723029e-01
1.090960000000000036e+03,5.988883298811938927e-01
1.091480000000000018e+03,5.975515275133765902e-01
1.092000000000000000e+03,5.962150821979184112e-01
1.092519999999999982e+03,5.948790352911010881e-01
1.093039999999999964e+03,5.935436317552135188e-01
1.093559999999999945e+03,5.922084734317355492e-01
1.094079999999999927e+03,5.908735751249181156e-01
1.094599999999999909e+03,5.895395145344198840e-01
1.095119999999999891e+03,5.882061940276024359e-01
1.095639999999999873e+03,5.868731758511442909e-01
1.096160000000000082e+03,5.855403630152571370e-01
1.096680000000000064e+03,5.842082703527787801e-01
1.097200000000000045e+03,5.828764784849614911e-01
1.097720000000000027e+03,5.815459054781439985e-01
1.098240000000000009e+03,5.802156751156658521e-01
1.098759999999999991e+03,5.788863346187783643e-01
1.099279999999999973e+03,5.775571632033201785e-01
1.099799999999999955e+03,5.762289400684827978e-01
1.100319999999999936e+03,5.749007922450045660e-01
1.100840000000000146e+03,5.735742037381872382e-01
1.101359999999999900e+03,5.722476904757091143e-01
1.101880000000000109e+03,5.709221438258418324e-01
1.102399999999999864e+03,5.695969218356935482e-01
1.102920000000000073e+03,5.682734678288761110e-01
1.103440000000000055e+03,5.669502424053979306e-01
1.103960000000000036e+03,5.656278117985805709e-01
1.104480000000000018e+03,5.643058771361022519e-01
1.105000000000000000e+03,5.629850050582149157e-01
1.105519999999999982e+03,5.616647426957366296e-01
1.106039999999999964e+03,5.603454290279193950e-01
1.106559999999999945e+03,5.590271068654411035e-01
1.107079999999999927e+03,5.577098886586236981e-01
1.107600000000000136e+03,5.563935075821655474e-01
1.108119999999999891e+03,5.550778455753481166e-01
1.108640000000000100e+03,5.537631550228000465e-01
1.109159999999999854e+03,5.524490537159826298e-01
1.109680000000000064e+03,5.511363998925044028e-01
1.110200000000000045e+03,5.498243736770459522e-01
1.110720000000000027e+03,5.485135828092287946e-01
1.111240000000000009e+03,5.472031144187305962e-01
1.111759999999999991e+03,5.458948764119132546e-01
1.112279999999999973e+03,5.445870387063850293e-01
1.112799999999999955e+03,5.432806267995674565e-01
1.113319999999999936e+03,5.419743660760893977e-01
1.113839999999999918e+03,5.406701612692720316e-01
1.114360000000000127e+03,5.393661659457937851e-01
1.114880000000000109e+03,5.380645725303355720e-01
1.115400000000000091e+03,5.367632262625182671e-01
1.115920000000000073e+03,5.354631931709699089e-01
1.116440000000000055e+03,5.341637700031527380e-01
1.116960000000000036e+03,5.328663434876944605e-01
1.117480000000000018e+03,5.315695843198769976e-01
1.118000000000000000e+03,5.302742368963988540e-01
1.118519999999999982e+03,5.289799183339205513e-01
1.119039999999999964e+03,5.276871796131232806e-01
1.119559999999999945e+03,5.263954124506449173e-01
1.120079999999999927e+03,5.251047668257375900e-01
1.120599999999999909e+03,5.238155525632594012e-01
1.121119999999999891e+03,5.225275022868011154e-01
1.121640000000000100e+03,5.212407641799837732e-01
1.122159999999999854e+03,5.199548040565054041e-01
1.122680000000000064e+03,5.186710390886881683e-01
1.123199999999999818e+03,5.173882092008998956e-01
1.123720000000000027e+03,5.161069989774218492e-01
1.124240000000000009e+03,5.148262643706044139e-01
1.124759999999999991e+03,5.135481981471262669e-01
1.125279999999999973e+03,5.122705886415978016e-01
1.125799999999999955e+03,5.109949226347806350e-01
1.126320000000000164e+03,5.097194274113023837e-01
1.126839999999999918e+03,5.084470222348440593e-01
1.127360000000000127e+03,5.071748641280268144e-01
1.127879999999999882e+03,5.059050673045487612e-01
1.128400000000000091e+03,5.046357858367312987e-01
1.128920000000000073e+03,5.033691378212729051e-01
1.129440000000000055e+03,5.021031192977947200e-01
1.129960000000000036e+03,5.008390627299774689e-01
1.130480000000000018e+03,4.995758466854491320e-01
1.131000000000000000e+03,4.983144021619709818e-01
1.131519999999999982e+03,4.970544259941535592e-01
1.132039999999999964e+03,4.957966220316753492e-01
1.132559999999999945e+03,4.945398292552172226e-01
1.133080000000000155e+03,4.932841234873999170e-01
1.133599999999999909e+03,4.920304401249215309e-01
1.134120000000000118e+03,4.907783962484632001e-01
1.134639999999999873e+03,4.895283173249849740e-01
1.135160000000000082e+03,4.882794001181675614e-01
1.135680000000000064e+03,4.870323338417094639e-01
1.136200000000000045e+03,4.857860287182313441e-01
1.136720000000000027e+03,4.845425862780838311e-01
1.137240000000000009e+03,4.832999270335556763e-01
1.137759999999999991e+03,4.820595153100774022e-01
1.138279999999999973e+03,4.808194832422599818e-01
1.138799999999999955e+03,4.795828687658016953e-01
1.139319999999999936e+03,4.783465208033235161e-01
1.139839999999999918e+03,4.771132645798454308e-01
1.140360000000000127e+03,4.758802948590480919e-01
1.140879999999999882e+03,4.746501821355697537e-01
1.141400000000000091e+03,4.734206615120914452e-01
1.141919999999999845e+03,4.721941938522942195e-01
1.142440000000000055e+03,4.709685098288159955e-01
1.142960000000000036e+03,4.697451721053376716e-01
1.143480000000000018e+03,4.685228455288794058e-01
1.144000000000000000e+03,4.673026514610621462e-01
1.144519999999999982e+03,4.660839093262538757e-01
1.145039999999999964e+03,4.648673635497956869e-01
1.145559999999999945e+03,4.636525535263174569e-01
1.146079999999999927e+03,4.624396667294301544e-01
1.146599999999999909e+03,4.612284996529718017e-01
1.147120000000000118e+03,4.600187456294936306e-01
1.147639999999999873e+03,4.588113001670153790e-01
1.148160000000000082e+03,4.576051887462181389e-01
1.148679999999999836e+03,4.564016915227399052e-01
1.149200000000000045e+03,4.551992422992616194e-01
1.149720000000000027e+03,4.539996569228031964e-01
1.150240000000000009e+03,4.528008720549858701e-01
1.150759999999999991e+03,4.516052373785277019e-01
1.151279999999999973e+03,4.504100979827194151e-01
1.151800000000000182e+03,4.492178964202412361e-01
1.152319999999999936e+03,4.480259802437829286e-01
1.152840000000000146e+03,4.468381507759656146e-01
1.153359999999999900e+03,4.456506845524874083e-01
1.153880000000000109e+03,4.444664993760292226e-01
1.154400000000000091e+03,4.432829622525509827e-01
1.154920000000000073e+03,4.421024573760927723e-01
1.155440000000000055e+03,4.409228500082753022e-01
1.155960000000000036e+03,4.397459928847970989e-01
1.156480000000000018e+03,4.385703384083390333e-01
1.157000000000000000e+03,4.373971244125307578e-01
1.157519999999999982e+03,4.362256106360725694e-01
1.158039999999999964e+03,4.350565982682551569e-01
1.158559999999999945e+03,4.338893414447768104e-01
1.159079999999999927e+03,4.327239723683186656e-01
1.159599999999999909e+03,4.315606456058404539e-01
1.160119999999999891e+03,4.303989417293823116e-01
1.160639999999999873e+03,4.292398904059038789e-01
1.161160000000000082e+03,4.280823466661066723e-01
1.161680000000000064e+03,4.269274378896483757e-01
1.162200000000000045e+03,4.257735591938401898e-01
1.162720000000000027e+03,4.246229831173819469e-01
1.163240000000000009e+03,4.234732842939036290e-01
1.163759999999999991e+03,4.223267756704254805e-01
1.164279999999999973e+03,4.211807440496281862e-01
1.164799999999999955e+03,4.200386430261497384e-01
1.165319999999999936e+03,4.188968660496916740e-01
1.165840000000000146e+03,4.177586775652134543e-01
1.166359999999999900e+03,4.166208900164251605e-01
1.166880000000000109e+03,4.154868642929469558e-01
1.167399999999999864e+03,4.143535839694685863e-01
1.167920000000000073e+03,4.132237391486713873e-01
1.168440000000000055e+03,4.120948297251930126e-01
1.168960000000000036e+03,4.109686494487347908e-01
1.169480000000000018e+03,4.098440154252565581e-01
1.170000000000000000e+03,4.087225312768184571e-01
1.170519999999999982e+03,4.076025551533401514e-01
1.171039999999999964e+03,4.064847166045518767e-01
1.171559999999999945e+03,4.053689213810736658e-01
1.172079999999999927e+03,4.042552841132562857e-01
1.172600000000000136e+03,4.031439953367981777e-01
1.173119999999999891e+03,4.020345197133198267e-01
1.173640000000000100e+03,4.009274128758616440e-01
1.174159999999999854e+03,3.998216039523833643e-01
1.174680000000000064e+03,3.987191751035951137e-01
1.175200000000000045e+03,3.976180622801169240e-01
1.175720000000000027e+03,3.965198706036586751e-01
1.176240000000000009e+03,3.954224224801804466e-01
1.176759999999999991e+03,3.943290817037222729e-01
1.177279999999999973e+03,3.932363322082639834e-01
1.177799999999999955e+03,3.921475531794466618e-01
1.178319999999999936e+03,3.910590990306584414e-01
1.178839999999999918e+03,3.899741755071801652e-01
1.179360000000000127e+03,3.888897680307218940e-01
1.179880000000000109e+03,3.878095647072435925e-01
1.180400000000000091e+03,3.867301252307854820e-01
1.180920000000000073e+03,3.856540998463071634e-01
1.181440000000000055e+03,3.845790297698488680e-01
1.181960000000000036e+03,3.835066740740407654e-01
1.182480000000000018e+03,3.824358838975825403e-01
1.183000000000000000e+03,3.813682243021243035e-01
1.183519999999999982e+03,3.803025122256660784e-01
1.184039999999999964e+03,3.792395482411878294e-01
1.184559999999999945e+03,3.781783799647296385e-01
1.185079999999999927e+03,3.771190836703214311e-01
1.185599999999999909e+03,3.760621556215331118e-01
1.186119999999999891e+03,3.750070413537158198e-01
1.186640000000000100e+03,3.739549652162575399e-01
1.187159999999999854e+03,3.729045498927792690e-01
1.187680000000000064e+03,3.718571512163210691e-01
1.188199999999999818e+03,3.708109354208627972e-01
1.188720000000000027e+03,3.697680434110746095e-01
1.189240000000000009e+03,3.687259913875963746e-01
1.189759999999999991e+03,3.676876069111381096e-01
1.190279999999999973e+03,3.666497377876599129e-01
1.190799999999999955e+03,3.656163575502016094e-01
1.191320000000000164e+03,3.645833207267234477e-01
1.191839999999999918e+03,3.635543314779351998e-01
1.192360000000000127e+03,3.625257997544569788e-01
1.192879999999999882e+03,3.615010115450186801e-01
1.193400000000000091e+03,3.604770643215405301e-01
1.193920000000000073e+03,3.594569776450823317e-01
1.194440000000000055e+03,3.584378451896740869e-01
1.194960000000000036e+03,3.574214041408858011e-01
1.195480000000000018e+03,3.564067390174076588e-01
1.196000000000000000e+03,3.553955308409493807e-01
1.196519999999999982e+03,3.543858508564711185e-01
1.197039999999999964e+03,3.533782913080328880e-01
1.197559999999999945e+03,3.523730810315746642e-01
1.198080000000000155e+03,3.513702197747664013e-01
1.198599999999999909e+03,3.503697653983080529e-01
1.199120000000000118e+03,3.493711055748299210e-01
1.199639999999999873e+03,3.483751588373716901e-01
1.200160000000000082e+03,3.473806633138933897e-01
1.200680000000000064e+03,3.463896061651051683e-01
1.201200000000000045e+03,3.453998284086469694e-01
1.201720000000000027e+03,3.444134125612587360e-01
1.202240000000000009e+03,3.434277980767804772e-01
1.202759999999999991e+03,3.424463505446613820e-01
1.203279999999999973e+03,3.414654761682031081e-01
1.203799999999999955e+03,3.404885723113948437e-01
1.204319999999999936e+03,3.395120120349367498e-01
1.204839999999999918e+03,3.385394835394784918e-01
1.205360000000000127e+03,3.375674907020201898e-01
1.205879999999999882e+03,3.365996803785420433e-01
1.206400000000000091e+03,3.356326535687538248e-01
1.206919999999999845e+03,3.346690070452755794e-01
1.207440000000000055e+03,3.337064882978873492e-01
1.207960000000000036e+03,3.327470250604289692e-01
1.208480000000000018e+03,3.317891849649707847e-01
1.209000000000000000e+03,3.308344394551825940e-01
1.209519999999999982e+03,3.298814512317043146e-01
1.210039999999999964e+03,3.289308719552461180e-01
1.210559999999999945e+03,3.279826612707679168e-01
1.211079999999999927e+03,3.270367996943097100e-01
1.211599999999999909e+03,3.260933451288605123e-01
1.212120000000000118e+03,3.251516666334022809e-01
1.212639999999999873e+03,3.242127208250140669e-01
1.213160000000000082e+03,3.232752081015358159e-01
1.213679999999999836e+03,3.223411533640776483e-01
1.214200000000000045e+03,3.214083587152894439e-01
1.214720000000000027e+03,3.204789448918111683e-01
1.215240000000000009e+03,3.195503331823729143e-01
1.215759999999999991e+03,3.186254289588946742e-01
1.216279999999999973e+03,3.177010026214364125e-01
1.216800000000000182e+03,3.167811031256282384e-01
1.217319999999999936e+03,3.158615481615790754e-01
1.217840000000000146e+03,3.149460057851208306e-01
1.218359999999999900e+03,3.140309602006426393e-01
1.218880000000000109e+03,3.131196012798744266e-01
1.219400000000000091e+03,3.122091587953961245e-01
1.219920000000000073e+03,3.113025175189378380e-01
1.220440000000000055e+03,3.103970036814797107e-01
1.220960000000000036e+03,3.094945283580015638e-01
1.221480000000000018e+03,3.085935246762331885e-01
1.222000000000000000e+03,3.076952547261641024e-01
1.222519999999999982e+03,3.067989706887058743e-01
1.223039999999999964e+03,3.059053988122476531e-01
1.223559999999999945e+03,3.050139291554394005e-01
1.224079999999999927e+03,3.041245236179812017e-01
1.224599999999999909e+03,3.032375633695429951e-01
1.225119999999999891e+03,3.023523599850647114e-01
1.225639999999999873e+03,3.014698895529455691e-01
1.226160000000000082e+03,3.005888716252074211e-01
1.226680000000000064e+03,2.997113110487491516e-01
1.227200000000000045e+03,2.988349920112908231e-01
1.227720000000000027e+03,2.979620548158325999e-01
1.228240000000000009e+03,2.970899212060443273e-01
1.228759999999999991e+03,2.962215140685862114e-01
1.229279999999999973e+03,2.953535657894470479e-01
1.229799999999999955e+03,2.944901467810588369e-01
1.230319999999999936e+03,2.936270717132705155e-01
1.230840000000000146e+03,2.927674917758123496e-01
1.231359999999999900e+03,2.919084662383541473e-01
1.231880000000000109e+03,2.910535870148758808e-01
1.232399999999999864e+03,2.901995494494268302e-01
1.232920000000000073e+03,2.893488540009885313e-01
1.233440000000000055e+03,2.884993042455803458e-01
1.233960000000000036e+03,2.876527942081221201e-01
1.234480000000000018e+03,2.868079473316638706e-01
1.235000000000000000e+03,2.859661409191947556e-01
1.235519999999999982e+03,2.851259192427365030e-01
1.236039999999999964e+03,2.842877584332982877e-01
1.236559999999999945e+03,2.834520058488200211e-01
1.237079999999999927e+03,2.826185682291018075e-01
1.237600000000000136e+03,2.817875763916435350e-01
1.238119999999999891e+03,2.809583432515044277e-01
1.238640000000000100e+03,2.801314976030662707e-01
1.239159999999999854e+03,2.793059125932779163e-01
1.239680000000000064e+03,2.784838049087997036e-01
1.240200000000000045e+03,2.776629209614114857e-01
1.240720000000000027e+03,2.768454582963124078e-01
1.241240000000000009e+03,2.760287594395041122e-01
1.241759999999999991e+03,2.752157873630459717e-01
1.242279999999999973e+03,2.744032747255876203e-01
1.242799999999999955e+03,2.735948132854485459e-01
1.243319999999999936e+03,2.727866961937503443e-01
1.243839999999999918e+03,2.719825538562921086e-01
1.244360000000000127e+03,2.711789273718139270e-01
1.244880000000000109e+03,2.703789523620256929e-01
1.245400000000000091e+03,2.695798366299065885e-01
1.245920000000000073e+03,2.687840657734482663e-01
1.246440000000000055e+03,2.679894598650600646e-01
1.246960000000000036e+03,2.671978722162717812e-01
1.247480000000000018e+03,2.664075838761326698e-01
1.248000000000000000e+03,2.656196493666944658e-01
1.248519999999999982e+03,2.648337595292361568e-01
1.249039999999999964e+03,2.640505448334279914e-01
1.249559999999999945e+03,2.632691842250398095e-01
1.250079999999999927e+03,2.624896213319206639e-01
1.250599999999999909e+03,2.617128267754623705e-01
1.251119999999999891e+03,2.609379812266742205e-01
1.251640000000000100e+03,2.601655633892159813e-01
1.252159999999999854e+03,2.593943713251668504e-01
1.252680000000000064e+03,2.586262933963785482e-01
1.253199999999999818e+03,2.578592863199203888e-01
1.253720000000000027e+03,2.570957005268013074e-01
1.254240000000000009e+03,2.563328785423230061e-01
1.254759999999999991e+03,2.555733446325347824e-01
1.255279999999999973e+03,2.548141927131665763e-01
1.255799999999999955e+03,2.540596106730274584e-01
1.256320000000000164e+03,2.533053538355692358e-01
1.256839999999999918e+03,2.525545541257810389e-01
1.257360000000000127e+03,2.518042510163426284e-01
1.257879999999999882e+03,2.510571209662735837e-01
1.258400000000000091e+03,2.503109464564853837e-01
1.258920000000000073e+03,2.495685391190271274e-01
1.259440000000000055e+03,2.488271451069079820e-01
1.259960000000000036e+03,2.480883888694497830e-01
1.260480000000000018e+03,2.473509510497315655e-01
1.261000000000000000e+03,2.466158645122733528e-01
1.261519999999999982e+03,2.458825935001541785e-01
1.262039999999999964e+03,2.451516923903659106e-01
1.262559999999999945e+03,2.444229324529077485e-01
1.263080000000000155e+03,2.436962009888586078e-01
1.263599999999999909e+03,2.429719517934004203e-01
1.264120000000000118e+03,2.422494219836121843e-01
1.264639999999999873e+03,2.415293203461539306e-01
1.265160000000000082e+03,2.408104436060147790e-01
1.265680000000000064e+03,2.400943017252966105e-01
1.266200000000000045e+03,2.393790977158583577e-01
1.266720000000000027e+03,2.386673320227392092e-01
1.267240000000000009e+03,2.379562909269310189e-01
1.267759999999999991e+03,2.372485781174926978e-01
1.268279999999999973e+03,2.365412104534436732e-01
1.268799999999999955e+03,2.358379323159854324e-01
1.269319999999999936e+03,2.351349594591771730e-01
1.269839999999999918e+03,2.344354277940780829e-01
1.270360000000000127e+03,2.337363928566197624e-01
1.270879999999999882e+03,2.330405335759015428e-01
1.271400000000000091e+03,2.323455723967624564e-01
1.271919999999999845e+03,2.316538984873242613e-01
1.272440000000000055e+03,2.309632755775360147e-01
1.272960000000000036e+03,2.302752722134868701e-01
1.273480000000000018e+03,2.295887775290086641e-01
1.274000000000000000e+03,2.289049617195704767e-01
1.274519999999999982e+03,2.282227516541212864e-01
1.275039999999999964e+03,2.275425864166630563e-01
1.275559999999999945e+03,2.268640654612548713e-01
1.276079999999999927e+03,2.261870385238257397e-01
1.276599999999999909e+03,2.255128389863674254e-01
1.277120000000000118e+03,2.248405127489093158e-01
1.277639999999999873e+03,2.241703272265101465e-01
1.278160000000000082e+03,2.235011550170720174e-01
1.278679999999999836e+03,2.228347366796136209e-01
1.279200000000000045e+03,2.221692179141645795e-01
1.279720000000000027e+03,2.215071770047262745e-01
1.280240000000000009e+03,2.208458434493180411e-01
1.280759999999999991e+03,2.201878359561989795e-01
1.281279999999999745e+03,2.195301915464106524e-01
1.281800000000000182e+03,2.188756079813115873e-01
1.282319999999999936e+03,2.182213298259033651e-01
1.282839999999999918e+03,2.175710112161151344e-01
1.283360000000000127e+03,2.169211704229960513e-01
1.283880000000000109e+03,2.162745024135577787e-01
1.284400000000000091e+03,2.156286175328395449e-01
1.284919999999999845e+03,2.149856005927004432e-01
1.285440000000000055e+03,2.143435200832622400e-01
1.285960000000000036e+03,2.137036409178131313e-01
1.286480000000000018e+03,2.130653286094248422e-01
1.287000000000000000e+03,2.124296369719667066e-01
1.287519999999999982e+03,2.117955889875175191e-01
1.288039999999999964e+03,2.111635675500592724e-01
1.288559999999999945e+03,2.105331892416710260e-01
1.289079999999999927e+03,2.099043222042419055e-01
1.289600000000000136e+03,2.092776346667837573e-01
1.290119999999999891e+03,2.086524203266446054e-01
1.290639999999999873e+03,2.080296920459264176e-01
1.291160000000000082e+03,2.074081308364880416e-01
1.291680000000000064e+03,2.067893605433689941e-01
1.292200000000000045e+03,2.061714695335807312e-01
1.292719999999999800e+03,2.055566189505316221e-01
1.293240000000000236e+03,2.049424006130733666e-01
1.293759999999999991e+03,2.043310300476242902e-01
1.294279999999999973e+03,2.037199466381860447e-01
1.294799999999999955e+03,2.031124771297977971e-01
1.295320000000000164e+03,2.025052951563286741e-01
1.295840000000000146e+03,2.019015370188704528e-01
1.296359999999999900e+03,2.012982190537713489e-01
1.296879999999999882e+03,2.006975958730530807e-01
1.297400000000000091e+03,2.000977758355948766e-01
1.297920000000000073e+03,1.995008253234757667e-01
1.298440000000000055e+03,1.989049640136875685e-01
1.298959999999999809e+03,1.983116649496384221e-01
1.299480000000000018e+03,1.977195502402002147e-01
1.300000000000000000e+03,1.971293885747510688e-01
1.300519999999999982e+03,1.965406600372928136e-01
1.301040000000000191e+03,1.959536516818845830e-01
1.301559999999999945e+03,1.953685761444554914e-01
1.302079999999999927e+03,1.947852242459972294e-01
1.302599999999999909e+03,1.942040892819481279e-01
1.303120000000000118e+03,1.936244071001799183e-01
1.303640000000000100e+03,1.930468659070607440e-01
1.304159999999999854e+03,1.924703373225825631e-01
1.304679999999999836e+03,1.918961829142234454e-01
1.305200000000000045e+03,1.913227759767651970e-01
1.305720000000000027e+03,1.907524441669769255e-01
1.306240000000000009e+03,1.901827048408777920e-01
1.306759999999999764e+03,1.896158361324896124e-01
1.307280000000000200e+03,1.890492368200204776e-01
1.307799999999999955e+03,1.884857527825622991e-01
1.308319999999999936e+03,1.879225179465331130e-01
1.308839999999999918e+03,1.873621929367448868e-01
1.309360000000000127e+03,1.868024226436257873e-01
1.309880000000000109e+03,1.862457658731875298e-01
1.310399999999999864e+03,1.856898166368084191e-01
1.310920000000000073e+03,1.851362993523301970e-01
1.311440000000000055e+03,1.845838910872310834e-01
1.311960000000000036e+03,1.840340438774428489e-01
1.312480000000000018e+03,1.834851917133937249e-01
1.313000000000000000e+03,1.829379667316255176e-01
1.313519999999999982e+03,1.823924052775063864e-01
1.314039999999999964e+03,1.818488335220981300e-01
1.314559999999999945e+03,1.813066569403299078e-01
1.315080000000000155e+03,1.807657241472107879e-01
1.315599999999999909e+03,1.802269895388225462e-01
1.316119999999999891e+03,1.796897099403934328e-01
1.316639999999999873e+03,1.791545912029352261e-01
1.317160000000000082e+03,1.786204489098160708e-01
1.317680000000000064e+03,1.780883153571178601e-01
1.318199999999999818e+03,1.775567758169787347e-01
1.318720000000000255e+03,1.770283325461905199e-01
1.319240000000000009e+03,1.765004822101613746e-01
1.319759999999999991e+03,1.759755024727031603e-01
1.320279999999999973e+03,1.754507925072540386e-01
1.320800000000000182e+03,1.749286822978158018e-01
1.321320000000000164e+03,1.744068398727667002e-01
1.321839999999999918e+03,1.738884013629784508e-01
1.322359999999999900e+03,1.733703649508593347e-01
1.322880000000000109e+03,1.728545466701411348e-01
1.323400000000000091e+03,1.723394359160219935e-01
1.323920000000000073e+03,1.718267575065837716e-01
1.324439999999999827e+03,1.713150545702046557e-01
1.324960000000000036e+03,1.708055113770855227e-01
1.325480000000000018e+03,1.702971727066472929e-01
1.326000000000000000e+03,1.697907865411981965e-01
1.326519999999999982e+03,1.692855858857899298e-01
1.327039999999999964e+03,1.687818023483608210e-01
1.327559999999999945e+03,1.682800073499026161e-01
1.328079999999999927e+03,1.677798964858535080e-01
1.328600000000000136e+03,1.672810675040852513e-01
1.329120000000000118e+03,1.667830440109661361e-01
1.329639999999999873e+03,1.662875615415778940e-01
1.330159999999999854e+03,1.657932078041487456e-01
1.330680000000000064e+03,1.653008621666905154e-01
1.331200000000000045e+03,1.648091297832914026e-01
1.331720000000000027e+03,1.643200578128531653e-01
1.332239999999999782e+03,1.638314661197340927e-01
1.332760000000000218e+03,1.633452827390158291e-01
1.333279999999999973e+03,1.628593103129166997e-01
1.333799999999999955e+03,1.623764918474676078e-01
1.334319999999999936e+03,1.618938449380293854e-01
1.334840000000000146e+03,1.614136316129802518e-01
1.335360000000000127e+03,1.609339150031920407e-01
1.335879999999999882e+03,1.604568400380929072e-01
1.336399999999999864e+03,1.599803754573746739e-01
1.336920000000000073e+03,1.595059193562355371e-01
1.337440000000000055e+03,1.590324383467973390e-01
1.337960000000000036e+03,1.585611230104181923e-01
1.338480000000000018e+03,1.580908199562990890e-01
1.339000000000000000e+03,1.576221234745308619e-01
1.339519999999999982e+03,1.571548804104817287e-01
1.340039999999999964e+03,1.566893404120235089e-01
1.340560000000000173e+03,1.562249105745943945e-01
1.341079999999999927e+03,1.557614579662061349e-01
1.341599999999999909e+03,1.552999368677770442e-01
1.342119999999999891e+03,1.548396219746579205e-01
1.342640000000000100e+03,1.543814871662697041e-01
1.343160000000000082e+03,1.539243285208205525e-01
1.343679999999999836e+03,1.534687585833623136e-01
1.344199999999999818e+03,1.530136876859831685e-01
1.344720000000000027e+03,1.525612732765449786e-01
1.345240000000000009e+03,1.521093371834258690e-01
1.345759999999999991e+03,1.516598328860467582e-01
1.346279999999999745e+03,1.512105211766085200e-01
1.346800000000000182e+03,1.507638285111594090e-01
1.347319999999999936e+03,1.503173461697912272e-01
1.347839999999999918e+03,1.498732590766720385e-01
1.348360000000000127e+03,1.494296877112229194e-01
1.348880000000000109e+03,1.489887357698546910e-01
1.349400000000000091e+03,1.485483003044055783e-01
1.349919999999999845e+03,1.481094548059473381e-01
1.350440000000000055e+03,1.476715847699182071e-01
1.350960000000000036e+03,1.472358982574490938e-01
1.351480000000000018e+03,1.468010144870108558e-01
1.352000000000000000e+03,1.463674127506317535e-01
1.352519999999999982e+03,1.459352642521735133e-01
1.353039999999999964e+03,1.455048003870744178e-01
1.353559999999999945e+03,1.450754845506952717e-01
1.354079999999999927e+03,1.446471263522370598e-01
1.354600000000000136e+03,1.442207001148079482e-01
1.355119999999999891e+03,1.437954798454197103e-01
1.355639999999999873e+03,1.433717140079905916e-01
1.356160000000000082e+03,1.429485809538715013e-01
1.356680000000000064e+03,1.425274927454832363e-01
1.357200000000000045e+03,1.421069794080541404e-01
1.357719999999999800e+03,1.416887054386658795e-01
1.358240000000000236e+03,1.412708163012367513e-01
1.358759999999999991e+03,1.408553573471176823e-01
1.359279999999999973e+03,1.404401086387294106e-01
1.359799999999999955e+03,1.400274433403003171e-01
1.360320000000000164e+03,1.396149699471811723e-01
1.360840000000000146e+03,1.392044088054630036e-01
1.361359999999999900e+03,1.387942877403638420e-01
1.361879999999999882e+03,1.383863319749147058e-01
1.362400000000000091e+03,1.379790259865264768e-01
1.362920000000000073e+03,1.375737119934073438e-01
1.363440000000000055e+03,1.371692190226191377e-01
1.363959999999999809e+03,1.367665237865900163e-01
1.364480000000000018e+03,1.363646332601409217e-01
1.365000000000000000e+03,1.359640275797726339e-01
1.365519999999999982e+03,1.355646647533235716e-01
1.366040000000000191e+03,1.351666785602044230e-01
1.366559999999999945e+03,1.347698416188362058e-01
1.367079999999999927e+03,1.343739453533870920e-01
1.367599999999999909e+03,1.339800179272879754e-01
1.368120000000000118e+03,1.335872753465697227e-01
1.368640000000000100e+03,1.331956262924506307e-01
1.369159999999999854e+03,1.328044582550214903e-01
1.369679999999999836e+03,1.324153350856332734e-01
1.370200000000000045e+03,1.320267676205341412e-01
1.370720000000000027e+03,1.316404570231550497e-01
1.371240000000000009e+03,1.312545108856967846e-01
1.371759999999999764e+03,1.308705384872676514e-01
1.372280000000000200e+03,1.304867394232185895e-01
1.372799999999999955e+03,1.301055019804503443e-01
1.373319999999999936e+03,1.297244753873312284e-01
1.373839999999999918e+03,1.293453467622820985e-01
1.374360000000000127e+03,1.289665816805138643e-01
1.374880000000000109e+03,1.285895379554647389e-01
1.375399999999999864e+03,1.282131446180356515e-01
1.375920000000000073e+03,1.278387418195774117e-01
1.376440000000000055e+03,1.274649902831982706e-01
1.376960000000000036e+03,1.270926772570991625e-01
1.377480000000000018e+03,1.267212052473109252e-01
1.378000000000000000e+03,1.263509771502818180e-01
1.378519999999999982e+03,1.259820110961626938e-01
1.379039999999999964e+03,1.256144048154444193e-01
1.379559999999999945e+03,1.252479654893453587e-01
1.380080000000000155e+03,1.248824655238962300e-01
1.380599999999999909e+03,1.245182866825279705e-01
1.381119999999999891e+03,1.241548766170788715e-01
1.381639999999999873e+03,1.237933202909797664e-01
1.382160000000000082e+03,1.234325291102615491e-01
1.382680000000000064e+03,1.230733838561424431e-01
1.383199999999999818e+03,1.227146804591132678e-01
1.383720000000000255e+03,1.223573568493250552e-01
1.384240000000000009e+03,1.220002271232259600e-01
1.384759999999999991e+03,1.216455823868468067e-01
1.385279999999999973e+03,1.212911100327277170e-01
1.385800000000000182e+03,1.209392394800295062e-01
1.386320000000000164e+03,1.205875034259103612e-01
1.386839999999999918e+03,1.202371863274812602e-01
1.387359999999999900e+03,1.198872317190930320e-01
1.387880000000000109e+03,1.195390236206639034e-01
1.388400000000000091e+03,1.191913311275448056e-01
1.388920000000000073e+03,1.188452265024956822e-01
1.389439999999999827e+03,1.184999629597274229e-01
1.389960000000000036e+03,1.181564608956782864e-01
1.390480000000000018e+03,1.178135906972491986e-01
1.391000000000000000e+03,1.174716790597909316e-01
1.391519999999999982e+03,1.171307635904318273e-01
1.392039999999999964e+03,1.167909226363127301e-01
1.392559999999999945e+03,1.164525538999335863e-01
1.393079999999999927e+03,1.161153514294953476e-01
1.393600000000000136e+03,1.157791450030462299e-01
1.394120000000000118e+03,1.154435140670171250e-01
1.394639999999999873e+03,1.151093579685588814e-01
1.395159999999999854e+03,1.147758364072198056e-01
1.395680000000000064e+03,1.144439394531006904e-01
1.396200000000000045e+03,1.141125019266515661e-01
1.396720000000000027e+03,1.137828629462833141e-01
1.397239999999999782e+03,1.134535319198341774e-01
1.397760000000000218e+03,1.131256565228050959e-01
1.398279999999999973e+03,1.127979348573559526e-01
1.398799999999999955e+03,1.124727978869177192e-01
1.399319999999999936e+03,1.121477964895386120e-01
1.399840000000000146e+03,1.118242108964194875e-01
1.400360000000000127e+03,1.115009883270604019e-01
1.400879999999999882e+03,1.111795083896020969e-01
1.401399999999999864e+03,1.108585647202430247e-01
1.401920000000000073e+03,1.105391750661239014e-01
1.402440000000000055e+03,1.102204735010248043e-01
1.402960000000000036e+03,1.099031875593065449e-01
1.403480000000000018e+03,1.095865332332074393e-01
1.404000000000000000e+03,1.092708183358282875e-01
1.404519999999999982e+03,1.089560985427091705e-01
1.405039999999999964e+03,1.086424902999409414e-01
1.405560000000000173e+03,1.083297443748918315e-01
1.406079999999999927e+03,1.080176910374626847e-01
1.406599999999999909e+03,1.077069953124136226e-01
1.407119999999999891e+03,1.073970264166654032e-01
1.407640000000000100e+03,1.070885884235462243e-01
1.408160000000000082e+03,1.067807255541871614e-01
1.408679999999999836e+03,1.064741096000680065e-01
1.409199999999999818e+03,1.061678396193497936e-01
1.409720000000000027e+03,1.058633864932506802e-01
1.410240000000000009e+03,1.055591821958715426e-01
1.410759999999999991e+03,1.052569878697724726e-01
1.411279999999999745e+03,1.049549278599842123e-01
1.411800000000000182e+03,1.046544198629550670e-01
1.412319999999999936e+03,1.043540656365059410e-01
1.412839999999999918e+03,1.040551127004768622e-01
1.413360000000000127e+03,1.037565613463577174e-01
1.413880000000000109e+03,1.034597120755694766e-01
1.414400000000000091e+03,1.031632652785403892e-01
1.414919999999999845e+03,1.028679880130912577e-01
1.415440000000000055e+03,1.025734183630821889e-01
1.415960000000000036e+03,1.022802276922939457e-01
1.416480000000000018e+03,1.019877656562648144e-01
1.417000000000000000e+03,1.016963214298157170e-01
1.417519999999999982e+03,1.014057181037165828e-01
1.418039999999999964e+03,1.011159954063374639e-01
1.418559999999999945e+03,1.008272870968992402e-01
1.419079999999999927e+03,1.005393647995201090e-01
1.419600000000000136e+03,1.002525341454010149e-01
1.420119999999999891e+03,9.996633637604188105e-02
1.420639999999999873e+03,9.968136388292277161e-02
1.421160000000000082e+03,9.939686774015453474e-02
1.421680000000000064e+03,9.911381131510541009e-02
1.422200000000000045e+03,9.883111916369628769e-02
1.422719999999999800e+03,9.854990379964720382e-02
1.423240000000000236e+03,9.826890010121808183e-02
1.423759999999999991e+03,9.798952203182983989e-02
1.424279999999999973e+03,9.771029763340072227e-02
1.424799999999999955e+03,9.743273940835160685e-02
1.425320000000000164e+03,9.715535357092248969e-02
1.425840000000000146e+03,9.687942481680338058e-02
1.426359999999999900e+03,9.660382047508513093e-02
1.426879999999999882e+03,9.632961574898603330e-02
1.427400000000000091e+03,9.605585081260689662e-02
1.427920000000000073e+03,9.578333273352779287e-02
1.428440000000000055e+03,9.551136873614868295e-02
1.428959999999999809e+03,9.524047846571041809e-02
1.429480000000000018e+03,9.497025853926131800e-02
1.430000000000000000e+03,9.470097850323219713e-02
1.430519999999999982e+03,9.443254037678308621e-02
1.431040000000000191e+03,9.416494617975397496e-02
1.431559999999999945e+03,9.389828985330483935e-02
1.432079999999999927e+03,9.363232431193660443e-02
1.432599999999999909e+03,9.336741204648747738e-02
1.433120000000000118e+03,9.310307484945837264e-02
1.433640000000000100e+03,9.283986837002926318e-02
1.434159999999999854e+03,9.257710334393015605e-02
1.434679999999999836e+03,9.231563780221190008e-02
1.435200000000000045e+03,9.205449870909279686e-02
1.435720000000000027e+03,9.179474043973369357e-02
1.436240000000000009e+03,9.153517508561456739e-02
1.436759999999999764e+03,9.127712321625543190e-02
1.437280000000000200e+03,9.101918686213633647e-02
1.437799999999999955e+03,9.076280184843810162e-02
1.438319999999999936e+03,9.050660890233896971e-02
1.438839999999999918e+03,9.025169793297985188e-02
1.439360000000000127e+03,8.999711207886074149e-02
1.439880000000000109e+03,8.974383258043162892e-02
1.440399999999999864e+03,8.949095465538250971e-02
1.440920000000000073e+03,8.923914835695340164e-02
1.441440000000000055e+03,8.898787848756517516e-02
1.441960000000000036e+03,8.873764635013606239e-02
1.442480000000000018e+03,8.848806412508693209e-02
1.443000000000000000e+03,8.823934377367781412e-02
1.443519999999999982e+03,8.799139004862868707e-02
1.444039999999999964e+03,8.774420535019956946e-02
1.444559999999999945e+03,8.749786168081133408e-02
1.445080000000000155e+03,8.725213108238223658e-02
1.445599999999999909e+03,8.700737748926311299e-02
1.446119999999999891e+03,8.676312261990398733e-02
1.446639999999999873e+03,8.651997896578488001e-02
1.447160000000000082e+03,8.627723884344574989e-02
1.447680000000000064e+03,8.603570658932664650e-02
1.448199999999999818e+03,8.579444447562840914e-02
1.448720000000000255e+03,8.555446382150928841e-02
1.449240000000000009e+03,8.531467525215018222e-02
1.449759999999999991e+03,8.507624715903103207e-02
1.450279999999999973e+03,8.483791516165194169e-02
1.450800000000000182e+03,8.460102101024280508e-02
1.451320000000000164e+03,8.436427978519370208e-02
1.451839999999999918e+03,8.412884238676458792e-02
1.452359999999999900e+03,8.389365288830634426e-02
1.452880000000000109e+03,8.365957461894722724e-02
1.453400000000000091e+03,8.342589786482811076e-02
1.453920000000000073e+03,8.319329829546898147e-02
1.454439999999999827e+03,8.296115750234987762e-02
1.454960000000000036e+03,8.272991938001075796e-02
1.455480000000000018e+03,8.249927342589165324e-02
1.456000000000000000e+03,8.226945085653253331e-02
1.456519999999999982e+03,8.204033705807430021e-02
1.457039999999999964e+03,8.181193588871517319e-02
1.457559999999999945e+03,8.158428003459605726e-02
1.458079999999999927e+03,8.135718016523693641e-02
1.458600000000000136e+03,8.113099985813783388e-02
1.459120000000000118e+03,8.090531888877872113e-02
1.459639999999999873e+03,8.068063353465959597e-02
1.460159999999999854e+03,8.045633276530048117e-02
1.460680000000000064e+03,8.023310647218134806e-02
1.461200000000000045e+03,8.001016895848311883e-02
1.461720000000000027e+03,7.978841843203400563e-02
1.462239999999999782e+03,7.956684015295487078e-02
1.462760000000000218e+03,7.934650555557579144e-02
1.463279999999999973e+03,7.912628602947666123e-02
1.463799999999999955e+03,7.890731503209756637e-02
1.464319999999999936e+03,7.868849730599841719e-02
1.464840000000000146e+03,7.847085020861929716e-02
1.465360000000000127e+03,7.825347082954019207e-02
1.465879999999999882e+03,7.803718283216107277e-02
1.466399999999999864e+03,7.782123876172282462e-02
1.466920000000000073e+03,7.760619976434370015e-02
1.467440000000000055e+03,7.739163873824461692e-02
1.467960000000000036e+03,7.717792016888548601e-02
1.468480000000000018e+03,7.696475726178636512e-02
1.469000000000000000e+03,7.675234249242725293e-02
1.469519999999999982e+03,7.654058056597812243e-02
1.470039999999999964e+03,7.632943436894901179e-02
1.470560000000000173e+03,7.611901494249991018e-02
1.471079999999999927e+03,7.590913234547079502e-02
1.471599999999999909e+03,7.570007236604167633e-02
1.472119999999999891e+03,7.549145252467344414e-02
1.472640000000000100e+03,7.528375425922431696e-02
1.473160000000000082e+03,7.507638376219519238e-02
1.473679999999999836e+03,7.487002953574607711e-02
1.474199999999999818e+03,7.466392463871694696e-02
1.474720000000000027e+03,7.445894945928785424e-02
1.475240000000000009e+03,7.425408906225873518e-02
1.475759999999999991e+03,7.405041733580962349e-02
1.476279999999999745e+03,7.384682256645050402e-02
1.476800000000000182e+03,7.364438121233141121e-02
1.477319999999999936e+03,7.344211234297229329e-02
1.477839999999999918e+03,7.324087813587315532e-02
1.478360000000000127e+03,7.303989146651403142e-02
1.478880000000000109e+03,7.283993876805580636e-02
1.479400000000000091e+03,7.264027399869669999e-02
1.479919999999999845e+03,7.244147514457756343e-02
1.480440000000000055e+03,7.224307897521844990e-02
1.480960000000000036e+03,7.204547016811933824e-02
1.481480000000000018e+03,7.184839643776022577e-02
1.482000000000000000e+03,7.165199311131108251e-02
1.482519999999999982e+03,7.145618391428197602e-02
1.483039999999999964e+03,7.126093158783286530e-02
1.483559999999999945e+03,7.106636973782373690e-02
1.484079999999999927e+03,7.087226893939463368e-02
1.484600000000000136e+03,7.067899241434551227e-02
1.485119999999999891e+03,7.048609991591640866e-02
1.485639999999999873e+03,7.029403219086727272e-02
1.486160000000000082e+03,7.010225283945814567e-02
1.486680000000000064e+03,6.991143061440903417e-02
1.487200000000000045e+03,6.972079991597993076e-02
1.487719999999999800e+03,6.953120627426169487e-02
1.488240000000000236e+03,6.934172954816258949e-02
1.488759999999999991e+03,6.915338175078347693e-02
1.489279999999999973e+03,6.896513027170433907e-02
1.489799999999999955e+03,6.877791437432523303e-02
1.490320000000000164e+03,6.859083264822610215e-02
1.490840000000000146e+03,6.840473055084700382e-02
1.491359999999999900e+03,6.821885762474787229e-02
1.491879999999999882e+03,6.803390487438876200e-02
1.492400000000000091e+03,6.784923877595964992e-02
1.492920000000000073e+03,6.766532457893052743e-02
1.493440000000000055e+03,6.748185015248141239e-02
1.493959999999999809e+03,6.729908449445229368e-02
1.494480000000000018e+03,6.711679811502316295e-02
1.495000000000000000e+03,6.693508791799405999e-02
1.495519999999999982e+03,6.675395269154493771e-02
1.496040000000000191e+03,6.657335579451582885e-02
1.496559999999999945e+03,6.639339101508671959e-02
1.497079999999999927e+03,6.621382804572760461e-02
1.497599999999999909e+03,6.603501389160848500e-02
1.498120000000000118e+03,6.585658582224936108e-02
1.498640000000000100e+03,6.567888496813022170e-02
1.499159999999999854e+03,6.550143384579111550e-02
1.499679999999999836e+03,6.532488349167200892e-02
1.500200000000000045e+03,6.514854532231290074e-02
1.500720000000000027e+03,6.497314656288379064e-02
1.501240000000000009e+03,6.479784473783467558e-02
1.501759999999999764e+03,6.462357718642555704e-02
1.502280000000000200e+03,6.444938566137643765e-02
1.502799999999999955e+03,6.427619436294730593e-02
1.503319999999999936e+03,6.410311863789819320e-02
1.503839999999999918e+03,6.393092369512994033e-02
1.504360000000000127e+03,6.375894001710084857e-02
1.504880000000000109e+03,6.358774111867172840e-02
1.505399999999999864e+03,6.341683022129261660e-02
1.505920000000000073e+03,6.324668983419350077e-02
1.506440000000000055e+03,6.307689411185438133e-02
1.506960000000000036e+03,6.290774938680525341e-02
1.507480000000000018e+03,6.273904548837613837e-02
1.508000000000000000e+03,6.257088036332701664e-02
1.508519999999999982e+03,6.240325206489787807e-02
1.509039999999999964e+03,6.223608551453877619e-02
1.509559999999999945e+03,6.206953228843966469e-02
1.510080000000000155e+03,6.190336413006054112e-02
1.510599999999999909e+03,6.173788450396143490e-02
1.511119999999999891e+03,6.157273145360230709e-02
1.511639999999999873e+03,6.140826862750318332e-02
1.512160000000000082e+03,6.124405615814408621e-02
1.512680000000000064e+03,6.108066893169496192e-02
1.513199999999999818e+03,6.091745498168583961e-02
1.513720000000000255e+03,6.075508355523672605e-02
1.514240000000000009e+03,6.059280819720761629e-02
1.514759999999999991e+03,6.043151337075849949e-02
1.515279999999999973e+03,6.027029647372939697e-02
1.515800000000000182e+03,6.010992229430026784e-02
1.516320000000000164e+03,5.994966292494115917e-02
1.516839999999999918e+03,5.979028459989203792e-02
1.517359999999999900e+03,5.963109834046292912e-02
1.517880000000000109e+03,5.947260649045379988e-02
1.518400000000000091e+03,5.931438266400469728e-02
1.518920000000000073e+03,5.915684849464557943e-02
1.519439999999999827e+03,5.899964028486556072e-02
1.519960000000000036e+03,5.884304786252645553e-02
1.520480000000000018e+03,5.868687570840733225e-02
1.521000000000000000e+03,5.853122137804822600e-02
1.521519999999999982e+03,5.837598862392909260e-02
1.522039999999999964e+03,5.822118000158996859e-02
1.522559999999999945e+03,5.806696560316085276e-02
1.523079999999999927e+03,5.791315527811175673e-02
1.523600000000000136e+03,5.775990144775263596e-02
1.524120000000000118e+03,5.760693684065349568e-02
1.524639999999999873e+03,5.745466157129439089e-02
1.525159999999999854e+03,5.730263501717527963e-02
1.525680000000000064e+03,5.715129964781615057e-02
1.526200000000000045e+03,5.700011939640704794e-02
1.526720000000000027e+03,5.684978321035792648e-02
1.527239999999999782e+03,5.669954351192880992e-02
1.527760000000000218e+03,5.655012758687969626e-02
1.528279999999999973e+03,5.640078843547059045e-02
1.528799999999999955e+03,5.625227523809145369e-02
1.529319999999999936e+03,5.610387715099234701e-02
1.529840000000000146e+03,5.595620985361323546e-02
1.530360000000000127e+03,5.580873440360411414e-02
1.530879999999999882e+03,5.566196780517498194e-02
1.531399999999999864e+03,5.551543090779587075e-02
1.531920000000000073e+03,5.536949062069676519e-02
1.532440000000000055e+03,5.522389547033765278e-02
1.532960000000000036e+03,5.507885834423852794e-02
1.533480000000000018e+03,5.493416554685939812e-02
1.534000000000000000e+03,5.478991402076028444e-02
1.534519999999999982e+03,5.464612283742117244e-02
1.535039999999999964e+03,5.450277401097206736e-02
1.535560000000000173e+03,5.435988645828206123e-02
1.536079999999999927e+03,5.421730716090294305e-02
1.536599999999999909e+03,5.407534092082382643e-02
1.537119999999999891e+03,5.393366132344470931e-02
1.537640000000000100e+03,5.379257782501557783e-02
1.538160000000000082e+03,5.365168682798647504e-02
1.538679999999999836e+03,5.351150484855735079e-02
1.539199999999999818e+03,5.337145679052824471e-02
1.539720000000000027e+03,5.323212186407913493e-02
1.540240000000000009e+03,5.309286524174001293e-02
1.540759999999999991e+03,5.295442951669088877e-02
1.541279999999999745e+03,5.281607075726177380e-02
1.541800000000000182e+03,5.267842516023265448e-02
1.542319999999999936e+03,5.254091458080354521e-02
1.542839999999999918e+03,5.240407471144441220e-02
1.543360000000000127e+03,5.226740719632531201e-02
1.543880000000000109e+03,5.213141022696619192e-02
1.544400000000000091e+03,5.199562511986707825e-02
1.544919999999999845e+03,5.186036229484708437e-02
1.545440000000000055e+03,5.172540526448796139e-02
1.545960000000000036e+03,5.159098541036884200e-02
1.546480000000000018e+03,5.145689068802972860e-02
1.547000000000000000e+03,5.132319913391059779e-02
1.547519999999999982e+03,5.118991080355148049e-02
1.548039999999999964e+03,5.105700725214236402e-02
1.548559999999999945e+03,5.092458382709324355e-02
1.549079999999999927e+03,5.079246902866411950e-02
1.549600000000000136e+03,5.066087094261501056e-02
1.550119999999999891e+03,5.052948482027590227e-02
1.550639999999999873e+03,5.039871249382677637e-02
1.551160000000000082e+03,5.026811409679766973e-02
1.551680000000000064e+03,5.013814788438854947e-02
1.552200000000000045e+03,5.000829770367855309e-02
1.552719999999999800e+03,4.987911920524944198e-02
1.553240000000000236e+03,4.974999954687031600e-02
1.553759999999999991e+03,4.962164866779120165e-02
1.554279999999999973e+03,4.949337439843208564e-02
1.554799999999999955e+03,4.936573287338296562e-02
1.555320000000000164e+03,4.923820636097384768e-02
1.555840000000000146e+03,4.911133436359473026e-02
1.556359999999999900e+03,4.898465383749561058e-02
1.556879999999999882e+03,4.885852927911648463e-02
1.557400000000000091e+03,4.873261560003737392e-02
1.557920000000000073e+03,4.860716503067825933e-02
1.558440000000000055e+03,4.848202137763826108e-02
1.558959999999999809e+03,4.835732103755913808e-02
1.559480000000000018e+03,4.823294604018001780e-02
1.560000000000000000e+03,4.810897364175090868e-02
1.560519999999999982e+03,4.798540373074179632e-02
1.561040000000000191e+03,4.786217920429267775e-02
1.561559999999999945e+03,4.773935780726355077e-02
1.562079999999999927e+03,4.761680684888443260e-02
1.562599999999999909e+03,4.749473669747532323e-02
1.563120000000000118e+03,4.737287830044620285e-02
1.563640000000000100e+03,4.725157581299709725e-02
1.564159999999999854e+03,4.713044690732709485e-02
1.564679999999999836e+03,4.700989378087797044e-02
1.565200000000000045e+03,4.688945685051885276e-02
1.565720000000000027e+03,4.676963337248974534e-02
1.566240000000000009e+03,4.664988647406062561e-02
1.566759999999999764e+03,4.653079347703150542e-02
1.567280000000000200e+03,4.641177788958238820e-02
1.567799999999999955e+03,4.629337636724327465e-02
1.568319999999999936e+03,4.617508901312415703e-02
1.568839999999999918e+03,4.605737978276504274e-02
1.569360000000000127e+03,4.593982450476504636e-02
1.569880000000000109e+03,4.582280575064592160e-02
1.570399999999999864e+03,4.570595952028680409e-02
1.570920000000000073e+03,4.558957641318769211e-02
1.571440000000000055e+03,4.547344234382856565e-02
1.571960000000000036e+03,4.535772998439945025e-02
1.572480000000000018e+03,4.524232515935033838e-02
1.573000000000000000e+03,4.512730623701122212e-02
1.573519999999999982e+03,4.501261214956210621e-02
1.574039999999999964e+03,4.489822599687211258e-02
1.574559999999999945e+03,4.478424348446299191e-02
1.575080000000000155e+03,4.467053095941386776e-02
1.575599999999999909e+03,4.455725879005475315e-02
1.576119999999999891e+03,4.444416034962564432e-02
1.576639999999999873e+03,4.433158025259652940e-02
1.577160000000000082e+03,4.421911725416741157e-02
1.577680000000000064e+03,4.410720951513828064e-02
1.578199999999999818e+03,4.399537966104828668e-02
1.578720000000000255e+03,4.388420236366917526e-02
1.579240000000000009e+03,4.377306515266004422e-02
1.579759999999999991e+03,4.366256035423093235e-02
1.580279999999999973e+03,4.355209375685181739e-02
1.580800000000000182e+03,4.344216731677270904e-02
1.581320000000000164e+03,4.333233601939358304e-02
1.581839999999999918e+03,4.322304256136446504e-02
1.582359999999999900e+03,4.311390305429445985e-02
1.582880000000000109e+03,4.300522575691535787e-02
1.583400000000000091e+03,4.289675906981623571e-02
1.583920000000000073e+03,4.278873367243712228e-02
1.584439999999999827e+03,4.268093935009800721e-02
1.584960000000000036e+03,4.257354976299888849e-02
1.585480000000000018e+03,4.246640946561977548e-02
1.586000000000000000e+03,4.235959606987977494e-02
1.586519999999999982e+03,4.225308860052065518e-02
1.587039999999999964e+03,4.214683137407152641e-02
1.587559999999999945e+03,4.204097766306241768e-02
1.588079999999999927e+03,4.193537486568330031e-02
1.588600000000000136e+03,4.183019330625419030e-02
1.589120000000000118e+03,4.172520505624507242e-02
1.589639999999999873e+03,4.162063947413506548e-02
1.590159999999999854e+03,4.151617164377593983e-02
1.590680000000000064e+03,4.141225946574682987e-02
1.591200000000000045e+03,4.130844350631772410e-02
1.591720000000000027e+03,4.120514720928859786e-02
1.592239999999999782e+03,4.110190952985947471e-02
1.592760000000000218e+03,4.099924659950036909e-02
1.593279999999999973e+03,4.089662311879037337e-02
1.593799999999999955e+03,4.079453650638124873e-02
1.594319999999999936e+03,4.069252643702212652e-02
1.594840000000000146e+03,4.059101788290301466e-02
1.595360000000000127e+03,4.048964399956388183e-02
1.595879999999999882e+03,4.038873010253478391e-02
1.596399999999999864e+03,4.028797001508567510e-02
1.596920000000000073e+03,4.018761623708567987e-02
1.597440000000000055e+03,4.008747228296654502e-02
1.597960000000000036e+03,3.998765549962743360e-02
1.598480000000000018e+03,3.988808813026831213e-02
1.599000000000000000e+03,3.978884941514920087e-02
1.599519999999999982e+03,3.968991619281008604e-02
1.600039999999999964e+03,3.959125087772007862e-02
1.600560000000000173e+03,3.949291335267095943e-02
1.601079999999999927e+03,3.939477123033183897e-02
1.601599999999999909e+03,3.929702984288272610e-02
1.602119999999999891e+03,3.919946034585361505e-02
1.602640000000000100e+03,3.910231493344448056e-02
1.603160000000000082e+03,3.900526645273448556e-02
1.603679999999999836e+03,3.890868012237536783e-02
1.604199999999999818e+03,3.881217244294624807e-02
1.604720000000000027e+03,3.871620078491713746e-02
1.605240000000000009e+03,3.862026778648801340e-02
1.605759999999999991e+03,3.852481513612890374e-02
1.606279999999999745e+03,3.842941982243890109e-02
1.606800000000000182e+03,3.833452372400979191e-02
1.607319999999999936e+03,3.823974261265066649e-02
1.607839999999999918e+03,3.814538628655155666e-02
1.608360000000000127e+03,3.805116422817243077e-02
1.608880000000000109e+03,3.795732947816331943e-02
1.609400000000000091e+03,3.786366616307332289e-02
1.609919999999999845e+03,3.777036621271420702e-02
1.610440000000000055e+03,3.767727698661508390e-02
1.610960000000000036e+03,3.758449745625596500e-02
1.611480000000000018e+03,3.749194940589684749e-02
1.612000000000000000e+03,3.739965231879772978e-02
1.612519999999999982e+03,3.730768076575773085e-02
1.613039999999999964e+03,3.721595708241861450e-02
1.613559999999999945e+03,3.712452245631950309e-02
1.614079999999999927e+03,3.703328139794038326e-02
1.614600000000000136e+03,3.694240654653126871e-02
1.615119999999999891e+03,3.685168653284126572e-02
1.615639999999999873e+03,3.676132988248214523e-02
1.616160000000000082e+03,3.667108702305303669e-02
1.616680000000000064e+03,3.658128742602392153e-02
1.617200000000000045e+03,3.649156608559480514e-02
1.617719999999999800e+03,3.640228768856568209e-02
1.618240000000000236e+03,3.631304937452568132e-02
1.618759999999999991e+03,3.622432622311656802e-02
1.619279999999999973e+03,3.613564142608745311e-02
1.619799999999999955e+03,3.604740043863832732e-02
1.620320000000000164e+03,3.595923671629921298e-02
1.620840000000000146e+03,3.587146000260921924e-02
1.621359999999999900e+03,3.578379782318009961e-02
1.621879999999999882e+03,3.569649879282098259e-02
1.622400000000000091e+03,3.560937206777187169e-02
1.622920000000000073e+03,3.552259405536275366e-02
1.623440000000000055e+03,3.543600753034275436e-02
1.623959999999999809e+03,3.534970911522363618e-02
1.624480000000000018e+03,3.526360359288451679e-02
1.625000000000000000e+03,3.517773096252540393e-02
1.625519999999999982e+03,3.509214555542627956e-02
1.626040000000000191e+03,3.500679146940628012e-02
1.626559999999999945e+03,3.492174360004716288e-02
1.627079999999999927e+03,3.483686943194805319e-02
1.627599999999999909e+03,3.475232116258893805e-02
1.628120000000000118e+03,3.466792667513980686e-02
1.628640000000000100e+03,3.458384196946980710e-02
1.629159999999999854e+03,3.449987273911069713e-02
1.629679999999999836e+03,3.441628775968157139e-02
1.630200000000000045e+03,3.433277990165246180e-02
1.630720000000000027e+03,3.424971333229334669e-02
1.631240000000000009e+03,3.416668610853334370e-02
1.631759999999999764e+03,3.408414027817422559e-02
1.632280000000000200e+03,3.400161447974511114e-02
1.632799999999999955e+03,3.391947304071600555e-02
1.633319999999999936e+03,3.383740817135688639e-02
1.633839999999999918e+03,3.375574760328688140e-02
1.634360000000000127e+03,3.367418177823776337e-02
1.634880000000000109e+03,3.359294374787864801e-02
1.635399999999999864e+03,3.351185876844953865e-02
1.635920000000000073e+03,3.343108145475953696e-02
1.636440000000000055e+03,3.335047750335042027e-02
1.636960000000000036e+03,3.327012554497128793e-02
1.637480000000000018e+03,3.318998464794217090e-02
1.638000000000000000e+03,3.311005573553306436e-02
1.638519999999999982e+03,3.303039618249306586e-02
1.639039999999999964e+03,3.295094942446394337e-02
1.639559999999999945e+03,3.287175177305482615e-02
1.640080000000000155e+03,3.279272521467570256e-02
1.640599999999999909e+03,3.271398897459659727e-02
1.641119999999999891e+03,3.263538844957659252e-02
1.641639999999999873e+03,3.255709469119748289e-02
1.642160000000000082e+03,3.247891681211836218e-02
1.642680000000000064e+03,3.240112265373923384e-02
1.643199999999999818e+03,3.232342567573923825e-02
1.643720000000000255e+03,3.224605668864012620e-02
1.644240000000000009e+03,3.216870729126101308e-02
1.644759999999999991e+03,3.209183877885189023e-02
1.645279999999999973e+03,3.201500846516189963e-02
1.645800000000000182e+03,3.193850531480278004e-02
1.646320000000000164e+03,3.186207875537366147e-02
1.646839999999999918e+03,3.178599795834453901e-02
1.647359999999999900e+03,3.171001354698543134e-02
1.647880000000000109e+03,3.163435629289542556e-02
1.648400000000000091e+03,3.155883378188632099e-02
1.648920000000000073e+03,3.148358228450718471e-02
1.649439999999999827e+03,3.140852282507808346e-02
1.649960000000000036e+03,3.133371385840807294e-02
1.650480000000000018e+03,3.125905793195895427e-02
1.651000000000000000e+03,3.118461454861983298e-02
1.651519999999999982e+03,3.111040095159071234e-02
1.652039999999999964e+03,3.103638020848072110e-02
1.652559999999999945e+03,3.096260878614160578e-02
1.653079999999999927e+03,3.088901092811249111e-02
1.653600000000000136e+03,3.081566418768337534e-02
1.654120000000000118e+03,3.074243406266338047e-02
1.654639999999999873e+03,3.066953027661425621e-02
1.655159999999999854e+03,3.059670422520513813e-02
1.655680000000000064e+03,3.052422369484601716e-02
1.656200000000000045e+03,3.045176337108601930e-02
1.656720000000000027e+03,3.037966730172689603e-02
1.657239999999999782e+03,3.030760997136778753e-02
1.657760000000000218e+03,3.023593736426867171e-02
1.658279999999999973e+03,3.016432233390954620e-02
1.658799999999999955e+03,3.009309445590955048e-02
1.659319999999999936e+03,3.002192364079044051e-02
1.659840000000000146e+03,2.995100121043131960e-02
1.660360000000000127e+03,2.988017508809220901e-02
1.660879999999999882e+03,2.980967864498220918e-02
1.661399999999999864e+03,2.973931589497308750e-02
1.661920000000000073e+03,2.966918456461397138e-02
1.662440000000000055e+03,2.959920682418485868e-02
1.662960000000000036e+03,2.952944117149485306e-02
1.663480000000000018e+03,2.945986771206573693e-02
1.664000000000000000e+03,2.939047046170662619e-02
1.664519999999999982e+03,2.932132104801662628e-02
1.665039999999999964e+03,2.925236263560751157e-02
1.665560000000000173e+03,2.918357873822838636e-02
1.666079999999999927e+03,2.911493108019927098e-02
1.666599999999999909e+03,2.904655097312926898e-02
1.667119999999999891e+03,2.897826621475015421e-02
1.667640000000000100e+03,2.891031000374104029e-02
1.668160000000000082e+03,2.884245040531191809e-02
1.668679999999999836e+03,2.877486093829191918e-02
1.669199999999999818e+03,2.870730998026280179e-02
1.669720000000000027e+03,2.864012588183368138e-02
1.670240000000000009e+03,2.857296177047457045e-02
1.670759999999999991e+03,2.850610371778457275e-02
1.671279999999999745e+03,2.843928390537545439e-02
1.671800000000000182e+03,2.837282914699633396e-02
1.672319999999999936e+03,2.830645124996722037e-02
1.672839999999999918e+03,2.824032688189722154e-02
1.673360000000000127e+03,2.817429832351810506e-02
1.673880000000000109e+03,2.810855857210899089e-02
1.674400000000000091e+03,2.804293295841899306e-02
1.674919999999999845e+03,2.797753700805986204e-02
1.675440000000000055e+03,2.791227594863074021e-02
1.675960000000000036e+03,2.784720939060162520e-02
1.676480000000000018e+03,2.778231638458161790e-02
1.677000000000000000e+03,2.771761572515250849e-02
1.677519999999999982e+03,2.765310741414339288e-02
1.678039999999999964e+03,2.758871431676428176e-02
1.678559999999999945e+03,2.752457324869427013e-02
1.679079999999999927e+03,2.746056769066515871e-02
1.679600000000000136e+03,2.739677269328604295e-02
1.680119999999999891e+03,2.733307342521603539e-02
1.680639999999999873e+03,2.726968102818692549e-02
1.681160000000000082e+03,2.720634681682781303e-02
1.681680000000000064e+03,2.714330275739868653e-02
1.682200000000000045e+03,2.708027995172869115e-02
1.682719999999999800e+03,2.701756409334956852e-02
1.683240000000000236e+03,2.695488728094045869e-02
1.683759999999999991e+03,2.689255391158134820e-02
1.684279999999999973e+03,2.683025906987134696e-02
1.684799999999999955e+03,2.676825625746221196e-02
1.685320000000000164e+03,2.670630988810310247e-02
1.685840000000000146e+03,2.664461549341310895e-02
1.686359999999999900e+03,2.658299733398399728e-02
1.686879999999999882e+03,2.652162981164487426e-02
1.687400000000000091e+03,2.646037702559576182e-02
1.687920000000000073e+03,2.639935581050575561e-02
1.688440000000000055e+03,2.633846928816664656e-02
1.688959999999999809e+03,2.627771760211752503e-02
1.689480000000000018e+03,2.621715863404752364e-02
1.690000000000000000e+03,2.615677286468840596e-02
1.690519999999999982e+03,2.609654225332929539e-02
1.691040000000000191e+03,2.603644831056928927e-02
1.691559999999999945e+03,2.597656498823017884e-02
1.692079999999999927e+03,2.591681450078106227e-02
1.692599999999999909e+03,2.585727564275193749e-02
1.693120000000000118e+03,2.579779576475194069e-02
1.693640000000000100e+03,2.573860570532282219e-02
1.694159999999999854e+03,2.567949336629370138e-02
1.694679999999999836e+03,2.562062984127369894e-02
1.695200000000000045e+03,2.556176632886459146e-02
1.695720000000000027e+03,2.550328644281547527e-02
1.696240000000000009e+03,2.544480742047635496e-02
1.696759999999999764e+03,2.538660080538635358e-02
1.697280000000000200e+03,2.532841294700723458e-02
1.697799999999999955e+03,2.527045763599812186e-02
1.698319999999999936e+03,2.521257868190811963e-02
1.698839999999999918e+03,2.515500487054900258e-02
1.699360000000000127e+03,2.509748901251988851e-02
1.699880000000000109e+03,2.504016980544988488e-02
1.700399999999999864e+03,2.498296454707077049e-02
1.700920000000000073e+03,2.492597173606165423e-02
1.701440000000000055e+03,2.486909363763253195e-02
1.701960000000000036e+03,2.481240642359253470e-02
1.702480000000000018e+03,2.475585494025342101e-02
1.703000000000000000e+03,2.469944021415430499e-02
1.703519999999999982e+03,2.464319914713430232e-02
1.704039999999999964e+03,2.458709261677518784e-02
1.704559999999999945e+03,2.453115980576607222e-02
1.705080000000000155e+03,2.447532395167607150e-02
1.705599999999999909e+03,2.441971684031695594e-02
1.706119999999999891e+03,2.436418578228783521e-02
1.706639999999999873e+03,2.430888857521783589e-02
1.707160000000000082e+03,2.425362991683871483e-02
1.707680000000000064e+03,2.419864153349960204e-02
1.708199999999999818e+03,2.414371089073960239e-02
1.708720000000000255e+03,2.408901109336048646e-02
1.709240000000000009e+03,2.403435091002136675e-02
1.709759999999999991e+03,2.397997882292225019e-02
1.710279999999999973e+03,2.392564561690225383e-02
1.710800000000000182e+03,2.387154098654313550e-02
1.711320000000000164e+03,2.381749444646402009e-02
1.711839999999999918e+03,2.376366303242401917e-02
1.712359999999999900e+03,2.370990851008489969e-02
1.712880000000000109e+03,2.365632755065578616e-02
1.713400000000000091e+03,2.360288148398578464e-02
1.713920000000000073e+03,2.354960908660666888e-02
1.714439999999999827e+03,2.349647027419754855e-02
1.714960000000000036e+03,2.344348476050754984e-02
1.715480000000000018e+03,2.339061500212842939e-02
1.716000000000000000e+03,2.333790185071931908e-02
1.716519999999999982e+03,2.328536166469932084e-02
1.717039999999999964e+03,2.323293752567019699e-02
1.717559999999999945e+03,2.318066736624107768e-02
1.718079999999999927e+03,2.312847528824107934e-02
1.718600000000000136e+03,2.307651170219196524e-02
1.719120000000000118e+03,2.302462488978284857e-02
1.719639999999999873e+03,2.297291400376284473e-02
1.720159999999999854e+03,2.292124225375373123e-02
1.720680000000000064e+03,2.286984006630461697e-02
1.721200000000000045e+03,2.281849642730461591e-02
1.721720000000000027e+03,2.276740039694550091e-02
1.722239999999999782e+03,2.271630461891637962e-02
1.722760000000000218e+03,2.266542350382638044e-02
1.723279999999999973e+03,2.261458127346726438e-02
1.723799999999999955e+03,2.256402533443814876e-02
1.724319999999999936e+03,2.251350808034814632e-02
1.724840000000000146e+03,2.246314869700902564e-02
1.725360000000000127e+03,2.241288443862991461e-02
1.725879999999999882e+03,2.236285004288991393e-02
1.726399999999999864e+03,2.231289187353080114e-02
1.726920000000000073e+03,2.226306979019168283e-02
1.727440000000000055e+03,2.221334461941168459e-02
1.727960000000000036e+03,2.216379543607256003e-02
1.728480000000000018e+03,2.211435996671344550e-02
1.729000000000000000e+03,2.206507847062344485e-02
1.729519999999999982e+03,2.201593101259433083e-02
1.730039999999999964e+03,2.196690002925521037e-02
1.730560000000000173e+03,2.191800364714521429e-02
1.731079999999999927e+03,2.186918523613609611e-02
1.731599999999999909e+03,2.182055900577698285e-02
1.732119999999999891e+03,2.177199173770697979e-02
1.732640000000000100e+03,2.172365494032785921e-02
1.733160000000000082e+03,2.167535772931874702e-02
1.733679999999999836e+03,2.162731034329874735e-02
1.734199999999999818e+03,2.157926390286963453e-02
1.734720000000000027e+03,2.153144830584051428e-02
1.735240000000000009e+03,2.148363361982051634e-02
1.735759999999999991e+03,2.143603097939139265e-02
1.736279999999999745e+03,2.138846724903227872e-02
1.736800000000000182e+03,2.134117108236227925e-02
1.737319999999999936e+03,2.129393198393315922e-02
1.737839999999999918e+03,2.124685057257404835e-02
1.738360000000000127e+03,2.119982695888404309e-02
1.738880000000000109e+03,2.115295564647492327e-02
1.739400000000000091e+03,2.110618129343492383e-02
1.739919999999999845e+03,2.105958291009580804e-02
1.740440000000000055e+03,2.101306055206669451e-02
1.740960000000000036e+03,2.096667258399668998e-02
1.741480000000000018e+03,2.092041862561757823e-02
1.742000000000000000e+03,2.087428157560846168e-02
1.742519999999999982e+03,2.082831696051845941e-02
1.743039999999999964e+03,2.078244984915934152e-02
1.743559999999999945e+03,2.073667891880022832e-02
1.744079999999999927e+03,2.069098652306022509e-02
1.744600000000000136e+03,2.064546682568110456e-02
1.745119999999999891e+03,2.060002494234198719e-02
1.745639999999999873e+03,2.055479459958198946e-02
1.746160000000000082e+03,2.050962311624287063e-02
1.746680000000000064e+03,2.046458680220287346e-02
1.747200000000000045e+03,2.041957007986375597e-02
1.747719999999999800e+03,2.037480179276464007e-02
1.748240000000000236e+03,2.033007192574463537e-02
1.748759999999999991e+03,2.028557559538552227e-02
1.749279999999999973e+03,2.024109918297639990e-02
1.749799999999999955e+03,2.019677553028640521e-02
1.750320000000000164e+03,2.015249011892728676e-02
1.750840000000000146e+03,2.010841695949816890e-02
1.751359999999999900e+03,2.006440279282816971e-02
1.751879999999999882e+03,2.002056383444905316e-02
1.752400000000000091e+03,1.997678285644905599e-02
1.752920000000000073e+03,1.993313239701993700e-02
1.753440000000000055e+03,1.988956018601081843e-02
1.753959999999999809e+03,1.984612567197082192e-02
1.754480000000000018e+03,1.980284495956170440e-02
1.755000000000000000e+03,1.975966089020258359e-02
1.755519999999999982e+03,1.971659309551258496e-02
1.756040000000000191e+03,1.967358393608346911e-02
1.756559999999999945e+03,1.963074655274435129e-02
1.757079999999999927e+03,1.958798551103435245e-02
1.757599999999999909e+03,1.954539839862523901e-02
1.758120000000000118e+03,1.950286907360523556e-02
1.758640000000000100e+03,1.946045639026611554e-02
1.759159999999999854e+03,1.941808250421700119e-02
1.759679999999999836e+03,1.937594003614700328e-02
1.760200000000000045e+03,1.933381700578788373e-02
1.760720000000000027e+03,1.929190689442876472e-02
1.761240000000000009e+03,1.925001581266876788e-02
1.761759999999999764e+03,1.920828012932965234e-02
1.762280000000000200e+03,1.916656354330964832e-02
1.762799999999999955e+03,1.912507660428053313e-02
1.763319999999999936e+03,1.908362754485141977e-02
1.763839999999999918e+03,1.904231690585141828e-02
1.764360000000000127e+03,1.900106280847230211e-02
1.764880000000000109e+03,1.896000156839318385e-02
1.765399999999999864e+03,1.891901728237318711e-02
1.765920000000000073e+03,1.887811139903406918e-02
1.766440000000000055e+03,1.883730145592406660e-02
1.766960000000000036e+03,1.879660714491494800e-02
1.767480000000000018e+03,1.875602807555583340e-02
1.768000000000000000e+03,1.871556583655583153e-02
1.768519999999999982e+03,1.867521842143671576e-02
1.769039999999999964e+03,1.863494968243671612e-02
1.769559999999999945e+03,1.859477625207759874e-02
1.770080000000000155e+03,1.855468051164848448e-02
1.770599999999999909e+03,1.851477775895848596e-02
1.771119999999999891e+03,1.847493287561937161e-02
1.771639999999999873e+03,1.843522284526025179e-02
1.772160000000000082e+03,1.839553304917024984e-02
1.772680000000000064e+03,1.835599689114113600e-02
1.773199999999999818e+03,1.831646245214113566e-02
1.773720000000000255e+03,1.827719566469201626e-02
1.774240000000000009e+03,1.823794934235289933e-02
1.774759999999999991e+03,1.819883857568289909e-02
1.775279999999999973e+03,1.815976581625378117e-02
1.775800000000000182e+03,1.812088674923378190e-02
1.776320000000000164e+03,1.808202609120466639e-02
1.776839999999999918e+03,1.804328290786554739e-02
1.777359999999999900e+03,1.800461606475554574e-02
1.777880000000000109e+03,1.796610404241642811e-02
1.778400000000000091e+03,1.792764932872643185e-02
1.778920000000000073e+03,1.788934941631731279e-02
1.779439999999999827e+03,1.785110695793819952e-02
1.779960000000000036e+03,1.781296221893819906e-02
1.780480000000000018e+03,1.777487456090908260e-02
1.781000000000000000e+03,1.773688509283908102e-02
1.781519999999999982e+03,1.769906733445996555e-02
1.782039999999999964e+03,1.766132731212084750e-02
1.782559999999999945e+03,1.762366466936084522e-02
1.783079999999999927e+03,1.758604125800173126e-02
1.783600000000000136e+03,1.754862947198173109e-02
1.784120000000000118e+03,1.751127548864260877e-02
1.784639999999999873e+03,1.747399950154349471e-02
1.785159999999999854e+03,1.743674333452349332e-02
1.785680000000000064e+03,1.739973680416437643e-02
1.786200000000000045e+03,1.736275046942437408e-02
1.786720000000000027e+03,1.732586088608525920e-02
1.787239999999999782e+03,1.728899052770613981e-02
1.787760000000000218e+03,1.725231338870614195e-02
1.788279999999999973e+03,1.721567420160702647e-02
1.788799999999999955e+03,1.717920963458702613e-02
1.789319999999999936e+03,1.714278260422791300e-02
1.789840000000000146e+03,1.710643429181879158e-02
1.790360000000000127e+03,1.707014323912879258e-02
1.790879999999999882e+03,1.703406432776967405e-02
1.791399999999999864e+03,1.699800454174967348e-02
1.791920000000000073e+03,1.696202312934055878e-02
1.792440000000000055e+03,1.692613737131143728e-02
1.792960000000000036e+03,1.689036840429144343e-02
1.793480000000000018e+03,1.685467614486232599e-02
1.794000000000000000e+03,1.681906150586232399e-02
1.794519999999999982e+03,1.678354311981320596e-02
1.795039999999999964e+03,1.674808378081320270e-02
1.795560000000000173e+03,1.671277782940408518e-02
1.796079999999999927e+03,1.667752989904497385e-02
1.796599999999999909e+03,1.664241730435497141e-02
1.797119999999999891e+03,1.660732417399585908e-02
1.797640000000000100e+03,1.657238550592585874e-02
1.798160000000000082e+03,1.653744717556674196e-02
1.798679999999999836e+03,1.650266343653762277e-02
1.799199999999999818e+03,1.646789882144762338e-02
1.799720000000000027e+03,1.643334633810850792e-02
1.800240000000000009e+03,1.639879435208850891e-02
1.800759999999999991e+03,1.636433927405939182e-02
1.801279999999999745e+03,1.632992211463027421e-02
1.801800000000000182e+03,1.629567957563026956e-02
1.802319999999999936e+03,1.626147501725115282e-02
1.802839999999999918e+03,1.622740632151115428e-02
1.803360000000000127e+03,1.619337603817203736e-02
1.803880000000000109e+03,1.615944225215203839e-02
1.804400000000000091e+03,1.612558581312292100e-02
1.804919999999999845e+03,1.609182605369380639e-02
1.805440000000000055e+03,1.605816301469380550e-02
1.805960000000000036e+03,1.602461538433469154e-02
1.806480000000000018e+03,1.599110705064468729e-02
1.807000000000000000e+03,1.595765639121557444e-02
1.807519999999999982e+03,1.592432255221557305e-02
1.808039999999999964e+03,1.589102672185645562e-02
1.808559999999999945e+03,1.585788495375733270e-02
1.809079999999999927e+03,1.582482101475733705e-02
1.809600000000000136e+03,1.579181518439821963e-02
1.810119999999999891e+03,1.575884824539821802e-02
1.810639999999999873e+03,1.572605443027910374e-02
1.811160000000000082e+03,1.569329959127909596e-02
1.811680000000000064e+03,1.566064156091998352e-02
1.812200000000000045e+03,1.562798384956086764e-02
1.812719999999999800e+03,1.559550000680087062e-02
1.813240000000000236e+03,1.556301618446175386e-02
1.813759999999999991e+03,1.553074399844175599e-02
1.814279999999999973e+03,1.549847225801263481e-02
1.814799999999999955e+03,1.546629789134263376e-02
1.815320000000000164e+03,1.543416156098351665e-02
1.815840000000000146e+03,1.540214217764439807e-02
1.816359999999999900e+03,1.537016093453440028e-02
1.816879999999999882e+03,1.533831442352528475e-02
1.817400000000000091e+03,1.530650663750528565e-02
1.817920000000000073e+03,1.527481545416616709e-02
1.818440000000000055e+03,1.524318201105616562e-02
1.818959999999999809e+03,1.521164512771705155e-02
1.819480000000000018e+03,1.518016616968792705e-02
1.820000000000000000e+03,1.514872710161793007e-02
1.820519999999999982e+03,1.511742239025881326e-02
1.821040000000000191e+03,1.508619460423881592e-02
1.821559999999999945e+03,1.505504469322970114e-02
1.822079999999999927e+03,1.502393343913970003e-02
1.822599999999999909e+03,1.499293782778058498e-02
1.823120000000000118e+03,1.496198144176058564e-02
1.823640000000000100e+03,1.493115973075146569e-02
1.824159999999999854e+03,1.490035777132234750e-02
1.824679999999999836e+03,1.486969120430235020e-02
1.825200000000000045e+03,1.483906302096323244e-02
1.825720000000000027e+03,1.480851270727323241e-02
1.826240000000000009e+03,1.477800106684411773e-02
1.826759999999999764e+03,1.474762468082411668e-02
1.827280000000000200e+03,1.471726739748500067e-02
1.827799999999999955e+03,1.468704525472499904e-02
1.828319999999999936e+03,1.465686184336588253e-02
1.828839999999999918e+03,1.462681381300676500e-02
1.829360000000000127e+03,1.459678557400676500e-02
1.829880000000000109e+03,1.456683433392765362e-02
1.830399999999999864e+03,1.453694141988765356e-02
1.830920000000000073e+03,1.450714503654853584e-02
1.831440000000000055e+03,1.447740645052853631e-02
1.831960000000000036e+03,1.444770751044942118e-02
1.832480000000000018e+03,1.441814279640942116e-02
1.833000000000000000e+03,1.438865601307029972e-02
1.833519999999999982e+03,1.435924612973118498e-02
1.834039999999999964e+03,1.432987484797118398e-02
1.834559999999999945e+03,1.430058153661206526e-02
1.835080000000000155e+03,1.427130785059206597e-02
1.835599999999999909e+03,1.424216936725295271e-02
1.836119999999999891e+03,1.421306952449294912e-02
1.836639999999999873e+03,1.418410441313382869e-02
1.837160000000000082e+03,1.415515892711382770e-02
1.837680000000000064e+03,1.412631041470471284e-02
1.838199999999999818e+03,1.409746277570471384e-02
1.838720000000000255e+03,1.406876818965560084e-02
1.839240000000000009e+03,1.404011270631648142e-02
1.839759999999999991e+03,1.401159239122647983e-02
1.840279999999999973e+03,1.398307260788736461e-02
1.840800000000000182e+03,1.395459196617736437e-02
1.841320000000000164e+03,1.392616968283824468e-02
1.841839999999999918e+03,1.389792061476824436e-02
1.842359999999999900e+03,1.386969048440912788e-02
1.842880000000000109e+03,1.384153888971912695e-02
1.843400000000000091e+03,1.381342485936000973e-02
1.843920000000000073e+03,1.378537029129001112e-02
1.844439999999999827e+03,1.375741106093089465e-02
1.844960000000000036e+03,1.372951126624089371e-02
1.845480000000000018e+03,1.370170718290177579e-02
1.846000000000000000e+03,1.367397962347265475e-02
1.846519999999999982e+03,1.364633018447265755e-02
1.847039999999999964e+03,1.361870012609354107e-02
1.847559999999999945e+03,1.359114815942354289e-02
1.848079999999999927e+03,1.356363469999442677e-02
1.848600000000000136e+03,1.353623756099442584e-02
1.849120000000000118e+03,1.350887824963531089e-02
1.849639999999999873e+03,1.348161643594530945e-02
1.850159999999999854e+03,1.345435462353618966e-02
1.850680000000000064e+03,1.342724663751619467e-02
1.851200000000000045e+03,1.340015825417707751e-02
1.851720000000000027e+03,1.337316681246707335e-02
1.852239999999999782e+03,1.334619500005795531e-02
1.852760000000000218e+03,1.331930146105795784e-02
1.853279999999999973e+03,1.329244543069883940e-02
1.853799999999999955e+03,1.326572486259972213e-02
1.854319999999999936e+03,1.323902347657972267e-02
1.854840000000000146e+03,1.321241959324060550e-02
1.855360000000000127e+03,1.318583430722060877e-02
1.855879999999999882e+03,1.315930826679148624e-02
1.856399999999999864e+03,1.313287860012149304e-02
1.856920000000000073e+03,1.310652566976237658e-02
1.857440000000000055e+03,1.308021213076237393e-02
1.857960000000000036e+03,1.305397524331326081e-02
1.858480000000000018e+03,1.302777777664325572e-02
1.859000000000000000e+03,1.300163844628414098e-02
1.859519999999999982e+03,1.297559530728414033e-02
1.860039999999999964e+03,1.294961056685502328e-02
1.860560000000000173e+03,1.292370275316502039e-02
1.861079999999999927e+03,1.289783366982590572e-02
1.861599999999999909e+03,1.287204248380590527e-02
1.862119999999999891e+03,1.284627134337678993e-02
1.862640000000000100e+03,1.282059626003767203e-02
1.863160000000000082e+03,1.279492114634767086e-02
1.863679999999999836e+03,1.276941996300855371e-02
1.864199999999999818e+03,1.274390011989855534e-02
1.864720000000000027e+03,1.271851453655943771e-02
1.865240000000000009e+03,1.269311032286944002e-02
1.865759999999999991e+03,1.266782223953032312e-02
1.866279999999999745e+03,1.264255407146032233e-02
1.866800000000000182e+03,1.261736311308120709e-02
1.867319999999999936e+03,1.259221104641120546e-02
1.867839999999999918e+03,1.256711661605208578e-02
1.868360000000000127e+03,1.254209974798208699e-02
1.868880000000000109e+03,1.251716043662297155e-02
1.869400000000000091e+03,1.249229805060297037e-02
1.869919999999999845e+03,1.246747483959385547e-02
1.870440000000000055e+03,1.244270942450385539e-02
1.870960000000000036e+03,1.241800231314473674e-02
1.871480000000000018e+03,1.239335341314473649e-02
1.872000000000000000e+03,1.236874295511562055e-02
1.872519999999999982e+03,1.234421061611561815e-02
1.873039999999999964e+03,1.231969712866650551e-02
1.873559999999999945e+03,1.229531908966650412e-02
1.874079999999999927e+03,1.227097905930738669e-02
1.874600000000000136e+03,1.224667889263738457e-02
1.875119999999999891e+03,1.222239795220826999e-02
1.875639999999999873e+03,1.219825176618826931e-02
1.876160000000000082e+03,1.217412568284915488e-02
1.876680000000000064e+03,1.215003876915915493e-02
1.877200000000000045e+03,1.212597095675003317e-02
1.877719999999999800e+03,1.210205778973003597e-02
1.878240000000000236e+03,1.207814395937091730e-02
1.878759999999999991e+03,1.205434692037091714e-02
1.879279999999999973e+03,1.203054963327180107e-02
1.879799999999999955e+03,1.200684956625180239e-02
1.880320000000000164e+03,1.198316828291268697e-02
1.880840000000000146e+03,1.195956539689268551e-02
1.881359999999999900e+03,1.193600015681356777e-02
1.881879999999999882e+03,1.191245569843444978e-02
1.882400000000000091e+03,1.188896925943444885e-02
1.882920000000000073e+03,1.186557897609533466e-02
1.883440000000000055e+03,1.184224646100533532e-02
1.883959999999999809e+03,1.181897228899621809e-02
1.884480000000000018e+03,1.179575587495621664e-02
1.885000000000000000e+03,1.177257869161710095e-02
1.885519999999999982e+03,1.174947922354709941e-02
1.886040000000000191e+03,1.172639866551798520e-02
1.886559999999999945e+03,1.170341479849798354e-02
1.887079999999999927e+03,1.168045036813886856e-02
1.887599999999999909e+03,1.165756400006886552e-02
1.888120000000000118e+03,1.163471616970975127e-02
1.888640000000000100e+03,1.161194587501974788e-02
1.889159999999999854e+03,1.158921349168063122e-02
1.889679999999999836e+03,1.156655900566063051e-02
1.890200000000000045e+03,1.154390499325151469e-02
1.890720000000000027e+03,1.152132837956151498e-02
1.891240000000000009e+03,1.149875176820239556e-02
1.891759999999999764e+03,1.147631122920239610e-02
1.892280000000000200e+03,1.145390766977328126e-02
1.892799999999999955e+03,1.143158326977328047e-02
1.893319999999999936e+03,1.140927703074416481e-02
1.893839999999999918e+03,1.138699194472416604e-02
1.894360000000000127e+03,1.136476363231504749e-02
1.894880000000000109e+03,1.134259414629504824e-02
1.895399999999999864e+03,1.132050150726593082e-02
1.895920000000000073e+03,1.129848666826592865e-02
1.896440000000000055e+03,1.127650965317593054e-02
1.896960000000000036e+03,1.125455326983681135e-02
1.897480000000000018e+03,1.123265468381681384e-02
1.898000000000000000e+03,1.121081384478769816e-02
1.898519999999999982e+03,1.118903167671769609e-02
1.899039999999999964e+03,1.116728804635857761e-02
1.899559999999999945e+03,1.114558380735857814e-02
1.900080000000000155e+03,1.112389848797946251e-02
1.900599999999999909e+03,1.110232892130946260e-02
1.901119999999999891e+03,1.108079820890034428e-02
1.901639999999999873e+03,1.105932582288034552e-02
1.902160000000000082e+03,1.103785343954122658e-02
1.902680000000000064e+03,1.101647799783122932e-02
1.903199999999999818e+03,1.099510258542211495e-02
1.903720000000000255e+03,1.097384414642211398e-02
1.904240000000000009e+03,1.095258451606299747e-02
1.904759999999999991e+03,1.093142254904299823e-02
1.905279999999999973e+03,1.091027896194388114e-02
1.905800000000000182e+03,1.088923312294387893e-02
1.906320000000000164e+03,1.086818697860475989e-02
1.906839999999999918e+03,1.084719909258476112e-02
1.907359999999999900e+03,1.082623078122564586e-02
1.907880000000000109e+03,1.080533983846564822e-02
1.908400000000000091e+03,1.078448765512652653e-02
1.908920000000000073e+03,1.076371321612652927e-02
1.909439999999999827e+03,1.074297625774741152e-02
1.909960000000000036e+03,1.072227966200741019e-02
1.910480000000000018e+03,1.070164057866829221e-02
1.911000000000000000e+03,1.068100199264829242e-02
1.911519999999999982e+03,1.066044030930917742e-02
1.912039999999999964e+03,1.063991780519917690e-02
1.912559999999999945e+03,1.061947269419005919e-02
1.913079999999999927e+03,1.059906615519006119e-02
1.913600000000000136e+03,1.057873682483094317e-02
1.914120000000000118e+03,1.055842725781094144e-02
1.914639999999999873e+03,1.053815654272094449e-02
1.915159999999999854e+03,1.051790543171182528e-02
1.915680000000000064e+03,1.049775119271182527e-02
1.916200000000000045e+03,1.047759626235270948e-02
1.916720000000000027e+03,1.045750126626270732e-02
1.917239999999999782e+03,1.043742458292359378e-02
1.917760000000000218e+03,1.041748310823359218e-02
1.918279999999999973e+03,1.039756072489447618e-02
1.918799999999999955e+03,1.037765838178447350e-02
1.919319999999999936e+03,1.035779479844535847e-02
1.919840000000000146e+03,1.033798983177535921e-02
1.920360000000000127e+03,1.031822290141624042e-02
1.920879999999999882e+03,1.029851496241624038e-02
1.921399999999999864e+03,1.027884447496712345e-02
1.921920000000000073e+03,1.025921443596712439e-02
1.922440000000000055e+03,1.023964136395800854e-02
1.922960000000000036e+03,1.022008837793800945e-02
1.923480000000000018e+03,1.020061223750889229e-02
1.924000000000000000e+03,1.018117519850889399e-02
1.924519999999999982e+03,1.016177666814977419e-02
1.925039999999999964e+03,1.014241750147977343e-02
1.925560000000000173e+03,1.012309721545977433e-02
1.926079999999999927e+03,1.010383417503065567e-02
1.926599999999999909e+03,1.008461123603065709e-02
1.927119999999999891e+03,1.006542584467154042e-02
1.927640000000000100e+03,1.004629937800154138e-02
1.928160000000000082e+03,1.002719216559242420e-02
1.928679999999999836e+03,1.000816235155242186e-02
1.929199999999999818e+03,9.989151668213304067e-03
1.929720000000000027e+03,9.970199782193305688e-03
1.930240000000000009e+03,9.951266942114190758e-03
1.930759999999999991e+03,9.932411875094190185e-03
1.931279999999999745e+03,9.913575783735070757e-03
1.931800000000000182e+03,9.894817244735069212e-03
1.932319999999999936e+03,9.876058861395954624e-03
1.932839999999999918e+03,9.857359218635954393e-03
1.933360000000000127e+03,9.838698151615955789e-03
1.933880000000000109e+03,9.820094721256838674e-03
1.934400000000000091e+03,9.801511082256839091e-03
1.934919999999999845e+03,9.782985842177720909e-03
1.935440000000000055e+03,9.764498895157718711e-03
1.935960000000000036e+03,9.746051083798602105e-03
1.936480000000000018e+03,9.727661444798601023e-03
1.937000000000000000e+03,9.709290714439485631e-03
1.937519999999999982e+03,9.690978918699487410e-03
1.938039999999999964e+03,9.672686060320371745e-03
1.938559999999999945e+03,9.654470821320371154e-03
1.939079999999999927e+03,9.636255737981252317e-03
1.939600000000000136e+03,9.618118090961254307e-03
1.940119999999999891e+03,9.599981195221254579e-03
1.940639999999999873e+03,9.581939983862138716e-03
1.941160000000000082e+03,9.563880197842137068e-03
1.941680000000000064e+03,9.545917414503019699e-03
1.942200000000000045e+03,9.527954946433020433e-03
1.942719999999999800e+03,9.510068688403905054e-03
1.943240000000000236e+03,9.492183660383905069e-03
1.943759999999999991e+03,9.474375830024786907e-03
1.944279999999999973e+03,9.456568691024786269e-03
1.944799999999999955e+03,9.438838078615671007e-03
1.945320000000000164e+03,9.421127064925668634e-03
1.945840000000000146e+03,9.403475197905670699e-03
1.946359999999999900e+03,9.385841614566554567e-03
1.946879999999999882e+03,9.368266838476553907e-03
1.947400000000000091e+03,9.350711155137435282e-03
1.947920000000000073e+03,9.333213713427431640e-03
1.948440000000000055e+03,9.315735930088317462e-03
1.948959999999999809e+03,9.298316791088319030e-03
1.949480000000000018e+03,9.280935131659199741e-03
1.950000000000000000e+03,9.263573792659201070e-03
1.950519999999999982e+03,9.246270392630083837e-03
1.951040000000000191e+03,9.229006206610082877e-03
1.951559999999999945e+03,9.211780538540085064e-03
1.952079999999999927e+03,9.194574655200966895e-03
1.952599999999999909e+03,9.177426569180965193e-03
1.953120000000000118e+03,9.160298030151850512e-03
1.953640000000000100e+03,9.143246830151849011e-03
1.954159999999999854e+03,9.126195870722733638e-03
1.954679999999999836e+03,9.109203431722733696e-03
1.955200000000000045e+03,9.092229901363614239e-03
1.955720000000000027e+03,9.075333906673617793e-03
1.956240000000000009e+03,9.058419367673617092e-03
1.956759999999999764e+03,9.041600608244500237e-03
1.957280000000000200e+03,9.024783108244499932e-03
1.957799999999999955e+03,9.008023024905383730e-03
1.958319999999999936e+03,8.991282483195382758e-03
1.958839999999999918e+03,8.974581170786264175e-03
1.959360000000000127e+03,8.957918431786265206e-03
1.959880000000000109e+03,8.941313301427148211e-03
1.960399999999999864e+03,8.924709401427146152e-03
1.960920000000000073e+03,8.908162887387148857e-03
1.961440000000000055e+03,8.891655047308032536e-03
1.961960000000000036e+03,8.875186808308033540e-03
1.962480000000000018e+03,8.858756077948917035e-03
1.963000000000000000e+03,8.842365210928916294e-03
1.963519999999999982e+03,8.825993666589797976e-03
1.964039999999999964e+03,8.809660723829796855e-03
1.964559999999999945e+03,8.793386140490680111e-03
1.965080000000000155e+03,8.777131501490681095e-03
1.965599999999999909e+03,8.760915187450681041e-03
1.966119999999999891e+03,8.744737104111563811e-03
1.966639999999999873e+03,8.728598547371565347e-03
1.967160000000000082e+03,8.712478917012446075e-03
1.967680000000000064e+03,8.696418278012447295e-03
1.968199999999999818e+03,8.680357419633329477e-03
1.968720000000000255e+03,8.664373651563328851e-03
1.969240000000000009e+03,8.648409640554213101e-03
1.969759999999999991e+03,8.632484393534213193e-03
1.970279999999999973e+03,8.616579054534213161e-03
1.970800000000000182e+03,8.600731643175093394e-03
1.971320000000000164e+03,8.584903328085095181e-03
1.971839999999999918e+03,8.569114217075979659e-03
1.972359999999999900e+03,8.553363717075979783e-03
1.972880000000000109e+03,8.537652186716863933e-03
1.973400000000000091e+03,8.521960419696862632e-03
1.973920000000000073e+03,8.506326451626862462e-03
1.974439999999999827e+03,8.490711393597746154e-03
1.974960000000000036e+03,8.475117154597745089e-03
1.975480000000000018e+03,8.459579910258628946e-03
1.976000000000000000e+03,8.444062696218628331e-03
1.976519999999999982e+03,8.428603283809512139e-03
1.977039999999999964e+03,8.413144744809511813e-03
1.977559999999999945e+03,8.397743631119511734e-03
1.978079999999999927e+03,8.382362186780395810e-03
1.978600000000000136e+03,8.367038972740395431e-03
1.979120000000000118e+03,8.351715760331277980e-03
1.979639999999999873e+03,8.336451221331277889e-03
1.980159999999999854e+03,8.321205063302160310e-03
1.980680000000000064e+03,8.306017963302160870e-03
1.981200000000000045e+03,8.290831267212162362e-03
1.981720000000000027e+03,8.275720836853043758e-03
1.982239999999999782e+03,8.260592497853044142e-03
1.982760000000000218e+03,8.245541186843926076e-03
1.983279999999999973e+03,8.230489900823928159e-03
1.983799999999999955e+03,8.215496899394809580e-03
1.984319999999999936e+03,8.200523360394810710e-03
1.984840000000000146e+03,8.185588674374811788e-03
1.985360000000000127e+03,8.170673563365692463e-03
1.985879999999999882e+03,8.155816624365694323e-03
1.986399999999999864e+03,8.140978075916576948e-03
1.986920000000000073e+03,8.126160336916576563e-03
1.987440000000000055e+03,8.111400053577459690e-03
1.987960000000000036e+03,8.096640767557458998e-03
1.988480000000000018e+03,8.081939100887459634e-03
1.989000000000000000e+03,8.067256727478343270e-03
1.989519999999999982e+03,8.052613513438344056e-03
1.990039999999999964e+03,8.038009030099227403e-03
1.990560000000000173e+03,8.023423991099225272e-03
1.991079999999999927e+03,8.008858333070108595e-03
1.991599999999999909e+03,7.994370304000108715e-03
1.992119999999999891e+03,7.979863636980107783e-03
1.992640000000000100e+03,7.965433206620992079e-03
1.993160000000000082e+03,7.950984367620990423e-03
1.993679999999999836e+03,7.936613056611875258e-03
1.994199999999999818e+03,7.922241780521874568e-03
1.994720000000000027e+03,7.907928613501875870e-03
1.995240000000000009e+03,7.893614783142759161e-03
1.995759999999999991e+03,7.879379544142759220e-03
1.996279999999999745e+03,7.865125399803640435e-03
1.996800000000000182e+03,7.850928457043639119e-03
1.997319999999999936e+03,7.836751145684522912e-03
1.997839999999999918e+03,7.822613406684523693e-03
1.998360000000000127e+03,7.808513520664524948e-03
1.998880000000000109e+03,7.794433776325406654e-03
1.999400000000000091e+03,7.780373880585409428e-03
1.999919999999999845e+03,7.766371122206288703e-03
2.000440000000000055e+03,7.752388183206289363e-03
2.000960000000000036e+03,7.738425344206289504e-03
2.001480000000000018e+03,7.724500552847172151e-03
2.002000000000000000e+03,7.710595984777174512e-03
2.002519999999999982e+03,7.696729745748055566e-03
2.003039999999999964e+03,7.682902259728055169e-03
2.003559999999999945e+03,7.669094415388937221e-03
2.004079999999999927e+03,7.655325576388936730e-03
2.004600000000000136e+03,7.641575961298936563e-03
2.005119999999999891e+03,7.627845950289821944e-03
2.005639999999999873e+03,7.614174083269820321e-03
2.006160000000000082e+03,7.600502091910705041e-03
2.006680000000000064e+03,7.586889052910706505e-03
2.007200000000000045e+03,7.573294584840705758e-03
2.007719999999999800e+03,7.559720054481589187e-03
2.008240000000000236e+03,7.546183898791588608e-03
2.008759999999999991e+03,7.532668015452471076e-03
2.009279999999999973e+03,7.519190329432470267e-03
2.009799999999999955e+03,7.505751817023354963e-03
2.010320000000000164e+03,7.492332778023356663e-03
2.010840000000000146e+03,7.478932975313358489e-03
2.011359999999999900e+03,7.465571891974238233e-03
2.011879999999999882e+03,7.452230752974240910e-03
2.012400000000000091e+03,7.438927593545120731e-03
2.012920000000000073e+03,7.425664393545122061e-03
2.013440000000000055e+03,7.412401126525122730e-03
2.013959999999999809e+03,7.399195468496004915e-03
2.014480000000000018e+03,7.385990529496004597e-03
2.015000000000000000e+03,7.372824456086888786e-03
2.015519999999999982e+03,7.359696570066889300e-03
2.016040000000000191e+03,7.346588131066887628e-03
2.016559999999999945e+03,7.333518992037771182e-03
2.017079999999999927e+03,7.320449906017770930e-03
2.017599999999999909e+03,7.307439132608653867e-03
2.018120000000000118e+03,7.294428693608654389e-03
2.018640000000000100e+03,7.281495154608652945e-03
2.019159999999999854e+03,7.268541796229537923e-03
2.019679999999999836e+03,7.255647968559536011e-03
2.020200000000000045e+03,7.242753785220419280e-03
2.020720000000000027e+03,7.229898270130420863e-03
2.021240000000000009e+03,7.217062731130419878e-03
2.021759999999999764e+03,7.204265558771303160e-03
2.022280000000000200e+03,7.191487972751302131e-03
2.022799999999999955e+03,7.178749561742185648e-03
2.023319999999999936e+03,7.166030093672184909e-03
2.023839999999999918e+03,7.153349546652186010e-03
2.024360000000000127e+03,7.140669463313069863e-03
2.024880000000000109e+03,7.128047496293069343e-03
2.025399999999999864e+03,7.115443938263952585e-03
2.025920000000000073e+03,7.102861209193952335e-03
2.026440000000000055e+03,7.090298070193949698e-03
2.026960000000000036e+03,7.077772939834834492e-03
2.027480000000000018e+03,7.065268072814835307e-03
2.028000000000000000e+03,7.052801128475718814e-03
2.028519999999999982e+03,7.040354185715719249e-03
2.029039999999999964e+03,7.027926746715718216e-03
2.029559999999999945e+03,7.015538163376603027e-03
2.030080000000000155e+03,7.003149616356603088e-03
2.030599999999999909e+03,6.990818804997483808e-03
2.031119999999999891e+03,6.978488836927485353e-03
2.031639999999999873e+03,6.966216823237484160e-03
2.032160000000000082e+03,6.953944878898369111e-03
2.032680000000000064e+03,6.941711939898367184e-03
2.033199999999999818e+03,6.929497881519252299e-03
2.033720000000000255e+03,6.917323242519250737e-03
2.034240000000000009e+03,6.905148585779253070e-03
2.034759999999999991e+03,6.893031555420132614e-03
2.035279999999999973e+03,6.880915716420131154e-03
2.035800000000000182e+03,6.868838233081015800e-03
2.036320000000000164e+03,6.856780205061016598e-03
2.036839999999999918e+03,6.844741889971017561e-03
2.037359999999999900e+03,6.832741778961899139e-03
2.037880000000000109e+03,6.820762139961899020e-03
2.038400000000000091e+03,6.808800948602781664e-03
2.038920000000000073e+03,6.796879581582778926e-03
2.039439999999999827e+03,6.784977313512779301e-03
2.039960000000000036e+03,6.773093983153663511e-03
2.040480000000000018e+03,6.761249555483665567e-03
2.041000000000000000e+03,6.749406616483665661e-03
2.041519999999999982e+03,6.737620286124547386e-03
2.042039999999999964e+03,6.725834658104547399e-03
2.042559999999999945e+03,6.714087845695432613e-03
2.043079999999999927e+03,6.702341059675431811e-03
2.043600000000000136e+03,6.690652893005431812e-03
2.044120000000000118e+03,6.678964448666313211e-03
2.044639999999999873e+03,6.667314634626312145e-03
2.045159999999999854e+03,6.655665322217197213e-03
2.045680000000000064e+03,6.644074683217197040e-03
2.046200000000000045e+03,6.632483555547197436e-03
2.046720000000000027e+03,6.620950525188080971e-03
2.047239999999999782e+03,6.609398586188081418e-03
2.047760000000000218e+03,6.597904890098080233e-03
2.048280000000000200e+03,6.586410598738963798e-03
2.048800000000000182e+03,6.574956159738963232e-03
2.049319999999999709e+03,6.563520448729846454e-03
2.049840000000000146e+03,6.552104401709846378e-03
2.050360000000000127e+03,6.540727362709844450e-03
2.050880000000000109e+03,6.529350422280731821e-03
2.051399999999999636e+03,6.518012236260730709e-03
2.051920000000000073e+03,6.506693691921612913e-03
2.052440000000000055e+03,6.495414125251613470e-03
2.052960000000000036e+03,6.484153339231613598e-03
2.053480000000000018e+03,6.472893037802495905e-03
2.054000000000000000e+03,6.461671798802495932e-03
2.054519999999999982e+03,6.450489259802494844e-03
2.055039999999999964e+03,6.439307029443378308e-03
2.055559999999999945e+03,6.428163701773381353e-03
2.056079999999999927e+03,6.417020018434263506e-03
2.056599999999999909e+03,6.405915475324263329e-03
2.057119999999999891e+03,6.394830936324261833e-03
2.057640000000000327e+03,6.383784291985144382e-03
2.058159999999999854e+03,6.372737605965145095e-03
2.058679999999999836e+03,6.361749694956028364e-03
2.059199999999999818e+03,6.350742565886028507e-03
2.059720000000000255e+03,6.339793351846028692e-03
2.060239999999999782e+03,6.328825568506911414e-03
2.060759999999999764e+03,6.317915929506910146e-03
2.061279999999999745e+03,6.307025429506911765e-03
2.061800000000000182e+03,6.296154271477795092e-03
2.062320000000000164e+03,6.285302375387794190e-03
2.062840000000000146e+03,6.274470331048677928e-03
2.063360000000000127e+03,6.263657345028677235e-03
2.063880000000000109e+03,6.252883906028677309e-03
2.064400000000000091e+03,6.242110661689561149e-03
2.064920000000000073e+03,6.231376018929561320e-03
2.065440000000000055e+03,6.220660851909561376e-03
2.065960000000000036e+03,6.209964968570443576e-03
2.066480000000000018e+03,6.199288721550444241e-03
2.067000000000000000e+03,6.188650638211327937e-03
2.067519999999999982e+03,6.178013899211327355e-03
2.068039999999999964e+03,6.167415342471327215e-03
2.068559999999999945e+03,6.156835684092211089e-03
2.069079999999999927e+03,6.146257245092210005e-03
2.069599999999999909e+03,6.135736606092210416e-03
2.070119999999999891e+03,6.125215814733094184e-03
2.070639999999999873e+03,6.114714746663092726e-03
2.071160000000000309e+03,6.104232935653977274e-03
2.071680000000000291e+03,6.093790360613976151e-03
2.072199999999999818e+03,6.083347621613975804e-03
2.072719999999999800e+03,6.072943738274859567e-03
2.073240000000000236e+03,6.062559338274858996e-03
2.073760000000000218e+03,6.052194623184859075e-03
2.074279999999999745e+03,6.041849484155742585e-03
2.074799999999999727e+03,6.031523845155741838e-03
2.075320000000000164e+03,6.021216998135741835e-03
2.075840000000000146e+03,6.010949314796625205e-03
2.076360000000000127e+03,6.000682475796625427e-03
2.076880000000000109e+03,5.990453655367508276e-03
2.077400000000000091e+03,5.980225460677507897e-03
2.077920000000000073e+03,5.970036021677508492e-03
2.078440000000000055e+03,5.959865377338391390e-03
2.078960000000000036e+03,5.949695691318391058e-03
2.079480000000000018e+03,5.939564523248393006e-03
2.080000000000000000e+03,5.929452639909273994e-03
2.080519999999999982e+03,5.919360337199274825e-03
2.081039999999999964e+03,5.909288153860158509e-03
2.081559999999999945e+03,5.899254014860158719e-03
2.082079999999999927e+03,5.889220567840157405e-03
2.082599999999999909e+03,5.879206155431041837e-03
2.083119999999999891e+03,5.869211716431041274e-03
2.083639999999999873e+03,5.859255960741040388e-03
2.084159999999999854e+03,5.849299530381923788e-03
2.084679999999999836e+03,5.839382991381924203e-03
2.085200000000000273e+03,5.829466491381923160e-03
2.085720000000000255e+03,5.819587931952806791e-03
2.086239999999999782e+03,5.809710592952806694e-03
2.086759999999999764e+03,5.799871120593690262e-03
2.087280000000000200e+03,5.790051206903689546e-03
2.087800000000000182e+03,5.780232667903690419e-03
2.088319999999999709e+03,5.770451455494572841e-03
2.088839999999999691e+03,5.760690755494572886e-03
2.089360000000000127e+03,5.750948769474573119e-03
2.089880000000000109e+03,5.741207758115456604e-03
2.090400000000000091e+03,5.731505330445456174e-03
2.090920000000000073e+03,5.721841244425456517e-03
2.091440000000000055e+03,5.712177132016339406e-03
2.091960000000000036e+03,5.702514432016339910e-03
2.092480000000000018e+03,5.692889893016339284e-03
2.093000000000000000e+03,5.683284234637223098e-03
2.093519999999999982e+03,5.673698906967223135e-03
2.094039999999999964e+03,5.664132323628105758e-03
2.094559999999999945e+03,5.654585308538105821e-03
2.095079999999999927e+03,5.645039208538106187e-03
2.095599999999999909e+03,5.635550525198989788e-03
2.096119999999999891e+03,5.626043558178988116e-03
2.096639999999999873e+03,5.616593583488988482e-03
2.097159999999999854e+03,5.607125000149871565e-03
2.097679999999999836e+03,5.597714532079871644e-03
2.098199999999999818e+03,5.588284685059871464e-03
2.098720000000000255e+03,5.578894001720755523e-03
2.099240000000000236e+03,5.569522734700755456e-03
2.099760000000000218e+03,5.560170787680755386e-03
2.100279999999999745e+03,5.550818776671637492e-03
2.100800000000000182e+03,5.541505808601637426e-03
2.101320000000000164e+03,5.532212164262520146e-03
2.101840000000000146e+03,5.522938078242519908e-03
2.102359999999999673e+03,5.513664811222520300e-03
2.102880000000000109e+03,5.504429466883404252e-03
2.103400000000000091e+03,5.495213653193404407e-03
2.103920000000000073e+03,5.485998685123403933e-03
2.104440000000000055e+03,5.476822140784286252e-03
2.104960000000000036e+03,5.467645901784287145e-03
2.105480000000000018e+03,5.458507987744286132e-03
2.106000000000000000e+03,5.449370643405169676e-03
2.106519999999999982e+03,5.440271747665169355e-03
2.107039999999999964e+03,5.431153961645169073e-03
2.107559999999999945e+03,5.422094517306051860e-03
2.108079999999999927e+03,5.413035378306053219e-03
2.108600000000000364e+03,5.403995311286051602e-03
2.109119999999999891e+03,5.394974219926934600e-03
2.109639999999999873e+03,5.385973851856935314e-03
2.110159999999999854e+03,5.376991740847818224e-03
2.110680000000000291e+03,5.368029293827817836e-03
2.111199999999999818e+03,5.359067654827819049e-03
2.111719999999999800e+03,5.350144843468701387e-03
2.112239999999999782e+03,5.341241043468700905e-03
2.112760000000000218e+03,5.332356428378702204e-03
2.113280000000000200e+03,5.323472317369585573e-03
2.113800000000000182e+03,5.314608217369585184e-03
2.114319999999999709e+03,5.305763331349584722e-03
2.114840000000000146e+03,5.296956648010468435e-03
2.115360000000000127e+03,5.288131719990468889e-03
2.115880000000000109e+03,5.279364051920467857e-03
2.116399999999999636e+03,5.270596721561351256e-03
2.116920000000000073e+03,5.261849193891350758e-03
2.117440000000000055e+03,5.253102154891350559e-03
2.117960000000000036e+03,5.244393124532234322e-03
2.118480000000000018e+03,5.235684796512234639e-03
2.119000000000000000e+03,5.226995528442233453e-03
2.119519999999999982e+03,5.218345145103117123e-03
2.120039999999999964e+03,5.209695270413117543e-03
2.120559999999999945e+03,5.201064831413116339e-03
2.121079999999999927e+03,5.192453687074000644e-03
2.121599999999999909e+03,5.183861920054001413e-03
2.122119999999999891e+03,5.175270304964000277e-03
2.122640000000000327e+03,5.166717460624883212e-03
2.123159999999999854e+03,5.158164921624882986e-03
2.123679999999999836e+03,5.149650863595766487e-03
2.124199999999999818e+03,5.141137063595766291e-03
2.124720000000000255e+03,5.132662396575765791e-03
2.125239999999999782e+03,5.124168284166647803e-03
2.125759999999999764e+03,5.115732537146648780e-03
2.126279999999999745e+03,5.107277498146648408e-03
2.126800000000000182e+03,5.098861287137531305e-03
2.127320000000000164e+03,5.090445640117531763e-03
2.127840000000000146e+03,5.082049401117531492e-03
2.128360000000000127e+03,5.073690989758414607e-03
2.128880000000000109e+03,5.065333460688416223e-03
2.129400000000000091e+03,5.056995174668415041e-03
2.129920000000000073e+03,5.048657430329298902e-03
2.130440000000000055e+03,5.040358163659298778e-03
2.130960000000000036e+03,5.032058924659298625e-03
2.131480000000000018e+03,5.023798205280182068e-03
2.132000000000000000e+03,5.015538137210182393e-03
2.132519999999999982e+03,5.007297698210182342e-03
2.133039999999999964e+03,4.999057106851065649e-03
2.133559999999999945e+03,4.990855867851065088e-03
2.134079999999999927e+03,4.982654601181065422e-03
2.134599999999999909e+03,4.974491228821948524e-03
2.135119999999999891e+03,4.966328313731948295e-03
2.135639999999999873e+03,4.958185913731948113e-03
2.136160000000000309e+03,4.950042630392832536e-03
2.136680000000000291e+03,4.941938544372832288e-03
2.137199999999999818e+03,4.933853916702831029e-03
2.137719999999999800e+03,4.925769433363714686e-03
2.138240000000000236e+03,4.917704837273713207e-03
2.138760000000000218e+03,4.909659090253714470e-03
2.139279999999999745e+03,4.901613306914597012e-03
2.139799999999999727e+03,4.893607067914597028e-03
2.140320000000000164e+03,4.885600867914597321e-03
2.140840000000000146e+03,4.877613509885480453e-03
2.141360000000000127e+03,4.869645952795481104e-03
2.141880000000000109e+03,4.861698013795480618e-03
2.142400000000000091e+03,4.853768983436361484e-03
2.142920000000000073e+03,4.845840683436362754e-03
2.143440000000000055e+03,4.837932444436362361e-03
2.143960000000000036e+03,4.830042961097245728e-03
2.144480000000000018e+03,4.822172557337246236e-03
2.145000000000000000e+03,4.814321590317247219e-03
2.145519999999999982e+03,4.806471345978129486e-03
2.146039999999999964e+03,4.798641006978128336e-03
2.146559999999999945e+03,4.790848520958128527e-03
2.147079999999999927e+03,4.783037476619012886e-03
2.147599999999999909e+03,4.775264909949012392e-03
2.148119999999999891e+03,4.767473366839012662e-03
2.148639999999999873e+03,4.759739222499895922e-03
2.149159999999999854e+03,4.752005883499895757e-03
2.149679999999999836e+03,4.744292183499895614e-03
2.150200000000000273e+03,4.736577753140778536e-03
2.150720000000000255e+03,4.728884114140778465e-03
2.151239999999999782e+03,4.721209057400779091e-03
2.151759999999999764e+03,4.713553746041662142e-03
2.152280000000000200e+03,4.705898460021662282e-03
2.152800000000000182e+03,4.698282260021661993e-03
2.153319999999999709e+03,4.690665676682545179e-03
2.153839999999999691e+03,4.683069076682544636e-03
2.154360000000000127e+03,4.675472561592544998e-03
2.154880000000000109e+03,4.667914222563428195e-03
2.155400000000000091e+03,4.660356822563428009e-03
2.155920000000000073e+03,4.652818636543428615e-03
2.156440000000000055e+03,4.645280453204310780e-03
2.156960000000000036e+03,4.637762253204310951e-03
2.157480000000000018e+03,4.630282214204310860e-03
2.158000000000000000e+03,4.622782893775194239e-03
2.158519999999999982e+03,4.615322399085194406e-03
2.159039999999999964e+03,4.607881560085193805e-03
2.159559999999999945e+03,4.600441415746077574e-03
2.160079999999999927e+03,4.593001229726077772e-03
2.160599999999999909e+03,4.585599629726076938e-03
2.161119999999999891e+03,4.578197961656077682e-03
2.161639999999999873e+03,4.570816078316960671e-03
2.162159999999999854e+03,4.563453275606961165e-03
2.162679999999999836e+03,4.556110436606961023e-03
2.163199999999999818e+03,4.548767253267843765e-03
2.163720000000000255e+03,4.541443706247844103e-03
2.164240000000000236e+03,4.534139567247843713e-03
2.164760000000000218e+03,4.526854693838726351e-03
2.165279999999999745e+03,4.519570626818725928e-03
2.165800000000000182e+03,4.512305313128725515e-03
2.166320000000000164e+03,4.505040568789609248e-03
2.166840000000000146e+03,4.497814829789608705e-03
2.167359999999999673e+03,4.490589129789610175e-03
2.167880000000000109e+03,4.483363170360491097e-03
2.168400000000000091e+03,4.476176131360491174e-03
2.168920000000000073e+03,4.468989603340491751e-03
2.169440000000000055e+03,4.461821792331374485e-03
2.169960000000000036e+03,4.454674145311374525e-03
2.170480000000000018e+03,4.447526806311375563e-03
2.171000000000000000e+03,4.440398222972257759e-03
2.171519999999999982e+03,4.433289593902258081e-03
2.172039999999999964e+03,4.426200207882259076e-03
2.172559999999999945e+03,4.419110835523141524e-03
2.173079999999999927e+03,4.412041368853141833e-03
2.173600000000000364e+03,4.404991029853141254e-03
2.174119999999999891e+03,4.397940882833141149e-03
2.174639999999999873e+03,4.390910270424024792e-03
2.175159999999999854e+03,4.383880070424024840e-03
2.175680000000000291e+03,4.376888184404024822e-03
2.176199999999999818e+03,4.369896273044908581e-03
2.176719999999999800e+03,4.362924345374908155e-03
2.177239999999999782e+03,4.355952906374907160e-03
2.177760000000000218e+03,4.349019015015790669e-03
2.178280000000000200e+03,4.342067146945791274e-03
2.178800000000000182e+03,4.335153507945790907e-03
2.179319999999999709e+03,4.328240035586673924e-03
2.179840000000000146e+03,4.321346149566674365e-03
2.180360000000000127e+03,4.314452621896673785e-03
2.180880000000000109e+03,4.307597438557557272e-03
2.181399999999999636e+03,4.300742570487556260e-03
2.181920000000000073e+03,4.293887923467557335e-03
2.182440000000000055e+03,4.287052840128440304e-03
2.182960000000000036e+03,4.280237212108441158e-03
2.183480000000000018e+03,4.273440673108440391e-03
2.184000000000000000e+03,4.266644259418441582e-03
2.184519999999999982e+03,4.259886615079324333e-03
2.185039999999999964e+03,4.253110147009323168e-03
2.185559999999999945e+03,4.246372447009323647e-03
2.186079999999999927e+03,4.239615416650206053e-03
2.186599999999999909e+03,4.232897288630205895e-03
2.187119999999999891e+03,4.226179149630205842e-03
2.187640000000000327e+03,4.219480238621090180e-03
2.188159999999999854e+03,4.212800991601089486e-03
2.188679999999999836e+03,4.206122523531089646e-03
2.189199999999999818e+03,4.199462879191971990e-03
2.189720000000000255e+03,4.192822640191972046e-03
2.190239999999999782e+03,4.186182526151971915e-03
2.190759999999999764e+03,4.179542981812856342e-03
2.191279999999999745e+03,4.172941942812855888e-03
2.191800000000000182e+03,4.166341386072855597e-03
2.192320000000000164e+03,4.159759600052855347e-03
2.192840000000000146e+03,4.153178316713738126e-03
2.193360000000000127e+03,4.146635616713738315e-03
2.193880000000000109e+03,4.140074249693739307e-03
2.194400000000000091e+03,4.133550958334622320e-03
2.194920000000000073e+03,4.127028819334621450e-03
2.195440000000000055e+03,4.120525262594621277e-03
2.195960000000000036e+03,4.114022379255505638e-03
2.196480000000000018e+03,4.107538093235505242e-03
2.197000000000000000e+03,4.101054693235504402e-03
2.197519999999999982e+03,4.094590481876387265e-03
2.198039999999999964e+03,4.088145934856388108e-03
2.198559999999999945e+03,4.081720795856387356e-03
2.199079999999999927e+03,4.075276539116387021e-03
2.199599999999999909e+03,4.068870655777271500e-03
2.200119999999999891e+03,4.062484369757270695e-03
2.200639999999999873e+03,4.056098469757270578e-03
2.201160000000000309e+03,4.049712658398153288e-03
2.201680000000000291e+03,4.043346858398153519e-03
2.202199999999999818e+03,4.036999272378153335e-03
2.202719999999999800e+03,4.030671759969037780e-03
2.203240000000000236e+03,4.024325532299037785e-03
2.203760000000000218e+03,4.018017493299037499e-03
2.204279999999999745e+03,4.011709646279037686e-03
2.204799999999999727e+03,4.005440434919921126e-03
2.205320000000000164e+03,3.999152534919920600e-03
2.205840000000000146e+03,3.992884166849921396e-03
2.206360000000000127e+03,3.986635083510803833e-03
2.206880000000000109e+03,3.980385508820803546e-03
2.207400000000000091e+03,3.974155869820803974e-03
2.207920000000000073e+03,3.967926425481688169e-03
2.208440000000000055e+03,3.961716358461687092e-03
2.208960000000000036e+03,3.955525611441686011e-03
2.209480000000000018e+03,3.949354743371686662e-03
2.210000000000000000e+03,3.943164460032569200e-03
2.210519999999999982e+03,3.937012732362569177e-03
2.211039999999999964e+03,3.930861646342569647e-03
2.211559999999999945e+03,3.924729202003453959e-03
2.212079999999999927e+03,3.918597534983451862e-03
2.212599999999999909e+03,3.912485534983452772e-03
2.213119999999999891e+03,3.906372775554335132e-03
2.213639999999999873e+03,3.900279836554334904e-03
2.214159999999999854e+03,3.894206536554335133e-03
2.214679999999999836e+03,3.888134169884335887e-03
2.215200000000000273e+03,3.882079778525218336e-03
2.215720000000000255e+03,3.876045639525218644e-03
2.216239999999999782e+03,3.869992411505218406e-03
2.216759999999999764e+03,3.863977499096102330e-03
2.217280000000000200e+03,3.857962652076101819e-03
2.217800000000000182e+03,3.851968213076101787e-03
2.218319999999999709e+03,3.845972902066984930e-03
2.218839999999999691e+03,3.839997102066984580e-03
2.219360000000000127e+03,3.834041016046985193e-03
2.219880000000000109e+03,3.828085288026984809e-03
2.220400000000000091e+03,3.822129175617867969e-03
2.220920000000000073e+03,3.816212675617867891e-03
2.221440000000000055e+03,3.810276189597868682e-03
2.221960000000000036e+03,3.804359306258751211e-03
2.222480000000000018e+03,3.798461878588751169e-03
2.223000000000000000e+03,3.792584539588751170e-03
2.223519999999999982e+03,3.786706020209633806e-03
2.224039999999999964e+03,3.780828652139633927e-03
2.224559999999999945e+03,3.774990052139633526e-03
2.225079999999999927e+03,3.769132313139633705e-03
2.225599999999999909e+03,3.763312121780517522e-03
2.226119999999999891e+03,3.757473955110516607e-03
2.226639999999999873e+03,3.751674516110517586e-03
2.227159999999999854e+03,3.745855643751400468e-03
2.227679999999999836e+03,3.740075428661400470e-03
2.228199999999999818e+03,3.734295628661400603e-03
2.228720000000000255e+03,3.728535389661398903e-03
2.229240000000000236e+03,3.722774845322282967e-03
2.229760000000000218e+03,3.717034206322283180e-03
2.230279999999999745e+03,3.711293231632283290e-03
2.230800000000000182e+03,3.705571848293166132e-03
2.231320000000000164e+03,3.699850752203167129e-03
2.231840000000000146e+03,3.694149352203167109e-03
2.232359999999999673e+03,3.688447566183165969e-03
2.232880000000000109e+03,3.682765421844049446e-03
2.233400000000000091e+03,3.677083582844048893e-03
2.233920000000000073e+03,3.671421382844049230e-03
2.234440000000000055e+03,3.665777524814932669e-03
2.234960000000000036e+03,3.660134367724932319e-03
2.235480000000000018e+03,3.654510828724932565e-03
2.236000000000000000e+03,3.648887484385815710e-03
2.236519999999999982e+03,3.643283198365814858e-03
2.237039999999999964e+03,3.637679759365815453e-03
2.237559999999999945e+03,3.632095459365815033e-03
2.238079999999999927e+03,3.626510776026699388e-03
2.238600000000000364e+03,3.620945701336698765e-03
2.239119999999999891e+03,3.615381405246699022e-03
2.239639999999999873e+03,3.609835960907581409e-03
2.240159999999999854e+03,3.604291321907581239e-03
2.240680000000000291e+03,3.598784921907581796e-03
2.241199999999999818e+03,3.593259035887581224e-03
2.241719999999999800e+03,3.587752791548464836e-03
2.242239999999999782e+03,3.582246824878464447e-03
2.242760000000000218e+03,3.576779528788463954e-03
2.243280000000000200e+03,3.571293037429347072e-03
2.243800000000000182e+03,3.565826298429347011e-03
2.244319999999999709e+03,3.560378698429347236e-03
2.244840000000000146e+03,3.554931559429346920e-03
2.245360000000000127e+03,3.549484268070229095e-03
2.245880000000000109e+03,3.544056729070230258e-03
2.246399999999999636e+03,3.538648244310230173e-03
2.246920000000000073e+03,3.533239960971113099e-03
2.247440000000000055e+03,3.527850813951113884e-03
2.247960000000000036e+03,3.522462474951113670e-03
2.248480000000000018e+03,3.517093274951113308e-03
2.249000000000000000e+03,3.511724191611996591e-03
2.249519999999999982e+03,3.506374552611996563e-03
2.250039999999999964e+03,3.501025076521996696e-03
2.250559999999999945e+03,3.495694637492880678e-03
2.251079999999999927e+03,3.490364637492880673e-03
2.251599999999999909e+03,3.485035598492880297e-03
2.252119999999999891e+03,3.479724851472880062e-03
2.252640000000000327e+03,3.474433668133763021e-03
2.253159999999999854e+03,3.469161968133763381e-03
2.253679999999999836e+03,3.463872129133762495e-03
2.254199999999999818e+03,3.458600553043762304e-03
2.254720000000000255e+03,3.453348514014646133e-03
2.255239999999999782e+03,3.448096914014645541e-03
2.255759999999999764e+03,3.442864875014644849e-03
2.256279999999999745e+03,3.437632491675529211e-03
2.256800000000000182e+03,3.432419744655529001e-03
2.257320000000000164e+03,3.427207305655528054e-03
2.257840000000000146e+03,3.422013976585528815e-03
2.258360000000000127e+03,3.416820765226411417e-03
2.258880000000000109e+03,3.411628090536412018e-03
2.259400000000000091e+03,3.406473951536411002e-03
2.259920000000000073e+03,3.401300907197294613e-03
2.260440000000000055e+03,3.396147268197295069e-03
2.260960000000000036e+03,3.391012921177294706e-03
2.261480000000000018e+03,3.385878853107295462e-03
2.262000000000000000e+03,3.380744508768178391e-03
2.262519999999999982e+03,3.375630041748178389e-03
2.263039999999999964e+03,3.370534714078178215e-03
2.263559999999999945e+03,3.365438683719060645e-03
2.264079999999999927e+03,3.360343883719061047e-03
2.264599999999999909e+03,3.355268644719060916e-03
2.265119999999999891e+03,3.350193444719060630e-03
2.265639999999999873e+03,3.345136585289944404e-03
2.266160000000000309e+03,3.340080946289944019e-03
2.266680000000000291e+03,3.335044918269944141e-03
2.267199999999999818e+03,3.330008351599944658e-03
2.267719999999999800e+03,3.324991260240827817e-03
2.268240000000000236e+03,3.319974321240827184e-03
2.268760000000000218e+03,3.314977521240827178e-03
2.269279999999999745e+03,3.309980308831710332e-03
2.269799999999999727e+03,3.304983508831710326e-03
2.270320000000000164e+03,3.300005394791710994e-03
2.270840000000000146e+03,3.295047294791711174e-03
2.271360000000000127e+03,3.290088783782593989e-03
2.271880000000000109e+03,3.285131183782593906e-03
2.272400000000000091e+03,3.280192297762594012e-03
2.272920000000000073e+03,3.275273397762593682e-03
2.273440000000000055e+03,3.270354085353476947e-03
2.273960000000000036e+03,3.265435685353476353e-03
2.274480000000000018e+03,3.260536318333476843e-03
2.275000000000000000e+03,3.255636826974360205e-03
2.275519999999999982e+03,3.250737960304360408e-03
2.276039999999999964e+03,3.245858260304360435e-03
2.276559999999999945e+03,3.240998121304359929e-03
2.277079999999999927e+03,3.236118229945243036e-03
2.277599999999999909e+03,3.231277661875242829e-03
2.278119999999999891e+03,3.226437122875242935e-03
2.278639999999999873e+03,3.221596594855241635e-03
2.279159999999999854e+03,3.216774964496126130e-03
2.279679999999999836e+03,3.211954536826126458e-03
2.280200000000000273e+03,3.207153197826126054e-03
2.280720000000000255e+03,3.202351553487009245e-03
2.281239999999999782e+03,3.197569285417008970e-03
2.281759999999999764e+03,3.192787738397009217e-03
2.282280000000000200e+03,3.188005999397009425e-03
2.282800000000000182e+03,3.183243527037892158e-03
2.283319999999999709e+03,3.178481888037891848e-03
2.283839999999999691e+03,3.173738513347892139e-03
2.284360000000000127e+03,3.168995974347891837e-03
2.284880000000000109e+03,3.164253630008775301e-03
2.285400000000000091e+03,3.159549761938775306e-03
2.285920000000000073e+03,3.154826861938775026e-03
2.286440000000000055e+03,3.150122831579658424e-03
2.286960000000000036e+03,3.145420003559658111e-03
2.287480000000000018e+03,3.140736264559658344e-03
2.288000000000000000e+03,3.136052564559657987e-03
2.288519999999999982e+03,3.131387206530541166e-03
2.289039999999999964e+03,3.126723106530540988e-03
2.289559999999999945e+03,3.122078538460540831e-03
2.290079999999999927e+03,3.117434038460541266e-03
2.290599999999999909e+03,3.112789155121423873e-03
2.291119999999999891e+03,3.108144780081423687e-03
2.291639999999999873e+03,3.103538941081424463e-03
2.292159999999999854e+03,3.098933141081424217e-03
2.292679999999999836e+03,3.094327930072307380e-03
2.293199999999999818e+03,3.089722253982307449e-03
2.293720000000000255e+03,3.085136514982307274e-03
2.294240000000000236e+03,3.080550470643191128e-03
2.294760000000000218e+03,3.075984331643190264e-03
2.295279999999999745e+03,3.071418203623190596e-03
2.295800000000000182e+03,3.066871317603191236e-03
2.296320000000000164e+03,3.062323973264073976e-03
2.296840000000000146e+03,3.057777934264073894e-03
2.297359999999999673e+03,3.053250477524073643e-03
2.297880000000000109e+03,3.048723538524074003e-03
2.298400000000000091e+03,3.044215547164956862e-03
2.298920000000000073e+03,3.039707708164956796e-03
2.299440000000000055e+03,3.035200880144956967e-03
2.299960000000000036e+03,3.030712641144956646e-03
2.300480000000000018e+03,3.026224749785839420e-03
2.301000000000000000e+03,3.021756110785839278e-03
2.301519999999999982e+03,3.017288454045839036e-03
2.302039999999999964e+03,3.012839070706722390e-03
2.302559999999999945e+03,3.008390570706722007e-03
2.303079999999999927e+03,3.003941184686722502e-03
2.303600000000000364e+03,2.999512256666722349e-03
2.304119999999999891e+03,2.995082973327606052e-03
2.304639999999999873e+03,2.990673173327605856e-03
2.305159999999999854e+03,2.986244387307606437e-03
2.305680000000000291e+03,2.981854130567606134e-03
2.306199999999999818e+03,2.977444947228489319e-03
2.306719999999999800e+03,2.973074347228489046e-03
2.307239999999999782e+03,2.968684608228489355e-03
2.307760000000000218e+03,2.964314133188488895e-03
2.308280000000000200e+03,2.959943649849371833e-03
2.308800000000000182e+03,2.955593149849371909e-03
2.309319999999999709e+03,2.951242110849371970e-03
2.309840000000000146e+03,2.946911181779371912e-03
2.310360000000000127e+03,2.942579523750255260e-03
2.310880000000000109e+03,2.938248623750255514e-03
2.311399999999999636e+03,2.933917684750255491e-03
2.311920000000000073e+03,2.929625484750255499e-03
2.312440000000000055e+03,2.925313426371138614e-03
2.312960000000000036e+03,2.921021726371138359e-03
2.313480000000000018e+03,2.916729987371138259e-03
2.314000000000000000e+03,2.912457513962021620e-03
2.314519999999999982e+03,2.908184874962021528e-03
2.315039999999999964e+03,2.903912400272021504e-03
2.315559999999999945e+03,2.899659861272020894e-03
2.316079999999999927e+03,2.895407016932904313e-03
2.316599999999999909e+03,2.891174049912904366e-03
2.317119999999999891e+03,2.886940649912904042e-03
2.317640000000000327e+03,2.882707363892904502e-03
2.318159999999999854e+03,2.878493690483787532e-03
2.318679999999999836e+03,2.874280351483787278e-03
2.319199999999999818e+03,2.870067023813786897e-03
2.319720000000000255e+03,2.865872937793787281e-03
2.320239999999999782e+03,2.861678893454669935e-03
2.320759999999999764e+03,2.857504726434670957e-03
2.321279999999999745e+03,2.853330126434670735e-03
2.321800000000000182e+03,2.849156526434670419e-03
2.322320000000000164e+03,2.845000767005553561e-03
2.322840000000000146e+03,2.840846267005553254e-03
2.323360000000000127e+03,2.836692228005553273e-03
2.323880000000000109e+03,2.832556800335553002e-03
2.324400000000000091e+03,2.828440616996436788e-03
2.324920000000000073e+03,2.824305869976436855e-03
2.325440000000000055e+03,2.820190502956436678e-03
2.325960000000000036e+03,2.816075202956436728e-03
2.326480000000000018e+03,2.811978590547319513e-03
2.327000000000000000e+03,2.807883390547319478e-03
2.327519999999999982e+03,2.803806404527319027e-03
2.328039999999999964e+03,2.799711204527319426e-03
2.328559999999999945e+03,2.795653793518202476e-03
2.329079999999999927e+03,2.791577693518202882e-03
2.329599999999999909e+03,2.787520818478202676e-03
2.330119999999999891e+03,2.783464318478202828e-03
2.330639999999999873e+03,2.779427006069085885e-03
2.331160000000000309e+03,2.775390106069086649e-03
2.331680000000000291e+03,2.771353206069086111e-03
2.332199999999999818e+03,2.767335520049085933e-03
2.332719999999999800e+03,2.763318375709969497e-03
2.333240000000000236e+03,2.759301048039969600e-03
2.333760000000000218e+03,2.755303348039969420e-03
2.334279999999999745e+03,2.751305581019969013e-03
2.334799999999999727e+03,2.747326260590851870e-03
2.335320000000000164e+03,2.743329060590851860e-03
2.335840000000000146e+03,2.739370021590851589e-03
2.336360000000000127e+03,2.735392421590851757e-03
2.336880000000000109e+03,2.731433577251735252e-03
2.337400000000000091e+03,2.727494302561735227e-03
2.337920000000000073e+03,2.723535763561735126e-03
2.338440000000000055e+03,2.719596835541735098e-03
2.338960000000000036e+03,2.715658091202618075e-03
2.339480000000000018e+03,2.711738723132618451e-03
2.340000000000000000e+03,2.707819076112619010e-03
2.340519999999999982e+03,2.703900276112618847e-03
2.341039999999999964e+03,2.700000231773502010e-03
2.341559999999999945e+03,2.696100492773502010e-03
2.342079999999999927e+03,2.692201265103502054e-03
2.342599999999999909e+03,2.688320818083501668e-03
2.343119999999999891e+03,2.684459445724384635e-03
2.343639999999999873e+03,2.680579277654384501e-03
2.344159999999999854e+03,2.676718777654384703e-03
2.344679999999999836e+03,2.672858430634384233e-03
2.345200000000000273e+03,2.668997547295267475e-03
2.345720000000000255e+03,2.665157147295267159e-03
2.346239999999999782e+03,2.661316247295267105e-03
2.346759999999999764e+03,2.657494919625267259e-03
2.347280000000000200e+03,2.653653761246150492e-03
2.347800000000000182e+03,2.649852032176150483e-03
2.348319999999999709e+03,2.646030732176150174e-03
2.348839999999999691e+03,2.642229493176150371e-03
2.349360000000000127e+03,2.638427448837033559e-03
2.349880000000000109e+03,2.634645501817033802e-03
2.350400000000000091e+03,2.630863401817033417e-03
2.350920000000000073e+03,2.627081262817033622e-03
2.351440000000000055e+03,2.623299290807916320e-03
2.351960000000000036e+03,2.619537262787916768e-03
2.352480000000000018e+03,2.615774386697916273e-03
2.353000000000000000e+03,2.612031447697917268e-03
2.353519999999999982e+03,2.608288703358800295e-03
2.354039999999999964e+03,2.604545803358800701e-03
2.354559999999999945e+03,2.600822464358800139e-03
2.355079999999999927e+03,2.597080217338799610e-03
2.355599999999999909e+03,2.593357072999683249e-03
2.356119999999999891e+03,2.589653345329682738e-03
2.356639999999999873e+03,2.585949549239682961e-03
2.357159999999999854e+03,2.582246349239683027e-03
2.357679999999999836e+03,2.578542457880565568e-03
2.358199999999999818e+03,2.574858857880565812e-03
2.358720000000000255e+03,2.571174718880565174e-03
2.359240000000000236e+03,2.567510218880565426e-03
2.359760000000000218e+03,2.563827118880565841e-03
2.360279999999999745e+03,2.560161888521448291e-03
2.360800000000000182e+03,2.556517488521448892e-03
2.361320000000000164e+03,2.552873003761449260e-03
2.361840000000000146e+03,2.549228603761448560e-03
2.362359999999999673e+03,2.545583820422331767e-03
2.362880000000000109e+03,2.541958173402331968e-03
2.363400000000000091e+03,2.538333373402331880e-03
2.363920000000000073e+03,2.534708573402332226e-03
2.364440000000000055e+03,2.531102990063214923e-03
2.364960000000000036e+03,2.527497790063215014e-03
2.365480000000000018e+03,2.523892243043215130e-03
2.366000000000000000e+03,2.520306019283215151e-03
2.366519999999999982e+03,2.516720074944097871e-03
2.367039999999999964e+03,2.513134474944098574e-03
2.367559999999999945e+03,2.509549374944098146e-03
2.368079999999999927e+03,2.505982988924097907e-03
2.368600000000000364e+03,2.502416644584981240e-03
2.369119999999999891e+03,2.498870244584980999e-03
2.369639999999999873e+03,2.495304244584981013e-03
2.370159999999999854e+03,2.491757776514980614e-03
2.370680000000000291e+03,2.488230229465863540e-03
2.371199999999999818e+03,2.484684329465863470e-03
2.371719999999999800e+03,2.481176590465863571e-03
2.372239999999999782e+03,2.477649790465863942e-03
2.372760000000000218e+03,2.474123490465864050e-03
2.373280000000000200e+03,2.470615599106747075e-03
2.373800000000000182e+03,2.467127960106746658e-03
2.374319999999999709e+03,2.463621760106746682e-03
2.374840000000000146e+03,2.460134131036747097e-03
2.375360000000000127e+03,2.456646131007630355e-03
2.375880000000000109e+03,2.453177244987630404e-03
2.376399999999999636e+03,2.449690144987630002e-03
2.376920000000000073e+03,2.446222644987630212e-03
2.377440000000000055e+03,2.442773900648513748e-03
2.377960000000000036e+03,2.439325461648513254e-03
2.378480000000000018e+03,2.435876714628513930e-03
2.379000000000000000e+03,2.432428814628513451e-03
2.379519999999999982e+03,2.428980502219396567e-03
2.380039999999999964e+03,2.425551674199397014e-03
2.380559999999999945e+03,2.422123346529397175e-03
2.381079999999999927e+03,2.418714146529396883e-03
2.381599999999999909e+03,2.415304716170279826e-03
2.382119999999999891e+03,2.411876416170279525e-03
2.382640000000000327e+03,2.408486816170279845e-03
2.383159999999999854e+03,2.405078116170279723e-03
2.383679999999999836e+03,2.401708048100279630e-03
2.384199999999999818e+03,2.398318256741162596e-03
2.384720000000000255e+03,2.394929128721162703e-03
2.385239999999999782e+03,2.391559601051162099e-03
2.385759999999999764e+03,2.388190062051162056e-03
2.386279999999999745e+03,2.384839317712045183e-03
2.386800000000000182e+03,2.381469970692045180e-03
2.387320000000000164e+03,2.378119531692045579e-03
2.387840000000000146e+03,2.374789231692045303e-03
2.388360000000000127e+03,2.371438958282928722e-03
2.388880000000000109e+03,2.368108158282928710e-03
2.389400000000000091e+03,2.364777444242929100e-03
2.389920000000000073e+03,2.361466744242929003e-03
2.390440000000000055e+03,2.358136416572928756e-03
2.390960000000000036e+03,2.354825372233811977e-03
2.391480000000000018e+03,2.351515133233812206e-03
2.392000000000000000e+03,2.348223186213812142e-03
2.392519999999999982e+03,2.344932086213812224e-03
2.393039999999999964e+03,2.341641112804695047e-03
2.393559999999999945e+03,2.338349973804694851e-03
2.394079999999999927e+03,2.335078445784694728e-03
2.394599999999999909e+03,2.331806945784694555e-03
2.395119999999999891e+03,2.328535573775577898e-03
2.395639999999999873e+03,2.325283634775577625e-03
2.396160000000000309e+03,2.322012134775577885e-03
2.396680000000000291e+03,2.318779834775577635e-03
2.397199999999999818e+03,2.315527934775577640e-03
2.397719999999999800e+03,2.312295722366461154e-03
2.398240000000000236e+03,2.309063422366460904e-03
2.398760000000000218e+03,2.305831094346461139e-03
2.399279999999999745e+03,2.302599255346460781e-03
2.399799999999999727e+03,2.299386211007344027e-03
2.400320000000000164e+03,2.296173983337343721e-03
2.400840000000000146e+03,2.292961783337344253e-03
2.401360000000000127e+03,2.289768644337344082e-03
2.401880000000000109e+03,2.286575699998227244e-03
2.402400000000000091e+03,2.283382570928227471e-03
2.402920000000000073e+03,2.280190470928227485e-03
2.403440000000000055e+03,2.277016931928227059e-03
2.403960000000000036e+03,2.273843403908226962e-03
2.404480000000000018e+03,2.270670059569109868e-03
2.405000000000000000e+03,2.267516159569110332e-03
2.405519999999999982e+03,2.264343592899110275e-03
2.406039999999999964e+03,2.261190192899110041e-03
2.406559999999999945e+03,2.258055548559993568e-03
2.407079999999999927e+03,2.254902619489993192e-03
2.407599999999999909e+03,2.251768280489993557e-03
2.408119999999999891e+03,2.248634480489993068e-03
2.408639999999999873e+03,2.245520252469993677e-03
2.409159999999999854e+03,2.242386108130876941e-03
2.409679999999999836e+03,2.239271869130876353e-03
2.410200000000000273e+03,2.236157669130876477e-03
2.410720000000000255e+03,2.233063041460876808e-03
2.411239999999999782e+03,2.229948497121759816e-03
2.411759999999999764e+03,2.226872929051759535e-03
2.412280000000000200e+03,2.223778329051759838e-03
2.412800000000000182e+03,2.220684229051759443e-03
2.413319999999999709e+03,2.217608884712642808e-03
2.413839999999999691e+03,2.214533817692642629e-03
2.414360000000000127e+03,2.211459317692642413e-03
2.414880000000000109e+03,2.208403917692642639e-03
2.415400000000000091e+03,2.205348490022642459e-03
2.415920000000000073e+03,2.202292706683525725e-03
2.416440000000000055e+03,2.199237806683525687e-03
2.416960000000000036e+03,2.196201977613525778e-03
2.417480000000000018e+03,2.193166177613525749e-03
2.418000000000000000e+03,2.190130494274408497e-03
2.418519999999999982e+03,2.187095166254408689e-03
2.419039999999999964e+03,2.184059866254408396e-03
2.419559999999999945e+03,2.181043666254408545e-03
2.420079999999999927e+03,2.178027427254408850e-03
2.420599999999999909e+03,2.175030955245291827e-03
2.421119999999999891e+03,2.172034355245291721e-03
2.421639999999999873e+03,2.169037726175291302e-03
2.422159999999999854e+03,2.166041587175291522e-03
2.422679999999999836e+03,2.163045142836174470e-03
2.423199999999999818e+03,2.160068642836174713e-03
2.423720000000000255e+03,2.157092114816175007e-03
2.424240000000000236e+03,2.154115075816174802e-03
2.424760000000000218e+03,2.151139075816174348e-03
2.425279999999999745e+03,2.148181331477057483e-03
2.425800000000000182e+03,2.145224403807057933e-03
2.426320000000000164e+03,2.142267435737058631e-03
2.426840000000000146e+03,2.139310535737058185e-03
2.427359999999999673e+03,2.136372891397941669e-03
2.427880000000000109e+03,2.133435591397940968e-03
2.428400000000000091e+03,2.130498224377941341e-03
2.428920000000000073e+03,2.127561424377941678e-03
2.429440000000000055e+03,2.124643724377942022e-03
2.429960000000000036e+03,2.121725680038824384e-03
2.430480000000000018e+03,2.118807941038824017e-03
2.431000000000000000e+03,2.115890741038824099e-03
2.431519999999999982e+03,2.112992111968824138e-03
2.432039999999999964e+03,2.110094011968823794e-03
2.432559999999999945e+03,2.107196028629707528e-03
2.433079999999999927e+03,2.104297928629706750e-03
2.433600000000000364e+03,2.101419900609706806e-03
2.434119999999999891e+03,2.098541400609707074e-03
2.434639999999999873e+03,2.095663017270590553e-03
2.435159999999999854e+03,2.092784517270589954e-03
2.435680000000000291e+03,2.089925617270590400e-03
2.436199999999999818e+03,2.087047588200590092e-03
2.436719999999999800e+03,2.084189149200589997e-03
2.437239999999999782e+03,2.081349504861473507e-03
2.437760000000000218e+03,2.078491104861473256e-03
2.438280000000000200e+03,2.075652304861472751e-03
2.438800000000000182e+03,2.072812937841473583e-03
2.439319999999999709e+03,2.069973793502356395e-03
2.439840000000000146e+03,2.067154093502356332e-03
2.440360000000000127e+03,2.064315793502356864e-03
2.440880000000000109e+03,2.061496054502356956e-03
2.441399999999999636e+03,2.058696425432356494e-03
2.441920000000000073e+03,2.055876881093239052e-03
2.442440000000000055e+03,2.053077281093239337e-03
2.442960000000000036e+03,2.050277642093239344e-03
2.443480000000000018e+03,2.047478042093239629e-03
2.444000000000000000e+03,2.044678414073239532e-03
2.444519999999999982e+03,2.041898069734122446e-03
2.445039999999999964e+03,2.039098430734122454e-03
2.445559999999999945e+03,2.036338030734122229e-03
2.446079999999999927e+03,2.033558001664122813e-03
2.446599999999999909e+03,2.030797257325005906e-03
2.447119999999999891e+03,2.028017757325005672e-03
2.447640000000000327e+03,2.025257818325005340e-03
2.448159999999999854e+03,2.022497418325005548e-03
2.448679999999999836e+03,2.019756618325005502e-03
2.449199999999999818e+03,2.017015445965888391e-03
2.449720000000000255e+03,2.014274606965888934e-03
2.450239999999999782e+03,2.011534306965888624e-03
2.450759999999999764e+03,2.008794006965888314e-03
2.451279999999999745e+03,2.006072777895888566e-03
2.451800000000000182e+03,2.003351194556772172e-03
2.452320000000000164e+03,2.000630494556772040e-03
2.452840000000000146e+03,1.997909294556772172e-03
2.453360000000000127e+03,1.995189094556771778e-03
2.453880000000000109e+03,1.992487111217655128e-03
2.454400000000000091e+03,1.989785983197655227e-03
2.454920000000000073e+03,1.987084383197655103e-03
2.455440000000000055e+03,1.984402383197655158e-03
2.455960000000000036e+03,1.981701744197655098e-03
2.456480000000000018e+03,1.979019370788537725e-03
2.457000000000000000e+03,1.976337870788537950e-03
2.457519999999999982e+03,1.973656870788538346e-03
2.458039999999999964e+03,1.970994431788537869e-03
2.458559999999999945e+03,1.968332531788537839e-03
2.459079999999999927e+03,1.965651187449421120e-03
2.459599999999999909e+03,1.963008387449421098e-03
2.460119999999999891e+03,1.960346987449421239e-03
2.460639999999999873e+03,1.957704148449420506e-03
2.461160000000000309e+03,1.955042719379421201e-03
2.461680000000000291e+03,1.952400075040304668e-03
2.462199999999999818e+03,1.949758275040304120e-03
2.462719999999999800e+03,1.947135536040304604e-03
2.463240000000000236e+03,1.944512336040304110e-03
2.463760000000000218e+03,1.941889791701187492e-03
2.464279999999999745e+03,1.939267091701187386e-03
2.464799999999999727e+03,1.936644852701187606e-03
2.465320000000000164e+03,1.934042252701187415e-03
2.465840000000000146e+03,1.931420052701187480e-03
2.466360000000000127e+03,1.928816579292070774e-03
2.466880000000000109e+03,1.926233040292070313e-03
2.467400000000000091e+03,1.923630440292070556e-03
2.467920000000000073e+03,1.921046940292070373e-03
2.468440000000000055e+03,1.918463940292070577e-03
2.468960000000000036e+03,1.915880095952953712e-03
2.469480000000000018e+03,1.913297056952953205e-03
2.470000000000000000e+03,1.910733156952953852e-03
2.470519999999999982e+03,1.908150656952953793e-03
2.471039999999999964e+03,1.905586756952953572e-03
2.471559999999999945e+03,1.903023444543835985e-03
2.472079999999999927e+03,1.900460044543835934e-03
2.472599999999999909e+03,1.897915744543836108e-03
2.473119999999999891e+03,1.895371944543836236e-03
2.473639999999999873e+03,1.892828105543836086e-03
2.474159999999999854e+03,1.890283961204719532e-03
2.474679999999999836e+03,1.887740661204719613e-03
2.475200000000000273e+03,1.885215961204719098e-03
2.475720000000000255e+03,1.882691761204719405e-03
2.476239999999999782e+03,1.880167177865602534e-03
2.476759999999999764e+03,1.877643448795602481e-03
2.477280000000000200e+03,1.875119248795602571e-03
2.477800000000000182e+03,1.872614648795602188e-03
2.478319999999999709e+03,1.870110009795602829e-03
2.478839999999999691e+03,1.867605565456485935e-03
2.479360000000000127e+03,1.865101465456485723e-03
2.479880000000000109e+03,1.862597365456485510e-03
2.480400000000000091e+03,1.860112326456485896e-03
2.480920000000000073e+03,1.857627326456485692e-03
2.481440000000000055e+03,1.855142482117368976e-03
2.481960000000000036e+03,1.852657453047369110e-03
2.482480000000000018e+03,1.850192553047369255e-03
2.483000000000000000e+03,1.847708014047369160e-03
2.483519999999999982e+03,1.845243114047369305e-03
2.484039999999999964e+03,1.842777369708251730e-03
2.484559999999999945e+03,1.840331569708251883e-03
2.485079999999999927e+03,1.837866630708251750e-03
2.485599999999999909e+03,1.835421330708252073e-03
2.486119999999999891e+03,1.832956930708252172e-03
2.486639999999999873e+03,1.830511286369135163e-03
2.487159999999999854e+03,1.828085047369134783e-03
2.487679999999999836e+03,1.825640247369135277e-03
2.488199999999999818e+03,1.823214047369134958e-03
2.488720000000000255e+03,1.820788847369134763e-03
2.489240000000000236e+03,1.818362803030018366e-03
2.489760000000000218e+03,1.815937064030018156e-03
2.490279999999999745e+03,1.813530464030018016e-03
2.490800000000000182e+03,1.811105764030018208e-03
2.491320000000000164e+03,1.808699664030018455e-03
2.491840000000000146e+03,1.806293180690900875e-03
2.492359999999999673e+03,1.803887580690901075e-03
2.492880000000000109e+03,1.801500580690901330e-03
2.493400000000000091e+03,1.799094980690901097e-03
2.493920000000000073e+03,1.796708941690901198e-03
2.494440000000000055e+03,1.794322097351784507e-03
2.494960000000000036e+03,1.791936097351784236e-03
2.495480000000000018e+03,1.789569197351784623e-03
2.496000000000000000e+03,1.787202297351784793e-03
2.496519999999999982e+03,1.784816758351784197e-03
2.497039999999999964e+03,1.782449514012667468e-03
2.497559999999999945e+03,1.780083114012667592e-03
2.498079999999999927e+03,1.777736314012667677e-03
2.498600000000000364e+03,1.775369875012667307e-03
2.499119999999999891e+03,1.773022575012667438e-03
2.499639999999999873e+03,1.770675430673550191e-03
2.500159999999999854e+03,1.768328630673550277e-03
2.500680000000000291e+03,1.765982330673550316e-03
2.501199999999999818e+03,1.763654591673550348e-03
2.501719999999999800e+03,1.761327391673550178e-03
2.502239999999999782e+03,1.758999847334433327e-03
2.502760000000000218e+03,1.756672647334433590e-03
2.503280000000000200e+03,1.754345408334433360e-03
2.503800000000000182e+03,1.752018708334433144e-03
2.504319999999999709e+03,1.749711108334433369e-03
2.504840000000000146e+03,1.747403163995316479e-03
2.505360000000000127e+03,1.745095563995316488e-03
2.505880000000000109e+03,1.742788424995316606e-03
2.506399999999999636e+03,1.740481324995316785e-03
2.506920000000000073e+03,1.738193324995316756e-03
2.507440000000000055e+03,1.735904980656199827e-03
2.507960000000000036e+03,1.733616941656200170e-03
2.508480000000000018e+03,1.731328941656199924e-03
2.509000000000000000e+03,1.729041941656199585e-03
2.509519999999999982e+03,1.726754441656199943e-03
2.510039999999999964e+03,1.724485697317082976e-03
2.510559999999999945e+03,1.722217258317082847e-03
2.511079999999999927e+03,1.719949358317082733e-03
2.511599999999999909e+03,1.717681458317082835e-03
2.512119999999999891e+03,1.715413558317083155e-03
2.512640000000000327e+03,1.713164874977965825e-03
2.513159999999999854e+03,1.710916074977965719e-03
2.513679999999999836e+03,1.708667774977965783e-03
2.514199999999999818e+03,1.706419974977965368e-03
2.514720000000000255e+03,1.704171674977965649e-03
2.515239999999999782e+03,1.701922991638848536e-03
2.515759999999999764e+03,1.699694291638848779e-03
2.516279999999999745e+03,1.697465591638848805e-03
2.516800000000000182e+03,1.695236891638848614e-03
2.517320000000000164e+03,1.693008152638848796e-03
2.517840000000000146e+03,1.690798708299731884e-03
2.518360000000000127e+03,1.688570508299731864e-03
2.518880000000000109e+03,1.686361408299731851e-03
2.519400000000000091e+03,1.684152308299732056e-03
2.519920000000000073e+03,1.681943669299731719e-03
2.520440000000000055e+03,1.679734569299731924e-03
2.520960000000000036e+03,1.677545069299731656e-03
2.521480000000000018e+03,1.675336469299732031e-03
2.522000000000000000e+03,1.673146969299731980e-03
2.522519999999999982e+03,1.670957930299732039e-03
2.523039999999999964e+03,1.668768930299731942e-03
2.523559999999999945e+03,1.666579930299731845e-03
2.524079999999999927e+03,1.664410030299731972e-03
2.524599999999999909e+03,1.662240091299731822e-03
2.525119999999999891e+03,1.660070691299731687e-03
2.525639999999999873e+03,1.657901291299732202e-03
2.526160000000000309e+03,1.655731891299732066e-03
2.526680000000000291e+03,1.653562491299731714e-03
2.527199999999999818e+03,1.651412652299731913e-03
2.527719999999999800e+03,1.649243252299731994e-03
2.528240000000000236e+03,1.647093452299731820e-03
2.528760000000000218e+03,1.644943652299732080e-03
2.529279999999999745e+03,1.642794313299732016e-03
2.529799999999999727e+03,1.640663613299731633e-03
2.530320000000000164e+03,1.638514313299732064e-03
2.530840000000000146e+03,1.636384113299731852e-03
2.531360000000000127e+03,1.634253913299732073e-03
2.531880000000000109e+03,1.632123674299731800e-03
2.532400000000000091e+03,1.629993974299731975e-03
2.532920000000000073e+03,1.627863774299731763e-03
2.533440000000000055e+03,1.625753174299731946e-03
2.533960000000000036e+03,1.623642574299731913e-03
2.534480000000000018e+03,1.621532435299732205e-03
2.535000000000000000e+03,1.619421835299731738e-03
2.535519999999999982e+03,1.617311735299731875e-03
2.536039999999999964e+03,1.615220735299732020e-03
2.536559999999999945e+03,1.613111096299731833e-03
2.537079999999999927e+03,1.611020096299731761e-03
2.537599999999999909e+03,1.608929596299731859e-03
2.538119999999999891e+03,1.606838596299731787e-03
2.538639999999999873e+03,1.604748096299731669e-03
2.539159999999999854e+03,1.602677157299731885e-03
2.539679999999999836e+03,1.600586657299731550e-03
2.540200000000000273e+03,1.598515757299731176e-03
2.540720000000000255e+03,1.596444857299731020e-03
2.541239999999999782e+03,1.594373957299731297e-03
2.541759999999999764e+03,1.592303018299731296e-03
2.542280000000000200e+03,1.590232618299731527e-03
2.542800000000000182e+03,1.588180818299731378e-03
2.543319999999999709e+03,1.586129518299731617e-03
2.543839999999999691e+03,1.584059118299731414e-03
2.544360000000000127e+03,1.582008279299731545e-03
2.544880000000000109e+03,1.579956979299731350e-03
2.545400000000000091e+03,1.577924779299731380e-03
2.545920000000000073e+03,1.575893579299731317e-03
2.546440000000000055e+03,1.573842740299731448e-03
2.546960000000000036e+03,1.571811040299731215e-03
2.547480000000000018e+03,1.569779340299731415e-03
2.548000000000000000e+03,1.567748140299731136e-03
2.548519999999999982e+03,1.565736040299731298e-03
2.549039999999999964e+03,1.563704801299731391e-03
2.549559999999999945e+03,1.561692701299731119e-03
2.550079999999999927e+03,1.559662001299731227e-03
2.550599999999999909e+03,1.557649901299731389e-03
2.551119999999999891e+03,1.555638301299731288e-03
2.551639999999999873e+03,1.553645762299731350e-03
2.552159999999999854e+03,1.551634662299731203e-03
2.552679999999999836e+03,1.549642162299731327e-03
2.553199999999999818e+03,1.547630562299731226e-03
2.553720000000000255e+03,1.545638562299731303e-03
2.554240000000000236e+03,1.543665623299731110e-03
2.554760000000000218e+03,1.541674123299731358e-03
2.555279999999999745e+03,1.539682123299731219e-03
2.555800000000000182e+03,1.537709723299731258e-03
2.556320000000000164e+03,1.535718184299731445e-03
2.556840000000000146e+03,1.533745784299731267e-03
2.557359999999999673e+03,1.531773384299731306e-03
2.557880000000000109e+03,1.529800984299731128e-03
2.558400000000000091e+03,1.527829084299731554e-03
2.558920000000000073e+03,1.525876245299731494e-03
2.559440000000000055e+03,1.523923445299731495e-03
2.559960000000000036e+03,1.521951545299731270e-03
2.560480000000000018e+03,1.519998745299731488e-03
2.561000000000000000e+03,1.518046445299731225e-03
2.561519999999999982e+03,1.516113206299731344e-03
2.562039999999999964e+03,1.514160906299731515e-03
2.562559999999999491e+03,1.512208606299731252e-03
2.563079999999999927e+03,1.510275406299731215e-03
2.563600000000000364e+03,1.508342706299731347e-03
2.564119999999999891e+03,1.506409967299731419e-03
2.564639999999999873e+03,1.504477267299731335e-03
2.565160000000000309e+03,1.502544567299731251e-03
2.565679999999999836e+03,1.500630967299731392e-03
2.566199999999999818e+03,1.498698767299731479e-03
2.566720000000000255e+03,1.496785128299731342e-03
2.567239999999999782e+03,1.494872028299731219e-03
2.567760000000000218e+03,1.492958928299731314e-03
2.568279999999999745e+03,1.491045828299731191e-03
2.568800000000000182e+03,1.489133228299731240e-03
2.569320000000000164e+03,1.487239189299731281e-03
2.569839999999999691e+03,1.485345689299731337e-03
2.570360000000000127e+03,1.483433089299731385e-03
2.570880000000000109e+03,1.481540089299731178e-03
2.571399999999999636e+03,1.479646589299731235e-03
2.571920000000000073e+03,1.477772650299731625e-03
2.572440000000000509e+03,1.475879650299731418e-03
2.572960000000000036e+03,1.473986150299731257e-03
2.573480000000000018e+03,1.472112250299731492e-03
2.574000000000000000e+03,1.470238811299731619e-03
2.574519999999999982e+03,1.468364911299731637e-03
2.575039999999999964e+03,1.466491511299731175e-03
2.575559999999999945e+03,1.464618111299731580e-03
2.576079999999999927e+03,1.462744711299731552e-03
2.576600000000000364e+03,1.460890372299731253e-03
2.577119999999999891e+03,1.459036572299731186e-03
2.577640000000000327e+03,1.457182272299731166e-03
2.578159999999999854e+03,1.455328472299731533e-03
2.578679999999999836e+03,1.453455572299731458e-03
2.579200000000000273e+03,1.451621333299731292e-03
2.579719999999999800e+03,1.449767533299731225e-03
2.580239999999999782e+03,1.447932833299731600e-03
2.580760000000000218e+03,1.446079533299731270e-03
2.581279999999999745e+03,1.444245333299731381e-03
2.581800000000000182e+03,1.442411094299731215e-03
2.582320000000000164e+03,1.440576894299731327e-03
2.582840000000000146e+03,1.438743194299731392e-03
2.583360000000000127e+03,1.436928094299731295e-03
2.583879999999999654e+03,1.435094394299731360e-03
2.584400000000000091e+03,1.433279755299731156e-03
2.584920000000000073e+03,1.431465155299731229e-03
2.585439999999999600e+03,1.429650555299731302e-03
2.585960000000000036e+03,1.427836455299731112e-03
2.586480000000000473e+03,1.426022355299731356e-03
2.587000000000000000e+03,1.424208216299731539e-03
2.587519999999999982e+03,1.422413216299731357e-03
2.588039999999999964e+03,1.420618216299731392e-03
2.588559999999999945e+03,1.418804616299731590e-03
2.589079999999999927e+03,1.417009616299731408e-03
2.589599999999999909e+03,1.415215077299731552e-03
2.590119999999999891e+03,1.413439677299731549e-03
2.590640000000000327e+03,1.411645177299731537e-03
2.591159999999999854e+03,1.409850677299731526e-03
2.591680000000000291e+03,1.408075777299731693e-03
2.592200000000000273e+03,1.406300338299731412e-03
2.592719999999999800e+03,1.404506338299731354e-03
2.593240000000000236e+03,1.402731438299731521e-03
2.593759999999999764e+03,1.400976138299731217e-03
2.594279999999999745e+03,1.399201238299731384e-03
2.594800000000000182e+03,1.397426799299731444e-03
2.595319999999999709e+03,1.395670999299731185e-03
2.595840000000000146e+03,1.393915699299731314e-03
2.596360000000000127e+03,1.392160399299731443e-03
2.596880000000000109e+03,1.390405099299731355e-03
2.597400000000000091e+03,1.388650299299731220e-03
2.597919999999999618e+03,1.386895460299731242e-03
2.598440000000000055e+03,1.385140660299731107e-03
2.598960000000000036e+03,1.383404460299731461e-03
2.599479999999999563e+03,1.381650160299731280e-03
