z_mm__Bz_on_axis,Total_potential_T__Bz_on_axis
-2.599479999999999563e+03,1.182596268720156754e-03
-2.598960000000000036e+03,1.184105995400175663e-03
-2.598440000000000055e+03,1.185634449490175412e-03
-2.597919999999999618e+03,1.187144176170194755e-03
-2.597400000000000091e+03,1.188672976230213847e-03
-2.596880000000000109e+03,1.190201774890232598e-03
-2.596360000000000127e+03,1.191730602970251639e-03
-2.595840000000000146e+03,1.193278116660251428e-03
-2.595319999999999709e+03,1.194806915670270590e-03
-2.594800000000000182e+03,1.196335743400289871e-03
-2.594279999999999745e+03,1.197883642410308824e-03
-2.593759999999999764e+03,1.199431224170308553e-03
-2.593240000000000236e+03,1.200979123180327506e-03
-2.592719999999999800e+03,1.202507950910347003e-03
-2.592200000000000273e+03,1.204055849920365956e-03
-2.591680000000000291e+03,1.205622809580384879e-03
-2.591159999999999854e+03,1.207170363670384853e-03
-2.590640000000000327e+03,1.208718290350403778e-03
-2.590119999999999891e+03,1.210285290410422886e-03
-2.589599999999999909e+03,1.211852317090441819e-03
-2.589079999999999927e+03,1.213419317150461144e-03
-2.588559999999999945e+03,1.214985997860460951e-03
-2.588039999999999964e+03,1.216552968850480180e-03
-2.587519999999999982e+03,1.218119996930499237e-03
-2.587000000000000000e+03,1.219686956590517943e-03
-2.586480000000000473e+03,1.221273084670537008e-03
-2.585960000000000036e+03,1.222839737360537082e-03
-2.585439999999999600e+03,1.224425865440555931e-03
-2.584920000000000073e+03,1.226011964100574923e-03
-2.584400000000000091e+03,1.227598035090594160e-03
-2.583879999999999654e+03,1.229184190840612980e-03
-2.583360000000000127e+03,1.230769915860612873e-03
-2.582840000000000146e+03,1.232356071610632127e-03
-2.582320000000000164e+03,1.233961242600651155e-03
-2.581800000000000182e+03,1.235547359350670348e-03
-2.581279999999999745e+03,1.237152530340689376e-03
-2.580760000000000218e+03,1.238757440120689295e-03
-2.580239999999999782e+03,1.240362611110708106e-03
-2.579719999999999800e+03,1.241967837790727055e-03
-2.579200000000000273e+03,1.243573037850746396e-03
-2.578679999999999836e+03,1.245197364530765353e-03
-2.578159999999999854e+03,1.246802218620765351e-03
-2.577640000000000327e+03,1.248426545300784091e-03
-2.577119999999999891e+03,1.250031745360803215e-03
-2.576600000000000364e+03,1.251656044020822223e-03
-2.576079999999999927e+03,1.253280372100841304e-03
-2.575559999999999945e+03,1.254923770760860103e-03
-2.575039999999999964e+03,1.256547723800860179e-03
-2.574519999999999982e+03,1.258172012530879439e-03
-2.574000000000000000e+03,1.259815411540898215e-03
-2.573480000000000018e+03,1.261439739270917102e-03
-2.572960000000000036e+03,1.263083138280936312e-03
-2.572440000000000509e+03,1.264726220040936298e-03
-2.571920000000000073e+03,1.266369619050955291e-03
-2.571399999999999636e+03,1.268013046780974403e-03
-2.570880000000000109e+03,1.269656445790993179e-03
-2.570360000000000127e+03,1.271318944451012420e-03
-2.569839999999999691e+03,1.272962372531031726e-03
-2.569320000000000164e+03,1.274624525221031406e-03
-2.568800000000000182e+03,1.276287400321050479e-03
-2.568279999999999745e+03,1.277949898981069502e-03
-2.567760000000000218e+03,1.279612427061088166e-03
-2.567239999999999782e+03,1.281274925721107407e-03
-2.566720000000000255e+03,1.282956525781126346e-03
-2.566199999999999818e+03,1.284618706491126409e-03
-2.565679999999999836e+03,1.286300306551145349e-03
-2.565160000000000309e+03,1.287981933231164330e-03
-2.564639999999999873e+03,1.289663504221183390e-03
-2.564119999999999891e+03,1.291345159971202684e-03
-2.563600000000000364e+03,1.293026730961221744e-03
-2.563079999999999927e+03,1.294708040741221478e-03
-2.562559999999999491e+03,1.296389611731240754e-03
-2.562039999999999964e+03,1.298090367481259839e-03
-2.561519999999999982e+03,1.299791038471278908e-03
-2.561000000000000000e+03,1.301491794221297559e-03
-2.560480000000000018e+03,1.303192465211316627e-03
-2.559960000000000036e+03,1.304892874991316802e-03
-2.559440000000000055e+03,1.306593893001335846e-03
-2.558920000000000073e+03,1.308294619681354834e-03
-2.558400000000000091e+03,1.310014419741373790e-03
-2.557880000000000109e+03,1.311734246421392787e-03
-2.557359999999999673e+03,1.313434946481411734e-03
-2.556840000000000146e+03,1.315154427191412038e-03
-2.556320000000000164e+03,1.316874254921430532e-03
-2.555800000000000182e+03,1.318613153931449565e-03
-2.555279999999999745e+03,1.320332981661469143e-03
-2.554760000000000218e+03,1.322071880671487742e-03
-2.554240000000000236e+03,1.323791708401506669e-03
-2.553720000000000255e+03,1.325530607411526136e-03
-2.553199999999999818e+03,1.327269189171525728e-03
-2.552679999999999836e+03,1.329008435201544736e-03
-2.552159999999999854e+03,1.330747362931563888e-03
-2.551639999999999873e+03,1.332505361941582712e-03
-2.551119999999999891e+03,1.334244260601601985e-03
-2.550599999999999909e+03,1.336002288681620905e-03
-2.550079999999999927e+03,1.337741187341639961e-03
-2.549559999999999945e+03,1.339498869451639972e-03
-2.549039999999999964e+03,1.341256868111658819e-03
-2.548519999999999982e+03,1.343033996191677964e-03
-2.548000000000000000e+03,1.344791994851696594e-03
-2.547480000000000018e+03,1.346569122931715956e-03
-2.546960000000000036e+03,1.348327468611734995e-03
-2.546440000000000055e+03,1.350104596691753924e-03
-2.545920000000000073e+03,1.351881388381753930e-03
-2.545400000000000091e+03,1.353658516461773076e-03
-2.544880000000000109e+03,1.355432115121792472e-03
-2.544360000000000127e+03,1.357214870871811113e-03
-2.543839999999999691e+03,1.358978441861830163e-03
-2.543319999999999709e+03,1.360761168541849359e-03
-2.542800000000000182e+03,1.362524268601868118e-03
-2.542280000000000200e+03,1.364306649311868187e-03
-2.541759999999999764e+03,1.366089696391886883e-03
-2.541239999999999782e+03,1.367872423071906296e-03
-2.540720000000000255e+03,1.369673723131925071e-03
-2.540200000000000273e+03,1.371475549811944274e-03
-2.539679999999999836e+03,1.373257749871963258e-03
-2.539159999999999854e+03,1.375059576551982245e-03
-2.538639999999999873e+03,1.376860915612001298e-03
-2.538119999999999891e+03,1.378662396322001375e-03
-2.537599999999999909e+03,1.380463696382020367e-03
-2.537079999999999927e+03,1.382284970082039771e-03
-2.536559999999999945e+03,1.384086297812058301e-03
-2.536039999999999964e+03,1.385907196822077541e-03
-2.535519999999999982e+03,1.387727624552096512e-03
-2.535000000000000000e+03,1.389548523562115102e-03
-2.534480000000000018e+03,1.391368951292134290e-03
-2.533960000000000036e+03,1.393189350302153143e-03
-2.533440000000000055e+03,1.395029071062153011e-03
-2.532920000000000073e+03,1.396849817092172489e-03
-2.532400000000000091e+03,1.398689344822191469e-03
-2.531880000000000109e+03,1.400528843832210329e-03
-2.531360000000000127e+03,1.402368371562229526e-03
-2.530840000000000146e+03,1.404208370572248557e-03
-2.530320000000000164e+03,1.406047898302267537e-03
-2.529799999999999727e+03,1.407906524982286377e-03
-2.529279999999999745e+03,1.409765134972305357e-03
-2.528760000000000218e+03,1.411623791772305576e-03
-2.528240000000000236e+03,1.413463262762324705e-03
-2.527719999999999800e+03,1.415341018512343649e-03
-2.527199999999999818e+03,1.417199589502362786e-03
-2.526680000000000291e+03,1.419058245252381723e-03
-2.526160000000000309e+03,1.420935916242400650e-03
-2.525639999999999873e+03,1.422813710992419873e-03
-2.525119999999999891e+03,1.424672657022438499e-03
-2.524599999999999909e+03,1.426569484752457720e-03
-2.524079999999999927e+03,1.428446865462457442e-03
-2.523559999999999945e+03,1.430324565522476466e-03
-2.523039999999999964e+03,1.432221392202495756e-03
-2.522519999999999982e+03,1.434098592262514826e-03
-2.522000000000000000e+03,1.435995457942533526e-03
-2.521480000000000018e+03,1.437892605022552750e-03
-2.520960000000000036e+03,1.439789431702572040e-03
-2.520440000000000055e+03,1.441685731762590902e-03
-2.519920000000000073e+03,1.443601658442609983e-03
-2.519400000000000091e+03,1.445517586172629211e-03
-2.518880000000000109e+03,1.447433024182647994e-03
-2.518360000000000127e+03,1.449348952962648072e-03
-2.517840000000000146e+03,1.451264351972667010e-03
-2.517320000000000164e+03,1.453180279702686022e-03
-2.516800000000000182e+03,1.455095678712704961e-03
-2.516279999999999745e+03,1.457030745442723825e-03
-2.515759999999999764e+03,1.458965244452742989e-03
-2.515239999999999782e+03,1.460881547222761924e-03
-2.514720000000000255e+03,1.462816045882780894e-03
-2.514199999999999818e+03,1.464751073962800108e-03
-2.513679999999999836e+03,1.466704711622818713e-03
-2.513159999999999854e+03,1.468639739702837710e-03
-2.512640000000000327e+03,1.470593338362856687e-03
-2.512119999999999891e+03,1.472546967492857238e-03
-2.511599999999999909e+03,1.474500566152876216e-03
-2.511079999999999927e+03,1.476454760902895036e-03
-2.510559999999999945e+03,1.478427431892914050e-03
-2.510039999999999964e+03,1.480381087642933073e-03
-2.509519999999999982e+03,1.482353758632952304e-03
-2.509000000000000000e+03,1.484327361402970830e-03
-2.508480000000000018e+03,1.486300071392990339e-03
-2.507960000000000036e+03,1.488272827143009370e-03
-2.507440000000000055e+03,1.490245553823028087e-03
-2.506920000000000073e+03,1.492218253883046981e-03
-2.506399999999999636e+03,1.494210466583065959e-03
-2.505880000000000109e+03,1.496224266643085207e-03
-2.505360000000000127e+03,1.498216093323104150e-03
-2.504840000000000146e+03,1.500207547413104142e-03
-2.504319999999999709e+03,1.502199413093123362e-03
-2.503800000000000182e+03,1.504210687843142652e-03
-2.503280000000000200e+03,1.506202515923161503e-03
-2.502760000000000218e+03,1.508213414583180504e-03
-2.502239999999999782e+03,1.510223881663199470e-03
-2.501719999999999800e+03,1.512234808343217987e-03
-2.501199999999999818e+03,1.514246055423237522e-03
-2.500680000000000291e+03,1.516276082103256264e-03
-2.500159999999999854e+03,1.518305648833275477e-03
-2.499639999999999873e+03,1.520335647843294464e-03
-2.499119999999999891e+03,1.522365675573313570e-03
-2.498600000000000364e+03,1.524395521603332578e-03
-2.498079999999999927e+03,1.526425588333351312e-03
-2.497559999999999945e+03,1.528474687343370523e-03
-2.497039999999999964e+03,1.530504215073389676e-03
-2.496519999999999982e+03,1.532553341753408425e-03
-2.496000000000000000e+03,1.534602355853427382e-03
-2.495480000000000018e+03,1.536651108543427490e-03
-2.494960000000000036e+03,1.538718836623446636e-03
-2.494440000000000055e+03,1.540767974283465498e-03
-2.493920000000000073e+03,1.542836077053484373e-03
-2.493400000000000091e+03,1.544904248043503427e-03
-2.492880000000000109e+03,1.546972003793522761e-03
-2.492359999999999673e+03,1.549039713783541489e-03
-2.491840000000000146e+03,1.551127069533561002e-03
-2.491320000000000164e+03,1.553195115563579809e-03
-2.490800000000000182e+03,1.555281982293598830e-03
-2.490279999999999745e+03,1.557369338043617475e-03
-2.489760000000000218e+03,1.559456109033636366e-03
-2.489240000000000236e+03,1.561543350803655528e-03
-2.488720000000000255e+03,1.563649221793674644e-03
-2.488199999999999818e+03,1.565736077543693986e-03
-2.487679999999999836e+03,1.567842043223712867e-03
-2.487159999999999854e+03,1.569948790303731792e-03
-2.486639999999999873e+03,1.572054716983750829e-03
-2.486119999999999891e+03,1.574179756043770110e-03
-2.485599999999999909e+03,1.576285682723788713e-03
-2.485079999999999927e+03,1.578411057473807664e-03
-2.484559999999999945e+03,1.580536095483826581e-03
-2.484039999999999964e+03,1.582661123213845991e-03
-2.483519999999999982e+03,1.584785622223864677e-03
-2.483000000000000000e+03,1.586911063993883854e-03
-2.482480000000000018e+03,1.589055162653902524e-03
-2.481960000000000036e+03,1.591199290733921702e-03
-2.481440000000000055e+03,1.593343457463941180e-03
-2.480920000000000073e+03,1.595487903493959803e-03
-2.480400000000000091e+03,1.597631531223978833e-03
-2.479880000000000109e+03,1.599794796903997954e-03
-2.479360000000000127e+03,1.601938924984016915e-03
-2.478839999999999691e+03,1.604101970664035832e-03
-2.478319999999999709e+03,1.606264891774035518e-03
-2.477800000000000182e+03,1.608447190434054638e-03
-2.477280000000000200e+03,1.610609985184073903e-03
-2.476759999999999764e+03,1.612792603194092593e-03
-2.476239999999999782e+03,1.614955358944112230e-03
-2.475720000000000255e+03,1.617137726024130834e-03
-2.475200000000000273e+03,1.619319871704149975e-03
-2.474679999999999836e+03,1.621521327454168932e-03
-2.474159999999999854e+03,1.623703137444187971e-03
-2.473639999999999873e+03,1.625904593194207578e-03
-2.473119999999999891e+03,1.628105877874226354e-03
-2.472599999999999909e+03,1.630306805954245385e-03
-2.472079999999999927e+03,1.632508232634264245e-03
-2.471559999999999945e+03,1.634728271694282746e-03
-2.471039999999999964e+03,1.636929545394302929e-03
-2.470519999999999982e+03,1.639150112124320921e-03
-2.470000000000000000e+03,1.641370140204340394e-03
-2.469480000000000018e+03,1.643590513904358633e-03
-2.468960000000000036e+03,1.645829652964378225e-03
-2.468440000000000055e+03,1.648049679644397357e-03
-2.467920000000000073e+03,1.650288846374416054e-03
-2.467400000000000091e+03,1.652528292404434763e-03
-2.466880000000000109e+03,1.654767959134454064e-03
-2.466360000000000127e+03,1.657026185814472995e-03
-2.465840000000000146e+03,1.659265660914492017e-03
-2.465320000000000164e+03,1.661524244544529752e-03
-2.464799999999999727e+03,1.663781972624548853e-03
-2.464279999999999745e+03,1.666040586374567967e-03
-2.463760000000000218e+03,1.668298813054587331e-03
-2.463240000000000236e+03,1.670576180134606455e-03
-2.462719999999999800e+03,1.672834378794625437e-03
-2.462199999999999818e+03,1.675112081564643796e-03
-2.461680000000000291e+03,1.677389391554662875e-03
-2.461160000000000309e+03,1.679685347304682615e-03
-2.460639999999999873e+03,1.681963061404701497e-03
-2.460119999999999891e+03,1.684259460064720061e-03
-2.459599999999999909e+03,1.686555454814739645e-03
-2.459079999999999927e+03,1.688833072824758854e-03
-2.458559999999999945e+03,1.691148667574777749e-03
-2.458039999999999964e+03,1.693463694254797184e-03
-2.457519999999999982e+03,1.695760480334815475e-03
-2.457000000000000000e+03,1.698075507014834475e-03
-2.456480000000000018e+03,1.700391046074853883e-03
-2.455960000000000036e+03,1.702706448844872522e-03
-2.455440000000000055e+03,1.705041114524892196e-03
-2.454920000000000073e+03,1.707356114584910505e-03
-2.454400000000000091e+03,1.709691127284929720e-03
-2.453880000000000109e+03,1.712025255014948443e-03
-2.453360000000000127e+03,1.714359393024967541e-03
-2.452840000000000146e+03,1.716713495794986583e-03
-2.452320000000000164e+03,1.719047662525005583e-03
-2.451800000000000182e+03,1.721400861535024411e-03
-2.451279999999999745e+03,1.723754975285043782e-03
-2.450759999999999764e+03,1.726127301965062807e-03
-2.450239999999999782e+03,1.728480569045081358e-03
-2.449720000000000255e+03,1.730853214725100843e-03
-2.449199999999999818e+03,1.733225581805119403e-03
-2.448679999999999836e+03,1.735597909535138575e-03
-2.448159999999999854e+03,1.737970968205177196e-03
-2.447640000000000327e+03,1.740343296285195044e-03
-2.447119999999999891e+03,1.742734733945214406e-03
-2.446599999999999909e+03,1.745126536715234161e-03
-2.446079999999999927e+03,1.747517974725252849e-03
-2.445559999999999945e+03,1.749909402455272246e-03
-2.445039999999999964e+03,1.752320344225290769e-03
-2.444519999999999982e+03,1.754730815215310323e-03
-2.444000000000000000e+03,1.757141409965328870e-03
-2.443480000000000018e+03,1.759552283665347886e-03
-2.442960000000000036e+03,1.761962322725367210e-03
-2.442440000000000055e+03,1.764373235425386070e-03
-2.441920000000000073e+03,1.766802863155405483e-03
-2.441399999999999636e+03,1.769232530235423850e-03
-2.440880000000000109e+03,1.771662003935442703e-03
-2.440360000000000127e+03,1.774110742995462430e-03
-2.439840000000000146e+03,1.776540369675481262e-03
-2.439319999999999709e+03,1.778989011445499847e-03
-2.438800000000000182e+03,1.781438096475538050e-03
-2.438280000000000200e+03,1.783886670175557779e-03
-2.437760000000000218e+03,1.786354536905575751e-03
-2.437239999999999782e+03,1.788802735915594883e-03
-2.436719999999999800e+03,1.791270977685613646e-03
-2.436199999999999818e+03,1.793738344415632749e-03
-2.435680000000000291e+03,1.796205643425652539e-03
-2.435159999999999854e+03,1.798692985195670660e-03
-2.434639999999999873e+03,1.801179383855690047e-03
-2.434119999999999891e+03,1.803666197955709543e-03
-2.433600000000000364e+03,1.806153096615728234e-03
-2.433079999999999927e+03,1.808639591365747727e-03
-2.432559999999999945e+03,1.811145505465766364e-03
-2.432039999999999964e+03,1.813651350095804885e-03
-2.431519999999999982e+03,1.816157291865823278e-03
-2.431000000000000000e+03,1.818663329875842231e-03
-2.430480000000000018e+03,1.821168857605861289e-03
-2.429960000000000036e+03,1.823693899375880556e-03
-2.429440000000000055e+03,1.826218470365899554e-03
-2.428920000000000073e+03,1.828743512135918388e-03
-2.428400000000000091e+03,1.831268177815937584e-03
-2.427880000000000109e+03,1.833811877875956469e-03
-2.427359999999999673e+03,1.836336919645975736e-03
-2.426840000000000146e+03,1.838880185325994119e-03
-2.426320000000000164e+03,1.841424578376032973e-03
-2.425800000000000182e+03,1.843987444056051535e-03
-2.425279999999999745e+03,1.846550685826070601e-03
-2.424760000000000218e+03,1.849113513556088816e-03
-2.424240000000000236e+03,1.851676351566108707e-03
-2.423720000000000255e+03,1.854239093336127603e-03
-2.423199999999999818e+03,1.856820991996146379e-03
-2.422679999999999836e+03,1.859384206096165474e-03
-2.422159999999999854e+03,1.861965672826185105e-03
-2.421639999999999873e+03,1.864547599506203831e-03
-2.421119999999999891e+03,1.867148859576241247e-03
-2.420599999999999909e+03,1.869730797236260084e-03
-2.420079999999999927e+03,1.872331700006280020e-03
-2.419559999999999945e+03,1.874932767086298505e-03
-2.419039999999999964e+03,1.877552751766318247e-03
-2.418519999999999982e+03,1.880153807516336860e-03
-2.418000000000000000e+03,1.882773821616356025e-03
-2.417480000000000018e+03,1.885393459276374709e-03
-2.416960000000000036e+03,1.888013615026393980e-03
-2.416440000000000055e+03,1.890653046026431316e-03
-2.415920000000000073e+03,1.893291812756450971e-03
-2.415400000000000091e+03,1.895931454526469636e-03
-2.414880000000000109e+03,1.898570181206488865e-03
-2.414360000000000127e+03,1.901209267286508089e-03
-2.413839999999999691e+03,1.903867132966526954e-03
-2.413319999999999709e+03,1.906525335736546046e-03
-2.412800000000000182e+03,1.909183174796565303e-03
-2.412280000000000200e+03,1.911841733466603487e-03
-2.411759999999999764e+03,1.914518700196622073e-03
-2.411239999999999782e+03,1.917176528276640785e-03
-2.410720000000000255e+03,1.919853840976660283e-03
-2.410200000000000273e+03,1.922549907706679311e-03
-2.409679999999999836e+03,1.925227220406697942e-03
-2.409159999999999854e+03,1.927923248486716886e-03
-2.408639999999999873e+03,1.930620008206754799e-03
-2.408119999999999891e+03,1.933316073886773680e-03
-2.407599999999999909e+03,1.936031087986793582e-03
-2.407079999999999927e+03,1.938727115716811899e-03
-2.406559999999999945e+03,1.941442628416831413e-03
-2.406039999999999964e+03,1.944176895496850218e-03
-2.405519999999999982e+03,1.946891880176869396e-03
-2.405000000000000000e+03,1.949626481896907454e-03
-2.404480000000000018e+03,1.952341523666926244e-03
-2.403960000000000036e+03,1.955094833656945662e-03
-2.403440000000000055e+03,1.957829475426964196e-03
-2.402920000000000073e+03,1.960582331176982749e-03
-2.402400000000000091e+03,1.963316888187002351e-03
-2.401880000000000109e+03,1.966069782937021615e-03
-2.401360000000000127e+03,1.968842441607059675e-03
-2.400840000000000146e+03,1.971595836357078677e-03
-2.400320000000000164e+03,1.974368083437097292e-03
-2.399799999999999727e+03,1.977140049117116251e-03
-2.399279999999999745e+03,1.979931990887135243e-03
-2.398760000000000218e+03,1.982703929947154595e-03
-2.398240000000000236e+03,1.985495688617191796e-03
-2.397719999999999800e+03,1.988286783367211510e-03
-2.397199999999999818e+03,1.991097758117229850e-03
-2.396680000000000291e+03,1.993888796127249712e-03
-2.396160000000000309e+03,1.996699337897268976e-03
-2.395639999999999873e+03,1.999509475557287568e-03
-2.395119999999999891e+03,2.002320363297325524e-03
-2.394599999999999909e+03,2.005149591377344571e-03
-2.394079999999999927e+03,2.007960076057363572e-03
-2.393559999999999945e+03,2.010789370807382001e-03
-2.393039999999999964e+03,2.013638084907401742e-03
-2.392519999999999982e+03,2.016467322567421210e-03
-2.392000000000000000e+03,2.019316410307459182e-03
-2.391480000000000018e+03,2.022164305057477882e-03
-2.390960000000000036e+03,2.025012923067497084e-03
-2.390440000000000055e+03,2.027880417817515962e-03
-2.389920000000000073e+03,2.030748259587535250e-03
-2.389400000000000091e+03,2.033615225267554078e-03
-2.388880000000000109e+03,2.036483357317591704e-03
-2.388360000000000127e+03,2.039369952067610590e-03
-2.387840000000000146e+03,2.042256364767629836e-03
-2.387320000000000164e+03,2.045143250847648777e-03
-2.386800000000000182e+03,2.048029277527667769e-03
-2.386279999999999745e+03,2.050935665267705765e-03
-2.385759999999999764e+03,2.053840831997724974e-03
-2.385239999999999782e+03,2.056746817027743993e-03
-2.384720000000000255e+03,2.059652011777762717e-03
-2.384199999999999818e+03,2.062576653547781424e-03
-2.383679999999999836e+03,2.065501737177819624e-03
-2.383159999999999854e+03,2.068426351277839227e-03
-2.382640000000000327e+03,2.071350993047857934e-03
-2.382119999999999891e+03,2.074294830707877017e-03
-2.381599999999999909e+03,2.077238533477895888e-03
-2.381079999999999927e+03,2.080182246527933782e-03
-2.380559999999999945e+03,2.083125931207952235e-03
-2.380039999999999964e+03,2.086088425957972285e-03
-2.379519999999999982e+03,2.089051267727990574e-03
-2.379000000000000000e+03,2.092013705738010338e-03
-2.378480000000000018e+03,2.094995965458048247e-03
-2.377960000000000036e+03,2.097977907228067412e-03
-2.377440000000000055e+03,2.100959472908086722e-03
-2.376920000000000073e+03,2.103941358988105532e-03
-2.376399999999999636e+03,2.106942053738124297e-03
-2.375880000000000109e+03,2.109924312408162275e-03
-2.375360000000000127e+03,2.112944454178181455e-03
-2.374840000000000146e+03,2.115945093238200299e-03
-2.374319999999999709e+03,2.118964705938219430e-03
-2.373800000000000182e+03,2.121984846658257328e-03
-2.373280000000000200e+03,2.125004960408276560e-03
-2.372760000000000218e+03,2.128024198418295310e-03
-2.372239999999999782e+03,2.131063440188314066e-03
-2.371719999999999800e+03,2.134102681958332821e-03
-2.371199999999999818e+03,2.137141365588371162e-03
-2.370680000000000291e+03,2.140199679688390821e-03
-2.370159999999999854e+03,2.143238074438408997e-03
-2.369639999999999873e+03,2.146315459118427939e-03
-2.369119999999999891e+03,2.149373646858466960e-03
-2.368600000000000364e+03,2.152450741608485322e-03
-2.368079999999999927e+03,2.155527655708503951e-03
-2.367559999999999945e+03,2.158604540388524024e-03
-2.367039999999999964e+03,2.161701081108561521e-03
-2.366519999999999982e+03,2.164778022878580989e-03
-2.366000000000000000e+03,2.167873660888599337e-03
-2.365480000000000018e+03,2.170988774638618873e-03
-2.364960000000000036e+03,2.174085162378657041e-03
-2.364440000000000055e+03,2.177200428058675540e-03
-2.363920000000000073e+03,2.180315514138694670e-03
-2.363400000000000091e+03,2.183449408888713753e-03
-2.362880000000000109e+03,2.186583967558751625e-03
-2.362359999999999673e+03,2.189718209328770683e-03
-2.361840000000000146e+03,2.192852076058789384e-03
-2.361320000000000164e+03,2.195986261088809025e-03
-2.360800000000000182e+03,2.199139948828846784e-03
-2.360279999999999745e+03,2.202292443578866138e-03
-2.359760000000000218e+03,2.205464857328884830e-03
-2.359240000000000236e+03,2.208637242358903185e-03
-2.358720000000000255e+03,2.211809683078941845e-03
-2.358199999999999818e+03,2.214982124848960919e-03
-2.357679999999999836e+03,2.218154009528979561e-03
-2.357159999999999854e+03,2.221345243278998946e-03
-2.356639999999999873e+03,2.224537103349036316e-03
-2.356119999999999891e+03,2.227727741009055858e-03
-2.355599999999999909e+03,2.230938382779074948e-03
-2.355079999999999927e+03,2.234148524549094302e-03
-2.354559999999999945e+03,2.237378236199132238e-03
-2.354039999999999964e+03,2.240588322279151671e-03
-2.353519999999999982e+03,2.243818064049170335e-03
-2.353000000000000000e+03,2.247066404769208423e-03
-2.352480000000000018e+03,2.250295617469227471e-03
-2.351960000000000036e+03,2.253544470219246039e-03
-2.351440000000000055e+03,2.256792437299265461e-03
-2.350920000000000073e+03,2.260041095969302777e-03
-2.350400000000000091e+03,2.263308537739322154e-03
-2.349880000000000109e+03,2.266576104469341778e-03
-2.349360000000000127e+03,2.269843892209379849e-03
-2.348839999999999691e+03,2.273130377239398515e-03
-2.348319999999999709e+03,2.276397858009417303e-03
-2.347800000000000182e+03,2.279684052759436714e-03
-2.347280000000000200e+03,2.282989983409474104e-03
-2.346759999999999764e+03,2.286295625179493932e-03
-2.346239999999999782e+03,2.289600892259512511e-03
-2.345720000000000255e+03,2.292906879999550597e-03
-2.345200000000000273e+03,2.296231564679568869e-03
-2.344679999999999836e+03,2.299555998429588140e-03
-2.344159999999999854e+03,2.302880586169626931e-03
-2.343639999999999873e+03,2.306205271199645614e-03
-2.343119999999999891e+03,2.309549084949664641e-03
-2.342599999999999909e+03,2.312892079699683471e-03
-2.342079999999999927e+03,2.316255406439721425e-03
-2.341559999999999945e+03,2.319618319139740963e-03
-2.341039999999999964e+03,2.322980385869759853e-03
-2.340519999999999982e+03,2.326343645939797557e-03
-2.340000000000000000e+03,2.329725158639816933e-03
-2.339480000000000018e+03,2.333106892389835794e-03
-2.338960000000000036e+03,2.336488780129873741e-03
-2.338440000000000055e+03,2.339889893879892359e-03
-2.337920000000000073e+03,2.343271378909912196e-03
-2.337400000000000091e+03,2.346691619629949488e-03
-2.336880000000000109e+03,2.350092300399968595e-03
-2.336360000000000127e+03,2.353512014149987917e-03
-2.335840000000000146e+03,2.356932072820026002e-03
-2.335320000000000164e+03,2.360371067570044609e-03
-2.334799999999999727e+03,2.363809920670063760e-03
-2.334279999999999745e+03,2.367249079340101852e-03
-2.333760000000000218e+03,2.370687893090120749e-03
-2.333240000000000236e+03,2.374145487840139627e-03
-2.332719999999999800e+03,2.377603814580177884e-03
-2.332199999999999818e+03,2.381061727280197292e-03
-2.331680000000000291e+03,2.384538713360215799e-03
-2.331160000000000309e+03,2.388015754080254245e-03
-2.330639999999999873e+03,2.391492834850272951e-03
-2.330119999999999891e+03,2.394988947550291940e-03
-2.329599999999999909e+03,2.398484935290330199e-03
-2.329079999999999927e+03,2.401980741020348989e-03
-2.328559999999999945e+03,2.405495955120367894e-03
-2.328039999999999964e+03,2.409011513790406452e-03
-2.327519999999999982e+03,2.412526255560425159e-03
-2.327000000000000000e+03,2.416041189310443905e-03
-2.326480000000000018e+03,2.419594949030482410e-03
-2.325960000000000036e+03,2.423128761730501245e-03
-2.325440000000000055e+03,2.426682214830520011e-03
-2.324920000000000073e+03,2.430216055550558311e-03
-2.324400000000000091e+03,2.433788597320577212e-03
-2.323880000000000109e+03,2.437341521000595951e-03
-2.323360000000000127e+03,2.440913908740634242e-03
-2.322840000000000146e+03,2.444486450510653577e-03
-2.322320000000000164e+03,2.448077630230690877e-03
-2.321800000000000182e+03,2.451649615260710190e-03
-2.321279999999999745e+03,2.455260329010729593e-03
-2.320759999999999764e+03,2.458851855750767302e-03
-2.320239999999999782e+03,2.462462097520786916e-03
-2.319720000000000255e+03,2.466071963200806242e-03
-2.319199999999999818e+03,2.469682589940843526e-03
-2.318679999999999836e+03,2.473331003690862340e-03
-2.318159999999999854e+03,2.476960702760900527e-03
-2.317640000000000327e+03,2.480590015460919836e-03
-2.317119999999999891e+03,2.484238110210938190e-03
-2.316599999999999909e+03,2.487886936950976357e-03
-2.316079999999999927e+03,2.491554450700995613e-03
-2.315559999999999945e+03,2.495221963401014938e-03
-2.315039999999999964e+03,2.498889890141052679e-03
-2.314519999999999982e+03,2.502576004241070882e-03
-2.314000000000000000e+03,2.506262683961109523e-03
-2.313480000000000018e+03,2.509949296661128856e-03
-2.312960000000000036e+03,2.513635410411147082e-03
-2.312440000000000055e+03,2.517341537151186141e-03
-2.311920000000000073e+03,2.521046778921204323e-03
-2.311399999999999636e+03,2.524772005661242089e-03
-2.310880000000000109e+03,2.528496471341261462e-03
-2.310360000000000127e+03,2.532220796421281311e-03
-2.309840000000000146e+03,2.535964584161319070e-03
-2.309319999999999709e+03,2.539708525931338307e-03
-2.308800000000000182e+03,2.543452323601376464e-03
-2.308280000000000200e+03,2.547214865371395104e-03
-2.307760000000000218e+03,2.550977599121413784e-03
-2.307239999999999782e+03,2.554759558841451176e-03
-2.306719999999999800e+03,2.558522110541470648e-03
-2.306199999999999818e+03,2.562304070611509318e-03
-2.305680000000000291e+03,2.566104851381528253e-03
-2.305159999999999854e+03,2.569886493151547335e-03
-2.304639999999999873e+03,2.573707219891585574e-03
-2.304119999999999891e+03,2.577507557551603559e-03
-2.303600000000000364e+03,2.581327784291642061e-03
-2.303079999999999927e+03,2.585147126061661423e-03
-2.302559999999999945e+03,2.588986452801699499e-03
-2.302039999999999964e+03,2.592825394571717738e-03
-2.301519999999999982e+03,2.596664318601737270e-03
-2.301000000000000000e+03,2.600503578321775120e-03
-2.300480000000000018e+03,2.604361659091794078e-03
-2.299960000000000036e+03,2.608238299811832181e-03
-2.299440000000000055e+03,2.612115451511851701e-03
-2.298920000000000073e+03,2.615992939251889950e-03
-2.298400000000000091e+03,2.619869620021908745e-03
-2.297880000000000109e+03,2.623765861791927875e-03
-2.297359999999999673e+03,2.627661960511965423e-03
-2.296840000000000146e+03,2.631577273211984248e-03
-2.296320000000000164e+03,2.635492472282022214e-03
-2.295800000000000182e+03,2.639407314052041181e-03
-2.295279999999999745e+03,2.643342140792080165e-03
-2.294760000000000218e+03,2.647275735542098298e-03
-2.294240000000000236e+03,2.651210005192136416e-03
-2.293720000000000255e+03,2.655163585962155414e-03
-2.293199999999999818e+03,2.659116973702193524e-03
-2.292679999999999836e+03,2.663089154472212360e-03
-2.292159999999999854e+03,2.667042196242232210e-03
-2.291639999999999873e+03,2.671014693912269426e-03
-2.291119999999999891e+03,2.675005974682288269e-03
-2.290599999999999909e+03,2.678997534752326857e-03
-2.290079999999999927e+03,2.682988787502346185e-03
-2.289559999999999945e+03,2.686999475242383886e-03
-2.289039999999999964e+03,2.691009856012403171e-03
-2.288519999999999982e+03,2.695039653682441277e-03
-2.288000000000000000e+03,2.699068748432459884e-03
-2.287480000000000018e+03,2.703098575172497870e-03
-2.286960000000000036e+03,2.707146616942517590e-03
-2.286440000000000055e+03,2.711195515662555202e-03
-2.285920000000000073e+03,2.715244067362574190e-03
-2.285400000000000091e+03,2.719311555102611310e-03
-2.284880000000000109e+03,2.723379235872631053e-03
-2.284360000000000127e+03,2.727465862612668893e-03
-2.283839999999999691e+03,2.731552576712687960e-03
-2.283319999999999709e+03,2.735638828412707228e-03
-2.282800000000000182e+03,2.739725955152744804e-03
-2.282280000000000200e+03,2.743831268902763732e-03
-2.281759999999999764e+03,2.747956095642802021e-03
-2.281239999999999782e+03,2.752081076412820487e-03
-2.280720000000000255e+03,2.756205864152859366e-03
-2.280200000000000273e+03,2.760330315852878649e-03
-2.279679999999999836e+03,2.764493342592916087e-03
-2.279159999999999854e+03,2.768637384362935584e-03
-2.278639999999999873e+03,2.772800411102973456e-03
-2.278119999999999891e+03,2.776963091872992201e-03
-2.277599999999999909e+03,2.781145151593030287e-03
-2.277079999999999927e+03,2.785326903293049161e-03
-2.276559999999999945e+03,2.789509030033087474e-03
-2.276039999999999964e+03,2.793709910803105802e-03
-2.275519999999999982e+03,2.797910598543144542e-03
-2.275000000000000000e+03,2.802130897613182899e-03
-2.274480000000000018e+03,2.806350878383201668e-03
-2.273960000000000036e+03,2.810571137053239840e-03
-2.273440000000000055e+03,2.814809717823258447e-03
-2.272920000000000073e+03,2.819049116543295968e-03
-2.272400000000000091e+03,2.823307297313315187e-03
-2.271880000000000109e+03,2.827546185053353076e-03
-2.271360000000000127e+03,2.831823465823372302e-03
-2.270840000000000146e+03,2.836100563493410172e-03
-2.270320000000000164e+03,2.840377844263429832e-03
-2.269799999999999727e+03,2.844674071003468023e-03
-2.269279999999999745e+03,2.848970412773486980e-03
-2.268760000000000218e+03,2.853266639513524737e-03
-2.268240000000000236e+03,2.857581620283543809e-03
-2.267719999999999800e+03,2.861896919003582059e-03
-2.267199999999999818e+03,2.866231431703600719e-03
-2.266680000000000291e+03,2.870565858443638926e-03
-2.266160000000000309e+03,2.874900285183676699e-03
-2.265639999999999873e+03,2.879253465953695787e-03
-2.265119999999999891e+03,2.883626092693734010e-03
-2.264599999999999909e+03,2.887979273463753098e-03
-2.264079999999999927e+03,2.892351861203790609e-03
-2.263559999999999945e+03,2.896743212903809834e-03
-2.263039999999999964e+03,2.901134939643848498e-03
-2.262519999999999982e+03,2.905545767433866718e-03
-2.262000000000000000e+03,2.909936994173904345e-03
-2.261480000000000018e+03,2.914366892893943076e-03
-2.260960000000000036e+03,2.918777334663961911e-03
-2.260440000000000055e+03,2.923207261404000157e-03
-2.259920000000000073e+03,2.927655413104019236e-03
-2.259400000000000091e+03,2.932104439844057490e-03
-2.258880000000000109e+03,2.936552620614076882e-03
-2.258360000000000127e+03,2.941020719684114739e-03
-2.257840000000000146e+03,2.945488346424152398e-03
-2.257320000000000164e+03,2.949975227194171108e-03
-2.256800000000000182e+03,2.954461914934209364e-03
-2.256279999999999745e+03,2.958967395704228780e-03
-2.255759999999999764e+03,2.963474040394266287e-03
-2.255239999999999782e+03,2.967979521164285268e-03
-2.254720000000000255e+03,2.972504447904322951e-03
-2.254199999999999818e+03,2.977029346624361552e-03
-2.253679999999999836e+03,2.981573527394380287e-03
-2.253159999999999854e+03,2.986117554134417977e-03
-2.252640000000000327e+03,2.990661234904437842e-03
-2.252119999999999891e+03,2.995224361644475974e-03
-2.251599999999999909e+03,2.999806559314513368e-03
-2.251079999999999927e+03,3.004369687104532782e-03
-2.250559999999999945e+03,3.008970474844570048e-03
-2.250039999999999964e+03,3.013552355614589930e-03
-2.249519999999999982e+03,3.018172782354628086e-03
-2.249000000000000000e+03,3.022774109094665800e-03
-2.248480000000000018e+03,3.027393717534684631e-03
-2.247960000000000036e+03,3.032033244274722796e-03
-2.247440000000000055e+03,3.036672425044740966e-03
-2.246920000000000073e+03,3.041311769734779489e-03
-2.246399999999999636e+03,3.045970396474817227e-03
-2.245880000000000109e+03,3.050647277244837412e-03
-2.245360000000000127e+03,3.055305903984875150e-03
-2.244840000000000146e+03,3.060001884754893608e-03
-2.244319999999999709e+03,3.064679611494931788e-03
-2.243800000000000182e+03,3.069376257234970266e-03
-2.243280000000000200e+03,3.074091338004988731e-03
-2.242760000000000218e+03,3.078806764745026757e-03
-2.242239999999999782e+03,3.083522662415065507e-03
-2.241719999999999800e+03,3.088275943185084423e-03
-2.241199999999999818e+03,3.093010469925122023e-03
-2.240680000000000291e+03,3.097764136715141191e-03
-2.240159999999999854e+03,3.102517763455178799e-03
-2.239639999999999873e+03,3.107290490195217282e-03
-2.239119999999999891e+03,3.112062870965235772e-03
-2.238600000000000364e+03,3.116854697705274263e-03
-2.238079999999999927e+03,3.121646524445311887e-03
-2.237559999999999945e+03,3.126456952235331065e-03
-2.237039999999999964e+03,3.131267878975369564e-03
-2.236519999999999982e+03,3.136078776645408184e-03
-2.236000000000000000e+03,3.140908457415425830e-03
-2.235480000000000018e+03,3.145757084155463741e-03
-2.234960000000000036e+03,3.150606557915502232e-03
-2.234440000000000055e+03,3.155454838685521884e-03
-2.233920000000000073e+03,3.160323104425559384e-03
-2.233400000000000091e+03,3.165209931165597311e-03
-2.232880000000000109e+03,3.170077811935616708e-03
-2.232359999999999673e+03,3.174984085695655052e-03
-2.231840000000000146e+03,3.179890040105692959e-03
-2.231320000000000164e+03,3.184796120875711071e-03
-2.230800000000000182e+03,3.189721147615749881e-03
-2.230279999999999745e+03,3.194646560375787644e-03
-2.229760000000000218e+03,3.199590312075806589e-03
-2.229240000000000236e+03,3.204534438815844107e-03
-2.228720000000000255e+03,3.209497665555881632e-03
-2.228199999999999818e+03,3.214460893345902608e-03
-2.227679999999999836e+03,3.219443220085941009e-03
-2.227159999999999854e+03,3.224406485825978379e-03
-2.226639999999999873e+03,3.229407566595996360e-03
-2.226119999999999891e+03,3.234409340356035178e-03
-2.225599999999999909e+03,3.239429867096073595e-03
-2.225079999999999927e+03,3.244449547866092715e-03
-2.224559999999999945e+03,3.249489213606130116e-03
-2.224039999999999964e+03,3.254529187366168950e-03
-2.223519999999999982e+03,3.259568341776206742e-03
-2.223000000000000000e+03,3.264626722546224748e-03
-2.222480000000000018e+03,3.269704049286262584e-03
-2.221960000000000036e+03,3.274782262046301278e-03
-2.221440000000000055e+03,3.279878313746319683e-03
-2.220920000000000073e+03,3.284956140486357690e-03
-2.220400000000000091e+03,3.290072014246395952e-03
-2.219880000000000109e+03,3.295187579986434082e-03
-2.219360000000000127e+03,3.300321860756453250e-03
-2.218839999999999691e+03,3.305456987496490414e-03
-2.218319999999999709e+03,3.310591961256528683e-03
-2.217800000000000182e+03,3.315764481026548145e-03
-2.217280000000000200e+03,3.320918235436586419e-03
-2.216759999999999764e+03,3.326091409196625139e-03
-2.216239999999999782e+03,3.331283374936662000e-03
-2.215720000000000255e+03,3.336474955706680758e-03
-2.215200000000000273e+03,3.341667229466719919e-03
-2.214679999999999836e+03,3.346878295206757222e-03
-2.214159999999999854e+03,3.352107921946794952e-03
-2.213639999999999873e+03,3.357338049736813268e-03
-2.213119999999999891e+03,3.362587315476852756e-03
-2.212599999999999909e+03,3.367836042216890060e-03
-2.212079999999999927e+03,3.373104743646928791e-03
-2.211559999999999945e+03,3.378372763416948726e-03
-2.211039999999999964e+03,3.383659690156985613e-03
-2.210519999999999982e+03,3.388947463917023947e-03
-2.210000000000000000e+03,3.394253557677061502e-03
-2.209480000000000018e+03,3.399559238447080571e-03
-2.208960000000000036e+03,3.404885212207119788e-03
-2.208440000000000055e+03,3.410210348877156655e-03
-2.207920000000000073e+03,3.415554575617196168e-03
-2.207400000000000091e+03,3.420917970077213752e-03
-2.206880000000000109e+03,3.426281296817252405e-03
-2.206360000000000127e+03,3.431645123557289928e-03
-2.205840000000000146e+03,3.437027936317327542e-03
-2.205320000000000164e+03,3.442429117087346651e-03
-2.204799999999999727e+03,3.447830682827385165e-03
-2.204279999999999745e+03,3.453232056587422771e-03
-2.203760000000000218e+03,3.458652683327460581e-03
-2.203240000000000236e+03,3.464092823757499058e-03
-2.202719999999999800e+03,3.469532204527518184e-03
-2.202199999999999818e+03,3.474991070267555854e-03
-2.201680000000000291e+03,3.480449744027593051e-03
-2.201160000000000309e+03,3.485927709767631163e-03
-2.200639999999999873e+03,3.491424583527669677e-03
-2.200119999999999891e+03,3.496902231317689479e-03
-2.199599999999999909e+03,3.502417858057727592e-03
-2.199079999999999927e+03,3.507934398487764366e-03
-2.198559999999999945e+03,3.513450025227803780e-03
-2.198039999999999964e+03,3.518985598987841180e-03
-2.197519999999999982e+03,3.524539118757861328e-03
-2.197000000000000000e+03,3.530093292517897698e-03
-2.196480000000000018e+03,3.535666258257936980e-03
-2.195960000000000036e+03,3.541239223997974528e-03
-2.195440000000000055e+03,3.546831625428013054e-03
-2.194920000000000073e+03,3.552423845198030786e-03
-2.194400000000000091e+03,3.558035318958069782e-03
-2.193880000000000109e+03,3.563665084698108484e-03
-2.193360000000000127e+03,3.569295686478145702e-03
-2.192840000000000146e+03,3.574945052218183282e-03
-2.192320000000000164e+03,3.580594406628222291e-03
-2.191800000000000182e+03,3.586262873418240727e-03
-2.191279999999999745e+03,3.591930800158278300e-03
-2.190759999999999764e+03,3.597618712918316738e-03
-2.190239999999999782e+03,3.603325378658354342e-03
-2.189720000000000255e+03,3.609031852418393641e-03
-2.189199999999999818e+03,3.614738545828431217e-03
-2.188679999999999836e+03,3.620482873618450104e-03
-2.188159999999999854e+03,3.626208639358488584e-03
-2.187640000000000327e+03,3.631972509208524977e-03
-2.187119999999999891e+03,3.637735935948562156e-03
-2.186599999999999909e+03,3.643500248708601494e-03
-2.186079999999999927e+03,3.649282803118639954e-03
-2.185559999999999945e+03,3.655084469908658710e-03
-2.185039999999999964e+03,3.660886135648697050e-03
-2.184519999999999982e+03,3.666707209408735964e-03
-2.184000000000000000e+03,3.672527975148771710e-03
-2.183480000000000018e+03,3.678387287908810917e-03
-2.182960000000000036e+03,3.684227170338847616e-03
-2.182440000000000055e+03,3.690086483098888124e-03
-2.181920000000000073e+03,3.695964548838925629e-03
-2.181399999999999636e+03,3.701842576628944139e-03
-2.180880000000000109e+03,3.707739242368982349e-03
-2.180360000000000127e+03,3.713655882799018516e-03
-2.179840000000000146e+03,3.719572109539058362e-03
-2.179319999999999709e+03,3.725488222299095688e-03
-2.178800000000000182e+03,3.731442688039135393e-03
-2.178280000000000200e+03,3.737377928819171809e-03
-2.177760000000000218e+03,3.743351483229211650e-03
-2.177239999999999782e+03,3.749324895989248133e-03
-2.176719999999999800e+03,3.755317562779267402e-03
-2.176199999999999818e+03,3.761309728519305652e-03
-2.175680000000000291e+03,3.767321302279344041e-03
-2.175159999999999854e+03,3.773332595689382271e-03
-2.174639999999999873e+03,3.779382437519419966e-03
-2.174119999999999891e+03,3.785412831279457747e-03
-2.173600000000000364e+03,3.791481705039495727e-03
-2.173079999999999927e+03,3.797531698449533710e-03
-2.172559999999999945e+03,3.803619211209572672e-03
-2.172039999999999964e+03,3.809726323969609210e-03
-2.171519999999999982e+03,3.815813989709647500e-03
-2.171000000000000000e+03,3.821920717499666803e-03
-2.170480000000000018e+03,3.828065738929705471e-03
-2.169960000000000036e+03,3.834210551689743156e-03
-2.169440000000000055e+03,3.840355864449780578e-03
-2.168920000000000073e+03,3.846519430189818730e-03
-2.168400000000000091e+03,3.852683831619856288e-03
-2.167880000000000109e+03,3.858866497359895315e-03
-2.167359999999999673e+03,3.865069139189933074e-03
-2.166840000000000146e+03,3.871271279969971599e-03
-2.166320000000000164e+03,3.877511745710008652e-03
-2.165800000000000182e+03,3.883732986140046774e-03
-2.165279999999999745e+03,3.889972951880084091e-03
-2.164760000000000218e+03,3.896232364640123125e-03
-2.164240000000000236e+03,3.902510838400161022e-03
-2.163720000000000255e+03,3.908789059830199142e-03
-2.163199999999999818e+03,3.915086672590238626e-03
-2.162679999999999836e+03,3.921384285350275507e-03
-2.162159999999999854e+03,3.927700651090313723e-03
-2.161639999999999873e+03,3.934036145550332333e-03
-2.161119999999999891e+03,3.940371987380369978e-03
-2.160599999999999909e+03,3.946745681140408600e-03
-2.160079999999999927e+03,3.953100593900446373e-03
-2.159559999999999945e+03,3.959493234330485265e-03
-2.159039999999999964e+03,3.965866900070523504e-03
-2.158519999999999982e+03,3.972278612830560697e-03
-2.158000000000000000e+03,3.978690853610598877e-03
-2.157480000000000018e+03,3.985121347020636508e-03
-2.156960000000000036e+03,3.991571759780674321e-03
-2.156440000000000055e+03,3.998021672540712397e-03
-2.155920000000000073e+03,4.004490395020751659e-03
-2.155400000000000091e+03,4.010979007780788620e-03
-2.154880000000000109e+03,4.017467148560826228e-03
-2.154360000000000127e+03,4.023974014300864786e-03
-2.153839999999999691e+03,4.030500354730903734e-03
-2.153319999999999709e+03,4.037007567490940967e-03
-2.152800000000000182e+03,4.043552980250979950e-03
-2.152280000000000200e+03,4.050117174011017181e-03
-2.151759999999999764e+03,4.056681714441055277e-03
-2.151239999999999782e+03,4.063265356271092421e-03
-2.150720000000000255e+03,4.069867222011130416e-03
-2.150200000000000273e+03,4.076469962441169395e-03
-2.149679999999999836e+03,4.083091803221207926e-03
-2.149159999999999854e+03,4.089732215981246345e-03
-2.148639999999999873e+03,4.096372781721284093e-03
-2.148119999999999891e+03,4.103032322151321624e-03
-2.147599999999999909e+03,4.109692334911359789e-03
-2.147079999999999927e+03,4.116371389731417023e-03
-2.146559999999999945e+03,4.123088383141454774e-03
-2.146039999999999964e+03,4.129805195901492358e-03
-2.145519999999999982e+03,4.136522008661529942e-03
-2.145000000000000000e+03,4.143257977111568756e-03
-2.144480000000000018e+03,4.150012642851606814e-03
-2.143960000000000036e+03,4.156767655611643547e-03
-2.143440000000000055e+03,4.163541797441681902e-03
-2.142920000000000073e+03,4.170335076871721502e-03
-2.142400000000000091e+03,4.177147417651758642e-03
-2.141880000000000109e+03,4.183959383391796724e-03
-2.141360000000000127e+03,4.190790823821834328e-03
-2.140840000000000146e+03,4.197641336581872835e-03
-2.140320000000000164e+03,4.204491416361910532e-03
-2.139799999999999727e+03,4.211361085861948031e-03
-2.139279999999999745e+03,4.218249451601986146e-03
-2.138760000000000218e+03,4.225156764362024940e-03
-2.138240000000000236e+03,4.232064978782081217e-03
-2.137719999999999800e+03,4.238991430542119430e-03
-2.137199999999999818e+03,4.245918343302157970e-03
-2.136680000000000291e+03,4.252882636712195484e-03
-2.136160000000000309e+03,4.259828206562233689e-03
-2.135639999999999873e+03,4.266831058322272802e-03
-2.135119999999999891e+03,4.273814798752310733e-03
-2.134599999999999909e+03,4.280818111512348437e-03
-2.134079999999999927e+03,4.287840091292386205e-03
-2.133559999999999945e+03,4.294881131722425027e-03
-2.133039999999999964e+03,4.301921826532461614e-03
-2.132519999999999982e+03,4.309000885262520737e-03
-2.132000000000000000e+03,4.316061092712558493e-03
-2.131480000000000018e+03,4.323159405472595633e-03
-2.130960000000000036e+03,4.330257718232633640e-03
-2.130440000000000055e+03,4.337393826732672056e-03
-2.129920000000000073e+03,4.344511267512709586e-03
-2.129400000000000091e+03,4.351666560922746313e-03
-2.128880000000000109e+03,4.358821712682786620e-03
-2.128360000000000127e+03,4.365996271412842314e-03
-2.127840000000000146e+03,4.373190139862878981e-03
-2.127320000000000164e+03,4.380402620692919191e-03
-2.126800000000000182e+03,4.387615033452956642e-03
-2.126279999999999745e+03,4.394847140902994470e-03
-2.125759999999999764e+03,4.402097753663033672e-03
-2.125239999999999782e+03,4.409348366423071139e-03
-2.124720000000000255e+03,4.416637274923107884e-03
-2.124199999999999818e+03,4.423926461673164875e-03
-2.123679999999999836e+03,4.431234094083203942e-03
-2.123159999999999854e+03,4.438542006843241433e-03
-2.122640000000000327e+03,4.445888186623279600e-03
-2.122119999999999891e+03,4.453214756123316347e-03
-2.121599999999999909e+03,4.460599068883356472e-03
-2.121079999999999927e+03,4.467964666613413391e-03
-2.120559999999999945e+03,4.475367635063452407e-03
-2.120039999999999964e+03,4.482771086823488481e-03
-2.119519999999999982e+03,4.490193156323527002e-03
-2.119000000000000000e+03,4.497634836103565209e-03
-2.118480000000000018e+03,4.505075948863603887e-03
-2.117960000000000036e+03,4.512536574263659346e-03
-2.117440000000000055e+03,4.520016415043699026e-03
-2.116920000000000073e+03,4.527514923543736122e-03
-2.116399999999999636e+03,4.535032436303774832e-03
-2.115880000000000109e+03,4.542550016083812467e-03
-2.115360000000000127e+03,4.550087041483869693e-03
-2.114840000000000146e+03,4.557661883313908306e-03
-2.114319999999999709e+03,4.565217662743945547e-03
-2.113800000000000182e+03,4.572811603523982936e-03
-2.113280000000000200e+03,4.580405582954021927e-03
-2.112760000000000218e+03,4.588037541684079207e-03
-2.112239999999999782e+03,4.595650650534115894e-03
-2.111719999999999800e+03,4.603301929964154909e-03
-2.111199999999999818e+03,4.610971742724192211e-03
-2.110680000000000291e+03,4.618642496144249876e-03
-2.110159999999999854e+03,4.626331437974287933e-03
-2.109639999999999873e+03,4.634059089734326141e-03
-2.109119999999999891e+03,4.641767197184364091e-03
-2.108600000000000364e+03,4.649513409944400558e-03
-2.108079999999999927e+03,4.657260064414459749e-03
-2.107559999999999945e+03,4.665045044194496629e-03
-2.107039999999999964e+03,4.672829484624535686e-03
-2.106519999999999982e+03,4.680633036384573321e-03
-2.106000000000000000e+03,4.688437018874631185e-03
-2.105480000000000018e+03,4.696278731634668559e-03
-2.104960000000000036e+03,4.704120358434705530e-03
-2.104440000000000055e+03,4.711981237864744029e-03
-2.103920000000000073e+03,4.719861564664802438e-03
-2.103400000000000091e+03,4.727760633114839323e-03
-2.102880000000000109e+03,4.735678284874876402e-03
-2.102359999999999673e+03,4.743596810274934919e-03
-2.101840000000000146e+03,4.751552719124972277e-03
-2.101320000000000164e+03,4.759509059555010538e-03
-2.100800000000000182e+03,4.767484011315047641e-03
-2.100279999999999745e+03,4.775478993805105585e-03
-2.099760000000000218e+03,4.783492145565143572e-03
-2.099240000000000236e+03,4.791505605345180822e-03
-2.098720000000000255e+03,4.799557012795220047e-03
-2.098199999999999818e+03,4.807608739595275321e-03
-2.097679999999999836e+03,4.815679247045315421e-03
-2.097159999999999854e+03,4.823768798805352573e-03
-2.096639999999999873e+03,4.831877785205409420e-03
-2.096119999999999891e+03,4.839986494055447709e-03
-2.095599999999999909e+03,4.848133720505486133e-03
-2.095079999999999927e+03,4.856300046255543693e-03
-2.094559999999999945e+03,4.864465554755580991e-03
-2.094039999999999964e+03,4.872650606515619050e-03
-2.093519999999999982e+03,4.880855159935674863e-03
-2.093000000000000000e+03,4.889077872695714658e-03
-2.092480000000000018e+03,4.897320128215751529e-03
-2.091960000000000036e+03,4.905581953965809129e-03
-2.091440000000000055e+03,4.913842933395846588e-03
-2.090920000000000073e+03,4.922142142245886087e-03
-2.090400000000000091e+03,4.930442167645941558e-03
-2.089880000000000109e+03,4.938760766425978610e-03
-2.089360000000000127e+03,4.947098202946018097e-03
-2.088839999999999691e+03,4.955455000676075618e-03
-2.088319999999999709e+03,4.963830608126112640e-03
-2.087800000000000182e+03,4.972225288956152664e-03
-2.087280000000000200e+03,4.980639789396208369e-03
-2.086759999999999764e+03,4.989053041156247051e-03
-2.086239999999999782e+03,4.997485920586283714e-03
-2.085720000000000255e+03,5.005957375406341545e-03
-2.085200000000000273e+03,5.014428301856378029e-03
-2.084679999999999836e+03,5.022937581636417737e-03
-2.084159999999999854e+03,5.031427636106474560e-03
-2.083639999999999873e+03,5.039955987866512159e-03
-2.083119999999999891e+03,5.048503688306569918e-03
-2.082599999999999909e+03,5.057069769136606809e-03
-2.082079999999999927e+03,5.065655476586645653e-03
-2.081559999999999945e+03,5.074241001986702637e-03
-2.081039999999999964e+03,5.082864757856740343e-03
-2.080519999999999982e+03,5.091488137286779951e-03
-2.080000000000000000e+03,5.100150035016836128e-03
-2.079480000000000018e+03,5.108812018556872954e-03
-2.078960000000000036e+03,5.117493055286931151e-03
-2.078440000000000055e+03,5.126211462736968844e-03
-2.077920000000000073e+03,5.134930689537025791e-03
-2.077400000000000091e+03,5.143669044007064504e-03
-2.076880000000000109e+03,5.152425595767101858e-03
-2.076360000000000127e+03,5.161183078257158309e-03
-2.075840000000000146e+03,5.169978204707196927e-03
-2.075320000000000164e+03,5.178792998527253708e-03
-2.074799999999999727e+03,5.187625977957291065e-03
-2.074279999999999745e+03,5.196478376737329735e-03
-2.073760000000000218e+03,5.205350459227386234e-03
-2.073240000000000236e+03,5.214221610987424503e-03
-2.072719999999999800e+03,5.223131750427481221e-03
-2.072199999999999818e+03,5.232041158927519357e-03
-2.071680000000000291e+03,5.240989084677577167e-03
-2.071160000000000309e+03,5.249937011127616716e-03
-2.070639999999999873e+03,5.258923165947671820e-03
-2.070119999999999891e+03,5.267908831397711059e-03
-2.069599999999999909e+03,5.276914113887767876e-03
-2.069079999999999927e+03,5.285938065647805342e-03
-2.068559999999999945e+03,5.295000159117844996e-03
-2.068039999999999964e+03,5.304062685917900616e-03
-2.067519999999999982e+03,5.313162940387939140e-03
-2.067000000000000000e+03,5.322263638117997499e-03
-2.066480000000000018e+03,5.331382713638034912e-03
-2.065960000000000036e+03,5.340521486058089594e-03
-2.065440000000000055e+03,5.349697794908127649e-03
-2.064920000000000073e+03,5.358875306328185831e-03
-2.064400000000000091e+03,5.368070713778223119e-03
-2.063880000000000109e+03,5.377285926598280620e-03
-2.063360000000000127e+03,5.386538634048319667e-03
-2.062840000000000146e+03,5.395791660848374763e-03
-2.062320000000000164e+03,5.405063354318413033e-03
-2.061800000000000182e+03,5.414354579718470839e-03
-2.061279999999999745e+03,5.423664935588510226e-03
-2.060759999999999764e+03,5.433012999988565996e-03
-2.060239999999999782e+03,5.442361555858604531e-03
-2.059720000000000255e+03,5.451729220258660913e-03
-2.059199999999999818e+03,5.461115474728699820e-03
-2.058679999999999836e+03,5.470539940528757264e-03
-2.058159999999999854e+03,5.479965240968813316e-03
-2.057640000000000327e+03,5.489408488468851613e-03
-2.057119999999999891e+03,5.498871461238908839e-03
-2.056599999999999909e+03,5.508371979668946414e-03
-2.056079999999999927e+03,5.517873209179003507e-03
-2.055559999999999945e+03,5.527411899939041126e-03
-2.055039999999999964e+03,5.536970429449099111e-03
-2.054519999999999982e+03,5.546528275899136225e-03
-2.054000000000000000e+03,5.556124949719193871e-03
-2.053480000000000018e+03,5.565739596169232140e-03
-2.052960000000000036e+03,5.575355340919288180e-03
-2.052440000000000055e+03,5.585009062409346074e-03
-2.051920000000000073e+03,5.594681288859384115e-03
-2.051399999999999636e+03,5.604373182679440318e-03
-2.050880000000000109e+03,5.614083648129478653e-03
-2.050360000000000127e+03,5.623813577639536106e-03
-2.049840000000000146e+03,5.633562714369592939e-03
-2.049319999999999709e+03,5.643330497909629546e-03
-2.048800000000000182e+03,5.653117390329687880e-03
-2.048280000000000200e+03,5.662923355779727122e-03
-2.047760000000000218e+03,5.672767510599784242e-03
-2.047239999999999782e+03,5.682612022019840892e-03
-2.046720000000000027e+03,5.692494444559878693e-03
-2.046200000000000045e+03,5.702376242289934963e-03
-2.045680000000000064e+03,5.712296864829973647e-03
-2.045159999999999854e+03,5.722217804270030711e-03
-2.044639999999999873e+03,5.732195131070087768e-03
-2.044120000000000118e+03,5.742153924540126589e-03
-2.043600000000000136e+03,5.752150418010182169e-03
-2.043079999999999927e+03,5.762166483810220174e-03
-2.042559999999999945e+03,5.772220613320278026e-03
-2.042039999999999964e+03,5.782274377720334618e-03
-2.041519999999999982e+03,5.792347300260374497e-03
-2.041000000000000000e+03,5.802458684010430683e-03
-2.040480000000000018e+03,5.812589337430486280e-03
-2.039960000000000036e+03,5.822719531950524934e-03
-2.039439999999999827e+03,5.832887743720582656e-03
-2.038920000000000073e+03,5.843075265210639566e-03
-2.038400000000000091e+03,5.853281830660676636e-03
-2.037880000000000109e+03,5.863526999170733979e-03
-2.037359999999999900e+03,5.873771224920792781e-03
-2.036839999999999918e+03,5.884054219440829764e-03
-2.036320000000000164e+03,5.894337058880886639e-03
-2.035800000000000182e+03,5.904658599370943631e-03
-2.035279999999999973e+03,5.914998018150980155e-03
-2.034759999999999991e+03,5.925357286661038676e-03
-2.034240000000000009e+03,5.935736098081094946e-03
-2.033720000000000255e+03,5.946151973601134823e-03
-2.033199999999999818e+03,5.956568485371190914e-03
-2.032680000000000064e+03,5.967023186861247948e-03
-2.032160000000000082e+03,5.977477926301304027e-03
-2.031639999999999873e+03,5.987989273801343562e-03
-2.031119999999999891e+03,5.998501285571400561e-03
-2.030599999999999909e+03,6.009031954081456815e-03
-2.030080000000000155e+03,6.019581848601494173e-03
-2.029559999999999945e+03,6.030169788041551439e-03
-2.029039999999999964e+03,6.040776981861609683e-03
-2.028519999999999982e+03,6.051403093281666583e-03
-2.028000000000000000e+03,6.062048515821704363e-03
-2.027480000000000018e+03,6.072731955261759934e-03
-2.026960000000000036e+03,6.083415395751818472e-03
-2.026440000000000055e+03,6.094136660501875413e-03
-2.025920000000000073e+03,6.104877622041912644e-03
-2.025399999999999864e+03,6.115637433461969599e-03
-2.024880000000000109e+03,6.126416401972026825e-03
-2.024360000000000127e+03,6.137233513742084215e-03
-2.023839999999999918e+03,6.148068561242124412e-03
-2.023319999999999936e+03,6.158904829752178192e-03
-2.022799999999999955e+03,6.169798369192235586e-03
-2.022280000000000200e+03,6.180691409682294475e-03
-2.021759999999999764e+03,6.191623121452349311e-03
-2.021240000000000009e+03,6.202554082992388883e-03
-2.020720000000000027e+03,6.213523994412445059e-03
-2.020200000000000045e+03,6.224512562922502636e-03
-2.019679999999999836e+03,6.235538955342559940e-03
-2.019159999999999854e+03,6.246565849862596893e-03
-2.018640000000000100e+03,6.257649929702653949e-03
-2.018120000000000118e+03,6.268714869142710810e-03
-2.017599999999999909e+03,6.279837109632768061e-03
-2.017079999999999927e+03,6.290959349072825814e-03
-2.016559999999999945e+03,6.302138417582883734e-03
-2.016040000000000191e+03,6.313317650052920928e-03
-2.015519999999999982e+03,6.324516262872979105e-03
-2.015000000000000000e+03,6.335752631383034447e-03
-2.014480000000000018e+03,6.347008609823092534e-03
-2.013959999999999809e+03,6.358283150313149244e-03
-2.013440000000000055e+03,6.369596042733205801e-03
-2.012920000000000073e+03,6.380908504273244929e-03
-2.012400000000000091e+03,6.392259445113301214e-03
-2.011879999999999882e+03,6.403629456533358084e-03
-2.011359999999999900e+03,6.415038264043416982e-03
-2.010840000000000146e+03,6.426465603483471657e-03
-2.010320000000000164e+03,6.437892971993529681e-03
-2.009799999999999955e+03,6.449377151483585285e-03
-2.009279999999999973e+03,6.460880544953625203e-03
-2.008759999999999991e+03,6.472403424793682705e-03
-2.008240000000000236e+03,6.483945336213737913e-03
-2.007719999999999800e+03,6.495525004723795397e-03
-2.007200000000000045e+03,6.507105212233851160e-03
-2.006680000000000064e+03,6.518742151673909656e-03
-2.006160000000000082e+03,6.530360531163966788e-03
-2.005639999999999873e+03,6.542055146694023861e-03
-2.005119999999999891e+03,6.553730325134080048e-03
-2.004600000000000136e+03,6.565462447674119337e-03
-2.004079999999999927e+03,6.577213998444174717e-03
-2.003559999999999945e+03,6.588984638934231031e-03
-2.003039999999999964e+03,6.600793546444288021e-03
-2.002519999999999982e+03,6.612621485884346596e-03
-2.002000000000000000e+03,6.624449493394403594e-03
-2.001480000000000018e+03,6.636334272884461365e-03
-2.000960000000000036e+03,6.648219512324517362e-03
-2.000440000000000055e+03,6.660143019834575268e-03
-1.999919999999999845e+03,6.672104188344633174e-03
-1.999400000000000091e+03,6.684085285784689516e-03
-1.998880000000000109e+03,6.696084693294747717e-03
-1.998360000000000127e+03,6.708122261804803053e-03
-1.997839999999999918e+03,6.720159812574860551e-03
-1.997319999999999936e+03,6.732235581084915904e-03
-1.996800000000000182e+03,6.744349560574974638e-03
-1.996279999999999745e+03,6.756482639015031280e-03
-1.995759999999999991e+03,6.768654293545089094e-03
-1.995240000000000009e+03,6.780825562055145354e-03
-1.994720000000000027e+03,6.793034694525183770e-03
-1.994199999999999818e+03,6.805282374015240825e-03
-1.993679999999999836e+03,6.817548642525297388e-03
-1.993160000000000082e+03,6.829815420965353219e-03
-1.992640000000000100e+03,6.842158475495409634e-03
-1.992119999999999891e+03,6.854501183005469109e-03
-1.991599999999999909e+03,6.866882561445528457e-03
-1.991079999999999927e+03,6.879263747905602945e-03
-1.990560000000000173e+03,6.891701955415659858e-03
-1.990039999999999964e+03,6.904140480875716433e-03
-1.989519999999999982e+03,6.916635988385775105e-03
-1.989000000000000000e+03,6.929131495895831175e-03
-1.988480000000000018e+03,6.941665135335888838e-03
-1.987960000000000036e+03,6.954236861845943495e-03
-1.987440000000000055e+03,6.966827869356001339e-03
-1.986920000000000073e+03,6.979437976866057457e-03
-1.986399999999999864e+03,6.992085755306116576e-03
-1.985879999999999882e+03,7.004753009836175125e-03
-1.985360000000000127e+03,7.017439517346230407e-03
-1.984840000000000146e+03,7.030182795786285230e-03
-1.984319999999999936e+03,7.042926422296342560e-03
-1.983799999999999955e+03,7.055707929806400748e-03
-1.983279999999999973e+03,7.068527637316459819e-03
-1.982760000000000218e+03,7.081366762776515958e-03
-1.982239999999999782e+03,7.094224670286569841e-03
-1.981720000000000027e+03,7.107120777796626342e-03
-1.981200000000000045e+03,7.120036678296706723e-03
-1.980680000000000064e+03,7.132990056736763368e-03
-1.980159999999999854e+03,7.145962036226819782e-03
-1.979639999999999873e+03,7.158973090756873270e-03
-1.979120000000000118e+03,7.172002369196930210e-03
-1.978600000000000136e+03,7.185088976706990524e-03
-1.978079999999999927e+03,7.198176431237047514e-03
-1.977559999999999945e+03,7.211301238747102639e-03
-1.977039999999999964e+03,7.224445146257162109e-03
-1.976519999999999982e+03,7.237627917687238649e-03
-1.976000000000000000e+03,7.250829164197297554e-03
-1.975480000000000018e+03,7.264068890707351019e-03
-1.974960000000000036e+03,7.277326898217407330e-03
-1.974439999999999827e+03,7.290623923677462190e-03
-1.973920000000000073e+03,7.303958831187521740e-03
-1.973400000000000091e+03,7.317312684667601555e-03
-1.972880000000000109e+03,7.330705305867657451e-03
-1.972359999999999900e+03,7.344116084307713080e-03
-1.971839999999999918e+03,7.357546838837771344e-03
-1.971320000000000164e+03,7.371014946347824275e-03
-1.970800000000000182e+03,7.384521639877884847e-03
-1.970279999999999973e+03,7.398047393357958662e-03
-1.969759999999999991e+03,7.411630418818016507e-03
-1.969240000000000009e+03,7.425213165328074100e-03
-1.968720000000000255e+03,7.438834419858129238e-03
-1.968199999999999818e+03,7.452473899348189060e-03
-1.967680000000000064e+03,7.466171938848263634e-03
-1.967160000000000082e+03,7.479869244958321090e-03
-1.966639999999999873e+03,7.493623699488378281e-03
-1.966119999999999891e+03,7.507378345998435946e-03
-1.965599999999999909e+03,7.521190100528493162e-03
-1.965080000000000155e+03,7.535020954008568236e-03
-1.964559999999999945e+03,7.548890018468625875e-03
-1.964039999999999964e+03,7.562777825978681846e-03
-1.963519999999999982e+03,7.576704219508738521e-03
-1.963000000000000000e+03,7.590669120008815794e-03
-1.962480000000000018e+03,7.604652494188873790e-03
-1.961960000000000036e+03,7.618674348718930227e-03
-1.961440000000000055e+03,7.632714966158985793e-03
-1.960920000000000073e+03,7.646793966659064246e-03
-1.960399999999999864e+03,7.660911360189122735e-03
-1.959880000000000109e+03,7.675066067699178214e-03
-1.959360000000000127e+03,7.689241107199252384e-03
-1.958839999999999918e+03,7.703434042379307851e-03
-1.958319999999999936e+03,7.717665506839368507e-03
-1.957799999999999955e+03,7.731954261369425319e-03
-1.957280000000000200e+03,7.746243053849500258e-03
-1.956759999999999764e+03,7.760589147379554770e-03
-1.956240000000000009e+03,7.774935201909615075e-03
-1.955720000000000027e+03,7.789338622059692636e-03
-1.955200000000000045e+03,7.803761115589749782e-03
-1.954679999999999836e+03,7.818240341049805323e-03
-1.954159999999999854e+03,7.832720480549879016e-03
-1.953640000000000100e+03,7.847256727059936932e-03
-1.953120000000000118e+03,7.861793809259996421e-03
-1.952599999999999909e+03,7.876407148760070434e-03
-1.952079999999999927e+03,7.891019795270130116e-03
-1.951559999999999945e+03,7.905690088800185894e-03
-1.951040000000000191e+03,7.920360689300262255e-03
-1.950519999999999982e+03,7.935088281430319884e-03
-1.950000000000000000e+03,7.949834627940372683e-03
-1.949480000000000018e+03,7.964638995460451495e-03
-1.948959999999999809e+03,7.979442449990508182e-03
-1.948440000000000055e+03,7.994303743520565775e-03
-1.947920000000000073e+03,8.009184163670643800e-03
-1.947400000000000091e+03,8.024102257200701679e-03
-1.946879999999999882e+03,8.039077996700776108e-03
-1.946359999999999900e+03,8.054053890230830279e-03
-1.945840000000000146e+03,8.069086611430889913e-03
-1.945320000000000164e+03,8.084138403910964832e-03
-1.944799999999999955e+03,8.099228329371021759e-03
-1.944279999999999973e+03,8.114337768871096243e-03
-1.943759999999999991e+03,8.129504190071154199e-03
-1.943240000000000236e+03,8.144690029571230450e-03
-1.942719999999999800e+03,8.159913223101286986e-03
-1.942200000000000045e+03,8.175156044651342782e-03
-1.941680000000000064e+03,8.190474764801419783e-03
-1.941160000000000082e+03,8.205774858331477822e-03
-1.940639999999999873e+03,8.221151197831554416e-03
-1.940119999999999891e+03,8.236546291361611025e-03
-1.939600000000000136e+03,8.251979958531685880e-03
-1.939079999999999927e+03,8.267432891061746864e-03
-1.938559999999999945e+03,8.282942430561822042e-03
-1.938039999999999964e+03,8.298490351761876951e-03
-1.937519999999999982e+03,8.314057719281953140e-03
-1.937000000000000000e+03,8.329662912812009837e-03
-1.936480000000000018e+03,8.345306179982086778e-03
-1.935960000000000036e+03,8.360968644442143619e-03
-1.935440000000000055e+03,8.376688783942220357e-03
-1.934919999999999845e+03,8.392427216472276782e-03
-1.934400000000000091e+03,8.408222936622354246e-03
-1.933880000000000109e+03,8.424037758172410809e-03
-1.933360000000000127e+03,8.439891597672485868e-03
-1.932839999999999918e+03,8.455782857872542330e-03
-1.932319999999999936e+03,8.471712097372617947e-03
-1.931800000000000182e+03,8.487680037922674600e-03
-1.931279999999999745e+03,8.503667105092753420e-03
-1.930759999999999991e+03,8.519711137622811709e-03
-1.930240000000000009e+03,8.535774105142885163e-03
-1.929720000000000027e+03,8.551894526342942310e-03
-1.929199999999999818e+03,8.568014804843019153e-03
-1.928679999999999836e+03,8.584211944343094619e-03
-1.928160000000000082e+03,8.600427365543152070e-03
-1.927640000000000100e+03,8.616700472063228491e-03
-1.927119999999999891e+03,8.632973193263285966e-03
-1.926599999999999909e+03,8.649303571763359427e-03
-1.926079999999999927e+03,8.665671765293416970e-03
-1.925560000000000173e+03,8.682078532463492759e-03
-1.925039999999999964e+03,8.698504286003570785e-03
-1.924519999999999982e+03,8.714987108603626520e-03
-1.924000000000000000e+03,8.731508514773700033e-03
-1.923480000000000018e+03,8.748067554273777913e-03
-1.922960000000000036e+03,8.764645414473835189e-03
-1.922440000000000055e+03,8.781281381993912352e-03
-1.921920000000000073e+03,8.797954714523967962e-03
-1.921399999999999864e+03,8.814647867714043086e-03
-1.920879999999999882e+03,8.831397907214122781e-03
-1.920360000000000127e+03,8.848185895434179660e-03
-1.919840000000000146e+03,8.865011834934252710e-03
-1.919319999999999936e+03,8.881879413434330683e-03
-1.918799999999999955e+03,8.898782320654385902e-03
-1.918279999999999973e+03,8.915703760154464197e-03
-1.917760000000000218e+03,8.932683094344537680e-03
-1.917239999999999782e+03,8.949680626874595424e-03
-1.916720000000000027e+03,8.966755241064673296e-03
-1.916200000000000045e+03,8.983830019564747332e-03
-1.915680000000000064e+03,9.000961309184804526e-03
-1.915159999999999854e+03,9.018112015354880565e-03
-1.914639999999999873e+03,9.035339401874956794e-03
-1.914120000000000118e+03,9.052585136065032650e-03
-1.913600000000000136e+03,9.069888268595092257e-03
-1.913079999999999927e+03,9.087192121785169635e-03
-1.912559999999999945e+03,9.104571500285242591e-03
-1.912039999999999964e+03,9.121969649505299108e-03
-1.911519999999999982e+03,9.139426275025376578e-03
-1.911000000000000000e+03,9.156920281195453024e-03
-1.910480000000000018e+03,9.174433416785525430e-03
-1.909960000000000036e+03,9.192003824005586660e-03
-1.909439999999999827e+03,9.209612902505662918e-03
-1.908920000000000073e+03,9.227278808675737701e-03
-1.908400000000000091e+03,9.244963662215811839e-03
-1.907880000000000109e+03,9.262686868385890115e-03
-1.907359999999999900e+03,9.280447747935948247e-03
-1.906839999999999918e+03,9.298265982126021137e-03
-1.906320000000000164e+03,9.316123236716098918e-03
-1.905800000000000182e+03,9.334018342886175532e-03
-1.905279999999999973e+03,9.351951149406251967e-03
-1.904759999999999991e+03,9.369941256626308432e-03
-1.904240000000000009e+03,9.387931335126383642e-03
-1.903720000000000255e+03,9.406017316336459655e-03
-1.903199999999999818e+03,9.424102923906536519e-03
-1.902680000000000064e+03,9.442264777096611578e-03
-1.902160000000000082e+03,9.460426783616688109e-03
-1.901639999999999873e+03,9.478684329836745831e-03
-1.901119999999999891e+03,9.496941364026820903e-03
-1.900599999999999909e+03,9.515255989546896054e-03
-1.900080000000000155e+03,9.533608524786975000e-03
-1.899559999999999945e+03,9.552019178327049442e-03
-1.899039999999999964e+03,9.570448123497126217e-03
-1.898519999999999982e+03,9.588934649017201439e-03
-1.898000000000000000e+03,9.607459084257259641e-03
-1.897480000000000018e+03,9.626021190427335589e-03
-1.896960000000000036e+03,9.644641512037411407e-03
-1.896440000000000055e+03,9.663299618207485397e-03
-1.895920000000000073e+03,9.681995743727562706e-03
-1.895399999999999864e+03,9.700730663937638665e-03
-1.894880000000000109e+03,9.719521999177714588e-03
-1.894360000000000127e+03,9.738351891717789144e-03
-1.893839999999999918e+03,9.757239197887864965e-03
-1.893319999999999936e+03,9.776145423407940627e-03
-1.892799999999999955e+03,9.795109043618020414e-03
-1.892280000000000200e+03,9.814110478858094691e-03
-1.891759999999999764e+03,9.833169571398167608e-03
-1.891240000000000009e+03,9.852246878618230522e-03
-1.890720000000000027e+03,9.871401151808307378e-03
-1.890200000000000045e+03,9.890574306398379825e-03
-1.889679999999999836e+03,9.909823898588457011e-03
-1.889159999999999854e+03,9.929073452128532595e-03
-1.888640000000000100e+03,9.948418197298608545e-03
-1.888120000000000118e+03,9.967763346578683431e-03
-1.887599999999999909e+03,9.987185272098761044e-03
-1.887079999999999927e+03,1.000662589230883609e-02
-1.886559999999999945e+03,1.002614199847891123e-02
-1.886040000000000191e+03,1.004567812008898969e-02
-1.885519999999999982e+03,1.006529061227906530e-02
-1.885000000000000000e+03,1.008492223248914216e-02
-1.884480000000000018e+03,1.010459180397923692e-02
-1.883959999999999809e+03,1.012429850623931121e-02
-1.883440000000000055e+03,1.014406329842938888e-02
-1.882920000000000073e+03,1.016390445161946543e-02
-1.882400000000000091e+03,1.018376477322953909e-02
-1.881879999999999882e+03,1.020370146541961509e-02
-1.881359999999999900e+03,1.022367638562969236e-02
-1.880840000000000146e+03,1.024368913219977049e-02
-1.880320000000000164e+03,1.026372135240984085e-02
-1.879799999999999955e+03,1.028382943361991902e-02
-1.879279999999999973e+03,1.030397622580999685e-02
-1.878759999999999991e+03,1.032419894742007613e-02
-1.878240000000000236e+03,1.034444123961015052e-02
-1.877719999999999800e+03,1.036472160579024471e-02
-1.877200000000000045e+03,1.038502072705031927e-02
-1.876680000000000064e+03,1.040545301959039728e-02
-1.876160000000000082e+03,1.042590491178047377e-02
-1.875639999999999873e+03,1.044641366106054819e-02
-1.875119999999999891e+03,1.046692285325062470e-02
-1.874600000000000136e+03,1.048752754579070079e-02
-1.874079999999999927e+03,1.050815121302079574e-02
-1.873559999999999945e+03,1.052881273323087209e-02
-1.873039999999999964e+03,1.054951248251094660e-02
-1.872519999999999982e+03,1.057032724703102326e-02
-1.872000000000000000e+03,1.059116070624110083e-02
-1.871480000000000018e+03,1.061201322750117762e-02
-1.870960000000000036e+03,1.063294249368127060e-02
-1.870440000000000055e+03,1.065390908587134436e-02
-1.869919999999999845e+03,1.067493300748142450e-02
-1.869400000000000091e+03,1.069599566669149696e-02
-1.868880000000000109e+03,1.071713418795157587e-02
-1.868360000000000127e+03,1.073833035413167096e-02
-1.867839999999999918e+03,1.075956484632174803e-02
-1.867319999999999936e+03,1.078085608162182053e-02
-1.866800000000000182e+03,1.080218557416189572e-02
-1.866279999999999745e+03,1.082351544139199644e-02
-1.865759999999999991e+03,1.084494050060207278e-02
-1.865240000000000009e+03,1.086638462081214625e-02
-1.864720000000000027e+03,1.088796232704224154e-02
-1.864199999999999818e+03,1.090955959427231808e-02
-1.863679999999999836e+03,1.093121331553239053e-02
-1.863160000000000082e+03,1.095286704707247073e-02
-1.862640000000000100e+03,1.097461711325256432e-02
-1.862119999999999891e+03,1.099638547351263970e-02
-1.861599999999999909e+03,1.101824964074271662e-02
-1.861079999999999927e+03,1.104013297499280982e-02
-1.860560000000000173e+03,1.106209176718288799e-02
-1.860039999999999964e+03,1.108408885546296324e-02
-1.859519999999999982e+03,1.110614440766305791e-02
-1.859000000000000000e+03,1.112823742892313401e-02
-1.858480000000000018e+03,1.115036816046321121e-02
-1.857960000000000036e+03,1.117255690273330666e-02
-1.857440000000000055e+03,1.119482133392337916e-02
-1.856920000000000073e+03,1.121716219313345989e-02
-1.856399999999999864e+03,1.123954193540355369e-02
-1.855879999999999882e+03,1.126195869461362777e-02
-1.855360000000000127e+03,1.128437630084372367e-02
-1.854840000000000146e+03,1.130692760707380055e-02
-1.854319999999999936e+03,1.132951625635387517e-02
-1.853799999999999955e+03,1.135218198053397111e-02
-1.853279999999999973e+03,1.137486616881404865e-02
-1.852760000000000218e+03,1.139760847399414086e-02
-1.852239999999999782e+03,1.142036940929421970e-02
-1.851720000000000027e+03,1.144324454048429446e-02
-1.851200000000000045e+03,1.146615812175439016e-02
-1.850680000000000064e+03,1.148916694196446507e-02
-1.850159999999999854e+03,1.151217652323455881e-02
-1.849639999999999873e+03,1.153522308349463552e-02
-1.849120000000000118e+03,1.155830853569473141e-02
-1.848600000000000136e+03,1.158152752397480570e-02
-1.848079999999999927e+03,1.160476577617490165e-02
-1.847559999999999945e+03,1.162807973643497847e-02
-1.847039999999999964e+03,1.165143258863507274e-02
-1.846519999999999982e+03,1.167486121591514853e-02
-1.846000000000000000e+03,1.169832816811524484e-02
-1.845480000000000018e+03,1.172185225639532473e-02
-1.844960000000000036e+03,1.174543428057541437e-02
-1.844439999999999827e+03,1.176907281587549238e-02
-1.843920000000000073e+03,1.179276865012558739e-02
-1.843400000000000091e+03,1.181650265635566556e-02
-1.842880000000000109e+03,1.184029402960575829e-02
-1.842359999999999900e+03,1.186414260781583352e-02
-1.841839999999999918e+03,1.188810618908592819e-02
-1.841320000000000164e+03,1.191208852333602332e-02
-1.840800000000000182e+03,1.193612816856610276e-02
-1.840279999999999973e+03,1.196018674983619773e-02
-1.839759999999999991e+03,1.198437830904627160e-02
-1.839240000000000009e+03,1.200859020129636801e-02
-1.838720000000000255e+03,1.203287801023645957e-02
-1.838199999999999818e+03,1.205720361646653652e-02
-1.837680000000000064e+03,1.208162478971663671e-02
-1.837160000000000082e+03,1.210604589594671196e-02
-1.836639999999999873e+03,1.213056291621680480e-02
-1.836119999999999891e+03,1.215511759748690024e-02
-1.835599999999999909e+03,1.217978666767697421e-02
-1.835080000000000155e+03,1.220447504894706971e-02
-1.834559999999999945e+03,1.222920169688716634e-02
-1.834039999999999964e+03,1.225398570311724521e-02
-1.833519999999999982e+03,1.227888422338733673e-02
-1.833000000000000000e+03,1.230380149663743393e-02
-1.832480000000000018e+03,1.232879510286750795e-02
-1.831960000000000036e+03,1.235384642313760474e-02
-1.831440000000000055e+03,1.237893544340769661e-02
-1.830920000000000073e+03,1.240412042327779067e-02
-1.830399999999999864e+03,1.242936186955786830e-02
-1.829880000000000109e+03,1.245468058982796347e-02
-1.829360000000000127e+03,1.248003698102806078e-02
-1.828839999999999918e+03,1.250546976229815511e-02
-1.828319999999999936e+03,1.253094046426823059e-02
-1.827799999999999955e+03,1.255652555546832479e-02
-1.827280000000000200e+03,1.258212992871842253e-02
-1.826759999999999764e+03,1.260779144898851664e-02
-1.826240000000000009e+03,1.263347219421859062e-02
-1.825720000000000027e+03,1.265928654215868997e-02
-1.825200000000000045e+03,1.268512042342878274e-02
-1.824679999999999836e+03,1.271110699071887652e-02
-1.824159999999999854e+03,1.273709318191897089e-02
-1.823640000000000100e+03,1.276317458388904862e-02
-1.823120000000000118e+03,1.278929450415914292e-02
-1.822599999999999909e+03,1.281547126342923865e-02
-1.822079999999999927e+03,1.284170575462933138e-02
-1.821559999999999945e+03,1.286799710256942945e-02
-1.821040000000000191e+03,1.289434622283952211e-02
-1.820519999999999982e+03,1.292078999713960202e-02
-1.820000000000000000e+03,1.294729138833969340e-02
-1.819480000000000018e+03,1.297385013627978811e-02
-1.818959999999999809e+03,1.300048560356988417e-02
-1.818440000000000055e+03,1.302719666283998039e-02
-1.817920000000000073e+03,1.305396551078007346e-02
-1.817400000000000091e+03,1.308079160198017017e-02
-1.816879999999999882e+03,1.310771276125026648e-02
-1.816359999999999900e+03,1.313469155621036118e-02
-1.815840000000000146e+03,1.316172777648045612e-02
-1.815320000000000164e+03,1.318882080668055262e-02
-1.814799999999999955e+03,1.321597080865062959e-02
-1.814279999999999973e+03,1.324315967594072267e-02
-1.813759999999999991e+03,1.327048146323082066e-02
-1.813240000000000236e+03,1.329782281117091076e-02
-1.812719999999999800e+03,1.332525951746100709e-02
-1.812200000000000045e+03,1.335271490866110113e-02
-1.811680000000000064e+03,1.338032369560119943e-02
-1.811160000000000082e+03,1.340793226289129295e-02
-1.810639999999999873e+03,1.343569334983138810e-02
-1.810119999999999891e+03,1.346347347010147869e-02
-1.809600000000000136e+03,1.349133037639157692e-02
-1.809079999999999927e+03,1.351922516333167387e-02
-1.808559999999999945e+03,1.354719612957176744e-02
-1.808039999999999964e+03,1.357520536248188123e-02
-1.807519999999999982e+03,1.360334842175197657e-02
-1.807000000000000000e+03,1.363152952804206827e-02
-1.806480000000000018e+03,1.365980577598216450e-02
-1.805960000000000036e+03,1.368813968227226147e-02
-1.805440000000000055e+03,1.371653059723235493e-02
-1.804919999999999845e+03,1.374499820352245369e-02
-1.804400000000000091e+03,1.377354136139254809e-02
-1.803880000000000109e+03,1.380218032868263910e-02
-1.803360000000000127e+03,1.383089541562273692e-02
-1.802839999999999918e+03,1.385966862191283407e-02
-1.802319999999999936e+03,1.388846080219294406e-02
-1.801800000000000182e+03,1.391738598913303850e-02
-1.801279999999999745e+03,1.394634969542313425e-02
-1.800759999999999991e+03,1.397540808236323422e-02
-1.800240000000000009e+03,1.400446728865332481e-02
-1.799720000000000027e+03,1.403367935063342016e-02
-1.799199999999999818e+03,1.406290995587353328e-02
-1.798679999999999836e+03,1.409229342883362712e-02
-1.798160000000000082e+03,1.412167686279372503e-02
-1.797640000000000100e+03,1.415115545008382297e-02
-1.797119999999999891e+03,1.418067258404392093e-02
-1.796599999999999909e+03,1.421038053630402885e-02
-1.796079999999999927e+03,1.424008836224412503e-02
-1.795560000000000173e+03,1.426983469655422089e-02
-1.795039999999999964e+03,1.429963783051431403e-02
-1.794519999999999982e+03,1.432959455370442711e-02
-1.794000000000000000e+03,1.435960782666452669e-02
-1.793480000000000018e+03,1.438971624162461993e-02
-1.792960000000000036e+03,1.441988231598471601e-02
-1.792440000000000055e+03,1.445008689591483104e-02
-1.791920000000000073e+03,1.448038613022492593e-02
-1.791399999999999864e+03,1.451076180318501725e-02
-1.790879999999999882e+03,1.454123375544513069e-02
-1.790360000000000127e+03,1.457176188138522774e-02
-1.789840000000000146e+03,1.460240544336532248e-02
-1.789319999999999936e+03,1.463308703462543915e-02
-1.788799999999999955e+03,1.466386380758553411e-02
-1.788279999999999973e+03,1.469465916956562770e-02
-1.787760000000000218e+03,1.472556996082574274e-02
-1.787239999999999782e+03,1.475651816180584101e-02
-1.786720000000000027e+03,1.478765814173594977e-02
-1.786200000000000045e+03,1.481881638702604344e-02
-1.785680000000000064e+03,1.485008928800614358e-02
-1.785159999999999854e+03,1.488136250693625554e-02
-1.784639999999999873e+03,1.491276851322635363e-02
-1.784120000000000118e+03,1.494421366017646691e-02
-1.783600000000000136e+03,1.497579213313655899e-02
-1.783079999999999927e+03,1.500740868148667251e-02
-1.782559999999999945e+03,1.503913995444676986e-02
-1.782039999999999964e+03,1.507090892740686749e-02
-1.781519999999999982e+03,1.510279322137697902e-02
-1.781000000000000000e+03,1.513475316666706809e-02
-1.780480000000000018e+03,1.516678991361718534e-02
-1.779960000000000036e+03,1.519890268657728138e-02
-1.779439999999999827e+03,1.523111127783739922e-02
-1.778920000000000073e+03,1.526337640788749152e-02
-1.778400000000000091e+03,1.529568037383760917e-02
-1.777880000000000109e+03,1.532811737481770166e-02
-1.777359999999999900e+03,1.536063159374781786e-02
-1.776839999999999918e+03,1.539324085202792985e-02
-1.776320000000000164e+03,1.542592597200802274e-02
-1.775800000000000182e+03,1.545870714802813350e-02
-1.775279999999999973e+03,1.549154472098822691e-02
-1.774759999999999991e+03,1.552449777926834945e-02
-1.774240000000000009e+03,1.555748849924844419e-02
-1.773720000000000255e+03,1.559067024619856245e-02
-1.773199999999999818e+03,1.562387113319867009e-02
-1.772680000000000064e+03,1.565716748119876794e-02
-1.772160000000000082e+03,1.569046383912888268e-02
-1.771639999999999873e+03,1.572393240542899542e-02
-1.771119999999999891e+03,1.575741941738908677e-02
-1.770599999999999909e+03,1.579107819340919844e-02
-1.770080000000000155e+03,1.582477549835931488e-02
-1.769559999999999945e+03,1.585860579933941195e-02
-1.769039999999999964e+03,1.589247550428952646e-02
-1.768519999999999982e+03,1.592645848030964026e-02
-1.768000000000000000e+03,1.596048016730973462e-02
-1.767480000000000018e+03,1.599461639756984827e-02
-1.766960000000000036e+03,1.602882893053996297e-02
-1.766440000000000055e+03,1.606311747854007738e-02
-1.765920000000000073e+03,1.609752116554017190e-02
-1.765399999999999864e+03,1.613201967049028920e-02
-1.764880000000000109e+03,1.616659475644039931e-02
-1.764360000000000127e+03,1.620118931848051752e-02
-1.763839999999999918e+03,1.623599319144061054e-02
-1.763319999999999936e+03,1.627085462441072577e-02
-1.762799999999999955e+03,1.630579245843084141e-02
-1.762280000000000200e+03,1.634076864438095689e-02
-1.761759999999999764e+03,1.637591657735106704e-02
-1.761240000000000009e+03,1.641110236540116452e-02
-1.760720000000000027e+03,1.644642185135127693e-02
-1.760200000000000045e+03,1.648176082332139525e-02
-1.759679999999999836e+03,1.651725205734150617e-02
-1.759159999999999854e+03,1.655276289031161821e-02
-1.758640000000000100e+03,1.658846422328173406e-02
-1.758120000000000118e+03,1.662418431028184901e-02
-1.757599999999999909e+03,1.666003859728194467e-02
-1.757079999999999927e+03,1.669595006925205655e-02
-1.756559999999999945e+03,1.673203293129216576e-02
-1.756040000000000191e+03,1.676813483624227732e-02
-1.755519999999999982e+03,1.680437103728239789e-02
-1.755000000000000000e+03,1.684064502323251444e-02
-1.754480000000000018e+03,1.687703342818262786e-02
-1.753959999999999809e+03,1.691351742922274012e-02
-1.753440000000000055e+03,1.695009686219284967e-02
-1.752920000000000073e+03,1.698677186323296895e-02
-1.752400000000000091e+03,1.702352269585308622e-02
-1.751879999999999882e+03,1.706040776782319704e-02
-1.751359999999999900e+03,1.709735016886330602e-02
-1.750840000000000146e+03,1.713446390183341952e-02
-1.750320000000000164e+03,1.717161587485354149e-02
-1.749799999999999955e+03,1.720890154682365447e-02
-1.749279999999999973e+03,1.724622540886376620e-02
-1.748759999999999991e+03,1.728368332785387707e-02
-1.748240000000000236e+03,1.732115955656399545e-02
-1.747719999999999800e+03,1.735884630051411082e-02
-1.747200000000000045e+03,1.739653256255422123e-02
-1.746680000000000064e+03,1.743442893452433820e-02
-1.746160000000000082e+03,1.747232565246447517e-02
-1.745639999999999873e+03,1.751039398117458512e-02
-1.745119999999999891e+03,1.754848120016470198e-02
-1.744600000000000136e+03,1.758674047318481079e-02
-1.744079999999999927e+03,1.762503797422492260e-02
-1.743559999999999945e+03,1.766352594619503835e-02
-1.743039999999999964e+03,1.770205252192515524e-02
-1.742519999999999982e+03,1.774073183986528759e-02
-1.742000000000000000e+03,1.777946814090539812e-02
-1.741480000000000018e+03,1.781831889889551671e-02
-1.740960000000000036e+03,1.785722712760563075e-02
-1.740440000000000055e+03,1.789621167155575066e-02
-1.739919999999999845e+03,1.793534926558587941e-02
-1.739400000000000091e+03,1.797460077655598995e-02
-1.738880000000000109e+03,1.801396690526610792e-02
-1.738360000000000127e+03,1.805337155332621679e-02
-1.737839999999999918e+03,1.809296721026635787e-02
-1.737319999999999936e+03,1.813263878599646883e-02
-1.736800000000000182e+03,1.817242509696657959e-02
-1.736279999999999745e+03,1.821226939099671385e-02
-1.735759999999999991e+03,1.825222715870682480e-02
-1.735240000000000009e+03,1.829220427769694124e-02
-1.734720000000000027e+03,1.833244886370707580e-02
-1.734199999999999818e+03,1.837269341036718712e-02
-1.733679999999999836e+03,1.841314759742730331e-02
-1.733160000000000082e+03,1.845362141110743967e-02
-1.732640000000000100e+03,1.849422836909755258e-02
-1.732119999999999891e+03,1.853489227013766644e-02
-1.731599999999999909e+03,1.857576703083779757e-02
-1.731079999999999927e+03,1.861667958882791060e-02
-1.730560000000000173e+03,1.865770680250804225e-02
-1.730039999999999964e+03,1.869881038956815872e-02
-1.729519999999999982e+03,1.874004749352829388e-02
-1.729000000000000000e+03,1.878137976925840433e-02
-1.728480000000000018e+03,1.882288360929852342e-02
-1.727960000000000036e+03,1.886446454092865696e-02
-1.727440000000000055e+03,1.890612156698876292e-02
-1.726920000000000073e+03,1.894793172768889991e-02
-1.726399999999999864e+03,1.898983651474901377e-02
-1.725879999999999882e+03,1.903185642737914920e-02
-1.725360000000000127e+03,1.907393311443926487e-02
-1.724840000000000146e+03,1.911620117513939884e-02
-1.724319999999999936e+03,1.915852654716952708e-02
-1.723799999999999955e+03,1.920104253282964302e-02
-1.723279999999999973e+03,1.924357796585977540e-02
-1.722760000000000218e+03,1.928626538058988635e-02
-1.722239999999999782e+03,1.932897275262002515e-02
-1.721720000000000027e+03,1.937190846630013757e-02
-1.721200000000000045e+03,1.941488273833027328e-02
-1.720680000000000064e+03,1.945810479903040124e-02
-1.720159999999999854e+03,1.950134615276051531e-02
-1.719639999999999873e+03,1.954472148579064830e-02
-1.719120000000000118e+03,1.958815418444078554e-02
-1.718600000000000136e+03,1.963179611050089313e-02
-1.718079999999999927e+03,1.967549601822102950e-02
-1.717559999999999945e+03,1.971934841792116408e-02
-1.717039999999999964e+03,1.976327684398128393e-02
-1.716519999999999982e+03,1.980732023270141001e-02
-1.716000000000000000e+03,1.985149680333154684e-02
-1.715480000000000018e+03,1.989580757536167990e-02
-1.714960000000000036e+03,1.994023247611178759e-02
-1.714439999999999827e+03,1.998477200383192570e-02
-1.713920000000000073e+03,2.002942607586205570e-02
-1.713400000000000091e+03,2.007417892258219275e-02
-1.712880000000000109e+03,2.011908097631230630e-02
-1.712359999999999900e+03,2.016409797636243770e-02
-1.711839999999999918e+03,2.020924852308257288e-02
-1.711320000000000164e+03,2.025445599371270347e-02
-1.710800000000000182e+03,2.029981629376283875e-02
-1.710279999999999973e+03,2.034525334048296885e-02
-1.709759999999999991e+03,2.039089983321308586e-02
-1.709240000000000009e+03,2.043656560795322277e-02
-1.708720000000000255e+03,2.048249890765335354e-02
-1.708199999999999818e+03,2.052845116570348530e-02
-1.707680000000000064e+03,2.057459409342361767e-02
-1.707160000000000082e+03,2.062077554014374661e-02
-1.706639999999999873e+03,2.066718587884388419e-02
-1.706119999999999891e+03,2.071363422591401479e-02
-1.705599999999999909e+03,2.076025501163415027e-02
-1.705080000000000155e+03,2.080695183935428808e-02
-1.704559999999999945e+03,2.085382042507441872e-02
-1.704039999999999964e+03,2.090078453881454718e-02
-1.703519999999999982e+03,2.094786233851468615e-02
-1.703000000000000000e+03,2.099507472423481347e-02
-1.702480000000000018e+03,2.104242081030495079e-02
-1.701960000000000036e+03,2.108989974900508241e-02
-1.701440000000000055e+03,2.113751322374521346e-02
-1.700920000000000073e+03,2.118527900946535342e-02
-1.700399999999999864e+03,2.123314032320548425e-02
-1.699880000000000109e+03,2.128115390892561590e-02
-1.699360000000000127e+03,2.132924407564574729e-02
-1.698839999999999918e+03,2.137750649043588386e-02
-1.698319999999999936e+03,2.142586425014603169e-02
-1.697799999999999955e+03,2.147441263586616356e-02
-1.697280000000000200e+03,2.152301834960630017e-02
-1.696759999999999764e+03,2.157179593532643908e-02
-1.696240000000000009e+03,2.162061128806656851e-02
-1.695720000000000027e+03,2.166973267378669715e-02
-1.695200000000000045e+03,2.171887303349685425e-02
-1.694679999999999836e+03,2.176820455821698239e-02
-1.694159999999999854e+03,2.181757380102711599e-02
-1.693640000000000100e+03,2.186717221476724982e-02
-1.693120000000000118e+03,2.191682743948738729e-02
-1.692599999999999909e+03,2.196673179919754124e-02
-1.692079999999999927e+03,2.201671172391766670e-02
-1.691559999999999945e+03,2.206682618467779855e-02
-1.691040000000000191e+03,2.211703571245795738e-02
-1.690519999999999982e+03,2.216741669817808708e-02
-1.690000000000000000e+03,2.221791235091822095e-02
-1.689480000000000018e+03,2.226856062160836869e-02
-1.688959999999999809e+03,2.231936225043850905e-02
-1.688440000000000055e+03,2.237031526417863903e-02
-1.687920000000000073e+03,2.242138376253878865e-02
-1.687400000000000091e+03,2.247254776229892434e-02
-1.686879999999999882e+03,2.252392151503905537e-02
-1.686359999999999900e+03,2.257541024281920980e-02
-1.685840000000000146e+03,2.262703261455934617e-02
-1.685320000000000164e+03,2.267873091326949239e-02
-1.684799999999999955e+03,2.273065846976962331e-02
-1.684279999999999973e+03,2.278266234045978056e-02
-1.683759999999999991e+03,2.283489544021991349e-02
-1.683240000000000236e+03,2.288716677793006110e-02
-1.682719999999999800e+03,2.293972410676019952e-02
-1.682200000000000045e+03,2.299230050512035203e-02
-1.681680000000000064e+03,2.304508700488048720e-02
-1.681160000000000082e+03,2.309791177166063345e-02
-1.680639999999999873e+03,2.315100387142076874e-02
-1.680119999999999891e+03,2.320417278382091997e-02
-1.679600000000000136e+03,2.325758873761105128e-02
-1.679079999999999927e+03,2.331104362234120292e-02
-1.678559999999999945e+03,2.336467092481136348e-02
-1.678039999999999964e+03,2.341841161655149051e-02
-1.677519999999999982e+03,2.347234396228164294e-02
-1.677000000000000000e+03,2.352640925778178016e-02
-1.676480000000000018e+03,2.358064671449193114e-02
-1.675960000000000036e+03,2.363503752829207785e-02
-1.675440000000000055e+03,2.368954205467223295e-02
-1.674919999999999845e+03,2.374419939343237057e-02
-1.674400000000000091e+03,2.379897170723251770e-02
-1.673880000000000109e+03,2.385395361963266875e-02
-1.673360000000000127e+03,2.390903118746280642e-02
-1.672839999999999918e+03,2.396435689986295761e-02
-1.672319999999999936e+03,2.401973991366310873e-02
-1.671800000000000182e+03,2.407535209839325313e-02
-1.671279999999999745e+03,2.413102130487339292e-02
-1.670759999999999991e+03,2.418695818960354613e-02
-1.670240000000000009e+03,2.424293283107369773e-02
-1.669720000000000027e+03,2.429919391580384613e-02
-1.669199999999999818e+03,2.435549329627400422e-02
-1.668679999999999836e+03,2.441204122802415402e-02
-1.668160000000000082e+03,2.446862706949430588e-02
-1.667640000000000100e+03,2.452549904725444263e-02
-1.667119999999999891e+03,2.458240908872458969e-02
-1.666599999999999909e+03,2.463958651245473988e-02
-1.666079999999999927e+03,2.469684126796489743e-02
-1.665560000000000173e+03,2.475426650943505016e-02
-1.665039999999999964e+03,2.481180683316519878e-02
-1.664519999999999982e+03,2.486955766065535381e-02
-1.664000000000000000e+03,2.492746034538550343e-02
-1.663480000000000018e+03,2.498559232585565240e-02
-1.662960000000000036e+03,2.504383922567580967e-02
-1.662440000000000055e+03,2.510220037707595886e-02
-1.661920000000000073e+03,2.516077200456610929e-02
-1.661399999999999864e+03,2.521945782829626559e-02
-1.660879999999999882e+03,2.527835365578641122e-02
-1.660360000000000127e+03,2.533736376427656728e-02
-1.659840000000000146e+03,2.539658423502672013e-02
-1.659319999999999936e+03,2.545589976146689359e-02
-1.658799999999999955e+03,2.551552142795704414e-02
-1.658279999999999973e+03,2.557519982637718875e-02
-1.657760000000000218e+03,2.563512667917734050e-02
-1.657239999999999782e+03,2.569505347368749443e-02
-1.656720000000000027e+03,2.575530490117764609e-02
-1.656200000000000045e+03,2.581557521789782164e-02
-1.655680000000000064e+03,2.587620833736797160e-02
-1.655159999999999854e+03,2.593686043187812609e-02
-1.654639999999999873e+03,2.599779895936828178e-02
-1.654120000000000118e+03,2.605879564275844634e-02
-1.653600000000000136e+03,2.612005884257860219e-02
-1.653079999999999927e+03,2.618139853708875697e-02
-1.652559999999999945e+03,2.624294745655889743e-02
-1.652039999999999964e+03,2.630464983994908190e-02
-1.651519999999999982e+03,2.636658113445923199e-02
-1.651000000000000000e+03,2.642864610094938435e-02
-1.650480000000000018e+03,2.649088331340954117e-02
-1.649960000000000036e+03,2.655331118024971751e-02
-1.649439999999999827e+03,2.661592989270988169e-02
-1.648920000000000073e+03,2.667872047715002387e-02
-1.648400000000000091e+03,2.674164447166018158e-02
-1.647880000000000109e+03,2.680475978412035984e-02
-1.647359999999999900e+03,2.686800848961050370e-02
-1.646839999999999918e+03,2.693150533009068190e-02
-1.646320000000000164e+03,2.699511689658082650e-02
-1.645800000000000182e+03,2.705895792308098818e-02
-1.645279999999999973e+03,2.712287408957115079e-02
-1.644759999999999991e+03,2.718717316905131659e-02
-1.644240000000000009e+03,2.725151035349147183e-02
-1.643720000000000255e+03,2.731609543297164322e-02
-1.643199999999999818e+03,2.738069973846178964e-02
-1.642680000000000064e+03,2.744572439794196184e-02
-1.642160000000000082e+03,2.751076787742214383e-02
-1.641639999999999873e+03,2.757609732993228716e-02
-1.641119999999999891e+03,2.764148460941245888e-02
-1.640599999999999909e+03,2.770717733591262708e-02
-1.640080000000000155e+03,2.777296486907277970e-02
-1.639559999999999945e+03,2.783896319557295149e-02
-1.639039999999999964e+03,2.790513339405311516e-02
-1.638519999999999982e+03,2.797155072756327826e-02
-1.638000000000000000e+03,2.803810292604344903e-02
-1.637480000000000018e+03,2.810484530552362706e-02
-1.636960000000000036e+03,2.817179813202379257e-02
-1.636440000000000055e+03,2.823894168027394486e-02
-1.635920000000000073e+03,2.830629560677410186e-02
-1.635399999999999864e+03,2.837376360525428395e-02
-1.634880000000000109e+03,2.844146052373445685e-02
-1.634360000000000127e+03,2.850931057790462644e-02
-1.633839999999999918e+03,2.857744676941478476e-02
-1.633319999999999936e+03,2.864569793491494876e-02
-1.632799999999999955e+03,2.871421596141512239e-02
-1.632280000000000200e+03,2.878277272656528524e-02
-1.631759999999999764e+03,2.885171102113547048e-02
-1.631240000000000009e+03,2.892070658663564720e-02
-1.630720000000000027e+03,2.899004597980580841e-02
-1.630200000000000045e+03,2.905940387828597968e-02
-1.629679999999999836e+03,2.912912478278615117e-02
-1.629159999999999854e+03,2.919888440502631938e-02
-1.628640000000000100e+03,2.926896817052648814e-02
-1.628120000000000118e+03,2.933912865502665696e-02
-1.627599999999999909e+03,2.940963214819682786e-02
-1.627079999999999927e+03,2.948023161369700204e-02
-1.626559999999999945e+03,2.955109807493717586e-02
-1.626040000000000191e+03,2.962211758745734655e-02
-1.625519999999999982e+03,2.969340415260751306e-02
-1.625000000000000000e+03,2.976484308617768915e-02
-1.624480000000000018e+03,2.983649324466788530e-02
-1.623959999999999809e+03,2.990833327683805470e-02
-1.623440000000000055e+03,2.998034552835822375e-02
-1.622920000000000073e+03,3.005260575059838860e-02
-1.622400000000000091e+03,3.012503822978855605e-02
-1.621879999999999882e+03,3.019773758025876345e-02
-1.621359999999999900e+03,3.027058978851892429e-02
-1.620840000000000146e+03,3.034372809301909280e-02
-1.620320000000000164e+03,3.041694317220926605e-02
-1.619799999999999955e+03,3.049050239876946108e-02
-1.619279999999999973e+03,3.056413730291962852e-02
-1.618759999999999991e+03,3.063813501117980398e-02
-1.618240000000000236e+03,3.071219030866998920e-02
-1.617719999999999800e+03,3.078660821693017177e-02
-1.617200000000000045e+03,3.086104526314032218e-02
-1.616680000000000064e+03,3.093594011361051888e-02
-1.616160000000000082e+03,3.101087322187068979e-02
-1.615639999999999873e+03,3.108613188603088009e-02
-1.615119999999999891e+03,3.116146606662105814e-02
-1.614600000000000136e+03,3.123714393078124568e-02
-1.614079999999999927e+03,3.131293657804141289e-02
-1.613559999999999945e+03,3.138903460320160294e-02
-1.613039999999999964e+03,3.146526602279178103e-02
-1.612519999999999982e+03,3.154178428695196545e-02
-1.612000000000000000e+03,3.161849323421214025e-02
-1.611480000000000018e+03,3.169547027341233086e-02
-1.610960000000000036e+03,3.177263712067249918e-02
-1.610440000000000055e+03,3.184999528623268933e-02
-1.609919999999999845e+03,3.192760175039287968e-02
-1.609400000000000091e+03,3.200541834467305474e-02
-1.608880000000000109e+03,3.208348273685324159e-02
-1.608360000000000127e+03,3.216166173008342538e-02
-1.607839999999999918e+03,3.224024236336361232e-02
-1.607319999999999936e+03,3.231893702752380165e-02
-1.606800000000000182e+03,3.239795645975399041e-02
-1.606279999999999745e+03,3.247701389895418789e-02
-1.605759999999999991e+03,3.255651045754433953e-02
-1.605240000000000009e+03,3.263604539779453584e-02
-1.604720000000000027e+03,3.271600057599472616e-02
-1.604199999999999818e+03,3.279599310822491759e-02
-1.603679999999999836e+03,3.287640668747510847e-02
-1.603160000000000082e+03,3.295689550175527616e-02
-1.602640000000000100e+03,3.303774784060547337e-02
-1.602119999999999891e+03,3.311869571985565780e-02
-1.601599999999999909e+03,3.320000606612584504e-02
-1.601079999999999927e+03,3.328145019835603707e-02
-1.600560000000000173e+03,3.336323797655622869e-02
-1.600039999999999964e+03,3.344517905580641354e-02
-1.599519999999999982e+03,3.352738653505659555e-02
-1.599000000000000000e+03,3.360980468132679366e-02
-1.598480000000000018e+03,3.369247056057698281e-02
-1.597960000000000036e+03,3.377540440544717776e-02
-1.597440000000000055e+03,3.385854778469736537e-02
-1.596920000000000073e+03,3.394197773096755549e-02
-1.596399999999999864e+03,3.402560101021775280e-02
-1.595879999999999882e+03,3.410954665648794487e-02
-1.595360000000000127e+03,3.419362584837815772e-02
-1.594840000000000146e+03,3.427806794166833593e-02
-1.594319999999999936e+03,3.436262375886852544e-02
-1.593799999999999955e+03,3.444752387711871866e-02
-1.593279999999999973e+03,3.453249995105890646e-02
-1.592760000000000218e+03,3.461795416229912492e-02
-1.592239999999999782e+03,3.470344590856930950e-02
-1.591720000000000027e+03,3.478939642952950939e-02
-1.591200000000000045e+03,3.487540388677969755e-02
-1.590680000000000064e+03,3.496188870668989757e-02
-1.590159999999999854e+03,3.504844993898009048e-02
-1.589639999999999873e+03,3.513535490425027941e-02
-1.589120000000000118e+03,3.522237456316049120e-02
-1.588600000000000136e+03,3.530979475645067839e-02
-1.588079999999999927e+03,3.539736778734088596e-02
-1.587559999999999945e+03,3.548526601963108290e-02
-1.587039999999999964e+03,3.557337387959125935e-02
-1.586519999999999982e+03,3.566178714792148097e-02
-1.586000000000000000e+03,3.575042893284166579e-02
-1.585480000000000018e+03,3.583932021110187993e-02
-1.584960000000000036e+03,3.592847811006207037e-02
-1.584439999999999827e+03,3.601790368832227113e-02
-1.583920000000000073e+03,3.610763439425249133e-02
-1.583400000000000091e+03,3.619757479852266785e-02
-1.582880000000000109e+03,3.628782124345287380e-02
-1.582359999999999900e+03,3.637823923248307417e-02
-1.581839999999999918e+03,3.646903951074327577e-02
-1.581320000000000164e+03,3.655997305567348921e-02
-1.580800000000000182e+03,3.665128825463368628e-02
-1.580279999999999973e+03,3.674269923289389533e-02
-1.579759999999999991e+03,3.683462635391410167e-02
-1.579240000000000009e+03,3.692661039884431035e-02
-1.578720000000000255e+03,3.701905197013449778e-02
-1.578199999999999818e+03,3.711153246208471340e-02
-1.577680000000000064e+03,3.720454743608492265e-02
-1.577160000000000082e+03,3.729763878101513552e-02
-1.576639999999999873e+03,3.739113107296533622e-02
-1.576119999999999891e+03,3.748475687332553097e-02
-1.575599999999999909e+03,3.757882220427573999e-02
-1.575080000000000155e+03,3.767303994920594840e-02
-1.574559999999999945e+03,3.776762050922614911e-02
-1.574039999999999964e+03,3.786241110117635755e-02
-1.573519999999999982e+03,3.795752658510657962e-02
-1.573000000000000000e+03,3.805289020612678125e-02
-1.572480000000000018e+03,3.814857853707698948e-02
-1.571960000000000036e+03,3.824455292511719923e-02
-1.571440000000000055e+03,3.834075608137740843e-02
-1.570920000000000073e+03,3.843728434139762756e-02
-1.570399999999999864e+03,3.853402267234783823e-02
-1.569880000000000109e+03,3.863114303236803854e-02
-1.569360000000000127e+03,3.872845423730826575e-02
-1.568839999999999918e+03,3.882614712499847520e-02
-1.568319999999999936e+03,3.892399279494868775e-02
-1.567799999999999955e+03,3.902229635496890642e-02
-1.567280000000000200e+03,3.912069591393910889e-02
-1.566759999999999764e+03,3.921963050594932942e-02
-1.566240000000000009e+03,3.931860307589954417e-02
-1.565720000000000027e+03,3.941816676393974928e-02
-1.565200000000000045e+03,3.951775037985998107e-02
-1.564679999999999836e+03,3.961783012590019276e-02
-1.564159999999999854e+03,3.971800558061040765e-02
-1.563640000000000100e+03,3.981869649653062976e-02
-1.563120000000000118e+03,3.991952064257083682e-02
-1.562599999999999909e+03,4.002074556961104229e-02
-1.562079999999999927e+03,4.012216216022126969e-02
-1.561559999999999945e+03,4.022401788726148730e-02
-1.561040000000000191e+03,4.032606481827169520e-02
-1.560519999999999982e+03,4.042845469093191840e-02
-1.560000000000000000e+03,4.053111197492215156e-02
-1.559480000000000018e+03,4.063411304898235932e-02
-1.558959999999999809e+03,4.073742007859258024e-02
-1.558440000000000055e+03,4.084099453762281284e-02
-1.557920000000000073e+03,4.094496918366302002e-02
-1.557400000000000091e+03,4.104917347036324271e-02
-1.556879999999999882e+03,4.115375920137347848e-02
-1.556359999999999900e+03,4.125855521303367635e-02
-1.555840000000000146e+03,4.136377177206391337e-02
-1.555320000000000164e+03,4.146912156974413843e-02
-1.554799999999999955e+03,4.157500578280434733e-02
-1.554279999999999973e+03,4.168098586950458317e-02
-1.553759999999999991e+03,4.178750020051479747e-02
-1.553240000000000236e+03,4.189405282621503496e-02
-1.552719999999999800e+03,4.200129337126525669e-02
-1.552200000000000045e+03,4.210857170087549395e-02
-1.551680000000000064e+03,4.221638458060569810e-02
-1.551160000000000082e+03,4.232429312565592905e-02
-1.550639999999999873e+03,4.243271705135615718e-02
-1.550119999999999891e+03,4.254131322407638666e-02
-1.549600000000000136e+03,4.265036739408661209e-02
-1.549079999999999927e+03,4.275963156680682997e-02
-1.548559999999999945e+03,4.286931559250706930e-02
-1.548039999999999964e+03,4.297924826522729613e-02
-1.547519999999999982e+03,4.308956294927752950e-02
-1.547000000000000000e+03,4.320018272094777040e-02
-1.546480000000000018e+03,4.331112726173800415e-02
-1.545960000000000036e+03,4.342241550643823056e-02
-1.545440000000000055e+03,4.353399031815845949e-02
-1.544919999999999845e+03,4.364598480220868021e-02
-1.544400000000000091e+03,4.375822761392891835e-02
-1.543880000000000109e+03,4.387091007161915412e-02
-1.543360000000000127e+03,4.398380228333939601e-02
-1.542839999999999918e+03,4.409719112412962411e-02
-1.542319999999999936e+03,4.421075118181986424e-02
-1.541800000000000182e+03,4.432484619354008781e-02
-1.541279999999999745e+03,4.443903708030032262e-02
-1.540759999999999991e+03,4.455385827699057111e-02
-1.540240000000000009e+03,4.466871681778079861e-02
-1.539720000000000027e+03,4.478426331552102374e-02
-1.539199999999999818e+03,4.489986711221127108e-02
-1.538679999999999836e+03,4.501602449200149680e-02
-1.538160000000000082e+03,4.513231569671173615e-02
-1.537640000000000100e+03,4.524921782247196683e-02
-1.537119999999999891e+03,4.536627277590222357e-02
-1.536599999999999909e+03,4.548380505861247119e-02
-1.536079999999999927e+03,4.560156630933270144e-02
-1.535560000000000173e+03,4.571982438211294464e-02
-1.535039999999999964e+03,4.583833075384319278e-02
-1.534519999999999982e+03,4.595721831825342468e-02
-1.534000000000000000e+03,4.607645053003365382e-02
-1.533480000000000018e+03,4.619606370176392030e-02
-1.532960000000000036e+03,4.631605909524414560e-02
-1.532440000000000055e+03,4.643636037795439292e-02
-1.531920000000000073e+03,4.655708141775464354e-02
-1.531399999999999864e+03,4.667807032813488938e-02
-1.530879999999999882e+03,4.679955486793512670e-02
-1.530360000000000127e+03,4.692126905064537140e-02
-1.529840000000000146e+03,4.704355579009562860e-02
-1.529319999999999936e+03,4.716599533094586322e-02
-1.528799999999999955e+03,4.728900788032610464e-02
-1.528279999999999973e+03,4.741213502012636000e-02
-1.527760000000000218e+03,4.753593051652659635e-02
-1.527239999999999782e+03,4.765980209532684475e-02
-1.526720000000000027e+03,4.778438105578711181e-02
-1.526200000000000045e+03,4.790903517749735274e-02
-1.525680000000000064e+03,4.803433963098759779e-02
-1.525159999999999854e+03,4.815977725645785579e-02
-1.524639999999999873e+03,4.828576829220809774e-02
-1.524120000000000118e+03,4.841195049867834388e-02
-1.523600000000000136e+03,4.853874422414859030e-02
-1.523079999999999927e+03,4.866574793493885775e-02
-1.522559999999999945e+03,4.879326695935910785e-02
-1.522039999999999964e+03,4.892107202382935810e-02
-1.521519999999999982e+03,4.904931672328961129e-02
-1.521000000000000000e+03,4.917792398810986315e-02
-1.520480000000000018e+03,4.930695148060012384e-02
-1.519960000000000036e+03,4.943638041906037173e-02
-1.519439999999999827e+03,4.956613350148064007e-02
-1.518920000000000073e+03,4.969638323994089724e-02
-1.518400000000000091e+03,4.982693777143112901e-02
-1.517880000000000109e+03,4.995801152924141120e-02
-1.517359999999999900e+03,5.008929236073165342e-02
-1.516839999999999918e+03,5.022120364621191629e-02
-1.516320000000000164e+03,5.035332437770216607e-02
-1.515800000000000182e+03,5.048605650218243590e-02
-1.515279999999999973e+03,5.061890284064270856e-02
-1.514759999999999991e+03,5.075243681915295180e-02
-1.514240000000000009e+03,5.088600934363321504e-02
-1.513720000000000255e+03,5.102042183478348869e-02
-1.513199999999999818e+03,5.115491081224375625e-02
-1.512680000000000064e+03,5.129016279075398338e-02
-1.512160000000000082e+03,5.142552975423425599e-02
-1.511639999999999873e+03,5.156150837871453091e-02
-1.511119999999999891e+03,5.169769667126478119e-02
-1.510599999999999909e+03,5.183449650943505044e-02
-1.510080000000000155e+03,5.197156333391532435e-02
-1.509559999999999945e+03,5.210916449739558254e-02
-1.509039999999999964e+03,5.224707128889585772e-02
-1.508519999999999982e+03,5.238545595613612604e-02
-1.508000000000000000e+03,5.252425995861637747e-02
-1.507480000000000018e+03,5.266354142209665051e-02
-1.506960000000000036e+03,5.280324348828693143e-02
-1.506440000000000055e+03,5.294328851983716444e-02
-1.505920000000000073e+03,5.308385009700743867e-02
-1.505399999999999864e+03,5.322467853552769607e-02
-1.504880000000000109e+03,5.336615644071800862e-02
-1.504360000000000127e+03,5.350788259021826282e-02
-1.503839999999999918e+03,5.365025769540852918e-02
-1.503319999999999936e+03,5.379282377397879428e-02
-1.502799999999999955e+03,5.393611606413908216e-02
-1.502280000000000200e+03,5.407950344270934934e-02
-1.501759999999999764e+03,5.422369289386964192e-02
-1.501240000000000009e+03,5.436793933910991777e-02
-1.500720000000000027e+03,5.451306435563015723e-02
-1.500200000000000045e+03,5.465826560784047689e-02
-1.499679999999999836e+03,5.480423089905071821e-02
-1.499159999999999854e+03,5.495032986259099084e-02
-1.498640000000000100e+03,5.509713470678126446e-02
-1.498120000000000118e+03,5.524415041203156046e-02
-1.497599999999999909e+03,5.539183417417185840e-02
-1.497079999999999927e+03,5.553980449445210937e-02
-1.496559999999999945e+03,5.568838602501239438e-02
-1.496040000000000191e+03,5.583731117317267817e-02
-1.495519999999999982e+03,5.598677113942295697e-02
-1.495000000000000000e+03,5.613666975168322276e-02
-1.494480000000000018e+03,5.628700782786352080e-02
-1.493959999999999809e+03,5.643786210509381396e-02
-1.493440000000000055e+03,5.658909741034409691e-02
-1.492920000000000073e+03,5.674090625459436710e-02
-1.492400000000000091e+03,5.689302013077466441e-02
-1.491879999999999882e+03,5.704582163602495148e-02
-1.491359999999999900e+03,5.719889092729521507e-02
-1.490840000000000146e+03,5.735266607154551610e-02
-1.490320000000000164e+03,5.750661314346581371e-02
-1.489799999999999955e+03,5.766138148771608740e-02
-1.489279999999999973e+03,5.781628384991637642e-02
-1.488759999999999991e+03,5.797202579416666640e-02
-1.488240000000000236e+03,5.812782538543692645e-02
-1.487719999999999800e+03,5.828456090437722503e-02
-1.487200000000000045e+03,5.844137283359751578e-02
-1.486680000000000064e+03,5.859904376386781272e-02
-1.486160000000000082e+03,5.875686748280811722e-02
-1.485639999999999873e+03,5.891547381307837838e-02
-1.485119999999999891e+03,5.907432896996869104e-02
-1.484600000000000136e+03,5.923387120023897168e-02
-1.484079999999999927e+03,5.939373850449929798e-02
-1.483559999999999945e+03,5.955421657752955206e-02
-1.483039999999999964e+03,5.971511475376987954e-02
-1.482519999999999982e+03,5.987660475071016064e-02
-1.482000000000000000e+03,6.003853388264044494e-02
-1.481480000000000018e+03,6.020096009893073641e-02
-1.480960000000000036e+03,6.036390154184104878e-02
-1.480440000000000055e+03,6.052728231417135035e-02
-1.479919999999999845e+03,6.069131195813162044e-02
-1.479400000000000091e+03,6.085572397608194489e-02
-1.478880000000000109e+03,6.102080413032225786e-02
-1.478360000000000127e+03,6.118615207734254963e-02
-1.477839999999999918e+03,6.135228226030282200e-02
-1.477319999999999936e+03,6.151862341725313627e-02
-1.476800000000000182e+03,6.168588048923343004e-02
-1.476279999999999745e+03,6.185327111851374876e-02
-1.475759999999999991e+03,6.202154072353407294e-02
-1.475240000000000009e+03,6.218990501948436223e-02
-1.474720000000000027e+03,6.235928207643465920e-02
-1.474199999999999818e+03,6.252875413443495511e-02
-1.473679999999999836e+03,6.269912393038526432e-02
-1.473160000000000082e+03,6.286966600242556436e-02
-1.472640000000000100e+03,6.304108627035588663e-02
-1.472119999999999891e+03,6.321275474239616832e-02
-1.471599999999999909e+03,6.338522491338650922e-02
-1.471079999999999927e+03,6.355800118402679666e-02
-1.470560000000000173e+03,6.373146418102709765e-02
-1.470039999999999964e+03,6.390536720896743128e-02
-1.469519999999999982e+03,6.407991878100774419e-02
-1.469000000000000000e+03,6.425496749204805125e-02
-1.468480000000000018e+03,6.443056994765836154e-02
-1.467960000000000036e+03,6.460672595869865198e-02
-1.467440000000000055e+03,6.478330201570899061e-02
-1.466920000000000073e+03,6.496060355441929390e-02
-1.466399999999999864e+03,6.513828738235960536e-02
-1.465879999999999882e+03,6.531675437941991680e-02
-1.465360000000000127e+03,6.549554556410025485e-02
-1.464840000000000146e+03,6.567515840713057662e-02
-1.464319999999999936e+03,6.585498018484088611e-02
-1.463799999999999955e+03,6.603575812787118582e-02
-1.463279999999999973e+03,6.621668805050151541e-02
-1.462760000000000218e+03,6.639864922120183865e-02
-1.462239999999999782e+03,6.658070551826215933e-02
-1.461720000000000027e+03,6.676383232796248568e-02
-1.461200000000000045e+03,6.694707323766280194e-02
-1.460680000000000064e+03,6.713128770871311379e-02
-1.460159999999999854e+03,6.731571231841344816e-02
-1.459639999999999873e+03,6.750109482811376960e-02
-1.459120000000000118e+03,6.768674189490408999e-02
-1.458600000000000136e+03,6.787315241593441795e-02
-1.458079999999999927e+03,6.805996474664476048e-02
-1.457559999999999945e+03,6.824757859534509585e-02
-1.457039999999999964e+03,6.843565033306539536e-02
-1.456519999999999982e+03,6.862437182878573794e-02
-1.456000000000000000e+03,6.881364728159605759e-02
-1.455480000000000018e+03,6.900349517626640228e-02
-1.454960000000000036e+03,6.919401163900670837e-02
-1.454439999999999827e+03,6.938502498069706870e-02
-1.453920000000000073e+03,6.957678243350737257e-02
-1.453400000000000091e+03,6.976894149624769670e-02
-1.452880000000000109e+03,6.996194077693804192e-02
-1.452359999999999900e+03,7.015524489641837558e-02
-1.451839999999999918e+03,7.034952340512869162e-02
-1.451320000000000164e+03,7.054403148992904882e-02
-1.450800000000000182e+03,7.073960792464938085e-02
-1.450279999999999973e+03,7.093531900002973678e-02
-1.449759999999999991e+03,7.113213772383006339e-02
-1.449240000000000009e+03,7.132903243359037249e-02
-1.448720000000000255e+03,7.152711093804073328e-02
-1.448199999999999818e+03,7.172530436184108849e-02
-1.447680000000000064e+03,7.192452922324141240e-02
-1.447160000000000082e+03,7.212398274704176493e-02
-1.446639999999999873e+03,7.232450586944209892e-02
-1.446119999999999891e+03,7.252533463224242194e-02
-1.445599999999999909e+03,7.272700332271278545e-02
-1.445080000000000155e+03,7.292911178411312645e-02
-1.444559999999999945e+03,7.313204054691346823e-02
-1.444039999999999964e+03,7.333546678440380773e-02
-1.443519999999999982e+03,7.353959887487414304e-02
-1.443000000000000000e+03,7.374438112535451617e-02
-1.442480000000000018e+03,7.394981149808485532e-02
-1.441960000000000036e+03,7.415592983557518780e-02
-1.441440000000000055e+03,7.436258335803555553e-02
-1.440920000000000073e+03,7.457003880154591813e-02
-1.440399999999999864e+03,7.477793297803624062e-02
-1.439880000000000109e+03,7.498672520049660950e-02
-1.439360000000000127e+03,7.519587954400692997e-02
-1.438839999999999918e+03,7.540608470546732167e-02
-1.438319999999999936e+03,7.561653830997766557e-02
-1.437799999999999955e+03,7.582809907143800432e-02
-1.437280000000000200e+03,7.603979440793837141e-02
-1.436759999999999764e+03,7.625280596242872688e-02
-1.436240000000000009e+03,7.646591422659906878e-02
-1.435720000000000027e+03,7.668018672705945171e-02
-1.435200000000000045e+03,7.689461293162981603e-02
-1.434679999999999836e+03,7.711024140713015895e-02
-1.434159999999999854e+03,7.732611868228050911e-02
-1.433640000000000100e+03,7.754306505778089942e-02
-1.433120000000000118e+03,7.776035473328125891e-02
-1.432599999999999909e+03,7.797865680452160941e-02
-1.432079999999999927e+03,7.819739809100195727e-02
-1.431559999999999945e+03,7.841699893317234660e-02
-1.431040000000000191e+03,7.863715352376270118e-02
-1.430519999999999982e+03,7.885805266593307050e-02
-1.430000000000000000e+03,7.907963978419341178e-02
-1.429480000000000018e+03,7.930191398366380484e-02
-1.428959999999999809e+03,7.952499040192415047e-02
-1.428440000000000055e+03,7.974865893011451323e-02
-1.427920000000000073e+03,7.997320590567488785e-02
-1.427400000000000091e+03,8.019819183386525663e-02
-1.426879999999999882e+03,8.042420907609565406e-02
-1.426359999999999900e+03,8.065058930428599393e-02
-1.425840000000000146e+03,8.087809587453637095e-02
-1.425320000000000164e+03,8.110585087079673350e-02
-1.424799999999999955e+03,8.133484753097712516e-02
-1.424279999999999973e+03,8.156401627320751524e-02
-1.423759999999999991e+03,8.179454049047787945e-02
-1.423240000000000236e+03,8.202517947275825283e-02
-1.422719999999999800e+03,8.225715488591860136e-02
-1.422200000000000045e+03,8.248932124218898154e-02
-1.421680000000000064e+03,8.272270997043938701e-02
-1.421160000000000082e+03,8.295638525437976085e-02
-1.420639999999999873e+03,8.319118742163016111e-02
-1.420119999999999891e+03,8.342640927790052896e-02
-1.419600000000000136e+03,8.366268201984092268e-02
-1.419079999999999927e+03,8.389946961511128565e-02
-1.418559999999999945e+03,8.413719377535168464e-02
-1.418039999999999964e+03,8.437552849829207946e-02
-1.417519999999999982e+03,8.461468434058243282e-02
-1.417000000000000000e+03,8.485456654954283418e-02
-1.416480000000000018e+03,8.509519306276322470e-02
-1.415960000000000036e+03,8.533667867172359256e-02
-1.415440000000000055e+03,8.557879495572401352e-02
-1.414919999999999845e+03,8.582188493701436993e-02
-1.414400000000000091e+03,8.606551337796479462e-02
-1.413880000000000109e+03,8.631020728692516408e-02
-1.413360000000000127e+03,8.655532130992556195e-02
-1.412839999999999918e+03,8.680161982320595826e-02
-1.412319999999999936e+03,8.704818557116632272e-02
-1.411800000000000182e+03,8.729614534118673719e-02
-1.411279999999999745e+03,8.754429612113713566e-02
-1.410759999999999991e+03,8.779384120108754685e-02
-1.410240000000000009e+03,8.804351997110791694e-02
-1.409720000000000027e+03,8.829468805105834817e-02
-1.409199999999999818e+03,8.854602809907874406e-02
-1.408679999999999836e+03,8.879872426378913886e-02
-1.408160000000000082e+03,8.905172548273955491e-02
-1.407640000000000100e+03,8.930596803877995093e-02
-1.407119999999999891e+03,8.956065008575032904e-02
-1.406599999999999909e+03,8.981647835443076766e-02
-1.406079999999999927e+03,9.007286018847115994e-02
-1.405560000000000173e+03,9.033023471153155126e-02
-1.405039999999999964e+03,9.058833539014196634e-02
-1.404519999999999982e+03,9.084733345220238898e-02
-1.404000000000000000e+03,9.110711445988280144e-02
-1.403480000000000018e+03,9.136764002194319723e-02
-1.402960000000000036e+03,9.162914005764362380e-02
-1.402440000000000055e+03,9.189134630537400261e-02
-1.401920000000000073e+03,9.215458392333443494e-02
-1.401399999999999864e+03,9.241833764505484605e-02
-1.400879999999999882e+03,9.268331326677525794e-02
-1.400360000000000127e+03,9.294868911345564866e-02
-1.399840000000000146e+03,9.321544022960609466e-02
-1.399319999999999936e+03,9.348249779032649642e-02
-1.398799999999999955e+03,9.375100645104691988e-02
-1.398279999999999973e+03,9.401968685878732412e-02
-1.397760000000000218e+03,9.428995171950774190e-02
-1.397239999999999782e+03,9.456033206519819101e-02
-1.396720000000000027e+03,9.483235450200860894e-02
-1.396200000000000045e+03,9.510456797641902993e-02
-1.395680000000000064e+03,9.537821357613943118e-02
-1.395159999999999854e+03,9.565222236493987895e-02
-1.394639999999999873e+03,9.592758631168030181e-02
-1.394120000000000118e+03,9.620342782509071211e-02
-1.393600000000000136e+03,9.648045438587116163e-02
-1.393079999999999927e+03,9.675811074665156830e-02
-1.392559999999999945e+03,9.703681717410203578e-02
-1.392039999999999964e+03,9.731630695283245702e-02
-1.391519999999999982e+03,9.759678886233287554e-02
-1.391000000000000000e+03,9.787815000773329721e-02
-1.390480000000000018e+03,9.816031338255377936e-02
-1.389960000000000036e+03,9.844350765702418460e-02
-1.389439999999999827e+03,9.872746596944460828e-02
-1.388920000000000073e+03,9.901255118326506011e-02
-1.388400000000000091e+03,9.929820889673549034e-02
-1.387880000000000109e+03,9.958520313822591397e-02
-1.387359999999999900e+03,9.987263752673636308e-02
-1.386839999999999918e+03,1.001617136781567940e-01
-1.386320000000000164e+03,1.004511339776472528e-01
-1.385800000000000182e+03,1.007415661051576927e-01
-1.385279999999999973e+03,1.010320940786381405e-01
-1.384759999999999991e+03,1.013251620451485618e-01
-1.384240000000000009e+03,1.016183826186290440e-01
-1.383720000000000255e+03,1.019130927128094610e-01
-1.383199999999999818e+03,1.022079939723099240e-01
-1.382680000000000064e+03,1.025042698068903690e-01
-1.382160000000000082e+03,1.028009855663907929e-01
-1.381639999999999873e+03,1.030993431735612864e-01
-1.381119999999999891e+03,1.033981596260917096e-01
-1.380599999999999909e+03,1.036981023522621365e-01
-1.380080000000000155e+03,1.039987900188326375e-01
-1.379559999999999945e+03,1.043008146730230734e-01
-1.379039999999999964e+03,1.046035267852135353e-01
-1.378519999999999982e+03,1.049071171517839962e-01
-1.378000000000000000e+03,1.052118186309944775e-01
-1.377480000000000018e+03,1.055174904252348805e-01
-1.376960000000000036e+03,1.058241176044453363e-01
-1.376440000000000055e+03,1.061313558586958611e-01
-1.375920000000000073e+03,1.064403700098863065e-01
-1.375399999999999864e+03,1.067502241294967930e-01
-1.374880000000000109e+03,1.070608813114172359e-01
-1.374360000000000127e+03,1.073717859016077164e-01
-1.373839999999999918e+03,1.076848490418781668e-01
-1.373319999999999936e+03,1.079983890281586423e-01
-1.372799999999999955e+03,1.083133239684291038e-01
-1.372280000000000200e+03,1.086284117186296083e-01
-1.371759999999999764e+03,1.089455613255700672e-01
-1.371240000000000009e+03,1.092628256978705192e-01
-1.370720000000000027e+03,1.095815797048109996e-01
-1.370200000000000045e+03,1.099006775230814553e-01
-1.369679999999999836e+03,1.102220481160419013e-01
-1.369159999999999854e+03,1.105437430343124139e-01
-1.368640000000000100e+03,1.108666602662728845e-01
-1.368120000000000118e+03,1.111902081055533981e-01
-1.367599999999999909e+03,1.115152263375138592e-01
-1.367079999999999927e+03,1.118410081375443565e-01
-1.366559999999999945e+03,1.121681268975247836e-01
-1.366040000000000191e+03,1.124959331144553126e-01
-1.365519999999999982e+03,1.128246179604557725e-01
-1.365000000000000000e+03,1.131546589064562625e-01
-1.364480000000000018e+03,1.134859599524567358e-01
-1.363959999999999809e+03,1.138181781844772589e-01
-1.363440000000000055e+03,1.141510453154477023e-01
-1.362920000000000073e+03,1.144856696754882192e-01
-1.362400000000000091e+03,1.148211531324687257e-01
-1.361879999999999882e+03,1.151578016591792014e-01
-1.361359999999999900e+03,1.154948515761696909e-01
-1.360840000000000146e+03,1.158336202028801831e-01
-1.360320000000000164e+03,1.161727706489407153e-01
-1.359799999999999955e+03,1.165142699326011944e-01
-1.359279999999999973e+03,1.168560178636316726e-01
-1.358759999999999991e+03,1.171993125763621524e-01
-1.358240000000000236e+03,1.175427410004226680e-01
-1.357719999999999800e+03,1.178881555061431774e-01
-1.357200000000000045e+03,1.182339327288036840e-01
-1.356680000000000064e+03,1.185819449015441951e-01
-1.356160000000000082e+03,1.189303005392947227e-01
-1.355639999999999873e+03,1.192798975230152103e-01
-1.355119999999999891e+03,1.196302394638257549e-01
-1.354600000000000136e+03,1.199824523015762257e-01
-1.354079999999999927e+03,1.203352385133167474e-01
-1.353559999999999945e+03,1.206889991830572689e-01
-1.353039999999999964e+03,1.210439432337977461e-01
-1.352519999999999982e+03,1.214003201602782828e-01
-1.352000000000000000e+03,1.217578043970387464e-01
-1.351480000000000018e+03,1.221162818337992867e-01
-1.350960000000000036e+03,1.224763254992798228e-01
-1.350440000000000055e+03,1.228374189820103379e-01
-1.349919999999999845e+03,1.231995635324608235e-01
-1.349400000000000091e+03,1.235622233109313767e-01
-1.348880000000000109e+03,1.239268503627819207e-01
-1.348360000000000127e+03,1.242921271592024174e-01
-1.347839999999999918e+03,1.246591412777229430e-01
-1.347319999999999936e+03,1.250265215131434737e-01
-1.346800000000000182e+03,1.253962471776340071e-01
-1.346279999999999745e+03,1.257662217101944979e-01
-1.345759999999999991e+03,1.261377619136850869e-01
-1.345240000000000009e+03,1.265094934641955993e-01
-1.344720000000000027e+03,1.268841664147061510e-01
-1.344199999999999818e+03,1.272590681031666449e-01
-1.343679999999999836e+03,1.276353254203471677e-01
-1.343160000000000082e+03,1.280121369838477519e-01
-1.342640000000000100e+03,1.283909917884482610e-01
-1.342119999999999891e+03,1.287704770726487979e-01
-1.341599999999999909e+03,1.291514332221693484e-01
-1.341079999999999927e+03,1.295333626253698800e-01
-1.340560000000000173e+03,1.299169159138904295e-01
-1.340039999999999964e+03,1.303016531131809541e-01
-1.339519999999999982e+03,1.306878420763915027e-01
-1.339000000000000000e+03,1.310751189315820242e-01
-1.338480000000000018e+03,1.314633893238626450e-01
-1.337960000000000036e+03,1.318529200191031481e-01
-1.337440000000000055e+03,1.322432906033637057e-01
-1.336920000000000073e+03,1.326354190915942644e-01
-1.336399999999999864e+03,1.330283875078447919e-01
-1.335879999999999882e+03,1.334233610490553890e-01
-1.335360000000000127e+03,1.338189462333759239e-01
-1.334840000000000146e+03,1.342162690173464845e-01
-1.334319999999999936e+03,1.346139546435270173e-01
-1.333799999999999955e+03,1.350140082945176234e-01
-1.333279999999999973e+03,1.354143108438081999e-01
-1.332760000000000218e+03,1.358166756337987058e-01
-1.332239999999999782e+03,1.362192693750693129e-01
-1.331720000000000027e+03,1.366247853580498384e-01
-1.331200000000000045e+03,1.370306069410304473e-01
-1.330680000000000064e+03,1.374382039780409903e-01
-1.330159999999999854e+03,1.378462788443315379e-01
-1.329639999999999873e+03,1.382559772663121411e-01
-1.329120000000000118e+03,1.386666309103526951e-01
-1.328600000000000136e+03,1.390794611460232921e-01
-1.328079999999999927e+03,1.394930746070038863e-01
-1.327559999999999945e+03,1.399080058440744234e-01
-1.327039999999999964e+03,1.403243507120850164e-01
-1.326519999999999982e+03,1.407424138867555685e-01
-1.326000000000000000e+03,1.411616043087962069e-01
-1.325480000000000018e+03,1.415817495764567502e-01
-1.324960000000000036e+03,1.420034984665673461e-01
-1.324439999999999827e+03,1.424262600022979386e-01
-1.323920000000000073e+03,1.428508169759785118e-01
-1.323400000000000091e+03,1.432761947230391242e-01
-1.322880000000000109e+03,1.437035780257897022e-01
-1.322359999999999900e+03,1.441315723755602629e-01
-1.321839999999999918e+03,1.445613239363108538e-01
-1.321320000000000164e+03,1.449913997250814324e-01
-1.320800000000000182e+03,1.454243819988220443e-01
-1.320279999999999973e+03,1.458576088265926551e-01
-1.319759999999999991e+03,1.462934339750232571e-01
-1.319240000000000009e+03,1.467294489417938497e-01
-1.318720000000000255e+03,1.471678907625544874e-01
-1.318199999999999818e+03,1.476067329430150177e-01
-1.317680000000000064e+03,1.480477900318456774e-01
-1.317160000000000082e+03,1.484894401052962720e-01
-1.316639999999999873e+03,1.489331139597468434e-01
-1.316119999999999891e+03,1.493777431735974770e-01
-1.315599999999999909e+03,1.498245493140681339e-01
-1.315080000000000155e+03,1.502721576555886840e-01
-1.314559999999999945e+03,1.507210646810293042e-01
-1.314039999999999964e+03,1.511714042085699483e-01
-1.313519999999999982e+03,1.516234433171105012e-01
-1.313000000000000000e+03,1.520768769285711919e-01
-1.312480000000000018e+03,1.525315320837818123e-01
-1.311960000000000036e+03,1.529877920633123944e-01
-1.311440000000000055e+03,1.534450447428430397e-01
-1.310920000000000073e+03,1.539044751970636282e-01
-1.310399999999999864e+03,1.543648792236143041e-01
-1.309880000000000109e+03,1.548272884698149165e-01
-1.309360000000000127e+03,1.552902901910555578e-01
-1.308839999999999918e+03,1.557555264426261910e-01
-1.308319999999999936e+03,1.562211443358468010e-01
-1.307799999999999955e+03,1.566891879111774188e-01
-1.307280000000000200e+03,1.571574222363880946e-01
-1.306759999999999764e+03,1.576287886936287019e-01
-1.306240000000000009e+03,1.581004038149293467e-01
-1.305720000000000027e+03,1.585749216738299994e-01
-1.305200000000000045e+03,1.590497642071606044e-01
-1.304679999999999836e+03,1.595263637854112959e-01
-1.304159999999999854e+03,1.600038038594019385e-01
-1.303640000000000100e+03,1.604840702057225565e-01
-1.303120000000000118e+03,1.609651387896431918e-01
-1.302599999999999909e+03,1.614480217496538361e-01
-1.302079999999999927e+03,1.619318978809445309e-01
-1.301559999999999945e+03,1.624173970799551447e-01
-1.301040000000000191e+03,1.629043287789657957e-01
-1.300519999999999982e+03,1.633929606099664977e-01
-1.300000000000000000e+03,1.638832729219671658e-01
-1.299480000000000018e+03,1.643750363346678234e-01
-1.298959999999999809e+03,1.648684236046684681e-01
-1.298440000000000055e+03,1.653628065317591656e-01
-1.297920000000000073e+03,1.658593639687798160e-01
-1.297400000000000091e+03,1.663568762134704504e-01
-1.296879999999999882e+03,1.668564131932510908e-01
-1.296359999999999900e+03,1.673565418302717933e-01
-1.295840000000000146e+03,1.678597648420424859e-01
-1.295320000000000164e+03,1.683635414927531493e-01
-1.294799999999999955e+03,1.688697432575038682e-01
-1.294279999999999973e+03,1.693761555942344676e-01
-1.293759999999999991e+03,1.698857002450051834e-01
-1.293240000000000236e+03,1.703954353957758960e-01
-1.292719999999999800e+03,1.709075775325665236e-01
-1.292200000000000045e+03,1.714203111043872130e-01
-1.291680000000000064e+03,1.719361198148179337e-01
-1.291160000000000082e+03,1.724525394186285920e-01
-1.290639999999999873e+03,1.729709645220892933e-01
-1.290119999999999891e+03,1.734905164395899591e-01
-1.289600000000000136e+03,1.740126086283706186e-01
-1.289079999999999927e+03,1.745356935469213333e-01
-1.288559999999999945e+03,1.750603832493920764e-01
-1.288039999999999964e+03,1.755865431529127496e-01
-1.287519999999999982e+03,1.761143648234534675e-01
-1.287000000000000000e+03,1.766439053119441827e-01
-1.286480000000000018e+03,1.771748783961748785e-01
-1.285960000000000036e+03,1.777081047807555492e-01
-1.285440000000000055e+03,1.782427254082462886e-01
-1.284919999999999845e+03,1.787791799244669855e-01
-1.284400000000000091e+03,1.793164167340676740e-01
-1.283880000000000109e+03,1.798560991892884098e-01
-1.283360000000000127e+03,1.803964679265591120e-01
-1.282839999999999918e+03,1.809399511568198504e-01
-1.282319999999999936e+03,1.814839871050705489e-01
-1.281800000000000182e+03,1.820304490133312914e-01
-1.281279999999999745e+03,1.825771205215920012e-01
-1.280759999999999991e+03,1.831274405449427323e-01
-1.280240000000000009e+03,1.836780079808734978e-01
-1.279720000000000027e+03,1.842314411601241875e-01
-1.279200000000000045e+03,1.847853892501449269e-01
-1.278679999999999836e+03,1.853419958044356386e-01
-1.278160000000000082e+03,1.858993246334563754e-01
-1.277639999999999873e+03,1.864590220263971088e-01
-1.277120000000000118e+03,1.870199028694577992e-01
-1.276599999999999909e+03,1.875832670304685701e-01
-1.276079999999999927e+03,1.881478725665193252e-01
-1.275559999999999945e+03,1.887143881415700719e-01
-1.275039999999999964e+03,1.892826227556207996e-01
-1.274519999999999982e+03,1.898527857876215474e-01
-1.274000000000000000e+03,1.904243810293422823e-01
-1.273480000000000018e+03,1.909971612034030708e-01
-1.272960000000000036e+03,1.915722325701437745e-01
-1.272440000000000055e+03,1.921486795119245194e-01
-1.271919999999999845e+03,1.927276856716552966e-01
-1.271400000000000091e+03,1.933077794054160192e-01
-1.270879999999999882e+03,1.938903377722168420e-01
-1.270360000000000127e+03,1.944735644169175992e-01
-1.269839999999999918e+03,1.950599426977583928e-01
-1.269319999999999936e+03,1.956468358315791023e-01
-1.268799999999999955e+03,1.962366516400898819e-01
-1.268279999999999973e+03,1.968267351488106887e-01
-1.267759999999999991e+03,1.974198931893114406e-01
-1.267240000000000009e+03,1.980134330758221706e-01
-1.266720000000000027e+03,1.986107735556729703e-01
-1.266200000000000045e+03,1.992085533741737302e-01
-1.265680000000000064e+03,1.998085296077645456e-01
-1.265160000000000082e+03,2.004094990009552824e-01
-1.264639999999999873e+03,2.010136389184661032e-01
-1.264120000000000118e+03,2.016187912910568925e-01
-1.263599999999999909e+03,2.022260818902676394e-01
-1.263080000000000155e+03,2.028348057228684387e-01
-1.262559999999999945e+03,2.034457446260492242e-01
-1.262039999999999964e+03,2.040581730516800862e-01
-1.261519999999999982e+03,2.046722439899508750e-01
-1.261000000000000000e+03,2.052883613752416736e-01
-1.260480000000000018e+03,2.059060997065024490e-01
-1.259960000000000036e+03,2.065261301448332587e-01
-1.259440000000000055e+03,2.071475343967940641e-01
-1.258920000000000073e+03,2.077715178530749329e-01
-1.258400000000000091e+03,2.083965706580756805e-01
-1.257879999999999882e+03,2.090244882533564552e-01
-1.257360000000000127e+03,2.096531893903473276e-01
-1.256839999999999918e+03,2.102850606954082269e-01
-1.256320000000000164e+03,2.109174285323989761e-01
-1.255799999999999955e+03,2.115527377234798223e-01
-1.255279999999999973e+03,2.121882943384705289e-01
-1.254759999999999991e+03,2.128274615755214594e-01
-1.254240000000000009e+03,2.134670103526221663e-01
-1.253720000000000027e+03,2.141103600953430941e-01
-1.253199999999999818e+03,2.147542449854339675e-01
-1.252680000000000064e+03,2.154007261682047147e-01
-1.252159999999999854e+03,2.160481248719855474e-01
-1.251640000000000100e+03,2.166982543856964538e-01
-1.251119999999999891e+03,2.173497591674773133e-01
-1.250599999999999909e+03,2.180040906253481459e-01
-1.250079999999999927e+03,2.186596630530989460e-01
-1.249559999999999945e+03,2.193171269208997742e-01
-1.249039999999999964e+03,2.199765957304105901e-01
-1.248519999999999982e+03,2.206382232259415099e-01
-1.248000000000000000e+03,2.213016266177122715e-01
-1.247480000000000018e+03,2.219663855412632170e-01
-1.246960000000000036e+03,2.226338193228140916e-01
-1.246440000000000055e+03,2.233027803243649023e-01
-1.245920000000000073e+03,2.239743391189057964e-01
-1.245400000000000091e+03,2.246469666784566555e-01
-1.244880000000000109e+03,2.253224820256874983e-01
-1.244360000000000127e+03,2.259987579452484296e-01
-1.243839999999999918e+03,2.266786629605493097e-01
-1.243319999999999936e+03,2.273591213748001882e-01
-1.242799999999999955e+03,2.280425401761210225e-01
-1.242279999999999973e+03,2.287262072483719211e-01
-1.241759999999999991e+03,2.294139808016828208e-01
-1.241240000000000009e+03,2.301021176890236664e-01
-1.240720000000000027e+03,2.307935578283545619e-01
-1.240200000000000045e+03,2.314857242662855807e-01
-1.239680000000000064e+03,2.321813476526363440e-01
-1.239159999999999854e+03,2.328778876267072473e-01
-1.238640000000000100e+03,2.335771590657481356e-01
-1.238119999999999891e+03,2.342776329577690442e-01
-1.237600000000000136e+03,2.349805714817799485e-01
-1.237079999999999927e+03,2.356852091278907602e-01
-1.236559999999999945e+03,2.363923296855917344e-01
-1.236039999999999964e+03,2.371012072917126345e-01
-1.235519999999999982e+03,2.378119762684135774e-01
-1.235000000000000000e+03,2.385248079995544723e-01
-1.234480000000000018e+03,2.392392433113453565e-01
-1.233960000000000036e+03,2.399563528561762804e-01
-1.233440000000000055e+03,2.406749712999572133e-01
-1.232920000000000073e+03,2.413965692964281651e-01
-1.232399999999999864e+03,2.421193702082791444e-01
-1.231880000000000109e+03,2.428450737160800510e-01
-1.231359999999999900e+03,2.435715230166610179e-01
-1.230840000000000146e+03,2.443016417841218368e-01
-1.230319999999999936e+03,2.450322922017028338e-01
-1.229799999999999955e+03,2.457663809372337138e-01
-1.229279999999999973e+03,2.465007942868046864e-01
-1.228759999999999991e+03,2.472392754363756939e-01
-1.228240000000000009e+03,2.479781198996366953e-01
-1.227720000000000027e+03,2.487202490742275451e-01
-1.227200000000000045e+03,2.494631426905284666e-01
-1.226680000000000064e+03,2.502094546788094509e-01
-1.226160000000000082e+03,2.509568549341103516e-01
-1.225639999999999873e+03,2.517073493034513998e-01
-1.225119999999999891e+03,2.524592573627223446e-01
-1.224599999999999909e+03,2.532139345180833279e-01
-1.224079999999999927e+03,2.539701209860842912e-01
-1.223559999999999945e+03,2.547284649194453410e-01
-1.223039999999999964e+03,2.554888532745162033e-01
-1.222519999999999982e+03,2.562513800215671655e-01
-1.222000000000000000e+03,2.570159698286281769e-01
-1.221480000000000018e+03,2.577821449076691529e-01
-1.220960000000000036e+03,2.585513564824501453e-01
-1.220440000000000055e+03,2.593222487145311339e-01
-1.219920000000000073e+03,2.600957584353421614e-01
-1.219400000000000091e+03,2.608703174064231356e-01
-1.218880000000000109e+03,2.616481810062841196e-01
-1.218359999999999900e+03,2.624269231650451228e-01
-1.217840000000000146e+03,2.632093162775461792e-01
-1.217319999999999936e+03,2.639922409444271922e-01
-1.216800000000000182e+03,2.647791199282681918e-01
-1.216279999999999973e+03,2.655663232657891615e-01
-1.215759999999999991e+03,2.663576130313301538e-01
-1.215240000000000009e+03,2.671492661218912157e-01
-1.214720000000000027e+03,2.679442043155121911e-01
-1.214200000000000045e+03,2.687400023380632219e-01
-1.213679999999999836e+03,2.695396386816643619e-01
-1.213160000000000082e+03,2.703402307849253061e-01
-1.212639999999999873e+03,2.711435146145462771e-01
-1.212120000000000118e+03,2.719484032858773825e-01
-1.211599999999999909e+03,2.727564059891984249e-01
-1.211079999999999927e+03,2.735659171315194538e-01
-1.210559999999999945e+03,2.743775861405104433e-01
-1.210039999999999964e+03,2.751912991968715749e-01
-1.209519999999999982e+03,2.760071314209526228e-01
-1.209000000000000000e+03,2.768256567662936707e-01
-1.208480000000000018e+03,2.776462074503847632e-01
-1.207960000000000036e+03,2.784691257374358186e-01
-1.207440000000000055e+03,2.792933239465468231e-01
-1.206919999999999845e+03,2.801209411613279077e-01
-1.206400000000000091e+03,2.809498375484389410e-01
-1.205879999999999882e+03,2.817816972492400707e-01
-1.205360000000000127e+03,2.826142802630310924e-01
-1.204839999999999918e+03,2.834509687888521756e-01
-1.204319999999999936e+03,2.842882503177332487e-01
-1.203799999999999955e+03,2.851295231425643451e-01
-1.203279999999999973e+03,2.859711012771154470e-01
-1.202759999999999991e+03,2.868167484170364712e-01
-1.202240000000000009e+03,2.876628347405275621e-01
-1.201720000000000027e+03,2.885126638861186810e-01
-1.201200000000000045e+03,2.893632569446998870e-01
-1.200680000000000064e+03,2.902172687903508130e-01
-1.200160000000000082e+03,2.910723697096419538e-01
-1.199639999999999873e+03,2.919305452402631285e-01
-1.199120000000000118e+03,2.927901537515941732e-01
-1.198599999999999909e+03,2.936525312349053118e-01
-1.198080000000000155e+03,2.945168568322564240e-01
-1.197559999999999945e+03,2.953839332436475340e-01
-1.197039999999999964e+03,2.962530719936887214e-01
-1.196519999999999982e+03,2.971243113107498446e-01
-1.196000000000000000e+03,2.979976714321309617e-01
-1.195480000000000018e+03,2.988725781822321181e-01
-1.194960000000000036e+03,2.997509066853732418e-01
-1.194440000000000055e+03,3.006310462871142897e-01
-1.193920000000000073e+03,3.015138412432955550e-01
-1.193400000000000091e+03,3.023976483160267237e-01
-1.192879999999999882e+03,3.032852177248976933e-01
-1.192360000000000127e+03,3.041737233797390250e-01
-1.191839999999999918e+03,3.050654564735801322e-01
-1.191320000000000164e+03,3.059576101534413062e-01
-1.190799999999999955e+03,3.068542905150624667e-01
-1.190279999999999973e+03,3.077513141199436641e-01
-1.189759999999999991e+03,3.086528834945547195e-01
-1.189240000000000009e+03,3.095548725801459122e-01
-1.188720000000000027e+03,3.104601094544671702e-01
-1.188199999999999818e+03,3.113662249120982550e-01
-1.187680000000000064e+03,3.122761598384095061e-01
-1.187159999999999854e+03,3.131872216767506156e-01
-1.186640000000000100e+03,3.141013394000619074e-01
-1.186119999999999891e+03,3.150170802205130571e-01
-1.185599999999999909e+03,3.159358968428342962e-01
-1.185079999999999927e+03,3.168562601339253715e-01
-1.184559999999999945e+03,3.177787459923866464e-01
-1.184039999999999964e+03,3.187035784824878148e-01
-1.183519999999999982e+03,3.196307604656191681e-01
-1.183000000000000000e+03,3.205606735474103020e-01
-1.182480000000000018e+03,3.214925538905515356e-01
-1.181960000000000036e+03,3.224268406713527435e-01
-1.181440000000000055e+03,3.233623877352538867e-01
-1.180920000000000073e+03,3.243013730410751472e-01
-1.180400000000000091e+03,3.252416189759663734e-01
-1.179880000000000109e+03,3.261852450525676295e-01
-1.179360000000000127e+03,3.271296929514788121e-01
-1.178839999999999918e+03,3.280782853380701525e-01
-1.178319999999999936e+03,3.290274317786913705e-01
-1.177799999999999955e+03,3.299800919193726645e-01
-1.177279999999999973e+03,3.309330767976538801e-01
-1.176759999999999991e+03,3.318905696913752035e-01
-1.176240000000000009e+03,3.328486358167364600e-01
-1.175720000000000027e+03,3.338108266091175946e-01
-1.175200000000000045e+03,3.347737844945289920e-01
-1.174680000000000064e+03,3.357396429786002057e-01
-1.174159999999999854e+03,3.367067813556615663e-01
-1.173640000000000100e+03,3.376773569661527530e-01
-1.173119999999999891e+03,3.386493845882340703e-01
-1.172600000000000136e+03,3.396241428860553579e-01
-1.172079999999999927e+03,3.406008880092467050e-01
-1.171559999999999945e+03,3.415803453991079208e-01
-1.171039999999999964e+03,3.425619223139892422e-01
-1.170519999999999982e+03,3.435455433028605787e-01
-1.170000000000000000e+03,3.445316280887318339e-01
-1.169480000000000018e+03,3.455194318453831404e-01
-1.168960000000000036e+03,3.465100051133644943e-01
-1.168440000000000055e+03,3.475020107649158252e-01
-1.167920000000000073e+03,3.484974734716071443e-01
-1.167399999999999864e+03,3.494941772049184880e-01
-1.166880000000000109e+03,3.504938613396897940e-01
-1.166359999999999900e+03,3.514942546110111365e-01
-1.165840000000000146e+03,3.524988087374725243e-01
-1.165319999999999936e+03,3.535038783808338581e-01
-1.164799999999999955e+03,3.545134938059552598e-01
-1.164279999999999973e+03,3.555234339310766045e-01
-1.163759999999999991e+03,3.565368696942078919e-01
-1.163240000000000009e+03,3.575508781113692636e-01
-1.162720000000000027e+03,3.585690119285906974e-01
-1.162200000000000045e+03,3.595879861834120339e-01
-1.161680000000000064e+03,3.606103030186433855e-01
-1.161160000000000082e+03,3.616337657555747653e-01
-1.160639999999999873e+03,3.626602660381861298e-01
-1.160119999999999891e+03,3.636884466041076513e-01
-1.159599999999999909e+03,3.647196445927389230e-01
-1.159079999999999927e+03,3.657524277783703592e-01
-1.158559999999999945e+03,3.667872931250617530e-01
-1.158039999999999964e+03,3.678245683567231694e-01
-1.157519999999999982e+03,3.688641510371046262e-01
-1.157000000000000000e+03,3.699061597285259184e-01
-1.156480000000000018e+03,3.709499059809473476e-01
-1.155960000000000036e+03,3.719964416724287348e-01
-1.155440000000000055e+03,3.730443715765501822e-01
-1.154920000000000073e+03,3.740953952877416611e-01
-1.154400000000000091e+03,3.751475078639030514e-01
-1.153880000000000109e+03,3.762030389741045089e-01
-1.153359999999999900e+03,3.772593346240059597e-01
-1.152840000000000146e+03,3.783193735188873918e-01
-1.152319999999999936e+03,3.793798517257988001e-01
-1.151800000000000182e+03,3.804443987137702821e-01
-1.151279999999999973e+03,3.815092695267017220e-01
-1.150759999999999991e+03,3.825781133814032398e-01
-1.150240000000000009e+03,3.836474957540547126e-01
-1.149720000000000027e+03,3.847205220004461523e-01
-1.149200000000000045e+03,3.857945040942076242e-01
-1.148679999999999836e+03,3.868722483115891175e-01
-1.148160000000000082e+03,3.879510052830605904e-01
-1.147639999999999873e+03,3.890323788285221518e-01
-1.147120000000000118e+03,3.901152808376536774e-01
-1.146599999999999909e+03,3.912008371218251845e-01
-1.146079999999999927e+03,3.922882271510165775e-01
-1.145559999999999945e+03,3.933779861602680339e-01
-1.145039999999999964e+03,3.944698832421495993e-01
-1.144519999999999982e+03,3.955638055154211963e-01
-1.144000000000000000e+03,3.966599048110526216e-01
-1.143480000000000018e+03,3.977574946110042919e-01
-1.142960000000000036e+03,3.988582579597358402e-01
-1.142440000000000055e+03,3.999605458237073252e-01
-1.141919999999999845e+03,4.010655650641288261e-01
-1.141400000000000091e+03,4.021715400088703429e-01
-1.140879999999999882e+03,4.032809329883519922e-01
-1.140360000000000127e+03,4.043910711857835460e-01
-1.139839999999999918e+03,4.055049533602250733e-01
-1.139319999999999936e+03,4.066192739507466514e-01
-1.138799999999999955e+03,4.077371669819882527e-01
-1.138279999999999973e+03,4.088553852341397232e-01
-1.137759999999999991e+03,4.099775370570713506e-01
-1.137240000000000009e+03,4.111002434853729959e-01
-1.136720000000000027e+03,4.122265976572945800e-01
-1.136200000000000045e+03,4.133537186333263169e-01
-1.135680000000000064e+03,4.144837207439578397e-01
-1.135160000000000082e+03,4.156149269436694160e-01
-1.134639999999999873e+03,4.167491121684009370e-01
-1.134120000000000118e+03,4.178846159002025940e-01
-1.133599999999999909e+03,4.190224681625943082e-01
-1.133080000000000155e+03,4.201621355611258601e-01
-1.132559999999999945e+03,4.213041707166075844e-01
-1.132039999999999964e+03,4.224480976001691590e-01
-1.131519999999999982e+03,4.235937815683509244e-01
-1.131000000000000000e+03,4.247419485395524941e-01
-1.130480000000000018e+03,4.258918149288440924e-01
-1.129960000000000036e+03,4.270441455958458588e-01
-1.129440000000000055e+03,4.281976828478175068e-01
-1.128920000000000073e+03,4.293539482998491863e-01
-1.128400000000000091e+03,4.305111302045107613e-01
-1.127879999999999882e+03,4.316713501092926952e-01
-1.127360000000000127e+03,4.328321991210841713e-01
-1.126839999999999918e+03,4.339968119028758120e-01
-1.126320000000000164e+03,4.351618445663677504e-01
-1.125799999999999955e+03,4.363304678398491898e-01
-1.125279999999999973e+03,4.374993585810509344e-01
-1.124759999999999991e+03,4.386717065406126603e-01
-1.124240000000000009e+03,4.398445513878944668e-01
-1.123720000000000027e+03,4.410205693808560423e-01
-1.123199999999999818e+03,4.421973489851477312e-01
-1.122680000000000064e+03,4.433770125171695997e-01
-1.122159999999999854e+03,4.445575930229313522e-01
-1.121640000000000100e+03,4.457403888330130903e-01
-1.121119999999999891e+03,4.469247316957848937e-01
-1.120599999999999909e+03,4.481117107825264845e-01
-1.120079999999999927e+03,4.493003141969985070e-01
-1.119559999999999945e+03,4.504909604185401983e-01
-1.119039999999999964e+03,4.516832304121218833e-01
-1.118519999999999982e+03,4.528770092183436735e-01
-1.118000000000000000e+03,4.540729850556055602e-01
-1.117480000000000018e+03,4.552704538149273672e-01
-1.116960000000000036e+03,4.564703636312991142e-01
-1.116440000000000055e+03,4.576714583573509021e-01
-1.115920000000000073e+03,4.588753038433727727e-01
-1.115400000000000091e+03,4.600800653781144112e-01
-1.114880000000000109e+03,4.612874256879563317e-01
-1.114360000000000127e+03,4.624953201547482573e-01
-1.113839999999999918e+03,4.637060605813000391e-01
-1.113319999999999936e+03,4.649170878538219087e-01
-1.112799999999999955e+03,4.661317250573838722e-01
-1.112279999999999973e+03,4.673466106410057441e-01
-1.111759999999999991e+03,4.685644597973174230e-01
-1.111240000000000009e+03,4.697827834673193870e-01
-1.110720000000000027e+03,4.710042777016910653e-01
-1.110200000000000045e+03,4.722264406967730532e-01
-1.109680000000000064e+03,4.734510676395849438e-01
-1.109159999999999854e+03,4.746766124433169365e-01
-1.108640000000000100e+03,4.759043716762187404e-01
-1.108119999999999891e+03,4.771332967400606084e-01
-1.107600000000000136e+03,4.783641894706325837e-01
-1.107079999999999927e+03,4.795964955542443842e-01
-1.106559999999999945e+03,4.808305420905464311e-01
-1.106039999999999964e+03,4.820662292908683422e-01
-1.105519999999999982e+03,4.833033869522501136e-01
-1.105000000000000000e+03,4.845424551042721850e-01
-1.104480000000000018e+03,4.857827644893339958e-01
-1.103960000000000036e+03,4.870248499555560606e-01
-1.103440000000000055e+03,4.882677572313181558e-01
-1.102920000000000073e+03,4.895134531682400758e-01
-1.102399999999999864e+03,4.907600280511320578e-01
-1.101880000000000109e+03,4.920087990313838366e-01
-1.101359999999999900e+03,4.932580129439759764e-01
-1.100840000000000146e+03,4.945100507783778965e-01
-1.100319999999999936e+03,4.957623949437199307e-01
-1.099799999999999955e+03,4.970172975411518701e-01
-1.099279999999999973e+03,4.982724306273138559e-01
-1.098759999999999991e+03,4.995299888874259464e-01
-1.098240000000000009e+03,5.007879869172680021e-01
-1.097720000000000027e+03,5.020486773301299221e-01
-1.097200000000000045e+03,5.033099609197920765e-01
-1.096680000000000064e+03,5.045732902956843180e-01
-1.096160000000000082e+03,5.058375349560462197e-01
-1.095639999999999873e+03,5.071039755907083002e-01
-1.095119999999999891e+03,5.083712002968503452e-01
-1.094599999999999909e+03,5.096397421832125074e-01
-1.094079999999999927e+03,5.109096979913844150e-01
-1.093559999999999945e+03,5.121813725705465226e-01
-1.093039999999999964e+03,5.134541554984887179e-01
-1.092519999999999982e+03,5.147279127683507260e-01
-1.092000000000000000e+03,5.160032968730128289e-01
-1.091480000000000018e+03,5.172796702886550690e-01
-1.090960000000000036e+03,5.185578403573971595e-01
-1.090440000000000055e+03,5.198368312917592826e-01
-1.089920000000000073e+03,5.211178097092014072e-01
-1.089400000000000091e+03,5.223994179823336914e-01
-1.088880000000000109e+03,5.236827839015956165e-01
-1.088359999999999900e+03,5.249664749444779011e-01
-1.087840000000000146e+03,5.262520949264201109e-01
-1.087319999999999936e+03,5.275379087614021634e-01
-1.086800000000000182e+03,5.288262988920444663e-01
-1.086279999999999973e+03,5.301148801187764992e-01
-1.085759999999999991e+03,5.314059063972087493e-01
-1.085240000000000009e+03,5.326971432687309660e-01
-1.084720000000000027e+03,5.339897357028731140e-01
-1.084200000000000045e+03,5.352827876840955401e-01
-1.083679999999999836e+03,5.365774630309975146e-01
-1.083160000000000082e+03,5.378729627250199430e-01
-1.082639999999999873e+03,5.391702547960520731e-01
-1.082120000000000118e+03,5.404681401127645612e-01
-1.081599999999999909e+03,5.417669989821666254e-01
-1.081079999999999927e+03,5.430668133935888653e-01
-1.080559999999999945e+03,5.443677732481213560e-01
-1.080039999999999964e+03,5.456698425013735143e-01
-1.079519999999999982e+03,5.469728849716257724e-01
-1.079000000000000000e+03,5.482769051836481333e-01
-1.078480000000000018e+03,5.495815150316704090e-01
-1.077960000000000036e+03,5.508875768843725096e-01
-1.077440000000000055e+03,5.521942684230949361e-01
-1.076919999999999845e+03,5.535021840676074278e-01
-1.076400000000000091e+03,5.548104621230998124e-01
-1.075879999999999882e+03,5.561204973414118902e-01
-1.075360000000000127e+03,5.574308791556744636e-01
-1.074839999999999918e+03,5.587421956356768415e-01
-1.074319999999999936e+03,5.600536071667090443e-01
-1.073799999999999955e+03,5.613671199774613596e-01
-1.073279999999999973e+03,5.626806905142839321e-01
-1.072759999999999991e+03,5.639952350557863037e-01
-1.072240000000000009e+03,5.653100287753486386e-01
-1.071720000000000027e+03,5.666261401946210974e-01
-1.071200000000000045e+03,5.679426373919536086e-01
-1.070680000000000064e+03,5.692603345189259922e-01
-1.070160000000000082e+03,5.705784912610484261e-01
-1.069639999999999873e+03,5.718977552938109277e-01
-1.069120000000000118e+03,5.732174025807234008e-01
-1.068599999999999909e+03,5.745376987302556193e-01
-1.068080000000000155e+03,5.758584921938884049e-01
-1.067559999999999945e+03,5.771798612131706641e-01
-1.067039999999999964e+03,5.785020502602431502e-01
-1.066519999999999982e+03,5.798249645316356782e-01
-1.066000000000000000e+03,5.811485290334283960e-01
-1.065480000000000018e+03,5.824724942032907249e-01
-1.064960000000000036e+03,5.837968043498732440e-01
-1.064440000000000055e+03,5.851213058814258572e-01
-1.063920000000000073e+03,5.864470136268284950e-01
-1.063400000000000091e+03,5.877730625141509568e-01
-1.062879999999999882e+03,5.890995698142734716e-01
-1.062360000000000127e+03,5.904261360214262400e-01
-1.061839999999999918e+03,5.917536945383184976e-01
-1.061320000000000164e+03,5.930813123082111504e-01
-1.060799999999999955e+03,5.944100013975639474e-01
-1.060279999999999973e+03,5.957387078432264671e-01
-1.059759999999999991e+03,5.970679104206291221e-01
-1.059240000000000009e+03,5.983971906507815630e-01
-1.058720000000000027e+03,5.997269101246144318e-01
-1.058199999999999818e+03,6.010567453745968569e-01
-1.057680000000000064e+03,6.023869815834996810e-01
-1.057159999999999854e+03,6.037175645131622748e-01
-1.056640000000000100e+03,6.050488520625950661e-01
-1.056119999999999891e+03,6.063801404620677848e-01
-1.055599999999999909e+03,6.077114287662201964e-01
-1.055079999999999927e+03,6.090429660951030000e-01
-1.054559999999999945e+03,6.103747711240458118e-01
-1.054039999999999964e+03,6.117068852328084727e-01
-1.053519999999999982e+03,6.130392258554712148e-01
-1.053000000000000000e+03,6.143715673769539753e-01
-1.052480000000000018e+03,6.157039083110766864e-01
-1.051960000000000036e+03,6.170362315443694845e-01
-1.051440000000000055e+03,6.183685736093021967e-01
-1.050920000000000073e+03,6.197013405590749979e-01
-1.050400000000000091e+03,6.210341994370778274e-01
-1.049880000000000109e+03,6.223670589626206784e-01
-1.049360000000000127e+03,6.236999190937934090e-01
-1.048839999999999918e+03,6.250323025280462019e-01
-1.048319999999999936e+03,6.263646477553890257e-01
-1.047799999999999955e+03,6.276975315120819632e-01
-1.047279999999999973e+03,6.290303557928047518e-01
-1.046759999999999991e+03,6.303626834483777586e-01
-1.046240000000000009e+03,6.316950307059204794e-01
-1.045720000000000027e+03,6.330273786011834103e-01
-1.045200000000000045e+03,6.343597306772162936e-01
-1.044680000000000064e+03,6.356920792422894317e-01
-1.044159999999999854e+03,6.370241041770520196e-01
-1.043640000000000100e+03,6.383554034006049260e-01
-1.043119999999999891e+03,6.396867035521978107e-01
-1.042600000000000136e+03,6.410180048305307299e-01
-1.042079999999999927e+03,6.423490799856237388e-01
-1.041559999999999945e+03,6.436798467576768656e-01
-1.041039999999999964e+03,6.450103467215799746e-01
-1.040519999999999982e+03,6.463405989630928161e-01
-1.040000000000000000e+03,6.476702028094457608e-01
-1.039480000000000018e+03,6.489994473877888082e-01
-1.038960000000000036e+03,6.503282882899720230e-01
-1.038440000000000055e+03,6.516569767771250854e-01
-1.037920000000000073e+03,6.529852654867178696e-01
-1.037399999999999864e+03,6.543134395103510359e-01
-1.036880000000000109e+03,6.556407390027441107e-01
-1.036359999999999900e+03,6.569678635921373244e-01
-1.035840000000000146e+03,6.582940150360403475e-01
-1.035319999999999936e+03,6.596200898619134501e-01
-1.034799999999999955e+03,6.609451163856164824e-01
-1.034279999999999973e+03,6.622700664052697528e-01
-1.033759999999999991e+03,6.635940839184328865e-01
-1.033240000000000009e+03,6.649179086886060075e-01
-1.032720000000000027e+03,6.662408547685791937e-01
-1.032200000000000045e+03,6.675634196865622982e-01
-1.031680000000000064e+03,6.688848236770055244e-01
-1.031160000000000082e+03,6.702058813564887307e-01
-1.030639999999999873e+03,6.715262138346919096e-01
-1.030119999999999891e+03,6.728459364939751719e-01
-1.029599999999999909e+03,6.741647040866584062e-01
-1.029079999999999927e+03,6.754829979884416913e-01
-1.028559999999999945e+03,6.768007166359050197e-01
-1.028039999999999964e+03,6.781173092462081664e-01
-1.027519999999999982e+03,6.794329467691515578e-01
-1.027000000000000000e+03,6.807475928409547627e-01
-1.026480000000000018e+03,6.820616882977280637e-01
-1.025960000000000036e+03,6.833750184773514924e-01
-1.025440000000000055e+03,6.846880428735245827e-01
-1.024920000000000073e+03,6.859990245676280685e-01
-1.024400000000000091e+03,6.873094551467014979e-01
-1.023880000000000109e+03,6.886189869023048304e-01
-1.023360000000000014e+03,6.899283469608280539e-01
-1.022840000000000032e+03,6.912352639962314749e-01
-1.022319999999999936e+03,6.925420094973150364e-01
-1.021800000000000068e+03,6.938472306261485034e-01
-1.021279999999999973e+03,6.951522201277320345e-01
-1.020759999999999991e+03,6.964553191671354337e-01
-1.020240000000000009e+03,6.977580767955386953e-01
-1.019719999999999914e+03,6.990590987856722949e-01
-1.019200000000000045e+03,7.003594698352756387e-01
-1.018679999999999950e+03,7.016578742998993423e-01
-1.018160000000000082e+03,7.029556110963227633e-01
-1.017639999999999986e+03,7.042519385705164892e-01
-1.017120000000000005e+03,7.055474045924599036e-01
-1.016599999999999909e+03,7.068416288384332669e-01
-1.016080000000000041e+03,7.081343656738670056e-01
-1.015559999999999945e+03,7.094254624953806321e-01
-1.015040000000000077e+03,7.107156791783342253e-01
-1.014519999999999982e+03,7.120052094452676839e-01
-1.014000000000000000e+03,7.132927539067214218e-01
-1.013480000000000018e+03,7.145791559422250971e-01
-1.012960000000000036e+03,7.158636854225388646e-01
-1.012440000000000055e+03,7.171474698185523744e-01
-1.011919999999999959e+03,7.184287727050362449e-01
-1.011399999999999977e+03,7.197094298128797751e-01
-1.010879999999999882e+03,7.209882707208735697e-01
-1.010360000000000014e+03,7.222668262862271815e-01
-1.009839999999999918e+03,7.235424222796911220e-01
-1.009320000000000050e+03,7.248177920332646851e-01
-1.008799999999999955e+03,7.260900865746586774e-01
-1.008279999999999973e+03,7.273620755857423958e-01
-1.007759999999999991e+03,7.286312190196162497e-01
-1.007240000000000009e+03,7.298998327302098632e-01
-1.006720000000000027e+03,7.311658459286037859e-01
-1.006200000000000045e+03,7.324312114317376166e-01
-1.005679999999999950e+03,7.336946106226314157e-01
-1.005160000000000082e+03,7.349568491362553635e-01
-1.004639999999999986e+03,7.362165829056493971e-01
-1.004120000000000118e+03,7.374748478269029794e-01
-1.003600000000000023e+03,7.387309579958070138e-01
-1.003080000000000041e+03,7.399855386942210123e-01
-1.002559999999999945e+03,7.412384961847350295e-01
-1.002039999999999964e+03,7.424896799519890012e-01
-1.001519999999999982e+03,7.437395298876330330e-01
-1.001000000000000000e+03,7.449866848821669052e-01
-1.000480000000000018e+03,7.462323320936609106e-01
-9.999599999999999227e+02,7.474757493127249797e-01
-9.994400000000000546e+02,7.487182474097490159e-01
-9.989199999999999591e+02,7.499574622210631869e-01
-9.984000000000000909e+02,7.511957800356472426e-01
-9.978799999999999955e+02,7.524314094954013266e-01
-9.973600000000000136e+02,7.536665970552153260e-01
-9.968399999999999181e+02,7.548978325295695457e-01
-9.963200000000000500e+02,7.561287857638936405e-01
-9.957999999999999545e+02,7.573556117558080114e-01
-9.952800000000000864e+02,7.585820761494022069e-01
-9.947599999999999909e+02,7.598052784768264400e-01
-9.942400000000000091e+02,7.610277153879805301e-01
-9.937200000000000273e+02,7.622467158066047466e-01
-9.931999999999999318e+02,7.634648033883589813e-01
-9.926800000000000637e+02,7.646801386844932491e-01
-9.921599999999999682e+02,7.658939287544475061e-01
-9.916399999999999864e+02,7.671045714222318734e-01
-9.911199999999998909e+02,7.683135126223863409e-01
-9.906000000000000227e+02,7.695199722716505875e-01
-9.900799999999999272e+02,7.707243893824547998e-01
-9.895600000000000591e+02,7.719266913148993270e-01
-9.890399999999999636e+02,7.731263363142535372e-01
-9.885199999999999818e+02,7.743239006070179453e-01
-9.880000000000000000e+02,7.755188346465623495e-01
-9.874800000000000182e+02,7.767122190531867698e-01
-9.869600000000000364e+02,7.779022661310512898e-01
-9.864400000000000546e+02,7.790909735398557912e-01
-9.859199999999999591e+02,7.802759210410101787e-01
-9.854000000000000909e+02,7.814599365910547268e-01
-9.848799999999999955e+02,7.826402838807593465e-01
-9.843600000000001273e+02,7.838200972184039550e-01
-9.838400000000000318e+02,7.849949882253783873e-01
-9.833199999999999363e+02,7.861694569322831283e-01
-9.827999999999999545e+02,7.873393434197877294e-01
-9.822799999999999727e+02,7.885087570620123998e-01
-9.817599999999999909e+02,7.896739483177269703e-01
-9.812400000000000091e+02,7.908382813415916202e-01
-9.807200000000000273e+02,7.919987994635063755e-01
-9.801999999999999318e+02,7.931579408486111316e-01
-9.796800000000000637e+02,7.943132089661458783e-01
-9.791599999999999682e+02,7.954667192992105340e-01
-9.786400000000001000e+02,7.966167547070551747e-01
-9.781200000000000045e+02,7.977646750706900436e-01
-9.776000000000000227e+02,7.989094808921050062e-01
-9.770799999999999272e+02,8.000519970317195861e-01
-9.765600000000000591e+02,8.011921291713244297e-01
-9.760399999999999636e+02,8.023292816985994058e-01
-9.755200000000000955e+02,8.034641839735241486e-01
-9.750000000000000000e+02,8.045953806716791279e-01
-9.744799999999999045e+02,8.057245157658440293e-01
-9.739600000000000364e+02,8.068499128376788176e-01
-9.734399999999999409e+02,8.079738180191541330e-01
-9.729200000000000728e+02,8.090935844341987648e-01
-9.723999999999999773e+02,8.102122793700040626e-01
-9.718799999999999955e+02,8.113259538470489751e-01
-9.713599999999999000e+02,8.124389059661141221e-01
-9.708400000000000318e+02,8.135468922947789450e-01
-9.703199999999999363e+02,8.146544630111443031e-01
-9.698000000000000682e+02,8.157564366727393379e-01
-9.692799999999999727e+02,8.168578611684544910e-01
-9.687599999999999909e+02,8.179546240563597692e-01
-9.682400000000000091e+02,8.190502241310747555e-01
-9.677200000000000273e+02,8.201407293485599714e-01
-9.672000000000000455e+02,8.212298400775253082e-01
-9.666800000000000637e+02,8.223151159030801516e-01
-9.661599999999999682e+02,8.233982520320957121e-01
-9.656399999999998727e+02,8.244772674121910727e-01
-9.651200000000000045e+02,8.255540861915460216e-01
-9.645999999999999091e+02,8.266278496215718752e-01
-9.640800000000000409e+02,8.276985442579271046e-01
-9.635599999999999454e+02,8.287660480992924406e-01
-9.630399999999999636e+02,8.298299860969676756e-01
-9.625199999999999818e+02,8.308912291843533193e-01
-9.620000000000000000e+02,8.319487539963289491e-01
-9.614800000000000182e+02,8.330042336930441049e-01
-9.609600000000000364e+02,8.340555745290999523e-01
-9.604399999999999409e+02,8.351053095390651437e-01
-9.599200000000000728e+02,8.361500470360906379e-01
-9.593999999999999773e+02,8.371935213241662455e-01
-9.588800000000001091e+02,8.382315022105314428e-01
-9.583600000000000136e+02,8.392686982835473319e-01
-9.578400000000000318e+02,8.402999217533332343e-01
-9.573199999999999363e+02,8.413306674614087211e-01
-9.568000000000000682e+02,8.423558792581343768e-01
-9.562799999999999727e+02,8.433803081195700990e-01
-9.557599999999999909e+02,8.443987255303058159e-01
-9.552400000000000091e+02,8.454159395658016329e-01
-9.547199999999999136e+02,8.464280970048776442e-01
-9.542000000000000455e+02,8.474385541254134679e-01
-9.536799999999999500e+02,8.484444522261692656e-01
-9.531600000000000819e+02,8.494481536818251355e-01
-9.526399999999999864e+02,8.504477727442112389e-01
-9.521200000000000045e+02,8.514447372989468743e-01
-9.515999999999999091e+02,8.524380776160030981e-01
-9.510800000000000409e+02,8.534280191547887195e-01
-9.505599999999999454e+02,8.544145844572349491e-01
-9.500400000000000773e+02,8.553975436077407846e-01
-9.495199999999999818e+02,8.563778087063071975e-01
-9.490000000000000000e+02,8.573536690188627851e-01
-9.484800000000000182e+02,8.583271582554491408e-01
-9.479600000000000364e+02,8.592956898494050755e-01
-9.474400000000000546e+02,8.602623856546611769e-01
-9.469199999999999591e+02,8.612240471284073884e-01
-9.463999999999999773e+02,8.621844657831335690e-01
-9.458799999999998818e+02,8.631389132508600071e-01
-9.453600000000000136e+02,8.640925589163561682e-01
-9.448399999999999181e+02,8.650401718442224386e-01
-9.443200000000000500e+02,8.659872733824586222e-01
-9.437999999999999545e+02,8.669273289183451192e-01
-9.432799999999999727e+02,8.678666634867613361e-01
-9.427599999999999909e+02,8.688004813053979980e-01
-9.422400000000000091e+02,8.697328474918641916e-01
-9.417200000000000273e+02,8.706593566346609858e-01
-9.412000000000000455e+02,8.715841281068573698e-01
-9.406799999999999500e+02,8.725043596076537122e-01
-9.401600000000000819e+02,8.734220547557502989e-01
-9.396399999999999864e+02,8.743349367003570016e-01
-9.391200000000001182e+02,8.752449791052134831e-01
-9.386000000000000227e+02,8.761511087608605530e-01
-9.380800000000000409e+02,8.770540693989169467e-01
-9.375599999999999454e+02,8.779539219333235556e-01
-9.370399999999999636e+02,8.788492527042303104e-01
-9.365199999999999818e+02,8.797412586983970328e-01
-9.360000000000000000e+02,8.806291672640740309e-01
-9.354800000000000182e+02,8.815149181774007969e-01
-9.349599999999999227e+02,8.823953052248574291e-01
-9.344400000000000546e+02,8.832737480823645848e-01
-9.339199999999999591e+02,8.841466966283515472e-01
-9.334000000000000909e+02,8.850183256483482586e-01
-9.328799999999999955e+02,8.858835077484454867e-01
-9.323600000000000136e+02,8.867478512812624336e-01
-9.318399999999999181e+02,8.876056493938696557e-01
-9.313200000000000500e+02,8.884628921015566005e-01
-9.307999999999999545e+02,8.893136687072734636e-01
-9.302800000000000864e+02,8.901635696365106654e-01
-9.297599999999999909e+02,8.910069971160479163e-01
-9.292400000000000091e+02,8.918490175118453100e-01
-9.287200000000000273e+02,8.926851790262022579e-01
-9.281999999999999318e+02,8.935194725462095588e-01
-9.276800000000000637e+02,8.943488010874267591e-01
-9.271599999999999682e+02,8.951755962186640492e-01
-9.266399999999999864e+02,8.959976587863915931e-01
-9.261199999999998909e+02,8.968168039324792007e-01
-9.256000000000000227e+02,8.976320745990464811e-01
-9.250799999999999272e+02,8.984436051277038260e-01
-9.245600000000000591e+02,8.992515685198313458e-01
-9.240399999999999636e+02,9.000552605434389841e-01
-9.235199999999999818e+02,9.008558990734665262e-01
-9.230000000000000000e+02,9.016520748036146449e-01
-9.224800000000000182e+02,9.024458997982015562e-01
-9.219600000000000364e+02,9.032343688149896410e-01
-9.214400000000000546e+02,9.040209285934072136e-01
-9.209199999999999591e+02,9.048015186654551067e-01
-9.204000000000000909e+02,9.055807534884626753e-01
-9.198799999999999955e+02,9.063534643400804613e-01
-9.193600000000001273e+02,9.071253938374084225e-01
-9.188400000000000318e+02,9.078907190149564377e-01
-9.183199999999999363e+02,9.086555344008944157e-01
-9.177999999999999545e+02,9.094133657656923164e-01
-9.172799999999999727e+02,9.101703028013403696e-01
-9.167599999999999909e+02,9.109208281479682645e-01
-9.162400000000000091e+02,9.116699830919363645e-01
-9.157200000000000273e+02,9.124137184782447063e-01
-9.151999999999999318e+02,9.131554346415124979e-01
-9.146800000000000637e+02,9.138918654554312182e-01
-9.141599999999999682e+02,9.146255126050190087e-01
-9.136400000000001000e+02,9.153541037952274140e-01
-9.131200000000000045e+02,9.160799879674857982e-01
-9.126000000000000227e+02,9.168023437243045803e-01
-9.120799999999999272e+02,9.175206760759725411e-01
-9.115600000000000591e+02,9.182351916330909747e-01
-9.110399999999999636e+02,9.189457045471898233e-01
-9.105200000000000955e+02,9.196534308988979500e-01
-9.100000000000000000e+02,9.203562966863167993e-01
-9.094799999999999045e+02,9.210567187854052928e-01
-9.089600000000000364e+02,9.217517072869341188e-01
-9.084399999999999409e+02,9.224448071713124975e-01
-9.079200000000000728e+02,9.231319389472113501e-01
-9.073999999999999773e+02,9.238177350281600031e-01
-9.068799999999999955e+02,9.244974477256385770e-01
-9.063599999999999000e+02,9.251764758616276563e-01
-9.058400000000000318e+02,9.258483694362267258e-01
-9.053199999999999363e+02,9.265197516926159116e-01
-9.048000000000000682e+02,9.271846665375346186e-01
-9.042799999999999727e+02,9.278486504171336025e-01
-9.037599999999999909e+02,9.285063033461027349e-01
-9.032400000000000091e+02,9.291624117037620145e-01
-9.027200000000000273e+02,9.298127400545310728e-01
-9.022000000000000455e+02,9.304609927342702980e-01
-9.016800000000000637e+02,9.311039991531095961e-01
-9.011599999999999682e+02,9.317445682190884648e-01
-9.006399999999998727e+02,9.323808100569880297e-01
-9.001200000000000045e+02,9.330140777231473725e-01
-8.995999999999999091e+02,9.336435108934869609e-01
-8.990800000000000409e+02,9.342691909865065147e-01
-8.985599999999999454e+02,9.348913415179258557e-01
-8.980399999999999636e+02,9.355091695601155388e-01
-8.975199999999999818e+02,9.361239989637353265e-01
-8.970000000000000000e+02,9.367343135877350679e-01
-8.964800000000000182e+02,9.373423802045243169e-01
-8.959600000000000364e+02,9.379453755554042482e-01
-8.954399999999999409e+02,9.385466343880343176e-01
-8.949200000000000728e+02,9.391419119762142165e-01
-8.943999999999999773e+02,9.397358906710240323e-01
-8.938800000000001091e+02,9.403237501100338847e-01
-8.933600000000000136e+02,9.409109476644634817e-01
-8.928400000000000318e+02,9.414915069796337965e-01
-8.923199999999999363e+02,9.420715388160537662e-01
-8.918000000000000682e+02,9.426446262781040808e-01
-8.912799999999999727e+02,9.432168409914143403e-01
-8.907599999999999909e+02,9.437831852934348564e-01
-8.902400000000000091e+02,9.443480815183751265e-01
-8.897199999999999136e+02,9.449076424775756378e-01
-8.892000000000000455e+02,9.454652411375656929e-01
-8.886799999999999500e+02,9.460180182403664650e-01
-8.881600000000000819e+02,9.465683409676970417e-01
-8.876399999999999864e+02,9.471143320404175059e-01
-8.871200000000000045e+02,9.476571085967477881e-01
-8.865999999999999091e+02,9.481957823283290177e-01
-8.860800000000000409e+02,9.487312428470595638e-01
-8.855599999999999454e+02,9.492636912613600098e-01
-8.850400000000000773e+02,9.497920811548712372e-01
-8.845199999999999818e+02,9.503177474607719111e-01
-8.840000000000000000e+02,9.508388633940030310e-01
-8.834800000000000182e+02,9.513577255675538247e-01
-8.829600000000000364e+02,9.518715264873149895e-01
-8.824400000000000546e+02,9.523836489709462949e-01
-8.819199999999999591e+02,9.528905927660574759e-01
-8.813999999999999773e+02,9.533964290281586873e-01
-8.808799999999998818e+02,9.538961531668997962e-01
-8.803600000000000136e+02,9.543952315192213431e-01
-8.798399999999999181e+02,9.548876599687128319e-01
-8.793200000000000500e+02,9.553795976211043595e-01
-8.787999999999999545e+02,9.558656464003859599e-01
-8.782799999999999727e+02,9.563507864133776737e-01
-8.777599999999999909e+02,9.568300556857389783e-01
-8.772400000000000091e+02,9.573078828242709282e-01
-8.767200000000000273e+02,9.577803917573226578e-01
-8.762000000000000455e+02,9.582512118231545362e-01
-8.756799999999999500e+02,9.587179928733762235e-01
-8.751600000000000819e+02,9.591822646754082360e-01
-8.746399999999999864e+02,9.596422676481505265e-01
-8.741200000000001182e+02,9.600994773364224244e-01
-8.736000000000000227e+02,9.605532593254445528e-01
-8.730800000000000409e+02,9.610037299247067288e-01
-8.725599999999999454e+02,9.614512278951687918e-01
-8.720399999999999636e+02,9.618946560824513936e-01
-8.715199999999999818e+02,9.623353996281135414e-01
-8.710000000000000000e+02,9.627722438413662820e-01
-8.704800000000000182e+02,9.632072391173087667e-01
-8.699599999999999227e+02,9.636375406949515554e-01
-8.694400000000000546e+02,9.640662955698642289e-01
-8.689199999999999591e+02,9.644898608121671435e-01
-8.684000000000000909e+02,9.649123758842395038e-01
-8.678799999999999955e+02,9.653292044148723550e-01
-8.673600000000000136e+02,9.657454848296154193e-01
-8.668399999999999181e+02,9.661555738732585663e-01
-8.663200000000000500e+02,9.665652341388915048e-01
-8.657999999999999545e+02,9.669695254924849381e-01
-8.652800000000000864e+02,9.673730247119279868e-01
-8.647599999999999909e+02,9.677715715925909734e-01
-8.642400000000000091e+02,9.681687766098348025e-01
-8.637200000000000273e+02,9.685611073382378589e-01
-8.631999999999999318e+02,9.689515988480718045e-01
-8.626800000000000637e+02,9.693376724992452953e-01
-8.621599999999999682e+02,9.697218327476586630e-01
-8.616399999999999864e+02,9.701027014055123576e-01
-8.611199999999998909e+02,9.704808019195959590e-01
-8.606000000000000227e+02,9.708554340896802248e-01
-8.600799999999999272e+02,9.712270684033342816e-01
-8.595600000000000591e+02,9.715960016995579540e-01
-8.590399999999999636e+02,9.719614606984822158e-01
-8.585199999999999818e+02,9.723246530256361986e-01
-8.580000000000000000e+02,9.726839770429107634e-01
-8.574800000000000182e+02,9.730414723026949986e-01
-8.569600000000000364e+02,9.733946195540394974e-01
-8.564400000000000546e+02,9.737463971825039977e-01
-8.559199999999999591e+02,9.740933908412183762e-01
-8.554000000000000909e+02,9.744394529126934046e-01
-8.548799999999999955e+02,9.747807681060779439e-01
-8.543600000000001273e+02,9.751216324246628764e-01
-8.538400000000000318e+02,9.754568299074874993e-01
-8.533199999999999363e+02,9.757916360313223514e-01
-8.527999999999999545e+02,9.761216182873576619e-01
-8.522799999999999727e+02,9.764508068410429065e-01
-8.517599999999999909e+02,9.767755667309681034e-01
-8.512400000000000091e+02,9.770990850789332827e-01
-8.507200000000000273e+02,9.774181533562287250e-01
-8.501999999999999318e+02,9.777356515280740679e-01
-8.496800000000000637e+02,9.780495222774696629e-01
-8.491599999999999682e+02,9.783614465997853005e-01
-8.486400000000001000e+02,9.786701208684207565e-01
-8.481200000000000045e+02,9.789762428776768166e-01
-8.476000000000000227e+02,9.792792050341924126e-01
-8.470799999999999272e+02,9.795797116648989888e-01
-8.465600000000000591e+02,9.798780357903149607e-01
-8.460399999999999636e+02,9.801732006064211022e-01
-8.455200000000000955e+02,9.804663492907573774e-01
-8.450000000000000000e+02,9.807562859126935928e-01
-8.444799999999999045e+02,9.810447570761100522e-01
-8.439600000000000364e+02,9.813288731162667089e-01
-8.434399999999999409e+02,9.816116377200536647e-01
-8.429200000000000728e+02,9.818909481266900885e-01
-8.423999999999999773e+02,9.821695969764572265e-01
-8.418799999999999955e+02,9.824434869778438939e-01
-8.413599999999999000e+02,9.827169670592411643e-01
-8.408400000000000318e+02,9.829852677228380076e-01
-8.403199999999999363e+02,9.832532178812650736e-01
-8.398000000000000682e+02,9.835168471436727122e-01
-8.392799999999999727e+02,9.837798064031200163e-01
-8.387599999999999909e+02,9.840387829104471074e-01
-8.382400000000000091e+02,9.842968258667451620e-01
-8.377200000000000273e+02,9.845516887053430422e-01
-8.372000000000000455e+02,9.848049681748105577e-01
-8.366800000000000637e+02,9.850546458277084083e-01
-8.361599999999999682e+02,9.853025752137464233e-01
-8.356399999999998727e+02,9.855476245276449943e-01
-8.351200000000000045e+02,9.857907971415726944e-01
-8.345999999999999091e+02,9.860316922005711859e-01
-8.340800000000000409e+02,9.862701470569098516e-01
-8.335599999999999454e+02,9.865064168866983785e-01
-8.330399999999999636e+02,9.867398665287567816e-01
-8.325199999999999818e+02,9.869714931063754415e-01
-8.320000000000000000e+02,9.872003233544948131e-01
-8.314800000000000182e+02,9.874278428147634790e-01
-8.309600000000000364e+02,9.876522246670225158e-01
-8.304399999999999409e+02,9.878756188429921314e-01
-8.299200000000000728e+02,9.880955728717010222e-01
-8.293999999999999773e+02,9.883148887050005049e-01
-8.288800000000001091e+02,9.885299368901000472e-01
-8.283600000000000136e+02,9.887446159819299751e-01
-8.278400000000000318e+02,9.889551785508494675e-01
-8.273199999999999363e+02,9.891654946307395502e-01
-8.268000000000000682e+02,9.893724936404598713e-01
-8.262799999999999727e+02,9.895788648581694824e-01
-8.257599999999999909e+02,9.897817639961096203e-01
-8.252400000000000091e+02,9.899837170107103068e-01
-8.247199999999999136e+02,9.901825221516106224e-01
-8.242000000000000455e+02,9.903800597414410545e-01
-8.236799999999999500e+02,9.905747651926419817e-01
-8.231600000000000819e+02,9.907680957961533252e-01
-8.226399999999999864e+02,9.909592445887539514e-01
-8.221200000000000045e+02,9.911485104923746237e-01
-8.215999999999999091e+02,9.913355693533961732e-01
-8.210800000000000409e+02,9.915207105044075986e-01
-8.205599999999999454e+02,9.917042122677089955e-01
-8.200400000000000773e+02,9.918855408336008095e-01
-8.195199999999999818e+02,9.920654717288825974e-01
-8.190000000000000000e+02,9.922429687786942232e-01
-8.184800000000000182e+02,9.924193661403565292e-01
-8.179600000000000364e+02,9.925930528241586615e-01
-8.174400000000000546e+02,9.927659079187011182e-01
-8.169199999999999591e+02,9.929353252193031665e-01
-8.163999999999999773e+02,9.931041236127458038e-01
-8.158799999999998818e+02,9.932701307381084366e-01
-8.153600000000000136e+02,9.934359281900615457e-01
-8.148399999999999181e+02,9.935986800671440244e-01
-8.143200000000000500e+02,9.937611536183774685e-01
-8.137999999999999545e+02,9.939198899903307627e-01
-8.132799999999999727e+02,9.940782380625942105e-01
-8.127599999999999909e+02,9.942344877302277117e-01
-8.122400000000000091e+02,9.943898469264615958e-01
-8.117200000000000273e+02,9.945420675281552159e-01
-8.112000000000000455e+02,9.946935577123992012e-01
-8.106799999999999500e+02,9.948433219497831992e-01
-8.101600000000000819e+02,9.949917690737576370e-01
-8.096399999999999864e+02,9.951380432078019700e-01
-8.091200000000001182e+02,9.952829719981663992e-01
-8.086000000000000227e+02,9.954262772633912792e-01
-8.080800000000000409e+02,9.955680357409861791e-01
-8.075599999999999454e+02,9.957083902471310921e-01
-8.070399999999999636e+02,9.958469662661065813e-01
-8.065199999999999818e+02,9.959844013439520527e-01
-8.060000000000000000e+02,9.961197959657076550e-01
-8.054800000000000182e+02,9.962542894589531128e-01
-8.049599999999999227e+02,9.963869496702585371e-01
-8.044400000000000546e+02,9.965190472966447555e-01
-8.039199999999999591e+02,9.966487016570910740e-01
-8.034000000000000909e+02,9.967778955301875854e-01
-8.028799999999999955e+02,9.969043908352938077e-01
-8.023600000000000136e+02,9.970307052446502061e-01
-8.018399999999999181e+02,9.971546271421073415e-01
-8.013200000000000500e+02,9.972783569867442743e-01
-8.007999999999999545e+02,9.973993915433017055e-01
-8.002800000000000864e+02,9.975202125361088967e-01
-7.997599999999999909e+02,9.976394415951564953e-01
-7.992400000000000091e+02,9.977580684555741319e-01
-7.987200000000000273e+02,9.978744710441320720e-01
-7.981999999999999318e+02,9.979902017071897724e-01
-7.976800000000000637e+02,9.981043058236682697e-01
-7.971599999999999682e+02,9.982173575479466043e-01
-7.966399999999999864e+02,9.983286445352954619e-01
-7.961199999999998909e+02,9.984391962505740903e-01
-7.956000000000000227e+02,9.985487552280134516e-01
-7.950799999999999272e+02,9.986574233230524067e-01
-7.945600000000000591e+02,9.987652590519815465e-01
-7.940399999999999636e+02,9.988714615193515778e-01
-7.935199999999999818e+02,9.989765282857809847e-01
-7.930000000000000000e+02,9.990805167655711916e-01
-7.924800000000000182e+02,9.991839143759707609e-01
-7.919600000000000364e+02,9.992856997550314535e-01
-7.914400000000000546e+02,9.993869501089216456e-01
-7.909199999999999591e+02,9.994868337411726422e-01
-7.904000000000000909e+02,9.995864783899234274e-01
-7.898799999999999955e+02,9.996841206925448642e-01
-7.893600000000001273e+02,9.997816349026461547e-01
-7.888400000000000318e+02,9.998775172664774447e-01
-7.883199999999999363e+02,9.999733285780292302e-01
-7.877999999999999545e+02,1.000067634756851565e+00
-7.872799999999999727e+02,1.000161699256183256e+00
-7.867599999999999909e+02,1.000253955634635927e+00
-7.862400000000000091e+02,1.000346066861908412e+00
-7.857200000000000273e+02,1.000437313698721242e+00
-7.851999999999999318e+02,1.000528035884434175e+00
-7.846800000000000637e+02,1.000617248247777535e+00
-7.841599999999999682e+02,1.000706228168490863e+00
-7.836400000000001000e+02,1.000794507193484728e+00
-7.831200000000000045e+02,1.000882209128058475e+00
-7.826000000000000227e+02,1.000969063879762588e+00
-7.820799999999999272e+02,1.001055233616777063e+00
-7.815600000000000591e+02,1.001140631310991846e+00
-7.810399999999999636e+02,1.001225580342226751e+00
-7.805200000000000955e+02,1.001310083821062014e+00
-7.800000000000000000e+02,1.001393342817366916e+00
-7.794799999999999045e+02,1.001475904209412793e+00
-7.789600000000000364e+02,1.001558323315888677e+00
-7.784399999999999409e+02,1.001640576036984420e+00
-7.779200000000000728e+02,1.001721664740180762e+00
-7.773999999999999773e+02,1.001802571462907299e+00
-7.768799999999999955e+02,1.001882082202394386e+00
-7.763599999999999000e+02,1.001961584898151569e+00
-7.758400000000000318e+02,1.002040616255958527e+00
-7.753199999999999363e+02,1.002119621906966129e+00
-7.748000000000000682e+02,1.002197176521044231e+00
-7.742799999999999727e+02,1.002274671036271991e+00
-7.737599999999999909e+02,1.002351251884860517e+00
-7.732400000000000091e+02,1.002427569856559675e+00
-7.727200000000000273e+02,1.002502622056278270e+00
-7.722000000000000455e+02,1.002577584527207133e+00
-7.716800000000000637e+02,1.002652065127836778e+00
-7.711599999999999682e+02,1.002726170634746339e+00
-7.706399999999998727e+02,1.002799499589096310e+00
-7.701200000000000045e+02,1.002872284435156969e+00
-7.695999999999999091e+02,1.002944342794237498e+00
-7.690800000000000409e+02,1.003015684032287913e+00
-7.685599999999999454e+02,1.003086394708489371e+00
-7.680399999999999636e+02,1.003156496366810702e+00
-7.675199999999999818e+02,1.003226185306502538e+00
-7.670000000000000000e+02,1.003294706720234464e+00
-7.664800000000000182e+02,1.003362763012257242e+00
-7.659600000000000364e+02,1.003429305507339109e+00
-7.654399999999999409e+02,1.003495511722592326e+00
-7.649200000000000728e+02,1.003560346722575547e+00
-7.643999999999999773e+02,1.003624974785958912e+00
-7.638800000000001091e+02,1.003687534396143111e+00
-7.633600000000000136e+02,1.003749784033816983e+00
-7.628400000000000318e+02,1.003810290239461445e+00
-7.623199999999999363e+02,1.003870322868456455e+00
-7.618000000000000682e+02,1.003928084085101258e+00
-7.612799999999999727e+02,1.003985243565126639e+00
-7.607599999999999909e+02,1.004041063217682828e+00
-7.602400000000000091e+02,1.004095743386928641e+00
-7.597199999999999136e+02,1.004148272707555245e+00
-7.592000000000000455e+02,1.004199278250431870e+00
-7.586799999999999500e+02,1.004248249747749178e+00
-7.581600000000000819e+02,1.004295668342446657e+00
-7.576399999999999864e+02,1.004341812914024468e+00
-7.571200000000000045e+02,1.004385789688832853e+00
-7.565999999999999091e+02,1.004428324494811120e+00
-7.560800000000000409e+02,1.004467893311979942e+00
-7.555599999999999454e+02,1.004506009922549570e+00
-7.550400000000000773e+02,1.004541278723098952e+00
-7.545199999999999818e+02,1.004575778243398831e+00
-7.540000000000000000e+02,1.004606515318929194e+00
-7.534800000000000182e+02,1.004636618477279697e+00
-7.529600000000000364e+02,1.004662473084501073e+00
-7.524400000000000546e+02,1.004687820211182414e+00
-7.519199999999999591e+02,1.004708707651494226e+00
-7.513999999999999773e+02,1.004729003764346373e+00
-7.508799999999998818e+02,1.004744929623399230e+00
-7.503600000000000136e+02,1.004760056669192325e+00
-7.498399999999999181e+02,1.004771559541615567e+00
-7.493200000000000500e+02,1.004781903136239496e+00
-7.487999999999999545e+02,1.004788492537973532e+00
-7.482799999999999727e+02,1.004793587653428633e+00
-7.477599999999999909e+02,1.004795406169243233e+00
-7.472400000000000091e+02,1.004795561184488317e+00
-7.467200000000000273e+02,1.004793303518185077e+00
-7.462000000000000455e+02,1.004789189150371076e+00
-7.456799999999999500e+02,1.004783147861217918e+00
-7.451600000000000819e+02,1.004774931079494893e+00
-7.446399999999999864e+02,1.004764934804532661e+00
-7.441200000000001182e+02,1.004752797864410852e+00
-7.436000000000000227e+02,1.004739296581179220e+00
-7.430800000000000409e+02,1.004724154598118036e+00
-7.425599999999999454e+02,1.004708300951727695e+00
-7.420399999999999636e+02,1.004691155764417365e+00
-7.415199999999999818e+02,1.004673612219547874e+00
-7.410000000000000000e+02,1.004655330972068716e+00
-7.404800000000000182e+02,1.004636878316290005e+00
-7.399599999999999227e+02,1.004618009590161565e+00
-7.394400000000000546e+02,1.004599032617204069e+00
-7.389199999999999591e+02,1.004580849290226841e+00
-7.384000000000000909e+02,1.004562912593550017e+00
-7.378799999999999955e+02,1.004546476477603534e+00
-7.373600000000000136e+02,1.004530687002367584e+00
-7.368399999999999181e+02,1.004517000852422681e+00
-7.363200000000000500e+02,1.004504479420457841e+00
-7.357999999999999545e+02,1.004494520596753482e+00
-7.352800000000000864e+02,1.004486401771069959e+00
-7.347599999999999909e+02,1.004481136370926508e+00
-7.342400000000000091e+02,1.004478316294453499e+00
-7.337200000000000273e+02,1.004478130921051315e+00
-7.331999999999999318e+02,1.004481541121029942e+00
-7.326800000000000637e+02,1.004488305041529195e+00
-7.321599999999999682e+02,1.004499410577668561e+00
-7.316399999999999864e+02,1.004513281727268614e+00
-7.311199999999998909e+02,1.004532220319739100e+00
-7.306000000000000227e+02,1.004553320202900224e+00
-7.300799999999999272e+02,1.004580949351931984e+00
-7.295600000000000591e+02,1.004610756678624650e+00
-7.290399999999999636e+02,1.004647720592347193e+00
-7.285199999999999818e+02,1.004686015420680922e+00
-7.280000000000000000e+02,1.004732645015645076e+00
-7.274800000000000182e+02,1.004780131643749908e+00
-7.269600000000000364e+02,1.004835786704904921e+00
-7.264400000000000546e+02,1.004891967905761296e+00
-7.259199999999999591e+02,1.004956578489417662e+00
-7.254000000000000909e+02,1.005022428177565041e+00
-7.248799999999999955e+02,1.005095255934912668e+00
-7.243600000000001273e+02,1.005169832743681102e+00
-7.238400000000000318e+02,1.005250382858820180e+00
-7.233199999999999363e+02,1.005333187115970306e+00
-7.227999999999999545e+02,1.005421468908420657e+00
-7.222799999999999727e+02,1.005512251259061740e+00
-7.217599999999999909e+02,1.005607050824393278e+00
-7.212400000000000091e+02,1.005704544983626159e+00
-7.207200000000000273e+02,1.005805126791209370e+00
-7.201999999999999318e+02,1.005908641027082995e+00
-7.196800000000000637e+02,1.006014759894037658e+00
-7.191599999999999682e+02,1.006123503731132907e+00
-7.186400000000001000e+02,1.006233809030768978e+00
-7.181200000000000045e+02,1.006346756268685194e+00
-7.176000000000000227e+02,1.006460955055262785e+00
-7.170799999999999272e+02,1.006577157282880997e+00
-7.165600000000000591e+02,1.006693870186820439e+00
-7.160399999999999636e+02,1.006812172496289737e+00
-7.155200000000000955e+02,1.006930661904880342e+00
-7.150000000000000000e+02,1.007050560377781734e+00
-7.144799999999999045e+02,1.007170602015593719e+00
-7.139600000000000364e+02,1.007291481417396328e+00
-7.134399999999999409e+02,1.007412440001760334e+00
-7.129200000000000728e+02,1.007533132197934611e+00
-7.123999999999999773e+02,1.007653808551109753e+00
-7.118799999999999955e+02,1.007774226676605656e+00
-7.113599999999999000e+02,1.007894543129352449e+00
-7.108400000000000318e+02,1.008013817427580561e+00
-7.103199999999999363e+02,1.008132818389259278e+00
-7.098000000000000682e+02,1.008251106894328508e+00
-7.092799999999999727e+02,1.008368922875378937e+00
-7.087599999999999909e+02,1.008485462168890345e+00
-7.082400000000000091e+02,1.008601589233552032e+00
-7.077200000000000273e+02,1.008717288741345364e+00
-7.072000000000000455e+02,1.008832085421729197e+00
-7.066800000000000637e+02,1.008945771634474298e+00
-7.061599999999999682e+02,1.009058410200679878e+00
-7.056399999999998727e+02,1.009170104859186790e+00
-7.051200000000000045e+02,1.009280858842903861e+00
-7.045999999999999091e+02,1.009391100459302582e+00
-7.040800000000000409e+02,1.009500337965472339e+00
-7.035599999999999454e+02,1.009609208113563250e+00
-7.030399999999999636e+02,1.009717032448214091e+00
-7.025199999999999818e+02,1.009824632547347223e+00
-7.020000000000000000e+02,1.009930844905490455e+00
-7.014800000000000182e+02,1.010036799469655522e+00
-7.009600000000000364e+02,1.010141783538080817e+00
-7.004399999999999409e+02,1.010246768040387488e+00
-6.999200000000000728e+02,1.010350919630955246e+00
-6.993999999999999773e+02,1.010455061652393960e+00
-6.988800000000001091e+02,1.010558613533643735e+00
-6.983600000000000136e+02,1.010662084980585185e+00
-6.978400000000000318e+02,1.010764680667857185e+00
-6.973199999999999363e+02,1.010867204594240398e+00
-6.968000000000000682e+02,1.010969531011234990e+00
-6.962799999999999727e+02,1.011071939668640507e+00
-6.957599999999999909e+02,1.011174685379867100e+00
-6.952400000000000091e+02,1.011277177305134778e+00
-6.947199999999999136e+02,1.011378868816374066e+00
-6.942000000000000455e+02,1.011480890836503832e+00
-6.936799999999999500e+02,1.011583322255215744e+00
-6.931600000000000819e+02,1.011685950625958119e+00
-6.926399999999999864e+02,1.011788686770222601e+00
-6.921200000000000045e+02,1.011891423117987410e+00
-6.915999999999999091e+02,1.011994066649994473e+00
-6.910800000000000409e+02,1.012097085862301959e+00
-6.905599999999999454e+02,1.012200243981530967e+00
-6.900400000000000773e+02,1.012303926447541302e+00
-6.895199999999999818e+02,1.012407706084973213e+00
-6.890000000000000000e+02,1.012512085122666106e+00
-6.884800000000000182e+02,1.012616551462140801e+00
-6.879600000000000364e+02,1.012721773066566522e+00
-6.874400000000000546e+02,1.012827086888753447e+00
-6.869199999999999591e+02,1.012932695721622256e+00
-6.863999999999999773e+02,1.013038368074772100e+00
-6.858799999999998818e+02,1.013145314429053867e+00
-6.853600000000000136e+02,1.013252480778626952e+00
-6.848399999999999181e+02,1.013359865533741244e+00
-6.843200000000000500e+02,1.013467608199176917e+00
-6.837999999999999545e+02,1.013576562758615074e+00
-6.832799999999999727e+02,1.013685814524863726e+00
-6.827599999999999909e+02,1.013795297013454277e+00
-6.822400000000000091e+02,1.013905280836266298e+00
-6.817200000000000273e+02,1.014015916137090523e+00
-6.812000000000000455e+02,1.014127125254615347e+00
-6.806799999999999500e+02,1.014238986057703240e+00
-6.801600000000000819e+02,1.014351520950500962e+00
-6.796399999999999864e+02,1.014464641132352130e+00
-6.791200000000001182e+02,1.014578607564703194e+00
-6.786000000000000227e+02,1.014693039277247744e+00
-6.780800000000000409e+02,1.014808543077132974e+00
-6.775599999999999454e+02,1.014924396919200555e+00
-6.770399999999999636e+02,1.015041489470078995e+00
-6.765199999999999818e+02,1.015158854947940004e+00
-6.760000000000000000e+02,1.015277293530702396e+00
-6.754800000000000182e+02,1.015395740456647378e+00
-6.749599999999999227e+02,1.015516362766394121e+00
-6.744400000000000546e+02,1.015637209298132282e+00
-6.739199999999999591e+02,1.015759749819932445e+00
-6.734000000000000909e+02,1.015882593388784727e+00
-6.728799999999999955e+02,1.016006628858748817e+00
-6.723600000000000136e+02,1.016131177690604348e+00
-6.718399999999999181e+02,1.016257850852082756e+00
-6.713200000000000500e+02,1.016385180328182480e+00
-6.707999999999999545e+02,1.016513665300375235e+00
-6.702800000000000864e+02,1.016643062803018971e+00
-6.697599999999999909e+02,1.016774026771576356e+00
-6.692400000000000091e+02,1.016906309047534096e+00
-6.687200000000000273e+02,1.017040429224705500e+00
-6.681999999999999318e+02,1.017175857478767931e+00
-6.676800000000000637e+02,1.017312335466863615e+00
-6.671599999999999682e+02,1.017450680545960440e+00
-6.666399999999999864e+02,1.017590238197761066e+00
-6.661199999999998909e+02,1.017732013341732245e+00
-6.656000000000000227e+02,1.017874831841737659e+00
-6.650799999999999272e+02,1.018020300428603919e+00
-6.645600000000000591e+02,1.018166633553803768e+00
-6.640399999999999636e+02,1.018316130899814986e+00
-6.635199999999999818e+02,1.018466217080729708e+00
-6.630000000000000000e+02,1.018620009396245862e+00
-6.624800000000000182e+02,1.018774121437295621e+00
-6.619600000000000364e+02,1.018932397458887085e+00
-6.614400000000000546e+02,1.019091110436181502e+00
-6.609199999999999591e+02,1.019253886950178600e+00
-6.604000000000000909e+02,1.019417511919038510e+00
-6.598799999999999955e+02,1.019585050685101191e+00
-6.593600000000001273e+02,1.019753861405325868e+00
-6.588400000000000318e+02,1.019926450116404482e+00
-6.583199999999999363e+02,1.020100724845374840e+00
-6.577999999999999545e+02,1.020278573176488957e+00
-6.572799999999999727e+02,1.020458505923515169e+00
-6.567599999999999909e+02,1.020641389500295482e+00
-6.562400000000000091e+02,1.020827154445377083e+00
-6.557200000000000273e+02,1.021016316167903781e+00
-6.551999999999999318e+02,1.021208764055971274e+00
-6.546800000000000637e+02,1.021403926922454408e+00
-6.541599999999999682e+02,1.021602773482567672e+00
-6.536400000000001000e+02,1.021803628805027842e+00
-6.531200000000000045e+02,1.022009266412517992e+00
-6.526000000000000227e+02,1.022217081265933469e+00
-6.520799999999999272e+02,1.022430038430220733e+00
-6.515600000000000591e+02,1.022644467526303114e+00
-6.510399999999999636e+02,1.022864319379387155e+00
-6.505200000000000955e+02,1.023084979052216070e+00
-6.500000000000000000e+02,1.023312077549487498e+00
-6.494799999999999045e+02,1.023539763034803318e+00
-6.489600000000000364e+02,1.023774664837072024e+00
-6.484399999999999409e+02,1.024010429328745087e+00
-6.479200000000000728e+02,1.024251998530251395e+00
-6.473999999999999773e+02,1.024494808902651766e+00
-6.468799999999999955e+02,1.024743959683265926e+00
-6.463599999999999000e+02,1.024994922084623505e+00
-6.458400000000000318e+02,1.025250591483035878e+00
-6.453199999999999363e+02,1.025508604995121198e+00
-6.448000000000000682e+02,1.025771322124092055e+00
-6.442799999999999727e+02,1.026036854156034961e+00
-6.437599999999999909e+02,1.026306467794894317e+00
-6.432400000000000091e+02,1.026579334736335669e+00
-6.427200000000000273e+02,1.026855687463913869e+00
-6.422000000000000455e+02,1.027135633355093169e+00
-6.416800000000000637e+02,1.027418526649290786e+00
-6.411599999999999682e+02,1.027705326553038701e+00
-6.406399999999998727e+02,1.027994475506085692e+00
-6.401200000000000045e+02,1.028287750492252961e+00
-6.396000000000000227e+02,1.028582805798928801e+00
-6.390800000000000409e+02,1.028882119808566031e+00
-6.385600000000000591e+02,1.029182683525220909e+00
-6.380399999999999636e+02,1.029487550622928627e+00
-6.375199999999999818e+02,1.029793141331842854e+00
-6.370000000000000000e+02,1.030102954955950834e+00
-6.364800000000000182e+02,1.030413206877735410e+00
-6.359599999999999227e+02,1.030726732265033974e+00
-6.354399999999999409e+02,1.031040602888928071e+00
-6.349199999999999591e+02,1.031357843204637526e+00
-6.343999999999999773e+02,1.031675620595652543e+00
-6.338799999999999955e+02,1.031995489467333549e+00
-6.333600000000000136e+02,1.032315823280729017e+00
-6.328400000000000318e+02,1.032636996972321475e+00
-6.323199999999999363e+02,1.032958562342488174e+00
-6.317999999999999545e+02,1.033281254823843032e+00
-6.312799999999999727e+02,1.033603838601170777e+00
-6.307599999999999909e+02,1.033926088365838325e+00
-6.302400000000000091e+02,1.034247902364837657e+00
-6.297200000000000273e+02,1.034569345432837961e+00
-6.292000000000000455e+02,1.034889869702199539e+00
-6.286800000000000637e+02,1.035210059200273092e+00
-6.281600000000000819e+02,1.035528067699077459e+00
-6.276399999999999864e+02,1.035844899869094338e+00
-6.271200000000000045e+02,1.036158803998522782e+00
-6.265999999999999091e+02,1.036471788612792766e+00
-6.260799999999999272e+02,1.036780664854795253e+00
-6.255599999999999454e+02,1.037088734931589151e+00
-6.250399999999999636e+02,1.037391301991986259e+00
-6.245199999999999818e+02,1.037693313431164110e+00
-6.240000000000000000e+02,1.037988351938476494e+00
-6.234800000000000182e+02,1.038282974270248404e+00
-6.229600000000000364e+02,1.038569458358706621e+00
-6.224400000000000546e+02,1.038855067781123687e+00
-6.219199999999999591e+02,1.039132253377248016e+00
-6.213999999999999773e+02,1.039407575991680321e+00
-6.208799999999999955e+02,1.039674353649821859e+00
-6.203600000000000136e+02,1.039938110004969607e+00
-6.198400000000000318e+02,1.040192939797258687e+00
-6.193200000000000500e+02,1.040443574862763176e+00
-6.188000000000000682e+02,1.040686418894409604e+00
-6.182799999999999727e+02,1.040923603864980951e+00
-6.177599999999999909e+02,1.041153003330456350e+00
-6.172400000000000091e+02,1.041375010553285296e+00
-6.167200000000000273e+02,1.041589476348309562e+00
-6.161999999999999318e+02,1.041795038724896205e+00
-6.156799999999999500e+02,1.041994265009880571e+00
-6.151599999999999682e+02,1.042183034228256311e+00
-6.146399999999999864e+02,1.042366689608970498e+00
-6.141200000000000045e+02,1.042537496650787210e+00
-6.136000000000000227e+02,1.042703649616181449e+00
-6.130800000000000409e+02,1.042855432186599041e+00
-6.125599999999999454e+02,1.043004012591703500e+00
-6.120399999999999636e+02,1.043136353980053777e+00
-6.115199999999999818e+02,1.043266818567939014e+00
-6.110000000000000000e+02,1.043379147128332241e+00
-6.104800000000000182e+02,1.043490247578339636e+00
-6.099600000000000364e+02,1.043582621841056213e+00
-6.094400000000000546e+02,1.043672992750405815e+00
-6.089200000000000728e+02,1.043746005219517325e+00
-6.084000000000000909e+02,1.043815356665700245e+00
-6.078799999999999955e+02,1.043868519470777301e+00
-6.073600000000000136e+02,1.043916440220324260e+00
-6.068399999999999181e+02,1.043949890157637395e+00
-6.063199999999999363e+02,1.043976464233729251e+00
-6.057999999999999545e+02,1.043990058850610136e+00
-6.052799999999999727e+02,1.043995011466377854e+00
-6.047599999999999909e+02,1.043988171038907398e+00
-6.042400000000000091e+02,1.043971487549511412e+00
-6.037200000000000273e+02,1.043945496599639977e+00
-6.032000000000000455e+02,1.043907790037851502e+00
-6.026800000000000637e+02,1.043861757651990629e+00
-6.021599999999999682e+02,1.043803085833241662e+00
-6.016399999999999864e+02,1.043738407014131342e+00
-6.011200000000000045e+02,1.043659471626384283e+00
-6.006000000000000227e+02,1.043575617447234150e+00
-6.000800000000000409e+02,1.043476451391710080e+00
-5.995600000000000591e+02,1.043374118416521945e+00
-5.990400000000000773e+02,1.043256177066142376e+00
-5.985199999999999818e+02,1.043136804239896076e+00
-5.980000000000000000e+02,1.043000295868432348e+00
-5.974800000000000182e+02,1.042862743663099945e+00
-5.969600000000000364e+02,1.042709221279922494e+00
-5.964399999999999409e+02,1.042554173832025644e+00
-5.959199999999999591e+02,1.042385226798226538e+00
-5.953999999999999773e+02,1.042213604443065655e+00
-5.948799999999999955e+02,1.042030153973136919e+00
-5.943600000000000136e+02,1.041843051799453246e+00
-5.938400000000000318e+02,1.041646003071325044e+00
-5.933200000000000500e+02,1.041444474877490922e+00
-5.927999999999999545e+02,1.041234806373225741e+00
-5.922799999999999727e+02,1.041020013168881597e+00
-5.917599999999999909e+02,1.040798769629091458e+00
-5.912400000000000091e+02,1.040571731877808714e+00
-5.907200000000000273e+02,1.040339384004304701e+00
-5.902000000000000455e+02,1.040101341262545720e+00
-5.896800000000000637e+02,1.039860079467339826e+00
-5.891599999999999682e+02,1.039612788086987427e+00
-5.886399999999999864e+02,1.039363138920099683e+00
-5.881200000000000045e+02,1.039107260527177834e+00
-5.876000000000000227e+02,1.038849790793538341e+00
-5.870799999999999272e+02,1.038586956023628716e+00
-5.865599999999999454e+02,1.038323759946289115e+00
-5.860399999999999636e+02,1.038055366910263899e+00
-5.855199999999999818e+02,1.037787025992486400e+00
-5.850000000000000000e+02,1.037513725055168035e+00
-5.844800000000000182e+02,1.037240589463764406e+00
-5.839600000000000364e+02,1.036964486177245126e+00
-5.834400000000000546e+02,1.036688652247417020e+00
-5.829200000000000728e+02,1.036410202996848939e+00
-5.823999999999999773e+02,1.036131820289819094e+00
-5.818799999999999955e+02,1.035852397273934633e+00
-5.813600000000000136e+02,1.035573138878705057e+00
-5.808400000000000318e+02,1.035294216872077122e+00
-5.803199999999999363e+02,1.035015487711620441e+00
-5.797999999999999545e+02,1.034736982506251124e+00
-5.792799999999999727e+02,1.034458946037269289e+00
-5.787599999999999909e+02,1.034182203055222349e+00
-5.782400000000000091e+02,1.033906313595258197e+00
-5.777200000000000273e+02,1.033632142800846365e+00
-5.772000000000000455e+02,1.033359453254092175e+00
-5.766799999999999500e+02,1.033089197491647848e+00
-5.761599999999999682e+02,1.032820490527410318e+00
-5.756399999999999864e+02,1.032553652870273897e+00
-5.751200000000000045e+02,1.032289369281047753e+00
-5.746000000000000227e+02,1.032027145458290107e+00
-5.740800000000000409e+02,1.031768278684419338e+00
-5.735600000000000591e+02,1.031511243638573161e+00
-5.730399999999999636e+02,1.031258379410611159e+00
-5.725199999999999818e+02,1.031007125280059888e+00
-5.720000000000000000e+02,1.030760914687160135e+00
-5.714800000000000182e+02,1.030516104340297279e+00
-5.709599999999999227e+02,1.030276780803153880e+00
-5.704399999999999409e+02,1.030039090289953219e+00
-5.699199999999999591e+02,1.029806935638390764e+00
-5.693999999999999773e+02,1.029576788803844956e+00
-5.688799999999999955e+02,1.029352123204646974e+00
-5.683600000000000136e+02,1.029129906888610169e+00
-5.678400000000000318e+02,1.028913084539001765e+00
-5.673199999999999363e+02,1.028699092360297884e+00
-5.667999999999999545e+02,1.028490418322542732e+00
-5.662799999999999727e+02,1.028284941943535813e+00
-5.657599999999999909e+02,1.028084614362309690e+00
-5.652400000000000091e+02,1.027887923165134554e+00
-5.647200000000000273e+02,1.027696163554692399e+00
-5.642000000000000455e+02,1.027508431357103014e+00
-5.636800000000000637e+02,1.027325399696960462e+00
-5.631600000000000819e+02,1.027146861674477885e+00
-5.626399999999999864e+02,1.026972613352963304e+00
-5.621200000000000045e+02,1.026803487925825431e+00
-5.615999999999999091e+02,1.026638087852671299e+00
-5.610799999999999272e+02,1.026478482565924777e+00
-5.605599999999999454e+02,1.026321953206475568e+00
-5.600399999999999636e+02,1.026171915370746257e+00
-5.595199999999999818e+02,1.026024400278797932e+00
-5.590000000000000000e+02,1.025884009949182385e+00
-5.584800000000000182e+02,1.025745833308210786e+00
-5.579600000000000364e+02,1.025614799875505190e+00
-5.574400000000000546e+02,1.025486135343974814e+00
-5.569199999999999591e+02,1.025364313663156279e+00
-5.563999999999999773e+02,1.025245182834925162e+00
-5.558799999999999955e+02,1.025132595254290679e+00
-5.553600000000000136e+02,1.025022976468022762e+00
-5.548400000000000318e+02,1.024919639592328791e+00
-5.543200000000000500e+02,1.024819496021372567e+00
-5.538000000000000682e+02,1.024725401513017609e+00
-5.532799999999999727e+02,1.024634789555487702e+00
-5.527599999999999909e+02,1.024550521234399714e+00
-5.522400000000000091e+02,1.024469533605585125e+00
-5.517200000000000273e+02,1.024393969570281948e+00
-5.511999999999999318e+02,1.024321975772577886e+00
-5.506799999999999500e+02,1.024255715742969475e+00
-5.501599999999999682e+02,1.024193196716426169e+00
-5.496399999999999864e+02,1.024135907203896911e+00
-5.491200000000000045e+02,1.024082948003655735e+00
-5.486000000000000227e+02,1.024034633031061903e+00
-5.480800000000000409e+02,1.023991552082564205e+00
-5.475599999999999454e+02,1.023952638516830493e+00
-5.470399999999999636e+02,1.023918830642063460e+00
-5.465199999999999818e+02,1.023888333613251600e+00
-5.460000000000000000e+02,1.023863828376285978e+00
-5.454800000000000182e+02,1.023842440390581476e+00
-5.449600000000000364e+02,1.023827592780426121e+00
-5.444400000000000546e+02,1.023815952374359739e+00
-5.439200000000000728e+02,1.023809781705055766e+00
-5.434000000000000909e+02,1.023806734563704524e+00
-5.428799999999999955e+02,1.023810208991290827e+00
-5.423600000000000136e+02,1.023816752889105119e+00
-5.418399999999999181e+02,1.023828862992012256e+00
-5.413199999999999363e+02,1.023844089673169089e+00
-5.407999999999999545e+02,1.023865963274088520e+00
-5.402799999999999727e+02,1.023890596763369576e+00
-5.397599999999999909e+02,1.023921156745690730e+00
-5.392400000000000091e+02,1.023954624650051937e+00
-5.387200000000000273e+02,1.023994963041625184e+00
-5.382000000000000455e+02,1.024037836333247409e+00
-5.376800000000000637e+02,1.024087494456944469e+00
-5.371599999999999682e+02,1.024139520077965715e+00
-5.366399999999999864e+02,1.024197704861657288e+00
-5.361200000000000045e+02,1.024259266468403817e+00
-5.356000000000000227e+02,1.024326928605793441e+00
-5.350800000000000409e+02,1.024398245566554344e+00
-5.345600000000000591e+02,1.024474856883190288e+00
-5.340400000000000773e+02,1.024555769464895905e+00
-5.335199999999999818e+02,1.024641374735777211e+00
-5.330000000000000000e+02,1.024731868713767646e+00
-5.324800000000000182e+02,1.024826675433901491e+00
-5.319600000000000364e+02,1.024926646577995815e+00
-5.314399999999999409e+02,1.025030631595260644e+00
-5.309199999999999591e+02,1.025140061260268576e+00
-5.303999999999999773e+02,1.025253236769411602e+00
-5.298799999999999955e+02,1.025372181991439202e+00
-5.293600000000000136e+02,1.025494526485225766e+00
-5.288400000000000318e+02,1.025623493923570662e+00
-5.283200000000000500e+02,1.025755434206059080e+00
-5.277999999999999545e+02,1.025893394058737140e+00
-5.272799999999999727e+02,1.026033969538960866e+00
-5.267599999999999909e+02,1.026181447572516836e+00
-5.262400000000000091e+02,1.026331272718678411e+00
-5.257200000000000273e+02,1.026488731189016956e+00
-5.252000000000000455e+02,1.026647690195581442e+00
-5.246800000000000637e+02,1.026814007000783624e+00
-5.241599999999999682e+02,1.026982291066596220e+00
-5.236399999999999864e+02,1.027158020156368812e+00
-5.231200000000000045e+02,1.027335981646266383e+00
-5.226000000000000227e+02,1.027520360940150645e+00
-5.220799999999999272e+02,1.027707181879459419e+00
-5.215599999999999454e+02,1.027899579613493541e+00
-5.210399999999999636e+02,1.028095673136030452e+00
-5.205199999999999818e+02,1.028296931073567899e+00
-5.200000000000000000e+02,1.028502078119465812e+00
-5.194800000000000182e+02,1.028711617958861568e+00
-5.189600000000000364e+02,1.028925260247662177e+00
-5.184400000000000546e+02,1.029142812617325653e+00
-5.179200000000000728e+02,1.029364768995876034e+00
-5.173999999999999773e+02,1.029590046086015453e+00
-5.168799999999999955e+02,1.029819938198590634e+00
-5.163600000000000136e+02,1.030052637771661228e+00
-5.158400000000000318e+02,1.030290102283103471e+00
-5.153199999999999363e+02,1.030529974293239448e+00
-5.147999999999999545e+02,1.030775132778656067e+00
-5.142799999999999727e+02,1.031021980577156771e+00
-5.137599999999999909e+02,1.031273266603883298e+00
-5.132400000000000091e+02,1.031526160275006987e+00
-5.127200000000000273e+02,1.031784075622143693e+00
-5.122000000000000455e+02,1.032042778951511863e+00
-5.116800000000000068e+02,1.032305679546575705e+00
-5.111599999999999682e+02,1.032569315814384492e+00
-5.106399999999999864e+02,1.032836283268895539e+00
-5.101200000000000045e+02,1.033106767707099083e+00
-5.096000000000000227e+02,1.033381828069819486e+00
-5.090800000000000409e+02,1.033654818845926027e+00
-5.085600000000000023e+02,1.033927826080705881e+00
-5.080400000000000205e+02,1.034202172504379291e+00
-5.075200000000000387e+02,1.034477630626307931e+00
-5.070000000000000000e+02,1.034758484547699808e+00
-5.064800000000000182e+02,1.035040899419712224e+00
-5.059599999999999795e+02,1.035319560528698002e+00
-5.054399999999999409e+02,1.035597601820465785e+00
-5.049199999999999591e+02,1.035880902862059028e+00
-5.043999999999999773e+02,1.036164025182082726e+00
-5.038799999999999955e+02,1.036441607600013803e+00
-5.033600000000000136e+02,1.036718642779538291e+00
-5.028399999999999750e+02,1.036994368459335014e+00
-5.023199999999999932e+02,1.037270438563126618e+00
-5.018000000000000114e+02,1.037548369553541017e+00
-5.012799999999999727e+02,1.037824412662390561e+00
-5.007599999999999909e+02,1.038092872081406437e+00
-5.002400000000000091e+02,1.038362815791575855e+00
-4.997200000000000273e+02,1.038630999821512413e+00
-4.992000000000000455e+02,1.038897212668140169e+00
-4.986800000000000068e+02,1.039153493344578516e+00
-4.981600000000000250e+02,1.039412460113340764e+00
-4.976400000000000432e+02,1.039666567115560936e+00
-4.971200000000000045e+02,1.039917154245731723e+00
-4.965999999999999659e+02,1.040157628223266073e+00
-4.960799999999999841e+02,1.040400047846705478e+00
-4.955599999999999454e+02,1.040636197598452384e+00
-4.950399999999999636e+02,1.040866152233959729e+00
-4.945199999999999818e+02,1.041086493648876843e+00
-4.940000000000000000e+02,1.041307293446991133e+00
-4.934800000000000182e+02,1.041521315986320806e+00
-4.929599999999999795e+02,1.041725538550845265e+00
-4.924399999999999977e+02,1.041921752575778903e+00
-4.919200000000000159e+02,1.042116066948089115e+00
-4.913999999999999773e+02,1.042303769550002146e+00
-4.908799999999999955e+02,1.042477728703044892e+00
-4.903600000000000136e+02,1.042646448379554558e+00
-4.898400000000000318e+02,1.042809172823008890e+00
-4.893200000000000500e+02,1.042966157054701304e+00
-4.888000000000000114e+02,1.043106385653940649e+00
-4.882800000000000296e+02,1.043244453927504312e+00
-4.877600000000000477e+02,1.043371561760310318e+00
-4.872399999999999523e+02,1.043494616776954542e+00
-4.867199999999999704e+02,1.043597420090744965e+00
-4.861999999999999886e+02,1.043701569664511108e+00
-4.856799999999999500e+02,1.043789922849801988e+00
-4.851599999999999682e+02,1.043874889273505691e+00
-4.846399999999999864e+02,1.043939027164207278e+00
-4.841200000000000045e+02,1.044003858845733212e+00
-4.836000000000000227e+02,1.044053946537897071e+00
-4.830799999999999841e+02,1.044100178110275445e+00
-4.825600000000000023e+02,1.044130761059042234e+00
-4.820400000000000205e+02,1.044152064175574601e+00
-4.815199999999999818e+02,1.044157442371404843e+00
-4.810000000000000000e+02,1.044160002351402605e+00
-4.804800000000000182e+02,1.044150849558785676e+00
-4.799600000000000364e+02,1.044128235774226532e+00
-4.794400000000000546e+02,1.044093734653532834e+00
-4.789200000000000159e+02,1.044053738743529802e+00
-4.784000000000000341e+02,1.044004556681799256e+00
-4.778799999999999955e+02,1.043943277856514307e+00
-4.773599999999999568e+02,1.043873761741137107e+00
-4.768399999999999750e+02,1.043785903581671004e+00
-4.763199999999999932e+02,1.043693170937856518e+00
-4.757999999999999545e+02,1.043589529836248531e+00
-4.752799999999999727e+02,1.043481826695956904e+00
-4.747599999999999909e+02,1.043357816059808263e+00
-4.742400000000000091e+02,1.043229593632239327e+00
-4.737200000000000273e+02,1.043080375856154651e+00
-4.731999999999999886e+02,1.042932586246875903e+00
-4.726800000000000068e+02,1.042769456440790776e+00
-4.721600000000000250e+02,1.042603020385133972e+00
-4.716399999999999864e+02,1.042417554900980203e+00
-4.711200000000000045e+02,1.042233103768583025e+00
-4.706000000000000227e+02,1.042036568577376254e+00
-4.700800000000000409e+02,1.041836891673511012e+00
-4.695600000000000591e+02,1.041624975126811181e+00
-4.690400000000000205e+02,1.041405077863664985e+00
-4.685199999999999818e+02,1.041173405230538807e+00
-4.680000000000000000e+02,1.040940925902768210e+00
-4.674799999999999613e+02,1.040700915070257082e+00
-4.669599999999999795e+02,1.040455128031153587e+00
-4.664399999999999977e+02,1.040202555998894107e+00
-4.659199999999999591e+02,1.039938635353553131e+00
-4.653999999999999773e+02,1.039669507598653286e+00
-4.648799999999999955e+02,1.039398681743991082e+00
-4.643600000000000136e+02,1.039124072680687183e+00
-4.638400000000000318e+02,1.038842586030294335e+00
-4.633199999999999932e+02,1.038558626279640240e+00
-4.628000000000000114e+02,1.038267741580246817e+00
-4.622800000000000296e+02,1.037974066902911385e+00
-4.617599999999999909e+02,1.037669865327230045e+00
-4.612400000000000091e+02,1.037367044542668149e+00
-4.607200000000000273e+02,1.037061272730099182e+00
-4.602000000000000455e+02,1.036755752833308453e+00
-4.596800000000000637e+02,1.036444454526434855e+00
-4.591599999999999682e+02,1.036130950520607330e+00
-4.586399999999999864e+02,1.035810572333191182e+00
-4.581200000000000045e+02,1.035493366026887019e+00
-4.575999999999999659e+02,1.035175398871655661e+00
-4.570799999999999841e+02,1.034857475143852401e+00
-4.565600000000000023e+02,1.034537715274805869e+00
-4.560399999999999636e+02,1.034214237243690881e+00
-4.555199999999999818e+02,1.033888451577682721e+00
-4.550000000000000000e+02,1.033567175539108263e+00
-4.544800000000000182e+02,1.033246793617152548e+00
-4.539600000000000364e+02,1.032926909259679338e+00
-4.534399999999999977e+02,1.032607594049038235e+00
-4.529200000000000159e+02,1.032289146145534353e+00
-4.524000000000000341e+02,1.031971484243894288e+00
-4.518799999999999955e+02,1.031650160398553728e+00
-4.513600000000000136e+02,1.031330771284572068e+00
-4.508400000000000318e+02,1.031017867249463427e+00
-4.503199999999999363e+02,1.030706418578799743e+00
-4.497999999999999545e+02,1.030397559934249418e+00
-4.492799999999999727e+02,1.030088640696874780e+00
-4.487599999999999909e+02,1.029779296566797120e+00
-4.482400000000000091e+02,1.029473008916836907e+00
-4.477199999999999704e+02,1.029174210364187880e+00
-4.471999999999999886e+02,1.028876414306366227e+00
-4.466800000000000068e+02,1.028583499805098000e+00
-4.461599999999999682e+02,1.028291604342544741e+00
-4.456399999999999864e+02,1.028004647389418214e+00
-4.451200000000000045e+02,1.027716103156502525e+00
-4.446000000000000227e+02,1.027430196796611517e+00
-4.440800000000000409e+02,1.027149708710099807e+00
-4.435600000000000023e+02,1.026875584345344317e+00
-4.430400000000000205e+02,1.026603925675388052e+00
-4.425200000000000387e+02,1.026336570366724210e+00
-4.420000000000000000e+02,1.026072210448051969e+00
-4.414800000000000182e+02,1.025811795218045663e+00
-4.409599999999999795e+02,1.025550243403024142e+00
-4.404399999999999409e+02,1.025291631429906092e+00
-4.399199999999999591e+02,1.025042124973985613e+00
-4.393999999999999773e+02,1.024795810081225556e+00
-4.388799999999999955e+02,1.024554103487197221e+00
-4.383600000000000136e+02,1.024314864713242734e+00
-4.378399999999999750e+02,1.024080794952162865e+00
-4.373199999999999932e+02,1.023847515189108215e+00
-4.368000000000000114e+02,1.023615799124511838e+00
-4.362799999999999727e+02,1.023386797118281510e+00
-4.357599999999999909e+02,1.023167804302000050e+00
-4.352400000000000091e+02,1.022949373066744494e+00
-4.347200000000000273e+02,1.022737760605077817e+00
-4.342000000000000455e+02,1.022523820264751304e+00
-4.336800000000000068e+02,1.022314083138143648e+00
-4.331600000000000250e+02,1.022106956788471743e+00
-4.326400000000000432e+02,1.021908839184283879e+00
-4.321200000000000045e+02,1.021711166016570971e+00
-4.315999999999999659e+02,1.021519268576169814e+00
-4.310799999999999841e+02,1.021328279003032469e+00
-4.305599999999999454e+02,1.021142325111161986e+00
-4.300399999999999636e+02,1.020953906692552815e+00
-4.295199999999999818e+02,1.020768451756968620e+00
-4.290000000000000000e+02,1.020589161218541596e+00
-4.284800000000000182e+02,1.020414404355185711e+00
-4.279599999999999795e+02,1.020241941847442657e+00
-4.274399999999999977e+02,1.020072410862187917e+00
-4.269200000000000159e+02,1.019900512621810584e+00
-4.263999999999999773e+02,1.019730957519810355e+00
-4.258799999999999955e+02,1.019569524177988962e+00
-4.253600000000000136e+02,1.019409596612874447e+00
-4.248400000000000318e+02,1.019253221672769882e+00
-4.243200000000000500e+02,1.019097735610873467e+00
-4.238000000000000114e+02,1.018946173198315597e+00
-4.232800000000000296e+02,1.018793356257737370e+00
-4.227600000000000477e+02,1.018641100156805424e+00
-4.222399999999999523e+02,1.018490276928377014e+00
-4.217199999999999704e+02,1.018347480025020735e+00
-4.211999999999999886e+02,1.018203760798108259e+00
-4.206799999999999500e+02,1.018064857338071949e+00
-4.201599999999999682e+02,1.017922263068183675e+00
-4.196399999999999864e+02,1.017781459129440291e+00
-4.191200000000000045e+02,1.017642979260605429e+00
-4.186000000000000227e+02,1.017510499657454659e+00
-4.180799999999999841e+02,1.017377441275512551e+00
-4.175600000000000023e+02,1.017247819385185492e+00
-4.170400000000000205e+02,1.017117850985495897e+00
-4.165199999999999818e+02,1.016991007629584942e+00
-4.160000000000000000e+02,1.016859579186747187e+00
-4.154800000000000182e+02,1.016729891055261570e+00
-4.149600000000000364e+02,1.016604979528525909e+00
-4.144400000000000546e+02,1.016482750318238759e+00
-4.139200000000000159e+02,1.016360960816184322e+00
-4.134000000000000341e+02,1.016240420140625211e+00
-4.128799999999999955e+02,1.016115828977403046e+00
-4.123599999999999568e+02,1.015993007053214381e+00
-4.118399999999999750e+02,1.015875869319044611e+00
-4.113199999999999932e+02,1.015759330969778329e+00
-4.107999999999999545e+02,1.015644326314071755e+00
-4.102799999999999727e+02,1.015527921290170665e+00
-4.097599999999999909e+02,1.015409661566828436e+00
-4.092400000000000091e+02,1.015292991709104031e+00
-4.087200000000000273e+02,1.015181751650406916e+00
-4.081999999999999886e+02,1.015069930029645517e+00
-4.076800000000000068e+02,1.014960367005901309e+00
-4.071600000000000250e+02,1.014847396044635364e+00
-4.066399999999999864e+02,1.014733947078445109e+00
-4.061200000000000045e+02,1.014623101642126546e+00
-4.056000000000000227e+02,1.014516178471593033e+00
-4.050800000000000409e+02,1.014408860698493786e+00
-4.045600000000000591e+02,1.014303141395042518e+00
-4.040400000000000205e+02,1.014193241051875694e+00
-4.035199999999999818e+02,1.014083426761317908e+00
-4.030000000000000000e+02,1.013977760583405274e+00
-4.024799999999999613e+02,1.013874278047526278e+00
-4.019599999999999795e+02,1.013765982274961841e+00
-4.014399999999999977e+02,1.013658251002345301e+00
-4.009199999999999591e+02,1.013555700878091104e+00
-4.003999999999999773e+02,1.013454091222919962e+00
-3.998799999999999955e+02,1.013352677614119735e+00
-3.993600000000000136e+02,1.013251246956519802e+00
-3.988400000000000318e+02,1.013145577066977721e+00
-3.983199999999999932e+02,1.013041435894953768e+00
-3.978000000000000114e+02,1.012941938296592737e+00
-3.972800000000000296e+02,1.012842504281998401e+00
-3.967599999999999909e+02,1.012743867140063259e+00
-3.962400000000000091e+02,1.012643028914094634e+00
-3.957200000000000273e+02,1.012539921415348987e+00
-3.952000000000000455e+02,1.012438574423953019e+00
-3.946800000000000637e+02,1.012341298600900608e+00
-3.941599999999999682e+02,1.012240567403809299e+00
-3.936399999999999864e+02,1.012138414027347499e+00
-3.931200000000000045e+02,1.012038642078445294e+00
-3.925999999999999659e+02,1.011941980890761483e+00
-3.920799999999999841e+02,1.011844455574483881e+00
-3.915600000000000023e+02,1.011747865846142957e+00
-3.910399999999999636e+02,1.011646355894184612e+00
-3.905199999999999818e+02,1.011544464427021284e+00
-3.900000000000000000e+02,1.011445790082628138e+00
-3.894800000000000182e+02,1.011348787006162153e+00
-3.889600000000000364e+02,1.011245981428129825e+00
-3.884399999999999977e+02,1.011143157542224502e+00
-3.879200000000000159e+02,1.011044583662388252e+00
-3.874000000000000341e+02,1.010945840720670619e+00
-3.868799999999999955e+02,1.010841464365488163e+00
-3.863600000000000136e+02,1.010737595394445965e+00
-3.858400000000000318e+02,1.010637614002262374e+00
-3.853199999999999363e+02,1.010536987167331313e+00
-3.847999999999999545e+02,1.010436025416363348e+00
-3.842799999999999727e+02,1.010332425904070908e+00
-3.837599999999999909e+02,1.010225059271704362e+00
-3.832400000000000091e+02,1.010118121610007691e+00
-3.827199999999999704e+02,1.010014673451590683e+00
-3.821999999999999886e+02,1.009906964277318631e+00
-3.816800000000000068e+02,1.009796845188564829e+00
-3.811599999999999682e+02,1.009687259208647880e+00
-3.806399999999999864e+02,1.009580789787281274e+00
-3.801200000000000045e+02,1.009468754258197043e+00
-3.796000000000000227e+02,1.009355448482005535e+00
-3.790800000000000409e+02,1.009243199385730039e+00
-3.785600000000000023e+02,1.009133516013801080e+00
-3.780400000000000205e+02,1.009017356167412505e+00
-3.775200000000000387e+02,1.008900956832993412e+00
-3.770000000000000000e+02,1.008786567313298743e+00
-3.764800000000000182e+02,1.008673955215048101e+00
-3.759599999999999795e+02,1.008559567868895002e+00
-3.754399999999999409e+02,1.008445814866029577e+00
-3.749199999999999591e+02,1.008325809575955523e+00
-3.743999999999999773e+02,1.008206522726714516e+00
-3.738799999999999955e+02,1.008091672453806931e+00
-3.733600000000000136e+02,1.007976410582508198e+00
-3.728399999999999750e+02,1.007856872706945017e+00
-3.723199999999999932e+02,1.007738910614796035e+00
-3.718000000000000114e+02,1.007625762425145455e+00
-3.712799999999999727e+02,1.007511669099744323e+00
-3.707599999999999909e+02,1.007395176766724632e+00
-3.702400000000000091e+02,1.007281601665800608e+00
-3.697200000000000273e+02,1.007173010160958615e+00
-3.692000000000000455e+02,1.007063493491360706e+00
-3.686800000000000068e+02,1.006953090075684454e+00
-3.681600000000000250e+02,1.006847686112193108e+00
-3.676400000000000432e+02,1.006746749940368613e+00
-3.671200000000000045e+02,1.006645737976261445e+00
-3.665999999999999659e+02,1.006544659319787094e+00
-3.660799999999999841e+02,1.006451267336983202e+00
-3.655599999999999454e+02,1.006361343488697546e+00
-3.650399999999999636e+02,1.006272622361684910e+00
-3.645199999999999818e+02,1.006184269145107057e+00
-3.640000000000000000e+02,1.006106473215954367e+00
-3.634800000000000182e+02,1.006031257714373073e+00
-3.629599999999999795e+02,1.005957608222458610e+00
-3.624399999999999977e+02,1.005885802708421650e+00
-3.619200000000000159e+02,1.005825579708744089e+00
-3.613999999999999773e+02,1.005767827013731130e+00
-3.608799999999999955e+02,1.005711480208199671e+00
-3.603600000000000136e+02,1.005659303309718977e+00
-3.598400000000000318e+02,1.005617521453121777e+00
-3.593200000000000500e+02,1.005578520262752962e+00
-3.588000000000000114e+02,1.005540946920868484e+00
-3.582800000000000296e+02,1.005509467988370043e+00
-3.577600000000000477e+02,1.005486539880207086e+00
-3.572399999999999523e+02,1.005466584876838265e+00
-3.567199999999999704e+02,1.005447671517596175e+00
-3.561999999999999886e+02,1.005436459293226337e+00
-3.556799999999999500e+02,1.005431640270453508e+00
-3.551599999999999682e+02,1.005429582998993210e+00
-3.546399999999999864e+02,1.005427891698036369e+00
-3.541200000000000045e+02,1.005435037542264709e+00
-3.536000000000000227e+02,1.005446292552953480e+00
-3.530799999999999841e+02,1.005459467211758939e+00
-3.525600000000000023e+02,1.005472478172313222e+00
-3.520400000000000205e+02,1.005494715996784860e+00
-3.515199999999999818e+02,1.005519215050612925e+00
-3.510000000000000000e+02,1.005543776813160761e+00
-3.504800000000000182e+02,1.005568485637281739e+00
-3.499600000000000364e+02,1.005601311367203765e+00
-3.494400000000000546e+02,1.005635555731987374e+00
-3.489200000000000159e+02,1.005666879676133663e+00
-3.484000000000000341e+02,1.005699510135388941e+00
-3.478799999999999955e+02,1.005738292724497551e+00
-3.473599999999999568e+02,1.005777002327444158e+00
-3.468399999999999750e+02,1.005811884957985347e+00
-3.463199999999999932e+02,1.005848352136592183e+00
-3.457999999999999545e+02,1.005888892460544914e+00
-3.452799999999999727e+02,1.005927683363801117e+00
-3.447599999999999909e+02,1.005962546800594604e+00
-3.442400000000000091e+02,1.005998716928220071e+00
-3.437200000000000273e+02,1.006037597946453754e+00
-3.431999999999999886e+02,1.006072750878508337e+00
-3.426800000000000068e+02,1.006104513393020206e+00
-3.421600000000000250e+02,1.006137130010503977e+00
-3.416399999999999864e+02,1.006171614864163733e+00
-3.411200000000000045e+02,1.006200312515566297e+00
-3.406000000000000227e+02,1.006226605120502215e+00
-3.400800000000000409e+02,1.006253346212863331e+00
-3.395600000000000591e+02,1.006281499422885695e+00
-3.390400000000000205e+02,1.006301900329263921e+00
-3.385199999999999818e+02,1.006321085629202194e+00
-3.380000000000000000e+02,1.006340686771137083e+00
-3.374799999999999613e+02,1.006360953718360873e+00
-3.369599999999999795e+02,1.006372631291932107e+00
-3.364399999999999977e+02,1.006383403818660538e+00
-3.359199999999999591e+02,1.006390779811757508e+00
-3.353999999999999773e+02,1.006397710797030554e+00
-3.348799999999999955e+02,1.006406446041572700e+00
-3.343600000000000136e+02,1.006413200886129511e+00
-3.338400000000000318e+02,1.006412959262746654e+00
-3.333199999999999932e+02,1.006412521051327058e+00
-3.328000000000000114e+02,1.006413912322178472e+00
-3.322800000000000296e+02,1.006412051452151957e+00
-3.317599999999999909e+02,1.006404865113367020e+00
-3.312400000000000091e+02,1.006397866932723595e+00
-3.307200000000000273e+02,1.006392776226391561e+00
-3.302000000000000455e+02,1.006383317118101584e+00
-3.296800000000000637e+02,1.006370112902562397e+00
-3.291599999999999682e+02,1.006357778828674387e+00
-3.286399999999999864e+02,1.006347180779187056e+00
-3.281200000000000045e+02,1.006331424346891712e+00
-3.275999999999999659e+02,1.006313296295025861e+00
-3.270799999999999841e+02,1.006296950748642560e+00
-3.265600000000000023e+02,1.006282059075737756e+00
-3.260399999999999636e+02,1.006265361391005975e+00
-3.255199999999999818e+02,1.006248681259421796e+00
-3.250000000000000000e+02,1.006225996415092139e+00
-3.244800000000000182e+02,1.006202533568468338e+00
-3.239600000000000364e+02,1.006182765615349028e+00
-3.234399999999999977e+02,1.006163254004975194e+00
-3.229200000000000159e+02,1.006137729033336869e+00
-3.224000000000000341e+02,1.006112525268632707e+00
-3.218799999999999955e+02,1.006091536398205477e+00
-3.213600000000000136e+02,1.006069563032990333e+00
-3.208400000000000318e+02,1.006042917641423173e+00
-3.203199999999999363e+02,1.006017360180837539e+00
-3.198000000000000114e+02,1.005995688663399390e+00
-3.192800000000000296e+02,1.005972239296983650e+00
-3.187599999999999909e+02,1.005945239069865105e+00
-3.182400000000000091e+02,1.005920266984397626e+00
-3.177199999999999704e+02,1.005898565548798196e+00
-3.171999999999999886e+02,1.005874455672739698e+00
-3.166800000000000068e+02,1.005847708191738965e+00
-3.161599999999999682e+02,1.005823959630009368e+00
-3.156399999999999864e+02,1.005802762910726456e+00
-3.151200000000000045e+02,1.005778538196795413e+00
-3.146000000000000227e+02,1.005752534539730458e+00
-3.140800000000000409e+02,1.005730514312477730e+00
-3.135600000000000023e+02,1.005710221830850237e+00
-3.130399999999999636e+02,1.005686282535986020e+00
-3.125199999999999818e+02,1.005661317796336274e+00
-3.120000000000000000e+02,1.005641340916459514e+00
-3.114800000000000182e+02,1.005622231458296989e+00
-3.109599999999999795e+02,1.005598794882827995e+00
-3.104399999999999977e+02,1.005575209965842376e+00
-3.099200000000000159e+02,1.005557319838061181e+00
-3.094000000000000341e+02,1.005539630543262009e+00
-3.088799999999999955e+02,1.005522410123557808e+00
-3.083600000000000136e+02,1.005504589966855544e+00
-3.078399999999999750e+02,1.005482862745288308e+00
-3.073199999999999932e+02,1.005462655545702910e+00
-3.068000000000000114e+02,1.005446879984712272e+00
-3.062799999999999727e+02,1.005429700385303216e+00
-3.057599999999999909e+02,1.005409384627539815e+00
-3.052400000000000091e+02,1.005391444660866274e+00
-3.047200000000000273e+02,1.005377024982228917e+00
-3.042000000000000455e+02,1.005360504697962121e+00
-3.036800000000000068e+02,1.005341521420510364e+00
-3.031599999999999682e+02,1.005325816439640141e+00
-3.026399999999999864e+02,1.005312728162594427e+00
-3.021200000000000045e+02,1.005296762863509885e+00
-3.016000000000000227e+02,1.005279050855399703e+00
-3.010799999999999841e+02,1.005265506110180951e+00
-3.005600000000000023e+02,1.005253618192146758e+00
-3.000400000000000205e+02,1.005242220915054219e+00
-2.995200000000000387e+02,1.005230953636024438e+00
-2.990000000000000000e+02,1.005215658210997010e+00
-2.984800000000000182e+02,1.005199732250352973e+00
-2.979599999999999795e+02,1.005189135834080760e+00
-2.974399999999999977e+02,1.005178918713981906e+00
-2.969200000000000159e+02,1.005163945333945152e+00
-2.963999999999999773e+02,1.005149587526450450e+00
-2.958799999999999955e+02,1.005140353814529375e+00
-2.953600000000000136e+02,1.005131269446129405e+00
-2.948400000000000318e+02,1.005122472659013333e+00
-2.943199999999999932e+02,1.005112576201358632e+00
-2.938000000000000114e+02,1.005099013412576792e+00
-2.932799999999999727e+02,1.005087307985546685e+00
-2.927599999999999909e+02,1.005079398928489409e+00
-2.922400000000000091e+02,1.005069564011693117e+00
-2.917200000000000273e+02,1.005056839912991551e+00
-2.911999999999999886e+02,1.005046794300649804e+00
-2.906800000000000068e+02,1.005039644755842287e+00
-2.901599999999999682e+02,1.005032698935024671e+00
-2.896399999999999864e+02,1.005025928851351003e+00
-2.891200000000000045e+02,1.005016049765308672e+00
-2.886000000000000227e+02,1.005004378230688777e+00
-2.880799999999999841e+02,1.004996654627060559e+00
-2.875600000000000023e+02,1.004990527208164952e+00
-2.870400000000000205e+02,1.004980500508790620e+00
-2.865199999999999818e+02,1.004969459949588639e+00
-2.860000000000000000e+02,1.004963160928218135e+00
-2.854799999999999613e+02,1.004957653176399734e+00
-2.849599999999999795e+02,1.004952344562653366e+00
-2.844399999999999977e+02,1.004946998557988858e+00
-2.839200000000000159e+02,1.004936714488596339e+00
-2.833999999999999773e+02,1.004926996512665704e+00
-2.828799999999999955e+02,1.004922201450436869e+00
-2.823600000000000136e+02,1.004917488684919258e+00
-2.818400000000000318e+02,1.004912901838383998e+00
-2.813199999999999932e+02,1.004907112612059894e+00
-2.807999999999999545e+02,1.004897538329878381e+00
-2.802799999999999727e+02,1.004889772447897345e+00
-2.797599999999999909e+02,1.004885655561739366e+00
-2.792400000000000091e+02,1.004879479472051473e+00
-2.787200000000000273e+02,1.004870348194246699e+00
-2.781999999999999886e+02,1.004863774520302400e+00
-2.776800000000000068e+02,1.004860049502291020e+00
-2.771600000000000250e+02,1.004856402866119991e+00
-2.766399999999999864e+02,1.004852841473161673e+00
-2.761200000000000045e+02,1.004846043354163498e+00
-2.755999999999999659e+02,1.004837430877428162e+00
-2.750799999999999841e+02,1.004832653441193546e+00
-2.745600000000000023e+02,1.004829436401530884e+00
-2.740400000000000205e+02,1.004826312869249172e+00
-2.735199999999999818e+02,1.004823247263138875e+00
-2.730000000000000000e+02,1.004815740899010157e+00
-2.724800000000000182e+02,1.004807622838183034e+00
-2.719600000000000364e+02,1.004804511211247364e+00
-2.714399999999999977e+02,1.004801734933942647e+00
-2.709199999999999591e+02,1.004799067838429982e+00
-2.703999999999999773e+02,1.004795907317558079e+00
-2.698799999999999955e+02,1.004788136875307769e+00
-2.693600000000000136e+02,1.004781336449378726e+00
-2.688400000000000318e+02,1.004778912658011114e+00
-2.683199999999999932e+02,1.004776558524924424e+00
-2.678000000000000114e+02,1.004774280445869694e+00
-2.672800000000000296e+02,1.004770288585504767e+00
-2.667599999999999909e+02,1.004762883364492820e+00
-2.662400000000000091e+02,1.004757679589320940e+00
-2.657199999999999704e+02,1.004755587993411137e+00
-2.651999999999999886e+02,1.004753577062821979e+00
-2.646800000000000068e+02,1.004751646050884295e+00
-2.641600000000000250e+02,1.004746772510637376e+00
-2.636399999999999864e+02,1.004739703420062247e+00
-2.631200000000000045e+02,1.004736016051897662e+00
-2.626000000000000227e+02,1.004734253589764315e+00
-2.620799999999999841e+02,1.004728791739602167e+00
-2.615600000000000023e+02,1.004721906798951681e+00
-2.610399999999999636e+02,1.004719231217191089e+00
-2.605199999999999818e+02,1.004717670467182522e+00
-2.600000000000000000e+02,1.004716157517705044e+00
-2.594800000000000182e+02,1.004714685085038139e+00
-2.589600000000000364e+02,1.004708294183142669e+00
-2.584399999999999977e+02,1.004701808514627981e+00
-2.579200000000000159e+02,1.004700474056414494e+00
-2.573999999999999773e+02,1.004699174402561956e+00
-2.568799999999999955e+02,1.004697906946040442e+00
-2.563600000000000136e+02,1.004695733205039909e+00
-2.558400000000000034e+02,1.004689316698110346e+00
-2.553199999999999932e+02,1.004684303695921432e+00
-2.548000000000000114e+02,1.004683202422094190e+00
-2.542800000000000011e+02,1.004682123148056938e+00
-2.537600000000000193e+02,1.004681087665071804e+00
-2.532400000000000091e+02,1.004677931310076211e+00
-2.527199999999999704e+02,1.004671762622902920e+00
-2.521999999999999886e+02,1.004668149424229773e+00
-2.516800000000000068e+02,1.004667272362367747e+00
-2.511599999999999966e+02,1.004666416171446253e+00
-2.506399999999999864e+02,1.004665593422056080e+00
-2.501200000000000045e+02,1.004661429177306609e+00
-2.496000000000000227e+02,1.004655444864358316e+00
-2.490800000000000125e+02,1.004653265833740372e+00
-2.485600000000000023e+02,1.004652593759153278e+00
-2.480399999999999920e+02,1.004651900936937681e+00
-2.475199999999999818e+02,1.004651276580212471e+00
-2.470000000000000000e+02,1.004646092787287559e+00
-2.464799999999999898e+02,1.004640309566984246e+00
-2.459600000000000080e+02,1.004639514921241705e+00
-2.454399999999999977e+02,1.004638844099489337e+00
-2.449200000000000159e+02,1.004633135372798192e+00
-2.444000000000000057e+02,1.004628024278677811e+00
-2.438800000000000239e+02,1.004627577594318089e+00
-2.433599999999999852e+02,1.004627173120868910e+00
-2.428399999999999750e+02,1.004626816987180815e+00
-2.423199999999999932e+02,1.004625087756373158e+00
-2.418000000000000114e+02,1.004619521953746597e+00
-2.412800000000000011e+02,1.004615793749990660e+00
-2.407599999999999909e+02,1.004615512889705409e+00
-2.402400000000000091e+02,1.004615290269950778e+00
-2.397200000000000273e+02,1.004615075668757074e+00
-2.392000000000000171e+02,1.004612300629923904e+00
-2.386799999999999784e+02,1.004606894243651460e+00
-2.381599999999999966e+02,1.004604506084269433e+00
-2.376399999999999864e+02,1.004604394889978547e+00
-2.371200000000000045e+02,1.004600905013877998e+00
-2.365999999999999943e+02,1.004595606559178567e+00
-2.360800000000000125e+02,1.004594127208679133e+00
-2.355600000000000023e+02,1.004594100927910905e+00
-2.350400000000000205e+02,1.004594099019693099e+00
-2.345200000000000102e+02,1.004594113519395426e+00
-2.340000000000000000e+02,1.004589547586959508e+00
-2.334799999999999898e+02,1.004584366608673340e+00
-2.329599999999999795e+02,1.004584254032497626e+00
-2.324399999999999977e+02,1.004584176801393225e+00
-2.319200000000000159e+02,1.004579080263999113e+00
-2.314000000000000057e+02,1.004574591339355782e+00
-2.308799999999999955e+02,1.004574748054832600e+00
-2.303600000000000136e+02,1.004574938773669990e+00
-2.298400000000000318e+02,1.004575152888378398e+00
-2.293199999999999932e+02,1.004573967843707116e+00
-2.287999999999999829e+02,1.004569008111636963e+00
-2.282800000000000011e+02,1.004565853948346632e+00
-2.277599999999999909e+02,1.004566142651257543e+00
-2.272400000000000091e+02,1.004564226186168030e+00
-2.267199999999999989e+02,1.004559339132319984e+00
-2.262000000000000171e+02,1.004557058916961898e+00
-2.256800000000000068e+02,1.004557437337104897e+00
-2.251599999999999682e+02,1.004554813528087953e+00
-2.246399999999999864e+02,1.004549993836421962e+00
-2.241200000000000045e+02,1.004548587717096320e+00
-2.235999999999999943e+02,1.004549012745120873e+00
-2.230799999999999841e+02,1.004545657032216432e+00
-2.225600000000000023e+02,1.004540903321452516e+00
-2.220400000000000205e+02,1.004540389797907940e+00
-2.215200000000000102e+02,1.004540923850554934e+00
-2.210000000000000000e+02,1.004541433713052268e+00
-2.204799999999999898e+02,1.004541974849590069e+00
-2.199599999999999795e+02,1.004537495734748598e+00
-2.194399999999999977e+02,1.004533047034807058e+00
-2.189199999999999875e+02,1.004533663884016548e+00
-2.184000000000000057e+02,1.004533638578955834e+00
-2.178799999999999955e+02,1.004529055683775818e+00
-2.173600000000000136e+02,1.004525491918646818e+00
-2.168400000000000034e+02,1.004526153614208051e+00
-2.163200000000000216e+02,1.004525407398308978e+00
-2.157999999999999829e+02,1.004520881713861558e+00
-2.152799999999999727e+02,1.004518157969483294e+00
-2.147599999999999909e+02,1.004518900430826367e+00
-2.142400000000000091e+02,1.004517415138709513e+00
-2.137199999999999989e+02,1.004512927781023190e+00
-2.131999999999999886e+02,1.004511108144727327e+00
-2.126800000000000068e+02,1.004511905074231937e+00
-2.121600000000000250e+02,1.004509658177746845e+00
-2.116400000000000148e+02,1.004505229390432408e+00
-2.111199999999999761e+02,1.004504271578108288e+00
-2.105999999999999943e+02,1.004505121265634404e+00
-2.100799999999999841e+02,1.004502129888440898e+00
-2.095600000000000023e+02,1.004497777636168099e+00
-2.090399999999999920e+02,1.004497699347155049e+00
-2.085200000000000102e+02,1.004498605873103134e+00
-2.080000000000000000e+02,1.004494868396841323e+00
-2.074800000000000182e+02,1.004490565892169895e+00
-2.069600000000000080e+02,1.004486283881008690e+00
-2.064399999999999977e+02,1.004482237916167975e+00
-2.059199999999999875e+02,1.004483214557497117e+00
-2.053999999999999773e+02,1.004483548640247470e+00
-2.048799999999999955e+02,1.004479344149707964e+00
-2.043600000000000136e+02,1.004476154346448435e+00
-2.038400000000000034e+02,1.004477182574979643e+00
-2.033199999999999932e+02,1.004476765737061461e+00
-2.028000000000000114e+02,1.004472589890043288e+00
-2.022800000000000296e+02,1.004470294166705413e+00
-2.017599999999999909e+02,1.004471374461848310e+00
-2.012399999999999807e+02,1.004470188235720984e+00
-2.007199999999999989e+02,1.004466083450413771e+00
-2.001999999999999886e+02,1.004461962333217384e+00
-1.996800000000000068e+02,1.004457859924391405e+00
-1.991599999999999966e+02,1.004456843888765327e+00
-1.986400000000000148e+02,1.004457998975150534e+00
-1.981200000000000045e+02,1.004455728598115272e+00
-1.976000000000000227e+02,1.004451673416740576e+00
-1.970799999999999841e+02,1.004451509054935965e+00
-1.965600000000000023e+02,1.004452708070551870e+00
-1.960399999999999920e+02,1.004449663920857994e+00
-1.955199999999999818e+02,1.004445653376774716e+00
-1.950000000000000000e+02,1.004441680612001120e+00
-1.944800000000000182e+02,1.004437695417228049e+00
-1.939600000000000080e+02,1.004438825930565660e+00
-1.934399999999999977e+02,1.004439825884783533e+00
-1.929200000000000159e+02,1.004435901475661197e+00
-1.923999999999999773e+02,1.004431960710199689e+00
-1.918799999999999955e+02,1.004428057621667980e+00
-1.913599999999999852e+02,1.004425228283837068e+00
-1.908400000000000034e+02,1.004426543074786071e+00
-1.903199999999999932e+02,1.004426431250545537e+00
-1.898000000000000114e+02,1.004422575619105196e+00
-1.892800000000000011e+02,1.004418701912215273e+00
-1.887600000000000193e+02,1.004414867826545654e+00
-1.882400000000000091e+02,1.004413310616346200e+00
-1.877199999999999704e+02,1.004414709118227167e+00
-1.871999999999999886e+02,1.004413460618658327e+00
-1.866800000000000068e+02,1.004409668382519882e+00
-1.861599999999999966e+02,1.004405884018441331e+00
-1.856399999999999864e+02,1.004402114341563124e+00
-1.851200000000000045e+02,1.004401806984485113e+00
-1.846000000000000227e+02,1.004403291269277965e+00
-1.840800000000000125e+02,1.004400889513730633e+00
-1.835600000000000023e+02,1.004397162691453405e+00
-1.830399999999999920e+02,1.004393444114576761e+00
-1.825199999999999818e+02,1.004389711771940252e+00
-1.820000000000000000e+02,1.004390716231923664e+00
-1.814799999999999898e+02,1.004392245018047580e+00
-1.809600000000000080e+02,1.004388703464601518e+00
-1.804399999999999977e+02,1.004385034700586043e+00
-1.799200000000000159e+02,1.004381384438770786e+00
-1.794000000000000057e+02,1.004377739444805684e+00
-1.788800000000000239e+02,1.004374106174810821e+00
-1.783599999999999852e+02,1.004371567117255948e+00
-1.778399999999999750e+02,1.004373172800181901e+00
-1.773199999999999932e+02,1.004373290392617468e+00
-1.768000000000000114e+02,1.004369700948453792e+00
-1.762800000000000011e+02,1.004366116014540067e+00
-1.757599999999999909e+02,1.004362544914006783e+00
-1.752400000000000091e+02,1.004358979688413145e+00
-1.747200000000000273e+02,1.004355432296770489e+00
-1.742000000000000171e+02,1.004354581808477365e+00
-1.736799999999999784e+02,1.004356283199745015e+00
-1.731599999999999966e+02,1.004354878331842338e+00
-1.726399999999999864e+02,1.004351369626820478e+00
-1.721200000000000045e+02,1.004347867740528200e+00
-1.715999999999999943e+02,1.004344400377796598e+00
-1.710800000000000125e+02,1.004340917784384946e+00
-1.705600000000000023e+02,1.004337445373353566e+00
-1.700400000000000205e+02,1.004333983244902528e+00
-1.695200000000000102e+02,1.004330530087881757e+00
-1.690000000000000000e+02,1.004331806336360655e+00
-1.684799999999999898e+02,1.004333605387420336e+00
-1.679599999999999795e+02,1.004330301327860164e+00
-1.674399999999999977e+02,1.004326889075880080e+00
-1.669200000000000159e+02,1.004323487810929949e+00
-1.664000000000000057e+02,1.004320092269890496e+00
-1.658799999999999955e+02,1.004316733806220885e+00
-1.653600000000000136e+02,1.004313357235251392e+00
-1.648400000000000318e+02,1.004309995214552220e+00
-1.643199999999999932e+02,1.004308146792603385e+00
-1.637999999999999829e+02,1.004310018254824799e+00
-1.632800000000000011e+02,1.004310003609915958e+00
-1.627599999999999909e+02,1.004306701876007457e+00
-1.622400000000000091e+02,1.004303383475148914e+00
-1.617199999999999989e+02,1.004300080115571259e+00
-1.612000000000000171e+02,1.004296782152653389e+00
-1.606800000000000068e+02,1.004293494696125943e+00
-1.601599999999999682e+02,1.004290215354248117e+00
-1.596400000000000148e+02,1.004286969943620988e+00
-1.591200000000000045e+02,1.004283710407083419e+00
-1.585999999999999943e+02,1.004280460771526551e+00
-1.580799999999999841e+02,1.004281156252869733e+00
-1.575600000000000023e+02,1.004283162925612594e+00
-1.570400000000000205e+02,1.004280841126026447e+00
-1.565199999999999818e+02,1.004277629321850052e+00
-1.560000000000000000e+02,1.004274428327154078e+00
-1.554799999999999898e+02,1.004271255942297936e+00
-1.549600000000000080e+02,1.004268074623562379e+00
-1.544399999999999977e+02,1.004264899733706473e+00
-1.539199999999999875e+02,1.004261737604711158e+00
-1.534000000000000057e+02,1.004258601428895670e+00
-1.528799999999999955e+02,1.004255456292450610e+00
-1.523600000000000136e+02,1.004252316304055537e+00
-1.518400000000000034e+02,1.004249214094850462e+00
-1.513199999999999932e+02,1.004247622213775948e+00
-1.508000000000000114e+02,1.004249749618651100e+00
-1.502800000000000011e+02,1.004249956045636827e+00
-1.497600000000000193e+02,1.004246867591732650e+00
-1.492400000000000091e+02,1.004243785261728750e+00
-1.487199999999999989e+02,1.004240737139494577e+00
-1.481999999999999886e+02,1.004237674645470646e+00
-1.476800000000000068e+02,1.004234624324287228e+00
-1.471599999999999966e+02,1.004231602485593511e+00
-1.466399999999999864e+02,1.004228567675679917e+00
-1.461200000000000045e+02,1.004225542471056665e+00
-1.455999999999999943e+02,1.004222548123483438e+00
-1.450799999999999841e+02,1.004219542457190473e+00
-1.445600000000000023e+02,1.004216544571607583e+00
-1.440399999999999920e+02,1.004213580635625158e+00
-1.435200000000000102e+02,1.004210601559052618e+00
-1.430000000000000000e+02,1.004212431401390049e+00
-1.424799999999999898e+02,1.004214684721327799e+00
-1.419600000000000080e+02,1.004211811048955960e+00
-1.414399999999999977e+02,1.004208887885164048e+00
-1.409200000000000159e+02,1.004205958551761757e+00
-1.403999999999999773e+02,1.004203056167340291e+00
-1.398799999999999955e+02,1.004200143715258564e+00
-1.393600000000000136e+02,1.004197235638226937e+00
-1.388400000000000034e+02,1.004194365925465737e+00
-1.383199999999999932e+02,1.004191478384484526e+00
-1.377999999999999829e+02,1.004188623766023358e+00
-1.372800000000000011e+02,1.004185752771372453e+00
-1.367599999999999909e+02,1.004182919035281341e+00
-1.362400000000000091e+02,1.004180068777980939e+00
-1.357199999999999989e+02,1.004177230367170326e+00
-1.351999999999999886e+02,1.004174420722259820e+00
-1.346800000000000068e+02,1.004171600173759504e+00
-1.341599999999999966e+02,1.004171959920229229e+00
-1.336400000000000148e+02,1.004174390213089296e+00
-1.331200000000000045e+02,1.004173279999559076e+00
-1.325999999999999943e+02,1.004170495936778984e+00
-1.320800000000000125e+02,1.004167742847919431e+00
-1.315600000000000023e+02,1.004164973300429642e+00
-1.310399999999999920e+02,1.004162240638580172e+00
-1.305199999999999818e+02,1.004159493416850735e+00
-1.300000000000000000e+02,1.004156778192291322e+00
-1.294800000000000182e+02,1.004154045465642131e+00
-1.289600000000000080e+02,1.004151349419722949e+00
-1.284399999999999977e+02,1.004148636160483887e+00
-1.279200000000000017e+02,1.004145958781875292e+00
-1.274000000000000057e+02,1.004143261728986269e+00
-1.268800000000000097e+02,1.004140604489667687e+00
-1.263599999999999852e+02,1.004139093311158915e+00
-1.258400000000000034e+02,1.004141685918490623e+00
-1.253199999999999932e+02,1.004142675254352524e+00
-1.248000000000000114e+02,1.004140054079714073e+00
-1.242800000000000011e+02,1.004137415763276087e+00
-1.237599999999999909e+02,1.004134813523958059e+00
-1.232399999999999949e+02,1.004132194221890151e+00
-1.227199999999999989e+02,1.004129608362202219e+00
-1.222000000000000028e+02,1.004127007870144528e+00
-1.216799999999999926e+02,1.004124440483856961e+00
-1.211599999999999966e+02,1.004121859621509349e+00
-1.206400000000000006e+02,1.004119307872932243e+00
-1.201200000000000045e+02,1.004116768350864719e+00
-1.196000000000000085e+02,1.004114216471637677e+00
-1.190799999999999983e+02,1.004111696488940497e+00
-1.185600000000000023e+02,1.004109160478013463e+00
-1.180400000000000063e+02,1.004111050776736569e+00
-1.175200000000000102e+02,1.004113764189539459e+00
-1.170000000000000000e+02,1.004111702382822768e+00
-1.164799999999999898e+02,1.004109225550726237e+00
-1.159600000000000080e+02,1.004106741102319678e+00
-1.154399999999999977e+02,1.004104283475963255e+00
-1.149200000000000159e+02,1.004101816366216759e+00
-1.143999999999999915e+02,1.004099374270150724e+00
-1.138799999999999955e+02,1.004096928941824229e+00
-1.133599999999999994e+02,1.004094508059148350e+00
-1.128400000000000034e+02,1.004092100529432319e+00
-1.123199999999999932e+02,1.004089675553486494e+00
-1.117999999999999972e+02,1.004087288851100768e+00
-1.112800000000000011e+02,1.004086890434514823e+00
-1.107600000000000051e+02,1.004089755574489651e+00
-1.102399999999999949e+02,1.004090219103573878e+00
-1.097199999999999989e+02,1.004087847155237911e+00
-1.092000000000000028e+02,1.004085502614362690e+00
-1.086800000000000068e+02,1.004083144847677245e+00
-1.081600000000000108e+02,1.004080820761541926e+00
-1.076399999999999864e+02,1.004078508783186940e+00
-1.071200000000000045e+02,1.004076182621671753e+00
-1.065999999999999943e+02,1.004073885661706855e+00
-1.060800000000000125e+02,1.004071600981552459e+00
-1.055599999999999881e+02,1.004069302062287061e+00
-1.050399999999999920e+02,1.004071449731812837e+00
-1.045199999999999960e+02,1.004074401855897802e+00
-1.040000000000000000e+02,1.004072557055143422e+00
-1.034800000000000040e+02,1.004070315654918666e+00
-1.029599999999999937e+02,1.004068069224194337e+00
-1.024399999999999977e+02,1.004065847785620136e+00
-1.019200000000000017e+02,1.004063642288525848e+00
-1.014000000000000057e+02,1.004061416964431741e+00
-1.008799999999999955e+02,1.004059229350987348e+00
-1.003599999999999994e+02,1.004058247981573615e+00
-9.984000000000000341e+01,1.004061292246470005e+00
-9.932000000000000739e+01,1.004062738428425972e+00
-9.880000000000001137e+01,1.004060568842332302e+00
-9.828000000000000114e+01,1.004058426528698256e+00
-9.775999999999999091e+01,1.004056296352874744e+00
-9.724000000000000909e+01,1.004054150604941187e+00
-9.671999999999999886e+01,1.004052040814867652e+00
-9.619999999999998863e+01,1.004049937114544155e+00
-9.567999999999999261e+01,1.004047822764861264e+00
-9.515999999999999659e+01,1.004048966569237367e+00
-9.464000000000000057e+01,1.004052127118234328e+00
-9.412000000000000455e+01,1.004051649387961209e+00
-9.359999999999999432e+01,1.004049574188268235e+00
-9.307999999999999829e+01,1.004047530917735020e+00
-9.256000000000000227e+01,1.004045494718122322e+00
-9.204000000000000625e+01,1.004043451011889188e+00
-9.151999999999999602e+01,1.004041436991606417e+00
-9.100000000000000000e+01,1.004044286185103774e+00
-9.048000000000000398e+01,1.004047462297531057e+00
-8.996000000000000796e+01,1.004045480203688667e+00
-8.944000000000001194e+01,1.004043502630435736e+00
-8.891999999999998749e+01,1.004041520739243465e+00
-8.840000000000000568e+01,1.004039561895780919e+00
-8.787999999999999545e+01,1.004037619617248689e+00
-8.736000000000001364e+01,1.004036898482186135e+00
-8.683999999999998920e+01,1.004040211217364309e+00
-8.631999999999999318e+01,1.004041885206891749e+00
-8.579999999999999716e+01,1.004039984029419852e+00
-8.528000000000000114e+01,1.004038065113007860e+00
-8.476000000000000512e+01,1.004036180163226044e+00
-8.423999999999999488e+01,1.004034302955214342e+00
-8.371999999999999886e+01,1.004032418330022436e+00
-8.320000000000000284e+01,1.004033408971760633e+00
-8.268000000000000682e+01,1.004036799348948739e+00
-8.215999999999999659e+01,1.004036931522287013e+00
-8.164000000000000057e+01,1.004035085189215248e+00
-8.112000000000000455e+01,1.004033270637263886e+00
-8.060000000000000853e+01,1.004031465311882254e+00
-8.007999999999998408e+01,1.004033718133591213e+00
-7.956000000000000227e+01,1.004037146104919564e+00
-7.903999999999999204e+01,1.004036138691058344e+00
-7.852000000000001023e+01,1.004034374022007015e+00
-7.800000000000000000e+01,1.004032599114785373e+00
-7.748000000000000398e+01,1.004030908743494654e+00
-7.695999999999999375e+01,1.004034392642913831e+00
-7.643999999999999773e+01,1.004037440236342782e+00
-7.592000000000000171e+01,1.004035711304451572e+00
-7.540000000000000568e+01,1.004034006087271003e+00
-7.488000000000000966e+01,1.004032318497049880e+00
-7.435999999999999943e+01,1.004031894155529070e+00
-7.384000000000000341e+01,1.004035437394998231e+00
-7.331999999999999318e+01,1.004037343889477629e+00
-7.279999999999999716e+01,1.004035694736637119e+00
-7.228000000000000114e+01,1.004034050324556393e+00
-7.176000000000000512e+01,1.004032400225316035e+00
-7.123999999999999488e+01,1.004033242296955342e+00
-7.071999999999999886e+01,1.004036869122095332e+00
-7.019999999999998863e+01,1.004037619050394570e+00
-6.968000000000000682e+01,1.004036008799594315e+00
-6.915999999999999659e+01,1.004034428943544111e+00
-6.864000000000000057e+01,1.004032859496463814e+00
-6.812000000000000455e+01,1.004034987870103812e+00
-6.759999999999999432e+01,1.004038631805693527e+00
-6.707999999999999829e+01,1.004038242451023466e+00
-6.656000000000000227e+01,1.004036715602263374e+00
-6.604000000000000625e+01,1.004039691165993897e+00
-6.551999999999999602e+01,1.004043396375933872e+00
-6.500000000000000000e+01,1.004042229040633671e+00
-6.448000000000000398e+01,1.004040741423313898e+00
-6.396000000000000085e+01,1.004039271864664018e+00
-6.344000000000000483e+01,1.004038260560074614e+00
-6.292000000000000171e+01,1.004042044166144843e+00
-6.240000000000000568e+01,1.004044950885875087e+00
-6.187999999999999545e+01,1.004043523068595567e+00
-6.135999999999999943e+01,1.004043377666375969e+00
-6.083999999999999631e+01,1.004047163346796667e+00
-6.032000000000000028e+01,1.004049312964277352e+00
-5.980000000000000426e+01,1.004047927070417900e+00
-5.928000000000000114e+01,1.004046546371558435e+00
-5.876000000000000512e+01,1.004045159859659364e+00
-5.823999999999999488e+01,1.004046285107179859e+00
-5.771999999999999886e+01,1.004050174528011041e+00
-5.719999999999999574e+01,1.004051167682591839e+00
-5.667999999999999972e+01,1.004049842553712546e+00
-5.615999999999999659e+01,1.004051810284943613e+00
-5.564000000000000057e+01,1.004055722009134399e+00
-5.511999999999999744e+01,1.004055959060065506e+00
-5.460000000000000142e+01,1.004054677460906264e+00
-5.408000000000000540e+01,1.004053408006577497e+00
-5.356000000000000227e+01,1.004052122191078533e+00
-5.304000000000000625e+01,1.004055382734389879e+00
-5.251999999999999602e+01,1.004059376842701079e+00
-5.200000000000000000e+01,1.004058474981952331e+00
-5.147999999999999687e+01,1.004057307488953832e+00
-5.096000000000000085e+01,1.004061338850614771e+00
-5.043999999999999773e+01,1.004064877320576255e+00
-4.992000000000000171e+01,1.004063697526897725e+00
-4.940000000000000568e+01,1.004063418131589058e+00
-4.887999999999999545e+01,1.004067473883970996e+00
-4.835999999999999943e+01,1.004070231469012198e+00
-4.783999999999999631e+01,1.004069094502094250e+00
-4.732000000000000028e+01,1.004069661450095685e+00
-4.679999999999999716e+01,1.004073778088837132e+00
-4.628000000000000114e+01,1.004075781199589068e+00
-4.575999999999999801e+01,1.004074665155320956e+00
-4.524000000000000199e+01,1.004073578843502679e+00
-4.472000000000000597e+01,1.004072505890914568e+00
-4.420000000000000284e+01,1.004074363836036321e+00
-4.368000000000000682e+01,1.004078545046198201e+00
-4.315999999999999659e+01,1.004079371296980216e+00
-4.264000000000000057e+01,1.004078339257112207e+00
-4.211999999999999744e+01,1.004081044831644176e+00
-4.160000000000000142e+01,1.004085269425106342e+00
-4.107999999999999829e+01,1.004085381007748135e+00
-4.056000000000000227e+01,1.004084392801200432e+00
-4.003999999999999204e+01,1.004087925363142286e+00
-3.951999999999999602e+01,1.004092193445354608e+00
-3.900000000000000000e+01,1.004091530060267079e+00
-3.847999999999999687e+01,1.004090700384179025e+00
-3.796000000000000085e+01,1.004094986756031593e+00
-3.744000000000000483e+01,1.004098758453674023e+00
-3.692000000000000171e+01,1.004097854808266188e+00
-3.639999999999999858e+01,1.004097870579578666e+00
-3.588000000000000256e+01,1.004102222414871015e+00
-3.535999999999999943e+01,1.004105239567873564e+00
-3.484000000000000341e+01,1.004104380603155988e+00
-3.432000000000000028e+01,1.004103504381168799e+00
-3.379999999999999716e+01,1.004102668571781320e+00
-3.328000000000000114e+01,1.004103975985514152e+00
-3.275999999999999801e+01,1.004108391397166677e+00
-3.224000000000000199e+01,1.004110274724579144e+00
-3.172000000000000242e+01,1.004109482057971681e+00
-3.120000000000000284e+01,1.004111598173344833e+00
-3.067999999999999972e+01,1.004116058659357602e+00
-3.016000000000000014e+01,1.004117188236520519e+00
-2.964000000000000057e+01,1.004116437951593221e+00
-2.911999999999999744e+01,1.004119442941326046e+00
-2.859999999999999787e+01,1.004123947223059199e+00
-2.807999999999999829e+01,1.004124279688871857e+00
-2.755999999999999872e+01,1.004123573006324932e+00
-2.704000000000000270e+01,1.004127427953827922e+00
-2.652000000000000313e+01,1.004131977480991145e+00
-2.600000000000000000e+01,1.004131576310184348e+00
-2.548000000000000043e+01,1.004131046181297116e+00
-2.496000000000000085e+01,1.004135637224460975e+00
-2.443999999999999773e+01,1.004139675334353665e+00
-2.391999999999999815e+01,1.004139053385177061e+00
-2.339999999999999858e+01,1.004138432829740024e+00
-2.287999999999999901e+01,1.004137836345353252e+00
-2.236000000000000298e+01,1.004138579833866896e+00
-2.184000000000000341e+01,1.004143239463449744e+00
-2.132000000000000028e+01,1.004146123951743297e+00
-2.080000000000000071e+01,1.004145569895996903e+00
-2.028000000000000114e+01,1.004147161665980281e+00
-1.975999999999999801e+01,1.004151864069823485e+00
-1.923999999999999844e+01,1.004154014864757194e+00
-1.872000000000000242e+01,1.004153506255740513e+00
-1.819999999999999929e+01,1.004155967862484289e+00
-1.767999999999999972e+01,1.004160693724037934e+00
-1.716000000000000014e+01,1.004162071733421646e+00
-1.664000000000000057e+01,1.004161608218054891e+00
-1.612000000000000099e+01,1.004161157714438479e+00
-1.560000000000000142e+01,1.004160717315402129e+00
-1.508000000000000007e+01,1.004164471926806135e+00
-1.455999999999999872e+01,1.004169266071859523e+00
-1.403999999999999915e+01,1.004169490424553501e+00
-1.352000000000000135e+01,1.004169094791637518e+00
-1.300000000000000000e+01,1.004173700020351223e+00
-1.248000000000000043e+01,1.004178404663105262e+00
-1.195999999999999908e+01,1.004178050563579117e+00
-1.143999999999999950e+01,1.004177699793332712e+00
-1.092000000000000171e+01,1.004177367907426621e+00
-1.040000000000000036e+01,1.004177993061920793e+00
-9.879999999999999005e+00,1.004182897837994748e+00
-9.360000000000001208e+00,1.004186452868158774e+00
-8.839999999999999858e+00,1.004186169306272580e+00
-8.320000000000000284e+00,1.004185889599126691e+00
-7.800000000000000711e+00,1.004185625482320710e+00
-7.279999999999999361e+00,1.004187546168794798e+00
-6.760000000000000675e+00,1.004192521622699008e+00
-6.240000000000000213e+00,1.004194923139222873e+00
-5.719999999999999751e+00,1.004194706592707487e+00
-5.200000000000000178e+00,1.004197479139281590e+00
-4.680000000000000604e+00,1.004202519043475794e+00
-4.160000000000000142e+00,1.004204169486769826e+00
-3.639999999999999680e+00,1.004203997473994470e+00
-3.120000000000000107e+00,1.004203838810208582e+00
-2.600000000000000089e+00,1.004203689088133178e+00
-2.080000000000000071e+00,1.004203532311137570e+00
-1.560000000000000053e+00,1.004203405236011815e+00
-1.040000000000000036e+00,1.004207897387666248e+00
-5.200000000000000178e-01,1.004213026042590329e+00
-0.000000000000000000e+00,1.004213170124295340e+00
5.200000000000000178e-01,1.004213090543559561e+00
1.040000000000000036e+00,1.004213030533213979e+00
1.560000000000000053e+00,1.004213545464578639e+00
2.080000000000000071e+00,1.004218743096922939e+00
2.600000000000000089e+00,1.004222926528917981e+00
3.120000000000000107e+00,1.004222913138272499e+00
3.639999999999999680e+00,1.004222902574307019e+00
4.160000000000000142e+00,1.004222911569051746e+00
4.680000000000000604e+00,1.004224720668116300e+00
5.200000000000000178e+00,1.004229969081791074e+00
5.719999999999999751e+00,1.004233045537525681e+00
6.240000000000000213e+00,1.004233101932320293e+00
6.760000000000000675e+00,1.004233143778755277e+00
7.279999999999999361e+00,1.004233221473480153e+00
7.800000000000000711e+00,1.004233309620894854e+00
8.320000000000000284e+00,1.004233409633989549e+00
8.839999999999999858e+00,1.004233522601524431e+00
9.360000000000001208e+00,1.004233647876599189e+00
9.879999999999999005e+00,1.004237605633784058e+00
1.040000000000000036e+01,1.004242967806879161e+00
1.092000000000000171e+01,1.004244141692713921e+00
1.143999999999999950e+01,1.004244289203919172e+00
1.195999999999999908e+01,1.004244476926774210e+00
1.248000000000000043e+01,1.004244671062269223e+00
1.300000000000000000e+01,1.004244882826093921e+00
1.352000000000000135e+01,1.004245099763618976e+00
1.403999999999999915e+01,1.004245335221203961e+00
1.455999999999999872e+01,1.004246184734689074e+00
1.508000000000000007e+01,1.004251677910994234e+00
1.560000000000000142e+01,1.004256161087509147e+00
1.612000000000000099e+01,1.004256446404744541e+00
1.664000000000000057e+01,1.004256711980979766e+00
1.716000000000000014e+01,1.004257019281944663e+00
1.767999999999999972e+01,1.004257331082209825e+00
1.819999999999999929e+01,1.004257663144104917e+00
1.872000000000000242e+01,1.004258001263090616e+00
1.923999999999999844e+01,1.004258354757685545e+00
1.975999999999999801e+01,1.004258716639700788e+00
2.028000000000000114e+01,1.004259092858326152e+00
2.080000000000000071e+01,1.004259479529991506e+00
2.132000000000000028e+01,1.004259858039667108e+00
2.184000000000000341e+01,1.004260269961982255e+00
2.236000000000000298e+01,1.004260692819597622e+00
2.287999999999999901e+01,1.004261128186992869e+00
2.339999999999999858e+01,1.004261572863328622e+00
2.391999999999999815e+01,1.004266254734353714e+00
2.443999999999999773e+01,1.004271957534719428e+00
2.496000000000000085e+01,1.004273034668774711e+00
2.548000000000000043e+01,1.004273525972769976e+00
2.600000000000000000e+01,1.004274037258875873e+00
2.652000000000000313e+01,1.004274553314571383e+00
2.704000000000000270e+01,1.004275066572376751e+00
2.755999999999999872e+01,1.004275604545482370e+00
2.807999999999999829e+01,1.004276163804868061e+00
2.859999999999999787e+01,1.004276724681603339e+00
2.911999999999999744e+01,1.004277308858398943e+00
2.964000000000000057e+01,1.004277896514854440e+00
3.016000000000000014e+01,1.004278504942300199e+00
3.067999999999999972e+01,1.004279117629796048e+00
3.120000000000000284e+01,1.004279745461921447e+00
3.172000000000000242e+01,1.004280380747437418e+00
3.224000000000000199e+01,1.004281011466503060e+00
3.275999999999999801e+01,1.004281672618748678e+00
3.328000000000000114e+01,1.004282350089864329e+00
3.379999999999999716e+01,1.004279980684740226e+00
3.432000000000000028e+01,1.004275465540886092e+00
3.484000000000000341e+01,1.004274399520791672e+00
3.535999999999999943e+01,1.004275120273597777e+00
3.588000000000000256e+01,1.004275855497533509e+00
3.639999999999999858e+01,1.004276601463389484e+00
3.692000000000000171e+01,1.004277362524985007e+00
3.744000000000000483e+01,1.004278132934521173e+00
3.796000000000000085e+01,1.004278916691076828e+00
3.847999999999999687e+01,1.004279684313662768e+00
3.900000000000000000e+01,1.004280493502918814e+00
3.951999999999999602e+01,1.004281307474494955e+00
4.003999999999999204e+01,1.004282142540760869e+00
4.056000000000000227e+01,1.004282980560066596e+00
4.107999999999999829e+01,1.004283840157332852e+00
4.160000000000000142e+01,1.004283650524578464e+00
4.211999999999999744e+01,1.004279298808574916e+00
4.264000000000000057e+01,1.004276402127520784e+00
4.315999999999999659e+01,1.004277308535546975e+00
4.368000000000000682e+01,1.004278219491453017e+00
4.420000000000000284e+01,1.004279149862449261e+00
4.472000000000000597e+01,1.004280064100525172e+00
4.524000000000000199e+01,1.004281013721121329e+00
4.575999999999999801e+01,1.004281972449837523e+00
4.628000000000000114e+01,1.004282946409493560e+00
4.679999999999999716e+01,1.004280875543239748e+00
4.732000000000000028e+01,1.004276640825525924e+00
4.783999999999999631e+01,1.004275893405302655e+00
4.835999999999999943e+01,1.004276913646648284e+00
4.887999999999999545e+01,1.004277946455014670e+00
4.940000000000000568e+01,1.004278988535420636e+00
4.992000000000000171e+01,1.004280047085557070e+00
5.043999999999999773e+01,1.004281113502923484e+00
5.096000000000000085e+01,1.004277494929019854e+00
5.147999999999999687e+01,1.004273349824446049e+00
5.200000000000000000e+01,1.004274324734172330e+00
5.251999999999999602e+01,1.004275437048258723e+00
5.304000000000000625e+01,1.004276568969374894e+00
5.356000000000000227e+01,1.004277034649141198e+00
5.408000000000000540e+01,1.004272959536288035e+00
5.460000000000000142e+01,1.004269974740084281e+00
5.511999999999999744e+01,1.004271152517870469e+00
5.564000000000000057e+01,1.004272333816416785e+00
5.615999999999999659e+01,1.004273538817183287e+00
5.667999999999999972e+01,1.004272856678700032e+00
5.719999999999999574e+01,1.004268866179526043e+00
5.771999999999999886e+01,1.004267114278002637e+00
5.823999999999999488e+01,1.004268362108469148e+00
5.876000000000000512e+01,1.004269618448715429e+00
5.928000000000000114e+01,1.004270888145212037e+00
5.980000000000000426e+01,1.004269093694398762e+00
6.032000000000000028e+01,1.004265154329955223e+00
6.083999999999999631e+01,1.004264721871181765e+00
6.135999999999999943e+01,1.004266036897378145e+00
6.187999999999999545e+01,1.004263469850254831e+00
6.240000000000000568e+01,1.004259573660431615e+00
6.292000000000000171e+01,1.004260010705348094e+00
6.344000000000000483e+01,1.004261372435584443e+00
6.396000000000000085e+01,1.004262750580561470e+00
6.448000000000000398e+01,1.004264133648458124e+00
6.500000000000000000e+01,1.004260396397064659e+00
6.551999999999999602e+01,1.004256876502971130e+00
6.604000000000000625e+01,1.004258301294897793e+00
6.656000000000000227e+01,1.004259040495554478e+00
6.707999999999999829e+01,1.004255257435211490e+00
6.759999999999999432e+01,1.004252564998838082e+00
6.812000000000000455e+01,1.004254037455454718e+00
6.864000000000000057e+01,1.004254023728021750e+00
6.915999999999999659e+01,1.004250286804348358e+00
6.968000000000000682e+01,1.004248465025694870e+00
7.019999999999998863e+01,1.004249983619331710e+00
7.071999999999999886e+01,1.004249216078688445e+00
7.123999999999999488e+01,1.004245522762965415e+00
7.176000000000000512e+01,1.004244549821332155e+00
7.228000000000000114e+01,1.004246111311339229e+00
7.279999999999999716e+01,1.004244548222745781e+00
7.331999999999999318e+01,1.004240901110712736e+00
7.384000000000000341e+01,1.004237282398779740e+00
7.435999999999999943e+01,1.004233653767806489e+00
7.488000000000000966e+01,1.004233974672833263e+00
7.540000000000000568e+01,1.004235603972900126e+00
7.592000000000000171e+01,1.004232913457587140e+00
7.643999999999999773e+01,1.004229333628644083e+00
7.695999999999999375e+01,1.004230504234440824e+00
7.748000000000000398e+01,1.004232176632177787e+00
7.800000000000000000e+01,1.004228749846914903e+00
7.852000000000001023e+01,1.004225212807621670e+00
7.903999999999999204e+01,1.004221693221368783e+00
7.956000000000000227e+01,1.004218900877875686e+00
8.007999999999998408e+01,1.004220640143612675e+00
8.060000000000000853e+01,1.004221254270059704e+00
8.112000000000000455e+01,1.004217779102526853e+00
8.164000000000000057e+01,1.004215837834993463e+00
8.215999999999999659e+01,1.004217620237400910e+00
8.268000000000000682e+01,1.004217479147927694e+00
8.320000000000000284e+01,1.004214052450395078e+00
8.371999999999999886e+01,1.004210650986552267e+00
8.423999999999999488e+01,1.004207242740659201e+00
8.476000000000000512e+01,1.004206574412116248e+00
8.528000000000000114e+01,1.004208421933303175e+00
8.579999999999999716e+01,1.004207147593490390e+00
8.631999999999999318e+01,1.004203785704267382e+00
8.683999999999998920e+01,1.004200452456494919e+00
8.736000000000001364e+01,1.004197109453641934e+00
8.787999999999999545e+01,1.004197734632549244e+00
8.840000000000000568e+01,1.004199648896426211e+00
8.891999999999998749e+01,1.004197223784273119e+00
8.944000000000001194e+01,1.004193926072120435e+00
8.996000000000000796e+01,1.004190639565987864e+00
9.048000000000000398e+01,1.004187361181914540e+00
9.100000000000000000e+01,1.004184103249482263e+00
9.151999999999999602e+01,1.004181192100359388e+00
9.204000000000000625e+01,1.004183188519916392e+00
9.256000000000000227e+01,1.004184460622783881e+00
9.307999999999999829e+01,1.004181248953381234e+00
9.359999999999999432e+01,1.004178038464978551e+00
9.412000000000000455e+01,1.004174864836235859e+00
9.464000000000000057e+01,1.004171676157822990e+00
9.515999999999999659e+01,1.004168507672400068e+00
9.567999999999999261e+01,1.004167291174697496e+00
9.619999999999998863e+01,1.004169375137005105e+00
9.671999999999999886e+01,1.004169116243622151e+00
9.724000000000000909e+01,1.004166007175869346e+00
9.775999999999999091e+01,1.004162887201146992e+00
9.828000000000000114e+01,1.004159780168134342e+00
9.880000000000001137e+01,1.004156702564401593e+00
9.932000000000000739e+01,1.004153595274708932e+00
9.984000000000000341e+01,1.004154093279706395e+00
1.003599999999999994e+02,1.004156262870723904e+00
1.008799999999999955e+02,1.004154471172020946e+00
1.014000000000000057e+02,1.004151425815028364e+00
1.019200000000000017e+02,1.004148414944055823e+00
1.024399999999999977e+02,1.004145391358053363e+00
1.029599999999999937e+02,1.004142384405740884e+00
1.034800000000000040e+02,1.004139401304708024e+00
1.040000000000000000e+02,1.004136417652455648e+00
1.045199999999999960e+02,1.004133799803412996e+00
1.050399999999999920e+02,1.004136072475130925e+00
1.055599999999999881e+02,1.004137582953818164e+00
1.060800000000000125e+02,1.004134642149505430e+00
1.065999999999999943e+02,1.004131722435263052e+00
1.071200000000000045e+02,1.004128803929960512e+00
1.076399999999999864e+02,1.004125887885658486e+00
1.081600000000000108e+02,1.004123006422065645e+00
1.086800000000000068e+02,1.004120111369803059e+00
1.092000000000000028e+02,1.004117232730180609e+00
1.097199999999999989e+02,1.004114358066648061e+00
1.102399999999999949e+02,1.004111500408085833e+00
1.107600000000000051e+02,1.004111421078453636e+00
1.112800000000000011e+02,1.004113818204861230e+00
1.117999999999999972e+02,1.004113054156288598e+00
1.123199999999999932e+02,1.004110237155786400e+00
1.128400000000000034e+02,1.004107449347873882e+00
1.133599999999999994e+02,1.004104650798311349e+00
1.138799999999999955e+02,1.004101865816469097e+00
1.143999999999999915e+02,1.004099108136496943e+00
1.149200000000000159e+02,1.004096345635714371e+00
1.154399999999999977e+02,1.004093590490831689e+00
1.159600000000000080e+02,1.004090868330919539e+00
1.164799999999999898e+02,1.004088131919077309e+00
1.170000000000000000e+02,1.004090607955254733e+00
1.175200000000000102e+02,1.004092763562072665e+00
1.180400000000000063e+02,1.004090065641220164e+00
1.185600000000000023e+02,1.004087369161028143e+00
1.190799999999999983e+02,1.004084710291815785e+00
1.196000000000000085e+02,1.004082034572683524e+00
1.201200000000000045e+02,1.004079378084531182e+00
1.206400000000000006e+02,1.004076721514328918e+00
1.211599999999999966e+02,1.004074083797166894e+00
1.216799999999999926e+02,1.004071450609074434e+00
1.222000000000000028e+02,1.004068850558931913e+00
1.227199999999999989e+02,1.004066238640429987e+00
1.232399999999999949e+02,1.004063640789297551e+00
1.237599999999999909e+02,1.004061069912855153e+00
1.242800000000000011e+02,1.004058491447393120e+00
1.248000000000000114e+02,1.004059131376970893e+00
1.253199999999999932e+02,1.004061806763498765e+00
1.258400000000000034e+02,1.004060882164066415e+00
1.263599999999999852e+02,1.004058340228594526e+00
1.268800000000000097e+02,1.004055831989171921e+00
1.274000000000000057e+02,1.004053311842429741e+00
1.279200000000000017e+02,1.004050805081007969e+00
1.284399999999999977e+02,1.004048322486255307e+00
1.289600000000000080e+02,1.004045838137473501e+00
1.294800000000000182e+02,1.004043357868091624e+00
1.300000000000000000e+02,1.004040911390299051e+00
1.305199999999999818e+02,1.004038447215606977e+00
1.310399999999999920e+02,1.004036001090855112e+00
1.315600000000000023e+02,1.004033556175822683e+00
1.320800000000000125e+02,1.004031151190070803e+00
1.325999999999999943e+02,1.004028707517308661e+00
1.331200000000000045e+02,1.004026302787306424e+00
1.336400000000000148e+02,1.004025523692544830e+00
1.341599999999999966e+02,1.004028367901542484e+00
1.346800000000000068e+02,1.004029212523530390e+00
1.351999999999999886e+02,1.004026844728828305e+00
1.357199999999999989e+02,1.004024483374786225e+00
1.362400000000000091e+02,1.004022153592724065e+00
1.367599999999999909e+02,1.004019810834421822e+00
1.372800000000000011e+02,1.004017478251369999e+00
1.377999999999999829e+02,1.004015155350368227e+00
1.383199999999999932e+02,1.004012862974386078e+00
1.388400000000000034e+02,1.004010560333044033e+00
1.393600000000000136e+02,1.004008264769701952e+00
1.398799999999999955e+02,1.004006001806709847e+00
1.403999999999999773e+02,1.004003728014357666e+00
1.409200000000000159e+02,1.004001464893076179e+00
1.414399999999999977e+02,1.003999226642783960e+00
1.419600000000000080e+02,1.003996983292492207e+00
1.424799999999999898e+02,1.003994743577089732e+00
1.430000000000000000e+02,1.003992538932818146e+00
1.435200000000000102e+02,1.003990739110255825e+00
1.440399999999999920e+02,1.003993766622933936e+00
1.445600000000000023e+02,1.003995974748252529e+00
1.450799999999999841e+02,1.003993791689010262e+00
1.455999999999999943e+02,1.003991587657438123e+00
1.461200000000000045e+02,1.003989439206726342e+00
1.466399999999999864e+02,1.003987274686484410e+00
1.471599999999999966e+02,1.003985123924852729e+00
1.476800000000000068e+02,1.003982996832340380e+00
1.481999999999999886e+02,1.003980867148708711e+00
1.487199999999999989e+02,1.003978741992746837e+00
1.492400000000000091e+02,1.003976647698194835e+00
1.497600000000000193e+02,1.003974540275623051e+00
1.502800000000000011e+02,1.003972442947741239e+00
1.508000000000000114e+02,1.003970373049139608e+00
1.513199999999999932e+02,1.003968293799257339e+00
1.518400000000000034e+02,1.003966225241315513e+00
1.523600000000000136e+02,1.003964164695753558e+00
1.528799999999999955e+02,1.003966182505882099e+00
1.534000000000000057e+02,1.003969371772960084e+00
1.539199999999999875e+02,1.003968123461088435e+00
1.544399999999999977e+02,1.003966097770226273e+00
1.549600000000000080e+02,1.003964084590344363e+00
1.554799999999999898e+02,1.003962094798142468e+00
1.560000000000000000e+02,1.003960098157260727e+00
1.565199999999999818e+02,1.003958104457039147e+00
1.570400000000000205e+02,1.003956148051207364e+00
1.575600000000000023e+02,1.003954172928985589e+00
1.580799999999999841e+02,1.003952213962153506e+00
1.585999999999999943e+02,1.003950256600991686e+00
1.591200000000000045e+02,1.003948335656730251e+00
1.596400000000000148e+02,1.003946398169558218e+00
1.601599999999999682e+02,1.003944451722436737e+00
1.606800000000000068e+02,1.003944593960284681e+00
1.612000000000000171e+02,1.003947919308063152e+00
1.617199999999999989e+02,1.003948804759951186e+00
1.622400000000000091e+02,1.003946912956409365e+00
1.627599999999999909e+02,1.003945027539278056e+00
1.632800000000000011e+02,1.003943173403806011e+00
1.637999999999999829e+02,1.003941305718664578e+00
1.643199999999999932e+02,1.003939446254182633e+00
1.648400000000000318e+02,1.003937596415011457e+00
1.653600000000000136e+02,1.003935773770529227e+00
1.658799999999999955e+02,1.003933941884047387e+00
1.664000000000000057e+02,1.003932116900625893e+00
1.669200000000000159e+02,1.003930321152094463e+00
1.674399999999999977e+02,1.003928511746672303e+00
1.679599999999999795e+02,1.003926714841250734e+00
1.684799999999999898e+02,1.003924997709468858e+00
1.690000000000000000e+02,1.003928451436037372e+00
1.695200000000000102e+02,1.003931448800555959e+00
1.700400000000000205e+02,1.003929686193794080e+00
1.705600000000000023e+02,1.003927925126382403e+00
1.710800000000000125e+02,1.003926179432611088e+00
1.715999999999999943e+02,1.003924454724859139e+00
1.721200000000000045e+02,1.003922725427387475e+00
1.726399999999999864e+02,1.003920998312666013e+00
1.731599999999999966e+02,1.003919304017904413e+00
1.736799999999999784e+02,1.003917594355172804e+00
1.742000000000000171e+02,1.003915896499411042e+00
1.747200000000000273e+02,1.003914222629669339e+00
1.752400000000000091e+02,1.003912538573967783e+00
1.757599999999999909e+02,1.003913723423875748e+00
1.762800000000000011e+02,1.003917291278104695e+00
1.768000000000000114e+02,1.003917580528423059e+00
1.773199999999999932e+02,1.003915928385361367e+00
1.778399999999999750e+02,1.003914304074679853e+00
1.783599999999999852e+02,1.003912667480548082e+00
1.788800000000000239e+02,1.003911040665566690e+00
1.794000000000000057e+02,1.003909436239855291e+00
1.799200000000000159e+02,1.003907824945783567e+00
1.804399999999999977e+02,1.003906217793712141e+00
1.809600000000000080e+02,1.003904642695730320e+00
1.814799999999999898e+02,1.003903051468678642e+00
1.820000000000000000e+02,1.003901474683687178e+00
1.825199999999999818e+02,1.003900396441605780e+00
1.830399999999999920e+02,1.003904067056264005e+00
1.835600000000000023e+02,1.003906842203262650e+00
1.840800000000000125e+02,1.003905312914221248e+00
1.846000000000000227e+02,1.003903766427889588e+00
1.851200000000000045e+02,1.003902233567918190e+00
1.856399999999999864e+02,1.003900723220586766e+00
1.861599999999999966e+02,1.003899207158224893e+00
1.866800000000000068e+02,1.003897694597263746e+00
1.871999999999999886e+02,1.003896210480871964e+00
1.877199999999999704e+02,1.003894711986580646e+00
1.882400000000000091e+02,1.003893222377259198e+00
1.887600000000000193e+02,1.003891758367937648e+00
1.892800000000000011e+02,1.003890284605636118e+00
1.898000000000000114e+02,1.003892121363334722e+00
1.903199999999999932e+02,1.003895894886003504e+00
1.908400000000000034e+02,1.003895970075691757e+00
1.913599999999999852e+02,1.003894523265030259e+00
1.918799999999999955e+02,1.003893105622788884e+00
1.923999999999999773e+02,1.003891674697446890e+00
1.929200000000000159e+02,1.003890252867845723e+00
1.934399999999999977e+02,1.003888832110224616e+00
1.939600000000000080e+02,1.003887424791952920e+00
1.944800000000000182e+02,1.003886021165271369e+00
1.950000000000000000e+02,1.003884649387659866e+00
1.955199999999999818e+02,1.003883261301378838e+00
1.960399999999999920e+02,1.003881882963817196e+00
1.965600000000000023e+02,1.003881422579196103e+00
1.970799999999999841e+02,1.003885293998584283e+00
1.976000000000000227e+02,1.003887849393013232e+00
1.981200000000000045e+02,1.003886519886391770e+00
1.986400000000000148e+02,1.003885174568500460e+00
1.991599999999999966e+02,1.003883838972858822e+00
1.996800000000000068e+02,1.003882525419277139e+00
2.001999999999999886e+02,1.003881201112716282e+00
2.007199999999999989e+02,1.003879882332774809e+00
2.012399999999999807e+02,1.003878593165213440e+00
2.017599999999999909e+02,1.003877290310291936e+00
2.022800000000000296e+02,1.003875994569350727e+00
2.028000000000000114e+02,1.003874725382849498e+00
2.033199999999999932e+02,1.003873443527927956e+00
2.038400000000000034e+02,1.003875911534066523e+00
2.043600000000000136e+02,1.003879874031135433e+00
2.048799999999999955e+02,1.003879701829253790e+00
2.053999999999999773e+02,1.003878446427722615e+00
2.059199999999999875e+02,1.003877218356431511e+00
2.064399999999999977e+02,1.003875973868590066e+00
2.069600000000000080e+02,1.003874739918698467e+00
2.074800000000000182e+02,1.003873527915827291e+00
2.080000000000000000e+02,1.003872308351955844e+00
2.085200000000000102e+02,1.003871090624124829e+00
2.090399999999999920e+02,1.003869904572893157e+00
2.095600000000000023e+02,1.003868700354991983e+00
2.100799999999999841e+02,1.003867506271830745e+00
2.105999999999999943e+02,1.003867651120949223e+00
2.111199999999999761e+02,1.003871704130777864e+00
2.116400000000000148e+02,1.003874020847616455e+00
2.121600000000000250e+02,1.003872873096795626e+00
2.126800000000000068e+02,1.003871708715504463e+00
2.131999999999999886e+02,1.003870529931352840e+00
2.137199999999999989e+02,1.003869397247201256e+00
2.142400000000000091e+02,1.003868253810070277e+00
2.147599999999999909e+02,1.003867116410888993e+00
2.152799999999999727e+02,1.003866005111707871e+00
2.157999999999999829e+02,1.003864879597496040e+00
2.163200000000000216e+02,1.003863757266385548e+00
2.168400000000000034e+02,1.003862644599194054e+00
2.173600000000000136e+02,1.003861557753052747e+00
2.178799999999999955e+02,1.003860459180551556e+00
2.184000000000000057e+02,1.003859363234409940e+00
2.189199999999999875e+02,1.003862860047928907e+00
2.194399999999999977e+02,1.003867009261797838e+00
2.199599999999999795e+02,1.003866202514316575e+00
2.204799999999999898e+02,1.003865131020165169e+00
2.210000000000000000e+02,1.003864068872684090e+00
2.215200000000000102e+02,1.003863027738193026e+00
2.220400000000000205e+02,1.003861976977081349e+00
2.225600000000000023e+02,1.003860927743640330e+00
2.230799999999999841e+02,1.003859888048149518e+00
2.235999999999999943e+02,1.003858869713718072e+00
2.241200000000000045e+02,1.003857843518226822e+00
2.246399999999999864e+02,1.003856820083795620e+00
2.251599999999999682e+02,1.003855823095374245e+00
2.256800000000000068e+02,1.003854811631873289e+00
2.262000000000000171e+02,1.003853809610431691e+00
2.267199999999999989e+02,1.003852829354000553e+00
2.272400000000000091e+02,1.003851835332209674e+00
2.277599999999999909e+02,1.003850847003798119e+00
2.282800000000000011e+02,1.003849885132337194e+00
2.287999999999999829e+02,1.003852288945635607e+00
2.293199999999999932e+02,1.003856549720144820e+00
2.298400000000000318e+02,1.003857036790393842e+00
2.303600000000000136e+02,1.003856077232972321e+00
2.308799999999999955e+02,1.003855125049191388e+00
2.314000000000000057e+02,1.003854195147459993e+00
2.319200000000000159e+02,1.003853253975008908e+00
2.324399999999999977e+02,1.003852315898297931e+00
2.329599999999999795e+02,1.003851406228556620e+00
2.334799999999999898e+02,1.003850478151845804e+00
2.340000000000000000e+02,1.003849557960104333e+00
2.345200000000000102e+02,1.003848657829363056e+00
2.350400000000000205e+02,1.003847751511612207e+00
2.355600000000000023e+02,1.003846845358870921e+00
2.360800000000000125e+02,1.003845944267129475e+00
2.365999999999999943e+02,1.003845047807378377e+00
2.371200000000000045e+02,1.003844163096697217e+00
2.376399999999999864e+02,1.003843280164616436e+00
2.381599999999999966e+02,1.003842422053935479e+00
2.386799999999999784e+02,1.003841548546174023e+00
2.392000000000000171e+02,1.003840682182163047e+00
2.397200000000000273e+02,1.003839839274401458e+00
2.402400000000000091e+02,1.003838983515360717e+00
2.407599999999999909e+02,1.003838131036669523e+00
2.412800000000000011e+02,1.003837303070618248e+00
2.418000000000000114e+02,1.003836461544617364e+00
2.423199999999999932e+02,1.003835624450896580e+00
2.428399999999999750e+02,1.003834812677875110e+00
2.433599999999999852e+02,1.003833986689824265e+00
2.438800000000000239e+02,1.003833167509793123e+00
2.444000000000000057e+02,1.003832371440041893e+00
2.449200000000000159e+02,1.003836164956100951e+00
2.454399999999999977e+02,1.003840590753019679e+00
2.459600000000000080e+02,1.003840020880058859e+00
2.464799999999999898e+02,1.003839224152018206e+00
2.470000000000000000e+02,1.003838434452696493e+00
2.475199999999999818e+02,1.003837664863655776e+00
2.480399999999999920e+02,1.003836886549654750e+00
2.485600000000000023e+02,1.003836108361663371e+00
2.490800000000000125e+02,1.003835357686662322e+00
2.496000000000000227e+02,1.003834588939331418e+00
2.501200000000000045e+02,1.003833829135260425e+00
2.506399999999999864e+02,1.003833090026929442e+00
2.511599999999999966e+02,1.003832338638998678e+00
2.516800000000000068e+02,1.003831589804657254e+00
2.521999999999999886e+02,1.003830845954676532e+00
2.527199999999999704e+02,1.003830125231315318e+00
2.532400000000000091e+02,1.003829392727304093e+00
2.537600000000000193e+02,1.003828664780033186e+00
2.542800000000000011e+02,1.003827961442692374e+00
2.548000000000000114e+02,1.003827242061391178e+00
2.553199999999999932e+02,1.003826525096379818e+00
2.558400000000000034e+02,1.003825833673079204e+00
2.563600000000000136e+02,1.003825128024818270e+00
2.568799999999999955e+02,1.003824426972447004e+00
2.573999999999999773e+02,1.003823747577165637e+00
2.579200000000000159e+02,1.003823057592864831e+00
2.584399999999999977e+02,1.003822369982554141e+00
2.589600000000000364e+02,1.003821705973292788e+00
2.594800000000000182e+02,1.003821023873961993e+00
2.600000000000000000e+02,1.003820351177341141e+00
2.605199999999999818e+02,1.003819679606029913e+00
2.610399999999999636e+02,1.003819035010809158e+00
2.615600000000000023e+02,1.003818371825518030e+00
2.620799999999999841e+02,1.003817695013867084e+00
2.626000000000000227e+02,1.003817059496646014e+00
2.631200000000000045e+02,1.003816412184995288e+00
2.636399999999999864e+02,1.003815766413744148e+00
2.641600000000000250e+02,1.003815145769113126e+00
2.646800000000000068e+02,1.003814509497862106e+00
2.651999999999999886e+02,1.003813880264211367e+00
2.657199999999999704e+02,1.003810636705600334e+00
2.662400000000000091e+02,1.003804779601369379e+00
2.667599999999999909e+02,1.003801982728778519e+00
2.672800000000000296e+02,1.003801366898187331e+00
2.678000000000000114e+02,1.003800775064596307e+00
2.683199999999999932e+02,1.003800167245335606e+00
2.688400000000000318e+02,1.003799564772744457e+00
2.693600000000000136e+02,1.003798984313143849e+00
2.698799999999999955e+02,1.003798390060552714e+00
2.703999999999999773e+02,1.003797798539951769e+00
2.709199999999999591e+02,1.003797232581400856e+00
2.714399999999999977e+02,1.003796649060799906e+00
2.719600000000000364e+02,1.003796072040198828e+00
2.724800000000000182e+02,1.003795496615337957e+00
2.730000000000000000e+02,1.003794945194737220e+00
2.735199999999999818e+02,1.003794375088176372e+00
2.740400000000000205e+02,1.003793815867635164e+00
2.745600000000000023e+02,1.003793275513704453e+00
2.750799999999999841e+02,1.003792721474163763e+00
2.755999999999999659e+02,1.003792168253622830e+00
2.761200000000000045e+02,1.003791638313731749e+00
2.766399999999999864e+02,1.003791092410090791e+00
2.771600000000000250e+02,1.003790553937219832e+00
2.776800000000000068e+02,1.003790036701648791e+00
2.781999999999999886e+02,1.003789503575798214e+00
2.787200000000000273e+02,1.003788974306896842e+00
2.792400000000000091e+02,1.003788468281396229e+00
2.797599999999999909e+02,1.003787947012495518e+00
2.802799999999999727e+02,1.003787430271614545e+00
2.807999999999999545e+02,1.003786916887683622e+00
2.813199999999999932e+02,1.003786424287202550e+00
2.818400000000000318e+02,1.003785916778311860e+00
2.823600000000000136e+02,1.003785410076430740e+00
2.828799999999999955e+02,1.003784930349589821e+00
2.833999999999999773e+02,1.003784435033729050e+00
2.839200000000000159e+02,1.003783942063838586e+00
2.844399999999999977e+02,1.003783468375997190e+00
2.849599999999999795e+02,1.003777904152076683e+00
2.854799999999999613e+02,1.003772455903235716e+00
2.860000000000000000e+02,1.003771976847384950e+00
2.865199999999999818e+02,1.003771516226563909e+00
2.870400000000000205e+02,1.003771047698382990e+00
2.875600000000000023e+02,1.003770579181532341e+00
2.880799999999999841e+02,1.003770132225681566e+00
2.886000000000000227e+02,1.003769667764520479e+00
2.891200000000000045e+02,1.003769209785619898e+00
2.896399999999999864e+02,1.003768772368768714e+00
2.901599999999999682e+02,1.003768322292578175e+00
2.906800000000000068e+02,1.003767873661747245e+00
2.911999999999999886e+02,1.003767426614626368e+00
2.917200000000000273e+02,1.003767001121745217e+00
2.922400000000000091e+02,1.003766562045554478e+00
2.927599999999999909e+02,1.003766104328764008e+00
2.932799999999999727e+02,1.003765691891572720e+00
2.938000000000000114e+02,1.003765263729422319e+00
2.943199999999999932e+02,1.003764838050581476e+00
2.948400000000000318e+02,1.003764434499410774e+00
2.953600000000000136e+02,1.003764014223279544e+00
2.958799999999999955e+02,1.003763597072108826e+00
2.963999999999999773e+02,1.003763201021288021e+00
2.969200000000000159e+02,1.003762789784157006e+00
2.974399999999999977e+02,1.003762380392996478e+00
2.979599999999999795e+02,1.003761996255865707e+00
2.984800000000000182e+02,1.003761594518734812e+00
2.990000000000000000e+02,1.003761197666574123e+00
2.995200000000000387e+02,1.003760132929443216e+00
3.000400000000000205e+02,1.003754524805302362e+00
3.005600000000000023e+02,1.003749987292142043e+00
3.010799999999999841e+02,1.003749603967650561e+00
3.016000000000000227e+02,1.003749240254489861e+00
3.021200000000000045e+02,1.003748859959419315e+00
3.026399999999999864e+02,1.003748480839248503e+00
3.031599999999999682e+02,1.003748105593107454e+00
3.036800000000000068e+02,1.003747752129676929e+00
3.042000000000000455e+02,1.003747381855516041e+00
3.047200000000000273e+02,1.003747014331435539e+00
3.052400000000000091e+02,1.003746669058934282e+00
3.057599999999999909e+02,1.003746308506833440e+00
3.062799999999999727e+02,1.003745952481353232e+00
3.068000000000000114e+02,1.003745616249251960e+00
3.073199999999999932e+02,1.003745262763821255e+00
3.078399999999999750e+02,1.003744912595640804e+00
3.083600000000000136e+02,1.003744583277229596e+00
3.088799999999999955e+02,1.003744239165789143e+00
3.094000000000000341e+02,1.003743896191688023e+00
3.099200000000000159e+02,1.003743578219247423e+00
3.104399999999999977e+02,1.003743243646806782e+00
3.109599999999999795e+02,1.003742910546695732e+00
3.114800000000000182e+02,1.003742578513255213e+00
3.120000000000000000e+02,1.003742268233804413e+00
3.125199999999999818e+02,1.003741938700363656e+00
3.130399999999999636e+02,1.003741617233942840e+00
3.135600000000000023e+02,1.003741315493492214e+00
3.140800000000000409e+02,1.003740999335091422e+00
3.146000000000000227e+02,1.003740683312980719e+00
3.151200000000000045e+02,1.003740389111529741e+00
3.156399999999999864e+02,1.003740077394839059e+00
3.161599999999999682e+02,1.003739768746368721e+00
3.166800000000000068e+02,1.003739481612987872e+00
3.171999999999999886e+02,1.003739179185527020e+00
3.177199999999999704e+02,1.003738878105126187e+00
3.182400000000000091e+02,1.003738599970695589e+00
3.187599999999999909e+02,1.003738305122284791e+00
3.192800000000000296e+02,1.003738013290564002e+00
3.198000000000000114e+02,1.003737741667113159e+00
3.203199999999999363e+02,1.003737452346722403e+00
3.208400000000000318e+02,1.003737166526331714e+00
3.213600000000000136e+02,1.003736882705591249e+00
3.218799999999999955e+02,1.003736619485200654e+00
3.224000000000000341e+02,1.003736338548379736e+00
3.229200000000000159e+02,1.003736061614009190e+00
3.234399999999999977e+02,1.003735804393268038e+00
3.239600000000000364e+02,1.003735533496847632e+00
3.244800000000000182e+02,1.003735262619216861e+00
3.250000000000000000e+02,1.003735016283796133e+00
3.255199999999999818e+02,1.003734751262065572e+00
3.260399999999999636e+02,1.003734488865644758e+00
3.265600000000000023e+02,1.003734245943914027e+00
3.270799999999999841e+02,1.003733985575163468e+00
3.275999999999999659e+02,1.003733574293832476e+00
3.281200000000000045e+02,1.003732804418072000e+00
3.286399999999999864e+02,1.003732417416341338e+00
3.291599999999999682e+02,1.003732703108650925e+00
3.296800000000000637e+02,1.003732719598249723e+00
3.302000000000000455e+02,1.003732492590559300e+00
3.307200000000000273e+02,1.003732515074848397e+00
3.312400000000000091e+02,1.003732809306157936e+00
3.317599999999999909e+02,1.003732779798467201e+00
3.322800000000000296e+02,1.003732560328726375e+00
3.328000000000000114e+02,1.003732687660036094e+00
3.333199999999999932e+02,1.003732970676314729e+00
3.338400000000000318e+02,1.003733274406574560e+00
3.343600000000000136e+02,1.003733579022853428e+00
3.348799999999999955e+02,1.003733868068203083e+00
3.353999999999999773e+02,1.003734178212502659e+00
3.359199999999999591e+02,1.003734010482811856e+00
3.364399999999999977e+02,1.003733786240801118e+00
3.369599999999999795e+02,1.003734083785100095e+00
3.374799999999999613e+02,1.003734401787399477e+00
3.380000000000000000e+02,1.003734721970699351e+00
3.385199999999999818e+02,1.003735100301018424e+00
3.390400000000000205e+02,1.003735939559007750e+00
3.395600000000000591e+02,1.003736664199257111e+00
3.400800000000000409e+02,1.003736990257246386e+00
3.406000000000000227e+02,1.003737317355635872e+00
3.411200000000000045e+02,1.003737629323905090e+00
3.416399999999999864e+02,1.003737961766864473e+00
3.421600000000000250e+02,1.003738295836183791e+00
3.426800000000000068e+02,1.003738860008213107e+00
3.431999999999999886e+02,1.003739712662502725e+00
3.437200000000000273e+02,1.003740280873531843e+00
3.442400000000000091e+02,1.003740623327821213e+00
3.447599999999999909e+02,1.003741272438850363e+00
3.452799999999999727e+02,1.003742132966780165e+00
3.457999999999999545e+02,1.003742651378159101e+00
3.463199999999999932e+02,1.003742999246138634e+00
3.468399999999999750e+02,1.003743730603137818e+00
3.473599999999999568e+02,1.003744596325497396e+00
3.478799999999999955e+02,1.003745466420446375e+00
3.484000000000000341e+02,1.003746337863466120e+00
3.489200000000000159e+02,1.003746731998465203e+00
3.494400000000000546e+02,1.003747087741834632e+00
3.499600000000000364e+02,1.003747963876834293e+00
3.504800000000000182e+02,1.003748840886873550e+00
3.510000000000000000e+02,1.003749720021872793e+00
3.515199999999999818e+02,1.003750599502842178e+00
3.520400000000000205e+02,1.003751481984861860e+00
3.525600000000000023e+02,1.003752364522921159e+00
3.530799999999999841e+02,1.003753252043940059e+00
3.536000000000000227e+02,1.003754292738949783e+00
3.541200000000000045e+02,1.003755715047939034e+00
3.546399999999999864e+02,1.003756928307958596e+00
3.551599999999999682e+02,1.003757821702968123e+00
3.556799999999999500e+02,1.003758714597977164e+00
3.561999999999999886e+02,1.003759607522056729e+00
3.567199999999999704e+02,1.003760789455716340e+00
3.572399999999999523e+02,1.003762203589725788e+00
3.577600000000000477e+02,1.003763313152804981e+00
3.582800000000000296e+02,1.003764214432784518e+00
3.588000000000000114e+02,1.003765479794463955e+00
3.593200000000000500e+02,1.003766900150533159e+00
3.598400000000000318e+02,1.003767937323542636e+00
3.603600000000000136e+02,1.003768841199262241e+00
3.608799999999999955e+02,1.003770188280291187e+00
3.613999999999999773e+02,1.003771613328340528e+00
3.619200000000000159e+02,1.003773039943060219e+00
3.624399999999999977e+02,1.003774486909059682e+00
3.629599999999999795e+02,1.003775916984779304e+00
3.634800000000000182e+02,1.003777328318848250e+00
3.640000000000000000e+02,1.003778245193517993e+00
3.645199999999999818e+02,1.003779239327587058e+00
3.650399999999999636e+02,1.003780671942306801e+00
3.655599999999999454e+02,1.003782239922346164e+00
3.660799999999999841e+02,1.003784212712105273e+00
3.665999999999999659e+02,1.003786014555054784e+00
3.671200000000000045e+02,1.003787474616794517e+00
3.676400000000000432e+02,1.003788915991523645e+00
3.681600000000000250e+02,1.003790376910563387e+00
3.686800000000000068e+02,1.003791819757272386e+00
3.692000000000000455e+02,1.003793266632001968e+00
3.697200000000000273e+02,1.003794998785721315e+00
3.702400000000000091e+02,1.003796980461850952e+00
3.707599999999999909e+02,1.003798638793530484e+00
3.712799999999999727e+02,1.003800107307259548e+00
3.718000000000000114e+02,1.003801558029009167e+00
3.723199999999999932e+02,1.003803010414718644e+00
3.728399999999999750e+02,1.003804884403488140e+00
3.733600000000000136e+02,1.003806873656217347e+00
3.738799999999999955e+02,1.003808865187896693e+00
3.743999999999999773e+02,1.003810838620976309e+00
3.749199999999999591e+02,1.003812331248745693e+00
3.754399999999999409e+02,1.003813789019425418e+00
3.759599999999999795e+02,1.003815783994214783e+00
3.764800000000000182e+02,1.003817778620584189e+00
3.770000000000000000e+02,1.003819778748353597e+00
3.775200000000000387e+02,1.003821760094073312e+00
3.780400000000000205e+02,1.003823757721842513e+00
3.785600000000000023e+02,1.003825756206561781e+00
3.790800000000000409e+02,1.003827758845311724e+00
3.796000000000000227e+02,1.003829762791030644e+00
3.801200000000000045e+02,1.003831749550790242e+00
3.806399999999999864e+02,1.003833755245229886e+00
3.811599999999999682e+02,1.003835761104989288e+00
3.816800000000000068e+02,1.003837768156728538e+00
3.821999999999999886e+02,1.003839777016487966e+00
3.827199999999999704e+02,1.003841766495897625e+00
3.832400000000000091e+02,1.003843774509686870e+00
3.837599999999999909e+02,1.003845785908446420e+00
3.842799999999999727e+02,1.003847800305806226e+00
3.847999999999999545e+02,1.003849795104565290e+00
3.853199999999999363e+02,1.003851809098014636e+00
3.858400000000000318e+02,1.003854224596774314e+00
3.863600000000000136e+02,1.003856754541504026e+00
3.868799999999999955e+02,1.003858848906933332e+00
3.874000000000000341e+02,1.003860867872712781e+00
3.879200000000000159e+02,1.003862887645112334e+00
3.884399999999999977e+02,1.003864907486981428e+00
3.889600000000000364e+02,1.003867444998381098e+00
3.894800000000000182e+02,1.003869944502810974e+00
3.900000000000000000e+02,1.003871966814560146e+00
3.905199999999999818e+02,1.003874065872979671e+00
3.910399999999999636e+02,1.003876606606829425e+00
3.915600000000000023e+02,1.003879032904248625e+00
3.920799999999999841e+02,1.003881041682667785e+00
3.925999999999999659e+02,1.003883240866397575e+00
3.931200000000000045e+02,1.003885784859907204e+00
3.936399999999999864e+02,1.003888328438326427e+00
3.941599999999999682e+02,1.003890874864816096e+00
3.946800000000000637e+02,1.003893192061535711e+00
3.952000000000000455e+02,1.003895203725975183e+00
3.957200000000000273e+02,1.003897521491464717e+00
3.962400000000000091e+02,1.003900070415854051e+00
3.967599999999999909e+02,1.003902620909363108e+00
3.972800000000000296e+02,1.003905172720823025e+00
3.978000000000000114e+02,1.003907743285262555e+00
3.983199999999999932e+02,1.003910294789052138e+00
3.988400000000000318e+02,1.003912447499461402e+00
3.993600000000000136e+02,1.003914467038941272e+00
3.998799999999999955e+02,1.003916964117420152e+00
4.003999999999999773e+02,1.003919518620859819e+00
4.009199999999999591e+02,1.003922074999339831e+00
4.014399999999999977e+02,1.003924632349799229e+00
4.019599999999999795e+02,1.003927189574248979e+00
4.024799999999999613e+02,1.003929746952728630e+00
4.030000000000000000e+02,1.003932325402137504e+00
4.035199999999999818e+02,1.003934885308287006e+00
4.040400000000000205e+02,1.003937445599756284e+00
4.045600000000000591e+02,1.003939871817236318e+00
4.050800000000000409e+02,1.003941919342735467e+00
4.056000000000000227e+02,1.003944138306185341e+00
4.061200000000000045e+02,1.003946701069634573e+00
4.066399999999999864e+02,1.003949264014784015e+00
4.071600000000000250e+02,1.003951829625253422e+00
4.076800000000000068e+02,1.003954395455723292e+00
4.081999999999999886e+02,1.003956979819172979e+00
4.087200000000000273e+02,1.003959546150342330e+00
4.092400000000000091e+02,1.003962114413791795e+00
4.097599999999999909e+02,1.003964682620350990e+00
4.102799999999999727e+02,1.003967250950470902e+00
4.107999999999999545e+02,1.003969820945910474e+00
4.113199999999999932e+02,1.003972391776380091e+00
4.118399999999999750e+02,1.003974982053519538e+00
4.123599999999999568e+02,1.003977552385039163e+00
4.128799999999999955e+02,1.003980123975168448e+00
4.134000000000000341e+02,1.003982695124638225e+00
4.139200000000000159e+02,1.003984790897867629e+00
4.144400000000000546e+02,1.003986848846287083e+00
4.149600000000000364e+02,1.003989422965486877e+00
4.154800000000000182e+02,1.003991996653956553e+00
4.160000000000000000e+02,1.003994573244085586e+00
4.165199999999999818e+02,1.003997149460575278e+00
4.170400000000000205e+02,1.003999744804734862e+00
4.175600000000000023e+02,1.004002321407244214e+00
4.180799999999999841e+02,1.004004897997374135e+00
4.186000000000000227e+02,1.004007303255573635e+00
4.191200000000000045e+02,1.004009366119082980e+00
4.196399999999999864e+02,1.004011639148212565e+00
4.201599999999999682e+02,1.004014218806412062e+00
4.206799999999999500e+02,1.004016799282911654e+00
4.211999999999999886e+02,1.004019379384021082e+00
4.217199999999999704e+02,1.004021960889240672e+00
4.222399999999999523e+02,1.004024561147440098e+00
4.227600000000000477e+02,1.004026799333869846e+00
4.232800000000000296e+02,1.004028865764049483e+00
4.238000000000000114e+02,1.004031296007219076e+00
4.243200000000000500e+02,1.004033898651438328e+00
4.248400000000000318e+02,1.004036061955608128e+00
4.253600000000000136e+02,1.004038130742037627e+00
4.258799999999999955e+02,1.004040638886257053e+00
4.263999999999999773e+02,1.004043243029426602e+00
4.269200000000000159e+02,1.004045332472596197e+00
4.274399999999999977e+02,1.004047403201785649e+00
4.279599999999999795e+02,1.004049989244955476e+00
4.284800000000000182e+02,1.004052537974144954e+00
4.290000000000000000e+02,1.004054609817314425e+00
4.295199999999999818e+02,1.004056757946504064e+00
4.300399999999999636e+02,1.004059346028673749e+00
4.305599999999999454e+02,1.004061819818863333e+00
4.310799999999999841e+02,1.004063893894022952e+00
4.315999999999999659e+02,1.004065948205262515e+00
4.321200000000000045e+02,1.004068021973452129e+00
4.326400000000000432e+02,1.004070074576631777e+00
4.331600000000000250e+02,1.004072148958801147e+00
4.336800000000000068e+02,1.004074205472960779e+00
4.342000000000000455e+02,1.004076280729820470e+00
4.347200000000000273e+02,1.004078643373049529e+00
4.352400000000000091e+02,1.004081235176229603e+00
4.357599999999999909e+02,1.004083502097399050e+00
4.362799999999999727e+02,1.004085579240628689e+00
4.368000000000000114e+02,1.004087274910477889e+00
4.373199999999999932e+02,1.004088836824637898e+00
4.378399999999999750e+02,1.004090800406867379e+00
4.383600000000000136e+02,1.004092878549047052e+00
4.388799999999999955e+02,1.004094937619946615e+00
4.393999999999999773e+02,1.004097016273106435e+00
4.399199999999999591e+02,1.004099095415285303e+00
4.404399999999999409e+02,1.004101155525185085e+00
4.409599999999999795e+02,1.004102719853384729e+00
4.414800000000000182e+02,1.004104322035614505e+00
4.420000000000000000e+02,1.004106383451434104e+00
4.425200000000000387e+02,1.004108368633663817e+00
4.430400000000000205e+02,1.004109933182913084e+00
4.435600000000000023e+02,1.004111613456732499e+00
4.440800000000000409e+02,1.004113694666982415e+00
4.446000000000000227e+02,1.004115604389872241e+00
4.451200000000000045e+02,1.004117151589001722e+00
4.456399999999999864e+02,1.004118718012941169e+00
4.461599999999999682e+02,1.004120265741140550e+00
4.466800000000000068e+02,1.004121813881980296e+00
4.471999999999999886e+02,1.004123380777199648e+00
4.477199999999999704e+02,1.004124928226099556e+00
4.482400000000000091e+02,1.004126496468339180e+00
4.487599999999999909e+02,1.004128044762158556e+00
4.492799999999999727e+02,1.004129613032068491e+00
4.497999999999999545e+02,1.004131161799268090e+00
4.503199999999999363e+02,1.004132711508177511e+00
4.508400000000000318e+02,1.004134279750417136e+00
4.513600000000000136e+02,1.004135829458276952e+00
4.518799999999999955e+02,1.004137398728186525e+00
4.524000000000000341e+02,1.004138948381405827e+00
4.529200000000000159e+02,1.004140020743295558e+00
4.534399999999999977e+02,1.004141056098175167e+00
4.539600000000000364e+02,1.004142625407084877e+00
4.544800000000000182e+02,1.004144118441304245e+00
4.550000000000000000e+02,1.004145153796184298e+00
4.555199999999999818e+02,1.004146188805093542e+00
4.560399999999999636e+02,1.004147224659973192e+00
4.565600000000000023e+02,1.004148260026182626e+00
4.570799999999999841e+02,1.004149315135092646e+00
4.575999999999999659e+02,1.004150522928972000e+00
4.581200000000000045e+02,1.004152074136831718e+00
4.586399999999999864e+02,1.004153205530711190e+00
4.591599999999999682e+02,1.004153726253660617e+00
4.596800000000000637e+02,1.004154494901570605e+00
4.602000000000000455e+02,1.004155531267779899e+00
4.607200000000000273e+02,1.004156568008679695e+00
4.612400000000000091e+02,1.004157604931629200e+00
4.617599999999999909e+02,1.004158641353528836e+00
4.622800000000000296e+02,1.004159678093378583e+00
4.628000000000000114e+02,1.004160333055328147e+00
4.633199999999999932e+02,1.004160854249207757e+00
4.638400000000000318e+02,1.004161795682087188e+00
4.643600000000000136e+02,1.004162832172057040e+00
4.648799999999999955e+02,1.004163411358926616e+00
4.653999999999999773e+02,1.004163913491806337e+00
4.659199999999999591e+02,1.004164435099725861e+00
4.664399999999999977e+02,1.004164956707645606e+00
4.669599999999999795e+02,1.004165459215565326e+00
4.674799999999999613e+02,1.004165980976114536e+00
4.680000000000000000e+02,1.004166502959074281e+00
4.685199999999999818e+02,1.004167024191954027e+00
4.690400000000000205e+02,1.004167526738873661e+00
4.695600000000000591e+02,1.004167914992763366e+00
4.700800000000000409e+02,1.004167901493713266e+00
4.706000000000000227e+02,1.004168079676672543e+00
4.711200000000000045e+02,1.004168582222191963e+00
4.716399999999999864e+02,1.004169104216132036e+00
4.721600000000000250e+02,1.004169625823001510e+00
4.726800000000000068e+02,1.004169879916941177e+00
4.731999999999999886e+02,1.004169866791881027e+00
4.737200000000000273e+02,1.004169853484420338e+00
4.742400000000000091e+02,1.004169859845380319e+00
4.747599999999999909e+02,1.004169846192299653e+00
4.752799999999999727e+02,1.004169832941929519e+00
4.757999999999999545e+02,1.004169839080788940e+00
4.763199999999999932e+02,1.004169825966708673e+00
4.768399999999999750e+02,1.004169812216338054e+00
4.773599999999999568e+02,1.004169818049277740e+00
4.778799999999999955e+02,1.004169804656207532e+00
4.784000000000000341e+02,1.004169791405837397e+00
4.789200000000000159e+02,1.004169796208656873e+00
4.794400000000000546e+02,1.004169763397286363e+00
4.799600000000000364e+02,1.004169234304216118e+00
4.804800000000000182e+02,1.004168761637155960e+00
4.810000000000000000e+02,1.004168747771755354e+00
4.815199999999999818e+02,1.004168638378685197e+00
4.820400000000000205e+02,1.004168107967315260e+00
4.825600000000000023e+02,1.004167578385224635e+00
4.830799999999999841e+02,1.004167048319823952e+00
4.836000000000000227e+02,1.004166518265753538e+00
4.841200000000000045e+02,1.004165987854383379e+00
4.846399999999999864e+02,1.004165457300312925e+00
4.851599999999999682e+02,1.004164926206892794e+00
4.856799999999999500e+02,1.004164395652822561e+00
4.861999999999999886e+02,1.004163864626421931e+00
4.867199999999999704e+02,1.004163334100021787e+00
4.872399999999999523e+02,1.004162802922041520e+00
4.877600000000000477e+02,1.004161927595640824e+00
4.882800000000000296e+02,1.004160861087540546e+00
4.888000000000000114e+02,1.004160195861140137e+00
4.893200000000000500e+02,1.004159663873740227e+00
4.898400000000000318e+02,1.004158711995759790e+00
4.903600000000000136e+02,1.004157644987309306e+00
4.908799999999999955e+02,1.004156596299909054e+00
4.913999999999999773e+02,1.004155548392858588e+00
4.919200000000000159e+02,1.004154977608518351e+00
4.924399999999999977e+02,1.004154425021117847e+00
4.929599999999999795e+02,1.004153376487707749e+00
4.934800000000000182e+02,1.004152327272637146e+00
4.940000000000000000e+02,1.004151259207296976e+00
4.945199999999999818e+02,1.004150094765866585e+00
4.950399999999999636e+02,1.004148528907536475e+00
4.955599999999999454e+02,1.004147077785456199e+00
4.960799999999999841e+02,1.004146027444025480e+00
4.965999999999999659e+02,1.004144958071715443e+00
4.971200000000000045e+02,1.004143907577304873e+00
4.976400000000000432e+02,1.004142627092964535e+00
4.981600000000000250e+02,1.004141041337554219e+00
4.986800000000000068e+02,1.004139722097524112e+00
4.992000000000000455e+02,1.004138670642113595e+00
4.997200000000000273e+02,1.004137293976773648e+00
5.002400000000000091e+02,1.004135725002363033e+00
5.007599999999999909e+02,1.004134137776022673e+00
5.012799999999999727e+02,1.004132550520612233e+00
5.018000000000000114e+02,1.004130961975272074e+00
5.023199999999999932e+02,1.004129373680861859e+00
5.028399999999999750e+02,1.004128224293521443e+00
5.033600000000000136e+02,1.004127151613150914e+00
5.038799999999999955e+02,1.004125160438740672e+00
5.043999999999999773e+02,1.004123055512400553e+00
5.049199999999999591e+02,1.004121446214080171e+00
5.054399999999999409e+02,1.004119874943639745e+00
5.059599999999999795e+02,1.004118284217299539e+00
5.064800000000000182e+02,1.004116693903949198e+00
5.070000000000000000e+02,1.004115102148538829e+00
5.075200000000000387e+02,1.004113415307168466e+00
5.080400000000000205e+02,1.004111306561828343e+00
5.085600000000000023e+02,1.004109332220457951e+00
5.090800000000000409e+02,1.004107739032067625e+00
5.096000000000000227e+02,1.004105974290697478e+00
5.101200000000000045e+02,1.004103864805016899e+00
5.106399999999999864e+02,1.004101965364696536e+00
5.111599999999999682e+02,1.004100390151346334e+00
5.116800000000000068e+02,1.004098505909976069e+00
5.122000000000000455e+02,1.004096394867555642e+00
5.127200000000000273e+02,1.004094283826185485e+00
5.132400000000000091e+02,1.004092172351835233e+00
5.137599999999999909e+02,1.004090040420185126e+00
5.142799999999999727e+02,1.004087927917814982e+00
5.147999999999999545e+02,1.004085814751484396e+00
5.153199999999999363e+02,1.004083701249113725e+00
5.158400000000000318e+02,1.004081587263433661e+00
5.163600000000000136e+02,1.004079473135053302e+00
5.168799999999999955e+02,1.004077338532683106e+00
5.173999999999999773e+02,1.004075223905352976e+00
5.179200000000000728e+02,1.004073107419672484e+00
5.184400000000000546e+02,1.004070990917302231e+00
5.189600000000000364e+02,1.004068874289971935e+00
5.194800000000000182e+02,1.004066757689261680e+00
5.200000000000000000e+02,1.004064619153911098e+00
5.205199999999999818e+02,1.004062404498561101e+00
5.210399999999999636e+02,1.004059750597850798e+00
5.215599999999999454e+02,1.004057249499590299e+00
5.220799999999999272e+02,1.004055130410209884e+00
5.226000000000000227e+02,1.004053010782530064e+00
5.231200000000000045e+02,1.004050889193149443e+00
5.236399999999999864e+02,1.004048537893489135e+00
5.241599999999999682e+02,1.004045881504108895e+00
5.246800000000000637e+02,1.004043511605848815e+00
5.252000000000000455e+02,1.004041390016118473e+00
5.257200000000000273e+02,1.004038942573757920e+00
5.262400000000000091e+02,1.004036301966077627e+00
5.267599999999999909e+02,1.004033985752787794e+00
5.272799999999999727e+02,1.004031859152077155e+00
5.277999999999999545e+02,1.004029350448716995e+00
5.283200000000000500e+02,1.004026688588056881e+00
5.288400000000000318e+02,1.004024045827746292e+00
5.293600000000000136e+02,1.004021384813056139e+00
5.298799999999999955e+02,1.004019198770695676e+00
5.303999999999999773e+02,1.004017069238055448e+00
5.309199999999999591e+02,1.004014422334694956e+00
5.314399999999999409e+02,1.004011774920005262e+00
5.319600000000000364e+02,1.004009110473384592e+00
5.324800000000000182e+02,1.004006465531024794e+00
5.330000000000000000e+02,1.004003796237384005e+00
5.335199999999999818e+02,1.004001241795023924e+00
5.340400000000000773e+02,1.003999107494373710e+00
5.345600000000000591e+02,1.003996820518683331e+00
5.350800000000000409e+02,1.003994170115322770e+00
5.356000000000000227e+02,1.003991500629702660e+00
5.361200000000000045e+02,1.003988847752962377e+00
5.366399999999999864e+02,1.003986175278671844e+00
5.371599999999999682e+02,1.003983519902981847e+00
5.376800000000000637e+02,1.003980845802331823e+00
5.382000000000000455e+02,1.003978190495061318e+00
5.387200000000000273e+02,1.003975516519371114e+00
5.392400000000000091e+02,1.003972842418720868e+00
5.397599999999999909e+02,1.003970529315360460e+00
5.402799999999999727e+02,1.003968387553710206e+00
5.407999999999999545e+02,1.003965861878019838e+00
5.413199999999999363e+02,1.003963182344389526e+00
5.418399999999999181e+02,1.003960503216069222e+00
5.423600000000000136e+02,1.003957843226398916e+00
5.428799999999999955e+02,1.003955162125748757e+00
5.434000000000000909e+02,1.003952499192118486e+00
5.439200000000000728e+02,1.003949814755428438e+00
5.444400000000000546e+02,1.003947149227107705e+00
5.449600000000000364e+02,1.003944465165457656e+00
5.454800000000000182e+02,1.003941799731827400e+00
5.460000000000000000e+02,1.003939112988126992e+00
5.465199999999999818e+02,1.003936444680506801e+00
5.470399999999999636e+02,1.003933757646876535e+00
5.475599999999999454e+02,1.003931222357556274e+00
5.480800000000000409e+02,1.003929065413855737e+00
5.486000000000000227e+02,1.003926717719225481e+00
5.491200000000000045e+02,1.003924046757575628e+00
5.496399999999999864e+02,1.003921356042945190e+00
5.501599999999999682e+02,1.003918680148314868e+00
5.506799999999999500e+02,1.003915985557594759e+00
5.511999999999999318e+02,1.003913310316954632e+00
5.517200000000000273e+02,1.003910919894304143e+00
5.522400000000000091e+02,1.003908757171654065e+00
5.527599999999999909e+02,1.003906249485043478e+00
5.532799999999999727e+02,1.003903549462393352e+00
5.538000000000000682e+02,1.003900869260753392e+00
5.543200000000000500e+02,1.003898169199103130e+00
5.548400000000000318e+02,1.003895906851492770e+00
5.553600000000000136e+02,1.003893739445742561e+00
5.558799999999999955e+02,1.003891092598132140e+00
5.563999999999999773e+02,1.003888387075482003e+00
5.569199999999999591e+02,1.003885701373841810e+00
5.574400000000000546e+02,1.003883034551191100e+00
5.579600000000000364e+02,1.003880860049551016e+00
5.584800000000000182e+02,1.003878607926900868e+00
5.590000000000000000e+02,1.003875898164260594e+00
5.595199999999999818e+02,1.003873321245720263e+00
5.600399999999999636e+02,1.003871143369039931e+00
5.605599999999999454e+02,1.003868793506399903e+00
5.610799999999999272e+02,1.003866096583749368e+00
5.615999999999999091e+02,1.003863572821109384e+00
5.621200000000000045e+02,1.003861392347139114e+00
5.626399999999999864e+02,1.003859210510508859e+00
5.631600000000000819e+02,1.003857024661848563e+00
5.636800000000000637e+02,1.003854571799208228e+00
5.642000000000000455e+02,1.003851851508548387e+00
5.647200000000000273e+02,1.003849453742988063e+00
5.652400000000000091e+02,1.003847265808017530e+00
5.657599999999999909e+02,1.003845076317357421e+00
5.662799999999999727e+02,1.003842866754717011e+00
5.667999999999999545e+02,1.003840674292076907e+00
5.673199999999999363e+02,1.003838480954396539e+00
5.678400000000000318e+02,1.003836285548496354e+00
5.683600000000000136e+02,1.003834090085856445e+00
5.688799999999999955e+02,1.003831892123215663e+00
5.693999999999999773e+02,1.003829674571555364e+00
5.699199999999999591e+02,1.003827475665655111e+00
5.704399999999999409e+02,1.003825277203014732e+00
5.709599999999999227e+02,1.003823074240374646e+00
5.714800000000000182e+02,1.003820870691774614e+00
5.720000000000000000e+02,1.003818664228784074e+00
5.725199999999999818e+02,1.003816553805144229e+00
5.730399999999999636e+02,1.003814882171573553e+00
5.735600000000000591e+02,1.003813038021573512e+00
5.740800000000000409e+02,1.003810826558933611e+00
5.746000000000000227e+02,1.003808596064363234e+00
5.751200000000000045e+02,1.003806384668392893e+00
5.756399999999999864e+02,1.003804400762702498e+00
5.761599999999999682e+02,1.003802719129132104e+00
5.766799999999999500e+02,1.003800731779131761e+00
5.772000000000000455e+02,1.003798514884561843e+00
5.777200000000000273e+02,1.003796621034561687e+00
5.782400000000000091e+02,1.003794914810921535e+00
5.787599999999999909e+02,1.003793207462321257e+00
5.792799999999999727e+02,1.003791498266350946e+00
5.797999999999999545e+02,1.003789408264770922e+00
5.803199999999999363e+02,1.003787183868800392e+00
5.808400000000000318e+02,1.003785376059200374e+00
5.813600000000000136e+02,1.003783661835560004e+00
5.818799999999999955e+02,1.003781965114629804e+00
5.823999999999999773e+02,1.003780249122979695e+00
5.829200000000000728e+02,1.003778530802049040e+00
5.834400000000000546e+02,1.003776811578408923e+00
5.839600000000000364e+02,1.003775089796478781e+00
5.844800000000000182e+02,1.003773387894898672e+00
5.850000000000000000e+02,1.003771661083898703e+00
5.855199999999999818e+02,1.003770048528328074e+00
5.860399999999999636e+02,1.003768856825348221e+00
5.865599999999999454e+02,1.003767491915747545e+00
5.870799999999999272e+02,1.003765760133817464e+00
5.876000000000000227e+02,1.003764046703167434e+00
5.881200000000000045e+02,1.003762312421237146e+00
5.886399999999999864e+02,1.003760806185276744e+00
5.891599999999999682e+02,1.003759604175676667e+00
5.896800000000000637e+02,1.003758114193746387e+00
5.902000000000000455e+02,1.003756374702096110e+00
5.907200000000000273e+02,1.003754957120166047e+00
5.912400000000000091e+02,1.003753746957585902e+00
5.917599999999999909e+02,1.003752516346585688e+00
5.922799999999999727e+02,1.003751303739695455e+00
5.927999999999999545e+02,1.003749688169095045e+00
5.933200000000000500e+02,1.003747938580154875e+00
5.938400000000000318e+02,1.003746625569154727e+00
5.943600000000000136e+02,1.003745388845574293e+00
5.948799999999999955e+02,1.003744166891664014e+00
5.953999999999999773e+02,1.003742944102723689e+00
5.959199999999999591e+02,1.003741699503053475e+00
5.964399999999999409e+02,1.003740473868143024e+00
5.969600000000000364e+02,1.003739226700253395e+00
5.974800000000000182e+02,1.003738074975623285e+00
5.980000000000000000e+02,1.003737357040712874e+00
5.985199999999999818e+02,1.003736524890772586e+00
5.990400000000000773e+02,1.003735269819122644e+00
5.995600000000000591e+02,1.003734032684212352e+00
6.000800000000000409e+02,1.003732772834271980e+00
6.006000000000000227e+02,1.003731721419361511e+00
6.011200000000000045e+02,1.003730993841751573e+00
6.016399999999999864e+02,1.003730035745841187e+00
6.021599999999999682e+02,1.003728770076900867e+00
6.026800000000000637e+02,1.003727808326960735e+00
6.032000000000000455e+02,1.003727053274310554e+00
6.037200000000000273e+02,1.003726316252390172e+00
6.042400000000000091e+02,1.003725577509460454e+00
6.047599999999999909e+02,1.003724473559520103e+00
6.052799999999999727e+02,1.003723214337599812e+00
6.057999999999999545e+02,1.003722352698989795e+00
6.063199999999999363e+02,1.003721603831099207e+00
6.068399999999999181e+02,1.003720836181159148e+00
6.073600000000000136e+02,1.003720086851219051e+00
6.078799999999999955e+02,1.003719332301278522e+00
6.084000000000000909e+02,1.003718575405368130e+00
6.089200000000000728e+02,1.003717816394777973e+00
6.094400000000000546e+02,1.003717057344837960e+00
6.099600000000000364e+02,1.003716295861917907e+00
6.104800000000000182e+02,1.003715610750977483e+00
6.110000000000000000e+02,1.003715378529057567e+00
6.115199999999999818e+02,1.003715012118117755e+00
6.120399999999999636e+02,1.003714239635196792e+00
6.125599999999999454e+02,1.003713466614326810e+00
6.130800000000000409e+02,1.003712670003736429e+00
6.136000000000000227e+02,1.003712102092796599e+00
6.141200000000000045e+02,1.003711837809876384e+00
6.146399999999999864e+02,1.003711343798935784e+00
6.151599999999999682e+02,1.003710560816015729e+00
6.156799999999999500e+02,1.003710061805075604e+00
6.161999999999999318e+02,1.003709787022155187e+00
6.167200000000000273e+02,1.003709510768304947e+00
6.172400000000000091e+02,1.003709233803334877e+00
6.177599999999999909e+02,1.003708609720414646e+00
6.182799999999999727e+02,1.003707811709474429e+00
6.188000000000000682e+02,1.003707410826554236e+00
6.193200000000000500e+02,1.003707123082633990e+00
6.198400000000000318e+02,1.003706834493753863e+00
6.203600000000000136e+02,1.003706562810833702e+00
6.208799999999999955e+02,1.003706268499893195e+00
6.213999999999999773e+02,1.003705973101943316e+00
6.219199999999999591e+02,1.003705691948093115e+00
6.224400000000000546e+02,1.003705391176153094e+00
6.229600000000000364e+02,1.003705086086222664e+00
6.234800000000000182e+02,1.003704798942302467e+00
6.240000000000000000e+02,1.003704488006402329e+00
6.245199999999999818e+02,1.003704176262482095e+00
6.250399999999999636e+02,1.003703879311552027e+00
6.255599999999999454e+02,1.003703715357351811e+00
6.260799999999999272e+02,1.003703931259401605e+00
6.265999999999999091e+02,1.003703934715481250e+00
6.271200000000000045e+02,1.003703608664551217e+00
6.276399999999999864e+02,1.003703299482680888e+00
6.281600000000000819e+02,1.003702970584730902e+00
6.286800000000000637e+02,1.003702902716900658e+00
6.292000000000000455e+02,1.003703100118950253e+00
6.297200000000000273e+02,1.003702971792980181e+00
6.302400000000000091e+02,1.003702632452819987e+00
6.307599999999999909e+02,1.003702289554869731e+00
6.312799999999999727e+02,1.003701963756919335e+00
6.317999999999999545e+02,1.003702014961068922e+00
6.323199999999999363e+02,1.003702196902119370e+00
6.328400000000000318e+02,1.003702358580259135e+00
6.333600000000000136e+02,1.003702538009978662e+00
6.338799999999999955e+02,1.003702214688118710e+00
6.343999999999999773e+02,1.003701870544198460e+00
6.349199999999999591e+02,1.003702037804248270e+00
6.354399999999999409e+02,1.003702185135368019e+00
6.359599999999999227e+02,1.003702346604087747e+00
6.364800000000000182e+02,1.003702412382227793e+00
6.370000000000000000e+02,1.003702033831297413e+00
6.375199999999999818e+02,1.003701788201416978e+00
6.380399999999999636e+02,1.003701938978156960e+00
6.385600000000000591e+02,1.003702088920256807e+00
6.390800000000000409e+02,1.003702215608326620e+00
6.396000000000000227e+02,1.003702359039446268e+00
6.401200000000000045e+02,1.003702497355186019e+00
6.406399999999998727e+02,1.003702614225306267e+00
6.411599999999999682e+02,1.003702746474375740e+00
6.416800000000000637e+02,1.003702877291515527e+00
6.422000000000000455e+02,1.003702985689305383e+00
6.427200000000000273e+02,1.003703110477375260e+00
6.432400000000000091e+02,1.003703232447495042e+00
6.437599999999999909e+02,1.003703350263235095e+00
6.442799999999999727e+02,1.003703445826344298e+00
6.448000000000000682e+02,1.003703556796464280e+00
6.453199999999999363e+02,1.003703666112204296e+00
6.458400000000000318e+02,1.003703752329343946e+00
6.463599999999999000e+02,1.003703856617414125e+00
6.468799999999999955e+02,1.003703954461173886e+00
6.473999999999999773e+02,1.003704031178313860e+00
6.479200000000000728e+02,1.003704122966383450e+00
6.484399999999999409e+02,1.003704213810143298e+00
6.489600000000000364e+02,1.003704278566283303e+00
6.494799999999999045e+02,1.003704361354352814e+00
6.500000000000000000e+02,1.003704439545132443e+00
6.505200000000000955e+02,1.003704497762272663e+00
6.510399999999999636e+02,1.003704567269992465e+00
6.515600000000000591e+02,1.003704636933102190e+00
6.520799999999999272e+02,1.003704682689241734e+00
6.526000000000000227e+02,1.003704746380021717e+00
6.531200000000000045e+02,1.003704806207091238e+00
6.536400000000001000e+02,1.003705091250851611e+00
6.541599999999999682e+02,1.003705656306991045e+00
6.546800000000000637e+02,1.003705932697770864e+00
6.551999999999999318e+02,1.003705976552860646e+00
6.557200000000000273e+02,1.003706018254970855e+00
6.562400000000000091e+02,1.003706057445750366e+00
6.567599999999999909e+02,1.003706072701890273e+00
6.572799999999999727e+02,1.003706103902599844e+00
6.577999999999999545e+02,1.003706129719740048e+00
6.583199999999999363e+02,1.003706133849519677e+00
6.588400000000000318e+02,1.003706153232629461e+00
6.593600000000001273e+02,1.003706171116439450e+00
6.598799999999999955e+02,1.003706660289479302e+00
6.604000000000000909e+02,1.003707186719259070e+00
6.609199999999999591e+02,1.003707170821368733e+00
6.614400000000000546e+02,1.003707173205178771e+00
6.619600000000000364e+02,1.003707167935308453e+00
6.624800000000000182e+02,1.003707143565088389e+00
6.630000000000000000e+02,1.003707132767198251e+00
6.635199999999999818e+02,1.003707120621937898e+00
6.640399999999999636e+02,1.003707080751717662e+00
6.645600000000000591e+02,1.003707058867867374e+00
6.650799999999999272e+02,1.003707032597647597e+00
6.656000000000000227e+02,1.003706985199757318e+00
6.661199999999998909e+02,1.003706951429536920e+00
6.666399999999999864e+02,1.003707162998667357e+00
6.671599999999999682e+02,1.003707636928446778e+00
6.676800000000000637e+02,1.003707820830556541e+00
6.681999999999999318e+02,1.003707751999336706e+00
6.687200000000000273e+02,1.003707698257136238e+00
6.692400000000000091e+02,1.003707640498246123e+00
6.697599999999999909e+02,1.003707559975045793e+00
6.702800000000000864e+02,1.003707494271845801e+00
6.707999999999999545e+02,1.003707425473955528e+00
6.713200000000000500e+02,1.003707354742735536e+00
6.718399999999999181e+02,1.003707257372864925e+00
6.723600000000000136e+02,1.003707176988665184e+00
6.728799999999999955e+02,1.003707089257445340e+00
6.734000000000000909e+02,1.003706981387574970e+00
6.739199999999999591e+02,1.003706885656354908e+00
6.744400000000000546e+02,1.003706788925134319e+00
6.749599999999999227e+02,1.003706663287254663e+00
6.754800000000000182e+02,1.003706460517034271e+00
6.760000000000000000e+02,1.003705832585813917e+00
6.765199999999999818e+02,1.003705317754943538e+00
6.770399999999999636e+02,1.003705178770743611e+00
6.775599999999999454e+02,1.003705056913513527e+00
6.780800000000000409e+02,1.003704926154623145e+00
6.786000000000000227e+02,1.003704774670423072e+00
6.791200000000001182e+02,1.003704636313192955e+00
6.796399999999999864e+02,1.003704495081972459e+00
6.801600000000000819e+02,1.003704330098122322e+00
6.806799999999999500e+02,1.003703892712872303e+00
6.812000000000000455e+02,1.003703201210722318e+00
6.817200000000000273e+02,1.003702849826871857e+00
6.822400000000000091e+02,1.003702685480622137e+00
6.827599999999999909e+02,1.003702134277421720e+00
6.832799999999999727e+02,1.003701427439191773e+00
6.837999999999999545e+02,1.003701133608321250e+00
6.843200000000000500e+02,1.003700950763121380e+00
6.848399999999999181e+02,1.003700304034961022e+00
6.853600000000000136e+02,1.003699578503740808e+00
6.858799999999998818e+02,1.003699343832530788e+00
6.863999999999999773e+02,1.003699125973640527e+00
6.869199999999999591e+02,1.003698384163430379e+00
6.874400000000000546e+02,1.003697716917180349e+00
6.879600000000000364e+02,1.003697478990069891e+00
6.884800000000000182e+02,1.003697164143819931e+00
6.890000000000000000e+02,1.003696401959969675e+00
6.895199999999999818e+02,1.003695658413719771e+00
6.900400000000000773e+02,1.003694889171579563e+00
6.905599999999999454e+02,1.003694116640359457e+00
6.910800000000000409e+02,1.003693355969149215e+00
6.915999999999999091e+02,1.003692572976929043e+00
6.921200000000000045e+02,1.003691782668118870e+00
6.926399999999999864e+02,1.003691007621868581e+00
6.931600000000000819e+02,1.003690206850658795e+00
6.936799999999999500e+02,1.003689402233478356e+00
6.942000000000000455e+02,1.003688612677298364e+00
6.947199999999999136e+02,1.003687798906088169e+00
6.952400000000000091e+02,1.003686979259837742e+00
6.957599999999999909e+02,1.003686155614987641e+00
6.962799999999999727e+02,1.003685347444827736e+00
6.968000000000000682e+02,1.003684511826597126e+00
6.973199999999999363e+02,1.003683672055386999e+00
6.978400000000000318e+02,1.003682386638206969e+00
6.983600000000000136e+02,1.003681022821026891e+00
6.988800000000001091e+02,1.003680147449816706e+00
6.993999999999999773e+02,1.003679269732636659e+00
6.999200000000000728e+02,1.003677886761425997e+00
7.004399999999999409e+02,1.003676559562196147e+00
7.009600000000000364e+02,1.003675682945366132e+00
7.014800000000000182e+02,1.003674729813156086e+00
7.020000000000000000e+02,1.003673324342995832e+00
7.025199999999999818e+02,1.003671917871785890e+00
7.030399999999999636e+02,1.003670501553555638e+00
7.035599999999999454e+02,1.003669065522395432e+00
7.040800000000000409e+02,1.003667642051185194e+00
7.045999999999999091e+02,1.003666214262025180e+00
7.051200000000000045e+02,1.003664777829815113e+00
7.056399999999998727e+02,1.003663337330584548e+00
7.061599999999999682e+02,1.003661890427444359e+00
7.066800000000000637e+02,1.003660439956234551e+00
7.072000000000000455e+02,1.003658984639054230e+00
7.077200000000000273e+02,1.003657179406844069e+00
7.082400000000000091e+02,1.003655195764704411e+00
7.087599999999999909e+02,1.003653569378464061e+00
7.092799999999999727e+02,1.003652090918234041e+00
7.098000000000000682e+02,1.003650184929073763e+00
7.103199999999999363e+02,1.003648180296863535e+00
7.108400000000000318e+02,1.003646147054723325e+00
7.113599999999999000e+02,1.003644129394493101e+00
7.118799999999999955e+02,1.003642105637323034e+00
7.123999999999999773e+02,1.003640060905113041e+00
7.129200000000000728e+02,1.003638023762972731e+00
7.134399999999999409e+02,1.003635965655722551e+00
7.139600000000000364e+02,1.003633914898552693e+00
7.144799999999999045e+02,1.003631844166342102e+00
7.150000000000000000e+02,1.003629784563202065e+00
7.155200000000000955e+02,1.003627570965632376e+00
7.160399999999999636e+02,1.003624982634471863e+00
7.165600000000000591e+02,1.003622373202261553e+00
7.170799999999999272e+02,1.003619756145091468e+00
7.176000000000000227e+02,1.003617363941951446e+00
7.181200000000000045e+02,1.003615248709741170e+00
7.186400000000001000e+02,1.003612882052571154e+00
7.191599999999999682e+02,1.003610259692340856e+00
7.196800000000000637e+02,1.003607307535171023e+00
7.201999999999999318e+02,1.003604137402960728e+00
7.207200000000000273e+02,1.003601305599820748e+00
7.212400000000000091e+02,1.003598641109320289e+00
7.217599999999999909e+02,1.003595586677110241e+00
7.222799999999999727e+02,1.003592393419940443e+00
7.227999999999999545e+02,1.003589193259710077e+00
7.233199999999999363e+02,1.003585989502540077e+00
7.238400000000000318e+02,1.003582756838399925e+00
7.243600000000001273e+02,1.003579540052159658e+00
7.248799999999999955e+02,1.003576311976689617e+00
7.254000000000000909e+02,1.003573082219519241e+00
7.259199999999999591e+02,1.003569842972279247e+00
7.264400000000000546e+02,1.003566545069138893e+00
7.269600000000000364e+02,1.003562757550968909e+00
7.274800000000000182e+02,1.003558968090738635e+00
7.280000000000000000e+02,1.003555186508258812e+00
7.285199999999999818e+02,1.003551383490088655e+00
7.290399999999999636e+02,1.003547588157878367e+00
7.295600000000000591e+02,1.003543599739707970e+00
7.300799999999999272e+02,1.003539259482538082e+00
7.306000000000000227e+02,1.003534914916997867e+00
7.311199999999998909e+02,1.003530561698827928e+00
7.316399999999999864e+02,1.003526203441657660e+00
7.321599999999999682e+02,1.003521836695467684e+00
7.326800000000000637e+02,1.003517483538297617e+00
7.331999999999999318e+02,1.003513103847797350e+00
7.337200000000000273e+02,1.003508373829627098e+00
7.342400000000000091e+02,1.003503465036416964e+00
7.347599999999999909e+02,1.003498530326266902e+00
7.352800000000000864e+02,1.003493608935766668e+00
7.357999999999999545e+02,1.003488678517596489e+00
7.363200000000000500e+02,1.003483744070356343e+00
7.368399999999999181e+02,1.003478322652186172e+00
7.373600000000000136e+02,1.003472839923736259e+00
7.378799999999999955e+02,1.003467366305565989e+00
7.384000000000000909e+02,1.003461851458325782e+00
7.389199999999999591e+02,1.003455828540156025e+00
7.394400000000000546e+02,1.003449862296675654e+00
7.399599999999999227e+02,1.003444357178505664e+00
7.404800000000000182e+02,1.003438622331265462e+00
7.410000000000000000e+02,1.003432056560115138e+00
7.415199999999999818e+02,1.003425622169614950e+00
7.420399999999999636e+02,1.003419556251445188e+00
7.425599999999999454e+02,1.003413125280294915e+00
7.430800000000000409e+02,1.003405995389794692e+00
7.436000000000000227e+02,1.003399091170574575e+00
7.441200000000001182e+02,1.003392483899424592e+00
7.446399999999999864e+02,1.003385603947924309e+00
7.451600000000000819e+02,1.003378448029754288e+00
7.456799999999999500e+02,1.003370980358603726e+00
7.462000000000000455e+02,1.003363293268103806e+00
7.467200000000000273e+02,1.003355599159863498e+00
7.472400000000000091e+02,1.003347899388713715e+00
7.477599999999999909e+02,1.003340189798213489e+00
7.482799999999999727e+02,1.003332474180043121e+00
7.487999999999999545e+02,1.003324310675913100e+00
7.493200000000000500e+02,1.003316065885412778e+00
7.498399999999999181e+02,1.003307334414263119e+00
7.503600000000000136e+02,1.003298542181062736e+00
7.508799999999998818e+02,1.003289736937582610e+00
7.513999999999999773e+02,1.003280909729342696e+00
7.519199999999999591e+02,1.003271574411172429e+00
7.524400000000000546e+02,1.003262237506692411e+00
7.529600000000000364e+02,1.003252885216542101e+00
7.534800000000000182e+02,1.003243322558032169e+00
7.540000000000000000e+02,1.003232903739861737e+00
7.545199999999999818e+02,1.003222617007711870e+00
7.550400000000000773e+02,1.003212720017211623e+00
7.555599999999999454e+02,1.003202438259051643e+00
7.560800000000000409e+02,1.003191456207551457e+00
7.565999999999999091e+02,1.003180489536401154e+00
7.571200000000000045e+02,1.003169513057231343e+00
7.576399999999999864e+02,1.003158264398720911e+00
7.581600000000000819e+02,1.003146737580550951e+00
7.586799999999999500e+02,1.003135204204090858e+00
7.592000000000000455e+02,1.003123662270890337e+00
7.597199999999999136e+02,1.003111443366410338e+00
7.602400000000000091e+02,1.003098834548240337e+00
7.607599999999999909e+02,1.003086236617750426e+00
7.612799999999999727e+02,1.003073612685600136e+00
7.618000000000000682e+02,1.003060578652400059e+00
7.623199999999999363e+02,1.003047426047919632e+00
7.628400000000000318e+02,1.003033783568749726e+00
7.633600000000000136e+02,1.003020099638259444e+00
7.638800000000001091e+02,1.003005905359089844e+00
7.643999999999999773e+02,1.002991651961579356e+00
7.649200000000000728e+02,1.002976885129429396e+00
7.654399999999999409e+02,1.002962116851918939e+00
7.659600000000000364e+02,1.002947335019769071e+00
7.664800000000000182e+02,1.002932343000259019e+00
7.670000000000000000e+02,1.002916494849108497e+00
7.675199999999999818e+02,1.002900511190598642e+00
7.680399999999999636e+02,1.002884131811428547e+00
7.685599999999999454e+02,1.002867558652918323e+00
7.690800000000000409e+02,1.002850647948788421e+00
7.695999999999999091e+02,1.002833732743257933e+00
7.701200000000000045e+02,1.002816787411107802e+00
7.706399999999998727e+02,1.002799320819617979e+00
7.711599999999999682e+02,1.002781328462507782e+00
7.716800000000000637e+02,1.002762697611007559e+00
7.722000000000000455e+02,1.002743655352847485e+00
7.727200000000000273e+02,1.002724586148367347e+00
7.732400000000000091e+02,1.002705508954167435e+00
7.737599999999999909e+02,1.002686042623676999e+00
7.742799999999999727e+02,1.002666418091527012e+00
7.748000000000000682e+02,1.002645939072016823e+00
7.753199999999999363e+02,1.002625261694506831e+00
7.758400000000000318e+02,1.002604116430426684e+00
7.763599999999999000e+02,1.002582891571916379e+00
7.768799999999999955e+02,1.002560658513756753e+00
7.773999999999999773e+02,1.002538383947226164e+00
7.779200000000000728e+02,1.002516094815076197e+00
7.784399999999999409e+02,1.002493595023586037e+00
7.789600000000000364e+02,1.002469723065075868e+00
7.794799999999999045e+02,1.002445849453976079e+00
7.800000000000000000e+02,1.002421939923485938e+00
7.805200000000000955e+02,1.002397760976305507e+00
7.810399999999999636e+02,1.002372805045815385e+00
7.815600000000000591e+02,1.002347462626305141e+00
7.820799999999999272e+02,1.002321455962225105e+00
7.826000000000000227e+02,1.002294967784714830e+00
7.831200000000000045e+02,1.002267895437534806e+00
7.836400000000001000e+02,1.002240797046044740e+00
7.841599999999999682e+02,1.002213706687534733e+00
7.846800000000000637e+02,1.002185672969424513e+00
7.851999999999999318e+02,1.002156981377934741e+00
7.857200000000000273e+02,1.002127935698764682e+00
7.862400000000000091e+02,1.002098729507274300e+00
7.867599999999999909e+02,1.002068310487764347e+00
7.872799999999999727e+02,1.002037502997674023e+00
7.877999999999999545e+02,1.002006262778163848e+00
7.883199999999999363e+02,1.001974921547674091e+00
7.888400000000000318e+02,1.001943069700493627e+00
7.893600000000001273e+02,1.001911194310053377e+00
7.898799999999999955e+02,1.001877758818563224e+00
7.904000000000000909e+02,1.001844224771383685e+00
7.909199999999999591e+02,1.001809681579893585e+00
7.914400000000000546e+02,1.001775002342433218e+00
7.919600000000000364e+02,1.001739407723272857e+00
7.924800000000000182e+02,1.001703697003763160e+00
7.930000000000000000e+02,1.001667549141342706e+00
7.935199999999999818e+02,1.001630959394162579e+00
7.940399999999999636e+02,1.001593229302672361e+00
7.945600000000000591e+02,1.001554941783162400e+00
7.950799999999999272e+02,1.001515627493072325e+00
7.956000000000000227e+02,1.001476078473562348e+00
7.961199999999998909e+02,1.001436229982071824e+00
7.966399999999999864e+02,1.001395553663962268e+00
7.971599999999999682e+02,1.001354101872471869e+00
7.976800000000000637e+02,1.001312030391961816e+00
7.981999999999999318e+02,1.001269528729541447e+00
7.987200000000000273e+02,1.001226311128331714e+00
7.992400000000000091e+02,1.001182759536841438e+00
7.997599999999999909e+02,1.001137994146401144e+00
8.002800000000000864e+02,1.001092839266241041e+00
8.007999999999999545e+02,1.001046373046731386e+00
8.013200000000000500e+02,1.000999633484310758e+00
8.018399999999999181e+02,1.000951944338790867e+00
8.023600000000000136e+02,1.000904136230611030e+00
8.028799999999999955e+02,1.000854768415210705e+00
8.034000000000000909e+02,1.000805320795700615e+00
8.039199999999999591e+02,1.000754861043210431e+00
8.044400000000000546e+02,1.000704132671070612e+00
8.049599999999999227e+02,1.000651571018580155e+00
8.054800000000000182e+02,1.000598778628140284e+00
8.060000000000000000e+02,1.000545145436650296e+00
8.065199999999999818e+02,1.000491052202459930e+00
8.070399999999999636e+02,1.000435837312019682e+00
8.075599999999999454e+02,1.000379853959530108e+00
8.080800000000000409e+02,1.000322539487039641e+00
8.086000000000000227e+02,1.000264740609589476e+00
8.091200000000001182e+02,1.000206354290429589e+00
8.096399999999999864e+02,1.000147139238989347e+00
8.101600000000000819e+02,1.000087149532469244e+00
8.106799999999999500e+02,1.000025909442028960e+00
8.112000000000000455e+02,9.999638380895390366e-01
8.117200000000000273e+02,9.999006676633689361e-01
8.122400000000000091e+02,9.998369905119287582e-01
8.127599999999999909e+02,9.997721191594386436e-01
8.132799999999999727e+02,9.997068601429884849e-01
8.137999999999999545e+02,9.996398481624785282e-01
8.143200000000000500e+02,9.995724867573581029e-01
8.148399999999999181e+02,9.995036762848682477e-01
8.153600000000000136e+02,9.994347081074179684e-01
8.158799999999998818e+02,9.993636808549277717e-01
8.163999999999999773e+02,9.992924977744178650e-01
8.169199999999999591e+02,9.992198464579677974e-01
8.174400000000000546e+02,9.991469071248278988e-01
8.179600000000000364e+02,9.990721323193578751e-01
8.184800000000000182e+02,9.989968022668676007e-01
8.190000000000000000e+02,9.989193927894177705e-01
8.195199999999999818e+02,9.988416937559273512e-01
8.200400000000000773e+02,9.987632343394768908e-01
8.205599999999999454e+02,9.986837768593169740e-01
8.210800000000000409e+02,9.986026802538470193e-01
8.215999999999999091e+02,9.985206407483767643e-01
8.221200000000000045e+02,9.984374412709267066e-01
8.226399999999999864e+02,9.983531069904167943e-01
8.231600000000000819e+02,9.982677883599865298e-01
8.236799999999999500e+02,9.981808933074964862e-01
8.242000000000000455e+02,9.980929366300462791e-01
8.247199999999999136e+02,9.980035378678360214e-01
8.252400000000000091e+02,9.979134807914360472e-01
8.257599999999999909e+02,9.978218259139861601e-01
8.262799999999999727e+02,9.977296469334758777e-01
8.268000000000000682e+02,9.976357176030458129e-01
8.273199999999999363e+02,9.975414199965256801e-01
8.278400000000000318e+02,9.974447347121057073e-01
8.283600000000000136e+02,9.973478163245854677e-01
8.288800000000001091e+02,9.972482860471353350e-01
8.293999999999999773e+02,9.971485623946455545e-01
8.299200000000000728e+02,9.970463726365451640e-01
8.304399999999999409e+02,9.969438945310752365e-01
8.309600000000000364e+02,9.968395831175852484e-01
8.314800000000000182e+02,9.967347169871549895e-01
8.320000000000000000e+02,9.966277681806352540e-01
8.325199999999999818e+02,9.965200523762148821e-01
8.330399999999999636e+02,9.964104850086945575e-01
8.335599999999999454e+02,9.962997485312443668e-01
8.340800000000000409e+02,9.961870116548443566e-01
8.345999999999999091e+02,9.960730801203042661e-01
8.351200000000000045e+02,9.959577225288738234e-01
8.356399999999998727e+02,9.958412497223539939e-01
8.361599999999999682e+02,9.957237719379338214e-01
8.366800000000000637e+02,9.956040696794840050e-01
8.372000000000000455e+02,9.954829235729636405e-01
8.377200000000000273e+02,9.953603348815337482e-01
8.382400000000000091e+02,9.952370883764135590e-01
8.387599999999999909e+02,9.951110193629235656e-01
8.392799999999999727e+02,9.949840820044731915e-01
8.398000000000000682e+02,9.948549338369532258e-01
8.403199999999999363e+02,9.947253593065233934e-01
8.408400000000000318e+02,9.945928863680731924e-01
8.413599999999999000e+02,9.944601609085730320e-01
8.418799999999999955e+02,9.943248197241529862e-01
8.423999999999999773e+02,9.941891896657025773e-01
8.429200000000000728e+02,9.940501369981827873e-01
8.434399999999999409e+02,9.939107016677527495e-01
8.439600000000000364e+02,9.937690319293024377e-01
8.444799999999999045e+02,9.936265200698025657e-01
8.450000000000000000e+02,9.934811621033324824e-01
8.455200000000000955e+02,9.933348460119022505e-01
8.460399999999999636e+02,9.931863321053823190e-01
8.465600000000000591e+02,9.930364003679824636e-01
8.470799999999999272e+02,9.928842013295318125e-01
8.476000000000000227e+02,9.927305630700314909e-01
8.481200000000000045e+02,9.925752106315818279e-01
8.486400000000001000e+02,9.924181692121315512e-01
8.491599999999999682e+02,9.922596633056115500e-01
8.496800000000000637e+02,9.920988925141814851e-01
8.501999999999999318e+02,9.919367150757314455e-01
8.507200000000000273e+02,9.917719876843011928e-01
8.512400000000000091e+02,9.916061057638009268e-01
8.517599999999999909e+02,9.914374204140209423e-01
8.522799999999999727e+02,9.912678669225908346e-01
8.527999999999999545e+02,9.910952063270508372e-01
8.533199999999999363e+02,9.909219671356207515e-01
8.538400000000000318e+02,9.907458258441905752e-01
8.543600000000001273e+02,9.905694500057409257e-01
8.548799999999999955e+02,9.903888539852405692e-01
8.554000000000000909e+02,9.902079495077905635e-01
8.559199999999999591e+02,9.900231489623303460e-01
8.564400000000000546e+02,9.898378685708999480e-01
8.569600000000000364e+02,9.896499124033800721e-01
8.574800000000000182e+02,9.894610001119497067e-01
8.580000000000000000e+02,9.892688400454798803e-01
8.585199999999999818e+02,9.890753966540496434e-01
8.590399999999999636e+02,9.888790310335497935e-01
8.595600000000000591e+02,9.886812461951000053e-01
8.600799999999999272e+02,9.884812110313396794e-01
8.606000000000000227e+02,9.882792211399098470e-01
8.611199999999998909e+02,9.880749825474295367e-01
8.616399999999999864e+02,9.878684625269293917e-01
8.621599999999999682e+02,9.876600195354990896e-01
8.626800000000000637e+02,9.874486635360492093e-01
8.631999999999999318e+02,9.872354823446188865e-01
8.637200000000000273e+02,9.870197478531889113e-01
8.642400000000000091e+02,9.868028950316389825e-01
8.647599999999999909e+02,9.865828013402088148e-01
8.652800000000000864e+02,9.863617446764486596e-01
8.657999999999999545e+02,9.861366807379983168e-01
8.663200000000000500e+02,9.859108858855683000e-01
8.668399999999999181e+02,9.856812161110385384e-01
8.673600000000000136e+02,9.854512169725885284e-01
8.678799999999999955e+02,9.852164985531383090e-01
8.684000000000000909e+02,9.849814530007080515e-01
8.689199999999999591e+02,9.847425295552481028e-01
8.694400000000000546e+02,9.845028781153978281e-01
8.699599999999999227e+02,9.842592337239677303e-01
8.704800000000000182e+02,9.840144790715379397e-01
8.710000000000000000e+02,9.837661129260776294e-01
8.715199999999999818e+02,9.835162522876275126e-01
8.720399999999999636e+02,9.832631662351973834e-01
8.725599999999999454e+02,9.830084328897376045e-01
8.730800000000000409e+02,9.827511237969073221e-01
8.736000000000000227e+02,9.824913811974571587e-01
8.741200000000001182e+02,9.822288346519970625e-01
8.746399999999999864e+02,9.819634142995670167e-01
8.751600000000000819e+02,9.816956321081373726e-01
8.756799999999999500e+02,9.814252232156566169e-01
8.762000000000000455e+02,9.811532185632267922e-01
8.767200000000000273e+02,9.808775537984167903e-01
8.772400000000000091e+02,9.806002945919566338e-01
8.777599999999999909e+02,9.803189698005265740e-01
8.782799999999999727e+02,9.800364696010763765e-01
8.787999999999999545e+02,9.797499460556163831e-01
8.793200000000000500e+02,9.794627105308564285e-01
8.798399999999999181e+02,9.791701087853960095e-01
8.803600000000000136e+02,9.788770810329662231e-01
8.808799999999998818e+02,9.785793558945159454e-01
8.813999999999999773e+02,9.782811891880557331e-01
8.819199999999999591e+02,9.779782080342259709e-01
8.824400000000000546e+02,9.776743852887657127e-01
8.829600000000000364e+02,9.773661653363359125e-01
8.834800000000000182e+02,9.770566825908756359e-01
8.840000000000000000e+02,9.767432057384456412e-01
8.845199999999999818e+02,9.764280642126351717e-01
8.850400000000000773e+02,9.761093545212050637e-01
8.855599999999999454e+02,9.757883467147452361e-01
8.860800000000000409e+02,9.754638624623150900e-01
8.865999999999999091e+02,9.751366407448749385e-01
8.871200000000000045e+02,9.748063693201151070e-01
8.876399999999999864e+02,9.744732237136548569e-01
8.881600000000000819e+02,9.741377149612248099e-01
8.886799999999999500e+02,9.737989089396748010e-01
8.892000000000000455e+02,9.734581433149145369e-01
8.897199999999999136e+02,9.731129554084545497e-01
8.902400000000000091e+02,9.727658873560245389e-01
8.907599999999999909e+02,9.724147343495642692e-01
8.912799999999999727e+02,9.720624254581341495e-01
8.918000000000000682e+02,9.717051575793442808e-01
8.923199999999999363e+02,9.713470816549341080e-01
8.928400000000000318e+02,9.709835988484739611e-01
8.933600000000000136e+02,9.706196717420140230e-01
8.938800000000001091e+02,9.702495208172540186e-01
8.943999999999999773e+02,9.698789092717936544e-01
8.949200000000000728e+02,9.695035186723436338e-01
8.954399999999999409e+02,9.691270576935540060e-01
8.959600000000000364e+02,9.687453784870933005e-01
8.964800000000000182e+02,9.683621498626833191e-01
8.970000000000000000e+02,9.679741496562231928e-01
8.975199999999999818e+02,9.675843105314630987e-01
8.980399999999999636e+02,9.671905538250029633e-01
8.985599999999999454e+02,9.667945006185429957e-01
8.990800000000000409e+02,9.663949568661133194e-01
8.995999999999999091e+02,9.659924444873225768e-01
9.001200000000000045e+02,9.655866103088827090e-01
9.006399999999998727e+02,9.651772925564530148e-01
9.011599999999999682e+02,9.647651750776627955e-01
9.016800000000000637e+02,9.643490928712026289e-01
9.022000000000000455e+02,9.639306684647425127e-01
9.027200000000000273e+02,9.635077990123125380e-01
9.032400000000000091e+02,9.630830858335224232e-01
9.037599999999999909e+02,9.626538535940825092e-01
9.042799999999999727e+02,9.622233729416522774e-01
9.048000000000000682e+02,9.617870099628622604e-01
9.053199999999999363e+02,9.613497040564021878e-01
9.058400000000000318e+02,9.609064817499421984e-01
9.063599999999999000e+02,9.604627776822717289e-01
9.068799999999999955e+02,9.600123658758115130e-01
9.073999999999999773e+02,9.595614163083518999e-01
9.079200000000000728e+02,9.591052158295618746e-01
9.084399999999999409e+02,9.586478678241515672e-01
9.089600000000000364e+02,9.581848623176912882e-01
9.094799999999999045e+02,9.577201740669215591e-01
9.100000000000000000e+02,9.572503479994617370e-01
9.105200000000000955e+02,9.567784932930011310e-01
9.110399999999999636e+02,9.563023594405711814e-01
9.115600000000000591e+02,9.558237188617811908e-01
9.120799999999999272e+02,9.553412996223411557e-01
9.126000000000000227e+02,9.548553775435506541e-01
9.131200000000000045e+02,9.543656194370907508e-01
9.136400000000001000e+02,9.538723572236609272e-01
9.141599999999999682e+02,9.533763139019607591e-01
9.146800000000000637e+02,9.528759433955003022e-01
9.151999999999999318e+02,9.523730797750602495e-01
9.157200000000000273e+02,9.518653699962704717e-01
9.162400000000000091e+02,9.513556829288103422e-01
9.167599999999999909e+02,9.508406147503699612e-01
9.172799999999999727e+02,9.503241258256100998e-01
9.177999999999999545e+02,9.498017203581501366e-01
9.183199999999999363e+02,9.492784111516899825e-01
9.188400000000000318e+02,9.487486654689897270e-01
9.193600000000001273e+02,9.482183812095498210e-01
9.198799999999999955e+02,9.476814308307597301e-01
9.204000000000000909e+02,9.471438094632997906e-01
9.209199999999999591e+02,9.466000560848597534e-01
9.214400000000000546e+02,9.460550024450694595e-01
9.219600000000000364e+02,9.455038906386096231e-01
9.224800000000000182e+02,9.449510573711497052e-01
9.230000000000000000e+02,9.443931245504992855e-01
9.235199999999999818e+02,9.438329529830392639e-01
9.240399999999999636e+02,9.432682161432492940e-01
9.245600000000000591e+02,9.427004760367891922e-01
9.250799999999999272e+02,9.421284058973489195e-01
9.256000000000000227e+02,9.415530234185589542e-01
9.261199999999998909e+02,9.409741113981190397e-01
9.266399999999999864e+02,9.403911016764188169e-01
9.271599999999999682e+02,9.398048505089587890e-01
9.276800000000000637e+02,9.392142546414986581e-01
9.281999999999999318e+02,9.386212044627086915e-01
9.287200000000000273e+02,9.380228886702886015e-01
9.292400000000000091e+02,9.374224997304985152e-01
9.297599999999999909e+02,9.368162717531085537e-01
9.302800000000000864e+02,9.362085279136683758e-01
9.307999999999999545e+02,9.355948670208981133e-01
9.313200000000000500e+02,9.349803020144384913e-01
9.318399999999999181e+02,9.343588044026677197e-01
9.323600000000000136e+02,9.337367292352078962e-01
9.328799999999999955e+02,9.331074920704579556e-01
9.334000000000000909e+02,9.324775652110179891e-01
9.339199999999999591e+02,9.318415055715777440e-01
9.344400000000000546e+02,9.312040506317874611e-01
9.349599999999999227e+02,9.305601193643273650e-01
9.354800000000000182e+02,9.299144669896474147e-01
9.360000000000000000e+02,9.292637342221874430e-01
9.365199999999999818e+02,9.286105526823974499e-01
9.370399999999999636e+02,9.279524811429571418e-01
9.375599999999999454e+02,9.272913871501872185e-01
9.380800000000000409e+02,9.266259822727972439e-01
9.386000000000000227e+02,9.259569975793269236e-01
9.391200000000001182e+02,9.252842351865571136e-01
9.396399999999999864e+02,9.246076434190968474e-01
9.401600000000000819e+02,9.239280596363969034e-01
9.406799999999999500e+02,9.232434424689370811e-01
9.412000000000000455e+02,9.225560074761665064e-01
9.417200000000000273e+02,9.218633076367266366e-01
9.422400000000000091e+02,9.211685363039067154e-01
9.427599999999999909e+02,9.204679069125366597e-01
9.432799999999999727e+02,9.197657990007662709e-01
9.437999999999999545e+02,9.190572775333064603e-01
9.443200000000000500e+02,9.183478336685561016e-01
9.448399999999999181e+02,9.176313989301660978e-01
9.453600000000000136e+02,9.169144066363461576e-01
9.458799999999998818e+02,9.161908079969057761e-01
9.463999999999999773e+02,9.154663672764657978e-01
9.469199999999999591e+02,9.147348960657458727e-01
9.474400000000000546e+02,9.140020863263058626e-01
9.479600000000000364e+02,9.132632794795059183e-01
9.484800000000000182e+02,9.125225775120460181e-01
9.490000000000000000e+02,9.117764119763658304e-01
9.495199999999999818e+02,9.110277977089055179e-01
9.500400000000000773e+02,9.102743179431054266e-01
9.505599999999999454e+02,9.095177761907354830e-01
9.510800000000000409e+02,9.087569597509451702e-01
9.515999999999999091e+02,9.079925259115052549e-01
9.521200000000000045e+02,9.072243547647050876e-01
9.526399999999999864e+02,9.064517236543347956e-01
9.531600000000000819e+02,9.056756998145448767e-01
9.536799999999999500e+02,9.048952536941051727e-01
9.542000000000000455e+02,9.041124287573748530e-01
9.547199999999999136e+02,9.033242628759350357e-01
9.552400000000000091e+02,9.025340826641646830e-01
9.557599999999999909e+02,9.017380250703447286e-01
9.562799999999999727e+02,9.009405083789744362e-01
9.568000000000000682e+02,9.001365416672045816e-01
9.573199999999999363e+02,8.993316919927345499e-01
9.578400000000000318e+02,8.985198150490343316e-01
9.583600000000000136e+02,8.977073800815745797e-01
9.588800000000001091e+02,8.968878412627941943e-01
9.593999999999999773e+02,8.960674975244042884e-01
9.599200000000000728e+02,8.952406205706343600e-01
9.604399999999999409e+02,8.944123854771641735e-01
9.609600000000000364e+02,8.935781713373740498e-01
9.614800000000000182e+02,8.927420068740240522e-01
9.620000000000000000e+02,8.919004593192039199e-01
9.625199999999999818e+02,8.910565775267837996e-01
9.630399999999999636e+02,8.902082095160638309e-01
9.635599999999999454e+02,8.893567606082634081e-01
9.640800000000000409e+02,8.885010562688238078e-01
9.645999999999999091e+02,8.876417171510935233e-01
9.651200000000000045e+02,8.867786790506534400e-01
9.656399999999998727e+02,8.859114103108635119e-01
9.661599999999999682e+02,8.850410370934832516e-01
9.666800000000000637e+02,8.841658766926931978e-01
9.672000000000000455e+02,8.832881480753134174e-01
9.677200000000000273e+02,8.824054799745234545e-01
9.682400000000000091e+02,8.815209323817531084e-01
9.687599999999999909e+02,8.806304885173531494e-01
9.692799999999999727e+02,8.797386242635831799e-01
9.698000000000000682e+02,8.788407299701129771e-01
9.703199999999999363e+02,8.779420476454128375e-01
9.708400000000000318e+02,8.770363003519426881e-01
9.713599999999999000e+02,8.761300338981728997e-01
9.718799999999999955e+02,8.752171805614427091e-01
9.723999999999999773e+02,8.743035038800024417e-01
9.729200000000000728e+02,8.733833318432725479e-01
9.734399999999999409e+02,8.724618403618320528e-01
9.739600000000000364e+02,8.715348498500623542e-01
9.744799999999999045e+02,8.706060234713318691e-01
9.750000000000000000e+02,8.696722118318921391e-01
9.755200000000000955e+02,8.687358576240918895e-01
9.760399999999999636e+02,8.677947127137218830e-01
9.765600000000000591e+02,8.668508885059218461e-01
9.770799999999999272e+02,8.659034578232216450e-01
9.776000000000000227e+02,8.649523359877517859e-01
9.781200000000000045e+02,8.639975557609516077e-01
9.786400000000001000e+02,8.630388499695819116e-01
9.791599999999999682e+02,8.620772464898014409e-01
9.796800000000000637e+02,8.611112035790814412e-01
9.801999999999999318e+02,8.601427854716315879e-01
9.807200000000000273e+02,8.591693876708416111e-01
9.812400000000000091e+02,8.581941680534613814e-01
9.817599999999999909e+02,8.572134344526713967e-01
9.822799999999999727e+02,8.562313968019612531e-01
9.827999999999999545e+02,8.552437676345010509e-01
9.833199999999999363e+02,8.542554471547211259e-01
9.838400000000000318e+02,8.532600441759911059e-01
9.843600000000001273e+02,8.522641408365512206e-01
9.848799999999999955e+02,8.512627184578209771e-01
9.854000000000000909e+02,8.502603956573808741e-01
9.859199999999999591e+02,8.492516409396506649e-01
9.864400000000000546e+02,8.482416427598709063e-01
9.869600000000000364e+02,8.472265628314107344e-01
9.874800000000000182e+02,8.462097812807005681e-01
9.880000000000000000e+02,8.451884376689305922e-01
9.885199999999999818e+02,8.441648746625305400e-01
9.890399999999999636e+02,8.431372290357305177e-01
9.895600000000000591e+02,8.421066747110304007e-01
9.900799999999999272e+02,8.410722113035803416e-01
9.906000000000000227e+02,8.400345704388301193e-01
9.911199999999998909e+02,8.389938238854103281e-01
9.916399999999999864e+02,8.379494210776101681e-01
9.921599999999999682e+02,8.369023718339098084e-01
9.926800000000000637e+02,8.358511880984400566e-01
9.931999999999999318e+02,8.347978558617098477e-01
9.937200000000000273e+02,8.337402729359597586e-01
9.942400000000000091e+02,8.326811548295596221e-01
9.947599999999999909e+02,8.316165246027598101e-01
9.952800000000000864e+02,8.305506101780596451e-01
9.957999999999999545e+02,8.294795612706095111e-01
9.963200000000000500e+02,8.284078571448594275e-01
9.968399999999999181e+02,8.273306018650792293e-01
9.973600000000000136e+02,8.262528466017294848e-01
9.978799999999999955e+02,8.251685808469093608e-01
9.984000000000000909e+02,8.240836645961994167e-01
9.989199999999999591e+02,8.229941650147591936e-01
9.994400000000000546e+02,8.219033843170291398e-01
9.999599999999999227e+02,8.208075822092288920e-01
1.000480000000000018e+03,8.197103456017792444e-01
1.001000000000000000e+03,8.186092939580790206e-01
1.001519999999999982e+03,8.175060238502788179e-01
1.002039999999999964e+03,8.163986895995688498e-01
1.002559999999999945e+03,8.152888674170789551e-01
1.003080000000000041e+03,8.141757496203985145e-01
1.003600000000000023e+03,8.130599878406186143e-01
1.004120000000000118e+03,8.119416346871984880e-01
1.004639999999999986e+03,8.108196082074186073e-01
1.005160000000000082e+03,8.096949767827185118e-01
1.005679999999999950e+03,8.085672024282481996e-01
1.006200000000000045e+03,8.074378326775383252e-01
1.006720000000000027e+03,8.063038140988082469e-01
1.007240000000000009e+03,8.051681661730580863e-01
1.007759999999999991e+03,8.040286651196381085e-01
1.008279999999999973e+03,8.028882979788583008e-01
1.008799999999999955e+03,8.017427643281481719e-01
1.009320000000000050e+03,8.005966155456579747e-01
1.009839999999999918e+03,7.994453883489779367e-01
1.010360000000000014e+03,7.982937372691977229e-01
1.010879999999999882e+03,7.971371086627977443e-01
1.011399999999999977e+03,7.959798288359977159e-01
1.011919999999999959e+03,7.948179473572677400e-01
1.012440000000000055e+03,7.936551290164876038e-01
1.012960000000000036e+03,7.924885325921375845e-01
1.013480000000000018e+03,7.913204634373174340e-01
1.014000000000000000e+03,7.901486345866073346e-01
1.014519999999999982e+03,7.889749123068272585e-01
1.015040000000000077e+03,7.877978375004272005e-01
1.015559999999999945e+03,7.866187132416972982e-01
1.016080000000000041e+03,7.854369022619172025e-01
1.016599999999999909e+03,7.842526783095473686e-01
1.017120000000000005e+03,7.830661532297669147e-01
1.017639999999999986e+03,7.818765442040170877e-01
1.018160000000000082e+03,7.806847863632370155e-01
1.018679999999999950e+03,7.794902142848569859e-01
1.019200000000000045e+03,7.782942599770569236e-01
1.019719999999999914e+03,7.770947819793267985e-01
1.020240000000000009e+03,7.758940950676166404e-01
1.020759999999999991e+03,7.746895369861767078e-01
1.021279999999999973e+03,7.734841329354666950e-01
1.021800000000000068e+03,7.722749561946865571e-01
1.022319999999999936e+03,7.710653558689366527e-01
1.022840000000000032e+03,7.698511372614863513e-01
1.023360000000000014e+03,7.686365910497763299e-01
1.023880000000000109e+03,7.674180795710463521e-01
1.024400000000000091e+03,7.661990126912663346e-01
1.024920000000000073e+03,7.649763010048663547e-01
1.025440000000000055e+03,7.637527094970660846e-01
1.025960000000000036e+03,7.625257967463560105e-01
1.026480000000000018e+03,7.612975259346459467e-01
1.027000000000000000e+03,7.600659020268460964e-01
1.027519999999999982e+03,7.588331286484658600e-01
1.028039999999999964e+03,7.575983394606659038e-01
1.028559999999999945e+03,7.563614822819358929e-01
1.029079999999999927e+03,7.551219759951857124e-01
1.029599999999999909e+03,7.538805741168055352e-01
1.030119999999999891e+03,7.526373879380756637e-01
1.030639999999999873e+03,7.513920364972955790e-01
1.031160000000000082e+03,7.501451863995656222e-01
1.031680000000000064e+03,7.488958642311155378e-01
1.032200000000000045e+03,7.476453317523853448e-01
1.032720000000000027e+03,7.463916584406753429e-01
1.033240000000000009e+03,7.451369491608953455e-01
1.033759999999999991e+03,7.438796116821653204e-01
1.034279999999999973e+03,7.426217345957650817e-01
1.034799999999999955e+03,7.413605435159850154e-01
1.035319999999999936e+03,7.400990056762549729e-01
1.035840000000000146e+03,7.388338443964749258e-01
1.036359999999999900e+03,7.375684519847648390e-01
1.036880000000000109e+03,7.363000848523548747e-01
1.037399999999999864e+03,7.350312765835549378e-01
1.037920000000000073e+03,7.337597647718447913e-01
1.038440000000000055e+03,7.324874488741147660e-01
1.038960000000000036e+03,7.312122518053146836e-01
1.039480000000000018e+03,7.299361550269345411e-01
1.040000000000000000e+03,7.286577959861546550e-01
1.040519999999999982e+03,7.273784975354444793e-01
1.041039999999999964e+03,7.260975248957144412e-01
1.041559999999999945e+03,7.248151539159344292e-01
1.042079999999999927e+03,7.235310167765542921e-01
1.042600000000000136e+03,7.222452506648442405e-01
1.043119999999999891e+03,7.209579838100241833e-01
1.043640000000000100e+03,7.196691265983140573e-01
1.044159999999999854e+03,7.183792309476041416e-01
1.044680000000000064e+03,7.170875529788041103e-01
1.045200000000000045e+03,7.157950304853940571e-01
1.045720000000000027e+03,7.145001297346839086e-01
1.046240000000000009e+03,7.132044584939039034e-01
1.046759999999999991e+03,7.119070195541739032e-01
1.047279999999999973e+03,7.106092318034639144e-01
1.047799999999999955e+03,7.093085901350135725e-01
1.048319999999999936e+03,7.080076595233036896e-01
1.048839999999999918e+03,7.067046550445734709e-01
1.049360000000000127e+03,7.054014954567735529e-01
1.049880000000000109e+03,7.040963572910334811e-01
1.050400000000000091e+03,7.027908543403235120e-01
1.050920000000000073e+03,7.014830850715233490e-01
1.051440000000000055e+03,7.001748559321434584e-01
1.051960000000000036e+03,6.988649893204332830e-01
1.052480000000000018e+03,6.975544903406531994e-01
1.053000000000000000e+03,6.962425117009231057e-01
1.053519999999999982e+03,6.949297674351831988e-01
1.054039999999999964e+03,6.936156772944032101e-01
1.054559999999999945e+03,6.923006658160231197e-01
1.055079999999999927e+03,6.909844783043130878e-01
1.055599999999999909e+03,6.896671980355129072e-01
1.056119999999999891e+03,6.883488995238029595e-01
1.056640000000000100e+03,6.870296765190628818e-01
1.057159999999999854e+03,6.857097957782829489e-01
1.057680000000000064e+03,6.843888605385526347e-01
1.058199999999999818e+03,6.830674055991725613e-01
1.058720000000000027e+03,6.817447760874626450e-01
1.059240000000000009e+03,6.804217397536523881e-01
1.059759999999999991e+03,6.790969575419425475e-01
1.060279999999999973e+03,6.777718285022125144e-01
1.060799999999999955e+03,6.764457344614321910e-01
1.061320000000000164e+03,6.751195414497221936e-01
1.061839999999999918e+03,6.737917931563123242e-01
1.062360000000000127e+03,6.724639284165820907e-01
1.062879999999999882e+03,6.711345809368022275e-01
1.063400000000000091e+03,6.698050797250921784e-01
1.063920000000000073e+03,6.684746701593521356e-01
1.064440000000000055e+03,6.671440305185720732e-01
1.064960000000000036e+03,6.658125766788419719e-01
1.065480000000000018e+03,6.644806433671319734e-01
1.066000000000000000e+03,6.631475940737217023e-01
1.066519999999999982e+03,6.618143509329417196e-01
1.067039999999999964e+03,6.604807751212320444e-01
1.067559999999999945e+03,6.591464880815016691e-01
1.068080000000000155e+03,6.578113333866917323e-01
1.068599999999999909e+03,6.564759069359816790e-01
1.069120000000000118e+03,6.551402061242714847e-01
1.069639999999999873e+03,6.538038710125613218e-01
1.070160000000000082e+03,6.524671286177513574e-01
1.070680000000000064e+03,6.511300164503515120e-01
1.071200000000000045e+03,6.497927455386413031e-01
1.071720000000000027e+03,6.484550482729014576e-01
1.072240000000000009e+03,6.471172320321213478e-01
1.072759999999999991e+03,6.457785503204112043e-01
1.073279999999999973e+03,6.444396760806812008e-01
1.073799999999999955e+03,6.431007917149409447e-01
1.074319999999999936e+03,6.417619230741609115e-01
1.074839999999999918e+03,6.404225106624510389e-01
1.075360000000000127e+03,6.390830588967106873e-01
1.075879999999999882e+03,6.377431006573308636e-01
1.076400000000000091e+03,6.364030844355508254e-01
1.076919999999999845e+03,6.350625994088106019e-01
1.077440000000000055e+03,6.337221134971007253e-01
1.077960000000000036e+03,6.323816366853906024e-01
1.078480000000000018e+03,6.310411400905806545e-01
1.079000000000000000e+03,6.297006361788706208e-01
1.079519999999999982e+03,6.283599387391405333e-01
1.080039999999999964e+03,6.270189069734003473e-01
1.080559999999999945e+03,6.256781005326204070e-01
1.081079999999999927e+03,6.243375731209103163e-01
1.081599999999999909e+03,6.229967761551704619e-01
1.082120000000000118e+03,6.216557255157902917e-01
1.082639999999999873e+03,6.203149755430802381e-01
1.083160000000000082e+03,6.189744498672701267e-01
1.083679999999999836e+03,6.176342628555601122e-01
1.084200000000000045e+03,6.162942259898198660e-01
1.084720000000000027e+03,6.149537982781100309e-01
1.085240000000000009e+03,6.136132318373299643e-01
1.085759999999999991e+03,6.122735388715898619e-01
1.086279999999999973e+03,6.109340154988799343e-01
1.086800000000000182e+03,6.095944855591498568e-01
1.087319999999999936e+03,6.082549544934098273e-01
1.087840000000000146e+03,6.069159491996497513e-01
1.088359999999999900e+03,6.055769997339097710e-01
1.088880000000000109e+03,6.042390145611995500e-01
1.089400000000000091e+03,6.029010283494895539e-01
1.089920000000000073e+03,6.015630344560795040e-01
1.090440000000000055e+03,6.002252874872795463e-01
1.090960000000000036e+03,5.988883341215393008e-01
1.091480000000000018e+03,5.975515317488293565e-01
1.092000000000000000e+03,5.962150864301093423e-01
1.092519999999999982e+03,5.948790395183992663e-01
1.093039999999999964e+03,5.935436359776191662e-01
1.093559999999999945e+03,5.922084776508791393e-01
1.094079999999999927e+03,5.908735793391690638e-01
1.094599999999999909e+03,5.895395187454089969e-01
1.095119999999999891e+03,5.882061982336990180e-01
1.095639999999999873e+03,5.868731800539788157e-01
1.096160000000000082e+03,5.855403672131991311e-01
1.096680000000000064e+03,5.842082745474590499e-01
1.097200000000000045e+03,5.828764826747490080e-01
1.097720000000000027e+03,5.815459096630386515e-01
1.098240000000000009e+03,5.802156792972987809e-01
1.098759999999999991e+03,5.788863387955186512e-01
1.099279999999999973e+03,5.775571673767986303e-01
1.099799999999999955e+03,5.762289442370686077e-01
1.100319999999999936e+03,5.749007964103285406e-01
1.100840000000000146e+03,5.735742078986184600e-01
1.101359999999999900e+03,5.722476946328785008e-01
1.101880000000000109e+03,5.709221479781184660e-01
1.102399999999999864e+03,5.695969259847083466e-01
1.102920000000000073e+03,5.682734719729982675e-01
1.103440000000000055e+03,5.669502465462582519e-01
1.103960000000000036e+03,5.656278159345482504e-01
1.104480000000000018e+03,5.643058812688080961e-01
1.105000000000000000e+03,5.629850091860280070e-01
1.105519999999999982e+03,5.616647468202879967e-01
1.106039999999999964e+03,5.603454331475781203e-01
1.106559999999999945e+03,5.590271109818378825e-01
1.107079999999999927e+03,5.577098927701279463e-01
1.107600000000000136e+03,5.563935116904079603e-01
1.108119999999999891e+03,5.550778496786978877e-01
1.108640000000000100e+03,5.537631591228878714e-01
1.109159999999999854e+03,5.524490578111778127e-01
1.109680000000000064e+03,5.511364039844377505e-01
1.110200000000000045e+03,5.498243777657174647e-01
1.110720000000000027e+03,5.485135868930075542e-01
1.111240000000000009e+03,5.472031184992476316e-01
1.111759999999999991e+03,5.458948804875376482e-01
1.112279999999999973e+03,5.445870427787474766e-01
1.112799999999999955e+03,5.432806308670373729e-01
1.113319999999999936e+03,5.419743701402974789e-01
1.113839999999999918e+03,5.406701653285873599e-01
1.114360000000000127e+03,5.393661700018472782e-01
1.114880000000000109e+03,5.380645765831272298e-01
1.115400000000000091e+03,5.367632303104171720e-01
1.115920000000000073e+03,5.354631972156070896e-01
1.116440000000000055e+03,5.341637740428972769e-01
1.116960000000000036e+03,5.328663475241771641e-01
1.117480000000000018e+03,5.315695883514670594e-01
1.118000000000000000e+03,5.302742409247269695e-01
1.118519999999999982e+03,5.289799223589868316e-01
1.119039999999999964e+03,5.276871836332969190e-01
1.119559999999999945e+03,5.263954164675567204e-01
1.120079999999999927e+03,5.251047708377567513e-01
1.120599999999999909e+03,5.238155565720167273e-01
1.121119999999999891e+03,5.225275062922967173e-01
1.121640000000000100e+03,5.212407681805866222e-01
1.122159999999999854e+03,5.199548080538464179e-01
1.122680000000000064e+03,5.186710430811365402e-01
1.123199999999999818e+03,5.173882131900864323e-01
1.123720000000000027e+03,5.161070029633465506e-01
1.124240000000000009e+03,5.148262683516364735e-01
1.124759999999999991e+03,5.135482021248963802e-01
1.125279999999999973e+03,5.122705926161061907e-01
1.125799999999999955e+03,5.109949266043962712e-01
1.126320000000000164e+03,5.097194313776561847e-01
1.126839999999999918e+03,5.084470261979360250e-01
1.127360000000000127e+03,5.071748680862261383e-01
1.127879999999999882e+03,5.059050712594862498e-01
1.128400000000000091e+03,5.046357897867760345e-01
1.128920000000000073e+03,5.033691417680559166e-01
1.129440000000000055e+03,5.021031232413160073e-01
1.129960000000000036e+03,5.008390666686058923e-01
1.130480000000000018e+03,4.995758506208158867e-01
1.131000000000000000e+03,4.983144060940759013e-01
1.131519999999999982e+03,4.970544299213657813e-01
1.132039999999999964e+03,4.957966259556257915e-01
1.132559999999999945e+03,4.945398331759058297e-01
1.133080000000000155e+03,4.932841274031958267e-01
1.133599999999999909e+03,4.920304440374557164e-01
1.134120000000000118e+03,4.907784001577355504e-01
1.134639999999999873e+03,4.895283212309954890e-01
1.135160000000000082e+03,4.882794040192853791e-01
1.135680000000000064e+03,4.870323377395654463e-01
1.136200000000000045e+03,4.857860326128254358e-01
1.136720000000000027e+03,4.845425901677853364e-01
1.137240000000000009e+03,4.832999309199952909e-01
1.137759999999999991e+03,4.820595191932552370e-01
1.138279999999999973e+03,4.808194871205451748e-01
1.138799999999999955e+03,4.795828726408249976e-01
1.139319999999999936e+03,4.783465246750850386e-01
1.139839999999999918e+03,4.771132684483452291e-01
1.140360000000000127e+03,4.758802987226550818e-01
1.140879999999999882e+03,4.746501859959150194e-01
1.141400000000000091e+03,4.734206653691749311e-01
1.141919999999999845e+03,4.721941977044849525e-01
1.142440000000000055e+03,4.709685136777448933e-01
1.142960000000000036e+03,4.697451759510047897e-01
1.143480000000000018e+03,4.685228493712847997e-01
1.144000000000000000e+03,4.673026552985747872e-01
1.144519999999999982e+03,4.660839131605047370e-01
1.145039999999999964e+03,4.648673673807847129e-01
1.145559999999999945e+03,4.636525573540446477e-01
1.146079999999999927e+03,4.624396705522646478e-01
1.146599999999999909e+03,4.612285034725444599e-01
1.147120000000000118e+03,4.600187494458045090e-01
1.147639999999999873e+03,4.588113039800644222e-01
1.148160000000000082e+03,4.576051925543744847e-01
1.148679999999999836e+03,4.564016953276344712e-01
1.149200000000000045e+03,4.551992461008944058e-01
1.149720000000000027e+03,4.539996607211742030e-01
1.150240000000000009e+03,4.528008758484641239e-01
1.150759999999999991e+03,4.516052411687442314e-01
1.151279999999999973e+03,4.504101017696741094e-01
1.151800000000000182e+03,4.492179002039339841e-01
1.152319999999999936e+03,4.480259840242140079e-01
1.152840000000000146e+03,4.468381545515039965e-01
1.153359999999999900e+03,4.456506883247638995e-01
1.153880000000000109e+03,4.444665031450439341e-01
1.154400000000000091e+03,4.432829660183039144e-01
1.154920000000000073e+03,4.421024611385838132e-01
1.155440000000000055e+03,4.409228537658737013e-01
1.155960000000000036e+03,4.397459966391337738e-01
1.156480000000000018e+03,4.385703421594138729e-01
1.157000000000000000e+03,4.373971281603438177e-01
1.157519999999999982e+03,4.362256143806236830e-01
1.158039999999999964e+03,4.350566020079136287e-01
1.158559999999999945e+03,4.338893451811735025e-01
1.159079999999999927e+03,4.327239761014535224e-01
1.159599999999999909e+03,4.315606493357135309e-01
1.160119999999999891e+03,4.303989454559935535e-01
1.160639999999999873e+03,4.292398941292533965e-01
1.161160000000000082e+03,4.280823503845634370e-01
1.161680000000000064e+03,4.269274416048433607e-01
1.162200000000000045e+03,4.257735629057733395e-01
1.162720000000000027e+03,4.246229868260532614e-01
1.163240000000000009e+03,4.234732879993132193e-01
1.163759999999999991e+03,4.223267793725732355e-01
1.164279999999999973e+03,4.211807477468831884e-01
1.164799999999999955e+03,4.200386467201429608e-01
1.165319999999999936e+03,4.188968697404230612e-01
1.165840000000000146e+03,4.177586812526830617e-01
1.166359999999999900e+03,4.166208937006330437e-01
1.166880000000000109e+03,4.154868679738928927e-01
1.167399999999999864e+03,4.143535876471527435e-01
1.167920000000000073e+03,4.132237428214628472e-01
1.168440000000000055e+03,4.120948333947226372e-01
1.168960000000000036e+03,4.109686531150026911e-01
1.169480000000000018e+03,4.098440190882626788e-01
1.170000000000000000e+03,4.087225349365627425e-01
1.170519999999999982e+03,4.076025588098226571e-01
1.171039999999999964e+03,4.064847202577725471e-01
1.171559999999999945e+03,4.053689250310325565e-01
1.172079999999999927e+03,4.042552877583224791e-01
1.172600000000000136e+03,4.031439989786025357e-01
1.173119999999999891e+03,4.020345233518624051e-01
1.173640000000000100e+03,4.009274165111423871e-01
1.174159999999999854e+03,3.998216075844023831e-01
1.174680000000000064e+03,3.987191787323522418e-01
1.175200000000000045e+03,3.976180659056122724e-01
1.175720000000000027e+03,3.965198742258922437e-01
1.176240000000000009e+03,3.954224260991521800e-01
1.176759999999999991e+03,3.943290853194321710e-01
1.177279999999999973e+03,3.932363358207121018e-01
1.177799999999999955e+03,3.921475567870020829e-01
1.178319999999999936e+03,3.910591026349520827e-01
1.178839999999999918e+03,3.899741791082119713e-01
1.179360000000000127e+03,3.888897716284919204e-01
1.179880000000000109e+03,3.878095683017518391e-01
1.180400000000000091e+03,3.867301288220318378e-01
1.180920000000000073e+03,3.856541034342917951e-01
1.181440000000000055e+03,3.845790333545716644e-01
1.181960000000000036e+03,3.835066776555017265e-01
1.182480000000000018e+03,3.824358874757816662e-01
1.183000000000000000e+03,3.813682278770616496e-01
1.183519999999999982e+03,3.803025157973416448e-01
1.184039999999999964e+03,3.792395518096016160e-01
1.184559999999999945e+03,3.781783835298815344e-01
1.185079999999999927e+03,3.771190872322116028e-01
1.185599999999999909e+03,3.760621591801614483e-01
1.186119999999999891e+03,3.750070449074514034e-01
1.186640000000000100e+03,3.739549687667313993e-01
1.187159999999999854e+03,3.729045534399912931e-01
1.187680000000000064e+03,3.718571547602713134e-01
1.188199999999999818e+03,3.708109389615512619e-01
1.188720000000000027e+03,3.697680469485011834e-01
1.189240000000000009e+03,3.687259949217611688e-01
1.189759999999999991e+03,3.676876104420411795e-01
1.190279999999999973e+03,3.666497413153010920e-01
1.190799999999999955e+03,3.656163610745810089e-01
1.191320000000000164e+03,3.645833242478410119e-01
1.191839999999999918e+03,3.635543349957909842e-01
1.192360000000000127e+03,3.625258032690509280e-01
1.192879999999999882e+03,3.615010150563509050e-01
1.193400000000000091e+03,3.604770678296109199e-01
1.193920000000000073e+03,3.594569811498908862e-01
1.194440000000000055e+03,3.584378486912208617e-01
1.194960000000000036e+03,3.574214076391707962e-01
1.195480000000000018e+03,3.564067425124308186e-01
1.196000000000000000e+03,3.553955343327107608e-01
1.196519999999999982e+03,3.543858543449706633e-01
1.197039999999999964e+03,3.533782947932706531e-01
1.197559999999999945e+03,3.523730845135505940e-01
1.198080000000000155e+03,3.513702232534805514e-01
1.198599999999999909e+03,3.503697688737604232e-01
1.199120000000000118e+03,3.493711090470204561e-01
1.199639999999999873e+03,3.483751623063004454e-01
1.200160000000000082e+03,3.473806667795603653e-01
1.200680000000000064e+03,3.463896096275103087e-01
1.201200000000000045e+03,3.453998318677902746e-01
1.201720000000000027e+03,3.444134160171403169e-01
1.202240000000000009e+03,3.434278015294001674e-01
1.202759999999999991e+03,3.424463539956501545e-01
1.203279999999999973e+03,3.414654796159301564e-01
1.203799999999999955e+03,3.404885757558600012e-01
1.204319999999999936e+03,3.395120154761401277e-01
1.204839999999999918e+03,3.385394869774201454e-01
1.205360000000000127e+03,3.375674941366999526e-01
1.205879999999999882e+03,3.365996838099600819e-01
1.206400000000000091e+03,3.356326569969100282e-01
1.206919999999999845e+03,3.346690104701699475e-01
1.207440000000000055e+03,3.337064917195198821e-01
1.207960000000000036e+03,3.327470284787997779e-01
1.208480000000000018e+03,3.317891883800797581e-01
1.209000000000000000e+03,3.308344428670297876e-01
1.209519999999999982e+03,3.298814546402897285e-01
1.210039999999999964e+03,3.289308753605696967e-01
1.210559999999999945e+03,3.279826646728296602e-01
1.211079999999999927e+03,3.270368030931096737e-01
1.211599999999999909e+03,3.260933485260295583e-01
1.212120000000000118e+03,3.251516700273095473e-01
1.212639999999999873e+03,3.242127242156594980e-01
1.213160000000000082e+03,3.232752114889194672e-01
1.213679999999999836e+03,3.223411567481995199e-01
1.214200000000000045e+03,3.214083620961494803e-01
1.214720000000000027e+03,3.204789482694093694e-01
1.215240000000000009e+03,3.195503365567093357e-01
1.215759999999999991e+03,3.186254323299693159e-01
1.216279999999999973e+03,3.177010059892492189e-01
1.216800000000000182e+03,3.167811064901792095e-01
1.217319999999999936e+03,3.158615515244991290e-01
1.217840000000000146e+03,3.149460091447791044e-01
1.218359999999999900e+03,3.140309635570390778e-01
1.218880000000000109e+03,3.131196046330090854e-01
1.219400000000000091e+03,3.122091621452690036e-01
1.219920000000000073e+03,3.113025208655489373e-01
1.220440000000000055e+03,3.103970070248290303e-01
1.220960000000000036e+03,3.094945316980890482e-01
1.221480000000000018e+03,3.085935280130588931e-01
1.222000000000000000e+03,3.076952580613588895e-01
1.222519999999999982e+03,3.067989740206387705e-01
1.223039999999999964e+03,3.059054021409187696e-01
1.223559999999999945e+03,3.050139324808487373e-01
1.224079999999999927e+03,3.041245269401287032e-01
1.224599999999999909e+03,3.032375666884287169e-01
1.225119999999999891e+03,3.023523633006887090e-01
1.225639999999999873e+03,3.014698928669385936e-01
1.226160000000000082e+03,3.005888749359386658e-01
1.226680000000000064e+03,2.997113143562186166e-01
1.227200000000000045e+03,2.988349953154984529e-01
1.227720000000000027e+03,2.979620581167783944e-01
1.228240000000000009e+03,2.970899245037283976e-01
1.228759999999999991e+03,2.962215173630083909e-01
1.229279999999999973e+03,2.953535690822383653e-01
1.229799999999999955e+03,2.944901500705883191e-01
1.230319999999999936e+03,2.936270749995382179e-01
1.230840000000000146e+03,2.927674950588182723e-01
1.231359999999999900e+03,2.919084695180982902e-01
1.231880000000000109e+03,2.910535902913581330e-01
1.232399999999999864e+03,2.901995527242781647e-01
1.232920000000000073e+03,2.893488572725780861e-01
1.233440000000000055e+03,2.884993075139080654e-01
1.233960000000000036e+03,2.876527974731881154e-01
1.234480000000000018e+03,2.868079505934680307e-01
1.235000000000000000e+03,2.859661441793680536e-01
1.235519999999999982e+03,2.851259224996479658e-01
1.236039999999999964e+03,2.842877616869479152e-01
1.236559999999999945e+03,2.834520090992079244e-01
1.237079999999999927e+03,2.826185714762278756e-01
1.237600000000000136e+03,2.817875796355077678e-01
1.238119999999999891e+03,2.809583464937377983e-01
1.238640000000000100e+03,2.801315008420378061e-01
1.239159999999999854e+03,2.793059158289876720e-01
1.239680000000000064e+03,2.784838081412476796e-01
1.240200000000000045e+03,2.776629241905975709e-01
1.240720000000000027e+03,2.768454615238676308e-01
1.241240000000000009e+03,2.760287626637975555e-01
1.241759999999999991e+03,2.752157905840775798e-01
1.242279999999999973e+03,2.744032779433574487e-01
1.242799999999999955e+03,2.735948165015875122e-01
1.243319999999999936e+03,2.727866994066274753e-01
1.243839999999999918e+03,2.719825570659074043e-01
1.244360000000000127e+03,2.711789305781673876e-01
1.244880000000000109e+03,2.703789555651173737e-01
1.245400000000000091e+03,2.695798398313673516e-01
1.245920000000000073e+03,2.687840689716472498e-01
1.246440000000000055e+03,2.679894630599972682e-01
1.246960000000000036e+03,2.671978754079472052e-01
1.247480000000000018e+03,2.664075870661771761e-01
1.248000000000000000e+03,2.656196525534771369e-01
1.248519999999999982e+03,2.648337627127569927e-01
1.249039999999999964e+03,2.640505480136869920e-01
1.249559999999999945e+03,2.632691874020370859e-01
1.250079999999999927e+03,2.624896245072870227e-01
1.250599999999999909e+03,2.617128299475669495e-01
1.251119999999999891e+03,2.609379843955169642e-01
1.251640000000000100e+03,2.601655665547968899e-01
1.252159999999999854e+03,2.593943744891168968e-01
1.252680000000000064e+03,2.586262965570668149e-01
1.253199999999999818e+03,2.578592894773468203e-01
1.253720000000000027e+03,2.570957036825967656e-01
1.254240000000000009e+03,2.563328816948567956e-01
1.254759999999999991e+03,2.555733477818066812e-01
1.255279999999999973e+03,2.548141958591766953e-01
1.255799999999999955e+03,2.540596138174066598e-01
1.256320000000000164e+03,2.533053569766867130e-01
1.256839999999999918e+03,2.525545572636366254e-01
1.257360000000000127e+03,2.518042541509364352e-01
1.257879999999999882e+03,2.510571240992364728e-01
1.258400000000000091e+03,2.503109495861865486e-01
1.258920000000000073e+03,2.495685422454664015e-01
1.259440000000000055e+03,2.488271482317163663e-01
1.259960000000000036e+03,2.480883919909963875e-01
1.260480000000000018e+03,2.473509541680163348e-01
1.261000000000000000e+03,2.466158676272963424e-01
1.261519999999999982e+03,2.458825966135462782e-01
1.262039999999999964e+03,2.451516955004961751e-01
1.262559999999999945e+03,2.444229355597762054e-01
1.263080000000000155e+03,2.436962040940961749e-01
1.263599999999999909e+03,2.429719548953762076e-01
1.264120000000000118e+03,2.422494250823261086e-01
1.264639999999999873e+03,2.415293234416060753e-01
1.265160000000000082e+03,2.408104466998360338e-01
1.265680000000000064e+03,2.400943048158560578e-01
1.266200000000000045e+03,2.393791008031559975e-01
1.266720000000000027e+03,2.386673351084059869e-01
1.267240000000000009e+03,2.379562940093359336e-01
1.267759999999999991e+03,2.372485811966358604e-01
1.268279999999999973e+03,2.365412135309559183e-01
1.268799999999999955e+03,2.358379353902358699e-01
1.269319999999999936e+03,2.351349625301657753e-01
1.269839999999999918e+03,2.344354308634357953e-01
1.270360000000000127e+03,2.337363959227156951e-01
1.270879999999999882e+03,2.330405366387356403e-01
1.271400000000000091e+03,2.323455754579656640e-01
1.271919999999999845e+03,2.316539015452656614e-01
1.272440000000000055e+03,2.309632786322156350e-01
1.272960000000000036e+03,2.302752752665355729e-01
1.273480000000000018e+03,2.295887805787955593e-01
1.274000000000000000e+03,2.289049647660955922e-01
1.274519999999999982e+03,2.282227546990154565e-01
1.275039999999999964e+03,2.275425894582954744e-01
1.275559999999999945e+03,2.268640684996254542e-01
1.276079999999999927e+03,2.261870415605654328e-01
1.276599999999999909e+03,2.255128420198453110e-01
1.277120000000000118e+03,2.248405157791253661e-01
1.277639999999999873e+03,2.241703302550953625e-01
1.278160000000000082e+03,2.235011580423953426e-01
1.278679999999999836e+03,2.228347397016751941e-01
1.279200000000000045e+03,2.221692209345952629e-01
1.279720000000000027e+03,2.215071800218950948e-01
1.280240000000000009e+03,2.208458464632251095e-01
1.280759999999999991e+03,2.201878389684751303e-01
1.281279999999999745e+03,2.195301945554250234e-01
1.281800000000000182e+03,2.188756109886950130e-01
1.282319999999999936e+03,2.182213328300249833e-01
1.282839999999999918e+03,2.175710142169749728e-01
1.283360000000000127e+03,2.169211734222249999e-01
1.283880000000000109e+03,2.162745054095249198e-01
1.284400000000000091e+03,2.156286205255448785e-01
1.284919999999999845e+03,2.149856035837748869e-01
1.285440000000000055e+03,2.143435230710748207e-01
1.285960000000000036e+03,2.137036439039948221e-01
1.286480000000000018e+03,2.130653315923447810e-01
1.287000000000000000e+03,2.124296399516247547e-01
1.287519999999999982e+03,2.117955919655447328e-01
1.288039999999999964e+03,2.111635705248246786e-01
1.288559999999999945e+03,2.105331922131746525e-01
1.289079999999999927e+03,2.099043251741145866e-01
1.289600000000000136e+03,2.092776376333946309e-01
1.290119999999999891e+03,2.086524232916246169e-01
1.290639999999999873e+03,2.080296950076446216e-01
1.291160000000000082e+03,2.074081337949444381e-01
1.291680000000000064e+03,2.067893635001944730e-01
1.292200000000000045e+03,2.061714724871444582e-01
1.292719999999999800e+03,2.055566219024644037e-01
1.293240000000000236e+03,2.049424035617443129e-01
1.293759999999999991e+03,2.043310329946643744e-01
1.294279999999999973e+03,2.037199495819642936e-01
1.294799999999999955e+03,2.031124800703142386e-01
1.295320000000000164e+03,2.025052980952142534e-01
1.295840000000000146e+03,2.019015399544941969e-01
1.296359999999999900e+03,2.012982219877642032e-01
1.296879999999999882e+03,2.006975988037841274e-01
1.297400000000000091e+03,2.000977787630641158e-01
1.297920000000000073e+03,1.995008282493140883e-01
1.298440000000000055e+03,1.989049669362641104e-01
1.298959999999999809e+03,1.983116678705840463e-01
1.299480000000000018e+03,1.977195531578840593e-01
1.300000000000000000e+03,1.971293914908039957e-01
1.300519999999999982e+03,1.965406629500839608e-01
1.301040000000000191e+03,1.959536545914139227e-01
1.301559999999999945e+03,1.953685790523539134e-01
1.302079999999999927e+03,1.947852271506338717e-01
1.302599999999999909e+03,1.942040921849538249e-01
1.303120000000000118e+03,1.936244099999238077e-01
1.303640000000000100e+03,1.930468688051737436e-01
1.304159999999999854e+03,1.924703402174337830e-01
1.304679999999999836e+03,1.918961858074437199e-01
1.305200000000000045e+03,1.913227788667237195e-01
1.305720000000000027e+03,1.907524470536736128e-01
1.306240000000000009e+03,1.901827077259435894e-01
1.306759999999999764e+03,1.896158390142936023e-01
1.307280000000000200e+03,1.890492397001935498e-01
1.307799999999999955e+03,1.884857556594735917e-01
1.308319999999999936e+03,1.879225208218134879e-01
1.308839999999999918e+03,1.873621958087634820e-01
1.309360000000000127e+03,1.868024255140134648e-01
1.309880000000000109e+03,1.862457687403133999e-01
1.310399999999999864e+03,1.856898195023033715e-01
1.310920000000000073e+03,1.851363022145633697e-01
1.311440000000000055e+03,1.845838939478333385e-01
1.311960000000000036e+03,1.840340467347833242e-01
1.312480000000000018e+03,1.834851945691032826e-01
1.313000000000000000e+03,1.829379695840732678e-01
1.313519999999999982e+03,1.823924081283232468e-01
1.314039999999999964e+03,1.818488363696531551e-01
1.314559999999999945e+03,1.813066597846231531e-01
1.315080000000000155e+03,1.807657269898731156e-01
1.315599999999999909e+03,1.802269923782230665e-01
1.316119999999999891e+03,1.796897127781630632e-01
1.316639999999999873e+03,1.791545940374430768e-01
1.317160000000000082e+03,1.786204517426929761e-01
1.317680000000000064e+03,1.780883181867329856e-01
1.318199999999999818e+03,1.775567786449629426e-01
1.318720000000000255e+03,1.770283353709129481e-01
1.319240000000000009e+03,1.765004850332528852e-01
1.319759999999999991e+03,1.759755052925328911e-01
1.320279999999999973e+03,1.754507953254528518e-01
1.320800000000000182e+03,1.749286851127527798e-01
1.321320000000000164e+03,1.744068426860728160e-01
1.321839999999999918e+03,1.738884041730227314e-01
1.322359999999999900e+03,1.733703677592727255e-01
1.322880000000000109e+03,1.728545494752926903e-01
1.323400000000000091e+03,1.723394387195426869e-01
1.323920000000000073e+03,1.718267603068426574e-01
1.324439999999999827e+03,1.713150573688326517e-01
1.324960000000000036e+03,1.708055141740826288e-01
1.325480000000000018e+03,1.702971755003825916e-01
1.326000000000000000e+03,1.697907893333025775e-01
1.326519999999999982e+03,1.692855886746324756e-01
1.327039999999999964e+03,1.687818051355725046e-01
1.327559999999999945e+03,1.682800101338524923e-01
1.328079999999999927e+03,1.677798992681724388e-01
1.328600000000000136e+03,1.672810702831424023e-01
1.329120000000000118e+03,1.667830467883923695e-01
1.329639999999999873e+03,1.662875643157423478e-01
1.330159999999999854e+03,1.657932105766823094e-01
1.330680000000000064e+03,1.653008649359622717e-01
1.331200000000000045e+03,1.648091325509322413e-01
1.331720000000000027e+03,1.643200605772322243e-01
1.332239999999999782e+03,1.638314688824822341e-01
1.332760000000000218e+03,1.633452854985021629e-01
1.333279999999999973e+03,1.628593130707721159e-01
1.333799999999999955e+03,1.623764946036921342e-01
1.334319999999999936e+03,1.618938476909921043e-01
1.334840000000000146e+03,1.614136343643120530e-01
1.335360000000000127e+03,1.609339177512620345e-01
1.335879999999999882e+03,1.604568427845320111e-01
1.336399999999999864e+03,1.599803782005519981e-01
1.336920000000000073e+03,1.595059220977819436e-01
1.337440000000000055e+03,1.590324410850819381e-01
1.337960000000000036e+03,1.585611257470719015e-01
1.338480000000000018e+03,1.580908226913218806e-01
1.339000000000000000e+03,1.576221262062918738e-01
1.339519999999999982e+03,1.571548831406118230e-01
1.340039999999999964e+03,1.566893431388917957e-01
1.340560000000000173e+03,1.562249132998317913e-01
1.341079999999999927e+03,1.557614606881816965e-01
1.341599999999999909e+03,1.552999395881217159e-01
1.342119999999999891e+03,1.548396246933717024e-01
1.342640000000000100e+03,1.543814898817216785e-01
1.343160000000000082e+03,1.539243312346416370e-01
1.343679999999999836e+03,1.534687612939215906e-01
1.344199999999999818e+03,1.530136903949115557e-01
1.344720000000000027e+03,1.525612759822115305e-01
1.345240000000000009e+03,1.521093398874615310e-01
1.345759999999999991e+03,1.516598355884515026e-01
1.346279999999999745e+03,1.512105238757514847e-01
1.346800000000000182e+03,1.507638312086714560e-01
1.347319999999999936e+03,1.503173488640414668e-01
1.347839999999999918e+03,1.498732617692913605e-01
1.348360000000000127e+03,1.494296904022113792e-01
1.348880000000000109e+03,1.489887384575813156e-01
1.349400000000000091e+03,1.485483029905013130e-01
1.349919999999999845e+03,1.481094574887812654e-01
1.350440000000000055e+03,1.476715874511212723e-01
1.350960000000000036e+03,1.472359009370212135e-01
1.351480000000000018e+03,1.468010171633211680e-01
1.352000000000000000e+03,1.463674154253111759e-01
1.352519999999999982e+03,1.459352669235911559e-01
1.353039999999999964e+03,1.455048030568611150e-01
1.353559999999999945e+03,1.450754872188511069e-01
1.354079999999999927e+03,1.446471290171310597e-01
1.354600000000000136e+03,1.442207027780710582e-01
1.355119999999999891e+03,1.437954825054210128e-01
1.355639999999999873e+03,1.433717166663610043e-01
1.356160000000000082e+03,1.429485836106109686e-01
1.356680000000000064e+03,1.425274953989609239e-01
1.357200000000000045e+03,1.421069820599009381e-01
1.357719999999999800e+03,1.416887080872508697e-01
1.358240000000000236e+03,1.412708189481908516e-01
1.358759999999999991e+03,1.408553599924408650e-01
1.359279999999999973e+03,1.404401112807907859e-01
1.359799999999999955e+03,1.400274459807308025e-01
1.360320000000000164e+03,1.396149725859807678e-01
1.360840000000000146e+03,1.392044114410007638e-01
1.361359999999999900e+03,1.387942903742707401e-01
1.361879999999999882e+03,1.383863346071906586e-01
1.362400000000000091e+03,1.379790286155406220e-01
1.362920000000000073e+03,1.375737146207905992e-01
1.363440000000000055e+03,1.371692216467405856e-01
1.363959999999999809e+03,1.367665264090805466e-01
1.364480000000000018e+03,1.363646358810005621e-01
1.365000000000000000e+03,1.359640301973704946e-01
1.365519999999999982e+03,1.355646673692905146e-01
1.366040000000000191e+03,1.351666811745404762e-01
1.366559999999999945e+03,1.347698442299104515e-01
1.367079999999999927e+03,1.343739479628304201e-01
1.367599999999999909e+03,1.339800205351004136e-01
1.368120000000000118e+03,1.335872779511203534e-01
1.368640000000000100e+03,1.331956288953703715e-01
1.369159999999999854e+03,1.328044608563103413e-01
1.369679999999999836e+03,1.324153376836602891e-01
1.370200000000000045e+03,1.320267702169302670e-01
1.370720000000000027e+03,1.316404596179202580e-01
1.371240000000000009e+03,1.312545134772001854e-01
1.371759999999999764e+03,1.308705410771401900e-01
1.372280000000000200e+03,1.304867420114602106e-01
1.372799999999999955e+03,1.301055045654301578e-01
1.373319999999999936e+03,1.297244779706801521e-01
1.373839999999999918e+03,1.293453493440001045e-01
1.374360000000000127e+03,1.289665842589700906e-01
1.374880000000000109e+03,1.285895405322900475e-01
1.375399999999999864e+03,1.282131471932300426e-01
1.375920000000000073e+03,1.278387443915099675e-01
1.376440000000000055e+03,1.274649928534999643e-01
1.376960000000000036e+03,1.270926798257699386e-01
1.377480000000000018e+03,1.267212078127198938e-01
1.378000000000000000e+03,1.263509797140598967e-01
1.378519999999999982e+03,1.259820136583098826e-01
1.379039999999999964e+03,1.256144073743298006e-01
1.379559999999999945e+03,1.252479680465998224e-01
1.380080000000000155e+03,1.248824680795198178e-01
1.380599999999999909e+03,1.245182892348897508e-01
1.381119999999999891e+03,1.241548791678097341e-01
1.381639999999999873e+03,1.237933228400797392e-01
1.382160000000000082e+03,1.234325316560997143e-01
1.382680000000000064e+03,1.230733864003496769e-01
1.383199999999999818e+03,1.227146830016896256e-01
1.383720000000000255e+03,1.223573593886396055e-01
1.384240000000000009e+03,1.220002296609095926e-01
1.384759999999999991e+03,1.216455849228995495e-01
1.385279999999999973e+03,1.212911125671495421e-01
1.385800000000000182e+03,1.209392420111895239e-01
1.386320000000000164e+03,1.205875059554395029e-01
1.386839999999999918e+03,1.202371888553794843e-01
1.387359999999999900e+03,1.198872342437294486e-01
1.387880000000000109e+03,1.195390261436694301e-01
1.388400000000000091e+03,1.191913336489194147e-01
1.388920000000000073e+03,1.188452290222394153e-01
1.389439999999999827e+03,1.184999654762093346e-01
1.389960000000000036e+03,1.181564634105293221e-01
1.390480000000000018e+03,1.178135932104693168e-01
1.391000000000000000e+03,1.174716815697492422e-01
1.391519999999999982e+03,1.171307660987592481e-01
1.392039999999999964e+03,1.167909251430092332e-01
1.392559999999999945e+03,1.164525564049991996e-01
1.393079999999999927e+03,1.161153539312991534e-01
1.393600000000000136e+03,1.157791475032191320e-01
1.394120000000000118e+03,1.154435165655591095e-01
1.394639999999999873e+03,1.151093604638390860e-01
1.395159999999999854e+03,1.147758389008690788e-01
1.395680000000000064e+03,1.144439419451190876e-01
1.396200000000000045e+03,1.141125044170390596e-01
1.396720000000000027e+03,1.137828654334089862e-01
1.397239999999999782e+03,1.134535344053289735e-01
1.397760000000000218e+03,1.131256590066689605e-01
1.398279999999999973e+03,1.127979373395889273e-01
1.398799999999999955e+03,1.124728003658888864e-01
1.399319999999999936e+03,1.121477989668788755e-01
1.399840000000000146e+03,1.118242133721288611e-01
1.400360000000000127e+03,1.115009908011388440e-01
1.400879999999999882e+03,1.111795108604187593e-01
1.401399999999999864e+03,1.108585671894287833e-01
1.401920000000000073e+03,1.105391775336787702e-01
1.402440000000000055e+03,1.102204759669487416e-01
1.402960000000000036e+03,1.099031900219687025e-01
1.403480000000000018e+03,1.095865356942386792e-01
1.404000000000000000e+03,1.092708207952286376e-01
1.404519999999999982e+03,1.089561010004786307e-01
1.405039999999999964e+03,1.086424927544485802e-01
1.405560000000000173e+03,1.083297468277685804e-01
1.406079999999999927e+03,1.080176934887085299e-01
1.406599999999999909e+03,1.077069977620285501e-01
1.407119999999999891e+03,1.073970288630185232e-01
1.407640000000000100e+03,1.070885908682684684e-01
1.408160000000000082e+03,1.067807279972784740e-01
1.408679999999999836e+03,1.064741120415284292e-01
1.409199999999999818e+03,1.061678420575484089e-01
1.409720000000000027e+03,1.058633889298183917e-01
1.410240000000000009e+03,1.055591846308083642e-01
1.410759999999999991e+03,1.052569903030783766e-01
1.411279999999999745e+03,1.049549302900283226e-01
1.411800000000000182e+03,1.046544222913682737e-01
1.412319999999999936e+03,1.043540680632882578e-01
1.412839999999999918e+03,1.040551151256282753e-01
1.413360000000000127e+03,1.037565637698782267e-01
1.413880000000000109e+03,1.034597144958281922e-01
1.414400000000000091e+03,1.031632676971681872e-01
1.414919999999999845e+03,1.028679904300881659e-01
1.415440000000000055e+03,1.025734207784481933e-01
1.415960000000000036e+03,1.022802301043981288e-01
1.416480000000000018e+03,1.019877680667380937e-01
1.417000000000000000e+03,1.016963238386580926e-01
1.417519999999999982e+03,1.014057205109280685e-01
1.418039999999999964e+03,1.011159978119180458e-01
1.418559999999999945e+03,1.008272894992180146e-01
1.419079999999999927e+03,1.005393672002079936e-01
1.419600000000000136e+03,1.002525365444579819e-01
1.420119999999999891e+03,9.996633877346795816e-02
1.420639999999999873e+03,9.968136627871794497e-02
1.421160000000000082e+03,9.939687013268788673e-02
1.421680000000000064e+03,9.911381370600787222e-02
1.422200000000000045e+03,9.883112155296784607e-02
1.422719999999999800e+03,9.854990618728785845e-02
1.423240000000000236e+03,9.826890248722783272e-02
1.423759999999999991e+03,9.798952441457778328e-02
1.424279999999999973e+03,9.771030001451777580e-02
1.424799999999999955e+03,9.743274178783775663e-02
1.425320000000000164e+03,9.715535594877773573e-02
1.425840000000000146e+03,9.687942719302772288e-02
1.426359999999999900e+03,9.660382284804766573e-02
1.426879999999999882e+03,9.632961812031766435e-02
1.427400000000000091e+03,9.605585318230762393e-02
1.427920000000000073e+03,9.578333510159761643e-02
1.428440000000000055e+03,9.551137110258760277e-02
1.428959999999999809e+03,9.524048082888754430e-02
1.429480000000000018e+03,9.497026090080754046e-02
1.430000000000000000e+03,9.470098086314751584e-02
1.430519999999999982e+03,9.443254273506750118e-02
1.431040000000000191e+03,9.416494853640750007e-02
1.431559999999999945e+03,9.389829220832746071e-02
1.432079999999999927e+03,9.363232666369743218e-02
1.432599999999999909e+03,9.336741439661738751e-02
1.433120000000000118e+03,9.310307719795737902e-02
1.433640000000000100e+03,9.283987071689736581e-02
1.434159999999999854e+03,9.257710568916735494e-02
1.434679999999999836e+03,9.231564014418729147e-02
1.435200000000000045e+03,9.205450104943729839e-02
1.435720000000000027e+03,9.179474277844727748e-02
1.436240000000000009e+03,9.153517742269726143e-02
1.436759999999999764e+03,9.127712555170722220e-02
1.437280000000000200e+03,9.101918919595722302e-02
1.437799999999999955e+03,9.076280417899718067e-02
1.438319999999999936e+03,9.050661123126715890e-02
1.438839999999999918e+03,9.025170026027712344e-02
1.439360000000000127e+03,8.999711440452710931e-02
1.439880000000000109e+03,8.974383490446709299e-02
1.440399999999999864e+03,8.949095697778707004e-02
1.440920000000000073e+03,8.923915067772705823e-02
1.441440000000000055e+03,8.898788080507703813e-02
1.441960000000000036e+03,8.873764866601702161e-02
1.442480000000000018e+03,8.848806643933700145e-02
1.443000000000000000e+03,8.823934608629697973e-02
1.443519999999999982e+03,8.799139235961693506e-02
1.444039999999999964e+03,8.774420765955692758e-02
1.444559999999999945e+03,8.749786398690688471e-02
1.445080000000000155e+03,8.725213338684688347e-02
1.445599999999999909e+03,8.700737979209687001e-02
1.446119999999999891e+03,8.676312492110682673e-02
1.446639999999999873e+03,8.651998126535681566e-02
1.447160000000000082e+03,8.627724114138679568e-02
1.447680000000000064e+03,8.603570888563678853e-02
1.448199999999999818e+03,8.579444676867674369e-02
1.448720000000000255e+03,8.555446611292671921e-02
1.449240000000000009e+03,8.531467754193670927e-02
1.449759999999999991e+03,8.507624944718665538e-02
1.450279999999999973e+03,8.483791744817666125e-02
1.450800000000000182e+03,8.460102329513663477e-02
1.451320000000000164e+03,8.436428206845661415e-02
1.451839999999999918e+03,8.412884466839661013e-02
1.452359999999999900e+03,8.389365516667655898e-02
1.452880000000000109e+03,8.365957689568652433e-02
1.453400000000000091e+03,8.342590013993651799e-02
1.453920000000000073e+03,8.319330056894649883e-02
1.454439999999999827e+03,8.296115977419647736e-02
1.454960000000000036e+03,8.272992165022646782e-02
1.455480000000000018e+03,8.249927569447645936e-02
1.456000000000000000e+03,8.226945312348643569e-02
1.456519999999999982e+03,8.204033932176639510e-02
1.457039999999999964e+03,8.181193815077636433e-02
1.457559999999999945e+03,8.158428229502634466e-02
1.458079999999999927e+03,8.135718242403633393e-02
1.458600000000000136e+03,8.113100211530631378e-02
1.459120000000000118e+03,8.090532114431629729e-02
1.459639999999999873e+03,8.068063578856628226e-02
1.460159999999999854e+03,8.045633501757627759e-02
1.460680000000000064e+03,8.023310872282622686e-02
1.461200000000000045e+03,8.001017120586620401e-02
1.461720000000000027e+03,7.978842067778617320e-02
1.462239999999999782e+03,7.956684239707613460e-02
1.462760000000000218e+03,7.934650779806616538e-02
1.463279999999999973e+03,7.912628827033611756e-02
1.463799999999999955e+03,7.890731727132611895e-02
1.464319999999999936e+03,7.868849954359607990e-02
1.464840000000000146e+03,7.847085244458605613e-02
1.465360000000000127e+03,7.825347306387604729e-02
1.465879999999999882e+03,7.803718506486601036e-02
1.466399999999999864e+03,7.782124099116598248e-02
1.466920000000000073e+03,7.760620199215595427e-02
1.467440000000000055e+03,7.739164096442596730e-02
1.467960000000000036e+03,7.717792239343593264e-02
1.468480000000000018e+03,7.696475948470592188e-02
1.469000000000000000e+03,7.675234471371590594e-02
1.469519999999999982e+03,7.654058278563587170e-02
1.470039999999999964e+03,7.632943658697585732e-02
1.470560000000000173e+03,7.611901715889583808e-02
1.471079999999999927e+03,7.590913456023583306e-02
1.471599999999999909e+03,7.570007457917581062e-02
1.472119999999999891e+03,7.549145473454577093e-02
1.472640000000000100e+03,7.528375646746574001e-02
1.473160000000000082e+03,7.507638596880571169e-02
1.473679999999999836e+03,7.487003174072569267e-02
1.474199999999999818e+03,7.466392684206567265e-02
1.474720000000000027e+03,7.445895166100566231e-02
1.475240000000000009e+03,7.425409126234563950e-02
1.475759999999999991e+03,7.405041953426563794e-02
1.476279999999999745e+03,7.384682476327561473e-02
1.476800000000000182e+03,7.364438340752560430e-02
1.477319999999999936e+03,7.344211453653559651e-02
1.477839999999999918e+03,7.324088032780555479e-02
1.478360000000000127e+03,7.303989365681552715e-02
1.478880000000000109e+03,7.283994095509550848e-02
1.479400000000000091e+03,7.264027618410548448e-02
1.479919999999999845e+03,7.244147732835545805e-02
1.480440000000000055e+03,7.224308115736545466e-02
1.480960000000000036e+03,7.204547234863542537e-02
1.481480000000000018e+03,7.184839861664542304e-02
1.482000000000000000e+03,7.165199528856537603e-02
1.482519999999999982e+03,7.145618608990536580e-02
1.483039999999999964e+03,7.126093376182535133e-02
1.483559999999999945e+03,7.106637191018533306e-02
1.484079999999999927e+03,7.087227111012531222e-02
1.484600000000000136e+03,7.067899458344528707e-02
1.485119999999999891e+03,7.048610208338527972e-02
1.485639999999999873e+03,7.029403435670525391e-02
1.486160000000000082e+03,7.010225500366522311e-02
1.486680000000000064e+03,6.991143277698520786e-02
1.487200000000000045e+03,6.972080207692520071e-02
1.487719999999999800e+03,6.953120843194515732e-02
1.488240000000000236e+03,6.934173170421513432e-02
1.488759999999999991e+03,6.915338390520513190e-02
1.489279999999999973e+03,6.896513242449509029e-02
1.489799999999999955e+03,6.877791652548508050e-02
1.490320000000000164e+03,6.859083479775505976e-02
1.490840000000000146e+03,6.840473269874504381e-02
1.491359999999999900e+03,6.821885977101500853e-02
1.491879999999999882e+03,6.803390701902500837e-02
1.492400000000000091e+03,6.784924091896499254e-02
1.492920000000000073e+03,6.766532672030496631e-02
1.493440000000000055e+03,6.748185229222494752e-02
1.493959999999999809e+03,6.729908663256493895e-02
1.494480000000000018e+03,6.711680025150490447e-02
1.495000000000000000e+03,6.693509005284488389e-02
1.495519999999999982e+03,6.675395482476487174e-02
1.496040000000000191e+03,6.657335792610485914e-02
1.496559999999999945e+03,6.639339314504484613e-02
1.497079999999999927e+03,6.621383017405482740e-02
1.497599999999999909e+03,6.603501601830481793e-02
1.498120000000000118e+03,6.585658794731477639e-02
1.498640000000000100e+03,6.567888709156474714e-02
1.499159999999999854e+03,6.550143596759473719e-02
1.499679999999999836e+03,6.532488561184471298e-02
1.500200000000000045e+03,6.514854744085470106e-02
1.500720000000000027e+03,6.497314867979470110e-02
1.501240000000000009e+03,6.479784685311466841e-02
1.501759999999999764e+03,6.462357930007464613e-02
1.502280000000000200e+03,6.444938777339463687e-02
1.502799999999999955e+03,6.427619647333460140e-02
1.503319999999999936e+03,6.410312074665458493e-02
1.503839999999999918e+03,6.393092580062453845e-02
1.504360000000000127e+03,6.375894212096454294e-02
1.504880000000000109e+03,6.358774322090450515e-02
1.505399999999999864e+03,6.341683232189450348e-02
1.505920000000000073e+03,6.324669193316448390e-02
1.506440000000000055e+03,6.307689620919446072e-02
1.506960000000000036e+03,6.290775148251444293e-02
1.507480000000000018e+03,6.273904758245442415e-02
1.508000000000000000e+03,6.257088245577439867e-02
1.508519999999999982e+03,6.240325415571435635e-02
1.509039999999999964e+03,6.223608760372435766e-02
1.509559999999999945e+03,6.206953437599434242e-02
1.510080000000000155e+03,6.190336621598430816e-02
1.510599999999999909e+03,6.173788658825431208e-02
1.511119999999999891e+03,6.157273353626427359e-02
1.511639999999999873e+03,6.140827070853424607e-02
1.512160000000000082e+03,6.124405823754425215e-02
1.512680000000000064e+03,6.108067100946421718e-02
1.513199999999999818e+03,6.091745705782419806e-02
1.513720000000000255e+03,6.075508562974418075e-02
1.514240000000000009e+03,6.059281027008416726e-02
1.514759999999999991e+03,6.043151544200414671e-02
1.515279999999999973e+03,6.027029854334414044e-02
1.515800000000000182e+03,6.010992436228412145e-02
1.516320000000000164e+03,5.994966499129410209e-02
1.516839999999999918e+03,5.979028666461407709e-02
1.517359999999999900e+03,5.963110040355407149e-02
1.517880000000000109e+03,5.947260855191403850e-02
1.518400000000000091e+03,5.931438472383403215e-02
1.518920000000000073e+03,5.915685055284400362e-02
1.519439999999999827e+03,5.899964234306398492e-02
1.519960000000000036e+03,5.884304991909398291e-02
1.520480000000000018e+03,5.868687776334395589e-02
1.521000000000000000e+03,5.853122343135393896e-02
1.521519999999999982e+03,5.837599067560392957e-02
1.522039999999999964e+03,5.822118205163390181e-02
1.522559999999999945e+03,5.806696765157387530e-02
1.523079999999999927e+03,5.791315732489386858e-02
1.523600000000000136e+03,5.775990349290385795e-02
1.524120000000000118e+03,5.760693888417381392e-02
1.524639999999999873e+03,5.745466361318379844e-02
1.525159999999999854e+03,5.730263705743379732e-02
1.525680000000000064e+03,5.715130168644376452e-02
1.526200000000000045e+03,5.700012143340375120e-02
1.526720000000000027e+03,5.684978524572373987e-02
1.527239999999999782e+03,5.669954554566371263e-02
1.527760000000000218e+03,5.655012961898369522e-02
1.528279999999999973e+03,5.640079046594367873e-02
1.528799999999999955e+03,5.625227726693365210e-02
1.529319999999999936e+03,5.610387917820363474e-02
1.529840000000000146e+03,5.595621187919361944e-02
1.530360000000000127e+03,5.580873642755360825e-02
1.530879999999999882e+03,5.566196982749356537e-02
1.531399999999999864e+03,5.551543292848355043e-02
1.531920000000000073e+03,5.536949263975354807e-02
1.532440000000000055e+03,5.522389748776353191e-02
1.532960000000000036e+03,5.507886036003350333e-02
1.533480000000000018e+03,5.493416756102346976e-02
1.534000000000000000e+03,5.478991603329345927e-02
1.534519999999999982e+03,5.464612484832343658e-02
1.535039999999999964e+03,5.450277602024342777e-02
1.535560000000000173e+03,5.435988846755342163e-02
1.536079999999999927e+03,5.421730916854342053e-02
1.536599999999999909e+03,5.407534292683340016e-02
1.537119999999999891e+03,5.393366332782337930e-02
1.537640000000000100e+03,5.379257982776335101e-02
1.538160000000000082e+03,5.365168882910334447e-02
1.538679999999999836e+03,5.351150684804331648e-02
1.539199999999999818e+03,5.337145878838329971e-02
1.539720000000000027e+03,5.323212386030329313e-02
1.540240000000000009e+03,5.309286723633326738e-02
1.540759999999999991e+03,5.295443150965323947e-02
1.541279999999999745e+03,5.281607274859322770e-02
1.541800000000000182e+03,5.267842714993320463e-02
1.542319999999999936e+03,5.254091656887318468e-02
1.542839999999999918e+03,5.240407669788316181e-02
1.543360000000000127e+03,5.226740918113315787e-02
1.543880000000000109e+03,5.213141221014312710e-02
1.544400000000000091e+03,5.199562710141310273e-02
1.544919999999999845e+03,5.186036427639311580e-02
1.545440000000000055e+03,5.172540724440309601e-02
1.545960000000000036e+03,5.159098738865307288e-02
1.546480000000000018e+03,5.145689266468304879e-02
1.547000000000000000e+03,5.132320110893302811e-02
1.547519999999999982e+03,5.118991277694300707e-02
1.548039999999999964e+03,5.105700922390298685e-02
1.548559999999999945e+03,5.092458579722296264e-02
1.549079999999999927e+03,5.079247099716294178e-02
1.549600000000000136e+03,5.066087290948292216e-02
1.550119999999999891e+03,5.052948678551291706e-02
1.550639999999999873e+03,5.039871445743288741e-02
1.551160000000000082e+03,5.026811605877288397e-02
1.551680000000000064e+03,5.013814984473285996e-02
1.552200000000000045e+03,5.000829966402286358e-02
1.552719999999999800e+03,4.987912116396284179e-02
1.553240000000000236e+03,4.975000150395281900e-02
1.553759999999999991e+03,4.962165062324280090e-02
1.554279999999999973e+03,4.949337635225278115e-02
1.554799999999999955e+03,4.936573482557277126e-02
1.555320000000000164e+03,4.923820831153274957e-02
1.555840000000000146e+03,4.911133631252272147e-02
1.556359999999999900e+03,4.898465578479269805e-02
1.556879999999999882e+03,4.885853122478267530e-02
1.557400000000000091e+03,4.873261754407266083e-02
1.557920000000000073e+03,4.860716697308264250e-02
1.558440000000000055e+03,4.848202332004264425e-02
1.558959999999999809e+03,4.835732297833262444e-02
1.559480000000000018e+03,4.823294797932260042e-02
1.560000000000000000e+03,4.810897557926258755e-02
1.560519999999999982e+03,4.798540566662257145e-02
1.561040000000000191e+03,4.786218113854254913e-02
1.561559999999999945e+03,4.773935973988252535e-02
1.562079999999999927e+03,4.761680877987250343e-02
1.562599999999999909e+03,4.749473862683249031e-02
1.563120000000000118e+03,4.737288022817248007e-02
1.563640000000000100e+03,4.725157773909246378e-02
1.564159999999999854e+03,4.713044883342245445e-02
1.564679999999999836e+03,4.700989570534244016e-02
1.565200000000000045e+03,4.688945877335241180e-02
1.565720000000000027e+03,4.676963529369240063e-02
1.566240000000000009e+03,4.664988839363238410e-02
1.566759999999999764e+03,4.653079539497236017e-02
1.567280000000000200e+03,4.641177980589233920e-02
1.567799999999999955e+03,4.629337828192232190e-02
1.568319999999999936e+03,4.617509092617230748e-02
1.568839999999999918e+03,4.605738169418228944e-02
1.569360000000000127e+03,4.593982641618229307e-02
1.569880000000000109e+03,4.582280766043225761e-02
1.570399999999999864e+03,4.570596142844225024e-02
1.570920000000000073e+03,4.558957831971222757e-02
1.571440000000000055e+03,4.547344424872220431e-02
1.571960000000000036e+03,4.535773188766218517e-02
1.572480000000000018e+03,4.524232706098216955e-02
1.573000000000000000e+03,4.512730813701215649e-02
1.573519999999999982e+03,4.501261404793213683e-02
1.574039999999999964e+03,4.489822789524213625e-02
1.574559999999999945e+03,4.478424538120211879e-02
1.575080000000000155e+03,4.467053285452209088e-02
1.575599999999999909e+03,4.455726068353207253e-02
1.576119999999999891e+03,4.444416224147206690e-02
1.576639999999999873e+03,4.433158214281204129e-02
1.577160000000000082e+03,4.421911914275202665e-02
1.577680000000000064e+03,4.410721140209199892e-02
1.578199999999999818e+03,4.399538154800199802e-02
1.578720000000000255e+03,4.388420424899198979e-02
1.579240000000000009e+03,4.377306703635196194e-02
1.579759999999999991e+03,4.366256223629193939e-02
1.580279999999999973e+03,4.355209563728192762e-02
1.580800000000000182e+03,4.344216919557190859e-02
1.581320000000000164e+03,4.333233789656188578e-02
1.581839999999999918e+03,4.322304443690186404e-02
1.582359999999999900e+03,4.311390492983186579e-02
1.582880000000000109e+03,4.300522763082185312e-02
1.583400000000000091e+03,4.289676094209183416e-02
1.583920000000000073e+03,4.278873554308181004e-02
1.584439999999999827e+03,4.268094121911179817e-02
1.584960000000000036e+03,4.257355163038177570e-02
1.585480000000000018e+03,4.246641133137175894e-02
1.586000000000000000e+03,4.235959793563175840e-02
1.586519999999999982e+03,4.225309046464174184e-02
1.587039999999999964e+03,4.214683323656170932e-02
1.587559999999999945e+03,4.204097952392169685e-02
1.588079999999999927e+03,4.193537672491168267e-02
1.588600000000000136e+03,4.183019516385166198e-02
1.589120000000000118e+03,4.172520691221164729e-02
1.589639999999999873e+03,4.162064133010164035e-02
1.590159999999999854e+03,4.151617349811161095e-02
1.590680000000000064e+03,4.141226131845160419e-02
1.591200000000000045e+03,4.130844535739159468e-02
1.591720000000000027e+03,4.120514905873156469e-02
1.592239999999999782e+03,4.110191137767154473e-02
1.592760000000000218e+03,4.099924844568152149e-02
1.593279999999999973e+03,4.089662496497152577e-02
1.593799999999999955e+03,4.079453835093151126e-02
1.594319999999999936e+03,4.069252827994149224e-02
1.594840000000000146e+03,4.059101972419146970e-02
1.595360000000000127e+03,4.048964583922144006e-02
1.595879999999999882e+03,4.038873194056143145e-02
1.596399999999999864e+03,4.028797185148142584e-02
1.596920000000000073e+03,4.018761807348143061e-02
1.597440000000000055e+03,4.008747411773139202e-02
1.597960000000000036e+03,3.998765733276137685e-02
1.598480000000000018e+03,3.988808996177135857e-02
1.599000000000000000e+03,3.978885124502133663e-02
1.599519999999999982e+03,3.968991802105132499e-02
1.600039999999999964e+03,3.959125270596131757e-02
1.600560000000000173e+03,3.949291517928129464e-02
1.601079999999999927e+03,3.939477305531127044e-02
1.601599999999999909e+03,3.929703166623126076e-02
1.602119999999999891e+03,3.919946216757123902e-02
1.602640000000000100e+03,3.910231675353121467e-02
1.603160000000000082e+03,3.900526827282121967e-02
1.603679999999999836e+03,3.890868194083119819e-02
1.604199999999999818e+03,3.881217425977117469e-02
1.604720000000000027e+03,3.871620260011116726e-02
1.605240000000000009e+03,3.862026960005113252e-02
1.605759999999999991e+03,3.852481694806112605e-02
1.606279999999999745e+03,3.842942163437111647e-02
1.606800000000000182e+03,3.833452553431111048e-02
1.607319999999999936e+03,3.823974442132108131e-02
1.607839999999999918e+03,3.814538809359106775e-02
1.608360000000000127e+03,3.805116603358103811e-02
1.608880000000000109e+03,3.795733128194102302e-02
1.609400000000000091e+03,3.786366796685102648e-02
1.609919999999999845e+03,3.777036801486100687e-02
1.610440000000000055e+03,3.767727878713098694e-02
1.610960000000000036e+03,3.758449925514097123e-02
1.611480000000000018e+03,3.749195120315094998e-02
1.612000000000000000e+03,3.739965411442092852e-02
1.612519999999999982e+03,3.730768256138092959e-02
1.613039999999999964e+03,3.721595887641090949e-02
1.613559999999999945e+03,3.712452424868090128e-02
1.614079999999999927e+03,3.703328318867087771e-02
1.614600000000000136e+03,3.694240833563085941e-02
1.615119999999999891e+03,3.685168832194085642e-02
1.615639999999999873e+03,3.676133166995083218e-02
1.616160000000000082e+03,3.667108880889081990e-02
1.616680000000000064e+03,3.658128921023080099e-02
1.617200000000000045e+03,3.649156786817078779e-02
1.617719999999999800e+03,3.640228946951076100e-02
1.618240000000000236e+03,3.631305115547076023e-02
1.618759999999999991e+03,3.622432800243074319e-02
1.619279999999999973e+03,3.613564320377072453e-02
1.619799999999999955e+03,3.604740221469070194e-02
1.620320000000000164e+03,3.595923849072069078e-02
1.620840000000000146e+03,3.587146177703069011e-02
1.621359999999999900e+03,3.578379959597066673e-02
1.621879999999999882e+03,3.569650056398065291e-02
1.622400000000000091e+03,3.560937383730063133e-02
1.622920000000000073e+03,3.552259582326061649e-02
1.623440000000000055e+03,3.543600929824061718e-02
1.623959999999999809e+03,3.534971088149059526e-02
1.624480000000000018e+03,3.526360535752057213e-02
1.625000000000000000e+03,3.517773272553055552e-02
1.625519999999999982e+03,3.509214731680053434e-02
1.626040000000000191e+03,3.500679323078053490e-02
1.626559999999999945e+03,3.492174535979051392e-02
1.627079999999999927e+03,3.483687119006050048e-02
1.627599999999999909e+03,3.475232291907048160e-02
1.628120000000000118e+03,3.466792842999045360e-02
1.628640000000000100e+03,3.458384372432045384e-02
1.629159999999999854e+03,3.449987449233044012e-02
1.629679999999999836e+03,3.441628951127041758e-02
1.630200000000000045e+03,3.433278165161040424e-02
1.630720000000000027e+03,3.424971508062038539e-02
1.631240000000000009e+03,3.416668785686038240e-02
1.631759999999999764e+03,3.408414202487036054e-02
1.632280000000000200e+03,3.400161622481034235e-02
1.632799999999999955e+03,3.391947478415033301e-02
1.633319999999999936e+03,3.383740991316031704e-02
1.633839999999999918e+03,3.375574934509031205e-02
1.634360000000000127e+03,3.367418351841028334e-02
1.634880000000000109e+03,3.359294548642027117e-02
1.635399999999999864e+03,3.351186050536025807e-02
1.635920000000000073e+03,3.343108319167025638e-02
1.636440000000000055e+03,3.335047923863023595e-02
1.636960000000000036e+03,3.327012727862020680e-02
1.637480000000000018e+03,3.318998637996019296e-02
1.638000000000000000e+03,3.311005746592018267e-02
1.638519999999999982e+03,3.303039791288018417e-02
1.639039999999999964e+03,3.295095115322015100e-02
1.639559999999999945e+03,3.287175350018013698e-02
1.640080000000000155e+03,3.279272694017011658e-02
1.640599999999999909e+03,3.271399069846010060e-02
1.641119999999999891e+03,3.263539017344010279e-02
1.641639999999999873e+03,3.255709641343008942e-02
1.642160000000000082e+03,3.247891853272005802e-02
1.642680000000000064e+03,3.240112437271003287e-02
1.643199999999999818e+03,3.232342739471003729e-02
1.643720000000000255e+03,3.224605840598002843e-02
1.644240000000000009e+03,3.216870900697000463e-02
1.644759999999999991e+03,3.209184049292997803e-02
1.645279999999999973e+03,3.201501017923999437e-02
1.645800000000000182e+03,3.193850702724996410e-02
1.646320000000000164e+03,3.186208046618994871e-02
1.646839999999999918e+03,3.178599966752992945e-02
1.647359999999999900e+03,3.171001525453991804e-02
1.647880000000000109e+03,3.163435800044991225e-02
1.648400000000000091e+03,3.155883548780990394e-02
1.648920000000000073e+03,3.148358398879986392e-02
1.649439999999999827e+03,3.140852452773985892e-02
1.649960000000000036e+03,3.133371556106984840e-02
1.650480000000000018e+03,3.125905963298983292e-02
1.651000000000000000e+03,3.118461624801980789e-02
1.651519999999999982e+03,3.111040264935978697e-02
1.652039999999999964e+03,3.103638190624979573e-02
1.652559999999999945e+03,3.096261048227977319e-02
1.653079999999999927e+03,3.088901262261975825e-02
1.653600000000000136e+03,3.081566588055973874e-02
1.654120000000000118e+03,3.074243575553974039e-02
1.654639999999999873e+03,3.066953196785971586e-02
1.655159999999999854e+03,3.059670591481970098e-02
1.655680000000000064e+03,3.052422538282967973e-02
1.656200000000000045e+03,3.045176505906968187e-02
1.656720000000000027e+03,3.037966898807965832e-02
1.657239999999999782e+03,3.030761165608964261e-02
1.657760000000000218e+03,3.023593904735962651e-02
1.658279999999999973e+03,3.016432401536960073e-02
1.658799999999999955e+03,3.009309613736960501e-02
1.659319999999999936e+03,3.002192532061959129e-02
1.659840000000000146e+03,2.995100288862957011e-02
1.660360000000000127e+03,2.988017676465955230e-02
1.660879999999999882e+03,2.980968032154955247e-02
1.661399999999999864e+03,2.973931756990953051e-02
1.661920000000000073e+03,2.966918623791951412e-02
1.662440000000000055e+03,2.959920849585949421e-02
1.662960000000000036e+03,2.952944284316948859e-02
1.663480000000000018e+03,2.945986938210947564e-02
1.664000000000000000e+03,2.939047213011945769e-02
1.664519999999999982e+03,2.932132271642945431e-02
1.665039999999999964e+03,2.925236430238943933e-02
1.665560000000000173e+03,2.918358040337942078e-02
1.666079999999999927e+03,2.911493274371940165e-02
1.666599999999999909e+03,2.904655263664939618e-02
1.667119999999999891e+03,2.897826787663938114e-02
1.667640000000000100e+03,2.891031166399936347e-02
1.668160000000000082e+03,2.884245206393934099e-02
1.668679999999999836e+03,2.877486259691934209e-02
1.669199999999999818e+03,2.870731163725932442e-02
1.669720000000000027e+03,2.864012753719930027e-02
1.670240000000000009e+03,2.857296342420928559e-02
1.670759999999999991e+03,2.850610537151928789e-02
1.671279999999999745e+03,2.843928555747926232e-02
1.671800000000000182e+03,2.837283079746924161e-02
1.672319999999999936e+03,2.830645289880923121e-02
1.672839999999999918e+03,2.824032853073923238e-02
1.673360000000000127e+03,2.817429997072920869e-02
1.673880000000000109e+03,2.810856021768919424e-02
1.674400000000000091e+03,2.804293460399919641e-02
1.674919999999999845e+03,2.797753865200916859e-02
1.675440000000000055e+03,2.791227759094914648e-02
1.675960000000000036e+03,2.784721103128912773e-02
1.676480000000000018e+03,2.778231802526912042e-02
1.677000000000000000e+03,2.771761736420910380e-02
1.677519999999999982e+03,2.765310905156908791e-02
1.678039999999999964e+03,2.758871595255907305e-02
1.678559999999999945e+03,2.752457488448906142e-02
1.679079999999999927e+03,2.746056932482904972e-02
1.679600000000000136e+03,2.739677432581903369e-02
1.680119999999999891e+03,2.733307505774902613e-02
1.680639999999999873e+03,2.726968265908901248e-02
1.681160000000000082e+03,2.720634844609899627e-02
1.681680000000000064e+03,2.714330438503896603e-02
1.682200000000000045e+03,2.708028157936897065e-02
1.682719999999999800e+03,2.701756571935894774e-02
1.683240000000000236e+03,2.695488890531893764e-02
1.683759999999999991e+03,2.689255553432891993e-02
1.684279999999999973e+03,2.683026069261891869e-02
1.684799999999999955e+03,2.676825787857889036e-02
1.685320000000000164e+03,2.670631150758887365e-02
1.685840000000000146e+03,2.664461711289888013e-02
1.686359999999999900e+03,2.658299895183886818e-02
1.686879999999999882e+03,2.652163142786884489e-02
1.687400000000000091e+03,2.646037864018882871e-02
1.687920000000000073e+03,2.639935742509882249e-02
1.688440000000000055e+03,2.633847090112881317e-02
1.688959999999999809e+03,2.627771921344878442e-02
1.689480000000000018e+03,2.621716024537878303e-02
1.690000000000000000e+03,2.615677447438876507e-02
1.690519999999999982e+03,2.609654386139875423e-02
1.691040000000000191e+03,2.603644991863874811e-02
1.691559999999999945e+03,2.597656659466873047e-02
1.692079999999999927e+03,2.591681610558871363e-02
1.692599999999999909e+03,2.585727724592868509e-02
1.693120000000000118e+03,2.579779736792868830e-02
1.693640000000000100e+03,2.573860730686866952e-02
1.694159999999999854e+03,2.567949496620865538e-02
1.694679999999999836e+03,2.562063144118865293e-02
1.695200000000000045e+03,2.556176792714863477e-02
1.695720000000000027e+03,2.550328803946861830e-02
1.696240000000000009e+03,2.544480901549859425e-02
1.696759999999999764e+03,2.538660240040859287e-02
1.697280000000000200e+03,2.532841454039857360e-02
1.697799999999999955e+03,2.527045922775856060e-02
1.698319999999999936e+03,2.521258027366855836e-02
1.698839999999999918e+03,2.515500646067853757e-02
1.699360000000000127e+03,2.509749060101851628e-02
1.699880000000000109e+03,2.504017139394851613e-02
1.700399999999999864e+03,2.498296613393850146e-02
1.700920000000000073e+03,2.492597332129848145e-02
1.701440000000000055e+03,2.486909522123845889e-02
1.701960000000000036e+03,2.481240800719846165e-02
1.702480000000000018e+03,2.475585652222844421e-02
1.703000000000000000e+03,2.469944179449842792e-02
1.703519999999999982e+03,2.464320072747842524e-02
1.704039999999999964e+03,2.458709419548840702e-02
1.704559999999999945e+03,2.453116138284839112e-02
1.705080000000000155e+03,2.447532552875839040e-02
1.705599999999999909e+03,2.441971841576837110e-02
1.706119999999999891e+03,2.436418735610835010e-02
1.706639999999999873e+03,2.430889014903834730e-02
1.707160000000000082e+03,2.425363148902832944e-02
1.707680000000000064e+03,2.419864310405831290e-02
1.708199999999999818e+03,2.414371246129830978e-02
1.708720000000000255e+03,2.408901266228829358e-02
1.709240000000000009e+03,2.403435247731827359e-02
1.709759999999999991e+03,2.397998038858825329e-02
1.710279999999999973e+03,2.392564718256825693e-02
1.710800000000000182e+03,2.387154255057823485e-02
1.711320000000000164e+03,2.381749600886821569e-02
1.711839999999999918e+03,2.376366459482821825e-02
1.712359999999999900e+03,2.370991007085819849e-02
1.712880000000000109e+03,2.365632910979818121e-02
1.713400000000000091e+03,2.360288304312818317e-02
1.713920000000000073e+03,2.354961064411816019e-02
1.714439999999999827e+03,2.349647183007813958e-02
1.714960000000000036e+03,2.344348631638814087e-02
1.715480000000000018e+03,2.339061655637811668e-02
1.716000000000000000e+03,2.333790340333810609e-02
1.716519999999999982e+03,2.328536321731810785e-02
1.717039999999999964e+03,2.323293907665808025e-02
1.717559999999999945e+03,2.318066891559806067e-02
1.718079999999999927e+03,2.312847683759806233e-02
1.718600000000000136e+03,2.307651324991804448e-02
1.719120000000000118e+03,2.302462643587802407e-02
1.719639999999999873e+03,2.297291554985802023e-02
1.720159999999999854e+03,2.292124379821800992e-02
1.720680000000000064e+03,2.286984160913798844e-02
1.721200000000000045e+03,2.281849797013798739e-02
1.721720000000000027e+03,2.276740193814797211e-02
1.722239999999999782e+03,2.271630615848795054e-02
1.722760000000000218e+03,2.266542504339795136e-02
1.723279999999999973e+03,2.261458281140793156e-02
1.723799999999999955e+03,2.256402687074791566e-02
1.724319999999999936e+03,2.251350961665791323e-02
1.724840000000000146e+03,2.246315023168789227e-02
1.725360000000000127e+03,2.241288597167787403e-02
1.725879999999999882e+03,2.236285157593787681e-02
1.726399999999999864e+03,2.231289340494786028e-02
1.726920000000000073e+03,2.226307131997783822e-02
1.727440000000000055e+03,2.221334614919783651e-02
1.727960000000000036e+03,2.216379696422781861e-02
1.728480000000000018e+03,2.211436149323780034e-02
1.729000000000000000e+03,2.206507999714779969e-02
1.729519999999999982e+03,2.201593253748778192e-02
1.730039999999999964e+03,2.196690155251776119e-02
1.730560000000000173e+03,2.191800517040776511e-02
1.731079999999999927e+03,2.186918675776773971e-02
1.731599999999999909e+03,2.182056052577772617e-02
1.732119999999999891e+03,2.177199325770772312e-02
1.732640000000000100e+03,2.172365645869770226e-02
1.733160000000000082e+03,2.167535924605768979e-02
1.733679999999999836e+03,2.162731186003769013e-02
1.734199999999999818e+03,2.157926541797767356e-02
1.734720000000000027e+03,2.153144981931764956e-02
1.735240000000000009e+03,2.148363513329765509e-02
1.735759999999999991e+03,2.143603249123762419e-02
1.736279999999999745e+03,2.138846875924760998e-02
1.736800000000000182e+03,2.134117259257761398e-02
1.737319999999999936e+03,2.129393349251759021e-02
1.737839999999999918e+03,2.124685207952757213e-02
1.738360000000000127e+03,2.119982846583757033e-02
1.738880000000000109e+03,2.115295715179754676e-02
1.739400000000000091e+03,2.110618279875755079e-02
1.739919999999999845e+03,2.105958441378753127e-02
1.740440000000000055e+03,2.101306205412751746e-02
1.740960000000000036e+03,2.096667408605751293e-02
1.741480000000000018e+03,2.092042012604749743e-02
1.742000000000000000e+03,2.087428307440747713e-02
1.742519999999999982e+03,2.082831845931747833e-02
1.743039999999999964e+03,2.078245134632745669e-02
1.743559999999999945e+03,2.073668041433743975e-02
1.744079999999999927e+03,2.069098801859743306e-02
1.744600000000000136e+03,2.064546831958741571e-02
1.745119999999999891e+03,2.060002643461739807e-02
1.745639999999999873e+03,2.055479609185740034e-02
1.746160000000000082e+03,2.050962460688738123e-02
1.746680000000000064e+03,2.046458829284738060e-02
1.747200000000000045e+03,2.041957156887735936e-02
1.747719999999999800e+03,2.037480328014733971e-02
1.748240000000000236e+03,2.033007341312733848e-02
1.748759999999999991e+03,2.028557708113732511e-02
1.749279999999999973e+03,2.024110066709730246e-02
1.749799999999999955e+03,2.019677701440730430e-02
1.750320000000000164e+03,2.015249160141728557e-02
1.750840000000000146e+03,2.010841844035726397e-02
1.751359999999999900e+03,2.006440427368726478e-02
1.751879999999999882e+03,2.002056531367724448e-02
1.752400000000000091e+03,1.997678433567724732e-02
1.752920000000000073e+03,1.993313387461722805e-02
1.753440000000000055e+03,1.988956166197720921e-02
1.753959999999999809e+03,1.984612714793720922e-02
1.754480000000000018e+03,1.980284643389719143e-02
1.755000000000000000e+03,1.975966236290717035e-02
1.755519999999999982e+03,1.971659456821716824e-02
1.756040000000000191e+03,1.967358540715715212e-02
1.756559999999999945e+03,1.963074802218713402e-02
1.757079999999999927e+03,1.958798698047713518e-02
1.757599999999999909e+03,1.954539986643711799e-02
1.758120000000000118e+03,1.950287054141711454e-02
1.758640000000000100e+03,1.946045785644709425e-02
1.759159999999999854e+03,1.941808396876707268e-02
1.759679999999999836e+03,1.937594150069707477e-02
1.760200000000000045e+03,1.933381846870705495e-02
1.760720000000000027e+03,1.929190835571703566e-02
1.761240000000000009e+03,1.925001727395703535e-02
1.761759999999999764e+03,1.920828158898701954e-02
1.762280000000000200e+03,1.916656500296701898e-02
1.762799999999999955e+03,1.912507806230700005e-02
1.763319999999999936e+03,1.908362900124698294e-02
1.763839999999999918e+03,1.904231836224698146e-02
1.764360000000000127e+03,1.900106426323696154e-02
1.764880000000000109e+03,1.896000302152694300e-02
1.765399999999999864e+03,1.891901873550694280e-02
1.765920000000000073e+03,1.887811285053692459e-02
1.766440000000000055e+03,1.883730290742692201e-02
1.766960000000000036e+03,1.879660859478690660e-02
1.767480000000000018e+03,1.875602952379688479e-02
1.768000000000000000e+03,1.871556728479688292e-02
1.768519999999999982e+03,1.867521986804686687e-02
1.769039999999999964e+03,1.863495112904686724e-02
1.769559999999999945e+03,1.859477769705684611e-02
1.770080000000000155e+03,1.855468195499683157e-02
1.770599999999999909e+03,1.851477920230683305e-02
1.771119999999999891e+03,1.847493431733681496e-02
1.771639999999999873e+03,1.843522428534679833e-02
1.772160000000000082e+03,1.839553448925679638e-02
1.772680000000000064e+03,1.835599832959677533e-02
1.773199999999999818e+03,1.831646389059677499e-02
1.773720000000000255e+03,1.827719710151675531e-02
1.774240000000000009e+03,1.823795077754673810e-02
1.774759999999999991e+03,1.819884001087673786e-02
1.775279999999999973e+03,1.815976724981671619e-02
1.775800000000000182e+03,1.812088818279671693e-02
1.776320000000000164e+03,1.808202752313669767e-02
1.776839999999999918e+03,1.804328433816667840e-02
1.777359999999999900e+03,1.800461749505667675e-02
1.777880000000000109e+03,1.796610547108665537e-02
1.778400000000000091e+03,1.792765075739665911e-02
1.778920000000000073e+03,1.788935084335663978e-02
1.779439999999999827e+03,1.785110838334662275e-02
1.779960000000000036e+03,1.781296364434662230e-02
1.780480000000000018e+03,1.777487598468660557e-02
1.781000000000000000e+03,1.773688651661660051e-02
1.781519999999999982e+03,1.769906875660658477e-02
1.782039999999999964e+03,1.766132873263656297e-02
1.782559999999999945e+03,1.762366608987656069e-02
1.783079999999999927e+03,1.758604267688654646e-02
1.783600000000000136e+03,1.754863089086654629e-02
1.784120000000000118e+03,1.751127690589652716e-02
1.784639999999999873e+03,1.747400091716650589e-02
1.785159999999999854e+03,1.743674475014650449e-02
1.785680000000000064e+03,1.739973821815648733e-02
1.786200000000000045e+03,1.736275188341648151e-02
1.786720000000000027e+03,1.732586229844646289e-02
1.787239999999999782e+03,1.728899193843644322e-02
1.787760000000000218e+03,1.725231479943644536e-02
1.788279999999999973e+03,1.721567561070642960e-02
1.788799999999999955e+03,1.717921104368642926e-02
1.789319999999999936e+03,1.714278401169641239e-02
1.789840000000000146e+03,1.710643569765639069e-02
1.790360000000000127e+03,1.707014464496639169e-02
1.790879999999999882e+03,1.703406573197636942e-02
1.791399999999999864e+03,1.699800594595636885e-02
1.791920000000000073e+03,1.696202453191635387e-02
1.792440000000000055e+03,1.692613877225633209e-02
1.792960000000000036e+03,1.689036980523633477e-02
1.793480000000000018e+03,1.685467754417631359e-02
1.794000000000000000e+03,1.681906290517631505e-02
1.794519999999999982e+03,1.678354451749629328e-02
1.795039999999999964e+03,1.674808517849629003e-02
1.795560000000000173e+03,1.671277922545627223e-02
1.796079999999999927e+03,1.667753129346625715e-02
1.796599999999999909e+03,1.664241869877625818e-02
1.797119999999999891e+03,1.660732556678624211e-02
1.797640000000000100e+03,1.657238689871624177e-02
1.798160000000000082e+03,1.653744856672622471e-02
1.798679999999999836e+03,1.650266482606619831e-02
1.799199999999999818e+03,1.646790021097619891e-02
1.799720000000000027e+03,1.643334772600617971e-02
1.800240000000000009e+03,1.639879573998618417e-02
1.800759999999999991e+03,1.636434066032616333e-02
1.801279999999999745e+03,1.632992349926614545e-02
1.801800000000000182e+03,1.629568096026614427e-02
1.802319999999999936e+03,1.626147640025612379e-02
1.802839999999999918e+03,1.622740770451612524e-02
1.803360000000000127e+03,1.619337741954610457e-02
1.803880000000000109e+03,1.615944363352610560e-02
1.804400000000000091e+03,1.612558719286608794e-02
1.804919999999999845e+03,1.609182743180606959e-02
1.805440000000000055e+03,1.605816439280606869e-02
1.805960000000000036e+03,1.602461676081605446e-02
1.806480000000000018e+03,1.599110842712605021e-02
1.807000000000000000e+03,1.595765776606603362e-02
1.807519999999999982e+03,1.592432392706603222e-02
1.808039999999999964e+03,1.589102809507601105e-02
1.808559999999999945e+03,1.585788632534598785e-02
1.809079999999999927e+03,1.582482238634599220e-02
1.809600000000000136e+03,1.579181655435597104e-02
1.810119999999999891e+03,1.575884961535596943e-02
1.810639999999999873e+03,1.572605579860595487e-02
1.811160000000000082e+03,1.569330095960595056e-02
1.811680000000000064e+03,1.566064292761593438e-02
1.812200000000000045e+03,1.562798521462591475e-02
1.812719999999999800e+03,1.559550137186591599e-02
1.813240000000000236e+03,1.556301754789589549e-02
1.813759999999999991e+03,1.553074536187589762e-02
1.814279999999999973e+03,1.549847361981587790e-02
1.814799999999999955e+03,1.546629925314587685e-02
1.815320000000000164e+03,1.543416292115585772e-02
1.815840000000000146e+03,1.540214353618583887e-02
1.816359999999999900e+03,1.537016229307583935e-02
1.816879999999999882e+03,1.533831578043582007e-02
1.817400000000000091e+03,1.530650799441582097e-02
1.817920000000000073e+03,1.527481680944580041e-02
1.818440000000000055e+03,1.524318336633579893e-02
1.818959999999999809e+03,1.521164648136578111e-02
1.819480000000000018e+03,1.518016752170575807e-02
1.820000000000000000e+03,1.514872845363576109e-02
1.820519999999999982e+03,1.511742374064574228e-02
1.821040000000000191e+03,1.508619595462574493e-02
1.821559999999999945e+03,1.505504604198572814e-02
1.822079999999999927e+03,1.502393478789572530e-02
1.822599999999999909e+03,1.499293917490570824e-02
1.823120000000000118e+03,1.496198278888570890e-02
1.823640000000000100e+03,1.493116107624568693e-02
1.824159999999999854e+03,1.490035911518566500e-02
1.824679999999999836e+03,1.486969254816566770e-02
1.825200000000000045e+03,1.483906436319564967e-02
1.825720000000000027e+03,1.480851404950564963e-02
1.826240000000000009e+03,1.477800240744563467e-02
1.826759999999999764e+03,1.474762602142563363e-02
1.827280000000000200e+03,1.471726873645561387e-02
1.827799999999999955e+03,1.468704659369561225e-02
1.828319999999999936e+03,1.465686318070559373e-02
1.828839999999999918e+03,1.462681514871557419e-02
1.829360000000000127e+03,1.459678690971557245e-02
1.829880000000000109e+03,1.456683566800556079e-02
1.830399999999999864e+03,1.453694275396556247e-02
1.830920000000000073e+03,1.450714636899554100e-02
1.831440000000000055e+03,1.447740778297554147e-02
1.831960000000000036e+03,1.444770884126552260e-02
1.832480000000000018e+03,1.441814412722552258e-02
1.833000000000000000e+03,1.438865734225550086e-02
1.833519999999999982e+03,1.435924745728548238e-02
1.834039999999999964e+03,1.432987617552548137e-02
1.834559999999999945e+03,1.430058286253546411e-02
1.835080000000000155e+03,1.427130917651546482e-02
1.835599999999999909e+03,1.424217069154544782e-02
1.836119999999999891e+03,1.421307084878544423e-02
1.836639999999999873e+03,1.418410573579542179e-02
1.837160000000000082e+03,1.415516024977542080e-02
1.837680000000000064e+03,1.412631173573540219e-02
1.838199999999999818e+03,1.409746409673540146e-02
1.838720000000000255e+03,1.406876950905538645e-02
1.839240000000000009e+03,1.404011402408536849e-02
1.839759999999999991e+03,1.401159370899536863e-02
1.840279999999999973e+03,1.398307392402535140e-02
1.840800000000000182e+03,1.395459328231534943e-02
1.841320000000000164e+03,1.392617099734532599e-02
1.841839999999999918e+03,1.389792192927532741e-02
1.842359999999999900e+03,1.386969179728530718e-02
1.842880000000000109e+03,1.384154020259530625e-02
1.843400000000000091e+03,1.381342617060528528e-02
1.843920000000000073e+03,1.378537160253528668e-02
1.844439999999999827e+03,1.375741237054526819e-02
1.844960000000000036e+03,1.372951257585526726e-02
1.845480000000000018e+03,1.370170849088524906e-02
1.846000000000000000e+03,1.367398092982522774e-02
1.846519999999999982e+03,1.364633149082523055e-02
1.847039999999999964e+03,1.361870143081521031e-02
1.847559999999999945e+03,1.359114946414521213e-02
1.848079999999999927e+03,1.356363600308519400e-02
1.848600000000000136e+03,1.353623886408519134e-02
1.849120000000000118e+03,1.350887955109517438e-02
1.849639999999999873e+03,1.348161773740517294e-02
1.850159999999999854e+03,1.345435592336515288e-02
1.850680000000000064e+03,1.342724793734515788e-02
1.851200000000000045e+03,1.340015955237513698e-02
1.851720000000000027e+03,1.337316811066513282e-02
1.852239999999999782e+03,1.334619629662511450e-02
1.852760000000000218e+03,1.331930275762511877e-02
1.853279999999999973e+03,1.329244672563509658e-02
1.853799999999999955e+03,1.326572615590507730e-02
1.854319999999999936e+03,1.323902476988507784e-02
1.854840000000000146e+03,1.321242088491505866e-02
1.855360000000000127e+03,1.318583559889506193e-02
1.855879999999999882e+03,1.315930955683503739e-02
1.856399999999999864e+03,1.313287989016504245e-02
1.856920000000000073e+03,1.310652695817502399e-02
1.857440000000000055e+03,1.308021341917502134e-02
1.857960000000000036e+03,1.305397653009500447e-02
1.858480000000000018e+03,1.302777906342500111e-02
1.859000000000000000e+03,1.300163973143498609e-02
1.859519999999999982e+03,1.297559659243498545e-02
1.860039999999999964e+03,1.294961185037496638e-02
1.860560000000000173e+03,1.292370403668496349e-02
1.861079999999999927e+03,1.289783495171494682e-02
1.861599999999999909e+03,1.287204376569494636e-02
1.862119999999999891e+03,1.284627262363492901e-02
1.862640000000000100e+03,1.282059753866490737e-02
1.863160000000000082e+03,1.279492242497490620e-02
1.863679999999999836e+03,1.276942124000488878e-02
1.864199999999999818e+03,1.274390139689489040e-02
1.864720000000000027e+03,1.271851581192486903e-02
1.865240000000000009e+03,1.269311159823487134e-02
1.865759999999999991e+03,1.266782351326485243e-02
1.866279999999999745e+03,1.264255534519485163e-02
1.866800000000000182e+03,1.261736438518483439e-02
1.867319999999999936e+03,1.259221231851483276e-02
1.867839999999999918e+03,1.256711788652481107e-02
1.868360000000000127e+03,1.254210101845481228e-02
1.868880000000000109e+03,1.251716170546479483e-02
1.869400000000000091e+03,1.249229931944479365e-02
1.869919999999999845e+03,1.246747610680477500e-02
1.870440000000000055e+03,1.244271069171477666e-02
1.870960000000000036e+03,1.241800357872475599e-02
1.871480000000000018e+03,1.239335467872475574e-02
1.872000000000000000e+03,1.236874421906473780e-02
1.872519999999999982e+03,1.234421188006473713e-02
1.873039999999999964e+03,1.231969839098471901e-02
1.873559999999999945e+03,1.229532035198471762e-02
1.874079999999999927e+03,1.227098031999469992e-02
1.874600000000000136e+03,1.224668015332469953e-02
1.875119999999999891e+03,1.222239921126468121e-02
1.875639999999999873e+03,1.219825302524468053e-02
1.876160000000000082e+03,1.217412694027466234e-02
1.876680000000000064e+03,1.215004002658466239e-02
1.877200000000000045e+03,1.212597221254464036e-02
1.877719999999999800e+03,1.210205904552464143e-02
1.878240000000000236e+03,1.207814521353462074e-02
1.878759999999999991e+03,1.205434817453462058e-02
1.879279999999999973e+03,1.203055088580460424e-02
1.879799999999999955e+03,1.200685081878460556e-02
1.880320000000000164e+03,1.198316953381458640e-02
1.880840000000000146e+03,1.195956664779458493e-02
1.881359999999999900e+03,1.193600140608456518e-02
1.881879999999999882e+03,1.191245694607454692e-02
1.882400000000000091e+03,1.188897050707454599e-02
1.882920000000000073e+03,1.186558022210452805e-02
1.883440000000000055e+03,1.184224770701452871e-02
1.883959999999999809e+03,1.181897353337451120e-02
1.884480000000000018e+03,1.179575711933450975e-02
1.885000000000000000e+03,1.177257993436449032e-02
1.885519999999999982e+03,1.174948046629449051e-02
1.886040000000000191e+03,1.172639990663447256e-02
1.886559999999999945e+03,1.170341603961447090e-02
1.887079999999999927e+03,1.168045160762445391e-02
1.887599999999999909e+03,1.165756523955445087e-02
1.888120000000000118e+03,1.163471740756443461e-02
1.888640000000000100e+03,1.161194711287443296e-02
1.889159999999999854e+03,1.158921472790441255e-02
1.889679999999999836e+03,1.156656024188441184e-02
1.890200000000000045e+03,1.154390622784439401e-02
1.890720000000000027e+03,1.152132961415439430e-02
1.891240000000000009e+03,1.149875300116437460e-02
1.891759999999999764e+03,1.147631246216437341e-02
1.892280000000000200e+03,1.145390890110435655e-02
1.892799999999999955e+03,1.143158450110435577e-02
1.893319999999999936e+03,1.140927826044433810e-02
1.893839999999999918e+03,1.138699317442433932e-02
1.894360000000000127e+03,1.136476486038431877e-02
1.894880000000000109e+03,1.134259537436431778e-02
1.895399999999999864e+03,1.132050273370430009e-02
1.895920000000000073e+03,1.129848789470429792e-02
1.896440000000000055e+03,1.127651087961429981e-02
1.896960000000000036e+03,1.125455449464427861e-02
1.897480000000000018e+03,1.123265590862428109e-02
1.898000000000000000e+03,1.121081506796426167e-02
1.898519999999999982e+03,1.118903289989426134e-02
1.899039999999999964e+03,1.116728926790424258e-02
1.899559999999999945e+03,1.114558502890424137e-02
1.900080000000000155e+03,1.112389970789422373e-02
1.900599999999999909e+03,1.110233014122422382e-02
1.901119999999999891e+03,1.108079942718420349e-02
1.901639999999999873e+03,1.105932704116420300e-02
1.902160000000000082e+03,1.103785465619418378e-02
1.902680000000000064e+03,1.101647921448418652e-02
1.903199999999999818e+03,1.099510380044416841e-02
1.903720000000000255e+03,1.097384536144416743e-02
1.904240000000000009e+03,1.095258572945414892e-02
1.904759999999999991e+03,1.093142376243414968e-02
1.905279999999999973e+03,1.091028017370413057e-02
1.905800000000000182e+03,1.088923433470412837e-02
1.906320000000000164e+03,1.086818818873410905e-02
1.906839999999999918e+03,1.084720030271411027e-02
1.907359999999999900e+03,1.082623198972409127e-02
1.907880000000000109e+03,1.080534104696409363e-02
1.908400000000000091e+03,1.078448886199406993e-02
1.908920000000000073e+03,1.076371442299407268e-02
1.909439999999999827e+03,1.074297746298405291e-02
1.909960000000000036e+03,1.072228086724405331e-02
1.910480000000000018e+03,1.070164178227403159e-02
1.911000000000000000e+03,1.068100319625403180e-02
1.911519999999999982e+03,1.066044151128401653e-02
1.912039999999999964e+03,1.063991900717401427e-02
1.912559999999999945e+03,1.061947389453399455e-02
1.913079999999999927e+03,1.059906735553399655e-02
1.913600000000000136e+03,1.057873802354397652e-02
1.914120000000000118e+03,1.055842845652397478e-02
1.914639999999999873e+03,1.053815774143397783e-02
1.915159999999999854e+03,1.051790662879395835e-02
1.915680000000000064e+03,1.049775238979395835e-02
1.916200000000000045e+03,1.047759745780393881e-02
1.916720000000000027e+03,1.045750246171393665e-02
1.917239999999999782e+03,1.043742577674392109e-02
1.917760000000000218e+03,1.041748430205391950e-02
1.918279999999999973e+03,1.039756191708390148e-02
1.918799999999999955e+03,1.037765957397389881e-02
1.919319999999999936e+03,1.035779598900388176e-02
1.919840000000000146e+03,1.033799102233388077e-02
1.920360000000000127e+03,1.031822409034386170e-02
1.920879999999999882e+03,1.029851615134386340e-02
1.921399999999999864e+03,1.027884566226384272e-02
1.921920000000000073e+03,1.025921562326384366e-02
1.922440000000000055e+03,1.023964254962382581e-02
1.922960000000000036e+03,1.022008956360382498e-02
1.923480000000000018e+03,1.020061342154380754e-02
1.924000000000000000e+03,1.018117638254380751e-02
1.924519999999999982e+03,1.016177785055378743e-02
1.925039999999999964e+03,1.014241868388378494e-02
1.925560000000000173e+03,1.012309839786378757e-02
1.926079999999999927e+03,1.010383535580376690e-02
1.926599999999999909e+03,1.008461241680376833e-02
1.927119999999999891e+03,1.006542702381374790e-02
1.927640000000000100e+03,1.004630055714374887e-02
1.928160000000000082e+03,1.002719334310373141e-02
1.928679999999999836e+03,1.000816352906372733e-02
1.929199999999999818e+03,9.989152844093709266e-03
1.929720000000000027e+03,9.970200958073710887e-03
1.930240000000000009e+03,9.951268116363692212e-03
1.930759999999999991e+03,9.932413049343693373e-03
1.931279999999999745e+03,9.913576956353671935e-03
1.931800000000000182e+03,9.894818417353672124e-03
1.932319999999999936e+03,9.876060032383652057e-03
1.932839999999999918e+03,9.857360389623653560e-03
1.933360000000000127e+03,9.838699322603654956e-03
1.933880000000000109e+03,9.820095890613635831e-03
1.934400000000000091e+03,9.801512251613634513e-03
1.934919999999999845e+03,9.782987009903616055e-03
1.935440000000000055e+03,9.764500062883612122e-03
1.935960000000000036e+03,9.746052249893595240e-03
1.936480000000000018e+03,9.727662610893592424e-03
1.937000000000000000e+03,9.709291878903575021e-03
1.937519999999999982e+03,9.690980083163576800e-03
1.938039999999999964e+03,9.672687223153559125e-03
1.938559999999999945e+03,9.654471984153560268e-03
1.939079999999999927e+03,9.636256899183539421e-03
1.939600000000000136e+03,9.618119252163539676e-03
1.940119999999999891e+03,9.599982356423539948e-03
1.940639999999999873e+03,9.581941143433522073e-03
1.941160000000000082e+03,9.563881357413522161e-03
1.941680000000000064e+03,9.545918572443501046e-03
1.942200000000000045e+03,9.527956104373501781e-03
1.942719999999999800e+03,9.510069844713482656e-03
1.943240000000000236e+03,9.492184816693484406e-03
1.943759999999999991e+03,9.474376984703465968e-03
1.944279999999999973e+03,9.456569845703463595e-03
1.944799999999999955e+03,9.438839231663444587e-03
1.945320000000000164e+03,9.421128217973443950e-03
1.945840000000000146e+03,9.403476350953446014e-03
1.946359999999999900e+03,9.385842765983427871e-03
1.946879999999999882e+03,9.368267989893427211e-03
1.947400000000000091e+03,9.350712304923406576e-03
1.947920000000000073e+03,9.333214863213402934e-03
1.948440000000000055e+03,9.315737078243385011e-03
1.948959999999999809e+03,9.298317939243386579e-03
1.949480000000000018e+03,9.280936278183367014e-03
1.950000000000000000e+03,9.263574939183368342e-03
1.950519999999999982e+03,9.246271537523349099e-03
1.951040000000000191e+03,9.229007351503348139e-03
1.951559999999999945e+03,9.211781683433350326e-03
1.952079999999999927e+03,9.194575798463328412e-03
1.952599999999999909e+03,9.177427712443328445e-03
1.953120000000000118e+03,9.160299171783310018e-03
1.953640000000000100e+03,9.143247971783308517e-03
1.954159999999999854e+03,9.126197010723291134e-03
1.954679999999999836e+03,9.109204571723292926e-03
1.955200000000000045e+03,9.092231039733271458e-03
1.955720000000000027e+03,9.075335045043275012e-03
1.956240000000000009e+03,9.058420506043274312e-03
1.956759999999999764e+03,9.041601744983255445e-03
1.957280000000000200e+03,9.024784244983255141e-03
1.957799999999999955e+03,9.008024160013235193e-03
1.958319999999999936e+03,8.991283618303234221e-03
1.958839999999999918e+03,8.974582304263215363e-03
1.959360000000000127e+03,8.957919565263216394e-03
1.959880000000000109e+03,8.941314433273195653e-03
1.960399999999999864e+03,8.924710533273195329e-03
1.960920000000000073e+03,8.908164019233198033e-03
1.961440000000000055e+03,8.891656177523177967e-03
1.961960000000000036e+03,8.875187938523180706e-03
1.962480000000000018e+03,8.858757206533160455e-03
1.963000000000000000e+03,8.842366339513159715e-03
1.963519999999999982e+03,8.825994793543139386e-03
1.964039999999999964e+03,8.809661850783138265e-03
1.964559999999999945e+03,8.793387265813121245e-03
1.965080000000000155e+03,8.777132626813122229e-03
1.965599999999999909e+03,8.760916312773120440e-03
1.966119999999999891e+03,8.744738227803101199e-03
1.966639999999999873e+03,8.728599671063102736e-03
1.967160000000000082e+03,8.712480039073083188e-03
1.967680000000000064e+03,8.696419400073084408e-03
1.968199999999999818e+03,8.680358540063064579e-03
1.968720000000000255e+03,8.664374771993062219e-03
1.969240000000000009e+03,8.648410759353044458e-03
1.969759999999999991e+03,8.632485512333044550e-03
1.970279999999999973e+03,8.616580173333044518e-03
1.970800000000000182e+03,8.600732760343024474e-03
1.971320000000000164e+03,8.584904445253024527e-03
1.971839999999999918e+03,8.569115332613006994e-03
1.972359999999999900e+03,8.553364832613007118e-03
1.972880000000000109e+03,8.537653300622987523e-03
1.973400000000000091e+03,8.521961533602986222e-03
1.973920000000000073e+03,8.506327565532986051e-03
1.974439999999999827e+03,8.490712505872969468e-03
1.974960000000000036e+03,8.475118266872968403e-03
1.975480000000000018e+03,8.459581020902950249e-03
1.976000000000000000e+03,8.444063806862949634e-03
1.976519999999999982e+03,8.428604392822931432e-03
1.977039999999999964e+03,8.413145853822931106e-03
1.977559999999999945e+03,8.397744740132931027e-03
1.978079999999999927e+03,8.382363294162913092e-03
1.978600000000000136e+03,8.367040080122912712e-03
1.979120000000000118e+03,8.351716866082893251e-03
1.979639999999999873e+03,8.336452327082893160e-03
1.980159999999999854e+03,8.321206167422873570e-03
1.980680000000000064e+03,8.306019067422874130e-03
1.981200000000000045e+03,8.290832371332875622e-03
1.981720000000000027e+03,8.275721939342855007e-03
1.982239999999999782e+03,8.260593600342853657e-03
1.982760000000000218e+03,8.245542287702835316e-03
1.983279999999999973e+03,8.230491001682837399e-03
1.983799999999999955e+03,8.215497998622816808e-03
1.984319999999999936e+03,8.200524459622817938e-03
1.984840000000000146e+03,8.185589773602819016e-03
1.985360000000000127e+03,8.170674660962797681e-03
1.985879999999999882e+03,8.155817721962797806e-03
1.986399999999999864e+03,8.140979171882778420e-03
1.986920000000000073e+03,8.126161432882779770e-03
1.987440000000000055e+03,8.111401147912759152e-03
1.987960000000000036e+03,8.096641861892758460e-03
1.988480000000000018e+03,8.081940195222760831e-03
1.989000000000000000e+03,8.067257820182740721e-03
1.989519999999999982e+03,8.052614606142741507e-03
1.990039999999999964e+03,8.038010121172722844e-03
1.990560000000000173e+03,8.023425082172720713e-03
1.991079999999999927e+03,8.008859422512702025e-03
1.991599999999999909e+03,7.994371393442702145e-03
1.992119999999999891e+03,7.979864726422701213e-03
1.992640000000000100e+03,7.965434294432683499e-03
1.993160000000000082e+03,7.950985455432683577e-03
1.993679999999999836e+03,7.936614142792664667e-03
1.994199999999999818e+03,7.922242866702663977e-03
1.994720000000000027e+03,7.907929699682665278e-03
1.995240000000000009e+03,7.893615867692644825e-03
1.995759999999999991e+03,7.879380628692644883e-03
1.996279999999999745e+03,7.865126482722627557e-03
1.996800000000000182e+03,7.850929539962624507e-03
1.997319999999999936e+03,7.836752226972606289e-03
1.997839999999999918e+03,7.822614487972607070e-03
1.998360000000000127e+03,7.808514601952607458e-03
1.998880000000000109e+03,7.794434855982588020e-03
1.999400000000000091e+03,7.780374960242590794e-03
1.999919999999999845e+03,7.766372200232568059e-03
2.000440000000000055e+03,7.752389261232569585e-03
2.000960000000000036e+03,7.738426422232569726e-03
2.001480000000000018e+03,7.724501629242548628e-03
2.002000000000000000e+03,7.710597061172550989e-03
2.002519999999999982e+03,7.696730820512530900e-03
2.003039999999999964e+03,7.682903334492530503e-03
2.003559999999999945e+03,7.669095488522511411e-03
2.004079999999999927e+03,7.655326649522510053e-03
2.004600000000000136e+03,7.641577034432509886e-03
2.005119999999999891e+03,7.627847021792493257e-03
2.005639999999999873e+03,7.614175154772492501e-03
2.006160000000000082e+03,7.600503161782474343e-03
2.006680000000000064e+03,7.586890122782474939e-03
2.007200000000000045e+03,7.573295654712474193e-03
2.007719999999999800e+03,7.559721122722454743e-03
2.008240000000000236e+03,7.546184967032454165e-03
2.008759999999999991e+03,7.532669082062436357e-03
2.009279999999999973e+03,7.519191396042435548e-03
2.009799999999999955e+03,7.505752882002417366e-03
2.010320000000000164e+03,7.492333843002419065e-03
2.010840000000000146e+03,7.478934040292420891e-03
2.011359999999999900e+03,7.465572955322397758e-03
2.011879999999999882e+03,7.452231816322399567e-03
2.012400000000000091e+03,7.438928655262379980e-03
2.012920000000000073e+03,7.425665455262381309e-03
2.013440000000000055e+03,7.412402188242381978e-03
2.013959999999999809e+03,7.399196528582361286e-03
2.014480000000000018e+03,7.385991589582360101e-03
2.015000000000000000e+03,7.372825514542343146e-03
2.015519999999999982e+03,7.359697628522343660e-03
2.016040000000000191e+03,7.346589189522341988e-03
2.016559999999999945e+03,7.333520048862322664e-03
2.017079999999999927e+03,7.320450962842322412e-03
2.017599999999999909e+03,7.307440187802304206e-03
2.018120000000000118e+03,7.294429748802303860e-03
2.018640000000000100e+03,7.281496209802303284e-03
2.019159999999999854e+03,7.268542849792285383e-03
2.019679999999999836e+03,7.255649022122284339e-03
2.020200000000000045e+03,7.242754837152264730e-03
2.020720000000000027e+03,7.229899322062266313e-03
2.021240000000000009e+03,7.217063783062265328e-03
2.021759999999999764e+03,7.204266609072247467e-03
2.022280000000000200e+03,7.191489023052247305e-03
2.022799999999999955e+03,7.178750610412227076e-03
2.023319999999999936e+03,7.166031142342227205e-03
2.023839999999999918e+03,7.153350595322227438e-03
2.024360000000000127e+03,7.140670510352208414e-03
2.024880000000000109e+03,7.128048543332208761e-03
2.025399999999999864e+03,7.115444983672190860e-03
2.025920000000000073e+03,7.102862254602190610e-03
2.026440000000000055e+03,7.090299115602187972e-03
2.026960000000000036e+03,7.077773983612169889e-03
2.027480000000000018e+03,7.065269116592170703e-03
2.028000000000000000e+03,7.052802170622150466e-03
2.028519999999999982e+03,7.040355227862151767e-03
2.029039999999999964e+03,7.027927788862150735e-03
2.029559999999999945e+03,7.015539203892133535e-03
2.030080000000000155e+03,7.003150656872134464e-03
2.030599999999999909e+03,6.990819843882113173e-03
2.031119999999999891e+03,6.978489875812114718e-03
2.031639999999999873e+03,6.966217862122112657e-03
2.032160000000000082e+03,6.953945916152096465e-03
2.032680000000000064e+03,6.941712977152094538e-03
2.033199999999999818e+03,6.929498917142076775e-03
2.033720000000000255e+03,6.917324278142075213e-03
2.034240000000000009e+03,6.905149621402077546e-03
2.034759999999999991e+03,6.893032589412055947e-03
2.035279999999999973e+03,6.880916750412053619e-03
2.035800000000000182e+03,6.868839265442037122e-03
2.036320000000000164e+03,6.856781237422037920e-03
2.036839999999999918e+03,6.844742922332038015e-03
2.037359999999999900e+03,6.832742809692017583e-03
2.037880000000000109e+03,6.820763170692016597e-03
2.038400000000000091e+03,6.808801977701999832e-03
2.038920000000000073e+03,6.796880610681997094e-03
2.039439999999999827e+03,6.784978342611996602e-03
2.039960000000000036e+03,6.773095010621977934e-03
2.040480000000000018e+03,6.761250582951980857e-03
2.041000000000000000e+03,6.749407643951980083e-03
2.041519999999999982e+03,6.737621311961958931e-03
2.042039999999999964e+03,6.725835683941958944e-03
2.042559999999999945e+03,6.714088869901943014e-03
2.043079999999999927e+03,6.702342083881942213e-03
2.043600000000000136e+03,6.690653917211942213e-03
2.044120000000000118e+03,6.678965471241922469e-03
2.044639999999999873e+03,6.667315657201920535e-03
2.045159999999999854e+03,6.655666343161904461e-03
2.045680000000000064e+03,6.644075704161903420e-03
2.046200000000000045e+03,6.632484576491904683e-03
2.046720000000000027e+03,6.620951544501885340e-03
2.047239999999999782e+03,6.609399605501884920e-03
2.047760000000000218e+03,6.597905909411883735e-03
2.048280000000000200e+03,6.586411616421866157e-03
2.048800000000000182e+03,6.574957177421864724e-03
2.049319999999999709e+03,6.563521464781846802e-03
2.049840000000000146e+03,6.552105417761846726e-03
2.050360000000000127e+03,6.540728378761845666e-03
2.050880000000000109e+03,6.529351436701829291e-03
2.051399999999999636e+03,6.518013250681828179e-03
2.051920000000000073e+03,6.506694704711807505e-03
2.052440000000000055e+03,6.495415138041808062e-03
2.052960000000000036e+03,6.484154352021808190e-03
2.053480000000000018e+03,6.472894048961790221e-03
2.054000000000000000e+03,6.461672809961790248e-03
2.054519999999999982e+03,6.450490270961789160e-03
2.055039999999999964e+03,6.439308038971769746e-03
2.055559999999999945e+03,6.428164711301772791e-03
2.056079999999999927e+03,6.417021026331752934e-03
2.056599999999999909e+03,6.405916483221753624e-03
2.057119999999999891e+03,6.394831944221751260e-03
2.057640000000000327e+03,6.383785298251731799e-03
2.058159999999999854e+03,6.372738612231731645e-03
2.058679999999999836e+03,6.361750699591713770e-03
2.059199999999999818e+03,6.350743570521713913e-03
2.059720000000000255e+03,6.339794356481714098e-03
2.060239999999999782e+03,6.328826571511694810e-03
2.060759999999999764e+03,6.317916932511693541e-03
2.061279999999999745e+03,6.307026432511695160e-03
2.061800000000000182e+03,6.296155272851675609e-03
2.062320000000000164e+03,6.285303376761674707e-03
2.062840000000000146e+03,6.274471330791657302e-03
2.063360000000000127e+03,6.263658344771656609e-03
2.063880000000000109e+03,6.252884905771656683e-03
2.064400000000000091e+03,6.242111659801638512e-03
2.064920000000000073e+03,6.231377017041638683e-03
2.065440000000000055e+03,6.220661850021637872e-03
2.065960000000000036e+03,6.209965965051618929e-03
2.066480000000000018e+03,6.199289718031618726e-03
2.067000000000000000e+03,6.188651633061600411e-03
2.067519999999999982e+03,6.178014894061599829e-03
2.068039999999999964e+03,6.167416337321599690e-03
2.068559999999999945e+03,6.156836677311581553e-03
2.069079999999999927e+03,6.146258238311580469e-03
2.069599999999999909e+03,6.135737599311580880e-03
2.070119999999999891e+03,6.125216806321562638e-03
2.070639999999999873e+03,6.114715738251561179e-03
2.071160000000000309e+03,6.104233925611543717e-03
2.071680000000000291e+03,6.093791350571542594e-03
2.072199999999999818e+03,6.083348611571542247e-03
2.072719999999999800e+03,6.072944726601523999e-03
2.073240000000000236e+03,6.062560326601524295e-03
2.073760000000000218e+03,6.052195611511523507e-03
2.074279999999999745e+03,6.041850470851504139e-03
2.074799999999999727e+03,6.031524831851504259e-03
2.075320000000000164e+03,6.021217984831504257e-03
2.075840000000000146e+03,6.010950299861485616e-03
2.076360000000000127e+03,6.000683460861485838e-03
2.076880000000000109e+03,5.990454638801467543e-03
2.077400000000000091e+03,5.980226444111466297e-03
2.077920000000000073e+03,5.970037005111467759e-03
2.078440000000000055e+03,5.959866359141447779e-03
2.078960000000000036e+03,5.949696673121447447e-03
2.079480000000000018e+03,5.939565505051449396e-03
2.080000000000000000e+03,5.929453620081427505e-03
2.080519999999999982e+03,5.919361317371429204e-03
2.081039999999999964e+03,5.909289132401410009e-03
2.081559999999999945e+03,5.899254993401410220e-03
2.082079999999999927e+03,5.889221546381408906e-03
2.082599999999999909e+03,5.879207132341391327e-03
2.083119999999999891e+03,5.869212693341390764e-03
2.083639999999999873e+03,5.859256937651389878e-03
2.084159999999999854e+03,5.849300505661372135e-03
2.084679999999999836e+03,5.839383966661372549e-03
2.085200000000000273e+03,5.829467466661371507e-03
2.085720000000000255e+03,5.819588905601353127e-03
2.086239999999999782e+03,5.809711566601353031e-03
2.086759999999999764e+03,5.799872092611333720e-03
2.087280000000000200e+03,5.790052178921333871e-03
2.087800000000000182e+03,5.780233639921333877e-03
2.088319999999999709e+03,5.770452425881314289e-03
2.088839999999999691e+03,5.760691725881314333e-03
2.089360000000000127e+03,5.750949739861314566e-03
2.089880000000000109e+03,5.741208726871296041e-03
2.090400000000000091e+03,5.731506299201295611e-03
2.090920000000000073e+03,5.721842213181296821e-03
2.091440000000000055e+03,5.712178099141276832e-03
2.091960000000000036e+03,5.702515399141277336e-03
2.092480000000000018e+03,5.692890860141276710e-03
2.093000000000000000e+03,5.683285200131258513e-03
2.093519999999999982e+03,5.673699872461258550e-03
2.094039999999999964e+03,5.664133287491239163e-03
2.094559999999999945e+03,5.654586272401239226e-03
2.095079999999999927e+03,5.645040172401239592e-03
2.095599999999999909e+03,5.635551487431220315e-03
2.096119999999999891e+03,5.626044520411219510e-03
2.096639999999999873e+03,5.616594545721219876e-03
2.097159999999999854e+03,5.607125960751200081e-03
2.097679999999999836e+03,5.597715492681200160e-03
2.098199999999999818e+03,5.588285645661200847e-03
2.098720000000000255e+03,5.578894960691181161e-03
2.099240000000000236e+03,5.569523693671181094e-03
2.099760000000000218e+03,5.560171746651181891e-03
2.100279999999999745e+03,5.550819734011161986e-03
2.100800000000000182e+03,5.541506765941161920e-03
2.101320000000000164e+03,5.532213119971143497e-03
2.101840000000000146e+03,5.522939033951142392e-03
2.102359999999999673e+03,5.513665766931143651e-03
2.102880000000000109e+03,5.504430420961124726e-03
2.103400000000000091e+03,5.495214607271124881e-03
2.103920000000000073e+03,5.485999639201124406e-03
2.104440000000000055e+03,5.476823093231105583e-03
2.104960000000000036e+03,5.467646854231106475e-03
2.105480000000000018e+03,5.458508940191104594e-03
2.106000000000000000e+03,5.449371594221085260e-03
2.106519999999999982e+03,5.440272698481085807e-03
2.107039999999999964e+03,5.431154912461084658e-03
2.107559999999999945e+03,5.422095466491066301e-03
2.108079999999999927e+03,5.413036327491066793e-03
2.108600000000000364e+03,5.403996260471066043e-03
2.109119999999999891e+03,5.394975167481047031e-03
2.109639999999999873e+03,5.385974799411047745e-03
2.110159999999999854e+03,5.376992686771028644e-03
2.110680000000000291e+03,5.368030239751028256e-03
2.111199999999999818e+03,5.359068600751029469e-03
2.111719999999999800e+03,5.350145787761008929e-03
2.112239999999999782e+03,5.341241987761009315e-03
2.112760000000000218e+03,5.332357372671009746e-03
2.113280000000000200e+03,5.323473260030991104e-03
2.113800000000000182e+03,5.314609160030990716e-03
2.114319999999999709e+03,5.305764274010990253e-03
2.114840000000000146e+03,5.296957589040971956e-03
2.115360000000000127e+03,5.288132661020972410e-03
2.115880000000000109e+03,5.279364992950972245e-03
2.116399999999999636e+03,5.270597660960953633e-03
2.116920000000000073e+03,5.261850133290953135e-03
2.117440000000000055e+03,5.253103094290952936e-03
2.117960000000000036e+03,5.244394062300934689e-03
2.118480000000000018e+03,5.235685734280935005e-03
2.119000000000000000e+03,5.226996466210933820e-03
2.119519999999999982e+03,5.218346081240915479e-03
2.120039999999999964e+03,5.209696206550915032e-03
2.120559999999999945e+03,5.201065767550914695e-03
2.121079999999999927e+03,5.192454621580896122e-03
2.121599999999999909e+03,5.183862854560896891e-03
2.122119999999999891e+03,5.175271239470895755e-03
2.122640000000000327e+03,5.166718393500876680e-03
2.123159999999999854e+03,5.158165854500876453e-03
2.123679999999999836e+03,5.149651794840857943e-03
2.124199999999999818e+03,5.141137994840857747e-03
2.124720000000000255e+03,5.132663327820857248e-03
2.125239999999999782e+03,5.124169213780837250e-03
2.125759999999999764e+03,5.115733466760838226e-03
2.126279999999999745e+03,5.107278427760836986e-03
2.126800000000000182e+03,5.098862215120818740e-03
2.127320000000000164e+03,5.090446568100819198e-03
2.127840000000000146e+03,5.082050329100818928e-03
2.128360000000000127e+03,5.073691916110800032e-03
2.128880000000000109e+03,5.065334387040800780e-03
2.129400000000000091e+03,5.056996101020800466e-03
2.129920000000000073e+03,5.048658355050782316e-03
2.130440000000000055e+03,5.040359088380782192e-03
2.130960000000000036e+03,5.032059849380782039e-03
2.131480000000000018e+03,5.023799128370762604e-03
2.132000000000000000e+03,5.015539060300762929e-03
2.132519999999999982e+03,5.007298621300762878e-03
2.133039999999999964e+03,4.999058028310744174e-03
2.133559999999999945e+03,4.990856789310743613e-03
2.134079999999999927e+03,4.982655522640743948e-03
2.134599999999999909e+03,4.974492148650725039e-03
2.135119999999999891e+03,4.966329233560724810e-03
2.135639999999999873e+03,4.958186833560725496e-03
2.136160000000000309e+03,4.950043548590707040e-03
2.136680000000000291e+03,4.941939462570706793e-03
2.137199999999999818e+03,4.933854834900705533e-03
2.137719999999999800e+03,4.925770349930688047e-03
2.138240000000000236e+03,4.917705753840686568e-03
2.138760000000000218e+03,4.909660006820687830e-03
2.139279999999999745e+03,4.901614221850667495e-03
2.139799999999999727e+03,4.893607982850666643e-03
2.140320000000000164e+03,4.885601782850666937e-03
2.140840000000000146e+03,4.877614423190648925e-03
2.141360000000000127e+03,4.869646866100649577e-03
2.141880000000000109e+03,4.861698927100649090e-03
2.142400000000000091e+03,4.853769895110628813e-03
2.142920000000000073e+03,4.845841595110629216e-03
2.143440000000000055e+03,4.837933356110629690e-03
2.143960000000000036e+03,4.830043871140610179e-03
2.144480000000000018e+03,4.822173467380610687e-03
2.145000000000000000e+03,4.814322500360610803e-03
2.145519999999999982e+03,4.806472254390591926e-03
2.146039999999999964e+03,4.798641915390591643e-03
2.146559999999999945e+03,4.790849429370590967e-03
2.147079999999999927e+03,4.783038383400572448e-03
2.147599999999999909e+03,4.775265816730572821e-03
2.148119999999999891e+03,4.767474273620572224e-03
2.148639999999999873e+03,4.759740127650553473e-03
2.149159999999999854e+03,4.752006788650553308e-03
2.149679999999999836e+03,4.744293088650554033e-03
2.150200000000000273e+03,4.736578656660534944e-03
2.150720000000000255e+03,4.728885017660534873e-03
2.151239999999999782e+03,4.721209960920535499e-03
2.151759999999999764e+03,4.713554647930516539e-03
2.152280000000000200e+03,4.705899361910516679e-03
2.152800000000000182e+03,4.698283161910516391e-03
2.153319999999999709e+03,4.690666576940496699e-03
2.153839999999999691e+03,4.683069976940496155e-03
2.154360000000000127e+03,4.675473461850496518e-03
2.154880000000000109e+03,4.667915121190477704e-03
2.155400000000000091e+03,4.660357721190477517e-03
2.155920000000000073e+03,4.652819535170478124e-03
2.156440000000000055e+03,4.645281350200459146e-03
2.156960000000000036e+03,4.637763150200459317e-03
2.157480000000000018e+03,4.630283111200459226e-03
2.158000000000000000e+03,4.622783789140440594e-03
2.158519999999999982e+03,4.615323294450439894e-03
2.159039999999999964e+03,4.607882455450440159e-03
2.159559999999999945e+03,4.600442309480421051e-03
2.160079999999999927e+03,4.593002123460421249e-03
2.160599999999999909e+03,4.585600523460420415e-03
2.161119999999999891e+03,4.578198855390420291e-03
2.161639999999999873e+03,4.570816970420402137e-03
2.162159999999999854e+03,4.563454167710402631e-03
2.162679999999999836e+03,4.556111328710402489e-03
2.163199999999999818e+03,4.548768143740383220e-03
2.163720000000000255e+03,4.541444596720383559e-03
2.164240000000000236e+03,4.534140457720382301e-03
2.164760000000000218e+03,4.526855582680363796e-03
2.165279999999999745e+03,4.519571515660363373e-03
2.165800000000000182e+03,4.512306201970362959e-03
2.166320000000000164e+03,4.505041456000344682e-03
2.166840000000000146e+03,4.497815717000344139e-03
2.167359999999999673e+03,4.490590017000344741e-03
2.167880000000000109e+03,4.483364055940324520e-03
2.168400000000000091e+03,4.476177016940324598e-03
2.168920000000000073e+03,4.468990488920324307e-03
2.169440000000000055e+03,4.461822676280305031e-03
2.169960000000000036e+03,4.454675029260305938e-03
2.170480000000000018e+03,4.447527690260306109e-03
2.171000000000000000e+03,4.440399105290287161e-03
2.171519999999999982e+03,4.433290476220287483e-03
2.172039999999999964e+03,4.426201090200287611e-03
2.172559999999999945e+03,4.419111716210268916e-03
2.173079999999999927e+03,4.412042249540269225e-03
2.173600000000000364e+03,4.404991910540268646e-03
2.174119999999999891e+03,4.397941763520268540e-03
2.174639999999999873e+03,4.390911149480248438e-03
2.175159999999999854e+03,4.383880949480249353e-03
2.175680000000000291e+03,4.376889063460249335e-03
2.176199999999999818e+03,4.369897150470231084e-03
2.176719999999999800e+03,4.362925222800230658e-03
2.177239999999999782e+03,4.355953783800229663e-03
2.177760000000000218e+03,4.349019890810211161e-03
2.178280000000000200e+03,4.342068022740212634e-03
2.178800000000000182e+03,4.335154383740212267e-03
2.179319999999999709e+03,4.328240909750192406e-03
2.179840000000000146e+03,4.321347023730192846e-03
2.180360000000000127e+03,4.314453496060192267e-03
2.180880000000000109e+03,4.307598311090173743e-03
2.181399999999999636e+03,4.300743443020173598e-03
2.181920000000000073e+03,4.293888796000174674e-03
2.182440000000000055e+03,4.287053711030153896e-03
2.182960000000000036e+03,4.280238083010154751e-03
2.183480000000000018e+03,4.273441544010153983e-03
2.184000000000000000e+03,4.266645130320155174e-03
2.184519999999999982e+03,4.259887484350135915e-03
2.185039999999999964e+03,4.253111016280135617e-03
2.185559999999999945e+03,4.246373316280135229e-03
2.186079999999999927e+03,4.239616284290116492e-03
2.186599999999999909e+03,4.232898156270116334e-03
2.187119999999999891e+03,4.226180017270116281e-03
2.187640000000000327e+03,4.219481104630098608e-03
2.188159999999999854e+03,4.212801857610097914e-03
2.188679999999999836e+03,4.206123389540097207e-03
2.189199999999999818e+03,4.199463743570077540e-03
2.189720000000000255e+03,4.192823504570078463e-03
2.190239999999999782e+03,4.186183390530077465e-03
2.190759999999999764e+03,4.179543844560059881e-03
2.191279999999999745e+03,4.172942805560059427e-03
2.191800000000000182e+03,4.166342248820059137e-03
2.192320000000000164e+03,4.159760462800058886e-03
2.192840000000000146e+03,4.153179177830040522e-03
2.193360000000000127e+03,4.146636477830039844e-03
2.193880000000000109e+03,4.140075110810040836e-03
2.194400000000000091e+03,4.133551817820022706e-03
2.194920000000000073e+03,4.127029678820020968e-03
2.195440000000000055e+03,4.120526122080021662e-03
2.195960000000000036e+03,4.114023237110003145e-03
2.196480000000000018e+03,4.107538951090002749e-03
2.197000000000000000e+03,4.101055551090002776e-03
2.197519999999999982e+03,4.094591338099982762e-03
2.198039999999999964e+03,4.088146791079983605e-03
2.198559999999999945e+03,4.081721652079982852e-03
2.199079999999999927e+03,4.075277395339982518e-03
2.199599999999999909e+03,4.068871510369964119e-03
2.200119999999999891e+03,4.062485224349964182e-03
2.200639999999999873e+03,4.056099324349964064e-03
2.201160000000000309e+03,4.049713511359944763e-03
2.201680000000000291e+03,4.043347711359944995e-03
2.202199999999999818e+03,4.037000125339944810e-03
2.202719999999999800e+03,4.030672611299927245e-03
2.203240000000000236e+03,4.024326383629927249e-03
2.203760000000000218e+03,4.018018344629926963e-03
2.204279999999999745e+03,4.011710497609927151e-03
2.204799999999999727e+03,4.005441284619907713e-03
2.205320000000000164e+03,3.999153384619907187e-03
2.205840000000000146e+03,3.992885016549907982e-03
2.206360000000000127e+03,3.986635931579889276e-03
2.206880000000000109e+03,3.980386356889888989e-03
2.207400000000000091e+03,3.974156717889889417e-03
2.207920000000000073e+03,3.967927271919870734e-03
2.208440000000000055e+03,3.961717204899869657e-03
2.208960000000000036e+03,3.955526457879869444e-03
2.209480000000000018e+03,3.949355589809870094e-03
2.210000000000000000e+03,3.943165304839850623e-03
2.210519999999999982e+03,3.937013577169849732e-03
2.211039999999999964e+03,3.930862491149851069e-03
2.211559999999999945e+03,3.924730045179831636e-03
2.212079999999999927e+03,3.918598378159830406e-03
2.212599999999999909e+03,3.912486378159830448e-03
2.213119999999999891e+03,3.906373617099811665e-03
2.213639999999999873e+03,3.900280678099811438e-03
2.214159999999999854e+03,3.894207378099811667e-03
2.214679999999999836e+03,3.888135011429812420e-03
2.215200000000000273e+03,3.882080618439793292e-03
2.215720000000000255e+03,3.876046479439793167e-03
2.216239999999999782e+03,3.869993251419793362e-03
2.216759999999999764e+03,3.863978337379774843e-03
2.217280000000000200e+03,3.857963490359774331e-03
2.217800000000000182e+03,3.851969051359774299e-03
2.218319999999999709e+03,3.845973738719755432e-03
2.218839999999999691e+03,3.839997938719755515e-03
2.219360000000000127e+03,3.834041852699756128e-03
2.219880000000000109e+03,3.828086124679755745e-03
2.220400000000000091e+03,3.822130010639735592e-03
2.220920000000000073e+03,3.816213510639735948e-03
2.221440000000000055e+03,3.810277024619736740e-03
2.221960000000000036e+03,3.804360139649717257e-03
2.222480000000000018e+03,3.798462711979717649e-03
2.223000000000000000e+03,3.792585372979717651e-03
2.223519999999999982e+03,3.786706851969698709e-03
2.224039999999999964e+03,3.780829483899698397e-03
2.224559999999999945e+03,3.774990883899697995e-03
2.225079999999999927e+03,3.769133144899698175e-03
2.225599999999999909e+03,3.763312951909679981e-03
2.226119999999999891e+03,3.757474785239679066e-03
2.226639999999999873e+03,3.751675346239680044e-03
2.227159999999999854e+03,3.745856472249660483e-03
2.227679999999999836e+03,3.740076257159660050e-03
2.228199999999999818e+03,3.734296457159660184e-03
2.228720000000000255e+03,3.728536218159658917e-03
2.229240000000000236e+03,3.722775672189640537e-03
2.229760000000000218e+03,3.717035033189640750e-03
2.230279999999999745e+03,3.711294058499640860e-03
2.230800000000000182e+03,3.705572673529621691e-03
2.231320000000000164e+03,3.699851577439623122e-03
2.231840000000000146e+03,3.694150177439623102e-03
2.232359999999999673e+03,3.688448391419621528e-03
2.232880000000000109e+03,3.682766245449603428e-03
2.233400000000000091e+03,3.677084406449603309e-03
2.233920000000000073e+03,3.671422206449603647e-03
2.234440000000000055e+03,3.665778346789584641e-03
2.234960000000000036e+03,3.660135189699584291e-03
2.235480000000000018e+03,3.654511650699584537e-03
2.236000000000000000e+03,3.648888304729565237e-03
2.236519999999999982e+03,3.643284018709564386e-03
2.237039999999999964e+03,3.637680579709564981e-03
2.237559999999999945e+03,3.632096279709564560e-03
2.238079999999999927e+03,3.626511594739546471e-03
2.238600000000000364e+03,3.620946520049545848e-03
2.239119999999999891e+03,3.615382223959546538e-03
2.239639999999999873e+03,3.609836777989526915e-03
2.240159999999999854e+03,3.604292138989526745e-03
2.240680000000000291e+03,3.598785738989527302e-03
2.241199999999999818e+03,3.593259852969526730e-03
2.241719999999999800e+03,3.587753606999507898e-03
2.242239999999999782e+03,3.582247640329507942e-03
2.242760000000000218e+03,3.576780344239507015e-03
2.243280000000000200e+03,3.571293851249488123e-03
2.243800000000000182e+03,3.565827112249488062e-03
2.244319999999999709e+03,3.560379512249487854e-03
2.244840000000000146e+03,3.554932373249487538e-03
2.245360000000000127e+03,3.549485080259468569e-03
2.245880000000000109e+03,3.544057541259469733e-03
2.246399999999999636e+03,3.538649056499469647e-03
2.246920000000000073e+03,3.533240771529450128e-03
2.247440000000000055e+03,3.527851624509450914e-03
2.247960000000000036e+03,3.522463285509450700e-03
2.248480000000000018e+03,3.517094085509449904e-03
2.249000000000000000e+03,3.511725000539431610e-03
2.249519999999999982e+03,3.506375361539432016e-03
2.250039999999999964e+03,3.501025885449431715e-03
2.250559999999999945e+03,3.495695444789413252e-03
2.251079999999999927e+03,3.490365444789413248e-03
2.251599999999999909e+03,3.485036405789413306e-03
2.252119999999999891e+03,3.479725658769413071e-03
2.252640000000000327e+03,3.474434473799393585e-03
2.253159999999999854e+03,3.469162773799393945e-03
2.253679999999999836e+03,3.463872934799393059e-03
2.254199999999999818e+03,3.458601358709392868e-03
2.254720000000000255e+03,3.453349318049375120e-03
2.255239999999999782e+03,3.448097718049374528e-03
2.255759999999999764e+03,3.442865679049373837e-03
2.256279999999999745e+03,3.437633294079356187e-03
2.256800000000000182e+03,3.432420547059355544e-03
2.257320000000000164e+03,3.427208108059354597e-03
2.257840000000000146e+03,3.422014778989355358e-03
2.258360000000000127e+03,3.416821565999336383e-03
2.258880000000000109e+03,3.411628891309336983e-03
2.259400000000000091e+03,3.406474752309335968e-03
2.259920000000000073e+03,3.401301706339316267e-03
2.260440000000000055e+03,3.396148067339316724e-03
2.260960000000000036e+03,3.391013720319316794e-03
2.261480000000000018e+03,3.385879652249317116e-03
2.262000000000000000e+03,3.380745306279298902e-03
2.262519999999999982e+03,3.375630839259298466e-03
2.263039999999999964e+03,3.370535511589298292e-03
2.263559999999999945e+03,3.365439479599279145e-03
2.264079999999999927e+03,3.360344679599279547e-03
2.264599999999999909e+03,3.355269440599279417e-03
2.265119999999999891e+03,3.350194240599279130e-03
2.265639999999999873e+03,3.345137379539260460e-03
2.266160000000000309e+03,3.340081740539260075e-03
2.266680000000000291e+03,3.335045712519260630e-03
2.267199999999999818e+03,3.330009145849261148e-03
2.267719999999999800e+03,3.324992052859242729e-03
2.268240000000000236e+03,3.319975113859241662e-03
2.268760000000000218e+03,3.314978313859241656e-03
2.269279999999999745e+03,3.309981099819221933e-03
2.269799999999999727e+03,3.304984299819221927e-03
2.270320000000000164e+03,3.300006185779222594e-03
2.270840000000000146e+03,3.295048085779222775e-03
2.271360000000000127e+03,3.290089573139204013e-03
2.271880000000000109e+03,3.285131973139203930e-03
2.272400000000000091e+03,3.280193087119204036e-03
2.272920000000000073e+03,3.275274187119203706e-03
2.273440000000000055e+03,3.270354873079184960e-03
2.273960000000000036e+03,3.265436473079184800e-03
2.274480000000000018e+03,3.260537106059184856e-03
2.275000000000000000e+03,3.255637613069166207e-03
2.275519999999999982e+03,3.250738746399166410e-03
2.276039999999999964e+03,3.245859046399166004e-03
2.276559999999999945e+03,3.240998907399165931e-03
2.277079999999999927e+03,3.236119014409146594e-03
2.277599999999999909e+03,3.231278446339146820e-03
2.278119999999999891e+03,3.226437907339146493e-03
2.278639999999999873e+03,3.221597379319145193e-03
2.279159999999999854e+03,3.216775747329127244e-03
2.279679999999999836e+03,3.211955319659127572e-03
2.280200000000000273e+03,3.207153980659127601e-03
2.280720000000000255e+03,3.202352334689108782e-03
2.281239999999999782e+03,3.197570066619108507e-03
2.281759999999999764e+03,3.192788519599108754e-03
2.282280000000000200e+03,3.188006780599108962e-03
2.282800000000000182e+03,3.183244306609089250e-03
2.283319999999999709e+03,3.178482667609088940e-03
2.283839999999999691e+03,3.173739292919089232e-03
2.284360000000000127e+03,3.168996753919089363e-03
2.284880000000000109e+03,3.164254407949070383e-03
2.285400000000000091e+03,3.159550539879070821e-03
2.285920000000000073e+03,3.154827639879070108e-03
2.286440000000000055e+03,3.150123607889051928e-03
2.286960000000000036e+03,3.145420779869051615e-03
2.287480000000000018e+03,3.140737040869051849e-03
2.288000000000000000e+03,3.136053340869051492e-03
2.288519999999999982e+03,3.131387981209032226e-03
2.289039999999999964e+03,3.126723881209032049e-03
2.289559999999999945e+03,3.122079313139031892e-03
2.290079999999999927e+03,3.117434813139031893e-03
2.290599999999999909e+03,3.112789928169013356e-03
2.291119999999999891e+03,3.108145553129012736e-03
2.291639999999999873e+03,3.103539714129013513e-03
2.292159999999999854e+03,3.098933914129013267e-03
2.292679999999999836e+03,3.094328701488994419e-03
2.293199999999999818e+03,3.089723025398994488e-03
2.293720000000000255e+03,3.085137286398994313e-03
2.294240000000000236e+03,3.080551240428976156e-03
2.294760000000000218e+03,3.075985101428975292e-03
2.295279999999999745e+03,3.071418973408975624e-03
2.295800000000000182e+03,3.066872087388976265e-03
2.296320000000000164e+03,3.062324741418956560e-03
2.296840000000000146e+03,3.057778702418956478e-03
2.297359999999999673e+03,3.053251245678956227e-03
2.297880000000000109e+03,3.048724306678956587e-03
2.298400000000000091e+03,3.044216313688937869e-03
2.298920000000000073e+03,3.039708474688937803e-03
2.299440000000000055e+03,3.035201646668937540e-03
2.299960000000000036e+03,3.030713407668937220e-03
2.300480000000000018e+03,3.026225514678917983e-03
2.301000000000000000e+03,3.021756875678918274e-03
2.301519999999999982e+03,3.017289218938917598e-03
2.302039999999999964e+03,3.012839833968899376e-03
2.302559999999999945e+03,3.008391333968898559e-03
2.303079999999999927e+03,3.003941947948899054e-03
2.303600000000000364e+03,2.999513019928898901e-03
2.304119999999999891e+03,2.995083734958880160e-03
2.304639999999999873e+03,2.990673934958879964e-03
2.305159999999999854e+03,2.986245148938880545e-03
2.305680000000000291e+03,2.981854892198880242e-03
2.306199999999999818e+03,2.977445707228861416e-03
2.306719999999999800e+03,2.973075107228861577e-03
2.307239999999999782e+03,2.968685368228861886e-03
2.307760000000000218e+03,2.964314893188860992e-03
2.308280000000000200e+03,2.959944408218841919e-03
2.308800000000000182e+03,2.955593908218842429e-03
2.309319999999999709e+03,2.951242869218842057e-03
2.309840000000000146e+03,2.946911940148842432e-03
2.310360000000000127e+03,2.942580280488823335e-03
2.310880000000000109e+03,2.938249380488823590e-03
2.311399999999999636e+03,2.933918441488823133e-03
2.311920000000000073e+03,2.929626241488823574e-03
2.312440000000000055e+03,2.925314181478804679e-03
2.312960000000000036e+03,2.921022481478804424e-03
2.313480000000000018e+03,2.916730742478804757e-03
2.314000000000000000e+03,2.912458267438785674e-03
2.314519999999999982e+03,2.908185628438785583e-03
2.315039999999999964e+03,2.903913153748785558e-03
2.315559999999999945e+03,2.899660614748784948e-03
2.316079999999999927e+03,2.895407768778766357e-03
2.316599999999999909e+03,2.891174801758766410e-03
2.317119999999999891e+03,2.886941401758766085e-03
2.317640000000000327e+03,2.882708115738766546e-03
2.318159999999999854e+03,2.878494440698747131e-03
2.318679999999999836e+03,2.874281101698746878e-03
2.319199999999999818e+03,2.870067774028746931e-03
2.319720000000000255e+03,2.865873688008746881e-03
2.320239999999999782e+03,2.861679642038727957e-03
2.320759999999999764e+03,2.857505475018728546e-03
2.321279999999999745e+03,2.853330875018728324e-03
2.321800000000000182e+03,2.849157275018728008e-03
2.322320000000000164e+03,2.845001513958709139e-03
2.322840000000000146e+03,2.840847013958708832e-03
2.323360000000000127e+03,2.836692974958708851e-03
2.323880000000000109e+03,2.832557547288709014e-03
2.324400000000000091e+03,2.828441362318690356e-03
2.324920000000000073e+03,2.824306615298690423e-03
2.325440000000000055e+03,2.820191248278690246e-03
2.325960000000000036e+03,2.816075948278690295e-03
2.326480000000000018e+03,2.811979334238671070e-03
2.327000000000000000e+03,2.807884134238671035e-03
2.327519999999999982e+03,2.803807148218670584e-03
2.328039999999999964e+03,2.799711948218670983e-03
2.328559999999999945e+03,2.795654535578652022e-03
2.329079999999999927e+03,2.791578435578651995e-03
2.329599999999999909e+03,2.787521560538651789e-03
2.330119999999999891e+03,2.783465060538651940e-03
2.330639999999999873e+03,2.779427746498633420e-03
2.331160000000000309e+03,2.775390846498633751e-03
2.331680000000000291e+03,2.771353946498633213e-03
2.332199999999999818e+03,2.767336260478633469e-03
2.332719999999999800e+03,2.763319114508614588e-03
2.333240000000000236e+03,2.759301786838614691e-03
2.333760000000000218e+03,2.755304086838614511e-03
2.334279999999999745e+03,2.751306319818613670e-03
2.334799999999999727e+03,2.747326997758595384e-03
2.335320000000000164e+03,2.743329797758594941e-03
2.335840000000000146e+03,2.739370758758595103e-03
2.336360000000000127e+03,2.735393158758595272e-03
2.336880000000000109e+03,2.731434312788576322e-03
2.337400000000000091e+03,2.727495038098575863e-03
2.337920000000000073e+03,2.723536499098576195e-03
2.338440000000000055e+03,2.719597571078576168e-03
2.338960000000000036e+03,2.715658825108557134e-03
2.339480000000000018e+03,2.711739457038557510e-03
2.340000000000000000e+03,2.707819810018558069e-03
2.340519999999999982e+03,2.703901010018557906e-03
2.341039999999999964e+03,2.700000964048538624e-03
2.341559999999999945e+03,2.696101225048538625e-03
2.342079999999999927e+03,2.692201997378538669e-03
2.342599999999999909e+03,2.688321550358538283e-03
2.343119999999999891e+03,2.684460176368519239e-03
2.343639999999999873e+03,2.680580008298519539e-03
2.344159999999999854e+03,2.676719508298519307e-03
2.344679999999999836e+03,2.672859161278519271e-03
2.345200000000000273e+03,2.668998276308500069e-03
2.345720000000000255e+03,2.665157876308499752e-03
2.346239999999999782e+03,2.661316976308499699e-03
2.346759999999999764e+03,2.657495648638500286e-03
2.347280000000000200e+03,2.653654488628481075e-03
2.347800000000000182e+03,2.649852759558481066e-03
2.348319999999999709e+03,2.646031459558480757e-03
2.348839999999999691e+03,2.642230220558480953e-03
2.349360000000000127e+03,2.638428174588462131e-03
2.349880000000000109e+03,2.634646227568462808e-03
2.350400000000000091e+03,2.630864127568461990e-03
2.350920000000000073e+03,2.627081988568462194e-03
2.351440000000000055e+03,2.623300014928442447e-03
2.351960000000000036e+03,2.619537986908442896e-03
2.352480000000000018e+03,2.615775110818442835e-03
2.353000000000000000e+03,2.612032171818443396e-03
2.353519999999999982e+03,2.608289425848424846e-03
2.354039999999999964e+03,2.604546525848424818e-03
2.354559999999999945e+03,2.600823186848424690e-03
2.355079999999999927e+03,2.597080939828424161e-03
2.355599999999999909e+03,2.593357793858404921e-03
2.356119999999999891e+03,2.589654066188404845e-03
2.356639999999999873e+03,2.585950270098405068e-03
2.357159999999999854e+03,2.582247070098404700e-03
2.357679999999999836e+03,2.578543177108386097e-03
2.358199999999999818e+03,2.574859577108386342e-03
2.358720000000000255e+03,2.571175438108385704e-03
2.359240000000000236e+03,2.567510938108385956e-03
2.359760000000000218e+03,2.563827838108386371e-03
2.360279999999999745e+03,2.560162606118366376e-03
2.360800000000000182e+03,2.556518206118366977e-03
2.361320000000000164e+03,2.552873721358366911e-03
2.361840000000000146e+03,2.549229321358366645e-03
2.362359999999999673e+03,2.545584536388347842e-03
2.362880000000000109e+03,2.541958889368348042e-03
2.363400000000000091e+03,2.538334089368347955e-03
2.363920000000000073e+03,2.534709289368348301e-03
2.364440000000000055e+03,2.531103704398328554e-03
2.364960000000000036e+03,2.527498504398329078e-03
2.365480000000000018e+03,2.523892957378328760e-03
2.366000000000000000e+03,2.520306733618328781e-03
2.366519999999999982e+03,2.516720787648309924e-03
2.367039999999999964e+03,2.513135187648310193e-03
2.367559999999999945e+03,2.509550087648309766e-03
2.368079999999999927e+03,2.505983701628309961e-03
2.368600000000000364e+03,2.502417355658290848e-03
2.369119999999999891e+03,2.498870955658290607e-03
2.369639999999999873e+03,2.495304955658290622e-03
2.370159999999999854e+03,2.491758487588290657e-03
2.370680000000000291e+03,2.488230938908271572e-03
2.371199999999999818e+03,2.484685038908271502e-03
2.371719999999999800e+03,2.481177299908271169e-03
2.372239999999999782e+03,2.477650499908271974e-03
2.372760000000000218e+03,2.474124199908271649e-03
2.373280000000000200e+03,2.470616306918252663e-03
2.373800000000000182e+03,2.467128667918252680e-03
2.374319999999999709e+03,2.463622467918252703e-03
2.374840000000000146e+03,2.460134838848252684e-03
2.375360000000000127e+03,2.456646837188233498e-03
2.375880000000000109e+03,2.453177951168233548e-03
2.376399999999999636e+03,2.449690851168233579e-03
2.376920000000000073e+03,2.446223351168233355e-03
2.377440000000000055e+03,2.442774605198215314e-03
2.377960000000000036e+03,2.439326166198214820e-03
2.378480000000000018e+03,2.435877419178215497e-03
2.379000000000000000e+03,2.432429519178215017e-03
2.379519999999999982e+03,2.428981205138195688e-03
2.380039999999999964e+03,2.425552377118196136e-03
2.380559999999999945e+03,2.422124049448196297e-03
2.381079999999999927e+03,2.418714849448196005e-03
2.381599999999999909e+03,2.415305417458177371e-03
2.382119999999999891e+03,2.411877117458177070e-03
2.382640000000000327e+03,2.408487517458176956e-03
2.383159999999999854e+03,2.405078817458177268e-03
2.383679999999999836e+03,2.401708749388177175e-03
2.384199999999999818e+03,2.398318956398157696e-03
2.384720000000000255e+03,2.394929828378157804e-03
2.385239999999999782e+03,2.391560300708157200e-03
2.385759999999999764e+03,2.388190761708157157e-03
2.386279999999999745e+03,2.384840015738138273e-03
2.386800000000000182e+03,2.381470668718138270e-03
2.387320000000000164e+03,2.378120229718138669e-03
2.387840000000000146e+03,2.374789929718138393e-03
2.388360000000000127e+03,2.371439654678119367e-03
2.388880000000000109e+03,2.368108854678119355e-03
2.389400000000000091e+03,2.364778140638119745e-03
2.389920000000000073e+03,2.361467440638119648e-03
2.390440000000000055e+03,2.358137112968119401e-03
2.390960000000000036e+03,2.354826066998101045e-03
2.391480000000000018e+03,2.351515827998100841e-03
2.392000000000000000e+03,2.348223880978100777e-03
2.392519999999999982e+03,2.344932780978100859e-03
2.393039999999999964e+03,2.341641805938082105e-03
2.393559999999999945e+03,2.338350666938082342e-03
2.394079999999999927e+03,2.335079138918081786e-03
2.394599999999999909e+03,2.331807638918081613e-03
2.395119999999999891e+03,2.328536265278062511e-03
2.395639999999999873e+03,2.325284326278062672e-03
2.396160000000000309e+03,2.322012826278062499e-03
2.396680000000000291e+03,2.318780526278062682e-03
2.397199999999999818e+03,2.315528626278062253e-03
2.397719999999999800e+03,2.312296412238043757e-03
2.398240000000000236e+03,2.309064112238043507e-03
2.398760000000000218e+03,2.305831784218044175e-03
2.399279999999999745e+03,2.302599945218043384e-03
2.399799999999999727e+03,2.299386899248024620e-03
2.400320000000000164e+03,2.296174671578024313e-03
2.400840000000000146e+03,2.292962471578024412e-03
2.401360000000000127e+03,2.289769332578024674e-03
2.401880000000000109e+03,2.286576386608005825e-03
2.402400000000000091e+03,2.283383257538006052e-03
2.402920000000000073e+03,2.280191157538006066e-03
2.403440000000000055e+03,2.277017618538005640e-03
2.403960000000000036e+03,2.273844090518005543e-03
2.404480000000000018e+03,2.270670744547986439e-03
2.405000000000000000e+03,2.267516844547986903e-03
2.405519999999999982e+03,2.264344277877986845e-03
2.406039999999999964e+03,2.261190877877986612e-03
2.406559999999999945e+03,2.258056231907967695e-03
2.407079999999999927e+03,2.254903302837967319e-03
2.407599999999999909e+03,2.251768963837968117e-03
2.408119999999999891e+03,2.248635163837967629e-03
2.408639999999999873e+03,2.245520935817967804e-03
2.409159999999999854e+03,2.242386789847949057e-03
2.409679999999999836e+03,2.239272550847948469e-03
2.410200000000000273e+03,2.236158350847948593e-03
2.410720000000000255e+03,2.233063723177948923e-03
2.411239999999999782e+03,2.229949177207929921e-03
2.411759999999999764e+03,2.226873609137929640e-03
2.412280000000000200e+03,2.223779009137929943e-03
2.412800000000000182e+03,2.220684909137929548e-03
2.413319999999999709e+03,2.217609563167910469e-03
2.413839999999999691e+03,2.214534496147910290e-03
2.414360000000000127e+03,2.211459996147910074e-03
2.414880000000000109e+03,2.208404596147910300e-03
2.415400000000000091e+03,2.205349168477910553e-03
2.415920000000000073e+03,2.202293383507891809e-03
2.416440000000000055e+03,2.199238483507891771e-03
2.416960000000000036e+03,2.196202654437891429e-03
2.417480000000000018e+03,2.193166854437891399e-03
2.418000000000000000e+03,2.190131169467872570e-03
2.418519999999999982e+03,2.187095841447872762e-03
2.419039999999999964e+03,2.184060541447872903e-03
2.419559999999999945e+03,2.181044341447872618e-03
2.420079999999999927e+03,2.178028102447872923e-03
2.420599999999999909e+03,2.175031628807853890e-03
2.421119999999999891e+03,2.172035028807853350e-03
2.421639999999999873e+03,2.169038399737853364e-03
2.422159999999999854e+03,2.166042260737853151e-03
2.422679999999999836e+03,2.163045814767834522e-03
2.423199999999999818e+03,2.160069314767834765e-03
2.423720000000000255e+03,2.157092786747834626e-03
2.424240000000000236e+03,2.154115747747834854e-03
2.424760000000000218e+03,2.151139747747834400e-03
2.425279999999999745e+03,2.148182001777814657e-03
2.425800000000000182e+03,2.145225074107815107e-03
2.426320000000000164e+03,2.142268106037815804e-03
2.426840000000000146e+03,2.139311206037815792e-03
2.427359999999999673e+03,2.136373560067796832e-03
2.427880000000000109e+03,2.133436260067796564e-03
2.428400000000000091e+03,2.130498893047796938e-03
2.428920000000000073e+03,2.127562093047796841e-03
2.429440000000000055e+03,2.124644393047797186e-03
2.429960000000000036e+03,2.121726347077777537e-03
2.430480000000000018e+03,2.118808608077777603e-03
2.431000000000000000e+03,2.115891408077777685e-03
2.431519999999999982e+03,2.112992779007777724e-03
2.432039999999999964e+03,2.110094679007777380e-03
2.432559999999999945e+03,2.107196694037759103e-03
2.433079999999999927e+03,2.104298594037758326e-03
2.433600000000000364e+03,2.101420566017758382e-03
2.434119999999999891e+03,2.098542066017758650e-03
2.434639999999999873e+03,2.095663681047739684e-03
2.435159999999999854e+03,2.092785181047739085e-03
2.435680000000000291e+03,2.089926281047739531e-03
2.436199999999999818e+03,2.087048251977739223e-03
2.436719999999999800e+03,2.084189812977739129e-03
2.437239999999999782e+03,2.081350167007720627e-03
2.437760000000000218e+03,2.078491767007720377e-03
2.438280000000000200e+03,2.075652967007719871e-03
2.438800000000000182e+03,2.072813599987720704e-03
2.439319999999999709e+03,2.069974454017701505e-03
2.439840000000000146e+03,2.067154754017701442e-03
2.440360000000000127e+03,2.064316454017701974e-03
2.440880000000000109e+03,2.061496715017702066e-03
2.441399999999999636e+03,2.058697085947701604e-03
2.441920000000000073e+03,2.055877539977682151e-03
2.442440000000000055e+03,2.053077939977682436e-03
2.442960000000000036e+03,2.050278300977682443e-03
2.443480000000000018e+03,2.047478700977682729e-03
2.444000000000000000e+03,2.044679072957682631e-03
2.444519999999999982e+03,2.041898726987663969e-03
2.445039999999999964e+03,2.039099087987663542e-03
2.445559999999999945e+03,2.036338687987663751e-03
2.446079999999999927e+03,2.033558658917663901e-03
2.446599999999999909e+03,2.030797912947644550e-03
2.447119999999999891e+03,2.028018412947644750e-03
2.447640000000000327e+03,2.025258473947644418e-03
2.448159999999999854e+03,2.022498073947644193e-03
2.448679999999999836e+03,2.019757273947644580e-03
2.449199999999999818e+03,2.017016099957625458e-03
2.449720000000000255e+03,2.014275260957625567e-03
2.450239999999999782e+03,2.011534960957625257e-03
2.450759999999999764e+03,2.008794660957625381e-03
2.451279999999999745e+03,2.006073431887625200e-03
2.451800000000000182e+03,2.003351846917606795e-03
2.452320000000000164e+03,2.000631146917606663e-03
2.452840000000000146e+03,1.997909946917606795e-03
2.453360000000000127e+03,1.995189746917606401e-03
2.453880000000000109e+03,1.992487761947587740e-03
2.454400000000000091e+03,1.989786633927587405e-03
2.454920000000000073e+03,1.987085033927587716e-03
2.455440000000000055e+03,1.984403033927587771e-03
2.455960000000000036e+03,1.981702394927587711e-03
2.456480000000000018e+03,1.979020019887568326e-03
2.457000000000000000e+03,1.976338519887568552e-03
2.457519999999999982e+03,1.973657519887568948e-03
2.458039999999999964e+03,1.970995080887568470e-03
2.458559999999999945e+03,1.968333180887568007e-03
2.459079999999999927e+03,1.965651834917549710e-03
2.459599999999999909e+03,1.963009034917549689e-03
2.460119999999999891e+03,1.960347634917549830e-03
2.460639999999999873e+03,1.957704795917549097e-03
2.461160000000000309e+03,1.955043366847549792e-03
2.461680000000000291e+03,1.952400720877530815e-03
2.462199999999999818e+03,1.949758920877530267e-03
2.462719999999999800e+03,1.947136181877530750e-03
2.463240000000000236e+03,1.944512981877530257e-03
2.463760000000000218e+03,1.941890435907511845e-03
2.464279999999999745e+03,1.939267735907511522e-03
2.464799999999999727e+03,1.936645496907511742e-03
2.465320000000000164e+03,1.934042896907511551e-03
2.465840000000000146e+03,1.931420696907511616e-03
2.466360000000000127e+03,1.928817221867492899e-03
2.466880000000000109e+03,1.926233682867492655e-03
2.467400000000000091e+03,1.923631082867492681e-03
2.467920000000000073e+03,1.921047582867492715e-03
2.468440000000000055e+03,1.918464582867492703e-03
2.468960000000000036e+03,1.915880736897473393e-03
2.469480000000000018e+03,1.913297697897473103e-03
2.470000000000000000e+03,1.910733797897473749e-03
2.470519999999999982e+03,1.908151297897473691e-03
2.471039999999999964e+03,1.905587397897473469e-03
2.471559999999999945e+03,1.903024083857454305e-03
2.472079999999999927e+03,1.900460683857454255e-03
2.472599999999999909e+03,1.897916383857454212e-03
2.473119999999999891e+03,1.895372583857454557e-03
2.473639999999999873e+03,1.892828744857454407e-03
2.474159999999999854e+03,1.890284598887435408e-03
2.474679999999999836e+03,1.887741298887435490e-03
2.475200000000000273e+03,1.885216598887434975e-03
2.475720000000000255e+03,1.882692398887435281e-03
2.476239999999999782e+03,1.880167813917416400e-03
2.476759999999999764e+03,1.877644084847416347e-03
2.477280000000000200e+03,1.875119884847416436e-03
2.477800000000000182e+03,1.872615284847416054e-03
2.478319999999999709e+03,1.870110645847416911e-03
2.478839999999999691e+03,1.867606199877397356e-03
2.479360000000000127e+03,1.865102099877397361e-03
2.479880000000000109e+03,1.862597999877397149e-03
2.480400000000000091e+03,1.860112960877397317e-03
2.480920000000000073e+03,1.857627960877397330e-03
2.481440000000000055e+03,1.855143114907378604e-03
2.481960000000000036e+03,1.852658085837378737e-03
2.482480000000000018e+03,1.850193185837378665e-03
2.483000000000000000e+03,1.847708646837378788e-03
2.483519999999999982e+03,1.845243746837378716e-03
2.484039999999999964e+03,1.842778000867359347e-03
2.484559999999999945e+03,1.840332200867359500e-03
2.485079999999999927e+03,1.837867261867359367e-03
2.485599999999999909e+03,1.835421961867359690e-03
2.486119999999999891e+03,1.832957561867359789e-03
2.486639999999999873e+03,1.830511915897340769e-03
2.487159999999999854e+03,1.828085676897340389e-03
2.487679999999999836e+03,1.825640876897340883e-03
2.488199999999999818e+03,1.823214676897340347e-03
2.488720000000000255e+03,1.820789476897340369e-03
2.489240000000000236e+03,1.818363430927321745e-03
2.489760000000000218e+03,1.815937691927321318e-03
2.490279999999999745e+03,1.813531091927321178e-03
2.490800000000000182e+03,1.811106391927321370e-03
2.491320000000000164e+03,1.808700291927321834e-03
2.491840000000000146e+03,1.806293806957302243e-03
2.492359999999999673e+03,1.803888206957302443e-03
2.492880000000000109e+03,1.801501206957302481e-03
2.493400000000000091e+03,1.799095606957302248e-03
2.493920000000000073e+03,1.796709567957302349e-03
2.494440000000000055e+03,1.794322721987283865e-03
2.494960000000000036e+03,1.791936721987283593e-03
2.495480000000000018e+03,1.789569821987283763e-03
2.496000000000000000e+03,1.787202921987283933e-03
2.496519999999999982e+03,1.784817382987283554e-03
2.497039999999999964e+03,1.782450137017264381e-03
2.497559999999999945e+03,1.780083737017264505e-03
2.498079999999999927e+03,1.777736937017264591e-03
2.498600000000000364e+03,1.775370498017264220e-03
2.499119999999999891e+03,1.773023198017264351e-03
2.499639999999999873e+03,1.770676052047245310e-03
2.500159999999999854e+03,1.768329252047245613e-03
2.500680000000000291e+03,1.765982952047245652e-03
2.501199999999999818e+03,1.763655213047245684e-03
2.501719999999999800e+03,1.761328013047245298e-03
2.502239999999999782e+03,1.759000467077226218e-03
2.502760000000000218e+03,1.756673267077226482e-03
2.503280000000000200e+03,1.754346028077226251e-03
2.503800000000000182e+03,1.752019328077226035e-03
2.504319999999999709e+03,1.749711728077226261e-03
2.504840000000000146e+03,1.747403782107207360e-03
2.505360000000000127e+03,1.745096182107207369e-03
2.505880000000000109e+03,1.742789043107207487e-03
2.506399999999999636e+03,1.740481943107207666e-03
2.506920000000000073e+03,1.738193943107207637e-03
2.507440000000000055e+03,1.735905597137188481e-03
2.507960000000000036e+03,1.733617558137188607e-03
2.508480000000000018e+03,1.731329558137188578e-03
2.509000000000000000e+03,1.729042558137188022e-03
2.509519999999999982e+03,1.726755058137188596e-03
2.510039999999999964e+03,1.724486312167169619e-03
2.510559999999999945e+03,1.722217873167169273e-03
2.511079999999999927e+03,1.719949973167169376e-03
2.511599999999999909e+03,1.717682073167169261e-03
2.512119999999999891e+03,1.715414173167169581e-03
2.512640000000000327e+03,1.713165488197150241e-03
2.513159999999999854e+03,1.710916688197150351e-03
2.513679999999999836e+03,1.708668388197150199e-03
2.514199999999999818e+03,1.706420588197150000e-03
2.514720000000000255e+03,1.704172288197150281e-03
2.515239999999999782e+03,1.701923603227131158e-03
2.515759999999999764e+03,1.699694903227131400e-03
2.516279999999999745e+03,1.697466203227131426e-03
2.516800000000000182e+03,1.695237503227131235e-03
2.517320000000000164e+03,1.693008764227131417e-03
2.517840000000000146e+03,1.690799318257112495e-03
2.518360000000000127e+03,1.688571118257112475e-03
2.518880000000000109e+03,1.686362018257112462e-03
2.519400000000000091e+03,1.684152918257112667e-03
2.519920000000000073e+03,1.681944279257112330e-03
2.520440000000000055e+03,1.679735179257112318e-03
2.520960000000000036e+03,1.677545679257112267e-03
2.521480000000000018e+03,1.675337079257112642e-03
2.522000000000000000e+03,1.673147579257112591e-03
2.522519999999999982e+03,1.670958540257112650e-03
2.523039999999999964e+03,1.668769540257112553e-03
2.523559999999999945e+03,1.666580540257112455e-03
2.524079999999999927e+03,1.664410640257112583e-03
2.524599999999999909e+03,1.662240701257112433e-03
2.525119999999999891e+03,1.660071301257112298e-03
2.525639999999999873e+03,1.657901901257112596e-03
2.526160000000000309e+03,1.655732501257112677e-03
2.526680000000000291e+03,1.653563101257112325e-03
2.527199999999999818e+03,1.651413262257112524e-03
2.527719999999999800e+03,1.649243862257112605e-03
2.528240000000000236e+03,1.647094062257112431e-03
2.528760000000000218e+03,1.644944262257112691e-03
2.529279999999999745e+03,1.642794923257112627e-03
2.529799999999999727e+03,1.640664223257112244e-03
2.530320000000000164e+03,1.638514923257112675e-03
2.530840000000000146e+03,1.636384723257112463e-03
2.531360000000000127e+03,1.634254523257112684e-03
2.531880000000000109e+03,1.632124284257112411e-03
2.532400000000000091e+03,1.629994584257112586e-03
2.532920000000000073e+03,1.627864384257112374e-03
2.533440000000000055e+03,1.625753784257112557e-03
2.533960000000000036e+03,1.623643184257112524e-03
2.534480000000000018e+03,1.621533045257112600e-03
2.535000000000000000e+03,1.619422445257112349e-03
2.535519999999999982e+03,1.617312345257112486e-03
2.536039999999999964e+03,1.615221345257112414e-03
2.536559999999999945e+03,1.613111706257112444e-03
2.537079999999999927e+03,1.611020706257112372e-03
2.537599999999999909e+03,1.608930206257112470e-03
2.538119999999999891e+03,1.606839206257112398e-03
2.538639999999999873e+03,1.604748706257112280e-03
2.539159999999999854e+03,1.602677767257112496e-03
2.539679999999999836e+03,1.600587267257112161e-03
2.540200000000000273e+03,1.598516367257111787e-03
2.540720000000000255e+03,1.596445467257111414e-03
2.541239999999999782e+03,1.594374567257111691e-03
2.541759999999999764e+03,1.592303628257111690e-03
2.542280000000000200e+03,1.590233228257111921e-03
2.542800000000000182e+03,1.588181428257111772e-03
2.543319999999999709e+03,1.586130128257112011e-03
2.543839999999999691e+03,1.584059728257112025e-03
2.544360000000000127e+03,1.582008889257111939e-03
2.544880000000000109e+03,1.579957589257111744e-03
2.545400000000000091e+03,1.577925389257111774e-03
2.545920000000000073e+03,1.575894189257111711e-03
2.546440000000000055e+03,1.573843350257111843e-03
2.546960000000000036e+03,1.571811650257111826e-03
2.547480000000000018e+03,1.569779950257111810e-03
2.548000000000000000e+03,1.567748750257111747e-03
2.548519999999999982e+03,1.565736650257111692e-03
2.549039999999999964e+03,1.563705411257111785e-03
2.549559999999999945e+03,1.561693311257111730e-03
2.550079999999999927e+03,1.559662611257111838e-03
2.550599999999999909e+03,1.557650511257111783e-03
2.551119999999999891e+03,1.555638911257111682e-03
2.551639999999999873e+03,1.553646372257111745e-03
2.552159999999999854e+03,1.551635272257111597e-03
2.552679999999999836e+03,1.549642772257111721e-03
2.553199999999999818e+03,1.547631172257111620e-03
2.553720000000000255e+03,1.545639172257111697e-03
2.554240000000000236e+03,1.543666233257111504e-03
2.554760000000000218e+03,1.541674733257111752e-03
2.555279999999999745e+03,1.539682733257111830e-03
2.555800000000000182e+03,1.537710333257111652e-03
2.556320000000000164e+03,1.535718794257112055e-03
2.556840000000000146e+03,1.533746394257111661e-03
2.557359999999999673e+03,1.531773994257111700e-03
2.557880000000000109e+03,1.529801594257111522e-03
2.558400000000000091e+03,1.527829694257111948e-03
2.558920000000000073e+03,1.525876855257111888e-03
2.559440000000000055e+03,1.523924055257112106e-03
2.559960000000000036e+03,1.521952155257111881e-03
2.560480000000000018e+03,1.519999355257111882e-03
2.561000000000000000e+03,1.518047055257111836e-03
2.561519999999999982e+03,1.516113816257111955e-03
2.562039999999999964e+03,1.514161516257111909e-03
2.562559999999999491e+03,1.512209216257111863e-03
2.563079999999999927e+03,1.510276016257111826e-03
2.563600000000000364e+03,1.508343316257111742e-03
2.564119999999999891e+03,1.506410577257111813e-03
2.564639999999999873e+03,1.504477877257111729e-03
2.565160000000000309e+03,1.502545177257111645e-03
2.565679999999999836e+03,1.500631577257111786e-03
2.566199999999999818e+03,1.498699377257111873e-03
2.566720000000000255e+03,1.496785738257111736e-03
2.567239999999999782e+03,1.494872638257111613e-03
2.567760000000000218e+03,1.492959538257111708e-03
2.568279999999999745e+03,1.491046438257111802e-03
2.568800000000000182e+03,1.489133838257111634e-03
2.569320000000000164e+03,1.487239799257111675e-03
2.569839999999999691e+03,1.485346299257111731e-03
2.570360000000000127e+03,1.483433699257111779e-03
2.570880000000000109e+03,1.481540699257111572e-03
2.571399999999999636e+03,1.479647199257111629e-03
2.571920000000000073e+03,1.477773260257112019e-03
2.572440000000000509e+03,1.475880260257111812e-03
2.572960000000000036e+03,1.473986760257111651e-03
2.573480000000000018e+03,1.472112860257111886e-03
2.574000000000000000e+03,1.470239421257112013e-03
2.574519999999999982e+03,1.468365521257112031e-03
2.575039999999999964e+03,1.466492121257111569e-03
2.575559999999999945e+03,1.464618721257111974e-03
2.576079999999999927e+03,1.462745321257111946e-03
2.576600000000000364e+03,1.460890982257111864e-03
2.577119999999999891e+03,1.459037182257111580e-03
2.577640000000000327e+03,1.457182882257111777e-03
2.578159999999999854e+03,1.455329082257111927e-03
2.578679999999999836e+03,1.453456182257111852e-03
2.579200000000000273e+03,1.451621943257111903e-03
2.579719999999999800e+03,1.449768143257111619e-03
2.580239999999999782e+03,1.447933443257111994e-03
2.580760000000000218e+03,1.446080143257111664e-03
2.581279999999999745e+03,1.444245943257111775e-03
2.581800000000000182e+03,1.442411704257111609e-03
2.582320000000000164e+03,1.440577504257111721e-03
2.582840000000000146e+03,1.438743804257111786e-03
2.583360000000000127e+03,1.436928704257111689e-03
2.583879999999999654e+03,1.435095004257111754e-03
2.584400000000000091e+03,1.433280365257111550e-03
2.584920000000000073e+03,1.431465765257111840e-03
2.585439999999999600e+03,1.429651165257111696e-03
2.585960000000000036e+03,1.427837065257111506e-03
2.586480000000000473e+03,1.426022965257111750e-03
2.587000000000000000e+03,1.424208826257111933e-03
2.587519999999999982e+03,1.422413826257111751e-03
2.588039999999999964e+03,1.420618826257111786e-03
2.588559999999999945e+03,1.418805226257111984e-03
2.589079999999999927e+03,1.417010226257111802e-03
2.589599999999999909e+03,1.415215687257111946e-03
2.590119999999999891e+03,1.413440287257111943e-03
2.590640000000000327e+03,1.411645787257111932e-03
2.591159999999999854e+03,1.409851287257111920e-03
2.591680000000000291e+03,1.408076387257112087e-03
2.592200000000000273e+03,1.406300948257111806e-03
2.592719999999999800e+03,1.404506948257111748e-03
2.593240000000000236e+03,1.402732048257111916e-03
2.593759999999999764e+03,1.400976748257111828e-03
2.594279999999999745e+03,1.399201848257111995e-03
2.594800000000000182e+03,1.397427409257111838e-03
2.595319999999999709e+03,1.395671609257111796e-03
2.595840000000000146e+03,1.393916309257111708e-03
2.596360000000000127e+03,1.392161009257111837e-03
2.596880000000000109e+03,1.390405709257111749e-03
2.597400000000000091e+03,1.388650909257111614e-03
2.597919999999999618e+03,1.386896070257111636e-03
2.598440000000000055e+03,1.385141270257111501e-03
2.598960000000000036e+03,1.383405070257111855e-03
2.599479999999999563e+03,1.381650770257111674e-03
