z_mm__Bz_on_axis,Total_potential_T__Bz_on_axis
-2.599479999999999563e+03,1.182593677813446225e-03
-2.598960000000000036e+03,1.184103402049213735e-03
-2.598440000000000055e+03,1.185631856139213267e-03
-2.597919999999999618e+03,1.187141580374980777e-03
-2.597400000000000091e+03,1.188670377990748471e-03
-2.596880000000000109e+03,1.190199174206515607e-03
-2.596360000000000127e+03,1.191727999842283033e-03
-2.595840000000000146e+03,1.193275513532282821e-03
-2.595319999999999709e+03,1.194804310098050368e-03
-2.594800000000000182e+03,1.196333135383817817e-03
-2.594279999999999745e+03,1.197881031949585371e-03
-2.593759999999999764e+03,1.199428613709585100e-03
-2.593240000000000236e+03,1.200976510275352654e-03
-2.592719999999999800e+03,1.202505335561120320e-03
-2.592200000000000273e+03,1.204053232126887658e-03
-2.591680000000000291e+03,1.205620189342654965e-03
-2.591159999999999854e+03,1.207167743432654939e-03
-2.590640000000000327e+03,1.208715667668422249e-03
-2.590119999999999891e+03,1.210282665284189742e-03
-2.589599999999999909e+03,1.211849689519957276e-03
-2.589079999999999927e+03,1.213416687135724769e-03
-2.588559999999999945e+03,1.214983367845724792e-03
-2.588039999999999964e+03,1.216550336391491972e-03
-2.587519999999999982e+03,1.218117362027259631e-03
-2.587000000000000000e+03,1.219684319243026938e-03
-2.586480000000000473e+03,1.221270444878794171e-03
-2.585960000000000036e+03,1.222837097568794246e-03
-2.585439999999999600e+03,1.224423223204561479e-03
-2.584920000000000073e+03,1.226009319420328855e-03
-2.584400000000000091e+03,1.227595387966096477e-03
-2.583879999999999654e+03,1.229181541271863682e-03
-2.583360000000000127e+03,1.230767266291863575e-03
-2.582840000000000146e+03,1.232353419597631214e-03
-2.582320000000000164e+03,1.233958588143398410e-03
-2.581800000000000182e+03,1.235544702449166204e-03
-2.581279999999999745e+03,1.237149870994933834e-03
-2.580760000000000218e+03,1.238754780774933536e-03
-2.580239999999999782e+03,1.240359949320700948e-03
-2.579719999999999800e+03,1.241965173556468282e-03
-2.579200000000000273e+03,1.243570371172235791e-03
-2.578679999999999836e+03,1.245194695408003132e-03
-2.578159999999999854e+03,1.246799549498003130e-03
-2.577640000000000327e+03,1.248423873733770255e-03
-2.577119999999999891e+03,1.250029071349537764e-03
-2.576600000000000364e+03,1.251653367565305156e-03
-2.576079999999999927e+03,1.253277693201072622e-03
-2.575559999999999945e+03,1.254921089416839806e-03
-2.575039999999999964e+03,1.256545042456839881e-03
-2.574519999999999982e+03,1.258169328742607526e-03
-2.574000000000000000e+03,1.259812725308374686e-03
-2.573480000000000018e+03,1.261437050594141959e-03
-2.572960000000000036e+03,1.263080447159909770e-03
-2.572440000000000509e+03,1.264723528919909756e-03
-2.571920000000000073e+03,1.266366925485677133e-03
-2.571399999999999636e+03,1.268010350771444630e-03
-2.570880000000000109e+03,1.269653747337211574e-03
-2.570360000000000127e+03,1.271316243552979199e-03
-2.569839999999999691e+03,1.272959669188746890e-03
-2.569320000000000164e+03,1.274621821878746787e-03
-2.568800000000000182e+03,1.276284694534514028e-03
-2.568279999999999745e+03,1.277947190750281436e-03
-2.567760000000000218e+03,1.279609716386048701e-03
-2.567239999999999782e+03,1.281272212601816110e-03
-2.566720000000000255e+03,1.282953810217583434e-03
-2.566199999999999818e+03,1.284615990927583714e-03
-2.565679999999999836e+03,1.286297588543350821e-03
-2.565160000000000309e+03,1.287979212779118187e-03
-2.564639999999999873e+03,1.289660781324885848e-03
-2.564119999999999891e+03,1.291342434630653527e-03
-2.563600000000000364e+03,1.293024003176420755e-03
-2.563079999999999927e+03,1.294705312956420705e-03
-2.562559999999999491e+03,1.296386881502188150e-03
-2.562039999999999964e+03,1.298087634807955620e-03
-2.561519999999999982e+03,1.299788303353723072e-03
-2.561000000000000000e+03,1.301489056659490108e-03
-2.560480000000000018e+03,1.303189725205257778e-03
-2.559960000000000036e+03,1.304890134985257953e-03
-2.559440000000000055e+03,1.306591150551025165e-03
-2.558920000000000073e+03,1.308291874786792755e-03
-2.558400000000000091e+03,1.310011672402560095e-03
-2.557880000000000109e+03,1.311731496638327476e-03
-2.557359999999999673e+03,1.313432194254094808e-03
-2.556840000000000146e+03,1.315151674964095112e-03
-2.556320000000000164e+03,1.316871500249861774e-03
-2.555800000000000182e+03,1.318610396815629408e-03
-2.555279999999999745e+03,1.320330222101397154e-03
-2.554760000000000218e+03,1.322069118667164355e-03
-2.554240000000000236e+03,1.323788943952931450e-03
-2.553720000000000255e+03,1.325527840518699301e-03
-2.553199999999999818e+03,1.327266422278698893e-03
-2.552679999999999836e+03,1.329005665864466503e-03
-2.552159999999999854e+03,1.330744591150234040e-03
-2.551639999999999873e+03,1.332502587716001248e-03
-2.551119999999999891e+03,1.334241483931768689e-03
-2.550599999999999909e+03,1.335999509567535994e-03
-2.550079999999999927e+03,1.337738405783303434e-03
-2.549559999999999945e+03,1.339496087893303662e-03
-2.549039999999999964e+03,1.341254084109070894e-03
-2.548519999999999982e+03,1.343031209744838424e-03
-2.548000000000000000e+03,1.344789205960605439e-03
-2.547480000000000018e+03,1.346566331596373185e-03
-2.546960000000000036e+03,1.348324674832140392e-03
-2.546440000000000055e+03,1.350101800467907922e-03
-2.545920000000000073e+03,1.351878592157907929e-03
-2.545400000000000091e+03,1.353655717793675458e-03
-2.544880000000000109e+03,1.355429314009443239e-03
-2.544360000000000127e+03,1.357212067315210265e-03
-2.543839999999999691e+03,1.358975635860977483e-03
-2.543319999999999709e+03,1.360758360096745280e-03
-2.542800000000000182e+03,1.362521457712512641e-03
-2.542280000000000200e+03,1.364303838422512710e-03
-2.541759999999999764e+03,1.366086883058279574e-03
-2.541239999999999782e+03,1.367869607294047371e-03
-2.540720000000000255e+03,1.369670904909814531e-03
-2.540200000000000273e+03,1.371472729145582119e-03
-2.539679999999999836e+03,1.373254926761349488e-03
-2.539159999999999854e+03,1.375056750997116859e-03
-2.538639999999999873e+03,1.376858087612884297e-03
-2.538119999999999891e+03,1.378659568322884374e-03
-2.537599999999999909e+03,1.380460865938651751e-03
-2.537079999999999927e+03,1.382282137194419322e-03
-2.536559999999999945e+03,1.384083462480186454e-03
-2.536039999999999964e+03,1.385904359045954078e-03
-2.535519999999999982e+03,1.387724784331721434e-03
-2.535000000000000000e+03,1.389545680897488408e-03
-2.534480000000000018e+03,1.391366106183255982e-03
-2.533960000000000036e+03,1.393186502749023219e-03
-2.533440000000000055e+03,1.395026223509023087e-03
-2.532920000000000073e+03,1.396846967094790950e-03
-2.532400000000000091e+03,1.398686492380558097e-03
-2.531880000000000109e+03,1.400525988946325559e-03
-2.531360000000000127e+03,1.402365514232093140e-03
-2.530840000000000146e+03,1.404205510797860773e-03
-2.530320000000000164e+03,1.406045036083627920e-03
-2.529799999999999727e+03,1.407903660319395145e-03
-2.529279999999999745e+03,1.409762267865162511e-03
-2.528760000000000218e+03,1.411620924665162730e-03
-2.528240000000000236e+03,1.413460393210930243e-03
-2.527719999999999800e+03,1.415338146516697572e-03
-2.527199999999999818e+03,1.417196715062465093e-03
-2.526680000000000291e+03,1.419055368368232197e-03
-2.526160000000000309e+03,1.420933036913999727e-03
-2.525639999999999873e+03,1.422810829219767334e-03
-2.525119999999999891e+03,1.424669772805534562e-03
-2.524599999999999909e+03,1.426566598091301950e-03
-2.524079999999999927e+03,1.428443978801301889e-03
-2.523559999999999945e+03,1.430321676417069081e-03
-2.523039999999999964e+03,1.432218500652836755e-03
-2.522519999999999982e+03,1.434095698268604210e-03
-2.522000000000000000e+03,1.435992561504371512e-03
-2.521480000000000018e+03,1.437889706140138904e-03
-2.520960000000000036e+03,1.439786530375906579e-03
-2.520440000000000055e+03,1.441682827991673825e-03
-2.519920000000000073e+03,1.443598752227441290e-03
-2.519400000000000091e+03,1.445514677513208904e-03
-2.518880000000000109e+03,1.447430113078976071e-03
-2.518360000000000127e+03,1.449346041858976149e-03
-2.517840000000000146e+03,1.451261438424743472e-03
-2.517320000000000164e+03,1.453177363710510869e-03
-2.516800000000000182e+03,1.455092760276278192e-03
-2.516279999999999745e+03,1.457027824562045657e-03
-2.515759999999999764e+03,1.458962321127812772e-03
-2.515239999999999782e+03,1.460878621453580309e-03
-2.514720000000000255e+03,1.462813117669347664e-03
-2.514199999999999818e+03,1.464748143305115045e-03
-2.513679999999999836e+03,1.466701778520882469e-03
-2.513159999999999854e+03,1.468636804156649850e-03
-2.512640000000000327e+03,1.470590400372417212e-03
-2.512119999999999891e+03,1.472544029502417546e-03
-2.511599999999999909e+03,1.474497625718184908e-03
-2.511079999999999927e+03,1.476451818023952114e-03
-2.510559999999999945e+03,1.478424486569719512e-03
-2.510039999999999964e+03,1.480378139875486920e-03
-2.509519999999999982e+03,1.482350808421254752e-03
-2.509000000000000000e+03,1.484324408747021446e-03
-2.508480000000000018e+03,1.486297116292789339e-03
-2.507960000000000036e+03,1.488269869598556538e-03
-2.507440000000000055e+03,1.490242593834324074e-03
-2.506920000000000073e+03,1.492215291450091352e-03
-2.506399999999999636e+03,1.494207501705858716e-03
-2.505880000000000109e+03,1.496221299321626131e-03
-2.505360000000000127e+03,1.498213123557393459e-03
-2.504840000000000146e+03,1.500204577647393451e-03
-2.504319999999999709e+03,1.502196440883161056e-03
-2.503800000000000182e+03,1.504207713188928730e-03
-2.503280000000000200e+03,1.506199538824695965e-03
-2.502760000000000218e+03,1.508210435040463352e-03
-2.502239999999999782e+03,1.510220899676230485e-03
-2.501719999999999800e+03,1.512231823911997820e-03
-2.501199999999999818e+03,1.514243068547765523e-03
-2.500680000000000291e+03,1.516273092783532866e-03
-2.500159999999999854e+03,1.518302657069300248e-03
-2.499639999999999873e+03,1.520332653635067619e-03
-2.499119999999999891e+03,1.522362678920835110e-03
-2.498600000000000364e+03,1.524392522506602503e-03
-2.498079999999999927e+03,1.526422586792369621e-03
-2.497559999999999945e+03,1.528471683358137217e-03
-2.497039999999999964e+03,1.530501208643904754e-03
-2.496519999999999982e+03,1.532550332879672106e-03
-2.496000000000000000e+03,1.534599344535439230e-03
-2.495480000000000018e+03,1.536648097225439338e-03
-2.494960000000000036e+03,1.538715822861207085e-03
-2.494440000000000055e+03,1.540764958076974332e-03
-2.493920000000000073e+03,1.542833058402741592e-03
-2.493400000000000091e+03,1.544901226948508814e-03
-2.492880000000000109e+03,1.546968980254276533e-03
-2.492359999999999673e+03,1.549036687800043862e-03
-2.491840000000000146e+03,1.551124041105811542e-03
-2.491320000000000164e+03,1.553192084691578951e-03
-2.490800000000000182e+03,1.555278948977346139e-03
-2.490279999999999745e+03,1.557366302283113386e-03
-2.489760000000000218e+03,1.559453070828880879e-03
-2.489240000000000236e+03,1.561540310154648208e-03
-2.488720000000000255e+03,1.563646178700415709e-03
-2.488199999999999818e+03,1.565733032006183219e-03
-2.487679999999999836e+03,1.567838995241950702e-03
-2.487159999999999854e+03,1.569945739877717794e-03
-2.486639999999999873e+03,1.572051664113485216e-03
-2.486119999999999891e+03,1.574176700729253099e-03
-2.485599999999999909e+03,1.576282624965020087e-03
-2.485079999999999927e+03,1.578407997270787639e-03
-2.484559999999999945e+03,1.580533032836554507e-03
-2.484039999999999964e+03,1.582658058122322301e-03
-2.483519999999999982e+03,1.584782554688089371e-03
-2.483000000000000000e+03,1.586907994013857150e-03
-2.482480000000000018e+03,1.589052090229624205e-03
-2.481960000000000036e+03,1.591196215865391551e-03
-2.481440000000000055e+03,1.593340380151159414e-03
-2.480920000000000073e+03,1.595484823736926421e-03
-2.480400000000000091e+03,1.597628449022694052e-03
-2.479880000000000109e+03,1.599791712258461776e-03
-2.479360000000000127e+03,1.601935837894228904e-03
-2.478839999999999691e+03,1.604098881129996206e-03
-2.478319999999999709e+03,1.606261802239995675e-03
-2.477800000000000182e+03,1.608444098455763397e-03
-2.477280000000000200e+03,1.610606890761531046e-03
-2.476759999999999764e+03,1.612789506327298120e-03
-2.476239999999999782e+03,1.614952259633066142e-03
-2.475720000000000255e+03,1.617134624268832914e-03
-2.475200000000000273e+03,1.619316767504600874e-03
-2.474679999999999836e+03,1.621518220810367781e-03
-2.474159999999999854e+03,1.623700028356135422e-03
-2.473639999999999873e+03,1.625901481661903196e-03
-2.473119999999999891e+03,1.628102763897670575e-03
-2.472599999999999909e+03,1.630303689533437990e-03
-2.472079999999999927e+03,1.632505113769205018e-03
-2.471559999999999945e+03,1.634725150384972337e-03
-2.471039999999999964e+03,1.636926421640740471e-03
-2.470519999999999982e+03,1.639146985926507281e-03
-2.470000000000000000e+03,1.641367011562274705e-03
-2.469480000000000018e+03,1.643587382818041545e-03
-2.468960000000000036e+03,1.645826519433809306e-03
-2.468440000000000055e+03,1.648046543669577039e-03
-2.467920000000000073e+03,1.650285707955343904e-03
-2.467400000000000091e+03,1.652525151541110997e-03
-2.466880000000000109e+03,1.654764815826878467e-03
-2.466360000000000127e+03,1.657023040062645999e-03
-2.465840000000000146e+03,1.659262512718413839e-03
-2.465320000000000164e+03,1.661521091459947910e-03
-2.464799999999999727e+03,1.663778817095715396e-03
-2.464279999999999745e+03,1.666037428401483111e-03
-2.463760000000000218e+03,1.668295652637250643e-03
-2.463240000000000236e+03,1.670573017273018586e-03
-2.462719999999999800e+03,1.672831213488785518e-03
-2.462199999999999818e+03,1.675108913814552479e-03
-2.461680000000000291e+03,1.677386221360320159e-03
-2.461160000000000309e+03,1.679682174666088284e-03
-2.460639999999999873e+03,1.681959886321855550e-03
-2.460119999999999891e+03,1.684256282537622065e-03
-2.459599999999999909e+03,1.686552274843390467e-03
-2.459079999999999927e+03,1.688829890409157845e-03
-2.458559999999999945e+03,1.691145482714925341e-03
-2.458039999999999964e+03,1.693460506950692510e-03
-2.457519999999999982e+03,1.695757290586459402e-03
-2.457000000000000000e+03,1.698072314822226788e-03
-2.456480000000000018e+03,1.700387851437994797e-03
-2.455960000000000036e+03,1.702703251763762254e-03
-2.455440000000000055e+03,1.705037914999529662e-03
-2.454920000000000073e+03,1.707352912615296573e-03
-2.454400000000000091e+03,1.709687922871064173e-03
-2.453880000000000109e+03,1.712022048156831497e-03
-2.453360000000000127e+03,1.714356183722598763e-03
-2.452840000000000146e+03,1.716710284048366189e-03
-2.452320000000000164e+03,1.719044448334133357e-03
-2.451800000000000182e+03,1.721397644899901004e-03
-2.451279999999999745e+03,1.723751756205668759e-03
-2.450759999999999764e+03,1.726124080441435952e-03
-2.450239999999999782e+03,1.728477345077202888e-03
-2.449720000000000255e+03,1.730849988312970541e-03
-2.449199999999999818e+03,1.733222352948737919e-03
-2.448679999999999836e+03,1.735594678234505476e-03
-2.448159999999999854e+03,1.737967732016040432e-03
-2.447640000000000327e+03,1.740340057651807099e-03
-2.447119999999999891e+03,1.742731492867574412e-03
-2.446599999999999909e+03,1.745123293193342985e-03
-2.446079999999999927e+03,1.747514728759109841e-03
-2.445559999999999945e+03,1.749906154044877406e-03
-2.445039999999999964e+03,1.752317093370644530e-03
-2.444519999999999982e+03,1.754727561916412468e-03
-2.444000000000000000e+03,1.757138154222179617e-03
-2.443480000000000018e+03,1.759549025477946584e-03
-2.442960000000000036e+03,1.761959062093714510e-03
-2.442440000000000055e+03,1.764369972349481537e-03
-2.441920000000000073e+03,1.766799597635249769e-03
-2.441399999999999636e+03,1.769229262271016520e-03
-2.440880000000000109e+03,1.771658733526783542e-03
-2.440360000000000127e+03,1.774107470142551870e-03
-2.439840000000000146e+03,1.776537094378318870e-03
-2.439319999999999709e+03,1.778985733704086056e-03
-2.438800000000000182e+03,1.781434813845620812e-03
-2.438280000000000200e+03,1.783883385101388708e-03
-2.437760000000000218e+03,1.786351249387155282e-03
-2.437239999999999782e+03,1.788799445952922798e-03
-2.436719999999999800e+03,1.791267685278689729e-03
-2.436199999999999818e+03,1.793735049564457651e-03
-2.435680000000000291e+03,1.796202346130225608e-03
-2.435159999999999854e+03,1.798689685455992331e-03
-2.434639999999999873e+03,1.801176081671760102e-03
-2.434119999999999891e+03,1.803662893327527767e-03
-2.433600000000000364e+03,1.806149789543294625e-03
-2.433079999999999927e+03,1.808636281849062720e-03
-2.432559999999999945e+03,1.811142193504829741e-03
-2.432039999999999964e+03,1.813648033246364815e-03
-2.431519999999999982e+03,1.816153972572131809e-03
-2.431000000000000000e+03,1.818660008137899364e-03
-2.430480000000000018e+03,1.821165533423666806e-03
-2.429960000000000036e+03,1.823690572749434241e-03
-2.429440000000000055e+03,1.826215141295201407e-03
-2.428920000000000073e+03,1.828740180620969059e-03
-2.428400000000000091e+03,1.831264843856736423e-03
-2.427880000000000109e+03,1.833808541472503910e-03
-2.427359999999999673e+03,1.836333580798271128e-03
-2.426840000000000146e+03,1.838876844034038113e-03
-2.426320000000000164e+03,1.841421232195573736e-03
-2.425800000000000182e+03,1.843984095431341116e-03
-2.425279999999999745e+03,1.846547334757108133e-03
-2.424760000000000218e+03,1.849110160042874949e-03
-2.424240000000000236e+03,1.851672995608643008e-03
-2.423720000000000255e+03,1.854235734934410506e-03
-2.423199999999999818e+03,1.856817631150177667e-03
-2.422679999999999836e+03,1.859380842805944930e-03
-2.422159999999999854e+03,1.861962307091712945e-03
-2.421639999999999873e+03,1.864544231327480272e-03
-2.421119999999999891e+03,1.867145486509014457e-03
-2.420599999999999909e+03,1.869727421724781680e-03
-2.420079999999999927e+03,1.872328322050549783e-03
-2.419559999999999945e+03,1.874929386686316870e-03
-2.419039999999999964e+03,1.877549368922084780e-03
-2.418519999999999982e+03,1.880150422227851777e-03
-2.418000000000000000e+03,1.882770433883619110e-03
-2.417480000000000018e+03,1.885390069099386395e-03
-2.416960000000000036e+03,1.888010222405154485e-03
-2.416440000000000055e+03,1.890649648516688373e-03
-2.415920000000000073e+03,1.893288412802456196e-03
-2.415400000000000091e+03,1.895928052128223462e-03
-2.414880000000000109e+03,1.898566776363991076e-03
-2.414360000000000127e+03,1.901205859999758685e-03
-2.413839999999999691e+03,1.903863723235525718e-03
-2.413319999999999709e+03,1.906521923561293195e-03
-2.412800000000000182e+03,1.909179760177060836e-03
-2.412280000000000200e+03,1.911838313958596222e-03
-2.411759999999999764e+03,1.914515278244362760e-03
-2.411239999999999782e+03,1.917173103880130073e-03
-2.410720000000000255e+03,1.919850414135897739e-03
-2.410200000000000273e+03,1.922546478421665586e-03
-2.409679999999999836e+03,1.925223788677432168e-03
-2.409159999999999854e+03,1.927919814313199713e-03
-2.408639999999999873e+03,1.930616569144734396e-03
-2.408119999999999891e+03,1.933312632380501878e-03
-2.407599999999999909e+03,1.936027644036269731e-03
-2.407079999999999927e+03,1.938723669322036649e-03
-2.406559999999999945e+03,1.941439179577804548e-03
-2.406039999999999964e+03,1.944173444213571954e-03
-2.405519999999999982e+03,1.946888426449339300e-03
-2.405000000000000000e+03,1.949623023280873911e-03
-2.404480000000000018e+03,1.952338062606641302e-03
-2.403960000000000036e+03,1.955091370152408671e-03
-2.403440000000000055e+03,1.957826009478176241e-03
-2.402920000000000073e+03,1.960578862783942961e-03
-2.402400000000000091e+03,1.963313417349710731e-03
-2.401880000000000109e+03,1.966066309655478597e-03
-2.401360000000000127e+03,1.968838963437013426e-03
-2.400840000000000146e+03,1.971592355742780595e-03
-2.400320000000000164e+03,1.974364600378547812e-03
-2.399799999999999727e+03,1.977136563614314939e-03
-2.399279999999999745e+03,1.979928502940082966e-03
-2.398760000000000218e+03,1.982700439555850052e-03
-2.398240000000000236e+03,1.985492193337384456e-03
-2.397719999999999800e+03,1.988283285643152338e-03
-2.397199999999999818e+03,1.991094257948919279e-03
-2.396680000000000291e+03,1.993885293514686876e-03
-2.396160000000000309e+03,1.996695832840454741e-03
-2.395639999999999873e+03,1.999505968056221935e-03
-2.395119999999999891e+03,2.002316850907756660e-03
-2.394599999999999909e+03,2.005146076543524308e-03
-2.394079999999999927e+03,2.007956558779291911e-03
-2.393559999999999945e+03,2.010785851085058508e-03
-2.393039999999999964e+03,2.013634562740826417e-03
-2.392519999999999982e+03,2.016463797956594053e-03
-2.392000000000000000e+03,2.019312880808129228e-03
-2.391480000000000018e+03,2.022160773113896529e-03
-2.390960000000000036e+03,2.025009388679663899e-03
-2.390440000000000055e+03,2.027876880985430945e-03
-2.389920000000000073e+03,2.030744720311198400e-03
-2.389400000000000091e+03,2.033611683546965830e-03
-2.388880000000000109e+03,2.036479810708500225e-03
-2.388360000000000127e+03,2.039366403014267280e-03
-2.387840000000000146e+03,2.042252813270035126e-03
-2.387320000000000164e+03,2.045139696905802669e-03
-2.386800000000000182e+03,2.048025721141569829e-03
-2.386279999999999745e+03,2.050932103993104594e-03
-2.385759999999999764e+03,2.053837268278872405e-03
-2.385239999999999782e+03,2.056743250864639591e-03
-2.384720000000000255e+03,2.059648443170406483e-03
-2.384199999999999818e+03,2.062573082496174225e-03
-2.383679999999999836e+03,2.065498161237708762e-03
-2.383159999999999854e+03,2.068422772893476966e-03
-2.382640000000000327e+03,2.071347412219244274e-03
-2.382119999999999891e+03,2.074291247435011091e-03
-2.381599999999999909e+03,2.077234947760778563e-03
-2.381079999999999927e+03,2.080178655922313661e-03
-2.380559999999999945e+03,2.083122338158080716e-03
-2.380039999999999964e+03,2.086084830463848499e-03
-2.379519999999999982e+03,2.089047669789615390e-03
-2.379000000000000000e+03,2.092010105355383322e-03
-2.378480000000000018e+03,2.094992360186918000e-03
-2.377960000000000036e+03,2.097974299512685332e-03
-2.377440000000000055e+03,2.100955862748453244e-03
-2.376920000000000073e+03,2.103937746384220656e-03
-2.376399999999999636e+03,2.106938438689987588e-03
-2.375880000000000109e+03,2.109920692471522335e-03
-2.375360000000000127e+03,2.112940831797290118e-03
-2.374840000000000146e+03,2.115941468413057563e-03
-2.374319999999999709e+03,2.118961078668824428e-03
-2.373800000000000182e+03,2.121981214500359095e-03
-2.373280000000000200e+03,2.125001325806126929e-03
-2.372760000000000218e+03,2.128020561371894281e-03
-2.372239999999999782e+03,2.131059800697661637e-03
-2.371719999999999800e+03,2.134099040023428127e-03
-2.371199999999999818e+03,2.137137718764963671e-03
-2.370680000000000291e+03,2.140196030420731498e-03
-2.370159999999999854e+03,2.143234422726498275e-03
-2.369639999999999873e+03,2.146311804962265386e-03
-2.369119999999999891e+03,2.149369987813801175e-03
-2.368600000000000364e+03,2.152447080119568139e-03
-2.368079999999999927e+03,2.155523991775335369e-03
-2.367559999999999945e+03,2.158600874011103177e-03
-2.367039999999999964e+03,2.161697409842637876e-03
-2.366519999999999982e+03,2.164774349168405512e-03
-2.366000000000000000e+03,2.167869984734172029e-03
-2.365480000000000018e+03,2.170985096039940599e-03
-2.364960000000000036e+03,2.174081478891475103e-03
-2.364440000000000055e+03,2.177196742127242204e-03
-2.363920000000000073e+03,2.180311825763009501e-03
-2.363400000000000091e+03,2.183445718068777186e-03
-2.362880000000000109e+03,2.186580271850311827e-03
-2.362359999999999673e+03,2.189714511176079487e-03
-2.361840000000000146e+03,2.192848375461846355e-03
-2.361320000000000164e+03,2.195982558047614164e-03
-2.360800000000000182e+03,2.199136240899148692e-03
-2.360279999999999745e+03,2.202288733204917082e-03
-2.359760000000000218e+03,2.205461144510683074e-03
-2.359240000000000236e+03,2.208633527096450465e-03
-2.358720000000000255e+03,2.211805962927985893e-03
-2.358199999999999818e+03,2.214978402253753569e-03
-2.357679999999999836e+03,2.218150284489520379e-03
-2.357159999999999854e+03,2.221341515795287932e-03
-2.356639999999999873e+03,2.224533370976822504e-03
-2.356119999999999891e+03,2.227724006192589781e-03
-2.355599999999999909e+03,2.230934645518357472e-03
-2.355079999999999927e+03,2.234144784844125427e-03
-2.354559999999999945e+03,2.237374491605660567e-03
-2.354039999999999964e+03,2.240584575241427734e-03
-2.353519999999999982e+03,2.243814314567194566e-03
-2.353000000000000000e+03,2.247062650398730290e-03
-2.352480000000000018e+03,2.250291860654497506e-03
-2.351960000000000036e+03,2.253540710960264242e-03
-2.351440000000000055e+03,2.256788675596031832e-03
-2.350920000000000073e+03,2.260037329377566351e-03
-2.350400000000000091e+03,2.263304768703333896e-03
-2.349880000000000109e+03,2.266572332989102122e-03
-2.349360000000000127e+03,2.269840115840636528e-03
-2.348839999999999691e+03,2.273126598426403796e-03
-2.348319999999999709e+03,2.276394076752171185e-03
-2.347800000000000182e+03,2.279680269057938330e-03
-2.347280000000000200e+03,2.282986194819472923e-03
-2.346759999999999764e+03,2.286291834145240918e-03
-2.346239999999999782e+03,2.289597098781008099e-03
-2.345720000000000255e+03,2.292903081632542955e-03
-2.345200000000000273e+03,2.296227763868309395e-03
-2.344679999999999836e+03,2.299552195174077267e-03
-2.344159999999999854e+03,2.302876778025612827e-03
-2.343639999999999873e+03,2.306201460611379678e-03
-2.343119999999999891e+03,2.309545271917147306e-03
-2.342599999999999909e+03,2.312888264222914738e-03
-2.342079999999999927e+03,2.316251586074449028e-03
-2.341559999999999945e+03,2.319614496330217168e-03
-2.341039999999999964e+03,2.322976560615984658e-03
-2.340519999999999982e+03,2.326339815797518699e-03
-2.340000000000000000e+03,2.329721326053286242e-03
-2.339480000000000018e+03,2.333103057359053704e-03
-2.338960000000000036e+03,2.336484940210588421e-03
-2.338440000000000055e+03,2.339886051516356074e-03
-2.337920000000000073e+03,2.343267534102123646e-03
-2.337400000000000091e+03,2.346687769933658140e-03
-2.336880000000000109e+03,2.350088448259424981e-03
-2.336360000000000127e+03,2.353508159565193339e-03
-2.335840000000000146e+03,2.356928213346727759e-03
-2.335320000000000164e+03,2.360367205652495401e-03
-2.334799999999999727e+03,2.363806056308262720e-03
-2.334279999999999745e+03,2.367245210089797582e-03
-2.333760000000000218e+03,2.370684021395564646e-03
-2.333240000000000236e+03,2.374141613701332126e-03
-2.332719999999999800e+03,2.377599935552866719e-03
-2.332199999999999818e+03,2.381057845808634728e-03
-2.331680000000000291e+03,2.384534829444401836e-03
-2.331160000000000309e+03,2.388011865275936618e-03
-2.330639999999999873e+03,2.391488943601704359e-03
-2.330119999999999891e+03,2.394985053857471083e-03
-2.329599999999999909e+03,2.398481036709006111e-03
-2.329079999999999927e+03,2.401976839994773502e-03
-2.328559999999999945e+03,2.405492051650541009e-03
-2.328039999999999964e+03,2.409007605432075903e-03
-2.327519999999999982e+03,2.412522344757843211e-03
-2.327000000000000000e+03,2.416037276063610559e-03
-2.326480000000000018e+03,2.419591030895145833e-03
-2.325960000000000036e+03,2.423124841150913270e-03
-2.325440000000000055e+03,2.426678291806679769e-03
-2.324920000000000073e+03,2.430212127638215272e-03
-2.324400000000000091e+03,2.433784666963982341e-03
-2.323880000000000109e+03,2.437337588199749248e-03
-2.323360000000000127e+03,2.440909971051284308e-03
-2.322840000000000146e+03,2.444482510377052678e-03
-2.322320000000000164e+03,2.448073685208586314e-03
-2.321800000000000182e+03,2.451645667794354229e-03
-2.321279999999999745e+03,2.455256379100121799e-03
-2.320759999999999764e+03,2.458847900951656278e-03
-2.320239999999999782e+03,2.462458140277424060e-03
-2.319720000000000255e+03,2.466068003513191987e-03
-2.319199999999999818e+03,2.469678625364726040e-03
-2.318679999999999836e+03,2.473327036670493456e-03
-2.318159999999999854e+03,2.476956730852028412e-03
-2.317640000000000327e+03,2.480586041107795889e-03
-2.317119999999999891e+03,2.484234133413562844e-03
-2.316599999999999909e+03,2.487882955265097781e-03
-2.316079999999999927e+03,2.491550466570865204e-03
-2.315559999999999945e+03,2.495217976826633131e-03
-2.315039999999999964e+03,2.498885898678167208e-03
-2.314519999999999982e+03,2.502572010333934012e-03
-2.314000000000000000e+03,2.506258685165469857e-03
-2.313480000000000018e+03,2.509945295421237357e-03
-2.312960000000000036e+03,2.513631406727003751e-03
-2.312440000000000055e+03,2.517337528578539579e-03
-2.311920000000000073e+03,2.521042767904306363e-03
-2.311399999999999636e+03,2.524767989755840897e-03
-2.310880000000000109e+03,2.528492452991608439e-03
-2.310360000000000127e+03,2.532216775627376890e-03
-2.309840000000000146e+03,2.535960558478911418e-03
-2.309319999999999709e+03,2.539704497804678388e-03
-2.308800000000000182e+03,2.543448290586213748e-03
-2.308280000000000200e+03,2.547210829911980990e-03
-2.307760000000000218e+03,2.550973561217747838e-03
-2.307239999999999782e+03,2.554755516049282433e-03
-2.306719999999999800e+03,2.558518065305050073e-03
-2.306199999999999818e+03,2.562300020486585513e-03
-2.305680000000000291e+03,2.566100798812352615e-03
-2.305159999999999854e+03,2.569882438138119864e-03
-2.304639999999999873e+03,2.573703159989655306e-03
-2.304119999999999891e+03,2.577503495205421460e-03
-2.303600000000000364e+03,2.581323717056956731e-03
-2.303079999999999927e+03,2.585143056382725128e-03
-2.302559999999999945e+03,2.588982378234259540e-03
-2.302039999999999964e+03,2.592821317560025946e-03
-2.301519999999999982e+03,2.596660239145794080e-03
-2.301000000000000000e+03,2.600499493977328699e-03
-2.300480000000000018e+03,2.604357572303095825e-03
-2.299960000000000036e+03,2.608234208134631131e-03
-2.299440000000000055e+03,2.612111357390398819e-03
-2.298920000000000073e+03,2.615988840241933403e-03
-2.298400000000000091e+03,2.619865518567700800e-03
-2.297880000000000109e+03,2.623761757893468532e-03
-2.297359999999999673e+03,2.627657851725002415e-03
-2.296840000000000146e+03,2.631573161980769841e-03
-2.296320000000000164e+03,2.635488356162304577e-03
-2.295800000000000182e+03,2.639403195488072579e-03
-2.295279999999999745e+03,2.643338017339607899e-03
-2.294760000000000218e+03,2.647271609645374200e-03
-2.294240000000000236e+03,2.651205874406909087e-03
-2.293720000000000255e+03,2.655159452732676686e-03
-2.293199999999999818e+03,2.659112835584211566e-03
-2.292679999999999836e+03,2.663085013909979003e-03
-2.292159999999999854e+03,2.667038053235746588e-03
-2.291639999999999873e+03,2.671010546017281006e-03
-2.291119999999999891e+03,2.675001824343048017e-03
-2.290599999999999909e+03,2.678993379524583808e-03
-2.290079999999999927e+03,2.682984629830351304e-03
-2.289559999999999945e+03,2.686995312681886208e-03
-2.289039999999999964e+03,2.691005691007653227e-03
-2.288519999999999982e+03,2.695035483789188103e-03
-2.288000000000000000e+03,2.699064576094955311e-03
-2.287480000000000018e+03,2.703094397946490066e-03
-2.286960000000000036e+03,2.707142437272257954e-03
-2.286440000000000055e+03,2.711191331103792769e-03
-2.285920000000000073e+03,2.715239880359559925e-03
-2.285400000000000091e+03,2.719307363211093814e-03
-2.284880000000000109e+03,2.723375041536862159e-03
-2.284360000000000127e+03,2.727461663388396768e-03
-2.283839999999999691e+03,2.731548375044163569e-03
-2.283319999999999709e+03,2.735634624299931438e-03
-2.282800000000000182e+03,2.739721746151466217e-03
-2.282280000000000200e+03,2.743827057457233747e-03
-2.281759999999999764e+03,2.747951879308768372e-03
-2.281239999999999782e+03,2.752076857634535439e-03
-2.280720000000000255e+03,2.756201640486071087e-03
-2.280200000000000273e+03,2.760326089741838539e-03
-2.279679999999999836e+03,2.764489111593372746e-03
-2.279159999999999854e+03,2.768633150919140844e-03
-2.278639999999999873e+03,2.772796172770675052e-03
-2.278119999999999891e+03,2.776958851096442398e-03
-2.277599999999999909e+03,2.781140905927977688e-03
-2.277079999999999927e+03,2.785322655183744295e-03
-2.276559999999999945e+03,2.789504777035279812e-03
-2.276039999999999964e+03,2.793705655361046307e-03
-2.275519999999999982e+03,2.797906338212581816e-03
-2.275000000000000000e+03,2.802126632394117377e-03
-2.274480000000000018e+03,2.806346610719884314e-03
-2.273960000000000036e+03,2.810566864501418821e-03
-2.273440000000000055e+03,2.814805442827186029e-03
-2.272920000000000073e+03,2.819044836658720320e-03
-2.272400000000000091e+03,2.823303014984487706e-03
-2.271880000000000109e+03,2.827541897836022798e-03
-2.271360000000000127e+03,2.831819176161790193e-03
-2.270840000000000146e+03,2.836096268943324832e-03
-2.270320000000000164e+03,2.840373547269093094e-03
-2.269799999999999727e+03,2.844669769120628054e-03
-2.269279999999999745e+03,2.848966108446395612e-03
-2.268760000000000218e+03,2.853262330297930138e-03
-2.268240000000000236e+03,2.857577308623696945e-03
-2.267719999999999800e+03,2.861892602455232398e-03
-2.267199999999999818e+03,2.866227112710999225e-03
-2.266680000000000291e+03,2.870561534562534201e-03
-2.266160000000000309e+03,2.874895956414068744e-03
-2.265639999999999873e+03,2.879249134739836000e-03
-2.265119999999999891e+03,2.883621756591371425e-03
-2.264599999999999909e+03,2.887974934917138681e-03
-2.264079999999999927e+03,2.892347517768672962e-03
-2.263559999999999945e+03,2.896738867024440788e-03
-2.263039999999999964e+03,2.901130588875976222e-03
-2.262519999999999982e+03,2.905541414221742176e-03
-2.262000000000000000e+03,2.909932636073277439e-03
-2.261480000000000018e+03,2.914362529904812940e-03
-2.260960000000000036e+03,2.918772969230579942e-03
-2.260440000000000055e+03,2.923202891082114958e-03
-2.259920000000000073e+03,2.927651040337882638e-03
-2.259400000000000091e+03,2.932100062189417228e-03
-2.258880000000000109e+03,2.936548240515184788e-03
-2.258360000000000127e+03,2.941016334696719848e-03
-2.257840000000000146e+03,2.945483956548253842e-03
-2.257320000000000164e+03,2.949970834874021154e-03
-2.256800000000000182e+03,2.954457517725556179e-03
-2.256279999999999745e+03,2.958962996051323763e-03
-2.255759999999999764e+03,2.963469635852858473e-03
-2.255239999999999782e+03,2.967975114178626056e-03
-2.254720000000000255e+03,2.972500036030160508e-03
-2.254199999999999818e+03,2.977024929861695878e-03
-2.253679999999999836e+03,2.981569108187462781e-03
-2.253159999999999854e+03,2.986113130038997240e-03
-2.252640000000000327e+03,2.990656808364765273e-03
-2.252119999999999891e+03,2.995219930216300175e-03
-2.251599999999999909e+03,2.999802122997834337e-03
-2.251079999999999927e+03,3.004365248343602354e-03
-2.250559999999999945e+03,3.008966031195136823e-03
-2.250039999999999964e+03,3.013547909520904438e-03
-2.249519999999999982e+03,3.018168331372439363e-03
-2.249000000000000000e+03,3.022769653223973847e-03
-2.248480000000000018e+03,3.027389259219741280e-03
-2.247960000000000036e+03,3.032028781071276213e-03
-2.247440000000000055e+03,3.036667959397042985e-03
-2.246920000000000073e+03,3.041307299198578278e-03
-2.246399999999999636e+03,3.045965921050112785e-03
-2.245880000000000109e+03,3.050642799375880704e-03
-2.245360000000000127e+03,3.055301421227415645e-03
-2.244840000000000146e+03,3.059997399553182704e-03
-2.244319999999999709e+03,3.064675121404717654e-03
-2.243800000000000182e+03,3.069371762256252467e-03
-2.243280000000000200e+03,3.074086840582019968e-03
-2.242760000000000218e+03,3.078802262433554329e-03
-2.242239999999999782e+03,3.083518155215089415e-03
-2.241719999999999800e+03,3.088271433540857366e-03
-2.241199999999999818e+03,3.093005955392391735e-03
-2.240680000000000291e+03,3.097759619738159071e-03
-2.240159999999999854e+03,3.102513241589693448e-03
-2.239639999999999873e+03,3.107285963441228701e-03
-2.239119999999999891e+03,3.112058341766995358e-03
-2.238600000000000364e+03,3.116850163618530619e-03
-2.238079999999999927e+03,3.121641985470065012e-03
-2.237559999999999945e+03,3.126452410815832791e-03
-2.237039999999999964e+03,3.131263332667368060e-03
-2.236519999999999982e+03,3.136074225448903449e-03
-2.236000000000000000e+03,3.140903903774669263e-03
-2.235480000000000018e+03,3.145752525626204377e-03
-2.234960000000000036e+03,3.150601994497739637e-03
-2.234440000000000055e+03,3.155450272823507023e-03
-2.233920000000000073e+03,3.160318533675041727e-03
-2.233400000000000091e+03,3.165205355526576423e-03
-2.232880000000000109e+03,3.170073233852343988e-03
-2.232359999999999673e+03,3.174979502723879535e-03
-2.231840000000000146e+03,3.179885452245413777e-03
-2.231320000000000164e+03,3.184791530571180924e-03
-2.230800000000000182e+03,3.189716552422716071e-03
-2.230279999999999745e+03,3.194641960294250602e-03
-2.229760000000000218e+03,3.199585709550017715e-03
-2.229240000000000236e+03,3.204529831401552002e-03
-2.228720000000000255e+03,3.209493053253086731e-03
-2.228199999999999818e+03,3.214456278598856308e-03
-2.227679999999999836e+03,3.219438600450391045e-03
-2.227159999999999854e+03,3.224401861301925618e-03
-2.226639999999999873e+03,3.229402939627691333e-03
-2.226119999999999891e+03,3.234404708499226920e-03
-2.225599999999999909e+03,3.239425230350762974e-03
-2.225079999999999927e+03,3.244444908676529394e-03
-2.224559999999999945e+03,3.249484569528064432e-03
-2.224039999999999964e+03,3.254524538399599601e-03
-2.223519999999999982e+03,3.259563687921134163e-03
-2.223000000000000000e+03,3.264622066246900337e-03
-2.222480000000000018e+03,3.269699388098434942e-03
-2.221960000000000036e+03,3.274777595969970839e-03
-2.221440000000000055e+03,3.279873645225737846e-03
-2.220920000000000073e+03,3.284951467077272189e-03
-2.220400000000000091e+03,3.290067335948807219e-03
-2.219880000000000109e+03,3.295182896800341685e-03
-2.219360000000000127e+03,3.300317175126109889e-03
-2.218839999999999691e+03,3.305452296977644255e-03
-2.218319999999999709e+03,3.310587265849178860e-03
-2.217800000000000182e+03,3.315759783174946490e-03
-2.217280000000000200e+03,3.320913532696481100e-03
-2.216759999999999764e+03,3.326086701568017022e-03
-2.216239999999999782e+03,3.331278662419551086e-03
-2.215720000000000255e+03,3.336470240745318012e-03
-2.215200000000000273e+03,3.341662509616853943e-03
-2.214679999999999836e+03,3.346873570468387148e-03
-2.214159999999999854e+03,3.352103192319922514e-03
-2.213639999999999873e+03,3.357333317665689432e-03
-2.213119999999999891e+03,3.362582578517225255e-03
-2.212599999999999909e+03,3.367831300368759762e-03
-2.212079999999999927e+03,3.373099996910294395e-03
-2.211559999999999945e+03,3.378368014236062932e-03
-2.211039999999999964e+03,3.383654936087597022e-03
-2.210519999999999982e+03,3.388942704959131691e-03
-2.210000000000000000e+03,3.394248793830666883e-03
-2.209480000000000018e+03,3.399554472156433686e-03
-2.208960000000000036e+03,3.404880441027969239e-03
-2.208440000000000055e+03,3.410205572809503743e-03
-2.207920000000000073e+03,3.415549794661039591e-03
-2.207400000000000091e+03,3.420913186676806210e-03
-2.206880000000000109e+03,3.426276508528342066e-03
-2.206360000000000127e+03,3.431640330379875058e-03
-2.205840000000000146e+03,3.437023138251409874e-03
-2.205320000000000164e+03,3.442424316577177151e-03
-2.204799999999999727e+03,3.447825877428712868e-03
-2.204279999999999745e+03,3.453227246300247678e-03
-2.203760000000000218e+03,3.458647868151780956e-03
-2.203240000000000236e+03,3.464088003693317069e-03
-2.202719999999999800e+03,3.469527382019084363e-03
-2.202199999999999818e+03,3.474986242870618802e-03
-2.201680000000000291e+03,3.480444911742153202e-03
-2.201160000000000309e+03,3.485922872593687216e-03
-2.200639999999999873e+03,3.491419741465222933e-03
-2.200119999999999891e+03,3.496897386810990469e-03
-2.199599999999999909e+03,3.502413008662526219e-03
-2.199079999999999927e+03,3.507929544204060196e-03
-2.198559999999999945e+03,3.513445166055595512e-03
-2.198039999999999964e+03,3.518980734927129681e-03
-2.197519999999999982e+03,3.524534252252897997e-03
-2.197000000000000000e+03,3.530088421124431570e-03
-2.196480000000000018e+03,3.535661381975967188e-03
-2.195960000000000036e+03,3.541234342827502372e-03
-2.195440000000000055e+03,3.546826739369037668e-03
-2.194920000000000073e+03,3.552418956694803134e-03
-2.194400000000000091e+03,3.558030425566339333e-03
-2.193880000000000109e+03,3.563660186417874371e-03
-2.193360000000000127e+03,3.569290783309408792e-03
-2.192840000000000146e+03,3.574940144160942707e-03
-2.192320000000000164e+03,3.580589493682478485e-03
-2.191800000000000182e+03,3.586257958028245523e-03
-2.191279999999999745e+03,3.591925879879779866e-03
-2.190759999999999764e+03,3.597613787751315507e-03
-2.190239999999999782e+03,3.603320448602849446e-03
-2.189720000000000255e+03,3.609026917474385081e-03
-2.189199999999999818e+03,3.614733605995920293e-03
-2.188679999999999836e+03,3.620477931341687348e-03
-2.188159999999999854e+03,3.626203692193223031e-03
-2.187640000000000327e+03,3.631967557154755760e-03
-2.187119999999999891e+03,3.637730979006289708e-03
-2.186599999999999909e+03,3.643495286877826249e-03
-2.186079999999999927e+03,3.649277836399360611e-03
-2.185559999999999945e+03,3.655079500745128402e-03
-2.185039999999999964e+03,3.660881161596663078e-03
-2.184519999999999982e+03,3.666702230468198761e-03
-2.184000000000000000e+03,3.672522991319731710e-03
-2.183480000000000018e+03,3.678382299191267253e-03
-2.182960000000000036e+03,3.684222176732801154e-03
-2.182440000000000055e+03,3.690081484604337998e-03
-2.181920000000000073e+03,3.695959545455872273e-03
-2.181399999999999636e+03,3.701837570801639384e-03
-2.180880000000000109e+03,3.707734231653173930e-03
-2.180360000000000127e+03,3.713650867194707734e-03
-2.179840000000000146e+03,3.719567089046243915e-03
-2.179319999999999709e+03,3.725483196917778010e-03
-2.178800000000000182e+03,3.731437657769314051e-03
-2.178280000000000200e+03,3.737372893660848103e-03
-2.177760000000000218e+03,3.743346443182384280e-03
-2.177239999999999782e+03,3.749319851053917966e-03
-2.176719999999999800e+03,3.755312515399685403e-03
-2.176199999999999818e+03,3.761304676251219989e-03
-2.175680000000000291e+03,3.767316245122755581e-03
-2.175159999999999854e+03,3.773327533644290147e-03
-2.174639999999999873e+03,3.779377370585825045e-03
-2.174119999999999891e+03,3.785407759457358728e-03
-2.173600000000000364e+03,3.791476628328893910e-03
-2.173079999999999927e+03,3.797526616850429096e-03
-2.172559999999999945e+03,3.803614124721964827e-03
-2.172039999999999964e+03,3.809721232593498135e-03
-2.171519999999999982e+03,3.815808893445032761e-03
-2.171000000000000000e+03,3.821915618790800665e-03
-2.170480000000000018e+03,3.828060635332336537e-03
-2.169960000000000036e+03,3.834205443203870991e-03
-2.169440000000000055e+03,3.840350751075405182e-03
-2.168920000000000073e+03,3.846514311926939236e-03
-2.168400000000000091e+03,3.852678708468473996e-03
-2.167880000000000109e+03,3.858861369320009359e-03
-2.167359999999999673e+03,3.865064006261544321e-03
-2.166840000000000146e+03,3.871266142153079615e-03
-2.166320000000000164e+03,3.877506603004613438e-03
-2.165800000000000182e+03,3.883727838546147896e-03
-2.165279999999999745e+03,3.889967799397682415e-03
-2.164760000000000218e+03,3.896227207269218652e-03
-2.164240000000000236e+03,3.902505676140752451e-03
-2.163720000000000255e+03,3.908783892682287341e-03
-2.163199999999999818e+03,3.915081500553823160e-03
-2.162679999999999836e+03,3.921379108425358112e-03
-2.162159999999999854e+03,3.927695469276892663e-03
-2.161639999999999873e+03,3.934030961292660743e-03
-2.161119999999999891e+03,3.940366798234194723e-03
-2.160599999999999909e+03,3.946740487105728813e-03
-2.160079999999999927e+03,3.953095394977264657e-03
-2.159559999999999945e+03,3.959488030518799884e-03
-2.159039999999999964e+03,3.965861691370334459e-03
-2.158519999999999982e+03,3.972273399241867987e-03
-2.158000000000000000e+03,3.978685635133403370e-03
-2.157480000000000018e+03,3.985116123654939072e-03
-2.156960000000000036e+03,3.991566531526473220e-03
-2.156440000000000055e+03,3.998016439398007632e-03
-2.155920000000000073e+03,4.004485156989543229e-03
-2.155400000000000091e+03,4.010973764861077394e-03
-2.154880000000000109e+03,4.017461900752612204e-03
-2.154360000000000127e+03,4.023968761604147099e-03
-2.153839999999999691e+03,4.030495097145681514e-03
-2.153319999999999709e+03,4.037002305017216817e-03
-2.152800000000000182e+03,4.043547712888752137e-03
-2.152280000000000200e+03,4.050111901760286570e-03
-2.151759999999999764e+03,4.056676437301821869e-03
-2.151239999999999782e+03,4.063260074243354482e-03
-2.150720000000000255e+03,4.069861935094890547e-03
-2.150200000000000273e+03,4.076464670636424995e-03
-2.149679999999999836e+03,4.083086506527960728e-03
-2.149159999999999854e+03,4.089726914399495483e-03
-2.148639999999999873e+03,4.096367475251030434e-03
-2.148119999999999891e+03,4.103027010792564301e-03
-2.147599999999999909e+03,4.109687018664099668e-03
-2.147079999999999927e+03,4.116366066151401840e-03
-2.146559999999999945e+03,4.123083054672936794e-03
-2.146039999999999964e+03,4.129799862544471581e-03
-2.145519999999999982e+03,4.136516670416006368e-03
-2.145000000000000000e+03,4.143252633977541517e-03
-2.144480000000000018e+03,4.150007294829076779e-03
-2.143960000000000036e+03,4.156762302700609847e-03
-2.143440000000000055e+03,4.163536439642144538e-03
-2.142920000000000073e+03,4.170329714183681341e-03
-2.142400000000000091e+03,4.177142050075214816e-03
-2.141880000000000109e+03,4.183954010926749234e-03
-2.141360000000000127e+03,4.190785446468284041e-03
-2.140840000000000146e+03,4.197635954339819751e-03
-2.140320000000000164e+03,4.204486029231353783e-03
-2.139799999999999727e+03,4.211355693842888485e-03
-2.139279999999999745e+03,4.218244054694423803e-03
-2.138760000000000218e+03,4.225151362565958066e-03
-2.138240000000000236e+03,4.232059569653260148e-03
-2.137719999999999800e+03,4.238986016524795564e-03
-2.137199999999999818e+03,4.245912924396329571e-03
-2.136680000000000291e+03,4.252877212917864289e-03
-2.136160000000000309e+03,4.259822777879399697e-03
-2.135639999999999873e+03,4.266825624750935145e-03
-2.135119999999999891e+03,4.273809360292470279e-03
-2.134599999999999909e+03,4.280812668164004318e-03
-2.134079999999999927e+03,4.287834643055539290e-03
-2.133559999999999945e+03,4.294875678597074448e-03
-2.133039999999999964e+03,4.301916368518608237e-03
-2.132519999999999982e+03,4.308995419915911430e-03
-2.132000000000000000e+03,4.316055622477446389e-03
-2.131480000000000018e+03,4.323153930348980732e-03
-2.130960000000000036e+03,4.330252238220515942e-03
-2.130440000000000055e+03,4.337388341832050694e-03
-2.129920000000000073e+03,4.344505777723584559e-03
-2.129400000000000091e+03,4.351661066245118489e-03
-2.128880000000000109e+03,4.358816213116655132e-03
-2.128360000000000127e+03,4.365990764513956630e-03
-2.127840000000000146e+03,4.373184628075490500e-03
-2.127320000000000164e+03,4.380397104017027046e-03
-2.126800000000000182e+03,4.387609511888561700e-03
-2.126279999999999745e+03,4.394841614450095864e-03
-2.125759999999999764e+03,4.402092222321631401e-03
-2.125239999999999782e+03,4.409342830193166071e-03
-2.124720000000000255e+03,4.416631733804699152e-03
-2.124199999999999818e+03,4.423920913222001948e-03
-2.123679999999999836e+03,4.431228540743537350e-03
-2.123159999999999854e+03,4.438536448615072044e-03
-2.122640000000000327e+03,4.445882623506606547e-03
-2.122119999999999891e+03,4.453209188118140496e-03
-2.121599999999999909e+03,4.460593495989676957e-03
-2.121079999999999927e+03,4.467959086386979681e-03
-2.120559999999999945e+03,4.475362049948514165e-03
-2.120039999999999964e+03,4.482765496820048309e-03
-2.119519999999999982e+03,4.490187561431583166e-03
-2.119000000000000000e+03,4.497629236323118576e-03
-2.118480000000000018e+03,4.505070344194652722e-03
-2.117960000000000036e+03,4.512530962261954853e-03
-2.117440000000000055e+03,4.520010798153490869e-03
-2.116920000000000073e+03,4.527509301765025168e-03
-2.116399999999999636e+03,4.535026809636560213e-03
-2.115880000000000109e+03,4.542544384528094184e-03
-2.115360000000000127e+03,4.550081402595396347e-03
-2.114840000000000146e+03,4.557656239536932163e-03
-2.114319999999999709e+03,4.565212014078465740e-03
-2.113800000000000182e+03,4.572805949970000332e-03
-2.113280000000000200e+03,4.580399924511535659e-03
-2.112760000000000218e+03,4.588031875908838743e-03
-2.112239999999999782e+03,4.595644979870372633e-03
-2.111719999999999800e+03,4.603296254411907984e-03
-2.111199999999999818e+03,4.610966062283441622e-03
-2.110680000000000291e+03,4.618636808370745091e-03
-2.110159999999999854e+03,4.626325745312279483e-03
-2.109639999999999873e+03,4.634053392183814894e-03
-2.109119999999999891e+03,4.641761494745348313e-03
-2.108600000000000364e+03,4.649507702616882850e-03
-2.108079999999999927e+03,4.657254349754186111e-03
-2.107559999999999945e+03,4.665039324645721061e-03
-2.107039999999999964e+03,4.672823760187255586e-03
-2.106519999999999982e+03,4.680627307058790425e-03
-2.106000000000000000e+03,4.688431282216093225e-03
-2.105480000000000018e+03,4.696272990087628670e-03
-2.104960000000000036e+03,4.704114611999161977e-03
-2.104440000000000055e+03,4.711975486540696811e-03
-2.103920000000000073e+03,4.719855806008000157e-03
-2.103400000000000091e+03,4.727754869569534245e-03
-2.102880000000000109e+03,4.735672516441067660e-03
-2.102359999999999673e+03,4.743591034508371981e-03
-2.101840000000000146e+03,4.751546938469905675e-03
-2.101320000000000164e+03,4.759503274011441139e-03
-2.100800000000000182e+03,4.767478220882975445e-03
-2.100279999999999745e+03,4.775473196040278326e-03
-2.099760000000000218e+03,4.783486342911812648e-03
-2.099240000000000236e+03,4.791499797803347102e-03
-2.098720000000000255e+03,4.799551200364882662e-03
-2.098199999999999818e+03,4.807602919832183741e-03
-2.097679999999999836e+03,4.815673422393720177e-03
-2.097159999999999854e+03,4.823762969265253664e-03
-2.096639999999999873e+03,4.831871948332556316e-03
-2.096119999999999891e+03,4.839980652294090940e-03
-2.095599999999999909e+03,4.848127873855626567e-03
-2.095079999999999927e+03,4.856294192272929064e-03
-2.094559999999999945e+03,4.864459695884463565e-03
-2.094039999999999964e+03,4.872644742755997960e-03
-2.093519999999999982e+03,4.880849288843298710e-03
-2.093000000000000000e+03,4.889071996714834840e-03
-2.092480000000000018e+03,4.897314247346369782e-03
-2.091960000000000036e+03,4.905576065763671452e-03
-2.091440000000000055e+03,4.913837040305206114e-03
-2.090920000000000073e+03,4.922136244266741949e-03
-2.090400000000000091e+03,4.930436262334043224e-03
-2.089880000000000109e+03,4.938754856225576612e-03
-2.089360000000000127e+03,4.947092287857113302e-03
-2.088839999999999691e+03,4.955449078254415760e-03
-2.088319999999999709e+03,4.963824680815949984e-03
-2.087800000000000182e+03,4.972219356757485477e-03
-2.087280000000000200e+03,4.980633849864786987e-03
-2.086759999999999764e+03,4.989047096736322871e-03
-2.086239999999999782e+03,4.997479971277855870e-03
-2.085720000000000255e+03,5.005951418765158638e-03
-2.085200000000000273e+03,5.014422340326692325e-03
-2.084679999999999836e+03,5.022931615218228368e-03
-2.084159999999999854e+03,5.031421662355530997e-03
-2.083639999999999873e+03,5.039950009227064931e-03
-2.083119999999999891e+03,5.048497702334368495e-03
-2.082599999999999909e+03,5.057063778275902588e-03
-2.082079999999999927e+03,5.065649480837437768e-03
-2.081559999999999945e+03,5.074234998904738822e-03
-2.081039999999999964e+03,5.082858749886273730e-03
-2.080519999999999982e+03,5.091482124427810542e-03
-2.080000000000000000e+03,5.100144014825111656e-03
-2.079480000000000018e+03,5.108805993476645685e-03
-2.078960000000000036e+03,5.117487022873948820e-03
-2.078440000000000055e+03,5.126205425435482847e-03
-2.077920000000000073e+03,5.134924644902785600e-03
-2.077400000000000091e+03,5.143662994484319781e-03
-2.076880000000000109e+03,5.152419541355854338e-03
-2.076360000000000127e+03,5.161177016513156593e-03
-2.075840000000000146e+03,5.169972138074692414e-03
-2.075320000000000164e+03,5.178786924561994132e-03
-2.074799999999999727e+03,5.187619899103527825e-03
-2.074279999999999745e+03,5.196472292995062831e-03
-2.073760000000000218e+03,5.205344368152365134e-03
-2.073240000000000236e+03,5.214215515023899739e-03
-2.072719999999999800e+03,5.223125647131201393e-03
-2.072199999999999818e+03,5.232035050742736733e-03
-2.071680000000000291e+03,5.240982969160040347e-03
-2.071160000000000309e+03,5.249930890721576232e-03
-2.070639999999999873e+03,5.258917038208876273e-03
-2.070119999999999891e+03,5.267902698770412714e-03
-2.069599999999999909e+03,5.276907973927714469e-03
-2.069079999999999927e+03,5.285931920799248271e-03
-2.068559999999999945e+03,5.294994009380784260e-03
-2.068039999999999964e+03,5.304056528848085685e-03
-2.067519999999999982e+03,5.313156778429621412e-03
-2.067000000000000000e+03,5.322257468826923840e-03
-2.066480000000000018e+03,5.331376539458458456e-03
-2.065960000000000036e+03,5.340515304545758943e-03
-2.065440000000000055e+03,5.349691608507294201e-03
-2.064920000000000073e+03,5.358869112594596452e-03
-2.064400000000000091e+03,5.368064515156131811e-03
-2.063880000000000109e+03,5.377279720643433382e-03
-2.063360000000000127e+03,5.386532423204968764e-03
-2.062840000000000146e+03,5.395785442672269665e-03
-2.062320000000000164e+03,5.405057131253804270e-03
-2.061800000000000182e+03,5.414348349321107881e-03
-2.061279999999999745e+03,5.423658700302642736e-03
-2.060759999999999764e+03,5.433006757369945178e-03
-2.060239999999999782e+03,5.442355308351480049e-03
-2.059720000000000255e+03,5.451722965418781368e-03
-2.059199999999999818e+03,5.461109215000316611e-03
-2.058679999999999836e+03,5.470533673467619859e-03
-2.058159999999999854e+03,5.479958966574921715e-03
-2.057640000000000327e+03,5.489402209186456348e-03
-2.057119999999999891e+03,5.498865174623757644e-03
-2.056599999999999909e+03,5.508365688165292422e-03
-2.056079999999999927e+03,5.517866910342595320e-03
-2.055559999999999945e+03,5.527405596214129274e-03
-2.055039999999999964e+03,5.536964118391432196e-03
-2.054519999999999982e+03,5.546521959952966513e-03
-2.054000000000000000e+03,5.556118626440269097e-03
-2.053480000000000018e+03,5.565733268001804568e-03
-2.052960000000000036e+03,5.575349005419105546e-03
-2.052440000000000055e+03,5.585002719576408377e-03
-2.051920000000000073e+03,5.594674941137943620e-03
-2.051399999999999636e+03,5.604366827625243894e-03
-2.050880000000000109e+03,5.614077288186779431e-03
-2.050360000000000127e+03,5.623807210364082688e-03
-2.049840000000000146e+03,5.633556339761383591e-03
-2.049319999999999709e+03,5.643324118412918269e-03
-2.048800000000000182e+03,5.653111003500220673e-03
-2.048280000000000200e+03,5.662916964061757985e-03
-2.047760000000000218e+03,5.672761111549059175e-03
-2.047239999999999782e+03,5.682605615636361629e-03
-2.046720000000000027e+03,5.692488033287896633e-03
-2.046200000000000045e+03,5.702369823685197840e-03
-2.045680000000000064e+03,5.712290441336731993e-03
-2.045159999999999854e+03,5.722211373444034861e-03
-2.044639999999999873e+03,5.732188692911337723e-03
-2.044120000000000118e+03,5.742147481492872879e-03
-2.043600000000000136e+03,5.752143967630173396e-03
-2.043079999999999927e+03,5.762160028541708605e-03
-2.042559999999999945e+03,5.772214150719011394e-03
-2.042039999999999964e+03,5.782267907786313790e-03
-2.041519999999999982e+03,5.792340825437849137e-03
-2.041000000000000000e+03,5.802452201855151127e-03
-2.040480000000000018e+03,5.812582847942452530e-03
-2.039960000000000036e+03,5.822713037573986651e-03
-2.039439999999999827e+03,5.832881242011290178e-03
-2.038920000000000073e+03,5.843068756168592025e-03
-2.038400000000000091e+03,5.853275316730126299e-03
-2.037880000000000109e+03,5.863520477907428578e-03
-2.037359999999999900e+03,5.873764696324732318e-03
-2.036839999999999918e+03,5.884047685956267371e-03
-2.036320000000000164e+03,5.894330518063568315e-03
-2.035800000000000182e+03,5.904652051220870244e-03
-2.035279999999999973e+03,5.914991465112403972e-03
-2.034759999999999991e+03,5.925350726289707430e-03
-2.034240000000000009e+03,5.935729530377009504e-03
-2.033720000000000255e+03,5.946145401008545717e-03
-2.033199999999999818e+03,5.956561905445846745e-03
-2.032680000000000064e+03,5.967016599603148716e-03
-2.032160000000000082e+03,5.977471331710449733e-03
-2.031639999999999873e+03,5.987982674321986470e-03
-2.031119999999999891e+03,5.998494678759288407e-03
-2.030599999999999909e+03,6.009025339936589598e-03
-2.030080000000000155e+03,6.019575229568124158e-03
-2.029559999999999945e+03,6.030163161675426362e-03
-2.029039999999999964e+03,6.040770348162729543e-03
-2.028519999999999982e+03,6.051396452250032247e-03
-2.028000000000000000e+03,6.062041869901566363e-03
-2.027480000000000018e+03,6.072725302008867738e-03
-2.026960000000000036e+03,6.083408735166171213e-03
-2.026440000000000055e+03,6.094129992583473092e-03
-2.025920000000000073e+03,6.104870949235007525e-03
-2.025399999999999864e+03,6.115630753322309418e-03
-2.024880000000000109e+03,6.126409714499612448e-03
-2.024360000000000127e+03,6.137226818936914775e-03
-2.023839999999999918e+03,6.148061861548451308e-03
-2.023319999999999936e+03,6.158898122725750893e-03
-2.022799999999999955e+03,6.169791654833053224e-03
-2.022280000000000200e+03,6.180684687990357050e-03
-2.021759999999999764e+03,6.191616392427656823e-03
-2.021240000000000009e+03,6.202547349079192730e-03
-2.020720000000000027e+03,6.213517253166494711e-03
-2.020200000000000045e+03,6.224505814343796357e-03
-2.019679999999999836e+03,6.235532199431099466e-03
-2.019159999999999854e+03,6.246559089062633623e-03
-2.018640000000000100e+03,6.257643161569935615e-03
-2.018120000000000118e+03,6.268708093677237414e-03
-2.017599999999999909e+03,6.279830326834539601e-03
-2.017079999999999927e+03,6.290952558941843159e-03
-2.016559999999999945e+03,6.302131620119145149e-03
-2.016040000000000191e+03,6.313310847700680413e-03
-2.015519999999999982e+03,6.324509453187982660e-03
-2.015000000000000000e+03,6.335745814365283807e-03
-2.014480000000000018e+03,6.347001785472586831e-03
-2.013959999999999809e+03,6.358276318629889345e-03
-2.013440000000000055e+03,6.369589203717191707e-03
-2.012920000000000073e+03,6.380901660368726303e-03
-2.012400000000000091e+03,6.392252593876028392e-03
-2.011879999999999882e+03,6.403622597963330200e-03
-2.011359999999999900e+03,6.415031398140634035e-03
-2.010840000000000146e+03,6.426458730247934514e-03
-2.010320000000000164e+03,6.437886091425237475e-03
-2.009799999999999955e+03,6.449370263582538884e-03
-2.009279999999999973e+03,6.460873652164073402e-03
-2.008759999999999991e+03,6.472396524671375842e-03
-2.008240000000000236e+03,6.483938428758678589e-03
-2.007719999999999800e+03,6.495518089935980142e-03
-2.007200000000000045e+03,6.507098290113280843e-03
-2.006680000000000064e+03,6.518735222220584276e-03
-2.006160000000000082e+03,6.530353594377887212e-03
-2.005639999999999873e+03,6.542048202575189222e-03
-2.005119999999999891e+03,6.553723373682491214e-03
-2.004600000000000136e+03,6.565455491334025971e-03
-2.004079999999999927e+03,6.577207034771328023e-03
-2.003559999999999945e+03,6.588977667928628407e-03
-2.003039999999999964e+03,6.600786568105931201e-03
-2.002519999999999982e+03,6.612614500213234714e-03
-2.002000000000000000e+03,6.624442500390536649e-03
-2.001480000000000018e+03,6.636327272547839357e-03
-2.000960000000000036e+03,6.648212504655142026e-03
-2.000440000000000055e+03,6.660136004832444001e-03
-1.999919999999999845e+03,6.672097166009747712e-03
-1.999400000000000091e+03,6.684078256117048124e-03
-1.998880000000000109e+03,6.696077656294352129e-03
-1.998360000000000127e+03,6.708115217471652403e-03
-1.997839999999999918e+03,6.720152760908953971e-03
-1.997319999999999936e+03,6.732228522086256862e-03
-1.996800000000000182e+03,6.744342494243559666e-03
-1.996279999999999745e+03,6.756475565350861245e-03
-1.995759999999999991e+03,6.768647212548163997e-03
-1.995240000000000009e+03,6.780818473725465194e-03
-1.994720000000000027e+03,6.793027601307001680e-03
-1.994199999999999818e+03,6.805275273464301937e-03
-1.993679999999999836e+03,6.817541534641603437e-03
-1.993160000000000082e+03,6.829808305748906808e-03
-1.992640000000000100e+03,6.842151352946207292e-03
-1.992119999999999891e+03,6.854494053123512572e-03
-1.991599999999999909e+03,6.866875424230816857e-03
-1.991079999999999927e+03,6.879256600913884884e-03
-1.990560000000000173e+03,6.891694801091186734e-03
-1.990039999999999964e+03,6.904133319218488246e-03
-1.989519999999999982e+03,6.916628819395792722e-03
-1.989000000000000000e+03,6.929124319573092862e-03
-1.988480000000000018e+03,6.941657951680394595e-03
-1.987960000000000036e+03,6.954229670857696791e-03
-1.987440000000000055e+03,6.966820671034999572e-03
-1.986920000000000073e+03,6.979430771212299760e-03
-1.986399999999999864e+03,6.992078542319604684e-03
-1.985879999999999882e+03,7.004745789516907302e-03
-1.985360000000000127e+03,7.017432289694207521e-03
-1.984840000000000146e+03,7.030175560801509883e-03
-1.984319999999999936e+03,7.042919179978811284e-03
-1.983799999999999955e+03,7.055700680156114409e-03
-1.983279999999999973e+03,7.068520380333419284e-03
-1.982760000000000218e+03,7.081359498460719493e-03
-1.982239999999999782e+03,7.094217398638018313e-03
-1.981720000000000027e+03,7.107113498815321485e-03
-1.981200000000000045e+03,7.120029389538395405e-03
-1.980680000000000064e+03,7.132982760645696120e-03
-1.980159999999999854e+03,7.145954732802996603e-03
-1.979639999999999873e+03,7.158965780000298498e-03
-1.979120000000000118e+03,7.171995051107599509e-03
-1.978600000000000136e+03,7.185081651284903892e-03
-1.978079999999999927e+03,7.198169098482206686e-03
-1.977559999999999945e+03,7.211293898659506749e-03
-1.977039999999999964e+03,7.224437798836810289e-03
-1.976519999999999982e+03,7.237620560489881234e-03
-1.976000000000000000e+03,7.250821799667184209e-03
-1.975480000000000018e+03,7.264061518844484346e-03
-1.974960000000000036e+03,7.277319519021784727e-03
-1.974439999999999827e+03,7.290616537149087126e-03
-1.973920000000000073e+03,7.303951437326391613e-03
-1.973400000000000091e+03,7.317305281029463232e-03
-1.972880000000000109e+03,7.330697894896764065e-03
-1.972359999999999900e+03,7.344108666004065498e-03
-1.971839999999999918e+03,7.357539413201369567e-03
-1.971320000000000164e+03,7.371007513378667435e-03
-1.970800000000000182e+03,7.384514199575972077e-03
-1.970279999999999973e+03,7.398039943279040298e-03
-1.969759999999999991e+03,7.411622961406343080e-03
-1.969240000000000009e+03,7.425205700583646477e-03
-1.968720000000000255e+03,7.438826947780945685e-03
-1.968199999999999818e+03,7.452466419938251312e-03
-1.967680000000000064e+03,7.466164449661319424e-03
-1.967160000000000082e+03,7.479861748438622684e-03
-1.966639999999999873e+03,7.493616195635923946e-03
-1.966119999999999891e+03,7.507370834813225681e-03
-1.965599999999999909e+03,7.521182582010528701e-03
-1.965080000000000155e+03,7.535013425713597314e-03
-1.964559999999999945e+03,7.548882482840900757e-03
-1.964039999999999964e+03,7.562770283018201666e-03
-1.963519999999999982e+03,7.576696669215504144e-03
-1.963000000000000000e+03,7.590661559938574089e-03
-1.962480000000000018e+03,7.604644926785877890e-03
-1.961960000000000036e+03,7.618666773983179263e-03
-1.961440000000000055e+03,7.632707384090480635e-03
-1.960920000000000073e+03,7.646786374813551758e-03
-1.960399999999999864e+03,7.660903761010854317e-03
-1.959880000000000109e+03,7.675058461188156468e-03
-1.959360000000000127e+03,7.689233490911225044e-03
-1.958839999999999918e+03,7.703426418758525449e-03
-1.958319999999999936e+03,7.717657875885830174e-03
-1.957799999999999955e+03,7.731946623083132790e-03
-1.957280000000000200e+03,7.746235405786200401e-03
-1.956759999999999764e+03,7.760581491983501584e-03
-1.956240000000000009e+03,7.774927539180805092e-03
-1.955720000000000027e+03,7.789330949553877059e-03
-1.955200000000000045e+03,7.803753435751179142e-03
-1.954679999999999836e+03,7.818232653878480487e-03
-1.954159999999999854e+03,7.832712783601548587e-03
-1.953640000000000100e+03,7.847249022778850572e-03
-1.953120000000000118e+03,7.861786097646154131e-03
-1.952599999999999909e+03,7.876399427369222550e-03
-1.952079999999999927e+03,7.891012066546526302e-03
-1.951559999999999945e+03,7.905682352743829619e-03
-1.951040000000000191e+03,7.920352943466898651e-03
-1.950519999999999982e+03,7.935080528264202085e-03
-1.950000000000000000e+03,7.949826867441500688e-03
-1.949480000000000018e+03,7.964631225184572172e-03
-1.948959999999999809e+03,7.979434672381872928e-03
-1.948440000000000055e+03,7.994295958579176326e-03
-1.947920000000000073e+03,8.009176368952247022e-03
-1.947400000000000091e+03,8.024094455149550706e-03
-1.946879999999999882e+03,8.039070184872617805e-03
-1.946359999999999900e+03,8.054046071069917781e-03
-1.945840000000000146e+03,8.069078784937223220e-03
-1.945320000000000164e+03,8.084130567640292545e-03
-1.944799999999999955e+03,8.099220485767593541e-03
-1.944279999999999973e+03,8.114329915490662432e-03
-1.943759999999999991e+03,8.129496329357964457e-03
-1.943240000000000236e+03,8.144682159081035114e-03
-1.942719999999999800e+03,8.159905345278335720e-03
-1.942200000000000045e+03,8.175148159495637321e-03
-1.941680000000000064e+03,8.190466869868706992e-03
-1.941160000000000082e+03,8.205766956066010837e-03
-1.940639999999999873e+03,8.221143285789081837e-03
-1.940119999999999891e+03,8.236538371986382515e-03
-1.939600000000000136e+03,8.251972029379451776e-03
-1.939079999999999927e+03,8.267424954576756829e-03
-1.938559999999999945e+03,8.282934484299824679e-03
-1.938039999999999964e+03,8.298482398167125393e-03
-1.937519999999999982e+03,8.314049755910195988e-03
-1.937000000000000000e+03,8.329654942107496754e-03
-1.936480000000000018e+03,8.345298199500568101e-03
-1.935960000000000036e+03,8.360960656627870746e-03
-1.935440000000000055e+03,8.376680786350938421e-03
-1.934919999999999845e+03,8.392419211548242386e-03
-1.934400000000000091e+03,8.408214921921314255e-03
-1.933880000000000109e+03,8.424029736138614888e-03
-1.933360000000000127e+03,8.439883565861684353e-03
-1.932839999999999918e+03,8.455774818728984885e-03
-1.932319999999999936e+03,8.471704048452054908e-03
-1.931800000000000182e+03,8.487671981669357366e-03
-1.931279999999999745e+03,8.503659039062428857e-03
-1.930759999999999991e+03,8.519703064259731215e-03
-1.930240000000000009e+03,8.535766022002797340e-03
-1.929720000000000027e+03,8.551886435870100292e-03
-1.929199999999999818e+03,8.568006704593171541e-03
-1.928679999999999836e+03,8.584203834316239679e-03
-1.928160000000000082e+03,8.600419248183541199e-03
-1.927640000000000100e+03,8.616692344926612027e-03
-1.927119999999999891e+03,8.632965058793913571e-03
-1.926599999999999909e+03,8.649295427516981438e-03
-1.926079999999999927e+03,8.665663613714284785e-03
-1.925560000000000173e+03,8.682070371107353246e-03
-1.925039999999999964e+03,8.698496114870425677e-03
-1.924519999999999982e+03,8.714978930137728952e-03
-1.924000000000000000e+03,8.731500326530795136e-03
-1.923480000000000018e+03,8.748059356253865687e-03
-1.922960000000000036e+03,8.764637209121167033e-03
-1.922440000000000055e+03,8.781273166864238602e-03
-1.921920000000000073e+03,8.797946492061540016e-03
-1.921399999999999864e+03,8.814639635474609547e-03
-1.920879999999999882e+03,8.831389665197680178e-03
-1.920360000000000127e+03,8.848177646084982861e-03
-1.919840000000000146e+03,8.865003575808050318e-03
-1.919319999999999936e+03,8.881871144531120962e-03
-1.918799999999999955e+03,8.898774044418421986e-03
-1.918279999999999973e+03,8.915695474141492952e-03
-1.917760000000000218e+03,8.932674798554560841e-03
-1.917239999999999782e+03,8.949672323751864389e-03
-1.916720000000000027e+03,8.966746928164934932e-03
-1.916200000000000045e+03,8.983821696888003375e-03
-1.915680000000000064e+03,9.000952979175304638e-03
-1.915159999999999854e+03,9.018103675568375083e-03
-1.914639999999999873e+03,9.035331052311443983e-03
-1.914120000000000118e+03,9.052576776724514246e-03
-1.913600000000000136e+03,9.069879901921817922e-03
-1.913079999999999927e+03,9.087183745334889706e-03
-1.912559999999999945e+03,9.104563114057957068e-03
-1.912039999999999964e+03,9.121961255945257654e-03
-1.911519999999999982e+03,9.139417871688329531e-03
-1.911000000000000000e+03,9.156911868081396913e-03
-1.910480000000000018e+03,9.174424993894465460e-03
-1.909960000000000036e+03,9.191995393781770760e-03
-1.909439999999999827e+03,9.209604462504839689e-03
-1.908920000000000073e+03,9.227270358897908878e-03
-1.908400000000000091e+03,9.244955202660977422e-03
-1.907880000000000109e+03,9.262678399054048370e-03
-1.907359999999999900e+03,9.280439271271350571e-03
-1.906839999999999918e+03,9.298257495684419602e-03
-1.906320000000000164e+03,9.316114740497490054e-03
-1.905800000000000182e+03,9.334009836890559339e-03
-1.905279999999999973e+03,9.351942633633630181e-03
-1.904759999999999991e+03,9.369932733520932450e-03
-1.904240000000000009e+03,9.387922802243998596e-03
-1.903720000000000255e+03,9.406008773677069015e-03
-1.903199999999999818e+03,9.424094371470140286e-03
-1.902680000000000064e+03,9.442256214883208015e-03
-1.902160000000000082e+03,9.460418211626278953e-03
-1.901639999999999873e+03,9.478675750513582479e-03
-1.901119999999999891e+03,9.496932774926651957e-03
-1.900599999999999909e+03,9.515247390669721514e-03
-1.900080000000000155e+03,9.533599916132789662e-03
-1.899559999999999945e+03,9.552010559895860245e-03
-1.899039999999999964e+03,9.570439495288929690e-03
-1.898519999999999982e+03,9.588926011031999319e-03
-1.898000000000000000e+03,9.607450438939301590e-03
-1.897480000000000018e+03,9.626012535332371944e-03
-1.896960000000000036e+03,9.644632847165440434e-03
-1.896440000000000055e+03,9.663290943558508830e-03
-1.895920000000000073e+03,9.681987059301577075e-03
-1.895399999999999864e+03,9.700721969734649175e-03
-1.894880000000000109e+03,9.719513295197717770e-03
-1.894360000000000127e+03,9.738343177960786731e-03
-1.893839999999999918e+03,9.757230474353855224e-03
-1.893319999999999936e+03,9.776136690096925291e-03
-1.892799999999999955e+03,9.795100300529999485e-03
-1.892280000000000200e+03,9.814101725993066433e-03
-1.891759999999999764e+03,9.833160808756132021e-03
-1.891240000000000009e+03,9.852238108643440739e-03
-1.890720000000000027e+03,9.871392372056510267e-03
-1.890200000000000045e+03,9.890565516869575385e-03
-1.889679999999999836e+03,9.909815099282646977e-03
-1.889159999999999854e+03,9.929064643045716967e-03
-1.888640000000000100e+03,9.948409378438787323e-03
-1.888120000000000118e+03,9.967754517941854880e-03
-1.887599999999999909e+03,9.987176433684926899e-03
-1.887079999999999927e+03,1.000661704411799288e-02
-1.886559999999999945e+03,1.002613314051106416e-02
-1.886040000000000191e+03,1.004566925234413530e-02
-1.885519999999999982e+03,1.006528173475720531e-02
-1.885000000000000000e+03,1.008491334519027310e-02
-1.884480000000000018e+03,1.010458290445911088e-02
-1.883959999999999809e+03,1.012428959694217957e-02
-1.883440000000000055e+03,1.014405437935524991e-02
-1.882920000000000073e+03,1.016389552276832087e-02
-1.882400000000000091e+03,1.018375583460138893e-02
-1.881879999999999882e+03,1.020369251701445934e-02
-1.881359999999999900e+03,1.022366742744752928e-02
-1.880840000000000146e+03,1.024368016424060009e-02
-1.880320000000000164e+03,1.026371237467366485e-02
-1.879799999999999955e+03,1.028382044610673569e-02
-1.879279999999999973e+03,1.030396722851980619e-02
-1.878759999999999991e+03,1.032418994035287987e-02
-1.878240000000000236e+03,1.034443222276594694e-02
-1.877719999999999800e+03,1.036471257672478413e-02
-1.877200000000000045e+03,1.038501168820785137e-02
-1.876680000000000064e+03,1.040544397097092379e-02
-1.876160000000000082e+03,1.042589585338399294e-02
-1.875639999999999873e+03,1.044640459288706004e-02
-1.875119999999999891e+03,1.046691377530013095e-02
-1.874600000000000136e+03,1.048751845806320145e-02
-1.874079999999999927e+03,1.050814211307203767e-02
-1.873559999999999945e+03,1.052880362350510843e-02
-1.873039999999999964e+03,1.054950336300817561e-02
-1.872519999999999982e+03,1.057031811775124841e-02
-1.872000000000000000e+03,1.059115156718431691e-02
-1.871480000000000018e+03,1.061200407866738811e-02
-1.870960000000000036e+03,1.063293333262622237e-02
-1.870440000000000055e+03,1.065389991503929053e-02
-1.869919999999999845e+03,1.067492382687236507e-02
-1.869400000000000091e+03,1.069598647630543020e-02
-1.868880000000000109e+03,1.071712498778850178e-02
-1.868360000000000127e+03,1.073832114174733988e-02
-1.867839999999999918e+03,1.075955562416040963e-02
-1.867319999999999936e+03,1.078084684968347480e-02
-1.866800000000000182e+03,1.080217633244654613e-02
-1.866279999999999745e+03,1.082350618745538465e-02
-1.865759999999999991e+03,1.084493123688845713e-02
-1.865240000000000009e+03,1.086637534732152327e-02
-1.864720000000000027e+03,1.088795304133036157e-02
-1.864199999999999818e+03,1.090955029878343079e-02
-1.863679999999999836e+03,1.093120401026649764e-02
-1.863160000000000082e+03,1.095285773202957051e-02
-1.862640000000000100e+03,1.097460778598840711e-02
-1.862119999999999891e+03,1.099637613647147689e-02
-1.861599999999999909e+03,1.101824029392454475e-02
-1.861079999999999927e+03,1.104012361595338096e-02
-1.860560000000000173e+03,1.106208239836645180e-02
-1.860039999999999964e+03,1.108407947686951972e-02
-1.859519999999999982e+03,1.110613501684835913e-02
-1.859000000000000000e+03,1.112822802833142791e-02
-1.858480000000000018e+03,1.115035875009449950e-02
-1.857960000000000036e+03,1.117254748014333450e-02
-1.857440000000000055e+03,1.119481190155640141e-02
-1.856920000000000073e+03,1.121715275098947653e-02
-1.856399999999999864e+03,1.123953248103831161e-02
-1.855879999999999882e+03,1.126194923047138009e-02
-1.855360000000000127e+03,1.128436682448021727e-02
-1.854840000000000146e+03,1.130691812093328856e-02
-1.854319999999999936e+03,1.132950676043635585e-02
-1.853799999999999955e+03,1.135217247239519306e-02
-1.853279999999999973e+03,1.137485665089826500e-02
-1.852760000000000218e+03,1.139759894385709849e-02
-1.852239999999999782e+03,1.142035986938017174e-02
-1.851720000000000027e+03,1.144323499079323916e-02
-1.851200000000000045e+03,1.146614855984207614e-02
-1.850680000000000064e+03,1.148915737027514546e-02
-1.850159999999999854e+03,1.151216693932398220e-02
-1.849639999999999873e+03,1.153521348980705158e-02
-1.849120000000000118e+03,1.155829892978589048e-02
-1.848600000000000136e+03,1.158151790828895918e-02
-1.848079999999999927e+03,1.160475614826779640e-02
-1.847559999999999945e+03,1.162807009875086589e-02
-1.847039999999999964e+03,1.165142293872970143e-02
-1.846519999999999982e+03,1.167485155623277336e-02
-1.846000000000000000e+03,1.169831849621160921e-02
-1.845480000000000018e+03,1.172184257471468177e-02
-1.844960000000000036e+03,1.174542458667351442e-02
-1.844439999999999827e+03,1.176906311219658684e-02
-1.843920000000000073e+03,1.179275893422542312e-02
-1.843400000000000091e+03,1.181649293067849396e-02
-1.842880000000000109e+03,1.184028429170732796e-02
-1.842359999999999900e+03,1.186413286014039760e-02
-1.841839999999999918e+03,1.188809642918923527e-02
-1.841320000000000164e+03,1.191207875121807341e-02
-1.840800000000000182e+03,1.193611838667114379e-02
-1.840279999999999973e+03,1.196017695571998003e-02
-1.839759999999999991e+03,1.198436850515305005e-02
-1.839240000000000009e+03,1.200858038518188599e-02
-1.838720000000000255e+03,1.203286818190072230e-02
-1.838199999999999818e+03,1.205719377835379018e-02
-1.837680000000000064e+03,1.208161493938263338e-02
-1.837160000000000082e+03,1.210603603583570130e-02
-1.836639999999999873e+03,1.213055304388453715e-02
-1.836119999999999891e+03,1.215510771293337559e-02
-1.835599999999999909e+03,1.217977677334644224e-02
-1.835080000000000155e+03,1.220446514239528074e-02
-1.834559999999999945e+03,1.222919177811411864e-02
-1.834039999999999964e+03,1.225397577456718845e-02
-1.833519999999999982e+03,1.227887428261602298e-02
-1.833000000000000000e+03,1.230379154364486145e-02
-1.832480000000000018e+03,1.232878514009792988e-02
-1.831960000000000036e+03,1.235383644814676794e-02
-1.831440000000000055e+03,1.237892545619560455e-02
-1.830920000000000073e+03,1.240411042384443989e-02
-1.830399999999999864e+03,1.242935186034751019e-02
-1.829880000000000109e+03,1.245467056839634663e-02
-1.829360000000000127e+03,1.248002694737518521e-02
-1.828839999999999918e+03,1.250545971642402256e-02
-1.828319999999999936e+03,1.253093040861709244e-02
-1.827799999999999955e+03,1.255651548759592617e-02
-1.827280000000000200e+03,1.258211984862476866e-02
-1.826759999999999764e+03,1.260778135667360231e-02
-1.826240000000000009e+03,1.263346209212667243e-02
-1.825720000000000027e+03,1.265927642784551131e-02
-1.825200000000000045e+03,1.268511029689434709e-02
-1.824679999999999836e+03,1.271109685196318215e-02
-1.824159999999999854e+03,1.273708303094201952e-02
-1.823640000000000100e+03,1.276316442313508819e-02
-1.823120000000000118e+03,1.278928433118392723e-02
-1.822599999999999909e+03,1.281546107823276423e-02
-1.822079999999999927e+03,1.284169555721159997e-02
-1.821559999999999945e+03,1.286798689293044105e-02
-1.821040000000000191e+03,1.289433600097927325e-02
-1.820519999999999982e+03,1.292077976550234757e-02
-1.820000000000000000e+03,1.294728114448118021e-02
-1.819480000000000018e+03,1.297383988020001794e-02
-1.818959999999999809e+03,1.300047533526885700e-02
-1.818440000000000055e+03,1.302718638231769449e-02
-1.817920000000000073e+03,1.305395521803652883e-02
-1.817400000000000091e+03,1.308078129701536682e-02
-1.816879999999999882e+03,1.310770244406420440e-02
-1.816359999999999900e+03,1.313468122680304211e-02
-1.815840000000000146e+03,1.316171743485187659e-02
-1.815320000000000164e+03,1.318881045283071610e-02
-1.814799999999999955e+03,1.321596044502378747e-02
-1.814279999999999973e+03,1.324314930009262183e-02
-1.813759999999999991e+03,1.327047107516146109e-02
-1.813240000000000236e+03,1.329781241088029420e-02
-1.812719999999999800e+03,1.332524910494913180e-02
-1.812200000000000045e+03,1.335270448392796884e-02
-1.811680000000000064e+03,1.338031325864681015e-02
-1.811160000000000082e+03,1.340792181371564668e-02
-1.810639999999999873e+03,1.343568288843448137e-02
-1.810119999999999891e+03,1.346346299648331496e-02
-1.809600000000000136e+03,1.349131989055215447e-02
-1.809079999999999927e+03,1.351921466527099443e-02
-1.808559999999999945e+03,1.354718561928982927e-02
-1.808039999999999964e+03,1.357519483753443466e-02
-1.807519999999999982e+03,1.360333788458327128e-02
-1.807000000000000000e+03,1.363151897865210425e-02
-1.806480000000000018e+03,1.365979521437094175e-02
-1.805960000000000036e+03,1.368812910843978173e-02
-1.805440000000000055e+03,1.371652001117861647e-02
-1.804919999999999845e+03,1.374498760524745650e-02
-1.804400000000000091e+03,1.377353075089629390e-02
-1.803880000000000109e+03,1.380216970596512792e-02
-1.803360000000000127e+03,1.383088478068396875e-02
-1.802839999999999918e+03,1.385965797475280717e-02
-1.802319999999999936e+03,1.388845014036740530e-02
-1.801800000000000182e+03,1.391737531508624101e-02
-1.801279999999999745e+03,1.394633900915507978e-02
-1.800759999999999991e+03,1.397539738387391928e-02
-1.800240000000000009e+03,1.400445657794275635e-02
-1.799720000000000027e+03,1.403366862770159297e-02
-1.799199999999999818e+03,1.406289921827619423e-02
-1.798679999999999836e+03,1.409228267901503108e-02
-1.798160000000000082e+03,1.412166610075387026e-02
-1.797640000000000100e+03,1.415114467582270948e-02
-1.797119999999999891e+03,1.418066179756155218e-02
-1.796599999999999909e+03,1.421036973515614997e-02
-1.796079999999999927e+03,1.424007754887498742e-02
-1.795560000000000173e+03,1.426982387096382456e-02
-1.795039999999999964e+03,1.429962699270265897e-02
-1.794519999999999982e+03,1.432958370122726366e-02
-1.794000000000000000e+03,1.435959696196610451e-02
-1.793480000000000018e+03,1.438970536470494076e-02
-1.792960000000000036e+03,1.441987142684377811e-02
-1.792440000000000055e+03,1.445007599210838128e-02
-1.791920000000000073e+03,1.448037521419721745e-02
-1.791399999999999864e+03,1.451075087493605351e-02
-1.790879999999999882e+03,1.454122281253065682e-02
-1.790360000000000127e+03,1.457175092624949514e-02
-1.789840000000000146e+03,1.460239447600833115e-02
-1.789319999999999936e+03,1.463307605260293597e-02
-1.788799999999999955e+03,1.466385281334177566e-02
-1.788279999999999973e+03,1.469464816310061227e-02
-1.787760000000000218e+03,1.472555893969521544e-02
-1.787239999999999782e+03,1.475650712845405499e-02
-1.786720000000000027e+03,1.478764709371865188e-02
-1.786200000000000045e+03,1.481880532678749203e-02
-1.785680000000000064e+03,1.485007821554633345e-02
-1.785159999999999854e+03,1.488135141981093527e-02
-1.784639999999999873e+03,1.491275741387977465e-02
-1.784120000000000118e+03,1.494420254616438300e-02
-1.783600000000000136e+03,1.497578100690321636e-02
-1.783079999999999927e+03,1.500739754058781801e-02
-1.782559999999999945e+03,1.503912880132665664e-02
-1.782039999999999964e+03,1.507089776206549554e-02
-1.781519999999999982e+03,1.510278204137009868e-02
-1.781000000000000000e+03,1.513474197443893075e-02
-1.780480000000000018e+03,1.516677870672353615e-02
-1.779960000000000036e+03,1.519889146746237346e-02
-1.779439999999999827e+03,1.523110004405698117e-02
-1.778920000000000073e+03,1.526336516188581821e-02
-1.778400000000000091e+03,1.529566911317042401e-02
-1.777880000000000109e+03,1.532810610192925950e-02
-1.777359999999999900e+03,1.536062030619386211e-02
-1.776839999999999918e+03,1.539322954980846918e-02
-1.776320000000000164e+03,1.542591465756730507e-02
-1.775800000000000182e+03,1.545869581892190397e-02
-1.775279999999999973e+03,1.549153337966074039e-02
-1.774759999999999991e+03,1.552448642327535454e-02
-1.774240000000000009e+03,1.555747713103419055e-02
-1.773720000000000255e+03,1.559065886331879695e-02
-1.773199999999999818e+03,1.562385973565339446e-02
-1.772680000000000064e+03,1.565715607143223359e-02
-1.772160000000000082e+03,1.569045241469683993e-02
-1.771639999999999873e+03,1.572392096633144082e-02
-1.771119999999999891e+03,1.575740796607027344e-02
-1.770599999999999909e+03,1.579106672742488365e-02
-1.770080000000000155e+03,1.582476401770948823e-02
-1.769559999999999945e+03,1.585859430646832657e-02
-1.769039999999999964e+03,1.589246399675293270e-02
-1.768519999999999982e+03,1.592644695810753463e-02
-1.768000000000000000e+03,1.596046863288637027e-02
-1.767480000000000018e+03,1.599460484848097205e-02
-1.766960000000000036e+03,1.602881736678557836e-02
-1.766440000000000055e+03,1.606310590012018091e-02
-1.765920000000000073e+03,1.609750957489902018e-02
-1.765399999999999864e+03,1.613200806518362562e-02
-1.764880000000000109e+03,1.616658313646823081e-02
-1.764360000000000127e+03,1.620117768384283369e-02
-1.763839999999999918e+03,1.623598154458167145e-02
-1.763319999999999936e+03,1.627084296288627829e-02
-1.762799999999999955e+03,1.630578078224088207e-02
-1.762280000000000200e+03,1.634075695352548568e-02
-1.761759999999999764e+03,1.637590487183008744e-02
-1.761240000000000009e+03,1.641109064765892619e-02
-1.760720000000000027e+03,1.644641011894353369e-02
-1.760200000000000045e+03,1.648174907624813668e-02
-1.759679999999999836e+03,1.651724029560274268e-02
-1.759159999999999854e+03,1.655275111390734286e-02
-1.758640000000000100e+03,1.658845243221195032e-02
-1.758120000000000118e+03,1.662417250454655340e-02
-1.757599999999999909e+03,1.666002677932539033e-02
-1.757079999999999927e+03,1.669593823662999382e-02
-1.756559999999999945e+03,1.673202108400459812e-02
-1.756040000000000191e+03,1.676812297428919435e-02
-1.755519999999999982e+03,1.680435916066380306e-02
-1.755000000000000000e+03,1.684063313194841469e-02
-1.754480000000000018e+03,1.687702152223301624e-02
-1.753959999999999809e+03,1.691350550860762011e-02
-1.753440000000000055e+03,1.695008492691222127e-02
-1.752920000000000073e+03,1.698675991328682869e-02
-1.752400000000000091e+03,1.702351073124143410e-02
-1.751879999999999882e+03,1.706039578854603653e-02
-1.751359999999999900e+03,1.709733817492063712e-02
-1.750840000000000146e+03,1.713445189322524223e-02
-1.750320000000000164e+03,1.717160385157985580e-02
-1.749799999999999955e+03,1.720888950888445693e-02
-1.749279999999999973e+03,1.724621335625906027e-02
-1.748759999999999991e+03,1.728367126058365927e-02
-1.748240000000000236e+03,1.732114747462826926e-02
-1.747719999999999800e+03,1.735883420391287277e-02
-1.747200000000000045e+03,1.739652045128747826e-02
-1.746680000000000064e+03,1.743441680859207990e-02
-1.746160000000000082e+03,1.747231350942245881e-02
-1.745639999999999873e+03,1.751038182346705691e-02
-1.745119999999999891e+03,1.754846902779166190e-02
-1.744600000000000136e+03,1.758672828614626579e-02
-1.744079999999999927e+03,1.762502577252086922e-02
-1.743559999999999945e+03,1.766351372982547310e-02
-1.743039999999999964e+03,1.770204029089007813e-02
-1.742519999999999982e+03,1.774071959172044896e-02
-1.742000000000000000e+03,1.777945587809505457e-02
-1.741480000000000018e+03,1.781830662141966129e-02
-1.740960000000000036e+03,1.785721483546426347e-02
-1.740440000000000055e+03,1.789619936474887499e-02
-1.739919999999999845e+03,1.793533694166923875e-02
-1.739400000000000091e+03,1.797458843797384784e-02
-1.738880000000000109e+03,1.801395455201845394e-02
-1.738360000000000127e+03,1.805335918541305096e-02
-1.737839999999999918e+03,1.809295482524343052e-02
-1.737319999999999936e+03,1.813262638630802961e-02
-1.736800000000000182e+03,1.817241268261263545e-02
-1.736279999999999745e+03,1.821225695953300819e-02
-1.735759999999999991e+03,1.825221471257760728e-02
-1.735240000000000009e+03,1.829219181690221532e-02
-1.734720000000000027e+03,1.833243638580258489e-02
-1.734199999999999818e+03,1.837268091779719129e-02
-1.733679999999999836e+03,1.841313509019179562e-02
-1.733160000000000082e+03,1.845360888676217045e-02
-1.732640000000000100e+03,1.849421583008677497e-02
-1.732119999999999891e+03,1.853487971646137697e-02
-1.731599999999999909e+03,1.857575446005175004e-02
-1.731079999999999927e+03,1.861666700337635122e-02
-1.730560000000000173e+03,1.865769419994672482e-02
-1.730039999999999964e+03,1.869879777234132942e-02
-1.729519999999999982e+03,1.874003485919170306e-02
-1.729000000000000000e+03,1.878136712025630164e-02
-1.728480000000000018e+03,1.882287094563090887e-02
-1.727960000000000036e+03,1.886445186015128436e-02
-1.727440000000000055e+03,1.890610887154588193e-02
-1.726920000000000073e+03,1.894791901513625740e-02
-1.726399999999999864e+03,1.898982378753085939e-02
-1.725879999999999882e+03,1.903184368305123678e-02
-1.725360000000000127e+03,1.907392035544584058e-02
-1.724840000000000146e+03,1.911618839903621303e-02
-1.724319999999999936e+03,1.915851375395657974e-02
-1.723799999999999955e+03,1.920102972495119076e-02
-1.723279999999999973e+03,1.924356514087155468e-02
-1.722760000000000218e+03,1.928625254093616070e-02
-1.722239999999999782e+03,1.932895989585653798e-02
-1.721720000000000027e+03,1.937189559487113855e-02
-1.721200000000000045e+03,1.941486984979151273e-02
-1.720680000000000064e+03,1.945809189338188611e-02
-1.720159999999999854e+03,1.950133323244648831e-02
-1.719639999999999873e+03,1.954470854836685631e-02
-1.719120000000000118e+03,1.958814122990723203e-02
-1.718600000000000136e+03,1.963178314130183122e-02
-1.718079999999999927e+03,1.967548303191220954e-02
-1.717559999999999945e+03,1.971933541450257912e-02
-1.717039999999999964e+03,1.976326382589719058e-02
-1.716519999999999982e+03,1.980730719750755514e-02
-1.716000000000000000e+03,1.985148375102792698e-02
-1.715480000000000018e+03,1.989579450594830198e-02
-1.714960000000000036e+03,1.994021939203290128e-02
-1.714439999999999827e+03,1.998475890264327440e-02
-1.713920000000000073e+03,2.002941295756364634e-02
-1.713400000000000091e+03,2.007416578717402186e-02
-1.712880000000000109e+03,2.011906782623862702e-02
-1.712359999999999900e+03,2.016408480917899343e-02
-1.711839999999999918e+03,2.020923533878937056e-02
-1.711320000000000164e+03,2.025444279230973962e-02
-1.710800000000000182e+03,2.029980307525010991e-02
-1.710279999999999973e+03,2.034524010486048196e-02
-1.709759999999999991e+03,2.039088658292508710e-02
-1.709240000000000009e+03,2.043655234055546596e-02
-1.708720000000000255e+03,2.048248562314583521e-02
-1.708199999999999818e+03,2.052843786408620544e-02
-1.707680000000000064e+03,2.057458077469657282e-02
-1.707160000000000082e+03,2.062076220430694370e-02
-1.706639999999999873e+03,2.066717252589731976e-02
-1.706119999999999891e+03,2.071362085585768537e-02
-1.705599999999999909e+03,2.076024162446806626e-02
-1.705080000000000155e+03,2.080693843507843560e-02
-1.704559999999999945e+03,2.085380700368880472e-02
-1.704039999999999964e+03,2.090077110031917512e-02
-1.703519999999999982e+03,2.094784888290955258e-02
-1.703000000000000000e+03,2.099506125151991837e-02
-1.702480000000000018e+03,2.104240732048029416e-02
-1.701960000000000036e+03,2.108988624207066426e-02
-1.701440000000000055e+03,2.113749969970103726e-02
-1.700920000000000073e+03,2.118526546831141222e-02
-1.700399999999999864e+03,2.123312676494178153e-02
-1.699880000000000109e+03,2.128114033355215165e-02
-1.699360000000000127e+03,2.132923048316252151e-02
-1.698839999999999918e+03,2.137749288084289656e-02
-1.698319999999999936e+03,2.142585062099903320e-02
-1.697799999999999955e+03,2.147439898960940355e-02
-1.697280000000000200e+03,2.152300468623978211e-02
-1.696759999999999764e+03,2.157178225485015602e-02
-1.696240000000000009e+03,2.162059759048052393e-02
-1.695720000000000027e+03,2.166971895909089452e-02
-1.695200000000000045e+03,2.171885929924703348e-02
-1.694679999999999836e+03,2.176819080685740357e-02
-1.694159999999999854e+03,2.181756003255777912e-02
-1.693640000000000100e+03,2.186715842918814795e-02
-1.693120000000000118e+03,2.191681363679852390e-02
-1.692599999999999909e+03,2.196671797695466319e-02
-1.692079999999999927e+03,2.201669788456503060e-02
-1.691559999999999945e+03,2.206681232821540439e-02
-1.691040000000000191e+03,2.211702183644154163e-02
-1.690519999999999982e+03,2.216740280505191674e-02
-1.690000000000000000e+03,2.221789844068228909e-02
-1.689480000000000018e+03,2.226854669181842217e-02
-1.688959999999999809e+03,2.231934830353880100e-02
-1.688440000000000055e+03,2.237030130016916599e-02
-1.687920000000000073e+03,2.242136977897530789e-02
-1.687400000000000091e+03,2.247253376162568206e-02
-1.686879999999999882e+03,2.252390749725605157e-02
-1.686359999999999900e+03,2.257539620548219134e-02
-1.685840000000000146e+03,2.262701856011256965e-02
-1.685320000000000164e+03,2.267871683926870122e-02
-1.684799999999999955e+03,2.273064437865907061e-02
-1.684279999999999973e+03,2.278264822979521320e-02
-1.683759999999999991e+03,2.283488131244558461e-02
-1.683240000000000236e+03,2.288715263060172103e-02
-1.682719999999999800e+03,2.293970994232209792e-02
-1.682200000000000045e+03,2.299228632112823925e-02
-1.681680000000000064e+03,2.304507280377860942e-02
-1.681160000000000082e+03,2.309789755100474795e-02
-1.680639999999999873e+03,2.315098963365512172e-02
-1.680119999999999891e+03,2.320415852650125829e-02
-1.679600000000000136e+03,2.325757446318162808e-02
-1.679079999999999927e+03,2.331102932835776853e-02
-1.678559999999999945e+03,2.336465661127391097e-02
-1.678039999999999964e+03,2.341839728590427994e-02
-1.677519999999999982e+03,2.347232961208041771e-02
-1.677000000000000000e+03,2.352639489047078994e-02
-1.676480000000000018e+03,2.358063232762693320e-02
-1.675960000000000036e+03,2.363502312187306872e-02
-1.675440000000000055e+03,2.368952762869920917e-02
-1.674919999999999845e+03,2.374418495034958179e-02
-1.674400000000000091e+03,2.379895724459571774e-02
-1.673880000000000109e+03,2.385393913744185759e-02
-1.673360000000000127e+03,2.390901668816223374e-02
-1.672839999999999918e+03,2.396434238100837028e-02
-1.672319999999999936e+03,2.401972537525451021e-02
-1.671800000000000182e+03,2.407533754043064342e-02
-1.671279999999999745e+03,2.413100672980102168e-02
-1.670759999999999991e+03,2.418694359497716023e-02
-1.670240000000000009e+03,2.424291821689329718e-02
-1.669720000000000027e+03,2.429917928206943786e-02
-1.669199999999999818e+03,2.435547864298557783e-02
-1.668679999999999836e+03,2.441202655518171644e-02
-1.668160000000000082e+03,2.446861237709785711e-02
-1.667640000000000100e+03,2.452548433774823233e-02
-1.667119999999999891e+03,2.458239435966436473e-02
-1.666599999999999909e+03,2.463957176384050374e-02
-1.666079999999999927e+03,2.469682649979664663e-02
-1.665560000000000173e+03,2.475425172171278818e-02
-1.665039999999999964e+03,2.481179202588892213e-02
-1.664519999999999982e+03,2.486954283382506597e-02
-1.664000000000000000e+03,2.492744549900120093e-02
-1.663480000000000018e+03,2.498557745991733872e-02
-1.662960000000000036e+03,2.504382434018348133e-02
-1.662440000000000055e+03,2.510218547202961933e-02
-1.661920000000000073e+03,2.516075707996575511e-02
-1.661399999999999864e+03,2.521944288414189675e-02
-1.660879999999999882e+03,2.527833869207803466e-02
-1.660360000000000127e+03,2.533734878101417259e-02
-1.659840000000000146e+03,2.539656923221031773e-02
-1.659319999999999936e+03,2.545588473665222340e-02
-1.658799999999999955e+03,2.551550638358835929e-02
-1.658279999999999973e+03,2.557518476245449618e-02
-1.657760000000000218e+03,2.563511159570062981e-02
-1.657239999999999782e+03,2.569503837065677254e-02
-1.656720000000000027e+03,2.575528977859291302e-02
-1.656200000000000045e+03,2.581556007331482078e-02
-1.655680000000000064e+03,2.587619317323096302e-02
-1.655159999999999854e+03,2.593684524818710285e-02
-1.654639999999999873e+03,2.599778375612324388e-02
-1.654120000000000118e+03,2.605878041751514759e-02
-1.653600000000000136e+03,2.612004359778128532e-02
-1.653079999999999927e+03,2.618138327273742891e-02
-1.652559999999999945e+03,2.624293217265355818e-02
-1.652039999999999964e+03,2.630463453404547486e-02
-1.651519999999999982e+03,2.636656580900161723e-02
-1.651000000000000000e+03,2.642863075593775146e-02
-1.650480000000000018e+03,2.649086794639964049e-02
-1.649960000000000036e+03,2.655329579368580564e-02
-1.649439999999999827e+03,2.661591448414770203e-02
-1.648920000000000073e+03,2.667870504903383302e-02
-1.648400000000000091e+03,2.674162902398997954e-02
-1.647880000000000109e+03,2.680474431445189348e-02
-1.647359999999999900e+03,2.686799300038802615e-02
-1.646839999999999918e+03,2.693148981886994350e-02
-1.646320000000000164e+03,2.699510136580607345e-02
-1.645800000000000182e+03,2.705894237030797081e-02
-1.645279999999999973e+03,2.712285851724411875e-02
-1.644759999999999991e+03,2.718715757472602371e-02
-1.644240000000000009e+03,2.725149473961216776e-02
-1.643720000000000255e+03,2.731607979709407483e-02
-1.643199999999999818e+03,2.738068408303020659e-02
-1.642680000000000064e+03,2.744570872051211100e-02
-1.642160000000000082e+03,2.751075217799402867e-02
-1.641639999999999873e+03,2.757608161095016081e-02
-1.641119999999999891e+03,2.764146886843207168e-02
-1.640599999999999909e+03,2.770716157293397208e-02
-1.640080000000000155e+03,2.777294908654011005e-02
-1.639559999999999945e+03,2.783894739104201058e-02
-1.639039999999999964e+03,2.790511756752391687e-02
-1.638519999999999982e+03,2.797153488148006184e-02
-1.638000000000000000e+03,2.803808705796197523e-02
-1.637480000000000018e+03,2.810482941544388547e-02
-1.636960000000000036e+03,2.817178221994578319e-02
-1.636440000000000055e+03,2.823892574864192428e-02
-1.635920000000000073e+03,2.830627965314382044e-02
-1.635399999999999864e+03,2.837374762962573474e-02
-1.634880000000000109e+03,2.844144452610764331e-02
-1.634360000000000127e+03,2.850929455827954859e-02
-1.633839999999999918e+03,2.857743073023569225e-02
-1.633319999999999936e+03,2.864568187373759539e-02
-1.632799999999999955e+03,2.871419987823950470e-02
-1.632280000000000200e+03,2.878275662139140670e-02
-1.631759999999999764e+03,2.885169489396332068e-02
-1.631240000000000009e+03,2.892069043746522961e-02
-1.630720000000000027e+03,2.899002980863713344e-02
-1.630200000000000045e+03,2.905938768511903691e-02
-1.629679999999999836e+03,2.912910856762094408e-02
-1.629159999999999854e+03,2.919886816786284797e-02
-1.628640000000000100e+03,2.926895191136475241e-02
-1.628120000000000118e+03,2.933911237386665691e-02
-1.627599999999999909e+03,2.940961584503856349e-02
-1.627079999999999927e+03,2.948021528854047335e-02
-1.626559999999999945e+03,2.955108172778238285e-02
-1.626040000000000191e+03,2.962210121830428922e-02
-1.625519999999999982e+03,2.969338776145618794e-02
-1.625000000000000000e+03,2.976482667302810317e-02
-1.624480000000000018e+03,2.983647680707578187e-02
-1.623959999999999809e+03,2.990831681724768695e-02
-1.623440000000000055e+03,2.998032904676958821e-02
-1.622920000000000073e+03,3.005258924701149220e-02
-1.622400000000000091e+03,3.012502170420339187e-02
-1.621879999999999882e+03,3.019772103023108875e-02
-1.621359999999999900e+03,3.027057321649298874e-02
-1.620840000000000146e+03,3.034371149899488945e-02
-1.620320000000000164e+03,3.041692655618679839e-02
-1.619799999999999955e+03,3.049048575830447597e-02
-1.619279999999999973e+03,3.056412064045638255e-02
-1.618759999999999991e+03,3.063811832671829022e-02
-1.618240000000000236e+03,3.071217359976595798e-02
-1.617719999999999800e+03,3.078659148602787277e-02
-1.617200000000000045e+03,3.086102851023976579e-02
-1.616680000000000064e+03,3.093592333626744503e-02
-1.616160000000000082e+03,3.101085642252934815e-02
-1.615639999999999873e+03,3.108611506224702448e-02
-1.615119999999999891e+03,3.116144922083893126e-02
-1.614600000000000136e+03,3.123712706055660482e-02
-1.614079999999999927e+03,3.131291968581851465e-02
-1.613559999999999945e+03,3.138901768653618723e-02
-1.613039999999999964e+03,3.146524908412809407e-02
-1.612519999999999982e+03,3.154176732384577492e-02
-1.612000000000000000e+03,3.161847624910767846e-02
-1.611480000000000018e+03,3.169545326386535161e-02
-1.610960000000000036e+03,3.177262008912725560e-02
-1.610440000000000055e+03,3.184997823024493524e-02
-1.609919999999999845e+03,3.192758466996260813e-02
-1.609400000000000091e+03,3.200540124224451194e-02
-1.608880000000000109e+03,3.208346560998218133e-02
-1.608360000000000127e+03,3.216164457876985461e-02
-1.607839999999999918e+03,3.224022519005177723e-02
-1.607319999999999936e+03,3.231891982976944216e-02
-1.606800000000000182e+03,3.239793923755711347e-02
-1.606279999999999745e+03,3.247699665231479349e-02
-1.605759999999999991e+03,3.255649318890668775e-02
-1.605240000000000009e+03,3.263602810471437354e-02
-1.604720000000000027e+03,3.271598325847204641e-02
-1.604199999999999818e+03,3.279597576625972039e-02
-1.603679999999999836e+03,3.287638932106739381e-02
-1.603160000000000082e+03,3.295687811334929718e-02
-1.602640000000000100e+03,3.303773042775697694e-02
-1.602119999999999891e+03,3.311867828256464391e-02
-1.601599999999999909e+03,3.319998860439231370e-02
-1.601079999999999927e+03,3.328143271217999521e-02
-1.600560000000000173e+03,3.336322046593766938e-02
-1.600039999999999964e+03,3.344516152074534371e-02
-1.599519999999999982e+03,3.352736897555300827e-02
-1.599000000000000000e+03,3.360978709738068892e-02
-1.598480000000000018e+03,3.369245295218836062e-02
-1.597960000000000036e+03,3.377538677261603811e-02
-1.597440000000000055e+03,3.385853012742370827e-02
-1.596920000000000073e+03,3.394196004925138094e-02
-1.596399999999999864e+03,3.402558330405906079e-02
-1.595879999999999882e+03,3.410952892588673541e-02
-1.595360000000000127e+03,3.419360809089018460e-02
-1.594840000000000146e+03,3.427805015973784536e-02
-1.594319999999999936e+03,3.436260595249552435e-02
-1.593799999999999955e+03,3.444750604630320012e-02
-1.593279999999999973e+03,3.453248209580087047e-02
-1.592760000000000218e+03,3.461793628015432528e-02
-1.592239999999999782e+03,3.470342800198199240e-02
-1.591720000000000027e+03,3.478937849849966790e-02
-1.591200000000000045e+03,3.487538593130733861e-02
-1.590680000000000064e+03,3.496187072433077497e-02
-1.590159999999999854e+03,3.504843193217845043e-02
-1.589639999999999873e+03,3.513533687300612190e-02
-1.589120000000000118e+03,3.522235650502957005e-02
-1.588600000000000136e+03,3.530977667387723978e-02
-1.588079999999999927e+03,3.539734967788068370e-02
-1.587559999999999945e+03,3.548524788572835625e-02
-1.587039999999999964e+03,3.557335572124602219e-02
-1.586519999999999982e+03,3.566176896268947322e-02
-1.586000000000000000e+03,3.575041072316714752e-02
-1.585480000000000018e+03,3.583930197454059108e-02
-1.584960000000000036e+03,3.592845984905826406e-02
-1.584439999999999827e+03,3.601788540043169423e-02
-1.583920000000000073e+03,3.610761607947514384e-02
-1.583400000000000091e+03,3.619755645930281679e-02
-1.582880000000000109e+03,3.628780287734625215e-02
-1.582359999999999900e+03,3.637822084193393507e-02
-1.581839999999999918e+03,3.646902109330736608e-02
-1.581320000000000164e+03,3.655995461135081587e-02
-1.580800000000000182e+03,3.665126978586849549e-02
-1.580279999999999973e+03,3.674268073724194089e-02
-1.579759999999999991e+03,3.683460783137537664e-02
-1.579240000000000009e+03,3.692659184941880779e-02
-1.578720000000000255e+03,3.701903339626648470e-02
-1.578199999999999818e+03,3.711151386132992974e-02
-1.577680000000000064e+03,3.720452880844337534e-02
-1.577160000000000082e+03,3.729762012648681763e-02
-1.576639999999999873e+03,3.739111239155025468e-02
-1.576119999999999891e+03,3.748473816746793197e-02
-1.575599999999999909e+03,3.757880347153137734e-02
-1.575080000000000155e+03,3.767302118957481516e-02
-1.574559999999999945e+03,3.776760172270824528e-02
-1.574039999999999964e+03,3.786239228777169008e-02
-1.573519999999999982e+03,3.795750774481513462e-02
-1.573000000000000000e+03,3.805287133894857954e-02
-1.572480000000000018e+03,3.814855964301201718e-02
-1.571960000000000036e+03,3.824453400416545634e-02
-1.571440000000000055e+03,3.834073713353889495e-02
-1.570920000000000073e+03,3.843726536667235044e-02
-1.570399999999999864e+03,3.853400367073579746e-02
-1.569880000000000109e+03,3.863112400386922024e-02
-1.569360000000000127e+03,3.872843517947843761e-02
-1.568839999999999918e+03,3.882612804028187647e-02
-1.568319999999999936e+03,3.892397368334532537e-02
-1.567799999999999955e+03,3.902227721647876652e-02
-1.567280000000000200e+03,3.912067674856220534e-02
-1.566759999999999764e+03,3.921961131124140909e-02
-1.566240000000000009e+03,3.931858385430486019e-02
-1.565720000000000027e+03,3.941814751545829471e-02
-1.565200000000000045e+03,3.951773110204749584e-02
-1.564679999999999836e+03,3.961781082120095082e-02
-1.564159999999999854e+03,3.971798624902439512e-02
-1.563640000000000100e+03,3.981867713561360045e-02
-1.563120000000000118e+03,3.991950125476703692e-02
-1.562599999999999909e+03,4.002072615492047875e-02
-1.562079999999999927e+03,4.012214271619968242e-02
-1.561559999999999945e+03,4.022399841635312945e-02
-1.561040000000000191e+03,4.032604531803232750e-02
-1.560519999999999982e+03,4.042843516380578012e-02
-1.560000000000000000e+03,4.053109241846498956e-02
-1.559480000000000018e+03,4.063409346563842672e-02
-1.558959999999999809e+03,4.073740046591763780e-02
-1.558440000000000055e+03,4.084097489561683975e-02
-1.557920000000000073e+03,4.094494951477028327e-02
-1.557400000000000091e+03,4.104915377213949612e-02
-1.556879999999999882e+03,4.115373947381870817e-02
-1.556359999999999900e+03,4.125853545859213545e-02
-1.555840000000000146e+03,4.136375198829135569e-02
-1.555320000000000164e+03,4.146910175664056397e-02
-1.554799999999999955e+03,4.157498594281399534e-02
-1.554279999999999973e+03,4.168096600018322134e-02
-1.553759999999999991e+03,4.178748030186241191e-02
-1.553240000000000236e+03,4.189403289823162568e-02
-1.552719999999999800e+03,4.200127341395083064e-02
-1.552200000000000045e+03,4.210855171423005111e-02
-1.551680000000000064e+03,4.221636456707348467e-02
-1.551160000000000082e+03,4.232427308279269190e-02
-1.550639999999999873e+03,4.243269697916190325e-02
-1.550119999999999891e+03,4.254129312255110901e-02
-1.549600000000000136e+03,4.265034726323032460e-02
-1.549079999999999927e+03,4.275961140661952570e-02
-1.548559999999999945e+03,4.286929540298874131e-02
-1.548039999999999964e+03,4.297922804637795136e-02
-1.547519999999999982e+03,4.308954270109716100e-02
-1.547000000000000000e+03,4.320016244099213198e-02
-1.546480000000000018e+03,4.331110695245134895e-02
-1.545960000000000036e+03,4.342239516782055164e-02
-1.545440000000000055e+03,4.353396995020975685e-02
-1.544919999999999845e+03,4.364596440492896773e-02
-1.544400000000000091e+03,4.375820718731818215e-02
-1.543880000000000109e+03,4.387088961323315495e-02
-1.543360000000000127e+03,4.398378179562237311e-02
-1.542839999999999918e+03,4.409717060708157749e-02
-1.542319999999999936e+03,4.421073063299655465e-02
-1.541800000000000182e+03,4.432482561538575450e-02
-1.541279999999999745e+03,4.443901647281496559e-02
-1.540759999999999991e+03,4.455383763772994415e-02
-1.540240000000000009e+03,4.466869614918915488e-02
-1.539720000000000027e+03,4.478424261759835628e-02
-1.539199999999999818e+03,4.489984638251334065e-02
-1.538679999999999836e+03,4.501600373297254265e-02
-1.538160000000000082e+03,4.513229490590751208e-02
-1.537640000000000100e+03,4.524919700233672598e-02
-1.537119999999999891e+03,4.536625192399171280e-02
-1.536599999999999909e+03,4.548378417492668357e-02
-1.536079999999999927e+03,4.560154539631589704e-02
-1.535560000000000173e+03,4.571980343732086338e-02
-1.535039999999999964e+03,4.583830977727584161e-02
-1.534519999999999982e+03,4.595719731235505673e-02
-1.534000000000000000e+03,4.607642949236001595e-02
-1.533480000000000018e+03,4.619604263231501251e-02
-1.532960000000000036e+03,4.631603799646421410e-02
-1.532440000000000055e+03,4.643633924739919844e-02
-1.531920000000000073e+03,4.655706025542417220e-02
-1.531399999999999864e+03,4.667804913402914813e-02
-1.530879999999999882e+03,4.679953364205411553e-02
-1.530360000000000127e+03,4.692124779298909032e-02
-1.529840000000000146e+03,4.704353450066407066e-02
-1.529319999999999936e+03,4.716597401218328850e-02
-1.528799999999999955e+03,4.728898652978826000e-02
-1.528279999999999973e+03,4.741211363781324545e-02
-1.527760000000000218e+03,4.753590910243821188e-02
-1.527239999999999782e+03,4.765978064946318343e-02
-1.526720000000000027e+03,4.778435957570392745e-02
-1.526200000000000045e+03,4.790901366563890540e-02
-1.525680000000000064e+03,4.803431808735387359e-02
-1.525159999999999854e+03,4.815975568104886168e-02
-1.524639999999999873e+03,4.828574668502383371e-02
-1.524120000000000118e+03,4.841192885971880994e-02
-1.523600000000000136e+03,4.853872255341378644e-02
-1.523079999999999927e+03,4.866572622998453085e-02
-1.522559999999999945e+03,4.879324522262951103e-02
-1.522039999999999964e+03,4.892105025532447748e-02
-1.521519999999999982e+03,4.904929492056521456e-02
-1.521000000000000000e+03,4.917790215361020345e-02
-1.520480000000000018e+03,4.930692961432518728e-02
-1.519960000000000036e+03,4.943635851856591906e-02
-1.519439999999999827e+03,4.956611156921091055e-02
-1.518920000000000073e+03,4.969636127345164467e-02
-1.518400000000000091e+03,4.982691577316660653e-02
-1.517880000000000109e+03,4.995798949675737261e-02
-1.517359999999999900e+03,5.008927029647233797e-02
-1.516839999999999918e+03,5.022118154773307780e-02
-1.516320000000000164e+03,5.035330224744805766e-02
-1.515800000000000182e+03,5.048603433770880444e-02
-1.515279999999999973e+03,5.061888064194955406e-02
-1.514759999999999991e+03,5.075241458868452737e-02
-1.514240000000000009e+03,5.088598707894526757e-02
-1.513720000000000255e+03,5.102039953587601817e-02
-1.513199999999999818e+03,5.115488847911676268e-02
-1.512680000000000064e+03,5.129014042585171990e-02
-1.512160000000000082e+03,5.142550735511246945e-02
-1.511639999999999873e+03,5.156148594537321439e-02
-1.511119999999999891e+03,5.169767420370394856e-02
-1.510599999999999909e+03,5.183447400765469476e-02
-1.510080000000000155e+03,5.197154079791543868e-02
-1.509559999999999945e+03,5.210914192717618770e-02
-1.509039999999999964e+03,5.224704868445693290e-02
-1.508519999999999982e+03,5.238543331747767817e-02
-1.508000000000000000e+03,5.252423728573841349e-02
-1.507480000000000018e+03,5.266351871499915654e-02
-1.506960000000000036e+03,5.280322074696992135e-02
-1.506440000000000055e+03,5.294326574430063131e-02
-1.505920000000000073e+03,5.308382728725138250e-02
-1.505399999999999864e+03,5.322465569155211684e-02
-1.504880000000000109e+03,5.336613356007865322e-02
-1.504360000000000127e+03,5.350785967535938437e-02
-1.503839999999999918e+03,5.365023474633012768e-02
-1.503319999999999936e+03,5.379280079068086973e-02
-1.502799999999999955e+03,5.393609304417738143e-02
-1.502280000000000200e+03,5.407948038852813250e-02
-1.501759999999999764e+03,5.422366980302465583e-02
-1.501240000000000009e+03,5.436791621404539476e-02
-1.500720000000000027e+03,5.451304119634612505e-02
-1.500200000000000045e+03,5.465824241189266158e-02
-1.499679999999999836e+03,5.480420766888338679e-02
-1.499159999999999854e+03,5.495030659575989018e-02
-1.498640000000000100e+03,5.509711140573062688e-02
-1.498120000000000118e+03,5.524412707431714670e-02
-1.497599999999999909e+03,5.539181079979367539e-02
-1.497079999999999927e+03,5.553978108585440332e-02
-1.496559999999999945e+03,5.568836257975091214e-02
-1.496040000000000191e+03,5.583728769124741975e-02
-1.495519999999999982e+03,5.598674762083392237e-02
-1.495000000000000000e+03,5.613664619887467899e-02
-1.494480000000000018e+03,5.628698423839120085e-02
-1.493959999999999809e+03,5.643783847895772476e-02
-1.493440000000000055e+03,5.658907374754422459e-02
-1.492920000000000073e+03,5.674088255513071166e-02
-1.492400000000000091e+03,5.689299639464723973e-02
-1.491879999999999882e+03,5.704579786323375062e-02
-1.491359999999999900e+03,5.719886711784024497e-02
-1.490840000000000146e+03,5.735264222542676982e-02
-1.490320000000000164e+03,5.750658926068330512e-02
-1.489799999999999955e+03,5.766135756826978181e-02
-1.489279999999999973e+03,5.781625989380630853e-02
-1.488759999999999991e+03,5.797200180139282233e-02
-1.488240000000000236e+03,5.812780135599931314e-02
-1.487719999999999800e+03,5.828453683827583554e-02
-1.487200000000000045e+03,5.844134872838810391e-02
-1.486680000000000064e+03,5.859901962199462466e-02
-1.486160000000000082e+03,5.875684330427114604e-02
-1.485639999999999873e+03,5.891544959787763797e-02
-1.485119999999999891e+03,5.907430471565992131e-02
-1.484600000000000136e+03,5.923384690926643270e-02
-1.484079999999999927e+03,5.939371417441872969e-02
-1.483559999999999945e+03,5.955419221078522146e-02
-1.483039999999999964e+03,5.971509034791751963e-02
-1.482519999999999982e+03,5.987658030819401067e-02
-1.482000000000000000e+03,6.003850940101627953e-02
-1.481480000000000018e+03,6.020093558064279482e-02
-1.480960000000000036e+03,6.036387698444508482e-02
-1.480440000000000055e+03,6.052725771766736401e-02
-1.479919999999999845e+03,6.069128732496385792e-02
-1.479400000000000091e+03,6.085569930380615999e-02
-1.478880000000000109e+03,6.102077941893844365e-02
-1.478360000000000127e+03,6.118612732685070610e-02
-1.477839999999999918e+03,6.135225747314720229e-02
-1.477319999999999936e+03,6.151859859098949418e-02
-1.476800000000000182e+03,6.168585562386176557e-02
-1.476279999999999745e+03,6.185324621403406192e-02
-1.475759999999999991e+03,6.202151577994635678e-02
-1.475240000000000009e+03,6.218988003678862370e-02
-1.474720000000000027e+03,6.235925705463089136e-02
-1.474199999999999818e+03,6.252872907352316489e-02
-1.473679999999999836e+03,6.269909883036543785e-02
-1.473160000000000082e+03,6.286964086329770163e-02
-1.472640000000000100e+03,6.304106109212001541e-02
-1.472119999999999891e+03,6.321272952505227471e-02
-1.471599999999999909e+03,6.338519965449034010e-02
-1.471079999999999927e+03,6.355797588602259129e-02
-1.470560000000000173e+03,6.373143884391486991e-02
-1.470039999999999964e+03,6.390534183030292803e-02
-1.469519999999999982e+03,6.407989336323521856e-02
-1.469000000000000000e+03,6.425494203516748937e-02
-1.468480000000000018e+03,6.443054444922553803e-02
-1.467960000000000036e+03,6.460670042115780609e-02
-1.467440000000000055e+03,6.478327643661584145e-02
-1.466920000000000073e+03,6.496057793621812237e-02
-1.466399999999999864e+03,6.513826172260615832e-02
-1.465879999999999882e+03,6.531672868055846126e-02
-1.465360000000000127e+03,6.549551982368650993e-02
-1.464840000000000146e+03,6.567513262516455619e-02
-1.464319999999999936e+03,6.585495436376682943e-02
-1.463799999999999955e+03,6.603573226524486750e-02
-1.463279999999999973e+03,6.621666214632292158e-02
-1.462760000000000218e+03,6.639862327547096932e-02
-1.462239999999999782e+03,6.658067953342323986e-02
-1.461720000000000027e+03,6.676380630157130458e-02
-1.461200000000000045e+03,6.694704716971934533e-02
-1.460680000000000064e+03,6.713126159921738167e-02
-1.460159999999999854e+03,6.731568616736544053e-02
-1.459639999999999873e+03,6.750106863551348646e-02
-1.459120000000000118e+03,6.768671566075151746e-02
-1.458600000000000136e+03,6.787312614022956991e-02
-1.458079999999999927e+03,6.805993842694338380e-02
-1.457559999999999945e+03,6.824755223409142979e-02
-1.457039999999999964e+03,6.843562393025946766e-02
-1.456519999999999982e+03,6.862434538442753473e-02
-1.456000000000000000e+03,6.881362079568557888e-02
-1.455480000000000018e+03,6.900346864635938104e-02
-1.454960000000000036e+03,6.919398506754741163e-02
-1.454439999999999827e+03,6.938499836524122943e-02
-1.453920000000000073e+03,6.957675577649928556e-02
-1.453400000000000091e+03,6.976891479768733417e-02
-1.452880000000000109e+03,6.996191403438112300e-02
-1.452359999999999900e+03,7.015521811230919502e-02
-1.451839999999999918e+03,7.034949657702298242e-02
-1.451320000000000164e+03,7.054400461782681098e-02
-1.450800000000000182e+03,7.073958101099485363e-02
-1.450279999999999973e+03,7.093529204237868091e-02
-1.449759999999999991e+03,7.113211072218249276e-02
-1.449240000000000009e+03,7.132900539039052634e-02
-1.448720000000000255e+03,7.152708385084434461e-02
-1.448199999999999818e+03,7.172527723064817118e-02
-1.447680000000000064e+03,7.192450204805198033e-02
-1.447160000000000082e+03,7.212395552785579034e-02
-1.446639999999999873e+03,7.232447860625960956e-02
-1.446119999999999891e+03,7.252530732506340394e-02
-1.445599999999999909e+03,7.272697597153722493e-02
-1.445080000000000155e+03,7.292908438894103729e-02
-1.444559999999999945e+03,7.313201310774485042e-02
-1.444039999999999964e+03,7.333543930123866128e-02
-1.443519999999999982e+03,7.353957134771246795e-02
-1.443000000000000000e+03,7.374435355175205931e-02
-1.442480000000000018e+03,7.394978388048586981e-02
-1.441960000000000036e+03,7.415590217397967365e-02
-1.441440000000000055e+03,7.436255564999925960e-02
-1.440920000000000073e+03,7.457001104951309356e-02
-1.440399999999999864e+03,7.477790518200690129e-02
-1.439880000000000109e+03,7.498669735802647451e-02
-1.439360000000000127e+03,7.519585165754028022e-02
-1.438839999999999918e+03,7.540605677255987627e-02
-1.438319999999999936e+03,7.561651033307369152e-02
-1.437799999999999955e+03,7.582807104809324850e-02
-1.437280000000000200e+03,7.603976633815283381e-02
-1.436759999999999764e+03,7.625277784864666064e-02
-1.436240000000000009e+03,7.646588606637623464e-02
-1.435720000000000027e+03,7.668015852039584968e-02
-1.435200000000000045e+03,7.689458467852541834e-02
-1.434679999999999836e+03,7.711021310758497949e-02
-1.434159999999999854e+03,7.732609033629456174e-02
-1.433640000000000100e+03,7.754303666535414252e-02
-1.433120000000000118e+03,7.776032629441373412e-02
-1.432599999999999909e+03,7.797862831921330284e-02
-1.432079999999999927e+03,7.819736955925286892e-02
-1.431559999999999945e+03,7.841697035498247648e-02
-1.431040000000000191e+03,7.863712489913204928e-02
-1.430519999999999982e+03,7.885802399486162295e-02
-1.430000000000000000e+03,7.907961106668119633e-02
-1.429480000000000018e+03,7.930188521726655448e-02
-1.428959999999999809e+03,7.952496158908613222e-02
-1.428440000000000055e+03,7.974863007083571320e-02
-1.427920000000000073e+03,7.997317699751105291e-02
-1.427400000000000091e+03,8.019816287926063991e-02
-1.426879999999999882e+03,8.042418007260600243e-02
-1.426359999999999900e+03,8.065056025435557441e-02
-1.425840000000000146e+03,8.087806677572091651e-02
-1.425320000000000164e+03,8.110582172554048341e-02
-1.424799999999999955e+03,8.133481833683585405e-02
-1.424279999999999973e+03,8.156398703018120921e-02
-1.423759999999999991e+03,8.179451119856653851e-02
-1.423240000000000236e+03,8.202515013440613012e-02
-1.422719999999999800e+03,8.225712549868145762e-02
-1.422200000000000045e+03,8.248929180606680289e-02
-1.421680000000000064e+03,8.272268048543217345e-02
-1.421160000000000082e+03,8.295635572048751238e-02
-1.420639999999999873e+03,8.319115783885287774e-02
-1.420119999999999891e+03,8.342637964623821067e-02
-1.419600000000000136e+03,8.366265233929356948e-02
-1.419079999999999927e+03,8.389943988567891142e-02
-1.418559999999999945e+03,8.413716399459002238e-02
-1.418039999999999964e+03,8.437549866864538228e-02
-1.417519999999999982e+03,8.461465446205071461e-02
-1.417000000000000000e+03,8.485453662212608106e-02
-1.416480000000000018e+03,8.509516308401718354e-02
-1.415960000000000036e+03,8.533664864409251649e-02
-1.415440000000000055e+03,8.557876487676364941e-02
-1.414919999999999845e+03,8.582185480916898479e-02
-1.414400000000000091e+03,8.606548319879012143e-02
-1.413880000000000109e+03,8.631017705886546987e-02
-1.413360000000000127e+03,8.655529103053656581e-02
-1.412839999999999918e+03,8.680158949248768796e-02
-1.412319999999999936e+03,8.704815519156301751e-02
-1.411800000000000182e+03,8.729611491025415781e-02
-1.411279999999999745e+03,8.754426563887528212e-02
-1.410759999999999991e+03,8.779381066749639140e-02
-1.410240000000000009e+03,8.804348938618747344e-02
-1.409720000000000027e+03,8.829465741480861662e-02
-1.409199999999999818e+03,8.854599741149973835e-02
-1.408679999999999836e+03,8.879869352488085898e-02
-1.408160000000000082e+03,8.905169469250197312e-02
-1.407640000000000100e+03,8.930593719721308110e-02
-1.407119999999999891e+03,8.956061919285418504e-02
-1.406599999999999909e+03,8.981644740776108249e-02
-1.406079999999999927e+03,9.007282919047218672e-02
-1.405560000000000173e+03,9.033020366220330388e-02
-1.405039999999999964e+03,9.058830428704017779e-02
-1.404519999999999982e+03,9.084730229777131238e-02
-1.404000000000000000e+03,9.110708325167819754e-02
-1.403480000000000018e+03,9.136760876240929141e-02
-1.402960000000000036e+03,9.162910874433620456e-02
-1.402440000000000055e+03,9.189131494073729534e-02
-1.401920000000000073e+03,9.215455250492418648e-02
-1.401399999999999864e+03,9.241830617287107030e-02
-1.400879999999999882e+03,9.268328174081795490e-02
-1.400360000000000127e+03,9.294865753372480444e-02
-1.399840000000000146e+03,9.321540859854596239e-02
-1.399319999999999936e+03,9.348246610549282298e-02
-1.398799999999999955e+03,9.375097471243970526e-02
-1.398279999999999973e+03,9.401965506640659609e-02
-1.397760000000000218e+03,9.428991987335347269e-02
-1.397239999999999782e+03,9.456030016282612749e-02
-1.396720000000000027e+03,9.483232254586300425e-02
-1.396200000000000045e+03,9.510453596649991181e-02
-1.395680000000000064e+03,9.537818151244677189e-02
-1.395159999999999854e+03,9.565219024502942535e-02
-1.394639999999999873e+03,9.592755413799630704e-02
-1.394120000000000118e+03,9.620339559763320392e-02
-1.393600000000000136e+03,9.648042210219584525e-02
-1.393079999999999927e+03,9.675807840920272462e-02
-1.392559999999999945e+03,9.703678478043539779e-02
-1.392039999999999964e+03,9.731627450294803860e-02
-1.391519999999999982e+03,9.759675635867491594e-02
-1.391000000000000000e+03,9.787811744785755719e-02
-1.390480000000000018e+03,9.816028076646024503e-02
-1.389960000000000036e+03,9.844347498471285596e-02
-1.389439999999999827e+03,9.872743324091549921e-02
-1.388920000000000073e+03,9.901251839851815673e-02
-1.388400000000000091e+03,9.929817605577082040e-02
-1.387880000000000109e+03,9.958517024104343585e-02
-1.387359999999999900e+03,9.987260457333610453e-02
-1.386839999999999918e+03,1.001616806685387551e-01
-1.386320000000000164e+03,1.004511009118114334e-01
-1.385800000000000182e+03,1.007415329831040790e-01
-1.385279999999999973e+03,1.010320608979224793e-01
-1.384759999999999991e+03,1.013251288082151202e-01
-1.384240000000000009e+03,1.016183493230335688e-01
-1.383720000000000255e+03,1.019130593609961916e-01
-1.383199999999999818e+03,1.022079605618346071e-01
-1.382680000000000064e+03,1.025042363401972856e-01
-1.382160000000000082e+03,1.028009520410356759e-01
-1.381639999999999873e+03,1.030993095895440942e-01
-1.381119999999999891e+03,1.033981259858567509e-01
-1.380599999999999909e+03,1.036980686533651580e-01
-1.380080000000000155e+03,1.039987562612735977e-01
-1.379559999999999945e+03,1.043007808568020001e-01
-1.379039999999999964e+03,1.046034929103304145e-01
-1.378519999999999982e+03,1.049070832182388419e-01
-1.378000000000000000e+03,1.052117846387873035e-01
-1.377480000000000018e+03,1.055174563743656591e-01
-1.376960000000000036e+03,1.058240834949140674e-01
-1.376440000000000055e+03,1.061313216880583055e-01
-1.375920000000000073e+03,1.064403357805867312e-01
-1.375399999999999864e+03,1.067501898415351425e-01
-1.374880000000000109e+03,1.070608469623492986e-01
-1.374360000000000127e+03,1.073717514938777595e-01
-1.373839999999999918e+03,1.076848145730418954e-01
-1.373319999999999936e+03,1.079983545006603374e-01
-1.372799999999999955e+03,1.083132893798245261e-01
-1.372280000000000200e+03,1.086283770689187300e-01
-1.371759999999999764e+03,1.089455266147528884e-01
-1.371240000000000009e+03,1.092627909283913207e-01
-1.370720000000000027e+03,1.095815448742255005e-01
-1.370200000000000045e+03,1.099006426313896556e-01
-1.369679999999999836e+03,1.102220131632438288e-01
-1.369159999999999854e+03,1.105437080204080547e-01
-1.368640000000000100e+03,1.108666251912622108e-01
-1.368120000000000118e+03,1.111901729669921846e-01
-1.367599999999999909e+03,1.115151911378463589e-01
-1.367079999999999927e+03,1.118409728767705696e-01
-1.366559999999999945e+03,1.121680915756447100e-01
-1.366040000000000191e+03,1.124958977290246992e-01
-1.365519999999999982e+03,1.128245825139188863e-01
-1.365000000000000000e+03,1.131546233963688086e-01
-1.364480000000000018e+03,1.134859243812629953e-01
-1.363959999999999809e+03,1.138181425497329924e-01
-1.363440000000000055e+03,1.141510096171529098e-01
-1.362920000000000073e+03,1.144856339136428730e-01
-1.362400000000000091e+03,1.148211173095170790e-01
-1.361879999999999882e+03,1.151577657726770149e-01
-1.361359999999999900e+03,1.154948156261169506e-01
-1.360840000000000146e+03,1.158335841892768892e-01
-1.360320000000000164e+03,1.161727345717868953e-01
-1.359799999999999955e+03,1.165142337918968485e-01
-1.359279999999999973e+03,1.168559816569325199e-01
-1.358759999999999991e+03,1.171992763061124598e-01
-1.358240000000000236e+03,1.175427046666224218e-01
-1.357719999999999800e+03,1.178881191063481521e-01
-1.357200000000000045e+03,1.182338962654581049e-01
-1.356680000000000064e+03,1.185819083722038092e-01
-1.356160000000000082e+03,1.189302639464038108e-01
-1.355639999999999873e+03,1.192798608641295194e-01
-1.355119999999999891e+03,1.196302027389452433e-01
-1.354600000000000136e+03,1.199824155131451742e-01
-1.354079999999999927e+03,1.203352016588909168e-01
-1.353559999999999945e+03,1.206889622626366454e-01
-1.353039999999999964e+03,1.210439062473823296e-01
-1.352519999999999982e+03,1.214002831078680594e-01
-1.352000000000000000e+03,1.217577672786337439e-01
-1.351480000000000018e+03,1.221162446493994774e-01
-1.350960000000000036e+03,1.224762882488852206e-01
-1.350440000000000055e+03,1.228373816631766896e-01
-1.349919999999999845e+03,1.231995261476323961e-01
-1.349400000000000091e+03,1.235621858576639170e-01
-1.348880000000000109e+03,1.239268128435196265e-01
-1.348360000000000127e+03,1.242920895715011048e-01
-1.347839999999999918e+03,1.246591036240268235e-01
-1.347319999999999936e+03,1.250264837910083082e-01
-1.346800000000000182e+03,1.253962093870598093e-01
-1.346279999999999745e+03,1.257661838536254795e-01
-1.345759999999999991e+03,1.261377239886770363e-01
-1.345240000000000009e+03,1.265094554707485164e-01
-1.344720000000000027e+03,1.268841283528200081e-01
-1.344199999999999818e+03,1.272590299728414698e-01
-1.343679999999999836e+03,1.276352872215829326e-01
-1.343160000000000082e+03,1.280120987142002453e-01
-1.342640000000000100e+03,1.283909534503617222e-01
-1.342119999999999891e+03,1.287704386661231992e-01
-1.341599999999999909e+03,1.291513947447604227e-01
-1.341079999999999927e+03,1.295333240795219221e-01
-1.340560000000000173e+03,1.299168772971591723e-01
-1.340039999999999964e+03,1.303016144280106925e-01
-1.339519999999999982e+03,1.306878033203379419e-01
-1.339000000000000000e+03,1.310750801046451364e-01
-1.338480000000000018e+03,1.314633504260424579e-01
-1.337960000000000036e+03,1.318528810528439288e-01
-1.337440000000000055e+03,1.322432515662211872e-01
-1.336920000000000073e+03,1.326353799835684466e-01
-1.336399999999999864e+03,1.330283483264914079e-01
-1.335879999999999882e+03,1.334233217968187335e-01
-1.335360000000000127e+03,1.338189069102559692e-01
-1.334840000000000146e+03,1.342162296233432306e-01
-1.334319999999999936e+03,1.346139151761962249e-01
-1.333799999999999955e+03,1.350139687563035040e-01
-1.333279999999999973e+03,1.354142712322665421e-01
-1.332760000000000218e+03,1.358166359513737764e-01
-1.332239999999999782e+03,1.362192296193167895e-01
-1.331720000000000027e+03,1.366247455289698043e-01
-1.331200000000000045e+03,1.370305670386228469e-01
-1.330680000000000064e+03,1.374381640047500908e-01
-1.330159999999999854e+03,1.378462387977130998e-01
-1.329639999999999873e+03,1.382559371463661368e-01
-1.329120000000000118e+03,1.386665907146349130e-01
-1.328600000000000136e+03,1.390794208769779716e-01
-1.328079999999999927e+03,1.394930342646309995e-01
-1.327559999999999945e+03,1.399079654283740259e-01
-1.327039999999999964e+03,1.403243102206127857e-01
-1.326519999999999982e+03,1.407423733219557715e-01
-1.326000000000000000e+03,1.411615636682246044e-01
-1.325480000000000018e+03,1.415817088601133977e-01
-1.324960000000000036e+03,1.420034576768964274e-01
-1.324439999999999827e+03,1.424262191368552144e-01
-1.323920000000000073e+03,1.428507760347639821e-01
-1.323400000000000091e+03,1.432761537060527890e-01
-1.322880000000000109e+03,1.437035369330315338e-01
-1.322359999999999900e+03,1.441315312070303445e-01
-1.321839999999999918e+03,1.445612826920091298e-01
-1.321320000000000164e+03,1.449913584050079307e-01
-1.320800000000000182e+03,1.454243406005324701e-01
-1.320279999999999973e+03,1.458575673525312755e-01
-1.319759999999999991e+03,1.462933924227458327e-01
-1.319240000000000009e+03,1.467294073137446198e-01
-1.318720000000000255e+03,1.471678490562891850e-01
-1.318199999999999818e+03,1.476066911609779375e-01
-1.317680000000000064e+03,1.480477481715925248e-01
-1.317160000000000082e+03,1.484893981668270746e-01
-1.316639999999999873e+03,1.489330719430616290e-01
-1.316119999999999891e+03,1.493777010786961901e-01
-1.315599999999999909e+03,1.498245071409507745e-01
-1.315080000000000155e+03,1.502721154042553076e-01
-1.314559999999999945e+03,1.507210223490355883e-01
-1.314039999999999964e+03,1.511713617983601876e-01
-1.313519999999999982e+03,1.516234008286846957e-01
-1.313000000000000000e+03,1.520768343594850747e-01
-1.312480000000000018e+03,1.525314894364796503e-01
-1.311960000000000036e+03,1.529877493353499485e-01
-1.311440000000000055e+03,1.534450019342202820e-01
-1.310920000000000073e+03,1.539044323077805865e-01
-1.310399999999999864e+03,1.543648362536709229e-01
-1.309880000000000109e+03,1.548272454192112513e-01
-1.309360000000000127e+03,1.552902470597915807e-01
-1.308839999999999918e+03,1.557554832307019022e-01
-1.308319999999999936e+03,1.562211010432622005e-01
-1.307799999999999955e+03,1.566891445379325343e-01
-1.307280000000000200e+03,1.571573787800386590e-01
-1.306759999999999764e+03,1.576287451566189546e-01
-1.306240000000000009e+03,1.581003601948150483e-01
-1.305720000000000027e+03,1.585748779706111500e-01
-1.305200000000000045e+03,1.590497204232814432e-01
-1.304679999999999836e+03,1.595263199184275560e-01
-1.304159999999999854e+03,1.600037599093136476e-01
-1.303640000000000100e+03,1.604840261725297423e-01
-1.303120000000000118e+03,1.609650946733458265e-01
-1.302599999999999909e+03,1.614479775502519199e-01
-1.302079999999999927e+03,1.619318535959937966e-01
-1.301559999999999945e+03,1.624173527118998317e-01
-1.301040000000000191e+03,1.629042843278059871e-01
-1.300519999999999982e+03,1.633929160732578434e-01
-1.300000000000000000e+03,1.638832282997097212e-01
-1.299480000000000018e+03,1.643749916293058000e-01
-1.298959999999999809e+03,1.648683788137576545e-01
-1.298440000000000055e+03,1.653627616552995616e-01
-1.297920000000000073e+03,1.658593190067713663e-01
-1.297400000000000091e+03,1.663568311659132104e-01
-1.296879999999999882e+03,1.668563680601450605e-01
-1.296359999999999900e+03,1.673564966116169173e-01
-1.295840000000000146e+03,1.678597195353945526e-01
-1.295320000000000164e+03,1.683634961005563979e-01
-1.294799999999999955e+03,1.688696977773140873e-01
-1.294279999999999973e+03,1.693761100284958687e-01
-1.293759999999999991e+03,1.698856545912735272e-01
-1.293240000000000236e+03,1.703953896540511825e-01
-1.292719999999999800e+03,1.709075317028487806e-01
-1.292200000000000045e+03,1.714202651891206519e-01
-1.291680000000000064e+03,1.719360738091140206e-01
-1.291160000000000082e+03,1.724524933249316772e-01
-1.290639999999999873e+03,1.729709183403993211e-01
-1.290119999999999891e+03,1.734904701699069296e-01
-1.289600000000000136e+03,1.740125622682502926e-01
-1.289079999999999927e+03,1.745356470988079223e-01
-1.288559999999999945e+03,1.750603367108413411e-01
-1.288039999999999964e+03,1.755864965263689847e-01
-1.287519999999999982e+03,1.761143181064723784e-01
-1.287000000000000000e+03,1.766438585045257692e-01
-1.286480000000000018e+03,1.771748314983191686e-01
-1.285960000000000036e+03,1.777080577924625149e-01
-1.285440000000000055e+03,1.782426783295159578e-01
-1.284919999999999845e+03,1.787791327528550911e-01
-1.284400000000000091e+03,1.793163694720184831e-01
-1.283880000000000109e+03,1.798560518343576553e-01
-1.283360000000000127e+03,1.803964204811910610e-01
-1.282839999999999918e+03,1.809399036185702081e-01
-1.282319999999999936e+03,1.814839394763835823e-01
-1.281800000000000182e+03,1.820304012917627612e-01
-1.281279999999999745e+03,1.825770727071419353e-01
-1.280759999999999991e+03,1.831273926376111028e-01
-1.280240000000000009e+03,1.836779599806602770e-01
-1.279720000000000027e+03,1.842313930645851638e-01
-1.279200000000000045e+03,1.847853410617243397e-01
-1.278679999999999836e+03,1.853419475206892764e-01
-1.278160000000000082e+03,1.858992762568284496e-01
-1.277639999999999873e+03,1.864589735544433524e-01
-1.277120000000000118e+03,1.870198543046224793e-01
-1.276599999999999909e+03,1.875832183703074474e-01
-1.276079999999999927e+03,1.881478238110323997e-01
-1.275559999999999945e+03,1.887143392907573158e-01
-1.275039999999999964e+03,1.892825738094822130e-01
-1.274519999999999982e+03,1.898527367437128910e-01
-1.274000000000000000e+03,1.904243318901078230e-01
-1.273480000000000018e+03,1.909971119663985695e-01
-1.272960000000000036e+03,1.915721832378134704e-01
-1.272440000000000055e+03,1.921486300818241455e-01
-1.271919999999999845e+03,1.927276361437848529e-01
-1.271400000000000091e+03,1.933077297822197449e-01
-1.270879999999999882e+03,1.938902880512505256e-01
-1.270360000000000127e+03,1.944735145957369737e-01
-1.269839999999999918e+03,1.950598927788076697e-01
-1.269319999999999936e+03,1.956467858148583094e-01
-1.268799999999999955e+03,1.962366015255990470e-01
-1.268279999999999973e+03,1.968266849341055447e-01
-1.267759999999999991e+03,1.974198428743919875e-01
-1.267240000000000009e+03,1.980133826631326477e-01
-1.266720000000000027e+03,1.986107230427691384e-01
-1.266200000000000045e+03,1.992085027610555614e-01
-1.265680000000000064e+03,1.998084788944320400e-01
-1.265160000000000082e+03,2.004094481874084954e-01
-1.264639999999999873e+03,2.010135880022607680e-01
-1.264120000000000118e+03,2.016187402746372204e-01
-1.263599999999999909e+03,2.022260307736336582e-01
-1.263080000000000155e+03,2.028347545035758814e-01
-1.262559999999999945e+03,2.034456933040980908e-01
-1.262039999999999964e+03,2.040581216295146438e-01
-1.261519999999999982e+03,2.046721924651268565e-01
-1.261000000000000000e+03,2.052883097477590513e-01
-1.260480000000000018e+03,2.059060479739170668e-01
-1.259960000000000036e+03,2.065260783095892727e-01
-1.259440000000000055e+03,2.071474824588915575e-01
-1.258920000000000073e+03,2.077714658100695555e-01
-1.258400000000000091e+03,2.083965185124117270e-01
-1.257879999999999882e+03,2.090244360025897141e-01
-1.257360000000000127e+03,2.096531370344777712e-01
-1.256839999999999918e+03,2.102850082344358273e-01
-1.256320000000000164e+03,2.109173759663237890e-01
-1.255799999999999955e+03,2.115526850523017921e-01
-1.255279999999999973e+03,2.121882415621897111e-01
-1.254759999999999991e+03,2.128274086916935592e-01
-1.254240000000000009e+03,2.134669573636914786e-01
-1.253720000000000027e+03,2.141103069988652685e-01
-1.253199999999999818e+03,2.147541917814090873e-01
-1.252680000000000064e+03,2.154006728590770192e-01
-1.252159999999999854e+03,2.160480714553107973e-01
-1.251640000000000100e+03,2.166982008590303821e-01
-1.251119999999999891e+03,2.173497055332641037e-01
-1.250599999999999909e+03,2.180040368835879372e-01
-1.250079999999999927e+03,2.186596092013473880e-01
-1.249559999999999945e+03,2.193170729616011616e-01
-1.249039999999999964e+03,2.199765416611206559e-01
-1.248519999999999982e+03,2.206381690466602263e-01
-1.248000000000000000e+03,2.213015723284396663e-01
-1.247480000000000018e+03,2.219663311419992624e-01
-1.246960000000000036e+03,2.226337648135588432e-01
-1.246440000000000055e+03,2.233027257051183878e-01
-1.245920000000000073e+03,2.239742843872236655e-01
-1.245400000000000091e+03,2.246469118367832030e-01
-1.244880000000000109e+03,2.253224270715784849e-01
-1.244360000000000127e+03,2.259987028787038554e-01
-1.243839999999999918e+03,2.266786077815690914e-01
-1.243319999999999936e+03,2.273590660833844090e-01
-1.242799999999999955e+03,2.280424847722697101e-01
-1.242279999999999973e+03,2.287261517320850202e-01
-1.241759999999999991e+03,2.294139251705160920e-01
-1.241240000000000009e+03,2.301020619454213767e-01
-1.240720000000000027e+03,2.307935019698724444e-01
-1.240200000000000045e+03,2.314856682929235798e-01
-1.239680000000000064e+03,2.321812915643945430e-01
-1.239159999999999854e+03,2.328778314235856739e-01
-1.238640000000000100e+03,2.335771027477467343e-01
-1.238119999999999891e+03,2.342775765248877595e-01
-1.237600000000000136e+03,2.349805149315746244e-01
-1.237079999999999927e+03,2.356851524628056360e-01
-1.236559999999999945e+03,2.363922729031824599e-01
-1.236039999999999964e+03,2.371011503919793206e-01
-1.235519999999999982e+03,2.378119192513562241e-01
-1.235000000000000000e+03,2.385247508651729687e-01
-1.234480000000000018e+03,2.392391860596398134e-01
-1.233960000000000036e+03,2.399562954871466425e-01
-1.233440000000000055e+03,2.406749138111592967e-01
-1.232920000000000073e+03,2.413965116878618589e-01
-1.232399999999999864e+03,2.421193124823887988e-01
-1.231880000000000109e+03,2.428450158704213713e-01
-1.231359999999999900e+03,2.435714650512339763e-01
-1.230840000000000146e+03,2.443015836964822496e-01
-1.230319999999999936e+03,2.450322339942948846e-01
-1.229799999999999955e+03,2.457663226100574860e-01
-1.229279999999999973e+03,2.465007358374158575e-01
-1.228759999999999991e+03,2.472392168647742916e-01
-1.228240000000000009e+03,2.479780612058226641e-01
-1.227720000000000027e+03,2.487201902582009683e-01
-1.227200000000000045e+03,2.494630837522893163e-01
-1.226680000000000064e+03,2.502093956183576995e-01
-1.226160000000000082e+03,2.509567957514459713e-01
-1.225639999999999873e+03,2.517072899961301791e-01
-1.225119999999999891e+03,2.524591979307443390e-01
-1.224599999999999909e+03,2.532138749614485373e-01
-1.224079999999999927e+03,2.539700613047926048e-01
-1.223559999999999945e+03,2.547284051134968141e-01
-1.223039999999999964e+03,2.554887933439108361e-01
-1.222519999999999982e+03,2.562513199663050134e-01
-1.222000000000000000e+03,2.570159096462649173e-01
-1.221480000000000018e+03,2.577820845982048414e-01
-1.220960000000000036e+03,2.585512960483289380e-01
-1.220440000000000055e+03,2.593221881533088746e-01
-1.219920000000000073e+03,2.600956977445745832e-01
-1.219400000000000091e+03,2.608702565885545055e-01
-1.218880000000000109e+03,2.616481200613144376e-01
-1.218359999999999900e+03,2.624268620905300664e-01
-1.217840000000000146e+03,2.632092550734857483e-01
-1.217319999999999936e+03,2.639921796132657095e-01
-1.216800000000000182e+03,2.647790584651171786e-01
-1.216279999999999973e+03,2.655662616730927184e-01
-1.215759999999999991e+03,2.663575513090884472e-01
-1.215240000000000009e+03,2.671492042701041347e-01
-1.214720000000000027e+03,2.679441423317355242e-01
-1.214200000000000045e+03,2.687399402222969691e-01
-1.213679999999999836e+03,2.695395764339085232e-01
-1.213160000000000082e+03,2.703401684051798259e-01
-1.212639999999999873e+03,2.711434521028112665e-01
-1.212120000000000118e+03,2.719483406421527860e-01
-1.211599999999999909e+03,2.727563432110399200e-01
-1.211079999999999927e+03,2.735658542189271514e-01
-1.210559999999999945e+03,2.743775230934843434e-01
-1.210039999999999964e+03,2.751912360154116222e-01
-1.209519999999999982e+03,2.760070681050588171e-01
-1.209000000000000000e+03,2.768255933159660120e-01
-1.208480000000000018e+03,2.776461438631789846e-01
-1.207960000000000036e+03,2.784690620157962426e-01
-1.207440000000000055e+03,2.792932600880291827e-01
-1.206919999999999845e+03,2.801208771659321473e-01
-1.206400000000000091e+03,2.809497734161651161e-01
-1.205879999999999882e+03,2.817816329800881259e-01
-1.205360000000000127e+03,2.826142158545568162e-01
-1.204839999999999918e+03,2.834509042434998349e-01
-1.204319999999999936e+03,2.842881856330585211e-01
-1.203799999999999955e+03,2.851294583185672860e-01
-1.203279999999999973e+03,2.859710363137960565e-01
-1.202759999999999991e+03,2.868166833143947492e-01
-1.202240000000000009e+03,2.876627694961192416e-01
-1.201720000000000027e+03,2.885125985023879736e-01
-1.201200000000000045e+03,2.893631914192026366e-01
-1.200680000000000064e+03,2.902172031230869642e-01
-1.200160000000000082e+03,2.910723039006115620e-01
-1.199639999999999873e+03,2.919304792894660272e-01
-1.199120000000000118e+03,2.927900876565863175e-01
-1.198599999999999909e+03,2.936524649981308577e-01
-1.198080000000000155e+03,2.945167904512711043e-01
-1.197559999999999945e+03,2.953838667184513489e-01
-1.197039999999999964e+03,2.962530053242816708e-01
-1.196519999999999982e+03,2.971242444971319840e-01
-1.196000000000000000e+03,2.979976044718579686e-01
-1.195480000000000018e+03,2.988725110777483152e-01
-1.194960000000000036e+03,2.997508394342343063e-01
-1.194440000000000055e+03,3.006309788893203327e-01
-1.193920000000000073e+03,3.015137736988464656e-01
-1.193400000000000091e+03,3.023975806224782903e-01
-1.192879999999999882e+03,3.032851498846941829e-01
-1.192360000000000127e+03,3.041736553904361151e-01
-1.191839999999999918e+03,3.050653883351778228e-01
-1.191320000000000164e+03,3.059575418659397639e-01
-1.190799999999999955e+03,3.068542220784615249e-01
-1.190279999999999973e+03,3.077512455342433229e-01
-1.189759999999999991e+03,3.086528147573108782e-01
-1.189240000000000009e+03,3.095548036938027270e-01
-1.188720000000000027e+03,3.104600404165803185e-01
-1.188199999999999818e+03,3.113661557226678478e-01
-1.187680000000000064e+03,3.122760904949912208e-01
-1.187159999999999854e+03,3.131871521817887749e-01
-1.186640000000000100e+03,3.141012697511121332e-01
-1.186119999999999891e+03,3.150170104200197274e-01
-1.185599999999999909e+03,3.159358268859088770e-01
-1.185079999999999927e+03,3.168561900230120743e-01
-1.184559999999999945e+03,3.177786757274855267e-01
-1.184039999999999964e+03,3.187035080611545501e-01
-1.183519999999999982e+03,3.196306898902980809e-01
-1.183000000000000000e+03,3.205606028156571252e-01
-1.182480000000000018e+03,3.214924830023662694e-01
-1.181960000000000036e+03,3.224267696242910652e-01
-1.181440000000000055e+03,3.233623165317601189e-01
-1.180920000000000073e+03,3.243013016787050229e-01
-1.180400000000000091e+03,3.252415474547199481e-01
-1.179880000000000109e+03,3.261851733724447922e-01
-1.179360000000000127e+03,3.271296211124796738e-01
-1.178839999999999918e+03,3.280782133377503351e-01
-1.178319999999999936e+03,3.290273596194952521e-01
-1.177799999999999955e+03,3.299800195988559226e-01
-1.177279999999999973e+03,3.309330043158165702e-01
-1.176759999999999991e+03,3.318904970482172145e-01
-1.176240000000000009e+03,3.328485630098135806e-01
-1.175720000000000027e+03,3.338107536384299912e-01
-1.175200000000000045e+03,3.347737113625206540e-01
-1.174680000000000064e+03,3.357395696828270326e-01
-1.174159999999999854e+03,3.367067078936792912e-01
-1.173640000000000100e+03,3.376772833404056429e-01
-1.173119999999999891e+03,3.386493107962778581e-01
-1.172600000000000136e+03,3.396240689278900438e-01
-1.172079999999999927e+03,3.406008138848722333e-01
-1.171559999999999945e+03,3.415802711085243470e-01
-1.171039999999999964e+03,3.425618478571965664e-01
-1.170519999999999982e+03,3.435454686774145894e-01
-1.170000000000000000e+03,3.445315532946324755e-01
-1.169480000000000018e+03,3.455193568826303574e-01
-1.168960000000000036e+03,3.465099299819583978e-01
-1.168440000000000055e+03,3.475019354624121481e-01
-1.167920000000000073e+03,3.484973980004500427e-01
-1.167399999999999864e+03,3.494941015626637504e-01
-1.166880000000000109e+03,3.504937855263374757e-01
-1.166359999999999900e+03,3.514941786241169708e-01
-1.165840000000000146e+03,3.524987325794807225e-01
-1.165319999999999936e+03,3.535038020493002642e-01
-1.164799999999999955e+03,3.545134173008797629e-01
-1.164279999999999973e+03,3.555233572524592600e-01
-1.163759999999999991e+03,3.565367928396043773e-01
-1.163240000000000009e+03,3.575508010832239569e-01
-1.162720000000000027e+03,3.585689347244592207e-01
-1.162200000000000045e+03,3.595879088032944426e-01
-1.161680000000000064e+03,3.606102254600954682e-01
-1.161160000000000082e+03,3.616336880210406779e-01
-1.160639999999999873e+03,3.626601881252217163e-01
-1.160119999999999891e+03,3.636883685127128008e-01
-1.159599999999999909e+03,3.647195663229137463e-01
-1.159079999999999927e+03,3.657523493301148010e-01
-1.158559999999999945e+03,3.667872144959316016e-01
-1.158039999999999964e+03,3.678244895467184250e-01
-1.157519999999999982e+03,3.688640720462252331e-01
-1.157000000000000000e+03,3.699060805567719323e-01
-1.156480000000000018e+03,3.709498266283187129e-01
-1.155960000000000036e+03,3.719963621364812401e-01
-1.155440000000000055e+03,3.730442918572838273e-01
-1.154920000000000073e+03,3.740953153851563906e-01
-1.154400000000000091e+03,3.751474277755546538e-01
-1.153880000000000109e+03,3.762029586999929842e-01
-1.153359999999999900e+03,3.772592541665756305e-01
-1.152840000000000146e+03,3.783192928732496685e-01
-1.152319999999999936e+03,3.793797708943979496e-01
-1.151800000000000182e+03,3.804443176941619820e-01
-1.151279999999999973e+03,3.815091883213304058e-01
-1.150759999999999991e+03,3.825780319878244740e-01
-1.150240000000000009e+03,3.836474141698243967e-01
-1.149720000000000027e+03,3.847204402280083868e-01
-1.149200000000000045e+03,3.857944221311182531e-01
-1.148679999999999836e+03,3.868721661578481408e-01
-1.148160000000000082e+03,3.879509229386680080e-01
-1.147639999999999873e+03,3.890322962910336413e-01
-1.147120000000000118e+03,3.901151981070692942e-01
-1.146599999999999909e+03,3.912007541981449288e-01
-1.146079999999999927e+03,3.922881440342405046e-01
-1.145559999999999945e+03,3.933779028479517659e-01
-1.145039999999999964e+03,3.944697997367375142e-01
-1.144519999999999982e+03,3.955637218144689715e-01
-1.144000000000000000e+03,3.966598209145602572e-01
-1.143480000000000018e+03,3.977574105165275209e-01
-1.142960000000000036e+03,3.988581736672746625e-01
-1.142440000000000055e+03,3.999604613332617409e-01
-1.141919999999999845e+03,4.010654803756989462e-01
-1.141400000000000091e+03,4.021714551200118448e-01
-1.140879999999999882e+03,4.032808479015090319e-01
-1.140360000000000127e+03,4.043909858985120231e-01
-1.139839999999999918e+03,4.055048678700806097e-01
-1.139319999999999936e+03,4.066191882601735141e-01
-1.138799999999999955e+03,4.077370810885422303e-01
-1.138279999999999973e+03,4.088552991378209267e-01
-1.137759999999999991e+03,4.099774507578796134e-01
-1.137240000000000009e+03,4.111001569808641620e-01
-1.136720000000000027e+03,4.122265109474685385e-01
-1.136200000000000045e+03,4.133536317181831787e-01
-1.135680000000000064e+03,4.144836336234976604e-01
-1.135160000000000082e+03,4.156148396154478175e-01
-1.134639999999999873e+03,4.167490246324178638e-01
-1.134120000000000118e+03,4.178845281564582126e-01
-1.133599999999999909e+03,4.190223802086442406e-01
-1.133080000000000155e+03,4.201620473994144289e-01
-1.132559999999999945e+03,4.213040823446905225e-01
-1.132039999999999964e+03,4.224480090180463554e-01
-1.131519999999999982e+03,4.235936927735782787e-01
-1.131000000000000000e+03,4.247418595321300061e-01
-1.130480000000000018e+03,4.258917257087717068e-01
-1.129960000000000036e+03,4.270440561631236309e-01
-1.129440000000000055e+03,4.281975932000010032e-01
-1.128920000000000073e+03,4.293538584369385736e-01
-1.128400000000000091e+03,4.305110401265060394e-01
-1.127879999999999882e+03,4.316712598137495416e-01
-1.127360000000000127e+03,4.328321086104469084e-01
-1.126839999999999918e+03,4.339967211722560170e-01
-1.126320000000000164e+03,4.351617536182094126e-01
-1.125799999999999955e+03,4.363303766717082088e-01
-1.125279999999999973e+03,4.374992671953715218e-01
-1.124759999999999991e+03,4.386716149325063929e-01
-1.124240000000000009e+03,4.398444595598055562e-01
-1.123720000000000027e+03,4.410204773303402215e-01
-1.123199999999999818e+03,4.421972567122050557e-01
-1.122680000000000064e+03,4.433769200193558579e-01
-1.122159999999999854e+03,4.445575003026906447e-01
-1.121640000000000100e+03,4.457402958879011501e-01
-1.121119999999999891e+03,4.469246385258018317e-01
-1.120599999999999909e+03,4.481116173852279783e-01
-1.120079999999999927e+03,4.493002205723847786e-01
-1.119559999999999945e+03,4.504908665666109147e-01
-1.119039999999999964e+03,4.516831363328773219e-01
-1.118519999999999982e+03,4.528769149093394009e-01
-1.118000000000000000e+03,4.540728905168416318e-01
-1.117480000000000018e+03,4.552703590439595160e-01
-1.116960000000000036e+03,4.564702686305716073e-01
-1.116440000000000055e+03,4.576713631244195279e-01
-1.115920000000000073e+03,4.588752083757933198e-01
-1.115400000000000091e+03,4.600799696783310355e-01
-1.114880000000000109e+03,4.612873297535246553e-01
-1.114360000000000127e+03,4.624952239832242351e-01
-1.113839999999999918e+03,4.637059641751278827e-01
-1.113319999999999936e+03,4.649169912105573510e-01
-1.112799999999999955e+03,4.661316281770268577e-01
-1.112279999999999973e+03,4.673465135211120614e-01
-1.111759999999999991e+03,4.685643624378872385e-01
-1.111240000000000009e+03,4.697826858683524787e-01
-1.110720000000000027e+03,4.710041798631875443e-01
-1.110200000000000045e+03,4.722263426162885414e-01
-1.109680000000000064e+03,4.734509693171194966e-01
-1.109159999999999854e+03,4.746765138764263425e-01
-1.108640000000000100e+03,4.759042728673472111e-01
-1.108119999999999891e+03,4.771331976867639879e-01
-1.107600000000000136e+03,4.783640901704665493e-01
-1.107079999999999927e+03,4.795963960072089360e-01
-1.106559999999999945e+03,4.808304422966415692e-01
-1.106039999999999964e+03,4.820661292500940109e-01
-1.105519999999999982e+03,4.833032866621621015e-01
-1.105000000000000000e+03,4.845423545648704922e-01
-1.104480000000000018e+03,4.857826636981744661e-01
-1.103960000000000036e+03,4.870247489150829057e-01
-1.103440000000000055e+03,4.882676559366427860e-01
-1.102920000000000073e+03,4.895133516218067582e-01
-1.102399999999999864e+03,4.907599262504965809e-01
-1.101880000000000109e+03,4.920086969765462559e-01
-1.101359999999999900e+03,4.932579106324919138e-01
-1.100840000000000146e+03,4.945099482126916746e-01
-1.100319999999999936e+03,4.957622921189430709e-01
-1.099799999999999955e+03,4.970171944597285840e-01
-1.099279999999999973e+03,4.982723272867999320e-01
-1.098759999999999991e+03,4.995298852878212736e-01
-1.098240000000000009e+03,5.007878830561284245e-01
-1.097720000000000027e+03,5.020485732074555507e-01
-1.097200000000000045e+03,5.033098565355826892e-01
-1.096680000000000064e+03,5.045731856474956478e-01
-1.096160000000000082e+03,5.058374300438784887e-01
-1.095639999999999873e+03,5.071038704121170193e-01
-1.095119999999999891e+03,5.083710948542800034e-01
-1.094599999999999909e+03,5.096396364717744598e-01
-1.094079999999999927e+03,5.109095920135229285e-01
-1.093559999999999945e+03,5.121812663238173302e-01
-1.093039999999999964e+03,5.134540489828919307e-01
-1.092519999999999982e+03,5.147278059814419660e-01
-1.092000000000000000e+03,5.160031898147920959e-01
-1.091480000000000018e+03,5.172795629591224742e-01
-1.090960000000000036e+03,5.185577327541084358e-01
-1.090440000000000055e+03,5.198367234147144300e-01
-1.089920000000000073e+03,5.211177015559560477e-01
-1.089400000000000091e+03,5.223993095528878250e-01
-1.088880000000000109e+03,5.236826751959494652e-01
-1.088359999999999900e+03,5.249663659601869758e-01
-1.087840000000000146e+03,5.262519856634844118e-01
-1.087319999999999936e+03,5.275377992198219124e-01
-1.086800000000000182e+03,5.288261890693751743e-01
-1.086279999999999973e+03,5.301147700150183883e-01
-1.085759999999999991e+03,5.314057960099173306e-01
-1.085240000000000009e+03,5.326970325979063503e-01
-1.084720000000000027e+03,5.339896247485153014e-01
-1.084200000000000045e+03,5.352826764437603746e-01
-1.083679999999999836e+03,5.365773515022407292e-01
-1.083160000000000082e+03,5.378728509102854716e-01
-1.082639999999999873e+03,5.391701426928960927e-01
-1.082120000000000118e+03,5.404680277187425830e-01
-1.081599999999999909e+03,5.417668862972787602e-01
-1.081079999999999927e+03,5.430667004178350021e-01
-1.080559999999999945e+03,5.443676599815016059e-01
-1.080039999999999964e+03,5.456697289414434993e-01
-1.079519999999999982e+03,5.469727711159413364e-01
-1.079000000000000000e+03,5.482767910322092764e-01
-1.078480000000000018e+03,5.495814005844771311e-01
-1.077960000000000036e+03,5.508874621389805437e-01
-1.077440000000000055e+03,5.521941533795041712e-01
-1.076919999999999845e+03,5.535020687233738190e-01
-1.076400000000000091e+03,5.548103464782232486e-01
-1.075879999999999882e+03,5.561203813958923714e-01
-1.075360000000000127e+03,5.574307629070677228e-01
-1.074839999999999918e+03,5.587420790815387228e-01
-1.074319999999999936e+03,5.600534903094835926e-01
-1.073799999999999955e+03,5.613670028122602629e-01
-1.073279999999999973e+03,5.626805730435513464e-01
-1.072759999999999991e+03,5.639951172770779619e-01
-1.072240000000000009e+03,5.653099106862204959e-01
-1.071720000000000027e+03,5.666260217950729317e-01
-1.071200000000000045e+03,5.679425186819854199e-01
-1.070680000000000064e+03,5.692602154960936245e-01
-1.070160000000000082e+03,5.705783719253518793e-01
-1.069639999999999873e+03,5.718976356428059349e-01
-1.069120000000000118e+03,5.732172826144099620e-01
-1.068599999999999909e+03,5.745375784461894675e-01
-1.068080000000000155e+03,5.758583715920695401e-01
-1.067559999999999945e+03,5.771797402935989751e-01
-1.067039999999999964e+03,5.785019290204745923e-01
-1.066519999999999982e+03,5.798248429692258732e-01
-1.066000000000000000e+03,5.811484071483773439e-01
-1.065480000000000018e+03,5.824723719955985368e-01
-1.064960000000000036e+03,5.837966818170955419e-01
-1.064440000000000055e+03,5.851211830211183740e-01
-1.063920000000000073e+03,5.864468904414356087e-01
-1.063400000000000091e+03,5.877729389987841335e-01
-1.062879999999999882e+03,5.890994459713769782e-01
-1.062360000000000127e+03,5.904260118461115425e-01
-1.061839999999999918e+03,5.917535700330298631e-01
-1.061320000000000164e+03,5.930811874680599338e-01
-1.060799999999999955e+03,5.944098762249945267e-01
-1.060279999999999973e+03,5.957385823333503083e-01
-1.059759999999999991e+03,5.970677845758906033e-01
-1.059240000000000009e+03,5.983970644687363061e-01
-1.058720000000000027e+03,5.997267836028181698e-01
-1.058199999999999818e+03,6.010566185130495898e-01
-1.057680000000000064e+03,6.023868543797571418e-01
-1.057159999999999854e+03,6.037174369672245744e-01
-1.056640000000000100e+03,6.050487241720178266e-01
-1.056119999999999891e+03,6.063800122268511172e-01
-1.055599999999999909e+03,6.077113001839198336e-01
-1.055079999999999927e+03,6.090428371657189421e-01
-1.054559999999999945e+03,6.103746418451336808e-01
-1.054039999999999964e+03,6.117067556043683796e-01
-1.053519999999999982e+03,6.130390958750588926e-01
-1.053000000000000000e+03,6.143714370445694239e-01
-1.052480000000000018e+03,6.157037776242757499e-01
-1.051960000000000036e+03,6.170361005031519408e-01
-1.051440000000000055e+03,6.183684422112238899e-01
-1.050920000000000073e+03,6.197012088041360389e-01
-1.050400000000000091e+03,6.210340673228338382e-01
-1.049880000000000109e+03,6.223669264890717701e-01
-1.049360000000000127e+03,6.236997862584953145e-01
-1.048839999999999918e+03,6.250321693285544322e-01
-1.048319999999999936e+03,6.263645141917038028e-01
-1.047799999999999955e+03,6.276973975842032871e-01
-1.047279999999999973e+03,6.290302214958440885e-01
-1.046759999999999991e+03,6.303625487847793751e-01
-1.046240000000000009e+03,6.316948956732401088e-01
-1.045720000000000027e+03,6.330272431969766744e-01
-1.045200000000000045e+03,6.343595948990391475e-01
-1.044680000000000064e+03,6.356919430901417645e-01
-1.044159999999999854e+03,6.370239676509339422e-01
-1.043640000000000100e+03,6.383552664980720603e-01
-1.043119999999999891e+03,6.396865662732502678e-01
-1.042600000000000136e+03,6.410178671702798647e-01
-1.042079999999999927e+03,6.423489419465139294e-01
-1.041559999999999945e+03,6.436797083348193560e-01
-1.041039999999999964e+03,6.450102079174192538e-01
-1.040519999999999982e+03,6.463404597727404610e-01
-1.040000000000000000e+03,6.476700632329016605e-01
-1.039480000000000018e+03,6.489993074226086955e-01
-1.038960000000000036e+03,6.503281479361557871e-01
-1.038440000000000055e+03,6.516568360322285702e-01
-1.037920000000000073e+03,6.529851243507411862e-01
-1.037399999999999864e+03,6.543132979808499172e-01
-1.036880000000000109e+03,6.556405970772740677e-01
-1.036359999999999900e+03,6.569677212706985792e-01
-1.035840000000000146e+03,6.582938723161885219e-01
-1.035319999999999936e+03,6.596199467436486552e-01
-1.034799999999999955e+03,6.609449728664943402e-01
-1.034279999999999973e+03,6.622699224828461073e-01
-1.033759999999999991e+03,6.635939395927078488e-01
-1.033240000000000009e+03,6.649177639571351994e-01
-1.032720000000000027e+03,6.662407096313625043e-01
-1.032200000000000045e+03,6.675632741411556825e-01
-1.031680000000000064e+03,6.688846777209646044e-01
-1.031160000000000082e+03,6.702057349898135064e-01
-1.030639999999999873e+03,6.715260670549382249e-01
-1.030119999999999891e+03,6.728457892986987599e-01
-1.029599999999999909e+03,6.741645564758591558e-01
-1.029079999999999927e+03,6.754828499596754465e-01
-1.028559999999999945e+03,6.768005681867275136e-01
-1.028039999999999964e+03,6.781171603766193989e-01
-1.027519999999999982e+03,6.794327974767072620e-01
-1.027000000000000000e+03,6.807474431256549385e-01
-1.026480000000000018e+03,6.820615381571284441e-01
-1.025960000000000036e+03,6.833748679090078104e-01
-1.025440000000000055e+03,6.846878918749926823e-01
-1.024920000000000073e+03,6.859988731389078387e-01
-1.024400000000000091e+03,6.873093032853486717e-01
-1.023880000000000109e+03,6.886188346083195189e-01
-1.023360000000000014e+03,6.899281942317659899e-01
-1.022840000000000032e+03,6.912351108296483915e-01
-1.022319999999999936e+03,6.925418558907665556e-01
-1.021800000000000068e+03,6.938470765796348472e-01
-1.021279999999999973e+03,6.951520656388088248e-01
-1.020759999999999991e+03,6.964551642358026706e-01
-1.020240000000000009e+03,6.977579214169079558e-01
-1.019719999999999914e+03,6.990589429597433568e-01
-1.019200000000000045e+03,7.003593135620487242e-01
-1.018679999999999950e+03,7.016577175744858064e-01
-1.018160000000000082e+03,7.029554539187227169e-01
-1.017639999999999986e+03,7.042517809382856653e-01
-1.017120000000000005e+03,7.055472465055981912e-01
-1.016599999999999909e+03,7.068414702944967321e-01
-1.016080000000000041e+03,7.081342066704110483e-01
-1.015559999999999945e+03,7.094253030299610963e-01
-1.015040000000000077e+03,7.107155192509511110e-01
-1.014519999999999982e+03,7.120050490510325680e-01
-1.014000000000000000e+03,7.132925930480784604e-01
-1.013480000000000018e+03,7.145789946142858673e-01
-1.012960000000000036e+03,7.158635236253032552e-01
-1.012440000000000055e+03,7.171473075471319625e-01
-1.011919999999999959e+03,7.184286099618752974e-01
-1.011399999999999977e+03,7.197092665930897581e-01
-1.010879999999999882e+03,7.209881070244544832e-01
-1.010360000000000014e+03,7.222666621082904914e-01
-1.009839999999999918e+03,7.235422576202369394e-01
-1.009320000000000050e+03,7.248176268922928989e-01
-1.008799999999999955e+03,7.260899209472807536e-01
-1.008279999999999973e+03,7.273619094719584455e-01
-1.007759999999999991e+03,7.286310524169818947e-01
-1.007240000000000009e+03,7.298996656362811697e-01
-1.006720000000000027e+03,7.311656783433805318e-01
-1.006200000000000045e+03,7.324310433527755348e-01
-1.005679999999999950e+03,7.336944420450418614e-01
-1.005160000000000082e+03,7.349566800600384475e-01
-1.004639999999999986e+03,7.362164133283609635e-01
-1.004120000000000118e+03,7.374746777485429172e-01
-1.003600000000000023e+03,7.387307874114869000e-01
-1.003080000000000041e+03,7.399853676039408468e-01
-1.002559999999999945e+03,7.412383245860505454e-01
-1.002039999999999964e+03,7.424895078424559314e-01
-1.001519999999999982e+03,7.437393572648069995e-01
-1.001000000000000000e+03,7.449865117460481301e-01
-1.000480000000000018e+03,7.462321584418050158e-01
-9.999599999999999227e+02,7.474755751426876982e-01
-9.994400000000000546e+02,7.487180727166419247e-01
-9.989199999999999591e+02,7.499572870073304420e-01
-9.984000000000000909e+02,7.511956042964004210e-01
-9.978799999999999955e+02,7.524312332281961613e-01
-9.973600000000000136e+02,7.536664202600518170e-01
-9.968399999999999181e+02,7.548976552015592700e-01
-9.963200000000000500e+02,7.561286079030364871e-01
-9.957999999999999545e+02,7.573554333596597132e-01
-9.952800000000000864e+02,7.585818972155184969e-01
-9.947599999999999909e+02,7.598050990027631624e-01
-9.942400000000000091e+02,7.610275353737376847e-01
-9.937200000000000273e+02,7.622465352472936884e-01
-9.931999999999999318e+02,7.634646222839799323e-01
-9.926800000000000637e+02,7.646799570301575644e-01
-9.921599999999999682e+02,7.658937465501551856e-01
-9.916399999999999864e+02,7.671043886655386501e-01
-9.911199999999998909e+02,7.683133293108479478e-01
-9.906000000000000227e+02,7.695197884003787125e-01
-9.900799999999999272e+02,7.707242049538934880e-01
-9.895600000000000591e+02,7.719265063217158884e-01
-9.890399999999999636e+02,7.731261507588922388e-01
-9.885199999999999818e+02,7.743237144845903641e-01
-9.880000000000000000e+02,7.755186479546241074e-01
-9.874800000000000182e+02,7.767120317892935999e-01
-9.869600000000000364e+02,7.779020782952031920e-01
-9.864400000000000546e+02,7.790907851271644535e-01
-9.859199999999999591e+02,7.802757320514754902e-01
-9.854000000000000909e+02,7.814597470197880424e-01
-9.848799999999999955e+02,7.826400937277607772e-01
-9.843600000000001273e+02,7.838199064787849668e-01
-9.838400000000000318e+02,7.849947968991389802e-01
-9.833199999999999363e+02,7.861692650145348793e-01
-9.827999999999999545e+02,7.873391509105306385e-01
-9.822799999999999727e+02,7.885085639588022000e-01
-9.817599999999999909e+02,7.896737546156751275e-01
-9.812400000000000091e+02,7.908380870406981344e-01
-9.807200000000000273e+02,7.919986045588827128e-01
-9.801999999999999318e+02,7.931577453402572919e-01
-9.796800000000000637e+02,7.943130128491733277e-01
-9.791599999999999682e+02,7.954665225736193834e-01
-9.786400000000001000e+02,7.966165573679570011e-01
-9.781200000000000045e+02,7.977644771180846250e-01
-9.776000000000000227e+02,7.989092823211038086e-01
-9.770799999999999272e+02,8.000517978423228316e-01
-9.765600000000000591e+02,8.011919293561992061e-01
-9.760399999999999636e+02,8.023290812601899802e-01
-9.755200000000000955e+02,8.034639829069420980e-01
-9.750000000000000000e+02,8.045951789744801852e-01
-9.744799999999999045e+02,8.057243134355840386e-01
-9.739600000000000364e+02,8.068497098719134009e-01
-9.734399999999999409e+02,8.079736144154389121e-01
-9.729200000000000728e+02,8.090933801876454279e-01
-9.723999999999999773e+02,8.102120744806124986e-01
-9.718799999999999955e+02,8.113257483099307610e-01
-9.713599999999999000e+02,8.124386997812692579e-01
-9.708400000000000318e+02,8.135466854573188966e-01
-9.703199999999999363e+02,8.146542555186248036e-01
-9.698000000000000682e+02,8.157562285227161203e-01
-9.692799999999999727e+02,8.168576523584833993e-01
-9.687599999999999909e+02,8.179544145839964253e-01
-9.682400000000000091e+02,8.190500139938750035e-01
-9.677200000000000273e+02,8.201405185416353882e-01
-9.672000000000000455e+02,8.212296285984314048e-01
-9.666800000000000637e+02,8.223149037493728830e-01
-9.661599999999999682e+02,8.233980392037748564e-01
-9.656399999999998727e+02,8.244770539019240507e-01
-9.651200000000000045e+02,8.255538719993330554e-01
-9.645999999999999091e+02,8.266276347425238757e-01
-9.640800000000000409e+02,8.276983286920445160e-01
-9.635599999999999454e+02,8.287658318392424617e-01
-9.630399999999999636e+02,8.298297691427501954e-01
-9.625199999999999818e+02,8.308910115310798039e-01
-9.620000000000000000e+02,8.319485356439996204e-01
-9.614800000000000182e+02,8.330040146367702070e-01
-9.609600000000000364e+02,8.340553547664374401e-01
-9.604399999999999409e+02,8.351050890651253722e-01
-9.599200000000000728e+02,8.361498258508736070e-01
-9.593999999999999773e+02,8.371932994227834213e-01
-9.588800000000001091e+02,8.382312795905388914e-01
-9.583600000000000136e+02,8.392684749400562971e-01
-9.578400000000000318e+02,8.402996976863436052e-01
-9.573199999999999363e+02,8.413304426660319635e-01
-9.568000000000000682e+02,8.423556537319264459e-01
-9.562799999999999727e+02,8.433800818576426828e-01
-9.557599999999999909e+02,8.443984985302142032e-01
-9.552400000000000091e+02,8.454157118251017788e-01
-9.547199999999999136e+02,8.464278685186809037e-01
-9.542000000000000455e+02,8.474383248937201740e-01
-9.536799999999999500e+02,8.484442222416462842e-01
-9.531600000000000819e+02,8.494479229444729107e-01
-9.526399999999999864e+02,8.504475412491409037e-01
-9.521200000000000045e+02,8.514445050461585396e-01
-9.515999999999999091e+02,8.524378445957198069e-01
-9.510800000000000409e+02,8.534277853694546279e-01
-9.505599999999999454e+02,8.544143498995172559e-01
-9.500400000000000773e+02,8.553973082776398229e-01
-9.495199999999999818e+02,8.563775725964898333e-01
-9.490000000000000000e+02,8.573534321293291294e-01
-9.484800000000000182e+02,8.583269205813106595e-01
-9.479600000000000364e+02,8.592954513882176126e-01
-9.474400000000000546e+02,8.602621464015363095e-01
-9.469199999999999591e+02,8.612238070809006274e-01
-9.463999999999999773e+02,8.621842249363566024e-01
-9.458799999999998818e+02,8.631386716023685679e-01
-9.453600000000000136e+02,8.640923164637058784e-01
-9.448399999999999181e+02,8.650399285825247642e-01
-9.443200000000000500e+02,8.659870293092694071e-01
-9.437999999999999545e+02,8.669270840263315625e-01
-9.432799999999999727e+02,8.678664177759237708e-01
-9.427599999999999909e+02,8.688002347708475570e-01
-9.422400000000000091e+02,8.697326001311567190e-01
-9.417200000000000273e+02,8.706591084429077254e-01
-9.412000000000000455e+02,8.715838790791702317e-01
-9.406799999999999500e+02,8.725041097415882074e-01
-9.401600000000000819e+02,8.734218040488621604e-01
-9.396399999999999864e+02,8.743346851477578063e-01
-9.391200000000001182e+02,8.752447267044590751e-01
-9.386000000000000227e+02,8.761508555046181312e-01
-9.380800000000000409e+02,8.770538152871864002e-01
-9.375599999999999454e+02,8.779536669587721942e-01
-9.370399999999999636e+02,8.788489968668580232e-01
-9.365199999999999818e+02,8.797410019908713519e-01
-9.360000000000000000e+02,8.806289096839505781e-01
-9.354800000000000182e+02,8.815146597197908163e-01
-9.349599999999999227e+02,8.823950458873168756e-01
-9.344400000000000546e+02,8.832734878600049244e-01
-9.339199999999999591e+02,8.841464355162843569e-01
-9.334000000000000909e+02,8.850180636441292714e-01
-9.328799999999999955e+02,8.858832448471861687e-01
-9.323600000000000136e+02,8.867475874780741396e-01
-9.318399999999999181e+02,8.876053846838640737e-01
-9.313200000000000500e+02,8.884626264847336197e-01
-9.307999999999999545e+02,8.893134021763006158e-01
-9.302800000000000864e+02,8.901633021889432396e-01
-9.297599999999999909e+02,8.910067287445534445e-01
-9.292400000000000091e+02,8.918487482164236813e-01
-9.287200000000000273e+02,8.926849087995207821e-01
-9.281999999999999318e+02,8.935192013858240800e-01
-9.276800000000000637e+02,8.943485289860043652e-01
-9.271599999999999682e+02,8.951753231786490073e-01
-9.266399999999999864e+02,8.959973847955626791e-01
-9.261199999999998909e+02,8.968165289908364146e-01
-9.256000000000000227e+02,8.976317986992570219e-01
-9.250799999999999272e+02,8.984433282673235377e-01
-9.245600000000000591e+02,8.992512906939716943e-01
-9.240399999999999636e+02,9.000549817496555915e-01
-9.235199999999999818e+02,9.008556193044269245e-01
-9.230000000000000000e+02,9.016517940544299670e-01
-9.224800000000000182e+02,9.024456180664277571e-01
-9.219600000000000364e+02,9.032340860957381867e-01
-9.214400000000000546e+02,9.040206448817896812e-01
-9.209199999999999591e+02,9.048012339565828510e-01
-9.204000000000000909e+02,9.055804677774472733e-01
-9.198799999999999955e+02,9.063531776220333791e-01
-9.193600000000001273e+02,9.071251061074412370e-01
-9.188400000000000318e+02,9.078904302706248819e-01
-9.183199999999999363e+02,9.086552446348655776e-01
-9.177999999999999545e+02,9.094130749730778840e-01
-9.172799999999999727e+02,9.101700109796960758e-01
-9.167599999999999909e+02,9.109205352899610864e-01
-9.162400000000000091e+02,9.116696891951223680e-01
-9.157200000000000273e+02,9.124134235352908684e-01
-9.151999999999999318e+02,9.131551386499748846e-01
-9.146800000000000637e+02,9.138915684079769175e-01
-9.141599999999999682e+02,9.146252144992036426e-01
-9.136400000000001000e+02,9.153538046212741364e-01
-9.131200000000000045e+02,9.160796877253946091e-01
-9.126000000000000227e+02,9.168020424042983008e-01
-9.120799999999999272e+02,9.175203736780515040e-01
-9.115600000000000591e+02,9.182348881474780011e-01
-9.110399999999999636e+02,9.189453999738846912e-01
-9.105200000000000955e+02,9.196531252281238134e-01
-9.100000000000000000e+02,9.203559899131853461e-01
-9.094799999999999045e+02,9.210564109050277670e-01
-9.089600000000000364e+02,9.217513982968663644e-01
-9.084399999999999409e+02,9.224444970617774464e-01
-9.079200000000000728e+02,9.231316277157649575e-01
-9.073999999999999773e+02,9.238174226699135128e-01
-9.068799999999999955e+02,9.244971342332594100e-01
-9.063599999999999000e+02,9.251761612302272786e-01
-9.058400000000000318e+02,9.258480536609163813e-01
-9.053199999999999363e+02,9.265194347685073994e-01
-9.048000000000000682e+02,9.271843484548507597e-01
-9.042799999999999727e+02,9.278483311758747298e-01
-9.037599999999999909e+02,9.285059829364912254e-01
-9.032400000000000091e+02,9.291620901233540453e-01
-9.027200000000000273e+02,9.298124172935499088e-01
-9.022000000000000455e+02,9.304606687902711171e-01
-9.016800000000000637e+02,9.311036740187599303e-01
-9.011599999999999682e+02,9.317442418894997802e-01
-9.006399999999998727e+02,9.323804825248275252e-01
-9.001200000000000045e+02,9.330137489859710032e-01
-8.995999999999999091e+02,9.336431809415173255e-01
-8.990800000000000409e+02,9.342688598172997905e-01
-8.985599999999999454e+02,9.348910091217047524e-01
-8.980399999999999636e+02,9.355088359344357896e-01
-8.975199999999999818e+02,9.361236640988199742e-01
-8.970000000000000000e+02,9.367339774811398456e-01
-8.964800000000000182e+02,9.373420428464723786e-01
-8.959600000000000364e+02,9.379450369434513268e-01
-8.954399999999999409e+02,9.385462945124032341e-01
-8.949200000000000728e+02,9.391415708344608149e-01
-8.943999999999999773e+02,9.397355482533710225e-01
-8.938800000000001091e+02,9.403234064115931767e-01
-8.933600000000000136e+02,9.409106026779023857e-01
-8.928400000000000318e+02,9.414911606976191782e-01
-8.923199999999999363e+02,9.420711912361415807e-01
-8.918000000000000682e+02,9.426442773905173711e-01
-8.912799999999999727e+02,9.432164907912645724e-01
-8.907599999999999909e+02,9.437828337733890072e-01
-8.902400000000000091e+02,9.443477286735449949e-01
-8.897199999999999136e+02,9.449072882981840449e-01
-8.892000000000000455e+02,9.454648856211684826e-01
-8.886799999999999500e+02,9.460176613747421914e-01
-8.881600000000000819e+02,9.465679827504017707e-01
-8.876399999999999864e+02,9.471139724616739475e-01
-8.871200000000000045e+02,9.476567476541120083e-01
-8.865999999999999091e+02,9.481954200071354144e-01
-8.860800000000000409e+02,9.487308791473080261e-01
-8.855599999999999454e+02,9.492633261708292025e-01
-8.850400000000000773e+02,9.497917146735611604e-01
-8.845199999999999818e+02,9.503173795740172958e-01
-8.840000000000000000e+02,9.508384940993593881e-01
-8.834800000000000182e+02,9.513573548552444192e-01
-8.829600000000000364e+02,9.518711543524510654e-01
-8.824400000000000546e+02,9.523832754037510062e-01
-8.819199999999999591e+02,9.528902177616422886e-01
-8.813999999999999773e+02,9.533960525791906893e-01
-8.808799999999998818e+02,9.538957752636019194e-01
-8.803600000000000136e+02,9.543948521567053866e-01
-8.798399999999999181e+02,9.548872791372016167e-01
-8.793200000000000500e+02,9.553792153132654175e-01
-8.787999999999999545e+02,9.558652626088860460e-01
-8.782799999999999727e+02,9.563504011333284760e-01
-8.777599999999999909e+02,9.568296689049193837e-01
-8.772400000000000091e+02,9.573074945402364477e-01
-8.767200000000000273e+02,9.577800019554081334e-01
-8.762000000000000455e+02,9.582508205033596349e-01
-8.756799999999999500e+02,9.587176000210354543e-01
-8.751600000000000819e+02,9.591818702880776648e-01
-8.746399999999999864e+02,9.596418717111643293e-01
-8.741200000000001182e+02,9.600990798473365562e-01
-8.736000000000000227e+02,9.605528602720376785e-01
-8.730800000000000409e+02,9.610033293045344704e-01
-8.725599999999999454e+02,9.614508256935657693e-01
-8.720399999999999636e+02,9.618942522969733400e-01
-8.715199999999999818e+02,9.623349942440949656e-01
-8.710000000000000000e+02,9.627718368563628060e-01
-8.704800000000000182e+02,9.632068305190992774e-01
-8.699599999999999227e+02,9.636371304786475189e-01
-8.694400000000000546e+02,9.640658837208000431e-01
-8.689199999999999591e+02,9.644894473254543854e-01
-8.684000000000000909e+02,9.649119607525455944e-01
-8.678799999999999955e+02,9.653287876284201152e-01
-8.673600000000000136e+02,9.657450663786277811e-01
-8.668399999999999181e+02,9.661551537479584617e-01
-8.663200000000000500e+02,9.665648123343903997e-01
-8.657999999999999545e+02,9.669691019965617196e-01
-8.652800000000000864e+02,9.673725995196942318e-01
-8.647599999999999909e+02,9.677711446893813019e-01
-8.642400000000000091e+02,9.681683479907602363e-01
-8.637200000000000273e+02,9.685606769886331291e-01
-8.631999999999999318e+02,9.689511667654927551e-01
-8.626800000000000637e+02,9.693372386690263243e-01
-8.621599999999999682e+02,9.697213971673555033e-01
-8.616399999999999864e+02,9.701022640555710952e-01
-8.611199999999998909e+02,9.704803628000164828e-01
-8.606000000000000227e+02,9.708549931833529989e-01
-8.600799999999999272e+02,9.712266257078148168e-01
-8.595600000000000591e+02,9.715955571977364924e-01
-8.590399999999999636e+02,9.719610143854703344e-01
-8.585199999999999818e+02,9.723242048867682952e-01
-8.580000000000000000e+02,9.726835270732983041e-01
-8.574800000000000182e+02,9.730410204901168703e-01
-8.569600000000000364e+02,9.733941658887186321e-01
-8.564400000000000546e+02,9.737459416546635493e-01
-8.559199999999999591e+02,9.740929334410811657e-01
-8.554000000000000909e+02,9.744389936304823641e-01
-8.548799999999999955e+02,9.747803069295719602e-01
-8.543600000000001273e+02,9.751211693440847705e-01
-8.538400000000000318e+02,9.754563649130605363e-01
-8.533199999999999363e+02,9.757911691132694632e-01
-8.527999999999999545e+02,9.761211494310131354e-01
-8.522799999999999727e+02,9.764503360415183186e-01
-8.517599999999999909e+02,9.767750939735978521e-01
-8.512400000000000091e+02,9.770986103563850111e-01
-8.507200000000000273e+02,9.774176766538364980e-01
-8.501999999999999318e+02,9.777351728385051954e-01
-8.496800000000000637e+02,9.780490415836146090e-01
-8.491599999999999682e+02,9.783609638991996871e-01
-8.486400000000001000e+02,9.786696361415504475e-01
-8.481200000000000045e+02,9.789757561220776561e-01
-8.476000000000000227e+02,9.792787162278662194e-01
-8.470799999999999272e+02,9.795792208054013850e-01
-8.465600000000000591e+02,9.798775428580919211e-01
-8.460399999999999636e+02,9.801727055990284709e-01
-8.455200000000000955e+02,9.804658521886411293e-01
-8.450000000000000000e+02,9.807557867085210379e-01
-8.444799999999999045e+02,9.810442557552154774e-01
-8.439600000000000364e+02,9.813283696688733793e-01
-8.434399999999999409e+02,9.816111321314958671e-01
-8.429200000000000728e+02,9.818904403871907549e-01
-8.423999999999999773e+02,9.821690870737953549e-01
-8.418799999999999955e+02,9.824429748997981493e-01
-8.413599999999999000e+02,9.827164527935902116e-01
-8.408400000000000318e+02,9.829847512549162447e-01
-8.403199999999999363e+02,9.832526992012955436e-01
-8.398000000000000682e+02,9.835163262369900350e-01
-8.392799999999999727e+02,9.837792832599472348e-01
-8.387599999999999909e+02,9.840382575136743526e-01
-8.382400000000000091e+02,9.842962982090395219e-01
-8.377200000000000273e+02,9.845511587671508247e-01
-8.372000000000000455e+02,9.848044359512428958e-01
-8.366800000000000637e+02,9.850541112967672319e-01
-8.361599999999999682e+02,9.853020383705431984e-01
-8.356399999999998727e+02,9.855470853501816508e-01
-8.351200000000000045e+02,9.857902556249604764e-01
-8.345999999999999091e+02,9.860311483228119123e-01
-8.340800000000000409e+02,9.862696008131147662e-01
-8.335599999999999454e+02,9.865058682548697444e-01
-8.330399999999999636e+02,9.867393155015615758e-01
-8.325199999999999818e+02,9.869709396642594168e-01
-8.320000000000000000e+02,9.871997674876813456e-01
-8.314800000000000182e+02,9.874272845061426995e-01
-8.309600000000000364e+02,9.876516639043732004e-01
-8.304399999999999409e+02,9.878750556092043000e-01
-8.299200000000000728e+02,9.880950071545534508e-01
-8.293999999999999773e+02,9.883143204922720804e-01
-8.288800000000001091e+02,9.885293661646809005e-01
-8.283600000000000136e+02,9.887440427291547262e-01
-8.278400000000000318e+02,9.889546027536082473e-01
-8.273199999999999363e+02,9.891649162792552907e-01
-8.268000000000000682e+02,9.893719127127346136e-01
-8.262799999999999727e+02,9.895782813468702033e-01
-8.257599999999999909e+02,9.897811778792382498e-01
-8.252400000000000091e+02,9.899831282784894437e-01
-8.247199999999999136e+02,9.901819307795982628e-01
-8.242000000000000455e+02,9.903794657247483313e-01
-8.236799999999999500e+02,9.905741685068265578e-01
-8.231600000000000819e+02,9.907674964338822887e-01
-8.226399999999999864e+02,9.909586425231405871e-01
-8.221200000000000045e+02,9.911479057209747756e-01
-8.215999999999999091e+02,9.913349618444347033e-01
-8.210800000000000409e+02,9.915201002554400178e-01
-8.205599999999999454e+02,9.917035992494044327e-01
-8.200400000000000773e+02,9.918849250386263527e-01
-8.195199999999999818e+02,9.920648531352399546e-01
-8.190000000000000000e+02,9.922423473741622812e-01
-8.184800000000000182e+02,9.924187419029368851e-01
-8.179600000000000364e+02,9.925924257416302021e-01
-8.174400000000000546e+02,9.927652779690654405e-01
-8.169199999999999591e+02,9.929346923903391575e-01
-8.163999999999999773e+02,9.931034878824550605e-01
-8.158799999999998818e+02,9.932694920918256898e-01
-8.153600000000000136e+02,9.934352866082324374e-01
-8.148399999999999181e+02,9.935980355326590185e-01
-8.143200000000000500e+02,9.937605061141268070e-01
-8.137999999999999545e+02,9.939192394918718865e-01
-8.132799999999999727e+02,9.940775845601499405e-01
-8.127599999999999909e+02,9.942338311993559330e-01
-8.122400000000000091e+02,9.943891873549406402e-01
-8.117200000000000273e+02,9.945414048890983683e-01
-8.112000000000000455e+02,9.946928919984738826e-01
-8.106799999999999500e+02,9.948426531267700046e-01
-8.101600000000000819e+02,9.949910971367676993e-01
-8.096399999999999864e+02,9.951373681226161061e-01
-8.091200000000001182e+02,9.952822937598959641e-01
-8.086000000000000227e+02,9.954255958378165348e-01
-8.080800000000000409e+02,9.955673511232189243e-01
-8.075599999999999454e+02,9.957077024029516998e-01
-8.070399999999999636e+02,9.958462751881823616e-01
-8.065199999999999818e+02,9.959837070029518014e-01
-8.060000000000000000e+02,9.961190983469659921e-01
-8.054800000000000182e+02,9.962535885355833232e-01
-8.049599999999999227e+02,9.963862454275951297e-01
-8.044400000000000546e+02,9.965183397102451712e-01
-8.039199999999999591e+02,9.966479907074011768e-01
-8.034000000000000909e+02,9.967771811952090832e-01
-8.028799999999999955e+02,9.969036730954728975e-01
-8.023600000000000136e+02,9.970299840779885958e-01
-8.018399999999999181e+02,9.971539025241623611e-01
-8.013200000000000500e+02,9.972776289004062766e-01
-8.007999999999999545e+02,9.973986599592397084e-01
-8.002800000000000864e+02,9.975194774421017874e-01
-7.997599999999999909e+02,9.976387029569843135e-01
-7.992400000000000091e+02,9.977573262634601425e-01
-7.987200000000000273e+02,9.978737252614124920e-01
-7.981999999999999318e+02,9.979894523240875337e-01
-7.976800000000000637e+02,9.981035528035195892e-01
-7.971599999999999682e+02,9.982166008834186810e-01
-7.966399999999999864e+02,9.983278841823919336e-01
-7.961199999999998909e+02,9.984384322068504680e-01
-7.956000000000000227e+02,9.985479874494734842e-01
-7.950799999999999272e+02,9.986566518023631822e-01
-7.945600000000000591e+02,9.987644837524795038e-01
-7.940399999999999636e+02,9.988706824288150488e-01
-7.935199999999999818e+02,9.989757453651023633e-01
-7.930000000000000000e+02,9.990797300025289207e-01
-7.924800000000000182e+02,9.991831237363454354e-01
-7.919600000000000364e+02,9.992849052192692705e-01
-7.914400000000000546e+02,9.993861516476914009e-01
-7.909199999999999591e+02,9.994860313324758216e-01
-7.904000000000000909e+02,9.995856720044293819e-01
-7.898799999999999955e+02,9.996833103058108128e-01
-7.893600000000001273e+02,9.997808204877856042e-01
-7.888400000000000318e+02,9.998766987966033470e-01
-7.883199999999999363e+02,9.999725060311432934e-01
-7.877999999999999545e+02,1.000066808096290227e+00
-7.872799999999999727e+02,1.000160868464836650e+00
-7.867599999999999909e+02,1.000253120673396223e+00
-7.862400000000000091e+02,1.000345227718554053e+00
-7.857200000000000273e+02,1.000436470326811600e+00
-7.851999999999999318e+02,1.000527188276636670e+00
-7.846800000000000637e+02,1.000616396352762560e+00
-7.841599999999999682e+02,1.000705371981370106e+00
-7.836400000000001000e+02,1.000793646662929026e+00
-7.831200000000000045e+02,1.000881344246734805e+00
-7.826000000000000227e+02,1.000968194593897520e+00
-7.820799999999999272e+02,1.001054359921482062e+00
-7.815600000000000591e+02,1.001139753152493261e+00
-7.810399999999999636e+02,1.001224697710747735e+00
-7.805200000000000955e+02,1.001309196670161938e+00
-7.800000000000000000e+02,1.001392451129935690e+00
-7.794799999999999045e+02,1.001475007943898543e+00
-7.789600000000000364e+02,1.001557422447848289e+00
-7.784399999999999409e+02,1.001639670529754556e+00
-7.779200000000000728e+02,1.001720754566874705e+00
-7.773999999999999773e+02,1.001801656589305534e+00
-7.768799999999999955e+02,1.001881162596721442e+00
-7.763599999999999000e+02,1.001960660531076241e+00
-7.758400000000000318e+02,1.002039687088373210e+00
-7.753199999999999363e+02,1.002118687914427930e+00
-7.748000000000000682e+02,1.002196237657112521e+00
-7.742799999999999727e+02,1.002273727283837346e+00
-7.737599999999999909e+02,1.002350303192593328e+00
-7.732400000000000091e+02,1.002426616207350074e+00
-7.727200000000000273e+02,1.002501663396352827e+00
-7.722000000000000455e+02,1.002576620846789002e+00
-7.716800000000000637e+02,1.002651096363375238e+00
-7.711599999999999682e+02,1.002725196778908812e+00
-7.706399999999998727e+02,1.002798520575887808e+00
-7.701200000000000045e+02,1.002871300259688958e+00
-7.695999999999999091e+02,1.002943353390515213e+00
-7.690800000000000409e+02,1.003014689390534508e+00
-7.685599999999999454e+02,1.003085394767598615e+00
-7.680399999999999636e+02,1.003155491109672504e+00
-7.675199999999999818e+02,1.003225174676899423e+00
-7.670000000000000000e+02,1.003293690696167806e+00
-7.664800000000000182e+02,1.003361741542397878e+00
-7.659600000000000364e+02,1.003428278564800769e+00
-7.654399999999999409e+02,1.003494479260933714e+00
-7.649200000000000728e+02,1.003559308705132880e+00
-7.643999999999999773e+02,1.003623931173624362e+00
-7.638800000000001091e+02,1.003686485144920315e+00
-7.633600000000000136e+02,1.003748729109486204e+00
-7.628400000000000318e+02,1.003809229595581831e+00
-7.623199999999999363e+02,1.003869256470808269e+00
-7.618000000000000682e+02,1.003927011879911513e+00
-7.612799999999999727e+02,1.003984165525508176e+00
-7.607599999999999909e+02,1.004039979284973683e+00
-7.602400000000000091e+02,1.004094653541574900e+00
-7.597199999999999136e+02,1.004147176878673386e+00
-7.592000000000000455e+02,1.004198176423356736e+00
-7.586799999999999500e+02,1.004247141846708935e+00
-7.581600000000000819e+02,1.004294554362552550e+00
-7.576399999999999864e+02,1.004340692767283549e+00
-7.571200000000000045e+02,1.004384663367912323e+00
-7.565999999999999091e+02,1.004427191919050610e+00
-7.560800000000000409e+02,1.004466754469158341e+00
-7.555599999999999454e+02,1.004504864736894820e+00
-7.550400000000000773e+02,1.004540127172613317e+00
-7.545199999999999818e+02,1.004574620259642836e+00
-7.540000000000000000e+02,1.004605350872572078e+00
-7.534800000000000182e+02,1.004635447504770740e+00
-7.529600000000000364e+02,1.004661295551620759e+00
-7.524400000000000546e+02,1.004686636059268778e+00
-7.519199999999999591e+02,1.004707516836550685e+00
-7.513999999999999773e+02,1.004727806235043763e+00
-7.508799999999998818e+02,1.004743725325963677e+00
-7.503600000000000136e+02,1.004758845559627467e+00
-7.498399999999999181e+02,1.004770341558815172e+00
-7.493200000000000500e+02,1.004780678243539782e+00
-7.487999999999999545e+02,1.004787260664491200e+00
-7.482799999999999727e+02,1.004792348769832699e+00
-7.477599999999999909e+02,1.004794160194873331e+00
-7.472400000000000091e+02,1.004794308094902000e+00
-7.467200000000000273e+02,1.004792043227833442e+00
-7.462000000000000455e+02,1.004787921642144477e+00
-7.456799999999999500e+02,1.004781873037346340e+00
-7.451600000000000819e+02,1.004773648927756780e+00
-7.446399999999999864e+02,1.004763645222269686e+00
-7.441200000000001182e+02,1.004751500841845946e+00
-7.436000000000000227e+02,1.004737992015654058e+00
-7.430800000000000409e+02,1.004722842472522526e+00
-7.425599999999999454e+02,1.004706981170736091e+00
-7.420399999999999636e+02,1.004689828301143173e+00
-7.415199999999999818e+02,1.004672276988441748e+00
-7.410000000000000000e+02,1.004653987934023052e+00
-7.404800000000000182e+02,1.004635527393088479e+00
-7.399599999999999227e+02,1.004616650735363548e+00
-7.394400000000000546e+02,1.004597665757482439e+00
-7.389199999999999591e+02,1.004579474369363012e+00
-7.384000000000000909e+02,1.004561529547993937e+00
-7.378799999999999955e+02,1.004545085241360436e+00
-7.373600000000000136e+02,1.004529287516775282e+00
-7.368399999999999181e+02,1.004515593041709121e+00
-7.363200000000000500e+02,1.004503063233293858e+00
-7.357999999999999545e+02,1.004493095947590620e+00
-7.352800000000000864e+02,1.004484968620799945e+00
-7.347599999999999909e+02,1.004479694619335062e+00
-7.342400000000000091e+02,1.004476865909765593e+00
-7.337200000000000273e+02,1.004476671790831110e+00
-7.331999999999999318e+02,1.004480073225723302e+00
-7.326800000000000637e+02,1.004486828258923659e+00
-7.321599999999999682e+02,1.004497924895543015e+00
-7.316399999999999864e+02,1.004511787006300727e+00
-7.311199999999998909e+02,1.004530716550151581e+00
-7.306000000000000227e+02,1.004551807252703766e+00
-7.300799999999999272e+02,1.004579427201572228e+00
-7.295600000000000591e+02,1.004609225205889356e+00
-7.290399999999999636e+02,1.004646179765460889e+00
-7.285199999999999818e+02,1.004684465124763948e+00
-7.280000000000000000e+02,1.004731085206700625e+00
-7.274800000000000182e+02,1.004778562216675608e+00
-7.269600000000000364e+02,1.004834207601038587e+00
-7.264400000000000546e+02,1.004890379034665271e+00
-7.259199999999999591e+02,1.004954979777764601e+00
-7.254000000000000909e+02,1.005020819542250532e+00
-7.248799999999999955e+02,1.005093637290387809e+00
-7.243600000000001273e+02,1.005168204019062372e+00
-7.238400000000000318e+02,1.005248743953893520e+00
-7.233199999999999363e+02,1.005331537967185218e+00
-7.227999999999999545e+02,1.005419809403341525e+00
-7.222799999999999727e+02,1.005510581348803667e+00
-7.217599999999999909e+02,1.005605370376966290e+00
-7.212400000000000091e+02,1.005702853962366916e+00
-7.207200000000000273e+02,1.005803425051906563e+00
-7.201999999999999318e+02,1.005906928542850132e+00
-7.196800000000000637e+02,1.006013036503554003e+00
-7.191599999999999682e+02,1.006121769419733303e+00
-7.186400000000001000e+02,1.006232063622466866e+00
-7.181200000000000045e+02,1.006344999751259683e+00
-7.176000000000000227e+02,1.006459187257616072e+00
-7.170799999999999272e+02,1.006575378178126146e+00
-7.165600000000000591e+02,1.006692079618525471e+00
-7.160399999999999636e+02,1.006810370420458289e+00
-7.155200000000000955e+02,1.006928848177301550e+00
-7.150000000000000000e+02,1.007048734937349144e+00
-7.144799999999999045e+02,1.007168764730317800e+00
-7.139600000000000364e+02,1.007289632209060981e+00
-7.134399999999999409e+02,1.007410578753041630e+00
-7.129200000000000728e+02,1.007531258813506359e+00
-7.123999999999999773e+02,1.007651922923425536e+00
-7.118799999999999955e+02,1.007772328695673680e+00
-7.113599999999999000e+02,1.007892632702291236e+00
-7.108400000000000318e+02,1.008011894422400578e+00
-7.103199999999999363e+02,1.008130882727744204e+00
-7.098000000000000682e+02,1.008249158427379610e+00
-7.092799999999999727e+02,1.008366961537000783e+00
-7.087599999999999909e+02,1.008483487792874111e+00
-7.082400000000000091e+02,1.008599601768568110e+00
-7.077200000000000273e+02,1.008715287999186971e+00
-7.072000000000000455e+02,1.008830071368176595e+00
-7.066800000000000637e+02,1.008943744059321634e+00
-7.061599999999999682e+02,1.009056369086817284e+00
-7.056399999999998727e+02,1.009168049971966630e+00
-7.051200000000000045e+02,1.009278790165216266e+00
-7.045999999999999091e+02,1.009389017776053166e+00
-7.040800000000000409e+02,1.009498241235108784e+00
-7.035599999999999454e+02,1.009607097133212728e+00
-7.030399999999999636e+02,1.009714907159214636e+00
-7.025199999999999818e+02,1.009822492759047341e+00
-7.020000000000000000e+02,1.009928690539673823e+00
-7.014800000000000182e+02,1.010034630355224783e+00
-7.009600000000000364e+02,1.010139599572377200e+00
-7.004399999999999409e+02,1.010244569066979015e+00
-6.999200000000000728e+02,1.010348705525184965e+00
-6.993999999999999773e+02,1.010452832272495494e+00
-6.988800000000001091e+02,1.010556368732961730e+00
-6.983600000000000136e+02,1.010659824639351445e+00
-6.978400000000000318e+02,1.010762404612530085e+00
-6.973199999999999363e+02,1.010864912719716679e+00
-6.968000000000000682e+02,1.010967223124418890e+00
-6.962799999999999727e+02,1.011069615681538858e+00
-6.957599999999999909e+02,1.011172345070053158e+00
-6.952400000000000091e+02,1.011274820609058045e+00
-6.947199999999999136e+02,1.011376495479832549e+00
-6.942000000000000455e+02,1.011478500817944770e+00
-6.936799999999999500e+02,1.011580915275994919e+00
-6.931600000000000819e+02,1.011683526661632859e+00
-6.926399999999999864e+02,1.011786245517705796e+00
-6.921200000000000045e+02,1.011888964547947856e+00
-6.915999999999999091e+02,1.011991590474010438e+00
-6.910800000000000409e+02,1.012094592029044282e+00
-6.905599999999999454e+02,1.012197732224576319e+00
-6.900400000000000773e+02,1.012301396686229094e+00
-6.895199999999999818e+02,1.012405158067545496e+00
-6.890000000000000000e+02,1.012509518741576242e+00
-6.884800000000000182e+02,1.012613966482740491e+00
-6.879600000000000364e+02,1.012719169359310278e+00
-6.874400000000000546e+02,1.012824464253212930e+00
-6.869199999999999591e+02,1.012930053984255174e+00
-6.863999999999999773e+02,1.013035707040038425e+00
-6.858799999999998818e+02,1.013142633908746593e+00
-6.853600000000000136e+02,1.013249780618757701e+00
-6.848399999999999181e+02,1.013357145492329581e+00
-6.843200000000000500e+02,1.013464868136900288e+00
-6.837999999999999545e+02,1.013573802416382730e+00
-6.832799999999999727e+02,1.013683033790240273e+00
-6.827599999999999909e+02,1.013792495580908115e+00
-6.822400000000000091e+02,1.013902458620248526e+00
-6.817200000000000273e+02,1.014013072810071581e+00
-6.812000000000000455e+02,1.014124260760377316e+00
-6.806799999999999500e+02,1.014236100005166286e+00
-6.801600000000000819e+02,1.014348613307889169e+00
-6.796399999999999864e+02,1.014461711496364549e+00
-6.791200000000001182e+02,1.014575655901120088e+00
-6.786000000000000227e+02,1.014690065199877145e+00
-6.780800000000000409e+02,1.014805546515091805e+00
-6.775599999999999454e+02,1.014921377500962674e+00
-6.770399999999999636e+02,1.015038447088097318e+00
-6.765199999999999818e+02,1.015155789277128795e+00
-6.760000000000000000e+02,1.015274204419518433e+00
-6.754800000000000182e+02,1.015392627587337726e+00
-6.749599999999999227e+02,1.015513225955639642e+00
-6.744400000000000546e+02,1.015634048269733025e+00
-6.739199999999999591e+02,1.015756564351461222e+00
-6.734000000000000909e+02,1.015879383233372124e+00
-6.728799999999999955e+02,1.016003393742638705e+00
-6.723600000000000136e+02,1.016127917391370206e+00
-6.718399999999999181e+02,1.016254565049527159e+00
-6.713200000000000500e+02,1.016381868834097979e+00
-6.707999999999999545e+02,1.016510327762789601e+00
-6.702800000000000864e+02,1.016639699077721781e+00
-6.697599999999999909e+02,1.016770636430823327e+00
-6.692400000000000091e+02,1.016902891974001300e+00
-6.687200000000000273e+02,1.017036984966205981e+00
-6.681999999999999318e+02,1.017172385966862880e+00
-6.676800000000000637e+02,1.017308836173595132e+00
-6.671599999999999682e+02,1.017447153427331275e+00
-6.666399999999999864e+02,1.017586682694037847e+00
-6.661199999999998909e+02,1.017728429396697498e+00
-6.656000000000000227e+02,1.017871218939653710e+00
-6.650799999999999272e+02,1.018016658461924129e+00
-6.645600000000000591e+02,1.018162962019012463e+00
-6.640399999999999636e+02,1.018312429647812323e+00
-6.635199999999999818e+02,1.018462485664217931e+00
-6.630000000000000000e+02,1.018616247609907877e+00
-6.624800000000000182e+02,1.018770328860719943e+00
-6.619600000000000364e+02,1.018928573832983187e+00
-6.614400000000000546e+02,1.019087255372313594e+00
-6.609199999999999591e+02,1.019250000133037792e+00
-6.604000000000000909e+02,1.019413593001541329e+00
-6.598799999999999955e+02,1.019581099288388470e+00
-6.593600000000001273e+02,1.019749877223866230e+00
-6.588400000000000318e+02,1.019922432722453864e+00
-6.583199999999999363e+02,1.020096673992064051e+00
-6.577999999999999545e+02,1.020274488348080766e+00
-6.572799999999999727e+02,1.020454386912247990e+00
-6.567599999999999909e+02,1.020637235734214832e+00
-6.562400000000000091e+02,1.020822965770494806e+00
-6.557200000000000273e+02,1.021012091924272003e+00
-6.551999999999999318e+02,1.021204504143375491e+00
-6.546800000000000637e+02,1.021399630619840737e+00
-6.541599999999999682e+02,1.021598440728829660e+00
-6.536400000000001000e+02,1.021799258830226265e+00
-6.531200000000000045e+02,1.022004859135992483e+00
-6.526000000000000227e+02,1.022212635954408588e+00
-6.520799999999999272e+02,1.022425554939485615e+00
-6.515600000000000591e+02,1.022639945174411702e+00
-6.510399999999999636e+02,1.022859757946356751e+00
-6.505200000000000955e+02,1.023080377895208448e+00
-6.500000000000000000e+02,1.023307436377636659e+00
-6.494799999999999045e+02,1.023535081259044688e+00
-6.489600000000000364e+02,1.023769942090767771e+00
-6.484399999999999409e+02,1.024005665076604510e+00
-6.479200000000000728e+02,1.024247192322531586e+00
-6.473999999999999773e+02,1.024489960262723987e+00
-6.468799999999999955e+02,1.024739068066061964e+00
-6.463599999999999000e+02,1.024989987069732322e+00
-6.458400000000000318e+02,1.025245612449617427e+00
-6.453199999999999363e+02,1.025503581596091340e+00
-6.448000000000000682e+02,1.025766253631064329e+00
-6.442799999999999727e+02,1.026031740280587412e+00
-6.437599999999999909e+02,1.026301307720647094e+00
-6.432400000000000091e+02,1.026574128250638651e+00
-6.427200000000000273e+02,1.026850433635507542e+00
-6.422000000000000455e+02,1.027130332047099470e+00
-6.416800000000000637e+02,1.027413176822902452e+00
-6.411599999999999682e+02,1.027699928125151096e+00
-6.406399999999998727e+02,1.027989027374341502e+00
-6.401200000000000045e+02,1.028282252536883989e+00
-6.396000000000000227e+02,1.028577256981128007e+00
-6.390800000000000409e+02,1.028876519915683740e+00
-6.385600000000000591e+02,1.029177031574667334e+00
-6.380399999999999636e+02,1.029481846301840031e+00
-6.375199999999999818e+02,1.029787383735846440e+00
-6.370000000000000000e+02,1.030097143657301872e+00
-6.364800000000000182e+02,1.030407341030723289e+00
-6.359599999999999227e+02,1.030720811336811593e+00
-6.354399999999999409e+02,1.031034626114444741e+00
-6.349199999999999591e+02,1.031351809933722663e+00
-6.343999999999999773e+02,1.031669530146359648e+00
-6.338799999999999955e+02,1.031989341059946330e+00
-6.333600000000000136e+02,1.032309616321294365e+00
-6.328400000000000318e+02,1.032630730544245257e+00
-6.323199999999999363e+02,1.032952235939810004e+00
-6.317999999999999545e+02,1.033274867400423069e+00
-6.312799999999999727e+02,1.033597389751263584e+00
-6.307599999999999909e+02,1.033919576884427816e+00
-6.302400000000000091e+02,1.034241327946392452e+00
-6.297200000000000273e+02,1.034562706718354042e+00
-6.292000000000000455e+02,1.034883166498581142e+00
-6.286800000000000637e+02,1.035203289994528264e+00
-6.281600000000000819e+02,1.035521232366549471e+00
-6.276399999999999864e+02,1.035837996818575357e+00
-6.271200000000000045e+02,1.036151833049138160e+00
-6.265999999999999091e+02,1.036464748241773925e+00
-6.260799999999999272e+02,1.036773554741944992e+00
-6.255599999999999454e+02,1.037081553656797661e+00
-6.250399999999999636e+02,1.037384049085956939e+00
-6.245199999999999818e+02,1.037685987569112456e+00
-6.240000000000000000e+02,1.037980952489785613e+00
-6.234800000000000182e+02,1.038275499995683360e+00
-6.229600000000000364e+02,1.038561908468773387e+00
-6.224400000000000546e+02,1.038847441158799345e+00
-6.219199999999999591e+02,1.039124549054609270e+00
-6.213999999999999773e+02,1.039399792966584135e+00
-6.208799999999999955e+02,1.039666490763692774e+00
-6.203600000000000136e+02,1.039930166382765142e+00
-6.198400000000000318e+02,1.040184914082419532e+00
-6.193200000000000500e+02,1.040435466314681090e+00
-6.188000000000000682e+02,1.040678225938986623e+00
-6.182799999999999727e+02,1.040915325903375210e+00
-6.177599999999999909e+02,1.041144638568587411e+00
-6.172400000000000091e+02,1.041366558546299226e+00
-6.167200000000000273e+02,1.041580935074810421e+00
-6.161999999999999318e+02,1.041786407908683376e+00
-6.156799999999999500e+02,1.041985542375355900e+00
-6.151599999999999682e+02,1.042174219587212347e+00
-6.146399999999999864e+02,1.042357780580706272e+00
-6.141200000000000045e+02,1.042528492951769525e+00
-6.136000000000000227e+02,1.042694548987921799e+00
-6.130800000000000409e+02,1.042846234137802863e+00
-6.125599999999999454e+02,1.042994715005648665e+00
-6.120399999999999636e+02,1.043126956135686179e+00
-6.115199999999999818e+02,1.043257318465860894e+00
-6.110000000000000000e+02,1.043369543807952882e+00
-6.104800000000000182e+02,1.043480539189360456e+00
-6.099600000000000364e+02,1.043572807180905393e+00
-6.094400000000000546e+02,1.043663070149659422e+00
-6.089200000000000728e+02,1.043735973189626298e+00
-6.084000000000000909e+02,1.043805213696116896e+00
-6.078799999999999955e+02,1.043858263786974883e+00
-6.073600000000000136e+02,1.043906070509740047e+00
-6.068399999999999181e+02,1.043939404337768773e+00
-6.063199999999999363e+02,1.043965861194886102e+00
-6.057999999999999545e+02,1.043979336185204332e+00
-6.052799999999999727e+02,1.043984168274924906e+00
-6.047599999999999909e+02,1.043977204566735706e+00
-6.042400000000000091e+02,1.043960397134229057e+00
-6.037200000000000273e+02,1.043934279129714371e+00
-6.032000000000000455e+02,1.043896445102648673e+00
-6.026800000000000637e+02,1.043850281734232111e+00
-6.021599999999999682e+02,1.043791478646950432e+00
-6.016399999999999864e+02,1.043726664927149272e+00
-6.011200000000000045e+02,1.043647594186524863e+00
-6.006000000000000227e+02,1.043563601188548740e+00
-6.000800000000000409e+02,1.043464295536926434e+00
-5.995600000000000591e+02,1.043361819690342696e+00
-5.990400000000000773e+02,1.043243734336879225e+00
-5.985199999999999818e+02,1.043124214442457953e+00
-5.980000000000000000e+02,1.042987557499603923e+00
-5.974800000000000182e+02,1.042849853892438006e+00
-5.969600000000000364e+02,1.042696178198466717e+00
-5.964399999999999409e+02,1.042540974848869206e+00
-5.959199999999999591e+02,1.042371869579109100e+00
-5.953999999999999773e+02,1.042200086668392478e+00
-5.948799999999999955e+02,1.042016472849128350e+00
-5.943600000000000136e+02,1.041829205290047966e+00
-5.938400000000000318e+02,1.041631987908558488e+00
-5.933200000000000500e+02,1.041430289345498306e+00
-5.927999999999999545e+02,1.041220446661418553e+00
-5.922799999999999727e+02,1.041005477888925501e+00
-5.917599999999999909e+02,1.040784054444883866e+00
-5.912400000000000091e+02,1.040556835774985034e+00
-5.907200000000000273e+02,1.040324302038144078e+00
-5.902000000000000455e+02,1.040086072809764062e+00
-5.896800000000000637e+02,1.039844618957487477e+00
-5.891599999999999682e+02,1.039597135067878098e+00
-5.886399999999999864e+02,1.039347287667295783e+00
-5.881200000000000045e+02,1.039091210300071344e+00
-5.876000000000000227e+02,1.038833536114561529e+00
-5.870799999999999272e+02,1.038570495633991841e+00
-5.865599999999999454e+02,1.038307088686177160e+00
-5.860399999999999636e+02,1.038038482951376240e+00
-5.855199999999999818e+02,1.037769924475651306e+00
-5.850000000000000000e+02,1.037496403550798973e+00
-5.844800000000000182e+02,1.037223043474438722e+00
-5.839600000000000364e+02,1.036946712628094236e+00
-5.834400000000000546e+02,1.036670647032098325e+00
-5.829200000000000728e+02,1.036391962341437711e+00
-5.823999999999999773e+02,1.036113340505939506e+00
-5.818799999999999955e+02,1.035833673849498870e+00
-5.813600000000000136e+02,1.035554168582412116e+00
-5.808400000000000318e+02,1.035274994404788984e+00
-5.803199999999999363e+02,1.034996010338220307e+00
-5.797999999999999545e+02,1.034717244062336006e+00
-5.792799999999999727e+02,1.034438944323012866e+00
-5.787599999999999909e+02,1.034161931021403191e+00
-5.782400000000000091e+02,1.033885769636002427e+00
-5.777200000000000273e+02,1.033611318877010854e+00
-5.772000000000000455e+02,1.033338348390420380e+00
-5.766799999999999500e+02,1.033067802624854981e+00
-5.761599999999999682e+02,1.032798804916887914e+00
-5.756399999999999864e+02,1.032531667252308383e+00
-5.751200000000000045e+02,1.032267082409070724e+00
-5.746000000000000227e+02,1.032004548484111162e+00
-5.740800000000000409e+02,1.031745369503537235e+00
-5.735600000000000591e+02,1.031488013854984009e+00
-5.730399999999999636e+02,1.031234826000775762e+00
-5.725199999999999818e+02,1.030983240373487764e+00
-5.720000000000000000e+02,1.030736694275278920e+00
-5.714800000000000182e+02,1.030491541144125112e+00
-5.709599999999999227e+02,1.030251869684874588e+00
-5.704399999999999409e+02,1.030013824498543284e+00
-5.699199999999999591e+02,1.029781308960562969e+00
-5.693999999999999773e+02,1.029550795251182649e+00
-5.688799999999999955e+02,1.029325755317294311e+00
-5.683600000000000136e+02,1.029103159413870427e+00
-5.678400000000000318e+02,1.028885948699567621e+00
-5.673199999999999363e+02,1.028671563712519221e+00
-5.667999999999999545e+02,1.028462486691000821e+00
-5.662799999999999727e+02,1.028256603776732447e+00
-5.657599999999999909e+02,1.028055857900951109e+00
-5.652400000000000091e+02,1.027858745801203622e+00
-5.647200000000000273e+02,1.027666551967017838e+00
-5.642000000000000455e+02,1.027478383996029532e+00
-5.636800000000000637e+02,1.027294901471678790e+00
-5.631600000000000819e+02,1.027115911360417577e+00
-5.626399999999999864e+02,1.026941195737102630e+00
-5.621200000000000045e+02,1.026771600871888124e+00
-5.615999999999999091e+02,1.026605716717146510e+00
-5.610799999999999272e+02,1.026445623809535634e+00
-5.605599999999999454e+02,1.026288593080306955e+00
-5.600399999999999636e+02,1.026138048749202447e+00
-5.595199999999999818e+02,1.025990014109575243e+00
-5.590000000000000000e+02,1.025849097473925386e+00
-5.584800000000000182e+02,1.025710382471870519e+00
-5.579600000000000364e+02,1.025578802186751348e+00
-5.574400000000000546e+02,1.025449579842782954e+00
-5.569199999999999591e+02,1.025327189839244868e+00
-5.563999999999999773e+02,1.025207480730413012e+00
-5.558799999999999955e+02,1.025094302476821984e+00
-5.553600000000000136e+02,1.024984084435830223e+00
-5.548400000000000318e+02,1.024880133613015776e+00
-5.543200000000000500e+02,1.024779368796403745e+00
-5.538000000000000682e+02,1.024684636081731437e+00
-5.532799999999999727e+02,1.024593380122563291e+00
-5.527599999999999909e+02,1.024508448243379943e+00
-5.522400000000000091e+02,1.024426792842580536e+00
-5.517200000000000273e+02,1.024350538956367407e+00
-5.511999999999999318e+02,1.024277852851280368e+00
-5.506799999999999500e+02,1.024210875424046208e+00
-5.501599999999999682e+02,1.024147636980925702e+00
-5.496399999999999864e+02,1.024089603166893125e+00
-5.491200000000000045e+02,1.024035896018325342e+00
-5.486000000000000227e+02,1.023986809033747836e+00
-5.480800000000000409e+02,1.023942950150845022e+00
-5.475599999999999454e+02,1.023903236224697366e+00
-5.470399999999999636e+02,1.023868619478632169e+00
-5.465199999999999818e+02,1.023837292340419980e+00
-5.460000000000000000e+02,1.023811945911817567e+00
-5.454800000000000182e+02,1.023789697307563751e+00
-5.449600000000000364e+02,1.023773975024412808e+00
-5.444400000000000546e+02,1.023761442092537166e+00
-5.439200000000000728e+02,1.023754361914763322e+00
-5.434000000000000909e+02,1.023750389450634346e+00
-5.428799999999999955e+02,1.023752918282820223e+00
-5.423600000000000136e+02,1.023758502789877678e+00
-5.418399999999999181e+02,1.023769629912556045e+00
-5.413199999999999363e+02,1.023783862115724252e+00
-5.407999999999999545e+02,1.023804713894812535e+00
-5.402799999999999727e+02,1.023828316420760887e+00
-5.397599999999999909e+02,1.023857814541965006e+00
-5.392400000000000091e+02,1.023890214112830988e+00
-5.387200000000000273e+02,1.023929449232776179e+00
-5.382000000000000455e+02,1.023971215542396784e+00
-5.376800000000000637e+02,1.024019727517404110e+00
-5.371599999999999682e+02,1.024070603839095428e+00
-5.366399999999999864e+02,1.024127600665173388e+00
-5.361200000000000045e+02,1.024187968604534538e+00
-5.356000000000000227e+02,1.024254400706519297e+00
-5.350800000000000409e+02,1.024324478426823504e+00
-5.345600000000000591e+02,1.024399816486353032e+00
-5.340400000000000773e+02,1.024479442934634887e+00
-5.335199999999999818e+02,1.024563730582798593e+00
-5.330000000000000000e+02,1.024652890263387128e+00
-5.324800000000000182e+02,1.024746333978383994e+00
-5.319600000000000364e+02,1.024844921482969129e+00
-5.314399999999999409e+02,1.024947497095868520e+00
-5.309199999999999591e+02,1.025055492606018914e+00
-5.303999999999999773e+02,1.025167211294759628e+00
-5.298799999999999955e+02,1.025284670978872326e+00
-5.293600000000000136e+02,1.025405510725370783e+00
-5.288400000000000318e+02,1.025532940225934775e+00
-5.283200000000000500e+02,1.025663326692783706e+00
-5.277999999999999545e+02,1.025799695459874039e+00
-5.272799999999999727e+02,1.025938667672359639e+00
-5.267599999999999909e+02,1.026084500927452403e+00
-5.262400000000000091e+02,1.026232672850261762e+00
-5.257200000000000273e+02,1.026388432260197270e+00
-5.252000000000000455e+02,1.026545687574501819e+00
-5.246800000000000637e+02,1.026710250829599769e+00
-5.241599999999999682e+02,1.026876777429617249e+00
-5.236399999999999864e+02,1.027050701510456188e+00
-5.231200000000000045e+02,1.027226850949531700e+00
-5.226000000000000227e+02,1.027409374892676253e+00
-5.220799999999999272e+02,1.027594329606769996e+00
-5.215599999999999454e+02,1.027784821904904611e+00
-5.210399999999999636e+02,1.027978995472687451e+00
-5.205199999999999818e+02,1.028178298649327971e+00
-5.200000000000000000e+02,1.028381472890863346e+00
-5.194800000000000182e+02,1.028589009409415223e+00
-5.189600000000000364e+02,1.028800627151490898e+00
-5.184400000000000546e+02,1.029016128911374839e+00
-5.179200000000000728e+02,1.029236010604266838e+00
-5.173999999999999773e+02,1.029459191320903466e+00
-5.168799999999999955e+02,1.029686960598507950e+00
-5.163600000000000136e+02,1.029917519940868997e+00
-5.158400000000000318e+02,1.030152815755847495e+00
-5.153199999999999363e+02,1.030390505711684668e+00
-5.147999999999999545e+02,1.030633452472031975e+00
-5.142799999999999727e+02,1.030878079061767316e+00
-5.137599999999999909e+02,1.031127113519679117e+00
-5.132400000000000091e+02,1.031377749626239071e+00
-5.127200000000000273e+02,1.031633377486283365e+00
-5.122000000000000455e+02,1.031889790454119327e+00
-5.116800000000000068e+02,1.032150371755044871e+00
-5.111599999999999682e+02,1.032411686748871293e+00
-5.106399999999999864e+02,1.032676309559910521e+00
-5.101200000000000045e+02,1.032944446406874661e+00
-5.096000000000000227e+02,1.033217141657960081e+00
-5.090800000000000409e+02,1.033487763920033498e+00
-5.085600000000000023e+02,1.033758390663947369e+00
-5.080400000000000205e+02,1.034030353560993820e+00
-5.075200000000000387e+02,1.034303421021525615e+00
-5.070000000000000000e+02,1.034581882656093077e+00
-5.064800000000000182e+02,1.034861902545271661e+00
-5.059599999999999795e+02,1.035138169534244090e+00
-5.054399999999999409e+02,1.035413817749694321e+00
-5.049199999999999591e+02,1.035694730095068739e+00
-5.043999999999999773e+02,1.035975467602789690e+00
-5.038799999999999955e+02,1.036250674474575417e+00
-5.033600000000000136e+02,1.036525340093927161e+00
-5.028399999999999750e+02,1.036798711448571275e+00
-5.023199999999999932e+02,1.037072434239768137e+00
-5.018000000000000114e+02,1.037348040683347516e+00
-5.012799999999999727e+02,1.037621766353245434e+00
-5.007599999999999909e+02,1.037887939592843978e+00
-5.002400000000000091e+02,1.038155603109567782e+00
-4.997200000000000273e+02,1.038421548425009000e+00
-4.992000000000000455e+02,1.038685526335954012e+00
-4.986800000000000068e+02,1.038939624628119729e+00
-4.981600000000000250e+02,1.039196413683573850e+00
-4.976400000000000432e+02,1.039448399779337784e+00
-4.971200000000000045e+02,1.039696876215135957e+00
-4.965999999999999659e+02,1.039935298184778034e+00
-4.960799999999999841e+02,1.040175683112960270e+00
-4.955599999999999454e+02,1.040409857638091351e+00
-4.950399999999999636e+02,1.040637862716513151e+00
-4.945199999999999818e+02,1.040856313695903035e+00
-4.940000000000000000e+02,1.041075258126167968e+00
-4.934800000000000182e+02,1.041287482522466945e+00
-4.929599999999999795e+02,1.041489952509699224e+00
-4.924399999999999977e+02,1.041684468053517776e+00
-4.919200000000000159e+02,1.041877141015543407e+00
-4.913999999999999773e+02,1.042063251920805511e+00
-4.908799999999999955e+02,1.042235688815941641e+00
-4.903600000000000136e+02,1.042402930314178189e+00
-4.898400000000000318e+02,1.042564259605698096e+00
-4.893200000000000500e+02,1.042719886170498933e+00
-4.888000000000000114e+02,1.042858852555760940e+00
-4.882800000000000296e+02,1.042995687743493383e+00
-4.877600000000000477e+02,1.043121673997226662e+00
-4.872399999999999523e+02,1.043243628135165579e+00
-4.867199999999999704e+02,1.043345455801481858e+00
-4.861999999999999886e+02,1.043448640516700499e+00
-4.856799999999999500e+02,1.043536168388212726e+00
-4.851599999999999682e+02,1.043620320680588964e+00
-4.846399999999999864e+02,1.043683778465611889e+00
-4.841200000000000045e+02,1.043747952518796707e+00
-4.836000000000000227e+02,1.043797507566981864e+00
-4.830799999999999841e+02,1.043843240653797411e+00
-4.825600000000000023e+02,1.043873439693740357e+00
-4.820400000000000205e+02,1.043894405716200069e+00
-4.815199999999999818e+02,1.043899552548949394e+00
-4.810000000000000000e+02,1.043901939277948498e+00
-4.804800000000000182e+02,1.043892706396983394e+00
-4.799600000000000364e+02,1.043870083492921319e+00
-4.794400000000000546e+02,1.043835656105521759e+00
-4.789200000000000159e+02,1.043795816089886586e+00
-4.784000000000000341e+02,1.043746860307193769e+00
-4.778799999999999955e+02,1.043685900923596144e+00
-4.773599999999999568e+02,1.043616762361988970e+00
-4.768399999999999750e+02,1.043529385724978997e+00
-4.763199999999999932e+02,1.043437180638655981e+00
-4.757999999999999545e+02,1.043334180691132929e+00
-4.752799999999999727e+02,1.043227152570032512e+00
-4.747599999999999909e+02,1.043103938708580536e+00
-4.742400000000000091e+02,1.042976534948870215e+00
-4.737200000000000273e+02,1.042828266339237864e+00
-4.731999999999999886e+02,1.042681436787995963e+00
-4.726800000000000068e+02,1.042519402776573179e+00
-4.721600000000000250e+02,1.042354073001418246e+00
-4.716399999999999864e+02,1.042169835519052068e+00
-4.711200000000000045e+02,1.041986632172215099e+00
-4.706000000000000227e+02,1.041791451340827512e+00
-4.700800000000000409e+02,1.041593156856789992e+00
-4.695600000000000591e+02,1.041382714672886456e+00
-4.690400000000000205e+02,1.041164327204408213e+00
-4.685199999999999818e+02,1.040934242836203616e+00
-4.680000000000000000e+02,1.040703393435622903e+00
-4.674799999999999613e+02,1.040465078160902390e+00
-4.669599999999999795e+02,1.040221033252359817e+00
-4.664399999999999977e+02,1.039970256823553374e+00
-4.659199999999999591e+02,1.039708182079475129e+00
-4.653999999999999773e+02,1.039440942599384243e+00
-4.648799999999999955e+02,1.039172057908247293e+00
-4.643600000000000136e+02,1.038899422416801110e+00
-4.638400000000000318e+02,1.038619963143576408e+00
-4.633199999999999932e+02,1.038338054129803067e+00
-4.628000000000000114e+02,1.038049274023930879e+00
-4.622800000000000296e+02,1.037757719617546037e+00
-4.617599999999999909e+02,1.037455690504920369e+00
-4.612400000000000091e+02,1.037155051266253070e+00
-4.607200000000000273e+02,1.036851510718100666e+00
-4.602000000000000455e+02,1.036548226170070919e+00
-4.596800000000000637e+02,1.036239208562602876e+00
-4.591599999999999682e+02,1.035927988399488298e+00
-4.586399999999999864e+02,1.035609928540730973e+00
-4.581200000000000045e+02,1.035295045427147009e+00
-4.575999999999999659e+02,1.034979426855521023e+00
-4.570799999999999841e+02,1.034663857066678627e+00
-4.565600000000000023e+02,1.034346468280573639e+00
-4.560399999999999636e+02,1.034025366264899937e+00
-4.555199999999999818e+02,1.033701967317711023e+00
-4.550000000000000000e+02,1.033383081393021152e+00
-4.544800000000000182e+02,1.033065094835202924e+00
-4.539600000000000364e+02,1.032747606800013207e+00
-4.534399999999999977e+02,1.032430688987126866e+00
-4.529200000000000159e+02,1.032114636257108531e+00
-4.524000000000000341e+02,1.031799367685988456e+00
-4.518799999999999955e+02,1.031480430904106349e+00
-4.513600000000000136e+02,1.031163425077214590e+00
-4.508400000000000318e+02,1.030852893721144081e+00
-4.503199999999999363e+02,1.030543813210097026e+00
-4.497999999999999545e+02,1.030237306788643004e+00
-4.492799999999999727e+02,1.029930735245166318e+00
-4.487599999999999909e+02,1.029623717375343972e+00
-4.482400000000000091e+02,1.029319752375479791e+00
-4.477199999999999704e+02,1.029023249427282405e+00
-4.471999999999999886e+02,1.028727746693425704e+00
-4.466800000000000068e+02,1.028437092934248787e+00
-4.461599999999999682e+02,1.028147455038703528e+00
-4.456399999999999864e+02,1.027862722598970935e+00
-4.451200000000000045e+02,1.027576396399737746e+00
-4.446000000000000227e+02,1.027292675271672673e+00
-4.440800000000000409e+02,1.027014362290452398e+00
-4.435600000000000023e+02,1.026742381333933807e+00
-4.430400000000000205e+02,1.026472852064207908e+00
-4.425200000000000387e+02,1.026207596306573766e+00
-4.420000000000000000e+02,1.025945317687704916e+00
-4.414800000000000182e+02,1.025686955990803062e+00
-4.409599999999999795e+02,1.025427435299987700e+00
-4.404399999999999409e+02,1.025170829571038222e+00
-4.399199999999999591e+02,1.024923302594731522e+00
-4.393999999999999773e+02,1.024678945386193307e+00
-4.388799999999999955e+02,1.024439165321956002e+00
-4.383600000000000136e+02,1.024201834653023724e+00
-4.378399999999999750e+02,1.023969637655531839e+00
-4.373199999999999932e+02,1.023738215912339822e+00
-4.368000000000000114e+02,1.023508318158294017e+00
-4.362799999999999727e+02,1.023281123448816610e+00
-4.357599999999999909e+02,1.023063894304285348e+00
-4.352400000000000091e+02,1.022847219645117489e+00
-4.347200000000000273e+02,1.022637316336168833e+00
-4.342000000000000455e+02,1.022425081235313060e+00
-4.336800000000000068e+02,1.022216999368119605e+00
-4.331600000000000250e+02,1.022011523677780032e+00
-4.326400000000000432e+02,1.021815011247846572e+00
-4.321200000000000045e+02,1.021618934848606663e+00
-4.315999999999999659e+02,1.021428592876158836e+00
-4.310799999999999841e+02,1.021239146715925861e+00
-4.305599999999999454e+02,1.021054699350758987e+00
-4.300399999999999636e+02,1.020867771827864035e+00
-4.295199999999999818e+02,1.020683775113238489e+00
-4.290000000000000000e+02,1.020505923789269742e+00
-4.284800000000000182e+02,1.020332577728391366e+00
-4.279599999999999795e+02,1.020161503841542139e+00
-4.274399999999999977e+02,1.019993337259536226e+00
-4.269200000000000159e+02,1.019822778082851711e+00
-4.263999999999999773e+02,1.019654541747478715e+00
-4.258799999999999955e+02,1.019494399107387261e+00
-4.253600000000000136e+02,1.019335745943288796e+00
-4.248400000000000318e+02,1.019180614545524000e+00
-4.243200000000000500e+02,1.019026359408740090e+00
-4.238000000000000114e+02,1.018875994706359700e+00
-4.232800000000000296e+02,1.018724366486001509e+00
-4.227600000000000477e+02,1.018573263619644731e+00
-4.222399999999999523e+02,1.018423588050453521e+00
-4.217199999999999704e+02,1.018281901225965624e+00
-4.211999999999999886e+02,1.018139289015274729e+00
-4.206799999999999500e+02,1.018001454526683558e+00
-4.201599999999999682e+02,1.017859925615635985e+00
-4.196399999999999864e+02,1.017720153019084028e+00
-4.191200000000000045e+02,1.017582698196048741e+00
-4.186000000000000227e+02,1.017451213576846314e+00
-4.180799999999999841e+02,1.017319141362437396e+00
-4.175600000000000023e+02,1.017190479244170165e+00
-4.170400000000000205e+02,1.017061459412091029e+00
-4.165199999999999818e+02,1.016935541633160023e+00
-4.160000000000000000e+02,1.016805025485238989e+00
-4.154800000000000182e+02,1.016676230133764847e+00
-4.149600000000000364e+02,1.016552196000477082e+00
-4.144400000000000546e+02,1.016430827662940795e+00
-4.139200000000000159e+02,1.016309881892101030e+00
-4.134000000000000341e+02,1.016190171453043245e+00
-4.128799999999999955e+02,1.016066391666476942e+00
-4.123599999999999568e+02,1.015944370356904214e+00
-4.118399999999999750e+02,1.015828012820517046e+00
-4.113199999999999932e+02,1.015712246483234660e+00
-4.107999999999999545e+02,1.015597992017233109e+00
-4.102799999999999727e+02,1.015482331419492068e+00
-4.097599999999999909e+02,1.015364793053462833e+00
-4.092400000000000091e+02,1.015248841052883488e+00
-4.087200000000000273e+02,1.015138294692348397e+00
-4.081999999999999886e+02,1.015027164814347627e+00
-4.076800000000000068e+02,1.014918269435487463e+00
-4.071600000000000250e+02,1.014805963753070195e+00
-4.066399999999999864e+02,1.014693158788517957e+00
-4.061200000000000045e+02,1.014582953315933622e+00
-4.056000000000000227e+02,1.014476651391055917e+00
-4.050800000000000409e+02,1.014369949232056589e+00
-4.045600000000000591e+02,1.014264829056228168e+00
-4.040400000000000205e+02,1.014155520879455707e+00
-4.035199999999999818e+02,1.014046284739953174e+00
-4.030000000000000000e+02,1.013941188341534350e+00
-4.024799999999999613e+02,1.013838263490991931e+00
-4.019599999999999795e+02,1.013730515883404015e+00
-4.014399999999999977e+02,1.013623322717668751e+00
-4.009199999999999591e+02,1.013521300170459938e+00
-4.003999999999999773e+02,1.013420209935866456e+00
-3.998799999999999955e+02,1.013319304100785079e+00
-3.993600000000000136e+02,1.013218374685863399e+00
-3.988400000000000318e+02,1.013113193531764322e+00
-3.983199999999999932e+02,1.013009536187126081e+00
-3.978000000000000114e+02,1.012910509170751094e+00
-3.972800000000000296e+02,1.012811542330856129e+00
-3.967599999999999909e+02,1.012713358277398612e+00
-3.962400000000000091e+02,1.012612971079403179e+00
-3.957200000000000273e+02,1.012510300001782992e+00
-3.952000000000000455e+02,1.012409388250939291e+00
-3.946800000000000637e+02,1.012312533076256571e+00
-3.941599999999999682e+02,1.012212221041430604e+00
-3.936399999999999864e+02,1.012110474075572863e+00
-3.931200000000000045e+02,1.012011106019695905e+00
-3.925999999999999659e+02,1.011914837386154176e+00
-3.920799999999999841e+02,1.011817701202065933e+00
-3.915600000000000023e+02,1.011721490804466050e+00
-3.910399999999999636e+02,1.011620355957137063e+00
-3.905199999999999818e+02,1.011518831237707028e+00
-3.900000000000000000e+02,1.011420518493453491e+00
-3.894800000000000182e+02,1.011323869706370449e+00
-3.889600000000000364e+02,1.011221412717726142e+00
-3.884399999999999977e+02,1.011118931503675711e+00
-3.879200000000000159e+02,1.011020693833093453e+00
-3.874000000000000341e+02,1.010922282185239496e+00
-3.868799999999999955e+02,1.010818230079587599e+00
-3.863600000000000136e+02,1.010714681481492905e+00
-3.858400000000000318e+02,1.010615012897297937e+00
-3.853199999999999363e+02,1.010514695961696408e+00
-3.847999999999999545e+02,1.010414036039138930e+00
-3.842799999999999727e+02,1.010310736331416548e+00
-3.837599999999999909e+02,1.010203660978070683e+00
-3.832400000000000091e+02,1.010097013397711185e+00
-3.827199999999999704e+02,1.009993846394224626e+00
-3.821999999999999886e+02,1.009886417663605762e+00
-3.816800000000000068e+02,1.009776570309636634e+00
-3.811599999999999682e+02,1.009667255125911378e+00
-3.806399999999999864e+02,1.009561048757348090e+00
-3.801200000000000045e+02,1.009449274733855484e+00
-3.796000000000000227e+02,1.009336223673124477e+00
-3.790800000000000409e+02,1.009224227178032285e+00
-3.785600000000000023e+02,1.009114790487308788e+00
-3.780400000000000205e+02,1.008998874687222491e+00
-3.775200000000000387e+02,1.008882714293064309e+00
-3.770000000000000000e+02,1.008768560597209429e+00
-3.764800000000000182e+02,1.008656179974475098e+00
-3.759599999999999795e+02,1.008542020552340768e+00
-3.754399999999999409e+02,1.008428491843780472e+00
-3.749199999999999591e+02,1.008308706893212392e+00
-3.743999999999999773e+02,1.008189637423488660e+00
-3.738799999999999955e+02,1.008075000189107451e+00
-3.733600000000000136e+02,1.007959949009853418e+00
-3.728399999999999750e+02,1.007840617162703234e+00
-3.723199999999999932e+02,1.007722859343994193e+00
-3.718000000000000114e+02,1.007609910441510603e+00
-3.712799999999999727e+02,1.007496015186038818e+00
-3.707599999999999909e+02,1.007379715645809304e+00
-3.702400000000000091e+02,1.007266332628842687e+00
-3.697200000000000273e+02,1.007157927686393561e+00
-3.692000000000000455e+02,1.007048597144111879e+00
-3.686800000000000068e+02,1.006938374495507826e+00
-3.681600000000000250e+02,1.006833150695358725e+00
-3.676400000000000432e+02,1.006732389913253201e+00
-3.671200000000000045e+02,1.006631552358719928e+00
-3.665999999999999659e+02,1.006530643932149083e+00
-3.660799999999999841e+02,1.006437420844687347e+00
-3.655599999999999454e+02,1.006347662230255180e+00
-3.650399999999999636e+02,1.006259104672560634e+00
-3.645199999999999818e+02,1.006170911859994854e+00
-3.640000000000000000e+02,1.006093274372120261e+00
-3.634800000000000182e+02,1.006018214620695739e+00
-3.629599999999999795e+02,1.005944718644892877e+00
-3.624399999999999977e+02,1.005873064408032480e+00
-3.619200000000000159e+02,1.005812990170396493e+00
-3.613999999999999773e+02,1.005755384392015284e+00
-3.608799999999999955e+02,1.005699181767998107e+00
-3.603600000000000136e+02,1.005647147601590241e+00
-3.598400000000000318e+02,1.005605505524410193e+00
-3.593200000000000500e+02,1.005566643025766371e+00
-3.588000000000000114e+02,1.005529205222522426e+00
-3.582800000000000296e+02,1.005497861075834720e+00
-3.577600000000000477e+02,1.005475064402413965e+00
-3.572399999999999523e+02,1.005455240398710259e+00
-3.567199999999999704e+02,1.005436454516966949e+00
-3.561999999999999886e+02,1.005425369491451004e+00
-3.556799999999999500e+02,1.005420674284688065e+00
-3.551599999999999682e+02,1.005418740433268621e+00
-3.546399999999999864e+02,1.005417169541034772e+00
-3.541200000000000045e+02,1.005424435156036633e+00
-3.536000000000000227e+02,1.005435807270820048e+00
-3.530799999999999841e+02,1.005449098168455402e+00
-3.525600000000000023e+02,1.005462223043356085e+00
-3.520400000000000205e+02,1.005484573706703522e+00
-3.515199999999999818e+02,1.005509183585343802e+00
-3.510000000000000000e+02,1.005533854906581759e+00
-3.504800000000000182e+02,1.005558671580860652e+00
-3.499600000000000364e+02,1.005591603704167225e+00
-3.494400000000000546e+02,1.005625953020226504e+00
-3.489200000000000159e+02,1.005657380292665604e+00
-3.484000000000000341e+02,1.005690112909417122e+00
-3.478799999999999955e+02,1.005728995871718601e+00
-3.473599999999999568e+02,1.005767804923930253e+00
-3.468399999999999750e+02,1.005802785077666739e+00
-3.463199999999999932e+02,1.005839349085301038e+00
-3.457999999999999545e+02,1.005879984182665998e+00
-3.452799999999999727e+02,1.005918869385149517e+00
-3.447599999999999909e+02,1.005953824928676577e+00
-3.442400000000000091e+02,1.005990086889279045e+00
-3.437200000000000273e+02,1.006029057442893837e+00
-3.431999999999999886e+02,1.006064299731898704e+00
-3.426800000000000068e+02,1.006096149401090489e+00
-3.421600000000000250e+02,1.006128852901942317e+00
-3.416399999999999864e+02,1.006163422673791441e+00
-3.411200000000000045e+02,1.006192204815639535e+00
-3.406000000000000227e+02,1.006218580175602506e+00
-3.400800000000000409e+02,1.006245403443702724e+00
-3.395600000000000591e+02,1.006273637299362811e+00
-3.390400000000000205e+02,1.006294118140101723e+00
-3.385199999999999818e+02,1.006313382064281559e+00
-3.380000000000000000e+02,1.006333060984747174e+00
-3.374799999999999613e+02,1.006353404586145750e+00
-3.369599999999999795e+02,1.006365157848412517e+00
-3.364399999999999977e+02,1.006376005122799455e+00
-3.359199999999999591e+02,1.006383454770974462e+00
-3.353999999999999773e+02,1.006390458636497787e+00
-3.348799999999999955e+02,1.006399265583161062e+00
-3.343600000000000136e+02,1.006406091526109048e+00
-3.338400000000000318e+02,1.006405919705663621e+00
-3.333199999999999932e+02,1.006405550840106633e+00
-3.328000000000000114e+02,1.006407010075818231e+00
-3.322800000000000296e+02,1.006405216860232210e+00
-3.317599999999999909e+02,1.006398096711781154e+00
-3.312400000000000091e+02,1.006391164545485051e+00
-3.307200000000000273e+02,1.006386138298956734e+00
-3.302000000000000455e+02,1.006376743528257567e+00
-3.296800000000000637e+02,1.006363602188646844e+00
-3.291599999999999682e+02,1.006351330802480071e+00
-3.286399999999999864e+02,1.006340794125706539e+00
-3.281200000000000045e+02,1.006325098772814730e+00
-3.275999999999999659e+02,1.006307030634444599e+00
-3.270799999999999841e+02,1.006290744605587983e+00
-3.265600000000000023e+02,1.006275911433401227e+00
-3.260399999999999636e+02,1.006259271755649110e+00
-3.255199999999999818e+02,1.006242648741336287e+00
-3.250000000000000000e+02,1.006220020439879237e+00
-3.244800000000000182e+02,1.006196613385742511e+00
-3.239600000000000364e+02,1.006176900557830267e+00
-3.234399999999999977e+02,1.006157443432269094e+00
-3.229200000000000159e+02,1.006131972204835190e+00
-3.224000000000000341e+02,1.006106821666154394e+00
-3.218799999999999955e+02,1.006085885207814279e+00
-3.213600000000000136e+02,1.006063963848940590e+00
-3.208400000000000318e+02,1.006037369574007467e+00
-3.203199999999999363e+02,1.006011862924524491e+00
-3.198000000000000114e+02,1.005990241269819396e+00
-3.192800000000000296e+02,1.005966841558375124e+00
-3.187599999999999909e+02,1.005939889969419410e+00
-3.182400000000000091e+02,1.005914966404790611e+00
-3.177199999999999704e+02,1.005893312439001930e+00
-3.171999999999999886e+02,1.005869249949649324e+00
-3.166800000000000068e+02,1.005842548828769001e+00
-3.161599999999999682e+02,1.005818846497614327e+00
-3.156399999999999864e+02,1.005797695124087454e+00
-3.151200000000000045e+02,1.005773515543262553e+00
-3.146000000000000227e+02,1.005747556215144778e+00
-3.140800000000000409e+02,1.005725580035750300e+00
-3.135600000000000023e+02,1.005705330902925354e+00
-3.130399999999999636e+02,1.005681434607335278e+00
-3.125199999999999818e+02,1.005656512251008605e+00
-3.120000000000000000e+02,1.005636577353597794e+00
-3.114800000000000182e+02,1.005617509362163764e+00
-3.109599999999999795e+02,1.005594113789015420e+00
-3.104399999999999977e+02,1.005570569436829764e+00
-3.099200000000000159e+02,1.005552719353222546e+00
-3.094000000000000341e+02,1.005535069745736809e+00
-3.088799999999999955e+02,1.005517888443835606e+00
-3.083600000000000136e+02,1.005500107121402920e+00
-3.078399999999999750e+02,1.005478418110821170e+00
-3.073199999999999932e+02,1.005458248907127095e+00
-3.068000000000000114e+02,1.005442510672302836e+00
-3.062799999999999727e+02,1.005425368254849516e+00
-3.057599999999999909e+02,1.005405088970208416e+00
-3.052400000000000091e+02,1.005387185398441519e+00
-3.047200000000000273e+02,1.005372801369214253e+00
-3.042000000000000455e+02,1.005356316673250650e+00
-3.036800000000000068e+02,1.005337368265492470e+00
-3.031599999999999682e+02,1.005321698058989854e+00
-3.026399999999999864e+02,1.005308643925694856e+00
-3.021200000000000045e+02,1.005292712623706120e+00
-3.016000000000000227e+02,1.005275034062735218e+00
-3.010799999999999841e+02,1.005261522559338205e+00
-3.005600000000000023e+02,1.005249667374721767e+00
-3.000400000000000205e+02,1.005238302589065658e+00
-2.995200000000000387e+02,1.005227067383505757e+00
-2.990000000000000000e+02,1.005211803738637943e+00
-2.984800000000000182e+02,1.005195909191515469e+00
-2.979599999999999795e+02,1.005185343849014146e+00
-2.974399999999999977e+02,1.005175157492265825e+00
-2.969200000000000159e+02,1.005160214504053906e+00
-2.963999999999999773e+02,1.005145886836625868e+00
-2.958799999999999955e+02,1.005136682854137042e+00
-2.953600000000000136e+02,1.005127628017185026e+00
-2.948400000000000318e+02,1.005118860311774664e+00
-2.943199999999999932e+02,1.005108992786726274e+00
-2.938000000000000114e+02,1.005095458456366275e+00
-2.932799999999999727e+02,1.005083781389987330e+00
-2.927599999999999909e+02,1.005075900175400161e+00
-2.922400000000000091e+02,1.005066093049745035e+00
-2.917200000000000273e+02,1.005053396189783177e+00
-2.911999999999999886e+02,1.005043377774629265e+00
-2.906800000000000068e+02,1.005036254938159290e+00
-2.901599999999999682e+02,1.005029335752351427e+00
-2.896399999999999864e+02,1.005022591844168423e+00
-2.891200000000000045e+02,1.005012738818736651e+00
-2.886000000000000227e+02,1.005001092938981655e+00
-2.880799999999999841e+02,1.004993394843563426e+00
-2.875600000000000023e+02,1.004987292580905134e+00
-2.870400000000000205e+02,1.004977290861782446e+00
-2.865199999999999818e+02,1.004966274977300289e+00
-2.860000000000000000e+02,1.004960000413111620e+00
-2.854799999999999613e+02,1.004954516854495772e+00
-2.849599999999999795e+02,1.004949232191970854e+00
-2.844399999999999977e+02,1.004943909920989364e+00
-2.839200000000000159e+02,1.004933649301747112e+00
-2.833999999999999773e+02,1.004923954590203117e+00
-2.828799999999999955e+02,1.004919182496606611e+00
-2.823600000000000136e+02,1.004914492562843487e+00
-2.818400000000000318e+02,1.004909928220532933e+00
-2.813199999999999932e+02,1.004904161393330497e+00
-2.807999999999999545e+02,1.004894609160742691e+00
-2.802799999999999727e+02,1.004886865257472062e+00
-2.797599999999999909e+02,1.004882769971165990e+00
-2.792400000000000091e+02,1.004876615439777243e+00
-2.787200000000000273e+02,1.004867505321858534e+00
-2.781999999999999886e+02,1.004860952773581007e+00
-2.776800000000000068e+02,1.004857248514598567e+00
-2.771600000000000250e+02,1.004853622583682826e+00
-2.766399999999999864e+02,1.004850081568450237e+00
-2.761200000000000045e+02,1.004843303744073379e+00
-2.755999999999999659e+02,1.004834711263760338e+00
-2.750799999999999841e+02,1.004829953713956892e+00
-2.745600000000000023e+02,1.004826756301634649e+00
-2.740400000000000205e+02,1.004823652264703826e+00
-2.735199999999999818e+02,1.004820605931517674e+00
-2.730000000000000000e+02,1.004813118678992145e+00
-2.724800000000000182e+02,1.004805019534228405e+00
-2.719600000000000364e+02,1.004801926647369781e+00
-2.714399999999999977e+02,1.004799168956154398e+00
-2.709199999999999591e+02,1.004796520229192636e+00
-2.703999999999999773e+02,1.004793377937549304e+00
-2.698799999999999955e+02,1.004785625509433400e+00
-2.693600000000000136e+02,1.004778842994980215e+00
-2.688400000000000318e+02,1.004776436873107359e+00
-2.683199999999999932e+02,1.004774100333743814e+00
-2.678000000000000114e+02,1.004771839579544412e+00
-2.672800000000000296e+02,1.004767864992705650e+00
-2.667599999999999909e+02,1.004760476766575206e+00
-2.662400000000000091e+02,1.004755289959398112e+00
-2.657199999999999704e+02,1.004753215033284297e+00
-2.651999999999999886e+02,1.004751220748048679e+00
-2.646800000000000068e+02,1.004749306110152451e+00
-2.641600000000000250e+02,1.004744448902394893e+00
-2.636399999999999864e+02,1.004737395894995222e+00
-2.631200000000000045e+02,1.004733724548900087e+00
-2.626000000000000227e+02,1.004731977891297756e+00
-2.620799999999999841e+02,1.004726531762561992e+00
-2.615600000000000023e+02,1.004719662350241904e+00
-2.610399999999999636e+02,1.004717002196597653e+00
-2.605199999999999818e+02,1.004715456706051668e+00
-2.600000000000000000e+02,1.004713958896268799e+00
-2.594800000000000182e+02,1.004712501459085416e+00
-2.589600000000000364e+02,1.004706125415795626e+00
-2.584399999999999977e+02,1.004699654483673932e+00
-2.579200000000000159e+02,1.004698334610309773e+00
-2.573999999999999773e+02,1.004697049441092060e+00
-2.568799999999999955e+02,1.004695796300552280e+00
-2.563600000000000136e+02,1.004693636797317602e+00
-2.558400000000000034e+02,1.004687234342390489e+00
-2.553199999999999932e+02,1.004682235338430596e+00
-2.548000000000000114e+02,1.004681147859959545e+00
-2.542800000000000011e+02,1.004680082347058745e+00
-2.537600000000000193e+02,1.004679060410116120e+00
-2.532400000000000091e+02,1.004675917581609124e+00
-2.527199999999999704e+02,1.004669762196052973e+00
-2.521999999999999886e+02,1.004666162279443054e+00
-2.516800000000000068e+02,1.004665298294327380e+00
-2.511599999999999966e+02,1.004664455148376767e+00
-2.506399999999999864e+02,1.004663645258194293e+00
-2.501200000000000045e+02,1.004659493823767402e+00
-2.496000000000000227e+02,1.004653522157376688e+00
-2.490800000000000125e+02,1.004651355709766269e+00
-2.485600000000000023e+02,1.004650696073975613e+00
-2.480399999999999920e+02,1.004650015609896307e+00
-2.475199999999999818e+02,1.004649403486650439e+00
-2.470000000000000000e+02,1.004644231834323165e+00
-2.464799999999999898e+02,1.004638460647070408e+00
-2.459600000000000080e+02,1.004637677926831563e+00
-2.454399999999999977e+02,1.004637018940145676e+00
-2.449200000000000159e+02,1.004631321931196641e+00
-2.444000000000000057e+02,1.004626222479046760e+00
-2.438800000000000239e+02,1.004625787307112050e+00
-2.433599999999999852e+02,1.004625394287425921e+00
-2.428399999999999750e+02,1.004625049465734499e+00
-2.423199999999999932e+02,1.004623331505370976e+00
-2.418000000000000114e+02,1.004617776819200836e+00
-2.412800000000000011e+02,1.004614059705014162e+00
-2.407599999999999909e+02,1.004613789768089793e+00
-2.402400000000000091e+02,1.004613578057029777e+00
-2.397200000000000273e+02,1.004613374193433550e+00
-2.392000000000000171e+02,1.004610609877532035e+00
-2.386799999999999784e+02,1.004605214057759488e+00
-2.381599999999999966e+02,1.004602836435546154e+00
-2.376399999999999864e+02,1.004602735641545896e+00
-2.371200000000000045e+02,1.004599256126627926e+00
-2.365999999999999943e+02,1.004593967906010077e+00
-2.360800000000000125e+02,1.004592498740707107e+00
-2.355600000000000023e+02,1.004592482532699727e+00
-2.350400000000000205e+02,1.004592490636136315e+00
-2.345200000000000102e+02,1.004592515052167512e+00
-2.340000000000000000e+02,1.004587958965177164e+00
-2.334799999999999898e+02,1.004582787746787886e+00
-2.329599999999999795e+02,1.004582684849848473e+00
-2.324399999999999977e+02,1.004582617227097074e+00
-2.319200000000000159e+02,1.004577530207618752e+00
-2.314000000000000057e+02,1.004573050744673290e+00
-2.308799999999999955e+02,1.004573216819189652e+00
-2.303600000000000136e+02,1.004573416853070000e+00
-2.298400000000000318e+02,1.004573640172830018e+00
-2.293199999999999932e+02,1.004572464298990830e+00
-2.287999999999999829e+02,1.004567513620428398e+00
-2.282800000000000011e+02,1.004564368486203785e+00
-2.277599999999999909e+02,1.004564666093523240e+00
-2.272400000000000091e+02,1.004562758520621157e+00
-2.267199999999999989e+02,1.004557880226970790e+00
-2.262000000000000171e+02,1.004555608759589269e+00
-2.256800000000000068e+02,1.004555995803052104e+00
-2.251599999999999682e+02,1.004553380600244905e+00
-2.246399999999999864e+02,1.004548569404797531e+00
-2.241200000000000045e+02,1.004547171749915035e+00
-2.235999999999999943e+02,1.004547605147057210e+00
-2.230799999999999841e+02,1.004544257761717851e+00
-2.225600000000000023e+02,1.004539512295414605e+00
-2.220400000000000205e+02,1.004539006965001757e+00
-2.215200000000000102e+02,1.004539549137452470e+00
-2.210000000000000000e+02,1.004540067063535824e+00
-2.204799999999999898e+02,1.004540616197665104e+00
-2.199599999999999795e+02,1.004536145016864168e+00
-2.194399999999999977e+02,1.004531704197190178e+00
-2.189199999999999875e+02,1.004532328855783252e+00
-2.184000000000000057e+02,1.004532311313665938e+00
-2.178799999999999955e+02,1.004527736103212998e+00
-2.173600000000000136e+02,1.004524179986147070e+00
-2.168400000000000034e+02,1.004524849246666962e+00
-2.163200000000000216e+02,1.004524110568840056e+00
-2.157999999999999829e+02,1.004519592327138611e+00
-2.152799999999999727e+02,1.004516876008397119e+00
-2.147599999999999909e+02,1.004517625797606284e+00
-2.142400000000000091e+02,1.004516147823578898e+00
-2.137199999999999989e+02,1.004511667678879006e+00
-2.131999999999999886e+02,1.004509855245792727e+00
-2.126800000000000068e+02,1.004510659285625218e+00
-2.121600000000000250e+02,1.004508419482358583e+00
-2.116400000000000148e+02,1.004503997700268991e+00
-2.111199999999999761e+02,1.004503046871171756e+00
-2.105999999999999943e+02,1.004503903463708658e+00
-2.100799999999999841e+02,1.004500918962194955e+00
-2.095600000000000023e+02,1.004496573517162705e+00
-2.090399999999999920e+02,1.004496501998726865e+00
-2.085200000000000102e+02,1.004497415234145485e+00
-2.080000000000000000e+02,1.004493684420913580e+00
-2.074800000000000182e+02,1.004489388532831207e+00
-2.069600000000000080e+02,1.004485113084485626e+00
-2.064399999999999977e+02,1.004481073640908217e+00
-2.059199999999999875e+02,1.004482056747282970e+00
-2.053999999999999773e+02,1.004482397258415149e+00
-2.048799999999999955e+02,1.004478199132706751e+00
-2.043600000000000136e+02,1.004475015669836102e+00
-2.038400000000000034e+02,1.004476050167872669e+00
-2.033199999999999932e+02,1.004475639579905710e+00
-2.028000000000000114e+02,1.004471469907067149e+00
-2.022800000000000296e+02,1.004469180345687551e+00
-2.017599999999999909e+02,1.004470266724572625e+00
-2.012399999999999807e+02,1.004469086572410630e+00
-2.007199999999999989e+02,1.004464987780408380e+00
-2.001999999999999886e+02,1.004460872651628423e+00
-1.996800000000000068e+02,1.004456776150558728e+00
-1.991599999999999966e+02,1.004455766010467599e+00
-1.986400000000000148e+02,1.004456926923948501e+00
-1.981200000000000045e+02,1.004454662356899286e+00
-1.976000000000000227e+02,1.004450612924404407e+00
-1.970799999999999841e+02,1.004450454284592675e+00
-1.965600000000000023e+02,1.004451658970872518e+00
-1.960399999999999920e+02,1.004448620460067332e+00
-1.955199999999999818e+02,1.004444615508431449e+00
-1.950000000000000000e+02,1.004440648301885952e+00
-1.944800000000000182e+02,1.004436668621344619e+00
-1.939600000000000080e+02,1.004437804609805696e+00
-1.934399999999999977e+02,1.004438810007372229e+00
-1.929200000000000159e+02,1.004434890992712992e+00
-1.923999999999999773e+02,1.004430955597272357e+00
-1.918799999999999955e+02,1.004427057824987868e+00
-1.913599999999999852e+02,1.004424233783850262e+00
-1.908400000000000034e+02,1.004425553812830607e+00
-1.903199999999999932e+02,1.004425447214400080e+00
-1.898000000000000114e+02,1.004421596747663070e+00
-1.892800000000000011e+02,1.004417728195699855e+00
-1.887600000000000193e+02,1.004413899198962179e+00
-1.882400000000000091e+02,1.004412347075250400e+00
-1.877199999999999704e+02,1.004413750595179788e+00
-1.871999999999999886e+02,1.004412507108771058e+00
-1.866800000000000068e+02,1.004408719824686269e+00
-1.861599999999999966e+02,1.004404940400440260e+00
-1.856399999999999864e+02,1.004401175612065433e+00
-1.851200000000000045e+02,1.004400873126380711e+00
-1.846000000000000227e+02,1.004402362231237911e+00
-1.840800000000000125e+02,1.004399965278644835e+00
-1.835600000000000023e+02,1.004396243215325502e+00
-1.830399999999999920e+02,1.004392529372964304e+00
-1.825199999999999818e+02,1.004388801728179459e+00
-1.820000000000000000e+02,1.004389810854239284e+00
-1.814799999999999898e+02,1.004391344277108411e+00
-1.809600000000000080e+02,1.004387807326188264e+00
-1.804399999999999977e+02,1.004384143137811769e+00
-1.799200000000000159e+02,1.004380497412527440e+00
-1.794000000000000057e+02,1.004376856935539353e+00
-1.788800000000000239e+02,1.004373228140969188e+00
-1.783599999999999852e+02,1.004370693541729365e+00
-1.778399999999999750e+02,1.004372303636529518e+00
-1.773199999999999932e+02,1.004372425631062216e+00
-1.768000000000000114e+02,1.004368840537666285e+00
-1.762800000000000011e+02,1.004365259947187505e+00
-1.757599999999999909e+02,1.004361693138760003e+00
-1.752400000000000091e+02,1.004358132200383835e+00
-1.747200000000000273e+02,1.004354589042184998e+00
-1.742000000000000171e+02,1.004353742782447156e+00
-1.736799999999999784e+02,1.004355448353384972e+00
-1.731599999999999966e+02,1.004354047657819882e+00
-1.726399999999999864e+02,1.004350543078694757e+00
-1.721200000000000045e+02,1.004347045308522368e+00
-1.715999999999999943e+02,1.004343582020358117e+00
-1.710800000000000125e+02,1.004340103486848434e+00
-1.705600000000000023e+02,1.004336635099055020e+00
-1.700400000000000205e+02,1.004333176971843988e+00
-1.695200000000000102e+02,1.004329727789176285e+00
-1.690000000000000000e+02,1.004331007985121760e+00
-1.684799999999999898e+02,1.004332810961649392e+00
-1.679599999999999795e+02,1.004329510798226410e+00
-1.674399999999999977e+02,1.004326102420384892e+00
-1.669200000000000159e+02,1.004322705000242788e+00
-1.664000000000000057e+02,1.004319313284457005e+00
-1.658799999999999955e+02,1.004315958611821546e+00
-1.653600000000000136e+02,1.004312585819665093e+00
-1.648400000000000318e+02,1.004309227541115179e+00
-1.643199999999999932e+02,1.004307382851538755e+00
-1.637999999999999829e+02,1.004309258007024086e+00
-1.632800000000000011e+02,1.004309247048046805e+00
-1.627599999999999909e+02,1.004305948956073058e+00
-1.622400000000000091e+02,1.004302634197149491e+00
-1.617199999999999989e+02,1.004299334433065960e+00
-1.612000000000000171e+02,1.004296040060753681e+00
-1.606800000000000068e+02,1.004292756155723776e+00
-1.601599999999999682e+02,1.004289480358010689e+00
-1.596400000000000148e+02,1.004286238457329006e+00
-1.591200000000000045e+02,1.004282982420959813e+00
-1.585999999999999943e+02,1.004279736251351585e+00
-1.580799999999999841e+02,1.004280435186422515e+00
-1.575600000000000023e+02,1.004282445283561920e+00
-1.570400000000000205e+02,1.004280126891262226e+00
-1.565199999999999818e+02,1.004276918469930280e+00
-1.560000000000000000e+02,1.004273720838524397e+00
-1.554799999999999898e+02,1.004270551794960165e+00
-1.549600000000000080e+02,1.004267373795518559e+00
-1.544399999999999977e+02,1.004264202207846290e+00
-1.539199999999999875e+02,1.004261043356592609e+00
-1.534000000000000057e+02,1.004257910443852930e+00
-1.528799999999999955e+02,1.004254768543597187e+00
-1.523600000000000136e+02,1.004251631779169873e+00
-1.518400000000000034e+02,1.004248532762157531e+00
-1.513199999999999932e+02,1.004246944063498681e+00
-1.508000000000000114e+02,1.004249074623902560e+00
-1.502800000000000011e+02,1.004249284199084213e+00
-1.497600000000000193e+02,1.004246198856712180e+00
-1.492400000000000091e+02,1.004243119633352332e+00
-1.487199999999999989e+02,1.004240074585986742e+00
-1.481999999999999886e+02,1.004237015161942637e+00
-1.476800000000000068e+02,1.004233967878964018e+00
-1.471599999999999966e+02,1.004230949071142298e+00
-1.466399999999999864e+02,1.004227917265213987e+00
-1.461200000000000045e+02,1.004224895052354904e+00
-1.455999999999999943e+02,1.004221903672102956e+00
-1.450799999999999841e+02,1.004218900960910155e+00
-1.445600000000000023e+02,1.004215906008429249e+00
-1.440399999999999920e+02,1.004212944988438938e+00
-1.435200000000000102e+02,1.004209968810748865e+00
-1.430000000000000000e+02,1.004211801534858894e+00
-1.424799999999999898e+02,1.004214057721903863e+00
-1.419600000000000080e+02,1.004211186894640839e+00
-1.414399999999999977e+02,1.004208266561292362e+00
-1.409200000000000159e+02,1.004205340038779370e+00
-1.403999999999999773e+02,1.004202440453026091e+00
-1.398799999999999955e+02,1.004199530777614147e+00
-1.393600000000000136e+02,1.004196625465031190e+00
-1.388400000000000034e+02,1.004193758494720257e+00
-1.383199999999999932e+02,1.004190873688856733e+00
-1.377999999999999829e+02,1.004188021778626094e+00
-1.372800000000000011e+02,1.004185153487317628e+00
-1.367599999999999909e+02,1.004182322427682017e+00
-1.362400000000000091e+02,1.004179474841948583e+00
-1.357199999999999989e+02,1.004176639073373956e+00
-1.351999999999999886e+02,1.004173832065810901e+00
-1.346800000000000068e+02,1.004171014130215811e+00
-1.341599999999999966e+02,1.004171376484701561e+00
-1.336400000000000148e+02,1.004173809361135872e+00
-1.331200000000000045e+02,1.004172701723846650e+00
-1.325999999999999943e+02,1.004169920215309597e+00
-1.320800000000000125e+02,1.004167169668471526e+00
-1.315600000000000023e+02,1.004164402645894016e+00
-1.310399999999999920e+02,1.004161672496735269e+00
-1.305199999999999818e+02,1.004158927773030729e+00
-1.300000000000000000e+02,1.004156215031831056e+00
-1.294800000000000182e+02,1.004153484773875782e+00
-1.289600000000000080e+02,1.004150791181985358e+00
-1.284399999999999977e+02,1.004148080364553497e+00
-1.279200000000000017e+02,1.004145405408198410e+00
-1.274000000000000057e+02,1.004142710772674141e+00
-1.268800000000000097e+02,1.004140055926278086e+00
-1.263599999999999852e+02,1.004138547135803305e+00
-1.258400000000000034e+02,1.004141142109170382e+00
-1.253199999999999932e+02,1.004142133806179338e+00
-1.248000000000000114e+02,1.004139514968245495e+00
-1.242800000000000011e+02,1.004136878988512116e+00
-1.237599999999999909e+02,1.004134279059011758e+00
-1.232399999999999949e+02,1.004131662066761521e+00
-1.227199999999999989e+02,1.004129078490004767e+00
-1.222000000000000028e+02,1.004126480280878031e+00
-1.216799999999999926e+02,1.004123915153078972e+00
-1.211599999999999966e+02,1.004121336544331333e+00
-1.206400000000000006e+02,1.004118787032244331e+00
-1.201200000000000045e+02,1.004116249736890065e+00
-1.196000000000000085e+02,1.004113700069710902e+00
-1.190799999999999983e+02,1.004111182289284310e+00
-1.185600000000000023e+02,1.004108648463518216e+00
-1.180400000000000063e+02,1.004110540940069463e+00
-1.175200000000000102e+02,1.004113256513590846e+00
-1.170000000000000000e+02,1.004111196857815580e+00
-1.164799999999999898e+02,1.004108722166883405e+00
-1.159600000000000080e+02,1.004106239844975823e+00
-1.154399999999999977e+02,1.004103784332897042e+00
-1.149200000000000159e+02,1.004101319325206854e+00
-1.143999999999999915e+02,1.004098879321420057e+00
-1.138799999999999955e+02,1.004096436070707643e+00
-1.133599999999999994e+02,1.004094017260757088e+00
-1.128400000000000034e+02,1.004091611784212468e+00
-1.123199999999999932e+02,1.004089188856549297e+00
-1.117999999999999972e+02,1.004086804182892312e+00
-1.112800000000000011e+02,1.004086407792591285e+00
-1.107600000000000051e+02,1.004089274939296672e+00
-1.102399999999999949e+02,1.004089740475111237e+00
-1.097199999999999989e+02,1.004087370511507871e+00
-1.092000000000000028e+02,1.004085027950476494e+00
-1.086800000000000068e+02,1.004082672148969069e+00
-1.081600000000000108e+02,1.004080350023123680e+00
-1.076399999999999864e+02,1.004078039985504489e+00
-1.071200000000000045e+02,1.004075715762280829e+00
-1.065999999999999943e+02,1.004073420723497589e+00
-1.060800000000000125e+02,1.004071137959636317e+00
-1.055599999999999881e+02,1.004068840941999108e+00
-1.050399999999999920e+02,1.004070990503375338e+00
-1.045199999999999960e+02,1.004073944511978400e+00
-1.040000000000000000e+02,1.004072101583520782e+00
-1.034800000000000040e+02,1.004069862045815720e+00
-1.029599999999999937e+02,1.004067617465389750e+00
-1.024399999999999977e+02,1.004065397869781329e+00
-1.019200000000000017e+02,1.004063194203431486e+00
-1.014000000000000057e+02,1.004060970702749023e+00
-1.008799999999999955e+02,1.004058784900495160e+00
-1.003599999999999994e+02,1.004057805337383202e+00
-9.984000000000000341e+01,1.004060851391471720e+00
-9.932000000000000739e+01,1.004062299360175992e+00
-9.880000000000001137e+01,1.004060131546164580e+00
-9.828000000000000114e+01,1.004057990999724703e+00
-9.775999999999999091e+01,1.004055862573985269e+00
-9.724000000000000909e+01,1.004053718573691523e+00
-9.671999999999999886e+01,1.004051610516592419e+00
-9.619999999999998863e+01,1.004049508546799085e+00
-9.567999999999999261e+01,1.004047395910536489e+00
-9.515999999999999659e+01,1.004048541425888619e+00
-9.464000000000000057e+01,1.004051703671196005e+00
-9.412000000000000455e+01,1.004051227634789489e+00
-9.359999999999999432e+01,1.004049154114297293e+00
-9.307999999999999829e+01,1.004047112518076323e+00
-9.256000000000000227e+01,1.004045077980554979e+00
-9.204000000000000625e+01,1.004043035929080174e+00
-9.151999999999999602e+01,1.004041023553778667e+00
-9.100000000000000000e+01,1.004043874384924484e+00
-9.048000000000000398e+01,1.004047052127667872e+00
-8.996000000000000796e+01,1.004045071654364074e+00
-8.944000000000001194e+01,1.004043095691873111e+00
-8.891999999999998749e+01,1.004041115401665518e+00
-8.840000000000000568e+01,1.004039158156743605e+00
-8.787999999999999545e+01,1.004037217462086407e+00
-8.736000000000001364e+01,1.004036497908454839e+00
-8.683999999999998920e+01,1.004039812212842442e+00
-8.631999999999999318e+01,1.004041487766690777e+00
-8.579999999999999716e+01,1.004039588138874395e+00
-8.528000000000000114e+01,1.004037670772117918e+00
-8.476000000000000512e+01,1.004035787357326237e+00
-8.423999999999999488e+01,1.004033911681860181e+00
-8.371999999999999886e+01,1.004032028574548541e+00
-8.320000000000000284e+01,1.004033020731722958e+00
-8.268000000000000682e+01,1.004036412612125506e+00
-8.215999999999999659e+01,1.004036546286234399e+00
-8.164000000000000057e+01,1.004034701441711919e+00
-8.112000000000000455e+01,1.004032888375865573e+00
-8.060000000000000853e+01,1.004031084524367623e+00
-8.007999999999998408e+01,1.004033338815071730e+00
-7.956000000000000227e+01,1.004036768245618383e+00
-7.903999999999999204e+01,1.004035762286086708e+00
-7.852000000000001023e+01,1.004033999061588300e+00
-7.800000000000000000e+01,1.004032225591586558e+00
-7.748000000000000398e+01,1.004030536650182936e+00
-7.695999999999999375e+01,1.004034021972156632e+00
-7.643999999999999773e+01,1.004037070983251345e+00
-7.592000000000000171e+01,1.004035343459249274e+00
-7.540000000000000568e+01,1.004033639647513132e+00
-7.488000000000000966e+01,1.004031953450515768e+00
-7.435999999999999943e+01,1.004031530497329960e+00
-7.384000000000000341e+01,1.004035075115356834e+00
-7.331999999999999318e+01,1.004036982985949900e+00
-7.279999999999999716e+01,1.004035335197001721e+00
-7.228000000000000114e+01,1.004033692148813550e+00
-7.176000000000000512e+01,1.004032043398799923e+00
-7.123999999999999488e+01,1.004032886822110449e+00
-7.071999999999999886e+01,1.004036514981811790e+00
-7.019999999999998863e+01,1.004037266244672599e+00
-6.968000000000000682e+01,1.004035657318656627e+00
-6.915999999999999659e+01,1.004034078784946438e+00
-6.864000000000000057e+01,1.004032510650429311e+00
-6.812000000000000455e+01,1.004034640331743944e+00
-6.759999999999999432e+01,1.004038285565231226e+00
-6.707999999999999829e+01,1.004037897503570198e+00
-6.656000000000000227e+01,1.004036371940486561e+00
-6.604000000000000625e+01,1.004039348787449049e+00
-6.551999999999999602e+01,1.004043055270844143e+00
-6.500000000000000000e+01,1.004041889204110749e+00
-6.448000000000000398e+01,1.004040402848024538e+00
-6.396000000000000085e+01,1.004038934543275863e+00
-6.344000000000000483e+01,1.004037924490143174e+00
-6.292000000000000171e+01,1.004041709337893273e+00
-6.240000000000000568e+01,1.004044617296859121e+00
-6.187999999999999545e+01,1.004043190709038136e+00
-6.135999999999999943e+01,1.004043046533832806e+00
-6.083999999999999631e+01,1.004046833431490704e+00
-6.032000000000000028e+01,1.004048984263764321e+00
-5.980000000000000426e+01,1.004047599574920957e+00
-5.928000000000000114e+01,1.004046220081077800e+00
-5.876000000000000512e+01,1.004044834761973481e+00
-5.823999999999999488e+01,1.004045961199844683e+00
-5.771999999999999886e+01,1.004049851803693327e+00
-5.719999999999999574e+01,1.004050846138847763e+00
-5.667999999999999972e+01,1.004049522178320775e+00
-5.615999999999999659e+01,1.004051491077903924e+00
-5.564000000000000057e+01,1.004055403963114435e+00
-5.511999999999999744e+01,1.004055642170176288e+00
-5.460000000000000142e+01,1.004054361719815658e+00
-5.408000000000000540e+01,1.004053093409396524e+00
-5.356000000000000227e+01,1.004051808732918882e+00
-5.304000000000000625e+01,1.004055070410362793e+00
-5.251999999999999602e+01,1.004059065645473980e+00
-5.200000000000000000e+01,1.004058164906636907e+00
-5.147999999999999687e+01,1.004056998533105594e+00
-5.096000000000000085e+01,1.004061031004456872e+00
-5.043999999999999773e+01,1.004064570581664428e+00
-4.992000000000000171e+01,1.004063391887898948e+00
-4.940000000000000568e+01,1.004063113590059286e+00
-4.887999999999999545e+01,1.004067170432577205e+00
-4.835999999999999943e+01,1.004069929105310788e+00
-4.783999999999999631e+01,1.004068793216307487e+00
-4.732000000000000028e+01,1.004069361239779967e+00
-4.679999999999999716e+01,1.004073478946659215e+00
-4.628000000000000114e+01,1.004075483123104906e+00
-4.575999999999999801e+01,1.004074368137197526e+00
-4.524000000000000199e+01,1.004073282883740204e+00
-4.472000000000000597e+01,1.004072210979736202e+00
-4.420000000000000284e+01,1.004074069970997574e+00
-4.368000000000000682e+01,1.004078252219966494e+00
-4.315999999999999659e+01,1.004079079507111061e+00
-4.264000000000000057e+01,1.004078048496273023e+00
-4.211999999999999744e+01,1.004080755097390698e+00
-4.160000000000000142e+01,1.004084980710105768e+00
-4.107999999999999829e+01,1.004085093312000465e+00
-4.056000000000000227e+01,1.004084106114928598e+00
-4.003999999999999204e+01,1.004087639683902244e+00
-3.951999999999999602e+01,1.004091908768257824e+00
-3.900000000000000000e+01,1.004091246380424574e+00
-3.847999999999999687e+01,1.004090417696702930e+00
-3.796000000000000085e+01,1.004094705053588887e+00
-3.744000000000000483e+01,1.004098477733820438e+00
-3.692000000000000171e+01,1.004097575068557457e+00
-3.639999999999999858e+01,1.004097591815126478e+00
-3.588000000000000256e+01,1.004101944618342346e+00
-3.535999999999999943e+01,1.004104962739268636e+00
-3.484000000000000341e+01,1.004104104732697955e+00
-3.432000000000000028e+01,1.004103229468856995e+00
-3.379999999999999716e+01,1.004102394607839122e+00
-3.328000000000000114e+01,1.004103702972385825e+00
-3.275999999999999801e+01,1.004108119325075155e+00
-3.224000000000000199e+01,1.004110003593524647e+00
-3.172000000000000242e+01,1.004109211860621409e+00
-3.120000000000000284e+01,1.004111328904810030e+00
-3.067999999999999972e+01,1.004115790317194223e+00
-3.016000000000000014e+01,1.004116920818284298e+00
-2.964000000000000057e+01,1.004116171449951356e+00
-2.911999999999999744e+01,1.004119177353834269e+00
-2.859999999999999787e+01,1.004123682542384710e+00
-2.807999999999999829e+01,1.004124015912570611e+00
-2.755999999999999872e+01,1.004123310131952440e+00
-2.704000000000000270e+01,1.004127165976495872e+00
-2.652000000000000313e+01,1.004131716395810781e+00
-2.600000000000000000e+01,1.004131316114711625e+00
-2.548000000000000043e+01,1.004130786870643499e+00
-2.496000000000000085e+01,1.004135378793737710e+00
-2.443999999999999773e+01,1.004139417781116927e+00
-2.391999999999999815e+01,1.004138796702093606e+00
-2.339999999999999858e+01,1.004138177016810518e+00
-2.287999999999999901e+01,1.004137581397688717e+00
-2.236000000000000298e+01,1.004138325749023064e+00
-2.184000000000000341e+01,1.004142986234094037e+00
-2.132000000000000028e+01,1.004145871577875937e+00
-2.080000000000000071e+01,1.004145318370284645e+00
-2.028000000000000114e+01,1.004146910988423125e+00
-1.975999999999999801e+01,1.004151614230645029e+00
-1.923999999999999844e+01,1.004153765863956771e+00
-1.872000000000000242e+01,1.004153258088429812e+00
-1.819999999999999929e+01,1.004155720528663309e+00
-1.767999999999999972e+01,1.004160447213929830e+00
-1.716000000000000014e+01,1.004161826047026196e+00
-1.664000000000000057e+01,1.004161363352928271e+00
-1.612000000000000099e+01,1.004160913665691712e+00
-1.560000000000000142e+01,1.004160474078147125e+00
-1.508000000000000007e+01,1.004164229498598182e+00
-1.455999999999999872e+01,1.004169024447810532e+00
-1.403999999999999915e+01,1.004169249602218983e+00
-1.352000000000000135e+01,1.004168854768573205e+00
-1.300000000000000000e+01,1.004173460791668804e+00
-1.248000000000000043e+01,1.004178166226360247e+00
-1.195999999999999908e+01,1.004177812913883194e+00
-1.143999999999999950e+01,1.004177462928241393e+00
-1.092000000000000171e+01,1.004177131822051816e+00
-1.040000000000000036e+01,1.004177757756262057e+00
-9.879999999999999005e+00,1.004182663304719503e+00
-9.360000000000001208e+00,1.004186219107267242e+00
-8.839999999999999858e+00,1.004185936310431959e+00
-8.320000000000000284e+00,1.004185657368336537e+00
-7.800000000000000711e+00,1.004185394011693155e+00
-7.279999999999999361e+00,1.004187315455884910e+00
-6.760000000000000675e+00,1.004192291662618697e+00
-6.240000000000000213e+00,1.004194693931972138e+00
-5.719999999999999751e+00,1.004194478130953305e+00
-5.200000000000000178e+00,1.004197251423024184e+00
-4.680000000000000604e+00,1.004202292065382585e+00
-4.160000000000000142e+00,1.004203943249284858e+00
-3.639999999999999680e+00,1.004203771969784720e+00
-3.120000000000000107e+00,1.004203614036830450e+00
-2.600000000000000089e+00,1.004203465043141730e+00
-2.080000000000000071e+00,1.004203308992088761e+00
-1.560000000000000053e+00,1.004203182638017333e+00
-1.040000000000000036e+00,1.004207675508281605e+00
-5.200000000000000178e-01,1.004212804879371701e+00
-0.000000000000000000e+00,1.004212949674797795e+00
5.200000000000000178e-01,1.004212870802895230e+00
1.040000000000000036e+00,1.004212811498938596e+00
1.560000000000000053e+00,1.004213327134247491e+00
2.080000000000000071e+00,1.004218525465647938e+00
2.600000000000000089e+00,1.004222709596698682e+00
3.120000000000000107e+00,1.004222696900220813e+00
3.639999999999999680e+00,1.004222687027978456e+00
4.160000000000000142e+00,1.004222696712002039e+00
4.680000000000000604e+00,1.004224506497901404e+00
5.200000000000000178e+00,1.004229755593522455e+00
5.719999999999999751e+00,1.004232832728758851e+00
6.240000000000000213e+00,1.004232889800611206e+00
6.760000000000000675e+00,1.004232932321659666e+00
7.279999999999999361e+00,1.004233010686109484e+00
7.800000000000000711e+00,1.004233099503249127e+00
8.320000000000000284e+00,1.004233200181180230e+00
8.839999999999999858e+00,1.004233313813551520e+00
9.360000000000001208e+00,1.004233439748574375e+00
9.879999999999999005e+00,1.004237398163262851e+00
1.040000000000000036e+01,1.004242760988973027e+00
1.092000000000000171e+01,1.004243935527423082e+00
1.143999999999999950e+01,1.004244083688799138e+00
1.195999999999999908e+01,1.004244272056936671e+00
1.248000000000000043e+01,1.004244466835269911e+00
1.300000000000000000e+01,1.004244679241932836e+00
1.352000000000000135e+01,1.004244896817407584e+00
1.403999999999999915e+01,1.004245132910497995e+00
1.455999999999999872e+01,1.004245983057044267e+00
1.508000000000000007e+01,1.004251476863966319e+00
1.560000000000000142e+01,1.004255960668653858e+00
1.612000000000000099e+01,1.004256246609173342e+00
1.664000000000000057e+01,1.004256512808692658e+00
1.716000000000000014e+01,1.004256820730497601e+00
1.767999999999999972e+01,1.004257133149158543e+00
1.819999999999999929e+01,1.004257465824560658e+00
1.872000000000000242e+01,1.004257804557053602e+00
1.923999999999999844e+01,1.004258158660267242e+00
1.975999999999999801e+01,1.004258521150900973e+00
2.028000000000000114e+01,1.004258897973256515e+00
2.080000000000000071e+01,1.004259285248651823e+00
2.132000000000000028e+01,1.004259664357169068e+00
2.184000000000000341e+01,1.004260076875881813e+00
2.236000000000000298e+01,1.004260500327450290e+00
2.287999999999999901e+01,1.004260936288798867e+00
2.339999999999999858e+01,1.004261381554198973e+00
2.391999999999999815e+01,1.004266064014288862e+00
2.443999999999999773e+01,1.004271767398830617e+00
2.496000000000000085e+01,1.004272845117061941e+00
2.548000000000000043e+01,1.004273337000345157e+00
2.600000000000000000e+01,1.004273848865738339e+00
2.652000000000000313e+01,1.004274365495833043e+00
2.704000000000000270e+01,1.004274879328037606e+00
2.755999999999999872e+01,1.004275417873098153e+00
2.807999999999999829e+01,1.004275977699550015e+00
2.859999999999999787e+01,1.004276539143351910e+00
2.911999999999999744e+01,1.004277123884769640e+00
2.964000000000000057e+01,1.004277712103402997e+00
3.016000000000000014e+01,1.004278321088138082e+00
3.067999999999999972e+01,1.004278934335367302e+00
3.120000000000000284e+01,1.004279562722337982e+00
3.172000000000000242e+01,1.004280198560254744e+00
3.224000000000000199e+01,1.004280829829277133e+00
3.275999999999999801e+01,1.004281491531479498e+00
3.328000000000000114e+01,1.004282169547663139e+00
3.379999999999999716e+01,1.004279800687607249e+00
3.432000000000000028e+01,1.004275286083932572e+00
3.484000000000000341e+01,1.004274220604017831e+00
3.535999999999999943e+01,1.004274941894559126e+00
3.588000000000000256e+01,1.004275677653786003e+00
3.639999999999999858e+01,1.004276424152489078e+00
3.692000000000000171e+01,1.004277185746931256e+00
3.744000000000000483e+01,1.004277956684425765e+00
3.796000000000000085e+01,1.004278740968939987e+00
3.847999999999999687e+01,1.004279509114595514e+00
3.900000000000000000e+01,1.004280318826921370e+00
3.951999999999999602e+01,1.004281133319123276e+00
4.003999999999999204e+01,1.004281968903570466e+00
4.056000000000000227e+01,1.004282807441057690e+00
4.107999999999999829e+01,1.004283667551616688e+00
4.160000000000000142e+01,1.004283478432155041e+00
4.211999999999999744e+01,1.004279127227000190e+00
4.264000000000000057e+01,1.004276231054350488e+00
4.315999999999999659e+01,1.004277137968336397e+00
4.368000000000000682e+01,1.004278049427758557e+00
4.420000000000000284e+01,1.004278980302270474e+00
4.472000000000000597e+01,1.004279895041418014e+00
4.524000000000000199e+01,1.004280845158197266e+00
4.575999999999999801e+01,1.004281804385540822e+00
4.628000000000000114e+01,1.004282778838935686e+00
4.679999999999999716e+01,1.004280708466420702e+00
4.732000000000000028e+01,1.004276474237557171e+00
4.783999999999999631e+01,1.004275727306184196e+00
4.835999999999999943e+01,1.004276748033935851e+00
4.887999999999999545e+01,1.004277781328708485e+00
4.940000000000000568e+01,1.004278823893076433e+00
4.992000000000000171e+01,1.004279882924730360e+00
5.043999999999999773e+01,1.004280949821169777e+00
5.096000000000000085e+01,1.004277331723895328e+00
5.147999999999999687e+01,1.004273187095950703e+00
5.200000000000000000e+01,1.004274162477417409e+00
5.251999999999999602e+01,1.004275275265688716e+00
5.304000000000000625e+01,1.004276407656101266e+00
5.356000000000000227e+01,1.004276873805163728e+00
5.408000000000000540e+01,1.004272799156718410e+00
5.460000000000000142e+01,1.004269814827366547e+00
5.511999999999999744e+01,1.004270993067116535e+00
5.564000000000000057e+01,1.004272174827626207e+00
5.615999999999999659e+01,1.004273380285467754e+00
5.667999999999999972e+01,1.004272698606503811e+00
5.719999999999999574e+01,1.004268708561960821e+00
5.771999999999999886e+01,1.004266957115068193e+00
5.823999999999999488e+01,1.004268205397720992e+00
5.876000000000000512e+01,1.004269462190154005e+00
5.928000000000000114e+01,1.004270732333948812e+00
5.980000000000000426e+01,1.004268938330433514e+00
6.032000000000000028e+01,1.004264999410843684e+00
6.083999999999999631e+01,1.004264567396923935e+00
6.135999999999999943e+01,1.004265882865529980e+00
6.187999999999999545e+01,1.004263316258371841e+00
6.240000000000000568e+01,1.004259420506069977e+00
6.292000000000000171e+01,1.004259857988507143e+00
6.344000000000000483e+01,1.004261220153820355e+00
6.396000000000000085e+01,1.004262598733874245e+00
6.448000000000000398e+01,1.004263982234403274e+00
6.500000000000000000e+01,1.004260245413198360e+00
6.551999999999999602e+01,1.004256725946848672e+00
6.604000000000000625e+01,1.004258151166519619e+00
6.656000000000000227e+01,1.004258890792475878e+00
6.707999999999999829e+01,1.004255108157432685e+00
6.759999999999999432e+01,1.004252416143914806e+00
6.812000000000000455e+01,1.004253889020942703e+00
6.864000000000000057e+01,1.004253875711476507e+00
6.915999999999999659e+01,1.004250139205770331e+00
6.968000000000000682e+01,1.004248317845084060e+00
7.019999999999998863e+01,1.004249836851799360e+00
7.071999999999999886e+01,1.004249069724234777e+00
7.123999999999999488e+01,1.004245376819145941e+00
7.176000000000000512e+01,1.004244404288146875e+00
7.228000000000000114e+01,1.004245966186343875e+00
7.279999999999999716e+01,1.004244403505940575e+00
7.331999999999999318e+01,1.004240756797208922e+00
7.384000000000000341e+01,1.004237138491021586e+00
7.435999999999999943e+01,1.004233510260905682e+00
7.488000000000000966e+01,1.004233831566789803e+00
7.540000000000000568e+01,1.004235461265269524e+00
7.592000000000000171e+01,1.004232771148369840e+00
7.643999999999999773e+01,1.004229191715395375e+00
7.695999999999999375e+01,1.004230362717160929e+00
7.748000000000000398e+01,1.004232035508422438e+00
7.800000000000000000e+01,1.004228609114239612e+00
7.852000000000001023e+01,1.004225072466026880e+00
7.903999999999999204e+01,1.004221553268409783e+00
7.956000000000000227e+01,1.004218761313552699e+00
8.007999999999998408e+01,1.004220500965481655e+00
8.060000000000000853e+01,1.004221115475676163e+00
8.112000000000000455e+01,1.004217640691890567e+00
8.164000000000000057e+01,1.004215699808104878e+00
8.215999999999999659e+01,1.004217482589371269e+00
8.268000000000000682e+01,1.004217341881201264e+00
8.320000000000000284e+01,1.004213915560083548e+00
8.371999999999999886e+01,1.004210514472655191e+00
8.423999999999999488e+01,1.004207106600732757e+00
8.476000000000000512e+01,1.004206438646160215e+00
8.528000000000000114e+01,1.004208286538873729e+00
8.579999999999999716e+01,1.004207012570587088e+00
8.631999999999999318e+01,1.004203651050445956e+00
8.683999999999998920e+01,1.004200318171755590e+00
8.736000000000001364e+01,1.004196975535540215e+00
8.787999999999999545e+01,1.004197601081085134e+00
8.840000000000000568e+01,1.004199515709155666e+00
8.891999999999998749e+01,1.004197090958752092e+00
8.944000000000001194e+01,1.004193793608348484e+00
8.996000000000000796e+01,1.004190507463965210e+00
9.048000000000000398e+01,1.004187229439196916e+00
9.100000000000000000e+01,1.004183971863625180e+00
9.151999999999999602e+01,1.004181061071363290e+00
9.204000000000000625e+01,1.004183057845336569e+00
9.256000000000000227e+01,1.004184330302620776e+00
9.307999999999999829e+01,1.004181118985189913e+00
9.359999999999999432e+01,1.004177908848759682e+00
9.412000000000000455e+01,1.004174735569544952e+00
9.464000000000000057e+01,1.004171547240660267e+00
9.515999999999999659e+01,1.004168379102321040e+00
9.567999999999999261e+01,1.004167162951702164e+00
9.619999999999998863e+01,1.004169247258648978e+00
9.671999999999999886e+01,1.004168988709905674e+00
9.724000000000000909e+01,1.004165879981903986e+00
9.775999999999999091e+01,1.004162760349376793e+00
9.828000000000000114e+01,1.004159653656115037e+00
9.880000000000001137e+01,1.004156576392133404e+00
9.932000000000000739e+01,1.004153469439747370e+00
9.984000000000000341e+01,1.004153967782051682e+00
1.003599999999999994e+02,1.004156137707931551e+00
1.008799999999999955e+02,1.004154346344090953e+00
1.014000000000000057e+02,1.004151301319516687e+00
1.019200000000000017e+02,1.004148290780962238e+00
1.024399999999999977e+02,1.004145267524933827e+00
1.029599999999999937e+02,1.004142260902595396e+00
1.034800000000000040e+02,1.004139278129092316e+00
1.040000000000000000e+02,1.004136294804369500e+00
1.045199999999999960e+02,1.004133677280412362e+00
1.050399999999999920e+02,1.004135950277215583e+00
1.055599999999999881e+02,1.004137461078544291e+00
1.060800000000000125e+02,1.004134520596872804e+00
1.065999999999999943e+02,1.004131601205271673e+00
1.071200000000000045e+02,1.004128683020165891e+00
1.076399999999999864e+02,1.004125767293616356e+00
1.081600000000000108e+02,1.004122886147776672e+00
1.086800000000000068e+02,1.004119991413266799e+00
1.092000000000000028e+02,1.004117113088952573e+00
1.097199999999999989e+02,1.004114238740728693e+00
1.102399999999999949e+02,1.004111381395030644e+00
1.107600000000000051e+02,1.004111302378262405e+00
1.112800000000000011e+02,1.004113699815089911e+00
1.117999999999999972e+02,1.004112936076937190e+00
1.123199999999999932e+02,1.004110119386855127e+00
1.128400000000000034e+02,1.004107331886918475e+00
1.133599999999999994e+02,1.004104533642887320e+00
1.138799999999999955e+02,1.004101748969020713e+00
1.143999999999999915e+02,1.004098991592135892e+00
1.149200000000000159e+02,1.004096229396884699e+00
1.154399999999999977e+02,1.004093474555089127e+00
1.159600000000000080e+02,1.004090752695819821e+00
1.164799999999999898e+02,1.004088016584620657e+00
1.170000000000000000e+02,1.004090492921441147e+00
1.175200000000000102e+02,1.004092648826457657e+00
1.180400000000000063e+02,1.004089951203803732e+00
1.185600000000000023e+02,1.004087255019366243e+00
1.190799999999999983e+02,1.004084596445908417e+00
1.196000000000000085e+02,1.004081921020086421e+00
1.201200000000000045e+02,1.004079264825244122e+00
1.206400000000000006e+02,1.004076608548351901e+00
1.211599999999999966e+02,1.004073971122056097e+00
1.216799999999999926e+02,1.004071338224829413e+00
1.222000000000000028e+02,1.004068738465552890e+00
1.227199999999999989e+02,1.004066126835472694e+00
1.232399999999999949e+02,1.004063529270317723e+00
1.237599999999999909e+02,1.004060958679852789e+00
1.242800000000000011e+02,1.004058380500368219e+00
1.248000000000000114e+02,1.004059020715923456e+00
1.253199999999999932e+02,1.004061696385984304e+00
1.258400000000000034e+02,1.004060772067640883e+00
1.263599999999999852e+02,1.004058230415702191e+00
1.268800000000000097e+02,1.004055722454924471e+00
1.274000000000000057e+02,1.004053202589271221e+00
1.279200000000000017e+02,1.004050696106494112e+00
1.284399999999999977e+02,1.004048213790386113e+00
1.289600000000000080e+02,1.004045729717804480e+00
1.294800000000000182e+02,1.004043249724623221e+00
1.300000000000000000e+02,1.004040803520587000e+00
1.305199999999999818e+02,1.004038339622095322e+00
1.310399999999999920e+02,1.004035893768655319e+00
1.315600000000000023e+02,1.004033449127379241e+00
1.320800000000000125e+02,1.004031044412939000e+00
1.325999999999999943e+02,1.004028601009044452e+00
1.331200000000000045e+02,1.004026196547910255e+00
1.336400000000000148e+02,1.004025417722016034e+00
1.341599999999999966e+02,1.004028262199881727e+00
1.346800000000000068e+02,1.004029107088292960e+00
1.351999999999999886e+02,1.004026739560014203e+00
1.357199999999999989e+02,1.004024378469951184e+00
1.362400000000000091e+02,1.004022048951868307e+00
1.367599999999999909e+02,1.004019706457545125e+00
1.372800000000000011e+02,1.004017374136028318e+00
1.377999999999999829e+02,1.004015051496561339e+00
1.383199999999999932e+02,1.004012759382113984e+00
1.388400000000000034e+02,1.004010456999862688e+00
1.393600000000000136e+02,1.004008161695611356e+00
1.398799999999999955e+02,1.004005898991710000e+00
1.403999999999999773e+02,1.004003625456004301e+00
1.409200000000000159e+02,1.004001362591369073e+00
1.414399999999999977e+02,1.003999124595279069e+00
1.419600000000000080e+02,1.003996881499189531e+00
1.424799999999999898e+02,1.003994642037989271e+00
1.430000000000000000e+02,1.003992437647919678e+00
1.435200000000000102e+02,1.003990638077115527e+00
1.440399999999999920e+02,1.003993665841551364e+00
1.445600000000000023e+02,1.003995874216183859e+00
1.450799999999999841e+02,1.003993691406255051e+00
1.455999999999999943e+02,1.003991487623996592e+00
1.461200000000000045e+02,1.003989339420154225e+00
1.466399999999999864e+02,1.003987175149226196e+00
1.471599999999999966e+02,1.003985024632019218e+00
1.476800000000000068e+02,1.003982897786376505e+00
1.481999999999999886e+02,1.003980768347169983e+00
1.487199999999999989e+02,1.003978643435633256e+00
1.492400000000000091e+02,1.003976549383062133e+00
1.497600000000000193e+02,1.003974442202471451e+00
1.502800000000000011e+02,1.003972345116570519e+00
1.508000000000000114e+02,1.003970275457505279e+00
1.513199999999999932e+02,1.003968196449604111e+00
1.518400000000000034e+02,1.003966128128754853e+00
1.523600000000000136e+02,1.003964067822729289e+00
1.528799999999999955e+02,1.003966085869950176e+00
1.534000000000000057e+02,1.003969275374120729e+00
1.539199999999999875e+02,1.003968027299341426e+00
1.544399999999999977e+02,1.003966001843127342e+00
1.549600000000000080e+02,1.003963988897893733e+00
1.554799999999999898e+02,1.003961999337895650e+00
1.560000000000000000e+02,1.003960002931662210e+00
1.565199999999999818e+02,1.003958009463644441e+00
1.570400000000000205e+02,1.003956053287572203e+00
1.575600000000000023e+02,1.003954078397554461e+00
1.580799999999999841e+02,1.003952119660481923e+00
1.585999999999999943e+02,1.003950162529079870e+00
1.591200000000000045e+02,1.003948241812133935e+00
1.596400000000000148e+02,1.003946304552277180e+00
1.601599999999999682e+02,1.003944358332471198e+00
1.606800000000000068e+02,1.003944500797634420e+00
1.612000000000000171e+02,1.003947826370284124e+00
1.617199999999999989e+02,1.003948712047043168e+00
1.622400000000000091e+02,1.003946820465928313e+00
1.627599999999999909e+02,1.003944935273668015e+00
1.632800000000000011e+02,1.003943081360623157e+00
1.637999999999999829e+02,1.003941213897908469e+00
1.643199999999999932e+02,1.003939354653409222e+00
1.648400000000000318e+02,1.003937505034220523e+00
1.653600000000000136e+02,1.003935682609720992e+00
1.658799999999999955e+02,1.003933850943221850e+00
1.664000000000000057e+02,1.003932026177338566e+00
1.669200000000000159e+02,1.003930230646345567e+00
1.674399999999999977e+02,1.003928421458462061e+00
1.679599999999999795e+02,1.003926624770578924e+00
1.684799999999999898e+02,1.003924907853890991e+00
1.690000000000000000e+02,1.003928361795553670e+00
1.695200000000000102e+02,1.003931359372722376e+00
1.700400000000000205e+02,1.003929596981054440e+00
1.705600000000000023e+02,1.003927836126292661e+00
1.710800000000000125e+02,1.003926090645171021e+00
1.715999999999999943e+02,1.003924366147624925e+00
1.721200000000000045e+02,1.003922637060358891e+00
1.726399999999999864e+02,1.003920910158287327e+00
1.731599999999999966e+02,1.003919216071286868e+00
1.736799999999999784e+02,1.003917506618761113e+00
1.742000000000000171e+02,1.003915808970760715e+00
1.747200000000000273e+02,1.003914135308780375e+00
1.752400000000000091e+02,1.003912451458395916e+00
1.757599999999999909e+02,1.003913636516065466e+00
1.762800000000000011e+02,1.003917204575611510e+00
1.768000000000000114e+02,1.003917494031246971e+00
1.773199999999999932e+02,1.003915842091058330e+00
1.778399999999999750e+02,1.003914217985693691e+00
1.783599999999999852e+02,1.003912581594434972e+00
1.788800000000000239e+02,1.003910954979882364e+00
1.794000000000000057e+02,1.003909350757043573e+00
1.799200000000000159e+02,1.003907739663400633e+00
1.804399999999999977e+02,1.003906132711757770e+00
1.809600000000000080e+02,1.003904557814204734e+00
1.814799999999999898e+02,1.003902966787581619e+00
1.820000000000000000e+02,1.003901390200574228e+00
1.825199999999999818e+02,1.003900312156477126e+00
1.830399999999999920e+02,1.003903982969120090e+00
1.835600000000000023e+02,1.003906758311658987e+00
1.840800000000000125e+02,1.003905229218157391e+00
1.846000000000000227e+02,1.003903682927365981e+00
1.851200000000000045e+02,1.003902150262934612e+00
1.856399999999999864e+02,1.003900640111143439e+00
1.861599999999999966e+02,1.003899124241877328e+00
1.866800000000000068e+02,1.003897611874012163e+00
1.871999999999999886e+02,1.003896127948271877e+00
1.877199999999999704e+02,1.003894629647076542e+00
1.882400000000000091e+02,1.003893140228406589e+00
1.887600000000000193e+02,1.003891676409736755e+00
1.892800000000000011e+02,1.003890202838086720e+00
1.898000000000000114e+02,1.003892039786437262e+00
1.903199999999999932e+02,1.003895813497313050e+00
1.908400000000000034e+02,1.003895888875208975e+00
1.913599999999999852e+02,1.003894442252754704e+00
1.918799999999999955e+02,1.003893024798720557e+00
1.923999999999999773e+02,1.003891594059141967e+00
1.929200000000000159e+02,1.003890172415303983e+00
1.934399999999999977e+02,1.003888751843445837e+00
1.939600000000000080e+02,1.003887344710937324e+00
1.944800000000000182e+02,1.003885941267574688e+00
1.950000000000000000e+02,1.003884569673282101e+00
1.955199999999999818e+02,1.003883181770319988e+00
1.960399999999999920e+02,1.003881803616077262e+00
1.965600000000000023e+02,1.003881343412330818e+00
1.970799999999999841e+02,1.003885215015037913e+00
1.976000000000000227e+02,1.003887770590341288e+00
1.981200000000000045e+02,1.003886441264594476e+00
1.986400000000000148e+02,1.003885096125133547e+00
1.991599999999999966e+02,1.003883760710366335e+00
1.996800000000000068e+02,1.003882447335215256e+00
2.001999999999999886e+02,1.003881123207084336e+00
2.007199999999999989e+02,1.003879804603129200e+00
2.012399999999999807e+02,1.003878515613998434e+00
2.017599999999999909e+02,1.003877212935062824e+00
2.022800000000000296e+02,1.003875917370107729e+00
2.028000000000000114e+02,1.003874648359592614e+00
2.033199999999999932e+02,1.003873366680657186e+00
2.038400000000000034e+02,1.003875834860337601e+00
2.043600000000000136e+02,1.003879797530948359e+00
2.048799999999999955e+02,1.003879625502608786e+00
2.053999999999999773e+02,1.003878370274619458e+00
2.059199999999999875e+02,1.003877142374425713e+00
2.064399999999999977e+02,1.003875898060126115e+00
2.069600000000000080e+02,1.003874664281332318e+00
2.074800000000000182e+02,1.003873452449558723e+00
2.080000000000000000e+02,1.003872233056784857e+00
2.085200000000000102e+02,1.003871015497606933e+00
2.090399999999999920e+02,1.003869829615029019e+00
2.095600000000000023e+02,1.003868625565781159e+00
2.100799999999999841e+02,1.003867431651273234e+00
2.105999999999999943e+02,1.003867576669045025e+00
2.111199999999999761e+02,1.003871629845082714e+00
2.116400000000000148e+02,1.003873946730575062e+00
2.121600000000000250e+02,1.003872799145963057e+00
2.126800000000000068e+02,1.003871634928436674e+00
2.131999999999999886e+02,1.003870456310494319e+00
2.137199999999999989e+02,1.003869323792551782e+00
2.142400000000000091e+02,1.003868180519185582e+00
2.147599999999999909e+02,1.003867043283769300e+00
2.152799999999999727e+02,1.003865932148352735e+00
2.157999999999999829e+02,1.003864806795461861e+00
2.163200000000000216e+02,1.003863684628115927e+00
2.168400000000000034e+02,1.003862572122245167e+00
2.173600000000000136e+02,1.003861485437424372e+00
2.178799999999999955e+02,1.003860387026243917e+00
2.184000000000000057e+02,1.003859291241423035e+00
2.189199999999999875e+02,1.003862788213818247e+00
2.194399999999999977e+02,1.003866937586563424e+00
2.199599999999999795e+02,1.003866130997958406e+00
2.204799999999999898e+02,1.003865059662683690e+00
2.210000000000000000e+02,1.003863997674078856e+00
2.215200000000000102e+02,1.003862956696019770e+00
2.220400000000000205e+02,1.003861906093784562e+00
2.225600000000000023e+02,1.003860857016775521e+00
2.230799999999999841e+02,1.003859817477716909e+00
2.235999999999999943e+02,1.003858799297273396e+00
2.241200000000000045e+02,1.003857773258213903e+00
2.246399999999999864e+02,1.003856749977770857e+00
2.251599999999999682e+02,1.003855753145781682e+00
2.256800000000000068e+02,1.003854741836268216e+00
2.262000000000000171e+02,1.003853739966370506e+00
2.267199999999999989e+02,1.003852759863927302e+00
2.272400000000000091e+02,1.003851765993679868e+00
2.277599999999999909e+02,1.003850777819256246e+00
2.282800000000000011e+02,1.003849816099338765e+00
2.287999999999999829e+02,1.003852220064181067e+00
2.293199999999999932e+02,1.003856480987789235e+00
2.298400000000000318e+02,1.003856968209581924e+00
2.303600000000000136e+02,1.003856008801259803e+00
2.308799999999999955e+02,1.003855056766578269e+00
2.314000000000000057e+02,1.003854127013946274e+00
2.319200000000000159e+02,1.003853185990594588e+00
2.324399999999999977e+02,1.003852248062983010e+00
2.329599999999999795e+02,1.003851338539896387e+00
2.334799999999999898e+02,1.003850410612285193e+00
2.340000000000000000e+02,1.003849490567198854e+00
2.345200000000000102e+02,1.003848590583112710e+00
2.350400000000000205e+02,1.003847684409572727e+00
2.355600000000000023e+02,1.003846778403486573e+00
2.360800000000000125e+02,1.003845877458400260e+00
2.365999999999999943e+02,1.003844981142860027e+00
2.371200000000000045e+02,1.003844096576389511e+00
2.376399999999999864e+02,1.003843213788519373e+00
2.381599999999999966e+02,1.003842355822049726e+00
2.386799999999999784e+02,1.003841482456054868e+00
2.392000000000000171e+02,1.003840616236254535e+00
2.397200000000000273e+02,1.003839773470259544e+00
2.402400000000000091e+02,1.003838917852985180e+00
2.407599999999999909e+02,1.003838065516060807e+00
2.412800000000000011e+02,1.003837237689331863e+00
2.418000000000000114e+02,1.003836396305097578e+00
2.423199999999999932e+02,1.003835559350699347e+00
2.428399999999999750e+02,1.003834747719444476e+00
2.433599999999999852e+02,1.003833921870715740e+00
2.438800000000000239e+02,1.003833102830006929e+00
2.444000000000000057e+02,1.003832306897133986e+00
2.449200000000000159e+02,1.003836100552515154e+00
2.454399999999999977e+02,1.003840526486311946e+00
2.459600000000000080e+02,1.003839956752673679e+00
2.464799999999999898e+02,1.003839160161510868e+00
2.470000000000000000e+02,1.003838370599067220e+00
2.475199999999999818e+02,1.003837601146904790e+00
2.480399999999999920e+02,1.003836822967337561e+00
2.485600000000000023e+02,1.003836044916224246e+00
2.490800000000000125e+02,1.003835294375656995e+00
2.496000000000000227e+02,1.003834525762759888e+00
2.501200000000000045e+02,1.003833766093122692e+00
2.506399999999999864e+02,1.003833027119225729e+00
2.511599999999999966e+02,1.003832275865728763e+00
2.516800000000000068e+02,1.003831527163376869e+00
2.521999999999999886e+02,1.003830783447829944e+00
2.527199999999999704e+02,1.003830062856458261e+00
2.532400000000000091e+02,1.003829330484436566e+00
2.537600000000000193e+02,1.003828602669155412e+00
2.542800000000000011e+02,1.003827899463804130e+00
2.548000000000000114e+02,1.003827180212048198e+00
2.553199999999999932e+02,1.003826463379026368e+00
2.558400000000000034e+02,1.003825772085271240e+00
2.563600000000000136e+02,1.003825066566555790e+00
2.568799999999999955e+02,1.003824365643729566e+00
2.573999999999999773e+02,1.003823686377993907e+00
2.579200000000000159e+02,1.003822996523238142e+00
2.584399999999999977e+02,1.003822309040028671e+00
2.589600000000000364e+02,1.003821645160312581e+00
2.594800000000000182e+02,1.003820963188083004e+00
2.600000000000000000e+02,1.003820290618563371e+00
2.605199999999999818e+02,1.003819619174353139e+00
2.610399999999999636e+02,1.003818974706233380e+00
2.615600000000000023e+02,1.003818311648043249e+00
2.620799999999999841e+02,1.003817634961049254e+00
2.626000000000000227e+02,1.003816999570929402e+00
2.631200000000000045e+02,1.003816352383935406e+00
2.636399999999999864e+02,1.003815706737340996e+00
2.641600000000000250e+02,1.003815086217366925e+00
2.646800000000000068e+02,1.003814450070772635e+00
2.651999999999999886e+02,1.003813820961778847e+00
2.657199999999999704e+02,1.003810577525380276e+00
2.662400000000000091e+02,1.003804720545806051e+00
2.667599999999999909e+02,1.003801923795427653e+00
2.672800000000000296e+02,1.003801308087049371e+00
2.678000000000000114e+02,1.003800716375670810e+00
2.683199999999999932e+02,1.003800108678622793e+00
2.688400000000000318e+02,1.003799506328244107e+00
2.693600000000000136e+02,1.003798925988411694e+00
2.698799999999999955e+02,1.003798331858033244e+00
2.703999999999999773e+02,1.003797740457200494e+00
2.709199999999999591e+02,1.003797174618418220e+00
2.714399999999999977e+02,1.003796591217585688e+00
2.719600000000000364e+02,1.003796014316752805e+00
2.724800000000000182e+02,1.003795439011660351e+00
2.730000000000000000e+02,1.003794887710827588e+00
2.735199999999999818e+02,1.003794317721590890e+00
2.740400000000000205e+02,1.003793758618373833e+00
2.745600000000000023e+02,1.003793218384211539e+00
2.750799999999999841e+02,1.003792664461994999e+00
2.755999999999999659e+02,1.003792111358777994e+00
2.761200000000000045e+02,1.003791581536211064e+00
2.766399999999999864e+02,1.003791035747449767e+00
2.771600000000000250e+02,1.003790497391902958e+00
2.776800000000000068e+02,1.003789980271211801e+00
2.781999999999999886e+02,1.003789447262685375e+00
2.787200000000000273e+02,1.003788918108663664e+00
2.792400000000000091e+02,1.003788412198042934e+00
2.797599999999999909e+02,1.003787891044022107e+00
2.802799999999999727e+02,1.003787374418021017e+00
2.807999999999999545e+02,1.003786861146525489e+00
2.813199999999999932e+02,1.003786368660924300e+00
2.818400000000000318e+02,1.003785861264469226e+00
2.823600000000000136e+02,1.003785354677467767e+00
2.828799999999999955e+02,1.003784875063062687e+00
2.833999999999999773e+02,1.003784379859637310e+00
2.839200000000000159e+02,1.003783887002182462e+00
2.844399999999999977e+02,1.003783413426776683e+00
2.849599999999999795e+02,1.003777849312847525e+00
2.854799999999999613e+02,1.003772401176442175e+00
2.860000000000000000e+02,1.003771922230582536e+00
2.865199999999999818e+02,1.003771461722197333e+00
2.870400000000000205e+02,1.003770993304007542e+00
2.875600000000000023e+02,1.003770524897148242e+00
2.880799999999999841e+02,1.003770078051288595e+00
2.886000000000000227e+02,1.003769613700118857e+00
2.891200000000000045e+02,1.003769155828765580e+00
2.896399999999999864e+02,1.003768718521905523e+00
2.901599999999999682e+02,1.003768268553262066e+00
2.906800000000000068e+02,1.003767820032422708e+00
2.911999999999999886e+02,1.003767373092848691e+00
2.917200000000000273e+02,1.003766947707514845e+00
2.922400000000000091e+02,1.003766508738870966e+00
2.927599999999999909e+02,1.003766051129627579e+00
2.932799999999999727e+02,1.003765638799983373e+00
2.938000000000000114e+02,1.003765210742935787e+00
2.943199999999999932e+02,1.003764785171642027e+00
2.948400000000000318e+02,1.003764381725574362e+00
2.953600000000000136e+02,1.003763961554545947e+00
2.958799999999999955e+02,1.003763544510922090e+00
2.963999999999999773e+02,1.003763148565204100e+00
2.969200000000000159e+02,1.003762737433175900e+00
2.974399999999999977e+02,1.003762328144673921e+00
2.979599999999999795e+02,1.003761944112645965e+00
2.984800000000000182e+02,1.003761542480617885e+00
2.990000000000000000e+02,1.003761145731115745e+00
2.995200000000000387e+02,1.003760081099087875e+00
3.000400000000000205e+02,1.003754473077605569e+00
3.005600000000000023e+02,1.003749935667103799e+00
3.010799999999999841e+02,1.003749552445270865e+00
3.016000000000000227e+02,1.003749188834768491e+00
3.021200000000000045e+02,1.003748808642356716e+00
3.026399999999999864e+02,1.003748429622400185e+00
3.031599999999999682e+02,1.003748054478917684e+00
3.036800000000000068e+02,1.003747701115701441e+00
3.042000000000000455e+02,1.003747330944199101e+00
3.047200000000000273e+02,1.003746963520332880e+00
3.052400000000000091e+02,1.003746618348046127e+00
3.057599999999999909e+02,1.003746257896159566e+00
3.062799999999999727e+02,1.003745901970893639e+00
3.068000000000000114e+02,1.003745565839006648e+00
3.073199999999999932e+02,1.003745212453790447e+00
3.078399999999999750e+02,1.003744862383379788e+00
3.083600000000000136e+02,1.003744533165183306e+00
3.088799999999999955e+02,1.003744189151512645e+00
3.094000000000000341e+02,1.003743846277625806e+00
3.099200000000000159e+02,1.003743528402955443e+00
3.104399999999999977e+02,1.003743193928284816e+00
3.109599999999999795e+02,1.003742860925943781e+00
3.114800000000000182e+02,1.003742528990273053e+00
3.120000000000000000e+02,1.003742218806148445e+00
3.125199999999999818e+02,1.003741889370477702e+00
3.130399999999999636e+02,1.003741568001826900e+00
3.135600000000000023e+02,1.003741266356702022e+00
3.140800000000000409e+02,1.003740950293626977e+00
3.146000000000000227e+02,1.003740634369286511e+00
3.151200000000000045e+02,1.003740340263161279e+00
3.156399999999999864e+02,1.003740028641796345e+00
3.161599999999999682e+02,1.003739720088651755e+00
3.166800000000000068e+02,1.003739433050596652e+00
3.171999999999999886e+02,1.003739130716017725e+00
3.177199999999999704e+02,1.003738829730942417e+00
3.182400000000000091e+02,1.003738551691837788e+00
3.187599999999999909e+02,1.003738256936308693e+00
3.192800000000000296e+02,1.003737965197469162e+00
3.198000000000000114e+02,1.003737693669344289e+00
3.203199999999999363e+02,1.003737404441835235e+00
3.208400000000000318e+02,1.003737118714325804e+00
3.213600000000000136e+02,1.003736834986467041e+00
3.218799999999999955e+02,1.003736571858957927e+00
3.224000000000000341e+02,1.003736291012574222e+00
3.229200000000000159e+02,1.003736014171085378e+00
3.234399999999999977e+02,1.003735757043225707e+00
3.239600000000000364e+02,1.003735486237242736e+00
3.244800000000000182e+02,1.003735215452493446e+00
3.250000000000000000e+02,1.003734969207509931e+00
3.255199999999999818e+02,1.003734704276216583e+00
3.260399999999999636e+02,1.003734441970233204e+00
3.265600000000000023e+02,1.003734199138939687e+00
3.270799999999999841e+02,1.003733938860626562e+00
3.275999999999999659e+02,1.003733527669733006e+00
3.281200000000000045e+02,1.003732757881965476e+00
3.286399999999999864e+02,1.003732370970672028e+00
3.291599999999999682e+02,1.003732656750974783e+00
3.296800000000000637e+02,1.003732673331011016e+00
3.302000000000000455e+02,1.003732446411313539e+00
3.307200000000000273e+02,1.003732468986039850e+00
3.312400000000000091e+02,1.003732763305342557e+00
3.317599999999999909e+02,1.003732733885644768e+00
3.322800000000000296e+02,1.003732514503897111e+00
3.328000000000000114e+02,1.003732641923199553e+00
3.333199999999999932e+02,1.003732925025027534e+00
3.338400000000000318e+02,1.003733228843280090e+00
3.343600000000000136e+02,1.003733533545108081e+00
3.348799999999999955e+02,1.003733822678450682e+00
3.353999999999999773e+02,1.003734132908298937e+00
3.359199999999999591e+02,1.003733965266601080e+00
3.364399999999999977e+02,1.003733741110139244e+00
3.369599999999999795e+02,1.003734038739987122e+00
3.374799999999999613e+02,1.003734356827835184e+00
3.380000000000000000e+02,1.003734677096683736e+00
3.385199999999999818e+02,1.003735055512551932e+00
3.390400000000000205e+02,1.003735894856090161e+00
3.395600000000000591e+02,1.003736619579444156e+00
3.400800000000000409e+02,1.003736945722981888e+00
3.406000000000000227e+02,1.003737272906920275e+00
3.411200000000000045e+02,1.003737584958294127e+00
3.416399999999999864e+02,1.003737917484357922e+00
3.421600000000000250e+02,1.003738251639226142e+00
3.426800000000000068e+02,1.003738815894360092e+00
3.431999999999999886e+02,1.003739668631754123e+00
3.437200000000000273e+02,1.003740236925887874e+00
3.442400000000000091e+02,1.003740579463281657e+00
3.447599999999999909e+02,1.003741228657415663e+00
3.452799999999999727e+02,1.003742089266005388e+00
3.457999999999999545e+02,1.003742607760488958e+00
3.463199999999999932e+02,1.003742955711573126e+00
3.468399999999999750e+02,1.003743687149232677e+00
3.473599999999999568e+02,1.003744552954696667e+00
3.478799999999999955e+02,1.003745423130306236e+00
3.484000000000000341e+02,1.003746294653986126e+00
3.489200000000000159e+02,1.003746688869645576e+00
3.494400000000000546e+02,1.003747044693675372e+00
3.499600000000000364e+02,1.003747920909335178e+00
3.504800000000000182e+02,1.003748798000034803e+00
3.510000000000000000e+02,1.003749677215694192e+00
3.515199999999999818e+02,1.003750556777323943e+00
3.520400000000000205e+02,1.003751439340003992e+00
3.525600000000000023e+02,1.003752321956279392e+00
3.530799999999999841e+02,1.003753209557958437e+00
3.536000000000000227e+02,1.003754250331184261e+00
3.541200000000000045e+02,1.003755672718389613e+00
3.546399999999999864e+02,1.003756886059069542e+00
3.551599999999999682e+02,1.003757779532294947e+00
3.556799999999999500e+02,1.003758672505520089e+00
3.561999999999999886e+02,1.003759565507815754e+00
3.567199999999999704e+02,1.003760747519691243e+00
3.572399999999999523e+02,1.003762161731916791e+00
3.577600000000000477e+02,1.003763271373212085e+00
3.582800000000000296e+02,1.003764172728963455e+00
3.588000000000000114e+02,1.003765438168858992e+00
3.593200000000000500e+02,1.003766858600700029e+00
3.598400000000000318e+02,1.003767895851925385e+00
3.603600000000000136e+02,1.003768799803416822e+00
3.608799999999999955e+02,1.003770146962661869e+00
3.613999999999999773e+02,1.003771572086483044e+00
3.619200000000000159e+02,1.003772998776974568e+00
3.624399999999999977e+02,1.003774445818745642e+00
3.629599999999999795e+02,1.003775875970237319e+00
3.634800000000000182e+02,1.003777287380077876e+00
3.640000000000000000e+02,1.003778204330519452e+00
3.645199999999999818e+02,1.003779198540360351e+00
3.650399999999999636e+02,1.003780631230851927e+00
3.655599999999999454e+02,1.003782199284218857e+00
3.660799999999999841e+02,1.003784172149750020e+00
3.665999999999999659e+02,1.003785974066026654e+00
3.671200000000000045e+02,1.003787434203538442e+00
3.676400000000000432e+02,1.003788875651595136e+00
3.681600000000000250e+02,1.003790336643962000e+00
3.686800000000000068e+02,1.003791779563998787e+00
3.692000000000000455e+02,1.003793226512055936e+00
3.697200000000000273e+02,1.003794958741547116e+00
3.702400000000000091e+02,1.003796940491004319e+00
3.707599999999999909e+02,1.003798598893567151e+00
3.712799999999999727e+02,1.003800067480623781e+00
3.718000000000000114e+02,1.003801518275700966e+00
3.723199999999999932e+02,1.003802970734738009e+00
3.728399999999999750e+02,1.003804844794390805e+00
3.733600000000000136e+02,1.003806834120447578e+00
3.738799999999999955e+02,1.003808825723010223e+00
3.743999999999999773e+02,1.003810799229417405e+00
3.749199999999999591e+02,1.003812291928070088e+00
3.754399999999999409e+02,1.003813749769632890e+00
3.759599999999999795e+02,1.003815744815305555e+00
3.764800000000000182e+02,1.003817739512558260e+00
3.770000000000000000e+02,1.003819739711210968e+00
3.775200000000000387e+02,1.003821721127813982e+00
3.780400000000000205e+02,1.003823718826466482e+00
3.785600000000000023e+02,1.003825717382069271e+00
3.790800000000000409e+02,1.003827720091702291e+00
3.796000000000000227e+02,1.003829724108304511e+00
3.801200000000000045e+02,1.003831710936503363e+00
3.806399999999999864e+02,1.003833716701826084e+00
3.811599999999999682e+02,1.003835722630024518e+00
3.816800000000000068e+02,1.003837729752647290e+00
3.821999999999999886e+02,1.003839738680845528e+00
3.827199999999999704e+02,1.003841728228694441e+00
3.832400000000000091e+02,1.003843736313366986e+00
3.837599999999999909e+02,1.003845747780565567e+00
3.842799999999999727e+02,1.003847762246364184e+00
3.847999999999999545e+02,1.003849757113562280e+00
3.853199999999999363e+02,1.003851771175450880e+00
3.858400000000000318e+02,1.003854186742649368e+00
3.863600000000000136e+02,1.003856716753374068e+00
3.868799999999999955e+02,1.003858811187242406e+00
3.874000000000000341e+02,1.003860830221460887e+00
3.879200000000000159e+02,1.003862850059855205e+00
3.884399999999999977e+02,1.003864869970163554e+00
3.889600000000000364e+02,1.003867407547557988e+00
3.894800000000000182e+02,1.003869907120426896e+00
3.900000000000000000e+02,1.003871929498170834e+00
3.905199999999999818e+02,1.003874028622585124e+00
3.910399999999999636e+02,1.003876569424873910e+00
3.915600000000000023e+02,1.003878995788287876e+00
3.920799999999999841e+02,1.003881004632701801e+00
3.925999999999999659e+02,1.003883203882426356e+00
3.931200000000000045e+02,1.003885747941930973e+00
3.936399999999999864e+02,1.003888291586344961e+00
3.941599999999999682e+02,1.003890838078829173e+00
3.946800000000000637e+02,1.003893155339099508e+00
3.952000000000000455e+02,1.003895167069533745e+00
3.957200000000000273e+02,1.003897484901018045e+00
3.962400000000000091e+02,1.003900033888958099e+00
3.967599999999999909e+02,1.003902584448462143e+00
3.972800000000000296e+02,1.003905136323472336e+00
3.978000000000000114e+02,1.003907706953906631e+00
3.983199999999999932e+02,1.003910258521246712e+00
3.988400000000000318e+02,1.003912411295206475e+00
3.993600000000000136e+02,1.003914430898236843e+00
3.998799999999999955e+02,1.003916928040266443e+00
4.003999999999999773e+02,1.003919482609700653e+00
4.009199999999999591e+02,1.003922039051731385e+00
4.014399999999999977e+02,1.003924596465741059e+00
4.019599999999999795e+02,1.003927153751297263e+00
4.024799999999999613e+02,1.003929711193327412e+00
4.030000000000000000e+02,1.003932289706287229e+00
4.035199999999999818e+02,1.003934849675987007e+00
4.040400000000000205e+02,1.003937410028562738e+00
4.045600000000000591e+02,1.003939836309593270e+00
4.050800000000000409e+02,1.003941883898642917e+00
4.056000000000000227e+02,1.003944102923199022e+00
4.061200000000000045e+02,1.003946665747754485e+00
4.066399999999999864e+02,1.003949228756454426e+00
4.071600000000000250e+02,1.003951794428030286e+00
4.076800000000000068e+02,1.003954360319606387e+00
4.081999999999999886e+02,1.003956944744162083e+00
4.087200000000000273e+02,1.003959511138882155e+00
4.092400000000000091e+02,1.003962079463438073e+00
4.097599999999999909e+02,1.003964647731103721e+00
4.102799999999999727e+02,1.003967216122329864e+00
4.107999999999999545e+02,1.003969786176431400e+00
4.113199999999999932e+02,1.003972357068007026e+00
4.118399999999999750e+02,1.003974947406252927e+00
4.123599999999999568e+02,1.003977517798878782e+00
4.128799999999999955e+02,1.003980089447670254e+00
4.134000000000000341e+02,1.003982660658246040e+00
4.139200000000000159e+02,1.003984756492581898e+00
4.144400000000000546e+02,1.003986814499663538e+00
4.149600000000000364e+02,1.003989388677525296e+00
4.154800000000000182e+02,1.003991962427101203e+00
4.160000000000000000e+02,1.003994539075892423e+00
4.165199999999999818e+02,1.003997115351044078e+00
4.170400000000000205e+02,1.003999710756309893e+00
4.175600000000000023e+02,1.004002287417481210e+00
4.180799999999999841e+02,1.004004864066273095e+00
4.186000000000000227e+02,1.004007269383134782e+00
4.191200000000000045e+02,1.004009332305306090e+00
4.196399999999999864e+02,1.004011605393097861e+00
4.201599999999999682e+02,1.004014185109959323e+00
4.206799999999999500e+02,1.004016765642676834e+00
4.211999999999999886e+02,1.004019345802448226e+00
4.217199999999999704e+02,1.004021927366329781e+00
4.222399999999999523e+02,1.004024527683191170e+00
4.227600000000000477e+02,1.004026765925838838e+00
4.232800000000000296e+02,1.004028832414680439e+00
4.238000000000000114e+02,1.004031262714067729e+00
4.243200000000000500e+02,1.004033865416949167e+00
4.248400000000000318e+02,1.004036028777336664e+00
4.253600000000000136e+02,1.004038097619984082e+00
4.258799999999999955e+02,1.004040605822865473e+00
4.263999999999999773e+02,1.004043210022252719e+00
4.269200000000000159e+02,1.004045299521640233e+00
4.274399999999999977e+02,1.004047370307047382e+00
4.279599999999999795e+02,1.004049956406435129e+00
4.284800000000000182e+02,1.004052505191842304e+00
4.290000000000000000e+02,1.004054577091229694e+00
4.295199999999999818e+02,1.004056725276637030e+00
4.300399999999999636e+02,1.004059313415024635e+00
4.305599999999999454e+02,1.004061787261431915e+00
4.310799999999999841e+02,1.004063861390364965e+00
4.315999999999999659e+02,1.004065915757822447e+00
4.321200000000000045e+02,1.004067989582229758e+00
4.326400000000000432e+02,1.004070042239182836e+00
4.331600000000000250e+02,1.004072116677569904e+00
4.336800000000000068e+02,1.004074173245503410e+00
4.342000000000000455e+02,1.004076248558580575e+00
4.347200000000000273e+02,1.004078611255583287e+00
4.352400000000000091e+02,1.004081203112537013e+00
4.357599999999999909e+02,1.004083470089924157e+00
4.362799999999999727e+02,1.004085547286927449e+00
4.368000000000000114e+02,1.004087243010550079e+00
4.373199999999999932e+02,1.004088804978483518e+00
4.378399999999999750e+02,1.004090768614486651e+00
4.383600000000000136e+02,1.004092846810439754e+00
4.388799999999999955e+02,1.004094905935112969e+00
4.393999999999999773e+02,1.004096984642046220e+00
4.399199999999999591e+02,1.004099063837998740e+00
4.404399999999999409e+02,1.004101124001671952e+00
4.409599999999999795e+02,1.004102688383645470e+00
4.414800000000000182e+02,1.004104290619648454e+00
4.420000000000000000e+02,1.004106352086797438e+00
4.425200000000000387e+02,1.004108337322800804e+00
4.430400000000000205e+02,1.004109901925823500e+00
4.435600000000000023e+02,1.004111582250972079e+00
4.440800000000000409e+02,1.004113663514995647e+00
4.446000000000000227e+02,1.004115573289214636e+00
4.451200000000000045e+02,1.004117120539673502e+00
4.456399999999999864e+02,1.004118687017386380e+00
4.461599999999999682e+02,1.004120234796915145e+00
4.466800000000000068e+02,1.004121782989084055e+00
4.471999999999999886e+02,1.004123349935632792e+00
4.477199999999999704e+02,1.004124897438306352e+00
4.482400000000000091e+02,1.004126465731875140e+00
4.487599999999999909e+02,1.004128014077023900e+00
4.492799999999999727e+02,1.004129582398262999e+00
4.497999999999999545e+02,1.004131131216791761e+00
4.503199999999999363e+02,1.004132680977030567e+00
4.508400000000000318e+02,1.004134249270599577e+00
4.513600000000000136e+02,1.004135799027344289e+00
4.518799999999999955e+02,1.004137368348583248e+00
4.524000000000000341e+02,1.004138918053131713e+00
4.529200000000000159e+02,1.004139990466350829e+00
4.534399999999999977e+02,1.004141025870115334e+00
4.539600000000000364e+02,1.004142595230354429e+00
4.544800000000000182e+02,1.004144088315902961e+00
4.550000000000000000e+02,1.004145123719668131e+00
4.555199999999999818e+02,1.004146158779906539e+00
4.560399999999999636e+02,1.004147194683671529e+00
4.565600000000000023e+02,1.004148230098765859e+00
4.570799999999999841e+02,1.004149285259005042e+00
4.575999999999999659e+02,1.004150493101769515e+00
4.581200000000000045e+02,1.004152044358514351e+00
4.586399999999999864e+02,1.004153175801278941e+00
4.591599999999999682e+02,1.004153696573113264e+00
4.596800000000000637e+02,1.004154465272352637e+00
4.602000000000000455e+02,1.004155501687447050e+00
4.607200000000000273e+02,1.004156538477231742e+00
4.612400000000000091e+02,1.004157575449066364e+00
4.617599999999999909e+02,1.004158611919850674e+00
4.622800000000000296e+02,1.004159648706141272e+00
4.628000000000000114e+02,1.004160303716976177e+00
4.633199999999999932e+02,1.004160824959740683e+00
4.638400000000000318e+02,1.004161766441505010e+00
4.643600000000000136e+02,1.004162802980360203e+00
4.648799999999999955e+02,1.004163382213670408e+00
4.653999999999999773e+02,1.004163884395435247e+00
4.659199999999999591e+02,1.004164406049795399e+00
4.664399999999999977e+02,1.004164927706600041e+00
4.669599999999999795e+02,1.004165430260960834e+00
4.674799999999999613e+02,1.004165952070394940e+00
4.680000000000000000e+02,1.004166474099795314e+00
4.685199999999999818e+02,1.004166995381560179e+00
4.690400000000000205e+02,1.004167497974920664e+00
4.695600000000000591e+02,1.004167886275251220e+00
4.700800000000000409e+02,1.004167872825086016e+00
4.706000000000000227e+02,1.004168051054486144e+00
4.711200000000000045e+02,1.004168553646446416e+00
4.716399999999999864e+02,1.004169075686827117e+00
4.721600000000000250e+02,1.004169597340137443e+00
4.726800000000000068e+02,1.004169851480517739e+00
4.731999999999999886e+02,1.004169838401898662e+00
4.737200000000000273e+02,1.004169825140878602e+00
4.742400000000000091e+02,1.004169831548279213e+00
4.747599999999999909e+02,1.004169817941639620e+00
4.752799999999999727e+02,1.004169804737710114e+00
4.757999999999999545e+02,1.004169810920566119e+00
4.763199999999999932e+02,1.004169797852926482e+00
4.768399999999999750e+02,1.004169784148996936e+00
4.773599999999999568e+02,1.004169790028377252e+00
4.778799999999999955e+02,1.004169776679303627e+00
4.784000000000000341e+02,1.004169763475374122e+00
4.789200000000000159e+02,1.004169768322190182e+00
4.794400000000000546e+02,1.004169735557260523e+00
4.799600000000000364e+02,1.004169206508186640e+00
4.804800000000000182e+02,1.004168733887567333e+00
4.810000000000000000e+02,1.004168720066163312e+00
4.815199999999999818e+02,1.004168610717089738e+00
4.820400000000000205e+02,1.004168080352160430e+00
4.825600000000000023e+02,1.004167550814066168e+00
4.830799999999999841e+02,1.004167020792662290e+00
4.836000000000000227e+02,1.004166490782588461e+00
4.841200000000000045e+02,1.004165960417658932e+00
4.846399999999999864e+02,1.004165429907585061e+00
4.851599999999999682e+02,1.004164898858161292e+00
4.856799999999999500e+02,1.004164368348087644e+00
4.861999999999999886e+02,1.004163837365683820e+00
4.867199999999999704e+02,1.004163306883280260e+00
4.872399999999999523e+02,1.004162775749296355e+00
4.877600000000000477e+02,1.004161900466892243e+00
4.882800000000000296e+02,1.004160834000344282e+00
4.888000000000000114e+02,1.004160168817940457e+00
4.893200000000000500e+02,1.004159636874536909e+00
4.898400000000000318e+02,1.004158685040552834e+00
4.903600000000000136e+02,1.004157618073654668e+00
4.908799999999999955e+02,1.004156569430251000e+00
4.913999999999999773e+02,1.004155521567196896e+00
4.919200000000000159e+02,1.004154950824409198e+00
4.924399999999999977e+02,1.004154398281005056e+00
4.929599999999999795e+02,1.004153349789147498e+00
4.934800000000000182e+02,1.004152300618073479e+00
4.940000000000000000e+02,1.004151232594285403e+00
4.945199999999999818e+02,1.004150068194407330e+00
4.950399999999999636e+02,1.004148502380073582e+00
4.955599999999999454e+02,1.004147051299545623e+00
4.960799999999999841e+02,1.004146000999667221e+00
4.965999999999999659e+02,1.004144931671353769e+00
4.971200000000000045e+02,1.004143881218495515e+00
4.976400000000000432e+02,1.004142600775707495e+00
4.981600000000000250e+02,1.004141015061849496e+00
4.986800000000000068e+02,1.004139695863371484e+00
4.992000000000000455e+02,1.004138644449513285e+00
4.997200000000000273e+02,1.004137267825725655e+00
5.002400000000000091e+02,1.004135698892867357e+00
5.007599999999999909e+02,1.004134111708079313e+00
5.012799999999999727e+02,1.004132524494220968e+00
5.018000000000000114e+02,1.004130935990433127e+00
5.023199999999999932e+02,1.004129347737575229e+00
5.028399999999999750e+02,1.004128198391786908e+00
5.033600000000000136e+02,1.004127125750524652e+00
5.038799999999999955e+02,1.004125134617666726e+00
5.043999999999999773e+02,1.004123029732878924e+00
5.049199999999999591e+02,1.004121420476110638e+00
5.054399999999999409e+02,1.004119849244778484e+00
5.059599999999999795e+02,1.004118258559990373e+00
5.064800000000000182e+02,1.004116668285748082e+00
5.070000000000000000e+02,1.004115076571890031e+00
5.075200000000000387e+02,1.004113389769627718e+00
5.080400000000000205e+02,1.004111281065839911e+00
5.085600000000000023e+02,1.004109306763577569e+00
5.090800000000000409e+02,1.004107713616739339e+00
5.096000000000000227e+02,1.004105948914477242e+00
5.101200000000000045e+02,1.004103839467904713e+00
5.106399999999999864e+02,1.004101940069136667e+00
5.111599999999999682e+02,1.004100364894894515e+00
5.116800000000000068e+02,1.004098480692632078e+00
5.122000000000000455e+02,1.004096369689319701e+00
5.127200000000000273e+02,1.004094258687057595e+00
5.132400000000000091e+02,1.004092147251815170e+00
5.137599999999999909e+02,1.004090015361717381e+00
5.142799999999999727e+02,1.004087902898455287e+00
5.147999999999999545e+02,1.004085789771232973e+00
5.153199999999999363e+02,1.004083676307970352e+00
5.158400000000000318e+02,1.004081562361398117e+00
5.163600000000000136e+02,1.004079448269681540e+00
5.168799999999999955e+02,1.004077313706419394e+00
5.173999999999999773e+02,1.004075199118197537e+00
5.179200000000000728e+02,1.004073082671624872e+00
5.184400000000000546e+02,1.004070966208362670e+00
5.189600000000000364e+02,1.004068849620140425e+00
5.194800000000000182e+02,1.004066733056093730e+00
5.200000000000000000e+02,1.004064594559851420e+00
5.205199999999999818e+02,1.004062379943609251e+00
5.210399999999999636e+02,1.004059726079562731e+00
5.215599999999999454e+02,1.004057225020410504e+00
5.220799999999999272e+02,1.004055105967693873e+00
5.226000000000000227e+02,1.004052986379121881e+00
5.231200000000000045e+02,1.004050864826405265e+00
5.236399999999999864e+02,1.004048513565852785e+00
5.241599999999999682e+02,1.004045857213136328e+00
5.246800000000000637e+02,1.004043487353984077e+00
5.252000000000000455e+02,1.004041365800917518e+00
5.257200000000000273e+02,1.004038918395220970e+00
5.262400000000000091e+02,1.004036277826648726e+00
5.267599999999999909e+02,1.004033961650022455e+00
5.272799999999999727e+02,1.004031835085975821e+00
5.277999999999999545e+02,1.004029326419279222e+00
5.283200000000000500e+02,1.004026664597727159e+00
5.288400000000000318e+02,1.004024021874080352e+00
5.293600000000000136e+02,1.004021360896054205e+00
5.298799999999999955e+02,1.004019174890357524e+00
5.303999999999999773e+02,1.004017045394381080e+00
5.309199999999999591e+02,1.004014398527684371e+00
5.314399999999999409e+02,1.004011751149658016e+00
5.319600000000000364e+02,1.004009086739701351e+00
5.324800000000000182e+02,1.004006441834005336e+00
5.330000000000000000e+02,1.004003772577028553e+00
5.335199999999999818e+02,1.004001218171332033e+00
5.340400000000000773e+02,1.003999083904901335e+00
5.345600000000000591e+02,1.003996796965874738e+00
5.350800000000000409e+02,1.003994146599177961e+00
5.356000000000000227e+02,1.003991477150221634e+00
5.361200000000000045e+02,1.003988824307700867e+00
5.366399999999999864e+02,1.003986151870074117e+00
5.371599999999999682e+02,1.003983496531047681e+00
5.376800000000000637e+02,1.003980822464617173e+00
5.382000000000000455e+02,1.003978167194010895e+00
5.387200000000000273e+02,1.003975493254984475e+00
5.392400000000000091e+02,1.003972819188553522e+00
5.397599999999999909e+02,1.003970506121857120e+00
5.402799999999999727e+02,1.003968364394426382e+00
5.407999999999999545e+02,1.003965838755399576e+00
5.413199999999999363e+02,1.003963159255988558e+00
5.418399999999999181e+02,1.003960480161887991e+00
5.423600000000000136e+02,1.003957820208881691e+00
5.428799999999999955e+02,1.003955139142450825e+00
5.434000000000000909e+02,1.003952476243039849e+00
5.439200000000000728e+02,1.003949791843013806e+00
5.444400000000000546e+02,1.003947126348912811e+00
5.449600000000000364e+02,1.003944442321482056e+00
5.454800000000000182e+02,1.003941776922071316e+00
5.460000000000000000e+02,1.003939090212590646e+00
5.465199999999999818e+02,1.003936421941634016e+00
5.470399999999999636e+02,1.003933734942223266e+00
5.475599999999999454e+02,1.003931199687122522e+00
5.480800000000000409e+02,1.003929042777641722e+00
5.486000000000000227e+02,1.003926695117230761e+00
5.491200000000000045e+02,1.003924024189800424e+00
5.496399999999999864e+02,1.003921333509389502e+00
5.501599999999999682e+02,1.003918657648978918e+00
5.506799999999999500e+02,1.003915963092478103e+00
5.511999999999999318e+02,1.003913287883613448e+00
5.517200000000000273e+02,1.003910897495182475e+00
5.522400000000000091e+02,1.003908734806751690e+00
5.527599999999999909e+02,1.003906227154360842e+00
5.532799999999999727e+02,1.003903527165930232e+00
5.538000000000000682e+02,1.003900846996065521e+00
5.543200000000000500e+02,1.003898146968634775e+00
5.548400000000000318e+02,1.003895884655243931e+00
5.553600000000000136e+02,1.003893717281268749e+00
5.558799999999999955e+02,1.003891070467877844e+00
5.563999999999999773e+02,1.003888364979447667e+00
5.569199999999999591e+02,1.003885679309582279e+00
5.574400000000000546e+02,1.003883012521151530e+00
5.579600000000000364e+02,1.003880838051286473e+00
5.584800000000000182e+02,1.003878585962855619e+00
5.590000000000000000e+02,1.003875876231990816e+00
5.595199999999999818e+02,1.003873299347669779e+00
5.600399999999999636e+02,1.003871121502764918e+00
5.605599999999999454e+02,1.003868771671900362e+00
5.610799999999999272e+02,1.003866074783469120e+00
5.615999999999999091e+02,1.003863551052604608e+00
5.621200000000000045e+02,1.003861370610409587e+00
5.626399999999999864e+02,1.003859188807998626e+00
5.631600000000000819e+02,1.003857002991114022e+00
5.636800000000000637e+02,1.003854550160248715e+00
5.642000000000000455e+02,1.003851829901363901e+00
5.647200000000000273e+02,1.003849432170023315e+00
5.652400000000000091e+02,1.003847244266827810e+00
5.657599999999999909e+02,1.003845054807943171e+00
5.662799999999999727e+02,1.003842845277078011e+00
5.667999999999999545e+02,1.003840652846213377e+00
5.673199999999999363e+02,1.003838459540308259e+00
5.678400000000000318e+02,1.003836264166183101e+00
5.683600000000000136e+02,1.003834068735318663e+00
5.688799999999999955e+02,1.003831870804453130e+00
5.693999999999999773e+02,1.003829653284568080e+00
5.699199999999999591e+02,1.003827454410443076e+00
5.704399999999999409e+02,1.003825255979578168e+00
5.709599999999999227e+02,1.003823053048713110e+00
5.714800000000000182e+02,1.003820849529444281e+00
5.720000000000000000e+02,1.003818643098228991e+00
5.725199999999999818e+02,1.003816532706364173e+00
5.730399999999999636e+02,1.003814861104568967e+00
5.735600000000000591e+02,1.003813016983899686e+00
5.740800000000000409e+02,1.003810805553035257e+00
5.746000000000000227e+02,1.003808575090239907e+00
5.751200000000000045e+02,1.003806363726045037e+00
5.756399999999999864e+02,1.003804379849685624e+00
5.761599999999999682e+02,1.003802698247890701e+00
5.766799999999999500e+02,1.003800710927221118e+00
5.772000000000000455e+02,1.003798494064426672e+00
5.777200000000000273e+02,1.003796600243757275e+00
5.782400000000000091e+02,1.003794894051892594e+00
5.787599999999999909e+02,1.003793186732623299e+00
5.792799999999999727e+02,1.003791477568428236e+00
5.797999999999999545e+02,1.003789387596179195e+00
5.803199999999999363e+02,1.003787163231984136e+00
5.808400000000000318e+02,1.003785355451715100e+00
5.813600000000000136e+02,1.003783641259849757e+00
5.818799999999999955e+02,1.003781944568250761e+00
5.823999999999999773e+02,1.003780228605931635e+00
5.829200000000000728e+02,1.003778510314332184e+00
5.834400000000000546e+02,1.003776791122467094e+00
5.839600000000000364e+02,1.003775069369868156e+00
5.844800000000000182e+02,1.003773367497618807e+00
5.850000000000000000e+02,1.003771640715950042e+00
5.855199999999999818e+02,1.003770028192154662e+00
5.860399999999999636e+02,1.003768836518505791e+00
5.865599999999999454e+02,1.003767471638236097e+00
5.870799999999999272e+02,1.003765739885636998e+00
5.876000000000000227e+02,1.003764026484317951e+00
5.881200000000000045e+02,1.003762292231718645e+00
5.886399999999999864e+02,1.003760786025089224e+00
5.891599999999999682e+02,1.003759584044820352e+00
5.896800000000000637e+02,1.003758094092221054e+00
5.902000000000000455e+02,1.003756354629901981e+00
5.907200000000000273e+02,1.003754937077302678e+00
5.912400000000000091e+02,1.003753726944053515e+00
5.917599999999999909e+02,1.003752496362384505e+00
5.922799999999999727e+02,1.003751283784825254e+00
5.927999999999999545e+02,1.003749668243556048e+00
5.933200000000000500e+02,1.003747918681502593e+00
5.938400000000000318e+02,1.003746605699833205e+00
5.943600000000000136e+02,1.003745369005583976e+00
5.948799999999999955e+02,1.003744147081004678e+00
5.953999999999999773e+02,1.003742924318951291e+00
5.959199999999999591e+02,1.003741679748611837e+00
5.964399999999999409e+02,1.003740454143032590e+00
5.969600000000000364e+02,1.003739207004473721e+00
5.974800000000000182e+02,1.003738055306730548e+00
5.980000000000000000e+02,1.003737337401151120e+00
5.985199999999999818e+02,1.003736505278097768e+00
5.990400000000000773e+02,1.003735250235778809e+00
5.995600000000000591e+02,1.003734013130199276e+00
6.000800000000000409e+02,1.003732753307145620e+00
6.006000000000000227e+02,1.003731701921566577e+00
6.011200000000000045e+02,1.003730974370843132e+00
6.016399999999999864e+02,1.003730016304263950e+00
6.021599999999999682e+02,1.003728750662210345e+00
6.026800000000000637e+02,1.003727788939156929e+00
6.032000000000000455e+02,1.003727033915837730e+00
6.037200000000000273e+02,1.003726296920804284e+00
6.042400000000000091e+02,1.003725558207205104e+00
6.047599999999999909e+02,1.003724454284151912e+00
6.052799999999999727e+02,1.003723195089118336e+00
6.057999999999999545e+02,1.003722333477395035e+00
6.063199999999999363e+02,1.003721584638835429e+00
6.068399999999999181e+02,1.003720817015782307e+00
6.073600000000000136e+02,1.003720067712728925e+00
6.078799999999999955e+02,1.003719313189675111e+00
6.084000000000000909e+02,1.003718556323095701e+00
6.089200000000000728e+02,1.003717797339392481e+00
6.094400000000000546e+02,1.003717038316338961e+00
6.099600000000000364e+02,1.003716276860305845e+00
6.104800000000000182e+02,1.003715591776252136e+00
6.110000000000000000e+02,1.003715359581218936e+00
6.115199999999999818e+02,1.003714993197165839e+00
6.120399999999999636e+02,1.003714220741132035e+00
6.125599999999999454e+02,1.003713447747148546e+00
6.130800000000000409e+02,1.003712651163444880e+00
6.136000000000000227e+02,1.003712083279391765e+00
6.141200000000000045e+02,1.003711819023358265e+00
6.146399999999999864e+02,1.003711325039304603e+00
6.151599999999999682e+02,1.003710542083271484e+00
6.156799999999999500e+02,1.003710043099217852e+00
6.161999999999999318e+02,1.003709768343184150e+00
6.167200000000000273e+02,1.003709492116221069e+00
6.172400000000000091e+02,1.003709215175693226e+00
6.177599999999999909e+02,1.003708591119659932e+00
6.182799999999999727e+02,1.003707793135606430e+00
6.188000000000000682e+02,1.003707392279572952e+00
6.193200000000000500e+02,1.003707104562539421e+00
6.198400000000000318e+02,1.003706815998101964e+00
6.203600000000000136e+02,1.003706544342068518e+00
6.208799999999999955e+02,1.003706250058014948e+00
6.213999999999999773e+02,1.003705954684507295e+00
6.219199999999999591e+02,1.003705673557544031e+00
6.224400000000000546e+02,1.003705372812490504e+00
6.229600000000000364e+02,1.003705067747002744e+00
6.234800000000000182e+02,1.003704780629969262e+00
6.240000000000000000e+02,1.003704469718511572e+00
6.245199999999999818e+02,1.003704158001478275e+00
6.250399999999999636e+02,1.003703861074990655e+00
6.255599999999999454e+02,1.003703697147677376e+00
6.260799999999999272e+02,1.003703913074169618e+00
6.265999999999999091e+02,1.003703916557135978e+00
6.271200000000000045e+02,1.003703590530648615e+00
6.276399999999999864e+02,1.003703281375665002e+00
6.281600000000000819e+02,1.003702952502157464e+00
6.286800000000000637e+02,1.003702884661213934e+00
6.292000000000000455e+02,1.003703082087706200e+00
6.297200000000000273e+02,1.003702953786178576e+00
6.302400000000000091e+02,1.003702614472905097e+00
6.307599999999999909e+02,1.003702271599397067e+00
6.312799999999999727e+02,1.003701945825889563e+00
6.317999999999999545e+02,1.003701997056925865e+00
6.323199999999999363e+02,1.003702179022418761e+00
6.328400000000000318e+02,1.003702340725000974e+00
6.333600000000000136e+02,1.003702520179163171e+00
6.338799999999999955e+02,1.003702196881745667e+00
6.343999999999999773e+02,1.003701852764712132e+00
6.349199999999999591e+02,1.003702020049204391e+00
6.354399999999999409e+02,1.003702167404766810e+00
6.359599999999999227e+02,1.003702328897928986e+00
6.364800000000000182e+02,1.003702394700511480e+00
6.370000000000000000e+02,1.003702016174023548e+00
6.375199999999999818e+02,1.003701770568585783e+00
6.380399999999999636e+02,1.003701921369768435e+00
6.385600000000000591e+02,1.003702071336310730e+00
6.390800000000000409e+02,1.003702198048822991e+00
6.396000000000000227e+02,1.003702341504385087e+00
6.401200000000000045e+02,1.003702479844567730e+00
6.406399999999998727e+02,1.003702596739130204e+00
6.411599999999999682e+02,1.003702729012642125e+00
6.416800000000000637e+02,1.003702859854224583e+00
6.422000000000000455e+02,1.003702968276456886e+00
6.427200000000000273e+02,1.003703093088969434e+00
6.432400000000000091e+02,1.003703215083531441e+00
6.437599999999999909e+02,1.003703332923713942e+00
6.442799999999999727e+02,1.003703428508821549e+00
6.448000000000000682e+02,1.003703539503384201e+00
6.453199999999999363e+02,1.003703648843566665e+00
6.458400000000000318e+02,1.003703735085148985e+00
6.463599999999999000e+02,1.003703839397661390e+00
6.468799999999999955e+02,1.003703937263419332e+00
6.473999999999999773e+02,1.003704014005001977e+00
6.479200000000000728e+02,1.003704105817514236e+00
6.484399999999999409e+02,1.003704196683272265e+00
6.489600000000000364e+02,1.003704261463854719e+00
6.494799999999999045e+02,1.003704344276366900e+00
6.500000000000000000e+02,1.003704422489144710e+00
6.505200000000000955e+02,1.003704480730727377e+00
6.510399999999999636e+02,1.003704550262889628e+00
6.515600000000000591e+02,1.003704619947997756e+00
6.520799999999999272e+02,1.003704665728579748e+00
6.526000000000000227e+02,1.003704729441358134e+00
6.531200000000000045e+02,1.003704789292870103e+00
6.536400000000001000e+02,1.003705074358628657e+00
6.541599999999999682e+02,1.003705639439210762e+00
6.546800000000000637e+02,1.003705915851988983e+00
6.551999999999999318e+02,1.003705959731520991e+00
6.557200000000000273e+02,1.003706001455629382e+00
6.562400000000000091e+02,1.003706040668407296e+00
6.567599999999999909e+02,1.003706055948989651e+00
6.572799999999999727e+02,1.003706087171697625e+00
6.577999999999999545e+02,1.003706113013280499e+00
6.583199999999999363e+02,1.003706117165058309e+00
6.588400000000000318e+02,1.003706136570166274e+00
6.593600000000001273e+02,1.003706154478418933e+00
6.598799999999999955e+02,1.003706643673456744e+00
6.604000000000000909e+02,1.003707170125234693e+00
6.609199999999999591e+02,1.003707154249342759e+00
6.614400000000000546e+02,1.003707156657595245e+00
6.619600000000000364e+02,1.003707151409723330e+00
6.624800000000000182e+02,1.003707127061501447e+00
6.630000000000000000e+02,1.003707116285609713e+00
6.635199999999999818e+02,1.003707104164791808e+00
6.640399999999999636e+02,1.003707064316569753e+00
6.645600000000000591e+02,1.003707042454717868e+00
6.650799999999999272e+02,1.003707016206496050e+00
6.656000000000000227e+02,1.003706968830604174e+00
6.661199999999998909e+02,1.003706935082382179e+00
6.666399999999999864e+02,1.003707146673510797e+00
6.671599999999999682e+02,1.003707620625288621e+00
6.676800000000000637e+02,1.003707804549396787e+00
6.681999999999999318e+02,1.003707735740174911e+00
6.687200000000000273e+02,1.003707682019972625e+00
6.692400000000000091e+02,1.003707624283080913e+00
6.697599999999999909e+02,1.003707543781878764e+00
6.702800000000000864e+02,1.003707478100677175e+00
6.707999999999999545e+02,1.003707409324785083e+00
6.713200000000000500e+02,1.003707338615563271e+00
6.718399999999999181e+02,1.003707241267691064e+00
6.723600000000000136e+02,1.003707160905489504e+00
6.728799999999999955e+02,1.003707073196268063e+00
6.734000000000000909e+02,1.003706965348395874e+00
6.739199999999999591e+02,1.003706869639173993e+00
6.744400000000000546e+02,1.003706772929951807e+00
6.749599999999999227e+02,1.003706647311626066e+00
6.754800000000000182e+02,1.003706444563404077e+00
6.760000000000000000e+02,1.003705816654181904e+00
6.765199999999999818e+02,1.003705301845309705e+00
6.770399999999999636e+02,1.003705162883108182e+00
6.775599999999999454e+02,1.003705041045432012e+00
6.780800000000000409e+02,1.003704910308539811e+00
6.786000000000000227e+02,1.003704758846338141e+00
6.791200000000001182e+02,1.003704620508661938e+00
6.796399999999999864e+02,1.003704479299439845e+00
6.801600000000000819e+02,1.003704314337588110e+00
6.806799999999999500e+02,1.003703876971892006e+00
6.812000000000000455e+02,1.003703185491740202e+00
6.817200000000000273e+02,1.003702834129888144e+00
6.822400000000000091e+02,1.003702669803192338e+00
6.827599999999999909e+02,1.003702118621990325e+00
6.832799999999999727e+02,1.003701411803314070e+00
6.837999999999999545e+02,1.003701117994441949e+00
6.843200000000000500e+02,1.003700935171240483e+00
6.848399999999999181e+02,1.003700288462634038e+00
6.853600000000000136e+02,1.003699562953412228e+00
6.858799999999998818e+02,1.003699328301756122e+00
6.863999999999999773e+02,1.003699110464864042e+00
6.869199999999999591e+02,1.003698368674207808e+00
6.874400000000000546e+02,1.003697701447511914e+00
6.879600000000000364e+02,1.003697463542399637e+00
6.884800000000000182e+02,1.003697148715703813e+00
6.890000000000000000e+02,1.003696386553851738e+00
6.895199999999999818e+02,1.003695643027155970e+00
6.900400000000000773e+02,1.003694873804569676e+00
6.905599999999999454e+02,1.003694101295347751e+00
6.910800000000000409e+02,1.003693340643691645e+00
6.915999999999999091e+02,1.003692557673469654e+00
6.921200000000000045e+02,1.003691767384213618e+00
6.926399999999999864e+02,1.003690992357517242e+00
6.931600000000000819e+02,1.003690191605861370e+00
6.936799999999999500e+02,1.003689387010679335e+00
6.942000000000000455e+02,1.003688597474053257e+00
6.947199999999999136e+02,1.003687783722397198e+00
6.952400000000000091e+02,1.003686964095700684e+00
6.957599999999999909e+02,1.003686140472848987e+00
6.962799999999999727e+02,1.003685332322242996e+00
6.968000000000000682e+02,1.003684496723566300e+00
6.973199999999999363e+02,1.003683656971910310e+00
6.978400000000000318e+02,1.003682371574284193e+00
6.983600000000000136e+02,1.003681007779102297e+00
6.988800000000001091e+02,1.003680132427446248e+00
6.993999999999999773e+02,1.003679254729820114e+00
6.999200000000000728e+02,1.003677871778163810e+00
7.004399999999999409e+02,1.003676544598487874e+00
7.009600000000000364e+02,1.003675668001211774e+00
7.014800000000000182e+02,1.003674714888555641e+00
7.020000000000000000e+02,1.003673309437949523e+00
7.025199999999999818e+02,1.003671902986293496e+00
7.030399999999999636e+02,1.003670486687617158e+00
7.035599999999999454e+02,1.003669050676011087e+00
7.040800000000000409e+02,1.003667627224354986e+00
7.045999999999999091e+02,1.003666199454748886e+00
7.051200000000000045e+02,1.003664763042092734e+00
7.056399999999998727e+02,1.003663322562416305e+00
7.061599999999999682e+02,1.003661875678830251e+00
7.066800000000000637e+02,1.003660425227174358e+00
7.072000000000000455e+02,1.003658969929548173e+00
7.077200000000000273e+02,1.003657164716891925e+00
7.082400000000000091e+02,1.003655181094306181e+00
7.087599999999999909e+02,1.003653554725175701e+00
7.092799999999999727e+02,1.003652076284499817e+00
7.098000000000000682e+02,1.003650170314893453e+00
7.103199999999999363e+02,1.003648165702237138e+00
7.108400000000000318e+02,1.003646132479650843e+00
7.113599999999999000e+02,1.003644114838974755e+00
7.118799999999999955e+02,1.003642091098914335e+00
7.123999999999999773e+02,1.003640046386258478e+00
7.129200000000000728e+02,1.003638009263672304e+00
7.134399999999999409e+02,1.003635951175976038e+00
7.139600000000000364e+02,1.003633900435915827e+00
7.144799999999999045e+02,1.003631829723259372e+00
7.150000000000000000e+02,1.003629770139673250e+00
7.155200000000000955e+02,1.003627556559213430e+00
7.160399999999999636e+02,1.003624968247606830e+00
7.165600000000000591e+02,1.003622358834950656e+00
7.170799999999999272e+02,1.003619741794890219e+00
7.176000000000000227e+02,1.003617349611304332e+00
7.181200000000000045e+02,1.003615234398648193e+00
7.186400000000001000e+02,1.003612867758587601e+00
7.191599999999999682e+02,1.003610245417911440e+00
7.196800000000000637e+02,1.003607293277851253e+00
7.201999999999999318e+02,1.003604123165195094e+00
7.207200000000000273e+02,1.003601291381609251e+00
7.212400000000000091e+02,1.003598626908218439e+00
7.217599999999999909e+02,1.003595572495562305e+00
7.222799999999999727e+02,1.003592379255502376e+00
7.227999999999999545e+02,1.003589179114825924e+00
7.233199999999999363e+02,1.003585975374765793e+00
7.238400000000000318e+02,1.003582742730179556e+00
7.243600000000001273e+02,1.003579525961049157e+00
7.248799999999999955e+02,1.003576297905133030e+00
7.254000000000000909e+02,1.003573068165072302e+00
7.259199999999999591e+02,1.003569828934941954e+00
7.264400000000000546e+02,1.003566531051355959e+00
7.269600000000000364e+02,1.003562743550295622e+00
7.274800000000000182e+02,1.003558954109619483e+00
7.280000000000000000e+02,1.003555172544249308e+00
7.285199999999999818e+02,1.003551369543189020e+00
7.290399999999999636e+02,1.003547574230532646e+00
7.295600000000000591e+02,1.003543585829472340e+00
7.300799999999999272e+02,1.003539245589411877e+00
7.306000000000000227e+02,1.003534901043425576e+00
7.311199999999998909e+02,1.003530547842365284e+00
7.316399999999999864e+02,1.003526189602305108e+00
7.321599999999999682e+02,1.003521822875669045e+00
7.326800000000000637e+02,1.003517469735608847e+00
7.331999999999999318e+02,1.003513090062218449e+00
7.337200000000000273e+02,1.003508360061157845e+00
7.342400000000000091e+02,1.003503451287501624e+00
7.347599999999999909e+02,1.003498516594461210e+00
7.352800000000000864e+02,1.003493595221070844e+00
7.357999999999999545e+02,1.003488664820010312e+00
7.363200000000000500e+02,1.003483730389880035e+00
7.368399999999999181e+02,1.003478308988819734e+00
7.373600000000000136e+02,1.003472826279923957e+00
7.378799999999999955e+02,1.003467352678863334e+00
7.384000000000000909e+02,1.003461837848732774e+00
7.389199999999999591e+02,1.003455814947672664e+00
7.394400000000000546e+02,1.003449848721302162e+00
7.399599999999999227e+02,1.003444343620241819e+00
7.404800000000000182e+02,1.003438608790111486e+00
7.410000000000000000e+02,1.003432043036071031e+00
7.415199999999999818e+02,1.003425608662680713e+00
7.420399999999999636e+02,1.003419542761620598e+00
7.425599999999999454e+02,1.003413111807579972e+00
7.430800000000000409e+02,1.003405981934189617e+00
7.436000000000000227e+02,1.003399077732079148e+00
7.441200000000001182e+02,1.003392470478038812e+00
7.446399999999999864e+02,1.003385590543648620e+00
7.451600000000000819e+02,1.003378434642588468e+00
7.456799999999999500e+02,1.003370966988547330e+00
7.462000000000000455e+02,1.003363279915157280e+00
7.467200000000000273e+02,1.003355585824026841e+00
7.472400000000000091e+02,1.003347886069986705e+00
7.477599999999999909e+02,1.003340176496596126e+00
7.482799999999999727e+02,1.003332460895535849e+00
7.487999999999999545e+02,1.003324297408515253e+00
7.493200000000000500e+02,1.003316052635124578e+00
7.498399999999999181e+02,1.003307321181084788e+00
7.503600000000000136e+02,1.003298528962550007e+00
7.508799999999998818e+02,1.003289723736179528e+00
7.513999999999999773e+02,1.003280896545049483e+00
7.519199999999999591e+02,1.003271561243989085e+00
7.524400000000000546e+02,1.003262224356618715e+00
7.529600000000000364e+02,1.003252872083578051e+00
7.534800000000000182e+02,1.003243309439733721e+00
7.540000000000000000e+02,1.003232890638673158e+00
7.545199999999999818e+02,1.003222603923633161e+00
7.550400000000000773e+02,1.003212706950242561e+00
7.555599999999999454e+02,1.003202425206747961e+00
7.560800000000000409e+02,1.003191443172357644e+00
7.565999999999999091e+02,1.003180476518317210e+00
7.571200000000000045e+02,1.003169500056257046e+00
7.576399999999999864e+02,1.003158251412411994e+00
7.581600000000000819e+02,1.003146724611351681e+00
7.586799999999999500e+02,1.003135191252001457e+00
7.592000000000000455e+02,1.003123649333466760e+00
7.597199999999999136e+02,1.003111430446096408e+00
7.602400000000000091e+02,1.003098821645036054e+00
7.607599999999999909e+02,1.003086223729211524e+00
7.612799999999999727e+02,1.003073599814171102e+00
7.618000000000000682e+02,1.003060565795636405e+00
7.623199999999999363e+02,1.003047413208266070e+00
7.628400000000000318e+02,1.003033770746205811e+00
7.633600000000000136e+02,1.003020086830380908e+00
7.638800000000001091e+02,1.003005892568320956e+00
7.643999999999999773e+02,1.002991639185476291e+00
7.649200000000000728e+02,1.002976872370435979e+00
7.654399999999999409e+02,1.002962104107591124e+00
7.659600000000000364e+02,1.002947322292550680e+00
7.664800000000000182e+02,1.002932330287706453e+00
7.670000000000000000e+02,1.002916482153665578e+00
7.675199999999999818e+02,1.002900498509821325e+00
7.680399999999999636e+02,1.002884119147760877e+00
7.685599999999999454e+02,1.002867546003916033e+00
7.690800000000000409e+02,1.002850635316896000e+00
7.695999999999999091e+02,1.002833720126031114e+00
7.701200000000000045e+02,1.002816774810990852e+00
7.706399999999998727e+02,1.002799308234166409e+00
7.711599999999999682e+02,1.002781315891721814e+00
7.716800000000000637e+02,1.002762685057331238e+00
7.722000000000000455e+02,1.002743642813836766e+00
7.727200000000000273e+02,1.002724573626466498e+00
7.732400000000000091e+02,1.002705496446931743e+00
7.737599999999999909e+02,1.002686030131106909e+00
7.742799999999999727e+02,1.002666405616066791e+00
7.748000000000000682e+02,1.002645926611222205e+00
7.753199999999999363e+02,1.002625249248377592e+00
7.758400000000000318e+02,1.002604104001407093e+00
7.763599999999999000e+02,1.002582879157562612e+00
7.768799999999999955e+02,1.002560646114068366e+00
7.773999999999999773e+02,1.002538371562203157e+00
7.779200000000000728e+02,1.002516082447163059e+00
7.784399999999999409e+02,1.002493582670338501e+00
7.789600000000000364e+02,1.002469710726493934e+00
7.794799999999999045e+02,1.002445837132503792e+00
7.800000000000000000e+02,1.002421927616678810e+00
7.805200000000000955e+02,1.002397748684163981e+00
7.810399999999999636e+02,1.002372792768339682e+00
7.815600000000000591e+02,1.002347450363494819e+00
7.820799999999999272e+02,1.002321443716524429e+00
7.826000000000000227e+02,1.002294955553679978e+00
7.831200000000000045e+02,1.002267883221165112e+00
7.836400000000001000e+02,1.002240784844340649e+00
7.841599999999999682e+02,1.002213694500496244e+00
7.846800000000000637e+02,1.002185660797051625e+00
7.851999999999999318e+02,1.002156969220227234e+00
7.857200000000000273e+02,1.002127923558166822e+00
7.862400000000000091e+02,1.002098717381341819e+00
7.867599999999999909e+02,1.002068298376497690e+00
7.872799999999999727e+02,1.002037490901072747e+00
7.877999999999999545e+02,1.002006250696228173e+00
7.883199999999999363e+02,1.001974909480403797e+00
7.888400000000000318e+02,1.001943057647888935e+00
7.893600000000001273e+02,1.001911182272114287e+00
7.898799999999999955e+02,1.001877746795289514e+00
7.904000000000000909e+02,1.001844212762775355e+00
7.909199999999999591e+02,1.001809669585950857e+00
7.914400000000000546e+02,1.001774990363156315e+00
7.919600000000000364e+02,1.001739395758661333e+00
7.924800000000000182e+02,1.001703685053817017e+00
7.930000000000000000e+02,1.001667537206062164e+00
7.935199999999999818e+02,1.001630947473547417e+00
7.940399999999999636e+02,1.001593217396722801e+00
7.945600000000000591e+02,1.001554929891878221e+00
7.950799999999999272e+02,1.001515615616453747e+00
7.956000000000000227e+02,1.001476066611609150e+00
7.961199999999998909e+02,1.001436218134784450e+00
7.966399999999999864e+02,1.001395541831340052e+00
7.971599999999999682e+02,1.001354090054515256e+00
7.976800000000000637e+02,1.001312018588670805e+00
7.981999999999999318e+02,1.001269516940916038e+00
7.987200000000000273e+02,1.001226299351927418e+00
7.992400000000000091e+02,1.001182747775102522e+00
7.997599999999999909e+02,1.001137982399328052e+00
8.002800000000000864e+02,1.001092827533833329e+00
8.007999999999999545e+02,1.001046361328989276e+00
8.013200000000000500e+02,1.000999621781234028e+00
8.018399999999999181e+02,1.000951932647935694e+00
8.023600000000000136e+02,1.000904124554421015e+00
8.028799999999999955e+02,1.000854756753686070e+00
8.034000000000000909e+02,1.000805309148841582e+00
8.039199999999999591e+02,1.000754849411017222e+00
8.044400000000000546e+02,1.000704121051098294e+00
8.049599999999999227e+02,1.000651559413273661e+00
8.054800000000000182e+02,1.000598767037499170e+00
8.060000000000000000e+02,1.000545133860674563e+00
8.065199999999999818e+02,1.000491040638705531e+00
8.070399999999999636e+02,1.000435825762930886e+00
8.075599999999999454e+02,1.000379842425106691e+00
8.080800000000000409e+02,1.000322527967281605e+00
8.086000000000000227e+02,1.000264729102052996e+00
8.091200000000001182e+02,1.000206342797558490e+00
8.096399999999999864e+02,1.000147127760783849e+00
8.101600000000000819e+02,1.000087138066485082e+00
8.106799999999999500e+02,1.000025897990710178e+00
8.112000000000000455e+02,9.999638266528856345e-01
8.117200000000000273e+02,9.999006562389369801e-01
8.122400000000000091e+02,9.998369791021621822e-01
8.127599999999999909e+02,9.997721077643376697e-01
8.132799999999999727e+02,9.997068487601087350e-01
8.137999999999999545e+02,9.996398367942641583e-01
8.143200000000000500e+02,9.995724754013650681e-01
8.148399999999999181e+02,9.995036649435407039e-01
8.153600000000000136e+02,9.994346967783117597e-01
8.158799999999998818e+02,9.993636695404871650e-01
8.163999999999999773e+02,9.992924864746426383e-01
8.169199999999999591e+02,9.992198351704139059e-01
8.174400000000000546e+02,9.991468958519394983e-01
8.179600000000000364e+02,9.990721210586905876e-01
8.184800000000000182e+02,9.989967910208659152e-01
8.190000000000000000e+02,9.989193815556373091e-01
8.195199999999999818e+02,9.988416825368123808e-01
8.200400000000000773e+02,9.987632231325833665e-01
8.205599999999999454e+02,9.986837656670888297e-01
8.210800000000000409e+02,9.986026690738400990e-01
8.215999999999999091e+02,9.985206295830354462e-01
8.221200000000000045e+02,9.984374301178066125e-01
8.226399999999999864e+02,9.983530958519620802e-01
8.231600000000000819e+02,9.982677772337530397e-01
8.236799999999999500e+02,9.981808821959285982e-01
8.242000000000000455e+02,9.980929255306997261e-01
8.247199999999999136e+02,9.980035267807106925e-01
8.252400000000000091e+02,9.979134697189763203e-01
8.257599999999999909e+02,9.978218148537475463e-01
8.262799999999999727e+02,9.977296358879027549e-01
8.268000000000000682e+02,9.976357065696942472e-01
8.273199999999999363e+02,9.975414089753951163e-01
8.278400000000000318e+02,9.974447237056407456e-01
8.283600000000000136e+02,9.973478053303415081e-01
8.288800000000001091e+02,9.972482750651128214e-01
8.293999999999999773e+02,9.971485514272886430e-01
8.299200000000000728e+02,9.970463616814093655e-01
8.304399999999999409e+02,9.969438835881606620e-01
8.309600000000000364e+02,9.968395721893362760e-01
8.314800000000000182e+02,9.967347060711272411e-01
8.320000000000000000e+02,9.966277572768287296e-01
8.325199999999999818e+02,9.965200414870739598e-01
8.330399999999999636e+02,9.964104741317747482e-01
8.335599999999999454e+02,9.962997376665460036e-01
8.340800000000000409e+02,9.961870008048115954e-01
8.345999999999999091e+02,9.960730692824925070e-01
8.351200000000000045e+02,9.959577117032835103e-01
8.356399999999998727e+02,9.958412389089847938e-01
8.361599999999999682e+02,9.957237611392302234e-01
8.366800000000000637e+02,9.956040588930016311e-01
8.372000000000000455e+02,9.954829127987024906e-01
8.377200000000000273e+02,9.953603241194938223e-01
8.382400000000000091e+02,9.952370776265950791e-01
8.387599999999999909e+02,9.951110086277703548e-01
8.392799999999999727e+02,9.949840712815414268e-01
8.398000000000000682e+02,9.948549231262426851e-01
8.403199999999999363e+02,9.947253486080340767e-01
8.408400000000000318e+02,9.945928756818052108e-01
8.413599999999999000e+02,9.944601502345261634e-01
8.418799999999999955e+02,9.943248090647717197e-01
8.423999999999999773e+02,9.941891790185425348e-01
8.429200000000000728e+02,9.940501263632438578e-01
8.434399999999999409e+02,9.939106910450352661e-01
8.439600000000000364e+02,9.937690213188061783e-01
8.444799999999999045e+02,9.936265094715276414e-01
8.450000000000000000e+02,9.934811515172786711e-01
8.455200000000000955e+02,9.933348354380697742e-01
8.460399999999999636e+02,9.931863215437709558e-01
8.465600000000000591e+02,9.930363898210367024e-01
8.470799999999999272e+02,9.928841907948073864e-01
8.476000000000000227e+02,9.927305525475283998e-01
8.481200000000000045e+02,9.925752001212998499e-01
8.486400000000001000e+02,9.924181587140709082e-01
8.491599999999999682e+02,9.922596528197720200e-01
8.496800000000000637e+02,9.920988820405632902e-01
8.501999999999999318e+02,9.919367046143344746e-01
8.507200000000000273e+02,9.917719772351256680e-01
8.512400000000000091e+02,9.916060953268465150e-01
8.517599999999999909e+02,9.914374099892878656e-01
8.522799999999999727e+02,9.912678565100788708e-01
8.527999999999999545e+02,9.910951959267602085e-01
8.533199999999999363e+02,9.909219567475514578e-01
8.538400000000000318e+02,9.907458154683425056e-01
8.543600000000001273e+02,9.905694396421140802e-01
8.548799999999999955e+02,9.903888436338349477e-01
8.554000000000000909e+02,9.902079391686061660e-01
8.559199999999999591e+02,9.900231386329231276e-01
8.564400000000000546e+02,9.898378582537139536e-01
8.569600000000000364e+02,9.896499020984153017e-01
8.574800000000000182e+02,9.894609898192062714e-01
8.580000000000000000e+02,9.892688297649576690e-01
8.585199999999999818e+02,9.890753863857487671e-01
8.590399999999999636e+02,9.888790207774700303e-01
8.595600000000000591e+02,9.886812359512414661e-01
8.600799999999999272e+02,9.884812007997023642e-01
8.606000000000000227e+02,9.882792109204938669e-01
8.611199999999998909e+02,9.880749723377905136e-01
8.616399999999999864e+02,9.878684523295115927e-01
8.621599999999999682e+02,9.876600093503027367e-01
8.626800000000000637e+02,9.874486533630739693e-01
8.631999999999999318e+02,9.872354721838648706e-01
8.637200000000000273e+02,9.870197377046563414e-01
8.642400000000000091e+02,9.868028848928832586e-01
8.647599999999999909e+02,9.865827912136745370e-01
8.652800000000000864e+02,9.863617345621354948e-01
8.657999999999999545e+02,9.861366706359065981e-01
8.663200000000000500e+02,9.859108757956975833e-01
8.668399999999999181e+02,9.856812060309448897e-01
8.673600000000000136e+02,9.854512069047163259e-01
8.678799999999999955e+02,9.852164884974871084e-01
8.684000000000000909e+02,9.849814429572782970e-01
8.689199999999999591e+02,9.847425195215951943e-01
8.694400000000000546e+02,9.845028680939662546e-01
8.699599999999999227e+02,9.842592237147573808e-01
8.704800000000000182e+02,9.840144690745488143e-01
8.710000000000000000e+02,9.837661029388654610e-01
8.715199999999999818e+02,9.835162423126366793e-01
8.720399999999999636e+02,9.832631562724278851e-01
8.725599999999999454e+02,9.830084229367448412e-01
8.730800000000000409e+02,9.827511138561360049e-01
8.736000000000000227e+02,9.824913712689069545e-01
8.741200000000001182e+02,9.822288247332240374e-01
8.746399999999999864e+02,9.819634043930153267e-01
8.751600000000000819e+02,9.816956222138067956e-01
8.756799999999999500e+02,9.814252133311032189e-01
8.762000000000000455e+02,9.811532086908945072e-01
8.767200000000000273e+02,9.808775439383058403e-01
8.772400000000000091e+02,9.806002847416226409e-01
8.777599999999999909e+02,9.803189599624138051e-01
8.782799999999999727e+02,9.800364597751849427e-01
8.787999999999999545e+02,9.797499362395019062e-01
8.793200000000000500e+02,9.794627007269631758e-01
8.798399999999999181e+02,9.791700989912799358e-01
8.803600000000000136e+02,9.788770712510713734e-01
8.808799999999998818e+02,9.785793461248420977e-01
8.813999999999999773e+02,9.782811794281591755e-01
8.819199999999999591e+02,9.779781982865504153e-01
8.824400000000000546e+02,9.776743755508672251e-01
8.829600000000000364e+02,9.773661556106588710e-01
8.834800000000000182e+02,9.770566728749754404e-01
8.840000000000000000e+02,9.767431960347666697e-01
8.845199999999999818e+02,9.764280545187333793e-01
8.850400000000000773e+02,9.761093448395243843e-01
8.855599999999999454e+02,9.757883370428415137e-01
8.860800000000000409e+02,9.754638528026327027e-01
8.865999999999999091e+02,9.751366310949695082e-01
8.871200000000000045e+02,9.748063596824310117e-01
8.876399999999999864e+02,9.744732140857477187e-01
8.881600000000000819e+02,9.741377053455390067e-01
8.886799999999999500e+02,9.737988993337658439e-01
8.892000000000000455e+02,9.734581337212270258e-01
8.897199999999999136e+02,9.731129458245441066e-01
8.902400000000000091e+02,9.727658777843350979e-01
8.907599999999999909e+02,9.724147247876518962e-01
8.912799999999999727e+02,9.720624159084431115e-01
8.918000000000000682e+02,9.717051480394301999e-01
8.923199999999999363e+02,9.713470721272413622e-01
8.928400000000000318e+02,9.709835893305582832e-01
8.933600000000000136e+02,9.706196622338751911e-01
8.938800000000001091e+02,9.702495113213365219e-01
8.943999999999999773e+02,9.698788997856531147e-01
8.949200000000000728e+02,9.695035091984244291e-01
8.954399999999999409e+02,9.691270482294117583e-01
8.959600000000000364e+02,9.687453690327280098e-01
8.964800000000000182e+02,9.683621404205394745e-01
8.970000000000000000e+02,9.679741402238561943e-01
8.975199999999999818e+02,9.675843011113174352e-01
8.980399999999999636e+02,9.671905444146343678e-01
8.985599999999999454e+02,9.667944912179513572e-01
8.990800000000000409e+02,9.663949474777427939e-01
8.995999999999999091e+02,9.659924351087293415e-01
9.001200000000000045e+02,9.655866009400663197e-01
9.006399999999998727e+02,9.651772831998578495e-01
9.011599999999999682e+02,9.647651657308444761e-01
9.016800000000000637e+02,9.643490835341613776e-01
9.022000000000000455e+02,9.639306591374783295e-01
9.027200000000000273e+02,9.635077896972695788e-01
9.032400000000000091e+02,9.630830765282564210e-01
9.037599999999999909e+02,9.626538442985934640e-01
9.042799999999999727e+02,9.622233636583846783e-01
9.048000000000000682e+02,9.617870006893716184e-01
9.053199999999999363e+02,9.613496947926886138e-01
9.058400000000000318e+02,9.609064724960054704e-01
9.063599999999999000e+02,9.604627684405564469e-01
9.068799999999999955e+02,9.600123566438731881e-01
9.073999999999999773e+02,9.595614070861906431e-01
9.079200000000000728e+02,9.591052066171774637e-01
9.084399999999999409e+02,9.586478586239886024e-01
9.089600000000000364e+02,9.581848531273051695e-01
9.094799999999999045e+02,9.577201648863125083e-01
9.100000000000000000e+02,9.572503388286295323e-01
9.105200000000000955e+02,9.567784841319462164e-01
9.110399999999999636e+02,9.563023502917372687e-01
9.115600000000000591e+02,9.558237097227243462e-01
9.120799999999999272e+02,9.553412904930611571e-01
9.126000000000000227e+02,9.548553684240479456e-01
9.131200000000000045e+02,9.543656103273649993e-01
9.136400000000001000e+02,9.538723481261563997e-01
9.141599999999999682e+02,9.533763048142330776e-01
9.146800000000000637e+02,9.528759343175499108e-01
9.151999999999999318e+02,9.523730707068867041e-01
9.157200000000000273e+02,9.518653609378739944e-01
9.162400000000000091e+02,9.513556738801908219e-01
9.167599999999999909e+02,9.508406057115275090e-01
9.172799999999999727e+02,9.503241167989888716e-01
9.177999999999999545e+02,9.498017113413059764e-01
9.183199999999999363e+02,9.492784021446226683e-01
9.188400000000000318e+02,9.487486564716995918e-01
9.193600000000001273e+02,9.482183722220366429e-01
9.198799999999999955e+02,9.476814218530237310e-01
9.204000000000000909e+02,9.471438004953406375e-01
9.209199999999999591e+02,9.466000471266775573e-01
9.214400000000000546e+02,9.460549934966642205e-01
9.219600000000000364e+02,9.455038816999814522e-01
9.224800000000000182e+02,9.449510484422986023e-01
9.230000000000000000e+02,9.443931156338694066e-01
9.235199999999999818e+02,9.438329440761863420e-01
9.240399999999999636e+02,9.432682072461733291e-01
9.245600000000000591e+02,9.427004671494904064e-01
9.250799999999999272e+02,9.421283970198272018e-01
9.256000000000000227e+02,9.415530145508140825e-01
9.261199999999998909e+02,9.409741025401512360e-01
9.266399999999999864e+02,9.403910928282279702e-01
9.271599999999999682e+02,9.398048416705448993e-01
9.276800000000000637e+02,9.392142458128619475e-01
9.281999999999999318e+02,9.386211956438490489e-01
9.287200000000000273e+02,9.380228798612056940e-01
9.292400000000000091e+02,9.374224909311927867e-01
9.297599999999999909e+02,9.368162629635796712e-01
9.302800000000000864e+02,9.362085191339165613e-01
9.307999999999999545e+02,9.355948582509234779e-01
9.313200000000000500e+02,9.349802932542408129e-01
9.318399999999999181e+02,9.343587956522469984e-01
9.323600000000000136e+02,9.337367204945641319e-01
9.328799999999999955e+02,9.331074833371468813e-01
9.334000000000000909e+02,9.324775564874838718e-01
9.339199999999999591e+02,9.318414968578206947e-01
9.344400000000000546e+02,9.312040419278074799e-01
9.349599999999999227e+02,9.305601106701244518e-01
9.354800000000000182e+02,9.299144583052213475e-01
9.360000000000000000e+02,9.292637255475385549e-01
9.365199999999999818e+02,9.286105440175254078e-01
9.370399999999999636e+02,9.279524724878621678e-01
9.375599999999999454e+02,9.272913785048693125e-01
9.380800000000000409e+02,9.266259736372564060e-01
9.386000000000000227e+02,9.259569889511187757e-01
9.391200000000001182e+02,9.252842265681260336e-01
9.396399999999999864e+02,9.246076348104427245e-01
9.401600000000000819e+02,9.239280510375198485e-01
9.406799999999999500e+02,9.232434338798367612e-01
9.412000000000000455e+02,9.225559988968434766e-01
9.417200000000000273e+02,9.218632990671805638e-01
9.422400000000000091e+02,9.211685277416933326e-01
9.427599999999999909e+02,9.204678983601003450e-01
9.432799999999999727e+02,9.197657904581069133e-01
9.437999999999999545e+02,9.190572690004240597e-01
9.443200000000000500e+02,9.183478251454505470e-01
9.448399999999999181e+02,9.176313904168379443e-01
9.453600000000000136e+02,9.169143981303504720e-01
9.458799999999998818e+02,9.161907995006873806e-01
9.463999999999999773e+02,9.154663587900242483e-01
9.469199999999999591e+02,9.147348875890813913e-01
9.474400000000000546e+02,9.140020778594182271e-01
9.479600000000000364e+02,9.132632710199509729e-01
9.484800000000000182e+02,9.125225690622681407e-01
9.490000000000000000e+02,9.117764035363649100e-01
9.495199999999999818e+02,9.110277892786818876e-01
9.500400000000000773e+02,9.102743095202142642e-01
9.505599999999999454e+02,9.095177677776214997e-01
9.510800000000000409e+02,9.087569513476080330e-01
9.515999999999999091e+02,9.079925175179452967e-01
9.521200000000000045e+02,9.072243463784778195e-01
9.526399999999999864e+02,9.064517152778845954e-01
9.531600000000000819e+02,9.056756914478715226e-01
9.536799999999999500e+02,9.048952453372088867e-01
9.542000000000000455e+02,9.041124204078112570e-01
9.547199999999999136e+02,9.033242545361482856e-01
9.552400000000000091e+02,9.025340743341552230e-01
9.557599999999999909e+02,9.017380167476678476e-01
9.562799999999999727e+02,9.009405000660748453e-01
9.568000000000000682e+02,9.001365333640818367e-01
9.573199999999999363e+02,8.993316836969447170e-01
9.578400000000000318e+02,8.985198067630213448e-01
9.583600000000000136e+02,8.977073718053386608e-01
9.588800000000001091e+02,8.968878329938910765e-01
9.593999999999999773e+02,8.960674892652780166e-01
9.599200000000000728e+02,8.952406123212851563e-01
9.604399999999999409e+02,8.944123772351476598e-01
9.609600000000000364e+02,8.935781631051346041e-01
9.614800000000000182e+02,8.927419986515615635e-01
9.620000000000000000e+02,8.919004511040742322e-01
9.625199999999999818e+02,8.910565693214311800e-01
9.630399999999999636e+02,8.902082013204882793e-01
9.635599999999999454e+02,8.893567524200205465e-01
9.640800000000000409e+02,8.885010480903577923e-01
9.645999999999999091e+02,8.876417089799604199e-01
9.651200000000000045e+02,8.867786708892972936e-01
9.656399999999998727e+02,8.859114021592844335e-01
9.661599999999999682e+02,8.850410289492368632e-01
9.666800000000000637e+02,8.841658685582238775e-01
9.672000000000000455e+02,8.832881399481767870e-01
9.677200000000000273e+02,8.824054718571636702e-01
9.682400000000000091e+02,8.815209242741705031e-01
9.687599999999999909e+02,8.806304804171031231e-01
9.692799999999999727e+02,8.797386161731103327e-01
9.698000000000000682e+02,8.788407218869728199e-01
9.703199999999999363e+02,8.779420395720497483e-01
9.708400000000000318e+02,8.770362922859124000e-01
9.713599999999999000e+02,8.761300258419196796e-01
9.718799999999999955e+02,8.752171725125220680e-01
9.723999999999999773e+02,8.743034958408588686e-01
9.729200000000000728e+02,8.733833238114617759e-01
9.734399999999999409e+02,8.724618323397982378e-01
9.739600000000000364e+02,8.715348418378056072e-01
9.744799999999999045e+02,8.706060154664079231e-01
9.750000000000000000e+02,8.696722038367452612e-01
9.755200000000000955e+02,8.687358496362775906e-01
9.760399999999999636e+02,8.677947047356845411e-01
9.765600000000000591e+02,8.668508805352174162e-01
9.770799999999999272e+02,8.659034498622940612e-01
9.776000000000000227e+02,8.649523280341571141e-01
9.781200000000000045e+02,8.639975478146896259e-01
9.786400000000001000e+02,8.630388420330967758e-01
9.791599999999999682e+02,8.620772385606493282e-01
9.796800000000000637e+02,8.611111956597061745e-01
9.801999999999999318e+02,8.601427775595892333e-01
9.807200000000000273e+02,8.591693797685761025e-01
9.812400000000000091e+02,8.581941601585287849e-01
9.817599999999999909e+02,8.572134265675156461e-01
9.822799999999999727e+02,8.562313889241383036e-01
9.827999999999999545e+02,8.552437597664551694e-01
9.833199999999999363e+02,8.542554392940079344e-01
9.838400000000000318e+02,8.532600363226107154e-01
9.843600000000001273e+02,8.522641329929477871e-01
9.848799999999999955e+02,8.512627106215502337e-01
9.854000000000000909e+02,8.502603878308871987e-01
9.859199999999999591e+02,8.492516331204896796e-01
9.864400000000000546e+02,8.482416349480428330e-01
9.869600000000000364e+02,8.472265550293596181e-01
9.874800000000000182e+02,8.462097734859822529e-01
9.880000000000000000e+02,8.451884298839892340e-01
9.885199999999999818e+02,8.441648668849218717e-01
9.890399999999999636e+02,8.431372212654547615e-01
9.895600000000000591e+02,8.421066669505314906e-01
9.900799999999999272e+02,8.410722035504142324e-01
9.906000000000000227e+02,8.400345626929968113e-01
9.911199999999998909e+02,8.389938161493538660e-01
9.916399999999999864e+02,8.379494133488866181e-01
9.921599999999999682e+02,8.369023641149632153e-01
9.926800000000000637e+02,8.358511803868262646e-01
9.931999999999999318e+02,8.347978481574287457e-01
9.937200000000000273e+02,8.337402652414557247e-01
9.942400000000000091e+02,8.326811471423883892e-01
9.947599999999999909e+02,8.316165169229212673e-01
9.952800000000000864e+02,8.305506025079981702e-01
9.957999999999999545e+02,8.294795536078807263e-01
9.963200000000000500e+02,8.284078494894633327e-01
9.968399999999999181e+02,8.273305942170160465e-01
9.973600000000000136e+02,8.262528389634431480e-01
9.978799999999999955e+02,8.251685732159559361e-01
9.984000000000000909e+02,8.240836569725784599e-01
9.989199999999999591e+02,8.229941574009155270e-01
9.994400000000000546e+02,8.219033767105181632e-01
9.999599999999999227e+02,8.208075746100504944e-01
1.000480000000000018e+03,8.197103380099337588e-01
1.001000000000000000e+03,8.186092863760104921e-01
1.001519999999999982e+03,8.175060162755430904e-01
1.002039999999999964e+03,8.163986820321658122e-01
1.002559999999999945e+03,8.152888598570086076e-01
1.003080000000000041e+03,8.141757420701053460e-01
1.003600000000000023e+03,8.130599802976580248e-01
1.004120000000000118e+03,8.119416271515708106e-01
1.004639999999999986e+03,8.108196006791237309e-01
1.005160000000000082e+03,8.096949692642004814e-01
1.005679999999999950e+03,8.085671949170629702e-01
1.006200000000000045e+03,8.074378251736858969e-01
1.006720000000000027e+03,8.063038066022886197e-01
1.007240000000000009e+03,8.051681586863155271e-01
1.007759999999999991e+03,8.040286576402281282e-01
1.008279999999999973e+03,8.028882905067810105e-01
1.008799999999999955e+03,8.017427568634036827e-01
1.009320000000000050e+03,8.005966080882463975e-01
1.009839999999999918e+03,7.994453809013433165e-01
1.010360000000000014e+03,7.982937298288957928e-01
1.010879999999999882e+03,7.971371012298286152e-01
1.011399999999999977e+03,7.959798214103613878e-01
1.011919999999999959e+03,7.948179399389639910e-01
1.012440000000000055e+03,7.936551216055166558e-01
1.012960000000000036e+03,7.924885251909435935e-01
1.013480000000000018e+03,7.913204560434563550e-01
1.014000000000000000e+03,7.901486272000790567e-01
1.014519999999999982e+03,7.889749049276316706e-01
1.015040000000000077e+03,7.877978301285644136e-01
1.015559999999999945e+03,7.866187058771672014e-01
1.016080000000000041e+03,7.854368949047199067e-01
1.016599999999999909e+03,7.842526709621270298e-01
1.017120000000000005e+03,7.830661458896792659e-01
1.017639999999999986e+03,7.818765368712622399e-01
1.018160000000000082e+03,7.806847790378149687e-01
1.018679999999999950e+03,7.794902069667675182e-01
1.019200000000000045e+03,7.782942526663003679e-01
1.019719999999999914e+03,7.770947746759029329e-01
1.020240000000000009e+03,7.758940877715256867e-01
1.020759999999999991e+03,7.746895296998627112e-01
1.021279999999999973e+03,7.734841256564853884e-01
1.021800000000000068e+03,7.722749489230380515e-01
1.022319999999999936e+03,7.710653486046208371e-01
1.022840000000000032e+03,7.698511300045033368e-01
1.023360000000000014e+03,7.686365838001260054e-01
1.023880000000000109e+03,7.674180723287289396e-01
1.024400000000000091e+03,7.661990054562815011e-01
1.024920000000000073e+03,7.649762937772142113e-01
1.025440000000000055e+03,7.637527022767468532e-01
1.025960000000000036e+03,7.625257895333694691e-01
1.026480000000000018e+03,7.612975187289922063e-01
1.027000000000000000e+03,7.600658948285250460e-01
1.027519999999999982e+03,7.588331214574776107e-01
1.028039999999999964e+03,7.575983322770104555e-01
1.028559999999999945e+03,7.563614751056132457e-01
1.029079999999999927e+03,7.551219688286400222e-01
1.029599999999999909e+03,7.538805669575926460e-01
1.030119999999999891e+03,7.526373807861954646e-01
1.030639999999999873e+03,7.513920293527481808e-01
1.031160000000000082e+03,7.501451792623508030e-01
1.031680000000000064e+03,7.488958571012336307e-01
1.032200000000000045e+03,7.476453246298361277e-01
1.032720000000000027e+03,7.463916513254589269e-01
1.033240000000000009e+03,7.451369420530116194e-01
1.033759999999999991e+03,7.438796045816143954e-01
1.034279999999999973e+03,7.426217275025469577e-01
1.034799999999999955e+03,7.413605364300996925e-01
1.035319999999999936e+03,7.400989985977023400e-01
1.035840000000000146e+03,7.388338373252549829e-01
1.036359999999999900e+03,7.375684449208778082e-01
1.036880000000000109e+03,7.363000777933561558e-01
1.037399999999999864e+03,7.350312695318890199e-01
1.037920000000000073e+03,7.337597577275116745e-01
1.038440000000000055e+03,7.324874418371143392e-01
1.038960000000000036e+03,7.312122447756470578e-01
1.039480000000000018e+03,7.299361480045997164e-01
1.040000000000000000e+03,7.286577889711525202e-01
1.040519999999999982e+03,7.273784905277751456e-01
1.041039999999999964e+03,7.260975178953779086e-01
1.041559999999999945e+03,7.248151469229306976e-01
1.042079999999999927e+03,7.235310097908831395e-01
1.042600000000000136e+03,7.222452436865057779e-01
1.043119999999999891e+03,7.209579768390186327e-01
1.043640000000000100e+03,7.196691196346413077e-01
1.044159999999999854e+03,7.183792239912639710e-01
1.044680000000000064e+03,7.170875460297967408e-01
1.045200000000000045e+03,7.157950235412752216e-01
1.045720000000000027e+03,7.145001227978977631e-01
1.046240000000000009e+03,7.132044515644505589e-01
1.046759999999999991e+03,7.119070126320533598e-01
1.047279999999999973e+03,7.106092248886760609e-01
1.047799999999999955e+03,7.093085832275585201e-01
1.048319999999999936e+03,7.080076526231813272e-01
1.048839999999999918e+03,7.067046481517840206e-01
1.049360000000000127e+03,7.054014885713166816e-01
1.049880000000000109e+03,7.040963504104652548e-01
1.050400000000000091e+03,7.027908474670879757e-01
1.050920000000000073e+03,7.014830782056205027e-01
1.051440000000000055e+03,7.001748490735734132e-01
1.051960000000000036e+03,6.988649824691960388e-01
1.052480000000000018e+03,6.975544834967487562e-01
1.053000000000000000e+03,6.962425048643513525e-01
1.053519999999999982e+03,6.949297606034999797e-01
1.054039999999999964e+03,6.936156704700527920e-01
1.054559999999999945e+03,6.923006589990053916e-01
1.055079999999999927e+03,6.909844714946280497e-01
1.055599999999999909e+03,6.896671912331606702e-01
1.056119999999999891e+03,6.883488927287834125e-01
1.056640000000000100e+03,6.870296697289318688e-01
1.057159999999999854e+03,6.857097889954847370e-01
1.057680000000000064e+03,6.843888537630872237e-01
1.058199999999999818e+03,6.830673988310399514e-01
1.058720000000000027e+03,6.817447693266626141e-01
1.059240000000000009e+03,6.804217329977408912e-01
1.059759999999999991e+03,6.790969507933637406e-01
1.060279999999999973e+03,6.777718217609666196e-01
1.060799999999999955e+03,6.764457277275190972e-01
1.061320000000000164e+03,6.751195347231417898e-01
1.061839999999999918e+03,6.737917864346203434e-01
1.062360000000000127e+03,6.724639217022229110e-01
1.062879999999999882e+03,6.711345742297757377e-01
1.063400000000000091e+03,6.698050730253984897e-01
1.063920000000000073e+03,6.684746634645469809e-01
1.064440000000000055e+03,6.671440238310996085e-01
1.064960000000000036e+03,6.658125699987024193e-01
1.065480000000000018e+03,6.644806366943251108e-01
1.066000000000000000e+03,6.631475874058033737e-01
1.066519999999999982e+03,6.618143442723560810e-01
1.067039999999999964e+03,6.604807684679790958e-01
1.067559999999999945e+03,6.591464814355815216e-01
1.068080000000000155e+03,6.578113267456601188e-01
1.068599999999999909e+03,6.564759003022827555e-01
1.069120000000000118e+03,6.551401994979053622e-01
1.069639999999999873e+03,6.538038643935281113e-01
1.070160000000000082e+03,6.524671220036064589e-01
1.070680000000000064e+03,6.511300098435393036e-01
1.071200000000000045e+03,6.497927389391620068e-01
1.071720000000000027e+03,6.484550416783104732e-01
1.072240000000000009e+03,6.471172254448631644e-01
1.072759999999999991e+03,6.457785437404859330e-01
1.073279999999999973e+03,6.444396695080886195e-01
1.073799999999999955e+03,6.431007851472368975e-01
1.074319999999999936e+03,6.417619165137896653e-01
1.074839999999999918e+03,6.404225041094123716e-01
1.075360000000000127e+03,6.390830523485606651e-01
1.075879999999999882e+03,6.377430941165135314e-01
1.076400000000000091e+03,6.364030779020662942e-01
1.076919999999999845e+03,6.350625928802146047e-01
1.077440000000000055e+03,6.337221069758374181e-01
1.077960000000000036e+03,6.323816301714600963e-01
1.078480000000000018e+03,6.310411335815386824e-01
1.079000000000000000e+03,6.297006296771614497e-01
1.079519999999999982e+03,6.283599322447639413e-01
1.080039999999999964e+03,6.270189004839122893e-01
1.080559999999999945e+03,6.256780940504651500e-01
1.081079999999999927e+03,6.243375666460877493e-01
1.081599999999999909e+03,6.229967696852364289e-01
1.082120000000000118e+03,6.216557190531889487e-01
1.082639999999999873e+03,6.203149690878116962e-01
1.083160000000000082e+03,6.189744434168901188e-01
1.083679999999999836e+03,6.176342564125129053e-01
1.084200000000000045e+03,6.162942195516611932e-01
1.084720000000000027e+03,6.149537918472840481e-01
1.085240000000000009e+03,6.136132254138366715e-01
1.085759999999999991e+03,6.122735324529852141e-01
1.086279999999999973e+03,6.109340090876079765e-01
1.086800000000000182e+03,6.095944791552105890e-01
1.087319999999999936e+03,6.082549480943590936e-01
1.087840000000000146e+03,6.069159428079318186e-01
1.088359999999999900e+03,6.055769933470802613e-01
1.088880000000000109e+03,6.042390081817028413e-01
1.089400000000000091e+03,6.029010219773255352e-01
1.089920000000000073e+03,6.015630280888041304e-01
1.090440000000000055e+03,6.002252811273368627e-01
1.090960000000000036e+03,5.988883277664851512e-01
1.091480000000000018e+03,5.975515254011078969e-01
1.092000000000000000e+03,5.962150800872763057e-01
1.092519999999999982e+03,5.948790331828991418e-01
1.093039999999999964e+03,5.935436296494516206e-01
1.093559999999999945e+03,5.922084713276002388e-01
1.094079999999999927e+03,5.908735730232228534e-01
1.094599999999999909e+03,5.895395124343514315e-01
1.095119999999999891e+03,5.882061919299740316e-01
1.095639999999999873e+03,5.868731737551424743e-01
1.096160000000000082e+03,5.855403609216954797e-01
1.096680000000000064e+03,5.842082682608438216e-01
1.097200000000000045e+03,5.828764763954665806e-01
1.097720000000000027e+03,5.815459033910890252e-01
1.098240000000000009e+03,5.802156730302376886e-01
1.098759999999999991e+03,5.788863325357902490e-01
1.099279999999999973e+03,5.775571611219587620e-01
1.099799999999999955e+03,5.762289379895614294e-01
1.100319999999999936e+03,5.749007901677098964e-01
1.100840000000000146e+03,5.735742016633326168e-01
1.101359999999999900e+03,5.722476884024811916e-01
1.101880000000000109e+03,5.709221417550538469e-01
1.102399999999999864e+03,5.695969197665322614e-01
1.102920000000000073e+03,5.682734657621549834e-01
1.103440000000000055e+03,5.669502403403033908e-01
1.103960000000000036e+03,5.656278097359261903e-01
1.104480000000000018e+03,5.643058750750745700e-01
1.105000000000000000e+03,5.629850029996272820e-01
1.105519999999999982e+03,5.616647406387756947e-01
1.106039999999999964e+03,5.603454269733985083e-01
1.106559999999999945e+03,5.590271048125469155e-01
1.107079999999999927e+03,5.577098866081695583e-01
1.107600000000000136e+03,5.563935055333381063e-01
1.108119999999999891e+03,5.550778435289608348e-01
1.108640000000000100e+03,5.537631529780393524e-01
1.109159999999999854e+03,5.524490516736619838e-01
1.109680000000000064e+03,5.511363978518103446e-01
1.110200000000000045e+03,5.498243716379788149e-01
1.110720000000000027e+03,5.485135807726015944e-01
1.111240000000000009e+03,5.472031123837300948e-01
1.111759999999999991e+03,5.458948743793529124e-01
1.112279999999999973e+03,5.445870366754512748e-01
1.112799999999999955e+03,5.432806247710737502e-01
1.113319999999999936e+03,5.419743640492223902e-01
1.113839999999999918e+03,5.406701592448450722e-01
1.114360000000000127e+03,5.393661639229935245e-01
1.114880000000000109e+03,5.380645705091620101e-01
1.115400000000000091e+03,5.367632242437846424e-01
1.115920000000000073e+03,5.354631911538630940e-01
1.116440000000000055e+03,5.341637679884859713e-01
1.116960000000000036e+03,5.328663414746545035e-01
1.117480000000000018e+03,5.315695823092769778e-01
1.118000000000000000e+03,5.302742348874255329e-01
1.118519999999999982e+03,5.289799163265738180e-01
1.119039999999999964e+03,5.276871776082165955e-01
1.119559999999999945e+03,5.263954104473649309e-01
1.120079999999999927e+03,5.251047648248977628e-01
1.120599999999999909e+03,5.238155505640462728e-01
1.121119999999999891e+03,5.225275002892146858e-01
1.121640000000000100e+03,5.212407621848373918e-01
1.122159999999999854e+03,5.199548020629857215e-01
1.122680000000000064e+03,5.186710370976085338e-01
1.123199999999999818e+03,5.173882072114470709e-01
1.123720000000000027e+03,5.161069969895956122e-01
1.124240000000000009e+03,5.148262623852182251e-01
1.124759999999999991e+03,5.135481961633666659e-01
1.125279999999999973e+03,5.122705866594650104e-01
1.125799999999999955e+03,5.109949206550878920e-01
1.126320000000000164e+03,5.097194254332363395e-01
1.126839999999999918e+03,5.084470202584046028e-01
1.127360000000000127e+03,5.071748621540275170e-01
1.127879999999999882e+03,5.059050653321761626e-01
1.128400000000000091e+03,5.046357838667986373e-01
1.128920000000000073e+03,5.033691358529670534e-01
1.129440000000000055e+03,5.021031173311155671e-01
1.129960000000000036e+03,5.008390607657382532e-01
1.130480000000000018e+03,4.995758447228367816e-01
1.131000000000000000e+03,4.983144002009852747e-01
1.131519999999999982e+03,4.970544240356079002e-01
1.132039999999999964e+03,4.957966200747563335e-01
1.132559999999999945e+03,4.945398272999249611e-01
1.133080000000000155e+03,4.932841215345477592e-01
1.133599999999999909e+03,4.920304381736960719e-01
1.134120000000000118e+03,4.907783942988644399e-01
1.134639999999999873e+03,4.895283153770128570e-01
1.135160000000000082e+03,4.882793981726354926e-01
1.135680000000000064e+03,4.870323318978040383e-01
1.136200000000000045e+03,4.857860267759526174e-01
1.136720000000000027e+03,4.845425843382451525e-01
1.137240000000000009e+03,4.832999250953437520e-01
1.137759999999999991e+03,4.820595133734921767e-01
1.138279999999999973e+03,4.808194813081148045e-01
1.138799999999999955e+03,4.795828668332832168e-01
1.139319999999999936e+03,4.783465188724317363e-01
1.139839999999999918e+03,4.771132626505804053e-01
1.140360000000000127e+03,4.758802929322230035e-01
1.140879999999999882e+03,4.746501802103714751e-01
1.141400000000000091e+03,4.734206595885198099e-01
1.141919999999999845e+03,4.721941919311626323e-01
1.142440000000000055e+03,4.709685079093111071e-01
1.142960000000000036e+03,4.697451701874594820e-01
1.143480000000000018e+03,4.685228436126279150e-01
1.144000000000000000e+03,4.673026495472507036e-01
1.144519999999999982e+03,4.660839074140691873e-01
1.145039999999999964e+03,4.648673616392375862e-01
1.145559999999999945e+03,4.636525516173861661e-01
1.146079999999999927e+03,4.624396648229388007e-01
1.146599999999999909e+03,4.612284977481072024e-01
1.147120000000000118e+03,4.600187437262557300e-01
1.147639999999999873e+03,4.588112982654041772e-01
1.148160000000000082e+03,4.576051868470470407e-01
1.148679999999999836e+03,4.564016896251954503e-01
1.149200000000000045e+03,4.551992404033439188e-01
1.149720000000000027e+03,4.539996550285121946e-01
1.150240000000000009e+03,4.528008701631349164e-01
1.150759999999999991e+03,4.516052354883034470e-01
1.151279999999999973e+03,4.504100960941218590e-01
1.151800000000000182e+03,4.492178945332702678e-01
1.152319999999999936e+03,4.480259783584388256e-01
1.152840000000000146e+03,4.468381488930613932e-01
1.153359999999999900e+03,4.456506826712099412e-01
1.153880000000000109e+03,4.444664974963784543e-01
1.154400000000000091e+03,4.432829603745269131e-01
1.154920000000000073e+03,4.421024554996952904e-01
1.155440000000000055e+03,4.409228481343179795e-01
1.155960000000000036e+03,4.397459910124665861e-01
1.156480000000000018e+03,4.385703365376351082e-01
1.157000000000000000e+03,4.373971225434535870e-01
1.157519999999999982e+03,4.362256087686219863e-01
1.158039999999999964e+03,4.350565964032446775e-01
1.158559999999999945e+03,4.338893395813930298e-01
1.159079999999999927e+03,4.327239705065616393e-01
1.159599999999999909e+03,4.315606437457100708e-01
1.160119999999999891e+03,4.303989398708786274e-01
1.160639999999999873e+03,4.292398885490268934e-01
1.161160000000000082e+03,4.280823448116697350e-01
1.161680000000000064e+03,4.269274360368381371e-01
1.162200000000000045e+03,4.257735573426566500e-01
1.162720000000000027e+03,4.246229812678250504e-01
1.163240000000000009e+03,4.234732824459735423e-01
1.163759999999999991e+03,4.223267738241220370e-01
1.164279999999999973e+03,4.211807422057647909e-01
1.164799999999999955e+03,4.200386411839130973e-01
1.165319999999999936e+03,4.188968642090816763e-01
1.165840000000000146e+03,4.177586757262302108e-01
1.166359999999999900e+03,4.166208881790686158e-01
1.166880000000000109e+03,4.154868624572171099e-01
1.167399999999999864e+03,4.143535821353653836e-01
1.167920000000000073e+03,4.132237373170082884e-01
1.168440000000000055e+03,4.120948278951565014e-01
1.168960000000000036e+03,4.109686476203250893e-01
1.169480000000000018e+03,4.098440135984735000e-01
1.170000000000000000e+03,4.087225294516620977e-01
1.170519999999999982e+03,4.076025533298104908e-01
1.171039999999999964e+03,4.064847147826489149e-01
1.171559999999999945e+03,4.053689195607974027e-01
1.172079999999999927e+03,4.042552822954201264e-01
1.172600000000000136e+03,4.031439935205886615e-01
1.173119999999999891e+03,4.020345178987370649e-01
1.173640000000000100e+03,4.009274110629055254e-01
1.174159999999999854e+03,3.998216021410540000e-01
1.174680000000000064e+03,3.987191732938924482e-01
1.175200000000000045e+03,3.976180604720409573e-01
1.175720000000000027e+03,3.965198687972094072e-01
1.176240000000000009e+03,3.954224206753578774e-01
1.176759999999999991e+03,3.943290799005263469e-01
1.177279999999999973e+03,3.932363304066947562e-01
1.177799999999999955e+03,3.921475513803174828e-01
1.178319999999999936e+03,3.910590972331560167e-01
1.178839999999999918e+03,3.899741737113043838e-01
1.179360000000000127e+03,3.888897662364728669e-01
1.179880000000000109e+03,3.878095629146212642e-01
1.180400000000000091e+03,3.867301234397897969e-01
1.180920000000000073e+03,3.856540980569382326e-01
1.181440000000000055e+03,3.845790279821066360e-01
1.181960000000000036e+03,3.835066722879252321e-01
1.182480000000000018e+03,3.824358821130936503e-01
1.183000000000000000e+03,3.813682225192621678e-01
1.183519999999999982e+03,3.803025104444306415e-01
1.184039999999999964e+03,3.792395464615790912e-01
1.184559999999999945e+03,3.781783781867475436e-01
1.185079999999999927e+03,3.771190818939660905e-01
1.185599999999999909e+03,3.760621538468044700e-01
1.186119999999999891e+03,3.750070395814271706e-01
1.186640000000000100e+03,3.739549634455956451e-01
1.187159999999999854e+03,3.729045481237440729e-01
1.187680000000000064e+03,3.718571494489125717e-01
1.188199999999999818e+03,3.708109336550809987e-01
1.188720000000000027e+03,3.697680416469195097e-01
1.189240000000000009e+03,3.687259896250679736e-01
1.189759999999999991e+03,3.676876051502364073e-01
1.190279999999999973e+03,3.666497360283848539e-01
1.190799999999999955e+03,3.656163557925533047e-01
1.191320000000000164e+03,3.645833189707017863e-01
1.191839999999999918e+03,3.635543297235402926e-01
1.192360000000000127e+03,3.625257980016887149e-01
1.192879999999999882e+03,3.615010097938771705e-01
1.193400000000000091e+03,3.604770625720257193e-01
1.193920000000000073e+03,3.594569758971942197e-01
1.194440000000000055e+03,3.584378434434126737e-01
1.194960000000000036e+03,3.574214023962510867e-01
1.195480000000000018e+03,3.564067372743995876e-01
1.196000000000000000e+03,3.553955290995680083e-01
1.196519999999999982e+03,3.543858491167164448e-01
1.197039999999999964e+03,3.533782895699049131e-01
1.197559999999999945e+03,3.523730792950734436e-01
1.198080000000000155e+03,3.513702180398918795e-01
1.198599999999999909e+03,3.503697636650602298e-01
1.199120000000000118e+03,3.493711038432087412e-01
1.199639999999999873e+03,3.483751571073772646e-01
1.200160000000000082e+03,3.473806615855256630e-01
1.200680000000000064e+03,3.463896044383641404e-01
1.201200000000000045e+03,3.453998266835325848e-01
1.201720000000000027e+03,3.444134108377711057e-01
1.202240000000000009e+03,3.434277963549195456e-01
1.202759999999999991e+03,3.424463488236137998e-01
1.203279999999999973e+03,3.414654744487822247e-01
1.203799999999999955e+03,3.404885705936006590e-01
1.204319999999999936e+03,3.395120103187692640e-01
1.204839999999999918e+03,3.385394818249377047e-01
1.205360000000000127e+03,3.375674889891060459e-01
1.205879999999999882e+03,3.365996786672546537e-01
1.206400000000000091e+03,3.356326518590930785e-01
1.206919999999999845e+03,3.346690053372415874e-01
1.207440000000000055e+03,3.337064865914800005e-01
1.207960000000000036e+03,3.327470233556483747e-01
1.208480000000000018e+03,3.317891832618168890e-01
1.209000000000000000e+03,3.308344377536553971e-01
1.209519999999999982e+03,3.298814495318038165e-01
1.210039999999999964e+03,3.289308702569723186e-01
1.210559999999999945e+03,3.279826595741207607e-01
1.211079999999999927e+03,3.270367979992892526e-01
1.211599999999999909e+03,3.260933434346534598e-01
1.212120000000000118e+03,3.251516649408219828e-01
1.212639999999999873e+03,3.242127191340604120e-01
1.213160000000000082e+03,3.232752064122089153e-01
1.213679999999999836e+03,3.223411516763774465e-01
1.214200000000000045e+03,3.214083570292158853e-01
1.214720000000000027e+03,3.204789432073642530e-01
1.215240000000000009e+03,3.195503314995527533e-01
1.215759999999999991e+03,3.186254272777012120e-01
1.216279999999999973e+03,3.177010009418696490e-01
1.216800000000000182e+03,3.167811014476881182e-01
1.217319999999999936e+03,3.158615464844523046e-01
1.217840000000000146e+03,3.149460041096208140e-01
1.218359999999999900e+03,3.140309585267692660e-01
1.218880000000000109e+03,3.131195996076278076e-01
1.219400000000000091e+03,3.122091571247762043e-01
1.219920000000000073e+03,3.113025158499446166e-01
1.220440000000000055e+03,3.103970020141131880e-01
1.220960000000000036e+03,3.094945266922617400e-01
1.221480000000000018e+03,3.085935230121201189e-01
1.222000000000000000e+03,3.076952530628643268e-01
1.222519999999999982e+03,3.067989690270327419e-01
1.223039999999999964e+03,3.059053971522012749e-01
1.223559999999999945e+03,3.050139274970196657e-01
1.224079999999999927e+03,3.041245219611882211e-01
1.224599999999999909e+03,3.032375617143766577e-01
1.225119999999999891e+03,3.023523583315251284e-01
1.225639999999999873e+03,3.014698879002193355e-01
1.226160000000000082e+03,3.005888699741078862e-01
1.226680000000000064e+03,2.997113093992763155e-01
1.227200000000000045e+03,2.988349903634446858e-01
1.227720000000000027e+03,2.979620531696131613e-01
1.228240000000000009e+03,2.970899195614515875e-01
1.228759999999999991e+03,2.962215124256201149e-01
1.229279999999999973e+03,2.953535641472943563e-01
1.229799999999999955e+03,2.944901451405328441e-01
1.230319999999999936e+03,2.936270700743712769e-01
1.230840000000000146e+03,2.927674901385397543e-01
1.231359999999999900e+03,2.919084646027082508e-01
1.231880000000000109e+03,2.910535853808566831e-01
1.232399999999999864e+03,2.901995478162209818e-01
1.232920000000000073e+03,2.893488523694093817e-01
1.233440000000000055e+03,2.884993026156278395e-01
1.233960000000000036e+03,2.876527925797963681e-01
1.234480000000000018e+03,2.868079457049648173e-01
1.235000000000000000e+03,2.859661392933090518e-01
1.235519999999999982e+03,2.851259176184774979e-01
1.236039999999999964e+03,2.842877568106659258e-01
1.236559999999999945e+03,2.834520042278144136e-01
1.237079999999999927e+03,2.826185666097228988e-01
1.237600000000000136e+03,2.817875747738913250e-01
1.238119999999999891e+03,2.809583416345655671e-01
1.238640000000000100e+03,2.801314959877541089e-01
1.239159999999999854e+03,2.793059109795925088e-01
1.239680000000000064e+03,2.784838032967409394e-01
1.240200000000000045e+03,2.776629193509794202e-01
1.240720000000000027e+03,2.768454566866936362e-01
1.241240000000000009e+03,2.760287578315120949e-01
1.241759999999999991e+03,2.752157857566806531e-01
1.242279999999999973e+03,2.744032731208490006e-01
1.242799999999999955e+03,2.735948116815233311e-01
1.243319999999999936e+03,2.727866945914518282e-01
1.243839999999999918e+03,2.719825522556202357e-01
1.244360000000000127e+03,2.711789257727686975e-01
1.244880000000000109e+03,2.703789507646071621e-01
1.245400000000000091e+03,2.695798350333014626e-01
1.245920000000000073e+03,2.687840641784698392e-01
1.246440000000000055e+03,2.679894582717083362e-01
1.246960000000000036e+03,2.671978706245468072e-01
1.247480000000000018e+03,2.664075822852209896e-01
1.248000000000000000e+03,2.656196477774094289e-01
1.248519999999999982e+03,2.648337579415778742e-01
1.249039999999999964e+03,2.640505432473963521e-01
1.249559999999999945e+03,2.632691826406349245e-01
1.250079999999999927e+03,2.624896197483291282e-01
1.250599999999999909e+03,2.617128251934975891e-01
1.251119999999999891e+03,2.609379796463360823e-01
1.251640000000000100e+03,2.601655618105045420e-01
1.252159999999999854e+03,2.593943697472687604e-01
1.252680000000000064e+03,2.586262918201072125e-01
1.253199999999999818e+03,2.578592847452756964e-01
1.253720000000000027e+03,2.570956989529699643e-01
1.254240000000000009e+03,2.563328769701184173e-01
1.254759999999999991e+03,2.555733430619568369e-01
1.255279999999999973e+03,2.548141911442153296e-01
1.255799999999999955e+03,2.540596091048895611e-01
1.256320000000000164e+03,2.533053522690580928e-01
1.256839999999999918e+03,2.525545525608965391e-01
1.257360000000000127e+03,2.518042494530848829e-01
1.257879999999999882e+03,2.510571194038291321e-01
1.258400000000000091e+03,2.503109448956676863e-01
1.258920000000000073e+03,2.495685375598360733e-01
1.259440000000000055e+03,2.488271435485302774e-01
1.259960000000000036e+03,2.480883873126988048e-01
1.260480000000000018e+03,2.473509494946072584e-01
1.261000000000000000e+03,2.466158629587757722e-01
1.261519999999999982e+03,2.458825919474699195e-01
1.262039999999999964e+03,2.451516908393083782e-01
1.262559999999999945e+03,2.444229309034768871e-01
1.263080000000000155e+03,2.436961994402411236e-01
1.263599999999999909e+03,2.429719502464096348e-01
1.264120000000000118e+03,2.422494204382480698e-01
1.264639999999999873e+03,2.415293188024165427e-01
1.265160000000000082e+03,2.408104420630907128e-01
1.265680000000000064e+03,2.400943001839992708e-01
1.266200000000000045e+03,2.393790961761877167e-01
1.266720000000000027e+03,2.386673304838819176e-01
1.267240000000000009e+03,2.379562893897003983e-01
1.267759999999999991e+03,2.372485765818888037e-01
1.268279999999999973e+03,2.365412089186531286e-01
1.268799999999999955e+03,2.358379307828215588e-01
1.269319999999999936e+03,2.351349579276400259e-01
1.269839999999999918e+03,2.344354262633542574e-01
1.270360000000000127e+03,2.337363913275226357e-01
1.270879999999999882e+03,2.330405320484311149e-01
1.271400000000000091e+03,2.323455708701054057e-01
1.271919999999999845e+03,2.316538969622939093e-01
1.272440000000000055e+03,2.309632740541323614e-01
1.272960000000000036e+03,2.302752706908965663e-01
1.273480000000000018e+03,2.295887760080450313e-01
1.274000000000000000e+03,2.289049602002335704e-01
1.274519999999999982e+03,2.282227501355977572e-01
1.275039999999999964e+03,2.275425848997662259e-01
1.275559999999999945e+03,2.268640639459847119e-01
1.276079999999999927e+03,2.261870370093689020e-01
1.276599999999999909e+03,2.255128374735373142e-01
1.277120000000000118e+03,2.248405112377058757e-01
1.277639999999999873e+03,2.241703257161200835e-01
1.278160000000000082e+03,2.235011535083085976e-01
1.278679999999999836e+03,2.228347351724769276e-01
1.279200000000000045e+03,2.221692164078412635e-01
1.279720000000000027e+03,2.215071755000296572e-01
1.280240000000000009e+03,2.208458419462481226e-01
1.280759999999999991e+03,2.201878344539423826e-01
1.281279999999999745e+03,2.195301900457807820e-01
1.281800000000000182e+03,2.188756064814950664e-01
1.282319999999999936e+03,2.182213283277135429e-01
1.282839999999999918e+03,2.175710097195520110e-01
1.283360000000000127e+03,2.169211689272462495e-01
1.283880000000000109e+03,2.162745009194347034e-01
1.284400000000000091e+03,2.156286160403431407e-01
1.284919999999999845e+03,2.149855991010174439e-01
1.285440000000000055e+03,2.143435185932059117e-01
1.285960000000000036e+03,2.137036394285701246e-01
1.286480000000000018e+03,2.130653271218085620e-01
1.287000000000000000e+03,2.124296354859770974e-01
1.287519999999999982e+03,2.117955875023413148e-01
1.288039999999999964e+03,2.111635660665097391e-01
1.288559999999999945e+03,2.105331877597481638e-01
1.289079999999999927e+03,2.099043207231324204e-01
1.289600000000000136e+03,2.092776331873009432e-01
1.290119999999999891e+03,2.086524188479751407e-01
1.290639999999999873e+03,2.080296905688836517e-01
1.291160000000000082e+03,2.074081293610720023e-01
1.291680000000000064e+03,2.067893590687663041e-01
1.292200000000000045e+03,2.061714680606047678e-01
1.292719999999999800e+03,2.055566174783689803e-01
1.293240000000000236e+03,2.049423991425373959e-01
1.293759999999999991e+03,2.043310285779016966e-01
1.294279999999999973e+03,2.037199451700901498e-01
1.294799999999999955e+03,2.031124756633285733e-01
1.295320000000000164e+03,2.025052936906728274e-01
1.295840000000000146e+03,2.019015355548413049e-01
1.296359999999999900e+03,2.012982175905555227e-01
1.296879999999999882e+03,2.006975944114639809e-01
1.297400000000000091e+03,2.000977743756324478e-01
1.297920000000000073e+03,1.995008238643267151e-01
1.298440000000000055e+03,1.989049625561652157e-01
1.298959999999999809e+03,1.983116634929294186e-01
1.299480000000000018e+03,1.977195487851179101e-01
1.300000000000000000e+03,1.971293871204821135e-01
1.300519999999999982e+03,1.965406585846505572e-01
1.301040000000000191e+03,1.959536502308690253e-01
1.301559999999999945e+03,1.953685746942532830e-01
1.302079999999999927e+03,1.947852227974217476e-01
1.302599999999999909e+03,1.942040878341859678e-01
1.303120000000000118e+03,1.936244056540444569e-01
1.303640000000000100e+03,1.930468644617386320e-01
1.304159999999999854e+03,1.924703358788871499e-01
1.304679999999999836e+03,1.918961814713413816e-01
1.305200000000000045e+03,1.913227745355098597e-01
1.305720000000000027e+03,1.907524427273482592e-01
1.306240000000000009e+03,1.901827034020624752e-01
1.306759999999999764e+03,1.896158346953009943e-01
1.307280000000000200e+03,1.890492353836451811e-01
1.307799999999999955e+03,1.884857513478137292e-01
1.308319999999999936e+03,1.879225165125978925e-01
1.308839999999999918e+03,1.873621915044363651e-01
1.309360000000000127e+03,1.868024212121306149e-01
1.309880000000000109e+03,1.862457644433190562e-01
1.310399999999999864e+03,1.856898152077532949e-01
1.310920000000000073e+03,1.851362979249017715e-01
1.311440000000000055e+03,1.845838896606160351e-01
1.311960000000000036e+03,1.840340424524544993e-01
1.312480000000000018e+03,1.834851902892187248e-01
1.313000000000000000e+03,1.829379653090771884e-01
1.313519999999999982e+03,1.823924038557714344e-01
1.314039999999999964e+03,1.818488321019898768e-01
1.314559999999999945e+03,1.813066555218483533e-01
1.315080000000000155e+03,1.807657227295425550e-01
1.315599999999999909e+03,1.802269881227810122e-01
1.316119999999999891e+03,1.796897085251652759e-01
1.316639999999999873e+03,1.791545897893337680e-01
1.317160000000000082e+03,1.786204474970279621e-01
1.317680000000000064e+03,1.780883139459564224e-01
1.318199999999999818e+03,1.775567744066306741e-01
1.318720000000000255e+03,1.770283311374691304e-01
1.319240000000000009e+03,1.765004808022533345e-01
1.319759999999999991e+03,1.759755010664218466e-01
1.320279999999999973e+03,1.754507911017860466e-01
1.320800000000000182e+03,1.749286808939745086e-01
1.321320000000000164e+03,1.744068384697387841e-01
1.321839999999999918e+03,1.738883999615772058e-01
1.322359999999999900e+03,1.733703635502714391e-01
1.322880000000000109e+03,1.728545452711799379e-01
1.323400000000000091e+03,1.723394345178741460e-01
1.323920000000000073e+03,1.718267561100626506e-01
1.324439999999999827e+03,1.713150531744968841e-01
1.324960000000000036e+03,1.708055099821911005e-01
1.325480000000000018e+03,1.702971713133795695e-01
1.326000000000000000e+03,1.697907851487437947e-01
1.326519999999999982e+03,1.692855844949622268e-01
1.327039999999999964e+03,1.687818009583464673e-01
1.327559999999999945e+03,1.682800059615149890e-01
1.328079999999999927e+03,1.677798950982792026e-01
1.328600000000000136e+03,1.672810661181376723e-01
1.329120000000000118e+03,1.667830426258319065e-01
1.329639999999999873e+03,1.662875601580703633e-01
1.330159999999999854e+03,1.657932064214545920e-01
1.330680000000000064e+03,1.653008607856230050e-01
1.331200000000000045e+03,1.648091284030372417e-01
1.331720000000000027e+03,1.643200564342257031e-01
1.332239999999999782e+03,1.638314647419199799e-01
1.332760000000000218e+03,1.633452813628284150e-01
1.333279999999999973e+03,1.628593089375426350e-01
1.333799999999999955e+03,1.623764904729068925e-01
1.334319999999999936e+03,1.618938435650953689e-01
1.334840000000000146e+03,1.614136302408595847e-01
1.335360000000000127e+03,1.609339136326980724e-01
1.335879999999999882e+03,1.604568386684122883e-01
1.336399999999999864e+03,1.599803740893207815e-01
1.336920000000000073e+03,1.595059179889949663e-01
1.337440000000000055e+03,1.590324369811834671e-01
1.337960000000000036e+03,1.585611216456176975e-01
1.338480000000000018e+03,1.580908185923119436e-01
1.339000000000000000e+03,1.576221221121704152e-01
1.339519999999999982e+03,1.571548790489346037e-01
1.340039999999999964e+03,1.566893390521031104e-01
1.340560000000000173e+03,1.562249092154873453e-01
1.341079999999999927e+03,1.557614566087257846e-01
1.341599999999999909e+03,1.552999355111100432e-01
1.342119999999999891e+03,1.548396206188042690e-01
1.342640000000000100e+03,1.543814858120427513e-01
1.343160000000000082e+03,1.539243271674069491e-01
1.343679999999999836e+03,1.534687572315753812e-01
1.344199999999999818e+03,1.530136863350096132e-01
1.344720000000000027e+03,1.525612719271980944e-01
1.345240000000000009e+03,1.521093358348923341e-01
1.345759999999999991e+03,1.516598315383265727e-01
1.346279999999999745e+03,1.512105198305150333e-01
1.346800000000000182e+03,1.507638271658792717e-01
1.347319999999999936e+03,1.503173448261377887e-01
1.347839999999999918e+03,1.498732577338319494e-01
1.348360000000000127e+03,1.494296863691962074e-01
1.348880000000000109e+03,1.489887344294546778e-01
1.349400000000000091e+03,1.485482989648188867e-01
1.349919999999999845e+03,1.481094534679873453e-01
1.350440000000000055e+03,1.476715834327715915e-01
1.350960000000000036e+03,1.472358969211158275e-01
1.351480000000000018e+03,1.468010131523042605e-01
1.352000000000000000e+03,1.463674114167385354e-01
1.352519999999999982e+03,1.459352629199069940e-01
1.353039999999999964e+03,1.455047990556212478e-01
1.353559999999999945e+03,1.450754832200554512e-01
1.354079999999999927e+03,1.446471250232239381e-01
1.354600000000000136e+03,1.442206987866081758e-01
1.355119999999999891e+03,1.437954785188466367e-01
1.355639999999999873e+03,1.433717126822308674e-01
1.356160000000000082e+03,1.429485796289250987e-01
1.356680000000000064e+03,1.425274914221635603e-01
1.357200000000000045e+03,1.421069780855478137e-01
1.357719999999999800e+03,1.416887041177862239e-01
1.358240000000000236e+03,1.412708149811704728e-01
1.358759999999999991e+03,1.408553560278647532e-01
1.359279999999999973e+03,1.404401073211031525e-01
1.359799999999999955e+03,1.400274420234874362e-01
1.360320000000000164e+03,1.396149686311816407e-01
1.360840000000000146e+03,1.392044074910901708e-01
1.361359999999999900e+03,1.387942864268043586e-01
1.361879999999999882e+03,1.383863306621685441e-01
1.362400000000000091e+03,1.379790246754070138e-01
1.362920000000000073e+03,1.375737106831012579e-01
1.363440000000000055e+03,1.371692177139397506e-01
1.363959999999999809e+03,1.367665224787239509e-01
1.364480000000000018e+03,1.363646319530882334e-01
1.365000000000000000e+03,1.359640262743466443e-01
1.365519999999999982e+03,1.355646634487109037e-01
1.366040000000000191e+03,1.351666772564051322e-01
1.366559999999999945e+03,1.347698403166636139e-01
1.367079999999999927e+03,1.343739440520278494e-01
1.367599999999999909e+03,1.339800166267420822e-01
1.368120000000000118e+03,1.335872740476505560e-01
1.368640000000000100e+03,1.331956249943448134e-01
1.369159999999999854e+03,1.328044569577289946e-01
1.369679999999999836e+03,1.324153337899674765e-01
1.370200000000000045e+03,1.320267663256816937e-01
1.370720000000000027e+03,1.316404557291159516e-01
1.371240000000000009e+03,1.312545095932843575e-01
1.371759999999999764e+03,1.308705371956686014e-01
1.372280000000000200e+03,1.304867381324328890e-01
1.372799999999999955e+03,1.301055006912913425e-01
1.373319999999999936e+03,1.297244740989855760e-01
1.373839999999999918e+03,1.293453454747497955e-01
1.374360000000000127e+03,1.289665803946082601e-01
1.374880000000000109e+03,1.285895366703724840e-01
1.375399999999999864e+03,1.282131433337567461e-01
1.375920000000000073e+03,1.278387405369251772e-01
1.376440000000000055e+03,1.274649890013594133e-01
1.376960000000000036e+03,1.270926759760736546e-01
1.377480000000000018e+03,1.267212039679121161e-01
1.378000000000000000e+03,1.263509758716963582e-01
1.378519999999999982e+03,1.259820098183905834e-01
1.379039999999999964e+03,1.256144035392990077e-01
1.379559999999999945e+03,1.252479642140132965e-01
1.380080000000000155e+03,1.248824642493775450e-01
1.380599999999999909e+03,1.245182854096359704e-01
1.381119999999999891e+03,1.241548753450002068e-01
1.381639999999999873e+03,1.237933190197144789e-01
1.382160000000000082e+03,1.234325278406229465e-01
1.382680000000000064e+03,1.230733825873171761e-01
1.383199999999999818e+03,1.227146791911013640e-01
1.383720000000000255e+03,1.223573555829398640e-01
1.384240000000000009e+03,1.220002258576540904e-01
1.384759999999999991e+03,1.216455811220882866e-01
1.385279999999999973e+03,1.212911087687825323e-01
1.385800000000000182e+03,1.209392382177110203e-01
1.386320000000000164e+03,1.205875021644052386e-01
1.386839999999999918e+03,1.202371850667894732e-01
1.387359999999999900e+03,1.198872304600279437e-01
1.387880000000000109e+03,1.195390223624121784e-01
1.388400000000000091e+03,1.191913298701064161e-01
1.388920000000000073e+03,1.188452252458706698e-01
1.389439999999999827e+03,1.184999617047290954e-01
1.389960000000000036e+03,1.181564596414933221e-01
1.390480000000000018e+03,1.178135894438775699e-01
1.391000000000000000e+03,1.174716778080460017e-01
1.391519999999999982e+03,1.171307623395002606e-01
1.392039999999999964e+03,1.167909213861945128e-01
1.392559999999999945e+03,1.164525526506287184e-01
1.393079999999999927e+03,1.161153501818171924e-01
1.393600000000000136e+03,1.157791437561814102e-01
1.394120000000000118e+03,1.154435128209656547e-01
1.394639999999999873e+03,1.151093567241341098e-01
1.395159999999999854e+03,1.147758351636083696e-01
1.395680000000000064e+03,1.144439382103026176e-01
1.396200000000000045e+03,1.141125006846668427e-01
1.396720000000000027e+03,1.137828617059252756e-01
1.397239999999999782e+03,1.134535306802895160e-01
1.397760000000000218e+03,1.131256552840737700e-01
1.398279999999999973e+03,1.127979336194379761e-01
1.398799999999999955e+03,1.124727966506264415e-01
1.399319999999999936e+03,1.121477952540606560e-01
1.399840000000000146e+03,1.118242096617548947e-01
1.400360000000000127e+03,1.115009870932091446e-01
1.400879999999999882e+03,1.111795071573775662e-01
1.401399999999999864e+03,1.108585634888318294e-01
1.401920000000000073e+03,1.105391738355260695e-01
1.402440000000000055e+03,1.102204722712403079e-01
1.402960000000000036e+03,1.099031863311487472e-01
1.403480000000000018e+03,1.095865320058630049e-01
1.404000000000000000e+03,1.092708171092971886e-01
1.404519999999999982e+03,1.089560973169914349e-01
1.405039999999999964e+03,1.086424890758499046e-01
1.405560000000000173e+03,1.083297431516141440e-01
1.406079999999999927e+03,1.080176898149983605e-01
1.406599999999999909e+03,1.077069940907626200e-01
1.407119999999999891e+03,1.073970251966411132e-01
1.407640000000000100e+03,1.070885872043352977e-01
1.408160000000000082e+03,1.067807243357895702e-01
1.408679999999999836e+03,1.064741083824837647e-01
1.409199999999999818e+03,1.061678384033922645e-01
1.409720000000000027e+03,1.058633852781064866e-01
1.410240000000000009e+03,1.055591809815406984e-01
1.410759999999999991e+03,1.052569866562549777e-01
1.411279999999999745e+03,1.049549266480934162e-01
1.411800000000000182e+03,1.046544186518776343e-01
1.412319999999999936e+03,1.043540644262418715e-01
1.412839999999999918e+03,1.040551114910261282e-01
1.413360000000000127e+03,1.037565601377203328e-01
1.413880000000000109e+03,1.034597108685587907e-01
1.414400000000000091e+03,1.031632640723430250e-01
1.414919999999999845e+03,1.028679868077072568e-01
1.415440000000000055e+03,1.025734171585115234e-01
1.415960000000000036e+03,1.022802264893499929e-01
1.416480000000000018e+03,1.019877644541342110e-01
1.417000000000000000e+03,1.016963202284984630e-01
1.417519999999999982e+03,1.014057169032126782e-01
1.418039999999999964e+03,1.011159942066469225e-01
1.418559999999999945e+03,1.008272858988353837e-01
1.419079999999999927e+03,1.005393636022696158e-01
1.419600000000000136e+03,1.002525329489638573e-01
1.420119999999999891e+03,9.996633518041808664e-02
1.420639999999999873e+03,9.968136268811231271e-02
1.421160000000000082e+03,9.939686654697077461e-02
1.421680000000000064e+03,9.911381012273499935e-02
1.422200000000000045e+03,9.883111797213924021e-02
1.422719999999999800e+03,9.854990260890349185e-02
1.423240000000000236e+03,9.826889891128773313e-02
1.423759999999999991e+03,9.798952084352617609e-02
1.424279999999999973e+03,9.771029644591042174e-02
1.424799999999999955e+03,9.743273822167465570e-02
1.425320000000000164e+03,9.715535238505888793e-02
1.425840000000000146e+03,9.687942363175312821e-02
1.426359999999999900e+03,9.660381929166156345e-02
1.426879999999999882e+03,9.632961456637581521e-02
1.427400000000000091e+03,9.605584963081002792e-02
1.427920000000000073e+03,9.578333155254427356e-02
1.428440000000000055e+03,9.551136755597851302e-02
1.428959999999999809e+03,9.524047728716694694e-02
1.429480000000000018e+03,9.497025736153121012e-02
1.430000000000000000e+03,9.470097732631543863e-02
1.430519999999999982e+03,9.443253920067967710e-02
1.431040000000000191e+03,9.416494500446391525e-02
1.431559999999999945e+03,9.389828867882812902e-02
1.432079999999999927e+03,9.363232313908660676e-02
1.432599999999999909e+03,9.336741087445081522e-02
1.433120000000000118e+03,9.310307367823505986e-02
1.433640000000000100e+03,9.283986719961929979e-02
1.434159999999999854e+03,9.257710217433352817e-02
1.434679999999999836e+03,9.231563663424198485e-02
1.435200000000000045e+03,9.205449754193621714e-02
1.435720000000000027e+03,9.179473927339046324e-02
1.436240000000000009e+03,9.153517392008470033e-02
1.436759999999999764e+03,9.127712205153890035e-02
1.437280000000000200e+03,9.101918569823316818e-02
1.437799999999999955e+03,9.076280068616161822e-02
1.438319999999999936e+03,9.050660774087584959e-02
1.438839999999999918e+03,9.025169677233008114e-02
1.439360000000000127e+03,8.999711091902432014e-02
1.439880000000000109e+03,8.974383142140854308e-02
1.440399999999999864e+03,8.949095349717277326e-02
1.440920000000000073e+03,8.923914719955701458e-02
1.441440000000000055e+03,8.898787733179548687e-02
1.441960000000000036e+03,8.873764519517973737e-02
1.442480000000000018e+03,8.848806297094395645e-02
1.443000000000000000e+03,8.823934262034818787e-02
1.443519999999999982e+03,8.799138889611239633e-02
1.444039999999999964e+03,8.774420419849664199e-02
1.444559999999999945e+03,8.749786053073510539e-02
1.445080000000000155e+03,8.725212993311935727e-02
1.445599999999999909e+03,8.700737634081358307e-02
1.446119999999999891e+03,8.676312147226780680e-02
1.446639999999999873e+03,8.651997781896204887e-02
1.447160000000000082e+03,8.627723769743626814e-02
1.447680000000000064e+03,8.603570544413051413e-02
1.448199999999999818e+03,8.579444333205898943e-02
1.448720000000000255e+03,8.555446267875320421e-02
1.449240000000000009e+03,8.531467411020744740e-02
1.449759999999999991e+03,8.507624601790164665e-02
1.450279999999999973e+03,8.483791402133589177e-02
1.450800000000000182e+03,8.460101987074011842e-02
1.451320000000000164e+03,8.436427864650435093e-02
1.451839999999999918e+03,8.412884124888858617e-02
1.452359999999999900e+03,8.389365175205705516e-02
1.452880000000000109e+03,8.365957348351128753e-02
1.453400000000000091e+03,8.342589673020550656e-02
1.453920000000000073e+03,8.319329716165974054e-02
1.454439999999999827e+03,8.296115636935398607e-02
1.454960000000000036e+03,8.272991824782821579e-02
1.455480000000000018e+03,8.249927229452246047e-02
1.456000000000000000e+03,8.226944972597670380e-02
1.456519999999999982e+03,8.204033592914515560e-02
1.457039999999999964e+03,8.181193476059939185e-02
1.457559999999999945e+03,8.158427890729361143e-02
1.458079999999999927e+03,8.135717903874783996e-02
1.458600000000000136e+03,8.113099873246208682e-02
1.459120000000000118e+03,8.090531776391632346e-02
1.459639999999999873e+03,8.068063241061054769e-02
1.460159999999999854e+03,8.045633164206478227e-02
1.460680000000000064e+03,8.023310534975899855e-02
1.461200000000000045e+03,8.001016783768746810e-02
1.461720000000000027e+03,7.978841731205170429e-02
1.462239999999999782e+03,7.956683903378591882e-02
1.462760000000000218e+03,7.934650443722018887e-02
1.463279999999999973e+03,7.912628491193440805e-02
1.463799999999999955e+03,7.890731391536866257e-02
1.464319999999999936e+03,7.868849619008286278e-02
1.464840000000000146e+03,7.847084909351709214e-02
1.465360000000000127e+03,7.825346971525135031e-02
1.465879999999999882e+03,7.803718171868556652e-02
1.466399999999999864e+03,7.782123764987403103e-02
1.466920000000000073e+03,7.760619865330825595e-02
1.467440000000000055e+03,7.739163762802250823e-02
1.467960000000000036e+03,7.717791905947672670e-02
1.468480000000000018e+03,7.696475615319096908e-02
1.469000000000000000e+03,7.675234138464519240e-02
1.469519999999999982e+03,7.654057945900941129e-02
1.470039999999999964e+03,7.632943326279365004e-02
1.470560000000000173e+03,7.611901383715789782e-02
1.471079999999999927e+03,7.590913124094213205e-02
1.471599999999999909e+03,7.570007126232636274e-02
1.472119999999999891e+03,7.549145142258484320e-02
1.472640000000000100e+03,7.528375315794906542e-02
1.473160000000000082e+03,7.507638266173327635e-02
1.473679999999999836e+03,7.487002843609751046e-02
1.474199999999999818e+03,7.466392353988174357e-02
1.474720000000000027e+03,7.445894836126598637e-02
1.475240000000000009e+03,7.425408796505021669e-02
1.475759999999999991e+03,7.405041623941445439e-02
1.476279999999999745e+03,7.384682147086868431e-02
1.476800000000000182e+03,7.364438011756294089e-02
1.477319999999999936e+03,7.344211124901717236e-02
1.477839999999999918e+03,7.324087704273138377e-02
1.478360000000000127e+03,7.303989037418560926e-02
1.478880000000000109e+03,7.283993767735408298e-02
1.479400000000000091e+03,7.264027290880832599e-02
1.479919999999999845e+03,7.244147405550255270e-02
1.480440000000000055e+03,7.224307788695678856e-02
1.480960000000000036e+03,7.204546908067102629e-02
1.481480000000000018e+03,7.184839535112527709e-02
1.482000000000000000e+03,7.165199202548946933e-02
1.482519999999999982e+03,7.145618282927371223e-02
1.483039999999999964e+03,7.126093050363795089e-02
1.483559999999999945e+03,7.106636865444218576e-02
1.484079999999999927e+03,7.087226785682640418e-02
1.484600000000000136e+03,7.067899133259063216e-02
1.485119999999999891e+03,7.048609883497487794e-02
1.485639999999999873e+03,7.029403111073910526e-02
1.486160000000000082e+03,7.010225176014332760e-02
1.486680000000000064e+03,6.991142953590756548e-02
1.487200000000000045e+03,6.972079883829181146e-02
1.487719999999999800e+03,6.953120519820027434e-02
1.488240000000000236e+03,6.934172847291450448e-02
1.488759999999999991e+03,6.915338067634875518e-02
1.489279999999999973e+03,6.896512919808296671e-02
1.489799999999999955e+03,6.877791330151721005e-02
1.490320000000000164e+03,6.859083157623142857e-02
1.490840000000000146e+03,6.840472947966567963e-02
1.491359999999999900e+03,6.821885655437989748e-02
1.491879999999999882e+03,6.803390380483413657e-02
1.492400000000000091e+03,6.784923770721837388e-02
1.492920000000000073e+03,6.766532351100258691e-02
1.493440000000000055e+03,6.748184908536683513e-02
1.493959999999999809e+03,6.729908342815106581e-02
1.494480000000000018e+03,6.711679704953528447e-02
1.495000000000000000e+03,6.693508685331951702e-02
1.495519999999999982e+03,6.675395162768375801e-02
1.496040000000000191e+03,6.657335473146799854e-02
1.496559999999999945e+03,6.639338995285223866e-02
1.497079999999999927e+03,6.621382698430647307e-02
1.497599999999999909e+03,6.603501283100071673e-02
1.498120000000000118e+03,6.585658476245492832e-02
1.498640000000000100e+03,6.567888390914915220e-02
1.499159999999999854e+03,6.550143278762339538e-02
1.499679999999999836e+03,6.532488243431762431e-02
1.500200000000000045e+03,6.514854426577186552e-02
1.500720000000000027e+03,6.497314550715610482e-02
1.501240000000000009e+03,6.479784368292033914e-02
1.501759999999999764e+03,6.462357613232456999e-02
1.502280000000000200e+03,6.444938460808878611e-02
1.502799999999999955e+03,6.427619331047301765e-02
1.503319999999999936e+03,6.410311758623725431e-02
1.503839999999999918e+03,6.393092264509570022e-02
1.504360000000000127e+03,6.375893896787995785e-02
1.504880000000000109e+03,6.358774007026418706e-02
1.505399999999999864e+03,6.341682917369842465e-02
1.505920000000000073e+03,6.324668878741265821e-02
1.506440000000000055e+03,6.307689306588688816e-02
1.506960000000000036e+03,6.290774834165112350e-02
1.507480000000000018e+03,6.273904444403535785e-02
1.508000000000000000e+03,6.257087931979957163e-02
1.508519999999999982e+03,6.240325102218378939e-02
1.509039999999999964e+03,6.223608447263803689e-02
1.509559999999999945e+03,6.206953124735228172e-02
1.510080000000000155e+03,6.190336308978650059e-02
1.510599999999999909e+03,6.173788346450073683e-02
1.511119999999999891e+03,6.157273041495495841e-02
1.511639999999999873e+03,6.140826758966918403e-02
1.512160000000000082e+03,6.124405512112343630e-02
1.512680000000000064e+03,6.108066789548766140e-02
1.513199999999999818e+03,6.091745394629188848e-02
1.513720000000000255e+03,6.075508252065613124e-02
1.514240000000000009e+03,6.059280716344036394e-02
1.514759999999999991e+03,6.043151233780459652e-02
1.515279999999999973e+03,6.027029544158885033e-02
1.515800000000000182e+03,6.010992126297307059e-02
1.516320000000000164e+03,5.994966189442731130e-02
1.516839999999999918e+03,5.979028357019153944e-02
1.517359999999999900e+03,5.963109731157577309e-02
1.517880000000000109e+03,5.947260546238000017e-02
1.518400000000000091e+03,5.931438163674424696e-02
1.518920000000000073e+03,5.915684746819847850e-02
1.519439999999999827e+03,5.899963925841845980e-02
1.519960000000000036e+03,5.884304683689269705e-02
1.520480000000000018e+03,5.868687468358691622e-02
1.521000000000000000e+03,5.853122035404115936e-02
1.521519999999999982e+03,5.837598760073538923e-02
1.522039999999999964e+03,5.822117897920961460e-02
1.522559999999999945e+03,5.806696458159384816e-02
1.523079999999999927e+03,5.791315425735810152e-02
1.523600000000000136e+03,5.775990042781233014e-02
1.524120000000000118e+03,5.760693582152653924e-02
1.524639999999999873e+03,5.745466055298078384e-02
1.525159999999999854e+03,5.730263399967502891e-02
1.525680000000000064e+03,5.715129863112924924e-02
1.526200000000000045e+03,5.700011838053348906e-02
1.526720000000000027e+03,5.684978219529772392e-02
1.527239999999999782e+03,5.669954249768195675e-02
1.527760000000000218e+03,5.655012657344618554e-02
1.528279999999999973e+03,5.640078742285042912e-02
1.528799999999999955e+03,5.625227422628464868e-02
1.529319999999999936e+03,5.610387613999888445e-02
1.529840000000000146e+03,5.595620884343311535e-02
1.530360000000000127e+03,5.580873339423734342e-02
1.530879999999999882e+03,5.566196679662156060e-02
1.531399999999999864e+03,5.551542990005579881e-02
1.531920000000000073e+03,5.536948961377004264e-02
1.532440000000000055e+03,5.522389446422427961e-02
1.532960000000000036e+03,5.507885733893851110e-02
1.533480000000000018e+03,5.493416454237273067e-02
1.534000000000000000e+03,5.478991301708695943e-02
1.534519999999999982e+03,5.464612183456119682e-02
1.535039999999999964e+03,5.450277300892544113e-02
1.535560000000000173e+03,5.435988545623544194e-02
1.536079999999999927e+03,5.421730615966968009e-02
1.536599999999999909e+03,5.407533992040391979e-02
1.537119999999999891e+03,5.393366032383814512e-02
1.537640000000000100e+03,5.379257682622236303e-02
1.538160000000000082e+03,5.365168583000661656e-02
1.538679999999999836e+03,5.351150385139084170e-02
1.539199999999999818e+03,5.337145579417508501e-02
1.539720000000000027e+03,5.323212086853931074e-02
1.540240000000000009e+03,5.309286424701353813e-02
1.540759999999999991e+03,5.295442852277776336e-02
1.541279999999999745e+03,5.281606976416199778e-02
1.541800000000000182e+03,5.267842416794622784e-02
1.542319999999999936e+03,5.254091358933046796e-02
1.542839999999999918e+03,5.240407372078468434e-02
1.543360000000000127e+03,5.226740620647894048e-02
1.543880000000000109e+03,5.213140923793316978e-02
1.544400000000000091e+03,5.199562413164739855e-02
1.544919999999999845e+03,5.186036130662740468e-02
1.545440000000000055e+03,5.172540427708163108e-02
1.545960000000000036e+03,5.159098442377586802e-02
1.546480000000000018e+03,5.145688970225009706e-02
1.547000000000000000e+03,5.132319814894432258e-02
1.547519999999999982e+03,5.118990981939855467e-02
1.548039999999999964e+03,5.105700626880278759e-02
1.548559999999999945e+03,5.092458284456701650e-02
1.549079999999999927e+03,5.079246804695124184e-02
1.549600000000000136e+03,5.066086996171548229e-02
1.550119999999999891e+03,5.052948384018972339e-02
1.550639999999999873e+03,5.039871151455394688e-02
1.551160000000000082e+03,5.026811311833818963e-02
1.551680000000000064e+03,5.013814690674241181e-02
1.552200000000000045e+03,5.000829672603242237e-02
1.552719999999999800e+03,4.987911822841665371e-02
1.553240000000000236e+03,4.974999857085087712e-02
1.553759999999999991e+03,4.962164769258511909e-02
1.554279999999999973e+03,4.949337342403935247e-02
1.554799999999999955e+03,4.936573189980358878e-02
1.555320000000000164e+03,4.923820538820782022e-02
1.555840000000000146e+03,4.911133339164204525e-02
1.556359999999999900e+03,4.898465286635627497e-02
1.556879999999999882e+03,4.885852830879049841e-02
1.557400000000000091e+03,4.873261463052473014e-02
1.557920000000000073e+03,4.860716406197897188e-02
1.558440000000000055e+03,4.848202040893897363e-02
1.558959999999999809e+03,4.835732006967320001e-02
1.559480000000000018e+03,4.823294507310742912e-02
1.560000000000000000e+03,4.810897267549166939e-02
1.560519999999999982e+03,4.798540276529590642e-02
1.561040000000000191e+03,4.786217823966013724e-02
1.561559999999999945e+03,4.773935684344436658e-02
1.562079999999999927e+03,4.761680588587859086e-02
1.562599999999999909e+03,4.749473573528283088e-02
1.563120000000000118e+03,4.737287733906706683e-02
1.563640000000000100e+03,4.725157485243131061e-02
1.564159999999999854e+03,4.713044594676130128e-02
1.564679999999999836e+03,4.700989282112553319e-02
1.565200000000000045e+03,4.688945589157976490e-02
1.565720000000000027e+03,4.676963241436399993e-02
1.566240000000000009e+03,4.664988551674823652e-02
1.566759999999999764e+03,4.653079252053246573e-02
1.567280000000000200e+03,4.641177693389669096e-02
1.567799999999999955e+03,4.629337541237092679e-02
1.568319999999999936e+03,4.617508805906515856e-02
1.568839999999999918e+03,4.605737882951939366e-02
1.569360000000000127e+03,4.593982355151939728e-02
1.569880000000000109e+03,4.582280479821362190e-02
1.570399999999999864e+03,4.570595856866786072e-02
1.570920000000000073e+03,4.558957546238209813e-02
1.571440000000000055e+03,4.547344139383632106e-02
1.571960000000000036e+03,4.535772903522055505e-02
1.572480000000000018e+03,4.524232421098478563e-02
1.573000000000000000e+03,4.512730528945901876e-02
1.573519999999999982e+03,4.501261120282325917e-02
1.574039999999999964e+03,4.489822505013325860e-02
1.574559999999999945e+03,4.478424253853748732e-02
1.575080000000000155e+03,4.467053001430171255e-02
1.575599999999999909e+03,4.455725784575595427e-02
1.576119999999999891e+03,4.444415940614019483e-02
1.576639999999999873e+03,4.433157930992442930e-02
1.577160000000000082e+03,4.421911631230866085e-02
1.577680000000000064e+03,4.410720857409287932e-02
1.578199999999999818e+03,4.399537872000288535e-02
1.578720000000000255e+03,4.388420142343712332e-02
1.579240000000000009e+03,4.377306421324134167e-02
1.579759999999999991e+03,4.366255941562557918e-02
1.580279999999999973e+03,4.355209281905981361e-02
1.580800000000000182e+03,4.344216637979405465e-02
1.581320000000000164e+03,4.333233508322827804e-02
1.581839999999999918e+03,4.322304162601250943e-02
1.582359999999999900e+03,4.311390211894251118e-02
1.582880000000000109e+03,4.300522482237675165e-02
1.583400000000000091e+03,4.289675813609097887e-02
1.583920000000000073e+03,4.278873273952520789e-02
1.584439999999999827e+03,4.268093841799944915e-02
1.584960000000000036e+03,4.257354883171367288e-02
1.585480000000000018e+03,4.246640853514790925e-02
1.586000000000000000e+03,4.235959513940791565e-02
1.586519999999999982e+03,4.225308767086214529e-02
1.587039999999999964e+03,4.214683044522636590e-02
1.587559999999999945e+03,4.204097673503060656e-02
1.588079999999999927e+03,4.193537393846484551e-02
1.588600000000000136e+03,4.183019237984907795e-02
1.589120000000000118e+03,4.172520413065330946e-02
1.589639999999999873e+03,4.162063854854330253e-02
1.590159999999999854e+03,4.151617071899752626e-02
1.590680000000000064e+03,4.141225854178176569e-02
1.591200000000000045e+03,4.130844258316600931e-02
1.591720000000000027e+03,4.120514628695023246e-02
1.592239999999999782e+03,4.110190860833446563e-02
1.592760000000000218e+03,4.099924567878870246e-02
1.593279999999999973e+03,4.089662219807870674e-02
1.593799999999999955e+03,4.079453558648293843e-02
1.594319999999999936e+03,4.069252551793715866e-02
1.594840000000000146e+03,4.059101696463139619e-02
1.595360000000000127e+03,4.048964308210561969e-02
1.595879999999999882e+03,4.038872918588986421e-02
1.596399999999999864e+03,4.028796909925411174e-02
1.596920000000000073e+03,4.018761532125410957e-02
1.597440000000000055e+03,4.008747136794832411e-02
1.597960000000000036e+03,3.998765458542256207e-02
1.598480000000000018e+03,3.988808721687679693e-02
1.599000000000000000e+03,3.978884850257103506e-02
1.599519999999999982e+03,3.968991528104526267e-02
1.600039999999999964e+03,3.959124996595525525e-02
1.600560000000000173e+03,3.949291244171948545e-02
1.601079999999999927e+03,3.939477032019371439e-02
1.601599999999999909e+03,3.929702893355795090e-02
1.602119999999999891e+03,3.919945943734218924e-02
1.602640000000000100e+03,3.910231402574641801e-02
1.603160000000000082e+03,3.900526554503641607e-02
1.603679999999999836e+03,3.890867921549064773e-02
1.604199999999999818e+03,3.881217153687487736e-02
1.604720000000000027e+03,3.871619987965912307e-02
1.605240000000000009e+03,3.862026688204333452e-02
1.605759999999999991e+03,3.852481423249758119e-02
1.606279999999999745e+03,3.842941891880757160e-02
1.606800000000000182e+03,3.833452282119181181e-02
1.607319999999999936e+03,3.823974171064604272e-02
1.607839999999999918e+03,3.814538538536027534e-02
1.608360000000000127e+03,3.805116332779450578e-02
1.608880000000000109e+03,3.795732857859874382e-02
1.609400000000000091e+03,3.786366526350874728e-02
1.609919999999999845e+03,3.777036531396298080e-02
1.610440000000000055e+03,3.767727608867720707e-02
1.610960000000000036e+03,3.758449655913143755e-02
1.611480000000000018e+03,3.749194850958566944e-02
1.612000000000000000e+03,3.739965142329990111e-02
1.612519999999999982e+03,3.730767987025990218e-02
1.613039999999999964e+03,3.721595618773414216e-02
1.613559999999999945e+03,3.712452156244837320e-02
1.614079999999999927e+03,3.703328050488260276e-02
1.614600000000000136e+03,3.694240565428684453e-02
1.615119999999999891e+03,3.685168564059684154e-02
1.615639999999999873e+03,3.676132899105107044e-02
1.616160000000000082e+03,3.667108613243530435e-02
1.616680000000000064e+03,3.658128653621953164e-02
1.617200000000000045e+03,3.649156519660376463e-02
1.617719999999999800e+03,3.640228680038799791e-02
1.618240000000000236e+03,3.631304848634799715e-02
1.618759999999999991e+03,3.622432533575222630e-02
1.619279999999999973e+03,3.613564053953646771e-02
1.619799999999999955e+03,3.604739955290069825e-02
1.620320000000000164e+03,3.595923583137493329e-02
1.620840000000000146e+03,3.587145911768493262e-02
1.621359999999999900e+03,3.578379693906916931e-02
1.621879999999999882e+03,3.569649790952340168e-02
1.622400000000000091e+03,3.560937118528763323e-02
1.622920000000000073e+03,3.552259317369186459e-02
1.623440000000000055e+03,3.543600664867186528e-02
1.623959999999999809e+03,3.534970823436609649e-02
1.624480000000000018e+03,3.526360271284032649e-02
1.625000000000000000e+03,3.517773008329456302e-02
1.625519999999999982e+03,3.509214467700879497e-02
1.626040000000000191e+03,3.500679059098879553e-02
1.626559999999999945e+03,3.492174272244302768e-02
1.627079999999999927e+03,3.483686855515726738e-02
1.627599999999999909e+03,3.475232028661149469e-02
1.628120000000000118e+03,3.466792579997571982e-02
1.628640000000000100e+03,3.458384109430572007e-02
1.629159999999999854e+03,3.449987186475995254e-02
1.629679999999999836e+03,3.441628688614418313e-02
1.630200000000000045e+03,3.433277902892842293e-02
1.630720000000000027e+03,3.424971246038265027e-02
1.631240000000000009e+03,3.416668523662265422e-02
1.631759999999999764e+03,3.408413940707688550e-02
1.632280000000000200e+03,3.400161360946112044e-02
1.632799999999999955e+03,3.391947217124535729e-02
1.633319999999999936e+03,3.383740730269959446e-02
1.633839999999999918e+03,3.375574673462958253e-02
1.634360000000000127e+03,3.367418091039381389e-02
1.634880000000000109e+03,3.359294288084804792e-02
1.635399999999999864e+03,3.351185790223228794e-02
1.635920000000000073e+03,3.343108058854228626e-02
1.636440000000000055e+03,3.335047663794651895e-02
1.636960000000000036e+03,3.327012468038074294e-02
1.637480000000000018e+03,3.318998378416498224e-02
1.638000000000000000e+03,3.311005487256921814e-02
1.638519999999999982e+03,3.303039531952921964e-02
1.639039999999999964e+03,3.295094856231344654e-02
1.639559999999999945e+03,3.287175091171767177e-02
1.640080000000000155e+03,3.279272435415190451e-02
1.640599999999999909e+03,3.271398811488614167e-02
1.641119999999999891e+03,3.263538758986614385e-02
1.641639999999999873e+03,3.255709383230038362e-02
1.642160000000000082e+03,3.247891595403460535e-02
1.642680000000000064e+03,3.240112179646883334e-02
1.643199999999999818e+03,3.232342481846883081e-02
1.643720000000000255e+03,3.224605583218307508e-02
1.644240000000000009e+03,3.216870643561731136e-02
1.644759999999999991e+03,3.209183792402153790e-02
1.645279999999999973e+03,3.201500761033154729e-02
1.645800000000000182e+03,3.193850446078577016e-02
1.646320000000000164e+03,3.186207790217000790e-02
1.646839999999999918e+03,3.178599710595423483e-02
1.647359999999999900e+03,3.171001269540847656e-02
1.647880000000000109e+03,3.163435544131847077e-02
1.648400000000000091e+03,3.155883293112271559e-02
1.648920000000000073e+03,3.148358143455692870e-02
1.649439999999999827e+03,3.140852197594117684e-02
1.649960000000000036e+03,3.133371300927116632e-02
1.650480000000000018e+03,3.125905708363539703e-02
1.651000000000000000e+03,3.118461370110962860e-02
1.651519999999999982e+03,3.111040010489385388e-02
1.652039999999999964e+03,3.103637936178386264e-02
1.652559999999999945e+03,3.096260794025809671e-02
1.653079999999999927e+03,3.088901008304233142e-02
1.653600000000000136e+03,3.081566334342656505e-02
1.654120000000000118e+03,3.074243321840657017e-02
1.654639999999999873e+03,3.066952943317079530e-02
1.655159999999999854e+03,3.059670338257502661e-02
1.655680000000000064e+03,3.052422285302926197e-02
1.656200000000000045e+03,3.045176252926926411e-02
1.656720000000000027e+03,3.037966646072349022e-02
1.657239999999999782e+03,3.030760913117773112e-02
1.657760000000000218e+03,3.023593652489195774e-02
1.658279999999999973e+03,3.016432149534618509e-02
1.658799999999999955e+03,3.009309361734618590e-02
1.659319999999999936e+03,3.002192280304042879e-02
1.659840000000000146e+03,2.995100037349465727e-02
1.660360000000000127e+03,2.988017425196889607e-02
1.660879999999999882e+03,2.980967780885889623e-02
1.661399999999999864e+03,2.973931505966312394e-02
1.661920000000000073e+03,2.966918373011735721e-02
1.662440000000000055e+03,2.959920599050159390e-02
1.662960000000000036e+03,2.952944033781158828e-02
1.663480000000000018e+03,2.945986687919582153e-02
1.664000000000000000e+03,2.939046962965005672e-02
1.664519999999999982e+03,2.932132021596005333e-02
1.665039999999999964e+03,2.925236180436429148e-02
1.665560000000000173e+03,2.918357790779851912e-02
1.666079999999999927e+03,2.911493025058275660e-02
1.666599999999999909e+03,2.904655014351275114e-02
1.667119999999999891e+03,2.897826538594698575e-02
1.667640000000000100e+03,2.891030917575122469e-02
1.668160000000000082e+03,2.884244957813544841e-02
1.668679999999999836e+03,2.877486011111545297e-02
1.669199999999999818e+03,2.870730915389968496e-02
1.669720000000000027e+03,2.864012505628391395e-02
1.670240000000000009e+03,2.857296094573814546e-02
1.670759999999999991e+03,2.850610289304814776e-02
1.671279999999999745e+03,2.843928308145237879e-02
1.671800000000000182e+03,2.837282832388660775e-02
1.672319999999999936e+03,2.830645042767084701e-02
1.672839999999999918e+03,2.824032605960084819e-02
1.673360000000000127e+03,2.817429750203508110e-02
1.673880000000000109e+03,2.810855775143931631e-02
1.674400000000000091e+03,2.804293213774931848e-02
1.674919999999999845e+03,2.797753618820354379e-02
1.675440000000000055e+03,2.791227512958777135e-02
1.675960000000000036e+03,2.784720857237200572e-02
1.676480000000000018e+03,2.778231556635199842e-02
1.677000000000000000e+03,2.771761490773623146e-02
1.677519999999999982e+03,2.765310659754046524e-02
1.678039999999999964e+03,2.758871350097470698e-02
1.678559999999999945e+03,2.752457243290469535e-02
1.679079999999999927e+03,2.746056687568892984e-02
1.679600000000000136e+03,2.739677187912316694e-02
1.680119999999999891e+03,2.733307261105315938e-02
1.680639999999999873e+03,2.726968021483739887e-02
1.681160000000000082e+03,2.720634600429163580e-02
1.681680000000000064e+03,2.714330194567585869e-02
1.682200000000000045e+03,2.708027914000586678e-02
1.682719999999999800e+03,2.701756328244009006e-02
1.683240000000000236e+03,2.695488647084432615e-02
1.683759999999999991e+03,2.689255310229856505e-02
1.684279999999999973e+03,2.683025826058856034e-02
1.684799999999999955e+03,2.676825544899278514e-02
1.685320000000000164e+03,2.670630908044702156e-02
1.685840000000000146e+03,2.664461468575702804e-02
1.686359999999999900e+03,2.658299652714126923e-02
1.686879999999999882e+03,2.652162900561549561e-02
1.687400000000000091e+03,2.646037622037973255e-02
1.687920000000000073e+03,2.639935500528972634e-02
1.688440000000000055e+03,2.633846848376396668e-02
1.688959999999999809e+03,2.627771679852819453e-02
1.689480000000000018e+03,2.621715783045819315e-02
1.690000000000000000e+03,2.615677206191242138e-02
1.690519999999999982e+03,2.609654145136666020e-02
1.691040000000000191e+03,2.603644750860665408e-02
1.691559999999999945e+03,2.597656418708088957e-02
1.692079999999999927e+03,2.591681370044512239e-02
1.692599999999999909e+03,2.585727484322935046e-02
1.693120000000000118e+03,2.579779496522935367e-02
1.693640000000000100e+03,2.573860490661358455e-02
1.694159999999999854e+03,2.567949256839782007e-02
1.694679999999999836e+03,2.562062904337781763e-02
1.695200000000000045e+03,2.556176553178205260e-02
1.695720000000000027e+03,2.550328564654628927e-02
1.696240000000000009e+03,2.544480662502051488e-02
1.696759999999999764e+03,2.538660000993051696e-02
1.697280000000000200e+03,2.532841215236474736e-02
1.697799999999999955e+03,2.527045684216898402e-02
1.698319999999999936e+03,2.521257788807898179e-02
1.698839999999999918e+03,2.515500407753321413e-02
1.699360000000000127e+03,2.509748822031744597e-02
1.699880000000000109e+03,2.504016901324744582e-02
1.700399999999999864e+03,2.498296375568168082e-02
1.700920000000000073e+03,2.492597094548591394e-02
1.701440000000000055e+03,2.486909284787014104e-02
1.701960000000000036e+03,2.481240563383014380e-02
1.702480000000000018e+03,2.475585415130437950e-02
1.703000000000000000e+03,2.469943942601861286e-02
1.703519999999999982e+03,2.464319835899861019e-02
1.704039999999999964e+03,2.458709182945284510e-02
1.704559999999999945e+03,2.453115901925707887e-02
1.705080000000000155e+03,2.447532316516707815e-02
1.705599999999999909e+03,2.441971605462131198e-02
1.706119999999999891e+03,2.436418499740554064e-02
1.706639999999999873e+03,2.430888779033554131e-02
1.707160000000000082e+03,2.425362913276977311e-02
1.707680000000000064e+03,2.419864075024400624e-02
1.708199999999999818e+03,2.414371010748400659e-02
1.708720000000000255e+03,2.408901031091824005e-02
1.709240000000000009e+03,2.403435012839247320e-02
1.709759999999999991e+03,2.397997804210670603e-02
1.710279999999999973e+03,2.392564483608670620e-02
1.710800000000000182e+03,2.387154020654094072e-02
1.711320000000000164e+03,2.381749366727517123e-02
1.711839999999999918e+03,2.376366225323517031e-02
1.712359999999999900e+03,2.370990773170940369e-02
1.712880000000000109e+03,2.365632677309363954e-02
1.713400000000000091e+03,2.360288070642363803e-02
1.713920000000000073e+03,2.354960830985787165e-02
1.714439999999999827e+03,2.349646949826209724e-02
1.714960000000000036e+03,2.344348398457209853e-02
1.715480000000000018e+03,2.339061422700633094e-02
1.716000000000000000e+03,2.333790107641057002e-02
1.716519999999999982e+03,2.328536089039056831e-02
1.717039999999999964e+03,2.323293675217479731e-02
1.717559999999999945e+03,2.318066659355903086e-02
1.718079999999999927e+03,2.312847451555903253e-02
1.718600000000000136e+03,2.307651093032326434e-02
1.719120000000000118e+03,2.302462411872749706e-02
1.719639999999999873e+03,2.297291323270749322e-02
1.720159999999999854e+03,2.292124148351172910e-02
1.720680000000000064e+03,2.286983929687596423e-02
1.721200000000000045e+03,2.281849565787596318e-02
1.721720000000000027e+03,2.276739962833019756e-02
1.722239999999999782e+03,2.271630385111442565e-02
1.722760000000000218e+03,2.266542273602442648e-02
1.723279999999999973e+03,2.261458050647865980e-02
1.723799999999999955e+03,2.256402456826289357e-02
1.724319999999999936e+03,2.251350731417289114e-02
1.724840000000000146e+03,2.246314793164712331e-02
1.725360000000000127e+03,2.241288367408135820e-02
1.725879999999999882e+03,2.236284927834135752e-02
1.726399999999999864e+03,2.231289110979559412e-02
1.726920000000000073e+03,2.226306902726982520e-02
1.727440000000000055e+03,2.221334385648982696e-02
1.727960000000000036e+03,2.216379467396405525e-02
1.728480000000000018e+03,2.211435920541828665e-02
1.729000000000000000e+03,2.206507770932828599e-02
1.729519999999999982e+03,2.201593025211252136e-02
1.730039999999999964e+03,2.196689926958675376e-02
1.730560000000000173e+03,2.191800288747675768e-02
1.731079999999999927e+03,2.186918447728098888e-02
1.731599999999999909e+03,2.182055824773522501e-02
1.732119999999999891e+03,2.177199097966522195e-02
1.732640000000000100e+03,2.172365418309944729e-02
1.733160000000000082e+03,2.167535697290368796e-02
1.733679999999999836e+03,2.162730958688368829e-02
1.734199999999999818e+03,2.157926314726792485e-02
1.734720000000000027e+03,2.153144755105215399e-02
1.735240000000000009e+03,2.148363286503215605e-02
1.735759999999999991e+03,2.143603022541637829e-02
1.736279999999999745e+03,2.138846649587061374e-02
1.736800000000000182e+03,2.134117032920061774e-02
1.737319999999999936e+03,2.129393123158484710e-02
1.737839999999999918e+03,2.124684982103908215e-02
1.738360000000000127e+03,2.119982620734908035e-02
1.738880000000000109e+03,2.115295489575330992e-02
1.739400000000000091e+03,2.110618054271331395e-02
1.739919999999999845e+03,2.105958216018754409e-02
1.740440000000000055e+03,2.101305980297177994e-02
1.740960000000000036e+03,2.096667183490177541e-02
1.741480000000000018e+03,2.092041787733601305e-02
1.742000000000000000e+03,2.087428082814024588e-02
1.742519999999999982e+03,2.082831621305024708e-02
1.743039999999999964e+03,2.078244910250447511e-02
1.743559999999999945e+03,2.073667817295871130e-02
1.744079999999999927e+03,2.069098577721870461e-02
1.744600000000000136e+03,2.064546608065293692e-02
1.745119999999999891e+03,2.060002419812716895e-02
1.745639999999999873e+03,2.055479385536717468e-02
1.746160000000000082e+03,2.050962237284140524e-02
1.746680000000000064e+03,2.046458605880140807e-02
1.747200000000000045e+03,2.041956933727563650e-02
1.747719999999999800e+03,2.037480105098986999e-02
1.748240000000000236e+03,2.033007118396986529e-02
1.748759999999999991e+03,2.028557485442410505e-02
1.749279999999999973e+03,2.024109844282833554e-02
1.749799999999999955e+03,2.019677479013833737e-02
1.750320000000000164e+03,2.015248937959256484e-02
1.750840000000000146e+03,2.010841622097679984e-02
1.751359999999999900e+03,2.006440205430680065e-02
1.751879999999999882e+03,2.002056309674103002e-02
1.752400000000000091e+03,1.997678211874103285e-02
1.752920000000000073e+03,1.993313166012526672e-02
1.753440000000000055e+03,1.988955944992949754e-02
1.753959999999999809e+03,1.984612493588950102e-02
1.754480000000000018e+03,1.980284422429372942e-02
1.755000000000000000e+03,1.975966015574796147e-02
1.755519999999999982e+03,1.971659236105796284e-02
1.756040000000000191e+03,1.967358320244219638e-02
1.756559999999999945e+03,1.963074581991643142e-02
1.757079999999999927e+03,1.958798477820642911e-02
1.757599999999999909e+03,1.954539766661066158e-02
1.758120000000000118e+03,1.950286834159066160e-02
1.758640000000000100e+03,1.946045565906489097e-02
1.759159999999999854e+03,1.941808177382912254e-02
1.759679999999999836e+03,1.937593930575912810e-02
1.760200000000000045e+03,1.933381627621335794e-02
1.760720000000000027e+03,1.929190616566759178e-02
1.761240000000000009e+03,1.925001508390759147e-02
1.761759999999999764e+03,1.920827940138182532e-02
1.762280000000000200e+03,1.916656281536182130e-02
1.762799999999999955e+03,1.912507587714605550e-02
1.763319999999999936e+03,1.908362681853029152e-02
1.763839999999999918e+03,1.904231617953029004e-02
1.764360000000000127e+03,1.900106208296452326e-02
1.764880000000000109e+03,1.896000084369875438e-02
1.765399999999999864e+03,1.891901655767875765e-02
1.765920000000000073e+03,1.887811067515298910e-02
1.766440000000000055e+03,1.883730073204298652e-02
1.766960000000000036e+03,1.879660642184722077e-02
1.767480000000000018e+03,1.875602735330145210e-02
1.768000000000000000e+03,1.871556511430145370e-02
1.768519999999999982e+03,1.867521769999568385e-02
1.769039999999999964e+03,1.863494896099568421e-02
1.769559999999999945e+03,1.859477553144991621e-02
1.770080000000000155e+03,1.855467979183415134e-02
1.770599999999999909e+03,1.851477703914415282e-02
1.771119999999999891e+03,1.847493215661838786e-02
1.771639999999999873e+03,1.843522212707262437e-02
1.772160000000000082e+03,1.839553233098262242e-02
1.772680000000000064e+03,1.835599617376685103e-02
1.773199999999999818e+03,1.831646173476685416e-02
1.773720000000000255e+03,1.827719494813108414e-02
1.774240000000000009e+03,1.823794862660531660e-02
1.774759999999999991e+03,1.819883785993531636e-02
1.775279999999999973e+03,1.815976510131954783e-02
1.775800000000000182e+03,1.812088603429954856e-02
1.776320000000000164e+03,1.808202537708377897e-02
1.776839999999999918e+03,1.804328219455801283e-02
1.777359999999999900e+03,1.800461535144801117e-02
1.777880000000000109e+03,1.796610332992224293e-02
1.778400000000000091e+03,1.792764861623224668e-02
1.778920000000000073e+03,1.788934870463647700e-02
1.779439999999999827e+03,1.785110624707071311e-02
1.779960000000000036e+03,1.781296150807071266e-02
1.780480000000000018e+03,1.777487385085494559e-02
1.781000000000000000e+03,1.773688438278494053e-02
1.781519999999999982e+03,1.769906662521917792e-02
1.782039999999999964e+03,1.766132660369340926e-02
1.782559999999999945e+03,1.762366396093340698e-02
1.783079999999999927e+03,1.758604055038764241e-02
1.783600000000000136e+03,1.754862876436764224e-02
1.784120000000000118e+03,1.751127478184187278e-02
1.784639999999999873e+03,1.747399879555610464e-02
1.785159999999999854e+03,1.743674262853610324e-02
1.785680000000000064e+03,1.739973609899033574e-02
1.786200000000000045e+03,1.736274976425033340e-02
1.786720000000000027e+03,1.732586018172456790e-02
1.787239999999999782e+03,1.728898982415879790e-02
1.787760000000000218e+03,1.725231268515880004e-02
1.788279999999999973e+03,1.721567349887303394e-02
1.788799999999999955e+03,1.717920893185303360e-02
1.789319999999999936e+03,1.714278190230726986e-02
1.789840000000000146e+03,1.710643359071150130e-02
1.790360000000000127e+03,1.707014253802149883e-02
1.790879999999999882e+03,1.703406362747573316e-02
1.791399999999999864e+03,1.699800384145573259e-02
1.791920000000000073e+03,1.696202242985996381e-02
1.792440000000000055e+03,1.692613667264419516e-02
1.792960000000000036e+03,1.689036770562419784e-02
1.793480000000000018e+03,1.685467544700842979e-02
1.794000000000000000e+03,1.681906080800843126e-02
1.794519999999999982e+03,1.678354242277265915e-02
1.795039999999999964e+03,1.674808308377265936e-02
1.795560000000000173e+03,1.671277713317689470e-02
1.796079999999999927e+03,1.667752920363112581e-02
1.796599999999999909e+03,1.664241660894112684e-02
1.797119999999999891e+03,1.660732347939536044e-02
1.797640000000000100e+03,1.657238481132536356e-02
1.798160000000000082e+03,1.653744648177959617e-02
1.798679999999999836e+03,1.650266274356382637e-02
1.799199999999999818e+03,1.646789812847382697e-02
1.799720000000000027e+03,1.643334564594805744e-02
1.800240000000000009e+03,1.639879365992805843e-02
1.800759999999999991e+03,1.636433858271229419e-02
1.801279999999999745e+03,1.632992142409652597e-02
1.801800000000000182e+03,1.629567888509652479e-02
1.802319999999999936e+03,1.626147432753075397e-02
1.802839999999999918e+03,1.622740563179075543e-02
1.803360000000000127e+03,1.619337534926498789e-02
1.803880000000000109e+03,1.615944156324499240e-02
1.804400000000000091e+03,1.612558512502922092e-02
1.804919999999999845e+03,1.609182536641345571e-02
1.805440000000000055e+03,1.605816232741345481e-02
1.805960000000000036e+03,1.602461469786769024e-02
1.806480000000000018e+03,1.599110636417768946e-02
1.807000000000000000e+03,1.595765570556192253e-02
1.807519999999999982e+03,1.592432186656192114e-02
1.808039999999999964e+03,1.589102603701615310e-02
1.808559999999999945e+03,1.585788426973037957e-02
1.809079999999999927e+03,1.582482033073038391e-02
1.809600000000000136e+03,1.579181450118461935e-02
1.810119999999999891e+03,1.575884756218461427e-02
1.810639999999999873e+03,1.572605374787884938e-02
1.811160000000000082e+03,1.569329890887884507e-02
1.811680000000000064e+03,1.566064087933308202e-02
1.812200000000000045e+03,1.562798316878731206e-02
1.812719999999999800e+03,1.559549932602731503e-02
1.813240000000000236e+03,1.556301550450154766e-02
1.813759999999999991e+03,1.553074331848154979e-02
1.814279999999999973e+03,1.549847157886578147e-02
1.814799999999999955e+03,1.546629721219578042e-02
1.815320000000000164e+03,1.543416088265001269e-02
1.815840000000000146e+03,1.540214150012424177e-02
1.816359999999999900e+03,1.537016025701424225e-02
1.816879999999999882e+03,1.533831374681847784e-02
1.817400000000000091e+03,1.530650596079847874e-02
1.817920000000000073e+03,1.527481477827270957e-02
1.818440000000000055e+03,1.524318133516270810e-02
1.818959999999999809e+03,1.521164445263694341e-02
1.819480000000000018e+03,1.518016549542117351e-02
1.820000000000000000e+03,1.514872642735117479e-02
1.820519999999999982e+03,1.511742171680540391e-02
1.821040000000000191e+03,1.508619393078540656e-02
1.821559999999999945e+03,1.505504402058964290e-02
1.822079999999999927e+03,1.502393276649964179e-02
1.822599999999999909e+03,1.499293715595387613e-02
1.823120000000000118e+03,1.496198076993387679e-02
1.823640000000000100e+03,1.493115905973810623e-02
1.824159999999999854e+03,1.490035710112233569e-02
1.824679999999999836e+03,1.486969053410233839e-02
1.825200000000000045e+03,1.483906235157657003e-02
1.825720000000000027e+03,1.480851203788656999e-02
1.826240000000000009e+03,1.477800039827080816e-02
1.826759999999999764e+03,1.474762401225080712e-02
1.827280000000000200e+03,1.471726672972504049e-02
1.827799999999999955e+03,1.468704458696503887e-02
1.828319999999999936e+03,1.465686117641927001e-02
1.828839999999999918e+03,1.462681314687350187e-02
1.829360000000000127e+03,1.459678490787350187e-02
1.829880000000000109e+03,1.456683366860773987e-02
1.830399999999999864e+03,1.453694075456773982e-02
1.830920000000000073e+03,1.450714437204197148e-02
1.831440000000000055e+03,1.447740578602197195e-02
1.831960000000000036e+03,1.444770684675620795e-02
1.832480000000000018e+03,1.441814213271620619e-02
1.833000000000000000e+03,1.438865535019043587e-02
1.833519999999999982e+03,1.435924546766466879e-02
1.834039999999999964e+03,1.432987418590466779e-02
1.834559999999999945e+03,1.430058087535890018e-02
1.835080000000000155e+03,1.427130718933890090e-02
1.835599999999999909e+03,1.424216870681313703e-02
1.836119999999999891e+03,1.421306886405313344e-02
1.836639999999999873e+03,1.418410375350736066e-02
1.837160000000000082e+03,1.415515826748735967e-02
1.837680000000000064e+03,1.412630975589159420e-02
1.838199999999999818e+03,1.409746211689159520e-02
1.838720000000000255e+03,1.406876753165583159e-02
1.839240000000000009e+03,1.404011204913006503e-02
1.839759999999999991e+03,1.401159173404006343e-02
1.840279999999999973e+03,1.398307195151429934e-02
1.840800000000000182e+03,1.395459130980429736e-02
1.841320000000000164e+03,1.392616902727852532e-02
1.841839999999999918e+03,1.389791995920852501e-02
1.842359999999999900e+03,1.386968982966275792e-02
1.842880000000000109e+03,1.384153823497275698e-02
1.843400000000000091e+03,1.381342420542698915e-02
1.843920000000000073e+03,1.378536963735699054e-02
1.844439999999999827e+03,1.375741040781122346e-02
1.844960000000000036e+03,1.372951061312122426e-02
1.845480000000000018e+03,1.370170653059545399e-02
1.846000000000000000e+03,1.367397897197968407e-02
1.846519999999999982e+03,1.364632953297968687e-02
1.847039999999999964e+03,1.361869947541391977e-02
1.847559999999999945e+03,1.359114750874392159e-02
1.848079999999999927e+03,1.356363405012815486e-02
1.848600000000000136e+03,1.353623691112815393e-02
1.849120000000000118e+03,1.350887760058238837e-02
1.849639999999999873e+03,1.348161578689238867e-02
1.850159999999999854e+03,1.345435397529661480e-02
1.850680000000000064e+03,1.342724598927661980e-02
1.851200000000000045e+03,1.340015760675085203e-02
1.851720000000000027e+03,1.337316616504084787e-02
1.852239999999999782e+03,1.334619435344508269e-02
1.852760000000000218e+03,1.331930081444508522e-02
1.853279999999999973e+03,1.329244478489931616e-02
1.853799999999999955e+03,1.326572421761354655e-02
1.854319999999999936e+03,1.323902283159354709e-02
1.854840000000000146e+03,1.321241894906777931e-02
1.855360000000000127e+03,1.318583366304778258e-02
1.855879999999999882e+03,1.315930762343201117e-02
1.856399999999999864e+03,1.313287795676201623e-02
1.856920000000000073e+03,1.310652502721625090e-02
1.857440000000000055e+03,1.308021148821624652e-02
1.857960000000000036e+03,1.305397460158048452e-02
1.858480000000000018e+03,1.302777713491047942e-02
1.859000000000000000e+03,1.300163780536471407e-02
1.859519999999999982e+03,1.297559466636471343e-02
1.860039999999999964e+03,1.294960992674894576e-02
1.860560000000000173e+03,1.292370211305894287e-02
1.861079999999999927e+03,1.289783303053317759e-02
1.861599999999999909e+03,1.287204184451317714e-02
1.862119999999999891e+03,1.284627070489741292e-02
1.862640000000000100e+03,1.282059562237164094e-02
1.863160000000000082e+03,1.279492050868164151e-02
1.863679999999999836e+03,1.276941932615587375e-02
1.864199999999999818e+03,1.274389948304587537e-02
1.864720000000000027e+03,1.271851390052010713e-02
1.865240000000000009e+03,1.269310968683010944e-02
1.865759999999999991e+03,1.266782160430434366e-02
1.866279999999999745e+03,1.264255343623434287e-02
1.866800000000000182e+03,1.261736247866857528e-02
1.867319999999999936e+03,1.259221041199857366e-02
1.867839999999999918e+03,1.256711598245280510e-02
1.868360000000000127e+03,1.254209911438280631e-02
1.868880000000000109e+03,1.251715980383703852e-02
1.869400000000000091e+03,1.249229741781703734e-02
1.869919999999999845e+03,1.246747420762127183e-02
1.870440000000000055e+03,1.244270879253127349e-02
1.870960000000000036e+03,1.241800168198550422e-02
1.871480000000000018e+03,1.239335278198550223e-02
1.872000000000000000e+03,1.236874232476973742e-02
1.872519999999999982e+03,1.234420998576973502e-02
1.873039999999999964e+03,1.231969649913397004e-02
1.873559999999999945e+03,1.229531846013396865e-02
1.874079999999999927e+03,1.227097843058820234e-02
1.874600000000000136e+03,1.224667826391820195e-02
1.875119999999999891e+03,1.222239732430243676e-02
1.875639999999999873e+03,1.219825113828243608e-02
1.876160000000000082e+03,1.217412505575666930e-02
1.876680000000000064e+03,1.215003814206666762e-02
1.877200000000000045e+03,1.212597033047089698e-02
1.877719999999999800e+03,1.210205716345089978e-02
1.878240000000000236e+03,1.207814333390513049e-02
1.878759999999999991e+03,1.205434629490513034e-02
1.879279999999999973e+03,1.203054900861936366e-02
1.879799999999999955e+03,1.200684894159936497e-02
1.880320000000000164e+03,1.198316765907359895e-02
1.880840000000000146e+03,1.195956477305359748e-02
1.881359999999999900e+03,1.193599953378783086e-02
1.881879999999999882e+03,1.191245507622206053e-02
1.882400000000000091e+03,1.188896863722206133e-02
1.882920000000000073e+03,1.186557835469629479e-02
1.883440000000000055e+03,1.184224583960629719e-02
1.883959999999999809e+03,1.181897166841052935e-02
1.884480000000000018e+03,1.179575525437052790e-02
1.885000000000000000e+03,1.177257807184476160e-02
1.885519999999999982e+03,1.174947860377476005e-02
1.886040000000000191e+03,1.172639804655899523e-02
1.886559999999999945e+03,1.170341417953899357e-02
1.887079999999999927e+03,1.168044974999322624e-02
1.887599999999999909e+03,1.165756338192322321e-02
1.888120000000000118e+03,1.163471555237746008e-02
1.888640000000000100e+03,1.161194525768745843e-02
1.889159999999999854e+03,1.158921287516168942e-02
1.889679999999999836e+03,1.156655838914168871e-02
1.890200000000000045e+03,1.154390437754592227e-02
1.890720000000000027e+03,1.152132776385592257e-02
1.891240000000000009e+03,1.149875115331015427e-02
1.891759999999999764e+03,1.147631061431015308e-02
1.892280000000000200e+03,1.145390705569438762e-02
1.892799999999999955e+03,1.143158265569438684e-02
1.893319999999999936e+03,1.140927641747862056e-02
1.893839999999999918e+03,1.138699133145862179e-02
1.894360000000000127e+03,1.136476301986285263e-02
1.894880000000000109e+03,1.134259353384285338e-02
1.895399999999999864e+03,1.132050089562708708e-02
1.895920000000000073e+03,1.129848605662708491e-02
1.896440000000000055e+03,1.127650904153708680e-02
1.896960000000000036e+03,1.125455265901131700e-02
1.897480000000000018e+03,1.123265407299131949e-02
1.898000000000000000e+03,1.121081323477555319e-02
1.898519999999999982e+03,1.118903106670555113e-02
1.899039999999999964e+03,1.116728743715978203e-02
1.899559999999999945e+03,1.114558319815978256e-02
1.900080000000000155e+03,1.112389787959401632e-02
1.900599999999999909e+03,1.110232831292401641e-02
1.901119999999999891e+03,1.108079760132824748e-02
1.901639999999999873e+03,1.105932521530824698e-02
1.902160000000000082e+03,1.103785283278248090e-02
1.902680000000000064e+03,1.101647739107248364e-02
1.903199999999999818e+03,1.099510197947671693e-02
1.903720000000000255e+03,1.097384354047671595e-02
1.904240000000000009e+03,1.095258391093094884e-02
1.904759999999999991e+03,1.093142194391094960e-02
1.905279999999999973e+03,1.091027835762518189e-02
1.905800000000000182e+03,1.088923251862517969e-02
1.906320000000000164e+03,1.086818637509941177e-02
1.906839999999999918e+03,1.084719848907941125e-02
1.907359999999999900e+03,1.082623017853364539e-02
1.907880000000000109e+03,1.080533923577364774e-02
1.908400000000000091e+03,1.078448705324787718e-02
1.908920000000000073e+03,1.076371261424787992e-02
1.909439999999999827e+03,1.074297565668211156e-02
1.909960000000000036e+03,1.072227906094211022e-02
1.910480000000000018e+03,1.070163997841634164e-02
1.911000000000000000e+03,1.068100139239634185e-02
1.911519999999999982e+03,1.066043970987057624e-02
1.912039999999999964e+03,1.063991720576057572e-02
1.912559999999999945e+03,1.061947209556480740e-02
1.913079999999999927e+03,1.059906555656480766e-02
1.913600000000000136e+03,1.057873622701904076e-02
1.914120000000000118e+03,1.055842665999904076e-02
1.914639999999999873e+03,1.053815594490904207e-02
1.915159999999999854e+03,1.051790483471327399e-02
1.915680000000000064e+03,1.049775059571327399e-02
1.916200000000000045e+03,1.047759566616750584e-02
1.916720000000000027e+03,1.045750067007750368e-02
1.917239999999999782e+03,1.043742398755173953e-02
1.917760000000000218e+03,1.041748251286173967e-02
1.918279999999999973e+03,1.039756013033597132e-02
1.918799999999999955e+03,1.037765778722596864e-02
1.919319999999999936e+03,1.035779420470020473e-02
1.919840000000000146e+03,1.033798923803020374e-02
1.920360000000000127e+03,1.031822230848443607e-02
1.920879999999999882e+03,1.029851436948443603e-02
1.921399999999999864e+03,1.027884388284866848e-02
1.921920000000000073e+03,1.025921384384866769e-02
1.922440000000000055e+03,1.023964077265290123e-02
1.922960000000000036e+03,1.022008778663290214e-02
1.923480000000000018e+03,1.020061164701713437e-02
1.924000000000000000e+03,1.018117460801713607e-02
1.924519999999999982e+03,1.016177607847136739e-02
1.925039999999999964e+03,1.014241691180136490e-02
1.925560000000000173e+03,1.012309662578136753e-02
1.926079999999999927e+03,1.010383358616559826e-02
1.926599999999999909e+03,1.008461064716559968e-02
1.927119999999999891e+03,1.006542525661983239e-02
1.927640000000000100e+03,1.004629878994983336e-02
1.928160000000000082e+03,1.002719157835406556e-02
1.928679999999999836e+03,1.000816176431406322e-02
1.929199999999999818e+03,9.989151081788296554e-03
1.929720000000000027e+03,9.970199195768298175e-03
1.930240000000000009e+03,9.951266356502530899e-03
1.930759999999999991e+03,9.932411289482530325e-03
1.931279999999999745e+03,9.913575198936762020e-03
1.931800000000000182e+03,9.894816659936760475e-03
1.932319999999999936e+03,9.876058277410993541e-03
1.932839999999999918e+03,9.857358634650993309e-03
1.933360000000000127e+03,9.838697567630996441e-03
1.933880000000000109e+03,9.820094138085228713e-03
1.934400000000000091e+03,9.801510499085227396e-03
1.934919999999999845e+03,9.782985259819458601e-03
1.935440000000000055e+03,9.764498312799456403e-03
1.935960000000000036e+03,9.746050502253690920e-03
1.936480000000000018e+03,9.727660863253689838e-03
1.937000000000000000e+03,9.709290133707923834e-03
1.937519999999999982e+03,9.690978337967925613e-03
1.938039999999999964e+03,9.672685480402159336e-03
1.938559999999999945e+03,9.654470241402158745e-03
1.939079999999999927e+03,9.636255158876391030e-03
1.939600000000000136e+03,9.618117511856391286e-03
1.940119999999999891e+03,9.599980616116391557e-03
1.940639999999999873e+03,9.581939405570623347e-03
1.941160000000000082e+03,9.563879619550623434e-03
1.941680000000000064e+03,9.545916837024855453e-03
1.942200000000000045e+03,9.527954368954856187e-03
1.942719999999999800e+03,9.510068111739088462e-03
1.943240000000000236e+03,9.492183083719090211e-03
1.943759999999999991e+03,9.474375254173323171e-03
1.944279999999999973e+03,9.456568115173320799e-03
1.944799999999999955e+03,9.438837503577553190e-03
1.945320000000000164e+03,9.421126489887552552e-03
1.945840000000000146e+03,9.403474622867554616e-03
1.946359999999999900e+03,9.385841040341787872e-03
1.946879999999999882e+03,9.368266264251787212e-03
1.947400000000000091e+03,9.350710581726019710e-03
1.947920000000000073e+03,9.333213140016016068e-03
1.948440000000000055e+03,9.315735357490249544e-03
1.948959999999999809e+03,9.298316218490251112e-03
1.949480000000000018e+03,9.280934559874482945e-03
1.950000000000000000e+03,9.263573220874484274e-03
1.950519999999999982e+03,9.246269821658716428e-03
1.951040000000000191e+03,9.229005635638715468e-03
1.951559999999999945e+03,9.211779967568715921e-03
1.952079999999999927e+03,9.194574085042948874e-03
1.952599999999999909e+03,9.177425999022948908e-03
1.953120000000000118e+03,9.160297460807180145e-03
1.953640000000000100e+03,9.143246260807178644e-03
1.954159999999999854e+03,9.126195302191414394e-03
1.954679999999999836e+03,9.109202863191414451e-03
1.955200000000000045e+03,9.092229333645644382e-03
1.955720000000000027e+03,9.075333338955647935e-03
1.956240000000000009e+03,9.058418799955645501e-03
1.956759999999999764e+03,9.041600041339879767e-03
1.957280000000000200e+03,9.024782541339879463e-03
1.957799999999999955e+03,9.008022458814112648e-03
1.958319999999999936e+03,8.991281917104109941e-03
1.958839999999999918e+03,8.974580605508344217e-03
1.959360000000000127e+03,8.957917866508345248e-03
1.959880000000000109e+03,8.941312736962577640e-03
1.960399999999999864e+03,8.924708836962575581e-03
1.960920000000000073e+03,8.908162322922578286e-03
1.961440000000000055e+03,8.891654483656809618e-03
1.961960000000000036e+03,8.875186244656810622e-03
1.962480000000000018e+03,8.858755515111043505e-03
1.963000000000000000e+03,8.842364648091042764e-03
1.963519999999999982e+03,8.825993104565275568e-03
1.964039999999999964e+03,8.809660161805272713e-03
1.964559999999999945e+03,8.793385579279507092e-03
1.965080000000000155e+03,8.777130940279508076e-03
1.965599999999999909e+03,8.760914626239508021e-03
1.966119999999999891e+03,8.744736543713738444e-03
1.966639999999999873e+03,8.728597986973739981e-03
1.967160000000000082e+03,8.712478357427971831e-03
1.967680000000000064e+03,8.696417718427973051e-03
1.968199999999999818e+03,8.680356860862204621e-03
1.968720000000000255e+03,8.664373092792203995e-03
1.969240000000000009e+03,8.648409082596437633e-03
1.969759999999999991e+03,8.632483835576437725e-03
1.970279999999999973e+03,8.616578496576437693e-03
1.970800000000000182e+03,8.600731086030669048e-03
1.971320000000000164e+03,8.584902770940669101e-03
1.971839999999999918e+03,8.569113660744902966e-03
1.972359999999999900e+03,8.553363160744903090e-03
1.972880000000000109e+03,8.537651631199136629e-03
1.973400000000000091e+03,8.521959864179135327e-03
1.973920000000000073e+03,8.506325896109135157e-03
1.974439999999999827e+03,8.490710838893368237e-03
1.974960000000000036e+03,8.475116599893367172e-03
1.975480000000000018e+03,8.459579356367600417e-03
1.976000000000000000e+03,8.444062142327601536e-03
1.976519999999999982e+03,8.428602730731832998e-03
1.977039999999999964e+03,8.413144191731832672e-03
1.977559999999999945e+03,8.397743078041832593e-03
1.978079999999999927e+03,8.382361634516067792e-03
1.978600000000000136e+03,8.367038420476067412e-03
1.979120000000000118e+03,8.351715208880299349e-03
1.979639999999999873e+03,8.336450669880299258e-03
1.980159999999999854e+03,8.321204512664531067e-03
1.980680000000000064e+03,8.306017412664529892e-03
1.981200000000000045e+03,8.290830716574533119e-03
1.981720000000000027e+03,8.275720287028763902e-03
1.982239999999999782e+03,8.260591948028764286e-03
1.982760000000000218e+03,8.245540637832995609e-03
1.983279999999999973e+03,8.230489351812997692e-03
1.983799999999999955e+03,8.215496351197230235e-03
1.984319999999999936e+03,8.200522812197231365e-03
1.984840000000000146e+03,8.185588126177230708e-03
1.985360000000000127e+03,8.170673015981460771e-03
1.985879999999999882e+03,8.155816076981462631e-03
1.986399999999999864e+03,8.140977529345694644e-03
1.986920000000000073e+03,8.126159790345694259e-03
1.987440000000000055e+03,8.111399507819926774e-03
1.987960000000000036e+03,8.096640221799926082e-03
1.988480000000000018e+03,8.081938555129928453e-03
1.989000000000000000e+03,8.067256182534159742e-03
1.989519999999999982e+03,8.052612968494160528e-03
1.990039999999999964e+03,8.038008485968393263e-03
1.990560000000000173e+03,8.023423446968391132e-03
1.991079999999999927e+03,8.008857789752625578e-03
1.991599999999999909e+03,7.994369760682623963e-03
1.992119999999999891e+03,7.979863093662623030e-03
1.992640000000000100e+03,7.965432664116858449e-03
1.993160000000000082e+03,7.950983825116856793e-03
1.993679999999999836e+03,7.936612514921091016e-03
1.994199999999999818e+03,7.922241238831088592e-03
1.994720000000000027e+03,7.907928071811091628e-03
1.995240000000000009e+03,7.893614242265322573e-03
1.995759999999999991e+03,7.879379003265322631e-03
1.996279999999999745e+03,7.865124859739554969e-03
1.996800000000000182e+03,7.850927916979553653e-03
1.997319999999999936e+03,7.836750606433786834e-03
1.997839999999999918e+03,7.822612867433787615e-03
1.998360000000000127e+03,7.808512981413788870e-03
1.998880000000000109e+03,7.794433237888019096e-03
1.999400000000000091e+03,7.780373342148021870e-03
1.999919999999999845e+03,7.766370584582252268e-03
2.000440000000000055e+03,7.752387645582252927e-03
2.000960000000000036e+03,7.738424806582253068e-03
2.001480000000000018e+03,7.724500016036484236e-03
2.002000000000000000e+03,7.710595447966485730e-03
2.002519999999999982e+03,7.696729209750717039e-03
2.003039999999999964e+03,7.682901723730716642e-03
2.003559999999999945e+03,7.669093880204948949e-03
2.004079999999999927e+03,7.655325041204947591e-03
2.004600000000000136e+03,7.641575426114947424e-03
2.005119999999999891e+03,7.627845415919182193e-03
2.005639999999999873e+03,7.614173548899181437e-03
2.006160000000000082e+03,7.600501558353416412e-03
2.006680000000000064e+03,7.586888519353417008e-03
2.007200000000000045e+03,7.573294051283416262e-03
2.007719999999999800e+03,7.559719521737648211e-03
2.008240000000000236e+03,7.546183366047647632e-03
2.008759999999999991e+03,7.532667483521881223e-03
2.009279999999999973e+03,7.519189797501880414e-03
2.009799999999999955e+03,7.505751285906113630e-03
2.010320000000000164e+03,7.492332246906114462e-03
2.010840000000000146e+03,7.478932444196117156e-03
2.011359999999999900e+03,7.465571361670346288e-03
2.011879999999999882e+03,7.452230222670348965e-03
2.012400000000000091e+03,7.438927064054579041e-03
2.012920000000000073e+03,7.425663864054580371e-03
2.013440000000000055e+03,7.412400597034580173e-03
2.013959999999999809e+03,7.399194939818812614e-03
2.014480000000000018e+03,7.385990000818812296e-03
2.015000000000000000e+03,7.372823928223045005e-03
2.015519999999999982e+03,7.359696042203044651e-03
2.016040000000000191e+03,7.346587603203043847e-03
2.016559999999999945e+03,7.333518464987277656e-03
2.017079999999999927e+03,7.320449378967276537e-03
2.017599999999999909e+03,7.307438606371510596e-03
2.018120000000000118e+03,7.294428167371511118e-03
2.018640000000000100e+03,7.281494628371510541e-03
2.019159999999999854e+03,7.268541270805742305e-03
2.019679999999999836e+03,7.255647443135741261e-03
2.020200000000000045e+03,7.242753260609974784e-03
2.020720000000000027e+03,7.229897745519976368e-03
2.021240000000000009e+03,7.217062206519975383e-03
2.021759999999999764e+03,7.204265034974207185e-03
2.022280000000000200e+03,7.191487448954207023e-03
2.022799999999999955e+03,7.178749038758439928e-03
2.023319999999999936e+03,7.166029570688440056e-03
2.023839999999999918e+03,7.153349023668440290e-03
2.024360000000000127e+03,7.140668941142672664e-03
2.024880000000000109e+03,7.128046974122672144e-03
2.025399999999999864e+03,7.115443416906906508e-03
2.025920000000000073e+03,7.102860687836906259e-03
2.026440000000000055e+03,7.090297548836903621e-03
2.026960000000000036e+03,7.077772419291136069e-03
2.027480000000000018e+03,7.065267552271137751e-03
2.028000000000000000e+03,7.052800608745370646e-03
2.028519999999999982e+03,7.040353665985371080e-03
2.029039999999999964e+03,7.027926226985370048e-03
2.029559999999999945e+03,7.015537644459604247e-03
2.030080000000000155e+03,7.003149097439605175e-03
2.030599999999999909e+03,6.990818286893835283e-03
2.031119999999999891e+03,6.978488318823836828e-03
2.031639999999999873e+03,6.966216305133835635e-03
2.032160000000000082e+03,6.953944361608069974e-03
2.032680000000000064e+03,6.941711422608068047e-03
2.033199999999999818e+03,6.929497365042301682e-03
2.033720000000000255e+03,6.917322726042300120e-03
2.034240000000000009e+03,6.905148069302302453e-03
2.034759999999999991e+03,6.893031039756533987e-03
2.035279999999999973e+03,6.880915200756531659e-03
2.035800000000000182e+03,6.868837718230764826e-03
2.036320000000000164e+03,6.856779690210765624e-03
2.036839999999999918e+03,6.844741375120766587e-03
2.037359999999999900e+03,6.832741264924997553e-03
2.037880000000000109e+03,6.820761625924997434e-03
2.038400000000000091e+03,6.808800435379230333e-03
2.038920000000000073e+03,6.796879068359227595e-03
2.039439999999999827e+03,6.784976800289227970e-03
2.039960000000000036e+03,6.773093470743461568e-03
2.040480000000000018e+03,6.761249043073463624e-03
2.041000000000000000e+03,6.749406104073463718e-03
2.041519999999999982e+03,6.737619774527695699e-03
2.042039999999999964e+03,6.725834146507694844e-03
2.042559999999999945e+03,6.714087334911928578e-03
2.043079999999999927e+03,6.702340548891927777e-03
2.043600000000000136e+03,6.690652382221928644e-03
2.044120000000000118e+03,6.678963938696161166e-03
2.044639999999999873e+03,6.667314124656160100e-03
2.045159999999999854e+03,6.655664813060392822e-03
2.045680000000000064e+03,6.644074174060392649e-03
2.046200000000000045e+03,6.632483046390393912e-03
2.046720000000000027e+03,6.620950016844626834e-03
2.047239999999999782e+03,6.609398077844626414e-03
2.047760000000000218e+03,6.597904381754625229e-03
2.048280000000000200e+03,6.586410091208859049e-03
2.048800000000000182e+03,6.574955652208858484e-03
2.049319999999999709e+03,6.563519942013091961e-03
2.049840000000000146e+03,6.552103894993091017e-03
2.050360000000000127e+03,6.540726855993089957e-03
2.050880000000000109e+03,6.529349916377324980e-03
2.051399999999999636e+03,6.518011730357323869e-03
2.051920000000000073e+03,6.506693186831556328e-03
2.052440000000000055e+03,6.495413620161556885e-03
2.052960000000000036e+03,6.484152834141557013e-03
2.053480000000000018e+03,6.472892533525788708e-03
2.054000000000000000e+03,6.461671294525788735e-03
2.054519999999999982e+03,6.450488755525787647e-03
2.055039999999999964e+03,6.439306525980021366e-03
2.055559999999999945e+03,6.428163198310024411e-03
2.056079999999999927e+03,6.417019515784255952e-03
2.056599999999999909e+03,6.405914972674255775e-03
2.057119999999999891e+03,6.394830433674253412e-03
2.057640000000000327e+03,6.383783790148486216e-03
2.058159999999999854e+03,6.372737104128486062e-03
2.058679999999999836e+03,6.361749193932719586e-03
2.059199999999999818e+03,6.350742064862719728e-03
2.059720000000000255e+03,6.339792850822719913e-03
2.060239999999999782e+03,6.328825068296952024e-03
2.060759999999999764e+03,6.317915429296950755e-03
2.061279999999999745e+03,6.307024929296952374e-03
2.061800000000000182e+03,6.296153772081185089e-03
2.062320000000000164e+03,6.285301875991185054e-03
2.062840000000000146e+03,6.274469832465418180e-03
2.063360000000000127e+03,6.263656846445417488e-03
2.063880000000000109e+03,6.252883407445417561e-03
2.064400000000000091e+03,6.242110163919650789e-03
2.064920000000000073e+03,6.231375521159650960e-03
2.065440000000000055e+03,6.220660354139650149e-03
2.065960000000000036e+03,6.209964471613882604e-03
2.066480000000000018e+03,6.199288224593883269e-03
2.067000000000000000e+03,6.188650142068116353e-03
2.067519999999999982e+03,6.178013403068115771e-03
2.068039999999999964e+03,6.167414846328115631e-03
2.068559999999999945e+03,6.156835188762348893e-03
2.069079999999999927e+03,6.146256749762347808e-03
2.069599999999999909e+03,6.135736110762348219e-03
2.070119999999999891e+03,6.125215320216581376e-03
2.070639999999999873e+03,6.114714252146579918e-03
2.071160000000000309e+03,6.104232441950813853e-03
2.071680000000000291e+03,6.093789866910812730e-03
2.072199999999999818e+03,6.083347127910812384e-03
2.072719999999999800e+03,6.072943245385045534e-03
2.073240000000000236e+03,6.062558845385045830e-03
2.073760000000000218e+03,6.052194130295045042e-03
2.074279999999999745e+03,6.041848992079278807e-03
2.074799999999999727e+03,6.031523353079278060e-03
2.075320000000000164e+03,6.021216506059278058e-03
2.075840000000000146e+03,6.010948823533511683e-03
2.076360000000000127e+03,6.000681984533511905e-03
2.076880000000000109e+03,5.990453164917744142e-03
2.077400000000000091e+03,5.980224970227743762e-03
2.077920000000000073e+03,5.970035531227744358e-03
2.078440000000000055e+03,5.959864887701976643e-03
2.078960000000000036e+03,5.949695201681975444e-03
2.079480000000000018e+03,5.939564033611977392e-03
2.080000000000000000e+03,5.929452151086208635e-03
2.080519999999999982e+03,5.919359848376209467e-03
2.081039999999999964e+03,5.909287665850441670e-03
2.081559999999999945e+03,5.899253526850441881e-03
2.082079999999999927e+03,5.889220079830440567e-03
2.082599999999999909e+03,5.879205668234674387e-03
2.083119999999999891e+03,5.869211229234673824e-03
2.083639999999999873e+03,5.859255473544672937e-03
2.084159999999999854e+03,5.849299043998906593e-03
2.084679999999999836e+03,5.839382504998907007e-03
2.085200000000000273e+03,5.829466004998905965e-03
2.085720000000000255e+03,5.819587446383138983e-03
2.086239999999999782e+03,5.809710107383138887e-03
2.086759999999999764e+03,5.799870635837371842e-03
2.087280000000000200e+03,5.790050722147371993e-03
2.087800000000000182e+03,5.780232183147371999e-03
2.088319999999999709e+03,5.770450971551604677e-03
2.088839999999999691e+03,5.760690271551603854e-03
2.089360000000000127e+03,5.750948285531604087e-03
2.089880000000000109e+03,5.741207274985837827e-03
2.090400000000000091e+03,5.731504847315837398e-03
2.090920000000000073e+03,5.721840761295837741e-03
2.091440000000000055e+03,5.712176649700070018e-03
2.091960000000000036e+03,5.702513949700070521e-03
2.092480000000000018e+03,5.692889410700069028e-03
2.093000000000000000e+03,5.683283753134303097e-03
2.093519999999999982e+03,5.673698425464303134e-03
2.094039999999999964e+03,5.664131842938536013e-03
2.094559999999999945e+03,5.654584827848536076e-03
2.095079999999999927e+03,5.645038727848535574e-03
2.095599999999999909e+03,5.635550045322768563e-03
2.096119999999999891e+03,5.626043078302766891e-03
2.096639999999999873e+03,5.616593103612767257e-03
2.097159999999999854e+03,5.607124521086999727e-03
2.097679999999999836e+03,5.597714053016999806e-03
2.098199999999999818e+03,5.588284205997000494e-03
2.098720000000000255e+03,5.578893523471233074e-03
2.099240000000000236e+03,5.569522256451233007e-03
2.099760000000000218e+03,5.560170309431232936e-03
2.100279999999999745e+03,5.550818299235464430e-03
2.100800000000000182e+03,5.541505331165464364e-03
2.101320000000000164e+03,5.532211687639698207e-03
2.101840000000000146e+03,5.522937601619697101e-03
2.102359999999999673e+03,5.513664334599698361e-03
2.102880000000000109e+03,5.504428991073930834e-03
2.103400000000000091e+03,5.495213177383930989e-03
2.103920000000000073e+03,5.485998209313930514e-03
2.104440000000000055e+03,5.476821665788163089e-03
2.104960000000000036e+03,5.467645426788163981e-03
2.105480000000000018e+03,5.458507512748162101e-03
2.106000000000000000e+03,5.449370169222395033e-03
2.106519999999999982e+03,5.440271273482394712e-03
2.107039999999999964e+03,5.431153487462394430e-03
2.107559999999999945e+03,5.422094043936627472e-03
2.108079999999999927e+03,5.413034904936627964e-03
2.108600000000000364e+03,5.403994837916627214e-03
2.109119999999999891e+03,5.394973747370859600e-03
2.109639999999999873e+03,5.385973379300860314e-03
2.110159999999999854e+03,5.376991269105091745e-03
2.110680000000000291e+03,5.368028822085092223e-03
2.111199999999999818e+03,5.359067183085092570e-03
2.111719999999999800e+03,5.350144372539325163e-03
2.112239999999999782e+03,5.341240572539324681e-03
2.112760000000000218e+03,5.332355957449325980e-03
2.113280000000000200e+03,5.323471847253558736e-03
2.113800000000000182e+03,5.314607747253558348e-03
2.114319999999999709e+03,5.305762861233557885e-03
2.114840000000000146e+03,5.296956178707790987e-03
2.115360000000000127e+03,5.288131250687791440e-03
2.115880000000000109e+03,5.279363582617790408e-03
2.116399999999999636e+03,5.270596253072024062e-03
2.116920000000000073e+03,5.261848725402023565e-03
2.117440000000000055e+03,5.253101686402023365e-03
2.117960000000000036e+03,5.244392656856256517e-03
2.118480000000000018e+03,5.235684328836256833e-03
2.119000000000000000e+03,5.226995060766255648e-03
2.119519999999999982e+03,5.218344678240489573e-03
2.120039999999999964e+03,5.209694803550489126e-03
2.120559999999999945e+03,5.201064364550488789e-03
2.121079999999999927e+03,5.192453221024721614e-03
2.121599999999999909e+03,5.183861454004722383e-03
2.122119999999999891e+03,5.175269838914721247e-03
2.122640000000000327e+03,5.166716995388953571e-03
2.123159999999999854e+03,5.158164456388953344e-03
2.123679999999999836e+03,5.149650399173186233e-03
2.124199999999999818e+03,5.141136599173186036e-03
2.124720000000000255e+03,5.132661932153185537e-03
2.125239999999999782e+03,5.124167820557417805e-03
2.125759999999999764e+03,5.115732073537418781e-03
2.126279999999999745e+03,5.107277034537417541e-03
2.126800000000000182e+03,5.098860824341650694e-03
2.127320000000000164e+03,5.090445177321651152e-03
2.127840000000000146e+03,5.082048938321650014e-03
2.128360000000000127e+03,5.073690527775882517e-03
2.128880000000000109e+03,5.065332998705884132e-03
2.129400000000000091e+03,5.056994712685883818e-03
2.129920000000000073e+03,5.048656969160117934e-03
2.130440000000000055e+03,5.040357702490117810e-03
2.130960000000000036e+03,5.032058463490117657e-03
2.131480000000000018e+03,5.023797744924349620e-03
2.132000000000000000e+03,5.015537676854349945e-03
2.132519999999999982e+03,5.007297237854349894e-03
2.133039999999999964e+03,4.999056647308582589e-03
2.133559999999999945e+03,4.990855408308582895e-03
2.134079999999999927e+03,4.982654141638583230e-03
2.134599999999999909e+03,4.974490770092814852e-03
2.135119999999999891e+03,4.966327855002815490e-03
2.135639999999999873e+03,4.958185455002815309e-03
2.136160000000000309e+03,4.950042172477048252e-03
2.136680000000000291e+03,4.941938086457048872e-03
2.137199999999999818e+03,4.933853458787046745e-03
2.137719999999999800e+03,4.925768976261280657e-03
2.138240000000000236e+03,4.917704380171279178e-03
2.138760000000000218e+03,4.909658633151280441e-03
2.139279999999999745e+03,4.901612850625512371e-03
2.139799999999999727e+03,4.893606611625512387e-03
2.140320000000000164e+03,4.885600411625511813e-03
2.140840000000000146e+03,4.877613054409745200e-03
2.141360000000000127e+03,4.869645497319745851e-03
2.141880000000000109e+03,4.861697558319745364e-03
2.142400000000000091e+03,4.853768528773976486e-03
2.142920000000000073e+03,4.845840228773976889e-03
2.143440000000000055e+03,4.837931989773977363e-03
2.143960000000000036e+03,4.830042507248209251e-03
2.144480000000000018e+03,4.822172103488209759e-03
2.145000000000000000e+03,4.814321136468209875e-03
2.145519999999999982e+03,4.806470892942443264e-03
2.146039999999999964e+03,4.798640553942442113e-03
2.146559999999999945e+03,4.790848067922442305e-03
2.147079999999999927e+03,4.783037024396675184e-03
2.147599999999999909e+03,4.775264457726675557e-03
2.148119999999999891e+03,4.767472914616675828e-03
2.148639999999999873e+03,4.759738771090908475e-03
2.149159999999999854e+03,4.752005432090908310e-03
2.149679999999999836e+03,4.744291732090908167e-03
2.150200000000000273e+03,4.736577302545141345e-03
2.150720000000000255e+03,4.728883663545141273e-03
2.151239999999999782e+03,4.721208606805141032e-03
2.151759999999999764e+03,4.713553296259373471e-03
2.152280000000000200e+03,4.705898010239373611e-03
2.152800000000000182e+03,4.698281810239373323e-03
2.153319999999999709e+03,4.690665227713605896e-03
2.153839999999999691e+03,4.683068627713606220e-03
2.154360000000000127e+03,4.675472112623606583e-03
2.154880000000000109e+03,4.667913774407838300e-03
2.155400000000000091e+03,4.660356374407838981e-03
2.155920000000000073e+03,4.652818188387838720e-03
2.156440000000000055e+03,4.645280005862071140e-03
2.156960000000000036e+03,4.637761805862071311e-03
2.157480000000000018e+03,4.630281766862071220e-03
2.158000000000000000e+03,4.622782447246303987e-03
2.158519999999999982e+03,4.615321952556304154e-03
2.159039999999999964e+03,4.607881113556303553e-03
2.159559999999999945e+03,4.600440970030537577e-03
2.160079999999999927e+03,4.593000784010537775e-03
2.160599999999999909e+03,4.585599184010536941e-03
2.161119999999999891e+03,4.578197515940536817e-03
2.161639999999999873e+03,4.570815633414769194e-03
2.162159999999999854e+03,4.563452830704770556e-03
2.162679999999999836e+03,4.556109991704769546e-03
2.163199999999999818e+03,4.548766809179001676e-03
2.163720000000000255e+03,4.541443262159002014e-03
2.164240000000000236e+03,4.534139123159001625e-03
2.164760000000000218e+03,4.526854250563233650e-03
2.165279999999999745e+03,4.519570183543234095e-03
2.165800000000000182e+03,4.512304869853233681e-03
2.166320000000000164e+03,4.505040126327466803e-03
2.166840000000000146e+03,4.497814387327466260e-03
2.167359999999999673e+03,4.490588687327466862e-03
2.167880000000000109e+03,4.483362728711698039e-03
2.168400000000000091e+03,4.476175689711698116e-03
2.168920000000000073e+03,4.468989161691697826e-03
2.169440000000000055e+03,4.461821351495930815e-03
2.169960000000000036e+03,4.454673704475930855e-03
2.170480000000000018e+03,4.447526365475931893e-03
2.171000000000000000e+03,4.440397782950163477e-03
2.171519999999999982e+03,4.433289153880163799e-03
2.172039999999999964e+03,4.426199767860164794e-03
2.172559999999999945e+03,4.419110396314396630e-03
2.173079999999999927e+03,4.412040929644397806e-03
2.173600000000000364e+03,4.404990590644396360e-03
2.174119999999999891e+03,4.397940443624397122e-03
2.174639999999999873e+03,4.390909832028629285e-03
2.175159999999999854e+03,4.383879632028629333e-03
2.175680000000000291e+03,4.376887746008629315e-03
2.176199999999999818e+03,4.369895835462863330e-03
2.176719999999999800e+03,4.362923907792862904e-03
2.177239999999999782e+03,4.355952468792861909e-03
2.177760000000000218e+03,4.349018578247094806e-03
2.178280000000000200e+03,4.342066710177096278e-03
2.178800000000000182e+03,4.335153071177095911e-03
2.179319999999999709e+03,4.328239599631327449e-03
2.179840000000000146e+03,4.321345713611327889e-03
2.180360000000000127e+03,4.314452185941327310e-03
2.180880000000000109e+03,4.307597003415560184e-03
2.181399999999999636e+03,4.300742135345560040e-03
2.181920000000000073e+03,4.293887488325561115e-03
2.182440000000000055e+03,4.287052405799792604e-03
2.182960000000000036e+03,4.280236777779793458e-03
2.183480000000000018e+03,4.273440238779792691e-03
2.184000000000000000e+03,4.266643825089793882e-03
2.184519999999999982e+03,4.259886181564026021e-03
2.185039999999999964e+03,4.253109713494025723e-03
2.185559999999999945e+03,4.246372013494025335e-03
2.186079999999999927e+03,4.239614983948257129e-03
2.186599999999999909e+03,4.232896855928257838e-03
2.187119999999999891e+03,4.226178716928257785e-03
2.187640000000000327e+03,4.219479806732490644e-03
2.188159999999999854e+03,4.212800559712490817e-03
2.188679999999999836e+03,4.206122091642490110e-03
2.189199999999999818e+03,4.199462448116721841e-03
2.189720000000000255e+03,4.192822209116722765e-03
2.190239999999999782e+03,4.186182095076722634e-03
2.190759999999999764e+03,4.179542551550956449e-03
2.191279999999999745e+03,4.172941512550955995e-03
2.191800000000000182e+03,4.166340955810955704e-03
2.192320000000000164e+03,4.159759169790955453e-03
2.192840000000000146e+03,4.153177887265188488e-03
2.193360000000000127e+03,4.146635187265188677e-03
2.193880000000000109e+03,4.140073820245188801e-03
2.194400000000000091e+03,4.133550529699422070e-03
2.194920000000000073e+03,4.127028390699421199e-03
2.195440000000000055e+03,4.120524833959421027e-03
2.195960000000000036e+03,4.114021951433653908e-03
2.196480000000000018e+03,4.107537665413654379e-03
2.197000000000000000e+03,4.101054265413653539e-03
2.197519999999999982e+03,4.094590054867885791e-03
2.198039999999999964e+03,4.088145507847886634e-03
2.198559999999999945e+03,4.081720368847885881e-03
2.199079999999999927e+03,4.075276112107885547e-03
2.199599999999999909e+03,4.068870229582118546e-03
2.200119999999999891e+03,4.062483943562118609e-03
2.200639999999999873e+03,4.056098043562118491e-03
2.201160000000000309e+03,4.049712233016350589e-03
2.201680000000000291e+03,4.043346433016350820e-03
2.202199999999999818e+03,4.036998846996350636e-03
2.202719999999999800e+03,4.030671335400584469e-03
2.203240000000000236e+03,4.024325107730584473e-03
2.203760000000000218e+03,4.018017068730584188e-03
2.204279999999999745e+03,4.011709221710584375e-03
2.204799999999999727e+03,4.005440011164817203e-03
2.205320000000000164e+03,3.999152111164816677e-03
2.205840000000000146e+03,3.992883743094817472e-03
2.206360000000000127e+03,3.986634660569049297e-03
2.206880000000000109e+03,3.980385085879049878e-03
2.207400000000000091e+03,3.974155446879049439e-03
2.207920000000000073e+03,3.967926003353283021e-03
2.208440000000000055e+03,3.961715936333282811e-03
2.208960000000000036e+03,3.955525189313281731e-03
2.209480000000000018e+03,3.949354321243282381e-03
2.210000000000000000e+03,3.943164038717514308e-03
2.210519999999999982e+03,3.937012311047514285e-03
2.211039999999999964e+03,3.930861225027515622e-03
2.211559999999999945e+03,3.924728781501747588e-03
2.212079999999999927e+03,3.918597114481746357e-03
2.212599999999999909e+03,3.912485114481747267e-03
2.213119999999999891e+03,3.906372355865979883e-03
2.213639999999999873e+03,3.900279416865978788e-03
2.214159999999999854e+03,3.894206116865979016e-03
2.214679999999999836e+03,3.888133750195979770e-03
2.215200000000000273e+03,3.882079359650212041e-03
2.215720000000000255e+03,3.876045220650212349e-03
2.216239999999999782e+03,3.869991992630212110e-03
2.216759999999999764e+03,3.863977081034444989e-03
2.217280000000000200e+03,3.857962234014444478e-03
2.217800000000000182e+03,3.851967795014444879e-03
2.218319999999999709e+03,3.845972484818677411e-03
2.218839999999999691e+03,3.839996684818677061e-03
2.219360000000000127e+03,3.834040598798677674e-03
2.219880000000000109e+03,3.828084870778677290e-03
2.220400000000000091e+03,3.822128759182909404e-03
2.220920000000000073e+03,3.816212259182909759e-03
2.221440000000000055e+03,3.810275773162910551e-03
2.221960000000000036e+03,3.804358890637142467e-03
2.222480000000000018e+03,3.798461462967142859e-03
2.223000000000000000e+03,3.792584123967142860e-03
2.223519999999999982e+03,3.786705605401375751e-03
2.224039999999999964e+03,3.780828237331375873e-03
2.224559999999999945e+03,3.774989637331375471e-03
2.225079999999999927e+03,3.769131898331375650e-03
2.225599999999999909e+03,3.763311707785608421e-03
2.226119999999999891e+03,3.757473541115607506e-03
2.226639999999999873e+03,3.751674102115608485e-03
2.227159999999999854e+03,3.745855230569841189e-03
2.227679999999999836e+03,3.740075015479840757e-03
2.228199999999999818e+03,3.734295215479840890e-03
2.228720000000000255e+03,3.728534976479839624e-03
2.229240000000000236e+03,3.722774432954072642e-03
2.229760000000000218e+03,3.717033793954072855e-03
2.230279999999999745e+03,3.711292819264072965e-03
2.230800000000000182e+03,3.705571436738305195e-03
2.231320000000000164e+03,3.699850340648306625e-03
2.231840000000000146e+03,3.694148940648306605e-03
2.232359999999999673e+03,3.688447154628305032e-03
2.232880000000000109e+03,3.682765011102538330e-03
2.233400000000000091e+03,3.677083172102538211e-03
2.233920000000000073e+03,3.671420972102538548e-03
2.234440000000000055e+03,3.665777114886770941e-03
2.234960000000000036e+03,3.660133957796770591e-03
2.235480000000000018e+03,3.654510418796770837e-03
2.236000000000000000e+03,3.648887075271003370e-03
2.236519999999999982e+03,3.643282789251002518e-03
2.237039999999999964e+03,3.637679350251003113e-03
2.237559999999999945e+03,3.632095050251003127e-03
2.238079999999999927e+03,3.626510367725236435e-03
2.238600000000000364e+03,3.620945293035235379e-03
2.239119999999999891e+03,3.615380996945236070e-03
2.239639999999999873e+03,3.609835553419468279e-03
2.240159999999999854e+03,3.604290914419468108e-03
2.240680000000000291e+03,3.598784514419468665e-03
2.241199999999999818e+03,3.593258628399468094e-03
2.241719999999999800e+03,3.587752384873701527e-03
2.242239999999999782e+03,3.582246418203701138e-03
2.242760000000000218e+03,3.576779122113700211e-03
2.243280000000000200e+03,3.571292631567933151e-03
2.243800000000000182e+03,3.565825892567933524e-03
2.244319999999999709e+03,3.560378292567933315e-03
2.244840000000000146e+03,3.554931153567932999e-03
2.245360000000000127e+03,3.549483863022164995e-03
2.245880000000000109e+03,3.544056324022166592e-03
2.246399999999999636e+03,3.538647839262166073e-03
2.246920000000000073e+03,3.533239556736397953e-03
2.247440000000000055e+03,3.527850409716398739e-03
2.247960000000000036e+03,3.522462070716398524e-03
2.248480000000000018e+03,3.517092870716398163e-03
2.249000000000000000e+03,3.511723788190631267e-03
2.249519999999999982e+03,3.506374149190631239e-03
2.250039999999999964e+03,3.501024673100631372e-03
2.250559999999999945e+03,3.495694234884864308e-03
2.251079999999999927e+03,3.490364234884864303e-03
2.251599999999999909e+03,3.485035195884863927e-03
2.252119999999999891e+03,3.479724448864863692e-03
2.252640000000000327e+03,3.474433266339096472e-03
2.253159999999999854e+03,3.469161566339096833e-03
2.253679999999999836e+03,3.463871727339095947e-03
2.254199999999999818e+03,3.458600151249095755e-03
2.254720000000000255e+03,3.453348113033329406e-03
2.255239999999999782e+03,3.448096513033328814e-03
2.255759999999999764e+03,3.442864474033328123e-03
2.256279999999999745e+03,3.437632091507561872e-03
2.256800000000000182e+03,3.432419344487561228e-03
2.257320000000000164e+03,3.427206905487560282e-03
2.257840000000000146e+03,3.422013576417561043e-03
2.258360000000000127e+03,3.416820365871794333e-03
2.258880000000000109e+03,3.411627691181794934e-03
2.259400000000000091e+03,3.406473552181793919e-03
2.259920000000000073e+03,3.401300508656026483e-03
2.260440000000000055e+03,3.396146869656026940e-03
2.260960000000000036e+03,3.391012522636026576e-03
2.261480000000000018e+03,3.385878454566026898e-03
2.262000000000000000e+03,3.380744111040260083e-03
2.262519999999999982e+03,3.375629644020259647e-03
2.263039999999999964e+03,3.370534316350259907e-03
2.263559999999999945e+03,3.365438286804492158e-03
2.264079999999999927e+03,3.360343486804492127e-03
2.264599999999999909e+03,3.355268247804491996e-03
2.265119999999999891e+03,3.350193047804491710e-03
2.265639999999999873e+03,3.345136189188724438e-03
2.266160000000000309e+03,3.340080550188724053e-03
2.266680000000000291e+03,3.335044522168724608e-03
2.267199999999999818e+03,3.330007955498725126e-03
2.267719999999999800e+03,3.324990864952958106e-03
2.268240000000000236e+03,3.319973925952957039e-03
2.268760000000000218e+03,3.314977125952957033e-03
2.269279999999999745e+03,3.309979914357189142e-03
2.269799999999999727e+03,3.304983114357189136e-03
2.270320000000000164e+03,3.300005000317189803e-03
2.270840000000000146e+03,3.295046900317190417e-03
2.271360000000000127e+03,3.290088390121423054e-03
2.271880000000000109e+03,3.285130790121422537e-03
2.272400000000000091e+03,3.280191904101423077e-03
2.272920000000000073e+03,3.275273004101422313e-03
2.273440000000000055e+03,3.270353692505655399e-03
2.273960000000000036e+03,3.265435292505654806e-03
2.274480000000000018e+03,3.260535925485655295e-03
2.275000000000000000e+03,3.255636434939887611e-03
2.275519999999999982e+03,3.250737568269887814e-03
2.276039999999999964e+03,3.245857868269887841e-03
2.276559999999999945e+03,3.240997729269887769e-03
2.277079999999999927e+03,3.236117838724121131e-03
2.277599999999999909e+03,3.231277270654120924e-03
2.278119999999999891e+03,3.226436731654121030e-03
2.278639999999999873e+03,3.221596203634119731e-03
2.279159999999999854e+03,3.216774574088353180e-03
2.279679999999999836e+03,3.211954146418353508e-03
2.280200000000000273e+03,3.207152807418353103e-03
2.280720000000000255e+03,3.202351163892586117e-03
2.281239999999999782e+03,3.197568895822585407e-03
2.281759999999999764e+03,3.192787348802586089e-03
2.282280000000000200e+03,3.188005609802586297e-03
2.282800000000000182e+03,3.183243138256817983e-03
2.283319999999999709e+03,3.178481499256818107e-03
2.283839999999999691e+03,3.173738124566818398e-03
2.284360000000000127e+03,3.168995585566818096e-03
2.284880000000000109e+03,3.164253242041050948e-03
2.285400000000000091e+03,3.159549373971050953e-03
2.285920000000000073e+03,3.154826473971050239e-03
2.286440000000000055e+03,3.150122444425283458e-03
2.286960000000000036e+03,3.145419616405283145e-03
2.287480000000000018e+03,3.140735877405283379e-03
2.288000000000000000e+03,3.136052177405283022e-03
2.288519999999999982e+03,3.131386820189515589e-03
2.289039999999999964e+03,3.126722720189515411e-03
2.289559999999999945e+03,3.122078152119515254e-03
2.290079999999999927e+03,3.117433652119515688e-03
2.290599999999999909e+03,3.112788769593748551e-03
2.291119999999999891e+03,3.108144394553747931e-03
2.291639999999999873e+03,3.103538555553748707e-03
2.292159999999999854e+03,3.098932755553748461e-03
2.292679999999999836e+03,3.094327545357981012e-03
2.293199999999999818e+03,3.089721869267981515e-03
2.293720000000000255e+03,3.085136130267981339e-03
2.294240000000000236e+03,3.080550086742214148e-03
2.294760000000000218e+03,3.075983947742213717e-03
2.295279999999999745e+03,3.071417819722214049e-03
2.295800000000000182e+03,3.066870933702214256e-03
2.296320000000000164e+03,3.062323590176446817e-03
2.296840000000000146e+03,3.057777551176446302e-03
2.297359999999999673e+03,3.053250094436446051e-03
2.297880000000000109e+03,3.048723155436446845e-03
2.298400000000000091e+03,3.044215164890679091e-03
2.298920000000000073e+03,3.039707325890679025e-03
2.299440000000000055e+03,3.035200497870678762e-03
2.299960000000000036e+03,3.030712258870678442e-03
2.300480000000000018e+03,3.026224368324911471e-03
2.301000000000000000e+03,3.021755729324911328e-03
2.301519999999999982e+03,3.017288072584911086e-03
2.302039999999999964e+03,3.012838690059143829e-03
2.302559999999999945e+03,3.008390190059143446e-03
2.303079999999999927e+03,3.003940804039143941e-03
2.303600000000000364e+03,2.999511876019143788e-03
2.304119999999999891e+03,2.995082593493376879e-03
2.304639999999999873e+03,2.990672793493376683e-03
2.305159999999999854e+03,2.986244007473377263e-03
2.305680000000000291e+03,2.981853750733376961e-03
2.306199999999999818e+03,2.977444568207609533e-03
2.306719999999999800e+03,2.973073968207609694e-03
2.307239999999999782e+03,2.968684229207609569e-03
2.307760000000000218e+03,2.964313754167609109e-03
2.308280000000000200e+03,2.959943271641841435e-03
2.308800000000000182e+03,2.955592771641841511e-03
2.309319999999999709e+03,2.951241732641841573e-03
2.309840000000000146e+03,2.946910803571841514e-03
2.310360000000000127e+03,2.942579146356074683e-03
2.310880000000000109e+03,2.938248246356074938e-03
2.311399999999999636e+03,2.933917307356074915e-03
2.311920000000000073e+03,2.929625107356074922e-03
2.312440000000000055e+03,2.925313049790307426e-03
2.312960000000000036e+03,2.921021349790307170e-03
2.313480000000000018e+03,2.916729610790307504e-03
2.314000000000000000e+03,2.912457138194540253e-03
2.314519999999999982e+03,2.908184499194539727e-03
2.315039999999999964e+03,2.903912024504540137e-03
2.315559999999999945e+03,2.899659485504539527e-03
2.316079999999999927e+03,2.895406641978772334e-03
2.316599999999999909e+03,2.891173674958772387e-03
2.317119999999999891e+03,2.886940274958772062e-03
2.317640000000000327e+03,2.882706988938772089e-03
2.318159999999999854e+03,2.878493316343004940e-03
2.318679999999999836e+03,2.874279977343005121e-03
2.319199999999999818e+03,2.870066649673004740e-03
2.319720000000000255e+03,2.865872563653005124e-03
2.320239999999999782e+03,2.861678520127237165e-03
2.320759999999999764e+03,2.857504353107237754e-03
2.321279999999999745e+03,2.853329753107237965e-03
2.321800000000000182e+03,2.849156153107237650e-03
2.322320000000000164e+03,2.845000394491470179e-03
2.322840000000000146e+03,2.840845894491469872e-03
2.323360000000000127e+03,2.836691855491469891e-03
2.323880000000000109e+03,2.832556427821470053e-03
2.324400000000000091e+03,2.828440245295702794e-03
2.324920000000000073e+03,2.824305498275702861e-03
2.325440000000000055e+03,2.820190131255702684e-03
2.325960000000000036e+03,2.816074831255702734e-03
2.326480000000000018e+03,2.811978219659935340e-03
2.327000000000000000e+03,2.807883019659935305e-03
2.327519999999999982e+03,2.803806033639934855e-03
2.328039999999999964e+03,2.799710833639934820e-03
2.328559999999999945e+03,2.795653423444168124e-03
2.329079999999999927e+03,2.791577323444168097e-03
2.329599999999999909e+03,2.787520448404167892e-03
2.330119999999999891e+03,2.783463948404168043e-03
2.330639999999999873e+03,2.779426636808400488e-03
2.331160000000000309e+03,2.775389736808401252e-03
2.331680000000000291e+03,2.771352836808400714e-03
2.332199999999999818e+03,2.767335150788400536e-03
2.332719999999999800e+03,2.763318007262633488e-03
2.333240000000000236e+03,2.759300679592633591e-03
2.333760000000000218e+03,2.755302979592633410e-03
2.334279999999999745e+03,2.751305212572633004e-03
2.334799999999999727e+03,2.747325892956865682e-03
2.335320000000000164e+03,2.743328692956865673e-03
2.335840000000000146e+03,2.739369653956865401e-03
2.336360000000000127e+03,2.735392053956865570e-03
2.336880000000000109e+03,2.731433210431098452e-03
2.337400000000000091e+03,2.727493935741098427e-03
2.337920000000000073e+03,2.723535396741098326e-03
2.338440000000000055e+03,2.719596468721098299e-03
2.338960000000000036e+03,2.715657725195331097e-03
2.339480000000000018e+03,2.711738357125331473e-03
2.340000000000000000e+03,2.707818710105332032e-03
2.340519999999999982e+03,2.703899910105331868e-03
2.341039999999999964e+03,2.699999866579564419e-03
2.341559999999999945e+03,2.696100127579563986e-03
2.342079999999999927e+03,2.692200899909564030e-03
2.342599999999999909e+03,2.688320452889564078e-03
2.343119999999999891e+03,2.684459081343796433e-03
2.343639999999999873e+03,2.680578913273796299e-03
2.344159999999999854e+03,2.676718413273796501e-03
2.344679999999999836e+03,2.672858066253796031e-03
2.345200000000000273e+03,2.668997183728029094e-03
2.345720000000000255e+03,2.665156783728028778e-03
2.346239999999999782e+03,2.661315883728028291e-03
2.346759999999999764e+03,2.657494556058028878e-03
2.347280000000000200e+03,2.653653398492261499e-03
2.347800000000000182e+03,2.649851669422261056e-03
2.348319999999999709e+03,2.646030369422261181e-03
2.348839999999999691e+03,2.642229130422260944e-03
2.349360000000000127e+03,2.638427086896493953e-03
2.349880000000000109e+03,2.634645139876494631e-03
2.350400000000000091e+03,2.630863039876493812e-03
2.350920000000000073e+03,2.627080900876494450e-03
2.351440000000000055e+03,2.623298929680726102e-03
2.351960000000000036e+03,2.619536901660726551e-03
2.352480000000000018e+03,2.615774025570726490e-03
2.353000000000000000e+03,2.612031086570727051e-03
2.353519999999999982e+03,2.608288343044959899e-03
2.354039999999999964e+03,2.604545443044959871e-03
2.354559999999999945e+03,2.600822104044959310e-03
2.355079999999999927e+03,2.597079857024959214e-03
2.355599999999999909e+03,2.593356713499191807e-03
2.356119999999999891e+03,2.589652985829191730e-03
2.356639999999999873e+03,2.585949189739191519e-03
2.357159999999999854e+03,2.582245989739191585e-03
2.357679999999999836e+03,2.578542099193423948e-03
2.358199999999999818e+03,2.574858499193424625e-03
2.358720000000000255e+03,2.571174360193423988e-03
2.359240000000000236e+03,2.567509860193424240e-03
2.359760000000000218e+03,2.563826760193424655e-03
2.360279999999999745e+03,2.560161530647656926e-03
2.360800000000000182e+03,2.556517130647657093e-03
2.361320000000000164e+03,2.552872645887657461e-03
2.361840000000000146e+03,2.549228245887657195e-03
2.362359999999999673e+03,2.545583463361889356e-03
2.362880000000000109e+03,2.541957816341889557e-03
2.363400000000000091e+03,2.538333016341889903e-03
2.363920000000000073e+03,2.534708216341889815e-03
2.364440000000000055e+03,2.531102633816121900e-03
2.364960000000000036e+03,2.527497433816121991e-03
2.365480000000000018e+03,2.523891886796122107e-03
2.366000000000000000e+03,2.520305663036122128e-03
2.366519999999999982e+03,2.516719719510354236e-03
2.367039999999999964e+03,2.513134119510354939e-03
2.367559999999999945e+03,2.509549019510354511e-03
2.368079999999999927e+03,2.505982633490354272e-03
2.368600000000000364e+03,2.502416289964587860e-03
2.369119999999999891e+03,2.498869889964587618e-03
2.369639999999999873e+03,2.495303889964587633e-03
2.370159999999999854e+03,2.491757421894587234e-03
2.370680000000000291e+03,2.488229875658819548e-03
2.371199999999999818e+03,2.484683975658819478e-03
2.371719999999999800e+03,2.481176236658819579e-03
2.372239999999999782e+03,2.477649436658819950e-03
2.372760000000000218e+03,2.474123136658820058e-03
2.373280000000000200e+03,2.470615246113052037e-03
2.373800000000000182e+03,2.467127607113052054e-03
2.374319999999999709e+03,2.463621407113052077e-03
2.374840000000000146e+03,2.460133778043052492e-03
2.375360000000000127e+03,2.456645778827285138e-03
2.375880000000000109e+03,2.453176892807285188e-03
2.376399999999999636e+03,2.449689792807284786e-03
2.376920000000000073e+03,2.446222292807284562e-03
2.377440000000000055e+03,2.442773549281517919e-03
2.377960000000000036e+03,2.439325110281517425e-03
2.378480000000000018e+03,2.435876363261518102e-03
2.379000000000000000e+03,2.432428463261517623e-03
2.379519999999999982e+03,2.428980151665750559e-03
2.380039999999999964e+03,2.425551323645750573e-03
2.380559999999999945e+03,2.422122995975750735e-03
2.381079999999999927e+03,2.418713795975750876e-03
2.381599999999999909e+03,2.415304366429983206e-03
2.382119999999999891e+03,2.411876066429982906e-03
2.382640000000000327e+03,2.408486466429983226e-03
2.383159999999999854e+03,2.405077766429983104e-03
2.383679999999999836e+03,2.401707698359983011e-03
2.384199999999999818e+03,2.398317907814215364e-03
2.384720000000000255e+03,2.394928779794215472e-03
2.385239999999999782e+03,2.391559252124214868e-03
2.385759999999999764e+03,2.388189713124215258e-03
2.386279999999999745e+03,2.384838969598447773e-03
2.386800000000000182e+03,2.381469622578447770e-03
2.387320000000000164e+03,2.378119183578448169e-03
2.387840000000000146e+03,2.374788883578447460e-03
2.388360000000000127e+03,2.371438610982680266e-03
2.388880000000000109e+03,2.368107810982680254e-03
2.389400000000000091e+03,2.364777096942680644e-03
2.389920000000000073e+03,2.361466396942680547e-03
2.390440000000000055e+03,2.358136069272680300e-03
2.390960000000000036e+03,2.354825025746913342e-03
2.391480000000000018e+03,2.351514786746913572e-03
2.392000000000000000e+03,2.348222839726913508e-03
2.392519999999999982e+03,2.344931739726913589e-03
2.393039999999999964e+03,2.341640767131146234e-03
2.393559999999999945e+03,2.338349628131146038e-03
2.394079999999999927e+03,2.335078100111145916e-03
2.394599999999999909e+03,2.331806600111145742e-03
2.395119999999999891e+03,2.328535228915378473e-03
2.395639999999999873e+03,2.325283289915378200e-03
2.396160000000000309e+03,2.322011789915378460e-03
2.396680000000000291e+03,2.318779489915378210e-03
2.397199999999999818e+03,2.315527589915378215e-03
2.397719999999999800e+03,2.312295378319611117e-03
2.398240000000000236e+03,2.309063078319610867e-03
2.398760000000000218e+03,2.305830750299611102e-03
2.399279999999999745e+03,2.302598911299610744e-03
2.399799999999999727e+03,2.299385867773843378e-03
2.400320000000000164e+03,2.296173640103843071e-03
2.400840000000000146e+03,2.292961440103843604e-03
2.401360000000000127e+03,2.289768301103843433e-03
2.401880000000000109e+03,2.286575357578076416e-03
2.402400000000000091e+03,2.283382228508076643e-03
2.402920000000000073e+03,2.280190128508076657e-03
2.403440000000000055e+03,2.277016589508076231e-03
2.403960000000000036e+03,2.273843061488076134e-03
2.404480000000000018e+03,2.270669717962308862e-03
2.405000000000000000e+03,2.267515817962309325e-03
2.405519999999999982e+03,2.264343251292309268e-03
2.406039999999999964e+03,2.261189851292309035e-03
2.406559999999999945e+03,2.258055207766541516e-03
2.407079999999999927e+03,2.254902278696541140e-03
2.407599999999999909e+03,2.251767939696541938e-03
2.408119999999999891e+03,2.248634139696541450e-03
2.408639999999999873e+03,2.245519911676541625e-03
2.409159999999999854e+03,2.242385768150774276e-03
2.409679999999999836e+03,2.239271529150774123e-03
2.410200000000000273e+03,2.236157329150774246e-03
2.410720000000000255e+03,2.233062701480774143e-03
2.411239999999999782e+03,2.229948157955007407e-03
2.411759999999999764e+03,2.226872589885006692e-03
2.412280000000000200e+03,2.223777989885006995e-03
2.412800000000000182e+03,2.220683889885007034e-03
2.413319999999999709e+03,2.217608546359239353e-03
2.413839999999999691e+03,2.214533479339239174e-03
2.414360000000000127e+03,2.211458979339238958e-03
2.414880000000000109e+03,2.208403579339239184e-03
2.415400000000000091e+03,2.205348151669239438e-03
2.415920000000000073e+03,2.202292369143472092e-03
2.416440000000000055e+03,2.199237469143472054e-03
2.416960000000000036e+03,2.196201640073471711e-03
2.417480000000000018e+03,2.193165840073471682e-03
2.418000000000000000e+03,2.190130157547704251e-03
2.418519999999999982e+03,2.187094829527704443e-03
2.419039999999999964e+03,2.184059529527704584e-03
2.419559999999999945e+03,2.181043329527704300e-03
2.420079999999999927e+03,2.178027090527704605e-03
2.420599999999999909e+03,2.175030619331936969e-03
2.421119999999999891e+03,2.172034019331936863e-03
2.421639999999999873e+03,2.169037390261936878e-03
2.422159999999999854e+03,2.166041251261936664e-03
2.422679999999999836e+03,2.163044807736169434e-03
2.423199999999999818e+03,2.160068307736169677e-03
2.423720000000000255e+03,2.157091779716169971e-03
2.424240000000000236e+03,2.154114740716169766e-03
2.424760000000000218e+03,2.151138740716169746e-03
2.425279999999999745e+03,2.148180997190401835e-03
2.425800000000000182e+03,2.145224069520402285e-03
2.426320000000000164e+03,2.142267101450402982e-03
2.426840000000000146e+03,2.139310201450402536e-03
2.427359999999999673e+03,2.136372557924635408e-03
2.427880000000000109e+03,2.133435257924635141e-03
2.428400000000000091e+03,2.130497890904635080e-03
2.428920000000000073e+03,2.127561090904635417e-03
2.429440000000000055e+03,2.124643390904635762e-03
2.429960000000000036e+03,2.121725347378867511e-03
2.430480000000000018e+03,2.118807608378867578e-03
2.431000000000000000e+03,2.115890408378867660e-03
2.431519999999999982e+03,2.112991779308867699e-03
2.432039999999999964e+03,2.110093679308867355e-03
2.432559999999999945e+03,2.107195696783100477e-03
2.433079999999999927e+03,2.104297596783099699e-03
2.433600000000000364e+03,2.101419568763099755e-03
2.434119999999999891e+03,2.098541068763100023e-03
2.434639999999999873e+03,2.095662686237332890e-03
2.435159999999999854e+03,2.092784186237332724e-03
2.435680000000000291e+03,2.089925286237333171e-03
2.436199999999999818e+03,2.087047257167332862e-03
2.436719999999999800e+03,2.084188818167332768e-03
2.437239999999999782e+03,2.081349174641565231e-03
2.437760000000000218e+03,2.078490774641564981e-03
2.438280000000000200e+03,2.075651974641564909e-03
2.438800000000000182e+03,2.072812607621565741e-03
2.439319999999999709e+03,2.069973464095797942e-03
2.439840000000000146e+03,2.067153764095797878e-03
2.440360000000000127e+03,2.064315464095797976e-03
2.440880000000000109e+03,2.061495725095798068e-03
2.441399999999999636e+03,2.058696096025798040e-03
2.441920000000000073e+03,2.055876552500029986e-03
2.442440000000000055e+03,2.053076952500030271e-03
2.442960000000000036e+03,2.050277313500030278e-03
2.443480000000000018e+03,2.047477713500030563e-03
2.444000000000000000e+03,2.044678085480030466e-03
2.444519999999999982e+03,2.041897741954263202e-03
2.445039999999999964e+03,2.039098102954262776e-03
2.445559999999999945e+03,2.036337702954262984e-03
2.446079999999999927e+03,2.033557673884263135e-03
2.446599999999999909e+03,2.030796930358496049e-03
2.447119999999999891e+03,2.028017430358496249e-03
2.447640000000000327e+03,2.025257491358495917e-03
2.448159999999999854e+03,2.022497091358495692e-03
2.448679999999999836e+03,2.019756291358496079e-03
2.449199999999999818e+03,2.017015119812728356e-03
2.449720000000000255e+03,2.014274280812728465e-03
2.450239999999999782e+03,2.011533980812728155e-03
2.450759999999999764e+03,2.008793680812728279e-03
2.451279999999999745e+03,2.006072451742728097e-03
2.451800000000000182e+03,2.003350869216961091e-03
2.452320000000000164e+03,2.000630169216960959e-03
2.452840000000000146e+03,1.997908969216961091e-03
2.453360000000000127e+03,1.995188769216961130e-03
2.453880000000000109e+03,1.992486786691193435e-03
2.454400000000000091e+03,1.989785658671193534e-03
2.454920000000000073e+03,1.987084058671193410e-03
2.455440000000000055e+03,1.984402058671193899e-03
2.455960000000000036e+03,1.981701419671193839e-03
2.456480000000000018e+03,1.979019047075426287e-03
2.457000000000000000e+03,1.976337547075426512e-03
2.457519999999999982e+03,1.973656547075426908e-03
2.458039999999999964e+03,1.970994108075426431e-03
2.458559999999999945e+03,1.968332208075426401e-03
2.459079999999999927e+03,1.965650864549659069e-03
2.459599999999999909e+03,1.963008064549659048e-03
2.460119999999999891e+03,1.960346664549659189e-03
2.460639999999999873e+03,1.957703825549658456e-03
2.461160000000000309e+03,1.955042396479659151e-03
2.461680000000000291e+03,1.952399752953892006e-03
2.462199999999999818e+03,1.949757952953891458e-03
2.462719999999999800e+03,1.947135213953891941e-03
2.463240000000000236e+03,1.944512013953891448e-03
2.463760000000000218e+03,1.941889470428124218e-03
2.464279999999999745e+03,1.939266770428124112e-03
2.464799999999999727e+03,1.936644531428124332e-03
2.465320000000000164e+03,1.934041931428124141e-03
2.465840000000000146e+03,1.931419731428124205e-03
2.466360000000000127e+03,1.928816258832356887e-03
2.466880000000000109e+03,1.926232719832356426e-03
2.467400000000000091e+03,1.923630119832356669e-03
2.467920000000000073e+03,1.921046619832356486e-03
2.468440000000000055e+03,1.918463619832356691e-03
2.468960000000000036e+03,1.915879776306589431e-03
2.469480000000000018e+03,1.913296737306589140e-03
2.470000000000000000e+03,1.910732837306589786e-03
2.470519999999999982e+03,1.908150337306589511e-03
2.471039999999999964e+03,1.905586437306589507e-03
2.471559999999999945e+03,1.903023125710821524e-03
2.472079999999999927e+03,1.900459725710821690e-03
2.472599999999999909e+03,1.897915425710821648e-03
2.473119999999999891e+03,1.895371625710821992e-03
2.473639999999999873e+03,1.892827786710821842e-03
2.474159999999999854e+03,1.890283643185054459e-03
2.474679999999999836e+03,1.887740343185054541e-03
2.475200000000000273e+03,1.885215643185054243e-03
2.475720000000000255e+03,1.882691443185054332e-03
2.476239999999999782e+03,1.880166860659286850e-03
2.476759999999999764e+03,1.877643131589286796e-03
2.477280000000000200e+03,1.875118931589286886e-03
2.477800000000000182e+03,1.872614331589286503e-03
2.478319999999999709e+03,1.870109692589287361e-03
2.478839999999999691e+03,1.867605249063519638e-03
2.479360000000000127e+03,1.865101149063519426e-03
2.479880000000000109e+03,1.862597049063519430e-03
2.480400000000000091e+03,1.860112010063519599e-03
2.480920000000000073e+03,1.857627010063519612e-03
2.481440000000000055e+03,1.855142166537752501e-03
2.481960000000000036e+03,1.852657137467752634e-03
2.482480000000000018e+03,1.850192237467752779e-03
2.483000000000000000e+03,1.847707698467752685e-03
2.483519999999999982e+03,1.845242798467752613e-03
2.484039999999999964e+03,1.842777054941985076e-03
2.484559999999999945e+03,1.840331254941985229e-03
2.485079999999999927e+03,1.837866315941985096e-03
2.485599999999999909e+03,1.835421015941985420e-03
2.486119999999999891e+03,1.832956615941985518e-03
2.486639999999999873e+03,1.830510972416217897e-03
2.487159999999999854e+03,1.828084733416217517e-03
2.487679999999999836e+03,1.825639933416217794e-03
2.488199999999999818e+03,1.823213733416217475e-03
2.488720000000000255e+03,1.820788533416217497e-03
2.489240000000000236e+03,1.818362489890450488e-03
2.489760000000000218e+03,1.815936750890450278e-03
2.490279999999999745e+03,1.813530150890450138e-03
2.490800000000000182e+03,1.811105450890450113e-03
2.491320000000000164e+03,1.808699350890450577e-03
2.491840000000000146e+03,1.806292868364682384e-03
2.492359999999999673e+03,1.803887268364682585e-03
2.492880000000000109e+03,1.801500268364682623e-03
2.493400000000000091e+03,1.799094668364682606e-03
2.493920000000000073e+03,1.796708629364682707e-03
2.494440000000000055e+03,1.794321785838915839e-03
2.494960000000000036e+03,1.791935785838915567e-03
2.495480000000000018e+03,1.789568885838915737e-03
2.496000000000000000e+03,1.787201985838915907e-03
2.496519999999999982e+03,1.784816446838915311e-03
2.497039999999999964e+03,1.782449203313148187e-03
2.497559999999999945e+03,1.780082803313148094e-03
2.498079999999999927e+03,1.777736003313148396e-03
2.498600000000000364e+03,1.775369564313148026e-03
2.499119999999999891e+03,1.773022264313147940e-03
2.499639999999999873e+03,1.770675120787380515e-03
2.500159999999999854e+03,1.768328320787380600e-03
2.500680000000000291e+03,1.765982020787380639e-03
2.501199999999999818e+03,1.763654281787380672e-03
2.501719999999999800e+03,1.761327081787380502e-03
2.502239999999999782e+03,1.758999538261613038e-03
2.502760000000000218e+03,1.756672338261613302e-03
2.503280000000000200e+03,1.754345099261613071e-03
2.503800000000000182e+03,1.752018399261612855e-03
2.504319999999999709e+03,1.749710799261612864e-03
2.504840000000000146e+03,1.747402855735845579e-03
2.505360000000000127e+03,1.745095255735845587e-03
2.505880000000000109e+03,1.742788116735845706e-03
2.506399999999999636e+03,1.740481016735845885e-03
2.506920000000000073e+03,1.738193016735845855e-03
2.507440000000000055e+03,1.735904673210078748e-03
2.507960000000000036e+03,1.733616634210078875e-03
2.508480000000000018e+03,1.731328634210078845e-03
2.509000000000000000e+03,1.729041634210078289e-03
2.509519999999999982e+03,1.726754134210078864e-03
2.510039999999999964e+03,1.724485390684311068e-03
2.510559999999999945e+03,1.722216951684310939e-03
2.511079999999999927e+03,1.719949051684311041e-03
2.511599999999999909e+03,1.717681151684310927e-03
2.512119999999999891e+03,1.715413251684311247e-03
2.512640000000000327e+03,1.713164569158543739e-03
2.513159999999999854e+03,1.710915769158543849e-03
2.513679999999999836e+03,1.708667469158543697e-03
2.514199999999999818e+03,1.706419669158543281e-03
2.514720000000000255e+03,1.704171369158543562e-03
2.515239999999999782e+03,1.701922686632776054e-03
2.515759999999999764e+03,1.699693986632776080e-03
2.516279999999999745e+03,1.697465286632776323e-03
2.516800000000000182e+03,1.695236586632775915e-03
2.517320000000000164e+03,1.693007847632776097e-03
2.517840000000000146e+03,1.690798404107009007e-03
2.518360000000000127e+03,1.688570204107008987e-03
2.518880000000000109e+03,1.686361104107008974e-03
2.519400000000000091e+03,1.684152004107008962e-03
2.519920000000000073e+03,1.681943365107008842e-03
2.520440000000000055e+03,1.679734265107008830e-03
2.520960000000000036e+03,1.677544765107008779e-03
2.521480000000000018e+03,1.675336165107008937e-03
2.522000000000000000e+03,1.673146665107008886e-03
2.522519999999999982e+03,1.670957626107008945e-03
2.523039999999999964e+03,1.668768626107009065e-03
2.523559999999999945e+03,1.666579626107008751e-03
2.524079999999999927e+03,1.664409726107009095e-03
2.524599999999999909e+03,1.662239787107008945e-03
2.525119999999999891e+03,1.660070387107008810e-03
2.525639999999999873e+03,1.657900987107009108e-03
2.526160000000000309e+03,1.655731587107009189e-03
2.526680000000000291e+03,1.653562187107008837e-03
2.527199999999999818e+03,1.651412348107009036e-03
2.527719999999999800e+03,1.649242948107008900e-03
2.528240000000000236e+03,1.647093148107008943e-03
2.528760000000000218e+03,1.644943348107009203e-03
2.529279999999999745e+03,1.642794009107009139e-03
2.529799999999999727e+03,1.640663309107008756e-03
2.530320000000000164e+03,1.638514009107009187e-03
2.530840000000000146e+03,1.636383809107008975e-03
2.531360000000000127e+03,1.634253609107009196e-03
2.531880000000000109e+03,1.632123370107008923e-03
2.532400000000000091e+03,1.629993670107009098e-03
2.532920000000000073e+03,1.627863470107008886e-03
2.533440000000000055e+03,1.625752870107009069e-03
2.533960000000000036e+03,1.623642270107009036e-03
2.534480000000000018e+03,1.621532131107009111e-03
2.535000000000000000e+03,1.619421531107008861e-03
2.535519999999999982e+03,1.617311431107008998e-03
2.536039999999999964e+03,1.615220431107008926e-03
2.536559999999999945e+03,1.613110792107008955e-03
2.537079999999999927e+03,1.611019792107008883e-03
2.537599999999999909e+03,1.608929292107008982e-03
2.538119999999999891e+03,1.606838292107008910e-03
2.538639999999999873e+03,1.604747792107008575e-03
2.539159999999999854e+03,1.602676853107009008e-03
2.539679999999999836e+03,1.600586353107008673e-03
2.540200000000000273e+03,1.598515453107008082e-03
2.540720000000000255e+03,1.596444553107007926e-03
2.541239999999999782e+03,1.594373653107008203e-03
2.541759999999999764e+03,1.592302714107008202e-03
2.542280000000000200e+03,1.590232314107008433e-03
2.542800000000000182e+03,1.588180514107008284e-03
2.543319999999999709e+03,1.586129214107008523e-03
2.543839999999999691e+03,1.584058814107008320e-03
2.544360000000000127e+03,1.582007975107008451e-03
2.544880000000000109e+03,1.579956675107008256e-03
2.545400000000000091e+03,1.577924475107008286e-03
2.545920000000000073e+03,1.575893275107008223e-03
2.546440000000000055e+03,1.573842436107008354e-03
2.546960000000000036e+03,1.571810736107008121e-03
2.547480000000000018e+03,1.569779036107008321e-03
2.548000000000000000e+03,1.567747836107008042e-03
2.548519999999999982e+03,1.565735736107008204e-03
2.549039999999999964e+03,1.563704497107008297e-03
2.549559999999999945e+03,1.561692397107008025e-03
2.550079999999999927e+03,1.559661697107008133e-03
2.550599999999999909e+03,1.557649597107008295e-03
2.551119999999999891e+03,1.555637997107008194e-03
2.551639999999999873e+03,1.553645458107008256e-03
2.552159999999999854e+03,1.551634358107008109e-03
2.552679999999999836e+03,1.549641858107008233e-03
2.553199999999999818e+03,1.547630258107008131e-03
2.553720000000000255e+03,1.545638258107008209e-03
2.554240000000000236e+03,1.543665319107008016e-03
2.554760000000000218e+03,1.541673819107008264e-03
2.555279999999999745e+03,1.539681819107008125e-03
2.555800000000000182e+03,1.537709419107008164e-03
2.556320000000000164e+03,1.535717880107008351e-03
2.556840000000000146e+03,1.533745480107008173e-03
2.557359999999999673e+03,1.531773080107008212e-03
2.557880000000000109e+03,1.529800680107008034e-03
2.558400000000000091e+03,1.527828780107008460e-03
2.558920000000000073e+03,1.525875941107008400e-03
2.559440000000000055e+03,1.523923141107008401e-03
2.559960000000000036e+03,1.521951241107008176e-03
2.560480000000000018e+03,1.519998441107008394e-03
2.561000000000000000e+03,1.518046141107008131e-03
2.561519999999999982e+03,1.516112902107008250e-03
2.562039999999999964e+03,1.514160602107008421e-03
2.562559999999999491e+03,1.512208302107008158e-03
2.563079999999999927e+03,1.510275102107008121e-03
2.563600000000000364e+03,1.508342402107008253e-03
2.564119999999999891e+03,1.506409663107008325e-03
2.564639999999999873e+03,1.504476963107008241e-03
2.565160000000000309e+03,1.502544263107008157e-03
2.565679999999999836e+03,1.500630663107008081e-03
2.566199999999999818e+03,1.498698463107008385e-03
2.566720000000000255e+03,1.496784824107008248e-03
2.567239999999999782e+03,1.494871724107008125e-03
2.567760000000000218e+03,1.492958624107008220e-03
2.568279999999999745e+03,1.491045524107008097e-03
2.568800000000000182e+03,1.489132924107008146e-03
2.569320000000000164e+03,1.487238885107008187e-03
2.569839999999999691e+03,1.485345385107008243e-03
2.570360000000000127e+03,1.483432785107008291e-03
2.570880000000000109e+03,1.481539785107008084e-03
2.571399999999999636e+03,1.479646285107008141e-03
2.571920000000000073e+03,1.477772346107008531e-03
2.572440000000000509e+03,1.475879346107008324e-03
2.572960000000000036e+03,1.473985846107008163e-03
2.573480000000000018e+03,1.472111946107008398e-03
2.574000000000000000e+03,1.470238507107008525e-03
2.574519999999999982e+03,1.468364607107008543e-03
2.575039999999999964e+03,1.466491207107008081e-03
2.575559999999999945e+03,1.464617807107008486e-03
2.576079999999999927e+03,1.462744407107008458e-03
2.576600000000000364e+03,1.460890068107008159e-03
2.577119999999999891e+03,1.459036268107008092e-03
2.577640000000000327e+03,1.457181968107008072e-03
2.578159999999999854e+03,1.455328168107008439e-03
2.578679999999999836e+03,1.453455268107008364e-03
2.579200000000000273e+03,1.451621029107008198e-03
2.579719999999999800e+03,1.449767229107008131e-03
2.580239999999999782e+03,1.447932529107008506e-03
2.580760000000000218e+03,1.446079229107008176e-03
2.581279999999999745e+03,1.444245029107008287e-03
2.581800000000000182e+03,1.442410790107008121e-03
2.582320000000000164e+03,1.440576590107008233e-03
2.582840000000000146e+03,1.438742890107008298e-03
2.583360000000000127e+03,1.436927790107008201e-03
2.583879999999999654e+03,1.435094090107008266e-03
2.584400000000000091e+03,1.433279451107008062e-03
2.584920000000000073e+03,1.431464851107008135e-03
2.585439999999999600e+03,1.429650251107008208e-03
2.585960000000000036e+03,1.427836151107008018e-03
2.586480000000000473e+03,1.426022051107008262e-03
2.587000000000000000e+03,1.424207912107008445e-03
2.587519999999999982e+03,1.422412912107008263e-03
2.588039999999999964e+03,1.420617912107008298e-03
2.588559999999999945e+03,1.418804312107008496e-03
2.589079999999999927e+03,1.417009312107008314e-03
2.589599999999999909e+03,1.415214773107008458e-03
2.590119999999999891e+03,1.413439373107008455e-03
2.590640000000000327e+03,1.411644873107008443e-03
2.591159999999999854e+03,1.409850373107008432e-03
2.591680000000000291e+03,1.408075473107008599e-03
2.592200000000000273e+03,1.406300034107008318e-03
2.592719999999999800e+03,1.404506034107008260e-03
2.593240000000000236e+03,1.402731134107008427e-03
2.593759999999999764e+03,1.400975834107008123e-03
2.594279999999999745e+03,1.399200934107008290e-03
2.594800000000000182e+03,1.397426495107008350e-03
2.595319999999999709e+03,1.395670695107008091e-03
2.595840000000000146e+03,1.393915395107008220e-03
2.596360000000000127e+03,1.392160095107008349e-03
2.596880000000000109e+03,1.390404795107008261e-03
2.597400000000000091e+03,1.388649995107008126e-03
2.597919999999999618e+03,1.386895156107008148e-03
2.598440000000000055e+03,1.385140356107008013e-03
2.598960000000000036e+03,1.383404156107008367e-03
2.599479999999999563e+03,1.381649856107008186e-03
