z_mm__Bz_on_axis,Total_potential_T__Bz_on_axis
-2.599479999999999563e+03,1.182596843372963214e-03
-2.598960000000000036e+03,1.184106570595107495e-03
-2.598440000000000055e+03,1.185635024685107244e-03
-2.597919999999999618e+03,1.187144751907251742e-03
-2.597400000000000091e+03,1.188673552509396207e-03
-2.596880000000000109e+03,1.190202351711540114e-03
-2.596360000000000127e+03,1.191731180333684310e-03
-2.595840000000000146e+03,1.193278694023684316e-03
-2.595319999999999709e+03,1.194807493575828633e-03
-2.594800000000000182e+03,1.196336321847973070e-03
-2.594279999999999745e+03,1.197884221400117395e-03
-2.593759999999999764e+03,1.199431803160117124e-03
-2.593240000000000236e+03,1.200979702712261666e-03
-2.592719999999999800e+03,1.202508530984406319e-03
-2.592200000000000273e+03,1.204056430536550428e-03
-2.591680000000000291e+03,1.205623390738694940e-03
-2.591159999999999854e+03,1.207170944828694697e-03
-2.590640000000000327e+03,1.208718872050838994e-03
-2.590119999999999891e+03,1.210285872652983258e-03
-2.589599999999999909e+03,1.211852899875127780e-03
-2.589079999999999927e+03,1.213419900477272044e-03
-2.588559999999999945e+03,1.214986581187272067e-03
-2.588039999999999964e+03,1.216553552719416452e-03
-2.587519999999999982e+03,1.218120581341560881e-03
-2.587000000000000000e+03,1.219687541543704960e-03
-2.586480000000000473e+03,1.221273670165849180e-03
-2.585960000000000036e+03,1.222840322855849255e-03
-2.585439999999999600e+03,1.224426451477993475e-03
-2.584920000000000073e+03,1.226012550680137840e-03
-2.584400000000000091e+03,1.227598622212282232e-03
-2.583879999999999654e+03,1.229184778504426208e-03
-2.583360000000000127e+03,1.230770503524426318e-03
-2.582840000000000146e+03,1.232356659816570945e-03
-2.582320000000000164e+03,1.233961831348715128e-03
-2.581800000000000182e+03,1.235547948640859693e-03
-2.581279999999999745e+03,1.237153120173003877e-03
-2.580760000000000218e+03,1.238758029953003796e-03
-2.580239999999999782e+03,1.240363201485148196e-03
-2.579719999999999800e+03,1.241968428707292300e-03
-2.579200000000000273e+03,1.243573629309436797e-03
-2.578679999999999836e+03,1.245197956531580909e-03
-2.578159999999999854e+03,1.246802810621580907e-03
-2.577640000000000327e+03,1.248427137843725020e-03
-2.577119999999999891e+03,1.250032338445869300e-03
-2.576600000000000364e+03,1.251656637648013680e-03
-2.576079999999999927e+03,1.253280966270158133e-03
-2.575559999999999945e+03,1.254924365472302088e-03
-2.575039999999999964e+03,1.256548318512302163e-03
-2.574519999999999982e+03,1.258172607784446796e-03
-2.574000000000000000e+03,1.259816007336590944e-03
-2.573480000000000018e+03,1.261440335608735204e-03
-2.572960000000000036e+03,1.263083735160879786e-03
-2.572440000000000509e+03,1.264726816920879772e-03
-2.571920000000000073e+03,1.266370216473023920e-03
-2.571399999999999636e+03,1.268013644745168405e-03
-2.570880000000000109e+03,1.269657044297312336e-03
-2.570360000000000127e+03,1.271319543499456950e-03
-2.569839999999999691e+03,1.272962972121601411e-03
-2.569320000000000164e+03,1.274625124811601309e-03
-2.568800000000000182e+03,1.276288000453745320e-03
-2.568279999999999745e+03,1.277950499655889716e-03
-2.567760000000000218e+03,1.279613028278033969e-03
-2.567239999999999782e+03,1.281275527480178365e-03
-2.566720000000000255e+03,1.282957128082322460e-03
-2.566199999999999818e+03,1.284619308792322740e-03
-2.565679999999999836e+03,1.286300909394466835e-03
-2.565160000000000309e+03,1.287982536616611188e-03
-2.564639999999999873e+03,1.289664108148755621e-03
-2.564119999999999891e+03,1.291345764440900287e-03
-2.563600000000000364e+03,1.293027335973044502e-03
-2.563079999999999927e+03,1.294708645753044236e-03
-2.562559999999999491e+03,1.296390217285188669e-03
-2.562039999999999964e+03,1.298090973577333126e-03
-2.561519999999999982e+03,1.299791645109477133e-03
-2.561000000000000000e+03,1.301492401401621373e-03
-2.560480000000000018e+03,1.303193072933765814e-03
-2.559960000000000036e+03,1.304893482713765989e-03
-2.559440000000000055e+03,1.306594501265910188e-03
-2.558920000000000073e+03,1.308295228488054549e-03
-2.558400000000000091e+03,1.310015029090198877e-03
-2.557880000000000109e+03,1.311734856312343029e-03
-2.557359999999999673e+03,1.313435556914487349e-03
-2.556840000000000146e+03,1.315155037624487653e-03
-2.556320000000000164e+03,1.316874865896631303e-03
-2.555800000000000182e+03,1.318613765448775708e-03
-2.555279999999999745e+03,1.320333593720920441e-03
-2.554760000000000218e+03,1.322072493273064630e-03
-2.554240000000000236e+03,1.323792321545208713e-03
-2.553720000000000255e+03,1.325531221097353335e-03
-2.553199999999999818e+03,1.327269802857352927e-03
-2.552679999999999836e+03,1.329009049429497307e-03
-2.552159999999999854e+03,1.330747977701641832e-03
-2.551639999999999873e+03,1.332505977253785811e-03
-2.551119999999999891e+03,1.334244876455930456e-03
-2.550599999999999909e+03,1.336002905078074532e-03
-2.550079999999999927e+03,1.337741804280218961e-03
-2.549559999999999945e+03,1.339499486390218971e-03
-2.549039999999999964e+03,1.341257485592363191e-03
-2.548519999999999982e+03,1.343034614214507708e-03
-2.548000000000000000e+03,1.344792613416651711e-03
-2.547480000000000018e+03,1.346569742038796228e-03
-2.546960000000000036e+03,1.348328088260940423e-03
-2.546440000000000055e+03,1.350105216883084724e-03
-2.545920000000000073e+03,1.351882008573084730e-03
-2.545400000000000091e+03,1.353659137195229248e-03
-2.544880000000000109e+03,1.355432736397373800e-03
-2.544360000000000127e+03,1.357215492689517597e-03
-2.543839999999999691e+03,1.358979064221661802e-03
-2.543319999999999709e+03,1.360761791443806370e-03
-2.542800000000000182e+03,1.362524892045950719e-03
-2.542280000000000200e+03,1.364307272755950788e-03
-2.541759999999999764e+03,1.366090320378094639e-03
-2.541239999999999782e+03,1.367873047600239207e-03
-2.540720000000000255e+03,1.369674348202383355e-03
-2.540200000000000273e+03,1.371476175424527931e-03
-2.539679999999999836e+03,1.373258376026672287e-03
-2.539159999999999854e+03,1.375060203248816429e-03
-2.538639999999999873e+03,1.376861542850960638e-03
-2.538119999999999891e+03,1.378663023560960932e-03
-2.537599999999999909e+03,1.380464324163105079e-03
-2.537079999999999927e+03,1.382285598405249638e-03
-2.536559999999999945e+03,1.384086926677393758e-03
-2.536039999999999964e+03,1.385907826229538153e-03
-2.535519999999999982e+03,1.387728254501682497e-03
-2.535000000000000000e+03,1.389549154053826459e-03
-2.534480000000000018e+03,1.391369582325970803e-03
-2.533960000000000036e+03,1.393189981878115028e-03
-2.533440000000000055e+03,1.395029702638114896e-03
-2.532920000000000073e+03,1.396850449210259529e-03
-2.532400000000000091e+03,1.398689977482403882e-03
-2.531880000000000109e+03,1.400529477034548114e-03
-2.531360000000000127e+03,1.402369005306692467e-03
-2.530840000000000146e+03,1.404209004858837087e-03
-2.530320000000000164e+03,1.406048533130981222e-03
-2.529799999999999727e+03,1.407907160353125435e-03
-2.529279999999999745e+03,1.409765770885269571e-03
-2.528760000000000218e+03,1.411624427685269790e-03
-2.528240000000000236e+03,1.413463899217414074e-03
-2.527719999999999800e+03,1.415341655509558174e-03
-2.527199999999999818e+03,1.417200227041702683e-03
-2.526680000000000291e+03,1.419058883333846775e-03
-2.526160000000000309e+03,1.420936554865991075e-03
-2.525639999999999873e+03,1.422814350158135670e-03
-2.525119999999999891e+03,1.424673296730279669e-03
-2.524599999999999909e+03,1.426570125002424045e-03
-2.524079999999999927e+03,1.428447505712423984e-03
-2.523559999999999945e+03,1.430325206314568163e-03
-2.523039999999999964e+03,1.432222033536712825e-03
-2.522519999999999982e+03,1.434099234138857051e-03
-2.522000000000000000e+03,1.435996100361001124e-03
-2.521480000000000018e+03,1.437893247983145720e-03
-2.520960000000000036e+03,1.439790075205290166e-03
-2.520440000000000055e+03,1.441686375807434400e-03
-2.519920000000000073e+03,1.443602303029578853e-03
-2.519400000000000091e+03,1.445518231301723237e-03
-2.518880000000000109e+03,1.447433669853867393e-03
-2.518360000000000127e+03,1.449349598633867470e-03
-2.517840000000000146e+03,1.451264998186011564e-03
-2.517320000000000164e+03,1.453180926458156165e-03
-2.516800000000000182e+03,1.455096326010300260e-03
-2.516279999999999745e+03,1.457031393282444496e-03
-2.515759999999999764e+03,1.458965892834588815e-03
-2.515239999999999782e+03,1.460882196146732906e-03
-2.514720000000000255e+03,1.462816695348877248e-03
-2.514199999999999818e+03,1.464751723971021618e-03
-2.513679999999999836e+03,1.466705362173165812e-03
-2.513159999999999854e+03,1.468640390795310181e-03
-2.512640000000000327e+03,1.470593989997454097e-03
-2.512119999999999891e+03,1.472547619127454648e-03
-2.511599999999999909e+03,1.474501218329598998e-03
-2.511079999999999927e+03,1.476455413621742974e-03
-2.510559999999999945e+03,1.478428085153887361e-03
-2.510039999999999964e+03,1.480381741446031756e-03
-2.509519999999999982e+03,1.482354412978176142e-03
-2.509000000000000000e+03,1.484328016290320041e-03
-2.508480000000000018e+03,1.486300726822464705e-03
-2.507960000000000036e+03,1.488273483114608891e-03
-2.507440000000000055e+03,1.490246210336753415e-03
-2.506920000000000073e+03,1.492218910938897464e-03
-2.506399999999999636e+03,1.494211124181041815e-03
-2.505880000000000109e+03,1.496224924783186219e-03
-2.505360000000000127e+03,1.498216752005330317e-03
-2.504840000000000146e+03,1.500208206095330525e-03
-2.504319999999999709e+03,1.502200072317474901e-03
-2.503800000000000182e+03,1.504211347609619564e-03
-2.503280000000000200e+03,1.506203176231763570e-03
-2.502760000000000218e+03,1.508214075433907944e-03
-2.502239999999999782e+03,1.510224543056052065e-03
-2.501719999999999800e+03,1.512235470278196171e-03
-2.501199999999999818e+03,1.514246717900340862e-03
-2.500680000000000291e+03,1.516276745122484976e-03
-2.500159999999999854e+03,1.518306312394629345e-03
-2.499639999999999873e+03,1.520336311946773704e-03
-2.499119999999999891e+03,1.522366340218917966e-03
-2.498600000000000364e+03,1.524396186791062346e-03
-2.498079999999999927e+03,1.526426254063206452e-03
-2.497559999999999945e+03,1.528475353615350819e-03
-2.497039999999999964e+03,1.530504881887495127e-03
-2.496519999999999982e+03,1.532554009109639249e-03
-2.496000000000000000e+03,1.534603023751783578e-03
-2.495480000000000018e+03,1.536651776441783470e-03
-2.494960000000000036e+03,1.538719505063928204e-03
-2.494440000000000055e+03,1.540768643266072222e-03
-2.493920000000000073e+03,1.542836746578216470e-03
-2.493400000000000091e+03,1.544904918110360679e-03
-2.492880000000000109e+03,1.546972674402505169e-03
-2.492359999999999673e+03,1.549040384934649486e-03
-2.491840000000000146e+03,1.551127741226793937e-03
-2.491320000000000164e+03,1.553195787798938333e-03
-2.490800000000000182e+03,1.555282655071082510e-03
-2.490279999999999745e+03,1.557370011363226744e-03
-2.489760000000000218e+03,1.559456782895370791e-03
-2.489240000000000236e+03,1.561544025207515325e-03
-2.488720000000000255e+03,1.563649896739659597e-03
-2.488199999999999818e+03,1.565736753031804311e-03
-2.487679999999999836e+03,1.567842719253948348e-03
-2.487159999999999854e+03,1.569949466876092645e-03
-2.486639999999999873e+03,1.572055394098236837e-03
-2.486119999999999891e+03,1.574180433700381491e-03
-2.485599999999999909e+03,1.576286360922525684e-03
-2.485079999999999927e+03,1.578411736214669790e-03
-2.484559999999999945e+03,1.580536774766813863e-03
-2.484039999999999964e+03,1.582661803038958644e-03
-2.483519999999999982e+03,1.584786302591102702e-03
-2.483000000000000000e+03,1.586911744903247035e-03
-2.482480000000000018e+03,1.589055844105390861e-03
-2.481960000000000036e+03,1.591199972727535194e-03
-2.481440000000000055e+03,1.593344139999680045e-03
-2.480920000000000073e+03,1.595488586571823823e-03
-2.480400000000000091e+03,1.597632214843968442e-03
-2.479880000000000109e+03,1.599795481066112936e-03
-2.479360000000000127e+03,1.601939609688257269e-03
-2.478839999999999691e+03,1.604102655910401125e-03
-2.478319999999999709e+03,1.606265577020400594e-03
-2.477800000000000182e+03,1.608447876222545521e-03
-2.477280000000000200e+03,1.610610671514689941e-03
-2.476759999999999764e+03,1.612793290066834220e-03
-2.476239999999999782e+03,1.614956046358979012e-03
-2.475720000000000255e+03,1.617138413981122772e-03
-2.475200000000000273e+03,1.619320560203267286e-03
-2.474679999999999836e+03,1.621522016495411181e-03
-2.474159999999999854e+03,1.623703827027555809e-03
-2.473639999999999873e+03,1.625905283319700355e-03
-2.473119999999999891e+03,1.628106568541844721e-03
-2.472599999999999909e+03,1.630307497163988690e-03
-2.472079999999999927e+03,1.632508924386133140e-03
-2.471559999999999945e+03,1.634728963988277013e-03
-2.471039999999999964e+03,1.636930238230422351e-03
-2.470519999999999982e+03,1.639150805502565715e-03
-2.470000000000000000e+03,1.641370834124710560e-03
-2.469480000000000018e+03,1.643591208366853955e-03
-2.468960000000000036e+03,1.645830347968998703e-03
-2.468440000000000055e+03,1.648050375191143207e-03
-2.467920000000000073e+03,1.650289542463287060e-03
-2.467400000000000091e+03,1.652528989035431141e-03
-2.466880000000000109e+03,1.654768656307575815e-03
-2.466360000000000127e+03,1.657026883529719901e-03
-2.465840000000000146e+03,1.659266359171864729e-03
-2.465320000000000164e+03,1.661524943886152775e-03
-2.464799999999999727e+03,1.663782672508297032e-03
-2.464279999999999745e+03,1.666041286800441735e-03
-2.463760000000000218e+03,1.668299514022586038e-03
-2.463240000000000236e+03,1.670576881644730751e-03
-2.462719999999999800e+03,1.672835080846874671e-03
-2.462199999999999818e+03,1.675112784159018620e-03
-2.461680000000000291e+03,1.677390094691163071e-03
-2.461160000000000309e+03,1.679686050983307749e-03
-2.460639999999999873e+03,1.681963765625452004e-03
-2.460119999999999891e+03,1.684260164827595507e-03
-2.459599999999999909e+03,1.686556160119740896e-03
-2.459079999999999927e+03,1.688833778671885045e-03
-2.458559999999999945e+03,1.691149373964029529e-03
-2.458039999999999964e+03,1.693464401186173902e-03
-2.457519999999999982e+03,1.695761187808317782e-03
-2.457000000000000000e+03,1.698076215030461722e-03
-2.456480000000000018e+03,1.700391754632606936e-03
-2.455960000000000036e+03,1.702707157944750730e-03
-2.455440000000000055e+03,1.705041824166895776e-03
-2.454920000000000073e+03,1.707356824769039241e-03
-2.454400000000000091e+03,1.709691838011183828e-03
-2.453880000000000109e+03,1.712025966283327707e-03
-2.453360000000000127e+03,1.714360104835472177e-03
-2.452840000000000146e+03,1.716714208147616374e-03
-2.452320000000000164e+03,1.719048375419760747e-03
-2.451800000000000182e+03,1.721401574971904947e-03
-2.451279999999999745e+03,1.723755689264049908e-03
-2.450759999999999764e+03,1.726128016486193654e-03
-2.450239999999999782e+03,1.728481284108338012e-03
-2.449720000000000255e+03,1.730853930330482219e-03
-2.449199999999999818e+03,1.733226297952626584e-03
-2.448679999999999836e+03,1.735598626224770695e-03
-2.448159999999999854e+03,1.737971685979059844e-03
-2.447640000000000327e+03,1.740344014601203498e-03
-2.447119999999999891e+03,1.742735452803347582e-03
-2.446599999999999909e+03,1.745127256115492709e-03
-2.446079999999999927e+03,1.747518694667636987e-03
-2.445559999999999945e+03,1.749910122939781322e-03
-2.445039999999999964e+03,1.752321065251925434e-03
-2.444519999999999982e+03,1.754731536784069927e-03
-2.444000000000000000e+03,1.757142132076214064e-03
-2.443480000000000018e+03,1.759553006318358018e-03
-2.442960000000000036e+03,1.761963045920502931e-03
-2.442440000000000055e+03,1.764373959162646730e-03
-2.441920000000000073e+03,1.766803587434791732e-03
-2.441399999999999636e+03,1.769233255056935471e-03
-2.440880000000000109e+03,1.771662729299079697e-03
-2.440360000000000127e+03,1.774111468901224580e-03
-2.439840000000000146e+03,1.776541096123368784e-03
-2.439319999999999709e+03,1.778989738435512525e-03
-2.438800000000000182e+03,1.781438824549801256e-03
-2.438280000000000200e+03,1.783887398791946357e-03
-2.437760000000000218e+03,1.786355266064089484e-03
-2.437239999999999782e+03,1.788803465616233988e-03
-2.436719999999999800e+03,1.791271707928378124e-03
-2.436199999999999818e+03,1.793739075200522816e-03
-2.435680000000000291e+03,1.796206374752667327e-03
-2.435159999999999854e+03,1.798693717064811255e-03
-2.434639999999999873e+03,1.801180116266955580e-03
-2.434119999999999891e+03,1.803666930909100666e-03
-2.433600000000000364e+03,1.806153830111244295e-03
-2.433079999999999927e+03,1.808640325403388944e-03
-2.432559999999999945e+03,1.811146240045533170e-03
-2.432039999999999964e+03,1.813652085759822003e-03
-2.431519999999999982e+03,1.816158028071965767e-03
-2.431000000000000000e+03,1.818664066624110310e-03
-2.430480000000000018e+03,1.821169594896254306e-03
-2.429960000000000036e+03,1.823694637208399163e-03
-2.429440000000000055e+03,1.826219208740543099e-03
-2.428920000000000073e+03,1.828744251052687522e-03
-2.428400000000000091e+03,1.831268917274831657e-03
-2.427880000000000109e+03,1.833812617876976348e-03
-2.427359999999999673e+03,1.836337660189120338e-03
-2.426840000000000146e+03,1.838880926411264527e-03
-2.426320000000000164e+03,1.841425320545553692e-03
-2.425800000000000182e+03,1.843988186767697626e-03
-2.425279999999999745e+03,1.846551429079842065e-03
-2.424760000000000218e+03,1.849114257351985651e-03
-2.424240000000000236e+03,1.851677095904130698e-03
-2.423720000000000255e+03,1.854239838216274749e-03
-2.423199999999999818e+03,1.856821737418418898e-03
-2.422679999999999836e+03,1.859384952060563366e-03
-2.422159999999999854e+03,1.861966419332708152e-03
-2.421639999999999873e+03,1.864548346554852250e-03
-2.421119999999999891e+03,1.867149607709140194e-03
-2.420599999999999909e+03,1.869731545911284404e-03
-2.420079999999999927e+03,1.872332449223429495e-03
-2.419559999999999945e+03,1.874933516845573352e-03
-2.419039999999999964e+03,1.877553502067718250e-03
-2.418519999999999982e+03,1.880154558359862019e-03
-2.418000000000000000e+03,1.882774573002006556e-03
-2.417480000000000018e+03,1.885394211204150395e-03
-2.416960000000000036e+03,1.888014367496295472e-03
-2.416440000000000055e+03,1.890653799580583336e-03
-2.415920000000000073e+03,1.893292566852727930e-03
-2.415400000000000091e+03,1.895932209164872184e-03
-2.414880000000000109e+03,1.898570936387016352e-03
-2.414360000000000127e+03,1.901210023009161166e-03
-2.413839999999999691e+03,1.903867889231305186e-03
-2.413319999999999709e+03,1.906526092543449650e-03
-2.412800000000000182e+03,1.909183932145593846e-03
-2.412280000000000200e+03,1.911842491899882991e-03
-2.411759999999999764e+03,1.914519459172026950e-03
-2.411239999999999782e+03,1.917177287794171034e-03
-2.410720000000000255e+03,1.919854601036315687e-03
-2.410200000000000273e+03,1.922550668308459871e-03
-2.409679999999999836e+03,1.925227981550603875e-03
-2.409159999999999854e+03,1.927924010172748191e-03
-2.408639999999999873e+03,1.930620770977036632e-03
-2.408119999999999891e+03,1.933316837199181102e-03
-2.407599999999999909e+03,1.936031851841325943e-03
-2.407079999999999927e+03,1.938727880113469415e-03
-2.406559999999999945e+03,1.941443393355614302e-03
-2.406039999999999964e+03,1.944177660977758479e-03
-2.405519999999999982e+03,1.946892646199902812e-03
-2.405000000000000000e+03,1.949627249004191399e-03
-2.404480000000000018e+03,1.952342291316335561e-03
-2.403960000000000036e+03,1.955095601848479917e-03
-2.403440000000000055e+03,1.957830244160623824e-03
-2.402920000000000073e+03,1.960583100452768183e-03
-2.402400000000000091e+03,1.963317658004912723e-03
-2.401880000000000109e+03,1.966070553297057360e-03
-2.401360000000000127e+03,1.968843213051346165e-03
-2.400840000000000146e+03,1.971596608343490539e-03
-2.400320000000000164e+03,1.974368855965634526e-03
-2.399799999999999727e+03,1.977140822187777990e-03
-2.399279999999999745e+03,1.979932764499923222e-03
-2.398760000000000218e+03,1.982704704102067512e-03
-2.398240000000000236e+03,1.985496463856355458e-03
-2.397719999999999800e+03,1.988287559148500545e-03
-2.397199999999999818e+03,1.991098534440644257e-03
-2.396680000000000291e+03,1.993889572992789058e-03
-2.396160000000000309e+03,1.996700115304933260e-03
-2.395639999999999873e+03,1.999510253507077659e-03
-2.395119999999999891e+03,2.002321142331365926e-03
-2.394599999999999909e+03,2.005150370953510345e-03
-2.394079999999999927e+03,2.007960856175654719e-03
-2.393559999999999945e+03,2.010790151467798520e-03
-2.393039999999999964e+03,2.013638866109943200e-03
-2.392519999999999982e+03,2.016468104312088040e-03
-2.392000000000000000e+03,2.019317193136376757e-03
-2.391480000000000018e+03,2.022165088428520829e-03
-2.390960000000000036e+03,2.025013706980664970e-03
-2.390440000000000055e+03,2.027881202272809220e-03
-2.389920000000000073e+03,2.030749044584953880e-03
-2.389400000000000091e+03,2.033616010807097647e-03
-2.388880000000000109e+03,2.036484143941386018e-03
-2.388360000000000127e+03,2.039370739233530277e-03
-2.387840000000000146e+03,2.042257152475674895e-03
-2.387320000000000164e+03,2.045144039097819642e-03
-2.386800000000000182e+03,2.048030066319963139e-03
-2.386279999999999745e+03,2.050936455144251880e-03
-2.385759999999999764e+03,2.053841622416396895e-03
-2.385239999999999782e+03,2.056747607988540852e-03
-2.384720000000000255e+03,2.059652803280684948e-03
-2.384199999999999818e+03,2.062577445592829028e-03
-2.383679999999999836e+03,2.065502530307117540e-03
-2.383159999999999854e+03,2.068427144949262515e-03
-2.382640000000000327e+03,2.071351787261406594e-03
-2.382119999999999891e+03,2.074295625463550615e-03
-2.381599999999999909e+03,2.077239328775695292e-03
-2.381079999999999927e+03,2.080183042909983931e-03
-2.380559999999999945e+03,2.083126728132127323e-03
-2.380039999999999964e+03,2.086089223424272745e-03
-2.379519999999999982e+03,2.089052065736416407e-03
-2.379000000000000000e+03,2.092014504288561109e-03
-2.378480000000000018e+03,2.094996765092849763e-03
-2.377960000000000036e+03,2.097978707404994300e-03
-2.377440000000000055e+03,2.100960273627138549e-03
-2.376920000000000073e+03,2.103942160249283166e-03
-2.376399999999999636e+03,2.106942855541426868e-03
-2.375880000000000109e+03,2.109925115295715591e-03
-2.375360000000000127e+03,2.112945257607859711e-03
-2.374840000000000146e+03,2.115945897210004360e-03
-2.374319999999999709e+03,2.118965510452147996e-03
-2.373800000000000182e+03,2.121985652256436639e-03
-2.373280000000000200e+03,2.125005766548581677e-03
-2.372760000000000218e+03,2.128025005100725366e-03
-2.372239999999999782e+03,2.131064247412869928e-03
-2.371719999999999800e+03,2.134103489725013621e-03
-2.371199999999999818e+03,2.137142174439302707e-03
-2.370680000000000291e+03,2.140200489081447305e-03
-2.370159999999999854e+03,2.143238884373591287e-03
-2.369639999999999873e+03,2.146316269595735168e-03
-2.369119999999999891e+03,2.149374458420024499e-03
-2.368600000000000364e+03,2.152451553712168668e-03
-2.368079999999999927e+03,2.155528468354312669e-03
-2.367559999999999945e+03,2.158605353576457681e-03
-2.367039999999999964e+03,2.161701895380745923e-03
-2.366519999999999982e+03,2.164778837692890329e-03
-2.366000000000000000e+03,2.167874476245034484e-03
-2.365480000000000018e+03,2.170989590537178958e-03
-2.364960000000000036e+03,2.174085979361467438e-03
-2.364440000000000055e+03,2.177201245583611743e-03
-2.363920000000000073e+03,2.180316332205756245e-03
-2.363400000000000091e+03,2.183450227497900700e-03
-2.362880000000000109e+03,2.186584787252188883e-03
-2.362359999999999673e+03,2.189719029564332880e-03
-2.361840000000000146e+03,2.192852896836477387e-03
-2.361320000000000164e+03,2.195987082408621966e-03
-2.360800000000000182e+03,2.199140771232910470e-03
-2.360279999999999745e+03,2.202293266525055630e-03
-2.359760000000000218e+03,2.205465680817198827e-03
-2.359240000000000236e+03,2.208638066389342555e-03
-2.358720000000000255e+03,2.211810508193631526e-03
-2.358199999999999818e+03,2.214982950505776406e-03
-2.357679999999999836e+03,2.218154835727919987e-03
-2.357159999999999854e+03,2.221346070020064744e-03
-2.356639999999999873e+03,2.224537931174352858e-03
-2.356119999999999891e+03,2.227728569376497339e-03
-2.355599999999999909e+03,2.230939211688642235e-03
-2.355079999999999927e+03,2.234149354000786961e-03
-2.354559999999999945e+03,2.237379066735075209e-03
-2.354039999999999964e+03,2.240589153357220014e-03
-2.353519999999999982e+03,2.243818895669363617e-03
-2.353000000000000000e+03,2.247067237473652883e-03
-2.352480000000000018e+03,2.250296450715796870e-03
-2.351960000000000036e+03,2.253545304007940810e-03
-2.351440000000000055e+03,2.256793271630085172e-03
-2.350920000000000073e+03,2.260041931384373665e-03
-2.350400000000000091e+03,2.263309373696517982e-03
-2.349880000000000109e+03,2.266576940968663412e-03
-2.349360000000000127e+03,2.269844729792951359e-03
-2.348839999999999691e+03,2.273131215365095398e-03
-2.348319999999999709e+03,2.276398696677239559e-03
-2.347800000000000182e+03,2.279684891969383908e-03
-2.347280000000000200e+03,2.282990823703672043e-03
-2.346759999999999764e+03,2.286296466015816809e-03
-2.346239999999999782e+03,2.289601733637961628e-03
-2.345720000000000255e+03,2.292907722462250025e-03
-2.345200000000000273e+03,2.296232407684393236e-03
-2.344679999999999836e+03,2.299556841976537879e-03
-2.344159999999999854e+03,2.302881430800827415e-03
-2.343639999999999873e+03,2.306206116372971036e-03
-2.343119999999999891e+03,2.309549930665115436e-03
-2.342599999999999909e+03,2.312892925957259638e-03
-2.342079999999999927e+03,2.316256253781548338e-03
-2.341559999999999945e+03,2.319619167023693248e-03
-2.341039999999999964e+03,2.322981234295837510e-03
-2.340519999999999982e+03,2.326344495450125525e-03
-2.340000000000000000e+03,2.329726008692270273e-03
-2.339480000000000018e+03,2.333107742984414507e-03
-2.338960000000000036e+03,2.336489631808703199e-03
-2.338440000000000055e+03,2.339890746100847189e-03
-2.337920000000000073e+03,2.343272231672991965e-03
-2.337400000000000091e+03,2.346692473477280001e-03
-2.336880000000000109e+03,2.350093154789424047e-03
-2.336360000000000127e+03,2.353512869081568742e-03
-2.335840000000000146e+03,2.356932928835857571e-03
-2.335320000000000164e+03,2.360371924128001550e-03
-2.334799999999999727e+03,2.363810777770146074e-03
-2.334279999999999745e+03,2.367249937524434477e-03
-2.333760000000000218e+03,2.370688751816578746e-03
-2.333240000000000236e+03,2.374146347108722997e-03
-2.332719999999999800e+03,2.377604674933011565e-03
-2.332199999999999818e+03,2.381062588175156345e-03
-2.331680000000000291e+03,2.384539574797300224e-03
-2.331160000000000309e+03,2.388016616601589415e-03
-2.330639999999999873e+03,2.391493697913733493e-03
-2.330119999999999891e+03,2.394989811155877422e-03
-2.329599999999999909e+03,2.398485799980165992e-03
-2.329079999999999927e+03,2.401981606252310587e-03
-2.328559999999999945e+03,2.405496820894454865e-03
-2.328039999999999964e+03,2.409012380648743734e-03
-2.327519999999999982e+03,2.412527122960887813e-03
-2.327000000000000000e+03,2.416042057253031932e-03
-2.326480000000000018e+03,2.419595818057320748e-03
-2.325960000000000036e+03,2.423129631299464955e-03
-2.325440000000000055e+03,2.426683084941608660e-03
-2.324920000000000073e+03,2.430216926745897704e-03
-2.324400000000000091e+03,2.433789469058041978e-03
-2.323880000000000109e+03,2.437342393280186089e-03
-2.323360000000000127e+03,2.440914782104474691e-03
-2.322840000000000146e+03,2.444487324416619832e-03
-2.322320000000000164e+03,2.448078505220907444e-03
-2.321800000000000182e+03,2.451650490793052129e-03
-2.321279999999999745e+03,2.455261205085196904e-03
-2.320759999999999764e+03,2.458852732909485358e-03
-2.320239999999999782e+03,2.462462975221629477e-03
-2.319720000000000255e+03,2.466072841443774609e-03
-2.319199999999999818e+03,2.469683469268062637e-03
-2.318679999999999836e+03,2.473331883560206824e-03
-2.318159999999999854e+03,2.476961583714495322e-03
-2.317640000000000327e+03,2.480590896956640003e-03
-2.317119999999999891e+03,2.484238992248783730e-03
-2.316599999999999909e+03,2.487887820073072642e-03
-2.316079999999999927e+03,2.491555334365216836e-03
-2.315559999999999945e+03,2.495222847607361533e-03
-2.315039999999999964e+03,2.498890775431649586e-03
-2.314519999999999982e+03,2.502576890073793161e-03
-2.314000000000000000e+03,2.506263570878082547e-03
-2.313480000000000018e+03,2.509950184120227253e-03
-2.312960000000000036e+03,2.513636298412370851e-03
-2.312440000000000055e+03,2.517342426236660220e-03
-2.311920000000000073e+03,2.521047668548803775e-03
-2.311399999999999636e+03,2.524772896373092285e-03
-2.310880000000000109e+03,2.528497362595236598e-03
-2.310360000000000127e+03,2.532221688217381819e-03
-2.309840000000000146e+03,2.535965477041670323e-03
-2.309319999999999709e+03,2.539709419353814498e-03
-2.308800000000000182e+03,2.543453218108103400e-03
-2.308280000000000200e+03,2.547215760420247412e-03
-2.307760000000000218e+03,2.550978494712391464e-03
-2.307239999999999782e+03,2.554760455516679601e-03
-2.306719999999999800e+03,2.558523007758824446e-03
-2.306199999999999818e+03,2.562304968913113427e-03
-2.305680000000000291e+03,2.566105750225257300e-03
-2.305159999999999854e+03,2.569887392537401755e-03
-2.304639999999999873e+03,2.573708120361690738e-03
-2.304119999999999891e+03,2.577508458563834096e-03
-2.303600000000000364e+03,2.581328686388122910e-03
-2.303079999999999927e+03,2.585148028700268077e-03
-2.302559999999999945e+03,2.588987356524556464e-03
-2.302039999999999964e+03,2.592826298836700075e-03
-2.301519999999999982e+03,2.596665223408844547e-03
-2.301000000000000000e+03,2.600504484213133141e-03
-2.300480000000000018e+03,2.604362565525277472e-03
-2.299960000000000036e+03,2.608239207329566319e-03
-2.299440000000000055e+03,2.612116359571711212e-03
-2.298920000000000073e+03,2.615993848395999338e-03
-2.298400000000000091e+03,2.619870529708143939e-03
-2.297880000000000109e+03,2.623766772020288442e-03
-2.297359999999999673e+03,2.627662871824575867e-03
-2.296840000000000146e+03,2.631578185066720931e-03
-2.296320000000000164e+03,2.635493385221009208e-03
-2.295800000000000182e+03,2.639408227533153548e-03
-2.295279999999999745e+03,2.643343055357442843e-03
-2.294760000000000218e+03,2.647276650649585915e-03
-2.294240000000000236e+03,2.651210921383874777e-03
-2.293720000000000255e+03,2.655164502696019582e-03
-2.293199999999999818e+03,2.659117891520308002e-03
-2.292679999999999836e+03,2.663090072832451777e-03
-2.292159999999999854e+03,2.667043115144597000e-03
-2.291639999999999873e+03,2.671015613898884960e-03
-2.291119999999999891e+03,2.675006895211029176e-03
-2.290599999999999909e+03,2.678998456365318508e-03
-2.290079999999999927e+03,2.682989709657463209e-03
-2.289559999999999945e+03,2.687000398481751654e-03
-2.289039999999999964e+03,2.691010779793895445e-03
-2.288519999999999982e+03,2.695040578548184296e-03
-2.288000000000000000e+03,2.699069673840328708e-03
-2.287480000000000018e+03,2.703099501664617439e-03
-2.286960000000000036e+03,2.707147543976761665e-03
-2.286440000000000055e+03,2.711196443781050455e-03
-2.285920000000000073e+03,2.715244996023193948e-03
-2.285400000000000091e+03,2.719312484847481812e-03
-2.284880000000000109e+03,2.723380166159627361e-03
-2.284360000000000127e+03,2.727466793983915512e-03
-2.283839999999999691e+03,2.731553508626059518e-03
-2.283319999999999709e+03,2.735639760868204592e-03
-2.282800000000000182e+03,2.739726888692492479e-03
-2.282280000000000200e+03,2.743832202984636780e-03
-2.281759999999999764e+03,2.747957030808925814e-03
-2.281239999999999782e+03,2.752082012121069652e-03
-2.280720000000000255e+03,2.756206800945358842e-03
-2.280200000000000273e+03,2.760331253187503497e-03
-2.279679999999999836e+03,2.764494281011791246e-03
-2.279159999999999854e+03,2.768638323323936550e-03
-2.278639999999999873e+03,2.772801351148224732e-03
-2.278119999999999891e+03,2.776964032460368850e-03
-2.277599999999999909e+03,2.781146093264657681e-03
-2.277079999999999927e+03,2.785327845506801927e-03
-2.276559999999999945e+03,2.789509973331090551e-03
-2.276039999999999964e+03,2.793710854643234251e-03
-2.275519999999999982e+03,2.797911543467523736e-03
-2.275000000000000000e+03,2.802131843621812838e-03
-2.274480000000000018e+03,2.806351824933956112e-03
-2.273960000000000036e+03,2.810572084688245029e-03
-2.273440000000000055e+03,2.814810666000389008e-03
-2.272920000000000073e+03,2.819050065804677273e-03
-2.272400000000000091e+03,2.823308247116821431e-03
-2.271880000000000109e+03,2.827547135941110498e-03
-2.271360000000000127e+03,2.831824417253254664e-03
-2.270840000000000146e+03,2.836101516007543278e-03
-2.270320000000000164e+03,2.840378797319687877e-03
-2.269799999999999727e+03,2.844675025143976813e-03
-2.269279999999999745e+03,2.848971367456121142e-03
-2.268760000000000218e+03,2.853267595280409644e-03
-2.268240000000000236e+03,2.857582576592553655e-03
-2.267719999999999800e+03,2.861897876396842649e-03
-2.267199999999999818e+03,2.866232389638986681e-03
-2.266680000000000291e+03,2.870566817463275199e-03
-2.266160000000000309e+03,2.874901245287563717e-03
-2.265639999999999873e+03,2.879254426599708178e-03
-2.265119999999999891e+03,2.883627054423997145e-03
-2.264599999999999909e+03,2.887980235736140738e-03
-2.264079999999999927e+03,2.892352824560428994e-03
-2.263559999999999945e+03,2.896744176802574025e-03
-2.263039999999999964e+03,2.901135904626863000e-03
-2.262519999999999982e+03,2.905546732959006159e-03
-2.262000000000000000e+03,2.909937960783294964e-03
-2.261480000000000018e+03,2.914367860587584007e-03
-2.260960000000000036e+03,2.918778302899728214e-03
-2.260440000000000055e+03,2.923208230724017205e-03
-2.259920000000000073e+03,2.927656382966161656e-03
-2.259400000000000091e+03,2.932105410790450221e-03
-2.258880000000000109e+03,2.936553592102594985e-03
-2.258360000000000127e+03,2.941021692256883587e-03
-2.257840000000000146e+03,2.945489320081171557e-03
-2.257320000000000164e+03,2.949976201393315640e-03
-2.256800000000000182e+03,2.954462890217604207e-03
-2.256279999999999745e+03,2.958968371529748995e-03
-2.255759999999999764e+03,2.963475017304037246e-03
-2.255239999999999782e+03,2.967980498616181601e-03
-2.254720000000000255e+03,2.972505426440470028e-03
-2.254199999999999818e+03,2.977030326244758940e-03
-2.253679999999999836e+03,2.981574507556903047e-03
-2.253159999999999854e+03,2.986118535381191048e-03
-2.252640000000000327e+03,2.990662216693336286e-03
-2.252119999999999891e+03,2.995225344517625163e-03
-2.251599999999999909e+03,2.999807543271913301e-03
-2.251079999999999927e+03,3.004370671604057654e-03
-2.250559999999999945e+03,3.008971460428345665e-03
-2.250039999999999964e+03,3.013553341740490919e-03
-2.249519999999999982e+03,3.018173769564779386e-03
-2.249000000000000000e+03,3.022775097389067411e-03
-2.248480000000000018e+03,3.027394706371212049e-03
-2.247960000000000036e+03,3.032034234195500957e-03
-2.247440000000000055e+03,3.036673415507644500e-03
-2.246920000000000073e+03,3.041312761281933334e-03
-2.246399999999999636e+03,3.045971389106221384e-03
-2.245880000000000109e+03,3.050648270418366940e-03
-2.245360000000000127e+03,3.055306898242655424e-03
-2.244840000000000146e+03,3.060002879554799254e-03
-2.244319999999999709e+03,3.064680607379087745e-03
-2.243800000000000182e+03,3.069377254203376534e-03
-2.243280000000000200e+03,3.074092335515521239e-03
-2.242760000000000218e+03,3.078807763339809142e-03
-2.242239999999999782e+03,3.083523662094098637e-03
-2.241719999999999800e+03,3.088276943406242925e-03
-2.241199999999999818e+03,3.093011471230531269e-03
-2.240680000000000291e+03,3.097765138562675810e-03
-2.240159999999999854e+03,3.102518766386963729e-03
-2.239639999999999873e+03,3.107291494211252524e-03
-2.239119999999999891e+03,3.112063875523396386e-03
-2.238600000000000364e+03,3.116855703347685622e-03
-2.238079999999999927e+03,3.121647531171973557e-03
-2.237559999999999945e+03,3.126457959504118540e-03
-2.237039999999999964e+03,3.131268887328406917e-03
-2.236519999999999982e+03,3.136079786082696282e-03
-2.236000000000000000e+03,3.140909467394839300e-03
-2.235480000000000018e+03,3.145758095219128390e-03
-2.234960000000000036e+03,3.150607570063417191e-03
-2.234440000000000055e+03,3.155455851375561782e-03
-2.233920000000000073e+03,3.160324118199850027e-03
-2.233400000000000091e+03,3.165210946024138265e-03
-2.232880000000000109e+03,3.170078827336283035e-03
-2.232359999999999673e+03,3.174985102180572123e-03
-2.231840000000000146e+03,3.179891057674860775e-03
-2.231320000000000164e+03,3.184797138987004259e-03
-2.230800000000000182e+03,3.189722166811293381e-03
-2.230279999999999745e+03,3.194647580655581888e-03
-2.229760000000000218e+03,3.199591332897725772e-03
-2.229240000000000236e+03,3.204535460722014034e-03
-2.228720000000000255e+03,3.209498688546302304e-03
-2.228199999999999818e+03,3.214461916878448653e-03
-2.227679999999999836e+03,3.219444244702736931e-03
-2.227159999999999854e+03,3.224407511527025479e-03
-2.226639999999999873e+03,3.229408592839168833e-03
-2.226119999999999891e+03,3.234410367683457962e-03
-2.225599999999999909e+03,3.239430895507747557e-03
-2.225079999999999927e+03,3.244450576819890748e-03
-2.224559999999999945e+03,3.249490243644179762e-03
-2.224039999999999964e+03,3.254530218488468473e-03
-2.223519999999999982e+03,3.259569373982757444e-03
-2.223000000000000000e+03,3.264627755294900822e-03
-2.222480000000000018e+03,3.269705083119188969e-03
-2.221960000000000036e+03,3.274783296963477974e-03
-2.221440000000000055e+03,3.279879349205621752e-03
-2.220920000000000073e+03,3.284957177029910937e-03
-2.220400000000000091e+03,3.290073051874199510e-03
-2.219880000000000109e+03,3.295188618698487951e-03
-2.219360000000000127e+03,3.300322900010632492e-03
-2.218839999999999691e+03,3.305458027834920834e-03
-2.218319999999999709e+03,3.310593002679208547e-03
-2.217800000000000182e+03,3.315765522991353815e-03
-2.217280000000000200e+03,3.320919278485642834e-03
-2.216759999999999764e+03,3.326092453329931864e-03
-2.216239999999999782e+03,3.331284420154219904e-03
-2.215720000000000255e+03,3.336476001466363167e-03
-2.215200000000000273e+03,3.341668276310653506e-03
-2.214679999999999836e+03,3.346879343134940253e-03
-2.214159999999999854e+03,3.352108970959229595e-03
-2.213639999999999873e+03,3.357339099291372850e-03
-2.213119999999999891e+03,3.362588366115662648e-03
-2.212599999999999909e+03,3.367837093939950698e-03
-2.212079999999999927e+03,3.373105796454240173e-03
-2.211559999999999945e+03,3.378373816766385481e-03
-2.211039999999999964e+03,3.383660744590673113e-03
-2.210519999999999982e+03,3.388948519434961757e-03
-2.210000000000000000e+03,3.394254614279250057e-03
-2.209480000000000018e+03,3.399560295591394499e-03
-2.208960000000000036e+03,3.404886270435683593e-03
-2.208440000000000055e+03,3.410211408189972072e-03
-2.207920000000000073e+03,3.415555636014261029e-03
-2.207400000000000091e+03,3.420919031016404852e-03
-2.206880000000000109e+03,3.426282358840694684e-03
-2.206360000000000127e+03,3.431646186664981651e-03
-2.205840000000000146e+03,3.437029000509270009e-03
-2.205320000000000164e+03,3.442430181821414057e-03
-2.204799999999999727e+03,3.447831748645703749e-03
-2.204279999999999745e+03,3.453233123489992101e-03
-2.203760000000000218e+03,3.458653751314280222e-03
-2.203240000000000236e+03,3.464093892828569009e-03
-2.202719999999999800e+03,3.469533274140713507e-03
-2.202199999999999818e+03,3.474992140965001489e-03
-2.201680000000000291e+03,3.480450815809289864e-03
-2.201160000000000309e+03,3.485928782633577853e-03
-2.200639999999999873e+03,3.491425657477867546e-03
-2.200119999999999891e+03,3.496903305810012286e-03
-2.199599999999999909e+03,3.502418933634301578e-03
-2.199079999999999927e+03,3.507935475148589530e-03
-2.198559999999999945e+03,3.513451102972878388e-03
-2.198039999999999964e+03,3.518986677817166099e-03
-2.197519999999999982e+03,3.524540198129311186e-03
-2.197000000000000000e+03,3.530094372973599168e-03
-2.196480000000000018e+03,3.535667339797887894e-03
-2.195960000000000036e+03,3.541240306622177054e-03
-2.195440000000000055e+03,3.546832709136466324e-03
-2.194920000000000073e+03,3.552424929448608996e-03
-2.194400000000000091e+03,3.558036404292898303e-03
-2.193880000000000109e+03,3.563666171117187316e-03
-2.193360000000000127e+03,3.569296773981475279e-03
-2.192840000000000146e+03,3.574946140805764037e-03
-2.192320000000000164e+03,3.580595496300052923e-03
-2.191800000000000182e+03,3.586263963632197165e-03
-2.191279999999999745e+03,3.591931891456485483e-03
-2.190759999999999764e+03,3.597619805300774232e-03
-2.190239999999999782e+03,3.603326472125062581e-03
-2.189720000000000255e+03,3.609032946969352191e-03
-2.189199999999999818e+03,3.614739641463640511e-03
-2.188679999999999836e+03,3.620483969795784338e-03
-2.188159999999999854e+03,3.626209736620073995e-03
-2.187640000000000327e+03,3.631973607554361133e-03
-2.187119999999999891e+03,3.637737035378649057e-03
-2.186599999999999909e+03,3.643501349222938706e-03
-2.186079999999999927e+03,3.649283904717227477e-03
-2.185559999999999945e+03,3.655085572049371605e-03
-2.185039999999999964e+03,3.660887238873659823e-03
-2.184519999999999982e+03,3.666708313717949481e-03
-2.184000000000000000e+03,3.672529080542236840e-03
-2.183480000000000018e+03,3.678388394386525491e-03
-2.182960000000000036e+03,3.684228277900813801e-03
-2.182440000000000055e+03,3.690087591745103753e-03
-2.181920000000000073e+03,3.695965658569392871e-03
-2.181399999999999636e+03,3.701843686901535885e-03
-2.180880000000000109e+03,3.707740353725824840e-03
-2.180360000000000127e+03,3.713656995240111752e-03
-2.179840000000000146e+03,3.719573223064401909e-03
-2.179319999999999709e+03,3.725489336908689979e-03
-2.178800000000000182e+03,3.731443803732979996e-03
-2.178280000000000200e+03,3.737379045597267590e-03
-2.177760000000000218e+03,3.743352601091557742e-03
-2.177239999999999782e+03,3.749326014935844970e-03
-2.176719999999999800e+03,3.755318682267989611e-03
-2.176199999999999818e+03,3.761310849092278173e-03
-2.175680000000000291e+03,3.767322423936567306e-03
-2.175159999999999854e+03,3.773333718430855847e-03
-2.174639999999999873e+03,3.779383561345144287e-03
-2.174119999999999891e+03,3.785413956189431946e-03
-2.173600000000000364e+03,3.791482831033721537e-03
-2.173079999999999927e+03,3.797532825528009831e-03
-2.172559999999999945e+03,3.803620339372299104e-03
-2.172039999999999964e+03,3.809727453216586388e-03
-2.171519999999999982e+03,3.815815120040875422e-03
-2.171000000000000000e+03,3.821921848373020097e-03
-2.170480000000000018e+03,3.828066870887309511e-03
-2.169960000000000036e+03,3.834211684731597940e-03
-2.169440000000000055e+03,3.840356998575885673e-03
-2.168920000000000073e+03,3.846520565400174136e-03
-2.168400000000000091e+03,3.852684967914462438e-03
-2.167880000000000109e+03,3.858867634738751776e-03
-2.167359999999999673e+03,3.865070277653040280e-03
-2.166840000000000146e+03,3.871272419517328683e-03
-2.166320000000000164e+03,3.877512886341616914e-03
-2.165800000000000182e+03,3.883734127855905348e-03
-2.165279999999999745e+03,3.889974094680193409e-03
-2.164760000000000218e+03,3.896233508524483188e-03
-2.164240000000000236e+03,3.902511983368771829e-03
-2.163720000000000255e+03,3.908790205883060261e-03
-2.163199999999999818e+03,3.915087819727349622e-03
-2.162679999999999836e+03,3.921385433571638116e-03
-2.162159999999999854e+03,3.927701800395926209e-03
-2.161639999999999873e+03,3.934037295398071059e-03
-2.161119999999999891e+03,3.940373138312359448e-03
-2.160599999999999909e+03,3.946746833156647948e-03
-2.160079999999999927e+03,3.953101747000936465e-03
-2.159559999999999945e+03,3.959494388515225234e-03
-2.159039999999999964e+03,3.965868055339514218e-03
-2.158519999999999982e+03,3.972279769183802156e-03
-2.158000000000000000e+03,3.978692011048091080e-03
-2.157480000000000018e+03,3.985122505542379456e-03
-2.156960000000000036e+03,3.991572919386668014e-03
-2.156440000000000055e+03,3.998022833230956835e-03
-2.155920000000000073e+03,4.004491556795245974e-03
-2.155400000000000091e+03,4.010980170639533680e-03
-2.154880000000000109e+03,4.017468312503822032e-03
-2.154360000000000127e+03,4.023975179328110469e-03
-2.153839999999999691e+03,4.030501520842400161e-03
-2.153319999999999709e+03,4.037008734686688138e-03
-2.152800000000000182e+03,4.043554148530977867e-03
-2.152280000000000200e+03,4.050118343375265842e-03
-2.151759999999999764e+03,4.056682884889554683e-03
-2.151239999999999782e+03,4.063266527803841704e-03
-2.150720000000000255e+03,4.069868394628131311e-03
-2.150200000000000273e+03,4.076471136142420168e-03
-2.149679999999999836e+03,4.083092978006709443e-03
-2.149159999999999854e+03,4.089733391850997740e-03
-2.148639999999999873e+03,4.096373958675287100e-03
-2.148119999999999891e+03,4.103033500189574509e-03
-2.147599999999999909e+03,4.109693514033863418e-03
-2.147079999999999927e+03,4.116372570480296769e-03
-2.146559999999999945e+03,4.123089564974585265e-03
-2.146039999999999964e+03,4.129806378818873594e-03
-2.145519999999999982e+03,4.136523192663161923e-03
-2.145000000000000000e+03,4.143259162197450614e-03
-2.144480000000000018e+03,4.150013829021739417e-03
-2.143960000000000036e+03,4.156768842866027762e-03
-2.143440000000000055e+03,4.163542985780315127e-03
-2.142920000000000073e+03,4.170336266294606339e-03
-2.142400000000000091e+03,4.177148608158893356e-03
-2.141880000000000109e+03,4.183960574983182183e-03
-2.141360000000000127e+03,4.190792016497470532e-03
-2.140840000000000146e+03,4.197642530341759784e-03
-2.140320000000000164e+03,4.204492611206047357e-03
-2.139799999999999727e+03,4.211362281790336469e-03
-2.139279999999999745e+03,4.218250648614625328e-03
-2.138760000000000218e+03,4.225157962458913133e-03
-2.138240000000000236e+03,4.232066178505346395e-03
-2.137719999999999800e+03,4.238992631349634485e-03
-2.137199999999999818e+03,4.245919545193923769e-03
-2.136680000000000291e+03,4.252883839688211161e-03
-2.136160000000000309e+03,4.259829410622500978e-03
-2.135639999999999873e+03,4.266832263466789968e-03
-2.135119999999999891e+03,4.273816004981079511e-03
-2.134599999999999909e+03,4.280819318825367092e-03
-2.134079999999999927e+03,4.287841299689655605e-03
-2.133559999999999945e+03,4.294882341203944305e-03
-2.133039999999999964e+03,4.301923037098232504e-03
-2.132519999999999982e+03,4.309002097454666877e-03
-2.132000000000000000e+03,4.316062305988955378e-03
-2.131480000000000018e+03,4.323160619833243262e-03
-2.130960000000000036e+03,4.330258933677532014e-03
-2.130440000000000055e+03,4.337395043261821174e-03
-2.129920000000000073e+03,4.344512485126108582e-03
-2.129400000000000091e+03,4.351667779620396054e-03
-2.128880000000000109e+03,4.358822932464687105e-03
-2.128360000000000127e+03,4.365997492821118049e-03
-2.127840000000000146e+03,4.373191362355406328e-03
-2.127320000000000164e+03,4.380403844269696416e-03
-2.126800000000000182e+03,4.387616258113985479e-03
-2.126279999999999745e+03,4.394848366648273184e-03
-2.125759999999999764e+03,4.402098980492562263e-03
-2.125239999999999782e+03,4.409349594336851343e-03
-2.124720000000000255e+03,4.416638503921138832e-03
-2.124199999999999818e+03,4.423927692297571074e-03
-2.123679999999999836e+03,4.431235325791860018e-03
-2.123159999999999854e+03,4.438543239636149121e-03
-2.122640000000000327e+03,4.445889420500437166e-03
-2.122119999999999891e+03,4.453215991084725524e-03
-2.121599999999999909e+03,4.460600304929015526e-03
-2.121079999999999927e+03,4.467965904285448563e-03
-2.120559999999999945e+03,4.475368873819737456e-03
-2.120039999999999964e+03,4.482772326664025142e-03
-2.119519999999999982e+03,4.490194397248313540e-03
-2.119000000000000000e+03,4.497636078112603360e-03
-2.118480000000000018e+03,4.505077191956891915e-03
-2.117960000000000036e+03,4.512537818983323491e-03
-2.117440000000000055e+03,4.520017660847613049e-03
-2.116920000000000073e+03,4.527516170431900890e-03
-2.116399999999999636e+03,4.535033684276190344e-03
-2.115880000000000109e+03,4.542551265140478724e-03
-2.115360000000000127e+03,4.550088292166911200e-03
-2.114840000000000146e+03,4.557663135081200557e-03
-2.114319999999999709e+03,4.565218915595487675e-03
-2.113800000000000182e+03,4.572812857459776677e-03
-2.113280000000000200e+03,4.580406837974065545e-03
-2.112760000000000218e+03,4.588038798330499810e-03
-2.112239999999999782e+03,4.595651908264786374e-03
-2.111719999999999800e+03,4.603303188779076134e-03
-2.111199999999999818e+03,4.610973002623364181e-03
-2.110680000000000291e+03,4.618643757669797963e-03
-2.110159999999999854e+03,4.626332700584086764e-03
-2.109639999999999873e+03,4.634060353428374850e-03
-2.109119999999999891e+03,4.641768461962663544e-03
-2.108600000000000364e+03,4.649514675806950756e-03
-2.108079999999999927e+03,4.657261331903385197e-03
-2.107559999999999945e+03,4.665046312767673689e-03
-2.107039999999999964e+03,4.672830754281961756e-03
-2.106519999999999982e+03,4.680634307126251004e-03
-2.106000000000000000e+03,4.688438291242684117e-03
-2.105480000000000018e+03,4.696280005086972235e-03
-2.104960000000000036e+03,4.704121632971260819e-03
-2.104440000000000055e+03,4.711982513485549195e-03
-2.103920000000000073e+03,4.719862841911983721e-03
-2.103400000000000091e+03,4.727761911446270483e-03
-2.102880000000000109e+03,4.735679564290559175e-03
-2.102359999999999673e+03,4.743598091316993809e-03
-2.101840000000000146e+03,4.751554001251281044e-03
-2.101320000000000164e+03,4.759510342765570050e-03
-2.100800000000000182e+03,4.767485295609857898e-03
-2.100279999999999745e+03,4.775480279726291959e-03
-2.099760000000000218e+03,4.783493432570579823e-03
-2.099240000000000236e+03,4.791506893434867818e-03
-2.098720000000000255e+03,4.799558301969156920e-03
-2.098199999999999818e+03,4.807610030395589179e-03
-2.097679999999999836e+03,4.815680538929880024e-03
-2.097159999999999854e+03,4.823770091774167053e-03
-2.096639999999999873e+03,4.831879079800599150e-03
-2.096119999999999891e+03,4.839987789734889051e-03
-2.095599999999999909e+03,4.848135017269177352e-03
-2.095079999999999927e+03,4.856301344645611029e-03
-2.094559999999999945e+03,4.864466854229899072e-03
-2.094039999999999964e+03,4.872651907074187876e-03
-2.093519999999999982e+03,4.880856462120619806e-03
-2.093000000000000000e+03,4.889079175964908611e-03
-2.092480000000000018e+03,4.897321432569197962e-03
-2.091960000000000036e+03,4.905583259945629944e-03
-2.091440000000000055e+03,4.913844240459918147e-03
-2.090920000000000073e+03,4.922143450394208392e-03
-2.090400000000000091e+03,4.930443477420639979e-03
-2.089880000000000109e+03,4.938762077284927776e-03
-2.089360000000000127e+03,4.947099514889218008e-03
-2.088839999999999691e+03,4.955456314245650778e-03
-2.088319999999999709e+03,4.963831922779939412e-03
-2.087800000000000182e+03,4.972226604694228447e-03
-2.087280000000000200e+03,4.980641106760661137e-03
-2.086759999999999764e+03,4.989054359604950563e-03
-2.086239999999999782e+03,4.997487240119237104e-03
-2.085720000000000255e+03,5.005958696565671051e-03
-2.085200000000000273e+03,5.014429624099958280e-03
-2.084679999999999836e+03,5.022938904964248732e-03
-2.084159999999999854e+03,5.031428961060681673e-03
-2.083639999999999873e+03,5.039957313904969149e-03
-2.083119999999999891e+03,5.048505015971403893e-03
-2.082599999999999909e+03,5.057071097885690661e-03
-2.082079999999999927e+03,5.065656806419980250e-03
-2.081559999999999945e+03,5.074242333446412484e-03
-2.081039999999999964e+03,5.082866090400700934e-03
-2.080519999999999982e+03,5.091489470914991287e-03
-2.080000000000000000e+03,5.100151370271423582e-03
-2.079480000000000018e+03,5.108813354895711152e-03
-2.078960000000000036e+03,5.117494393252145467e-03
-2.078440000000000055e+03,5.126212801786433036e-03
-2.077920000000000073e+03,5.134932030212866101e-03
-2.077400000000000091e+03,5.143670385767154692e-03
-2.076880000000000109e+03,5.152426938611442790e-03
-2.076360000000000127e+03,5.161184422727876225e-03
-2.075840000000000146e+03,5.169979550262164721e-03
-2.075320000000000164e+03,5.178794345708597618e-03
-2.074799999999999727e+03,5.187627326222885721e-03
-2.074279999999999745e+03,5.196479726087174268e-03
-2.073760000000000218e+03,5.205351810203606884e-03
-2.073240000000000236e+03,5.214222963047895898e-03
-2.072719999999999800e+03,5.223133104114327865e-03
-2.072199999999999818e+03,5.232042513698617614e-03
-2.071680000000000291e+03,5.240990441075050674e-03
-2.071160000000000309e+03,5.249938368609340968e-03
-2.070639999999999873e+03,5.258924525055771321e-03
-2.070119999999999891e+03,5.267910191590061304e-03
-2.069599999999999909e+03,5.276915475706494239e-03
-2.069079999999999927e+03,5.285939428550782450e-03
-2.068559999999999945e+03,5.295001523105071981e-03
-2.068039999999999964e+03,5.304064051531503718e-03
-2.067519999999999982e+03,5.313164307085792987e-03
-2.067000000000000000e+03,5.322265006442226595e-03
-2.066480000000000018e+03,5.331384083046515621e-03
-2.065960000000000036e+03,5.340522857092945552e-03
-2.065440000000000055e+03,5.349699167027234352e-03
-2.064920000000000073e+03,5.358876680073668651e-03
-2.064400000000000091e+03,5.368072088607956684e-03
-2.063880000000000109e+03,5.377287303054389435e-03
-2.063360000000000127e+03,5.386540011588679226e-03
-2.062840000000000146e+03,5.395793040015110439e-03
-2.062320000000000164e+03,5.405064734569398587e-03
-2.061800000000000182e+03,5.414355961595833377e-03
-2.061279999999999745e+03,5.423666318550121775e-03
-2.060759999999999764e+03,5.433014384576554529e-03
-2.060239999999999782e+03,5.442362941530842942e-03
-2.059720000000000255e+03,5.451730607557275440e-03
-2.059199999999999818e+03,5.461116863111565092e-03
-2.058679999999999836e+03,5.470541330537998653e-03
-2.058159999999999854e+03,5.479966632604430822e-03
-2.057640000000000327e+03,5.489409881188718997e-03
-2.057119999999999891e+03,5.498872855585152340e-03
-2.056599999999999909e+03,5.508373375099440659e-03
-2.056079999999999927e+03,5.517874606235873003e-03
-2.055559999999999945e+03,5.527413298080161366e-03
-2.055039999999999964e+03,5.536971829216595468e-03
-2.054519999999999982e+03,5.546529676750884194e-03
-2.054000000000000000e+03,5.556126352197317091e-03
-2.053480000000000018e+03,5.565740999731606103e-03
-2.052960000000000036e+03,5.575356746108038261e-03
-2.052440000000000055e+03,5.585010469224471405e-03
-2.051920000000000073e+03,5.594682696758759323e-03
-2.051399999999999636e+03,5.604374592205190776e-03
-2.050880000000000109e+03,5.614085058739480723e-03
-2.050360000000000127e+03,5.623814989875914293e-03
-2.049840000000000146e+03,5.633564128232346375e-03
-2.049319999999999709e+03,5.643331912856634595e-03
-2.048800000000000182e+03,5.653118806903067312e-03
-2.048280000000000200e+03,5.662924773437358165e-03
-2.047760000000000218e+03,5.672768929883790535e-03
-2.047239999999999782e+03,5.682613442930223302e-03
-2.046720000000000027e+03,5.692495866554512715e-03
-2.046200000000000045e+03,5.702377665910944235e-03
-2.045680000000000064e+03,5.712298289535232797e-03
-2.045159999999999854e+03,5.722219230601665978e-03
-2.044639999999999873e+03,5.732196559028100019e-03
-2.044120000000000118e+03,5.742155353582387850e-03
-2.043600000000000136e+03,5.752151848678819547e-03
-2.043079999999999927e+03,5.762167915563109165e-03
-2.042559999999999945e+03,5.772222046699542267e-03
-2.042039999999999964e+03,5.782275812725974976e-03
-2.041519999999999982e+03,5.792348736350265599e-03
-2.041000000000000000e+03,5.802460121726697034e-03
-2.040480000000000018e+03,5.812590776773128749e-03
-2.039960000000000036e+03,5.822720972377418147e-03
-2.039439999999999827e+03,5.832889185773851987e-03
-2.038920000000000073e+03,5.843076708890284146e-03
-2.038400000000000091e+03,5.853283275424572829e-03
-2.037880000000000109e+03,5.863528445561005421e-03
-2.037359999999999900e+03,5.873772672937439474e-03
-2.036839999999999918e+03,5.884055668541728068e-03
-2.036320000000000164e+03,5.894338509608160193e-03
-2.035800000000000182e+03,5.904660051724592434e-03
-2.035279999999999973e+03,5.914999471588880571e-03
-2.034759999999999991e+03,5.925358741725315209e-03
-2.034240000000000009e+03,5.935737554771747596e-03
-2.033720000000000255e+03,5.946153431376036483e-03
-2.033199999999999818e+03,5.956569944772468692e-03
-2.032680000000000064e+03,5.967024647888901842e-03
-2.032160000000000082e+03,5.977479388955334039e-03
-2.031639999999999873e+03,5.987990737539624318e-03
-2.031119999999999891e+03,5.998502750936057434e-03
-2.030599999999999909e+03,6.009033421072488938e-03
-2.030080000000000155e+03,6.019583316676777041e-03
-2.029559999999999945e+03,6.030171257743209556e-03
-2.029039999999999964e+03,6.040778453189643918e-03
-2.028519999999999982e+03,6.051404566236076935e-03
-2.028000000000000000e+03,6.062049989860365459e-03
-2.027480000000000018e+03,6.072733430926797148e-03
-2.026960000000000036e+03,6.083416873043230935e-03
-2.026440000000000055e+03,6.094138139419663126e-03
-2.025920000000000073e+03,6.104879102043951969e-03
-2.025399999999999864e+03,6.115638915090385042e-03
-2.024880000000000109e+03,6.126417885226818384e-03
-2.024360000000000127e+03,6.137234998623251024e-03
-2.023839999999999918e+03,6.148070047207541099e-03
-2.023319999999999936e+03,6.158906317343971863e-03
-2.022799999999999955e+03,6.169799858410404507e-03
-2.022280000000000200e+03,6.180692900526839513e-03
-2.021759999999999764e+03,6.191624613923270466e-03
-2.021240000000000009e+03,6.202555576547559915e-03
-2.020720000000000027e+03,6.213525489593993076e-03
-2.020200000000000045e+03,6.224514059730425902e-03
-2.019679999999999836e+03,6.235540453776859324e-03
-2.019159999999999854e+03,6.246567349381146154e-03
-2.018640000000000100e+03,6.257651430847579327e-03
-2.018120000000000118e+03,6.268716371914012306e-03
-2.017599999999999909e+03,6.279838614030444806e-03
-2.017079999999999927e+03,6.290960855096878676e-03
-2.016559999999999945e+03,6.302139925233312713e-03
-2.016040000000000191e+03,6.313319158787600652e-03
-2.015519999999999982e+03,6.324517773234034079e-03
-2.015000000000000000e+03,6.335754143370466406e-03
-2.014480000000000018e+03,6.347010123436899742e-03
-2.013959999999999809e+03,6.358284665553332569e-03
-2.013440000000000055e+03,6.369597559599765244e-03
-2.012920000000000073e+03,6.380910022224054248e-03
-2.012400000000000091e+03,6.392260964690486651e-03
-2.011879999999999882e+03,6.403630977736919638e-03
-2.011359999999999900e+03,6.415039786873354653e-03
-2.010840000000000146e+03,6.426467127939784578e-03
-2.010320000000000164e+03,6.437894498076218719e-03
-2.009799999999999955e+03,6.449378679192651308e-03
-2.009279999999999973e+03,6.460882073746940235e-03
-2.008759999999999991e+03,6.472404955213373855e-03
-2.008240000000000236e+03,6.483946868259805180e-03
-2.007719999999999800e+03,6.495526538396238780e-03
-2.007200000000000045e+03,6.507106747532669794e-03
-2.006680000000000064e+03,6.518743688599103539e-03
-2.006160000000000082e+03,6.530362069715536788e-03
-2.005639999999999873e+03,6.542056686871969978e-03
-2.005119999999999891e+03,6.553731866938403150e-03
-2.004600000000000136e+03,6.565463990562690581e-03
-2.004079999999999927e+03,6.577215542959123813e-03
-2.003559999999999945e+03,6.588986185075556244e-03
-2.003039999999999964e+03,6.600795094211989351e-03
-2.002519999999999982e+03,6.612623035278423177e-03
-2.002000000000000000e+03,6.624451044414856292e-03
-2.001480000000000018e+03,6.636335825531289312e-03
-2.000960000000000036e+03,6.648221066597722294e-03
-2.000440000000000055e+03,6.660144575734155449e-03
-1.999919999999999845e+03,6.672105745870588606e-03
-1.999400000000000091e+03,6.684086844937020197e-03
-1.998880000000000109e+03,6.696086254073455382e-03
-1.998360000000000127e+03,6.708123824209885969e-03
-1.997839999999999918e+03,6.720161376606318716e-03
-1.997319999999999936e+03,6.732237146742751921e-03
-1.996800000000000182e+03,6.744351127859185904e-03
-1.996279999999999745e+03,6.756484207925617796e-03
-1.995759999999999991e+03,6.768655864082050860e-03
-1.995240000000000009e+03,6.780827134218482370e-03
-1.994720000000000027e+03,6.793036267772773265e-03
-1.994199999999999818e+03,6.805283948889204702e-03
-1.993679999999999836e+03,6.817550219025636515e-03
-1.993160000000000082e+03,6.829816999092070198e-03
-1.992640000000000100e+03,6.842160055248503597e-03
-1.992119999999999891e+03,6.854502764384938322e-03
-1.991599999999999909e+03,6.866884144451372921e-03
-1.991079999999999927e+03,6.879265333079948030e-03
-1.990560000000000173e+03,6.891703542216381061e-03
-1.990039999999999964e+03,6.904142069302812885e-03
-1.989519999999999982e+03,6.916637578439248542e-03
-1.989000000000000000e+03,6.929133087575679861e-03
-1.988480000000000018e+03,6.941666728642112774e-03
-1.987960000000000036e+03,6.954238456778544415e-03
-1.987440000000000055e+03,6.966829465914978377e-03
-1.986920000000000073e+03,6.979439575051409744e-03
-1.986399999999999864e+03,6.992087355117844114e-03
-1.985879999999999882e+03,7.004754611274277912e-03
-1.985360000000000127e+03,7.017441120410708444e-03
-1.984840000000000146e+03,7.030184400477142853e-03
-1.984319999999999936e+03,7.042928028613575434e-03
-1.983799999999999955e+03,7.055709537750008871e-03
-1.983279999999999973e+03,7.068529246886443192e-03
-1.982760000000000218e+03,7.081368373972874580e-03
-1.982239999999999782e+03,7.094226283109304580e-03
-1.981720000000000027e+03,7.107122392245738066e-03
-1.981200000000000045e+03,7.120038294914319069e-03
-1.980680000000000064e+03,7.132991674980750964e-03
-1.980159999999999854e+03,7.145963656097182627e-03
-1.979639999999999873e+03,7.158974712253613967e-03
-1.979120000000000118e+03,7.172003992320046158e-03
-1.978600000000000136e+03,7.185090601456481721e-03
-1.978079999999999927e+03,7.198178057612913960e-03
-1.977559999999999945e+03,7.211302866749346938e-03
-1.977039999999999964e+03,7.224446775885780790e-03
-1.976519999999999982e+03,7.237629549484358819e-03
-1.976000000000000000e+03,7.250830797620792974e-03
-1.975480000000000018e+03,7.264070525757222556e-03
-1.974960000000000036e+03,7.277328534893654118e-03
-1.974439999999999827e+03,7.290625561980087696e-03
-1.973920000000000073e+03,7.303960471116522496e-03
-1.973400000000000091e+03,7.317314326765101198e-03
-1.972880000000000109e+03,7.330706949591533211e-03
-1.972359999999999900e+03,7.344117729657964957e-03
-1.971839999999999918e+03,7.357548485814399339e-03
-1.971320000000000164e+03,7.371016594950829254e-03
-1.970800000000000182e+03,7.384523290107265076e-03
-1.970279999999999973e+03,7.398049045755840381e-03
-1.969759999999999991e+03,7.411632072842273475e-03
-1.969240000000000009e+03,7.425214820978706318e-03
-1.968720000000000255e+03,7.438836077135138440e-03
-1.968199999999999818e+03,7.452475558251573512e-03
-1.967680000000000064e+03,7.466173599920149576e-03
-1.967160000000000082e+03,7.479870907656583148e-03
-1.966639999999999873e+03,7.493625363813015590e-03
-1.966119999999999891e+03,7.507380011949447637e-03
-1.965599999999999909e+03,7.521191768105881838e-03
-1.965080000000000155e+03,7.535022623754459269e-03
-1.964559999999999945e+03,7.548891689840891289e-03
-1.964039999999999964e+03,7.562779498977323378e-03
-1.963519999999999982e+03,7.576705894133755302e-03
-1.963000000000000000e+03,7.590670796802335800e-03
-1.962480000000000018e+03,7.604654172608768178e-03
-1.961960000000000036e+03,7.618676028765200732e-03
-1.961440000000000055e+03,7.632716647831633283e-03
-1.960920000000000073e+03,7.646795650500212357e-03
-1.960399999999999864e+03,7.660913045656646096e-03
-1.959880000000000109e+03,7.675067754793077693e-03
-1.959360000000000127e+03,7.689242796461653352e-03
-1.958839999999999918e+03,7.703435733268085804e-03
-1.958319999999999936e+03,7.717667199354521709e-03
-1.957799999999999955e+03,7.731955955510953771e-03
-1.957280000000000200e+03,7.746244750159529333e-03
-1.956759999999999764e+03,7.760590845315959961e-03
-1.956240000000000009e+03,7.774936901472395516e-03
-1.955720000000000027e+03,7.789340323790975434e-03
-1.955200000000000045e+03,7.803762818947407830e-03
-1.954679999999999836e+03,7.818242046033839487e-03
-1.954159999999999854e+03,7.832722187702416405e-03
-1.953640000000000100e+03,7.847258435838848703e-03
-1.953120000000000118e+03,7.861795519665282575e-03
-1.952599999999999909e+03,7.876408861333858077e-03
-1.952079999999999927e+03,7.891021509470293877e-03
-1.951559999999999945e+03,7.905691804626727506e-03
-1.951040000000000191e+03,7.920362407295303622e-03
-1.950519999999999982e+03,7.935090001051735634e-03
-1.950000000000000000e+03,7.949836349188166285e-03
-1.949480000000000018e+03,7.964640718876744852e-03
-1.948959999999999809e+03,7.979444175033177655e-03
-1.948440000000000055e+03,7.994305470189611365e-03
-1.947920000000000073e+03,8.009185892508189145e-03
-1.947400000000000091e+03,8.024103987664624876e-03
-1.946879999999999882e+03,8.039079729333200794e-03
-1.946359999999999900e+03,8.054055624489629348e-03
-1.945840000000000146e+03,8.069088347316065099e-03
-1.945320000000000164e+03,8.084140141964643242e-03
-1.944799999999999955e+03,8.099230069051074551e-03
-1.944279999999999973e+03,8.114339510719650525e-03
-1.943759999999999991e+03,8.129505933546082863e-03
-1.943240000000000236e+03,8.144691775214662338e-03
-1.942719999999999800e+03,8.159914970371093257e-03
-1.942200000000000045e+03,8.175157793547525170e-03
-1.941680000000000064e+03,8.190476515866103660e-03
-1.941160000000000082e+03,8.205776611022537817e-03
-1.940639999999999873e+03,8.221152952691114166e-03
-1.940119999999999891e+03,8.236548047847546891e-03
-1.939600000000000136e+03,8.251981717186124970e-03
-1.939079999999999927e+03,8.267434651342560337e-03
-1.938559999999999945e+03,8.282944193011135270e-03
-1.938039999999999964e+03,8.298492115837568031e-03
-1.937519999999999982e+03,8.314059485526145710e-03
-1.937000000000000000e+03,8.329664680682578523e-03
-1.936480000000000018e+03,8.345307950021156954e-03
-1.935960000000000036e+03,8.360970416107588177e-03
-1.935440000000000055e+03,8.376690557776164670e-03
-1.934919999999999845e+03,8.392428991932598947e-03
-1.934400000000000091e+03,8.408224714251177900e-03
-1.933880000000000109e+03,8.424039537427608845e-03
-1.933360000000000127e+03,8.439893379096187129e-03
-1.932839999999999918e+03,8.455784640922617973e-03
-1.932319999999999936e+03,8.471713882591196815e-03
-1.931800000000000182e+03,8.487681824767627850e-03
-1.931279999999999745e+03,8.503668894106208159e-03
-1.930759999999999991e+03,8.519712928262642565e-03
-1.930240000000000009e+03,8.535775897951215774e-03
-1.929720000000000027e+03,8.551896320777649038e-03
-1.929199999999999818e+03,8.568016601446227370e-03
-1.928679999999999836e+03,8.584213743114802592e-03
-1.928160000000000082e+03,8.600429165941236159e-03
-1.927640000000000100e+03,8.616702274629814071e-03
-1.927119999999999891e+03,8.632974997456247662e-03
-1.926599999999999909e+03,8.649305378124822613e-03
-1.926079999999999927e+03,8.665673573281256273e-03
-1.925560000000000173e+03,8.682080342619831817e-03
-1.925039999999999964e+03,8.698506098328411332e-03
-1.924519999999999982e+03,8.714988922554844919e-03
-1.924000000000000000e+03,8.731510330893419922e-03
-1.923480000000000018e+03,8.748069372561999291e-03
-1.922960000000000036e+03,8.764647234388430949e-03
-1.922440000000000055e+03,8.781283204077009602e-03
-1.921920000000000073e+03,8.797956538233439594e-03
-1.921399999999999864e+03,8.814649693592017943e-03
-1.920879999999999882e+03,8.831399735260597392e-03
-1.920360000000000127e+03,8.848187725107028653e-03
-1.919840000000000146e+03,8.865013666775606663e-03
-1.919319999999999936e+03,8.881881247444182656e-03
-1.918799999999999955e+03,8.898784156290615727e-03
-1.918279999999999973e+03,8.915705597959193776e-03
-1.917760000000000218e+03,8.932684934317768749e-03
-1.917239999999999782e+03,8.949682468474202610e-03
-1.916720000000000027e+03,8.966757084832781971e-03
-1.916200000000000045e+03,8.983831865501355762e-03
-1.915680000000000064e+03,9.000963156747790808e-03
-1.915159999999999854e+03,9.018113865086366601e-03
-1.914639999999999873e+03,9.035341253774944320e-03
-1.914120000000000118e+03,9.052586990133521666e-03
-1.913600000000000136e+03,9.069890124289957389e-03
-1.913079999999999927e+03,9.087193979648534523e-03
-1.912559999999999945e+03,9.104573360317110703e-03
-1.912039999999999964e+03,9.121971511163541602e-03
-1.911519999999999982e+03,9.139428138852120562e-03
-1.911000000000000000e+03,9.156922147190696762e-03
-1.910480000000000018e+03,9.174435284949272393e-03
-1.909960000000000036e+03,9.192005693795708005e-03
-1.909439999999999827e+03,9.209614774464285752e-03
-1.908920000000000073e+03,9.227280682802862025e-03
-1.908400000000000091e+03,9.244965538511437653e-03
-1.907880000000000109e+03,9.262688746850017418e-03
-1.907359999999999900e+03,9.280449628026449932e-03
-1.906839999999999918e+03,9.298267864385024312e-03
-1.906320000000000164e+03,9.316125121143603582e-03
-1.905800000000000182e+03,9.334020229482181685e-03
-1.905279999999999973e+03,9.351953038170759611e-03
-1.904759999999999991e+03,9.369943147017192192e-03
-1.904240000000000009e+03,9.387933227685767157e-03
-1.903720000000000255e+03,9.406019211064346394e-03
-1.903199999999999818e+03,9.424104820802923013e-03
-1.902680000000000064e+03,9.442266676161499561e-03
-1.902160000000000082e+03,9.460428684850075848e-03
-1.901639999999999873e+03,9.478686232696511421e-03
-1.901119999999999891e+03,9.496943269055087983e-03
-1.900599999999999909e+03,9.515257896743664623e-03
-1.900080000000000155e+03,9.533610434152243324e-03
-1.899559999999999945e+03,9.552021089860819256e-03
-1.899039999999999964e+03,9.570450037199397519e-03
-1.898519999999999982e+03,9.588936564887972497e-03
-1.898000000000000000e+03,9.607461001754406815e-03
-1.897480000000000018e+03,9.626023110092984253e-03
-1.896960000000000036e+03,9.644643433871559826e-03
-1.896440000000000055e+03,9.663301542210138775e-03
-1.895920000000000073e+03,9.681997669898714104e-03
-1.895399999999999864e+03,9.700732592277293287e-03
-1.894880000000000109e+03,9.719523929685868965e-03
-1.894360000000000127e+03,9.738353824394445010e-03
-1.893839999999999918e+03,9.757241132733022321e-03
-1.893319999999999936e+03,9.776147360421599472e-03
-1.892799999999999955e+03,9.795110982800180749e-03
-1.892280000000000200e+03,9.814112420208754781e-03
-1.891759999999999764e+03,9.833171514917329187e-03
-1.891240000000000009e+03,9.852248823763768218e-03
-1.890720000000000027e+03,9.871403099122344829e-03
-1.890200000000000045e+03,9.890576255880918766e-03
-1.889679999999999836e+03,9.909825850239497441e-03
-1.889159999999999854e+03,9.929075405948074515e-03
-1.888640000000000100e+03,9.948420153286651954e-03
-1.888120000000000118e+03,9.967765304735226595e-03
-1.887599999999999909e+03,9.987187232423809166e-03
-1.887079999999999927e+03,1.000662785480238223e-02
-1.886559999999999945e+03,1.002614396314096060e-02
-1.886040000000000191e+03,1.004568008691953708e-02
-1.885519999999999982e+03,1.006529258127811591e-02
-1.885000000000000000e+03,1.008492420365669252e-02
-1.884480000000000018e+03,1.010459377785741415e-02
-1.883959999999999809e+03,1.012430048228598993e-02
-1.883440000000000055e+03,1.014406527664456735e-02
-1.882920000000000073e+03,1.016390643200314713e-02
-1.882400000000000091e+03,1.018376675578172227e-02
-1.881879999999999882e+03,1.020370345014029803e-02
-1.881359999999999900e+03,1.022367837251887852e-02
-1.880840000000000146e+03,1.024369112125745641e-02
-1.880320000000000164e+03,1.026372334363602826e-02
-1.879799999999999955e+03,1.028383142701460792e-02
-1.879279999999999973e+03,1.030397822137318724e-02
-1.878759999999999991e+03,1.032420094515176627e-02
-1.878240000000000236e+03,1.034444323951034216e-02
-1.877719999999999800e+03,1.036472360840106494e-02
-1.877200000000000045e+03,1.038502273182963752e-02
-1.876680000000000064e+03,1.040545502653821702e-02
-1.876160000000000082e+03,1.042590692089679499e-02
-1.875639999999999873e+03,1.044641567234536918e-02
-1.875119999999999891e+03,1.046692486670394891e-02
-1.874600000000000136e+03,1.048752956141252475e-02
-1.874079999999999927e+03,1.050815323135324657e-02
-1.873559999999999945e+03,1.052881475373182441e-02
-1.873039999999999964e+03,1.054951450518040040e-02
-1.872519999999999982e+03,1.057032927186898029e-02
-1.872000000000000000e+03,1.059116273324755587e-02
-1.871480000000000018e+03,1.061201525667613589e-02
-1.870960000000000036e+03,1.063294452556685574e-02
-1.870440000000000055e+03,1.065391111992542925e-02
-1.869919999999999845e+03,1.067493504370401088e-02
-1.869400000000000091e+03,1.069599770508258482e-02
-1.868880000000000109e+03,1.071713622851116349e-02
-1.868360000000000127e+03,1.073833239740188544e-02
-1.867839999999999918e+03,1.075956689176046401e-02
-1.867319999999999936e+03,1.078085812922903626e-02
-1.866800000000000182e+03,1.080218762393761467e-02
-1.866279999999999745e+03,1.082351749387834051e-02
-1.865759999999999991e+03,1.084494255525691835e-02
-1.865240000000000009e+03,1.086638667763549330e-02
-1.864720000000000027e+03,1.088796438657621546e-02
-1.864199999999999818e+03,1.090956165597479176e-02
-1.863679999999999836e+03,1.093121537940336570e-02
-1.863160000000000082e+03,1.095286911311194739e-02
-1.862640000000000100e+03,1.097461918200266784e-02
-1.862119999999999891e+03,1.099638754443124471e-02
-1.861599999999999909e+03,1.101825171382982312e-02
-1.861079999999999927e+03,1.104013505079054144e-02
-1.860560000000000173e+03,1.106209384514912110e-02
-1.860039999999999964e+03,1.108409093559769784e-02
-1.859519999999999982e+03,1.110614649050841764e-02
-1.859000000000000000e+03,1.112823951393699697e-02
-1.858480000000000018e+03,1.115037024764557391e-02
-1.857960000000000036e+03,1.117255899262629623e-02
-1.857440000000000055e+03,1.119482342598487022e-02
-1.856920000000000073e+03,1.121716428736345070e-02
-1.856399999999999864e+03,1.123954403234417136e-02
-1.855879999999999882e+03,1.126196079372274693e-02
-1.855360000000000127e+03,1.128437840266346970e-02
-1.854840000000000146e+03,1.130692971106204807e-02
-1.854319999999999936e+03,1.132951836251062418e-02
-1.853799999999999955e+03,1.135218408940134524e-02
-1.853279999999999973e+03,1.137486827984992427e-02
-1.852760000000000218e+03,1.139761058774064334e-02
-1.852239999999999782e+03,1.142037152520922368e-02
-1.851720000000000027e+03,1.144324665856779645e-02
-1.851200000000000045e+03,1.146616024254852075e-02
-1.850680000000000064e+03,1.148916906492709715e-02
-1.850159999999999854e+03,1.151217864890781949e-02
-1.849639999999999873e+03,1.153522521133639421e-02
-1.849120000000000118e+03,1.155831066624711870e-02
-1.848600000000000136e+03,1.158152965669569275e-02
-1.848079999999999927e+03,1.160476791160641556e-02
-1.847559999999999945e+03,1.162808187403499213e-02
-1.847039999999999964e+03,1.165143472894571500e-02
-1.846519999999999982e+03,1.167486335839429228e-02
-1.846000000000000000e+03,1.169833031330501372e-02
-1.845480000000000018e+03,1.172185440375359336e-02
-1.844960000000000036e+03,1.174543643064431160e-02
-1.844439999999999827e+03,1.176907496811289110e-02
-1.843920000000000073e+03,1.179277080507361297e-02
-1.843400000000000091e+03,1.181650481347218916e-02
-1.842880000000000109e+03,1.184029618943290875e-02
-1.842359999999999900e+03,1.186414476981148547e-02
-1.841839999999999918e+03,1.188810835379220873e-02
-1.841320000000000164e+03,1.191209069075293073e-02
-1.840800000000000182e+03,1.193613033815150992e-02
-1.840279999999999973e+03,1.196018892213223002e-02
-1.839759999999999991e+03,1.198438048351080712e-02
-1.839240000000000009e+03,1.200859237847152865e-02
-1.838720000000000255e+03,1.203288019012224881e-02
-1.838199999999999818e+03,1.205720579852082551e-02
-1.837680000000000064e+03,1.208162697448155083e-02
-1.837160000000000082e+03,1.210604808288012757e-02
-1.836639999999999873e+03,1.213056510586084553e-02
-1.836119999999999891e+03,1.215511978984156957e-02
-1.835599999999999909e+03,1.217978886220014503e-02
-1.835080000000000155e+03,1.220447724618086739e-02
-1.834559999999999945e+03,1.222920389683158915e-02
-1.834039999999999964e+03,1.225398790523016777e-02
-1.833519999999999982e+03,1.227888642821088790e-02
-1.833000000000000000e+03,1.230380370417161022e-02
-1.832480000000000018e+03,1.232879731257018746e-02
-1.831960000000000036e+03,1.235384863555090938e-02
-1.831440000000000055e+03,1.237893765853162985e-02
-1.830920000000000073e+03,1.240412264111234904e-02
-1.830399999999999864e+03,1.242936408956092642e-02
-1.829880000000000109e+03,1.245468281254164845e-02
-1.829360000000000127e+03,1.248003920645237262e-02
-1.828839999999999918e+03,1.250547199043309382e-02
-1.828319999999999936e+03,1.253094269457167079e-02
-1.827799999999999955e+03,1.255652778848239011e-02
-1.827280000000000200e+03,1.258213216444311472e-02
-1.826759999999999764e+03,1.260779368742383395e-02
-1.826240000000000009e+03,1.263347443482241116e-02
-1.825720000000000027e+03,1.265928878547313563e-02
-1.825200000000000045e+03,1.268512266945385526e-02
-1.824679999999999836e+03,1.271110923945457591e-02
-1.824159999999999854e+03,1.273709543336529713e-02
-1.823640000000000100e+03,1.276317683750387462e-02
-1.823120000000000118e+03,1.278929676048459578e-02
-1.822599999999999909e+03,1.281547352246532011e-02
-1.822079999999999927e+03,1.284170801637603797e-02
-1.821559999999999945e+03,1.286799936702676291e-02
-1.821040000000000191e+03,1.289434849000748243e-02
-1.820519999999999982e+03,1.292079226647606209e-02
-1.820000000000000000e+03,1.294729366038677859e-02
-1.819480000000000018e+03,1.297385241103750191e-02
-1.818959999999999809e+03,1.300048788103822482e-02
-1.818440000000000055e+03,1.302719894301894790e-02
-1.817920000000000073e+03,1.305396779366966784e-02
-1.817400000000000091e+03,1.308079388758038968e-02
-1.816879999999999882e+03,1.310771504956111111e-02
-1.816359999999999900e+03,1.313469384723183267e-02
-1.815840000000000146e+03,1.316173007021255274e-02
-1.815320000000000164e+03,1.318882310312327784e-02
-1.814799999999999955e+03,1.321597310726185456e-02
-1.814279999999999973e+03,1.324316197726257451e-02
-1.813759999999999991e+03,1.327048376726329762e-02
-1.813240000000000236e+03,1.329782511791401632e-02
-1.812719999999999800e+03,1.332526182691473778e-02
-1.812200000000000045e+03,1.335271722082546041e-02
-1.811680000000000064e+03,1.338032601047618557e-02
-1.811160000000000082e+03,1.340793458047690422e-02
-1.810639999999999873e+03,1.343569567012762624e-02
-1.810119999999999891e+03,1.346347579310834368e-02
-1.809600000000000136e+03,1.349133270210906878e-02
-1.809079999999999927e+03,1.351922749175979259e-02
-1.808559999999999945e+03,1.354719846071051302e-02
-1.808039999999999964e+03,1.357520769687337731e-02
-1.807519999999999982e+03,1.360335075885409951e-02
-1.807000000000000000e+03,1.363153186785481460e-02
-1.806480000000000018e+03,1.365980811850553769e-02
-1.805960000000000036e+03,1.368814202750626152e-02
-1.805440000000000055e+03,1.371653294517698185e-02
-1.804919999999999845e+03,1.374500055417770747e-02
-1.804400000000000091e+03,1.377354371475842873e-02
-1.803880000000000109e+03,1.380218268475914487e-02
-1.803360000000000127e+03,1.383089777440987128e-02
-1.802839999999999918e+03,1.385967098341059529e-02
-1.802319999999999936e+03,1.388846316694345578e-02
-1.801800000000000182e+03,1.391738835659417708e-02
-1.801279999999999745e+03,1.394635206559489971e-02
-1.800759999999999991e+03,1.397541045524562479e-02
-1.800240000000000009e+03,1.400446966424634399e-02
-1.799720000000000027e+03,1.403368172893706620e-02
-1.799199999999999818e+03,1.406291233742992981e-02
-1.798679999999999836e+03,1.409229581310065052e-02
-1.798160000000000082e+03,1.412167924977137529e-02
-1.797640000000000100e+03,1.415115783977210009e-02
-1.797119999999999891e+03,1.418067497644282145e-02
-1.796599999999999909e+03,1.421038293195568333e-02
-1.796079999999999927e+03,1.424009076060640464e-02
-1.795560000000000173e+03,1.426983709762712563e-02
-1.795039999999999964e+03,1.429964023429784563e-02
-1.794519999999999982e+03,1.432959696074071095e-02
-1.794000000000000000e+03,1.435961023641143565e-02
-1.793480000000000018e+03,1.438971865408215575e-02
-1.792960000000000036e+03,1.441988473115287869e-02
-1.792440000000000055e+03,1.445008931433574423e-02
-1.791920000000000073e+03,1.448038855135646598e-02
-1.791399999999999864e+03,1.451076422702718416e-02
-1.790879999999999882e+03,1.454123618254004983e-02
-1.790360000000000127e+03,1.457176431119077374e-02
-1.789840000000000146e+03,1.460240787588149361e-02
-1.789319999999999936e+03,1.463308947039436078e-02
-1.788799999999999955e+03,1.466386624606508433e-02
-1.788279999999999973e+03,1.469466161075580479e-02
-1.787760000000000218e+03,1.472557240526867033e-02
-1.787239999999999782e+03,1.475652060895939373e-02
-1.786720000000000027e+03,1.478766059214225298e-02
-1.786200000000000045e+03,1.481881884014297525e-02
-1.785680000000000064e+03,1.485009174383370052e-02
-1.785159999999999854e+03,1.488136496601656471e-02
-1.784639999999999873e+03,1.491277097501728967e-02
-1.784120000000000118e+03,1.494421612522015691e-02
-1.783600000000000136e+03,1.497579460089087586e-02
-1.783079999999999927e+03,1.500741115249373987e-02
-1.782559999999999945e+03,1.503914242816446409e-02
-1.782039999999999964e+03,1.507091140383518858e-02
-1.781519999999999982e+03,1.510279570105805061e-02
-1.781000000000000000e+03,1.513475564905876654e-02
-1.780480000000000018e+03,1.516679239926163603e-02
-1.779960000000000036e+03,1.519890517493235720e-02
-1.779439999999999827e+03,1.523111376944522727e-02
-1.778920000000000073e+03,1.526337890220594642e-02
-1.778400000000000091e+03,1.529568287140881458e-02
-1.777880000000000109e+03,1.532811987509953393e-02
-1.777359999999999900e+03,1.536063409728240063e-02
-1.776839999999999918e+03,1.539324335881526833e-02
-1.776320000000000164e+03,1.542592848150598633e-02
-1.775800000000000182e+03,1.545870966077885107e-02
-1.775279999999999973e+03,1.549154723644956787e-02
-1.774759999999999991e+03,1.552450029798244438e-02
-1.774240000000000009e+03,1.555749102067316599e-02
-1.773720000000000255e+03,1.559067277087603474e-02
-1.773199999999999818e+03,1.562387366112889461e-02
-1.772680000000000064e+03,1.565717001183961760e-02
-1.772160000000000082e+03,1.569046637302248456e-02
-1.771639999999999873e+03,1.572393494257534607e-02
-1.771119999999999891e+03,1.575742195724606776e-02
-1.770599999999999909e+03,1.579108073651893165e-02
-1.770080000000000155e+03,1.582477804472180033e-02
-1.769559999999999945e+03,1.585860834841252426e-02
-1.769039999999999964e+03,1.589247805661538754e-02
-1.768519999999999982e+03,1.592646103588825357e-02
-1.768000000000000000e+03,1.596048272559897480e-02
-1.767480000000000018e+03,1.599461895911183720e-02
-1.766960000000000036e+03,1.602883149533470414e-02
-1.766440000000000055e+03,1.606312004658756731e-02
-1.765920000000000073e+03,1.609752373629829217e-02
-1.765399999999999864e+03,1.613202224450116518e-02
-1.764880000000000109e+03,1.616659733370402752e-02
-1.764360000000000127e+03,1.620119189899689449e-02
-1.763839999999999918e+03,1.623599577466761437e-02
-1.763319999999999936e+03,1.627085721089048184e-02
-1.762799999999999955e+03,1.630579504816334624e-02
-1.762280000000000200e+03,1.634077123736621048e-02
-1.761759999999999764e+03,1.637591917358907287e-02
-1.761240000000000009e+03,1.641110496434979721e-02
-1.760720000000000027e+03,1.644642445355266533e-02
-1.760200000000000045e+03,1.648176342877553241e-02
-1.759679999999999836e+03,1.651725466604839557e-02
-1.759159999999999854e+03,1.655276550227125984e-02
-1.758640000000000100e+03,1.658846683849412793e-02
-1.758120000000000118e+03,1.662418692874699511e-02
-1.757599999999999909e+03,1.666004121845771763e-02
-1.757079999999999927e+03,1.669595269368058174e-02
-1.756559999999999945e+03,1.673203555897344319e-02
-1.756040000000000191e+03,1.676813746717630352e-02
-1.755519999999999982e+03,1.680437367146917632e-02
-1.755000000000000000e+03,1.684064766067204511e-02
-1.754480000000000018e+03,1.687703606887491076e-02
-1.753959999999999809e+03,1.691352007316777525e-02
-1.753440000000000055e+03,1.695009950939064050e-02
-1.752920000000000073e+03,1.698677451368350855e-02
-1.752400000000000091e+03,1.702352534955637806e-02
-1.751879999999999882e+03,1.706041042477923764e-02
-1.751359999999999900e+03,1.709735282907209886e-02
-1.750840000000000146e+03,1.713446656529496459e-02
-1.750320000000000164e+03,1.717161854156783879e-02
-1.749799999999999955e+03,1.720890421679070401e-02
-1.749279999999999973e+03,1.724622808208356797e-02
-1.748759999999999991e+03,1.728368600432643107e-02
-1.748240000000000236e+03,1.732116223628929821e-02
-1.747719999999999800e+03,1.735884898349216582e-02
-1.747200000000000045e+03,1.739653524878503194e-02
-1.746680000000000064e+03,1.743443162400789767e-02
-1.746160000000000082e+03,1.747232834574290877e-02
-1.745639999999999873e+03,1.751039667770577096e-02
-1.745119999999999891e+03,1.754848389994864005e-02
-1.744600000000000136e+03,1.758674317622150457e-02
-1.744079999999999927e+03,1.762504068051436862e-02
-1.743559999999999945e+03,1.766352865573723660e-02
-1.743039999999999964e+03,1.770205523472009879e-02
-1.742519999999999982e+03,1.774073455645510874e-02
-1.742000000000000000e+03,1.777947086074797498e-02
-1.741480000000000018e+03,1.781832162199084579e-02
-1.740960000000000036e+03,1.785722985395371207e-02
-1.740440000000000055e+03,1.789621440115658074e-02
-1.739919999999999845e+03,1.793535199898158364e-02
-1.739400000000000091e+03,1.797460351320444988e-02
-1.738880000000000109e+03,1.801396964516732008e-02
-1.738360000000000127e+03,1.805337429648018119e-02
-1.737839999999999918e+03,1.809296995721519641e-02
-1.737319999999999936e+03,1.813264153619805960e-02
-1.736800000000000182e+03,1.817242785042092607e-02
-1.736279999999999745e+03,1.821227214824593446e-02
-1.735759999999999991e+03,1.825222991920879417e-02
-1.735240000000000009e+03,1.829220704145166285e-02
-1.734720000000000027e+03,1.833245163125667848e-02
-1.734199999999999818e+03,1.837269618116954203e-02
-1.733679999999999836e+03,1.841315037148240699e-02
-1.733160000000000082e+03,1.845362418895742096e-02
-1.732640000000000100e+03,1.849423115020028610e-02
-1.732119999999999891e+03,1.853489505449315219e-02
-1.731599999999999909e+03,1.857576981898816093e-02
-1.731079999999999927e+03,1.861668238023102273e-02
-1.730560000000000173e+03,1.865770959770603546e-02
-1.730039999999999964e+03,1.869881318801890416e-02
-1.729519999999999982e+03,1.874005029577391346e-02
-1.729000000000000000e+03,1.878138257475677614e-02
-1.728480000000000018e+03,1.882288641804964746e-02
-1.727960000000000036e+03,1.886446735347465861e-02
-1.727440000000000055e+03,1.890612438278751681e-02
-1.726920000000000073e+03,1.894793454728252446e-02
-1.726399999999999864e+03,1.898983933759539749e-02
-1.725879999999999882e+03,1.903185925402041054e-02
-1.725360000000000127e+03,1.907393594433327497e-02
-1.724840000000000146e+03,1.911620400882828308e-02
-1.724319999999999936e+03,1.915852938465329239e-02
-1.723799999999999955e+03,1.920104537356616056e-02
-1.723279999999999973e+03,1.924358081039116708e-02
-1.722760000000000218e+03,1.928626822837403026e-02
-1.722239999999999782e+03,1.932897560419904320e-02
-1.721720000000000027e+03,1.937191132113191133e-02
-1.721200000000000045e+03,1.941488559695692118e-02
-1.720680000000000064e+03,1.945810766145193021e-02
-1.720159999999999854e+03,1.950134901843479304e-02
-1.719639999999999873e+03,1.954472435525980364e-02
-1.719120000000000118e+03,1.958815705770481502e-02
-1.718600000000000136e+03,1.963179898701768178e-02
-1.718079999999999927e+03,1.967549889853269229e-02
-1.717559999999999945e+03,1.971935130202770101e-02
-1.717039999999999964e+03,1.976327973134057309e-02
-1.716519999999999982e+03,1.980732312385558025e-02
-1.716000000000000000e+03,1.985149969828058775e-02
-1.715480000000000018e+03,1.989581047410559841e-02
-1.714960000000000036e+03,1.994023537810846181e-02
-1.714439999999999827e+03,1.998477490962347752e-02
-1.713920000000000073e+03,2.002942898544848166e-02
-1.713400000000000091e+03,2.007418183596349631e-02
-1.712880000000000109e+03,2.011908389294636210e-02
-1.712359999999999900e+03,2.016410089679137110e-02
-1.711839999999999918e+03,2.020925144730638390e-02
-1.711320000000000164e+03,2.025445892173138862e-02
-1.710800000000000182e+03,2.029981922557640150e-02
-1.710279999999999973e+03,2.034525627609140921e-02
-1.709759999999999991e+03,2.039090277207427845e-02
-1.709240000000000009e+03,2.043656855060929298e-02
-1.708720000000000255e+03,2.048250185410430135e-02
-1.708199999999999818e+03,2.052845411594931072e-02
-1.707680000000000064e+03,2.057459704746431722e-02
-1.707160000000000082e+03,2.062077849797932724e-02
-1.706639999999999873e+03,2.066718884047433896e-02
-1.706119999999999891e+03,2.071363719133934370e-02
-1.705599999999999909e+03,2.076025798085436372e-02
-1.705080000000000155e+03,2.080695481236937219e-02
-1.704559999999999945e+03,2.085382340188437697e-02
-1.704039999999999964e+03,2.090078751941938651e-02
-1.703519999999999982e+03,2.094786532291440309e-02
-1.703000000000000000e+03,2.099507771242940801e-02
-1.702480000000000018e+03,2.104242380229441947e-02
-1.701960000000000036e+03,2.108990274478942870e-02
-1.701440000000000055e+03,2.113751622332444083e-02
-1.700920000000000073e+03,2.118528201283945492e-02
-1.700399999999999864e+03,2.123314333037446336e-02
-1.699880000000000109e+03,2.128115691988947261e-02
-1.699360000000000127e+03,2.132924709040447814e-02
-1.698839999999999918e+03,2.137750950898948885e-02
-1.698319999999999936e+03,2.142586727303664312e-02
-1.697799999999999955e+03,2.147441566255165260e-02
-1.697280000000000200e+03,2.152302138008666682e-02
-1.696759999999999764e+03,2.157179896960167986e-02
-1.696240000000000009e+03,2.162061432613668691e-02
-1.695720000000000027e+03,2.166973571565169315e-02
-1.695200000000000045e+03,2.171887607969885323e-02
-1.694679999999999836e+03,2.176820760821385897e-02
-1.694159999999999854e+03,2.181757685481887019e-02
-1.693640000000000100e+03,2.186717527235388162e-02
-1.693120000000000118e+03,2.191683050086889323e-02
-1.692599999999999909e+03,2.196673486491605015e-02
-1.692079999999999927e+03,2.201671479343105323e-02
-1.691559999999999945e+03,2.206682925798606268e-02
-1.691040000000000191e+03,2.211703879010322449e-02
-1.690519999999999982e+03,2.216741977961823179e-02
-1.690000000000000000e+03,2.221791543615323980e-02
-1.689480000000000018e+03,2.226856371118039399e-02
-1.688959999999999809e+03,2.231936534380540849e-02
-1.688440000000000055e+03,2.237031836134041260e-02
-1.687920000000000073e+03,2.242138686403756867e-02
-1.687400000000000091e+03,2.247255086759257850e-02
-1.686879999999999882e+03,2.252392462412758714e-02
-1.686359999999999900e+03,2.257541335624474454e-02
-1.685840000000000146e+03,2.262703573177975852e-02
-1.685320000000000164e+03,2.267873403482690772e-02
-1.684799999999999955e+03,2.273066159512191625e-02
-1.684279999999999973e+03,2.278266547014907301e-02
-1.683759999999999991e+03,2.283489857370408355e-02
-1.683240000000000236e+03,2.288716991575123413e-02
-1.682719999999999800e+03,2.293972724837625016e-02
-1.682200000000000045e+03,2.299230365107340565e-02
-1.681680000000000064e+03,2.304509015462841495e-02
-1.681160000000000082e+03,2.309791492574556765e-02
-1.680639999999999873e+03,2.315100702930057708e-02
-1.680119999999999891e+03,2.320417594603773129e-02
-1.679600000000000136e+03,2.325759190362274020e-02
-1.679079999999999927e+03,2.331104679268989482e-02
-1.678559999999999945e+03,2.336467409949705837e-02
-1.678039999999999964e+03,2.341841479503205953e-02
-1.677519999999999982e+03,2.347234714509921494e-02
-1.677000000000000000e+03,2.352641244439422630e-02
-1.676480000000000018e+03,2.358064990544138026e-02
-1.675960000000000036e+03,2.363504072357853342e-02
-1.675440000000000055e+03,2.368954525429568803e-02
-1.674919999999999845e+03,2.374420259685070325e-02
-1.674400000000000091e+03,2.379897491498785336e-02
-1.673880000000000109e+03,2.385395683172500739e-02
-1.673360000000000127e+03,2.390903440335002267e-02
-1.672839999999999918e+03,2.396436012008717337e-02
-1.672319999999999936e+03,2.401974313822432747e-02
-1.671800000000000182e+03,2.407535532729147484e-02
-1.671279999999999745e+03,2.413102453756649571e-02
-1.670759999999999991e+03,2.418696142663364843e-02
-1.670240000000000009e+03,2.424293607244080301e-02
-1.669720000000000027e+03,2.429919716150795439e-02
-1.669199999999999818e+03,2.435549654631510852e-02
-1.668679999999999836e+03,2.441204448240226477e-02
-1.668160000000000082e+03,2.446863032820941614e-02
-1.667640000000000100e+03,2.452550230976443396e-02
-1.667119999999999891e+03,2.458241235557158053e-02
-1.666599999999999909e+03,2.463958978363873717e-02
-1.666079999999999927e+03,2.469684454348589076e-02
-1.665560000000000173e+03,2.475426978929304994e-02
-1.665039999999999964e+03,2.481181011736019806e-02
-1.664519999999999982e+03,2.486956094918735954e-02
-1.664000000000000000e+03,2.492746363825450867e-02
-1.663480000000000018e+03,2.498559562306166063e-02
-1.662960000000000036e+03,2.504384252721882087e-02
-1.662440000000000055e+03,2.510220368295597304e-02
-1.661920000000000073e+03,2.516077531478312646e-02
-1.661399999999999864e+03,2.521946114285028226e-02
-1.660879999999999882e+03,2.527835697467743434e-02
-1.660360000000000127e+03,2.533736708750458991e-02
-1.659840000000000146e+03,2.539658756259174574e-02
-1.659319999999999936e+03,2.545590309391104408e-02
-1.658799999999999955e+03,2.551552476473819761e-02
-1.658279999999999973e+03,2.557520316749534867e-02
-1.657760000000000218e+03,2.563513002463250340e-02
-1.657239999999999782e+03,2.569505682347965336e-02
-1.656720000000000027e+03,2.575530825530681148e-02
-1.656200000000000045e+03,2.581557857690611538e-02
-1.655680000000000064e+03,2.587621170071327178e-02
-1.655159999999999854e+03,2.593686379956042232e-02
-1.654639999999999873e+03,2.599780233138757751e-02
-1.654120000000000118e+03,2.605879901965687390e-02
-1.653600000000000136e+03,2.612006222381402926e-02
-1.653079999999999927e+03,2.618140192266118355e-02
-1.652559999999999945e+03,2.624295084646833046e-02
-1.652039999999999964e+03,2.630465323473763981e-02
-1.651519999999999982e+03,2.636658453358479634e-02
-1.651000000000000000e+03,2.642864950441194821e-02
-1.650480000000000018e+03,2.649088672175122991e-02
-1.649960000000000036e+03,2.655331459292840923e-02
-1.649439999999999827e+03,2.661593331026770176e-02
-1.648920000000000073e+03,2.667872389904484692e-02
-1.648400000000000091e+03,2.674164789789200414e-02
-1.647880000000000109e+03,2.680476321523131075e-02
-1.647359999999999900e+03,2.686801192505846106e-02
-1.646839999999999918e+03,2.693150877041777108e-02
-1.646320000000000164e+03,2.699512034124491172e-02
-1.645800000000000182e+03,2.705896137262420176e-02
-1.645279999999999973e+03,2.712287754345136387e-02
-1.644759999999999991e+03,2.718717662781066496e-02
-1.644240000000000009e+03,2.725151381658782318e-02
-1.643720000000000255e+03,2.731609890094711598e-02
-1.643199999999999818e+03,2.738070321077426539e-02
-1.642680000000000064e+03,2.744572787513356593e-02
-1.642160000000000082e+03,2.751077135949287281e-02
-1.641639999999999873e+03,2.757610081634002258e-02
-1.641119999999999891e+03,2.764148810069931919e-02
-1.640599999999999909e+03,2.770718083207861573e-02
-1.640080000000000155e+03,2.777296836957577134e-02
-1.639559999999999945e+03,2.783896670095506801e-02
-1.639039999999999964e+03,2.790513690431436697e-02
-1.638519999999999982e+03,2.797155424216152264e-02
-1.638000000000000000e+03,2.803810644552082870e-02
-1.637480000000000018e+03,2.810484882988013161e-02
-1.636960000000000036e+03,2.817180166125942201e-02
-1.636440000000000055e+03,2.823894521384658074e-02
-1.635920000000000073e+03,2.830629914522586957e-02
-1.635399999999999864e+03,2.837376714858516960e-02
-1.634880000000000109e+03,2.844146407194447085e-02
-1.634360000000000127e+03,2.850931413099377226e-02
-1.633839999999999918e+03,2.857745032684093356e-02
-1.633319999999999936e+03,2.864570149722022591e-02
-1.632799999999999955e+03,2.871421952859952442e-02
-1.632280000000000200e+03,2.878277629862881909e-02
-1.631759999999999764e+03,2.885171459807812575e-02
-1.631240000000000009e+03,2.892071016845743081e-02
-1.630720000000000027e+03,2.899004956650672385e-02
-1.630200000000000045e+03,2.905940746986602347e-02
-1.629679999999999836e+03,2.912912837924531637e-02
-1.629159999999999854e+03,2.919888800636461640e-02
-1.628640000000000100e+03,2.926897177674391004e-02
-1.628120000000000118e+03,2.933913226612321068e-02
-1.627599999999999909e+03,2.940963576417250994e-02
-1.627079999999999927e+03,2.948023523455180900e-02
-1.626559999999999945e+03,2.955110170067110770e-02
-1.626040000000000191e+03,2.962212121807040674e-02
-1.625519999999999982e+03,2.969340778809969814e-02
-1.625000000000000000e+03,2.976484672654900604e-02
-1.624480000000000018e+03,2.983649689046045592e-02
-1.623959999999999809e+03,2.990833692750975367e-02
-1.623440000000000055e+03,2.998034918390905107e-02
-1.622920000000000073e+03,3.005260941102834080e-02
-1.622400000000000091e+03,3.012504189509763314e-02
-1.621879999999999882e+03,3.019774125098909426e-02
-1.621359999999999900e+03,3.027059346412838692e-02
-1.620840000000000146e+03,3.034373177350768030e-02
-1.620320000000000164e+03,3.041694685757698191e-02
-1.619799999999999955e+03,3.049050608955843067e-02
-1.619279999999999973e+03,3.056414099858772646e-02
-1.618759999999999991e+03,3.063813871172702680e-02
-1.618240000000000236e+03,3.071219401463846574e-02
-1.617719999999999800e+03,3.078661192777777320e-02
-1.617200000000000045e+03,3.086104897886705889e-02
-1.616680000000000064e+03,3.093594383475850584e-02
-1.616160000000000082e+03,3.101087694789780511e-02
-1.615639999999999873e+03,3.108613561747924220e-02
-1.615119999999999891e+03,3.116146980294854513e-02
-1.614600000000000136e+03,3.123714767252998986e-02
-1.614079999999999927e+03,3.131294032466928889e-02
-1.613559999999999945e+03,3.138903835525073266e-02
-1.613039999999999964e+03,3.146526977972003564e-02
-1.612519999999999982e+03,3.154178804930147378e-02
-1.612000000000000000e+03,3.161849700144077346e-02
-1.611480000000000018e+03,3.169547404606221780e-02
-1.610960000000000036e+03,3.177264089820151099e-02
-1.610440000000000055e+03,3.184999906918295487e-02
-1.609919999999999845e+03,3.192760553876439894e-02
-1.609400000000000091e+03,3.200542213792369889e-02
-1.608880000000000109e+03,3.208348653552513946e-02
-1.608360000000000127e+03,3.216166553417658391e-02
-1.607839999999999918e+03,3.224024617233589574e-02
-1.607319999999999936e+03,3.231894084191733185e-02
-1.606800000000000182e+03,3.239796027956877433e-02
-1.606279999999999745e+03,3.247701772419022553e-02
-1.605759999999999991e+03,3.255651428765950900e-02
-1.605240000000000009e+03,3.263604923333095209e-02
-1.604720000000000027e+03,3.271600441695239614e-02
-1.604199999999999818e+03,3.279599695460384823e-02
-1.603679999999999836e+03,3.287641053927528589e-02
-1.603160000000000082e+03,3.295689935843458540e-02
-1.602640000000000100e+03,3.303775170270602940e-02
-1.602119999999999891e+03,3.311869958737747449e-02
-1.601599999999999909e+03,3.320000993906890852e-02
-1.601079999999999927e+03,3.328145407672036121e-02
-1.600560000000000173e+03,3.336324186034180656e-02
-1.600039999999999964e+03,3.344518294501323818e-02
-1.599519999999999982e+03,3.352739042968467392e-02
-1.599000000000000000e+03,3.360980858137612576e-02
-1.598480000000000018e+03,3.369247446604756863e-02
-1.597960000000000036e+03,3.377540831633901036e-02
-1.597440000000000055e+03,3.385855170101045863e-02
-1.596920000000000073e+03,3.394198165270190248e-02
-1.596399999999999864e+03,3.402560493737334657e-02
-1.595879999999999882e+03,3.410955058906478543e-02
-1.595360000000000127e+03,3.419362978691838084e-02
-1.594840000000000146e+03,3.427807188562981972e-02
-1.594319999999999936e+03,3.436262770825126295e-02
-1.593799999999999955e+03,3.444752783192270990e-02
-1.593279999999999973e+03,3.453250391128414448e-02
-1.592760000000000218e+03,3.461795812848774551e-02
-1.592239999999999782e+03,3.470344988017918381e-02
-1.591720000000000027e+03,3.478940040656062355e-02
-1.591200000000000045e+03,3.487540786923206543e-02
-1.590680000000000064e+03,3.496189269510564801e-02
-1.590159999999999854e+03,3.504845393281708771e-02
-1.589639999999999873e+03,3.513535890350853730e-02
-1.589120000000000118e+03,3.522237856838212472e-02
-1.588600000000000136e+03,3.530979876709356563e-02
-1.588079999999999927e+03,3.539737180394714883e-02
-1.587559999999999945e+03,3.548527004165859949e-02
-1.587039999999999964e+03,3.557337790704002967e-02
-1.586519999999999982e+03,3.566179118133363385e-02
-1.586000000000000000e+03,3.575043297167507239e-02
-1.585480000000000018e+03,3.583932425589866216e-02
-1.584960000000000036e+03,3.592848216028010633e-02
-1.584439999999999827e+03,3.601790774450368271e-02
-1.583920000000000073e+03,3.610763845639727854e-02
-1.583400000000000091e+03,3.619757886608871572e-02
-1.582880000000000109e+03,3.628782531698229730e-02
-1.582359999999999900e+03,3.637824331143375139e-02
-1.581839999999999918e+03,3.646904359565732862e-02
-1.581320000000000164e+03,3.655997714655092462e-02
-1.580800000000000182e+03,3.665129235093237542e-02
-1.580279999999999973e+03,3.674270333515596010e-02
-1.579759999999999991e+03,3.683463046213954900e-02
-1.579240000000000009e+03,3.692661451303312636e-02
-1.578720000000000255e+03,3.701905608974457446e-02
-1.578199999999999818e+03,3.711153658765815877e-02
-1.577680000000000064e+03,3.720455156762175059e-02
-1.577160000000000082e+03,3.729764291851533908e-02
-1.576639999999999873e+03,3.739113521642892235e-02
-1.576119999999999891e+03,3.748476102221037082e-02
-1.575599999999999909e+03,3.757882635912395547e-02
-1.575080000000000155e+03,3.767304411001753950e-02
-1.574559999999999945e+03,3.776762467600112277e-02
-1.574039999999999964e+03,3.786241527391471379e-02
-1.573519999999999982e+03,3.795753076380830454e-02
-1.573000000000000000e+03,3.805289439079188873e-02
-1.572480000000000018e+03,3.814858272770547259e-02
-1.571960000000000036e+03,3.824455712170906491e-02
-1.571440000000000055e+03,3.834076028393264973e-02
-1.570920000000000073e+03,3.843728854991624450e-02
-1.570399999999999864e+03,3.853402688682983773e-02
-1.569880000000000109e+03,3.863114725281341366e-02
-1.569360000000000127e+03,3.872845846425914534e-02
-1.568839999999999918e+03,3.882615135791273042e-02
-1.568319999999999936e+03,3.892399703382632553e-02
-1.567799999999999955e+03,3.902230059980991289e-02
-1.567280000000000200e+03,3.912070016474349793e-02
-1.566759999999999764e+03,3.921963476325922293e-02
-1.566240000000000009e+03,3.931860733917282025e-02
-1.565720000000000027e+03,3.941817103317640097e-02
-1.565200000000000045e+03,3.951775465560213030e-02
-1.564679999999999836e+03,3.961783440760572456e-02
-1.564159999999999854e+03,3.971800986827932201e-02
-1.563640000000000100e+03,3.981870079070504859e-02
-1.563120000000000118e+03,3.991952494270863128e-02
-1.562599999999999909e+03,4.002074987571221237e-02
-1.562079999999999927e+03,4.012216647282794424e-02
-1.561559999999999945e+03,4.022402220583153748e-02
-1.561040000000000191e+03,4.032606914334725678e-02
-1.560519999999999982e+03,4.042845902197085561e-02
-1.560000000000000000e+03,4.053111631246658630e-02
-1.559480000000000018e+03,4.063411739249017662e-02
-1.558959999999999809e+03,4.073742442860590202e-02
-1.558440000000000055e+03,4.084099889414163215e-02
-1.557920000000000073e+03,4.094497354614521495e-02
-1.557400000000000091e+03,4.104917783935094905e-02
-1.556879999999999882e+03,4.115376357686668929e-02
-1.556359999999999900e+03,4.125855959449026972e-02
-1.555840000000000146e+03,4.136377616002600427e-02
-1.555320000000000164e+03,4.146912596421173380e-02
-1.554799999999999955e+03,4.157501018323531833e-02
-1.554279999999999973e+03,4.168099027644105864e-02
-1.553759999999999991e+03,4.178750461395677740e-02
-1.553240000000000236e+03,4.189405724616251242e-02
-1.552719999999999800e+03,4.200129779771823862e-02
-1.552200000000000045e+03,4.210857613383398035e-02
-1.551680000000000064e+03,4.221638901952756706e-02
-1.551160000000000082e+03,4.232429757108329554e-02
-1.550639999999999873e+03,4.243272150328902814e-02
-1.550119999999999891e+03,4.254131768251476209e-02
-1.549600000000000136e+03,4.265037185903049893e-02
-1.549079999999999927e+03,4.275963603825622128e-02
-1.548559999999999945e+03,4.286932007046195814e-02
-1.548039999999999964e+03,4.297925274968768250e-02
-1.547519999999999982e+03,4.308956744024342034e-02
-1.547000000000000000e+03,4.320018721896129454e-02
-1.546480000000000018e+03,4.331113176625703276e-02
-1.545960000000000036e+03,4.342242001746276364e-02
-1.545440000000000055e+03,4.353399483568849010e-02
-1.544919999999999845e+03,4.364598932624422223e-02
-1.544400000000000091e+03,4.375823214446995790e-02
-1.543880000000000109e+03,4.387091460920782698e-02
-1.543360000000000127e+03,4.398380682743356640e-02
-1.542839999999999918e+03,4.409719567472929896e-02
-1.542319999999999936e+03,4.421075573946717241e-02
-1.541800000000000182e+03,4.432485075769290045e-02
-1.541279999999999745e+03,4.443904165095863973e-02
-1.540759999999999991e+03,4.455386285469651458e-02
-1.540240000000000009e+03,4.466872140199224656e-02
-1.539720000000000027e+03,4.478426790623796921e-02
-1.539199999999999818e+03,4.489987170997584986e-02
-1.538679999999999836e+03,4.501602909627158006e-02
-1.538160000000000082e+03,4.513232030802944578e-02
-1.537640000000000100e+03,4.524922244029518092e-02
-1.537119999999999891e+03,4.536627740077306403e-02
-1.536599999999999909e+03,4.548380969053093803e-02
-1.536079999999999927e+03,4.560157094775667275e-02
-1.535560000000000173e+03,4.571982902758454925e-02
-1.535039999999999964e+03,4.583833540636242376e-02
-1.534519999999999982e+03,4.595722297727815320e-02
-1.534000000000000000e+03,4.607645519610602258e-02
-1.533480000000000018e+03,4.619606837488391543e-02
-1.532960000000000036e+03,4.631606377486963827e-02
-1.532440000000000055e+03,4.643636506462752583e-02
-1.531920000000000073e+03,4.655708611147539588e-02
-1.531399999999999864e+03,4.667807502890326810e-02
-1.530879999999999882e+03,4.679955957575113873e-02
-1.530360000000000127e+03,4.692127376550901674e-02
-1.529840000000000146e+03,4.704356051200689337e-02
-1.529319999999999936e+03,4.716600005936263940e-02
-1.528799999999999955e+03,4.728901261579050719e-02
-1.528279999999999973e+03,4.741213976263838892e-02
-1.527760000000000218e+03,4.753593526608625858e-02
-1.527239999999999782e+03,4.765980685193413335e-02
-1.526720000000000027e+03,4.778438581998414869e-02
-1.526200000000000045e+03,4.790903994874202293e-02
-1.525680000000000064e+03,4.803434440927989435e-02
-1.525159999999999854e+03,4.815978204179778566e-02
-1.524639999999999873e+03,4.828577308459565398e-02
-1.524120000000000118e+03,4.841195529811353343e-02
-1.523600000000000136e+03,4.853874903063140622e-02
-1.523079999999999927e+03,4.866575274901142889e-02
-1.522559999999999945e+03,4.879327178047930536e-02
-1.522039999999999964e+03,4.892107685199718198e-02
-1.521519999999999982e+03,4.904932155904719038e-02
-1.521000000000000000e+03,4.917792883091507555e-02
-1.520480000000000018e+03,4.930695633045296261e-02
-1.519960000000000036e+03,4.943638527650296571e-02
-1.519439999999999827e+03,4.956613836597086042e-02
-1.518920000000000073e+03,4.969638811202086587e-02
-1.518400000000000091e+03,4.982694265055873789e-02
-1.517880000000000109e+03,4.995801641595876835e-02
-1.517359999999999900e+03,5.008929725449664389e-02
-1.516839999999999918e+03,5.022120854756665503e-02
-1.516320000000000164e+03,5.035332928610453812e-02
-1.515800000000000182e+03,5.048606141817455623e-02
-1.515279999999999973e+03,5.061890776422458410e-02
-1.514759999999999991e+03,5.075244174978245371e-02
-1.514240000000000009e+03,5.088601428185247910e-02
-1.513720000000000255e+03,5.102042678059250103e-02
-1.513199999999999818e+03,5.115491576564252379e-02
-1.512680000000000064e+03,5.129016775120038424e-02
-1.512160000000000082e+03,5.142553472227040512e-02
-1.511639999999999873e+03,5.156151335434043526e-02
-1.511119999999999891e+03,5.169770165448044075e-02
-1.510599999999999909e+03,5.183450150024045827e-02
-1.510080000000000155e+03,5.197156833231048045e-02
-1.509559999999999945e+03,5.210916950338050774e-02
-1.509039999999999964e+03,5.224707630247053119e-02
-1.508519999999999982e+03,5.238546097730055473e-02
-1.508000000000000000e+03,5.252426498737056831e-02
-1.507480000000000018e+03,5.266354645844057575e-02
-1.506960000000000036e+03,5.280324853222061882e-02
-1.506440000000000055e+03,5.294329357136062092e-02
-1.505920000000000073e+03,5.308385515612063649e-02
-1.505399999999999864e+03,5.322468360223064909e-02
-1.504880000000000109e+03,5.336616151555283183e-02
-1.504360000000000127e+03,5.350788767264285511e-02
-1.503839999999999918e+03,5.365026278542286281e-02
-1.503319999999999936e+03,5.379282887158289006e-02
-1.502799999999999955e+03,5.393612116987504812e-02
-1.502280000000000200e+03,5.407950855603507745e-02
-1.501759999999999764e+03,5.422369801532724715e-02
-1.501240000000000009e+03,5.436794446815728515e-02
-1.500720000000000027e+03,5.451306949226727983e-02
-1.500200000000000045e+03,5.465827075260946272e-02
-1.499679999999999836e+03,5.480423605140946619e-02
-1.499159999999999854e+03,5.495033502308161594e-02
-1.498640000000000100e+03,5.509713987486164477e-02
-1.498120000000000118e+03,5.524415558824381095e-02
-1.497599999999999909e+03,5.539183935851599294e-02
-1.497079999999999927e+03,5.553980968638599913e-02
-1.496559999999999945e+03,5.568839122507815431e-02
-1.496040000000000191e+03,5.583731638137032910e-02
-1.495519999999999982e+03,5.598677635575248501e-02
-1.495000000000000000e+03,5.613667497560251296e-02
-1.494480000000000018e+03,5.628701305991468118e-02
-1.493959999999999809e+03,5.643786734527686533e-02
-1.493440000000000055e+03,5.658910265865901845e-02
-1.492920000000000073e+03,5.674091151104116576e-02
-1.492400000000000091e+03,5.689302539535334713e-02
-1.491879999999999882e+03,5.704582690873549744e-02
-1.491359999999999900e+03,5.719889620813765896e-02
-1.490840000000000146e+03,5.735267136051983017e-02
-1.490320000000000164e+03,5.750661844057201183e-02
-1.489799999999999955e+03,5.766138679295415570e-02
-1.489279999999999973e+03,5.781628916328632878e-02
-1.488759999999999991e+03,5.797203111566850281e-02
-1.488240000000000236e+03,5.812783071507064692e-02
-1.487719999999999800e+03,5.828456624214281567e-02
-1.487200000000000045e+03,5.844137818003711932e-02
-1.486680000000000064e+03,5.859904911843929337e-02
-1.486160000000000082e+03,5.875687284551147499e-02
-1.485639999999999873e+03,5.891547918391361327e-02
-1.485119999999999891e+03,5.907433434947793188e-02
-1.484600000000000136e+03,5.923387658788008964e-02
-1.484079999999999927e+03,5.939374390081442190e-02
-1.483559999999999945e+03,5.955422198197656003e-02
-1.483039999999999964e+03,5.971512016689089347e-02
-1.482519999999999982e+03,5.987661017196304475e-02
-1.482000000000000000e+03,6.003853931256734194e-02
-1.481480000000000018e+03,6.020096553698951053e-02
-1.480960000000000036e+03,6.036390698857382886e-02
-1.480440000000000055e+03,6.052728776957814333e-02
-1.479919999999999845e+03,6.069131742167028359e-02
-1.479400000000000091e+03,6.085572944829460706e-02
-1.478880000000000109e+03,6.102080961120892599e-02
-1.478360000000000127e+03,6.118615756690323065e-02
-1.477839999999999918e+03,6.135228775799537321e-02
-1.477319999999999936e+03,6.151862892361970037e-02
-1.476800000000000182e+03,6.168588600427400703e-02
-1.476279999999999745e+03,6.185327664222831784e-02
-1.475759999999999991e+03,6.202154625592264797e-02
-1.475240000000000009e+03,6.218991056054694322e-02
-1.474720000000000027e+03,6.235928762617124615e-02
-1.474199999999999818e+03,6.252875969284553415e-02
-1.473679999999999836e+03,6.269912949746986319e-02
-1.473160000000000082e+03,6.286967157818415530e-02
-1.472640000000000100e+03,6.304109185478849742e-02
-1.472119999999999891e+03,6.321276033550277118e-02
-1.471599999999999909e+03,6.338523051570925382e-02
-1.471079999999999927e+03,6.355800679502353334e-02
-1.470560000000000173e+03,6.373146980069784029e-02
-1.470039999999999964e+03,6.390537283785430178e-02
-1.469519999999999982e+03,6.407992441856862065e-02
-1.469000000000000000e+03,6.425497313828293366e-02
-1.468480000000000018e+03,6.443057560310937182e-02
-1.467960000000000036e+03,6.460673162282368209e-02
-1.467440000000000055e+03,6.478330768905013470e-02
-1.466920000000000073e+03,6.496060923643444396e-02
-1.466399999999999864e+03,6.513829307359088328e-02
-1.465879999999999882e+03,6.531676007932521455e-02
-1.465360000000000127e+03,6.549555127322168047e-02
-1.464840000000000146e+03,6.567516412546811622e-02
-1.464319999999999936e+03,6.585498591185243167e-02
-1.463799999999999955e+03,6.603576386409887311e-02
-1.463279999999999973e+03,6.621669379594533056e-02
-1.462760000000000218e+03,6.639865497586179555e-02
-1.462239999999999782e+03,6.658071128159609442e-02
-1.461720000000000027e+03,6.676383810051256251e-02
-1.461200000000000045e+03,6.694707901942900663e-02
-1.460680000000000064e+03,6.713129349969546023e-02
-1.460159999999999854e+03,6.731571811861190857e-02
-1.459639999999999873e+03,6.750110063752837175e-02
-1.459120000000000118e+03,6.768674771353483388e-02
-1.458600000000000136e+03,6.787315824378127582e-02
-1.458079999999999927e+03,6.805997058424988200e-02
-1.457559999999999945e+03,6.824758444216633135e-02
-1.457039999999999964e+03,6.843565618910277260e-02
-1.456519999999999982e+03,6.862437769403925691e-02
-1.456000000000000000e+03,6.881365315606570443e-02
-1.455480000000000018e+03,6.900350106049429888e-02
-1.454960000000000036e+03,6.919401753245071895e-02
-1.454439999999999827e+03,6.938503088389932905e-02
-1.453920000000000073e+03,6.957678834592578854e-02
-1.453400000000000091e+03,6.976894741788224052e-02
-1.452880000000000109e+03,6.996194670833082163e-02
-1.452359999999999900e+03,7.015525083702729703e-02
-1.451839999999999918e+03,7.034952935549586284e-02
-1.451320000000000164e+03,7.054403745005446980e-02
-1.450800000000000182e+03,7.073961389399092969e-02
-1.450279999999999973e+03,7.093532497912953538e-02
-1.449759999999999991e+03,7.113214371268813951e-02
-1.449240000000000009e+03,7.132903843166457647e-02
-1.448720000000000255e+03,7.152711694587318703e-02
-1.448199999999999818e+03,7.172531037943179200e-02
-1.447680000000000064e+03,7.192453525059037955e-02
-1.447160000000000082e+03,7.212398878414898185e-02
-1.446639999999999873e+03,7.232451191630757947e-02
-1.446119999999999891e+03,7.252534068886615226e-02
-1.445599999999999909e+03,7.272700938909476553e-02
-1.445080000000000155e+03,7.292911786025337018e-02
-1.444559999999999945e+03,7.313204663281196172e-02
-1.444039999999999964e+03,7.333547288006056486e-02
-1.443519999999999982e+03,7.353960498028914994e-02
-1.443000000000000000e+03,7.374438724106989473e-02
-1.442480000000000018e+03,7.394981762355849753e-02
-1.441960000000000036e+03,7.415593597080709365e-02
-1.441440000000000055e+03,7.436258950356783304e-02
-1.440920000000000073e+03,7.457004495683645928e-02
-1.440399999999999864e+03,7.477793914308504541e-02
-1.439880000000000109e+03,7.498673137584577209e-02
-1.439360000000000127e+03,7.519588572911437008e-02
-1.438839999999999918e+03,7.540609090087511956e-02
-1.438319999999999936e+03,7.561654451514372710e-02
-1.437799999999999955e+03,7.582810528690443752e-02
-1.437280000000000200e+03,7.603980063370519016e-02
-1.436759999999999764e+03,7.625281219795379539e-02
-1.436240000000000009e+03,7.646592047242452284e-02
-1.435720000000000027e+03,7.668019298318529131e-02
-1.435200000000000045e+03,7.689461919805604118e-02
-1.434679999999999836e+03,7.711024768385675576e-02
-1.434159999999999854e+03,7.732612496930750534e-02
-1.433640000000000100e+03,7.754307135510825344e-02
-1.433120000000000118e+03,7.776036104090899848e-02
-1.432599999999999909e+03,7.797866312244973452e-02
-1.432079999999999927e+03,7.819740441923045404e-02
-1.431559999999999945e+03,7.841700527170122892e-02
-1.431040000000000191e+03,7.863715987259196905e-02
-1.430519999999999982e+03,7.885805902506269616e-02
-1.430000000000000000e+03,7.907964615362343686e-02
-1.429480000000000018e+03,7.930192036393633737e-02
-1.428959999999999809e+03,7.952499679249706854e-02
-1.428440000000000055e+03,7.974866533098780297e-02
-1.427920000000000073e+03,7.997321231739067116e-02
-1.427400000000000091e+03,8.019819825588143936e-02
-1.426879999999999882e+03,8.042421550895434423e-02
-1.426359999999999900e+03,8.065059574744505577e-02
-1.425840000000000146e+03,8.087810232853794024e-02
-1.425320000000000164e+03,8.110585733509867445e-02
-1.424799999999999955e+03,8.133485400612157357e-02
-1.424279999999999973e+03,8.156402275919447109e-02
-1.423759999999999991e+03,8.179454698730734274e-02
-1.423240000000000236e+03,8.202518597988808779e-02
-1.422719999999999800e+03,8.225716140389094377e-02
-1.422200000000000045e+03,8.248932777100384528e-02
-1.421680000000000064e+03,8.272271651009674431e-02
-1.421160000000000082e+03,8.295639180487962561e-02
-1.420639999999999873e+03,8.319119398297253332e-02
-1.420119999999999891e+03,8.342641585008540861e-02
-1.419600000000000136e+03,8.366268860286830977e-02
-1.419079999999999927e+03,8.389947620898118019e-02
-1.418559999999999945e+03,8.413720038060620854e-02
-1.418039999999999964e+03,8.437553511438911080e-02
-1.417519999999999982e+03,8.461469096752197161e-02
-1.417000000000000000e+03,8.485457318732488041e-02
-1.416480000000000018e+03,8.509519971192988641e-02
-1.415960000000000036e+03,8.533668533173277559e-02
-1.415440000000000055e+03,8.557880162711782590e-02
-1.414919999999999845e+03,8.582189161925068976e-02
-1.414400000000000091e+03,8.606552007158574380e-02
-1.413880000000000109e+03,8.631021399138862071e-02
-1.413360000000000127e+03,8.655532802577364793e-02
-1.412839999999999918e+03,8.680162655043867359e-02
-1.412319999999999936e+03,8.704819230924154549e-02
-1.411800000000000182e+03,8.729615209064658932e-02
-1.411279999999999745e+03,8.754430288198163101e-02
-1.410759999999999991e+03,8.779384797331665768e-02
-1.410240000000000009e+03,8.804352675472167100e-02
-1.409720000000000027e+03,8.829469484605671770e-02
-1.409199999999999818e+03,8.854603490546175681e-02
-1.408679999999999836e+03,8.879873108155678096e-02
-1.408160000000000082e+03,8.905173231189181249e-02
-1.407640000000000100e+03,8.930597487931683787e-02
-1.407119999999999891e+03,8.956065693767185920e-02
-1.406599999999999909e+03,8.981648521827906295e-02
-1.406079999999999927e+03,9.007286706370407070e-02
-1.405560000000000173e+03,9.033024159814909138e-02
-1.405039999999999964e+03,9.058834228868627159e-02
-1.404519999999999982e+03,9.084734036213132358e-02
-1.404000000000000000e+03,9.110712138173848729e-02
-1.403480000000000018e+03,9.136764695518351242e-02
-1.402960000000000036e+03,9.162914700281070413e-02
-1.402440000000000055e+03,9.189135326192571229e-02
-1.401920000000000073e+03,9.215459089181289587e-02
-1.401399999999999864e+03,9.241834462546007212e-02
-1.400879999999999882e+03,9.268332025910723526e-02
-1.400360000000000127e+03,9.294869611771437723e-02
-1.399840000000000146e+03,9.321544724524945258e-02
-1.399319999999999936e+03,9.348250481789661948e-02
-1.398799999999999955e+03,9.375101349054379418e-02
-1.398279999999999973e+03,9.401969391021096356e-02
-1.397760000000000218e+03,9.428995878285813259e-02
-1.397239999999999782e+03,9.456033914101745486e-02
-1.396720000000000027e+03,9.483236158975463792e-02
-1.396200000000000045e+03,9.510457507609181016e-02
-1.395680000000000064e+03,9.537822068773897655e-02
-1.395159999999999854e+03,9.565222948900831135e-02
-1.394639999999999873e+03,9.592759344767548546e-02
-1.394120000000000118e+03,9.620343497301266089e-02
-1.393600000000000136e+03,9.648046154626198356e-02
-1.393079999999999927e+03,9.675811791896915537e-02
-1.392559999999999945e+03,9.703682435888848212e-02
-1.392039999999999964e+03,9.731631415008779040e-02
-1.391519999999999982e+03,9.759679607151497405e-02
-1.391000000000000000e+03,9.787815722938426888e-02
-1.390480000000000018e+03,9.816032061667362418e-02
-1.389960000000000036e+03,9.844351490361293033e-02
-1.389439999999999827e+03,9.872747322850222718e-02
-1.388920000000000073e+03,9.901255845479156603e-02
-1.388400000000000091e+03,9.929821618073088330e-02
-1.387880000000000109e+03,9.958521043469018008e-02
-1.387359999999999900e+03,9.987264483566950235e-02
-1.386839999999999918e+03,1.001617209995588204e-01
-1.386320000000000164e+03,1.004511413115181662e-01
-1.385800000000000182e+03,1.007415734514974931e-01
-1.385279999999999973e+03,1.010321014379889359e-01
-1.384759999999999991e+03,1.013251694169682443e-01
-1.384240000000000009e+03,1.016183900034597354e-01
-1.383720000000000255e+03,1.019131001101090256e-01
-1.383199999999999818e+03,1.022080013826204975e-01
-1.382680000000000064e+03,1.025042772296698296e-01
-1.382160000000000082e+03,1.028009930021812762e-01
-1.381639999999999873e+03,1.030993506223627509e-01
-1.381119999999999891e+03,1.033981670873620473e-01
-1.380599999999999909e+03,1.036981098265435108e-01
-1.380080000000000155e+03,1.039987975061250208e-01
-1.379559999999999945e+03,1.043008221733264518e-01
-1.379039999999999964e+03,1.046035342985279226e-01
-1.378519999999999982e+03,1.049071246781093786e-01
-1.378000000000000000e+03,1.052118261703308966e-01
-1.377480000000000018e+03,1.055174979775822808e-01
-1.376960000000000036e+03,1.058241251698037594e-01
-1.376440000000000055e+03,1.061313634376074150e-01
-1.375920000000000073e+03,1.064403776018088554e-01
-1.375399999999999864e+03,1.067502317344303508e-01
-1.374880000000000109e+03,1.070608889299039246e-01
-1.374360000000000127e+03,1.073717935331054141e-01
-1.373839999999999918e+03,1.076848566869289953e-01
-1.373319999999999936e+03,1.079983966862204797e-01
-1.372799999999999955e+03,1.083133316400440721e-01
-1.372280000000000200e+03,1.086284194037976936e-01
-1.371759999999999764e+03,1.089455690242912833e-01
-1.371240000000000009e+03,1.092628334096027581e-01
-1.370720000000000027e+03,1.095815874300963555e-01
-1.370200000000000045e+03,1.099006852619199420e-01
-1.369679999999999836e+03,1.102220558684335466e-01
-1.369159999999999854e+03,1.105437508002571761e-01
-1.368640000000000100e+03,1.108666680457707776e-01
-1.368120000000000118e+03,1.111902158991465578e-01
-1.367599999999999909e+03,1.115152341446601497e-01
-1.367079999999999927e+03,1.118410159582437641e-01
-1.366559999999999945e+03,1.121681347317773358e-01
-1.366040000000000191e+03,1.124959409628031176e-01
-1.365519999999999982e+03,1.128246258223567083e-01
-1.365000000000000000e+03,1.131546667824524510e-01
-1.364480000000000018e+03,1.134859678420060553e-01
-1.363959999999999809e+03,1.138181860881218449e-01
-1.363440000000000055e+03,1.141510532331875549e-01
-1.362920000000000073e+03,1.144856776073233523e-01
-1.362400000000000091e+03,1.148211610778569619e-01
-1.361879999999999882e+03,1.151578096186626904e-01
-1.361359999999999900e+03,1.154948595497484604e-01
-1.360840000000000146e+03,1.158336281905541915e-01
-1.360320000000000164e+03,1.161727786507099902e-01
-1.359799999999999955e+03,1.165142779484657221e-01
-1.359279999999999973e+03,1.168560258941335889e-01
-1.358759999999999991e+03,1.171993206209593213e-01
-1.358240000000000236e+03,1.175427490591150620e-01
-1.357719999999999800e+03,1.178881635794729876e-01
-1.357200000000000045e+03,1.182339408162287608e-01
-1.356680000000000064e+03,1.185819530036066188e-01
-1.356160000000000082e+03,1.189303086554523992e-01
-1.355639999999999873e+03,1.192799056538103031e-01
-1.355119999999999891e+03,1.196302476092582084e-01
-1.354600000000000136e+03,1.199824604611039319e-01
-1.354079999999999927e+03,1.203352466874818699e-01
-1.353559999999999945e+03,1.206890073718597522e-01
-1.353039999999999964e+03,1.210439514372376180e-01
-1.352519999999999982e+03,1.214003283783555431e-01
-1.352000000000000000e+03,1.217578126297533814e-01
-1.351480000000000018e+03,1.221162900811513102e-01
-1.350960000000000036e+03,1.224763337612692349e-01
-1.350440000000000055e+03,1.228374272591792465e-01
-1.349919999999999845e+03,1.231995718242671206e-01
-1.349400000000000091e+03,1.235622316179171981e-01
-1.348880000000000109e+03,1.239268586844051029e-01
-1.348360000000000127e+03,1.242921354960051239e-01
-1.347839999999999918e+03,1.246591496291630102e-01
-1.347319999999999936e+03,1.250265298797630653e-01
-1.346800000000000182e+03,1.253962555594330952e-01
-1.346279999999999745e+03,1.257662301066309607e-01
-1.345759999999999991e+03,1.261377703253010740e-01
-1.345240000000000009e+03,1.265095018909911107e-01
-1.344720000000000027e+03,1.268841748566811589e-01
-1.344199999999999818e+03,1.272590765603211493e-01
-1.343679999999999836e+03,1.276353338926811964e-01
-1.343160000000000082e+03,1.280121454719033991e-01
-1.342640000000000100e+03,1.283910002916834048e-01
-1.342119999999999891e+03,1.287704855910634660e-01
-1.341599999999999909e+03,1.291514417563056349e-01
-1.341079999999999927e+03,1.295333711746856908e-01
-1.340560000000000173e+03,1.299169244789278865e-01
-1.340039999999999964e+03,1.303016616933979077e-01
-1.339519999999999982e+03,1.306878506723301026e-01
-1.339000000000000000e+03,1.310751275432422425e-01
-1.338480000000000018e+03,1.314633979512445094e-01
-1.337960000000000036e+03,1.318529286616645368e-01
-1.337440000000000055e+03,1.322432992616467129e-01
-1.336920000000000073e+03,1.326354277655988623e-01
-1.336399999999999864e+03,1.330283961981131857e-01
-1.335879999999999882e+03,1.334233697550454290e-01
-1.335360000000000127e+03,1.338189549550875823e-01
-1.334840000000000146e+03,1.342162777547797614e-01
-1.334319999999999936e+03,1.346139633972240623e-01
-1.333799999999999955e+03,1.350140170639363146e-01
-1.333279999999999973e+03,1.354143196294906315e-01
-1.332760000000000218e+03,1.358166844352027836e-01
-1.332239999999999782e+03,1.362192781927371310e-01
-1.331720000000000027e+03,1.366247941919814246e-01
-1.331200000000000045e+03,1.370306157912257738e-01
-1.330680000000000064e+03,1.374382128439579631e-01
-1.330159999999999854e+03,1.378462877265122510e-01
-1.329639999999999873e+03,1.382559861647566224e-01
-1.329120000000000118e+03,1.386666398256030663e-01
-1.328600000000000136e+03,1.390794700775374315e-01
-1.328079999999999927e+03,1.394930835547817660e-01
-1.327559999999999945e+03,1.399080148081160990e-01
-1.327039999999999964e+03,1.403243596929325543e-01
-1.326519999999999982e+03,1.407424228838668467e-01
-1.326000000000000000e+03,1.411616133227133751e-01
-1.325480000000000018e+03,1.415817586071798362e-01
-1.324960000000000036e+03,1.420035075135541447e-01
-1.324439999999999827e+03,1.424262690660906272e-01
-1.323920000000000073e+03,1.428508260565770904e-01
-1.323400000000000091e+03,1.432762038204435928e-01
-1.322880000000000109e+03,1.437035871400000331e-01
-1.322359999999999900e+03,1.441315815065765393e-01
-1.321839999999999918e+03,1.445613330841329924e-01
-1.321320000000000164e+03,1.449914088897094611e-01
-1.320800000000000182e+03,1.454243911807980572e-01
-1.320279999999999973e+03,1.458576180253745580e-01
-1.319759999999999991e+03,1.462934431911531996e-01
-1.319240000000000009e+03,1.467294581747296545e-01
-1.318720000000000255e+03,1.471679000128382764e-01
-1.318199999999999818e+03,1.476067422101047244e-01
-1.317680000000000064e+03,1.480477993162833683e-01
-1.317160000000000082e+03,1.484894494070819748e-01
-1.316639999999999873e+03,1.489331232788805859e-01
-1.316119999999999891e+03,1.493777525100792036e-01
-1.315599999999999909e+03,1.498245586678978447e-01
-1.315080000000000155e+03,1.502721670267664345e-01
-1.314559999999999945e+03,1.507210740700971885e-01
-1.314039999999999964e+03,1.511714136149858445e-01
-1.313519999999999982e+03,1.516234527408744093e-01
-1.313000000000000000e+03,1.520768863702252338e-01
-1.312480000000000018e+03,1.525315415427838384e-01
-1.311960000000000036e+03,1.529878015402045821e-01
-1.311440000000000055e+03,1.534450542376253335e-01
-1.310920000000000073e+03,1.539044847097360835e-01
-1.310399999999999864e+03,1.543648887541768655e-01
-1.309880000000000109e+03,1.548272980182676395e-01
-1.309360000000000127e+03,1.552902997573984145e-01
-1.308839999999999918e+03,1.557555360268591538e-01
-1.308319999999999936e+03,1.562211539379699254e-01
-1.307799999999999955e+03,1.566891975311906771e-01
-1.307280000000000200e+03,1.571574318748336085e-01
-1.306759999999999764e+03,1.576287983499643497e-01
-1.306240000000000009e+03,1.581004134896972779e-01
-1.305720000000000027e+03,1.585749313670301586e-01
-1.305200000000000045e+03,1.590497739182509251e-01
-1.304679999999999836e+03,1.595263735149338447e-01
-1.304159999999999854e+03,1.600038136073567430e-01
-1.303640000000000100e+03,1.604840799721096445e-01
-1.303120000000000118e+03,1.609651485744625354e-01
-1.302599999999999909e+03,1.614480315529054355e-01
-1.302079999999999927e+03,1.619319077031705079e-01
-1.301559999999999945e+03,1.624174069206133775e-01
-1.301040000000000191e+03,1.629043386380563396e-01
-1.300519999999999982e+03,1.633929704880313638e-01
-1.300000000000000000e+03,1.638832828190064372e-01
-1.299480000000000018e+03,1.643750462501393506e-01
-1.298959999999999809e+03,1.648684335391144007e-01
-1.298440000000000055e+03,1.653628164851794757e-01
-1.297920000000000073e+03,1.658593739411745038e-01
-1.297400000000000091e+03,1.663568862048395158e-01
-1.296879999999999882e+03,1.668564232035945616e-01
-1.296359999999999900e+03,1.673565518595896140e-01
-1.295840000000000146e+03,1.678597748908768339e-01
-1.295320000000000164e+03,1.683635515605618749e-01
-1.294799999999999955e+03,1.688697533448291210e-01
-1.294279999999999973e+03,1.693761657005340981e-01
-1.293759999999999991e+03,1.698857103708213412e-01
-1.293240000000000236e+03,1.703954455411085533e-01
-1.292719999999999800e+03,1.709075876974157082e-01
-1.292200000000000045e+03,1.714203212882107752e-01
-1.291680000000000064e+03,1.719361300187000896e-01
-1.291160000000000082e+03,1.724525496420273030e-01
-1.290639999999999873e+03,1.729709747650045037e-01
-1.290119999999999891e+03,1.734905267020216968e-01
-1.289600000000000136e+03,1.740126189108609778e-01
-1.289079999999999927e+03,1.745357038489282198e-01
-1.288559999999999945e+03,1.750603935714575843e-01
-1.288039999999999964e+03,1.755865534944947848e-01
-1.287519999999999982e+03,1.761143751850940964e-01
-1.287000000000000000e+03,1.766439156936434607e-01
-1.286480000000000018e+03,1.771748887979328058e-01
-1.285960000000000036e+03,1.777081152025720978e-01
-1.285440000000000055e+03,1.782427358501214587e-01
-1.284919999999999845e+03,1.787791903869429544e-01
-1.284400000000000091e+03,1.793164272166022921e-01
-1.283880000000000109e+03,1.798561096924237712e-01
-1.283360000000000127e+03,1.803964784497531226e-01
-1.282839999999999918e+03,1.809399617006146044e-01
-1.282319999999999936e+03,1.814839976689239243e-01
-1.281800000000000182e+03,1.820304595977854101e-01
-1.281279999999999745e+03,1.825771311266468910e-01
-1.280759999999999991e+03,1.831274511705983932e-01
-1.280240000000000009e+03,1.836780186271299020e-01
-1.279720000000000027e+03,1.842314518275235125e-01
-1.279200000000000045e+03,1.847853999381449952e-01
-1.278679999999999836e+03,1.853420065135785999e-01
-1.278160000000000082e+03,1.858993353632000800e-01
-1.277639999999999873e+03,1.864590327772837064e-01
-1.277120000000000118e+03,1.870199136409451401e-01
-1.276599999999999909e+03,1.875832778230988318e-01
-1.276079999999999927e+03,1.881478833802924799e-01
-1.275559999999999945e+03,1.887143989764860919e-01
-1.275039999999999964e+03,1.892826336116796848e-01
-1.274519999999999982e+03,1.898527966653654753e-01
-1.274000000000000000e+03,1.904243919282291031e-01
-1.273480000000000018e+03,1.909971721239749065e-01
-1.272960000000000036e+03,1.915722435118584754e-01
-1.272440000000000055e+03,1.921486904753242353e-01
-1.271919999999999845e+03,1.927276966567400551e-01
-1.271400000000000091e+03,1.933077904116436430e-01
-1.270879999999999882e+03,1.938903488001294806e-01
-1.270360000000000127e+03,1.944735754670574024e-01
-1.269839999999999918e+03,1.950599537695831831e-01
-1.269319999999999936e+03,1.956468469250889075e-01
-1.268799999999999955e+03,1.962366627552846743e-01
-1.268279999999999973e+03,1.968267462862326178e-01
-1.267759999999999991e+03,1.974199043489605065e-01
-1.267240000000000009e+03,1.980134442571562792e-01
-1.266720000000000027e+03,1.986107847592342157e-01
-1.266200000000000045e+03,1.992085645999620847e-01
-1.265680000000000064e+03,1.998085408557800369e-01
-1.265160000000000082e+03,2.004095102711979381e-01
-1.264639999999999873e+03,2.010136502114780177e-01
-1.264120000000000118e+03,2.016188026062959160e-01
-1.263599999999999909e+03,2.022260932277337997e-01
-1.263080000000000155e+03,2.028348170831038577e-01
-1.262559999999999945e+03,2.034457560090539019e-01
-1.262039999999999964e+03,2.040581844569119285e-01
-1.261519999999999982e+03,2.046722554179519760e-01
-1.261000000000000000e+03,2.052883728260120333e-01
-1.260480000000000018e+03,2.059061111805841893e-01
-1.259960000000000036e+03,2.065261416416842577e-01
-1.259440000000000055e+03,2.071475459164143496e-01
-1.258920000000000073e+03,2.077715293960065435e-01
-1.258400000000000091e+03,2.083965822237766052e-01
-1.257879999999999882e+03,2.090244998423687883e-01
-1.257360000000000127e+03,2.096532010026709858e-01
-1.256839999999999918e+03,2.102850723310432934e-01
-1.256320000000000164e+03,2.109174401913454511e-01
-1.255799999999999955e+03,2.115527494057376778e-01
-1.255279999999999973e+03,2.121883060440397928e-01
-1.254759999999999991e+03,2.128274733049442258e-01
-1.254240000000000009e+03,2.134670221053563133e-01
-1.253720000000000027e+03,2.141103718719307436e-01
-1.253199999999999818e+03,2.147542567858751195e-01
-1.252680000000000064e+03,2.154007379919573029e-01
-1.252159999999999854e+03,2.160481367195916380e-01
-1.251640000000000100e+03,2.166982662576981411e-01
-1.251119999999999891e+03,2.173497710633325031e-01
-1.250599999999999909e+03,2.180041025450568659e-01
-1.250079999999999927e+03,2.186596749972033182e-01
-1.249559999999999945e+03,2.193171388888576490e-01
-1.249039999999999964e+03,2.199766077227641170e-01
-1.248519999999999982e+03,2.206382352426906335e-01
-1.248000000000000000e+03,2.213016386588570750e-01
-1.247480000000000018e+03,2.219663976068036448e-01
-1.246960000000000036e+03,2.226338314127501716e-01
-1.246440000000000055e+03,2.233027924386966345e-01
-1.245920000000000073e+03,2.239743512581752749e-01
-1.245400000000000091e+03,2.246469788421217861e-01
-1.244880000000000109e+03,2.253224942142903753e-01
-1.244360000000000127e+03,2.259987701587890530e-01
-1.243839999999999918e+03,2.266786751990277071e-01
-1.243319999999999936e+03,2.273591336382163319e-01
-1.242799999999999955e+03,2.280425524644749125e-01
-1.242279999999999973e+03,2.287262195616636407e-01
-1.241759999999999991e+03,2.294139931404543808e-01
-1.241240000000000009e+03,2.301021300527330282e-01
-1.240720000000000027e+03,2.307935702175438197e-01
-1.240200000000000045e+03,2.314857366809546790e-01
-1.239680000000000064e+03,2.321813600927853660e-01
-1.239159999999999854e+03,2.328779000923361375e-01
-1.238640000000000100e+03,2.335771715568569218e-01
-1.238119999999999891e+03,2.342776454743576708e-01
-1.237600000000000136e+03,2.349805840243906485e-01
-1.237079999999999927e+03,2.356852216959813562e-01
-1.236559999999999945e+03,2.363923422797042928e-01
-1.236039999999999964e+03,2.371012199118472386e-01
-1.235519999999999982e+03,2.378119889145701993e-01
-1.235000000000000000e+03,2.385248206717330843e-01
-1.234480000000000018e+03,2.392392560095460419e-01
-1.233960000000000036e+03,2.399563655803989282e-01
-1.233440000000000055e+03,2.406749840507440286e-01
-1.232920000000000073e+03,2.413965820737790646e-01
-1.232399999999999864e+03,2.421193830116520895e-01
-1.231880000000000109e+03,2.428450865460171360e-01
-1.231359999999999900e+03,2.435715358731622149e-01
-1.230840000000000146e+03,2.443016546677293233e-01
-1.230319999999999936e+03,2.450323051118744322e-01
-1.229799999999999955e+03,2.457663938739695353e-01
-1.229279999999999973e+03,2.465008072506467141e-01
-1.228759999999999991e+03,2.472392884273239833e-01
-1.228240000000000009e+03,2.479781329176912463e-01
-1.227720000000000027e+03,2.487202621193883578e-01
-1.227200000000000045e+03,2.494631557627955687e-01
-1.226680000000000064e+03,2.502094677781828702e-01
-1.226160000000000082e+03,2.509568680605899216e-01
-1.225639999999999873e+03,2.517073624575794089e-01
-1.225119999999999891e+03,2.524592705444987373e-01
-1.224599999999999909e+03,2.532139477275081596e-01
-1.224079999999999927e+03,2.539701342231574510e-01
-1.223559999999999945e+03,2.547284781841668844e-01
-1.223039999999999964e+03,2.554888665668861303e-01
-1.222519999999999982e+03,2.562513933415855316e-01
-1.222000000000000000e+03,2.570159831768369929e-01
-1.221480000000000018e+03,2.577821582840685299e-01
-1.220960000000000036e+03,2.585513698864978505e-01
-1.220440000000000055e+03,2.593222621467694000e-01
-1.219920000000000073e+03,2.600957718963131104e-01
-1.219400000000000091e+03,2.608703308955845901e-01
-1.218880000000000109e+03,2.616481945236360795e-01
-1.218359999999999900e+03,2.624269367111297102e-01
-1.217840000000000146e+03,2.632093298523633940e-01
-1.217319999999999936e+03,2.639922545474349680e-01
-1.216800000000000182e+03,2.647791335605507168e-01
-1.216279999999999973e+03,2.655663369268043139e-01
-1.215759999999999991e+03,2.663576267210779891e-01
-1.215240000000000009e+03,2.671492798403716784e-01
-1.214720000000000027e+03,2.679442180632674031e-01
-1.214200000000000045e+03,2.687400161150931832e-01
-1.213679999999999836e+03,2.695396524879690725e-01
-1.213160000000000082e+03,2.703402446205047660e-01
-1.212639999999999873e+03,2.711435284794005418e-01
-1.212120000000000118e+03,2.719484171800064520e-01
-1.211599999999999909e+03,2.727564199131443101e-01
-1.211079999999999927e+03,2.735659310852822657e-01
-1.210559999999999945e+03,2.743776001240901818e-01
-1.210039999999999964e+03,2.751913132102681847e-01
-1.209519999999999982e+03,2.760071454641661037e-01
-1.209000000000000000e+03,2.768256708393240229e-01
-1.208480000000000018e+03,2.776462215537741640e-01
-1.207960000000000036e+03,2.784691398706420906e-01
-1.207440000000000055e+03,2.792933381101121437e-01
-1.206919999999999845e+03,2.801209553552522213e-01
-1.206400000000000091e+03,2.809498517727223033e-01
-1.205879999999999882e+03,2.817817115038823705e-01
-1.205360000000000127e+03,2.826142945485745628e-01
-1.204839999999999918e+03,2.834509831047546946e-01
-1.204319999999999936e+03,2.842882646645368827e-01
-1.203799999999999955e+03,2.851295375202691496e-01
-1.203279999999999973e+03,2.859711156857213665e-01
-1.202759999999999991e+03,2.868167628565435057e-01
-1.202240000000000009e+03,2.876628492114778890e-01
-1.201720000000000027e+03,2.885126783879701229e-01
-1.201200000000000045e+03,2.893632714779946213e-01
-1.200680000000000064e+03,2.902172833550888398e-01
-1.200160000000000082e+03,2.910723843058232174e-01
-1.199639999999999873e+03,2.919305598678876290e-01
-1.199120000000000118e+03,2.927901684112041436e-01
-1.198599999999999909e+03,2.936525459259585746e-01
-1.198080000000000155e+03,2.945168715552950456e-01
-1.197559999999999945e+03,2.953839479986715144e-01
-1.197039999999999964e+03,2.962530867806981161e-01
-1.196519999999999982e+03,2.971243261297445981e-01
-1.196000000000000000e+03,2.979976862836532514e-01
-1.195480000000000018e+03,2.988725930657398222e-01
-1.194960000000000036e+03,2.997509216014084266e-01
-1.194440000000000055e+03,3.006310612356770662e-01
-1.193920000000000073e+03,3.015138562243858122e-01
-1.193400000000000091e+03,3.023976633301865835e-01
-1.192879999999999882e+03,3.032852327715850893e-01
-1.192360000000000127e+03,3.041737384594960791e-01
-1.191839999999999918e+03,3.050654715864067890e-01
-1.191320000000000164e+03,3.059576252993376766e-01
-1.190799999999999955e+03,3.068543056940284952e-01
-1.190279999999999973e+03,3.077513293319792398e-01
-1.189759999999999991e+03,3.086528987402021307e-01
-1.189240000000000009e+03,3.095548878588629815e-01
-1.188720000000000027e+03,3.104601247667959085e-01
-1.188199999999999818e+03,3.113662402580388289e-01
-1.187680000000000064e+03,3.122761752185039819e-01
-1.187159999999999854e+03,3.131872370904568714e-01
-1.186640000000000100e+03,3.141013548479220097e-01
-1.186119999999999891e+03,3.150170957019849394e-01
-1.185599999999999909e+03,3.159359123590021468e-01
-1.185079999999999927e+03,3.168562756842471795e-01
-1.184559999999999945e+03,3.177787615768623564e-01
-1.184039999999999964e+03,3.187035941016594931e-01
-1.183519999999999982e+03,3.196307761189448038e-01
-1.183000000000000000e+03,3.205606892354319060e-01
-1.182480000000000018e+03,3.214925696132691635e-01
-1.181960000000000036e+03,3.224268564293085171e-01
-1.181440000000000055e+03,3.233624035279056841e-01
-1.180920000000000073e+03,3.243013888689650903e-01
-1.180400000000000091e+03,3.252416348390944623e-01
-1.179880000000000109e+03,3.261852609509338641e-01
-1.179360000000000127e+03,3.271297088850831924e-01
-1.178839999999999918e+03,3.280783013074548005e-01
-1.178319999999999936e+03,3.290274477833141642e-01
-1.177799999999999955e+03,3.299801079597757258e-01
-1.177279999999999973e+03,3.309330928738372091e-01
-1.176759999999999991e+03,3.318905858033387446e-01
-1.176240000000000009e+03,3.328486519650223907e-01
-1.175720000000000027e+03,3.338108427937259703e-01
-1.175200000000000045e+03,3.347738007149176354e-01
-1.174680000000000064e+03,3.357396592353112386e-01
-1.174159999999999854e+03,3.367067976492370551e-01
-1.173640000000000100e+03,3.376773732960507424e-01
-1.173119999999999891e+03,3.386494009549965711e-01
-1.172600000000000136e+03,3.396241592896823702e-01
-1.172079999999999927e+03,3.406009044497382288e-01
-1.171559999999999945e+03,3.415803618764639560e-01
-1.171039999999999964e+03,3.425619388282097333e-01
-1.170519999999999982e+03,3.435455598544877587e-01
-1.170000000000000000e+03,3.445316446777657027e-01
-1.169480000000000018e+03,3.455194484718236425e-01
-1.168960000000000036e+03,3.465100217772116298e-01
-1.168440000000000055e+03,3.475020274667117715e-01
-1.167920000000000073e+03,3.484974902108097239e-01
-1.167399999999999864e+03,3.494941939820697674e-01
-1.166880000000000109e+03,3.504938781547898841e-01
-1.166359999999999900e+03,3.514942714646021038e-01
-1.165840000000000146e+03,3.524988256290122468e-01
-1.165319999999999936e+03,3.535038953108645687e-01
-1.164799999999999955e+03,3.545135107744767922e-01
-1.164279999999999973e+03,3.555234509380890695e-01
-1.163759999999999991e+03,3.565368867402533559e-01
-1.163240000000000009e+03,3.575508951959056603e-01
-1.162720000000000027e+03,3.585690290521600931e-01
-1.162200000000000045e+03,3.595880033460144287e-01
-1.161680000000000064e+03,3.606103202208209568e-01
-1.161160000000000082e+03,3.616337829967853357e-01
-1.160639999999999873e+03,3.626602833189718766e-01
-1.160119999999999891e+03,3.636884639244684636e-01
-1.159599999999999909e+03,3.647196619526749117e-01
-1.159079999999999927e+03,3.657524451778815244e-01
-1.158559999999999945e+03,3.667873105646901610e-01
-1.158039999999999964e+03,3.678245858364688758e-01
-1.157519999999999982e+03,3.688641685569676310e-01
-1.157000000000000000e+03,3.699061772885061661e-01
-1.156480000000000018e+03,3.709499235810448381e-01
-1.155960000000000036e+03,3.719964593131856456e-01
-1.155440000000000055e+03,3.730443892579665133e-01
-1.154920000000000073e+03,3.740954130098173569e-01
-1.154400000000000091e+03,3.751475256271802894e-01
-1.153880000000000109e+03,3.762030567785832336e-01
-1.153359999999999900e+03,3.772593524691441602e-01
-1.152840000000000146e+03,3.783193914057692009e-01
-1.152319999999999936e+03,3.793798696538821513e-01
-1.151800000000000182e+03,3.804444166835972418e-01
-1.151279999999999973e+03,3.815092875377302239e-01
-1.150759999999999991e+03,3.825781314341753503e-01
-1.150240000000000009e+03,3.836475138491126646e-01
-1.149720000000000027e+03,3.847205401372477129e-01
-1.149200000000000045e+03,3.857945222732949153e-01
-1.148679999999999836e+03,3.868722665329621946e-01
-1.148160000000000082e+03,3.879510235467195089e-01
-1.147639999999999873e+03,3.890323971350088672e-01
-1.147120000000000118e+03,3.901152991869683007e-01
-1.146599999999999909e+03,3.912008555139677712e-01
-1.146079999999999927e+03,3.922882455859870721e-01
-1.145559999999999945e+03,3.933780046386085583e-01
-1.145039999999999964e+03,3.944699017633180316e-01
-1.144519999999999982e+03,3.955638240799596028e-01
-1.144000000000000000e+03,3.966599234189610579e-01
-1.143480000000000018e+03,3.977575132628248245e-01
-1.142960000000000036e+03,3.988582766554685244e-01
-1.142440000000000055e+03,3.999605645633521611e-01
-1.141919999999999845e+03,4.010655838476858692e-01
-1.141400000000000091e+03,4.021715588368816596e-01
-1.140879999999999882e+03,4.032809518602754051e-01
-1.140360000000000127e+03,4.043910901021612325e-01
-1.139839999999999918e+03,4.055049723215992108e-01
-1.139319999999999936e+03,4.066192929565750069e-01
-1.138799999999999955e+03,4.077371860328130038e-01
-1.138279999999999973e+03,4.088554043299609253e-01
-1.137759999999999991e+03,4.099775561978889482e-01
-1.137240000000000009e+03,4.111002626717291664e-01
-1.136720000000000027e+03,4.122266168891891569e-01
-1.136200000000000045e+03,4.133537379107594667e-01
-1.135680000000000064e+03,4.144837400669295624e-01
-1.135160000000000082e+03,4.156149463127217780e-01
-1.134639999999999873e+03,4.167491315835339383e-01
-1.134120000000000118e+03,4.178846353614162346e-01
-1.133599999999999909e+03,4.190224876704306545e-01
-1.133080000000000155e+03,4.201621551150429013e-01
-1.132559999999999945e+03,4.213041903171474423e-01
-1.132039999999999964e+03,4.224481172473317225e-01
-1.131519999999999982e+03,4.235938012626784266e-01
-1.131000000000000000e+03,4.247419682810448793e-01
-1.130480000000000018e+03,4.258918347175013608e-01
-1.129960000000000036e+03,4.270441654316680657e-01
-1.129440000000000055e+03,4.281977027313467188e-01
-1.128920000000000073e+03,4.293539682310854033e-01
-1.128400000000000091e+03,4.305111501834540944e-01
-1.127879999999999882e+03,4.316713701364850997e-01
-1.127360000000000127e+03,4.328322191959836363e-01
-1.126839999999999918e+03,4.339968320265665813e-01
-1.126320000000000164e+03,4.351618647383075911e-01
-1.125799999999999955e+03,4.363304880605803349e-01
-1.125279999999999973e+03,4.374993788500312064e-01
-1.124759999999999991e+03,4.386717268589263585e-01
-1.124240000000000009e+03,4.398445717549994693e-01
-1.123720000000000027e+03,4.410205897972944711e-01
-1.123199999999999818e+03,4.421973694509195307e-01
-1.122680000000000064e+03,4.433770330328169473e-01
-1.122159999999999854e+03,4.445576135879120705e-01
-1.121640000000000100e+03,4.457404094478693013e-01
-1.121119999999999891e+03,4.469247523605167083e-01
-1.120599999999999909e+03,4.481117314976758026e-01
-1.120079999999999927e+03,4.493003349625656617e-01
-1.119559999999999945e+03,4.504909812345248565e-01
-1.119039999999999964e+03,4.516832512785243225e-01
-1.118519999999999982e+03,4.528770301357057937e-01
-1.118000000000000000e+03,4.540730060239275279e-01
-1.117480000000000018e+03,4.552704748347511932e-01
-1.116960000000000036e+03,4.564703847020827321e-01
-1.116440000000000055e+03,4.576714794796363783e-01
-1.115920000000000073e+03,4.588753250177023957e-01
-1.115400000000000091e+03,4.600800866039458925e-01
-1.114880000000000109e+03,4.612874469658317933e-01
-1.114360000000000127e+03,4.624953414852097655e-01
-1.113839999999999918e+03,4.637060819638056941e-01
-1.113319999999999936e+03,4.649171092889137213e-01
-1.112799999999999955e+03,4.661317465450618425e-01
-1.112279999999999973e+03,4.673466321818119384e-01
-1.111759999999999991e+03,4.685644813912519524e-01
-1.111240000000000009e+03,4.697828051143821404e-01
-1.110720000000000027e+03,4.710042994018821538e-01
-1.110200000000000045e+03,4.722264624506345432e-01
-1.109680000000000064e+03,4.734510894471167242e-01
-1.109159999999999854e+03,4.746766343050612957e-01
-1.108640000000000100e+03,4.759043935916335566e-01
-1.108119999999999891e+03,4.771333187096880590e-01
-1.107600000000000136e+03,4.783642114950145685e-01
-1.107079999999999927e+03,4.795965176333810698e-01
-1.106559999999999945e+03,4.808305642244377065e-01
-1.106039999999999964e+03,4.820662514795142628e-01
-1.105519999999999982e+03,4.833034091961928569e-01
-1.105000000000000000e+03,4.845424774035116400e-01
-1.104480000000000018e+03,4.857827868444124508e-01
-1.103960000000000036e+03,4.870248723659312273e-01
-1.103440000000000055e+03,4.882677796980744445e-01
-1.102920000000000073e+03,4.895134756908351981e-01
-1.102399999999999864e+03,4.907600506301081356e-01
-1.101880000000000109e+03,4.920088216667410919e-01
-1.101359999999999900e+03,4.932580356362563090e-01
-1.100840000000000146e+03,4.945100735270392955e-01
-1.100319999999999936e+03,4.957624177498466400e-01
-1.099799999999999955e+03,4.970173204042016568e-01
-1.099279999999999973e+03,4.982724535478290084e-01
-1.098759999999999991e+03,4.995300118654062982e-01
-1.098240000000000009e+03,5.007880099532557860e-01
-1.097720000000000027e+03,5.020487004241251938e-01
-1.097200000000000045e+03,5.033099840717947249e-01
-1.096680000000000064e+03,5.045733135062363539e-01
-1.096160000000000082e+03,5.058375582251479763e-01
-1.095639999999999873e+03,5.071039989189015662e-01
-1.095119999999999891e+03,5.083712236835932208e-01
-1.094599999999999909e+03,5.096397656295891254e-01
-1.094079999999999927e+03,5.109097214968526535e-01
-1.093559999999999945e+03,5.121813961356485034e-01
-1.093039999999999964e+03,5.134541791232245522e-01
-1.092519999999999982e+03,5.147279364532625356e-01
-1.092000000000000000e+03,5.160033206181005028e-01
-1.091480000000000018e+03,5.172796940939186072e-01
-1.090960000000000036e+03,5.185578642233787949e-01
-1.090440000000000055e+03,5.198368552184590152e-01
-1.089920000000000073e+03,5.211178336971613589e-01
-1.089400000000000091e+03,5.223994420315536402e-01
-1.088880000000000109e+03,5.236828080120757845e-01
-1.088359999999999900e+03,5.249664991167602990e-01
-1.087840000000000146e+03,5.262521191605047388e-01
-1.087319999999999936e+03,5.275379330572891323e-01
-1.086800000000000182e+03,5.288263232502757871e-01
-1.086279999999999973e+03,5.301149045393523940e-01
-1.085759999999999991e+03,5.314059308806711179e-01
-1.085240000000000009e+03,5.326971678150798084e-01
-1.084720000000000027e+03,5.339897603121084302e-01
-1.084200000000000045e+03,5.352828123567595631e-01
-1.083679999999999836e+03,5.365774877676323662e-01
-1.083160000000000082e+03,5.378729875250832793e-01
-1.082639999999999873e+03,5.391702796600863490e-01
-1.082120000000000118e+03,5.404681650413117877e-01
-1.081599999999999909e+03,5.417670239752268024e-01
-1.081079999999999927e+03,5.430668384511618818e-01
-1.080559999999999945e+03,5.443677983702072121e-01
-1.080039999999999964e+03,5.456698676885144428e-01
-1.079519999999999982e+03,5.469729102243638952e-01
-1.079000000000000000e+03,5.482769305019834505e-01
-1.078480000000000018e+03,5.495815404156028094e-01
-1.077960000000000036e+03,5.508876023344442263e-01
-1.077440000000000055e+03,5.521942939393059691e-01
-1.076919999999999845e+03,5.535022096504998990e-01
-1.076400000000000091e+03,5.548104877726736106e-01
-1.075879999999999882e+03,5.561205230576671266e-01
-1.075360000000000127e+03,5.574309049391532600e-01
-1.074839999999999918e+03,5.587422214869213200e-01
-1.074319999999999936e+03,5.600536330851769717e-01
-1.073799999999999955e+03,5.613671459642370909e-01
-1.073279999999999973e+03,5.626807165688253454e-01
-1.072759999999999991e+03,5.639952611786354097e-01
-1.072240000000000009e+03,5.653100549670477815e-01
-1.071720000000000027e+03,5.666261664551700550e-01
-1.071200000000000045e+03,5.679426637213524920e-01
-1.070680000000000064e+03,5.692603609177169233e-01
-1.070160000000000082e+03,5.705785177292314048e-01
-1.069639999999999873e+03,5.718977818319280759e-01
-1.069120000000000118e+03,5.732174291887747186e-01
-1.068599999999999909e+03,5.745377254087832286e-01
-1.068080000000000155e+03,5.758585189428923057e-01
-1.067559999999999945e+03,5.771798880326507453e-01
-1.067039999999999964e+03,5.785020771507417559e-01
-1.066519999999999982e+03,5.798249914936948191e-01
-1.066000000000000000e+03,5.811485560670480721e-01
-1.065480000000000018e+03,5.824725213084709363e-01
-1.064960000000000036e+03,5.837968315271561126e-01
-1.064440000000000055e+03,5.851213331313535049e-01
-1.063920000000000073e+03,5.864470409488586888e-01
-1.063400000000000091e+03,5.877730899093681627e-01
-1.062879999999999882e+03,5.890995972821355675e-01
-1.062360000000000127e+03,5.904261635630172478e-01
-1.061839999999999918e+03,5.917537221530965175e-01
-1.061320000000000164e+03,5.930813399972603150e-01
-1.060799999999999955e+03,5.944100291603421349e-01
-1.060279999999999973e+03,5.957387356808179213e-01
-1.059759999999999991e+03,5.970679383324917211e-01
-1.059240000000000009e+03,5.983972186374575397e-01
-1.058720000000000027e+03,5.997269381866457971e-01
-1.058199999999999818e+03,6.010567735119836108e-01
-1.057680000000000064e+03,6.023870097967839454e-01
-1.057159999999999854e+03,6.037175928023441607e-01
-1.056640000000000100e+03,6.050488804282165844e-01
-1.056119999999999891e+03,6.063801689041290466e-01
-1.055599999999999909e+03,6.077114572852632124e-01
-1.055079999999999927e+03,6.090429946911277703e-01
-1.054559999999999945e+03,6.103747997975944584e-01
-1.054039999999999964e+03,6.117069139838811065e-01
-1.053519999999999982e+03,6.130392546846098467e-01
-1.053000000000000000e+03,6.143715962841586054e-01
-1.052480000000000018e+03,6.157039372968895474e-01
-1.051960000000000036e+03,6.170362606087904656e-01
-1.051440000000000055e+03,6.183686027528735307e-01
-1.050920000000000073e+03,6.197013697817965738e-01
-1.050400000000000091e+03,6.210342287394918781e-01
-1.049880000000000109e+03,6.223670883447270930e-01
-1.049360000000000127e+03,6.236999485561344203e-01
-1.048839999999999918e+03,6.250323320711638209e-01
-1.048319999999999936e+03,6.263646773792833633e-01
-1.047799999999999955e+03,6.276975612167529084e-01
-1.047279999999999973e+03,6.290303855793366594e-01
-1.046759999999999991e+03,6.303627133162285068e-01
-1.046240000000000009e+03,6.316950606556320791e-01
-1.045720000000000027e+03,6.330274086332979833e-01
-1.045200000000000045e+03,6.343597607922760728e-01
-1.044680000000000064e+03,6.356921094402944172e-01
-1.044159999999999854e+03,6.370241344580022114e-01
-1.043640000000000100e+03,6.383554337650423349e-01
-1.043119999999999891e+03,6.396867340001225477e-01
-1.042600000000000136e+03,6.410180353630270389e-01
-1.042079999999999927e+03,6.423491106021494979e-01
-1.041559999999999945e+03,6.436798774593160966e-01
-1.041039999999999964e+03,6.450103775077908885e-01
-1.040519999999999982e+03,6.463406298349595458e-01
-1.040000000000000000e+03,6.476702337669683063e-01
-1.039480000000000018e+03,6.489994784315091803e-01
-1.038960000000000036e+03,6.503283194198903328e-01
-1.038440000000000055e+03,6.516570079937834548e-01
-1.037920000000000073e+03,6.529852967901162986e-01
-1.037399999999999864e+03,6.543134709010317573e-01
-1.036880000000000109e+03,6.556407704812489134e-01
-1.036359999999999900e+03,6.569678951584665416e-01
-1.035840000000000146e+03,6.582940466907358790e-01
-1.035319999999999936e+03,6.596201216049755178e-01
-1.034799999999999955e+03,6.609451482175869863e-01
-1.034279999999999973e+03,6.622700983266909258e-01
-1.033759999999999991e+03,6.635941159293048397e-01
-1.033240000000000009e+03,6.649179407894707516e-01
-1.032720000000000027e+03,6.662408869594367289e-01
-1.032200000000000045e+03,6.675634519679547463e-01
-1.031680000000000064e+03,6.688848560494750073e-01
-1.031160000000000082e+03,6.702059138200352484e-01
-1.030639999999999873e+03,6.715262463898576950e-01
-1.030119999999999891e+03,6.728459691413022359e-01
-1.029599999999999909e+03,6.741647368261466378e-01
-1.029079999999999927e+03,6.754830308206334344e-01
-1.028559999999999945e+03,6.768007495613422853e-01
-1.028039999999999964e+03,6.781173422648910654e-01
-1.027519999999999982e+03,6.794329798816221011e-01
-1.027000000000000000e+03,6.807476260472129503e-01
-1.026480000000000018e+03,6.820617215983160175e-01
-1.025960000000000036e+03,6.833750518728114454e-01
-1.025440000000000055e+03,6.846880763643986567e-01
-1.024920000000000073e+03,6.859990581539161525e-01
-1.024400000000000091e+03,6.873094888289456028e-01
-1.023880000000000109e+03,6.886190206805051783e-01
-1.023360000000000014e+03,6.899283808355266556e-01
-1.022840000000000032e+03,6.912352979679706744e-01
-1.022319999999999936e+03,6.925420435666367336e-01
-1.021800000000000068e+03,6.938472647930526982e-01
-1.021279999999999973e+03,6.951522543927609599e-01
-1.020759999999999991e+03,6.964553535302889786e-01
-1.020240000000000009e+03,6.977581112579012146e-01
-1.019719999999999914e+03,6.990591333472436775e-01
-1.019200000000000045e+03,7.003595044960561067e-01
-1.018679999999999950e+03,7.016579090609729175e-01
-1.018160000000000082e+03,7.029556459576895566e-01
-1.017639999999999986e+03,7.042519735327185115e-01
-1.017120000000000005e+03,7.055474396554971550e-01
-1.016599999999999909e+03,7.068416640028479803e-01
-1.016080000000000041e+03,7.081344009402013029e-01
-1.015559999999999945e+03,7.094254978641765241e-01
-1.015040000000000077e+03,7.107157146495919342e-01
-1.014519999999999982e+03,7.120052450200713423e-01
-1.014000000000000000e+03,7.132927895845289079e-01
-1.013480000000000018e+03,7.145791917241205438e-01
-1.012960000000000036e+03,7.158637213085222717e-01
-1.012440000000000055e+03,7.171475058097082078e-01
-1.011919999999999959e+03,7.184288088008221607e-01
-1.011399999999999977e+03,7.197094660143801281e-01
-1.010879999999999882e+03,7.209883070280883599e-01
-1.010360000000000014e+03,7.222668627002407638e-01
-1.009839999999999918e+03,7.235424588005032742e-01
-1.009320000000000050e+03,7.248178286608756293e-01
-1.008799999999999955e+03,7.260901233101524355e-01
-1.008279999999999973e+03,7.273621124291190787e-01
-1.007759999999999991e+03,7.286312559714180903e-01
-1.007240000000000009e+03,7.298998697909789835e-01
-1.006720000000000027e+03,7.311658830983400748e-01
-1.006200000000000045e+03,7.324312487109831959e-01
-1.005679999999999950e+03,7.336946480124705294e-01
-1.005160000000000082e+03,7.349568866366880115e-01
-1.004639999999999986e+03,7.362166205172177014e-01
-1.004120000000000118e+03,7.374748855496069400e-01
-1.003600000000000023e+03,7.387309958307308744e-01
-1.003080000000000041e+03,7.399855766413648839e-01
-1.002559999999999945e+03,7.412385342446409231e-01
-1.002039999999999964e+03,7.424897181251991496e-01
-1.001519999999999982e+03,7.437395681746894471e-01
-1.001000000000000000e+03,7.449867232830696961e-01
-1.000480000000000018e+03,7.462323706089520892e-01
-9.999599999999999227e+02,7.474757879429466678e-01
-9.994400000000000546e+02,7.487182861559855684e-01
-9.989199999999999591e+02,7.499575010827723709e-01
-9.984000000000000909e+02,7.511958190139134128e-01
-9.978799999999999955e+02,7.524314485907664940e-01
-9.973600000000000136e+02,7.536666362676796016e-01
-9.968399999999999181e+02,7.548978718602171734e-01
-9.963200000000000500e+02,7.561288252127246201e-01
-9.957999999999999545e+02,7.573556513233643539e-01
-9.952800000000000864e+02,7.585821158362261452e-01
-9.947599999999999909e+02,7.598053182834599850e-01
-9.942400000000000091e+02,7.610277553144237928e-01
-9.937200000000000273e+02,7.622467558539418597e-01
-9.931999999999999318e+02,7.634648435565901670e-01
-9.926800000000000637e+02,7.646801789747026401e-01
-9.921599999999999682e+02,7.658939691666351024e-01
-9.916399999999999864e+02,7.671046119569396859e-01
-9.911199999999998909e+02,7.683135532801566026e-01
-9.906000000000000227e+02,7.695200130535676530e-01
-9.900799999999999272e+02,7.707244302879763254e-01
-9.895600000000000591e+02,7.719267323456517893e-01
-9.890399999999999636e+02,7.731263774696948143e-01
-9.885199999999999818e+02,7.743239418882323921e-01
-9.880000000000000000e+02,7.755188760540919768e-01
-9.874800000000000182e+02,7.767122605875736996e-01
-9.869600000000000364e+02,7.779023077922955220e-01
-9.864400000000000546e+02,7.790910153290415696e-01
-9.859199999999999591e+02,7.802759629581375034e-01
-9.854000000000000909e+02,7.814599786372078416e-01
-9.848799999999999955e+02,7.826403260559383623e-01
-9.843600000000001273e+02,7.838201395236930047e-01
-9.838400000000000318e+02,7.849950306607773598e-01
-9.833199999999999363e+02,7.861694994988764895e-01
-9.827999999999999545e+02,7.873393861175754793e-01
-9.822799999999999727e+02,7.885087998915366603e-01
-9.817599999999999909e+02,7.896739912800718741e-01
-9.812400000000000091e+02,7.908383244367572784e-01
-9.807200000000000273e+02,7.919988426925769209e-01
-9.801999999999999318e+02,7.931579842115865642e-01
-9.796800000000000637e+02,7.943132524641105530e-01
-9.791599999999999682e+02,7.954667629321643396e-01
-9.786400000000001000e+02,7.966167984760825771e-01
-9.781200000000000045e+02,7.977647189757908208e-01
-9.776000000000000227e+02,7.989095249343634020e-01
-9.770799999999999272e+02,8.000520412111357116e-01
-9.765600000000000591e+02,8.011921734895246505e-01
-9.760399999999999636e+02,8.023293261550416000e-01
-9.755200000000000955e+02,8.034642285692925601e-01
-9.750000000000000000e+02,8.045954254073158785e-01
-9.744799999999999045e+02,8.057245606418912409e-01
-9.739600000000000364e+02,8.068499578546786122e-01
-9.734399999999999409e+02,8.079738631776485214e-01
-9.729200000000000728e+02,8.090936297352722129e-01
-9.723999999999999773e+02,8.102123248136564593e-01
-9.718799999999999955e+02,8.113259994343645642e-01
-9.713599999999999000e+02,8.124389516970929037e-01
-9.708400000000000318e+02,8.135469381705051628e-01
-9.703199999999999363e+02,8.146545090321601901e-01
-9.698000000000000682e+02,8.157564828395867940e-01
-9.692799999999999727e+02,8.168579074816758601e-01
-9.687599999999999909e+02,8.179546705164970621e-01
-9.682400000000000091e+02,8.190502707386700942e-01
-9.677200000000000273e+02,8.201407761046977107e-01
-9.672000000000000455e+02,8.212298869827474590e-01
-9.666800000000000637e+02,8.223151629579289468e-01
-9.661599999999999682e+02,8.233982992365710407e-01
-9.656399999999998727e+02,8.244773147679194114e-01
-9.651200000000000045e+02,8.255541336985272594e-01
-9.645999999999999091e+02,8.266278972808902559e-01
-9.640800000000000409e+02,8.276985920695828503e-01
-9.635599999999999454e+02,8.287660960649116948e-01
-9.630399999999999636e+02,8.298300342165504384e-01
-9.625199999999999818e+02,8.308912774589840566e-01
-9.620000000000000000e+02,8.319488024260074388e-01
-9.614800000000000182e+02,8.330042822788545909e-01
-9.609600000000000364e+02,8.340556232715847784e-01
-9.604399999999999409e+02,8.351053584393083318e-01
-9.599200000000000728e+02,8.361500960940922988e-01
-9.593999999999999773e+02,8.371935705410105122e-01
-9.588800000000001091e+02,8.382315515867607703e-01
-9.583600000000000136e+02,8.392687478202457418e-01
-9.578400000000000318e+02,8.402999714505006157e-01
-9.573199999999999363e+02,8.413307173201294287e-01
-9.568000000000000682e+02,8.423559292789505326e-01
-9.562799999999999727e+02,8.433803583035660578e-01
-9.557599999999999909e+02,8.443987758780234776e-01
-9.552400000000000091e+02,8.454159900777833414e-01
-9.547199999999999136e+02,8.464281476822074213e-01
-9.542000000000000455e+02,8.474386049680915356e-01
-9.536799999999999500e+02,8.484445032358218786e-01
-9.531600000000000819e+02,8.494482048584525158e-01
-9.526399999999999864e+02,8.504478240888975193e-01
-9.521200000000000045e+02,8.514447888116918328e-01
-9.515999999999999091e+02,8.524381292989754444e-01
-9.510800000000000409e+02,8.534280710074461096e-01
-9.505599999999999454e+02,8.544146364812038597e-01
-9.500400000000000773e+02,8.553975958030216598e-01
-9.495199999999999818e+02,8.563778610745259590e-01
-9.490000000000000000e+02,8.573537215600194328e-01
-9.484800000000000182e+02,8.583272109706280295e-01
-9.479600000000000364e+02,8.592957427391482161e-01
-9.474400000000000546e+02,8.602624387200530354e-01
-9.469199999999999591e+02,8.612241003699898645e-01
-9.463999999999999773e+02,8.621845192019909065e-01
-9.458799999999998818e+02,8.631389668475347721e-01
-9.453600000000000136e+02,8.640926126913900385e-01
-9.448399999999999181e+02,8.650402257986997689e-01
-9.443200000000000500e+02,8.659873275169215345e-01
-9.437999999999999545e+02,8.669273832344198683e-01
-9.432799999999999727e+02,8.678667179844482549e-01
-9.427599999999999909e+02,8.688005359857811083e-01
-9.422400000000000091e+02,8.697329023554856153e-01
-9.417200000000000273e+02,8.706594116826048557e-01
-9.412000000000000455e+02,8.715841833402082628e-01
-9.406799999999999500e+02,8.725044150269535281e-01
-9.401600000000000819e+02,8.734221103615411597e-01
-9.396399999999999864e+02,8.743349924937230400e-01
-9.391200000000001182e+02,8.752450350866971540e-01
-9.386000000000000227e+02,8.761511649320881112e-01
-9.380800000000000409e+02,8.770541257598885032e-01
-9.375599999999999454e+02,8.779539784856651430e-01
-9.370399999999999636e+02,8.788493094479421508e-01
-9.365199999999999818e+02,8.797413156351056029e-01
-9.360000000000000000e+02,8.806292243943213416e-01
-9.354800000000000182e+02,8.815149755022710920e-01
-9.349599999999999227e+02,8.823953627448927195e-01
-9.344400000000000546e+02,8.832738057986491143e-01
-9.339199999999999591e+02,8.841467545419696705e-01
-9.334000000000000909e+02,8.850183837598422087e-01
-9.328799999999999955e+02,8.858835660588995076e-01
-9.323600000000000136e+02,8.867479097917605468e-01
-9.318399999999999181e+02,8.876057081054963271e-01
-9.313200000000000500e+02,8.884629510143117193e-01
-9.307999999999999545e+02,8.893137278227836173e-01
-9.302800000000000864e+02,8.901636289553176429e-01
-9.297599999999999909e+02,8.910070566397781944e-01
-9.292400000000000091e+02,8.918490772404989997e-01
-9.287200000000000273e+02,8.926852389614056138e-01
-9.281999999999999318e+02,8.935195326885048139e-01
-9.276800000000000637e+02,8.943488614384402791e-01
-9.271599999999999682e+02,8.951756567778537121e-01
-9.266399999999999864e+02,8.959977195564678976e-01
-9.261199999999998909e+02,8.968168649134422576e-01
-9.256000000000000227e+02,8.976321357925226563e-01
-9.250799999999999272e+02,8.984436665342353523e-01
-9.245600000000000591e+02,8.992516301405024670e-01
-9.240399999999999636e+02,9.000553223787916002e-01
-9.235199999999999818e+02,9.008559611251272248e-01
-9.230000000000000000e+02,9.016521370726673368e-01
-9.224800000000000182e+02,9.024459622851888074e-01
-9.219600000000000364e+02,9.032344315209953622e-01
-9.214400000000000546e+02,9.040209915195158707e-01
-9.209199999999999591e+02,9.048015818127509435e-01
-9.204000000000000909e+02,9.055808168580299355e-01
-9.198799999999999955e+02,9.063535279330033889e-01
-9.193600000000001273e+02,9.071254576547709281e-01
-9.188400000000000318e+02,9.078907830573010873e-01
-9.183199999999999363e+02,9.086555986698474641e-01
-9.177999999999999545e+02,9.094134302623378963e-01
-9.172799999999999727e+02,9.101703675262208248e-01
-9.167599999999999909e+02,9.109208931027096279e-01
-9.162400000000000091e+02,9.116700482770813130e-01
-9.157200000000000273e+02,9.124137838954191615e-01
-9.151999999999999318e+02,9.131555002912585817e-01
-9.146800000000000637e+02,9.138919313393755184e-01
-9.141599999999999682e+02,9.146255787237036472e-01
-9.136400000000001000e+02,9.153541701508207673e-01
-9.131200000000000045e+02,9.160800545599878664e-01
-9.126000000000000227e+02,9.168024105558837400e-01
-9.120799999999999272e+02,9.175207431466291252e-01
-9.115600000000000591e+02,9.182352589449932490e-01
-9.110399999999999636e+02,9.189457721003378987e-01
-9.105200000000000955e+02,9.196534986954602031e-01
-9.100000000000000000e+02,9.203563647273776960e-01
-9.094799999999999045e+02,9.210567870720487438e-01
-9.089600000000000364e+02,9.217517758197025790e-01
-9.084399999999999409e+02,9.224448759523744545e-01
-9.079200000000000728e+02,9.231320079771087039e-01
-9.073999999999999773e+02,9.238178043079769974e-01
-9.068799999999999955e+02,9.244975172570019106e-01
-9.063599999999999000e+02,9.251765456456212400e-01
-9.058400000000000318e+02,9.258484394739349144e-01
-9.053199999999999363e+02,9.265198219851228378e-01
-9.048000000000000682e+02,9.271847370870091032e-01
-9.042799999999999727e+02,9.278487212235755344e-01
-9.037599999999999909e+02,9.285063744116803797e-01
-9.032400000000000091e+02,9.291624830290177162e-01
-9.027200000000000273e+02,9.298128116416334299e-01
-9.022000000000000455e+02,9.304610645837610994e-01
-9.016800000000000637e+02,9.311040712666154295e-01
-9.011599999999999682e+02,9.317446405976937962e-01
-9.006399999999998727e+02,9.323808827023188917e-01
-9.001200000000000045e+02,9.330141506357459980e-01
-8.995999999999999091e+02,9.336435840755219484e-01
-8.990800000000000409e+02,9.342692644385198752e-01
-8.985599999999999454e+02,9.348914152420860768e-01
-8.980399999999999636e+02,9.355092435569646314e-01
-8.975199999999999818e+02,9.361240732354418892e-01
-8.970000000000000000e+02,9.367343881348413337e-01
-8.964800000000000182e+02,9.373424550291988844e-01
-8.959600000000000364e+02,9.379454506581891282e-01
-8.954399999999999409e+02,9.385467097710979978e-01
-8.949200000000000728e+02,9.391419876400987077e-01
-8.943999999999999773e+02,9.397359666178978221e-01
-8.938800000000001091e+02,9.403238263409814390e-01
-8.933600000000000136e+02,9.409110241811111663e-01
-8.928400000000000318e+02,9.414915837836077550e-01
-8.923199999999999363e+02,9.420716159078962315e-01
-8.918000000000000682e+02,9.426447036599836515e-01
-8.912799999999999727e+02,9.432169186644152603e-01
-8.907599999999999909e+02,9.437832632591833804e-01
-8.902400000000000091e+02,9.443481597779554981e-01
-8.897199999999999136e+02,9.449077210331563448e-01
-8.892000000000000455e+02,9.454653199896890792e-01
-8.886799999999999500e+02,9.460180973917428071e-01
-8.881600000000000819e+02,9.465684204188687945e-01
-8.876399999999999864e+02,9.471144117935529350e-01
-8.871200000000000045e+02,9.476571886523892374e-01
-8.865999999999999091e+02,9.481958626897292186e-01
-8.860800000000000409e+02,9.487313235142182943e-01
-8.855599999999999454e+02,9.492637722369879905e-01
-8.850400000000000773e+02,9.497921624389684681e-01
-8.845199999999999818e+02,9.503178290565913455e-01
-8.840000000000000000e+02,9.508389453020865689e-01
-8.834800000000000182e+02,9.513578077900699537e-01
-8.829600000000000364e+02,9.518716090253481754e-01
-8.824400000000000546e+02,9.523837318266649143e-01
-8.819199999999999591e+02,9.528906759405457727e-01
-8.813999999999999773e+02,9.533965125230428050e-01
-8.808799999999998818e+02,9.538962369843486666e-01
-8.803600000000000136e+02,9.543953156603188770e-01
-8.798399999999999181e+02,9.548877444356276278e-01
-8.793200000000000500e+02,9.553796824154630052e-01
-8.787999999999999545e+02,9.558657315238145991e-01
-8.782799999999999727e+02,9.563508718669605502e-01
-8.777599999999999909e+02,9.568301414721869236e-01
-8.772400000000000091e+02,9.573079689441258422e-01
-8.767200000000000273e+02,9.577804782138373829e-01
-8.762000000000000455e+02,9.582512986163290725e-01
-8.756799999999999500e+02,9.587180800064631914e-01
-8.751600000000000819e+02,9.591823521489500903e-01
-8.746399999999999864e+02,9.596423554653996657e-01
-8.741200000000001182e+02,9.600995654979211924e-01
-8.736000000000000227e+02,9.605533478339035591e-01
-8.730800000000000409e+02,9.610038187806679844e-01
-8.725599999999999454e+02,9.614513171018850279e-01
-8.720399999999999636e+02,9.618947456404648433e-01
-8.715199999999999818e+02,9.623354895406770471e-01
-8.710000000000000000e+02,9.627723341090217435e-01
-8.704800000000000182e+02,9.632073297427669045e-01
-8.699599999999999227e+02,9.636376316792968355e-01
-8.694400000000000546e+02,9.640663869163490496e-01
-8.689199999999999591e+02,9.644899525218757486e-01
-8.684000000000000909e+02,9.649124679587987030e-01
-8.678799999999999955e+02,9.653292968564503029e-01
-8.673600000000000136e+02,9.657455776403807146e-01
-8.668399999999999181e+02,9.661556670553796966e-01
-8.663200000000000500e+02,9.665653276934527138e-01
-8.657999999999999545e+02,9.669696194221967245e-01
-8.652800000000000864e+02,9.673731190178747052e-01
-8.647599999999999909e+02,9.677716662780255774e-01
-8.642400000000000091e+02,9.681688716758412028e-01
-8.637200000000000273e+02,9.685612027880690089e-01
-8.631999999999999318e+02,9.689516946822698262e-01
-8.626800000000000637e+02,9.693377687210630311e-01
-8.621599999999999682e+02,9.697219293576377908e-01
-8.616399999999999864e+02,9.701027984079905186e-01
-8.611199999999998909e+02,9.704808993145727092e-01
-8.606000000000000227e+02,9.708555318809505286e-01
-8.600799999999999272e+02,9.712271665914402607e-01
-8.595600000000000591e+02,9.715961002882944619e-01
-8.590399999999999636e+02,9.719615596889336073e-01
-8.585199999999999818e+02,9.723247524210552051e-01
-8.580000000000000000e+02,9.726840768443815177e-01
-8.574800000000000182e+02,9.730415725129283322e-01
-8.569600000000000364e+02,9.733947201752036760e-01
-8.564400000000000546e+02,9.737464982167677308e-01
-8.559199999999999591e+02,9.740934922907501514e-01
-8.554000000000000909e+02,9.744395547796615986e-01
-8.548799999999999955e+02,9.747808703931932772e-01
-8.543600000000001273e+02,9.751217351340938366e-01
-8.538400000000000318e+02,9.754569330414025741e-01
-8.533199999999999363e+02,9.757917395918899173e-01
-8.527999999999999545e+02,9.761217222778306724e-01
-8.522799999999999727e+02,9.764509112625053833e-01
-8.517599999999999909e+02,9.767756715866730000e-01
-8.512400000000000091e+02,9.770991903705069648e-01
-8.507200000000000273e+02,9.774182590869239240e-01
-8.501999999999999318e+02,9.777357576995171495e-01
-8.496800000000000637e+02,9.780496288934553695e-01
-8.491599999999999682e+02,9.783615536608558649e-01
-8.486400000000001000e+02,9.786702283789132650e-01
-8.481200000000000045e+02,9.789763508381332802e-01
-8.476000000000000227e+02,9.792793134494921503e-01
-8.470799999999999272e+02,9.795798205355839006e-01
-8.465600000000000591e+02,9.798781451207220217e-01
-8.460399999999999636e+02,9.801733103970924343e-01
-8.455200000000000955e+02,9.804664595460300669e-01
-8.450000000000000000e+02,9.807563966341941164e-01
-8.444799999999999045e+02,9.810448682670910303e-01
-8.439600000000000364e+02,9.813289847788966291e-01
-8.434399999999999409e+02,9.816117498575854805e-01
-8.429200000000000728e+02,9.818910607412921765e-01
-8.423999999999999773e+02,9.821697100708400852e-01
-8.418799999999999955e+02,9.824436005547184658e-01
-8.413599999999999000e+02,9.827170811213178370e-01
-8.408400000000000318e+02,9.829853822733696234e-01
-8.403199999999999363e+02,9.832533329224198981e-01
-8.398000000000000682e+02,9.835169626787036989e-01
-8.392799999999999727e+02,9.837799224341957638e-01
-8.387599999999999909e+02,9.840388994413622470e-01
-8.382400000000000091e+02,9.842969428991261704e-01
-8.377200000000000273e+02,9.845518062435271167e-01
-8.372000000000000455e+02,9.848050862198816091e-01
-8.366800000000000637e+02,9.850547643845457557e-01
-8.361599999999999682e+02,9.853026942834341995e-01
-8.356399999999998727e+02,9.855477441150626294e-01
-8.351200000000000045e+02,9.857909172478040993e-01
-8.345999999999999091e+02,9.860318128304955687e-01
-8.340800000000000409e+02,9.862702682116114561e-01
-8.335599999999999454e+02,9.865065385710564128e-01
-8.330399999999999636e+02,9.867399887443977224e-01
-8.325199999999999818e+02,9.869716158576360421e-01
-8.320000000000000000e+02,9.872004466435437831e-01
-8.314800000000000182e+02,9.874279666453956716e-01
-8.309600000000000364e+02,9.876523490419485407e-01
-8.304399999999999409e+02,9.878757437660067309e-01
-8.299200000000000728e+02,9.880956983455149167e-01
-8.293999999999999773e+02,9.883150147323244150e-01
-8.288800000000001091e+02,9.885300634747286042e-01
-8.283600000000000136e+02,9.887447431271161324e-01
-8.278400000000000318e+02,9.889553062603879674e-01
-8.273199999999999363e+02,9.891656229067989914e-01
-8.268000000000000682e+02,9.893726224879193509e-01
-8.262799999999999727e+02,9.895789942786553661e-01
-8.257599999999999909e+02,9.897818939945013383e-01
-8.252400000000000091e+02,9.899838475891757916e-01
-8.247199999999999136e+02,9.901826533155715371e-01
-8.242000000000000455e+02,9.903801914919815319e-01
-8.236799999999999500e+02,9.905748975351833518e-01
-8.231600000000000819e+02,9.907682287323217318e-01
-8.226399999999999864e+02,9.909593781245130684e-01
-8.221200000000000045e+02,9.911486446282662399e-01
-8.215999999999999091e+02,9.913357040964683176e-01
-8.210800000000000409e+02,9.915208458552022819e-01
-8.205599999999999454e+02,9.917043482327315695e-01
-8.200400000000000773e+02,9.918856774144776400e-01
-8.195199999999999818e+02,9.920656089304927816e-01
-8.190000000000000000e+02,9.922431066037487035e-01
-8.184800000000000182e+02,9.924195045937341808e-01
-8.179600000000000364e+02,9.925931919085700939e-01
-8.174400000000000546e+02,9.927660476390254285e-01
-8.169199999999999591e+02,9.929354655782511863e-01
-8.163999999999999773e+02,9.931042646151964082e-01
-8.158799999999998818e+02,9.932702723873148010e-01
-8.153600000000000136e+02,9.934360704903602013e-01
-8.148399999999999181e+02,9.935988230223300466e-01
-8.143200000000000500e+02,9.937612972322457106e-01
-8.137999999999999545e+02,9.939200342683025546e-01
-8.132799999999999727e+02,9.940783830068379290e-01
-8.127599999999999909e+02,9.942346333461645758e-01
-8.122400000000000091e+02,9.943899932168022149e-01
-8.117200000000000273e+02,9.945422144988631530e-01
-8.112000000000000455e+02,9.946937053651008220e-01
-8.106799999999999500e+02,9.948434702920682104e-01
-8.101600000000000819e+02,9.949919181067101714e-01
-8.096399999999999864e+02,9.951381929390119563e-01
-8.091200000000001182e+02,9.952831224287179701e-01
-8.086000000000000227e+02,9.954264284008742525e-01
-8.080800000000000409e+02,9.955681875864847985e-01
-8.075599999999999454e+02,9.957085428082351752e-01
-8.070399999999999636e+02,9.958471195444422719e-01
-8.065199999999999818e+02,9.959845553460250356e-01
-8.060000000000000000e+02,9.961199506947706617e-01
-8.054800000000000182e+02,9.962544449209695951e-01
-8.049599999999999227e+02,9.963871058684812265e-01
-8.044400000000000546e+02,9.965192042364947600e-01
-8.039199999999999591e+02,9.966488593429053688e-01
-8.034000000000000909e+02,9.967780539668454898e-01
-8.028799999999999955e+02,9.969045500271322968e-01
-8.023600000000000136e+02,9.970308651965482660e-01
-8.018399999999999181e+02,9.971547878594863024e-01
-8.013200000000000500e+02,9.972785184733989894e-01
-8.007999999999999545e+02,9.973995538057377486e-01
-8.002800000000000864e+02,9.975203755770369884e-01
-7.997599999999999909e+02,9.976396054221661203e-01
-7.992400000000000091e+02,9.977582330708338887e-01
-7.987200000000000273e+02,9.978746364557739001e-01
-7.981999999999999318e+02,9.979903679173821596e-01
-7.976800000000000637e+02,9.981044728405431554e-01
-7.971599999999999682e+02,9.982175253731302433e-01
-7.966399999999999864e+02,9.983288131785460484e-01
-7.961199999999998909e+02,9.984393657124339683e-01
-7.956000000000000227e+02,9.985489255182407042e-01
-7.950799999999999272e+02,9.986575944432733998e-01
-7.945600000000000591e+02,9.987654310103284416e-01
-7.940399999999999636e+02,9.988716343185346513e-01
-7.935199999999999818e+02,9.989767019344745203e-01
-7.930000000000000000e+02,9.990806912664854655e-01
-7.924800000000000182e+02,9.991840897366959240e-01
-7.919600000000000364e+02,9.992858759799042589e-01
-7.914400000000000546e+02,9.993871272044477783e-01
-7.909199999999999591e+02,9.994870117122310882e-01
-7.904000000000000909e+02,9.995866572430197605e-01
-7.898799999999999955e+02,9.996843004331001925e-01
-7.893600000000001273e+02,9.997818155366239301e-01
-7.888400000000000318e+02,9.998776987998411192e-01
-7.883199999999999363e+02,9.999735110156577900e-01
-7.877999999999999545e+02,1.000067818106877171e+00
-7.872799999999999727e+02,1.000161883522400652e+00
-7.867599999999999909e+02,1.000254140825719062e+00
-7.862400000000000091e+02,1.000346252980567785e+00
-7.857200000000000273e+02,1.000437500755257281e+00
-7.851999999999999318e+02,1.000528223880473355e+00
-7.846800000000000637e+02,1.000617437194704751e+00
-7.841599999999999682e+02,1.000706418067389913e+00
-7.836400000000001000e+02,1.000794698055740506e+00
-7.831200000000000045e+02,1.000882400955297236e+00
-7.826000000000000227e+02,1.000969256683911013e+00
-7.820799999999999272e+02,1.001055427398919617e+00
-7.815600000000000591e+02,1.001140826083054991e+00
-7.810399999999999636e+02,1.001225776106379195e+00
-7.805200000000000955e+02,1.001310280587604185e+00
-7.800000000000000000e+02,1.001393540590093556e+00
-7.794799999999999045e+02,1.001476102997540307e+00
-7.789600000000000364e+02,1.001558523124837841e+00
-7.784399999999999409e+02,1.001640776874887617e+00
-7.779200000000000728e+02,1.001721866613001222e+00
-7.773999999999999773e+02,1.001802774378234506e+00
-7.768799999999999955e+02,1.001882286167276037e+00
-7.763599999999999000e+02,1.001961789919093349e+00
-7.758400000000000318e+02,1.002040822341634607e+00
-7.753199999999999363e+02,1.002119829062797285e+00
-7.748000000000000682e+02,1.002197384757331111e+00
-7.742799999999999727e+02,1.002274880356809561e+00
-7.737599999999999909e+02,1.002351462301033225e+00
-7.732400000000000091e+02,1.002427781372162485e+00
-7.727200000000000273e+02,1.002502834683237865e+00
-7.722000000000000455e+02,1.002577798267692222e+00
-7.716800000000000637e+02,1.002652279995942530e+00
-7.711599999999999682e+02,1.002726386632099009e+00
-7.706399999999998727e+02,1.002799716730333524e+00
-7.701200000000000045e+02,1.002872502721362524e+00
-7.695999999999999091e+02,1.002944562240049020e+00
-7.690800000000000409e+02,1.003015904639873890e+00
-7.685599999999999454e+02,1.003086616491402960e+00
-7.680399999999999636e+02,1.003156719328846869e+00
-7.675199999999999818e+02,1.003226409460130197e+00
-7.670000000000000000e+02,1.003294932070332379e+00
-7.664800000000000182e+02,1.003362989570210306e+00
-7.659600000000000364e+02,1.003429533279110997e+00
-7.654399999999999409e+02,1.003495740718483020e+00
-7.649200000000000728e+02,1.003560576950716765e+00
-7.643999999999999773e+02,1.003625206255025049e+00
-7.638800000000001091e+02,1.003687767115892582e+00
-7.633600000000000136e+02,1.003750018011839273e+00
-7.628400000000000318e+02,1.003810525486056537e+00
-7.623199999999999363e+02,1.003870559391214501e+00
-7.618000000000000682e+02,1.003928321895949161e+00
-7.612799999999999727e+02,1.003985482670027629e+00
-7.607599999999999909e+02,1.004041303629647608e+00
-7.602400000000000091e+02,1.004095985110294631e+00
-7.597199999999999136e+02,1.004148515758044091e+00
-7.592000000000000455e+02,1.004199522631296082e+00
-7.586799999999999500e+02,1.004248495475794867e+00
-7.581600000000000819e+02,1.004295915418757845e+00
-7.576399999999999864e+02,1.004342061358117544e+00
-7.571200000000000045e+02,1.004386039502334516e+00
-7.565999999999999091e+02,1.004428575695611503e+00
-7.560800000000000409e+02,1.004468145902789544e+00
-7.555599999999999454e+02,1.004506263920174280e+00
-7.550400000000000773e+02,1.004541534132417757e+00
-7.545199999999999818e+02,1.004576035079591589e+00
-7.540000000000000000e+02,1.004606773588501367e+00
-7.534800000000000182e+02,1.004636878194326455e+00
-7.529600000000000364e+02,1.004662734256612122e+00
-7.524400000000000546e+02,1.004688082851368458e+00
-7.519199999999999591e+02,1.004708971769514125e+00
-7.513999999999999773e+02,1.004729269371584355e+00
-7.508799999999998818e+02,1.004745196731781753e+00
-7.503600000000000136e+02,1.004760325288478029e+00
-7.498399999999999181e+02,1.004771829685357831e+00
-7.493200000000000500e+02,1.004782174812569817e+00
-7.487999999999999545e+02,1.004788765762613778e+00
-7.482799999999999727e+02,1.004793862432884044e+00
-7.477599999999999909e+02,1.004795682521404165e+00
-7.472400000000000091e+02,1.004795839114775990e+00
-7.467200000000000273e+02,1.004793583045573646e+00
-7.462000000000000455e+02,1.004789470278655727e+00
-7.456799999999999500e+02,1.004783430612083528e+00
-7.451600000000000819e+02,1.004775215455652182e+00
-7.446399999999999864e+02,1.004765220828750971e+00
-7.441200000000001182e+02,1.004753085538858448e+00
-7.436000000000000227e+02,1.004739585928625667e+00
-7.430800000000000409e+02,1.004724445622357853e+00
-7.425599999999999454e+02,1.004708593673903749e+00
-7.420399999999999636e+02,1.004691450190493551e+00
-7.415199999999999818e+02,1.004673908368497903e+00
-7.410000000000000000e+02,1.004655628852567206e+00
-7.404800000000000182e+02,1.004637177945684412e+00
-7.399599999999999227e+02,1.004618310978752538e+00
-7.394400000000000546e+02,1.004599335781255709e+00
-7.389199999999999591e+02,1.004581154242207397e+00
-7.384000000000000909e+02,1.004563219347555325e+00
-7.378799999999999955e+02,1.004546785048270330e+00
-7.373600000000000136e+02,1.004530997402707460e+00
-7.368399999999999181e+02,1.004517313099241083e+00
-7.363200000000000500e+02,1.004504793525139661e+00
-7.357999999999999545e+02,1.004494836578273098e+00
-7.352800000000000864e+02,1.004486719638101100e+00
-7.347599999999999909e+02,1.004481456145696727e+00
-7.342400000000000091e+02,1.004478637984010270e+00
-7.337200000000000273e+02,1.004478454550332467e+00
-7.331999999999999318e+02,1.004481866694372449e+00
-7.326800000000000637e+02,1.004488632586039154e+00
-7.321599999999999682e+02,1.004499740096056692e+00
-7.316399999999999864e+02,1.004513613250435977e+00
-7.311199999999998909e+02,1.004532553849854182e+00
-7.306000000000000227e+02,1.004553655769238052e+00
-7.300799999999999272e+02,1.004581286958829311e+00
-7.295600000000000591e+02,1.004611096353187794e+00
-7.290399999999999636e+02,1.004648062341623849e+00
-7.285199999999999818e+02,1.004686359270150930e+00
-7.280000000000000000e+02,1.004732990975066853e+00
-7.274800000000000182e+02,1.004780479736434584e+00
-7.269600000000000364e+02,1.004836136943863867e+00
-7.264400000000000546e+02,1.004892320311052689e+00
-7.259199999999999591e+02,1.004956933077305603e+00
-7.254000000000000909e+02,1.005022784966481675e+00
-7.248799999999999955e+02,1.005095614943832372e+00
-7.243600000000001273e+02,1.005170193988325300e+00
-7.238400000000000318e+02,1.005250746361416203e+00
-7.233199999999999363e+02,1.005333552890613547e+00
-7.227999999999999545e+02,1.005421836980048722e+00
-7.222799999999999727e+02,1.005512621638517290e+00
-7.217599999999999909e+02,1.005607423540950673e+00
-7.212400000000000091e+02,1.005704920045417783e+00
-7.207200000000000273e+02,1.005805504230220082e+00
-7.201999999999999318e+02,1.005909020849276470e+00
-7.196800000000000637e+02,1.006015142135194385e+00
-7.191599999999999682e+02,1.006123888394505395e+00
-7.186400000000001000e+02,1.006234196155390226e+00
-7.181200000000000045e+02,1.006347145857265923e+00
-7.176000000000000227e+02,1.006461347145751750e+00
-7.170799999999999272e+02,1.006577551881241428e+00
-7.165600000000000591e+02,1.006694267327748582e+00
-7.160399999999999636e+02,1.006812572189543786e+00
-7.155200000000000955e+02,1.006931064182445601e+00
-7.150000000000000000e+02,1.007050965253211583e+00
-7.144799999999999045e+02,1.007171009518162519e+00
-7.139600000000000364e+02,1.007291891564452202e+00
-7.134399999999999409e+02,1.007412852819325355e+00
-7.129200000000000728e+02,1.007533547707151866e+00
-7.123999999999999773e+02,1.007654226775832607e+00
-7.118799999999999955e+02,1.007774647641229704e+00
-7.113599999999999000e+02,1.007894966854478547e+00
-7.108400000000000318e+02,1.008014243942483290e+00
-7.103199999999999363e+02,1.008133247711286540e+00
-7.098000000000000682e+02,1.008251539056550516e+00
-7.092799999999999727e+02,1.008369357892432427e+00
-7.087599999999999909e+02,1.008485900077640052e+00
-7.082400000000000091e+02,1.008602030045382625e+00
-7.077200000000000273e+02,1.008717732498000785e+00
-7.072000000000000455e+02,1.008832532130798931e+00
-7.066800000000000637e+02,1.008946221342581051e+00
-7.061599999999999682e+02,1.009058862911618615e+00
-7.056399999999998727e+02,1.009170560625001656e+00
-7.051200000000000045e+02,1.009281317667389599e+00
-7.045999999999999091e+02,1.009391562390166364e+00
-7.040800000000000409e+02,1.009500803011929904e+00
-7.035599999999999454e+02,1.009609676320611271e+00
-7.030399999999999636e+02,1.009717503828863494e+00
-7.025199999999999818e+02,1.009825107143883960e+00
-7.020000000000000000e+02,1.009931322735262205e+00
-7.014800000000000182e+02,1.010037280570611484e+00
-7.009600000000000364e+02,1.010142267932990112e+00
-7.004399999999999409e+02,1.010247255763946139e+00
-6.999200000000000728e+02,1.010351410710811360e+00
-6.993999999999999773e+02,1.010455556119991272e+00
-6.988800000000001091e+02,1.010559111421509337e+00
-6.983600000000000136e+02,1.010662586315283162e+00
-6.978400000000000318e+02,1.010765185487878970e+00
-6.973199999999999363e+02,1.010867712922897121e+00
-6.968000000000000682e+02,1.010970042891354392e+00
-6.962799999999999727e+02,1.011072455119738978e+00
-6.957599999999999909e+02,1.011175204451278287e+00
-6.952400000000000091e+02,1.011277700010953851e+00
-6.947199999999999136e+02,1.011379395212982368e+00
-6.942000000000000455e+02,1.011481420933116881e+00
-6.936799999999999500e+02,1.011583856113636326e+00
-6.931600000000000819e+02,1.011686488251607230e+00
-6.926399999999999864e+02,1.011789228230324023e+00
-6.921200000000000045e+02,1.011891968419046606e+00
-6.915999999999999091e+02,1.011994615855981827e+00
-6.910800000000000409e+02,1.012097638984602366e+00
-6.905599999999999454e+02,1.012200801079236490e+00
-6.900400000000000773e+02,1.012304487538541409e+00
-6.895199999999999818e+02,1.012408271225107015e+00
-6.890000000000000000e+02,1.012512654335787410e+00
-6.884800000000000182e+02,1.012617124800293533e+00
-6.879600000000000364e+02,1.012722350558483031e+00
-6.874400000000000546e+02,1.012827668578888396e+00
-6.869199999999999591e+02,1.012933281648466188e+00
-6.863999999999999773e+02,1.013038958281695212e+00
-6.858799999999998818e+02,1.013145908957799879e+00
-6.853600000000000136e+02,1.013253079663349432e+00
-6.848399999999999181e+02,1.013360468828111260e+00
-6.843200000000000500e+02,1.013468215934094863e+00
-6.837999999999999545e+02,1.013577174991546537e+00
-6.832799999999999727e+02,1.013686431280746536e+00
-6.827599999999999909e+02,1.013795918360054227e+00
-6.822400000000000091e+02,1.013905906792557321e+00
-6.817200000000000273e+02,1.014016546775717398e+00
-6.812000000000000455e+02,1.014127760588047655e+00
-6.806799999999999500e+02,1.014239626172680486e+00
-6.801600000000000819e+02,1.014352165854070842e+00
-6.796399999999999864e+02,1.014465290913965534e+00
-6.791200000000001182e+02,1.014579262231949830e+00
-6.786000000000000227e+02,1.014693698915783093e+00
-6.780800000000000409e+02,1.014809207702678684e+00
-6.775599999999999454e+02,1.014925066614159821e+00
-6.770399999999999636e+02,1.015042164258305624e+00
-6.765199999999999818e+02,1.015159534901536320e+00
-6.760000000000000000e+02,1.015277978683280180e+00
-6.754800000000000182e+02,1.015396430878682921e+00
-6.749599999999999227e+02,1.015517058498546898e+00
-6.744400000000000546e+02,1.015637910401662403e+00
-6.739199999999999591e+02,1.015760456344173335e+00
-6.734000000000000909e+02,1.015883305388491031e+00
-6.728799999999999955e+02,1.016007346394638633e+00
-6.723600000000000136e+02,1.016131900812011102e+00
-6.718399999999999181e+02,1.016258579630024750e+00
-6.713200000000000500e+02,1.016385914804403434e+00
-6.707999999999999545e+02,1.016514405552940925e+00
-6.702800000000000864e+02,1.016643808863915144e+00
-6.697599999999999909e+02,1.016774778735674678e+00
-6.692400000000000091e+02,1.016907066940856641e+00
-6.687200000000000273e+02,1.017041193147545597e+00
-6.681999999999999318e+02,1.017176627446304993e+00
-6.676800000000000637e+02,1.017313111596196862e+00
-6.671599999999999682e+02,1.017451462846847843e+00
-6.666399999999999864e+02,1.017591026794349540e+00
-6.661199999999998909e+02,1.017732808246490706e+00
-6.656000000000000227e+02,1.017875633169054161e+00
-6.650799999999999272e+02,1.018021108202332270e+00
-6.645600000000000591e+02,1.018167447885621968e+00
-6.640399999999999636e+02,1.018316951822792138e+00
-6.635199999999999818e+02,1.018467044694075341e+00
-6.630000000000000000e+02,1.018620843745498217e+00
-6.624800000000000182e+02,1.018774962615700108e+00
-6.619600000000000364e+02,1.018933245523909070e+00
-6.614400000000000546e+02,1.019091965474019146e+00
-6.609199999999999591e+02,1.019254749030765739e+00
-6.604000000000000909e+02,1.019418381119357120e+00
-6.598799999999999955e+02,1.019585927089180499e+00
-6.593600000000001273e+02,1.019754745080931668e+00
-6.588400000000000318e+02,1.019927341158408884e+00
-6.583199999999999363e+02,1.020101623308532268e+00
-6.577999999999999545e+02,1.020279479175187909e+00
-6.572799999999999727e+02,1.020459419503836118e+00
-6.567599999999999909e+02,1.020642310789096063e+00
-6.562400000000000091e+02,1.020828083476811088e+00
-6.557200000000000273e+02,1.021017253088345011e+00
-6.551999999999999318e+02,1.021209708887646839e+00
-6.546800000000000637e+02,1.021404879825291268e+00
-6.541599999999999682e+02,1.021603734470118985e+00
-6.536400000000001000e+02,1.021804598048062784e+00
-6.531200000000000045e+02,1.022010243928927142e+00
-6.526000000000000227e+02,1.022218067218354287e+00
-6.520799999999999272e+02,1.022431032850638521e+00
-6.515600000000000591e+02,1.022645470565970882e+00
-6.510399999999999636e+02,1.022865331087096097e+00
-6.505200000000000955e+02,1.023085999570545468e+00
-6.500000000000000000e+02,1.023313106942949746e+00
-6.494799999999999045e+02,1.023540801434051017e+00
-6.489600000000000364e+02,1.023775712323423903e+00
-6.484399999999999409e+02,1.024011486020926620e+00
-6.479200000000000728e+02,1.024253064528013235e+00
-6.473999999999999773e+02,1.024495884311708682e+00
-6.468799999999999955e+02,1.024745044624511658e+00
-6.463599999999999000e+02,1.024996016651304132e+00
-6.458400000000000318e+02,1.025251695812850583e+00
-6.453199999999999363e+02,1.025509719165051958e+00
-6.448000000000000682e+02,1.025772446295692308e+00
-6.442799999999999727e+02,1.026037988393275313e+00
-6.437599999999999909e+02,1.026307612278845038e+00
-6.432400000000000091e+02,1.026580489514161032e+00
-6.427200000000000273e+02,1.026856852742164206e+00
-6.422000000000000455e+02,1.027136809164127307e+00
-6.416800000000000637e+02,1.027419713219511976e+00
-6.411599999999999682e+02,1.027706523902879088e+00
-6.406399999999998727e+02,1.027995683880043476e+00
-6.401200000000000045e+02,1.028288969916892892e+00
-6.396000000000000227e+02,1.028584036504653909e+00
-6.390800000000000409e+02,1.028883361842541255e+00
-6.385600000000000591e+02,1.029183937105380142e+00
-6.380399999999999636e+02,1.029488815818664360e+00
-6.375199999999999818e+02,1.029794418343741746e+00
-6.370000000000000000e+02,1.030104243878884107e+00
-6.364800000000000182e+02,1.030414507899279020e+00
-6.359599999999999227e+02,1.030728045503370938e+00
-6.354399999999999409e+02,1.031041928513743544e+00
-6.349199999999999591e+02,1.031359181360137045e+00
-6.343999999999999773e+02,1.031676971433089118e+00
-6.338799999999999955e+02,1.031996853159644845e+00
-6.333600000000000136e+02,1.032317199959651433e+00
-6.328400000000000318e+02,1.032638386841152389e+00
-6.323199999999999363e+02,1.032959965513447154e+00
-6.317999999999999545e+02,1.033282671528959584e+00
-6.312799999999999727e+02,1.033605268930438248e+00
-6.307599999999999909e+02,1.033927532586524034e+00
-6.302400000000000091e+02,1.034249360544707619e+00
-6.297200000000000273e+02,1.034570817873313731e+00
-6.292000000000000455e+02,1.034891356446108857e+00
-6.286800000000000637e+02,1.035211560583191526e+00
-6.281600000000000819e+02,1.035529583748653559e+00
-6.276399999999999864e+02,1.035846430938251572e+00
-6.271200000000000045e+02,1.036160350127378393e+00
-6.265999999999999091e+02,1.036473350139090810e+00
-6.260799999999999272e+02,1.036782241849554254e+00
-6.255599999999999454e+02,1.037090327709783821e+00
-6.250399999999999636e+02,1.037392910657704670e+00
-6.245199999999999818e+02,1.037694938278238110e+00
-6.240000000000000000e+02,1.037989993106774200e+00
-6.234800000000000182e+02,1.038284632034627952e+00
-6.229600000000000364e+02,1.038571132894273941e+00
-6.224400000000000546e+02,1.038856759335630153e+00
-6.219199999999999591e+02,1.039133962165375236e+00
-6.213999999999999773e+02,1.039409302235700050e+00
-6.208799999999999955e+02,1.039676097606701211e+00
-6.203600000000000136e+02,1.039939871868789112e+00
-6.198400000000000318e+02,1.040194719868898110e+00
-6.193200000000000500e+02,1.040445373306486454e+00
-6.188000000000000682e+02,1.040688236059345684e+00
-6.182799999999999727e+02,1.040925439883950254e+00
-6.177599999999999909e+02,1.041154858601379019e+00
-6.172400000000000091e+02,1.041376885174827738e+00
-6.167200000000000273e+02,1.041591370768810254e+00
-6.161999999999999318e+02,1.041796953005614590e+00
-6.156799999999999500e+02,1.041996199655535360e+00
-6.151599999999999682e+02,1.042184989280591001e+00
-6.146399999999999864e+02,1.042368665596015598e+00
-6.141200000000000045e+02,1.042539493635429082e+00
-6.136000000000000227e+02,1.042705668099343619e+00
-6.130800000000000409e+02,1.042857472277249009e+00
-6.125599999999999454e+02,1.043006074759321278e+00
-6.120399999999999636e+02,1.043138438384566768e+00
-6.115199999999999818e+02,1.043268925652805601e+00
-6.110000000000000000e+02,1.043381277106607774e+00
-6.104800000000000182e+02,1.043492400860412728e+00
-6.099600000000000364e+02,1.043584798693652838e+00
-6.094400000000000546e+02,1.043675193543797342e+00
-6.089200000000000728e+02,1.043748230283858103e+00
-6.084000000000000909e+02,1.043817606336023607e+00
-6.078799999999999955e+02,1.043870794140666192e+00
-6.073600000000000136e+02,1.043918740180900029e+00
-6.068399999999999181e+02,1.043952215870790790e+00
-6.063199999999999363e+02,1.043978815945585170e+00
-6.057999999999999545e+02,1.043992437095161874e+00
-6.052799999999999727e+02,1.043997416443127602e+00
-6.047599999999999909e+02,1.043990603358830205e+00
-6.042400000000000091e+02,1.043973947359523535e+00
-6.037200000000000273e+02,1.043947984589866707e+00
-6.032000000000000455e+02,1.043910306299369983e+00
-6.026800000000000637e+02,1.043864302964919055e+00
-6.021599999999999682e+02,1.043805660261008850e+00
-6.016399999999999864e+02,1.043741011362335325e+00
-6.011200000000000045e+02,1.043662105995318168e+00
-6.006000000000000227e+02,1.043578282605631902e+00
-6.000800000000000409e+02,1.043479147511967131e+00
-5.995600000000000591e+02,1.043376846225086307e+00
-5.990400000000000773e+02,1.043258936814018156e+00
-5.985199999999999818e+02,1.043139596606908581e+00
-5.980000000000000000e+02,1.043003121187988214e+00
-5.974800000000000182e+02,1.042865602562980554e+00
-5.969600000000000364e+02,1.042712114183527827e+00
-5.964399999999999409e+02,1.042557101314008028e+00
-5.959199999999999591e+02,1.042388189376316054e+00
-5.953999999999999773e+02,1.042216602631738986e+00
-5.948799999999999955e+02,1.042033188392043064e+00
-5.943600000000000136e+02,1.041846122900182969e+00
-5.938400000000000318e+02,1.041649111578699882e+00
-5.933200000000000500e+02,1.041447621172082671e+00
-5.927999999999999545e+02,1.041237991300207666e+00
-5.922799999999999727e+02,1.041023237036180937e+00
-5.917599999999999909e+02,1.040802033398438464e+00
-5.912400000000000091e+02,1.040575035774185420e+00
-5.907200000000000273e+02,1.040342729124430265e+00
-5.902000000000000455e+02,1.040104727744662449e+00
-5.896800000000000637e+02,1.039863508546951198e+00
-5.891599999999999682e+02,1.039616259864386771e+00
-5.886399999999999864e+02,1.039366654664944045e+00
-5.881200000000000045e+02,1.039110820403731150e+00
-5.876000000000000227e+02,1.038853396016703678e+00
-5.870799999999999272e+02,1.038590606872600519e+00
-5.865599999999999454e+02,1.038327457565493939e+00
-5.860399999999999636e+02,1.038059111705211368e+00
-5.855199999999999818e+02,1.037790819040921741e+00
-5.850000000000000000e+02,1.037517566895963306e+00
-5.844800000000000182e+02,1.037244481094430570e+00
-5.839600000000000364e+02,1.036968428279775756e+00
-5.834400000000000546e+02,1.036692645732582685e+00
-5.829200000000000728e+02,1.036414248701690743e+00
-5.823999999999999773e+02,1.036135919032404207e+00
-5.818799999999999955e+02,1.035856550055026748e+00
-5.813600000000000136e+02,1.035577346414993549e+00
-5.808400000000000318e+02,1.035298480338889160e+00
-5.803199999999999363e+02,1.035019807715594986e+00
-5.797999999999999545e+02,1.034741360414627609e+00
-5.792799999999999727e+02,1.034463382337960757e+00
-5.787599999999999909e+02,1.034186699311718138e+00
-5.782400000000000091e+02,1.033910870163734508e+00
-5.777200000000000273e+02,1.033636761464353127e+00
-5.772000000000000455e+02,1.033364134228937470e+00
-5.766799999999999500e+02,1.033093942788032571e+00
-5.761599999999999682e+02,1.032825300309597960e+00
-5.756399999999999864e+02,1.032558529192919794e+00
-5.751200000000000045e+02,1.032294312420635185e+00
-5.746000000000000227e+02,1.032032157377313242e+00
-5.740800000000000409e+02,1.031773359849647465e+00
-5.735600000000000591e+02,1.031516395912207118e+00
-5.730399999999999636e+02,1.031263603463260070e+00
-5.725199999999999818e+02,1.031012422857366717e+00
-5.720000000000000000e+02,1.030766286678210575e+00
-5.714800000000000182e+02,1.030521552359540127e+00
-5.709599999999999227e+02,1.030282305990136926e+00
-5.704399999999999409e+02,1.030044694142026263e+00
-5.699199999999999591e+02,1.029812619533636564e+00
-5.693999999999999773e+02,1.029582554070470168e+00
-5.688799999999999955e+02,1.029357971497218083e+00
-5.683600000000000136e+02,1.029135839372154360e+00
-5.678400000000000318e+02,1.028919103160291115e+00
-5.673199999999999363e+02,1.028705198104915786e+00
-5.667999999999999545e+02,1.028496613447357211e+00
-5.662799999999999727e+02,1.028291227236254546e+00
-5.657599999999999909e+02,1.028090992431097916e+00
-5.652400000000000091e+02,1.027894394588439564e+00
-5.647200000000000273e+02,1.027702731287097215e+00
-5.642000000000000455e+02,1.027515095742314921e+00
-5.636800000000000637e+02,1.027332164082061183e+00
-5.631600000000000819e+02,1.027153726331071937e+00
-5.626399999999999864e+02,1.026979581655238949e+00
-5.621200000000000045e+02,1.026810560347599655e+00
-5.615999999999999091e+02,1.026645267641816961e+00
-5.610799999999999272e+02,1.026485770507439055e+00
-5.605599999999999454e+02,1.026329352349813595e+00
-5.600399999999999636e+02,1.026179426852744436e+00
-5.595199999999999818e+02,1.026032026994405433e+00
-5.590000000000000000e+02,1.025891753397375705e+00
-5.584800000000000182e+02,1.025753696162751805e+00
-5.579600000000000364e+02,1.025622784019737166e+00
-5.574400000000000546e+02,1.025494243208787459e+00
-5.569199999999999591e+02,1.025372547579688431e+00
-5.563999999999999773e+02,1.025253545011795442e+00
-5.558799999999999955e+02,1.025141088440073789e+00
-5.553600000000000136e+02,1.025031602566121025e+00
-5.548400000000000318e+02,1.024928401861457061e+00
-5.543200000000000500e+02,1.024828396080317061e+00
-5.538000000000000682e+02,1.024734443123585859e+00
-5.532799999999999727e+02,1.024643974003058400e+00
-5.527599999999999909e+02,1.024559852856517628e+00
-5.522400000000000091e+02,1.024479013336874189e+00
-5.517200000000000273e+02,1.024403602307760064e+00
-5.511999999999999318e+02,1.024331762061080564e+00
-5.506799999999999500e+02,1.024265661147412798e+00
-5.501599999999999682e+02,1.024203301684606160e+00
-5.496399999999999864e+02,1.024146177255190526e+00
-5.491200000000000045e+02,1.024093383946914404e+00
-5.486000000000000227e+02,1.024045240203508733e+00
-5.480800000000000409e+02,1.024002331797768894e+00
-5.475599999999999454e+02,1.023963595748792699e+00
-5.470399999999999636e+02,1.023929967278463193e+00
-5.465199999999999818e+02,1.023899654364615941e+00
-5.460000000000000000e+02,1.023875335700610734e+00
-5.454800000000000182e+02,1.023854138596678176e+00
-5.449600000000000364e+02,1.023839484985515469e+00
-5.444400000000000546e+02,1.023828042538124761e+00
-5.439200000000000728e+02,1.023822073594182980e+00
-5.434000000000000909e+02,1.023819231685744624e+00
-5.428799999999999955e+02,1.023822915842631076e+00
-5.423600000000000136e+02,1.023829672529500190e+00
-5.418399999999999181e+02,1.023842000653513828e+00
-5.413199999999999363e+02,1.023857447905933915e+00
-5.407999999999999545e+02,1.023879548142872853e+00
-5.402799999999999727e+02,1.023904410295721545e+00
-5.397599999999999909e+02,1.023935205794616277e+00
-5.392400000000000091e+02,1.023968910651098740e+00
-5.387200000000000273e+02,1.024009493743932353e+00
-5.382000000000000455e+02,1.024052612559761100e+00
-5.376800000000000637e+02,1.024102524894680455e+00
-5.371599999999999682e+02,1.024154805425723236e+00
-5.366399999999999864e+02,1.024213253693689873e+00
-5.361200000000000045e+02,1.024275080051116227e+00
-5.356000000000000227e+02,1.024343015005467761e+00
-5.350800000000000409e+02,1.024414606824834539e+00
-5.345600000000000591e+02,1.024491500544834066e+00
-5.340400000000000773e+02,1.024572698385818992e+00
-5.335199999999999818e+02,1.024658595900179936e+00
-5.330000000000000000e+02,1.024749385820028724e+00
-5.324800000000000182e+02,1.024844494849282528e+00
-5.319600000000000364e+02,1.024944772879118116e+00
-5.314399999999999409e+02,1.025049070496667269e+00
-5.309199999999999591e+02,1.025158818251520110e+00
-5.303999999999999773e+02,1.025272316877635870e+00
-5.298799999999999955e+02,1.025391591586066076e+00
-5.293600000000000136e+02,1.025514269826818037e+00
-5.288400000000000318e+02,1.025643578373647724e+00
-5.283200000000000500e+02,1.025775863286266576e+00
-5.277999999999999545e+02,1.025914176035401804e+00
-5.272799999999999727e+02,1.026055107114034470e+00
-5.267599999999999909e+02,1.026202949952913723e+00
-5.262400000000000091e+02,1.026353141777441413e+00
-5.257200000000000273e+02,1.026510977092621513e+00
-5.252000000000000455e+02,1.026670313971355109e+00
-5.246800000000000637e+02,1.026837019706997811e+00
-5.241599999999999682e+02,1.027005693571735989e+00
-5.236399999999999864e+02,1.027181823005312689e+00
-5.231200000000000045e+02,1.027360186400877895e+00
-5.226000000000000227e+02,1.027544977204178700e+00
-5.220799999999999272e+02,1.027732212064820017e+00
-5.215599999999999454e+02,1.027925032416960205e+00
-5.210399999999999636e+02,1.028121551777827047e+00
-5.205199999999999818e+02,1.028323243273559173e+00
-5.200000000000000000e+02,1.028528827879620522e+00
-5.194800000000000182e+02,1.028738812047613971e+00
-5.189600000000000364e+02,1.028952903372827965e+00
-5.184400000000000546e+02,1.029170910559587204e+00
-5.179200000000000728e+02,1.029393327095167177e+00
-5.173999999999999773e+02,1.029619069152613919e+00
-5.168799999999999955e+02,1.029849432101544782e+00
-5.163600000000000136e+02,1.030082606369276732e+00
-5.158400000000000318e+02,1.030320551888971536e+00
-5.153199999999999363e+02,1.030560907870074594e+00
-5.147999999999999545e+02,1.030806556907317484e+00
-5.142799999999999727e+02,1.031053897361090543e+00
-5.137599999999999909e+02,1.031305682776827437e+00
-5.132400000000000091e+02,1.031559077166794847e+00
-5.127200000000000273e+02,1.031817499869473131e+00
-5.122000000000000455e+02,1.032076711191922236e+00
-5.116800000000000068e+02,1.032340126197203833e+00
-5.111599999999999682e+02,1.032604277314352226e+00
-5.106399999999999864e+02,1.032871764801462700e+00
-5.101200000000000045e+02,1.033142769926068683e+00
-5.096000000000000227e+02,1.033418354861145527e+00
-5.090800000000000409e+02,1.033691870964246862e+00
-5.085600000000000023e+02,1.033965406182435709e+00
-5.080400000000000205e+02,1.034240281262837291e+00
-5.075200000000000387e+02,1.034516269623958262e+00
-5.070000000000000000e+02,1.034797654145055423e+00
-5.064800000000000182e+02,1.035080600214737467e+00
-5.059599999999999795e+02,1.035359792330022621e+00
-5.054399999999999409e+02,1.035638364396602507e+00
-5.049199999999999591e+02,1.035922195241519184e+00
-5.043999999999999773e+02,1.036205846503429173e+00
-5.038799999999999955e+02,1.036483955808049640e+00
-5.033600000000000136e+02,1.036761516546598649e+00
-5.028399999999999750e+02,1.037037764406353091e+00
-5.023199999999999932e+02,1.037314355134744570e+00
-5.018000000000000114e+02,1.037592801700404355e+00
-5.012799999999999727e+02,1.037869358807998577e+00
-5.007599999999999909e+02,1.038138325292519148e+00
-5.002400000000000091e+02,1.038408774740528395e+00
-4.997200000000000273e+02,1.038677455308438580e+00
-4.992000000000000455e+02,1.038944163854913949e+00
-4.986800000000000068e+02,1.039200928575506611e+00
-4.981600000000000250e+02,1.039460378352421221e+00
-4.976400000000000432e+02,1.039714955763260562e+00
-4.971200000000000045e+02,1.039966011037050775e+00
-4.965999999999999659e+02,1.040206940141776171e+00
-4.960799999999999841e+02,1.040449811052533535e+00
-4.955599999999999454e+02,1.040686398901689680e+00
-4.950399999999999636e+02,1.040916785941206957e+00
-4.945199999999999818e+02,1.041137546647207257e+00
-4.940000000000000000e+02,1.041358757958533277e+00
-4.934800000000000182e+02,1.041573179318837417e+00
-4.929599999999999795e+02,1.041777790598036546e+00
-4.924399999999999977e+02,1.041974381339328293e+00
-4.919200000000000159e+02,1.042169059769912920e+00
-4.913999999999999773e+02,1.042357115403814261e+00
-4.908799999999999955e+02,1.042531412187607920e+00
-4.903600000000000136e+02,1.042700459718181039e+00
-4.898400000000000318e+02,1.042863493600787006e+00
-4.893200000000000500e+02,1.043020778957597594e+00
-4.888000000000000114e+02,1.043161287510878443e+00
-4.882800000000000296e+02,1.043299629277976370e+00
-4.877600000000000477e+02,1.043426985872560886e+00
-4.872399999999999523e+02,1.043550285059724692e+00
-4.867199999999999704e+02,1.043653304768245693e+00
-4.861999999999999886e+02,1.043757668343801237e+00
-4.856799999999999500e+02,1.043846204580406445e+00
-4.851599999999999682e+02,1.043931351575201560e+00
-4.846399999999999864e+02,1.043995640310638295e+00
-4.841200000000000045e+02,1.044060617851515493e+00
-4.836000000000000227e+02,1.044110823681996036e+00
-4.830799999999999841e+02,1.044157165816490096e+00
-4.825600000000000023e+02,1.044187833914707486e+00
-4.820400000000000205e+02,1.044209211797364922e+00
-4.815199999999999818e+02,1.044214641308606417e+00
-4.810000000000000000e+02,1.044217239714986922e+00
-4.804800000000000182e+02,1.044208104685647509e+00
-4.799600000000000364e+02,1.044185492923757508e+00
-4.794400000000000546e+02,1.044150975449312346e+00
-4.789200000000000159e+02,1.044110944962558296e+00
-4.784000000000000341e+02,1.044061712713037160e+00
-4.778799999999999955e+02,1.044000363036855950e+00
-4.773599999999999568e+02,1.043930763181553756e+00
-4.768399999999999750e+02,1.043842798222321511e+00
-4.763199999999999932e+02,1.043749948568353236e+00
-4.757999999999999545e+02,1.043646165261318481e+00
-4.752799999999999727e+02,1.043538312404454160e+00
-4.747599999999999909e+02,1.043414125046846053e+00
-4.742400000000000091e+02,1.043285721042001235e+00
-4.737200000000000273e+02,1.043136292744571536e+00
-4.731999999999999886e+02,1.042988290198237245e+00
-4.726800000000000068e+02,1.042824917349253422e+00
-4.721600000000000250e+02,1.042658235924980081e+00
-4.716399999999999864e+02,1.042472498074912712e+00
-4.711200000000000045e+02,1.042287770188639495e+00
-4.706000000000000227e+02,1.042090934605810038e+00
-4.700800000000000409e+02,1.041890951086723804e+00
-4.695600000000000591e+02,1.041678707532218029e+00
-4.690400000000000205e+02,1.041458475402617934e+00
-4.685199999999999818e+02,1.041226450498647260e+00
-4.680000000000000000e+02,1.040993609659506491e+00
-4.674799999999999613e+02,1.040753222759019492e+00
-4.669599999999999795e+02,1.040507049322284994e+00
-4.664399999999999977e+02,1.040254079032318923e+00
-4.659199999999999591e+02,1.039989748973417560e+00
-4.653999999999999773e+02,1.039720202406673177e+00
-4.648799999999999955e+02,1.039448946009659425e+00
-4.643600000000000136e+02,1.039173899215965147e+00
-4.638400000000000318e+02,1.038891962901377308e+00
-4.633199999999999932e+02,1.038607548305437112e+00
-4.628000000000000114e+02,1.038316196815569192e+00
-4.622800000000000296e+02,1.038022051870567397e+00
-4.617599999999999909e+02,1.037717368451218647e+00
-4.612400000000000091e+02,1.037414063808451470e+00
-4.607200000000000273e+02,1.037107797110307095e+00
-4.602000000000000455e+02,1.036801781422049151e+00
-4.596800000000000637e+02,1.036489977265115936e+00
-4.591599999999999682e+02,1.036175966712055807e+00
-4.586399999999999864e+02,1.035855074328560832e+00
-4.581200000000000045e+02,1.035537352747349260e+00
-4.575999999999999659e+02,1.035218864685612417e+00
-4.570799999999999841e+02,1.034900418863507365e+00
-4.565600000000000023e+02,1.034580133097692034e+00
-4.560399999999999636e+02,1.034256128075799808e+00
-4.555199999999999818e+02,1.033929813045047608e+00
-4.550000000000000000e+02,1.033608006888717012e+00
-4.544800000000000182e+02,1.033287093684520208e+00
-4.539600000000000364e+02,1.032966677832292568e+00
-4.534399999999999977e+02,1.032646830888362066e+00
-4.529200000000000159e+02,1.032327851744902825e+00
-4.524000000000000341e+02,1.032009659012069758e+00
-4.518799999999999955e+02,1.031687805725545415e+00
-4.513600000000000136e+02,1.031367888007963751e+00
-4.508400000000000318e+02,1.031054457722078599e+00
-4.503199999999999363e+02,1.030742483803028131e+00
-4.497999999999999545e+02,1.030433103444748033e+00
-4.492799999999999727e+02,1.030123663498201836e+00
-4.487599999999999909e+02,1.029813803412849005e+00
-4.482400000000000091e+02,1.029507000608332890e+00
-4.477199999999999704e+02,1.029207692899744231e+00
-4.471999999999999886e+02,1.028909388191785457e+00
-4.466800000000000068e+02,1.028615972266910816e+00
-4.461599999999999682e+02,1.028323576084971602e+00
-4.456399999999999864e+02,1.028036125743619689e+00
-4.451200000000000045e+02,1.027747089559652327e+00
-4.446000000000000227e+02,1.027460698524031324e+00
-4.440800000000000409e+02,1.027179728007814541e+00
-4.435600000000000023e+02,1.026905128243634779e+00
-4.430400000000000205e+02,1.026632997281174076e+00
-4.425200000000000387e+02,1.026365176300440218e+00
-4.420000000000000000e+02,1.026100354757747191e+00
-4.414800000000000182e+02,1.025839484062263551e+00
-4.409599999999999795e+02,1.025577481751969611e+00
-4.404399999999999409e+02,1.025318424801871631e+00
-4.399199999999999591e+02,1.025068479305244029e+00
-4.393999999999999773e+02,1.024821730205907278e+00
-4.388799999999999955e+02,1.024579596315231989e+00
-4.383600000000000136e+02,1.024339934331170543e+00
-4.378399999999999750e+02,1.024105449198572826e+00
-4.373199999999999932e+02,1.023871757334100741e+00
-4.368000000000000114e+02,1.023639637975454209e+00
-4.362799999999999727e+02,1.023410235117990341e+00
-4.357599999999999909e+02,1.023190851126327239e+00
-4.352400000000000091e+02,1.022972030289480028e+00
-4.347200000000000273e+02,1.022760038744536581e+00
-4.342000000000000455e+02,1.022545720188875462e+00
-4.336800000000000068e+02,1.022335615932311592e+00
-4.331600000000000250e+02,1.022128123472962891e+00
-4.326400000000000432e+02,1.021929649847508115e+00
-4.321200000000000045e+02,1.021731622522896954e+00
-4.315999999999999659e+02,1.021539380085888515e+00
-4.310799999999999841e+02,1.021348048189905766e+00
-4.305599999999999454e+02,1.021161760156402920e+00
-4.300399999999999636e+02,1.020973011063052160e+00
-4.295199999999999818e+02,1.020787232699857494e+00
-4.290000000000000000e+02,1.020607622949386339e+00
-4.284800000000000182e+02,1.020432553175650625e+00
-4.279599999999999795e+02,1.020259782677314542e+00
-4.274399999999999977e+02,1.020089949072844115e+00
-4.269200000000000159e+02,1.019917753833464280e+00
-4.263999999999999773e+02,1.019747906234270030e+00
-4.258799999999999955e+02,1.019586186619936941e+00
-4.253600000000000136e+02,1.019425976397744016e+00
-4.248400000000000318e+02,1.019269325644893476e+00
-4.243200000000000500e+02,1.019113566568701446e+00
-4.238000000000000114e+02,1.018961738508788351e+00
-4.232800000000000296e+02,1.018808657914791915e+00
-4.227600000000000477e+02,1.018656146031016840e+00
-4.222399999999999523e+02,1.018505068256332802e+00
-4.217199999999999704e+02,1.018362025141897442e+00
-4.211999999999999886e+02,1.018218060383188739e+00
-4.206799999999999500e+02,1.018078919829536355e+00
-4.201599999999999682e+02,1.017936089267293065e+00
-4.196399999999999864e+02,1.017795056580952373e+00
-4.191200000000000045e+02,1.017656349361035328e+00
-4.186000000000000227e+02,1.017523649074400849e+00
-4.180799999999999841e+02,1.017390371964421059e+00
-4.175600000000000023e+02,1.017260537200467496e+00
-4.170400000000000205e+02,1.017130358412253521e+00
-4.165199999999999818e+02,1.017003309767048558e+00
-4.160000000000000000e+02,1.016871678980825866e+00
-4.154800000000000182e+02,1.016741792834283453e+00
-4.149600000000000364e+02,1.016616686705170025e+00
-4.144400000000000546e+02,1.016494266556729364e+00
-4.139200000000000159e+02,1.016372289918446636e+00
-4.134000000000000341e+02,1.016251565099732579e+00
-4.128799999999999955e+02,1.016126793976394271e+00
-4.123599999999999568e+02,1.016003794479066968e+00
-4.118399999999999750e+02,1.015886483700131571e+00
-4.113199999999999932e+02,1.015769774121677127e+00
-4.107999999999999545e+02,1.015654603076876716e+00
-4.102799999999999727e+02,1.015538032942213231e+00
-4.097599999999999909e+02,1.015419613224687323e+00
-4.092400000000000091e+02,1.015302784149102466e+00
-4.087200000000000273e+02,1.015191390230911095e+00
-4.081999999999999886e+02,1.015079415184356071e+00
-4.076800000000000068e+02,1.014969704079631052e+00
-4.071600000000000250e+02,1.014856585562162072e+00
-4.066399999999999864e+02,1.014742993758968925e+00
-4.061200000000000045e+02,1.014632006381238627e+00
-4.056000000000000227e+02,1.014524945420888891e+00
-4.050800000000000409e+02,1.014417491107030278e+00
-4.045600000000000591e+02,1.014311638919454417e+00
-4.040400000000000205e+02,1.014201607236135949e+00
-4.035199999999999818e+02,1.014091664713972829e+00
-4.030000000000000000e+02,1.013985872161234036e+00
-4.024799999999999613e+02,1.013882265932964932e+00
-4.019599999999999795e+02,1.013773848579587966e+00
-4.014399999999999977e+02,1.013665997957004850e+00
-4.009199999999999591e+02,1.013563330818259889e+00
-4.003999999999999773e+02,1.013461605957669986e+00
-3.998799999999999955e+02,1.013360079726677965e+00
-3.993600000000000136e+02,1.013258537895444844e+00
-3.988400000000000318e+02,1.013152759606325226e+00
-3.983199999999999932e+02,1.013048511123310735e+00
-3.978000000000000114e+02,1.012948909151736299e+00
-3.972800000000000296e+02,1.012849371519650932e+00
-3.967599999999999909e+02,1.012750633884493157e+00
-3.962400000000000091e+02,1.012649695622313439e+00
-3.957200000000000273e+02,1.012546491327097398e+00
-3.952000000000000455e+02,1.012445047801077580e+00
-3.946800000000000637e+02,1.012347678679889285e+00
-3.941599999999999682e+02,1.012246854514274208e+00
-3.936399999999999864e+02,1.012144610997556482e+00
-3.931200000000000045e+02,1.012044749466787241e+00
-3.925999999999999659e+02,1.011948001212155557e+00
-3.920799999999999841e+02,1.011850389587905630e+00
-3.915600000000000023e+02,1.011753715725514757e+00
-3.910399999999999636e+02,1.011652122576841117e+00
-3.905199999999999818e+02,1.011550149766488715e+00
-3.900000000000000000e+02,1.011451395220622329e+00
-3.894800000000000182e+02,1.011354313564180041e+00
-3.889600000000000364e+02,1.011251430670407458e+00
-3.884399999999999977e+02,1.011148530781247112e+00
-3.879200000000000159e+02,1.011049882331535477e+00
-3.874000000000000341e+02,1.010951065910156155e+00
-3.868799999999999955e+02,1.010846617637716882e+00
-3.863600000000000136e+02,1.010742677609228757e+00
-3.858400000000000318e+02,1.010642626837477076e+00
-3.853199999999999363e+02,1.010541931268107207e+00
-3.847999999999999545e+02,1.010440902572797617e+00
-3.842799999999999727e+02,1.010337236565043817e+00
-3.837599999999999909e+02,1.010229805328148656e+00
-3.832400000000000091e+02,1.010122803327564656e+00
-3.827199999999999704e+02,1.010019292810102165e+00
-3.821999999999999886e+02,1.009911521434542880e+00
-3.816800000000000068e+02,1.009801342076094288e+00
-3.811599999999999682e+02,1.009691696034658470e+00
-3.806399999999999864e+02,1.009585168269226507e+00
-3.801200000000000045e+02,1.009473074739241749e+00
-3.796000000000000227e+02,1.009359712468173909e+00
-3.790800000000000409e+02,1.009247407345960301e+00
-3.785600000000000023e+02,1.009137669261120918e+00
-3.780400000000000205e+02,1.009021455286232660e+00
-3.775200000000000387e+02,1.008905002955813979e+00
-3.770000000000000000e+02,1.008790561131329255e+00
-3.764800000000000182e+02,1.008677897692729530e+00
-3.759599999999999795e+02,1.008563459793935246e+00
-3.754399999999999409e+02,1.008449657043484882e+00
-3.749199999999999591e+02,1.008329602882984455e+00
-3.743999999999999773e+02,1.008210267819830808e+00
-3.738799999999999955e+02,1.008095370295825077e+00
-3.733600000000000136e+02,1.007980061693868556e+00
-3.728399999999999750e+02,1.007860478122022840e+00
-3.723199999999999932e+02,1.007742470722837069e+00
-3.718000000000000114e+02,1.007629278332085265e+00
-3.712799999999999727e+02,1.007515141075561171e+00
-3.707599999999999909e+02,1.007398605981867146e+00
-3.702400000000000091e+02,1.007284988277485249e+00
-3.697200000000000273e+02,1.007176355393846201e+00
-3.692000000000000455e+02,1.007066797441949602e+00
-3.686800000000000068e+02,1.006956353932855652e+00
-3.681600000000000250e+02,1.006850910009851496e+00
-3.676400000000000432e+02,1.006749934937284596e+00
-3.671200000000000045e+02,1.006648884289827350e+00
-3.665999999999999659e+02,1.006547767877037369e+00
-3.660799999999999841e+02,1.006454338433918183e+00
-3.655599999999999454e+02,1.006364377937420951e+00
-3.650399999999999636e+02,1.006275620531383863e+00
-3.645199999999999818e+02,1.006187231737833754e+00
-3.640000000000000000e+02,1.006109400667035692e+00
-3.634800000000000182e+02,1.006034150620688683e+00
-3.629599999999999795e+02,1.005960467079511256e+00
-3.624399999999999977e+02,1.005888628012798103e+00
-3.619200000000000159e+02,1.005828372018291228e+00
-3.613999999999999773e+02,1.005770586737753547e+00
-3.608799999999999955e+02,1.005714207953335437e+00
-3.603600000000000136e+02,1.005661999397448492e+00
-3.598400000000000318e+02,1.005620186538332295e+00
-3.593200000000000500e+02,1.005581154586690396e+00
-3.588000000000000114e+02,1.005543551182874307e+00
-3.582800000000000296e+02,1.005512042355418911e+00
-3.577600000000000477e+02,1.005489085095552904e+00
-3.572399999999999523e+02,1.005469101036978952e+00
-3.567199999999999704e+02,1.005450159403734833e+00
-3.561999999999999886e+02,1.005438918967164863e+00
-3.556799999999999500e+02,1.005434072482493502e+00
-3.551599999999999682e+02,1.005431987836958863e+00
-3.546399999999999864e+02,1.005430269829825862e+00
-3.541200000000000045e+02,1.005437389109373081e+00
-3.536000000000000227e+02,1.005448618146839168e+00
-3.530799999999999841e+02,1.005461767024334652e+00
-3.525600000000000023e+02,1.005474752719139442e+00
-3.520400000000000205e+02,1.005496965516397445e+00
-3.515199999999999818e+02,1.005521439989722543e+00
-3.510000000000000000e+02,1.005545977452588557e+00
-3.504800000000000182e+02,1.005570662355973255e+00
-3.499600000000000364e+02,1.005603464488265653e+00
-3.494400000000000546e+02,1.005637685575273554e+00
-3.489200000000000159e+02,1.005668986601615300e+00
-3.484000000000000341e+02,1.005701594402744092e+00
-3.478799999999999955e+02,1.005740354729478092e+00
-3.473599999999999568e+02,1.005779042274972834e+00
-3.468399999999999750e+02,1.005813903275257326e+00
-3.463199999999999932e+02,1.005850348977570752e+00
-3.457999999999999545e+02,1.005890868281157369e+00
-3.452799999999999727e+02,1.005929638269219994e+00
-3.447599999999999909e+02,1.005964481277106248e+00
-3.442400000000000091e+02,1.006000631036542359e+00
-3.437200000000000273e+02,1.006039492196184604e+00
-3.431999999999999886e+02,1.006074625309222981e+00
-3.426800000000000068e+02,1.006106368493173475e+00
-3.421600000000000250e+02,1.006138965840271737e+00
-3.416399999999999864e+02,1.006173431859414658e+00
-3.411200000000000045e+02,1.006202110771172276e+00
-3.406000000000000227e+02,1.006228385021372462e+00
-3.400800000000000409e+02,1.006255107887481071e+00
-3.395600000000000591e+02,1.006283243210621459e+00
-3.390400000000000205e+02,1.006303626387876626e+00
-3.385199999999999818e+02,1.006322794249270736e+00
-3.380000000000000000e+02,1.006342378140236971e+00
-3.374799999999999613e+02,1.006362628085869515e+00
-3.369599999999999795e+02,1.006374288871989098e+00
-3.364399999999999977e+02,1.006385044819983809e+00
-3.359199999999999591e+02,1.006392404476677438e+00
-3.353999999999999773e+02,1.006399319297400785e+00
-3.348799999999999955e+02,1.006408038638697544e+00
-3.343600000000000136e+02,1.006414777713914077e+00
-3.338400000000000318e+02,1.006414520608517105e+00
-3.333199999999999932e+02,1.006414067016460745e+00
-3.328000000000000114e+02,1.006415443212976379e+00
-3.322800000000000296e+02,1.006413567337464121e+00
-3.317599999999999909e+02,1.006406366317926349e+00
-3.312400000000000091e+02,1.006399353495563087e+00
-3.307200000000000273e+02,1.006394248492303189e+00
-3.302000000000000455e+02,1.006384775114190999e+00
-3.296800000000000637e+02,1.006371556953020718e+00
-3.291599999999999682e+02,1.006359208975245778e+00
-3.286399999999999864e+02,1.006348597313534432e+00
-3.281200000000000045e+02,1.006332827334070368e+00
-3.275999999999999659e+02,1.006314685993629165e+00
-3.270799999999999841e+02,1.006298327246495372e+00
-3.265600000000000023e+02,1.006283422598363675e+00
-3.260399999999999636e+02,1.006266712047914735e+00
-3.255199999999999818e+02,1.006250019247946659e+00
-3.250000000000000000e+02,1.006227321862632751e+00
-3.244800000000000182e+02,1.006203846641456900e+00
-3.239600000000000364e+02,1.006184066461786042e+00
-3.234399999999999977e+02,1.006164542766897485e+00
-3.229200000000000159e+02,1.006139005875008374e+00
-3.224000000000000341e+02,1.006113790304983935e+00
-3.218799999999999955e+02,1.006092789809764021e+00
-3.213600000000000136e+02,1.006070804909749095e+00
-3.208400000000000318e+02,1.006044148180715636e+00
-3.203199999999999363e+02,1.006018579450429717e+00
-3.198000000000000114e+02,1.005996896873635471e+00
-3.192800000000000296e+02,1.005973436493944551e+00
-3.187599999999999909e+02,1.005946425479074868e+00
-3.182400000000000091e+02,1.005921442631878326e+00
-3.177199999999999704e+02,1.005899730667663805e+00
-3.171999999999999886e+02,1.005875610281422361e+00
-3.166800000000000068e+02,1.005848852517931213e+00
-3.161599999999999682e+02,1.005825093702443773e+00
-3.156399999999999864e+02,1.005803886925652479e+00
-3.151200000000000045e+02,1.005779652201378216e+00
-3.146000000000000227e+02,1.005753638712328923e+00
-3.140800000000000409e+02,1.005731608715435987e+00
-3.135600000000000023e+02,1.005711306619216927e+00
-3.130399999999999636e+02,1.005687357787284464e+00
-3.125199999999999818e+02,1.005662383647182079e+00
-3.120000000000000000e+02,1.005642397455761561e+00
-3.114800000000000182e+02,1.005623278800443332e+00
-3.109599999999999795e+02,1.005599833130822685e+00
-3.104399999999999977e+02,1.005576239216725787e+00
-3.099200000000000159e+02,1.005558340207305834e+00
-3.094000000000000341e+02,1.005540642110018368e+00
-3.088799999999999955e+02,1.005523413014141054e+00
-3.083600000000000136e+02,1.005505584244152262e+00
-3.078399999999999750e+02,1.005483848547540360e+00
-3.073199999999999932e+02,1.005463632920617467e+00
-3.068000000000000114e+02,1.005447849080831402e+00
-3.062799999999999727e+02,1.005430661234612666e+00
-3.057599999999999909e+02,1.005410337387255382e+00
-3.052400000000000091e+02,1.005392389348336524e+00
-3.047200000000000273e+02,1.005377961762801808e+00
-3.042000000000000455e+02,1.005361433585190811e+00
-3.036800000000000068e+02,1.005342442573779582e+00
-3.031599999999999682e+02,1.005326729880092973e+00
-3.026399999999999864e+02,1.005313634030098990e+00
-3.021200000000000045e+02,1.005297661190593939e+00
-3.016000000000000227e+02,1.005279941764041229e+00
-3.010799999999999841e+02,1.005266389645918634e+00
-3.005600000000000023e+02,1.005254494467742621e+00
-3.000400000000000205e+02,1.005243089984178440e+00
-2.995200000000000387e+02,1.005231815591380418e+00
-2.990000000000000000e+02,1.005216513117640265e+00
-2.984800000000000182e+02,1.005200580189601789e+00
-2.979599999999999795e+02,1.005189976881290859e+00
-2.974399999999999977e+02,1.005179752938003102e+00
-2.969200000000000159e+02,1.005164772817180419e+00
-2.963999999999999773e+02,1.005150408324739120e+00
-2.958799999999999955e+02,1.005141168018947928e+00
-2.953600000000000136e+02,1.005132077100590271e+00
-2.948400000000000318e+02,1.005123273863267386e+00
-2.943199999999999932e+02,1.005113370988475641e+00
-2.938000000000000114e+02,1.005099801887729072e+00
-2.932799999999999727e+02,1.005088090170419113e+00
-2.927599999999999909e+02,1.005080174938012938e+00
-2.922400000000000091e+02,1.005070333857252196e+00
-2.917200000000000273e+02,1.005057603717106174e+00
-2.911999999999999886e+02,1.005047552072536599e+00
-2.906800000000000068e+02,1.005040396603925856e+00
-2.901599999999999682e+02,1.005033444875569115e+00
-2.896399999999999864e+02,1.005026668986275684e+00
-2.891200000000000045e+02,1.005016784120093432e+00
-2.886000000000000227e+02,1.005005106895326517e+00
-2.880799999999999841e+02,1.004997377634078815e+00
-2.875600000000000023e+02,1.004991244635629721e+00
-2.870400000000000205e+02,1.004981212395734902e+00
-2.865199999999999818e+02,1.004970166363778006e+00
-2.860000000000000000e+02,1.004963861917901990e+00
-2.854799999999999613e+02,1.004958348800127466e+00
-2.849599999999999795e+02,1.004953034874095374e+00
-2.844399999999999977e+02,1.004947683605394326e+00
-2.839200000000000159e+02,1.004937394334851852e+00
-2.833999999999999773e+02,1.004927671198972750e+00
-2.828799999999999955e+02,1.004922871042392307e+00
-2.823600000000000136e+02,1.004918153212882581e+00
-2.818400000000000318e+02,1.004913561374999764e+00
-2.813199999999999932e+02,1.004907767180639455e+00
-2.807999999999999545e+02,1.004898188007945725e+00
-2.802799999999999727e+02,1.004890417251174117e+00
-2.797599999999999909e+02,1.004886295574255017e+00
-2.792400000000000091e+02,1.004880114703022187e+00
-2.787200000000000273e+02,1.004870978732038456e+00
-2.781999999999999886e+02,1.004864400372505573e+00
-2.776800000000000068e+02,1.004860670750224116e+00
-2.771600000000000250e+02,1.004857019521709471e+00
-2.766399999999999864e+02,1.004853453609052760e+00
-2.761200000000000045e+02,1.004846650988788337e+00
-2.755999999999999659e+02,1.004838034076926068e+00
-2.750799999999999841e+02,1.004833252229960117e+00
-2.745600000000000023e+02,1.004830030837031263e+00
-2.740400000000000205e+02,1.004826902980758163e+00
-2.735199999999999818e+02,1.004823833099990127e+00
-2.730000000000000000e+02,1.004816322496983494e+00
-2.724800000000000182e+02,1.004808200240649096e+00
-2.719600000000000364e+02,1.004805084457238706e+00
-2.714399999999999977e+02,1.004802304057613282e+00
-2.709199999999999591e+02,1.004799632888029093e+00
-2.703999999999999773e+02,1.004796468323986947e+00
-2.698799999999999955e+02,1.004788693886273121e+00
-2.693600000000000136e+02,1.004781889487649904e+00
-2.688400000000000318e+02,1.004779461777258520e+00
-2.683199999999999932e+02,1.004777103741953947e+00
-2.678000000000000114e+02,1.004774821820315189e+00
-2.672800000000000296e+02,1.004770826128750905e+00
-2.667599999999999909e+02,1.004763417138341941e+00
-2.662400000000000091e+02,1.004758209599736052e+00
-2.657199999999999704e+02,1.004756114306532000e+00
-2.651999999999999886e+02,1.004754099684069368e+00
-2.646800000000000068e+02,1.004752165040434519e+00
-2.641600000000000250e+02,1.004747287877706396e+00
-2.636399999999999864e+02,1.004740215219946942e+00
-2.631200000000000045e+02,1.004736524298150968e+00
-2.626000000000000227e+02,1.004734758330635636e+00
-2.620799999999999841e+02,1.004729292993523648e+00
-2.615600000000000023e+02,1.004722404608751063e+00
-2.610399999999999636e+02,1.004719725605095926e+00
-2.605199999999999818e+02,1.004718161470599114e+00
-2.600000000000000000e+02,1.004716645163197475e+00
-2.594800000000000182e+02,1.004715169404591935e+00
-2.589600000000000364e+02,1.004708775207116656e+00
-2.584399999999999977e+02,1.004702286270128697e+00
-2.579200000000000159e+02,1.004700948577053721e+00
-2.573999999999999773e+02,1.004699645710566580e+00
-2.568799999999999955e+02,1.004698375078817207e+00
-2.563600000000000136e+02,1.004696198179936939e+00
-2.558400000000000034e+02,1.004689778556329127e+00
-2.553199999999999932e+02,1.004684762449388646e+00
-2.548000000000000114e+02,1.004683658115806288e+00
-2.542800000000000011e+02,1.004682575789603627e+00
-2.537600000000000193e+02,1.004681537302160255e+00
-2.532400000000000091e+02,1.004678377947043399e+00
-2.527199999999999704e+02,1.004672206309624283e+00
-2.521999999999999886e+02,1.004668590165042286e+00
-2.516800000000000068e+02,1.004667710202809872e+00
-2.511599999999999966e+02,1.004666851118565685e+00
-2.506399999999999864e+02,1.004666025517054528e+00
-2.501200000000000045e+02,1.004661858431026289e+00
-2.496000000000000227e+02,1.004655871313121729e+00
-2.490800000000000125e+02,1.004653689491642687e+00
-2.485600000000000023e+02,1.004653014658180021e+00
-2.480399999999999920e+02,1.004652319094978985e+00
-2.475199999999999818e+02,1.004651692024916665e+00
-2.470000000000000000e+02,1.004646505539255497e+00
-2.464799999999999898e+02,1.004640719650069292e+00
-2.459600000000000080e+02,1.004639922359297666e+00
-2.454399999999999977e+02,1.004639248912574612e+00
-2.449200000000000159e+02,1.004633537586934855e+00
-2.444000000000000057e+02,1.004628423910671753e+00
-2.438800000000000239e+02,1.004627974672901880e+00
-2.433599999999999852e+02,1.004627567659053700e+00
-2.428399999999999750e+02,1.004627209016409672e+00
-2.423199999999999932e+02,1.004625477285862267e+00
-2.418000000000000114e+02,1.004619909017649970e+00
-2.412800000000000011e+02,1.004616178354271305e+00
-2.407599999999999909e+02,1.004615895071228504e+00
-2.402400000000000091e+02,1.004615670031968611e+00
-2.397200000000000273e+02,1.004615453049218621e+00
-2.392000000000000171e+02,1.004612675632081453e+00
-2.386799999999999784e+02,1.004607266902201701e+00
-2.381599999999999966e+02,1.004604876405717384e+00
-2.376399999999999864e+02,1.004604762904683701e+00
-2.371200000000000045e+02,1.004601270730513640e+00
-2.365999999999999943e+02,1.004595970005935923e+00
-2.360800000000000125e+02,1.004594488396400198e+00
-2.355600000000000023e+02,1.004594459881533730e+00
-2.350400000000000205e+02,1.004594455752770621e+00
-2.345200000000000102e+02,1.004594468053070955e+00
-2.340000000000000000e+02,1.004589899936954245e+00
-2.334799999999999898e+02,1.004584716793961885e+00
-2.329599999999999795e+02,1.004584602070969668e+00
-2.324399999999999977e+02,1.004584522708770855e+00
-2.319200000000000159e+02,1.004579424060341175e+00
-2.314000000000000057e+02,1.004574933037130524e+00
-2.308799999999999955e+02,1.004575087676809808e+00
-2.303600000000000136e+02,1.004575276329607636e+00
-2.298400000000000318e+02,1.004575488402672301e+00
-2.293199999999999932e+02,1.004574301323946983e+00
-2.287999999999999829e+02,1.004569339583844423e+00
-2.282800000000000011e+02,1.004566183417943570e+00
-2.277599999999999909e+02,1.004566470145892065e+00
-2.272400000000000091e+02,1.004564551708550635e+00
-2.267199999999999989e+02,1.004559662711725698e+00
-2.262000000000000171e+02,1.004557380556100998e+00
-2.256800000000000068e+02,1.004557757063625933e+00
-2.251599999999999682e+02,1.004555131345785890e+00
-2.246399999999999864e+02,1.004550309769692396e+00
-2.241200000000000045e+02,1.004548901772986946e+00
-2.235999999999999943e+02,1.004549324944774558e+00
-2.230799999999999841e+02,1.004545967384849137e+00
-2.225600000000000023e+02,1.004541211845496607e+00
-2.220400000000000205e+02,1.004540696504747865e+00
-2.215200000000000102e+02,1.004541228756455018e+00
-2.210000000000000000e+02,1.004541736830480758e+00
-2.204799999999999898e+02,1.004542276193184591e+00
-2.199599999999999795e+02,1.004537795318604543e+00
-2.194399999999999977e+02,1.004533344870851330e+00
-2.189199999999999875e+02,1.004533959987970126e+00
-2.184000000000000057e+02,1.004533932961119813e+00
-2.178799999999999955e+02,1.004529348361497876e+00
-2.173600000000000136e+02,1.004525782900058672e+00
-2.168400000000000034e+02,1.004526442917741846e+00
-2.163200000000000216e+02,1.004525695029928833e+00
-2.157999999999999829e+02,1.004521167694709671e+00
-2.152799999999999727e+02,1.004518442303355075e+00
-2.147599999999999909e+02,1.004519183139406469e+00
-2.142400000000000091e+02,1.004517696224166423e+00
-2.137199999999999989e+02,1.004513207266668262e+00
-2.131999999999999886e+02,1.004511386032729492e+00
-2.126800000000000068e+02,1.004512181385191383e+00
-2.121600000000000250e+02,1.004509932915458981e+00
-2.116400000000000148e+02,1.004505502574413178e+00
-2.111199999999999761e+02,1.004504543213237122e+00
-2.105999999999999943e+02,1.004505391369259204e+00
-2.100799999999999841e+02,1.004502398467067348e+00
-2.095600000000000023e+02,1.004498044704975390e+00
-2.090399999999999920e+02,1.004497964914275565e+00
-2.085200000000000102e+02,1.004498869952089590e+00
-2.080000000000000000e+02,1.004495130997994146e+00
-2.074800000000000182e+02,1.004490827025789512e+00
-2.069600000000000080e+02,1.004486543559022005e+00
-2.064399999999999977e+02,1.004482496147791171e+00
-2.059199999999999875e+02,1.004483471355199109e+00
-2.053999999999999773e+02,1.004483804012159753e+00
-2.048799999999999955e+02,1.004479598109925931e+00
-2.043600000000000136e+02,1.004476406900393526e+00
-2.038400000000000034e+02,1.004477433738373504e+00
-2.033199999999999932e+02,1.004477015514240623e+00
-2.028000000000000114e+02,1.004472838297814086e+00
-2.022800000000000296e+02,1.004470541207778345e+00
-2.017599999999999909e+02,1.004471620153571276e+00
-2.012399999999999807e+02,1.004470432580262695e+00
-2.007199999999999989e+02,1.004466326465664583e+00
-2.001999999999999886e+02,1.004462204020261096e+00
-1.996800000000000068e+02,1.004458100301118151e+00
-1.991599999999999966e+02,1.004457082957886049e+00
-1.986400000000000148e+02,1.004458236751844646e+00
-1.981200000000000045e+02,1.004455965086177516e+00
-1.976000000000000227e+02,1.004451908629723889e+00
-1.970799999999999841e+02,1.004451742998804020e+00
-1.965600000000000023e+02,1.004452940756689339e+00
-1.960399999999999920e+02,1.004449895356312572e+00
-1.955199999999999818e+02,1.004445883571846387e+00
-1.950000000000000000e+02,1.004441909574279812e+00
-1.944800000000000182e+02,1.004437923156472179e+00
-1.939600000000000080e+02,1.004439052455449177e+00
-1.934399999999999977e+02,1.004440051202354134e+00
-1.929200000000000159e+02,1.004436125596761098e+00
-1.923999999999999773e+02,1.004432183640250553e+00
-1.918799999999999955e+02,1.004428279372596267e+00
-1.913599999999999852e+02,1.004425448859979753e+00
-1.908400000000000034e+02,1.004426762489154301e+00
-1.903199999999999932e+02,1.004426649505850033e+00
-1.898000000000000114e+02,1.004422792728898894e+00
-1.892800000000000011e+02,1.004418917878666662e+00
-1.887600000000000193e+02,1.004415082664292358e+00
-1.882400000000000091e+02,1.004413524325930229e+00
-1.877199999999999704e+02,1.004414921714827713e+00
-1.871999999999999886e+02,1.004413672103359856e+00
-1.866800000000000068e+02,1.004409878768875775e+00
-1.861599999999999966e+02,1.004406093309161863e+00
-1.856399999999999864e+02,1.004402322548033188e+00
-1.851200000000000045e+02,1.004402014110499453e+00
-1.846000000000000227e+02,1.004403497326221251e+00
-1.840800000000000125e+02,1.004401094505397607e+00
-1.835600000000000023e+02,1.004397366627602484e+00
-1.830399999999999920e+02,1.004393647000629164e+00
-1.825199999999999818e+02,1.004389913616027918e+00
-1.820000000000000000e+02,1.004390917041094067e+00
-1.814799999999999898e+02,1.004392444798806627e+00
-1.809600000000000080e+02,1.004388902224538471e+00
-1.804399999999999977e+02,1.004385232445664355e+00
-1.799200000000000159e+02,1.004381581177664629e+00
-1.794000000000000057e+02,1.004377935181851811e+00
-1.788800000000000239e+02,1.004374300919225638e+00
-1.783599999999999852e+02,1.004371760872834196e+00
-1.778399999999999750e+02,1.004373365577224009e+00
-1.773199999999999932e+02,1.004373482193291922e+00
-1.768000000000000114e+02,1.004369891784145263e+00
-1.762800000000000011e+02,1.004366305886875033e+00
-1.757599999999999909e+02,1.004362733834369470e+00
-1.752400000000000091e+02,1.004359167657888241e+00
-1.747200000000000273e+02,1.004355619327284455e+00
-1.742000000000000171e+02,1.004354767901114887e+00
-1.736799999999999784e+02,1.004356468365347865e+00
-1.731599999999999966e+02,1.004355062572037660e+00
-1.726399999999999864e+02,1.004351552951908255e+00
-1.721200000000000045e+02,1.004348050152676919e+00
-1.715999999999999943e+02,1.004344581886222443e+00
-1.710800000000000125e+02,1.004341098392340870e+00
-1.705600000000000023e+02,1.004337625088971286e+00
-1.700400000000000205e+02,1.004334162073061032e+00
-1.695200000000000102e+02,1.004330708034544495e+00
-1.690000000000000000e+02,1.004331983407491080e+00
-1.684799999999999898e+02,1.004333781587897656e+00
-1.679599999999999795e+02,1.004330476664189620e+00
-1.674399999999999977e+02,1.004327063552940880e+00
-1.669200000000000159e+02,1.004323661435227999e+00
-1.664000000000000057e+02,1.004320265045762328e+00
-1.658799999999999955e+02,1.004316905741256427e+00
-1.653600000000000136e+02,1.004313528332161143e+00
-1.648400000000000318e+02,1.004310165481468120e+00
-1.643199999999999932e+02,1.004308316231694143e+00
-1.637999999999999829e+02,1.004310186874764144e+00
-1.632800000000000011e+02,1.004310171412330366e+00
-1.627599999999999909e+02,1.004306868870655123e+00
-1.622400000000000091e+02,1.004303549662030060e+00
-1.617199999999999989e+02,1.004300245504986089e+00
-1.612000000000000171e+02,1.004296946745685926e+00
-1.606800000000000068e+02,1.004293658501450359e+00
-1.601599999999999682e+02,1.004290378373490888e+00
-1.596400000000000148e+02,1.004287132184371822e+00
-1.591200000000000045e+02,1.004283871871511025e+00
-1.585999999999999943e+02,1.004280621467220413e+00
-1.580799999999999841e+02,1.004281316182540573e+00
-1.575600000000000023e+02,1.004283322095766096e+00
-1.570400000000000205e+02,1.004280999540457131e+00
-1.565199999999999818e+02,1.004277786985979359e+00
-1.560000000000000000e+02,1.004274585245318763e+00
-1.554799999999999898e+02,1.004271412119377427e+00
-1.549600000000000080e+02,1.004268230064435885e+00
-1.544399999999999977e+02,1.004265054442168736e+00
-1.539199999999999875e+02,1.004261891586183397e+00
-1.534000000000000057e+02,1.004258754686630617e+00
-1.528799999999999955e+02,1.004255608832411717e+00
-1.523600000000000136e+02,1.004252468128953524e+00
-1.518400000000000034e+02,1.004249365211732803e+00
-1.513199999999999932e+02,1.004247772624811352e+00
-1.508000000000000114e+02,1.004249899329802576e+00
-1.502800000000000011e+02,1.004250105058530851e+00
-1.497600000000000193e+02,1.004247015914500940e+00
-1.492400000000000091e+02,1.004243932895455993e+00
-1.487199999999999989e+02,1.004240884091228247e+00
-1.481999999999999886e+02,1.004237820916294988e+00
-1.476800000000000068e+02,1.004234769921249715e+00
-1.471599999999999966e+02,1.004231747410320619e+00
-1.466399999999999864e+02,1.004228711934135099e+00
-1.461200000000000045e+02,1.004225686065950418e+00
-1.455999999999999943e+02,1.004222691060237205e+00
-1.450799999999999841e+02,1.004219684738514751e+00
-1.445600000000000023e+02,1.004216686202381359e+00
-1.440399999999999920e+02,1.004213721619643618e+00
-1.435200000000000102e+02,1.004210741900110504e+00
-1.430000000000000000e+02,1.004212571103282325e+00
-1.424799999999999898e+02,1.004214823787306976e+00
-1.419600000000000080e+02,1.004211949483901023e+00
-1.414399999999999977e+02,1.004209025692328172e+00
-1.409200000000000159e+02,1.004206095735481918e+00
-1.403999999999999773e+02,1.004203192730326988e+00
-1.398799999999999955e+02,1.004200279662391004e+00
-1.393600000000000136e+02,1.004197370972215619e+00
-1.388400000000000034e+02,1.004194500651189870e+00
-1.383199999999999932e+02,1.004191612503570363e+00
-1.377999999999999829e+02,1.004188757284434574e+00
-1.372800000000000011e+02,1.004185885690193070e+00
-1.367599999999999909e+02,1.004183051360474810e+00
-1.362400000000000091e+02,1.004180200510631282e+00
-1.357199999999999989e+02,1.004177361513783229e+00
-1.351999999999999886e+02,1.004174551283919525e+00
-1.346800000000000068e+02,1.004171730155887454e+00
-1.341599999999999966e+02,1.004172089323909223e+00
-1.336400000000000148e+02,1.004174519043742997e+00
-1.331200000000000045e+02,1.004173408258812517e+00
-1.325999999999999943e+02,1.004170623629511816e+00
-1.320800000000000125e+02,1.004167869976841709e+00
-1.315600000000000023e+02,1.004165099869336775e+00
-1.310399999999999920e+02,1.004162366650182658e+00
-1.305199999999999818e+02,1.004159618874400861e+00
-1.300000000000000000e+02,1.004156903099042264e+00
-1.294800000000000182e+02,1.004154169824846177e+00
-1.289600000000000080e+02,1.004151473234633496e+00
-1.284399999999999977e+02,1.004148759433811211e+00
-1.279200000000000017e+02,1.004146081517956368e+00
-1.274000000000000057e+02,1.004143383928905564e+00
-1.268800000000000097e+02,1.004140726158846419e+00
-1.263599999999999852e+02,1.004139214450681328e+00
-1.258400000000000034e+02,1.004141806533235703e+00
-1.253199999999999932e+02,1.004142795345404293e+00
-1.248000000000000114e+02,1.004140173652494417e+00
-1.242800000000000011e+02,1.004137534817784561e+00
-1.237599999999999909e+02,1.004134932066158115e+00
-1.232399999999999949e+02,1.004132312251781789e+00
-1.227199999999999989e+02,1.004129725885748892e+00
-1.222000000000000028e+02,1.004127124887346234e+00
-1.216799999999999926e+02,1.004124557000134921e+00
-1.211599999999999966e+02,1.004121975637947584e+00
-1.206400000000000006e+02,1.004119423393325716e+00
-1.201200000000000045e+02,1.004116883377382141e+00
-1.196000000000000085e+02,1.004114331007531780e+00
-1.190799999999999983e+02,1.004111810536379767e+00
-1.185600000000000023e+02,1.004109274040792643e+00
-1.180400000000000063e+02,1.004111163856481914e+00
-1.175200000000000102e+02,1.004113876790046378e+00
-1.170000000000000000e+02,1.004111814506259526e+00
-1.164799999999999898e+02,1.004109337199261098e+00
-1.159600000000000080e+02,1.004106852279205597e+00
-1.154399999999999977e+02,1.004104394183910731e+00
-1.149200000000000159e+02,1.004101926607936512e+00
-1.143999999999999915e+02,1.004099484047811019e+00
-1.138799999999999955e+02,1.004097038258678243e+00
-1.133599999999999994e+02,1.004094616916280103e+00
-1.128400000000000034e+02,1.004092208931179009e+00
-1.123199999999999932e+02,1.004089783500931921e+00
-1.117999999999999972e+02,1.004087396348582129e+00
-1.112800000000000011e+02,1.004086997482574573e+00
-1.107600000000000051e+02,1.004089862177464321e+00
-1.102399999999999949e+02,1.004090325261463690e+00
-1.097199999999999989e+02,1.004087952872922074e+00
-1.092000000000000028e+02,1.004085607892925225e+00
-1.086800000000000068e+02,1.004083249690371105e+00
-1.081600000000000108e+02,1.004080925169451355e+00
-1.076399999999999864e+02,1.004078612760648914e+00
-1.071200000000000045e+02,1.004076286169228505e+00
-1.065999999999999943e+02,1.004073988783152904e+00
-1.060800000000000125e+02,1.004071703677972272e+00
-1.055599999999999881e+02,1.004069404336933591e+00
-1.050399999999999920e+02,1.004071551586854127e+00
-1.045199999999999960e+02,1.004074503292960552e+00
-1.040000000000000000e+02,1.004072658076938351e+00
-1.034800000000000040e+02,1.004070416263614041e+00
-1.029599999999999937e+02,1.004068169422500878e+00
-1.024399999999999977e+02,1.004065947575164097e+00
-1.019200000000000017e+02,1.004063741672018173e+00
-1.014000000000000057e+02,1.004061515943498462e+00
-1.008799999999999955e+02,1.004059327928339407e+00
-1.003599999999999994e+02,1.004058346158294812e+00
-9.984000000000000341e+01,1.004061390026355527e+00
-9.932000000000000739e+01,1.004062835812018051e+00
-9.880000000000001137e+01,1.004060665832883670e+00
-9.828000000000000114e+01,1.004058523127293157e+00
-9.775999999999999091e+01,1.004056392563307698e+00
-9.724000000000000909e+01,1.004054246427754427e+00
-9.671999999999999886e+01,1.004052136253314131e+00
-9.619999999999998863e+01,1.004050032169165885e+00
-9.567999999999999261e+01,1.004047917439453208e+00
-9.515999999999999659e+01,1.004049060864341758e+00
-9.464000000000000057e+01,1.004052221037103454e+00
-9.412000000000000455e+01,1.004051742931137747e+00
-9.359999999999999432e+01,1.004049667359004694e+00
-9.307999999999999829e+01,1.004047623717115423e+00
-9.256000000000000227e+01,1.004045587148857610e+00
-9.204000000000000625e+01,1.004043543075605838e+00
-9.151999999999999602e+01,1.004041528690472695e+00
-9.100000000000000000e+01,1.004044377520746156e+00
-9.048000000000000398e+01,1.004047553271575799e+00
-8.996000000000000796e+01,1.004045570818304256e+00
-8.944000000000001194e+01,1.004043592887791103e+00
-8.891999999999998749e+01,1.004041610641506432e+00
-8.840000000000000568e+01,1.004039651443493941e+00
-8.787999999999999545e+01,1.004037708813664720e+00
-8.736000000000001364e+01,1.004036987327846964e+00
-8.683999999999998920e+01,1.004040299714980655e+00
-8.631999999999999318e+01,1.004041973357548079e+00
-8.579999999999999716e+01,1.004040071836368675e+00
-8.528000000000000114e+01,1.004038152576249177e+00
-8.476000000000000512e+01,1.004036267286012585e+00
-8.423999999999999488e+01,1.004034389738088340e+00
-8.371999999999999886e+01,1.004032504776236845e+00
-8.320000000000000284e+01,1.004033495081857241e+00
-8.268000000000000682e+01,1.004036885125638490e+00
-8.215999999999999659e+01,1.004037016966111695e+00
-8.164000000000000057e+01,1.004035170302885582e+00
-8.112000000000000455e+01,1.004033355421322105e+00
-8.060000000000000853e+01,1.004031549769039078e+00
-8.007999999999998408e+01,1.004033802264930442e+00
-7.956000000000000227e+01,1.004037229912610130e+00
-7.903999999999999204e+01,1.004036222176184268e+00
-7.852000000000001023e+01,1.004034457186737006e+00
-7.800000000000000000e+01,1.004032681960745688e+00
-7.748000000000000398e+01,1.004030991272311546e+00
-7.695999999999999375e+01,1.004034474856213777e+00
-7.643999999999999773e+01,1.004037522135210247e+00
-7.592000000000000171e+01,1.004035792891054824e+00
-7.540000000000000568e+01,1.004034087362152050e+00
-7.488000000000000966e+01,1.004032399462919889e+00
-7.435999999999999943e+01,1.004031974813471839e+00
-7.384000000000000341e+01,1.004035517747182249e+00
-7.331999999999999318e+01,1.004037423936444906e+00
-7.279999999999999716e+01,1.004035774481098597e+00
-7.228000000000000114e+01,1.004034129766512073e+00
-7.176000000000000512e+01,1.004032479368018649e+00
-7.123999999999999488e+01,1.004033321139862434e+00
-7.071999999999999886e+01,1.004036947669001867e+00
-7.019999999999998863e+01,1.004037697301301213e+00
-6.968000000000000682e+01,1.004036086756668666e+00
-6.915999999999999659e+01,1.004034506607328847e+00
-6.864000000000000057e+01,1.004032936869127202e+00
-6.812000000000000455e+01,1.004035064952730094e+00
-6.759999999999999432e+01,1.004038708600451413e+00
-6.707999999999999829e+01,1.004038318958996978e+00
-6.656000000000000227e+01,1.004036791825079211e+00
-6.604000000000000625e+01,1.004039767104193848e+00
-6.551999999999999602e+01,1.004043472031686424e+00
-6.500000000000000000e+01,1.004042304415023290e+00
-6.448000000000000398e+01,1.004040816517966839e+00
-6.396000000000000085e+01,1.004039346681206757e+00
-6.344000000000000483e+01,1.004038335099049162e+00
-6.292000000000000171e+01,1.004042118429719910e+00
-6.240000000000000568e+01,1.004045024874592462e+00
-6.187999999999999545e+01,1.004043596784623960e+00
-6.135999999999999943e+01,1.004043451110257390e+00
-6.083999999999999631e+01,1.004047236520699604e+00
-6.032000000000000028e+01,1.004049385868744038e+00
-5.980000000000000426e+01,1.004047999707616601e+00
-5.928000000000000114e+01,1.004046618741489594e+00
-5.876000000000000512e+01,1.004045231965033480e+00
-5.823999999999999488e+01,1.004046356948538943e+00
-5.771999999999999886e+01,1.004050246106981348e+00
-5.719999999999999574e+01,1.004051238999715601e+00
-5.667999999999999972e+01,1.004049913611700484e+00
-5.615999999999999659e+01,1.004051881083795728e+00
-5.564000000000000057e+01,1.004055792550476944e+00
-5.511999999999999744e+01,1.004056029344982726e+00
-5.460000000000000142e+01,1.004054747491024635e+00
-5.408000000000000540e+01,1.004053477782981485e+00
-5.356000000000000227e+01,1.004052191714852160e+00
-5.304000000000000625e+01,1.004055452006617166e+00
-5.251999999999999602e+01,1.004059445865008726e+00
-5.200000000000000000e+01,1.004058543755424360e+00
-5.147999999999999687e+01,1.004057376014132474e+00
-5.096000000000000085e+01,1.004061407129668515e+00
-5.043999999999999773e+01,1.004064945354047556e+00
-4.992000000000000171e+01,1.004063765316412393e+00
-4.940000000000000568e+01,1.004063485677689549e+00
-4.887999999999999545e+01,1.004067541188283341e+00
-4.835999999999999943e+01,1.004070298532079075e+00
-4.783999999999999631e+01,1.004069161326083703e+00
-4.732000000000000028e+01,1.004069728035550169e+00
-4.679999999999999716e+01,1.004073844437382901e+00
-4.628000000000000114e+01,1.004075847311768133e+00
-4.575999999999999801e+01,1.004074731032759571e+00
-4.524000000000000199e+01,1.004073644486201289e+00
-4.472000000000000597e+01,1.004072571301041439e+00
-4.420000000000000284e+01,1.004074429014133463e+00
-4.368000000000000682e+01,1.004078609993892091e+00
-4.315999999999999659e+01,1.004079436014812865e+00
-4.264000000000000057e+01,1.004078403746710313e+00
-4.211999999999999744e+01,1.004081109093549529e+00
-4.160000000000000142e+01,1.004085333460945639e+00
-4.107999999999999829e+01,1.004085444817521156e+00
-4.056000000000000227e+01,1.004084456387075441e+00
-4.003999999999999204e+01,1.004087988725661962e+00
-3.951999999999999602e+01,1.004092256585602749e+00
-3.900000000000000000e+01,1.004091592979327929e+00
-3.847999999999999687e+01,1.004090763083137272e+00
-3.796000000000000085e+01,1.004095049236513271e+00
-3.744000000000000483e+01,1.004098820716221363e+00
-3.692000000000000171e+01,1.004097916853421424e+00
-3.639999999999999858e+01,1.004097932408425820e+00
-3.588000000000000256e+01,1.004102284029036563e+00
-3.535999999999999943e+01,1.004105300967357506e+00
-3.484000000000000341e+01,1.004104441790126812e+00
-3.432000000000000028e+01,1.004103565355626504e+00
-3.379999999999999716e+01,1.004102729335894173e+00
-3.328000000000000114e+01,1.004104036538740363e+00
-3.275999999999999801e+01,1.004108451741674513e+00
-3.224000000000000199e+01,1.004110334860369047e+00
-3.172000000000000242e+01,1.004109541986669685e+00
-3.120000000000000284e+01,1.004111657896035181e+00
-3.067999999999999972e+01,1.004116118176582528e+00
-3.016000000000000014e+01,1.004117247548822034e+00
-2.964000000000000057e+01,1.004116497060597801e+00
-2.911999999999999744e+01,1.004119501847575702e+00
-2.859999999999999787e+01,1.004124005928180408e+00
-2.807999999999999829e+01,1.004124338193406851e+00
-2.755999999999999872e+01,1.004123631310815723e+00
-2.704000000000000270e+01,1.004127486059358754e+00
-2.652000000000000313e+01,1.004132035388646038e+00
-2.600000000000000000e+01,1.004131634020505537e+00
-2.548000000000000043e+01,1.004131103695369065e+00
-2.496000000000000085e+01,1.004135694543367485e+00
-2.443999999999999773e+01,1.004139732458637635e+00
-2.391999999999999815e+01,1.004139110316464301e+00
-2.339999999999999858e+01,1.004138489568030757e+00
-2.287999999999999901e+01,1.004137892891731498e+00
-2.236000000000000298e+01,1.004138636188874889e+00
-2.184000000000000341e+01,1.004143295628714183e+00
-2.132000000000000028e+01,1.004146179927263738e+00
-2.080000000000000071e+01,1.004145625683399601e+00
-2.028000000000000114e+01,1.004147217265265679e+00
-1.975999999999999801e+01,1.004151919483159849e+00
-1.923999999999999844e+01,1.004154070092144746e+00
-1.872000000000000242e+01,1.004153561298263275e+00
-1.819999999999999929e+01,1.004156022720142261e+00
-1.767999999999999972e+01,1.004160748398999825e+00
-1.716000000000000014e+01,1.004162126225687013e+00
-1.664000000000000057e+01,1.004161662528166410e+00
-1.612000000000000099e+01,1.004161211843480173e+00
-1.560000000000000142e+01,1.004160771264458241e+00
-1.508000000000000007e+01,1.004164525696418675e+00
-1.455999999999999872e+01,1.004169319663112736e+00
-1.403999999999999915e+01,1.004169543837989620e+00
-1.352000000000000135e+01,1.004169148027798553e+00
-1.300000000000000000e+01,1.004173753080321640e+00
-1.248000000000000043e+01,1.004178457547427294e+00
-1.195999999999999908e+01,1.004178103273336564e+00
-1.143999999999999950e+01,1.004177752329068030e+00
-1.092000000000000171e+01,1.004177420270224053e+00
-1.040000000000000036e+01,1.004178045251780116e+00
-9.879999999999999005e+00,1.004182949856542661e+00
-9.360000000000001208e+00,1.004186504715395056e+00
-8.839999999999999858e+00,1.004186220983823707e+00
-8.320000000000000284e+00,1.004185941106992441e+00
-7.800000000000000711e+00,1.004185676821585771e+00
-7.279999999999999361e+00,1.004187597340000959e+00
-6.760000000000000675e+00,1.004192572626930513e+00
-6.240000000000000213e+00,1.004194973976479943e+00
-5.719999999999999751e+00,1.004194757264616156e+00
-5.200000000000000178e+00,1.004197529645842080e+00
-4.680000000000000604e+00,1.004202569386314359e+00
-4.160000000000000142e+00,1.004204219665344677e+00
-3.639999999999999680e+00,1.004204047489931417e+00
-3.120000000000000107e+00,1.004203888664050304e+00
-2.600000000000000089e+00,1.004203738780421240e+00
-2.080000000000000071e+00,1.004203581842414428e+00
-1.560000000000000053e+00,1.004203454607361712e+00
-1.040000000000000036e+00,1.004207946599631418e+00
-5.200000000000000178e-01,1.004213075095712782e+00
-0.000000000000000000e+00,1.004213219019117309e+00
5.200000000000000178e-01,1.004213139281165290e+00
1.040000000000000036e+00,1.004213079114145479e+00
1.560000000000000053e+00,1.004213593889377698e+00
2.080000000000000071e+00,1.004218791366674468e+00
2.600000000000000089e+00,1.004222974643621535e+00
3.120000000000000107e+00,1.004222961099012545e+00
3.639999999999999680e+00,1.004222950381625790e+00
4.160000000000000142e+00,1.004222959223491030e+00
4.680000000000000604e+00,1.004224768170218329e+00
5.200000000000000178e+00,1.004230016432640094e+00
5.719999999999999751e+00,1.004233092737663924e+00
6.240000000000000213e+00,1.004233148982289769e+00
6.760000000000000675e+00,1.004233190679098442e+00
7.279999999999999361e+00,1.004233268225280806e+00
7.800000000000000711e+00,1.004233356224153217e+00
8.320000000000000284e+00,1.004233456089789867e+00
8.839999999999999858e+00,1.004233568909866481e+00
9.360000000000001208e+00,1.004233694038567659e+00
9.879999999999999005e+00,1.004237651649920737e+00
1.040000000000000036e+01,1.004243013678268293e+00
1.092000000000000171e+01,1.004244187419355727e+00
1.143999999999999950e+01,1.004244334786355664e+00
1.195999999999999908e+01,1.004244522366089631e+00
1.248000000000000043e+01,1.004244716359005585e+00
1.300000000000000000e+01,1.004244927980251445e+00
1.352000000000000135e+01,1.004245144776281906e+00
1.403999999999999915e+01,1.004245380092914086e+00
1.455999999999999872e+01,1.004246229465988849e+00
1.508000000000000007e+01,1.004251722502425670e+00
1.560000000000000142e+01,1.004256205539614255e+00
1.612000000000000099e+01,1.004256490718607786e+00
1.664000000000000057e+01,1.004256756156600927e+00
1.716000000000000014e+01,1.004257063319866194e+00
1.767999999999999972e+01,1.004257374982973738e+00
1.819999999999999929e+01,1.004257706908795234e+00
1.872000000000000242e+01,1.004258044891707558e+00
1.923999999999999844e+01,1.004258398251313356e+00
1.975999999999999801e+01,1.004258759998339245e+00
2.028000000000000114e+01,1.004259136083059722e+00
2.080000000000000071e+01,1.004259522620819967e+00
2.132000000000000028e+01,1.004259900997674926e+00
2.184000000000000341e+01,1.004260312787711440e+00
2.236000000000000298e+01,1.004260735513590630e+00
2.287999999999999901e+01,1.004261170749249255e+00
2.339999999999999858e+01,1.004261615294932852e+00
2.391999999999999815e+01,1.004266297035306010e+00
2.443999999999999773e+01,1.004271999706103369e+00
2.496000000000000085e+01,1.004273076710590962e+00
2.548000000000000043e+01,1.004273567886102558e+00
2.600000000000000000e+01,1.004274079043724566e+00
2.652000000000000313e+01,1.004274594972020429e+00
2.704000000000000270e+01,1.004275108102426595e+00
2.755999999999999872e+01,1.004275645948674800e+00
2.807999999999999829e+01,1.004276205082287321e+00
2.859999999999999787e+01,1.004276765833249652e+00
2.911999999999999744e+01,1.004277349884814541e+00
2.964000000000000057e+01,1.004277937416581112e+00
3.016000000000000014e+01,1.004278545720422411e+00
3.067999999999999972e+01,1.004279158283771345e+00
3.120000000000000284e+01,1.004279785992834517e+00
3.172000000000000242e+01,1.004280421155830050e+00
3.224000000000000199e+01,1.004281051752917486e+00
3.275999999999999801e+01,1.004281712783185121e+00
3.328000000000000114e+01,1.004282390133406588e+00
3.379999999999999716e+01,1.004280020607388746e+00
3.432000000000000028e+01,1.004275505343724673e+00
3.484000000000000341e+01,1.004274439203820757e+00
3.535999999999999943e+01,1.004275159837359155e+00
3.588000000000000256e+01,1.004275894942569636e+00
3.639999999999999858e+01,1.004276640790242370e+00
3.692000000000000171e+01,1.004277401733654651e+00
3.744000000000000483e+01,1.004278172026091598e+00
3.796000000000000085e+01,1.004278955665548256e+00
3.847999999999999687e+01,1.004279723172119221e+00
3.900000000000000000e+01,1.004280532245360291e+00
3.951999999999999602e+01,1.004281346101463912e+00
4.003999999999999204e+01,1.004282181052799316e+00
4.056000000000000227e+01,1.004283018957174534e+00
4.107999999999999829e+01,1.004283878440594302e+00
4.160000000000000142e+01,1.004283688693993648e+00
4.211999999999999744e+01,1.004279336864686067e+00
4.264000000000000057e+01,1.004276440070869914e+00
4.315999999999999659e+01,1.004277346366675872e+00
4.368000000000000682e+01,1.004278257210904357e+00
4.420000000000000284e+01,1.004279187470222601e+00
4.472000000000000597e+01,1.004280101597162966e+00
4.524000000000000199e+01,1.004281051107707823e+00
4.575999999999999801e+01,1.004282009725830260e+00
4.628000000000000114e+01,1.004282983575977006e+00
4.679999999999999716e+01,1.004280912600213904e+00
4.732000000000000028e+01,1.004276677774075033e+00
4.783999999999999631e+01,1.004275930245426496e+00
4.835999999999999943e+01,1.004276950378889310e+00
4.887999999999999545e+01,1.004277983079372882e+00
4.940000000000000568e+01,1.004279025052438046e+00
4.992000000000000171e+01,1.004280083495775688e+00
5.043999999999999773e+01,1.004281149806885542e+00
5.096000000000000085e+01,1.004277531127267586e+00
5.147999999999999687e+01,1.004273385916979455e+00
5.200000000000000000e+01,1.004274360722075210e+00
5.251999999999999602e+01,1.004275472930989510e+00
5.304000000000000625e+01,1.004276604748017832e+00
5.356000000000000227e+01,1.004277070323695842e+00
5.408000000000000540e+01,1.004272995107838851e+00
5.460000000000000142e+01,1.004270010208089037e+00
5.511999999999999744e+01,1.004271187883413630e+00
5.564000000000000057e+01,1.004272369079498350e+00
5.615999999999999659e+01,1.004273573978887280e+00
5.667999999999999972e+01,1.004272891738484663e+00
5.719999999999999574e+01,1.004268901138475334e+00
5.771999999999999886e+01,1.004267149136116588e+00
5.823999999999999488e+01,1.004268396866289770e+00
5.876000000000000512e+01,1.004269653106243165e+00
5.928000000000000114e+01,1.004270922703530688e+00
5.980000000000000426e+01,1.004269128153508328e+00
6.032000000000000028e+01,1.004265188690398158e+00
6.083999999999999631e+01,1.004264756132957848e+00
6.135999999999999943e+01,1.004266071061029608e+00
6.187999999999999545e+01,1.004263503916323685e+00
6.240000000000000568e+01,1.004259607629460094e+00
6.292000000000000171e+01,1.004260044577335975e+00
6.344000000000000483e+01,1.004261406211074181e+00
6.396000000000000085e+01,1.004262784259553065e+00
6.448000000000000398e+01,1.004264167231493365e+00
6.500000000000000000e+01,1.004260429884686001e+00
6.551999999999999602e+01,1.004256909895720584e+00
6.604000000000000625e+01,1.004258334592775359e+00
6.656000000000000227e+01,1.004259073699102167e+00
6.707999999999999829e+01,1.004255290544429302e+00
6.759999999999999432e+01,1.004252598014268472e+00
6.812000000000000455e+01,1.004254070377639474e+00
6.864000000000000057e+01,1.004254056557502661e+00
6.915999999999999659e+01,1.004250319541126091e+00
6.968000000000000682e+01,1.004248497669769202e+00
7.019999999999998863e+01,1.004250016171786886e+00
7.071999999999999886e+01,1.004249248539524464e+00
7.123999999999999488e+01,1.004245555132724510e+00
7.176000000000000512e+01,1.004244582100013883e+00
7.228000000000000114e+01,1.004246143499486044e+00
7.279999999999999716e+01,1.004244580320357905e+00
7.331999999999999318e+01,1.004240933118874191e+00
7.384000000000000341e+01,1.004237314316948071e+00
7.435999999999999943e+01,1.004233685597066605e+00
7.488000000000000966e+01,1.004234006413184721e+00
7.540000000000000568e+01,1.004235635624885159e+00
7.592000000000000171e+01,1.004232945021205969e+00
7.643999999999999773e+01,1.004229365104438276e+00
7.695999999999999375e+01,1.004230535622410825e+00
7.748000000000000398e+01,1.004232207932865606e+00
7.800000000000000000e+01,1.004228781060862552e+00
7.852000000000001023e+01,1.004225243934829370e+00
7.903999999999999204e+01,1.004221724262378546e+00
7.956000000000000227e+01,1.004218931832687511e+00
8.007999999999998408e+01,1.004220671012768795e+00
8.060000000000000853e+01,1.004221285054102131e+00
8.112000000000000455e+01,1.004217809801455363e+00
8.164000000000000057e+01,1.004215868448808502e+00
8.215999999999999659e+01,1.004217650767186498e+00
8.268000000000000682e+01,1.004217509593141822e+00
8.320000000000000284e+01,1.004214082812121989e+00
8.371999999999999886e+01,1.004210681264791738e+00
8.423999999999999488e+01,1.004207272935953466e+00
8.476000000000000512e+01,1.004206604524465307e+00
8.528000000000000114e+01,1.004208451963249260e+00
8.579999999999999716e+01,1.004207177541033502e+00
8.631999999999999318e+01,1.004203815569949532e+00
8.683999999999998920e+01,1.004200482240316106e+00
8.736000000000001364e+01,1.004197139156144392e+00
8.787999999999999545e+01,1.004197764253732750e+00
8.840000000000000568e+01,1.004199678436833221e+00
8.891999999999998749e+01,1.004197253244445642e+00
8.944000000000001194e+01,1.004193955452058473e+00
8.996000000000000796e+01,1.004190668865691194e+00
9.048000000000000398e+01,1.004187390401925617e+00
9.100000000000000000e+01,1.004184132390342876e+00
9.151999999999999602e+01,1.004181221162069981e+00
9.204000000000000625e+01,1.004183217503018533e+00
9.256000000000000227e+01,1.004184489527278235e+00
9.307999999999999829e+01,1.004181277779809145e+00
9.359999999999999432e+01,1.004178067213340464e+00
9.412000000000000455e+01,1.004174893507074007e+00
9.464000000000000057e+01,1.004171704751137151e+00
9.515999999999999659e+01,1.004168536188732475e+00
9.567999999999999261e+01,1.004167319614047926e+00
9.619999999999998863e+01,1.004169403499915791e+00
9.671999999999999886e+01,1.004169144530093316e+00
9.724000000000000909e+01,1.004166035386985234e+00
9.775999999999999091e+01,1.004162915336365147e+00
9.828000000000000114e+01,1.004159808227997219e+00
9.880000000000001137e+01,1.004156730548908971e+00
9.932000000000000739e+01,1.004153623184402822e+00
9.984000000000000341e+01,1.004154121114587461e+00
1.003599999999999994e+02,1.004156290631333714e+00
1.008799999999999955e+02,1.004154498858359501e+00
1.014000000000000057e+02,1.004151453427637897e+00
1.019200000000000017e+02,1.004148442482936110e+00
1.024399999999999977e+02,1.004145418823746860e+00
1.029599999999999937e+02,1.004142411798247592e+00
1.034800000000000040e+02,1.004139428624569952e+00
1.040000000000000000e+02,1.004136444899672798e+00
1.045199999999999960e+02,1.004133826978527377e+00
1.050399999999999920e+02,1.004136099578142316e+00
1.055599999999999881e+02,1.004137609985269242e+00
1.060800000000000125e+02,1.004134669109395972e+00
1.065999999999999943e+02,1.004131749323593281e+00
1.071200000000000045e+02,1.004128830747272216e+00
1.076399999999999864e+02,1.004125914632493677e+00
1.081600000000000108e+02,1.004123033098424989e+00
1.086800000000000068e+02,1.004120137975685889e+00
1.092000000000000028e+02,1.004117259266129158e+00
1.097199999999999989e+02,1.004114384532662774e+00
1.102399999999999949e+02,1.004111526804708276e+00
1.107600000000000051e+02,1.004111447405684032e+00
1.112800000000000011e+02,1.004113844463241589e+00
1.117999999999999972e+02,1.004113080345819142e+00
1.123199999999999932e+02,1.004110263276467130e+00
1.128400000000000034e+02,1.004107475400247029e+00
1.133599999999999994e+02,1.004104676782918704e+00
1.138799999999999955e+02,1.004101891732768426e+00
1.143999999999999915e+02,1.004099133985572934e+00
1.149200000000000159e+02,1.004096371417024569e+00
1.154399999999999977e+02,1.004093616204918549e+00
1.159600000000000080e+02,1.004090893978324628e+00
1.164799999999999898e+02,1.004088157499801071e+00
1.170000000000000000e+02,1.004090633469297167e+00
1.175200000000000102e+02,1.004092789009975784e+00
1.180400000000000063e+02,1.004090091022983966e+00
1.185600000000000023e+02,1.004087394477194861e+00
1.190799999999999983e+02,1.004084735542385420e+00
1.196000000000000085e+02,1.004082059758198087e+00
1.201200000000000045e+02,1.004079403204990673e+00
1.206400000000000006e+02,1.004076746569733336e+00
1.211599999999999966e+02,1.004074108788058473e+00
1.216799999999999926e+02,1.004071475535453173e+00
1.222000000000000028e+02,1.004068875420797591e+00
1.227199999999999989e+02,1.004066263438325057e+00
1.232399999999999949e+02,1.004063665523763804e+00
1.237599999999999909e+02,1.004061094583892810e+00
1.242800000000000011e+02,1.004058516055002181e+00
1.248000000000000114e+02,1.004059155921151358e+00
1.253199999999999932e+02,1.004061831244792424e+00
1.258400000000000034e+02,1.004060906583015722e+00
1.263599999999999852e+02,1.004058364584657248e+00
1.268800000000000097e+02,1.004055856283432524e+00
1.274000000000000057e+02,1.004053336074345770e+00
1.279200000000000017e+02,1.004050829251121879e+00
1.284399999999999977e+02,1.004048346594567098e+00
1.289600000000000080e+02,1.004045862184524962e+00
1.294800000000000182e+02,1.004043381853882977e+00
1.300000000000000000e+02,1.004040935315372307e+00
1.305199999999999818e+02,1.004038471079420125e+00
1.310399999999999920e+02,1.004036024894492396e+00
1.315600000000000023e+02,1.004033579918742092e+00
1.320800000000000125e+02,1.004031174872813903e+00
1.325999999999999943e+02,1.004028731140418129e+00
1.331200000000000045e+02,1.004026326350782261e+00
1.336400000000000148e+02,1.004025547196386592e+00
1.341599999999999966e+02,1.004028391345750837e+00
1.346800000000000068e+02,1.004029235908647122e+00
1.351999999999999886e+02,1.004026868054853194e+00
1.357199999999999989e+02,1.004024506642261505e+00
1.362400000000000091e+02,1.004022176801649957e+00
1.367599999999999909e+02,1.004019833984798105e+00
1.372800000000000011e+02,1.004017501343738905e+00
1.377999999999999829e+02,1.004015178384729534e+00
1.383199999999999932e+02,1.004012885950740008e+00
1.388400000000000034e+02,1.004010583251932598e+00
1.393600000000000136e+02,1.004008287631125373e+00
1.398799999999999955e+02,1.004006024610668124e+00
1.403999999999999773e+02,1.004003750761392588e+00
1.409200000000000159e+02,1.004001487583187968e+00
1.414399999999999977e+02,1.003999249276514849e+00
1.419600000000000080e+02,1.003997005869841974e+00
1.424799999999999898e+02,1.003994766098058378e+00
1.430000000000000000e+02,1.003992561397405892e+00
1.435200000000000102e+02,1.003990761519004904e+00
1.440399999999999920e+02,1.003993788975843904e+00
1.445600000000000023e+02,1.003995997045865840e+00
1.450799999999999841e+02,1.003993813931326695e+00
1.455999999999999943e+02,1.003991609844457678e+00
1.461200000000000045e+02,1.003989461338991251e+00
1.466399999999999864e+02,1.003987296763452663e+00
1.471599999999999966e+02,1.003985145947608126e+00
1.476800000000000068e+02,1.003983018800341354e+00
1.481999999999999886e+02,1.003980889062497051e+00
1.487199999999999989e+02,1.003978763852322764e+00
1.492400000000000091e+02,1.003976669504100361e+00
1.497600000000000193e+02,1.003974562027858397e+00
1.502800000000000011e+02,1.003972464646305962e+00
1.508000000000000114e+02,1.003970394694575941e+00
1.513199999999999932e+02,1.003968315391023269e+00
1.518400000000000034e+02,1.003966246780495286e+00
1.523600000000000136e+02,1.003964186181805163e+00
1.528799999999999955e+02,1.003966203939347324e+00
1.534000000000000057e+02,1.003969393153839373e+00
1.539199999999999875e+02,1.003968144789381345e+00
1.544399999999999977e+02,1.003966119046475480e+00
1.549600000000000080e+02,1.003964105814549646e+00
1.554799999999999898e+02,1.003962115970845614e+00
1.560000000000000000e+02,1.003960119277919949e+00
1.565199999999999818e+02,1.003958125526196454e+00
1.570400000000000205e+02,1.003956169069404769e+00
1.575600000000000023e+02,1.003954193895681080e+00
1.580799999999999841e+02,1.003952234877889094e+00
1.585999999999999943e+02,1.003950277465767593e+00
1.591200000000000045e+02,1.003948356471088710e+00
1.596400000000000148e+02,1.003946418933499007e+00
1.601599999999999682e+02,1.003944472435959856e+00
1.606800000000000068e+02,1.003944614623390130e+00
1.612000000000000171e+02,1.003947939921293164e+00
1.617199999999999989e+02,1.003948825323305538e+00
1.622400000000000091e+02,1.003946933470430292e+00
1.627599999999999909e+02,1.003945048003423546e+00
1.632800000000000011e+02,1.003943193818618074e+00
1.637999999999999829e+02,1.003941326084143215e+00
1.643199999999999932e+02,1.003939466570870076e+00
1.648400000000000318e+02,1.003937616682907485e+00
1.653600000000000136e+02,1.003935793989633840e+00
1.658799999999999955e+02,1.003933962054361029e+00
1.664000000000000057e+02,1.003932137022690130e+00
1.669200000000000159e+02,1.003930341225909517e+00
1.674399999999999977e+02,1.003928531772238397e+00
1.679599999999999795e+02,1.003926734818567645e+00
1.684799999999999898e+02,1.003925017639078821e+00
1.690000000000000000e+02,1.003928471317940163e+00
1.695200000000000102e+02,1.003931468635294033e+00
1.700400000000000205e+02,1.003929705980824982e+00
1.705600000000000023e+02,1.003927944866248367e+00
1.710800000000000125e+02,1.003926199125312113e+00
1.715999999999999943e+02,1.003924474370937681e+00
1.721200000000000045e+02,1.003922745026843089e+00
1.726399999999999864e+02,1.003921017864956688e+00
1.731599999999999966e+02,1.003919323524114393e+00
1.736799999999999784e+02,1.003917613814759857e+00
1.742000000000000171e+02,1.003915915912917622e+00
1.747200000000000273e+02,1.003914241997095225e+00
1.752400000000000091e+02,1.003912557895855429e+00
1.757599999999999909e+02,1.003913742699682699e+00
1.762800000000000011e+02,1.003917310508372962e+00
1.768000000000000114e+02,1.003917599713152864e+00
1.773199999999999932e+02,1.003915947525094721e+00
1.778399999999999750e+02,1.003914323168874523e+00
1.783599999999999852e+02,1.003912686529746523e+00
1.788800000000000239e+02,1.003911059670310912e+00
1.794000000000000057e+02,1.003909455199603062e+00
1.799200000000000159e+02,1.003907843861076898e+00
1.804399999999999977e+02,1.003906236664551255e+00
1.809600000000000080e+02,1.003904661522115438e+00
1.814799999999999898e+02,1.003903070250609320e+00
1.820000000000000000e+02,1.003901493421705649e+00
1.825199999999999818e+02,1.003900415135712043e+00
1.830399999999999920e+02,1.003904085706458282e+00
1.835600000000000023e+02,1.003906860810086954e+00
1.840800000000000125e+02,1.003905331477675356e+00
1.846000000000000227e+02,1.003903784947973943e+00
1.851200000000000045e+02,1.003902252044632126e+00
1.856399999999999864e+02,1.003900741653930950e+00
1.861599999999999966e+02,1.003899225548741114e+00
1.866800000000000068e+02,1.003897712944952003e+00
1.871999999999999886e+02,1.003896228786274492e+00
1.877199999999999704e+02,1.003894730249155431e+00
1.882400000000000091e+02,1.003893240597548031e+00
1.887600000000000193e+02,1.003891776545940751e+00
1.892800000000000011e+02,1.003890302741353269e+00
1.898000000000000114e+02,1.003892139456766364e+00
1.903199999999999932e+02,1.003895912937691204e+00
1.908400000000000034e+02,1.003895988085635960e+00
1.913599999999999852e+02,1.003894541233230742e+00
1.918799999999999955e+02,1.003893123549245647e+00
1.923999999999999773e+02,1.003891692582702388e+00
1.929200000000000159e+02,1.003890270711899735e+00
1.934399999999999977e+02,1.003888849913076919e+00
1.939600000000000080e+02,1.003887442553603959e+00
1.944800000000000182e+02,1.003886038886262932e+00
1.950000000000000000e+02,1.003884667067992176e+00
1.955199999999999818e+02,1.003883278941051449e+00
1.960399999999999920e+02,1.003881900562830554e+00
1.965600000000000023e+02,1.003881440138092218e+00
1.970799999999999841e+02,1.003885311516821144e+00
1.976000000000000227e+02,1.003887866871132628e+00
1.981200000000000045e+02,1.003886537324393702e+00
1.986400000000000148e+02,1.003885191966927382e+00
1.991599999999999966e+02,1.003883856331168278e+00
1.996800000000000068e+02,1.003882542738011807e+00
2.001999999999999886e+02,1.003881218391875496e+00
2.007199999999999989e+02,1.003879899572901024e+00
2.012399999999999807e+02,1.003878610365764645e+00
2.017599999999999909e+02,1.003877307471810143e+00
2.022800000000000296e+02,1.003876011691835712e+00
2.028000000000000114e+02,1.003874742466301484e+00
2.033199999999999932e+02,1.003873460572346721e+00
2.038400000000000034e+02,1.003875928539994744e+00
2.043600000000000136e+02,1.003879890998572666e+00
2.048799999999999955e+02,1.003879718758200257e+00
2.053999999999999773e+02,1.003878463318178094e+00
2.059199999999999875e+02,1.003877235208938234e+00
2.064399999999999977e+02,1.003875990682605801e+00
2.069600000000000080e+02,1.003874756694765447e+00
2.074800000000000182e+02,1.003873544653945515e+00
2.080000000000000000e+02,1.003872325052125314e+00
2.085200000000000102e+02,1.003871107286887554e+00
2.090399999999999920e+02,1.003869921198249582e+00
2.095600000000000023e+02,1.003868716942941441e+00
2.100799999999999841e+02,1.003867522822373681e+00
2.105999999999999943e+02,1.003867667634085636e+00
2.111199999999999761e+02,1.003871720607049545e+00
2.116400000000000148e+02,1.003874037286481613e+00
2.121600000000000250e+02,1.003872889498796273e+00
2.126800000000000068e+02,1.003871725081182609e+00
2.131999999999999886e+02,1.003870546260166474e+00
2.137199999999999989e+02,1.003869413539150379e+00
2.142400000000000091e+02,1.003868270065696899e+00
2.147599999999999909e+02,1.003867132630193337e+00
2.152799999999999727e+02,1.003866021294689714e+00
2.157999999999999829e+02,1.003864895744698060e+00
2.163200000000000216e+02,1.003863773377264623e+00
2.168400000000000034e+02,1.003862660674293084e+00
2.173600000000000136e+02,1.003861573792371287e+00
2.178799999999999955e+02,1.003860475184090051e+00
2.184000000000000057e+02,1.003859379202168167e+00
2.189199999999999875e+02,1.003862875980449099e+00
2.194399999999999977e+02,1.003867025159079773e+00
2.199599999999999795e+02,1.003866218376360253e+00
2.204799999999999898e+02,1.003865146846970813e+00
2.210000000000000000e+02,1.003864084664251477e+00
2.215200000000000102e+02,1.003863043495064389e+00
2.220400000000000205e+02,1.003861992698714678e+00
2.225600000000000023e+02,1.003860943430577635e+00
2.230799999999999841e+02,1.003859903700390799e+00
2.235999999999999943e+02,1.003858885331805562e+00
2.241200000000000045e+02,1.003857859101618066e+00
2.246399999999999864e+02,1.003856835633033295e+00
2.251599999999999682e+02,1.003855838609915674e+00
2.256800000000000068e+02,1.003854827112260928e+00
2.262000000000000171e+02,1.003853825057207549e+00
2.267199999999999989e+02,1.003852844766622621e+00
2.272400000000000091e+02,1.003851850711219962e+00
2.277599999999999909e+02,1.003850862348654394e+00
2.282800000000000011e+02,1.003849900443581689e+00
2.287999999999999829e+02,1.003852304223268321e+00
2.293199999999999932e+02,1.003856564964707765e+00
2.298400000000000318e+02,1.003857052001345007e+00
2.303600000000000136e+02,1.003856092410853940e+00
2.308799999999999955e+02,1.003855140194003459e+00
2.314000000000000057e+02,1.003854210259202517e+00
2.319200000000000159e+02,1.003853269053681663e+00
2.324399999999999977e+02,1.003852330943901139e+00
2.329599999999999795e+02,1.003851421241632069e+00
2.334799999999999898e+02,1.003850493131851485e+00
2.340000000000000000e+02,1.003849572907582921e+00
2.345200000000000102e+02,1.003848672744313886e+00
2.350400000000000205e+02,1.003847766394577734e+00
2.355600000000000023e+02,1.003846860209309133e+00
2.360800000000000125e+02,1.003845959085039929e+00
2.365999999999999943e+02,1.003845062593303750e+00
2.371200000000000045e+02,1.003844177850637065e+00
2.376399999999999864e+02,1.003843294886570758e+00
2.381599999999999966e+02,1.003842436743904498e+00
2.386799999999999784e+02,1.003841563204699971e+00
2.392000000000000171e+02,1.003840696808703470e+00
2.397200000000000273e+02,1.003839853869498366e+00
2.402400000000000091e+02,1.003838998079014333e+00
2.407599999999999909e+02,1.003838145568880069e+00
2.412800000000000011e+02,1.003837317571927734e+00
2.418000000000000114e+02,1.003836476014483337e+00
2.423199999999999932e+02,1.003835638889861714e+00
2.428399999999999750e+02,1.003834827085396952e+00
2.433599999999999852e+02,1.003834001066444825e+00
2.438800000000000239e+02,1.003833181855512624e+00
2.444000000000000057e+02,1.003832385755402345e+00
2.449200000000000159e+02,1.003836179240560122e+00
2.454399999999999977e+02,1.003840605007119802e+00
2.459600000000000080e+02,1.003840035103257922e+00
2.464799999999999898e+02,1.003839238344858220e+00
2.470000000000000000e+02,1.003838448615177459e+00
2.475199999999999818e+02,1.003837678995777916e+00
2.480399999999999920e+02,1.003836900651959851e+00
2.485600000000000023e+02,1.003836122433609424e+00
2.490800000000000125e+02,1.003835371728791559e+00
2.496000000000000227e+02,1.003834602951643840e+00
2.501200000000000045e+02,1.003833843117755809e+00
2.506399999999999864e+02,1.003833103979608010e+00
2.511599999999999966e+02,1.003832352561860208e+00
2.516800000000000068e+02,1.003831603698244201e+00
2.521999999999999886e+02,1.003830859818446442e+00
2.527199999999999704e+02,1.003830139065810645e+00
2.532400000000000091e+02,1.003829406532524393e+00
2.537600000000000193e+02,1.003828678555979126e+00
2.542800000000000011e+02,1.003827975189363286e+00
2.548000000000000114e+02,1.003827255779329519e+00
2.553199999999999932e+02,1.003826538785043132e+00
2.558400000000000034e+02,1.003825847333010168e+00
2.563600000000000136e+02,1.003825141656016662e+00
2.568799999999999955e+02,1.003824440574912602e+00
2.573999999999999773e+02,1.003823761150898886e+00
2.579200000000000159e+02,1.003823071137865286e+00
2.584399999999999977e+02,1.003822383499363813e+00
2.589600000000000364e+02,1.003821719461370110e+00
2.594800000000000182e+02,1.003821037333848754e+00
2.600000000000000000e+02,1.003820364609037563e+00
2.605199999999999818e+02,1.003819693009535774e+00
2.610399999999999636e+02,1.003819048386124235e+00
2.615600000000000023e+02,1.003818385172642547e+00
2.620799999999999841e+02,1.003817708333343495e+00
2.626000000000000227e+02,1.003817072787931863e+00
2.631200000000000045e+02,1.003816425448632810e+00
2.636399999999999864e+02,1.003815779649733120e+00
2.641600000000000250e+02,1.003815158977453548e+00
2.646800000000000068e+02,1.003814522678554422e+00
2.651999999999999886e+02,1.003813893417255132e+00
2.657199999999999704e+02,1.003810649831537782e+00
2.662400000000000091e+02,1.003804792699658499e+00
2.667599999999999909e+02,1.003801995799961322e+00
2.672800000000000296e+02,1.003801379942264038e+00
2.678000000000000114e+02,1.003800788081566697e+00
2.683199999999999932e+02,1.003800180235199679e+00
2.688400000000000318e+02,1.003799577735502213e+00
2.693600000000000136e+02,1.003798997249337521e+00
2.698799999999999955e+02,1.003798402969640069e+00
2.703999999999999773e+02,1.003797811422474817e+00
2.709199999999999591e+02,1.003797245437360042e+00
2.714399999999999977e+02,1.003796661890195008e+00
2.719600000000000364e+02,1.003796084843029623e+00
2.724800000000000182e+02,1.003795509391604668e+00
2.730000000000000000e+02,1.003794957944439847e+00
2.735199999999999818e+02,1.003794387811856925e+00
2.740400000000000205e+02,1.003793828565293644e+00
2.745600000000000023e+02,1.003793288184798849e+00
2.750799999999999841e+02,1.003792734119236307e+00
2.755999999999999659e+02,1.003792180872673079e+00
2.761200000000000045e+02,1.003791650906759925e+00
2.766399999999999864e+02,1.003791104977639126e+00
2.771600000000000250e+02,1.003790566478746316e+00
2.776800000000000068e+02,1.003790049217695435e+00
2.781999999999999886e+02,1.003789516065822784e+00
2.787200000000000273e+02,1.003788986771441571e+00
2.792400000000000091e+02,1.003788480720460896e+00
2.797599999999999909e+02,1.003787959426080345e+00
2.802799999999999727e+02,1.003787442659719531e+00
2.807999999999999545e+02,1.003786929250850779e+00
2.813199999999999932e+02,1.003786436624889866e+00
2.818400000000000318e+02,1.003785929091061346e+00
2.823600000000000136e+02,1.003785422363700386e+00
2.828799999999999955e+02,1.003784942611921638e+00
2.833999999999999773e+02,1.003784447271123259e+00
2.839200000000000159e+02,1.003783954276294965e+00
2.844399999999999977e+02,1.003783480563515962e+00
2.849599999999999795e+02,1.003777916315199858e+00
2.854799999999999613e+02,1.003772468041420840e+00
2.860000000000000000e+02,1.003771988961174699e+00
2.865199999999999818e+02,1.003771528315415607e+00
2.870400000000000205e+02,1.003771059762839313e+00
2.875600000000000023e+02,1.003770591221592845e+00
2.880799999999999841e+02,1.003770144241346252e+00
2.886000000000000227e+02,1.003769679755789790e+00
2.891200000000000045e+02,1.003769221753035623e+00
2.896399999999999864e+02,1.003768784311788842e+00
2.901599999999999682e+02,1.003768334211744717e+00
2.906800000000000068e+02,1.003767885556518191e+00
2.911999999999999886e+02,1.003767438485543728e+00
2.917200000000000273e+02,1.003767012968809214e+00
2.922400000000000091e+02,1.003766573868764889e+00
2.927599999999999909e+02,1.003766116128120833e+00
2.932799999999999727e+02,1.003765703667075959e+00
2.938000000000000114e+02,1.003765275481614205e+00
2.943199999999999932e+02,1.003764849778919999e+00
2.948400000000000318e+02,1.003764446204437943e+00
2.953600000000000136e+02,1.003764025904995361e+00
2.958799999999999955e+02,1.003763608729971057e+00
2.963999999999999773e+02,1.003763212655839121e+00
2.969200000000000159e+02,1.003762801395396531e+00
2.974399999999999977e+02,1.003762391981466662e+00
2.979599999999999795e+02,1.003762007821024538e+00
2.984800000000000182e+02,1.003761606060582290e+00
2.990000000000000000e+02,1.003761209185652037e+00
2.995200000000000387e+02,1.003760144425209999e+00
3.000400000000000205e+02,1.003754536278299803e+00
3.005600000000000023e+02,1.003749998742370364e+00
3.010799999999999841e+02,1.003749615395109540e+00
3.016000000000000227e+02,1.003749251659179498e+00
3.021200000000000045e+02,1.003748871341339832e+00
3.026399999999999864e+02,1.003748492198941911e+00
3.031599999999999682e+02,1.003748116930031298e+00
3.036800000000000068e+02,1.003747763444373886e+00
3.042000000000000455e+02,1.003747393147443656e+00
3.047200000000000273e+02,1.003747025601135823e+00
3.052400000000000091e+02,1.003746680306407679e+00
3.057599999999999909e+02,1.003746319732079506e+00
3.062799999999999727e+02,1.003745963684372411e+00
3.068000000000000114e+02,1.003745627430043807e+00
3.073199999999999932e+02,1.003745273922386216e+00
3.078399999999999750e+02,1.003744923732520444e+00
3.083600000000000136e+02,1.003744594391882572e+00
3.088799999999999955e+02,1.003744250258756576e+00
3.094000000000000341e+02,1.003743907262428348e+00
3.099200000000000159e+02,1.003743589268303094e+00
3.104399999999999977e+02,1.003743254674177576e+00
3.109599999999999795e+02,1.003742921552381206e+00
3.114800000000000182e+02,1.003742589497255588e+00
3.120000000000000000e+02,1.003742279196662146e+00
3.125199999999999818e+02,1.003741949641536291e+00
3.130399999999999636e+02,1.003741628153430154e+00
3.135600000000000023e+02,1.003741326391836886e+00
3.140800000000000409e+02,1.003741010212293006e+00
3.146000000000000227e+02,1.003740694168497649e+00
3.151200000000000045e+02,1.003740399945903583e+00
3.156399999999999864e+02,1.003740088208070036e+00
3.161599999999999682e+02,1.003739779538456833e+00
3.166800000000000068e+02,1.003739492383933118e+00
3.171999999999999886e+02,1.003739189935871634e+00
3.177199999999999704e+02,1.003738888834327714e+00
3.182400000000000091e+02,1.003738610678754251e+00
3.187599999999999909e+02,1.003738315809742820e+00
3.192800000000000296e+02,1.003738023957421177e+00
3.198000000000000114e+02,1.003737752312827691e+00
3.203199999999999363e+02,1.003737462971836081e+00
3.208400000000000318e+02,1.003737177130844538e+00
3.213600000000000136e+02,1.003736893289503218e+00
3.218799999999999955e+02,1.003736630048511769e+00
3.224000000000000341e+02,1.003736349091632230e+00
3.229200000000000159e+02,1.003736072136660828e+00
3.234399999999999977e+02,1.003735814895319267e+00
3.239600000000000364e+02,1.003735543978840239e+00
3.244800000000000182e+02,1.003735273080608836e+00
3.250000000000000000e+02,1.003735026725129043e+00
3.255199999999999818e+02,1.003734761683340082e+00
3.260399999999999636e+02,1.003734499266860425e+00
3.265600000000000023e+02,1.003734256325071073e+00
3.270799999999999841e+02,1.003733995936261891e+00
3.275999999999999659e+02,1.003733584634872278e+00
3.281200000000000045e+02,1.003732814739595192e+00
3.286399999999999864e+02,1.003732427717806130e+00
3.291599999999999682e+02,1.003732713390599107e+00
3.296800000000000637e+02,1.003732729860139505e+00
3.302000000000000455e+02,1.003732502832932472e+00
3.307200000000000273e+02,1.003732525297162725e+00
3.312400000000000091e+02,1.003732819508955876e+00
3.317599999999999909e+02,1.003732789981748530e+00
3.322800000000000296e+02,1.003732570492491316e+00
3.328000000000000114e+02,1.003732697804284424e+00
3.333199999999999932e+02,1.003732980801588903e+00
3.338400000000000318e+02,1.003733284512331903e+00
3.343600000000000136e+02,1.003733589109636615e+00
3.348799999999999955e+02,1.003733878135469659e+00
3.353999999999999773e+02,1.003734188260794857e+00
3.359199999999999591e+02,1.003734020511587444e+00
3.364399999999999977e+02,1.003733796250602328e+00
3.369599999999999795e+02,1.003734093775927150e+00
3.374799999999999613e+02,1.003734411759251932e+00
3.380000000000000000e+02,1.003734731923577428e+00
3.385199999999999818e+02,1.003735110234922345e+00
3.390400000000000205e+02,1.003735949473937294e+00
3.395600000000000591e+02,1.003736674095754511e+00
3.400800000000000409e+02,1.003737000134769186e+00
3.406000000000000227e+02,1.003737327214184294e+00
3.411200000000000045e+02,1.003737639164021145e+00
3.416399999999999864e+02,1.003737971588548383e+00
3.421600000000000250e+02,1.003738305638893324e+00
3.426800000000000068e+02,1.003738869792490274e+00
3.431999999999999886e+02,1.003739722428347747e+00
3.437200000000000273e+02,1.003740290620944497e+00
3.442400000000000091e+02,1.003740633056801723e+00
3.447599999999999909e+02,1.003741282149398728e+00
3.452799999999999727e+02,1.003742142659438175e+00
3.457999999999999545e+02,1.003742661052384744e+00
3.463199999999999932e+02,1.003743008901932132e+00
3.468399999999999750e+02,1.003743740241041182e+00
3.473599999999999568e+02,1.003744605944968393e+00
3.478799999999999955e+02,1.003745476022027461e+00
3.484000000000000341e+02,1.003746347447156850e+00
3.489200000000000159e+02,1.003746741564266021e+00
3.494400000000000546e+02,1.003747097289745316e+00
3.499600000000000364e+02,1.003747973406854621e+00
3.504800000000000182e+02,1.003748850399003745e+00
3.510000000000000000e+02,1.003749729516113076e+00
3.515199999999999818e+02,1.003750608979192327e+00
3.520400000000000205e+02,1.003751491443321653e+00
3.525600000000000023e+02,1.003752373964033273e+00
3.530799999999999841e+02,1.003753261467161817e+00
3.536000000000000227e+02,1.003754302144823418e+00
3.541200000000000045e+02,1.003755724436464769e+00
3.546399999999999864e+02,1.003756937678594197e+00
3.551599999999999682e+02,1.003757831056255601e+00
3.556799999999999500e+02,1.003758723933916741e+00
3.561999999999999886e+02,1.003759616840648405e+00
3.567199999999999704e+02,1.003760798756959671e+00
3.572399999999999523e+02,1.003762212873621218e+00
3.577600000000000477e+02,1.003763322419352511e+00
3.582800000000000296e+02,1.003764223682526158e+00
3.588000000000000114e+02,1.003765489026857471e+00
3.593200000000000500e+02,1.003766909366121007e+00
3.598400000000000318e+02,1.003767946521782584e+00
3.603600000000000136e+02,1.003768850380695854e+00
3.608799999999999955e+02,1.003770197444377121e+00
3.613999999999999773e+02,1.003771622475620573e+00
3.619200000000000159e+02,1.003773049073534374e+00
3.624399999999999977e+02,1.003774496022727947e+00
3.629599999999999795e+02,1.003775926081641678e+00
3.634800000000000182e+02,1.003777337398904734e+00
3.640000000000000000e+02,1.003778254256768587e+00
3.645199999999999818e+02,1.003779248374031985e+00
3.650399999999999636e+02,1.003780680971945838e+00
3.655599999999999454e+02,1.003782248935721100e+00
3.660799999999999841e+02,1.003784221708674762e+00
3.665999999999999659e+02,1.003786023535360172e+00
3.671200000000000045e+02,1.003787483580294015e+00
3.676400000000000432e+02,1.003788924938759486e+00
3.681600000000000250e+02,1.003790385841535349e+00
3.686800000000000068e+02,1.003791828671980690e+00
3.692000000000000455e+02,1.003793275530446394e+00
3.697200000000000273e+02,1.003795007667360073e+00
3.702400000000000091e+02,1.003796989327225830e+00
3.707599999999999909e+02,1.003798647643183717e+00
3.712799999999999727e+02,1.003800116140648901e+00
3.718000000000000114e+02,1.003801566846134863e+00
3.723199999999999932e+02,1.003803019215580683e+00
3.728399999999999750e+02,1.003804893188628311e+00
3.733600000000000136e+02,1.003806882425094082e+00
3.738799999999999955e+02,1.003808873941051782e+00
3.743999999999999773e+02,1.003810847357867519e+00
3.749199999999999591e+02,1.003812339969915479e+00
3.754399999999999409e+02,1.003813797724873336e+00
3.759599999999999795e+02,1.003815792683940833e+00
3.764800000000000182e+02,1.003817787294588815e+00
3.770000000000000000e+02,1.003819787406636577e+00
3.775200000000000387e+02,1.003821768736634423e+00
3.780400000000000205e+02,1.003823766348682200e+00
3.785600000000000023e+02,1.003825764817679822e+00
3.790800000000000409e+02,1.003827767440708119e+00
3.796000000000000227e+02,1.003829771370705615e+00
3.801200000000000045e+02,1.003831758115285577e+00
3.806399999999999864e+02,1.003833763794003353e+00
3.811599999999999682e+02,1.003835769638583564e+00
3.816800000000000068e+02,1.003837776674601168e+00
3.821999999999999886e+02,1.003839785519180960e+00
3.827199999999999704e+02,1.003841774983411206e+00
3.832400000000000091e+02,1.003843782981478805e+00
3.837599999999999909e+02,1.003845794365058719e+00
3.842799999999999727e+02,1.003847808747239112e+00
3.847999999999999545e+02,1.003849803530818541e+00
3.853199999999999363e+02,1.003851817509088473e+00
3.858400000000000318e+02,1.003854232992668516e+00
3.863600000000000136e+02,1.003856762922760826e+00
3.868799999999999955e+02,1.003858857273010941e+00
3.874000000000000341e+02,1.003860876223610754e+00
3.879200000000000159e+02,1.003862895981372905e+00
3.884399999999999977e+02,1.003864915808062586e+00
3.889600000000000364e+02,1.003867453304824853e+00
3.894800000000000182e+02,1.003869952794075093e+00
3.900000000000000000e+02,1.003871975091187085e+00
3.905199999999999818e+02,1.003874074134969208e+00
3.910399999999999636e+02,1.003876614853639326e+00
3.915600000000000023e+02,1.003879041136421124e+00
3.920799999999999841e+02,1.003881049900202882e+00
3.925999999999999659e+02,1.003883249069295269e+00
3.931200000000000045e+02,1.003885793048167718e+00
3.936399999999999864e+02,1.003888336611949539e+00
3.941599999999999682e+02,1.003890883023801583e+00
3.946800000000000637e+02,1.003893200206426028e+00
3.952000000000000455e+02,1.003895211856228098e+00
3.957200000000000273e+02,1.003897529607080230e+00
3.962400000000000091e+02,1.003900078517374395e+00
3.967599999999999909e+02,1.003902628996246049e+00
3.972800000000000296e+02,1.003905180793610574e+00
3.978000000000000114e+02,1.003907751343412924e+00
3.983199999999999932e+02,1.003910302833107115e+00
3.988400000000000318e+02,1.003912455529421210e+00
3.993600000000000136e+02,1.003914475054805688e+00
3.998799999999999955e+02,1.003916972119189399e+00
4.003999999999999773e+02,1.003919526607991664e+00
4.009199999999999591e+02,1.003922082972376506e+00
4.014399999999999977e+02,1.003924640308740512e+00
4.019599999999999795e+02,1.003927197519637105e+00
4.024799999999999613e+02,1.003929754884021586e+00
4.030000000000000000e+02,1.003932333319335291e+00
4.035199999999999818e+02,1.003934893211389401e+00
4.040400000000000205e+02,1.003937453489305964e+00
4.045600000000000591e+02,1.003939879692690385e+00
4.050800000000000409e+02,1.003941927204094364e+00
4.056000000000000227e+02,1.003944146153991079e+00
4.061200000000000045e+02,1.003946708903887153e+00
4.066399999999999864e+02,1.003949271834941204e+00
4.071600000000000250e+02,1.003951837431857674e+00
4.076800000000000068e+02,1.003954403248774385e+00
4.081999999999999886e+02,1.003956987598670914e+00
4.087200000000000273e+02,1.003959553915744873e+00
4.092400000000000091e+02,1.003962122165641180e+00
4.097599999999999909e+02,1.003964690358647660e+00
4.102799999999999727e+02,1.003967258675214191e+00
4.107999999999999545e+02,1.003969828657642838e+00
4.113199999999999932e+02,1.003972399474559074e+00
4.118399999999999750e+02,1.003974989738145362e+00
4.123599999999999568e+02,1.003977560056111829e+00
4.128799999999999955e+02,1.003980131633230410e+00
4.134000000000000341e+02,1.003982702769146806e+00
4.139200000000000159e+02,1.003984798528823275e+00
4.144400000000000546e+02,1.003986856464231581e+00
4.149600000000000364e+02,1.003989430570420227e+00
4.154800000000000182e+02,1.003992004245336744e+00
4.160000000000000000e+02,1.003994580822454852e+00
4.165199999999999818e+02,1.003997157025933618e+00
4.170400000000000205e+02,1.003999752356540265e+00
4.175600000000000023e+02,1.004002328946038469e+00
4.180799999999999841e+02,1.004004905523157243e+00
4.186000000000000227e+02,1.004007310768345818e+00
4.191200000000000045e+02,1.004009373618844236e+00
4.196399999999999864e+02,1.004011646634962895e+00
4.201599999999999682e+02,1.004014226280151245e+00
4.206799999999999500e+02,1.004016806744181922e+00
4.211999999999999886e+02,1.004019386832280647e+00
4.217199999999999704e+02,1.004021968324489089e+00
4.222399999999999523e+02,1.004024568569677367e+00
4.227600000000000477e+02,1.004026806743638423e+00
4.232800000000000296e+02,1.004028873160806912e+00
4.238000000000000114e+02,1.004031303391507590e+00
4.243200000000000500e+02,1.004033906022715916e+00
4.248400000000000318e+02,1.004036069314416579e+00
4.253600000000000136e+02,1.004038138088377385e+00
4.258799999999999955e+02,1.004040646219585886e+00
4.263999999999999773e+02,1.004043250350286520e+00
4.269200000000000159e+02,1.004045339780987423e+00
4.274399999999999977e+02,1.004047410497707737e+00
4.279599999999999795e+02,1.004049996528408872e+00
4.284800000000000182e+02,1.004052545245129213e+00
4.290000000000000000e+02,1.004054617075829992e+00
4.295199999999999818e+02,1.004056765192550715e+00
4.300399999999999636e+02,1.004059353262251486e+00
4.305599999999999454e+02,1.004061827039972155e+00
4.310799999999999841e+02,1.004063901103205092e+00
4.315999999999999659e+02,1.004065955401975740e+00
4.321200000000000045e+02,1.004068029157696440e+00
4.326400000000000432e+02,1.004070081748949184e+00
4.331600000000000250e+02,1.004072156118649861e+00
4.336800000000000068e+02,1.004074212620882811e+00
4.342000000000000455e+02,1.004076287865273587e+00
4.347200000000000273e+02,1.004078650496575964e+00
4.352400000000000091e+02,1.004081242287829356e+00
4.357599999999999909e+02,1.004083509196529667e+00
4.362799999999999727e+02,1.004085586327832624e+00
4.368000000000000114e+02,1.004087281985754920e+00
4.373199999999999932e+02,1.004088843887988247e+00
4.378399999999999750e+02,1.004090807458290824e+00
4.383600000000000136e+02,1.004092885588543815e+00
4.388799999999999955e+02,1.004094944647516696e+00
4.393999999999999773e+02,1.004097023288749835e+00
4.399199999999999591e+02,1.004099102419002021e+00
4.404399999999999409e+02,1.004101162516974899e+00
4.409599999999999795e+02,1.004102726833247861e+00
4.414800000000000182e+02,1.004104329003550733e+00
4.420000000000000000e+02,1.004106390407985883e+00
4.425200000000000387e+02,1.004108375578288914e+00
4.430400000000000205e+02,1.004109940115611277e+00
4.435600000000000023e+02,1.004111620378045799e+00
4.440800000000000409e+02,1.004113701576369477e+00
4.446000000000000227e+02,1.004115611287874410e+00
4.451200000000000045e+02,1.004117158475619220e+00
4.456399999999999864e+02,1.004118724887631986e+00
4.461599999999999682e+02,1.004120272604446917e+00
4.466800000000000068e+02,1.004121820733901771e+00
4.471999999999999886e+02,1.004123387617736451e+00
4.477199999999999704e+02,1.004124935054709677e+00
4.482400000000000091e+02,1.004126503285564853e+00
4.487599999999999909e+02,1.004128051567999558e+00
4.492799999999999727e+02,1.004129619826524600e+00
4.497999999999999545e+02,1.004131168582339528e+00
4.503199999999999363e+02,1.004132718279864500e+00
4.508400000000000318e+02,1.004134286510719454e+00
4.513600000000000136e+02,1.004135836207736832e+00
4.518799999999999955e+02,1.004137405466261734e+00
4.524000000000000341e+02,1.004138955108096587e+00
4.529200000000000159e+02,1.004140027458601647e+00
4.534399999999999977e+02,1.004141062802638595e+00
4.539600000000000364e+02,1.004142632100163857e+00
4.544800000000000182e+02,1.004144125122998332e+00
4.550000000000000000e+02,1.004145160467035947e+00
4.555199999999999818e+02,1.004146195464560520e+00
4.560399999999999636e+02,1.004147231308597732e+00
4.565600000000000023e+02,1.004148266663964728e+00
4.570799999999999841e+02,1.004149321761489855e+00
4.575999999999999659e+02,1.004150529544526993e+00
4.581200000000000045e+02,1.004152080741544051e+00
4.586399999999999864e+02,1.004153212124581085e+00
4.591599999999999682e+02,1.004153732836687851e+00
4.596800000000000637e+02,1.004154501473213390e+00
4.602000000000000455e+02,1.004155537828580247e+00
4.607200000000000273e+02,1.004156574558637383e+00
4.612400000000000091e+02,1.004157611470744671e+00
4.617599999999999909e+02,1.004158647881801425e+00
4.622800000000000296e+02,1.004159684611350967e+00
4.628000000000000114e+02,1.004160339562458093e+00
4.633199999999999932e+02,1.004160860745495043e+00
4.638400000000000318e+02,1.004161802167532036e+00
4.643600000000000136e+02,1.004162838646659450e+00
4.648799999999999955e+02,1.004163417823228599e+00
4.653999999999999773e+02,1.004163919945265659e+00
4.659199999999999591e+02,1.004164441542884978e+00
4.664399999999999977e+02,1.004164963139962063e+00
4.669599999999999795e+02,1.004165465637581578e+00
4.674799999999999613e+02,1.004165987387288350e+00
4.680000000000000000e+02,1.004166509359947668e+00
4.685199999999999818e+02,1.004167030581984754e+00
4.690400000000000205e+02,1.004167533118604183e+00
4.695600000000000591e+02,1.004167921362193461e+00
4.700800000000000409e+02,1.004167907852300701e+00
4.706000000000000227e+02,1.004168086024959772e+00
4.711200000000000045e+02,1.004168588560178765e+00
4.716399999999999864e+02,1.004169110543818411e+00
4.721600000000000250e+02,1.004169632140387458e+00
4.726800000000000068e+02,1.004169886224026698e+00
4.731999999999999886e+02,1.004169873088666343e+00
4.737200000000000273e+02,1.004169859770905227e+00
4.742400000000000091e+02,1.004169866121564780e+00
4.747599999999999909e+02,1.004169852458183687e+00
4.752799999999999727e+02,1.004169839197513348e+00
4.757999999999999545e+02,1.004169845326614352e+00
4.763199999999999932e+02,1.004169832202233659e+00
4.768399999999999750e+02,1.004169818441562834e+00
4.773599999999999568e+02,1.004169824264202093e+00
4.778799999999999955e+02,1.004169810861373913e+00
4.784000000000000341e+02,1.004169797600702907e+00
4.789200000000000159e+02,1.004169802393764188e+00
4.794400000000000546e+02,1.004169769572093474e+00
4.799600000000000364e+02,1.004169240469264812e+00
4.804800000000000182e+02,1.004168767791904227e+00
4.810000000000000000e+02,1.004168753916745427e+00
4.815199999999999818e+02,1.004168644513917297e+00
4.820400000000000205e+02,1.004168114092246711e+00
4.825600000000000023e+02,1.004167584500397892e+00
4.830799999999999841e+02,1.004167054425238792e+00
4.836000000000000227e+02,1.004166524361410406e+00
4.841200000000000045e+02,1.004165993939739820e+00
4.846399999999999864e+02,1.004165463375910949e+00
4.851599999999999682e+02,1.004164932272732624e+00
4.856799999999999500e+02,1.004164401708903975e+00
4.861999999999999886e+02,1.004163870672745373e+00
4.867199999999999704e+02,1.004163340136587035e+00
4.872399999999999523e+02,1.004162808948848351e+00
4.877600000000000477e+02,1.004161933612689683e+00
4.882800000000000296e+02,1.004160867095373222e+00
4.888000000000000114e+02,1.004160201859214396e+00
4.893200000000000500e+02,1.004159669862056292e+00
4.898400000000000318e+02,1.004158717974317439e+00
4.903600000000000136e+02,1.004157650956650771e+00
4.908799999999999955e+02,1.004156602259492326e+00
4.913999999999999773e+02,1.004155554342683443e+00
4.919200000000000159e+02,1.004154983549127245e+00
4.924399999999999977e+02,1.004154430951968324e+00
4.929599999999999795e+02,1.004153382409342266e+00
4.934800000000000182e+02,1.004152333184513468e+00
4.940000000000000000e+02,1.004151265109957336e+00
4.945199999999999818e+02,1.004150100659310763e+00
4.950399999999999636e+02,1.004148534791222236e+00
4.955599999999999454e+02,1.004147083659925777e+00
4.960799999999999841e+02,1.004146033309278874e+00
4.965999999999999659e+02,1.004144963927210643e+00
4.971200000000000045e+02,1.004143913423583889e+00
4.976400000000000432e+02,1.004142632930027590e+00
4.981600000000000250e+02,1.004141047165401091e+00
4.986800000000000068e+02,1.004139727916154801e+00
4.992000000000000455e+02,1.004138676451528100e+00
4.997200000000000273e+02,1.004137299776971970e+00
5.002400000000000091e+02,1.004135730793345394e+00
5.007599999999999909e+02,1.004134143557788850e+00
5.012799999999999727e+02,1.004132556293162448e+00
5.018000000000000114e+02,1.004130967738605884e+00
5.023199999999999932e+02,1.004129379434979707e+00
5.028399999999999750e+02,1.004128230038423109e+00
5.033600000000000136e+02,1.004127157349378630e+00
5.038799999999999955e+02,1.004125166165752203e+00
5.043999999999999773e+02,1.004123061230196123e+00
5.049199999999999591e+02,1.004121451922659336e+00
5.054399999999999409e+02,1.004119880643544960e+00
5.059599999999999795e+02,1.004118289907988570e+00
5.064800000000000182e+02,1.004116699585964279e+00
5.070000000000000000e+02,1.004115107821337727e+00
5.075200000000000387e+02,1.004113420971293413e+00
5.080400000000000205e+02,1.004111312216737328e+00
5.085600000000000023e+02,1.004109337866692764e+00
5.090800000000000409e+02,1.004107744669086477e+00
5.096000000000000227e+02,1.004105979919042158e+00
5.101200000000000045e+02,1.004103870424687628e+00
5.106399999999999864e+02,1.004101970975151081e+00
5.111599999999999682e+02,1.004100395753126929e+00
5.116800000000000068e+02,1.004098511503082491e+00
5.122000000000000455e+02,1.004096400451988336e+00
5.127200000000000273e+02,1.004094289401944007e+00
5.132400000000000091e+02,1.004092177918919804e+00
5.137599999999999909e+02,1.004090045978053514e+00
5.142799999999999727e+02,1.004087933467009419e+00
5.147999999999999545e+02,1.004085820292004883e+00
5.153199999999999363e+02,1.004083706780960261e+00
5.158400000000000318e+02,1.004081592786606025e+00
5.163600000000000136e+02,1.004079478650093726e+00
5.168799999999999955e+02,1.004077344039049580e+00
5.173999999999999773e+02,1.004075229403045499e+00
5.179200000000000728e+02,1.004073112908691057e+00
5.184400000000000546e+02,1.004070996397646631e+00
5.189600000000000364e+02,1.004068879761642608e+00
5.194800000000000182e+02,1.004066763152800412e+00
5.200000000000000000e+02,1.004064624608775658e+00
5.205199999999999818e+02,1.004062409944751710e+00
5.210399999999999636e+02,1.004059756035909468e+00
5.215599999999999454e+02,1.004057254928975018e+00
5.220799999999999272e+02,1.004055135831462664e+00
5.226000000000000227e+02,1.004053016195108894e+00
5.231200000000000045e+02,1.004050894597596555e+00
5.236399999999999864e+02,1.004048543289261852e+00
5.241599999999999682e+02,1.004045886891750117e+00
5.246800000000000637e+02,1.004043516984815865e+00
5.252000000000000455e+02,1.004041395386953583e+00
5.257200000000000273e+02,1.004038947936461312e+00
5.262400000000000091e+02,1.004036307320107069e+00
5.267599999999999909e+02,1.004033991098685075e+00
5.272799999999999727e+02,1.004031864489842718e+00
5.277999999999999545e+02,1.004029355778350618e+00
5.283200000000000500e+02,1.004026693909016554e+00
5.288400000000000318e+02,1.004024051140574247e+00
5.293600000000000136e+02,1.004021390117752155e+00
5.298799999999999955e+02,1.004019204067259752e+00
5.303999999999999773e+02,1.004017074526487807e+00
5.309199999999999591e+02,1.004014427614995375e+00
5.314399999999999409e+02,1.004011780192173520e+00
5.319600000000000364e+02,1.004009115737421132e+00
5.324800000000000182e+02,1.004006470786929173e+00
5.330000000000000000e+02,1.004003801485157110e+00
5.335199999999999818e+02,1.004001247034664868e+00
5.340400000000000773e+02,1.003999112726424725e+00
5.345600000000000591e+02,1.003996825742602628e+00
5.350800000000000409e+02,1.003994175331110350e+00
5.356000000000000227e+02,1.003991505837358300e+00
5.361200000000000045e+02,1.003988852953028088e+00
5.366399999999999864e+02,1.003986180470605838e+00
5.371599999999999682e+02,1.003983525086783901e+00
5.376800000000000637e+02,1.003980850978543948e+00
5.382000000000000455e+02,1.003978195663141948e+00
5.387200000000000273e+02,1.003975521679319804e+00
5.392400000000000091e+02,1.003972847571079630e+00
5.397599999999999909e+02,1.003970534459587505e+00
5.402799999999999727e+02,1.003968392690347322e+00
5.407999999999999545e+02,1.003965867006525237e+00
5.413199999999999363e+02,1.003963187465304774e+00
5.418399999999999181e+02,1.003960508329394985e+00
5.423600000000000136e+02,1.003957848331592961e+00
5.428799999999999955e+02,1.003955167223352873e+00
5.434000000000000909e+02,1.003952504282132674e+00
5.439200000000000728e+02,1.003949819837310908e+00
5.444400000000000546e+02,1.003947154301400690e+00
5.449600000000000364e+02,1.003944470232160491e+00
5.454800000000000182e+02,1.003941804790940751e+00
5.460000000000000000e+02,1.003939118039650635e+00
5.465199999999999818e+02,1.003936449723898283e+00
5.470399999999999636e+02,1.003933762682678310e+00
5.475599999999999454e+02,1.003931227385768343e+00
5.480800000000000409e+02,1.003929070434478099e+00
5.486000000000000227e+02,1.003926722732257915e+00
5.491200000000000045e+02,1.003924051763018355e+00
5.496399999999999864e+02,1.003921361040798210e+00
5.501599999999999682e+02,1.003918685138578182e+00
5.506799999999999500e+02,1.003915990540268366e+00
5.511999999999999318e+02,1.003913315292580544e+00
5.517200000000000273e+02,1.003910924862340348e+00
5.522400000000000091e+02,1.003908762132100341e+00
5.527599999999999909e+02,1.003906254437900047e+00
5.532799999999999727e+02,1.003903554407660437e+00
5.538000000000000682e+02,1.003900874198972559e+00
5.543200000000000500e+02,1.003898174129732590e+00
5.548400000000000318e+02,1.003895911774532523e+00
5.553600000000000136e+02,1.003893744361734619e+00
5.558799999999999955e+02,1.003891097506534491e+00
5.563999999999999773e+02,1.003888391976294869e+00
5.569199999999999591e+02,1.003885706267606759e+00
5.574400000000000546e+02,1.003883039437366564e+00
5.579600000000000364e+02,1.003880864928678562e+00
5.584800000000000182e+02,1.003878612798438485e+00
5.590000000000000000e+02,1.003875903028750960e+00
5.595199999999999818e+02,1.003873326102620478e+00
5.600399999999999636e+02,1.003871148218892895e+00
5.605599999999999454e+02,1.003868798349205171e+00
5.610799999999999272e+02,1.003866101418964929e+00
5.615999999999999091e+02,1.003863577649277250e+00
5.621200000000000045e+02,1.003861397168259506e+00
5.626399999999999864e+02,1.003859215324039322e+00
5.631600000000000819e+02,1.003857029468331552e+00
5.636800000000000637e+02,1.003854576598643522e+00
5.642000000000000455e+02,1.003851856300935763e+00
5.647200000000000273e+02,1.003849458527785732e+00
5.652400000000000091e+02,1.003847270585767504e+00
5.657599999999999909e+02,1.003845081088059921e+00
5.662799999999999727e+02,1.003842871518372037e+00
5.667999999999999545e+02,1.003840679048684237e+00
5.673199999999999363e+02,1.003838485703956174e+00
5.678400000000000318e+02,1.003836290291008293e+00
5.683600000000000136e+02,1.003834094821320910e+00
5.688799999999999955e+02,1.003831896851632433e+00
5.693999999999999773e+02,1.003829679292924437e+00
5.699199999999999591e+02,1.003827480379976711e+00
5.704399999999999409e+02,1.003825281910288636e+00
5.709599999999999227e+02,1.003823078940600855e+00
5.714800000000000182e+02,1.003820875385495581e+00
5.720000000000000000e+02,1.003818668915457346e+00
5.725199999999999818e+02,1.003816558484769583e+00
5.730399999999999636e+02,1.003814886844151433e+00
5.735600000000000591e+02,1.003813042687645707e+00
5.740800000000000409e+02,1.003810831217958333e+00
5.746000000000000227e+02,1.003808600716340260e+00
5.751200000000000045e+02,1.003806389313322223e+00
5.756399999999999864e+02,1.003804405401126587e+00
5.761599999999999682e+02,1.003802723760508497e+00
5.766799999999999500e+02,1.003800736404002691e+00
5.772000000000000455e+02,1.003798519502385078e+00
5.777200000000000273e+02,1.003796625645879459e+00
5.782400000000000091e+02,1.003794919415191611e+00
5.787599999999999909e+02,1.003793212060085649e+00
5.792799999999999727e+02,1.003791502857068085e+00
5.797999999999999545e+02,1.003789412848982376e+00
5.803199999999999363e+02,1.003787188445964151e+00
5.808400000000000318e+02,1.003785380629858670e+00
5.813600000000000136e+02,1.003783666399170604e+00
5.818799999999999955e+02,1.003781969671734942e+00
5.823999999999999773e+02,1.003780253673579370e+00
5.829200000000000728e+02,1.003778535346143252e+00
5.834400000000000546e+02,1.003776816115455439e+00
5.839600000000000364e+02,1.003775094327019834e+00
5.844800000000000182e+02,1.003773392418934263e+00
5.850000000000000000e+02,1.003771665601428609e+00
5.855199999999999818e+02,1.003770053038810506e+00
5.860399999999999636e+02,1.003768861329324968e+00
5.865599999999999454e+02,1.003767496413219051e+00
5.870799999999999272e+02,1.003765764624783285e+00
5.876000000000000227e+02,1.003764051187627571e+00
5.881200000000000045e+02,1.003762316899192042e+00
5.886399999999999864e+02,1.003760810656725955e+00
5.891599999999999682e+02,1.003759608640620637e+00
5.896800000000000637e+02,1.003758118652184672e+00
5.902000000000000455e+02,1.003756379154029155e+00
5.907200000000000273e+02,1.003754961565593185e+00
5.912400000000000091e+02,1.003753751396507576e+00
5.917599999999999909e+02,1.003752520779001900e+00
5.922799999999999727e+02,1.003751308165606204e+00
5.927999999999999545e+02,1.003749692588500331e+00
5.933200000000000500e+02,1.003747942993596931e+00
5.938400000000000318e+02,1.003746629976091098e+00
5.943600000000000136e+02,1.003745393246005202e+00
5.948799999999999955e+02,1.003744171285589459e+00
5.953999999999999773e+02,1.003742948490685682e+00
5.959199999999999591e+02,1.003741703884510006e+00
5.964399999999999409e+02,1.003740478243094092e+00
5.969600000000000364e+02,1.003739231068698778e+00
5.974800000000000182e+02,1.003738079338105438e+00
5.980000000000000000e+02,1.003737361396689343e+00
5.985199999999999818e+02,1.003736529240786046e+00
5.990400000000000773e+02,1.003735274162630420e+00
5.995600000000000591e+02,1.003734037021214442e+00
6.000800000000000409e+02,1.003732777165310841e+00
6.006000000000000227e+02,1.003731725743894909e+00
6.011200000000000045e+02,1.003730998160321519e+00
6.016399999999999864e+02,1.003730040057905670e+00
6.021599999999999682e+02,1.003728774383002120e+00
6.026800000000000637e+02,1.003727812627098537e+00
6.032000000000000455e+02,1.003727057567942671e+00
6.037200000000000273e+02,1.003726320540059058e+00
6.042400000000000091e+02,1.003725581790623655e+00
6.047599999999999909e+02,1.003724477834720075e+00
6.052799999999999727e+02,1.003723218606836332e+00
6.057999999999999545e+02,1.003722356962263085e+00
6.063199999999999363e+02,1.003721608087867034e+00
6.068399999999999181e+02,1.003720840431963524e+00
6.073600000000000136e+02,1.003720091096059974e+00
6.078799999999999955e+02,1.003719336540156215e+00
6.084000000000000909e+02,1.003718579637740138e+00
6.089200000000000728e+02,1.003717820621186751e+00
6.094400000000000546e+02,1.003717061565283064e+00
6.099600000000000364e+02,1.003716300076400003e+00
6.104800000000000182e+02,1.003715614959496127e+00
6.110000000000000000e+02,1.003715382731612760e+00
6.115199999999999818e+02,1.003715016314709496e+00
6.120399999999999636e+02,1.003714243825825303e+00
6.125599999999999454e+02,1.003713470798991869e+00
6.130800000000000409e+02,1.003712674182438258e+00
6.136000000000000227e+02,1.003712106265534754e+00
6.141200000000000045e+02,1.003711841976651087e+00
6.146399999999999864e+02,1.003711347959747480e+00
6.151599999999999682e+02,1.003710564970864194e+00
6.156799999999999500e+02,1.003710065953960395e+00
6.161999999999999318e+02,1.003709791165076526e+00
6.167200000000000273e+02,1.003709514905263056e+00
6.172400000000000091e+02,1.003709237934871545e+00
6.177599999999999909e+02,1.003708613845988085e+00
6.182799999999999727e+02,1.003707815829084637e+00
6.188000000000000682e+02,1.003707414940200993e+00
6.193200000000000500e+02,1.003707127190317294e+00
6.198400000000000318e+02,1.003706838596015949e+00
6.203600000000000136e+02,1.003706566907132336e+00
6.208799999999999955e+02,1.003706272590228599e+00
6.213999999999999773e+02,1.003705977186857501e+00
6.219199999999999591e+02,1.003705696027043626e+00
6.224400000000000546e+02,1.003705395249140153e+00
6.229600000000000364e+02,1.003705090153788948e+00
6.234800000000000182e+02,1.003704803003905077e+00
6.240000000000000000e+02,1.003704492062583720e+00
6.245199999999999818e+02,1.003704180312700034e+00
6.250399999999999636e+02,1.003703883356348969e+00
6.255599999999999454e+02,1.003703719396185301e+00
6.260799999999999272e+02,1.003703935292813654e+00
6.265999999999999091e+02,1.003703938742930069e+00
6.271200000000000045e+02,1.003703612686578817e+00
6.276399999999999864e+02,1.003703303498745036e+00
6.281600000000000819e+02,1.003702974595373831e+00
6.286800000000000637e+02,1.003702906721580135e+00
6.292000000000000455e+02,1.003703104118208733e+00
6.297200000000000273e+02,1.003702975786817220e+00
6.302400000000000091e+02,1.003702636440693574e+00
6.307599999999999909e+02,1.003702293537321877e+00
6.312799999999999727e+02,1.003701967733950262e+00
6.317999999999999545e+02,1.003702018932136619e+00
6.323199999999999363e+02,1.003702200867765848e+00
6.328400000000000318e+02,1.003702362540484394e+00
6.333600000000000136e+02,1.003702541964782480e+00
6.338799999999999955e+02,1.003702218637501309e+00
6.343999999999999773e+02,1.003701874487617829e+00
6.349199999999999591e+02,1.003702041742246198e+00
6.354399999999999409e+02,1.003702189067944728e+00
6.359599999999999227e+02,1.003702350531243237e+00
6.364800000000000182e+02,1.003702416303961842e+00
6.370000000000000000e+02,1.003702037747610465e+00
6.375199999999999818e+02,1.003701792112308810e+00
6.380399999999999636e+02,1.003701942883627352e+00
6.385600000000000591e+02,1.003702092820306202e+00
6.390800000000000409e+02,1.003702219502954573e+00
6.396000000000000227e+02,1.003702362928653224e+00
6.401200000000000045e+02,1.003702501238971756e+00
6.406399999999998727e+02,1.003702618103670563e+00
6.411599999999999682e+02,1.003702750347318817e+00
6.416800000000000637e+02,1.003702881159037386e+00
6.422000000000000455e+02,1.003702989551406022e+00
6.427200000000000273e+02,1.003703114334054680e+00
6.432400000000000091e+02,1.003703236298753021e+00
6.437599999999999909e+02,1.003703354109071633e+00
6.442799999999999727e+02,1.003703449667301850e+00
6.448000000000000682e+02,1.003703560632000613e+00
6.453199999999999363e+02,1.003703669942319632e+00
6.458400000000000318e+02,1.003703756154037841e+00
6.463599999999999000e+02,1.003703860436686801e+00
6.468799999999999955e+02,1.003703958275567354e+00
6.473999999999999773e+02,1.003704034987286109e+00
6.479200000000000728e+02,1.003704126769934479e+00
6.484399999999999409e+02,1.003704217608815341e+00
6.489600000000000364e+02,1.003704282359533906e+00
6.494799999999999045e+02,1.003704365142182198e+00
6.500000000000000000e+02,1.003704443328082840e+00
6.505200000000000955e+02,1.003704501539801619e+00
6.510399999999999636e+02,1.003704571042099980e+00
6.515600000000000591e+02,1.003704640700330719e+00
6.520799999999999272e+02,1.003704686451049266e+00
6.526000000000000227e+02,1.003704750136950041e+00
6.531200000000000045e+02,1.003704809958598121e+00
6.536400000000001000e+02,1.003705094997479286e+00
6.541599999999999682e+02,1.003705660048197723e+00
6.546800000000000637e+02,1.003705936434098556e+00
6.551999999999999318e+02,1.003705980283766896e+00
6.557200000000000273e+02,1.003706021980997898e+00
6.562400000000000091e+02,1.003706061166898422e+00
6.567599999999999909e+02,1.003706076417617110e+00
6.572799999999999727e+02,1.003706107613447696e+00
6.577999999999999545e+02,1.003706133425166458e+00
6.583199999999999363e+02,1.003706137550066879e+00
6.588400000000000318e+02,1.003706156928297677e+00
6.593600000000001273e+02,1.003706174806686446e+00
6.598799999999999955e+02,1.003706663974846869e+00
6.604000000000000909e+02,1.003707190399747651e+00
6.609199999999999591e+02,1.003707174496978327e+00
6.614400000000000546e+02,1.003707176875366924e+00
6.619600000000000364e+02,1.003707171600617398e+00
6.624800000000000182e+02,1.003707147225518348e+00
6.630000000000000000e+02,1.003707136422749224e+00
6.635199999999999818e+02,1.003707124272067430e+00
6.640399999999999636e+02,1.003707084396967986e+00
6.645600000000000591e+02,1.003707062508238712e+00
6.650799999999999272e+02,1.003707036233139727e+00
6.656000000000000227e+02,1.003706988830370461e+00
6.661199999999998909e+02,1.003706955055270855e+00
6.666399999999999864e+02,1.003707166619522084e+00
6.671599999999999682e+02,1.003707640544422519e+00
6.676800000000000637e+02,1.003707824441653296e+00
6.681999999999999318e+02,1.003707755605554031e+00
6.687200000000000273e+02,1.003707701858474577e+00
6.692400000000000091e+02,1.003707644094705476e+00
6.697599999999999909e+02,1.003707563566625938e+00
6.702800000000000864e+02,1.003707497858546738e+00
6.707999999999999545e+02,1.003707429055777256e+00
6.713200000000000500e+02,1.003707358319678056e+00
6.718399999999999181e+02,1.003707260944928459e+00
6.723600000000000136e+02,1.003707180555849510e+00
6.728799999999999955e+02,1.003707092819750457e+00
6.734000000000000909e+02,1.003706984945001102e+00
6.739199999999999591e+02,1.003706889208901609e+00
6.744400000000000546e+02,1.003706792472802256e+00
6.749599999999999227e+02,1.003706666830585403e+00
6.754800000000000182e+02,1.003706464055486025e+00
6.760000000000000000e+02,1.003705836119386463e+00
6.765199999999999818e+02,1.003705321283637097e+00
6.770399999999999636e+02,1.003705182294557963e+00
6.775599999999999454e+02,1.003705060432990903e+00
6.780800000000000409e+02,1.003704929669221313e+00
6.786000000000000227e+02,1.003704778180142254e+00
6.791200000000001182e+02,1.003704639818574940e+00
6.796399999999999864e+02,1.003704498582475679e+00
6.801600000000000819e+02,1.003704333593746112e+00
6.806799999999999500e+02,1.003703896204159118e+00
6.812000000000000455e+02,1.003703204697130147e+00
6.817200000000000273e+02,1.003702853308400478e+00
6.822400000000000091e+02,1.003702688957813782e+00
6.827599999999999909e+02,1.003702137749734380e+00
6.832799999999999727e+02,1.003701430907167236e+00
6.837999999999999545e+02,1.003701137071417726e+00
6.843200000000000500e+02,1.003700954221338648e+00
6.848399999999999181e+02,1.003700307488841315e+00
6.853600000000000136e+02,1.003699581952741893e+00
6.858799999999998818e+02,1.003699347277194898e+00
6.863999999999999773e+02,1.003699129413425650e+00
6.869199999999999591e+02,1.003698387598878305e+00
6.874400000000000546e+02,1.003697720348291300e+00
6.879600000000000364e+02,1.003697482416301634e+00
6.884800000000000182e+02,1.003697167565714921e+00
6.890000000000000000e+02,1.003696405376985457e+00
6.895199999999999818e+02,1.003695661826398355e+00
6.900400000000000773e+02,1.003694892579921394e+00
6.905599999999999454e+02,1.003694120043821858e+00
6.910800000000000409e+02,1.003693359368274862e+00
6.915999999999999091e+02,1.003692576371175482e+00
6.921200000000000045e+02,1.003691786058028557e+00
6.926399999999999864e+02,1.003691011007441070e+00
6.931600000000000819e+02,1.003690210231894087e+00
6.936799999999999500e+02,1.003689405609834662e+00
6.942000000000000455e+02,1.003688616049317694e+00
6.947199999999999136e+02,1.003687802273770746e+00
6.952400000000000091e+02,1.003686982623183122e+00
6.957599999999999909e+02,1.003686158973453812e+00
6.962799999999999727e+02,1.003685350798956932e+00
6.968000000000000682e+02,1.003684515176389347e+00
6.973199999999999363e+02,1.003683675400842468e+00
6.978400000000000318e+02,1.003682389979325018e+00
6.983600000000000136e+02,1.003681026157265732e+00
6.988800000000001091e+02,1.003680150781718572e+00
6.993999999999999773e+02,1.003679273060201549e+00
6.999200000000000728e+02,1.003677890084654356e+00
7.004399999999999409e+02,1.003676562881087087e+00
7.009600000000000364e+02,1.003675686259920097e+00
7.014800000000000182e+02,1.003674733123373075e+00
7.020000000000000000e+02,1.003673327648875846e+00
7.025199999999999818e+02,1.003671921173328707e+00
7.030399999999999636e+02,1.003670504850761702e+00
7.035599999999999454e+02,1.003669068815264520e+00
7.040800000000000409e+02,1.003667645339717307e+00
7.045999999999999091e+02,1.003666217546220096e+00
7.051200000000000045e+02,1.003664781109673054e+00
7.056399999999998727e+02,1.003663340606105736e+00
7.061599999999999682e+02,1.003661893698628349e+00
7.066800000000000637e+02,1.003660443223081566e+00
7.072000000000000455e+02,1.003658987901564492e+00
7.077200000000000273e+02,1.003657182665016911e+00
7.082400000000000091e+02,1.003655199018540278e+00
7.087599999999999909e+02,1.003653572628505186e+00
7.092799999999999727e+02,1.003652094163938191e+00
7.098000000000000682e+02,1.003650188170440938e+00
7.103199999999999363e+02,1.003648183533893734e+00
7.108400000000000318e+02,1.003646150287416328e+00
7.113599999999999000e+02,1.003644132622849350e+00
7.118799999999999955e+02,1.003642108861884319e+00
7.123999999999999773e+02,1.003640064125337350e+00
7.129200000000000728e+02,1.003638026978860065e+00
7.134399999999999409e+02,1.003635968867272910e+00
7.139600000000000364e+02,1.003633918106308087e+00
7.144799999999999045e+02,1.003631847369760521e+00
7.150000000000000000e+02,1.003629787762283287e+00
7.155200000000000955e+02,1.003627574160918856e+00
7.160399999999999636e+02,1.003624985825421367e+00
7.165600000000000591e+02,1.003622376388874082e+00
7.170799999999999272e+02,1.003619759327909033e+00
7.176000000000000227e+02,1.003617367120432036e+00
7.181200000000000045e+02,1.003615251883884785e+00
7.186400000000001000e+02,1.003612885222920026e+00
7.191599999999999682e+02,1.003610262858352531e+00
7.196800000000000637e+02,1.003607310697387733e+00
7.201999999999999318e+02,1.003604140560840685e+00
7.207200000000000273e+02,1.003601308753363730e+00
7.212400000000000091e+02,1.003598644259068307e+00
7.217599999999999909e+02,1.003595589822521061e+00
7.222799999999999727e+02,1.003592396561556521e+00
7.227999999999999545e+02,1.003589196396988958e+00
7.233199999999999363e+02,1.003585992636024216e+00
7.238400000000000318e+02,1.003582759967547089e+00
7.243600000000001273e+02,1.003579543177511857e+00
7.248799999999999955e+02,1.003576315097704841e+00
7.254000000000000909e+02,1.003573085336739501e+00
7.259199999999999591e+02,1.003569846085704542e+00
7.264400000000000546e+02,1.003566548178227436e+00
7.269600000000000364e+02,1.003562760656262709e+00
7.274800000000000182e+02,1.003558971191695237e+00
7.280000000000000000e+02,1.003555189605420450e+00
7.285199999999999818e+02,1.003551386583455551e+00
7.290399999999999636e+02,1.003547591246908288e+00
7.295600000000000591e+02,1.003543602824943148e+00
7.300799999999999272e+02,1.003539262563978296e+00
7.306000000000000227e+02,1.003534917994100883e+00
7.311199999999998909e+02,1.003530564772136202e+00
7.316399999999999864e+02,1.003526206511170971e+00
7.321599999999999682e+02,1.003521839760644019e+00
7.326800000000000637e+02,1.003517486599678987e+00
7.331999999999999318e+02,1.003513106905384200e+00
7.337200000000000273e+02,1.003508376883418984e+00
7.342400000000000091e+02,1.003503468085871653e+00
7.347599999999999909e+02,1.003498533371926627e+00
7.352800000000000864e+02,1.003493611977631650e+00
7.357999999999999545e+02,1.003488681555666506e+00
7.363200000000000500e+02,1.003483747104631618e+00
7.368399999999999181e+02,1.003478325682666483e+00
7.373600000000000136e+02,1.003472842949879595e+00
7.378799999999999955e+02,1.003467369327914582e+00
7.384000000000000909e+02,1.003461854476879411e+00
7.389199999999999591e+02,1.003455831554914690e+00
7.394400000000000546e+02,1.003449865307639355e+00
7.399599999999999227e+02,1.003444360185674400e+00
7.404800000000000182e+02,1.003438625334639678e+00
7.410000000000000000e+02,1.003432059559694389e+00
7.415199999999999818e+02,1.003425625165399238e+00
7.420399999999999636e+02,1.003419559243434733e+00
7.425599999999999454e+02,1.003413128268489496e+00
7.430800000000000409e+02,1.003405998374194530e+00
7.436000000000000227e+02,1.003399094151179449e+00
7.441200000000001182e+02,1.003392486876234502e+00
7.446399999999999864e+02,1.003385606920939699e+00
7.451600000000000819e+02,1.003378450998974492e+00
7.456799999999999500e+02,1.003370983324029186e+00
7.462000000000000455e+02,1.003363296229734303e+00
7.467200000000000273e+02,1.003355602117699252e+00
7.472400000000000091e+02,1.003347902342754505e+00
7.477599999999999909e+02,1.003340192748459314e+00
7.482799999999999727e+02,1.003332477126493982e+00
7.487999999999999545e+02,1.003324313618569219e+00
7.493200000000000500e+02,1.003316068824273932e+00
7.498399999999999181e+02,1.003307337349329531e+00
7.503600000000000136e+02,1.003298545112876416e+00
7.508799999999998818e+02,1.003289739865601327e+00
7.513999999999999773e+02,1.003280912653566448e+00
7.519199999999999591e+02,1.003271577331601438e+00
7.524400000000000546e+02,1.003262240423326457e+00
7.529600000000000364e+02,1.003252888129381182e+00
7.534800000000000182e+02,1.003243325467618741e+00
7.540000000000000000e+02,1.003232906645653344e+00
7.545199999999999818e+02,1.003222619909708513e+00
7.550400000000000773e+02,1.003212722915413524e+00
7.555599999999999454e+02,1.003202441154000812e+00
7.560800000000000409e+02,1.003191459098705662e+00
7.565999999999999091e+02,1.003180492423760617e+00
7.571200000000000045e+02,1.003169515940795620e+00
7.576399999999999864e+02,1.003158267279032678e+00
7.581600000000000819e+02,1.003146740457067532e+00
7.586799999999999500e+02,1.003135207076812696e+00
7.592000000000000455e+02,1.003123665140359666e+00
7.597199999999999136e+02,1.003111446232084480e+00
7.602400000000000091e+02,1.003098837410119737e+00
7.607599999999999909e+02,1.003086239476377095e+00
7.612799999999999727e+02,1.003073615540432062e+00
7.618000000000000682e+02,1.003060581503979032e+00
7.623199999999999363e+02,1.003047428895703641e+00
7.628400000000000318e+02,1.003033786412738992e+00
7.633600000000000136e+02,1.003020102478995979e+00
7.638800000000001091e+02,1.003005908196031415e+00
7.643999999999999773e+02,1.002991654795268195e+00
7.649200000000000728e+02,1.002976887959323271e+00
7.654399999999999409e+02,1.002962119678560304e+00
7.659600000000000364e+02,1.002947337842615250e+00
7.664800000000000182e+02,1.002932345819852689e+00
7.670000000000000000e+02,1.002916497664907425e+00
7.675199999999999818e+02,1.002900514003144838e+00
7.680399999999999636e+02,1.002884134620179779e+00
7.685599999999999454e+02,1.002867561458416601e+00
7.690800000000000409e+02,1.002850650750491734e+00
7.695999999999999091e+02,1.002833735541708737e+00
7.701200000000000045e+02,1.002816790205763864e+00
7.706399999999998727e+02,1.002799323611021087e+00
7.711599999999999682e+02,1.002781331250658159e+00
7.716800000000000637e+02,1.002762700395362971e+00
7.722000000000000455e+02,1.002743658133950166e+00
7.727200000000000273e+02,1.002724588925675286e+00
7.732400000000000091e+02,1.002705511728222421e+00
7.737599999999999909e+02,1.002686045394479253e+00
7.742799999999999727e+02,1.002666420858534302e+00
7.748000000000000682e+02,1.002645941835771604e+00
7.753199999999999363e+02,1.002625264455008880e+00
7.758400000000000318e+02,1.002604119187133769e+00
7.763599999999999000e+02,1.002582894325370955e+00
7.768799999999999955e+02,1.002560661263958375e+00
7.773999999999999773e+02,1.002538386694175054e+00
7.779200000000000728e+02,1.002516097558230124e+00
7.784399999999999409e+02,1.002493597763487232e+00
7.789600000000000364e+02,1.002469725801724332e+00
7.794799999999999045e+02,1.002445852186829578e+00
7.800000000000000000e+02,1.002421942653086706e+00
7.805200000000000955e+02,1.002397763702653544e+00
7.810399999999999636e+02,1.002372807768910690e+00
7.815600000000000591e+02,1.002347465346147937e+00
7.820799999999999272e+02,1.002321458678272714e+00
7.826000000000000227e+02,1.002294970497509929e+00
7.831200000000000045e+02,1.002267898147076730e+00
7.836400000000001000e+02,1.002240799752334155e+00
7.841599999999999682e+02,1.002213709390571417e+00
7.846800000000000637e+02,1.002185675669208687e+00
7.851999999999999318e+02,1.002156984074465962e+00
7.857200000000000273e+02,1.002127938391500939e+00
7.862400000000000091e+02,1.002098732196757824e+00
7.867599999999999909e+02,1.002068313173995140e+00
7.872799999999999727e+02,1.002037505680652085e+00
7.877999999999999545e+02,1.002006265457889178e+00
7.883199999999999363e+02,1.001974924224146468e+00
7.888400000000000318e+02,1.001943072373713495e+00
7.893600000000001273e+02,1.001911196980020291e+00
7.898799999999999955e+02,1.001877761485277629e+00
7.904000000000000909e+02,1.001844227434844914e+00
7.909199999999999591e+02,1.001809684240102305e+00
7.914400000000000546e+02,1.001775004999389207e+00
7.919600000000000364e+02,1.001739410376976336e+00
7.924800000000000182e+02,1.001703699654213686e+00
7.930000000000000000e+02,1.001667551788540500e+00
7.935199999999999818e+02,1.001630962038107642e+00
7.940399999999999636e+02,1.001593231943364914e+00
7.945600000000000591e+02,1.001554944420602000e+00
7.950799999999999272e+02,1.001515630127259193e+00
7.956000000000000227e+02,1.001476081104496263e+00
7.961199999999998909e+02,1.001436232609753230e+00
7.966399999999999864e+02,1.001395556288390720e+00
7.971599999999999682e+02,1.001354104493647590e+00
7.976800000000000637e+02,1.001312033009884805e+00
7.981999999999999318e+02,1.001269531344211927e+00
7.987200000000000273e+02,1.001226313740291252e+00
7.992400000000000091e+02,1.001182762145548244e+00
7.997599999999999909e+02,1.001137996751855441e+00
8.002800000000000864e+02,1.001092841868442607e+00
8.007999999999999545e+02,1.001046375645679998e+00
8.013200000000000500e+02,1.000999636080006638e+00
8.018399999999999181e+02,1.000951946931776471e+00
8.023600000000000136e+02,1.000904138820343459e+00
8.028799999999999955e+02,1.000854771001690402e+00
8.034000000000000909e+02,1.000805323378927580e+00
8.039199999999999591e+02,1.000754863623184887e+00
8.044400000000000546e+02,1.000704135248334126e+00
8.049599999999999227e+02,1.000651573592591159e+00
8.054800000000000182e+02,1.000598781198898557e+00
8.060000000000000000e+02,1.000545148004155616e+00
8.065199999999999818e+02,1.000491054767254528e+00
8.070399999999999636e+02,1.000435839873561550e+00
8.075599999999999454e+02,1.000379856517819244e+00
8.080800000000000409e+02,1.000322542042076268e+00
8.086000000000000227e+02,1.000264743161915382e+00
8.091200000000001182e+02,1.000206356839502542e+00
8.096399999999999864e+02,1.000147141784809790e+00
8.101600000000000819e+02,1.000087152075578967e+00
8.106799999999999500e+02,1.000025911981885729e+00
8.112000000000000455e+02,9.999638406261432966e-01
8.117200000000000273e+02,9.999006701972626976e-01
8.122400000000000091e+02,9.998369930425695662e-01
8.127599999999999909e+02,9.997721216868267202e-01
8.132799999999999727e+02,9.997068626676660630e-01
8.137999999999999545e+02,9.996398506839031528e-01
8.143200000000000500e+02,9.995724892760721181e-01
8.148399999999999181e+02,9.995036788003295314e-01
8.153600000000000136e+02,9.994347106201687536e-01
8.158799999999998818e+02,9.993636833644257145e-01
8.163999999999999773e+02,9.992925002806630763e-01
8.169199999999999591e+02,9.992198489615023993e-01
8.174400000000000546e+02,9.991469096251097692e-01
8.179600000000000364e+02,9.990721348169290250e-01
8.184800000000000182e+02,9.989968047611861302e-01
8.190000000000000000e+02,9.989193952810253574e-01
8.195199999999999818e+02,9.988416962442823177e-01
8.200400000000000773e+02,9.987632368251213588e-01
8.205599999999999454e+02,9.986837793417085996e-01
8.210800000000000409e+02,9.986026827335281464e-01
8.215999999999999091e+02,9.985206432248050490e-01
8.221200000000000045e+02,9.984374437446443817e-01
8.226399999999999864e+02,9.983531094608817380e-01
8.231600000000000819e+02,9.982677908277406420e-01
8.236799999999999500e+02,9.981808957719978670e-01
8.242000000000000455e+02,9.980929390918372723e-01
8.247199999999999136e+02,9.980035403269162941e-01
8.252400000000000091e+02,9.979134832472636996e-01
8.257599999999999909e+02,9.978218283671030919e-01
8.262799999999999727e+02,9.977296493833400781e-01
8.268000000000000682e+02,9.976357200501994038e-01
8.273199999999999363e+02,9.975414224409685504e-01
8.278400000000000318e+02,9.974447371532958462e-01
8.283600000000000136e+02,9.973478187630649971e-01
8.288800000000001091e+02,9.972482884829043659e-01
8.293999999999999773e+02,9.971485648271618540e-01
8.299200000000000728e+02,9.970463750663506319e-01
8.304399999999999409e+02,9.969438969581700949e-01
8.309600000000000364e+02,9.968395855414273754e-01
8.314800000000000182e+02,9.967347194082866180e-01
8.320000000000000000e+02,9.966277705990560509e-01
8.325199999999999818e+02,9.965200547913829476e-01
8.330399999999999636e+02,9.964104874211520135e-01
8.335599999999999454e+02,9.962997509409913244e-01
8.340800000000000409e+02,9.961870140613385827e-01
8.345999999999999091e+02,9.960730825240878827e-01
8.351200000000000045e+02,9.959577249299467194e-01
8.356399999999998727e+02,9.958412521207162804e-01
8.361599999999999682e+02,9.957237743330433766e-01
8.366800000000000637e+02,9.956040720718829506e-01
8.372000000000000455e+02,9.954829259626519766e-01
8.377200000000000273e+02,9.953603372685112527e-01
8.382400000000000091e+02,9.952370907606806760e-01
8.387599999999999909e+02,9.951110217439378403e-01
8.392799999999999727e+02,9.949840843827769676e-01
8.398000000000000682e+02,9.948549362125460593e-01
8.403199999999999363e+02,9.947253616794058395e-01
8.408400000000000318e+02,9.945928887382450290e-01
8.413599999999999000e+02,9.944601632760341481e-01
8.418799999999999955e+02,9.943248220883615929e-01
8.423999999999999773e+02,9.941891920272002414e-01
8.429200000000000728e+02,9.940501393569698418e-01
8.434399999999999409e+02,9.939107040238294166e-01
8.439600000000000364e+02,9.937690342826681622e-01
8.444799999999999045e+02,9.936265224204579027e-01
8.450000000000000000e+02,9.934811644512770989e-01
8.455200000000000955e+02,9.933348483571362575e-01
8.460399999999999636e+02,9.931863344479056055e-01
8.465600000000000591e+02,9.930364027072530186e-01
8.470799999999999272e+02,9.928842036660918691e-01
8.476000000000000227e+02,9.927305654038809379e-01
8.481200000000000045e+02,9.925752129627204434e-01
8.486400000000001000e+02,9.924181715405596682e-01
8.491599999999999682e+02,9.922596656313289465e-01
8.496800000000000637e+02,9.920988948371883831e-01
8.501999999999999318e+02,9.919367173960276229e-01
8.507200000000000273e+02,9.917719900018868717e-01
8.512400000000000091e+02,9.916061080786759963e-01
8.517599999999999909e+02,9.914374227261852912e-01
8.522799999999999727e+02,9.912678692320445739e-01
8.527999999999999545e+02,9.910952086337940781e-01
8.533199999999999363e+02,9.909219694396531608e-01
8.538400000000000318e+02,9.907458281455124860e-01
8.543600000000001273e+02,9.905694523043521160e-01
8.548799999999999955e+02,9.903888562811411500e-01
8.554000000000000909e+02,9.902079518009805348e-01
8.559199999999999591e+02,9.900231512533519407e-01
8.564400000000000546e+02,9.898378708592108222e-01
8.569600000000000364e+02,9.896499146889802256e-01
8.574800000000000182e+02,9.894610023948394728e-01
8.580000000000000000e+02,9.892688423256588148e-01
8.585199999999999818e+02,9.890753989315180794e-01
8.590399999999999636e+02,9.888790333083076201e-01
8.595600000000000591e+02,9.886812484671468892e-01
8.600799999999999272e+02,9.884812133006760648e-01
8.606000000000000227e+02,9.882792234065356229e-01
8.611199999999998909e+02,9.880749848118868250e-01
8.616399999999999864e+02,9.878684647886760706e-01
8.621599999999999682e+02,9.876600217945353810e-01
8.626800000000000637e+02,9.874486657923745581e-01
8.631999999999999318e+02,9.872354845982336258e-01
8.637200000000000273e+02,9.870197501040931520e-01
8.642400000000000091e+02,9.868028972803746246e-01
8.647599999999999909e+02,9.865828035862339584e-01
8.652800000000000864e+02,9.863617469197631937e-01
8.657999999999999545e+02,9.861366829786022414e-01
8.663200000000000500e+02,9.859108881234615041e-01
8.668399999999999181e+02,9.856812183467631439e-01
8.673600000000000136e+02,9.854512192056026354e-01
8.678799999999999955e+02,9.852165007834416954e-01
8.684000000000000909e+02,9.849814552283009395e-01
8.689199999999999591e+02,9.847425317806725031e-01
8.694400000000000546e+02,9.845028803381113969e-01
8.699599999999999227e+02,9.842592359439708005e-01
8.704800000000000182e+02,9.840144812888304005e-01
8.710000000000000000e+02,9.837661151412013805e-01
8.715199999999999818e+02,9.835162545000408763e-01
8.720399999999999636e+02,9.832631684449001375e-01
8.725599999999999454e+02,9.830084350972716489e-01
8.730800000000000409e+02,9.827511260017308681e-01
8.736000000000000227e+02,9.824913833995698731e-01
8.741200000000001182e+02,9.822288368519415114e-01
8.746399999999999864e+02,9.819634164968008561e-01
8.751600000000000819e+02,9.816956343026604914e-01
8.756799999999999500e+02,9.814252254080114701e-01
8.762000000000000455e+02,9.811532207528708138e-01
8.767200000000000273e+02,9.808775559853502024e-01
8.772400000000000091e+02,9.806002967767215583e-01
8.777599999999999909e+02,9.803189719825808890e-01
8.782799999999999727e+02,9.800364717804200820e-01
8.787999999999999545e+02,9.797499482327916009e-01
8.793200000000000500e+02,9.794627127053209259e-01
8.798399999999999181e+02,9.791701109576921302e-01
8.803600000000000136e+02,9.788770832025517343e-01
8.808799999999998818e+02,9.785793580613906251e-01
8.813999999999999773e+02,9.782811913527621472e-01
8.819199999999999591e+02,9.779782101962216645e-01
8.824400000000000546e+02,9.776743874485928076e-01
8.829600000000000364e+02,9.773661674934525090e-01
8.834800000000000182e+02,9.770566847458236337e-01
8.840000000000000000e+02,9.767432078906829185e-01
8.845199999999999818e+02,9.764280663627041834e-01
8.850400000000000773e+02,9.761093566685633549e-01
8.855599999999999454e+02,9.757883488599349286e-01
8.860800000000000409e+02,9.754638646047942840e-01
8.865999999999999091e+02,9.751366428851855339e-01
8.871200000000000045e+02,9.748063714577150929e-01
8.876399999999999864e+02,9.744732258490863552e-01
8.881600000000000819e+02,9.741377170939456986e-01
8.886799999999999500e+02,9.737989110702270912e-01
8.892000000000000455e+02,9.734581454427563285e-01
8.897199999999999136e+02,9.731129575341279647e-01
8.902400000000000091e+02,9.727658894789871225e-01
8.907599999999999909e+02,9.724147364703583651e-01
8.912799999999999727e+02,9.720624275762176358e-01
8.918000000000000682e+02,9.717051596952592796e-01
8.923199999999999363e+02,9.713470837681384973e-01
8.928400000000000318e+02,9.709836009595099737e-01
8.933600000000000136e+02,9.706196738508813260e-01
8.938800000000001091e+02,9.702495229234108232e-01
8.943999999999999773e+02,9.698789113757818603e-01
8.949200000000000728e+02,9.695035207736213412e-01
8.954399999999999409e+02,9.691270597926630037e-01
8.959600000000000364e+02,9.687453805840339216e-01
8.964800000000000182e+02,9.683621519569133307e-01
8.970000000000000000e+02,9.679741517482847168e-01
8.975199999999999818e+02,9.675843126208139022e-01
8.980399999999999636e+02,9.671905559121855012e-01
8.985599999999999454e+02,9.667945027035568240e-01
8.990800000000000409e+02,9.663949589484165381e-01
8.995999999999999091e+02,9.659924465674574190e-01
9.001200000000000045e+02,9.655866123868490636e-01
9.006399999999998727e+02,9.651772946317085378e-01
9.011599999999999682e+02,9.647651771507498308e-01
9.016800000000000637e+02,9.643490949421211766e-01
9.022000000000000455e+02,9.639306705334925729e-01
9.027200000000000273e+02,9.635078010783519886e-01
9.032400000000000091e+02,9.630830878973932752e-01
9.037599999999999909e+02,9.626538556557848736e-01
9.042799999999999727e+02,9.622233750006440323e-01
9.048000000000000682e+02,9.617870120196856387e-01
9.053199999999999363e+02,9.613497061110569675e-01
9.058400000000000318e+02,9.609064838024286015e-01
9.063599999999999000e+02,9.604627797320474114e-01
9.068799999999999955e+02,9.600123679234188190e-01
9.073999999999999773e+02,9.595614183537906072e-01
9.079200000000000728e+02,9.591052178728319833e-01
9.084399999999999409e+02,9.586478698647111774e-01
9.089600000000000364e+02,9.581848643560822998e-01
9.094799999999999045e+02,9.577201761031441940e-01
9.100000000000000000e+02,9.572503500335156623e-01
9.105200000000000955e+02,9.567784953248866797e-01
9.110399999999999636e+02,9.563023614697460095e-01
9.115600000000000591e+02,9.558237208887876424e-01
9.120799999999999272e+02,9.553413016471790087e-01
9.126000000000000227e+02,9.548553795662201304e-01
9.131200000000000045e+02,9.543656214575918506e-01
9.136400000000001000e+02,9.538723592414511954e-01
9.141599999999999682e+02,9.533763159175825397e-01
9.146800000000000637e+02,9.528759454089537062e-01
9.151999999999999318e+02,9.523730817863450548e-01
9.157200000000000273e+02,9.518653720053867895e-01
9.162400000000000091e+02,9.513556849357580614e-01
9.167599999999999909e+02,9.508406167551493038e-01
9.172799999999999727e+02,9.503241278276788329e-01
9.177999999999999545e+02,9.498017223580503821e-01
9.183199999999999363e+02,9.492784131494216293e-01
9.188400000000000318e+02,9.487486674645527751e-01
9.193600000000001273e+02,9.482183832029446036e-01
9.198799999999999955e+02,9.476814328219860251e-01
9.204000000000000909e+02,9.471438114523574869e-01
9.209199999999999591e+02,9.466000580717489621e-01
9.214400000000000546e+02,9.460550044297900696e-01
9.219600000000000364e+02,9.455038926211616346e-01
9.224800000000000182e+02,9.449510593515335621e-01
9.230000000000000000e+02,9.443931265281724219e-01
9.235199999999999818e+02,9.438329549585438016e-01
9.240399999999999636e+02,9.432682181165852331e-01
9.245600000000000591e+02,9.427004780079568658e-01
9.250799999999999272e+02,9.421284078663481054e-01
9.256000000000000227e+02,9.415530253853894305e-01
9.261199999999998909e+02,9.409741133627811394e-01
9.266399999999999864e+02,9.403911036389123179e-01
9.271599999999999682e+02,9.398048524692836914e-01
9.276800000000000637e+02,9.392142565996552950e-01
9.281999999999999318e+02,9.386212064186967297e-01
9.287200000000000273e+02,9.380228906241081521e-01
9.292400000000000091e+02,9.374225016821495782e-01
9.297599999999999909e+02,9.368162737025910181e-01
9.302800000000000864e+02,9.362085298609823525e-01
9.307999999999999545e+02,9.355948689660437134e-01
9.313200000000000500e+02,9.349803039574154928e-01
9.318399999999999181e+02,9.343588063434763447e-01
9.323600000000000136e+02,9.337367311738479225e-01
9.328799999999999955e+02,9.331074940074715052e-01
9.334000000000000909e+02,9.324775671458630510e-01
9.339199999999999591e+02,9.318415075042543183e-01
9.344400000000000546e+02,9.312040525622956588e-01
9.349599999999999227e+02,9.305601212926670751e-01
9.354800000000000182e+02,9.299144689158185262e-01
9.360000000000000000e+02,9.292637361461900669e-01
9.365199999999999818e+02,9.286105546042315861e-01
9.370399999999999636e+02,9.279524830626227905e-01
9.375599999999999454e+02,9.272913890676843796e-01
9.380800000000000409e+02,9.266259841881259174e-01
9.386000000000000227e+02,9.259569994930292314e-01
9.391200000000001182e+02,9.252842370980908226e-01
9.396399999999999864e+02,9.246076453284622909e-01
9.401600000000000819e+02,9.239280615435936372e-01
9.406799999999999500e+02,9.232434443739652163e-01
9.412000000000000455e+02,9.225560093790263760e-01
9.417200000000000273e+02,9.218633095374180186e-01
9.422400000000000091e+02,9.211685382029716207e-01
9.427599999999999909e+02,9.204679088094329664e-01
9.432799999999999727e+02,9.197658008954942011e-01
9.437999999999999545e+02,9.190572794258657918e-01
9.443200000000000500e+02,9.183478355589468345e-01
9.448399999999999181e+02,9.176314008183886761e-01
9.453600000000000136e+02,9.169144085229421481e-01
9.458799999999998818e+02,9.161908098813333901e-01
9.463999999999999773e+02,9.154663691587249241e-01
9.469199999999999591e+02,9.147348979458364004e-01
9.474400000000000546e+02,9.140020882042277917e-01
9.479600000000000364e+02,9.132632813558014817e-01
9.484800000000000182e+02,9.125225793861730939e-01
9.490000000000000000e+02,9.117764138483244185e-01
9.495199999999999818e+02,9.110277995786957295e-01
9.500400000000000773e+02,9.102743198112690504e-01
9.505599999999999454e+02,9.095177780567308412e-01
9.510800000000000409e+02,9.087569616147719298e-01
9.515999999999999091e+02,9.079925277731636379e-01
9.521200000000000045e+02,9.072243566247371049e-01
9.526399999999999864e+02,9.064517255121982142e-01
9.531600000000000819e+02,9.056757016702396967e-01
9.536799999999999500e+02,9.048952555476315052e-01
9.542000000000000455e+02,9.041124306092748197e-01
9.547199999999999136e+02,9.033242647256664037e-01
9.552400000000000091e+02,9.025340845117276745e-01
9.557599999999999909e+02,9.017380269162811324e-01
9.562799999999999727e+02,9.009405102227426854e-01
9.568000000000000682e+02,9.001365435088042322e-01
9.573199999999999363e+02,8.993316938327078347e-01
9.578400000000000318e+02,8.985198168868390178e-01
9.583600000000000136e+02,8.977073819172108893e-01
9.588800000000001091e+02,8.968878430968041382e-01
9.593999999999999773e+02,8.960674993562455226e-01
9.599200000000000728e+02,8.952406224003072177e-01
9.604399999999999409e+02,8.944123873052107765e-01
9.609600000000000364e+02,8.935781731632519431e-01
9.614800000000000182e+02,8.927420086977333469e-01
9.620000000000000000e+02,8.919004611412869599e-01
9.625199999999999818e+02,8.910565793466985740e-01
9.630399999999999636e+02,8.902082113338100067e-01
9.635599999999999454e+02,8.893567624243831071e-01
9.640800000000000409e+02,8.885010580827749083e-01
9.645999999999999091e+02,8.876417189634184801e-01
9.651200000000000045e+02,8.867786808608097981e-01
9.656399999999998727e+02,8.859114121188513824e-01
9.661599999999999682e+02,8.850410388998447564e-01
9.666800000000000637e+02,8.841658784968862150e-01
9.672000000000000455e+02,8.832881498778800688e-01
9.677200000000000273e+02,8.824054817749215074e-01
9.682400000000000091e+02,8.815209341799825626e-01
9.687599999999999909e+02,8.806304903139562379e-01
9.692799999999999727e+02,8.797386260580178918e-01
9.698000000000000682e+02,8.788407317629213233e-01
9.703199999999999363e+02,8.779420494360525851e-01
9.708400000000000318e+02,8.770363021409560700e-01
9.713599999999999000e+02,8.761300356850179050e-01
9.718799999999999955e+02,8.752171823466613487e-01
9.723999999999999773e+02,8.743035056630525936e-01
9.729200000000000728e+02,8.733833336246962231e-01
9.734399999999999409e+02,8.724618421410872404e-01
9.739600000000000364e+02,8.715348516271491652e-01
9.744799999999999045e+02,8.706060252467923144e-01
9.750000000000000000e+02,8.696722136051839858e-01
9.755200000000000955e+02,8.687358593957573705e-01
9.760399999999999636e+02,8.677947144832187654e-01
9.765600000000000591e+02,8.668508902737923627e-01
9.770799999999999272e+02,8.659034595889237851e-01
9.776000000000000227e+02,8.649523377518275602e-01
9.781200000000000045e+02,8.639975575234010163e-01
9.786400000000001000e+02,8.630388517298626105e-01
9.791599999999999682e+02,8.620772482484558852e-01
9.796800000000000637e+02,8.611112053355675089e-01
9.801999999999999318e+02,8.601427872264912899e-01
9.807200000000000273e+02,8.591693894235326034e-01
9.812400000000000091e+02,8.581941698045261191e-01
9.817599999999999909e+02,8.572134362015675357e-01
9.822799999999999727e+02,8.562313985492310264e-01
9.827999999999999545e+02,8.552437693796024476e-01
9.833199999999999363e+02,8.542554488981961569e-01
9.838400000000000318e+02,8.532600459178396601e-01
9.843600000000001273e+02,8.522641425762312872e-01
9.848799999999999955e+02,8.512627201958746781e-01
9.854000000000000909e+02,8.502603973932660875e-01
9.859199999999999591e+02,8.492516426739095126e-01
9.864400000000000546e+02,8.482416444925034993e-01
9.869600000000000364e+02,8.472265645618747287e-01
9.874800000000000182e+02,8.462097830095380857e-01
9.880000000000000000e+02,8.451884393955995112e-01
9.885199999999999818e+02,8.441648763875732042e-01
9.890399999999999636e+02,8.431372307591468163e-01
9.895600000000000591e+02,8.421066764322782117e-01
9.900799999999999272e+02,8.410722130232017868e-01
9.906000000000000227e+02,8.400345721568251989e-01
9.911199999999998909e+02,8.389938256012368090e-01
9.916399999999999864e+02,8.379494227918102833e-01
9.921599999999999682e+02,8.369023735459415470e-01
9.926800000000000637e+02,8.358511898088454295e-01
9.931999999999999318e+02,8.347978575704888549e-01
9.937200000000000273e+02,8.337402746425701672e-01
9.942400000000000091e+02,8.326811565345436650e-01
9.947599999999999909e+02,8.316165263061174873e-01
9.952800000000000864e+02,8.305506118792487236e-01
9.957999999999999545e+02,8.294795629701722239e-01
9.963200000000000500e+02,8.284078588427957746e-01
9.968399999999999181e+02,8.273306035613892107e-01
9.973600000000000136e+02,8.262528482958710896e-01
9.978799999999999955e+02,8.251685825394245999e-01
9.984000000000000909e+02,8.240836662870880680e-01
9.989199999999999591e+02,8.229941667034794683e-01
9.994400000000000546e+02,8.219033860041230488e-01
9.999599999999999227e+02,8.208075838946963243e-01
1.000480000000000018e+03,8.197103472856203110e-01
1.001000000000000000e+03,8.186092956397515996e-01
1.001519999999999982e+03,8.175060255303250312e-01
1.002039999999999964e+03,8.163986912779886973e-01
1.002559999999999945e+03,8.152888690938723260e-01
1.003080000000000041e+03,8.141757512950236197e-01
1.003600000000000023e+03,8.130599895136171318e-01
1.004120000000000118e+03,8.119416363585707508e-01
1.004639999999999986e+03,8.108196098771645044e-01
1.005160000000000082e+03,8.096949784502958103e-01
1.005679999999999950e+03,8.085672040941992433e-01
1.006200000000000045e+03,8.074378343418630033e-01
1.006720000000000027e+03,8.063038157615064483e-01
1.007240000000000009e+03,8.051681678335879111e-01
1.007759999999999991e+03,8.040286667785415675e-01
1.008279999999999973e+03,8.028882996361352831e-01
1.008799999999999955e+03,8.017427659837987886e-01
1.009320000000000050e+03,8.005966171996822256e-01
1.009839999999999918e+03,7.994453900008337000e-01
1.010360000000000014e+03,7.982937389194271205e-01
1.010879999999999882e+03,7.971371103114007761e-01
1.011399999999999977e+03,7.959798304829743820e-01
1.011919999999999959e+03,7.948179490026179295e-01
1.012440000000000055e+03,7.936551306602115385e-01
1.012960000000000036e+03,7.924885342336929206e-01
1.013480000000000018e+03,7.913204650772464044e-01
1.014000000000000000e+03,7.901486362249100504e-01
1.014519999999999982e+03,7.889749139435034975e-01
1.015040000000000077e+03,7.877978391354771848e-01
1.015559999999999945e+03,7.866187148751208058e-01
1.016080000000000041e+03,7.854369038937143443e-01
1.016599999999999909e+03,7.842526799391759118e-01
1.017120000000000005e+03,7.830661548577692033e-01
1.017639999999999986e+03,7.818765458303928995e-01
1.018160000000000082e+03,7.806847879879864616e-01
1.018679999999999950e+03,7.794902159079800663e-01
1.019200000000000045e+03,7.782942615985536383e-01
1.019719999999999914e+03,7.770947835991971475e-01
1.020240000000000009e+03,7.758940966858606236e-01
1.020759999999999991e+03,7.746895386022522034e-01
1.021279999999999973e+03,7.734841345499158249e-01
1.021800000000000068e+03,7.722749578075093213e-01
1.022319999999999936e+03,7.710653574801329402e-01
1.022840000000000032e+03,7.698511388710563841e-01
1.023360000000000014e+03,7.686365926577198859e-01
1.023880000000000109e+03,7.674180811773636535e-01
1.024400000000000091e+03,7.661990142959571592e-01
1.024920000000000073e+03,7.649763026079307027e-01
1.025440000000000055e+03,7.637527110985041778e-01
1.025960000000000036e+03,7.625257983461677380e-01
1.026480000000000018e+03,7.612975275328313085e-01
1.027000000000000000e+03,7.600659036234049815e-01
1.027519999999999982e+03,7.588331302433983794e-01
1.028039999999999964e+03,7.575983410539721685e-01
1.028559999999999945e+03,7.563614838736156809e-01
1.029079999999999927e+03,7.551219775846970128e-01
1.029599999999999909e+03,7.538805757046905809e-01
1.030119999999999891e+03,7.526373895243342327e-01
1.030639999999999873e+03,7.513920380819277822e-01
1.031160000000000082e+03,7.501451879825714597e-01
1.031680000000000064e+03,7.488958658124950096e-01
1.032200000000000045e+03,7.476453333321384509e-01
1.032720000000000027e+03,7.463916600188020833e-01
1.033240000000000009e+03,7.451369507373957202e-01
1.033759999999999991e+03,7.438796132570393294e-01
1.034279999999999973e+03,7.426217361690127250e-01
1.034799999999999955e+03,7.413605450876062930e-01
1.035319999999999936e+03,7.400990072462498848e-01
1.035840000000000146e+03,7.388338459648433609e-01
1.036359999999999900e+03,7.375684535515070195e-01
1.036880000000000109e+03,7.363000864180127003e-01
1.037399999999999864e+03,7.350312781475863977e-01
1.037920000000000073e+03,7.337597663342497745e-01
1.038440000000000055e+03,7.324874504348933835e-01
1.038960000000000036e+03,7.312122533644670463e-01
1.039480000000000018e+03,7.299361565844605382e-01
1.040000000000000000e+03,7.286577975420541753e-01
1.040519999999999982e+03,7.273784990897177449e-01
1.041039999999999964e+03,7.260975264483613412e-01
1.041559999999999945e+03,7.248151554669549634e-01
1.042079999999999927e+03,7.235310183259483496e-01
1.042600000000000136e+03,7.222452522126119323e-01
1.043119999999999891e+03,7.209579853561656204e-01
1.043640000000000100e+03,7.196691281428290177e-01
1.044159999999999854e+03,7.183792324904927362e-01
1.044680000000000064e+03,7.170875545200663392e-01
1.045200000000000045e+03,7.157950320255719312e-01
1.045720000000000027e+03,7.145001312732354171e-01
1.046240000000000009e+03,7.132044600308290461e-01
1.046759999999999991e+03,7.119070210894726802e-01
1.047279999999999973e+03,7.106092333371362146e-01
1.047799999999999955e+03,7.093085916670596180e-01
1.048319999999999936e+03,7.080076610537233694e-01
1.048839999999999918e+03,7.067046565733668961e-01
1.049360000000000127e+03,7.054014969839405014e-01
1.049880000000000109e+03,7.040963588171161858e-01
1.050400000000000091e+03,7.027908558647797399e-01
1.050920000000000073e+03,7.014830865943532112e-01
1.051440000000000055e+03,7.001748574533469549e-01
1.051960000000000036e+03,6.988649908400105248e-01
1.052480000000000018e+03,6.975544918586039644e-01
1.053000000000000000e+03,6.962425132172475051e-01
1.053519999999999982e+03,6.949297689504233544e-01
1.054039999999999964e+03,6.936156788080169999e-01
1.054559999999999945e+03,6.923006673280106549e-01
1.055079999999999927e+03,6.909844798146741462e-01
1.055599999999999909e+03,6.896671995442476000e-01
1.056119999999999891e+03,6.883489010309112865e-01
1.056640000000000100e+03,6.870296780250869650e-01
1.057159999999999854e+03,6.857097972826805554e-01
1.057680000000000064e+03,6.843888620413239865e-01
1.058199999999999818e+03,6.830674071003175474e-01
1.058720000000000027e+03,6.817447775869811544e-01
1.059240000000000009e+03,6.804217412520867647e-01
1.059759999999999991e+03,6.790969590387504473e-01
1.060279999999999973e+03,6.777718299973940486e-01
1.060799999999999955e+03,6.764457359549873594e-01
1.061320000000000164e+03,6.751195429416511073e-01
1.061839999999999918e+03,6.737917946471567721e-01
1.062360000000000127e+03,6.724639299058002839e-01
1.062879999999999882e+03,6.711345824243939440e-01
1.063400000000000091e+03,6.698050812110575292e-01
1.063920000000000073e+03,6.684746716442333536e-01
1.064440000000000055e+03,6.671440320018269254e-01
1.064960000000000036e+03,6.658125781604704585e-01
1.065480000000000018e+03,6.644806448471340943e-01
1.066000000000000000e+03,6.631475955526395794e-01
1.066519999999999982e+03,6.618143524102331199e-01
1.067039999999999964e+03,6.604807765968969679e-01
1.067559999999999945e+03,6.591464895555403380e-01
1.068080000000000155e+03,6.578113348596461574e-01
1.068599999999999909e+03,6.564759084073097384e-01
1.069120000000000118e+03,6.551402075939731784e-01
1.069639999999999873e+03,6.538038724806367608e-01
1.070160000000000082e+03,6.524671300847423305e-01
1.070680000000000064e+03,6.511300179157160084e-01
1.071200000000000045e+03,6.497927470023795449e-01
1.071720000000000027e+03,6.484550497355554555e-01
1.072240000000000009e+03,6.471172334931489800e-01
1.072759999999999991e+03,6.457785517798125818e-01
1.073279999999999973e+03,6.444396775384561016e-01
1.073799999999999955e+03,6.431007931716316017e-01
1.074319999999999936e+03,6.417619245292252028e-01
1.074839999999999918e+03,6.404225121158888534e-01
1.075360000000000127e+03,6.390830603490644801e-01
1.075879999999999882e+03,6.377431021080581797e-01
1.076400000000000091e+03,6.364030858846517757e-01
1.076919999999999845e+03,6.350626008568271974e-01
1.077440000000000055e+03,6.337221149434909551e-01
1.077960000000000036e+03,6.323816381301545775e-01
1.078480000000000018e+03,6.310411415342603858e-01
1.079000000000000000e+03,6.297006376209239864e-01
1.079519999999999982e+03,6.283599401795674222e-01
1.080039999999999964e+03,6.270189084127429924e-01
1.080559999999999945e+03,6.256781019703365754e-01
1.081079999999999927e+03,6.243375745570001190e-01
1.081599999999999909e+03,6.229967775901761318e-01
1.082120000000000118e+03,6.216557269491695958e-01
1.082639999999999873e+03,6.203149769748331765e-01
1.083160000000000082e+03,6.189744512979388213e-01
1.083679999999999836e+03,6.176342642846024411e-01
1.084200000000000045e+03,6.162942274177778401e-01
1.084720000000000027e+03,6.149537997044416393e-01
1.085240000000000009e+03,6.136132332620352070e-01
1.085759999999999991e+03,6.122735402952109718e-01
1.086279999999999973e+03,6.109340169208745674e-01
1.086800000000000182e+03,6.095944869795181242e-01
1.087319999999999936e+03,6.082549559126938510e-01
1.087840000000000146e+03,6.069159506173072982e-01
1.088359999999999900e+03,6.055770011504830741e-01
1.088880000000000109e+03,6.042390159761465984e-01
1.089400000000000091e+03,6.029010297628102366e-01
1.089920000000000073e+03,6.015630358683159429e-01
1.090440000000000055e+03,6.002252888978895085e-01
1.090960000000000036e+03,5.988883355310651302e-01
1.091480000000000018e+03,5.975515331567288202e-01
1.092000000000000000e+03,5.962150878369244511e-01
1.092519999999999982e+03,5.948790409235880094e-01
1.093039999999999964e+03,5.935436373811814326e-01
1.093559999999999945e+03,5.922084790533572729e-01
1.094079999999999927e+03,5.908735807400207207e-01
1.094599999999999909e+03,5.895395201451765210e-01
1.095119999999999891e+03,5.882061996318400654e-01
1.095639999999999873e+03,5.868731814510357303e-01
1.096160000000000082e+03,5.855403686086295689e-01
1.096680000000000064e+03,5.842082759418052440e-01
1.097200000000000045e+03,5.828764840674688363e-01
1.097720000000000027e+03,5.815459110541322252e-01
1.098240000000000009e+03,5.802156806873079997e-01
1.098759999999999991e+03,5.788863401839015044e-01
1.099279999999999973e+03,5.775571687640973506e-01
1.099799999999999955e+03,5.762289456227408513e-01
1.100319999999999936e+03,5.749007977949165404e-01
1.100840000000000146e+03,5.735742092815800941e-01
1.101359999999999900e+03,5.722476960147557801e-01
1.101880000000000109e+03,5.709221493583694906e-01
1.102399999999999864e+03,5.695969273638751273e-01
1.102920000000000073e+03,5.682734733505386826e-01
1.103440000000000055e+03,5.669502479227143121e-01
1.103960000000000036e+03,5.656278173093779449e-01
1.104480000000000018e+03,5.643058826425536578e-01
1.105000000000000000e+03,5.629850105581472031e-01
1.105519999999999982e+03,5.616647481913229489e-01
1.106039999999999964e+03,5.603454345169865958e-01
1.106559999999999945e+03,5.590271123501621142e-01
1.107079999999999927e+03,5.577098941368257012e-01
1.107600000000000136e+03,5.563935130560215825e-01
1.108119999999999891e+03,5.550778510426850332e-01
1.108640000000000100e+03,5.537631604857908840e-01
1.109159999999999854e+03,5.524490591724543487e-01
1.109680000000000064e+03,5.511364053446301536e-01
1.110200000000000045e+03,5.498243791248256240e-01
1.110720000000000027e+03,5.485135882504892368e-01
1.111240000000000009e+03,5.472031198556451814e-01
1.111759999999999991e+03,5.458948818423087213e-01
1.112279999999999973e+03,5.445870441324344169e-01
1.112799999999999955e+03,5.432806322190978365e-01
1.113319999999999936e+03,5.419743714912735877e-01
1.113839999999999918e+03,5.406701666779371029e-01
1.114360000000000127e+03,5.393661713501128885e-01
1.114880000000000109e+03,5.380645779303085963e-01
1.115400000000000091e+03,5.367632316559721728e-01
1.115920000000000073e+03,5.354631985600778465e-01
1.116440000000000055e+03,5.341637753857415571e-01
1.116960000000000036e+03,5.328663488659373115e-01
1.117480000000000018e+03,5.315695896916007301e-01
1.118000000000000000e+03,5.302742422637763964e-01
1.118519999999999982e+03,5.289799236969521257e-01
1.119039999999999964e+03,5.276871849696357364e-01
1.119559999999999945e+03,5.263954178028112940e-01
1.120079999999999927e+03,5.251047721713849592e-01
1.120599999999999909e+03,5.238155579045605803e-01
1.121119999999999891e+03,5.225275076237564376e-01
1.121640000000000100e+03,5.212407695104199767e-01
1.122159999999999854e+03,5.199548093825955286e-01
1.122680000000000064e+03,5.186710444082591742e-01
1.123199999999999818e+03,5.173882145161249335e-01
1.123720000000000027e+03,5.161070042883008080e-01
1.124240000000000009e+03,5.148262696749642542e-01
1.124759999999999991e+03,5.135482034471400281e-01
1.125279999999999973e+03,5.122705939372655948e-01
1.125799999999999955e+03,5.109949279239293096e-01
1.126320000000000164e+03,5.097194326961048683e-01
1.126839999999999918e+03,5.084470275153004648e-01
1.127360000000000127e+03,5.071748694019642123e-01
1.127879999999999882e+03,5.059050725741400800e-01
1.128400000000000091e+03,5.046357910998036100e-01
1.128920000000000073e+03,5.033691430799991373e-01
1.129440000000000055e+03,5.021031245521749842e-01
1.129960000000000036e+03,5.008390679778386145e-01
1.130480000000000018e+03,4.995758519289641986e-01
1.131000000000000000e+03,4.983144074011399693e-01
1.131519999999999982e+03,4.970544312268034282e-01
1.132039999999999964e+03,4.957966272599792501e-01
1.132559999999999945e+03,4.945398344791749889e-01
1.133080000000000155e+03,4.932841287048386203e-01
1.133599999999999909e+03,4.920304453380143217e-01
1.134120000000000118e+03,4.907784014572098563e-01
1.134639999999999873e+03,4.895283225293854956e-01
1.135160000000000082e+03,4.882794053160490200e-01
1.135680000000000064e+03,4.870323390352448989e-01
1.136200000000000045e+03,4.857860339074206446e-01
1.136720000000000027e+03,4.845425914607541240e-01
1.137240000000000009e+03,4.832999322118798902e-01
1.137759999999999991e+03,4.820595204840555925e-01
1.138279999999999973e+03,4.808194884097191091e-01
1.138799999999999955e+03,4.795828739289146880e-01
1.139319999999999936e+03,4.783465259620905408e-01
1.139839999999999918e+03,4.771132697342663764e-01
1.140360000000000127e+03,4.758803000069499189e-01
1.140879999999999882e+03,4.746501872791255572e-01
1.141400000000000091e+03,4.734206666513012252e-01
1.141919999999999845e+03,4.721941989849848809e-01
1.142440000000000055e+03,4.709685149571605778e-01
1.142960000000000036e+03,4.697451772293362304e-01
1.143480000000000018e+03,4.685228506485319411e-01
1.144000000000000000e+03,4.673026565741955629e-01
1.144519999999999982e+03,4.660839144350412688e-01
1.145039999999999964e+03,4.648673686542370009e-01
1.145559999999999945e+03,4.636525586264126919e-01
1.146079999999999927e+03,4.624396718230063263e-01
1.146599999999999909e+03,4.612285047422018391e-01
1.147120000000000118e+03,4.600187507143776999e-01
1.147639999999999873e+03,4.588113052475533693e-01
1.148160000000000082e+03,4.576051938202370106e-01
1.148679999999999836e+03,4.564016965924128089e-01
1.149200000000000045e+03,4.551992473645884441e-01
1.149720000000000027e+03,4.539996619837839975e-01
1.150240000000000009e+03,4.528008771094475526e-01
1.150759999999999991e+03,4.516052424286434164e-01
1.151279999999999973e+03,4.504101030284889950e-01
1.151800000000000182e+03,4.492179014616646815e-01
1.152319999999999936e+03,4.480259852808604615e-01
1.152840000000000146e+03,4.468381558065239734e-01
1.153359999999999900e+03,4.456506895786996880e-01
1.153880000000000109e+03,4.444665043978955343e-01
1.154400000000000091e+03,4.432829672700711598e-01
1.154920000000000073e+03,4.421024623892668148e-01
1.155440000000000055e+03,4.409228550149303372e-01
1.155960000000000036e+03,4.397459978871062214e-01
1.156480000000000018e+03,4.385703434063019657e-01
1.157000000000000000e+03,4.373971294061476112e-01
1.157519999999999982e+03,4.362256156253433992e-01
1.158039999999999964e+03,4.350566032510068681e-01
1.158559999999999945e+03,4.338893464231825536e-01
1.159079999999999927e+03,4.327239773423783853e-01
1.159599999999999909e+03,4.315606505755540390e-01
1.160119999999999891e+03,4.303989466947498177e-01
1.160639999999999873e+03,4.292398953669254169e-01
1.161160000000000082e+03,4.280823516206090917e-01
1.161680000000000064e+03,4.269274428398047161e-01
1.162200000000000045e+03,4.257735641396504511e-01
1.162720000000000027e+03,4.246229880588461847e-01
1.163240000000000009e+03,4.234732892310218433e-01
1.163759999999999991e+03,4.223267806031976712e-01
1.164279999999999973e+03,4.211807489758813139e-01
1.164799999999999955e+03,4.200386479480567870e-01
1.165319999999999936e+03,4.188968709672525881e-01
1.165840000000000146e+03,4.177586824784283448e-01
1.166359999999999900e+03,4.166208949252940275e-01
1.166880000000000109e+03,4.154868691974696882e-01
1.167399999999999864e+03,4.143535888696452951e-01
1.167920000000000073e+03,4.132237440423290331e-01
1.168440000000000055e+03,4.120948346145045238e-01
1.168960000000000036e+03,4.109686543337003894e-01
1.169480000000000018e+03,4.098440203058760778e-01
1.170000000000000000e+03,4.087225361530918422e-01
1.170519999999999982e+03,4.076025600252675130e-01
1.171039999999999964e+03,4.064847214721332147e-01
1.171559999999999945e+03,4.053689262443089247e-01
1.172079999999999927e+03,4.042552889699725371e-01
1.172600000000000136e+03,4.031440001891682390e-01
1.173119999999999891e+03,4.020345245613439200e-01
1.173640000000000100e+03,4.009274177195396582e-01
1.174159999999999854e+03,3.998216087917153549e-01
1.174680000000000064e+03,3.987191799385810254e-01
1.175200000000000045e+03,3.976180671107567566e-01
1.175720000000000027e+03,3.965198754299524841e-01
1.176240000000000009e+03,3.954224273021282321e-01
1.176759999999999991e+03,3.943290865213239238e-01
1.177279999999999973e+03,3.932363370215196108e-01
1.177799999999999955e+03,3.921475579861832261e-01
1.178319999999999936e+03,3.910591038330489266e-01
1.178839999999999918e+03,3.899741803052246270e-01
1.179360000000000127e+03,3.888897728244202767e-01
1.179880000000000109e+03,3.878095694965959517e-01
1.180400000000000091e+03,3.867301300157917621e-01
1.180920000000000073e+03,3.856541046269674200e-01
1.181440000000000055e+03,3.845790345461630455e-01
1.181960000000000036e+03,3.835066788460088638e-01
1.182480000000000018e+03,3.824358886652045597e-01
1.183000000000000000e+03,3.813682290654002993e-01
1.183519999999999982e+03,3.803025169845959952e-01
1.184039999999999964e+03,3.792395529957717226e-01
1.184559999999999945e+03,3.781783847149674527e-01
1.185079999999999927e+03,3.771190884162132217e-01
1.185599999999999909e+03,3.760621603630788234e-01
1.186119999999999891e+03,3.750070460887424129e-01
1.186640000000000100e+03,3.739549699469381649e-01
1.187159999999999854e+03,3.729045546191138150e-01
1.187680000000000064e+03,3.718571559383095360e-01
1.188199999999999818e+03,3.708109401385052406e-01
1.188720000000000027e+03,3.697680481243709738e-01
1.189240000000000009e+03,3.687259960965466599e-01
1.189759999999999991e+03,3.676876116157423713e-01
1.190279999999999973e+03,3.666497424879180955e-01
1.190799999999999955e+03,3.656163622461137686e-01
1.191320000000000164e+03,3.645833254182894723e-01
1.191839999999999918e+03,3.635543361651552563e-01
1.192360000000000127e+03,3.625258044373309563e-01
1.192879999999999882e+03,3.615010162235466340e-01
1.193400000000000091e+03,3.604770689957224050e-01
1.193920000000000073e+03,3.594569823149181276e-01
1.194440000000000055e+03,3.584378498551638592e-01
1.194960000000000036e+03,3.574214088020294944e-01
1.195480000000000018e+03,3.564067436742052730e-01
1.196000000000000000e+03,3.553955354934009714e-01
1.196519999999999982e+03,3.543858555045766856e-01
1.197039999999999964e+03,3.533782959517923761e-01
1.197559999999999945e+03,3.523730856709881287e-01
1.198080000000000155e+03,3.513702244098338423e-01
1.198599999999999909e+03,3.503697700290294703e-01
1.199120000000000118e+03,3.493711102012052039e-01
1.199639999999999873e+03,3.483751634594009494e-01
1.200160000000000082e+03,3.473806679315765700e-01
1.200680000000000064e+03,3.463896107784422695e-01
1.201200000000000045e+03,3.453998330176379916e-01
1.201720000000000027e+03,3.444134171659037902e-01
1.202240000000000009e+03,3.434278026770794523e-01
1.202759999999999991e+03,3.424463551427873176e-01
1.203279999999999973e+03,3.414654807619830201e-01
1.203799999999999955e+03,3.404885769008286212e-01
1.204319999999999936e+03,3.395120166200245038e-01
1.204839999999999918e+03,3.385394881202202222e-01
1.205360000000000127e+03,3.375674952784158411e-01
1.205879999999999882e+03,3.365996849505916710e-01
1.206400000000000091e+03,3.356326581364573736e-01
1.206919999999999845e+03,3.346690116086331046e-01
1.207440000000000055e+03,3.337064928568987954e-01
1.207960000000000036e+03,3.327470296150943918e-01
1.208480000000000018e+03,3.317891895152901283e-01
1.209000000000000000e+03,3.308344440011559140e-01
1.209519999999999982e+03,3.298814557733315000e-01
1.210039999999999964e+03,3.289308764925272799e-01
1.210559999999999945e+03,3.279826658037029996e-01
1.211079999999999927e+03,3.270368042228987693e-01
1.211599999999999909e+03,3.260933496552765321e-01
1.212120000000000118e+03,3.251516711554722772e-01
1.212639999999999873e+03,3.242127253427379285e-01
1.213160000000000082e+03,3.232752126149137095e-01
1.213679999999999836e+03,3.223411578731094629e-01
1.214200000000000045e+03,3.214083632199752349e-01
1.214720000000000027e+03,3.204789493921508248e-01
1.215240000000000009e+03,3.195503376783666027e-01
1.215759999999999991e+03,3.186254334505422836e-01
1.216279999999999973e+03,3.177010071087379983e-01
1.216800000000000182e+03,3.167811076085836897e-01
1.217319999999999936e+03,3.158615526423614872e-01
1.217840000000000146e+03,3.149460102615572188e-01
1.218359999999999900e+03,3.140309646727329485e-01
1.218880000000000109e+03,3.131196057476187122e-01
1.219400000000000091e+03,3.122091632587943866e-01
1.219920000000000073e+03,3.113025219779900210e-01
1.220440000000000055e+03,3.103970081361858147e-01
1.220960000000000036e+03,3.094945328083616443e-01
1.221480000000000018e+03,3.085935291222472454e-01
1.222000000000000000e+03,3.076952591700051198e-01
1.222519999999999982e+03,3.067989751282008126e-01
1.223039999999999964e+03,3.059054032473965123e-01
1.223559999999999945e+03,3.050139335862421808e-01
1.224079999999999927e+03,3.041245280444379584e-01
1.224599999999999909e+03,3.032375677916536727e-01
1.225119999999999891e+03,3.023523644028293655e-01
1.225639999999999873e+03,3.014698939685372392e-01
1.226160000000000082e+03,3.005888760364530121e-01
1.226680000000000064e+03,2.997113154556486636e-01
1.227200000000000045e+03,2.988349964138443116e-01
1.227720000000000027e+03,2.979620592140400093e-01
1.228240000000000009e+03,2.970899255999057131e-01
1.228759999999999991e+03,2.962215184581015182e-01
1.229279999999999973e+03,2.953535701767893151e-01
1.229799999999999955e+03,2.944901511640550251e-01
1.230319999999999936e+03,2.936270760919206801e-01
1.230840000000000146e+03,2.927674961501164352e-01
1.231359999999999900e+03,2.919084706083122094e-01
1.231880000000000109e+03,2.910535913804878638e-01
1.232399999999999864e+03,2.901995538128657737e-01
1.232920000000000073e+03,2.893488583600814512e-01
1.233440000000000055e+03,2.884993086003271867e-01
1.233960000000000036e+03,2.876527985585228819e-01
1.234480000000000018e+03,2.868079516777186089e-01
1.235000000000000000e+03,2.859661452630765099e-01
1.235519999999999982e+03,2.851259235822721783e-01
1.236039999999999964e+03,2.842877627684878838e-01
1.236559999999999945e+03,2.834520101796635938e-01
1.237079999999999927e+03,2.826185725555993011e-01
1.237600000000000136e+03,2.817875807137950050e-01
1.238119999999999891e+03,2.809583475714828582e-01
1.238640000000000100e+03,2.801315019186986222e-01
1.239159999999999854e+03,2.793059169045642443e-01
1.239680000000000064e+03,2.784838092157400080e-01
1.240200000000000045e+03,2.776629252640056555e-01
1.240720000000000027e+03,2.768454625967335936e-01
1.241240000000000009e+03,2.760287637355792190e-01
1.241759999999999991e+03,2.752157916547749994e-01
1.242279999999999973e+03,2.744032790129706245e-01
1.242799999999999955e+03,2.735948175706585661e-01
1.243319999999999936e+03,2.727867004746142854e-01
1.243839999999999918e+03,2.719825581328099706e-01
1.244360000000000127e+03,2.711789316439857656e-01
1.244880000000000109e+03,2.703789566298514524e-01
1.245400000000000091e+03,2.695798408955593639e-01
1.245920000000000073e+03,2.687840700347549627e-01
1.246440000000000055e+03,2.679894641220206819e-01
1.246960000000000036e+03,2.671978764688863750e-01
1.247480000000000018e+03,2.664075881265742241e-01
1.248000000000000000e+03,2.656196536127899410e-01
1.248519999999999982e+03,2.648337637709856085e-01
1.249039999999999964e+03,2.640505490708313086e-01
1.249559999999999945e+03,2.632691884580971586e-01
1.250079999999999927e+03,2.624896255628049180e-01
1.250599999999999909e+03,2.617128310020006010e-01
1.251119999999999891e+03,2.609379854488664274e-01
1.251640000000000100e+03,2.601655676070621093e-01
1.252159999999999854e+03,2.593943755408399943e-01
1.252680000000000064e+03,2.586262976077056686e-01
1.253199999999999818e+03,2.578592905269013746e-01
1.253720000000000027e+03,2.570957047316092536e-01
1.254240000000000009e+03,2.563328827427849843e-01
1.254759999999999991e+03,2.555733488286506261e-01
1.255279999999999973e+03,2.548141969049363964e-01
1.255799999999999955e+03,2.540596148626242390e-01
1.256320000000000164e+03,2.533053580208199929e-01
1.256839999999999918e+03,2.525545583066857169e-01
1.257360000000000127e+03,2.518042551929012829e-01
1.257879999999999882e+03,2.510571251406591986e-01
1.258400000000000091e+03,2.503109506265249751e-01
1.258920000000000073e+03,2.495685432847205842e-01
1.259440000000000055e+03,2.488271492704284271e-01
1.259960000000000036e+03,2.480883930286241490e-01
1.260480000000000018e+03,2.473509552045598803e-01
1.261000000000000000e+03,2.466158686627556440e-01
1.261519999999999982e+03,2.458825976484634301e-01
1.262039999999999964e+03,2.451516965343291388e-01
1.262559999999999945e+03,2.444229365925248976e-01
1.263080000000000155e+03,2.436962051263027174e-01
1.263599999999999909e+03,2.429719559264985063e-01
1.264120000000000118e+03,2.422494261123641635e-01
1.264639999999999873e+03,2.415293244705598585e-01
1.265160000000000082e+03,2.408104477282477229e-01
1.265680000000000064e+03,2.400943058431834753e-01
1.266200000000000045e+03,2.393791018293991713e-01
1.266720000000000027e+03,2.386673361341070110e-01
1.267240000000000009e+03,2.379562950339527694e-01
1.267759999999999991e+03,2.372485822201684247e-01
1.268279999999999973e+03,2.365412145539463329e-01
1.268799999999999955e+03,2.358379364121420130e-01
1.269319999999999936e+03,2.351349635509877301e-01
1.269839999999999918e+03,2.344354318837156004e-01
1.270360000000000127e+03,2.337363969419112564e-01
1.270879999999999882e+03,2.330405376568469300e-01
1.271400000000000091e+03,2.323455764755348318e-01
1.271919999999999845e+03,2.316539025617506131e-01
1.272440000000000055e+03,2.309632796476162597e-01
1.272960000000000036e+03,2.302752762813941312e-01
1.273480000000000018e+03,2.295887815925698183e-01
1.274000000000000000e+03,2.289049657787856074e-01
1.274519999999999982e+03,2.282227557111633776e-01
1.275039999999999964e+03,2.275425904693591239e-01
1.275559999999999945e+03,2.268640695096048598e-01
1.276079999999999927e+03,2.261870425700026888e-01
1.276599999999999909e+03,2.255128430281983509e-01
1.277120000000000118e+03,2.248405167863941623e-01
1.277639999999999873e+03,2.241703312618220090e-01
1.278160000000000082e+03,2.235011590480378008e-01
1.278679999999999836e+03,2.228347407062333807e-01
1.279200000000000045e+03,2.221692219386112721e-01
1.279720000000000027e+03,2.215071810248269157e-01
1.280240000000000009e+03,2.208458474650726311e-01
1.280759999999999991e+03,2.201878399697805300e-01
1.281279999999999745e+03,2.195301955556461515e-01
1.281800000000000182e+03,2.188756119883740747e-01
1.282319999999999936e+03,2.182213338286198012e-01
1.282839999999999918e+03,2.175710152144854914e-01
1.283360000000000127e+03,2.169211744191933966e-01
1.283880000000000109e+03,2.162745064054090449e-01
1.284400000000000091e+03,2.156286215203447598e-01
1.284919999999999845e+03,2.149856045780326463e-01
1.285440000000000055e+03,2.143435240642483641e-01
1.285960000000000036e+03,2.137036448966262436e-01
1.286480000000000018e+03,2.130653325838919032e-01
1.287000000000000000e+03,2.124296409420876885e-01
1.287519999999999982e+03,2.117955929554655170e-01
1.288039999999999964e+03,2.111635715136611913e-01
1.288559999999999945e+03,2.105331932009269214e-01
1.289079999999999927e+03,2.099043261613247613e-01
1.289600000000000136e+03,2.092776386195205340e-01
1.290119999999999891e+03,2.086524242772083704e-01
1.290639999999999873e+03,2.080296959921441036e-01
1.291160000000000082e+03,2.074081347783597318e-01
1.291680000000000064e+03,2.067893644830676170e-01
1.292200000000000045e+03,2.061714734689333584e-01
1.292719999999999800e+03,2.055566228837111820e-01
1.293240000000000236e+03,2.049424045419068474e-01
1.293759999999999991e+03,2.043310339742847592e-01
1.294279999999999973e+03,2.037199505605004624e-01
1.294799999999999955e+03,2.031124810477661358e-01
1.295320000000000164e+03,2.025052990721240009e-01
1.295840000000000146e+03,2.019015409303197561e-01
1.296359999999999900e+03,2.012982229630475850e-01
1.296879999999999882e+03,2.006975997779832932e-01
1.297400000000000091e+03,2.000977797361789823e-01
1.297920000000000073e+03,1.995008292218868884e-01
1.298440000000000055e+03,1.989049679077526112e-01
1.298959999999999809e+03,1.983116688415304529e-01
1.299480000000000018e+03,1.977195541277461943e-01
1.300000000000000000e+03,1.971293924601240088e-01
1.300519999999999982e+03,1.965406639183197024e-01
1.301040000000000191e+03,1.959536555585654205e-01
1.301559999999999945e+03,1.953685800189632893e-01
1.302079999999999927e+03,1.947852281161589760e-01
1.302599999999999909e+03,1.942040931499368628e-01
1.303120000000000118e+03,1.936244109638225741e-01
1.303640000000000100e+03,1.930468697685303880e-01
1.304159999999999854e+03,1.924703411797061559e-01
1.304679999999999836e+03,1.918961867691739986e-01
1.305200000000000045e+03,1.913227798273696989e-01
1.305720000000000027e+03,1.907524480132353484e-01
1.306240000000000009e+03,1.901827086849632309e-01
1.306759999999999764e+03,1.896158399722290000e-01
1.307280000000000200e+03,1.890492406575867979e-01
1.307799999999999955e+03,1.884857566157825959e-01
1.308319999999999936e+03,1.879225217775803980e-01
1.308839999999999918e+03,1.873621967634460928e-01
1.309360000000000127e+03,1.868024264681539814e-01
1.309880000000000109e+03,1.862457696933696449e-01
1.310399999999999864e+03,1.856898204548175224e-01
1.310920000000000073e+03,1.851363031659932490e-01
1.311440000000000055e+03,1.845838948987210959e-01
1.311960000000000036e+03,1.840340476845868378e-01
1.312480000000000018e+03,1.834851955183646743e-01
1.313000000000000000e+03,1.829379705322503880e-01
1.313519999999999982e+03,1.823924090759582450e-01
1.314039999999999964e+03,1.818488373162039373e-01
1.314559999999999945e+03,1.813066607300896638e-01
1.315080000000000155e+03,1.807657279347975043e-01
1.315599999999999909e+03,1.802269933220632114e-01
1.316119999999999891e+03,1.796897137214610585e-01
1.316639999999999873e+03,1.791545949796568282e-01
1.317160000000000082e+03,1.786204526843646057e-01
1.317680000000000064e+03,1.780883191273203436e-01
1.318199999999999818e+03,1.775567795850082065e-01
1.318720000000000255e+03,1.770283363098739404e-01
1.319240000000000009e+03,1.765004859716717556e-01
1.319759999999999991e+03,1.759755062298675177e-01
1.320279999999999973e+03,1.754507962622453565e-01
1.320800000000000182e+03,1.749286860484610406e-01
1.321320000000000164e+03,1.744068436212389273e-01
1.321839999999999918e+03,1.738884051071046266e-01
1.322359999999999900e+03,1.733703686928124710e-01
1.322880000000000109e+03,1.728545504077482198e-01
1.323400000000000091e+03,1.723394396514560667e-01
1.323920000000000073e+03,1.718267612376717934e-01
1.324439999999999827e+03,1.713150582991196380e-01
1.324960000000000036e+03,1.708055151038274655e-01
1.325480000000000018e+03,1.702971764290432122e-01
1.326000000000000000e+03,1.697907902614210485e-01
1.326519999999999982e+03,1.692855896016667305e-01
1.327039999999999964e+03,1.687818060620646099e-01
1.327559999999999945e+03,1.682800110592603537e-01
1.328079999999999927e+03,1.677799001930382061e-01
1.328600000000000136e+03,1.672810712069238981e-01
1.329120000000000118e+03,1.667830477116317434e-01
1.329639999999999873e+03,1.662875652378974778e-01
1.330159999999999854e+03,1.657932114982952898e-01
1.330680000000000064e+03,1.653008658564910083e-01
1.331200000000000045e+03,1.648091334709188560e-01
1.331720000000000027e+03,1.643200614961345674e-01
1.332239999999999782e+03,1.638314698008424830e-01
1.332760000000000218e+03,1.633452864157781403e-01
1.333279999999999973e+03,1.628593139875059992e-01
1.333799999999999955e+03,1.623764955198838955e-01
1.334319999999999936e+03,1.618938486060995940e-01
1.334840000000000146e+03,1.614136352788774209e-01
1.335360000000000127e+03,1.609339186647431585e-01
1.335879999999999882e+03,1.604568436974710133e-01
1.336399999999999864e+03,1.599803791124067287e-01
1.336920000000000073e+03,1.595059230090945523e-01
1.337440000000000055e+03,1.590324419953103030e-01
1.337960000000000036e+03,1.585611266567581168e-01
1.338480000000000018e+03,1.580908236004660017e-01
1.339000000000000000e+03,1.576221271143517233e-01
1.339519999999999982e+03,1.571548840481295506e-01
1.340039999999999964e+03,1.566893440453252795e-01
1.340560000000000173e+03,1.562249142057231532e-01
1.341079999999999927e+03,1.557614615929888147e-01
1.341599999999999909e+03,1.552999404923867122e-01
1.342119999999999891e+03,1.548396255970945490e-01
1.342640000000000100e+03,1.543814907843602813e-01
1.343160000000000082e+03,1.539243321367381179e-01
1.343679999999999836e+03,1.534687621949337999e-01
1.344199999999999818e+03,1.530136912953816708e-01
1.344720000000000027e+03,1.525612768815973741e-01
1.345240000000000009e+03,1.521093407863052527e-01
1.345759999999999991e+03,1.516598364867531301e-01
1.346279999999999745e+03,1.512105247729688129e-01
1.346800000000000182e+03,1.507638321053466901e-01
1.347319999999999936e+03,1.503173497596324293e-01
1.347839999999999918e+03,1.498732626643402288e-01
1.348360000000000127e+03,1.494296912967180979e-01
1.348880000000000109e+03,1.489887393510037905e-01
1.349400000000000091e+03,1.485483038833816660e-01
1.349919999999999845e+03,1.481094583805773468e-01
1.350440000000000055e+03,1.476715883423752318e-01
1.350960000000000036e+03,1.472359018277330789e-01
1.351480000000000018e+03,1.468010180529487618e-01
1.352000000000000000e+03,1.463674163143966478e-01
1.352519999999999982e+03,1.459352678115923563e-01
1.353039999999999964e+03,1.455048039443202212e-01
1.353559999999999945e+03,1.450754881057680634e-01
1.354079999999999927e+03,1.446471299029637725e-01
1.354600000000000136e+03,1.442207036633616490e-01
1.355119999999999891e+03,1.437954833896273599e-01
1.355639999999999873e+03,1.433717175500252017e-01
1.356160000000000082e+03,1.429485844937330719e-01
1.356680000000000064e+03,1.425274962809987556e-01
1.357200000000000045e+03,1.421069829413966479e-01
1.357719999999999800e+03,1.416887089676623357e-01
1.358240000000000236e+03,1.412708198280601957e-01
1.358759999999999991e+03,1.408553608717680872e-01
1.359279999999999973e+03,1.404401121590337642e-01
1.359799999999999955e+03,1.400274468584316312e-01
1.360320000000000164e+03,1.396149734631394745e-01
1.360840000000000146e+03,1.392044123170752268e-01
1.361359999999999900e+03,1.387942912498030534e-01
1.361879999999999882e+03,1.383863354821808778e-01
1.362400000000000091e+03,1.379790294894465974e-01
1.362920000000000073e+03,1.375737154941544527e-01
1.363440000000000055e+03,1.371692225190201953e-01
1.363959999999999809e+03,1.367665272808180066e-01
1.364480000000000018e+03,1.363646367521959002e-01
1.365000000000000000e+03,1.359640310674815611e-01
1.365519999999999982e+03,1.355646682388594593e-01
1.366040000000000191e+03,1.351666820435672989e-01
1.366559999999999945e+03,1.347698450978530305e-01
1.367079999999999927e+03,1.343739488302309049e-01
1.367599999999999909e+03,1.339800214019587488e-01
1.368120000000000118e+03,1.335872788168944447e-01
1.368640000000000100e+03,1.331956297606023409e-01
1.369159999999999854e+03,1.328044617210001610e-01
1.369679999999999836e+03,1.324153385472658651e-01
1.370200000000000045e+03,1.320267710799937211e-01
1.370720000000000027e+03,1.316404604804416179e-01
1.371240000000000009e+03,1.312545143386372737e-01
1.371759999999999764e+03,1.308705419380351564e-01
1.372280000000000200e+03,1.304867428718130273e-01
1.372799999999999955e+03,1.301055054246987308e-01
1.373319999999999936e+03,1.297244788294066031e-01
1.373839999999999918e+03,1.293453502021844337e-01
1.374360000000000127e+03,1.289665851160701482e-01
1.374880000000000109e+03,1.285895413888480110e-01
1.375399999999999864e+03,1.282131480492458564e-01
1.375920000000000073e+03,1.278387452464415652e-01
1.376440000000000055e+03,1.274649937078894124e-01
1.376960000000000036e+03,1.270926806796172648e-01
1.377480000000000018e+03,1.267212086654829761e-01
1.378000000000000000e+03,1.263509805662808572e-01
1.378519999999999982e+03,1.259820145099886934e-01
1.379039999999999964e+03,1.256144082249243954e-01
1.379559999999999945e+03,1.252479688966522675e-01
1.380080000000000155e+03,1.248824689290301410e-01
1.380599999999999909e+03,1.245182900833158163e-01
1.381119999999999891e+03,1.241548800156936777e-01
1.381639999999999873e+03,1.237933236874215748e-01
1.382160000000000082e+03,1.234325325023572784e-01
1.382680000000000064e+03,1.230733872460651329e-01
1.383199999999999818e+03,1.227146838468629597e-01
1.383720000000000255e+03,1.223573602327286819e-01
1.384240000000000009e+03,1.220002305044565472e-01
1.384759999999999991e+03,1.216455857659043821e-01
1.385279999999999973e+03,1.212911134096122390e-01
1.385800000000000182e+03,1.209392428525679908e-01
1.386320000000000164e+03,1.205875067962758340e-01
1.386839999999999918e+03,1.202371896956736658e-01
1.387359999999999900e+03,1.198872350829394001e-01
1.387880000000000109e+03,1.195390269823372598e-01
1.388400000000000091e+03,1.191913344870451086e-01
1.388920000000000073e+03,1.188452298598229873e-01
1.389439999999999827e+03,1.184999663127086489e-01
1.389960000000000036e+03,1.181564642464865006e-01
1.390480000000000018e+03,1.178135940458843872e-01
1.391000000000000000e+03,1.174716824040800411e-01
1.391519999999999982e+03,1.171307669325479250e-01
1.392039999999999964e+03,1.167909259762558161e-01
1.392559999999999945e+03,1.164525572377036466e-01
1.393079999999999927e+03,1.161153547629193566e-01
1.393600000000000136e+03,1.157791483342971994e-01
1.394120000000000118e+03,1.154435173960950550e-01
1.394639999999999873e+03,1.151093612932907739e-01
1.395159999999999854e+03,1.147758397297786587e-01
1.395680000000000064e+03,1.144439427734865178e-01
1.396200000000000045e+03,1.141125052448643540e-01
1.396720000000000027e+03,1.137828662601500646e-01
1.397239999999999782e+03,1.134535352315278883e-01
1.397760000000000218e+03,1.131256598323257812e-01
1.398279999999999973e+03,1.127979381647036261e-01
1.398799999999999955e+03,1.124728011899193275e-01
1.399319999999999936e+03,1.121477997903671808e-01
1.399840000000000146e+03,1.118242141950750446e-01
1.400360000000000127e+03,1.115009916235429055e-01
1.400879999999999882e+03,1.111795116817385909e-01
1.401399999999999864e+03,1.108585680102064791e-01
1.401920000000000073e+03,1.105391783539143302e-01
1.402440000000000055e+03,1.102204767866421936e-01
1.402960000000000036e+03,1.099031908405778690e-01
1.403480000000000018e+03,1.095865365123057517e-01
1.404000000000000000e+03,1.092708216127535742e-01
1.404519999999999982e+03,1.089561018174614454e-01
1.405039999999999964e+03,1.086424935703471373e-01
1.405560000000000173e+03,1.083297476431250017e-01
1.406079999999999927e+03,1.080176943035228571e-01
1.406599999999999909e+03,1.077069985763007276e-01
1.407119999999999891e+03,1.073970296762064708e-01
1.407640000000000100e+03,1.070885916809142663e-01
1.408160000000000082e+03,1.067807288093821638e-01
1.408679999999999836e+03,1.064741128530899972e-01
1.409199999999999818e+03,1.061678428680257191e-01
1.409720000000000027e+03,1.058633897397535800e-01
1.410240000000000009e+03,1.055591854402014168e-01
1.410759999999999991e+03,1.052569911119293211e-01
1.411279999999999745e+03,1.049549310977949956e-01
1.411800000000000182e+03,1.046544230985928386e-01
1.412319999999999936e+03,1.043540688699706870e-01
1.412839999999999918e+03,1.040551159317685687e-01
1.413360000000000127e+03,1.037565645754764121e-01
1.413880000000000109e+03,1.034597153003421061e-01
1.414400000000000091e+03,1.031632685011399930e-01
1.414919999999999845e+03,1.028679912335178359e-01
1.415440000000000055e+03,1.025734215813357414e-01
1.415960000000000036e+03,1.022802309062014331e-01
1.416480000000000018e+03,1.019877688679992622e-01
1.417000000000000000e+03,1.016963246393771392e-01
1.417519999999999982e+03,1.014057213111049793e-01
1.418039999999999964e+03,1.011159986115528486e-01
1.418559999999999945e+03,1.008272902977685737e-01
1.419079999999999927e+03,1.005393679982164168e-01
1.419600000000000136e+03,1.002525373419242832e-01
1.420119999999999891e+03,9.996633957039213758e-02
1.420639999999999873e+03,9.968136707509998862e-02
1.421160000000000082e+03,9.939687092798568657e-02
1.421680000000000064e+03,9.911381450076355015e-02
1.422200000000000045e+03,9.883112234718138822e-02
1.422719999999999800e+03,9.854990698095927870e-02
1.423240000000000236e+03,9.826890328035713107e-02
1.423759999999999991e+03,9.798952520662282395e-02
1.424279999999999973e+03,9.771030080602069456e-02
1.424799999999999955e+03,9.743274257879855349e-02
1.425320000000000164e+03,9.715535673919641069e-02
1.425840000000000146e+03,9.687942798290427593e-02
1.426359999999999900e+03,9.660382363683996110e-02
1.426879999999999882e+03,9.632961890856782394e-02
1.427400000000000091e+03,9.605585397001567549e-02
1.427920000000000073e+03,9.578333588876353222e-02
1.428440000000000055e+03,9.551137188921139665e-02
1.428959999999999809e+03,9.524048161442708049e-02
1.429480000000000018e+03,9.497026168580496863e-02
1.430000000000000000e+03,9.470098164760282211e-02
1.430519999999999982e+03,9.443254351898067167e-02
1.431040000000000191e+03,9.416494931977853478e-02
1.431559999999999945e+03,9.389829299115638739e-02
1.432079999999999927e+03,9.363232744544208730e-02
1.432599999999999909e+03,9.336741517781993460e-02
1.433120000000000118e+03,9.310307797861779033e-02
1.433640000000000100e+03,9.283987149701565522e-02
1.434159999999999854e+03,9.257710646874352245e-02
1.434679999999999836e+03,9.231564092267921517e-02
1.435200000000000045e+03,9.205450182738708631e-02
1.435720000000000027e+03,9.179474355585494350e-02
1.436240000000000009e+03,9.153517819956280555e-02
1.436759999999999764e+03,9.127712632803063053e-02
1.437280000000000200e+03,9.101918997173850945e-02
1.437799999999999955e+03,9.076280495369422330e-02
1.438319999999999936e+03,9.050661200542206575e-02
1.438839999999999918e+03,9.025170103388992227e-02
1.439360000000000127e+03,8.999711517759777235e-02
1.439880000000000109e+03,8.974383567699562025e-02
1.440399999999999864e+03,8.949095774977348927e-02
1.440920000000000073e+03,8.923915144917134168e-02
1.441440000000000055e+03,8.898788157543707777e-02
1.441960000000000036e+03,8.873764943583493936e-02
1.442480000000000018e+03,8.848806720861278341e-02
1.443000000000000000e+03,8.823934685503063979e-02
1.443519999999999982e+03,8.799139312780847322e-02
1.444039999999999964e+03,8.774420842720634384e-02
1.444559999999999945e+03,8.749786475347204329e-02
1.445080000000000155e+03,8.725213415286992014e-02
1.445599999999999909e+03,8.700738055757777090e-02
1.446119999999999891e+03,8.676312568604560571e-02
1.446639999999999873e+03,8.651998202975347274e-02
1.447160000000000082e+03,8.627724190524133085e-02
1.447680000000000064e+03,8.603570964894918793e-02
1.448199999999999818e+03,8.579444753090489928e-02
1.448720000000000255e+03,8.555446687461275290e-02
1.449240000000000009e+03,8.531467830308060718e-02
1.449759999999999991e+03,8.507625020778844527e-02
1.450279999999999973e+03,8.483791820823631535e-02
1.450800000000000182e+03,8.460102405465415309e-02
1.451320000000000164e+03,8.436428282743202445e-02
1.451839999999999918e+03,8.412884542682988465e-02
1.452359999999999900e+03,8.389365592402558969e-02
1.452880000000000109e+03,8.365957765249344702e-02
1.453400000000000091e+03,8.342590089620129101e-02
1.453920000000000073e+03,8.319330132466914995e-02
1.454439999999999827e+03,8.296116052937702046e-02
1.454960000000000036e+03,8.272992240486486126e-02
1.455480000000000018e+03,8.249927644857273090e-02
1.456000000000000000e+03,8.226945387704058532e-02
1.456519999999999982e+03,8.204034007423628705e-02
1.457039999999999964e+03,8.181193890270414826e-02
1.457559999999999945e+03,8.158428304641199280e-02
1.458079999999999927e+03,8.135718317487986018e-02
1.458600000000000136e+03,8.113100286560771812e-02
1.459120000000000118e+03,8.090532189407559360e-02
1.459639999999999873e+03,8.068063653778342892e-02
1.460159999999999854e+03,8.045633576625128847e-02
1.460680000000000064e+03,8.023310947095912971e-02
1.461200000000000045e+03,8.001017195291484918e-02
1.461720000000000027e+03,7.978842142429269646e-02
1.462239999999999782e+03,7.956684314304054984e-02
1.462760000000000218e+03,7.934650854348843096e-02
1.463279999999999973e+03,7.912628901521627511e-02
1.463799999999999955e+03,7.890731801566414072e-02
1.464319999999999936e+03,7.868850028739197977e-02
1.464840000000000146e+03,7.847085318783983410e-02
1.465360000000000127e+03,7.825347380658768948e-02
1.465879999999999882e+03,7.803718580703554453e-02
1.466399999999999864e+03,7.782124173225125896e-02
1.466920000000000073e+03,7.760620273269910885e-02
1.467440000000000055e+03,7.739164170442698609e-02
1.467960000000000036e+03,7.717792313289482953e-02
1.468480000000000018e+03,7.696476022362269687e-02
1.469000000000000000e+03,7.675234545209053127e-02
1.469519999999999982e+03,7.654058352346838900e-02
1.470039999999999964e+03,7.632943732426625272e-02
1.470560000000000173e+03,7.611901789564411158e-02
1.471079999999999927e+03,7.590913529644197077e-02
1.471599999999999909e+03,7.570007531483981256e-02
1.472119999999999891e+03,7.549145546912554294e-02
1.472640000000000100e+03,7.528375720150339012e-02
1.473160000000000082e+03,7.507638670230122602e-02
1.473679999999999836e+03,7.487003247367908509e-02
1.474199999999999818e+03,7.466392757447692929e-02
1.474720000000000027e+03,7.445895239287481093e-02
1.475240000000000009e+03,7.425409199367266622e-02
1.475759999999999991e+03,7.405042026505051500e-02
1.476279999999999745e+03,7.384682549351838377e-02
1.476800000000000182e+03,7.364438413722625143e-02
1.477319999999999936e+03,7.344211526569410786e-02
1.477839999999999918e+03,7.324088105642194424e-02
1.478360000000000127e+03,7.303989438488979469e-02
1.478880000000000109e+03,7.283994168208551834e-02
1.479400000000000091e+03,7.264027691055337244e-02
1.479919999999999845e+03,7.244147805426123798e-02
1.480440000000000055e+03,7.224308188272908493e-02
1.480960000000000036e+03,7.204547307345693374e-02
1.481480000000000018e+03,7.184839934092480951e-02
1.482000000000000000e+03,7.165199601230262672e-02
1.482519999999999982e+03,7.145618681310049458e-02
1.483039999999999964e+03,7.126093448447835821e-02
1.483559999999999945e+03,7.106637263229621804e-02
1.484079999999999927e+03,7.087227183169407529e-02
1.484600000000000136e+03,7.067899530447192824e-02
1.485119999999999891e+03,7.048610280386978511e-02
1.485639999999999873e+03,7.029403507664762352e-02
1.486160000000000082e+03,7.010225572306548469e-02
1.486680000000000064e+03,6.991143349584333366e-02
1.487200000000000045e+03,6.972080279524120461e-02
1.487719999999999800e+03,6.953120914917691742e-02
1.488240000000000236e+03,6.934173242090477252e-02
1.488759999999999991e+03,6.915338462135264819e-02
1.489279999999999973e+03,6.896513314010047080e-02
1.489799999999999955e+03,6.877791724054833911e-02
1.490320000000000164e+03,6.859083551227618258e-02
1.490840000000000146e+03,6.840473341272404473e-02
1.491359999999999900e+03,6.821886048445190143e-02
1.491879999999999882e+03,6.803390773191975160e-02
1.492400000000000091e+03,6.784924163131762775e-02
1.492920000000000073e+03,6.766532743211546574e-02
1.493440000000000055e+03,6.748185300349333893e-02
1.493959999999999809e+03,6.729908734329118070e-02
1.494480000000000018e+03,6.711680096168903820e-02
1.495000000000000000e+03,6.693509076248689571e-02
1.495519999999999982e+03,6.675395553386476166e-02
1.496040000000000191e+03,6.657335863466261328e-02
1.496559999999999945e+03,6.639339385306046448e-02
1.497079999999999927e+03,6.621383088152832386e-02
1.497599999999999909e+03,6.603501672523619248e-02
1.498120000000000118e+03,6.585658865370402903e-02
1.498640000000000100e+03,6.567888779741186400e-02
1.499159999999999854e+03,6.550143667289974603e-02
1.499679999999999836e+03,6.532488631660758605e-02
1.500200000000000045e+03,6.514854814507546610e-02
1.500720000000000027e+03,6.497314938347331648e-02
1.501240000000000009e+03,6.479784755625117576e-02
1.501759999999999764e+03,6.462358000266903157e-02
1.502280000000000200e+03,6.444938847544688654e-02
1.502799999999999955e+03,6.427619717484472917e-02
1.503319999999999936e+03,6.410312144762259079e-02
1.503839999999999918e+03,6.393092650050828663e-02
1.504360000000000127e+03,6.375894282030616922e-02
1.504880000000000109e+03,6.358774391970400952e-02
1.505399999999999864e+03,6.341683302015187207e-02
1.505920000000000073e+03,6.324669263087973059e-02
1.506440000000000055e+03,6.307689690636758550e-02
1.506960000000000036e+03,6.290775217914543194e-02
1.507480000000000018e+03,6.273904827854329125e-02
1.508000000000000000e+03,6.257088315132114387e-02
1.508519999999999982e+03,6.240325485071897271e-02
1.509039999999999964e+03,6.223608829818684518e-02
1.509559999999999945e+03,6.206953506991470804e-02
1.510080000000000155e+03,6.190336690936255881e-02
1.510599999999999909e+03,6.173788728109042001e-02
1.511119999999999891e+03,6.157273422855827349e-02
1.511639999999999873e+03,6.140827140028611714e-02
1.512160000000000082e+03,6.124405892875400131e-02
1.512680000000000064e+03,6.108067170013183750e-02
1.513199999999999818e+03,6.091745774794968954e-02
1.513720000000000255e+03,6.075508631932755033e-02
1.514240000000000009e+03,6.059281095912540105e-02
1.514759999999999991e+03,6.043151613050326554e-02
1.515279999999999973e+03,6.027029923130113737e-02
1.515800000000000182e+03,6.010992504969898259e-02
1.516320000000000164e+03,5.994966567816684133e-02
1.516839999999999918e+03,5.979028735094469443e-02
1.517359999999999900e+03,5.963110108934255305e-02
1.517880000000000109e+03,5.947260923716040509e-02
1.518400000000000091e+03,5.931438540853826991e-02
1.518920000000000073e+03,5.915685123700611947e-02
1.519439999999999827e+03,5.899964302722610077e-02
1.519960000000000036e+03,5.884305060271396992e-02
1.520480000000000018e+03,5.868687844642181406e-02
1.521000000000000000e+03,5.853122411388968910e-02
1.521519999999999982e+03,5.837599135759753699e-02
1.522039999999999964e+03,5.822118273308538733e-02
1.522559999999999945e+03,5.806696833248323891e-02
1.523079999999999927e+03,5.791315800526111723e-02
1.523600000000000136e+03,5.775990417272896388e-02
1.524120000000000118e+03,5.760693956345680489e-02
1.524639999999999873e+03,5.745466429192466751e-02
1.525159999999999854e+03,5.730263773563252366e-02
1.525680000000000064e+03,5.715130236410037590e-02
1.526200000000000045e+03,5.700012211051823374e-02
1.526720000000000027e+03,5.684978592229610050e-02
1.527239999999999782e+03,5.669954622169394443e-02
1.527760000000000218e+03,5.655013029447180511e-02
1.528279999999999973e+03,5.640079114088966672e-02
1.528799999999999955e+03,5.625227794133751125e-02
1.529319999999999936e+03,5.610387985206537198e-02
1.529840000000000146e+03,5.595621255251324172e-02
1.530360000000000127e+03,5.580873710033108781e-02
1.530879999999999882e+03,5.566197049972892302e-02
1.531399999999999864e+03,5.551543360017678619e-02
1.531920000000000073e+03,5.536949331090464804e-02
1.532440000000000055e+03,5.522389815837251692e-02
1.532960000000000036e+03,5.507886103010035950e-02
1.533480000000000018e+03,5.493416823054821096e-02
1.534000000000000000e+03,5.478991670227605776e-02
1.534519999999999982e+03,5.464612551676392704e-02
1.535039999999999964e+03,5.450277668814178245e-02
1.535560000000000173e+03,5.435988913545178325e-02
1.536079999999999927e+03,5.421730983589965330e-02
1.536599999999999909e+03,5.407534359364750409e-02
1.537119999999999891e+03,5.393366399409535439e-02
1.537640000000000100e+03,5.379258049349319726e-02
1.538160000000000082e+03,5.365168949429106188e-02
1.538679999999999836e+03,5.351150751268891892e-02
1.539199999999999818e+03,5.337145945248678025e-02
1.539720000000000027e+03,5.323212452386465177e-02
1.540240000000000009e+03,5.309286789935249717e-02
1.540759999999999991e+03,5.295443217213034737e-02
1.541279999999999745e+03,5.281607341052819982e-02
1.541800000000000182e+03,5.267842781132604790e-02
1.542319999999999936e+03,5.254091722972391298e-02
1.542839999999999918e+03,5.240407735819174739e-02
1.543360000000000127e+03,5.226740984089962849e-02
1.543880000000000109e+03,5.213141286936747582e-02
1.544400000000000091e+03,5.199562776009533649e-02
1.544919999999999845e+03,5.186036493507534956e-02
1.545440000000000055e+03,5.172540790254319398e-02
1.545960000000000036e+03,5.159098804625104895e-02
1.546480000000000018e+03,5.145689332173890296e-02
1.547000000000000000e+03,5.132320176544675344e-02
1.547519999999999982e+03,5.118991343291461049e-02
1.548039999999999964e+03,5.105700987933246143e-02
1.548559999999999945e+03,5.092458645211031532e-02
1.549079999999999927e+03,5.079247165150816562e-02
1.549600000000000136e+03,5.066087356328602409e-02
1.550119999999999891e+03,5.052948743877389015e-02
1.550639999999999873e+03,5.039871511015173861e-02
1.551160000000000082e+03,5.026811671094959938e-02
1.551680000000000064e+03,5.013815049636745347e-02
1.552200000000000045e+03,5.000830031565745709e-02
1.552719999999999800e+03,4.987912181505531339e-02
1.553240000000000236e+03,4.975000215450316177e-02
1.553759999999999991e+03,4.962165127325102176e-02
1.554279999999999973e+03,4.949337700171888010e-02
1.554799999999999955e+03,4.936573547449674138e-02
1.555320000000000164e+03,4.923820895991459778e-02
1.555840000000000146e+03,4.911133696036244778e-02
1.556359999999999900e+03,4.898465643209029552e-02
1.556879999999999882e+03,4.885853187153814392e-02
1.557400000000000091e+03,4.873261819028600061e-02
1.557920000000000073e+03,4.860716761875386038e-02
1.558440000000000055e+03,4.848202396571386213e-02
1.558959999999999809e+03,4.835732362346171348e-02
1.559480000000000018e+03,4.823294862390956755e-02
1.560000000000000000e+03,4.810897622330742585e-02
1.560519999999999982e+03,4.798540631012528784e-02
1.561040000000000191e+03,4.786218178150314362e-02
1.561559999999999945e+03,4.773936038230099099e-02
1.562079999999999927e+03,4.761680942174884718e-02
1.562599999999999909e+03,4.749473926816671215e-02
1.563120000000000118e+03,4.737288086896456613e-02
1.563640000000000100e+03,4.725157837934242794e-02
1.564159999999999854e+03,4.713044947367242554e-02
1.564679999999999836e+03,4.700989634505027548e-02
1.565200000000000045e+03,4.688945941251813215e-02
1.565720000000000027e+03,4.676963593231599214e-02
1.566240000000000009e+03,4.664988903171384677e-02
1.566759999999999764e+03,4.653079603251170093e-02
1.567280000000000200e+03,4.641178044288955806e-02
1.567799999999999955e+03,4.629337891837741192e-02
1.568319999999999936e+03,4.617509156208526866e-02
1.568839999999999918e+03,4.605738232955312872e-02
1.569360000000000127e+03,4.593982705155313234e-02
1.569880000000000109e+03,4.582280829526097499e-02
1.570399999999999864e+03,4.570596206272883183e-02
1.570920000000000073e+03,4.558957895345669420e-02
1.571440000000000055e+03,4.547344488192454209e-02
1.571960000000000036e+03,4.535773252032240105e-02
1.572480000000000018e+03,4.524232769310025659e-02
1.573000000000000000e+03,4.512730876858811468e-02
1.573519999999999982e+03,4.501261467896597313e-02
1.574039999999999964e+03,4.489822852627597949e-02
1.574559999999999945e+03,4.478424601169383318e-02
1.575080000000000155e+03,4.467053348447167643e-02
1.575599999999999909e+03,4.455726131293953618e-02
1.576119999999999891e+03,4.444416287033739477e-02
1.576639999999999873e+03,4.433158277113525420e-02
1.577160000000000082e+03,4.421911977053311071e-02
1.577680000000000064e+03,4.410721202933096108e-02
1.578199999999999818e+03,4.399538217524096018e-02
1.578720000000000255e+03,4.388420487568882311e-02
1.579240000000000009e+03,4.377306766250666642e-02
1.579759999999999991e+03,4.366256286190452196e-02
1.580279999999999973e+03,4.355209626235238829e-02
1.580800000000000182e+03,4.344216982010024736e-02
1.581320000000000164e+03,4.333233852054809571e-02
1.581839999999999918e+03,4.322304506034594512e-02
1.582359999999999900e+03,4.311390555327594687e-02
1.582880000000000109e+03,4.300522825372381230e-02
1.583400000000000091e+03,4.289676156445166449e-02
1.583920000000000073e+03,4.278873616489951848e-02
1.584439999999999827e+03,4.268094184038737776e-02
1.584960000000000036e+03,4.257355225111522645e-02
1.585480000000000018e+03,4.246641195156308779e-02
1.586000000000000000e+03,4.235959855582308725e-02
1.586519999999999982e+03,4.225309108429094879e-02
1.587039999999999964e+03,4.214683385566879437e-02
1.587559999999999945e+03,4.204098014248665305e-02
1.588079999999999927e+03,4.193537734293451696e-02
1.588600000000000136e+03,4.183019578133236743e-02
1.589120000000000118e+03,4.172520752915022391e-02
1.589639999999999873e+03,4.162064194704021697e-02
1.590159999999999854e+03,4.151617411450806566e-02
1.590680000000000064e+03,4.141226193430593006e-02
1.591200000000000045e+03,4.130844597270379170e-02
1.591720000000000027e+03,4.120514967350163982e-02
1.592239999999999782e+03,4.110191199189949102e-02
1.592760000000000218e+03,4.099924905936735281e-02
1.593279999999999973e+03,4.089662557865735709e-02
1.593799999999999955e+03,4.079453896407521374e-02
1.594319999999999936e+03,4.069252889254306588e-02
1.594840000000000146e+03,4.059102033625092837e-02
1.595360000000000127e+03,4.048964645073876295e-02
1.595879999999999882e+03,4.038873255153663244e-02
1.596399999999999864e+03,4.028797246191449799e-02
1.596920000000000073e+03,4.018761868391450276e-02
1.597440000000000055e+03,4.008747472762234226e-02
1.597960000000000036e+03,3.998765794211019825e-02
1.598480000000000018e+03,3.988809057057805807e-02
1.599000000000000000e+03,3.978885185328591423e-02
1.599519999999999982e+03,3.968991862877377375e-02
1.600039999999999964e+03,3.959125331368376632e-02
1.600560000000000173e+03,3.949291578646161455e-02
1.601079999999999927e+03,3.939477366194947539e-02
1.601599999999999909e+03,3.929703227232733687e-02
1.602119999999999891e+03,3.919946277312518629e-02
1.602640000000000100e+03,3.910231735854303309e-02
1.603160000000000082e+03,3.900526887783303809e-02
1.603679999999999836e+03,3.890868254530089471e-02
1.604199999999999818e+03,3.881217486369874237e-02
1.604720000000000027e+03,3.871620320349661304e-02
1.605240000000000009e+03,3.862027020289445639e-02
1.605759999999999991e+03,3.852481755036232108e-02
1.606279999999999745e+03,3.842942223667231150e-02
1.606800000000000182e+03,3.833452613607017667e-02
1.607319999999999936e+03,3.823974502253802560e-02
1.607839999999999918e+03,3.814538869426589013e-02
1.608360000000000127e+03,3.805116663371373859e-02
1.608880000000000109e+03,3.795733188153159465e-02
1.609400000000000091e+03,3.786366856644159812e-02
1.609919999999999845e+03,3.777036861390945660e-02
1.610440000000000055e+03,3.767727938563730089e-02
1.610960000000000036e+03,3.758449985310516328e-02
1.611480000000000018e+03,3.749195180057302013e-02
1.612000000000000000e+03,3.739965471130086982e-02
1.612519999999999982e+03,3.730768315826087783e-02
1.613039999999999964e+03,3.721595947274873584e-02
1.613559999999999945e+03,3.712452484447659184e-02
1.614079999999999927e+03,3.703328378392444636e-02
1.614600000000000136e+03,3.694240893034230616e-02
1.615119999999999891e+03,3.685168891665230317e-02
1.615639999999999873e+03,3.676133226412015009e-02
1.616160000000000082e+03,3.667108940251800897e-02
1.616680000000000064e+03,3.658128980331586816e-02
1.617200000000000045e+03,3.649156846071371918e-02
1.617719999999999800e+03,3.640229006151157742e-02
1.618240000000000236e+03,3.631305174747157666e-02
1.618759999999999991e+03,3.622432859388943077e-02
1.619279999999999973e+03,3.613564379468729021e-02
1.619799999999999955e+03,3.604740280506514571e-02
1.620320000000000164e+03,3.595923908055300572e-02
1.620840000000000146e+03,3.587146236686300504e-02
1.621359999999999900e+03,3.578380018526085976e-02
1.621879999999999882e+03,3.569650115272871710e-02
1.622400000000000091e+03,3.560937442550656667e-02
1.622920000000000073e+03,3.552259641092442993e-02
1.623440000000000055e+03,3.543600988590443063e-02
1.623959999999999809e+03,3.534971146861227986e-02
1.624480000000000018e+03,3.526360594410013483e-02
1.625000000000000000e+03,3.517773331156799632e-02
1.625519999999999982e+03,3.509214790229584630e-02
1.626040000000000191e+03,3.500679381627584685e-02
1.626559999999999945e+03,3.492174594474370397e-02
1.627079999999999927e+03,3.483687177447156169e-02
1.627599999999999909e+03,3.475232350293942091e-02
1.628120000000000118e+03,3.466792901331727100e-02
1.628640000000000100e+03,3.458384430764727124e-02
1.629159999999999854e+03,3.449987507511512869e-02
1.629679999999999836e+03,3.441629009351297730e-02
1.630200000000000045e+03,3.433278223331083512e-02
1.630720000000000027e+03,3.424971566177869436e-02
1.631240000000000009e+03,3.416668843801869138e-02
1.631759999999999764e+03,3.408414260548654762e-02
1.632280000000000200e+03,3.400161680488440058e-02
1.632799999999999955e+03,3.391947536368226934e-02
1.633319999999999936e+03,3.383741049215012453e-02
1.633839999999999918e+03,3.375574992408011954e-02
1.634360000000000127e+03,3.367418409685796893e-02
1.634880000000000109e+03,3.359294606432583485e-02
1.635399999999999864e+03,3.351186108272369291e-02
1.635920000000000073e+03,3.343108376903369122e-02
1.636440000000000055e+03,3.335047981545154888e-02
1.636960000000000036e+03,3.327012785489938396e-02
1.637480000000000018e+03,3.318998695569724822e-02
1.638000000000000000e+03,3.311005804111510908e-02
1.638519999999999982e+03,3.303039848807511059e-02
1.639039999999999964e+03,3.295095172787296245e-02
1.639559999999999945e+03,3.287175407429081958e-02
1.640080000000000155e+03,3.279272751373867034e-02
1.640599999999999909e+03,3.271399127148653246e-02
1.641119999999999891e+03,3.263539074646653465e-02
1.641639999999999873e+03,3.255709698591439244e-02
1.642160000000000082e+03,3.247891910466223914e-02
1.642680000000000064e+03,3.240112494411009209e-02
1.643199999999999818e+03,3.232342796611008956e-02
1.643720000000000255e+03,3.224605897683795880e-02
1.644240000000000009e+03,3.216870957728580616e-02
1.644759999999999991e+03,3.209184106270365766e-02
1.645279999999999973e+03,3.201501074901366706e-02
1.645800000000000182e+03,3.193850759648152182e-02
1.646320000000000164e+03,3.186208103487937759e-02
1.646839999999999918e+03,3.178600023567722949e-02
1.647359999999999900e+03,3.171001582214509618e-02
1.647880000000000109e+03,3.163435856805509039e-02
1.648400000000000091e+03,3.155883605487295324e-02
1.648920000000000073e+03,3.148358455532079131e-02
1.649439999999999827e+03,3.140852509371866441e-02
1.649960000000000036e+03,3.133371612704865389e-02
1.650480000000000018e+03,3.125906019842650957e-02
1.651000000000000000e+03,3.118461681291436263e-02
1.651519999999999982e+03,3.111040321371220940e-02
1.652039999999999964e+03,3.103638247060221816e-02
1.652559999999999945e+03,3.096261104609007372e-02
1.653079999999999927e+03,3.088901318588793340e-02
1.653600000000000136e+03,3.081566644328578852e-02
1.654120000000000118e+03,3.074243631826579365e-02
1.654639999999999873e+03,3.066953253004364374e-02
1.655159999999999854e+03,3.059670647646149655e-02
1.655680000000000064e+03,3.052422594392935340e-02
1.656200000000000045e+03,3.045176562016935554e-02
1.656720000000000027e+03,3.037966954863720662e-02
1.657239999999999782e+03,3.030761221610506900e-02
1.657760000000000218e+03,3.023593960683292753e-02
1.658279999999999973e+03,3.016432457430076944e-02
1.658799999999999955e+03,3.009309669630077372e-02
1.659319999999999936e+03,3.002192587900863810e-02
1.659840000000000146e+03,2.995100344647648807e-02
1.660360000000000127e+03,2.988017732196435183e-02
1.660879999999999882e+03,2.980968087885435200e-02
1.661399999999999864e+03,2.973931812667220120e-02
1.661920000000000073e+03,2.966918679414005597e-02
1.662440000000000055e+03,2.959920905153791762e-02
1.662960000000000036e+03,2.952944339884791200e-02
1.663480000000000018e+03,2.945986993724577022e-02
1.664000000000000000e+03,2.939047268471363036e-02
1.664519999999999982e+03,2.932132327102363045e-02
1.665039999999999964e+03,2.925236485644149009e-02
1.665560000000000173e+03,2.918358095688934270e-02
1.666079999999999927e+03,2.911493329668719474e-02
1.666599999999999909e+03,2.904655318961719274e-02
1.667119999999999891e+03,2.897826842906504885e-02
1.667640000000000100e+03,2.891031221588290928e-02
1.668160000000000082e+03,2.884245261528075796e-02
1.668679999999999836e+03,2.877486314826075905e-02
1.669199999999999818e+03,2.870731218805861601e-02
1.669720000000000027e+03,2.864012808745646996e-02
1.670240000000000009e+03,2.857296397392432991e-02
1.670759999999999991e+03,2.850610592123433221e-02
1.671279999999999745e+03,2.843928610665218473e-02
1.671800000000000182e+03,2.837283134610003518e-02
1.672319999999999936e+03,2.830645344689789941e-02
1.672839999999999918e+03,2.824032907882789711e-02
1.673360000000000127e+03,2.817430051827575499e-02
1.673880000000000109e+03,2.810856076469360823e-02
1.674400000000000091e+03,2.804293515100361039e-02
1.674919999999999845e+03,2.797753919847145720e-02
1.675440000000000055e+03,2.791227813686930972e-02
1.675960000000000036e+03,2.784721157666716559e-02
1.676480000000000018e+03,2.778231857064715829e-02
1.677000000000000000e+03,2.771761790904501976e-02
1.677519999999999982e+03,2.765310959586287851e-02
1.678039999999999964e+03,2.758871649631074174e-02
1.678559999999999945e+03,2.752457542824073011e-02
1.679079999999999927e+03,2.746056986803858957e-02
1.679600000000000136e+03,2.739677486848644816e-02
1.680119999999999891e+03,2.733307560041644060e-02
1.680639999999999873e+03,2.726968320121430506e-02
1.681160000000000082e+03,2.720634898768216348e-02
1.681680000000000064e+03,2.714330492608000439e-02
1.682200000000000045e+03,2.708028212041000901e-02
1.682719999999999800e+03,2.701756625985785726e-02
1.683240000000000236e+03,2.695488944527572178e-02
1.683759999999999991e+03,2.689255607374358217e-02
1.684279999999999973e+03,2.683026123203358093e-02
1.684799999999999955e+03,2.676825841745142723e-02
1.685320000000000164e+03,2.670631204591928862e-02
1.685840000000000146e+03,2.664461765122929510e-02
1.686359999999999900e+03,2.658299948962715431e-02
1.686879999999999882e+03,2.652163196511500565e-02
1.687400000000000091e+03,2.646037917689286756e-02
1.687920000000000073e+03,2.639935796180286134e-02
1.688440000000000055e+03,2.633847143729072318e-02
1.688959999999999809e+03,2.627771974906857599e-02
1.689480000000000018e+03,2.621716078099857461e-02
1.690000000000000000e+03,2.615677500946642434e-02
1.690519999999999982e+03,2.609654439593428465e-02
1.691040000000000191e+03,2.603645045317427853e-02
1.691559999999999945e+03,2.597656712866213899e-02
1.692079999999999927e+03,2.591681663903999677e-02
1.692599999999999909e+03,2.585727777883784634e-02
1.693120000000000118e+03,2.579779790083784954e-02
1.693640000000000100e+03,2.573860783923570192e-02
1.694159999999999854e+03,2.567949549803355894e-02
1.694679999999999836e+03,2.562063197301355996e-02
1.695200000000000045e+03,2.556176845843141990e-02
1.695720000000000027e+03,2.550328857020927459e-02
1.696240000000000009e+03,2.544480954569712516e-02
1.696759999999999764e+03,2.538660293060712378e-02
1.697280000000000200e+03,2.532841507005498261e-02
1.697799999999999955e+03,2.527045975687284077e-02
1.698319999999999936e+03,2.521258080278284200e-02
1.698839999999999918e+03,2.515500698925069584e-02
1.699360000000000127e+03,2.509749112904854917e-02
1.699880000000000109e+03,2.504017192197854902e-02
1.700399999999999864e+03,2.498296666142640551e-02
1.700920000000000073e+03,2.492597384824426360e-02
1.701440000000000055e+03,2.486909574764211567e-02
1.701960000000000036e+03,2.481240853360211843e-02
1.702480000000000018e+03,2.475585704808997561e-02
1.703000000000000000e+03,2.469944231981783048e-02
1.703519999999999982e+03,2.464320125279782780e-02
1.704039999999999964e+03,2.458709472026568421e-02
1.704559999999999945e+03,2.453116190708354294e-02
1.705080000000000155e+03,2.447532605299354222e-02
1.705599999999999909e+03,2.441971893946140101e-02
1.706119999999999891e+03,2.436418787925925464e-02
1.706639999999999873e+03,2.430889067218925184e-02
1.707160000000000082e+03,2.425363201163710861e-02
1.707680000000000064e+03,2.419864362612496669e-02
1.708199999999999818e+03,2.414371298336496358e-02
1.708720000000000255e+03,2.408901318381282200e-02
1.709240000000000009e+03,2.403435299830067665e-02
1.709759999999999991e+03,2.397998090902853097e-02
1.710279999999999973e+03,2.392564770300853461e-02
1.710800000000000182e+03,2.387154307047639062e-02
1.711320000000000164e+03,2.381749652822424262e-02
1.711839999999999918e+03,2.376366511418424518e-02
1.712359999999999900e+03,2.370991058967210005e-02
1.712880000000000109e+03,2.365632962806995740e-02
1.713400000000000091e+03,2.360288356139995589e-02
1.713920000000000073e+03,2.354961116184781100e-02
1.714439999999999827e+03,2.349647234726566503e-02
1.714960000000000036e+03,2.344348683357566632e-02
1.715480000000000018e+03,2.339061707302352022e-02
1.716000000000000000e+03,2.333790391944138079e-02
1.716519999999999982e+03,2.328536373342137908e-02
1.717039999999999964e+03,2.323293959221922958e-02
1.717559999999999945e+03,2.318066943061708809e-02
1.718079999999999927e+03,2.312847735261708976e-02
1.718600000000000136e+03,2.307651376439494653e-02
1.719120000000000118e+03,2.302462694981280075e-02
1.719639999999999873e+03,2.297291606379279691e-02
1.720159999999999854e+03,2.292124431161065429e-02
1.720680000000000064e+03,2.286984212198851091e-02
1.721200000000000045e+03,2.281849848298850986e-02
1.721720000000000027e+03,2.276740245045636921e-02
1.722239999999999782e+03,2.271630667025422226e-02
1.722760000000000218e+03,2.266542555516422655e-02
1.723279999999999973e+03,2.261458332263208137e-02
1.723799999999999955e+03,2.256402738142993317e-02
1.724319999999999936e+03,2.251351012733993420e-02
1.724840000000000146e+03,2.246315074182778787e-02
1.725360000000000127e+03,2.241288648127564773e-02
1.725879999999999882e+03,2.236285208553564705e-02
1.726399999999999864e+03,2.231289391400350861e-02
1.726920000000000073e+03,2.226307182849136118e-02
1.727440000000000055e+03,2.221334665771135947e-02
1.727960000000000036e+03,2.216379747219921620e-02
1.728480000000000018e+03,2.211436200066706909e-02
1.729000000000000000e+03,2.206508050457706843e-02
1.729519999999999982e+03,2.201593304437492529e-02
1.730039999999999964e+03,2.196690205886277919e-02
1.730560000000000173e+03,2.191800567675278311e-02
1.731079999999999927e+03,2.186918726357063580e-02
1.731599999999999909e+03,2.182056103103849690e-02
1.732119999999999891e+03,2.177199376296849384e-02
1.732640000000000100e+03,2.172365696341634414e-02
1.733160000000000082e+03,2.167535975023420630e-02
1.733679999999999836e+03,2.162731236421420664e-02
1.734199999999999818e+03,2.157926592161206469e-02
1.734720000000000027e+03,2.153145032240991880e-02
1.735240000000000009e+03,2.148363563638992432e-02
1.735759999999999991e+03,2.143603299378777152e-02
1.736279999999999745e+03,2.138846926125562847e-02
1.736800000000000182e+03,2.134117309458562900e-02
1.737319999999999936e+03,2.129393399398347986e-02
1.737839999999999918e+03,2.124685258045133987e-02
1.738360000000000127e+03,2.119982896676133807e-02
1.738880000000000109e+03,2.115295765217919260e-02
1.739400000000000091e+03,2.110618329913919317e-02
1.739919999999999845e+03,2.105958491362704826e-02
1.740440000000000055e+03,2.101306255342490908e-02
1.740960000000000036e+03,2.096667458535490455e-02
1.741480000000000018e+03,2.092042062480276021e-02
1.742000000000000000e+03,2.087428357262061801e-02
1.742519999999999982e+03,2.082831895753061921e-02
1.743039999999999964e+03,2.078245184399847220e-02
1.743559999999999945e+03,2.073668091146632989e-02
1.744079999999999927e+03,2.069098851572632666e-02
1.744600000000000136e+03,2.064546881617418048e-02
1.745119999999999891e+03,2.060002693066203400e-02
1.745639999999999873e+03,2.055479658790203973e-02
1.746160000000000082e+03,2.050962510238989178e-02
1.746680000000000064e+03,2.046458878834989462e-02
1.747200000000000045e+03,2.041957206383774800e-02
1.747719999999999800e+03,2.037480377456560646e-02
1.748240000000000236e+03,2.033007390754560176e-02
1.748759999999999991e+03,2.028557757501346301e-02
1.749279999999999973e+03,2.024110116043131499e-02
1.749799999999999955e+03,2.019677750774132030e-02
1.750320000000000164e+03,2.015249209420917273e-02
1.750840000000000146e+03,2.010841893260702576e-02
1.751359999999999900e+03,2.006440476593702657e-02
1.751879999999999882e+03,2.002056580538488090e-02
1.752400000000000091e+03,1.997678482738488373e-02
1.752920000000000073e+03,1.993313436578273909e-02
1.753440000000000055e+03,1.988956215260059487e-02
1.753959999999999809e+03,1.984612763856059836e-02
1.754480000000000018e+03,1.980284692397844826e-02
1.755000000000000000e+03,1.975966285244630527e-02
1.755519999999999982e+03,1.971659505775630664e-02
1.756040000000000191e+03,1.967358589615416167e-02
1.756559999999999945e+03,1.963074851064201820e-02
1.757079999999999927e+03,1.958798746893201936e-02
1.757599999999999909e+03,1.954540035434987680e-02
1.758120000000000118e+03,1.950287102932987682e-02
1.758640000000000100e+03,1.946045834381772768e-02
1.759159999999999854e+03,1.941808445559558075e-02
1.759679999999999836e+03,1.937594198752558283e-02
1.760200000000000045e+03,1.933381895499343764e-02
1.760720000000000027e+03,1.929190884146129645e-02
1.761240000000000009e+03,1.925001775970129614e-02
1.761759999999999764e+03,1.920828207418915495e-02
1.762280000000000200e+03,1.916656548816915093e-02
1.762799999999999955e+03,1.912507854696701010e-02
1.763319999999999936e+03,1.908362948536486414e-02
1.763839999999999918e+03,1.904231884636486266e-02
1.764360000000000127e+03,1.900106474681271737e-02
1.764880000000000109e+03,1.896000350456057346e-02
1.765399999999999864e+03,1.891901921854057672e-02
1.765920000000000073e+03,1.887811333302843314e-02
1.766440000000000055e+03,1.883730338991843056e-02
1.766960000000000036e+03,1.879660907673628978e-02
1.767480000000000018e+03,1.875603000520414260e-02
1.768000000000000000e+03,1.871556776620414073e-02
1.768519999999999982e+03,1.867522034891199931e-02
1.769039999999999964e+03,1.863495160991199620e-02
1.769559999999999945e+03,1.859477817737985317e-02
1.770080000000000155e+03,1.855468243477771326e-02
1.770599999999999909e+03,1.851477968208771127e-02
1.771119999999999891e+03,1.847493479657557128e-02
1.771639999999999873e+03,1.843522476404342927e-02
1.772160000000000082e+03,1.839553496795342732e-02
1.772680000000000064e+03,1.835599880775128090e-02
1.773199999999999818e+03,1.831646436875128056e-02
1.773720000000000255e+03,1.827719757912913551e-02
1.774240000000000009e+03,1.823795125461698946e-02
1.774759999999999991e+03,1.819884048794698922e-02
1.775279999999999973e+03,1.815976772634484565e-02
1.775800000000000182e+03,1.812088865932484638e-02
1.776320000000000164e+03,1.808202799912270176e-02
1.776839999999999918e+03,1.804328481361055364e-02
1.777359999999999900e+03,1.800461797050055199e-02
1.777880000000000109e+03,1.796610594598840871e-02
1.778400000000000091e+03,1.792765123229841245e-02
1.778920000000000073e+03,1.788935131771626774e-02
1.779439999999999827e+03,1.785110885716412535e-02
1.779960000000000036e+03,1.781296411816412489e-02
1.780480000000000018e+03,1.777487645796198279e-02
1.781000000000000000e+03,1.773688698989198120e-02
1.781519999999999982e+03,1.769906922933983662e-02
1.782039999999999964e+03,1.766132920482768945e-02
1.782559999999999945e+03,1.762366656206768717e-02
1.783079999999999927e+03,1.758604314853554756e-02
1.783600000000000136e+03,1.754863136251554739e-02
1.784120000000000118e+03,1.751127737700339942e-02
1.784639999999999873e+03,1.747400138773125625e-02
1.785159999999999854e+03,1.743674522071125485e-02
1.785680000000000064e+03,1.739973868817911232e-02
1.786200000000000045e+03,1.736275235343910997e-02
1.786720000000000027e+03,1.732586276792696250e-02
1.787239999999999782e+03,1.728899240737481746e-02
1.787760000000000218e+03,1.725231526837481960e-02
1.788279999999999973e+03,1.721567607910267847e-02
1.788799999999999955e+03,1.717921151208267813e-02
1.789319999999999936e+03,1.714278447955053589e-02
1.789840000000000146e+03,1.710643616496839228e-02
1.790360000000000127e+03,1.707014511227838982e-02
1.790879999999999882e+03,1.703406619874624217e-02
1.791399999999999864e+03,1.699800641272624507e-02
1.791920000000000073e+03,1.696202499814410125e-02
1.792440000000000055e+03,1.692613923794195410e-02
1.792960000000000036e+03,1.689037027092195678e-02
1.793480000000000018e+03,1.685467800931981369e-02
1.794000000000000000e+03,1.681906337031981169e-02
1.794519999999999982e+03,1.678354498209766801e-02
1.795039999999999964e+03,1.674808564309766476e-02
1.795560000000000173e+03,1.671277968951552159e-02
1.796079999999999927e+03,1.667753175698337767e-02
1.796599999999999909e+03,1.664241916229337870e-02
1.797119999999999891e+03,1.660732602976123726e-02
1.797640000000000100e+03,1.657238736169123691e-02
1.798160000000000082e+03,1.653744902915909448e-02
1.798679999999999836e+03,1.650266528795694618e-02
1.799199999999999818e+03,1.646790067286694678e-02
1.799720000000000027e+03,1.643334818735480221e-02
1.800240000000000009e+03,1.639879620133480667e-02
1.800759999999999991e+03,1.636434112113266046e-02
1.801279999999999745e+03,1.632992395953051373e-02
1.801800000000000182e+03,1.629568142053051255e-02
1.802319999999999936e+03,1.626147685997836670e-02
1.802839999999999918e+03,1.622740816423836815e-02
1.803360000000000127e+03,1.619337787872622558e-02
1.803880000000000109e+03,1.615944409270622661e-02
1.804400000000000091e+03,1.612558765150408358e-02
1.804919999999999845e+03,1.609182788990193985e-02
1.805440000000000055e+03,1.605816485090193896e-02
1.805960000000000036e+03,1.602461721836979588e-02
1.806480000000000018e+03,1.599110888467979164e-02
1.807000000000000000e+03,1.595765822307764967e-02
1.807519999999999982e+03,1.592432438407765175e-02
1.808039999999999964e+03,1.589102855154550520e-02
1.808559999999999945e+03,1.585788678127335663e-02
1.809079999999999927e+03,1.582482284227336097e-02
1.809600000000000136e+03,1.579181700974121791e-02
1.810119999999999891e+03,1.575885007074121630e-02
1.810639999999999873e+03,1.572605625344906943e-02
1.811160000000000082e+03,1.569330141444906512e-02
1.811680000000000064e+03,1.566064338191692357e-02
1.812200000000000045e+03,1.562798566838478204e-02
1.812719999999999800e+03,1.559550182562478328e-02
1.813240000000000236e+03,1.556301800111263914e-02
1.813759999999999991e+03,1.553074581509264127e-02
1.814279999999999973e+03,1.549847407249049444e-02
1.814799999999999955e+03,1.546629970582049513e-02
1.815320000000000164e+03,1.543416337328834716e-02
1.815840000000000146e+03,1.540214398777620119e-02
1.816359999999999900e+03,1.537016274466620341e-02
1.816879999999999882e+03,1.533831623148406050e-02
1.817400000000000091e+03,1.530650844546406139e-02
1.817920000000000073e+03,1.527481725995191719e-02
1.818440000000000055e+03,1.524318381684191398e-02
1.818959999999999809e+03,1.521164693132977253e-02
1.819480000000000018e+03,1.518016797112762585e-02
1.820000000000000000e+03,1.514872890305762713e-02
1.820519999999999982e+03,1.511742418952547948e-02
1.821040000000000191e+03,1.508619640350548213e-02
1.821559999999999945e+03,1.505504649032333997e-02
1.822079999999999927e+03,1.502393523623333886e-02
1.822599999999999909e+03,1.499293962270119816e-02
1.823120000000000118e+03,1.496198323668119709e-02
1.823640000000000100e+03,1.493116152349905149e-02
1.824159999999999854e+03,1.490035956189690591e-02
1.824679999999999836e+03,1.486969299487690861e-02
1.825200000000000045e+03,1.483906480936476001e-02
1.825720000000000027e+03,1.480851449567475997e-02
1.826240000000000009e+03,1.477800285307262138e-02
1.826759999999999764e+03,1.474762646705262033e-02
1.827280000000000200e+03,1.471726918154047693e-02
1.827799999999999955e+03,1.468704703878047357e-02
1.828319999999999936e+03,1.465686362524833142e-02
1.828839999999999918e+03,1.462681559271618650e-02
1.829360000000000127e+03,1.459678735371618651e-02
1.829880000000000109e+03,1.456683611146404773e-02
1.830399999999999864e+03,1.453694319742404768e-02
1.830920000000000073e+03,1.450714681191190084e-02
1.831440000000000055e+03,1.447740822589190131e-02
1.831960000000000036e+03,1.444770928363975880e-02
1.832480000000000018e+03,1.441814456959975878e-02
1.833000000000000000e+03,1.438865778408761342e-02
1.833519999999999982e+03,1.435924789857546957e-02
1.834039999999999964e+03,1.432987661681546857e-02
1.834559999999999945e+03,1.430058330328332419e-02
1.835080000000000155e+03,1.427130961726332491e-02
1.835599999999999909e+03,1.424217113175118080e-02
1.836119999999999891e+03,1.421307128899117547e-02
1.836639999999999873e+03,1.418410617545902939e-02
1.837160000000000082e+03,1.415516068943902840e-02
1.837680000000000064e+03,1.412631217485688616e-02
1.838199999999999818e+03,1.409746453585688716e-02
1.838720000000000255e+03,1.406876994763474678e-02
1.839240000000000009e+03,1.404011446212260171e-02
1.839759999999999991e+03,1.401159414703260185e-02
1.840279999999999973e+03,1.398307436152045752e-02
1.840800000000000182e+03,1.395459371981045554e-02
1.841320000000000164e+03,1.392617143429830846e-02
1.841839999999999918e+03,1.389792236622830815e-02
1.842359999999999900e+03,1.386969223369616429e-02
1.842880000000000109e+03,1.384154063900616335e-02
1.843400000000000091e+03,1.381342660647401875e-02
1.843920000000000073e+03,1.378537203840402015e-02
1.844439999999999827e+03,1.375741280587187629e-02
1.844960000000000036e+03,1.372951301118187709e-02
1.845480000000000018e+03,1.370170892566973178e-02
1.846000000000000000e+03,1.367398136406758336e-02
1.846519999999999982e+03,1.364633192506758443e-02
1.847039999999999964e+03,1.361870186451544056e-02
1.847559999999999945e+03,1.359114989784544238e-02
1.848079999999999927e+03,1.356363643624330061e-02
1.848600000000000136e+03,1.353623929724329794e-02
1.849120000000000118e+03,1.350887998371115735e-02
1.849639999999999873e+03,1.348161817002115591e-02
1.850159999999999854e+03,1.345435635543900874e-02
1.850680000000000064e+03,1.342724836941901201e-02
1.851200000000000045e+03,1.340015998390686573e-02
1.851720000000000027e+03,1.337316854219686157e-02
1.852239999999999782e+03,1.334619672761471962e-02
1.852760000000000218e+03,1.331930318861472215e-02
1.853279999999999973e+03,1.329244715608257632e-02
1.853799999999999955e+03,1.326572658581043167e-02
1.854319999999999936e+03,1.323902519979043221e-02
1.854840000000000146e+03,1.321242131427828766e-02
1.855360000000000127e+03,1.318583602825829093e-02
1.855879999999999882e+03,1.315930998565614275e-02
1.856399999999999864e+03,1.313288031898614781e-02
1.856920000000000073e+03,1.310652738645400224e-02
1.857440000000000055e+03,1.308021384745399786e-02
1.857960000000000036e+03,1.305397695783185909e-02
1.858480000000000018e+03,1.302777949116185399e-02
1.859000000000000000e+03,1.300164015862971534e-02
1.859519999999999982e+03,1.297559701962971469e-02
1.860039999999999964e+03,1.294961227702756852e-02
1.860560000000000173e+03,1.292370446333756563e-02
1.861079999999999927e+03,1.289783537782542532e-02
1.861599999999999909e+03,1.287204419180542313e-02
1.862119999999999891e+03,1.284627304920327867e-02
1.862640000000000100e+03,1.282059796369113339e-02
1.863160000000000082e+03,1.279492285000113222e-02
1.863679999999999836e+03,1.276942166448898942e-02
1.864199999999999818e+03,1.274390182137899105e-02
1.864720000000000027e+03,1.271851623586684604e-02
1.865240000000000009e+03,1.269311202217684835e-02
1.865759999999999991e+03,1.266782393666470406e-02
1.866279999999999745e+03,1.264255576859470327e-02
1.866800000000000182e+03,1.261736480804255892e-02
1.867319999999999936e+03,1.259221274137255729e-02
1.867839999999999918e+03,1.256711830884041196e-02
1.868360000000000127e+03,1.254210144077041317e-02
1.868880000000000109e+03,1.251716212723826861e-02
1.869400000000000091e+03,1.249229974121826743e-02
1.869919999999999845e+03,1.246747652803612515e-02
1.870440000000000055e+03,1.244271111294612681e-02
1.870960000000000036e+03,1.241800399941398077e-02
1.871480000000000018e+03,1.239335509941397878e-02
1.872000000000000000e+03,1.236874463921183546e-02
1.872519999999999982e+03,1.234421230021183480e-02
1.873039999999999964e+03,1.231969881058969304e-02
1.873559999999999945e+03,1.229532077158969165e-02
1.874079999999999927e+03,1.227098073905754858e-02
1.874600000000000136e+03,1.224668057238754645e-02
1.875119999999999891e+03,1.222239962978540449e-02
1.875639999999999873e+03,1.219825344376540381e-02
1.876160000000000082e+03,1.217412735825326199e-02
1.876680000000000064e+03,1.215004044456326031e-02
1.877200000000000045e+03,1.212597262998111290e-02
1.877719999999999800e+03,1.210205946296111397e-02
1.878240000000000236e+03,1.207814563042896965e-02
1.878759999999999991e+03,1.205434859142896949e-02
1.879279999999999973e+03,1.203055130215682604e-02
1.879799999999999955e+03,1.200685123513682735e-02
1.880320000000000164e+03,1.198316994962468282e-02
1.880840000000000146e+03,1.195956706360468136e-02
1.881359999999999900e+03,1.193600182135253797e-02
1.881879999999999882e+03,1.191245736080039086e-02
1.882400000000000091e+03,1.188897092180039167e-02
1.882920000000000073e+03,1.186558063628824836e-02
1.883440000000000055e+03,1.184224812119825075e-02
1.883959999999999809e+03,1.181897394701610787e-02
1.884480000000000018e+03,1.179575753297610642e-02
1.885000000000000000e+03,1.177258034746395989e-02
1.885519999999999982e+03,1.174948087939396008e-02
1.886040000000000191e+03,1.172640031919181848e-02
1.886559999999999945e+03,1.170341645217181682e-02
1.887079999999999927e+03,1.168045201963967446e-02
1.887599999999999909e+03,1.165756565156967142e-02
1.888120000000000118e+03,1.163471781903752805e-02
1.888640000000000100e+03,1.161194752434752640e-02
1.889159999999999854e+03,1.158921513883538236e-02
1.889679999999999836e+03,1.156656065281538165e-02
1.890200000000000045e+03,1.154390663823323671e-02
1.890720000000000027e+03,1.152133002454323873e-02
1.891240000000000009e+03,1.149875341101109366e-02
1.891759999999999764e+03,1.147631287201109247e-02
1.892280000000000200e+03,1.145390931040895025e-02
1.892799999999999955e+03,1.143158491040894946e-02
1.893319999999999936e+03,1.140927866920680642e-02
1.893839999999999918e+03,1.138699358318680591e-02
1.894360000000000127e+03,1.136476526860466171e-02
1.894880000000000109e+03,1.134259578258466072e-02
1.895399999999999864e+03,1.132050314138251766e-02
1.895920000000000073e+03,1.129848830238251549e-02
1.896440000000000055e+03,1.127651128729251738e-02
1.896960000000000036e+03,1.125455490178037081e-02
1.897480000000000018e+03,1.123265631576037329e-02
1.898000000000000000e+03,1.121081547455823023e-02
1.898519999999999982e+03,1.118903330648822816e-02
1.899039999999999964e+03,1.116728967395608230e-02
1.899559999999999945e+03,1.114558543495608282e-02
1.900080000000000155e+03,1.112390011340393982e-02
1.900599999999999909e+03,1.110233054673393990e-02
1.901119999999999891e+03,1.108079983215179420e-02
1.901639999999999873e+03,1.105932744613179544e-02
1.902160000000000082e+03,1.103785506061964912e-02
1.902680000000000064e+03,1.101647961890965186e-02
1.903199999999999818e+03,1.099510420432751011e-02
1.903720000000000255e+03,1.097384576532750913e-02
1.904240000000000009e+03,1.095258613279536525e-02
1.904759999999999991e+03,1.093142416577536601e-02
1.905279999999999973e+03,1.091028057650321979e-02
1.905800000000000182e+03,1.088923473750321759e-02
1.906320000000000164e+03,1.086818859099107290e-02
1.906839999999999918e+03,1.084720070497107412e-02
1.907359999999999900e+03,1.082623239143893148e-02
1.907880000000000109e+03,1.080534144867893384e-02
1.908400000000000091e+03,1.078448926316678477e-02
1.908920000000000073e+03,1.076371482416678751e-02
1.909439999999999827e+03,1.074297786361464238e-02
1.909960000000000036e+03,1.072228126787464278e-02
1.910480000000000018e+03,1.070164218236249569e-02
1.911000000000000000e+03,1.068100359634249590e-02
1.911519999999999982e+03,1.066044191083035352e-02
1.912039999999999964e+03,1.063991940672035300e-02
1.912559999999999945e+03,1.061947429353820790e-02
1.913079999999999927e+03,1.059906775453820990e-02
1.913600000000000136e+03,1.057873842200606450e-02
1.914120000000000118e+03,1.055842885498606276e-02
1.914639999999999873e+03,1.053815813989606408e-02
1.915159999999999854e+03,1.051790702671391922e-02
1.915680000000000064e+03,1.049775278771391922e-02
1.916200000000000045e+03,1.047759785518177604e-02
1.916720000000000027e+03,1.045750285909177388e-02
1.917239999999999782e+03,1.043742617357963295e-02
1.917760000000000218e+03,1.041748469888963136e-02
1.918279999999999973e+03,1.039756231337748797e-02
1.918799999999999955e+03,1.037765997026748530e-02
1.919319999999999936e+03,1.035779638475534115e-02
1.919840000000000146e+03,1.033799141808534189e-02
1.920360000000000127e+03,1.031822448555319745e-02
1.920879999999999882e+03,1.029851654655319741e-02
1.921399999999999864e+03,1.027884605693105483e-02
1.921920000000000073e+03,1.025921601793105403e-02
1.922440000000000055e+03,1.023964294374891081e-02
1.922960000000000036e+03,1.022008995772890998e-02
1.923480000000000018e+03,1.020061381512676717e-02
1.924000000000000000e+03,1.018117677612676714e-02
1.924519999999999982e+03,1.016177824359462169e-02
1.925039999999999964e+03,1.014241907692462093e-02
1.925560000000000173e+03,1.012309879090462356e-02
1.926079999999999927e+03,1.010383574830247579e-02
1.926599999999999909e+03,1.008461280930247721e-02
1.927119999999999891e+03,1.006542741577033315e-02
1.927640000000000100e+03,1.004630094910033411e-02
1.928160000000000082e+03,1.002719373451818954e-02
1.928679999999999836e+03,1.000816392047818720e-02
1.929199999999999818e+03,9.989153234966042030e-03
1.929720000000000027e+03,9.970201348946043651e-03
1.930240000000000009e+03,9.951268506693901339e-03
1.930759999999999991e+03,9.932413439673900765e-03
1.931279999999999745e+03,9.913577346141753954e-03
1.931800000000000182e+03,9.894818807141754144e-03
1.932319999999999936e+03,9.876060421629610439e-03
1.932839999999999918e+03,9.857360778869610207e-03
1.933360000000000127e+03,9.838699711849613339e-03
1.933880000000000109e+03,9.820096279317468840e-03
1.934400000000000091e+03,9.801512640317467523e-03
1.934919999999999845e+03,9.782987398065321957e-03
1.935440000000000055e+03,9.764500451045319759e-03
1.935960000000000036e+03,9.746052637513175770e-03
1.936480000000000018e+03,9.727662998513174689e-03
1.937000000000000000e+03,9.709292265981031914e-03
1.937519999999999982e+03,9.690980470241033692e-03
1.938039999999999964e+03,9.672687609688890645e-03
1.938559999999999945e+03,9.654472370688890054e-03
1.939079999999999927e+03,9.636257285176745568e-03
1.939600000000000136e+03,9.618119638156745824e-03
1.940119999999999891e+03,9.599982742416746095e-03
1.940639999999999873e+03,9.581941528884601114e-03
1.941160000000000082e+03,9.563881742864601201e-03
1.941680000000000064e+03,9.545918957352456449e-03
1.942200000000000045e+03,9.527956489282457184e-03
1.942719999999999800e+03,9.510070229080314422e-03
1.943240000000000236e+03,9.492185201060314437e-03
1.943759999999999991e+03,9.474377368528168891e-03
1.944279999999999973e+03,9.456570229528168253e-03
1.944799999999999955e+03,9.438839614946025608e-03
1.945320000000000164e+03,9.421128601256023236e-03
1.945840000000000146e+03,9.403476734236025300e-03
1.946359999999999900e+03,9.385843148723881785e-03
1.946879999999999882e+03,9.368268372633881125e-03
1.947400000000000091e+03,9.350712687121735117e-03
1.947920000000000073e+03,9.333215245411731475e-03
1.948440000000000055e+03,9.315737459899589915e-03
1.948959999999999809e+03,9.298318320899591483e-03
1.949480000000000018e+03,9.280936659297444810e-03
1.950000000000000000e+03,9.263575320297446139e-03
1.950519999999999982e+03,9.246271918095301523e-03
1.951040000000000191e+03,9.229007732075300563e-03
1.951559999999999945e+03,9.211782064005302750e-03
1.952079999999999927e+03,9.194576178493157198e-03
1.952599999999999909e+03,9.177428092473157231e-03
1.953120000000000118e+03,9.160299551271011698e-03
1.953640000000000100e+03,9.143248351271010196e-03
1.954159999999999854e+03,9.126197389668869175e-03
1.954679999999999836e+03,9.109204950668869233e-03
1.955200000000000045e+03,9.092231418136724128e-03
1.955720000000000027e+03,9.075335423446725946e-03
1.956240000000000009e+03,9.058420884446725246e-03
1.956759999999999764e+03,9.041602122844581008e-03
1.957280000000000200e+03,9.024784622844580703e-03
1.957799999999999955e+03,9.008024537332437118e-03
1.958319999999999936e+03,8.991283995622436145e-03
1.958839999999999918e+03,8.974582681040290180e-03
1.959360000000000127e+03,8.957919942040291211e-03
1.959880000000000109e+03,8.941314809508146833e-03
1.960399999999999864e+03,8.924710909508144774e-03
1.960920000000000073e+03,8.908164395468147478e-03
1.961440000000000055e+03,8.891656553216003775e-03
1.961960000000000036e+03,8.875188314216004778e-03
1.962480000000000018e+03,8.858757581683859156e-03
1.963000000000000000e+03,8.842366714663860150e-03
1.963519999999999982e+03,8.825995168151714448e-03
1.964039999999999964e+03,8.809662225391713328e-03
1.964559999999999945e+03,8.793387639879570936e-03
1.965080000000000155e+03,8.777133000879571920e-03
1.965599999999999909e+03,8.760916686839570131e-03
1.966119999999999891e+03,8.744738601327425517e-03
1.966639999999999873e+03,8.728600044587427054e-03
1.967160000000000082e+03,8.712480412055280399e-03
1.967680000000000064e+03,8.696419773055283353e-03
1.968199999999999818e+03,8.680358912503138152e-03
1.968720000000000255e+03,8.664375144433137527e-03
1.969240000000000009e+03,8.648411131250992659e-03
1.969759999999999991e+03,8.632485884230992751e-03
1.970279999999999973e+03,8.616580545230992719e-03
1.970800000000000182e+03,8.600733131698847303e-03
1.971320000000000164e+03,8.584904816608847355e-03
1.971839999999999918e+03,8.569115703426704450e-03
1.972359999999999900e+03,8.553365203426704574e-03
1.972880000000000109e+03,8.537653670894561342e-03
1.973400000000000091e+03,8.521961903874558306e-03
1.973920000000000073e+03,8.506327935804559870e-03
1.974439999999999827e+03,8.490712875602416179e-03
1.974960000000000036e+03,8.475118636602415115e-03
1.975480000000000018e+03,8.459581390090271588e-03
1.976000000000000000e+03,8.444064176050270973e-03
1.976519999999999982e+03,8.428604761468127399e-03
1.977039999999999964e+03,8.413146222468127072e-03
1.977559999999999945e+03,8.397745108778126993e-03
1.978079999999999927e+03,8.382363662265985421e-03
1.978600000000000136e+03,8.367040448225983307e-03
1.979120000000000118e+03,8.351717233643838473e-03
1.979639999999999873e+03,8.336452694643838382e-03
1.980159999999999854e+03,8.321206534441693420e-03
1.980680000000000064e+03,8.306019434441693980e-03
1.981200000000000045e+03,8.290832738351695472e-03
1.981720000000000027e+03,8.275722305819549485e-03
1.982239999999999782e+03,8.260593966819548134e-03
1.982760000000000218e+03,8.245542653637404421e-03
1.983279999999999973e+03,8.230491367617406503e-03
1.983799999999999955e+03,8.215498364015262275e-03
1.984319999999999936e+03,8.200524825015263405e-03
1.984840000000000146e+03,8.185590138995262749e-03
1.985360000000000127e+03,8.170675025813116041e-03
1.985879999999999882e+03,8.155818086813117901e-03
1.986399999999999864e+03,8.140979536190973143e-03
1.986920000000000073e+03,8.126161797190972758e-03
1.987440000000000055e+03,8.111401511678830237e-03
1.987960000000000036e+03,8.096642225658829545e-03
1.988480000000000018e+03,8.081940558988830181e-03
1.989000000000000000e+03,8.067258183406684699e-03
1.989519999999999982e+03,8.052614969366685485e-03
1.990039999999999964e+03,8.038010483854541449e-03
1.990560000000000173e+03,8.023425444854539318e-03
1.991079999999999927e+03,8.008859784652395258e-03
1.991599999999999909e+03,7.994371755582395378e-03
1.992119999999999891e+03,7.979865088562394446e-03
1.992640000000000100e+03,7.965434656030251359e-03
1.993160000000000082e+03,7.950985817030251437e-03
1.993679999999999836e+03,7.936614503848107155e-03
1.994199999999999818e+03,7.922243227758106465e-03
1.994720000000000027e+03,7.907930060738107766e-03
1.995240000000000009e+03,7.893616228205961941e-03
1.995759999999999991e+03,7.879380989205961999e-03
1.996279999999999745e+03,7.865126842693819301e-03
1.996800000000000182e+03,7.850929899933816250e-03
1.997319999999999936e+03,7.836752586401674395e-03
1.997839999999999918e+03,7.822614847401673441e-03
1.998360000000000127e+03,7.808514961381675563e-03
1.998880000000000109e+03,7.794435214869529019e-03
1.999400000000000091e+03,7.780375319129531793e-03
1.999919999999999845e+03,7.766372558577384552e-03
2.000440000000000055e+03,7.752389619577386079e-03
2.000960000000000036e+03,7.738426780577386220e-03
2.001480000000000018e+03,7.724501987045240617e-03
2.002000000000000000e+03,7.710597418975242978e-03
2.002519999999999982e+03,7.696731177773095782e-03
2.003039999999999964e+03,7.682903691753095385e-03
2.003559999999999945e+03,7.669095845240951788e-03
2.004079999999999927e+03,7.655327006240951297e-03
2.004600000000000136e+03,7.641577391150950263e-03
2.005119999999999891e+03,7.627847377968807394e-03
2.005639999999999873e+03,7.614175510948805771e-03
2.006160000000000082e+03,7.600503517416663975e-03
2.006680000000000064e+03,7.586890478416664571e-03
2.007200000000000045e+03,7.573296010346663824e-03
2.007719999999999800e+03,7.559721477814519870e-03
2.008240000000000236e+03,7.546185322124519292e-03
2.008759999999999991e+03,7.532669436612374377e-03
2.009279999999999973e+03,7.519191750592374435e-03
2.009799999999999955e+03,7.505753236010231748e-03
2.010320000000000164e+03,7.492334197010232580e-03
2.010840000000000146e+03,7.478934394300235274e-03
2.011359999999999900e+03,7.465573308788087635e-03
2.011879999999999882e+03,7.452232169788089444e-03
2.012400000000000091e+03,7.438929008185942750e-03
2.012920000000000073e+03,7.425665808185944079e-03
2.013440000000000055e+03,7.412402541165944748e-03
2.013959999999999809e+03,7.399196880963799551e-03
2.014480000000000018e+03,7.385991941963799233e-03
2.015000000000000000e+03,7.372825866381654304e-03
2.015519999999999982e+03,7.359697980361654818e-03
2.016040000000000191e+03,7.346589541361654013e-03
2.016559999999999945e+03,7.333520400159510184e-03
2.017079999999999927e+03,7.320451314139509932e-03
2.017599999999999909e+03,7.307440538557367221e-03
2.018120000000000118e+03,7.294430099557366876e-03
2.018640000000000100e+03,7.281496560557366299e-03
2.019159999999999854e+03,7.268543200005221291e-03
2.019679999999999836e+03,7.255649372335220247e-03
2.020200000000000045e+03,7.242755186823076133e-03
2.020720000000000027e+03,7.229899671733077716e-03
2.021240000000000009e+03,7.217064132733076731e-03
2.021759999999999764e+03,7.204266958200933497e-03
2.022280000000000200e+03,7.191489372180933336e-03
2.022799999999999955e+03,7.178750958998787735e-03
2.023319999999999936e+03,7.166031490928787863e-03
2.023839999999999918e+03,7.153350943908788097e-03
2.024360000000000127e+03,7.140670858396644567e-03
2.024880000000000109e+03,7.128048891376644915e-03
2.025399999999999864e+03,7.115445331174499906e-03
2.025920000000000073e+03,7.102862602104499656e-03
2.026440000000000055e+03,7.090299463104497886e-03
2.026960000000000036e+03,7.077774330572354430e-03
2.027480000000000018e+03,7.065269463552356112e-03
2.028000000000000000e+03,7.052802517040211369e-03
2.028519999999999982e+03,7.040355574280212671e-03
2.029039999999999964e+03,7.027928135280211638e-03
2.029559999999999945e+03,7.015539549768067332e-03
2.030080000000000155e+03,7.003151002748067393e-03
2.030599999999999909e+03,6.990820189215922464e-03
2.031119999999999891e+03,6.978490221145924009e-03
2.031639999999999873e+03,6.966218207455922816e-03
2.032160000000000082e+03,6.953946260943780384e-03
2.032680000000000064e+03,6.941713321943778457e-03
2.033199999999999818e+03,6.929499261391635322e-03
2.033720000000000255e+03,6.917324622391633759e-03
2.034240000000000009e+03,6.905149965651635226e-03
2.034759999999999991e+03,6.893032933119489988e-03
2.035279999999999973e+03,6.880917094119487661e-03
2.035800000000000182e+03,6.868839608607344924e-03
2.036320000000000164e+03,6.856781580587346589e-03
2.036839999999999918e+03,6.844743265497346685e-03
2.037359999999999900e+03,6.832743152315200012e-03
2.037880000000000109e+03,6.820763513315199894e-03
2.038400000000000091e+03,6.808802319783056889e-03
2.038920000000000073e+03,6.796880952763054151e-03
2.039439999999999827e+03,6.784978684693054526e-03
2.039960000000000036e+03,6.773095352160909619e-03
2.040480000000000018e+03,6.761250924490911675e-03
2.041000000000000000e+03,6.749407985490911768e-03
2.041519999999999982e+03,6.737621652958766978e-03
2.042039999999999964e+03,6.725836024938766124e-03
2.042559999999999945e+03,6.714089210356624822e-03
2.043079999999999927e+03,6.702342424336624020e-03
2.043600000000000136e+03,6.690654257666624020e-03
2.044120000000000118e+03,6.678965811154478037e-03
2.044639999999999873e+03,6.667315997114476971e-03
2.045159999999999854e+03,6.655666682532334656e-03
2.045680000000000064e+03,6.644076043532334483e-03
2.046200000000000045e+03,6.632484915862334879e-03
2.046720000000000027e+03,6.620951883330191030e-03
2.047239999999999782e+03,6.609399944330191477e-03
2.047760000000000218e+03,6.597906248240190293e-03
2.048280000000000200e+03,6.586411954708046475e-03
2.048800000000000182e+03,6.574957515708045909e-03
2.049319999999999709e+03,6.563521802525901748e-03
2.049840000000000146e+03,6.552105755505901671e-03
2.050360000000000127e+03,6.540728716505900611e-03
2.050880000000000109e+03,6.529351773903757997e-03
2.051399999999999636e+03,6.518013587883757752e-03
2.051920000000000073e+03,6.506695041371612573e-03
2.052440000000000055e+03,6.495415474701613130e-03
2.052960000000000036e+03,6.484154688681613259e-03
2.053480000000000018e+03,6.472894385079469050e-03
2.054000000000000000e+03,6.461673146079469944e-03
2.054519999999999982e+03,6.450490607079468856e-03
2.055039999999999964e+03,6.439308374547323202e-03
2.055559999999999945e+03,6.428165046877326247e-03
2.056079999999999927e+03,6.417021361365181017e-03
2.056599999999999909e+03,6.405916818255181708e-03
2.057119999999999891e+03,6.394832279255180212e-03
2.057640000000000327e+03,6.383785632743035378e-03
2.058159999999999854e+03,6.372738946723035224e-03
2.058679999999999836e+03,6.361751033540891977e-03
2.059199999999999818e+03,6.350743904470892119e-03
2.059720000000000255e+03,6.339794690430891437e-03
2.060239999999999782e+03,6.328826904918747644e-03
2.060759999999999764e+03,6.317917265918746375e-03
2.061279999999999745e+03,6.307026765918747994e-03
2.061800000000000182e+03,6.296155605716603938e-03
2.062320000000000164e+03,6.285303709626603036e-03
2.062840000000000146e+03,6.274471663114459391e-03
2.063360000000000127e+03,6.263658677094458699e-03
2.063880000000000109e+03,6.252885238094458772e-03
2.064400000000000091e+03,6.242111991582315229e-03
2.064920000000000073e+03,6.231377348822314532e-03
2.065440000000000055e+03,6.220662181802314589e-03
2.065960000000000036e+03,6.209966296290170273e-03
2.066480000000000018e+03,6.199290049270170938e-03
2.067000000000000000e+03,6.188651963758027251e-03
2.067519999999999982e+03,6.178015224758025802e-03
2.068039999999999964e+03,6.167416668018026529e-03
2.068559999999999945e+03,6.156837007465882153e-03
2.069079999999999927e+03,6.146258568465881068e-03
2.069599999999999909e+03,6.135737929465882347e-03
2.070119999999999891e+03,6.125217135933737865e-03
2.070639999999999873e+03,6.114716067863737274e-03
2.071160000000000309e+03,6.104234254681594439e-03
2.071680000000000291e+03,6.093791679641593316e-03
2.072199999999999818e+03,6.083348940641592970e-03
2.072719999999999800e+03,6.072945055129449349e-03
2.073240000000000236e+03,6.062560655129448778e-03
2.073760000000000218e+03,6.052195940039448857e-03
2.074279999999999745e+03,6.041850798837304116e-03
2.074799999999999727e+03,6.031525159837304237e-03
2.075320000000000164e+03,6.021218312817303367e-03
2.075840000000000146e+03,6.010950627305161088e-03
2.076360000000000127e+03,6.000683788305161311e-03
2.076880000000000109e+03,5.990454965703016776e-03
2.077400000000000091e+03,5.980226771013015530e-03
2.077920000000000073e+03,5.970037332013016992e-03
2.078440000000000055e+03,5.959866685500871640e-03
2.078960000000000036e+03,5.949696999480870441e-03
2.079480000000000018e+03,5.939565831410873256e-03
2.080000000000000000e+03,5.929453945898726860e-03
2.080519999999999982e+03,5.919361643188727692e-03
2.081039999999999964e+03,5.909289457676583993e-03
2.081559999999999945e+03,5.899255318676584203e-03
2.082079999999999927e+03,5.889221871656582889e-03
2.082599999999999909e+03,5.879207457074439938e-03
2.083119999999999891e+03,5.869213018074439375e-03
2.083639999999999873e+03,5.859257262384438489e-03
2.084159999999999854e+03,5.849300829852294506e-03
2.084679999999999836e+03,5.839384290852294920e-03
2.085200000000000273e+03,5.829467790852293878e-03
2.085720000000000255e+03,5.819589229250150125e-03
2.086239999999999782e+03,5.809711890250150029e-03
2.086759999999999764e+03,5.799872415718006213e-03
2.087280000000000200e+03,5.790052502028006365e-03
2.087800000000000182e+03,5.780233963028006371e-03
2.088319999999999709e+03,5.770452748445861410e-03
2.088839999999999691e+03,5.760692048445861455e-03
2.089360000000000127e+03,5.750950062425861688e-03
2.089880000000000109e+03,5.741209048893717790e-03
2.090400000000000091e+03,5.731506621223717360e-03
2.090920000000000073e+03,5.721842535203717703e-03
2.091440000000000055e+03,5.712178420621573209e-03
2.091960000000000036e+03,5.702515720621572845e-03
2.092480000000000018e+03,5.692891181621572219e-03
2.093000000000000000e+03,5.683285521069429518e-03
2.093519999999999982e+03,5.673700193399430422e-03
2.094039999999999964e+03,5.664133607887285662e-03
2.094559999999999945e+03,5.654586592797285725e-03
2.095079999999999927e+03,5.645040492797285224e-03
2.095599999999999909e+03,5.635551807285141442e-03
2.096119999999999891e+03,5.626044840265139770e-03
2.096639999999999873e+03,5.616594865575140136e-03
2.097159999999999854e+03,5.607126280062994968e-03
2.097679999999999836e+03,5.597715811992995047e-03
2.098199999999999818e+03,5.588285964972995734e-03
2.098720000000000255e+03,5.578895279460851543e-03
2.099240000000000236e+03,5.569524012440852344e-03
2.099760000000000218e+03,5.560172065420852273e-03
2.100279999999999745e+03,5.550820052238706996e-03
2.100800000000000182e+03,5.541507084168706930e-03
2.101320000000000164e+03,5.532213437656563135e-03
2.101840000000000146e+03,5.522939351636562029e-03
2.102359999999999673e+03,5.513666084616562421e-03
2.102880000000000109e+03,5.504430738104418123e-03
2.103400000000000091e+03,5.495214924414419146e-03
2.103920000000000073e+03,5.485999956344418671e-03
2.104440000000000055e+03,5.476823409832274475e-03
2.104960000000000036e+03,5.467647170832275368e-03
2.105480000000000018e+03,5.458509256792273487e-03
2.106000000000000000e+03,5.449371910280129648e-03
2.106519999999999982e+03,5.440273014540129327e-03
2.107039999999999964e+03,5.431155228520129045e-03
2.107559999999999945e+03,5.422095782007984449e-03
2.108079999999999927e+03,5.413036643007984941e-03
2.108600000000000364e+03,5.403996575987984191e-03
2.109119999999999891e+03,5.394975482455839806e-03
2.109639999999999873e+03,5.385975114385840520e-03
2.110159999999999854e+03,5.376993001203696047e-03
2.110680000000000291e+03,5.368030554183695659e-03
2.111199999999999818e+03,5.359068915183696873e-03
2.111719999999999800e+03,5.350146101651551828e-03
2.112239999999999782e+03,5.341242301651552213e-03
2.112760000000000218e+03,5.332357686561552644e-03
2.113280000000000200e+03,5.323473573379408630e-03
2.113800000000000182e+03,5.314609473379408242e-03
2.114319999999999709e+03,5.305764587359407779e-03
2.114840000000000146e+03,5.296957901847264109e-03
2.115360000000000127e+03,5.288132973827264563e-03
2.115880000000000109e+03,5.279365305757264398e-03
2.116399999999999636e+03,5.270597973225120414e-03
2.116920000000000073e+03,5.261850445555119916e-03
2.117440000000000055e+03,5.253103406555119717e-03
2.117960000000000036e+03,5.244394374022975230e-03
2.118480000000000018e+03,5.235686046002975547e-03
2.119000000000000000e+03,5.226996777932974361e-03
2.119519999999999982e+03,5.218346392420831516e-03
2.120039999999999964e+03,5.209696517730831068e-03
2.120559999999999945e+03,5.201066078730830732e-03
2.121079999999999927e+03,5.192454932218686786e-03
2.121599999999999909e+03,5.183863165198688422e-03
2.122119999999999891e+03,5.175271550108686419e-03
2.122640000000000327e+03,5.166718703596541971e-03
2.123159999999999854e+03,5.158166164596541745e-03
2.123679999999999836e+03,5.149652104394397863e-03
2.124199999999999818e+03,5.141138304394397666e-03
2.124720000000000255e+03,5.132663637374397167e-03
2.125239999999999782e+03,5.124169522792251796e-03
2.125759999999999764e+03,5.115733775772252773e-03
2.126279999999999745e+03,5.107278736772251533e-03
2.126800000000000182e+03,5.098862523590108782e-03
2.127320000000000164e+03,5.090446876570109240e-03
2.127840000000000146e+03,5.082050637570108970e-03
2.128360000000000127e+03,5.073692224037963834e-03
2.128880000000000109e+03,5.065334694967965450e-03
2.129400000000000091e+03,5.056996408947965135e-03
2.129920000000000073e+03,5.048658662435820746e-03
2.130440000000000055e+03,5.040359395765820621e-03
2.130960000000000036e+03,5.032060156765820469e-03
2.131480000000000018e+03,5.023799435213675661e-03
2.132000000000000000e+03,5.015539367143675986e-03
2.132519999999999982e+03,5.007298928143675935e-03
2.133039999999999964e+03,4.999058334611532727e-03
2.133559999999999945e+03,4.990857095611533033e-03
2.134079999999999927e+03,4.982655828941533367e-03
2.134599999999999909e+03,4.974492454409388219e-03
2.135119999999999891e+03,4.966329539319388857e-03
2.135639999999999873e+03,4.958187139319388675e-03
2.136160000000000309e+03,4.950043853807244848e-03
2.136680000000000291e+03,4.941939767787244600e-03
2.137199999999999818e+03,4.933855140117243340e-03
2.137719999999999800e+03,4.925770654605099615e-03
2.138240000000000236e+03,4.917706058515098136e-03
2.138760000000000218e+03,4.909660311495099398e-03
2.139279999999999745e+03,4.901614525982954558e-03
2.139799999999999727e+03,4.893608286982954574e-03
2.140320000000000164e+03,4.885602086982954867e-03
2.140840000000000146e+03,4.877614726780810615e-03
2.141360000000000127e+03,4.869647169690811267e-03
2.141880000000000109e+03,4.861699230690810780e-03
2.142400000000000091e+03,4.853770198158665131e-03
2.142920000000000073e+03,4.845841898158666401e-03
2.143440000000000055e+03,4.837933659158666008e-03
2.143960000000000036e+03,4.830044173646521125e-03
2.144480000000000018e+03,4.822173769886521633e-03
2.145000000000000000e+03,4.814322802866521749e-03
2.145519999999999982e+03,4.806472556354378367e-03
2.146039999999999964e+03,4.798642217354377217e-03
2.146559999999999945e+03,4.790849731334377408e-03
2.147079999999999927e+03,4.783038684822233516e-03
2.147599999999999909e+03,4.775266118152233889e-03
2.148119999999999891e+03,4.767474575042233292e-03
2.148639999999999873e+03,4.759740428530089169e-03
2.149159999999999854e+03,4.752007089530089004e-03
2.149679999999999836e+03,4.744293389530088861e-03
2.150200000000000273e+03,4.736578956997944401e-03
2.150720000000000255e+03,4.728885317997945197e-03
2.151239999999999782e+03,4.721210261257944955e-03
2.151759999999999764e+03,4.713554947725800623e-03
2.152280000000000200e+03,4.705899661705801630e-03
2.152800000000000182e+03,4.698283461705801342e-03
2.153319999999999709e+03,4.690666876193656278e-03
2.153839999999999691e+03,4.683070276193656602e-03
2.154360000000000127e+03,4.675473761103656964e-03
2.154880000000000109e+03,4.667915419901511910e-03
2.155400000000000091e+03,4.660358019901511724e-03
2.155920000000000073e+03,4.652819833881512331e-03
2.156440000000000055e+03,4.645281648369367980e-03
2.156960000000000036e+03,4.637763448369368151e-03
2.157480000000000018e+03,4.630283409369368060e-03
2.158000000000000000e+03,4.622784086767224056e-03
2.158519999999999982e+03,4.615323592077224223e-03
2.159039999999999964e+03,4.607882753077223621e-03
2.159559999999999945e+03,4.600442606565080007e-03
2.160079999999999927e+03,4.593002420545080206e-03
2.160599999999999909e+03,4.585600820545079372e-03
2.161119999999999891e+03,4.578199152475079248e-03
2.161639999999999873e+03,4.570817266962934854e-03
2.162159999999999854e+03,4.563454464252935348e-03
2.162679999999999836e+03,4.556111625252935206e-03
2.163199999999999818e+03,4.548768439740791432e-03
2.163720000000000255e+03,4.541444892720791771e-03
2.164240000000000236e+03,4.534140753720790513e-03
2.164760000000000218e+03,4.526855878138645768e-03
2.165279999999999745e+03,4.519571811118646212e-03
2.165800000000000182e+03,4.512306497428645799e-03
2.166320000000000164e+03,4.505041750916501282e-03
2.166840000000000146e+03,4.497816011916500739e-03
2.167359999999999673e+03,4.490590311916502209e-03
2.167880000000000109e+03,4.483364350314356615e-03
2.168400000000000091e+03,4.476177311314355825e-03
2.168920000000000073e+03,4.468990783294356402e-03
2.169440000000000055e+03,4.461822970112212620e-03
2.169960000000000036e+03,4.454675323092212660e-03
2.170480000000000018e+03,4.447527984092213699e-03
2.171000000000000000e+03,4.440399398580068512e-03
2.171519999999999982e+03,4.433290769510068834e-03
2.172039999999999964e+03,4.426201383490068961e-03
2.172559999999999945e+03,4.419112008957924026e-03
2.173079999999999927e+03,4.412042542287925202e-03
2.173600000000000364e+03,4.404992203287924624e-03
2.174119999999999891e+03,4.397942056267924518e-03
2.174639999999999873e+03,4.390911441685779910e-03
2.175159999999999854e+03,4.383881241685779959e-03
2.175680000000000291e+03,4.376889355665779940e-03
2.176199999999999818e+03,4.369897442133636317e-03
2.176719999999999800e+03,4.362925514463636759e-03
2.177239999999999782e+03,4.355954075463635763e-03
2.177760000000000218e+03,4.349020181931491889e-03
2.178280000000000200e+03,4.342068313861492494e-03
2.178800000000000182e+03,4.335154674861492127e-03
2.179319999999999709e+03,4.328241200329346894e-03
2.179840000000000146e+03,4.321347314309347334e-03
2.180360000000000127e+03,4.314453786639346755e-03
2.180880000000000109e+03,4.307598601127202859e-03
2.181399999999999636e+03,4.300743733057202714e-03
2.181920000000000073e+03,4.293889086037203789e-03
2.182440000000000055e+03,4.287054000525058507e-03
2.182960000000000036e+03,4.280238372505059362e-03
2.183480000000000018e+03,4.273441833505059462e-03
2.184000000000000000e+03,4.266645419815060652e-03
2.184519999999999982e+03,4.259887773302915154e-03
2.185039999999999964e+03,4.253111305232914856e-03
2.185559999999999945e+03,4.246373605232914468e-03
2.186079999999999927e+03,4.239616572700769491e-03
2.186599999999999909e+03,4.232898444680770200e-03
2.187119999999999891e+03,4.226180305680770147e-03
2.187640000000000327e+03,4.219481392498626235e-03
2.188159999999999854e+03,4.212802145478625540e-03
2.188679999999999836e+03,4.206123677408625701e-03
2.189199999999999818e+03,4.199464030896481528e-03
2.189720000000000255e+03,4.192823791896481585e-03
2.190239999999999782e+03,4.186183677856481454e-03
2.190759999999999764e+03,4.179544131344337630e-03
2.191279999999999745e+03,4.172943092344337176e-03
2.191800000000000182e+03,4.166342535604336886e-03
2.192320000000000164e+03,4.159760749584336635e-03
2.192840000000000146e+03,4.153179464072192899e-03
2.193360000000000127e+03,4.146636764072193088e-03
2.193880000000000109e+03,4.140075397052193212e-03
2.194400000000000091e+03,4.133552103520049710e-03
2.194920000000000073e+03,4.127029964520047972e-03
2.195440000000000055e+03,4.120526407780048667e-03
2.195960000000000036e+03,4.114023522267905644e-03
2.196480000000000018e+03,4.107539236247905248e-03
2.197000000000000000e+03,4.101055836247904408e-03
2.197519999999999982e+03,4.094591622715759889e-03
2.198039999999999964e+03,4.088147075695760732e-03
2.198559999999999945e+03,4.081721936695759979e-03
2.199079999999999927e+03,4.075277679955759645e-03
2.199599999999999909e+03,4.068871794443615873e-03
2.200119999999999891e+03,4.062485508423615069e-03
2.200639999999999873e+03,4.056099608423614951e-03
2.201160000000000309e+03,4.049713794891471146e-03
2.201680000000000291e+03,4.043347994891471377e-03
2.202199999999999818e+03,4.037000408871471192e-03
2.202719999999999800e+03,4.030672894289328255e-03
2.203240000000000236e+03,4.024326666619328259e-03
2.203760000000000218e+03,4.018018627619327106e-03
2.204279999999999745e+03,4.011710780599328161e-03
2.204799999999999727e+03,4.005441567067183350e-03
2.205320000000000164e+03,3.999153667067183691e-03
2.205840000000000146e+03,3.992885298997183620e-03
2.206360000000000127e+03,3.986636213485038674e-03
2.206880000000000109e+03,3.980386638795039254e-03
2.207400000000000091e+03,3.974156999795039683e-03
2.207920000000000073e+03,3.967927553282895627e-03
2.208440000000000055e+03,3.961717486262895417e-03
2.208960000000000036e+03,3.955526739242894337e-03
2.209480000000000018e+03,3.949355871172894987e-03
2.210000000000000000e+03,3.943165585660750143e-03
2.210519999999999982e+03,3.937013857990750119e-03
2.211039999999999964e+03,3.930862771970750590e-03
2.211559999999999945e+03,3.924730325458606651e-03
2.212079999999999927e+03,3.918598658438605421e-03
2.212599999999999909e+03,3.912486658438605464e-03
2.213119999999999891e+03,3.906373896836461308e-03
2.213639999999999873e+03,3.900280957836460647e-03
2.214159999999999854e+03,3.894207657836460442e-03
2.214679999999999836e+03,3.888135291166461196e-03
2.215200000000000273e+03,3.882080897634317129e-03
2.215720000000000255e+03,3.876046758634317437e-03
2.216239999999999782e+03,3.869993530614317633e-03
2.216759999999999764e+03,3.863978616032173307e-03
2.217280000000000200e+03,3.857963769012172795e-03
2.217800000000000182e+03,3.851969330012173197e-03
2.218319999999999709e+03,3.845974016830028524e-03
2.218839999999999691e+03,3.839998216830028174e-03
2.219360000000000127e+03,3.834042130810028787e-03
2.219880000000000109e+03,3.828086402790028403e-03
2.220400000000000091e+03,3.822130288207883746e-03
2.220920000000000073e+03,3.816213788207883668e-03
2.221440000000000055e+03,3.810277302187884459e-03
2.221960000000000036e+03,3.804360416675740472e-03
2.222480000000000018e+03,3.798462989005740430e-03
2.223000000000000000e+03,3.792585650005740865e-03
2.223519999999999982e+03,3.786707128453596118e-03
2.224039999999999964e+03,3.780829760383596239e-03
2.224559999999999945e+03,3.774991160383595404e-03
2.225079999999999927e+03,3.769133421383596017e-03
2.225599999999999909e+03,3.763313227851451583e-03
2.226119999999999891e+03,3.757475061181450669e-03
2.226639999999999873e+03,3.751675622181451647e-03
2.227159999999999854e+03,3.745856747649307147e-03
2.227679999999999836e+03,3.740076532559307148e-03
2.228199999999999818e+03,3.734296732559307282e-03
2.228720000000000255e+03,3.728536493559306015e-03
2.229240000000000236e+03,3.722775947047162696e-03
2.229760000000000218e+03,3.717035308047162909e-03
2.230279999999999745e+03,3.711294333357163019e-03
2.230800000000000182e+03,3.705572947845018044e-03
2.231320000000000164e+03,3.699851851755019475e-03
2.231840000000000146e+03,3.694150451755019455e-03
2.232359999999999673e+03,3.688448665735017881e-03
2.232880000000000109e+03,3.682766519222874409e-03
2.233400000000000091e+03,3.677084680222873856e-03
2.233920000000000073e+03,3.671422480222874193e-03
2.234440000000000055e+03,3.665778620020729815e-03
2.234960000000000036e+03,3.660135462930729465e-03
2.235480000000000018e+03,3.654511923930729711e-03
2.236000000000000000e+03,3.648888577418585907e-03
2.236519999999999982e+03,3.643284291398585055e-03
2.237039999999999964e+03,3.637680852398585650e-03
2.237559999999999945e+03,3.632096552398585664e-03
2.238079999999999927e+03,3.626511866886441768e-03
2.238600000000000364e+03,3.620946792196441145e-03
2.239119999999999891e+03,3.615382496106441402e-03
2.239639999999999873e+03,3.609837049594296406e-03
2.240159999999999854e+03,3.604292410594296669e-03
2.240680000000000291e+03,3.598786010594297227e-03
2.241199999999999818e+03,3.593260124574296655e-03
2.241719999999999800e+03,3.587753878062152017e-03
2.242239999999999782e+03,3.582247911392151627e-03
2.242760000000000218e+03,3.576780615302151134e-03
2.243280000000000200e+03,3.571294121770007737e-03
2.243800000000000182e+03,3.565827382770007676e-03
2.244319999999999709e+03,3.560379782770007901e-03
2.244840000000000146e+03,3.554932643770007585e-03
2.245360000000000127e+03,3.549485350237862376e-03
2.245880000000000109e+03,3.544057811237863974e-03
2.246399999999999636e+03,3.538649326477863455e-03
2.246920000000000073e+03,3.533241040965718564e-03
2.247440000000000055e+03,3.527851893945719349e-03
2.247960000000000036e+03,3.522463554945719135e-03
2.248480000000000018e+03,3.517094354945718340e-03
2.249000000000000000e+03,3.511725269433575540e-03
2.249519999999999982e+03,3.506375630433575512e-03
2.250039999999999964e+03,3.501026154343575211e-03
2.250559999999999945e+03,3.495695713141431377e-03
2.251079999999999927e+03,3.490365713141431372e-03
2.251599999999999909e+03,3.485036674141431430e-03
2.252119999999999891e+03,3.479725927121430761e-03
2.252640000000000327e+03,3.474434741609286337e-03
2.253159999999999854e+03,3.469163041609287131e-03
2.253679999999999836e+03,3.463873202609286245e-03
2.254199999999999818e+03,3.458601626519286053e-03
2.254720000000000255e+03,3.453349585317142499e-03
2.255239999999999782e+03,3.448097985317141907e-03
2.255759999999999764e+03,3.442865946317141216e-03
2.256279999999999745e+03,3.437633560804998628e-03
2.256800000000000182e+03,3.432420813784997984e-03
2.257320000000000164e+03,3.427208374784997038e-03
2.257840000000000146e+03,3.422015045714997799e-03
2.258360000000000127e+03,3.416821832182853451e-03
2.258880000000000109e+03,3.411629157492854052e-03
2.259400000000000091e+03,3.406475018492852603e-03
2.259920000000000073e+03,3.401301971980708397e-03
2.260440000000000055e+03,3.396148332980708853e-03
2.260960000000000036e+03,3.391013985960708490e-03
2.261480000000000018e+03,3.385879917890709245e-03
2.262000000000000000e+03,3.380745571378565226e-03
2.262519999999999982e+03,3.375631104358564789e-03
2.263039999999999964e+03,3.370535776688564616e-03
2.263559999999999945e+03,3.365439744156420530e-03
2.264079999999999927e+03,3.360344944156420932e-03
2.264599999999999909e+03,3.355269705156420802e-03
2.265119999999999891e+03,3.350194505156420515e-03
2.265639999999999873e+03,3.345137643554276039e-03
2.266160000000000309e+03,3.340082004554275653e-03
2.266680000000000291e+03,3.335045976534276209e-03
2.267199999999999818e+03,3.330009409864276727e-03
2.267719999999999800e+03,3.324992316332132502e-03
2.268240000000000236e+03,3.319975377332131869e-03
2.268760000000000218e+03,3.314978577332131863e-03
2.269279999999999745e+03,3.309981362749987201e-03
2.269799999999999727e+03,3.304984562749987195e-03
2.270320000000000164e+03,3.300006448709987862e-03
2.270840000000000146e+03,3.295048348709988043e-03
2.271360000000000127e+03,3.290089835527844342e-03
2.271880000000000109e+03,3.285132235527844259e-03
2.272400000000000091e+03,3.280193349507844365e-03
2.272920000000000073e+03,3.275274449507844035e-03
2.273440000000000055e+03,3.270355134925699916e-03
2.273960000000000036e+03,3.265436734925699323e-03
2.274480000000000018e+03,3.260537367905699379e-03
2.275000000000000000e+03,3.255637874373554924e-03
2.275519999999999982e+03,3.250739007703555127e-03
2.276039999999999964e+03,3.245859307703555154e-03
2.276559999999999945e+03,3.240999168703555082e-03
2.277079999999999927e+03,3.236119275171410806e-03
2.277599999999999909e+03,3.231278707101410599e-03
2.278119999999999891e+03,3.226438168101410705e-03
2.278639999999999873e+03,3.221597640081409405e-03
2.279159999999999854e+03,3.216776007549266517e-03
2.279679999999999836e+03,3.211955579879266845e-03
2.280200000000000273e+03,3.207154240879266441e-03
2.280720000000000255e+03,3.202352594367122249e-03
2.281239999999999782e+03,3.197570326297121974e-03
2.281759999999999764e+03,3.192788779277122221e-03
2.282280000000000200e+03,3.188007040277122429e-03
2.282800000000000182e+03,3.183244565744977345e-03
2.283319999999999709e+03,3.178482926744977469e-03
2.283839999999999691e+03,3.173739552054977327e-03
2.284360000000000127e+03,3.168997013054977458e-03
2.284880000000000109e+03,3.164254666542833539e-03
2.285400000000000091e+03,3.159550798472833544e-03
2.285920000000000073e+03,3.154827898472833264e-03
2.286440000000000055e+03,3.150123865940689279e-03
2.286960000000000036e+03,3.145421037920688966e-03
2.287480000000000018e+03,3.140737298920689199e-03
2.288000000000000000e+03,3.136053598920688842e-03
2.288519999999999982e+03,3.131388238718544204e-03
2.289039999999999964e+03,3.126724138718544460e-03
2.289559999999999945e+03,3.122079570648544303e-03
2.290079999999999927e+03,3.117435070648544304e-03
2.290599999999999909e+03,3.112790185136399962e-03
2.291119999999999891e+03,3.108145810096399776e-03
2.291639999999999873e+03,3.103539971096400552e-03
2.292159999999999854e+03,3.098934171096400306e-03
2.292679999999999836e+03,3.094328957914256086e-03
2.293199999999999818e+03,3.089723281824256589e-03
2.293720000000000255e+03,3.085137542824256413e-03
2.294240000000000236e+03,3.080551496312112451e-03
2.294760000000000218e+03,3.075985357312111586e-03
2.295279999999999745e+03,3.071419229292111919e-03
2.295800000000000182e+03,3.066872343272112125e-03
2.296320000000000164e+03,3.062324996759967916e-03
2.296840000000000146e+03,3.057778957759967834e-03
2.297359999999999673e+03,3.053251501019967583e-03
2.297880000000000109e+03,3.048724562019967943e-03
2.298400000000000091e+03,3.044216568487823418e-03
2.298920000000000073e+03,3.039708729487823353e-03
2.299440000000000055e+03,3.035201901467823090e-03
2.299960000000000036e+03,3.030713662467822769e-03
2.300480000000000018e+03,3.026225768935678594e-03
2.301000000000000000e+03,3.021757129935678885e-03
2.301519999999999982e+03,3.017289473195678643e-03
2.302039999999999964e+03,3.012840087683534614e-03
2.302559999999999945e+03,3.008391587683534232e-03
2.303079999999999927e+03,3.003942201663534727e-03
2.303600000000000364e+03,2.999513273643534574e-03
2.304119999999999891e+03,2.995083988131390460e-03
2.304639999999999873e+03,2.990674188131390264e-03
2.305159999999999854e+03,2.986245402111390845e-03
2.305680000000000291e+03,2.981855145371390542e-03
2.306199999999999818e+03,2.977445959859246344e-03
2.306719999999999800e+03,2.973075359859246505e-03
2.307239999999999782e+03,2.968685620859246813e-03
2.307760000000000218e+03,2.964315145819245920e-03
2.308280000000000200e+03,2.959944660307101041e-03
2.308800000000000182e+03,2.955594160307101551e-03
2.309319999999999709e+03,2.951243121307101612e-03
2.309840000000000146e+03,2.946912192237101553e-03
2.310360000000000127e+03,2.942580532034957518e-03
2.310880000000000109e+03,2.938249632034957773e-03
2.311399999999999636e+03,2.933918693034957750e-03
2.311920000000000073e+03,2.929626493034957757e-03
2.312440000000000055e+03,2.925314432482813490e-03
2.312960000000000036e+03,2.921022732482813234e-03
2.313480000000000018e+03,2.916730993482813134e-03
2.314000000000000000e+03,2.912458517900669546e-03
2.314519999999999982e+03,2.908185878900669021e-03
2.315039999999999964e+03,2.903913404210669430e-03
2.315559999999999945e+03,2.899660865210668820e-03
2.316079999999999927e+03,2.895408018698524422e-03
2.316599999999999909e+03,2.891175051678524909e-03
2.317119999999999891e+03,2.886941651678524151e-03
2.317640000000000327e+03,2.882708365658524612e-03
2.318159999999999854e+03,2.878494690076380258e-03
2.318679999999999836e+03,2.874281351076380438e-03
2.319199999999999818e+03,2.870068023406380057e-03
2.319720000000000255e+03,2.865873937386380441e-03
2.320239999999999782e+03,2.861679890874235278e-03
2.320759999999999764e+03,2.857505723854235867e-03
2.321279999999999745e+03,2.853331123854236078e-03
2.321800000000000182e+03,2.849157523854235763e-03
2.322320000000000164e+03,2.845001762252091521e-03
2.322840000000000146e+03,2.840847262252091648e-03
2.323360000000000127e+03,2.836693223252091667e-03
2.323880000000000109e+03,2.832557795582091396e-03
2.324400000000000091e+03,2.828441610069947366e-03
2.324920000000000073e+03,2.824306863049947432e-03
2.325440000000000055e+03,2.820191496029947256e-03
2.325960000000000036e+03,2.816076196029947305e-03
2.326480000000000018e+03,2.811979581447803141e-03
2.327000000000000000e+03,2.807884381447803106e-03
2.327519999999999982e+03,2.803807395427802655e-03
2.328039999999999964e+03,2.799712195427803054e-03
2.328559999999999945e+03,2.795654782245658720e-03
2.329079999999999927e+03,2.791578682245658694e-03
2.329599999999999909e+03,2.787521807205658488e-03
2.330119999999999891e+03,2.783465307205658639e-03
2.330639999999999873e+03,2.779427992623514313e-03
2.331160000000000309e+03,2.775391092623515077e-03
2.331680000000000291e+03,2.771354192623514540e-03
2.332199999999999818e+03,2.767336506603514795e-03
2.332719999999999800e+03,2.763319360091370108e-03
2.333240000000000236e+03,2.759302032421370211e-03
2.333760000000000218e+03,2.755304332421370465e-03
2.334279999999999745e+03,2.751306565401369624e-03
2.334799999999999727e+03,2.747327242799225966e-03
2.335320000000000164e+03,2.743330042799225956e-03
2.335840000000000146e+03,2.739371003799225684e-03
2.336360000000000127e+03,2.735393403799225853e-03
2.336880000000000109e+03,2.731434557287081531e-03
2.337400000000000091e+03,2.727495282597081506e-03
2.337920000000000073e+03,2.723536743597081405e-03
2.338440000000000055e+03,2.719597815577081378e-03
2.338960000000000036e+03,2.715659069064937405e-03
2.339480000000000018e+03,2.711739700994937347e-03
2.340000000000000000e+03,2.707820053974938340e-03
2.340519999999999982e+03,2.703901253974937743e-03
2.341039999999999964e+03,2.700001207462793523e-03
2.341559999999999945e+03,2.696101468462793523e-03
2.342079999999999927e+03,2.692202240792793133e-03
2.342599999999999909e+03,2.688321793772793181e-03
2.343119999999999891e+03,2.684460419240648765e-03
2.343639999999999873e+03,2.680580251170649065e-03
2.344159999999999854e+03,2.676719751170648833e-03
2.344679999999999836e+03,2.672859404150648797e-03
2.345200000000000273e+03,2.668998518638504222e-03
2.345720000000000255e+03,2.665158118638503906e-03
2.346239999999999782e+03,2.661317218638503852e-03
2.346759999999999764e+03,2.657495890968504439e-03
2.347280000000000200e+03,2.653654730416360290e-03
2.347800000000000182e+03,2.649853001346359847e-03
2.348319999999999709e+03,2.646031701346359972e-03
2.348839999999999691e+03,2.642230462346359735e-03
2.349360000000000127e+03,2.638428415834215539e-03
2.349880000000000109e+03,2.634646468814215783e-03
2.350400000000000091e+03,2.630864368814215398e-03
2.350920000000000073e+03,2.627082229814215603e-03
2.351440000000000055e+03,2.623300255632070917e-03
2.351960000000000036e+03,2.619538227612071366e-03
2.352480000000000018e+03,2.615775351522071305e-03
2.353000000000000000e+03,2.612032412522071866e-03
2.353519999999999982e+03,2.608289666009927510e-03
2.354039999999999964e+03,2.604546766009927482e-03
2.354559999999999945e+03,2.600823427009927354e-03
2.355079999999999927e+03,2.597081179989926825e-03
2.355599999999999909e+03,2.593358033477783080e-03
2.356119999999999891e+03,2.589654305807783004e-03
2.356639999999999873e+03,2.585950509717782793e-03
2.357159999999999854e+03,2.582247309717782859e-03
2.357679999999999836e+03,2.578543416185638450e-03
2.358199999999999818e+03,2.574859816185638695e-03
2.358720000000000255e+03,2.571175677185638057e-03
2.359240000000000236e+03,2.567511177185638743e-03
2.359760000000000218e+03,2.563828077185639157e-03
2.360279999999999745e+03,2.560162844653493790e-03
2.360800000000000182e+03,2.556518444653494392e-03
2.361320000000000164e+03,2.552873959893494325e-03
2.361840000000000146e+03,2.549229559893494059e-03
2.362359999999999673e+03,2.545584774381349884e-03
2.362880000000000109e+03,2.541959127361350084e-03
2.363400000000000091e+03,2.538334327361349996e-03
2.363920000000000073e+03,2.534709527361350342e-03
2.364440000000000055e+03,2.531103941849205657e-03
2.364960000000000036e+03,2.527498741849205748e-03
2.365480000000000018e+03,2.523893194829205430e-03
2.366000000000000000e+03,2.520306971069205450e-03
2.366519999999999982e+03,2.516721024557061221e-03
2.367039999999999964e+03,2.513135424557061490e-03
2.367559999999999945e+03,2.509550324557061063e-03
2.368079999999999927e+03,2.505983938537061258e-03
2.368600000000000364e+03,2.502417592024917207e-03
2.369119999999999891e+03,2.498871192024916966e-03
2.369639999999999873e+03,2.495305192024916980e-03
2.370159999999999854e+03,2.491758723954916582e-03
2.370680000000000291e+03,2.488231174732772125e-03
2.371199999999999818e+03,2.484685274732772488e-03
2.371719999999999800e+03,2.481177535732772155e-03
2.372239999999999782e+03,2.477650735732772527e-03
2.372760000000000218e+03,2.474124435732772635e-03
2.373280000000000200e+03,2.470616542200627843e-03
2.373800000000000182e+03,2.467128903200627860e-03
2.374319999999999709e+03,2.463622703200627883e-03
2.374840000000000146e+03,2.460135074130627864e-03
2.375360000000000127e+03,2.456647071928484173e-03
2.375880000000000109e+03,2.453178185908484223e-03
2.376399999999999636e+03,2.449691085908483820e-03
2.376920000000000073e+03,2.446223585908484030e-03
2.377440000000000055e+03,2.442774839396339749e-03
2.377960000000000036e+03,2.439326400396339689e-03
2.378480000000000018e+03,2.435877653376339932e-03
2.379000000000000000e+03,2.432429753376339453e-03
2.379519999999999982e+03,2.428981438794195619e-03
2.380039999999999964e+03,2.425552610774195633e-03
2.380559999999999945e+03,2.422124283104195794e-03
2.381079999999999927e+03,2.418715083104195935e-03
2.381599999999999909e+03,2.415305650572051495e-03
2.382119999999999891e+03,2.411877350572051194e-03
2.382640000000000327e+03,2.408487750572051514e-03
2.383159999999999854e+03,2.405079050572051392e-03
2.383679999999999836e+03,2.401708982502051299e-03
2.384199999999999818e+03,2.398319188969906882e-03
2.384720000000000255e+03,2.394930060949906989e-03
2.385239999999999782e+03,2.391560533279906385e-03
2.385759999999999764e+03,2.388190994279906776e-03
2.386279999999999745e+03,2.384840247767762086e-03
2.386800000000000182e+03,2.381470900747762083e-03
2.387320000000000164e+03,2.378120461747762482e-03
2.387840000000000146e+03,2.374790161747761773e-03
2.388360000000000127e+03,2.371439886165618242e-03
2.388880000000000109e+03,2.368109086165618229e-03
2.389400000000000091e+03,2.364778372125618620e-03
2.389920000000000073e+03,2.361467672125618523e-03
2.390440000000000055e+03,2.358137344455618276e-03
2.390960000000000036e+03,2.354826297943473680e-03
2.391480000000000018e+03,2.351516058943473909e-03
2.392000000000000000e+03,2.348224111923473845e-03
2.392519999999999982e+03,2.344933011923473927e-03
2.393039999999999964e+03,2.341642036341329801e-03
2.393559999999999945e+03,2.338350897341330038e-03
2.394079999999999927e+03,2.335079369321329482e-03
2.394599999999999909e+03,2.331807869321329309e-03
2.395119999999999891e+03,2.328536495139185269e-03
2.395639999999999873e+03,2.325284556139184996e-03
2.396160000000000309e+03,2.322013056139185256e-03
2.396680000000000291e+03,2.318780756139185006e-03
2.397199999999999818e+03,2.315528856139185011e-03
2.397719999999999800e+03,2.312296641557041142e-03
2.398240000000000236e+03,2.309064341557040892e-03
2.398760000000000218e+03,2.305832013537041127e-03
2.399279999999999745e+03,2.302600174537040769e-03
2.399799999999999727e+03,2.299387128024896199e-03
2.400320000000000164e+03,2.296174900354896325e-03
2.400840000000000146e+03,2.292962700354896424e-03
2.401360000000000127e+03,2.289769561354896687e-03
2.401880000000000109e+03,2.286576614842752465e-03
2.402400000000000091e+03,2.283383485772752693e-03
2.402920000000000073e+03,2.280191385772752707e-03
2.403440000000000055e+03,2.277017846772752280e-03
2.403960000000000036e+03,2.273844318752752183e-03
2.404480000000000018e+03,2.270670972240607707e-03
2.405000000000000000e+03,2.267517072240608170e-03
2.405519999999999982e+03,2.264344505570608113e-03
2.406039999999999964e+03,2.261191105570607880e-03
2.406559999999999945e+03,2.258056459058464024e-03
2.407079999999999927e+03,2.254903529988463648e-03
2.407599999999999909e+03,2.251769190988464446e-03
2.408119999999999891e+03,2.248635390988463958e-03
2.408639999999999873e+03,2.245521162968464133e-03
2.409159999999999854e+03,2.242387016456319580e-03
2.409679999999999836e+03,2.239272777456319426e-03
2.410200000000000273e+03,2.236158577456319550e-03
2.410720000000000255e+03,2.233063949786319446e-03
2.411239999999999782e+03,2.229949403274175505e-03
2.411759999999999764e+03,2.226873835204175225e-03
2.412280000000000200e+03,2.223779235204175527e-03
2.412800000000000182e+03,2.220685135204175133e-03
2.413319999999999709e+03,2.217609788692030681e-03
2.413839999999999691e+03,2.214534721672030502e-03
2.414360000000000127e+03,2.211460221672030286e-03
2.414880000000000109e+03,2.208404821672030512e-03
2.415400000000000091e+03,2.205349394002030766e-03
2.415920000000000073e+03,2.202293608489886648e-03
2.416440000000000055e+03,2.199238708489886611e-03
2.416960000000000036e+03,2.196202879419886702e-03
2.417480000000000018e+03,2.193167079419886673e-03
2.418000000000000000e+03,2.190131393907742037e-03
2.418519999999999982e+03,2.187096065887742663e-03
2.419039999999999964e+03,2.184060765887742370e-03
2.419559999999999945e+03,2.181044565887742519e-03
2.420079999999999927e+03,2.178028326887742391e-03
2.420599999999999909e+03,2.175031852705597984e-03
2.421119999999999891e+03,2.172035252705597878e-03
2.421639999999999873e+03,2.169038623635597459e-03
2.422159999999999854e+03,2.166042484635597679e-03
2.422679999999999836e+03,2.163046038123453679e-03
2.423199999999999818e+03,2.160069538123453921e-03
2.423720000000000255e+03,2.157093010103453782e-03
2.424240000000000236e+03,2.154115971103454010e-03
2.424760000000000218e+03,2.151139971103453556e-03
2.425279999999999745e+03,2.148182224591308441e-03
2.425800000000000182e+03,2.145225296921309324e-03
2.426320000000000164e+03,2.142268328851310022e-03
2.426840000000000146e+03,2.139311428851309576e-03
2.427359999999999673e+03,2.136373782339165677e-03
2.427880000000000109e+03,2.133436482339165410e-03
2.428400000000000091e+03,2.130499115319165349e-03
2.428920000000000073e+03,2.127562315319165686e-03
2.429440000000000055e+03,2.124644615319166031e-03
2.429960000000000036e+03,2.121726568807021009e-03
2.430480000000000018e+03,2.118808829807021076e-03
2.431000000000000000e+03,2.115891629807021158e-03
2.431519999999999982e+03,2.112993000737020764e-03
2.432039999999999964e+03,2.110094900737020853e-03
2.432559999999999945e+03,2.107196915224876770e-03
2.433079999999999927e+03,2.104298815224876426e-03
2.433600000000000364e+03,2.101420787204876482e-03
2.434119999999999891e+03,2.098542287204876750e-03
2.434639999999999873e+03,2.095663901692732412e-03
2.435159999999999854e+03,2.092785401692731813e-03
2.435680000000000291e+03,2.089926501692732259e-03
2.436199999999999818e+03,2.087048472622731951e-03
2.436719999999999800e+03,2.084190033622731857e-03
2.437239999999999782e+03,2.081350387110587983e-03
2.437760000000000218e+03,2.078491987110587733e-03
2.438280000000000200e+03,2.075653187110587227e-03
2.438800000000000182e+03,2.072813820090588059e-03
2.439319999999999709e+03,2.069974673578443489e-03
2.439840000000000146e+03,2.067154973578443425e-03
2.440360000000000127e+03,2.064316673578443524e-03
2.440880000000000109e+03,2.061496934578443616e-03
2.441399999999999636e+03,2.058697305508443588e-03
2.441920000000000073e+03,2.055877758996298762e-03
2.442440000000000055e+03,2.053078158996299047e-03
2.442960000000000036e+03,2.050278519996299488e-03
2.443480000000000018e+03,2.047478919996299340e-03
2.444000000000000000e+03,2.044679291976299676e-03
2.444519999999999982e+03,2.041898945464155207e-03
2.445039999999999964e+03,2.039099306464154781e-03
2.445559999999999945e+03,2.036338906464154989e-03
2.446079999999999927e+03,2.033558877394155140e-03
2.446599999999999909e+03,2.030798130882010850e-03
2.447119999999999891e+03,2.028018630882011050e-03
2.447640000000000327e+03,2.025258691882010718e-03
2.448159999999999854e+03,2.022498291882010493e-03
2.448679999999999836e+03,2.019757491882010880e-03
2.449199999999999818e+03,2.017016317349865952e-03
2.449720000000000255e+03,2.014275478349866495e-03
2.450239999999999782e+03,2.011535178349866185e-03
2.450759999999999764e+03,2.008794878349865875e-03
2.451279999999999745e+03,2.006073649279866127e-03
2.451800000000000182e+03,2.003352063767722350e-03
2.452320000000000164e+03,2.000631363767722218e-03
2.452840000000000146e+03,1.997910163767722350e-03
2.453360000000000127e+03,1.995189963767722389e-03
2.453880000000000109e+03,1.992487978255577923e-03
2.454400000000000091e+03,1.989786850235577588e-03
2.454920000000000073e+03,1.987085250235577898e-03
2.455440000000000055e+03,1.984403250235577953e-03
2.455960000000000036e+03,1.981702611235577893e-03
2.456480000000000018e+03,1.979020235653433570e-03
2.457000000000000000e+03,1.976338735653433796e-03
2.457519999999999982e+03,1.973657735653434192e-03
2.458039999999999964e+03,1.970995296653433714e-03
2.458559999999999945e+03,1.968333396653433251e-03
2.459079999999999927e+03,1.965652050141289148e-03
2.459599999999999909e+03,1.963009250141289127e-03
2.460119999999999891e+03,1.960347850141289268e-03
2.460639999999999873e+03,1.957705011141288969e-03
2.461160000000000309e+03,1.955043582071289664e-03
2.461680000000000291e+03,1.952400935559145531e-03
2.462199999999999818e+03,1.949759135559144983e-03
2.462719999999999800e+03,1.947136396559145466e-03
2.463240000000000236e+03,1.944513196559144973e-03
2.463760000000000218e+03,1.941890650047000755e-03
2.464279999999999745e+03,1.939267950047000649e-03
2.464799999999999727e+03,1.936645711047000869e-03
2.465320000000000164e+03,1.934043111047000678e-03
2.465840000000000146e+03,1.931420911047000743e-03
2.466360000000000127e+03,1.928817435464856870e-03
2.466880000000000109e+03,1.926233896464856410e-03
2.467400000000000091e+03,1.923631296464856436e-03
2.467920000000000073e+03,1.921047796464856470e-03
2.468440000000000055e+03,1.918464796464856457e-03
2.468960000000000036e+03,1.915880949952711992e-03
2.469480000000000018e+03,1.913297910952711702e-03
2.470000000000000000e+03,1.910734010952712131e-03
2.470519999999999982e+03,1.908151510952712073e-03
2.471039999999999964e+03,1.905587610952711852e-03
2.471559999999999945e+03,1.903024296370567532e-03
2.472079999999999927e+03,1.900460896370567481e-03
2.472599999999999909e+03,1.897916596370567439e-03
2.473119999999999891e+03,1.895372796370567783e-03
2.473639999999999873e+03,1.892828957370567633e-03
2.474159999999999854e+03,1.890284810858423262e-03
2.474679999999999836e+03,1.887741510858423344e-03
2.475200000000000273e+03,1.885216810858423046e-03
2.475720000000000255e+03,1.882692610858423135e-03
2.476239999999999782e+03,1.880168025346279099e-03
2.476759999999999764e+03,1.877644296276279046e-03
2.477280000000000200e+03,1.875120096276279135e-03
2.477800000000000182e+03,1.872615496276278753e-03
2.478319999999999709e+03,1.870110857276279610e-03
2.478839999999999691e+03,1.867606410764134899e-03
2.479360000000000127e+03,1.865102310764134687e-03
2.479880000000000109e+03,1.862598210764134475e-03
2.480400000000000091e+03,1.860113171764134861e-03
2.480920000000000073e+03,1.857628171764134657e-03
2.481440000000000055e+03,1.855143325251990558e-03
2.481960000000000036e+03,1.852658296181990908e-03
2.482480000000000018e+03,1.850193396181990836e-03
2.483000000000000000e+03,1.847708857181990958e-03
2.483519999999999982e+03,1.845243957181990887e-03
2.484039999999999964e+03,1.842778210669846145e-03
2.484559999999999945e+03,1.840332410669846298e-03
2.485079999999999927e+03,1.837867471669846165e-03
2.485599999999999909e+03,1.835422171669846489e-03
2.486119999999999891e+03,1.832957771669846588e-03
2.486639999999999873e+03,1.830512125157702412e-03
2.487159999999999854e+03,1.828085886157702032e-03
2.487679999999999836e+03,1.825641086157702309e-03
2.488199999999999818e+03,1.823214886157701990e-03
2.488720000000000255e+03,1.820789686157702012e-03
2.489240000000000236e+03,1.818363639645558232e-03
2.489760000000000218e+03,1.815937900645558023e-03
2.490279999999999745e+03,1.813531300645557882e-03
2.490800000000000182e+03,1.811106600645558075e-03
2.491320000000000164e+03,1.808700500645558321e-03
2.491840000000000146e+03,1.806294015133413141e-03
2.492359999999999673e+03,1.803888415133413341e-03
2.492880000000000109e+03,1.801501415133413596e-03
2.493400000000000091e+03,1.799095815133413363e-03
2.493920000000000073e+03,1.796709776133413464e-03
2.494440000000000055e+03,1.794322929621269607e-03
2.494960000000000036e+03,1.791936929621269336e-03
2.495480000000000018e+03,1.789570029621269506e-03
2.496000000000000000e+03,1.787203129621269676e-03
2.496519999999999982e+03,1.784817590621269297e-03
2.497039999999999964e+03,1.782450344109124969e-03
2.497559999999999945e+03,1.780083944109124875e-03
2.498079999999999927e+03,1.777737144109125178e-03
2.498600000000000364e+03,1.775370705109124807e-03
2.499119999999999891e+03,1.773023405109124722e-03
2.499639999999999873e+03,1.770676258596980525e-03
2.500159999999999854e+03,1.768329458596980827e-03
2.500680000000000291e+03,1.765983158596980867e-03
2.501199999999999818e+03,1.763655419596980682e-03
2.501719999999999800e+03,1.761328219596980512e-03
2.502239999999999782e+03,1.759000673084836278e-03
2.502760000000000218e+03,1.756673473084836325e-03
2.503280000000000200e+03,1.754346234084836094e-03
2.503800000000000182e+03,1.752019534084836095e-03
2.504319999999999709e+03,1.749711934084836103e-03
2.504840000000000146e+03,1.747403987572692047e-03
2.505360000000000127e+03,1.745096387572692056e-03
2.505880000000000109e+03,1.742789248572692174e-03
2.506399999999999636e+03,1.740482148572692353e-03
2.506920000000000073e+03,1.738194148572692324e-03
2.507440000000000055e+03,1.735905802060547795e-03
2.507960000000000036e+03,1.733617763060547922e-03
2.508480000000000018e+03,1.731329763060547892e-03
2.509000000000000000e+03,1.729042763060547553e-03
2.509519999999999982e+03,1.726755263060547911e-03
2.510039999999999964e+03,1.724486516548403561e-03
2.510559999999999945e+03,1.722218077548403432e-03
2.511079999999999927e+03,1.719950177548403318e-03
2.511599999999999909e+03,1.717682277548403420e-03
2.512119999999999891e+03,1.715414377548403740e-03
2.512640000000000327e+03,1.713165692036259027e-03
2.513159999999999854e+03,1.710916892036259138e-03
2.513679999999999836e+03,1.708668592036258985e-03
2.514199999999999818e+03,1.706420792036258786e-03
2.514720000000000255e+03,1.704172492036259067e-03
2.515239999999999782e+03,1.701923806524114789e-03
2.515759999999999764e+03,1.699695106524114815e-03
2.516279999999999745e+03,1.697466406524115057e-03
2.516800000000000182e+03,1.695237706524114867e-03
2.517320000000000164e+03,1.693008967524114831e-03
2.517840000000000146e+03,1.690799521011970537e-03
2.518360000000000127e+03,1.688571321011970300e-03
2.518880000000000109e+03,1.686362221011970504e-03
2.519400000000000091e+03,1.684153121011970492e-03
2.519920000000000073e+03,1.681944482011970372e-03
2.520440000000000055e+03,1.679735382011970360e-03
2.520960000000000036e+03,1.677545882011970309e-03
2.521480000000000018e+03,1.675337282011970467e-03
2.522000000000000000e+03,1.673147782011970416e-03
2.522519999999999982e+03,1.670958743011970475e-03
2.523039999999999964e+03,1.668769743011970594e-03
2.523559999999999945e+03,1.666580743011970281e-03
2.524079999999999927e+03,1.664410843011970408e-03
2.524599999999999909e+03,1.662240904011970258e-03
2.525119999999999891e+03,1.660071504011970340e-03
2.525639999999999873e+03,1.657902104011970638e-03
2.526160000000000309e+03,1.655732704011970502e-03
2.526680000000000291e+03,1.653563304011970150e-03
2.527199999999999818e+03,1.651413465011970349e-03
2.527719999999999800e+03,1.649244065011970430e-03
2.528240000000000236e+03,1.647094265011970256e-03
2.528760000000000218e+03,1.644944465011970516e-03
2.529279999999999745e+03,1.642795126011970452e-03
2.529799999999999727e+03,1.640664426011970286e-03
2.530320000000000164e+03,1.638515126011970500e-03
2.530840000000000146e+03,1.636384926011970288e-03
2.531360000000000127e+03,1.634254726011970509e-03
2.531880000000000109e+03,1.632124487011970236e-03
2.532400000000000091e+03,1.629994787011970628e-03
2.532920000000000073e+03,1.627864587011970416e-03
2.533440000000000055e+03,1.625753987011970382e-03
2.533960000000000036e+03,1.623643387011970349e-03
2.534480000000000018e+03,1.621533248011970641e-03
2.535000000000000000e+03,1.619422648011970174e-03
2.535519999999999982e+03,1.617312548011970528e-03
2.536039999999999964e+03,1.615221548011970456e-03
2.536559999999999945e+03,1.613111909011970269e-03
2.537079999999999927e+03,1.611020909011970197e-03
2.537599999999999909e+03,1.608930409011970295e-03
2.538119999999999891e+03,1.606839409011970440e-03
2.538639999999999873e+03,1.604748909011970105e-03
2.539159999999999854e+03,1.602677970011970321e-03
2.539679999999999836e+03,1.600587470011970203e-03
2.540200000000000273e+03,1.598516570011969829e-03
2.540720000000000255e+03,1.596445670011969672e-03
2.541239999999999782e+03,1.594374770011969733e-03
2.541759999999999764e+03,1.592303831011969732e-03
2.542280000000000200e+03,1.590233431011969963e-03
2.542800000000000182e+03,1.588181631011969814e-03
2.543319999999999709e+03,1.586130331011970053e-03
2.543839999999999691e+03,1.584059931011970066e-03
2.544360000000000127e+03,1.582009092011969981e-03
2.544880000000000109e+03,1.579957792011969786e-03
2.545400000000000091e+03,1.577925592011969816e-03
2.545920000000000073e+03,1.575894392011969753e-03
2.546440000000000055e+03,1.573843553011969884e-03
2.546960000000000036e+03,1.571811853011969868e-03
2.547480000000000018e+03,1.569780153011969851e-03
2.548000000000000000e+03,1.567748953011969789e-03
2.548519999999999982e+03,1.565736853011969734e-03
2.549039999999999964e+03,1.563705614011969827e-03
2.549559999999999945e+03,1.561693514011969772e-03
2.550079999999999927e+03,1.559662814011969880e-03
2.550599999999999909e+03,1.557650714011969825e-03
2.551119999999999891e+03,1.555639114011969724e-03
2.551639999999999873e+03,1.553646575011969786e-03
2.552159999999999854e+03,1.551635475011969639e-03
2.552679999999999836e+03,1.549642975011969979e-03
2.553199999999999818e+03,1.547631375011969661e-03
2.553720000000000255e+03,1.545639375011969739e-03
2.554240000000000236e+03,1.543666436011969546e-03
2.554760000000000218e+03,1.541674936011969794e-03
2.555279999999999745e+03,1.539682936011969872e-03
2.555800000000000182e+03,1.537710536011969694e-03
2.556320000000000164e+03,1.535718997011970097e-03
2.556840000000000146e+03,1.533746597011969920e-03
2.557359999999999673e+03,1.531774197011969742e-03
2.557880000000000109e+03,1.529801797011969564e-03
2.558400000000000091e+03,1.527829897011969990e-03
2.558920000000000073e+03,1.525877058011969930e-03
2.559440000000000055e+03,1.523924258011970147e-03
2.559960000000000036e+03,1.521952358011969923e-03
2.560480000000000018e+03,1.519999558011969924e-03
2.561000000000000000e+03,1.518047258011969878e-03
2.561519999999999982e+03,1.516114019011969996e-03
2.562039999999999964e+03,1.514161719011969951e-03
2.562559999999999491e+03,1.512209419011969905e-03
2.563079999999999927e+03,1.510276219011969867e-03
2.563600000000000364e+03,1.508343519011969783e-03
2.564119999999999891e+03,1.506410780011969855e-03
2.564639999999999873e+03,1.504478080011969771e-03
2.565160000000000309e+03,1.502545380011969687e-03
2.565679999999999836e+03,1.500631780011969828e-03
2.566199999999999818e+03,1.498699580011969915e-03
2.566720000000000255e+03,1.496785941011969994e-03
2.567239999999999782e+03,1.494872841011969655e-03
2.567760000000000218e+03,1.492959741011969750e-03
2.568279999999999745e+03,1.491046641011969844e-03
2.568800000000000182e+03,1.489134041011969676e-03
2.569320000000000164e+03,1.487240002011969717e-03
2.569839999999999691e+03,1.485346502011969773e-03
2.570360000000000127e+03,1.483433902011969821e-03
2.570880000000000109e+03,1.481540902011969614e-03
2.571399999999999636e+03,1.479647402011969887e-03
2.571920000000000073e+03,1.477773463011970061e-03
2.572440000000000509e+03,1.475880463011969854e-03
2.572960000000000036e+03,1.473986963011969693e-03
2.573480000000000018e+03,1.472113063011969928e-03
2.574000000000000000e+03,1.470239624011970055e-03
2.574519999999999982e+03,1.468365724011970073e-03
2.575039999999999964e+03,1.466492324011969611e-03
2.575559999999999945e+03,1.464618924011970016e-03
2.576079999999999927e+03,1.462745524011969988e-03
2.576600000000000364e+03,1.460891185011969906e-03
2.577119999999999891e+03,1.459037385011969622e-03
2.577640000000000327e+03,1.457183085011969819e-03
2.578159999999999854e+03,1.455329285011969969e-03
2.578679999999999836e+03,1.453456385011969894e-03
2.579200000000000273e+03,1.451622146011969944e-03
2.579719999999999800e+03,1.449768346011969661e-03
2.580239999999999782e+03,1.447933646011970036e-03
2.580760000000000218e+03,1.446080346011969706e-03
2.581279999999999745e+03,1.444246146011969817e-03
2.581800000000000182e+03,1.442411907011969868e-03
2.582320000000000164e+03,1.440577707011969763e-03
2.582840000000000146e+03,1.438744007011969828e-03
2.583360000000000127e+03,1.436928907011969731e-03
2.583879999999999654e+03,1.435095207011969796e-03
2.584400000000000091e+03,1.433280568011969592e-03
2.584920000000000073e+03,1.431465968011969882e-03
2.585439999999999600e+03,1.429651368011969738e-03
2.585960000000000036e+03,1.427837268011969765e-03
2.586480000000000473e+03,1.426023168011969792e-03
2.587000000000000000e+03,1.424209029011969975e-03
2.587519999999999982e+03,1.422414029011970010e-03
2.588039999999999964e+03,1.420619029011969828e-03
2.588559999999999945e+03,1.418805429011970026e-03
2.589079999999999927e+03,1.417010429011969844e-03
2.589599999999999909e+03,1.415215890011969988e-03
2.590119999999999891e+03,1.413440490011969985e-03
2.590640000000000327e+03,1.411645990011969973e-03
2.591159999999999854e+03,1.409851490011969962e-03
2.591680000000000291e+03,1.408076590011970129e-03
2.592200000000000273e+03,1.406301151011969848e-03
2.592719999999999800e+03,1.404507151011969790e-03
2.593240000000000236e+03,1.402732251011969957e-03
2.593759999999999764e+03,1.400976951011969869e-03
2.594279999999999745e+03,1.399202051011970037e-03
2.594800000000000182e+03,1.397427612011969879e-03
2.595319999999999709e+03,1.395671812011969838e-03
2.595840000000000146e+03,1.393916512011969750e-03
2.596360000000000127e+03,1.392161212011969879e-03
2.596880000000000109e+03,1.390405912011969791e-03
2.597400000000000091e+03,1.388651112011969873e-03
2.597919999999999618e+03,1.386896273011969678e-03
2.598440000000000055e+03,1.385141473011969543e-03
2.598960000000000036e+03,1.383405273011969897e-03
2.599479999999999563e+03,1.381650973011969716e-03
