-260.000000	0.010837	96.363220
-259.948000	0.010847	96.771654
-259.896000	0.010857	97.185227
-259.844000	0.010868	97.599281
-259.792000	0.010878	98.018438
-259.740000	0.010888	98.438335
-259.688000	0.010898	98.863037
-259.636000	0.010909	99.288893
-259.584000	0.010919	99.719192
-259.532000	0.010929	100.151058
-259.480000	0.010940	100.587059
-259.428000	0.010950	101.025146
-259.376000	0.010961	101.466936
-259.324000	0.010971	101.911245
-259.272000	0.010981	102.358900
-259.220000	0.010992	102.809589
-259.168000	0.011002	103.263224
-259.116000	0.011013	103.720403
-259.064000	0.011023	104.180113
-259.012000	0.011033	104.643892
-258.960000	0.011044	105.109773
-258.908000	0.011055	105.580265
-258.856000	0.011065	106.052416
-258.804000	0.011076	106.529735
-258.752000	0.011086	107.008199
-258.700000	0.011097	107.492422
-258.648000	0.011107	107.977405
-258.596000	0.011118	108.468727
-258.544000	0.011128	108.960586
-258.492000	0.011139	109.458691
-258.440000	0.011150	109.957724
-258.388000	0.011160	110.462632
-258.336000	0.011171	110.968980
-258.284000	0.011181	111.480780
-258.232000	0.011192	111.994569
-258.180000	0.011203	112.513366
-258.128000	0.011214	113.034723
-258.076000	0.011224	113.560626
-258.024000	0.011235	114.089679
-257.972000	0.011246	114.622764
-257.920000	0.011257	115.159589
-257.868000	0.011267	115.700026
-257.816000	0.011278	116.244860
-257.764000	0.011289	116.792711
-257.712000	0.011300	117.345581
-257.660000	0.011310	117.901031
-257.608000	0.011321	118.462177
-257.556000	0.011332	119.025258
-257.504000	0.011343	119.594716
-257.452000	0.011354	120.165589
-257.400000	0.011365	120.743550
-257.348000	0.011376	121.322335
-257.296000	0.011387	121.908940
-257.244000	0.011398	122.496236
-257.192000	0.011408	123.091150
-257.140000	0.011419	123.687225
-257.088000	0.011430	124.290447
-257.036000	0.011441	124.895463
-256.984000	0.011452	125.507101
-256.932000	0.011463	126.121207
-256.880000	0.011474	126.741386
-256.828000	0.011485	127.364731
-256.776000	0.011497	127.993548
-256.724000	0.011508	128.626228
-256.672000	0.011519	129.263858
-256.620000	0.011530	129.906130
-256.568000	0.011541	130.552708
-256.516000	0.011552	131.204671
-256.464000	0.011563	131.860269
-256.412000	0.011574	132.522026
-256.360000	0.011586	133.186812
-256.308000	0.011597	133.858571
-256.256000	0.011608	134.532742
-256.204000	0.011619	135.214712
-256.152000	0.011630	135.898297
-256.100000	0.011642	136.590547
-256.048000	0.011653	137.283788
-255.996000	0.011664	137.986553
-255.944000	0.011676	138.690103
-255.892000	0.011687	139.402849
-255.840000	0.011698	140.117037
-255.788000	0.011710	140.839833
-255.736000	0.011721	141.564840
-255.684000	0.011732	142.297807
-255.632000	0.011744	143.033800
-255.580000	0.011755	143.777106
-255.528000	0.011766	144.524303
-255.476000	0.011778	145.278056
-255.424000	0.011789	146.036518
-255.372000	0.011801	146.800848
-255.320000	0.011812	147.570793
-255.268000	0.011824	148.345865
-255.216000	0.011835	149.127462
-255.164000	0.011847	149.913420
-255.112000	0.011858	150.706836
-255.060000	0.011870	151.503827
-255.008000	0.011881	152.309229
-254.956000	0.011893	153.117399
-254.904000	0.011904	153.934960
-254.852000	0.011916	154.754451
-254.800000	0.011928	155.584348
-254.748000	0.011939	156.415357
-254.696000	0.011951	157.257784
-254.644000	0.011963	158.101143
-254.592000	0.011974	158.955406
-254.540000	0.011986	159.811425
-254.488000	0.011998	160.677587
-254.436000	0.012009	161.546309
-254.384000	0.012021	162.424418
-254.332000	0.012033	163.306159
-254.280000	0.012045	164.196467
-254.228000	0.012056	165.091394
-254.176000	0.012068	165.994044
-254.124000	0.012080	166.902324
-254.072000	0.012092	167.817494
-254.020000	0.012104	168.739343
-253.968000	0.012116	169.667118
-253.916000	0.012127	170.602595
-253.864000	0.012139	171.543126
-253.812000	0.012151	172.492444
-253.760000	0.012163	173.445931
-253.708000	0.012175	174.409303
-253.656000	0.012187	175.375788
-253.604000	0.012199	176.353270
-253.552000	0.012211	177.332932
-253.500000	0.012223	178.324741
-253.448000	0.012235	179.317767
-253.396000	0.012247	180.324078
-253.344000	0.012259	181.331463
-253.292000	0.012271	182.351402
-253.240000	0.012283	183.373450
-253.188000	0.012295	184.407152
-253.136000	0.012308	185.443976
-253.084000	0.012320	186.491485
-253.032000	0.012332	187.543178
-252.980000	0.012344	188.604632
-252.928000	0.012356	189.671437
-252.876000	0.012368	190.746979
-252.824000	0.012381	191.828975
-252.772000	0.012393	192.918692
-252.720000	0.012405	194.016008
-252.668000	0.012417	195.120009
-252.616000	0.012430	196.232767
-252.564000	0.012442	197.351155
-252.512000	0.012454	198.479473
-252.460000	0.012467	199.612348
-252.408000	0.012479	200.756335
-252.356000	0.012491	201.903844
-252.304000	0.012504	203.063657
-252.252000	0.012516	204.225780
-252.200000	0.012528	205.401419
-252.148000	0.012541	206.578298
-252.096000	0.012553	207.769907
-252.044000	0.012566	208.962780
-251.992000	0.012578	210.169360
-251.940000	0.012591	211.378260
-251.888000	0.012603	212.599827
-251.836000	0.012616	213.824846
-251.784000	0.012628	215.061437
-251.732000	0.012641	216.302642
-251.680000	0.012653	217.554301
-251.628000	0.012666	218.811745
-251.576000	0.012679	220.078512
-251.524000	0.012691	221.352236
-251.472000	0.012704	222.634144
-251.420000	0.012716	223.924181
-251.368000	0.012729	225.221251
-251.316000	0.012742	226.527622
-251.264000	0.012755	227.839912
-251.212000	0.012767	229.162678
-251.160000	0.012780	230.490157
-251.108000	0.012793	231.829261
-251.056000	0.012806	233.171913
-251.004000	0.012818	234.527343
-250.952000	0.012831	235.885148
-250.900000	0.012844	237.256874
-250.848000	0.012857	238.629871
-250.796000	0.012870	240.017781
-250.744000	0.012883	241.406985
-250.692000	0.012895	242.809964
-250.640000	0.012908	244.215323
-250.588000	0.012921	245.633318
-250.536000	0.012934	247.054825
-250.484000	0.012947	248.487751
-250.432000	0.012960	249.925266
-250.380000	0.012973	251.372996
-250.328000	0.012986	252.826407
-250.276000	0.012999	254.288836
-250.224000	0.013012	255.758017
-250.172000	0.013025	257.235026
-250.120000	0.013038	258.719831
-250.068000	0.013052	260.211326
-250.016000	0.013065	261.711644
-249.964000	0.013078	263.217448
-249.912000	0.013091	264.733043
-249.860000	0.013104	266.252931
-249.808000	0.013117	267.783549
-249.756000	0.013131	269.317489
-249.704000	0.013144	270.863063
-249.652000	0.013157	272.410701
-249.600000	0.013170	273.970841
-249.548000	0.013184	275.532127
-249.496000	0.013197	277.106514
-249.444000	0.013210	278.682126
-249.392000	0.013223	280.269648
-249.340000	0.013237	281.859252
-249.288000	0.013250	283.459591
-249.236000	0.013264	285.062893
-249.184000	0.013277	286.675770
-249.132000	0.013290	288.292494
-249.080000	0.013304	289.917574
-249.028000	0.013317	291.547256
-248.976000	0.013331	293.184227
-248.924000	0.013344	294.826590
-248.872000	0.013358	296.475120
-248.820000	0.013371	298.129706
-248.768000	0.013385	299.789414
-248.716000	0.013398	301.455794
-248.664000	0.013412	303.126344
-248.612000	0.013426	304.804117
-248.560000	0.013439	306.485071
-248.508000	0.013453	308.173707
-248.456000	0.013467	309.864636
-248.404000	0.013480	311.563636
-248.352000	0.013494	313.264097
-248.300000	0.013508	314.972941
-248.248000	0.013521	316.682629
-248.196000	0.013535	318.400697
-248.144000	0.013549	320.119552
-248.092000	0.013563	321.845751
-248.040000	0.013577	323.573204
-247.988000	0.013590	325.306999
-247.936000	0.013604	327.042464
-247.884000	0.013618	328.783322
-247.832000	0.013632	330.526224
-247.780000	0.013646	332.273580
-247.728000	0.013660	334.023214
-247.676000	0.013674	335.776462
-247.624000	0.013688	337.532148
-247.572000	0.013702	339.290724
-247.520000	0.013716	341.051812
-247.468000	0.013730	342.815077
-247.416000	0.013744	344.580788
-247.364000	0.013758	346.348090
-247.312000	0.013772	348.117676
-247.260000	0.013786	349.888358
-247.208000	0.013800	351.661049
-247.156000	0.013814	353.434490
-247.104000	0.013829	355.209549
-247.052000	0.013843	356.985001
-247.000000	0.013857	358.761570
-246.948000	0.013871	360.538379
-246.896000	0.013885	362.315645
-246.844000	0.013900	364.092912
-246.792000	0.013914	365.870056
-246.740000	0.013928	367.647096
-246.688000	0.013942	369.423403
-246.636000	0.013957	371.199202
-246.584000	0.013971	372.973826
-246.532000	0.013985	374.747601
-246.480000	0.014000	376.519787
-246.428000	0.014014	378.290577
-246.376000	0.014029	380.059533
-246.324000	0.014043	381.826465
-246.272000	0.014058	383.591333
-246.220000	0.014072	385.353362
-246.168000	0.014087	387.113407
-246.116000	0.014101	388.869736
-246.064000	0.014116	390.624038
-246.012000	0.014130	392.373546
-245.960000	0.014145	394.121330
-245.908000	0.014160	395.863147
-245.856000	0.014174	397.603579
-245.804000	0.014189	399.336716
-245.752000	0.014203	401.068828
-245.700000	0.014218	402.792215
-245.648000	0.014233	404.515076
-245.596000	0.014248	406.228042
-245.544000	0.014262	407.939949
-245.492000	0.014277	409.642070
-245.440000	0.014292	411.342138
-245.388000	0.014307	413.032579
-245.336000	0.014322	414.719764
-245.284000	0.014336	416.397618
-245.232000	0.014351	418.070964
-245.180000	0.014366	419.735349
-245.128000	0.014381	421.393789
-245.076000	0.014396	423.043831
-245.024000	0.014411	424.686404
-244.972000	0.014426	426.321213
-244.920000	0.014441	427.946854
-244.868000	0.014456	429.565534
-244.816000	0.014471	431.173233
-244.764000	0.014486	432.774957
-244.712000	0.014501	434.363763
-244.660000	0.014516	435.947674
-244.608000	0.014531	437.516588
-244.556000	0.014547	439.081715
-244.504000	0.014562	440.629657
-244.452000	0.014577	442.175295
-244.400000	0.014592	443.701410
-244.348000	0.014607	445.225994
-244.296000	0.014623	446.729753
-244.244000	0.014638	448.231325
-244.192000	0.014653	449.713074
-244.140000	0.014669	451.190700
-244.088000	0.014684	452.649575
-244.036000	0.014699	454.102274
-243.984000	0.014715	455.537437
-243.932000	0.014730	456.964337
-243.880000	0.014745	458.374987
-243.828000	0.014761	459.775119
-243.776000	0.014776	461.160445
-243.724000	0.014792	462.532912
-243.672000	0.014807	463.892180
-243.620000	0.014823	465.236152
-243.568000	0.014838	466.568626
-243.516000	0.014854	467.883241
-243.464000	0.014870	469.188137
-243.412000	0.014885	470.472500
-243.360000	0.014901	471.749082
-243.308000	0.014916	473.002376
-243.256000	0.014932	474.250041
-243.204000	0.014948	475.471562
-243.152000	0.014964	476.689463
-243.100000	0.014979	477.878301
-243.048000	0.014995	479.064930
-242.996000	0.015011	480.221365
-242.944000	0.015027	481.374495
-242.892000	0.015043	482.499356
-242.840000	0.015059	483.618236
-242.788000	0.015074	484.710870
-242.736000	0.015090	485.794869
-242.684000	0.015106	486.854676
-242.632000	0.015122	487.903074
-242.580000	0.015138	488.929480
-242.528000	0.015154	489.941679
-242.476000	0.015170	490.934163
-242.424000	0.015186	491.909544
-242.372000	0.015202	492.867542
-242.320000	0.015218	493.805459
-242.268000	0.015234	494.728451
-242.216000	0.015251	495.628337
-242.164000	0.015267	496.515888
-242.112000	0.015283	497.377259
-242.060000	0.015299	498.228923
-242.008000	0.015315	499.051272
-241.956000	0.015332	499.866560
-241.904000	0.015348	500.649363
-241.852000	0.015364	501.427914
-241.800000	0.015381	502.170772
-241.748000	0.015397	502.910906
-241.696000	0.015413	503.614678
-241.644000	0.015430	504.314281
-241.592000	0.015446	504.980254
-241.540000	0.015462	505.639024
-241.488000	0.015479	506.266870
-241.436000	0.015495	506.884418
-241.384000	0.015512	507.473825
-241.332000	0.015528	508.049885
-241.280000	0.015545	508.600615
-241.228000	0.015562	509.134894
-241.176000	0.015578	509.646676
-241.124000	0.015595	510.138859
-241.072000	0.015611	510.611496
-241.020000	0.015628	511.061404
-240.968000	0.015645	511.494727
-240.916000	0.015662	511.902161
-240.864000	0.015678	512.295961
-240.812000	0.015695	512.660700
-240.760000	0.015712	513.014880
-240.708000	0.015729	513.336842
-240.656000	0.015746	513.651294
-240.604000	0.015762	513.930373
-240.552000	0.015779	514.204953
-240.500000	0.015796	514.441032
-240.448000	0.015813	514.674187
-240.396000	0.015830	514.868817
-240.344000	0.015847	515.058909
-240.292000	0.015864	515.213662
-240.240000	0.015881	515.360669
-240.188000	0.015898	515.475508
-240.136000	0.015915	515.579523
-240.084000	0.015932	515.654510
-240.032000	0.015949	515.715595
-239.980000	0.015967	515.750792
-239.928000	0.015984	515.769036
-239.876000	0.016001	515.764502
-239.824000	0.016018	515.739971
-239.772000	0.016036	515.695840
-239.720000	0.016053	515.628739
-239.668000	0.016070	515.545172
-239.616000	0.016087	515.435684
-239.564000	0.016105	515.312804
-239.512000	0.016122	515.161089
-239.460000	0.016140	514.999131
-239.408000	0.016157	514.805490
-239.356000	0.016174	514.604676
-239.304000	0.016192	514.369389
-239.252000	0.016209	514.129959
-239.200000	0.016227	513.853323
-239.148000	0.016244	513.573853
-239.096000	0.016262	513.257827
-239.044000	0.016280	512.937389
-238.992000	0.016297	512.583718
-238.940000	0.016315	512.222620
-238.888000	0.016333	511.831552
-238.836000	0.016350	511.430266
-238.784000	0.016368	511.002164
-238.732000	0.016386	510.561074
-238.680000	0.016404	510.096356
-238.628000	0.016421	509.616031
-238.576000	0.016439	509.115097
-238.524000	0.016457	508.595924
-238.472000	0.016475	508.059209
-238.420000	0.016493	507.501763
-238.368000	0.016511	506.929747
-238.316000	0.016529	506.334578
-238.264000	0.016547	505.727750
-238.212000	0.016565	505.095437
-238.160000	0.016583	504.454254
-238.108000	0.016601	503.785358
-238.056000	0.016619	503.110450
-238.004000	0.016637	502.405703
-237.952000	0.016655	501.697517
-237.900000	0.016674	500.957489
-237.848000	0.016692	500.215127
-237.796000	0.016710	499.442077
-237.744000	0.016728	498.665192
-237.692000	0.016747	497.860779
-237.640000	0.016765	497.050133
-237.588000	0.016783	496.214948
-237.536000	0.016802	495.371295
-237.484000	0.016820	494.505984
-237.432000	0.016838	493.630097
-237.380000	0.016857	492.735301
-237.328000	0.016875	491.827915
-237.276000	0.016894	490.904374
-237.224000	0.016912	489.966406
-237.172000	0.016931	489.014798
-237.120000	0.016949	488.046977
-237.068000	0.016968	487.068039
-237.016000	0.016987	486.071271
-236.964000	0.017005	485.065811
-236.912000	0.017024	484.041022
-236.860000	0.017043	483.009711
-236.808000	0.017062	481.957693
-236.756000	0.017080	480.901346
-236.704000	0.017099	479.823064
-236.652000	0.017118	478.742470
-236.600000	0.017137	477.638851
-236.548000	0.017156	476.533624
-236.496000	0.017175	475.406799
-236.444000	0.017194	474.277230
-236.392000	0.017212	473.128682
-236.340000	0.017231	471.975777
-236.288000	0.017250	470.806293
-236.236000	0.017270	469.631035
-236.184000	0.017289	468.441451
-236.132000	0.017308	467.244827
-236.080000	0.017327	466.035995
-236.028000	0.017346	464.818995
-235.976000	0.017365	463.591777
-235.924000	0.017384	462.355402
-235.872000	0.017404	461.110669
-235.820000	0.017423	459.855926
-235.768000	0.017442	458.594510
-235.716000	0.017462	457.322359
-235.664000	0.017481	456.045219
-235.612000	0.017500	454.756782
-235.560000	0.017520	453.464769
-235.508000	0.017539	452.161020
-235.456000	0.017559	450.855008
-235.404000	0.017578	449.536977
-235.352000	0.017598	448.217900
-235.300000	0.017617	446.886639
-235.248000	0.017637	445.554602
-235.196000	0.017657	444.211730
-235.144000	0.017676	442.867507
-235.092000	0.017696	441.514246
-235.040000	0.017716	440.158911
-234.988000	0.017735	438.796107
-234.936000	0.017755	437.430732
-234.884000	0.017775	436.059229
-234.832000	0.017795	434.684722
-234.780000	0.017815	433.305388
-234.728000	0.017835	431.922854
-234.676000	0.017854	430.536531
-234.624000	0.017874	429.146855
-234.572000	0.017894	427.754433
-234.520000	0.017914	426.358702
-234.468000	0.017934	424.961018
-234.416000	0.017954	423.560150
-234.364000	0.017975	422.158028
-234.312000	0.017995	420.752981
-234.260000	0.018015	419.347246
-234.208000	0.018035	417.938973
-234.156000	0.018055	416.530488
-234.104000	0.018076	415.119961
-234.052000	0.018096	413.709420
-234.000000	0.018116	412.297475
-233.948000	0.018137	410.885686
-233.896000	0.018157	409.473370
-233.844000	0.018177	408.061081
-233.792000	0.018198	406.649152
-233.740000	0.018218	405.237403
-233.688000	0.018239	403.826621
-233.636000	0.018259	402.416278
-233.584000	0.018280	401.007312
-233.532000	0.018300	399.599112
-233.480000	0.018321	398.192676
-233.428000	0.018342	396.787539
-233.376000	0.018362	395.384311
-233.324000	0.018383	393.982930
-233.272000	0.018404	392.583624
-233.220000	0.018424	391.186877
-233.168000	0.018445	389.792189
-233.116000	0.018466	388.400827
-233.064000	0.018487	387.011308
-233.012000	0.018508	385.625955
-232.960000	0.018529	384.242312
-232.908000	0.018550	382.863784
-232.856000	0.018571	381.486572
-232.804000	0.018592	380.115501
-232.752000	0.018613	378.745303
-232.700000	0.018634	377.382355
-232.648000	0.018655	376.020232
-232.596000	0.018676	374.665630
-232.544000	0.018697	373.312254
-232.492000	0.018719	371.966386
-232.440000	0.018740	370.622421
-232.388000	0.018761	369.285734
-232.336000	0.018783	367.951768
-232.284000	0.018804	366.624766
-232.232000	0.018825	365.301409
-232.180000	0.018847	363.984554
-232.128000	0.018868	362.672283
-232.076000	0.018890	361.366031
-232.024000	0.018911	360.065403
-231.972000	0.018933	358.770122
-231.920000	0.018954	357.481513
-231.868000	0.018976	356.197706
-231.816000	0.018998	354.921729
-231.764000	0.019019	353.649680
-231.712000	0.019041	352.386608
-231.660000	0.019063	351.126759
-231.608000	0.019084	349.877112
-231.556000	0.019106	348.629758
-231.504000	0.019128	347.393876
-231.452000	0.019150	346.159396
-231.400000	0.019172	344.937677
-231.348000	0.019194	343.717153
-231.296000	0.019216	342.509063
-231.244000	0.019238	341.302957
-231.192000	0.019260	340.108661
-231.140000	0.019282	338.917393
-231.088000	0.019304	337.737101
-231.036000	0.019326	336.560917
-230.984000	0.019348	335.394849
-230.932000	0.019371	334.234073
-230.880000	0.019393	333.082442
-230.828000	0.019415	331.937267
-230.776000	0.019437	330.800287
-230.724000	0.019460	329.670990
-230.672000	0.019482	328.548828
-230.620000	0.019505	327.435561
-230.568000	0.019527	326.328370
-230.516000	0.019550	325.231319
-230.464000	0.019572	324.139302
-230.412000	0.019595	323.058685
-230.360000	0.019617	321.981988
-230.308000	0.019640	320.917962
-230.256000	0.019662	319.856647
-230.204000	0.019685	318.809288
-230.152000	0.019708	317.763463
-230.100000	0.019731	316.732898
-230.048000	0.019753	315.703745
-229.996000	0.019776	314.689080
-229.944000	0.019799	313.676788
-229.892000	0.019822	312.677977
-229.840000	0.019845	311.682629
-229.788000	0.019868	310.699659
-229.736000	0.019891	309.721379
-229.684000	0.019914	308.754288
-229.632000	0.019937	307.793075
-229.580000	0.019960	306.841896
-229.528000	0.019983	305.897835
-229.476000	0.020007	304.962615
-229.424000	0.020030	304.035726
-229.372000	0.020053	303.116436
-229.320000	0.020076	302.206674
-229.268000	0.020100	301.303298
-229.216000	0.020123	300.410656
-229.164000	0.020147	299.523234
-229.112000	0.020170	298.647747
-229.060000	0.020194	297.776269
-229.008000	0.020217	296.917919
-228.956000	0.020241	296.062346
-228.904000	0.020264	295.221088
-228.852000	0.020288	294.381331
-228.800000	0.020311	293.557078
-228.748000	0.020335	292.734240
-228.696000	0.020359	291.925867
-228.644000	0.020383	291.119876
-228.592000	0.020407	290.327281
-228.540000	0.020430	289.538226
-228.488000	0.020454	288.761315
-228.436000	0.020478	287.989027
-228.384000	0.020502	287.227649
-228.332000	0.020526	286.472044
-228.280000	0.020550	285.726148
-228.228000	0.020574	284.987184
-228.176000	0.020598	284.256712
-228.124000	0.020623	283.534288
-228.072000	0.020647	282.819149
-228.020000	0.020671	282.113158
-227.968000	0.020695	281.413256
-227.916000	0.020719	280.723585
-227.864000	0.020744	280.038772
-227.812000	0.020768	279.365249
-227.760000	0.020793	278.695465
-227.708000	0.020817	278.038029
-227.656000	0.020842	277.383156
-227.604000	0.020866	276.741679
-227.552000	0.020891	276.101637
-227.500000	0.020915	275.475940
-227.448000	0.020940	274.851554
-227.396000	0.020965	274.240478
-227.344000	0.020989	273.631679
-227.292000	0.021014	273.035122
-227.240000	0.021039	272.441819
-227.188000	0.021064	271.859604
-227.136000	0.021089	271.281666
-227.084000	0.021114	270.713650
-227.032000	0.021139	270.150930
-226.980000	0.021164	269.596979
-226.928000	0.021189	269.049325
-226.876000	0.021214	268.509272
-226.824000	0.021239	267.976477
-226.772000	0.021264	267.450247
-226.720000	0.021289	266.932259
-226.668000	0.021315	266.419659
-226.616000	0.021340	265.916214
-226.564000	0.021365	265.417130
-226.512000	0.021390	264.928121
-226.460000	0.021416	264.442423
-226.408000	0.021441	263.967700
-226.356000	0.021467	263.495233
-226.304000	0.021492	263.034633
-226.252000	0.021518	262.575335
-226.200000	0.021544	262.128617
-226.148000	0.021569	261.683155
-226.096000	0.021595	261.249344
-226.044000	0.021621	260.817578
-225.992000	0.021646	260.396506
-225.940000	0.021672	259.978316
-225.888000	0.021698	259.569793
-225.836000	0.021724	259.165031
-225.784000	0.021750	258.768896
-225.732000	0.021776	258.377396
-225.680000	0.021802	257.993505
-225.628000	0.021828	257.615101
-225.576000	0.021854	257.243308
-225.524000	0.021880	256.877834
-225.472000	0.021906	256.517997
-225.420000	0.021933	256.165287
-225.368000	0.021959	255.817262
-225.316000	0.021985	255.477150
-225.264000	0.022012	255.140792
-225.212000	0.022038	254.813114
-225.160000	0.022064	254.488282
-225.108000	0.022091	254.172884
-225.056000	0.022117	253.859423
-225.004000	0.022144	253.556151
-224.952000	0.022171	253.254077
-224.900000	0.022197	252.962685
-224.848000	0.022224	252.672390
-224.796000	0.022251	252.392023
-224.744000	0.022277	252.113477
-224.692000	0.022304	251.844028
-224.640000	0.022331	251.577061
-224.588000	0.022358	251.318312
-224.536000	0.022385	251.062782
-224.484000	0.022412	250.814577
-224.432000	0.022439	250.570326
-224.380000	0.022466	250.332529
-224.328000	0.022493	250.099400
-224.276000	0.022520	249.871910
-224.224000	0.022548	249.649798
-224.172000	0.022575	249.432460
-224.120000	0.022602	249.221159
-224.068000	0.022630	249.013825
-224.016000	0.022657	248.813181
-223.964000	0.022684	248.615717
-223.912000	0.022712	248.425580
-223.860000	0.022739	248.237854
-223.808000	0.022767	248.058088
-223.756000	0.022795	247.880012
-223.704000	0.022822	247.710512
-223.652000	0.022850	247.542024
-223.600000	0.022878	247.382474
-223.548000	0.022905	247.223938
-223.496000	0.022933	247.073719
-223.444000	0.022961	246.925071
-223.392000	0.022989	246.784047
-223.340000	0.023017	246.645129
-223.288000	0.023045	246.513103
-223.236000	0.023073	246.383792
-223.184000	0.023101	246.260650
-223.132000	0.023129	246.140858
-223.080000	0.023158	246.026475
-223.028000	0.023186	245.916011
-222.976000	0.023214	245.810243
-222.924000	0.023243	245.708969
-222.872000	0.023271	245.611739
-222.820000	0.023299	245.519572
-222.768000	0.023328	245.430734
-222.716000	0.023356	245.347487
-222.664000	0.023385	245.266914
-222.612000	0.023414	245.192459
-222.560000	0.023442	245.120087
-222.508000	0.023471	245.054358
-222.456000	0.023500	244.990064
-222.404000	0.023529	244.932924
-222.352000	0.023557	244.876670
-222.300000	0.023586	244.827819
-222.248000	0.023615	244.779865
-222.196000	0.023644	244.738824
-222.144000	0.023673	244.699129
-222.092000	0.023702	244.665778
-222.040000	0.023732	244.634200
-221.988000	0.023761	244.608388
-221.936000	0.023790	244.584877
-221.884000	0.023819	244.566512
-221.832000	0.023849	244.550948
-221.780000	0.023878	244.539893
-221.728000	0.023907	244.532106
-221.676000	0.023937	244.528236
-221.624000	0.023967	244.528108
-221.572000	0.023996	244.531365
-221.520000	0.024026	244.538833
-221.468000	0.024055	244.549132
-221.416000	0.024085	244.564083
-221.364000	0.024115	244.581276
-221.312000	0.024145	244.603549
-221.260000	0.024175	244.627583
-221.208000	0.024205	244.657133
-221.156000	0.024234	244.687903
-221.104000	0.024265	244.724612
-221.052000	0.024295	244.762094
-221.000000	0.024325	244.805697
-220.948000	0.024355	244.850128
-220.896000	0.024385	244.900285
-220.844000	0.024415	244.951593
-220.792000	0.024446	245.008161
-220.740000	0.024476	245.066217
-220.688000	0.024507	245.129067
-220.636000	0.024537	245.193841
-220.584000	0.024568	245.262898
-220.532000	0.024598	245.334289
-220.480000	0.024629	245.409431
-220.428000	0.024659	245.487287
-220.376000	0.024690	245.568481
-220.324000	0.024721	245.652808
-220.272000	0.024752	245.739925
-220.220000	0.024783	245.830523
-220.168000	0.024814	245.923494
-220.116000	0.024845	246.020319
-220.064000	0.024876	246.119024
-220.012000	0.024907	246.221934
-219.960000	0.024938	246.326387
-219.908000	0.024969	246.435400
-219.856000	0.025000	246.545406
-219.804000	0.025032	246.660336
-219.752000	0.025063	246.775987
-219.700000	0.025094	246.896675
-219.648000	0.025126	247.018097
-219.596000	0.025157	247.144248
-219.544000	0.025189	247.271383
-219.492000	0.025221	247.402891
-219.440000	0.025252	247.535677
-219.388000	0.025284	247.672441
-219.336000	0.025316	247.810812
-219.284000	0.025348	247.952740
-219.232000	0.025379	248.096610
-219.180000	0.025411	248.243627
-219.128000	0.025443	248.392913
-219.076000	0.025475	248.544949
-219.024000	0.025508	248.699567
-218.972000	0.025540	248.856508
-218.920000	0.025572	249.016325
-218.868000	0.025604	249.178178
-218.816000	0.025636	249.343218
-218.764000	0.025669	249.509884
-218.712000	0.025701	249.680021
-218.660000	0.025734	249.851421
-218.608000	0.025766	250.026587
-218.556000	0.025799	250.202642
-218.504000	0.025832	250.382760
-218.452000	0.025864	250.563512
-218.400000	0.025897	250.748396
-218.348000	0.025930	250.933931
-218.296000	0.025963	251.123355
-218.244000	0.025996	251.313623
-218.192000	0.026029	251.507496
-218.140000	0.026062	251.702446
-218.088000	0.026095	251.900708
-218.036000	0.026128	252.100337
-217.984000	0.026161	252.302880
-217.932000	0.026194	252.507010
-217.880000	0.026228	252.713783
-217.828000	0.026261	252.922449
-217.776000	0.026294	253.133400
-217.724000	0.026328	253.346479
-217.672000	0.026361	253.561569
-217.620000	0.026395	253.779043
-217.568000	0.026429	253.998136
-217.516000	0.026462	254.219833
-217.464000	0.026496	254.442947
-217.412000	0.026530	254.668908
-217.360000	0.026564	254.895939
-217.308000	0.026598	255.126062
-217.256000	0.026632	255.356990
-217.204000	0.026666	255.591239
-217.152000	0.026700	255.826003
-217.100000	0.026734	256.064160
-217.048000	0.026769	256.302970
-216.996000	0.026803	256.544935
-216.944000	0.026837	256.787591
-216.892000	0.026872	257.033215
-216.840000	0.026906	257.279774
-216.788000	0.026941	257.529029
-216.736000	0.026975	257.779395
-216.684000	0.027010	258.032206
-216.632000	0.027044	258.286368
-216.580000	0.027079	258.542674
-216.528000	0.027114	258.800519
-216.476000	0.027149	259.060244
-216.424000	0.027184	259.321709
-216.372000	0.027219	259.584843
-216.320000	0.027254	259.849921
-216.268000	0.027289	260.116425
-216.216000	0.027324	260.385056
-216.164000	0.027360	260.654829
-216.112000	0.027395	260.926908
-216.060000	0.027430	261.199885
-216.008000	0.027466	261.475367
-215.956000	0.027501	261.751541
-215.904000	0.027537	262.030420
-215.852000	0.027573	262.309830
-215.800000	0.027608	262.591944
-215.748000	0.027644	262.874568
-215.696000	0.027680	263.159754
-215.644000	0.027716	263.445599
-215.592000	0.027751	263.733815
-215.540000	0.027787	264.022787
-215.488000	0.027824	264.313986
-215.436000	0.027860	264.606151
-215.384000	0.027896	264.900237
-215.332000	0.027932	265.195385
-215.280000	0.027968	265.492334
-215.228000	0.028005	265.790564
-215.176000	0.028041	266.090320
-215.124000	0.028078	266.391474
-215.072000	0.028114	266.693994
-215.020000	0.028151	266.998072
-214.968000	0.028188	267.303324
-214.916000	0.028224	267.610270
-214.864000	0.028261	267.918158
-214.812000	0.028298	268.227878
-214.760000	0.028335	268.538393
-214.708000	0.028372	268.850903
-214.656000	0.028409	269.164045
-214.604000	0.028446	269.479312
-214.552000	0.028483	269.794960
-214.500000	0.028521	270.112755
-214.448000	0.028558	270.431078
-214.396000	0.028596	270.751399
-214.344000	0.028633	271.072291
-214.292000	0.028671	271.395060
-214.240000	0.028708	271.718483
-214.188000	0.028746	272.043615
-214.136000	0.028783	272.369486
-214.084000	0.028821	272.696919
-214.032000	0.028859	273.025238
-213.980000	0.028897	273.354990
-213.928000	0.028935	273.685760
-213.876000	0.028973	274.017732
-213.824000	0.029011	274.350800
-213.772000	0.029050	274.684998
-213.720000	0.029088	275.020418
-213.668000	0.029126	275.356736
-213.616000	0.029164	275.694354
-213.564000	0.029203	276.032830
-213.512000	0.029241	276.372711
-213.460000	0.029280	276.713196
-213.408000	0.029319	277.055209
-213.356000	0.029358	277.397755
-213.304000	0.029396	277.741939
-213.252000	0.029435	278.086527
-213.200000	0.029474	278.432716
-213.148000	0.029513	278.779344
-213.096000	0.029552	279.127450
-213.044000	0.029591	279.476050
-212.992000	0.029631	279.826053
-212.940000	0.029670	280.176592
-212.888000	0.029709	280.528463
-212.836000	0.029749	280.880965
-212.784000	0.029788	281.234644
-212.732000	0.029828	281.589010
-212.680000	0.029868	281.944433
-212.628000	0.029907	282.300616
-212.576000	0.029947	282.657741
-212.524000	0.029987	283.015697
-212.472000	0.030027	283.374527
-212.420000	0.030067	283.734260
-212.368000	0.030107	284.094723
-212.316000	0.030147	284.456136
-212.264000	0.030187	284.818184
-212.212000	0.030228	285.181245
-212.160000	0.030268	285.544878
-212.108000	0.030308	285.909599
-212.056000	0.030349	286.274716
-212.004000	0.030389	286.641013
-211.952000	0.030430	287.007694
-211.900000	0.030471	287.375487
-211.848000	0.030512	287.743670
-211.796000	0.030552	288.112844
-211.744000	0.030593	288.482442
-211.692000	0.030634	288.853023
-211.640000	0.030675	289.224062
-211.588000	0.030717	289.596030
-211.536000	0.030758	289.968482
-211.484000	0.030799	290.341749
-211.432000	0.030841	290.715519
-211.380000	0.030882	291.090058
-211.328000	0.030924	291.465153
-211.276000	0.030965	291.840908
-211.224000	0.031007	292.217233
-211.172000	0.031049	292.594193
-211.120000	0.031090	292.971757
-211.068000	0.031132	293.349897
-211.016000	0.031174	293.728657
-210.964000	0.031216	294.107889
-210.912000	0.031259	294.487766
-210.860000	0.031301	294.868088
-210.808000	0.031343	295.249099
-210.756000	0.031385	295.630465
-210.704000	0.031428	296.012557
-210.652000	0.031470	296.394937
-210.600000	0.031513	296.777980
-210.548000	0.031556	297.161410
-210.496000	0.031598	297.545382
-210.444000	0.031641	297.929750
-210.392000	0.031684	298.314684
-210.340000	0.031727	298.699973
-210.288000	0.031770	299.085809
-210.236000	0.031813	299.471992
-210.184000	0.031857	299.858679
-210.132000	0.031900	300.245714
-210.080000	0.031943	300.633181
-210.028000	0.031987	301.020975
-209.976000	0.032030	301.409242
-209.924000	0.032074	301.797859
-209.872000	0.032118	302.186839
-209.820000	0.032161	302.576133
-209.768000	0.032205	302.965859
-209.716000	0.032249	303.355893
-209.664000	0.032293	303.746245
-209.612000	0.032337	304.136895
-209.560000	0.032381	304.527918
-209.508000	0.032426	304.919242
-209.456000	0.032470	305.310791
-209.404000	0.032514	305.702670
-209.352000	0.032559	306.094867
-209.300000	0.032604	306.487287
-209.248000	0.032648	306.880053
-209.196000	0.032693	307.272923
-209.144000	0.032738	307.666127
-209.092000	0.032783	308.059503
-209.040000	0.032828	308.453135
-208.988000	0.032873	308.846982
-208.936000	0.032918	309.241069
-208.884000	0.032963	309.635335
-208.832000	0.033008	310.029785
-208.780000	0.033054	310.424413
-208.728000	0.033099	310.819186
-208.676000	0.033145	311.214140
-208.624000	0.033191	311.609198
-208.572000	0.033236	312.004490
-208.520000	0.033282	312.399846
-208.468000	0.033328	312.795407
-208.416000	0.033374	313.190970
-208.364000	0.033420	313.586758
-208.312000	0.033466	313.982511
-208.260000	0.033513	314.378526
-208.208000	0.033559	314.774484
-208.156000	0.033605	315.170635
-208.104000	0.033652	315.566721
-208.052000	0.033699	315.963074
-208.000000	0.033745	316.359234
-207.948000	0.033792	316.755701
-207.896000	0.033839	317.151879
-207.844000	0.033886	317.548365
-207.792000	0.033933	317.944651
-207.740000	0.033980	318.341100
-207.688000	0.034027	318.737424
-207.636000	0.034074	319.133862
-207.584000	0.034122	319.530208
-207.532000	0.034169	319.926601
-207.480000	0.034217	320.322902
-207.428000	0.034264	320.719158
-207.376000	0.034312	321.115401
-207.324000	0.034360	321.511538
-207.272000	0.034408	321.907707
-207.220000	0.034456	322.303688
-207.168000	0.034504	322.699706
-207.116000	0.034552	323.095443
-207.064000	0.034601	323.491321
-207.012000	0.034649	323.886853
-206.960000	0.034697	324.282542
-206.908000	0.034746	324.677839
-206.856000	0.034795	325.073303
-206.804000	0.034843	325.468330
-206.752000	0.034892	325.863580
-206.700000	0.034941	326.258260
-206.648000	0.034990	326.653248
-206.596000	0.035039	327.047545
-206.544000	0.035088	327.442059
-206.492000	0.035138	327.836078
-206.440000	0.035187	328.230226
-206.388000	0.035236	328.623937
-206.336000	0.035286	329.017644
-206.284000	0.035336	329.410947
-206.232000	0.035385	329.804126
-206.180000	0.035435	330.197038
-206.128000	0.035485	330.589761
-206.076000	0.035535	330.982254
-206.024000	0.035585	331.374435
-205.972000	0.035636	331.766464
-205.920000	0.035686	332.158069
-205.868000	0.035736	332.549606
-205.816000	0.035787	332.940602
-205.764000	0.035837	333.331619
-205.712000	0.035888	333.722003
-205.660000	0.035939	334.112498
-205.608000	0.035990	334.502286
-205.556000	0.036041	334.892177
-205.504000	0.036092	335.281289
-205.452000	0.036143	335.670584
-205.400000	0.036194	336.058966
-205.348000	0.036246	336.447658
-205.296000	0.036297	336.835333
-205.244000	0.036349	337.223201
-205.192000	0.036400	337.610242
-205.140000	0.036452	337.997299
-205.088000	0.036504	338.383665
-205.036000	0.036556	338.769940
-204.984000	0.036608	339.155592
-204.932000	0.036660	339.541004
-204.880000	0.036713	339.925927
-204.828000	0.036765	340.310498
-204.776000	0.036817	340.694647
-204.724000	0.036870	341.078295
-204.672000	0.036923	341.461673
-204.620000	0.036975	341.844420
-204.568000	0.037028	342.227013
-204.516000	0.037081	342.608832
-204.464000	0.037134	342.990563
-204.412000	0.037187	343.371402
-204.360000	0.037241	343.752269
-204.308000	0.037294	344.132146
-204.256000	0.037348	344.512071
-204.204000	0.037401	344.890934
-204.152000	0.037455	345.270029
-204.100000	0.037509	345.647874
-204.048000	0.037562	346.025963
-203.996000	0.037616	346.402752
-203.944000	0.037671	346.779714
-203.892000	0.037725	347.155605
-203.840000	0.037779	347.531462
-203.788000	0.037833	347.906383
-203.736000	0.037888	348.281116
-203.684000	0.037943	348.655040
-203.632000	0.037997	349.028622
-203.580000	0.038052	349.401525
-203.528000	0.038107	349.773931
-203.476000	0.038162	350.145792
-203.424000	0.038217	350.516997
-203.372000	0.038273	350.887750
-203.320000	0.038328	351.257677
-203.268000	0.038383	351.627385
-203.216000	0.038439	351.996115
-203.164000	0.038495	352.364774
-203.112000	0.038550	352.732309
-203.060000	0.038606	353.099758
-203.008000	0.038662	353.465987
-202.956000	0.038718	353.832312
-202.904000	0.038775	354.197284
-202.852000	0.038831	354.562386
-202.800000	0.038888	354.926011
-202.748000	0.038944	355.289962
-202.696000	0.039001	355.652344
-202.644000	0.039058	356.014817
-202.592000	0.039114	356.376025
-202.540000	0.039171	356.737158
-202.488000	0.039229	357.097156
-202.436000	0.039286	357.456877
-202.384000	0.039343	357.815647
-202.332000	0.039401	358.173990
-202.280000	0.039458	358.531502
-202.228000	0.039516	358.888393
-202.176000	0.039574	359.244650
-202.124000	0.039632	359.600122
-202.072000	0.039690	359.955079
-202.020000	0.039748	360.309060
-201.968000	0.039806	360.662737
-201.916000	0.039864	361.015261
-201.864000	0.039923	361.367648
-201.812000	0.039981	361.718730
-201.760000	0.040040	362.069724
-201.708000	0.040099	362.419308
-201.656000	0.040158	362.769000
-201.604000	0.040217	363.117126
-201.552000	0.040276	363.465368
-201.500000	0.040335	363.811914
-201.448000	0.040395	364.158763
-201.396000	0.040454	364.503895
-201.344000	0.040514	364.849137
-201.292000	0.040574	365.192928
-201.240000	0.040633	365.536554
-201.188000	0.040693	365.878955
-201.136000	0.040754	366.221056
-201.084000	0.040814	366.562044
-201.032000	0.040874	366.902499
-200.980000	0.040935	367.242087
-200.928000	0.040995	367.580987
-200.876000	0.041056	367.919161
-200.824000	0.041117	368.256440
-200.772000	0.041178	368.593129
-200.720000	0.041239	368.928720
-200.668000	0.041300	369.263998
-200.616000	0.041361	369.597997
-200.564000	0.041423	369.931812
-200.512000	0.041484	370.264191
-200.460000	0.041546	370.596548
-200.408000	0.041608	370.927340
-200.356000	0.041670	371.258180
-200.304000	0.041732	371.587320
-200.252000	0.041794	371.916651
-200.200000	0.041856	372.244112
-200.148000	0.041919	372.571825
-200.096000	0.041981	372.897717
-200.044000	0.042044	373.223715
-199.992000	0.042107	373.548203
-199.940000	0.042170	373.872537
-199.888000	0.042233	374.195525
-199.836000	0.042296	374.518134
-199.784000	0.042359	374.839585
-199.732000	0.042423	375.160460
-199.680000	0.042486	375.480440
-199.628000	0.042550	375.799678
-199.576000	0.042614	376.118098
-199.524000	0.042678	376.435534
-199.472000	0.042742	376.752474
-199.420000	0.042806	377.068258
-199.368000	0.042870	377.383650
-199.316000	0.042935	377.697676
-199.264000	0.042999	378.011600
-199.212000	0.043064	378.323997
-199.160000	0.043129	378.636310
-199.108000	0.043194	378.946976
-199.056000	0.043259	379.257732
-199.004000	0.043324	379.566706
-198.952000	0.043389	379.875912
-198.900000	0.043455	380.183177
-198.848000	0.043521	380.490715
-198.796000	0.043586	380.796380
-198.744000	0.043652	381.102123
-198.692000	0.043718	381.406311
-198.640000	0.043784	381.710313
-198.588000	0.043851	382.012961
-198.536000	0.043917	382.315220
-198.484000	0.043984	382.616360
-198.432000	0.044050	382.916926
-198.380000	0.044117	383.216543
-198.328000	0.044184	383.515361
-198.276000	0.044252	383.813433
-198.224000	0.044319	384.110503
-198.172000	0.044386	384.407030
-198.120000	0.044454	384.702350
-198.068000	0.044521	384.997380
-198.016000	0.044589	385.291012
-197.964000	0.044657	385.584543
-197.912000	0.044725	385.876517
-197.860000	0.044793	386.168463
-197.808000	0.044862	386.458730
-197.756000	0.044930	386.749095
-197.704000	0.044999	387.037663
-197.652000	0.045068	387.326512
-197.600000	0.045137	387.613416
-197.548000	0.045206	387.900623
-197.496000	0.045275	388.185971
-197.444000	0.045344	388.471378
-197.392000	0.045414	388.755297
-197.340000	0.045483	389.039068
-197.288000	0.045553	389.321508
-197.236000	0.045623	389.603543
-197.184000	0.045693	389.884484
-197.132000	0.045763	390.164839
-197.080000	0.045834	390.444309
-197.028000	0.045904	390.722988
-196.976000	0.045975	391.000991
-196.924000	0.046046	391.277999
-196.872000	0.046117	391.554540
-196.820000	0.046188	391.829882
-196.768000	0.046259	392.104965
-196.716000	0.046330	392.378659
-196.664000	0.046402	392.652279
-196.612000	0.046474	392.924365
-196.560000	0.046545	393.196493
-196.508000	0.046617	393.466985
-196.456000	0.046689	393.737685
-196.404000	0.046762	394.006622
-196.352000	0.046834	394.275857
-196.300000	0.046907	394.543211
-196.248000	0.046979	394.810901
-196.196000	0.047052	395.076815
-196.144000	0.047125	395.342776
-196.092000	0.047199	395.607353
-196.040000	0.047272	395.871805
-195.988000	0.047345	396.135031
-195.936000	0.047419	396.397880
-195.884000	0.047493	396.659709
-195.832000	0.047567	396.920964
-195.780000	0.047641	397.181442
-195.728000	0.047715	397.441166
-195.676000	0.047789	397.700322
-195.624000	0.047864	397.958525
-195.572000	0.047939	398.216368
-195.520000	0.048014	398.473062
-195.468000	0.048089	398.729601
-195.416000	0.048164	398.984810
-195.364000	0.048239	399.239989
-195.312000	0.048315	399.493714
-195.260000	0.048390	399.747614
-195.208000	0.048466	399.999951
-195.156000	0.048542	400.252483
-195.104000	0.048618	400.503359
-195.052000	0.048695	400.754594
-195.000000	0.048771	401.004076
-194.948000	0.048848	401.253932
-194.896000	0.048925	401.502196
-194.844000	0.049001	401.750566
-194.792000	0.049079	401.997657
-194.740000	0.049156	402.244609
-194.688000	0.049233	402.490515
-194.636000	0.049311	402.736115
-194.584000	0.049389	402.980844
-194.532000	0.049467	403.225054
-194.480000	0.049545	403.468594
-194.428000	0.049623	403.711430
-194.376000	0.049701	403.953838
-194.324000	0.049780	404.195367
-194.272000	0.049859	404.436624
-194.220000	0.049938	404.676810
-194.168000	0.050017	404.916970
-194.116000	0.050096	405.155900
-194.064000	0.050175	405.394965
-194.012000	0.050255	405.632683
-193.960000	0.050335	405.870581
-193.908000	0.050415	406.107073
-193.856000	0.050495	406.343928
-193.804000	0.050575	406.579273
-193.752000	0.050656	406.815001
-193.700000	0.050736	407.049143
-193.648000	0.050817	407.283665
-193.596000	0.050898	407.516807
-193.544000	0.050979	407.750093
-193.492000	0.051060	407.982324
-193.440000	0.051142	408.214495
-193.388000	0.051224	408.445751
-193.336000	0.051305	408.676720
-193.284000	0.051387	408.907034
-193.232000	0.051470	409.136924
-193.180000	0.051552	409.366318
-193.128000	0.051634	409.595097
-193.076000	0.051717	409.823570
-193.024000	0.051800	410.051256
-192.972000	0.051883	410.278870
-192.920000	0.051966	410.505535
-192.868000	0.052050	410.732319
-192.816000	0.052133	410.958004
-192.764000	0.052217	411.183899
-192.712000	0.052301	411.408603
-192.660000	0.052385	411.633593
-192.608000	0.052470	411.857346
-192.556000	0.052554	412.081506
-192.504000	0.052639	412.304370
-192.452000	0.052724	412.527722
-192.400000	0.052809	412.749715
-192.348000	0.052894	412.972131
-192.296000	0.052980	413.193417
-192.244000	0.053065	413.414893
-192.192000	0.053151	413.635517
-192.140000	0.053237	413.856118
-192.088000	0.053323	414.076054
-192.036000	0.053410	414.295802
-191.984000	0.053496	414.515068
-191.932000	0.053583	414.733984
-191.880000	0.053670	414.952600
-191.828000	0.053757	415.170706
-191.776000	0.053844	415.388689
-191.724000	0.053932	415.606007
-191.672000	0.054020	415.823423
-191.620000	0.054107	416.040027
-191.568000	0.054195	416.256856
-191.516000	0.054284	416.472743
-191.464000	0.054372	416.689023
-191.412000	0.054461	416.904296
-191.360000	0.054550	417.119965
-191.308000	0.054639	417.334605
-191.256000	0.054728	417.549736
-191.204000	0.054817	417.763805
-191.152000	0.054907	417.978424
-191.100000	0.054997	418.191927
-191.048000	0.055087	418.405863
-190.996000	0.055177	418.618965
-190.944000	0.055268	418.832339
-190.892000	0.055358	419.045083
-190.840000	0.055449	419.257849
-190.788000	0.055540	419.470183
-190.736000	0.055631	419.682417
-190.684000	0.055723	419.894424
-190.632000	0.055814	420.106205
-190.580000	0.055906	420.317889
-190.528000	0.055998	420.529183
-190.476000	0.056090	420.740503
-190.424000	0.056183	420.951284
-190.372000	0.056275	421.162383
-190.320000	0.056368	421.372827
-190.268000	0.056461	421.583606
-190.216000	0.056555	421.793618
-190.164000	0.056648	422.004206
-190.112000	0.056742	422.213981
-190.060000	0.056836	422.424213
-190.008000	0.056930	422.633651
-189.956000	0.057024	422.843710
-189.904000	0.057118	423.052942
-189.852000	0.057213	423.262746
-189.800000	0.057308	423.471726
-189.748000	0.057403	423.681218
-189.696000	0.057499	423.890133
-189.644000	0.057594	424.099346
-189.592000	0.057690	424.308209
-189.540000	0.057786	424.517201
-189.488000	0.057882	424.725997
-189.436000	0.057978	424.934787
-189.384000	0.058075	425.143536
-189.332000	0.058172	425.352150
-189.280000	0.058269	425.560874
-189.228000	0.058366	425.769335
-189.176000	0.058464	425.978092
-189.124000	0.058562	426.186472
-189.072000	0.058660	426.395252
-189.020000	0.058758	426.603525
-188.968000	0.058856	426.812386
-188.916000	0.058955	427.020659
-188.864000	0.059054	427.229537
-188.812000	0.059153	427.437825
-188.760000	0.059252	427.646815
-188.708000	0.059351	427.855208
-188.656000	0.059451	428.064174
-188.604000	0.059551	428.272623
-188.552000	0.059651	428.481852
-188.500000	0.059752	428.690406
-188.448000	0.059852	428.899275
-188.396000	0.059953	429.107907
-188.344000	0.060054	429.316986
-188.292000	0.060155	429.526039
-188.240000	0.060257	429.735378
-188.188000	0.060359	429.944842
-188.136000	0.060461	430.154463
-188.084000	0.060563	430.364009
-188.032000	0.060665	430.573407
-187.980000	0.060768	430.783223
-187.928000	0.060871	430.992945
-187.876000	0.060974	431.203228
-187.824000	0.061078	431.413295
-187.772000	0.061181	431.623594
-187.720000	0.061285	431.833501
-187.668000	0.061389	432.044752
-187.616000	0.061493	432.255591
-187.564000	0.061598	432.466807
-187.512000	0.061703	432.677639
-187.460000	0.061808	432.889310
-187.408000	0.061913	433.100542
-187.356000	0.062019	433.312167
-187.304000	0.062125	433.523650
-187.252000	0.062231	433.736298
-187.200000	0.062337	433.948516
-187.148000	0.062443	434.161060
-187.096000	0.062550	434.373595
-187.044000	0.062657	434.586604
-186.992000	0.062764	434.799782
-186.940000	0.062872	435.013300
-186.888000	0.062980	435.227120
-186.836000	0.063088	435.441166
-186.784000	0.063196	435.655640
-186.732000	0.063304	435.870231
-186.680000	0.063413	436.084989
-186.628000	0.063522	436.299621
-186.576000	0.063631	436.514934
-186.524000	0.063741	436.730150
-186.472000	0.063851	436.946634
-186.420000	0.063960	437.162972
-186.368000	0.064071	437.379720
-186.316000	0.064181	437.596208
-186.264000	0.064292	437.813623
-186.212000	0.064403	438.030829
-186.160000	0.064514	438.248911
-186.108000	0.064626	438.466848
-186.056000	0.064738	438.685615
-186.004000	0.064850	438.904297
-185.952000	0.064962	439.123770
-185.900000	0.065075	439.343028
-185.848000	0.065187	439.562619
-185.796000	0.065300	439.782622
-185.744000	0.065414	440.003422
-185.692000	0.065527	440.224553
-185.640000	0.065641	440.446074
-185.588000	0.065756	440.667730
-185.536000	0.065870	440.889464
-185.484000	0.065985	441.112103
-185.432000	0.066099	441.335108
-185.380000	0.066215	441.558778
-185.328000	0.066330	441.782550
-185.276000	0.066446	442.006662
-185.224000	0.066562	442.230690
-185.172000	0.066678	442.456064
-185.120000	0.066795	442.681407
-185.068000	0.066912	442.907729
-185.016000	0.067029	443.133908
-184.964000	0.067146	443.360555
-184.912000	0.067264	443.587209
-184.860000	0.067382	443.815218
-184.808000	0.067500	444.043240
-184.756000	0.067619	444.272102
-184.704000	0.067738	444.501047
-184.652000	0.067857	444.730768
-184.600000	0.067976	444.960648
-184.548000	0.068096	445.191196
-184.496000	0.068216	445.422071
-184.444000	0.068336	445.653478
-184.392000	0.068456	445.885332
-184.340000	0.068577	446.117622
-184.288000	0.068698	446.350457
-184.236000	0.068819	446.583640
-184.184000	0.068941	446.817817
-184.132000	0.069063	447.052424
-184.080000	0.069185	447.287376
-184.028000	0.069308	447.522374
-183.976000	0.069431	447.758635
-183.924000	0.069554	447.995076
-183.872000	0.069677	448.232442
-183.820000	0.069801	448.469816
-183.768000	0.069925	448.708205
-183.716000	0.070049	448.946583
-183.664000	0.070174	449.185938
-183.612000	0.070298	449.425415
-183.560000	0.070424	449.666250
-183.508000	0.070549	449.907104
-183.456000	0.070675	450.148381
-183.404000	0.070801	450.390017
-183.352000	0.070927	450.632787
-183.300000	0.071054	450.875845
-183.248000	0.071181	451.119569
-183.196000	0.071308	451.363708
-183.144000	0.071436	451.608404
-183.092000	0.071564	451.853888
-183.040000	0.071692	452.100092
-182.988000	0.071820	452.346897
-182.936000	0.071949	452.594090
-182.884000	0.072078	452.841971
-182.832000	0.072208	453.090160
-182.780000	0.072337	453.339516
-182.728000	0.072467	453.589226
-182.676000	0.072598	453.839360
-182.624000	0.072728	454.089552
-182.572000	0.072860	454.341163
-182.520000	0.072991	454.592887
-182.468000	0.073123	454.846152
-182.416000	0.073254	455.099476
-182.364000	0.073387	455.353775
-182.312000	0.073519	455.608196
-182.260000	0.073652	455.863508
-182.208000	0.073786	456.119025
-182.156000	0.073919	456.375360
-182.104000	0.074053	456.632129
-182.052000	0.074187	456.890009
-182.000000	0.074322	457.148246
-181.948000	0.074457	457.407142
-181.896000	0.074592	457.666718
-181.844000	0.074727	457.927157
-181.792000	0.074863	458.188124
-181.740000	0.074999	458.449589
-181.688000	0.075136	458.711976
-181.636000	0.075273	458.974982
-181.584000	0.075410	459.238678
-181.532000	0.075548	459.502710
-181.480000	0.075686	459.767509
-181.428000	0.075824	460.032560
-181.376000	0.075962	460.298896
-181.324000	0.076101	460.565489
-181.272000	0.076240	460.833011
-181.220000	0.076380	461.100623
-181.168000	0.076520	461.369763
-181.116000	0.076660	461.639023
-181.064000	0.076801	461.909714
-181.012000	0.076942	462.180553
-180.960000	0.077083	462.452258
-180.908000	0.077225	462.724190
-180.856000	0.077367	462.996907
-180.804000	0.077509	463.270079
-180.752000	0.077652	463.544332
-180.700000	0.077795	463.819147
-180.648000	0.077938	464.094943
-180.596000	0.078082	464.371148
-180.544000	0.078226	464.647942
-180.492000	0.078371	464.925498
-180.440000	0.078515	465.203806
-180.388000	0.078661	465.482997
-180.336000	0.078806	465.762817
-180.284000	0.078952	466.043279
-180.232000	0.079098	466.324082
-180.180000	0.079245	466.606004
-180.128000	0.079392	466.888303
-180.076000	0.079539	467.171406
-180.024000	0.079687	467.454674
-179.972000	0.079835	467.739305
-179.920000	0.079984	468.024056
-179.868000	0.080133	468.310295
-179.816000	0.080282	468.596599
-179.764000	0.080431	468.883799
-179.712000	0.080581	469.171285
-179.660000	0.080732	469.460480
-179.608000	0.080883	469.749755
-179.556000	0.081034	470.039373
-179.504000	0.081185	470.329568
-179.452000	0.081337	470.621173
-179.400000	0.081489	470.913284
-179.348000	0.081642	471.206367
-179.296000	0.081795	471.499763
-179.244000	0.081948	471.793755
-179.192000	0.082102	472.088414
-179.140000	0.082256	472.383825
-179.088000	0.082411	472.680027
-179.036000	0.082566	472.976851
-178.984000	0.082721	473.274588
-178.932000	0.082877	473.572808
-178.880000	0.083033	473.871665
-178.828000	0.083190	474.170748
-178.776000	0.083347	474.470996
-178.724000	0.083504	474.771454
-178.672000	0.083662	475.073686
-178.620000	0.083820	475.376028
-178.568000	0.083978	475.679270
-178.516000	0.084137	475.982561
-178.464000	0.084297	476.287161
-178.412000	0.084456	476.591908
-178.360000	0.084617	476.897857
-178.308000	0.084777	477.204049
-178.256000	0.084938	477.511338
-178.204000	0.085099	477.818958
-178.152000	0.085261	478.127584
-178.100000	0.085423	478.436604
-178.048000	0.085586	478.746584
-177.996000	0.085749	479.056964
-177.944000	0.085913	479.368223
-177.892000	0.086077	479.679723
-177.840000	0.086241	479.991721
-177.788000	0.086406	480.304698
-177.736000	0.086570	480.618470
-177.684000	0.086736	480.933026
-177.632000	0.086902	481.248025
-177.580000	0.087069	481.563946
-177.528000	0.087235	481.880162
-177.476000	0.087403	482.197437
-177.424000	0.087570	482.514853
-177.372000	0.087739	482.833948
-177.320000	0.087907	483.153071
-177.268000	0.088076	483.472999
-177.216000	0.088246	483.792889
-177.164000	0.088416	484.114005
-177.112000	0.088586	484.435247
-177.060000	0.088757	484.758053
-177.008000	0.088928	485.080982
-176.956000	0.089099	485.404950
-176.904000	0.089272	485.729113
-176.852000	0.089444	486.054240
-176.800000	0.089617	486.379594
-176.748000	0.089790	486.705893
-176.696000	0.089965	487.032392
-176.644000	0.090139	487.359764
-176.592000	0.090314	487.687760
-176.540000	0.090489	488.016707
-176.488000	0.090665	488.345811
-176.436000	0.090841	488.675269
-176.384000	0.091017	489.006085
-176.332000	0.091194	489.337600
-176.280000	0.091372	489.669486
-176.228000	0.091550	490.001474
-176.176000	0.091729	490.334835
-176.124000	0.091908	490.668320
-176.072000	0.092087	491.002883
-176.020000	0.092267	491.337332
-175.968000	0.092447	491.672989
-175.916000	0.092628	492.008535
-175.864000	0.092810	492.345685
-175.812000	0.092991	492.682743
-175.760000	0.093174	493.020846
-175.708000	0.093356	493.359041
-175.656000	0.093540	493.698598
-175.604000	0.093723	494.038174
-175.552000	0.093907	494.378677
-175.500000	0.094092	494.719197
-175.448000	0.094277	495.060645
-175.396000	0.094463	495.402306
-175.344000	0.094649	495.745097
-175.292000	0.094836	496.088012
-175.240000	0.095023	496.431604
-175.188000	0.095211	496.775808
-175.136000	0.095399	497.120702
-175.084000	0.095588	497.466407
-175.032000	0.095777	497.812576
-174.980000	0.095967	498.159357
-174.928000	0.096157	498.506263
-174.876000	0.096347	498.853945
-174.824000	0.096538	499.201559
-174.772000	0.096730	499.550609
-174.720000	0.096922	499.899457
-174.668000	0.097115	500.249908
-174.616000	0.097308	500.600059
-174.564000	0.097502	500.951227
-174.512000	0.097696	501.302226
-174.460000	0.097891	501.654619
-174.408000	0.098087	502.006920
-174.356000	0.098282	502.360515
-174.304000	0.098479	502.714091
-174.252000	0.098676	503.068903
-174.200000	0.098873	503.423493
-174.148000	0.099071	503.778990
-174.096000	0.099270	504.134199
-174.044000	0.099468	504.490240
-173.992000	0.099668	504.846747
-173.940000	0.099868	505.204351
-173.888000	0.100069	505.562023
-173.836000	0.100270	505.920125
-173.784000	0.100472	506.279213
-173.732000	0.100674	506.638830
-173.680000	0.100877	506.998881
-173.628000	0.101080	507.358947
-173.576000	0.101284	507.719633
-173.524000	0.101489	508.080121
-173.472000	0.101694	508.442403
-173.420000	0.101899	508.804372
-173.368000	0.102106	509.167808
-173.316000	0.102312	509.530785
-173.264000	0.102519	509.894671
-173.212000	0.102727	510.258297
-173.160000	0.102936	510.623661
-173.108000	0.103145	510.988603
-173.056000	0.103354	511.354379
-173.004000	0.103565	511.719914
-172.952000	0.103775	512.086637
-172.900000	0.103987	512.453305
-172.848000	0.104198	512.821480
-172.796000	0.104411	513.189107
-172.744000	0.104623	513.557534
-172.692000	0.104837	513.926189
-172.640000	0.105052	514.295887
-172.588000	0.105266	514.665431
-172.536000	0.105481	515.035331
-172.484000	0.105698	515.406023
-172.432000	0.105914	515.777146
-172.380000	0.106131	516.148936
-172.328000	0.106349	516.520736
-172.276000	0.106567	516.892998
-172.224000	0.106786	517.264926
-172.172000	0.107006	517.638515
-172.120000	0.107226	518.011646
-172.068000	0.107447	518.386630
-172.016000	0.107668	518.760989
-171.964000	0.107890	519.136153
-171.912000	0.108113	519.510875
-171.860000	0.108336	519.887243
-171.808000	0.108560	520.263112
-171.756000	0.108785	520.640141
-171.704000	0.109010	521.016702
-171.652000	0.109236	521.394415
-171.600000	0.109462	521.771817
-171.548000	0.109689	522.150700
-171.496000	0.109916	522.529030
-171.444000	0.110144	522.908397
-171.392000	0.110373	523.287469
-171.340000	0.110603	523.667294
-171.288000	0.110833	524.047420
-171.236000	0.111064	524.428205
-171.184000	0.111296	524.809220
-171.132000	0.111527	525.190417
-171.080000	0.111760	525.572112
-171.028000	0.111994	525.953698
-170.976000	0.112228	526.336510
-170.924000	0.112463	526.718987
-170.872000	0.112699	527.103003
-170.820000	0.112935	527.486398
-170.768000	0.113171	527.871013
-170.716000	0.113408	528.254948
-170.664000	0.113647	528.640526
-170.612000	0.113885	529.025390
-170.560000	0.114125	529.411393
-170.508000	0.114365	529.796832
-170.456000	0.114605	530.183761
-170.404000	0.114847	530.570004
-170.352000	0.115090	530.957364
-170.300000	0.115333	531.344170
-170.248000	0.115576	531.732433
-170.196000	0.115820	532.120167
-170.144000	0.116065	532.509166
-170.092000	0.116311	532.897952
-170.040000	0.116557	533.287660
-169.988000	0.116804	533.677146
-169.936000	0.117052	534.067028
-169.884000	0.117300	534.457345
-169.832000	0.117549	534.847894
-169.780000	0.117799	535.239212
-169.728000	0.118049	535.630413
-169.676000	0.118301	536.022256
-169.624000	0.118553	536.413566
-169.572000	0.118806	536.806807
-169.520000	0.119059	537.199313
-169.468000	0.119314	537.592933
-169.416000	0.119568	537.985726
-169.364000	0.119824	538.380072
-169.312000	0.120081	538.773733
-169.260000	0.120338	539.169318
-169.208000	0.120595	539.564027
-169.156000	0.120854	539.959790
-169.104000	0.121113	540.354850
-169.052000	0.121373	540.751345
-169.000000	0.121635	541.147071
-168.948000	0.121896	541.544228
-168.896000	0.122159	541.940916
-168.844000	0.122421	542.339092
-168.792000	0.122685	542.736584
-168.740000	0.122949	543.134719
-168.688000	0.123216	543.533149
-168.636000	0.123482	543.932271
-168.584000	0.123749	544.331315
-168.532000	0.124017	544.730358
-168.480000	0.124286	545.130469
-168.428000	0.124555	545.530465
-168.376000	0.124825	545.931460
-168.324000	0.125095	546.331870
-168.272000	0.125367	546.734130
-168.220000	0.125640	547.135529
-168.168000	0.125913	547.537954
-168.116000	0.126187	547.939488
-168.064000	0.126462	548.342975
-168.012000	0.126737	548.745644
-167.960000	0.127014	549.150177
-167.908000	0.127292	549.553685
-167.856000	0.127570	549.958211
-167.804000	0.127849	550.362054
-167.752000	0.128128	550.767656
-167.700000	0.128409	551.172533
-167.648000	0.128690	551.579123
-167.596000	0.128973	551.984838
-167.544000	0.129256	552.391740
-167.492000	0.129540	552.798123
-167.440000	0.129824	553.205320
-167.388000	0.130110	553.612699
-167.336000	0.130397	554.020706
-167.284000	0.130684	554.429293
-167.232000	0.130972	554.838090
-167.180000	0.131262	555.247456
-167.128000	0.131551	555.656518
-167.076000	0.131842	556.066969
-167.024000	0.132133	556.476801
-166.972000	0.132426	556.888431
-166.920000	0.132720	557.299123
-166.868000	0.133014	557.711286
-166.816000	0.133309	558.122469
-166.764000	0.133605	558.535547
-166.712000	0.133902	558.947710
-166.660000	0.134200	559.361704
-166.608000	0.134498	559.774704
-166.556000	0.134798	560.189074
-166.504000	0.135098	560.602652
-166.452000	0.135400	561.017976
-166.400000	0.135702	561.432676
-166.348000	0.136005	561.849370
-166.296000	0.136309	562.265097
-166.244000	0.136614	562.681975
-166.192000	0.136920	563.098557
-166.140000	0.137227	563.516132
-166.088000	0.137535	563.933823
-166.036000	0.137843	564.352086
-165.984000	0.138153	564.770880
-165.932000	0.138463	565.189826
-165.880000	0.138776	565.610142
-165.828000	0.139088	566.030290
-165.776000	0.139401	566.451337
-165.724000	0.139716	566.871636
-165.672000	0.140031	567.293709
-165.620000	0.140348	567.714822
-165.568000	0.140665	568.138373
-165.516000	0.140983	568.560893
-165.464000	0.141302	568.985284
-165.412000	0.141622	569.408706
-165.360000	0.141943	569.833931
-165.308000	0.142265	570.258247
-165.256000	0.142588	570.684303
-165.204000	0.142913	571.109692
-165.152000	0.143238	571.537158
-165.100000	0.143564	571.963717
-165.048000	0.143890	572.391955
-164.996000	0.144219	572.819722
-164.944000	0.144547	573.249127
-164.892000	0.144878	573.678216
-164.840000	0.145209	574.108263
-164.788000	0.145541	574.538416
-164.736000	0.145874	574.969106
-164.684000	0.146209	575.400706
-164.632000	0.146544	575.832559
-164.580000	0.146881	576.265359
-164.528000	0.147218	576.697851
-164.476000	0.147556	577.132645
-164.424000	0.147895	577.566826
-164.372000	0.148236	578.002289
-164.320000	0.148578	578.436778
-164.268000	0.148920	578.874192
-164.216000	0.149264	579.310565
-164.164000	0.149609	579.748798
-164.112000	0.149955	580.186158
-164.060000	0.150301	580.625740
-164.008000	0.150650	581.064408
-163.956000	0.150998	581.504817
-163.904000	0.151349	581.944747
-163.852000	0.151700	582.387087
-163.800000	0.152052	582.828522
-163.748000	0.152406	583.271624
-163.696000	0.152760	583.714560
-163.644000	0.153116	584.159366
-163.592000	0.153473	584.603894
-163.540000	0.153830	585.049356
-163.488000	0.154189	585.495313
-163.436000	0.154549	585.941963
-163.384000	0.154911	586.389958
-163.332000	0.155273	586.838323
-163.280000	0.155637	587.287682
-163.228000	0.156001	587.736723
-163.176000	0.156368	588.188114
-163.124000	0.156734	588.638881
-163.072000	0.157102	589.091992
-163.020000	0.157472	589.544149
-162.968000	0.157842	589.998749
-162.916000	0.158214	590.452405
-162.864000	0.158587	590.908400
-162.812000	0.158961	591.363672
-162.760000	0.159337	591.821592
-162.708000	0.159713	592.278793
-162.656000	0.160091	592.738120
-162.604000	0.160470	593.197031
-162.552000	0.160850	593.658360
-162.500000	0.161231	594.119077
-162.448000	0.161613	594.581748
-162.396000	0.161997	595.044085
-162.344000	0.162382	595.508015
-162.292000	0.162768	595.972383
-162.240000	0.163155	596.438107
-162.188000	0.163545	596.904768
-162.136000	0.163934	597.372291
-162.084000	0.164326	597.840865
-162.032000	0.164718	598.309680
-161.980000	0.165112	598.780435
-161.928000	0.165507	599.251075
-161.876000	0.165903	599.724151
-161.824000	0.166300	600.196623
-161.772000	0.166700	600.671521
-161.720000	0.167100	601.145573
-161.668000	0.167501	601.623098
-161.616000	0.167904	602.099758
-161.564000	0.168308	602.578794
-161.512000	0.168713	603.057196
-161.460000	0.169119	603.538271
-161.408000	0.169527	604.018878
-161.356000	0.169937	604.502010
-161.304000	0.170348	604.984839
-161.252000	0.170760	605.470098
-161.200000	0.171173	605.955334
-161.148000	0.171587	606.443103
-161.096000	0.172004	606.930696
-161.044000	0.172421	607.419873
-160.992000	0.172840	607.909952
-160.940000	0.173260	608.401595
-160.888000	0.173682	608.893972
-160.836000	0.174104	609.387051
-160.784000	0.174529	609.882493
-160.732000	0.174954	610.378595
-160.680000	0.175382	610.876333
-160.628000	0.175810	611.373902
-160.576000	0.176240	611.874501
-160.524000	0.176671	612.374600
-160.472000	0.177104	612.877742
-160.420000	0.177538	613.380137
-160.368000	0.177974	613.886069
-160.316000	0.178411	614.391323
-160.264000	0.178850	614.899453
-160.212000	0.179290	615.407197
-160.160000	0.179731	615.918068
-160.108000	0.180173	616.428775
-160.056000	0.180618	616.942408
-160.004000	0.181064	617.455900
-159.952000	0.181511	617.971834
-159.900000	0.181960	618.487934
-159.848000	0.182410	619.006567
-159.796000	0.182863	619.525776
-159.744000	0.183316	620.047065
-159.692000	0.183771	620.569455
-159.640000	0.184227	621.093420
-159.588000	0.184685	621.619010
-159.536000	0.185144	622.145672
-159.484000	0.185606	622.674477
-159.432000	0.186068	623.203852
-159.380000	0.186532	623.735456
-159.328000	0.186998	624.267045
-159.276000	0.187465	624.802286
-159.224000	0.187933	625.337153
-159.172000	0.188404	625.875713
-159.120000	0.188876	626.413684
-159.068000	0.189350	626.955758
-159.016000	0.189825	627.497305
-158.964000	0.190302	628.041799
-158.912000	0.190780	628.586193
-158.860000	0.191260	629.134170
-158.808000	0.191742	629.682176
-158.756000	0.192225	630.233142
-158.704000	0.192711	630.784561
-158.652000	0.193197	631.339098
-158.600000	0.193686	631.894037
-158.548000	0.194175	632.451506
-158.496000	0.194667	633.010078
-158.444000	0.195160	633.570979
-158.392000	0.195656	634.133532
-158.340000	0.196151	634.697887
-158.288000	0.196651	635.264086
-158.236000	0.197150	635.831395
-158.184000	0.197652	636.401447
-158.132000	0.198155	636.972256
-158.080000	0.198661	637.545915
-158.028000	0.199168	638.119727
-157.976000	0.199677	638.697838
-157.924000	0.200187	639.275719
-157.872000	0.200700	639.857441
-157.820000	0.201214	640.438751
-157.768000	0.201730	641.024746
-157.716000	0.202248	641.610467
-157.664000	0.202767	642.199660
-157.612000	0.203288	642.789073
-157.560000	0.203811	643.382530
-157.508000	0.204336	643.976396
-157.456000	0.204863	644.573621
-157.404000	0.205392	645.171546
-157.352000	0.205922	645.772610
-157.300000	0.206455	646.374818
-157.248000	0.206988	646.980125
-157.196000	0.207525	647.586818
-157.144000	0.208062	648.195844
-157.092000	0.208602	648.806788
-157.040000	0.209143	649.419561
-156.988000	0.209687	650.035135
-156.936000	0.210232	650.652197
-156.884000	0.210780	651.272229
-156.832000	0.211329	651.893088
-156.780000	0.211880	652.517875
-156.728000	0.212433	653.143077
-156.676000	0.212988	653.772767
-156.624000	0.213545	654.402339
-156.572000	0.214105	655.036949
-156.520000	0.214666	655.671280
-156.468000	0.215229	656.309909
-156.416000	0.215794	656.948697
-156.364000	0.216361	657.592372
-156.312000	0.216930	658.236377
-156.260000	0.217501	658.884072
-156.208000	0.218074	659.532741
-156.156000	0.218649	660.185545
-156.104000	0.219226	660.839313
-156.052000	0.219805	661.496228
-156.000000	0.220387	662.154827
-155.948000	0.220970	662.816808
-155.896000	0.221556	663.480754
-155.844000	0.222143	664.147289
-155.792000	0.222733	664.816657
-155.740000	0.223324	665.488291
-155.688000	0.223919	666.162987
-155.636000	0.224514	666.839227
-155.584000	0.225113	667.519071
-155.532000	0.225713	668.199942
-155.480000	0.226316	668.885396
-155.428000	0.226920	669.571447
-155.376000	0.227528	670.262176
-155.324000	0.228137	670.952909
-155.272000	0.228748	671.649899
-155.220000	0.229361	672.346820
-155.168000	0.229977	673.048619
-155.116000	0.230595	673.750796
-155.064000	0.231215	674.457938
-155.012000	0.231838	675.165887
-154.960000	0.232463	675.878393
-154.908000	0.233090	676.592137
-154.856000	0.233719	677.310042
-154.804000	0.234351	678.029595
-154.752000	0.234984	678.752953
-154.700000	0.235621	679.478309
-154.648000	0.236259	680.207043
-154.596000	0.236901	680.938330
-154.544000	0.237543	681.672458
-154.492000	0.238190	682.410029
-154.440000	0.238837	683.150100
-154.388000	0.239488	683.893857
-154.336000	0.240139	684.639378
-154.284000	0.240796	685.389544
-154.232000	0.241453	686.141058
-154.180000	0.242114	686.897376
-154.128000	0.242776	687.654392
-154.076000	0.243441	688.417247
-154.024000	0.244107	689.180322
-153.972000	0.244778	689.949805
-153.920000	0.245450	690.719438
-153.868000	0.246125	691.494534
-153.816000	0.246802	692.270393
-153.764000	0.247483	693.052172
-153.712000	0.248165	693.835002
-153.660000	0.248850	694.622439
-153.608000	0.249538	695.411709
-153.556000	0.250228	696.205892
-153.504000	0.250921	697.002009
-153.452000	0.251615	697.801935
-153.400000	0.252314	698.604661
-153.348000	0.253014	699.411319
-153.296000	0.253718	700.221121
-153.244000	0.254422	701.034016
-153.192000	0.255132	701.850638
-153.140000	0.255842	702.669793
-153.088000	0.256557	703.493618
-153.036000	0.257272	704.319579
-152.984000	0.257993	705.150831
-152.932000	0.258714	705.983628
-152.880000	0.259439	706.821884
-152.828000	0.260166	707.661018
-152.776000	0.260897	708.506667
-152.724000	0.261629	709.352726
-152.672000	0.262366	710.205825
-152.620000	0.263104	711.059360
-152.568000	0.263846	711.919408
-152.516000	0.264590	712.780359
-152.464000	0.265336	713.646854
-152.412000	0.266087	714.515016
-152.360000	0.266840	715.389029
-152.308000	0.267596	716.265141
-152.256000	0.268353	717.146181
-152.204000	0.269115	718.029849
-152.152000	0.269879	718.917962
-152.100000	0.270647	719.809437
-152.048000	0.271417	720.705113
-151.996000	0.272191	721.604510
-151.944000	0.272967	722.507244
-151.892000	0.273747	723.414629
-151.840000	0.274527	724.324972
-151.788000	0.275314	725.240240
-151.736000	0.276102	726.157696
-151.684000	0.276894	727.081484
-151.632000	0.277688	728.007121
-151.580000	0.278486	728.938865
-151.528000	0.279286	729.871656
-151.476000	0.280090	730.811149
-151.424000	0.280897	731.751207
-151.372000	0.281708	732.699441
-151.320000	0.282521	733.648396
-151.268000	0.283337	734.604895
-151.216000	0.284157	735.562597
-151.164000	0.284979	736.526341
-151.112000	0.285805	737.492115
-151.060000	0.286634	738.464168
-151.008000	0.287468	739.438741
-150.956000	0.288303	740.418616
-150.904000	0.289143	741.401598
-150.852000	0.289985	742.389332
-150.800000	0.290831	743.381224
-150.748000	0.291680	744.377847
-150.696000	0.292533	745.378759
-150.644000	0.293388	746.383254
-150.592000	0.294248	747.392656
-150.540000	0.295110	748.405042
-150.488000	0.295977	749.423690
-150.436000	0.296845	750.445035
-150.384000	0.297719	751.472927
-150.332000	0.298595	752.502730
-150.280000	0.299476	753.539733
-150.228000	0.300358	754.578015
-150.176000	0.301247	755.624146
-150.124000	0.302137	756.671054
-150.072000	0.303032	757.726738
-150.020000	0.303929	758.783331
-149.968000	0.304831	759.847533
-149.916000	0.305736	760.913316
-149.864000	0.306644	761.986052
-149.812000	0.307557	763.061172
-149.760000	0.308472	764.142990
-149.708000	0.309392	765.227907
-149.656000	0.310315	766.318840
-149.604000	0.311243	767.413554
-149.552000	0.312173	768.513633
-149.500000	0.313109	769.618150
-149.448000	0.314046	770.727382
-149.396000	0.314989	771.841734
-149.344000	0.315934	772.960138
-149.292000	0.316885	774.084342
-149.240000	0.317838	775.211935
-149.188000	0.318797	776.346380
-149.136000	0.319757	777.483710
-149.084000	0.320725	778.628195
-149.032000	0.321693	779.774756
-148.980000	0.322668	780.929597
-148.928000	0.323644	782.085931
-148.876000	0.324627	783.250761
-148.824000	0.325612	784.416533
-148.772000	0.326602	785.591663
-148.720000	0.327595	786.767976
-148.668000	0.328593	787.952895
-148.616000	0.329595	789.139765
-148.564000	0.330602	790.334486
-148.512000	0.331612	791.531928
-148.460000	0.332626	792.736474
-148.408000	0.333645	793.944511
-148.356000	0.334667	795.158910
-148.304000	0.335695	796.377748
-148.252000	0.336725	797.602555
-148.200000	0.337762	798.832301
-148.148000	0.338801	800.067016
-148.096000	0.339847	801.307372
-148.044000	0.340894	802.552005
-147.992000	0.341949	803.803651
-147.940000	0.343004	805.059268
-147.888000	0.344068	806.321934
-147.836000	0.345133	807.587507
-147.784000	0.346206	808.861242
-147.732000	0.347281	810.137314
-147.680000	0.348362	811.422734
-147.628000	0.349445	812.709838
-147.576000	0.350535	814.006075
-147.524000	0.351628	815.303417
-147.472000	0.352728	816.611188
-147.420000	0.353831	817.920355
-147.368000	0.354938	819.238634
-147.316000	0.356051	820.559221
-147.264000	0.357168	821.888543
-147.212000	0.358290	823.221037
-147.160000	0.359416	824.561414
-147.108000	0.360549	825.905654
-147.056000	0.361685	827.256600
-147.004000	0.362827	828.612625
-146.952000	0.363972	829.975209
-146.900000	0.365124	831.343459
-146.848000	0.366279	832.717192
-146.796000	0.367441	834.097066
-146.744000	0.368605	835.481435
-146.692000	0.369778	836.873342
-146.640000	0.370952	838.269411
-146.588000	0.372135	839.673823
-146.536000	0.373320	841.081605
-146.484000	0.374513	842.498119
-146.432000	0.375708	843.917104
-146.380000	0.376912	845.346041
-146.328000	0.378118	846.776768
-146.276000	0.379331	848.218243
-146.224000	0.380548	849.661013
-146.172000	0.381771	851.114752
-146.120000	0.382999	852.570141
-146.068000	0.384233	854.035594
-146.016000	0.385472	855.503704
-145.964000	0.386716	856.981410
-145.912000	0.387966	858.462458
-145.860000	0.389221	859.951377
-145.808000	0.390482	861.445040
-145.756000	0.391748	862.946775
-145.704000	0.393021	864.453781
-145.652000	0.394297	865.967314
-145.600000	0.395582	867.487218
-145.548000	0.396869	869.013107
-145.496000	0.398166	870.546203
-145.444000	0.399464	872.084458
-145.392000	0.400772	873.630756
-145.340000	0.402081	875.181394
-145.288000	0.403402	876.740905
-145.236000	0.404723	878.303931
-145.184000	0.406055	879.877082
-145.132000	0.407389	881.453034
-145.080000	0.408732	883.039982
-145.028000	0.410078	884.628871
-144.976000	0.411433	886.229125
-144.924000	0.412791	887.830808
-144.872000	0.414158	889.444485
-144.820000	0.415530	891.059998
-144.768000	0.416908	892.686045
-144.716000	0.418292	894.315181
-144.664000	0.419683	895.955180
-144.612000	0.421080	897.598942
-144.560000	0.422483	899.251329
-144.508000	0.423893	900.908798
-144.456000	0.425308	902.574649
-144.404000	0.426731	904.246372
-144.352000	0.428158	905.925196
-144.300000	0.429595	907.611331
-144.248000	0.431035	909.304208
-144.196000	0.432486	911.004747
-144.144000	0.433938	912.710646
-144.092000	0.435403	914.425408
-144.040000	0.436868	916.144857
-143.988000	0.438346	917.874072
-143.936000	0.439826	919.607082
-143.884000	0.441317	921.351180
-143.832000	0.442810	923.098281
-143.780000	0.444315	924.856953
-143.728000	0.445823	926.617632
-143.676000	0.447340	928.391781
-143.624000	0.448862	930.167509
-143.572000	0.450394	931.955228
-143.520000	0.451931	933.745136
-143.468000	0.453476	935.547421
-143.416000	0.455028	937.352925
-143.364000	0.456587	939.169262
-143.312000	0.458154	940.990049
-143.260000	0.459727	942.820965
-143.208000	0.461309	944.657284
-143.156000	0.462897	946.502288
-143.104000	0.464494	948.353747
-143.052000	0.466095	950.212867
-143.000000	0.467708	952.079702
-142.948000	0.469324	953.953502
-142.896000	0.470953	955.836296
-142.844000	0.472584	957.725305
-142.792000	0.474229	959.623641
-142.740000	0.475875	961.526818
-142.688000	0.477535	963.441022
-142.636000	0.479198	965.359421
-142.584000	0.480873	967.289441
-142.532000	0.482552	969.222547
-142.480000	0.484243	971.168709
-142.428000	0.485938	973.117050
-142.376000	0.487645	975.079461
-142.324000	0.489356	977.043595
-142.272000	0.491079	979.021707
-142.220000	0.492808	981.002176
-142.168000	0.494546	982.995455
-142.116000	0.496292	984.992268
-142.064000	0.498047	987.000721
-142.012000	0.499811	989.014024
-141.960000	0.501581	991.038176
-141.908000	0.503362	993.068394
-141.856000	0.505150	995.108271
-141.804000	0.506949	997.155171
-141.752000	0.508753	999.210286
-141.700000	0.510570	1001.273762
-141.648000	0.512391	1003.344675
-141.596000	0.514227	1005.425302
-141.544000	0.516065	1007.512538
-141.492000	0.517919	1009.610239
-141.440000	0.519775	1011.713285
-141.388000	0.521647	1013.828225
-141.336000	0.523521	1015.947601
-141.284000	0.525412	1018.079541
-141.232000	0.527306	1020.214735
-141.180000	0.529214	1022.364468
-141.128000	0.531127	1024.516526
-141.076000	0.533053	1026.683244
-141.024000	0.534986	1028.851803
-140.972000	0.536931	1031.035807
-140.920000	0.538884	1033.222389
-140.868000	0.540847	1035.422657
-140.816000	0.542820	1037.626866
-140.764000	0.544802	1039.843927
-140.712000	0.546795	1042.066229
-140.660000	0.548796	1044.300087
-140.608000	0.550809	1046.540484
-140.556000	0.552829	1048.791158
-140.504000	0.554864	1051.049858
-140.452000	0.556904	1053.317912
-140.400000	0.558960	1055.594692
-140.348000	0.561020	1057.879115
-140.296000	0.563097	1060.174266
-140.244000	0.565177	1062.476626
-140.192000	0.567275	1064.790233
-140.140000	0.569376	1067.109493
-140.088000	0.571497	1069.441508
-140.036000	0.573620	1071.778185
-139.984000	0.575760	1074.129216
-139.932000	0.577905	1076.483843
-139.880000	0.580068	1078.853561
-139.828000	0.582236	1081.225613
-139.776000	0.584419	1083.613920
-139.724000	0.586610	1086.004216
-139.672000	0.588815	1088.411399
-139.620000	0.591029	1090.821378
-139.568000	0.593256	1093.245903
-139.516000	0.595493	1095.674776
-139.464000	0.597742	1098.117691
-139.412000	0.600004	1100.566229
-139.360000	0.602275	1103.027018
-139.308000	0.604561	1105.494811
-139.256000	0.606854	1107.973488
-139.204000	0.609165	1110.460966
-139.152000	0.611482	1112.958619
-139.100000	0.613817	1115.465884
-139.048000	0.616157	1117.981500
-138.996000	0.618518	1120.508548
-138.944000	0.620882	1123.043175
-138.892000	0.623268	1125.590169
-138.840000	0.625656	1128.143282
-138.788000	0.628068	1130.710397
-138.736000	0.630482	1133.282522
-138.684000	0.632918	1135.871650
-138.632000	0.635358	1138.464880
-138.580000	0.637819	1141.068583
-138.528000	0.640287	1143.674025
-138.476000	0.642773	1146.305479
-138.424000	0.645267	1148.939112
-138.372000	0.647778	1151.588070
-138.320000	0.650300	1154.239836
-138.268000	0.652837	1156.905629
-138.216000	0.655387	1159.576607
-138.164000	0.657950	1162.264465
-138.112000	0.660528	1164.957731
-138.060000	0.663118	1167.662422
-138.008000	0.665724	1170.375707
-137.956000	0.668341	1173.102482
-137.904000	0.670976	1175.837228
-137.852000	0.673619	1178.580899
-137.800000	0.676285	1181.336409
-137.748000	0.678956	1184.102234
-137.696000	0.681652	1186.878327
-137.644000	0.684350	1189.661074
-137.592000	0.687076	1192.462215
-137.540000	0.689804	1195.272345
-137.488000	0.692559	1198.091085
-137.436000	0.695318	1200.912910
-137.384000	0.698102	1203.756988
-137.332000	0.700893	1206.606192
-137.280000	0.703706	1209.470157
-137.228000	0.706528	1212.336284
-137.176000	0.709371	1215.223409
-137.124000	0.712225	1218.112559
-137.072000	0.715099	1221.016968
-137.020000	0.717986	1223.925642
-136.968000	0.720890	1226.857340
-136.916000	0.723810	1229.793213
-136.864000	0.726745	1232.741743
-136.812000	0.729698	1235.697249
-136.760000	0.732665	1238.667839
-136.708000	0.735653	1241.647106
-136.656000	0.738652	1244.639773
-136.604000	0.741674	1247.640474
-136.552000	0.744704	1250.650034
-136.500000	0.747761	1253.674225
-136.448000	0.750825	1256.711161
-136.396000	0.753918	1259.758419
-136.344000	0.757014	1262.812268
-136.292000	0.760144	1265.884608
-136.240000	0.763276	1268.965829
-136.188000	0.766440	1272.059620
-136.136000	0.769608	1275.157754
-136.084000	0.772807	1278.273910
-136.032000	0.776013	1281.394181
-135.980000	0.779247	1284.538736
-135.928000	0.782491	1287.686374
-135.876000	0.785761	1290.849950
-135.824000	0.789043	1294.015748
-135.772000	0.792349	1297.201644
-135.720000	0.795670	1300.391907
-135.668000	0.799012	1303.605080
-135.616000	0.802373	1306.822484
-135.564000	0.805752	1310.052471
-135.512000	0.809154	1313.291036
-135.460000	0.812571	1316.548299
-135.408000	0.816013	1319.812383
-135.356000	0.819468	1323.086472
-135.304000	0.822951	1326.373314
-135.252000	0.826445	1329.674742
-135.200000	0.829970	1332.988153
-135.148000	0.833503	1336.311704
-135.096000	0.837072	1339.651905
-135.044000	0.840645	1343.002807
-134.992000	0.844257	1346.365202
-134.940000	0.847872	1349.732996
-134.888000	0.851526	1353.121303
-134.836000	0.855185	1356.516446
-134.784000	0.858880	1359.929680
-134.732000	0.862585	1363.346936
-134.680000	0.866322	1366.788568
-134.628000	0.870072	1370.233165
-134.576000	0.873853	1373.693753
-134.524000	0.877649	1377.157241
-134.472000	0.881473	1380.650517
-134.420000	0.885316	1384.146778
-134.368000	0.889184	1387.656845
-134.316000	0.893075	1391.173477
-134.264000	0.896988	1394.710794
-134.212000	0.900927	1398.255233
-134.160000	0.904885	1401.814571
-134.108000	0.908874	1405.384674
-134.056000	0.912878	1408.971270
-134.004000	0.916917	1412.570703
-133.952000	0.920967	1416.184610
-133.900000	0.925057	1419.810555
-133.848000	0.929155	1423.446555
-133.796000	0.933297	1427.096123
-133.744000	0.937443	1430.754215
-133.692000	0.941637	1434.430970
-133.640000	0.945835	1438.116378
-133.588000	0.950079	1441.822385
-133.536000	0.954330	1445.535110
-133.484000	0.958626	1449.265990
-133.432000	0.962932	1453.000796
-133.380000	0.967278	1456.760068
-133.328000	0.971638	1460.522183
-133.276000	0.976037	1464.305516
-133.224000	0.980454	1468.091846
-133.172000	0.984904	1471.907817
-133.120000	0.989379	1475.727580
-133.068000	0.993883	1479.565538
-133.016000	0.998415	1483.408985
-132.964000	1.002972	1487.268931
-132.912000	1.007562	1491.139198
-132.860000	1.012175	1495.031589
-132.808000	1.016827	1498.932852
-132.756000	1.021497	1502.847239
-132.704000	1.026210	1506.776917
-132.652000	1.030938	1510.723811
-132.600000	1.035713	1514.682795
-132.548000	1.040498	1518.651743
-132.496000	1.045334	1522.637497
-132.444000	1.050176	1526.633726
-132.392000	1.055079	1530.648698
-132.340000	1.059987	1534.672208
-132.288000	1.064949	1538.716395
-132.236000	1.069919	1542.767179
-132.184000	1.074943	1546.836182
-132.132000	1.079980	1550.909009
-132.080000	1.085067	1555.011185
-132.028000	1.090171	1559.116506
-131.976000	1.095320	1563.248317
-131.924000	1.100494	1567.382797
-131.872000	1.105710	1571.541920
-131.820000	1.110954	1575.705682
-131.768000	1.116233	1579.891981
-131.716000	1.121550	1584.085016
-131.664000	1.126902	1588.298494
-131.612000	1.132291	1592.522394
-131.560000	1.137705	1596.768277
-131.508000	1.143165	1601.023087
-131.456000	1.148646	1605.290927
-131.404000	1.154183	1609.574153
-131.352000	1.159737	1613.874460
-131.300000	1.165348	1618.189706
-131.248000	1.170970	1622.517255
-131.196000	1.176658	1626.861680
-131.144000	1.182353	1631.216465
-131.092000	1.188125	1635.593676
-131.040000	1.193902	1639.980924
-130.988000	1.199743	1644.388929
-130.936000	1.205595	1648.803410
-130.884000	1.211519	1653.240584
-130.832000	1.217458	1657.682291
-130.780000	1.223455	1662.148631
-130.728000	1.229475	1666.617560
-130.676000	1.235549	1671.118288
-130.624000	1.241655	1675.622065
-130.572000	1.247812	1680.155187
-130.520000	1.254005	1684.692227
-130.468000	1.260241	1689.247255
-130.416000	1.266518	1693.811515
-130.364000	1.272832	1698.404136
-130.312000	1.279199	1703.005664
-130.260000	1.285601	1707.625418
-130.208000	1.292064	1712.256165
-130.156000	1.298554	1716.903060
-130.104000	1.305108	1721.565433
-130.052000	1.311682	1726.244750
-130.000000	1.318330	1730.941897
-129.948000	1.324992	1735.653641
-129.896000	1.331735	1740.382330
-129.844000	1.338485	1745.121264
-129.792000	1.345329	1749.882716
-129.740000	1.352179	1754.654065
-129.688000	1.359117	1759.446245
-129.636000	1.366068	1764.244778
-129.584000	1.373094	1769.074961
-129.532000	1.380144	1773.911128
-129.480000	1.387274	1778.772013
-129.428000	1.394432	1783.635465
-129.376000	1.401656	1788.530608
-129.324000	1.408917	1793.428461
-129.272000	1.416240	1798.350697
-129.220000	1.423608	1803.279387
-129.168000	1.431029	1808.239173
-129.116000	1.438509	1813.205851
-129.064000	1.446040	1818.192725
-129.012000	1.453631	1823.191847
-128.960000	1.461260	1828.216269
-128.908000	1.468968	1833.251751
-128.856000	1.476712	1838.303268
-128.804000	1.484536	1843.370350
-128.752000	1.492384	1848.454245
-128.700000	1.500323	1853.556052
-128.648000	1.508281	1858.672318
-128.596000	1.516343	1863.812097
-128.544000	1.524415	1868.965965
-128.492000	1.532600	1874.138790
-128.440000	1.540794	1879.319794
-128.388000	1.549095	1884.525759
-128.336000	1.557414	1889.739125
-128.284000	1.565839	1894.984264
-128.232000	1.574290	1900.235219
-128.180000	1.582830	1905.510968
-128.128000	1.591408	1910.789322
-128.076000	1.600072	1916.104402
-128.024000	1.608786	1921.422718
-127.972000	1.617581	1926.770075
-127.920000	1.626433	1932.123160
-127.868000	1.635352	1937.502793
-127.816000	1.644341	1942.890644
-127.764000	1.653390	1948.302544
-127.712000	1.662523	1953.726808
-127.660000	1.671707	1959.176212
-127.608000	1.680982	1964.638803
-127.556000	1.690296	1970.120485
-127.504000	1.699723	1975.620275
-127.452000	1.709183	1981.139511
-127.400000	1.718757	1986.673878
-127.348000	1.728353	1992.220210
-127.296000	1.738082	1997.790163
-127.244000	1.747824	2003.374043
-127.192000	1.757705	2008.984302
-127.140000	1.767598	2014.605727
-127.088000	1.777636	2020.252206
-127.036000	1.787696	2025.905938
-126.984000	1.797879	2031.591565
-126.932000	1.808099	2037.282837
-126.880000	1.818444	2043.003872
-126.828000	1.828834	2048.727814
-126.776000	1.839330	2054.483137
-126.724000	1.849889	2060.242732
-126.672000	1.860551	2066.040744
-126.620000	1.871287	2071.843715
-126.568000	1.882110	2077.668721
-126.516000	1.893022	2083.504589
-126.464000	1.904012	2089.372279
-126.412000	1.915107	2095.250771
-126.360000	1.926268	2101.150685
-126.308000	1.937548	2107.065957
-126.256000	1.948880	2113.003334
-126.204000	1.960349	2118.956437
-126.152000	1.971859	2124.926086
-126.100000	1.983522	2130.916709
-126.048000	1.995214	2136.923864
-125.996000	2.007079	2142.954748
-125.944000	2.018958	2148.999397
-125.892000	2.031024	2155.070540
-125.840000	2.043105	2161.152685
-125.788000	2.055363	2167.264081
-125.736000	2.067652	2173.383713
-125.684000	2.080103	2179.535360
-125.632000	2.092601	2185.692480
-125.580000	2.105254	2191.879464
-125.528000	2.117971	2198.069415
-125.476000	2.130828	2204.295738
-125.424000	2.143765	2210.526480
-125.372000	2.156829	2216.795448
-125.320000	2.169996	2223.070344
-125.268000	2.183279	2229.371487
-125.216000	2.196677	2235.682338
-125.164000	2.210173	2242.020887
-125.112000	2.223805	2248.373727
-125.060000	2.237520	2254.754910
-125.008000	2.251394	2261.149458
-124.956000	2.265337	2267.562831
-124.904000	2.279462	2273.997026
-124.852000	2.293640	2280.453083
-124.800000	2.308016	2286.927307
-124.748000	2.322428	2293.415583
-124.696000	2.337066	2299.931018
-124.644000	2.351724	2306.461973
-124.592000	2.366624	2313.019533
-124.540000	2.381546	2319.587929
-124.488000	2.396696	2326.185695
-124.436000	2.411887	2332.791529
-124.384000	2.427298	2339.434026
-124.332000	2.442769	2346.082524
-124.280000	2.458440	2352.760992
-124.228000	2.474197	2359.442529
-124.176000	2.490142	2366.165390
-124.124000	2.506194	2372.892308
-124.072000	2.522411	2379.652532
-124.020000	2.538759	2386.420611
-123.968000	2.555256	2393.223430
-123.916000	2.571909	2400.036073
-123.864000	2.588692	2406.876248
-123.812000	2.605657	2413.729130
-123.760000	2.622732	2420.606666
-123.708000	2.640021	2427.501904
-123.656000	2.657402	2434.422038
-123.604000	2.675018	2441.360594
-123.552000	2.692701	2448.318136
-123.500000	2.710656	2455.296865
-123.448000	2.728656	2462.291806
-123.396000	2.746952	2469.314038
-123.344000	2.765273	2476.351606
-123.292000	2.783923	2483.419637
-123.240000	2.802602	2490.499829
-123.188000	2.821585	2497.609509
-123.136000	2.840626	2504.727087
-123.084000	2.859957	2511.881472
-123.032000	2.879373	2519.041666
-122.980000	2.899053	2526.236887
-122.928000	2.918848	2533.435477
-122.876000	2.938887	2540.675191
-122.824000	2.959072	2547.919089
-122.772000	2.979480	2555.196124
-122.720000	3.000068	2562.481157
-122.668000	3.020856	2569.800736
-122.616000	3.041856	2577.131597
-122.564000	3.063028	2584.493719
-122.512000	3.084452	2591.870406
-122.460000	3.106026	2599.275071
-122.408000	3.127881	2606.695427
-122.356000	3.149855	2614.137422
-122.304000	3.172154	2621.600495
-122.252000	3.194544	2629.085074
-122.200000	3.217295	2636.590951
-122.148000	3.240106	2644.112884
-122.096000	3.263332	2651.665601
-122.044000	3.286591	2659.235340
-121.992000	3.310286	2666.831918
-121.940000	3.334023	2674.439003
-121.888000	3.358176	2682.079865
-121.836000	3.382407	2689.729521
-121.784000	3.407028	2697.416129
-121.732000	3.431767	2705.108350
-121.680000	3.456866	2712.840703
-121.628000	3.482127	2720.576680
-121.576000	3.507725	2728.353581
-121.524000	3.533524	2736.134791
-121.472000	3.559622	2743.948970
-121.420000	3.585968	2751.772251
-121.368000	3.612586	2759.634160
-121.316000	3.639495	2767.506133
-121.264000	3.666639	2775.405310
-121.212000	3.694130	2783.320956
-121.160000	3.721825	2791.267867
-121.108000	3.749914	2799.230582
-121.056000	3.778165	2807.214776
-121.004000	3.806866	2815.220178
-120.952000	3.835690	2823.246909
-120.900000	3.865020	2831.301003
-120.848000	3.894431	2839.375501
-120.796000	3.924410	2847.474183
-120.744000	3.954435	2855.585985
-120.692000	3.985074	2863.732311
-120.640000	4.015772	2871.891869
-120.588000	4.047040	2880.081160
-120.536000	4.078421	2888.278014
-120.484000	4.110349	2896.516559
-120.432000	4.142444	2904.761161
-120.380000	4.175038	2913.046045
-120.328000	4.207856	2921.334530
-120.276000	4.241136	2929.663748
-120.224000	4.274703	2937.997979
-120.172000	4.308690	2946.369659
-120.120000	4.343031	2954.749629
-120.068000	4.377752	2963.163767
-120.016000	4.412886	2971.589474
-119.964000	4.448345	2980.046070
-119.912000	4.484294	2988.517511
-119.860000	4.520524	2997.016568
-119.808000	4.557317	3005.535925
-119.756000	4.594337	3014.082683
-119.704000	4.631998	3022.650782
-119.652000	4.669829	3031.240036
-119.600000	4.708382	3039.850813
-119.548000	4.747045	3048.477327
-119.496000	4.786520	3057.138347
-119.444000	4.826061	3065.817807
-119.392000	4.866461	3074.524345
-119.340000	4.906952	3083.241061
-119.288000	4.948262	3091.996053
-119.236000	4.989737	3100.760480
-119.184000	5.031979	3109.557541
-119.132000	5.074465	3118.359214
-119.080000	5.117668	3127.206337
-119.028000	5.161199	3136.057445
-118.976000	5.205391	3144.954126
-118.924000	5.249999	3153.855372
-118.872000	5.295210	3162.789249
-118.820000	5.340927	3171.732564
-118.768000	5.387178	3180.714089
-118.716000	5.434041	3189.707327
-118.664000	5.481380	3198.731267
-118.612000	5.529427	3207.772002
-118.560000	5.577873	3216.843590
-118.508000	5.627140	3225.931215
-118.456000	5.676730	3235.040009
-118.404000	5.727259	3244.172895
-118.352000	5.778030	3253.329373
-118.300000	5.829857	3262.513528
-118.248000	5.881840	3271.717683
-118.196000	5.935017	3280.946256
-118.144000	5.988293	3290.187625
-118.092000	6.042818	3299.463849
-118.040000	6.097483	3308.752889
-117.988000	6.153345	3318.076143
-117.936000	6.209456	3327.407623
-117.884000	6.266692	3336.781138
-117.832000	6.324293	3346.160285
-117.780000	6.382943	3355.574973
-117.728000	6.442085	3364.993244
-117.676000	6.502202	3374.456879
-117.624000	6.562939	3383.926446
-117.572000	6.624559	3393.437693
-117.520000	6.686943	3402.956505
-117.468000	6.750123	3412.504906
-117.416000	6.814215	3422.066591
-117.364000	6.879002	3431.662600
-117.312000	6.944858	3441.273737
-117.260000	7.011305	3450.912126
-117.208000	7.078989	3460.571138
-117.156000	7.147152	3470.257155
-117.104000	7.216731	3479.964783
-117.052000	7.286667	3489.693211
-117.000000	7.358203	3499.446436
-116.948000	7.429964	3509.217272
-116.896000	7.503536	3519.016092
-116.844000	7.577255	3528.829332
-116.792000	7.652866	3538.677596
-116.740000	7.728694	3548.538469
-116.688000	7.806327	3558.429449
-116.636000	7.884348	3568.327492
-116.584000	7.964072	3578.267740
-116.532000	8.044364	3588.213406
-116.480000	8.126251	3598.204872
-116.428000	8.208900	3608.199811
-116.376000	8.293029	3618.229912
-116.324000	8.378123	3628.266120
-116.272000	8.464567	3638.343795
-116.220000	8.552195	3648.430206
-116.168000	8.641036	3658.550229
-116.116000	8.731298	3668.682257
-116.064000	8.822625	3678.844624
-116.012000	8.915619	3689.024116
-115.960000	9.009515	3699.234055
-115.908000	9.105348	3709.460269
-115.856000	9.201912	3719.707342
-115.804000	9.300691	3729.978823
-115.752000	9.400011	3740.273496
-115.700000	9.501855	3750.593109
-115.648000	9.604042	3760.930154
-115.596000	9.709067	3771.295329
-115.544000	9.814326	3781.674741
-115.492000	9.922577	3792.085473
-115.440000	10.031181	3802.507249
-115.388000	10.142583	3812.963537
-115.336000	10.254616	3823.427676
-115.284000	10.369347	3833.929515
-115.232000	10.484993	3844.436010
-115.180000	10.603157	3854.983400
-115.128000	10.722554	3865.534314
-115.076000	10.844306	3876.125190
-115.024000	10.967613	3886.721687
-114.972000	11.093058	3897.354874
-114.920000	11.220395	3907.998014
-114.868000	11.349636	3918.678744
-114.816000	11.481212	3929.370158
-114.764000	11.614511	3940.087967
-114.712000	11.750525	3950.821195
-114.660000	11.887983	3961.581315
-114.608000	12.028556	3972.360109
-114.556000	12.170279	3983.162557
-114.504000	12.315655	3993.986895
-114.452000	12.461904	4004.831680
-114.400000	12.612292	4015.698464
-114.348000	12.763221	4026.580356
-114.296000	12.918802	4037.494012
-114.244000	13.074766	4048.423463
-114.192000	13.235629	4059.380489
-114.140000	13.397102	4070.347038
-114.088000	13.563218	4081.348250
-114.036000	13.730390	4092.357125
-113.984000	13.901967	4103.403857
-113.932000	14.075092	4114.455055
-113.880000	14.252389	4125.542201
-113.828000	14.431750	4136.632728
-113.776000	14.614976	4147.763027
-113.724000	14.800856	4158.899101
-113.672000	14.990324	4170.071680
-113.620000	15.183032	4181.252212
-113.568000	15.378948	4192.461841
-113.516000	15.578754	4203.683774
-113.464000	15.781380	4214.935680
-113.412000	15.988652	4226.201257
-113.360000	16.198351	4237.490213
-113.308000	16.413472	4248.797988
-113.256000	16.630556	4260.129241
-113.204000	16.853801	4271.479824
-113.152000	17.078479	4282.848150
-113.100000	17.310273	4294.241705
-113.048000	17.542960	4305.652332
-112.996000	17.783735	4317.087872
-112.944000	18.025172	4328.535567
-112.892000	18.274969	4340.010968
-112.840000	18.525869	4351.495729
-112.788000	18.784820	4363.010985
-112.736000	19.045652	4374.532808
-112.684000	19.314120	4386.092644
-112.632000	19.585334	4397.656759
-112.580000	19.863788	4409.256954
-112.528000	20.145923	4420.860233
-112.476000	20.434831	4432.498170
-112.424000	20.728429	4444.141332
-112.372000	21.028259	4455.816290
-112.320000	21.333885	4467.499332
-112.268000	21.645157	4479.211310
-112.216000	21.963412	4490.932716
-112.164000	22.286646	4502.676480
-112.112000	22.618166	4514.435959
-112.060000	22.953934	4526.221975
-112.008000	23.299417	4538.024636
-111.956000	23.648343	4549.847686
-111.904000	24.008509	4561.687466
-111.852000	24.371218	4573.542329
-111.800000	24.746835	4585.419440
-111.748000	25.124001	4597.311343
-111.696000	25.515849	4609.228286
-111.644000	25.908903	4621.157224
-111.592000	26.317119	4633.113998
-111.540000	26.727408	4645.079974
-111.488000	27.152267	4657.072237
-111.436000	27.580651	4669.070012
-111.384000	28.022985	4681.096468
-111.332000	28.470456	4693.126044
-111.280000	28.931201	4705.191837
-111.228000	29.398820	4717.260376
-111.176000	29.878860	4729.358501
-111.124000	30.367670	4741.461987
-111.072000	30.867941	4753.597105
-111.020000	31.379104	4765.739310
-110.968000	31.900699	4777.906190
-110.916000	32.435443	4790.082608
-110.864000	32.979402	4802.281247
-110.812000	33.538964	4814.491873
-110.760000	34.106379	4826.722274
-110.708000	34.692174	4838.967105
-110.656000	35.284345	4851.229286
-110.604000	35.897832	4863.508300
-110.552000	36.516007	4875.802265
-110.500000	37.158673	4888.115452
-110.448000	37.804153	4900.441195
-110.396000	38.477651	4912.784998
-110.344000	39.153444	4925.137287
-110.292000	39.857849	4937.517544
-110.240000	40.566351	4949.906839
-110.188000	41.302586	4962.318173
-110.136000	42.045707	4974.734013
-110.084000	42.815383	4987.178646
-110.032000	43.595031	4999.626258
-109.980000	44.399917	5012.099884
-109.928000	45.218112	5024.575757
-109.876000	46.059924	5037.076188
-109.824000	46.918786	5049.581367
-109.772000	47.799553	5062.113533
-109.720000	48.701395	5074.651744
-109.668000	49.623093	5087.210414
-109.616000	50.570260	5099.778732
-109.564000	51.534968	5112.369139
-109.512000	52.529966	5124.967721
-109.460000	53.539922	5137.579403
-109.408000	54.585371	5150.205620
-109.356000	55.642863	5162.849053
-109.304000	56.741491	5175.503888
-109.252000	57.848911	5188.168618
-109.200000	59.003620	5200.849506
-109.148000	60.163518	5213.540757
-109.096000	61.377199	5226.250158
-109.044000	62.595284	5238.967931
-108.992000	63.867936	5251.705842
-108.940000	65.148624	5264.450132
-108.888000	66.481762	5277.212169
-108.836000	67.828210	5289.977747
-108.784000	69.224695	5302.762656
-108.732000	70.640249	5315.549517
-108.680000	72.103096	5328.362491
-108.628000	73.591202	5341.177699
-108.576000	75.123325	5354.017342
-108.524000	76.687412	5366.859537
-108.472000	78.291880	5379.715204
-108.420000	79.935519	5392.575834
-108.368000	81.615451	5405.452752
-108.316000	83.342183	5418.337850
-108.264000	85.100596	5431.241246
-108.212000	86.913974	5444.150900
-108.160000	88.753988	5457.070319
-108.108000	90.657535	5469.999610
-108.056000	92.582168	5482.940297
-108.004000	94.579280	5495.892447
-107.952000	96.591444	5508.854403
-107.900000	98.685579	5521.826216
-107.848000	100.788290	5534.804211
-107.796000	102.981959	5547.796844
-107.744000	105.182997	5560.796103
-107.692000	107.474499	5573.807589
-107.640000	109.779328	5586.822883
-107.588000	112.168086	5599.855991
-107.536000	114.578129	5612.892542
-107.484000	117.066224	5625.938880
-107.432000	119.583731	5638.986233
-107.380000	122.172723	5652.054582
-107.328000	124.799304	5665.123971
-107.276000	127.490233	5678.203150
-107.224000	130.226625	5691.284932
-107.172000	133.019491	5704.380112
-107.120000	135.865966	5717.479130
-107.068000	138.761289	5730.590308
-107.016000	141.716886	5743.706557
-106.964000	144.712586	5756.833735
-106.912000	147.775608	5769.965211
-106.860000	150.870644	5783.103154
-106.808000	154.038321	5796.246219
-106.756000	157.229573	5809.394951
-106.704000	160.498300	5822.552400
-106.652000	163.782648	5835.717146
-106.600000	167.146459	5848.888579
-106.548000	170.518181	5862.064109
-106.496000	173.971497	5875.243488
-106.444000	177.430736	5888.424572
-106.392000	180.960564	5901.617928
-106.340000	184.499865	5914.815019
-106.288000	188.096784	5928.016715
-106.236000	191.706428	5941.219357
-106.184000	195.361597	5954.431813
-106.132000	199.030760	5967.645242
-106.080000	202.733257	5980.869244
-106.028000	206.449524	5994.093845
-105.976000	210.188948	6007.323366
-105.924000	213.939141	6020.553913
-105.872000	217.702488	6033.788953
-105.820000	221.471595	6047.025444
-105.768000	225.245864	6060.266000
-105.716000	229.018246	6073.510055
-105.664000	232.789395	6086.761358
-105.612000	236.548840	6100.012934
-105.560000	240.302825	6113.264528
-105.508000	244.032727	6126.518835
-105.456000	247.754987	6139.775961
-105.404000	251.437663	6153.036183
-105.352000	255.112595	6166.298845
-105.300000	258.730983	6179.561741
-105.248000	262.344025	6192.824702
-105.196000	265.881312	6206.087876
-105.144000	269.411773	6219.351139
-105.092000	272.858387	6232.618634
-105.040000	276.289881	6245.887423
-104.988000	279.632478	6259.156375
-104.936000	282.949374	6272.425460
-104.884000	286.176511	6285.689834
-104.832000	289.365286	6298.954015
-104.780000	292.464483	6312.223512
-104.728000	295.512100	6325.492754
-104.676000	298.474513	6338.757293
-104.624000	301.370765	6352.022030
-104.572000	304.187554	6365.286836
-104.520000	306.922786	6378.551860
-104.468000	309.586150	6391.816932
-104.416000	312.152938	6405.078956
-104.364000	314.657676	6418.333838
-104.312000	317.050730	6431.588974
-104.260000	319.392681	6444.844124
-104.208000	321.607992	6458.097088
-104.156000	323.784035	6471.347294
-104.104000	325.820623	6484.594884
-104.052000	327.830758	6497.840140
-104.000000	329.688147	6511.079097
-103.948000	331.531854	6524.314177
-103.896000	333.212547	6537.545789
-103.844000	334.880735	6550.775916
-103.792000	336.398868	6564.002152
-103.740000	337.893515	6577.227331
-103.688000	339.254582	6590.443715
-103.636000	340.581328	6603.658709
-103.584000	341.791050	6616.864077
-103.532000	342.956342	6630.068784
-103.480000	344.019919	6643.263240
-103.428000	345.030554	6656.456955
-103.376000	345.955268	6669.641200
-103.324000	346.819890	6682.823917
-103.272000	347.613542	6695.997953
-103.220000	348.341158	6709.168410
-103.168000	349.011550	6722.327007
-103.116000	349.611486	6735.482497
-103.064000	350.166938	6748.630884
-103.012000	350.649159	6761.773301
-102.960000	351.098514	6774.906248
-102.908000	351.472828	6788.034495
-102.856000	351.824406	6801.157248
-102.804000	352.100421	6814.268715
-102.752000	352.362544	6827.370811
-102.700000	352.550825	6840.463267
-102.648000	352.732855	6853.549938
-102.596000	352.842651	6866.629419
-102.544000	352.947499	6879.705889
-102.492000	352.993267	6892.762071
-102.440000	353.030241	6905.812650
-102.388000	353.018800	6918.854380
-102.336000	352.995948	6931.894757
-102.284000	352.935097	6944.910766
-102.232000	352.861104	6957.925036
-102.180000	352.757607	6970.923927
-102.128000	352.640279	6983.921072
-102.076000	352.500895	6996.899278
-102.024000	352.347074	7009.874142
-101.972000	352.176486	7022.831663
-101.920000	351.992419	7035.782960
-101.868000	351.796867	7048.714563
-101.816000	351.588475	7061.639626
-101.764000	351.372119	7074.550543
-101.712000	351.144567	7087.453317
-101.660000	350.912089	7100.343548
-101.608000	350.670380	7113.219035
-101.556000	350.425939	7126.078133
-101.504000	350.173993	7138.928741
-101.452000	349.920711	7151.772395
-101.400000	349.662130	7164.596419
-101.348000	349.403116	7177.408940
-101.296000	349.140993	7190.203092
-101.244000	348.878785	7202.989704
-101.192000	348.615621	7215.751799
-101.140000	348.352622	7228.507275
-101.088000	348.090498	7241.244818
-101.036000	347.829108	7253.979614
-100.984000	347.570105	7266.685002
-100.932000	347.312239	7279.388095
-100.880000	347.056876	7292.060461
-100.828000	346.803540	7304.729990
-100.776000	346.553378	7317.371193
-100.724000	346.306130	7330.007154
-100.672000	346.062209	7342.617194
-100.620000	345.821967	7355.220889
-100.568000	345.584808	7367.804997
-100.516000	345.352495	7380.377338
-100.464000	345.123137	7392.925053
-100.412000	344.898865	7405.458186
-100.360000	344.676788	7417.969514
-100.308000	344.461167	7430.465952
-100.256000	344.247411	7442.946130
-100.204000	344.040754	7455.408975
-100.152000	343.835320	7467.858001
-100.100000	343.637627	7480.280601
-100.048000	343.440577	7492.688016
-99.996000	343.251786	7505.073213
-99.944000	343.063700	7517.449476
-99.892000	342.883230	7529.792811
-99.840000	342.704023	7542.127459
-99.788000	342.531355	7554.435004
-99.736000	342.360553	7566.738495
-99.684000	342.195685	7579.002559
-99.632000	342.033287	7591.263512
-99.580000	341.876221	7603.483630
-99.528000	341.722226	7615.700252
-99.476000	341.572961	7627.883965
-99.424000	341.427126	7640.060448
-99.372000	341.285142	7652.202610
-99.320000	341.146580	7664.335727
-99.268000	341.010838	7676.441554
-99.216000	340.879649	7688.531988
-99.164000	340.751188	7700.590949
-99.112000	340.627112	7712.633026
-99.060000	340.504892	7724.650353
-99.008000	340.387134	7736.647568
-98.956000	340.270634	7748.623273
-98.904000	340.159485	7760.572671
-98.852000	340.049226	7772.501518
-98.800000	339.943828	7784.403753
-98.748000	339.838825	7796.290975
-98.696000	339.738449	7808.144583
-98.644000	339.638581	7819.984944
-98.592000	339.543925	7831.788041
-98.540000	339.449874	7843.581546
-98.488000	339.358859	7855.338688
-98.436000	339.268983	7867.090559
-98.384000	339.182649	7878.792897
-98.332000	339.097649	7890.491448
-98.280000	339.015475	7902.144237
-98.228000	338.934750	7913.792290
-98.176000	338.856217	7925.398196
-98.124000	338.779167	7936.995746
-98.072000	338.703754	7948.554774
-98.020000	338.630353	7960.100475
-97.968000	338.558581	7971.607391
-97.916000	338.488446	7983.096953
-97.864000	338.419275	7994.551759
-97.812000	338.351941	8005.985182
-97.760000	338.285370	8017.387884
-97.708000	338.220838	8028.767724
-97.656000	338.156867	8040.123555
-97.604000	338.095137	8051.449906
-97.552000	338.033767	8062.753637
-97.500000	337.973861	8074.020464
-97.448000	337.914084	8085.266864
-97.396000	337.856354	8096.475671
-97.344000	337.798721	8107.669967
-97.292000	337.742032	8118.822617
-97.240000	337.685697	8129.964812
-97.188000	337.631088	8141.056721
-97.136000	337.576736	8152.141580
-97.084000	337.523167	8163.176679
-97.032000	337.469767	8174.207688
-96.980000	337.416719	8185.182983
-96.928000	337.364297	8196.152774
-96.876000	337.312809	8207.075947
-96.824000	337.261569	8217.987657
-96.772000	337.210601	8228.848245
-96.720000	337.159632	8239.695278
-96.668000	337.108664	8250.503742
-96.616000	337.058355	8261.291075
-96.564000	337.008426	8272.036958
-96.512000	336.958128	8282.761227
-96.460000	336.907680	8293.454989
-96.408000	336.857641	8304.117932
-96.356000	336.807713	8314.749123
-96.304000	336.757334	8325.344631
-96.252000	336.706886	8335.913249
-96.200000	336.656438	8346.444711
-96.148000	336.605979	8356.955982
-96.096000	336.555010	8367.425640
-96.044000	336.503991	8377.879567
-95.992000	336.452503	8388.283220
-95.940000	336.400923	8398.674568
-95.888000	336.348915	8409.010782
-95.836000	336.296644	8419.339555
-95.784000	336.243595	8429.608329
-95.732000	336.190204	8439.872539
-95.680000	336.136115	8450.081266
-95.628000	336.081604	8460.282511
-95.576000	336.026474	8470.423415
-95.524000	335.970842	8480.552587
-95.472000	335.914673	8490.630894
-95.420000	335.857629	8500.692635
-95.368000	335.799899	8510.708348
-95.316000	335.741506	8520.702658
-95.264000	335.682736	8530.655774
-95.212000	335.622478	8540.582648
-95.160000	335.561628	8550.473173
-95.108000	335.499954	8560.330002
-95.056000	335.438063	8570.152713
-95.004000	335.374364	8579.939469
-94.952000	335.310393	8589.699592
-94.900000	335.245438	8599.415487
-94.848000	335.180364	8609.107796
-94.796000	335.112752	8618.750608
-94.744000	335.044983	8628.375097
-94.692000	334.975811	8637.949045
-94.640000	334.906361	8647.510947
-94.588000	334.835629	8657.012817
-94.536000	334.764365	8666.506895
-94.484000	334.691553	8675.940708
-94.432000	334.618221	8685.369364
-94.380000	334.543849	8694.727693
-94.328000	334.468622	8704.078857
-94.276000	334.392170	8713.374576
-94.224000	334.314956	8722.656275
-94.172000	334.236943	8731.878929
-94.120000	334.157755	8741.084748
-94.068000	334.077661	8750.244794
-94.016000	333.996566	8759.379532
-93.964000	333.914913	8768.466515
-93.912000	333.832511	8777.524761
-93.860000	333.749817	8786.543909
-93.808000	333.665880	8795.531693
-93.756000	333.581626	8804.488246
-93.704000	333.496009	8813.399481
-93.652000	333.410194	8822.277746
-93.600000	333.323391	8831.114922
-93.548000	333.236507	8839.930587
-93.496000	333.148612	8848.692625
-93.444000	333.060608	8857.435230
-93.392000	332.971673	8866.122780
-93.340000	332.882738	8874.797553
-93.288000	332.793803	8883.407362
-93.236000	332.704733	8892.009073
-93.184000	332.615278	8900.545199
-93.132000	332.525648	8909.076165
-93.080000	332.435673	8917.542108
-93.028000	332.345698	8925.999363
-92.976000	332.255723	8934.392226
-92.924000	332.165748	8942.770758
-92.872000	332.075773	8951.090547
-92.820000	331.986390	8959.391794
-92.768000	331.897455	8967.643732
-92.716000	331.808520	8975.870048
-92.664000	331.719585	8984.048910
-92.612000	331.631403	8992.198743
-92.560000	331.543508	9000.309763
-92.508000	331.456030	9008.383850
-92.456000	331.368656	9016.421801
-92.404000	331.282651	9024.417152
-92.352000	331.196837	9032.382034
-92.300000	331.112016	9040.302102
-92.248000	331.027293	9048.199144
-92.196000	330.944079	9056.042247
-92.144000	330.861036	9063.866218
-92.092000	330.779383	9071.630582
-92.040000	330.697924	9079.381481
-91.988000	330.617310	9087.067103
-91.936000	330.537247	9094.744927
-91.884000	330.458713	9102.356878
-91.832000	330.380713	9109.963417
-91.780000	330.303740	9117.500227
-91.728000	330.227639	9125.028036
-91.676000	330.152746	9132.491759
-91.624000	330.078628	9139.941891
-91.572000	330.005295	9147.337753
-91.520000	329.933156	9154.713326
-91.468000	329.861904	9162.036105
-91.416000	329.791667	9169.331084
-91.364000	329.721975	9176.575541
-91.312000	329.653798	9183.792944
-91.260000	329.586186	9190.974782
-91.208000	329.520250	9198.116703
-91.156000	329.454719	9205.220230
-91.104000	329.390564	9212.283916
-91.052000	329.326594	9219.319593
-91.000000	329.264619	9226.306687
-90.948000	329.202786	9233.269282
-90.896000	329.142456	9240.177625
-90.844000	329.082304	9247.067140
-90.792000	329.023534	9253.896735
-90.740000	328.965162	9260.713168
-90.688000	328.908472	9267.468701
-90.636000	328.852202	9274.217279
-90.584000	328.797073	9280.894602
-90.532000	328.742483	9287.566617
-90.480000	328.688914	9294.174163
-90.428000	328.636005	9300.772399
-90.376000	328.583996	9307.306846
-90.324000	328.533028	9313.826338
-90.272000	328.483100	9320.287689
-90.220000	328.433772	9326.728439
-90.168000	328.384884	9333.116695
-90.116000	328.337017	9339.480584
-90.064000	328.289689	9345.800969
-90.012000	328.243122	9352.091743
-89.960000	328.196835	9358.344270
-89.908000	328.151809	9364.559235
-89.856000	328.107082	9370.738669
-89.804000	328.063738	9376.874875
-89.752000	328.020570	9382.981221
-89.700000	327.978406	9389.042170
-89.648000	327.936321	9395.080656
-89.596000	327.895234	9401.068479
-89.544000	327.854332	9407.039099
-89.492000	327.814805	9412.949489
-89.440000	327.775482	9418.847019
-89.388000	327.736995	9424.683361
-89.336000	327.698934	9430.513026
-89.284000	327.662008	9436.276239
-89.232000	327.625264	9442.033988
-89.180000	327.588858	9447.722608
-89.128000	327.553118	9453.402302
-89.076000	327.518272	9459.023044
-89.024000	327.483951	9464.629619
-88.972000	327.450145	9470.182485
-88.920000	327.416945	9475.715938
-88.868000	327.384179	9481.200927
-88.816000	327.352099	9486.661260
-88.764000	327.320374	9492.078373
-88.712000	327.289797	9497.463272
-88.660000	327.259632	9502.807284
-88.608000	327.229890	9508.118847
-88.556000	327.200245	9513.400219
-88.504000	327.171989	9518.641167
-88.452000	327.143905	9523.854671
-88.400000	327.116827	9529.022486
-88.348000	327.089829	9534.168117
-88.296000	327.063825	9539.262796
-88.244000	327.037948	9544.340555
-88.192000	327.012983	9549.366431
-88.140000	326.988331	9554.381550
-88.088000	326.964927	9559.335191
-88.036000	326.941811	9564.282434
-87.984000	326.919447	9569.162938
-87.932000	326.897635	9574.038573
-87.880000	326.876832	9578.855219
-87.828000	326.856701	9583.662650
-87.776000	326.837458	9588.411407
-87.724000	326.818744	9593.145707
-87.672000	326.800541	9597.826581
-87.620000	326.783252	9602.490798
-87.568000	326.766609	9607.114242
-87.516000	326.751001	9611.712742
-87.464000	326.735918	9616.268305
-87.412000	326.721991	9620.796005
-87.360000	326.708468	9625.288917
-87.308000	326.696221	9629.749110
-87.256000	326.684259	9634.179374
-87.204000	326.674159	9638.568922
-87.152000	326.664277	9642.931307
-87.100000	326.655912	9647.254800
-87.048000	326.647667	9651.559765
-86.996000	326.640906	9655.817436
-86.944000	326.634474	9660.059748
-86.892000	326.630313	9664.249909
-86.840000	326.626470	9668.429571
-86.788000	326.623870	9672.552224
-86.736000	326.621854	9676.669234
-86.684000	326.621334	9680.724375
-86.632000	326.621745	9684.775068
-86.580000	326.623825	9688.771923
-86.528000	326.626812	9692.760750
-86.476000	326.630972	9696.700170
-86.424000	326.636466	9700.625984
-86.372000	326.643227	9704.502742
-86.320000	326.651216	9708.361053
-86.268000	326.660057	9712.175145
-86.216000	326.670286	9715.969848
-86.164000	326.681208	9719.731738
-86.112000	326.694453	9723.465497
-86.060000	326.708495	9727.164731
-86.008000	326.724247	9730.833734
-85.956000	326.740370	9734.475539
-85.904000	326.758830	9738.082659
-85.852000	326.777553	9741.667034
-85.800000	326.798307	9745.212272
-85.748000	326.819249	9748.739220
-85.696000	326.842653	9752.222575
-85.644000	326.866328	9755.692093
-85.592000	326.891813	9759.113563
-85.540000	326.917729	9762.525650
-85.488000	326.945294	9765.890014
-85.436000	326.973303	9769.249900
-85.384000	327.002428	9772.552833
-85.332000	327.032118	9775.851740
-85.280000	327.062803	9779.101918
-85.228000	327.093946	9782.344582
-85.176000	327.125671	9785.542549
-85.124000	327.157934	9788.727808
-85.072000	327.190699	9791.868334
-85.020000	327.223156	9794.993280
-84.968000	327.255401	9798.081593
-84.916000	327.287298	9801.150292
-84.864000	327.319023	9804.186394
-84.812000	327.349580	9807.196470
-84.760000	327.379745	9810.175135
-84.708000	327.408192	9813.128882
-84.656000	327.436277	9816.060573
-84.604000	327.460604	9818.960515
-84.552000	327.484528	9821.839997
-84.500000	327.503354	9824.687268
-84.448000	327.521688	9827.519775
-84.396000	327.533650	9830.308442
-84.344000	327.544491	9833.083509
-84.292000	327.548131	9835.823469
-84.240000	327.549456	9838.556789
-84.188000	327.542175	9841.242160
-84.136000	327.531133	9843.923268
-84.084000	327.510849	9846.552383
-84.032000	327.484657	9849.177896
-83.980000	327.448251	9851.759744
-83.928000	327.403537	9854.334638
-83.876000	327.348407	9856.869499
-83.824000	327.281356	9859.394961
-83.772000	327.203343	9861.888061
-83.720000	327.109462	9864.365358
-83.668000	327.004925	9866.806239
-83.616000	326.879660	9869.229275
-83.564000	326.744438	9871.623168
-83.512000	326.582986	9873.997979
-83.460000	326.412918	9876.350117
-83.408000	326.208749	9878.677134
-83.356000	325.997594	9880.982290
-83.304000	325.744918	9883.258677
-83.252000	325.487995	9885.516846
-83.200000	325.179360	9887.746211
-83.148000	324.866347	9889.962625
-83.096000	324.499166	9892.146994
-83.044000	324.122880	9894.321654
-82.992000	323.690168	9896.461024
-82.940000	323.241940	9898.593925
-82.888000	322.737456	9900.683478
-82.836000	322.209623	9902.769393
-82.784000	321.625565	9904.813547
-82.732000	321.009314	9906.854925
-82.680000	320.338402	9908.862483
-82.628000	319.625326	9910.863687
-82.576000	318.860278	9912.829472
-82.524000	318.041971	9914.785681
-82.472000	317.175507	9916.709723
-82.420000	316.243249	9918.620955
-82.368000	315.267567	9920.503199
-82.316000	314.212706	9922.371431
-82.264000	313.120524	9924.217162
-82.212000	311.935835	9926.043630
-82.160000	310.721433	9927.847596
-82.108000	309.399443	9929.631880
-82.056000	308.056059	9931.399310
-82.004000	306.589911	9933.144235
-81.952000	305.111825	9934.875156
-81.900000	303.496970	9936.580707
-81.848000	301.871155	9938.275064
-81.796000	300.112222	9939.941245
-81.744000	298.332524	9941.599093
-81.692000	296.428487	9943.221453
-81.640000	294.492476	9944.837506
-81.588000	292.443335	9946.424555
-81.536000	290.350702	9948.009230
-81.484000	288.155416	9949.562641
-81.432000	285.906325	9951.112743
-81.380000	283.567495	9952.624376
-81.328000	281.164948	9954.131950
-81.276000	278.685175	9955.617494
-81.224000	276.133550	9957.093282
-81.172000	273.518034	9958.537050
-81.120000	270.823651	9959.972735
-81.068000	268.078114	9961.390444
-81.016000	265.249001	9962.793969
-80.964000	262.381243	9964.175104
-80.912000	259.427198	9965.541686
-80.860000	256.446061	9966.891537
-80.808000	253.378599	9968.224382
-80.756000	250.294485	9969.542894
-80.704000	247.126567	9970.841991
-80.652000	243.950918	9972.129218
-80.600000	240.696270	9973.394584
-80.548000	237.436385	9974.650499
-80.496000	234.114592	9975.886175
-80.444000	230.784986	9977.116006
-80.392000	227.410143	9978.319110
-80.340000	224.026427	9979.517628
-80.288000	220.612058	9980.686986
-80.236000	217.189999	9981.853999
-80.184000	213.750146	9982.995092
-80.132000	210.305562	9984.133587
-80.080000	206.853226	9985.243334
-80.028000	203.401366	9986.349753
-79.976000	199.950071	9987.438635
-79.924000	196.506267	9988.520083
-79.872000	193.069014	9989.577670
-79.820000	189.647643	9990.627051
-79.768000	186.236395	9991.658518
-79.716000	182.850193	9992.677716
-79.664000	179.475350	9993.677890
-79.612000	176.136724	9994.668288
-79.560000	172.809209	9995.647605
-79.508000	169.529454	9996.615521
-79.456000	166.258629	9997.573979
-79.404000	163.046638	9998.512860
-79.352000	159.839783	9999.439973
-79.300000	156.704482	10000.352452
-79.248000	153.575149	10001.258734
-79.196000	150.517559	10002.144665
-79.144000	147.472493	10003.024858
-79.092000	144.497597	10003.887153
-79.040000	141.542444	10004.746486
-78.988000	138.653883	10005.581411
-78.936000	135.792847	10006.414416
-78.884000	132.994261	10007.226752
-78.832000	130.230748	10008.037281
-78.780000	127.523697	10008.828774
-78.728000	124.859508	10009.615985
-78.676000	122.245552	10010.381354
-78.624000	119.681929	10011.142968
-78.572000	117.161589	10011.892699
-78.520000	114.699133	10012.634115
-78.468000	112.272929	10013.357750
-78.416000	109.911160	10014.075218
-78.364000	107.578051	10014.783244
-78.312000	105.315768	10015.481391
-78.260000	103.074715	10016.168526
-78.208000	100.910541	10016.844169
-78.156000	98.760295	10017.510441
-78.104000	96.692069	10018.166901
-78.052000	94.630698	10018.817567
-78.000000	92.655981	10019.449782
-77.948000	90.687878	10020.074327
-77.896000	88.797571	10020.690706
-77.844000	86.920002	10021.304846
-77.792000	85.111556	10021.901017
-77.740000	83.321567	10022.494320
-77.688000	81.592383	10023.067989
-77.636000	79.886906	10023.640236
-77.584000	78.234174	10024.202220
-77.532000	76.609968	10024.762310
-77.480000	75.030880	10025.303397
-77.428000	73.484702	10025.841868
-77.376000	71.976451	10026.367338
-77.324000	70.505030	10026.887689
-77.272000	69.064754	10027.392260
-77.220000	67.664820	10027.893501
-77.168000	66.289711	10028.387687
-77.116000	64.958022	10028.875624
-77.064000	63.645272	10029.354142
-77.012000	62.378666	10029.825205
-76.960000	61.125569	10030.288085
-76.908000	59.920925	10030.742302
-76.856000	58.724778	10031.189572
-76.804000	57.579020	10031.630247
-76.752000	56.437444	10032.067080
-76.700000	55.347498	10032.492815
-76.648000	54.261626	10032.914037
-76.596000	53.221036	10033.322907
-76.544000	52.187967	10033.728463
-76.492000	51.194445	10034.124989
-76.440000	50.211537	10034.520135
-76.388000	49.262795	10034.900529
-76.336000	48.327438	10035.279856
-76.284000	47.421291	10035.648912
-76.232000	46.531026	10036.016485
-76.180000	45.665446	10036.369889
-76.128000	44.817955	10036.722432
-76.076000	43.990965	10037.070648
-76.024000	43.183966	10037.414972
-75.972000	42.393590	10037.747542
-75.920000	41.624964	10038.075011
-75.868000	40.869486	10038.391935
-75.816000	40.137178	10038.706794
-75.764000	39.414778	10039.018532
-75.712000	38.716929	10039.325273
-75.660000	38.026098	10039.626599
-75.608000	37.360835	10039.919180
-75.556000	36.699908	10040.204864
-75.504000	36.065502	10040.487254
-75.452000	35.433281	10040.767754
-75.400000	34.827900	10041.040809
-75.348000	34.224746	10041.310896
-75.296000	33.645058	10041.572723
-75.244000	33.069385	10041.832396
-75.192000	32.514192	10042.082973
-75.140000	31.964594	10042.332204
-75.088000	31.432598	10042.571567
-75.036000	30.907656	10042.810286
-74.984000	30.397815	10043.043879
-74.932000	29.896308	10043.276452
-74.880000	29.407531	10043.499647
-74.828000	28.928222	10043.721023
-74.776000	28.459468	10043.933770
-74.724000	28.001186	10044.145230
-74.672000	27.551467	10044.352786
-74.620000	27.113104	10044.558659
-74.568000	26.681484	10044.761052
-74.516000	26.262067	10044.959202
-74.464000	25.847766	10045.151148
-74.412000	25.446315	10045.338049
-74.360000	25.048449	10045.519579
-74.308000	24.664032	10045.698189
-74.256000	24.281820	10045.874504
-74.204000	23.913585	10046.047514
-74.152000	23.546494	10046.218669
-74.100000	23.193459	10046.386093
-74.048000	22.841658	10046.552060
-73.996000	22.502197	10046.709703
-73.944000	22.164905	10046.865225
-73.892000	21.838342	10047.016214
-73.840000	21.514804	10047.166574
-73.788000	21.200568	10047.311949
-73.736000	20.890140	10047.456946
-73.684000	20.587709	10047.596862
-73.632000	20.289771	10047.736267
-73.580000	19.998574	10047.870987
-73.528000	19.712489	10048.004796
-73.476000	19.432006	10048.134321
-73.424000	19.157203	10048.261176
-73.372000	18.886966	10048.380276
-73.320000	18.622937	10048.499426
-73.268000	18.362529	10048.618562
-73.216000	18.108721	10048.735575
-73.164000	17.857623	10048.849490
-73.112000	17.613597	10048.958313
-73.060000	17.371497	10049.061808
-73.008000	17.136760	10049.165356
-72.956000	16.903189	10049.268917
-72.904000	16.677298	10049.369120
-72.852000	16.452032	10049.467462
-72.800000	16.234480	10049.565832
-72.748000	16.017639	10049.664212
-72.696000	15.807576	10049.754222
-72.644000	15.598750	10049.842152
-72.592000	15.395864	10049.930117
-72.540000	15.194691	10050.018113
-72.488000	14.998670	10050.101099
-72.436000	14.804808	10050.183705
-72.384000	14.615392	10050.261276
-72.332000	14.428519	10050.338886
-72.280000	14.245397	10050.416463
-72.228000	14.065202	10050.493104
-72.176000	13.888165	10050.565481
-72.124000	13.714352	10050.636519
-72.072000	13.543087	10050.703671
-72.020000	13.375360	10050.770875
-71.968000	13.209661	10050.838086
-71.916000	13.047780	10050.903149
-71.864000	12.887438	10050.965136
-71.812000	12.731164	10051.027169
-71.760000	12.575970	10051.089191
-71.708000	12.425017	10051.148256
-71.656000	12.274712	10051.205084
-71.604000	12.128878	10051.258543
-71.552000	11.983406	10051.310176
-71.500000	11.842410	10051.361834
-71.448000	11.701843	10051.413501
-71.396000	11.565164	10051.465168
-71.344000	11.429229	10051.516842
-71.292000	11.296763	10051.563915
-71.240000	11.165326	10051.610393
-71.188000	11.036916	10051.656876
-71.136000	10.909780	10051.703197
-71.084000	10.785220	10051.744478
-71.032000	10.662209	10051.785793
-70.980000	10.541444	10051.827100
-70.928000	10.422397	10051.867447
-70.876000	10.305169	10051.903525
-70.824000	10.189903	10051.941047
-70.772000	10.076160	10051.982383
-70.720000	9.964537	10052.021956
-70.668000	9.854107	10052.058091
-70.616000	9.745985	10052.092053
-70.564000	9.638775	10052.122961
-70.512000	9.534022	10052.153921
-70.460000	9.429906	10052.184888
-70.408000	9.328392	10052.215879
-70.356000	9.227261	10052.246850
-70.304000	9.128849	10052.277851
-70.252000	9.030657	10052.308853
-70.200000	8.935169	10052.336036
-70.148000	8.839957	10052.361813
-70.096000	8.747137	10052.387623
-70.044000	8.654782	10052.413458
-69.992000	8.564536	10052.439282
-69.940000	8.474933	10052.465120
-69.888000	8.387179	10052.490961
-69.836000	8.300228	10052.516617
-69.784000	8.214872	10052.537228
-69.732000	8.130471	10052.557869
-69.680000	8.047434	10052.578527
-69.628000	7.965495	10052.600242
-69.576000	7.884699	10052.626128
-69.524000	7.805127	10052.649206
-69.472000	7.726490	10052.664659
-69.420000	7.649200	10052.681975
-69.368000	7.572653	10052.702655
-69.316000	7.497562	10052.723377
-69.264000	7.423034	10052.744084
-69.212000	7.350063	10052.762195
-69.160000	7.277485	10052.777701
-69.108000	7.206560	10052.793240
-69.056000	7.135870	10052.808775
-69.004000	7.066920	10052.824322
-68.952000	6.998108	10052.839858
-68.900000	6.931007	10052.855413
-68.848000	6.864089	10052.870977
-68.796000	6.798699	10052.886554
-68.744000	6.733613	10052.902145
-68.692000	6.669871	10052.913088
-68.640000	6.606549	10052.923478
-68.588000	6.544409	10052.938905
-68.536000	6.482795	10052.954289
-68.484000	6.422205	10052.964673
-68.432000	6.362238	10052.975727
-68.380000	6.303146	10052.991334
-68.328000	6.244773	10053.005935
-68.276000	6.187137	10053.016334
-68.224000	6.130303	10053.026772
-68.172000	6.074071	10053.037194
-68.120000	6.018722	10053.047655
-68.068000	5.963853	10053.058100
-68.016000	5.909943	10053.068577
-67.964000	5.856394	10053.079019
-67.912000	5.803877	10053.089497
-67.860000	5.751614	10053.099965
-67.808000	5.700440	10053.110451
-67.756000	5.649414	10053.120917
-67.704000	5.599548	10053.131421
-67.652000	5.549774	10053.141940
-67.600000	5.501125	10053.148573
-67.548000	5.452603	10053.153832
-67.496000	5.405082	10053.163395
-67.444000	5.357771	10053.173936
-67.392000	5.311359	10053.184462
-67.340000	5.265229	10053.195000
-67.288000	5.219877	10053.200456
-67.236000	5.174883	10053.206044
-67.184000	5.130571	10053.216575
-67.132000	5.086684	10053.226474
-67.080000	5.043382	10053.231791
-67.028000	5.000564	10053.237143
-66.976000	4.958234	10053.242479
-66.924000	4.916451	10053.249316
-66.872000	4.875073	10053.259875
-66.820000	4.834296	10053.268599
-66.768000	4.793838	10053.273949
-66.716000	4.754033	10053.279336
-66.664000	4.714470	10053.284707
-66.612000	4.675612	10053.290102
-66.560000	4.636923	10053.295469
-66.508000	4.598979	10053.300864
-66.456000	4.561132	10053.306254
-66.404000	4.524080	10053.311651
-66.352000	4.487091	10053.317035
-66.300000	4.450867	10053.322436
-66.248000	4.414734	10053.327843
-66.196000	4.379290	10053.333260
-66.144000	4.343992	10053.338689
-66.092000	4.309302	10053.344101
-66.040000	4.274812	10053.349524
-65.988000	4.240860	10053.354946
-65.936000	4.207157	10053.360391
-65.884000	4.173918	10053.365803
-65.832000	4.140978	10053.371242
-65.780000	4.108441	10053.376668
-65.728000	4.076241	10053.381040
-65.676000	4.044375	10053.381254
-65.624000	4.012895	10053.382987
-65.572000	3.981695	10053.388420
-65.520000	3.950915	10053.393882
-65.468000	3.920355	10053.399305
-65.416000	3.890257	10053.402474
-65.364000	3.860326	10053.402715
-65.312000	3.830884	10053.405667
-65.260000	3.801556	10053.411103
-65.208000	3.772760	10053.416576
-65.156000	3.744030	10053.422060
-65.104000	3.715858	10053.424039
-65.052000	3.687730	10053.424285
-65.000000	3.660139	10053.424528
-64.948000	3.632615	10053.424767
-64.896000	3.605575	10053.429330
-64.844000	3.578641	10053.434818
-64.792000	3.552132	10053.435586
-64.740000	3.525767	10053.435864
-64.688000	3.499784	10053.441240
-64.636000	3.473978	10053.446438
-64.584000	3.448499	10053.446698
-64.532000	3.423234	10053.446986
-64.480000	3.398254	10053.447232
-64.428000	3.373519	10053.447507
-64.376000	3.349023	10053.447740
-64.324000	3.324800	10053.448009
-64.272000	3.300772	10053.448286
-64.220000	3.277050	10053.448582
-64.168000	3.253485	10053.448819
-64.116000	3.230250	10053.449096
-64.064000	3.207132	10053.449378
-64.012000	3.184370	10053.449667
-63.960000	3.161689	10053.449911
-63.908000	3.139389	10053.450191
-63.856000	3.117134	10053.450481
-63.804000	3.095288	10053.450758
-63.752000	3.073474	10053.451010
-63.700000	3.052041	10053.451290
-63.648000	3.030658	10053.451587
-63.596000	3.009626	10053.447533
-63.544000	2.988672	10053.442589
-63.492000	2.968030	10053.442369
-63.440000	2.947492	10053.442644
-63.388000	2.927224	10053.442915
-63.336000	2.907088	10053.442887
-63.284000	2.887189	10053.437914
-63.232000	2.867448	10053.433691
-63.180000	2.847914	10053.433957
-63.128000	2.828560	10053.433121
-63.076000	2.809379	10053.428143
-63.024000	2.790397	10053.423191
-62.972000	2.771554	10053.418198
-62.920000	2.752940	10053.415180
-62.868000	2.734440	10053.415458
-62.816000	2.716180	10053.413409
-62.764000	2.698003	10053.408418
-62.712000	2.680095	10053.403452
-62.660000	2.662245	10053.398476
-62.608000	2.644676	10053.393521
-62.556000	2.627138	10053.388561
-62.504000	2.609900	10053.383601
-62.452000	2.592685	10053.378628
-62.400000	2.575756	10053.373648
-62.348000	2.558865	10053.368663
-62.296000	2.542227	10053.363682
-62.244000	2.525648	10053.358712
-62.192000	2.509297	10053.353719
-62.140000	2.493025	10053.348736
-62.088000	2.476954	10053.343746
-62.036000	2.460983	10053.338434
-61.984000	2.445187	10053.328199
-61.932000	2.429511	10053.318734
-61.880000	2.413986	10053.313736
-61.828000	2.398595	10053.308763
-61.776000	2.383331	10053.303748
-61.724000	2.368220	10053.297207
-61.672000	2.353216	10053.286974
-61.620000	2.338378	10053.276757
-61.568000	2.323623	10053.266479
-61.516000	2.309051	10053.258602
-61.464000	2.294540	10053.253595
-61.412000	2.280227	10053.245824
-61.360000	2.265956	10053.235546
-61.308000	2.251900	10053.225299
-61.256000	2.237868	10053.215062
-61.204000	2.224065	10053.204808
-61.152000	2.210279	10053.194529
-61.100000	2.196700	10053.184258
-61.048000	2.183150	10053.173991
-60.996000	2.169794	10053.163709
-60.944000	2.156484	10053.153427
-60.892000	2.143347	10053.143144
-60.840000	2.130271	10053.132875
-60.788000	2.117347	10053.122575
-60.736000	2.104496	10053.112291
-60.684000	2.091775	10053.101995
-60.632000	2.079146	10053.091723
-60.580000	2.066632	10053.081379
-60.528000	2.054221	10053.069891
-60.476000	2.041906	10053.054354
-60.424000	2.029705	10053.040412
-60.372000	2.017582	10053.030059
-60.320000	2.005588	10053.017752
-60.268000	1.993657	10053.002179
-60.216000	1.981871	10052.989008
-60.164000	1.970132	10052.978648
-60.112000	1.958540	10052.965521
-60.060000	1.946979	10052.949943
-60.008000	1.935582	10052.934369
-59.956000	1.924203	10052.918774
-59.904000	1.912997	10052.906788
-59.852000	1.901805	10052.896434
-59.800000	1.890779	10052.882052
-59.748000	1.879775	10052.866424
-59.696000	1.868910	10052.850798
-59.644000	1.858082	10052.835180
-59.592000	1.847390	10052.819560
-59.540000	1.836743	10052.803954
-59.488000	1.826212	10052.788315
-59.436000	1.815739	10052.772691
-59.384000	1.805369	10052.757029
-59.332000	1.795068	10052.741387
-59.280000	1.784853	10052.725701
-59.228000	1.774718	10052.710039
-59.176000	1.764654	10052.694360
-59.124000	1.754684	10052.677104
-59.072000	1.744776	10052.656175
-59.020000	1.734964	10052.637267
-58.968000	1.725197	10052.621548
-58.916000	1.715543	10052.605854
-58.864000	1.705927	10052.590144
-58.812000	1.696427	10052.571633
-58.760000	1.686951	10052.550676
-58.708000	1.677603	10052.532935
-58.656000	1.668267	10052.517189
-58.604000	1.659065	10052.501453
-58.552000	1.649873	10052.485716
-58.500000	1.640808	10052.465945
-58.448000	1.631762	10052.444960
-58.396000	1.622826	10052.428382
-58.344000	1.613920	10052.412607
-58.292000	1.605115	10052.391977
-58.240000	1.596348	10052.370954
-58.188000	1.587673	10052.349922
-58.136000	1.579042	10052.329316
-58.084000	1.570487	10052.313492
-58.032000	1.561988	10052.296875
-57.980000	1.553557	10052.275823
-57.928000	1.545190	10052.254790
-57.876000	1.536879	10052.233689
-57.824000	1.528640	10052.212612
-57.772000	1.520449	10052.191516
-57.720000	1.512335	10052.172462
-57.668000	1.504258	10052.156574
-57.616000	1.496268	10052.138281
-57.564000	1.488306	10052.117172
-57.512000	1.480434	10052.096059
-57.460000	1.472581	10052.074902
-57.408000	1.464827	10052.053758
-57.356000	1.457083	10052.032609
-57.304000	1.449447	10052.011468
-57.252000	1.441820	10051.990326
-57.200000	1.434294	10051.969153
-57.148000	1.426783	10051.947963
-57.096000	1.419356	10051.926772
-57.044000	1.411952	10051.905589
-56.992000	1.404630	10051.884378
-56.940000	1.397336	10051.863175
-56.888000	1.390112	10051.841937
-56.836000	1.382926	10051.820712
-56.784000	1.375800	10051.799447
-56.732000	1.368720	10051.778201
-56.680000	1.361694	10051.756936
-56.628000	1.354717	10051.735692
-56.576000	1.347784	10051.714404
-56.524000	1.340909	10051.693134
-56.472000	1.334069	10051.671823
-56.420000	1.327294	10051.650527
-56.368000	1.320549	10051.629192
-56.316000	1.313871	10051.607879
-56.264000	1.307214	10051.586551
-56.212000	1.300631	10051.565227
-56.160000	1.294062	10051.543877
-56.108000	1.287575	10051.522526
-56.056000	1.281094	10051.501154
-56.004000	1.274697	10051.479774
-55.952000	1.268306	10051.458380
-55.900000	1.261998	10051.436971
-55.848000	1.255701	10051.415555
-55.796000	1.249470	10051.394137
-55.744000	1.243258	10051.372727
-55.692000	1.237111	10051.351266
-55.640000	1.230988	10051.329806
-55.588000	1.224924	10051.308334
-55.536000	1.218890	10051.286879
-55.484000	1.212904	10051.265408
-55.432000	1.206951	10051.243956
-55.380000	1.201037	10051.222431
-55.328000	1.195166	10051.202184
-55.276000	1.189330	10051.185863
-55.224000	1.183543	10051.167901
-55.172000	1.177785	10051.146353
-55.120000	1.172078	10051.124820
-55.068000	1.166394	10051.103248
-55.016000	1.160765	10051.081686
-54.964000	1.155153	10051.060091
-54.912000	1.149599	10051.038500
-54.860000	1.144055	10051.016881
-54.808000	1.138578	10050.998553
-54.756000	1.133106	10050.982169
-54.704000	1.127702	10050.962075
-54.652000	1.122304	10050.940410
-54.600000	1.116973	10050.918746
-54.548000	1.111652	10050.897085
-54.496000	1.106384	10050.879892
-54.444000	1.101130	10050.863436
-54.392000	1.095923	10050.842056
-54.340000	1.090740	10050.820417
-54.288000	1.085607	10050.803901
-54.236000	1.080495	10050.786924
-54.184000	1.075419	10050.765175
-54.132000	1.070374	10050.744321
-54.080000	1.065366	10050.727745
-54.028000	1.060388	10050.709909
-53.976000	1.055437	10050.688105
-53.924000	1.050525	10050.667997
-53.872000	1.045636	10050.651369
-53.820000	1.040787	10050.634761
-53.768000	1.035955	10050.618134
-53.716000	1.031172	10050.599023
-53.664000	1.026402	10050.577143
-53.612000	1.021682	10050.558173
-53.560000	1.016970	10050.541525
-53.508000	1.012311	10050.524859
-53.456000	1.007656	10050.508158
-53.404000	1.003058	10050.491446
-53.352000	0.998464	10050.474720
-53.300000	0.993920	10050.457995
-53.248000	0.989385	10050.441272
-53.196000	0.984896	10050.424525
-53.144000	0.980420	10050.407776
-53.092000	0.975984	10050.390975
-53.040000	0.971564	10050.374173
-52.988000	0.967181	10050.357359
-52.936000	0.962818	10050.341055
-52.884000	0.958488	10050.329442
-52.832000	0.954181	10050.316945
-52.780000	0.949901	10050.300072
-52.728000	0.945648	10050.283218
-52.676000	0.941418	10050.266345
-52.624000	0.937220	10050.251188
-52.572000	0.933040	10050.239489
-52.520000	0.928895	10050.225690
-52.468000	0.924764	10050.208734
-52.416000	0.920670	10050.194310
-52.364000	0.916587	10050.182585
-52.312000	0.912545	10050.170849
-52.260000	0.908510	10050.159071
-52.208000	0.904518	10050.143977
-52.156000	0.900531	10050.126970
-52.104000	0.896588	10050.113678
-52.052000	0.892649	10050.101875
-52.000000	0.888752	10050.090052
-51.948000	0.884862	10050.078222
-51.896000	0.881010	10050.066367
-51.844000	0.877168	10050.054510
-51.792000	0.873360	10050.042622
-51.740000	0.869566	10050.030738
-51.688000	0.865801	10050.018817
-51.636000	0.862053	10050.006906
-51.584000	0.858331	10049.994951
-51.532000	0.854629	10049.983933
-51.480000	0.850950	10049.977176
-51.428000	0.847292	10049.969113
-51.376000	0.843654	10049.957126
-51.324000	0.840041	10049.946875
-51.272000	0.836444	10049.940060
-51.220000	0.832875	10049.931122
-51.168000	0.829318	10049.919050
-51.116000	0.825792	10049.904455
-51.064000	0.822275	10049.887153
-51.012000	0.818792	10049.893378
-50.960000	0.815314	10049.917886
-50.908000	0.811872	10049.908923
-50.856000	0.808433	10049.881079
-50.804000	0.805032	10049.853237
-50.752000	0.801634	10049.825393
-50.700000	0.798271	10049.839057
-50.648000	0.794913	10049.863481
-50.596000	0.791587	10049.842291
-50.544000	0.788269	10049.814364
-50.492000	0.784980	10049.836033
-50.440000	0.781702	10049.859051
-50.388000	0.778447	10049.831084
-50.336000	0.775207	10049.803127
-50.284000	0.771989	10049.775126
-50.232000	0.768787	10049.756569
-50.180000	0.765604	10049.780832
-50.128000	0.762440	10049.791639
-50.076000	0.759291	10049.763575
-50.024000	0.756164	10049.753032
-49.972000	0.753049	10049.777234
-49.920000	0.749958	10049.779896
-49.868000	0.746877	10049.751773
-49.816000	0.743822	10049.749241
-49.764000	0.740774	10049.773385
-49.712000	0.737754	10049.767911
-49.660000	0.734738	10049.739757
-49.608000	0.731753	10049.745249
-49.556000	0.728771	10049.769335
-49.504000	0.725820	10049.755700
-49.452000	0.722871	10049.727461
-49.400000	0.719951	10049.740947
-49.348000	0.717037	10049.764975
-49.296000	0.714148	10049.743210
-49.244000	0.711266	10049.714940
-49.192000	0.708408	10049.736440
-49.140000	0.705559	10049.758841
-49.088000	0.702730	10049.730475
-49.036000	0.699914	10049.707727
-48.984000	0.697115	10049.731648
-48.932000	0.694331	10049.745935
-48.880000	0.691562	10049.717500
-48.828000	0.688808	10049.702768
-48.776000	0.686068	10049.726626
-48.724000	0.683345	10049.732761
-48.672000	0.680633	10049.704263
-48.620000	0.677942	10049.697539
-48.568000	0.675258	10049.721307
-48.516000	0.672596	10049.719281
-48.464000	0.669940	10049.690751
-48.412000	0.667308	10049.692050
-48.360000	0.664679	10049.715758
-48.308000	0.662076	10049.739470
-48.256000	0.659475	10049.763175
-48.204000	0.656900	10049.748924
-48.152000	0.654328	10049.720276
-48.100000	0.651780	10049.733587
-48.048000	0.649236	10049.757232
-47.996000	0.646713	10049.734825
-47.944000	0.644197	10049.706116
-47.892000	0.641700	10049.727438
-47.840000	0.639212	10049.751022
-47.788000	0.636740	10049.774566
-47.736000	0.634279	10049.792293
-47.684000	0.631832	10049.763477
-47.632000	0.629398	10049.744540
-47.580000	0.626977	10049.768013
-47.528000	0.624568	10049.791495
-47.476000	0.622171	10049.814908
-47.424000	0.619789	10049.820391
-47.372000	0.617416	10049.791503
-47.320000	0.615059	10049.784597
-47.268000	0.612709	10049.807946
-47.216000	0.610379	10049.805282
-47.164000	0.608053	10049.776332
-47.112000	0.605747	10049.777427
-47.060000	0.603444	10049.800714
-47.008000	0.601163	10049.824004
-46.956000	0.598883	10049.847287
-46.904000	0.596625	10049.832411
-46.852000	0.594370	10049.803367
-46.800000	0.592135	10049.816463
-46.748000	0.589903	10049.839655
-46.696000	0.587690	10049.862840
-46.644000	0.585483	10049.886028
-46.592000	0.583291	10049.858899
-46.540000	0.581107	10049.831736
-46.488000	0.578936	10049.854850
-46.436000	0.576775	10049.877975
-46.384000	0.574626	10049.901054
-46.332000	0.572488	10049.924143
-46.280000	0.570360	10049.947159
-46.228000	0.568243	10049.956067
-46.176000	0.566136	10049.926781
-46.124000	0.564042	10049.915660
-46.072000	0.561955	10049.938609
-46.020000	0.559883	10049.961571
-45.968000	0.557816	10049.984515
-45.916000	0.555765	10049.981208
-45.864000	0.553719	10049.951796
-45.812000	0.551689	10049.952672
-45.760000	0.549662	10049.975552
-45.708000	0.547653	10049.998405
-45.656000	0.545646	10050.021225
-45.604000	0.543657	10050.005684
-45.552000	0.541671	10049.976203
-45.500000	0.539701	10049.989098
-45.448000	0.537735	10050.011880
-45.396000	0.535784	10050.034613
-45.344000	0.533838	10050.057335
-45.292000	0.531906	10050.080045
-45.240000	0.529980	10050.100540
-45.188000	0.528066	10050.070895
-45.136000	0.526160	10050.047517
-45.084000	0.524263	10050.070154
-45.032000	0.522376	10050.092801
-44.980000	0.520498	10050.115375
-44.928000	0.518630	10050.123622
-44.876000	0.516770	10050.093893
-44.824000	0.514920	10050.082552
-44.772000	0.513077	10050.105085
-44.720000	0.511246	10050.127613
-44.668000	0.509420	10050.150085
-44.616000	0.507608	10050.172566
-44.564000	0.505799	10050.195032
-44.512000	0.504005	10050.186980
-44.460000	0.502214	10050.157089
-44.408000	0.500437	10050.161738
-44.356000	0.498662	10050.184138
-44.304000	0.496903	10050.206502
-44.252000	0.495146	10050.228841
-44.200000	0.493403	10050.251173
-44.148000	0.491664	10050.273506
-44.096000	0.489936	10050.249151
-44.044000	0.488214	10050.219154
-43.992000	0.486503	10050.239795
-43.940000	0.484798	10050.262033
-43.888000	0.483102	10050.284253
-43.836000	0.481413	10050.306485
-43.784000	0.479733	10050.328669
-43.732000	0.478061	10050.340343
-43.680000	0.476397	10050.310167
-43.628000	0.474741	10050.294562
-43.576000	0.473091	10050.316674
-43.524000	0.471452	10050.338793
-43.472000	0.469817	10050.360870
-43.420000	0.468194	10050.360304
-43.368000	0.466574	10050.330022
-43.316000	0.464966	10050.326426
-43.264000	0.463361	10050.348435
-43.212000	0.461768	10050.370435
-43.160000	0.460178	10050.392409
-43.108000	0.458601	10050.414370
-43.056000	0.457025	10050.436310
-43.004000	0.455463	10050.419417
-42.952000	0.453902	10050.388999
-42.900000	0.452354	10050.401410
-42.848000	0.450808	10050.423281
-42.796000	0.449273	10050.445121
-42.744000	0.447742	10050.466958
-42.692000	0.446222	10050.437843
-42.640000	0.444706	10050.410007
-42.588000	0.443198	10050.431766
-42.536000	0.441697	10050.453534
-42.484000	0.440202	10050.475253
-42.432000	0.438715	10050.496982
-42.380000	0.437233	10050.518664
-42.328000	0.435760	10050.525578
-42.276000	0.434292	10050.494927
-42.224000	0.432833	10050.483098
-42.172000	0.431378	10050.504708
-42.120000	0.429932	10050.526319
-42.068000	0.428490	10050.547894
-42.016000	0.427058	10050.542570
-41.964000	0.425628	10050.511813
-41.912000	0.424210	10050.511995
-41.860000	0.422793	10050.533527
-41.808000	0.421387	10050.555029
-41.756000	0.419983	10050.576499
-41.704000	0.418590	10050.597947
-41.652000	0.417198	10050.619381
-41.600000	0.415818	10050.597755
-41.548000	0.414440	10050.566885
-41.496000	0.413071	10050.583055
-41.444000	0.411706	10050.604418
-41.392000	0.410349	10050.625767
-41.340000	0.408996	10050.644247
-41.288000	0.407650	10050.613263
-41.236000	0.406310	10050.589202
-41.184000	0.404976	10050.610445
-41.132000	0.403648	10050.631700
-41.080000	0.402326	10050.652934
-41.028000	0.401010	10050.659180
-40.976000	0.399700	10050.628080
-40.924000	0.398396	10050.616019
-40.872000	0.397096	10050.637178
-40.820000	0.395804	10050.658339
-40.768000	0.394515	10050.679462
-40.716000	0.393235	10050.673468
-40.664000	0.391957	10050.642260
-40.612000	0.390689	10050.642194
-40.560000	0.389422	10050.663245
-40.508000	0.388165	10050.684296
-40.456000	0.386909	10050.705339
-40.404000	0.385663	10050.687113
-40.352000	0.384418	10050.655796
-40.300000	0.383183	10050.667743
-40.248000	0.381950	10050.688714
-40.196000	0.380725	10050.662341
-40.144000	0.379502	10050.630980
-40.092000	0.378288	10050.650908
-40.040000	0.377077	10050.671779
-39.988000	0.375872	10050.692631
-39.936000	0.374671	10050.706360
-39.884000	0.373477	10050.674877
-39.832000	0.372287	10050.654577
-39.780000	0.371102	10050.675379
-39.728000	0.369923	10050.696184
-39.676000	0.368748	10050.716921
-39.624000	0.367580	10050.718415
-39.572000	0.366415	10050.686846
-39.520000	0.365257	10050.678560
-39.468000	0.364101	10050.699222
-39.416000	0.362953	10050.692559
-39.364000	0.361807	10050.660916
-39.312000	0.360670	10050.660633
-39.260000	0.359533	10050.681250
-39.208000	0.358405	10050.701850
-39.156000	0.357278	10050.722430
-39.104000	0.356160	10050.703538
-39.052000	0.355043	10050.671785
-39.000000	0.353934	10050.683512
-38.948000	0.352826	10050.704045
-38.896000	0.351726	10050.676996
-38.844000	0.350629	10050.645169
-38.792000	0.349538	10050.664894
-38.740000	0.348451	10050.682042
-38.688000	0.347368	10050.650161
-38.636000	0.346290	10050.625639
-38.584000	0.345217	10050.646039
-38.532000	0.344147	10050.666445
-38.480000	0.343082	10050.686779
-38.428000	0.342022	10050.691693
-38.376000	0.340966	10050.659720
-38.324000	0.339915	10050.647219
-38.272000	0.338867	10050.667504
-38.220000	0.337826	10050.664278
-38.168000	0.336787	10050.632229
-38.116000	0.335754	10050.627723
-38.064000	0.334723	10050.647932
-38.012000	0.333699	10050.636555
-37.960000	0.332677	10050.604459
-37.908000	0.331662	10050.607958
-37.856000	0.330648	10050.628092
-37.804000	0.329641	10050.608554
-37.752000	0.328635	10050.576382
-37.700000	0.327636	10050.587908
-37.648000	0.326639	10050.608023
-37.596000	0.325649	10050.628082
-37.544000	0.324660	10050.648132
-37.492000	0.323677	10050.616379
-37.440000	0.322697	10050.587651
-37.388000	0.321722	10050.607645
-37.336000	0.320750	10050.620078
-37.284000	0.319783	10050.587760
-37.232000	0.318819	10050.567059
-37.180000	0.317859	10050.586998
-37.128000	0.316903	10050.591294
-37.076000	0.315951	10050.558899
-37.024000	0.315003	10050.546192
-36.972000	0.314058	10050.566053
-36.920000	0.313119	10050.562194
-36.868000	0.312182	10050.529748
-36.816000	0.311250	10050.525062
-36.764000	0.310320	10050.544875
-36.712000	0.309396	10050.532868
-36.660000	0.308473	10050.500347
-36.608000	0.307557	10050.503667
-36.556000	0.306641	10050.523431
-36.504000	0.305732	10050.503285
-36.452000	0.304824	10050.470715
-36.400000	0.303922	10050.482039
-36.348000	0.303022	10050.501726
-36.296000	0.302126	10050.473435
-36.244000	0.301234	10050.440815
-36.192000	0.300346	10050.460159
-36.140000	0.299460	10050.476049
-36.088000	0.298579	10050.443371
-36.036000	0.297700	10050.418488
-35.984000	0.296826	10050.438064
-35.932000	0.295955	10050.445821
-35.880000	0.295087	10050.413061
-35.828000	0.294223	10050.396176
-35.776000	0.293362	10050.415700
-35.724000	0.292505	10050.415319
-35.672000	0.291651	10050.382508
-35.620000	0.290801	10050.373647
-35.568000	0.289953	10050.393120
-35.516000	0.289109	10050.384601
-35.464000	0.288267	10050.351739
-35.412000	0.287432	10050.350888
-35.360000	0.286596	10050.370284
-35.308000	0.285767	10050.353612
-35.256000	0.284939	10050.320700
-35.204000	0.284116	10050.327884
-35.152000	0.283294	10050.347257
-35.100000	0.282477	10050.322437
-35.048000	0.281661	10050.289448
-34.996000	0.280851	10050.304648
-34.944000	0.280042	10050.323970
-34.892000	0.279238	10050.291030
-34.840000	0.278435	10050.261982
-34.788000	0.277637	10050.281219
-34.736000	0.276841	10050.292458
-34.684000	0.276049	10050.259382
-34.632000	0.275259	10050.238360
-34.580000	0.274472	10050.257568
-34.528000	0.273689	10050.260696
-34.476000	0.272908	10050.227568
-34.424000	0.272132	10050.214569
-34.372000	0.271357	10050.233724
-34.320000	0.270586	10050.228713
-34.268000	0.269817	10050.195532
-34.216000	0.269052	10050.190556
-34.164000	0.268288	10050.209660
-34.112000	0.267530	10050.196507
-34.060000	0.266772	10050.163275
-34.008000	0.266019	10050.166320
-33.956000	0.265267	10050.185373
-33.904000	0.264520	10050.164096
-33.852000	0.263774	10050.130840
-33.800000	0.263032	10050.141914
-33.748000	0.262292	10050.160915
-33.696000	0.261556	10050.131501
-33.644000	0.260822	10050.098193
-33.592000	0.260091	10050.064844
-33.540000	0.259362	10050.035680
-33.488000	0.258637	10050.054634
-33.436000	0.257914	10050.065374
-33.384000	0.257194	10050.031963
-33.332000	0.256477	10050.010826
-33.280000	0.255762	10050.029725
-33.228000	0.255050	10050.032326
-33.176000	0.254341	10049.998889
-33.124000	0.253634	10049.985799
-33.072000	0.252930	10050.004645
-33.020000	0.252229	10049.999114
-32.968000	0.251529	10049.965651
-32.916000	0.250834	10049.960610
-32.864000	0.250140	10049.979431
-32.812000	0.249450	10049.965776
-32.760000	0.248760	10049.932261
-32.708000	0.248076	10049.935240
-32.656000	0.247392	10049.954008
-32.604000	0.246712	10049.972768
-32.552000	0.246033	10049.991523
-32.500000	0.245358	10049.965669
-32.448000	0.244684	10049.932088
-32.396000	0.244014	10049.947132
-32.344000	0.243346	10049.965501
-32.292000	0.242680	10049.931893
-32.240000	0.242017	10049.902688
-32.188000	0.241356	10049.921357
-32.136000	0.240698	10049.931593
-32.084000	0.240042	10049.897950
-32.032000	0.239389	10049.876795
-31.980000	0.238738	10049.895435
-31.928000	0.238089	10049.897562
-31.876000	0.237443	10049.863891
-31.824000	0.236799	10049.850778
-31.772000	0.236157	10049.869363
-31.720000	0.235518	10049.863362
-31.668000	0.234881	10049.829665
-31.616000	0.234247	10049.824595
-31.564000	0.233614	10049.843153
-31.512000	0.232985	10049.829045
-31.460000	0.232356	10049.795322
-31.408000	0.231732	10049.798295
-31.356000	0.231108	10049.816827
-31.304000	0.230488	10049.794594
-31.252000	0.229869	10049.760817
-31.200000	0.229254	10049.771843
-31.148000	0.228639	10049.790377
-31.096000	0.228028	10049.760038
-31.044000	0.227418	10049.726813
-30.992000	0.226811	10049.745312
-30.940000	0.226205	10049.763819
-30.888000	0.225602	10049.782278
-30.836000	0.225002	10049.792086
-30.784000	0.224403	10049.758259
-30.732000	0.223807	10049.737136
-30.680000	0.223212	10049.755563
-30.628000	0.222620	10049.757265
-30.576000	0.222029	10049.723410
-30.524000	0.221442	10049.710337
-30.472000	0.220855	10049.728764
-30.420000	0.220272	10049.722378
-30.368000	0.219690	10049.688495
-30.316000	0.219111	10049.683468
-30.264000	0.218532	10049.701869
-30.212000	0.217958	10049.687370
-30.160000	0.217384	10049.653460
-30.108000	0.216813	10049.656479
-30.056000	0.216243	10049.674852
-30.004000	0.215676	10049.693233
-29.952000	0.215110	10049.711619
-29.900000	0.214547	10049.684979
-29.848000	0.213985	10049.651056
-29.796000	0.213426	10049.666171
-29.744000	0.212868	10049.683733
-29.692000	0.212313	10049.649777
-29.640000	0.211760	10049.620663
-29.588000	0.211208	10049.639013
-29.536000	0.210659	10049.657371
-29.484000	0.210111	10049.675706
-29.432000	0.209565	10049.681133
-29.380000	0.209021	10049.647157
-29.328000	0.208480	10049.630142
-29.276000	0.207939	10049.648447
-29.224000	0.207401	10049.645770
-29.172000	0.206865	10049.611792
-29.120000	0.206331	10049.602851
-29.068000	0.205798	10049.621156
-29.016000	0.205268	10049.639471
-28.964000	0.204738	10049.657789
-28.912000	0.204212	10049.642990
-28.860000	0.203685	10049.608998
-28.808000	0.203163	10049.612167
-28.756000	0.202641	10049.630485
-28.704000	0.202122	10049.607600
-28.652000	0.201604	10049.573607
-28.600000	0.201088	10049.584833
-28.548000	0.200573	10049.603122
-28.496000	0.200061	10049.621418
-28.444000	0.199550	10049.638705
-28.392000	0.199041	10049.604692
-28.340000	0.198533	10049.575739
-28.288000	0.198028	10049.594031
-28.236000	0.197525	10049.612331
-28.184000	0.197022	10049.630609
-28.132000	0.196522	10049.635762
-28.080000	0.196023	10049.601755
-28.028000	0.195527	10049.584932
-27.976000	0.195031	10049.603234
-27.924000	0.194538	10049.600327
-27.872000	0.194046	10049.566318
-27.820000	0.193556	10049.557573
-27.768000	0.193067	10049.575873
-27.716000	0.192581	10049.594183
-27.664000	0.192095	10049.612496
-27.612000	0.191612	10049.597474
-27.560000	0.191130	10049.563477
-27.508000	0.190650	10049.566858
-27.456000	0.190171	10049.585170
-27.404000	0.189694	10049.603471
-27.352000	0.189219	10049.621768
-27.300000	0.188745	10049.594642
-27.248000	0.188273	10049.560684
-27.196000	0.187803	10049.576198
-27.144000	0.187333	10049.594521
-27.092000	0.186866	10049.612848
-27.040000	0.186400	10049.625912
-26.988000	0.185936	10049.591929
-26.936000	0.185473	10049.567266
-26.884000	0.185012	10049.585618
-26.832000	0.184553	10049.603976
-26.780000	0.184095	10049.622312
-26.728000	0.183638	10049.623273
-26.676000	0.183183	10049.589352
-26.624000	0.182730	10049.576866
-26.572000	0.182278	10049.595226
-26.520000	0.181828	10049.613597
-26.468000	0.181378	10049.631970
-26.416000	0.180931	10049.620844
-26.364000	0.180485	10049.586933
-26.312000	0.180041	10049.586581
-26.260000	0.179597	10049.604979
-26.208000	0.179156	10049.585797
-26.156000	0.178715	10049.551912
-26.104000	0.178277	10049.559662
-26.052000	0.177840	10049.578085
-26.000000	0.177405	10049.596515
-25.948000	0.176970	10049.614951
-25.896000	0.176537	10049.583685
-25.844000	0.176106	10049.551287
-25.792000	0.175676	10049.569765
-25.740000	0.175247	10049.588253
-25.688000	0.174820	10049.606719
-25.636000	0.174395	10049.615664
-25.584000	0.173970	10049.581871
-25.532000	0.173547	10049.561654
-25.480000	0.173126	10049.580142
-25.428000	0.172705	10049.598645
-25.376000	0.172286	10049.617172
-25.324000	0.171869	10049.614061
-25.272000	0.171453	10049.580304
-25.220000	0.171039	10049.572255
-25.168000	0.170625	10049.590834
-25.116000	0.170213	10049.609422
-25.064000	0.169803	10049.628013
-25.012000	0.169394	10049.612832
-24.960000	0.168985	10049.579111
-24.908000	0.168579	10049.583237
-24.856000	0.168173	10049.601880
-24.804000	0.167769	10049.620512
-24.752000	0.167366	10049.639139
-24.700000	0.166965	10049.611908
-24.648000	0.166565	10049.578279
-24.596000	0.166166	10049.594603
-24.544000	0.165769	10049.611641
-24.492000	0.165372	10049.578056
-24.440000	0.164977	10049.550187
-24.388000	0.164583	10049.568910
-24.336000	0.164191	10049.587642
-24.284000	0.163800	10049.606403
-24.232000	0.163410	10049.611386
-24.180000	0.163021	10049.577863
-24.128000	0.162633	10049.562181
-24.076000	0.162247	10049.580993
-24.024000	0.161862	10049.599822
-23.972000	0.161479	10049.618673
-23.920000	0.161096	10049.611628
-23.868000	0.160715	10049.578194
-23.816000	0.160335	10049.574715
-23.764000	0.159956	10049.593589
-23.712000	0.159579	10049.578515
-23.660000	0.159202	10049.545161
-23.608000	0.158827	10049.549838
-23.556000	0.158452	10049.568791
-23.504000	0.158080	10049.587769
-23.452000	0.157708	10049.606762
-23.400000	0.157337	10049.579657
-23.348000	0.156968	10049.546365
-23.296000	0.156600	10049.563244
-23.244000	0.156233	10049.580401
-23.192000	0.155868	10049.547178
-23.140000	0.155503	10049.519890
-23.088000	0.155139	10049.539003
-23.036000	0.154777	10049.558127
-22.984000	0.154415	10049.577279
-22.932000	0.154055	10049.582439
-22.880000	0.153696	10049.549334
-22.828000	0.153339	10049.534282
-22.776000	0.152982	10049.553484
-22.724000	0.152627	10049.550627
-22.672000	0.152272	10049.517600
-22.620000	0.151919	10049.510705
-22.568000	0.151566	10049.529985
-22.516000	0.151216	10049.519135
-22.464000	0.150865	10049.486185
-22.412000	0.150516	10049.487446
-22.360000	0.150168	10049.506804
-22.308000	0.149822	10049.487960
-22.256000	0.149476	10049.455088
-22.204000	0.149131	10049.464523
-22.152000	0.148787	10049.483987
-22.100000	0.148445	10049.503456
-22.048000	0.148103	10049.522931
-21.996000	0.147763	10049.492096
-21.944000	0.147424	10049.461445
-21.892000	0.147085	10049.481016
-21.840000	0.146748	10049.494453
-21.788000	0.146412	10049.461794
-21.736000	0.146077	10049.439330
-21.684000	0.145743	10049.459007
-21.632000	0.145410	10049.464470
-21.580000	0.145077	10049.431862
-21.528000	0.144746	10049.417542
-21.476000	0.144416	10049.437323
-21.424000	0.144087	10049.434812
-21.372000	0.143759	10049.402308
-21.320000	0.143432	10049.396175
-21.268000	0.143106	10049.416034
-21.216000	0.142781	10049.405544
-21.164000	0.142456	10049.373173
-21.112000	0.142134	10049.375230
-21.060000	0.141811	10049.395166
-21.008000	0.141491	10049.376698
-20.956000	0.141171	10049.344432
-20.904000	0.140852	10049.354690
-20.852000	0.140534	10049.374759
-20.800000	0.140217	10049.348314
-20.748000	0.139901	10049.316125
-20.696000	0.139585	10049.283987
-20.644000	0.139271	10049.254186
-20.592000	0.138958	10049.274389
-20.540000	0.138645	10049.288239
-20.488000	0.138334	10049.256239
-20.436000	0.138023	10049.234650
-20.384000	0.137714	10049.254959
-20.332000	0.137405	10049.260846
-20.280000	0.137097	10049.228951
-20.228000	0.136791	10049.215551
-20.176000	0.136484	10049.235991
-20.124000	0.136179	10049.233936
-20.072000	0.135875	10049.202145
-20.020000	0.135573	10049.170383
-19.968000	0.135270	10049.138659
-19.916000	0.134970	10049.137565
-19.864000	0.134669	10049.158203
-19.812000	0.134370	10049.144238
-19.760000	0.134071	10049.112645
-19.708000	0.133773	10049.119754
-19.656000	0.133476	10049.140496
-19.604000	0.133181	10049.118563
-19.552000	0.132886	10049.087075
-19.500000	0.132592	10049.055654
-19.448000	0.132298	10049.024259
-19.396000	0.132006	10049.043689
-19.344000	0.131714	10049.062088
-19.292000	0.131424	10049.030811
-19.240000	0.131134	10048.999548
-19.188000	0.130845	10048.968315
-19.136000	0.130557	10048.947714
-19.084000	0.130270	10048.968871
-19.032000	0.129984	10048.975385
-18.980000	0.129698	10048.944311
-18.928000	0.129413	10048.913257
-18.876000	0.129129	10048.882248
-18.824000	0.128846	10048.874002
-18.772000	0.128564	10048.895355
-18.720000	0.128283	10048.889959
-18.668000	0.128003	10048.859082
-18.616000	0.127723	10048.828249
-18.564000	0.127444	10048.797465
-18.512000	0.127166	10048.801573
-18.460000	0.126888	10048.823151
-18.408000	0.126612	10048.805889
-18.356000	0.126336	10048.775264
-18.304000	0.126062	10048.744663
-18.252000	0.125787	10048.714076
-18.200000	0.125515	10048.730552
-18.148000	0.125243	10048.752382
-18.096000	0.124971	10048.723225
-18.044000	0.124700	10048.692797
-17.992000	0.124430	10048.662473
-17.940000	0.124161	10048.632166
-17.888000	0.123893	10048.601889
-17.836000	0.123625	10048.582463
-17.784000	0.123358	10048.604603
-17.732000	0.123092	10048.611882
-17.680000	0.122826	10048.581790
-17.628000	0.122562	10048.551719
-17.576000	0.122298	10048.521692
-17.524000	0.122035	10048.491707
-17.472000	0.121773	10048.461801
-17.420000	0.121511	10048.458908
-17.368000	0.121250	10048.481337
-17.316000	0.120991	10048.472787
-17.264000	0.120731	10048.443040
-17.212000	0.120473	10048.413343
-17.160000	0.120215	10048.383689
-17.108000	0.119958	10048.354074
-17.056000	0.119702	10048.324485
-17.004000	0.119447	10048.294958
-16.952000	0.119192	10048.265462
-16.900000	0.118938	10048.283227
-16.848000	0.118685	10048.306120
-16.796000	0.118432	10048.277878
-16.744000	0.118180	10048.248595
-16.692000	0.117929	10048.219367
-16.640000	0.117678	10048.190150
-16.588000	0.117428	10048.161018
-16.536000	0.117179	10048.131899
-16.484000	0.116931	10048.102860
-16.432000	0.116684	10048.088935
-16.380000	0.116437	10048.112285
-16.328000	0.116191	10048.116527
-16.276000	0.115945	10048.087673
-16.224000	0.115701	10048.058860
-16.172000	0.115456	10048.030126
-16.120000	0.115213	10048.001421
-16.068000	0.114970	10047.972752
-16.016000	0.114728	10047.944141
-15.964000	0.114486	10047.915593
-15.912000	0.114246	10047.887095
-15.860000	0.114006	10047.858640
-15.808000	0.113767	10047.869589
-15.756000	0.113529	10047.893551
-15.704000	0.113291	10047.874203
-15.652000	0.113053	10047.845961
-15.600000	0.112817	10047.817786
-15.548000	0.112581	10047.789637
-15.496000	0.112345	10047.761584
-15.444000	0.112111	10047.733555
-15.392000	0.111877	10047.705605
-15.340000	0.111643	10047.677668
-15.288000	0.111411	10047.649817
-15.236000	0.111179	10047.621981
-15.184000	0.110948	10047.594250
-15.132000	0.110717	10047.581855
-15.080000	0.110487	10047.606540
-15.028000	0.110258	10047.611900
-14.976000	0.110028	10047.584380
-14.924000	0.109800	10047.556903
-14.872000	0.109573	10047.529504
-14.820000	0.109346	10047.502155
-14.768000	0.109120	10047.474876
-14.716000	0.108894	10047.447642
-14.664000	0.108669	10047.420455
-14.612000	0.108445	10047.393335
-14.560000	0.108221	10047.366269
-14.508000	0.107998	10047.339276
-14.456000	0.107776	10047.312330
-14.404000	0.107554	10047.285465
-14.352000	0.107333	10047.258639
-14.300000	0.107112	10047.279532
-14.248000	0.106892	10047.305122
-14.196000	0.106673	10047.279118
-14.144000	0.106454	10047.252505
-14.092000	0.106236	10047.226022
-14.040000	0.106018	10047.199556
-13.988000	0.105801	10047.173176
-13.936000	0.105585	10047.146814
-13.884000	0.105369	10047.120581
-13.832000	0.105154	10047.094368
-13.780000	0.104939	10047.068227
-13.728000	0.104725	10047.042125
-13.676000	0.104511	10047.016132
-13.624000	0.104299	10046.990180
-13.572000	0.104087	10046.964306
-13.520000	0.103875	10046.938482
-13.468000	0.103663	10046.912728
-13.416000	0.103453	10046.918720
-13.364000	0.103243	10046.945383
-13.312000	0.103034	10046.936398
-13.260000	0.102825	10046.910912
-13.208000	0.102617	10046.885482
-13.156000	0.102409	10046.860088
-13.104000	0.102202	10046.834814
-13.052000	0.101995	10046.809595
-13.000000	0.101789	10046.784444
-12.948000	0.101583	10046.759318
-12.896000	0.101379	10046.734312
-12.844000	0.101175	10046.709333
-12.792000	0.100971	10046.684459
-12.740000	0.100768	10046.659600
-12.688000	0.100565	10046.634882
-12.636000	0.100363	10046.621887
-12.584000	0.100161	10046.649584
-12.532000	0.099960	10046.661562
-12.480000	0.099760	10046.637109
-12.428000	0.099560	10046.612697
-12.376000	0.099360	10046.588392
-12.324000	0.099161	10046.564129
-12.272000	0.098963	10046.539943
-12.220000	0.098765	10046.515818
-12.168000	0.098568	10046.491780
-12.116000	0.098371	10046.467800
-12.064000	0.098175	10046.443882
-12.012000	0.097979	10046.420059
-11.960000	0.097784	10046.396316
-11.908000	0.097590	10046.372647
-11.856000	0.097395	10046.349023
-11.804000	0.097202	10046.369506
-11.752000	0.097009	10046.398297
-11.700000	0.096816	10046.379158
-11.648000	0.096624	10046.355829
-11.596000	0.096432	10046.332621
-11.544000	0.096241	10046.309439
-11.492000	0.096051	10046.286364
-11.440000	0.095861	10046.263302
-11.388000	0.095671	10046.240409
-11.336000	0.095482	10046.217530
-11.284000	0.095294	10046.194755
-11.232000	0.095106	10046.172014
-11.180000	0.094918	10046.149414
-11.128000	0.094731	10046.146859
-11.076000	0.094545	10046.176702
-11.024000	0.094359	10046.182550
-10.972000	0.094173	10046.160244
-10.920000	0.093988	10046.137988
-10.868000	0.093804	10046.115801
-10.816000	0.093620	10046.093711
-10.764000	0.093436	10046.071727
-10.712000	0.093253	10046.049809
-10.660000	0.093070	10046.027944
-10.608000	0.092888	10046.006188
-10.556000	0.092706	10045.984498
-10.504000	0.092525	10046.007152
-10.452000	0.092345	10046.037905
-10.400000	0.092164	10046.020487
-10.348000	0.091985	10045.999091
-10.296000	0.091805	10045.977841
-10.244000	0.091627	10045.956619
-10.192000	0.091448	10045.935530
-10.140000	0.091270	10045.914458
-10.088000	0.091093	10045.893524
-10.036000	0.090916	10045.884756
-9.984000	0.090740	10045.916292
-9.932000	0.090564	10045.931680
-9.880000	0.090388	10045.911094
-9.828000	0.090213	10045.890550
-9.776000	0.090038	10045.870111
-9.724000	0.089864	10045.849733
-9.672000	0.089690	10045.829469
-9.620000	0.089517	10045.809267
-9.568000	0.089344	10045.789150
-9.516000	0.089172	10045.801459
-9.464000	0.089000	10045.833813
-9.412000	0.088828	10045.829883
-9.360000	0.088657	10045.810115
-9.308000	0.088487	10045.790439
-9.256000	0.088316	10045.770818
-9.204000	0.088147	10045.751339
-9.152000	0.087977	10045.731920
-9.100000	0.087808	10045.761114
-9.048000	0.087640	10045.793894
-8.996000	0.087472	10045.774769
-8.944000	0.087305	10045.755671
-8.892000	0.087137	10045.736733
-8.840000	0.086971	10045.717812
-8.788000	0.086804	10045.699030
-8.736000	0.086639	10045.692634
-8.684000	0.086473	10045.726350
-8.632000	0.086308	10045.743698
-8.580000	0.086144	10045.725292
-8.528000	0.085979	10045.706926
-8.476000	0.085816	10045.688666
-8.424000	0.085652	10045.670476
-8.372000	0.085489	10045.652418
-8.320000	0.085327	10045.662954
-8.268000	0.085165	10045.697366
-8.216000	0.085003	10045.699305
-8.164000	0.084842	10045.681595
-8.112000	0.084681	10045.663984
-8.060000	0.084521	10045.646449
-8.008000	0.084361	10045.669663
-7.956000	0.084201	10045.704599
-7.904000	0.084042	10045.694999
-7.852000	0.083883	10045.677840
-7.800000	0.083725	10045.660795
-7.748000	0.083567	10045.644244
-7.696000	0.083409	10045.679700
-7.644000	0.083252	10045.710685
-7.592000	0.083095	10045.694061
-7.540000	0.082939	10045.677456
-7.488000	0.082783	10045.661017
-7.436000	0.082627	10045.657179
-7.384000	0.082472	10045.693210
-7.332000	0.082317	10045.712656
-7.280000	0.082163	10045.696564
-7.228000	0.082009	10045.680528
-7.176000	0.081855	10045.664638
-7.124000	0.081702	10045.673517
-7.072000	0.081549	10045.710125
-7.020000	0.081397	10045.718068
-6.968000	0.081244	10045.702554
-6.916000	0.081093	10045.687126
-6.864000	0.080941	10045.671786
-6.812000	0.080790	10045.693377
-6.760000	0.080640	10045.730535
-6.708000	0.080490	10045.726965
-6.656000	0.080340	10045.712029
-6.604000	0.080190	10045.742132
-6.552000	0.080041	10045.779693
-6.500000	0.079893	10045.768455
-6.448000	0.079744	10045.753895
-6.396000	0.079596	10045.739506
-6.344000	0.079449	10045.729866
-6.292000	0.079301	10045.767964
-6.240000	0.079155	10045.797323
-6.188000	0.079008	10045.783334
-6.136000	0.078862	10045.782169
-6.084000	0.078716	10045.820678
-6.032000	0.078571	10045.842391
-5.980000	0.078426	10045.828805
-5.928000	0.078281	10045.815276
-5.876000	0.078136	10045.801892
-5.824000	0.077993	10045.813495
-5.772000	0.077849	10045.852609
-5.720000	0.077706	10045.862840
-5.668000	0.077563	10045.849832
-5.616000	0.077420	10045.869933
-5.564000	0.077278	10045.909450
-5.512000	0.077136	10045.912046
-5.460000	0.076995	10045.899469
-5.408000	0.076853	10045.887003
-5.356000	0.076713	10045.874599
-5.304000	0.076572	10045.907474
-5.252000	0.076432	10045.947596
-5.200000	0.076292	10045.938700
-5.148000	0.076153	10045.927597
-5.096000	0.076014	10045.968090
-5.044000	0.075875	10046.003678
-4.992000	0.075737	10045.992095
-4.940000	0.075599	10045.989507
-4.888000	0.075461	10046.030430
-4.836000	0.075323	10046.058363
-4.784000	0.075186	10046.047191
-4.732000	0.075050	10046.053116
-4.680000	0.074913	10046.094441
-4.628000	0.074777	10046.114735
-4.576000	0.074641	10046.103993
-4.524000	0.074506	10046.093323
-4.472000	0.074371	10046.082783
-4.420000	0.074236	10046.101502
-4.368000	0.074102	10046.143460
-4.316000	0.073968	10046.152304
-4.264000	0.073834	10046.142167
-4.212000	0.073700	10046.169413
-4.160000	0.073567	10046.211801
-4.108000	0.073435	10046.213027
-4.056000	0.073302	10046.203320
-4.004000	0.073170	10046.239110
-3.952000	0.073038	10046.281928
-3.900000	0.072907	10046.275534
-3.848000	0.072775	10046.267373
-3.796000	0.072645	10046.310567
-3.744000	0.072514	10046.348634
-3.692000	0.072384	10046.339773
-3.640000	0.072254	10046.340128
-3.588000	0.072124	10046.383775
-3.536000	0.071995	10046.414218
-3.484000	0.071866	10046.405797
-3.432000	0.071737	10046.397424
-3.380000	0.071609	10046.389231
-3.328000	0.071481	10046.402402
-3.276000	0.071353	10046.446679
-3.224000	0.071226	10046.465696
-3.172000	0.071098	10046.457934
-3.120000	0.070972	10046.479651
-3.068000	0.070845	10046.524386
-3.016000	0.070719	10046.535806
-2.964000	0.070593	10046.528474
-2.912000	0.070467	10046.558729
-2.860000	0.070342	10046.603895
-2.808000	0.070217	10046.607700
-2.756000	0.070092	10046.600798
-2.704000	0.069968	10046.639612
-2.652000	0.069844	10046.685236
-2.600000	0.069720	10046.681430
-2.548000	0.069596	10046.676292
-2.496000	0.069473	10046.722340
-2.444000	0.069350	10046.763050
-2.392000	0.069227	10046.756998
-2.340000	0.069105	10046.750967
-2.288000	0.068983	10046.745177
-2.236000	0.068861	10046.752870
-2.184000	0.068740	10046.799605
-2.132000	0.068618	10046.828893
-2.080000	0.068497	10046.823533
-2.028000	0.068377	10046.839769
-1.976000	0.068256	10046.886934
-1.924000	0.068136	10046.908611
-1.872000	0.068017	10046.903709
-1.820000	0.067897	10046.928515
-1.768000	0.067778	10046.976138
-1.716000	0.067659	10046.990228
-1.664000	0.067540	10046.985783
-1.612000	0.067422	10046.981471
-1.560000	0.067304	10046.977256
-1.508000	0.067186	10047.014899
-1.456000	0.067068	10047.063181
-1.404000	0.066951	10047.065882
-1.352000	0.066834	10047.062124
-1.300000	0.066717	10047.108333
-1.248000	0.066601	10047.155522
-1.196000	0.066485	10047.152189
-1.144000	0.066369	10047.148889
-1.092000	0.066253	10047.145778
-1.040000	0.066138	10047.152319
-0.988000	0.066023	10047.201767
-0.936000	0.065908	10047.237578
-0.884000	0.065793	10047.234958
-0.832000	0.065679	10047.232382
-0.780000	0.065565	10047.229963
-0.728000	0.065451	10047.249367
-0.676000	0.065338	10047.299500
-0.624000	0.065224	10047.323930
-0.572000	0.065111	10047.321996
-0.520000	0.064999	10047.349990
-0.468000	0.064886	10047.400581
-0.416000	0.064774	10047.417422
-0.364000	0.064662	10047.415946
-0.312000	0.064551	10047.414603
-0.260000	0.064439	10047.413356
-0.208000	0.064328	10047.412258
-0.156000	0.064217	10047.411239
-0.104000	0.064106	10047.456373
-0.052000	0.063996	10047.507879
-0.000000	0.063886	10047.509566
0.052000	0.063776	10047.509032
0.104000	0.063666	10047.508699
0.156000	0.063557	10047.514202
0.208000	0.063448	10047.566410
0.260000	0.063339	10047.608793
0.312000	0.063230	10047.608940
0.364000	0.063122	10047.609119
0.416000	0.063014	10047.609495
0.468000	0.062906	10047.627852
0.520000	0.062799	10047.680780
0.572000	0.062691	10047.711808
0.624000	0.062584	10047.712669
0.676000	0.062477	10047.713612
0.728000	0.062370	10047.714701
0.780000	0.062264	10047.715890
0.832000	0.062158	10047.717208
0.884000	0.062052	10047.718656
0.936000	0.061946	10047.720230
0.988000	0.061841	10047.760062
1.040000	0.061736	10047.814160
1.092000	0.061631	10047.826246
1.144000	0.061526	10047.828276
1.196000	0.061422	10047.830495
1.248000	0.061317	10047.832782
1.300000	0.061214	10047.835254
1.352000	0.061110	10047.837769
1.404000	0.061006	10047.840486
1.456000	0.060903	10047.849255
1.508000	0.060800	10047.904514
1.560000	0.060697	10047.949729
1.612000	0.060595	10047.952953
1.664000	0.060492	10047.956210
1.716000	0.060390	10047.959662
1.768000	0.060288	10047.963170
1.820000	0.060187	10047.966878
1.872000	0.060085	10047.970654
1.924000	0.059984	10047.974590
1.976000	0.059883	10047.978611
2.028000	0.059782	10047.982776
2.080000	0.059682	10047.987054
2.132000	0.059581	10047.991475
2.184000	0.059481	10047.996014
2.236000	0.059382	10048.000664
2.288000	0.059282	10048.005448
2.340000	0.059183	10048.010326
2.392000	0.059084	10048.057755
2.444000	0.058985	10048.115186
2.496000	0.058886	10048.126363
2.548000	0.058787	10048.131725
2.600000	0.058689	10048.137296
2.652000	0.058591	10048.142914
2.704000	0.058493	10048.148735
2.756000	0.058396	10048.154582
2.808000	0.058298	10048.160648
2.860000	0.058201	10048.166737
2.912000	0.058104	10048.173063
2.964000	0.058007	10048.179427
3.016000	0.057911	10048.186009
3.068000	0.057815	10048.192637
3.120000	0.057718	10048.199420
3.172000	0.057623	10048.206279
3.224000	0.057527	10048.213318
3.276000	0.057431	10048.220452
3.328000	0.057336	10048.227747
3.380000	0.057241	10048.204663
3.432000	0.057146	10048.159890
3.484000	0.057052	10048.149756
3.536000	0.056957	10048.157508
3.588000	0.056863	10048.165412
3.640000	0.056769	10048.173419
3.692000	0.056675	10048.181598
3.744000	0.056582	10048.189862
3.796000	0.056489	10048.198274
3.848000	0.056395	10048.206738
3.900000	0.056302	10048.215411
3.952000	0.056210	10048.224131
4.004000	0.056117	10048.233079
4.056000	0.056025	10048.242055
4.108000	0.055933	10048.251251
4.160000	0.055841	10048.249967
4.212000	0.055749	10048.207099
4.264000	0.055658	10048.178810
4.316000	0.055566	10048.188494
4.368000	0.055475	10048.198235
4.420000	0.055384	10048.208175
4.472000	0.055293	10048.218175
4.524000	0.055203	10048.228315
4.576000	0.055113	10048.238551
4.628000	0.055022	10048.248947
4.680000	0.054933	10048.228759
4.732000	0.054843	10048.187115
4.784000	0.054753	10048.180328
4.836000	0.054664	10048.191209
4.888000	0.054575	10048.202225
4.940000	0.054486	10048.213333
4.992000	0.054397	10048.224613
5.044000	0.054309	10048.235978
5.096000	0.054220	10048.200655
5.148000	0.054132	10048.159951
5.200000	0.054044	10048.170353
5.252000	0.053956	10048.182202
5.304000	0.053869	10048.194254
5.356000	0.053781	10048.199650
5.408000	0.053694	10048.159679
5.460000	0.053607	10048.130446
5.512000	0.053520	10048.142974
5.564000	0.053434	10048.155545
5.616000	0.053347	10048.168356
5.668000	0.053261	10048.162416
5.720000	0.053175	10048.123132
5.772000	0.053089	10048.106763
5.824000	0.053003	10048.120030
5.876000	0.052918	10048.133385
5.928000	0.052832	10048.146880
5.980000	0.052747	10048.129575
6.032000	0.052662	10048.091031
6.084000	0.052578	10048.087562
6.136000	0.052493	10048.101542
6.188000	0.052408	10048.076663
6.240000	0.052324	10048.038574
6.292000	0.052240	10048.043694
6.344000	0.052156	10048.058158
6.396000	0.052073	10048.072792
6.448000	0.051989	10048.087483
6.500000	0.051906	10048.051272
6.552000	0.051823	10048.016780
6.604000	0.051740	10048.031907
6.656000	0.051657	10048.040157
6.708000	0.051574	10048.003258
6.760000	0.051492	10047.977317
6.812000	0.051409	10047.992943
6.864000	0.051327	10047.993634
6.916000	0.051246	10047.957221
6.968000	0.051164	10047.939877
7.020000	0.051082	10047.955987
7.072000	0.051001	10047.949113
7.124000	0.050920	10047.913155
7.176000	0.050839	10047.904380
7.228000	0.050758	10047.920946
7.280000	0.050677	10047.906495
7.332000	0.050596	10047.871021
7.384000	0.050516	10047.835654
7.436000	0.050436	10047.800380
7.488000	0.050356	10047.804475
7.540000	0.050276	10047.821753
7.592000	0.050196	10047.795952
7.644000	0.050117	10047.761190
7.696000	0.050038	10047.773871
7.748000	0.049958	10047.791605
7.800000	0.049879	10047.758219
7.852000	0.049801	10047.723913
7.904000	0.049722	10047.689787
7.956000	0.049643	10047.662796
8.008000	0.049565	10047.681236
8.060000	0.049487	10047.688543
8.112000	0.049409	10047.654916
8.164000	0.049331	10047.636521
8.216000	0.049253	10047.655418
8.268000	0.049176	10047.655142
8.320000	0.049098	10047.621998
8.372000	0.049021	10047.588918
8.424000	0.048944	10047.555975
8.476000	0.048868	10047.550433
8.528000	0.048791	10047.570013
8.580000	0.048714	10047.558360
8.632000	0.048638	10047.525900
8.684000	0.048562	10047.493548
8.736000	0.048486	10047.461288
8.788000	0.048410	10047.468616
8.840000	0.048334	10047.488909
8.892000	0.048258	10047.465886
8.944000	0.048183	10047.434110
8.996000	0.048108	10047.402486
9.048000	0.048033	10047.370910
9.100000	0.047958	10047.339547
9.152000	0.047883	10047.311521
9.204000	0.047808	10047.332678
9.256000	0.047734	10047.346521
9.308000	0.047659	10047.315652
9.360000	0.047585	10047.284802
9.412000	0.047511	10047.254134
9.464000	0.047437	10047.223508
9.516000	0.047364	10047.193095
9.568000	0.047290	10047.182182
9.620000	0.047217	10047.204265
9.672000	0.047144	10047.202930
9.724000	0.047070	10047.172945
9.776000	0.046998	10047.143049
9.828000	0.046925	10047.113292
9.880000	0.046852	10047.083640
9.932000	0.046780	10047.054111
9.984000	0.046707	10047.060314
10.036000	0.046635	10047.083309
10.088000	0.046563	10047.066777
10.140000	0.046491	10047.037676
10.192000	0.046419	10047.008731
10.244000	0.046348	10046.979858
10.296000	0.046276	10046.951158
10.348000	0.046205	10046.922512
10.400000	0.046134	10046.894057
10.452000	0.046063	10046.869150
10.504000	0.045992	10046.893236
10.556000	0.045921	10046.909792
10.608000	0.045851	10046.881798
10.660000	0.045780	10046.853826
10.712000	0.045710	10046.826059
10.764000	0.045640	10046.798328
10.816000	0.045570	10046.770761
10.868000	0.045500	10046.743251
10.920000	0.045431	10046.715912
10.972000	0.045361	10046.688647
11.024000	0.045292	10046.661536
11.076000	0.045222	10046.662263
11.128000	0.045153	10046.687677
11.180000	0.045084	10046.681395
11.232000	0.045015	10046.654713
11.284000	0.044947	10046.628138
11.336000	0.044878	10046.601655
11.388000	0.044810	10046.575313
11.440000	0.044741	10046.549058
11.492000	0.044673	10046.522961
11.544000	0.044605	10046.496933
11.596000	0.044537	10046.471059
11.648000	0.044470	10046.445232
11.700000	0.044402	10046.471582
11.752000	0.044335	10046.494549
11.804000	0.044267	10046.469132
11.856000	0.044200	10046.443734
11.908000	0.044133	10046.418531
11.960000	0.044066	10046.393350
12.012000	0.043999	10046.368374
12.064000	0.043933	10046.343433
12.116000	0.043866	10046.318657
12.168000	0.043800	10046.293932
12.220000	0.043734	10046.269356
12.272000	0.043668	10046.244854
12.324000	0.043602	10046.220506
12.376000	0.043536	10046.196237
12.428000	0.043470	10046.172089
12.480000	0.043405	10046.180055
12.532000	0.043339	10046.208431
12.584000	0.043274	10046.200855
12.636000	0.043209	10046.177107
12.688000	0.043144	10046.153500
12.740000	0.043079	10046.129980
12.792000	0.043014	10046.106599
12.844000	0.042949	10046.083278
12.896000	0.042885	10046.060133
12.948000	0.042820	10046.037041
13.000000	0.042756	10046.014093
13.052000	0.042692	10045.991172
13.104000	0.042628	10045.968435
13.156000	0.042564	10045.945718
13.208000	0.042501	10045.923221
13.260000	0.042437	10045.900745
13.312000	0.042373	10045.878448
13.364000	0.042310	10045.872249
13.416000	0.042247	10045.902420
13.468000	0.042184	10045.912544
13.520000	0.042121	10045.890647
13.572000	0.042058	10045.868816
13.624000	0.041995	10045.847119
13.676000	0.041933	10045.825492
13.728000	0.041870	10045.803967
13.780000	0.041808	10045.782551
13.832000	0.041746	10045.761254
13.884000	0.041684	10045.740052
13.936000	0.041622	10045.718928
13.988000	0.041560	10045.697945
14.040000	0.041498	10045.677048
14.092000	0.041436	10045.656271
14.144000	0.041375	10045.635547
14.196000	0.041314	10045.614976
14.248000	0.041252	10045.594451
14.300000	0.041191	10045.574096
14.352000	0.041130	10045.557936
14.404000	0.041069	10045.590065
14.456000	0.041009	10045.614008
14.508000	0.040948	10045.594079
14.560000	0.040887	10045.574169
14.612000	0.040827	10045.554412
14.664000	0.040767	10045.534688
14.716000	0.040707	10045.515103
14.768000	0.040647	10045.495577
14.820000	0.040587	10045.476220
14.872000	0.040527	10045.456920
14.924000	0.040467	10045.437736
14.976000	0.040408	10045.418621
15.028000	0.040348	10045.399609
15.080000	0.040289	10045.380692
15.132000	0.040230	10045.361880
15.184000	0.040171	10045.343178
15.236000	0.040112	10045.324565
15.288000	0.040053	10045.346581
15.340000	0.039994	10045.380437
15.392000	0.039935	10045.369873
15.444000	0.039877	10045.351633
15.496000	0.039818	10045.333526
15.548000	0.039760	10045.315457
15.600000	0.039702	10045.297535
15.652000	0.039644	10045.279639
15.704000	0.039586	10045.261928
15.756000	0.039528	10045.244235
15.808000	0.039470	10045.226707
15.860000	0.039413	10045.209202
15.912000	0.039355	10045.191873
15.964000	0.039298	10045.174578
16.016000	0.039241	10045.157422
16.068000	0.039184	10045.160853
16.120000	0.039126	10045.196165
16.172000	0.039070	10045.206955
16.224000	0.039013	10045.190143
16.276000	0.038956	10045.173414
16.328000	0.038899	10045.156802
16.380000	0.038843	10045.140261
16.432000	0.038787	10045.123794
16.484000	0.038730	10045.107438
16.536000	0.038674	10045.091171
16.588000	0.038618	10045.075012
16.640000	0.038562	10045.058917
16.692000	0.038506	10045.042944
16.744000	0.038451	10045.027021
16.796000	0.038395	10045.011232
16.848000	0.038339	10044.996043
16.900000	0.038284	10045.032735
16.952000	0.038229	10045.064852
17.004000	0.038174	10045.049433
17.056000	0.038118	10045.034030
17.108000	0.038063	10045.018792
17.160000	0.038009	10045.003575
17.212000	0.037954	10044.988509
17.264000	0.037899	10044.973476
17.316000	0.037845	10044.958582
17.368000	0.037790	10044.943735
17.420000	0.037736	10044.929013
17.472000	0.037682	10044.914341
17.524000	0.037627	10044.899764
17.576000	0.037573	10044.914107
17.628000	0.037519	10044.952026
17.680000	0.037466	10044.957138
17.732000	0.037412	10044.942905
17.784000	0.037358	10044.928769
17.836000	0.037305	10044.914709
17.888000	0.037251	10044.900740
17.940000	0.037198	10044.886823
17.992000	0.037145	10044.873029
18.044000	0.037092	10044.859285
18.096000	0.037039	10044.845676
18.148000	0.036986	10044.832104
18.200000	0.036933	10044.818680
18.252000	0.036880	10044.810098
18.304000	0.036828	10044.849129
18.356000	0.036775	10044.879315
18.408000	0.036723	10044.866201
18.460000	0.036671	10044.853107
18.512000	0.036618	10044.840165
18.564000	0.036566	10044.827256
18.616000	0.036514	10044.814485
18.668000	0.036462	10044.801755
18.720000	0.036411	10044.789128
18.772000	0.036359	10044.776553
18.824000	0.036307	10044.764071
18.876000	0.036256	10044.751661
18.928000	0.036204	10044.739352
18.980000	0.036153	10044.760209
19.032000	0.036102	10044.800340
19.084000	0.036051	10044.803418
19.136000	0.036000	10044.791398
19.188000	0.035949	10044.779487
19.240000	0.035898	10044.767639
19.292000	0.035847	10044.755894
19.344000	0.035797	10044.744190
19.396000	0.035746	10044.732599
19.448000	0.035696	10044.721040
19.500000	0.035645	10044.709628
19.552000	0.035595	10044.698241
19.604000	0.035545	10044.686961
19.656000	0.035495	10044.684772
19.708000	0.035445	10044.725966
19.760000	0.035395	10044.754063
19.812000	0.035345	10044.743105
19.864000	0.035296	10044.732177
19.916000	0.035246	10044.721363
19.968000	0.035196	10044.710582
20.020000	0.035147	10044.699886
20.072000	0.035098	10044.689249
20.124000	0.035048	10044.678724
20.176000	0.034999	10044.668261
20.228000	0.034950	10044.657881
20.280000	0.034901	10044.647572
20.332000	0.034852	10044.637337
20.384000	0.034804	10044.664520
20.436000	0.034755	10044.706697
20.488000	0.034707	10044.707593
20.540000	0.034658	10044.697646
20.592000	0.034610	10044.687782
20.644000	0.034561	10044.677952
20.696000	0.034513	10044.668236
20.748000	0.034465	10044.658550
20.800000	0.034417	10044.648989
20.852000	0.034369	10044.639448
20.904000	0.034321	10044.630041
20.956000	0.034273	10044.620648
21.008000	0.034226	10044.611365
21.060000	0.034178	10044.615433
21.112000	0.034131	10044.658590
21.164000	0.034083	10044.684404
21.216000	0.034036	10044.675409
21.268000	0.033989	10044.666447
21.320000	0.033942	10044.657568
21.372000	0.033894	10044.648741
21.424000	0.033847	10044.640007
21.476000	0.033801	10044.631335
21.528000	0.033754	10044.622745
21.580000	0.033707	10044.614200
21.632000	0.033660	10044.605700
21.684000	0.033614	10044.597298
21.736000	0.033567	10044.588970
21.788000	0.033521	10044.580717
21.840000	0.033475	10044.572505
21.892000	0.033429	10044.610027
21.944000	0.033382	10044.654228
21.996000	0.033336	10044.648855
22.048000	0.033291	10044.640905
22.100000	0.033245	10044.633055
22.152000	0.033199	10044.625221
22.204000	0.033153	10044.617496
22.256000	0.033108	10044.609784
22.308000	0.033062	10044.602180
22.360000	0.033017	10044.594595
22.412000	0.032971	10044.587136
22.464000	0.032926	10044.579701
22.516000	0.032881	10044.572358
22.568000	0.032836	10044.565057
22.620000	0.032791	10044.557858
22.672000	0.032746	10044.550692
22.724000	0.032701	10044.543583
22.776000	0.032656	10044.536535
22.828000	0.032611	10044.529571
22.880000	0.032567	10044.556399
22.932000	0.032522	10044.601820
22.984000	0.032478	10044.609535
23.036000	0.032434	10044.602804
23.088000	0.032389	10044.596148
23.140000	0.032345	10044.589533
23.192000	0.032301	10044.583002
23.244000	0.032257	10044.576504
23.296000	0.032213	10044.570099
23.348000	0.032169	10044.563718
23.400000	0.032125	10044.557413
23.452000	0.032082	10044.551120
23.504000	0.032038	10044.544964
23.556000	0.031994	10044.538820
23.608000	0.031951	10044.532758
23.660000	0.031907	10044.526716
23.712000	0.031864	10044.520798
23.764000	0.031821	10044.514900
23.816000	0.031778	10044.509071
23.868000	0.031735	10044.503276
23.920000	0.031692	10044.497563
23.972000	0.031649	10044.491893
24.024000	0.031606	10044.486298
24.076000	0.031563	10044.480741
24.128000	0.031520	10044.475235
24.180000	0.031478	10044.469788
24.232000	0.031435	10044.464398
24.284000	0.031393	10044.459076
24.336000	0.031350	10044.453803
24.388000	0.031308	10044.448606
24.440000	0.031266	10044.443450
24.492000	0.031224	10044.484443
24.544000	0.031181	10044.531672
24.596000	0.031140	10044.528869
24.648000	0.031098	10044.523919
24.700000	0.031056	10044.519045
24.752000	0.031014	10044.514184
24.804000	0.030972	10044.509433
24.856000	0.030931	10044.504692
24.908000	0.030889	10044.500033
24.960000	0.030848	10044.495391
25.012000	0.030806	10044.490848
25.064000	0.030765	10044.486326
25.116000	0.030724	10044.481873
25.168000	0.030682	10044.477446
25.220000	0.030641	10044.473082
25.272000	0.030600	10044.468760
25.324000	0.030559	10044.464513
25.376000	0.030518	10044.460316
25.428000	0.030478	10044.456186
25.480000	0.030437	10044.452086
25.532000	0.030396	10044.448017
25.584000	0.030356	10044.444015
25.636000	0.030315	10044.440063
25.688000	0.030275	10044.436168
25.740000	0.030234	10044.432305
25.792000	0.030194	10044.428526
25.844000	0.030154	10044.424779
25.896000	0.030113	10044.421080
25.948000	0.030073	10044.417395
26.000000	0.030033	10044.413811
26.052000	0.029993	10044.410243
26.104000	0.029953	10044.406757
26.156000	0.029914	10044.403282
26.208000	0.029874	10044.399888
26.260000	0.029834	10044.396508
26.312000	0.029795	10044.393203
26.364000	0.029755	10044.389918
26.416000	0.029716	10044.386702
26.468000	0.029676	10044.383521
26.520000	0.029637	10044.380422
26.572000	0.029598	10044.351023
26.624000	0.029559	10044.295689
26.676000	0.029520	10044.270757
26.728000	0.029480	10044.267809
26.780000	0.029442	10044.264905
26.832000	0.029403	10044.262046
26.884000	0.029364	10044.259238
26.936000	0.029325	10044.256468
26.988000	0.029286	10044.253756
27.040000	0.029248	10044.251075
27.092000	0.029209	10044.248458
27.144000	0.029171	10044.245866
27.196000	0.029132	10044.243345
27.248000	0.029094	10044.240841
27.300000	0.029056	10044.238391
27.352000	0.029017	10044.235949
27.404000	0.028979	10044.233618
27.456000	0.028941	10044.231296
27.508000	0.028903	10044.229029
27.560000	0.028865	10044.226773
27.612000	0.028827	10044.224567
27.664000	0.028789	10044.222388
27.716000	0.028752	10044.220299
27.768000	0.028714	10044.218229
27.820000	0.028676	10044.216202
27.872000	0.028639	10044.214207
27.924000	0.028601	10044.212269
27.976000	0.028564	10044.210370
28.028000	0.028527	10044.208522
28.080000	0.028489	10044.206704
28.132000	0.028452	10044.204916
28.184000	0.028415	10044.203164
28.236000	0.028378	10044.201438
28.288000	0.028341	10044.199789
28.340000	0.028304	10044.198180
28.392000	0.028267	10044.196593
28.444000	0.028230	10044.195018
28.496000	0.028193	10044.142758
28.548000	0.028157	10044.091525
28.600000	0.028120	10044.090093
28.652000	0.028083	10044.088668
28.704000	0.028047	10044.087354
28.756000	0.028010	10044.086048
28.808000	0.027974	10044.084769
28.860000	0.027938	10044.083506
28.912000	0.027901	10044.082317
28.964000	0.027865	10044.081149
29.016000	0.027829	10044.080049
29.068000	0.027793	10044.078961
29.120000	0.027757	10044.077895
29.172000	0.027721	10044.076862
29.224000	0.027685	10044.075886
29.276000	0.027649	10044.074949
29.328000	0.027614	10044.074061
29.380000	0.027578	10044.073205
29.432000	0.027542	10044.072380
29.484000	0.027507	10044.071589
29.536000	0.027471	10044.070825
29.588000	0.027436	10044.070100
29.640000	0.027400	10044.069397
29.692000	0.027365	10044.068738
29.744000	0.027330	10044.068097
29.796000	0.027294	10044.067527
29.848000	0.027259	10044.066974
29.900000	0.027224	10044.066474
29.952000	0.027189	10044.059204
30.004000	0.027154	10044.006447
30.056000	0.027119	10043.964519
30.108000	0.027084	10043.964175
30.160000	0.027050	10043.963839
30.212000	0.027015	10043.963528
30.264000	0.026980	10043.963234
30.316000	0.026946	10043.962985
30.368000	0.026911	10043.962756
30.420000	0.026877	10043.962569
30.472000	0.026842	10043.962406
30.524000	0.026808	10043.962280
30.576000	0.026773	10043.962195
30.628000	0.026739	10043.962159
30.680000	0.026705	10043.962140
30.732000	0.026671	10043.962138
30.784000	0.026637	10043.962171
30.836000	0.026603	10043.962231
30.888000	0.026569	10043.962330
30.940000	0.026535	10043.962451
30.992000	0.026501	10043.962638
31.044000	0.026467	10043.962848
31.096000	0.026434	10043.963083
31.148000	0.026400	10043.963327
31.200000	0.026366	10043.963598
31.252000	0.026333	10043.963876
31.304000	0.026299	10043.964239
31.356000	0.026266	10043.964609
31.408000	0.026232	10043.965034
31.460000	0.026199	10043.965466
31.512000	0.026166	10043.965925
31.564000	0.026132	10043.966399
31.616000	0.026099	10043.966920
31.668000	0.026066	10043.967460
31.720000	0.026033	10043.968042
31.772000	0.026000	10043.968647
31.824000	0.025967	10043.969291
31.876000	0.025934	10043.969962
31.928000	0.025902	10043.970668
31.980000	0.025869	10043.971390
32.032000	0.025836	10043.972130
32.084000	0.025803	10043.972905
32.136000	0.025771	10043.973706
32.188000	0.025738	10043.974528
32.240000	0.025706	10043.975363
32.292000	0.025673	10043.976242
32.344000	0.025641	10043.977139
32.396000	0.025609	10043.978084
32.448000	0.025576	10043.979042
32.500000	0.025544	10043.980053
32.552000	0.025512	10043.981072
32.604000	0.025480	10043.982122
32.656000	0.025448	10043.983177
32.708000	0.025416	10043.984261
32.760000	0.025384	10043.983827
32.812000	0.025352	10043.979742
32.864000	0.025320	10043.979541
32.916000	0.025288	10043.985977
32.968000	0.025257	10043.990088
33.020000	0.025225	10043.991329
33.072000	0.025193	10043.995335
33.124000	0.025162	10044.001868
33.176000	0.025130	10044.005270
33.228000	0.025099	10044.006607
33.280000	0.025067	10044.011525
33.332000	0.025036	10044.018154
33.384000	0.025005	10044.024801
33.436000	0.024973	10044.031463
33.488000	0.024942	10044.038166
33.540000	0.024911	10044.044890
33.592000	0.024880	10044.046855
33.644000	0.024849	10044.048355
33.696000	0.024818	10044.055093
33.748000	0.024787	10044.061913
33.800000	0.024756	10044.068760
33.852000	0.024725	10044.076357
33.904000	0.024694	10044.088470
33.956000	0.024664	10044.099441
34.008000	0.024633	10044.106359
34.060000	0.024602	10044.113289
34.112000	0.024572	10044.120268
34.164000	0.024541	10044.127257
34.216000	0.024511	10044.134271
34.268000	0.024480	10044.143655
34.320000	0.024450	10044.155932
34.372000	0.024419	10044.165470
34.424000	0.024389	10044.172580
34.476000	0.024359	10044.182872
34.528000	0.024329	10044.195245
34.580000	0.024299	10044.204064
34.632000	0.024268	10044.211242
34.684000	0.024238	10044.222414
34.736000	0.024208	10044.234856
34.788000	0.024179	10044.247338
34.840000	0.024149	10044.259841
34.892000	0.024119	10044.267564
34.944000	0.024089	10044.274843
34.996000	0.024059	10044.287359
35.048000	0.024030	10044.299931
35.100000	0.024000	10044.312530
35.152000	0.023970	10044.325135
35.204000	0.023941	10044.337770
35.256000	0.023911	10044.350414
35.308000	0.023882	10044.363111
35.360000	0.023852	10044.377385
35.412000	0.023823	10044.395319
35.464000	0.023794	10044.411291
35.516000	0.023765	10044.424057
35.568000	0.023735	10044.436826
35.620000	0.023706	10044.449598
35.672000	0.023677	10044.465179
35.724000	0.023648	10044.483243
35.776000	0.023619	10044.498134
35.828000	0.023590	10044.511002
35.880000	0.023561	10044.527481
35.932000	0.023532	10044.545613
35.984000	0.023503	10044.559751
36.036000	0.023475	10044.572660
36.088000	0.023446	10044.590010
36.140000	0.023417	10044.608211
36.192000	0.023389	10044.626435
36.244000	0.023360	10044.644670
36.296000	0.023331	10044.662931
36.348000	0.023303	10044.680816
36.400000	0.023274	10044.693884
36.452000	0.023246	10044.707744
36.504000	0.023218	10044.726049
36.556000	0.023189	10044.745554
36.608000	0.023161	10044.769151
36.660000	0.023133	10044.791161
36.712000	0.023105	10044.809563
36.764000	0.023077	10044.827968
36.816000	0.023049	10044.846376
36.868000	0.023021	10044.864805
36.920000	0.022993	10044.883275
36.972000	0.022965	10044.904555
37.024000	0.022937	10044.928262
37.076000	0.022909	10044.948773
37.128000	0.022881	10044.967285
37.180000	0.022853	10044.985814
37.232000	0.022826	10045.004359
37.284000	0.022798	10045.026943
37.336000	0.022770	10045.050753
37.388000	0.022743	10045.074584
37.440000	0.022715	10045.098428
37.492000	0.022688	10045.117447
37.544000	0.022660	10045.136069
37.596000	0.022633	10045.159945
37.648000	0.022605	10045.183830
37.700000	0.022578	10045.207769
37.752000	0.022551	10045.231714
37.804000	0.022524	10045.255636
37.856000	0.022497	10045.279566
37.908000	0.022469	10045.303549
37.960000	0.022442	10045.327541
38.012000	0.022415	10045.351559
38.064000	0.022388	10045.375580
38.116000	0.022361	10045.399605
38.168000	0.022334	10045.423641
38.220000	0.022307	10045.447700
38.272000	0.022281	10045.471762
38.324000	0.022254	10045.495828
38.376000	0.022227	10045.519923
38.428000	0.022200	10045.544051
38.480000	0.022174	10045.568181
38.532000	0.022147	10045.592316
38.584000	0.022121	10045.620493
38.636000	0.022094	10045.649864
38.688000	0.022068	10045.674832
38.740000	0.022041	10045.699036
38.792000	0.022015	10045.723242
38.844000	0.021988	10045.747474
38.896000	0.021962	10045.776940
38.948000	0.021936	10045.805988
39.000000	0.021909	10045.830235
39.052000	0.021883	10045.855316
39.104000	0.021857	10045.884827
39.156000	0.021831	10045.913111
39.208000	0.021805	10045.937426
39.260000	0.021779	10045.963384
39.312000	0.021753	10045.992937
39.364000	0.021727	10046.022499
39.416000	0.021701	10046.052086
39.468000	0.021675	10046.079230
39.520000	0.021649	10046.103595
39.572000	0.021624	10046.130823
39.624000	0.021598	10046.160451
39.676000	0.021572	10046.190095
39.728000	0.021546	10046.219759
39.780000	0.021521	10046.249424
39.832000	0.021495	10046.279094
39.884000	0.021470	10046.304722
39.936000	0.021444	10046.329197
39.988000	0.021419	10046.358140
40.040000	0.021393	10046.387851
40.092000	0.021368	10046.417586
40.144000	0.021343	10046.447332
40.196000	0.021317	10046.477080
40.248000	0.021292	10046.506832
40.300000	0.021267	10046.536613
40.352000	0.021242	10046.566400
40.404000	0.021217	10046.596190
40.456000	0.021191	10046.624730
40.508000	0.021166	10046.649325
40.560000	0.021141	10046.675583
40.612000	0.021116	10046.705414
40.664000	0.021092	10046.735256
40.716000	0.021067	10046.765122
40.768000	0.021042	10046.794991
40.820000	0.021017	10046.824864
40.872000	0.020992	10046.854751
40.924000	0.020967	10046.884659
40.976000	0.020943	10046.914569
41.028000	0.020918	10046.944484
41.080000	0.020893	10046.974416
41.132000	0.020869	10047.004366
41.184000	0.020844	10047.034318
41.236000	0.020820	10047.064274
41.288000	0.020795	10047.094233
41.340000	0.020771	10047.124196
41.392000	0.020747	10047.149292
41.444000	0.020722	10047.174126
41.496000	0.020698	10047.204127
41.548000	0.020674	10047.234132
41.600000	0.020649	10047.264165
41.652000	0.020625	10047.294205
41.704000	0.020601	10047.324247
41.756000	0.020577	10047.354293
41.808000	0.020553	10047.384342
41.860000	0.020529	10047.412717
41.912000	0.020505	10047.437563
41.964000	0.020481	10047.464501
42.016000	0.020457	10047.494596
42.068000	0.020433	10047.524696
42.120000	0.020409	10047.554805
42.172000	0.020385	10047.584921
42.224000	0.020361	10047.615046
42.276000	0.020338	10047.641881
42.328000	0.020314	10047.666795
42.380000	0.020290	10047.695418
42.432000	0.020267	10047.725577
42.484000	0.020243	10047.751637
42.536000	0.020220	10047.776582
42.588000	0.020196	10047.806044
42.640000	0.020173	10047.836234
42.692000	0.020149	10047.861521
42.744000	0.020126	10047.886587
42.796000	0.020102	10047.916802
42.848000	0.020079	10047.946531
42.900000	0.020056	10047.971532
42.952000	0.020032	10047.997434
43.004000	0.020009	10048.027678
43.056000	0.019986	10048.056627
43.108000	0.019963	10048.081660
43.160000	0.019940	10048.106698
43.212000	0.019916	10048.131744
43.264000	0.019893	10048.156794
43.316000	0.019870	10048.181853
43.368000	0.019847	10048.206917
43.420000	0.019824	10048.231991
43.472000	0.019802	10048.259986
43.524000	0.019779	10048.290303
43.576000	0.019756	10048.317306
43.628000	0.019733	10048.342410
43.680000	0.019710	10048.363794
43.732000	0.019687	10048.383680
43.784000	0.019665	10048.407699
43.836000	0.019642	10048.432828
43.888000	0.019619	10048.457961
43.940000	0.019597	10048.483099
43.992000	0.019574	10048.508246
44.044000	0.019552	10048.533290
44.096000	0.019529	10048.553222
44.148000	0.019507	10048.573673
44.200000	0.019484	10048.598847
44.252000	0.019462	10048.623109
44.304000	0.019440	10048.643065
44.356000	0.019417	10048.664346
44.408000	0.019395	10048.689545
44.460000	0.019373	10048.713022
44.512000	0.019351	10048.733003
44.564000	0.019328	10048.752990
44.616000	0.019306	10048.772984
44.668000	0.019284	10048.792982
44.720000	0.019262	10048.812984
44.772000	0.019240	10048.832992
44.824000	0.019218	10048.853011
44.876000	0.019196	10048.873031
44.928000	0.019174	10048.893057
44.980000	0.019152	10048.913087
45.032000	0.019130	10048.933126
45.084000	0.019108	10048.953168
45.136000	0.019087	10048.973217
45.188000	0.019065	10048.993270
45.240000	0.019043	10049.013329
45.292000	0.019021	10049.028435
45.344000	0.019000	10049.043406
45.396000	0.018978	10049.063480
45.448000	0.018956	10049.083024
45.500000	0.018935	10049.097879
45.552000	0.018913	10049.112738
45.604000	0.018892	10049.127604
45.656000	0.018870	10049.142474
45.708000	0.018849	10049.157350
45.760000	0.018827	10049.173976
45.812000	0.018806	10049.194090
45.864000	0.018785	10049.209905
45.916000	0.018763	10049.219569
45.968000	0.018742	10049.231793
46.020000	0.018721	10049.246697
46.072000	0.018700	10049.261604
46.124000	0.018678	10049.276517
46.176000	0.018657	10049.291431
46.228000	0.018636	10049.306352
46.280000	0.018615	10049.317509
46.332000	0.018594	10049.327211
46.384000	0.018573	10049.341085
46.436000	0.018552	10049.356024
46.488000	0.018531	10049.366390
46.540000	0.018510	10049.376107
46.592000	0.018489	10049.385827
46.644000	0.018468	10049.395552
46.696000	0.018447	10049.405280
46.748000	0.018426	10049.415013
46.800000	0.018406	10049.424749
46.852000	0.018385	10049.434489
46.904000	0.018364	10049.444233
46.956000	0.018344	10049.452615
47.008000	0.018323	10049.457136
47.060000	0.018302	10049.463431
47.112000	0.018282	10049.473189
47.164000	0.018261	10049.482951
47.216000	0.018241	10049.492716
47.268000	0.018220	10049.499908
47.320000	0.018200	10049.504451
47.372000	0.018179	10049.508995
47.424000	0.018159	10049.513545
47.476000	0.018138	10049.518096
47.528000	0.018118	10049.522653
47.580000	0.018098	10049.527212
47.632000	0.018077	10049.531777
47.684000	0.018057	10049.536342
47.736000	0.018037	10049.540911
47.788000	0.018017	10049.545481
47.840000	0.017997	10049.550056
47.892000	0.017976	10049.554631
47.944000	0.017956	10049.559036
47.996000	0.017936	10049.558388
48.048000	0.017916	10049.558325
48.100000	0.017896	10049.562910
48.152000	0.017876	10049.566517
48.204000	0.017856	10049.565880
48.256000	0.017836	10049.565247
48.308000	0.017816	10049.564616
48.360000	0.017797	10049.563988
48.412000	0.017777	10049.563362
48.464000	0.017757	10049.562738
48.516000	0.017737	10049.562114
48.568000	0.017717	10049.561494
48.620000	0.017698	10049.560879
48.672000	0.017678	10049.560263
48.724000	0.017658	10049.559651
48.776000	0.017639	10049.555631
48.828000	0.017619	10049.549792
48.880000	0.017600	10049.547765
48.932000	0.017580	10049.547163
48.984000	0.017560	10049.542343
49.036000	0.017541	10049.536511
49.088000	0.017521	10049.530681
49.140000	0.017502	10049.524857
49.192000	0.017483	10049.524051
49.244000	0.017463	10049.523260
49.296000	0.017444	10049.517436
49.348000	0.017425	10049.511616
49.400000	0.017405	10049.505795
49.452000	0.017386	10049.498973
49.504000	0.017367	10049.487925
49.556000	0.017348	10049.478288
49.608000	0.017329	10049.472472
49.660000	0.017309	10049.466659
49.712000	0.017290	10049.460849
49.764000	0.017271	10049.452823
49.816000	0.017252	10049.441783
49.868000	0.017233	10049.433364
49.920000	0.017214	10049.427557
49.972000	0.017195	10049.418724
50.024000	0.017176	10049.407687
50.076000	0.017157	10049.396650
50.128000	0.017138	10049.385619
50.180000	0.017120	10049.374585
50.232000	0.017101	10049.363553
50.284000	0.017082	10049.356757
50.336000	0.017063	10049.350957
50.388000	0.017044	10049.335874
50.440000	0.017026	10049.319615
50.492000	0.017007	10049.308396
50.544000	0.016988	10049.297367
50.596000	0.016970	10049.286336
50.648000	0.016951	10049.275309
50.700000	0.016932	10049.264278
50.752000	0.016914	10049.252224
50.804000	0.016895	10049.235963
50.856000	0.016877	10049.221136
50.908000	0.016858	10049.210105
50.960000	0.016840	10049.197241
51.012000	0.016822	10049.180981
51.064000	0.016803	10049.166960
51.116000	0.016785	10049.155929
51.168000	0.016766	10049.142256
51.220000	0.016748	10049.125997
51.272000	0.016730	10049.109736
51.324000	0.016712	10049.093477
51.376000	0.016693	10049.077213
51.428000	0.016675	10049.060952
51.480000	0.016657	10049.044687
51.532000	0.016639	10049.028425
51.584000	0.016621	10049.012158
51.636000	0.016602	10048.995894
51.688000	0.016584	10048.979626
51.740000	0.016566	10048.963361
51.792000	0.016548	10048.947088
51.844000	0.016530	10048.930818
51.896000	0.016512	10048.914549
51.948000	0.016494	10048.898285
52.000000	0.016476	10048.881997
52.052000	0.016459	10048.864665
52.104000	0.016441	10048.843156
52.156000	0.016423	10048.823103
52.208000	0.016405	10048.806833
52.260000	0.016387	10048.790560
52.312000	0.016370	10048.774270
52.364000	0.016352	10048.755724
52.416000	0.016334	10048.734214
52.468000	0.016316	10048.715371
52.520000	0.016299	10048.699099
52.572000	0.016281	10048.679749
52.624000	0.016263	10048.658229
52.676000	0.016246	10048.640169
52.728000	0.016228	10048.623859
52.780000	0.016211	10048.603676
52.832000	0.016193	10048.582146
52.884000	0.016176	10048.560618
52.936000	0.016158	10048.539096
52.988000	0.016141	10048.522240
53.040000	0.016123	10048.505929
53.092000	0.016106	10048.484510
53.144000	0.016089	10048.462950
53.196000	0.016071	10048.441419
53.248000	0.016054	10048.419895
53.300000	0.016037	10048.398321
53.352000	0.016020	10048.377821
53.404000	0.016002	10048.361484
53.456000	0.015985	10048.343678
53.508000	0.015968	10048.322121
53.560000	0.015951	10048.300562
53.612000	0.015934	10048.278987
53.664000	0.015917	10048.257407
53.716000	0.015899	10048.235813
53.768000	0.015882	10048.214222
53.820000	0.015865	10048.192637
53.872000	0.015848	10048.171054
53.924000	0.015831	10048.149479
53.976000	0.015814	10048.131385
54.028000	0.015797	10048.115020
54.080000	0.015781	10048.094743
54.132000	0.015764	10048.073131
54.184000	0.015747	10048.051520
54.236000	0.015730	10048.029916
54.288000	0.015713	10048.008294
54.340000	0.015696	10047.986671
54.392000	0.015680	10047.965028
54.444000	0.015663	10047.943386
54.496000	0.015646	10047.921748
54.548000	0.015629	10047.900115
54.600000	0.015613	10047.878459
54.652000	0.015596	10047.856807
54.704000	0.015579	10047.835160
54.756000	0.015563	10047.815005
54.808000	0.015546	10047.798542
54.860000	0.015530	10047.780189
54.912000	0.015513	10047.758533
54.964000	0.015497	10047.736864
55.016000	0.015480	10047.715162
55.068000	0.015464	10047.693463
55.120000	0.015447	10047.671771
55.172000	0.015431	10047.653180
55.224000	0.015414	10047.636699
55.276000	0.015398	10047.616690
55.328000	0.015382	10047.594961
55.380000	0.015365	10047.573235
55.432000	0.015349	10047.551515
55.484000	0.015333	10047.534102
55.536000	0.015317	10047.517594
55.588000	0.015300	10047.496340
55.640000	0.015284	10047.474583
55.692000	0.015268	10047.452829
55.744000	0.015252	10047.431388
55.796000	0.015236	10047.414823
55.848000	0.015220	10047.397549
55.900000	0.015203	10047.375759
55.952000	0.015187	10047.355086
56.004000	0.015171	10047.338509
56.056000	0.015155	10047.320413
56.108000	0.015139	10047.298588
56.160000	0.015123	10047.278688
56.212000	0.015107	10047.262102
56.264000	0.015091	10047.245502
56.316000	0.015076	10047.228871
56.368000	0.015060	10047.209512
56.420000	0.015044	10047.187661
56.472000	0.015028	10047.168933
56.524000	0.015012	10047.152293
56.576000	0.014996	10047.135640
56.628000	0.014981	10047.118983
56.680000	0.014965	10047.102310
56.732000	0.014949	10047.085634
56.784000	0.014933	10047.068942
56.836000	0.014918	10047.052248
56.888000	0.014902	10047.035535
56.940000	0.014886	10047.018823
56.992000	0.014871	10047.002114
57.044000	0.014855	10046.985411
57.096000	0.014840	10046.968661
57.148000	0.014824	10046.951912
57.200000	0.014808	10046.935140
57.252000	0.014793	10046.919508
57.304000	0.014777	10046.907976
57.356000	0.014762	10046.894900
57.408000	0.014746	10046.878093
57.460000	0.014731	10046.861289
57.512000	0.014716	10046.844492
57.564000	0.014700	10046.830029
57.616000	0.014685	10046.818416
57.668000	0.014670	10046.804054
57.720000	0.014654	10046.787222
57.772000	0.014639	10046.773522
57.824000	0.014624	10046.761874
57.876000	0.014608	10046.750213
57.928000	0.014593	10046.738548
57.980000	0.014578	10046.722921
58.032000	0.014563	10046.706036
58.084000	0.014548	10046.693481
58.136000	0.014532	10046.681780
58.188000	0.014517	10046.670060
58.240000	0.014502	10046.658341
58.292000	0.014487	10046.646602
58.344000	0.014472	10046.634864
58.396000	0.014457	10046.623105
58.448000	0.014442	10046.611350
58.500000	0.014427	10046.599544
58.552000	0.014412	10046.588901
58.604000	0.014397	10046.582335
58.656000	0.014382	10046.574204
58.708000	0.014367	10046.562363
58.760000	0.014352	10046.550520
58.812000	0.014337	10046.538663
58.864000	0.014323	10046.529169
58.916000	0.014308	10046.522524
58.968000	0.014293	10046.513098
59.020000	0.014278	10046.501206
59.072000	0.014263	10046.492467
59.124000	0.014249	10046.485760
59.176000	0.014234	10046.479040
59.228000	0.014219	10046.472315
59.280000	0.014204	10046.461591
59.332000	0.014190	10046.449619
59.384000	0.014175	10046.442019
59.436000	0.014160	10046.435260
59.488000	0.014146	10046.428460
59.540000	0.014131	10046.421655
59.592000	0.014117	10046.414830
59.644000	0.014102	10046.408017
59.696000	0.014088	10046.401183
59.748000	0.014073	10046.395129
59.800000	0.014059	10046.393478
59.852000	0.014044	10046.390652
59.904000	0.014030	10046.383755
59.956000	0.014015	10046.376853
60.008000	0.014001	10046.369912
60.060000	0.013986	10046.364955
60.112000	0.013972	10046.363226
60.164000	0.013958	10046.359101
60.216000	0.013943	10046.352126
60.268000	0.013929	10046.347927
60.320000	0.013915	10046.346137
60.372000	0.013900	10046.344336
60.424000	0.013886	10046.342529
60.476000	0.013872	10046.337091
60.528000	0.013858	10046.330010
60.580000	0.013844	10046.326903
60.632000	0.013829	10046.325007
60.684000	0.013815	10046.323113
60.736000	0.013801	10046.321227
60.788000	0.013787	10046.319279
60.840000	0.013773	10046.317321
60.892000	0.013759	10046.315342
60.944000	0.013745	10046.313366
60.996000	0.013731	10046.311369
61.048000	0.013717	10046.310172
61.100000	0.013703	10046.313359
61.152000	0.013689	10046.315345
61.204000	0.013675	10046.313257
61.256000	0.013661	10046.311165
61.308000	0.013647	10046.309034
61.360000	0.013633	10046.308908
61.412000	0.013619	10046.311990
61.464000	0.013605	10046.312653
61.516000	0.013591	10046.310489
61.568000	0.013577	10046.311111
61.620000	0.013564	10046.314104
61.672000	0.013550	10046.317086
61.724000	0.013536	10046.320064
61.776000	0.013522	10046.319388
61.828000	0.013509	10046.317091
61.880000	0.013495	10046.318790
61.932000	0.013481	10046.321678
61.984000	0.013467	10046.324549
62.036000	0.013454	10046.327420
62.088000	0.013440	10046.330252
62.140000	0.013426	10046.333079
62.192000	0.013413	10046.335862
62.244000	0.013399	10046.338644
62.296000	0.013386	10046.341379
62.348000	0.013372	10046.344116
62.400000	0.013359	10046.346803
62.452000	0.013345	10046.349492
62.504000	0.013332	10046.352136
62.556000	0.013318	10046.356406
62.608000	0.013305	10046.364264
62.660000	0.013291	10046.370075
62.712000	0.013278	10046.372631
62.764000	0.013264	10046.375182
62.816000	0.013251	10046.377723
62.868000	0.013238	10046.383071
62.920000	0.013224	10046.390770
62.972000	0.013211	10046.395216
63.024000	0.013198	10046.397669
63.076000	0.013184	10046.400094
63.128000	0.013171	10046.402503
63.180000	0.013158	10046.408912
63.232000	0.013144	10046.416480
63.284000	0.013131	10046.424030
63.336000	0.013118	10046.431581
63.388000	0.013105	10046.434212
63.440000	0.013092	10046.436493
63.492000	0.013079	10046.443929
63.544000	0.013065	10046.451363
63.596000	0.013052	10046.458751
63.648000	0.013039	10046.465300
63.700000	0.013026	10046.467412
63.752000	0.013013	10046.470768
63.804000	0.013000	10046.478066
63.856000	0.012987	10046.485359
63.908000	0.012974	10046.492613
63.960000	0.012961	10046.499851
64.012000	0.012948	10046.507035
64.064000	0.012935	10046.514203
64.116000	0.012922	10046.521344
64.168000	0.012909	10046.528465
64.220000	0.012896	10046.535562
64.272000	0.012883	10046.542634
64.324000	0.012870	10046.549689
64.376000	0.012858	10046.556698
64.428000	0.012845	10046.563681
64.480000	0.012832	10046.570631
64.532000	0.012819	10046.577570
64.584000	0.012806	10046.584472
64.636000	0.012793	10046.591368
64.688000	0.012781	10046.598201
64.740000	0.012768	10046.605025
64.792000	0.012755	10046.611806
64.844000	0.012743	10046.618586
64.896000	0.012730	10046.625293
64.948000	0.012717	10046.632001
65.000000	0.012704	10046.638660
65.052000	0.012692	10046.645318
65.104000	0.012679	10046.651907
65.156000	0.012667	10046.658491
65.208000	0.012654	10046.665037
65.260000	0.012641	10046.671574
65.312000	0.012629	10046.678078
65.364000	0.012616	10046.687026
65.416000	0.012604	10046.698661
65.468000	0.012591	10046.707394
65.520000	0.012579	10046.713757
65.572000	0.012566	10046.720095
65.624000	0.012554	10046.726416
65.676000	0.012541	10046.732691
65.728000	0.012529	10046.738940
65.780000	0.012517	10046.745139
65.832000	0.012504	10046.751318
65.884000	0.012492	10046.757459
65.936000	0.012480	10046.763595
65.988000	0.012467	10046.774569
66.040000	0.012455	10046.785787
66.092000	0.012443	10046.791784
66.144000	0.012430	10046.797777
66.196000	0.012418	10046.803697
66.248000	0.012406	10046.809618
66.300000	0.012393	10046.815492
66.352000	0.012381	10046.821360
66.404000	0.012369	10046.827135
66.456000	0.012357	10046.832906
66.508000	0.012345	10046.838640
66.560000	0.012332	10046.844356
66.612000	0.012320	10046.850020
66.664000	0.012308	10046.858159
66.716000	0.012296	10046.868983
66.768000	0.012284	10046.876871
66.820000	0.012272	10046.882395
66.872000	0.012260	10046.887880
66.924000	0.012248	10046.893334
66.976000	0.012236	10046.898743
67.028000	0.012224	10046.904127
67.080000	0.012212	10046.909478
67.132000	0.012200	10046.914819
67.184000	0.012188	10046.920083
67.236000	0.012176	10046.925326
67.288000	0.012164	10046.930507
67.340000	0.012152	10046.935679
67.392000	0.012140	10046.940784
67.444000	0.012128	10046.945886
67.496000	0.012116	10046.950888
67.548000	0.012104	10046.954985
67.600000	0.012092	10046.954710
67.652000	0.012081	10046.955743
67.704000	0.012069	10046.960629
67.756000	0.012057	10046.965499
67.808000	0.012045	10046.970288
67.860000	0.012033	10046.975060
67.912000	0.012022	10046.979779
67.964000	0.012010	10046.984474
68.016000	0.011998	10046.989124
68.068000	0.011987	10046.990805
68.120000	0.011975	10046.990129
68.172000	0.011963	10046.992743
68.224000	0.011952	10046.997227
68.276000	0.011940	10046.997932
68.328000	0.011928	10046.997116
68.380000	0.011917	10047.000369
68.432000	0.011905	10047.004685
68.484000	0.011893	10047.004403
68.536000	0.011882	10047.003420
68.588000	0.011870	10047.007320
68.640000	0.011859	10047.011377
68.692000	0.011847	10047.010232
68.744000	0.011836	10047.009605
68.796000	0.011824	10047.013584
68.848000	0.011813	10047.016635
68.900000	0.011801	10047.015311
68.952000	0.011790	10047.013984
69.004000	0.011778	10047.012591
69.056000	0.011767	10047.011182
69.108000	0.011755	10047.009693
69.160000	0.011744	10047.008178
69.212000	0.011733	10047.006593
69.264000	0.011721	10047.004972
69.316000	0.011710	10047.003290
69.368000	0.011699	10047.001575
69.420000	0.011687	10046.999825
69.472000	0.011676	10046.998020
69.524000	0.011665	10046.996173
69.576000	0.011653	10046.994280
69.628000	0.011642	10046.992363
69.680000	0.011631	10046.990359
69.732000	0.011620	10046.988317
69.784000	0.011608	10046.981656
69.836000	0.011597	10046.974315
69.888000	0.011586	10046.971857
69.940000	0.011575	10046.969508
69.992000	0.011564	10046.961978
70.044000	0.011553	10046.954989
70.096000	0.011541	10046.952611
70.148000	0.011530	10046.949282
70.200000	0.011519	10046.941547
70.252000	0.011508	10046.933806
70.304000	0.011497	10046.925975
70.356000	0.011486	10046.918134
70.408000	0.011475	10046.910235
70.460000	0.011464	10046.902303
70.512000	0.011453	10046.894281
70.564000	0.011442	10046.886224
70.616000	0.011431	10046.878106
70.668000	0.011420	10046.869955
70.720000	0.011409	10046.861769
70.772000	0.011398	10046.850142
70.824000	0.011387	10046.836603
70.876000	0.011376	10046.826779
70.928000	0.011365	10046.818373
70.980000	0.011354	10046.805716
71.032000	0.011344	10046.791984
71.084000	0.011333	10046.778153
71.136000	0.011322	10046.764297
71.188000	0.011311	10046.750378
71.240000	0.011300	10046.736453
71.292000	0.011289	10046.722411
71.344000	0.011279	10046.708362
71.396000	0.011268	10046.694186
71.448000	0.011257	10046.680009
71.500000	0.011246	10046.665760
71.552000	0.011235	10046.650127
71.604000	0.011225	10046.630526
71.656000	0.011214	10046.610909
71.708000	0.011203	10046.591213
71.760000	0.011193	10046.573666
71.812000	0.011182	10046.559077
71.864000	0.011171	10046.541865
71.916000	0.011161	10046.521951
71.968000	0.011150	10046.498989
72.020000	0.011139	10046.473723
72.072000	0.011129	10046.451797
72.124000	0.011118	10046.431665
72.176000	0.011108	10046.407655
72.228000	0.011097	10046.382171
72.280000	0.011087	10046.356615
72.332000	0.011076	10046.331034
72.384000	0.011065	10046.305355
72.436000	0.011055	10046.279650
72.488000	0.011044	10046.253838
72.540000	0.011034	10046.228010
72.592000	0.011023	10046.202089
72.644000	0.011013	10046.175576
72.696000	0.011003	10046.144296
72.748000	0.010992	10046.113012
72.800000	0.010982	10046.081605
72.852000	0.010971	10046.050188
72.904000	0.010961	10046.018659
72.956000	0.010951	10045.985312
73.008000	0.010940	10045.948459
73.060000	0.010930	10045.911572
73.112000	0.010920	10045.874597
73.164000	0.010909	10045.837576
73.216000	0.010899	10045.800478
73.268000	0.010889	10045.763323
73.320000	0.010878	10045.726104
73.372000	0.010868	10045.685399
73.424000	0.010858	10045.642828
73.476000	0.010847	10045.600177
73.528000	0.010837	10045.557483
73.580000	0.010827	10045.514700
73.632000	0.010817	10045.471883
73.684000	0.010807	10045.424338
73.736000	0.010796	10045.376169
73.788000	0.010786	10045.327891
73.840000	0.010776	10045.279392
73.892000	0.010766	10045.225752
73.944000	0.010756	10045.172719
73.996000	0.010746	10045.124149
74.048000	0.010736	10045.073548
74.100000	0.010726	10045.014422
74.152000	0.010715	10044.956699
74.204000	0.010705	10044.902653
74.256000	0.010695	10044.844939
74.308000	0.010685	10044.780312
74.360000	0.010675	10044.717877
74.412000	0.010665	10044.658358
74.464000	0.010655	10044.596163
74.516000	0.010645	10044.531293
74.568000	0.010635	10044.463319
74.620000	0.010625	10044.393071
74.672000	0.010615	10044.322753
74.724000	0.010605	10044.252384
74.776000	0.010595	10044.181918
74.828000	0.010586	10044.111399
74.880000	0.010576	10044.036543
74.932000	0.010566	10043.960672
74.984000	0.010556	10043.880051
75.036000	0.010546	10043.798828
75.088000	0.010536	10043.717474
75.140000	0.010526	10043.635872
75.192000	0.010516	10043.549152
75.244000	0.010507	10043.462427
75.296000	0.010497	10043.375548
75.348000	0.010487	10043.286592
75.400000	0.010477	10043.189101
75.452000	0.010467	10043.093041
75.504000	0.010458	10043.000659
75.556000	0.010448	10042.904560
75.608000	0.010438	10042.801571
75.660000	0.010429	10042.698547
75.712000	0.010419	10042.595438
75.764000	0.010409	10042.489619
75.816000	0.010399	10042.381132
75.868000	0.010390	10042.272574
75.920000	0.010380	10042.163939
75.972000	0.010370	10042.048298
76.024000	0.010361	10041.929056
76.076000	0.010351	10041.809715
76.128000	0.010342	10041.690323
76.180000	0.010332	10041.566573
76.232000	0.010322	10041.441830
76.284000	0.010313	10041.312294
76.336000	0.010303	10041.182173
76.388000	0.010294	10041.046843
76.440000	0.010284	10040.911092
76.492000	0.010275	10040.770193
76.544000	0.010265	10040.629287
76.596000	0.010256	10040.488252
76.648000	0.010246	10040.345098
76.700000	0.010237	10040.193454
76.752000	0.010227	10040.040333
76.804000	0.010218	10039.883312
76.856000	0.010208	10039.724396
76.908000	0.010199	10039.561998
76.960000	0.010189	10039.399557
77.012000	0.010180	10039.237012
77.064000	0.010171	10039.069061
77.116000	0.010161	10038.895910
77.168000	0.010152	10038.716518
77.220000	0.010142	10038.532732
77.272000	0.010133	10038.348861
77.324000	0.010124	10038.164927
77.376000	0.010114	10037.977027
77.428000	0.010105	10037.787743
77.480000	0.010096	10037.589733
77.532000	0.010086	10037.389786
77.584000	0.010077	10037.185046
77.636000	0.010068	10036.979749
77.688000	0.010059	10036.764101
77.740000	0.010049	10036.548170
77.792000	0.010040	10036.332094
77.844000	0.010031	10036.113986
77.896000	0.010022	10035.882061
77.948000	0.010012	10035.650132
78.000000	0.010003	10035.418031
78.052000	0.009994	10035.182947
78.104000	0.009985	10034.940241
78.156000	0.009976	10034.693723
78.208000	0.009967	10034.440383
78.260000	0.009957	10034.182415
78.312000	0.009948	10033.918469
78.364000	0.009939	10033.654455
78.416000	0.009930	10033.390336
78.468000	0.009921	10033.116844
78.520000	0.009912	10032.836890
78.572000	0.009903	10032.553331
78.624000	0.009894	10032.267972
78.676000	0.009885	10031.970791
78.728000	0.009876	10031.669596
78.780000	0.009867	10031.363961
78.832000	0.009858	10031.057361
78.884000	0.009849	10030.745903
78.936000	0.009840	10030.433899
78.988000	0.009831	10030.106402
79.040000	0.009822	10029.777974
79.092000	0.009813	10029.439504
79.144000	0.009804	10029.099634
79.196000	0.009795	10028.750517
79.248000	0.009786	10028.400293
79.300000	0.009777	10028.045771
79.352000	0.009768	10027.686716
79.404000	0.009759	10027.316360
79.456000	0.009750	10026.940238
79.508000	0.009741	10026.554019
79.560000	0.009733	10026.165435
79.612000	0.009724	10025.773814
79.664000	0.009715	10025.373970
79.716000	0.009706	10024.966487
79.768000	0.009697	10024.552676
79.820000	0.009688	10024.134560
79.872000	0.009680	10023.709293
79.924000	0.009671	10023.280545
79.976000	0.009662	10022.839892
80.028000	0.009653	10022.395281
80.080000	0.009644	10021.937541
80.132000	0.009636	10021.477066
80.184000	0.009627	10021.006975
80.236000	0.009618	10020.535867
80.288000	0.009610	10020.049202
80.340000	0.009601	10019.561628
80.392000	0.009592	10019.064031
80.444000	0.009583	10018.563549
80.496000	0.009575	10018.044843
80.548000	0.009566	10017.523884
80.600000	0.009557	10016.994518
80.652000	0.009549	10016.460554
80.704000	0.009540	10015.915355
80.756000	0.009532	10015.362393
80.808000	0.009523	10014.796103
80.860000	0.009514	10014.225081
80.912000	0.009506	10013.648132
80.964000	0.009497	10013.062896
81.016000	0.009489	10012.470086
81.068000	0.009480	10011.864617
81.120000	0.009472	10011.250717
81.172000	0.009463	10010.626058
81.224000	0.009454	10009.996269
81.276000	0.009446	10009.354526
81.328000	0.009437	10008.708903
81.380000	0.009429	10008.045709
81.432000	0.009420	10007.378967
81.484000	0.009412	10006.697782
81.536000	0.009403	10006.015149
81.588000	0.009395	10005.311707
81.640000	0.009387	10004.606971
81.692000	0.009378	10003.887388
81.744000	0.009370	10003.164836
81.796000	0.009361	10002.424120
81.848000	0.009353	10001.677673
81.900000	0.009345	10000.910638
81.952000	0.009336	10000.140484
82.004000	0.009328	9999.362819
82.056000	0.009319	9998.575343
82.108000	0.009311	9997.771331
82.160000	0.009303	9996.957827
82.212000	0.009294	9996.132697
82.264000	0.009286	9995.296453
82.316000	0.009278	9994.450234
82.368000	0.009269	9993.588089
82.420000	0.009261	9992.715524
82.472000	0.009253	9991.828579
82.524000	0.009245	9990.934924
82.576000	0.009236	9990.025242
82.628000	0.009228	9989.110468
82.680000	0.009220	9988.178056
82.732000	0.009212	9987.242192
82.784000	0.009203	9986.282236
82.836000	0.009195	9985.319996
82.888000	0.009187	9984.331698
82.940000	0.009179	9983.341369
82.992000	0.009170	9982.326467
83.044000	0.009162	9981.308505
83.096000	0.009154	9980.272497
83.148000	0.009146	9979.230644
83.200000	0.009138	9978.168290
83.252000	0.009130	9977.098053
83.304000	0.009122	9976.009353
83.356000	0.009113	9974.908763
83.408000	0.009105	9973.788515
83.460000	0.009097	9972.656299
83.512000	0.009089	9971.509678
83.564000	0.009081	9970.351853
83.616000	0.009073	9969.184143
83.668000	0.009065	9967.994024
83.720000	0.009057	9966.789509
83.772000	0.009049	9965.570528
83.824000	0.009041	9964.344925
83.876000	0.009033	9963.091205
83.928000	0.009025	9961.828768
83.980000	0.009017	9960.544186
84.032000	0.009009	9959.255402
84.084000	0.009001	9957.937657
84.136000	0.008993	9956.617325
84.188000	0.008985	9955.270778
84.240000	0.008977	9953.921431
84.292000	0.008969	9952.537922
84.344000	0.008961	9951.150483
84.396000	0.008953	9949.740640
84.448000	0.008945	9948.322466
84.500000	0.008937	9946.875820
84.552000	0.008929	9945.419584
84.604000	0.008921	9943.941336
84.656000	0.008914	9942.449070
84.708000	0.008906	9940.934045
84.760000	0.008898	9939.404552
84.812000	0.008890	9937.857953
84.864000	0.008882	9936.294443
84.916000	0.008874	9934.716271
84.968000	0.008866	9933.115522
85.020000	0.008859	9931.500518
85.072000	0.008851	9929.860122
85.124000	0.008843	9928.208342
85.176000	0.008835	9926.528292
85.228000	0.008827	9924.839679
85.280000	0.008820	9923.119991
85.332000	0.008812	9921.394601
85.384000	0.008804	9919.640076
85.436000	0.008796	9917.883083
85.488000	0.008789	9916.084081
85.540000	0.008781	9914.281831
85.592000	0.008773	9912.440770
85.644000	0.008766	9910.594865
85.696000	0.008758	9908.722218
85.748000	0.008750	9906.839875
85.800000	0.008742	9904.925195
85.852000	0.008735	9902.997566
85.904000	0.008727	9901.040826
85.956000	0.008719	9899.069910
86.008000	0.008712	9897.076367
86.060000	0.008704	9895.063379
86.112000	0.008697	9893.027806
86.164000	0.008689	9890.969535
86.216000	0.008681	9888.891929
86.268000	0.008674	9886.785146
86.320000	0.008666	9884.660279
86.372000	0.008659	9882.509835
86.424000	0.008651	9880.348137
86.476000	0.008643	9878.153996
86.528000	0.008636	9875.950265
86.580000	0.008628	9873.706401
86.632000	0.008621	9871.455407
86.684000	0.008613	9869.165476
86.736000	0.008606	9866.872262
86.788000	0.008598	9864.531963
86.840000	0.008591	9862.188249
86.892000	0.008583	9859.805898
86.944000	0.008576	9857.416087
86.996000	0.008568	9854.986462
87.048000	0.008561	9852.545733
87.100000	0.008553	9850.068820
87.152000	0.008546	9847.577151
87.204000	0.008538	9845.052978
87.256000	0.008531	9842.512435
87.308000	0.008524	9839.946231
87.360000	0.008516	9837.355509
87.412000	0.008509	9834.736788
87.464000	0.008501	9832.089499
87.516000	0.008494	9829.418288
87.568000	0.008487	9826.720956
87.620000	0.008479	9824.007715
87.672000	0.008472	9821.257790
87.724000	0.008464	9818.492059
87.776000	0.008457	9815.685553
87.828000	0.008450	9812.867276
87.880000	0.008442	9810.008688
87.932000	0.008435	9807.143177
87.984000	0.008428	9804.223926
88.036000	0.008421	9801.300284
88.088000	0.008413	9798.329776
88.140000	0.008406	9795.354791
88.192000	0.008399	9792.331776
88.244000	0.008391	9789.300256
88.296000	0.008384	9786.224713
88.348000	0.008377	9783.136615
88.400000	0.008370	9780.008556
88.452000	0.008362	9776.863891
88.504000	0.008355	9773.683371
88.556000	0.008348	9770.480106
88.608000	0.008341	9767.241813
88.660000	0.008334	9763.976334
88.712000	0.008326	9760.680352
88.764000	0.008319	9757.355570
88.816000	0.008312	9754.007072
88.868000	0.008305	9750.625714
88.920000	0.008298	9747.224700
88.972000	0.008290	9743.779443
89.024000	0.008283	9740.315508
89.076000	0.008276	9736.810580
89.128000	0.008269	9733.294100
89.180000	0.008262	9729.728142
89.232000	0.008255	9726.153971
89.284000	0.008248	9722.525798
89.336000	0.008241	9718.893081
89.388000	0.008234	9715.198222
89.440000	0.008226	9711.498673
89.492000	0.008219	9707.751287
89.544000	0.008212	9703.993431
89.596000	0.008205	9700.183057
89.648000	0.008198	9696.357364
89.700000	0.008191	9692.484073
89.752000	0.008184	9688.592262
89.804000	0.008177	9684.661199
89.856000	0.008170	9680.707171
89.908000	0.008163	9676.718419
89.960000	0.008156	9672.699726
90.012000	0.008149	9668.647973
90.064000	0.008142	9664.561442
90.116000	0.008135	9660.446772
90.168000	0.008128	9656.292431
90.220000	0.008121	9652.114788
90.272000	0.008114	9647.892607
90.324000	0.008107	9643.651989
90.376000	0.008100	9639.366108
90.428000	0.008093	9635.067800
90.480000	0.008086	9630.710697
90.532000	0.008080	9626.344157
90.584000	0.008073	9621.918530
90.636000	0.008066	9617.487951
90.688000	0.008059	9612.990275
90.740000	0.008052	9608.487193
90.792000	0.008045	9603.931804
90.844000	0.008038	9599.364794
90.896000	0.008031	9594.741194
90.948000	0.008025	9590.100712
91.000000	0.008018	9585.408938
91.052000	0.008011	9580.696708
91.104000	0.008004	9575.941963
91.156000	0.007997	9571.161899
91.208000	0.007990	9566.344210
91.260000	0.007984	9561.491306
91.312000	0.007977	9556.600186
91.364000	0.007970	9551.674014
91.416000	0.007963	9546.719950
91.468000	0.007956	9541.722649
91.520000	0.007950	9536.700412
91.572000	0.007943	9531.629654
91.624000	0.007936	9526.539214
91.676000	0.007929	9521.395002
91.728000	0.007923	9516.236387
91.780000	0.007916	9511.018734
91.832000	0.007909	9505.791943
91.884000	0.007903	9500.500827
91.936000	0.007896	9495.204432
91.988000	0.007889	9489.841271
92.040000	0.007882	9484.471449
92.092000	0.007876	9479.040099
92.144000	0.007869	9473.595927
92.196000	0.007862	9468.091138
92.248000	0.007856	9462.569182
92.300000	0.007849	9456.996221
92.352000	0.007842	9451.400817
92.404000	0.007836	9445.759656
92.456000	0.007829	9440.088667
92.508000	0.007823	9434.374132
92.560000	0.007816	9428.626609
92.612000	0.007809	9422.843875
92.664000	0.007803	9417.019944
92.716000	0.007796	9411.163781
92.768000	0.007790	9405.264111
92.820000	0.007783	9399.339805
92.872000	0.007776	9393.362950
92.924000	0.007770	9387.365212
92.976000	0.007763	9381.309272
93.028000	0.007757	9375.238132
93.080000	0.007750	9369.107670
93.132000	0.007744	9362.968357
93.184000	0.007737	9356.759478
93.236000	0.007731	9350.544919
93.288000	0.007724	9344.258778
93.340000	0.007718	9337.965694
93.392000	0.007711	9331.611365
93.444000	0.007705	9325.242974
93.496000	0.007698	9318.810007
93.548000	0.007692	9312.359590
93.600000	0.007685	9305.858453
93.652000	0.007679	9299.332844
93.704000	0.007672	9292.758280
93.756000	0.007666	9286.153582
93.808000	0.007659	9279.505645
93.860000	0.007653	9272.821884
93.912000	0.007647	9266.100521
93.964000	0.007640	9259.340624
94.016000	0.007634	9252.551092
94.068000	0.007627	9245.711032
94.120000	0.007621	9238.842871
94.172000	0.007615	9231.921872
94.224000	0.007608	9224.980310
94.276000	0.007602	9217.980239
94.328000	0.007596	9210.965276
94.380000	0.007589	9203.886135
94.432000	0.007583	9196.797770
94.484000	0.007576	9189.639536
94.536000	0.007570	9182.475774
94.588000	0.007564	9175.245838
94.640000	0.007557	9168.007571
94.692000	0.007551	9160.698994
94.744000	0.007545	9153.376987
94.796000	0.007539	9145.995004
94.848000	0.007532	9138.593922
94.900000	0.007526	9131.138513
94.952000	0.007520	9123.658339
95.004000	0.007513	9116.129561
95.056000	0.007507	9108.570337
95.108000	0.007501	9100.968162
95.160000	0.007495	9093.329865
95.212000	0.007488	9085.654293
95.264000	0.007482	9077.933945
95.316000	0.007476	9070.179746
95.368000	0.007470	9062.381459
95.420000	0.007463	9054.559093
95.472000	0.007457	9046.683584
95.524000	0.007451	9038.787819
95.576000	0.007445	9030.833240
95.628000	0.007439	9022.864076
95.680000	0.007432	9014.830449
95.732000	0.007426	9006.787914
95.784000	0.007420	8998.675226
95.836000	0.007414	8990.556867
95.888000	0.007408	8982.367535
95.940000	0.007402	8974.170122
95.992000	0.007396	8965.907378
96.044000	0.007389	8957.630901
96.096000	0.007383	8949.294755
96.148000	0.007377	8940.939211
96.200000	0.007371	8932.529697
96.252000	0.007365	8924.096895
96.304000	0.007359	8915.619216
96.356000	0.007353	8907.110784
96.408000	0.007347	8898.559710
96.460000	0.007341	8889.972219
96.512000	0.007334	8881.347778
96.564000	0.007328	8872.681234
96.616000	0.007322	8863.983398
96.668000	0.007316	8855.237785
96.720000	0.007310	8846.466555
96.772000	0.007304	8837.645700
96.824000	0.007298	8828.806330
96.876000	0.007292	8819.907841
96.928000	0.007286	8810.995074
96.980000	0.007280	8802.022156
97.032000	0.007274	8793.041250
97.084000	0.007268	8783.989886
97.136000	0.007262	8774.933048
97.188000	0.007256	8765.810603
97.240000	0.007250	8756.679776
97.292000	0.007244	8747.483923
97.344000	0.007238	8738.275038
97.396000	0.007232	8729.011043
97.448000	0.007226	8719.728749
97.500000	0.007220	8710.396592
97.552000	0.007214	8701.039058
97.604000	0.007208	8691.633536
97.656000	0.007203	8682.201385
97.708000	0.007197	8672.732930
97.760000	0.007191	8663.227761
97.812000	0.007185	8653.685969
97.864000	0.007179	8644.104779
97.916000	0.007173	8634.494797
97.968000	0.007167	8624.840186
98.020000	0.007161	8615.162097
98.072000	0.007155	8605.434083
98.124000	0.007149	8595.687828
98.176000	0.007144	8585.886402
98.228000	0.007138	8576.072010
98.280000	0.007132	8566.201823
98.332000	0.007126	8556.324524
98.384000	0.007120	8546.376484
98.436000	0.007114	8536.423434
98.488000	0.007109	8526.415061
98.540000	0.007103	8516.398000
98.592000	0.007097	8506.316273
98.644000	0.007091	8496.222255
98.696000	0.007085	8486.077593
98.748000	0.007079	8475.915781
98.800000	0.007074	8465.708216
98.852000	0.007068	8455.478635
98.904000	0.007062	8445.208166
98.956000	0.007056	8434.908580
99.008000	0.007051	8424.569980
99.060000	0.007045	8414.199632
99.112000	0.007039	8403.798129
99.164000	0.007033	8393.360013
99.216000	0.007028	8382.895608
99.268000	0.007022	8372.389725
99.320000	0.007016	8361.862417
99.372000	0.007010	8351.292622
99.424000	0.007005	8340.707638
99.476000	0.006999	8330.067218
99.528000	0.006993	8319.414128
99.580000	0.006988	8308.709619
99.632000	0.006982	8297.998826
99.684000	0.006976	8287.232203
99.736000	0.006971	8276.460661
99.788000	0.006965	8265.624079
99.840000	0.006959	8254.781079
99.892000	0.006954	8243.892040
99.944000	0.006948	8232.990451
99.996000	0.006942	8222.038508
100.048000	0.006937	8211.072057
100.100000	0.006931	8200.067701
100.152000	0.006925	8189.041067
100.204000	0.006920	8177.973810
100.256000	0.006914	8166.881676
100.308000	0.006909	8155.756777
100.360000	0.006903	8144.605183
100.412000	0.006897	8133.427816
100.464000	0.006892	8122.213598
100.516000	0.006886	8110.973387
100.568000	0.006881	8099.701832
100.620000	0.006875	8088.414381
100.672000	0.006869	8077.080363
100.724000	0.006864	8065.730066
100.776000	0.006858	8054.341124
100.828000	0.006853	8042.943586
100.880000	0.006847	8031.494452
100.932000	0.006842	8020.039297
100.984000	0.006836	8008.533113
101.036000	0.006831	7997.022884
101.088000	0.006825	7985.462856
101.140000	0.006820	7973.896201
101.192000	0.006814	7962.283724
101.244000	0.006809	7950.661645
101.296000	0.006803	7939.001985
101.348000	0.006798	7927.327597
101.400000	0.006792	7915.615499
101.452000	0.006787	7903.884626
101.504000	0.006781	7892.120146
101.556000	0.006776	7880.335101
101.608000	0.006770	7868.523413
101.660000	0.006765	7856.687516
101.712000	0.006759	7844.828648
101.764000	0.006754	7832.938818
101.816000	0.006749	7821.027559
101.868000	0.006743	7809.088398
101.920000	0.006738	7797.135318
101.972000	0.006732	7785.147080
102.024000	0.006727	7773.146817
102.076000	0.006721	7761.107732
102.128000	0.006716	7749.060258
102.180000	0.006711	7736.975062
102.232000	0.006705	7724.885663
102.284000	0.006700	7712.750149
102.336000	0.006694	7700.611282
102.388000	0.006689	7688.432731
102.440000	0.006684	7676.248708
102.492000	0.006678	7664.028198
102.544000	0.006673	7651.798979
102.596000	0.006668	7639.536491
102.648000	0.006662	7627.260559
102.700000	0.006657	7614.950921
102.752000	0.006652	7602.629883
102.804000	0.006646	7590.288784
102.856000	0.006641	7577.926925
102.908000	0.006636	7565.538621
102.960000	0.006630	7553.131335
103.012000	0.006625	7540.706342
103.064000	0.006620	7528.259512
103.116000	0.006614	7515.797801
103.168000	0.006609	7503.311411
103.220000	0.006604	7490.812982
103.272000	0.006599	7478.283133
103.324000	0.006593	7465.742781
103.376000	0.006588	7453.176396
103.428000	0.006583	7440.604553
103.480000	0.006578	7427.999540
103.532000	0.006572	7415.391005
103.584000	0.006567	7402.746442
103.636000	0.006562	7390.099364
103.688000	0.006557	7377.422601
103.740000	0.006551	7364.741609
103.792000	0.006546	7352.033404
103.844000	0.006541	7339.317428
103.896000	0.006536	7326.572478
103.948000	0.006531	7313.818441
104.000000	0.006525	7301.042062
104.052000	0.006520	7288.256066
104.104000	0.006515	7275.453432
104.156000	0.006510	7262.636828
104.208000	0.006505	7249.802737
104.260000	0.006499	7236.952228
104.312000	0.006494	7224.086653
104.364000	0.006489	7211.205363
104.416000	0.006484	7198.313561
104.468000	0.006479	7185.404026
104.520000	0.006474	7172.486023
104.572000	0.006469	7159.544289
104.624000	0.006463	7146.594798
104.676000	0.006458	7133.627831
104.728000	0.006453	7120.657312
104.780000	0.006448	7107.658240
104.832000	0.006443	7094.656290
104.884000	0.006438	7081.633637
104.936000	0.006433	7068.609384
104.988000	0.006428	7055.565413
105.040000	0.006423	7042.517815
105.092000	0.006418	7029.447608
105.144000	0.006412	7016.372882
105.196000	0.006407	7003.281652
105.248000	0.006402	6990.184280
105.300000	0.006397	6977.072084
105.352000	0.006392	6963.952116
105.404000	0.006387	6950.818953
105.456000	0.006382	6937.676373
105.508000	0.006377	6924.522189
105.560000	0.006372	6911.356976
105.612000	0.006367	6898.181826
105.664000	0.006362	6884.997146
105.716000	0.006357	6871.806205
105.768000	0.006352	6858.604552
105.820000	0.006347	6845.397901
105.872000	0.006342	6832.179271
105.924000	0.006337	6818.956825
105.976000	0.006332	6805.716853
106.028000	0.006327	6792.473437
106.080000	0.006322	6779.220394
106.132000	0.006317	6765.966441
106.184000	0.006312	6752.696897
106.236000	0.006307	6739.426163
106.288000	0.006302	6726.140681
106.340000	0.006297	6712.853721
106.392000	0.006292	6699.557725
106.444000	0.006287	6686.259437
106.496000	0.006282	6672.952909
106.548000	0.006277	6659.641712
106.600000	0.006272	6646.319451
106.652000	0.006268	6632.995223
106.704000	0.006263	6619.667689
106.756000	0.006258	6606.333027
106.808000	0.006253	6592.989733
106.860000	0.006248	6579.643637
106.912000	0.006243	6566.295070
106.964000	0.006238	6552.940109
107.016000	0.006233	6539.581041
107.068000	0.006228	6526.218323
107.120000	0.006223	6512.853952
107.172000	0.006219	6499.485538
107.224000	0.006214	6486.115891
107.276000	0.006209	6472.737425
107.328000	0.006204	6459.357299
107.380000	0.006199	6445.977085
107.432000	0.006194	6432.596886
107.484000	0.006189	6419.211421
107.536000	0.006185	6405.825577
107.588000	0.006180	6392.434798
107.640000	0.006175	6379.043274
107.692000	0.006170	6365.647218
107.744000	0.006165	6352.251184
107.796000	0.006160	6338.855087
107.848000	0.006156	6325.459004
107.900000	0.006151	6312.062896
107.952000	0.006146	6298.664792
108.004000	0.006141	6285.263387
108.056000	0.006136	6271.864353
108.108000	0.006132	6258.468139
108.160000	0.006127	6245.069111
108.212000	0.006122	6231.667657
108.264000	0.006117	6218.269354
108.316000	0.006113	6204.873091
108.368000	0.006108	6191.480389
108.420000	0.006103	6178.089343
108.472000	0.006098	6164.694213
108.524000	0.006094	6151.297867
108.576000	0.006089	6137.910294
108.628000	0.006084	6124.524393
108.680000	0.006079	6111.138446
108.732000	0.006075	6097.752530
108.784000	0.006070	6084.371761
108.836000	0.006065	6070.991816
108.888000	0.006061	6057.621474
108.940000	0.006056	6044.251164
108.992000	0.006051	6030.880807
109.044000	0.006046	6017.512873
109.096000	0.006042	6004.152941
109.148000	0.006037	5990.794626
109.200000	0.006032	5977.439917
109.252000	0.006028	5964.089224
109.304000	0.006023	5950.744967
109.356000	0.006018	5937.403103
109.408000	0.006014	5924.064042
109.460000	0.006009	5910.733404
109.512000	0.006004	5897.410026
109.564000	0.006000	5884.089834
109.616000	0.005995	5870.771680
109.668000	0.005991	5857.460716
109.720000	0.005986	5844.152985
109.772000	0.005981	5830.857308
109.824000	0.005977	5817.565283
109.876000	0.005972	5804.282057
109.928000	0.005967	5791.000454
109.980000	0.005963	5777.728476
110.032000	0.005958	5764.457349
110.084000	0.005954	5751.201840
110.136000	0.005949	5737.947192
110.188000	0.005944	5724.702133
110.240000	0.005940	5711.460376
110.292000	0.005935	5698.236228
110.344000	0.005931	5685.014549
110.396000	0.005926	5671.800858
110.448000	0.005922	5658.592057
110.500000	0.005917	5645.394052
110.552000	0.005912	5632.202138
110.604000	0.005908	5619.019821
110.656000	0.005903	5605.847236
110.708000	0.005899	5592.685864
110.760000	0.005894	5579.532971
110.812000	0.005890	5566.387260
110.864000	0.005885	5553.251252
110.916000	0.005881	5540.121257
110.968000	0.005876	5527.005801
111.020000	0.005872	5513.896721
111.072000	0.005867	5500.799745
111.124000	0.005863	5487.706349
111.176000	0.005858	5474.635192
111.228000	0.005854	5461.567967
111.280000	0.005849	5448.515269
111.332000	0.005845	5435.463851
111.384000	0.005840	5422.433187
111.436000	0.005836	5409.404735
111.488000	0.005831	5396.400240
111.540000	0.005827	5383.398302
111.592000	0.005822	5370.409524
111.644000	0.005818	5357.426986
111.696000	0.005813	5344.464332
111.748000	0.005809	5331.508292
111.800000	0.005804	5318.566615
111.852000	0.005800	5305.635197
111.904000	0.005796	5292.719673
111.956000	0.005791	5279.813960
112.008000	0.005787	5266.919359
112.060000	0.005782	5254.039053
112.112000	0.005778	5241.170662
112.164000	0.005774	5228.315274
112.216000	0.005769	5215.467779
112.268000	0.005765	5202.642272
112.320000	0.005760	5189.826212
112.372000	0.005756	5177.026409
112.424000	0.005752	5164.231295
112.476000	0.005747	5151.462985
112.528000	0.005743	5138.699249
112.580000	0.005738	5125.955008
112.632000	0.005734	5113.212535
112.684000	0.005730	5100.501108
112.736000	0.005725	5087.792010
112.788000	0.005721	5075.106737
112.840000	0.005717	5062.426668
112.892000	0.005712	5049.772833
112.944000	0.005708	5037.125354
112.996000	0.005704	5024.497704
113.048000	0.005699	5011.878420
113.100000	0.005695	4999.276956
113.152000	0.005691	4986.690005
113.204000	0.005686	4974.125159
113.256000	0.005682	4961.570229
113.308000	0.005678	4949.026368
113.360000	0.005673	4936.502660
113.412000	0.005669	4923.995446
113.464000	0.005665	4911.507917
113.516000	0.005660	4899.032121
113.568000	0.005656	4886.574740
113.620000	0.005652	4874.125126
113.672000	0.005647	4861.704152
113.724000	0.005643	4849.291207
113.776000	0.005639	4836.900702
113.828000	0.005635	4824.513912
113.880000	0.005630	4812.161427
113.932000	0.005626	4799.811752
113.984000	0.005622	4787.493020
114.036000	0.005618	4775.177211
114.088000	0.005613	4762.889872
114.140000	0.005609	4750.608754
114.192000	0.005605	4738.358089
114.244000	0.005601	4726.115182
114.296000	0.005596	4713.895967
114.348000	0.005592	4701.686914
114.400000	0.005588	4689.499093
114.452000	0.005584	4677.325960
114.504000	0.005579	4665.174847
114.556000	0.005575	4653.041215
114.608000	0.005571	4640.926727
114.660000	0.005567	4628.829666
114.712000	0.005563	4616.746658
114.764000	0.005558	4604.686772
114.816000	0.005554	4592.640418
114.868000	0.005550	4580.620009
114.920000	0.005546	4568.610303
114.972000	0.005542	4556.629390
115.024000	0.005538	4544.656359
115.076000	0.005533	4532.714955
115.128000	0.005529	4520.778601
115.180000	0.005525	4508.871762
115.232000	0.005521	4496.967595
115.284000	0.005517	4485.104534
115.336000	0.005513	4473.245034
115.388000	0.005508	4461.418632
115.440000	0.005504	4449.598608
115.492000	0.005500	4437.808862
115.544000	0.005496	4426.028317
115.596000	0.005492	4414.275285
115.648000	0.005488	4402.534265
115.700000	0.005484	4390.817892
115.752000	0.005480	4379.118476
115.804000	0.005475	4367.444048
115.856000	0.005471	4355.787263
115.908000	0.005467	4344.149495
115.960000	0.005463	4332.532198
116.012000	0.005459	4320.931119
116.064000	0.005455	4309.356655
116.116000	0.005451	4297.797495
116.168000	0.005447	4286.264449
116.220000	0.005443	4274.741971
116.272000	0.005439	4263.252575
116.324000	0.005435	4251.772010
116.376000	0.005431	4240.323245
116.428000	0.005426	4228.879390
116.480000	0.005422	4217.475070
116.532000	0.005418	4206.073926
116.584000	0.005414	4194.708580
116.636000	0.005410	4183.347470
116.688000	0.005406	4172.024071
116.740000	0.005402	4160.708133
116.792000	0.005398	4149.426657
116.844000	0.005394	4138.154534
116.896000	0.005390	4126.909752
116.948000	0.005386	4115.680609
117.000000	0.005382	4104.482980
117.052000	0.005378	4093.300341
117.104000	0.005374	4082.139408
117.156000	0.005370	4070.998832
117.208000	0.005366	4059.879853
117.260000	0.005362	4048.784442
117.312000	0.005358	4037.707389
117.364000	0.005354	4026.653791
117.416000	0.005350	4015.613463
117.468000	0.005346	4004.606908
117.520000	0.005342	3993.613729
117.572000	0.005338	3982.649651
117.624000	0.005334	3971.693162
117.676000	0.005330	3960.777751
117.728000	0.005326	3949.868440
117.780000	0.005322	3938.998863
117.832000	0.005318	3928.132451
117.884000	0.005314	3917.301687
117.936000	0.005310	3906.475882
117.988000	0.005306	3895.692330
118.040000	0.005302	3884.916417
118.092000	0.005299	3874.174770
118.144000	0.005295	3863.442639
118.196000	0.005291	3852.737750
118.248000	0.005287	3842.048698
118.300000	0.005283	3831.390971
118.352000	0.005279	3820.752706
118.404000	0.005275	3810.142143
118.456000	0.005271	3799.549549
118.508000	0.005267	3788.975719
118.560000	0.005263	3778.425644
118.612000	0.005259	3767.893776
118.664000	0.005256	3757.392258
118.716000	0.005252	3746.907583
118.768000	0.005248	3736.453103
118.820000	0.005244	3726.010355
118.872000	0.005240	3715.601060
118.924000	0.005236	3705.200268
118.976000	0.005232	3694.836170
119.028000	0.005228	3684.477335
119.080000	0.005225	3674.163421
119.132000	0.005221	3663.853064
119.184000	0.005217	3653.583275
119.236000	0.005213	3643.318080
119.288000	0.005209	3633.090256
119.340000	0.005205	3622.871222
119.392000	0.005201	3612.690624
119.444000	0.005198	3602.519691
119.496000	0.005194	3592.375804
119.548000	0.005190	3582.249737
119.600000	0.005186	3572.158280
119.652000	0.005182	3562.082128
119.704000	0.005178	3552.027412
119.756000	0.005175	3541.995990
119.808000	0.005171	3531.988475
119.860000	0.005167	3522.004892
119.912000	0.005163	3512.039350
119.964000	0.005159	3502.100962
120.016000	0.005156	3492.177392
120.068000	0.005152	3482.288006
120.120000	0.005148	3472.411630
120.172000	0.005144	3462.568882
120.224000	0.005141	3452.734471
120.276000	0.005137	3442.941556
120.328000	0.005133	3433.154368
120.380000	0.005129	3423.407269
120.432000	0.005125	3413.663486
120.484000	0.005122	3403.960150
120.536000	0.005118	3394.262180
120.588000	0.005114	3384.606054
120.640000	0.005110	3374.957926
120.692000	0.005107	3365.343779
120.744000	0.005103	3355.740852
120.796000	0.005099	3346.168684
120.848000	0.005095	3336.612757
120.900000	0.005092	3327.087799
120.952000	0.005088	3317.580512
121.004000	0.005084	3308.097563
121.056000	0.005081	3298.638105
121.108000	0.005077	3289.202368
121.160000	0.005073	3279.790736
121.212000	0.005069	3270.396982
121.264000	0.005066	3261.030571
121.316000	0.005062	3251.678826
121.368000	0.005058	3242.361463
121.420000	0.005055	3233.056922
121.472000	0.005051	3223.786186
121.524000	0.005047	3214.523620
121.576000	0.005044	3205.298122
121.628000	0.005040	3196.077559
121.680000	0.005036	3186.902318
121.732000	0.005033	3177.730601
121.784000	0.005029	3168.599163
121.836000	0.005025	3159.472683
121.888000	0.005022	3150.383236
121.940000	0.005018	3141.302978
121.992000	0.005014	3132.260750
122.044000	0.005011	3123.229924
122.096000	0.005007	3114.229714
122.148000	0.005003	3105.244130
122.200000	0.005000	3096.285939
122.252000	0.004996	3087.347813
122.304000	0.004992	3078.436844
122.356000	0.004989	3069.546947
122.408000	0.004985	3060.677999
122.460000	0.004981	3051.833333
122.512000	0.004978	3043.006380
122.564000	0.004974	3034.206945
122.616000	0.004971	3025.422013
122.668000	0.004967	3016.671659
122.720000	0.004963	3007.933941
122.772000	0.004960	2999.230223
122.824000	0.004956	2990.534519
122.876000	0.004953	2981.876060
122.928000	0.004949	2973.222370
122.980000	0.004945	2964.614224
123.032000	0.004942	2956.009365
123.084000	0.004938	2947.439589
123.136000	0.004935	2938.875578
123.188000	0.004931	2930.353059
123.240000	0.004928	2921.838896
123.292000	0.004924	2913.358379
123.344000	0.004920	2904.889442
123.396000	0.004917	2896.450955
123.448000	0.004913	2888.029119
123.500000	0.004910	2879.637920
123.552000	0.004906	2871.262484
123.604000	0.004903	2862.908033
123.656000	0.004899	2854.577489
123.708000	0.004896	2846.270329
123.760000	0.004892	2837.987638
123.812000	0.004888	2829.722512
123.864000	0.004885	2821.481608
123.916000	0.004881	2813.253257
123.968000	0.004878	2805.059700
124.020000	0.004874	2796.878603
124.072000	0.004871	2788.731684
124.124000	0.004867	2780.592612
124.176000	0.004864	2772.490965
124.228000	0.004860	2764.393919
124.280000	0.004857	2756.337545
124.332000	0.004853	2748.284515
124.384000	0.004850	2740.271426
124.436000	0.004846	2732.263657
124.488000	0.004843	2724.292611
124.540000	0.004839	2716.330104
124.592000	0.004836	2708.401101
124.644000	0.004832	2700.483854
124.696000	0.004829	2692.596867
124.748000	0.004825	2684.723003
124.800000	0.004822	2676.872859
124.852000	0.004819	2669.043185
124.904000	0.004815	2661.240317
124.956000	0.004812	2653.456199
125.008000	0.004808	2645.690148
125.060000	0.004805	2637.951805
125.112000	0.004801	2630.233004
125.164000	0.004798	2622.538607
125.216000	0.004794	2614.856649
125.268000	0.004791	2607.205799
125.320000	0.004787	2599.565879
125.372000	0.004784	2591.960313
125.424000	0.004781	2584.362431
125.476000	0.004777	2576.797459
125.528000	0.004774	2569.236387
125.580000	0.004770	2561.721283
125.632000	0.004767	2554.209401
125.684000	0.004763	2546.732306
125.736000	0.004760	2539.260036
125.788000	0.004757	2531.819767
125.840000	0.004753	2524.389297
125.892000	0.004750	2516.996343
125.944000	0.004746	2509.613846
125.996000	0.004743	2502.257720
126.048000	0.004740	2494.914867
126.100000	0.004736	2487.595572
126.152000	0.004733	2480.294655
126.204000	0.004730	2473.017420
126.256000	0.004726	2465.761795
126.308000	0.004723	2458.526649
126.360000	0.004719	2451.316310
126.412000	0.004716	2444.123200
126.464000	0.004713	2436.954648
126.516000	0.004709	2429.798395
126.568000	0.004706	2422.669537
126.620000	0.004703	2415.550133
126.672000	0.004699	2408.465243
126.724000	0.004696	2401.387864
126.776000	0.004693	2394.343574
126.828000	0.004689	2387.303047
126.880000	0.004686	2380.303550
126.932000	0.004683	2373.307123
126.984000	0.004679	2366.345363
127.036000	0.004676	2359.388590
127.088000	0.004673	2352.463702
127.140000	0.004669	2345.547713
127.192000	0.004666	2338.664898
127.244000	0.004663	2331.792698
127.296000	0.004659	2324.946727
127.348000	0.004656	2318.116101
127.400000	0.004653	2311.312233
127.452000	0.004649	2304.524611
127.504000	0.004646	2297.757591
127.556000	0.004643	2291.006926
127.608000	0.004639	2284.271552
127.660000	0.004636	2277.564293
127.712000	0.004633	2270.876229
127.764000	0.004630	2264.209338
127.816000	0.004626	2257.552888
127.868000	0.004623	2250.923989
127.920000	0.004620	2244.304405
127.972000	0.004616	2237.719531
128.024000	0.004613	2231.142015
128.076000	0.004610	2224.597724
128.128000	0.004607	2218.057047
128.180000	0.004603	2211.547326
128.232000	0.004600	2205.040800
128.284000	0.004597	2198.573738
128.336000	0.004594	2192.111825
128.388000	0.004590	2185.681626
128.440000	0.004587	2179.259387
128.492000	0.004584	2172.866049
128.544000	0.004581	2166.481963
128.596000	0.004577	2160.120285
128.648000	0.004574	2153.774130
128.700000	0.004571	2147.454573
128.752000	0.004568	2141.151417
128.804000	0.004565	2134.868725
128.856000	0.004561	2128.602511
128.908000	0.004558	2122.351455
128.960000	0.004555	2116.122442
129.012000	0.004552	2109.908282
129.064000	0.004548	2103.718988
129.116000	0.004545	2097.541717
129.168000	0.004542	2091.392136
129.220000	0.004539	2085.251720
129.272000	0.004536	2079.141859
129.324000	0.004532	2073.038326
129.376000	0.004529	2066.963419
129.428000	0.004526	2060.891513
129.480000	0.004523	2054.855862
129.532000	0.004520	2048.823193
129.584000	0.004517	2042.824928
129.636000	0.004513	2036.831234
129.688000	0.004510	2030.864621
129.740000	0.004507	2024.906131
129.792000	0.004504	2018.976426
129.844000	0.004501	2013.057653
129.896000	0.004497	2007.164829
129.948000	0.004494	2001.283806
130.000000	0.004491	1995.422663
130.052000	0.004488	1989.575722
130.104000	0.004485	1983.746234
130.156000	0.004482	1977.936138
130.208000	0.004479	1972.143592
130.260000	0.004475	1966.373228
130.312000	0.004472	1960.617569
130.364000	0.004469	1954.883348
130.416000	0.004466	1949.159340
130.468000	0.004463	1943.459239
130.520000	0.004460	1937.766929
130.572000	0.004457	1932.105294
130.624000	0.004454	1926.449831
130.676000	0.004450	1920.823174
130.728000	0.004447	1915.199413
130.780000	0.004444	1909.606860
130.832000	0.004441	1904.016892
130.884000	0.004438	1898.456338
130.936000	0.004435	1892.901260
130.988000	0.004432	1887.377584
131.040000	0.004429	1881.861028
131.092000	0.004426	1876.369078
131.144000	0.004422	1870.888221
131.196000	0.004419	1865.433174
131.248000	0.004416	1859.988090
131.300000	0.004413	1854.559516
131.352000	0.004410	1849.147665
131.404000	0.004407	1843.756024
131.456000	0.004404	1838.378346
131.508000	0.004401	1833.013154
131.560000	0.004398	1827.670311
131.612000	0.004395	1822.342057
131.664000	0.004392	1817.035387
131.716000	0.004389	1811.738830
131.768000	0.004386	1806.462306
131.820000	0.004383	1801.192211
131.872000	0.004380	1795.952967
131.924000	0.004376	1790.719768
131.976000	0.004373	1785.515512
132.028000	0.004370	1780.314035
132.080000	0.004367	1775.138701
132.132000	0.004364	1769.966319
132.184000	0.004361	1764.828056
132.236000	0.004358	1759.693863
132.288000	0.004355	1754.582066
132.340000	0.004352	1749.477530
132.392000	0.004349	1744.397483
132.444000	0.004346	1739.327097
132.496000	0.004343	1734.278746
132.548000	0.004340	1729.242469
132.600000	0.004337	1724.225844
132.652000	0.004334	1719.221302
132.704000	0.004331	1714.231175
132.756000	0.004328	1709.260740
132.808000	0.004325	1704.307573
132.860000	0.004322	1699.367288
132.912000	0.004319	1694.435393
132.964000	0.004316	1689.528812
133.016000	0.004313	1684.633839
133.068000	0.004310	1679.759012
133.120000	0.004307	1674.890523
133.172000	0.004304	1670.048665
133.224000	0.004301	1665.211921
133.276000	0.004298	1660.399394
133.328000	0.004295	1655.589110
133.380000	0.004292	1650.810315
133.432000	0.004289	1646.033729
133.484000	0.004286	1641.281491
133.536000	0.004283	1636.534250
133.588000	0.004280	1631.813762
133.640000	0.004277	1627.099463
133.692000	0.004274	1622.405465
133.744000	0.004272	1617.721277
133.796000	0.004269	1613.059057
133.848000	0.004266	1608.407024
133.900000	0.004263	1603.771298
133.952000	0.004260	1599.150190
134.004000	0.004257	1594.546218
134.056000	0.004254	1589.953620
134.108000	0.004251	1585.370945
134.160000	0.004248	1580.807698
134.212000	0.004245	1576.256782
134.264000	0.004242	1571.727716
134.316000	0.004239	1567.208544
134.368000	0.004236	1562.705594
134.420000	0.004233	1558.207702
134.472000	0.004230	1553.736538
134.524000	0.004228	1549.270360
134.576000	0.004225	1544.828560
134.628000	0.004222	1540.389018
134.680000	0.004219	1535.975667
134.732000	0.004216	1531.564633
134.784000	0.004213	1527.177851
134.836000	0.004210	1522.796313
134.888000	0.004207	1518.441429
134.940000	0.004204	1514.091626
134.992000	0.004202	1509.758059
135.044000	0.004199	1505.434442
135.096000	0.004196	1501.132680
135.148000	0.004193	1496.839184
135.200000	0.004190	1492.558716
135.252000	0.004187	1488.293002
135.304000	0.004184	1484.044316
135.356000	0.004181	1479.807095
135.408000	0.004179	1475.579735
135.460000	0.004176	1471.371936
135.512000	0.004173	1467.176364
135.564000	0.004170	1462.995467
135.616000	0.004167	1458.821206
135.668000	0.004164	1454.667302
135.720000	0.004161	1450.519551
135.772000	0.004159	1446.394243
135.824000	0.004156	1442.273060
135.876000	0.004153	1438.176351
135.928000	0.004150	1434.081912
135.980000	0.004147	1430.013593
136.032000	0.004144	1425.947274
136.084000	0.004141	1421.900275
136.136000	0.004139	1417.857711
136.188000	0.004136	1413.837315
136.240000	0.004133	1409.823352
136.292000	0.004130	1405.829533
136.344000	0.004127	1401.844140
136.396000	0.004125	1397.876873
136.448000	0.004122	1393.917981
136.500000	0.004119	1389.972095
136.552000	0.004116	1386.038626
136.604000	0.004113	1382.119296
136.656000	0.004111	1378.211534
136.708000	0.004108	1374.313591
136.760000	0.004105	1370.435327
136.812000	0.004102	1366.569177
136.864000	0.004099	1362.714130
136.916000	0.004097	1358.864118
136.968000	0.004094	1355.034577
137.020000	0.004091	1351.211105
137.072000	0.004088	1347.410175
137.124000	0.004085	1343.613274
137.176000	0.004083	1339.836101
137.228000	0.004080	1336.060884
137.280000	0.004077	1332.311666
137.332000	0.004074	1328.564550
137.384000	0.004072	1324.836734
137.436000	0.004069	1321.112611
137.488000	0.004066	1317.406151
137.540000	0.004063	1313.706246
137.592000	0.004060	1310.026398
137.644000	0.004058	1306.353427
137.696000	0.004055	1302.694991
137.748000	0.004052	1299.045013
137.800000	0.004049	1295.407937
137.852000	0.004047	1291.783403
137.904000	0.004044	1288.172948
137.956000	0.004041	1284.574139
138.008000	0.004039	1280.985078
138.060000	0.004036	1277.409267
138.112000	0.004033	1273.841630
138.164000	0.004030	1270.292530
138.216000	0.004028	1266.751469
138.268000	0.004025	1263.226909
138.320000	0.004022	1259.707220
138.372000	0.004019	1256.201198
138.424000	0.004017	1252.697683
138.476000	0.004014	1249.218860
138.528000	0.004011	1245.742345
138.580000	0.004009	1242.291760
138.632000	0.004006	1238.842899
138.684000	0.004003	1235.408501
138.736000	0.004000	1231.977901
138.788000	0.003998	1228.564951
138.840000	0.003995	1225.157381
138.892000	0.003992	1221.765823
138.944000	0.003990	1218.382938
138.996000	0.003987	1215.018033
139.048000	0.003984	1211.659585
139.100000	0.003982	1208.310878
139.152000	0.003979	1204.972329
139.204000	0.003976	1201.645079
139.256000	0.003974	1198.332468
139.308000	0.003971	1195.031854
139.360000	0.003968	1191.741249
139.412000	0.003965	1188.456842
139.464000	0.003963	1185.187395
139.516000	0.003960	1181.924425
139.568000	0.003957	1178.678033
139.620000	0.003955	1175.436445
139.672000	0.003952	1172.213108
139.724000	0.003950	1168.992933
139.776000	0.003947	1165.787733
139.828000	0.003944	1162.584275
139.880000	0.003942	1159.406678
139.932000	0.003939	1156.230896
139.984000	0.003936	1153.069506
140.036000	0.003934	1149.912017
140.088000	0.003931	1146.772087
140.140000	0.003928	1143.637647
140.192000	0.003926	1140.519207
140.244000	0.003923	1137.407835
140.296000	0.003920	1134.310834
140.348000	0.003918	1131.220366
140.400000	0.003915	1128.139605
140.452000	0.003913	1125.069089
140.504000	0.003910	1122.009801
140.556000	0.003907	1118.959422
140.608000	0.003905	1115.916410
140.660000	0.003902	1112.886799
140.712000	0.003899	1109.865240
140.764000	0.003897	1106.858717
140.816000	0.003894	1103.858607
140.868000	0.003892	1100.871062
140.920000	0.003889	1097.887202
140.972000	0.003886	1094.921672
141.024000	0.003884	1091.959240
141.076000	0.003881	1089.016816
141.128000	0.003879	1086.076226
141.180000	0.003876	1083.151179
141.232000	0.003873	1080.228033
141.284000	0.003871	1077.319289
141.336000	0.003868	1074.414556
141.388000	0.003866	1071.527293
141.440000	0.003863	1068.644282
141.492000	0.003861	1065.773299
141.544000	0.003858	1062.909491
141.596000	0.003855	1060.060022
141.648000	0.003853	1057.217815
141.700000	0.003850	1054.386230
141.752000	0.003848	1051.563190
141.804000	0.003845	1048.749439
141.856000	0.003843	1045.945837
141.908000	0.003840	1043.150474
141.960000	0.003837	1040.366265
142.012000	0.003835	1037.588770
142.064000	0.003832	1034.823769
142.116000	0.003830	1032.064108
142.168000	0.003827	1029.318735
142.220000	0.003825	1026.577434
142.272000	0.003822	1023.850948
142.324000	0.003820	1021.126993
142.376000	0.003817	1018.419646
142.428000	0.003815	1015.714002
142.480000	0.003812	1013.025382
142.532000	0.003809	1010.338809
142.584000	0.003807	1007.667039
142.636000	0.003804	1004.998720
142.688000	0.003802	1002.344848
142.740000	0.003799	999.695587
142.792000	0.003797	997.059094
142.844000	0.003794	994.428291
142.896000	0.003792	991.808658
142.948000	0.003789	989.195930
143.000000	0.003787	986.593161
143.052000	0.003784	983.998770
143.104000	0.003782	981.413393
143.156000	0.003779	978.837351
143.208000	0.003777	976.268848
143.260000	0.003774	973.710899
143.312000	0.003772	971.159269
143.364000	0.003769	968.619077
143.416000	0.003767	966.083764
143.468000	0.003764	963.561549
143.520000	0.003762	961.043051
143.572000	0.003759	958.538534
143.624000	0.003757	956.036389
143.676000	0.003754	953.549465
143.728000	0.003752	951.064180
143.780000	0.003749	948.594857
143.832000	0.003747	946.127508
143.884000	0.003744	943.673497
143.936000	0.003742	941.222840
143.988000	0.003739	938.785766
144.040000	0.003737	936.352838
144.092000	0.003734	933.931081
144.144000	0.003732	931.514928
144.196000	0.003730	929.109595
144.248000	0.003727	926.710803
144.300000	0.003725	924.321320
144.352000	0.003722	921.939526
144.404000	0.003720	919.565954
144.456000	0.003717	917.200878
144.508000	0.003715	914.842643
144.560000	0.003712	912.494013
144.612000	0.003710	910.151141
144.664000	0.003708	907.819399
144.716000	0.003705	905.492377
144.768000	0.003703	903.177307
144.820000	0.003700	900.865645
144.872000	0.003698	898.567081
144.924000	0.003695	896.270727
144.976000	0.003693	893.988177
145.028000	0.003690	891.707183
145.080000	0.003688	889.440599
145.132000	0.003686	887.176082
145.184000	0.003683	884.924901
145.236000	0.003681	882.676668
145.288000	0.003678	880.439818
145.340000	0.003676	878.207207
145.392000	0.003674	875.985795
145.444000	0.003671	873.769342
145.496000	0.003669	871.562300
145.548000	0.003666	869.361435
145.600000	0.003664	867.169262
145.652000	0.003661	864.984330
145.704000	0.003659	862.807089
145.756000	0.003657	860.637505
145.808000	0.003654	858.474100
145.860000	0.003652	856.320024
145.912000	0.003650	854.171523
145.964000	0.003647	852.033074
146.016000	0.003645	849.898918
146.068000	0.003642	847.775942
146.120000	0.003640	845.656164
146.172000	0.003638	843.548637
146.224000	0.003635	841.443186
146.276000	0.003633	839.350590
146.328000	0.003630	837.259487
146.380000	0.003628	835.181282
146.432000	0.003626	833.105059
146.484000	0.003623	831.040763
146.536000	0.003621	828.979502
146.588000	0.003619	826.929608
146.640000	0.003616	824.883470
146.692000	0.003614	822.846995
146.744000	0.003612	820.815368
146.796000	0.003609	818.792784
146.848000	0.003607	816.776015
146.900000	0.003604	814.767357
146.952000	0.003602	812.765218
147.004000	0.003600	810.769996
147.056000	0.003597	808.782189
147.108000	0.003595	806.800356
147.160000	0.003593	804.826867
147.212000	0.003590	802.858413
147.264000	0.003588	800.899324
147.316000	0.003586	798.944267
147.368000	0.003583	796.999593
147.420000	0.003581	795.057912
147.472000	0.003579	793.127627
147.524000	0.003576	791.199300
147.576000	0.003574	789.282919
147.628000	0.003572	787.368000
147.680000	0.003569	785.464961
147.732000	0.003567	783.563869
147.784000	0.003565	781.673743
147.836000	0.003562	779.786535
147.888000	0.003560	777.909845
147.940000	0.003558	776.036704
147.992000	0.003556	774.172468
148.044000	0.003553	772.312794
148.096000	0.003551	770.461512
148.148000	0.003549	768.615659
148.200000	0.003546	766.777311
148.252000	0.003544	764.945006
148.304000	0.003542	763.119105
148.356000	0.003539	761.300076
148.408000	0.003537	759.486629
148.460000	0.003535	757.681251
148.512000	0.003533	755.880766
148.564000	0.003530	754.088533
148.616000	0.003528	752.299928
148.668000	0.003526	750.520902
148.720000	0.003523	748.744679
148.772000	0.003521	746.979034
148.824000	0.003519	745.215255
148.876000	0.003517	743.462971
148.928000	0.003514	741.712130
148.980000	0.003512	739.972135
149.032000	0.003510	738.234047
149.084000	0.003507	736.506033
149.136000	0.003505	734.780815
149.188000	0.003503	733.065281
149.240000	0.003501	731.353082
149.292000	0.003498	729.649045
149.344000	0.003496	727.949455
149.396000	0.003494	726.257913
149.448000	0.003492	724.571194
149.500000	0.003489	722.891137
149.552000	0.003487	721.216916
149.604000	0.003485	719.548875
149.656000	0.003483	717.887132
149.708000	0.003480	716.230564
149.760000	0.003478	714.581441
149.812000	0.003476	712.936906
149.864000	0.003474	711.299885
149.916000	0.003471	709.666245
149.968000	0.003469	708.041841
150.020000	0.003467	706.420176
150.072000	0.003465	704.808204
150.124000	0.003463	703.197998
150.176000	0.003460	701.598351
150.228000	0.003458	700.000146
150.280000	0.003456	698.412314
150.332000	0.003454	696.826351
150.384000	0.003451	695.249528
150.436000	0.003449	693.675265
150.488000	0.003447	692.109452
150.540000	0.003445	690.547055
150.592000	0.003443	688.992840
150.644000	0.003440	687.442581
150.696000	0.003438	685.899394
150.748000	0.003436	684.360866
150.800000	0.003434	682.828743
150.852000	0.003431	681.301977
150.904000	0.003429	679.780927
150.956000	0.003427	678.265930
151.008000	0.003425	676.755963
151.060000	0.003423	675.252762
151.112000	0.003421	673.753825
151.164000	0.003418	672.262084
151.216000	0.003416	670.773644
151.268000	0.003414	669.293646
151.320000	0.003412	667.816236
151.372000	0.003410	666.347627
151.424000	0.003407	664.880703
151.476000	0.003405	663.423953
151.528000	0.003403	661.968615
151.580000	0.003401	660.522126
151.632000	0.003399	659.077597
151.684000	0.003397	657.642222
151.736000	0.003394	656.209279
151.788000	0.003392	654.784035
151.840000	0.003390	653.361980
151.892000	0.003388	651.947345
151.944000	0.003386	650.536553
151.996000	0.003383	649.132564
152.048000	0.003381	647.733060
152.100000	0.003379	646.339699
152.152000	0.003377	644.950935
152.204000	0.003375	643.567194
152.256000	0.003373	642.189555
152.308000	0.003371	640.817014
152.360000	0.003368	639.450242
152.412000	0.003366	638.087298
152.464000	0.003364	636.731590
152.516000	0.003362	635.379227
152.568000	0.003360	634.034069
152.620000	0.003358	632.691276
152.672000	0.003356	631.357381
152.724000	0.003353	630.025215
152.776000	0.003351	628.701716
152.828000	0.003349	627.379662
152.880000	0.003347	626.066498
152.932000	0.003345	624.755180
152.984000	0.003343	623.451714
153.036000	0.003341	622.150766
153.088000	0.003339	620.857501
153.140000	0.003336	619.567204
153.192000	0.003334	618.283655
153.244000	0.003332	617.003830
153.296000	0.003330	615.730530
153.348000	0.003328	614.461079
153.400000	0.003326	613.196966
153.452000	0.003324	611.937779
153.504000	0.003322	610.683938
153.556000	0.003319	609.434990
153.608000	0.003317	608.190387
153.660000	0.003315	606.951940
153.712000	0.003313	605.717551
153.764000	0.003311	604.489287
153.816000	0.003309	603.264061
153.868000	0.003307	602.046086
153.920000	0.003305	600.830528
153.972000	0.003303	599.622536
154.024000	0.003301	598.416188
154.076000	0.003299	597.218568
154.128000	0.003296	596.022399
154.180000	0.003294	594.834191
154.232000	0.003292	593.647858
154.284000	0.003290	592.468938
154.336000	0.003288	591.292515
154.388000	0.003286	590.123410
154.440000	0.003284	588.957052
154.492000	0.003282	587.796786
154.544000	0.003280	586.640118
154.596000	0.003278	585.489693
154.648000	0.003276	584.342941
154.700000	0.003274	583.201322
154.752000	0.003271	582.064131
154.804000	0.003269	580.931883
154.856000	0.003267	579.804569
154.908000	0.003265	578.681704
154.960000	0.003263	577.563969
155.012000	0.003261	576.449885
155.064000	0.003259	575.341980
155.116000	0.003257	574.237196
155.168000	0.003255	573.138853
155.220000	0.003253	572.042829
155.272000	0.003251	570.953948
155.324000	0.003249	569.866724
155.376000	0.003247	568.787846
155.428000	0.003245	567.710433
155.480000	0.003243	566.639991
155.532000	0.003241	565.571530
155.584000	0.003239	564.510553
155.636000	0.003237	563.451939
155.688000	0.003235	562.399887
155.740000	0.003233	561.350505
155.792000	0.003231	560.306898
155.844000	0.003228	559.266578
155.896000	0.003226	558.231951
155.948000	0.003224	557.201062
156.000000	0.003222	556.175402
156.052000	0.003220	555.153934
156.104000	0.003218	554.137254
156.156000	0.003216	553.124913
156.208000	0.003214	552.116733
156.260000	0.003212	551.113381
156.312000	0.003210	550.113637
156.364000	0.003208	549.119713
156.416000	0.003206	548.128872
156.468000	0.003204	547.144120
156.520000	0.003202	546.161698
156.572000	0.003200	545.185998
156.624000	0.003198	544.211982
156.676000	0.003196	543.245363
156.728000	0.003194	542.280298
156.780000	0.003192	541.322251
156.832000	0.003190	540.366142
156.884000	0.003188	539.416685
156.936000	0.003186	538.469574
156.988000	0.003184	537.528693
157.040000	0.003182	536.590410
157.092000	0.003180	535.657624
157.144000	0.003178	534.727998
157.196000	0.003176	533.803819
157.248000	0.003174	532.883211
157.300000	0.003172	531.967681
157.352000	0.003170	531.055835
157.404000	0.003168	530.148419
157.456000	0.003166	529.245380
157.508000	0.003164	528.346645
157.560000	0.003162	527.452402
157.612000	0.003160	526.561720
157.664000	0.003158	525.676129
157.716000	0.003156	524.793502
157.768000	0.003155	523.916572
157.820000	0.003153	523.041986
157.872000	0.003151	522.174228
157.924000	0.003149	521.308257
157.976000	0.003147	520.449219
158.028000	0.003145	519.591762
158.080000	0.003143	518.740441
158.132000	0.003141	517.891099
158.184000	0.003139	517.048011
158.236000	0.003137	516.207256
158.288000	0.003135	515.372441
158.340000	0.003133	514.540312
158.392000	0.003131	513.713760
158.444000	0.003129	512.890251
158.496000	0.003127	512.072006
158.548000	0.003125	511.256905
158.600000	0.003123	510.446434
158.652000	0.003121	509.639413
158.704000	0.003119	508.836732
158.756000	0.003117	508.038144
158.808000	0.003115	507.243823
158.860000	0.003114	506.454035
158.912000	0.003112	505.667951
158.964000	0.003110	504.886209
159.016000	0.003108	504.107325
159.068000	0.003106	503.334213
159.120000	0.003104	502.563562
159.172000	0.003102	501.798860
159.224000	0.003100	501.035995
159.276000	0.003098	500.279595
159.328000	0.003096	499.524916
159.380000	0.003094	498.776418
159.432000	0.003092	498.029942
159.484000	0.003090	497.289393
159.536000	0.003089	496.551164
159.588000	0.003087	495.818551
159.640000	0.003085	495.088563
159.692000	0.003083	494.363934
159.744000	0.003081	493.642016
159.796000	0.003079	492.924839
159.848000	0.003077	492.210881
159.900000	0.003075	491.501725
159.952000	0.003073	490.796059
160.004000	0.003071	490.094889
160.056000	0.003069	489.397209
160.108000	0.003068	488.703603
160.160000	0.003066	488.014190
160.212000	0.003064	487.328476
160.264000	0.003062	486.647163
160.316000	0.003060	485.968859
160.368000	0.003058	485.295533
160.420000	0.003056	484.624657
160.472000	0.003054	483.959803
160.524000	0.003052	483.296913
160.576000	0.003051	482.639517
160.628000	0.003049	481.983994
160.680000	0.003047	481.334735
160.732000	0.003045	480.687546
160.784000	0.003043	480.045948
160.836000	0.003041	479.406665
160.888000	0.003039	478.772746
160.940000	0.003037	478.141378
160.992000	0.003036	477.515103
161.044000	0.003034	476.891631
161.096000	0.003032	476.273078
161.148000	0.003030	475.657319
161.200000	0.003028	475.045984
161.252000	0.003026	474.438192
161.304000	0.003024	473.835089
161.356000	0.003023	473.235168
161.408000	0.003021	472.639326
161.460000	0.003019	472.047382
161.512000	0.003017	471.459189
161.564000	0.003015	470.875018
161.616000	0.003013	470.293891
161.668000	0.003011	469.717825
161.720000	0.003010	469.144361
161.772000	0.003008	468.576066
161.824000	0.003006	468.009835
161.876000	0.003004	467.449668
161.928000	0.003002	466.891439
161.980000	0.003000	466.338644
162.032000	0.002998	465.787978
162.084000	0.002997	465.242582
162.136000	0.002995	464.699495
162.188000	0.002993	464.161463
162.240000	0.002991	463.626100
162.292000	0.002989	463.096033
162.344000	0.002987	462.568642
162.396000	0.002986	462.046011
162.448000	0.002984	461.525994
162.500000	0.002982	461.010329
162.552000	0.002980	460.497982
162.604000	0.002978	459.990323
162.656000	0.002977	459.485864
162.708000	0.002975	458.985712
162.760000	0.002973	458.489113
162.812000	0.002971	457.996307
162.864000	0.002969	457.507214
162.916000	0.002967	457.021264
162.968000	0.002966	456.539992
163.020000	0.002964	456.061414
163.072000	0.002962	455.588090
163.124000	0.002960	455.116988
163.176000	0.002958	454.651576
163.228000	0.002957	454.188229
163.280000	0.002955	453.729930
163.332000	0.002953	453.273910
163.384000	0.002951	452.823266
163.436000	0.002949	452.374938
163.488000	0.002948	451.931451
163.540000	0.002946	451.490573
163.592000	0.002944	451.054791
163.644000	0.002942	450.621575
163.696000	0.002940	450.193028
163.748000	0.002939	449.767155
163.800000	0.002937	449.345840
163.852000	0.002935	448.927617
163.904000	0.002933	448.514110
163.956000	0.002931	448.103488
164.008000	0.002930	447.697237
164.060000	0.002928	447.294223
164.112000	0.002926	446.895093
164.164000	0.002924	446.499729
164.216000	0.002923	446.107708
164.268000	0.002921	445.720462
164.320000	0.002919	445.336096
164.372000	0.002917	444.956137
164.424000	0.002915	444.578536
164.476000	0.002914	444.206701
164.528000	0.002912	443.837060
164.580000	0.002910	443.472122
164.632000	0.002908	443.109536
164.684000	0.002907	442.752044
164.736000	0.002905	442.397008
164.788000	0.002903	442.046988
164.840000	0.002901	441.699530
164.892000	0.002900	441.357037
164.944000	0.002898	441.017198
164.996000	0.002896	440.682231
165.048000	0.002894	440.349759
165.100000	0.002893	440.021823
165.152000	0.002891	439.696726
165.204000	0.002889	439.376371
165.256000	0.002887	439.058950
165.308000	0.002886	438.746197
165.360000	0.002884	438.436355
165.412000	0.002882	438.130499
165.464000	0.002880	437.828487
165.516000	0.002879	437.530046
165.568000	0.002877	437.235573
165.620000	0.002875	436.944050
165.672000	0.002873	436.657036
165.724000	0.002872	436.372566
165.776000	0.002870	436.093466
165.828000	0.002868	435.816809
165.880000	0.002866	435.545494
165.932000	0.002865	435.276513
165.984000	0.002863	435.011910
166.036000	0.002861	434.749915
166.088000	0.002859	434.493152
166.140000	0.002858	434.238896
166.192000	0.002856	433.989453
166.244000	0.002854	433.742550
166.296000	0.002853	433.500455
166.348000	0.002851	433.260940
166.400000	0.002849	433.026251
166.452000	0.002847	432.794442
166.504000	0.002846	432.567656
166.556000	0.002844	432.343186
166.608000	0.002842	432.123321
166.660000	0.002841	431.906390
166.712000	0.002839	431.693693
166.764000	0.002837	431.484943
166.816000	0.002835	431.280019
166.868000	0.002834	431.078712
166.920000	0.002832	430.880515
166.972000	0.002830	430.686983
167.024000	0.002829	430.496185
167.076000	0.002827	430.309847
167.128000	0.002825	430.126155
167.180000	0.002824	429.947932
167.232000	0.002822	429.772223
167.284000	0.002820	429.601131
167.336000	0.002818	429.432663
167.388000	0.002817	429.269226
167.440000	0.002815	429.108419
167.492000	0.002813	428.952641
167.544000	0.002812	428.799296
167.596000	0.002810	428.650740
167.648000	0.002808	428.504831
167.700000	0.002807	428.364024
167.752000	0.002805	428.225565
167.804000	0.002803	428.092015
167.856000	0.002802	427.961161
167.908000	0.002800	427.835412
167.960000	0.002798	427.712277
168.012000	0.002797	427.593522
168.064000	0.002795	427.478366
168.116000	0.002793	427.367185
168.168000	0.002792	427.259753
168.220000	0.002790	427.155678
168.272000	0.002788	427.055887
168.324000	0.002787	426.959044
168.376000	0.002785	426.867309
168.428000	0.002783	426.778319
168.480000	0.002781	426.694064
168.532000	0.002780	426.612507
168.584000	0.002778	426.535739
168.636000	0.002777	426.461616
168.688000	0.002775	426.392366
168.740000	0.002773	426.325885
168.792000	0.002772	426.264709
168.844000	0.002770	426.205842
168.896000	0.002768	426.151727
168.948000	0.002767	426.100336
169.000000	0.002765	426.054359
169.052000	0.002763	426.010490
169.104000	0.002762	425.971667
169.156000	0.002760	425.935555
169.208000	0.002758	425.904848
169.260000	0.002757	425.876453
169.312000	0.002755	425.852611
169.364000	0.002753	425.832479
169.416000	0.002752	425.816604
169.468000	0.002750	425.804096
169.520000	0.002748	425.795116
169.572000	0.002747	425.791073
169.624000	0.002745	425.790192
169.676000	0.002744	425.793612
169.728000	0.002742	425.799940
169.780000	0.002740	425.810693
169.832000	0.002739	425.824434
169.884000	0.002737	425.843568
169.936000	0.002735	425.865372
169.988000	0.002734	425.891929
170.040000	0.002732	425.921208
170.092000	0.002731	425.955717
170.144000	0.002729	425.992851
170.196000	0.002727	426.035316
170.248000	0.002726	426.080070
170.300000	0.002724	426.130058
170.352000	0.002722	426.182488
170.404000	0.002721	426.240528
170.456000	0.002719	426.300650
170.508000	0.002718	426.366165
170.560000	0.002716	426.434425
170.612000	0.002714	426.507675
170.664000	0.002713	426.583885
170.716000	0.002711	426.664431
170.768000	0.002710	426.748951
170.820000	0.002708	426.837317
170.872000	0.002706	426.929766
170.924000	0.002705	427.025592
170.976000	0.002703	427.126355
171.028000	0.002702	427.230239
171.080000	0.002700	427.338709
171.132000	0.002698	427.450153
171.184000	0.002697	427.566417
171.236000	0.002695	427.685503
171.288000	0.002694	427.809566
171.340000	0.002692	427.936481
171.392000	0.002690	428.068898
171.444000	0.002689	428.203818
171.496000	0.002687	428.344071
171.548000	0.002686	428.486683
171.600000	0.002684	428.634862
171.652000	0.002682	428.785527
171.704000	0.002681	428.942159
171.756000	0.002679	429.100568
171.808000	0.002678	429.264527
171.860000	0.002676	429.431299
171.912000	0.002675	429.603364
171.964000	0.002673	429.778058
172.016000	0.002671	429.957267
172.068000	0.002670	430.140576
172.120000	0.002668	430.327975
172.172000	0.002667	430.519586
172.224000	0.002665	430.714750
172.276000	0.002663	430.914035
172.328000	0.002662	431.116718
172.380000	0.002660	431.324632
172.432000	0.002659	431.535595
172.484000	0.002657	431.751173
172.536000	0.002656	431.969868
172.588000	0.002654	432.194133
172.640000	0.002653	432.421003
172.692000	0.002651	432.652968
172.744000	0.002649	432.887545
172.796000	0.002648	433.127791
172.848000	0.002646	433.370439
172.900000	0.002645	433.618942
172.952000	0.002643	433.869663
173.004000	0.002642	434.126481
173.056000	0.002640	434.385112
173.108000	0.002639	434.649609
173.160000	0.002637	434.916619
173.212000	0.002635	435.189079
173.264000	0.002634	435.464672
173.316000	0.002632	435.745122
173.368000	0.002631	436.029329
173.420000	0.002629	436.317794
173.472000	0.002628	436.610133
173.524000	0.002626	436.906223
173.576000	0.002625	437.206563
173.628000	0.002623	437.510491
173.680000	0.002622	437.819825
173.732000	0.002620	438.132369
173.784000	0.002618	438.449733
173.836000	0.002617	438.770053
173.888000	0.002615	439.095419
173.940000	0.002614	439.423690
173.992000	0.002612	439.757663
174.044000	0.002611	440.094085
174.096000	0.002609	440.436115
174.148000	0.002608	440.780612
174.200000	0.002606	441.131277
174.252000	0.002605	441.484187
174.304000	0.002603	441.843512
174.356000	0.002602	442.204333
174.408000	0.002600	442.571123
174.460000	0.002599	442.940492
174.512000	0.002597	443.315558
174.564000	0.002596	443.693846
174.616000	0.002594	444.077209
174.668000	0.002593	444.463499
174.720000	0.002591	444.854134
174.772000	0.002590	445.249266
174.824000	0.002588	445.648358
174.876000	0.002586	446.052357
174.928000	0.002585	446.459900
174.980000	0.002583	446.871641
175.032000	0.002582	447.286832
175.084000	0.002580	447.707406
175.136000	0.002579	448.131054
175.188000	0.002577	448.559989
175.240000	0.002576	448.991706
175.292000	0.002574	449.428939
175.344000	0.002573	449.868698
175.396000	0.002571	450.314334
175.448000	0.002570	450.762478
175.500000	0.002568	451.217032
175.552000	0.002567	451.673227
175.604000	0.002565	452.135672
175.656000	0.002564	452.600330
175.708000	0.002562	453.071495
175.760000	0.002561	453.544910
175.812000	0.002559	454.024071
175.864000	0.002558	454.505670
175.916000	0.002557	454.992319
175.968000	0.002555	455.482935
176.020000	0.002554	455.978133
176.072000	0.002552	456.477448
176.124000	0.002551	456.980779
176.176000	0.002549	457.488112
176.228000	0.002548	457.999236
176.280000	0.002546	458.515583
176.332000	0.002545	459.035249
176.384000	0.002543	459.559623
176.436000	0.002542	460.087285
176.488000	0.002540	460.620711
176.540000	0.002539	461.156789
176.592000	0.002537	461.698245
176.644000	0.002536	462.242249
176.696000	0.002534	462.792263
176.748000	0.002533	463.344531
176.800000	0.002531	463.903118
176.852000	0.002530	464.463661
176.904000	0.002528	465.030831
176.956000	0.002527	465.599539
177.008000	0.002526	466.174533
177.060000	0.002524	466.752220
177.112000	0.002523	467.335871
177.164000	0.002521	467.922011
177.216000	0.002520	468.513275
177.268000	0.002518	469.107617
177.320000	0.002517	469.706498
177.372000	0.002515	470.310079
177.424000	0.002514	470.917727
177.476000	0.002512	471.529432
177.528000	0.002511	472.144898
177.580000	0.002510	472.765219
177.632000	0.002508	473.388882
177.684000	0.002507	474.017297
177.736000	0.002505	474.648866
177.788000	0.002504	475.285893
177.840000	0.002502	475.925772
177.892000	0.002501	476.571415
177.944000	0.002499	477.219371
177.996000	0.002498	477.873100
178.048000	0.002497	478.528799
178.100000	0.002495	479.190616
178.152000	0.002494	479.854690
178.204000	0.002492	480.525631
178.256000	0.002491	481.197761
178.308000	0.002489	481.875989
178.360000	0.002488	482.556943
178.412000	0.002486	483.243819
178.464000	0.002485	483.932776
178.516000	0.002484	484.626724
178.568000	0.002482	485.324730
178.620000	0.002481	486.027310
178.672000	0.002479	486.733056
178.724000	0.002478	487.442832
178.776000	0.002476	488.157143
178.828000	0.002475	488.875165
178.880000	0.002474	489.598021
178.932000	0.002472	490.324050
178.984000	0.002471	491.054388
179.036000	0.002469	491.787984
179.088000	0.002468	492.527354
179.140000	0.002467	493.269130
179.192000	0.002465	494.015947
179.244000	0.002464	494.765265
179.296000	0.002462	495.520556
179.348000	0.002461	496.277772
179.400000	0.002459	497.040989
179.452000	0.002458	497.805799
179.504000	0.002457	498.576922
179.556000	0.002455	499.349945
179.608000	0.002454	500.129193
179.660000	0.002452	500.910379
179.712000	0.002451	501.697032
179.764000	0.002450	502.486191
179.816000	0.002448	503.280228
179.868000	0.002447	504.077331
179.920000	0.002445	504.878722
179.972000	0.002444	505.684261
180.024000	0.002443	506.493581
180.076000	0.002441	507.306368
180.128000	0.002440	508.122701
180.180000	0.002438	508.943737
180.232000	0.002437	509.767907
180.284000	0.002436	510.596635
180.336000	0.002434	511.428167
180.388000	0.002433	512.264547
180.440000	0.002431	513.103407
180.492000	0.002430	513.947403
180.544000	0.002429	514.793796
180.596000	0.002427	515.645883
180.648000	0.002426	516.499536
180.700000	0.002424	517.358633
180.752000	0.002423	518.219264
180.804000	0.002422	519.085841
180.856000	0.002420	519.954295
180.908000	0.002419	520.828551
180.960000	0.002418	521.704319
181.012000	0.002416	522.585025
181.064000	0.002415	523.468615
181.116000	0.002413	524.356773
181.168000	0.002412	525.247413
181.220000	0.002411	526.141930
181.272000	0.002409	527.039929
181.324000	0.002408	527.941445
181.376000	0.002407	528.847186
181.428000	0.002405	529.756009
181.480000	0.002404	530.668392
181.532000	0.002402	531.583632
181.584000	0.002401	532.503116
181.636000	0.002400	533.425161
181.688000	0.002398	534.351681
181.740000	0.002397	535.280475
181.792000	0.002396	536.213973
181.844000	0.002394	537.149462
181.896000	0.002393	538.089868
181.948000	0.002392	539.031711
182.000000	0.002390	539.978435
182.052000	0.002389	540.926936
182.104000	0.002387	541.880951
182.156000	0.002386	542.836070
182.208000	0.002385	543.795992
182.260000	0.002383	544.757758
182.312000	0.002382	545.723939
182.364000	0.002381	546.692439
182.416000	0.002379	547.664820
182.468000	0.002378	548.639973
182.520000	0.002377	549.618481
182.572000	0.002375	550.599682
182.624000	0.002374	551.583849
182.676000	0.002373	552.571419
182.728000	0.002371	553.561688
182.780000	0.002370	554.555543
182.832000	0.002369	555.551844
182.884000	0.002367	556.551896
182.936000	0.002366	557.553988
182.988000	0.002365	558.559623
183.040000	0.002363	559.567230
183.092000	0.002362	560.578880
183.144000	0.002361	561.592039
183.196000	0.002359	562.609088
183.248000	0.002358	563.627968
183.300000	0.002357	564.651365
183.352000	0.002355	565.675787
183.404000	0.002354	566.704385
183.456000	0.002353	567.734014
183.508000	0.002351	568.767487
183.560000	0.002350	569.802692
183.612000	0.002349	570.841409
183.664000	0.002347	571.882243
183.716000	0.002346	572.926110
183.768000	0.002345	573.971980
183.820000	0.002343	575.020396
183.872000	0.002342	576.071630
183.924000	0.002341	577.125128
183.976000	0.002339	578.181544
184.028000	0.002338	579.239861
184.080000	0.002337	580.300298
184.132000	0.002335	581.362751
184.184000	0.002334	582.428663
184.236000	0.002333	583.496137
184.288000	0.002331	584.566360
184.340000	0.002330	585.637955
184.392000	0.002329	586.712364
184.444000	0.002327	587.788220
184.496000	0.002326	588.867223
184.548000	0.002325	589.947553
184.600000	0.002323	591.031016
184.652000	0.002322	592.115381
184.704000	0.002321	593.202660
184.756000	0.002320	594.290875
184.808000	0.002318	595.381683
184.860000	0.002317	596.474055
184.912000	0.002316	597.568767
184.964000	0.002314	598.664870
185.016000	0.002313	599.762846
185.068000	0.002312	600.862919
185.120000	0.002310	601.964577
185.172000	0.002309	603.068019
185.224000	0.002308	604.172788
185.276000	0.002307	605.279356
185.328000	0.002305	606.387198
185.380000	0.002304	607.497273
185.432000	0.002303	608.608415
185.484000	0.002301	609.721330
185.536000	0.002300	610.835213
185.588000	0.002299	611.950825
185.640000	0.002297	613.067531
185.692000	0.002296	614.186213
185.744000	0.002295	615.305719
185.796000	0.002294	616.426799
185.848000	0.002292	617.548660
185.900000	0.002291	618.671985
185.952000	0.002290	619.796398
186.004000	0.002288	620.922339
186.056000	0.002287	622.049092
186.108000	0.002286	623.176914
186.160000	0.002285	624.305666
186.212000	0.002283	625.435227
186.264000	0.002282	626.565819
186.316000	0.002281	627.696976
186.368000	0.002280	628.829740
186.420000	0.002278	629.962898
186.472000	0.002277	631.097195
186.524000	0.002276	632.231749
186.576000	0.002274	633.367319
186.628000	0.002273	634.503131
186.680000	0.002272	635.639812
186.732000	0.002271	636.776740
186.784000	0.002269	637.914359
186.836000	0.002268	639.052423
186.888000	0.002267	640.191340
186.940000	0.002266	641.330580
186.992000	0.002264	642.470096
187.044000	0.002263	643.610007
187.096000	0.002262	644.749952
187.148000	0.002261	645.890388
187.200000	0.002259	647.030589
187.252000	0.002258	648.171399
187.304000	0.002257	649.311681
187.356000	0.002255	650.453005
187.408000	0.002254	651.593792
187.460000	0.002253	652.734816
187.512000	0.002252	653.874910
187.564000	0.002250	655.016061
187.616000	0.002249	656.156358
187.668000	0.002248	657.296689
187.720000	0.002247	658.436012
187.772000	0.002245	659.576238
187.824000	0.002244	660.715518
187.876000	0.002243	661.854904
187.928000	0.002242	662.993469
187.980000	0.002240	664.131830
188.032000	0.002239	665.269520
188.084000	0.002238	666.406671
188.136000	0.002237	667.543156
188.188000	0.002235	668.678389
188.240000	0.002234	669.813541
188.292000	0.002233	670.947713
188.344000	0.002232	672.081817
188.396000	0.002231	673.214220
188.448000	0.002229	674.346805
188.500000	0.002228	675.477251
188.552000	0.002227	676.608152
188.604000	0.002226	677.736448
188.656000	0.002224	678.865257
188.708000	0.002223	679.991459
188.760000	0.002222	681.117987
188.812000	0.002221	682.241930
188.864000	0.002219	683.365985
188.916000	0.002218	684.487499
188.968000	0.002217	685.608887
189.020000	0.002216	686.727820
189.072000	0.002214	687.845803
189.124000	0.002213	688.961600
189.176000	0.002212	690.076976
189.228000	0.002211	691.190399
189.280000	0.002210	692.302448
189.332000	0.002208	693.412724
189.384000	0.002207	694.520731
189.436000	0.002206	695.627437
189.488000	0.002205	696.731729
189.540000	0.002203	697.835299
189.592000	0.002202	698.936204
189.644000	0.002201	700.036309
189.696000	0.002200	701.132590
189.748000	0.002199	702.228741
189.800000	0.002197	703.320722
189.852000	0.002196	704.412997
189.904000	0.002195	705.500508
189.956000	0.002194	706.587970
190.008000	0.002193	707.670682
190.060000	0.002191	708.753780
190.112000	0.002190	709.832570
190.164000	0.002189	710.910490
190.216000	0.002188	711.984143
190.268000	0.002186	713.056976
190.320000	0.002185	714.125880
190.372000	0.002184	715.193469
190.424000	0.002183	716.257506
190.476000	0.002182	717.319601
190.528000	0.002180	718.378597
190.580000	0.002179	719.435008
190.632000	0.002178	720.488667
190.684000	0.002177	721.538674
190.736000	0.002176	722.586574
190.788000	0.002174	723.630506
190.840000	0.002173	724.672867
190.892000	0.002172	725.710533
190.944000	0.002171	726.747189
190.996000	0.002170	727.778400
191.048000	0.002168	728.808886
191.100000	0.002167	729.832921
191.152000	0.002166	730.857084
191.204000	0.002165	731.874341
191.256000	0.002164	732.891721
191.308000	0.002163	733.902529
191.360000	0.002161	734.912935
191.412000	0.002160	735.917129
191.464000	0.002159	736.919913
191.516000	0.002158	737.916808
191.568000	0.002157	738.912177
191.620000	0.002155	739.902151
191.672000	0.002154	740.889427
191.724000	0.002153	741.871935
191.776000	0.002152	742.851927
191.828000	0.002151	743.827601
191.880000	0.002149	744.798974
191.932000	0.002148	745.766772
191.984000	0.002147	746.729867
192.036000	0.002146	747.690039
192.088000	0.002145	748.644616
192.140000	0.002144	749.596962
192.192000	0.002142	750.542846
192.244000	0.002141	751.487158
192.296000	0.002140	752.424058
192.348000	0.002139	753.360208
192.400000	0.002138	754.288104
192.452000	0.002137	755.215800
192.504000	0.002135	756.134475
192.556000	0.002134	757.052909
192.608000	0.002133	757.962863
192.660000	0.002132	758.871919
192.712000	0.002131	759.773053
192.764000	0.002130	760.672480
192.816000	0.002128	761.564540
192.868000	0.002127	762.454194
192.920000	0.002126	763.337113
192.972000	0.002125	764.216799
193.024000	0.002124	765.090465
193.076000	0.002123	765.959975
193.128000	0.002121	766.824239
193.180000	0.002120	767.683409
193.232000	0.002119	768.538101
193.284000	0.002118	769.386659
193.336000	0.002117	770.231606
193.388000	0.002116	771.069544
193.440000	0.002114	771.904675
193.492000	0.002113	772.731726
193.544000	0.002112	773.556830
193.596000	0.002111	774.372830
193.648000	0.002110	775.187769
193.700000	0.002109	775.992563
193.752000	0.002108	776.797013
193.804000	0.002106	777.590630
193.856000	0.002105	778.383793
193.908000	0.002104	779.166826
193.960000	0.002103	779.948483
194.012000	0.002102	780.720698
194.064000	0.002101	781.490715
194.116000	0.002100	782.252032
194.168000	0.002098	783.010319
194.220000	0.002097	783.760692
194.272000	0.002096	784.506964
194.324000	0.002095	785.246185
194.376000	0.002094	785.980268
194.428000	0.002093	786.708234
194.480000	0.002092	787.430084
194.532000	0.002090	788.146719
194.584000	0.002089	788.856041
194.636000	0.002088	789.561152
194.688000	0.002087	790.257959
194.740000	0.002086	790.951473
194.792000	0.002085	791.635476
194.844000	0.002084	792.317226
194.896000	0.002082	792.988385
194.948000	0.002081	793.658279
195.000000	0.002080	794.316415
195.052000	0.002079	794.974084
195.104000	0.002078	795.619384
195.156000	0.002077	796.263917
195.208000	0.002076	796.896886
195.260000	0.002075	797.528161
195.312000	0.002073	798.148745
195.364000	0.002072	798.766695
195.416000	0.002071	799.374837
195.468000	0.002070	799.979249
195.520000	0.002069	800.574772
195.572000	0.002068	801.165533
195.624000	0.002067	801.748408
195.676000	0.002066	802.325379
195.728000	0.002065	802.895506
195.780000	0.002063	803.458567
195.832000	0.002062	804.015831
195.884000	0.002061	804.564815
195.936000	0.002060	805.109075
195.988000	0.002059	805.643874
196.040000	0.002058	806.175059
196.092000	0.002057	806.695612
196.144000	0.002056	807.213659
196.196000	0.002054	807.719860
196.248000	0.002053	808.224647
196.300000	0.002052	808.716342
196.352000	0.002051	809.207401
196.404000	0.002050	809.684838
196.456000	0.002049	810.161328
196.508000	0.002048	810.625164
196.560000	0.002047	811.087025
196.612000	0.002046	811.537223
196.664000	0.002045	811.984282
196.716000	0.002043	812.420659
196.768000	0.002042	812.852855
196.820000	0.002041	813.275421
196.872000	0.002040	813.692682
196.924000	0.002039	814.101413
196.976000	0.002038	814.503530
197.028000	0.002037	814.898267
197.080000	0.002036	815.285203
197.132000	0.002035	815.665916
197.184000	0.002034	816.037588
197.236000	0.002032	816.404204
197.288000	0.002031	816.760532
197.340000	0.002030	817.112962
197.392000	0.002029	817.453813
197.444000	0.002028	817.791952
197.496000	0.002027	818.117246
197.548000	0.002026	818.441060
197.600000	0.002025	818.750781
197.652000	0.002024	819.059795
197.704000	0.002023	819.354312
197.756000	0.002022	819.647684
197.808000	0.002020	819.927610
197.860000	0.002019	820.205253
197.912000	0.002018	820.470532
197.964000	0.002017	820.732385
198.016000	0.002016	820.982965
198.068000	0.002015	821.229012
198.120000	0.002014	821.464919
198.172000	0.002013	821.695019
198.224000	0.002012	821.916165
198.276000	0.002011	822.130191
198.328000	0.002010	822.336495
198.380000	0.002009	822.534495
198.432000	0.002007	822.725987
198.484000	0.002006	822.907855
198.536000	0.002005	823.084450
198.588000	0.002004	823.250133
198.640000	0.002003	823.411763
198.692000	0.002002	823.561167
198.744000	0.002001	823.707788
198.796000	0.002000	823.840917
198.848000	0.001999	823.972519
198.900000	0.001998	824.089331
198.952000	0.001997	824.205317
199.004000	0.001996	824.306243
199.056000	0.001995	824.405900
199.108000	0.001994	824.491653
199.160000	0.001992	824.574960
199.212000	0.001991	824.645511
199.264000	0.001990	824.712383
199.316000	0.001989	824.767649
199.368000	0.001988	824.818102
199.420000	0.001987	824.858143
199.472000	0.001986	824.892009
199.524000	0.001985	824.916723
199.576000	0.001984	824.934123
199.628000	0.001983	824.943610
199.680000	0.001982	824.944357
199.732000	0.001981	824.938471
199.784000	0.001980	824.922599
199.836000	0.001979	824.901384
199.888000	0.001978	824.868927
199.940000	0.001977	824.832383
199.992000	0.001975	824.783270
200.044000	0.001974	824.731350
200.096000	0.001973	824.665569
200.148000	0.001972	824.598230
200.200000	0.001971	824.515718
200.252000	0.001970	824.432395
200.304000	0.001969	824.333843
200.356000	0.001968	824.233892
200.408000	0.001967	824.119885
200.460000	0.001966	824.003241
200.512000	0.001965	823.873724
200.564000	0.001964	823.740419
200.616000	0.001963	823.595442
200.668000	0.001962	823.445482
200.720000	0.001961	823.285077
200.772000	0.001960	823.118378
200.824000	0.001959	822.942512
200.876000	0.001958	822.759123
200.928000	0.001957	822.567853
200.980000	0.001956	822.367779
201.032000	0.001955	822.161097
201.084000	0.001954	821.944293
201.136000	0.001952	821.722183
201.188000	0.001951	821.488718
201.240000	0.001950	821.251208
201.292000	0.001949	821.001043
201.344000	0.001948	820.748115
201.396000	0.001947	820.481268
201.448000	0.001946	820.212934
201.500000	0.001945	819.929423
201.552000	0.001944	819.645074
201.604000	0.001943	819.345635
201.656000	0.001942	819.044709
201.708000	0.001941	818.729886
201.760000	0.001940	818.412391
201.812000	0.001939	818.082204
201.864000	0.001938	817.748212
201.916000	0.001937	817.402740
201.968000	0.001936	817.052193
202.020000	0.001935	816.691398
202.072000	0.001934	816.324335
202.124000	0.001933	815.948298
202.176000	0.001932	815.564756
202.228000	0.001931	815.173530
202.280000	0.001930	814.773594
202.332000	0.001929	814.367206
202.384000	0.001928	813.950761
202.436000	0.001927	813.529184
202.488000	0.001926	813.096432
202.540000	0.001925	812.659794
202.592000	0.001924	812.210730
202.644000	0.001923	811.759010
202.696000	0.001922	811.293628
202.748000	0.001921	810.826871
202.800000	0.001920	810.345276
202.852000	0.001919	809.862809
202.904000	0.001918	809.365709
202.956000	0.001917	808.867113
203.008000	0.001916	808.355098
203.060000	0.001915	807.840449
203.112000	0.001914	807.313575
203.164000	0.001913	806.782885
203.216000	0.001912	806.241151
203.268000	0.001911	805.694524
203.320000	0.001910	805.138069
203.372000	0.001909	804.575483
203.424000	0.001908	804.004316
203.476000	0.001907	803.425839
203.528000	0.001906	802.840022
203.580000	0.001905	802.245719
203.632000	0.001904	801.645326
203.684000	0.001903	801.035325
203.736000	0.001902	800.420444
203.788000	0.001901	799.794765
203.840000	0.001900	799.165423
203.892000	0.001899	798.524146
203.944000	0.001898	797.880410
203.996000	0.001897	797.223609
204.048000	0.001896	796.565582
204.100000	0.001895	795.893401
204.152000	0.001894	795.220373
204.204000	0.001893	794.533517
204.256000	0.001892	793.845169
204.308000	0.001891	793.144175
204.360000	0.001890	792.440656
204.412000	0.001889	791.725652
204.464000	0.001888	791.006970
204.516000	0.001887	790.277934
204.568000	0.001886	789.544216
204.620000	0.001885	788.801315
204.672000	0.001884	788.052624
204.724000	0.001883	787.295936
204.776000	0.001882	786.532317
204.828000	0.001881	785.761904
204.880000	0.001880	784.983565
204.932000	0.001879	784.199573
204.984000	0.001878	783.406509
205.036000	0.001877	782.608947
205.088000	0.001876	781.801264
205.140000	0.001875	780.990271
205.192000	0.001874	780.168184
205.244000	0.001873	779.343865
205.296000	0.001872	778.507377
205.348000	0.001871	777.669768
205.400000	0.001870	776.818990
205.452000	0.001869	775.967496
205.504000	0.001868	775.103334
205.556000	0.001867	774.237733
205.608000	0.001866	773.360547
205.660000	0.001865	772.480984
205.712000	0.001864	771.590936
205.764000	0.001863	770.697495
205.816000	0.001862	769.794631
205.868000	0.001861	768.887481
205.920000	0.001860	767.971997
205.972000	0.001859	767.051125
206.024000	0.001858	766.123039
206.076000	0.001857	765.188680
206.128000	0.001856	764.248189
206.180000	0.001855	763.300415
206.232000	0.001854	762.347601
206.284000	0.001853	761.386598
206.336000	0.001852	760.421579
206.388000	0.001851	759.447380
206.440000	0.001850	758.470250
206.492000	0.001849	757.483093
206.544000	0.001848	756.493978
206.596000	0.001847	755.493898
206.648000	0.001847	754.492926
206.700000	0.001846	753.480168
206.752000	0.001845	752.466770
206.804000	0.001844	751.442128
206.856000	0.001843	750.416156
206.908000	0.001842	749.379935
206.960000	0.001841	748.341607
207.012000	0.001840	747.294041
207.064000	0.001839	746.243431
207.116000	0.001838	745.184546
207.168000	0.001837	744.121839
207.220000	0.001836	743.051849
207.272000	0.001835	741.977171
207.324000	0.001834	740.896208
207.376000	0.001833	739.809715
207.428000	0.001832	738.717905
207.480000	0.001831	737.619694
207.532000	0.001830	736.517156
207.584000	0.001829	735.407493
207.636000	0.001828	734.294386
207.688000	0.001827	733.173277
207.740000	0.001826	732.049706
207.792000	0.001825	730.917464
207.844000	0.001825	729.783605
207.896000	0.001824	728.640291
207.948000	0.001823	727.496232
208.000000	0.001822	726.342012
208.052000	0.001821	725.187292
208.104000	0.001820	724.023030
208.156000	0.001819	722.857677
208.208000	0.001818	721.683671
208.260000	0.001817	720.507810
208.312000	0.001816	719.324156
208.364000	0.001815	718.137947
208.416000	0.001814	716.944798
208.468000	0.001813	715.748462
208.520000	0.001812	714.546046
208.572000	0.001811	713.339678
208.624000	0.001810	712.128094
208.676000	0.001809	710.911868
208.728000	0.001808	709.691266
208.780000	0.001808	708.465364
208.832000	0.001807	707.235918
208.884000	0.001806	706.000564
208.936000	0.001805	704.762446
208.988000	0.001804	703.517774
209.040000	0.001803	702.271130
209.092000	0.001802	701.017366
209.144000	0.001801	699.762326
209.196000	0.001800	698.499551
209.248000	0.001799	697.236251
209.300000	0.001798	695.964701
209.352000	0.001797	694.692807
209.404000	0.001796	693.413272
209.456000	0.001795	692.132814
209.508000	0.001795	690.845438
209.560000	0.001795	689.556663
209.612000	0.001795	688.261719
209.664000	0.001795	686.964736
209.716000	0.001795	685.662280
209.768000	0.001795	684.357364
209.820000	0.001795	683.047686
209.872000	0.001795	681.734901
209.924000	0.001795	680.418068
209.976000	0.001795	679.097653
210.028000	0.001795	677.773877
210.080000	0.001795	676.446025
210.132000	0.001795	675.115473
210.184000	0.001795	673.780377
210.236000	0.001795	672.443216
210.288000	0.001795	671.101060
210.340000	0.001795	669.757426
210.392000	0.001795	668.408359
210.444000	0.001795	667.058420
210.496000	0.001795	665.702681
210.548000	0.001795	664.346631
210.600000	0.001795	662.984415
210.652000	0.001795	661.621948
210.704000	0.001795	660.253834
210.756000	0.001795	658.885125
210.808000	0.001795	657.511375
210.860000	0.001795	656.136630
210.912000	0.001795	654.757410
210.964000	0.001795	653.376777
211.016000	0.001795	651.992212
211.068000	0.001795	650.605922
211.120000	0.001795	649.216247
211.172000	0.001795	647.824430
211.224000	0.001795	646.429778
211.276000	0.001795	645.032671
211.328000	0.001795	643.633237
211.380000	0.001795	642.230993
211.432000	0.001795	640.826909
211.484000	0.001795	639.419716
211.536000	0.001795	638.011169
211.588000	0.001795	636.599276
211.640000	0.001795	635.186472
211.692000	0.001795	633.770075
211.744000	0.001795	632.353121
211.796000	0.001795	630.932307
211.848000	0.001795	629.511383
211.900000	0.001795	628.086450
211.952000	0.001795	626.661438
212.004000	0.001795	625.232831
212.056000	0.001795	623.803936
212.108000	0.001795	622.371879
212.160000	0.001795	620.939216
212.212000	0.001795	619.503772
212.264000	0.001795	618.067612
212.316000	0.001795	616.629062
212.368000	0.001795	615.189551
212.420000	0.001795	613.748026
212.472000	0.001795	612.305333
212.524000	0.001795	610.861005
212.576000	0.001795	609.415375
212.628000	0.001795	607.968432
212.680000	0.001795	606.519952
212.732000	0.001795	605.070489
212.784000	0.001795	603.619395
212.836000	0.001795	602.167634
212.888000	0.001795	600.714168
212.940000	0.001795	599.260257
212.992000	0.001795	597.804504
213.044000	0.001795	596.348572
213.096000	0.001795	594.890768
213.148000	0.001795	593.433035
213.200000	0.001795	591.973423
213.252000	0.001795	590.513858
213.304000	0.001795	589.052658
213.356000	0.001795	587.591446
213.408000	0.001795	586.128866
213.460000	0.001795	584.666204
213.512000	0.001795	583.202402
213.564000	0.001795	581.738424
213.616000	0.001795	580.273516
213.668000	0.001795	578.808494
213.720000	0.001795	577.342747
213.772000	0.001795	575.876740
213.824000	0.001795	574.410214
213.876000	0.001795	572.943450
213.928000	0.001795	571.476345
213.980000	0.001795	570.009003
214.032000	0.001795	568.541457
214.084000	0.001795	567.073656
214.136000	0.001795	565.605821
214.188000	0.001795	564.137842
214.240000	0.001795	562.669861
214.292000	0.001795	561.201715
214.344000	0.001795	559.733733
214.396000	0.001795	558.265750
214.448000	0.001795	556.797924
214.500000	0.001795	555.330162
214.552000	0.001795	553.862642
214.604000	0.001795	552.395318
214.656000	0.001795	550.928247
214.708000	0.001795	549.461445
214.760000	0.001795	547.994971
214.812000	0.001795	546.528833
214.864000	0.001795	545.063217
214.916000	0.001795	543.597993
214.968000	0.001795	542.133244
215.020000	0.001795	540.668939
215.072000	0.001795	539.205299
215.124000	0.001795	537.742149
215.176000	0.001795	536.279779
215.228000	0.001795	534.817906
215.280000	0.001795	533.356905
215.332000	0.001795	531.896399
215.384000	0.001795	530.436919
215.436000	0.001795	528.977933
215.488000	0.001795	527.520180
215.540000	0.001795	526.062855
215.592000	0.001795	524.606922
215.644000	0.001795	523.151353
215.696000	0.001795	521.697387
215.748000	0.001795	520.243752
215.800000	0.001795	518.791933
215.852000	0.001795	517.340469
215.904000	0.001795	515.890763
215.956000	0.001795	514.441595
216.008000	0.001795	512.994123
216.060000	0.001795	511.547386
216.112000	0.001795	510.102262
216.164000	0.001795	508.658098
216.216000	0.001795	507.215456
216.268000	0.001795	505.774041
216.320000	0.001795	504.334055
216.372000	0.001795	502.895458
216.424000	0.001795	501.458191
216.476000	0.001795	500.022546
216.528000	0.001795	498.588114
216.580000	0.001795	497.155543
216.632000	0.001795	495.724051
216.684000	0.001795	494.294690
216.736000	0.001795	492.866253
216.788000	0.001795	491.440216
216.840000	0.001795	490.014935
216.892000	0.001795	488.592347
216.944000	0.001795	487.170329
216.996000	0.001795	485.751312
217.048000	0.001795	484.332742
217.100000	0.001795	482.917417
217.152000	0.001795	481.502548
217.204000	0.001795	480.090717
217.256000	0.001795	478.679671
217.308000	0.001795	477.271485
217.360000	0.001795	475.864386
217.412000	0.001795	474.459935
217.464000	0.001795	473.056894
217.516000	0.001795	471.656288
217.568000	0.001795	470.257402
217.620000	0.001795	468.860734
217.672000	0.001795	467.466044
217.724000	0.001795	466.073373
217.776000	0.001795	464.683090
217.828000	0.001795	463.294571
217.880000	0.001795	461.908684
217.932000	0.001795	460.524332
217.984000	0.001795	459.142997
218.036000	0.001795	457.762938
218.088000	0.001795	456.386248
218.140000	0.001795	455.010536
218.192000	0.001795	453.638531
218.244000	0.001795	452.267277
218.296000	0.001795	450.900153
218.348000	0.001795	449.533498
218.400000	0.001795	448.171159
218.452000	0.001795	446.809436
218.504000	0.001795	445.451759
218.556000	0.001795	444.095030
218.608000	0.001795	442.742039
218.660000	0.001795	441.390417
218.712000	0.001795	440.042228
218.764000	0.001795	438.695808
218.816000	0.001795	437.352506
218.868000	0.001795	436.011301
218.920000	0.001795	434.672911
218.972000	0.001795	433.337040
219.024000	0.001795	432.003668
219.076000	0.001795	430.673154
219.128000	0.001795	429.344830
219.180000	0.001795	428.019797
219.232000	0.001795	426.696627
219.284000	0.001795	425.377144
219.336000	0.001795	424.059164
219.388000	0.001795	422.745247
219.440000	0.001795	421.432509
219.492000	0.001795	420.124279
219.544000	0.001795	418.816837
219.596000	0.001795	417.514300
219.648000	0.001795	416.212298
219.700000	0.001795	414.915400
219.752000	0.001795	413.619219
219.804000	0.001795	412.327788
219.856000	0.001795	411.037459
219.908000	0.001795	409.751487
219.960000	0.001795	408.467099
220.012000	0.001795	407.186689
220.064000	0.001795	405.908259
220.116000	0.001795	404.633417
220.168000	0.001795	403.360977
220.220000	0.001795	402.091754
220.272000	0.001795	400.825406
220.324000	0.001795	399.561890
220.376000	0.001795	398.301623
220.428000	0.001795	397.043819
220.480000	0.001795	395.789738
220.532000	0.001795	394.537694
220.584000	0.001795	393.289735
220.636000	0.001795	392.043456
220.688000	0.001795	390.801764
220.740000	0.001795	389.561326
220.792000	0.001795	388.325891
220.844000	0.001795	387.091332
220.896000	0.001795	385.862249
220.948000	0.001795	384.633709
221.000000	0.001795	383.410751
221.052000	0.001795	382.188586
221.104000	0.001795	380.971609
221.156000	0.001795	379.755846
221.208000	0.001795	378.544820
221.260000	0.001795	377.335477
221.312000	0.001795	376.130432
221.364000	0.001795	374.927540
221.416000	0.001795	373.728515
221.468000	0.001795	372.532149
221.520000	0.001795	371.339217
221.572000	0.001795	370.149287
221.624000	0.001795	368.962388
221.676000	0.001795	367.779027
221.728000	0.001795	366.598247
221.780000	0.001795	365.421375
221.832000	0.001795	364.246687
221.884000	0.001795	363.076428
221.936000	0.001795	361.907903
221.988000	0.001795	360.744230
222.040000	0.001795	359.581855
222.092000	0.001795	358.424785
222.144000	0.001795	357.268542
222.196000	0.001795	356.118037
222.248000	0.001795	354.968171
222.300000	0.001795	353.824173
222.352000	0.001795	352.680979
222.404000	0.001795	351.543166
222.456000	0.001795	350.406596
222.508000	0.001795	349.274931
222.560000	0.001795	348.145080
222.612000	0.001795	347.019677
222.664000	0.001795	345.896473
222.716000	0.001795	344.777247
222.768000	0.001795	343.660732
222.820000	0.001795	342.547756
222.872000	0.001795	341.437987
222.924000	0.001795	340.331294
222.976000	0.001795	339.228171
223.028000	0.001795	338.127689
223.080000	0.001795	337.031275
223.132000	0.001795	335.937035
223.184000	0.001795	334.847277
223.236000	0.001795	333.759287
223.288000	0.001795	332.676294
223.340000	0.001795	331.594571
223.392000	0.001795	330.518241
223.444000	0.001795	329.442788
223.496000	0.001795	328.373223
223.548000	0.001795	327.304199
223.600000	0.001795	326.241036
223.652000	0.001795	325.178747
223.704000	0.001795	324.121880
223.756000	0.001795	323.066290
223.808000	0.001795	322.015615
223.860000	0.001795	320.966789
223.912000	0.001795	319.922408
223.964000	0.001795	318.880205
224.016000	0.001795	317.841971
224.068000	0.001795	316.806520
224.120000	0.001795	315.774572
224.172000	0.001795	314.745762
224.224000	0.001795	313.720011
224.276000	0.001795	312.697886
224.328000	0.001795	311.678354
224.380000	0.001795	310.662853
224.432000	0.001795	309.649511
224.484000	0.001795	308.640677
224.536000	0.001795	307.633552
224.588000	0.001795	306.631372
224.640000	0.001795	305.630427
224.692000	0.001795	304.634839
224.744000	0.001795	303.640068
224.796000	0.001795	302.651113
224.848000	0.001795	301.662762
224.900000	0.001795	300.680193
224.952000	0.001795	299.698435
225.004000	0.001795	298.721959
225.056000	0.001795	297.746763
225.108000	0.001795	296.776368
225.160000	0.001795	295.807768
225.212000	0.001795	294.843494
225.264000	0.001795	293.881480
225.316000	0.001795	292.923319
225.368000	0.001795	291.967814
225.420000	0.001795	291.015707
225.472000	0.001795	290.066682
225.524000	0.001795	289.120618
225.576000	0.001795	288.178114
225.628000	0.001795	287.238129
225.680000	0.001795	286.302123
225.732000	0.001795	285.368175
225.784000	0.001795	284.438598
225.836000	0.001795	283.510636
225.888000	0.001795	282.587466
225.940000	0.001795	281.665500
225.992000	0.001795	280.748770
226.044000	0.001795	279.832778
226.096000	0.001795	278.922410
226.148000	0.001795	278.012596
226.200000	0.001795	277.108323
226.252000	0.001795	276.204900
226.304000	0.001795	275.306555
226.356000	0.001795	274.409473
226.408000	0.001795	273.516987
226.460000	0.001795	272.626259
226.512000	0.001795	271.739664
226.564000	0.001795	270.855168
226.616000	0.001795	269.974350
226.668000	0.001795	269.096152
226.720000	0.001795	268.221198
226.772000	0.001795	267.349273
226.824000	0.001795	266.480150
226.876000	0.001795	265.614419
226.928000	0.001795	264.751044
226.980000	0.001795	263.891426
227.032000	0.001795	263.033792
227.084000	0.001795	262.180417
227.136000	0.001795	261.328540
227.188000	0.001795	260.481228
227.240000	0.001795	259.635045
227.292000	0.001795	258.793872
227.344000	0.001795	257.953385
227.396000	0.001795	257.118271
227.448000	0.001795	256.283689
227.500000	0.001795	255.454344
227.552000	0.001795	254.625800
227.604000	0.001795	253.802042
227.656000	0.001795	252.979507
227.708000	0.001795	252.161306
227.760000	0.001795	251.344801
227.812000	0.001795	250.532186
227.864000	0.001795	249.721639
227.916000	0.001795	248.914545
227.968000	0.001795	248.109908
228.020000	0.001795	247.308307
228.072000	0.001795	246.509549
228.124000	0.001795	245.713415
228.176000	0.001795	244.920511
228.228000	0.001795	244.129824
228.280000	0.001795	243.342737
228.332000	0.001795	242.557464
228.384000	0.001795	241.776165
228.436000	0.001795	240.996280
228.488000	0.001795	240.220740
228.540000	0.001795	239.446247
228.592000	0.001795	238.676484
228.644000	0.001795	237.907319
228.696000	0.001795	237.143203
228.748000	0.001795	236.379627
228.800000	0.001795	235.620958
228.852000	0.001795	234.863029
228.904000	0.001795	234.109550
228.956000	0.001795	233.357294
229.008000	0.001795	232.609083
229.060000	0.001795	231.862394
229.112000	0.001795	231.119314
229.164000	0.001795	230.378250
229.216000	0.001795	229.640389
229.268000	0.001795	228.904806
229.320000	0.001795	228.172048
229.372000	0.001795	227.442012
229.424000	0.001795	226.714396
229.476000	0.001795	225.989778
229.528000	0.001795	225.267211
229.580000	0.001795	224.548025
229.632000	0.001795	223.830514
229.684000	0.001795	223.116727
229.736000	0.001795	222.404268
229.788000	0.001795	221.695903
229.840000	0.001795	220.988444
229.892000	0.001795	220.285361
229.944000	0.001795	219.582817
229.996000	0.001795	218.884984
230.048000	0.001795	218.187666
230.100000	0.001795	217.494890
230.152000	0.001795	216.802865
230.204000	0.001795	216.114961
230.256000	0.001795	215.428133
230.308000	0.001795	214.745020
230.360000	0.001795	214.063444
230.412000	0.001795	213.385200
230.464000	0.001795	212.708751
230.516000	0.001795	212.035253
230.568000	0.001795	211.363936
230.620000	0.001795	210.695209
230.672000	0.001795	210.028990
230.724000	0.001795	209.364991
230.776000	0.001795	208.703785
230.828000	0.001795	208.044460
230.880000	0.001795	207.388284
230.932000	0.001795	206.733662
230.984000	0.001795	206.082538
231.036000	0.001795	205.432555
231.088000	0.001795	204.786289
231.140000	0.001795	204.140903
231.192000	0.001795	203.499620
231.244000	0.001795	202.858822
231.296000	0.001795	202.222386
231.348000	0.001795	201.586437
231.400000	0.001795	200.954657
231.452000	0.001795	200.323514
231.504000	0.001795	199.696124
231.556000	0.001795	199.069842
231.608000	0.001795	198.446978
231.660000	0.001795	197.825461
231.712000	0.001795	197.206982
231.764000	0.001795	196.590233
231.816000	0.001795	195.976181
231.868000	0.001795	195.364162
231.920000	0.001795	194.754498
231.972000	0.001795	194.147120
232.024000	0.001795	193.541779
232.076000	0.001795	192.939062
232.128000	0.001795	192.338042
232.180000	0.001795	191.739903
232.232000	0.001795	191.143159
232.284000	0.001795	190.549615
232.336000	0.001795	189.957152
232.388000	0.001795	189.368171
232.440000	0.001795	188.779933
232.492000	0.001795	188.195432
232.544000	0.001795	187.611396
232.596000	0.001795	187.031392
232.648000	0.001795	186.451811
232.700000	0.001795	185.876018
232.752000	0.001795	185.300870
232.804000	0.001795	184.729152
232.856000	0.001795	184.158433
232.908000	0.001795	183.590816
232.960000	0.001795	183.024459
233.012000	0.001795	182.460866
233.064000	0.001795	181.898881
233.116000	0.001795	181.339340
233.168000	0.001795	180.781637
233.220000	0.001795	180.226081
233.272000	0.001795	179.672678
233.324000	0.001795	179.121123
233.376000	0.001795	178.571990
233.428000	0.001795	178.024376
233.480000	0.001795	177.479375
233.532000	0.001795	176.935658
233.584000	0.001795	176.394917
233.636000	0.001795	175.855130
233.688000	0.001795	175.318514
233.740000	0.001795	174.782564
233.792000	0.001795	174.250037
233.844000	0.001795	173.717928
233.896000	0.001795	173.189516
233.948000	0.001795	172.661460
234.000000	0.001795	172.136827
234.052000	0.001795	171.612847
234.104000	0.001795	171.091990
234.156000	0.001795	170.572024
234.208000	0.001795	170.054862
234.260000	0.001795	169.538917
234.312000	0.001795	169.025476
234.364000	0.001795	168.513475
234.416000	0.001795	168.003684
234.468000	0.001795	167.495588
234.520000	0.001795	166.989432
234.572000	0.001795	166.485261
234.624000	0.001795	165.982747
234.676000	0.001795	165.482421
234.728000	0.001795	164.983498
234.780000	0.001795	164.487035
234.832000	0.001795	163.991691
234.884000	0.001795	163.499014
234.936000	0.001795	163.007194
234.988000	0.001795	162.518274
235.040000	0.001795	162.029979
235.092000	0.001795	161.544832
235.144000	0.001795	161.060029
235.196000	0.001795	160.578581
235.248000	0.001795	160.097463
235.300000	0.001795	159.619441
235.352000	0.001795	159.142036
235.404000	0.001795	158.667452
235.456000	0.001795	158.193702
235.508000	0.001795	157.722482
235.560000	0.001795	157.252346
235.612000	0.001795	156.784465
235.664000	0.001795	156.317964
235.716000	0.001795	155.853450
235.768000	0.001795	155.390447
235.820000	0.001795	154.929203
235.872000	0.001795	154.469822
235.924000	0.001795	154.011920
235.976000	0.001795	153.555982
236.028000	0.001795	153.101308
236.080000	0.001795	152.648890
236.132000	0.001795	152.197476
236.184000	0.001795	151.748492
236.236000	0.001795	151.300276
236.288000	0.001795	150.854705
236.340000	0.001795	150.409667
236.392000	0.001795	149.967477
236.444000	0.001795	149.525625
236.496000	0.001795	149.086842
236.548000	0.001795	148.648367
236.600000	0.001795	148.212684
236.652000	0.001795	147.777543
236.704000	0.001795	147.344937
236.756000	0.001795	146.913104
236.808000	0.001795	146.483548
236.860000	0.001795	146.055045
236.912000	0.001795	145.628571
236.964000	0.001795	145.203269
237.016000	0.001795	144.779763
237.068000	0.001795	144.357735
237.120000	0.001795	143.937270
237.172000	0.001795	143.518433
237.224000	0.001795	143.100935
237.276000	0.001795	142.685267
237.328000	0.001795	142.270736
237.380000	0.001795	141.858266
237.432000	0.001795	141.446674
237.484000	0.001795	141.037265
237.536000	0.001795	140.628543
237.588000	0.001795	140.222225
237.640000	0.001795	139.816415
237.692000	0.001795	139.413218
237.744000	0.001795	139.010301
237.796000	0.001795	138.610135
237.848000	0.001795	138.210264
237.900000	0.001795	137.812906
237.952000	0.001795	137.416057
238.004000	0.001795	137.021486
238.056000	0.001795	136.627636
238.108000	0.001795	136.235833
238.160000	0.001795	135.844954
238.212000	0.001795	135.455896
238.264000	0.001795	135.067965
238.316000	0.001795	134.681647
238.368000	0.001795	134.296685
238.420000	0.001795	133.913115
238.472000	0.001795	133.530994
238.524000	0.001795	133.150087
238.576000	0.001795	132.770889
238.628000	0.001795	132.392675
238.680000	0.001795	132.016268
238.732000	0.001795	131.640691
238.784000	0.001795	131.267161
238.836000	0.001795	130.894220
238.888000	0.001795	130.523434
238.940000	0.001795	130.153106
238.992000	0.001795	129.785152
239.044000	0.001795	129.417424
239.096000	0.001795	129.052152
239.148000	0.001795	128.687203
239.200000	0.001795	128.324526
239.252000	0.001795	127.962288
239.304000	0.001795	127.602085
239.356000	0.001795	127.242595
239.408000	0.001795	126.884947
239.460000	0.001795	126.528157
239.512000	0.001795	126.172999
239.564000	0.001795	125.818822
239.616000	0.001795	125.466091
239.668000	0.001795	125.114608
239.720000	0.001795	124.764373
239.772000	0.001795	124.415456
239.824000	0.001795	124.067616
239.876000	0.001795	123.721296
239.928000	0.001795	123.375893
239.980000	0.001795	123.032201
240.032000	0.001795	122.689212
240.084000	0.001795	122.348025
240.136000	0.001795	122.007388
240.188000	0.001795	121.668733
240.240000	0.001795	121.330460
240.292000	0.001795	120.994320
240.344000	0.001795	120.658419
240.396000	0.001795	120.324742
240.448000	0.001795	119.991340
240.500000	0.001795	119.659968
240.552000	0.001795	119.329045
240.604000	0.001795	118.999958
240.656000	0.001795	118.671492
240.708000	0.001795	118.344672
240.760000	0.001795	118.018593
240.812000	0.001795	117.693977
240.864000	0.001795	117.370361
240.916000	0.001795	117.048031
240.968000	0.001795	116.726752
241.020000	0.001795	116.406599
241.072000	0.001795	116.087690
241.124000	0.001795	115.769759
241.176000	0.001795	115.453253
241.228000	0.001795	115.137515
241.280000	0.001795	114.823238
241.332000	0.001795	114.509629
241.384000	0.001795	114.197713
241.436000	0.001795	113.886292
241.488000	0.001795	113.576671
241.540000	0.001795	113.267361
241.592000	0.001795	112.959960
241.644000	0.001795	112.652819
241.696000	0.001795	112.347696
241.748000	0.001795	112.042798
241.800000	0.001795	111.739707
241.852000	0.001795	111.436995
241.904000	0.001795	111.135921
241.956000	0.001795	110.835468
242.008000	0.001795	110.536497
242.060000	0.001795	110.238258
242.112000	0.001795	109.941328
242.164000	0.001795	109.645222
242.216000	0.001795	109.350273
242.268000	0.001795	109.056329
242.320000	0.001795	108.763394
242.372000	0.001795	108.471596
242.424000	0.001795	108.180646
242.476000	0.001795	107.890923
242.528000	0.001795	107.601938
242.580000	0.001795	107.314377
242.632000	0.001795	107.027373
242.684000	0.001795	106.741852
242.736000	0.001795	106.456747
242.788000	0.001795	106.173250
242.840000	0.001795	105.890090
242.892000	0.001795	105.608707
242.944000	0.001795	105.327497
242.996000	0.001795	105.048063
243.048000	0.001795	104.768882
243.100000	0.001795	104.491337
243.152000	0.001795	104.214187
243.204000	0.001795	103.938516
243.256000	0.001795	103.663381
243.308000	0.001795	103.389570
243.360000	0.001795	103.116386
243.412000	0.001795	102.844375
243.464000	0.001795	102.573165
243.516000	0.001795	102.302985
243.568000	0.001795	102.033680
243.620000	0.001795	101.765280
243.672000	0.001795	101.497919
243.724000	0.001795	101.231332
243.776000	0.001795	100.965899
243.828000	0.001795	100.701113
243.880000	0.001795	100.437589
243.932000	0.001795	100.174563
243.984000	0.001795	99.912883
244.036000	0.001795	99.651599
244.088000	0.001795	99.391799
244.140000	0.001795	99.132275
244.192000	0.001795	98.874343
244.244000	0.001795	98.616570
244.296000	0.001795	98.360392
244.348000	0.001795	98.104457
244.400000	0.001795	97.849991
244.452000	0.001795	97.595854
244.504000	0.001795	97.343035
244.556000	0.001795	97.090762
244.608000	0.001795	96.839680
244.660000	0.001795	96.589125
244.712000	0.001795	96.339623
244.764000	0.001795	96.090907
244.816000	0.001795	95.843114
244.868000	0.001795	95.596121
244.920000	0.001795	95.349939
244.972000	0.001795	95.104706
245.024000	0.001795	94.860154
245.076000	0.001795	94.616615
245.128000	0.001795	94.373657
245.180000	0.001795	94.131851
245.232000	0.001795	93.890490
245.284000	0.001795	93.650350
245.336000	0.001795	93.410568
245.388000	0.001795	93.172133
245.440000	0.001795	92.933946
245.492000	0.001795	92.697199
245.544000	0.001795	92.460602
245.596000	0.001795	92.225442
245.648000	0.001795	91.990475
245.700000	0.001795	91.756814
245.752000	0.001795	91.523547
245.804000	0.001795	91.291481
245.856000	0.001795	91.059832
245.908000	0.001795	90.829240
245.960000	0.001795	90.599180
246.012000	0.001795	90.370063
246.064000	0.001795	90.141626
246.116000	0.001795	89.914014
246.168000	0.001795	89.687138
246.220000	0.001795	89.460988
246.272000	0.001795	89.235706
246.324000	0.001795	89.011047
246.376000	0.001795	88.787349
246.428000	0.001795	88.564155
246.480000	0.001795	88.341980
246.532000	0.001795	88.120202
246.584000	0.001795	87.899532
246.636000	0.001795	87.679211
246.688000	0.001795	87.460140
246.740000	0.001795	87.241232
246.792000	0.001795	87.023592
246.844000	0.001795	86.806125
246.896000	0.001795	86.589964
246.948000	0.001795	86.374025
247.000000	0.001795	86.159272
247.052000	0.001795	85.944809
247.104000	0.001795	85.731407
247.156000	0.001795	85.518393
247.208000	0.001795	85.306329
247.260000	0.001795	85.094802
247.312000	0.001795	84.884121
247.364000	0.001795	84.674073
247.416000	0.001795	84.464766
247.468000	0.001795	84.256126
247.520000	0.001795	84.048127
247.572000	0.001795	83.840886
247.624000	0.001795	83.634205
247.676000	0.001795	83.428403
247.728000	0.001795	83.223052
247.780000	0.001795	83.018626
247.832000	0.001795	82.814580
247.884000	0.001795	82.611572
247.936000	0.001795	82.408828
247.988000	0.001795	82.207174
248.040000	0.001795	82.005725
248.092000	0.001795	81.805466
248.144000	0.001795	81.605334
248.196000	0.001795	81.406361
248.248000	0.001795	81.207565
248.300000	0.001795	81.009825
248.352000	0.001795	80.812396
248.404000	0.001795	80.615928
248.456000	0.001795	80.419867
248.508000	0.001795	80.224664
248.560000	0.001795	80.029860
248.612000	0.001795	79.835815
248.664000	0.001795	79.642352
248.716000	0.001795	79.449561
248.768000	0.001795	79.257429
248.820000	0.001795	79.065873
248.872000	0.001795	78.875009
248.924000	0.001795	78.684634
248.976000	0.001795	78.495024
249.028000	0.001795	78.305839
249.080000	0.001795	78.117533
249.132000	0.001795	77.929545
249.184000	0.001795	77.742474
249.236000	0.001795	77.555639
249.288000	0.001795	77.369795
249.340000	0.001795	77.184139
249.392000	0.001795	76.999565
249.444000	0.001795	76.815112
249.496000	0.001795	76.631702
249.548000	0.001795	76.448500
249.600000	0.001795	76.266260
249.652000	0.001795	76.084226
249.704000	0.001795	75.903039
249.756000	0.001795	75.722285
249.808000	0.001795	75.542307
249.860000	0.001795	75.362692
249.912000	0.001795	75.183757
249.964000	0.001795	75.005363
250.016000	0.001795	74.827566
250.068000	0.001795	74.650332
250.120000	0.001795	74.473627
250.172000	0.001795	74.297596
250.224000	0.001795	74.122005
250.276000	0.001795	73.947113
250.328000	0.001795	73.772584
250.380000	0.001795	73.598827
250.432000	0.001795	73.425357
250.484000	0.001795	73.252721
250.536000	0.001795	73.080326
250.588000	0.001795	72.908857
250.640000	0.001795	72.737529
250.692000	0.001795	72.567166
250.744000	0.001795	72.396950
250.796000	0.001795	72.227690
250.848000	0.001795	72.058551
250.900000	0.001795	71.890257
250.952000	0.001795	71.722241
251.004000	0.001795	71.555004
251.056000	0.001795	71.388126
251.108000	0.001795	71.221942
251.160000	0.001795	71.056092
251.212000	0.001795	70.890855
251.264000	0.001795	70.726120
251.316000	0.001795	70.561921
251.368000	0.001795	70.398240
251.420000	0.001795	70.235025
251.472000	0.001795	70.072387
251.524000	0.001795	69.910160
251.576000	0.001795	69.748612
251.628000	0.001795	69.587391
251.680000	0.001795	69.426873
251.732000	0.001795	69.266613
251.784000	0.001795	69.107116
251.836000	0.001795	68.947812
251.888000	0.001795	68.789329
251.940000	0.001795	68.631003
251.992000	0.001795	68.473575
252.044000	0.001795	68.316253
252.096000	0.001795	68.159780
252.148000	0.001795	68.003459
252.200000	0.001795	67.847910
252.252000	0.001795	67.692582
252.304000	0.001795	67.537950
252.356000	0.001795	67.383654
252.408000	0.001795	67.229982
252.460000	0.001795	67.076671
252.512000	0.001795	66.923909
252.564000	0.001795	66.771562
252.616000	0.001795	66.619699
252.668000	0.001795	66.468312
252.720000	0.001795	66.317344
252.772000	0.001795	66.166906
252.824000	0.001795	66.016841
252.876000	0.001795	65.867403
252.928000	0.001795	65.718259
252.980000	0.001795	65.569755
253.032000	0.001795	65.421485
253.084000	0.001795	65.273912
253.136000	0.001795	65.126512
253.188000	0.001795	64.979862
253.240000	0.001795	64.833325
253.292000	0.001795	64.687588
253.344000	0.001795	64.541987
253.396000	0.001795	64.397169
253.448000	0.001795	64.252496
253.500000	0.001795	64.108520
253.552000	0.001795	63.964752
253.604000	0.001795	63.821612
253.656000	0.001795	63.678744
253.708000	0.001795	63.536433
253.760000	0.001795	63.394454
253.812000	0.001795	63.252974
253.864000	0.001795	63.111928
253.916000	0.001795	62.971310
253.968000	0.001795	62.831086
254.020000	0.001795	62.691253
254.072000	0.001795	62.551950
254.124000	0.001795	62.412968
254.176000	0.001795	62.274523
254.228000	0.001795	62.136344
254.280000	0.001795	61.998754
254.332000	0.001795	61.861375
254.384000	0.001795	61.724633
254.436000	0.001795	61.588048
254.488000	0.001795	61.452145
254.540000	0.001795	61.316381
254.592000	0.001795	61.181369
254.644000	0.001795	61.046413
254.696000	0.001795	60.912134
254.748000	0.001795	60.778033
254.800000	0.001795	60.644572
254.852000	0.001795	60.511310
254.904000	0.001795	60.378616
254.956000	0.001795	60.246173
255.008000	0.001795	60.114234
255.060000	0.001795	59.982605
255.112000	0.001795	59.851423
255.164000	0.001795	59.720598
255.216000	0.001795	59.590167
255.268000	0.001795	59.460139
255.320000	0.001795	59.330464
255.372000	0.001795	59.201280
255.424000	0.001795	59.072371
255.476000	0.001795	58.943921
255.528000	0.001795	58.815733
255.580000	0.001795	58.688116
255.632000	0.001795	58.560690
255.684000	0.001795	58.433846
255.736000	0.001795	58.307116
255.788000	0.001795	58.180989
255.840000	0.001795	58.054990
255.892000	0.001795	57.929679
255.944000	0.001795	57.804455
255.996000	0.001795	57.679858
256.048000	0.001795	57.555395
256.100000	0.001795	57.431501
256.152000	0.001795	57.307794
256.204000	0.001795	57.184598
256.256000	0.001795	57.061642
256.308000	0.001795	56.939140
256.360000	0.001795	56.816925
256.412000	0.001795	56.695118
256.464000	0.001795	56.573691
256.516000	0.001795	56.452611
256.568000	0.001795	56.331862
256.620000	0.001795	56.211422
256.672000	0.001795	56.091395
256.724000	0.001795	55.971648
256.776000	0.001795	55.852393
256.828000	0.001795	55.733336
256.880000	0.001795	55.614743
256.932000	0.001795	55.496348
256.984000	0.001795	55.378514
257.036000	0.001795	55.260782
257.088000	0.001795	55.143603
257.140000	0.001795	55.026542
257.192000	0.001795	54.910111
257.244000	0.001795	54.793726
257.296000	0.001795	54.677895
257.348000	0.001795	54.562232
257.400000	0.001795	54.447097
257.452000	0.001795	54.332138
257.504000	0.001795	54.217643
257.556000	0.001795	54.103322
257.608000	0.001795	53.989411
257.660000	0.001795	53.875820
257.712000	0.001795	53.762593
257.764000	0.001795	53.649675
257.816000	0.001795	53.537070
257.868000	0.001795	53.424769
257.920000	0.001795	53.312761
257.972000	0.001795	53.201173
258.024000	0.001795	53.089825
258.076000	0.001795	52.978897
258.128000	0.001795	52.868167
258.180000	0.001795	52.757891
258.232000	0.001795	52.647749
258.284000	0.001795	52.538074
258.336000	0.001795	52.428546
258.388000	0.001795	52.319566
258.440000	0.001795	52.210665
258.492000	0.001795	52.102323
258.544000	0.001795	51.994026
258.596000	0.001795	51.886233
258.648000	0.001795	51.778601
258.700000	0.001795	51.671449
258.752000	0.001795	51.564462
258.804000	0.001795	51.457894
258.856000	0.001795	51.351490
258.908000	0.001795	51.245457
258.960000	0.001795	51.139726
259.012000	0.001795	51.034321
259.064000	0.001795	50.929154
259.116000	0.001795	50.824287
259.168000	0.001795	50.719786
259.220000	0.001795	50.615526
259.272000	0.001795	50.511583
259.324000	0.001795	50.407873
259.376000	0.001795	50.304587
259.428000	0.001795	50.201460
259.480000	0.001795	50.098720
259.532000	0.001795	49.996150
259.584000	0.001795	49.894060
259.636000	0.001795	49.792048
259.688000	0.001795	49.690496
259.740000	0.001795	49.589019
259.792000	0.001795	49.488059
259.844000	0.001795	49.387171
259.896000	0.001795	49.286753
259.948000	0.001795	49.186454
