-260.000000	0.000997	96.370080
-259.948000	0.000997	96.778507
-259.896000	0.000998	97.192074
-259.844000	0.000999	97.606122
-259.792000	0.001000	98.025272
-259.740000	0.001000	98.445162
-259.688000	0.001001	98.869859
-259.636000	0.001002	99.295707
-259.584000	0.001002	99.726000
-259.532000	0.001003	100.157860
-259.480000	0.001004	100.593854
-259.428000	0.001005	101.031935
-259.376000	0.001005	101.473719
-259.324000	0.001006	101.918020
-259.272000	0.001007	102.365669
-259.220000	0.001007	102.816352
-259.168000	0.001008	103.269980
-259.116000	0.001009	103.727152
-259.064000	0.001010	104.186856
-259.012000	0.001010	104.650629
-258.960000	0.001011	105.116503
-258.908000	0.001012	105.586989
-258.856000	0.001012	106.059133
-258.804000	0.001013	106.536445
-258.752000	0.001014	107.014903
-258.700000	0.001015	107.499119
-258.648000	0.001015	107.984095
-258.596000	0.001016	108.475411
-258.544000	0.001017	108.967263
-258.492000	0.001018	109.465361
-258.440000	0.001018	109.964388
-258.388000	0.001019	110.469289
-258.336000	0.001020	110.975631
-258.284000	0.001021	111.487423
-258.232000	0.001021	112.001206
-258.180000	0.001022	112.519996
-258.128000	0.001023	113.041347
-258.076000	0.001023	113.567243
-258.024000	0.001024	114.096289
-257.972000	0.001025	114.629367
-257.920000	0.001026	115.166186
-257.868000	0.001026	115.706616
-257.816000	0.001027	116.251443
-257.764000	0.001028	116.799287
-257.712000	0.001029	117.352151
-257.660000	0.001029	117.907593
-257.608000	0.001030	118.468733
-257.556000	0.001031	119.031807
-257.504000	0.001032	119.601258
-257.452000	0.001032	120.172124
-257.400000	0.001033	120.750078
-257.348000	0.001034	121.328857
-257.296000	0.001035	121.915454
-257.244000	0.001035	122.502744
-257.192000	0.001036	123.097650
-257.140000	0.001037	123.693718
-257.088000	0.001038	124.296933
-257.036000	0.001038	124.901943
-256.984000	0.001039	125.513574
-256.932000	0.001040	126.127673
-256.880000	0.001041	126.747845
-256.828000	0.001041	127.371183
-256.776000	0.001042	127.999993
-256.724000	0.001043	128.632666
-256.672000	0.001044	129.270289
-256.620000	0.001044	129.912554
-256.568000	0.001045	130.559124
-256.516000	0.001046	131.211081
-256.464000	0.001047	131.866671
-256.412000	0.001047	132.528422
-256.360000	0.001048	133.193201
-256.308000	0.001049	133.864953
-256.256000	0.001050	134.539116
-256.204000	0.001050	135.221079
-256.152000	0.001051	135.904657
-256.100000	0.001052	136.596899
-256.048000	0.001053	137.290133
-255.996000	0.001054	137.992891
-255.944000	0.001054	138.696434
-255.892000	0.001055	139.409173
-255.840000	0.001056	140.123354
-255.788000	0.001057	140.846142
-255.736000	0.001057	141.571142
-255.684000	0.001058	142.304102
-255.632000	0.001059	143.040088
-255.580000	0.001060	143.783387
-255.528000	0.001060	144.530576
-255.476000	0.001061	145.284322
-255.424000	0.001062	146.042777
-255.372000	0.001063	146.807099
-255.320000	0.001064	147.577037
-255.268000	0.001064	148.352102
-255.216000	0.001065	149.133691
-255.164000	0.001066	149.919643
-255.112000	0.001067	150.713050
-255.060000	0.001067	151.510034
-255.008000	0.001068	152.315429
-254.956000	0.001069	153.123592
-254.904000	0.001070	153.941145
-254.852000	0.001071	154.760629
-254.800000	0.001071	155.590518
-254.748000	0.001072	156.421520
-254.696000	0.001073	157.263940
-254.644000	0.001074	158.107291
-254.592000	0.001074	158.961546
-254.540000	0.001075	159.817558
-254.488000	0.001076	160.683714
-254.436000	0.001077	161.552437
-254.384000	0.001078	162.430546
-254.332000	0.001078	163.312288
-254.280000	0.001079	164.202597
-254.228000	0.001080	165.097525
-254.176000	0.001081	166.000175
-254.124000	0.001082	166.908456
-254.072000	0.001082	167.823627
-254.020000	0.001083	168.745476
-253.968000	0.001084	169.673252
-253.916000	0.001085	170.608729
-253.864000	0.001086	171.549261
-253.812000	0.001086	172.498580
-253.760000	0.001087	173.452067
-253.708000	0.001088	174.415440
-253.656000	0.001089	175.381925
-253.604000	0.001090	176.359408
-253.552000	0.001090	177.339071
-253.500000	0.001091	178.330880
-253.448000	0.001092	179.323906
-253.396000	0.001093	180.330219
-253.344000	0.001094	181.337603
-253.292000	0.001094	182.357543
-253.240000	0.001095	183.379592
-253.188000	0.001096	184.413294
-253.136000	0.001097	185.450119
-253.084000	0.001098	186.497628
-253.032000	0.001098	187.549321
-252.980000	0.001099	188.610777
-252.928000	0.001100	189.677582
-252.876000	0.001101	190.753124
-252.824000	0.001102	191.835121
-252.772000	0.001102	192.924838
-252.720000	0.001103	194.022155
-252.668000	0.001104	195.126156
-252.616000	0.001105	196.238915
-252.564000	0.001106	197.357304
-252.512000	0.001107	198.485622
-252.460000	0.001107	199.618497
-252.408000	0.001108	200.762485
-252.356000	0.001109	201.909994
-252.304000	0.001110	203.069808
-252.252000	0.001111	204.231931
-252.200000	0.001111	205.407571
-252.148000	0.001112	206.584450
-252.096000	0.001113	207.776060
-252.044000	0.001114	208.968933
-251.992000	0.001115	210.175513
-251.940000	0.001116	211.384414
-251.888000	0.001116	212.605981
-251.836000	0.001117	213.831001
-251.784000	0.001118	215.067592
-251.732000	0.001119	216.308797
-251.680000	0.001120	217.560457
-251.628000	0.001121	218.817901
-251.576000	0.001121	220.084668
-251.524000	0.001122	221.358393
-251.472000	0.001123	222.640301
-251.420000	0.001124	223.930338
-251.368000	0.001125	225.227409
-251.316000	0.001126	226.533780
-251.264000	0.001126	227.846071
-251.212000	0.001127	229.168837
-251.160000	0.001128	230.496316
-251.108000	0.001129	231.835420
-251.056000	0.001130	233.178073
-251.004000	0.001131	234.533503
-250.952000	0.001131	235.891308
-250.900000	0.001132	237.263035
-250.848000	0.001133	238.636032
-250.796000	0.001134	240.023943
-250.744000	0.001135	241.413147
-250.692000	0.001136	242.816126
-250.640000	0.001137	244.221485
-250.588000	0.001137	245.639480
-250.536000	0.001138	247.060988
-250.484000	0.001139	248.493914
-250.432000	0.001140	249.931429
-250.380000	0.001141	251.379159
-250.328000	0.001142	252.832571
-250.276000	0.001143	254.295000
-250.224000	0.001143	255.764181
-250.172000	0.001144	257.241190
-250.120000	0.001145	258.725996
-250.068000	0.001146	260.217491
-250.016000	0.001147	261.717809
-249.964000	0.001148	263.223613
-249.912000	0.001149	264.739209
-249.860000	0.001149	266.259096
-249.808000	0.001150	267.789715
-249.756000	0.001151	269.323654
-249.704000	0.001152	270.869229
-249.652000	0.001153	272.416867
-249.600000	0.001154	273.977007
-249.548000	0.001155	275.538294
-249.496000	0.001155	277.112681
-249.444000	0.001156	278.688293
-249.392000	0.001157	280.275815
-249.340000	0.001158	281.865419
-249.288000	0.001159	283.465758
-249.236000	0.001160	285.069060
-249.184000	0.001161	286.681937
-249.132000	0.001161	288.298661
-249.080000	0.001162	289.923742
-249.028000	0.001163	291.553424
-248.976000	0.001164	293.190394
-248.924000	0.001165	294.832757
-248.872000	0.001166	296.481287
-248.820000	0.001167	298.135874
-248.768000	0.001168	299.795582
-248.716000	0.001169	301.461962
-248.664000	0.001169	303.132512
-248.612000	0.001170	304.810285
-248.560000	0.001171	306.491239
-248.508000	0.001172	308.179875
-248.456000	0.001173	309.870804
-248.404000	0.001174	311.569804
-248.352000	0.001175	313.270265
-248.300000	0.001176	314.979109
-248.248000	0.001176	316.688797
-248.196000	0.001177	318.406865
-248.144000	0.001178	320.125720
-248.092000	0.001179	321.851919
-248.040000	0.001180	323.579372
-247.988000	0.001181	325.313167
-247.936000	0.001182	327.048632
-247.884000	0.001183	328.789489
-247.832000	0.001184	330.532392
-247.780000	0.001184	332.279748
-247.728000	0.001185	334.029382
-247.676000	0.001186	335.782629
-247.624000	0.001187	337.538315
-247.572000	0.001188	339.296891
-247.520000	0.001189	341.057979
-247.468000	0.001190	342.821244
-247.416000	0.001191	344.586955
-247.364000	0.001192	346.354256
-247.312000	0.001193	348.123843
-247.260000	0.001193	349.894524
-247.208000	0.001194	351.667216
-247.156000	0.001195	353.440656
-247.104000	0.001196	355.215715
-247.052000	0.001197	356.991167
-247.000000	0.001198	358.767735
-246.948000	0.001199	360.544544
-246.896000	0.001200	362.321811
-246.844000	0.001201	364.099077
-246.792000	0.001202	365.876221
-246.740000	0.001203	367.653261
-246.688000	0.001203	369.429567
-246.636000	0.001204	371.205367
-246.584000	0.001205	372.979990
-246.532000	0.001206	374.753765
-246.480000	0.001207	376.525950
-246.428000	0.001208	378.296740
-246.376000	0.001209	380.065696
-246.324000	0.001210	381.832627
-246.272000	0.001211	383.597496
-246.220000	0.001212	385.359524
-246.168000	0.001213	387.119569
-246.116000	0.001214	388.875897
-246.064000	0.001215	390.630199
-246.012000	0.001215	392.379707
-245.960000	0.001216	394.127491
-245.908000	0.001217	395.869308
-245.856000	0.001218	397.609739
-245.804000	0.001219	399.342875
-245.752000	0.001220	401.074987
-245.700000	0.001221	402.798374
-245.648000	0.001222	404.521234
-245.596000	0.001223	406.234200
-245.544000	0.001224	407.946106
-245.492000	0.001225	409.648227
-245.440000	0.001226	411.348295
-245.388000	0.001227	413.038735
-245.336000	0.001228	414.725920
-245.284000	0.001229	416.403773
-245.232000	0.001229	418.077119
-245.180000	0.001230	419.741503
-245.128000	0.001231	421.399943
-245.076000	0.001232	423.049985
-245.024000	0.001233	424.692558
-244.972000	0.001234	426.327366
-244.920000	0.001235	427.953006
-244.868000	0.001236	429.571686
-244.816000	0.001237	431.179385
-244.764000	0.001238	432.781108
-244.712000	0.001239	434.369914
-244.660000	0.001240	435.953823
-244.608000	0.001241	437.522737
-244.556000	0.001242	439.087864
-244.504000	0.001243	440.635806
-244.452000	0.001244	442.181443
-244.400000	0.001245	443.707557
-244.348000	0.001246	445.232141
-244.296000	0.001247	446.735899
-244.244000	0.001248	448.237471
-244.192000	0.001248	449.719219
-244.140000	0.001249	451.196844
-244.088000	0.001250	452.655719
-244.036000	0.001251	454.108417
-243.984000	0.001252	455.543580
-243.932000	0.001253	456.970478
-243.880000	0.001254	458.381128
-243.828000	0.001255	459.781260
-243.776000	0.001256	461.166585
-243.724000	0.001257	462.539051
-243.672000	0.001258	463.898318
-243.620000	0.001259	465.242289
-243.568000	0.001260	466.574763
-243.516000	0.001261	467.889377
-243.464000	0.001262	469.194272
-243.412000	0.001263	470.478635
-243.360000	0.001264	471.755216
-243.308000	0.001265	473.008509
-243.256000	0.001266	474.256173
-243.204000	0.001267	475.477694
-243.152000	0.001268	476.695594
-243.100000	0.001269	477.884431
-243.048000	0.001270	479.071060
-242.996000	0.001271	480.227493
-242.944000	0.001272	481.380623
-242.892000	0.001273	482.505483
-242.840000	0.001274	483.624363
-242.788000	0.001275	484.716995
-242.736000	0.001276	485.800994
-242.684000	0.001277	486.860800
-242.632000	0.001278	487.909197
-242.580000	0.001279	488.935602
-242.528000	0.001280	489.947801
-242.476000	0.001281	490.940283
-242.424000	0.001282	491.915663
-242.372000	0.001283	492.873661
-242.320000	0.001284	493.811576
-242.268000	0.001285	494.734567
-242.216000	0.001286	495.634453
-242.164000	0.001287	496.522003
-242.112000	0.001288	497.383373
-242.060000	0.001289	498.235036
-242.008000	0.001290	499.057384
-241.956000	0.001291	499.872672
-241.904000	0.001292	500.655473
-241.852000	0.001293	501.434023
-241.800000	0.001294	502.176880
-241.748000	0.001295	502.917013
-241.696000	0.001296	503.620784
-241.644000	0.001297	504.320387
-241.592000	0.001298	504.986358
-241.540000	0.001299	505.645127
-241.488000	0.001300	506.272972
-241.436000	0.001301	506.890519
-241.384000	0.001302	507.479925
-241.332000	0.001303	508.055984
-241.280000	0.001304	508.606713
-241.228000	0.001305	509.140991
-241.176000	0.001306	509.652772
-241.124000	0.001307	510.144953
-241.072000	0.001308	510.617589
-241.020000	0.001309	511.067496
-240.968000	0.001310	511.500817
-240.916000	0.001311	511.908251
-240.864000	0.001312	512.302049
-240.812000	0.001313	512.666787
-240.760000	0.001314	513.020966
-240.708000	0.001315	513.342927
-240.656000	0.001316	513.657378
-240.604000	0.001317	513.936455
-240.552000	0.001318	514.211035
-240.500000	0.001319	514.447112
-240.448000	0.001320	514.680266
-240.396000	0.001321	514.874894
-240.344000	0.001322	515.064986
-240.292000	0.001323	515.219737
-240.240000	0.001324	515.366742
-240.188000	0.001325	515.481580
-240.136000	0.001327	515.585594
-240.084000	0.001328	515.660580
-240.032000	0.001329	515.721663
-239.980000	0.001330	515.756859
-239.928000	0.001331	515.775101
-239.876000	0.001332	515.770566
-239.824000	0.001333	515.746034
-239.772000	0.001334	515.701901
-239.720000	0.001335	515.634799
-239.668000	0.001336	515.551231
-239.616000	0.001337	515.441741
-239.564000	0.001338	515.318860
-239.512000	0.001339	515.167144
-239.460000	0.001340	515.005184
-239.408000	0.001341	514.811542
-239.356000	0.001342	514.610726
-239.304000	0.001343	514.375438
-239.252000	0.001344	514.136006
-239.200000	0.001345	513.859368
-239.148000	0.001347	513.579897
-239.096000	0.001348	513.263869
-239.044000	0.001349	512.943431
-238.992000	0.001350	512.589757
-238.940000	0.001351	512.228658
-238.888000	0.001352	511.837589
-238.836000	0.001353	511.436300
-238.784000	0.001354	511.008198
-238.732000	0.001355	510.567106
-238.680000	0.001356	510.102386
-238.628000	0.001357	509.622059
-238.576000	0.001358	509.121124
-238.524000	0.001359	508.601949
-238.472000	0.001360	508.065232
-238.420000	0.001362	507.507784
-238.368000	0.001363	506.935767
-238.316000	0.001364	506.340597
-238.264000	0.001365	505.733766
-238.212000	0.001366	505.101452
-238.160000	0.001367	504.460268
-238.108000	0.001368	503.791369
-238.056000	0.001369	503.116460
-238.004000	0.001370	502.411711
-237.952000	0.001371	501.703523
-237.900000	0.001372	500.963493
-237.848000	0.001373	500.221129
-237.796000	0.001375	499.448078
-237.744000	0.001376	498.671191
-237.692000	0.001377	497.866776
-237.640000	0.001378	497.056128
-237.588000	0.001379	496.220942
-237.536000	0.001380	495.377287
-237.484000	0.001381	494.511974
-237.432000	0.001382	493.636084
-237.380000	0.001383	492.741287
-237.328000	0.001384	491.833899
-237.276000	0.001386	490.910356
-237.224000	0.001387	489.972386
-237.172000	0.001388	489.020776
-237.120000	0.001389	488.052953
-237.068000	0.001390	487.074014
-237.016000	0.001391	486.077244
-236.964000	0.001392	485.071782
-236.912000	0.001393	484.046990
-236.860000	0.001394	483.015677
-236.808000	0.001395	481.963657
-236.756000	0.001397	480.907308
-236.704000	0.001398	479.829024
-236.652000	0.001399	478.748428
-236.600000	0.001400	477.644807
-236.548000	0.001401	476.539578
-236.496000	0.001402	475.412751
-236.444000	0.001403	474.283179
-236.392000	0.001404	473.134629
-236.340000	0.001406	471.981723
-236.288000	0.001407	470.812236
-236.236000	0.001408	469.636976
-236.184000	0.001409	468.447390
-236.132000	0.001410	467.250764
-236.080000	0.001411	466.041929
-236.028000	0.001412	464.824927
-235.976000	0.001413	463.597707
-235.924000	0.001415	462.361330
-235.872000	0.001416	461.116595
-235.820000	0.001417	459.861849
-235.768000	0.001418	458.600431
-235.716000	0.001419	457.328278
-235.664000	0.001420	456.051135
-235.612000	0.001421	454.762696
-235.560000	0.001423	453.470681
-235.508000	0.001424	452.166929
-235.456000	0.001425	450.860914
-235.404000	0.001426	449.542882
-235.352000	0.001427	448.223802
-235.300000	0.001428	446.892539
-235.248000	0.001429	445.560500
-235.196000	0.001431	444.217625
-235.144000	0.001432	442.873399
-235.092000	0.001433	441.520136
-235.040000	0.001434	440.164798
-234.988000	0.001435	438.801992
-234.936000	0.001436	437.436614
-234.884000	0.001438	436.065109
-234.832000	0.001439	434.690600
-234.780000	0.001440	433.311263
-234.728000	0.001441	431.928726
-234.676000	0.001442	430.542400
-234.624000	0.001443	429.152722
-234.572000	0.001445	427.760297
-234.520000	0.001446	426.364564
-234.468000	0.001447	424.966877
-234.416000	0.001448	423.566007
-234.364000	0.001449	422.163882
-234.312000	0.001450	420.758832
-234.260000	0.001452	419.353095
-234.208000	0.001453	417.944819
-234.156000	0.001454	416.536331
-234.104000	0.001455	415.125801
-234.052000	0.001456	413.715258
-234.000000	0.001457	412.303310
-233.948000	0.001459	410.891519
-233.896000	0.001460	409.479200
-233.844000	0.001461	408.066908
-233.792000	0.001462	406.654976
-233.740000	0.001463	405.243224
-233.688000	0.001465	403.832439
-233.636000	0.001466	402.422093
-233.584000	0.001467	401.013124
-233.532000	0.001468	399.604921
-233.480000	0.001469	398.198482
-233.428000	0.001471	396.793343
-233.376000	0.001472	395.390112
-233.324000	0.001473	393.988728
-233.272000	0.001474	392.589419
-233.220000	0.001475	391.192669
-233.168000	0.001477	389.797978
-233.116000	0.001478	388.406613
-233.064000	0.001479	387.017091
-233.012000	0.001480	385.631735
-232.960000	0.001481	384.248089
-232.908000	0.001483	382.869558
-232.856000	0.001484	381.492343
-232.804000	0.001485	380.121269
-232.752000	0.001486	378.751067
-232.700000	0.001487	377.388117
-232.648000	0.001489	376.025991
-232.596000	0.001490	374.671385
-232.544000	0.001491	373.318006
-232.492000	0.001492	371.972135
-232.440000	0.001493	370.628167
-232.388000	0.001495	369.291476
-232.336000	0.001496	367.957507
-232.284000	0.001497	366.630502
-232.232000	0.001498	365.307142
-232.180000	0.001500	363.990284
-232.128000	0.001501	362.678009
-232.076000	0.001502	361.371754
-232.024000	0.001503	360.071123
-231.972000	0.001504	358.775838
-231.920000	0.001506	357.487226
-231.868000	0.001507	356.203416
-231.816000	0.001508	354.927435
-231.764000	0.001509	353.655382
-231.712000	0.001511	352.392307
-231.660000	0.001512	351.132455
-231.608000	0.001513	349.882804
-231.556000	0.001514	348.635447
-231.504000	0.001516	347.399561
-231.452000	0.001517	346.165078
-231.400000	0.001518	344.943355
-231.348000	0.001519	343.722828
-231.296000	0.001521	342.514735
-231.244000	0.001522	341.308625
-231.192000	0.001523	340.114325
-231.140000	0.001524	338.923054
-231.088000	0.001526	337.742758
-231.036000	0.001527	336.566571
-230.984000	0.001528	335.400499
-230.932000	0.001529	334.239719
-230.880000	0.001531	333.088085
-230.828000	0.001532	331.942906
-230.776000	0.001533	330.805922
-230.724000	0.001534	329.676621
-230.672000	0.001536	328.554455
-230.620000	0.001537	327.441185
-230.568000	0.001538	326.333990
-230.516000	0.001540	325.236936
-230.464000	0.001541	324.144914
-230.412000	0.001542	323.064294
-230.360000	0.001543	321.987593
-230.308000	0.001545	320.923563
-230.256000	0.001546	319.862244
-230.204000	0.001547	318.814882
-230.152000	0.001548	317.769053
-230.100000	0.001550	316.738484
-230.048000	0.001551	315.709326
-229.996000	0.001552	314.694658
-229.944000	0.001554	313.682362
-229.892000	0.001555	312.683547
-229.840000	0.001556	311.688194
-229.788000	0.001557	310.705220
-229.736000	0.001559	309.726936
-229.684000	0.001560	308.759841
-229.632000	0.001561	307.798624
-229.580000	0.001563	306.847441
-229.528000	0.001564	305.903376
-229.476000	0.001565	304.968152
-229.424000	0.001567	304.041259
-229.372000	0.001568	303.121965
-229.320000	0.001569	302.212198
-229.268000	0.001570	301.308818
-229.216000	0.001572	300.416172
-229.164000	0.001573	299.528745
-229.112000	0.001574	298.653255
-229.060000	0.001576	297.781771
-229.008000	0.001577	296.923418
-228.956000	0.001578	296.067840
-228.904000	0.001580	295.226578
-228.852000	0.001581	294.386816
-228.800000	0.001582	293.562559
-228.748000	0.001584	292.739716
-228.696000	0.001585	291.931339
-228.644000	0.001586	291.125344
-228.592000	0.001588	290.332744
-228.540000	0.001589	289.543685
-228.488000	0.001590	288.766770
-228.436000	0.001591	287.994477
-228.384000	0.001593	287.233094
-228.332000	0.001594	286.477484
-228.280000	0.001595	285.731584
-228.228000	0.001597	284.992616
-228.176000	0.001598	284.262139
-228.124000	0.001599	283.539711
-228.072000	0.001601	282.824567
-228.020000	0.001602	282.118571
-227.968000	0.001603	281.418665
-227.916000	0.001605	280.728989
-227.864000	0.001606	280.044171
-227.812000	0.001608	279.370643
-227.760000	0.001609	278.700854
-227.708000	0.001610	278.043413
-227.656000	0.001612	277.388536
-227.604000	0.001613	276.747054
-227.552000	0.001614	276.107007
-227.500000	0.001616	275.481306
-227.448000	0.001617	274.856914
-227.396000	0.001618	274.245833
-227.344000	0.001620	273.637030
-227.292000	0.001621	273.040467
-227.240000	0.001622	272.447159
-227.188000	0.001624	271.864939
-227.136000	0.001625	271.286997
-227.084000	0.001627	270.718975
-227.032000	0.001628	270.156250
-226.980000	0.001629	269.602295
-226.928000	0.001631	269.054635
-226.876000	0.001632	268.514577
-226.824000	0.001633	267.981777
-226.772000	0.001635	267.455542
-226.720000	0.001636	266.937548
-226.668000	0.001637	266.424943
-226.616000	0.001639	265.921493
-226.564000	0.001640	265.422404
-226.512000	0.001642	264.933390
-226.460000	0.001643	264.447686
-226.408000	0.001644	263.972958
-226.356000	0.001646	263.500486
-226.304000	0.001647	263.039881
-226.252000	0.001649	262.580577
-226.200000	0.001650	262.133854
-226.148000	0.001651	261.688387
-226.096000	0.001653	261.254570
-226.044000	0.001654	260.822798
-225.992000	0.001656	260.401721
-225.940000	0.001657	259.983526
-225.888000	0.001658	259.574997
-225.836000	0.001660	259.170230
-225.784000	0.001661	258.774089
-225.732000	0.001663	258.382584
-225.680000	0.001664	257.998687
-225.628000	0.001665	257.620277
-225.576000	0.001667	257.248479
-225.524000	0.001668	256.882999
-225.472000	0.001670	256.523156
-225.420000	0.001671	256.170440
-225.368000	0.001672	255.822409
-225.316000	0.001674	255.482291
-225.264000	0.001675	255.145929
-225.212000	0.001677	254.818244
-225.160000	0.001678	254.493406
-225.108000	0.001680	254.178003
-225.056000	0.001681	253.864536
-225.004000	0.001682	253.561258
-224.952000	0.001684	253.259177
-224.900000	0.001685	252.967780
-224.848000	0.001687	252.677479
-224.796000	0.001688	252.397106
-224.744000	0.001690	252.118554
-224.692000	0.001691	251.849099
-224.640000	0.001692	251.582126
-224.588000	0.001694	251.323371
-224.536000	0.001695	251.067835
-224.484000	0.001697	250.819624
-224.432000	0.001698	250.575367
-224.380000	0.001700	250.337563
-224.328000	0.001701	250.104428
-224.276000	0.001703	249.876931
-224.224000	0.001704	249.654813
-224.172000	0.001706	249.437470
-224.120000	0.001707	249.226163
-224.068000	0.001708	249.018822
-224.016000	0.001710	248.818171
-223.964000	0.001711	248.620701
-223.912000	0.001713	248.430557
-223.860000	0.001714	248.242825
-223.808000	0.001716	248.063053
-223.756000	0.001717	247.884970
-223.704000	0.001719	247.715464
-223.652000	0.001720	247.546969
-223.600000	0.001722	247.387413
-223.548000	0.001723	247.228870
-223.496000	0.001725	247.078645
-223.444000	0.001726	246.929990
-223.392000	0.001728	246.788960
-223.340000	0.001729	246.650035
-223.288000	0.001731	246.518002
-223.236000	0.001732	246.388685
-223.184000	0.001733	246.265536
-223.132000	0.001735	246.145737
-223.080000	0.001736	246.031347
-223.028000	0.001738	245.920876
-222.976000	0.001739	245.815101
-222.924000	0.001741	245.713820
-222.872000	0.001742	245.616584
-222.820000	0.001744	245.524410
-222.768000	0.001745	245.435564
-222.716000	0.001747	245.352311
-222.664000	0.001748	245.271731
-222.612000	0.001750	245.197269
-222.560000	0.001751	245.124889
-222.508000	0.001753	245.059154
-222.456000	0.001754	244.994853
-222.404000	0.001756	244.937706
-222.352000	0.001758	244.881444
-222.300000	0.001759	244.832587
-222.248000	0.001761	244.784625
-222.196000	0.001762	244.743577
-222.144000	0.001764	244.703874
-222.092000	0.001765	244.670516
-222.040000	0.001767	244.638931
-221.988000	0.001768	244.613111
-221.936000	0.001770	244.589593
-221.884000	0.001771	244.571221
-221.832000	0.001773	244.555650
-221.780000	0.001774	244.544587
-221.728000	0.001776	244.536792
-221.676000	0.001777	244.532916
-221.624000	0.001779	244.532780
-221.572000	0.001780	244.536029
-221.520000	0.001782	244.543490
-221.468000	0.001784	244.553781
-221.416000	0.001785	244.568724
-221.364000	0.001787	244.585910
-221.312000	0.001788	244.608175
-221.260000	0.001790	244.632202
-221.208000	0.001791	244.661744
-221.156000	0.001793	244.692506
-221.104000	0.001794	244.729207
-221.052000	0.001796	244.766681
-221.000000	0.001798	244.810276
-220.948000	0.001799	244.854700
-220.896000	0.001801	244.904849
-220.844000	0.001802	244.956148
-220.792000	0.001804	245.012709
-220.740000	0.001805	245.070757
-220.688000	0.001807	245.133599
-220.636000	0.001809	245.198365
-220.584000	0.001810	245.267413
-220.532000	0.001812	245.338796
-220.480000	0.001813	245.413930
-220.428000	0.001815	245.491778
-220.376000	0.001816	245.572964
-220.324000	0.001818	245.657283
-220.272000	0.001820	245.744392
-220.220000	0.001821	245.834981
-220.168000	0.001823	245.927944
-220.116000	0.001824	246.024760
-220.064000	0.001826	246.123457
-220.012000	0.001828	246.226359
-219.960000	0.001829	246.330803
-219.908000	0.001831	246.439808
-219.856000	0.001832	246.549805
-219.804000	0.001834	246.664727
-219.752000	0.001836	246.780369
-219.700000	0.001837	246.901048
-219.648000	0.001839	247.022462
-219.596000	0.001840	247.148604
-219.544000	0.001842	247.275731
-219.492000	0.001844	247.407230
-219.440000	0.001845	247.540008
-219.388000	0.001847	247.676763
-219.336000	0.001848	247.815125
-219.284000	0.001850	247.957044
-219.232000	0.001852	248.100905
-219.180000	0.001853	248.247914
-219.128000	0.001855	248.397190
-219.076000	0.001857	248.549217
-219.024000	0.001858	248.703826
-218.972000	0.001860	248.860758
-218.920000	0.001861	249.020567
-218.868000	0.001863	249.182410
-218.816000	0.001865	249.347441
-218.764000	0.001866	249.514098
-218.712000	0.001868	249.684226
-218.660000	0.001870	249.855617
-218.608000	0.001871	250.030773
-218.556000	0.001873	250.206820
-218.504000	0.001875	250.386928
-218.452000	0.001876	250.567671
-218.400000	0.001878	250.752545
-218.348000	0.001880	250.938071
-218.296000	0.001881	251.127485
-218.244000	0.001883	251.317744
-218.192000	0.001885	251.511608
-218.140000	0.001886	251.706548
-218.088000	0.001888	251.904801
-218.036000	0.001890	252.104420
-217.984000	0.001891	252.306953
-217.932000	0.001893	252.511074
-217.880000	0.001895	252.717837
-217.828000	0.001896	252.926494
-217.776000	0.001898	253.137434
-217.724000	0.001900	253.350504
-217.672000	0.001901	253.565584
-217.620000	0.001903	253.783048
-217.568000	0.001905	254.002131
-217.516000	0.001906	254.223818
-217.464000	0.001908	254.446922
-217.412000	0.001910	254.672874
-217.360000	0.001911	254.899894
-217.308000	0.001913	255.130007
-217.256000	0.001915	255.360925
-217.204000	0.001917	255.595163
-217.152000	0.001918	255.829918
-217.100000	0.001920	256.068064
-217.048000	0.001922	256.306865
-216.996000	0.001923	256.548819
-216.944000	0.001925	256.791465
-216.892000	0.001927	257.037079
-216.840000	0.001929	257.283627
-216.788000	0.001930	257.532872
-216.736000	0.001932	257.783227
-216.684000	0.001934	258.036028
-216.632000	0.001935	258.290180
-216.580000	0.001937	258.546475
-216.528000	0.001939	258.804309
-216.476000	0.001941	259.064024
-216.424000	0.001942	259.325478
-216.372000	0.001944	259.588601
-216.320000	0.001946	259.853669
-216.268000	0.001947	260.120162
-216.216000	0.001949	260.388782
-216.164000	0.001951	260.658544
-216.112000	0.001953	260.930612
-216.060000	0.001954	261.203578
-216.008000	0.001956	261.479050
-215.956000	0.001958	261.755212
-215.904000	0.001960	262.034081
-215.852000	0.001961	262.313479
-215.800000	0.001963	262.595582
-215.748000	0.001965	262.878195
-215.696000	0.001967	263.163370
-215.644000	0.001968	263.449204
-215.592000	0.001970	263.737409
-215.540000	0.001972	264.026369
-215.488000	0.001974	264.317557
-215.436000	0.001976	264.609711
-215.384000	0.001977	264.903786
-215.332000	0.001979	265.198922
-215.280000	0.001981	265.495859
-215.228000	0.001983	265.794079
-215.176000	0.001984	266.093822
-215.124000	0.001986	266.394965
-215.072000	0.001988	266.697473
-215.020000	0.001990	267.001539
-214.968000	0.001992	267.306780
-214.916000	0.001993	267.613715
-214.864000	0.001995	267.921590
-214.812000	0.001997	268.231299
-214.760000	0.001999	268.541802
-214.708000	0.002001	268.854300
-214.656000	0.002002	269.167430
-214.604000	0.002004	269.482685
-214.552000	0.002006	269.798321
-214.500000	0.002008	270.116104
-214.448000	0.002010	270.434415
-214.396000	0.002011	270.754724
-214.344000	0.002013	271.075604
-214.292000	0.002015	271.398360
-214.240000	0.002017	271.721772
-214.188000	0.002019	272.046891
-214.136000	0.002021	272.372749
-214.084000	0.002022	272.700170
-214.032000	0.002024	273.028477
-213.980000	0.002026	273.358216
-213.928000	0.002028	273.688974
-213.876000	0.002030	274.020934
-213.824000	0.002032	274.353989
-213.772000	0.002033	274.688175
-213.720000	0.002035	275.023582
-213.668000	0.002037	275.359887
-213.616000	0.002039	275.697492
-213.564000	0.002041	276.035955
-213.512000	0.002043	276.375824
-213.460000	0.002044	276.716296
-213.408000	0.002046	277.058296
-213.356000	0.002048	277.400829
-213.304000	0.002050	277.745001
-213.252000	0.002052	278.089575
-213.200000	0.002054	278.435751
-213.148000	0.002056	278.782366
-213.096000	0.002057	279.130459
-213.044000	0.002059	279.479046
-212.992000	0.002061	279.829035
-212.940000	0.002063	280.179562
-212.888000	0.002065	280.531418
-212.836000	0.002067	280.883907
-212.784000	0.002069	281.237573
-212.732000	0.002071	281.591926
-212.680000	0.002073	281.947335
-212.628000	0.002074	282.303505
-212.576000	0.002076	282.660616
-212.524000	0.002078	283.018558
-212.472000	0.002080	283.377375
-212.420000	0.002082	283.737094
-212.368000	0.002084	284.097544
-212.316000	0.002086	284.458943
-212.264000	0.002088	284.820976
-212.212000	0.002090	285.184024
-212.160000	0.002092	285.547642
-212.108000	0.002093	285.912350
-212.056000	0.002095	286.277453
-212.004000	0.002097	286.643735
-211.952000	0.002099	287.010403
-211.900000	0.002101	287.378181
-211.848000	0.002103	287.746350
-211.796000	0.002105	288.115509
-211.744000	0.002107	288.485094
-211.692000	0.002109	288.855661
-211.640000	0.002111	289.226685
-211.588000	0.002113	289.598638
-211.536000	0.002115	289.971076
-211.484000	0.002117	290.344329
-211.432000	0.002118	290.718084
-211.380000	0.002120	291.092608
-211.328000	0.002122	291.467688
-211.276000	0.002124	291.843429
-211.224000	0.002126	292.219739
-211.172000	0.002128	292.596684
-211.120000	0.002130	292.974233
-211.068000	0.002132	293.352358
-211.016000	0.002134	293.731104
-210.964000	0.002136	294.110321
-210.912000	0.002138	294.490183
-210.860000	0.002140	294.870489
-210.808000	0.002142	295.251485
-210.756000	0.002144	295.632836
-210.704000	0.002146	296.014913
-210.652000	0.002148	296.397278
-210.600000	0.002150	296.780305
-210.548000	0.002152	297.163720
-210.496000	0.002154	297.547677
-210.444000	0.002156	297.932029
-210.392000	0.002158	298.316948
-210.340000	0.002160	298.702221
-210.288000	0.002162	299.088041
-210.236000	0.002164	299.474208
-210.184000	0.002166	299.860880
-210.132000	0.002168	300.247899
-210.080000	0.002170	300.635350
-210.028000	0.002172	301.023129
-209.976000	0.002174	301.411379
-209.924000	0.002176	301.799980
-209.872000	0.002178	302.188945
-209.820000	0.002180	302.578222
-209.768000	0.002182	302.967932
-209.716000	0.002184	303.357950
-209.664000	0.002186	303.748286
-209.612000	0.002188	304.138919
-209.560000	0.002190	304.529926
-209.508000	0.002192	304.921233
-209.456000	0.002194	305.312766
-209.404000	0.002196	305.704629
-209.352000	0.002198	306.096809
-209.300000	0.002200	306.489212
-209.248000	0.002202	306.881962
-209.196000	0.002204	307.274815
-209.144000	0.002206	307.668003
-209.092000	0.002208	308.061362
-209.040000	0.002211	308.454977
-208.988000	0.002213	308.848807
-208.936000	0.002215	309.242877
-208.884000	0.002217	309.637126
-208.832000	0.002219	310.031559
-208.780000	0.002221	310.426169
-208.728000	0.002223	310.820925
-208.676000	0.002225	311.215863
-208.624000	0.002227	311.610903
-208.572000	0.002229	312.006178
-208.520000	0.002231	312.401516
-208.468000	0.002233	312.797060
-208.416000	0.002235	313.192606
-208.364000	0.002237	313.588375
-208.312000	0.002240	313.984112
-208.260000	0.002242	314.380109
-208.208000	0.002244	314.776049
-208.156000	0.002246	315.172182
-208.104000	0.002248	315.568251
-208.052000	0.002250	315.964586
-208.000000	0.002252	316.360728
-207.948000	0.002254	316.757177
-207.896000	0.002256	317.153336
-207.844000	0.002259	317.549804
-207.792000	0.002261	317.946072
-207.740000	0.002263	318.342502
-207.688000	0.002265	318.738808
-207.636000	0.002267	319.135229
-207.584000	0.002269	319.531556
-207.532000	0.002271	319.927930
-207.480000	0.002273	320.324213
-207.428000	0.002276	320.720451
-207.376000	0.002278	321.116674
-207.324000	0.002280	321.512793
-207.272000	0.002282	321.908944
-207.220000	0.002284	322.304906
-207.168000	0.002286	322.700905
-207.116000	0.002288	323.096623
-207.064000	0.002291	323.492482
-207.012000	0.002293	323.887995
-206.960000	0.002295	324.283664
-206.908000	0.002297	324.678943
-206.856000	0.002299	325.074387
-206.804000	0.002301	325.469395
-206.752000	0.002304	325.864625
-206.700000	0.002306	326.259286
-206.648000	0.002308	326.654255
-206.596000	0.002310	327.048532
-206.544000	0.002312	327.443027
-206.492000	0.002314	327.837026
-206.440000	0.002317	328.231154
-206.388000	0.002319	328.624846
-206.336000	0.002321	329.018533
-206.284000	0.002323	329.411816
-206.232000	0.002325	329.804975
-206.180000	0.002328	330.197867
-206.128000	0.002330	330.590570
-206.076000	0.002332	330.983043
-206.024000	0.002334	331.375203
-205.972000	0.002337	331.767212
-205.920000	0.002339	332.158797
-205.868000	0.002341	332.550313
-205.816000	0.002343	332.941290
-205.764000	0.002345	333.332285
-205.712000	0.002348	333.722649
-205.660000	0.002350	334.113124
-205.608000	0.002352	334.502891
-205.556000	0.002354	334.892761
-205.504000	0.002357	335.281852
-205.452000	0.002359	335.671126
-205.400000	0.002361	336.059487
-205.348000	0.002363	336.448159
-205.296000	0.002366	336.835812
-205.244000	0.002368	337.223660
-205.192000	0.002370	337.610679
-205.140000	0.002372	337.997715
-205.088000	0.002375	338.384059
-205.036000	0.002377	338.770314
-204.984000	0.002379	339.155944
-204.932000	0.002381	339.541334
-204.880000	0.002384	339.926236
-204.828000	0.002386	340.310785
-204.776000	0.002388	340.694912
-204.724000	0.002390	341.078538
-204.672000	0.002393	341.461894
-204.620000	0.002395	341.844620
-204.568000	0.002397	342.227191
-204.516000	0.002400	342.608987
-204.464000	0.002402	342.990697
-204.412000	0.002404	343.371513
-204.360000	0.002407	343.752358
-204.308000	0.002409	344.132213
-204.256000	0.002411	344.512115
-204.204000	0.002413	344.890955
-204.152000	0.002416	345.270028
-204.100000	0.002418	345.647851
-204.048000	0.002420	346.025917
-203.996000	0.002423	346.402683
-203.944000	0.002425	346.779622
-203.892000	0.002427	347.155490
-203.840000	0.002430	347.531324
-203.788000	0.002432	347.906223
-203.736000	0.002434	348.280932
-203.684000	0.002437	348.654833
-203.632000	0.002439	349.028392
-203.580000	0.002441	349.401272
-203.528000	0.002444	349.773654
-203.476000	0.002446	350.145492
-203.424000	0.002449	350.516673
-203.372000	0.002451	350.887403
-203.320000	0.002453	351.257306
-203.268000	0.002456	351.626991
-203.216000	0.002458	351.995696
-203.164000	0.002460	352.364331
-203.112000	0.002463	352.731842
-203.060000	0.002465	353.099267
-203.008000	0.002467	353.465473
-202.956000	0.002470	353.831773
-202.904000	0.002472	354.196721
-202.852000	0.002475	354.561799
-202.800000	0.002477	354.925399
-202.748000	0.002479	355.289326
-202.696000	0.002482	355.651683
-202.644000	0.002484	356.014132
-202.592000	0.002487	356.375315
-202.540000	0.002489	356.736423
-202.488000	0.002491	357.096396
-202.436000	0.002494	357.456093
-202.384000	0.002496	357.814838
-202.332000	0.002499	358.173155
-202.280000	0.002501	358.530642
-202.228000	0.002504	358.887508
-202.176000	0.002506	359.243740
-202.124000	0.002508	359.599186
-202.072000	0.002511	359.954118
-202.020000	0.002513	360.308073
-201.968000	0.002516	360.661724
-201.916000	0.002518	361.014223
-201.864000	0.002521	361.366585
-201.812000	0.002523	361.717640
-201.760000	0.002526	362.068608
-201.708000	0.002528	362.418166
-201.656000	0.002530	362.767833
-201.604000	0.002533	363.115932
-201.552000	0.002535	363.464148
-201.500000	0.002538	363.810668
-201.448000	0.002540	364.157491
-201.396000	0.002543	364.502596
-201.344000	0.002545	364.847812
-201.292000	0.002548	365.191576
-201.240000	0.002550	365.535175
-201.188000	0.002553	365.877549
-201.136000	0.002555	366.219623
-201.084000	0.002558	366.560584
-201.032000	0.002560	366.901012
-200.980000	0.002563	367.240573
-200.928000	0.002565	367.579446
-200.876000	0.002568	367.917593
-200.824000	0.002570	368.254845
-200.772000	0.002573	368.591506
-200.720000	0.002575	368.927070
-200.668000	0.002578	369.262320
-200.616000	0.002580	369.596291
-200.564000	0.002583	369.930078
-200.512000	0.002585	370.262430
-200.460000	0.002588	370.594759
-200.408000	0.002591	370.925522
-200.356000	0.002593	371.256334
-200.304000	0.002596	371.585446
-200.252000	0.002598	371.914749
-200.200000	0.002601	372.242182
-200.148000	0.002603	372.569866
-200.096000	0.002606	372.895729
-200.044000	0.002608	373.221699
-199.992000	0.002611	373.546158
-199.940000	0.002614	373.870464
-199.888000	0.002616	374.193422
-199.836000	0.002619	374.516002
-199.784000	0.002621	374.837424
-199.732000	0.002624	375.158270
-199.680000	0.002626	375.478221
-199.628000	0.002629	375.797429
-199.576000	0.002632	376.115820
-199.524000	0.002634	376.433226
-199.472000	0.002637	376.750137
-199.420000	0.002639	377.065891
-199.368000	0.002642	377.381254
-199.316000	0.002645	377.695250
-199.264000	0.002647	378.009144
-199.212000	0.002650	378.321510
-199.160000	0.002653	378.633794
-199.108000	0.002655	378.944430
-199.056000	0.002658	379.255155
-199.004000	0.002660	379.564099
-198.952000	0.002663	379.873275
-198.900000	0.002666	380.180508
-198.848000	0.002668	380.488016
-198.796000	0.002671	380.793651
-198.744000	0.002674	381.099362
-198.692000	0.002676	381.403519
-198.640000	0.002679	381.707490
-198.588000	0.002682	382.010108
-198.536000	0.002684	382.312336
-198.484000	0.002687	382.613444
-198.432000	0.002690	382.913979
-198.380000	0.002692	383.213563
-198.328000	0.002695	383.512350
-198.276000	0.002698	383.810390
-198.224000	0.002700	384.107429
-198.172000	0.002703	384.403923
-198.120000	0.002706	384.699212
-198.068000	0.002708	384.994209
-198.016000	0.002711	385.287809
-197.964000	0.002714	385.581309
-197.912000	0.002717	385.873250
-197.860000	0.002719	386.165164
-197.808000	0.002722	386.455398
-197.756000	0.002725	386.745730
-197.704000	0.002727	387.034265
-197.652000	0.002730	387.323082
-197.600000	0.002733	387.609952
-197.548000	0.002736	387.897126
-197.496000	0.002738	388.182442
-197.444000	0.002741	388.467815
-197.392000	0.002744	388.751701
-197.340000	0.002747	389.035439
-197.288000	0.002749	389.317844
-197.236000	0.002752	389.599846
-197.184000	0.002755	389.880753
-197.132000	0.002758	390.161074
-197.080000	0.002760	390.440510
-197.028000	0.002763	390.719155
-196.976000	0.002766	390.997124
-196.924000	0.002769	391.274098
-196.872000	0.002771	391.550604
-196.820000	0.002774	391.825913
-196.768000	0.002777	392.100961
-196.716000	0.002780	392.374620
-196.664000	0.002783	392.648205
-196.612000	0.002785	392.920256
-196.560000	0.002788	393.192349
-196.508000	0.002791	393.462807
-196.456000	0.002794	393.733471
-196.404000	0.002797	394.002373
-196.352000	0.002799	394.271572
-196.300000	0.002802	394.538891
-196.248000	0.002805	394.806545
-196.196000	0.002808	395.072424
-196.144000	0.002811	395.338349
-196.092000	0.002814	395.602889
-196.040000	0.002816	395.867306
-195.988000	0.002819	396.130495
-195.936000	0.002822	396.393308
-195.884000	0.002825	396.655101
-195.832000	0.002828	396.916319
-195.780000	0.002831	397.176761
-195.728000	0.002834	397.436449
-195.676000	0.002836	397.695568
-195.624000	0.002839	397.953734
-195.572000	0.002842	398.211540
-195.520000	0.002845	398.468196
-195.468000	0.002848	398.724698
-195.416000	0.002851	398.979869
-195.364000	0.002854	399.235011
-195.312000	0.002857	399.488698
-195.260000	0.002859	399.742561
-195.208000	0.002862	399.994860
-195.156000	0.002865	400.247354
-195.104000	0.002868	400.498192
-195.052000	0.002871	400.749389
-195.000000	0.002874	400.998833
-194.948000	0.002877	401.248651
-194.896000	0.002880	401.496876
-194.844000	0.002883	401.745208
-194.792000	0.002886	401.992259
-194.740000	0.002889	402.239173
-194.688000	0.002892	402.485040
-194.636000	0.002895	402.730601
-194.584000	0.002897	402.975290
-194.532000	0.002900	403.219461
-194.480000	0.002903	403.462962
-194.428000	0.002906	403.705758
-194.376000	0.002909	403.948127
-194.324000	0.002912	404.189616
-194.272000	0.002915	404.430834
-194.220000	0.002918	404.670979
-194.168000	0.002921	404.911099
-194.116000	0.002924	405.149989
-194.064000	0.002927	405.389013
-194.012000	0.002930	405.626691
-193.960000	0.002933	405.864548
-193.908000	0.002936	406.101000
-193.856000	0.002939	406.337814
-193.804000	0.002942	406.573118
-193.752000	0.002945	406.808805
-193.700000	0.002948	407.042906
-193.648000	0.002951	407.277386
-193.596000	0.002954	407.510487
-193.544000	0.002957	407.743732
-193.492000	0.002960	407.975920
-193.440000	0.002963	408.208049
-193.388000	0.002966	408.439264
-193.336000	0.002970	408.670191
-193.284000	0.002973	408.900462
-193.232000	0.002976	409.130310
-193.180000	0.002979	409.359662
-193.128000	0.002982	409.588398
-193.076000	0.002985	409.816829
-193.024000	0.002988	410.044471
-192.972000	0.002991	410.272043
-192.920000	0.002994	410.498665
-192.868000	0.002997	410.725406
-192.816000	0.003000	410.951047
-192.764000	0.003003	411.176899
-192.712000	0.003006	411.401559
-192.660000	0.003010	411.626505
-192.608000	0.003013	411.850215
-192.556000	0.003016	412.074330
-192.504000	0.003019	412.297151
-192.452000	0.003022	412.520458
-192.400000	0.003025	412.742406
-192.348000	0.003028	412.964778
-192.296000	0.003031	413.186019
-192.244000	0.003034	413.407451
-192.192000	0.003038	413.628030
-192.140000	0.003041	413.848586
-192.088000	0.003044	414.068477
-192.036000	0.003047	414.288179
-191.984000	0.003050	414.507400
-191.932000	0.003053	414.726271
-191.880000	0.003057	414.944840
-191.828000	0.003060	415.162900
-191.776000	0.003063	415.380838
-191.724000	0.003066	415.598110
-191.672000	0.003069	415.815480
-191.620000	0.003072	416.032037
-191.568000	0.003076	416.248819
-191.516000	0.003079	416.464660
-191.464000	0.003082	416.680893
-191.412000	0.003085	416.896119
-191.360000	0.003088	417.111741
-191.308000	0.003092	417.326334
-191.256000	0.003095	417.541417
-191.204000	0.003098	417.755439
-191.152000	0.003101	417.970010
-191.100000	0.003105	418.183465
-191.048000	0.003108	418.397354
-190.996000	0.003111	418.610408
-190.944000	0.003114	418.823733
-190.892000	0.003118	419.036429
-190.840000	0.003121	419.249146
-190.788000	0.003124	419.461432
-190.736000	0.003127	419.673617
-190.684000	0.003131	419.885575
-190.632000	0.003134	420.097307
-190.580000	0.003137	420.308942
-190.528000	0.003140	420.520187
-190.476000	0.003144	420.731457
-190.424000	0.003147	420.942188
-190.372000	0.003150	421.153237
-190.320000	0.003154	421.363632
-190.268000	0.003157	421.574360
-190.216000	0.003160	421.784322
-190.164000	0.003164	421.994860
-190.112000	0.003167	422.204584
-190.060000	0.003170	422.414766
-190.008000	0.003174	422.624153
-189.956000	0.003177	422.834160
-189.904000	0.003180	423.043342
-189.852000	0.003184	423.253094
-189.800000	0.003187	423.462023
-189.748000	0.003190	423.671463
-189.696000	0.003194	423.880326
-189.644000	0.003197	424.089487
-189.592000	0.003200	424.298298
-189.540000	0.003204	424.507237
-189.488000	0.003207	424.715982
-189.436000	0.003211	424.924719
-189.384000	0.003214	425.133416
-189.332000	0.003217	425.341977
-189.280000	0.003221	425.550647
-189.228000	0.003224	425.759055
-189.176000	0.003227	425.967759
-189.124000	0.003231	426.176086
-189.072000	0.003234	426.384812
-189.020000	0.003238	426.593031
-188.968000	0.003241	426.801837
-188.916000	0.003245	427.010057
-188.864000	0.003248	427.218881
-188.812000	0.003251	427.427114
-188.760000	0.003255	427.636049
-188.708000	0.003258	427.844388
-188.656000	0.003262	428.053298
-188.604000	0.003265	428.261693
-188.552000	0.003269	428.470866
-188.500000	0.003272	428.679365
-188.448000	0.003276	428.888179
-188.396000	0.003279	429.096755
-188.344000	0.003283	429.305778
-188.292000	0.003286	429.514775
-188.240000	0.003290	429.724058
-188.188000	0.003293	429.933465
-188.136000	0.003297	430.143029
-188.084000	0.003300	430.352519
-188.032000	0.003304	430.561859
-187.980000	0.003307	430.771619
-187.928000	0.003311	430.981283
-187.876000	0.003314	431.191509
-187.824000	0.003318	431.401518
-187.772000	0.003321	431.611760
-187.720000	0.003325	431.821609
-187.668000	0.003328	432.032801
-187.616000	0.003332	432.243582
-187.564000	0.003335	432.454740
-187.512000	0.003339	432.665513
-187.460000	0.003343	432.877125
-187.408000	0.003346	433.088298
-187.356000	0.003350	433.299864
-187.304000	0.003353	433.511288
-187.252000	0.003357	433.723876
-187.200000	0.003361	433.936034
-187.148000	0.003364	434.148519
-187.096000	0.003368	434.360993
-187.044000	0.003371	434.573942
-186.992000	0.003375	434.787060
-186.940000	0.003379	435.000518
-186.888000	0.003382	435.214276
-186.836000	0.003386	435.428262
-186.784000	0.003389	435.642675
-186.732000	0.003393	435.857204
-186.680000	0.003397	436.071900
-186.628000	0.003400	436.286472
-186.576000	0.003404	436.501722
-186.524000	0.003408	436.716877
-186.472000	0.003411	436.933298
-186.420000	0.003415	437.149574
-186.368000	0.003419	437.366259
-186.316000	0.003422	437.582684
-186.264000	0.003426	437.800036
-186.212000	0.003430	438.017179
-186.160000	0.003434	438.235197
-186.108000	0.003437	438.453071
-186.056000	0.003441	438.671774
-186.004000	0.003445	438.890393
-185.952000	0.003448	439.109801
-185.900000	0.003452	439.328995
-185.848000	0.003456	439.548522
-185.796000	0.003460	439.768460
-185.744000	0.003463	439.989196
-185.692000	0.003467	440.210261
-185.640000	0.003471	440.431717
-185.588000	0.003475	440.653307
-185.536000	0.003478	440.874976
-185.484000	0.003482	441.097549
-185.432000	0.003486	441.320488
-185.380000	0.003490	441.544092
-185.328000	0.003493	441.767797
-185.276000	0.003497	441.991842
-185.224000	0.003501	442.215804
-185.172000	0.003505	442.441111
-185.120000	0.003509	442.666387
-185.068000	0.003512	442.892641
-185.016000	0.003516	443.118753
-184.964000	0.003520	443.345332
-184.912000	0.003524	443.571919
-184.860000	0.003528	443.799858
-184.808000	0.003532	444.027812
-184.756000	0.003535	444.256605
-184.704000	0.003539	444.485482
-184.652000	0.003543	444.715134
-184.600000	0.003547	444.944945
-184.548000	0.003551	445.175423
-184.496000	0.003555	445.406228
-184.444000	0.003559	445.637565
-184.392000	0.003563	445.869350
-184.340000	0.003566	446.101569
-184.288000	0.003570	446.334334
-184.236000	0.003574	446.567446
-184.184000	0.003578	446.801552
-184.132000	0.003582	447.036088
-184.080000	0.003586	447.270969
-184.028000	0.003590	447.505895
-183.976000	0.003594	447.742085
-183.924000	0.003598	447.978454
-183.872000	0.003602	448.215748
-183.820000	0.003606	448.453049
-183.768000	0.003610	448.691366
-183.716000	0.003614	448.929671
-183.664000	0.003617	449.168952
-183.612000	0.003621	449.408357
-183.560000	0.003625	449.649118
-183.508000	0.003629	449.889898
-183.456000	0.003633	450.131101
-183.404000	0.003637	450.372663
-183.352000	0.003641	450.615358
-183.300000	0.003645	450.858342
-183.248000	0.003649	451.101991
-183.196000	0.003653	451.346055
-183.144000	0.003657	451.590676
-183.092000	0.003661	451.836085
-183.040000	0.003666	452.082213
-182.988000	0.003670	452.328942
-182.936000	0.003674	452.576058
-182.884000	0.003678	452.823863
-182.832000	0.003682	453.071975
-182.780000	0.003686	453.321255
-182.728000	0.003690	453.570888
-182.676000	0.003694	453.820944
-182.624000	0.003698	454.071059
-182.572000	0.003702	454.322592
-182.520000	0.003706	454.574239
-182.468000	0.003710	454.827425
-182.416000	0.003714	455.080671
-182.364000	0.003719	455.334890
-182.312000	0.003723	455.589232
-182.260000	0.003727	455.844466
-182.208000	0.003731	456.099903
-182.156000	0.003735	456.356158
-182.104000	0.003739	456.612848
-182.052000	0.003743	456.870648
-182.000000	0.003747	457.128804
-181.948000	0.003752	457.387620
-181.896000	0.003756	457.647115
-181.844000	0.003760	457.907473
-181.792000	0.003764	458.168359
-181.740000	0.003768	458.429742
-181.688000	0.003773	458.692047
-181.636000	0.003777	458.954971
-181.584000	0.003781	459.218584
-181.532000	0.003785	459.482534
-181.480000	0.003789	459.747250
-181.428000	0.003794	460.012218
-181.376000	0.003798	460.278471
-181.324000	0.003802	460.544981
-181.272000	0.003806	460.812419
-181.220000	0.003811	461.079947
-181.168000	0.003815	461.349003
-181.116000	0.003819	461.618178
-181.064000	0.003823	461.888784
-181.012000	0.003828	462.159538
-180.960000	0.003832	462.431158
-180.908000	0.003836	462.703004
-180.856000	0.003840	462.975635
-180.804000	0.003845	463.248721
-180.752000	0.003849	463.522888
-180.700000	0.003853	463.797616
-180.648000	0.003858	464.073325
-180.596000	0.003862	464.349443
-180.544000	0.003866	464.626150
-180.492000	0.003871	464.903618
-180.440000	0.003875	465.181839
-180.388000	0.003879	465.460941
-180.336000	0.003884	465.740672
-180.284000	0.003888	466.021046
-180.232000	0.003893	466.301760
-180.180000	0.003897	466.583593
-180.128000	0.003901	466.865803
-180.076000	0.003906	467.148815
-180.024000	0.003910	467.431994
-179.972000	0.003914	467.716535
-179.920000	0.003919	468.001195
-179.868000	0.003923	468.287343
-179.816000	0.003928	468.573556
-179.764000	0.003932	468.860665
-179.712000	0.003937	469.148059
-179.660000	0.003941	469.437162
-179.608000	0.003945	469.726345
-179.556000	0.003950	470.015870
-179.504000	0.003954	470.305973
-179.452000	0.003959	470.597485
-179.400000	0.003963	470.889503
-179.348000	0.003968	471.182492
-179.296000	0.003972	471.475794
-179.244000	0.003977	471.769692
-179.192000	0.003981	472.064256
-179.140000	0.003986	472.359573
-179.088000	0.003990	472.655680
-179.036000	0.003995	472.952409
-178.984000	0.003999	473.250049
-178.932000	0.004004	473.548174
-178.880000	0.004009	473.846934
-178.828000	0.004013	474.145921
-178.776000	0.004018	474.446072
-178.724000	0.004022	474.746434
-178.672000	0.004027	475.048568
-178.620000	0.004031	475.350813
-178.568000	0.004036	475.653957
-178.516000	0.004041	475.957150
-178.464000	0.004045	476.261651
-178.412000	0.004050	476.566299
-178.360000	0.004054	476.872149
-178.308000	0.004059	477.178242
-178.256000	0.004064	477.485431
-178.204000	0.004068	477.792951
-178.152000	0.004073	478.101477
-178.100000	0.004078	478.410396
-178.048000	0.004082	478.720275
-177.996000	0.004087	479.030554
-177.944000	0.004092	479.341712
-177.892000	0.004096	479.653110
-177.840000	0.004101	479.965006
-177.788000	0.004106	480.277880
-177.736000	0.004110	480.591549
-177.684000	0.004115	480.906003
-177.632000	0.004120	481.220899
-177.580000	0.004124	481.536716
-177.528000	0.004129	481.852828
-177.476000	0.004134	482.169998
-177.424000	0.004139	482.487310
-177.372000	0.004143	482.806300
-177.320000	0.004148	483.125318
-177.268000	0.004153	483.445140
-177.216000	0.004158	483.764925
-177.164000	0.004162	484.085934
-177.112000	0.004167	484.407070
-177.060000	0.004172	484.729769
-177.008000	0.004177	485.052591
-176.956000	0.004182	485.376451
-176.904000	0.004187	485.700506
-176.852000	0.004191	486.025525
-176.800000	0.004196	486.350771
-176.748000	0.004201	486.676961
-176.696000	0.004206	487.003351
-176.644000	0.004211	487.330614
-176.592000	0.004216	487.658500
-176.540000	0.004220	487.987336
-176.488000	0.004225	488.316330
-176.436000	0.004230	488.645678
-176.384000	0.004235	488.976382
-176.332000	0.004240	489.307786
-176.280000	0.004245	489.639561
-176.228000	0.004250	489.971436
-176.176000	0.004255	490.304685
-176.124000	0.004260	490.638057
-176.072000	0.004265	490.972507
-176.020000	0.004270	491.306842
-175.968000	0.004274	491.642386
-175.916000	0.004279	491.977817
-175.864000	0.004284	492.314853
-175.812000	0.004289	492.651796
-175.760000	0.004294	492.989784
-175.708000	0.004299	493.327863
-175.656000	0.004304	493.667304
-175.604000	0.004309	494.006765
-175.552000	0.004314	494.347150
-175.500000	0.004319	494.687554
-175.448000	0.004324	495.028884
-175.396000	0.004329	495.370427
-175.344000	0.004335	495.713101
-175.292000	0.004340	496.055898
-175.240000	0.004345	496.399371
-175.188000	0.004350	496.743456
-175.136000	0.004355	497.088231
-175.084000	0.004360	497.433816
-175.032000	0.004365	497.779864
-174.980000	0.004370	498.126525
-174.928000	0.004375	498.473310
-174.876000	0.004380	498.820870
-174.824000	0.004385	499.168363
-174.772000	0.004391	499.517291
-174.720000	0.004396	499.866017
-174.668000	0.004401	500.216345
-174.616000	0.004406	500.566373
-174.564000	0.004411	500.917418
-174.512000	0.004416	501.268293
-174.460000	0.004422	501.620561
-174.408000	0.004427	501.972737
-174.356000	0.004432	502.326208
-174.304000	0.004437	502.679659
-174.252000	0.004442	503.034344
-174.200000	0.004448	503.388809
-174.148000	0.004453	503.744178
-174.096000	0.004458	504.099261
-174.044000	0.004463	504.455175
-173.992000	0.004469	504.811554
-173.940000	0.004474	505.169030
-173.888000	0.004479	505.526574
-173.836000	0.004484	505.884546
-173.784000	0.004490	506.243505
-173.732000	0.004495	506.602993
-173.680000	0.004500	506.962914
-173.628000	0.004506	507.322849
-173.576000	0.004511	507.683404
-173.524000	0.004516	508.043761
-173.472000	0.004522	508.405912
-173.420000	0.004527	508.767748
-173.368000	0.004532	509.131052
-173.316000	0.004538	509.493896
-173.264000	0.004543	509.857649
-173.212000	0.004548	510.221142
-173.160000	0.004554	510.586371
-173.108000	0.004559	510.951179
-173.056000	0.004565	511.316820
-173.004000	0.004570	511.682219
-172.952000	0.004575	512.048808
-172.900000	0.004581	512.415339
-172.848000	0.004586	512.783378
-172.796000	0.004592	513.150867
-172.744000	0.004597	513.519157
-172.692000	0.004603	513.887675
-172.640000	0.004608	514.257234
-172.588000	0.004614	514.626639
-172.536000	0.004619	514.996401
-172.484000	0.004625	515.366953
-172.432000	0.004630	515.737936
-172.380000	0.004636	516.109586
-172.328000	0.004641	516.481245
-172.276000	0.004647	516.853366
-172.224000	0.004652	517.225153
-172.172000	0.004658	517.598600
-172.120000	0.004663	517.971589
-172.068000	0.004669	518.346429
-172.016000	0.004674	518.720645
-171.964000	0.004680	519.095666
-171.912000	0.004686	519.470243
-171.860000	0.004691	519.846466
-171.808000	0.004697	520.222191
-171.756000	0.004702	520.599074
-171.704000	0.004708	520.975489
-171.652000	0.004714	521.353055
-171.600000	0.004719	521.730310
-171.548000	0.004725	522.109046
-171.496000	0.004731	522.487229
-171.444000	0.004736	522.866447
-171.392000	0.004742	523.245370
-171.340000	0.004748	523.625046
-171.288000	0.004754	524.005022
-171.236000	0.004759	524.385657
-171.184000	0.004765	524.766522
-171.132000	0.004771	525.147568
-171.080000	0.004776	525.529112
-171.028000	0.004782	525.910546
-170.976000	0.004788	526.293205
-170.924000	0.004794	526.675530
-170.872000	0.004799	527.059392
-170.820000	0.004805	527.442634
-170.768000	0.004811	527.827095
-170.716000	0.004817	528.210874
-170.664000	0.004823	528.596297
-170.612000	0.004829	528.981006
-170.560000	0.004834	529.366852
-170.508000	0.004840	529.752135
-170.456000	0.004846	530.138906
-170.404000	0.004852	530.524992
-170.352000	0.004858	530.912193
-170.300000	0.004864	531.298842
-170.248000	0.004870	531.686946
-170.196000	0.004875	532.074520
-170.144000	0.004881	532.463358
-170.092000	0.004887	532.851984
-170.040000	0.004893	533.241531
-169.988000	0.004899	533.630856
-169.936000	0.004905	534.020575
-169.884000	0.004911	534.410730
-169.832000	0.004917	534.801116
-169.780000	0.004923	535.192270
-169.728000	0.004929	535.583308
-169.676000	0.004935	535.974986
-169.624000	0.004941	536.366131
-169.572000	0.004947	536.759207
-169.520000	0.004953	537.151547
-169.468000	0.004959	537.544999
-169.416000	0.004965	537.937626
-169.364000	0.004971	538.331805
-169.312000	0.004977	538.725297
-169.260000	0.004983	539.120714
-169.208000	0.004989	539.515254
-169.156000	0.004996	539.910847
-169.104000	0.005002	540.305736
-169.052000	0.005008	540.702061
-169.000000	0.005014	541.097616
-168.948000	0.005020	541.494601
-168.896000	0.005026	541.891116
-168.844000	0.005032	542.289119
-168.792000	0.005038	542.686439
-168.740000	0.005045	543.084399
-168.688000	0.005051	543.482655
-168.636000	0.005057	543.881602
-168.584000	0.005063	544.280470
-168.532000	0.005069	544.679338
-168.480000	0.005076	545.079272
-168.428000	0.005082	545.479091
-168.376000	0.005088	545.879908
-168.324000	0.005094	546.280140
-168.272000	0.005101	546.682221
-168.220000	0.005107	547.083441
-168.168000	0.005113	547.485686
-168.116000	0.005120	547.887040
-168.064000	0.005126	548.290345
-168.012000	0.005132	548.692833
-167.960000	0.005139	549.097184
-167.908000	0.005145	549.500509
-167.856000	0.005151	549.904851
-167.804000	0.005158	550.308511
-167.752000	0.005164	550.713928
-167.700000	0.005170	551.118620
-167.648000	0.005177	551.525025
-167.596000	0.005183	551.930554
-167.544000	0.005190	552.337269
-167.492000	0.005196	552.743464
-167.440000	0.005202	553.150474
-167.388000	0.005209	553.557665
-167.336000	0.005215	553.965482
-167.284000	0.005222	554.373879
-167.232000	0.005228	554.782487
-167.180000	0.005235	555.191661
-167.128000	0.005241	555.600533
-167.076000	0.005248	556.010792
-167.024000	0.005254	556.420431
-166.972000	0.005261	556.831868
-166.920000	0.005267	557.242366
-166.868000	0.005274	557.654334
-166.816000	0.005280	558.065322
-166.764000	0.005287	558.478205
-166.712000	0.005294	558.890172
-166.660000	0.005300	559.303969
-166.608000	0.005307	559.716771
-166.556000	0.005313	560.130943
-166.504000	0.005320	560.544323
-166.452000	0.005327	560.959448
-166.400000	0.005333	561.373948
-166.348000	0.005340	561.790441
-166.296000	0.005347	562.205967
-166.244000	0.005353	562.622643
-166.192000	0.005360	563.039023
-166.140000	0.005367	563.456394
-166.088000	0.005374	563.873881
-166.036000	0.005380	564.291941
-165.984000	0.005387	564.710529
-165.932000	0.005394	565.129270
-165.880000	0.005400	565.549380
-165.828000	0.005407	565.969321
-165.776000	0.005414	566.390160
-165.724000	0.005421	566.810251
-165.672000	0.005428	567.232116
-165.620000	0.005434	567.653019
-165.568000	0.005441	568.076361
-165.516000	0.005448	568.498670
-165.464000	0.005455	568.922850
-165.412000	0.005462	569.346059
-165.360000	0.005469	569.771071
-165.308000	0.005476	570.195174
-165.256000	0.005483	570.621016
-165.204000	0.005489	571.046191
-165.152000	0.005496	571.473441
-165.100000	0.005503	571.899784
-165.048000	0.005510	572.327805
-164.996000	0.005517	572.755354
-164.944000	0.005524	573.184541
-164.892000	0.005531	573.613411
-164.840000	0.005538	574.043239
-164.788000	0.005545	574.473171
-164.736000	0.005552	574.903641
-164.684000	0.005559	575.335020
-164.632000	0.005566	575.766651
-164.580000	0.005573	576.199227
-164.528000	0.005580	576.631496
-164.476000	0.005587	577.066065
-164.424000	0.005595	577.500021
-164.372000	0.005602	577.935259
-164.320000	0.005609	578.369521
-164.268000	0.005616	578.806708
-164.216000	0.005623	579.242853
-164.164000	0.005630	579.680857
-164.112000	0.005637	580.117989
-164.060000	0.005645	580.557340
-164.008000	0.005652	580.995777
-163.956000	0.005659	581.435955
-163.904000	0.005666	581.875652
-163.852000	0.005673	582.317759
-163.800000	0.005681	582.758961
-163.748000	0.005688	583.201829
-163.696000	0.005695	583.644530
-163.644000	0.005702	584.089100
-163.592000	0.005710	584.533391
-163.540000	0.005717	584.978616
-163.488000	0.005724	585.424334
-163.436000	0.005732	585.870746
-163.384000	0.005739	586.318501
-163.332000	0.005746	586.766626
-163.280000	0.005754	587.215743
-163.228000	0.005761	587.664543
-163.176000	0.005768	588.115691
-163.124000	0.005776	588.566215
-163.072000	0.005783	589.019081
-163.020000	0.005791	589.470994
-162.968000	0.005798	589.925347
-162.916000	0.005805	590.378758
-162.864000	0.005813	590.834506
-162.812000	0.005820	591.289530
-162.760000	0.005828	591.747200
-162.708000	0.005835	592.204152
-162.656000	0.005843	592.663229
-162.604000	0.005850	593.121888
-162.552000	0.005858	593.582965
-162.500000	0.005866	594.043429
-162.448000	0.005873	594.505847
-162.396000	0.005881	594.967930
-162.344000	0.005888	595.431604
-162.292000	0.005896	595.895716
-162.240000	0.005903	596.361184
-162.188000	0.005911	596.827587
-162.136000	0.005919	597.294851
-162.084000	0.005926	597.763166
-162.032000	0.005934	598.231721
-161.980000	0.005942	598.702215
-161.928000	0.005949	599.172594
-161.876000	0.005957	599.645407
-161.824000	0.005965	600.117616
-161.772000	0.005973	600.592249
-161.720000	0.005980	601.066037
-161.668000	0.005988	601.543296
-161.616000	0.005996	602.019690
-161.564000	0.006004	602.498457
-161.512000	0.006011	602.976592
-161.460000	0.006019	603.457396
-161.408000	0.006027	603.937734
-161.356000	0.006035	604.420595
-161.304000	0.006043	604.903153
-161.252000	0.006051	605.388139
-161.200000	0.006059	605.873101
-161.148000	0.006066	606.360595
-161.096000	0.006074	606.847913
-161.044000	0.006082	607.336815
-160.992000	0.006090	607.826616
-160.940000	0.006098	608.317981
-160.888000	0.006106	608.810080
-160.836000	0.006114	609.302880
-160.784000	0.006122	609.798040
-160.732000	0.006130	610.293861
-160.680000	0.006138	610.791316
-160.628000	0.006146	611.288603
-160.576000	0.006154	611.788916
-160.524000	0.006162	612.288731
-160.472000	0.006170	612.791586
-160.420000	0.006178	613.293695
-160.368000	0.006187	613.799340
-160.316000	0.006195	614.304305
-160.264000	0.006203	614.812146
-160.212000	0.006211	615.319599
-160.160000	0.006219	615.830178
-160.108000	0.006227	616.340593
-160.056000	0.006236	616.853933
-160.004000	0.006244	617.367130
-159.952000	0.006252	617.882769
-159.900000	0.006260	618.398574
-159.848000	0.006268	618.916909
-159.796000	0.006277	619.435820
-159.744000	0.006285	619.956810
-159.692000	0.006293	620.478900
-159.640000	0.006302	621.002564
-159.588000	0.006310	621.527852
-159.536000	0.006318	622.054212
-159.484000	0.006327	622.582713
-159.432000	0.006335	623.111783
-159.380000	0.006343	623.643081
-159.328000	0.006352	624.174364
-159.276000	0.006360	624.709297
-159.224000	0.006369	625.243857
-159.172000	0.006377	625.782106
-159.120000	0.006385	626.319767
-159.068000	0.006394	626.861529
-159.016000	0.006402	627.402763
-158.964000	0.006411	627.946943
-158.912000	0.006419	628.491023
-158.860000	0.006428	629.038684
-158.808000	0.006436	629.586374
-158.756000	0.006445	630.137022
-158.704000	0.006454	630.688123
-158.652000	0.006462	631.242340
-158.600000	0.006471	631.796959
-158.548000	0.006479	632.354106
-158.496000	0.006488	632.912355
-158.444000	0.006497	633.472932
-158.392000	0.006505	634.035160
-158.340000	0.006514	634.599189
-158.288000	0.006523	635.165061
-158.236000	0.006532	635.732042
-158.184000	0.006540	636.301765
-158.132000	0.006549	636.872244
-158.080000	0.006558	637.445572
-158.028000	0.006567	638.019052
-157.976000	0.006575	638.596830
-157.924000	0.006584	639.174377
-157.872000	0.006593	639.755764
-157.820000	0.006602	640.336737
-157.768000	0.006611	640.922394
-157.716000	0.006620	641.507777
-157.664000	0.006628	642.096630
-157.612000	0.006637	642.685703
-157.560000	0.006646	643.278818
-157.508000	0.006655	643.872340
-157.456000	0.006664	644.469222
-157.404000	0.006673	645.066801
-157.352000	0.006682	645.667519
-157.300000	0.006691	646.269379
-157.248000	0.006700	646.874338
-157.196000	0.006709	647.480681
-157.144000	0.006718	648.089357
-157.092000	0.006727	648.699949
-157.040000	0.006736	649.312369
-156.988000	0.006745	649.927588
-156.936000	0.006755	650.544295
-156.884000	0.006764	651.163971
-156.832000	0.006773	651.784473
-156.780000	0.006782	652.408901
-156.728000	0.006791	653.033743
-156.676000	0.006800	653.663071
-156.624000	0.006810	654.292281
-156.572000	0.006819	654.926528
-156.520000	0.006828	655.560495
-156.468000	0.006837	656.198758
-156.416000	0.006847	656.837179
-156.364000	0.006856	657.480486
-156.312000	0.006865	658.124121
-156.260000	0.006874	658.771445
-156.208000	0.006884	659.419744
-156.156000	0.006893	660.072174
-156.104000	0.006903	660.725568
-156.052000	0.006912	661.382108
-156.000000	0.006921	662.040330
-155.948000	0.006931	662.701933
-155.896000	0.006940	663.365500
-155.844000	0.006950	664.031656
-155.792000	0.006959	664.700642
-155.740000	0.006969	665.371893
-155.688000	0.006978	666.046205
-155.636000	0.006988	666.722060
-155.584000	0.006997	667.401518
-155.532000	0.007007	668.082001
-155.480000	0.007016	668.767067
-155.428000	0.007026	669.452727
-155.376000	0.007036	670.143065
-155.324000	0.007045	670.833406
-155.272000	0.007055	671.530002
-155.220000	0.007065	672.226527
-155.168000	0.007074	672.927930
-155.116000	0.007084	673.629710
-155.064000	0.007094	674.336452
-155.012000	0.007104	675.044001
-154.960000	0.007113	675.756105
-154.908000	0.007123	676.469446
-154.856000	0.007133	677.186947
-154.804000	0.007143	677.906094
-154.752000	0.007153	678.629046
-154.700000	0.007162	679.353993
-154.648000	0.007172	680.082318
-154.596000	0.007182	680.813194
-154.544000	0.007192	681.546910
-154.492000	0.007202	682.284067
-154.440000	0.007212	683.023723
-154.388000	0.007222	683.767064
-154.336000	0.007232	684.512168
-154.284000	0.007242	685.261915
-154.232000	0.007252	686.013009
-154.180000	0.007262	686.768905
-154.128000	0.007272	687.525498
-154.076000	0.007282	688.287928
-154.024000	0.007292	689.050578
-153.972000	0.007302	689.819633
-153.920000	0.007312	690.588838
-153.868000	0.007323	691.363504
-153.816000	0.007333	692.138932
-153.764000	0.007343	692.920277
-153.712000	0.007353	693.702674
-153.660000	0.007363	694.489675
-153.608000	0.007374	695.278508
-153.556000	0.007384	696.072252
-153.504000	0.007394	696.867930
-153.452000	0.007404	697.667415
-153.400000	0.007415	698.469698
-153.348000	0.007425	699.275912
-153.296000	0.007435	700.085268
-153.244000	0.007446	700.897716
-153.192000	0.007456	701.713889
-153.140000	0.007467	702.532595
-153.088000	0.007477	703.355968
-153.036000	0.007487	704.181476
-152.984000	0.007498	705.012274
-152.932000	0.007508	705.844615
-152.880000	0.007519	706.682414
-152.828000	0.007529	707.521089
-152.776000	0.007540	708.366277
-152.724000	0.007551	709.211875
-152.672000	0.007561	710.064511
-152.620000	0.007572	710.917581
-152.568000	0.007582	711.777162
-152.516000	0.007593	712.637646
-152.464000	0.007604	713.503671
-152.412000	0.007614	714.371362
-152.360000	0.007625	715.244902
-152.308000	0.007636	716.120540
-152.256000	0.007647	717.001105
-152.204000	0.007657	717.884295
-152.152000	0.007668	718.771929
-152.100000	0.007679	719.662925
-152.048000	0.007690	720.558118
-151.996000	0.007701	721.457032
-151.944000	0.007712	722.359281
-151.892000	0.007722	723.266179
-151.840000	0.007733	724.176035
-151.788000	0.007744	725.090812
-151.736000	0.007755	726.007778
-151.684000	0.007766	726.931072
-151.632000	0.007777	727.856214
-151.580000	0.007788	728.787462
-151.528000	0.007799	729.719756
-151.476000	0.007810	730.658748
-151.424000	0.007821	731.598306
-151.372000	0.007833	732.546036
-151.320000	0.007844	733.494488
-151.268000	0.007855	734.450480
-151.216000	0.007866	735.407675
-151.164000	0.007877	736.370909
-151.112000	0.007888	737.336172
-151.060000	0.007900	738.307711
-151.008000	0.007911	739.281770
-150.956000	0.007922	740.261129
-150.904000	0.007933	741.243594
-150.852000	0.007945	742.230808
-150.800000	0.007956	743.222179
-150.748000	0.007967	744.218279
-150.696000	0.007979	745.218666
-150.644000	0.007990	746.222634
-150.592000	0.008002	747.231508
-150.540000	0.008013	748.243365
-150.488000	0.008025	749.261481
-150.436000	0.008036	750.282293
-150.384000	0.008048	751.309650
-150.332000	0.008059	752.338916
-150.280000	0.008071	753.375380
-150.228000	0.008082	754.413122
-150.176000	0.008094	755.458710
-150.124000	0.008105	756.505075
-150.072000	0.008117	757.560212
-150.020000	0.008129	758.616258
-149.968000	0.008140	759.679910
-149.916000	0.008152	760.745142
-149.864000	0.008164	761.817326
-149.812000	0.008176	762.891891
-149.760000	0.008187	763.973153
-149.708000	0.008199	765.057511
-149.656000	0.008211	766.147883
-149.604000	0.008223	767.242035
-149.552000	0.008235	768.341550
-149.500000	0.008247	769.445501
-149.448000	0.008258	770.554165
-149.396000	0.008270	771.667948
-149.344000	0.008282	772.785780
-149.292000	0.008294	773.909411
-149.240000	0.008306	775.036429
-149.188000	0.008318	776.170296
-149.136000	0.008330	777.307048
-149.084000	0.008343	778.450952
-149.032000	0.008355	779.596930
-148.980000	0.008367	780.751185
-148.928000	0.008379	781.906933
-148.876000	0.008391	783.071174
-148.824000	0.008403	784.236356
-148.772000	0.008415	785.410893
-148.720000	0.008428	786.586612
-148.668000	0.008440	787.770934
-148.616000	0.008452	788.957205
-148.564000	0.008465	790.151326
-148.512000	0.008477	791.348166
-148.460000	0.008489	792.552107
-148.408000	0.008502	793.759537
-148.356000	0.008514	794.973328
-148.304000	0.008526	796.191555
-148.252000	0.008539	797.415750
-148.200000	0.008551	798.644882
-148.148000	0.008564	799.878980
-148.096000	0.008576	801.118718
-148.044000	0.008589	802.362730
-147.992000	0.008602	803.613753
-147.940000	0.008614	804.868746
-147.888000	0.008627	806.130784
-147.836000	0.008639	807.395730
-147.784000	0.008652	808.668833
-147.732000	0.008665	809.944272
-147.680000	0.008678	811.229056
-147.628000	0.008690	812.515524
-147.576000	0.008703	813.811121
-147.524000	0.008716	815.107822
-147.472000	0.008729	816.414949
-147.420000	0.008742	817.723471
-147.368000	0.008754	819.041101
-147.316000	0.008767	820.361039
-147.264000	0.008780	821.689708
-147.212000	0.008793	823.021548
-147.160000	0.008806	824.361267
-147.108000	0.008819	825.704850
-147.056000	0.008832	827.055134
-147.004000	0.008845	828.410496
-146.952000	0.008858	829.772414
-146.900000	0.008871	831.139997
-146.848000	0.008885	832.513061
-146.796000	0.008898	833.892262
-146.744000	0.008911	835.275958
-146.692000	0.008924	836.667188
-146.640000	0.008937	838.062578
-146.588000	0.008951	839.466310
-146.536000	0.008964	840.873408
-146.484000	0.008977	842.289237
-146.432000	0.008991	843.707535
-146.380000	0.009004	845.135781
-146.328000	0.009017	846.565816
-146.276000	0.009031	848.006596
-146.224000	0.009044	849.448670
-146.172000	0.009058	850.901709
-146.120000	0.009071	852.356397
-146.068000	0.009085	853.821145
-146.016000	0.009098	855.288550
-145.964000	0.009112	856.765547
-145.912000	0.009125	858.245884
-145.860000	0.009139	859.734090
-145.808000	0.009153	861.227038
-145.756000	0.009166	862.728054
-145.704000	0.009180	864.234339
-145.652000	0.009194	865.747150
-145.600000	0.009208	867.266328
-145.548000	0.009221	868.791490
-145.496000	0.009235	870.323855
-145.444000	0.009249	871.861378
-145.392000	0.009263	873.406941
-145.340000	0.009277	874.956842
-145.288000	0.009291	876.515613
-145.236000	0.009305	878.077897
-145.184000	0.009319	879.650303
-145.132000	0.009333	881.225509
-145.080000	0.009347	882.811706
-145.028000	0.009361	884.399843
-144.976000	0.009375	885.999342
-144.924000	0.009389	887.600269
-144.872000	0.009403	889.213184
-144.820000	0.009418	890.827936
-144.768000	0.009432	892.453217
-144.716000	0.009446	894.081587
-144.664000	0.009460	895.720815
-144.612000	0.009475	897.363805
-144.560000	0.009489	899.015416
-144.508000	0.009503	900.672108
-144.456000	0.009518	902.337179
-144.404000	0.009532	904.008119
-144.352000	0.009547	905.686158
-144.300000	0.009561	907.371504
-144.248000	0.009576	909.063591
-144.196000	0.009590	910.763336
-144.144000	0.009605	912.468440
-144.092000	0.009619	914.182402
-144.040000	0.009634	915.901050
-143.988000	0.009649	917.629461
-143.936000	0.009663	919.361665
-143.884000	0.009678	921.104953
-143.832000	0.009693	922.851243
-143.780000	0.009707	924.609099
-143.728000	0.009722	926.368962
-143.676000	0.009737	928.142289
-143.624000	0.009752	929.917195
-143.572000	0.009767	931.704087
-143.520000	0.009782	933.493168
-143.468000	0.009797	935.294620
-143.416000	0.009812	937.099291
-143.364000	0.009827	938.914791
-143.312000	0.009842	940.734738
-143.260000	0.009857	942.564812
-143.208000	0.009872	944.400286
-143.156000	0.009887	946.244442
-143.104000	0.009902	948.095049
-143.052000	0.009917	949.953316
-143.000000	0.009933	951.819295
-142.948000	0.009948	953.692235
-142.896000	0.009963	955.574166
-142.844000	0.009979	957.462311
-142.792000	0.009994	959.359778
-142.740000	0.010009	961.262085
-142.688000	0.010025	963.175414
-142.636000	0.010040	965.092938
-142.584000	0.010056	967.022077
-142.532000	0.010071	968.954301
-142.480000	0.010087	970.899577
-142.428000	0.010102	972.847030
-142.376000	0.010118	974.808549
-142.324000	0.010134	976.771789
-142.272000	0.010149	978.749002
-142.220000	0.010165	980.728571
-142.168000	0.010181	982.720947
-142.116000	0.010197	984.716853
-142.064000	0.010212	986.724396
-142.012000	0.010228	988.736787
-141.960000	0.010244	990.760023
-141.908000	0.010260	992.789323
-141.856000	0.010276	994.828278
-141.804000	0.010292	996.874252
-141.752000	0.010308	998.928439
-141.700000	0.010324	1000.990984
-141.648000	0.010340	1003.060963
-141.596000	0.010356	1005.140653
-141.544000	0.010372	1007.226949
-141.492000	0.010388	1009.323705
-141.440000	0.010405	1011.425805
-141.388000	0.010421	1013.539795
-141.336000	0.010437	1015.658218
-141.284000	0.010453	1017.789201
-141.232000	0.010470	1019.923437
-141.180000	0.010486	1022.072207
-141.128000	0.010503	1024.223300
-141.076000	0.010519	1026.389047
-141.024000	0.010535	1028.556636
-140.972000	0.010552	1030.739662
-140.920000	0.010569	1032.925266
-140.868000	0.010585	1035.124551
-140.816000	0.010602	1037.327776
-140.764000	0.010618	1039.543847
-140.712000	0.010635	1041.765158
-140.660000	0.010652	1043.998020
-140.608000	0.010669	1046.237418
-140.556000	0.010685	1048.487090
-140.504000	0.010702	1050.744785
-140.452000	0.010719	1053.011830
-140.400000	0.010736	1055.287598
-140.348000	0.010753	1057.571005
-140.296000	0.010770	1059.865137
-140.244000	0.010787	1062.166475
-140.192000	0.010804	1064.479056
-140.140000	0.010821	1066.797287
-140.088000	0.010838	1069.128269
-140.036000	0.010855	1071.463911
-139.984000	0.010872	1073.813901
-139.932000	0.010890	1076.167487
-139.880000	0.010907	1078.536156
-139.828000	0.010924	1080.907160
-139.776000	0.010941	1083.294413
-139.724000	0.010959	1085.683653
-139.672000	0.010976	1088.089774
-139.620000	0.010994	1090.498690
-139.568000	0.011011	1092.922146
-139.516000	0.011029	1095.349949
-139.464000	0.011046	1097.791788
-139.412000	0.011064	1100.239249
-139.360000	0.011081	1102.698955
-139.308000	0.011099	1105.165662
-139.256000	0.011117	1107.643250
-139.204000	0.011135	1110.129635
-139.152000	0.011152	1112.626192
-139.100000	0.011170	1115.132356
-139.048000	0.011188	1117.646869
-138.996000	0.011206	1120.172809
-138.944000	0.011224	1122.706325
-138.892000	0.011242	1125.252204
-138.840000	0.011260	1127.804198
-138.788000	0.011278	1130.370190
-138.736000	0.011296	1132.941190
-138.684000	0.011314	1135.529186
-138.632000	0.011332	1138.121283
-138.580000	0.011350	1140.723848
-138.528000	0.011369	1143.328153
-138.476000	0.011387	1145.958459
-138.424000	0.011405	1148.590943
-138.372000	0.011424	1151.238746
-138.320000	0.011442	1153.889356
-138.268000	0.011460	1156.553988
-138.216000	0.011479	1159.223803
-138.164000	0.011497	1161.910491
-138.112000	0.011516	1164.602585
-138.060000	0.011535	1167.306100
-138.008000	0.011553	1170.018206
-137.956000	0.011572	1172.743796
-137.904000	0.011591	1175.477354
-137.852000	0.011609	1178.219834
-137.800000	0.011628	1180.974149
-137.748000	0.011647	1183.738774
-137.696000	0.011666	1186.513664
-137.644000	0.011685	1189.295204
-137.592000	0.011704	1192.095132
-137.540000	0.011723	1194.904045
-137.488000	0.011742	1197.721565
-137.436000	0.011761	1200.542168
-137.384000	0.011780	1203.385016
-137.332000	0.011799	1206.232989
-137.280000	0.011818	1209.095716
-137.228000	0.011838	1211.960605
-137.176000	0.011857	1214.846483
-137.124000	0.011876	1217.734386
-137.072000	0.011896	1220.637542
-137.020000	0.011915	1223.544961
-136.968000	0.011934	1226.475395
-136.916000	0.011954	1229.410002
-136.864000	0.011973	1232.357262
-136.812000	0.011993	1235.311495
-136.760000	0.012013	1238.280806
-136.708000	0.012032	1241.258791
-136.656000	0.012052	1244.250171
-136.604000	0.012072	1247.249581
-136.552000	0.012092	1250.257847
-136.500000	0.012111	1253.280739
-136.448000	0.012131	1256.316370
-136.396000	0.012151	1259.362320
-136.344000	0.012171	1262.414857
-136.292000	0.012191	1265.485879
-136.240000	0.012211	1268.565779
-136.188000	0.012231	1271.658243
-136.136000	0.012252	1274.755049
-136.084000	0.012272	1277.869869
-136.032000	0.012292	1280.988803
-135.980000	0.012312	1284.132012
-135.928000	0.012333	1287.278302
-135.876000	0.012353	1290.440525
-135.824000	0.012373	1293.604967
-135.772000	0.012394	1296.789501
-135.720000	0.012414	1299.978400
-135.668000	0.012435	1303.190200
-135.616000	0.012456	1306.406229
-135.564000	0.012476	1309.634837
-135.512000	0.012497	1312.872019
-135.460000	0.012518	1316.127892
-135.408000	0.012538	1319.390583
-135.356000	0.012559	1322.663276
-135.304000	0.012580	1325.948716
-135.252000	0.012601	1329.248737
-135.200000	0.012622	1332.560735
-135.148000	0.012643	1335.882871
-135.096000	0.012664	1339.221649
-135.044000	0.012685	1342.571124
-134.992000	0.012706	1345.932088
-134.940000	0.012727	1349.298449
-134.888000	0.012749	1352.685315
-134.836000	0.012770	1356.079013
-134.784000	0.012791	1359.490796
-134.732000	0.012813	1362.906599
-134.680000	0.012834	1366.346769
-134.628000	0.012856	1369.789903
-134.576000	0.012877	1373.249021
-134.524000	0.012899	1376.711038
-134.472000	0.012920	1380.202832
-134.420000	0.012942	1383.697610
-134.368000	0.012964	1387.206188
-134.316000	0.012986	1390.721329
-134.264000	0.013007	1394.257146
-134.212000	0.013029	1397.800083
-134.160000	0.013051	1401.357912
-134.108000	0.013073	1404.926503
-134.056000	0.013095	1408.511580
-134.004000	0.013117	1412.109489
-133.952000	0.013139	1415.721866
-133.900000	0.013161	1419.346277
-133.848000	0.013184	1422.980738
-133.796000	0.013206	1426.628763
-133.744000	0.013228	1430.285308
-133.692000	0.013251	1433.960509
-133.640000	0.013273	1437.644360
-133.588000	0.013296	1441.348801
-133.536000	0.013318	1445.059957
-133.484000	0.013341	1448.789262
-133.432000	0.013363	1452.522490
-133.380000	0.013386	1456.280176
-133.328000	0.013409	1460.040703
-133.276000	0.013431	1463.822440
-133.224000	0.013454	1467.607172
-133.172000	0.013477	1471.421534
-133.120000	0.013500	1475.239687
-133.068000	0.013523	1479.076028
-133.016000	0.013546	1482.917855
-132.964000	0.013569	1486.776175
-132.912000	0.013592	1490.644811
-132.860000	0.013615	1494.535562
-132.808000	0.013639	1498.435184
-132.756000	0.013662	1502.347922
-132.704000	0.013685	1506.275947
-132.652000	0.013709	1510.221180
-132.600000	0.013732	1514.178499
-132.548000	0.013756	1518.145778
-132.496000	0.013779	1522.129856
-132.444000	0.013803	1526.124405
-132.392000	0.013827	1530.137690
-132.340000	0.013850	1534.159509
-132.288000	0.013874	1538.201996
-132.236000	0.013898	1542.251079
-132.184000	0.013922	1546.318373
-132.132000	0.013946	1550.389490
-132.080000	0.013970	1554.489944
-132.028000	0.013994	1558.593542
-131.976000	0.014018	1562.723620
-131.924000	0.014042	1566.856365
-131.872000	0.014066	1571.013744
-131.820000	0.014091	1575.175759
-131.768000	0.014115	1579.360304
-131.716000	0.014139	1583.551581
-131.664000	0.014164	1587.763293
-131.612000	0.014188	1591.985423
-131.560000	0.014213	1596.229527
-131.508000	0.014237	1600.482555
-131.456000	0.014262	1604.748607
-131.404000	0.014287	1609.030040
-131.352000	0.014312	1613.328546
-131.300000	0.014336	1617.641987
-131.248000	0.014361	1621.967724
-131.196000	0.014386	1626.310331
-131.144000	0.014411	1630.663295
-131.092000	0.014436	1635.038675
-131.040000	0.014461	1639.424089
-130.988000	0.014487	1643.830250
-130.936000	0.014512	1648.242885
-130.884000	0.014537	1652.678205
-130.832000	0.014563	1657.118056
-130.780000	0.014588	1661.582530
-130.728000	0.014613	1666.049591
-130.676000	0.014639	1670.548440
-130.624000	0.014665	1675.050336
-130.572000	0.014690	1679.581565
-130.520000	0.014716	1684.116710
-130.468000	0.014742	1688.669838
-130.416000	0.014768	1693.232192
-130.364000	0.014794	1697.822897
-130.312000	0.014819	1702.422505
-130.260000	0.014846	1707.040333
-130.208000	0.014872	1711.669147
-130.156000	0.014898	1716.314105
-130.104000	0.014924	1720.974534
-130.052000	0.014950	1725.651900
-130.000000	0.014977	1730.347089
-129.948000	0.015003	1735.056869
-129.896000	0.015029	1739.783588
-129.844000	0.015056	1744.520547
-129.792000	0.015082	1749.280016
-129.740000	0.015109	1754.049377
-129.688000	0.015136	1758.839561
-129.636000	0.015163	1763.636097
-129.584000	0.015189	1768.464268
-129.532000	0.015216	1773.298423
-129.480000	0.015243	1778.157284
-129.428000	0.015270	1783.018712
-129.376000	0.015297	1787.911818
-129.324000	0.015325	1792.807633
-129.272000	0.015352	1797.727822
-129.220000	0.015379	1802.654461
-129.168000	0.015406	1807.612185
-129.116000	0.015434	1812.576798
-129.064000	0.015461	1817.561598
-129.012000	0.015489	1822.558642
-128.960000	0.015516	1827.580975
-128.908000	0.015544	1832.614365
-128.856000	0.015572	1837.663782
-128.804000	0.015599	1842.728759
-128.752000	0.015627	1847.810541
-128.700000	0.015655	1852.910229
-128.648000	0.015683	1858.024370
-128.596000	0.015711	1863.162015
-128.544000	0.015740	1868.313742
-128.492000	0.015768	1873.484420
-128.440000	0.015796	1878.663273
-128.388000	0.015824	1883.867077
-128.336000	0.015853	1889.078278
-128.284000	0.015881	1894.321241
-128.232000	0.015910	1899.570017
-128.180000	0.015938	1904.843577
-128.128000	0.015967	1910.119741
-128.076000	0.015996	1915.432616
-128.024000	0.016025	1920.748727
-127.972000	0.016053	1926.093866
-127.920000	0.016082	1931.444731
-127.868000	0.016111	1936.822133
-127.816000	0.016141	1942.207750
-127.764000	0.016170	1947.617407
-127.712000	0.016199	1953.039423
-127.660000	0.016228	1958.486568
-127.608000	0.016258	1963.946896
-127.556000	0.016287	1969.426305
-127.504000	0.016317	1974.923817
-127.452000	0.016346	1980.440766
-127.400000	0.016376	1985.972841
-127.348000	0.016405	1991.516875
-127.296000	0.016435	1997.084522
-127.244000	0.016465	2002.666090
-127.192000	0.016495	2008.274025
-127.140000	0.016525	2013.893122
-127.088000	0.016555	2019.537264
-127.036000	0.016585	2025.188656
-126.984000	0.016616	2030.871930
-126.932000	0.016646	2036.560845
-126.880000	0.016676	2042.279513
-126.828000	0.016707	2048.001087
-126.776000	0.016737	2053.754028
-126.724000	0.016768	2059.511241
-126.672000	0.016799	2065.306854
-126.620000	0.016829	2071.107424
-126.568000	0.016860	2076.930021
-126.516000	0.016891	2082.763475
-126.464000	0.016922	2088.628739
-126.412000	0.016953	2094.504800
-126.360000	0.016984	2100.402275
-126.308000	0.017015	2106.315101
-126.256000	0.017047	2112.250023
-126.204000	0.017078	2118.200665
-126.152000	0.017110	2124.167847
-126.100000	0.017141	2130.155995
-126.048000	0.017173	2136.160666
-125.996000	0.017204	2142.189059
-125.944000	0.017236	2148.231210
-125.892000	0.017268	2154.299844
-125.840000	0.017300	2160.379477
-125.788000	0.017332	2166.488348
-125.736000	0.017364	2172.605452
-125.684000	0.017396	2178.754559
-125.632000	0.017428	2184.909135
-125.580000	0.017461	2191.093564
-125.528000	0.017493	2197.280959
-125.476000	0.017525	2203.504711
-125.424000	0.017558	2209.732881
-125.372000	0.017591	2215.999260
-125.320000	0.017623	2222.271566
-125.268000	0.017656	2228.570108
-125.216000	0.017689	2234.878354
-125.164000	0.017722	2241.214287
-125.112000	0.017755	2247.564506
-125.060000	0.017788	2253.943055
-125.008000	0.017821	2260.334965
-124.956000	0.017854	2266.745691
-124.904000	0.017888	2273.177232
-124.852000	0.017921	2279.630625
-124.800000	0.017955	2286.102178
-124.748000	0.017988	2292.587778
-124.696000	0.018022	2299.100525
-124.644000	0.018056	2305.628786
-124.592000	0.018090	2312.183642
-124.540000	0.018124	2318.749329
-124.488000	0.018158	2325.344374
-124.436000	0.018192	2331.947484
-124.384000	0.018226	2338.587243
-124.332000	0.018260	2345.233000
-124.280000	0.018295	2351.908714
-124.228000	0.018329	2358.587497
-124.176000	0.018364	2365.307586
-124.124000	0.018398	2372.031732
-124.072000	0.018433	2378.789170
-124.020000	0.018468	2385.554459
-123.968000	0.018503	2392.354474
-123.916000	0.018538	2399.164310
-123.864000	0.018573	2406.001666
-123.812000	0.018608	2412.851724
-123.760000	0.018643	2419.726426
-123.708000	0.018679	2426.618824
-123.656000	0.018714	2433.536106
-123.604000	0.018749	2440.471804
-123.552000	0.018785	2447.426480
-123.500000	0.018821	2454.402334
-123.448000	0.018857	2461.394394
-123.396000	0.018892	2468.413734
-123.344000	0.018928	2475.448404
-123.292000	0.018964	2482.513524
-123.240000	0.019001	2489.590799
-123.188000	0.019037	2496.697552
-123.136000	0.019073	2503.812199
-123.084000	0.019110	2510.963639
-123.032000	0.019146	2518.120884
-122.980000	0.019183	2525.313144
-122.928000	0.019219	2532.508770
-122.876000	0.019256	2539.745504
-122.824000	0.019293	2546.986420
-122.772000	0.019330	2554.260459
-122.720000	0.019367	2561.542494
-122.668000	0.019404	2568.859059
-122.616000	0.019442	2576.186904
-122.564000	0.019479	2583.545996
-122.512000	0.019517	2590.919647
-122.460000	0.019554	2598.321265
-122.408000	0.019592	2605.738568
-122.356000	0.019630	2613.177501
-122.304000	0.019667	2620.637502
-122.252000	0.019705	2628.119002
-122.200000	0.019743	2635.621791
-122.148000	0.019781	2643.140630
-122.096000	0.019820	2650.690239
-122.044000	0.019858	2658.256864
-121.992000	0.019896	2665.850318
-121.940000	0.019935	2673.454274
-121.888000	0.019974	2681.091993
-121.836000	0.020012	2688.738503
-121.784000	0.020051	2696.421949
-121.732000	0.020090	2704.111007
-121.680000	0.020129	2711.840180
-121.628000	0.020168	2719.572976
-121.576000	0.020208	2727.346678
-121.524000	0.020247	2735.124689
-121.472000	0.020286	2742.935655
-121.420000	0.020326	2750.755719
-121.368000	0.020366	2758.614395
-121.316000	0.020405	2766.483132
-121.264000	0.020445	2774.379061
-121.212000	0.020485	2782.291454
-121.160000	0.020525	2790.235098
-121.108000	0.020565	2798.194540
-121.056000	0.020606	2806.175452
-121.004000	0.020646	2814.177562
-120.952000	0.020687	2822.200995
-120.900000	0.020727	2830.251779
-120.848000	0.020768	2838.322958
-120.796000	0.020809	2846.418311
-120.744000	0.020850	2854.526779
-120.692000	0.020891	2862.669758
-120.640000	0.020932	2870.825963
-120.588000	0.020973	2879.011888
-120.536000	0.021014	2887.205374
-120.484000	0.021056	2895.440534
-120.432000	0.021097	2903.681749
-120.380000	0.021139	2911.963228
-120.328000	0.021181	2920.248307
-120.276000	0.021223	2928.574104
-120.224000	0.021265	2936.904911
-120.172000	0.021307	2945.273151
-120.120000	0.021349	2953.649679
-120.068000	0.021391	2962.060361
-120.016000	0.021434	2970.482606
-119.964000	0.021476	2978.935729
-119.912000	0.021519	2987.403690
-119.860000	0.021562	2995.899256
-119.808000	0.021605	3004.415113
-119.756000	0.021648	3012.958361
-119.704000	0.021691	3021.522941
-119.652000	0.021734	3030.108668
-119.600000	0.021777	3038.715908
-119.548000	0.021821	3047.338880
-119.496000	0.021864	3055.996343
-119.444000	0.021908	3064.672239
-119.392000	0.021952	3073.375202
-119.340000	0.021996	3082.088338
-119.288000	0.022040	3090.839735
-119.236000	0.022084	3099.600564
-119.184000	0.022128	3108.394012
-119.132000	0.022173	3117.192072
-119.080000	0.022217	3126.035563
-119.028000	0.022262	3134.883037
-118.976000	0.022307	3143.776065
-118.924000	0.022352	3152.673657
-118.872000	0.022397	3161.603867
-118.820000	0.022442	3170.543510
-118.768000	0.022487	3179.521348
-118.716000	0.022532	3188.510894
-118.664000	0.022578	3197.531130
-118.612000	0.022623	3206.568154
-118.560000	0.022669	3215.636019
-118.508000	0.022715	3224.719914
-118.456000	0.022761	3233.824970
-118.404000	0.022807	3242.954107
-118.352000	0.022853	3252.106827
-118.300000	0.022900	3261.287213
-118.248000	0.022946	3270.487590
-118.196000	0.022993	3279.712376
-118.144000	0.023040	3288.949953
-118.092000	0.023086	3298.222370
-118.040000	0.023133	3307.507599
-117.988000	0.023181	3316.827026
-117.936000	0.023228	3326.154678
-117.884000	0.023275	3335.524347
-117.832000	0.023323	3344.899645
-117.780000	0.023370	3354.310470
-117.728000	0.023418	3363.724877
-117.676000	0.023466	3373.184629
-117.624000	0.023514	3382.650311
-117.572000	0.023562	3392.157656
-117.520000	0.023610	3401.672563
-117.468000	0.023659	3411.217047
-117.416000	0.023707	3420.774809
-117.364000	0.023756	3430.366881
-117.312000	0.023805	3439.974076
-117.260000	0.023854	3449.608511
-117.208000	0.023903	3459.263561
-117.156000	0.023952	3468.945605
-117.104000	0.024001	3478.649251
-117.052000	0.024051	3488.373689
-117.000000	0.024101	3498.122914
-116.948000	0.024150	3507.889742
-116.896000	0.024200	3517.684543
-116.844000	0.024250	3527.493759
-116.792000	0.024300	3537.337983
-116.740000	0.024351	3547.194813
-116.688000	0.024401	3557.081736
-116.636000	0.024452	3566.975719
-116.584000	0.024502	3576.911891
-116.532000	0.024553	3586.853479
-116.480000	0.024604	3596.840848
-116.428000	0.024656	3606.831688
-116.376000	0.024707	3616.857676
-116.324000	0.024758	3626.889769
-116.272000	0.024810	3636.963312
-116.220000	0.024862	3647.045588
-116.168000	0.024913	3657.161461
-116.116000	0.024965	3667.289335
-116.064000	0.025018	3677.447536
-116.012000	0.025070	3687.622854
-115.960000	0.025122	3697.828607
-115.908000	0.025175	3708.050629
-115.856000	0.025228	3718.293501
-115.804000	0.025281	3728.560771
-115.752000	0.025334	3738.851224
-115.700000	0.025387	3749.166607
-115.648000	0.025440	3759.499415
-115.596000	0.025494	3769.860340
-115.544000	0.025547	3780.235498
-115.492000	0.025601	3790.641962
-115.440000	0.025655	3801.059466
-115.388000	0.025709	3811.511469
-115.336000	0.025763	3821.971319
-115.284000	0.025818	3832.468854
-115.232000	0.025872	3842.971043
-115.180000	0.025927	3853.514110
-115.128000	0.025982	3864.060699
-115.076000	0.026037	3874.647236
-115.024000	0.026092	3885.239390
-114.972000	0.026147	3895.868219
-114.920000	0.026203	3906.506997
-114.868000	0.026258	3917.183351
-114.816000	0.026314	3927.870384
-114.764000	0.026370	3938.583801
-114.712000	0.026426	3949.312631
-114.660000	0.026482	3960.068342
-114.608000	0.026539	3970.842719
-114.556000	0.026595	3981.640741
-114.504000	0.026652	3992.460644
-114.452000	0.026709	4003.300986
-114.400000	0.026766	4014.163318
-114.348000	0.026823	4025.040752
-114.296000	0.026881	4035.949936
-114.244000	0.026938	4046.874909
-114.192000	0.026996	4057.827446
-114.140000	0.027054	4068.789503
-114.088000	0.027112	4079.786208
-114.036000	0.027170	4090.790574
-113.984000	0.027228	4101.832781
-113.932000	0.027287	4112.879452
-113.880000	0.027346	4123.962057
-113.828000	0.027405	4135.048041
-113.776000	0.027464	4146.173781
-113.724000	0.027523	4157.305293
-113.672000	0.027582	4168.473297
-113.620000	0.027642	4179.649249
-113.568000	0.027701	4190.854287
-113.516000	0.027761	4202.071624
-113.464000	0.027821	4213.318922
-113.412000	0.027882	4224.579886
-113.360000	0.027942	4235.864219
-113.308000	0.028003	4247.167363
-113.256000	0.028063	4258.493976
-113.204000	0.028124	4269.839910
-113.152000	0.028186	4281.203582
-113.100000	0.028247	4292.592471
-113.048000	0.028308	4303.998426
-112.996000	0.028370	4315.429283
-112.944000	0.028432	4326.872292
-112.892000	0.028494	4338.342994
-112.840000	0.028556	4349.823053
-112.788000	0.028618	4361.333595
-112.736000	0.028681	4372.850700
-112.684000	0.028744	4384.405804
-112.632000	0.028807	4395.965185
-112.580000	0.028870	4407.560631
-112.528000	0.028933	4419.159160
-112.476000	0.028997	4430.792333
-112.424000	0.029060	4442.430729
-112.372000	0.029124	4454.100908
-112.320000	0.029188	4465.779168
-112.268000	0.029252	4477.486352
-112.216000	0.029317	4489.202961
-112.164000	0.029381	4500.941918
-112.112000	0.029446	4512.696584
-112.060000	0.029511	4524.477777
-112.008000	0.029576	4536.275607
-111.956000	0.029642	4548.093819
-111.904000	0.029707	4559.928753
-111.852000	0.029773	4571.778766
-111.800000	0.029839	4583.651016
-111.748000	0.029905	4595.538053
-111.696000	0.029971	4607.450120
-111.644000	0.030038	4619.374177
-111.592000	0.030105	4631.326059
-111.540000	0.030172	4643.287139
-111.488000	0.030239	4655.274494
-111.436000	0.030306	4667.267362
-111.384000	0.030374	4679.288897
-111.332000	0.030441	4691.313552
-111.280000	0.030509	4703.374409
-111.228000	0.030577	4715.438011
-111.176000	0.030646	4727.531187
-111.124000	0.030714	4739.629721
-111.072000	0.030783	4751.759876
-111.020000	0.030852	4763.897114
-110.968000	0.030921	4776.059018
-110.916000	0.030990	4788.230455
-110.864000	0.031060	4800.424105
-110.812000	0.031130	4812.629737
-110.760000	0.031200	4824.855137
-110.708000	0.031270	4837.094960
-110.656000	0.031340	4849.352126
-110.604000	0.031411	4861.626119
-110.552000	0.031482	4873.915056
-110.500000	0.031553	4886.223208
-110.448000	0.031624	4898.543911
-110.396000	0.031696	4910.882667
-110.344000	0.031767	4923.229906
-110.292000	0.031839	4935.605100
-110.240000	0.031911	4947.989331
-110.188000	0.031984	4960.395590
-110.136000	0.032056	4972.806354
-110.084000	0.032129	4985.245900
-110.032000	0.032202	4997.688423
-109.980000	0.032275	5010.156950
-109.928000	0.032349	5022.627723
-109.876000	0.032422	5035.123045
-109.824000	0.032496	5047.623113
-109.772000	0.032570	5060.150157
-109.720000	0.032645	5072.683243
-109.668000	0.032719	5085.236781
-109.616000	0.032794	5097.799962
-109.564000	0.032869	5110.385225
-109.512000	0.032944	5122.978657
-109.460000	0.033020	5135.585186
-109.408000	0.033095	5148.206244
-109.356000	0.033171	5160.844512
-109.304000	0.033247	5173.494175
-109.252000	0.033324	5186.153731
-109.200000	0.033400	5198.829438
-109.148000	0.033477	5211.515504
-109.096000	0.033554	5224.219713
-109.044000	0.033632	5236.932291
-108.992000	0.033709	5249.664999
-108.940000	0.033787	5262.404083
-108.888000	0.033865	5275.160907
-108.836000	0.033944	5287.921271
-108.784000	0.034022	5300.700958
-108.732000	0.034101	5313.482597
-108.680000	0.034180	5326.290339
-108.628000	0.034259	5339.100313
-108.576000	0.034339	5351.934713
-108.524000	0.034418	5364.771663
-108.472000	0.034498	5377.622082
-108.420000	0.034579	5390.477460
-108.368000	0.034659	5403.349120
-108.316000	0.034740	5416.228958
-108.264000	0.034821	5429.127086
-108.212000	0.034902	5442.031470
-108.160000	0.034984	5454.945615
-108.108000	0.035065	5467.869628
-108.056000	0.035147	5480.805032
-108.004000	0.035230	5493.751896
-107.952000	0.035312	5506.708561
-107.900000	0.035395	5519.675081
-107.848000	0.035478	5532.647779
-107.796000	0.035561	5545.635110
-107.744000	0.035645	5558.629064
-107.692000	0.035729	5571.635240
-107.640000	0.035813	5584.645224
-107.588000	0.035897	5597.673014
-107.536000	0.035982	5610.704246
-107.484000	0.036067	5623.745262
-107.432000	0.036152	5636.787292
-107.380000	0.036237	5649.850310
-107.328000	0.036323	5662.914367
-107.276000	0.036409	5675.988212
-107.224000	0.036495	5689.064658
-107.172000	0.036582	5702.154497
-107.120000	0.036669	5715.248173
-107.068000	0.036756	5728.354004
-107.016000	0.036843	5741.464905
-106.964000	0.036930	5754.586730
-106.912000	0.037018	5767.712851
-106.860000	0.037107	5780.845438
-106.808000	0.037195	5793.983144
-106.756000	0.037284	5807.126515
-106.704000	0.037373	5820.278600
-106.652000	0.037462	5833.437980
-106.600000	0.037551	5846.604044
-106.548000	0.037641	5859.774203
-106.496000	0.037732	5872.948211
-106.444000	0.037822	5886.123923
-106.392000	0.037913	5899.311903
-106.340000	0.038004	5912.503616
-106.288000	0.038095	5925.699933
-106.236000	0.038187	5938.897195
-106.184000	0.038278	5952.104268
-106.132000	0.038371	5965.312313
-106.080000	0.038463	5978.530928
-106.028000	0.038556	5991.750142
-105.976000	0.038649	6004.974275
-105.924000	0.038742	6018.199433
-105.872000	0.038836	6031.429082
-105.820000	0.038930	6044.660182
-105.768000	0.039024	6057.895347
-105.716000	0.039119	6071.134008
-105.664000	0.039214	6084.379916
-105.612000	0.039309	6097.626096
-105.560000	0.039404	6110.872295
-105.508000	0.039500	6124.121207
-105.456000	0.039596	6137.372936
-105.404000	0.039693	6150.627760
-105.352000	0.039790	6163.885024
-105.300000	0.039887	6177.142522
-105.248000	0.039984	6190.400086
-105.196000	0.040082	6203.657862
-105.144000	0.040180	6216.915729
-105.092000	0.040278	6230.177825
-105.040000	0.040377	6243.441216
-104.988000	0.040476	6256.704770
-104.936000	0.040575	6269.968458
-104.884000	0.040675	6283.227436
-104.832000	0.040774	6296.486222
-104.780000	0.040875	6309.750322
-104.728000	0.040975	6323.014167
-104.676000	0.041076	6336.273312
-104.624000	0.041178	6349.532656
-104.572000	0.041279	6362.792068
-104.520000	0.041381	6376.051699
-104.468000	0.041483	6389.311380
-104.416000	0.041586	6402.568012
-104.364000	0.041689	6415.817506
-104.312000	0.041792	6429.067255
-104.260000	0.041896	6442.317019
-104.208000	0.042000	6455.564597
-104.156000	0.042104	6468.809419
-104.104000	0.042209	6482.051627
-104.052000	0.042314	6495.291501
-104.000000	0.042419	6508.525080
-103.948000	0.042525	6521.754785
-103.896000	0.042631	6534.981022
-103.844000	0.042737	6548.205777
-103.792000	0.042844	6561.426641
-103.740000	0.042951	6574.646449
-103.688000	0.043059	6587.857468
-103.636000	0.043166	6601.067096
-103.584000	0.043275	6614.267104
-103.532000	0.043383	6627.466450
-103.480000	0.043492	6640.655551
-103.428000	0.043601	6653.843911
-103.376000	0.043711	6667.022807
-103.324000	0.043821	6680.200174
-103.272000	0.043931	6693.368865
-103.220000	0.044042	6706.533979
-103.168000	0.044153	6719.687238
-103.116000	0.044265	6732.837391
-103.064000	0.044377	6745.980446
-103.012000	0.044489	6759.117533
-102.960000	0.044601	6772.245155
-102.908000	0.044715	6785.368079
-102.856000	0.044828	6798.485512
-102.804000	0.044942	6811.591663
-102.752000	0.045056	6824.688448
-102.700000	0.045170	6837.775598
-102.648000	0.045285	6850.856966
-102.596000	0.045401	6863.931146
-102.544000	0.045516	6877.002318
-102.492000	0.045633	6890.053211
-102.440000	0.045749	6903.098502
-102.388000	0.045866	6916.134951
-102.336000	0.045983	6929.170046
-102.284000	0.046101	6942.180784
-102.232000	0.046219	6955.189784
-102.180000	0.046337	6968.183412
-102.128000	0.046456	6981.175296
-102.076000	0.046576	6994.148249
-102.024000	0.046695	7007.117861
-101.972000	0.046816	7020.070138
-101.920000	0.046936	7033.016194
-101.868000	0.047057	7045.942564
-101.816000	0.047178	7058.862398
-101.764000	0.047300	7071.768093
-101.712000	0.047422	7084.665648
-101.660000	0.047545	7097.550666
-101.608000	0.047668	7110.420947
-101.556000	0.047792	7123.274846
-101.504000	0.047915	7136.120259
-101.452000	0.048040	7148.958722
-101.400000	0.048165	7161.777562
-101.348000	0.048290	7174.584905
-101.296000	0.048415	7187.373887
-101.244000	0.048541	7200.155334
-101.192000	0.048668	7212.912273
-101.140000	0.048795	7225.662598
-101.088000	0.048922	7238.394996
-101.036000	0.049050	7251.124649
-100.984000	0.049178	7263.824908
-100.932000	0.049307	7276.522873
-100.880000	0.049436	7289.190123
-100.828000	0.049566	7301.854539
-100.776000	0.049696	7314.490641
-100.724000	0.049826	7327.121503
-100.672000	0.049957	7339.726456
-100.620000	0.050089	7352.325067
-100.568000	0.050221	7364.904101
-100.516000	0.050353	7377.471372
-100.464000	0.050486	7390.014028
-100.412000	0.050619	7402.542108
-100.360000	0.050753	7415.048393
-100.308000	0.050887	7427.539795
-100.256000	0.051022	7440.014944
-100.204000	0.051157	7452.472767
-100.152000	0.051293	7464.916779
-100.100000	0.051429	7477.334375
-100.048000	0.051566	7489.736793
-99.996000	0.051703	7502.117003
-99.944000	0.051840	7514.488283
-99.892000	0.051978	7526.826651
-99.840000	0.052117	7539.156335
-99.788000	0.052256	7551.458926
-99.736000	0.052396	7563.757468
-99.684000	0.052536	7576.016598
-99.632000	0.052676	7588.272620
-99.580000	0.052817	7600.487824
-99.528000	0.052959	7612.699534
-99.476000	0.053101	7624.878349
-99.424000	0.053243	7637.049939
-99.372000	0.053387	7649.187221
-99.320000	0.053530	7661.315463
-99.268000	0.053674	7673.416427
-99.216000	0.053819	7685.502005
-99.164000	0.053964	7697.556123
-99.112000	0.054109	7709.593366
-99.060000	0.054256	7721.605869
-99.008000	0.054402	7733.598268
-98.956000	0.054550	7745.569168
-98.904000	0.054697	7757.513772
-98.852000	0.054846	7769.437833
-98.800000	0.054995	7781.335295
-98.748000	0.055144	7793.217751
-98.696000	0.055294	7805.066606
-98.644000	0.055445	7816.902222
-98.592000	0.055595	7828.700589
-98.540000	0.055747	7840.489368
-98.488000	0.055899	7852.241801
-98.436000	0.056052	7863.988965
-98.384000	0.056205	7875.686618
-98.332000	0.056359	7887.380485
-98.280000	0.056513	7899.028610
-98.228000	0.056668	7910.672001
-98.176000	0.056824	7922.273264
-98.124000	0.056980	7933.866174
-98.072000	0.057136	7945.420581
-98.020000	0.057293	7956.961665
-97.968000	0.057451	7968.463981
-97.916000	0.057609	7979.948951
-97.864000	0.057768	7991.399180
-97.812000	0.057928	8002.828036
-97.760000	0.058088	8014.226184
-97.708000	0.058249	8025.601479
-97.656000	0.058410	8036.952777
-97.604000	0.058572	8048.274607
-97.552000	0.058734	8059.573828
-97.500000	0.058897	8070.836160
-97.448000	0.059061	8082.078075
-97.396000	0.059225	8093.282413
-97.344000	0.059390	8104.472247
-97.292000	0.059556	8115.620451
-97.240000	0.059722	8126.758207
-97.188000	0.059888	8137.845698
-97.136000	0.060056	8148.926142
-97.084000	0.060224	8159.956848
-97.032000	0.060393	8170.983465
-96.980000	0.060562	8181.954393
-96.928000	0.060732	8192.919820
-96.876000	0.060902	8203.838648
-96.824000	0.061073	8214.746019
-96.772000	0.061245	8225.602290
-96.720000	0.061418	8236.445012
-96.668000	0.061591	8247.249182
-96.616000	0.061764	8258.032231
-96.564000	0.061939	8268.773847
-96.512000	0.062114	8279.493859
-96.460000	0.062289	8290.183376
-96.408000	0.062466	8300.842089
-96.356000	0.062643	8311.469063
-96.304000	0.062820	8322.060370
-96.252000	0.062999	8332.624799
-96.200000	0.063178	8343.152087
-96.148000	0.063358	8353.659194
-96.096000	0.063538	8364.124705
-96.044000	0.063719	8374.574493
-95.992000	0.063901	8384.974029
-95.940000	0.064083	8395.361265
-95.888000	0.064266	8405.693391
-95.836000	0.064450	8416.018078
-95.784000	0.064635	8426.282794
-95.732000	0.064820	8436.542947
-95.680000	0.065006	8446.747642
-95.628000	0.065193	8456.944858
-95.576000	0.065380	8467.081759
-95.524000	0.065568	8477.206933
-95.472000	0.065757	8487.281265
-95.420000	0.065947	8497.339037
-95.368000	0.066137	8507.350801
-95.316000	0.066328	8517.341172
-95.264000	0.066519	8527.290367
-95.212000	0.066712	8537.213332
-95.160000	0.066905	8547.099963
-95.108000	0.067099	8556.952912
-95.056000	0.067294	8566.771759
-95.004000	0.067489	8576.554666
-94.952000	0.067686	8586.310953
-94.900000	0.067883	8596.023030
-94.848000	0.068080	8605.711531
-94.796000	0.068279	8615.350557
-94.744000	0.068478	8624.971268
-94.692000	0.068678	8634.541460
-94.640000	0.068879	8644.099611
-94.588000	0.069081	8653.597757
-94.536000	0.069283	8663.088113
-94.484000	0.069486	8672.518231
-94.432000	0.069690	8681.943195
-94.380000	0.069895	8691.297862
-94.328000	0.070101	8700.645367
-94.276000	0.070307	8709.937451
-94.224000	0.070514	8719.215521
-94.172000	0.070722	8728.434572
-94.120000	0.070931	8737.636795
-94.068000	0.071141	8746.793266
-94.016000	0.071351	8755.924438
-93.964000	0.071562	8765.007877
-93.912000	0.071775	8774.062592
-93.860000	0.071988	8783.078225
-93.808000	0.072202	8792.062508
-93.756000	0.072416	8801.015574
-93.704000	0.072632	8809.923342
-93.652000	0.072848	8818.798153
-93.600000	0.073066	8827.631894
-93.548000	0.073283	8836.444133
-93.496000	0.073503	8845.202768
-93.444000	0.073722	8853.941979
-93.392000	0.073943	8862.626159
-93.340000	0.074165	8871.297568
-93.288000	0.074387	8879.904039
-93.236000	0.074611	8888.502418
-93.184000	0.074835	8897.035240
-93.132000	0.075060	8905.562903
-93.080000	0.075286	8914.025573
-93.028000	0.075513	8922.479557
-92.976000	0.075741	8930.869179
-92.924000	0.075970	8939.244474
-92.872000	0.076200	8947.561053
-92.820000	0.076430	8955.859098
-92.768000	0.076662	8964.107856
-92.716000	0.076894	8972.331002
-92.664000	0.077128	8980.506715
-92.612000	0.077362	8988.653412
-92.560000	0.077598	8996.761312
-92.508000	0.077834	9004.832296
-92.456000	0.078071	9012.867160
-92.404000	0.078310	9020.859441
-92.352000	0.078548	9028.821268
-92.300000	0.078789	9036.738299
-92.248000	0.079030	9044.632315
-92.196000	0.079272	9052.472415
-92.144000	0.079515	9060.293392
-92.092000	0.079760	9068.054787
-92.040000	0.080004	9075.802724
-91.988000	0.080251	9083.485411
-91.936000	0.080498	9091.160305
-91.884000	0.080746	9098.769354
-91.832000	0.080995	9106.372993
-91.780000	0.081245	9113.906933
-91.728000	0.081496	9121.431877
-91.676000	0.081749	9128.892762
-91.624000	0.082002	9136.340062
-91.572000	0.082257	9143.733117
-91.520000	0.082512	9151.105890
-91.468000	0.082768	9158.425892
-91.416000	0.083026	9165.718107
-91.364000	0.083284	9172.959823
-91.312000	0.083544	9180.174495
-91.260000	0.083805	9187.353619
-91.208000	0.084067	9194.492841
-91.156000	0.084330	9201.593688
-91.104000	0.084594	9208.654710
-91.052000	0.084859	9215.687737
-91.000000	0.085125	9222.672200
-90.948000	0.085392	9229.632176
-90.896000	0.085661	9236.537924
-90.844000	0.085930	9243.424851
-90.792000	0.086201	9250.251884
-90.740000	0.086473	9257.065762
-90.688000	0.086746	9263.818766
-90.636000	0.087020	9270.564817
-90.584000	0.087295	9277.239645
-90.532000	0.087571	9283.909168
-90.480000	0.087849	9290.514249
-90.428000	0.088128	9297.110024
-90.376000	0.088408	9303.642038
-90.324000	0.088689	9310.159104
-90.272000	0.088972	9316.618055
-90.220000	0.089255	9323.056413
-90.168000	0.089540	9329.442299
-90.116000	0.089825	9335.803830
-90.064000	0.090113	9342.121876
-90.012000	0.090401	9348.410323
-89.960000	0.090691	9354.660541
-89.908000	0.090982	9360.873212
-89.856000	0.091274	9367.050368
-89.804000	0.091567	9373.184315
-89.752000	0.091862	9379.288415
-89.700000	0.092158	9385.347138
-89.648000	0.092455	9391.383408
-89.596000	0.092753	9397.369037
-89.544000	0.093053	9403.337470
-89.492000	0.093354	9409.245700
-89.440000	0.093656	9415.141075
-89.388000	0.093960	9420.975288
-89.336000	0.094264	9426.802828
-89.284000	0.094571	9432.563946
-89.232000	0.094878	9438.319601
-89.180000	0.095187	9444.006157
-89.128000	0.095497	9449.683791
-89.076000	0.095809	9455.302500
-89.024000	0.096122	9460.907047
-88.972000	0.096436	9466.457909
-88.920000	0.096752	9471.989367
-88.868000	0.097069	9477.472381
-88.816000	0.097387	9482.930750
-88.764000	0.097707	9488.345918
-88.712000	0.098028	9493.728887
-88.660000	0.098351	9499.070986
-88.608000	0.098674	9504.380651
-88.556000	0.099000	9509.660137
-88.504000	0.099327	9514.899217
-88.452000	0.099656	9520.110866
-88.400000	0.099985	9525.276845
-88.348000	0.100316	9530.420650
-88.296000	0.100648	9535.513526
-88.244000	0.100983	9540.589489
-88.192000	0.101318	9545.613591
-88.140000	0.101656	9550.626941
-88.088000	0.101995	9555.578840
-88.036000	0.102335	9560.524344
-87.984000	0.102676	9565.403139
-87.932000	0.103020	9570.277067
-87.880000	0.103364	9575.092030
-87.828000	0.103710	9579.897783
-87.776000	0.104058	9584.644889
-87.724000	0.104407	9589.377543
-87.672000	0.104758	9594.056794
-87.620000	0.105110	9598.719396
-87.568000	0.105464	9603.341245
-87.516000	0.105820	9607.938158
-87.464000	0.106177	9612.492154
-87.412000	0.106536	9617.018299
-87.360000	0.106897	9621.509671
-87.308000	0.107258	9625.968340
-87.256000	0.107622	9630.397091
-87.204000	0.107987	9634.785145
-87.152000	0.108355	9639.146048
-87.100000	0.108723	9643.468076
-87.048000	0.109093	9647.771584
-86.996000	0.109464	9652.027818
-86.944000	0.109839	9656.268702
-86.892000	0.110214	9660.457456
-86.840000	0.110592	9664.635716
-86.788000	0.110970	9668.756992
-86.736000	0.111351	9672.872628
-86.684000	0.111733	9676.926422
-86.632000	0.112117	9680.975770
-86.580000	0.112502	9684.971304
-86.528000	0.112891	9688.958813
-86.476000	0.113279	9692.896937
-86.424000	0.113671	9696.821461
-86.372000	0.114063	9700.696951
-86.320000	0.114458	9704.554002
-86.268000	0.114855	9708.366854
-86.216000	0.115253	9712.160324
-86.164000	0.115653	9715.920997
-86.112000	0.116055	9719.653551
-86.060000	0.116459	9723.351595
-86.008000	0.116865	9727.019421
-85.956000	0.117273	9730.660061
-85.904000	0.117682	9734.266032
-85.852000	0.118094	9737.849268
-85.800000	0.118507	9741.393384
-85.748000	0.118922	9744.919219
-85.696000	0.119339	9748.401480
-85.644000	0.119759	9751.869909
-85.592000	0.120180	9755.290312
-85.540000	0.120603	9758.701336
-85.488000	0.121028	9762.064658
-85.436000	0.121456	9765.423505
-85.384000	0.121884	9768.725423
-85.332000	0.122315	9772.023317
-85.280000	0.122748	9775.272505
-85.228000	0.123184	9778.514181
-85.176000	0.123620	9781.711181
-85.124000	0.124061	9784.895477
-85.072000	0.124502	9788.035060
-85.020000	0.124946	9791.159071
-84.968000	0.125390	9794.246465
-84.916000	0.125839	9797.314254
-84.864000	0.126288	9800.349460
-84.812000	0.126741	9803.358652
-84.760000	0.127194	9806.336447
-84.708000	0.127651	9809.289334
-84.656000	0.128109	9812.220176
-84.604000	0.128570	9815.119283
-84.552000	0.129033	9817.997938
-84.500000	0.129499	9820.844398
-84.448000	0.129966	9823.676100
-84.396000	0.130435	9826.463982
-84.344000	0.130907	9829.238269
-84.292000	0.131381	9831.977465
-84.240000	0.131858	9834.710024
-84.188000	0.132336	9837.394656
-84.136000	0.132817	9840.075027
-84.084000	0.133301	9842.703428
-84.032000	0.133787	9845.328227
-83.980000	0.134275	9847.909383
-83.928000	0.134765	9850.483587
-83.876000	0.135257	9853.017776
-83.824000	0.135753	9855.542570
-83.772000	0.136250	9858.035017
-83.720000	0.136751	9860.511668
-83.668000	0.137252	9862.951919
-83.616000	0.137758	9865.374333
-83.564000	0.138264	9867.767617
-83.512000	0.138775	9870.141828
-83.460000	0.139287	9872.493377
-83.408000	0.139803	9874.819816
-83.356000	0.140319	9877.124403
-83.304000	0.140840	9879.400234
-83.252000	0.141362	9881.657855
-83.200000	0.141888	9883.886685
-83.148000	0.142416	9886.102571
-83.096000	0.142947	9888.286426
-83.044000	0.143479	9890.460576
-82.992000	0.144015	9892.599453
-82.940000	0.144553	9894.731863
-82.888000	0.145094	9896.820944
-82.836000	0.145638	9898.906390
-82.784000	0.146185	9900.950092
-82.732000	0.146733	9902.991020
-82.680000	0.147285	9904.998144
-82.628000	0.147840	9906.998917
-82.576000	0.148398	9908.964288
-82.524000	0.148958	9910.920086
-82.472000	0.149521	9912.843732
-82.420000	0.150087	9914.754573
-82.368000	0.150655	9916.636441
-82.316000	0.151227	9918.504302
-82.264000	0.151802	9920.349673
-82.212000	0.152380	9922.175788
-82.160000	0.152959	9923.979413
-82.108000	0.153543	9925.763365
-82.056000	0.154129	9927.530470
-82.004000	0.154719	9929.275080
-81.952000	0.155310	9931.005692
-81.900000	0.155906	9932.710946
-81.848000	0.156504	9934.405013
-81.796000	0.157106	9936.070915
-81.744000	0.157709	9937.728488
-81.692000	0.158318	9939.350590
-81.640000	0.158927	9940.966389
-81.588000	0.159542	9942.553195
-81.536000	0.160158	9944.137630
-81.484000	0.160780	9945.690813
-81.432000	0.161402	9947.240691
-81.380000	0.162030	9948.752116
-81.328000	0.162658	9950.259485
-81.276000	0.163292	9951.744834
-81.224000	0.163928	9953.220432
-81.172000	0.164568	9954.664024
-81.120000	0.165211	9956.099537
-81.068000	0.165857	9957.517082
-81.016000	0.166506	9958.920449
-80.964000	0.167160	9960.301439
-80.912000	0.167816	9961.667880
-80.860000	0.168476	9963.017599
-80.808000	0.169139	9964.350319
-80.756000	0.169806	9965.668715
-80.704000	0.170476	9966.967704
-80.652000	0.171149	9968.254828
-80.600000	0.171827	9969.520101
-80.548000	0.172508	9970.775927
-80.496000	0.173193	9972.011524
-80.444000	0.173880	9973.241280
-80.392000	0.174573	9974.444320
-80.340000	0.175268	9975.642777
-80.288000	0.175968	9976.812087
-80.236000	0.176670	9977.979055
-80.184000	0.177377	9979.120112
-80.132000	0.178086	9980.258573
-80.080000	0.178802	9981.368301
-80.028000	0.179518	9982.474703
-79.976000	0.180242	9983.563576
-79.924000	0.180965	9984.645019
-79.872000	0.181696	9985.702611
-79.820000	0.182428	9986.752000
-79.768000	0.183167	9987.783487
-79.716000	0.183907	9988.802709
-79.664000	0.184654	9989.802915
-79.612000	0.185402	9990.793349
-79.560000	0.186157	9991.772708
-79.508000	0.186913	9992.740672
-79.456000	0.187676	9993.699183
-79.404000	0.188441	9994.638126
-79.352000	0.189212	9995.565309
-79.300000	0.189985	9996.477863
-79.248000	0.190764	9997.384223
-79.196000	0.191546	9998.270241
-79.144000	0.192333	9999.150525
-79.092000	0.193124	10000.012919
-79.040000	0.193919	10000.872353
-78.988000	0.194719	10001.707391
-78.936000	0.195523	10002.540510
-78.884000	0.196332	10003.352969
-78.832000	0.197145	10004.163622
-78.780000	0.197963	10004.955248
-78.728000	0.198785	10005.742594
-78.676000	0.199612	10006.508109
-78.624000	0.200442	10007.269872
-78.572000	0.201279	10008.019758
-78.520000	0.202118	10008.761333
-78.468000	0.202965	10009.485135
-78.416000	0.203813	10010.202774
-78.364000	0.204669	10010.910973
-78.312000	0.205526	10011.609301
-78.260000	0.206392	10012.296622
-78.208000	0.207259	10012.972456
-78.156000	0.208135	10013.638924
-78.104000	0.209012	10014.295585
-78.052000	0.209898	10014.946455
-78.000000	0.210785	10015.578882
-77.948000	0.211680	10016.203644
-77.896000	0.212577	10016.820244
-77.844000	0.213482	10017.434607
-77.792000	0.214390	10018.031010
-77.740000	0.215305	10018.624545
-77.688000	0.216224	10019.198456
-77.636000	0.217149	10019.770947
-77.584000	0.218078	10020.333179
-77.532000	0.219013	10020.893519
-77.480000	0.219953	10021.434866
-77.428000	0.220899	10021.973598
-77.376000	0.221850	10022.499336
-77.324000	0.222807	10023.019956
-77.272000	0.223769	10023.524806
-77.220000	0.224737	10024.026327
-77.168000	0.225710	10024.520797
-77.116000	0.226688	10025.009020
-77.064000	0.227673	10025.487831
-77.012000	0.228662	10025.959191
-76.960000	0.229659	10026.422372
-76.908000	0.230659	10026.876894
-76.856000	0.231668	10027.324471
-76.804000	0.232680	10027.765458
-76.752000	0.233700	10028.202607
-76.700000	0.234723	10028.628661
-76.648000	0.235757	10029.050205
-76.596000	0.236791	10029.459405
-76.544000	0.237837	10029.865292
-76.492000	0.238883	10030.262155
-76.440000	0.239942	10030.657638
-76.388000	0.241001	10031.038377
-76.336000	0.242072	10031.418048
-76.284000	0.243143	10031.787455
-76.232000	0.244226	10032.155380
-76.180000	0.245311	10032.509145
-76.128000	0.246406	10032.862047
-76.076000	0.247505	10033.210627
-76.024000	0.248613	10033.555317
-75.972000	0.249724	10033.888259
-75.920000	0.250846	10034.216102
-75.868000	0.251971	10034.533406
-75.816000	0.253105	10034.848646
-75.764000	0.254244	10035.160768
-75.712000	0.255391	10035.467896
-75.660000	0.256543	10035.769611
-75.608000	0.257704	10036.062587
-75.556000	0.258872	10036.348669
-75.504000	0.260046	10036.631459
-75.452000	0.261228	10036.912360
-75.400000	0.262416	10037.185822
-75.348000	0.263613	10037.456316
-75.296000	0.264815	10037.718555
-75.244000	0.266026	10037.978642
-75.192000	0.267243	10038.229639
-75.140000	0.268470	10038.479291
-75.088000	0.269701	10038.719079
-75.036000	0.270943	10038.958224
-74.984000	0.272189	10039.192248
-74.932000	0.273446	10039.425252
-74.880000	0.274706	10039.648883
-74.828000	0.275980	10039.870695
-74.776000	0.277255	10040.083884
-74.724000	0.278545	10040.295788
-74.672000	0.279837	10040.503791
-74.620000	0.281143	10040.710112
-74.568000	0.282450	10040.912953
-74.516000	0.283772	10041.111555
-74.464000	0.285096	10041.303957
-74.412000	0.286435	10041.491318
-74.360000	0.287776	10041.673310
-74.308000	0.289130	10041.852385
-74.256000	0.290488	10042.029167
-74.204000	0.291859	10042.202646
-74.152000	0.293235	10042.374271
-74.100000	0.294622	10042.542168
-74.048000	0.296016	10042.708609
-73.996000	0.297420	10042.866731
-73.944000	0.298832	10043.022734
-73.892000	0.300254	10043.174206
-73.840000	0.301684	10043.325050
-73.788000	0.303124	10043.470913
-73.736000	0.304572	10043.616399
-73.684000	0.306029	10043.756807
-73.632000	0.307497	10043.896704
-73.580000	0.308972	10044.031920
-73.528000	0.310459	10044.166227
-73.476000	0.311953	10044.296251
-73.424000	0.313460	10044.423608
-73.372000	0.314972	10044.543214
-73.320000	0.316499	10044.662871
-73.268000	0.318030	10044.782514
-73.216000	0.319577	10044.900037
-73.164000	0.321128	10045.014465
-73.112000	0.322695	10045.123803
-73.060000	0.324265	10045.227817
-73.008000	0.325854	10045.331884
-72.956000	0.327443	10045.435964
-72.904000	0.329053	10045.536689
-72.852000	0.330664	10045.635556
-72.800000	0.332294	10045.734451
-72.748000	0.333927	10045.833356
-72.696000	0.335578	10045.923897
-72.644000	0.337233	10046.012361
-72.592000	0.338905	10046.100860
-72.540000	0.340583	10046.189389
-72.488000	0.342276	10046.272912
-72.436000	0.343977	10046.356058
-72.384000	0.345692	10046.434169
-72.332000	0.347416	10046.512321
-72.280000	0.349153	10046.590441
-72.228000	0.350900	10046.667627
-72.176000	0.352660	10046.740552
-72.124000	0.354431	10046.812139
-72.072000	0.356214	10046.879844
-72.020000	0.358010	10046.947601
-71.968000	0.359816	10047.015365
-71.916000	0.361636	10047.080983
-71.864000	0.363466	10047.143529
-71.812000	0.365311	10047.206120
-71.760000	0.367165	10047.268703
-71.708000	0.369036	10047.328330
-71.656000	0.370914	10047.385721
-71.604000	0.372811	10047.439747
-71.552000	0.374714	10047.491947
-71.500000	0.376638	10047.544174
-71.448000	0.378567	10047.596410
-71.396000	0.380518	10047.648649
-71.344000	0.382472	10047.700895
-71.292000	0.384450	10047.748543
-71.240000	0.386430	10047.795597
-71.188000	0.388436	10047.842658
-71.136000	0.390444	10047.889556
-71.084000	0.392477	10047.931418
-71.032000	0.394514	10047.973315
-70.980000	0.396575	10048.015205
-70.928000	0.398640	10048.056135
-70.876000	0.400729	10048.092801
-70.824000	0.402825	10048.130912
-70.772000	0.404941	10048.172835
-70.720000	0.407066	10048.212997
-70.668000	0.409212	10048.249724
-70.616000	0.411368	10048.284279
-70.564000	0.413543	10048.315783
-70.512000	0.415730	10048.347340
-70.460000	0.417935	10048.378904
-70.408000	0.420153	10048.410493
-70.356000	0.422388	10048.442065
-70.304000	0.424639	10048.473666
-70.252000	0.426905	10048.505270
-70.200000	0.429189	10048.533057
-70.148000	0.431487	10048.559441
-70.096000	0.433805	10048.585859
-70.044000	0.436134	10048.612301
-69.992000	0.438485	10048.638734
-69.940000	0.440847	10048.665181
-69.888000	0.443233	10048.691634
-69.836000	0.445627	10048.717901
-69.784000	0.448049	10048.739128
-69.732000	0.450477	10048.760386
-69.680000	0.452935	10048.781661
-69.628000	0.455397	10048.803994
-69.576000	0.457891	10048.830497
-69.524000	0.460389	10048.854195
-69.472000	0.462920	10048.870270
-69.420000	0.465453	10048.888210
-69.368000	0.468022	10048.909515
-69.316000	0.470594	10048.930862
-69.264000	0.473199	10048.952196
-69.212000	0.475810	10048.970935
-69.160000	0.478452	10048.987071
-69.108000	0.481103	10049.003241
-69.056000	0.483783	10049.019408
-69.004000	0.486473	10049.035588
-68.952000	0.489193	10049.051758
-68.900000	0.491925	10049.067949
-68.848000	0.494682	10049.084149
-68.796000	0.497456	10049.100364
-68.744000	0.500254	10049.116593
-68.692000	0.503071	10049.128177
-68.640000	0.505910	10049.139208
-68.588000	0.508770	10049.155277
-68.536000	0.511650	10049.171304
-68.484000	0.514554	10049.182334
-68.432000	0.517477	10049.194034
-68.380000	0.520426	10049.210289
-68.328000	0.523392	10049.225537
-68.276000	0.526387	10049.236588
-68.224000	0.529397	10049.247677
-68.172000	0.532439	10049.258751
-68.120000	0.535494	10049.269866
-68.068000	0.538584	10049.280965
-68.016000	0.541684	10049.292097
-67.964000	0.544823	10049.303197
-67.912000	0.547969	10049.314333
-67.860000	0.551157	10049.325460
-67.808000	0.554350	10049.336605
-67.756000	0.557589	10049.347733
-67.704000	0.560832	10049.358899
-67.652000	0.564122	10049.370080
-67.600000	0.567416	10049.377381
-67.548000	0.570755	10049.383308
-67.496000	0.574102	10049.393538
-67.444000	0.577493	10049.404746
-67.392000	0.580894	10049.415941
-67.340000	0.584336	10049.427149
-67.288000	0.587792	10049.433278
-67.236000	0.591288	10049.439540
-67.184000	0.594800	10049.450746
-67.132000	0.598348	10049.461320
-67.080000	0.601917	10049.467315
-67.028000	0.605521	10049.473345
-66.976000	0.609149	10049.479362
-66.924000	0.612808	10049.486878
-66.872000	0.616495	10049.498118
-66.820000	0.620212	10049.507524
-66.768000	0.623960	10049.513558
-66.716000	0.627735	10049.519630
-66.664000	0.631544	10049.525688
-66.612000	0.635378	10049.531770
-66.560000	0.639251	10049.537827
-66.508000	0.643145	10049.543911
-66.456000	0.647083	10049.549992
-66.404000	0.651039	10049.556082
-66.352000	0.655042	10049.562160
-66.300000	0.659060	10049.568256
-66.248000	0.663131	10049.574358
-66.196000	0.667213	10049.580472
-66.144000	0.671354	10049.586598
-66.092000	0.675501	10049.592710
-66.040000	0.679711	10049.598834
-65.988000	0.683925	10049.604957
-65.936000	0.688206	10049.611104
-65.884000	0.692492	10049.617221
-65.832000	0.696843	10049.623365
-65.780000	0.701202	10049.629497
-65.728000	0.705623	10049.634577
-65.676000	0.710057	10049.635501
-65.624000	0.714550	10049.637944
-65.572000	0.719061	10049.644088
-65.520000	0.723628	10049.650262
-65.468000	0.728217	10049.656400
-65.416000	0.732858	10049.660284
-65.364000	0.737527	10049.661242
-65.312000	0.742245	10049.664912
-65.260000	0.746995	10049.671067
-65.208000	0.751791	10049.677259
-65.156000	0.756624	10049.683462
-65.104000	0.761500	10049.686163
-65.052000	0.766418	10049.687134
-65.000000	0.771375	10049.688103
-64.948000	0.776381	10049.689069
-64.896000	0.781421	10049.694360
-64.844000	0.786516	10049.700574
-64.792000	0.791640	10049.702073
-64.740000	0.796826	10049.703081
-64.688000	0.802036	10049.709188
-64.636000	0.807315	10049.715119
-64.584000	0.812614	10049.716114
-64.532000	0.817987	10049.717137
-64.480000	0.823376	10049.718122
-64.428000	0.828847	10049.719135
-64.376000	0.834329	10049.720110
-64.324000	0.839898	10049.721122
-64.272000	0.845473	10049.722140
-64.220000	0.851144	10049.723179
-64.168000	0.856821	10049.724162
-64.116000	0.862590	10049.725186
-64.064000	0.868371	10049.726214
-64.012000	0.874241	10049.727251
-63.960000	0.880128	10049.728247
-63.908000	0.886100	10049.729278
-63.856000	0.892096	10049.730319
-63.804000	0.898172	10049.731349
-63.752000	0.904279	10049.732357
-63.700000	0.910463	10049.733394
-63.648000	0.916684	10049.734446
-63.596000	0.922976	10049.731151
-63.544000	0.929314	10049.726969
-63.492000	0.935718	10049.727510
-63.440000	0.942174	10049.728548
-63.388000	0.948693	10049.729583
-63.336000	0.955271	10049.730318
-63.284000	0.961906	10049.726114
-63.232000	0.968609	10049.722659
-63.180000	0.975363	10049.723694
-63.128000	0.982194	10049.723627
-63.076000	0.989070	10049.719423
-63.024000	0.996032	10049.715245
-62.972000	1.003031	10049.711029
-62.920000	1.010129	10049.708787
-62.868000	1.017258	10049.709840
-62.816000	1.024492	10049.708568
-62.764000	1.031750	10049.704358
-62.712000	1.039119	10049.700175
-62.660000	1.046506	10049.695982
-62.608000	1.054026	10049.691811
-62.556000	1.061556	10049.687635
-62.504000	1.069218	10049.683462
-62.452000	1.076888	10049.679277
-62.400000	1.084697	10049.675087
-62.348000	1.092519	10049.670892
-62.296000	1.100477	10049.666704
-62.244000	1.108456	10049.662526
-62.192000	1.116558	10049.658328
-62.140000	1.124693	10049.654140
-62.088000	1.132953	10049.649948
-62.036000	1.141254	10049.645433
-61.984000	1.149664	10049.636001
-61.932000	1.158128	10049.627338
-61.880000	1.166702	10049.623141
-61.828000	1.175340	10049.618971
-61.776000	1.184079	10049.614761
-61.724000	1.192891	10049.609026
-61.672000	1.201794	10049.599602
-61.620000	1.210782	10049.590194
-61.568000	1.219855	10049.580731
-61.516000	1.229029	10049.573666
-61.464000	1.238282	10049.569471
-61.412000	1.247646	10049.562514
-61.360000	1.257079	10049.553054
-61.308000	1.266633	10049.543626
-61.256000	1.276246	10049.534207
-61.204000	1.286002	10049.524774
-61.152000	1.295810	10049.515317
-61.100000	1.305768	10049.505870
-61.048000	1.315767	10049.496428
-60.996000	1.325931	10049.486972
-60.944000	1.336124	10049.477518
-60.892000	1.346505	10049.468064
-60.840000	1.356904	10049.458624
-60.788000	1.367502	10049.449157
-60.736000	1.378112	10049.439705
-60.684000	1.388932	10049.430243
-60.632000	1.399771	10049.420805
-60.580000	1.410807	10049.411299
-60.528000	1.421876	10049.400650
-60.476000	1.433138	10049.385955
-60.424000	1.444446	10049.372854
-60.372000	1.455935	10049.363344
-60.320000	1.467485	10049.351882
-60.268000	1.479210	10049.337156
-60.216000	1.491011	10049.324832
-60.164000	1.502978	10049.315320
-60.112000	1.515037	10049.303043
-60.060000	1.527251	10049.288317
-60.008000	1.539575	10049.273596
-59.956000	1.552046	10049.258856
-59.904000	1.564642	10049.247724
-59.852000	1.577370	10049.238224
-59.800000	1.590244	10049.224701
-59.748000	1.603239	10049.209935
-59.696000	1.616399	10049.195171
-59.644000	1.629666	10049.180416
-59.592000	1.643121	10049.165660
-59.540000	1.656671	10049.150918
-59.488000	1.670429	10049.136147
-59.436000	1.684267	10049.121390
-59.384000	1.698333	10049.106598
-59.332000	1.712464	10049.091827
-59.280000	1.726854	10049.077014
-59.228000	1.741293	10049.062227
-59.176000	1.756009	10049.047423
-59.124000	1.770757	10049.031044
-59.072000	1.785813	10049.010996
-59.020000	1.800888	10048.992969
-58.968000	1.816284	10048.978131
-58.916000	1.831703	10048.963319
-58.864000	1.847438	10048.948492
-58.812000	1.863217	10048.930867
-58.760000	1.879302	10048.910798
-58.708000	1.895451	10048.893946
-58.656000	1.911885	10048.879089
-58.604000	1.928409	10048.864244
-58.552000	1.945213	10048.849398
-58.500000	1.962130	10048.830522
-58.448000	1.979309	10048.810433
-58.396000	1.996629	10048.794751
-58.344000	2.014199	10048.779874
-58.292000	2.031932	10048.760146
-58.240000	2.049892	10048.740026
-58.188000	2.068049	10048.719898
-58.136000	2.086420	10048.700196
-58.084000	2.105014	10048.685276
-58.032000	2.123803	10048.669565
-57.980000	2.142846	10048.649422
-57.928000	2.162066	10048.629299
-57.876000	2.181577	10048.609111
-57.824000	2.201244	10048.588948
-57.772000	2.221231	10048.568767
-57.720000	2.241351	10048.550628
-57.668000	2.261833	10048.535657
-57.616000	2.282425	10048.518282
-57.564000	2.303411	10048.498092
-57.512000	2.324482	10048.477901
-57.460000	2.345992	10048.457668
-57.408000	2.367561	10048.437450
-57.356000	2.389613	10048.417227
-57.304000	2.411697	10048.397013
-57.252000	2.434298	10048.376799
-57.200000	2.456930	10048.356556
-57.148000	2.480078	10048.336299
-57.096000	2.503289	10048.316041
-57.044000	2.526996	10048.295792
-56.992000	2.550802	10048.275519
-56.940000	2.575080	10048.255252
-56.888000	2.599494	10048.234954
-56.836000	2.624363	10048.214670
-56.784000	2.649407	10048.194348
-56.732000	2.674883	10048.174045
-56.680000	2.700576	10048.153726
-56.628000	2.726679	10048.133427
-56.576000	2.753043	10048.113087
-56.524000	2.779794	10048.092766
-56.472000	2.806851	10048.072406
-56.420000	2.834265	10048.052062
-56.368000	2.862037	10048.031682
-56.316000	2.890139	10048.011323
-56.264000	2.918646	10047.990951
-56.212000	2.947448	10047.970585
-56.160000	2.976717	10047.950194
-56.108000	3.006254	10047.929803
-56.056000	3.036311	10047.909393
-56.004000	3.066599	10047.888977
-55.952000	3.097466	10047.868549
-55.900000	3.128524	10047.848107
-55.848000	3.160232	10047.827660
-55.796000	3.192092	10047.807212
-55.744000	3.224666	10047.786771
-55.692000	3.257349	10047.766284
-55.640000	3.290817	10047.745799
-55.588000	3.324348	10047.725303
-55.536000	3.358739	10047.704824
-55.484000	3.393181	10047.684331
-55.432000	3.428496	10047.663857
-55.380000	3.463904	10047.643315
-55.328000	3.500149	10047.624051
-55.276000	3.536546	10047.608714
-55.224000	3.573758	10047.591735
-55.172000	3.611185	10047.571176
-55.120000	3.649394	10047.550630
-55.068000	3.687882	10047.530049
-55.016000	3.727114	10047.509479
-54.964000	3.766699	10047.488877
-54.912000	3.806995	10047.468281
-54.860000	3.847717	10047.447659
-54.808000	3.889108	10047.430327
-54.756000	3.931005	10047.414938
-54.704000	3.973527	10047.395845
-54.652000	4.016641	10047.375183
-54.600000	4.060335	10047.354523
-54.548000	4.104713	10047.333867
-54.496000	4.149620	10047.317679
-54.444000	4.195300	10047.302229
-54.392000	4.241451	10047.281859
-54.340000	4.288482	10047.261230
-54.288000	4.335928	10047.245726
-54.236000	4.384361	10047.229761
-54.184000	4.433143	10047.209027
-54.132000	4.483027	10047.189188
-54.080000	4.533192	10047.173631
-54.028000	4.584578	10047.156813
-53.976000	4.636172	10047.136032
-53.924000	4.689117	10047.116945
-53.872000	4.742192	10047.101342
-53.820000	4.796748	10047.085758
-53.768000	4.851394	10047.070158
-53.716000	4.907578	10047.052075
-53.664000	4.963904	10047.031225
-53.612000	5.021729	10047.013286
-53.560000	5.079799	10046.997669
-53.508000	5.139325	10046.982035
-53.456000	5.199205	10046.966370
-53.404000	5.260484	10046.950695
-53.352000	5.322235	10046.935008
-53.300000	5.385329	10046.919322
-53.248000	5.449024	10046.903639
-53.196000	5.514009	10046.887934
-53.144000	5.579725	10046.872229
-53.092000	5.646654	10046.856475
-53.040000	5.714464	10046.840721
-52.988000	5.783422	10046.824956
-52.936000	5.853411	10046.809701
-52.884000	5.924462	10046.799138
-52.832000	5.996706	10046.787693
-52.780000	6.069926	10046.771875
-52.728000	6.144516	10046.756077
-52.676000	6.219988	10046.740261
-52.624000	6.297018	10046.726162
-52.572000	6.374828	10046.715522
-52.520000	6.454389	10046.702785
-52.468000	6.534615	10046.686894
-52.416000	6.616804	10046.673534
-52.364000	6.699539	10046.662874
-52.312000	6.784464	10046.652205
-52.260000	6.869806	10046.641496
-52.208000	6.957571	10046.627473
-52.156000	7.045611	10046.611539
-52.104000	7.136330	10046.599320
-52.052000	7.227213	10046.588591
-52.000000	7.320964	10046.577844
-51.948000	7.414934	10046.567091
-51.896000	7.511702	10046.556315
-51.844000	7.608879	10046.545539
-51.792000	7.708778	10046.534733
-51.740000	7.809290	10046.523933
-51.688000	7.912443	10046.513097
-51.636000	8.016427	10046.502273
-51.584000	8.122958	10046.491408
-51.532000	8.230556	10046.481479
-51.480000	8.340598	10046.475813
-51.428000	8.451956	10046.468841
-51.376000	8.565631	10046.457948
-51.324000	8.680899	10046.448791
-51.272000	8.798363	10046.443073
-51.220000	8.917708	10046.435234
-51.168000	9.039104	10046.424264
-51.116000	9.162687	10046.410773
-51.064000	9.288160	10046.394577
-51.012000	9.416160	10046.401899
-50.960000	9.545884	10046.427498
-50.908000	9.678482	10046.419643
-50.856000	9.812611	10046.392917
-50.804000	9.949983	10046.366195
-50.752000	10.088677	10046.339470
-50.700000	10.231080	10046.354239
-50.648000	10.374601	10046.379764
-50.596000	10.522158	10046.359697
-50.544000	10.670562	10046.332897
-50.492000	10.823558	10046.355674
-50.440000	10.977154	10046.379799
-50.388000	11.135740	10046.352965
-50.336000	11.294634	10046.326140
-50.284000	11.459128	10046.299275
-50.232000	11.623961	10046.281849
-50.180000	11.794264	10046.307228
-50.128000	11.965261	10046.319158
-50.076000	12.141527	10046.292236
-50.024000	12.318896	10046.282827
-49.972000	12.501484	10046.308152
-49.920000	12.685566	10046.311947
-49.868000	12.874580	10046.284972
-49.816000	13.065580	10046.283578
-49.764000	13.261430	10046.308851
-49.712000	13.459718	10046.304519
-49.660000	13.662559	10046.277519
-49.608000	13.868369	10046.284151
-49.556000	14.078510	10046.309372
-49.504000	14.292185	10046.296890
-49.452000	14.509934	10046.269811
-49.400000	14.731820	10046.284443
-49.348000	14.957485	10046.309612
-49.296000	15.187926	10046.289010
-49.244000	15.421815	10046.261905
-49.192000	15.661122	10046.284553
-49.140000	15.903493	10046.308102
-49.088000	16.152060	10046.280909
-49.036000	16.403324	10046.259331
-48.984000	16.661572	10046.284405
-48.932000	16.922089	10046.299849
-48.880000	17.190376	10046.272593
-48.828000	17.460455	10046.259035
-48.776000	17.739172	10046.284051
-48.724000	18.019171	10046.291354
-48.672000	18.308766	10046.264042
-48.620000	18.599098	10046.258495
-48.568000	18.899980	10046.283430
-48.516000	19.201503	10046.282582
-48.464000	19.513682	10046.255242
-48.412000	19.827044	10046.257721
-48.360000	20.150737	10046.282602
-48.308000	20.476348	10046.307487
-48.256000	20.811966	10046.332368
-48.204000	21.150307	10046.319310
-48.152000	21.498366	10046.291862
-48.100000	21.849968	10046.306359
-48.048000	22.210826	10046.331184
-47.996000	22.576143	10046.309981
-47.944000	22.950315	10046.282479
-47.892000	23.329879	10046.304989
-47.840000	23.717776	10046.329760
-47.788000	24.112070	10046.354494
-47.736000	24.514155	10046.373414
-47.684000	24.923721	10046.345815
-47.632000	25.340507	10046.328091
-47.580000	25.765891	10046.352760
-47.528000	26.197841	10046.377439
-47.476000	26.639525	10046.402053
-47.424000	27.087051	10046.408745
-47.372000	27.545601	10046.381082
-47.320000	28.009267	10046.375393
-47.268000	28.485199	10046.399949
-47.216000	28.965418	10046.398505
-47.164000	29.459232	10046.370785
-47.112000	29.956466	10046.373101
-47.060000	30.468634	10046.397602
-47.008000	30.983294	10046.422106
-46.956000	31.514370	10046.446605
-46.904000	32.046970	10046.432962
-46.852000	32.597427	10046.405158
-46.800000	33.148959	10046.419480
-46.748000	33.718622	10046.443895
-46.696000	34.289983	10046.468304
-46.644000	34.878716	10046.492718
-46.592000	35.470316	10046.466838
-46.540000	36.078531	10046.440926
-46.488000	36.690786	10046.465270
-46.436000	37.318689	10046.489627
-46.384000	37.951854	10046.513939
-46.332000	38.599754	10046.538263
-46.280000	39.254158	10046.562518
-46.228000	39.922311	10046.572670
-46.176000	40.598144	10046.544647
-46.124000	41.286550	10046.534782
-46.072000	41.983923	10046.558976
-46.020000	42.692839	10046.583184
-45.968000	43.411862	10046.607375
-45.916000	44.141186	10046.605327
-45.864000	44.881772	10046.577188
-45.812000	45.631452	10046.579325
-45.760000	46.393449	10046.603458
-45.708000	47.163279	10046.627567
-45.656000	47.946493	10046.651645
-45.604000	48.736319	10046.637378
-45.552000	49.540390	10046.609178
-45.500000	50.349802	10046.623338
-45.448000	51.174150	10046.647384
-45.396000	52.002581	10046.671382
-45.344000	52.846619	10046.695371
-45.292000	53.693556	10046.719349
-45.240000	54.556477	10046.741114
-45.188000	55.421149	10046.712764
-45.136000	56.301995	10046.690679
-45.084000	57.183801	10046.714591
-45.032000	58.081114	10046.738513
-44.980000	58.979532	10046.762367
-44.928000	59.891495	10046.771899
-44.876000	60.805228	10046.743474
-44.824000	61.730453	10046.733428
-44.772000	62.657932	10046.757246
-44.720000	63.594930	10046.781060
-44.668000	64.534453	10046.804821
-44.616000	65.481577	10046.828591
-44.564000	66.431229	10046.852348
-44.512000	67.386578	10046.845601
-44.460000	68.344218	10046.817028
-44.408000	69.305838	10046.822980
-44.356000	70.269178	10046.846677
-44.304000	71.234859	10046.870341
-44.252000	72.201381	10046.893981
-44.200000	73.168810	10046.917616
-44.148000	74.135850	10046.941252
-44.096000	75.102559	10046.918222
-44.044000	76.067241	10046.889554
-43.992000	77.030558	10046.911505
-43.940000	77.989864	10046.935054
-43.888000	78.947063	10046.958587
-43.836000	79.897807	10046.982132
-43.784000	80.845959	10047.005631
-43.732000	81.784870	10047.018625
-43.680000	82.721045	10046.989792
-43.628000	83.644682	10046.975523
-43.576000	84.565744	10046.998957
-43.524000	85.470654	10047.022398
-43.472000	86.373519	10047.045801
-43.420000	87.256114	10047.046570
-43.368000	88.137455	10047.017641
-43.316000	88.994313	10047.015386
-43.264000	89.849453	10047.038726
-43.212000	90.678450	10047.062059
-43.160000	91.503732	10047.085368
-43.108000	92.301681	10047.108664
-43.056000	93.093556	10047.131942
-43.004000	93.857321	10047.116406
-42.952000	94.612302	10047.087353
-42.900000	95.338798	10047.101110
-42.848000	96.053474	10047.124326
-42.796000	96.739721	10047.147512
-42.744000	97.410799	10047.170696
-42.692000	98.053918	10047.142952
-42.640000	98.678249	10047.116487
-42.588000	99.275516	10047.139599
-42.536000	99.850036	10047.162720
-42.484000	100.398674	10047.185796
-42.432000	100.920744	10047.208882
-42.380000	101.418852	10047.231923
-42.328000	101.886050	10047.240203
-42.276000	102.331211	10047.210938
-42.224000	102.740741	10047.200486
-42.172000	103.130386	10047.223462
-42.120000	103.480819	10047.246440
-42.068000	103.814433	10047.269384
-42.016000	104.103637	10047.265441
-41.964000	104.378650	10047.236078
-41.912000	104.605014	10047.237642
-41.860000	104.820398	10047.260548
-41.808000	104.982776	10047.283426
-41.756000	105.137503	10047.306274
-41.704000	105.235705	10047.329103
-41.652000	105.329774	10047.351919
-41.600000	105.362782	10047.331692
-41.548000	105.392211	10047.302228
-41.496000	105.362911	10047.319787
-41.444000	105.327021	10047.342538
-41.392000	105.235522	10047.365276
-41.340000	105.134078	10047.385146
-41.288000	104.981921	10047.355576
-41.236000	104.816301	10047.332927
-41.184000	104.603487	10047.355568
-41.132000	104.373978	10047.378220
-41.080000	104.101536	10047.400852
-41.028000	103.809460	10047.408504
-40.976000	103.478930	10047.378828
-40.924000	103.125805	10047.368184
-40.872000	102.738217	10047.390748
-40.820000	102.325656	10047.413315
-40.768000	101.883065	10047.435846
-40.716000	101.413100	10047.431273
-40.664000	100.917048	10047.401498
-40.612000	100.392192	10047.402854
-40.560000	99.845610	10047.425320
-40.508000	99.268389	10047.447786
-40.456000	98.673025	10047.470245
-40.404000	98.046095	10047.453454
-40.352000	97.404724	10047.423580
-40.300000	96.731146	10047.436952
-40.248000	96.046492	10047.459346
-40.196000	95.329347	10047.434418
-40.144000	94.604187	10047.404504
-40.092000	93.846838	10047.425862
-40.040000	93.084256	10047.448163
-39.988000	92.290051	10047.470447
-39.936000	91.493028	10047.485610
-39.884000	90.665545	10047.455584
-39.832000	89.836362	10047.436737
-39.780000	88.980121	10047.458975
-39.728000	88.121585	10047.481217
-39.676000	87.240465	10047.503395
-39.624000	86.356101	10047.506339
-39.572000	85.453390	10047.476235
-39.520000	84.546836	10047.469405
-39.468000	83.625672	10047.491515
-39.416000	82.700456	10047.486311
-39.364000	81.764075	10047.456139
-39.312000	80.823728	10047.457315
-39.260000	79.875113	10047.479384
-39.208000	78.923000	10047.501438
-39.156000	77.965236	10047.523473
-39.104000	77.004710	10047.506055
-39.052000	76.040674	10047.475782
-39.000000	75.074870	10047.488972
-38.948000	74.107287	10047.510966
-38.896000	73.139218	10047.485400
-38.844000	72.170762	10047.455060
-38.792000	71.203284	10047.476251
-38.740000	70.236421	10047.494867
-38.688000	69.272253	10047.464477
-38.636000	68.309400	10047.441443
-38.584000	67.351051	10047.463314
-38.532000	66.394366	10047.485192
-38.480000	65.444125	10047.507001
-38.428000	64.495613	10047.513397
-38.376000	63.555629	10047.482924
-38.324000	62.617192	10047.471914
-38.272000	61.689309	10047.493680
-38.220000	60.762541	10047.491945
-38.168000	59.848587	10047.461402
-38.116000	58.935431	10047.458390
-38.064000	58.036576	10047.480087
-38.012000	57.138963	10047.470210
-37.960000	56.255940	10047.439624
-37.908000	55.375212	10047.444621
-37.856000	54.508998	10047.466248
-37.804000	53.646244	10047.448220
-37.752000	52.797816	10047.417565
-37.700000	51.954062	10047.430591
-37.648000	51.124139	10047.452201
-37.596000	50.300140	10047.473760
-37.544000	49.489288	10047.495310
-37.492000	48.685693	10047.465081
-37.440000	47.894530	10047.437877
-37.388000	47.111852	10047.459376
-37.336000	46.340582	10047.473317
-37.284000	45.579152	10047.442528
-37.232000	44.828187	10047.423351
-37.180000	44.088295	10047.444801
-37.128000	43.357737	10047.450614
-37.076000	42.639498	10047.419754
-37.024000	41.929451	10047.408575
-36.972000	41.232878	10047.429952
-36.920000	40.543290	10047.427620
-36.868000	39.868363	10047.396715
-36.816000	39.199233	10047.393558
-36.764000	38.545754	10047.414892
-36.712000	37.896826	10047.404421
-36.660000	37.264592	10047.373446
-36.608000	36.635711	10047.378298
-36.556000	36.024505	10047.399588
-36.504000	35.415467	10047.380987
-36.452000	34.824912	10047.349967
-36.400000	34.235485	10047.362826
-36.348000	33.665051	10047.384045
-36.296000	33.095836	10047.357308
-36.244000	32.544217	10047.326244
-36.192000	31.994857	10047.347124
-36.140000	31.461640	10047.364553
-36.088000	30.931666	10047.333435
-36.036000	30.416390	10047.310109
-35.984000	29.905287	10047.331226
-35.932000	29.407488	10047.340530
-35.880000	28.914769	10047.309337
-35.828000	28.434088	10047.294012
-35.776000	27.959298	10047.315082
-35.724000	27.495220	10047.316257
-35.672000	27.037806	10047.285017
-35.620000	26.589869	10047.277718
-35.568000	26.149290	10047.298742
-35.516000	25.716980	10047.291786
-35.464000	25.292717	10047.260501
-35.412000	24.875622	10047.261213
-35.360000	24.467156	10047.282166
-35.308000	24.064763	10047.267068
-35.256000	23.671554	10047.235737
-35.204000	23.283400	10047.244485
-35.152000	22.904930	10047.265419
-35.100000	22.530552	10047.242182
-35.048000	22.166306	10047.210779
-34.996000	21.805242	10047.227546
-34.944000	21.454745	10047.248433
-34.892000	21.106584	10047.217083
-34.840000	20.769242	10047.189623
-34.788000	20.433417	10047.210431
-34.736000	20.108840	10047.223245
-34.684000	19.785044	10047.191764
-34.632000	19.472734	10047.172332
-34.580000	19.161070	10047.193115
-34.528000	18.859944	10047.197824
-34.476000	18.559989	10047.166295
-34.424000	18.269606	10047.154888
-34.372000	17.980950	10047.175623
-34.320000	17.700899	10047.172201
-34.268000	17.423093	10047.140625
-34.216000	17.153015	10047.137242
-34.164000	16.885643	10047.157930
-34.112000	16.625126	10047.146376
-34.060000	16.367766	10047.114753
-34.008000	16.116501	10047.119393
-33.956000	15.868766	10047.140034
-33.904000	15.626343	10047.120363
-33.852000	15.387845	10047.088720
-33.800000	15.154007	10047.101389
-33.748000	14.924406	10047.121983
-33.696000	14.698792	10047.094184
-33.644000	14.477716	10047.062494
-33.592000	14.260019	10047.030764
-33.540000	14.047091	10047.003218
-33.488000	13.836951	10047.023770
-33.436000	13.631876	10047.036112
-33.384000	13.429086	10047.004325
-33.332000	13.231558	10046.984807
-33.280000	13.035811	10047.005310
-33.228000	12.845527	10047.009521
-33.176000	12.656565	10046.977711
-33.124000	12.473194	10046.966241
-33.072000	12.290709	10046.986694
-33.020000	12.114001	10046.982781
-32.968000	11.937787	10046.950950
-32.916000	11.767463	10046.947528
-32.864000	11.597478	10046.967959
-32.812000	11.433036	10046.955931
-32.760000	11.269127	10046.924051
-32.708000	11.110288	10046.928651
-32.656000	10.952268	10046.949034
-32.604000	10.798775	10046.969410
-32.552000	10.646368	10046.989783
-32.500000	10.498016	10046.965566
-32.448000	10.351006	10046.933627
-32.396000	10.207639	10046.950293
-32.344000	10.065823	10046.970282
-32.292000	9.927190	10046.938319
-32.240000	9.790325	10046.910756
-32.188000	9.656278	10046.931050
-32.136000	9.524189	10046.942914
-32.084000	9.394558	10046.910919
-32.032000	9.267053	10046.891408
-31.980000	9.141663	10046.911675
-31.928000	9.018558	10046.915437
-31.876000	8.897255	10046.883418
-31.824000	8.778376	10046.871948
-31.772000	8.660999	10046.892165
-31.720000	8.546178	10046.887807
-31.668000	8.432585	10046.855764
-31.616000	8.321665	10046.852338
-31.564000	8.211716	10046.872533
-31.512000	8.104538	10046.860073
-31.460000	7.998090	10046.828008
-31.408000	7.894516	10046.832625
-31.356000	7.791450	10046.852796
-31.304000	7.691328	10046.832219
-31.252000	7.591506	10046.800105
-31.200000	7.494717	10046.812775
-31.148000	7.398107	10046.832949
-31.096000	7.304438	10046.804273
-31.044000	7.211006	10046.772714
-30.992000	7.120241	10046.792855
-30.940000	7.029868	10046.813006
-30.888000	6.941911	10046.833112
-30.836000	6.854485	10046.844570
-30.784000	6.769221	10046.812412
-30.732000	6.684623	10046.792952
-30.680000	6.601965	10046.813029
-30.628000	6.520093	10046.816388
-30.576000	6.439944	10046.784205
-30.524000	6.360692	10046.772795
-30.472000	6.282958	10046.792873
-30.420000	6.206228	10046.788149
-30.368000	6.130828	10046.755941
-30.316000	6.056524	10046.752578
-30.264000	5.983370	10046.772632
-30.212000	5.911403	10046.759803
-30.160000	5.840424	10046.727571
-30.108000	5.770708	10046.732253
-30.056000	5.701821	10046.752283
-30.004000	5.634271	10046.772322
-29.952000	5.567405	10046.792366
-29.900000	5.501944	10046.767404
-29.848000	5.437031	10046.735162
-29.796000	5.373580	10046.751938
-29.744000	5.310549	10046.771161
-29.692000	5.249033	10046.738890
-29.640000	5.187816	10046.711458
-29.588000	5.128170	10046.731470
-29.536000	5.068710	10046.751490
-29.484000	5.010866	10046.771489
-29.432000	4.953119	10046.778585
-29.380000	4.896990	10046.746297
-29.328000	4.840970	10046.730962
-29.276000	4.786430	10046.750935
-29.224000	4.732081	10046.749933
-29.172000	4.679063	10046.717644
-29.120000	4.626317	10046.710382
-29.068000	4.574779	10046.730356
-29.016000	4.523587	10046.750339
-28.964000	4.473478	10046.770326
-28.912000	4.423782	10046.757210
-28.860000	4.375051	10046.724910
-28.808000	4.326798	10046.729756
-28.756000	4.279403	10046.749744
-28.704000	4.232547	10046.728547
-28.652000	4.186448	10046.696248
-28.600000	4.140938	10046.709150
-28.548000	4.096083	10046.729113
-28.496000	4.051870	10046.749081
-28.444000	4.008223	10046.768042
-28.392000	3.965267	10046.735726
-28.340000	3.922791	10046.708467
-28.288000	3.881049	10046.728434
-28.236000	3.839704	10046.748409
-28.184000	3.799133	10046.768363
-28.132000	3.758883	10046.775198
-28.080000	3.719443	10046.742890
-28.028000	3.680252	10046.727758
-27.976000	3.641907	10046.747737
-27.924000	3.603744	10046.746515
-27.872000	3.566459	10046.714206
-27.820000	3.529294	10046.707150
-27.768000	3.493026	10046.727128
-27.716000	3.456816	10046.747116
-27.664000	3.421539	10046.767108
-27.612000	3.386315	10046.753778
-27.560000	3.351946	10046.721482
-27.508000	3.317675	10046.726549
-27.456000	3.284185	10046.746541
-27.404000	3.250839	10046.766522
-27.352000	3.218192	10046.786500
-27.300000	3.185733	10046.761073
-27.248000	3.153909	10046.728816
-27.196000	3.122314	10046.746013
-27.144000	3.091291	10046.766017
-27.092000	3.060534	10046.786025
-27.040000	3.030283	10046.800772
-26.988000	3.000333	10046.768494
-26.936000	2.970832	10046.745532
-26.884000	2.941667	10046.765565
-26.832000	2.912896	10046.785604
-26.780000	2.884488	10046.805623
-26.728000	2.856416	10046.808273
-26.676000	2.828741	10046.776056
-26.624000	2.801358	10046.765264
-26.572000	2.774398	10046.785307
-26.520000	2.747684	10046.805360
-26.468000	2.721410	10046.825416
-26.416000	2.695333	10046.815984
-26.364000	2.669730	10046.783779
-26.312000	2.644285	10046.785117
-26.260000	2.619326	10046.805198
-26.208000	2.594482	10046.787714
-26.156000	2.570155	10046.755533
-26.104000	2.545907	10046.764971
-26.052000	2.522187	10046.785077
-26.000000	2.498511	10046.805189
-25.948000	2.475379	10046.825308
-25.896000	2.452279	10046.795745
-25.844000	2.429697	10046.765052
-25.792000	2.407168	10046.785211
-25.740000	2.385115	10046.805380
-25.688000	2.363142	10046.825529
-25.636000	2.341599	10046.836160
-25.584000	2.320161	10046.804070
-25.532000	2.299111	10046.785551
-25.480000	2.278193	10046.805721
-25.428000	2.257626	10046.825907
-25.376000	2.237214	10046.846115
-25.324000	2.217114	10046.844694
-25.272000	2.197193	10046.812640
-25.220000	2.177552	10046.806282
-25.168000	2.158107	10046.826541
-25.116000	2.138908	10046.846809
-25.064000	2.119926	10046.867079
-25.012000	2.101158	10046.853592
-24.960000	2.082625	10046.821575
-24.908000	2.064274	10046.827386
-24.856000	2.046178	10046.847707
-24.804000	2.028237	10046.868018
-24.752000	2.010562	10046.888325
-24.700000	1.993013	10046.862791
-24.648000	1.975751	10046.830862
-24.596000	1.958593	10046.848864
-24.544000	1.941732	10046.867579
-24.492000	1.924949	10046.835693
-24.440000	1.908476	10046.809520
-24.388000	1.892058	10046.829919
-24.336000	1.875962	10046.850327
-24.284000	1.859898	10046.870763
-24.232000	1.844168	10046.877427
-24.180000	1.828458	10046.845600
-24.128000	1.813078	10046.831608
-24.076000	1.797725	10046.852093
-24.024000	1.782674	10046.872595
-23.972000	1.767668	10046.893117
-23.920000	1.752936	10046.887755
-23.868000	1.738265	10046.856015
-23.816000	1.723841	10046.854217
-23.764000	1.709497	10046.874763
-23.712000	1.695381	10046.861373
-23.660000	1.681359	10046.829709
-23.608000	1.667536	10046.836061
-23.556000	1.653821	10046.856682
-23.504000	1.640287	10046.877328
-23.452000	1.626874	10046.897988
-23.400000	1.613622	10046.872569
-23.348000	1.600504	10046.840966
-23.296000	1.587524	10046.859512
-23.244000	1.574689	10046.878335
-23.192000	1.561971	10046.846797
-23.140000	1.549416	10046.821193
-23.088000	1.536966	10046.841969
-23.036000	1.524680	10046.862754
-22.984000	1.512476	10046.883568
-22.932000	1.500455	10046.890394
-22.880000	1.488503	10046.858970
-22.828000	1.476737	10046.845592
-22.776000	1.465022	10046.866453
-22.724000	1.453505	10046.865264
-22.672000	1.442026	10046.833914
-22.620000	1.430755	10046.828686
-22.568000	1.419508	10046.849622
-22.516000	1.408472	10046.840439
-22.464000	1.397448	10046.809165
-22.412000	1.386643	10046.812086
-22.360000	1.375853	10046.833097
-22.308000	1.365259	10046.815919
-22.256000	1.354691	10046.784720
-22.204000	1.344302	10046.795808
-22.152000	1.333952	10046.816920
-22.100000	1.323768	10046.838037
-22.048000	1.313633	10046.859160
-21.996000	1.303645	10046.829991
-21.944000	1.293717	10046.801007
-21.892000	1.283924	10046.822221
-21.840000	1.274198	10046.837304
-21.788000	1.264591	10046.806308
-21.736000	1.255063	10046.785502
-21.684000	1.245646	10046.806818
-21.632000	1.236312	10046.813925
-21.580000	1.227069	10046.782978
-21.528000	1.217920	10046.770310
-21.476000	1.208853	10046.791726
-21.424000	1.199889	10046.790858
-21.372000	1.190996	10046.760010
-21.320000	1.182210	10046.755520
-21.268000	1.173481	10046.777010
-21.216000	1.164870	10046.768162
-21.164000	1.156306	10046.737441
-21.112000	1.147864	10046.741133
-21.060000	1.139459	10046.762697
-21.008000	1.131186	10046.745870
-20.956000	1.122941	10046.715249
-20.904000	1.114827	10046.727134
-20.852000	1.106731	10046.748824
-20.800000	1.098775	10046.724019
-20.748000	1.090828	10046.693472
-20.696000	1.083025	10046.662973
-20.644000	1.075230	10046.634810
-20.592000	1.067571	10046.656628
-20.540000	1.059928	10046.672096
-20.488000	1.052413	10046.641730
-20.436000	1.044920	10046.621769
-20.384000	1.037533	10046.643688
-20.332000	1.030178	10046.651190
-20.280000	1.022930	10046.620924
-20.228000	1.015720	10046.609144
-20.176000	1.008600	10046.631188
-20.124000	1.001524	10046.630745
-20.072000	0.994529	10046.600577
-20.020000	0.987586	10046.570438
-19.968000	0.980717	10046.540333
-19.916000	0.973905	10046.540845
-19.864000	0.967158	10046.563078
-19.812000	0.960473	10046.550721
-19.760000	0.953845	10046.520742
-19.708000	0.947284	10046.529447
-19.656000	0.940773	10046.551779
-19.604000	0.934334	10046.531452
-19.552000	0.927936	10046.501573
-19.500000	0.921616	10046.471758
-19.448000	0.915330	10046.441967
-19.396000	0.909126	10046.462978
-19.344000	0.902949	10046.482959
-19.292000	0.896858	10046.453280
-19.240000	0.890788	10046.423615
-19.188000	0.884808	10046.393979
-19.136000	0.878841	10046.374970
-19.084000	0.872970	10046.397697
-19.032000	0.867107	10046.405786
-18.980000	0.861342	10046.376301
-18.928000	0.855582	10046.346835
-18.876000	0.849917	10046.317411
-18.824000	0.844261	10046.310740
-18.772000	0.838690	10046.333653
-18.720000	0.833135	10046.329828
-18.668000	0.827659	10046.300530
-18.616000	0.822203	10046.271274
-18.564000	0.816819	10046.242065
-18.512000	0.811460	10046.247731
-18.460000	0.806166	10046.270858
-18.408000	0.800902	10046.255159
-18.356000	0.795696	10046.226101
-18.304000	0.790524	10046.197066
-18.252000	0.785404	10046.168043
-18.200000	0.780323	10046.186060
-18.148000	0.775288	10046.209427
-18.096000	0.770295	10046.181827
-18.044000	0.765343	10046.152956
-17.992000	0.760437	10046.124184
-17.940000	0.755567	10046.095427
-17.888000	0.750745	10046.066700
-17.836000	0.745954	10046.048818
-17.784000	0.741216	10046.072479
-17.732000	0.736503	10046.081285
-17.680000	0.731846	10046.052733
-17.628000	0.727209	10046.024201
-17.576000	0.722632	10045.995712
-17.524000	0.718070	10045.967262
-17.472000	0.713571	10045.938886
-17.420000	0.709082	10045.937512
-17.368000	0.704659	10045.961447
-17.316000	0.700242	10045.954415
-17.264000	0.695893	10045.926191
-17.212000	0.691549	10045.898014
-17.160000	0.687272	10045.869878
-17.108000	0.683000	10045.841779
-17.056000	0.678791	10045.813705
-17.004000	0.674591	10045.785690
-16.952000	0.670448	10045.757704
-16.900000	0.666318	10045.776956
-16.848000	0.662240	10045.801332
-16.796000	0.658179	10045.774590
-16.744000	0.654165	10045.746806
-16.692000	0.650171	10045.719075
-16.640000	0.646219	10045.691353
-16.588000	0.642291	10045.663713
-16.536000	0.638401	10045.636086
-16.484000	0.634537	10045.608533
-16.432000	0.630706	10045.596088
-16.380000	0.626906	10045.620897
-16.328000	0.623135	10045.626607
-16.276000	0.619396	10045.599230
-16.224000	0.615684	10045.571892
-16.172000	0.612005	10045.544629
-16.120000	0.608349	10045.517394
-16.068000	0.604730	10045.490193
-16.016000	0.601129	10045.463047
-15.964000	0.597569	10045.435961
-15.912000	0.594024	10045.408922
-15.860000	0.590520	10045.381924
-15.808000	0.587028	10045.394309
-15.756000	0.583581	10045.419699
-15.704000	0.580141	10045.401795
-15.652000	0.576748	10045.374999
-15.600000	0.573361	10045.348267
-15.548000	0.570022	10045.321558
-15.496000	0.566686	10045.294942
-15.444000	0.563399	10045.268347
-15.392000	0.560115	10045.241828
-15.340000	0.556877	10045.215322
-15.288000	0.553646	10045.188896
-15.236000	0.550455	10045.162485
-15.184000	0.547274	10045.136173
-15.132000	0.544131	10045.125190
-15.080000	0.540999	10045.151266
-15.028000	0.537902	10045.158024
-14.976000	0.534820	10045.131913
-14.924000	0.531768	10045.105841
-14.872000	0.528733	10045.079844
-14.820000	0.525726	10045.053895
-14.768000	0.522737	10045.028012
-14.716000	0.519775	10045.002171
-14.664000	0.516832	10044.976376
-14.612000	0.513912	10044.950643
-14.560000	0.511014	10044.924961
-14.508000	0.508136	10044.899350
-14.456000	0.505283	10044.873782
-14.404000	0.502446	10044.848292
-14.352000	0.499637	10044.822838
-14.300000	0.496841	10044.845077
-14.248000	0.494074	10044.872012
-14.196000	0.491318	10044.847370
-14.144000	0.488593	10044.822117
-14.092000	0.485876	10044.796989
-14.040000	0.483191	10044.771876
-13.988000	0.480513	10044.746845
-13.936000	0.477869	10044.721831
-13.884000	0.475229	10044.696939
-13.832000	0.472624	10044.672066
-13.780000	0.470021	10044.647261
-13.728000	0.467455	10044.622494
-13.676000	0.464891	10044.597828
-13.624000	0.462361	10044.573203
-13.572000	0.459835	10044.548651
-13.520000	0.457340	10044.524146
-13.468000	0.454851	10044.499708
-13.416000	0.452391	10044.507000
-13.364000	0.449939	10044.534950
-13.312000	0.447513	10044.527263
-13.260000	0.445097	10044.503079
-13.208000	0.442704	10044.478948
-13.156000	0.440323	10044.454850
-13.104000	0.437963	10044.430867
-13.052000	0.435617	10044.406935
-13.000000	0.433290	10044.383069
-12.948000	0.430978	10044.359225
-12.896000	0.428682	10044.335495
-12.844000	0.426403	10044.311791
-12.792000	0.424139	10044.288187
-12.740000	0.421893	10044.264596
-12.688000	0.419660	10044.241139
-12.636000	0.417446	10044.229399
-12.584000	0.415243	10044.258329
-12.532000	0.413061	10044.271545
-12.480000	0.410887	10044.248339
-12.428000	0.408736	10044.225172
-12.376000	0.406592	10044.202105
-12.324000	0.404472	10044.179079
-12.272000	0.402357	10044.156126
-12.220000	0.400266	10044.133231
-12.168000	0.398179	10044.110418
-12.116000	0.396118	10044.087659
-12.064000	0.394059	10044.064959
-12.012000	0.392027	10044.042350
-11.960000	0.389996	10044.019816
-11.908000	0.387991	10043.997352
-11.856000	0.385989	10043.974931
-11.804000	0.384011	10043.996594
-11.752000	0.382037	10044.026560
-11.700000	0.380084	10044.008608
-11.648000	0.378137	10043.986466
-11.596000	0.376211	10043.964439
-11.544000	0.374291	10043.942436
-11.492000	0.372390	10043.920534
-11.440000	0.370496	10043.898646
-11.388000	0.368620	10043.876915
-11.336000	0.366752	10043.855200
-11.284000	0.364900	10043.833583
-11.232000	0.363058	10043.811998
-11.180000	0.361230	10043.790545
-11.128000	0.359413	10043.789128
-11.076000	0.357608	10043.820089
-11.024000	0.355817	10043.827063
-10.972000	0.354036	10043.805889
-10.920000	0.352269	10043.784762
-10.868000	0.350510	10043.763702
-10.816000	0.348766	10043.742733
-10.764000	0.347030	10043.721863
-10.712000	0.345311	10043.701057
-10.660000	0.343596	10043.680300
-10.608000	0.341900	10043.659647
-10.556000	0.340207	10043.639056
-10.504000	0.338533	10043.662786
-10.452000	0.336862	10043.694608
-10.400000	0.335211	10043.678275
-10.348000	0.333561	10043.657962
-10.296000	0.331932	10043.637787
-10.244000	0.330303	10043.617640
-10.192000	0.328695	10043.597618
-10.140000	0.327088	10043.577612
-10.088000	0.325500	10043.557736
-10.036000	0.323914	10043.550020
-9.984000	0.322346	10043.582584
-9.932000	0.320781	10043.599004
-9.880000	0.319232	10043.579459
-9.828000	0.317688	10043.559952
-9.776000	0.316158	10043.540545
-9.724000	0.314635	10043.521196
-9.672000	0.313123	10043.501954
-9.620000	0.311619	10043.482771
-9.568000	0.310127	10043.463669
-9.516000	0.308643	10043.476975
-9.464000	0.307169	10043.510312
-9.412000	0.305704	10043.507375
-9.360000	0.304248	10043.488603
-9.308000	0.302801	10043.469918
-9.256000	0.301363	10043.451285
-9.204000	0.299936	10043.432786
-9.152000	0.298516	10043.414344
-9.100000	0.297107	10043.444488
-9.048000	0.295703	10043.478216
-8.996000	0.294312	10043.460052
-8.944000	0.292926	10043.441914
-8.892000	0.291553	10043.423926
-8.840000	0.290183	10043.405956
-8.788000	0.288827	10043.388116
-8.736000	0.287474	10043.382656
-8.684000	0.286136	10043.417282
-8.632000	0.284799	10043.435545
-8.580000	0.283477	10043.418061
-8.528000	0.282156	10043.400616
-8.476000	0.280851	10043.383270
-8.424000	0.279547	10043.365990
-8.372000	0.278257	10043.348836
-8.320000	0.276970	10043.360258
-8.268000	0.275695	10043.395543
-8.216000	0.274424	10043.398362
-8.164000	0.273164	10043.381538
-8.112000	0.271909	10043.364805
-8.060000	0.270664	10043.348146
-8.008000	0.269424	10043.372212
-7.956000	0.268195	10043.407991
-7.904000	0.266970	10043.399245
-7.852000	0.265755	10043.382942
-7.800000	0.264546	10043.366745
-7.748000	0.263345	10043.351041
-7.696000	0.262150	10043.387311
-7.644000	0.260963	10043.419113
-7.592000	0.259783	10043.403314
-7.540000	0.258610	10043.387534
-7.488000	0.257445	10043.371910
-7.436000	0.256285	10043.368882
-7.384000	0.255134	10043.405696
-7.332000	0.253987	10043.425932
-7.280000	0.252850	10043.410637
-7.228000	0.251717	10043.395395
-7.176000	0.250594	10043.380290
-7.124000	0.249474	10043.389940
-7.072000	0.248365	10043.427301
-7.020000	0.247257	10043.436006
-6.968000	0.246161	10043.421257
-6.916000	0.245066	10043.406589
-6.864000	0.243984	10043.392005
-6.812000	0.242902	10043.414331
-6.760000	0.241832	10043.452212
-6.708000	0.240763	10043.449375
-6.656000	0.239705	10043.435172
-6.604000	0.238649	10043.465982
-6.552000	0.237603	10043.504245
-6.500000	0.236559	10043.493721
-6.448000	0.235525	10043.479874
-6.396000	0.234494	10043.466190
-6.344000	0.233471	10043.457250
-6.292000	0.232452	10043.496020
-6.240000	0.231442	10043.526053
-6.188000	0.230435	10043.512746
-6.136000	0.229435	10043.512257
-6.084000	0.228440	10043.551415
-6.032000	0.227452	10043.573782
-5.980000	0.226468	10043.560857
-5.928000	0.225490	10043.547985
-5.876000	0.224519	10043.535250
-5.824000	0.223552	10043.547488
-5.772000	0.222592	10043.587218
-5.720000	0.221636	10043.598074
-5.668000	0.220687	10043.585695
-5.616000	0.219741	10043.606404
-5.564000	0.218803	10043.646516
-5.512000	0.217868	10043.649716
-5.460000	0.216941	10043.637744
-5.408000	0.216016	10043.625877
-5.356000	0.215100	10043.614070
-5.304000	0.214185	10043.647512
-5.252000	0.213279	10043.688195
-5.200000	0.212375	10043.679874
-5.148000	0.211479	10043.669344
-5.096000	0.210584	10043.710378
-5.044000	0.209699	10043.746508
-4.992000	0.208814	10043.735476
-4.940000	0.207939	10043.733434
-4.888000	0.207064	10043.774875
-4.836000	0.206198	10043.803330
-4.784000	0.205333	10043.792686
-4.732000	0.204477	10043.799130
-4.680000	0.203622	10043.840951
-4.628000	0.202774	10043.861746
-4.576000	0.201929	10043.851509
-4.524000	0.201091	10043.841340
-4.472000	0.200255	10043.831294
-4.420000	0.199425	10043.850490
-4.368000	0.198600	10043.892909
-4.316000	0.197779	10043.902223
-4.264000	0.196962	10043.892558
-4.212000	0.196150	10043.920253
-4.160000	0.195343	10043.963079
-4.108000	0.194539	10043.964752
-4.056000	0.193741	10043.955494
-4.004000	0.192946	10043.991704
-3.952000	0.192156	10044.034936
-3.900000	0.191369	10044.028968
-3.848000	0.190588	10044.021231
-3.796000	0.189810	10044.064818
-3.744000	0.189038	10044.103279
-3.692000	0.188268	10044.094821
-3.640000	0.187504	10044.095573
-3.588000	0.186742	10044.139588
-3.536000	0.185987	10044.170404
-3.484000	0.185233	10044.162361
-3.432000	0.184486	10044.154363
-3.380000	0.183740	10044.146537
-3.328000	0.183001	10044.160061
-3.276000	0.182263	10044.204672
-3.224000	0.181532	10044.224029
-3.172000	0.180802	10044.216609
-3.120000	0.180078	10044.238650
-3.068000	0.179356	10044.283695
-3.016000	0.178640	10044.295431
-2.964000	0.177926	10044.288418
-2.912000	0.177217	10044.318969
-2.860000	0.176511	10044.364420
-2.808000	0.175809	10044.368519
-2.756000	0.175111	10044.361913
-2.704000	0.174417	10044.400993
-2.652000	0.173725	10044.446877
-2.600000	0.173039	10044.443344
-2.548000	0.172355	10044.438476
-2.496000	0.171675	10044.484762
-2.444000	0.170998	10044.525709
-2.392000	0.170325	10044.519905
-2.340000	0.169655	10044.514121
-2.288000	0.168989	10044.508565
-2.236000	0.168327	10044.516484
-2.184000	0.167668	10044.563419
-2.132000	0.167013	10044.592910
-2.080000	0.166360	10044.587760
-2.028000	0.165711	10044.604194
-1.976000	0.165065	10044.651535
-1.924000	0.164423	10044.673394
-1.872000	0.163783	10044.668677
-1.820000	0.163149	10044.693651
-1.768000	0.162516	10044.741424
-1.716000	0.161888	10044.755672
-1.664000	0.161261	10044.751388
-1.612000	0.160640	10044.747228
-1.560000	0.160019	10044.743160
-1.508000	0.159404	10044.780926
-1.456000	0.158790	10044.829322
-1.404000	0.158181	10044.832146
-1.352000	0.157573	10044.828510
-1.300000	0.156970	10044.874812
-1.248000	0.156369	10044.922091
-1.196000	0.155772	10044.918857
-1.144000	0.155177	10044.915654
-1.092000	0.154586	10044.912630
-1.040000	0.153997	10044.919252
-0.988000	0.153411	10044.968751
-0.936000	0.152828	10045.004616
-0.884000	0.152249	10045.002056
-0.832000	0.151672	10044.999537
-0.780000	0.151098	10044.997167
-0.728000	0.150527	10045.016606
-0.676000	0.149959	10045.066752
-0.624000	0.149394	10045.091200
-0.572000	0.148831	10045.089289
-0.520000	0.148272	10045.117286
-0.468000	0.147715	10045.167865
-0.416000	0.147161	10045.184701
-0.364000	0.146609	10045.183222
-0.312000	0.146062	10045.181869
-0.260000	0.145515	10045.180606
-0.208000	0.144973	10045.179484
-0.156000	0.144431	10045.178437
-0.104000	0.143894	10045.223514
-0.052000	0.143358	10045.274957
-0.000000	0.142827	10045.276591
0.052000	0.142296	10045.276003
0.104000	0.141770	10045.275603
0.156000	0.141244	10045.281036
0.208000	0.140723	10045.333143
0.260000	0.140203	10045.375427
0.312000	0.139687	10045.375481
0.364000	0.139171	10045.375567
0.416000	0.138660	10045.375837
0.468000	0.138150	10045.394079
0.520000	0.137644	10045.446866
0.572000	0.137139	10045.477759
0.624000	0.136638	10045.478487
0.676000	0.136138	10045.479295
0.728000	0.135641	10045.480239
0.780000	0.135146	10045.481279
0.832000	0.134654	10045.482439
0.884000	0.134164	10045.483724
0.936000	0.133677	10045.485127
0.988000	0.133191	10045.524764
1.040000	0.132708	10045.578657
1.092000	0.132228	10045.590546
1.144000	0.131750	10045.592381
1.196000	0.131274	10045.594393
1.248000	0.130800	10045.596470
1.300000	0.130329	10045.598721
1.352000	0.129860	10045.601014
1.404000	0.129393	10045.603497
1.456000	0.128928	10045.612028
1.508000	0.128466	10045.667017
1.560000	0.128005	10045.711967
1.612000	0.127548	10045.714929
1.664000	0.127091	10045.717922
1.716000	0.126638	10045.721099
1.768000	0.126186	10045.724330
1.820000	0.125738	10045.727750
1.872000	0.125289	10045.731233
1.924000	0.124845	10045.734868
1.976000	0.124401	10045.738584
2.028000	0.123961	10045.742435
2.080000	0.123522	10045.746393
2.132000	0.123086	10045.750487
2.184000	0.122650	10045.754691
2.236000	0.122218	10045.759001
2.288000	0.121787	10045.763437
2.340000	0.121359	10045.767962
2.392000	0.120932	10045.815012
2.444000	0.120507	10045.872053
2.496000	0.120085	10045.882852
2.548000	0.119664	10045.887834
2.600000	0.119245	10045.893014
2.652000	0.118828	10045.898239
2.704000	0.118413	10045.903654
2.756000	0.118000	10045.909095
2.808000	0.117590	10045.914742
2.860000	0.117180	10045.920412
2.912000	0.116773	10045.926305
2.964000	0.116368	10045.932235
3.016000	0.115964	10045.938370
3.068000	0.115562	10045.944549
3.120000	0.115163	10045.950873
3.172000	0.114764	10045.957271
3.224000	0.114369	10045.963837
3.276000	0.113974	10045.970495
3.328000	0.113582	10045.977303
3.380000	0.113191	10045.953740
3.432000	0.112802	10045.908491
3.484000	0.112414	10045.897859
3.536000	0.112030	10045.905100
3.588000	0.111646	10045.912484
3.640000	0.111265	10045.919966
3.692000	0.110883	10045.927610
3.744000	0.110506	10045.935334
3.796000	0.110129	10045.943198
3.848000	0.109755	10045.951112
3.900000	0.109381	10045.959223
3.952000	0.109010	10045.967378
4.004000	0.108639	10045.975749
4.056000	0.108271	10045.984147
4.108000	0.107904	10045.992752
4.160000	0.107540	10045.990880
4.212000	0.107176	10045.947430
4.264000	0.106815	10045.918551
4.316000	0.106455	10045.927617
4.368000	0.106097	10045.936738
4.420000	0.105740	10045.946045
4.472000	0.105384	10045.955410
4.524000	0.105031	10045.964907
4.576000	0.104679	10045.974495
4.628000	0.104328	10045.984234
4.680000	0.103979	10045.963396
4.732000	0.103632	10045.921102
4.784000	0.103285	10045.913645
4.836000	0.102941	10045.923842
4.888000	0.102598	10045.934167
4.940000	0.102257	10045.944579
4.992000	0.101917	10045.955153
5.044000	0.101579	10045.965807
5.096000	0.101242	10045.929784
5.148000	0.100907	10045.888379
5.200000	0.100573	10045.898048
5.252000	0.100242	10045.909159
5.304000	0.099910	10045.920462
5.356000	0.099581	10045.925112
5.408000	0.099252	10045.884399
5.460000	0.098927	10045.854419
5.512000	0.098601	10045.866172
5.564000	0.098278	10045.877967
5.616000	0.097955	10045.889988
5.668000	0.097635	10045.883263
5.720000	0.097315	10045.843199
5.772000	0.096997	10045.826037
5.824000	0.096680	10045.838489
5.876000	0.096365	10045.851023
5.928000	0.096051	10045.863691
5.980000	0.095738	10045.845564
6.032000	0.095427	10045.806199
6.084000	0.095117	10045.801890
6.136000	0.094808	10045.815015
6.188000	0.094501	10045.789290
6.240000	0.094195	10045.750356
6.292000	0.093891	10045.754603
6.344000	0.093587	10045.768185
6.396000	0.093285	10045.781928
6.448000	0.092985	10045.795726
6.500000	0.092685	10045.758630
6.552000	0.092387	10045.723252
6.604000	0.092090	10045.737460
6.656000	0.091795	10045.744794
6.708000	0.091500	10045.706984
6.760000	0.091208	10045.680126
6.812000	0.090915	10045.694807
6.864000	0.090625	10045.694557
6.916000	0.090335	10045.657206
6.968000	0.090048	10045.638913
7.020000	0.089760	10045.654051
7.072000	0.089475	10045.646210
7.124000	0.089190	10045.609290
7.176000	0.088907	10045.599536
7.228000	0.088625	10045.615105
7.280000	0.088345	10045.599663
7.332000	0.088064	10045.563199
7.384000	0.087786	10045.526836
7.436000	0.087509	10045.490562
7.488000	0.087233	10045.493632
7.540000	0.086957	10045.509873
7.592000	0.086684	10045.483044
7.644000	0.086411	10045.447253
7.696000	0.086140	10045.458877
7.748000	0.085869	10045.475550
7.800000	0.085600	10045.441112
7.852000	0.085331	10045.405752
7.904000	0.085064	10045.370562
7.956000	0.084798	10045.342503
8.008000	0.084534	10045.359842
8.060000	0.084270	10045.366052
8.112000	0.084007	10045.331334
8.164000	0.083746	10045.311839
8.216000	0.083485	10045.329610
8.268000	0.083226	10045.328213
8.320000	0.082967	10045.293951
8.372000	0.082710	10045.259750
8.424000	0.082454	10045.225677
8.476000	0.082199	10045.218990
8.528000	0.081944	10045.237407
8.580000	0.081692	10045.224597
8.632000	0.081439	10045.190981
8.684000	0.081189	10045.157467
8.736000	0.080938	10045.124041
8.788000	0.080690	10045.130177
8.840000	0.080441	10045.149267
8.892000	0.080195	10045.125051
8.944000	0.079948	10045.092082
8.996000	0.079704	10045.059255
9.048000	0.079460	10045.026475
9.100000	0.079217	10044.993896
9.152000	0.078975	10044.964650
9.204000	0.078734	10044.984556
9.256000	0.078494	10044.997151
9.308000	0.078255	10044.965039
9.360000	0.078017	10044.932945
9.412000	0.077780	10044.901022
9.464000	0.077544	10044.869139
9.516000	0.077309	10044.837457
9.568000	0.077075	10044.825266
9.620000	0.076842	10044.846047
9.672000	0.076609	10044.843416
9.724000	0.076378	10044.812139
9.776000	0.076147	10044.780946
9.828000	0.075918	10044.749884
9.880000	0.075689	10044.718922
9.932000	0.075462	10044.688076
9.984000	0.075235	10044.692940
10.036000	0.075009	10044.714583
10.088000	0.074784	10044.696709
10.140000	0.074560	10044.666267
10.192000	0.074337	10044.635973
10.244000	0.074114	10044.605746
10.296000	0.073893	10044.575683
10.348000	0.073672	10044.545671
10.400000	0.073453	10044.515840
10.452000	0.073234	10044.489553
10.504000	0.073016	10044.512227
10.556000	0.072799	10044.527373
10.608000	0.072583	10044.497977
10.660000	0.072367	10044.468602
10.712000	0.072153	10044.439421
10.764000	0.071939	10044.410273
10.816000	0.071727	10044.381281
10.868000	0.071514	10044.352342
10.920000	0.071303	10044.323565
10.972000	0.071093	10044.294858
11.024000	0.070884	10044.266297
11.076000	0.070675	10044.265557
11.128000	0.070467	10044.289485
11.180000	0.070260	10044.281727
11.232000	0.070054	10044.253570
11.284000	0.069848	10044.225516
11.336000	0.069644	10044.197548
11.388000	0.069440	10044.169713
11.440000	0.069237	10044.141960
11.492000	0.069035	10044.114356
11.544000	0.068833	10044.086819
11.596000	0.068633	10044.059426
11.648000	0.068433	10044.032078
11.700000	0.068234	10044.056874
11.752000	0.068035	10044.078287
11.804000	0.067838	10044.051326
11.856000	0.067641	10044.024384
11.908000	0.067445	10043.997624
11.960000	0.067249	10043.970887
12.012000	0.067055	10043.944343
12.064000	0.066861	10043.917832
12.116000	0.066668	10043.891477
12.168000	0.066476	10043.865170
12.220000	0.066284	10043.839004
12.272000	0.066093	10043.812908
12.324000	0.065903	10043.786957
12.376000	0.065714	10043.761082
12.428000	0.065525	10043.735320
12.480000	0.065337	10043.741652
12.532000	0.065150	10043.768380
12.584000	0.064963	10043.759166
12.636000	0.064778	10043.733783
12.688000	0.064593	10043.708533
12.740000	0.064408	10043.683364
12.792000	0.064225	10043.658327
12.844000	0.064042	10043.633347
12.896000	0.063859	10043.608533
12.948000	0.063678	10043.583769
13.000000	0.063497	10043.559142
13.052000	0.063317	10043.534540
13.104000	0.063137	10043.510112
13.156000	0.062958	10043.485702
13.208000	0.062780	10043.461500
13.260000	0.062602	10043.437319
13.312000	0.062426	10043.413307
13.364000	0.062249	10043.405383
13.416000	0.062074	10043.433808
13.468000	0.061899	10043.442190
13.520000	0.061725	10043.418556
13.572000	0.061551	10043.394984
13.624000	0.061378	10043.371538
13.676000	0.061206	10043.348158
13.728000	0.061034	10043.324876
13.780000	0.060863	10043.301696
13.832000	0.060693	10043.278629
13.884000	0.060523	10043.255651
13.936000	0.060354	10043.232746
13.988000	0.060185	10043.209976
14.040000	0.060018	10043.187287
14.092000	0.059850	10043.164711
14.144000	0.059684	10043.142184
14.196000	0.059518	10043.119803
14.248000	0.059353	10043.097466
14.300000	0.059188	10043.075288
14.352000	0.059024	10043.057302
14.404000	0.058860	10043.087577
14.456000	0.058697	10043.109668
14.508000	0.058535	10043.087893
14.560000	0.058373	10043.066137
14.612000	0.058212	10043.044525
14.664000	0.058052	10043.022943
14.716000	0.057892	10043.001494
14.768000	0.057732	10042.980100
14.820000	0.057573	10042.958866
14.872000	0.057415	10042.937686
14.924000	0.057258	10042.916615
14.976000	0.057101	10042.895610
15.028000	0.056944	10042.874702
15.080000	0.056788	10042.853884
15.132000	0.056633	10042.833165
15.184000	0.056478	10042.812550
15.236000	0.056324	10042.792019
15.288000	0.056170	10042.812095
15.340000	0.056017	10042.844001
15.392000	0.055864	10042.831499
15.444000	0.055713	10042.811320
15.496000	0.055561	10042.791267
15.548000	0.055410	10042.771251
15.600000	0.055260	10042.751373
15.652000	0.055110	10042.731520
15.704000	0.054961	10042.711841
15.756000	0.054812	10042.692180
15.808000	0.054664	10042.672675
15.860000	0.054516	10042.653191
15.912000	0.054369	10042.633874
15.964000	0.054223	10042.614589
16.016000	0.054076	10042.595435
16.068000	0.053931	10042.596857
16.120000	0.053786	10042.630140
16.172000	0.053641	10042.638908
16.224000	0.053497	10042.620079
16.276000	0.053354	10042.601329
16.328000	0.053211	10042.582690
16.380000	0.053068	10042.564116
16.432000	0.052926	10042.545614
16.484000	0.052785	10042.527217
16.536000	0.052644	10042.508903
16.588000	0.052504	10042.490692
16.640000	0.052364	10042.472541
16.692000	0.052224	10042.454505
16.744000	0.052085	10042.436517
16.796000	0.051947	10042.418655
16.848000	0.051809	10042.401391
16.900000	0.051671	10042.435978
16.952000	0.051534	10042.465991
17.004000	0.051398	10042.448479
17.056000	0.051262	10042.430983
17.108000	0.051126	10042.413642
17.160000	0.050991	10042.396320
17.212000	0.050857	10042.379142
17.264000	0.050723	10042.361995
17.316000	0.050589	10042.344980
17.368000	0.050456	10042.328008
17.420000	0.050323	10042.311155
17.472000	0.050191	10042.294349
17.524000	0.050059	10042.277633
17.576000	0.049928	10042.289821
17.628000	0.049797	10042.325568
17.680000	0.049666	10042.328518
17.732000	0.049536	10042.312127
17.784000	0.049407	10042.295828
17.836000	0.049278	10042.279600
17.888000	0.049149	10042.263459
17.940000	0.049021	10042.247368
17.992000	0.048893	10042.231392
18.044000	0.048766	10042.215463
18.096000	0.048639	10042.199662
18.148000	0.048513	10042.183896
18.200000	0.048387	10042.168270
18.252000	0.048261	10042.157483
18.304000	0.048136	10042.194280
18.356000	0.048011	10042.222237
18.408000	0.047887	10042.206904
18.460000	0.047763	10042.191590
18.512000	0.047640	10042.176419
18.564000	0.047517	10042.161281
18.616000	0.047395	10042.146272
18.668000	0.047272	10042.131302
18.720000	0.047151	10042.116430
18.772000	0.047029	10042.101606
18.824000	0.046909	10042.086870
18.876000	0.046788	10042.072204
18.928000	0.046668	10042.057631
18.980000	0.046549	10042.076207
19.032000	0.046429	10042.114046
19.084000	0.046310	10042.114842
19.136000	0.046192	10042.100544
19.188000	0.046074	10042.086348
19.240000	0.045956	10042.072212
19.292000	0.045839	10042.058173
19.344000	0.045722	10042.044173
19.396000	0.045606	10042.030280
19.448000	0.045490	10042.016417
19.500000	0.045374	10042.002694
19.552000	0.045259	10041.988994
19.604000	0.045144	10041.975395
19.656000	0.045030	10041.970882
19.708000	0.044916	10042.009725
19.760000	0.044802	10042.035476
19.812000	0.044689	10042.022182
19.864000	0.044576	10042.008915
19.916000	0.044463	10041.995757
19.968000	0.044351	10041.982630
20.020000	0.044239	10041.969583
20.072000	0.044128	10041.956592
20.124000	0.044017	10041.943708
20.176000	0.043906	10041.930881
20.228000	0.043796	10041.918133
20.280000	0.043686	10041.905452
20.332000	0.043576	10041.892841
20.384000	0.043467	10041.917629
20.436000	0.043358	10041.957402
20.488000	0.043250	10041.955905
20.540000	0.043142	10041.943567
20.592000	0.043034	10041.931307
20.644000	0.042927	10041.919079
20.696000	0.042820	10041.906959
20.748000	0.042713	10041.894867
20.800000	0.042607	10041.882894
20.852000	0.042501	10041.870939
20.904000	0.042395	10041.859112
20.956000	0.042290	10041.847297
21.008000	0.042185	10041.835586
21.060000	0.042080	10041.837220
21.112000	0.041976	10041.877920
21.164000	0.041872	10041.901282
21.216000	0.041769	10041.889843
21.268000	0.041665	10041.878437
21.320000	0.041563	10041.867109
21.372000	0.041460	10041.855829
21.424000	0.041358	10041.844638
21.476000	0.041256	10041.833505
21.528000	0.041154	10041.822450
21.580000	0.041053	10041.811438
21.632000	0.040952	10041.800468
21.684000	0.040852	10041.789590
21.736000	0.040752	10041.778783
21.788000	0.040652	10041.768046
21.840000	0.040552	10041.757349
21.892000	0.040453	10041.792361
21.944000	0.040354	10041.834049
21.996000	0.040256	10041.826176
22.048000	0.040157	10041.815726
22.100000	0.040059	10041.805371
22.152000	0.039962	10041.795031
22.204000	0.039864	10041.784795
22.256000	0.039767	10041.774569
22.308000	0.039671	10041.764447
22.360000	0.039574	10041.754343
22.412000	0.039478	10041.744357
22.464000	0.039383	10041.734395
22.516000	0.039287	10041.724520
22.568000	0.039192	10041.714683
22.620000	0.039097	10041.704944
22.672000	0.039003	10041.695236
22.724000	0.038909	10041.685582
22.776000	0.038814	10041.675986
22.828000	0.038721	10041.666468
22.880000	0.038628	10041.690727
22.932000	0.038535	10041.733568
22.984000	0.038442	10041.738714
23.036000	0.038350	10041.729418
23.088000	0.038257	10041.720192
23.140000	0.038166	10041.711005
23.192000	0.038074	10041.701898
23.244000	0.037983	10041.692822
23.296000	0.037892	10041.683834
23.348000	0.037801	10041.674868
23.400000	0.037711	10041.665974
23.452000	0.037621	10041.657093
23.504000	0.037531	10041.648340
23.556000	0.037442	10041.639599
23.608000	0.037352	10041.630935
23.660000	0.037263	10041.622290
23.712000	0.037175	10041.613763
23.764000	0.037086	10041.605254
23.816000	0.036998	10041.596811
23.868000	0.036910	10041.588400
23.920000	0.036823	10041.580067
23.972000	0.036736	10041.571775
24.024000	0.036649	10041.563553
24.076000	0.036562	10041.555367
24.128000	0.036476	10041.547230
24.180000	0.036389	10041.539147
24.232000	0.036304	10041.531120
24.284000	0.036218	10041.523157
24.336000	0.036133	10041.515240
24.388000	0.036047	10041.507395
24.440000	0.035963	10041.499589
24.492000	0.035878	10041.537909
24.544000	0.035794	10041.582461
24.596000	0.035710	10041.576997
24.648000	0.035626	10041.569385
24.700000	0.035542	10041.561846
24.752000	0.035459	10041.554319
24.804000	0.035376	10041.546895
24.856000	0.035293	10041.539482
24.908000	0.035211	10041.532146
24.960000	0.035129	10041.524827
25.012000	0.035047	10041.517601
25.064000	0.034965	10041.510395
25.116000	0.034884	10041.503253
25.168000	0.034802	10041.496137
25.220000	0.034721	10041.489080
25.272000	0.034641	10041.482064
25.324000	0.034560	10041.475118
25.376000	0.034480	10041.468220
25.428000	0.034400	10041.461384
25.480000	0.034320	10041.454577
25.532000	0.034241	10041.447800
25.584000	0.034162	10041.441086
25.636000	0.034083	10041.434420
25.688000	0.034004	10041.427807
25.740000	0.033926	10041.421224
25.792000	0.033847	10041.414722
25.844000	0.033769	10041.408250
25.896000	0.033692	10041.401823
25.948000	0.033614	10041.395409
26.000000	0.033537	10041.389091
26.052000	0.033460	10041.382787
26.104000	0.033383	10041.376562
26.156000	0.033306	10041.370347
26.208000	0.033230	10041.364209
26.260000	0.033154	10041.358084
26.312000	0.033078	10041.352030
26.364000	0.033002	10041.345995
26.416000	0.032927	10041.340025
26.468000	0.032852	10041.334089
26.520000	0.032777	10041.328229
26.572000	0.032702	10041.296080
26.624000	0.032628	10041.238005
26.676000	0.032553	10041.210317
26.728000	0.032479	10041.204601
26.780000	0.032405	10041.198927
26.832000	0.032332	10041.193296
26.884000	0.032258	10041.187712
26.936000	0.032185	10041.182165
26.988000	0.032112	10041.176672
27.040000	0.032040	10041.171209
27.092000	0.031967	10041.165807
27.144000	0.031895	10041.160428
27.196000	0.031823	10041.155116
27.248000	0.031751	10041.149822
27.300000	0.031679	10041.144577
27.352000	0.031608	10041.139340
27.404000	0.031537	10041.134209
27.456000	0.031466	10041.129086
27.508000	0.031395	10041.124015
27.560000	0.031324	10041.118954
27.612000	0.031254	10041.113941
27.664000	0.031184	10041.108954
27.716000	0.031114	10041.104051
27.768000	0.031044	10041.099167
27.820000	0.030975	10041.094323
27.872000	0.030905	10041.089511
27.924000	0.030836	10041.084752
27.976000	0.030767	10041.080030
28.028000	0.030699	10041.075355
28.080000	0.030630	10041.070710
28.132000	0.030562	10041.066093
28.184000	0.030494	10041.061510
28.236000	0.030426	10041.056952
28.288000	0.030358	10041.052466
28.340000	0.030291	10041.048019
28.392000	0.030223	10041.043593
28.444000	0.030156	10041.039177
28.496000	0.030089	10040.984093
28.548000	0.030023	10040.930035
28.600000	0.029956	10040.925756
28.652000	0.029890	10040.921483
28.704000	0.029824	10040.917315
28.756000	0.029758	10040.913154
28.808000	0.029692	10040.909020
28.860000	0.029627	10040.904901
28.912000	0.029561	10040.900851
28.964000	0.029496	10040.896822
29.016000	0.029431	10040.892857
29.068000	0.029367	10040.888903
29.120000	0.029302	10040.884970
29.172000	0.029238	10040.881069
29.224000	0.029173	10040.877221
29.276000	0.029109	10040.873411
29.328000	0.029046	10040.869647
29.380000	0.028982	10040.865914
29.432000	0.028919	10040.862209
29.484000	0.028855	10040.858537
29.536000	0.028792	10040.854890
29.588000	0.028729	10040.851281
29.640000	0.028667	10040.847693
29.692000	0.028604	10040.844146
29.744000	0.028542	10040.840616
29.796000	0.028480	10040.837153
29.848000	0.028418	10040.833707
29.900000	0.028356	10040.830312
29.952000	0.028294	10040.820148
30.004000	0.028233	10040.764514
30.056000	0.028172	10040.719706
30.108000	0.028110	10040.716457
30.160000	0.028050	10040.713216
30.212000	0.027989	10040.710000
30.264000	0.027928	10040.706799
30.316000	0.027868	10040.703641
30.368000	0.027808	10040.700502
30.420000	0.027748	10040.697403
30.472000	0.027688	10040.694326
30.524000	0.027628	10040.691286
30.576000	0.027569	10040.688283
30.628000	0.027509	10040.685327
30.680000	0.027450	10040.682387
30.732000	0.027391	10040.679464
30.784000	0.027332	10040.676574
30.836000	0.027273	10040.673709
30.888000	0.027215	10040.670881
30.940000	0.027157	10040.668074
30.992000	0.027098	10040.665329
31.044000	0.027040	10040.662607
31.096000	0.026983	10040.659908
31.148000	0.026925	10040.657218
31.200000	0.026867	10040.654554
31.252000	0.026810	10040.651896
31.304000	0.026753	10040.649318
31.356000	0.026696	10040.646748
31.408000	0.026639	10040.644229
31.460000	0.026582	10040.641718
31.512000	0.026526	10040.639232
31.564000	0.026469	10040.636760
31.616000	0.026413	10040.634332
31.668000	0.026357	10040.631923
31.720000	0.026301	10040.629554
31.772000	0.026245	10040.627207
31.824000	0.026190	10040.624896
31.876000	0.026134	10040.622612
31.928000	0.026079	10040.620360
31.980000	0.026024	10040.618123
32.032000	0.025969	10040.615904
32.084000	0.025914	10040.613718
32.136000	0.025860	10040.611557
32.188000	0.025805	10040.609415
32.240000	0.025751	10040.607286
32.292000	0.025697	10040.605199
32.344000	0.025642	10040.603129
32.396000	0.025589	10040.601104
32.448000	0.025535	10040.599092
32.500000	0.025481	10040.597130
32.552000	0.025428	10040.595176
32.604000	0.025375	10040.593251
32.656000	0.025321	10040.591331
32.708000	0.025268	10040.589438
32.760000	0.025215	10040.586028
32.812000	0.025163	10040.578966
32.864000	0.025110	10040.575785
32.916000	0.025058	10040.579236
32.968000	0.025006	10040.580363
33.020000	0.024954	10040.578620
33.072000	0.024901	10040.579639
33.124000	0.024850	10040.583182
33.176000	0.024798	10040.583595
33.228000	0.024746	10040.581943
33.280000	0.024695	10040.583869
33.332000	0.024644	10040.587503
33.384000	0.024593	10040.591155
33.436000	0.024542	10040.594822
33.488000	0.024491	10040.598526
33.540000	0.024440	10040.602251
33.592000	0.024390	10040.601219
33.644000	0.024339	10040.599723
33.696000	0.024289	10040.603458
33.748000	0.024239	10040.607274
33.800000	0.024189	10040.611116
33.852000	0.024139	10040.615707
33.904000	0.024089	10040.624811
33.956000	0.024040	10040.632774
34.008000	0.023990	10040.636683
34.060000	0.023941	10040.640604
34.112000	0.023892	10040.644571
34.164000	0.023843	10040.648549
34.216000	0.023794	10040.652549
34.268000	0.023745	10040.658918
34.320000	0.023696	10040.668179
34.372000	0.023648	10040.674700
34.424000	0.023599	10040.678792
34.476000	0.023551	10040.686064
34.528000	0.023503	10040.695415
34.580000	0.023455	10040.701214
34.632000	0.023407	10040.705371
34.684000	0.023359	10040.713519
34.736000	0.023312	10040.722936
34.788000	0.023264	10040.732391
34.840000	0.023217	10040.741866
34.892000	0.023170	10040.746563
34.944000	0.023123	10040.750817
34.996000	0.023076	10040.760303
35.048000	0.023029	10040.769843
35.100000	0.022982	10040.779409
35.152000	0.022936	10040.788982
35.204000	0.022889	10040.798583
35.256000	0.022843	10040.808193
35.308000	0.022797	10040.817853
35.360000	0.022751	10040.829088
35.412000	0.022705	10040.843982
35.464000	0.022659	10040.856916
35.516000	0.022613	10040.866641
35.568000	0.022568	10040.876369
35.620000	0.022522	10040.886101
35.672000	0.022477	10040.898640
35.724000	0.022431	10040.913658
35.776000	0.022386	10040.925503
35.828000	0.022341	10040.935326
35.880000	0.022297	10040.948757
35.932000	0.022252	10040.963841
35.984000	0.022207	10040.974931
36.036000	0.022163	10040.984794
36.088000	0.022118	10040.999093
36.140000	0.022074	10041.014242
36.192000	0.022030	10041.029413
36.244000	0.021986	10041.044594
36.296000	0.021942	10041.059800
36.348000	0.021898	10041.074630
36.400000	0.021854	10041.084643
36.452000	0.021811	10041.095448
36.504000	0.021767	10041.110697
36.556000	0.021724	10041.127144
36.608000	0.021681	10041.147679
36.660000	0.021638	10041.166628
36.712000	0.021595	10041.181968
36.764000	0.021552	10041.197312
36.816000	0.021509	10041.212658
36.868000	0.021467	10041.228025
36.920000	0.021424	10041.243431
36.972000	0.021382	10041.261645
37.024000	0.021339	10041.282285
37.076000	0.021297	10041.299730
37.128000	0.021255	10041.315175
37.180000	0.021213	10041.330637
37.232000	0.021171	10041.346115
37.284000	0.021129	10041.365628
37.336000	0.021088	10041.386366
37.388000	0.021046	10041.407125
37.440000	0.021005	10041.427896
37.492000	0.020964	10041.443844
37.544000	0.020922	10041.459395
37.596000	0.020881	10041.480197
37.648000	0.020840	10041.501007
37.700000	0.020799	10041.521868
37.752000	0.020759	10041.542736
37.804000	0.020718	10041.563581
37.856000	0.020677	10041.584435
37.908000	0.020637	10041.605339
37.960000	0.020597	10041.626251
38.012000	0.020556	10041.647188
38.064000	0.020516	10041.668128
38.116000	0.020476	10041.689072
38.168000	0.020436	10041.710027
38.220000	0.020396	10041.731004
38.272000	0.020357	10041.751983
38.324000	0.020317	10041.772967
38.376000	0.020277	10041.793977
38.428000	0.020238	10041.815020
38.480000	0.020199	10041.836064
38.532000	0.020159	10041.857114
38.584000	0.020120	10041.882203
38.636000	0.020081	10041.908487
38.688000	0.020042	10041.930367
38.740000	0.020004	10041.951481
38.792000	0.019965	10041.972598
38.844000	0.019926	10041.993742
38.896000	0.019888	10042.020116
38.948000	0.019849	10042.046071
39.000000	0.019811	10042.067228
39.052000	0.019773	10042.089219
39.104000	0.019735	10042.115636
39.156000	0.019697	10042.140825
39.208000	0.019659	10042.162048
39.260000	0.019621	10042.184911
39.312000	0.019583	10042.211368
39.364000	0.019545	10042.237835
39.416000	0.019508	10042.264325
39.468000	0.019471	10042.288372
39.520000	0.019433	10042.309642
39.572000	0.019396	10042.333773
39.624000	0.019359	10042.360303
39.676000	0.019322	10042.386847
39.728000	0.019285	10042.413410
39.780000	0.019248	10042.439975
39.832000	0.019211	10042.466545
39.884000	0.019174	10042.489073
39.936000	0.019138	10042.510448
39.988000	0.019101	10042.536289
40.040000	0.019065	10042.562899
40.092000	0.019029	10042.589531
40.144000	0.018992	10042.616173
40.196000	0.018956	10042.642818
40.248000	0.018920	10042.669466
40.300000	0.018884	10042.696143
40.352000	0.018848	10042.722824
40.404000	0.018813	10042.749509
40.456000	0.018777	10042.774944
40.508000	0.018741	10042.796434
40.560000	0.018706	10042.819588
40.612000	0.018670	10042.846312
40.664000	0.018635	10042.873047
40.716000	0.018600	10042.899805
40.768000	0.018565	10042.926566
40.820000	0.018530	10042.953331
40.872000	0.018495	10042.980109
40.924000	0.018460	10043.006907
40.976000	0.018425	10043.033707
41.028000	0.018390	10043.060512
41.080000	0.018356	10043.087334
41.132000	0.018321	10043.114173
41.184000	0.018287	10043.141013
41.236000	0.018252	10043.167858
41.288000	0.018218	10043.194705
41.340000	0.018184	10043.221557
41.392000	0.018150	10043.243543
41.444000	0.018116	10043.265266
41.496000	0.018082	10043.292154
41.548000	0.018048	10043.319045
41.600000	0.018014	10043.345965
41.652000	0.017981	10043.372890
41.704000	0.017947	10043.399817
41.756000	0.017914	10043.426749
41.808000	0.017880	10043.453684
41.860000	0.017847	10043.478945
41.912000	0.017814	10043.500678
41.964000	0.017780	10043.524501
42.016000	0.017747	10043.551479
42.068000	0.017714	10043.578463
42.120000	0.017681	10043.605456
42.172000	0.017648	10043.632455
42.224000	0.017616	10043.659463
42.276000	0.017583	10043.683182
42.328000	0.017550	10043.704980
42.380000	0.017518	10043.730485
42.432000	0.017486	10043.757526
42.484000	0.017453	10043.780470
42.536000	0.017421	10043.802298
42.588000	0.017389	10043.828642
42.640000	0.017357	10043.855712
42.692000	0.017324	10043.877882
42.744000	0.017293	10043.899830
42.796000	0.017261	10043.926925
42.848000	0.017229	10043.953534
42.900000	0.017197	10043.975417
42.952000	0.017165	10043.998200
43.004000	0.017134	10044.025323
43.056000	0.017102	10044.051152
43.108000	0.017071	10044.073065
43.160000	0.017040	10044.094984
43.212000	0.017008	10044.116910
43.264000	0.016977	10044.138840
43.316000	0.016946	10044.160779
43.368000	0.016915	10044.182723
43.420000	0.016884	10044.204677
43.472000	0.016853	10044.229550
43.524000	0.016822	10044.256744
43.576000	0.016792	10044.280626
43.628000	0.016761	10044.302608
43.680000	0.016730	10044.320872
43.732000	0.016700	10044.337639
43.784000	0.016669	10044.358537
43.836000	0.016639	10044.380544
43.888000	0.016609	10044.402555
43.940000	0.016579	10044.424571
43.992000	0.016548	10044.446596
44.044000	0.016518	10044.468518
44.096000	0.016488	10044.485329
44.148000	0.016458	10044.502659
44.200000	0.016428	10044.524710
44.252000	0.016399	10044.545849
44.304000	0.016369	10044.562684
44.356000	0.016339	10044.580844
44.408000	0.016310	10044.602918
44.460000	0.016280	10044.623273
44.512000	0.016251	10044.640133
44.564000	0.016222	10044.656997
44.616000	0.016192	10044.673870
44.668000	0.016163	10044.690745
44.720000	0.016134	10044.707626
44.772000	0.016105	10044.724512
44.824000	0.016076	10044.741408
44.876000	0.016047	10044.758305
44.928000	0.016018	10044.775209
44.980000	0.015989	10044.792117
45.032000	0.015960	10044.809033
45.084000	0.015932	10044.825952
45.136000	0.015903	10044.842878
45.188000	0.015875	10044.859808
45.240000	0.015846	10044.876744
45.292000	0.015818	10044.888729
45.344000	0.015790	10044.900578
45.396000	0.015761	10044.917529
45.448000	0.015733	10044.933949
45.500000	0.015705	10044.945683
45.552000	0.015677	10044.957421
45.604000	0.015649	10044.969165
45.656000	0.015621	10044.980914
45.708000	0.015593	10044.992668
45.760000	0.015565	10045.006172
45.812000	0.015538	10045.023162
45.864000	0.015510	10045.035855
45.916000	0.015482	10045.042400
45.968000	0.015455	10045.051502
46.020000	0.015427	10045.063285
46.072000	0.015400	10045.075070
46.124000	0.015373	10045.086861
46.176000	0.015345	10045.098653
46.228000	0.015318	10045.110451
46.280000	0.015291	10045.118488
46.332000	0.015264	10045.125070
46.384000	0.015237	10045.135823
46.436000	0.015210	10045.147639
46.488000	0.015183	10045.154885
46.540000	0.015156	10045.161482
46.592000	0.015130	10045.168082
46.644000	0.015103	10045.174687
46.696000	0.015076	10045.181295
46.748000	0.015050	10045.187908
46.800000	0.015023	10045.194524
46.852000	0.014997	10045.201144
46.904000	0.014970	10045.207767
46.956000	0.014944	10045.213030
47.008000	0.014918	10045.214434
47.060000	0.014892	10045.217609
47.112000	0.014866	10045.224248
47.164000	0.014840	10045.230890
47.216000	0.014813	10045.237535
47.268000	0.014788	10045.241608
47.320000	0.014762	10045.243033
47.372000	0.014736	10045.244460
47.424000	0.014710	10045.245892
47.476000	0.014684	10045.247325
47.528000	0.014659	10045.248765
47.580000	0.014633	10045.250206
47.632000	0.014608	10045.251654
47.684000	0.014582	10045.253101
47.736000	0.014557	10045.254553
47.788000	0.014531	10045.256006
47.840000	0.014506	10045.257464
47.892000	0.014481	10045.258921
47.944000	0.014456	10045.260209
47.996000	0.014431	10045.256447
48.048000	0.014406	10045.253268
48.100000	0.014381	10045.254737
48.152000	0.014356	10045.255227
48.204000	0.014331	10045.251475
48.256000	0.014306	10045.247728
48.308000	0.014281	10045.243982
48.360000	0.014256	10045.240240
48.412000	0.014232	10045.236499
48.464000	0.014207	10045.232761
48.516000	0.014183	10045.229024
48.568000	0.014158	10045.225289
48.620000	0.014134	10045.221560
48.672000	0.014109	10045.217831
48.724000	0.014085	10045.214105
48.776000	0.014061	10045.206973
48.828000	0.014036	10045.198023
48.880000	0.014012	10045.192883
48.932000	0.013988	10045.189168
48.984000	0.013964	10045.181236
49.036000	0.013940	10045.172294
49.088000	0.013916	10045.163354
49.140000	0.013892	10045.154419
49.192000	0.013869	10045.150501
49.244000	0.013845	10045.146597
49.296000	0.013821	10045.137663
49.348000	0.013797	10045.128733
49.400000	0.013774	10045.119802
49.452000	0.013750	10045.109871
49.504000	0.013727	10045.095715
49.556000	0.013703	10045.082971
49.608000	0.013680	10045.074046
49.660000	0.013657	10045.065124
49.712000	0.013633	10045.056205
49.764000	0.013610	10045.045071
49.816000	0.013587	10045.030925
49.868000	0.013564	10045.019399
49.920000	0.013541	10045.010483
49.972000	0.013518	10044.998543
50.024000	0.013495	10044.984401
50.076000	0.013472	10044.970259
50.128000	0.013449	10044.956123
50.180000	0.013426	10044.941983
50.232000	0.013403	10044.927847
50.284000	0.013381	10044.917944
50.336000	0.013358	10044.909038
50.388000	0.013335	10044.890851
50.440000	0.013313	10044.871491
50.492000	0.013290	10044.857169
50.544000	0.013268	10044.843036
50.596000	0.013245	10044.828901
50.648000	0.013223	10044.814771
50.700000	0.013201	10044.800637
50.752000	0.013179	10044.785481
50.804000	0.013156	10044.766120
50.856000	0.013134	10044.748192
50.908000	0.013112	10044.734059
50.960000	0.013090	10044.718094
51.012000	0.013068	10044.698735
51.064000	0.013046	10044.681614
51.116000	0.013024	10044.667482
51.168000	0.013002	10044.650710
51.220000	0.012981	10044.631352
51.272000	0.012959	10044.611993
51.324000	0.012937	10044.592636
51.376000	0.012915	10044.573275
51.428000	0.012894	10044.553916
51.480000	0.012872	10044.534554
51.532000	0.012851	10044.515196
51.584000	0.012829	10044.495833
51.636000	0.012808	10044.476472
51.688000	0.012786	10044.457109
51.740000	0.012765	10044.437748
51.792000	0.012744	10044.418381
51.844000	0.012723	10044.399016
51.896000	0.012701	10044.379652
51.948000	0.012680	10044.360293
52.000000	0.012659	10044.340912
52.052000	0.012638	10044.320488
52.104000	0.012617	10044.295888
52.156000	0.012596	10044.272743
52.208000	0.012575	10044.253380
52.260000	0.012554	10044.234014
52.312000	0.012534	10044.214633
52.364000	0.012513	10044.192996
52.416000	0.012492	10044.168397
52.468000	0.012471	10044.146463
52.520000	0.012451	10044.127100
52.572000	0.012430	10044.104660
52.624000	0.012410	10044.080053
52.676000	0.012389	10044.058904
52.728000	0.012369	10044.039506
52.780000	0.012348	10044.016236
52.832000	0.012328	10043.991620
52.884000	0.012308	10043.967005
52.936000	0.012287	10043.942398
52.988000	0.012267	10043.922455
53.040000	0.012247	10043.903057
53.092000	0.012227	10043.878554
53.144000	0.012207	10043.853911
53.196000	0.012187	10043.829296
53.248000	0.012167	10043.804687
53.300000	0.012147	10043.780032
53.352000	0.012127	10043.756449
53.404000	0.012107	10043.737029
53.456000	0.012087	10043.716140
53.508000	0.012067	10043.691502
53.560000	0.012048	10043.666861
53.612000	0.012028	10043.642206
53.664000	0.012008	10043.617546
53.716000	0.011989	10043.592874
53.768000	0.011969	10043.568205
53.820000	0.011949	10043.543542
53.872000	0.011930	10043.518881
53.924000	0.011910	10043.494227
53.976000	0.011891	10043.473054
54.028000	0.011872	10043.453610
54.080000	0.011852	10043.430257
54.132000	0.011833	10043.405569
54.184000	0.011814	10043.380883
54.236000	0.011795	10043.356204
54.288000	0.011776	10043.331508
54.340000	0.011756	10043.306811
54.392000	0.011737	10043.282096
54.444000	0.011718	10043.257382
54.496000	0.011699	10043.232672
54.548000	0.011680	10043.207967
54.600000	0.011662	10043.183240
54.652000	0.011643	10043.158518
54.704000	0.011624	10043.133801
54.756000	0.011605	10043.110575
54.808000	0.011586	10043.091042
54.860000	0.011568	10043.069620
54.912000	0.011549	10043.044895
54.964000	0.011530	10043.020158
55.016000	0.011512	10042.995390
55.068000	0.011493	10042.970626
55.120000	0.011475	10042.945868
55.172000	0.011456	10042.924210
55.224000	0.011438	10042.904663
55.276000	0.011419	10042.881590
55.328000	0.011401	10042.856798
55.380000	0.011383	10042.832009
55.432000	0.011364	10042.807227
55.484000	0.011346	10042.786751
55.536000	0.011328	10042.767179
55.588000	0.011310	10042.742864
55.640000	0.011292	10042.718048
55.692000	0.011274	10042.693235
55.744000	0.011256	10042.668734
55.796000	0.011238	10042.649110
55.848000	0.011220	10042.628778
55.900000	0.011202	10042.603932
55.952000	0.011184	10042.580202
56.004000	0.011166	10042.560567
56.056000	0.011148	10042.539416
56.108000	0.011130	10042.514537
56.160000	0.011113	10042.491583
56.212000	0.011095	10042.471942
56.264000	0.011077	10042.452288
56.316000	0.011060	10042.432604
56.368000	0.011042	10042.410194
56.420000	0.011025	10042.385293
56.472000	0.011007	10042.363514
56.524000	0.010990	10042.343824
56.576000	0.010972	10042.324121
56.628000	0.010955	10042.304414
56.680000	0.010938	10042.284693
56.732000	0.010920	10042.264970
56.784000	0.010903	10042.245231
56.836000	0.010886	10042.225491
56.888000	0.010868	10042.205733
56.940000	0.010851	10042.185977
56.992000	0.010834	10042.166223
57.044000	0.010817	10042.146476
57.096000	0.010800	10042.126684
57.148000	0.010783	10042.106894
57.200000	0.010766	10042.087082
57.252000	0.010749	10042.068410
57.304000	0.010732	10042.053836
57.356000	0.010715	10042.037719
57.408000	0.010698	10042.017875
57.460000	0.010681	10041.998035
57.512000	0.010665	10041.978201
57.564000	0.010648	10041.960701
57.616000	0.010631	10041.946052
57.668000	0.010615	10041.928657
57.720000	0.010598	10041.908791
57.772000	0.010581	10041.892057
57.824000	0.010565	10041.877377
57.876000	0.010548	10041.862684
57.928000	0.010532	10041.847988
57.980000	0.010515	10041.829332
58.032000	0.010499	10041.809417
58.084000	0.010482	10041.793835
58.136000	0.010466	10041.779105
58.188000	0.010450	10041.764359
58.240000	0.010433	10041.749613
58.292000	0.010417	10041.734849
58.344000	0.010401	10041.720087
58.396000	0.010385	10041.705305
58.448000	0.010369	10041.690527
58.500000	0.010352	10041.675701
58.552000	0.010336	10041.662037
58.604000	0.010320	10041.652449
58.656000	0.010304	10041.641296
58.708000	0.010288	10041.626439
58.760000	0.010272	10041.611580
58.812000	0.010256	10041.596707
58.864000	0.010240	10041.584197
58.916000	0.010225	10041.574536
58.968000	0.010209	10041.562096
59.020000	0.010193	10041.547192
59.072000	0.010177	10041.535441
59.124000	0.010161	10041.525723
59.176000	0.010146	10041.515992
59.228000	0.010130	10041.506258
59.280000	0.010114	10041.492526
59.332000	0.010099	10041.477549
59.384000	0.010083	10041.466942
59.436000	0.010068	10041.457176
59.488000	0.010052	10041.447373
59.540000	0.010037	10041.437564
59.592000	0.010021	10041.427737
59.644000	0.010006	10041.417922
59.696000	0.009990	10041.408088
59.748000	0.009975	10041.399033
59.800000	0.009960	10041.394383
59.852000	0.009944	10041.388558
59.904000	0.009929	10041.378665
59.956000	0.009914	10041.368769
60.008000	0.009899	10041.358835
60.060000	0.009884	10041.350885
60.112000	0.009869	10041.346163
60.164000	0.009853	10041.339046
60.216000	0.009838	10041.329082
60.268000	0.009823	10041.321893
60.320000	0.009808	10041.317115
60.372000	0.009793	10041.312327
60.424000	0.009778	10041.307533
60.476000	0.009763	10041.299112
60.528000	0.009749	10041.289049
60.580000	0.009734	10041.282961
60.632000	0.009719	10041.278084
60.684000	0.009704	10041.273210
60.736000	0.009689	10041.268343
60.788000	0.009675	10041.263419
60.840000	0.009660	10041.258485
60.892000	0.009645	10041.253532
60.944000	0.009630	10041.248582
60.996000	0.009616	10041.243612
61.048000	0.009601	10041.239442
61.100000	0.009587	10041.239656
61.152000	0.009572	10041.238672
61.204000	0.009558	10041.233618
61.256000	0.009543	10041.228560
61.308000	0.009529	10041.223465
61.360000	0.009514	10041.220376
61.412000	0.009500	10041.220493
61.464000	0.009486	10041.218194
61.516000	0.009471	10041.213070
61.568000	0.009457	10041.210732
61.620000	0.009443	10041.210768
61.672000	0.009428	10041.210794
61.724000	0.009414	10041.210815
61.776000	0.009400	10041.207186
61.828000	0.009386	10041.201938
61.880000	0.009372	10041.200687
61.932000	0.009358	10041.200625
61.984000	0.009344	10041.200548
62.036000	0.009330	10041.200471
62.088000	0.009316	10041.200356
62.140000	0.009302	10041.200238
62.192000	0.009288	10041.200079
62.244000	0.009274	10041.199919
62.296000	0.009260	10041.199715
62.348000	0.009246	10041.199513
62.400000	0.009232	10041.199265
62.452000	0.009218	10041.199018
62.504000	0.009204	10041.198730
62.556000	0.009191	10041.200067
62.608000	0.009177	10041.204992
62.660000	0.009163	10041.207871
62.712000	0.009150	10041.207502
62.764000	0.009136	10041.207127
62.816000	0.009122	10041.206743
62.868000	0.009109	10041.209167
62.920000	0.009095	10041.213944
62.972000	0.009082	10041.215469
63.024000	0.009068	10041.215005
63.076000	0.009055	10041.214512
63.128000	0.009041	10041.214007
63.180000	0.009028	10041.217502
63.232000	0.009014	10041.222156
63.284000	0.009001	10041.226795
63.336000	0.008987	10041.231435
63.388000	0.008974	10041.231160
63.440000	0.008961	10041.230537
63.492000	0.008948	10041.235069
63.544000	0.008934	10041.239600
63.596000	0.008921	10041.244088
63.648000	0.008908	10041.247737
63.700000	0.008895	10041.246954
63.752000	0.008882	10041.247415
63.804000	0.008868	10041.251818
63.856000	0.008855	10041.256218
63.908000	0.008842	10041.260582
63.960000	0.008829	10041.264930
64.012000	0.008816	10041.269227
64.064000	0.008803	10041.273511
64.116000	0.008790	10041.277769
64.168000	0.008777	10041.282007
64.220000	0.008764	10041.286225
64.272000	0.008751	10041.290419
64.324000	0.008739	10041.294597
64.376000	0.008726	10041.298732
64.428000	0.008713	10041.302843
64.480000	0.008700	10041.306923
64.532000	0.008687	10041.310993
64.584000	0.008675	10041.315029
64.636000	0.008662	10041.319059
64.688000	0.008649	10041.323030
64.740000	0.008637	10041.326993
64.792000	0.008624	10041.330915
64.844000	0.008611	10041.334838
64.896000	0.008599	10041.338691
64.948000	0.008586	10041.342546
65.000000	0.008574	10041.346355
65.052000	0.008561	10041.350163
65.104000	0.008549	10041.353907
65.156000	0.008536	10041.357646
65.208000	0.008524	10041.361350
65.260000	0.008511	10041.365046
65.312000	0.008499	10041.368710
65.364000	0.008486	10041.374820
65.416000	0.008474	10041.383621
65.468000	0.008462	10041.389521
65.520000	0.008449	10041.393055
65.572000	0.008437	10041.396564
65.624000	0.008425	10041.400058
65.676000	0.008413	10041.403510
65.728000	0.008400	10041.406938
65.780000	0.008388	10041.410317
65.832000	0.008376	10041.413679
65.884000	0.008364	10041.417006
65.936000	0.008352	10041.420327
65.988000	0.008340	10041.428489
66.040000	0.008328	10041.436896
66.092000	0.008316	10041.440087
66.144000	0.008304	10041.443276
66.196000	0.008292	10041.446396
66.248000	0.008280	10041.449517
66.300000	0.008268	10041.452594
66.352000	0.008256	10041.455666
66.404000	0.008244	10041.458651
66.456000	0.008232	10041.461632
66.508000	0.008220	10041.464579
66.560000	0.008208	10041.467509
66.612000	0.008196	10041.470390
66.664000	0.008185	10041.475747
66.716000	0.008173	10041.483790
66.768000	0.008161	10041.488901
66.820000	0.008149	10041.491652
66.872000	0.008138	10041.494367
66.924000	0.008126	10041.497052
66.976000	0.008114	10041.499695
67.028000	0.008103	10041.502316
67.080000	0.008091	10041.504904
67.132000	0.008080	10041.507485
67.184000	0.008068	10041.509993
67.236000	0.008056	10041.512482
67.288000	0.008045	10041.514912
67.340000	0.008033	10041.517334
67.392000	0.008022	10041.519693
67.444000	0.008010	10041.522051
67.496000	0.007999	10041.524314
67.548000	0.007988	10041.525672
67.600000	0.007976	10041.522664
67.652000	0.007965	10041.520964
67.704000	0.007953	10041.523119
67.756000	0.007942	10041.525260
67.808000	0.007931	10041.527324
67.860000	0.007920	10041.529372
67.912000	0.007908	10041.531371
67.964000	0.007897	10041.533348
68.016000	0.007886	10041.535283
68.068000	0.007875	10041.534253
68.120000	0.007863	10041.530870
68.172000	0.007852	10041.530778
68.224000	0.007841	10041.532558
68.276000	0.007830	10041.530563
68.328000	0.007819	10041.527050
68.380000	0.007808	10041.527608
68.432000	0.007797	10041.529231
68.484000	0.007786	10041.526261
68.536000	0.007775	10041.522592
68.588000	0.007764	10041.523807
68.640000	0.007753	10041.525180
68.692000	0.007742	10041.521359
68.744000	0.007731	10041.518056
68.796000	0.007720	10041.519364
68.848000	0.007709	10041.519744
68.900000	0.007698	10041.515756
68.952000	0.007687	10041.511765
69.004000	0.007677	10041.507712
69.056000	0.007666	10041.503645
69.108000	0.007655	10041.499502
69.160000	0.007644	10041.495336
69.212000	0.007633	10041.491103
69.264000	0.007623	10041.486838
69.316000	0.007612	10041.482515
69.368000	0.007601	10041.478161
69.420000	0.007591	10041.473774
69.472000	0.007580	10041.469337
69.524000	0.007569	10041.464860
69.576000	0.007559	10041.460340
69.628000	0.007548	10041.455798
69.680000	0.007538	10041.451173
69.732000	0.007527	10041.446515
69.784000	0.007517	10041.437241
69.836000	0.007506	10041.427290
69.888000	0.007496	10041.422225
69.940000	0.007485	10041.417269
69.992000	0.007475	10041.407141
70.044000	0.007464	10041.397554
70.096000	0.007454	10041.392580
70.148000	0.007443	10041.386656
70.200000	0.007433	10041.376336
70.252000	0.007423	10041.366010
70.304000	0.007412	10041.355601
70.356000	0.007402	10041.345181
70.408000	0.007392	10041.334708
70.460000	0.007381	10041.324204
70.512000	0.007371	10041.313615
70.564000	0.007361	10041.302994
70.616000	0.007351	10041.292316
70.668000	0.007341	10041.281607
70.720000	0.007330	10041.270865
70.772000	0.007320	10041.256688
70.824000	0.007310	10041.240604
70.876000	0.007300	10041.228236
70.928000	0.007290	10041.217288
70.980000	0.007280	10041.202096
71.032000	0.007270	10041.185831
71.084000	0.007260	10041.169473
71.136000	0.007250	10041.153092
71.188000	0.007240	10041.136652
71.240000	0.007230	10041.120207
71.292000	0.007220	10041.103651
71.344000	0.007210	10041.087089
71.396000	0.007200	10041.070408
71.448000	0.007190	10041.053727
71.500000	0.007180	10041.036978
71.552000	0.007170	10041.018846
71.604000	0.007160	10040.996755
71.656000	0.007150	10040.974650
71.708000	0.007140	10040.952470
71.760000	0.007131	10040.932441
71.812000	0.007121	10040.915373
71.864000	0.007111	10040.895687
71.916000	0.007101	10040.873303
71.968000	0.007092	10040.847877
72.020000	0.007082	10040.820151
72.072000	0.007072	10040.795767
72.124000	0.007062	10040.773180
72.176000	0.007053	10040.746721
72.228000	0.007043	10040.718790
72.280000	0.007033	10040.690794
72.332000	0.007024	10040.662774
72.384000	0.007014	10040.634661
72.436000	0.007005	10040.606525
72.488000	0.006995	10040.578288
72.540000	0.006986	10040.550036
72.592000	0.006976	10040.521698
72.644000	0.006967	10040.492768
72.696000	0.006957	10040.459080
72.748000	0.006948	10040.425390
72.800000	0.006938	10040.391584
72.852000	0.006929	10040.357768
72.904000	0.006919	10040.323847
72.956000	0.006910	10040.288112
73.008000	0.006900	10040.248875
73.060000	0.006891	10040.209607
73.112000	0.006882	10040.170257
73.164000	0.006872	10040.130863
73.216000	0.006863	10040.091399
73.268000	0.006854	10040.051880
73.320000	0.006844	10040.012301
73.372000	0.006835	10039.969242
73.424000	0.006826	10039.924321
73.476000	0.006817	10039.879326
73.528000	0.006807	10039.834290
73.580000	0.006798	10039.789171
73.632000	0.006789	10039.744020
73.684000	0.006780	10039.694150
73.736000	0.006771	10039.643657
73.788000	0.006762	10039.593062
73.840000	0.006752	10039.542247
73.892000	0.006743	10039.486300
73.944000	0.006734	10039.430961
73.996000	0.006725	10039.380092
74.048000	0.006716	10039.327194
74.100000	0.006707	10039.265779
74.152000	0.006698	10039.205770
74.204000	0.006689	10039.149443
74.256000	0.006680	10039.089451
74.308000	0.006671	10039.022556
74.360000	0.006662	10038.957854
74.412000	0.006653	10038.896072
74.464000	0.006644	10038.831618
74.516000	0.006635	10038.764496
74.568000	0.006626	10038.694274
74.620000	0.006617	10038.621785
74.672000	0.006609	10038.549230
74.724000	0.006600	10038.476627
74.776000	0.006591	10038.403933
74.828000	0.006582	10038.331190
74.880000	0.006573	10038.254118
74.932000	0.006565	10038.176032
74.984000	0.006556	10038.093206
75.036000	0.006547	10038.009779
75.088000	0.006538	10037.926228
75.140000	0.006530	10037.842433
75.192000	0.006521	10037.753527
75.244000	0.006512	10037.664618
75.296000	0.006503	10037.575564
75.348000	0.006495	10037.484434
75.400000	0.006486	10037.384782
75.452000	0.006477	10037.286561
75.504000	0.006469	10037.192024
75.556000	0.006460	10037.093773
75.608000	0.006452	10036.988642
75.660000	0.006443	10036.883479
75.712000	0.006435	10036.778235
75.764000	0.006426	10036.670288
75.816000	0.006417	10036.559678
75.868000	0.006409	10036.449002
75.920000	0.006400	10036.338254
75.972000	0.006392	10036.220508
76.024000	0.006384	10036.099166
76.076000	0.006375	10035.977733
76.128000	0.006367	10035.856251
76.180000	0.006358	10035.730418
76.232000	0.006350	10035.603596
76.284000	0.006341	10035.471990
76.336000	0.006333	10035.339800
76.388000	0.006325	10035.202412
76.440000	0.006316	10035.064605
76.492000	0.006308	10034.921662
76.544000	0.006300	10034.778712
76.596000	0.006291	10034.635642
76.648000	0.006283	10034.490454
76.700000	0.006275	10034.336789
76.752000	0.006267	10034.181648
76.804000	0.006258	10034.022617
76.856000	0.006250	10033.861694
76.908000	0.006242	10033.697298
76.960000	0.006234	10033.532861
77.012000	0.006225	10033.368327
77.064000	0.006217	10033.198393
77.116000	0.006209	10033.023266
77.168000	0.006201	10032.841907
77.220000	0.006193	10032.656162
77.272000	0.006185	10032.470336
77.324000	0.006177	10032.284452
77.376000	0.006169	10032.094608
77.428000	0.006160	10031.903384
77.480000	0.006152	10031.703445
77.532000	0.006144	10031.501575
77.584000	0.006136	10031.294919
77.636000	0.006128	10031.087709
77.688000	0.006120	10030.870162
77.740000	0.006112	10030.652332
77.792000	0.006104	10030.434367
77.844000	0.006096	10030.214371
77.896000	0.006088	10029.980574
77.948000	0.006080	10029.746773
78.000000	0.006073	10029.512811
78.052000	0.006065	10029.275868
78.104000	0.006057	10029.031314
78.156000	0.006049	10028.782952
78.208000	0.006041	10028.527780
78.260000	0.006033	10028.267985
78.312000	0.006025	10028.002221
78.364000	0.006017	10027.736392
78.416000	0.006010	10027.470465
78.468000	0.006002	10027.195174
78.520000	0.005994	10026.913428
78.572000	0.005986	10026.628085
78.624000	0.005979	10026.340948
78.676000	0.005971	10026.042000
78.728000	0.005963	10025.739042
78.780000	0.005955	10025.431654
78.832000	0.005948	10025.123305
78.884000	0.005940	10024.810108
78.936000	0.005932	10024.496368
78.988000	0.005925	10024.167150
79.040000	0.005917	10023.837002
79.092000	0.005909	10023.496827
79.144000	0.005902	10023.155252
79.196000	0.005894	10022.804446
79.248000	0.005886	10022.452534
79.300000	0.005879	10022.096336
79.352000	0.005871	10021.735608
79.404000	0.005864	10021.363592
79.456000	0.005856	10020.985815
79.508000	0.005849	10020.597955
79.560000	0.005841	10020.207732
79.612000	0.005834	10019.814481
79.664000	0.005826	10019.413017
79.716000	0.005819	10019.003922
79.768000	0.005811	10018.588506
79.820000	0.005804	10018.168795
79.872000	0.005796	10017.741940
79.924000	0.005789	10017.311611
79.976000	0.005781	10016.869389
80.028000	0.005774	10016.423215
80.080000	0.005767	10015.963924
80.132000	0.005759	10015.501904
80.184000	0.005752	10015.030279
80.236000	0.005745	10014.557641
80.288000	0.005737	10014.069461
80.340000	0.005730	10013.580372
80.392000	0.005723	10013.081277
80.444000	0.005715	10012.579298
80.496000	0.005708	10012.059115
80.548000	0.005701	10011.536680
80.600000	0.005693	10011.005854
80.652000	0.005686	10010.470432
80.704000	0.005679	10009.923789
80.756000	0.005672	10009.369388
80.808000	0.005664	10008.801673
80.860000	0.005657	10008.229232
80.912000	0.005650	10007.650876
80.964000	0.005643	10007.064239
81.016000	0.005636	10006.470039
81.068000	0.005629	10005.863189
81.120000	0.005621	10005.247919
81.172000	0.005614	10004.621901
81.224000	0.005607	10003.990760
81.276000	0.005600	10003.347677
81.328000	0.005593	10002.700719
81.380000	0.005586	10002.036206
81.432000	0.005579	10001.368149
81.484000	0.005572	10000.685666
81.536000	0.005565	10000.001738
81.588000	0.005558	9999.297019
81.640000	0.005551	9998.591008
81.692000	0.005544	9997.870167
81.744000	0.005537	9997.146359
81.796000	0.005530	9996.404407
81.848000	0.005523	9995.656727
81.900000	0.005516	9994.888479
81.952000	0.005509	9994.117113
82.004000	0.005502	9993.338249
82.056000	0.005495	9992.549581
82.108000	0.005488	9991.744394
82.160000	0.005481	9990.929723
82.212000	0.005474	9990.103440
82.264000	0.005467	9989.266050
82.316000	0.005460	9988.418697
82.368000	0.005453	9987.555431
82.420000	0.005447	9986.681755
82.472000	0.005440	9985.793712
82.524000	0.005433	9984.898966
82.576000	0.005426	9983.988208
82.628000	0.005419	9983.072364
82.680000	0.005412	9982.138898
82.732000	0.005406	9981.201984
82.784000	0.005399	9980.240999
82.836000	0.005392	9979.277735
82.888000	0.005385	9978.288431
82.940000	0.005379	9977.297099
82.992000	0.005372	9976.281217
83.044000	0.005365	9975.262278
83.096000	0.005359	9974.225310
83.148000	0.005352	9973.182502
83.200000	0.005345	9972.119212
83.252000	0.005338	9971.048045
83.304000	0.005332	9969.958432
83.356000	0.005325	9968.856939
83.408000	0.005319	9967.735803
83.460000	0.005312	9966.602709
83.512000	0.005305	9965.455224
83.564000	0.005299	9964.296546
83.616000	0.005292	9963.127993
83.668000	0.005286	9961.937046
83.720000	0.005279	9960.731717
83.772000	0.005272	9959.511932
83.824000	0.005266	9958.285534
83.876000	0.005259	9957.031039
83.928000	0.005253	9955.767836
83.980000	0.005246	9954.482507
84.032000	0.005240	9953.192981
84.084000	0.005233	9951.874515
84.136000	0.005227	9950.553464
84.188000	0.005220	9949.206221
84.240000	0.005214	9947.856181
84.292000	0.005207	9946.472006
84.344000	0.005201	9945.083904
84.396000	0.005194	9943.673418
84.448000	0.005188	9942.254606
84.500000	0.005182	9940.807344
84.552000	0.005175	9939.350501
84.604000	0.005169	9937.871664
84.656000	0.005162	9936.378820
84.708000	0.005156	9934.863234
84.760000	0.005150	9933.333189
84.812000	0.005143	9931.786055
84.864000	0.005137	9930.222021
84.916000	0.005131	9928.643339
84.968000	0.005124	9927.042097
85.020000	0.005118	9925.426614
85.072000	0.005112	9923.785753
85.124000	0.005106	9922.133519
85.176000	0.005099	9920.453037
85.228000	0.005093	9918.764000
85.280000	0.005087	9917.043908
85.332000	0.005080	9915.318120
85.384000	0.005074	9913.563220
85.436000	0.005068	9911.805857
85.488000	0.005062	9910.006513
85.540000	0.005056	9908.203924
85.592000	0.005049	9906.362552
85.644000	0.005043	9904.516339
85.696000	0.005037	9902.643407
85.748000	0.005031	9900.760785
85.800000	0.005025	9898.845851
85.852000	0.005019	9896.917975
85.904000	0.005012	9894.961013
85.956000	0.005006	9892.989883
86.008000	0.005000	9890.996146
86.060000	0.004994	9888.982975
86.112000	0.004988	9886.947237
86.164000	0.004982	9884.888817
86.216000	0.004976	9882.811077
86.268000	0.004970	9880.704177
86.320000	0.004964	9878.579209
86.372000	0.004958	9876.428681
86.424000	0.004952	9874.266911
86.476000	0.004946	9872.072718
86.528000	0.004940	9869.868945
86.580000	0.004934	9867.625064
86.632000	0.004928	9865.374061
86.684000	0.004922	9863.084146
86.736000	0.004916	9860.790953
86.788000	0.004910	9858.450706
86.840000	0.004904	9856.107047
86.892000	0.004898	9853.724780
86.944000	0.004892	9851.335056
86.996000	0.004886	9848.905548
87.048000	0.004880	9846.464942
87.100000	0.004874	9843.988180
87.152000	0.004868	9841.496670
87.204000	0.004862	9838.972680
87.256000	0.004856	9836.432329
87.308000	0.004851	9833.866339
87.360000	0.004845	9831.275845
87.412000	0.004839	9828.657373
87.464000	0.004833	9826.010350
87.516000	0.004827	9823.339424
87.568000	0.004821	9820.642392
87.620000	0.004816	9817.929465
87.672000	0.004810	9815.179877
87.724000	0.004804	9812.414494
87.776000	0.004798	9809.608364
87.828000	0.004792	9806.790473
87.880000	0.004787	9803.932296
87.932000	0.004781	9801.067201
87.984000	0.004775	9798.148402
88.036000	0.004769	9795.225215
88.088000	0.004764	9792.255193
88.140000	0.004758	9789.280698
88.192000	0.004752	9786.258205
88.244000	0.004746	9783.227210
88.296000	0.004741	9780.152226
88.348000	0.004735	9777.064693
88.400000	0.004729	9773.937229
88.452000	0.004724	9770.793167
88.504000	0.004718	9767.613275
88.556000	0.004712	9764.410651
88.608000	0.004707	9761.173025
88.660000	0.004701	9757.908229
88.712000	0.004696	9754.612949
88.764000	0.004690	9751.288889
88.816000	0.004684	9747.941129
88.868000	0.004679	9744.560531
88.920000	0.004673	9741.160292
88.972000	0.004668	9737.715834
89.024000	0.004662	9734.252711
89.076000	0.004656	9730.748623
89.128000	0.004651	9727.232993
89.180000	0.004645	9723.667913
89.232000	0.004640	9720.094627
89.284000	0.004634	9716.467375
89.336000	0.004629	9712.835584
89.388000	0.004623	9709.141685
89.440000	0.004618	9705.443101
89.492000	0.004612	9701.696712
89.544000	0.004607	9697.939860
89.596000	0.004601	9694.130526
89.648000	0.004596	9690.305879
89.700000	0.004590	9686.433664
89.752000	0.004585	9682.542941
89.804000	0.004580	9678.612994
89.856000	0.004574	9674.660095
89.908000	0.004569	9670.672495
89.960000	0.004563	9666.654971
90.012000	0.004558	9662.604412
90.064000	0.004552	9658.519094
90.116000	0.004547	9654.405655
90.168000	0.004542	9650.252569
90.220000	0.004536	9646.076197
90.272000	0.004531	9641.855315
90.324000	0.004526	9637.616009
90.376000	0.004520	9633.331467
90.428000	0.004515	9629.034506
90.480000	0.004510	9624.678787
90.532000	0.004504	9620.313638
90.584000	0.004499	9615.889436
90.636000	0.004494	9611.460287
90.688000	0.004488	9606.964082
90.740000	0.004483	9602.462476
90.792000	0.004478	9597.908595
90.844000	0.004473	9593.343099
90.896000	0.004467	9588.721050
90.948000	0.004462	9584.082128
91.000000	0.004457	9579.391947
91.052000	0.004452	9574.681321
91.104000	0.004446	9569.928208
91.156000	0.004441	9565.149791
91.208000	0.004436	9560.333774
91.260000	0.004431	9555.482562
91.312000	0.004426	9550.593159
91.364000	0.004420	9545.668723
91.416000	0.004415	9540.716415
91.468000	0.004410	9535.720895
91.520000	0.004405	9530.700455
91.572000	0.004400	9525.631522
91.624000	0.004395	9520.542922
91.676000	0.004389	9515.400581
91.728000	0.004384	9510.243847
91.780000	0.004379	9505.028109
91.832000	0.004374	9499.803240
91.884000	0.004369	9494.514084
91.936000	0.004364	9489.219655
91.988000	0.004359	9483.858498
92.040000	0.004354	9478.490686
92.092000	0.004349	9473.061382
92.144000	0.004343	9467.619263
92.196000	0.004338	9462.116566
92.248000	0.004333	9456.596711
92.300000	0.004328	9451.025883
92.352000	0.004323	9445.432625
92.404000	0.004318	9439.793640
92.456000	0.004313	9434.124842
92.508000	0.004308	9428.412525
92.560000	0.004303	9422.667238
92.612000	0.004298	9416.886765
92.664000	0.004293	9411.065118
92.716000	0.004288	9405.211260
92.768000	0.004283	9399.313920
92.820000	0.004278	9393.391959
92.872000	0.004273	9387.417479
92.924000	0.004268	9381.422132
92.976000	0.004263	9375.368614
93.028000	0.004259	9369.299908
93.080000	0.004254	9363.171913
93.132000	0.004249	9357.035074
93.184000	0.004244	9350.828711
93.236000	0.004239	9344.616672
93.288000	0.004234	9338.333092
93.340000	0.004229	9332.042575
93.392000	0.004224	9325.690849
93.444000	0.004219	9319.325068
93.496000	0.004214	9312.894751
93.548000	0.004210	9306.446992
93.600000	0.004205	9299.948546
93.652000	0.004200	9293.425641
93.704000	0.004195	9286.853812
93.756000	0.004190	9280.251866
93.808000	0.004185	9273.606707
93.860000	0.004181	9266.925743
93.912000	0.004176	9260.207202
93.964000	0.004171	9253.450150
94.016000	0.004166	9246.663481
94.068000	0.004161	9239.826312
94.120000	0.004157	9232.961061
94.172000	0.004152	9226.043000
94.224000	0.004147	9219.104391
94.276000	0.004142	9212.107306
94.328000	0.004138	9205.095338
94.380000	0.004133	9198.019229
94.432000	0.004128	9190.933904
94.484000	0.004123	9183.778750
94.536000	0.004119	9176.618073
94.588000	0.004114	9169.391260
94.640000	0.004109	9162.156120
94.692000	0.004105	9154.850712
94.744000	0.004100	9147.531881
94.796000	0.004095	9140.153111
94.848000	0.004090	9132.755251
94.900000	0.004086	9125.303100
94.952000	0.004081	9117.826196
95.004000	0.004076	9110.300718
95.056000	0.004072	9102.744809
95.108000	0.004067	9095.145977
95.160000	0.004063	9087.511043
95.212000	0.004058	9079.838857
95.264000	0.004053	9072.121919
95.316000	0.004049	9064.371152
95.368000	0.004044	9056.576322
95.420000	0.004039	9048.757429
95.472000	0.004035	9040.885422
95.524000	0.004030	9032.993173
95.576000	0.004026	9025.042144
95.628000	0.004021	9017.076540
95.680000	0.004017	9009.046508
95.732000	0.004012	9001.007574
95.784000	0.004007	8992.898527
95.836000	0.004003	8984.783814
95.888000	0.003998	8976.598169
95.940000	0.003994	8968.404448
95.992000	0.003989	8960.145435
96.044000	0.003985	8951.872696
96.096000	0.003980	8943.540325
96.148000	0.003976	8935.188565
96.200000	0.003971	8926.782868
96.252000	0.003967	8918.353896
96.304000	0.003962	8909.880074
96.356000	0.003958	8901.375518
96.408000	0.003953	8892.828345
96.460000	0.003949	8884.244774
96.512000	0.003944	8875.624276
96.564000	0.003940	8866.961698
96.616000	0.003936	8858.267849
96.668000	0.003931	8849.526249
96.720000	0.003927	8840.759049
96.772000	0.003922	8831.942251
96.824000	0.003918	8823.106950
96.876000	0.003913	8814.212564
96.928000	0.003909	8805.303910
96.980000	0.003905	8796.335138
97.032000	0.003900	8787.358385
97.084000	0.003896	8778.311213
97.136000	0.003892	8769.258572
97.188000	0.003887	8760.140361
97.240000	0.003883	8751.013773
97.292000	0.003878	8741.822198
97.344000	0.003874	8732.617598
97.396000	0.003870	8723.357922
97.448000	0.003865	8714.079956
97.500000	0.003861	8704.752158
97.552000	0.003857	8695.398996
97.604000	0.003852	8685.997875
97.656000	0.003848	8676.570141
97.708000	0.003844	8667.106126
97.760000	0.003840	8657.605417
97.812000	0.003835	8648.068105
97.864000	0.003831	8638.491418
97.916000	0.003827	8628.885959
97.968000	0.003822	8619.235895
98.020000	0.003818	8609.562367
98.072000	0.003814	8599.838943
98.124000	0.003810	8590.097291
98.176000	0.003805	8580.300498
98.228000	0.003801	8570.490748
98.280000	0.003797	8560.625234
98.332000	0.003793	8550.752614
98.384000	0.003788	8540.809293
98.436000	0.003784	8530.860965
98.488000	0.003780	8520.857349
98.540000	0.003776	8510.845049
98.592000	0.003772	8500.768120
98.644000	0.003767	8490.678907
98.696000	0.003763	8480.539082
98.748000	0.003759	8470.382116
98.800000	0.003755	8460.179425
98.852000	0.003751	8449.954730
98.904000	0.003747	8439.689174
98.956000	0.003742	8429.394515
99.008000	0.003738	8419.060867
99.060000	0.003734	8408.695488
99.112000	0.003730	8398.298974
99.164000	0.003726	8387.865867
99.216000	0.003722	8377.406488
99.268000	0.003718	8366.905655
99.320000	0.003713	8356.383410
99.372000	0.003709	8345.818704
99.424000	0.003705	8335.238819
99.476000	0.003701	8324.603528
99.528000	0.003697	8313.955574
99.580000	0.003693	8303.256234
99.632000	0.003689	8292.550614
99.684000	0.003685	8281.789197
99.736000	0.003681	8271.022864
99.788000	0.003677	8260.191527
99.840000	0.003673	8249.353777
99.892000	0.003669	8238.470017
99.944000	0.003665	8227.573715
99.996000	0.003661	8216.627089
100.048000	0.003657	8205.665963
100.100000	0.003653	8194.666956
100.152000	0.003648	8183.645682
100.204000	0.003644	8172.583811
100.256000	0.003640	8161.497077
100.308000	0.003636	8150.377598
100.360000	0.003632	8139.231439
100.412000	0.003629	8128.059527
100.464000	0.003625	8116.850782
100.516000	0.003621	8105.616060
100.568000	0.003617	8094.350013
100.620000	0.003613	8083.068084
100.672000	0.003609	8071.739611
100.724000	0.003605	8060.394869
100.776000	0.003601	8049.011507
100.828000	0.003597	8037.619557
100.880000	0.003593	8026.176039
100.932000	0.003589	8014.726503
100.984000	0.003585	8003.225971
101.036000	0.003581	7991.721397
101.088000	0.003577	7980.167053
101.140000	0.003573	7968.606084
101.192000	0.003569	7956.999325
101.244000	0.003565	7945.382967
101.296000	0.003562	7933.729053
101.348000	0.003558	7922.060419
101.400000	0.003554	7910.354100
101.452000	0.003550	7898.629017
101.504000	0.003546	7886.870346
101.556000	0.003542	7875.091122
101.608000	0.003538	7863.285274
101.660000	0.003535	7851.455231
101.712000	0.003531	7839.602232
101.764000	0.003527	7827.718289
101.816000	0.003523	7815.812932
101.868000	0.003519	7803.879689
101.920000	0.003515	7791.932537
101.972000	0.003512	7779.950247
102.024000	0.003508	7767.955941
102.076000	0.003504	7755.922836
102.128000	0.003500	7743.881350
102.180000	0.003496	7731.802164
102.232000	0.003493	7719.718778
102.284000	0.003489	7707.589305
102.336000	0.003485	7695.456484
102.388000	0.003481	7683.284001
102.440000	0.003477	7671.106051
102.492000	0.003474	7658.891637
102.544000	0.003470	7646.668518
102.596000	0.003466	7634.412155
102.648000	0.003462	7622.142355
102.700000	0.003459	7609.838869
102.752000	0.003455	7597.523991
102.804000	0.003451	7585.189066
102.856000	0.003448	7572.833392
102.908000	0.003444	7560.451293
102.960000	0.003440	7548.050223
103.012000	0.003436	7535.631457
103.064000	0.003433	7523.190868
103.116000	0.003429	7510.735410
103.168000	0.003425	7498.255287
103.220000	0.003422	7485.763136
103.272000	0.003418	7473.239582
103.324000	0.003414	7460.705533
103.376000	0.003411	7448.145468
103.428000	0.003407	7435.579951
103.480000	0.003403	7422.981283
103.532000	0.003400	7410.379097
103.584000	0.003396	7397.740906
103.636000	0.003392	7385.100202
103.688000	0.003389	7372.429835
103.740000	0.003385	7359.755241
103.792000	0.003381	7347.053451
103.844000	0.003378	7334.343894
103.896000	0.003374	7321.605387
103.948000	0.003371	7308.857797
104.000000	0.003367	7296.087879
104.052000	0.003363	7283.308351
104.104000	0.003360	7270.512198
104.156000	0.003356	7257.702085
104.208000	0.003353	7244.874497
104.260000	0.003349	7232.030501
104.312000	0.003345	7219.171451
104.364000	0.003342	7206.296697
104.416000	0.003338	7193.411440
104.468000	0.003335	7180.508460
104.520000	0.003331	7167.597019
104.572000	0.003328	7154.661862
104.624000	0.003324	7141.718956
104.676000	0.003320	7128.758586
104.728000	0.003317	7115.794671
104.780000	0.003313	7102.802218
104.832000	0.003310	7089.806890
104.884000	0.003306	7076.790874
104.936000	0.003303	7063.773261
104.988000	0.003299	7050.735944
105.040000	0.003296	7037.695003
105.092000	0.003292	7024.631470
105.144000	0.003289	7011.563421
105.196000	0.003285	6998.478884
105.248000	0.003282	6985.388207
105.300000	0.003278	6972.282719
105.352000	0.003275	6959.169463
105.404000	0.003271	6946.043023
105.456000	0.003268	6932.907172
105.508000	0.003264	6919.759729
105.560000	0.003261	6906.601264
105.612000	0.003258	6893.432870
105.664000	0.003254	6880.254954
105.716000	0.003251	6867.070785
105.768000	0.003247	6853.875911
105.820000	0.003244	6840.676043
105.872000	0.003240	6827.464207
105.924000	0.003237	6814.248560
105.976000	0.003234	6801.015398
106.028000	0.003230	6787.778798
106.080000	0.003227	6774.532578
106.132000	0.003223	6761.285452
106.184000	0.003220	6748.022746
106.236000	0.003217	6734.758853
106.288000	0.003213	6721.480224
106.340000	0.003210	6708.200118
106.392000	0.003206	6694.910986
106.444000	0.003203	6681.619565
106.496000	0.003200	6668.319914
106.548000	0.003196	6655.015596
106.600000	0.003193	6641.700225
106.652000	0.003190	6628.382889
106.704000	0.003186	6615.062253
106.756000	0.003183	6601.734494
106.808000	0.003179	6588.398113
106.860000	0.003176	6575.058933
106.912000	0.003173	6561.717287
106.964000	0.003169	6548.369253
107.016000	0.003166	6535.017116
107.068000	0.003163	6521.661336
107.120000	0.003160	6508.303907
107.172000	0.003156	6494.942440
107.224000	0.003153	6481.579743
107.276000	0.003150	6468.208234
107.328000	0.003146	6454.835068
107.380000	0.003143	6441.461819
107.432000	0.003140	6428.088587
107.484000	0.003136	6414.710097
107.536000	0.003133	6401.331229
107.588000	0.003130	6387.947433
107.640000	0.003127	6374.562894
107.692000	0.003123	6361.173830
107.744000	0.003120	6347.784790
107.796000	0.003117	6334.395692
107.848000	0.003114	6321.006609
107.900000	0.003110	6307.617504
107.952000	0.003107	6294.226406
108.004000	0.003104	6280.832014
108.056000	0.003101	6267.439995
108.108000	0.003097	6254.050799
108.160000	0.003094	6240.658792
108.212000	0.003091	6227.264362
108.264000	0.003088	6213.873086
108.316000	0.003085	6200.483852
108.368000	0.003081	6187.098179
108.420000	0.003078	6173.714164
108.472000	0.003075	6160.326072
108.524000	0.003072	6146.936767
108.576000	0.003069	6133.556235
108.628000	0.003065	6120.177375
108.680000	0.003062	6106.798473
108.732000	0.003059	6093.419604
108.784000	0.003056	6080.045884
108.836000	0.003053	6066.672989
108.888000	0.003050	6053.309699
108.940000	0.003046	6039.946441
108.992000	0.003043	6026.583142
109.044000	0.003040	6013.222264
109.096000	0.003037	5999.869390
109.148000	0.003034	5986.518135
109.200000	0.003031	5973.170486
109.252000	0.003028	5959.826854
109.304000	0.003024	5946.489658
109.356000	0.003021	5933.154857
109.408000	0.003018	5919.822861
109.460000	0.003015	5906.499288
109.512000	0.003012	5893.182973
109.564000	0.003009	5879.869846
109.616000	0.003006	5866.558758
109.668000	0.003003	5853.254861
109.720000	0.003000	5839.954198
109.772000	0.002996	5826.665586
109.824000	0.002993	5813.380626
109.876000	0.002990	5800.104465
109.928000	0.002987	5786.829928
109.980000	0.002984	5773.565016
110.032000	0.002981	5760.300956
110.084000	0.002978	5747.052512
110.136000	0.002975	5733.804929
110.188000	0.002972	5720.566934
110.240000	0.002969	5707.332241
110.292000	0.002966	5694.115154
110.344000	0.002963	5680.900536
110.396000	0.002960	5667.693905
110.448000	0.002957	5654.492165
110.500000	0.002954	5641.301220
110.552000	0.002951	5628.116364
110.604000	0.002948	5614.941104
110.656000	0.002945	5601.775573
110.708000	0.002942	5588.621254
110.760000	0.002939	5575.475411
110.812000	0.002936	5562.336752
110.864000	0.002933	5549.207793
110.916000	0.002930	5536.084847
110.968000	0.002927	5522.976435
111.020000	0.002924	5509.874399
111.072000	0.002921	5496.784464
111.124000	0.002918	5483.698111
111.176000	0.002915	5470.633989
111.228000	0.002912	5457.573798
111.280000	0.002909	5444.528132
111.332000	0.002906	5431.483747
111.384000	0.002903	5418.460110
111.436000	0.002900	5405.438685
111.488000	0.002897	5392.441211
111.540000	0.002894	5379.446292
111.592000	0.002891	5366.464531
111.644000	0.002888	5353.489008
111.696000	0.002885	5340.533366
111.748000	0.002882	5327.584335
111.800000	0.002879	5314.649664
111.852000	0.002876	5301.725247
111.904000	0.002873	5288.816722
111.956000	0.002870	5275.918004
112.008000	0.002868	5263.030398
112.060000	0.002865	5250.157082
112.112000	0.002862	5237.295675
112.164000	0.002859	5224.447270
112.216000	0.002856	5211.606757
112.268000	0.002853	5198.788225
112.320000	0.002850	5185.979136
112.372000	0.002847	5173.186299
112.424000	0.002844	5160.398150
112.476000	0.002841	5147.636797
112.528000	0.002839	5134.880019
112.580000	0.002836	5122.142728
112.632000	0.002833	5109.407206
112.684000	0.002830	5096.702720
112.736000	0.002827	5084.000561
112.788000	0.002824	5071.322223
112.840000	0.002821	5058.649087
112.892000	0.002819	5046.002175
112.944000	0.002816	5033.361617
112.996000	0.002813	5020.740882
113.048000	0.002810	5008.128510
113.100000	0.002807	4995.533954
113.152000	0.002804	4982.953904
113.204000	0.002802	4970.395955
113.256000	0.002799	4957.847919
113.308000	0.002796	4945.310947
113.360000	0.002793	4932.794121
113.412000	0.002790	4920.293784
113.464000	0.002788	4907.813125
113.516000	0.002785	4895.344196
113.568000	0.002782	4882.893676
113.620000	0.002779	4870.450921
113.672000	0.002776	4858.036795
113.724000	0.002774	4845.630695
113.776000	0.002771	4833.247030
113.828000	0.002768	4820.867079
113.880000	0.002765	4808.521419
113.932000	0.002762	4796.178570
113.984000	0.002760	4783.866651
114.036000	0.002757	4771.557654
114.088000	0.002754	4759.277120
114.140000	0.002751	4747.002804
114.192000	0.002749	4734.758931
114.244000	0.002746	4722.522812
114.296000	0.002743	4710.310376
114.348000	0.002740	4698.108099
114.400000	0.002738	4685.927049
114.452000	0.002735	4673.760681
114.504000	0.002732	4661.616324
114.556000	0.002729	4649.489441
114.608000	0.002727	4637.381699
114.660000	0.002724	4625.291376
114.712000	0.002721	4613.215099
114.764000	0.002719	4601.161937
114.816000	0.002716	4589.122302
114.868000	0.002713	4577.108603
114.920000	0.002710	4565.105604
114.972000	0.002708	4553.131387
115.024000	0.002705	4541.165050
115.076000	0.002702	4529.230327
115.128000	0.002700	4517.300652
115.180000	0.002697	4505.400483
115.232000	0.002694	4493.502985
115.284000	0.002692	4481.646576
115.336000	0.002689	4469.793726
115.388000	0.002686	4457.973964
115.440000	0.002684	4446.160576
115.492000	0.002681	4434.377457
115.544000	0.002678	4422.603536
115.596000	0.002676	4410.857116
115.648000	0.002673	4399.122703
115.700000	0.002670	4387.412929
115.752000	0.002668	4375.720106
115.804000	0.002665	4364.052260
115.856000	0.002662	4352.402051
115.908000	0.002660	4340.770852
115.960000	0.002657	4329.160117
116.012000	0.002655	4317.565593
116.064000	0.002652	4305.997675
116.116000	0.002649	4294.445055
116.168000	0.002647	4282.918538
116.220000	0.002644	4271.402586
116.272000	0.002641	4259.919704
116.324000	0.002639	4248.445648
116.376000	0.002636	4237.003379
116.428000	0.002634	4225.566019
116.480000	0.002631	4214.168180
116.532000	0.002628	4202.773515
116.584000	0.002626	4191.414635
116.636000	0.002623	4180.059989
116.688000	0.002621	4168.743039
116.740000	0.002618	4157.433547
116.792000	0.002616	4146.158503
116.844000	0.002613	4134.892809
116.896000	0.002610	4123.654445
116.948000	0.002608	4112.431714
117.000000	0.002605	4101.240486
117.052000	0.002603	4090.064241
117.104000	0.002600	4078.909695
117.156000	0.002598	4067.775497
117.208000	0.002595	4056.662887
117.260000	0.002593	4045.573836
117.312000	0.002590	4034.503136
117.364000	0.002587	4023.455881
117.416000	0.002585	4012.421890
117.468000	0.002582	4001.421660
117.520000	0.002580	3990.434800
117.572000	0.002577	3979.477029
117.624000	0.002575	3968.526846
117.676000	0.002572	3957.617723
117.728000	0.002570	3946.714697
117.780000	0.002567	3935.851391
117.832000	0.002565	3924.991248
117.884000	0.002562	3914.166740
117.936000	0.002560	3903.347188
117.988000	0.002557	3892.569870
118.040000	0.002555	3881.800189
118.092000	0.002552	3871.064762
118.144000	0.002550	3860.338846
118.196000	0.002547	3849.640160
118.248000	0.002545	3838.957304
118.300000	0.002542	3828.305762
118.352000	0.002540	3817.673674
118.404000	0.002537	3807.069277
118.456000	0.002535	3796.482843
118.508000	0.002532	3785.915163
118.560000	0.002530	3775.371229
118.612000	0.002527	3764.845494
118.664000	0.002525	3754.350097
118.716000	0.002523	3743.871535
118.768000	0.002520	3733.423157
118.820000	0.002518	3722.986507
118.872000	0.002515	3712.583295
118.924000	0.002513	3702.188583
118.976000	0.002510	3691.830549
119.028000	0.002508	3681.477776
119.080000	0.002505	3671.169906
119.132000	0.002503	3660.865591
119.184000	0.002501	3650.601829
119.236000	0.002498	3640.342658
119.288000	0.002496	3630.120843
119.340000	0.002493	3619.907814
119.392000	0.002491	3609.733203
119.444000	0.002488	3599.568253
119.496000	0.002486	3589.430341
119.548000	0.002484	3579.310239
119.600000	0.002481	3569.224733
119.652000	0.002479	3559.154527
119.704000	0.002476	3549.105747
119.756000	0.002474	3539.080251
119.808000	0.002472	3529.078653
119.860000	0.002469	3519.100976
119.912000	0.002467	3509.141332
119.964000	0.002465	3499.208832
120.016000	0.002462	3489.291143
120.068000	0.002460	3479.407624
120.120000	0.002457	3469.537109
120.172000	0.002455	3459.700208
120.224000	0.002453	3449.871641
120.276000	0.002450	3440.084551
120.328000	0.002448	3430.303185
120.380000	0.002446	3420.561893
120.432000	0.002443	3410.823915
120.484000	0.002441	3401.126367
120.536000	0.002439	3391.434182
120.588000	0.002436	3381.783823
120.640000	0.002434	3372.141459
120.692000	0.002432	3362.533062
120.744000	0.002429	3352.935879
120.796000	0.002427	3343.369443
120.848000	0.002425	3333.819241
120.900000	0.002422	3324.299995
120.952000	0.002420	3314.798413
121.004000	0.002418	3305.321157
121.056000	0.002415	3295.867382
121.108000	0.002413	3286.437318
121.160000	0.002411	3277.031350
121.212000	0.002408	3267.643251
121.264000	0.002406	3258.282483
121.316000	0.002404	3248.936375
121.368000	0.002401	3239.624634
121.420000	0.002399	3230.325709
121.472000	0.002397	3221.060576
121.524000	0.002395	3211.803608
121.576000	0.002392	3202.583693
121.628000	0.002390	3193.368710
121.680000	0.002388	3184.199029
121.732000	0.002385	3175.032872
121.784000	0.002383	3165.906974
121.836000	0.002381	3156.786033
121.888000	0.002379	3147.702109
121.940000	0.002376	3138.627371
121.992000	0.002374	3129.590647
122.044000	0.002372	3120.565319
122.096000	0.002370	3111.570593
122.148000	0.002367	3102.590486
122.200000	0.002365	3093.637761
122.252000	0.002363	3084.705091
122.304000	0.002361	3075.799568
122.356000	0.002358	3066.915106
122.408000	0.002356	3058.051584
122.460000	0.002354	3049.212334
122.512000	0.002352	3040.390789
122.564000	0.002349	3031.596751
122.616000	0.002347	3022.817207
122.668000	0.002345	3014.072229
122.720000	0.002343	3005.339880
122.772000	0.002340	2996.641517
122.824000	0.002338	2987.951162
122.876000	0.002336	2979.298037
122.928000	0.002334	2970.649677
122.980000	0.002332	2962.046842
123.032000	0.002329	2953.447293
123.084000	0.002327	2944.882810
123.136000	0.002325	2936.324092
123.188000	0.002323	2927.806845
123.240000	0.002321	2919.297952
123.292000	0.002318	2910.822690
123.344000	0.002316	2902.359003
123.396000	0.002314	2893.925752
123.448000	0.002312	2885.509144
123.500000	0.002310	2877.123159
123.552000	0.002307	2868.752930
123.604000	0.002305	2860.403678
123.656000	0.002303	2852.078323
123.708000	0.002301	2843.776339
123.760000	0.002299	2835.498813
123.812000	0.002297	2827.238844
123.864000	0.002294	2819.003087
123.916000	0.002292	2810.779878
123.968000	0.002290	2802.591447
124.020000	0.002288	2794.415470
124.072000	0.002286	2786.273656
124.124000	0.002284	2778.139686
124.176000	0.002281	2770.043123
124.228000	0.002279	2761.951159
124.280000	0.002277	2753.899848
124.332000	0.002275	2745.851881
124.384000	0.002273	2737.843835
124.436000	0.002271	2729.841107
124.488000	0.002269	2721.875086
124.540000	0.002267	2713.917600
124.592000	0.002264	2705.993602
124.644000	0.002262	2698.081356
124.696000	0.002260	2690.199357
124.748000	0.002258	2682.330474
124.800000	0.002256	2674.485299
124.852000	0.002254	2666.660585
124.904000	0.002252	2658.862665
124.956000	0.002250	2651.083486
125.008000	0.002247	2643.322366
125.060000	0.002245	2635.588942
125.112000	0.002243	2627.875052
125.164000	0.002241	2620.185554
125.216000	0.002239	2612.508489
125.268000	0.002237	2604.862517
125.320000	0.002235	2597.227470
125.372000	0.002233	2589.626762
125.424000	0.002231	2582.033734
125.476000	0.002229	2574.473601
125.528000	0.002227	2566.917365
125.580000	0.002225	2559.407077
125.632000	0.002222	2551.900008
125.684000	0.002220	2544.427712
125.736000	0.002218	2536.960238
125.788000	0.002216	2529.524751
125.840000	0.002214	2522.099059
125.892000	0.002212	2514.710863
125.944000	0.002210	2507.333120
125.996000	0.002208	2499.981736
126.048000	0.002206	2492.643620
126.100000	0.002204	2485.329049
126.152000	0.002202	2478.032849
126.204000	0.002200	2470.760319
126.256000	0.002198	2463.509389
126.308000	0.002196	2456.278929
126.360000	0.002194	2449.073264
126.412000	0.002192	2441.884822
126.464000	0.002190	2434.720924
126.516000	0.002188	2427.569320
126.568000	0.002186	2420.445097
126.620000	0.002184	2413.330324
126.672000	0.002181	2406.250050
126.724000	0.002179	2399.177283
126.776000	0.002177	2392.137590
126.828000	0.002175	2385.101656
126.880000	0.002173	2378.106735
126.932000	0.002171	2371.114882
126.984000	0.002169	2364.157680
127.036000	0.002167	2357.205463
127.088000	0.002165	2350.285114
127.140000	0.002163	2343.373661
127.192000	0.002161	2336.495366
127.244000	0.002159	2329.627681
127.296000	0.002157	2322.786213
127.348000	0.002155	2315.960083
127.400000	0.002153	2309.160698
127.452000	0.002151	2302.377551
127.504000	0.002149	2295.614996
127.556000	0.002147	2288.868788
127.608000	0.002146	2282.137863
127.660000	0.002144	2275.435041
127.712000	0.002142	2268.751404
127.764000	0.002140	2262.088931
127.816000	0.002138	2255.436894
127.868000	0.002136	2248.812395
127.920000	0.002134	2242.197205
127.972000	0.002132	2235.616710
128.024000	0.002130	2229.043569
128.076000	0.002128	2222.503638
128.128000	0.002126	2215.967320
128.180000	0.002124	2209.461941
128.232000	0.002122	2202.959756
128.284000	0.002120	2196.497015
128.336000	0.002118	2190.039421
128.388000	0.002116	2183.613526
128.440000	0.002114	2177.195588
128.492000	0.002112	2170.806537
128.544000	0.002110	2164.426734
128.596000	0.002108	2158.069326
128.648000	0.002106	2151.727435
128.700000	0.002105	2145.412128
128.752000	0.002103	2139.113215
128.804000	0.002101	2132.834756
128.856000	0.002099	2126.572767
128.908000	0.002097	2120.325930
128.960000	0.002095	2114.101124
129.012000	0.002093	2107.891164
129.064000	0.002091	2101.706058
129.116000	0.002089	2095.532968
129.168000	0.002087	2089.387556
129.220000	0.002085	2083.251303
129.272000	0.002083	2077.145592
129.324000	0.002082	2071.046204
129.376000	0.002080	2064.975430
129.428000	0.002078	2058.907655
129.480000	0.002076	2052.876117
129.532000	0.002074	2046.847559
129.584000	0.002072	2040.853388
129.636000	0.002070	2034.863786
129.688000	0.002068	2028.901252
129.740000	0.002066	2022.946837
129.792000	0.002065	2017.021193
129.844000	0.002063	2011.106476
129.896000	0.002061	2005.217695
129.948000	0.002059	1999.340710
130.000000	0.002057	1993.483594
130.052000	0.002055	1987.640674
130.104000	0.002053	1981.815198
130.156000	0.002051	1976.009105
130.208000	0.002050	1970.220550
130.260000	0.002048	1964.454169
130.312000	0.002046	1958.702486
130.364000	0.002044	1952.972230
130.416000	0.002042	1947.252182
130.468000	0.002040	1941.556029
130.520000	0.002038	1935.867662
130.572000	0.002037	1930.209956
130.624000	0.002035	1924.558420
130.676000	0.002033	1918.935675
130.728000	0.002031	1913.315823
130.780000	0.002029	1907.727165
130.832000	0.002027	1902.141090
130.884000	0.002026	1896.584414
130.936000	0.002024	1891.033210
130.988000	0.002022	1885.513395
131.040000	0.002020	1880.000697
131.092000	0.002018	1874.512590
131.144000	0.002016	1869.035571
131.196000	0.002015	1863.584350
131.248000	0.002013	1858.143088
131.300000	0.002011	1852.718325
131.352000	0.002009	1847.310279
131.404000	0.002007	1841.922431
131.456000	0.002006	1836.548541
131.508000	0.002004	1831.187130
131.560000	0.002002	1825.848057
131.612000	0.002000	1820.523565
131.664000	0.001998	1815.220647
131.716000	0.001997	1809.927836
131.768000	0.001995	1804.655047
131.820000	0.001993	1799.388684
131.872000	0.001991	1794.153159
131.924000	0.001989	1788.923674
131.976000	0.001988	1783.723118
132.028000	0.001986	1778.525338
132.080000	0.001984	1773.353688
132.132000	0.001982	1768.184989
132.184000	0.001980	1763.050392
132.236000	0.001979	1757.919864
132.288000	0.001977	1752.811720
132.340000	0.001975	1747.710834
132.392000	0.001973	1742.634423
132.444000	0.001972	1737.567668
132.496000	0.001970	1732.522938
132.548000	0.001968	1727.490276
132.600000	0.001966	1722.477255
132.652000	0.001965	1717.476311
132.704000	0.001963	1712.489774
132.756000	0.001961	1707.522920
132.808000	0.001959	1702.573325
132.860000	0.001958	1697.636604
132.912000	0.001956	1692.708269
132.964000	0.001954	1687.805236
133.016000	0.001952	1682.913806
133.068000	0.001951	1678.042511
133.120000	0.001949	1673.177551
133.172000	0.001947	1668.339207
133.224000	0.001945	1663.505974
133.276000	0.001944	1658.696945
133.328000	0.001942	1653.890160
133.380000	0.001940	1649.114848
133.432000	0.001938	1644.341745
133.484000	0.001937	1639.592974
133.536000	0.001935	1634.849200
133.588000	0.001933	1630.132163
133.640000	0.001932	1625.421312
133.692000	0.001930	1620.730752
133.744000	0.001928	1616.049999
133.796000	0.001926	1611.391199
133.848000	0.001925	1606.742583
133.900000	0.001923	1602.110265
133.952000	0.001921	1597.492558
134.004000	0.001920	1592.891977
134.056000	0.001918	1588.302765
134.108000	0.001916	1583.723470
134.160000	0.001914	1579.163594
134.212000	0.001913	1574.616041
134.264000	0.001911	1570.090328
134.316000	0.001909	1565.574503
134.368000	0.001908	1561.074891
134.420000	0.001906	1556.580334
134.472000	0.001904	1552.112494
134.524000	0.001903	1547.649636
134.576000	0.001901	1543.211142
134.628000	0.001899	1538.774904
134.680000	0.001898	1534.364847
134.732000	0.001896	1529.957104
134.784000	0.001894	1525.573598
134.836000	0.001893	1521.195334
134.888000	0.001891	1516.843712
134.940000	0.001889	1512.497169
134.992000	0.001888	1508.166851
135.044000	0.001886	1503.846479
135.096000	0.001884	1499.547949
135.148000	0.001883	1495.257681
135.200000	0.001881	1490.980434
135.252000	0.001879	1486.717934
135.304000	0.001878	1482.472454
135.356000	0.001876	1478.238431
135.408000	0.001874	1474.014265
135.460000	0.001873	1469.809649
135.512000	0.001871	1465.617255
135.564000	0.001869	1461.439526
135.616000	0.001868	1457.268430
135.668000	0.001866	1453.117681
135.720000	0.001864	1448.973082
135.772000	0.001863	1444.850914
135.824000	0.001861	1440.732867
135.876000	0.001859	1436.639282
135.928000	0.001858	1432.547966
135.980000	0.001856	1428.482756
136.032000	0.001855	1424.419544
136.084000	0.001853	1420.375643
136.136000	0.001851	1416.336176
136.188000	0.001850	1412.318862
136.240000	0.001848	1408.307978
136.292000	0.001846	1404.317227
136.344000	0.001845	1400.334898
136.396000	0.001843	1396.370687
136.448000	0.001842	1392.414846
136.500000	0.001840	1388.472001
136.552000	0.001838	1384.541568
136.604000	0.001837	1380.625269
136.656000	0.001835	1376.720529
136.708000	0.001834	1372.825602
136.760000	0.001832	1368.950345
136.812000	0.001830	1365.087195
136.864000	0.001829	1361.235142
136.916000	0.001827	1357.388120
136.968000	0.001826	1353.561559
137.020000	0.001824	1349.741065
137.072000	0.001822	1345.943100
137.124000	0.001821	1342.149163
137.176000	0.001819	1338.374941
137.228000	0.001818	1334.602673
137.280000	0.001816	1330.856392
137.332000	0.001814	1327.112212
137.384000	0.001813	1323.387320
137.436000	0.001811	1319.666119
137.488000	0.001810	1315.962572
137.540000	0.001808	1312.265578
137.592000	0.001807	1308.588628
137.644000	0.001805	1304.918553
137.696000	0.001803	1301.263002
137.748000	0.001802	1297.615905
137.800000	0.001800	1293.981704
137.852000	0.001799	1290.360039
137.904000	0.001797	1286.752445
137.956000	0.001796	1283.156491
138.008000	0.001794	1279.570279
138.060000	0.001792	1275.997309
138.112000	0.001791	1272.432508
138.164000	0.001789	1268.886235
138.216000	0.001788	1265.347996
138.268000	0.001786	1261.826251
138.320000	0.001785	1258.309372
138.372000	0.001783	1254.806153
138.424000	0.001782	1251.305436
138.476000	0.001780	1247.829402
138.528000	0.001779	1244.355674
138.580000	0.001777	1240.907862
138.632000	0.001775	1237.461773
138.684000	0.001774	1234.030139
138.736000	0.001772	1230.602300
138.788000	0.001771	1227.192100
138.840000	0.001769	1223.787277
138.892000	0.001768	1220.398458
138.944000	0.001766	1217.018308
138.996000	0.001765	1213.656129
139.048000	0.001763	1210.300403
139.100000	0.001762	1206.954411
139.152000	0.001760	1203.618572
139.204000	0.001759	1200.294024
139.256000	0.001757	1196.984108
139.308000	0.001756	1193.686183
139.360000	0.001754	1190.398262
139.412000	0.001753	1187.116534
139.464000	0.001751	1183.849758
139.516000	0.001750	1180.589454
139.568000	0.001748	1177.345720
139.620000	0.001747	1174.106788
139.672000	0.001745	1170.886097
139.724000	0.001744	1167.668565
139.776000	0.001742	1164.466000
139.828000	0.001741	1161.265176
139.880000	0.001739	1158.090198
139.932000	0.001738	1154.917034
139.984000	0.001736	1151.758254
140.036000	0.001735	1148.603373
140.088000	0.001733	1145.466041
140.140000	0.001732	1142.334197
140.192000	0.001730	1139.218342
140.244000	0.001729	1136.109552
140.296000	0.001727	1133.015124
140.348000	0.001726	1129.927227
140.400000	0.001724	1126.849031
140.452000	0.001723	1123.781074
140.504000	0.001721	1120.724339
140.556000	0.001720	1117.676506
140.608000	0.001718	1114.636036
140.660000	0.001717	1111.608959
140.712000	0.001715	1108.589932
140.764000	0.001714	1105.585932
140.816000	0.001712	1102.588341
140.868000	0.001711	1099.603306
140.920000	0.001710	1096.621954
140.972000	0.001708	1093.658923
141.024000	0.001707	1090.698988
141.076000	0.001705	1087.759051
141.128000	0.001704	1084.820946
141.180000	0.001702	1081.898375
141.232000	0.001701	1078.977704
141.284000	0.001699	1076.071424
141.336000	0.001698	1073.169154
141.388000	0.001696	1070.284344
141.440000	0.001695	1067.403786
141.492000	0.001694	1064.535247
141.544000	0.001692	1061.673880
141.596000	0.001691	1058.826843
141.648000	0.001689	1055.987064
141.700000	0.001688	1053.157899
141.752000	0.001686	1050.337276
141.804000	0.001685	1047.525936
141.856000	0.001684	1044.724740
141.908000	0.001682	1041.931778
141.960000	0.001681	1039.149963
142.012000	0.001679	1036.374859
142.064000	0.001678	1033.612241
142.116000	0.001676	1030.854960
142.168000	0.001675	1028.111959
142.220000	0.001674	1025.373028
142.272000	0.001672	1022.648901
142.324000	0.001671	1019.927304
142.376000	0.001669	1017.222306
142.428000	0.001668	1014.519011
142.480000	0.001666	1011.832729
142.532000	0.001665	1009.148495
142.584000	0.001664	1006.479053
142.636000	0.001662	1003.813061
142.688000	0.001661	1001.161507
142.740000	0.001659	998.514562
142.792000	0.001658	995.880377
142.844000	0.001657	993.251879
142.896000	0.001655	990.634543
142.948000	0.001654	988.024110
143.000000	0.001652	985.423629
143.052000	0.001651	982.831521
143.104000	0.001650	980.248422
143.156000	0.001648	977.674653
143.208000	0.001647	975.108418
143.260000	0.001645	972.552730
143.312000	0.001644	970.003358
143.364000	0.001643	967.465417
143.416000	0.001641	964.932352
143.468000	0.001640	962.412379
143.520000	0.001639	959.896121
143.572000	0.001637	957.393834
143.624000	0.001636	954.893917
143.676000	0.001634	952.409213
143.728000	0.001633	949.926146
143.780000	0.001632	947.459033
143.832000	0.001630	944.993891
143.884000	0.001629	942.542081
143.936000	0.001628	940.093624
143.988000	0.001626	937.658740
144.040000	0.001625	935.227999
144.092000	0.001623	932.808424
144.144000	0.001622	930.394449
144.196000	0.001621	927.991286
144.248000	0.001619	925.594662
144.300000	0.001618	923.207342
144.352000	0.001617	920.827705
144.404000	0.001615	918.456284
144.456000	0.001614	916.093356
144.508000	0.001613	913.737265
144.560000	0.001611	911.390773
144.612000	0.001610	909.050035
144.664000	0.001609	906.720420
144.716000	0.001607	904.395523
144.768000	0.001606	902.082570
144.820000	0.001605	899.773021
144.872000	0.001603	897.476565
144.924000	0.001602	895.182318
144.976000	0.001601	892.901866
145.028000	0.001599	890.622968
145.080000	0.001598	888.358473
145.132000	0.001596	886.096043
145.184000	0.001595	883.846940
145.236000	0.001594	881.600784
145.288000	0.001593	879.366006
145.340000	0.001591	877.135464
145.392000	0.001590	874.916112
145.444000	0.001589	872.701717
145.496000	0.001587	870.496726
145.548000	0.001586	868.297909
145.600000	0.001585	866.107781
145.652000	0.001583	863.924888
145.704000	0.001582	861.749680
145.756000	0.001581	859.582126
145.808000	0.001579	857.420747
145.860000	0.001578	855.268692
145.912000	0.001577	853.122208
145.964000	0.001575	850.985771
146.016000	0.001574	848.853623
146.068000	0.001573	846.732647
146.120000	0.001571	844.614867
146.172000	0.001570	842.509331
146.224000	0.001569	840.405871
146.276000	0.001568	838.315259
146.328000	0.001566	836.226139
146.380000	0.001565	834.149909
146.432000	0.001564	832.075658
146.484000	0.001562	830.013326
146.536000	0.001561	827.954029
146.588000	0.001560	825.906093
146.640000	0.001558	823.861910
146.692000	0.001557	821.827382
146.744000	0.001556	819.797701
146.796000	0.001555	817.777057
146.848000	0.001553	815.762225
146.900000	0.001552	813.755498
146.952000	0.001551	811.755286
147.004000	0.001549	809.761987
147.056000	0.001548	807.776098
147.108000	0.001547	805.796179
147.160000	0.001546	803.824601
147.212000	0.001544	801.858055
147.264000	0.001543	799.900867
147.316000	0.001542	797.947708
147.368000	0.001541	796.004926
147.420000	0.001539	794.065134
147.472000	0.001538	792.136733
147.524000	0.001537	790.210288
147.576000	0.001535	788.295783
147.628000	0.001534	786.382738
147.680000	0.001533	784.481564
147.732000	0.001532	782.582336
147.784000	0.001530	780.694069
147.836000	0.001529	778.808718
147.888000	0.001528	776.933879
147.940000	0.001527	775.062588
147.992000	0.001525	773.200193
148.044000	0.001524	771.342359
148.096000	0.001523	769.492910
148.148000	0.001522	767.648888
148.200000	0.001520	765.812367
148.252000	0.001519	763.981885
148.304000	0.001518	762.157803
148.356000	0.001517	760.340589
148.408000	0.001515	758.528952
148.460000	0.001514	756.725381
148.512000	0.001513	754.926699
148.564000	0.001512	753.136262
148.616000	0.001510	751.349452
148.668000	0.001509	749.572216
148.720000	0.001508	747.797782
148.772000	0.001507	746.033918
148.824000	0.001505	744.271918
148.876000	0.001504	742.521407
148.928000	0.001503	740.772338
148.980000	0.001502	739.034108
149.032000	0.001501	737.297785
149.084000	0.001499	735.571528
149.136000	0.001498	733.848066
149.188000	0.001497	732.134282
149.240000	0.001496	730.423832
149.292000	0.001494	728.721537
149.344000	0.001493	727.023686
149.396000	0.001492	725.333879
149.448000	0.001491	723.648893
149.500000	0.001490	721.970563
149.552000	0.001488	720.298066
149.604000	0.001487	718.631745
149.656000	0.001486	716.971719
149.708000	0.001485	715.316865
149.760000	0.001483	713.669450
149.812000	0.001482	712.026619
149.864000	0.001481	710.391299
149.916000	0.001480	708.759358
149.968000	0.001479	707.136646
150.020000	0.001477	705.516672
150.072000	0.001476	703.906385
150.124000	0.001475	702.297863
150.176000	0.001474	700.699893
150.228000	0.001473	699.103366
150.280000	0.001471	697.517203
150.332000	0.001470	695.932907
150.384000	0.001469	694.357747
150.436000	0.001468	692.785146
150.488000	0.001467	691.220991
150.540000	0.001465	689.660249
150.592000	0.001464	688.107681
150.644000	0.001463	686.559068
150.696000	0.001462	685.017523
150.748000	0.001461	683.480634
150.800000	0.001460	681.950146
150.852000	0.001458	680.425011
150.904000	0.001457	678.905589
150.956000	0.001456	677.392215
151.008000	0.001455	675.883868
151.060000	0.001454	674.382284
151.112000	0.001452	672.884961
151.164000	0.001451	671.394829
151.216000	0.001450	669.907997
151.268000	0.001449	668.429600
151.320000	0.001448	666.953790
151.372000	0.001447	665.486776
151.424000	0.001445	664.021447
151.476000	0.001444	662.566283
151.528000	0.001443	661.112531
151.580000	0.001442	659.667622
151.632000	0.001441	658.224673
151.684000	0.001440	656.790872
151.736000	0.001438	655.359502
151.788000	0.001437	653.935824
151.840000	0.001436	652.515334
151.892000	0.001435	651.102259
151.944000	0.001434	649.693026
151.996000	0.001433	648.290590
152.048000	0.001432	646.892638
152.100000	0.001430	645.500825
152.152000	0.001429	644.113605
152.204000	0.001428	642.731406
152.256000	0.001427	641.355304
152.308000	0.001426	639.984296
152.360000	0.001425	638.619055
152.412000	0.001423	637.257638
152.464000	0.001422	635.903453
152.516000	0.001421	634.552611
152.568000	0.001420	633.208970
152.620000	0.001419	631.867693
152.672000	0.001418	630.535306
152.724000	0.001417	629.204648
152.776000	0.001415	627.882652
152.828000	0.001414	626.562101
152.880000	0.001413	625.250433
152.932000	0.001412	623.940611
152.984000	0.001411	622.638634
153.036000	0.001410	621.339174
153.088000	0.001409	620.047393
153.140000	0.001408	618.758579
153.192000	0.001406	617.476507
153.244000	0.001405	616.198157
153.296000	0.001404	614.926328
153.348000	0.001403	613.658345
153.400000	0.001402	612.395698
153.452000	0.001401	611.137973
153.504000	0.001400	609.885591
153.556000	0.001399	608.638098
153.608000	0.001397	607.394947
153.660000	0.001396	606.157949
153.712000	0.001395	604.925007
153.764000	0.001394	603.698185
153.816000	0.001393	602.474400
153.868000	0.001392	601.257861
153.920000	0.001391	600.043739
153.972000	0.001390	598.837175
154.024000	0.001389	597.632255
154.076000	0.001387	596.436059
154.128000	0.001386	595.241313
154.180000	0.001385	594.054521
154.232000	0.001384	592.869605
154.284000	0.001383	591.692095
154.336000	0.001382	590.517082
154.388000	0.001381	589.349384
154.440000	0.001380	588.184430
154.492000	0.001379	587.025561
154.544000	0.001378	585.870290
154.596000	0.001376	584.721258
154.648000	0.001375	583.575897
154.700000	0.001374	582.435667
154.752000	0.001373	581.299862
154.804000	0.001372	580.168995
154.856000	0.001371	579.043060
154.908000	0.001370	577.921570
154.960000	0.001369	576.805208
155.012000	0.001368	575.692495
155.064000	0.001367	574.585956
155.116000	0.001366	573.482536
155.168000	0.001365	572.385554
155.220000	0.001363	571.290890
155.272000	0.001362	570.203364
155.324000	0.001361	569.117493
155.376000	0.001360	568.039962
155.428000	0.001359	566.963896
155.480000	0.001358	565.894797
155.532000	0.001357	564.827678
155.584000	0.001356	563.768037
155.636000	0.001355	562.710759
155.688000	0.001354	561.660039
155.740000	0.001353	560.611987
155.792000	0.001352	559.569705
155.844000	0.001351	558.530709
155.896000	0.001349	557.497402
155.948000	0.001348	556.467830
156.000000	0.001347	555.443485
156.052000	0.001346	554.423329
156.104000	0.001345	553.407959
156.156000	0.001344	552.396925
156.208000	0.001343	551.390049
156.260000	0.001342	550.387997
156.312000	0.001341	549.389552
156.364000	0.001340	548.396923
156.416000	0.001339	547.407375
156.468000	0.001338	546.423911
156.520000	0.001337	545.442777
156.572000	0.001336	544.468361
156.624000	0.001335	543.495627
156.676000	0.001334	542.530286
156.728000	0.001333	541.566498
156.780000	0.001332	540.609724
156.832000	0.001330	539.654886
156.884000	0.001329	538.706696
156.936000	0.001328	537.760851
156.988000	0.001327	536.821232
157.040000	0.001326	535.884209
157.092000	0.001325	534.952681
157.144000	0.001324	534.024309
157.196000	0.001323	533.101382
157.248000	0.001322	532.182024
157.300000	0.001321	531.267740
157.352000	0.001320	530.357137
157.404000	0.001319	529.450963
157.456000	0.001318	528.549163
157.508000	0.001317	527.651664
157.560000	0.001316	526.758654
157.612000	0.001315	525.869203
157.664000	0.001314	524.984839
157.716000	0.001313	524.103438
157.768000	0.001312	523.227731
157.820000	0.001311	522.354366
157.872000	0.001310	521.487825
157.924000	0.001309	520.623069
157.976000	0.001308	519.765243
158.028000	0.001307	518.908996
158.080000	0.001306	518.058882
158.132000	0.001305	517.210745
158.184000	0.001304	516.368858
158.236000	0.001303	515.529304
158.288000	0.001302	514.695685
158.340000	0.001301	513.864750
158.392000	0.001300	513.039390
158.444000	0.001299	512.217071
158.496000	0.001298	511.400012
158.548000	0.001297	510.586095
158.600000	0.001296	509.776805
158.652000	0.001295	508.970964
158.704000	0.001294	508.169462
158.756000	0.001293	507.372048
158.808000	0.001292	506.578899
158.860000	0.001291	505.790280
158.912000	0.001289	505.005364
158.964000	0.001288	504.224787
159.016000	0.001287	503.447065
159.068000	0.001286	502.675112
159.120000	0.001285	501.905619
159.172000	0.001285	501.142071
159.224000	0.001284	500.380358
159.276000	0.001283	499.625107
159.328000	0.001282	498.871576
159.380000	0.001281	498.124224
159.432000	0.001280	497.378892
159.484000	0.001279	496.639482
159.536000	0.001278	495.902391
159.588000	0.001277	495.170914
159.640000	0.001276	494.442059
159.692000	0.001275	493.718560
159.744000	0.001274	492.997771
159.796000	0.001273	492.281719
159.848000	0.001272	491.568885
159.900000	0.001271	490.860849
159.952000	0.001270	490.156303
160.004000	0.001269	489.456250
160.056000	0.001268	488.759684
160.108000	0.001267	488.067189
160.160000	0.001266	487.378886
160.212000	0.001265	486.694280
160.264000	0.001264	486.014072
160.316000	0.001263	485.336871
160.368000	0.001262	484.664644
160.420000	0.001261	483.994866
160.472000	0.001260	483.331106
160.524000	0.001259	482.669310
160.576000	0.001258	482.013005
160.628000	0.001257	481.358572
160.680000	0.001256	480.710399
160.732000	0.001255	480.064297
160.784000	0.001254	479.423779
160.836000	0.001253	478.785577
160.888000	0.001252	478.152733
160.940000	0.001251	477.522440
160.992000	0.001250	476.897239
161.044000	0.001249	476.274839
161.096000	0.001248	475.657353
161.148000	0.001247	475.042660
161.200000	0.001246	474.432389
161.252000	0.001245	473.825659
161.304000	0.001244	473.223615
161.356000	0.001243	472.624752
161.408000	0.001243	472.029966
161.460000	0.001242	471.439074
161.512000	0.001241	470.851931
161.564000	0.001240	470.268809
161.616000	0.001239	469.688730
161.668000	0.001238	469.113708
161.720000	0.001237	468.541287
161.772000	0.001236	467.974031
161.824000	0.001235	467.408837
161.876000	0.001234	466.849706
161.928000	0.001233	466.292512
161.980000	0.001232	465.740747
162.032000	0.001231	465.191111
162.084000	0.001230	464.646740
162.136000	0.001229	464.104678
162.188000	0.001228	463.567669
162.240000	0.001227	463.033329
162.292000	0.001226	462.504279
162.344000	0.001225	461.977905
162.396000	0.001225	461.456289
162.448000	0.001224	460.937284
162.500000	0.001223	460.422628
162.552000	0.001222	459.911289
162.604000	0.001221	459.404636
162.656000	0.001220	458.901181
162.708000	0.001219	458.402031
162.760000	0.001218	457.906431
162.812000	0.001217	457.414624
162.864000	0.001216	456.926526
162.916000	0.001215	456.441570
162.968000	0.001214	455.961289
163.020000	0.001213	455.483701
163.072000	0.001212	455.011364
163.124000	0.001212	454.541249
163.176000	0.001211	454.076818
163.228000	0.001210	453.614453
163.280000	0.001209	453.157132
163.332000	0.001208	452.702090
163.384000	0.001207	452.252421
163.436000	0.001206	451.805066
163.488000	0.001205	451.362551
163.540000	0.001204	450.922644
163.592000	0.001203	450.487829
163.644000	0.001202	450.055579
163.696000	0.001201	449.627995
163.748000	0.001201	449.203084
163.800000	0.001200	448.782728
163.852000	0.001199	448.365462
163.904000	0.001198	447.952910
163.956000	0.001197	447.543241
164.008000	0.001196	447.137942
164.060000	0.001195	446.735878
164.112000	0.001194	446.337695
164.164000	0.001193	445.943277
164.216000	0.001192	445.552200
164.268000	0.001191	445.165896
164.320000	0.001191	444.782471
164.372000	0.001190	444.403449
164.424000	0.001189	444.026784
164.476000	0.001188	443.655882
164.528000	0.001187	443.287173
164.580000	0.001186	442.923165
164.632000	0.001185	442.561508
164.684000	0.001184	442.204942
164.736000	0.001183	441.850832
164.788000	0.001182	441.501735
164.840000	0.001182	441.155198
164.892000	0.001181	440.813623
164.944000	0.001180	440.474701
164.996000	0.001179	440.140649
165.048000	0.001178	439.809090
165.100000	0.001177	439.482065
165.152000	0.001176	439.157879
165.204000	0.001175	438.838432
165.256000	0.001174	438.521917
165.308000	0.001174	438.210069
165.360000	0.001173	437.901129
165.412000	0.001172	437.596173
165.464000	0.001171	437.295058
165.516000	0.001170	436.997515
165.568000	0.001169	436.703936
165.620000	0.001168	436.413307
165.672000	0.001167	436.127184
165.724000	0.001167	435.843604
165.776000	0.001166	435.565392
165.828000	0.001165	435.289622
165.880000	0.001164	435.019189
165.932000	0.001163	434.751091
165.984000	0.001162	434.487368
166.036000	0.001161	434.226254
166.088000	0.001160	433.970367
166.140000	0.001160	433.716987
166.192000	0.001159	433.468416
166.244000	0.001158	433.222385
166.296000	0.001157	432.981160
166.348000	0.001156	432.742513
166.400000	0.001155	432.508690
166.452000	0.001154	432.277745
166.504000	0.001153	432.051823
166.556000	0.001153	431.828214
166.608000	0.001152	431.609208
166.660000	0.001151	431.393134
166.712000	0.001150	431.181295
166.764000	0.001149	430.973399
166.816000	0.001148	430.769328
166.868000	0.001147	430.568872
166.920000	0.001147	430.371524
166.972000	0.001146	430.178838
167.024000	0.001145	429.988885
167.076000	0.001144	429.803390
167.128000	0.001143	429.620542
167.180000	0.001142	429.443160
167.232000	0.001141	429.268291
167.284000	0.001141	429.098035
167.336000	0.001140	428.930402
167.388000	0.001139	428.767798
167.440000	0.001138	428.607824
167.492000	0.001137	428.452876
167.544000	0.001136	428.300361
167.596000	0.001136	428.152632
167.648000	0.001135	428.007549
167.700000	0.001134	427.867565
167.752000	0.001133	427.729929
167.804000	0.001132	427.597200
167.856000	0.001131	427.467165
167.908000	0.001130	427.342231
167.960000	0.001130	427.219912
168.012000	0.001129	427.101972
168.064000	0.001128	426.987628
168.116000	0.001127	426.877258
168.168000	0.001126	426.770635
168.220000	0.001125	426.667367
168.272000	0.001125	426.568381
168.324000	0.001124	426.472343
168.376000	0.001123	426.381410
168.428000	0.001122	426.293223
168.480000	0.001121	426.209766
168.532000	0.001120	426.129007
168.584000	0.001120	426.053035
168.636000	0.001119	425.979707
168.688000	0.001118	425.911250
168.740000	0.001117	425.845561
168.792000	0.001116	425.785174
168.844000	0.001115	425.727096
168.896000	0.001115	425.673767
168.948000	0.001114	425.623162
169.000000	0.001113	425.577969
169.052000	0.001112	425.534882
169.104000	0.001111	425.496838
169.156000	0.001110	425.461505
169.208000	0.001110	425.431575
169.260000	0.001109	425.403957
169.312000	0.001108	425.380890
169.364000	0.001107	425.361530
169.416000	0.001106	425.346426
169.468000	0.001106	425.334687
169.520000	0.001105	425.326477
169.572000	0.001104	425.323201
169.624000	0.001103	425.323085
169.676000	0.001102	425.327268
169.728000	0.001101	425.334358
169.780000	0.001101	425.345871
169.832000	0.001100	425.360371
169.884000	0.001099	425.380263
169.936000	0.001098	425.402824
169.988000	0.001097	425.430135
170.040000	0.001097	425.460167
170.092000	0.001096	425.495427
170.144000	0.001095	425.533311
170.196000	0.001094	425.576526
170.248000	0.001093	425.622027
170.300000	0.001093	425.672760
170.352000	0.001092	425.725935
170.404000	0.001091	425.784717
170.456000	0.001090	425.845580
170.508000	0.001089	425.911835
170.560000	0.001089	425.980833
170.612000	0.001088	426.054822
170.664000	0.001087	426.131767
170.716000	0.001086	426.213047
170.768000	0.001085	426.298299
170.820000	0.001085	426.387396
170.872000	0.001084	426.480574
170.924000	0.001083	426.577129
170.976000	0.001082	426.678618
171.028000	0.001081	426.783227
171.080000	0.001081	426.892422
171.132000	0.001080	427.004590
171.184000	0.001079	427.121574
171.236000	0.001078	427.241381
171.288000	0.001077	427.366160
171.340000	0.001077	427.493793
171.392000	0.001076	427.626924
171.444000	0.001075	427.762558
171.496000	0.001074	427.903526
171.548000	0.001074	428.046850
171.600000	0.001073	428.195738
171.652000	0.001072	428.347111
171.704000	0.001071	428.504450
171.756000	0.001070	428.663564
171.808000	0.001070	428.828227
171.860000	0.001069	428.995702
171.912000	0.001068	429.168470
171.964000	0.001067	429.343864
172.016000	0.001066	429.523771
172.068000	0.001066	429.707778
172.120000	0.001065	429.895872
172.172000	0.001064	430.088178
172.224000	0.001063	430.284036
172.276000	0.001063	430.484013
172.328000	0.001062	430.687386
172.380000	0.001061	430.895990
172.432000	0.001060	431.107642
172.484000	0.001060	431.323906
172.536000	0.001059	431.543285
172.588000	0.001058	431.768235
172.640000	0.001057	431.995788
172.692000	0.001056	432.228435
172.744000	0.001056	432.463692
172.796000	0.001055	432.704615
172.848000	0.001054	432.947941
172.900000	0.001053	433.197120
172.952000	0.001053	433.448515
173.004000	0.001052	433.706007
173.056000	0.001051	433.965311
173.108000	0.001050	434.230479
173.160000	0.001050	434.498158
173.212000	0.001049	434.771287
173.264000	0.001048	435.047547
173.316000	0.001047	435.328663
173.368000	0.001046	435.613533
173.420000	0.001046	435.902661
173.472000	0.001045	436.195662
173.524000	0.001044	436.492412
173.576000	0.001043	436.793411
173.628000	0.001043	437.097997
173.680000	0.001042	437.407988
173.732000	0.001041	437.721188
173.784000	0.001040	438.039205
173.836000	0.001040	438.360179
173.888000	0.001039	438.686196
173.940000	0.001038	439.015118
173.992000	0.001037	439.349739
174.044000	0.001037	439.686808
174.096000	0.001036	440.029485
174.148000	0.001035	440.374629
174.200000	0.001034	440.725937
174.252000	0.001034	441.079491
174.304000	0.001033	441.439457
174.356000	0.001032	441.800919
174.408000	0.001031	442.168348
174.460000	0.001031	442.538355
174.512000	0.001030	442.914057
174.564000	0.001029	443.292981
174.616000	0.001028	443.676977
174.668000	0.001028	444.063900
174.720000	0.001027	444.455167
174.772000	0.001026	444.850929
174.824000	0.001026	445.250652
174.876000	0.001025	445.655278
174.928000	0.001024	446.063447
174.980000	0.001023	446.475814
175.032000	0.001023	446.891630
175.084000	0.001022	447.312828
175.136000	0.001021	447.737098
175.188000	0.001020	448.166652
175.240000	0.001020	448.598988
175.292000	0.001019	449.036842
175.344000	0.001018	449.477219
175.396000	0.001017	449.923471
175.448000	0.001017	450.372230
175.500000	0.001016	450.827397
175.552000	0.001015	451.284204
175.604000	0.001015	451.747260
175.656000	0.001014	452.212528
175.708000	0.001013	452.684303
175.760000	0.001012	453.158326
175.812000	0.001012	453.638095
175.864000	0.001011	454.120299
175.916000	0.001010	454.607553
175.968000	0.001009	455.098772
176.020000	0.001009	455.594573
176.072000	0.001008	456.094488
176.124000	0.001007	456.598419
176.176000	0.001007	457.106350
176.228000	0.001006	457.618072
176.280000	0.001005	458.135016
176.332000	0.001004	458.655278
176.384000	0.001004	459.180245
176.436000	0.001003	459.708500
176.488000	0.001002	460.242518
176.540000	0.001002	460.779187
176.592000	0.001001	461.321232
176.644000	0.001000	461.865825
176.696000	0.000999	462.416426
176.748000	0.000999	462.969280
176.800000	0.000998	463.528452
176.852000	0.000997	464.089580
176.904000	0.000997	464.657333
176.956000	0.000996	465.226622
177.008000	0.000995	465.802198
177.060000	0.000994	466.380464
177.112000	0.000994	466.964693
177.164000	0.000993	467.551411
177.216000	0.000992	468.143251
177.268000	0.000992	468.738169
177.320000	0.000991	469.337624
177.372000	0.000990	469.941778
177.424000	0.000989	470.549998
177.476000	0.000989	471.162274
177.528000	0.000988	471.778311
177.580000	0.000987	472.399199
177.632000	0.000987	473.023431
177.684000	0.000986	473.652412
177.736000	0.000985	474.284547
177.788000	0.000985	474.922138
177.840000	0.000984	475.562581
177.892000	0.000983	476.208786
177.944000	0.000982	476.857303
177.996000	0.000982	477.511592
178.048000	0.000981	478.167851
178.100000	0.000980	478.830226
178.152000	0.000980	479.494858
178.204000	0.000979	480.166354
178.256000	0.000978	480.839039
178.308000	0.000978	481.517822
178.360000	0.000977	482.199328
178.412000	0.000976	482.886756
178.464000	0.000975	483.576264
178.516000	0.000975	484.270762
178.568000	0.000974	484.969316
178.620000	0.000973	485.672444
178.672000	0.000973	486.378737
178.724000	0.000972	487.089058
178.776000	0.000971	487.803914
178.828000	0.000971	488.522481
178.880000	0.000970	489.245879
178.932000	0.000969	489.972449
178.984000	0.000969	490.703327
179.036000	0.000968	491.437463
179.088000	0.000967	492.177371
179.140000	0.000967	492.919685
179.192000	0.000966	493.667038
179.244000	0.000965	494.416893
179.296000	0.000964	495.172718
179.348000	0.000964	495.930468
179.400000	0.000963	496.694217
179.452000	0.000962	497.459558
179.504000	0.000962	498.231212
179.556000	0.000961	499.004764
179.608000	0.000960	499.784541
179.660000	0.000960	500.566255
179.712000	0.000959	501.353434
179.764000	0.000958	502.143119
179.816000	0.000958	502.937680
179.868000	0.000957	503.735307
179.920000	0.000956	504.537221
179.972000	0.000956	505.343281
180.024000	0.000955	506.153122
180.076000	0.000954	506.966429
180.128000	0.000954	507.783281
180.180000	0.000953	508.604835
180.232000	0.000952	509.429521
180.284000	0.000952	510.258765
180.336000	0.000951	511.090813
180.388000	0.000950	511.927707
180.440000	0.000950	512.767080
180.492000	0.000949	513.611587
180.544000	0.000948	514.458491
180.596000	0.000948	515.311088
180.648000	0.000947	516.165250
180.700000	0.000946	517.024856
180.752000	0.000946	517.885994
180.804000	0.000945	518.753078
180.856000	0.000944	519.622037
180.908000	0.000944	520.496798
180.960000	0.000943	521.373069
181.012000	0.000942	522.254278
181.064000	0.000942	523.138369
181.116000	0.000941	524.027028
181.168000	0.000940	524.918168
181.220000	0.000940	525.813185
181.272000	0.000939	526.711682
181.324000	0.000938	527.613694
181.376000	0.000938	528.519931
181.428000	0.000937	529.429250
181.480000	0.000936	530.342127
181.532000	0.000936	531.257861
181.584000	0.000935	532.177837
181.636000	0.000934	533.100374
181.688000	0.000934	534.027385
181.740000	0.000933	534.956668
181.792000	0.000933	535.890655
181.844000	0.000932	536.826632
181.896000	0.000931	537.767526
181.948000	0.000931	538.709855
182.000000	0.000930	539.657064
182.052000	0.000929	540.606049
182.104000	0.000929	541.560548
182.156000	0.000928	542.516150
182.208000	0.000927	543.476553
182.260000	0.000927	544.438800
182.312000	0.000926	545.405462
182.364000	0.000925	546.374440
182.416000	0.000925	547.347299
182.468000	0.000924	548.322929
182.520000	0.000923	549.301914
182.572000	0.000923	550.283591
182.624000	0.000922	551.268233
182.676000	0.000922	552.256276
182.728000	0.000921	553.247019
182.780000	0.000920	554.241345
182.832000	0.000920	555.238118
182.884000	0.000919	556.238640
182.936000	0.000918	557.241202
182.988000	0.000918	558.247304
183.040000	0.000917	559.255380
183.092000	0.000916	560.267496
183.144000	0.000916	561.281122
183.196000	0.000915	562.298636
183.248000	0.000915	563.317981
183.300000	0.000914	564.341841
183.352000	0.000913	565.366726
183.404000	0.000913	566.395785
183.456000	0.000912	567.425875
183.508000	0.000911	568.459809
183.560000	0.000911	569.495473
183.612000	0.000910	570.534649
183.664000	0.000909	571.575940
183.716000	0.000909	572.620265
183.768000	0.000908	573.666590
183.820000	0.000908	574.715461
183.872000	0.000907	575.767149
183.924000	0.000906	576.821101
183.976000	0.000906	577.877970
184.028000	0.000905	578.936739
184.080000	0.000904	579.997627
184.132000	0.000904	581.060530
184.184000	0.000903	582.126891
184.236000	0.000903	583.194814
184.288000	0.000902	584.265484
184.340000	0.000901	585.337527
184.392000	0.000901	586.412382
184.444000	0.000900	587.488683
184.496000	0.000899	588.568130
184.548000	0.000899	589.648904
184.600000	0.000898	590.732810
184.652000	0.000898	591.817617
184.704000	0.000897	592.905338
184.756000	0.000896	593.993992
184.808000	0.000896	595.085241
184.860000	0.000895	596.178051
184.912000	0.000895	597.273201
184.964000	0.000894	598.369741
185.016000	0.000893	599.468154
185.068000	0.000893	600.568663
185.120000	0.000892	601.670756
185.172000	0.000891	602.774632
185.224000	0.000891	603.879834
185.276000	0.000890	604.986834
185.328000	0.000890	606.095109
185.380000	0.000889	607.205614
185.432000	0.000888	608.317188
185.484000	0.000888	609.430531
185.536000	0.000887	610.544843
185.588000	0.000887	611.660883
185.640000	0.000886	612.778017
185.692000	0.000885	613.897125
185.744000	0.000885	615.017056
185.796000	0.000884	616.138560
185.848000	0.000884	617.260846
185.900000	0.000883	618.384594
185.952000	0.000882	619.509430
186.004000	0.000882	620.635793
186.056000	0.000881	621.762967
186.108000	0.000881	622.891209
186.160000	0.000880	624.020381
186.212000	0.000879	625.150361
186.264000	0.000879	626.281370
186.316000	0.000878	627.412945
186.368000	0.000877	628.546125
186.420000	0.000877	629.679699
186.472000	0.000876	630.814411
186.524000	0.000876	631.949380
186.576000	0.000875	633.085363
186.628000	0.000875	634.221588
186.680000	0.000874	635.358681
186.732000	0.000873	636.496020
186.784000	0.000873	637.634050
186.836000	0.000872	638.772524
186.888000	0.000872	639.911850
186.940000	0.000871	641.051498
186.992000	0.000870	642.191421
187.044000	0.000870	643.331740
187.096000	0.000869	644.472091
187.148000	0.000869	645.612933
187.200000	0.000868	646.753539
187.252000	0.000867	647.894752
187.304000	0.000867	649.035437
187.356000	0.000866	650.177164
187.408000	0.000866	651.318353
187.460000	0.000865	652.459778
187.512000	0.000864	653.600273
187.564000	0.000864	654.741824
187.616000	0.000863	655.882519
187.668000	0.000863	657.023249
187.720000	0.000862	658.162970
187.772000	0.000861	659.303592
187.824000	0.000861	660.443268
187.876000	0.000860	661.583050
187.928000	0.000860	662.722010
187.980000	0.000859	663.860764
188.032000	0.000859	664.998848
188.084000	0.000858	666.136391
188.136000	0.000857	667.273268
188.188000	0.000857	668.408893
188.240000	0.000856	669.544436
188.292000	0.000856	670.678998
188.344000	0.000855	671.813491
188.396000	0.000854	672.946283
188.448000	0.000854	674.079256
188.500000	0.000853	675.210088
188.552000	0.000853	676.341376
188.604000	0.000852	677.470057
188.656000	0.000852	678.599252
188.708000	0.000851	679.725838
188.760000	0.000850	680.852750
188.812000	0.000850	681.977076
188.864000	0.000849	683.101512
188.916000	0.000849	684.223409
188.968000	0.000848	685.345178
189.020000	0.000848	686.464491
189.072000	0.000847	687.582853
189.124000	0.000846	688.699031
189.176000	0.000846	689.814784
189.228000	0.000845	690.928585
189.280000	0.000845	692.041011
189.332000	0.000844	693.151663
189.384000	0.000844	694.260046
189.436000	0.000843	695.367127
189.488000	0.000842	696.471793
189.540000	0.000842	697.575737
189.592000	0.000841	698.677015
189.644000	0.000841	699.777492
189.696000	0.000840	700.874145
189.748000	0.000840	701.970667
189.800000	0.000839	703.063019
189.852000	0.000838	704.155663
189.904000	0.000838	705.243543
189.956000	0.000837	706.331373
190.008000	0.000837	707.414453
190.060000	0.000836	708.497918
190.112000	0.000836	709.577075
190.164000	0.000835	710.655361
190.216000	0.000835	711.729380
190.268000	0.000834	712.802577
190.320000	0.000833	713.871845
190.372000	0.000833	714.939797
190.424000	0.000832	716.004197
190.476000	0.000832	717.066653
190.528000	0.000831	718.126012
190.580000	0.000831	719.182783
190.632000	0.000830	720.236802
190.684000	0.000829	721.287168
190.736000	0.000829	722.335427
190.788000	0.000828	723.379718
190.840000	0.000828	724.422437
190.892000	0.000827	725.460460
190.944000	0.000827	726.497472
190.996000	0.000826	727.529038
191.048000	0.000826	728.559880
191.100000	0.000825	729.584269
191.152000	0.000824	730.608786
191.204000	0.000824	731.626397
191.256000	0.000823	732.644129
191.308000	0.000823	733.655289
191.360000	0.000822	734.666046
191.412000	0.000822	735.670592
191.464000	0.000821	736.673726
191.516000	0.000821	737.670971
191.568000	0.000820	738.666688
191.620000	0.000820	739.657011
191.672000	0.000819	740.644634
191.724000	0.000818	741.627490
191.776000	0.000818	742.607828
191.828000	0.000817	743.583848
191.880000	0.000817	744.555566
191.932000	0.000816	745.523709
191.984000	0.000816	746.487149
192.036000	0.000815	747.447664
192.088000	0.000815	748.402585
192.140000	0.000814	749.355272
192.192000	0.000814	750.301498
192.244000	0.000813	751.246151
192.296000	0.000812	752.183392
192.348000	0.000812	753.119882
192.400000	0.000811	754.048118
192.452000	0.000811	754.976153
192.504000	0.000810	755.895166
192.556000	0.000810	756.813937
192.608000	0.000809	757.724228
192.660000	0.000809	758.633621
192.712000	0.000808	759.535091
192.764000	0.000808	760.434853
192.816000	0.000807	761.327248
192.868000	0.000807	762.217236
192.920000	0.000806	763.100489
192.972000	0.000805	763.980507
193.024000	0.000805	764.854506
193.076000	0.000804	765.724348
193.128000	0.000804	766.588944
193.180000	0.000803	767.448444
193.232000	0.000803	768.303467
193.284000	0.000802	769.152353
193.336000	0.000802	769.997630
193.388000	0.000801	770.835896
193.440000	0.000801	771.671355
193.492000	0.000800	772.498733
193.544000	0.000800	773.324164
193.596000	0.000799	774.140491
193.648000	0.000799	774.955755
193.700000	0.000798	775.760874
193.752000	0.000797	776.565649
193.804000	0.000797	777.359589
193.856000	0.000796	778.153077
193.908000	0.000796	778.936433
193.960000	0.000795	779.718412
194.012000	0.000795	780.490948
194.064000	0.000794	781.261286
194.116000	0.000794	782.022924
194.168000	0.000793	782.781531
194.220000	0.000793	783.532223
194.272000	0.000792	784.278814
194.324000	0.000792	785.018354
194.376000	0.000791	785.752754
194.428000	0.000791	786.481038
194.480000	0.000790	787.203205
194.532000	0.000790	787.920157
194.584000	0.000789	788.629794
194.636000	0.000789	789.335221
194.688000	0.000788	790.032342
194.740000	0.000788	790.726170
194.792000	0.000787	791.410487
194.844000	0.000786	792.092549
194.896000	0.000786	792.764021
194.948000	0.000785	793.434228
195.000000	0.000785	794.092675
195.052000	0.000784	794.750655
195.104000	0.000784	795.396265
195.156000	0.000783	796.041107
195.208000	0.000783	796.674387
195.260000	0.000782	797.305970
195.312000	0.000782	797.926863
195.364000	0.000781	798.545120
195.416000	0.000781	799.153569
195.468000	0.000780	799.758288
195.520000	0.000780	800.354118
195.572000	0.000779	800.945184
195.624000	0.000779	801.528364
195.676000	0.000778	802.105639
195.728000	0.000778	802.676071
195.780000	0.000777	803.239435
195.832000	0.000777	803.797002
195.884000	0.000776	804.346289
195.936000	0.000776	804.890851
195.988000	0.000775	805.425952
196.040000	0.000775	805.957437
196.092000	0.000774	806.478291
196.144000	0.000774	806.996638
196.196000	0.000773	807.503139
196.248000	0.000773	808.008224
196.300000	0.000772	808.500218
196.352000	0.000772	808.991575
196.404000	0.000771	809.469310
196.456000	0.000771	809.946096
196.508000	0.000770	810.410229
196.560000	0.000770	810.872386
196.612000	0.000769	811.322879
196.664000	0.000769	811.770233
196.716000	0.000768	812.206905
196.768000	0.000768	812.639395
196.820000	0.000767	813.062254
196.872000	0.000767	813.479808
196.924000	0.000766	813.888831
196.976000	0.000766	814.291240
197.028000	0.000765	814.686269
197.080000	0.000765	815.073496
197.132000	0.000764	815.454500
197.184000	0.000764	815.826461
197.236000	0.000763	816.193368
197.288000	0.000763	816.549984
197.340000	0.000762	816.902703
197.392000	0.000762	817.243842
197.444000	0.000761	817.582268
197.496000	0.000761	817.907849
197.548000	0.000760	818.231950
197.600000	0.000760	818.541957
197.652000	0.000759	818.851256
197.704000	0.000759	819.146059
197.756000	0.000758	819.439716
197.808000	0.000758	819.719926
197.860000	0.000757	819.997853
197.912000	0.000757	820.263415
197.964000	0.000756	820.525551
198.016000	0.000756	820.776413
198.068000	0.000755	821.022741
198.120000	0.000755	821.258930
198.172000	0.000754	821.489312
198.224000	0.000754	821.710737
198.276000	0.000753	821.925043
198.328000	0.000753	822.131627
198.380000	0.000752	822.329905
198.432000	0.000752	822.521677
198.484000	0.000751	822.703823
198.536000	0.000751	822.880695
198.588000	0.000750	823.046655
198.640000	0.000750	823.208562
198.692000	0.000749	823.358242
198.744000	0.000749	823.505139
198.796000	0.000748	823.638544
198.848000	0.000748	823.770420
198.900000	0.000747	823.887506
198.952000	0.000747	824.003767
199.004000	0.000746	824.104966
199.056000	0.000746	824.204896
199.108000	0.000745	824.290922
199.160000	0.000745	824.374500
199.212000	0.000744	824.445323
199.264000	0.000744	824.512467
199.316000	0.000743	824.568003
199.368000	0.000743	824.618727
199.420000	0.000743	824.659038
199.472000	0.000742	824.693173
199.524000	0.000742	824.718157
199.576000	0.000741	824.735824
199.628000	0.000741	824.745580
199.680000	0.000740	824.746594
199.732000	0.000740	824.740975
199.784000	0.000739	824.725370
199.836000	0.000739	824.704422
199.888000	0.000738	824.672230
199.940000	0.000738	824.635951
199.992000	0.000737	824.587104
200.044000	0.000737	824.535448
200.096000	0.000736	824.469932
200.148000	0.000736	824.402856
200.200000	0.000735	824.320607
200.252000	0.000735	824.237547
200.304000	0.000734	824.139257
200.356000	0.000734	824.039568
200.408000	0.000733	823.925823
200.460000	0.000733	823.809440
200.512000	0.000733	823.680183
200.564000	0.000732	823.547138
200.616000	0.000732	823.402421
200.668000	0.000731	823.252721
200.720000	0.000731	823.092574
200.772000	0.000730	822.926133
200.824000	0.000730	822.750527
200.876000	0.000729	822.567394
200.928000	0.000729	822.376382
200.980000	0.000728	822.176565
201.032000	0.000728	821.970138
201.084000	0.000727	821.753591
201.136000	0.000727	821.531737
201.188000	0.000726	821.298526
201.240000	0.000726	821.061271
201.292000	0.000725	820.811361
201.344000	0.000725	820.558686
201.396000	0.000725	820.292092
201.448000	0.000724	820.024012
201.500000	0.000724	819.740753
201.552000	0.000723	819.456656
201.604000	0.000723	819.157469
201.656000	0.000722	818.856794
201.708000	0.000722	818.542223
201.760000	0.000721	818.224977
201.812000	0.000721	817.895041
201.864000	0.000720	817.561299
201.916000	0.000720	817.216076
201.968000	0.000719	816.865777
202.020000	0.000719	816.505231
202.072000	0.000719	816.138416
202.124000	0.000718	815.762627
202.176000	0.000718	815.379332
202.228000	0.000717	814.988353
202.280000	0.000717	814.588663
202.332000	0.000716	814.182521
202.384000	0.000716	813.766321
202.436000	0.000715	813.344990
202.488000	0.000715	812.912483
202.540000	0.000714	812.476090
202.592000	0.000714	812.027269
202.644000	0.000714	811.575793
202.696000	0.000713	811.110654
202.748000	0.000713	810.644140
202.800000	0.000712	810.162787
202.852000	0.000712	809.680562
202.904000	0.000711	809.183703
202.956000	0.000711	808.685349
203.008000	0.000710	808.173575
203.060000	0.000710	807.659166
203.112000	0.000709	807.132532
203.164000	0.000709	806.602082
203.216000	0.000709	806.060588
203.268000	0.000708	805.514199
203.320000	0.000708	804.957983
203.372000	0.000707	804.395635
203.424000	0.000707	803.824706
203.476000	0.000706	803.246466
203.528000	0.000706	802.660886
203.580000	0.000705	802.066819
203.632000	0.000705	801.466663
203.684000	0.000704	800.856898
203.736000	0.000704	800.242252
203.788000	0.000704	799.616808
203.840000	0.000703	798.987701
203.892000	0.000703	798.346658
203.944000	0.000702	797.703156
203.996000	0.000702	797.046589
204.048000	0.000701	796.388794
204.100000	0.000701	795.716846
204.152000	0.000700	795.044051
204.204000	0.000700	794.357426
204.256000	0.000700	793.669310
204.308000	0.000699	792.968548
204.360000	0.000699	792.265260
204.412000	0.000698	791.550486
204.464000	0.000698	790.832034
204.516000	0.000697	790.103228
204.568000	0.000697	789.369739
204.620000	0.000696	788.627067
204.672000	0.000696	787.878605
204.724000	0.000696	787.122145
204.776000	0.000695	786.358754
204.828000	0.000695	785.588568
204.880000	0.000694	784.810456
204.932000	0.000694	784.026692
204.984000	0.000693	783.233854
205.036000	0.000693	782.436518
205.088000	0.000693	781.629060
205.140000	0.000692	780.818293
205.192000	0.000692	779.996431
205.244000	0.000691	779.172337
205.296000	0.000691	778.336073
205.348000	0.000690	777.498688
205.400000	0.000690	776.648133
205.452000	0.000689	775.796862
205.504000	0.000689	774.932923
205.556000	0.000689	774.067544
205.608000	0.000688	773.190581
205.660000	0.000688	772.311240
205.712000	0.000687	771.421413
205.764000	0.000687	770.528193
205.816000	0.000686	769.625550
205.868000	0.000686	768.718621
205.920000	0.000686	767.803356
205.972000	0.000685	766.882704
206.024000	0.000685	765.954837
206.076000	0.000684	765.020697
206.128000	0.000684	764.080425
206.180000	0.000683	763.132868
206.232000	0.000683	762.180273
206.284000	0.000683	761.219487
206.336000	0.000682	760.254685
206.388000	0.000682	759.280703
206.440000	0.000681	758.303790
206.492000	0.000681	757.316849
206.544000	0.000680	756.327949
206.596000	0.000680	755.328085
206.648000	0.000680	754.327328
206.700000	0.000679	753.314784
206.752000	0.000679	752.301601
206.804000	0.000678	751.277173
206.856000	0.000678	750.251414
206.908000	0.000677	749.215408
206.960000	0.000677	748.177292
207.012000	0.000677	747.129939
207.064000	0.000676	746.079541
207.116000	0.000676	745.020869
207.168000	0.000675	743.958373
207.220000	0.000675	742.888595
207.272000	0.000674	741.814127
207.324000	0.000674	740.733376
207.376000	0.000674	739.647093
207.428000	0.000673	738.555492
207.480000	0.000673	737.457491
207.532000	0.000672	736.355162
207.584000	0.000672	735.245709
207.636000	0.000671	734.132810
207.688000	0.000671	733.011910
207.740000	0.000671	731.888547
207.792000	0.000670	730.756512
207.844000	0.000670	729.622861
207.896000	0.000669	728.479754
207.948000	0.000669	727.335902
208.000000	0.000669	726.181888
208.052000	0.000668	725.027373
208.104000	0.000668	723.863317
208.156000	0.000667	722.698170
208.208000	0.000667	721.524368
208.260000	0.000666	720.348712
208.312000	0.000666	719.165263
208.364000	0.000666	717.979258
208.416000	0.000665	716.786313
208.468000	0.000665	715.590180
208.520000	0.000664	714.387967
208.572000	0.000664	713.181803
208.624000	0.000664	711.970421
208.676000	0.000663	710.754397
208.728000	0.000663	709.533997
208.780000	0.000662	708.308296
208.832000	0.000662	707.079052
208.884000	0.000662	705.843899
208.936000	0.000661	704.605981
208.988000	0.000661	703.361509
209.040000	0.000660	702.115065
209.092000	0.000660	700.861501
209.144000	0.000659	699.606660
209.196000	0.000659	698.344084
209.248000	0.000659	697.080982
209.300000	0.000658	695.809631
209.352000	0.000658	694.537935
209.404000	0.000657	693.258598
209.456000	0.000657	691.978337
209.508000	0.000657	690.691159
209.560000	0.000656	689.402580
209.612000	0.000656	688.107832
209.664000	0.000655	686.811046
209.716000	0.000655	685.508786
209.768000	0.000655	684.204066
209.820000	0.000654	682.894582
209.872000	0.000654	681.581992
209.924000	0.000653	680.265355
209.976000	0.000653	678.945134
210.028000	0.000653	677.621552
210.080000	0.000652	676.293894
210.132000	0.000652	674.963535
210.184000	0.000651	673.628632
210.236000	0.000651	672.291664
210.288000	0.000651	670.949701
210.340000	0.000650	669.606259
210.392000	0.000650	668.257383
210.444000	0.000649	666.907637
210.496000	0.000649	665.552088
210.548000	0.000649	664.196229
210.600000	0.000648	662.834204
210.652000	0.000648	661.471928
210.704000	0.000647	660.104004
210.756000	0.000647	658.735484
210.808000	0.000647	657.361924
210.860000	0.000646	655.987369
210.912000	0.000646	654.608338
210.964000	0.000645	653.227893
211.016000	0.000645	651.843516
211.068000	0.000645	650.457414
211.120000	0.000644	649.067928
211.172000	0.000644	647.676298
211.224000	0.000643	646.281833
211.276000	0.000643	644.884913
211.328000	0.000643	643.485666
211.380000	0.000642	642.083608
211.432000	0.000642	640.679710
211.484000	0.000641	639.272703
211.536000	0.000641	637.864341
211.588000	0.000641	636.452634
211.640000	0.000640	635.040014
211.692000	0.000640	633.623801
211.744000	0.000639	632.207032
211.796000	0.000639	630.786402
211.848000	0.000639	629.365662
211.900000	0.000638	627.940912
211.952000	0.000638	626.516084
212.004000	0.000637	625.087659
212.056000	0.000637	623.658947
212.108000	0.000637	622.227072
212.160000	0.000636	620.794591
212.212000	0.000636	619.359329
212.264000	0.000635	617.923350
212.316000	0.000635	616.484981
212.368000	0.000635	615.045651
212.420000	0.000634	613.604307
212.472000	0.000634	612.161795
212.524000	0.000633	610.717646
212.576000	0.000633	609.272197
212.628000	0.000633	607.825433
212.680000	0.000632	606.377131
212.732000	0.000632	604.927848
212.784000	0.000632	603.476933
212.836000	0.000631	602.025350
212.888000	0.000631	600.572062
212.940000	0.000630	599.118329
212.992000	0.000630	597.662753
213.044000	0.000630	596.206999
213.096000	0.000629	594.749372
213.148000	0.000629	593.291815
213.200000	0.000628	591.832381
213.252000	0.000628	590.372991
213.304000	0.000628	588.911967
213.356000	0.000627	587.450931
213.408000	0.000627	585.988527
213.460000	0.000627	584.526040
213.512000	0.000626	583.062413
213.564000	0.000626	581.598609
213.616000	0.000625	580.133875
213.668000	0.000625	578.669027
213.720000	0.000625	577.203454
213.772000	0.000624	575.737620
213.824000	0.000624	574.271268
213.876000	0.000623	572.804677
213.928000	0.000623	571.337745
213.980000	0.000623	569.870575
214.032000	0.000622	568.403201
214.084000	0.000622	566.935572
214.136000	0.000622	565.467908
214.188000	0.000621	564.000101
214.240000	0.000621	562.532291
214.292000	0.000620	561.064316
214.344000	0.000620	559.596504
214.396000	0.000620	558.128692
214.448000	0.000619	556.661036
214.500000	0.000619	555.193444
214.552000	0.000619	553.726094
214.604000	0.000618	552.258939
214.656000	0.000618	550.792037
214.708000	0.000617	549.325404
214.760000	0.000617	547.859098
214.812000	0.000617	546.393128
214.864000	0.000616	544.927680
214.916000	0.000616	543.462624
214.968000	0.000616	541.998042
215.020000	0.000615	540.533905
215.072000	0.000615	539.070432
215.124000	0.000614	537.607449
215.176000	0.000614	536.145245
215.228000	0.000614	534.683539
215.280000	0.000613	533.222703
215.332000	0.000613	531.762363
215.384000	0.000613	530.303048
215.436000	0.000612	528.844228
215.488000	0.000612	527.386639
215.540000	0.000611	525.929479
215.592000	0.000611	524.473711
215.644000	0.000611	523.018306
215.696000	0.000610	521.564504
215.748000	0.000610	520.111033
215.800000	0.000610	518.659377
215.852000	0.000609	517.208077
215.904000	0.000609	515.758533
215.956000	0.000609	514.309528
216.008000	0.000608	512.862218
216.060000	0.000608	511.415644
216.112000	0.000607	509.970682
216.164000	0.000607	508.526679
216.216000	0.000607	507.084199
216.268000	0.000606	505.642945
216.320000	0.000606	504.203120
216.372000	0.000606	502.764684
216.424000	0.000605	501.327578
216.476000	0.000605	499.892093
216.528000	0.000604	498.457820
216.580000	0.000604	497.025409
216.632000	0.000604	495.594078
216.684000	0.000603	494.164875
216.736000	0.000603	492.736597
216.788000	0.000603	491.310719
216.840000	0.000602	489.885597
216.892000	0.000602	488.463167
216.944000	0.000602	487.041308
216.996000	0.000601	485.622449
217.048000	0.000601	484.204036
217.100000	0.000600	482.788868
217.152000	0.000600	481.374157
217.204000	0.000600	479.962482
217.256000	0.000599	478.551593
217.308000	0.000599	477.143563
217.360000	0.000599	475.736620
217.412000	0.000598	474.332326
217.464000	0.000598	472.929441
217.516000	0.000598	471.528990
217.568000	0.000597	470.130259
217.620000	0.000597	468.733746
217.672000	0.000597	467.339211
217.724000	0.000596	465.946695
217.776000	0.000596	464.556566
217.828000	0.000595	463.168200
217.880000	0.000595	461.782468
217.932000	0.000595	460.398269
217.984000	0.000594	459.017088
218.036000	0.000594	457.637182
218.088000	0.000594	456.260644
218.140000	0.000593	454.885085
218.192000	0.000593	453.513233
218.244000	0.000593	452.142131
218.296000	0.000592	450.775159
218.348000	0.000592	449.408656
218.400000	0.000592	448.046469
218.452000	0.000591	446.684897
218.504000	0.000591	445.327371
218.556000	0.000590	443.970793
218.608000	0.000590	442.617952
218.660000	0.000590	441.266481
218.712000	0.000589	439.918443
218.764000	0.000589	438.572172
218.816000	0.000589	437.229020
218.868000	0.000588	435.887965
218.920000	0.000588	434.549724
218.972000	0.000588	433.214003
219.024000	0.000587	431.880779
219.076000	0.000587	430.550413
219.128000	0.000587	429.222238
219.180000	0.000586	427.897354
219.232000	0.000586	426.574331
219.284000	0.000586	425.254996
219.336000	0.000585	423.937163
219.388000	0.000585	422.623394
219.440000	0.000584	421.310803
219.492000	0.000584	420.002720
219.544000	0.000584	418.695425
219.596000	0.000583	417.393034
219.648000	0.000583	416.091178
219.700000	0.000583	414.794426
219.752000	0.000582	413.498391
219.804000	0.000582	412.207106
219.856000	0.000582	410.916922
219.908000	0.000581	409.631095
219.960000	0.000581	408.346852
220.012000	0.000581	407.066587
220.064000	0.000580	405.788302
220.116000	0.000580	404.513603
220.168000	0.000580	403.241308
220.220000	0.000579	401.972229
220.272000	0.000579	400.706024
220.324000	0.000579	399.442651
220.376000	0.000578	398.182528
220.428000	0.000578	396.924867
220.480000	0.000578	395.670928
220.532000	0.000577	394.419027
220.584000	0.000577	393.171211
220.636000	0.000577	391.925074
220.688000	0.000576	390.683524
220.740000	0.000576	389.443227
220.792000	0.000575	388.207934
220.844000	0.000575	386.973516
220.896000	0.000575	385.744574
220.948000	0.000574	384.516175
221.000000	0.000574	383.293358
221.052000	0.000574	382.071334
221.104000	0.000573	380.854497
221.156000	0.000573	379.638873
221.208000	0.000573	378.427988
221.260000	0.000572	377.218784
221.312000	0.000572	376.013879
221.364000	0.000572	374.811126
221.416000	0.000571	373.612241
221.468000	0.000571	372.416012
221.520000	0.000571	371.223219
221.572000	0.000570	370.033428
221.624000	0.000570	368.846667
221.676000	0.000570	367.663444
221.728000	0.000569	366.482802
221.780000	0.000569	365.306067
221.832000	0.000569	364.131517
221.884000	0.000568	362.961395
221.936000	0.000568	361.793007
221.988000	0.000568	360.629471
222.040000	0.000567	359.467233
222.092000	0.000567	358.310299
222.144000	0.000567	357.154192
222.196000	0.000566	356.003823
222.248000	0.000566	354.854093
222.300000	0.000566	353.710231
222.352000	0.000565	352.567171
222.404000	0.000565	351.429494
222.456000	0.000565	350.293059
222.508000	0.000564	349.161529
222.560000	0.000564	348.031813
222.612000	0.000564	346.906544
222.664000	0.000563	345.783474
222.716000	0.000563	344.664382
222.768000	0.000563	343.548001
222.820000	0.000562	342.435158
222.872000	0.000562	341.325523
222.924000	0.000562	340.218963
222.976000	0.000561	339.115973
223.028000	0.000561	338.015624
223.080000	0.000561	336.919343
223.132000	0.000560	335.825235
223.184000	0.000560	334.735609
223.236000	0.000560	333.647751
223.288000	0.000559	332.564890
223.340000	0.000559	331.483299
223.392000	0.000559	330.407100
223.444000	0.000558	329.331779
223.496000	0.000558	328.262345
223.548000	0.000558	327.193452
223.600000	0.000557	326.130419
223.652000	0.000557	325.068261
223.704000	0.000557	324.011525
223.756000	0.000556	322.956065
223.808000	0.000556	321.905520
223.860000	0.000556	320.856823
223.912000	0.000555	319.812571
223.964000	0.000555	318.770498
224.016000	0.000555	317.732393
224.068000	0.000554	316.697071
224.120000	0.000554	315.665253
224.172000	0.000554	314.636571
224.224000	0.000553	313.610948
224.276000	0.000553	312.588951
224.328000	0.000553	311.569548
224.380000	0.000553	310.554175
224.432000	0.000552	309.540960
224.484000	0.000552	308.532254
224.536000	0.000552	307.525256
224.588000	0.000551	306.523204
224.640000	0.000551	305.522385
224.692000	0.000551	304.526925
224.744000	0.000550	303.532280
224.796000	0.000550	302.543451
224.848000	0.000550	301.555227
224.900000	0.000549	300.572784
224.952000	0.000549	299.591152
225.004000	0.000549	298.614801
225.056000	0.000548	297.639730
225.108000	0.000548	296.669461
225.160000	0.000548	295.700986
225.212000	0.000547	294.736837
225.264000	0.000547	293.774948
225.316000	0.000547	292.816912
225.368000	0.000546	291.861530
225.420000	0.000546	290.909548
225.472000	0.000546	289.960647
225.524000	0.000545	289.014707
225.576000	0.000545	288.072327
225.628000	0.000545	287.132465
225.680000	0.000544	286.196582
225.732000	0.000544	285.262758
225.784000	0.000544	284.333303
225.836000	0.000544	283.405464
225.888000	0.000543	282.482418
225.940000	0.000543	281.560574
225.992000	0.000543	280.643966
226.044000	0.000542	279.728096
226.096000	0.000542	278.817850
226.148000	0.000542	277.908158
226.200000	0.000541	277.004006
226.252000	0.000541	276.100704
226.304000	0.000541	275.202481
226.356000	0.000540	274.305520
226.408000	0.000540	273.413155
226.460000	0.000540	272.522547
226.512000	0.000539	271.636073
226.564000	0.000539	270.751698
226.616000	0.000539	269.871000
226.668000	0.000538	268.992922
226.720000	0.000538	268.118088
226.772000	0.000538	267.246282
226.824000	0.000538	266.377279
226.876000	0.000537	265.511667
226.928000	0.000537	264.648411
226.980000	0.000537	263.788912
227.032000	0.000536	262.931396
227.084000	0.000536	262.078140
227.136000	0.000536	261.226382
227.188000	0.000535	260.379188
227.240000	0.000535	259.533123
227.292000	0.000535	258.692069
227.344000	0.000534	257.851699
227.396000	0.000534	257.016703
227.448000	0.000534	256.182238
227.500000	0.000534	255.353011
227.552000	0.000533	254.524584
227.604000	0.000533	253.700942
227.656000	0.000533	252.878524
227.708000	0.000532	252.060440
227.760000	0.000532	251.244051
227.812000	0.000532	250.431553
227.864000	0.000531	249.621122
227.916000	0.000531	248.814144
227.968000	0.000531	248.009623
228.020000	0.000530	247.208138
228.072000	0.000530	246.409494
228.124000	0.000530	245.613477
228.176000	0.000530	244.820687
228.228000	0.000529	244.030115
228.280000	0.000529	243.243143
228.332000	0.000529	242.457984
228.384000	0.000528	241.676800
228.436000	0.000528	240.897030
228.488000	0.000528	240.121603
228.540000	0.000527	239.347224
228.592000	0.000527	238.577575
228.644000	0.000527	237.808524
228.696000	0.000526	237.044522
228.748000	0.000526	236.281059
228.800000	0.000526	235.522503
228.852000	0.000526	234.764687
228.904000	0.000525	234.011321
228.956000	0.000525	233.259178
229.008000	0.000525	232.511079
229.060000	0.000524	231.764502
229.112000	0.000524	231.021535
229.164000	0.000524	230.280583
229.216000	0.000523	229.542834
229.268000	0.000523	228.807363
229.320000	0.000523	228.074716
229.372000	0.000523	227.344792
229.424000	0.000522	226.617287
229.476000	0.000522	225.892780
229.528000	0.000522	225.170324
229.580000	0.000521	224.451249
229.632000	0.000521	223.733848
229.684000	0.000521	223.020172
229.736000	0.000520	222.307823
229.788000	0.000520	221.599569
229.840000	0.000520	220.892220
229.892000	0.000520	220.189246
229.944000	0.000519	219.486812
229.996000	0.000519	218.789089
230.048000	0.000519	218.091880
230.100000	0.000518	217.399214
230.152000	0.000518	216.707297
230.204000	0.000518	216.019502
230.256000	0.000517	215.332783
230.308000	0.000517	214.649779
230.360000	0.000517	213.968311
230.412000	0.000517	213.290175
230.464000	0.000516	212.613834
230.516000	0.000516	211.940444
230.568000	0.000516	211.269236
230.620000	0.000515	210.600617
230.672000	0.000515	209.934505
230.724000	0.000515	209.270613
230.776000	0.000514	208.609515
230.828000	0.000514	207.950296
230.880000	0.000514	207.294228
230.932000	0.000514	206.639712
230.984000	0.000513	205.988695
231.036000	0.000513	205.338818
231.088000	0.000513	204.692659
231.140000	0.000512	204.047379
231.192000	0.000512	203.406202
231.244000	0.000512	202.765510
231.296000	0.000512	202.129180
231.348000	0.000511	201.493336
231.400000	0.000511	200.861662
231.452000	0.000511	200.230624
231.504000	0.000510	199.603339
231.556000	0.000510	198.977163
231.608000	0.000510	198.354404
231.660000	0.000510	197.732991
231.712000	0.000509	197.114617
231.764000	0.000509	196.497972
231.816000	0.000509	195.884024
231.868000	0.000508	195.272109
231.920000	0.000508	194.662549
231.972000	0.000508	194.055276
232.024000	0.000507	193.450038
232.076000	0.000507	192.847424
232.128000	0.000507	192.246508
232.180000	0.000507	191.648473
232.232000	0.000506	191.051831
232.284000	0.000506	190.458391
232.336000	0.000506	189.866030
232.388000	0.000505	189.277152
232.440000	0.000505	188.689016
232.492000	0.000505	188.104618
232.544000	0.000505	187.520684
232.596000	0.000504	186.940782
232.648000	0.000504	186.361303
232.700000	0.000504	185.785612
232.752000	0.000503	185.210566
232.804000	0.000503	184.638950
232.856000	0.000503	184.068332
232.908000	0.000503	183.500816
232.960000	0.000502	182.934560
233.012000	0.000502	182.371069
233.064000	0.000502	181.809184
233.116000	0.000501	181.249744
233.168000	0.000501	180.692142
233.220000	0.000501	180.136685
233.272000	0.000501	179.583384
233.324000	0.000500	179.031929
233.376000	0.000500	178.482895
233.428000	0.000500	177.935381
233.480000	0.000499	177.390480
233.532000	0.000499	176.846863
233.584000	0.000499	176.306222
233.636000	0.000499	175.766534
233.688000	0.000498	175.230017
233.740000	0.000498	174.694166
233.792000	0.000498	174.161737
233.844000	0.000497	173.629728
233.896000	0.000497	173.101414
233.948000	0.000497	172.573456
234.000000	0.000497	172.048922
234.052000	0.000496	171.525040
234.104000	0.000496	171.004281
234.156000	0.000496	170.484413
234.208000	0.000496	169.967349
234.260000	0.000495	169.451502
234.312000	0.000495	168.938159
234.364000	0.000495	168.426254
234.416000	0.000494	167.916561
234.468000	0.000494	167.408562
234.520000	0.000494	166.902503
234.572000	0.000494	166.398429
234.624000	0.000493	165.896012
234.676000	0.000493	165.395783
234.728000	0.000493	164.896956
234.780000	0.000492	164.400589
234.832000	0.000492	163.905342
234.884000	0.000492	163.412761
234.936000	0.000492	162.921037
234.988000	0.000491	162.432212
235.040000	0.000491	161.944012
235.092000	0.000491	161.458961
235.144000	0.000491	160.974254
235.196000	0.000490	160.492901
235.248000	0.000490	160.011879
235.300000	0.000490	159.533952
235.352000	0.000489	159.056641
235.404000	0.000489	158.582152
235.456000	0.000489	158.108497
235.508000	0.000489	157.637371
235.560000	0.000488	157.167329
235.612000	0.000488	156.699543
235.664000	0.000488	156.233136
235.716000	0.000487	155.768716
235.768000	0.000487	155.305807
235.820000	0.000487	154.844656
235.872000	0.000487	154.385370
235.924000	0.000486	153.927561
235.976000	0.000486	153.471716
236.028000	0.000486	153.017136
236.080000	0.000486	152.564810
236.132000	0.000485	152.113489
236.184000	0.000485	151.664598
236.236000	0.000485	151.216475
236.288000	0.000484	150.770996
236.340000	0.000484	150.326051
236.392000	0.000484	149.883953
236.444000	0.000484	149.442193
236.496000	0.000483	149.003503
236.548000	0.000483	148.565120
236.600000	0.000483	148.129528
236.652000	0.000483	147.694480
236.704000	0.000482	147.261965
236.756000	0.000482	146.830223
236.808000	0.000482	146.400759
236.860000	0.000482	145.972346
236.912000	0.000481	145.545964
236.964000	0.000481	145.120752
237.016000	0.000481	144.697338
237.068000	0.000480	144.275400
237.120000	0.000480	143.855026
237.172000	0.000480	143.436279
237.224000	0.000480	143.018872
237.276000	0.000479	142.603294
237.328000	0.000479	142.188853
237.380000	0.000479	141.776473
237.432000	0.000479	141.364971
237.484000	0.000478	140.955651
237.536000	0.000478	140.547019
237.588000	0.000478	140.140791
237.640000	0.000477	139.735070
237.692000	0.000477	139.331962
237.744000	0.000477	138.929134
237.796000	0.000477	138.529057
237.848000	0.000476	138.129276
237.900000	0.000476	137.732006
237.952000	0.000476	137.335246
238.004000	0.000476	136.940763
238.056000	0.000475	136.547001
238.108000	0.000475	136.155287
238.160000	0.000475	135.764496
238.212000	0.000475	135.375526
238.264000	0.000474	134.987683
238.316000	0.000474	134.601452
238.368000	0.000474	134.216578
238.420000	0.000473	133.833096
238.472000	0.000473	133.451062
238.524000	0.000473	133.070242
238.576000	0.000473	132.691132
238.628000	0.000472	132.313005
238.680000	0.000472	131.936685
238.732000	0.000472	131.561195
238.784000	0.000472	131.187751
238.836000	0.000471	130.814897
238.888000	0.000471	130.444198
238.940000	0.000471	130.073956
238.992000	0.000471	129.706088
239.044000	0.000470	129.338447
239.096000	0.000470	128.973261
239.148000	0.000470	128.608397
239.200000	0.000470	128.245807
239.252000	0.000469	127.883654
239.304000	0.000469	127.523537
239.356000	0.000469	127.164132
239.408000	0.000469	126.806570
239.460000	0.000468	126.449865
239.512000	0.000468	126.094792
239.564000	0.000468	125.740699
239.616000	0.000467	125.388054
239.668000	0.000467	125.036655
239.720000	0.000467	124.686505
239.772000	0.000467	124.337673
239.824000	0.000466	123.989917
239.876000	0.000466	123.643682
239.928000	0.000466	123.298362
239.980000	0.000466	122.954755
240.032000	0.000465	122.611849
240.084000	0.000465	122.270746
240.136000	0.000465	121.930193
240.188000	0.000465	121.591621
240.240000	0.000464	121.253432
240.292000	0.000464	120.917375
240.344000	0.000464	120.581558
240.396000	0.000464	120.247964
240.448000	0.000463	119.914646
240.500000	0.000463	119.583357
240.552000	0.000463	119.252516
240.604000	0.000463	118.923512
240.656000	0.000462	118.595128
240.708000	0.000462	118.268391
240.760000	0.000462	117.942394
240.812000	0.000462	117.617860
240.864000	0.000461	117.294327
240.916000	0.000461	116.972078
240.968000	0.000461	116.650882
241.020000	0.000461	116.330811
241.072000	0.000460	116.011984
241.124000	0.000460	115.694135
241.176000	0.000460	115.377710
241.228000	0.000460	115.062054
241.280000	0.000459	114.747857
241.332000	0.000459	114.434330
241.384000	0.000459	114.122495
241.436000	0.000459	113.811155
241.488000	0.000458	113.501615
241.540000	0.000458	113.192386
241.592000	0.000458	112.885065
241.644000	0.000458	112.578005
241.696000	0.000457	112.272962
241.748000	0.000457	111.968144
241.800000	0.000457	111.665134
241.852000	0.000457	111.362502
241.904000	0.000456	111.061508
241.956000	0.000456	110.761135
242.008000	0.000456	110.462243
242.060000	0.000456	110.164084
242.112000	0.000455	109.867234
242.164000	0.000455	109.571207
242.216000	0.000455	109.276337
242.268000	0.000455	108.982473
242.320000	0.000454	108.689618
242.372000	0.000454	108.397898
242.424000	0.000454	108.107028
242.476000	0.000454	107.817383
242.528000	0.000453	107.528477
242.580000	0.000453	107.240994
242.632000	0.000453	106.954069
242.684000	0.000453	106.668627
242.736000	0.000452	106.383600
242.788000	0.000452	106.100181
242.840000	0.000452	105.817100
242.892000	0.000452	105.535794
242.944000	0.000451	105.254662
242.996000	0.000451	104.975306
243.048000	0.000451	104.696203
243.100000	0.000451	104.418735
243.152000	0.000450	104.141663
243.204000	0.000450	103.866069
243.256000	0.000450	103.591012
243.308000	0.000450	103.317278
243.360000	0.000449	103.044171
243.412000	0.000449	102.772237
243.464000	0.000449	102.501103
243.516000	0.000449	102.231000
243.568000	0.000448	101.961773
243.620000	0.000448	101.693449
243.672000	0.000448	101.426164
243.724000	0.000448	101.159654
243.776000	0.000447	100.894298
243.828000	0.000447	100.629587
243.880000	0.000447	100.366139
243.932000	0.000447	100.103190
243.984000	0.000446	99.841585
244.036000	0.000446	99.580377
244.088000	0.000446	99.320652
244.140000	0.000446	99.061205
244.192000	0.000445	98.803347
244.244000	0.000445	98.545650
244.296000	0.000445	98.289548
244.348000	0.000445	98.033688
244.400000	0.000444	97.779297
244.452000	0.000444	97.525235
244.504000	0.000444	97.272490
244.556000	0.000444	97.020292
244.608000	0.000443	96.769285
244.660000	0.000443	96.518805
244.712000	0.000443	96.269377
244.764000	0.000443	96.020736
244.816000	0.000442	95.773017
244.868000	0.000442	95.526098
244.920000	0.000442	95.279990
244.972000	0.000442	95.034832
245.024000	0.000442	94.790353
245.076000	0.000441	94.546888
245.128000	0.000441	94.304004
245.180000	0.000441	94.062272
245.232000	0.000441	93.820984
245.284000	0.000440	93.580918
245.336000	0.000440	93.341209
245.388000	0.000440	93.102847
245.440000	0.000440	92.864733
245.492000	0.000439	92.628059
245.544000	0.000439	92.391536
245.596000	0.000439	92.156448
245.648000	0.000439	91.921554
245.700000	0.000438	91.687966
245.752000	0.000438	91.454772
245.804000	0.000438	91.222777
245.856000	0.000438	90.991201
245.908000	0.000437	90.760681
245.960000	0.000437	90.530694
246.012000	0.000437	90.301649
246.064000	0.000437	90.073283
246.116000	0.000437	89.845744
246.168000	0.000436	89.618939
246.220000	0.000436	89.392861
246.272000	0.000436	89.167650
246.324000	0.000436	88.943063
246.376000	0.000435	88.719437
246.428000	0.000435	88.496314
246.480000	0.000435	88.274210
246.532000	0.000435	88.052504
246.584000	0.000434	87.831904
246.636000	0.000434	87.611654
246.688000	0.000434	87.392654
246.740000	0.000434	87.173818
246.792000	0.000433	86.956248
246.844000	0.000433	86.738851
246.896000	0.000433	86.522761
246.948000	0.000433	86.306893
247.000000	0.000433	86.092210
247.052000	0.000432	85.877817
247.104000	0.000432	85.664485
247.156000	0.000432	85.451542
247.208000	0.000432	85.239548
247.260000	0.000431	85.028091
247.312000	0.000431	84.817480
247.364000	0.000431	84.607501
247.416000	0.000431	84.398263
247.468000	0.000430	84.189692
247.520000	0.000430	83.981764
247.572000	0.000430	83.774592
247.624000	0.000430	83.567980
247.676000	0.000429	83.362247
247.728000	0.000429	83.156965
247.780000	0.000429	82.952608
247.832000	0.000429	82.748632
247.884000	0.000429	82.545692
247.936000	0.000428	82.343017
247.988000	0.000428	82.141431
248.040000	0.000428	81.940051
248.092000	0.000428	81.739860
248.144000	0.000427	81.539797
248.196000	0.000427	81.340892
248.248000	0.000427	81.142164
248.300000	0.000427	80.944492
248.352000	0.000426	80.747131
248.404000	0.000426	80.550731
248.456000	0.000426	80.354738
248.508000	0.000426	80.159603
248.560000	0.000426	79.964867
248.612000	0.000425	79.770889
248.664000	0.000425	79.577493
248.716000	0.000425	79.384770
248.768000	0.000425	79.192705
248.820000	0.000424	79.001217
248.872000	0.000424	78.810419
248.924000	0.000424	78.620111
248.976000	0.000424	78.430569
249.028000	0.000424	78.241451
249.080000	0.000423	78.053211
249.132000	0.000423	77.865290
249.184000	0.000423	77.678285
249.236000	0.000423	77.491517
249.288000	0.000422	77.305740
249.340000	0.000422	77.120150
249.392000	0.000422	76.935643
249.444000	0.000422	76.751255
249.496000	0.000421	76.567912
249.548000	0.000421	76.384775
249.600000	0.000421	76.202601
249.652000	0.000421	76.020633
249.704000	0.000421	75.839512
249.756000	0.000420	75.658824
249.808000	0.000420	75.478911
249.860000	0.000420	75.299361
249.912000	0.000420	75.120493
249.964000	0.000419	74.942164
250.016000	0.000419	74.764432
250.068000	0.000419	74.587263
250.120000	0.000419	74.410624
250.172000	0.000419	74.234658
250.224000	0.000418	74.059131
250.276000	0.000418	73.884304
250.328000	0.000418	73.709840
250.380000	0.000418	73.536148
250.432000	0.000417	73.362742
250.484000	0.000417	73.190171
250.536000	0.000417	73.017840
250.588000	0.000417	72.846436
250.640000	0.000417	72.675172
250.692000	0.000416	72.504873
250.744000	0.000416	72.334721
250.796000	0.000416	72.165525
250.848000	0.000416	71.996451
250.900000	0.000415	71.828220
250.952000	0.000415	71.660268
251.004000	0.000415	71.493094
251.056000	0.000415	71.326280
251.108000	0.000415	71.160159
251.160000	0.000414	70.994373
251.212000	0.000414	70.829199
251.264000	0.000414	70.664527
251.316000	0.000414	70.500392
251.368000	0.000413	70.336774
251.420000	0.000413	70.173622
251.472000	0.000413	70.011047
251.524000	0.000413	69.848883
251.576000	0.000413	69.687398
251.628000	0.000412	69.526240
251.680000	0.000412	69.365784
251.732000	0.000412	69.205587
251.784000	0.000412	69.046153
251.836000	0.000411	68.886911
251.888000	0.000411	68.728490
251.940000	0.000411	68.570226
251.992000	0.000411	68.412861
252.044000	0.000411	68.255601
252.096000	0.000410	68.099190
252.148000	0.000410	67.942931
252.200000	0.000410	67.787443
252.252000	0.000410	67.632177
252.304000	0.000410	67.477607
252.356000	0.000409	67.323373
252.408000	0.000409	67.169762
252.460000	0.000409	67.016512
252.512000	0.000409	66.863812
252.564000	0.000408	66.711527
252.616000	0.000408	66.559725
252.668000	0.000408	66.408399
252.720000	0.000408	66.257492
252.772000	0.000408	66.107115
252.824000	0.000407	65.957111
252.876000	0.000407	65.807734
252.928000	0.000407	65.658650
252.980000	0.000407	65.510207
253.032000	0.000406	65.361998
253.084000	0.000406	65.214485
253.136000	0.000406	65.067146
253.188000	0.000406	64.920556
253.240000	0.000406	64.774080
253.292000	0.000405	64.628403
253.344000	0.000405	64.482862
253.396000	0.000405	64.338104
253.448000	0.000405	64.193491
253.500000	0.000405	64.049575
253.552000	0.000404	63.905867
253.604000	0.000404	63.762787
253.656000	0.000404	63.619978
253.708000	0.000404	63.477727
253.760000	0.000403	63.335808
253.812000	0.000403	63.194387
253.864000	0.000403	63.053401
253.916000	0.000403	62.912842
253.968000	0.000403	62.772678
254.020000	0.000402	62.632904
254.072000	0.000402	62.493659
254.124000	0.000402	62.354736
254.176000	0.000402	62.216350
254.228000	0.000402	62.078230
254.280000	0.000401	61.940699
254.332000	0.000401	61.803379
254.384000	0.000401	61.666696
254.436000	0.000401	61.530169
254.488000	0.000401	61.394325
254.540000	0.000400	61.258619
254.592000	0.000400	61.123666
254.644000	0.000400	60.988768
254.696000	0.000400	60.854547
254.748000	0.000399	60.720504
254.800000	0.000399	60.587102
254.852000	0.000399	60.453898
254.904000	0.000399	60.321261
254.956000	0.000399	60.188876
255.008000	0.000398	60.056995
255.060000	0.000398	59.925424
255.112000	0.000398	59.794299
255.164000	0.000398	59.663532
255.216000	0.000398	59.533159
255.268000	0.000397	59.403188
255.320000	0.000397	59.273570
255.372000	0.000397	59.144444
255.424000	0.000397	59.015592
255.476000	0.000397	58.887199
255.528000	0.000396	58.759068
255.580000	0.000396	58.631508
255.632000	0.000396	58.504139
255.684000	0.000396	58.377352
255.736000	0.000396	58.250679
255.788000	0.000395	58.124609
255.840000	0.000395	57.998666
255.892000	0.000395	57.873411
255.944000	0.000395	57.748244
255.996000	0.000394	57.623704
256.048000	0.000394	57.499297
256.100000	0.000394	57.375460
256.152000	0.000394	57.251808
256.204000	0.000394	57.128669
256.256000	0.000393	57.005768
256.308000	0.000393	56.883323
256.360000	0.000393	56.761164
256.412000	0.000393	56.639413
256.464000	0.000393	56.518042
256.516000	0.000392	56.397018
256.568000	0.000392	56.276324
256.620000	0.000392	56.155940
256.672000	0.000392	56.035968
256.724000	0.000392	55.916277
256.776000	0.000391	55.797077
256.828000	0.000391	55.678075
256.880000	0.000391	55.559538
256.932000	0.000391	55.441198
256.984000	0.000391	55.323419
257.036000	0.000390	55.205742
257.088000	0.000390	55.088618
257.140000	0.000390	54.971612
257.192000	0.000390	54.855236
257.244000	0.000390	54.738906
257.296000	0.000389	54.623129
257.348000	0.000389	54.507521
257.400000	0.000389	54.392440
257.452000	0.000389	54.277536
257.504000	0.000389	54.163095
257.556000	0.000388	54.048829
257.608000	0.000388	53.934972
257.660000	0.000388	53.821435
257.712000	0.000388	53.708262
257.764000	0.000388	53.595398
257.816000	0.000387	53.482848
257.868000	0.000387	53.370601
257.920000	0.000387	53.258646
257.972000	0.000387	53.147112
258.024000	0.000387	53.035818
258.076000	0.000386	52.924943
258.128000	0.000386	52.814267
258.180000	0.000386	52.704045
258.232000	0.000386	52.593957
258.284000	0.000386	52.484335
258.336000	0.000385	52.374860
258.388000	0.000385	52.265933
258.440000	0.000385	52.157085
258.492000	0.000385	52.048797
258.544000	0.000385	51.940553
258.596000	0.000384	51.832813
258.648000	0.000384	51.725235
258.700000	0.000384	51.618135
258.752000	0.000384	51.511200
258.804000	0.000384	51.404685
258.856000	0.000383	51.298334
258.908000	0.000383	51.192354
258.960000	0.000383	51.086676
259.012000	0.000383	50.981323
259.064000	0.000383	50.876208
259.116000	0.000382	50.771395
259.168000	0.000382	50.666946
259.220000	0.000382	50.562738
259.272000	0.000382	50.458847
259.324000	0.000382	50.355189
259.376000	0.000381	50.251955
259.428000	0.000381	50.148880
259.480000	0.000381	50.046192
259.532000	0.000381	49.943674
259.584000	0.000381	49.841636
259.636000	0.000380	49.739676
259.688000	0.000380	49.638175
259.740000	0.000380	49.536750
259.792000	0.000380	49.435841
259.844000	0.000380	49.335005
259.896000	0.000379	49.234639
259.948000	0.000379	49.134391
